ts,date,jcd,rno,closed_at,strat,combo,P,odds,market_p,EV,stake,status,payout,ret,hit,model_buy
2026-09-02 10:46:35,20260902,17,1,10:56,,SKIP,,,,,0,skip,,,,
2026-09-02 10:46:35,20260902,18,6,10:59,,SKIP,,,,,0,skip,,,,
2026-09-02 10:52:03,20260902,8,2,11:04,,SKIP,,,,,0,skip,,,,
2026-09-02 11:02:21,20260902,13,2,11:13,,SKIP,,,,,0,skip,,,,
2026-09-02 11:05:09,20260902,21,7,11:16,,SKIP,,,,,0,skip,,,,
2026-09-02 11:07:58,20260902,16,1,11:19,,SKIP,,,,,0,skip,,,,
2026-09-02 11:10:45,20260902,17,2,11:23,,SKIP,,,,,0,skip,,,,
2026-09-02 11:13:35,20260902,6,1,11:24,,SKIP,,,,,0,skip,,,,
2026-09-02 11:16:24,20260902,5,1,11:29,,SKIP,,,,,0,skip,,,,
2026-09-02 11:19:14,20260902,18,7,11:32,,SKIP,,,,,0,skip,,,,
2026-09-02 11:22:01,20260902,8,3,11:34,,SKIP,,,,,0,skip,,,,
2026-09-02 11:29:49,20260902,13,3,11:41,,SKIP,,,,,0,skip,,,,
2026-09-02 11:32:38,20260902,22,1,11:43,,SKIP,,,,,0,skip,,,,
2026-09-02 11:35:37,20260902,16,2,11:46,,SKIP,,,,,0,skip,,,,
2026-09-02 11:35:37,20260902,21,8,11:48,,SKIP,,,,,0,skip,,,,
2026-09-02 11:38:38,20260902,6,2,11:50,,SKIP,,,,,0,skip,,,,
2026-09-02 11:46:27,20260902,17,3,11:58,,SKIP,,,,,0,skip,,,,
2026-09-02 11:49:17,20260902,5,2,12:00,,SKIP,,,,,0,skip,,,,
2026-09-02 11:52:04,20260902,8,4,12:03,,SKIP,,,,,0,skip,,,,
2026-09-02 11:54:53,20260902,18,8,12:06,,SKIP,,,,,0,skip,,,,
2026-09-02 11:57:42,20260902,13,4,12:09,,SKIP,,,,,0,skip,,,,
2026-09-02 12:00:30,20260902,22,2,12:11,,SKIP,,,,,0,skip,,,,
2026-09-02 12:03:18,20260902,16,3,12:16,,SKIP,,,,,0,skip,,,,
2026-09-02 12:08:35,20260902,6,3,12:20,,SKIP,,,,,0,skip,,,,
2026-09-02 12:11:24,20260902,21,9,12:23,,SKIP,,,,,0,skip,,,,
2026-09-02 12:15:21,20260902,5,3,12:27,,SKIP,,,,,0,skip,,,,0
2026-09-02 12:15:21,20260902,17,4,12:26,,SKIP,,,,,0,skip,,,,0
2026-09-02 12:18:18,20260902,8,5,12:30,,SKIP,,,,,0,skip,,,,0
2026-09-02 12:26:07,20260902,13,5,12:37,,1-4,0.0094,48.7,0.0205,0.46,100,settled,0,0.0,0,0
2026-09-02 12:26:07,20260902,13,5,12:37,,1-5,0.0447,22.5,0.0444,1.006,100,settled,0,0.0,0,0
2026-09-02 12:28:55,20260902,18,9,12:40,,SKIP,,,,,0,skip,,,,0
2026-09-02 12:31:44,20260902,22,3,12:44,,SKIP,,,,,0,skip,,,,0
2026-09-02 12:37:08,20260902,6,4,12:48,pos,1-4,0.1301,11.4,0.0877,1.483,100,settled,0,0.0,0,0
2026-09-02 12:37:08,20260902,6,4,12:48,pos,1-5,0.0543,30.1,0.0332,1.635,100,settled,0,0.0,0,1
2026-09-02 12:42:28,20260902,16,4,12:54,,SKIP,,,,,0,skip,,,,0
2026-09-02 12:45:17,20260902,21,10,12:57,pos,1-4,0.091,15.2,0.0658,1.384,100,settled,0,0.0,0,0
2026-09-02 12:45:17,20260902,21,10,12:57,pos,1-5,0.0237,25.7,0.0389,0.609,100,settled,0,0.0,0,0
2026-09-02 12:48:04,20260902,5,4,13:00,,SKIP,,,,,0,skip,,,,0
2026-09-02 12:50:54,20260902,8,6,13:03,,SKIP,,,,,0,skip,,,,0
2026-09-02 12:53:40,20260902,13,6,13:05,pos,1-4,0.3717,2.5,0.4,0.929,100,settled,0,0.0,0,0
2026-09-02 12:53:40,20260902,13,6,13:05,pos,1-5,0.1095,10.4,0.0962,1.139,100,settled,0,0.0,0,0
2026-09-02 12:56:30,20260902,17,5,13:08,,SKIP,,,,,0,skip,,,,0
2026-09-02 12:59:30,20260902,18,10,13:12,,SKIP,,,,,0,skip,,,,0
2026-09-02 12:59:30,20260902,22,4,13:10,,SKIP,,,,,0,skip,,,,0
2026-09-02 13:04:38,20260902,6,5,13:16,,SKIP,,,,,0,skip,,,,0
2026-09-02 13:12:29,20260902,16,5,13:25,,SKIP,,,,,0,skip,,,,0
2026-09-02 13:15:17,20260902,5,5,13:28,,SKIP,,,,,0,skip,,,,0
2026-09-02 13:20:02,20260902,21,11,13:31,pos,1-4,0.1405,11.5,0.087,1.616,100,settled,950,950.0,1,0
2026-09-02 13:20:02,20260902,21,11,13:31,pos,1-5,0.0515,17.6,0.0568,0.906,100,settled,0,0.0,0,0
2026-09-02 13:22:52,20260902,8,7,13:34,pos,1-4,0.0188,33.7,0.0297,0.632,100,settled,0,0.0,0,0
2026-09-02 13:22:52,20260902,8,7,13:34,pos,1-5,0.0483,12.5,0.08,0.603,100,settled,0,0.0,0,0
2026-09-02 13:25:41,20260902,17,6,13:36,,SKIP,,,,,0,skip,,,,0
2026-09-02 13:28:31,20260902,22,5,13:39,uvpx50,2-1,0.1843,6.1,0.1639,1.124,100,settled,0,0.0,0,1
2026-09-02 13:31:20,20260902,13,7,13:43,pos,1-4,0.0411,14.5,0.069,0.595,100,settled,0,0.0,0,0
2026-09-02 13:31:20,20260902,13,7,13:43,pos,1-5,0.2785,6.2,0.1613,1.727,100,settled,400,400.0,1,0
2026-09-02 13:34:09,20260902,6,6,13:45,,SKIP,,,,,0,skip,,,,0
2026-09-02 13:36:59,20260902,18,11,13:48,,SKIP,,,,,0,skip,,,,0
2026-09-02 13:44:49,20260902,16,6,13:56,,SKIP,,,,,0,skip,,,,0
2026-09-02 13:47:39,20260902,8,8,14:00,pos,1-4,0.3158,4.0,0.25,1.263,100,pending,,,,0
2026-09-02 13:47:39,20260902,8,8,14:00,pos,1-5,0.0119,154.7,0.0065,1.847,100,pending,,,,0
2026-09-02 13:50:27,20260902,5,6,14:02,,SKIP,,,,,0,skip,,,,0
2026-09-02 13:53:16,20260902,17,7,14:05,,SKIP,,,,,0,skip,,,,0
2026-09-02 13:56:04,20260902,22,6,14:07,,SKIP,,,,,0,skip,,,,0
2026-09-02 13:58:55,20260902,21,12,14:10,,SKIP,,,,,0,skip,,,,0
2026-09-02 14:01:44,20260902,13,8,14:13,,SKIP,,,,,0,skip,,,,0
2026-09-02 14:04:31,20260902,6,7,14:15,,SKIP,,,,,0,skip,,,,0
2026-09-02 14:09:49,20260902,18,12,14:22,,SKIP,,,,,0,skip,,,,0
2026-09-02 14:15:10,20260902,16,7,14:28,,SKIP,,,,,0,skip,,,,0
2026-09-02 14:20:38,20260902,5,7,14:32,,SKIP,,,,,0,skip,,,,0
2026-09-02 14:20:38,20260902,8,9,14:32,pos,1-4,0.2493,9.3,0.1075,2.319,100,settled,0,0.0,0,0
2026-09-02 14:20:38,20260902,8,9,14:32,pos,1-5,0.0285,55.0,0.0182,1.569,100,settled,0,0.0,0,0
2026-09-02 14:23:38,20260902,17,8,14:35,,SKIP,,,,,0,skip,,,,0
2026-09-02 14:31:37,20260902,13,9,14:42,,SKIP,,,,,0,skip,,,,0
2026-09-02 14:31:37,20260902,22,7,14:43,pos,1-4,0.1682,5.4,0.1852,0.908,100,settled,570,570.0,1,0
2026-09-02 14:31:37,20260902,22,7,14:43,pos,1-5,0.0281,12.0,0.0833,0.337,100,settled,0,0.0,0,0
2026-09-02 14:34:34,20260902,6,8,14:47,pos,1-4,0.4262,3.5,0.2857,1.492,100,settled,0,0.0,0,0
2026-09-02 14:34:34,20260902,6,8,14:47,pos,1-5,0.0804,23.9,0.0418,1.922,100,settled,1910,1910.0,1,1
2026-09-02 14:42:21,20260902,16,8,14:55,,SKIP,,,,,0,skip,,,,0
2026-09-02 14:47:40,20260902,8,10,14:59,,SKIP,,,,,0,skip,,,,0
2026-09-02 14:50:30,20260902,17,9,15:03,,SKIP,,,,,0,skip,,,,0
2026-09-02 14:53:20,20260902,5,8,15:05,,SKIP,,,,,0,skip,,,,0
2026-09-02 15:01:19,20260902,13,10,15:12,pos,1-4,0.2057,3.1,0.3226,0.638,100,settled,630,630.0,1,0
2026-09-02 15:01:19,20260902,13,10,15:12,pos,1-5,0.2863,5.7,0.1754,1.632,100,settled,0,0.0,0,0
2026-09-02 15:01:19,20260902,22,8,15:14,uvpx50,1-3,0.1316,4.7,0.2128,0.619,100,settled,0,0.0,0,1
2026-09-02 15:04:18,20260902,12,1,15:17,,SKIP,,,,,0,skip,,,,0
2026-09-02 15:07:07,20260902,6,9,15:18,,SKIP,,,,,0,skip,,,,0
2026-09-02 15:09:56,20260902,20,1,15:21,,SKIP,,,,,0,skip,,,,0
2026-09-02 15:12:45,20260902,19,1,15:25,,SKIP,,,,,0,skip,,,,0
2026-09-02 15:15:34,20260902,17,10,15:28,,SKIP,,,,,0,skip,,,,0
2026-09-02 15:18:21,20260902,16,9,15:31,pos,1-4,0.068,15.1,0.0662,1.026,100,settled,0,0.0,0,0
2026-09-02 15:18:21,20260902,16,9,15:31,pos,1-5,0.1997,6.1,0.1639,1.218,100,settled,0,0.0,0,0
2026-09-02 15:23:39,20260902,8,11,15:35,,SKIP,,,,,0,skip,,,,0
2026-09-02 15:26:29,20260902,5,9,15:37,,SKIP,,,,,0,skip,,,,0
2026-09-02 15:29:18,20260902,12,2,15:41,pos,1-4,0.3173,7.3,0.137,2.316,100,settled,0,0.0,0,0
2026-09-02 15:29:18,20260902,12,2,15:41,pos,1-5,0.0385,16.8,0.0595,0.646,100,settled,0,0.0,0,0
2026-09-02 15:32:08,20260902,22,9,15:44,pos,1-4,0.1734,15.0,0.0667,2.601,100,settled,0,0.0,0,0
2026-09-02 15:32:08,20260902,22,9,15:44,pos,1-5,0.1299,17.3,0.0578,2.248,100,settled,0,0.0,0,0
2026-09-02 15:34:56,20260902,20,2,15:47,,SKIP,,,,,0,skip,,,,0
2026-09-02 15:37:45,20260902,13,11,15:50,,SKIP,,,,,0,skip,,,,0
2026-09-02 15:40:34,20260902,19,2,15:52,,SKIP,,,,,0,skip,,,,0
2026-09-02 15:43:23,20260902,6,10,15:56,pos,1-4,0.0654,13.1,0.0763,0.857,100,settled,0,0.0,0,0
2026-09-02 15:43:23,20260902,6,10,15:56,pos,1-5,0.1767,10.7,0.0935,1.891,100,settled,0,0.0,0,0
2026-09-02 15:53:52,20260902,12,3,16:06,,SKIP,,,,,0,skip,,,,0
2026-09-02 15:53:52,20260902,17,11,16:05,,SKIP,,,,,0,skip,,,,0
2026-09-02 15:56:49,20260902,5,10,16:08,,SKIP,,,,,0,skip,,,,0
2026-09-02 15:59:38,20260902,16,10,16:11,,SKIP,,,,,0,skip,,,,0
2026-09-02 16:02:26,20260902,20,3,16:13,,SKIP,,,,,0,skip,,,,0
2026-09-02 16:05:23,20260902,8,12,16:17,,SKIP,,,,,0,skip,,,,0
2026-09-02 16:05:23,20260902,22,10,16:18,,SKIP,,,,,0,skip,,,,0
2026-09-02 16:08:24,20260902,19,3,16:20,,SKIP,,,,,0,skip,,,,0
2026-09-02 16:13:41,20260902,13,12,16:25,pos,1-4,0.0925,9.3,0.1075,0.86,100,settled,0,0.0,0,0
2026-09-02 16:13:41,20260902,13,12,16:25,pos,1-5,0.0924,16.3,0.0613,1.506,100,settled,0,0.0,0,0
2026-09-02 16:19:01,20260902,12,4,16:30,,SKIP,,,,,0,skip,,,,0
2026-09-02 16:21:50,20260902,6,11,16:33,,SKIP,,,,,0,skip,,,,0
2026-09-02 16:24:39,20260902,20,4,16:37,,SKIP,,,,,0,skip,,,,0
2026-09-02 16:27:25,20260902,17,12,16:40,,SKIP,,,,,0,skip,,,,0
2026-09-02 16:30:14,20260902,5,11,16:41,,SKIP,,,,,0,skip,,,,0
2026-09-02 16:33:04,20260902,19,4,16:45,,SKIP,,,,,0,skip,,,,0
2026-09-02 16:35:53,20260902,16,11,16:48,,SKIP,,,,,0,skip,,,,0
2026-09-02 16:41:13,20260902,22,11,16:53,,SKIP,,,,,0,skip,,,,0
2026-09-02 16:49:04,20260902,12,5,17:01,uvpx50,1-2,0.1498,6.7,0.1493,1.004,100,settled,0,0.0,0,1
2026-09-02 16:54:22,20260902,6,12,17:07,,SKIP,,,,,0,skip,,,,0
2026-09-02 16:57:10,20260902,20,5,17:10,pos,1-4,0.1549,3.7,0.2703,0.573,100,settled,0,0.0,0,0
2026-09-02 16:57:10,20260902,20,5,17:10,pos,1-5,0.0773,22.9,0.0437,1.769,100,settled,0,0.0,0,1
2026-09-02 17:02:29,20260902,5,12,17:15,,SKIP,,,,,0,skip,,,,0
2026-09-02 17:03:06,20260902,16,12,17:20,,SKIP,,,,,0,skip,,,,0
2026-09-02 17:03:06,20260902,19,5,17:17,pos,1-4,0.3042,5.3,0.1887,1.612,100,settled,0,0.0,0,0
2026-09-02 17:03:06,20260902,19,5,17:17,pos,1-5,0.0673,30.0,0.0333,2.02,100,settled,0,0.0,0,1
2026-09-02 17:09:15,20260902,22,12,17:25,,SKIP,,,,,0,skip,,,,0
2026-09-02 17:11:55,20260902,12,6,17:29,,SKIP,,,,,0,skip,,,,0
2026-09-02 17:17:24,20260902,20,6,17:34,,SKIP,,,,,0,skip,,,,0
2026-09-02 17:24:49,20260902,24,1,17:41,,SKIP,,,,,0,skip,,,,0
2026-09-02 17:30:08,20260902,19,6,17:48,,SKIP,,,,,0,skip,,,,0
2026-09-02 17:37:56,20260902,12,7,17:55,,SKIP,,,,,0,skip,,,,0
2026-09-02 17:45:45,20260902,20,7,18:02,pos,1-4,0.0967,8.2,0.122,0.793,100,settled,0,0.0,0,0
2026-09-02 17:45:45,20260902,20,7,18:02,pos,1-5,0.2737,8.2,0.122,2.244,100,settled,0,0.0,0,0
2026-09-02 17:51:04,20260902,24,2,18:08,,SKIP,,,,,0,skip,,,,0
2026-09-02 18:01:24,20260902,19,7,18:17,pos,1-4,0.0374,18.5,0.0541,0.691,100,settled,0,0.0,0,0
2026-09-02 18:01:24,20260902,19,7,18:17,pos,1-5,0.064,21.8,0.0459,1.396,100,settled,0,0.0,0,1
2026-09-02 18:09:16,20260902,12,8,18:25,,SKIP,,,,,0,skip,,,,0
2026-09-02 18:17:06,20260902,24,3,18:34,,SKIP,,,,,0,skip,,,,0
2026-09-02 18:24:55,20260902,20,8,18:41,,SKIP,,,,,0,skip,,,,0
2026-09-02 18:30:14,20260902,19,8,18:48,,SKIP,,,,,0,skip,,,,0
2026-09-02 18:38:05,20260902,12,9,18:55,,SKIP,,,,,0,skip,,,,0
2026-09-02 18:45:53,20260902,24,4,19:03,pos,1-4,0.045,7.2,0.1389,0.324,100,settled,0,0.0,0,0
2026-09-02 18:45:53,20260902,24,4,19:03,pos,1-5,0.0628,25.1,0.0398,1.577,100,settled,0,0.0,0,1
2026-09-02 18:53:43,20260902,20,9,19:10,,SKIP,,,,,0,skip,,,,0
2026-09-02 18:59:01,20260902,19,9,19:16,,SKIP,,,,,0,skip,,,,0
2026-09-02 19:06:49,20260902,12,10,19:23,pos,1-4,0.0949,18.7,0.0535,1.774,100,settled,0,0.0,0,0
2026-09-02 19:06:49,20260902,12,10,19:23,pos,1-5,0.1565,9.4,0.1064,1.471,100,settled,0,0.0,0,0
2026-09-02 19:12:08,20260902,24,5,19:30,,SKIP,,,,,0,skip,,,,0
2026-09-02 19:22:29,20260902,20,10,19:39,pos,1-4,0.2575,3.4,0.2941,0.876,100,settled,0,0.0,0,0
2026-09-02 19:22:29,20260902,20,10,19:39,pos,1-5,0.0818,9.7,0.1031,0.793,100,settled,0,0.0,0,0
2026-09-02 19:30:16,20260902,19,10,19:48,pos,1-4,0.0405,11.5,0.087,0.465,100,settled,0,0.0,0,0
2026-09-02 19:30:16,20260902,19,10,19:48,pos,1-5,0.0718,20.0,0.05,1.436,100,settled,0,0.0,0,1
2026-09-02 19:38:06,20260902,24,6,19:56,,SKIP,,,,,0,skip,,,,0
2026-09-02 19:45:56,20260902,12,11,20:03,uvpx50,1-4,0.1439,5.2,0.1923,0.748,100,settled,0,0.0,0,1
2026-09-02 19:53:46,20260902,20,11,20:10,,SKIP,,,,,0,skip,,,,0
2026-09-02 19:59:07,20260902,19,11,20:17,,SKIP,,,,,0,skip,,,,0
2026-09-02 20:09:24,20260902,24,7,20:25,pos,1-4,0.0395,56.4,0.0177,2.23,100,settled,0,0.0,0,0
2026-09-02 20:09:24,20260902,24,7,20:25,pos,1-5,0.1063,31.5,0.0317,3.347,100,settled,0,0.0,0,1
2026-09-02 20:14:43,20260902,12,12,20:31,,SKIP,,,,,0,skip,,,,0
2026-09-02 20:20:03,20260902,20,12,20:38,,SKIP,,,,,0,skip,,,,0
2026-09-02 20:27:50,20260902,19,12,20:45,,SKIP,,,,,0,skip,,,,0
2026-09-02 20:43:11,20260902,24,8,20:59,,SKIP,,,,,0,skip,,,,0
2026-09-02 21:08:33,20260902,24,9,21:25,,SKIP,,,,,0,skip,,,,0
2026-09-02 21:33:55,20260902,24,10,21:51,,SKIP,,,,,0,skip,,,,0
2026-09-02 21:59:15,20260902,24,11,22:16,,SKIP,,,,,0,skip,,,,0
2026-09-02 22:24:35,20260902,24,12,22:41,,SKIP,,,,,0,skip,,,,0
2026-09-03 08:15:02,20260903,10,1,08:32,,SKIP,,,,,0,skip,,,,0
2026-09-03 08:27:53,20260903,18,1,08:44,,SKIP,,,,,0,skip,,,,0
2026-09-03 08:40:44,20260903,10,2,08:58,pos,1-4,0.0358,29.8,0.0336,1.068,100,settled,0,0.0,0,0
2026-09-03 08:40:44,20260903,10,2,08:58,pos,1-5,0.0591,37.3,0.0268,2.205,100,settled,0,0.0,0,1
2026-09-03 08:53:33,20260903,18,2,09:10,,SKIP,,,,,0,skip,,,,0
2026-09-03 09:06:22,20260903,10,3,09:24,pos,1-4,0.0623,23.7,0.0422,1.478,100,settled,0,0.0,0,1
2026-09-03 09:06:22,20260903,10,3,09:24,pos,1-5,0.0485,55.5,0.018,2.691,100,settled,0,0.0,0,0
2026-09-03 09:19:13,20260903,18,3,09:36,pos,1-4,0.2715,2.4,0.4167,0.652,100,settled,170,170.0,1,0
2026-09-03 09:19:13,20260903,18,3,09:36,pos,1-5,0.0241,169.7,0.0059,4.087,100,settled,0,0.0,0,0
2026-09-03 09:32:00,20260903,10,4,09:50,,SKIP,,,,,0,skip,,,,0
2026-09-03 09:48:18,20260903,18,4,10:05,,SKIP,,,,,0,skip,,,,0
2026-09-03 10:01:07,20260903,10,5,10:18,,SKIP,,,,,0,skip,,,,0
2026-09-03 10:13:55,20260903,18,5,10:31,,SKIP,,,,,0,skip,,,,0
2026-09-03 10:16:35,20260903,8,1,10:32,,SKIP,,,,,0,skip,,,,0
2026-09-03 10:16:35,20260903,13,1,10:34,,SKIP,,,,,0,skip,,,,0
2026-09-03 10:24:52,20260903,9,1,10:42,,SKIP,,,,,0,skip,,,,0
2026-09-03 10:30:10,20260903,2,1,10:47,,SKIP,,,,,0,skip,,,,0
2026-09-03 10:32:48,20260903,10,6,10:50,,SKIP,,,,,0,skip,,,,0
2026-09-03 10:40:47,20260903,17,1,10:57,,SKIP,,,,,0,skip,,,,0
2026-09-03 10:43:26,20260903,18,6,11:00,,SKIP,,,,,0,skip,,,,0
2026-09-03 10:46:17,20260903,8,2,11:02,pos,1-4,0.0855,27.7,0.0361,2.367,100,settled,0,0.0,0,1
2026-09-03 10:46:17,20260903,8,2,11:02,pos,1-5,0.0326,46.2,0.0216,1.504,100,settled,0,0.0,0,0
2026-09-03 10:49:05,20260903,13,2,11:07,pos,1-4,0.0487,19.8,0.0505,0.965,100,settled,0,0.0,0,0
2026-09-03 10:49:05,20260903,13,2,11:07,pos,1-5,0.2806,6.3,0.1587,1.768,100,settled,0,0.0,0,0
2026-09-03 10:54:34,20260903,9,2,11:12,,SKIP,,,,,0,skip,,,,0
2026-09-03 10:59:52,20260903,2,2,11:16,uvpx50,3-6,0.0346,13.1,0.0763,0.453,100,settled,0,0.0,0,1
2026-09-03 11:05:12,20260903,16,1,11:22,pos,1-4,0.0794,11.1,0.0901,0.882,100,settled,0,0.0,0,0
2026-09-03 11:05:12,20260903,16,1,11:22,pos,1-5,0.1691,7.9,0.1266,1.336,100,settled,730,730.0,1,0
2026-09-03 11:05:12,20260903,17,2,11:23,,SKIP,,,,,0,skip,,,,0
2026-09-03 11:08:01,20260903,6,1,11:24,,SKIP,,,,,0,skip,,,,0
2026-09-03 11:10:57,20260903,10,7,11:28,,SKIP,,,,,0,skip,,,,0
2026-09-03 11:13:45,20260903,8,3,11:29,,SKIP,,,,,0,skip,,,,0
2026-09-03 11:16:42,20260903,18,7,11:32,,SKIP,,,,,0,skip,,,,0
2026-09-03 11:19:32,20260903,13,3,11:36,,SKIP,,,,,0,skip,,,,0
2026-09-03 11:24:52,20260903,9,3,11:42,,SKIP,,,,,0,skip,,,,0
2026-09-03 11:27:33,20260903,2,3,11:45,,SKIP,,,,,0,skip,,,,0
2026-09-03 11:30:21,20260903,22,1,11:48,uvpx50,1-2,0.0983,16.9,0.0592,1.661,100,settled,0,0.0,0,1
2026-09-03 11:33:12,20260903,6,2,11:50,,SKIP,,,,,0,skip,,,,0
2026-09-03 11:36:01,20260903,17,3,11:53,,SKIP,,,,,0,skip,,,,0
2026-09-03 11:38:49,20260903,10,8,11:55,,SKIP,,,,,0,skip,,,,0
2026-09-03 11:41:40,20260903,16,2,11:58,,SKIP,,,,,0,skip,,,,0
2026-09-03 11:44:28,20260903,8,4,12:01,pos,1-4,0.1473,31.5,0.0317,4.64,100,settled,620,620.0,1,1
2026-09-03 11:44:28,20260903,8,4,12:01,pos,1-5,0.0123,31.5,0.0317,0.389,100,settled,0,0.0,0,0
2026-09-03 11:47:17,20260903,13,4,12:04,,SKIP,,,,,0,skip,,,,0
2026-09-03 11:50:04,20260903,18,8,12:06,,SKIP,,,,,0,skip,,,,0
2026-09-03 11:55:33,20260903,9,4,12:13,,SKIP,,,,,0,skip,,,,0
2026-09-03 11:58:14,20260903,2,4,12:14,,SKIP,,,,,0,skip,,,,0
2026-09-03 12:01:02,20260903,6,3,12:19,,SKIP,,,,,0,skip,,,,0
2026-09-03 12:01:02,20260903,22,2,12:17,,SKIP,,,,,0,skip,,,,0
2026-09-03 12:06:47,20260903,17,4,12:24,pos,1-4,0.0737,137.0,0.0073,10.091,100,settled,0,0.0,0,1
2026-09-03 12:06:47,20260903,17,4,12:24,pos,1-5,0.2818,8.3,0.1205,2.339,100,settled,0,0.0,0,0
2026-09-03 12:09:26,20260903,10,9,12:26,,SKIP,,,,,0,skip,,,,0
2026-09-03 12:12:16,20260903,8,5,12:29,pos,1-4,0.0147,16.2,0.0617,0.238,100,settled,0,0.0,0,0
2026-09-03 12:12:16,20260903,8,5,12:29,pos,1-5,0.1067,7.5,0.1333,0.8,100,settled,680,680.0,1,0
2026-09-03 12:14:05,20260903,16,3,12:32,pos,1-4,0.2918,12.5,0.08,3.647,100,settled,0,0.0,0,0
2026-09-03 12:14:05,20260903,16,3,12:32,pos,1-5,0.0341,24.0,0.0417,0.818,100,settled,0,0.0,0,0
2026-09-03 12:22:23,20260903,13,5,12:38,pos,1-4,0.0519,27.3,0.0366,1.417,100,settled,0,0.0,0,1
2026-09-03 12:22:23,20260903,13,5,12:38,pos,1-5,0.2642,4.1,0.2439,1.083,100,settled,470,470.0,1,0
2026-09-03 12:22:23,20260903,18,9,12:40,,SKIP,,,,,0,skip,,,,0
2026-09-03 12:28:00,20260903,2,5,12:44,pos,1-4,0.3104,4.4,0.2273,1.366,100,settled,410,410.0,1,0
2026-09-03 12:28:00,20260903,2,5,12:44,pos,1-5,0.0227,27.8,0.036,0.632,100,settled,0,0.0,0,0
2026-09-03 12:28:00,20260903,9,5,12:44,,SKIP,,,,,0,skip,,,,0
2026-09-03 12:30:48,20260903,22,3,12:48,,SKIP,,,,,0,skip,,,,0
2026-09-03 12:36:26,20260903,6,4,12:52,pos,1-4,0.3641,2.9,0.3448,1.056,100,settled,230,230.0,1,0
2026-09-03 12:36:26,20260903,6,4,12:52,pos,1-5,0.0875,19.0,0.0526,1.663,100,settled,0,0.0,0,0
2026-09-03 12:39:15,20260903,17,5,12:56,,SKIP,,,,,0,skip,,,,0
2026-09-03 12:41:53,20260903,8,6,12:59,pos,1-4,0.047,18.4,0.0543,0.864,100,settled,0,0.0,0,0
2026-09-03 12:41:53,20260903,8,6,12:59,pos,1-5,0.3052,5.3,0.1887,1.618,100,settled,0,0.0,0,0
2026-09-03 12:44:42,20260903,10,10,13:02,,SKIP,,,,,0,skip,,,,0
2026-09-03 12:50:13,20260903,16,4,13:06,,SKIP,,,,,0,skip,,,,0
2026-09-03 12:52:52,20260903,13,6,13:10,,SKIP,,,,,0,skip,,,,0
2026-09-03 12:55:40,20260903,18,10,13:12,,SKIP,,,,,0,skip,,,,0
2026-09-03 12:58:30,20260903,2,6,13:14,uvpx50,1-5,0.0672,25.0,0.04,1.681,100,settled,0,0.0,0,1
2026-09-03 12:58:30,20260903,9,6,13:15,,SKIP,,,,,0,skip,,,,0
2026-09-03 13:01:40,20260903,22,4,13:19,,SKIP,,,,,0,skip,,,,0
2026-09-03 13:04:29,20260903,6,5,13:22,,SKIP,,,,,0,skip,,,,0
2026-09-03 13:09:56,20260903,17,6,13:27,,SKIP,,,,,0,skip,,,,0
2026-09-03 13:12:35,20260903,8,7,13:29,pos,1-4,0.0253,30.6,0.0327,0.775,100,settled,0,0.0,0,0
2026-09-03 13:12:35,20260903,8,7,13:29,pos,1-5,0.0914,22.9,0.0437,2.092,100,settled,0,0.0,0,1
2026-09-03 13:18:05,20260903,10,11,13:36,,SKIP,,,,,0,skip,,,,0
2026-09-03 13:18:05,20260903,16,5,13:34,,SKIP,,,,,0,skip,,,,0
2026-09-03 13:26:12,20260903,13,7,13:42,,SKIP,,,,,0,skip,,,,0
2026-09-03 13:28:51,20260903,2,7,13:45,,SKIP,,,,,0,skip,,,,0
2026-09-03 13:28:51,20260903,9,7,13:46,,SKIP,,,,,0,skip,,,,0
2026-09-03 13:31:47,20260903,18,11,13:49,,SKIP,,,,,0,skip,,,,0
2026-09-03 13:34:45,20260903,6,6,13:52,,SKIP,,,,,0,skip,,,,0
2026-09-03 13:40:14,20260903,17,7,13:56,,SKIP,,,,,0,skip,,,,0
2026-09-03 13:42:52,20260903,8,8,13:59,,SKIP,,,,,0,skip,,,,0
2026-09-03 13:45:41,20260903,16,6,14:03,pos,1-4,0.1185,17.8,0.0562,2.109,100,settled,0,0.0,0,0
2026-09-03 13:45:41,20260903,16,6,14:03,pos,1-5,0.0223,41.7,0.024,0.929,100,settled,0,0.0,0,0
2026-09-03 13:51:11,20260903,22,5,14:07,,SKIP,,,,,0,skip,,,,0
2026-09-03 13:53:52,20260903,13,8,14:10,,SKIP,,,,,0,skip,,,,0
2026-09-03 13:56:41,20260903,10,12,14:12,,SKIP,,,,,0,skip,,,,0
2026-09-03 13:59:38,20260903,2,8,14:16,,SKIP,,,,,0,skip,,,,0
2026-09-03 14:02:16,20260903,9,8,14:18,,SKIP,,,,,0,skip,,,,0
2026-09-03 14:07:45,20260903,6,7,14:24,pos,1-4,0.1249,6.6,0.1515,0.824,100,settled,0,0.0,0,0
2026-09-03 14:07:45,20260903,6,7,14:24,pos,1-5,0.01,52.0,0.0192,0.519,100,settled,0,0.0,0,0
2026-09-03 14:10:24,20260903,17,8,14:27,,SKIP,,,,,0,skip,,,,0
2026-09-03 14:13:10,20260903,8,9,14:31,,SKIP,,,,,0,skip,,,,0
2026-09-03 14:13:10,20260903,18,12,14:29,,SKIP,,,,,0,skip,,,,0
2026-09-03 14:18:57,20260903,16,7,14:36,pos,1-4,0.0729,36.1,0.0277,2.632,100,settled,0,0.0,0,1
2026-09-03 14:18:57,20260903,16,7,14:36,pos,1-5,0.0458,38.8,0.0258,1.778,100,settled,0,0.0,0,0
2026-09-03 14:24:17,20260903,13,9,14:41,pos,1-4,0.0984,9.1,0.1099,0.895,100,settled,0,0.0,0,0
2026-09-03 14:24:17,20260903,13,9,14:41,pos,1-5,0.3299,1.8,0.5556,0.594,100,settled,320,320.0,1,0
2026-09-03 14:26:56,20260903,22,6,14:43,,SKIP,,,,,0,skip,,,,0
2026-09-03 14:32:25,20260903,2,9,14:48,uvpx50,2-5,0.0275,17.3,0.0578,0.475,100,settled,1370,1370.0,1,1
2026-09-03 14:32:25,20260903,9,9,14:50,,SKIP,,,,,0,skip,,,,0
2026-09-03 14:40:31,20260903,6,8,14:58,,SKIP,,,,,0,skip,,,,0
2026-09-03 14:40:31,20260903,17,9,14:57,,SKIP,,,,,0,skip,,,,0
2026-09-03 14:46:09,20260903,8,10,15:02,,SKIP,,,,,0,skip,,,,0
2026-09-03 14:51:29,20260903,16,8,15:07,,SKIP,,,,,0,skip,,,,0
2026-09-03 14:54:19,20260903,22,7,15:10,pos,1-4,0.0636,8.7,0.1149,0.553,100,settled,0,0.0,0,0
2026-09-03 14:54:19,20260903,22,7,15:10,pos,1-5,0.031,57.1,0.0175,1.771,100,settled,0,0.0,0,0
2026-09-03 14:59:37,20260903,12,1,15:17,,SKIP,,,,,0,skip,,,,0
2026-09-03 14:59:37,20260903,13,10,15:16,,SKIP,,,,,0,skip,,,,0
2026-09-03 15:02:24,20260903,20,1,15:19,,SKIP,,,,,0,skip,,,,0
2026-09-03 15:05:23,20260903,2,10,15:21,uvpx50,1-2,0.1119,7.2,0.1389,0.806,100,settled,0,0.0,0,1
2026-09-03 15:05:23,20260903,9,10,15:23,,SKIP,,,,,0,skip,,,,0
2026-09-03 15:11:08,20260903,19,1,15:28,pos,1-4,0.0236,39.9,0.0251,0.942,100,settled,0,0.0,0,0
2026-09-03 15:11:08,20260903,19,1,15:28,pos,1-5,0.1287,17.6,0.0568,2.266,100,settled,0,0.0,0,0
2026-09-03 15:13:47,20260903,6,9,15:31,pos,1-4,0.0356,17.7,0.0565,0.629,100,settled,0,0.0,0,0
2026-09-03 15:13:47,20260903,6,9,15:31,pos,1-5,0.0925,13.9,0.0719,1.286,100,settled,0,0.0,0,0
2026-09-03 15:13:47,20260903,17,10,15:30,,SKIP,,,,,0,skip,,,,0
2026-09-03 15:19:34,20260903,8,11,15:35,,SKIP,,,,,0,skip,,,,0
2026-09-03 15:19:34,20260903,22,8,15:36,pos,1-4,0.2569,15.0,0.0667,3.854,100,settled,0,0.0,0,0
2026-09-03 15:19:34,20260903,22,8,15:36,pos,1-5,0.0531,12.5,0.08,0.664,100,settled,0,0.0,0,0
2026-09-03 15:22:33,20260903,16,9,15:39,,SKIP,,,,,0,skip,,,,0
2026-09-03 15:25:20,20260903,12,2,15:41,pos,1-4,0.0169,49.5,0.0202,0.836,100,settled,0,0.0,0,0
2026-09-03 15:25:20,20260903,12,2,15:41,pos,1-5,0.0446,13.5,0.0741,0.602,100,settled,0,0.0,0,0
2026-09-03 15:30:48,20260903,20,2,15:47,,SKIP,,,,,0,skip,,,,0
2026-09-03 15:36:07,20260903,13,11,15:52,pos,1-4,0.048,72.8,0.0137,3.494,100,settled,0,0.0,0,0
2026-09-03 15:36:07,20260903,13,11,15:52,pos,1-5,0.1274,34.5,0.029,4.397,100,settled,0,0.0,0,1
2026-09-03 15:36:07,20260903,13,11,15:52,uvpx50,1-6,0.0612,23.4,0.0427,1.433,100,settled,0,0.0,0,1
2026-09-03 15:36:07,20260903,19,2,15:53,uvpx50,1-6,0.0338,8.6,0.1163,0.291,100,settled,0,0.0,0,1
2026-09-03 15:38:58,20260903,2,11,15:55,uvpx50,1-2,0.2773,4.2,0.2381,1.165,100,settled,0,0.0,0,1
2026-09-03 15:41:57,20260903,9,11,15:58,,SKIP,,,,,0,skip,,,,0
2026-09-03 15:44:45,20260903,22,9,16:01,pos,1-4,0.0543,37.5,0.0267,2.035,100,settled,0,0.0,0,1
2026-09-03 15:44:45,20260903,22,9,16:01,pos,1-5,0.0704,37.5,0.0267,2.641,100,settled,0,0.0,0,1
2026-09-03 15:44:45,20260903,22,9,16:01,uvpx50,1-2,0.0967,3.6,0.2778,0.348,100,settled,580,580.0,1,1
2026-09-03 15:47:36,20260903,6,10,16:04,,SKIP,,,,,0,skip,,,,0
2026-09-03 15:47:36,20260903,17,11,16:03,,SKIP,,,,,0,skip,,,,0
2026-09-03 15:53:27,20260903,12,3,16:09,,SKIP,,,,,0,skip,,,,0
2026-09-03 15:53:27,20260903,16,10,16:10,pos,1-4,0.1043,10.4,0.0962,1.085,100,settled,0,0.0,0,0
2026-09-03 15:53:27,20260903,16,10,16:10,pos,1-5,0.059,14.8,0.0676,0.873,100,settled,0,0.0,0,0
2026-09-03 15:56:26,20260903,20,3,16:12,,SKIP,,,,,0,skip,,,,0
2026-09-03 15:59:25,20260903,8,12,16:15,,SKIP,,,,,0,skip,,,,0
2026-09-03 16:02:15,20260903,19,3,16:19,,SKIP,,,,,0,skip,,,,0
2026-09-03 16:10:05,20260903,13,12,16:26,,SKIP,,,,,0,skip,,,,0
2026-09-03 16:10:05,20260903,22,10,16:28,,SKIP,,,,,0,skip,,,,0
2026-09-03 16:12:53,20260903,2,12,16:30,,SKIP,,,,,0,skip,,,,0
2026-09-03 16:15:52,20260903,12,4,16:33,pos,1-4,0.049,30.7,0.0326,1.506,100,settled,0,0.0,0,0
2026-09-03 16:15:52,20260903,12,4,16:33,pos,1-5,0.0299,23.0,0.0435,0.687,100,settled,0,0.0,0,0
2026-09-03 16:18:39,20260903,9,12,16:35,,SKIP,,,,,0,skip,,,,0
2026-09-03 16:21:26,20260903,20,4,16:39,,SKIP,,,,,0,skip,,,,0
2026-09-03 16:24:17,20260903,6,11,16:42,pos,1-4,0.0883,16.1,0.0621,1.422,100,settled,0,0.0,0,0
2026-09-03 16:24:17,20260903,6,11,16:42,pos,1-5,0.1199,13.5,0.0741,1.619,100,settled,0,0.0,0,0
2026-09-03 16:27:05,20260903,16,11,16:45,pos,1-4,0.3017,5.7,0.1754,1.72,100,settled,0,0.0,0,0
2026-09-03 16:27:05,20260903,16,11,16:45,pos,1-5,0.0258,34.2,0.0292,0.881,100,settled,0,0.0,0,0
2026-09-03 16:29:54,20260903,19,4,16:47,,SKIP,,,,,0,skip,,,,0
2026-09-03 16:35:21,20260903,17,12,16:53,,SKIP,,,,,0,skip,,,,0
2026-09-03 16:40:42,20260903,22,11,16:58,pos,1-4,0.1024,22.0,0.0455,2.254,100,settled,880,880.0,1,1
2026-09-03 16:40:42,20260903,22,11,16:58,pos,1-5,0.0817,12.9,0.0775,1.054,100,settled,0,0.0,0,0
2026-09-03 16:43:23,20260903,12,5,17:01,pos,1-4,0.0617,58.7,0.017,3.622,100,settled,0,0.0,0,1
2026-09-03 16:43:23,20260903,12,5,17:01,pos,1-5,0.0617,19.5,0.0513,1.203,100,settled,0,0.0,0,0
2026-09-03 16:51:23,20260903,20,5,17:07,pos,1-4,0.2126,16.5,0.0606,3.508,100,settled,0,0.0,0,0
2026-09-03 16:51:23,20260903,20,5,17:07,pos,1-5,0.0548,12.6,0.0794,0.691,100,settled,0,0.0,0,0
2026-09-03 16:54:11,20260903,6,12,17:10,,SKIP,,,,,0,skip,,,,0
2026-09-03 16:59:29,20260903,19,5,17:17,,SKIP,,,,,0,skip,,,,0
2026-09-03 17:02:07,20260903,16,12,17:20,,SKIP,,,,,0,skip,,,,0
2026-09-03 17:07:36,20260903,22,12,17:25,,SKIP,,,,,0,skip,,,,0
2026-09-03 17:12:54,20260903,12,6,17:29,,SKIP,,,,,0,skip,,,,0
2026-09-03 17:18:13,20260903,20,6,17:34,,SKIP,,,,,0,skip,,,,0
2026-09-03 17:23:32,20260903,24,1,17:41,,SKIP,,,,,0,skip,,,,0
2026-09-03 17:31:21,20260903,19,6,17:48,,SKIP,,,,,0,skip,,,,0
2026-09-03 17:39:10,20260903,12,7,17:55,,SKIP,,,,,0,skip,,,,0
2026-09-03 17:44:30,20260903,20,7,18:02,,SKIP,,,,,0,skip,,,,0
2026-09-03 17:52:23,20260903,24,2,18:08,,SKIP,,,,,0,skip,,,,0
2026-09-03 18:00:17,20260903,19,7,18:17,,SKIP,,,,,0,skip,,,,0
2026-09-03 18:08:08,20260903,12,8,18:25,,SKIP,,,,,0,skip,,,,0
2026-09-03 18:18:28,20260903,24,3,18:34,,SKIP,,,,,0,skip,,,,0
2026-09-03 18:23:47,20260903,20,8,18:41,,SKIP,,,,,0,skip,,,,0
2026-09-03 18:31:37,20260903,19,8,18:48,pos,1-4,0.083,8.7,0.1149,0.722,100,settled,1240,1240.0,1,0
2026-09-03 18:31:37,20260903,19,8,18:48,pos,1-5,0.0666,25.1,0.0398,1.671,100,settled,0,0.0,0,1
2026-09-03 18:31:37,20260903,19,8,18:48,uvpx50,1-3,0.0358,9.5,0.1053,0.34,100,settled,0,0.0,0,1
2026-09-03 18:39:27,20260903,12,9,18:55,pos,1-4,0.0608,25.8,0.0388,1.568,100,settled,0,0.0,0,1
2026-09-03 18:39:27,20260903,12,9,18:55,pos,1-5,0.0674,33.8,0.0296,2.277,100,settled,0,0.0,0,1
2026-09-03 18:39:27,20260903,12,9,18:55,uvpx50,1-5,0.0674,33.8,0.0296,2.277,100,settled,0,0.0,0,1
2026-09-03 18:47:16,20260903,24,4,19:03,,SKIP,,,,,0,skip,,,,0
2026-09-03 18:52:35,20260903,20,9,19:10,,SKIP,,,,,0,skip,,,,0
2026-09-03 19:00:24,20260903,19,9,19:16,,SKIP,,,,,0,skip,,,,0
2026-09-03 19:05:43,20260903,12,10,19:23,pos,1-4,0.4276,1.7,0.5882,0.727,100,settled,0,0.0,0,0
2026-09-03 19:05:43,20260903,12,10,19:23,pos,1-5,0.0907,10.1,0.099,0.916,100,settled,0,0.0,0,0
2026-09-03 19:13:33,20260903,24,5,19:30,,SKIP,,,,,0,skip,,,,0
2026-09-03 19:21:21,20260903,20,10,19:39,pos,1-4,0.1576,12.2,0.082,1.922,100,settled,0,0.0,0,0
2026-09-03 19:21:21,20260903,20,10,19:39,pos,1-5,0.0361,30.6,0.0327,1.104,100,settled,0,0.0,0,0
2026-09-03 19:31:39,20260903,19,10,19:48,,SKIP,,,,,0,skip,,,,0
2026-09-03 19:39:28,20260903,24,6,19:56,,SKIP,,,,,0,skip,,,,0
2026-09-03 19:47:16,20260903,12,11,20:03,pos,1-4,0.0297,28.9,0.0346,0.858,100,settled,0,0.0,0,0
2026-09-03 19:47:16,20260903,12,11,20:03,pos,1-5,0.2652,10.0,0.1,2.652,100,settled,0,0.0,0,0
2026-09-03 19:52:33,20260903,20,11,20:10,,SKIP,,,,,0,skip,,,,0
2026-09-03 20:00:20,20260903,19,11,20:17,,SKIP,,,,,0,skip,,,,0
2026-09-03 20:08:10,20260903,24,7,20:25,,SKIP,,,,,0,skip,,,,0
2026-09-03 20:13:29,20260903,12,12,20:31,,SKIP,,,,,0,skip,,,,0
2026-09-03 20:21:17,20260903,20,12,20:38,,SKIP,,,,,0,skip,,,,0
2026-09-03 20:29:04,20260903,19,12,20:45,,SKIP,,,,,0,skip,,,,0
2026-09-03 20:41:53,20260903,24,8,20:59,,SKIP,,,,,0,skip,,,,0
2026-09-03 21:07:13,20260903,24,9,21:25,,SKIP,,,,,0,skip,,,,0
2026-09-03 21:35:03,20260903,24,10,21:51,,SKIP,,,,,0,skip,,,,0
2026-09-03 22:00:25,20260903,24,11,22:16,pos,1-4,0.0639,9.2,0.1087,0.588,100,settled,0,0.0,0,0
2026-09-03 22:00:25,20260903,24,11,22:16,pos,1-5,0.039,15.6,0.0641,0.609,100,settled,0,0.0,0,0
2026-09-03 22:23:15,20260903,24,12,22:41,,SKIP,,,,,0,skip,,,,0
2026-09-04 08:16:15,20260904,10,1,08:32,,SKIP,,,,,0,skip,,,,0
2026-09-04 08:26:34,20260904,18,1,08:44,,SKIP,,,,,0,skip,,,,0
2026-09-04 08:41:55,20260904,10,2,08:58,,SKIP,,,,,0,skip,,,,0
2026-09-04 08:52:14,20260904,18,2,09:10,,SKIP,,,,,0,skip,,,,0
2026-09-04 09:07:35,20260904,10,3,09:24,,SKIP,,,,,0,skip,,,,0
2026-09-04 09:20:26,20260904,18,3,09:36,,SKIP,,,,,0,skip,,,,0
2026-09-04 09:33:16,20260904,10,4,09:50,,SKIP,,,,,0,skip,,,,0
2026-09-04 09:46:06,20260904,18,4,10:02,,SKIP,,,,,0,skip,,,,0
2026-09-04 10:01:27,20260904,10,5,10:18,,SKIP,,,,,0,skip,,,,0
2026-09-04 10:11:46,20260904,18,5,10:29,pos,1-4,0.0343,13.7,0.073,0.469,100,settled,0,0.0,0,0
2026-09-04 10:11:46,20260904,18,5,10:29,pos,1-5,0.0952,8.2,0.122,0.781,100,settled,0,0.0,0,0
2026-09-04 10:17:04,20260904,11,1,10:33,,SKIP,,,,,0,skip,,,,0
2026-09-04 10:19:43,20260904,13,1,10:36,,SKIP,,,,,0,skip,,,,0
2026-09-04 10:25:13,20260904,9,1,10:42,,SKIP,,,,,0,skip,,,,0
2026-09-04 10:30:32,20260904,2,1,10:47,,SKIP,,,,,0,skip,,,,0
2026-09-04 10:33:11,20260904,10,6,10:50,,SKIP,,,,,0,skip,,,,0
2026-09-04 10:41:09,20260904,17,1,10:57,,SKIP,,,,,0,skip,,,,0
2026-09-04 10:41:09,20260904,18,6,10:59,,SKIP,,,,,0,skip,,,,0
2026-09-04 10:46:45,20260904,11,2,11:03,,SKIP,,,,,0,skip,,,,0
2026-09-04 10:49:25,20260904,13,2,11:06,,SKIP,,,,,0,skip,,,,0
2026-09-04 10:54:52,20260904,9,2,11:12,,SKIP,,,,,0,skip,,,,0
2026-09-04 11:00:12,20260904,2,2,11:16,,SKIP,,,,,0,skip,,,,0
2026-09-04 11:02:51,20260904,10,7,11:20,,SKIP,,,,,0,skip,,,,0
2026-09-04 11:08:18,20260904,6,1,11:24,,SKIP,,,,,0,skip,,,,0
2026-09-04 11:13:35,20260904,13,3,11:31,,SKIP,,,,,0,skip,,,,0
2026-09-04 11:16:16,20260904,18,7,11:32,,SKIP,,,,,0,skip,,,,0
2026-09-04 11:19:04,20260904,11,3,11:35,,SKIP,,,,,0,skip,,,,0
2026-09-04 11:24:34,20260904,9,3,11:42,,SKIP,,,,,0,skip,,,,0
2026-09-04 11:24:34,20260904,17,2,11:40,,SKIP,,,,,0,skip,,,,0
2026-09-04 11:27:30,20260904,2,3,11:45,,SKIP,,,,,0,skip,,,,0
2026-09-04 11:30:19,20260904,22,1,11:48,,SKIP,,,,,0,skip,,,,0
2026-09-04 11:33:09,20260904,6,2,11:50,,SKIP,,,,,0,skip,,,,0
2026-09-04 11:35:59,20260904,10,8,11:52,,SKIP,,,,,0,skip,,,,0
2026-09-04 11:43:56,20260904,13,4,12:01,,SKIP,,,,,0,skip,,,,0
2026-09-04 11:46:35,20260904,11,4,12:03,,SKIP,,,,,0,skip,,,,0
2026-09-04 11:49:22,20260904,18,8,12:06,,SKIP,,,,,0,skip,,,,0
2026-09-04 11:54:50,20260904,17,3,12:11,,SKIP,,,,,0,skip,,,,0
2026-09-04 11:57:28,20260904,2,4,12:14,uvpx50,3-6,0.0257,14.2,0.0704,0.365,100,settled,0,0.0,0,1
2026-09-04 11:57:28,20260904,9,4,12:13,,SKIP,,,,,0,skip,,,,0
2026-09-04 12:00:35,20260904,22,2,12:17,,SKIP,,,,,0,skip,,,,0
2026-09-04 12:06:04,20260904,6,3,12:22,,SKIP,,,,,0,skip,,,,0
2026-09-04 12:08:43,20260904,10,9,12:25,,SKIP,,,,,0,skip,,,,0
2026-09-04 12:14:12,20260904,13,5,12:31,pos,1-4,0.0897,8.8,0.1136,0.789,100,settled,0,0.0,0,0
2026-09-04 12:14:12,20260904,13,5,12:31,pos,1-5,0.3402,2.6,0.3846,0.884,100,settled,0,0.0,0,0
2026-09-04 12:19:29,20260904,11,5,12:36,pos,1-4,0.0558,31.4,0.0318,1.751,100,settled,0,0.0,0,1
2026-09-04 12:19:29,20260904,11,5,12:36,pos,1-5,0.248,16.8,0.0595,4.166,100,settled,0,0.0,0,0
2026-09-04 12:22:08,20260904,17,4,12:38,,SKIP,,,,,0,skip,,,,0
2026-09-04 12:22:08,20260904,18,9,12:40,,SKIP,,,,,0,skip,,,,0
2026-09-04 12:27:56,20260904,2,5,12:44,pos,1-4,0.3358,7.9,0.1266,2.653,100,settled,0,0.0,0,0
2026-09-04 12:27:56,20260904,2,5,12:44,pos,1-5,0.0165,27.2,0.0368,0.448,100,settled,0,0.0,0,0
2026-09-04 12:27:56,20260904,2,5,12:44,uvpx50,1-2,0.1728,11.1,0.0901,1.918,100,settled,0,0.0,0,1
2026-09-04 12:27:56,20260904,9,5,12:44,,SKIP,,,,,0,skip,,,,0
2026-09-04 12:33:36,20260904,6,4,12:50,pos,1-4,0.3688,2.6,0.3846,0.959,100,settled,0,0.0,0,0
2026-09-04 12:33:36,20260904,6,4,12:50,pos,1-5,0.1031,15.1,0.0662,1.556,100,settled,0,0.0,0,0
2026-09-04 12:38:55,20260904,22,3,12:56,,SKIP,,,,,0,skip,,,,0
2026-09-04 12:41:33,20260904,10,10,12:58,,SKIP,,,,,0,skip,,,,0
2026-09-04 12:44:22,20260904,13,6,13:00,,SKIP,,,,,0,skip,,,,0
2026-09-04 12:49:51,20260904,17,5,13:07,pos,1-4,0.074,50.6,0.0198,3.743,100,settled,0,0.0,0,1
2026-09-04 12:49:51,20260904,17,5,13:07,pos,1-5,0.1006,10.1,0.099,1.016,100,settled,0,0.0,0,0
2026-09-04 12:52:32,20260904,11,6,13:09,pos,1-4,0.1224,23.5,0.0426,2.876,100,settled,0,0.0,0,1
2026-09-04 12:52:32,20260904,11,6,13:09,pos,1-5,0.2297,8.0,0.125,1.837,100,settled,0,0.0,0,0
2026-09-04 12:55:20,20260904,18,10,13:12,,SKIP,,,,,0,skip,,,,0
2026-09-04 12:58:09,20260904,2,6,13:14,,SKIP,,,,,0,skip,,,,0
2026-09-04 12:58:09,20260904,9,6,13:15,,SKIP,,,,,0,skip,,,,0
2026-09-04 13:06:30,20260904,6,5,13:22,,SKIP,,,,,0,skip,,,,0
2026-09-04 13:11:51,20260904,13,7,13:28,pos,1-4,0.1635,9.3,0.1075,1.521,100,settled,430,430.0,1,0
2026-09-04 13:11:51,20260904,13,7,13:28,pos,1-5,0.3469,3.6,0.2778,1.249,100,settled,0,0.0,0,0
2026-09-04 13:14:31,20260904,10,11,13:32,,SKIP,,,,,0,skip,,,,0
2026-09-04 13:14:31,20260904,22,4,13:30,,SKIP,,,,,0,skip,,,,0
2026-09-04 13:20:15,20260904,11,7,13:38,pos,1-4,0.0548,34.3,0.0292,1.879,100,settled,0,0.0,0,1
2026-09-04 13:20:15,20260904,11,7,13:38,pos,1-5,0.0468,27.4,0.0365,1.282,100,settled,0,0.0,0,0
2026-09-04 13:25:35,20260904,17,6,13:43,,SKIP,,,,,0,skip,,,,0
2026-09-04 13:28:14,20260904,2,7,13:45,pos,1-4,0.0597,20.4,0.049,1.218,100,settled,0,0.0,0,1
2026-09-04 13:28:14,20260904,2,7,13:45,pos,1-5,0.0826,19.0,0.0526,1.569,100,settled,0,0.0,0,0
2026-09-04 13:28:14,20260904,9,7,13:46,,SKIP,,,,,0,skip,,,,0
2026-09-04 13:31:10,20260904,18,11,13:49,,SKIP,,,,,0,skip,,,,0
2026-09-04 13:36:46,20260904,6,6,13:53,,SKIP,,,,,0,skip,,,,0
2026-09-04 13:42:05,20260904,22,5,13:59,,SKIP,,,,,0,skip,,,,0
2026-09-04 13:47:26,20260904,13,8,14:03,,SKIP,,,,,0,skip,,,,0
2026-09-04 13:50:16,20260904,11,8,14:06,,SKIP,,,,,0,skip,,,,0
2026-09-04 13:52:55,20260904,17,7,14:10,,SKIP,,,,,0,skip,,,,0
2026-09-04 13:55:42,20260904,10,12,14:12,,SKIP,,,,,0,skip,,,,0
2026-09-04 13:58:31,20260904,2,8,14:16,,SKIP,,,,,0,skip,,,,0
2026-09-04 14:01:22,20260904,9,8,14:18,,SKIP,,,,,0,skip,,,,0
2026-09-04 14:06:53,20260904,6,7,14:23,,SKIP,,,,,0,skip,,,,0
2026-09-04 14:12:12,20260904,18,12,14:30,,SKIP,,,,,0,skip,,,,0
2026-09-04 14:17:32,20260904,22,6,14:33,pos,1-4,0.0074,76.7,0.013,0.567,100,settled,0,0.0,0,0
2026-09-04 14:17:32,20260904,22,6,14:33,pos,1-5,0.0061,230.2,0.0043,1.398,100,settled,0,0.0,0,0
2026-09-04 14:20:22,20260904,13,9,14:37,,SKIP,,,,,0,skip,,,,0
2026-09-04 14:23:01,20260904,11,9,14:40,,SKIP,,,,,0,skip,,,,0
2026-09-04 14:28:29,20260904,17,8,14:46,,SKIP,,,,,0,skip,,,,0
2026-09-04 14:31:08,20260904,2,9,14:48,,SKIP,,,,,0,skip,,,,0
2026-09-04 14:33:58,20260904,9,9,14:50,,SKIP,,,,,0,skip,,,,0
2026-09-04 14:39:25,20260904,6,8,14:57,pos,1-4,0.2771,3.7,0.2703,1.025,100,settled,0,0.0,0,0
2026-09-04 14:39:25,20260904,6,8,14:57,pos,1-5,0.0262,32.5,0.0308,0.85,100,settled,0,0.0,0,0
2026-09-04 14:44:43,20260904,22,7,15:02,uvpx50,1-6,0.0383,49.8,0.0201,1.909,100,settled,0,0.0,0,1
2026-09-04 14:50:03,20260904,13,10,15:07,uvpx50,1-3,0.0957,10.5,0.0952,1.005,100,settled,0,0.0,0,1
2026-09-04 14:52:43,20260904,11,10,15:10,,SKIP,,,,,0,skip,,,,0
2026-09-04 15:00:38,20260904,12,1,15:17,,SKIP,,,,,0,skip,,,,0
2026-09-04 15:03:18,20260904,2,10,15:21,pos,1-4,0.0283,34.9,0.0287,0.987,100,settled,0,0.0,0,0
2026-09-04 15:03:18,20260904,2,10,15:21,pos,1-5,0.0538,16.0,0.0625,0.861,100,settled,0,0.0,0,0
2026-09-04 15:03:18,20260904,17,9,15:19,,SKIP,,,,,0,skip,,,,0
2026-09-04 15:06:25,20260904,9,10,15:23,,SKIP,,,,,0,skip,,,,0
2026-09-04 15:09:13,20260904,7,1,15:25,uvpx50,1-5,0.0774,11.4,0.0877,0.883,100,settled,0,0.0,0,1
2026-09-04 15:12:02,20260904,6,9,15:30,,SKIP,,,,,0,skip,,,,0
2026-09-04 15:12:02,20260904,20,1,15:29,,SKIP,,,,,0,skip,,,,0
2026-09-04 15:17:47,20260904,22,8,15:33,,SKIP,,,,,0,skip,,,,0
2026-09-04 15:20:35,20260904,13,11,15:37,,SKIP,,,,,0,skip,,,,0
2026-09-04 15:23:14,20260904,12,2,15:41,,SKIP,,,,,0,skip,,,,0
2026-09-04 15:28:43,20260904,17,10,15:45,,SKIP,,,,,0,skip,,,,0
2026-09-04 15:31:23,20260904,11,11,15:47,,SKIP,,,,,0,skip,,,,0
2026-09-04 15:34:22,20260904,7,2,15:50,,SKIP,,,,,0,skip,,,,0
2026-09-04 15:37:13,20260904,2,11,15:55,pos,1-4,0.1284,10.9,0.0917,1.399,100,settled,0,0.0,0,0
2026-09-04 15:37:13,20260904,2,11,15:55,pos,1-5,0.0754,18.0,0.0556,1.357,100,settled,0,0.0,0,0
2026-09-04 15:37:13,20260904,20,2,15:53,,SKIP,,,,,0,skip,,,,0
2026-09-04 15:40:13,20260904,9,11,15:58,,SKIP,,,,,0,skip,,,,0
2026-09-04 15:45:40,20260904,22,9,16:02,,SKIP,,,,,0,skip,,,,0
2026-09-04 15:48:21,20260904,6,10,16:05,,SKIP,,,,,0,skip,,,,0
2026-09-04 15:51:08,20260904,12,3,16:09,,SKIP,,,,,0,skip,,,,0
2026-09-04 15:56:37,20260904,7,3,16:13,,SKIP,,,,,0,skip,,,,0
2026-09-04 15:59:16,20260904,17,11,16:17,,SKIP,,,,,0,skip,,,,0
2026-09-04 16:02:06,20260904,11,12,16:20,,SKIP,,,,,0,skip,,,,0
2026-09-04 16:07:36,20260904,13,12,16:23,pos,1-4,0.0708,12.1,0.0826,0.857,100,settled,0,0.0,0,0
2026-09-04 16:07:36,20260904,13,12,16:23,pos,1-5,0.1253,11.1,0.0901,1.39,100,settled,0,0.0,0,0
2026-09-04 16:07:36,20260904,20,3,16:25,,SKIP,,,,,0,skip,,,,0
2026-09-04 16:10:37,20260904,22,10,16:28,,SKIP,,,,,0,skip,,,,0
2026-09-04 16:13:25,20260904,2,12,16:30,pos,1-4,0.1533,11.5,0.087,1.763,100,settled,0,0.0,0,0
2026-09-04 16:13:25,20260904,2,12,16:30,pos,1-5,0.3731,2.4,0.4167,0.895,100,settled,0,0.0,0,0
2026-09-04 16:16:15,20260904,12,4,16:33,,SKIP,,,,,0,skip,,,,0
2026-09-04 16:19:04,20260904,9,12,16:35,,SKIP,,,,,0,skip,,,,0
2026-09-04 16:21:52,20260904,7,4,16:39,,SKIP,,,,,0,skip,,,,0
2026-09-04 16:24:40,20260904,6,11,16:41,pos,1-4,0.0703,4.8,0.2083,0.337,100,settled,0,0.0,0,0
2026-09-04 16:24:40,20260904,6,11,16:41,pos,1-5,0.0584,21.8,0.0459,1.274,100,settled,0,0.0,0,1
2026-09-04 16:35:09,20260904,17,12,16:51,,SKIP,,,,,0,skip,,,,0
2026-09-04 16:35:09,20260904,20,4,16:53,pos,1-4,0.3069,5.0,0.2,1.535,100,settled,0,0.0,0,0
2026-09-04 16:35:09,20260904,20,4,16:53,pos,1-5,0.0574,22.1,0.0452,1.269,100,settled,0,0.0,0,1
2026-09-04 16:40:46,20260904,22,11,16:58,pos,1-4,0.4022,4.5,0.2222,1.81,100,settled,0,0.0,0,0
2026-09-04 16:40:46,20260904,22,11,16:58,pos,1-5,0.0921,13.0,0.0769,1.198,100,settled,0,0.0,0,0
2026-09-04 16:43:27,20260904,12,5,17:01,,SKIP,,,,,0,skip,,,,0
2026-09-04 16:51:27,20260904,7,5,17:09,uvpx50,1-4,0.0572,94.7,0.0106,5.414,100,settled,0,0.0,0,1
2026-09-04 16:54:08,20260904,6,12,17:10,,SKIP,,,,,0,skip,,,,0
2026-09-04 16:59:35,20260904,20,5,17:17,pos,1-4,0.2862,4.9,0.2041,1.402,100,settled,0,0.0,0,0
2026-09-04 16:59:35,20260904,20,5,17:17,pos,1-5,0.0662,35.3,0.0283,2.338,100,settled,0,0.0,0,1
2026-09-04 17:07:23,20260904,22,12,17:25,,SKIP,,,,,0,skip,,,,0
2026-09-04 17:12:42,20260904,12,6,17:29,pos,1-4,0.0428,18.2,0.0549,0.778,100,settled,0,0.0,0,0
2026-09-04 17:12:42,20260904,12,6,17:29,pos,1-5,0.213,11.7,0.0855,2.492,100,settled,0,0.0,0,0
2026-09-04 17:18:00,20260904,7,6,17:34,uvpx50,1-3,0.0731,12.2,0.082,0.892,100,settled,0,0.0,0,1
2026-09-04 17:23:20,20260904,24,1,17:41,,SKIP,,,,,0,skip,,,,0
2026-09-04 17:31:10,20260904,20,6,17:48,pos,1-4,0.0713,11.8,0.0847,0.842,100,settled,0,0.0,0,0
2026-09-04 17:31:10,20260904,20,6,17:48,pos,1-5,0.023,61.6,0.0162,1.417,100,settled,0,0.0,0,0
2026-09-04 17:38:59,20260904,12,7,17:55,uvpx50,1-3,0.0507,17.0,0.0588,0.863,100,settled,0,0.0,0,1
2026-09-04 17:44:18,20260904,7,7,18:02,pos,1-4,0.3536,2.7,0.3704,0.955,100,settled,240,240.0,1,0
2026-09-04 17:44:18,20260904,7,7,18:02,pos,1-5,0.1785,6.7,0.1493,1.196,100,settled,0,0.0,0,0
2026-09-04 17:52:08,20260904,24,2,18:08,,SKIP,,,,,0,skip,,,,0
2026-09-04 17:59:57,20260904,20,7,18:17,,SKIP,,,,,0,skip,,,,0
2026-09-04 18:07:49,20260904,12,8,18:25,pos,1-4,0.1648,5.5,0.1818,0.906,100,settled,0,0.0,0,0
2026-09-04 18:07:49,20260904,12,8,18:25,pos,1-5,0.0369,25.0,0.04,0.922,100,settled,0,0.0,0,0
2026-09-04 18:18:09,20260904,24,3,18:34,,SKIP,,,,,0,skip,,,,0
2026-09-04 18:23:27,20260904,7,8,18:41,pos,1-4,0.0158,34.7,0.0288,0.548,100,settled,0,0.0,0,0
2026-09-04 18:23:27,20260904,7,8,18:41,pos,1-5,0.0734,23.4,0.0427,1.718,100,settled,0,0.0,0,1
2026-09-04 18:31:15,20260904,20,8,18:48,pos,1-4,0.0605,18.0,0.0556,1.089,100,settled,0,0.0,0,0
2026-09-04 18:31:15,20260904,20,8,18:48,pos,1-5,0.0938,28.8,0.0347,2.701,100,settled,0,0.0,0,1
2026-09-04 18:39:04,20260904,12,9,18:55,pos,1-4,0.2065,3.4,0.2941,0.702,100,settled,0,0.0,0,0
2026-09-04 18:39:04,20260904,12,9,18:55,pos,1-5,0.0581,31.8,0.0314,1.846,100,settled,0,0.0,0,1
2026-09-04 18:46:53,20260904,24,4,19:03,,SKIP,,,,,0,skip,,,,0
2026-09-04 18:52:12,20260904,7,9,19:10,uvpx50,1-5,0.0478,19.4,0.0515,0.928,100,settled,0,0.0,0,1
2026-09-04 19:00:01,20260904,20,9,19:16,uvpx50,1-4,0.0856,12.0,0.0833,1.027,100,settled,0,0.0,0,1
2026-09-04 19:05:19,20260904,12,10,19:23,,SKIP,,,,,0,skip,,,,0
2026-09-04 19:13:09,20260904,24,5,19:30,pos,1-4,0.0449,16.0,0.0625,0.719,100,settled,0,0.0,0,0
2026-09-04 19:13:09,20260904,24,5,19:30,pos,1-5,0.368,4.1,0.2439,1.509,100,settled,0,0.0,0,0
2026-09-04 19:23:27,20260904,7,10,19:39,,SKIP,,,,,0,skip,,,,0
2026-09-04 19:31:14,20260904,20,10,19:48,pos,1-4,0.0523,17.9,0.0559,0.936,100,settled,0,0.0,0,0
2026-09-04 19:31:14,20260904,20,10,19:48,pos,1-5,0.0455,18.7,0.0535,0.852,100,settled,0,0.0,0,0
2026-09-04 19:39:05,20260904,24,6,19:56,,SKIP,,,,,0,skip,,,,0
2026-09-04 19:46:55,20260904,12,11,20:03,uvpx50,1-2,0.2219,2.6,0.3846,0.577,100,settled,0,0.0,0,1
2026-09-04 19:52:14,20260904,7,11,20:08,uvpx50,1-5,0.1348,11.5,0.087,1.55,100,settled,0,0.0,0,1
2026-09-04 20:00:04,20260904,20,11,20:17,,SKIP,,,,,0,skip,,,,0
2026-09-04 20:07:54,20260904,24,7,20:25,,SKIP,,,,,0,skip,,,,0
2026-09-04 20:13:12,20260904,12,12,20:31,pos,1-4,0.0578,17.6,0.0568,1.018,100,settled,0,0.0,0,0
2026-09-04 20:13:12,20260904,12,12,20:31,pos,1-5,0.0412,8.2,0.122,0.338,100,settled,0,0.0,0,0
2026-09-04 20:21:02,20260904,7,12,20:38,,SKIP,,,,,0,skip,,,,0
2026-09-04 20:28:50,20260904,20,12,20:45,,SKIP,,,,,0,skip,,,,0
2026-09-04 20:41:37,20260904,24,8,20:59,,SKIP,,,,,0,skip,,,,0
2026-09-04 21:09:28,20260904,24,9,21:25,pos,1-4,0.3013,3.7,0.2703,1.115,100,settled,0,0.0,0,0
2026-09-04 21:09:28,20260904,24,9,21:25,pos,1-5,0.0846,13.9,0.0719,1.176,100,settled,0,0.0,0,0
2026-09-04 21:34:49,20260904,24,10,21:51,pos,1-4,0.2163,5.6,0.1786,1.211,100,settled,0,0.0,0,0
2026-09-04 21:34:49,20260904,24,10,21:51,pos,1-5,0.0678,13.9,0.0719,0.943,100,settled,0,0.0,0,0
2026-09-04 22:02:40,20260904,24,11,22:20,,SKIP,,,,,0,skip,,,,0
2026-09-04 22:28:01,20260904,24,12,22:45,,SKIP,,,,,0,skip,,,,0
2026-09-05 08:16:00,20260905,10,1,08:32,pos,1-4,0.2609,2.7,0.3704,0.704,100,settled,0,0.0,0,0
2026-09-05 08:16:00,20260905,10,1,08:32,pos,1-5,0.1111,8.5,0.1176,0.944,100,settled,0,0.0,0,0
2026-09-05 08:26:19,20260905,18,1,08:44,,SKIP,,,,,0,skip,,,,0
2026-09-05 08:41:38,20260905,10,2,08:58,,SKIP,,,,,0,skip,,,,0
2026-09-05 08:54:26,20260905,18,2,09:10,,SKIP,,,,,0,skip,,,,0
2026-09-05 09:07:16,20260905,10,3,09:24,,SKIP,,,,,0,skip,,,,0
2026-09-05 09:20:06,20260905,18,3,09:36,,SKIP,,,,,0,skip,,,,0
2026-09-05 09:32:56,20260905,10,4,09:50,,SKIP,,,,,0,skip,,,,0
2026-09-05 09:45:46,20260905,18,4,10:02,,SKIP,,,,,0,skip,,,,0
2026-09-05 10:01:05,20260905,10,5,10:18,,SKIP,,,,,0,skip,,,,0
2026-09-05 10:11:26,20260905,18,5,10:29,,SKIP,,,,,0,skip,,,,0
2026-09-05 10:16:45,20260905,11,1,10:33,pos,1-4,0.0222,39.4,0.0254,0.873,100,settled,0,0.0,0,0
2026-09-05 10:16:45,20260905,11,1,10:33,pos,1-5,0.0641,11.6,0.0862,0.744,100,settled,0,0.0,0,0
2026-09-05 10:19:24,20260905,13,1,10:36,,SKIP,,,,,0,skip,,,,0
2026-09-05 10:24:53,20260905,9,1,10:42,,SKIP,,,,,0,skip,,,,0
2026-09-05 10:30:13,20260905,2,1,10:47,,SKIP,,,,,0,skip,,,,0
2026-09-05 10:32:53,20260905,10,6,10:50,,SKIP,,,,,0,skip,,,,0
2026-09-05 10:38:20,20260905,4,1,10:55,uvpx50,1-5,0.0788,31.2,0.0321,2.459,100,settled,0,0.0,0,1
2026-09-05 10:38:20,20260905,17,1,10:54,,SKIP,,,,,0,skip,,,,0
2026-09-05 10:41:20,20260905,18,6,10:59,,SKIP,,,,,0,skip,,,,0
2026-09-05 10:44:10,20260905,11,2,11:02,,SKIP,,,,,0,skip,,,,0
2026-09-05 10:49:35,20260905,13,2,11:05,,SKIP,,,,,0,skip,,,,0
2026-09-05 10:54:56,20260905,9,2,11:12,,SKIP,,,,,0,skip,,,,0
2026-09-05 10:57:37,20260905,3,1,11:14,,SKIP,,,,,0,skip,,,,0
2026-09-05 11:00:28,20260905,2,2,11:16,pos,1-4,0.0617,25.9,0.0386,1.599,100,settled,0,0.0,0,1
2026-09-05 11:00:28,20260905,2,2,11:16,pos,1-5,0.0566,57.0,0.0175,3.224,100,settled,2010,2010.0,1,1
2026-09-05 11:03:28,20260905,10,7,11:20,,SKIP,,,,,0,skip,,,,0
2026-09-05 11:06:06,20260905,4,2,11:24,,SKIP,,,,,0,skip,,,,0
2026-09-05 11:06:06,20260905,17,2,11:23,pos,1-4,0.0551,14.6,0.0685,0.805,100,settled,0,0.0,0,0
2026-09-05 11:06:06,20260905,17,2,11:23,pos,1-5,0.1963,11.7,0.0855,2.297,100,settled,410,410.0,1,0
2026-09-05 11:14:24,20260905,18,7,11:31,,SKIP,,,,,0,skip,,,,0
2026-09-05 11:17:04,20260905,11,3,11:34,,SKIP,,,,,0,skip,,,,0
2026-09-05 11:19:54,20260905,13,3,11:37,,SKIP,,,,,0,skip,,,,0
2026-09-05 11:25:24,20260905,3,2,11:41,,SKIP,,,,,0,skip,,,,0
2026-09-05 11:25:24,20260905,9,3,11:42,,SKIP,,,,,0,skip,,,,0
2026-09-05 11:28:22,20260905,2,3,11:45,pos,1-4,0.205,26.3,0.038,5.392,100,settled,0,0.0,0,1
2026-09-05 11:28:22,20260905,2,3,11:45,pos,1-5,0.2053,38.0,0.0263,7.802,100,settled,0,0.0,0,1
2026-09-05 11:31:12,20260905,22,1,11:48,,SKIP,,,,,0,skip,,,,0
2026-09-05 11:34:02,20260905,10,8,11:50,,SKIP,,,,,0,skip,,,,0
2026-09-05 11:36:50,20260905,4,3,11:53,,SKIP,,,,,0,skip,,,,0
2026-09-05 11:42:17,20260905,13,4,12:00,,SKIP,,,,,0,skip,,,,0
2026-09-05 11:44:57,20260905,11,4,12:02,,SKIP,,,,,0,skip,,,,0
2026-09-05 11:50:25,20260905,3,3,12:08,uvpx50,1-6,0.0448,24.6,0.0407,1.103,100,settled,0,0.0,0,1
2026-09-05 11:50:25,20260905,18,8,12:06,,SKIP,,,,,0,skip,,,,0
2026-09-05 11:53:22,20260905,17,3,12:11,,SKIP,,,,,0,skip,,,,0
2026-09-05 11:56:11,20260905,2,4,12:14,,SKIP,,,,,0,skip,,,,0
2026-09-05 11:56:11,20260905,9,4,12:13,,SKIP,,,,,0,skip,,,,0
2026-09-05 12:02:01,20260905,22,2,12:18,uvpx50,1-6,0.046,73.8,0.0136,3.397,100,settled,0,0.0,0,1
2026-09-05 12:04:40,20260905,4,4,12:22,,SKIP,,,,,0,skip,,,,0
2026-09-05 12:07:29,20260905,10,9,12:25,,SKIP,,,,,0,skip,,,,0
2026-09-05 12:15:26,20260905,11,5,12:33,pos,1-4,0.3734,4.1,0.2439,1.531,100,settled,0,0.0,0,0
2026-09-05 12:15:26,20260905,11,5,12:33,pos,1-5,0.0723,74.2,0.0135,5.363,100,settled,0,0.0,0,1
2026-09-05 12:15:26,20260905,13,5,12:31,,SKIP,,,,,0,skip,,,,0
2026-09-05 12:18:26,20260905,3,4,12:35,,SKIP,,,,,0,skip,,,,0
2026-09-05 12:21:15,20260905,17,4,12:38,,SKIP,,,,,0,skip,,,,0
2026-09-05 12:24:05,20260905,18,9,12:41,,SKIP,,,,,0,skip,,,,0
2026-09-05 12:26:54,20260905,2,5,12:44,pos,1-4,0.3833,7.7,0.1299,2.951,100,settled,0,0.0,0,0
2026-09-05 12:26:54,20260905,2,5,12:44,pos,1-5,0.0314,49.3,0.0203,1.547,100,settled,0,0.0,0,0
2026-09-05 12:26:54,20260905,2,5,12:44,uvpx50,1-6,0.0547,15.3,0.0654,0.837,100,settled,0,0.0,0,1
2026-09-05 12:26:54,20260905,9,5,12:44,,SKIP,,,,,0,skip,,,,0
2026-09-05 12:32:37,20260905,22,3,12:49,,SKIP,,,,,0,skip,,,,0
2026-09-05 12:35:18,20260905,4,5,12:52,,SKIP,,,,,0,skip,,,,0
2026-09-05 12:40:46,20260905,10,10,12:58,,SKIP,,,,,0,skip,,,,0
2026-09-05 12:46:05,20260905,3,5,13:02,,SKIP,,,,,0,skip,,,,0
2026-09-05 12:46:05,20260905,17,5,13:03,,SKIP,,,,,0,skip,,,,0
2026-09-05 12:48:54,20260905,11,6,13:06,pos,1-4,0.0163,43.8,0.0228,0.715,100,settled,0,0.0,0,0
2026-09-05 12:48:54,20260905,11,6,13:06,pos,1-5,0.0291,131.6,0.0076,3.828,100,settled,0,0.0,0,0
2026-09-05 12:54:32,20260905,13,6,13:10,pos,1-4,0.4329,2.2,0.4545,0.952,100,settled,0,0.0,0,0
2026-09-05 12:54:32,20260905,13,6,13:10,pos,1-5,0.0771,24.6,0.0407,1.895,100,settled,0,0.0,0,1
2026-09-05 12:54:32,20260905,18,10,13:12,,SKIP,,,,,0,skip,,,,0
2026-09-05 12:57:29,20260905,2,6,13:14,uvpx50,1-4,0.0523,23.3,0.0429,1.219,100,settled,0,0.0,0,1
2026-09-05 12:57:29,20260905,9,6,13:15,,SKIP,,,,,0,skip,,,,0
2026-09-05 13:05:50,20260905,4,6,13:22,uvpx50,1-3,0.043,28.5,0.0351,1.224,100,settled,0,0.0,0,1
2026-09-05 13:08:29,20260905,22,4,13:25,,SKIP,,,,,0,skip,,,,0
2026-09-05 13:11:18,20260905,3,6,13:29,,SKIP,,,,,0,skip,,,,0
2026-09-05 13:14:07,20260905,17,6,13:31,,SKIP,,,,,0,skip,,,,0
2026-09-05 13:16:57,20260905,10,11,13:33,,SKIP,,,,,0,skip,,,,0
2026-09-05 13:19:45,20260905,11,7,13:36,pos,1-4,0.2224,4.6,0.2174,1.023,100,settled,0,0.0,0,0
2026-09-05 13:19:45,20260905,11,7,13:36,pos,1-5,0.0283,19.0,0.0526,0.538,100,settled,0,0.0,0,0
2026-09-05 13:22:33,20260905,13,7,13:39,,SKIP,,,,,0,skip,,,,0
2026-09-05 13:28:02,20260905,2,7,13:45,,SKIP,,,,,0,skip,,,,0
2026-09-05 13:28:02,20260905,9,7,13:46,,SKIP,,,,,0,skip,,,,0
2026-09-05 13:33:38,20260905,18,11,13:50,,SKIP,,,,,0,skip,,,,0
2026-09-05 13:36:19,20260905,4,7,13:53,,SKIP,,,,,0,skip,,,,0
2026-09-05 13:39:08,20260905,3,7,13:56,,SKIP,,,,,0,skip,,,,0
2026-09-05 13:41:56,20260905,22,5,13:58,pos,1-4,0.155,23.6,0.0424,3.658,100,settled,0,0.0,0,1
2026-09-05 13:41:56,20260905,22,5,13:58,pos,1-5,0.0297,126.2,0.0079,3.747,100,settled,0,0.0,0,0
2026-09-05 13:44:45,20260905,17,7,14:02,,SKIP,,,,,0,skip,,,,0
2026-09-05 13:50:14,20260905,11,8,14:07,,SKIP,,,,,0,skip,,,,0
2026-09-05 13:52:53,20260905,13,8,14:09,,SKIP,,,,,0,skip,,,,0
2026-09-05 13:55:43,20260905,10,12,14:11,,SKIP,,,,,0,skip,,,,0
2026-09-05 13:58:40,20260905,2,8,14:16,,SKIP,,,,,0,skip,,,,0
2026-09-05 14:01:19,20260905,9,8,14:18,,SKIP,,,,,0,skip,,,,0
2026-09-05 14:06:46,20260905,3,8,14:24,pos,1-4,0.144,2.0,0.5,0.288,100,settled,0,0.0,0,0
2026-09-05 14:06:46,20260905,3,8,14:24,pos,1-5,0.2253,20.4,0.049,4.597,100,settled,0,0.0,0,1
2026-09-05 14:06:46,20260905,4,8,14:24,pos,1-4,0.0449,28.0,0.0357,1.257,100,settled,0,0.0,0,0
2026-09-05 14:06:46,20260905,4,8,14:24,pos,1-5,0.1373,17.3,0.0578,2.375,100,settled,0,0.0,0,0
2026-09-05 14:09:37,20260905,22,6,14:27,uvpx50,1-5,0.0251,72.7,0.0138,1.822,100,settled,0,0.0,0,1
2026-09-05 14:12:32,20260905,18,12,14:30,,SKIP,,,,,0,skip,,,,0
2026-09-05 14:20:30,20260905,13,9,14:37,,SKIP,,,,,0,skip,,,,0
2026-09-05 14:23:08,20260905,11,9,14:39,pos,1-4,0.0408,31.9,0.0313,1.302,100,settled,0,0.0,0,0
2026-09-05 14:23:08,20260905,11,9,14:39,pos,1-5,0.0889,41.4,0.0242,3.681,100,settled,0,0.0,0,1
2026-09-05 14:28:37,20260905,17,8,14:46,,SKIP,,,,,0,skip,,,,0
2026-09-05 14:31:16,20260905,2,9,14:48,,SKIP,,,,,0,skip,,,,0
2026-09-05 14:34:02,20260905,3,9,14:52,,SKIP,,,,,0,skip,,,,0
2026-09-05 14:34:02,20260905,9,9,14:50,,SKIP,,,,,0,skip,,,,0
2026-09-05 14:39:46,20260905,4,9,14:56,,SKIP,,,,,0,skip,,,,0
2026-09-05 14:45:06,20260905,22,7,15:01,pos,1-4,0.0455,11.3,0.0885,0.514,100,settled,0,0.0,0,0
2026-09-05 14:45:06,20260905,22,7,15:01,pos,1-5,0.5265,3.5,0.2857,1.843,100,settled,0,0.0,0,0
2026-09-05 14:50:25,20260905,13,10,15:07,uvpx50,1-4,0.0927,4.3,0.2326,0.399,100,settled,0,0.0,0,1
2026-09-05 14:53:05,20260905,11,10,15:09,,SKIP,,,,,0,skip,,,,0
2026-09-05 14:58:31,20260905,17,9,15:15,,SKIP,,,,,0,skip,,,,0
2026-09-05 15:01:11,20260905,1,1,15:19,,SKIP,,,,,0,skip,,,,0
2026-09-05 15:01:11,20260905,12,1,15:17,,SKIP,,,,,0,skip,,,,0
2026-09-05 15:04:06,20260905,2,10,15:21,uvpx50,1-5,0.0401,18.8,0.0532,0.753,100,settled,0,0.0,0,1
2026-09-05 15:04:06,20260905,3,10,15:22,uvpx50,1-2,0.1532,2.1,0.4762,0.322,100,settled,0,0.0,0,1
2026-09-05 15:07:15,20260905,7,1,15:25,uvpx50,1-4,0.0667,9.4,0.1064,0.627,100,settled,0,0.0,0,1
2026-09-05 15:07:15,20260905,9,10,15:23,,SKIP,,,,,0,skip,,,,0
2026-09-05 15:10:33,20260905,20,1,15:27,,SKIP,,,,,0,skip,,,,0
2026-09-05 15:13:20,20260905,4,10,15:29,,SKIP,,,,,0,skip,,,,0
2026-09-05 15:13:20,20260905,22,8,15:31,,SKIP,,,,,0,skip,,,,0
2026-09-05 15:19:06,20260905,13,11,15:36,,SKIP,,,,,0,skip,,,,0
2026-09-05 15:21:45,20260905,11,11,15:38,,SKIP,,,,,0,skip,,,,0
2026-09-05 15:24:35,20260905,12,2,15:42,pos,1-4,0.1378,8.7,0.1149,1.199,100,settled,0,0.0,0,0
2026-09-05 15:24:35,20260905,12,2,15:42,pos,1-5,0.0251,14.3,0.0699,0.359,100,settled,0,0.0,0,0
2026-09-05 15:27:26,20260905,1,2,15:43,,SKIP,,,,,0,skip,,,,0
2026-09-05 15:30:24,20260905,17,10,15:48,,SKIP,,,,,0,skip,,,,0
2026-09-05 15:33:04,20260905,7,2,15:50,uvpx50,1-4,0.0811,37.9,0.0264,3.075,100,settled,0,0.0,0,1
2026-09-05 15:35:50,20260905,3,11,15:53,uvpx50,1-4,0.146,9.4,0.1064,1.372,100,settled,0,0.0,0,1
2026-09-05 15:38:41,20260905,2,11,15:55,,SKIP,,,,,0,skip,,,,0
2026-09-05 15:38:41,20260905,22,9,15:56,,SKIP,,,,,0,skip,,,,0
2026-09-05 15:41:42,20260905,9,11,15:58,,SKIP,,,,,0,skip,,,,0
2026-09-05 15:44:41,20260905,20,2,16:01,,SKIP,,,,,0,skip,,,,0
2026-09-05 15:47:31,20260905,4,11,16:03,,SKIP,,,,,0,skip,,,,0
2026-09-05 15:50:30,20260905,1,3,16:07,,SKIP,,,,,0,skip,,,,0
2026-09-05 15:53:09,20260905,12,3,16:11,pos,1-4,0.0992,15.8,0.0633,1.567,100,settled,0,0.0,0,0
2026-09-05 15:53:09,20260905,12,3,16:11,pos,1-5,0.135,9.8,0.102,1.323,100,settled,0,0.0,0,0
2026-09-05 15:53:09,20260905,13,12,16:09,,SKIP,,,,,0,skip,,,,0
2026-09-05 15:56:07,20260905,11,12,16:14,,SKIP,,,,,0,skip,,,,0
2026-09-05 15:59:05,20260905,17,11,16:17,,SKIP,,,,,0,skip,,,,0
2026-09-05 16:01:55,20260905,7,3,16:19,uvpx50,1-6,0.0463,63.9,0.0156,2.958,100,settled,0,0.0,0,1
2026-09-05 16:07:23,20260905,3,12,16:25,,SKIP,,,,,0,skip,,,,0
2026-09-05 16:07:23,20260905,22,10,16:23,pos,1-4,0.0727,6.6,0.1515,0.48,100,settled,0,0.0,0,0
2026-09-05 16:07:23,20260905,22,10,16:23,pos,1-5,0.0821,10.1,0.099,0.829,100,settled,0,0.0,0,0
2026-09-05 16:10:22,20260905,20,3,16:27,pos,1-4,0.0999,10.9,0.0917,1.089,100,settled,0,0.0,0,0
2026-09-05 16:10:22,20260905,20,3,16:27,pos,1-5,0.2293,6.9,0.1449,1.582,100,settled,0,0.0,0,0
2026-09-05 16:13:10,20260905,2,12,16:30,pos,1-4,0.0264,21.2,0.0472,0.56,100,settled,0,0.0,0,0
2026-09-05 16:13:10,20260905,2,12,16:30,pos,1-5,0.2714,3.1,0.3226,0.841,100,settled,320,320.0,1,0
2026-09-05 16:13:10,20260905,2,12,16:30,uvpx50,1-2,0.2359,12.8,0.0781,3.019,100,settled,0,0.0,0,1
2026-09-05 16:15:59,20260905,1,4,16:33,,SKIP,,,,,0,skip,,,,0
2026-09-05 16:18:49,20260905,9,12,16:35,,SKIP,,,,,0,skip,,,,0
2026-09-05 16:21:37,20260905,4,12,16:38,,SKIP,,,,,0,skip,,,,0
2026-09-05 16:27:05,20260905,12,4,16:44,,SKIP,,,,,0,skip,,,,0
2026-09-05 16:29:43,20260905,7,4,16:46,pos,1-4,0.0334,12.3,0.0813,0.41,100,settled,0,0.0,0,0
2026-09-05 16:29:43,20260905,7,4,16:46,pos,1-5,0.0131,24.7,0.0405,0.324,100,settled,0,0.0,0,0
2026-09-05 16:32:32,20260905,17,12,16:49,,SKIP,,,,,0,skip,,,,0
2026-09-05 16:35:19,20260905,22,11,16:51,pos,1-4,0.0454,24.7,0.0405,1.122,100,settled,0,0.0,0,0
2026-09-05 16:35:19,20260905,22,11,16:51,pos,1-5,0.1382,12.7,0.0787,1.756,100,settled,740,740.0,1,0
2026-09-05 16:38:06,20260905,20,4,16:54,,SKIP,,,,,0,skip,,,,0
2026-09-05 16:43:33,20260905,1,5,17:01,,SKIP,,,,,0,skip,,,,0
2026-09-05 16:51:21,20260905,12,5,17:08,pos,1-4,0.2012,11.8,0.0847,2.374,100,settled,0,0.0,0,0
2026-09-05 16:51:21,20260905,12,5,17:08,pos,1-5,0.0476,45.2,0.0221,2.154,100,settled,0,0.0,0,0
2026-09-05 16:59:09,20260905,7,5,17:15,,SKIP,,,,,0,skip,,,,0
2026-09-05 17:04:27,20260905,20,5,17:20,,SKIP,,,,,0,skip,,,,0
2026-09-05 17:09:46,20260905,22,12,17:26,pos,1-4,0.0626,9.7,0.1031,0.608,100,settled,0,0.0,0,0
2026-09-05 17:09:46,20260905,22,12,17:26,pos,1-5,0.1825,10.1,0.099,1.843,100,settled,640,640.0,1,0
2026-09-05 17:12:24,20260905,1,6,17:29,,SKIP,,,,,0,skip,,,,0
2026-09-05 17:20:23,20260905,12,6,17:37,uvpx50,1-3,0.1629,6.7,0.1493,1.091,100,settled,0,0.0,0,1
2026-09-05 17:28:11,20260905,7,6,17:44,,SKIP,,,,,0,skip,,,,0
2026-09-05 17:33:29,20260905,20,6,17:51,,SKIP,,,,,0,skip,,,,0
2026-09-05 17:41:19,20260905,1,7,17:57,uvpx50,1-6,0.047,30.4,0.0329,1.427,100,settled,0,0.0,0,1
2026-09-05 17:46:39,20260905,12,7,18:04,,SKIP,,,,,0,skip,,,,0
2026-09-05 17:54:28,20260905,7,7,18:11,pos,1-4,0.0925,14.0,0.0714,1.295,100,settled,0,0.0,0,0
2026-09-05 17:54:28,20260905,7,7,18:11,pos,1-5,0.0232,32.7,0.0306,0.758,100,settled,0,0.0,0,0
2026-09-05 17:54:28,20260905,7,7,18:11,uvpx50,1-2,0.0393,11.5,0.087,0.452,100,settled,0,0.0,0,1
2026-09-05 18:00:44,20260905,20,7,18:18,,SKIP,,,,,0,skip,,,,0
2026-09-05 18:08:32,20260905,1,8,18:25,,SKIP,,,,,0,skip,,,,0
2026-09-05 18:16:22,20260905,12,8,18:32,,SKIP,,,,,0,skip,,,,0
2026-09-05 18:21:41,20260905,7,8,18:39,,SKIP,,,,,0,skip,,,,0
2026-09-05 18:28:02,20260905,20,8,18:46,pos,1-4,0.0731,23.7,0.0422,1.733,100,settled,0,0.0,0,1
2026-09-05 18:28:02,20260905,20,8,18:46,pos,1-5,0.108,19.6,0.051,2.116,100,settled,790,790.0,1,0
2026-09-05 18:37:50,20260905,1,9,18:54,,SKIP,,,,,0,skip,,,,0
2026-09-05 18:45:41,20260905,12,9,19:02,,SKIP,,,,,0,skip,,,,0
2026-09-05 18:51:02,20260905,7,9,19:09,uvpx50,1-2,0.125,3.6,0.2778,0.45,100,settled,0,0.0,0,1
2026-09-05 18:58:50,20260905,20,9,19:16,,SKIP,,,,,0,skip,,,,0
2026-09-05 19:06:37,20260905,1,10,19:24,,SKIP,,,,,0,skip,,,,0
2026-09-05 19:14:27,20260905,12,10,19:32,,SKIP,,,,,0,skip,,,,0
2026-09-05 19:22:19,20260905,7,10,19:40,pos,1-4,0.11,8.8,0.1136,0.968,100,settled,0,0.0,0,0
2026-09-05 19:22:19,20260905,7,10,19:40,pos,1-5,0.0778,12.1,0.0826,0.941,100,settled,0,0.0,0,0
2026-09-05 19:22:19,20260905,7,10,19:40,uvpx50,1-4,0.11,8.8,0.1136,0.968,100,settled,0,0.0,0,1
2026-09-05 19:30:06,20260905,20,10,19:48,,SKIP,,,,,0,skip,,,,0
2026-09-05 19:40:44,20260905,1,11,19:57,,SKIP,,,,,0,skip,,,,0
2026-09-05 19:46:01,20260905,12,11,20:04,,SKIP,,,,,0,skip,,,,0
2026-09-05 19:53:51,20260905,7,11,20:10,pos,1-4,0.5153,1.0,1.0,0.515,100,settled,230,230.0,1,0
2026-09-05 19:53:51,20260905,7,11,20:10,pos,1-5,0.0482,41.2,0.0243,1.987,100,settled,0,0.0,0,0
2026-09-05 19:59:10,20260905,20,11,20:16,,SKIP,,,,,0,skip,,,,0
2026-09-05 20:14:29,20260905,1,12,20:30,,SKIP,,,,,0,skip,,,,0
2026-09-05 20:17:18,20260905,12,12,20:35,uvpx50,1-4,0.0747,5.8,0.1724,0.433,100,settled,0,0.0,0,1
2026-09-05 20:22:37,20260905,7,12,20:40,,SKIP,,,,,0,skip,,,,0
2026-09-05 20:27:54,20260905,20,12,20:45,,SKIP,,,,,0,skip,,,,0
2026-09-06 08:14:14,20260906,10,1,08:32,pos,1-4,0.2443,6.0,0.1667,1.466,100,settled,0,0.0,0,0
2026-09-06 08:14:14,20260906,10,1,08:32,pos,1-5,0.0972,5.1,0.1961,0.496,100,settled,0,0.0,0,0
2026-09-06 08:27:03,20260906,14,1,08:44,pos,1-4,0.2055,5.5,0.1818,1.13,100,settled,0,0.0,0,0
2026-09-06 08:27:03,20260906,14,1,08:44,pos,1-5,0.0556,22.7,0.0441,1.261,100,settled,0,0.0,0,1
2026-09-06 08:42:23,20260906,10,2,08:58,,SKIP,,,,,0,skip,,,,0
2026-09-06 08:52:45,20260906,14,2,09:10,,SKIP,,,,,0,skip,,,,0
2026-09-06 09:08:04,20260906,10,3,09:24,,SKIP,,,,,0,skip,,,,0
2026-09-06 09:18:24,20260906,14,3,09:36,pos,1-4,0.0323,21.7,0.0461,0.7,100,settled,0,0.0,0,0
2026-09-06 09:18:24,20260906,14,3,09:36,pos,1-5,0.326,5.0,0.2,1.63,100,settled,0,0.0,0,0
2026-09-06 09:33:46,20260906,10,4,09:50,pos,1-4,0.185,11.0,0.0909,2.035,100,settled,0,0.0,0,0
2026-09-06 09:33:46,20260906,10,4,09:50,pos,1-5,0.0548,11.7,0.0855,0.641,100,settled,0,0.0,0,0
2026-09-06 09:44:06,20260906,14,4,10:02,pos,1-4,0.0423,46.7,0.0214,1.974,100,settled,0,0.0,0,0
2026-09-06 09:44:06,20260906,14,4,10:02,pos,1-5,0.053,25.3,0.0395,1.341,100,settled,0,0.0,0,1
2026-09-06 10:01:58,20260906,10,5,10:18,,SKIP,,,,,0,skip,,,,0
2026-09-06 10:12:18,20260906,14,5,10:28,,SKIP,,,,,0,skip,,,,0
2026-09-06 10:17:37,20260906,11,1,10:35,,SKIP,,,,,0,skip,,,,0
2026-09-06 10:25:28,20260906,9,1,10:42,,SKIP,,,,,0,skip,,,,0
2026-09-06 10:30:46,20260906,2,1,10:47,,SKIP,,,,,0,skip,,,,0
2026-09-06 10:33:27,20260906,10,6,10:50,pos,1-4,0.1863,8.0,0.125,1.49,100,settled,360,360.0,1,0
2026-09-06 10:33:27,20260906,10,6,10:50,pos,1-5,0.0685,15.3,0.0654,1.047,100,settled,0,0.0,0,0
2026-09-06 10:36:16,20260906,17,1,10:54,,SKIP,,,,,0,skip,,,,0
2026-09-06 10:39:05,20260906,4,1,10:55,,SKIP,,,,,0,skip,,,,0
2026-09-06 10:41:52,20260906,14,6,10:58,,SKIP,,,,,0,skip,,,,0
2026-09-06 10:47:20,20260906,11,2,11:05,,SKIP,,,,,0,skip,,,,0
2026-09-06 10:55:10,20260906,9,2,11:12,,SKIP,,,,,0,skip,,,,0
2026-09-06 10:57:50,20260906,3,1,11:14,,SKIP,,,,,0,skip,,,,0
2026-09-06 11:00:41,20260906,2,2,11:16,,SKIP,,,,,0,skip,,,,0
2026-09-06 11:03:39,20260906,10,7,11:19,,SKIP,,,,,0,skip,,,,0
2026-09-06 11:06:29,20260906,4,2,11:24,,SKIP,,,,,0,skip,,,,0
2026-09-06 11:06:29,20260906,17,2,11:23,,SKIP,,,,,0,skip,,,,0
2026-09-06 11:12:07,20260906,14,7,11:28,,SKIP,,,,,0,skip,,,,0
2026-09-06 11:19:57,20260906,11,3,11:36,,SKIP,,,,,0,skip,,,,0
2026-09-06 11:25:15,20260906,3,2,11:41,,SKIP,,,,,0,skip,,,,0
2026-09-06 11:25:15,20260906,9,3,11:42,,SKIP,,,,,0,skip,,,,0
2026-09-06 11:28:13,20260906,2,3,11:45,,SKIP,,,,,0,skip,,,,0
2026-09-06 11:31:02,20260906,22,1,11:48,,SKIP,,,,,0,skip,,,,0
2026-09-06 11:33:49,20260906,10,8,11:50,,SKIP,,,,,0,skip,,,,0
2026-09-06 11:36:07,20260906,4,3,11:53,,SKIP,,,,,0,skip,,,,0
2026-09-06 11:42:17,20260906,17,3,12:00,,SKIP,,,,,0,skip,,,,0
2026-09-06 11:47:36,20260906,11,4,12:03,,SKIP,,,,,0,skip,,,,0
2026-09-06 11:47:36,20260906,14,8,12:05,,SKIP,,,,,0,skip,,,,0
2026-09-06 11:50:35,20260906,3,3,12:08,,SKIP,,,,,0,skip,,,,0
2026-09-06 11:56:02,20260906,2,4,12:14,,SKIP,,,,,0,skip,,,,0
2026-09-06 11:56:02,20260906,9,4,12:13,,SKIP,,,,,0,skip,,,,0
2026-09-06 12:01:42,20260906,22,2,12:18,pos,1-4,0.0703,18.6,0.0538,1.308,100,settled,0,0.0,0,0
2026-09-06 12:01:42,20260906,22,2,12:18,pos,1-5,0.267,6.2,0.1613,1.656,100,settled,0,0.0,0,0
2026-09-06 12:04:21,20260906,4,4,12:22,,SKIP,,,,,0,skip,,,,0
2026-09-06 12:07:09,20260906,10,9,12:25,,SKIP,,,,,0,skip,,,,0
2026-09-06 12:15:07,20260906,17,4,12:31,pos,1-4,0.2915,3.5,0.2857,1.02,100,settled,0,0.0,0,0
2026-09-06 12:15:07,20260906,17,4,12:31,pos,1-5,0.0844,15.8,0.0633,1.334,100,settled,0,0.0,0,0
2026-09-06 12:17:45,20260906,3,4,12:35,,SKIP,,,,,0,skip,,,,0
2026-09-06 12:17:45,20260906,11,5,12:34,,SKIP,,,,,0,skip,,,,0
2026-09-06 12:20:43,20260906,14,9,12:38,pos,1-4,0.3389,3.5,0.2857,1.186,100,settled,0,0.0,0,0
2026-09-06 12:20:43,20260906,14,9,12:38,pos,1-5,0.0602,43.8,0.0228,2.638,100,settled,0,0.0,0,1
2026-09-06 12:26:22,20260906,2,5,12:44,pos,1-4,0.3994,5.6,0.1786,2.237,100,settled,0,0.0,0,0
2026-09-06 12:26:22,20260906,2,5,12:44,pos,1-5,0.1112,30.4,0.0329,3.381,100,settled,0,0.0,0,1
2026-09-06 12:26:22,20260906,9,5,12:44,,SKIP,,,,,0,skip,,,,0
2026-09-06 12:31:59,20260906,22,3,12:49,uvpx50,1-6,0.0972,22.1,0.0452,2.149,100,settled,0,0.0,0,1
2026-09-06 12:34:39,20260906,4,5,12:52,,SKIP,,,,,0,skip,,,,0
2026-09-06 12:40:09,20260906,10,10,12:56,,SKIP,,,,,0,skip,,,,0
2026-09-06 12:45:29,20260906,3,5,13:02,,SKIP,,,,,0,skip,,,,0
2026-09-06 12:45:29,20260906,17,5,13:01,,SKIP,,,,,0,skip,,,,0
2026-09-06 12:48:27,20260906,11,6,13:05,,SKIP,,,,,0,skip,,,,0
2026-09-06 12:51:16,20260906,14,10,13:09,,SKIP,,,,,0,skip,,,,0
2026-09-06 12:56:43,20260906,2,6,13:14,,SKIP,,,,,0,skip,,,,0
2026-09-06 12:59:23,20260906,9,6,13:15,,SKIP,,,,,0,skip,,,,0
2026-09-06 13:02:19,20260906,22,4,13:18,,SKIP,,,,,0,skip,,,,0
2026-09-06 13:04:59,20260906,4,6,13:22,,SKIP,,,,,0,skip,,,,0
2026-09-06 13:10:26,20260906,17,6,13:28,,SKIP,,,,,0,skip,,,,0
2026-09-06 13:13:04,20260906,3,6,13:29,,SKIP,,,,,0,skip,,,,0
2026-09-06 13:15:53,20260906,11,7,13:32,,SKIP,,,,,0,skip,,,,0
2026-09-06 13:18:43,20260906,10,11,13:35,pos,1-4,0.0523,12.5,0.08,0.654,100,settled,1520,1520.0,1,0
2026-09-06 13:18:43,20260906,10,11,13:35,pos,1-5,0.4279,3.7,0.2703,1.583,100,settled,0,0.0,0,0
2026-09-06 13:26:42,20260906,22,5,13:44,pos,1-4,0.3101,5.1,0.1961,1.581,100,settled,0,0.0,0,0
2026-09-06 13:26:42,20260906,22,5,13:44,pos,1-5,0.1263,7.8,0.1282,0.985,100,settled,0,0.0,0,0
2026-09-06 13:26:42,20260906,22,5,13:44,uvpx50,1-3,0.044,10.2,0.098,0.449,100,settled,0,0.0,0,1
2026-09-06 13:29:22,20260906,2,7,13:45,,SKIP,,,,,0,skip,,,,0
2026-09-06 13:29:22,20260906,9,7,13:46,,SKIP,,,,,0,skip,,,,0
2026-09-06 13:32:31,20260906,14,11,13:49,,SKIP,,,,,0,skip,,,,0
2026-09-06 13:35:20,20260906,4,7,13:53,,SKIP,,,,,0,skip,,,,0
2026-09-06 13:38:11,20260906,3,7,13:56,,SKIP,,,,,0,skip,,,,0
2026-09-06 13:43:39,20260906,17,7,14:01,,SKIP,,,,,0,skip,,,,0
2026-09-06 13:51:29,20260906,11,8,14:08,pos,1-4,0.0748,27.9,0.0358,2.086,100,settled,0,0.0,0,1
2026-09-06 13:51:29,20260906,11,8,14:08,pos,1-5,0.0079,35.5,0.0282,0.282,100,settled,0,0.0,0,0
2026-09-06 13:54:08,20260906,10,12,14:11,,SKIP,,,,,0,skip,,,,0
2026-09-06 13:56:59,20260906,22,6,14:14,pos,1-4,0.0188,12.9,0.0775,0.243,100,settled,0,0.0,0,0
2026-09-06 13:56:59,20260906,22,6,14:14,pos,1-5,0.2991,4.0,0.25,1.196,100,settled,0,0.0,0,0
2026-09-06 13:59:48,20260906,2,8,14:16,,SKIP,,,,,0,skip,,,,0
2026-09-06 14:02:38,20260906,9,8,14:18,,SKIP,,,,,0,skip,,,,0
2026-09-06 14:08:07,20260906,4,8,14:24,,SKIP,,,,,0,skip,,,,0
2026-09-06 14:10:47,20260906,14,12,14:28,,SKIP,,,,,0,skip,,,,0
2026-09-06 14:13:35,20260906,3,8,14:29,,SKIP,,,,,0,skip,,,,0
2026-09-06 14:19:04,20260906,17,8,14:36,,SKIP,,,,,0,skip,,,,0
2026-09-06 14:24:22,20260906,11,9,14:41,,SKIP,,,,,0,skip,,,,0
2026-09-06 14:27:01,20260906,22,7,14:44,pos,1-4,0.2323,5.9,0.1695,1.371,100,settled,0,0.0,0,0
2026-09-06 14:27:01,20260906,22,7,14:44,pos,1-5,0.0348,28.1,0.0356,0.978,100,settled,0,0.0,0,0
2026-09-06 14:32:28,20260906,2,9,14:48,,SKIP,,,,,0,skip,,,,0
2026-09-06 14:32:28,20260906,9,9,14:50,,SKIP,,,,,0,skip,,,,0
2026-09-06 14:38:03,20260906,4,9,14:56,,SKIP,,,,,0,skip,,,,0
2026-09-06 14:43:20,20260906,3,9,14:59,pos,1-4,0.0569,10.4,0.0962,0.592,100,settled,0,0.0,0,0
2026-09-06 14:43:20,20260906,3,9,14:59,pos,1-5,0.0406,23.7,0.0422,0.962,100,settled,0,0.0,0,0
2026-09-06 14:46:07,20260906,17,9,15:04,,SKIP,,,,,0,skip,,,,0
2026-09-06 14:53:57,20260906,11,10,15:11,pos,1-4,0.1018,11.9,0.084,1.211,100,settled,0,0.0,0,0
2026-09-06 14:53:57,20260906,11,10,15:11,pos,1-5,0.0114,37.4,0.0267,0.426,100,settled,0,0.0,0,0
2026-09-06 14:56:38,20260906,22,8,15:14,,SKIP,,,,,0,skip,,,,0
2026-09-06 14:59:29,20260906,12,1,15:17,,SKIP,,,,,0,skip,,,,0
2026-09-06 15:02:20,20260906,1,1,15:19,,SKIP,,,,,0,skip,,,,0
2026-09-06 15:05:10,20260906,2,10,15:21,pos,1-4,0.1202,6.0,0.1667,0.721,100,settled,0,0.0,0,0
2026-09-06 15:05:10,20260906,2,10,15:21,pos,1-5,0.2322,24.7,0.0405,5.735,100,settled,0,0.0,0,1
2026-09-06 15:05:10,20260906,2,10,15:21,uvpx50,1-2,0.09,6.2,0.1613,0.558,100,settled,0,0.0,0,1
2026-09-06 15:05:10,20260906,9,10,15:23,,SKIP,,,,,0,skip,,,,0
2026-09-06 15:08:20,20260906,3,10,15:25,,SKIP,,,,,0,skip,,,,0
2026-09-06 15:08:20,20260906,7,1,15:25,,SKIP,,,,,0,skip,,,,0
2026-09-06 15:11:15,20260906,4,10,15:29,pos,1-4,0.0284,29.6,0.0338,0.841,100,settled,0,0.0,0,0
2026-09-06 15:11:15,20260906,4,10,15:29,pos,1-5,0.0591,5.4,0.1852,0.319,100,settled,0,0.0,0,0
2026-09-06 15:21:55,20260906,17,10,15:39,,SKIP,,,,,0,skip,,,,0
2026-09-06 15:24:35,20260906,12,2,15:42,,SKIP,,,,,0,skip,,,,0
2026-09-06 15:27:25,20260906,1,2,15:43,,SKIP,,,,,0,skip,,,,0
2026-09-06 15:30:24,20260906,11,11,15:47,pos,1-4,0.0606,11.3,0.0885,0.685,100,settled,0,0.0,0,0
2026-09-06 15:30:24,20260906,11,11,15:47,pos,1-5,0.0998,14.3,0.0699,1.427,100,settled,0,0.0,0,0
2026-09-06 15:33:04,20260906,22,9,15:50,,SKIP,,,,,0,skip,,,,0
2026-09-06 15:38:34,20260906,2,11,15:55,pos,1-4,0.1101,4.9,0.2041,0.539,100,settled,0,0.0,0,0
2026-09-06 15:38:34,20260906,2,11,15:55,pos,1-5,0.0631,16.9,0.0592,1.066,100,settled,0,0.0,0,0
2026-09-06 15:38:34,20260906,3,11,15:54,,SKIP,,,,,0,skip,,,,0
2026-09-06 15:41:31,20260906,7,2,15:57,uvpx50,1-2,0.0472,18.0,0.0556,0.85,100,settled,0,0.0,0,1
2026-09-06 15:41:31,20260906,9,11,15:58,,SKIP,,,,,0,skip,,,,0
2026-09-06 15:47:19,20260906,4,11,16:03,,SKIP,,,,,0,skip,,,,0
2026-09-06 15:49:59,20260906,1,3,16:06,uvpx50,1-5,0.0584,22.2,0.045,1.296,100,settled,0,0.0,0,1
2026-09-06 15:55:26,20260906,12,3,16:13,,SKIP,,,,,0,skip,,,,0
2026-09-06 15:55:26,20260906,17,11,16:11,,SKIP,,,,,0,skip,,,,0
2026-09-06 16:01:04,20260906,22,10,16:17,,SKIP,,,,,0,skip,,,,0
2026-09-06 16:03:44,20260906,11,12,16:20,,SKIP,,,,,0,skip,,,,0
2026-09-06 16:06:34,20260906,7,3,16:23,pos,1-4,0.0388,38.9,0.0257,1.509,100,settled,0,0.0,0,0
2026-09-06 16:06:34,20260906,7,3,16:23,pos,1-5,0.1173,26.9,0.0372,3.156,100,settled,0,0.0,0,1
2026-09-06 16:09:23,20260906,3,12,16:25,,SKIP,,,,,0,skip,,,,0
2026-09-06 16:12:23,20260906,2,12,16:30,uvpx50,1-2,0.2168,6.2,0.1613,1.344,100,settled,0,0.0,0,1
2026-09-06 16:15:02,20260906,1,4,16:33,,SKIP,,,,,0,skip,,,,0
2026-09-06 16:17:52,20260906,9,12,16:35,,SKIP,,,,,0,skip,,,,0
2026-09-06 16:20:41,20260906,4,12,16:38,,SKIP,,,,,0,skip,,,,0
2026-09-06 16:28:38,20260906,12,4,16:45,,SKIP,,,,,0,skip,,,,0
2026-09-06 16:33:59,20260906,17,12,16:50,pos,1-4,0.2721,3.1,0.3226,0.843,100,settled,250,250.0,1,0
2026-09-06 16:33:59,20260906,17,12,16:50,pos,1-5,0.1635,6.9,0.1449,1.128,100,settled,0,0.0,0,0
2026-09-06 16:36:39,20260906,7,4,16:52,uvpx50,1-3,0.035,30.3,0.033,1.061,100,settled,0,0.0,0,1
2026-09-06 16:39:36,20260906,22,11,16:56,pos,1-4,0.0185,12.9,0.0775,0.238,100,settled,0,0.0,0,0
2026-09-06 16:39:36,20260906,22,11,16:56,pos,1-5,0.1678,5.4,0.1852,0.906,100,settled,0,0.0,0,0
2026-09-06 16:44:55,20260906,1,5,17:01,,SKIP,,,,,0,skip,,,,0
2026-09-06 16:52:42,20260906,12,5,17:10,,SKIP,,,,,0,skip,,,,0
2026-09-06 17:03:00,20260906,7,5,17:19,pos,1-4,0.3681,4.4,0.2273,1.62,100,settled,270,270.0,1,0
2026-09-06 17:03:00,20260906,7,5,17:19,pos,1-5,0.0424,27.9,0.0358,1.182,100,settled,0,0.0,0,0
2026-09-06 17:08:18,20260906,22,12,17:25,,SKIP,,,,,0,skip,,,,0
2026-09-06 17:10:57,20260906,1,6,17:28,,SKIP,,,,,0,skip,,,,0
2026-09-06 17:21:27,20260906,12,6,17:37,pos,1-4,0.2938,3.9,0.2564,1.146,100,settled,300,300.0,1,0
2026-09-06 17:21:27,20260906,12,6,17:37,pos,1-5,0.0261,57.8,0.0173,1.507,100,settled,0,0.0,0,0
2026-09-06 17:29:16,20260906,7,6,17:46,uvpx50,1-6,0.0389,86.1,0.0116,3.35,100,settled,0,0.0,0,1
2026-09-06 17:37:06,20260906,1,7,17:55,,SKIP,,,,,0,skip,,,,0
2026-09-06 17:47:25,20260906,12,7,18:04,pos,1-4,0.2501,5.1,0.1961,1.276,100,settled,0,0.0,0,0
2026-09-06 17:47:25,20260906,12,7,18:04,pos,1-5,0.0576,23.2,0.0431,1.337,100,settled,0,0.0,0,1
2026-09-06 17:55:15,20260906,7,7,18:13,,SKIP,,,,,0,skip,,,,0
2026-09-06 18:05:34,20260906,1,8,18:23,,SKIP,,,,,0,skip,,,,0
2026-09-06 18:15:53,20260906,12,8,18:33,,SKIP,,,,,0,skip,,,,0
2026-09-06 18:26:13,20260906,7,8,18:43,uvpx50,2-6,0.0492,25.8,0.0388,1.268,100,settled,0,0.0,0,1
2026-09-06 18:36:31,20260906,1,9,18:54,,SKIP,,,,,0,skip,,,,0
2026-09-06 18:46:48,20260906,12,9,19:04,pos,1-4,0.4261,3.9,0.2564,1.662,100,settled,0,0.0,0,0
2026-09-06 18:46:48,20260906,12,9,19:04,pos,1-5,0.0641,18.6,0.0538,1.192,100,settled,0,0.0,0,0
2026-09-06 18:57:06,20260906,7,9,19:14,,SKIP,,,,,0,skip,,,,0
2026-09-06 19:07:26,20260906,1,10,19:25,,SKIP,,,,,0,skip,,,,0
2026-09-06 19:20:17,20260906,12,10,19:36,,SKIP,,,,,0,skip,,,,0
2026-09-06 19:30:39,20260906,7,10,19:47,pos,1-4,0.0872,13.6,0.0735,1.186,100,settled,0,0.0,0,0
2026-09-06 19:30:39,20260906,7,10,19:47,pos,1-5,0.3494,4.4,0.2273,1.537,100,settled,0,0.0,0,0
2026-09-06 19:30:39,20260906,7,10,19:47,uvpx50,1-4,0.0872,13.6,0.0735,1.186,100,settled,0,0.0,0,1
2026-09-06 19:40:58,20260906,1,11,19:58,pos,1-4,0.2597,7.8,0.1282,2.025,100,settled,0,0.0,0,0
2026-09-06 19:40:58,20260906,1,11,19:58,pos,1-5,0.0717,19.6,0.051,1.405,100,settled,0,0.0,0,0
2026-09-06 19:51:20,20260906,12,11,20:07,,SKIP,,,,,0,skip,,,,0
2026-09-06 19:59:10,20260906,7,11,20:16,,SKIP,,,,,0,skip,,,,0
2026-09-06 20:14:29,20260906,1,12,20:30,pos,1-4,0.06,14.6,0.0685,0.876,100,settled,0,0.0,0,0
2026-09-06 20:14:29,20260906,1,12,20:30,pos,1-5,0.0848,11.0,0.0909,0.933,100,settled,0,0.0,0,0
2026-09-06 20:14:29,20260906,1,12,20:30,uvpx50,1-3,0.2832,3.7,0.2703,1.048,100,settled,310,310.0,1,1
2026-09-06 20:22:19,20260906,12,12,20:38,,SKIP,,,,,0,skip,,,,0
2026-09-06 20:27:38,20260906,7,12,20:45,pos,1-4,0.1152,18.2,0.0549,2.097,100,settled,0,0.0,0,0
2026-09-06 20:27:38,20260906,7,12,20:45,pos,1-5,0.0244,38.3,0.0261,0.936,100,settled,0,0.0,0,0
2026-09-07 08:15:07,20260907,10,1,08:32,,SKIP,,,,,0,skip,,,,0
2026-09-07 08:28:00,20260907,14,1,08:44,pos,1-4,0.1462,8.2,0.122,1.199,100,settled,0,0.0,0,0
2026-09-07 08:28:00,20260907,14,1,08:44,pos,1-5,0.0302,30.6,0.0327,0.925,100,settled,0,0.0,0,0
2026-09-07 08:40:50,20260907,10,2,08:58,pos,1-4,0.171,12.6,0.0794,2.154,100,settled,0,0.0,0,0
2026-09-07 08:40:50,20260907,10,2,08:58,pos,1-5,0.144,11.8,0.0847,1.699,100,settled,0,0.0,0,0
2026-09-07 08:53:40,20260907,14,2,09:10,,SKIP,,,,,0,skip,,,,0
2026-09-07 09:06:32,20260907,10,3,09:24,,SKIP,,,,,0,skip,,,,0
2026-09-07 09:19:21,20260907,14,3,09:36,pos,1-4,0.1079,19.9,0.0503,2.148,100,settled,0,0.0,0,0
2026-09-07 09:19:21,20260907,14,3,09:36,pos,1-5,0.3308,3.5,0.2857,1.158,100,settled,0,0.0,0,0
2026-09-07 09:32:12,20260907,10,4,09:50,pos,1-4,0.1266,12.1,0.0826,1.532,100,settled,0,0.0,0,0
2026-09-07 09:32:12,20260907,10,4,09:50,pos,1-5,0.3929,3.3,0.303,1.296,100,settled,0,0.0,0,0
2026-09-07 09:45:00,20260907,14,4,10:02,,SKIP,,,,,0,skip,,,,0
2026-09-07 10:00:21,20260907,10,5,10:18,,SKIP,,,,,0,skip,,,,0
2026-09-07 10:10:41,20260907,14,5,10:28,,SKIP,,,,,0,skip,,,,0
2026-09-07 10:18:31,20260907,11,1,10:35,,SKIP,,,,,0,skip,,,,0
2026-09-07 10:21:10,20260907,13,1,10:38,,SKIP,,,,,0,skip,,,,0
2026-09-07 10:26:37,20260907,9,1,10:42,,SKIP,,,,,0,skip,,,,0
2026-09-07 10:31:56,20260907,10,6,10:48,,SKIP,,,,,0,skip,,,,0
2026-09-07 10:37:16,20260907,4,1,10:55,uvpx50,1-4,0.0511,20.0,0.05,1.022,100,settled,0,0.0,0,1
2026-09-07 10:37:16,20260907,16,1,10:53,,SKIP,,,,,0,skip,,,,0
2026-09-07 10:40:11,20260907,14,6,10:58,pos,1-4,0.1251,12.2,0.082,1.526,100,settled,0,0.0,0,0
2026-09-07 10:40:11,20260907,14,6,10:58,pos,1-5,0.0123,149.4,0.0067,1.837,100,settled,0,0.0,0,0
2026-09-07 10:45:39,20260907,13,2,11:03,,SKIP,,,,,0,skip,,,,0
2026-09-07 10:48:18,20260907,11,2,11:05,pos,1-4,0.0859,43.0,0.0233,3.695,100,settled,0,0.0,0,1
2026-09-07 10:48:18,20260907,11,2,11:05,pos,1-5,0.0517,25.8,0.0388,1.335,100,settled,0,0.0,0,1
2026-09-07 10:56:14,20260907,3,1,11:14,,SKIP,,,,,0,skip,,,,0
2026-09-07 10:56:14,20260907,9,2,11:12,,SKIP,,,,,0,skip,,,,0
2026-09-07 11:01:53,20260907,10,7,11:19,,SKIP,,,,,0,skip,,,,0
2026-09-07 11:04:31,20260907,16,2,11:22,,SKIP,,,,,0,skip,,,,0
2026-09-07 11:07:22,20260907,4,2,11:24,,SKIP,,,,,0,skip,,,,0
2026-09-07 11:10:13,20260907,14,7,11:28,pos,1-4,0.0799,21.8,0.0459,1.741,100,settled,0,0.0,0,1
2026-09-07 11:10:13,20260907,14,7,11:28,pos,1-5,0.2092,6.3,0.1587,1.318,100,settled,0,0.0,0,0
2026-09-07 11:15:40,20260907,13,3,11:33,,SKIP,,,,,0,skip,,,,0
2026-09-07 11:21:00,20260907,11,3,11:37,,SKIP,,,,,0,skip,,,,0
2026-09-07 11:23:40,20260907,3,2,11:41,,SKIP,,,,,0,skip,,,,0
2026-09-07 11:26:30,20260907,9,3,11:42,,SKIP,,,,,0,skip,,,,0
2026-09-07 11:29:26,20260907,22,1,11:47,pos,1-4,0.2583,2.9,0.3448,0.749,100,settled,0,0.0,0,0
2026-09-07 11:29:26,20260907,22,1,11:47,pos,1-5,0.0684,28.2,0.0355,1.93,100,settled,0,0.0,0,1
2026-09-07 11:34:46,20260907,10,8,11:51,,SKIP,,,,,0,skip,,,,0
2026-09-07 11:37:27,20260907,4,3,11:53,,SKIP,,,,,0,skip,,,,0
2026-09-07 11:40:24,20260907,13,4,11:57,,SKIP,,,,,0,skip,,,,0
2026-09-07 11:43:03,20260907,16,3,11:59,,SKIP,,,,,0,skip,,,,0
2026-09-07 11:45:52,20260907,11,4,12:03,,SKIP,,,,,0,skip,,,,0
2026-09-07 11:48:38,20260907,14,8,12:05,pos,1-4,0.041,29.1,0.0344,1.194,100,settled,0,0.0,0,0
2026-09-07 11:48:38,20260907,14,8,12:05,pos,1-5,0.1032,16.8,0.0595,1.734,100,settled,0,0.0,0,0
2026-09-07 11:51:28,20260907,3,3,12:08,,SKIP,,,,,0,skip,,,,0
2026-09-07 11:56:56,20260907,9,4,12:13,,SKIP,,,,,0,skip,,,,0
2026-09-07 12:02:15,20260907,22,2,12:18,,SKIP,,,,,0,skip,,,,0
2026-09-07 12:04:55,20260907,4,4,12:22,pos,1-4,0.3218,9.9,0.101,3.186,100,settled,590,590.0,1,0
2026-09-07 12:04:55,20260907,4,4,12:22,pos,1-5,0.0449,31.0,0.0323,1.393,100,settled,0,0.0,0,0
2026-09-07 12:07:45,20260907,10,9,12:25,pos,1-4,0.2663,5.7,0.1754,1.518,100,settled,0,0.0,0,0
2026-09-07 12:07:45,20260907,10,9,12:25,pos,1-5,0.0688,25.8,0.0388,1.774,100,settled,0,0.0,0,1
2026-09-07 12:10:35,20260907,16,4,12:28,,SKIP,,,,,0,skip,,,,0
2026-09-07 12:13:23,20260907,11,5,12:31,pos,1-4,0.0669,35.7,0.028,2.387,100,settled,0,0.0,0,1
2026-09-07 12:13:23,20260907,11,5,12:31,pos,1-5,0.0804,63.5,0.0157,5.102,100,settled,0,0.0,0,1
2026-09-07 12:16:12,20260907,13,5,12:33,,SKIP,,,,,0,skip,,,,0
2026-09-07 12:18:59,20260907,3,4,12:35,,SKIP,,,,,0,skip,,,,0
2026-09-07 12:21:50,20260907,14,9,12:38,,SKIP,,,,,0,skip,,,,0
2026-09-07 12:27:15,20260907,9,5,12:44,,SKIP,,,,,0,skip,,,,0
2026-09-07 12:32:33,20260907,22,3,12:48,,SKIP,,,,,0,skip,,,,0
2026-09-07 12:35:21,20260907,4,5,12:52,,SKIP,,,,,0,skip,,,,0
2026-09-07 12:40:42,20260907,16,5,12:57,pos,1-4,0.118,5.0,0.2,0.59,100,settled,360,360.0,1,0
2026-09-07 12:40:42,20260907,16,5,12:57,pos,1-5,0.3247,4.7,0.2128,1.526,100,settled,0,0.0,0,0
2026-09-07 12:43:23,20260907,10,10,12:59,,SKIP,,,,,0,skip,,,,0
2026-09-07 12:43:23,20260907,11,6,13:01,pos,1-4,0.0478,41.1,0.0243,1.963,100,settled,0,0.0,0,0
2026-09-07 12:43:23,20260907,11,6,13:01,pos,1-5,0.0085,246.7,0.0041,2.108,100,settled,0,0.0,0,0
2026-09-07 12:46:30,20260907,3,5,13:02,,SKIP,,,,,0,skip,,,,0
2026-09-07 12:49:31,20260907,13,6,13:07,pos,1-4,0.4299,1.6,0.625,0.688,100,settled,0,0.0,0,0
2026-09-07 12:49:31,20260907,13,6,13:07,pos,1-5,0.0743,13.4,0.0746,0.996,100,settled,0,0.0,0,0
2026-09-07 12:52:11,20260907,14,10,13:09,pos,1-4,0.4144,3.0,0.3333,1.243,100,settled,0,0.0,0,0
2026-09-07 12:52:11,20260907,14,10,13:09,pos,1-5,0.0247,35.4,0.0282,0.873,100,settled,0,0.0,0,0
2026-09-07 12:57:42,20260907,9,6,13:15,,SKIP,,,,,0,skip,,,,0
2026-09-07 13:03:01,20260907,22,4,13:19,,SKIP,,,,,0,skip,,,,0
2026-09-07 13:05:42,20260907,4,6,13:22,,SKIP,,,,,0,skip,,,,0
2026-09-07 13:11:11,20260907,3,6,13:29,,SKIP,,,,,0,skip,,,,0
2026-09-07 13:11:11,20260907,16,6,13:28,,SKIP,,,,,0,skip,,,,0
2026-09-07 13:16:46,20260907,10,11,13:32,,SKIP,,,,,0,skip,,,,0
2026-09-07 13:19:33,20260907,11,7,13:37,,SKIP,,,,,0,skip,,,,0
2026-09-07 13:22:11,20260907,13,7,13:40,,SKIP,,,,,0,skip,,,,0
2026-09-07 13:27:40,20260907,22,5,13:44,,SKIP,,,,,0,skip,,,,0
2026-09-07 13:30:18,20260907,9,7,13:46,,SKIP,,,,,0,skip,,,,0
2026-09-07 13:33:07,20260907,14,11,13:49,,SKIP,,,,,0,skip,,,,0
2026-09-07 13:35:56,20260907,4,7,13:53,,SKIP,,,,,0,skip,,,,0
2026-09-07 13:38:44,20260907,3,7,13:56,,SKIP,,,,,0,skip,,,,0
2026-09-07 13:46:39,20260907,16,7,14:03,,SKIP,,,,,0,skip,,,,0
2026-09-07 13:49:20,20260907,11,8,14:06,,SKIP,,,,,0,skip,,,,0
2026-09-07 13:52:08,20260907,13,8,14:08,,SKIP,,,,,0,skip,,,,0
2026-09-07 13:54:58,20260907,10,12,14:11,,SKIP,,,,,0,skip,,,,0
2026-09-07 13:57:46,20260907,22,6,14:14,pos,1-4,0.3297,3.6,0.2778,1.187,100,settled,410,410.0,1,0
2026-09-07 13:57:46,20260907,22,6,14:14,pos,1-5,0.0478,27.6,0.0362,1.319,100,settled,0,0.0,0,0
2026-09-07 13:57:46,20260907,22,6,14:14,uvpx50,1-3,0.0548,22.1,0.0452,1.211,100,settled,0,0.0,0,1
2026-09-07 14:00:36,20260907,9,8,14:17,,SKIP,,,,,0,skip,,,,0
2026-09-07 14:06:08,20260907,3,8,14:24,uvpx50,1-3,0.1162,4.0,0.25,0.465,100,settled,0,0.0,0,1
2026-09-07 14:06:08,20260907,4,8,14:24,,SKIP,,,,,0,skip,,,,0
2026-09-07 14:11:45,20260907,14,12,14:28,,SKIP,,,,,0,skip,,,,0
2026-09-07 14:17:05,20260907,13,9,14:34,,SKIP,,,,,0,skip,,,,0
2026-09-07 14:19:44,20260907,16,8,14:36,,SKIP,,,,,0,skip,,,,0
2026-09-07 14:25:12,20260907,11,9,14:41,,SKIP,,,,,0,skip,,,,0
2026-09-07 14:27:51,20260907,22,7,14:44,,SKIP,,,,,0,skip,,,,0
2026-09-07 14:30:39,20260907,9,9,14:48,,SKIP,,,,,0,skip,,,,0
2026-09-07 14:36:08,20260907,3,9,14:52,uvpx50,1-6,0.0639,41.4,0.0242,2.644,100,settled,0,0.0,0,1
2026-09-07 14:38:46,20260907,4,9,14:56,uvpx50,1-2,0.0906,7.4,0.1351,0.671,100,settled,0,0.0,0,1
2026-09-07 14:46:42,20260907,13,10,15:03,,SKIP,,,,,0,skip,,,,0
2026-09-07 14:49:21,20260907,16,9,15:05,,SKIP,,,,,0,skip,,,,0
2026-09-07 14:52:20,20260907,11,10,15:10,,SKIP,,,,,0,skip,,,,0
2026-09-07 14:57:39,20260907,22,8,15:13,pos,1-4,0.0655,11.0,0.0909,0.72,100,settled,0,0.0,0,0
2026-09-07 14:57:39,20260907,22,8,15:13,pos,1-5,0.356,6.9,0.1449,2.456,100,settled,0,0.0,0,0
2026-09-07 14:57:39,20260907,24,1,15:15,,SKIP,,,,,0,skip,,,,0
2026-09-07 15:00:37,20260907,1,1,15:18,,SKIP,,,,,0,skip,,,,0
2026-09-07 15:03:27,20260907,7,1,15:20,,SKIP,,,,,0,skip,,,,0
2026-09-07 15:06:16,20260907,3,10,15:22,,SKIP,,,,,0,skip,,,,0
2026-09-07 15:06:16,20260907,9,10,15:22,,SKIP,,,,,0,skip,,,,0
2026-09-07 15:12:04,20260907,4,10,15:29,,SKIP,,,,,0,skip,,,,0
2026-09-07 15:17:24,20260907,16,10,15:35,pos,1-4,0.2186,12.8,0.0781,2.798,100,settled,0,0.0,0,0
2026-09-07 15:17:24,20260907,16,10,15:35,pos,1-5,0.0636,6.4,0.1562,0.407,100,settled,0,0.0,0,0
2026-09-07 15:22:44,20260907,13,11,15:40,,SKIP,,,,,0,skip,,,,0
2026-09-07 15:25:25,20260907,1,2,15:42,,SKIP,,,,,0,skip,,,,0
2026-09-07 15:28:11,20260907,22,9,15:44,,SKIP,,,,,0,skip,,,,0
2026-09-07 15:28:11,20260907,24,2,15:45,,SKIP,,,,,0,skip,,,,0
2026-09-07 15:31:19,20260907,7,2,15:48,,SKIP,,,,,0,skip,,,,0
2026-09-07 15:34:07,20260907,11,11,15:51,pos,1-4,0.3009,5.2,0.1923,1.565,100,settled,420,420.0,1,0
2026-09-07 15:34:07,20260907,11,11,15:51,pos,1-5,0.1509,9.5,0.1053,1.434,100,settled,0,0.0,0,0
2026-09-07 15:36:56,20260907,3,11,15:53,pos,1-4,0.2527,13.8,0.0725,3.488,100,settled,0,0.0,0,0
2026-09-07 15:36:56,20260907,3,11,15:53,pos,1-5,0.047,35.1,0.0285,1.648,100,settled,0,0.0,0,0
2026-09-07 15:39:47,20260907,9,11,15:57,,SKIP,,,,,0,skip,,,,0
2026-09-07 15:45:15,20260907,4,11,16:03,,SKIP,,,,,0,skip,,,,0
2026-09-07 15:50:34,20260907,1,3,16:07,,SKIP,,,,,0,skip,,,,0
2026-09-07 15:53:12,20260907,16,11,16:11,,SKIP,,,,,0,skip,,,,0
2026-09-07 15:56:01,20260907,7,3,16:13,,SKIP,,,,,0,skip,,,,0
2026-09-07 15:58:49,20260907,24,3,16:15,,SKIP,,,,,0,skip,,,,0
2026-09-07 16:04:20,20260907,22,10,16:20,,SKIP,,,,,0,skip,,,,0
2026-09-07 16:06:59,20260907,13,12,16:23,,SKIP,,,,,0,skip,,,,0
2026-09-07 16:09:46,20260907,3,12,16:25,,SKIP,,,,,0,skip,,,,0
2026-09-07 16:12:43,20260907,11,12,16:29,,SKIP,,,,,0,skip,,,,0
2026-09-07 16:15:23,20260907,1,4,16:33,,SKIP,,,,,0,skip,,,,0
2026-09-07 16:18:11,20260907,9,12,16:35,,SKIP,,,,,0,skip,,,,0
2026-09-07 16:20:58,20260907,4,12,16:38,pos,1-4,0.2517,5.5,0.1818,1.384,100,settled,380,380.0,1,0
2026-09-07 16:20:58,20260907,4,12,16:38,pos,1-5,0.1636,5.7,0.1754,0.932,100,settled,0,0.0,0,0
2026-09-07 16:26:26,20260907,7,4,16:42,uvpx50,1-2,0.0488,9.1,0.1099,0.444,100,settled,0,0.0,0,1
2026-09-07 16:31:44,20260907,16,12,16:48,,SKIP,,,,,0,skip,,,,0
2026-09-07 16:34:23,20260907,24,4,16:50,,SKIP,,,,,0,skip,,,,0
2026-09-07 16:39:52,20260907,22,11,16:56,,SKIP,,,,,0,skip,,,,0
2026-09-07 16:45:12,20260907,1,5,17:01,,SKIP,,,,,0,skip,,,,0
2026-09-07 16:53:03,20260907,7,5,17:10,uvpx50,6-1,0.1655,10.5,0.0952,1.738,100,settled,0,0.0,0,1
2026-09-07 17:03:23,20260907,24,5,17:19,uvpx50,1-4,0.0925,10.5,0.0952,0.971,100,settled,1120,1120.0,1,1
2026-09-07 17:08:41,20260907,22,12,17:25,,SKIP,,,,,0,skip,,,,0
2026-09-07 17:11:21,20260907,1,6,17:28,pos,1-4,0.1143,23.5,0.0426,2.687,100,settled,0,0.0,0,1
2026-09-07 17:11:21,20260907,1,6,17:28,pos,1-5,0.2493,8.3,0.1205,2.07,100,settled,0,0.0,0,0
2026-09-07 17:19:20,20260907,7,6,17:37,uvpx50,1-2,0.1003,7.5,0.1333,0.752,100,settled,0,0.0,0,1
2026-09-07 17:28:10,20260907,24,6,17:46,uvpx50,1-5,0.0674,4.5,0.2222,0.303,100,settled,0,0.0,0,1
2026-09-07 17:38:29,20260907,1,7,17:55,,SKIP,,,,,0,skip,,,,0
2026-09-07 17:48:18,20260907,7,7,18:04,uvpx50,1-6,0.103,52.0,0.0192,5.358,100,settled,0,0.0,0,1
2026-09-07 17:55:11,20260907,24,7,18:13,,SKIP,,,,,0,skip,,,,0
2026-09-07 18:06:31,20260907,1,8,18:23,,SKIP,,,,,0,skip,,,,0
2026-09-07 18:17:07,20260907,7,8,18:33,uvpx50,1-4,0.049,19.7,0.0508,0.965,100,settled,0,0.0,0,1
2026-09-07 18:27:25,20260907,24,8,18:43,,SKIP,,,,,0,skip,,,,0
2026-09-07 18:37:43,20260907,1,9,18:54,,SKIP,,,,,0,skip,,,,0
2026-09-07 18:48:01,20260907,7,9,19:04,pos,1-4,0.0457,37.3,0.0268,1.704,100,settled,0,0.0,0,0
2026-09-07 18:48:01,20260907,7,9,19:04,pos,1-5,0.0866,15.3,0.0654,1.325,100,settled,580,580.0,1,0
2026-09-07 18:58:21,20260907,24,9,19:14,,SKIP,,,,,0,skip,,,,0
2026-09-07 19:08:41,20260907,1,10,19:25,,SKIP,,,,,0,skip,,,,0
2026-09-07 19:18:59,20260907,7,10,19:36,pos,1-4,0.1591,8.7,0.1149,1.384,100,settled,0,0.0,0,0
2026-09-07 19:18:59,20260907,7,10,19:36,pos,1-5,0.0494,29.4,0.034,1.454,100,settled,0,0.0,0,0
2026-09-07 19:18:59,20260907,7,10,19:36,uvpx50,1-5,0.0494,29.4,0.034,1.454,100,settled,0,0.0,0,1
2026-09-07 19:29:19,20260907,24,10,19:47,,SKIP,,,,,0,skip,,,,0
2026-09-07 19:42:11,20260907,1,11,19:58,,SKIP,,,,,0,skip,,,,0
2026-09-07 19:50:02,20260907,7,11,20:07,uvpx50,1-2,0.1185,3.8,0.2632,0.45,100,settled,0,0.0,0,1
2026-09-07 20:00:24,20260907,24,11,20:16,,SKIP,,,,,0,skip,,,,0
2026-09-07 20:13:17,20260907,1,12,20:30,,SKIP,,,,,0,skip,,,,0
2026-09-07 20:21:07,20260907,7,12,20:38,pos,1-4,0.2548,2.8,0.3571,0.713,100,settled,0,0.0,0,0
2026-09-07 20:21:07,20260907,7,12,20:38,pos,1-5,0.0959,20.9,0.0478,2.004,100,settled,0,0.0,0,1
2026-09-07 20:28:57,20260907,24,12,20:45,,SKIP,,,,,0,skip,,,,0
2026-09-08 08:15:59,20260908,10,1,08:32,,SKIP,,,,,0,skip,,,,0
2026-09-08 08:26:17,20260908,14,1,08:44,,SKIP,,,,,0,skip,,,,0
2026-09-08 08:41:38,20260908,10,2,08:58,pos,1-4,0.0414,34.1,0.0293,1.413,100,settled,0,0.0,0,0
2026-09-08 08:41:38,20260908,10,2,08:58,pos,1-5,0.0585,34.1,0.0293,1.994,100,settled,0,0.0,0,1
2026-09-08 08:54:29,20260908,14,2,09:10,,SKIP,,,,,0,skip,,,,0
2026-09-08 09:07:17,20260908,10,3,09:24,,SKIP,,,,,0,skip,,,,0
2026-09-08 09:20:07,20260908,14,3,09:36,,SKIP,,,,,0,skip,,,,0
2026-09-08 09:32:58,20260908,10,4,09:50,,SKIP,,,,,0,skip,,,,0
2026-09-08 09:45:48,20260908,14,4,10:02,,SKIP,,,,,0,skip,,,,0
2026-09-08 10:01:09,20260908,10,5,10:18,,SKIP,,,,,0,skip,,,,0
2026-09-08 10:11:31,20260908,14,5,10:28,,SKIP,,,,,0,skip,,,,0
2026-09-08 10:16:41,20260908,13,1,10:33,,SKIP,,,,,0,skip,,,,0
2026-09-08 10:19:32,20260908,11,1,10:36,pos,1-4,0.0518,7.9,0.1266,0.409,100,settled,0,0.0,0,0
2026-09-08 10:19:32,20260908,11,1,10:36,pos,1-5,0.0137,28.5,0.0351,0.392,100,settled,0,0.0,0,0
2026-09-08 10:25:01,20260908,9,1,10:42,,SKIP,,,,,0,skip,,,,0
2026-09-08 10:30:21,20260908,10,6,10:48,,SKIP,,,,,0,skip,,,,0
2026-09-08 10:35:41,20260908,16,1,10:53,,SKIP,,,,,0,skip,,,,0
2026-09-08 10:38:22,20260908,4,1,10:55,,SKIP,,,,,0,skip,,,,0
2026-09-08 10:41:11,20260908,14,6,10:58,,SKIP,,,,,0,skip,,,,0
2026-09-08 10:46:42,20260908,13,2,11:03,,SKIP,,,,,0,skip,,,,0
2026-09-08 10:49:23,20260908,11,2,11:06,,SKIP,,,,,0,skip,,,,0
2026-09-08 10:54:52,20260908,9,2,11:12,,SKIP,,,,,0,skip,,,,0
2026-09-08 10:57:31,20260908,3,1,11:14,,SKIP,,,,,0,skip,,,,0
2026-09-08 11:02:48,20260908,10,7,11:19,,SKIP,,,,,0,skip,,,,0
2026-09-08 11:05:35,20260908,16,2,11:22,,SKIP,,,,,0,skip,,,,0
2026-09-08 11:08:24,20260908,4,2,11:24,pos,1-4,0.3118,3.7,0.2703,1.154,100,settled,0,0.0,0,0
2026-09-08 11:08:24,20260908,4,2,11:24,pos,1-5,0.1986,9.0,0.1111,1.788,100,settled,0,0.0,0,0
2026-09-08 11:11:21,20260908,14,7,11:28,,SKIP,,,,,0,skip,,,,0
2026-09-08 11:16:40,20260908,13,3,11:33,pos,1-4,0.1634,16.0,0.0625,2.614,100,settled,0,0.0,0,0
2026-09-08 11:16:40,20260908,13,3,11:33,pos,1-5,0.0668,17.8,0.0562,1.189,100,settled,0,0.0,0,0
2026-09-08 11:19:20,20260908,11,3,11:36,,SKIP,,,,,0,skip,,,,0
2026-09-08 11:24:50,20260908,3,2,11:41,,SKIP,,,,,0,skip,,,,0
2026-09-08 11:24:50,20260908,9,3,11:42,,SKIP,,,,,0,skip,,,,0
2026-09-08 11:32:58,20260908,16,3,11:49,,SKIP,,,,,0,skip,,,,0
2026-09-08 11:35:38,20260908,4,3,11:53,,SKIP,,,,,0,skip,,,,0
2026-09-08 11:35:38,20260908,10,8,11:51,,SKIP,,,,,0,skip,,,,0
2026-09-08 11:41:17,20260908,13,4,11:59,,SKIP,,,,,0,skip,,,,0
2026-09-08 11:46:37,20260908,11,4,12:03,,SKIP,,,,,0,skip,,,,0
2026-09-08 11:49:26,20260908,14,8,12:05,,SKIP,,,,,0,skip,,,,0
2026-09-08 11:52:14,20260908,3,3,12:08,,SKIP,,,,,0,skip,,,,0
2026-09-08 11:55:03,20260908,9,4,12:13,,SKIP,,,,,0,skip,,,,0
2026-09-08 12:03:01,20260908,16,4,12:20,,SKIP,,,,,0,skip,,,,0
2026-09-08 12:05:40,20260908,4,4,12:22,,SKIP,,,,,0,skip,,,,0
2026-09-08 12:08:27,20260908,10,9,12:25,,SKIP,,,,,0,skip,,,,0
2026-09-08 12:11:16,20260908,13,5,12:28,,SKIP,,,,,0,skip,,,,0
2026-09-08 12:14:07,20260908,11,5,12:32,,SKIP,,,,,0,skip,,,,0
2026-09-08 12:19:25,20260908,3,4,12:35,uvpx50,1-5,0.0531,18.8,0.0532,0.999,100,settled,0,0.0,0,1
2026-09-08 12:22:23,20260908,14,9,12:38,,SKIP,,,,,0,skip,,,,0
2026-09-08 12:27:41,20260908,9,5,12:44,,SKIP,,,,,0,skip,,,,0
2026-09-08 12:33:02,20260908,16,5,12:50,,SKIP,,,,,0,skip,,,,0
2026-09-08 12:35:40,20260908,4,5,12:52,,SKIP,,,,,0,skip,,,,0
2026-09-08 12:38:29,20260908,13,6,12:56,pos,1-4,0.3972,2.4,0.4167,0.953,100,settled,0,0.0,0,0
2026-09-08 12:38:29,20260908,13,6,12:56,pos,1-5,0.0694,27.2,0.0368,1.889,100,settled,1700,1700.0,1,1
2026-09-08 12:41:19,20260908,10,10,12:58,,SKIP,,,,,0,skip,,,,0
2026-09-08 12:44:07,20260908,3,5,13:02,,SKIP,,,,,0,skip,,,,0
2026-09-08 12:44:07,20260908,11,6,13:01,,SKIP,,,,,0,skip,,,,0
2026-09-08 12:52:24,20260908,14,10,13:09,,SKIP,,,,,0,skip,,,,0
2026-09-08 12:57:43,20260908,9,6,13:15,,SKIP,,,,,0,skip,,,,0
2026-09-08 13:05:32,20260908,4,6,13:22,,SKIP,,,,,0,skip,,,,0
2026-09-08 13:08:11,20260908,13,7,13:25,,SKIP,,,,,0,skip,,,,0
2026-09-08 13:11:00,20260908,3,6,13:29,,SKIP,,,,,0,skip,,,,0
2026-09-08 13:11:00,20260908,16,6,13:27,,SKIP,,,,,0,skip,,,,0
2026-09-08 13:16:38,20260908,10,11,13:33,,SKIP,,,,,0,skip,,,,0
2026-09-08 13:22:03,20260908,11,7,13:38,,SKIP,,,,,0,skip,,,,0
2026-09-08 13:29:51,20260908,9,7,13:46,,SKIP,,,,,0,skip,,,,0
2026-09-08 13:32:31,20260908,14,11,13:49,pos,1-4,0.0624,18.7,0.0535,1.166,100,settled,0,0.0,0,0
2026-09-08 13:32:31,20260908,14,11,13:49,pos,1-5,0.0252,59.3,0.0169,1.497,100,settled,0,0.0,0,0
2026-09-08 13:35:22,20260908,4,7,13:53,,SKIP,,,,,0,skip,,,,0
2026-09-08 13:38:10,20260908,3,7,13:56,,SKIP,,,,,0,skip,,,,0
2026-09-08 13:43:28,20260908,16,7,13:59,,SKIP,,,,,0,skip,,,,0
2026-09-08 13:46:28,20260908,13,8,14:03,,SKIP,,,,,0,skip,,,,0
2026-09-08 13:51:45,20260908,11,8,14:09,pos,1-4,0.13,26.4,0.0379,3.431,100,settled,0,0.0,0,1
2026-09-08 13:51:45,20260908,11,8,14:09,pos,1-5,0.0165,88.2,0.0113,1.458,100,settled,0,0.0,0,0
2026-09-08 13:57:03,20260908,10,12,14:13,pos,1-4,0.2373,4.1,0.2439,0.973,100,settled,0,0.0,0,0
2026-09-08 13:57:03,20260908,10,12,14:13,pos,1-5,0.0535,17.2,0.0581,0.92,100,settled,0,0.0,0,0
2026-09-08 13:59:44,20260908,9,8,14:17,,SKIP,,,,,0,skip,,,,0
2026-09-08 14:07:33,20260908,3,8,14:24,,SKIP,,,,,0,skip,,,,0
2026-09-08 14:07:33,20260908,4,8,14:24,,SKIP,,,,,0,skip,,,,0
2026-09-08 14:10:29,20260908,14,12,14:28,,SKIP,,,,,0,skip,,,,0
2026-09-08 14:16:05,20260908,13,9,14:33,,SKIP,,,,,0,skip,,,,0
2026-09-08 14:18:45,20260908,16,8,14:35,,SKIP,,,,,0,skip,,,,0
2026-09-08 14:24:12,20260908,11,9,14:40,pos,1-4,0.0942,14.8,0.0676,1.394,100,settled,0,0.0,0,0
2026-09-08 14:24:12,20260908,11,9,14:40,pos,1-5,0.0252,13.9,0.0719,0.35,100,settled,0,0.0,0,0
2026-09-08 14:32:00,20260908,9,9,14:48,,SKIP,,,,,0,skip,,,,0
2026-09-08 14:34:40,20260908,3,9,14:52,,SKIP,,,,,0,skip,,,,0
2026-09-08 14:40:07,20260908,4,9,14:56,pos,1-4,0.0925,23.8,0.042,2.202,100,settled,0,0.0,0,1
2026-09-08 14:40:07,20260908,4,9,14:56,pos,1-5,0.0393,38.1,0.0262,1.496,100,settled,0,0.0,0,0
2026-09-08 14:45:25,20260908,13,10,15:03,,SKIP,,,,,0,skip,,,,0
2026-09-08 14:48:04,20260908,16,9,15:06,,SKIP,,,,,0,skip,,,,0
2026-09-08 14:53:32,20260908,11,10,15:10,,SKIP,,,,,0,skip,,,,0
2026-09-08 14:58:51,20260908,24,1,15:15,,SKIP,,,,,0,skip,,,,0
2026-09-08 15:01:29,20260908,1,1,15:18,,SKIP,,,,,0,skip,,,,0
2026-09-08 15:04:20,20260908,3,10,15:22,,SKIP,,,,,0,skip,,,,0
2026-09-08 15:04:20,20260908,9,10,15:21,,SKIP,,,,,0,skip,,,,0
2026-09-08 15:07:11,20260908,7,1,15:24,uvpx50,1-6,0.0797,27.3,0.0366,2.175,100,settled,0,0.0,0,1
2026-09-08 15:12:59,20260908,4,10,15:29,,SKIP,,,,,0,skip,,,,0
2026-09-08 15:18:18,20260908,16,10,15:36,pos,1-4,0.0654,38.5,0.026,2.516,100,settled,0,0.0,0,1
2026-09-08 15:18:18,20260908,16,10,15:36,pos,1-5,0.0099,46.2,0.0216,0.456,100,settled,0,0.0,0,0
2026-09-08 15:23:38,20260908,13,11,15:41,,SKIP,,,,,0,skip,,,,0
2026-09-08 15:26:17,20260908,1,2,15:43,,SKIP,,,,,0,skip,,,,0
2026-09-08 15:29:05,20260908,24,2,15:45,uvpx50,1-3,0.101,5.6,0.1786,0.566,100,settled,0,0.0,0,1
2026-09-08 15:31:45,20260908,7,2,15:49,,SKIP,,,,,0,skip,,,,0
2026-09-08 15:34:43,20260908,11,11,15:51,,SKIP,,,,,0,skip,,,,0
2026-09-08 15:37:23,20260908,3,11,15:53,pos,1-4,0.3973,3.2,0.3125,1.271,100,settled,0,0.0,0,0
2026-09-08 15:37:23,20260908,3,11,15:53,pos,1-5,0.0198,31.6,0.0316,0.626,100,settled,0,0.0,0,0
2026-09-08 15:40:30,20260908,9,11,15:56,,SKIP,,,,,0,skip,,,,0
2026-09-08 15:45:48,20260908,4,11,16:03,,SKIP,,,,,0,skip,,,,0
2026-09-08 15:51:06,20260908,1,3,16:09,,SKIP,,,,,0,skip,,,,0
2026-09-08 15:56:16,20260908,16,11,16:13,,SKIP,,,,,0,skip,,,,0
2026-09-08 15:58:56,20260908,24,3,16:15,,SKIP,,,,,0,skip,,,,0
2026-09-08 16:01:53,20260908,7,3,16:17,uvpx50,1-6,0.021,35.2,0.0284,0.741,100,settled,0,0.0,0,1
2026-09-08 16:07:21,20260908,3,12,16:25,,SKIP,,,,,0,skip,,,,0
2026-09-08 16:07:21,20260908,13,12,16:23,pos,1-4,0.0714,4.0,0.25,0.285,100,settled,0,0.0,0,0
2026-09-08 16:07:21,20260908,13,12,16:23,pos,1-5,0.4464,2.6,0.3846,1.161,100,settled,220,220.0,1,0
2026-09-08 16:10:19,20260908,11,12,16:28,,SKIP,,,,,0,skip,,,,0
2026-09-08 16:15:50,20260908,1,4,16:33,,SKIP,,,,,0,skip,,,,0
2026-09-08 16:18:29,20260908,9,12,16:35,,SKIP,,,,,0,skip,,,,0
2026-09-08 16:21:07,20260908,4,12,16:38,,SKIP,,,,,0,skip,,,,0
2026-09-08 16:26:45,20260908,7,4,16:42,,SKIP,,,,,0,skip,,,,0
2026-09-08 16:31:55,20260908,16,12,16:48,,SKIP,,,,,0,skip,,,,0
2026-09-08 16:34:43,20260908,24,4,16:50,,SKIP,,,,,0,skip,,,,0
2026-09-08 16:45:11,20260908,1,5,17:01,,SKIP,,,,,0,skip,,,,0
2026-09-08 16:53:01,20260908,7,5,17:10,,SKIP,,,,,0,skip,,,,0
2026-09-08 17:03:23,20260908,24,5,17:19,,SKIP,,,,,0,skip,,,,0
2026-09-08 17:11:13,20260908,1,6,17:28,,SKIP,,,,,0,skip,,,,0
2026-09-08 17:19:03,20260908,7,6,17:37,,SKIP,,,,,0,skip,,,,0
2026-09-08 17:29:24,20260908,24,6,17:46,,SKIP,,,,,0,skip,,,,0
2026-09-08 17:37:15,20260908,1,7,17:55,,SKIP,,,,,0,skip,,,,0
2026-09-08 17:47:33,20260908,7,7,18:04,,SKIP,,,,,0,skip,,,,0
2026-09-08 17:55:22,20260908,24,7,18:13,,SKIP,,,,,0,skip,,,,0
2026-09-08 18:05:40,20260908,1,8,18:23,pos,1-4,0.264,21.8,0.0459,5.756,100,settled,0,0.0,0,1
2026-09-08 18:05:40,20260908,1,8,18:23,pos,1-5,0.3242,4.7,0.2128,1.524,100,settled,0,0.0,0,0
2026-09-08 18:16:01,20260908,7,8,18:33,uvpx50,1-3,0.1875,7.2,0.1389,1.35,100,settled,360,360.0,1,1
2026-09-08 18:26:20,20260908,24,8,18:43,uvpx50,1-2,0.1024,4.9,0.2041,0.502,100,settled,0,0.0,0,1
2026-09-08 18:36:39,20260908,1,9,18:54,,SKIP,,,,,0,skip,,,,0
2026-09-08 18:46:50,20260908,7,9,19:04,,SKIP,,,,,0,skip,,,,0
2026-09-08 18:57:18,20260908,24,9,19:14,,SKIP,,,,,0,skip,,,,0
2026-09-08 19:07:39,20260908,1,10,19:25,uvpx50,1-3,0.0908,9.1,0.1099,0.827,100,settled,310,310.0,1,1
2026-09-08 19:20:29,20260908,7,10,19:36,,SKIP,,,,,0,skip,,,,0
2026-09-08 19:30:47,20260908,24,10,19:47,uvpx50,1-4,0.1278,5.2,0.1923,0.665,100,settled,0,0.0,0,1
2026-09-08 19:41:07,20260908,1,11,19:58,,SKIP,,,,,0,skip,,,,0
2026-09-08 19:51:26,20260908,7,11,20:07,uvpx50,1-4,0.1228,16.5,0.0606,2.026,100,settled,0,0.0,0,1
2026-09-08 19:59:17,20260908,24,11,20:16,,SKIP,,,,,0,skip,,,,0
2026-09-08 20:12:06,20260908,1,12,20:30,pos,1-4,0.0557,11.3,0.0885,0.63,100,settled,0,0.0,0,0
2026-09-08 20:12:06,20260908,1,12,20:30,pos,1-5,0.0974,7.2,0.1389,0.701,100,settled,0,0.0,0,0
2026-09-08 20:22:25,20260908,7,12,20:38,,SKIP,,,,,0,skip,,,,0
2026-09-08 20:27:46,20260908,24,12,20:45,,SKIP,,,,,0,skip,,,,0
2026-09-09 08:16:07,20260909,21,1,08:32,,SKIP,,,,,0,skip,,,,0
2026-09-09 08:26:26,20260909,14,1,08:44,pos,1-4,0.1427,3.4,0.2941,0.485,100,settled,0,0.0,0,0
2026-09-09 08:26:26,20260909,14,1,08:44,pos,1-5,0.0698,22.0,0.0455,1.536,100,settled,1750,1750.0,1,1
2026-09-09 08:41:46,20260909,21,2,08:58,pos,1-4,0.4445,4.6,0.2174,2.045,100,settled,240,240.0,1,0
2026-09-09 08:41:46,20260909,21,2,08:58,pos,1-5,0.0378,15.3,0.0654,0.579,100,settled,0,0.0,0,0
2026-09-09 08:52:06,20260909,14,2,09:10,,SKIP,,,,,0,skip,,,,0
2026-09-09 09:07:25,20260909,21,3,09:24,,SKIP,,,,,0,skip,,,,0
2026-09-09 09:20:17,20260909,14,3,09:36,,SKIP,,,,,0,skip,,,,0
2026-09-09 09:32:57,20260909,21,4,09:50,pos,1-4,0.3649,2.9,0.3448,1.058,100,settled,0,0.0,0,0
2026-09-09 09:32:57,20260909,21,4,09:50,pos,1-5,0.0628,25.3,0.0395,1.589,100,settled,0,0.0,0,1
2026-09-09 10:01:01,20260909,21,5,10:18,,SKIP,,,,,0,skip,,,,0
2026-09-09 10:08:50,20260909,14,4,10:25,,SKIP,,,,,0,skip,,,,0
2026-09-09 10:21:40,20260909,11,1,10:38,pos,1-4,0.0881,5.9,0.1695,0.52,100,settled,0,0.0,0,0
2026-09-09 10:21:40,20260909,11,1,10:38,pos,1-5,0.0201,10.3,0.0971,0.207,100,settled,0,0.0,0,0
2026-09-09 10:24:20,20260909,13,1,10:41,,SKIP,,,,,0,skip,,,,0
2026-09-09 10:29:47,20260909,17,1,10:46,,SKIP,,,,,0,skip,,,,0
2026-09-09 10:32:26,20260909,21,6,10:48,,SKIP,,,,,0,skip,,,,0
2026-09-09 10:35:25,20260909,14,5,10:51,,SKIP,,,,,0,skip,,,,0
2026-09-09 10:35:25,20260909,16,1,10:53,,SKIP,,,,,0,skip,,,,0
2026-09-09 10:38:24,20260909,4,1,10:55,,SKIP,,,,,0,skip,,,,0
2026-09-09 10:46:26,20260909,5,1,11:03,,SKIP,,,,,0,skip,,,,0
2026-09-09 10:49:04,20260909,11,2,11:06,,SKIP,,,,,0,skip,,,,0
2026-09-09 10:51:53,20260909,13,2,11:09,,SKIP,,,,,0,skip,,,,0
2026-09-09 10:54:34,20260909,17,2,11:11,,SKIP,,,,,0,skip,,,,0
2026-09-09 11:00:03,20260909,21,7,11:18,,SKIP,,,,,0,skip,,,,0
2026-09-09 11:05:31,20260909,14,6,11:21,,SKIP,,,,,0,skip,,,,0
2026-09-09 11:05:31,20260909,16,2,11:23,,SKIP,,,,,0,skip,,,,0
2026-09-09 11:08:27,20260909,4,2,11:24,,SKIP,,,,,0,skip,,,,0
2026-09-09 11:16:26,20260909,5,2,11:32,,SKIP,,,,,0,skip,,,,0
2026-09-09 11:19:07,20260909,13,3,11:35,,SKIP,,,,,0,skip,,,,0
2026-09-09 11:27:03,20260909,11,3,11:45,pos,1-4,0.1511,10.1,0.099,1.526,100,settled,0,0.0,0,0
2026-09-09 11:27:03,20260909,11,3,11:45,pos,1-5,0.0172,7.0,0.1429,0.121,100,settled,0,0.0,0,0
2026-09-09 11:27:03,20260909,17,3,11:43,,SKIP,,,,,0,skip,,,,0
2026-09-09 11:32:42,20260909,16,3,11:49,,SKIP,,,,,0,skip,,,,0
2026-09-09 11:32:42,20260909,21,8,11:50,,SKIP,,,,,0,skip,,,,0
2026-09-09 11:35:30,20260909,4,3,11:53,uvpx50,1-6,0.0796,29.1,0.0344,2.315,100,settled,0,0.0,0,1
2026-09-09 11:35:30,20260909,14,7,11:51,,SKIP,,,,,0,skip,,,,0
2026-09-09 11:41:17,20260909,13,4,11:59,,SKIP,,,,,0,skip,,,,0
2026-09-09 11:44:06,20260909,5,3,12:01,,SKIP,,,,,0,skip,,,,0
2026-09-09 11:54:35,20260909,17,4,12:12,,SKIP,,,,,0,skip,,,,0
2026-09-09 11:57:15,20260909,11,4,12:14,,SKIP,,,,,0,skip,,,,0
2026-09-09 12:02:32,20260909,16,4,12:20,,SKIP,,,,,0,skip,,,,0
2026-09-09 12:05:23,20260909,4,4,12:22,,SKIP,,,,,0,skip,,,,0
2026-09-09 12:05:23,20260909,14,8,12:21,,SKIP,,,,,0,skip,,,,0
2026-09-09 12:08:31,20260909,21,9,12:24,,SKIP,,,,,0,skip,,,,0
2026-09-09 12:11:19,20260909,13,5,12:29,,SKIP,,,,,0,skip,,,,0
2026-09-09 12:14:06,20260909,5,4,12:31,,SKIP,,,,,0,skip,,,,0
2026-09-09 12:27:08,20260909,11,5,12:44,,SKIP,,,,,0,skip,,,,0
2026-09-09 12:27:08,20260909,17,5,12:43,,SKIP,,,,,0,skip,,,,0
2026-09-09 12:32:45,20260909,16,5,12:50,,SKIP,,,,,0,skip,,,,0
2026-09-09 12:35:24,20260909,4,5,12:52,pos,1-4,0.1381,16.4,0.061,2.265,100,settled,0,0.0,0,0
2026-09-09 12:35:24,20260909,4,5,12:52,pos,1-5,0.3667,15.4,0.0649,5.648,100,settled,0,0.0,0,0
2026-09-09 12:35:24,20260909,14,9,12:52,pos,1-4,0.0181,35.7,0.028,0.645,100,settled,0,0.0,0,0
2026-09-09 12:35:24,20260909,14,9,12:52,pos,1-5,0.117,15.8,0.0633,1.849,100,settled,0,0.0,0,0
2026-09-09 12:38:23,20260909,13,6,12:56,pos,1-4,0.3228,3.1,0.3226,1.001,100,settled,0,0.0,0,0
2026-09-09 12:38:23,20260909,13,6,12:56,pos,1-5,0.1342,8.6,0.1163,1.154,100,settled,0,0.0,0,0
2026-09-09 12:41:21,20260909,21,10,12:58,,SKIP,,,,,0,skip,,,,0
2026-09-09 12:44:01,20260909,5,5,13:01,,SKIP,,,,,0,skip,,,,0
2026-09-09 12:52:08,20260909,17,6,13:09,,SKIP,,,,,0,skip,,,,0
2026-09-09 12:57:18,20260909,11,6,13:15,pos,1-4,0.1211,19.0,0.0526,2.301,100,settled,0,0.0,0,0
2026-09-09 12:57:18,20260909,11,6,13:15,pos,1-5,0.0063,5.2,0.1923,0.033,100,settled,0,0.0,0,0
2026-09-09 13:02:45,20260909,16,6,13:20,,SKIP,,,,,0,skip,,,,0
2026-09-09 13:05:25,20260909,4,6,13:22,pos,1-4,0.1573,16.9,0.0592,2.658,100,settled,0,0.0,0,0
2026-09-09 13:05:25,20260909,4,6,13:22,pos,1-5,0.3114,4.4,0.2273,1.37,100,settled,0,0.0,0,0
2026-09-09 13:05:25,20260909,14,10,13:23,,SKIP,,,,,0,skip,,,,0
2026-09-09 13:11:02,20260909,13,7,13:27,,SKIP,,,,,0,skip,,,,0
2026-09-09 13:13:51,20260909,5,6,13:31,pos,1-4,0.0174,17.3,0.0578,0.301,100,settled,0,0.0,0,0
2026-09-09 13:13:51,20260909,5,6,13:31,pos,1-5,0.1625,17.3,0.0578,2.811,100,settled,430,430.0,1,0
2026-09-09 13:16:40,20260909,21,11,13:34,,SKIP,,,,,0,skip,,,,0
2026-09-09 13:22:09,20260909,17,7,13:40,,SKIP,,,,,0,skip,,,,0
2026-09-09 13:27:29,20260909,11,7,13:43,,SKIP,,,,,0,skip,,,,0
2026-09-09 13:30:10,20260909,16,7,13:47,,SKIP,,,,,0,skip,,,,0
2026-09-09 13:35:30,20260909,4,7,13:53,,SKIP,,,,,0,skip,,,,0
2026-09-09 13:38:19,20260909,14,11,13:55,,SKIP,,,,,0,skip,,,,0
2026-09-09 13:43:48,20260909,5,7,14:01,,SKIP,,,,,0,skip,,,,0
2026-09-09 13:49:08,20260909,13,8,14:06,,SKIP,,,,,0,skip,,,,0
2026-09-09 13:54:27,20260909,17,8,14:11,,SKIP,,,,,0,skip,,,,0
2026-09-09 13:57:07,20260909,21,12,14:13,,SKIP,,,,,0,skip,,,,0
2026-09-09 13:59:56,20260909,11,8,14:16,,SKIP,,,,,0,skip,,,,0
2026-09-09 14:05:26,20260909,16,8,14:23,,SKIP,,,,,0,skip,,,,0
2026-09-09 14:08:05,20260909,4,8,14:24,,SKIP,,,,,0,skip,,,,0
2026-09-09 14:10:53,20260909,14,12,14:28,,SKIP,,,,,0,skip,,,,0
2026-09-09 14:16:21,20260909,5,8,14:32,pos,1-4,0.2362,8.4,0.119,1.984,100,settled,380,380.0,1,0
2026-09-09 14:16:21,20260909,5,8,14:32,pos,1-5,0.1121,18.5,0.0541,2.074,100,settled,0,0.0,0,0
2026-09-09 14:19:11,20260909,13,9,14:37,,SKIP,,,,,0,skip,,,,0
2026-09-09 14:24:32,20260909,17,9,14:41,,SKIP,,,,,0,skip,,,,0
2026-09-09 14:27:12,20260909,11,9,14:45,pos,1-4,0.2984,8.5,0.1176,2.537,100,settled,0,0.0,0,0
2026-09-09 14:27:12,20260909,11,9,14:45,pos,1-5,0.0213,4.8,0.2083,0.102,100,settled,0,0.0,0,0
2026-09-09 14:35:08,20260909,16,9,14:51,,SKIP,,,,,0,skip,,,,0
2026-09-09 14:40:28,20260909,4,9,14:56,,SKIP,,,,,0,skip,,,,0
2026-09-09 14:48:16,20260909,5,9,15:04,,SKIP,,,,,0,skip,,,,0
2026-09-09 14:53:33,20260909,13,10,15:09,uvpx50,1-5,0.0862,9.0,0.1111,0.776,100,settled,0,0.0,0,1
2026-09-09 14:56:23,20260909,17,10,15:14,,SKIP,,,,,0,skip,,,,0
2026-09-09 14:59:03,20260909,24,1,15:15,,SKIP,,,,,0,skip,,,,0
2026-09-09 15:01:52,20260909,1,1,15:18,pos,1-4,0.3075,7.2,0.1389,2.214,100,settled,0,0.0,0,0
2026-09-09 15:01:52,20260909,1,1,15:18,pos,1-5,0.0749,13.2,0.0758,0.989,100,settled,0,0.0,0,0
2026-09-09 15:04:32,20260909,20,1,15:20,,SKIP,,,,,0,skip,,,,0
2026-09-09 15:07:32,20260909,11,10,15:25,,SKIP,,,,,0,skip,,,,0
2026-09-09 15:10:21,20260909,16,10,15:28,,SKIP,,,,,0,skip,,,,0
2026-09-09 15:13:08,20260909,4,10,15:29,,SKIP,,,,,0,skip,,,,0
2026-09-09 15:21:08,20260909,5,10,15:37,,SKIP,,,,,0,skip,,,,0
2026-09-09 15:23:49,20260909,13,11,15:41,,SKIP,,,,,0,skip,,,,0
2026-09-09 15:26:39,20260909,1,2,15:43,,SKIP,,,,,0,skip,,,,0
2026-09-09 15:29:30,20260909,24,2,15:45,,SKIP,,,,,0,skip,,,,0
2026-09-09 15:32:20,20260909,20,2,15:48,,SKIP,,,,,0,skip,,,,0
2026-09-09 15:35:09,20260909,17,11,15:52,,SKIP,,,,,0,skip,,,,0
2026-09-09 15:40:37,20260909,11,11,15:58,pos,1-4,0.1126,14.3,0.0699,1.61,100,settled,0,0.0,0,0
2026-09-09 15:40:37,20260909,11,11,15:58,pos,1-5,0.0613,15.6,0.0641,0.957,100,settled,0,0.0,0,0
2026-09-09 15:45:56,20260909,4,11,16:03,,SKIP,,,,,0,skip,,,,0
2026-09-09 15:45:56,20260909,16,11,16:02,,SKIP,,,,,0,skip,,,,0
2026-09-09 15:51:33,20260909,1,3,16:09,,SKIP,,,,,0,skip,,,,0
2026-09-09 15:54:13,20260909,5,11,16:11,,SKIP,,,,,0,skip,,,,0
2026-09-09 15:56:52,20260909,20,3,16:13,,SKIP,,,,,0,skip,,,,0
2026-09-09 15:59:51,20260909,24,3,16:15,,SKIP,,,,,0,skip,,,,0
2026-09-09 16:05:20,20260909,13,12,16:23,,SKIP,,,,,0,skip,,,,0
2026-09-09 16:13:10,20260909,11,12,16:29,,SKIP,,,,,0,skip,,,,0
2026-09-09 16:18:30,20260909,1,4,16:35,,SKIP,,,,,0,skip,,,,0
2026-09-09 16:18:30,20260909,17,12,16:34,,SKIP,,,,,0,skip,,,,0
2026-09-09 16:21:27,20260909,4,12,16:38,,SKIP,,,,,0,skip,,,,0
2026-09-09 16:24:07,20260909,20,4,16:41,,SKIP,,,,,0,skip,,,,0
2026-09-09 16:27:08,20260909,16,12,16:45,,SKIP,,,,,0,skip,,,,0
2026-09-09 16:29:49,20260909,5,12,16:46,,SKIP,,,,,0,skip,,,,0
2026-09-09 16:32:36,20260909,24,4,16:50,uvpx50,1-2,0.1745,3.1,0.3226,0.541,100,settled,300,300.0,1,1
2026-09-09 16:43:12,20260909,1,5,17:01,uvpx50,1-2,0.0663,55.5,0.018,3.679,100,settled,0,0.0,0,1
2026-09-09 16:53:32,20260909,20,5,17:10,pos,1-4,0.2409,6.2,0.1613,1.494,100,settled,0,0.0,0,0
2026-09-09 16:53:32,20260909,20,5,17:10,pos,1-5,0.0378,36.3,0.0275,1.373,100,settled,0,0.0,0,0
2026-09-09 17:01:24,20260909,24,5,17:19,,SKIP,,,,,0,skip,,,,0
2026-09-09 17:11:45,20260909,1,6,17:28,,SKIP,,,,,0,skip,,,,0
2026-09-09 17:19:35,20260909,20,6,17:37,,SKIP,,,,,0,skip,,,,0
2026-09-09 17:29:55,20260909,24,6,17:46,,SKIP,,,,,0,skip,,,,0
2026-09-09 17:37:47,20260909,1,7,17:55,pos,1-4,0.0718,20.7,0.0483,1.486,100,settled,0,0.0,0,1
2026-09-09 17:37:47,20260909,1,7,17:55,pos,1-5,0.055,18.0,0.0556,0.99,100,settled,0,0.0,0,0
2026-09-09 17:48:07,20260909,20,7,18:04,,SKIP,,,,,0,skip,,,,0
2026-09-09 17:55:48,20260909,24,7,18:13,,SKIP,,,,,0,skip,,,,0
2026-09-09 18:06:17,20260909,1,8,18:23,,SKIP,,,,,0,skip,,,,0
2026-09-09 18:16:37,20260909,20,8,18:33,pos,1-4,0.0903,13.7,0.073,1.238,100,settled,0,0.0,0,0
2026-09-09 18:16:37,20260909,20,8,18:33,pos,1-5,0.0307,32.6,0.0307,0.999,100,settled,0,0.0,0,0
2026-09-09 18:26:58,20260909,24,8,18:43,,SKIP,,,,,0,skip,,,,0
2026-09-09 18:37:17,20260909,1,9,18:54,pos,1-4,0.0743,9.6,0.1042,0.713,100,settled,0,0.0,0,0
2026-09-09 18:37:17,20260909,1,9,18:54,pos,1-5,0.0721,26.5,0.0377,1.912,100,settled,0,0.0,0,1
2026-09-09 18:47:37,20260909,20,9,19:04,,SKIP,,,,,0,skip,,,,0
2026-09-09 18:57:58,20260909,24,9,19:14,,SKIP,,,,,0,skip,,,,0
2026-09-09 19:08:19,20260909,1,10,19:25,,SKIP,,,,,0,skip,,,,0
2026-09-09 19:18:39,20260909,20,10,19:36,,SKIP,,,,,0,skip,,,,0
2026-09-09 19:29:01,20260909,24,10,19:47,uvpx50,1-6,0.0986,23.1,0.0433,2.277,100,settled,2350,2350.0,1,1
2026-09-09 19:41:52,20260909,1,11,19:58,,SKIP,,,,,0,skip,,,,0
2026-09-09 19:49:44,20260909,20,11,20:07,,SKIP,,,,,0,skip,,,,0
2026-09-09 20:00:05,20260909,24,11,20:16,,SKIP,,,,,0,skip,,,,0
2026-09-09 20:12:55,20260909,1,12,20:30,uvpx50,1-5,0.0836,16.8,0.0595,1.404,100,settled,0,0.0,0,1
2026-09-09 20:20:46,20260909,20,12,20:38,,SKIP,,,,,0,skip,,,,0
2026-09-09 20:28:36,20260909,24,12,20:45,,SKIP,,,,,0,skip,,,,0
2026-09-10 08:14:28,20260910,21,1,08:32,pos,1-4,0.042,20.4,0.049,0.857,100,settled,0,0.0,0,0
2026-09-10 08:14:28,20260910,21,1,08:32,pos,1-5,0.3137,2.8,0.3571,0.878,100,settled,0,0.0,0,0
2026-09-10 08:27:18,20260910,14,1,08:44,pos,1-4,0.2642,3.4,0.2941,0.898,100,settled,0,0.0,0,0
2026-09-10 08:27:18,20260910,14,1,08:44,pos,1-5,0.1303,7.2,0.1389,0.938,100,settled,0,0.0,0,0
2026-09-10 08:40:08,20260910,21,2,08:58,pos,1-4,0.375,2.2,0.4545,0.825,100,settled,250,250.0,1,0
2026-09-10 08:40:08,20260910,21,2,08:58,pos,1-5,0.0382,13.9,0.0719,0.531,100,settled,0,0.0,0,0
2026-09-10 08:53:00,20260910,14,2,09:10,,SKIP,,,,,0,skip,,,,0
2026-09-10 09:08:22,20260910,21,3,09:24,pos,1-4,0.0054,31.6,0.0316,0.171,100,settled,0,0.0,0,0
2026-09-10 09:08:22,20260910,21,3,09:24,pos,1-5,0.124,6.0,0.1667,0.744,100,settled,0,0.0,0,0
2026-09-10 09:18:43,20260910,14,3,09:36,,SKIP,,,,,0,skip,,,,0
2026-09-10 09:34:04,20260910,21,4,09:50,,SKIP,,,,,0,skip,,,,0
2026-09-10 09:44:24,20260910,14,4,10:02,,SKIP,,,,,0,skip,,,,0
2026-09-10 10:02:15,20260910,21,5,10:18,,SKIP,,,,,0,skip,,,,0
2026-09-10 10:10:05,20260910,14,5,10:28,,SKIP,,,,,0,skip,,,,0
2026-09-10 10:20:24,20260910,13,1,10:38,,SKIP,,,,,0,skip,,,,0
2026-09-10 10:28:06,20260910,17,1,10:45,,SKIP,,,,,0,skip,,,,0
2026-09-10 10:30:53,20260910,21,6,10:47,,SKIP,,,,,0,skip,,,,0
2026-09-10 10:36:24,20260910,16,1,10:53,,SKIP,,,,,0,skip,,,,0
2026-09-10 10:39:02,20260910,4,1,10:55,,SKIP,,,,,0,skip,,,,0
2026-09-10 10:41:52,20260910,14,6,10:58,,SKIP,,,,,0,skip,,,,0
2026-09-10 10:47:21,20260910,5,1,11:03,,SKIP,,,,,0,skip,,,,0
2026-09-10 10:50:02,20260910,13,2,11:06,,SKIP,,,,,0,skip,,,,0
2026-09-10 10:55:31,20260910,17,2,11:11,,SKIP,,,,,0,skip,,,,0
2026-09-10 10:58:10,20260910,3,1,11:14,,SKIP,,,,,0,skip,,,,0
2026-09-10 11:00:58,20260910,21,7,11:18,,SKIP,,,,,0,skip,,,,0
2026-09-10 11:06:28,20260910,4,2,11:24,,SKIP,,,,,0,skip,,,,0
2026-09-10 11:06:28,20260910,16,2,11:22,,SKIP,,,,,0,skip,,,,0
2026-09-10 11:12:05,20260910,14,7,11:28,,SKIP,,,,,0,skip,,,,0
2026-09-10 11:14:44,20260910,5,2,11:32,,SKIP,,,,,0,skip,,,,0
2026-09-10 11:17:32,20260910,13,3,11:35,,SKIP,,,,,0,skip,,,,0
2026-09-10 11:22:53,20260910,17,3,11:39,,SKIP,,,,,0,skip,,,,0
2026-09-10 11:25:42,20260910,3,2,11:41,pos,1-4,0.0776,17.3,0.0578,1.342,100,settled,0,0.0,0,0
2026-09-10 11:25:42,20260910,3,2,11:41,pos,1-5,0.0479,24.3,0.0412,1.165,100,settled,0,0.0,0,0
2026-09-10 11:31:14,20260910,16,3,11:49,,SKIP,,,,,0,skip,,,,0
2026-09-10 11:33:55,20260910,21,8,11:51,pos,1-4,0.0349,17.9,0.0559,0.624,100,settled,0,0.0,0,0
2026-09-10 11:33:55,20260910,21,8,11:51,pos,1-5,0.004,21.5,0.0465,0.086,100,settled,0,0.0,0,0
2026-09-10 11:36:43,20260910,4,3,11:53,,SKIP,,,,,0,skip,,,,0
2026-09-10 11:42:11,20260910,13,4,11:59,pos,1-4,0.0987,31.0,0.0323,3.059,100,settled,0,0.0,0,1
2026-09-10 11:42:11,20260910,13,4,11:59,pos,1-5,0.1335,6.8,0.1471,0.908,100,settled,0,0.0,0,0
2026-09-10 11:44:51,20260910,5,3,12:01,,SKIP,,,,,0,skip,,,,0
2026-09-10 11:47:30,20260910,14,8,12:05,,SKIP,,,,,0,skip,,,,0
2026-09-10 11:50:27,20260910,3,3,12:08,,SKIP,,,,,0,skip,,,,0
2026-09-10 11:55:47,20260910,17,4,12:13,,SKIP,,,,,0,skip,,,,0
2026-09-10 12:03:45,20260910,16,4,12:20,,SKIP,,,,,0,skip,,,,0
2026-09-10 12:06:25,20260910,4,4,12:22,pos,1-4,0.194,8.0,0.125,1.552,100,settled,0,0.0,0,0
2026-09-10 12:06:25,20260910,4,4,12:22,pos,1-5,0.0143,66.0,0.0152,0.945,100,settled,0,0.0,0,0
2026-09-10 12:06:25,20260910,21,9,12:24,,SKIP,,,,,0,skip,,,,0
2026-09-10 12:12:13,20260910,13,5,12:28,,SKIP,,,,,0,skip,,,,0
2026-09-10 12:14:54,20260910,5,4,12:31,,SKIP,,,,,0,skip,,,,0
2026-09-10 12:17:45,20260910,3,4,12:35,,SKIP,,,,,0,skip,,,,0
2026-09-10 12:20:36,20260910,14,9,12:38,pos,1-4,0.372,5.7,0.1754,2.12,100,settled,0,0.0,0,0
2026-09-10 12:20:36,20260910,14,9,12:38,pos,1-5,0.0164,80.3,0.0125,1.319,100,settled,0,0.0,0,0
2026-09-10 12:26:04,20260910,17,5,12:42,,SKIP,,,,,0,skip,,,,0
2026-09-10 12:33:53,20260910,16,5,12:50,,SKIP,,,,,0,skip,,,,0
2026-09-10 12:36:34,20260910,4,5,12:52,,SKIP,,,,,0,skip,,,,0
2026-09-10 12:39:20,20260910,13,6,12:56,pos,1-4,0.2636,2.3,0.4348,0.606,100,settled,0,0.0,0,0
2026-09-10 12:39:20,20260910,13,6,12:56,pos,1-5,0.0695,12.6,0.0794,0.875,100,settled,0,0.0,0,0
2026-09-10 12:42:07,20260910,21,10,12:58,,SKIP,,,,,0,skip,,,,0
2026-09-10 12:44:57,20260910,3,5,13:02,,SKIP,,,,,0,skip,,,,0
2026-09-10 12:44:57,20260910,5,5,13:01,,SKIP,,,,,0,skip,,,,0
2026-09-10 12:50:34,20260910,17,6,13:08,pos,1-4,0.3506,9.0,0.1111,3.155,100,settled,0,0.0,0,0
2026-09-10 12:50:34,20260910,17,6,13:08,pos,1-5,0.01,16.6,0.0602,0.167,100,settled,0,0.0,0,0
2026-09-10 12:53:21,20260910,14,10,13:09,,SKIP,,,,,0,skip,,,,0
2026-09-10 13:01:19,20260910,16,6,13:18,,SKIP,,,,,0,skip,,,,0
2026-09-10 13:06:39,20260910,4,6,13:22,,SKIP,,,,,0,skip,,,,0
2026-09-10 13:09:29,20260910,13,7,13:27,,SKIP,,,,,0,skip,,,,0
2026-09-10 13:14:47,20260910,5,6,13:31,pos,1-4,0.2184,15.1,0.0662,3.298,100,settled,0,0.0,0,0
2026-09-10 13:14:47,20260910,5,6,13:31,pos,1-5,0.1089,27.0,0.037,2.94,100,settled,0,0.0,0,1
2026-09-10 13:17:25,20260910,3,6,13:34,,SKIP,,,,,0,skip,,,,0
2026-09-10 13:17:25,20260910,21,11,13:34,,SKIP,,,,,0,skip,,,,0
2026-09-10 13:23:06,20260910,17,7,13:39,pos,1-4,0.3982,6.5,0.1538,2.589,100,settled,370,370.0,1,0
2026-09-10 13:23:06,20260910,17,7,13:39,pos,1-5,0.0234,21.5,0.0465,0.503,100,settled,0,0.0,0,0
2026-09-10 13:28:34,20260910,16,7,13:46,,SKIP,,,,,0,skip,,,,0
2026-09-10 13:31:15,20260910,14,11,13:49,pos,1-4,0.12,8.8,0.1136,1.056,100,settled,0,0.0,0,0
2026-09-10 13:31:15,20260910,14,11,13:49,pos,1-5,0.079,14.6,0.0685,1.153,100,settled,0,0.0,0,0
2026-09-10 13:36:46,20260910,4,7,13:53,,SKIP,,,,,0,skip,,,,0
2026-09-10 13:44:38,20260910,5,7,14:01,pos,1-4,0.0731,9.3,0.1075,0.68,100,settled,0,0.0,0,0
2026-09-10 13:44:38,20260910,5,7,14:01,pos,1-5,0.1079,9.0,0.1111,0.971,100,settled,0,0.0,0,0
2026-09-10 13:47:18,20260910,3,7,14:02,,SKIP,,,,,0,skip,,,,0
2026-09-10 13:50:06,20260910,13,8,14:06,,SKIP,,,,,0,skip,,,,0
2026-09-10 13:52:56,20260910,17,8,14:10,,SKIP,,,,,0,skip,,,,0
2026-09-10 13:55:43,20260910,21,12,14:13,,SKIP,,,,,0,skip,,,,0
2026-09-10 14:03:39,20260910,16,8,14:21,pos,1-4,0.0546,20.7,0.0483,1.129,100,settled,0,0.0,0,0
2026-09-10 14:03:39,20260910,16,8,14:21,pos,1-5,0.0711,12.2,0.082,0.867,100,settled,0,0.0,0,0
2026-09-10 14:06:19,20260910,4,8,14:24,,SKIP,,,,,0,skip,,,,0
2026-09-10 14:11:39,20260910,14,12,14:28,,SKIP,,,,,0,skip,,,,0
2026-09-10 14:14:27,20260910,3,8,14:28,,SKIP,,,,,0,skip,,,,0
2026-09-10 14:14:27,20260910,5,8,14:32,pos,1-4,0.0781,12.3,0.0813,0.96,100,settled,0,0.0,0,0
2026-09-10 14:14:27,20260910,5,8,14:32,pos,1-5,0.093,16.0,0.0625,1.487,100,settled,0,0.0,0,0
2026-09-10 14:20:14,20260910,17,9,14:37,pos,1-4,0.0694,14.6,0.0685,1.014,100,settled,0,0.0,0,0
2026-09-10 14:20:14,20260910,17,9,14:37,pos,1-5,0.3071,4.1,0.2439,1.259,100,settled,220,220.0,1,0
2026-09-10 14:25:23,20260910,13,9,14:42,,SKIP,,,,,0,skip,,,,0
2026-09-10 14:33:19,20260910,16,9,14:50,,SKIP,,,,,0,skip,,,,0
2026-09-10 14:38:40,20260910,3,9,14:56,,SKIP,,,,,0,skip,,,,0
2026-09-10 14:38:40,20260910,4,9,14:56,,SKIP,,,,,0,skip,,,,0
2026-09-10 14:46:45,20260910,5,9,15:04,,SKIP,,,,,0,skip,,,,0
2026-09-10 14:52:04,20260910,13,10,15:10,,SKIP,,,,,0,skip,,,,0
2026-09-10 14:57:22,20260910,17,10,15:13,,SKIP,,,,,0,skip,,,,0
2026-09-10 14:57:22,20260910,24,1,15:15,,SKIP,,,,,0,skip,,,,0
2026-09-10 15:00:21,20260910,1,1,15:18,,SKIP,,,,,0,skip,,,,0
2026-09-10 15:03:02,20260910,20,1,15:20,,SKIP,,,,,0,skip,,,,0
2026-09-10 15:05:50,20260910,3,10,15:22,pos,1-4,0.1088,13.5,0.0741,1.469,100,settled,0,0.0,0,0
2026-09-10 15:05:50,20260910,3,10,15:22,pos,1-5,0.0931,11.3,0.0885,1.052,100,settled,0,0.0,0,0
2026-09-10 15:05:50,20260910,3,10,15:22,uvpx50,1-2,0.2044,5.7,0.1754,1.165,100,settled,0,0.0,0,1
2026-09-10 15:11:27,20260910,4,10,15:29,,SKIP,,,,,0,skip,,,,0
2026-09-10 15:11:27,20260910,16,10,15:27,,SKIP,,,,,0,skip,,,,0
2026-09-10 15:19:35,20260910,5,10,15:37,,SKIP,,,,,0,skip,,,,0
2026-09-10 15:22:14,20260910,13,11,15:40,uvpx50,1-5,0.0557,8.0,0.125,0.446,100,settled,0,0.0,0,1
2026-09-10 15:25:04,20260910,1,2,15:42,,SKIP,,,,,0,skip,,,,0
2026-09-10 15:27:53,20260910,20,2,15:44,,SKIP,,,,,0,skip,,,,0
2026-09-10 15:27:53,20260910,24,2,15:45,,SKIP,,,,,0,skip,,,,0
2026-09-10 15:36:10,20260910,3,11,15:53,,SKIP,,,,,0,skip,,,,0
2026-09-10 15:36:10,20260910,17,11,15:52,,SKIP,,,,,0,skip,,,,0
2026-09-10 15:44:17,20260910,16,11,16:01,,SKIP,,,,,0,skip,,,,0
2026-09-10 15:46:58,20260910,4,11,16:03,,SKIP,,,,,0,skip,,,,0
2026-09-10 15:52:30,20260910,20,3,16:09,,SKIP,,,,,0,skip,,,,0
2026-09-10 15:55:09,20260910,1,3,16:13,,SKIP,,,,,0,skip,,,,0
2026-09-10 15:55:09,20260910,5,11,16:11,,SKIP,,,,,0,skip,,,,0
2026-09-10 15:58:11,20260910,24,3,16:15,,SKIP,,,,,0,skip,,,,0
2026-09-10 16:06:17,20260910,13,12,16:23,,SKIP,,,,,0,skip,,,,0
2026-09-10 16:08:56,20260910,3,12,16:25,,SKIP,,,,,0,skip,,,,0
2026-09-10 16:14:23,20260910,17,12,16:32,,SKIP,,,,,0,skip,,,,0
2026-09-10 16:17:04,20260910,20,4,16:34,,SKIP,,,,,0,skip,,,,0
2026-09-10 16:22:21,20260910,4,12,16:38,pos,1-4,0.2813,5.4,0.1852,1.519,100,settled,780,780.0,1,0
2026-09-10 16:22:21,20260910,4,12,16:38,pos,1-5,0.1034,18.0,0.0556,1.862,100,settled,0,0.0,0,0
2026-09-10 16:25:21,20260910,1,4,16:42,,SKIP,,,,,0,skip,,,,0
2026-09-10 16:27:59,20260910,16,12,16:44,pos,1-4,0.3199,3.6,0.2778,1.152,100,settled,0,0.0,0,0
2026-09-10 16:27:59,20260910,16,12,16:44,pos,1-5,0.0498,19.2,0.0521,0.956,100,settled,0,0.0,0,0
2026-09-10 16:30:49,20260910,5,12,16:46,,SKIP,,,,,0,skip,,,,0
2026-09-10 16:33:48,20260910,24,4,16:50,uvpx50,1-3,0.0907,13.1,0.0763,1.188,100,settled,0,0.0,0,1
2026-09-10 16:44:09,20260910,20,5,17:01,,SKIP,,,,,0,skip,,,,0
2026-09-10 16:52:00,20260910,1,5,17:10,,SKIP,,,,,0,skip,,,,0
2026-09-10 17:02:21,20260910,24,5,17:19,,SKIP,,,,,0,skip,,,,0
2026-09-10 17:10:11,20260910,20,6,17:28,,SKIP,,,,,0,skip,,,,0
2026-09-10 17:20:32,20260910,1,6,17:37,uvpx50,1-4,0.1692,2.9,0.3448,0.491,100,settled,0,0.0,0,1
2026-09-10 17:28:21,20260910,24,6,17:46,,SKIP,,,,,0,skip,,,,0
2026-09-10 17:38:42,20260910,20,7,17:55,pos,1-4,0.0324,71.6,0.014,2.319,100,settled,0,0.0,0,0
2026-09-10 17:38:42,20260910,20,7,17:55,pos,1-5,0.0095,35.8,0.0279,0.342,100,settled,0,0.0,0,0
2026-09-10 17:46:31,20260910,1,7,18:04,pos,1-4,0.0729,9.8,0.102,0.714,100,settled,0,0.0,0,0
2026-09-10 17:46:31,20260910,1,7,18:04,pos,1-5,0.0149,22.1,0.0452,0.329,100,settled,0,0.0,0,0
2026-09-10 17:56:51,20260910,24,7,18:13,,SKIP,,,,,0,skip,,,,0
2026-09-10 18:07:11,20260910,20,8,18:23,pos,1-4,0.0771,23.0,0.0435,1.773,100,settled,0,0.0,0,1
2026-09-10 18:07:11,20260910,20,8,18:23,pos,1-5,0.0715,28.4,0.0352,2.03,100,settled,0,0.0,0,1
2026-09-10 18:15:02,20260910,1,8,18:33,,SKIP,,,,,0,skip,,,,0
2026-09-10 18:25:23,20260910,24,8,18:43,,SKIP,,,,,0,skip,,,,0
2026-09-10 18:38:14,20260910,20,9,18:54,,SKIP,,,,,0,skip,,,,0
2026-09-10 18:46:04,20260910,1,9,19:04,,SKIP,,,,,0,skip,,,,0
2026-09-10 18:56:25,20260910,24,9,19:14,,SKIP,,,,,0,skip,,,,0
2026-09-10 19:09:17,20260910,20,10,19:25,,SKIP,,,,,0,skip,,,,0
2026-09-10 19:19:38,20260910,1,10,19:36,,SKIP,,,,,0,skip,,,,0
2026-09-10 19:29:58,20260910,24,10,19:47,,SKIP,,,,,0,skip,,,,0
2026-09-10 19:40:17,20260910,20,11,19:58,,SKIP,,,,,0,skip,,,,0
2026-09-10 19:50:37,20260910,1,11,20:07,,SKIP,,,,,0,skip,,,,0
2026-09-10 19:58:28,20260910,24,11,20:16,,SKIP,,,,,0,skip,,,,0
2026-09-10 20:13:51,20260910,20,12,20:30,,SKIP,,,,,0,skip,,,,0
2026-09-10 20:21:32,20260910,1,12,20:38,,SKIP,,,,,0,skip,,,,0
2026-09-10 20:29:21,20260910,24,12,20:45,uvpx50,1-6,0.06,14.2,0.0704,0.852,100,settled,0,0.0,0,1
2026-09-11 08:15:32,20260911,21,1,08:32,pos,1-4,0.0555,23.8,0.042,1.32,100,settled,0,0.0,0,1
2026-09-11 08:15:32,20260911,21,1,08:32,pos,1-5,0.0619,15.9,0.0629,0.985,100,settled,0,0.0,0,0
2026-09-11 08:28:23,20260911,14,1,08:44,,SKIP,,,,,0,skip,,,,0
2026-09-11 08:41:12,20260911,21,2,08:58,pos,1-4,0.3666,1.7,0.5882,0.623,100,settled,150,150.0,1,0
2026-09-11 08:41:12,20260911,21,2,08:58,pos,1-5,0.0267,17.1,0.0585,0.457,100,settled,0,0.0,0,0
2026-09-11 08:54:03,20260911,14,2,09:10,,SKIP,,,,,0,skip,,,,0
2026-09-11 09:06:54,20260911,21,3,09:24,,SKIP,,,,,0,skip,,,,0
2026-09-11 09:19:47,20260911,14,3,09:36,,SKIP,,,,,0,skip,,,,0
2026-09-11 09:32:38,20260911,21,4,09:50,,SKIP,,,,,0,skip,,,,0
2026-09-11 09:45:30,20260911,14,4,10:02,pos,1-4,0.3664,6.4,0.1562,2.345,100,settled,0,0.0,0,0
2026-09-11 09:45:30,20260911,14,4,10:02,pos,1-5,0.0604,12.4,0.0806,0.748,100,settled,0,0.0,0,0
2026-09-11 10:03:23,20260911,21,5,10:20,pos,1-4,0.0086,30.3,0.033,0.261,100,settled,0,0.0,0,0
2026-09-11 10:03:23,20260911,21,5,10:20,pos,1-5,0.13,6.1,0.1639,0.793,100,settled,0,0.0,0,0
2026-09-11 10:11:12,20260911,14,5,10:28,,SKIP,,,,,0,skip,,,,0
2026-09-11 10:19:04,20260911,13,1,10:37,,SKIP,,,,,0,skip,,,,0
2026-09-11 10:24:13,20260911,17,1,10:42,,SKIP,,,,,0,skip,,,,0
2026-09-11 10:29:42,20260911,2,1,10:47,,SKIP,,,,,0,skip,,,,0
2026-09-11 10:32:23,20260911,16,1,10:49,,SKIP,,,,,0,skip,,,,0
2026-09-11 10:35:03,20260911,21,6,10:52,,SKIP,,,,,0,skip,,,,0
2026-09-11 10:40:39,20260911,14,6,10:58,pos,1-4,0.2173,21.4,0.0467,4.649,100,settled,0,0.0,0,1
2026-09-11 10:40:39,20260911,14,6,10:58,pos,1-5,0.0404,33.2,0.0301,1.343,100,settled,0,0.0,0,0
2026-09-11 10:45:58,20260911,5,1,11:03,,SKIP,,,,,0,skip,,,,0
2026-09-11 10:45:58,20260911,13,2,11:02,,SKIP,,,,,0,skip,,,,0
2026-09-11 10:51:17,20260911,17,2,11:08,,SKIP,,,,,0,skip,,,,0
2026-09-11 10:56:45,20260911,3,1,11:14,,SKIP,,,,,0,skip,,,,0
2026-09-11 10:59:35,20260911,2,2,11:16,,SKIP,,,,,0,skip,,,,0
2026-09-11 10:59:35,20260911,16,2,11:15,,SKIP,,,,,0,skip,,,,0
2026-09-11 11:05:22,20260911,21,7,11:22,,SKIP,,,,,0,skip,,,,0
2026-09-11 11:08:03,20260911,13,3,11:26,,SKIP,,,,,0,skip,,,,0
2026-09-11 11:10:52,20260911,14,7,11:28,,SKIP,,,,,0,skip,,,,0
2026-09-11 11:16:03,20260911,5,2,11:32,,SKIP,,,,,0,skip,,,,0
2026-09-11 11:16:03,20260911,6,1,11:33,,SKIP,,,,,0,skip,,,,0
2026-09-11 11:19:12,20260911,17,3,11:35,,SKIP,,,,,0,skip,,,,0
2026-09-11 11:24:42,20260911,3,2,11:41,,SKIP,,,,,0,skip,,,,0
2026-09-11 11:24:42,20260911,16,3,11:42,,SKIP,,,,,0,skip,,,,0
2026-09-11 11:27:40,20260911,2,3,11:45,,SKIP,,,,,0,skip,,,,0
2026-09-11 11:33:18,20260911,13,4,11:51,,SKIP,,,,,0,skip,,,,0
2026-09-11 11:35:57,20260911,21,8,11:53,,SKIP,,,,,0,skip,,,,0
2026-09-11 11:41:25,20260911,6,2,11:58,,SKIP,,,,,0,skip,,,,0
2026-09-11 11:44:06,20260911,5,3,12:01,,SKIP,,,,,0,skip,,,,0
2026-09-11 11:44:06,20260911,17,4,12:00,,SKIP,,,,,0,skip,,,,0
2026-09-11 11:49:53,20260911,14,8,12:05,,SKIP,,,,,0,skip,,,,0
2026-09-11 11:52:41,20260911,3,3,12:08,,SKIP,,,,,0,skip,,,,0
2026-09-11 11:55:20,20260911,16,4,12:13,,SKIP,,,,,0,skip,,,,0
2026-09-11 11:58:11,20260911,2,4,12:14,,SKIP,,,,,0,skip,,,,0
2026-09-11 12:03:39,20260911,13,5,12:21,,SKIP,,,,,0,skip,,,,0
2026-09-11 12:06:19,20260911,21,9,12:24,pos,1-4,0.0665,73.8,0.0136,4.91,100,settled,0,0.0,0,1
2026-09-11 12:06:19,20260911,21,9,12:24,pos,1-5,0.0123,30.7,0.0326,0.376,100,settled,0,0.0,0,0
2026-09-11 12:09:06,20260911,6,3,12:27,,SKIP,,,,,0,skip,,,,0
2026-09-11 12:14:34,20260911,5,4,12:31,pos,1-4,0.1887,28.8,0.0347,5.436,100,pending,,,,1
2026-09-11 12:14:34,20260911,5,4,12:31,pos,1-5,0.0474,100.8,0.0099,4.773,100,pending,,,,0
2026-09-11 12:17:12,20260911,3,4,12:35,,SKIP,,,,,0,skip,,,,0
2026-09-11 12:20:02,20260911,14,9,12:38,,SKIP,,,,,0,skip,,,,0
2026-09-11 12:20:02,20260911,17,5,12:36,,SKIP,,,,,0,skip,,,,0
2026-09-11 12:28:23,20260911,2,5,12:44,,SKIP,,,,,0,skip,,,,0
2026-09-11 12:31:11,20260911,13,6,12:49,pos,1-4,0.3987,2.8,0.3571,1.116,100,pending,,,,0
2026-09-11 12:31:11,20260911,13,6,12:49,pos,1-5,0.055,35.0,0.0286,1.927,100,pending,,,,1
2026-09-11 12:36:21,20260911,6,4,12:54,,SKIP,,,,,0,skip,,,,0
2026-09-11 12:36:21,20260911,16,5,12:52,pos,1-4,0.1435,9.2,0.1087,1.32,100,pending,,,,0
2026-09-11 12:36:21,20260911,16,5,12:52,pos,1-5,0.0292,20.7,0.0483,0.604,100,pending,,,,0
2026-09-11 12:41:57,20260911,21,10,12:59,,SKIP,,,,,0,skip,,,,0
2026-09-11 12:44:47,20260911,3,5,13:02,,SKIP,,,,,0,skip,,,,0
2026-09-11 12:44:47,20260911,5,5,13:01,,SKIP,,,,,0,skip,,,,0
2026-09-11 12:50:14,20260911,17,6,13:08,,SKIP,,,,,0,skip,,,,0
2026-09-11 12:52:55,20260911,14,10,13:09,,SKIP,,,,,0,skip,,,,0
2026-09-11 12:58:22,20260911,2,6,13:14,,SKIP,,,,,0,skip,,,,0
2026-09-11 13:03:51,20260911,6,5,13:20,pos,1-4,0.0653,51.2,0.0195,3.344,100,pending,,,,1
2026-09-11 13:03:51,20260911,6,5,13:20,pos,1-5,0.0279,25.6,0.0391,0.715,100,pending,,,,0
2026-09-11 13:09:09,20260911,16,6,13:25,pos,1-4,0.0377,30.8,0.0325,1.16,100,pending,,,,0
2026-09-11 13:09:09,20260911,16,6,13:25,pos,1-5,0.0323,20.5,0.0488,0.661,100,pending,,,,0
2026-09-11 13:11:49,20260911,3,6,13:29,,SKIP,,,,,0,skip,,,,0
2026-09-11 13:11:49,20260911,13,7,13:29,pos,1-4,0.3174,2.1,0.4762,0.667,100,pending,,,,0
2026-09-11 13:11:49,20260911,13,7,13:29,pos,1-5,0.0115,48.7,0.0205,0.562,100,pending,,,,0
2026-09-11 13:14:48,20260911,5,6,13:31,,SKIP,,,,,0,skip,,,,0
2026-09-11 13:17:28,20260911,21,11,13:34,pos,1-4,0.066,37.5,0.0267,2.474,100,pending,,,,1
2026-09-11 13:17:28,20260911,21,11,13:34,pos,1-5,0.1097,5.2,0.1923,0.57,100,pending,,,,0
2026-09-11 13:25:45,20260911,17,7,13:43,pos,1-4,0.4432,3.7,0.2703,1.64,100,pending,,,,0
2026-09-11 13:25:45,20260911,17,7,13:43,pos,1-5,0.0176,77.8,0.0129,1.367,100,pending,,,,0
2026-09-11 13:28:36,20260911,2,7,13:45,,SKIP,,,,,0,skip,,,,0
2026-09-11 13:31:15,20260911,14,11,13:49,,SKIP,,,,,0,skip,,,,0
2026-09-11 13:36:32,20260911,6,6,13:53,,SKIP,,,,,0,skip,,,,0
2026-09-11 13:39:20,20260911,3,7,13:56,,SKIP,,,,,0,skip,,,,0
2026-09-11 13:42:09,20260911,16,7,13:59,,SKIP,,,,,0,skip,,,,0
2026-09-11 13:44:49,20260911,5,7,14:01,pos,1-4,0.0471,16.9,0.0592,0.796,100,pending,,,,0
2026-09-11 13:44:49,20260911,5,7,14:01,pos,1-5,0.1866,6.7,0.1493,1.25,100,pending,,,,0
2026-09-11 13:50:19,20260911,13,8,14:07,,SKIP,,,,,0,skip,,,,0
2026-09-11 13:53:07,20260911,17,8,14:09,,SKIP,,,,,0,skip,,,,0
2026-09-11 13:55:55,20260911,21,12,14:13,,SKIP,,,,,0,skip,,,,0
2026-09-11 13:58:34,20260911,2,8,14:16,,SKIP,,,,,0,skip,,,,0
2026-09-11 14:04:03,20260911,6,7,14:21,pos,1-4,0.0201,30.3,0.033,0.61,100,pending,,,,0
2026-09-11 14:04:03,20260911,6,7,14:21,pos,1-5,0.1783,10.1,0.099,1.801,100,pending,,,,0
2026-09-11 14:06:52,20260911,3,8,14:24,,SKIP,,,,,0,skip,,,,0
2026-09-11 14:09:38,20260911,16,8,14:26,pos,1-4,0.1109,4.5,0.2222,0.499,100,pending,,,,0
2026-09-11 14:09:38,20260911,16,8,14:26,pos,1-5,0.0753,11.7,0.0855,0.881,100,pending,,,,0
2026-09-11 14:12:19,20260911,14,12,14:28,,SKIP,,,,,0,skip,,,,0
2026-09-11 14:15:08,20260911,5,8,14:32,,SKIP,,,,,0,skip,,,,0
2026-09-11 14:23:18,20260911,17,9,14:39,pos,1-4,0.2277,11.6,0.0862,2.642,100,pending,,,,0
2026-09-11 14:23:18,20260911,17,9,14:39,pos,1-5,0.0623,26.5,0.0377,1.651,100,pending,,,,1
2026-09-11 14:26:06,20260911,13,9,14:43,,SKIP,,,,,0,skip,,,,0
2026-09-11 14:31:17,20260911,2,9,14:48,uvpx50,1-2,0.2103,3.8,0.2632,0.799,100,pending,,,,1
2026-09-11 14:34:06,20260911,3,9,14:52,,SKIP,,,,,0,skip,,,,0
2026-09-11 14:36:55,20260911,6,8,14:54,,SKIP,,,,,0,skip,,,,0
2026-09-11 14:44:44,20260911,16,9,15:01,,SKIP,,,,,0,skip,,,,0
2026-09-11 14:47:43,20260911,5,9,15:04,,SKIP,,,,,0,skip,,,,0
2026-09-11 14:52:54,20260911,13,10,15:10,uvpx50,1-3,0.0683,16.7,0.0599,1.141,100,pending,,,,1
2026-09-11 14:55:42,20260911,17,10,15:13,,SKIP,,,,,0,skip,,,,0
2026-09-11 14:58:31,20260911,24,1,15:15,,SKIP,,,,,0,skip,,,,0
2026-09-11 15:01:11,20260911,12,1,15:18,,SKIP,,,,,0,skip,,,,0
2026-09-11 15:04:01,20260911,2,10,15:21,,SKIP,,,,,0,skip,,,,0
2026-09-11 15:04:01,20260911,3,10,15:22,pos,1-4,0.0894,13.5,0.0741,1.207,100,pending,,,,0
2026-09-11 15:04:01,20260911,3,10,15:22,pos,1-5,0.0501,6.6,0.1515,0.331,100,pending,,,,0
2026-09-11 15:06:59,20260911,20,1,15:23,,SKIP,,,,,0,skip,,,,0
2026-09-11 15:09:46,20260911,6,9,15:27,,SKIP,,,,,0,skip,,,,0
2026-09-11 15:18:03,20260911,16,10,15:34,,SKIP,,,,,0,skip,,,,0
2026-09-11 15:20:53,20260911,5,10,15:37,,SKIP,,,,,0,skip,,,,0
2026-09-11 15:23:32,20260911,13,11,15:40,pos,1-4,0.128,7.5,0.1333,0.96,100,pending,,,,0
2026-09-11 15:23:32,20260911,13,11,15:40,pos,1-5,0.0539,18.5,0.0541,0.997,100,pending,,,,0
2026-09-11 15:26:10,20260911,12,2,15:42,,SKIP,,,,,0,skip,,,,0
2026-09-11 15:29:00,20260911,24,2,15:45,,SKIP,,,,,0,skip,,,,0
2026-09-11 15:31:48,20260911,20,2,15:48,,SKIP,,,,,0,skip,,,,0
2026-09-11 15:37:16,20260911,2,11,15:55,uvpx50,1-3,0.1477,6.3,0.1587,0.93,100,pending,,,,1
2026-09-11 15:37:16,20260911,3,11,15:53,,SKIP,,,,,0,skip,,,,0
2026-09-11 15:37:16,20260911,17,11,15:53,,SKIP,,,,,0,skip,,,,0
2026-09-11 15:43:04,20260911,6,10,16:00,,SKIP,,,,,0,skip,,,,0
2026-09-11 15:51:13,20260911,12,3,16:09,,SKIP,,,,,0,skip,,,,0
2026-09-11 15:51:13,20260911,16,11,16:07,,SKIP,,,,,0,skip,,,,0
2026-09-11 15:54:12,20260911,5,11,16:11,,SKIP,,,,,0,skip,,,,0
2026-09-11 15:56:52,20260911,20,3,16:13,,SKIP,,,,,0,skip,,,,0
2026-09-11 15:59:31,20260911,24,3,16:15,uvpx50,1-5,0.0772,6.5,0.1538,0.502,100,settled,0,0.0,0,1
2026-09-11 16:07:48,20260911,3,12,16:25,,SKIP,,,,,0,skip,,,,0
2026-09-11 16:07:48,20260911,13,12,16:24,,SKIP,,,,,0,skip,,,,0
2026-09-11 16:13:19,20260911,2,12,16:30,,SKIP,,,,,0,skip,,,,0
2026-09-11 16:15:58,20260911,6,11,16:33,,SKIP,,,,,0,skip,,,,0
2026-09-11 16:18:55,20260911,12,4,16:35,,SKIP,,,,,0,skip,,,,0
2026-09-11 16:21:33,20260911,17,12,16:37,,SKIP,,,,,0,skip,,,,0
2026-09-11 16:24:24,20260911,20,4,16:41,,SKIP,,,,,0,skip,,,,0
2026-09-11 16:27:13,20260911,16,12,16:44,,SKIP,,,,,0,skip,,,,0
2026-09-11 16:30:03,20260911,5,12,16:46,,SKIP,,,,,0,skip,,,,0
2026-09-11 16:33:07,20260911,24,4,16:50,,SKIP,,,,,0,skip,,,,0
2026-09-11 16:43:38,20260911,12,5,17:01,,SKIP,,,,,0,skip,,,,0
2026-09-11 16:51:29,20260911,6,12,17:08,,SKIP,,,,,0,skip,,,,0
2026-09-11 16:54:08,20260911,20,5,17:12,pos,1-4,0.1429,14.5,0.069,2.073,100,settled,0,0.0,0,0
2026-09-11 16:54:08,20260911,20,5,17:12,pos,1-5,0.0864,25.8,0.0388,2.23,100,settled,0,0.0,0,1
2026-09-11 17:02:07,20260911,24,5,17:19,,SKIP,,,,,0,skip,,,,0
2026-09-11 17:12:27,20260911,12,6,17:28,,SKIP,,,,,0,skip,,,,0
2026-09-11 17:20:16,20260911,20,6,17:37,,SKIP,,,,,0,skip,,,,0
2026-09-11 17:28:05,20260911,24,6,17:46,uvpx50,1-2,0.1641,9.2,0.1087,1.509,100,settled,0,0.0,0,1
2026-09-11 17:38:26,20260911,12,7,17:55,pos,1-4,0.1251,24.0,0.0417,3.002,100,settled,0,0.0,0,1
2026-09-11 17:38:26,20260911,12,7,17:55,pos,1-5,0.0138,32.7,0.0306,0.452,100,settled,0,0.0,0,0
2026-09-11 17:46:08,20260911,20,7,18:04,,SKIP,,,,,0,skip,,,,0
2026-09-11 17:56:37,20260911,24,7,18:13,,SKIP,,,,,0,skip,,,,0
2026-09-11 18:06:59,20260911,12,8,18:23,,SKIP,,,,,0,skip,,,,0
2026-09-11 18:17:18,20260911,20,8,18:33,pos,1-4,0.083,28.2,0.0355,2.341,100,settled,0,0.0,0,1
2026-09-11 18:17:18,20260911,20,8,18:33,pos,1-5,0.0645,28.2,0.0355,1.82,100,settled,0,0.0,0,1
2026-09-11 18:25:08,20260911,24,8,18:43,,SKIP,,,,,0,skip,,,,0
2026-09-11 18:37:59,20260911,12,9,18:54,,SKIP,,,,,0,skip,,,,0
2026-09-11 18:48:22,20260911,20,9,19:04,,SKIP,,,,,0,skip,,,,0
2026-09-11 18:56:12,20260911,24,9,19:14,uvpx50,1-3,0.0847,3.6,0.2778,0.305,100,settled,0,0.0,0,1
2026-09-11 19:09:02,20260911,12,10,19:25,,SKIP,,,,,0,skip,,,,0
2026-09-11 19:19:23,20260911,20,10,19:36,,SKIP,,,,,0,skip,,,,0
2026-09-11 19:29:42,20260911,24,10,19:47,,SKIP,,,,,0,skip,,,,0
2026-09-11 19:40:05,20260911,12,11,19:58,uvpx50,1-3,0.1242,8.9,0.1124,1.105,100,settled,0,0.0,0,1
2026-09-11 19:50:26,20260911,20,11,20:07,,SKIP,,,,,0,skip,,,,0
2026-09-11 19:58:15,20260911,24,11,20:16,,SKIP,,,,,0,skip,,,,0
2026-09-11 20:13:37,20260911,12,12,20:30,,SKIP,,,,,0,skip,,,,0
2026-09-11 20:21:25,20260911,20,12,20:38,,SKIP,,,,,0,skip,,,,0
2026-09-11 20:29:05,20260911,24,12,20:45,,SKIP,,,,,0,skip,,,,0
2026-09-12 08:15:15,20260912,10,1,08:32,,SKIP,,,,,0,skip,,,,0
2026-09-12 08:28:06,20260912,21,1,08:44,,SKIP,,,,,0,skip,,,,0
2026-09-12 08:40:57,20260912,10,2,08:58,pos,1-4,0.0447,29.3,0.0341,1.31,100,settled,0,0.0,0,0
2026-09-12 08:40:57,20260912,10,2,08:58,pos,1-5,0.1111,4.2,0.2381,0.467,100,settled,0,0.0,0,0
2026-09-12 08:53:48,20260912,21,2,09:10,pos,1-4,0.3638,3.6,0.2778,1.31,100,settled,0,0.0,0,0
2026-09-12 08:53:48,20260912,21,2,09:10,pos,1-5,0.0082,21.1,0.0474,0.174,100,settled,0,0.0,0,0
2026-09-12 09:06:40,20260912,10,3,09:24,,SKIP,,,,,0,skip,,,,0
2026-09-12 09:19:30,20260912,21,3,09:36,,SKIP,,,,,0,skip,,,,0
2026-09-12 09:32:21,20260912,10,4,09:50,,SKIP,,,,,0,skip,,,,0
2026-09-12 09:45:15,20260912,21,4,10:02,,SKIP,,,,,0,skip,,,,0
2026-09-12 10:00:39,20260912,10,5,10:18,,SKIP,,,,,0,skip,,,,0
2026-09-12 10:13:30,20260912,21,5,10:30,,SKIP,,,,,0,skip,,,,0
2026-09-12 10:16:09,20260912,9,1,10:33,,SKIP,,,,,0,skip,,,,0
2026-09-12 10:21:29,20260912,8,1,10:39,,SKIP,,,,,0,skip,,,,0
2026-09-12 10:21:29,20260912,17,1,10:38,,SKIP,,,,,0,skip,,,,0
2026-09-12 10:24:17,20260912,18,1,10:42,,SKIP,,,,,0,skip,,,,0
2026-09-12 10:30:01,20260912,2,1,10:47,,SKIP,,,,,0,skip,,,,0
2026-09-12 10:32:41,20260912,10,6,10:50,,SKIP,,,,,0,skip,,,,0
2026-09-12 10:40:40,20260912,16,1,10:57,,SKIP,,,,,0,skip,,,,0
2026-09-12 10:43:20,20260912,9,2,11:00,,SKIP,,,,,0,skip,,,,0
2026-09-12 10:43:20,20260912,21,6,10:59,,SKIP,,,,,0,skip,,,,0
2026-09-12 10:46:19,20260912,5,1,11:03,,SKIP,,,,,0,skip,,,,0
2026-09-12 10:49:16,20260912,8,2,11:06,,SKIP,,,,,0,skip,,,,0
2026-09-12 10:54:38,20260912,18,2,11:11,uvpx50,1-5,0.1368,11.3,0.0885,1.546,100,settled,0,0.0,0,1
2026-09-12 10:57:29,20260912,17,2,11:15,pos,1-4,0.1046,10.0,0.1,1.046,100,settled,410,410.0,1,0
2026-09-12 10:57:29,20260912,17,2,11:15,pos,1-5,0.3422,3.3,0.303,1.129,100,settled,0,0.0,0,0
2026-09-12 11:00:10,20260912,2,2,11:16,pos,1-4,0.0099,50.3,0.0199,0.496,100,settled,0,0.0,0,0
2026-09-12 11:00:10,20260912,2,2,11:16,pos,1-5,0.0105,113.2,0.0088,1.189,100,settled,0,0.0,0,0
2026-09-12 11:02:58,20260912,10,7,11:20,,SKIP,,,,,0,skip,,,,0
2026-09-12 11:08:38,20260912,16,2,11:25,,SKIP,,,,,0,skip,,,,0
2026-09-12 11:11:17,20260912,9,3,11:27,,SKIP,,,,,0,skip,,,,0
2026-09-12 11:11:17,20260912,21,7,11:29,,SKIP,,,,,0,skip,,,,0
2026-09-12 11:14:14,20260912,5,2,11:32,,SKIP,,,,,0,skip,,,,0
2026-09-12 11:17:12,20260912,8,3,11:35,,SKIP,,,,,0,skip,,,,0
2026-09-12 11:22:30,20260912,6,1,11:39,,SKIP,,,,,0,skip,,,,0
2026-09-12 11:27:59,20260912,2,3,11:45,pos,1-4,0.2866,10.5,0.0952,3.009,100,settled,0,0.0,0,0
2026-09-12 11:27:59,20260912,2,3,11:45,pos,1-5,0.0292,27.5,0.0364,0.803,100,settled,0,0.0,0,0
2026-09-12 11:27:59,20260912,17,3,11:44,,SKIP,,,,,0,skip,,,,0
2026-09-12 11:30:51,20260912,18,3,11:46,,SKIP,,,,,0,skip,,,,0
2026-09-12 11:33:48,20260912,10,8,11:51,,SKIP,,,,,0,skip,,,,0
2026-09-12 11:39:15,20260912,9,4,11:57,,SKIP,,,,,0,skip,,,,0
2026-09-12 11:39:15,20260912,16,3,11:55,,SKIP,,,,,0,skip,,,,0
2026-09-12 11:42:12,20260912,21,8,11:59,,SKIP,,,,,0,skip,,,,0
2026-09-12 11:45:00,20260912,5,3,12:01,,SKIP,,,,,0,skip,,,,0
2026-09-12 11:47:48,20260912,8,4,12:05,,SKIP,,,,,0,skip,,,,0
2026-09-12 11:50:28,20260912,6,2,12:08,,SKIP,,,,,0,skip,,,,0
2026-09-12 11:53:25,20260912,17,4,12:10,,SKIP,,,,,0,skip,,,,0
2026-09-12 11:56:05,20260912,2,4,12:14,,SKIP,,,,,0,skip,,,,0
2026-09-12 12:01:41,20260912,18,4,12:17,,SKIP,,,,,0,skip,,,,0
2026-09-12 12:07:01,20260912,10,9,12:25,,SKIP,,,,,0,skip,,,,0
2026-09-12 12:07:01,20260912,16,4,12:23,,SKIP,,,,,0,skip,,,,0
2026-09-12 12:12:39,20260912,9,5,12:29,,SKIP,,,,,0,skip,,,,0
2026-09-12 12:15:18,20260912,5,4,12:31,,SKIP,,,,,0,skip,,,,0
2026-09-12 12:15:18,20260912,21,9,12:33,,SKIP,,,,,0,skip,,,,0
2026-09-12 12:18:28,20260912,8,5,12:35,,SKIP,,,,,0,skip,,,,0
2026-09-12 12:21:16,20260912,6,3,12:37,,SKIP,,,,,0,skip,,,,0
2026-09-12 12:24:07,20260912,17,5,12:42,pos,1-4,0.2264,8.6,0.1163,1.947,100,settled,0,0.0,0,0
2026-09-12 12:24:07,20260912,17,5,12:42,pos,1-5,0.0202,20.8,0.0481,0.421,100,settled,0,0.0,0,0
2026-09-12 12:26:56,20260912,2,5,12:44,pos,1-4,0.3892,5.4,0.1852,2.102,100,settled,0,0.0,0,0
2026-09-12 12:26:56,20260912,2,5,12:44,pos,1-5,0.0337,15.7,0.0637,0.529,100,settled,0,0.0,0,0
2026-09-12 12:32:15,20260912,18,5,12:48,,SKIP,,,,,0,skip,,,,0
2026-09-12 12:37:43,20260912,16,5,12:55,,SKIP,,,,,0,skip,,,,0
2026-09-12 12:40:23,20260912,10,10,12:57,,SKIP,,,,,0,skip,,,,0
2026-09-12 12:43:12,20260912,5,5,13:01,pos,1-4,0.1138,10.5,0.0952,1.195,100,settled,0,0.0,0,0
2026-09-12 12:43:12,20260912,5,5,13:01,pos,1-5,0.0707,34.0,0.0294,2.404,100,settled,0,0.0,0,1
2026-09-12 12:43:12,20260912,9,6,13:00,,SKIP,,,,,0,skip,,,,0
2026-09-12 12:46:10,20260912,6,4,13:03,,SKIP,,,,,0,skip,,,,0
2026-09-12 12:49:01,20260912,8,6,13:05,pos,1-4,0.1485,9.6,0.1042,1.426,100,settled,0,0.0,0,0
2026-09-12 12:49:01,20260912,8,6,13:05,pos,1-5,0.3544,4.0,0.25,1.418,100,settled,0,0.0,0,0
2026-09-12 12:51:57,20260912,21,10,13:08,,SKIP,,,,,0,skip,,,,0
2026-09-12 12:57:26,20260912,2,6,13:14,uvpx50,1-4,0.0417,26.2,0.0382,1.092,100,settled,0,0.0,0,1
2026-09-12 12:57:26,20260912,17,6,13:13,pos,1-4,0.2403,3.8,0.2632,0.913,100,settled,0,0.0,0,0
2026-09-12 12:57:26,20260912,17,6,13:13,pos,1-5,0.0612,30.0,0.0333,1.835,100,settled,0,0.0,0,1
2026-09-12 13:03:05,20260912,18,6,13:19,,SKIP,,,,,0,skip,,,,0
2026-09-12 13:08:26,20260912,16,6,13:26,pos,1-4,0.0789,18.9,0.0529,1.491,100,settled,0,0.0,0,0
2026-09-12 13:08:26,20260912,16,6,13:26,pos,1-5,0.045,23.7,0.0422,1.066,100,settled,0,0.0,0,0
2026-09-12 13:11:06,20260912,6,5,13:29,,SKIP,,,,,0,skip,,,,0
2026-09-12 13:13:54,20260912,5,6,13:31,,SKIP,,,,,0,skip,,,,0
2026-09-12 13:16:35,20260912,9,7,13:32,,SKIP,,,,,0,skip,,,,0
2026-09-12 13:16:35,20260912,10,11,13:34,,SKIP,,,,,0,skip,,,,0
2026-09-12 13:19:31,20260912,8,7,13:36,,SKIP,,,,,0,skip,,,,0
2026-09-12 13:25:18,20260912,21,11,13:42,,SKIP,,,,,0,skip,,,,0
2026-09-12 13:27:57,20260912,2,7,13:45,,SKIP,,,,,0,skip,,,,0
2026-09-12 13:27:57,20260912,17,7,13:44,,SKIP,,,,,0,skip,,,,0
2026-09-12 13:33:41,20260912,18,7,13:50,,SKIP,,,,,0,skip,,,,0
2026-09-12 13:39:02,20260912,16,7,13:56,pos,1-4,0.1268,21.4,0.0467,2.714,100,settled,0,0.0,0,1
2026-09-12 13:39:02,20260912,16,7,13:56,pos,1-5,0.0888,9.2,0.1087,0.817,100,settled,0,0.0,0,0
2026-09-12 13:41:42,20260912,6,6,13:58,,SKIP,,,,,0,skip,,,,0
2026-09-12 13:44:29,20260912,5,7,14:01,,SKIP,,,,,0,skip,,,,0
2026-09-12 13:47:17,20260912,9,8,14:04,,SKIP,,,,,0,skip,,,,0
2026-09-12 13:49:56,20260912,8,8,14:07,,SKIP,,,,,0,skip,,,,0
2026-09-12 13:55:32,20260912,10,12,14:12,,SKIP,,,,,0,skip,,,,0
2026-09-12 13:58:12,20260912,2,8,14:16,,SKIP,,,,,0,skip,,,,0
2026-09-12 13:58:12,20260912,17,8,14:15,pos,1-4,0.1871,16.5,0.0606,3.088,100,settled,0,0.0,0,0
2026-09-12 13:58:12,20260912,17,8,14:15,pos,1-5,0.0737,20.1,0.0498,1.482,100,settled,0,0.0,0,1
2026-09-12 14:03:58,20260912,18,8,14:21,,SKIP,,,,,0,skip,,,,0
2026-09-12 14:06:39,20260912,21,12,14:23,,SKIP,,,,,0,skip,,,,0
2026-09-12 14:09:31,20260912,6,7,14:26,,SKIP,,,,,0,skip,,,,0
2026-09-12 14:12:20,20260912,16,8,14:30,,SKIP,,,,,0,skip,,,,0
2026-09-12 14:15:11,20260912,5,8,14:32,pos,1-4,0.1227,28.7,0.0348,3.521,100,settled,0,0.0,0,1
2026-09-12 14:15:11,20260912,5,8,14:32,pos,1-5,0.0714,41.5,0.0241,2.962,100,settled,0,0.0,0,1
2026-09-12 14:18:01,20260912,9,9,14:36,,SKIP,,,,,0,skip,,,,0
2026-09-12 14:23:30,20260912,8,9,14:40,,SKIP,,,,,0,skip,,,,0
2026-09-12 14:31:20,20260912,2,9,14:48,,SKIP,,,,,0,skip,,,,0
2026-09-12 14:31:20,20260912,17,9,14:47,,SKIP,,,,,0,skip,,,,0
2026-09-12 14:34:19,20260912,18,9,14:52,uvpx50,1-3,0.1499,5.1,0.1961,0.765,100,settled,0,0.0,0,1
2026-09-12 14:39:38,20260912,6,8,14:56,,SKIP,,,,,0,skip,,,,0
2026-09-12 14:45:05,20260912,16,9,15:03,,SKIP,,,,,0,skip,,,,0
2026-09-12 14:47:45,20260912,5,9,15:04,,SKIP,,,,,0,skip,,,,0
2026-09-12 14:50:35,20260912,9,10,15:08,,SKIP,,,,,0,skip,,,,0
2026-09-12 14:53:24,20260912,8,10,15:11,pos,1-4,0.1095,9.5,0.1053,1.04,100,settled,0,0.0,0,0
2026-09-12 14:53:24,20260912,8,10,15:11,pos,1-5,0.3403,3.6,0.2778,1.225,100,settled,0,0.0,0,0
2026-09-12 14:58:51,20260912,24,1,15:15,uvpx50,1-6,0.0887,17.1,0.0585,1.517,100,settled,0,0.0,0,1
2026-09-12 15:01:30,20260912,12,1,15:17,,SKIP,,,,,0,skip,,,,0
2026-09-12 15:01:30,20260912,17,10,15:19,,SKIP,,,,,0,skip,,,,0
2026-09-12 15:04:30,20260912,2,10,15:21,pos,1-4,0.0272,26.4,0.0379,0.718,100,settled,0,0.0,0,0
2026-09-12 15:04:30,20260912,2,10,15:21,pos,1-5,0.0579,12.1,0.0826,0.7,100,settled,0,0.0,0,0
2026-09-12 15:04:30,20260912,2,10,15:21,uvpx50,1-3,0.1032,20.1,0.0498,2.074,100,settled,0,0.0,0,1
2026-09-12 15:04:30,20260912,20,1,15:20,,SKIP,,,,,0,skip,,,,0
2026-09-12 15:10:05,20260912,18,10,15:26,,SKIP,,,,,0,skip,,,,0
2026-09-12 15:13:02,20260912,6,9,15:29,,SKIP,,,,,0,skip,,,,0
2026-09-12 15:18:30,20260912,16,10,15:36,,SKIP,,,,,0,skip,,,,0
2026-09-12 15:21:11,20260912,5,10,15:37,,SKIP,,,,,0,skip,,,,0
2026-09-12 15:24:01,20260912,9,11,15:42,,SKIP,,,,,0,skip,,,,0
2026-09-12 15:24:01,20260912,12,2,15:41,,SKIP,,,,,0,skip,,,,0
2026-09-12 15:29:39,20260912,8,11,15:47,pos,1-4,0.3218,3.2,0.3125,1.03,100,settled,280,280.0,1,0
2026-09-12 15:29:39,20260912,8,11,15:47,pos,1-5,0.084,11.2,0.0893,0.941,100,settled,0,0.0,0,0
2026-09-12 15:29:39,20260912,24,2,15:45,,SKIP,,,,,0,skip,,,,0
2026-09-12 15:35:27,20260912,20,2,15:51,,SKIP,,,,,0,skip,,,,0
2026-09-12 15:38:15,20260912,2,11,15:55,,SKIP,,,,,0,skip,,,,0
2026-09-12 15:38:15,20260912,17,11,15:54,,SKIP,,,,,0,skip,,,,0
2026-09-12 15:43:53,20260912,18,11,16:00,,SKIP,,,,,0,skip,,,,0
2026-09-12 15:46:33,20260912,6,10,16:04,,SKIP,,,,,0,skip,,,,0
2026-09-12 15:49:22,20260912,12,3,16:06,,SKIP,,,,,0,skip,,,,0
2026-09-12 15:52:13,20260912,16,11,16:09,,SKIP,,,,,0,skip,,,,0
2026-09-12 15:54:54,20260912,5,11,16:11,,SKIP,,,,,0,skip,,,,0
2026-09-12 15:57:49,20260912,24,3,16:15,,SKIP,,,,,0,skip,,,,0
2026-09-12 16:00:36,20260912,20,3,16:18,,SKIP,,,,,0,skip,,,,0
2026-09-12 16:03:27,20260912,9,12,16:20,,SKIP,,,,,0,skip,,,,0
2026-09-12 16:08:45,20260912,8,12,16:25,,SKIP,,,,,0,skip,,,,0
2026-09-12 16:14:16,20260912,2,12,16:30,pos,1-4,0.0665,28.8,0.0347,1.916,100,settled,0,0.0,0,1
2026-09-12 16:14:16,20260912,2,12,16:30,pos,1-5,0.336,6.5,0.1538,2.184,100,settled,0,0.0,0,0
2026-09-12 16:14:16,20260912,12,4,16:32,,SKIP,,,,,0,skip,,,,0
2026-09-12 16:17:16,20260912,17,12,16:35,,SKIP,,,,,0,skip,,,,0
2026-09-12 16:22:44,20260912,18,12,16:38,uvpx50,1-4,0.1559,4.1,0.2439,0.639,100,settled,0,0.0,0,1
2026-09-12 16:25:32,20260912,6,11,16:41,pos,1-4,0.1791,12.6,0.0794,2.257,100,settled,0,0.0,0,0
2026-09-12 16:25:32,20260912,6,11,16:41,pos,1-5,0.0383,5.7,0.1754,0.218,100,settled,0,0.0,0,0
2026-09-12 16:25:32,20260912,20,4,16:43,,SKIP,,,,,0,skip,,,,0
2026-09-12 16:28:31,20260912,5,12,16:46,,SKIP,,,,,0,skip,,,,0
2026-09-12 16:28:31,20260912,16,12,16:45,,SKIP,,,,,0,skip,,,,0
2026-09-12 16:34:08,20260912,24,4,16:50,,SKIP,,,,,0,skip,,,,0
2026-09-12 16:44:38,20260912,12,5,17:01,,SKIP,,,,,0,skip,,,,0
2026-09-12 16:52:28,20260912,6,12,17:08,,SKIP,,,,,0,skip,,,,0
2026-09-12 16:55:08,20260912,20,5,17:12,pos,1-4,0.247,5.6,0.1786,1.383,100,settled,580,580.0,1,0
2026-09-12 16:55:08,20260912,20,5,17:12,pos,1-5,0.0261,19.0,0.0526,0.495,100,settled,0,0.0,0,0
2026-09-12 17:03:10,20260912,24,5,17:19,uvpx50,1-5,0.1274,7.9,0.1266,1.007,100,settled,0,0.0,0,1
2026-09-12 17:10:59,20260912,12,6,17:28,,SKIP,,,,,0,skip,,,,0
2026-09-12 17:21:22,20260912,20,6,17:37,,SKIP,,,,,0,skip,,,,0
2026-09-12 17:29:11,20260912,24,6,17:46,,SKIP,,,,,0,skip,,,,0
2026-09-12 17:37:00,20260912,12,7,17:55,,SKIP,,,,,0,skip,,,,0
2026-09-12 17:47:23,20260912,20,7,18:04,pos,1-4,0.0907,11.3,0.0885,1.025,100,settled,0,0.0,0,0
2026-09-12 17:47:23,20260912,20,7,18:04,pos,1-5,0.1426,17.1,0.0585,2.439,100,settled,0,0.0,0,0
2026-09-12 17:55:13,20260912,24,7,18:13,,SKIP,,,,,0,skip,,,,0
2026-09-12 18:05:33,20260912,12,8,18:23,,SKIP,,,,,0,skip,,,,0
2026-09-12 18:15:54,20260912,20,8,18:33,,SKIP,,,,,0,skip,,,,0
2026-09-12 18:26:16,20260912,24,8,18:43,,SKIP,,,,,0,skip,,,,0
2026-09-12 18:36:37,20260912,12,9,18:54,,SKIP,,,,,0,skip,,,,0
2026-09-12 18:46:57,20260912,20,9,19:04,pos,1-4,0.0882,13.4,0.0746,1.182,100,settled,0,0.0,0,0
2026-09-12 18:46:57,20260912,20,9,19:04,pos,1-5,0.1919,10.0,0.1,1.919,100,settled,0,0.0,0,0
2026-09-12 18:57:18,20260912,24,9,19:14,,SKIP,,,,,0,skip,,,,0
2026-09-12 19:07:39,20260912,12,10,19:25,,SKIP,,,,,0,skip,,,,0
2026-09-12 19:18:00,20260912,20,10,19:36,,SKIP,,,,,0,skip,,,,0
2026-09-12 19:30:51,20260912,24,10,19:47,uvpx50,1-2,0.0885,2.7,0.3704,0.239,100,settled,0,0.0,0,1
2026-09-12 19:41:10,20260912,12,11,19:58,,SKIP,,,,,0,skip,,,,0
2026-09-12 19:51:30,20260912,20,11,20:07,,SKIP,,,,,0,skip,,,,0
2026-09-12 19:59:21,20260912,24,11,20:16,,SKIP,,,,,0,skip,,,,0
2026-09-12 20:12:10,20260912,12,12,20:30,uvpx50,1-4,0.0538,8.1,0.1235,0.436,100,settled,0,0.0,0,1
2026-09-12 20:20:00,20260912,20,12,20:38,,SKIP,,,,,0,skip,,,,0
2026-09-12 20:27:53,20260912,24,12,20:45,,SKIP,,,,,0,skip,,,,0
2026-09-13 08:14:00,20260913,10,1,08:32,,SKIP,,,,,0,skip,,,,0
2026-09-13 08:26:50,20260913,21,1,08:44,,SKIP,,,,,0,skip,,,,0
2026-09-13 08:42:11,20260913,10,2,08:58,pos,1-4,0.0498,33.3,0.03,1.66,100,settled,0,0.0,0,0
2026-09-13 08:42:11,20260913,10,2,08:58,pos,1-5,0.0599,14.3,0.0699,0.857,100,settled,0,0.0,0,0
2026-09-13 08:52:31,20260913,21,2,09:10,pos,1-4,0.3743,3.3,0.303,1.235,100,settled,0,0.0,0,0
2026-09-13 08:52:31,20260913,21,2,09:10,pos,1-5,0.041,9.4,0.1064,0.386,100,settled,0,0.0,0,0
2026-09-13 09:07:53,20260913,10,3,09:24,pos,1-4,0.0673,51.7,0.0193,3.48,100,settled,0,0.0,0,1
2026-09-13 09:07:53,20260913,10,3,09:24,pos,1-5,0.113,18.8,0.0532,2.125,100,settled,0,0.0,0,0
2026-09-13 09:18:12,20260913,21,3,09:36,,SKIP,,,,,0,skip,,,,0
2026-09-13 09:33:34,20260913,10,4,09:50,,SKIP,,,,,0,skip,,,,0
2026-09-13 09:46:26,20260913,21,4,10:04,,SKIP,,,,,0,skip,,,,0
2026-09-13 10:01:47,20260913,10,5,10:18,,SKIP,,,,,0,skip,,,,0
2026-09-13 10:12:09,20260913,11,1,10:29,,SKIP,,,,,0,skip,,,,0
2026-09-13 10:14:49,20260913,21,5,10:32,pos,1-4,0.1699,5.4,0.1852,0.917,100,settled,420,420.0,1,0
2026-09-13 10:14:49,20260913,21,5,10:32,pos,1-5,0.017,7.9,0.1266,0.134,100,settled,0,0.0,0,0
2026-09-13 10:17:30,20260913,9,1,10:33,,SKIP,,,,,0,skip,,,,0
2026-09-13 10:20:30,20260913,18,1,10:38,,SKIP,,,,,0,skip,,,,0
2026-09-13 10:26:00,20260913,8,1,10:43,,SKIP,,,,,0,skip,,,,0
2026-09-13 10:31:12,20260913,2,1,10:47,,SKIP,,,,,0,skip,,,,0
2026-09-13 10:34:01,20260913,10,6,10:50,,SKIP,,,,,0,skip,,,,0
2026-09-13 10:39:31,20260913,17,1,10:56,,SKIP,,,,,0,skip,,,,0
2026-09-13 10:42:10,20260913,9,2,11:00,,SKIP,,,,,0,skip,,,,0
2026-09-13 10:42:10,20260913,11,2,10:58,,SKIP,,,,,0,skip,,,,0
2026-09-13 10:45:11,20260913,5,1,11:03,,SKIP,,,,,0,skip,,,,0
2026-09-13 10:47:50,20260913,21,6,11:05,,SKIP,,,,,0,skip,,,,0
2026-09-13 10:50:49,20260913,18,2,11:08,,SKIP,,,,,0,skip,,,,0
2026-09-13 10:56:29,20260913,8,2,11:14,,SKIP,,,,,0,skip,,,,0
2026-09-13 10:59:07,20260913,2,2,11:16,,SKIP,,,,,0,skip,,,,0
2026-09-13 11:04:27,20260913,10,7,11:20,,SKIP,,,,,0,skip,,,,0
2026-09-13 11:07:25,20260913,17,2,11:23,,SKIP,,,,,0,skip,,,,0
2026-09-13 11:10:05,20260913,9,3,11:27,,SKIP,,,,,0,skip,,,,0
2026-09-13 11:10:05,20260913,11,3,11:26,,SKIP,,,,,0,skip,,,,0
2026-09-13 11:15:44,20260913,5,2,11:32,,SKIP,,,,,0,skip,,,,0
2026-09-13 11:18:33,20260913,6,1,11:34,,SKIP,,,,,0,skip,,,,0
2026-09-13 11:18:33,20260913,21,7,11:36,,SKIP,,,,,0,skip,,,,0
2026-09-13 11:21:31,20260913,18,3,11:38,,SKIP,,,,,0,skip,,,,0
2026-09-13 11:24:12,20260913,8,3,11:42,,SKIP,,,,,0,skip,,,,0
2026-09-13 11:27:11,20260913,2,3,11:45,,SKIP,,,,,0,skip,,,,0
2026-09-13 11:30:00,20260913,22,1,11:48,pos,1-4,0.2928,2.2,0.4545,0.644,100,settled,0,0.0,0,0
2026-09-13 11:30:00,20260913,22,1,11:48,pos,1-5,0.0413,34.8,0.0287,1.436,100,settled,0,0.0,0,0
2026-09-13 11:32:57,20260913,17,3,11:50,pos,1-4,0.2015,11.6,0.0862,2.338,100,settled,0,0.0,0,0
2026-09-13 11:32:57,20260913,17,3,11:50,pos,1-5,0.0719,9.9,0.101,0.712,100,settled,0,0.0,0,0
2026-09-13 11:35:48,20260913,10,8,11:52,,SKIP,,,,,0,skip,,,,0
2026-09-13 11:38:26,20260913,11,4,11:55,,SKIP,,,,,0,skip,,,,0
2026-09-13 11:41:24,20260913,6,2,11:59,pos,1-4,0.1034,13.4,0.0746,1.386,100,settled,0,0.0,0,0
2026-09-13 11:41:24,20260913,6,2,11:59,pos,1-5,0.0192,8.6,0.1163,0.165,100,settled,0,0.0,0,0
2026-09-13 11:41:24,20260913,9,4,11:57,,SKIP,,,,,0,skip,,,,0
2026-09-13 11:44:31,20260913,5,3,12:01,pos,1-4,0.219,12.5,0.08,2.738,100,settled,0,0.0,0,0
2026-09-13 11:44:31,20260913,5,3,12:01,pos,1-5,0.0559,45.1,0.0222,2.519,100,settled,2570,2570.0,1,1
2026-09-13 11:50:00,20260913,8,4,12:08,,SKIP,,,,,0,skip,,,,0
2026-09-13 11:50:00,20260913,21,8,12:06,,SKIP,,,,,0,skip,,,,0
2026-09-13 11:52:49,20260913,18,4,12:10,uvpx50,1-5,0.0988,6.0,0.1667,0.593,100,settled,0,0.0,0,1
2026-09-13 11:58:28,20260913,2,4,12:14,,SKIP,,,,,0,skip,,,,0
2026-09-13 11:58:28,20260913,22,2,12:16,,SKIP,,,,,0,skip,,,,0
2026-09-13 12:01:25,20260913,17,4,12:19,,SKIP,,,,,0,skip,,,,0
2026-09-13 12:04:04,20260913,11,5,12:22,pos,1-4,0.1111,29.6,0.0338,3.287,100,settled,700,700.0,1,1
2026-09-13 12:04:04,20260913,11,5,12:22,pos,1-5,0.3525,5.9,0.1695,2.08,100,settled,0,0.0,0,0
2026-09-13 12:06:59,20260913,10,9,12:24,,SKIP,,,,,0,skip,,,,0
2026-09-13 12:09:40,20260913,6,3,12:27,,SKIP,,,,,0,skip,,,,0
2026-09-13 12:12:40,20260913,9,5,12:29,,SKIP,,,,,0,skip,,,,0
2026-09-13 12:15:19,20260913,5,4,12:31,,SKIP,,,,,0,skip,,,,0
2026-09-13 12:18:07,20260913,21,9,12:36,,SKIP,,,,,0,skip,,,,0
2026-09-13 12:20:55,20260913,8,5,12:38,pos,1-4,0.0131,618.0,0.0016,8.092,100,settled,0,0.0,0,0
2026-09-13 12:20:55,20260913,8,5,12:38,pos,1-5,0.1898,12.6,0.0794,2.391,100,settled,0,0.0,0,0
2026-09-13 12:26:26,20260913,2,5,12:44,,SKIP,,,,,0,skip,,,,0
2026-09-13 12:26:26,20260913,18,5,12:43,,SKIP,,,,,0,skip,,,,0
2026-09-13 12:32:04,20260913,22,3,12:48,,SKIP,,,,,0,skip,,,,0
2026-09-13 12:34:54,20260913,17,5,12:51,,SKIP,,,,,0,skip,,,,0
2026-09-13 12:37:41,20260913,11,6,12:54,,SKIP,,,,,0,skip,,,,0
2026-09-13 12:40:31,20260913,6,4,12:56,,SKIP,,,,,0,skip,,,,0
2026-09-13 12:40:31,20260913,10,10,12:58,,SKIP,,,,,0,skip,,,,0
2026-09-13 12:43:29,20260913,5,5,13:01,,SKIP,,,,,0,skip,,,,0
2026-09-13 12:43:29,20260913,9,6,13:00,,SKIP,,,,,0,skip,,,,0
2026-09-13 12:51:57,20260913,8,6,13:08,,SKIP,,,,,0,skip,,,,0
2026-09-13 12:54:38,20260913,21,10,13:12,,SKIP,,,,,0,skip,,,,0
2026-09-13 12:57:27,20260913,2,6,13:14,uvpx50,1-6,0.061,11.4,0.0877,0.696,100,settled,0,0.0,0,1
2026-09-13 12:57:27,20260913,18,6,13:14,,SKIP,,,,,0,skip,,,,0
2026-09-13 13:00:26,20260913,22,4,13:18,,SKIP,,,,,0,skip,,,,0
2026-09-13 13:06:05,20260913,17,6,13:22,pos,1-4,0.0637,17.8,0.0562,1.133,100,settled,0,0.0,0,0
2026-09-13 13:06:05,20260913,17,6,13:22,pos,1-5,0.0344,15.5,0.0645,0.534,100,settled,0,0.0,0,0
2026-09-13 13:08:45,20260913,11,7,13:25,,SKIP,,,,,0,skip,,,,0
2026-09-13 13:11:35,20260913,6,5,13:28,,SKIP,,,,,0,skip,,,,0
2026-09-13 13:14:24,20260913,5,6,13:31,,SKIP,,,,,0,skip,,,,0
2026-09-13 13:14:24,20260913,9,7,13:32,,SKIP,,,,,0,skip,,,,0
2026-09-13 13:17:25,20260913,10,11,13:35,,SKIP,,,,,0,skip,,,,0
2026-09-13 13:20:15,20260913,8,7,13:38,,SKIP,,,,,0,skip,,,,0
2026-09-13 13:28:21,20260913,2,7,13:45,,SKIP,,,,,0,skip,,,,0
2026-09-13 13:28:21,20260913,18,7,13:45,uvpx50,1-4,0.1442,21.3,0.0469,3.072,100,settled,0,0.0,0,1
2026-09-13 13:28:21,20260913,22,5,13:44,,SKIP,,,,,0,skip,,,,0
2026-09-13 13:31:18,20260913,21,11,13:49,pos,1-4,0.0972,7.9,0.1266,0.768,100,settled,1030,1030.0,1,0
2026-09-13 13:31:18,20260913,21,11,13:49,pos,1-5,0.0562,12.8,0.0781,0.72,100,settled,0,0.0,0,0
2026-09-13 13:37:04,20260913,17,7,13:53,pos,1-4,0.2842,1.6,0.625,0.455,100,settled,0,0.0,0,0
2026-09-13 13:37:04,20260913,17,7,13:53,pos,1-5,0.0614,15.7,0.0637,0.964,100,settled,0,0.0,0,0
2026-09-13 13:39:43,20260913,11,8,13:56,,SKIP,,,,,0,skip,,,,0
2026-09-13 13:42:33,20260913,6,6,13:59,,SKIP,,,,,0,skip,,,,0
2026-09-13 13:45:22,20260913,5,7,14:01,pos,1-4,0.0607,19.8,0.0505,1.201,100,settled,0,0.0,0,0
2026-09-13 13:45:22,20260913,5,7,14:01,pos,1-5,0.2384,13.5,0.0741,3.219,100,settled,0,0.0,0,0
2026-09-13 13:48:10,20260913,9,8,14:04,,SKIP,,,,,0,skip,,,,0
2026-09-13 13:50:49,20260913,8,8,14:07,,SKIP,,,,,0,skip,,,,0
2026-09-13 13:53:46,20260913,10,12,14:11,,SKIP,,,,,0,skip,,,,0
2026-09-13 13:56:25,20260913,22,6,14:14,pos,1-4,0.1005,18.9,0.0529,1.9,100,settled,0,0.0,0,0
2026-09-13 13:56:25,20260913,22,6,14:14,pos,1-5,0.3518,5.0,0.2,1.759,100,settled,0,0.0,0,0
2026-09-13 13:59:23,20260913,2,8,14:16,,SKIP,,,,,0,skip,,,,0
2026-09-13 13:59:23,20260913,18,8,14:17,,SKIP,,,,,0,skip,,,,0
2026-09-13 14:07:41,20260913,17,8,14:24,,SKIP,,,,,0,skip,,,,0
2026-09-13 14:10:20,20260913,21,12,14:26,,SKIP,,,,,0,skip,,,,0
2026-09-13 14:13:09,20260913,11,9,14:29,,SKIP,,,,,0,skip,,,,0
2026-09-13 14:15:48,20260913,5,8,14:32,,SKIP,,,,,0,skip,,,,0
2026-09-13 14:18:44,20260913,6,7,14:34,,SKIP,,,,,0,skip,,,,0
2026-09-13 14:18:44,20260913,9,9,14:36,,SKIP,,,,,0,skip,,,,0
2026-09-13 14:21:50,20260913,8,9,14:38,,SKIP,,,,,0,skip,,,,0
2026-09-13 14:27:18,20260913,22,7,14:44,,SKIP,,,,,0,skip,,,,0
2026-09-13 14:32:38,20260913,2,9,14:48,pos,1-4,0.0197,20.4,0.049,0.402,100,settled,0,0.0,0,0
2026-09-13 14:32:38,20260913,2,9,14:48,pos,1-5,0.0134,51.9,0.0193,0.694,100,settled,0,0.0,0,0
2026-09-13 14:32:38,20260913,18,9,14:50,uvpx50,1-2,0.1742,2.4,0.4167,0.418,100,settled,200,200.0,1,1
2026-09-13 14:40:46,20260913,17,9,14:57,,SKIP,,,,,0,skip,,,,0
2026-09-13 14:43:27,20260913,11,10,15:00,pos,1-4,0.136,5.7,0.1754,0.775,100,settled,0,0.0,0,0
2026-09-13 14:43:27,20260913,11,10,15:00,pos,1-5,0.036,42.0,0.0238,1.514,100,settled,0,0.0,0,0
2026-09-13 14:46:17,20260913,5,9,15:04,pos,1-4,0.0691,5.6,0.1786,0.387,100,settled,0,0.0,0,0
2026-09-13 14:46:17,20260913,5,9,15:04,pos,1-5,0.0635,58.6,0.0171,3.719,100,settled,0,0.0,0,1
2026-09-13 14:46:17,20260913,6,8,15:02,,SKIP,,,,,0,skip,,,,0
2026-09-13 14:52:06,20260913,8,10,15:10,pos,1-4,0.0454,17.1,0.0585,0.776,100,settled,0,0.0,0,0
2026-09-13 14:52:06,20260913,8,10,15:10,pos,1-5,0.4038,2.3,0.4348,0.929,100,settled,0,0.0,0,0
2026-09-13 14:52:06,20260913,9,10,15:08,,SKIP,,,,,0,skip,,,,0
2026-09-13 14:57:43,20260913,22,8,15:14,pos,1-4,0.4551,2.5,0.4,1.138,100,settled,150,150.0,1,0
2026-09-13 14:57:43,20260913,22,8,15:14,pos,1-5,0.0674,44.7,0.0224,3.014,100,settled,0,0.0,0,1
2026-09-13 15:00:24,20260913,12,1,15:17,,SKIP,,,,,0,skip,,,,0
2026-09-13 15:03:15,20260913,2,10,15:21,,SKIP,,,,,0,skip,,,,0
2026-09-13 15:03:15,20260913,7,1,15:19,,SKIP,,,,,0,skip,,,,0
2026-09-13 15:06:05,20260913,18,10,15:24,,SKIP,,,,,0,skip,,,,0
2026-09-13 15:06:05,20260913,20,1,15:22,,SKIP,,,,,0,skip,,,,0
2026-09-13 15:12:11,20260913,6,9,15:30,,SKIP,,,,,0,skip,,,,0
2026-09-13 15:12:11,20260913,19,1,15:28,,SKIP,,,,,0,skip,,,,0
2026-09-13 15:14:59,20260913,17,10,15:32,,SKIP,,,,,0,skip,,,,0
2026-09-13 15:17:47,20260913,11,11,15:35,,SKIP,,,,,0,skip,,,,0
2026-09-13 15:20:37,20260913,5,10,15:37,,SKIP,,,,,0,skip,,,,0
2026-09-13 15:23:35,20260913,12,2,15:41,,SKIP,,,,,0,skip,,,,0
2026-09-13 15:26:23,20260913,9,11,15:42,,SKIP,,,,,0,skip,,,,0
2026-09-13 15:29:13,20260913,8,11,15:46,pos,1-4,0.4203,2.2,0.4545,0.925,100,settled,230,230.0,1,0
2026-09-13 15:29:13,20260913,8,11,15:46,pos,1-5,0.0705,22.5,0.0444,1.586,100,settled,0,0.0,0,1
2026-09-13 15:31:54,20260913,7,2,15:48,pos,1-4,0.3281,7.6,0.1316,2.494,100,settled,0,0.0,0,0
2026-09-13 15:31:54,20260913,7,2,15:48,pos,1-5,0.1517,12.5,0.08,1.897,100,settled,0,0.0,0,0
2026-09-13 15:34:53,20260913,20,2,15:50,,SKIP,,,,,0,skip,,,,0
2026-09-13 15:34:53,20260913,22,9,15:52,,SKIP,,,,,0,skip,,,,0
2026-09-13 15:38:02,20260913,2,11,15:55,pos,1-4,0.0532,20.2,0.0495,1.075,100,settled,0,0.0,0,0
2026-09-13 15:38:02,20260913,2,11,15:55,pos,1-5,0.0925,17.6,0.0568,1.627,100,settled,0,0.0,0,0
2026-09-13 15:38:02,20260913,19,2,15:54,,SKIP,,,,,0,skip,,,,0
2026-09-13 15:43:41,20260913,18,11,16:00,,SKIP,,,,,0,skip,,,,0
2026-09-13 15:46:30,20260913,6,10,16:04,pos,1-4,0.0636,17.0,0.0588,1.081,100,settled,0,0.0,0,0
2026-09-13 15:46:30,20260913,6,10,16:04,pos,1-5,0.4207,5.6,0.1786,2.356,100,settled,0,0.0,0,0
2026-09-13 15:49:21,20260913,12,3,16:06,,SKIP,,,,,0,skip,,,,0
2026-09-13 15:52:10,20260913,5,11,16:09,,SKIP,,,,,0,skip,,,,0
2026-09-13 15:52:10,20260913,17,11,16:08,pos,1-4,0.2803,4.0,0.25,1.121,100,settled,420,420.0,1,0
2026-09-13 15:52:10,20260913,17,11,16:08,pos,1-5,0.0784,19.7,0.0508,1.545,100,settled,0,0.0,0,0
2026-09-13 15:54:58,20260913,7,3,16:12,pos,1-4,0.0832,32.0,0.0312,2.662,100,settled,0,0.0,0,1
2026-09-13 15:54:58,20260913,7,3,16:12,pos,1-5,0.0079,60.8,0.0164,0.482,100,settled,0,0.0,0,0
2026-09-13 15:58:05,20260913,11,12,16:14,,SKIP,,,,,0,skip,,,,0
2026-09-13 15:58:05,20260913,20,3,16:16,,SKIP,,,,,0,skip,,,,0
2026-09-13 16:00:54,20260913,22,10,16:18,,SKIP,,,,,0,skip,,,,0
2026-09-13 16:03:42,20260913,9,12,16:20,,SKIP,,,,,0,skip,,,,0
2026-09-13 16:06:49,20260913,19,3,16:22,,SKIP,,,,,0,skip,,,,0
2026-09-13 16:09:48,20260913,8,12,16:25,pos,1-4,0.282,3.8,0.2632,1.071,100,settled,0,0.0,0,0
2026-09-13 16:09:48,20260913,8,12,16:25,pos,1-5,0.0446,26.6,0.0376,1.185,100,settled,0,0.0,0,0
2026-09-13 16:12:37,20260913,2,12,16:30,uvpx50,1-4,0.0877,5.7,0.1754,0.5,100,settled,0,0.0,0,1
2026-09-13 16:15:18,20260913,6,11,16:32,,SKIP,,,,,0,skip,,,,0
2026-09-13 16:18:07,20260913,12,4,16:34,,SKIP,,,,,0,skip,,,,0
2026-09-13 16:20:55,20260913,18,12,16:38,,SKIP,,,,,0,skip,,,,0
2026-09-13 16:23:35,20260913,7,4,16:40,pos,1-4,0.1746,15.7,0.0637,2.741,100,settled,0,0.0,0,0
2026-09-13 16:23:35,20260913,7,4,16:40,pos,1-5,0.0406,18.9,0.0529,0.768,100,settled,0,0.0,0,0
2026-09-13 16:23:35,20260913,7,4,16:40,uvpx50,1-3,0.0494,8.7,0.1149,0.43,100,settled,0,0.0,0,1
2026-09-13 16:26:33,20260913,20,4,16:43,,SKIP,,,,,0,skip,,,,0
2026-09-13 16:29:13,20260913,17,12,16:46,pos,1-4,0.0457,18.8,0.0532,0.859,100,settled,2190,2190.0,1,0
2026-09-13 16:29:13,20260913,17,12,16:46,pos,1-5,0.0764,27.6,0.0362,2.108,100,settled,0,0.0,0,1
2026-09-13 16:32:10,20260913,5,12,16:48,,SKIP,,,,,0,skip,,,,0
2026-09-13 16:34:59,20260913,19,4,16:51,,SKIP,,,,,0,skip,,,,0
2026-09-13 16:40:28,20260913,22,11,16:56,,SKIP,,,,,0,skip,,,,0
2026-09-13 16:43:16,20260913,12,5,17:01,,SKIP,,,,,0,skip,,,,0
2026-09-13 16:48:35,20260913,6,12,17:06,,SKIP,,,,,0,skip,,,,0
2026-09-13 16:51:16,20260913,7,5,17:08,pos,1-4,0.2177,16.8,0.0595,3.657,100,settled,770,770.0,1,0
2026-09-13 16:51:16,20260913,7,5,17:08,pos,1-5,0.0368,29.4,0.034,1.081,100,settled,0,0.0,0,0
2026-09-13 16:51:16,20260913,7,5,17:08,uvpx50,1-3,0.0819,8.0,0.125,0.655,100,settled,0,0.0,0,1
2026-09-13 16:59:16,20260913,20,5,17:15,pos,1-4,0.1818,4.6,0.2174,0.837,100,settled,0,0.0,0,0
2026-09-13 16:59:16,20260913,20,5,17:15,pos,1-5,0.0573,51.5,0.0194,2.953,100,settled,0,0.0,0,1
2026-09-13 17:04:37,20260913,19,5,17:22,,SKIP,,,,,0,skip,,,,0
2026-09-13 17:09:57,20260913,22,12,17:27,,SKIP,,,,,0,skip,,,,0
2026-09-13 17:15:18,20260913,12,6,17:31,,SKIP,,,,,0,skip,,,,0
2026-09-13 17:20:37,20260913,7,6,17:37,pos,1-4,0.1293,23.4,0.0427,3.026,100,settled,0,0.0,0,1
2026-09-13 17:20:37,20260913,7,6,17:37,pos,1-5,0.2407,11.0,0.0909,2.647,100,settled,730,730.0,1,0
2026-09-13 17:28:28,20260913,20,6,17:44,,SKIP,,,,,0,skip,,,,0
2026-09-13 17:33:47,20260913,19,6,17:51,,SKIP,,,,,0,skip,,,,0
2026-09-13 17:39:07,20260913,12,7,17:57,,SKIP,,,,,0,skip,,,,0
2026-09-13 17:46:47,20260913,7,7,18:04,pos,1-4,0.2379,5.4,0.1852,1.284,100,settled,440,440.0,1,0
2026-09-13 17:46:47,20260913,7,7,18:04,pos,1-5,0.0659,22.9,0.0437,1.508,100,settled,0,0.0,0,1
2026-09-13 17:54:40,20260913,20,7,18:11,,SKIP,,,,,0,skip,,,,0
2026-09-13 18:02:28,20260913,19,7,18:18,pos,1-4,0.0701,8.8,0.1136,0.617,100,settled,0,0.0,0,0
2026-09-13 18:02:28,20260913,19,7,18:18,pos,1-5,0.2641,4.7,0.2128,1.241,100,settled,0,0.0,0,0
2026-09-13 18:07:48,20260913,12,8,18:25,,SKIP,,,,,0,skip,,,,0
2026-09-13 18:15:39,20260913,7,8,18:32,,SKIP,,,,,0,skip,,,,0
2026-09-13 18:23:29,20260913,20,8,18:39,,SKIP,,,,,0,skip,,,,0
2026-09-13 18:28:50,20260913,19,8,18:46,pos,1-4,0.0664,14.9,0.0671,0.989,100,settled,0,0.0,0,0
2026-09-13 18:28:50,20260913,19,8,18:46,pos,1-5,0.0133,24.4,0.041,0.324,100,settled,0,0.0,0,0
2026-09-13 18:36:51,20260913,12,9,18:54,pos,1-4,0.0614,10.0,0.1,0.614,100,settled,0,0.0,0,0
2026-09-13 18:36:51,20260913,12,9,18:54,pos,1-5,0.0397,15.4,0.0649,0.611,100,settled,0,0.0,0,0
2026-09-13 18:44:42,20260913,7,9,19:02,pos,1-4,0.3211,3.0,0.3333,0.963,100,settled,220,220.0,1,0
2026-09-13 18:44:42,20260913,7,9,19:02,pos,1-5,0.2231,4.9,0.2041,1.093,100,settled,0,0.0,0,0
2026-09-13 18:52:34,20260913,20,9,19:09,,SKIP,,,,,0,skip,,,,0
2026-09-13 19:00:15,20260913,19,9,19:16,,SKIP,,,,,0,skip,,,,0
2026-09-13 19:08:16,20260913,12,10,19:24,pos,1-4,0.0416,19.9,0.0503,0.828,100,settled,0,0.0,0,0
2026-09-13 19:08:16,20260913,12,10,19:24,pos,1-5,0.1696,13.7,0.073,2.324,100,settled,0,0.0,0,0
2026-09-13 19:16:06,20260913,7,10,19:32,pos,1-4,0.043,32.8,0.0305,1.409,100,settled,0,0.0,0,0
2026-09-13 19:16:06,20260913,7,10,19:32,pos,1-5,0.2298,2.9,0.3448,0.666,100,settled,0,0.0,0,0
2026-09-13 19:16:06,20260913,7,10,19:32,uvpx50,1-2,0.0904,3.3,0.303,0.298,100,settled,0,0.0,0,1
2026-09-13 19:23:56,20260913,20,10,19:40,,SKIP,,,,,0,skip,,,,0
2026-09-13 19:31:44,20260913,19,10,19:48,,SKIP,,,,,0,skip,,,,0
2026-09-13 19:39:34,20260913,12,11,19:57,pos,1-4,0.1684,13.1,0.0763,2.207,100,settled,0,0.0,0,0
2026-09-13 19:39:34,20260913,12,11,19:57,pos,1-5,0.037,12.8,0.0781,0.473,100,settled,0,0.0,0,0
2026-09-13 19:47:23,20260913,7,11,20:03,uvpx50,1-5,0.1104,16.6,0.0602,1.833,100,settled,0,0.0,0,1
2026-09-13 19:52:44,20260913,20,11,20:10,,SKIP,,,,,0,skip,,,,0
2026-09-13 19:58:06,20260913,19,11,20:16,,SKIP,,,,,0,skip,,,,0
2026-09-13 20:13:29,20260913,12,12,20:30,pos,1-4,0.3285,2.4,0.4167,0.788,100,settled,260,260.0,1,0
2026-09-13 20:13:29,20260913,12,12,20:30,pos,1-5,0.0851,12.4,0.0806,1.055,100,settled,0,0.0,0,0
2026-09-13 20:18:48,20260913,7,12,20:35,uvpx50,1-6,0.1142,26.8,0.0373,3.06,100,settled,0,0.0,0,1
2026-09-13 20:24:05,20260913,20,12,20:40,,SKIP,,,,,0,skip,,,,0
2026-09-13 20:29:23,20260913,19,12,20:45,,SKIP,,,,,0,skip,,,,0
2026-09-14 08:15:35,20260914,10,1,08:32,,SKIP,,,,,0,skip,,,,0
2026-09-14 08:28:28,20260914,21,1,08:44,pos,1-4,0.2334,7.0,0.1429,1.633,100,settled,0,0.0,0,0
2026-09-14 08:28:28,20260914,21,1,08:44,pos,1-5,0.0401,51.2,0.0195,2.055,100,settled,0,0.0,0,0
2026-09-14 08:41:20,20260914,10,2,08:58,pos,1-4,0.1927,9.4,0.1064,1.812,100,settled,0,0.0,0,0
2026-09-14 08:41:20,20260914,10,2,08:58,pos,1-5,0.0467,56.6,0.0177,2.642,100,settled,0,0.0,0,0
2026-09-14 08:54:12,20260914,21,2,09:10,pos,1-4,0.2909,1.1,0.9091,0.32,100,settled,290,290.0,1,0
2026-09-14 08:54:12,20260914,21,2,09:10,pos,1-5,0.053,31.6,0.0316,1.675,100,settled,0,0.0,0,1
2026-09-14 09:07:03,20260914,10,3,09:24,pos,1-4,0.0355,37.3,0.0268,1.324,100,settled,0,0.0,0,0
2026-09-14 09:07:03,20260914,10,3,09:24,pos,1-5,0.0543,46.6,0.0215,2.532,100,settled,0,0.0,0,1
2026-09-14 09:19:53,20260914,21,3,09:36,pos,1-4,0.0073,22.1,0.0452,0.16,100,settled,0,0.0,0,0
2026-09-14 09:19:53,20260914,21,3,09:36,pos,1-5,0.2982,10.0,0.1,2.982,100,settled,0,0.0,0,0
2026-09-14 09:32:44,20260914,10,4,09:50,,SKIP,,,,,0,skip,,,,0
2026-09-14 09:45:37,20260914,21,4,10:02,,SKIP,,,,,0,skip,,,,0
2026-09-14 10:00:58,20260914,10,5,10:18,,SKIP,,,,,0,skip,,,,0
2026-09-14 10:11:19,20260914,11,1,10:29,pos,1-4,0.1144,12.0,0.0833,1.373,100,settled,910,910.0,1,0
2026-09-14 10:11:19,20260914,11,1,10:29,pos,1-5,0.0894,7.2,0.1389,0.643,100,settled,0,0.0,0,0
2026-09-14 10:14:00,20260914,21,5,10:31,,SKIP,,,,,0,skip,,,,0
2026-09-14 10:16:39,20260914,9,1,10:34,,SKIP,,,,,0,skip,,,,0
2026-09-14 10:22:09,20260914,18,1,10:38,,SKIP,,,,,0,skip,,,,0
2026-09-14 10:27:39,20260914,8,1,10:43,,SKIP,,,,,0,skip,,,,0
2026-09-14 10:30:19,20260914,2,1,10:47,,SKIP,,,,,0,skip,,,,0
2026-09-14 10:33:06,20260914,10,6,10:50,,SKIP,,,,,0,skip,,,,0
2026-09-14 10:38:34,20260914,4,1,10:55,,SKIP,,,,,0,skip,,,,0
2026-09-14 10:41:15,20260914,11,2,10:58,,SKIP,,,,,0,skip,,,,0
2026-09-14 10:44:04,20260914,21,6,11:00,,SKIP,,,,,0,skip,,,,0
2026-09-14 10:46:53,20260914,9,2,11:03,,SKIP,,,,,0,skip,,,,0
2026-09-14 10:52:19,20260914,18,2,11:08,,SKIP,,,,,0,skip,,,,0
2026-09-14 10:57:40,20260914,8,2,11:14,,SKIP,,,,,0,skip,,,,0
2026-09-14 11:00:21,20260914,2,2,11:16,,SKIP,,,,,0,skip,,,,0
2026-09-14 11:03:12,20260914,10,7,11:20,,SKIP,,,,,0,skip,,,,0
2026-09-14 11:08:39,20260914,4,2,11:24,,SKIP,,,,,0,skip,,,,0
2026-09-14 11:11:28,20260914,11,3,11:27,,SKIP,,,,,0,skip,,,,0
2026-09-14 11:14:09,20260914,21,7,11:30,pos,1-4,0.0654,27.4,0.0365,1.792,100,settled,0,0.0,0,1
2026-09-14 11:14:09,20260914,21,7,11:30,pos,1-5,0.1525,10.9,0.0917,1.662,100,settled,970,970.0,1,0
2026-09-14 11:16:59,20260914,6,1,11:34,,SKIP,,,,,0,skip,,,,0
2026-09-14 11:16:59,20260914,9,3,11:33,,SKIP,,,,,0,skip,,,,0
2026-09-14 11:22:36,20260914,18,3,11:38,,SKIP,,,,,0,skip,,,,0
2026-09-14 11:25:35,20260914,8,3,11:42,,SKIP,,,,,0,skip,,,,0
2026-09-14 11:28:15,20260914,2,3,11:45,,SKIP,,,,,0,skip,,,,0
2026-09-14 11:30:54,20260914,22,1,11:48,,SKIP,,,,,0,skip,,,,0
2026-09-14 11:33:43,20260914,10,8,11:50,,SKIP,,,,,0,skip,,,,0
2026-09-14 11:36:45,20260914,4,3,11:53,,SKIP,,,,,0,skip,,,,0
2026-09-14 11:39:34,20260914,11,4,11:56,,SKIP,,,,,0,skip,,,,0
2026-09-14 11:42:23,20260914,6,2,11:59,,SKIP,,,,,0,skip,,,,0
2026-09-14 11:45:11,20260914,9,4,12:03,,SKIP,,,,,0,skip,,,,0
2026-09-14 11:45:11,20260914,21,8,12:01,,SKIP,,,,,0,skip,,,,0
2026-09-14 11:50:59,20260914,8,4,12:08,,SKIP,,,,,0,skip,,,,0
2026-09-14 11:53:39,20260914,18,4,12:10,,SKIP,,,,,0,skip,,,,0
2026-09-14 11:56:18,20260914,2,4,12:14,,SKIP,,,,,0,skip,,,,0
2026-09-14 12:01:47,20260914,22,2,12:18,,SKIP,,,,,0,skip,,,,0
2026-09-14 12:04:26,20260914,4,4,12:22,,SKIP,,,,,0,skip,,,,0
2026-09-14 12:07:14,20260914,10,9,12:24,,SKIP,,,,,0,skip,,,,0
2026-09-14 12:09:54,20260914,11,5,12:27,pos,1-4,0.0775,9.0,0.1111,0.697,100,settled,0,0.0,0,0
2026-09-14 12:09:54,20260914,11,5,12:27,pos,1-5,0.0646,12.8,0.0781,0.826,100,settled,0,0.0,0,0
2026-09-14 12:13:02,20260914,6,3,12:29,,SKIP,,,,,0,skip,,,,0
2026-09-14 12:15:52,20260914,9,5,12:32,pos,1-4,0.1141,14.7,0.068,1.678,100,settled,0,0.0,0,0
2026-09-14 12:15:52,20260914,9,5,12:32,pos,1-5,0.0755,21.1,0.0474,1.593,100,settled,0,0.0,0,1
2026-09-14 12:18:40,20260914,21,9,12:35,,SKIP,,,,,0,skip,,,,0
2026-09-14 12:26:37,20260914,2,5,12:44,,SKIP,,,,,0,skip,,,,0
2026-09-14 12:26:37,20260914,18,5,12:43,,SKIP,,,,,0,skip,,,,0
2026-09-14 12:32:19,20260914,22,3,12:48,,SKIP,,,,,0,skip,,,,0
2026-09-14 12:35:00,20260914,4,5,12:52,,SKIP,,,,,0,skip,,,,0
2026-09-14 12:35:00,20260914,8,5,12:48,,SKIP,,,,,0,skip,,,,0
2026-09-14 12:37:48,20260914,11,6,12:55,,SKIP,,,,,0,skip,,,,0
2026-09-14 12:40:53,20260914,10,10,12:58,,SKIP,,,,,0,skip,,,,0
2026-09-14 12:43:43,20260914,6,4,13:00,,SKIP,,,,,0,skip,,,,0
2026-09-14 12:46:31,20260914,9,6,13:02,,SKIP,,,,,0,skip,,,,0
2026-09-14 12:54:32,20260914,21,10,13:11,,SKIP,,,,,0,skip,,,,0
2026-09-14 12:57:11,20260914,2,6,13:14,,SKIP,,,,,0,skip,,,,0
2026-09-14 12:57:11,20260914,18,6,13:14,uvpx50,1-3,0.1488,3.5,0.2857,0.521,100,settled,0,0.0,0,1
2026-09-14 13:00:08,20260914,8,6,13:18,pos,1-4,0.0798,5.4,0.1852,0.431,100,settled,0,0.0,0,0
2026-09-14 13:00:08,20260914,8,6,13:18,pos,1-5,0.2787,5.4,0.1852,1.505,100,settled,0,0.0,0,0
2026-09-14 13:00:08,20260914,22,4,13:18,,SKIP,,,,,0,skip,,,,0
2026-09-14 13:05:47,20260914,4,6,13:22,,SKIP,,,,,0,skip,,,,0
2026-09-14 13:08:45,20260914,11,7,13:26,,SKIP,,,,,0,skip,,,,0
2026-09-14 13:11:24,20260914,6,5,13:29,,SKIP,,,,,0,skip,,,,0
2026-09-14 13:14:21,20260914,10,11,13:32,pos,1-4,0.2962,7.6,0.1316,2.251,100,settled,0,0.0,0,0
2026-09-14 13:14:21,20260914,10,11,13:32,pos,1-5,0.0402,45.1,0.0222,1.812,100,settled,0,0.0,0,0
2026-09-14 13:17:09,20260914,9,7,13:34,,SKIP,,,,,0,skip,,,,0
2026-09-14 13:27:38,20260914,2,7,13:45,pos,1-4,0.1245,6.9,0.1449,0.859,100,settled,0,0.0,0,0
2026-09-14 13:27:38,20260914,2,7,13:45,pos,1-5,0.0144,29.3,0.0341,0.423,100,settled,0,0.0,0,0
2026-09-14 13:27:38,20260914,18,7,13:45,,SKIP,,,,,0,skip,,,,0
2026-09-14 13:27:38,20260914,22,5,13:44,,SKIP,,,,,0,skip,,,,0
2026-09-14 13:30:37,20260914,8,7,13:48,,SKIP,,,,,0,skip,,,,0
2026-09-14 13:33:37,20260914,21,11,13:49,,SKIP,,,,,0,skip,,,,0
2026-09-14 13:36:43,20260914,4,7,13:53,pos,1-4,0.0755,59.8,0.0167,4.513,100,settled,0,0.0,0,1
2026-09-14 13:36:43,20260914,4,7,13:53,pos,1-5,0.181,10.1,0.099,1.828,100,settled,0,0.0,0,0
2026-09-14 13:39:22,20260914,11,8,13:57,,SKIP,,,,,0,skip,,,,0
2026-09-14 13:42:11,20260914,6,6,14:00,,SKIP,,,,,0,skip,,,,0
2026-09-14 13:47:39,20260914,9,8,14:04,,SKIP,,,,,0,skip,,,,0
2026-09-14 13:55:30,20260914,10,12,14:11,,SKIP,,,,,0,skip,,,,0
2026-09-14 13:58:19,20260914,2,8,14:16,,SKIP,,,,,0,skip,,,,0
2026-09-14 13:58:19,20260914,22,6,14:14,,SKIP,,,,,0,skip,,,,0
2026-09-14 14:01:19,20260914,8,8,14:13,,SKIP,,,,,0,skip,,,,0
2026-09-14 14:01:19,20260914,18,8,14:17,,SKIP,,,,,0,skip,,,,0
2026-09-14 14:07:08,20260914,4,8,14:24,,SKIP,,,,,0,skip,,,,0
2026-09-14 14:09:48,20260914,21,12,14:27,,SKIP,,,,,0,skip,,,,0
2026-09-14 14:12:36,20260914,11,9,14:30,pos,1-4,0.1165,5.1,0.1961,0.594,100,settled,0,0.0,0,0
2026-09-14 14:12:36,20260914,11,9,14:30,pos,1-5,0.0621,54.0,0.0185,3.351,100,settled,0,0.0,0,1
2026-09-14 14:15:25,20260914,6,7,14:32,pos,1-4,0.0792,13.5,0.0741,1.069,100,settled,0,0.0,0,0
2026-09-14 14:15:25,20260914,6,7,14:32,pos,1-5,0.0359,14.2,0.0704,0.51,100,settled,0,0.0,0,0
2026-09-14 14:18:05,20260914,9,9,14:35,pos,1-4,0.079,7.3,0.137,0.577,100,settled,0,0.0,0,0
2026-09-14 14:18:05,20260914,9,9,14:35,pos,1-5,0.2046,19.9,0.0503,4.071,100,settled,0,0.0,0,0
2026-09-14 14:26:14,20260914,8,9,14:42,,SKIP,,,,,0,skip,,,,0
2026-09-14 14:26:14,20260914,22,7,14:44,pos,1-4,0.0153,36.7,0.0272,0.561,100,settled,0,0.0,0,0
2026-09-14 14:26:14,20260914,22,7,14:44,pos,1-5,0.0477,9.1,0.1099,0.434,100,settled,0,0.0,0,0
2026-09-14 14:31:44,20260914,2,9,14:48,,SKIP,,,,,0,skip,,,,0
2026-09-14 14:34:32,20260914,18,9,14:50,,SKIP,,,,,0,skip,,,,0
2026-09-14 14:40:02,20260914,4,9,14:56,pos,1-4,0.0934,10.0,0.1,0.934,100,settled,0,0.0,0,0
2026-09-14 14:40:02,20260914,4,9,14:56,pos,1-5,0.1675,5.0,0.2,0.838,100,settled,1090,1090.0,1,0
2026-09-14 14:42:43,20260914,11,10,15:00,,SKIP,,,,,0,skip,,,,0
2026-09-14 14:45:33,20260914,6,8,15:03,,SKIP,,,,,0,skip,,,,0
2026-09-14 14:51:03,20260914,9,10,15:07,,SKIP,,,,,0,skip,,,,0
2026-09-14 14:56:22,20260914,8,10,15:12,pos,1-4,0.0466,21.0,0.0476,0.979,100,settled,0,0.0,0,0
2026-09-14 14:56:22,20260914,8,10,15:12,pos,1-5,0.103,16.3,0.0613,1.679,100,settled,0,0.0,0,0
2026-09-14 14:56:22,20260914,22,8,15:14,,SKIP,,,,,0,skip,,,,0
2026-09-14 14:59:21,20260914,12,1,15:17,,SKIP,,,,,0,skip,,,,0
2026-09-14 15:02:09,20260914,7,1,15:19,uvpx50,1-4,0.0916,9.4,0.1064,0.861,100,settled,0,0.0,0,1
2026-09-14 15:04:50,20260914,2,10,15:21,,SKIP,,,,,0,skip,,,,0
2026-09-14 15:04:50,20260914,20,1,15:22,,SKIP,,,,,0,skip,,,,0
2026-09-14 15:07:37,20260914,18,10,15:24,,SKIP,,,,,0,skip,,,,0
2026-09-14 15:10:56,20260914,19,1,15:27,,SKIP,,,,,0,skip,,,,0
2026-09-14 15:13:47,20260914,4,10,15:29,,SKIP,,,,,0,skip,,,,0
2026-09-14 15:16:46,20260914,11,11,15:33,,SKIP,,,,,0,skip,,,,0
2026-09-14 15:19:25,20260914,6,9,15:36,,SKIP,,,,,0,skip,,,,0
2026-09-14 15:24:54,20260914,9,11,15:41,,SKIP,,,,,0,skip,,,,0
2026-09-14 15:24:54,20260914,12,2,15:42,,SKIP,,,,,0,skip,,,,0
2026-09-14 15:30:25,20260914,7,2,15:48,pos,1-4,0.2436,16.8,0.0595,4.092,100,settled,0,0.0,0,0
2026-09-14 15:30:25,20260914,7,2,15:48,pos,1-5,0.0311,15.1,0.0662,0.47,100,settled,0,0.0,0,0
2026-09-14 15:30:25,20260914,8,11,15:47,pos,1-4,0.4709,1.6,0.625,0.753,100,settled,160,160.0,1,0
2026-09-14 15:30:25,20260914,8,11,15:47,pos,1-5,0.0755,9.3,0.1075,0.702,100,settled,0,0.0,0,0
2026-09-14 15:33:13,20260914,20,2,15:50,,SKIP,,,,,0,skip,,,,0
2026-09-14 15:36:13,20260914,19,2,15:53,,SKIP,,,,,0,skip,,,,0
2026-09-14 15:36:13,20260914,22,9,15:52,,SKIP,,,,,0,skip,,,,0
2026-09-14 15:39:29,20260914,2,11,15:55,pos,1-4,0.2778,6.0,0.1667,1.667,100,settled,0,0.0,0,0
2026-09-14 15:39:29,20260914,2,11,15:55,pos,1-5,0.0689,13.3,0.0752,0.916,100,settled,0,0.0,0,0
2026-09-14 15:42:18,20260914,18,11,16:00,,SKIP,,,,,0,skip,,,,0
2026-09-14 15:45:08,20260914,4,11,16:03,pos,1-4,0.3074,6.6,0.1515,2.029,100,settled,0,0.0,0,0
2026-09-14 15:45:08,20260914,4,11,16:03,pos,1-5,0.1198,7.0,0.1429,0.839,100,settled,0,0.0,0,0
2026-09-14 15:50:37,20260914,6,10,16:06,,SKIP,,,,,0,skip,,,,0
2026-09-14 15:50:37,20260914,12,3,16:08,,SKIP,,,,,0,skip,,,,0
2026-09-14 15:56:04,20260914,7,3,16:12,,SKIP,,,,,0,skip,,,,0
2026-09-14 15:56:04,20260914,11,12,16:14,pos,1-4,0.0549,11.4,0.0877,0.626,100,settled,0,0.0,0,0
2026-09-14 15:56:04,20260914,11,12,16:14,pos,1-5,0.0522,21.4,0.0467,1.117,100,settled,0,0.0,0,0
2026-09-14 15:58:54,20260914,20,3,16:16,,SKIP,,,,,0,skip,,,,0
2026-09-14 16:01:51,20260914,22,10,16:18,,SKIP,,,,,0,skip,,,,0
2026-09-14 16:04:30,20260914,9,12,16:20,,SKIP,,,,,0,skip,,,,0
2026-09-14 16:04:30,20260914,19,3,16:22,pos,1-4,0.1161,13.5,0.0741,1.568,100,settled,0,0.0,0,0
2026-09-14 16:04:30,20260914,19,3,16:22,pos,1-5,0.0096,31.5,0.0317,0.303,100,settled,0,0.0,0,0
2026-09-14 16:07:57,20260914,8,12,16:25,pos,1-4,0.2363,5.0,0.2,1.182,100,settled,0,0.0,0,0
2026-09-14 16:07:57,20260914,8,12,16:25,pos,1-5,0.0513,11.7,0.0855,0.6,100,settled,0,0.0,0,0
2026-09-14 16:13:16,20260914,2,12,16:30,uvpx50,1-5,0.052,9.3,0.1075,0.484,100,settled,0,0.0,0,1
2026-09-14 16:18:47,20260914,6,11,16:36,,SKIP,,,,,0,skip,,,,0
2026-09-14 16:18:47,20260914,12,4,16:34,,SKIP,,,,,0,skip,,,,0
2026-09-14 16:21:34,20260914,18,12,16:38,,SKIP,,,,,0,skip,,,,0
2026-09-14 16:24:22,20260914,7,4,16:40,,SKIP,,,,,0,skip,,,,0
2026-09-14 16:27:28,20260914,4,12,16:44,,SKIP,,,,,0,skip,,,,0
2026-09-14 16:30:08,20260914,20,4,16:46,,SKIP,,,,,0,skip,,,,0
2026-09-14 16:32:56,20260914,19,4,16:50,,SKIP,,,,,0,skip,,,,0
2026-09-14 16:38:15,20260914,22,11,16:56,pos,1-4,0.329,3.6,0.2778,1.184,100,settled,240,240.0,1,0
2026-09-14 16:38:15,20260914,22,11,16:56,pos,1-5,0.0615,21.6,0.0463,1.329,100,settled,0,0.0,0,1
2026-09-14 16:43:46,20260914,12,5,17:01,pos,1-4,0.1285,9.3,0.1075,1.195,100,settled,0,0.0,0,0
2026-09-14 16:43:46,20260914,12,5,17:01,pos,1-5,0.0443,26.5,0.0377,1.173,100,settled,1140,1140.0,1,0
2026-09-14 16:49:05,20260914,6,12,17:06,,SKIP,,,,,0,skip,,,,0
2026-09-14 16:51:44,20260914,7,5,17:08,pos,1-4,0.0079,170.5,0.0059,1.344,100,settled,0,0.0,0,0
2026-09-14 16:51:44,20260914,7,5,17:08,pos,1-5,0.1955,5.3,0.1887,1.036,100,settled,0,0.0,0,0
2026-09-14 16:57:13,20260914,20,5,17:15,pos,1-4,0.2049,6.0,0.1667,1.229,100,settled,0,0.0,0,0
2026-09-14 16:57:13,20260914,20,5,17:15,pos,1-5,0.0648,16.3,0.0613,1.056,100,settled,0,0.0,0,0
2026-09-14 17:05:04,20260914,19,5,17:22,pos,1-4,0.2947,2.3,0.4348,0.678,100,settled,0,0.0,0,0
2026-09-14 17:05:04,20260914,19,5,17:22,pos,1-5,0.01,19.7,0.0508,0.197,100,settled,0,0.0,0,0
2026-09-14 17:10:27,20260914,22,12,17:27,,SKIP,,,,,0,skip,,,,0
2026-09-14 17:13:06,20260914,12,6,17:31,,SKIP,,,,,0,skip,,,,0
2026-09-14 17:21:04,20260914,7,6,17:37,uvpx50,1-5,0.0401,12.8,0.0781,0.513,100,settled,0,0.0,0,1
2026-09-14 17:26:22,20260914,20,6,17:44,pos,1-4,0.269,6.7,0.1493,1.803,100,settled,0,0.0,0,0
2026-09-14 17:26:22,20260914,20,6,17:44,pos,1-5,0.1855,9.6,0.1042,1.781,100,settled,560,560.0,1,0
2026-09-14 17:34:14,20260914,19,6,17:51,,SKIP,,,,,0,skip,,,,0
2026-09-14 17:39:36,20260914,12,7,17:57,,SKIP,,,,,0,skip,,,,0
2026-09-14 17:47:28,20260914,7,7,18:04,uvpx50,1-2,0.1747,19.4,0.0515,3.389,100,settled,0,0.0,0,1
2026-09-14 17:55:17,20260914,20,7,18:11,,SKIP,,,,,0,skip,,,,0
2026-09-14 18:00:28,20260914,19,7,18:18,pos,1-4,0.0286,32.1,0.0312,0.917,100,settled,0,0.0,0,0
2026-09-14 18:00:28,20260914,19,7,18:18,pos,1-5,0.3608,5.8,0.1724,2.093,100,settled,220,220.0,1,0
2026-09-14 18:08:29,20260914,12,8,18:25,,SKIP,,,,,0,skip,,,,0
2026-09-14 18:16:19,20260914,7,8,18:32,pos,1-4,0.0268,22.4,0.0446,0.599,100,settled,1470,1470.0,1,0
2026-09-14 18:16:19,20260914,7,8,18:32,pos,1-5,0.116,14.6,0.0685,1.693,100,settled,0,0.0,0,0
2026-09-14 18:21:39,20260914,20,8,18:39,pos,1-4,0.0755,18.2,0.0549,1.375,100,settled,0,0.0,0,0
2026-09-14 18:21:39,20260914,20,8,18:39,pos,1-5,0.0606,19.1,0.0524,1.158,100,settled,0,0.0,0,0
2026-09-14 18:29:29,20260914,19,8,18:46,,SKIP,,,,,0,skip,,,,0
2026-09-14 18:37:19,20260914,12,9,18:54,pos,1-4,0.055,8.5,0.1176,0.468,100,settled,0,0.0,0,0
2026-09-14 18:37:19,20260914,12,9,18:54,pos,1-5,0.0258,34.1,0.0293,0.881,100,settled,0,0.0,0,0
2026-09-14 18:45:10,20260914,7,9,19:02,pos,1-4,0.3583,2.5,0.4,0.896,100,settled,0,0.0,0,0
2026-09-14 18:45:10,20260914,7,9,19:02,pos,1-5,0.0684,15.9,0.0629,1.087,100,settled,0,0.0,0,0
2026-09-14 18:52:59,20260914,20,9,19:09,,SKIP,,,,,0,skip,,,,0
2026-09-14 18:58:18,20260914,19,9,19:16,pos,1-4,0.2102,4.7,0.2128,0.988,100,settled,0,0.0,0,0
2026-09-14 18:58:18,20260914,19,9,19:16,pos,1-5,0.1164,14.8,0.0676,1.723,100,settled,1530,1530.0,1,0
2026-09-14 19:06:09,20260914,12,10,19:24,,SKIP,,,,,0,skip,,,,0
2026-09-14 19:16:30,20260914,7,10,19:32,,SKIP,,,,,0,skip,,,,0
2026-09-14 19:24:18,20260914,20,10,19:40,,SKIP,,,,,0,skip,,,,0
2026-09-14 19:32:09,20260914,19,10,19:48,,SKIP,,,,,0,skip,,,,0
2026-09-14 19:39:59,20260914,12,11,19:57,,SKIP,,,,,0,skip,,,,0
2026-09-14 19:47:48,20260914,7,11,20:04,pos,1-4,0.3298,4.0,0.25,1.319,100,settled,0,0.0,0,0
2026-09-14 19:47:48,20260914,7,11,20:04,pos,1-5,0.121,4.4,0.2273,0.532,100,settled,830,830.0,1,0
2026-09-14 19:53:09,20260914,20,11,20:10,,SKIP,,,,,0,skip,,,,0
2026-09-14 19:58:29,20260914,19,11,20:16,,SKIP,,,,,0,skip,,,,0
2026-09-14 20:13:52,20260914,12,12,20:30,pos,1-4,0.0512,17.2,0.0581,0.881,100,settled,0,0.0,0,0
2026-09-14 20:13:52,20260914,12,12,20:30,pos,1-5,0.288,3.6,0.2778,1.037,100,settled,0,0.0,0,0
2026-09-14 20:19:12,20260914,7,12,20:35,uvpx50,1-5,0.0543,13.7,0.073,0.744,100,settled,0,0.0,0,1
2026-09-14 20:24:34,20260914,20,12,20:40,,SKIP,,,,,0,skip,,,,0
2026-09-14 20:27:23,20260914,19,12,20:45,,SKIP,,,,,0,skip,,,,0
2026-09-15 08:16:13,20260915,10,1,08:32,,SKIP,,,,,0,skip,,,,0
2026-09-15 08:26:34,20260915,14,1,08:44,,SKIP,,,,,0,skip,,,,0
2026-09-15 08:41:56,20260915,10,2,08:58,pos,1-4,0.1419,41.2,0.0243,5.848,100,settled,0,0.0,0,1
2026-09-15 08:41:56,20260915,10,2,08:58,pos,1-5,0.0683,90.7,0.011,6.193,100,settled,0,0.0,0,1
2026-09-15 08:52:17,20260915,14,2,09:10,,SKIP,,,,,0,skip,,,,0
2026-09-15 09:07:43,20260915,10,3,09:24,pos,1-4,0.1066,35.7,0.028,3.807,100,settled,630,630.0,1,1
2026-09-15 09:07:43,20260915,10,3,09:24,pos,1-5,0.0734,33.0,0.0303,2.422,100,settled,0,0.0,0,1
2026-09-15 09:18:04,20260915,14,3,09:36,pos,1-4,0.0558,245.2,0.0041,13.676,100,settled,0,0.0,0,1
2026-09-15 09:18:04,20260915,14,3,09:36,pos,1-5,0.2205,24.5,0.0408,5.403,100,settled,0,0.0,0,1
2026-09-15 09:33:28,20260915,10,4,09:50,,SKIP,,,,,0,skip,,,,0
2026-09-15 09:46:21,20260915,14,4,10:02,,SKIP,,,,,0,skip,,,,0
2026-09-15 10:01:46,20260915,10,5,10:18,,SKIP,,,,,0,skip,,,,0
2026-09-15 10:12:07,20260915,14,5,10:28,,SKIP,,,,,0,skip,,,,0
2026-09-15 10:14:48,20260915,11,1,10:31,,SKIP,,,,,0,skip,,,,0
2026-09-15 10:17:38,20260915,9,1,10:34,,SKIP,,,,,0,skip,,,,0
2026-09-15 10:20:18,20260915,18,1,10:38,,SKIP,,,,,0,skip,,,,0
2026-09-15 10:25:55,20260915,8,1,10:43,,SKIP,,,,,0,skip,,,,0
2026-09-15 10:31:15,20260915,10,6,10:48,,SKIP,,,,,0,skip,,,,0
2026-09-15 10:39:07,20260915,4,1,10:55,,SKIP,,,,,0,skip,,,,0
2026-09-15 10:41:46,20260915,11,2,10:58,,SKIP,,,,,0,skip,,,,0
2026-09-15 10:44:36,20260915,14,6,11:00,,SKIP,,,,,0,skip,,,,0
2026-09-15 10:47:35,20260915,9,2,11:03,,SKIP,,,,,0,skip,,,,0
2026-09-15 10:50:22,20260915,18,2,11:08,,SKIP,,,,,0,skip,,,,0
2026-09-15 10:58:13,20260915,8,2,11:14,pos,1-4,0.0038,153.0,0.0065,0.577,100,settled,0,0.0,0,0
2026-09-15 10:58:13,20260915,8,2,11:14,pos,1-5,0.0219,19.7,0.0508,0.43,100,settled,0,0.0,0,0
2026-09-15 11:03:33,20260915,10,7,11:19,,SKIP,,,,,0,skip,,,,0
2026-09-15 11:06:21,20260915,4,2,11:24,,SKIP,,,,,0,skip,,,,0
2026-09-15 11:11:41,20260915,11,3,11:28,,SKIP,,,,,0,skip,,,,0
2026-09-15 11:14:20,20260915,14,7,11:31,pos,1-4,0.0155,14.0,0.0714,0.217,100,settled,4300,4300.0,1,0
2026-09-15 11:14:20,20260915,14,7,11:31,pos,1-5,0.0527,26.8,0.0373,1.413,100,settled,0,0.0,0,1
2026-09-15 11:17:10,20260915,6,1,11:35,,SKIP,,,,,0,skip,,,,0
2026-09-15 11:17:10,20260915,9,3,11:33,,SKIP,,,,,0,skip,,,,0
2026-09-15 11:20:08,20260915,18,3,11:38,uvpx50,1-6,0.0992,20.4,0.049,2.025,100,settled,0,0.0,0,1
2026-09-15 11:25:46,20260915,8,3,11:42,,SKIP,,,,,0,skip,,,,0
2026-09-15 11:30:58,20260915,22,1,11:47,,SKIP,,,,,0,skip,,,,0
2026-09-15 11:33:47,20260915,10,8,11:50,,SKIP,,,,,0,skip,,,,0
2026-09-15 11:36:36,20260915,4,3,11:54,,SKIP,,,,,0,skip,,,,0
2026-09-15 11:39:25,20260915,11,4,11:57,,SKIP,,,,,0,skip,,,,0
2026-09-15 11:42:06,20260915,6,2,12:00,,SKIP,,,,,0,skip,,,,0
2026-09-15 11:47:34,20260915,9,4,12:03,,SKIP,,,,,0,skip,,,,0
2026-09-15 11:47:34,20260915,14,8,12:05,,SKIP,,,,,0,skip,,,,0
2026-09-15 11:50:23,20260915,8,4,12:08,,SKIP,,,,,0,skip,,,,0
2026-09-15 11:53:30,20260915,18,4,12:10,,SKIP,,,,,0,skip,,,,0
2026-09-15 11:58:51,20260915,22,2,12:16,,SKIP,,,,,0,skip,,,,0
2026-09-15 12:04:19,20260915,4,4,12:22,,SKIP,,,,,0,skip,,,,0
2026-09-15 12:07:00,20260915,10,9,12:24,,SKIP,,,,,0,skip,,,,0
2026-09-15 12:09:41,20260915,11,5,12:27,,SKIP,,,,,0,skip,,,,0
2026-09-15 12:15:18,20260915,6,3,12:31,,SKIP,,,,,0,skip,,,,0
2026-09-15 12:15:18,20260915,9,5,12:32,,SKIP,,,,,0,skip,,,,0
2026-09-15 12:18:07,20260915,14,9,12:35,,SKIP,,,,,0,skip,,,,0
2026-09-15 12:20:55,20260915,8,5,12:38,pos,1-4,0.0862,14.7,0.068,1.266,100,settled,0,0.0,0,0
2026-09-15 12:20:55,20260915,8,5,12:38,pos,1-5,0.2443,3.8,0.2632,0.928,100,settled,0,0.0,0,0
2026-09-15 12:26:07,20260915,18,5,12:43,,SKIP,,,,,0,skip,,,,0
2026-09-15 12:31:54,20260915,22,3,12:48,pos,1-4,0.0479,13.1,0.0763,0.628,100,settled,0,0.0,0,0
2026-09-15 12:31:54,20260915,22,3,12:48,pos,1-5,0.0382,11.5,0.087,0.439,100,settled,0,0.0,0,0
2026-09-15 12:34:34,20260915,4,5,12:52,,SKIP,,,,,0,skip,,,,0
2026-09-15 12:37:23,20260915,11,6,12:55,,SKIP,,,,,0,skip,,,,0
2026-09-15 12:40:04,20260915,10,10,12:58,,SKIP,,,,,0,skip,,,,0
2026-09-15 12:43:02,20260915,6,4,13:00,pos,1-4,0.018,216.0,0.0046,3.885,100,settled,0,0.0,0,0
2026-09-15 12:43:02,20260915,6,4,13:00,pos,1-5,0.0651,29.4,0.034,1.914,100,settled,0,0.0,0,1
2026-09-15 12:45:51,20260915,9,6,13:02,,SKIP,,,,,0,skip,,,,0
2026-09-15 12:51:21,20260915,8,6,13:08,pos,1-4,0.5206,1.8,0.5556,0.937,100,settled,0,0.0,0,0
2026-09-15 12:51:21,20260915,8,6,13:08,pos,1-5,0.013,14.3,0.0699,0.186,100,settled,0,0.0,0,0
2026-09-15 12:54:01,20260915,14,10,13:11,,SKIP,,,,,0,skip,,,,0
2026-09-15 12:56:48,20260915,18,6,13:14,,SKIP,,,,,0,skip,,,,0
2026-09-15 13:02:09,20260915,22,4,13:19,,SKIP,,,,,0,skip,,,,0
2026-09-15 13:05:00,20260915,4,6,13:22,,SKIP,,,,,0,skip,,,,0
2026-09-15 13:10:20,20260915,11,7,13:26,,SKIP,,,,,0,skip,,,,0
2026-09-15 13:13:19,20260915,6,5,13:29,,SKIP,,,,,0,skip,,,,0
2026-09-15 13:15:59,20260915,10,11,13:32,,SKIP,,,,,0,skip,,,,0
2026-09-15 13:18:49,20260915,9,7,13:34,,SKIP,,,,,0,skip,,,,0
2026-09-15 13:24:19,20260915,8,7,13:40,,SKIP,,,,,0,skip,,,,0
2026-09-15 13:27:00,20260915,18,7,13:45,uvpx50,1-2,0.1514,7.1,0.1408,1.075,100,settled,0,0.0,0,1
2026-09-15 13:27:00,20260915,22,5,13:44,,SKIP,,,,,0,skip,,,,0
2026-09-15 13:30:00,20260915,14,11,13:48,,SKIP,,,,,0,skip,,,,0
2026-09-15 13:35:40,20260915,4,7,13:53,pos,1-4,0.0435,29.7,0.0337,1.291,100,settled,0,0.0,0,0
2026-09-15 13:35:40,20260915,4,7,13:53,pos,1-5,0.0387,12.0,0.0833,0.464,100,settled,0,0.0,0,0
2026-09-15 13:41:02,20260915,11,8,13:57,,SKIP,,,,,0,skip,,,,0
2026-09-15 13:43:42,20260915,6,6,14:00,,SKIP,,,,,0,skip,,,,0
2026-09-15 13:46:32,20260915,9,8,14:04,,SKIP,,,,,0,skip,,,,0
2026-09-15 13:49:20,20260915,8,8,14:07,,SKIP,,,,,0,skip,,,,0
2026-09-15 13:54:40,20260915,10,12,14:11,,SKIP,,,,,0,skip,,,,0
2026-09-15 13:57:20,20260915,22,6,14:15,,SKIP,,,,,0,skip,,,,0
2026-09-15 14:00:18,20260915,18,8,14:17,,SKIP,,,,,0,skip,,,,0
2026-09-15 14:08:18,20260915,4,8,14:25,,SKIP,,,,,0,skip,,,,0
2026-09-15 14:10:57,20260915,11,9,14:27,,SKIP,,,,,0,skip,,,,0
2026-09-15 14:10:57,20260915,14,12,14:28,,SKIP,,,,,0,skip,,,,0
2026-09-15 14:16:34,20260915,6,7,14:32,pos,1-4,0.0439,14.4,0.0694,0.631,100,settled,0,0.0,0,0
2026-09-15 14:16:34,20260915,6,7,14:32,pos,1-5,0.0071,32.0,0.0312,0.226,100,settled,0,0.0,0,0
2026-09-15 14:19:32,20260915,9,9,14:35,pos,1-5,0.0442,14.8,0.0676,0.654,100,settled,0,0.0,0,0
2026-09-15 14:22:12,20260915,8,9,14:38,,SKIP,,,,,0,skip,,,,0
2026-09-15 14:27:30,20260915,22,7,14:45,pos,1-4,0.0639,19.0,0.0526,1.213,100,settled,0,0.0,0,0
2026-09-15 14:27:30,20260915,22,7,14:45,pos,1-5,0.0077,19.0,0.0526,0.147,100,settled,0,0.0,0,0
2026-09-15 14:32:59,20260915,18,9,14:50,,SKIP,,,,,0,skip,,,,0
2026-09-15 14:40:49,20260915,4,9,14:57,,SKIP,,,,,0,skip,,,,0
2026-09-15 14:43:30,20260915,11,10,15:00,,SKIP,,,,,0,skip,,,,0
2026-09-15 14:46:18,20260915,6,8,15:03,pos,1-4,0.2618,7.4,0.1351,1.937,100,settled,0,0.0,0,0
2026-09-15 14:46:18,20260915,6,8,15:03,pos,1-5,0.1009,5.1,0.1961,0.515,100,settled,0,0.0,0,0
2026-09-15 14:49:07,20260915,9,10,15:07,,SKIP,,,,,0,skip,,,,0
2026-09-15 14:54:37,20260915,8,10,15:10,pos,1-4,0.0188,37.2,0.0269,0.698,100,settled,0,0.0,0,0
2026-09-15 14:54:37,20260915,8,10,15:10,pos,1-5,0.1012,13.9,0.0719,1.407,100,settled,0,0.0,0,0
2026-09-15 14:57:26,20260915,22,8,15:15,pos,1-4,0.0658,63.2,0.0158,4.158,100,settled,0,0.0,0,1
2026-09-15 14:57:26,20260915,22,8,15:15,pos,1-5,0.0116,23.7,0.0422,0.274,100,settled,0,0.0,0,0
2026-09-15 15:00:05,20260915,12,1,15:17,pos,1-4,0.2645,9.4,0.1064,2.486,100,settled,0,0.0,0,0
2026-09-15 15:00:05,20260915,12,1,15:17,pos,1-5,0.1153,16.9,0.0592,1.949,100,settled,0,0.0,0,0
2026-09-15 15:02:56,20260915,7,1,15:19,uvpx50,1-6,0.0568,110.7,0.009,6.283,100,settled,0,0.0,0,1
2026-09-15 15:05:35,20260915,20,1,15:22,,SKIP,,,,,0,skip,,,,0
2026-09-15 15:08:15,20260915,18,10,15:24,,SKIP,,,,,0,skip,,,,0
2026-09-15 15:11:05,20260915,19,1,15:28,,SKIP,,,,,0,skip,,,,0
2026-09-15 15:14:13,20260915,4,10,15:30,pos,1-4,0.1813,4.9,0.2041,0.888,100,settled,0,0.0,0,0
2026-09-15 15:14:13,20260915,4,10,15:30,pos,1-5,0.1076,7.3,0.137,0.785,100,settled,0,0.0,0,0
2026-09-15 15:17:01,20260915,11,11,15:33,pos,1-4,0.0924,11.9,0.084,1.1,100,settled,0,0.0,0,0
2026-09-15 15:17:01,20260915,11,11,15:33,pos,1-5,0.0568,16.8,0.0595,0.954,100,settled,0,0.0,0,0
2026-09-15 15:19:50,20260915,6,9,15:36,,SKIP,,,,,0,skip,,,,0
2026-09-15 15:25:17,20260915,9,11,15:41,pos,1-4,0.2124,3.6,0.2778,0.765,100,settled,0,0.0,0,0
2026-09-15 15:25:17,20260915,9,11,15:41,pos,1-5,0.0829,14.7,0.068,1.218,100,settled,0,0.0,0,0
2026-09-15 15:25:17,20260915,12,2,15:42,,SKIP,,,,,0,skip,,,,0
2026-09-15 15:28:14,20260915,8,11,15:46,pos,1-4,0.1551,5.5,0.1818,0.853,100,settled,0,0.0,0,0
2026-09-15 15:28:14,20260915,8,11,15:46,pos,1-5,0.2293,5.5,0.1818,1.261,100,settled,0,0.0,0,0
2026-09-15 15:30:53,20260915,7,2,15:48,,SKIP,,,,,0,skip,,,,0
2026-09-15 15:33:51,20260915,20,2,15:50,,SKIP,,,,,0,skip,,,,0
2026-09-15 15:36:40,20260915,19,2,15:54,,SKIP,,,,,0,skip,,,,0
2026-09-15 15:42:12,20260915,18,11,16:00,uvpx50,1-6,0.1895,5.5,0.1818,1.043,100,settled,0,0.0,0,1
2026-09-15 15:42:12,20260915,22,9,15:58,pos,1-4,0.0465,31.1,0.0322,1.445,100,settled,0,0.0,0,0
2026-09-15 15:42:12,20260915,22,9,15:58,pos,1-5,0.3884,7.1,0.1408,2.757,100,settled,370,370.0,1,0
2026-09-15 15:47:48,20260915,4,11,16:04,,SKIP,,,,,0,skip,,,,0
2026-09-15 15:50:28,20260915,6,10,16:06,,SKIP,,,,,0,skip,,,,0
2026-09-15 15:50:28,20260915,12,3,16:08,pos,1-4,0.0393,40.1,0.0249,1.577,100,settled,0,0.0,0,0
2026-09-15 15:50:28,20260915,12,3,16:08,pos,1-5,0.2615,15.4,0.0649,4.027,100,settled,0,0.0,0,0
2026-09-15 15:56:06,20260915,7,3,16:12,,SKIP,,,,,0,skip,,,,0
2026-09-15 15:56:06,20260915,11,12,16:14,pos,1-4,0.0896,7.6,0.1316,0.681,100,settled,0,0.0,0,0
2026-09-15 15:56:06,20260915,11,12,16:14,pos,1-5,0.0948,3.9,0.2564,0.37,100,settled,0,0.0,0,0
2026-09-15 15:58:56,20260915,20,3,16:16,,SKIP,,,,,0,skip,,,,0
2026-09-15 16:04:43,20260915,9,12,16:20,,SKIP,,,,,0,skip,,,,0
2026-09-15 16:07:32,20260915,8,12,16:25,pos,1-4,0.1759,4.7,0.2128,0.827,100,settled,0,0.0,0,0
2026-09-15 16:07:32,20260915,8,12,16:25,pos,1-5,0.3599,5.0,0.2,1.8,100,settled,0,0.0,0,0
2026-09-15 16:07:32,20260915,19,3,16:23,,SKIP,,,,,0,skip,,,,0
2026-09-15 16:13:14,20260915,22,10,16:30,pos,1-4,0.0704,20.7,0.0483,1.458,100,settled,0,0.0,0,1
2026-09-15 16:13:14,20260915,22,10,16:30,pos,1-5,0.0464,36.5,0.0274,1.694,100,settled,0,0.0,0,0
2026-09-15 16:15:54,20260915,12,4,16:33,pos,1-4,0.0349,12.7,0.0787,0.443,100,settled,0,0.0,0,0
2026-09-15 16:15:54,20260915,12,4,16:33,pos,1-5,0.0286,14.9,0.0671,0.426,100,settled,0,0.0,0,0
2026-09-15 16:18:43,20260915,6,11,16:36,,SKIP,,,,,0,skip,,,,0
2026-09-15 16:21:22,20260915,18,12,16:38,,SKIP,,,,,0,skip,,,,0
2026-09-15 16:24:11,20260915,7,4,16:40,,SKIP,,,,,0,skip,,,,0
2026-09-15 16:27:09,20260915,4,12,16:44,pos,1-4,0.3563,3.1,0.3226,1.105,100,settled,0,0.0,0,0
2026-09-15 16:27:09,20260915,4,12,16:44,pos,1-5,0.0558,11.7,0.0855,0.653,100,settled,0,0.0,0,0
2026-09-15 16:29:49,20260915,20,4,16:46,,SKIP,,,,,0,skip,,,,0
2026-09-15 16:32:49,20260915,19,4,16:50,,SKIP,,,,,0,skip,,,,0
2026-09-15 16:40:47,20260915,22,11,16:57,,SKIP,,,,,0,skip,,,,0
2026-09-15 16:43:27,20260915,12,5,17:01,pos,1-4,0.0641,11.8,0.0847,0.757,100,settled,0,0.0,0,0
2026-09-15 16:43:27,20260915,12,5,17:01,pos,1-5,0.046,36.9,0.0271,1.697,100,settled,0,0.0,0,0
2026-09-15 16:48:54,20260915,6,12,17:06,,SKIP,,,,,0,skip,,,,0
2026-09-15 16:51:33,20260915,7,5,17:08,uvpx50,3-2,0.0562,29.8,0.0336,1.675,100,settled,0,0.0,0,1
2026-09-15 16:57:00,20260915,20,5,17:15,pos,1-4,0.2776,5.4,0.1852,1.499,100,settled,0,0.0,0,0
2026-09-15 16:57:00,20260915,20,5,17:15,pos,1-5,0.092,38.6,0.0259,3.552,100,settled,0,0.0,0,1
2026-09-15 17:04:52,20260915,19,5,17:22,pos,1-4,0.3464,4.6,0.2174,1.594,100,settled,230,230.0,1,0
2026-09-15 17:04:52,20260915,19,5,17:22,pos,1-5,0.0131,66.7,0.015,0.876,100,settled,0,0.0,0,0
2026-09-15 17:10:12,20260915,22,12,17:27,,SKIP,,,,,0,skip,,,,0
2026-09-15 17:15:34,20260915,12,6,17:31,,SKIP,,,,,0,skip,,,,0
2026-09-15 17:20:54,20260915,7,6,17:37,pos,1-4,0.2185,5.5,0.1818,1.202,100,settled,0,0.0,0,0
2026-09-15 17:20:54,20260915,7,6,17:37,pos,1-5,0.0257,32.1,0.0312,0.826,100,settled,0,0.0,0,0
2026-09-15 17:20:54,20260915,7,6,17:37,uvpx50,1-6,0.016,51.4,0.0195,0.824,100,settled,0,0.0,0,1
2026-09-15 17:26:14,20260915,20,6,17:44,,SKIP,,,,,0,skip,,,,0
2026-09-15 17:34:05,20260915,19,6,17:51,,SKIP,,,,,0,skip,,,,0
2026-09-15 17:39:24,20260915,12,7,17:57,,SKIP,,,,,0,skip,,,,0
2026-09-15 17:47:17,20260915,7,7,18:04,pos,1-4,0.3851,4.5,0.2222,1.733,100,settled,0,0.0,0,0
2026-09-15 17:47:17,20260915,7,7,18:04,pos,1-5,0.078,6.9,0.1449,0.538,100,settled,0,0.0,0,0
2026-09-15 17:54:59,20260915,20,7,18:11,,SKIP,,,,,0,skip,,,,0
2026-09-15 18:00:31,20260915,19,7,18:18,,SKIP,,,,,0,skip,,,,0
2026-09-15 18:08:24,20260915,12,8,18:25,,SKIP,,,,,0,skip,,,,0
2026-09-15 18:16:15,20260915,7,8,18:32,pos,1-4,0.027,34.2,0.0292,0.923,100,settled,0,0.0,0,0
2026-09-15 18:16:15,20260915,7,8,18:32,pos,1-5,0.151,14.5,0.069,2.19,100,settled,0,0.0,0,0
2026-09-15 18:21:25,20260915,20,8,18:39,,SKIP,,,,,0,skip,,,,0
2026-09-15 18:29:15,20260915,19,8,18:46,,SKIP,,,,,0,skip,,,,0
2026-09-15 18:37:16,20260915,12,9,18:54,pos,1-4,0.2063,5.8,0.1724,1.196,100,settled,480,480.0,1,0
2026-09-15 18:37:16,20260915,12,9,18:54,pos,1-5,0.0196,36.9,0.0271,0.722,100,settled,0,0.0,0,0
2026-09-15 18:45:08,20260915,7,9,19:02,uvpx50,1-6,0.0937,8.8,0.1136,0.825,100,settled,0,0.0,0,1
2026-09-15 18:52:58,20260915,20,9,19:09,,SKIP,,,,,0,skip,,,,0
2026-09-15 18:58:09,20260915,19,9,19:16,,SKIP,,,,,0,skip,,,,0
2026-09-15 19:06:11,20260915,12,10,19:24,,SKIP,,,,,0,skip,,,,0
2026-09-15 19:14:00,20260915,7,10,19:32,,SKIP,,,,,0,skip,,,,0
2026-09-15 19:24:22,20260915,20,10,19:40,,SKIP,,,,,0,skip,,,,0
2026-09-15 19:32:12,20260915,19,10,19:48,pos,1-4,0.3215,2.6,0.3846,0.836,100,settled,0,0.0,0,0
2026-09-15 19:32:12,20260915,19,10,19:48,pos,1-5,0.2002,5.9,0.1695,1.181,100,settled,0,0.0,0,0
2026-09-15 19:40:03,20260915,12,11,19:57,,SKIP,,,,,0,skip,,,,0
2026-09-15 19:47:54,20260915,7,11,20:04,pos,1-4,0.1042,9.8,0.102,1.021,100,settled,0,0.0,0,0
2026-09-15 19:47:54,20260915,7,11,20:04,pos,1-5,0.0579,16.2,0.0617,0.938,100,settled,0,0.0,0,0
2026-09-15 19:47:54,20260915,7,11,20:04,uvpx50,1-4,0.1042,9.8,0.102,1.021,100,settled,0,0.0,0,1
2026-09-15 19:53:14,20260915,20,11,20:10,,SKIP,,,,,0,skip,,,,0
2026-09-15 19:58:23,20260915,19,11,20:16,,SKIP,,,,,0,skip,,,,0
2026-09-15 20:13:57,20260915,12,12,20:30,uvpx50,1-5,0.0933,11.3,0.0885,1.055,100,settled,0,0.0,0,1
2026-09-15 20:19:16,20260915,7,12,20:35,,SKIP,,,,,0,skip,,,,0
2026-09-15 20:24:35,20260915,20,12,20:40,,SKIP,,,,,0,skip,,,,0
2026-09-15 20:27:25,20260915,19,12,20:45,,SKIP,,,,,0,skip,,,,0
2026-09-16 08:16:16,20260916,14,1,08:32,pos,1-4,0.3172,2.7,0.3704,0.857,100,settled,0,0.0,0,0
2026-09-16 08:16:16,20260916,14,1,08:32,pos,1-5,0.0529,49.5,0.0202,2.621,100,settled,0,0.0,0,1
2026-09-16 08:26:38,20260916,23,1,08:44,,SKIP,,,,,0,skip,,,,0
2026-09-16 08:42:00,20260916,14,2,08:58,,SKIP,,,,,0,skip,,,,0
2026-09-16 08:52:21,20260916,23,2,09:10,pos,1-4,0.1234,17.0,0.0588,2.098,100,settled,580,580.0,1,0
2026-09-16 08:52:21,20260916,23,2,09:10,pos,1-5,0.0804,25.6,0.0391,2.059,100,settled,0,0.0,0,1
2026-09-16 09:07:46,20260916,14,3,09:24,,SKIP,,,,,0,skip,,,,0
2026-09-16 09:18:07,20260916,23,3,09:36,,SKIP,,,,,0,skip,,,,0
2026-09-16 09:33:30,20260916,14,4,09:50,,SKIP,,,,,0,skip,,,,0
2026-09-16 09:46:20,20260916,23,4,10:02,pos,1-4,0.0681,43.0,0.0233,2.929,100,settled,0,0.0,0,1
2026-09-16 09:46:20,20260916,23,4,10:02,pos,1-5,0.0461,30.1,0.0332,1.387,100,settled,0,0.0,0,0
2026-09-16 09:59:14,20260916,14,5,10:16,,SKIP,,,,,0,skip,,,,0
2026-09-16 10:12:07,20260916,5,1,10:30,,SKIP,,,,,0,skip,,,,0
2026-09-16 10:12:07,20260916,11,1,10:29,,SKIP,,,,,0,skip,,,,0
2026-09-16 10:12:07,20260916,23,5,10:28,pos,1-4,0.0427,28.2,0.0355,1.205,100,settled,0,0.0,0,0
2026-09-16 10:12:07,20260916,23,5,10:28,pos,1-5,0.3506,5.4,0.1852,1.893,100,settled,0,0.0,0,0
2026-09-16 10:17:44,20260916,9,1,10:34,pos,1-4,0.0257,40.0,0.025,1.03,100,settled,0,0.0,0,0
2026-09-16 10:17:44,20260916,9,1,10:34,pos,1-5,0.1047,11.7,0.0855,1.225,100,settled,0,0.0,0,0
2026-09-16 10:20:43,20260916,13,1,10:36,,SKIP,,,,,0,skip,,,,0
2026-09-16 10:20:43,20260916,18,1,10:38,,SKIP,,,,,0,skip,,,,0
2026-09-16 10:26:22,20260916,8,1,10:43,,SKIP,,,,,0,skip,,,,0
2026-09-16 10:29:12,20260916,14,6,10:47,pos,1-4,0.2302,10.4,0.0962,2.394,100,settled,410,410.0,1,0
2026-09-16 10:29:12,20260916,14,6,10:47,pos,1-5,0.0327,23.8,0.042,0.778,100,settled,0,0.0,0,0
2026-09-16 10:37:13,20260916,4,1,10:55,,SKIP,,,,,0,skip,,,,0
2026-09-16 10:37:13,20260916,11,2,10:54,,SKIP,,,,,0,skip,,,,0
2026-09-16 10:40:02,20260916,5,2,10:57,,SKIP,,,,,0,skip,,,,0
2026-09-16 10:42:52,20260916,23,6,10:59,,SKIP,,,,,0,skip,,,,0
2026-09-16 10:45:32,20260916,9,2,11:01,,SKIP,,,,,0,skip,,,,0
2026-09-16 10:45:32,20260916,13,2,11:03,,SKIP,,,,,0,skip,,,,0
2026-09-16 10:51:41,20260916,18,2,11:08,,SKIP,,,,,0,skip,,,,0
2026-09-16 10:56:59,20260916,8,2,11:14,pos,1-4,0.3117,2.7,0.3704,0.842,100,settled,0,0.0,0,0
2026-09-16 10:56:59,20260916,8,2,11:14,pos,1-5,0.0116,50.5,0.0198,0.587,100,settled,0,0.0,0,0
2026-09-16 11:02:19,20260916,14,7,11:18,,SKIP,,,,,0,skip,,,,0
2026-09-16 11:04:58,20260916,11,3,11:21,,SKIP,,,,,0,skip,,,,0
2026-09-16 11:07:48,20260916,4,2,11:23,pos,1-4,0.0163,31.1,0.0322,0.507,100,settled,0,0.0,0,0
2026-09-16 11:07:48,20260916,4,2,11:23,pos,1-5,0.0506,15.5,0.0645,0.785,100,settled,0,0.0,0,0
2026-09-16 11:10:48,20260916,5,3,11:27,,SKIP,,,,,0,skip,,,,0
2026-09-16 11:13:29,20260916,9,3,11:30,,SKIP,,,,,0,skip,,,,0
2026-09-16 11:16:16,20260916,13,3,11:33,,SKIP,,,,,0,skip,,,,0
2026-09-16 11:19:06,20260916,23,7,11:35,,SKIP,,,,,0,skip,,,,0
2026-09-16 11:21:55,20260916,18,3,11:38,uvpx50,1-2,0.1737,6.3,0.1587,1.095,100,settled,0,0.0,0,1
2026-09-16 11:24:42,20260916,8,3,11:41,,SKIP,,,,,0,skip,,,,0
2026-09-16 11:30:11,20260916,22,1,11:46,,SKIP,,,,,0,skip,,,,0
2026-09-16 11:32:50,20260916,11,4,11:49,,SKIP,,,,,0,skip,,,,0
2026-09-16 11:32:50,20260916,14,8,11:50,,SKIP,,,,,0,skip,,,,0
2026-09-16 11:35:49,20260916,4,3,11:52,,SKIP,,,,,0,skip,,,,0
2026-09-16 11:41:11,20260916,5,4,11:57,,SKIP,,,,,0,skip,,,,0
2026-09-16 11:44:10,20260916,9,4,12:00,,SKIP,,,,,0,skip,,,,0
2026-09-16 11:44:10,20260916,13,4,12:02,,SKIP,,,,,0,skip,,,,0
2026-09-16 11:47:08,20260916,23,8,12:04,,SKIP,,,,,0,skip,,,,0
2026-09-16 11:49:55,20260916,8,4,12:07,,SKIP,,,,,0,skip,,,,0
2026-09-16 11:52:55,20260916,18,4,12:09,,SKIP,,,,,0,skip,,,,0
2026-09-16 11:58:24,20260916,22,2,12:14,,SKIP,,,,,0,skip,,,,0
2026-09-16 12:01:04,20260916,11,5,12:17,,SKIP,,,,,0,skip,,,,0
2026-09-16 12:03:53,20260916,4,4,12:20,,SKIP,,,,,0,skip,,,,0
2026-09-16 12:09:12,20260916,5,5,12:27,,SKIP,,,,,0,skip,,,,0
2026-09-16 12:09:12,20260916,13,5,12:25,uvpx50,1-2,0.1697,4.3,0.2326,0.73,100,settled,310,310.0,1,1
2026-09-16 12:12:09,20260916,14,9,12:30,pos,1-4,0.262,6.0,0.1667,1.572,100,settled,0,0.0,0,0
2026-09-16 12:12:09,20260916,14,9,12:30,pos,1-5,0.0289,37.6,0.0266,1.085,100,settled,0,0.0,0,0
2026-09-16 12:14:58,20260916,9,5,12:31,,SKIP,,,,,0,skip,,,,0
2026-09-16 12:17:47,20260916,23,9,12:33,,SKIP,,,,,0,skip,,,,0
2026-09-16 12:20:46,20260916,8,5,12:37,,SKIP,,,,,0,skip,,,,0
2026-09-16 12:23:34,20260916,18,5,12:40,,SKIP,,,,,0,skip,,,,0
2026-09-16 12:29:04,20260916,22,3,12:45,pos,1-4,0.0694,16.2,0.0617,1.124,100,settled,0,0.0,0,0
2026-09-16 12:29:04,20260916,22,3,12:45,pos,1-5,0.0053,179.2,0.0056,0.946,100,settled,0,0.0,0,0
2026-09-16 12:31:48,20260916,11,6,12:48,pos,1-4,0.0333,22.7,0.0441,0.755,100,settled,0,0.0,0,0
2026-09-16 12:31:48,20260916,11,6,12:48,pos,1-5,0.2503,9.7,0.1031,2.428,100,settled,0,0.0,0,0
2026-09-16 12:35:10,20260916,4,5,12:51,pos,1-4,0.2982,15.4,0.0649,4.592,100,settled,0,0.0,0,0
2026-09-16 12:35:10,20260916,4,5,12:51,pos,1-5,0.0474,66.7,0.015,3.16,100,settled,0,0.0,0,0
2026-09-16 12:37:59,20260916,13,6,12:55,pos,1-4,0.4087,2.9,0.3448,1.185,100,settled,310,310.0,1,0
2026-09-16 12:37:59,20260916,13,6,12:55,pos,1-5,0.0432,17.4,0.0575,0.753,100,settled,0,0.0,0,0
2026-09-16 12:40:49,20260916,5,6,12:57,,SKIP,,,,,0,skip,,,,0
2026-09-16 12:43:41,20260916,14,10,13:01,uvpx50,1-3,0.0633,14.1,0.0709,0.892,100,settled,0,0.0,0,1
2026-09-16 12:46:28,20260916,9,6,13:04,,SKIP,,,,,0,skip,,,,0
2026-09-16 12:49:17,20260916,8,6,13:07,pos,1-4,0.014,27.8,0.036,0.388,100,settled,0,0.0,0,0
2026-09-16 12:49:17,20260916,8,6,13:07,pos,1-5,0.4028,3.1,0.3226,1.249,100,settled,0,0.0,0,0
2026-09-16 12:49:17,20260916,23,10,13:05,,SKIP,,,,,0,skip,,,,0
2026-09-16 12:55:08,20260916,18,6,13:11,,SKIP,,,,,0,skip,,,,0
2026-09-16 12:57:49,20260916,22,4,13:15,,SKIP,,,,,0,skip,,,,0
2026-09-16 13:02:33,20260916,11,7,13:19,,SKIP,,,,,0,skip,,,,0
2026-09-16 13:05:13,20260916,4,6,13:22,,SKIP,,,,,0,skip,,,,0
2026-09-16 13:10:43,20260916,13,7,13:27,uvpx50,1-5,0.0147,4.6,0.2174,0.068,100,settled,0,0.0,0,1
2026-09-16 13:13:22,20260916,5,7,13:29,,SKIP,,,,,0,skip,,,,0
2026-09-16 13:16:18,20260916,9,7,13:34,pos,1-4,0.0584,17.7,0.0565,1.033,100,pending,,,,0
2026-09-16 13:16:18,20260916,9,7,13:34,pos,1-5,0.1745,5.9,0.1695,1.03,100,pending,,,,0
2026-09-16 13:16:18,20260916,14,11,13:33,,SKIP,,,,,0,skip,,,,0
2026-09-16 13:19:07,20260916,8,7,13:36,,SKIP,,,,,0,skip,,,,0
2026-09-16 13:22:05,20260916,23,11,13:39,,SKIP,,,,,0,skip,,,,0
2026-09-16 13:24:55,20260916,18,7,13:42,,SKIP,,,,,0,skip,,,,0
2026-09-16 13:30:25,20260916,22,5,13:46,pos,1-4,0.3054,3.5,0.2857,1.069,100,settled,500,500.0,1,0
2026-09-16 13:30:25,20260916,22,5,13:46,pos,1-5,0.0093,21.0,0.0476,0.195,100,settled,0,0.0,0,0
2026-09-16 13:33:15,20260916,11,8,13:50,,SKIP,,,,,0,skip,,,,0
2026-09-16 13:35:54,20260916,4,7,13:53,,SKIP,,,,,0,skip,,,,0
2026-09-16 13:41:20,20260916,13,8,13:57,,SKIP,,,,,0,skip,,,,0
2026-09-16 13:44:01,20260916,5,8,14:02,,SKIP,,,,,0,skip,,,,0
2026-09-16 13:49:27,20260916,8,8,14:06,pos,1-4,0.012,29.2,0.0342,0.352,100,settled,0,0.0,0,0
2026-09-16 13:49:27,20260916,8,8,14:06,pos,1-5,0.0854,11.0,0.0909,0.939,100,settled,0,0.0,0,0
2026-09-16 13:52:08,20260916,9,8,14:08,,SKIP,,,,,0,skip,,,,0
2026-09-16 13:52:08,20260916,14,12,14:10,uvpx50,1-4,0.1896,4.0,0.25,0.759,100,settled,0,0.0,0,1
2026-09-16 13:58:11,20260916,18,8,14:14,,SKIP,,,,,0,skip,,,,0
2026-09-16 14:00:51,20260916,22,6,14:18,,SKIP,,,,,0,skip,,,,0
2026-09-16 14:03:39,20260916,23,12,14:21,,SKIP,,,,,0,skip,,,,0
2026-09-16 14:06:28,20260916,4,8,14:24,pos,1-4,0.0741,50.3,0.0199,3.728,100,settled,0,0.0,0,1
2026-09-16 14:06:28,20260916,4,8,14:24,pos,1-5,0.0154,117.5,0.0085,1.811,100,settled,0,0.0,0,0
2026-09-16 14:09:06,20260916,11,9,14:27,pos,1-4,0.0808,28.3,0.0353,2.286,100,settled,0,0.0,0,1
2026-09-16 14:09:06,20260916,11,9,14:27,pos,1-5,0.0872,19.8,0.0505,1.727,100,settled,0,0.0,0,0
2026-09-16 14:13:59,20260916,13,9,14:30,,SKIP,,,,,0,skip,,,,0
2026-09-16 14:19:42,20260916,8,9,14:35,pos,1-4,0.1673,4.8,0.2083,0.803,100,settled,0,0.0,0,0
2026-09-16 14:19:42,20260916,8,9,14:35,pos,1-5,0.0122,64.8,0.0154,0.79,100,settled,0,0.0,0,0
2026-09-16 14:22:22,20260916,5,9,14:38,,SKIP,,,,,0,skip,,,,0
2026-09-16 14:25:22,20260916,9,9,14:41,,SKIP,,,,,0,skip,,,,0
2026-09-16 14:28:34,20260916,22,7,14:45,,SKIP,,,,,0,skip,,,,0
2026-09-16 14:31:14,20260916,18,9,14:48,,SKIP,,,,,0,skip,,,,0
2026-09-16 14:39:16,20260916,4,9,14:56,pos,1-4,0.225,3.6,0.2778,0.81,100,settled,0,0.0,0,0
2026-09-16 14:39:16,20260916,4,9,14:56,pos,1-5,0.0067,68.0,0.0147,0.453,100,settled,0,0.0,0,0
2026-09-16 14:44:35,20260916,11,10,15:01,,SKIP,,,,,0,skip,,,,0
2026-09-16 14:47:14,20260916,13,10,15:05,,SKIP,,,,,0,skip,,,,0
2026-09-16 14:52:32,20260916,8,10,15:10,pos,1-4,0.0265,25.4,0.0394,0.674,100,settled,1280,1280.0,1,0
2026-09-16 14:52:32,20260916,8,10,15:10,pos,1-5,0.0574,16.6,0.0602,0.952,100,settled,0,0.0,0,0
2026-09-16 14:55:22,20260916,9,10,15:11,,SKIP,,,,,0,skip,,,,0
2026-09-16 14:56:08,20260916,5,10,15:14,,SKIP,,,,,0,skip,,,,0
2026-09-16 14:59:00,20260916,12,1,15:17,,SKIP,,,,,0,skip,,,,0
2026-09-16 15:02:01,20260916,7,1,15:20,,SKIP,,,,,0,skip,,,,0
2026-09-16 15:07:12,20260916,18,10,15:25,,SKIP,,,,,0,skip,,,,0
2026-09-16 15:07:12,20260916,19,1,15:23,,SKIP,,,,,0,skip,,,,0
2026-09-16 15:10:12,20260916,22,8,15:28,pos,1-4,0.2469,4.6,0.2174,1.136,100,settled,0,0.0,0,0
2026-09-16 15:10:12,20260916,22,8,15:28,pos,1-5,0.2704,5.0,0.2,1.352,100,settled,0,0.0,0,0
2026-09-16 15:13:23,20260916,4,10,15:30,,SKIP,,,,,0,skip,,,,0
2026-09-16 15:18:52,20260916,11,11,15:36,,SKIP,,,,,0,skip,,,,0
2026-09-16 15:21:31,20260916,13,11,15:39,,SKIP,,,,,0,skip,,,,0
2026-09-16 15:24:23,20260916,9,11,15:42,,SKIP,,,,,0,skip,,,,0
2026-09-16 15:24:23,20260916,12,2,15:41,,SKIP,,,,,0,skip,,,,0
2026-09-16 15:29:28,20260916,8,11,15:46,,SKIP,,,,,0,skip,,,,0
2026-09-16 15:32:07,20260916,7,2,15:48,,SKIP,,,,,0,skip,,,,0
2026-09-16 15:32:07,20260916,19,2,15:50,,SKIP,,,,,0,skip,,,,0
2026-09-16 15:35:15,20260916,5,11,15:52,,SKIP,,,,,0,skip,,,,0
2026-09-16 15:40:54,20260916,22,9,15:58,pos,1-4,0.0389,35.7,0.028,1.389,100,settled,0,0.0,0,0
2026-09-16 15:40:54,20260916,22,9,15:58,pos,1-5,0.0244,42.9,0.0233,1.048,100,settled,0,0.0,0,0
2026-09-16 15:46:11,20260916,18,11,16:02,,SKIP,,,,,0,skip,,,,0
2026-09-16 15:48:52,20260916,4,11,16:05,pos,1-4,0.0407,33.5,0.0299,1.363,100,settled,0,0.0,0,0
2026-09-16 15:48:52,20260916,4,11,16:05,pos,1-5,0.0237,23.6,0.0424,0.559,100,settled,0,0.0,0,0
2026-09-16 15:51:42,20260916,12,3,16:07,,SKIP,,,,,0,skip,,,,0
2026-09-16 15:54:32,20260916,13,12,16:10,,SKIP,,,,,0,skip,,,,0
2026-09-16 15:57:23,20260916,7,3,16:15,uvpx50,1-4,0.0183,52.6,0.019,0.961,100,settled,0,0.0,0,1
2026-09-16 15:57:23,20260916,11,12,16:13,,SKIP,,,,,0,skip,,,,0
2026-09-16 16:02:58,20260916,9,12,16:20,,SKIP,,,,,0,skip,,,,0
2026-09-16 16:02:58,20260916,19,3,16:19,,SKIP,,,,,0,skip,,,,0
2026-09-16 16:05:59,20260916,22,10,16:23,pos,1-4,0.0847,55.0,0.0182,4.661,100,settled,0,0.0,0,1
2026-09-16 16:05:59,20260916,22,10,16:23,pos,1-5,0.0792,35.3,0.0283,2.797,100,settled,0,0.0,0,1
2026-09-16 16:08:57,20260916,8,12,16:25,pos,1-4,0.0439,15.8,0.0633,0.693,100,settled,0,0.0,0,0
2026-09-16 16:08:57,20260916,8,12,16:25,pos,1-5,0.0705,21.2,0.0472,1.495,100,settled,0,0.0,0,1
2026-09-16 16:14:26,20260916,5,12,16:30,uvpx50,1-5,0.1251,7.6,0.1316,0.95,100,settled,640,640.0,1,1
2026-09-16 16:17:15,20260916,12,4,16:35,,SKIP,,,,,0,skip,,,,0
2026-09-16 16:22:35,20260916,18,12,16:40,,SKIP,,,,,0,skip,,,,0
2026-09-16 16:25:15,20260916,7,4,16:42,,SKIP,,,,,0,skip,,,,0
2026-09-16 16:28:06,20260916,4,12,16:44,,SKIP,,,,,0,skip,,,,0
2026-09-16 16:30:45,20260916,19,4,16:47,,SKIP,,,,,0,skip,,,,0
2026-09-16 16:36:23,20260916,22,11,16:54,,SKIP,,,,,0,skip,,,,0
2026-09-16 16:44:16,20260916,12,5,17:01,pos,1-4,0.1844,10.2,0.098,1.881,100,settled,540,540.0,1,0
2026-09-16 16:44:16,20260916,12,5,17:01,pos,1-5,0.08,14.6,0.0685,1.168,100,settled,0,0.0,0,0
2026-09-16 16:54:38,20260916,7,5,17:10,,SKIP,,,,,0,skip,,,,0
2026-09-16 17:02:29,20260916,19,5,17:19,pos,1-4,0.2741,3.0,0.3333,0.822,100,settled,0,0.0,0,0
2026-09-16 17:02:29,20260916,19,5,17:19,pos,1-5,0.063,9.9,0.101,0.624,100,settled,0,0.0,0,0
2026-09-16 17:07:48,20260916,22,12,17:25,,SKIP,,,,,0,skip,,,,0
2026-09-16 17:13:07,20260916,12,6,17:30,,SKIP,,,,,0,skip,,,,0
2026-09-16 17:21:00,20260916,7,6,17:37,pos,1-4,0.0796,25.2,0.0397,2.005,100,settled,0,0.0,0,1
2026-09-16 17:21:00,20260916,7,6,17:37,pos,1-5,0.057,17.5,0.0571,0.998,100,settled,0,0.0,0,0
2026-09-16 17:28:49,20260916,19,6,17:46,,SKIP,,,,,0,skip,,,,0
2026-09-16 17:39:11,20260916,12,7,17:55,,SKIP,,,,,0,skip,,,,0
2026-09-16 17:47:02,20260916,7,7,18:04,pos,1-4,0.143,8.0,0.125,1.144,100,settled,0,0.0,0,0
2026-09-16 17:47:02,20260916,7,7,18:04,pos,1-5,0.057,38.7,0.0258,2.207,100,settled,0,0.0,0,1
2026-09-16 17:57:25,20260916,19,7,18:13,pos,1-4,0.0125,29.8,0.0336,0.372,100,settled,0,0.0,0,0
2026-09-16 17:57:25,20260916,19,7,18:13,pos,1-5,0.1224,6.3,0.1587,0.771,100,settled,0,0.0,0,0
2026-09-16 18:05:15,20260916,12,8,18:23,,SKIP,,,,,0,skip,,,,0
2026-09-16 18:15:36,20260916,7,8,18:33,,SKIP,,,,,0,skip,,,,0
2026-09-16 18:26:00,20260916,19,8,18:43,pos,1-4,0.075,21.4,0.0467,1.605,100,settled,0,0.0,0,1
2026-09-16 18:26:00,20260916,19,8,18:43,pos,1-5,0.0666,24.4,0.041,1.625,100,settled,0,0.0,0,1
2026-09-16 18:36:21,20260916,12,9,18:54,,SKIP,,,,,0,skip,,,,0
2026-09-16 18:46:44,20260916,7,9,19:04,uvpx50,1-6,0.029,28.4,0.0352,0.824,100,settled,0,0.0,0,1
2026-09-16 18:57:06,20260916,19,9,19:14,,SKIP,,,,,0,skip,,,,0
2026-09-16 19:07:34,20260916,12,10,19:25,,SKIP,,,,,0,skip,,,,0
2026-09-16 19:20:26,20260916,7,10,19:36,,SKIP,,,,,0,skip,,,,0
2026-09-16 19:30:48,20260916,19,10,19:47,,SKIP,,,,,0,skip,,,,0
2026-09-16 19:41:08,20260916,12,11,19:58,pos,1-4,0.0812,15.3,0.0654,1.243,100,settled,0,0.0,0,0
2026-09-16 19:41:08,20260916,12,11,19:58,pos,1-5,0.053,30.9,0.0324,1.637,100,settled,0,0.0,0,1
2026-09-16 19:51:28,20260916,7,11,20:07,,SKIP,,,,,0,skip,,,,0
2026-09-16 19:59:19,20260916,19,11,20:16,,SKIP,,,,,0,skip,,,,0
2026-09-16 20:12:13,20260916,12,12,20:30,,SKIP,,,,,0,skip,,,,0
2026-09-16 20:20:05,20260916,7,12,20:38,,SKIP,,,,,0,skip,,,,0
2026-09-16 20:27:56,20260916,19,12,20:45,,SKIP,,,,,0,skip,,,,0
