ts,date,jcd,rno,combo,p,odds,kaijin,ev,stake,status,win_combo,hit,payout,ret
2026-08-21 13:06:25,20260820,2,1,1-2-3,1.95,64.0,124.98,1.248,100.0,settled,5-6-1,0,0,0.0
2026-08-21 13:06:25,20260820,2,1,1-2-5,1.12,149.3,167.78,1.672,100.0,settled,5-6-1,0,0,0.0
2026-08-21 13:06:25,20260820,2,1,1-2-6,1.62,90.0,145.87,1.458,100.0,settled,5-6-1,0,0,0.0
2026-08-21 13:06:25,20260820,2,1,1-3-2,1.85,80.2,148.1,1.484,100.0,settled,5-6-1,0,0,0.0
2026-08-21 13:06:25,20260820,2,1,1-5-2,0.6,288.0,171.88,1.728,100.0,settled,5-6-1,0,0,0.0
2026-08-21 13:06:25,20260820,2,1,1-5-3,0.57,304.1,172.49,1.733,100.0,settled,5-6-1,0,0,0.0
2026-08-21 13:06:25,20260820,2,1,1-5-6,0.47,280.1,130.36,1.316,100.0,settled,5-6-1,0,0,0.0
2026-08-21 13:06:25,20260820,2,1,1-6-5,0.49,260.3,126.95,1.275,100.0,settled,5-6-1,0,0,0.0
2026-08-21 13:06:25,20260820,2,2,1-2-6,0.35,317.1,110.54,1.11,100.0,settled,3-2-1,0,0,0.0
2026-08-21 13:06:25,20260820,2,2,1-3-2,3.73,44.0,163.96,1.641,100.0,settled,3-2-1,0,0,0.0
2026-08-21 13:06:25,20260820,2,2,1-3-6,0.26,445.5,115.96,1.158,100.0,settled,3-2-1,0,0,0.0
2026-08-21 13:06:25,20260820,2,2,1-4-2,1.23,85.8,105.72,1.055,100.0,settled,3-2-1,0,0,0.0
2026-08-21 13:06:25,20260820,2,2,1-4-3,0.96,111.5,106.63,1.07,100.0,settled,3-2-1,0,0,0.0
2026-08-21 13:06:25,20260820,2,2,1-4-6,0.32,357.0,114.56,1.142,100.0,settled,3-2-1,0,0,0.0
2026-08-21 13:06:25,20260820,2,3,1-4-2,1.75,57.7,101.01,1.01,100.0,settled,1-6-4,0,0,0.0
2026-08-21 13:06:25,20260820,2,3,1-4-3,1.45,76.6,111.05,1.111,100.0,settled,1-6-4,0,0,0.0
2026-08-21 13:06:25,20260820,2,3,1-5-2,1.88,61.2,115.17,1.151,100.0,settled,1-6-4,0,0,0.0
2026-08-21 13:06:25,20260820,2,3,1-5-3,1.75,79.2,138.31,1.386,100.0,settled,1-6-4,0,0,0.0
2026-08-21 13:06:25,20260820,2,3,1-5-4,2.53,45.4,115.01,1.149,100.0,settled,1-6-4,0,0,0.0
2026-08-21 13:06:25,20260820,2,4,1-3-5,5.44,57.8,314.71,3.144,100.0,settled,1-2-4,0,0,0.0
2026-08-21 13:06:25,20260820,2,4,1-3-6,1.63,663.5,1082.04,10.815,100.0,settled,1-2-4,0,0,0.0
2026-08-21 13:06:25,20260820,2,4,1-4-6,1.08,486.2,524.61,5.251,100.0,settled,1-2-4,0,0,0.0
2026-08-21 13:06:25,20260820,2,4,1-5-3,3.85,97.2,374.09,3.742,100.0,settled,1-2-4,0,0,0.0
2026-08-21 13:06:25,20260820,2,4,1-5-6,1.08,526.9,571.05,5.691,100.0,settled,1-2-4,0,0,0.0
2026-08-21 13:06:25,20260820,2,4,1-6-3,0.32,1552.0,503.47,4.966,100.0,settled,1-2-4,0,0,0.0
2026-08-21 13:06:25,20260820,2,4,1-6-4,0.29,1109.0,320.83,3.216,100.0,settled,1-2-4,0,0,0.0
2026-08-21 13:06:25,20260820,2,4,1-6-5,0.4,1301.0,516.76,5.204,100.0,settled,1-2-4,0,0,0.0
2026-08-21 13:06:25,20260820,2,5,1-3-2,4.2,38.9,163.29,1.634,100.0,settled,1-2-4,0,0,0.0
2026-08-21 13:06:25,20260820,2,5,1-3-5,4.46,63.9,284.96,2.85,100.0,settled,1-2-4,0,0,0.0
2026-08-21 13:06:25,20260820,2,5,1-3-6,1.65,119.1,196.05,1.965,100.0,settled,1-2-4,0,0,0.0
2026-08-21 13:06:25,20260820,2,5,1-5-2,2.23,67.0,149.12,1.494,100.0,settled,1-2-4,0,0,0.0
2026-08-21 13:06:25,20260820,2,5,1-5-3,3.81,106.4,405.19,4.054,100.0,settled,1-2-4,0,0,0.0
2026-08-21 13:06:25,20260820,2,5,1-5-6,1.58,156.2,246.16,2.468,100.0,settled,1-2-4,0,0,0.0
2026-08-21 13:06:25,20260820,2,5,1-6-3,1.07,231.5,246.89,2.477,100.0,settled,1-2-4,0,0,0.0
2026-08-21 13:06:25,20260820,2,5,1-6-5,1.13,230.8,260.11,2.608,100.0,settled,1-2-4,0,0,0.0
2026-08-21 13:06:25,20260820,2,6,1-2-6,1.9,91.4,173.81,1.737,100.0,settled,1-2-3,0,0,0.0
2026-08-21 13:06:25,20260820,2,6,1-3-6,2.08,149.4,310.56,3.108,100.0,settled,1-2-3,0,0,0.0
2026-08-21 13:06:25,20260820,2,6,1-4-3,1.52,166.0,251.69,2.523,100.0,settled,1-2-3,0,0,0.0
2026-08-21 13:06:25,20260820,2,6,1-4-6,0.67,511.5,345.16,3.427,100.0,settled,1-2-3,0,0,0.0
2026-08-21 13:06:25,20260820,2,6,1-6-2,0.89,388.1,344.24,3.454,100.0,settled,1-2-3,0,0,0.0
2026-08-21 13:06:25,20260820,2,6,1-6-3,1.05,571.5,598.87,6.001,100.0,settled,1-2-3,0,0,0.0
2026-08-21 13:06:25,20260820,2,6,1-6-4,0.42,900.8,374.91,3.783,100.0,settled,1-2-3,0,0,0.0
2026-08-21 13:06:25,20260820,2,6,1-6-5,0.48,711.3,337.94,3.414,100.0,settled,1-2-3,0,0,0.0
2026-08-21 13:06:25,20260820,2,7,1-2-6,11.48,34.3,393.65,3.938,100.0,settled,1-2-3,0,0,0.0
2026-08-21 13:06:25,20260820,2,7,1-3-6,3.18,86.5,274.78,2.751,100.0,settled,1-2-3,0,0,0.0
2026-08-21 13:06:25,20260820,2,7,1-4-6,1.48,85.3,125.89,1.262,100.0,settled,1-2-3,0,0,0.0
2026-08-21 13:06:25,20260820,2,7,1-6-2,4.38,139.3,609.94,6.101,100.0,settled,1-2-3,0,0,0.0
2026-08-21 13:06:25,20260820,2,7,1-6-3,1.79,318.4,570.6,5.699,100.0,settled,1-2-3,0,0,0.0
2026-08-21 13:06:25,20260820,2,7,1-6-4,0.85,265.7,226.75,2.258,100.0,settled,1-2-3,0,0,0.0
2026-08-21 13:06:25,20260820,2,8,1-6-2,0.87,119.0,103.39,1.035,100.0,settled,1-3-6,0,0,0.0
2026-08-21 13:06:25,20260820,2,9,1-3-4,1.49,67.4,100.4,1.004,100.0,settled,2-1-5,0,0,0.0
2026-08-21 13:06:25,20260820,2,9,1-4-3,1.89,65.8,124.06,1.244,100.0,settled,2-1-5,0,0,0.0
2026-08-21 13:06:25,20260820,2,10,1-2-3,3.54,36.2,128.21,1.281,100.0,settled,6-5-1,0,0,0.0
2026-08-21 13:06:25,20260820,2,10,1-2-4,3.61,42.6,153.71,1.538,100.0,settled,6-5-1,0,0,0.0
2026-08-21 13:06:25,20260820,2,10,1-2-6,4.65,37.2,172.9,1.73,100.0,settled,6-5-1,0,0,0.0
2026-08-21 13:06:25,20260820,2,10,1-3-2,3.7,31.9,118.07,1.18,100.0,settled,6-5-1,0,0,0.0
2026-08-21 13:06:25,20260820,2,10,1-4-2,3.7,51.5,190.61,1.906,100.0,settled,6-5-1,0,0,0.0
2026-08-21 13:06:25,20260820,2,10,1-4-6,5.0,23.3,116.6,1.165,100.0,settled,6-5-1,0,0,0.0
2026-08-21 13:06:25,20260820,2,10,1-6-2,2.23,61.1,136.14,1.363,100.0,settled,6-5-1,0,0,0.0
2026-08-21 13:06:25,20260820,2,10,1-6-4,2.6,49.9,129.6,1.297,100.0,settled,6-5-1,0,0,0.0
2026-08-21 13:06:25,20260820,2,11,1-3-2,9.99,20.1,200.87,2.008,100.0,settled,4-2-1,0,0,0.0
2026-08-21 13:06:25,20260820,2,11,1-3-4,6.87,46.0,316.16,3.16,100.0,settled,4-2-1,0,0,0.0
2026-08-21 13:06:25,20260820,2,11,1-3-5,4.05,31.3,126.77,1.268,100.0,settled,4-2-1,0,0,0.0
2026-08-21 13:06:25,20260820,2,11,1-4-2,3.36,40.5,136.14,1.361,100.0,settled,4-2-1,0,0,0.0
2026-08-21 13:06:25,20260820,2,11,1-4-3,4.14,80.4,332.82,3.329,100.0,settled,4-2-1,0,0,0.0
2026-08-21 13:06:25,20260820,2,11,1-4-5,2.16,71.8,154.76,1.551,100.0,settled,4-2-1,0,0,0.0
2026-08-21 13:06:25,20260820,2,12,1-2-5,3.0,38.9,116.7,1.167,100.0,settled,1-5-4,0,0,0.0
2026-08-21 13:06:25,20260820,2,12,1-2-6,2.25,71.8,161.5,1.615,100.0,settled,1-5-4,0,0,0.0
2026-08-21 13:06:25,20260820,2,12,1-6-2,0.71,147.3,104.21,1.046,100.0,settled,1-5-4,0,0,0.0
2026-08-21 13:06:25,20260820,4,1,1-2-6,3.14,74.6,233.92,2.342,100.0,settled,1-4-5,0,0,0.0
2026-08-21 13:06:25,20260820,4,1,1-6-2,3.12,87.3,272.8,2.724,100.0,settled,1-4-5,0,0,0.0
2026-08-21 13:06:25,20260820,4,1,1-6-3,2.44,48.1,117.54,1.174,100.0,settled,1-4-5,0,0,0.0
2026-08-21 13:06:25,20260820,4,2,1-2-6,12.6,26.0,327.55,3.276,100.0,settled,2-1-5,0,0,0.0
2026-08-21 13:06:25,20260820,4,2,1-6-2,7.35,45.4,333.89,3.337,100.0,settled,2-1-5,0,0,0.0
2026-08-21 13:06:25,20260820,4,2,1-6-3,5.67,47.4,268.88,2.688,100.0,settled,2-1-5,0,0,0.0
2026-08-21 13:06:25,20260820,4,2,1-6-5,2.88,41.2,118.84,1.187,100.0,settled,2-1-5,0,0,0.0
2026-08-21 13:06:25,20260820,4,3,1-3-5,0.92,118.1,108.14,1.087,100.0,settled,1-3-6,0,0,0.0
2026-08-21 13:06:25,20260820,4,3,1-5-2,2.57,70.3,180.85,1.807,100.0,settled,1-3-6,0,0,0.0
2026-08-21 13:06:25,20260820,4,3,1-5-3,1.47,203.9,299.14,2.997,100.0,settled,1-3-6,0,0,0.0
2026-08-21 13:06:25,20260820,4,3,1-5-4,0.92,118.1,108.58,1.087,100.0,settled,1-3-6,0,0,0.0
2026-08-21 13:06:25,20260820,4,4,1-3-2,3.27,69.7,227.7,2.279,100.0,settled,2-6-1,0,0,0.0
2026-08-21 13:06:25,20260820,4,4,1-3-5,0.46,368.7,169.68,1.696,100.0,settled,2-6-1,0,0,0.0
2026-08-21 13:06:25,20260820,4,4,1-3-6,3.01,40.6,122.15,1.222,100.0,settled,2-6-1,0,0,0.0
2026-08-21 13:06:25,20260820,4,4,1-5-2,0.24,800.4,194.66,1.921,100.0,settled,2-6-1,0,0,0.0
2026-08-21 13:06:25,20260820,4,4,1-5-3,0.25,957.2,241.41,2.393,100.0,settled,2-6-1,0,0,0.0
2026-08-21 13:06:25,20260820,4,4,1-5-6,0.43,500.0,216.85,2.15,100.0,settled,2-6-1,0,0,0.0
2026-08-21 13:06:25,20260820,4,4,1-6-5,1.04,173.4,179.49,1.803,100.0,settled,2-6-1,0,0,0.0
2026-08-21 13:06:25,20260820,4,5,1-4-5,1.22,150.3,183.67,1.834,100.0,settled,4-1-6,0,0,0.0
2026-08-21 13:06:25,20260820,4,5,1-5-4,0.34,378.3,127.71,1.286,100.0,settled,4-1-6,0,0,0.0
2026-08-21 13:06:25,20260820,4,6,1-2-3,3.56,59.5,211.8,2.118,100.0,settled,3-5-2,0,0,0.0
2026-08-21 13:06:25,20260820,4,6,1-2-5,5.57,59.3,330.32,3.303,100.0,settled,3-5-2,0,0,0.0
2026-08-21 13:06:25,20260820,4,6,1-2-6,0.77,198.9,152.44,1.532,100.0,settled,3-5-2,0,0,0.0
2026-08-21 13:06:25,20260820,4,6,1-3-2,2.5,49.6,123.78,1.24,100.0,settled,3-5-2,0,0,0.0
2026-08-21 13:06:25,20260820,4,6,1-5-2,5.11,50.7,259.27,2.591,100.0,settled,3-5-2,0,0,0.0
2026-08-21 13:06:25,20260820,4,6,1-5-3,6.58,22.2,146.02,1.461,100.0,settled,3-5-2,0,0,0.0
2026-08-21 13:06:25,20260820,4,6,1-5-6,1.62,72.6,117.29,1.176,100.0,settled,3-5-2,0,0,0.0
2026-08-21 13:06:25,20260820,4,6,1-6-5,0.66,190.9,126.72,1.26,100.0,settled,3-5-2,0,0,0.0
2026-08-21 13:06:25,20260820,4,8,1-4-3,3.94,26.0,102.45,1.024,100.0,settled,4-1-5,0,0,0.0
2026-08-21 13:06:25,20260820,4,8,1-5-4,6.45,22.4,144.53,1.445,100.0,settled,4-1-5,0,0,0.0
2026-08-21 13:06:25,20260820,4,9,1-2-5,2.1,73.9,155.43,1.552,100.0,settled,1-3-2,0,0,0.0
2026-08-21 13:06:25,20260820,4,9,1-3-5,6.45,33.8,217.92,2.18,100.0,settled,1-3-2,0,0,0.0
2026-08-21 13:06:25,20260820,4,9,1-4-5,1.06,152.7,162.43,1.619,100.0,settled,1-3-2,0,0,0.0
2026-08-21 13:06:25,20260820,4,9,1-5-2,1.22,217.3,266.13,2.651,100.0,settled,1-3-2,0,0,0.0
2026-08-21 13:06:25,20260820,4,9,1-5-3,2.68,156.3,418.85,4.189,100.0,settled,1-3-2,0,0,0.0
2026-08-21 13:06:25,20260820,4,9,1-5-4,0.7,314.5,219.24,2.201,100.0,settled,1-3-2,0,0,0.0
2026-08-21 13:06:25,20260820,4,9,1-5-6,0.42,263.4,110.71,1.106,100.0,settled,1-3-2,0,0,0.0
2026-08-21 13:06:25,20260820,4,10,1-4-5,1.3,96.4,125.05,1.253,100.0,settled,3-2-5,0,0,0.0
2026-08-21 13:06:25,20260820,4,10,1-4-6,3.43,55.4,189.87,1.9,100.0,settled,3-2-5,0,0,0.0
2026-08-21 13:06:25,20260820,4,10,1-5-4,0.78,130.4,101.52,1.017,100.0,settled,3-2-5,0,0,0.0
2026-08-21 13:06:25,20260820,4,10,1-6-4,2.43,80.1,194.6,1.946,100.0,settled,3-2-5,0,0,0.0
2026-08-21 13:06:25,20260820,4,10,1-6-5,1.46,71.1,103.56,1.038,100.0,settled,3-2-5,0,0,0.0
2026-08-21 13:06:25,20260820,4,11,1-5-6,1.67,74.6,124.93,1.246,100.0,settled,1-2-3,0,0,0.0
2026-08-21 13:06:25,20260820,4,11,1-6-5,1.35,114.4,154.17,1.544,100.0,settled,1-2-3,0,0,0.0
2026-08-21 13:06:25,20260820,4,12,1-5-2,5.8,29.5,171.07,1.711,100.0,settled,1-2-5,0,0,0.0
2026-08-21 13:06:25,20260820,4,12,1-5-3,3.84,43.7,167.77,1.678,100.0,settled,1-2-5,0,0,0.0
2026-08-21 13:06:25,20260820,4,12,1-5-4,2.27,65.2,148.09,1.48,100.0,settled,1-2-5,0,0,0.0
2026-08-21 13:06:25,20260820,4,12,1-5-6,2.02,58.3,117.82,1.178,100.0,settled,1-2-5,0,0,0.0
2026-08-21 13:06:25,20260820,5,1,1-3-2,4.7,37.7,177.07,1.772,100.0,settled,2-3-6,0,0,0.0
2026-08-21 13:06:25,20260820,5,1,1-3-5,2.74,84.8,232.0,2.324,100.0,settled,2-3-6,0,0,0.0
2026-08-21 13:06:25,20260820,5,1,1-3-6,2.43,160.7,390.08,3.905,100.0,settled,2-3-6,0,0,0.0
2026-08-21 13:06:25,20260820,5,1,1-5-3,2.26,144.7,327.15,3.27,100.0,settled,2-3-6,0,0,0.0
2026-08-21 13:06:25,20260820,5,1,1-5-6,1.92,119.4,228.97,2.292,100.0,settled,2-3-6,0,0,0.0
2026-08-21 13:06:25,20260820,5,1,1-6-3,0.91,355.2,321.7,3.232,100.0,settled,2-3-6,0,0,0.0
2026-08-21 13:06:25,20260820,5,1,1-6-4,0.53,310.5,163.73,1.646,100.0,settled,2-3-6,0,0,0.0
2026-08-21 13:06:25,20260820,5,1,1-6-5,0.98,194.9,191.22,1.91,100.0,settled,2-3-6,0,0,0.0
2026-08-21 13:06:25,20260820,5,2,1-2-5,1.74,63.7,111.05,1.108,100.0,settled,6-1-4,0,0,0.0
2026-08-21 13:06:25,20260820,5,3,1-5-3,1.43,116.9,167.68,1.672,100.0,settled,1-4-2,0,0,0.0
2026-08-21 13:06:25,20260820,5,3,1-5-4,2.77,80.0,221.87,2.216,100.0,settled,1-4-2,0,0,0.0
2026-08-21 13:06:25,20260820,5,4,1-2-5,4.99,30.8,153.58,1.537,100.0,settled,1-2-3,0,0,0.0
2026-08-21 13:06:25,20260820,5,4,1-5-2,1.56,111.0,173.07,1.732,100.0,settled,1-2-3,0,0,0.0
2026-08-21 13:06:25,20260820,5,4,1-5-3,0.93,157.2,146.93,1.462,100.0,settled,1-2-3,0,0,0.0
2026-08-21 13:06:25,20260820,5,4,1-5-6,3.45,89.1,307.7,3.074,100.0,settled,1-2-3,0,0,0.0
2026-08-21 13:06:25,20260820,5,4,1-6-3,4.93,21.4,105.4,1.055,100.0,settled,1-2-3,0,0,0.0
2026-08-21 13:06:25,20260820,5,4,1-6-5,4.66,64.3,299.37,2.996,100.0,settled,1-2-3,0,0,0.0
2026-08-21 13:06:25,20260820,5,5,1-2-3,8.03,47.6,382.43,3.822,100.0,settled,1-5-6,0,0,0.0
2026-08-21 13:06:25,20260820,5,5,1-2-4,3.6,44.2,159.11,1.591,100.0,settled,1-5-6,0,0,0.0
2026-08-21 13:06:25,20260820,5,5,1-2-5,9.57,27.9,267.0,2.67,100.0,settled,1-5-6,0,0,0.0
2026-08-21 13:06:25,20260820,5,5,1-3-2,14.3,51.6,737.84,7.379,100.0,settled,1-5-6,0,0,0.0
2026-08-21 13:06:25,20260820,5,5,1-3-4,5.27,26.5,139.52,1.397,100.0,settled,1-5-6,0,0,0.0
2026-08-21 13:06:25,20260820,5,5,1-3-5,12.74,20.5,261.18,2.612,100.0,settled,1-5-6,0,0,0.0
2026-08-21 13:06:25,20260820,5,6,1-2-3,2.83,73.0,206.83,2.066,100.0,settled,1-5-6,0,0,0.0
2026-08-21 13:06:25,20260820,5,6,1-2-5,2.85,77.6,220.87,2.212,100.0,settled,1-5-6,0,0,0.0
2026-08-21 13:06:25,20260820,5,6,1-2-6,1.77,146.7,260.01,2.597,100.0,settled,1-5-6,0,0,0.0
2026-08-21 13:06:25,20260820,5,6,1-3-2,3.78,69.3,262.03,2.62,100.0,settled,1-5-6,0,0,0.0
2026-08-21 13:06:25,20260820,5,6,1-3-4,1.07,189.2,202.78,2.024,100.0,settled,1-5-6,0,0,0.0
2026-08-21 13:06:25,20260820,5,6,1-4-3,0.47,393.6,186.65,1.85,100.0,settled,1-5-6,0,0,0.0
2026-08-21 13:06:25,20260820,5,6,1-5-2,3.24,79.2,256.84,2.566,100.0,settled,1-5-6,0,0,0.0
2026-08-21 13:06:25,20260820,5,6,1-6-2,0.92,232.5,213.25,2.139,100.0,settled,1-5-6,0,0,0.0
2026-08-21 13:06:25,20260820,5,7,1-3-2,6.05,20.2,122.13,1.222,100.0,settled,3-1-5,0,0,0.0
2026-08-21 13:06:25,20260820,5,8,1-2-3,6.0,21.0,125.99,1.26,100.0,settled,1-5-6,0,0,0.0
2026-08-21 13:06:25,20260820,5,8,1-2-5,5.17,21.6,111.73,1.117,100.0,settled,1-5-6,0,0,0.0
2026-08-21 13:06:25,20260820,5,8,1-3-2,11.44,30.9,353.56,3.535,100.0,settled,1-5-6,0,0,0.0
2026-08-21 13:06:25,20260820,5,9,1-3-4,4.64,23.6,109.5,1.095,100.0,settled,3-4-5,0,0,0.0
2026-08-21 13:06:25,20260820,5,9,1-4-3,1.95,66.7,130.34,1.301,100.0,settled,3-4-5,0,0,0.0
2026-08-21 13:06:25,20260820,5,10,1-2-6,4.37,36.9,161.16,1.613,100.0,settled,1-3-4,0,0,0.0
2026-08-21 13:06:25,20260820,5,10,1-4-2,3.72,31.6,117.7,1.176,100.0,settled,1-3-4,0,0,0.0
2026-08-21 13:06:25,20260820,5,10,1-4-6,2.14,54.9,117.74,1.175,100.0,settled,1-3-4,0,0,0.0
2026-08-21 13:06:25,20260820,5,10,1-6-2,1.05,129.4,135.88,1.359,100.0,settled,1-3-4,0,0,0.0
2026-08-21 13:06:25,20260820,5,10,1-6-4,0.66,176.5,116.01,1.165,100.0,settled,1-3-4,0,0,0.0
2026-08-21 13:06:25,20260820,5,11,1-2-6,5.95,23.7,141.02,1.41,100.0,settled,1-2-3,0,0,0.0
2026-08-21 13:06:25,20260820,5,11,1-4-5,4.04,40.0,161.56,1.616,100.0,settled,1-2-3,0,0,0.0
2026-08-21 13:06:25,20260820,5,11,1-4-6,2.54,53.0,134.66,1.346,100.0,settled,1-2-3,0,0,0.0
2026-08-21 13:06:25,20260820,5,11,1-5-2,4.05,51.4,207.92,2.082,100.0,settled,1-2-3,0,0,0.0
2026-08-21 13:06:25,20260820,5,11,1-5-3,1.53,87.5,134.22,1.339,100.0,settled,1-2-3,0,0,0.0
2026-08-21 13:06:25,20260820,5,11,1-5-4,2.4,75.7,181.61,1.817,100.0,settled,1-2-3,0,0,0.0
2026-08-21 13:06:25,20260820,5,11,1-5-6,1.67,113.7,189.91,1.899,100.0,settled,1-2-3,0,0,0.0
2026-08-21 13:06:25,20260820,5,11,1-6-5,0.71,253.5,179.81,1.8,100.0,settled,1-2-3,0,0,0.0
2026-08-21 13:06:25,20260820,5,12,1-4-3,6.03,25.7,154.96,1.55,100.0,settled,1-6-2,0,0,0.0
2026-08-21 13:06:25,20260820,9,1,1-2-4,3.39,33.6,113.9,1.139,100.0,settled,1-5-3,0,0,0.0
2026-08-21 13:06:25,20260820,9,1,1-2-6,2.74,226.4,620.22,6.203,100.0,settled,1-5-3,0,0,0.0
2026-08-21 13:06:25,20260820,9,1,1-3-4,6.45,20.3,130.87,1.309,100.0,settled,1-5-3,0,0,0.0
2026-08-21 13:06:25,20260820,9,1,1-3-6,4.18,196.4,820.46,8.21,100.0,settled,1-5-3,0,0,0.0
2026-08-21 13:06:25,20260820,9,1,1-4-6,0.63,266.3,167.24,1.678,100.0,settled,1-5-3,0,0,0.0
2026-08-21 13:06:25,20260820,9,1,1-6-2,0.77,509.7,389.97,3.925,100.0,settled,1-5-3,0,0,0.0
2026-08-21 13:06:25,20260820,9,1,1-6-3,0.93,516.9,483.04,4.807,100.0,settled,1-5-3,0,0,0.0
2026-08-21 13:06:25,20260820,9,1,1-6-4,0.22,511.5,111.61,1.125,100.0,settled,1-5-3,0,0,0.0
2026-08-21 13:06:25,20260820,9,2,1-2-3,14.1,23.7,334.29,3.342,100.0,settled,6-3-1,0,0,0.0
2026-08-21 13:06:25,20260820,9,2,1-2-5,1.58,82.0,129.63,1.296,100.0,settled,6-3-1,0,0,0.0
2026-08-21 13:06:25,20260820,9,2,1-3-2,4.31,35.9,154.71,1.547,100.0,settled,6-3-1,0,0,0.0
2026-08-21 13:06:25,20260820,9,2,1-3-6,4.51,25.2,113.66,1.137,100.0,settled,6-3-1,0,0,0.0
2026-08-21 13:06:25,20260820,9,2,1-6-2,9.54,24.0,228.92,2.29,100.0,settled,6-3-1,0,0,0.0
2026-08-21 13:06:25,20260820,9,2,1-6-3,4.38,42.5,186.15,1.861,100.0,settled,6-3-1,0,0,0.0
2026-08-21 13:06:25,20260820,9,3,1-4-6,2.0,57.7,115.62,1.154,100.0,settled,1-2-3,0,0,0.0
2026-08-21 13:06:25,20260820,9,3,1-6-4,0.53,192.9,102.16,1.022,100.0,settled,1-2-3,0,0,0.0
2026-08-21 13:06:25,20260820,9,4,1-2-6,0.46,232.0,107.76,1.067,100.0,settled,1-4-2,0,0,0.0
2026-08-21 13:06:25,20260820,9,4,1-4-6,0.36,349.8,127.19,1.259,100.0,settled,1-4-2,0,0,0.0
2026-08-21 13:06:25,20260820,9,5,1-4-3,6.99,21.4,149.52,1.496,100.0,settled,1-2-3,0,0,0.0
2026-08-21 13:06:25,20260820,9,5,1-4-5,3.0,47.0,141.22,1.41,100.0,settled,1-2-3,0,0,0.0
2026-08-21 13:06:25,20260820,9,5,1-4-6,6.47,24.1,155.92,1.559,100.0,settled,1-2-3,0,0,0.0
2026-08-21 13:06:25,20260820,9,5,1-5-3,0.91,111.7,101.79,1.016,100.0,settled,1-2-3,0,0,0.0
2026-08-21 13:06:25,20260820,9,5,1-5-4,1.06,108.7,115.61,1.152,100.0,settled,1-2-3,0,0,0.0
2026-08-21 13:06:25,20260820,9,5,1-6-3,2.45,50.8,124.48,1.245,100.0,settled,1-2-3,0,0,0.0
2026-08-21 13:06:25,20260820,9,5,1-6-4,2.75,51.0,140.39,1.403,100.0,settled,1-2-3,0,0,0.0
2026-08-21 13:06:25,20260820,9,5,1-6-5,0.88,114.0,100.38,1.003,100.0,settled,1-2-3,0,0,0.0
2026-08-21 13:06:25,20260820,9,6,1-2-6,1.44,739.8,1068.42,10.653,100.0,settled,2-4-3,0,0,0.0
2026-08-21 13:06:25,20260820,9,6,1-3-6,1.88,278.6,524.05,5.238,100.0,settled,2-4-3,0,0,0.0
2026-08-21 13:06:25,20260820,9,6,1-4-6,0.64,1119.0,712.02,7.162,100.0,settled,2-4-3,0,0,0.0
2026-08-21 13:06:25,20260820,9,6,1-5-6,0.76,913.0,696.25,6.939,100.0,settled,2-4-3,0,0,0.0
2026-08-21 13:06:25,20260820,9,6,1-6-2,0.38,1629.0,620.32,6.19,100.0,settled,2-4-3,0,0,0.0
2026-08-21 13:06:25,20260820,9,6,1-6-3,0.5,875.7,439.25,4.379,100.0,settled,2-4-3,0,0,0.0
2026-08-21 13:06:25,20260820,9,6,1-6-4,0.24,2798.0,660.05,6.715,100.0,settled,2-4-3,0,0,0.0
2026-08-21 13:06:25,20260820,9,6,1-6-5,0.36,1716.0,622.56,6.178,100.0,settled,2-4-3,0,0,0.0
2026-08-21 13:06:25,20260820,9,7,1-2-3,9.65,20.1,193.91,1.94,100.0,settled,1-3-4,0,0,0.0
2026-08-21 13:06:25,20260820,9,7,1-2-5,8.75,34.0,297.48,2.975,100.0,settled,1-3-4,0,0,0.0
2026-08-21 13:06:25,20260820,9,7,1-3-2,4.68,40.2,188.28,1.881,100.0,settled,1-3-4,0,0,0.0
2026-08-21 13:06:25,20260820,9,7,1-3-6,2.3,75.9,174.57,1.746,100.0,settled,1-3-4,0,0,0.0
2026-08-21 13:06:25,20260820,9,7,1-5-2,2.11,118.1,248.99,2.492,100.0,settled,1-3-4,0,0,0.0
2026-08-21 13:06:25,20260820,9,7,1-5-3,0.93,178.0,165.95,1.655,100.0,settled,1-3-4,0,0,0.0
2026-08-21 13:06:25,20260820,9,7,1-5-4,1.29,91.7,118.32,1.183,100.0,settled,1-3-4,0,0,0.0
2026-08-21 13:06:25,20260820,9,7,1-5-6,1.47,158.6,233.79,2.331,100.0,settled,1-3-4,0,0,0.0
2026-08-21 13:06:25,20260820,9,8,1-2-4,12.16,20.9,254.07,2.541,100.0,settled,2-1-5,0,0,0.0
2026-08-21 13:06:25,20260820,9,8,1-2-6,2.78,120.3,334.75,3.344,100.0,settled,2-1-5,0,0,0.0
2026-08-21 13:06:25,20260820,9,8,1-4-2,8.53,33.4,284.96,2.849,100.0,settled,2-1-5,0,0,0.0
2026-08-21 13:06:25,20260820,9,8,1-4-6,2.66,118.6,315.32,3.155,100.0,settled,2-1-5,0,0,0.0
2026-08-21 13:06:25,20260820,9,8,1-5-6,2.79,38.8,108.37,1.083,100.0,settled,2-1-5,0,0,0.0
2026-08-21 13:06:25,20260820,9,8,1-6-2,0.69,196.8,136.28,1.358,100.0,settled,2-1-5,0,0,0.0
2026-08-21 13:06:25,20260820,9,8,1-6-4,0.74,196.8,146.6,1.456,100.0,settled,2-1-5,0,0,0.0
2026-08-21 13:06:25,20260820,9,10,1-3-5,3.72,29.0,107.91,1.079,100.0,settled,4-1-6,0,0,0.0
2026-08-21 13:06:25,20260820,9,10,1-4-5,4.08,44.2,180.52,1.803,100.0,settled,4-1-6,0,0,0.0
2026-08-21 13:06:25,20260820,9,10,1-5-3,1.29,131.7,170.05,1.699,100.0,settled,4-1-6,0,0,0.0
2026-08-21 13:06:25,20260820,9,10,1-5-4,1.27,147.1,186.35,1.868,100.0,settled,4-1-6,0,0,0.0
2026-08-21 13:06:25,20260820,9,11,1-3-4,8.9,20.5,182.5,1.825,100.0,settled,1-3-2,0,0,0.0
2026-08-21 13:06:25,20260820,9,11,1-3-6,1.43,96.3,137.79,1.377,100.0,settled,1-3-2,0,0,0.0
2026-08-21 13:06:25,20260820,9,11,1-4-3,7.61,25.9,197.18,1.971,100.0,settled,1-3-2,0,0,0.0
2026-08-21 13:06:25,20260820,9,11,1-4-6,2.43,97.6,237.6,2.372,100.0,settled,1-3-2,0,0,0.0
2026-08-21 13:06:25,20260820,9,11,1-6-3,0.28,372.1,104.11,1.042,100.0,settled,1-3-2,0,0,0.0
2026-08-21 13:06:25,20260820,9,11,1-6-4,0.42,323.8,134.47,1.36,100.0,settled,1-3-2,0,0,0.0
2026-08-21 13:06:25,20260820,9,12,1-2-6,3.36,41.3,138.71,1.388,100.0,settled,2-1-3,0,0,0.0
2026-08-21 13:06:25,20260820,9,12,1-5-6,2.49,54.7,136.4,1.362,100.0,settled,2-1-3,0,0,0.0
2026-08-21 13:06:25,20260820,9,12,1-6-2,1.02,203.3,207.43,2.074,100.0,settled,2-1-3,0,0,0.0
2026-08-21 13:06:25,20260820,9,12,1-6-3,0.4,257.7,103.11,1.031,100.0,settled,2-1-3,0,0,0.0
2026-08-21 13:06:25,20260820,9,12,1-6-4,0.64,244.6,157.42,1.565,100.0,settled,2-1-3,0,0,0.0
2026-08-21 13:06:25,20260820,9,12,1-6-5,1.16,211.5,244.58,2.453,100.0,settled,2-1-3,0,0,0.0
2026-08-21 13:06:25,20260820,11,1,1-3-2,7.08,21.7,153.56,1.536,100.0,settled,1-3-4,0,0,0.0
2026-08-21 13:06:25,20260820,11,1,1-3-4,6.06,21.8,132.17,1.321,100.0,settled,1-3-4,1,2180.0,2180.0
2026-08-21 13:06:25,20260820,11,1,1-4-3,5.54,28.3,156.88,1.568,100.0,settled,1-3-4,0,0,0.0
2026-08-21 13:06:25,20260820,11,1,1-4-5,5.25,21.3,111.78,1.118,100.0,settled,1-3-4,0,0,0.0
2026-08-21 13:06:25,20260820,11,2,1-2-5,4.25,81.6,346.73,3.468,100.0,settled,1-2-5,1,7070.0,7070.0
2026-08-21 13:06:25,20260820,11,2,1-2-6,2.28,243.7,555.15,5.556,100.0,settled,1-2-5,0,0,0.0
2026-08-21 13:06:25,20260820,11,2,1-4-6,2.89,175.2,506.68,5.063,100.0,settled,1-2-5,0,0,0.0
2026-08-21 13:06:25,20260820,11,2,1-5-2,1.61,157.5,252.87,2.536,100.0,settled,1-2-5,0,0,0.0
2026-08-21 13:06:25,20260820,11,2,1-5-6,0.48,779.8,374.15,3.743,100.0,settled,1-2-5,0,0,0.0
2026-08-21 13:06:25,20260820,11,2,1-6-2,0.62,693.2,432.9,4.298,100.0,settled,1-2-5,0,0,0.0
2026-08-21 13:06:25,20260820,11,2,1-6-4,0.83,636.6,527.17,5.284,100.0,settled,1-2-5,0,0,0.0
2026-08-21 13:06:25,20260820,11,2,1-6-5,0.33,1199.0,394.47,3.957,100.0,settled,1-2-5,0,0,0.0
2026-08-21 13:06:25,20260820,11,3,1-4-5,0.88,145.4,127.68,1.28,100.0,settled,1-3-2,0,0,0.0
2026-08-21 13:06:25,20260820,11,3,1-5-4,0.74,160.4,118.6,1.187,100.0,settled,1-3-2,0,0,0.0
2026-08-21 13:06:25,20260820,11,4,1-2-6,0.74,354.0,260.51,2.62,100.0,settled,1-5-2,0,0,0.0
2026-08-21 13:06:25,20260820,11,4,1-3-2,5.84,72.5,423.13,4.234,100.0,settled,1-5-2,0,0,0.0
2026-08-21 13:06:25,20260820,11,4,1-3-6,0.37,399.0,148.95,1.476,100.0,settled,1-5-2,0,0,0.0
2026-08-21 13:06:25,20260820,11,4,1-4-3,5.69,31.5,179.1,1.792,100.0,settled,1-5-2,0,0,0.0
2026-08-21 13:06:25,20260820,11,4,1-4-6,1.67,183.1,306.4,3.058,100.0,settled,1-5-2,0,0,0.0
2026-08-21 13:06:25,20260820,11,4,1-6-2,0.19,1046.0,195.18,1.987,100.0,settled,1-5-2,0,0,0.0
2026-08-21 13:06:25,20260820,11,4,1-6-4,0.29,1023.0,296.87,2.967,100.0,settled,1-5-2,0,0,0.0
2026-08-21 13:06:25,20260820,11,4,1-6-5,0.16,1307.0,202.85,2.091,100.0,settled,1-5-2,0,0,0.0
2026-08-21 13:06:25,20260820,11,5,1-2-5,1.94,52.1,101.2,1.011,100.0,settled,1-3-5,0,0,0.0
2026-08-21 13:06:25,20260820,11,5,1-2-6,2.38,78.7,187.42,1.873,100.0,settled,1-3-5,0,0,0.0
2026-08-21 13:06:25,20260820,11,5,1-5-3,5.07,26.1,132.4,1.323,100.0,settled,1-3-5,0,0,0.0
2026-08-21 13:06:25,20260820,11,5,1-5-6,3.8,93.6,356.05,3.557,100.0,settled,1-3-5,0,0,0.0
2026-08-21 13:06:25,20260820,11,5,1-6-2,1.74,182.9,318.04,3.182,100.0,settled,1-3-5,0,0,0.0
2026-08-21 13:06:25,20260820,11,5,1-6-3,7.0,47.1,329.7,3.297,100.0,settled,1-3-5,0,0,0.0
2026-08-21 13:06:25,20260820,11,5,1-6-5,2.54,185.1,469.3,4.702,100.0,settled,1-3-5,0,0,0.0
2026-08-21 13:06:25,20260820,11,6,1-2-6,0.98,281.1,275.06,2.755,100.0,settled,1-3-4,0,0,0.0
2026-08-21 13:06:25,20260820,11,6,1-4-6,3.73,119.0,443.47,4.439,100.0,settled,1-3-4,0,0,0.0
2026-08-21 13:06:25,20260820,11,6,1-5-6,0.6,294.0,175.84,1.764,100.0,settled,1-3-4,0,0,0.0
2026-08-21 13:06:25,20260820,11,6,1-6-2,0.32,771.6,244.06,2.469,100.0,settled,1-3-4,0,0,0.0
2026-08-21 13:06:25,20260820,11,6,1-6-4,0.8,586.4,468.36,4.691,100.0,settled,1-3-4,0,0,0.0
2026-08-21 13:06:25,20260820,11,6,1-6-5,0.32,827.6,265.99,2.648,100.0,settled,1-3-4,0,0,0.0
2026-08-21 13:06:25,20260820,11,8,1-2-5,1.45,111.1,161.27,1.611,100.0,settled,2-1-6,0,0,0.0
2026-08-21 13:06:25,20260820,11,8,1-5-2,0.44,308.2,136.9,1.356,100.0,settled,2-1-6,0,0,0.0
2026-08-21 13:06:25,20260820,11,9,1-5-2,3.3,34.9,115.06,1.152,100.0,settled,1-2-3,0,0,0.0
2026-08-21 13:06:25,20260820,11,9,1-5-3,1.85,63.1,116.89,1.167,100.0,settled,1-2-3,0,0,0.0
2026-08-21 13:06:25,20260820,11,10,1-2-6,3.84,26.4,101.28,1.014,100.0,settled,3-5-1,0,0,0.0
2026-08-21 13:06:25,20260820,11,10,1-3-2,3.38,40.5,136.75,1.369,100.0,settled,3-5-1,0,0,0.0
2026-08-21 13:06:25,20260820,11,10,1-3-4,4.42,45.8,202.5,2.024,100.0,settled,3-5-1,0,0,0.0
2026-08-21 13:06:25,20260820,11,10,1-3-6,1.44,82.3,118.38,1.185,100.0,settled,3-5-1,0,0,0.0
2026-08-21 13:06:25,20260820,11,10,1-4-3,8.18,37.7,308.21,3.084,100.0,settled,3-5-1,0,0,0.0
2026-08-21 13:06:25,20260820,11,10,1-4-6,4.72,26.5,125.14,1.251,100.0,settled,3-5-1,0,0,0.0
2026-08-21 13:06:25,20260820,11,11,1-2-6,2.35,69.4,162.88,1.631,100.0,settled,3-1-2,0,0,0.0
2026-08-21 13:06:25,20260820,11,11,1-4-2,17.49,30.5,533.39,5.334,100.0,settled,3-1-2,0,0,0.0
2026-08-21 13:06:25,20260820,11,11,1-4-3,9.37,33.4,312.93,3.13,100.0,settled,3-1-2,0,0,0.0
2026-08-21 13:06:25,20260820,11,11,1-4-6,2.2,98.9,217.32,2.176,100.0,settled,3-1-2,0,0,0.0
2026-08-21 13:06:25,20260820,11,11,1-6-4,0.3,341.5,102.18,1.024,100.0,settled,3-1-2,0,0,0.0
2026-08-21 13:06:25,20260820,11,12,1-4-3,3.61,31.9,115.26,1.152,100.0,settled,5-4-2,0,0,0.0
2026-08-21 13:06:25,20260820,11,12,1-4-5,6.47,27.9,180.4,1.805,100.0,settled,5-4-2,0,0,0.0
2026-08-21 13:06:25,20260820,11,12,1-4-6,5.3,33.3,176.4,1.765,100.0,settled,5-4-2,0,0,0.0
2026-08-21 13:06:25,20260820,11,12,1-5-2,2.95,45.3,133.63,1.336,100.0,settled,5-4-2,0,0,0.0
2026-08-21 13:06:25,20260820,11,12,1-5-4,3.84,61.0,234.29,2.342,100.0,settled,5-4-2,0,0,0.0
2026-08-21 13:06:25,20260820,11,12,1-5-6,1.55,96.6,149.85,1.497,100.0,settled,5-4-2,0,0,0.0
2026-08-21 13:06:25,20260820,13,1,1-2-3,8.15,37.0,301.45,3.016,100.0,settled,3-5-2,0,0,0.0
2026-08-21 13:06:25,20260820,13,1,1-2-5,4.95,99.8,494.3,4.94,100.0,settled,3-5-2,0,0,0.0
2026-08-21 13:06:25,20260820,13,1,1-2-6,2.3,283.6,651.2,6.523,100.0,settled,3-5-2,0,0,0.0
2026-08-21 13:06:25,20260820,13,1,1-3-6,2.61,110.4,288.63,2.881,100.0,settled,3-5-2,0,0,0.0
2026-08-21 13:06:25,20260820,13,1,1-5-6,0.95,312.4,298.28,2.968,100.0,settled,3-5-2,0,0,0.0
2026-08-21 13:06:25,20260820,13,1,1-6-2,0.71,618.2,439.17,4.389,100.0,settled,3-5-2,0,0,0.0
2026-08-21 13:06:25,20260820,13,1,1-6-3,0.76,473.0,357.64,3.595,100.0,settled,3-5-2,0,0,0.0
2026-08-21 13:06:25,20260820,13,1,1-6-5,0.54,716.8,388.15,3.871,100.0,settled,3-5-2,0,0,0.0
2026-08-21 13:06:25,20260820,13,2,1-2-3,11.33,28.8,326.26,3.263,100.0,settled,2-3-5,0,0,0.0
2026-08-21 13:06:25,20260820,13,2,1-2-5,4.76,69.8,332.38,3.322,100.0,settled,2-3-5,0,0,0.0
2026-08-21 13:06:25,20260820,13,2,1-3-2,23.79,52.1,1239.41,12.395,100.0,settled,2-3-5,0,0,0.0
2026-08-21 13:06:25,20260820,13,2,1-3-4,3.05,97.4,297.47,2.971,100.0,settled,2-3-5,0,0,0.0
2026-08-21 13:06:25,20260820,13,2,1-3-5,2.25,149.5,336.61,3.364,100.0,settled,2-3-5,0,0,0.0
2026-08-21 13:06:25,20260820,13,2,1-4-5,1.09,247.6,270.82,2.699,100.0,settled,2-3-5,0,0,0.0
2026-08-21 13:06:25,20260820,13,2,1-5-2,1.6,195.1,311.24,3.122,100.0,settled,2-3-5,0,0,0.0
2026-08-21 13:06:25,20260820,13,2,1-5-3,1.08,307.9,332.1,3.325,100.0,settled,2-3-5,0,0,0.0
2026-08-21 13:06:25,20260820,13,3,1-2-5,7.21,44.8,322.87,3.23,100.0,settled,1-5-4,0,0,0.0
2026-08-21 13:06:25,20260820,13,3,1-2-6,1.6,476.5,762.92,7.624,100.0,settled,1-5-4,0,0,0.0
2026-08-21 13:06:25,20260820,13,3,1-5-2,7.77,51.2,397.75,3.978,100.0,settled,1-5-4,0,0,0.0
2026-08-21 13:06:25,20260820,13,3,1-5-6,4.88,285.4,1392.95,13.928,100.0,settled,1-5-4,0,0,0.0
2026-08-21 13:06:25,20260820,13,3,1-6-2,0.47,901.0,425.81,4.235,100.0,settled,1-5-4,0,0,0.0
2026-08-21 13:06:25,20260820,13,3,1-6-3,0.22,1138.0,245.35,2.504,100.0,settled,1-5-4,0,0,0.0
2026-08-21 13:06:25,20260820,13,3,1-6-4,0.25,945.3,234.62,2.363,100.0,settled,1-5-4,0,0,0.0
2026-08-21 13:06:25,20260820,13,3,1-6-5,1.26,1272.0,1604.5,16.027,100.0,settled,1-5-4,0,0,0.0
2026-08-21 13:06:25,20260820,13,4,1-2-4,4.02,34.4,138.18,1.383,100.0,settled,2-6-5,0,0,0.0
2026-08-21 13:06:25,20260820,13,4,1-2-5,3.56,34.2,121.86,1.218,100.0,settled,2-6-5,0,0,0.0
2026-08-21 13:06:25,20260820,13,4,1-2-6,0.72,156.7,112.06,1.128,100.0,settled,2-6-5,0,0,0.0
2026-08-21 13:06:25,20260820,13,4,1-3-2,2.25,84.7,190.59,1.906,100.0,settled,2-6-5,0,0,0.0
2026-08-21 13:06:25,20260820,13,4,1-4-2,4.13,43.5,179.82,1.797,100.0,settled,2-6-5,0,0,0.0
2026-08-21 13:06:25,20260820,13,4,1-4-3,1.33,78.3,104.01,1.041,100.0,settled,2-6-5,0,0,0.0
2026-08-21 13:06:25,20260820,13,4,1-4-5,3.47,33.0,114.51,1.145,100.0,settled,2-6-5,0,0,0.0
2026-08-21 13:06:25,20260820,13,4,1-5-2,2.42,42.9,103.77,1.038,100.0,settled,2-6-5,0,0,0.0
2026-08-21 13:06:25,20260820,13,5,1-2-3,4.86,80.5,391.28,3.912,100.0,settled,4-6-5,0,0,0.0
2026-08-21 13:06:25,20260820,13,5,1-2-4,9.34,27.0,252.31,2.522,100.0,settled,4-6-5,0,0,0.0
2026-08-21 13:06:25,20260820,13,5,1-2-6,6.7,35.5,237.71,2.379,100.0,settled,4-6-5,0,0,0.0
2026-08-21 13:06:25,20260820,13,5,1-3-2,1.34,239.7,320.05,3.212,100.0,settled,4-6-5,0,0,0.0
2026-08-21 13:06:25,20260820,13,5,1-3-4,0.66,383.3,251.83,2.53,100.0,settled,4-6-5,0,0,0.0
2026-08-21 13:06:25,20260820,13,5,1-4-2,7.41,31.4,232.73,2.327,100.0,settled,4-6-5,0,0,0.0
2026-08-21 13:06:25,20260820,13,5,1-4-3,1.64,318.4,523.04,5.222,100.0,settled,4-6-5,0,0,0.0
2026-08-21 13:06:25,20260820,13,5,1-4-6,2.76,96.5,265.95,2.663,100.0,settled,4-6-5,0,0,0.0
2026-08-21 13:06:25,20260820,13,6,1-2-3,7.17,21.9,156.97,1.57,100.0,settled,1-5-4,0,0,0.0
2026-08-21 13:06:25,20260820,13,6,1-2-4,6.18,25.0,154.5,1.545,100.0,settled,1-5-4,0,0,0.0
2026-08-21 13:06:25,20260820,13,6,1-2-6,3.52,159.3,560.86,5.607,100.0,settled,1-5-4,0,0,0.0
2026-08-21 13:06:25,20260820,13,6,1-3-6,5.01,77.2,386.75,3.868,100.0,settled,1-5-4,0,0,0.0
2026-08-21 13:06:25,20260820,13,6,1-4-6,4.31,69.0,297.4,2.974,100.0,settled,1-5-4,0,0,0.0
2026-08-21 13:06:25,20260820,13,6,1-6-2,1.35,383.6,518.4,5.179,100.0,settled,1-5-4,0,0,0.0
2026-08-21 13:06:25,20260820,13,6,1-6-3,1.32,375.0,495.41,4.95,100.0,settled,1-5-4,0,0,0.0
2026-08-21 13:06:25,20260820,13,6,1-6-4,1.41,335.4,472.98,4.729,100.0,settled,1-5-4,0,0,0.0
2026-08-21 13:06:25,20260820,13,7,1-2-3,7.23,21.3,153.96,1.54,100.0,settled,1-4-2,0,0,0.0
2026-08-21 13:06:25,20260820,13,7,1-2-5,4.98,24.2,120.43,1.205,100.0,settled,1-4-2,0,0,0.0
2026-08-21 13:06:25,20260820,13,7,1-2-6,4.53,27.4,124.06,1.241,100.0,settled,1-4-2,0,0,0.0
2026-08-21 13:06:25,20260820,13,7,1-3-2,5.01,32.6,163.35,1.633,100.0,settled,1-4-2,0,0,0.0
2026-08-21 13:06:25,20260820,13,7,1-3-6,1.03,98.0,101.02,1.009,100.0,settled,1-4-2,0,0,0.0
2026-08-21 13:06:25,20260820,13,7,1-6-3,0.53,210.4,111.72,1.115,100.0,settled,1-4-2,0,0,0.0
2026-08-21 13:06:25,20260820,13,8,1-3-4,6.76,23.7,160.1,1.602,100.0,settled,1-4-2,0,0,0.0
2026-08-21 13:06:25,20260820,13,8,1-3-5,5.47,21.8,119.32,1.192,100.0,settled,1-4-2,0,0,0.0
2026-08-21 13:06:25,20260820,13,8,1-4-3,5.79,24.2,140.18,1.401,100.0,settled,1-4-2,0,0,0.0
2026-08-21 13:06:25,20260820,13,8,1-5-3,3.53,29.6,104.51,1.045,100.0,settled,1-4-2,0,0,0.0
2026-08-21 13:06:25,20260820,13,9,1-2-6,6.88,68.1,468.36,4.685,100.0,settled,1-3-5,0,0,0.0
2026-08-21 13:06:25,20260820,13,9,1-4-6,1.67,76.3,127.28,1.274,100.0,settled,1-3-5,0,0,0.0
2026-08-21 13:06:25,20260820,13,9,1-6-2,1.61,212.1,342.39,3.415,100.0,settled,1-3-5,0,0,0.0
2026-08-21 13:06:25,20260820,13,9,1-6-3,0.53,251.5,133.82,1.333,100.0,settled,1-3-5,0,0,0.0
2026-08-21 13:06:25,20260820,13,9,1-6-4,0.65,252.2,164.38,1.639,100.0,settled,1-3-5,0,0,0.0
2026-08-21 13:06:25,20260820,13,10,1-5-4,4.48,24.9,111.55,1.116,100.0,settled,1-2-4,0,0,0.0
2026-08-21 13:06:25,20260820,13,11,1-3-5,9.47,22.2,210.15,2.102,100.0,settled,1-2-3,0,0,0.0
2026-08-21 13:06:25,20260820,13,11,1-3-6,6.24,45.2,282.09,2.82,100.0,settled,1-2-3,0,0,0.0
2026-08-21 13:06:25,20260820,13,11,1-4-3,4.15,30.7,127.28,1.274,100.0,settled,1-2-3,0,0,0.0
2026-08-21 13:06:25,20260820,13,11,1-5-3,3.77,60.1,226.42,2.266,100.0,settled,1-2-3,0,0,0.0
2026-08-21 13:06:25,20260820,13,11,1-5-6,1.33,120.1,159.67,1.597,100.0,settled,1-2-3,0,0,0.0
2026-08-21 13:06:25,20260820,13,11,1-6-3,1.28,201.7,258.86,2.582,100.0,settled,1-2-3,0,0,0.0
2026-08-21 13:06:25,20260820,13,11,1-6-4,0.57,264.5,150.32,1.508,100.0,settled,1-2-3,0,0,0.0
2026-08-21 13:06:25,20260820,13,11,1-6-5,0.6,255.5,152.07,1.533,100.0,settled,1-2-3,0,0,0.0
2026-08-21 13:06:25,20260820,13,12,1-3-5,6.01,27.8,166.96,1.671,100.0,settled,1-4-2,0,0,0.0
2026-08-21 13:06:25,20260820,13,12,1-4-5,1.54,76.6,118.22,1.18,100.0,settled,1-4-2,0,0,0.0
2026-08-21 13:06:25,20260820,13,12,1-5-2,5.07,55.7,282.56,2.824,100.0,settled,1-4-2,0,0,0.0
2026-08-21 13:06:25,20260820,13,12,1-5-3,3.84,107.9,413.99,4.143,100.0,settled,1-4-2,0,0,0.0
2026-08-21 13:06:25,20260820,13,12,1-5-4,1.28,155.1,197.78,1.985,100.0,settled,1-4-2,0,0,0.0
2026-08-21 13:06:25,20260820,13,12,1-5-6,1.02,162.4,165.24,1.656,100.0,settled,1-4-2,0,0,0.0
2026-08-21 13:06:25,20260820,15,1,1-2-3,10.77,20.6,221.86,2.219,100.0,settled,1-5-3,0,0,0.0
2026-08-21 13:06:25,20260820,15,1,1-2-4,3.67,47.9,175.96,1.758,100.0,settled,1-5-3,0,0,0.0
2026-08-21 13:06:25,20260820,15,1,1-2-6,3.25,88.2,286.72,2.867,100.0,settled,1-5-3,0,0,0.0
2026-08-21 13:06:25,20260820,15,1,1-4-2,1.43,96.3,137.66,1.377,100.0,settled,1-5-3,0,0,0.0
2026-08-21 13:06:25,20260820,15,1,1-6-2,1.02,233.9,239.65,2.386,100.0,settled,1-5-3,0,0,0.0
2026-08-21 13:06:25,20260820,15,2,1-2-4,4.55,59.4,270.16,2.703,100.0,settled,1-3-5,0,0,0.0
2026-08-21 13:06:25,20260820,15,2,1-4-2,1.82,134.2,244.86,2.442,100.0,settled,1-3-5,0,0,0.0
2026-08-21 13:06:25,20260820,15,2,1-4-3,1.38,77.1,106.16,1.064,100.0,settled,1-3-5,0,0,0.0
2026-08-21 13:06:25,20260820,15,2,1-4-5,0.78,135.0,105.37,1.053,100.0,settled,1-3-5,0,0,0.0
2026-08-21 13:06:25,20260820,15,3,1-6-3,2.31,44.4,102.76,1.026,100.0,settled,1-2-4,0,0,0.0
2026-08-21 13:06:25,20260820,15,4,1-5-6,1.06,116.5,123.54,1.235,100.0,settled,1-2-5,0,0,0.0
2026-08-21 13:06:25,20260820,15,4,1-6-5,1.08,158.0,171.21,1.706,100.0,settled,1-2-5,0,0,0.0
2026-08-21 13:06:25,20260820,15,5,1-3-2,2.95,49.1,144.77,1.448,100.0,settled,1-5-6,0,0,0.0
2026-08-21 13:06:25,20260820,15,5,1-3-4,3.19,43.6,139.09,1.391,100.0,settled,1-5-6,0,0,0.0
2026-08-21 13:06:25,20260820,15,5,1-3-6,2.74,53.7,147.07,1.471,100.0,settled,1-5-6,0,0,0.0
2026-08-21 13:06:25,20260820,15,5,1-4-3,4.46,32.3,144.01,1.441,100.0,settled,1-5-6,0,0,0.0
2026-08-21 13:06:25,20260820,15,5,1-4-6,6.09,25.7,156.6,1.565,100.0,settled,1-5-6,0,0,0.0
2026-08-21 13:06:25,20260820,15,5,1-6-2,2.46,55.0,135.17,1.353,100.0,settled,1-5-6,0,0,0.0
2026-08-21 13:06:25,20260820,15,5,1-6-3,1.76,95.4,167.8,1.679,100.0,settled,1-5-6,0,0,0.0
2026-08-21 13:06:25,20260820,15,5,1-6-4,2.87,50.8,145.84,1.458,100.0,settled,1-5-6,0,0,0.0
2026-08-21 13:06:25,20260820,15,6,1-3-5,4.34,27.8,120.63,1.207,100.0,settled,1-3-2,0,0,0.0
2026-08-21 13:06:25,20260820,15,6,1-4-2,8.16,50.5,412.03,4.121,100.0,settled,1-3-2,0,0,0.0
2026-08-21 13:06:25,20260820,15,6,1-4-3,10.26,33.8,346.84,3.468,100.0,settled,1-3-2,0,0,0.0
2026-08-21 13:06:25,20260820,15,6,1-4-5,8.68,211.4,1834.53,18.35,100.0,settled,1-3-2,0,0,0.0
2026-08-21 13:06:25,20260820,15,6,1-4-6,0.66,174.5,114.66,1.152,100.0,settled,1-3-2,0,0,0.0
2026-08-21 13:06:25,20260820,15,6,1-5-2,1.75,162.1,283.9,2.837,100.0,settled,1-3-2,0,0,0.0
2026-08-21 13:06:25,20260820,15,6,1-5-3,2.62,142.3,373.49,3.728,100.0,settled,1-3-2,0,0,0.0
2026-08-21 13:06:25,20260820,15,6,1-5-4,3.59,310.3,1113.45,11.14,100.0,settled,1-3-2,0,0,0.0
2026-08-21 13:06:25,20260820,15,7,1-3-2,3.75,39.9,149.43,1.496,100.0,settled,1-5-2,0,0,0.0
2026-08-21 13:06:25,20260820,15,7,1-3-4,4.41,30.4,134.06,1.341,100.0,settled,1-5-2,0,0,0.0
2026-08-21 13:06:25,20260820,15,7,1-4-2,0.81,157.6,127.44,1.277,100.0,settled,1-5-2,0,0,0.0
2026-08-21 13:06:25,20260820,15,7,1-4-3,2.71,62.3,168.98,1.688,100.0,settled,1-5-2,0,0,0.0
2026-08-21 13:06:25,20260820,15,7,1-4-5,2.13,68.6,146.23,1.461,100.0,settled,1-5-2,0,0,0.0
2026-08-21 13:06:25,20260820,15,7,1-5-2,1.56,69.5,108.13,1.084,100.0,settled,1-5-2,1,6950.0,6950.0
2026-08-21 13:06:25,20260820,15,7,1-5-3,4.81,23.1,111.01,1.111,100.0,settled,1-5-2,0,0,0.0
2026-08-21 13:06:25,20260820,15,7,1-5-4,1.74,58.7,101.86,1.021,100.0,settled,1-5-2,0,0,0.0
2026-08-21 13:06:25,20260820,15,8,1-4-2,2.07,60.1,124.26,1.244,100.0,settled,1-5-3,0,0,0.0
2026-08-21 13:06:25,20260820,15,8,1-4-5,3.44,51.7,177.8,1.778,100.0,settled,1-5-3,0,0,0.0
2026-08-21 13:06:25,20260820,15,8,1-4-6,2.22,51.2,113.8,1.137,100.0,settled,1-5-3,0,0,0.0
2026-08-21 13:06:25,20260820,15,8,1-5-4,3.9,42.2,164.47,1.646,100.0,settled,1-5-3,0,0,0.0
2026-08-21 13:06:25,20260820,15,9,1-3-5,6.28,41.5,260.46,2.606,100.0,settled,2-4-3,0,0,0.0
2026-08-21 13:06:25,20260820,15,9,1-4-5,5.36,60.9,326.27,3.264,100.0,settled,2-4-3,0,0,0.0
2026-08-21 13:06:25,20260820,15,9,1-5-3,4.14,103.7,429.39,4.293,100.0,settled,2-4-3,0,0,0.0
2026-08-21 13:06:25,20260820,15,9,1-5-4,2.93,152.4,446.41,4.465,100.0,settled,2-4-3,0,0,0.0
2026-08-21 13:06:25,20260820,15,9,1-5-6,2.16,171.2,369.19,3.698,100.0,settled,2-4-3,0,0,0.0
2026-08-21 13:06:25,20260820,15,9,1-6-3,1.88,109.5,205.98,2.059,100.0,settled,2-4-3,0,0,0.0
2026-08-21 13:06:25,20260820,15,9,1-6-4,1.43,122.7,175.91,1.755,100.0,settled,2-4-3,0,0,0.0
2026-08-21 13:06:25,20260820,15,9,1-6-5,1.02,248.9,253.65,2.539,100.0,settled,2-4-3,0,0,0.0
2026-08-21 13:06:25,20260820,15,10,1-3-5,8.39,37.0,310.45,3.104,100.0,settled,1-3-6,0,0,0.0
2026-08-21 13:06:25,20260820,15,10,1-3-6,4.47,53.0,236.81,2.369,100.0,settled,1-3-6,1,5300.0,5300.0
2026-08-21 13:06:25,20260820,15,10,1-5-2,5.27,42.9,226.24,2.261,100.0,settled,1-3-6,0,0,0.0
2026-08-21 13:06:25,20260820,15,10,1-5-3,6.95,59.9,416.31,4.163,100.0,settled,1-3-6,0,0,0.0
2026-08-21 13:06:25,20260820,15,10,1-5-6,5.05,59.4,300.23,3.0,100.0,settled,1-3-6,0,0,0.0
2026-08-21 13:06:25,20260820,15,10,1-6-2,1.54,89.9,138.63,1.384,100.0,settled,1-3-6,0,0,0.0
2026-08-21 13:06:25,20260820,15,10,1-6-3,1.9,125.6,238.58,2.386,100.0,settled,1-3-6,0,0,0.0
2026-08-21 13:06:25,20260820,15,10,1-6-5,2.16,102.0,220.18,2.203,100.0,settled,1-3-6,0,0,0.0
2026-08-21 13:06:25,20260820,15,11,1-2-6,7.09,35.2,249.4,2.496,100.0,settled,1-4-2,0,0,0.0
2026-08-21 13:06:25,20260820,15,11,1-3-2,7.25,31.1,225.45,2.255,100.0,settled,1-4-2,0,0,0.0
2026-08-21 13:06:25,20260820,15,11,1-3-6,6.44,99.6,641.23,6.414,100.0,settled,1-4-2,0,0,0.0
2026-08-21 13:06:25,20260820,15,11,1-4-6,6.17,43.1,265.99,2.659,100.0,settled,1-4-2,0,0,0.0
2026-08-21 13:06:25,20260820,15,11,1-6-2,3.93,195.9,769.5,7.699,100.0,settled,1-4-2,0,0,0.0
2026-08-21 13:06:25,20260820,15,11,1-6-3,4.73,321.9,1522.88,15.226,100.0,settled,1-4-2,0,0,0.0
2026-08-21 13:06:25,20260820,15,11,1-6-4,3.06,232.3,710.4,7.108,100.0,settled,1-4-2,0,0,0.0
2026-08-21 13:06:25,20260820,15,11,1-6-5,1.12,234.8,261.9,2.63,100.0,settled,1-4-2,0,0,0.0
2026-08-21 13:06:25,20260820,15,12,1-2-5,3.03,37.5,113.63,1.136,100.0,settled,3-1-4,0,0,0.0
2026-08-21 13:06:25,20260820,15,12,1-5-2,1.79,69.5,124.61,1.244,100.0,settled,3-1-4,0,0,0.0
2026-08-21 13:06:25,20260820,16,1,1-3-4,3.29,54.6,179.77,1.796,100.0,settled,1-2-5,0,0,0.0
2026-08-21 13:06:25,20260820,16,1,1-4-2,1.76,162.8,286.82,2.865,100.0,settled,1-2-5,0,0,0.0
2026-08-21 13:06:25,20260820,16,1,1-4-3,2.29,179.1,410.34,4.101,100.0,settled,1-2-5,0,0,0.0
2026-08-21 13:06:25,20260820,16,1,1-4-5,2.15,182.6,392.92,3.926,100.0,settled,1-2-5,0,0,0.0
2026-08-21 13:06:25,20260820,16,1,1-4-6,1.18,340.6,402.93,4.019,100.0,settled,1-2-5,0,0,0.0
2026-08-21 13:06:25,20260820,16,1,1-6-3,1.41,128.3,181.52,1.809,100.0,settled,1-2-5,0,0,0.0
2026-08-21 13:06:25,20260820,16,1,1-6-4,0.61,436.0,267.44,2.66,100.0,settled,1-2-5,0,0,0.0
2026-08-21 13:06:25,20260820,16,1,1-6-5,1.03,187.1,193.63,1.927,100.0,settled,1-2-5,0,0,0.0
2026-08-21 13:06:25,20260820,16,3,1-4-5,0.58,400.6,233.31,2.323,100.0,settled,1-6-2,0,0,0.0
2026-08-21 13:06:25,20260820,16,3,1-4-6,1.76,116.2,204.72,2.045,100.0,settled,1-6-2,0,0,0.0
2026-08-21 13:06:25,20260820,16,3,1-5-2,0.62,298.1,185.33,1.848,100.0,settled,1-6-2,0,0,0.0
2026-08-21 13:06:25,20260820,16,3,1-5-3,0.88,231.3,202.9,2.035,100.0,settled,1-6-2,0,0,0.0
2026-08-21 13:06:25,20260820,16,3,1-5-4,0.41,518.7,214.12,2.127,100.0,settled,1-6-2,0,0,0.0
2026-08-21 13:06:25,20260820,16,3,1-5-6,1.83,174.9,320.19,3.201,100.0,settled,1-6-2,0,0,0.0
2026-08-21 13:06:25,20260820,16,3,1-6-4,2.4,67.6,161.94,1.622,100.0,settled,1-6-2,0,0,0.0
2026-08-21 13:06:25,20260820,16,3,1-6-5,3.09,88.9,274.27,2.747,100.0,settled,1-6-2,0,0,0.0
2026-08-21 13:06:25,20260820,16,4,1-2-6,3.84,285.8,1096.53,10.975,100.0,settled,5-1-2,0,0,0.0
2026-08-21 13:06:25,20260820,16,4,1-3-2,7.0,68.2,477.45,4.774,100.0,settled,5-1-2,0,0,0.0
2026-08-21 13:06:25,20260820,16,4,1-3-6,0.51,837.0,423.02,4.269,100.0,settled,5-1-2,0,0,0.0
2026-08-21 13:06:25,20260820,16,4,1-4-6,0.91,349.0,318.95,3.176,100.0,settled,5-1-2,0,0,0.0
2026-08-21 13:06:25,20260820,16,4,1-6-2,0.91,1113.0,1016.84,10.128,100.0,settled,5-1-2,0,0,0.0
2026-08-21 13:06:25,20260820,16,4,1-6-3,0.29,1442.0,420.49,4.182,100.0,settled,5-1-2,0,0,0.0
2026-08-21 13:06:25,20260820,16,4,1-6-4,0.3,1409.0,424.95,4.227,100.0,settled,5-1-2,0,0,0.0
2026-08-21 13:06:25,20260820,16,4,1-6-5,0.18,1328.0,233.2,2.39,100.0,settled,5-1-2,0,0,0.0
2026-08-21 13:06:25,20260820,16,5,1-2-4,5.54,60.8,336.77,3.368,100.0,settled,1-3-2,0,0,0.0
2026-08-21 13:06:25,20260820,16,5,1-2-5,5.23,374.6,1960.84,19.592,100.0,settled,1-3-2,0,0,0.0
2026-08-21 13:06:25,20260820,16,5,1-3-5,0.45,382.3,172.15,1.72,100.0,settled,1-3-2,0,0,0.0
2026-08-21 13:06:25,20260820,16,5,1-4-2,2.06,198.4,409.14,4.087,100.0,settled,1-3-2,0,0,0.0
2026-08-21 13:06:25,20260820,16,5,1-4-5,0.48,1040.0,494.1,4.992,100.0,settled,1-3-2,0,0,0.0
2026-08-21 13:06:25,20260820,16,5,1-5-2,1.08,922.2,994.5,9.96,100.0,settled,1-3-2,0,0,0.0
2026-08-21 13:06:25,20260820,16,5,1-5-3,0.28,1409.0,400.58,3.945,100.0,settled,1-3-2,0,0,0.0
2026-08-21 13:06:25,20260820,16,5,1-5-4,0.26,1745.0,446.37,4.537,100.0,settled,1-3-2,0,0,0.0
2026-08-21 13:06:25,20260820,16,6,1-3-2,2.66,99.8,264.98,2.655,100.0,settled,4-3-5,0,0,0.0
2026-08-21 13:06:25,20260820,16,6,1-3-4,2.73,61.6,168.46,1.682,100.0,settled,4-3-5,0,0,0.0
2026-08-21 13:06:25,20260820,16,6,1-4-3,2.89,55.4,159.87,1.601,100.0,settled,4-3-5,0,0,0.0
2026-08-21 13:06:25,20260820,16,7,1-2-5,1.68,99.1,166.01,1.665,100.0,settled,1-2-3,0,0,0.0
2026-08-21 13:06:25,20260820,16,7,1-2-6,1.39,119.1,165.1,1.655,100.0,settled,1-2-3,0,0,0.0
2026-08-21 13:06:25,20260820,16,7,1-5-2,1.54,76.7,117.93,1.181,100.0,settled,1-2-3,0,0,0.0
2026-08-21 13:06:25,20260820,16,7,1-5-6,3.66,41.0,150.26,1.501,100.0,settled,1-2-3,0,0,0.0
2026-08-21 13:06:25,20260820,16,7,1-6-2,1.57,152.3,239.83,2.391,100.0,settled,1-2-3,0,0,0.0
2026-08-21 13:06:25,20260820,16,7,1-6-3,4.83,28.8,139.12,1.391,100.0,settled,1-2-3,0,0,0.0
2026-08-21 13:06:25,20260820,16,7,1-6-5,3.18,63.9,203.04,2.032,100.0,settled,1-2-3,0,0,0.0
2026-08-21 13:06:25,20260820,16,8,1-2-3,1.97,68.2,134.05,1.344,100.0,settled,3-4-2,0,0,0.0
2026-08-21 13:06:25,20260820,16,8,1-2-5,0.7,360.9,251.48,2.526,100.0,settled,3-4-2,0,0,0.0
2026-08-21 13:06:25,20260820,16,8,1-2-6,1.16,136.8,158.48,1.587,100.0,settled,3-4-2,0,0,0.0
2026-08-21 13:06:25,20260820,16,8,1-3-2,2.68,50.2,134.45,1.345,100.0,settled,3-4-2,0,0,0.0
2026-08-21 13:06:25,20260820,16,8,1-5-2,0.41,592.7,245.73,2.43,100.0,settled,3-4-2,0,0,0.0
2026-08-21 13:06:25,20260820,16,8,1-5-3,0.53,593.8,314.77,3.147,100.0,settled,3-4-2,0,0,0.0
2026-08-21 13:06:25,20260820,16,8,1-5-4,0.32,681.5,219.03,2.181,100.0,settled,3-4-2,0,0,0.0
2026-08-21 13:06:25,20260820,16,8,1-5-6,0.33,567.7,185.3,1.873,100.0,settled,3-4-2,0,0,0.0
2026-08-21 13:06:25,20260820,16,9,1-2-5,2.17,90.3,195.88,1.96,100.0,settled,3-2-4,0,0,0.0
2026-08-21 13:06:25,20260820,16,9,1-3-5,5.47,35.4,193.51,1.936,100.0,settled,3-2-4,0,0,0.0
2026-08-21 13:06:25,20260820,16,9,1-5-2,0.93,220.3,205.72,2.049,100.0,settled,3-2-4,0,0,0.0
2026-08-21 13:06:25,20260820,16,9,1-5-3,2.24,188.2,420.72,4.216,100.0,settled,3-2-4,0,0,0.0
2026-08-21 13:06:25,20260820,16,9,1-5-6,0.96,299.0,288.15,2.87,100.0,settled,3-2-4,0,0,0.0
2026-08-21 13:06:25,20260820,16,9,1-6-2,0.94,230.6,216.58,2.168,100.0,settled,3-2-4,0,0,0.0
2026-08-21 13:06:25,20260820,16,9,1-6-3,2.04,177.4,362.75,3.619,100.0,settled,3-2-4,0,0,0.0
2026-08-21 13:06:25,20260820,16,9,1-6-5,0.74,423.2,313.17,3.132,100.0,settled,3-2-4,0,0,0.0
2026-08-21 13:06:25,20260820,16,11,1-5-2,2.1,50.1,105.25,1.052,100.0,settled,1-2-3,0,0,0.0
2026-08-21 13:06:25,20260820,18,1,1-2-6,4.37,45.7,199.65,1.997,100.0,settled,1-2-5,0,0,0.0
2026-08-21 13:06:25,20260820,18,1,1-6-2,1.1,133.0,146.7,1.463,100.0,settled,1-2-5,0,0,0.0
2026-08-21 13:06:25,20260820,18,2,1-2-4,4.1,175.9,721.65,7.212,100.0,settled,1-2-3,0,0,0.0
2026-08-21 13:06:25,20260820,18,2,1-3-2,17.26,20.7,357.36,3.573,100.0,settled,1-2-3,0,0,0.0
2026-08-21 13:06:25,20260820,18,2,1-3-4,3.29,247.7,815.78,8.149,100.0,settled,1-2-3,0,0,0.0
2026-08-21 13:06:25,20260820,18,2,1-4-2,1.77,397.0,701.38,7.027,100.0,settled,1-2-3,0,0,0.0
2026-08-21 13:06:25,20260820,18,2,1-4-3,1.49,516.3,768.82,7.693,100.0,settled,1-2-3,0,0,0.0
2026-08-21 13:06:25,20260820,18,2,1-4-5,1.83,470.7,861.66,8.614,100.0,settled,1-2-3,0,0,0.0
2026-08-21 13:06:25,20260820,18,2,1-5-4,1.74,249.4,433.98,4.34,100.0,settled,1-2-3,0,0,0.0
2026-08-21 13:06:25,20260820,18,3,1-2-6,4.25,354.6,1507.94,15.071,100.0,settled,1-2-5,0,0,0.0
2026-08-21 13:06:25,20260820,18,3,1-3-6,0.68,325.0,219.86,2.21,100.0,settled,1-2-5,0,0,0.0
2026-08-21 13:06:25,20260820,18,3,1-4-6,4.38,298.3,1306.32,13.066,100.0,settled,1-2-5,0,0,0.0
2026-08-21 13:06:25,20260820,18,3,1-5-6,4.54,182.7,828.75,8.295,100.0,settled,1-2-5,0,0,0.0
2026-08-21 13:06:25,20260820,18,3,1-6-2,1.71,974.0,1664.18,16.655,100.0,settled,1-2-5,0,0,0.0
2026-08-21 13:06:25,20260820,18,3,1-6-3,0.51,1075.0,552.98,5.483,100.0,settled,1-2-5,0,0,0.0
2026-08-21 13:06:25,20260820,18,3,1-6-4,1.86,1098.0,2044.37,20.423,100.0,settled,1-2-5,0,0,0.0
2026-08-21 13:06:25,20260820,18,3,1-6-5,2.18,854.3,1863.31,18.624,100.0,settled,1-2-5,0,0,0.0
2026-08-21 13:06:25,20260820,18,4,1-2-6,1.14,230.9,263.41,2.632,100.0,settled,1-4-2,0,0,0.0
2026-08-21 13:06:25,20260820,18,4,1-3-6,1.44,357.7,516.48,5.151,100.0,settled,1-4-2,0,0,0.0
2026-08-21 13:06:25,20260820,18,4,1-4-6,2.03,318.4,645.43,6.464,100.0,settled,1-4-2,0,0,0.0
2026-08-21 13:06:25,20260820,18,4,1-5-6,0.19,903.1,167.98,1.716,100.0,settled,1-4-2,0,0,0.0
2026-08-21 13:06:25,20260820,18,4,1-6-2,0.25,1151.0,290.28,2.877,100.0,settled,1-4-2,0,0,0.0
2026-08-21 13:06:25,20260820,18,4,1-6-3,0.32,1698.0,537.59,5.434,100.0,settled,1-4-2,0,0,0.0
2026-08-21 13:06:25,20260820,18,4,1-6-4,0.33,1151.0,379.25,3.798,100.0,settled,1-4-2,0,0,0.0
2026-08-21 13:06:25,20260820,18,4,1-6-5,0.1,1773.0,181.91,1.773,100.0,settled,1-4-2,0,0,0.0
2026-08-21 13:06:25,20260820,18,5,1-2-5,2.18,47.7,104.18,1.04,100.0,settled,1-5-2,0,0,0.0
2026-08-21 13:06:25,20260820,18,5,1-2-6,12.77,25.3,323.1,3.231,100.0,settled,1-5-2,0,0,0.0
2026-08-21 13:06:25,20260820,18,5,1-3-6,8.28,24.5,202.88,2.029,100.0,settled,1-5-2,0,0,0.0
2026-08-21 13:06:25,20260820,18,5,1-5-6,0.95,110.2,104.89,1.047,100.0,settled,1-5-2,0,0,0.0
2026-08-21 13:06:25,20260820,18,5,1-6-2,8.84,53.6,473.84,4.738,100.0,settled,1-5-2,0,0,0.0
2026-08-21 13:06:25,20260820,18,5,1-6-3,7.75,65.8,509.88,5.099,100.0,settled,1-5-2,0,0,0.0
2026-08-21 13:06:25,20260820,18,5,1-6-5,1.83,133.7,244.97,2.447,100.0,settled,1-5-2,0,0,0.0
2026-08-21 13:06:25,20260820,18,6,1-2-5,1.5,186.3,280.14,2.795,100.0,settled,1-4-3,0,0,0.0
2026-08-21 13:06:25,20260820,18,6,1-4-5,0.76,229.2,174.7,1.742,100.0,settled,1-4-3,0,0,0.0
2026-08-21 13:06:25,20260820,18,7,1-2-4,5.09,26.3,133.85,1.339,100.0,settled,1-3-2,0,0,0.0
2026-08-21 13:06:25,20260820,18,7,1-4-2,3.04,62.3,189.54,1.894,100.0,settled,1-3-2,0,0,0.0
2026-08-21 13:06:25,20260820,18,8,1-2-6,3.1,42.0,130.2,1.302,100.0,settled,1-2-6,1,4200.0,4200.0
2026-08-21 13:06:25,20260820,18,8,1-3-2,2.25,48.0,108.06,1.08,100.0,settled,1-2-6,0,0,0.0
2026-08-21 13:06:25,20260820,18,8,1-3-4,4.77,25.8,123.15,1.231,100.0,settled,1-2-6,0,0,0.0
2026-08-21 13:06:25,20260820,18,8,1-3-6,2.11,89.0,187.81,1.878,100.0,settled,1-2-6,0,0,0.0
2026-08-21 13:06:25,20260820,18,8,1-4-6,9.45,21.3,201.34,2.013,100.0,settled,1-2-6,0,0,0.0
2026-08-21 13:06:25,20260820,18,8,1-6-2,2.01,106.5,213.99,2.141,100.0,settled,1-2-6,0,0,0.0
2026-08-21 13:06:25,20260820,18,8,1-6-3,1.66,188.3,312.56,3.126,100.0,settled,1-2-6,0,0,0.0
2026-08-21 13:06:25,20260820,18,8,1-6-4,3.39,84.7,287.51,2.871,100.0,settled,1-2-6,0,0,0.0
2026-08-21 13:06:25,20260820,18,9,1-2-5,1.39,141.0,196.4,1.96,100.0,settled,1-4-6,0,0,0.0
2026-08-21 13:06:25,20260820,18,9,1-3-2,3.62,31.2,112.91,1.129,100.0,settled,1-4-6,0,0,0.0
2026-08-21 13:06:25,20260820,18,9,1-3-5,0.72,161.6,116.43,1.164,100.0,settled,1-4-6,0,0,0.0
2026-08-21 13:06:25,20260820,18,9,1-4-5,1.25,117.0,146.34,1.463,100.0,settled,1-4-6,0,0,0.0
2026-08-21 13:06:25,20260820,18,9,1-5-2,0.54,296.0,161.08,1.598,100.0,settled,1-4-6,0,0,0.0
2026-08-21 13:06:25,20260820,18,9,1-5-3,0.45,308.3,139.2,1.387,100.0,settled,1-4-6,0,0,0.0
2026-08-21 13:06:25,20260820,18,9,1-5-4,0.55,341.6,186.72,1.879,100.0,settled,1-4-6,0,0,0.0
2026-08-21 13:06:25,20260820,18,10,1-5-2,4.42,39.6,175.09,1.75,100.0,settled,1-2-3,0,0,0.0
2026-08-21 13:06:25,20260820,18,10,1-5-3,7.11,33.7,239.6,2.396,100.0,settled,1-2-3,0,0,0.0
2026-08-21 13:06:25,20260820,18,10,1-5-4,1.05,119.4,125.04,1.254,100.0,settled,1-2-3,0,0,0.0
2026-08-21 13:06:25,20260820,18,12,1-2-6,6.47,34.8,225.04,2.252,100.0,settled,1-3-2,0,0,0.0
2026-08-21 13:06:25,20260820,18,12,1-3-6,5.81,43.3,251.45,2.516,100.0,settled,1-3-2,0,0,0.0
2026-08-21 13:06:25,20260820,18,12,1-4-6,3.53,48.0,169.39,1.694,100.0,settled,1-3-2,0,0,0.0
2026-08-21 13:06:25,20260820,18,12,1-6-2,1.46,198.1,288.61,2.892,100.0,settled,1-3-2,0,0,0.0
2026-08-21 13:06:25,20260820,18,12,1-6-3,1.43,223.0,318.27,3.189,100.0,settled,1-3-2,0,0,0.0
2026-08-21 13:06:25,20260820,18,12,1-6-4,1.01,208.3,209.47,2.104,100.0,settled,1-3-2,0,0,0.0
2026-08-21 13:06:25,20260820,18,12,1-6-5,0.41,259.0,105.41,1.062,100.0,settled,1-3-2,0,0,0.0
2026-08-21 13:06:25,20260820,19,1,1-3-6,4.2,34.5,145.01,1.449,100.0,settled,1-3-6,1,3450.0,3450.0
2026-08-21 13:06:25,20260820,19,1,1-6-2,2.92,46.1,134.4,1.346,100.0,settled,1-3-6,0,0,0.0
2026-08-21 13:06:25,20260820,19,1,1-6-3,2.76,72.1,198.81,1.99,100.0,settled,1-3-6,0,0,0.0
2026-08-21 13:06:25,20260820,19,1,1-6-5,2.49,55.5,138.43,1.382,100.0,settled,1-3-6,0,0,0.0
2026-08-21 13:06:25,20260820,19,2,1-3-4,3.52,37.4,131.83,1.316,100.0,settled,1-3-6,0,0,0.0
2026-08-21 13:06:25,20260820,19,2,1-4-3,1.61,86.6,139.6,1.394,100.0,settled,1-3-6,0,0,0.0
2026-08-21 13:06:25,20260820,19,2,1-4-6,2.14,69.7,148.91,1.492,100.0,settled,1-3-6,0,0,0.0
2026-08-21 13:06:25,20260820,19,2,1-6-2,4.44,24.2,107.47,1.074,100.0,settled,1-3-6,0,0,0.0
2026-08-21 13:06:25,20260820,19,2,1-6-3,5.9,23.6,139.18,1.392,100.0,settled,1-3-6,0,0,0.0
2026-08-21 13:06:25,20260820,19,2,1-6-4,1.86,85.5,159.36,1.59,100.0,settled,1-3-6,0,0,0.0
2026-08-21 13:06:25,20260820,19,3,1-2-6,1.23,192.9,236.82,2.373,100.0,settled,1-2-5,0,0,0.0
2026-08-21 13:06:25,20260820,19,3,1-4-5,1.99,97.4,193.52,1.938,100.0,settled,1-2-5,0,0,0.0
2026-08-21 13:06:25,20260820,19,3,1-4-6,0.37,610.6,226.04,2.259,100.0,settled,1-2-5,0,0,0.0
2026-08-21 13:06:25,20260820,19,3,1-5-6,2.23,303.8,676.68,6.775,100.0,settled,1-2-5,0,0,0.0
2026-08-21 13:06:25,20260820,19,3,1-6-2,0.46,542.2,250.01,2.494,100.0,settled,1-2-5,0,0,0.0
2026-08-21 13:06:25,20260820,19,3,1-6-3,0.3,706.7,212.08,2.12,100.0,settled,1-2-5,0,0,0.0
2026-08-21 13:06:25,20260820,19,3,1-6-4,0.22,885.9,191.97,1.949,100.0,settled,1-2-5,0,0,0.0
2026-08-21 13:06:25,20260820,19,3,1-6-5,0.94,1048.0,984.39,9.851,100.0,settled,1-2-5,0,0,0.0
2026-08-21 13:06:25,20260820,19,4,1-2-6,7.85,20.9,164.02,1.641,100.0,settled,4-5-6,0,0,0.0
2026-08-21 13:06:25,20260820,19,4,1-3-2,7.81,20.5,160.17,1.601,100.0,settled,4-5-6,0,0,0.0
2026-08-21 13:06:25,20260820,19,4,1-3-6,5.89,25.0,147.17,1.472,100.0,settled,4-5-6,0,0,0.0
2026-08-21 13:06:25,20260820,19,4,1-4-2,1.22,95.2,115.87,1.161,100.0,settled,4-5-6,0,0,0.0
2026-08-21 13:06:25,20260820,19,4,1-4-6,1.77,98.9,174.67,1.751,100.0,settled,4-5-6,0,0,0.0
2026-08-21 13:06:25,20260820,19,4,1-6-2,4.87,56.4,274.94,2.747,100.0,settled,4-5-6,0,0,0.0
2026-08-21 13:06:25,20260820,19,4,1-6-3,3.25,79.6,258.89,2.587,100.0,settled,4-5-6,0,0,0.0
2026-08-21 13:06:25,20260820,19,4,1-6-4,1.67,166.6,277.81,2.782,100.0,settled,4-5-6,0,0,0.0
2026-08-21 13:06:25,20260820,19,5,1-2-3,5.07,22.2,112.47,1.126,100.0,settled,3-6-1,0,0,0.0
2026-08-21 13:06:25,20260820,19,5,1-6-3,6.56,21.9,143.7,1.437,100.0,settled,3-6-1,0,0,0.0
2026-08-21 13:06:25,20260820,19,6,1-4-3,1.04,102.9,107.32,1.07,100.0,settled,1-2-4,0,0,0.0
2026-08-21 13:06:25,20260820,19,6,1-6-4,1.11,96.5,107.0,1.071,100.0,settled,1-2-4,0,0,0.0
2026-08-21 13:06:25,20260820,19,7,1-2-5,0.49,482.5,234.59,2.364,100.0,settled,3-2-6,0,0,0.0
2026-08-21 13:06:25,20260820,19,7,1-3-5,0.29,549.3,159.08,1.593,100.0,settled,3-2-6,0,0,0.0
2026-08-21 13:06:25,20260820,19,7,1-5-2,0.13,1255.0,162.02,1.631,100.0,settled,3-2-6,0,0,0.0
2026-08-21 13:06:25,20260820,19,7,1-5-3,0.12,1358.0,167.44,1.63,100.0,settled,3-2-6,0,0,0.0
2026-08-21 13:06:25,20260820,19,7,1-5-6,0.15,1641.0,239.75,2.462,100.0,settled,3-2-6,0,0,0.0
2026-08-21 13:06:25,20260820,19,7,1-6-5,0.52,478.7,248.01,2.489,100.0,settled,3-2-6,0,0,0.0
2026-08-21 13:06:25,20260820,19,8,1-2-3,6.58,57.2,376.28,3.764,100.0,settled,2-1-3,0,0,0.0
2026-08-21 13:06:25,20260820,19,8,1-2-4,3.61,29.3,105.91,1.058,100.0,settled,2-1-3,0,0,0.0
2026-08-21 13:06:25,20260820,19,8,1-2-5,2.03,62.3,126.73,1.265,100.0,settled,2-1-3,0,0,0.0
2026-08-21 13:06:25,20260820,19,8,1-2-6,1.56,155.8,242.47,2.43,100.0,settled,2-1-3,0,0,0.0
2026-08-21 13:06:25,20260820,19,8,1-3-2,6.62,48.8,323.01,3.231,100.0,settled,2-1-3,0,0,0.0
2026-08-21 13:06:25,20260820,19,8,1-3-6,1.64,93.3,152.89,1.53,100.0,settled,2-1-3,0,0,0.0
2026-08-21 13:06:25,20260820,19,8,1-6-2,0.76,287.7,218.59,2.187,100.0,settled,2-1-3,0,0,0.0
2026-08-21 13:06:25,20260820,19,8,1-6-3,0.84,252.5,212.66,2.121,100.0,settled,2-1-3,0,0,0.0
2026-08-21 13:06:25,20260820,19,9,1-2-5,2.16,58.6,126.46,1.266,100.0,settled,1-2-4,0,0,0.0
2026-08-21 13:06:25,20260820,19,9,1-2-6,3.39,31.4,106.6,1.064,100.0,settled,1-2-4,0,0,0.0
2026-08-21 13:06:25,20260820,19,9,1-5-2,1.37,80.1,109.59,1.097,100.0,settled,1-2-4,0,0,0.0
2026-08-21 13:06:25,20260820,19,9,1-5-3,2.79,37.8,105.64,1.055,100.0,settled,1-2-4,0,0,0.0
2026-08-21 13:06:25,20260820,19,9,1-5-6,3.73,32.3,120.57,1.205,100.0,settled,1-2-4,0,0,0.0
2026-08-21 13:06:25,20260820,19,9,1-6-2,2.8,46.6,130.43,1.305,100.0,settled,1-2-4,0,0,0.0
2026-08-21 13:06:25,20260820,19,9,1-6-5,3.31,33.1,109.55,1.096,100.0,settled,1-2-4,0,0,0.0
2026-08-21 13:06:25,20260820,19,10,1-2-6,1.35,79.2,106.99,1.069,100.0,settled,3-1-5,0,0,0.0
2026-08-21 13:06:25,20260820,19,10,1-3-6,6.82,25.7,175.19,1.753,100.0,settled,3-1-5,0,0,0.0
2026-08-21 13:06:25,20260820,19,10,1-4-6,1.37,81.1,110.75,1.111,100.0,settled,3-1-5,0,0,0.0
2026-08-21 13:06:25,20260820,19,10,1-6-2,1.12,168.7,188.96,1.889,100.0,settled,3-1-5,0,0,0.0
2026-08-21 13:06:25,20260820,19,10,1-6-3,3.61,92.9,335.73,3.354,100.0,settled,3-1-5,0,0,0.0
2026-08-21 13:06:25,20260820,19,10,1-6-4,0.93,148.5,137.39,1.381,100.0,settled,3-1-5,0,0,0.0
2026-08-21 13:06:25,20260820,19,11,1-2-3,3.99,28.3,112.86,1.129,100.0,settled,1-4-3,0,0,0.0
2026-08-21 13:06:25,20260820,19,11,1-2-4,4.07,32.0,130.16,1.302,100.0,settled,1-4-3,0,0,0.0
2026-08-21 13:06:25,20260820,19,11,1-4-2,6.02,26.3,158.38,1.583,100.0,settled,1-4-3,0,0,0.0
2026-08-21 13:06:25,20260820,20,1,1-2-5,3.83,75.9,290.68,2.907,100.0,settled,1-4-2,0,0,0.0
2026-08-21 13:06:25,20260820,20,1,1-3-2,7.46,46.3,345.39,3.454,100.0,settled,1-4-2,0,0,0.0
2026-08-21 13:06:25,20260820,20,1,1-4-2,6.97,40.2,280.08,2.802,100.0,settled,1-4-2,1,4020.0,4020.0
2026-08-21 13:06:25,20260820,20,1,1-4-3,3.46,70.7,244.31,2.446,100.0,settled,1-4-2,0,0,0.0
2026-08-21 13:06:25,20260820,20,1,1-4-5,2.01,173.6,349.72,3.489,100.0,settled,1-4-2,0,0,0.0
2026-08-21 13:06:25,20260820,20,1,1-5-2,1.23,265.7,327.34,3.268,100.0,settled,1-4-2,0,0,0.0
2026-08-21 13:06:25,20260820,20,1,1-5-3,0.71,370.4,264.39,2.63,100.0,settled,1-4-2,0,0,0.0
2026-08-21 13:06:25,20260820,20,1,1-5-4,0.86,292.4,252.75,2.515,100.0,settled,1-4-2,0,0,0.0
2026-08-21 13:06:25,20260820,20,2,1-2-3,5.43,42.0,227.87,2.281,100.0,settled,2-1-5,0,0,0.0
2026-08-21 13:06:25,20260820,20,2,1-3-2,4.49,114.4,514.13,5.137,100.0,settled,2-1-5,0,0,0.0
2026-08-21 13:06:25,20260820,20,2,1-3-4,0.59,218.3,128.82,1.288,100.0,settled,2-1-5,0,0,0.0
2026-08-21 13:06:25,20260820,20,2,1-3-5,0.68,182.7,124.71,1.242,100.0,settled,2-1-5,0,0,0.0
2026-08-21 13:06:25,20260820,20,2,1-4-2,1.74,62.8,109.56,1.093,100.0,settled,2-1-5,0,0,0.0
2026-08-21 13:06:25,20260820,20,2,1-4-3,0.5,260.7,129.44,1.303,100.0,settled,2-1-5,0,0,0.0
2026-08-21 13:06:25,20260820,20,2,1-5-2,2.35,50.7,118.97,1.191,100.0,settled,2-1-5,0,0,0.0
2026-08-21 13:06:25,20260820,20,2,1-5-3,0.73,301.5,220.7,2.201,100.0,settled,2-1-5,0,0,0.0
2026-08-21 13:06:25,20260820,20,4,1-4-6,3.8,27.5,104.63,1.045,100.0,settled,5-3-1,0,0,0.0
2026-08-21 13:06:25,20260820,20,4,1-6-3,0.36,282.2,101.17,1.016,100.0,settled,5-3-1,0,0,0.0
2026-08-21 13:06:25,20260820,20,4,1-6-4,1.06,123.6,130.55,1.31,100.0,settled,5-3-1,0,0,0.0
2026-08-21 13:06:25,20260820,20,4,1-6-5,0.88,120.8,106.49,1.063,100.0,settled,5-3-1,0,0,0.0
2026-08-21 13:06:25,20260820,20,5,1-2-5,6.63,50.5,334.57,3.348,100.0,settled,2-1-4,0,0,0.0
2026-08-21 13:06:25,20260820,20,5,1-2-6,4.81,146.6,705.35,7.051,100.0,settled,2-1-4,0,0,0.0
2026-08-21 13:06:25,20260820,20,5,1-3-2,12.12,31.2,378.18,3.781,100.0,settled,2-1-4,0,0,0.0
2026-08-21 13:06:25,20260820,20,5,1-3-6,1.08,290.9,315.13,3.142,100.0,settled,2-1-4,0,0,0.0
2026-08-21 13:06:25,20260820,20,5,1-5-2,1.98,155.9,307.92,3.087,100.0,settled,2-1-4,0,0,0.0
2026-08-21 13:06:25,20260820,20,5,1-6-2,1.07,591.7,635.01,6.331,100.0,settled,2-1-4,0,0,0.0
2026-08-21 13:06:25,20260820,20,5,1-6-3,0.42,910.0,383.66,3.822,100.0,settled,2-1-4,0,0,0.0
2026-08-21 13:06:25,20260820,20,5,1-6-5,0.34,1108.0,378.49,3.767,100.0,settled,2-1-4,0,0,0.0
2026-08-21 13:06:25,20260820,20,6,1-3-5,6.28,48.5,304.37,3.046,100.0,settled,2-1-3,0,0,0.0
2026-08-21 13:06:25,20260820,20,6,1-3-6,7.21,31.2,225.0,2.25,100.0,settled,2-1-3,0,0,0.0
2026-08-21 13:06:25,20260820,20,6,1-4-3,7.1,20.9,148.31,1.484,100.0,settled,2-1-3,0,0,0.0
2026-08-21 13:06:25,20260820,20,6,1-4-5,2.42,46.4,112.32,1.123,100.0,settled,2-1-3,0,0,0.0
2026-08-21 13:06:25,20260820,20,6,1-5-3,2.48,91.1,225.9,2.259,100.0,settled,2-1-3,0,0,0.0
2026-08-21 13:06:25,20260820,20,6,1-5-4,1.17,96.9,113.42,1.134,100.0,settled,2-1-3,0,0,0.0
2026-08-21 13:06:25,20260820,20,6,1-6-3,1.79,71.7,128.26,1.283,100.0,settled,2-1-3,0,0,0.0
2026-08-21 13:06:25,20260820,20,7,1-2-4,4.53,25.8,116.99,1.169,100.0,settled,1-3-2,0,0,0.0
2026-08-21 13:06:25,20260820,20,7,1-2-6,2.15,47.3,101.8,1.017,100.0,settled,1-3-2,0,0,0.0
2026-08-21 13:06:25,20260820,20,7,1-4-2,3.0,48.7,146.2,1.461,100.0,settled,1-3-2,0,0,0.0
2026-08-21 13:06:25,20260820,20,7,1-4-5,3.59,35.6,127.81,1.278,100.0,settled,1-3-2,0,0,0.0
2026-08-21 13:06:25,20260820,20,8,1-3-2,14.21,24.3,345.39,3.453,100.0,settled,1-3-4,0,0,0.0
2026-08-21 13:06:25,20260820,20,8,1-3-4,3.91,27.5,107.53,1.075,100.0,settled,1-3-4,1,2750.0,2750.0
2026-08-21 13:06:25,20260820,20,8,1-3-5,3.2,43.6,139.56,1.395,100.0,settled,1-3-4,0,0,0.0
2026-08-21 13:06:25,20260820,20,8,1-3-6,1.06,98.6,104.85,1.045,100.0,settled,1-3-4,0,0,0.0
2026-08-21 13:06:25,20260820,20,8,1-5-3,1.53,66.9,102.37,1.024,100.0,settled,1-3-4,0,0,0.0
2026-08-21 13:06:25,20260820,20,9,1-2-3,9.93,34.1,338.49,3.386,100.0,settled,2-1-5,0,0,0.0
2026-08-21 13:06:25,20260820,20,9,1-2-6,6.21,23.4,145.4,1.453,100.0,settled,2-1-5,0,0,0.0
2026-08-21 13:06:25,20260820,20,9,1-3-2,8.17,77.4,632.54,6.324,100.0,settled,2-1-5,0,0,0.0
2026-08-21 13:06:25,20260820,20,9,1-3-5,1.11,92.7,102.62,1.029,100.0,settled,2-1-5,0,0,0.0
2026-08-21 13:06:25,20260820,20,9,1-3-6,2.57,135.1,347.65,3.472,100.0,settled,2-1-5,0,0,0.0
2026-08-21 13:06:25,20260820,20,9,1-6-3,0.93,149.4,139.51,1.389,100.0,settled,2-1-5,0,0,0.0
2026-08-21 13:06:25,20260820,20,10,1-2-6,7.42,34.0,252.24,2.523,100.0,settled,6-1-4,0,0,0.0
2026-08-21 13:06:25,20260820,20,10,1-4-2,4.96,29.0,143.91,1.438,100.0,settled,6-1-4,0,0,0.0
2026-08-21 13:06:25,20260820,20,10,1-4-6,2.11,71.9,151.73,1.517,100.0,settled,6-1-4,0,0,0.0
2026-08-21 13:06:25,20260820,20,10,1-6-2,2.18,127.6,277.7,2.782,100.0,settled,6-1-4,0,0,0.0
2026-08-21 13:06:25,20260820,20,10,1-6-4,1.03,198.2,204.19,2.041,100.0,settled,6-1-4,0,0,0.0
2026-08-21 13:06:25,20260820,20,11,1-2-5,4.45,49.9,221.96,2.221,100.0,settled,3-2-5,0,0,0.0
2026-08-21 13:06:25,20260820,20,11,1-3-5,4.03,52.1,209.96,2.1,100.0,settled,3-2-5,0,0,0.0
2026-08-21 13:06:25,20260820,20,11,1-4-5,5.56,40.6,225.87,2.257,100.0,settled,3-2-5,0,0,0.0
2026-08-21 13:06:25,20260820,20,11,1-5-2,2.63,124.2,327.22,3.266,100.0,settled,3-2-5,0,0,0.0
2026-08-21 13:06:25,20260820,20,11,1-5-3,3.25,126.8,412.29,4.121,100.0,settled,3-2-5,0,0,0.0
2026-08-21 13:06:25,20260820,20,11,1-5-4,2.96,124.8,369.6,3.694,100.0,settled,3-2-5,0,0,0.0
2026-08-21 13:06:25,20260820,20,11,1-5-6,3.22,148.6,478.88,4.785,100.0,settled,3-2-5,0,0,0.0
2026-08-21 13:06:25,20260820,20,11,1-6-5,1.98,184.0,363.88,3.643,100.0,settled,3-2-5,0,0,0.0
2026-08-21 13:06:25,20260820,20,12,1-2-5,3.74,31.6,118.34,1.182,100.0,settled,1-2-3,0,0,0.0
2026-08-21 13:06:25,20260820,20,12,1-2-6,3.2,34.7,111.06,1.11,100.0,settled,1-2-3,0,0,0.0
2026-08-21 13:06:25,20260820,20,12,1-4-5,5.73,22.4,128.36,1.284,100.0,settled,1-2-3,0,0,0.0
2026-08-21 13:06:25,20260820,21,1,1-2-4,5.29,20.5,108.38,1.084,100.0,settled,6-2-1,0,0,0.0
2026-08-21 13:06:25,20260820,21,1,1-3-4,3.53,57.1,201.6,2.016,100.0,settled,6-2-1,0,0,0.0
2026-08-21 13:06:25,20260820,21,1,1-4-2,3.26,48.9,159.28,1.594,100.0,settled,6-2-1,0,0,0.0
2026-08-21 13:06:25,20260820,21,1,1-4-3,2.74,96.3,263.81,2.639,100.0,settled,6-2-1,0,0,0.0
2026-08-21 13:06:25,20260820,21,2,1-2-3,2.16,63.7,137.36,1.376,100.0,settled,4-5-2,0,0,0.0
2026-08-21 13:06:25,20260820,21,2,1-2-4,7.73,21.5,166.1,1.662,100.0,settled,4-5-2,0,0,0.0
2026-08-21 13:06:25,20260820,21,2,1-2-5,2.41,79.9,192.56,1.926,100.0,settled,4-5-2,0,0,0.0
2026-08-21 13:06:25,20260820,21,2,1-3-2,2.92,81.5,237.61,2.38,100.0,settled,4-5-2,0,0,0.0
2026-08-21 13:06:25,20260820,21,2,1-3-4,2.52,42.2,106.31,1.063,100.0,settled,4-5-2,0,0,0.0
2026-08-21 13:06:25,20260820,21,3,1-2-4,11.84,37.7,446.41,4.464,100.0,settled,1-5-3,0,0,0.0
2026-08-21 13:06:25,20260820,21,3,1-2-5,10.66,20.9,222.89,2.228,100.0,settled,1-5-3,0,0,0.0
2026-08-21 13:06:25,20260820,21,3,1-2-6,1.65,279.2,460.51,4.607,100.0,settled,1-5-3,0,0,0.0
2026-08-21 13:06:25,20260820,21,3,1-4-2,5.27,79.9,421.33,4.211,100.0,settled,1-5-3,0,0,0.0
2026-08-21 13:06:25,20260820,21,3,1-4-5,3.2,80.3,256.83,2.57,100.0,settled,1-5-3,0,0,0.0
2026-08-21 13:06:25,20260820,21,3,1-4-6,0.64,507.7,324.37,3.249,100.0,settled,1-5-3,0,0,0.0
2026-08-21 13:06:25,20260820,21,3,1-5-4,2.42,79.2,191.47,1.917,100.0,settled,1-5-3,0,0,0.0
2026-08-21 13:06:25,20260820,21,3,1-6-4,0.15,1406.0,214.56,2.109,100.0,settled,1-5-3,0,0,0.0
2026-08-21 13:06:25,20260820,21,4,1-2-6,3.4,36.1,122.66,1.227,100.0,settled,1-4-6,0,0,0.0
2026-08-21 13:06:25,20260820,21,4,1-6-2,3.08,50.0,154.23,1.54,100.0,settled,1-4-6,0,0,0.0
2026-08-21 13:06:25,20260820,21,4,1-6-3,9.98,24.4,243.44,2.435,100.0,settled,1-4-6,0,0,0.0
2026-08-21 13:06:25,20260820,21,4,1-6-4,3.67,29.4,107.97,1.079,100.0,settled,1-4-6,0,0,0.0
2026-08-21 13:06:25,20260820,21,5,1-2-3,3.14,32.2,101.11,1.011,100.0,settled,1-2-3,1,3220.0,3220.0
2026-08-21 13:06:25,20260820,21,5,1-2-4,1.72,92.5,158.9,1.591,100.0,settled,1-2-3,0,0,0.0
2026-08-21 13:06:25,20260820,21,5,1-3-4,2.13,95.5,203.02,2.034,100.0,settled,1-2-3,0,0,0.0
2026-08-21 13:06:25,20260820,21,5,1-4-2,1.09,188.8,206.34,2.058,100.0,settled,1-2-3,0,0,0.0
2026-08-21 13:06:25,20260820,21,5,1-4-3,1.34,168.9,226.01,2.263,100.0,settled,1-2-3,0,0,0.0
2026-08-21 13:06:25,20260820,21,5,1-4-5,2.07,124.4,257.79,2.575,100.0,settled,1-2-3,0,0,0.0
2026-08-21 13:06:25,20260820,21,5,1-4-6,1.36,108.7,147.45,1.478,100.0,settled,1-2-3,0,0,0.0
2026-08-21 13:06:25,20260820,21,5,1-5-4,2.85,71.4,203.69,2.035,100.0,settled,1-2-3,0,0,0.0
2026-08-21 13:06:25,20260820,21,6,1-4-2,2.5,64.6,161.44,1.615,100.0,settled,4-6-2,0,0,0.0
2026-08-21 13:06:25,20260820,21,6,1-4-6,2.22,91.8,204.23,2.038,100.0,settled,4-6-2,0,0,0.0
2026-08-21 13:06:25,20260820,21,7,1-2-5,3.4,35.1,119.27,1.193,100.0,settled,2-1-4,0,0,0.0
2026-08-21 13:06:25,20260820,21,7,1-2-6,3.44,235.0,807.95,8.084,100.0,settled,2-1-4,0,0,0.0
2026-08-21 13:06:25,20260820,21,7,1-3-6,1.5,186.0,278.65,2.79,100.0,settled,2-1-4,0,0,0.0
2026-08-21 13:06:25,20260820,21,7,1-4-6,1.03,231.8,239.31,2.388,100.0,settled,2-1-4,0,0,0.0
2026-08-21 13:06:25,20260820,21,7,1-6-2,1.01,622.1,627.57,6.283,100.0,settled,2-1-4,0,0,0.0
2026-08-21 13:06:25,20260820,21,7,1-6-3,0.69,639.5,438.44,4.413,100.0,settled,2-1-4,0,0,0.0
2026-08-21 13:06:25,20260820,21,7,1-6-4,0.46,660.3,301.69,3.037,100.0,settled,2-1-4,0,0,0.0
2026-08-21 13:06:25,20260820,21,7,1-6-5,0.26,501.1,127.98,1.303,100.0,settled,2-1-4,0,0,0.0
2026-08-21 13:06:25,20260820,21,8,1-3-6,4.31,104.6,451.16,4.508,100.0,settled,2-5-6,0,0,0.0
2026-08-21 13:06:25,20260820,21,8,1-4-6,2.67,92.2,246.16,2.462,100.0,settled,2-5-6,0,0,0.0
2026-08-21 13:06:25,20260820,21,8,1-5-3,0.88,318.4,279.05,2.802,100.0,settled,2-5-6,0,0,0.0
2026-08-21 13:06:25,20260820,21,8,1-5-6,3.29,182.5,599.6,6.004,100.0,settled,2-5-6,0,0,0.0
2026-08-21 13:06:25,20260820,21,8,1-6-2,4.88,56.8,277.46,2.772,100.0,settled,2-5-6,0,0,0.0
2026-08-21 13:06:25,20260820,21,8,1-6-3,4.3,165.0,709.98,7.095,100.0,settled,2-5-6,0,0,0.0
2026-08-21 13:06:25,20260820,21,8,1-6-4,3.15,149.4,470.07,4.706,100.0,settled,2-5-6,0,0,0.0
2026-08-21 13:06:25,20260820,21,8,1-6-5,4.21,192.1,808.66,8.087,100.0,settled,2-5-6,0,0,0.0
2026-08-21 13:06:25,20260820,21,9,1-5-6,3.84,27.7,106.37,1.064,100.0,settled,5-6-1,0,0,0.0
2026-08-21 13:06:25,20260820,21,9,1-6-2,5.54,44.3,245.28,2.454,100.0,settled,5-6-1,0,0,0.0
2026-08-21 13:06:25,20260820,21,9,1-6-3,2.91,59.7,173.85,1.737,100.0,settled,5-6-1,0,0,0.0
2026-08-21 13:06:25,20260820,21,9,1-6-4,2.52,70.2,177.07,1.769,100.0,settled,5-6-1,0,0,0.0
2026-08-21 13:06:25,20260820,21,9,1-6-5,4.17,56.2,234.31,2.344,100.0,settled,5-6-1,0,0,0.0
2026-08-21 13:06:25,20260820,21,10,1-2-5,3.31,68.1,225.72,2.254,100.0,settled,1-4-2,0,0,0.0
2026-08-21 13:06:25,20260820,21,10,1-2-6,2.3,54.5,125.25,1.254,100.0,settled,1-4-2,0,0,0.0
2026-08-21 13:06:25,20260820,21,11,1-5-3,3.34,32.9,109.73,1.099,100.0,settled,1-2-3,0,0,0.0
2026-08-21 13:06:25,20260820,21,12,1-2-5,9.69,36.6,354.83,3.547,100.0,settled,1-5-3,0,0,0.0
2026-08-21 13:06:25,20260820,21,12,1-5-2,4.02,53.7,216.01,2.159,100.0,settled,1-5-3,0,0,0.0
2026-08-21 13:06:25,20260820,21,12,1-5-3,4.21,35.0,147.34,1.474,100.0,settled,1-5-3,1,3500.0,3500.0
2026-08-21 13:06:25,20260820,23,1,1-2-6,7.26,31.4,228.02,2.28,100.0,settled,1-6-5,0,0,0.0
2026-08-21 13:06:25,20260820,23,1,1-3-6,6.4,27.3,174.86,1.747,100.0,settled,1-6-5,0,0,0.0
2026-08-21 13:06:25,20260820,23,1,1-4-6,1.71,70.7,120.92,1.209,100.0,settled,1-6-5,0,0,0.0
2026-08-21 13:06:25,20260820,23,1,1-6-2,2.46,103.4,254.18,2.544,100.0,settled,1-6-5,0,0,0.0
2026-08-21 13:06:25,20260820,23,1,1-6-3,2.16,87.9,190.14,1.899,100.0,settled,1-6-5,0,0,0.0
2026-08-21 13:06:25,20260820,23,1,1-6-4,0.88,149.7,131.33,1.317,100.0,settled,1-6-5,0,0,0.0
2026-08-21 13:06:25,20260820,23,2,1-3-5,2.86,36.0,103.1,1.03,100.0,settled,1-2-4,0,0,0.0
2026-08-21 13:06:25,20260820,23,2,1-5-2,4.0,28.7,114.76,1.148,100.0,settled,1-2-4,0,0,0.0
2026-08-21 13:06:25,20260820,23,2,1-5-3,2.08,66.9,139.11,1.392,100.0,settled,1-2-4,0,0,0.0
2026-08-21 13:06:25,20260820,23,3,1-2-5,5.67,30.2,171.23,1.712,100.0,settled,1-4-2,0,0,0.0
2026-08-21 13:06:25,20260820,23,3,1-2-6,1.77,260.3,460.26,4.607,100.0,settled,1-4-2,0,0,0.0
2026-08-21 13:06:25,20260820,23,3,1-4-6,1.44,116.5,168.17,1.678,100.0,settled,1-4-2,0,0,0.0
2026-08-21 13:06:25,20260820,23,3,1-5-6,0.99,312.9,309.49,3.098,100.0,settled,1-4-2,0,0,0.0
2026-08-21 13:06:25,20260820,23,3,1-6-2,0.62,642.4,396.55,3.983,100.0,settled,1-4-2,0,0,0.0
2026-08-21 13:06:25,20260820,23,3,1-6-3,0.34,606.5,206.39,2.062,100.0,settled,1-4-2,0,0,0.0
2026-08-21 13:06:25,20260820,23,3,1-6-4,0.57,435.1,247.14,2.48,100.0,settled,1-4-2,0,0,0.0
2026-08-21 13:06:25,20260820,23,3,1-6-5,0.63,616.9,385.99,3.886,100.0,settled,1-4-2,0,0,0.0
2026-08-21 13:06:25,20260820,23,4,1-2-5,1.72,86.8,149.64,1.493,100.0,settled,1-4-2,0,0,0.0
2026-08-21 13:06:25,20260820,23,4,1-3-2,3.25,50.6,164.28,1.645,100.0,settled,1-4-2,0,0,0.0
2026-08-21 13:06:25,20260820,23,4,1-3-4,3.1,47.8,148.1,1.482,100.0,settled,1-4-2,0,0,0.0
2026-08-21 13:06:25,20260820,23,4,1-3-5,0.59,201.0,118.49,1.186,100.0,settled,1-4-2,0,0,0.0
2026-08-21 13:06:25,20260820,23,4,1-4-3,3.83,38.9,148.89,1.49,100.0,settled,1-4-2,0,0,0.0
2026-08-21 13:06:25,20260820,23,4,1-4-5,1.61,91.9,147.69,1.48,100.0,settled,1-4-2,0,0,0.0
2026-08-21 13:06:25,20260820,23,4,1-5-3,0.26,411.3,107.14,1.069,100.0,settled,1-4-2,0,0,0.0
2026-08-21 13:06:25,20260820,23,4,1-5-4,0.46,241.1,111.85,1.109,100.0,settled,1-4-2,0,0,0.0
2026-08-21 13:06:25,20260820,23,5,1-2-4,4.07,35.9,146.05,1.461,100.0,settled,2-4-3,0,0,0.0
2026-08-21 13:06:25,20260820,23,5,1-4-2,1.88,81.0,151.97,1.523,100.0,settled,2-4-3,0,0,0.0
2026-08-21 13:06:25,20260820,23,5,1-4-5,2.25,84.4,190.25,1.899,100.0,settled,2-4-3,0,0,0.0
2026-08-21 13:06:25,20260820,23,5,1-4-6,0.92,196.5,181.66,1.808,100.0,settled,2-4-3,0,0,0.0
2026-08-21 13:06:25,20260820,23,5,1-5-4,2.82,64.9,182.87,1.83,100.0,settled,2-4-3,0,0,0.0
2026-08-21 13:06:25,20260820,23,5,1-6-4,0.32,322.4,102.88,1.032,100.0,settled,2-4-3,0,0,0.0
2026-08-21 13:06:25,20260820,23,6,1-2-6,2.81,243.3,682.65,6.837,100.0,settled,5-1-3,0,0,0.0
2026-08-21 13:06:25,20260820,23,6,1-3-6,5.03,221.4,1114.22,11.136,100.0,settled,5-1-3,0,0,0.0
2026-08-21 13:06:25,20260820,23,6,1-4-6,4.71,183.6,864.08,8.648,100.0,settled,5-1-3,0,0,0.0
2026-08-21 13:06:25,20260820,23,6,1-5-6,0.77,286.3,219.74,2.205,100.0,settled,5-1-3,0,0,0.0
2026-08-21 13:06:25,20260820,23,6,1-6-2,1.52,567.4,861.99,8.624,100.0,settled,5-1-3,0,0,0.0
2026-08-21 13:06:25,20260820,23,6,1-6-3,2.11,725.0,1532.22,15.297,100.0,settled,5-1-3,0,0,0.0
2026-08-21 13:06:25,20260820,23,6,1-6-4,1.72,684.3,1177.06,11.77,100.0,settled,5-1-3,0,0,0.0
2026-08-21 13:06:25,20260820,23,6,1-6-5,0.67,941.8,628.56,6.31,100.0,settled,5-1-3,0,0,0.0
2026-08-21 13:06:25,20260820,23,7,1-2-3,5.3,20.6,109.1,1.092,100.0,settled,3-1-6,0,0,0.0
2026-08-21 13:06:25,20260820,23,7,1-2-5,1.08,255.0,275.48,2.754,100.0,settled,3-1-6,0,0,0.0
2026-08-21 13:06:25,20260820,23,7,1-2-6,3.78,55.6,210.44,2.102,100.0,settled,3-1-6,0,0,0.0
2026-08-21 13:06:25,20260820,23,7,1-5-2,0.35,397.4,140.8,1.391,100.0,settled,3-1-6,0,0,0.0
2026-08-21 13:06:25,20260820,23,7,1-5-3,0.53,255.0,135.2,1.351,100.0,settled,3-1-6,0,0,0.0
2026-08-21 13:06:25,20260820,23,7,1-5-6,0.42,729.5,309.16,3.064,100.0,settled,3-1-6,0,0,0.0
2026-08-21 13:06:25,20260820,23,7,1-6-2,2.51,66.0,165.58,1.657,100.0,settled,3-1-6,0,0,0.0
2026-08-21 13:06:25,20260820,23,7,1-6-5,0.75,414.6,310.62,3.11,100.0,settled,3-1-6,0,0,0.0
2026-08-21 13:06:25,20260820,23,8,1-2-4,12.01,32.0,384.23,3.843,100.0,settled,2-1-4,0,0,0.0
2026-08-21 13:06:25,20260820,23,8,1-3-2,6.18,50.7,313.33,3.133,100.0,settled,2-1-4,0,0,0.0
2026-08-21 13:06:25,20260820,23,8,1-3-4,3.29,143.5,471.86,4.721,100.0,settled,2-1-4,0,0,0.0
2026-08-21 13:06:25,20260820,23,8,1-3-5,0.98,170.6,166.9,1.672,100.0,settled,2-1-4,0,0,0.0
2026-08-21 13:06:25,20260820,23,8,1-4-2,7.67,114.3,877.0,8.767,100.0,settled,2-1-4,0,0,0.0
2026-08-21 13:06:25,20260820,23,8,1-4-3,4.09,228.2,933.66,9.333,100.0,settled,2-1-4,0,0,0.0
2026-08-21 13:06:25,20260820,23,8,1-4-5,2.07,316.6,654.6,6.554,100.0,settled,2-1-4,0,0,0.0
2026-08-21 13:06:25,20260820,23,8,1-5-4,0.68,409.1,279.01,2.782,100.0,settled,2-1-4,0,0,0.0
2026-08-21 13:06:25,20260820,23,9,1-5-3,0.55,230.4,127.64,1.267,100.0,settled,3-1-6,0,0,0.0
2026-08-21 13:06:25,20260820,23,10,1-2-4,8.35,44.5,371.54,3.716,100.0,settled,2-5-6,0,0,0.0
2026-08-21 13:06:25,20260820,23,10,1-2-5,8.87,21.8,193.31,1.934,100.0,settled,2-5-6,0,0,0.0
2026-08-21 13:06:25,20260820,23,10,1-4-2,2.89,156.1,451.29,4.511,100.0,settled,2-5-6,0,0,0.0
2026-08-21 13:06:25,20260820,23,10,1-4-3,1.52,151.1,229.61,2.297,100.0,settled,2-5-6,0,0,0.0
2026-08-21 13:06:25,20260820,23,10,1-4-5,1.23,275.5,339.72,3.389,100.0,settled,2-5-6,0,0,0.0
2026-08-21 13:06:25,20260820,23,10,1-4-6,0.87,218.8,191.32,1.904,100.0,settled,2-5-6,0,0,0.0
2026-08-21 13:06:25,20260820,23,10,1-5-2,2.62,61.2,160.5,1.603,100.0,settled,2-5-6,0,0,0.0
2026-08-21 13:06:25,20260820,23,10,1-5-4,0.97,233.0,225.31,2.26,100.0,settled,2-5-6,0,0,0.0
2026-08-21 13:06:25,20260820,23,11,1-2-5,7.72,27.7,213.83,2.138,100.0,settled,5-6-2,0,0,0.0
2026-08-21 13:06:25,20260820,23,11,1-3-5,2.45,54.3,132.92,1.33,100.0,settled,5-6-2,0,0,0.0
2026-08-21 13:06:25,20260820,23,11,1-4-5,7.85,42.1,330.61,3.305,100.0,settled,5-6-2,0,0,0.0
2026-08-21 13:06:25,20260820,23,11,1-5-2,4.35,55.0,239.13,2.392,100.0,settled,5-6-2,0,0,0.0
2026-08-21 13:06:25,20260820,23,11,1-5-3,2.37,90.0,213.52,2.133,100.0,settled,5-6-2,0,0,0.0
2026-08-21 13:06:25,20260820,23,11,1-5-4,5.01,80.9,404.95,4.053,100.0,settled,5-6-2,0,0,0.0
2026-08-21 13:06:25,20260820,23,11,1-5-6,2.39,110.3,263.84,2.636,100.0,settled,5-6-2,0,0,0.0
2026-08-21 13:06:25,20260820,23,11,1-6-5,1.29,151.8,195.21,1.958,100.0,settled,5-6-2,0,0,0.0
2026-08-21 13:06:25,20260820,23,12,1-3-5,2.94,35.8,105.34,1.053,100.0,settled,1-5-2,0,0,0.0
2026-08-21 13:06:25,20260820,23,12,1-4-3,3.37,29.9,100.78,1.008,100.0,settled,1-5-2,0,0,0.0
2026-08-21 13:06:25,20260820,23,12,1-5-3,2.47,51.9,128.32,1.282,100.0,settled,1-5-2,0,0,0.0
2026-08-21 13:06:25,20260820,23,12,1-5-4,2.17,47.8,103.78,1.037,100.0,settled,1-5-2,0,0,0.0
2026-08-21 13:06:25,20260820,24,1,1-2-3,3.01,38.0,114.21,1.144,100.0,settled,3-1-5,0,0,0.0
2026-08-21 13:06:25,20260820,24,1,1-2-5,2.01,60.3,121.11,1.212,100.0,settled,3-1-5,0,0,0.0
2026-08-21 13:06:25,20260820,24,1,1-2-6,1.33,357.5,474.08,4.755,100.0,settled,3-1-5,0,0,0.0
2026-08-21 13:06:25,20260820,24,1,1-3-6,3.38,175.6,593.97,5.935,100.0,settled,3-1-5,0,0,0.0
2026-08-21 13:06:25,20260820,24,1,1-5-6,1.98,193.0,381.33,3.821,100.0,settled,3-1-5,0,0,0.0
2026-08-21 13:06:25,20260820,24,1,1-6-2,0.85,547.0,465.39,4.65,100.0,settled,3-1-5,0,0,0.0
2026-08-21 13:06:25,20260820,24,1,1-6-3,1.57,631.6,989.28,9.916,100.0,settled,3-1-5,0,0,0.0
2026-08-21 13:06:25,20260820,24,1,1-6-5,1.26,571.0,719.29,7.195,100.0,settled,3-1-5,0,0,0.0
2026-08-21 13:06:25,20260820,24,2,1-2-4,1.59,85.8,136.4,1.364,100.0,settled,3-4-6,0,0,0.0
2026-08-21 13:06:25,20260820,24,2,1-2-6,2.43,74.6,181.36,1.813,100.0,settled,3-4-6,0,0,0.0
2026-08-21 13:06:25,20260820,24,2,1-3-2,1.72,60.9,104.89,1.047,100.0,settled,3-4-6,0,0,0.0
2026-08-21 13:06:25,20260820,24,2,1-4-2,1.44,97.6,140.72,1.405,100.0,settled,3-4-6,0,0,0.0
2026-08-21 13:06:25,20260820,24,2,1-6-2,1.77,92.3,163.58,1.634,100.0,settled,3-4-6,0,0,0.0
2026-08-21 13:06:25,20260820,24,3,1-3-2,2.02,130.3,262.63,2.632,100.0,settled,3-4-1,0,0,0.0
2026-08-21 13:06:25,20260820,24,3,1-3-4,2.83,99.0,280.59,2.802,100.0,settled,3-4-1,0,0,0.0
2026-08-21 13:06:25,20260820,24,3,1-3-5,2.06,213.5,440.26,4.398,100.0,settled,3-4-1,0,0,0.0
2026-08-21 13:06:25,20260820,24,3,1-3-6,7.25,62.6,453.62,4.538,100.0,settled,3-4-1,0,0,0.0
2026-08-21 13:06:25,20260820,24,3,1-5-2,0.35,442.7,156.45,1.549,100.0,settled,3-4-1,0,0,0.0
2026-08-21 13:06:25,20260820,24,3,1-5-3,1.08,476.6,515.92,5.147,100.0,settled,3-4-1,0,0,0.0
2026-08-21 13:06:25,20260820,24,3,1-5-6,1.77,169.2,299.79,2.995,100.0,settled,3-4-1,0,0,0.0
2026-08-21 13:06:25,20260820,24,3,1-6-3,6.65,26.1,173.68,1.736,100.0,settled,3-4-1,0,0,0.0
2026-08-21 13:06:25,20260820,24,4,1-2-6,3.0,62.3,187.12,1.869,100.0,settled,3-1-2,0,0,0.0
2026-08-21 13:06:25,20260820,24,4,1-5-6,0.37,303.8,111.1,1.124,100.0,settled,3-1-2,0,0,0.0
2026-08-21 13:06:25,20260820,24,4,1-6-2,3.12,45.3,141.44,1.413,100.0,settled,3-1-2,0,0,0.0
2026-08-21 13:06:25,20260820,24,4,1-6-5,1.0,127.5,127.96,1.275,100.0,settled,3-1-2,0,0,0.0
2026-08-21 13:06:25,20260820,24,5,1-2-5,0.73,140.5,102.2,1.026,100.0,settled,4-5-1,0,0,0.0
2026-08-21 13:06:25,20260820,24,5,1-2-6,0.48,229.2,109.1,1.1,100.0,settled,4-5-1,0,0,0.0
2026-08-21 13:06:25,20260820,24,5,1-3-2,4.05,31.9,129.15,1.292,100.0,settled,4-5-1,0,0,0.0
2026-08-21 13:06:25,20260820,24,5,1-3-6,1.13,110.6,124.55,1.25,100.0,settled,4-5-1,0,0,0.0
2026-08-21 13:06:25,20260820,24,5,1-5-3,0.81,140.5,114.42,1.138,100.0,settled,4-5-1,0,0,0.0
2026-08-21 13:06:25,20260820,24,5,1-6-3,0.38,404.8,154.63,1.538,100.0,settled,4-5-1,0,0,0.0
2026-08-21 13:06:25,20260820,24,5,1-6-4,0.39,282.0,109.95,1.1,100.0,settled,4-5-1,0,0,0.0
2026-08-21 13:06:25,20260820,24,5,1-6-5,0.16,744.3,118.42,1.191,100.0,settled,4-5-1,0,0,0.0
2026-08-21 13:06:25,20260820,24,6,1-2-4,2.2,47.2,103.71,1.038,100.0,settled,3-1-5,0,0,0.0
2026-08-21 13:06:25,20260820,24,6,1-3-6,5.29,26.7,141.23,1.412,100.0,settled,3-1-5,0,0,0.0
2026-08-21 13:06:25,20260820,24,6,1-4-2,1.89,78.3,147.95,1.48,100.0,settled,3-1-5,0,0,0.0
2026-08-21 13:06:25,20260820,24,6,1-4-3,5.02,44.8,224.69,2.249,100.0,settled,3-1-5,0,0,0.0
2026-08-21 13:06:25,20260820,24,6,1-4-6,1.12,183.4,204.89,2.054,100.0,settled,3-1-5,0,0,0.0
2026-08-21 13:06:25,20260820,24,6,1-6-2,0.49,258.5,125.84,1.267,100.0,settled,3-1-5,0,0,0.0
2026-08-21 13:06:25,20260820,24,6,1-6-3,1.05,183.6,192.67,1.928,100.0,settled,3-1-5,0,0,0.0
2026-08-21 13:06:25,20260820,24,6,1-6-4,0.31,426.8,132.27,1.323,100.0,settled,3-1-5,0,0,0.0
2026-08-21 13:06:25,20260820,24,7,1-3-4,8.77,25.4,222.85,2.228,100.0,settled,1-3-2,0,0,0.0
2026-08-21 13:06:25,20260820,24,7,1-4-2,2.28,65.3,148.61,1.489,100.0,settled,1-3-2,0,0,0.0
2026-08-21 13:06:25,20260820,24,7,1-4-3,6.26,57.8,361.78,3.618,100.0,settled,1-3-2,0,0,0.0
2026-08-21 13:06:25,20260820,24,7,1-4-5,3.02,69.8,210.8,2.108,100.0,settled,1-3-2,0,0,0.0
2026-08-21 13:06:25,20260820,24,7,1-4-6,2.6,66.7,173.18,1.734,100.0,settled,1-3-2,0,0,0.0
2026-08-21 13:06:25,20260820,24,7,1-5-4,1.64,72.6,119.11,1.191,100.0,settled,1-3-2,0,0,0.0
2026-08-21 13:06:25,20260820,24,8,1-4-5,2.99,75.8,226.99,2.266,100.0,settled,1-3-2,0,0,0.0
2026-08-21 13:06:25,20260820,24,8,1-4-6,3.3,97.7,322.87,3.224,100.0,settled,1-3-2,0,0,0.0
2026-08-21 13:06:25,20260820,24,8,1-5-4,2.63,89.5,235.01,2.354,100.0,settled,1-3-2,0,0,0.0
2026-08-21 13:06:25,20260820,24,8,1-5-6,7.48,72.4,541.23,5.416,100.0,settled,1-3-2,0,0,0.0
2026-08-21 13:06:25,20260820,24,8,1-6-2,4.8,89.0,427.48,4.272,100.0,settled,1-3-2,0,0,0.0
2026-08-21 13:06:25,20260820,24,8,1-6-3,2.98,164.2,488.53,4.893,100.0,settled,1-3-2,0,0,0.0
2026-08-21 13:06:25,20260820,24,8,1-6-4,3.02,218.6,659.47,6.602,100.0,settled,1-3-2,0,0,0.0
2026-08-21 13:06:25,20260820,24,8,1-6-5,5.87,158.2,928.52,9.286,100.0,settled,1-3-2,0,0,0.0
2026-08-21 13:06:25,20260820,24,9,1-2-6,3.72,52.6,195.66,1.957,100.0,settled,4-5-1,0,0,0.0
2026-08-21 13:06:25,20260820,24,9,1-3-6,7.27,28.0,203.49,2.036,100.0,settled,4-5-1,0,0,0.0
2026-08-21 13:06:25,20260820,24,9,1-6-2,5.16,88.2,454.87,4.551,100.0,settled,4-5-1,0,0,0.0
2026-08-21 13:06:25,20260820,24,9,1-6-3,8.93,60.9,543.97,5.438,100.0,settled,4-5-1,0,0,0.0
2026-08-21 13:06:25,20260820,24,9,1-6-4,4.73,40.6,191.85,1.92,100.0,settled,4-5-1,0,0,0.0
2026-08-21 13:06:25,20260820,24,10,1-2-4,7.89,21.4,168.79,1.688,100.0,settled,3-1-5,0,0,0.0
2026-08-21 13:06:25,20260820,24,10,1-4-2,2.9,72.7,210.74,2.108,100.0,settled,3-1-5,0,0,0.0
2026-08-21 13:06:25,20260820,24,10,1-4-3,1.74,88.9,154.69,1.547,100.0,settled,3-1-5,0,0,0.0
2026-08-21 13:06:25,20260820,24,10,1-4-6,1.51,74.0,112.04,1.117,100.0,settled,3-1-5,0,0,0.0
2026-08-21 13:06:25,20260820,24,11,1-4-5,6.2,20.1,124.66,1.246,100.0,settled,1-5-3,0,0,0.0
2026-08-21 13:06:25,20260820,24,11,1-5-3,4.03,40.5,163.21,1.632,100.0,settled,1-5-3,1,4050.0,4050.0
2026-08-21 13:06:25,20260820,24,11,1-5-4,3.51,43.3,151.81,1.52,100.0,settled,1-5-3,0,0,0.0
2026-08-21 13:06:25,20260820,24,11,1-5-6,1.81,61.4,111.13,1.111,100.0,settled,1-5-3,0,0,0.0
2026-08-21 13:06:25,20260820,24,12,1-2-6,3.54,34.7,122.99,1.228,100.0,settled,1-3-4,0,0,0.0
2026-08-21 13:06:25,20260820,24,12,1-4-2,8.48,22.7,192.46,1.925,100.0,settled,1-3-4,0,0,0.0
2026-08-21 13:06:25,20260820,24,12,1-4-6,5.87,21.7,127.46,1.274,100.0,settled,1-3-4,0,0,0.0
2026-08-28 09:01:29,20260828,14,1,1-3-2,2.32,45.6,105.75,1.058,100.0,settled,1-4-5,0,0,0.0
2026-08-28 09:01:29,20260828,14,1,1-4-2,2.82,46.7,131.88,1.317,100.0,settled,1-4-5,0,0,0.0
2026-08-28 09:01:29,20260828,23,1,1-2-6,6.59,27.5,181.36,1.812,100.0,settled,1-3-2,0,0,0.0
2026-08-28 09:01:29,20260828,23,1,1-4-2,4.79,32.5,155.84,1.557,100.0,settled,1-3-2,0,0,0.0
2026-08-28 09:01:29,20260828,23,1,1-4-5,4.12,35.8,147.6,1.475,100.0,settled,1-3-2,0,0,0.0
2026-08-28 09:01:29,20260828,23,1,1-4-6,1.51,72.5,109.58,1.095,100.0,settled,1-3-2,0,0,0.0
2026-08-28 09:01:29,20260828,23,1,1-5-4,3.16,38.5,121.71,1.217,100.0,settled,1-3-2,0,0,0.0
2026-08-28 09:01:29,20260828,23,1,1-6-2,1.99,79.9,158.87,1.59,100.0,settled,1-3-2,0,0,0.0
2026-08-28 09:01:29,20260828,23,1,1-6-4,0.85,144.6,122.94,1.229,100.0,settled,1-3-2,0,0,0.0
2026-08-28 09:01:29,20260828,23,1,1-6-5,1.89,84.0,158.69,1.588,100.0,settled,1-3-2,0,0,0.0
2026-09-17 03:28:38,20260916,4,1,1-2-6,1.07,157.8,168.26,1.688,100.0,settled,3-5-1,0,0,0.0
2026-09-17 03:28:38,20260916,4,1,1-6-2,0.5,300.7,149.99,1.504,100.0,settled,3-5-1,0,0,0.0
2026-09-17 03:28:38,20260916,4,1,1-6-3,0.39,327.3,128.2,1.276,100.0,settled,3-5-1,0,0,0.0
2026-09-17 03:28:38,20260916,4,1,1-6-5,0.38,378.7,143.0,1.439,100.0,settled,3-5-1,0,0,0.0
2026-09-17 03:28:38,20260916,4,2,1-2-4,1.83,111.9,204.52,2.048,100.0,settled,3-2-5,0,0,0.0
2026-09-17 03:28:38,20260916,4,2,1-3-4,1.73,78.8,136.5,1.363,100.0,settled,3-2-5,0,0,0.0
2026-09-17 03:28:38,20260916,4,2,1-4-2,1.14,236.9,270.56,2.701,100.0,settled,3-2-5,0,0,0.0
2026-09-17 03:28:38,20260916,4,2,1-4-3,1.25,308.2,383.74,3.853,100.0,settled,3-2-5,0,0,0.0
2026-09-17 03:28:38,20260916,4,2,1-4-5,0.77,472.9,361.86,3.641,100.0,settled,3-2-5,0,0,0.0
2026-09-17 03:28:38,20260916,4,2,1-5-2,1.42,89.2,126.66,1.267,100.0,settled,3-2-5,0,0,0.0
2026-09-17 03:28:38,20260916,4,2,1-5-3,1.31,84.7,111.21,1.11,100.0,settled,3-2-5,0,0,0.0
2026-09-17 03:28:38,20260916,4,2,1-5-4,0.47,412.6,193.26,1.939,100.0,settled,3-2-5,0,0,0.0
2026-09-17 03:28:38,20260916,4,4,1-4-6,1.21,95.3,115.5,1.153,100.0,settled,1-5-4,0,0,0.0
2026-09-17 03:28:38,20260916,4,4,1-6-4,0.38,339.9,128.65,1.292,100.0,settled,1-5-4,0,0,0.0
2026-09-17 03:28:38,20260916,4,4,1-6-5,0.42,342.0,142.85,1.436,100.0,settled,1-5-4,0,0,0.0
2026-09-17 03:28:38,20260916,4,5,1-2-3,8.98,34.0,305.36,3.053,100.0,settled,1-2-3,1,3400.0,3400.0
2026-09-17 03:28:38,20260916,4,5,1-2-6,1.96,769.4,1509.79,15.08,100.0,settled,1-2-3,0,0,0.0
2026-09-17 03:28:38,20260916,4,5,1-3-2,13.62,50.1,682.47,6.824,100.0,settled,1-2-3,0,0,0.0
2026-09-17 03:28:38,20260916,4,5,1-3-6,1.3,846.4,1101.5,11.003,100.0,settled,1-2-3,0,0,0.0
2026-09-17 03:28:38,20260916,4,5,1-4-6,1.84,420.5,772.04,7.737,100.0,settled,1-2-3,0,0,0.0
2026-09-17 03:28:38,20260916,4,5,1-6-2,0.48,1041.0,501.55,4.997,100.0,settled,1-2-3,0,0,0.0
2026-09-17 03:28:38,20260916,4,5,1-6-3,0.36,1991.0,722.53,7.168,100.0,settled,1-2-3,0,0,0.0
2026-09-17 03:28:38,20260916,4,5,1-6-4,0.36,1751.0,629.31,6.304,100.0,settled,1-2-3,0,0,0.0
2026-09-17 03:28:38,20260916,4,6,1-2-3,11.6,43.2,501.14,5.011,100.0,settled,5-3-4,0,0,0.0
2026-09-17 03:28:38,20260916,4,6,1-2-4,2.49,66.3,164.9,1.651,100.0,settled,5-3-4,0,0,0.0
2026-09-17 03:28:38,20260916,4,6,1-2-5,3.61,38.7,139.88,1.397,100.0,settled,5-3-4,0,0,0.0
2026-09-17 03:28:38,20260916,4,6,1-2-6,2.46,52.3,128.53,1.287,100.0,settled,5-3-4,0,0,0.0
2026-09-17 03:28:38,20260916,4,6,1-3-2,9.6,41.3,396.42,3.965,100.0,settled,5-3-4,0,0,0.0
2026-09-17 03:28:38,20260916,4,6,1-3-4,2.46,45.7,112.55,1.124,100.0,settled,5-3-4,0,0,0.0
2026-09-17 03:28:38,20260916,4,7,1-4-5,3.06,108.5,331.51,3.32,100.0,settled,4-3-6,0,0,0.0
2026-09-17 03:28:38,20260916,4,7,1-4-6,4.13,46.9,193.61,1.937,100.0,settled,4-3-6,0,0,0.0
2026-09-17 03:28:38,20260916,4,7,1-5-2,0.63,468.0,294.51,2.948,100.0,settled,4-3-6,0,0,0.0
2026-09-17 03:28:38,20260916,4,7,1-5-3,0.88,393.0,346.43,3.458,100.0,settled,4-3-6,0,0,0.0
2026-09-17 03:28:38,20260916,4,7,1-5-4,1.58,292.4,460.62,4.62,100.0,settled,4-3-6,0,0,0.0
2026-09-17 03:28:38,20260916,4,7,1-5-6,1.18,442.1,520.71,5.217,100.0,settled,4-3-6,0,0,0.0
2026-09-17 03:28:38,20260916,4,7,1-6-4,1.27,150.8,192.07,1.915,100.0,settled,4-3-6,0,0,0.0
2026-09-17 03:28:38,20260916,4,7,1-6-5,0.63,418.0,261.92,2.633,100.0,settled,4-3-6,0,0,0.0
2026-09-17 03:28:38,20260916,4,8,1-2-5,1.36,161.4,218.78,2.195,100.0,settled,1-2-6,0,0,0.0
2026-09-17 03:28:38,20260916,4,8,1-3-5,1.67,169.5,283.44,2.831,100.0,settled,1-2-6,0,0,0.0
2026-09-17 03:28:38,20260916,4,8,1-4-5,0.37,320.6,118.04,1.186,100.0,settled,1-2-6,0,0,0.0
2026-09-17 03:28:38,20260916,4,8,1-5-2,0.64,377.9,240.61,2.419,100.0,settled,1-2-6,0,0,0.0
2026-09-17 03:28:38,20260916,4,8,1-5-3,0.86,452.7,387.19,3.893,100.0,settled,1-2-6,0,0,0.0
2026-09-17 03:28:38,20260916,4,8,1-5-4,0.22,576.2,124.75,1.268,100.0,settled,1-2-6,0,0,0.0
2026-09-17 03:28:38,20260916,4,8,1-5-6,0.89,268.4,238.23,2.389,100.0,settled,1-2-6,0,0,0.0
2026-09-17 03:28:38,20260916,4,8,1-6-5,1.6,87.4,139.91,1.398,100.0,settled,1-2-6,0,0,0.0
2026-09-17 03:28:38,20260916,4,9,1-3-5,1.83,216.6,396.59,3.964,100.0,settled,3-4-1,0,0,0.0
2026-09-17 03:28:38,20260916,4,9,1-3-6,3.45,130.0,448.53,4.485,100.0,settled,3-4-1,0,0,0.0
2026-09-17 03:28:38,20260916,4,9,1-5-3,0.87,492.4,427.5,4.284,100.0,settled,3-4-1,0,0,0.0
2026-09-17 03:28:38,20260916,4,9,1-5-4,0.7,389.1,272.37,2.724,100.0,settled,3-4-1,0,0,0.0
2026-09-17 03:28:38,20260916,4,9,1-5-6,0.4,722.7,287.27,2.891,100.0,settled,3-4-1,0,0,0.0
2026-09-17 03:28:38,20260916,4,9,1-6-3,1.88,389.1,731.86,7.315,100.0,settled,3-4-1,0,0,0.0
2026-09-17 03:28:38,20260916,4,9,1-6-4,1.46,318.1,465.92,4.644,100.0,settled,3-4-1,0,0,0.0
2026-09-17 03:28:38,20260916,4,9,1-6-5,0.4,928.1,368.92,3.712,100.0,settled,3-4-1,0,0,0.0
2026-09-17 03:28:38,20260916,4,10,1-2-3,4.08,58.5,238.97,2.387,100.0,settled,1-5-4,0,0,0.0
2026-09-17 03:28:38,20260916,4,10,1-2-5,6.19,29.6,183.24,1.832,100.0,settled,1-5-4,0,0,0.0
2026-09-17 03:28:38,20260916,4,10,1-3-2,3.95,72.7,286.95,2.872,100.0,settled,1-5-4,0,0,0.0
2026-09-17 03:28:38,20260916,4,10,1-3-5,5.07,43.2,218.92,2.19,100.0,settled,1-5-4,0,0,0.0
2026-09-17 03:28:38,20260916,4,10,1-5-2,6.8,28.2,191.73,1.918,100.0,settled,1-5-4,0,0,0.0
2026-09-17 03:28:38,20260916,4,10,1-5-3,6.64,45.7,303.39,3.034,100.0,settled,1-5-4,0,0,0.0
2026-09-17 03:28:38,20260916,4,11,1-2-5,4.69,25.5,119.62,1.196,100.0,settled,2-1-4,0,0,0.0
2026-09-17 03:28:38,20260916,4,11,1-3-4,1.57,76.8,120.86,1.206,100.0,settled,2-1-4,0,0,0.0
2026-09-17 03:28:38,20260916,4,11,1-4-2,8.65,24.8,214.58,2.145,100.0,settled,2-1-4,0,0,0.0
2026-09-17 03:28:38,20260916,4,11,1-4-3,2.66,91.4,242.89,2.431,100.0,settled,2-1-4,0,0,0.0
2026-09-17 03:28:38,20260916,4,11,1-4-5,1.78,109.0,193.86,1.94,100.0,settled,2-1-4,0,0,0.0
2026-09-17 03:28:38,20260916,4,11,1-5-4,0.77,159.2,123.33,1.226,100.0,settled,2-1-4,0,0,0.0
2026-09-17 03:28:38,20260916,4,12,1-2-4,2.67,38.4,102.35,1.025,100.0,settled,3-1-2,0,0,0.0
2026-09-17 03:28:38,20260916,4,12,1-4-2,1.97,64.8,127.33,1.277,100.0,settled,3-1-2,0,0,0.0
2026-09-17 03:28:38,20260916,4,12,1-4-3,3.61,59.1,213.16,2.134,100.0,settled,3-1-2,0,0,0.0
2026-09-17 03:28:38,20260916,4,12,1-4-5,3.33,50.8,169.07,1.692,100.0,settled,3-1-2,0,0,0.0
2026-09-17 03:28:38,20260916,5,1,1-2-6,4.34,60.4,262.0,2.621,100.0,settled,1-4-2,0,0,0.0
2026-09-17 03:28:38,20260916,5,1,1-3-6,5.57,52.5,292.58,2.924,100.0,settled,1-4-2,0,0,0.0
2026-09-17 03:28:38,20260916,5,1,1-5-3,2.48,65.2,161.61,1.617,100.0,settled,1-4-2,0,0,0.0
2026-09-17 03:28:38,20260916,5,1,1-5-6,2.05,122.1,250.04,2.503,100.0,settled,1-4-2,0,0,0.0
2026-09-17 03:28:38,20260916,5,1,1-6-2,1.47,184.1,270.28,2.706,100.0,settled,1-4-2,0,0,0.0
2026-09-17 03:28:38,20260916,5,1,1-6-3,1.57,208.9,328.83,3.28,100.0,settled,1-4-2,0,0,0.0
2026-09-17 03:28:38,20260916,5,1,1-6-4,1.35,162.6,219.09,2.195,100.0,settled,1-4-2,0,0,0.0
2026-09-17 03:28:38,20260916,5,1,1-6-5,1.09,247.9,270.98,2.702,100.0,settled,1-4-2,0,0,0.0
2026-09-17 03:28:38,20260916,5,2,1-2-3,6.63,20.3,134.51,1.346,100.0,settled,2-1-6,0,0,0.0
2026-09-17 03:28:38,20260916,5,2,1-2-6,3.96,31.8,126.08,1.259,100.0,settled,2-1-6,0,0,0.0
2026-09-17 03:28:38,20260916,5,2,1-6-4,1.64,62.1,102.12,1.018,100.0,settled,2-1-6,0,0,0.0
2026-09-17 03:28:38,20260916,5,3,1-4-5,2.67,48.1,128.62,1.284,100.0,settled,1-3-2,0,0,0.0
2026-09-17 03:28:38,20260916,5,3,1-5-3,1.7,73.3,124.66,1.246,100.0,settled,1-3-2,0,0,0.0
2026-09-17 03:28:38,20260916,5,3,1-5-4,1.6,98.8,158.04,1.581,100.0,settled,1-3-2,0,0,0.0
2026-09-17 03:28:38,20260916,5,3,1-5-6,1.35,97.1,131.08,1.311,100.0,settled,1-3-2,0,0,0.0
2026-09-17 03:28:38,20260916,5,3,1-6-4,1.35,79.1,106.52,1.068,100.0,settled,1-3-2,0,0,0.0
2026-09-17 03:28:38,20260916,5,3,1-6-5,0.81,161.5,131.27,1.308,100.0,settled,1-3-2,0,0,0.0
2026-09-17 03:28:38,20260916,5,4,1-2-6,2.97,50.9,151.0,1.512,100.0,settled,1-3-4,0,0,0.0
2026-09-17 03:28:38,20260916,5,4,1-6-2,0.71,160.0,113.71,1.136,100.0,settled,1-3-4,0,0,0.0
2026-09-17 03:28:38,20260916,5,4,1-6-3,0.37,283.6,103.54,1.049,100.0,settled,1-3-4,0,0,0.0
2026-09-17 03:28:38,20260916,5,4,1-6-4,0.41,268.6,110.64,1.101,100.0,settled,1-3-4,0,0,0.0
2026-09-17 03:28:38,20260916,5,6,1-4-2,3.59,37.1,133.04,1.332,100.0,settled,2-1-5,0,0,0.0
2026-09-17 03:28:38,20260916,5,6,1-4-3,4.05,38.2,154.65,1.547,100.0,settled,2-1-5,0,0,0.0
2026-09-17 03:28:38,20260916,5,6,1-4-5,2.08,61.4,127.66,1.277,100.0,settled,2-1-5,0,0,0.0
2026-09-17 03:28:38,20260916,5,6,1-4-6,4.07,51.3,208.9,2.088,100.0,settled,2-1-5,0,0,0.0
2026-09-17 03:28:38,20260916,5,6,1-5-4,0.97,115.7,112.68,1.122,100.0,settled,2-1-5,0,0,0.0
2026-09-17 03:28:38,20260916,5,6,1-6-4,1.57,120.1,188.62,1.886,100.0,settled,2-1-5,0,0,0.0
2026-09-17 03:28:38,20260916,5,7,1-2-4,7.94,22.8,180.96,1.81,100.0,settled,2-4-6,0,0,0.0
2026-09-17 03:28:38,20260916,5,7,1-4-2,5.93,29.2,173.05,1.732,100.0,settled,2-4-6,0,0,0.0
2026-09-17 03:28:38,20260916,5,7,1-4-6,3.5,58.0,202.75,2.03,100.0,settled,2-4-6,0,0,0.0
2026-09-17 03:28:38,20260916,5,7,1-5-2,3.21,46.6,149.52,1.496,100.0,settled,2-4-6,0,0,0.0
2026-09-17 03:28:38,20260916,5,7,1-5-4,3.78,42.1,159.02,1.591,100.0,settled,2-4-6,0,0,0.0
2026-09-17 03:28:38,20260916,5,7,1-5-6,1.5,95.6,143.69,1.434,100.0,settled,2-4-6,0,0,0.0
2026-09-17 03:28:38,20260916,5,7,1-6-4,1.0,222.1,223.12,2.221,100.0,settled,2-4-6,0,0,0.0
2026-09-17 03:28:38,20260916,5,7,1-6-5,0.68,312.2,211.48,2.123,100.0,settled,2-4-6,0,0,0.0
2026-09-17 03:28:38,20260916,5,8,1-2-3,7.81,21.8,170.36,1.703,100.0,settled,1-2-3,1,2180.0,2180.0
2026-09-17 03:28:38,20260916,5,8,1-2-6,12.24,27.8,340.33,3.403,100.0,settled,1-2-3,0,0,0.0
2026-09-17 03:28:38,20260916,5,8,1-3-2,7.87,28.8,226.71,2.267,100.0,settled,1-2-3,0,0,0.0
2026-09-17 03:28:38,20260916,5,8,1-3-6,4.37,68.7,300.37,3.002,100.0,settled,1-2-3,0,0,0.0
2026-09-17 03:28:38,20260916,5,8,1-6-2,5.05,86.9,439.06,4.388,100.0,settled,1-2-3,0,0,0.0
2026-09-17 03:28:38,20260916,5,8,1-6-3,2.55,172.1,438.03,4.389,100.0,settled,1-2-3,0,0,0.0
2026-09-17 03:28:38,20260916,5,8,1-6-4,2.18,80.2,174.93,1.748,100.0,settled,1-2-3,0,0,0.0
2026-09-17 03:28:38,20260916,5,8,1-6-5,3.04,97.6,297.03,2.967,100.0,settled,1-2-3,0,0,0.0
2026-09-17 03:28:38,20260916,5,9,1-3-5,3.83,29.0,110.98,1.111,100.0,settled,1-5-2,0,0,0.0
2026-09-17 03:28:38,20260916,5,9,1-5-2,4.78,22.9,109.36,1.095,100.0,settled,1-5-2,1,2290.0,2290.0
2026-09-17 03:28:38,20260916,5,9,1-5-3,3.64,51.2,186.2,1.864,100.0,settled,1-5-2,0,0,0.0
2026-09-17 03:28:38,20260916,5,9,1-5-4,2.46,43.2,106.27,1.063,100.0,settled,1-5-2,0,0,0.0
2026-09-17 03:28:38,20260916,5,10,1-6-3,1.95,71.8,140.05,1.4,100.0,settled,1-2-4,0,0,0.0
2026-09-17 03:28:38,20260916,5,10,1-6-4,2.17,58.3,126.25,1.265,100.0,settled,1-2-4,0,0,0.0
2026-09-17 03:28:38,20260916,5,11,1-4-2,5.64,34.2,192.93,1.929,100.0,settled,1-3-4,0,0,0.0
2026-09-17 03:28:38,20260916,5,11,1-4-3,5.9,41.9,247.2,2.472,100.0,settled,1-3-4,0,0,0.0
2026-09-17 03:28:38,20260916,5,11,1-4-5,3.52,55.1,194.18,1.94,100.0,settled,1-3-4,0,0,0.0
2026-09-17 03:28:38,20260916,5,11,1-4-6,3.1,67.5,209.41,2.092,100.0,settled,1-3-4,0,0,0.0
2026-09-17 03:28:38,20260916,5,11,1-5-4,2.72,70.8,192.84,1.926,100.0,settled,1-3-4,0,0,0.0
2026-09-17 03:28:38,20260916,5,11,1-6-4,0.91,140.4,127.3,1.278,100.0,settled,1-3-4,0,0,0.0
2026-09-17 03:28:38,20260916,5,12,1-2-3,5.5,26.7,146.82,1.468,100.0,settled,1-5-4,0,0,0.0
2026-09-17 03:28:38,20260916,5,12,1-3-2,3.42,38.4,131.43,1.313,100.0,settled,1-5-4,0,0,0.0
2026-09-17 03:28:38,20260916,5,12,1-3-5,4.07,45.0,183.15,1.831,100.0,settled,1-5-4,0,0,0.0
2026-09-17 03:28:38,20260916,5,12,1-3-6,3.36,67.3,226.24,2.261,100.0,settled,1-5-4,0,0,0.0
2026-09-17 03:28:38,20260916,5,12,1-5-3,4.9,47.7,233.77,2.337,100.0,settled,1-5-4,0,0,0.0
2026-09-17 03:28:38,20260916,5,12,1-5-6,6.83,29.2,199.43,1.994,100.0,settled,1-5-4,0,0,0.0
2026-09-17 03:28:38,20260916,5,12,1-6-3,1.21,89.9,108.56,1.088,100.0,settled,1-5-4,0,0,0.0
2026-09-17 03:28:38,20260916,5,12,1-6-5,2.79,54.1,151.04,1.509,100.0,settled,1-5-4,0,0,0.0
2026-09-17 03:28:38,20260916,7,1,1-2-5,8.4,105.8,888.48,8.887,100.0,settled,6-2-4,0,0,0.0
2026-09-17 03:28:38,20260916,7,1,1-2-6,7.18,112.3,806.49,8.063,100.0,settled,6-2-4,0,0,0.0
2026-09-17 03:28:38,20260916,7,1,1-5-2,4.69,272.6,1278.63,12.785,100.0,settled,6-2-4,0,0,0.0
2026-09-17 03:28:38,20260916,7,1,1-5-3,2.83,232.8,658.47,6.588,100.0,settled,6-2-4,0,0,0.0
2026-09-17 03:28:38,20260916,7,1,1-5-6,4.25,499.0,2120.05,21.208,100.0,settled,6-2-4,0,0,0.0
2026-09-17 03:28:38,20260916,7,1,1-6-2,3.56,312.9,1115.24,11.139,100.0,settled,6-2-4,0,0,0.0
2026-09-17 03:28:38,20260916,7,1,1-6-3,1.94,435.1,844.09,8.441,100.0,settled,6-2-4,0,0,0.0
2026-09-17 03:28:38,20260916,7,1,1-6-5,3.33,633.5,2108.48,21.096,100.0,settled,6-2-4,0,0,0.0
2026-09-17 03:28:38,20260916,7,2,1-3-6,2.25,105.7,237.39,2.378,100.0,settled,2-3-4,0,0,0.0
2026-09-17 03:28:38,20260916,7,2,1-4-6,1.58,136.3,214.69,2.154,100.0,settled,2-3-4,0,0,0.0
2026-09-17 03:28:38,20260916,7,2,1-5-3,1.26,153.9,193.47,1.939,100.0,settled,2-3-4,0,0,0.0
2026-09-17 03:28:38,20260916,7,2,1-5-6,1.45,450.6,652.06,6.534,100.0,settled,2-3-4,0,0,0.0
2026-09-17 03:28:38,20260916,7,2,1-6-2,1.7,214.3,364.82,3.643,100.0,settled,2-3-4,0,0,0.0
2026-09-17 03:28:38,20260916,7,2,1-6-3,1.56,291.8,453.84,4.552,100.0,settled,2-3-4,0,0,0.0
2026-09-17 03:28:38,20260916,7,2,1-6-4,1.36,287.3,389.55,3.907,100.0,settled,2-3-4,0,0,0.0
2026-09-17 03:28:38,20260916,7,2,1-6-5,1.46,518.7,758.08,7.573,100.0,settled,2-3-4,0,0,0.0
2026-09-17 03:28:38,20260916,7,3,1-2-3,3.29,33.7,110.83,1.109,100.0,settled,3-5-1,0,0,0.0
2026-09-17 03:28:38,20260916,7,3,1-4-3,0.89,185.4,165.06,1.65,100.0,settled,3-5-1,0,0,0.0
2026-09-17 03:28:38,20260916,7,4,1-2-6,4.11,65.7,270.16,2.7,100.0,settled,1-4-2,0,0,0.0
2026-09-17 03:28:38,20260916,7,4,1-6-2,2.77,156.2,432.19,4.327,100.0,settled,1-4-2,0,0,0.0
2026-09-17 03:28:38,20260916,7,4,1-6-3,1.64,133.8,219.31,2.194,100.0,settled,1-4-2,0,0,0.0
2026-09-17 03:28:38,20260916,7,4,1-6-5,0.61,252.2,155.1,1.538,100.0,settled,1-4-2,0,0,0.0
2026-09-17 03:28:38,20260916,7,5,1-2-4,1.07,154.3,165.13,1.651,100.0,settled,5-1-6,0,0,0.0
2026-09-17 03:28:38,20260916,7,5,1-3-2,19.05,47.4,902.85,9.03,100.0,settled,5-1-6,0,0,0.0
2026-09-17 03:28:38,20260916,7,5,1-3-4,4.61,149.2,687.72,6.878,100.0,settled,5-1-6,0,0,0.0
2026-09-17 03:28:38,20260916,7,5,1-4-2,1.4,295.4,412.59,4.136,100.0,settled,5-1-6,0,0,0.0
2026-09-17 03:28:38,20260916,7,5,1-4-3,2.72,368.5,1000.88,10.023,100.0,settled,5-1-6,0,0,0.0
2026-09-17 03:28:38,20260916,7,5,1-4-5,1.78,257.4,458.94,4.582,100.0,settled,5-1-6,0,0,0.0
2026-09-17 03:28:38,20260916,7,5,1-4-6,0.47,351.9,164.62,1.654,100.0,settled,5-1-6,0,0,0.0
2026-09-17 03:28:38,20260916,7,5,1-5-4,0.96,145.6,139.28,1.398,100.0,settled,5-1-6,0,0,0.0
2026-09-17 03:28:38,20260916,7,6,1-2-6,6.56,98.2,644.27,6.442,100.0,settled,1-2-3,0,0,0.0
2026-09-17 03:28:38,20260916,7,6,1-4-6,1.66,164.3,273.25,2.727,100.0,settled,1-2-3,0,0,0.0
2026-09-17 03:28:38,20260916,7,6,1-6-2,6.75,183.9,1241.51,12.413,100.0,settled,1-2-3,0,0,0.0
2026-09-17 03:28:38,20260916,7,6,1-6-3,8.4,91.9,771.66,7.72,100.0,settled,1-2-3,0,0,0.0
2026-09-17 03:28:38,20260916,7,6,1-6-4,2.27,321.5,729.64,7.298,100.0,settled,1-2-3,0,0,0.0
2026-09-17 03:28:38,20260916,7,6,1-6-5,2.09,196.2,410.16,4.101,100.0,settled,1-2-3,0,0,0.0
2026-09-17 03:28:38,20260916,7,7,1-2-6,5.67,134.8,764.96,7.643,100.0,settled,3-1-4,0,0,0.0
2026-09-17 03:28:38,20260916,7,7,1-3-6,10.95,69.2,757.57,7.577,100.0,settled,3-1-4,0,0,0.0
2026-09-17 03:28:38,20260916,7,7,1-5-3,1.32,96.2,126.83,1.27,100.0,settled,3-1-4,0,0,0.0
2026-09-17 03:28:38,20260916,7,7,1-5-6,1.96,388.6,761.0,7.617,100.0,settled,3-1-4,0,0,0.0
2026-09-17 03:28:38,20260916,7,7,1-6-2,6.82,346.6,2363.81,23.638,100.0,settled,3-1-4,0,0,0.0
2026-09-17 03:28:38,20260916,7,7,1-6-3,9.72,346.9,3371.8,33.719,100.0,settled,3-1-4,0,0,0.0
2026-09-17 03:28:38,20260916,7,7,1-6-4,1.57,437.8,688.7,6.873,100.0,settled,3-1-4,0,0,0.0
2026-09-17 03:28:38,20260916,7,7,1-6-5,3.56,586.3,2087.87,20.872,100.0,settled,3-1-4,0,0,0.0
2026-09-17 03:28:38,20260916,7,8,1-2-3,9.1,35.0,318.47,3.185,100.0,settled,4-2-1,0,0,0.0
2026-09-17 03:28:38,20260916,7,8,1-2-6,2.79,76.9,214.34,2.146,100.0,settled,4-2-1,0,0,0.0
2026-09-17 03:28:38,20260916,7,8,1-3-2,4.14,70.7,292.87,2.927,100.0,settled,4-2-1,0,0,0.0
2026-09-17 03:28:38,20260916,7,8,1-3-4,2.27,67.4,152.97,1.53,100.0,settled,4-2-1,0,0,0.0
2026-09-17 03:28:38,20260916,7,8,1-3-6,0.55,323.4,176.38,1.779,100.0,settled,4-2-1,0,0,0.0
2026-09-17 03:28:38,20260916,7,8,1-6-2,0.71,220.8,157.58,1.568,100.0,settled,4-2-1,0,0,0.0
2026-09-17 03:28:38,20260916,7,8,1-6-3,0.28,580.8,161.46,1.626,100.0,settled,4-2-1,0,0,0.0
2026-09-17 03:28:38,20260916,7,9,1-2-6,2.45,172.6,423.51,4.229,100.0,settled,4-3-5,0,0,0.0
2026-09-17 03:28:38,20260916,7,9,1-3-6,4.85,163.1,791.41,7.91,100.0,settled,4-3-5,0,0,0.0
2026-09-17 03:28:38,20260916,7,9,1-5-3,2.26,79.7,179.74,1.801,100.0,settled,4-3-5,0,0,0.0
2026-09-17 03:28:38,20260916,7,9,1-5-6,1.81,241.3,437.55,4.368,100.0,settled,4-3-5,0,0,0.0
2026-09-17 03:28:38,20260916,7,9,1-6-2,1.68,363.5,611.95,6.107,100.0,settled,4-3-5,0,0,0.0
2026-09-17 03:28:38,20260916,7,9,1-6-3,3.05,416.5,1271.87,12.703,100.0,settled,4-3-5,0,0,0.0
2026-09-17 03:28:38,20260916,7,9,1-6-4,1.22,320.3,390.86,3.908,100.0,settled,4-3-5,0,0,0.0
2026-09-17 03:28:38,20260916,7,9,1-6-5,1.73,476.6,825.38,8.245,100.0,settled,4-3-5,0,0,0.0
2026-09-17 03:28:38,20260916,7,10,1-3-2,6.35,59.0,374.89,3.747,100.0,settled,1-4-5,0,0,0.0
2026-09-17 03:28:38,20260916,7,10,1-3-4,4.35,43.1,187.56,1.875,100.0,settled,1-4-5,0,0,0.0
2026-09-17 03:28:38,20260916,7,10,1-3-5,1.53,107.6,164.61,1.646,100.0,settled,1-4-5,0,0,0.0
2026-09-17 03:28:38,20260916,7,10,1-3-6,2.22,52.2,116.07,1.159,100.0,settled,1-4-5,0,0,0.0
2026-09-17 03:28:38,20260916,7,12,1-2-5,7.38,23.6,174.14,1.742,100.0,settled,1-3-4,0,0,0.0
2026-09-17 03:28:38,20260916,8,1,1-2-6,3.23,92.3,298.14,2.981,100.0,settled,1-3-5,0,0,0.0
2026-09-17 03:28:38,20260916,8,1,1-6-2,1.83,184.4,336.81,3.375,100.0,settled,1-3-5,0,0,0.0
2026-09-17 03:28:38,20260916,8,1,1-6-3,1.91,92.8,176.9,1.772,100.0,settled,1-3-5,0,0,0.0
2026-09-17 03:28:38,20260916,8,2,1-2-5,3.83,279.7,1070.38,10.713,100.0,settled,1-2-4,0,0,0.0
2026-09-17 03:28:38,20260916,8,2,1-3-5,2.98,237.3,708.2,7.072,100.0,settled,1-2-4,0,0,0.0
2026-09-17 03:28:38,20260916,8,2,1-4-5,4.01,85.2,341.42,3.417,100.0,settled,1-2-4,0,0,0.0
2026-09-17 03:28:38,20260916,8,2,1-5-2,2.3,588.3,1353.38,13.531,100.0,settled,1-2-4,0,0,0.0
2026-09-17 03:28:38,20260916,8,2,1-5-3,2.75,678.9,1865.82,18.67,100.0,settled,1-2-4,0,0,0.0
2026-09-17 03:28:38,20260916,8,2,1-5-4,2.56,453.5,1159.55,11.61,100.0,settled,1-2-4,0,0,0.0
2026-09-17 03:28:38,20260916,8,2,1-5-6,1.35,671.1,905.25,9.06,100.0,settled,1-2-4,0,0,0.0
2026-09-17 03:28:38,20260916,8,2,1-6-5,0.95,705.6,671.66,6.703,100.0,settled,1-2-4,0,0,0.0
2026-09-17 03:28:38,20260916,8,3,1-2-6,1.05,163.9,172.46,1.721,100.0,settled,1-2-3,0,0,0.0
2026-09-17 03:28:38,20260916,8,3,1-3-2,5.45,25.5,139.01,1.39,100.0,settled,1-2-3,0,0,0.0
2026-09-17 03:28:38,20260916,8,3,1-3-6,1.04,183.5,190.31,1.908,100.0,settled,1-2-3,0,0,0.0
2026-09-17 03:28:38,20260916,8,3,1-6-2,0.6,511.8,307.08,3.071,100.0,settled,1-2-3,0,0,0.0
2026-09-17 03:28:38,20260916,8,3,1-6-3,0.68,673.9,460.14,4.583,100.0,settled,1-2-3,0,0,0.0
2026-09-17 03:28:38,20260916,8,3,1-6-4,0.55,341.2,186.23,1.877,100.0,settled,1-2-3,0,0,0.0
2026-09-17 03:28:38,20260916,8,4,1-2-4,0.95,177.2,168.57,1.683,100.0,settled,1-3-6,0,0,0.0
2026-09-17 03:28:38,20260916,8,4,1-3-4,1.1,148.9,163.48,1.638,100.0,settled,1-3-6,0,0,0.0
2026-09-17 03:28:38,20260916,8,4,1-4-2,0.84,295.8,248.65,2.485,100.0,settled,1-3-6,0,0,0.0
2026-09-17 03:28:38,20260916,8,4,1-4-3,0.87,371.0,324.4,3.228,100.0,settled,1-3-6,0,0,0.0
2026-09-17 03:28:38,20260916,8,4,1-4-5,0.62,313.4,194.65,1.943,100.0,settled,1-3-6,0,0,0.0
2026-09-17 03:28:38,20260916,8,4,1-4-6,2.43,290.6,707.12,7.062,100.0,settled,1-3-6,0,0,0.0
2026-09-17 03:28:38,20260916,8,4,1-6-2,3.3,33.8,111.5,1.115,100.0,settled,1-3-6,0,0,0.0
2026-09-17 03:28:38,20260916,8,4,1-6-4,2.59,182.8,474.06,4.735,100.0,settled,1-3-6,0,0,0.0
2026-09-17 03:28:38,20260916,8,5,1-2-6,1.42,307.7,438.35,4.369,100.0,settled,4-5-1,0,0,0.0
2026-09-17 03:28:38,20260916,8,5,1-3-6,6.84,375.2,2566.93,25.664,100.0,settled,4-5-1,0,0,0.0
2026-09-17 03:28:38,20260916,8,5,1-4-6,0.6,405.1,244.8,2.431,100.0,settled,4-5-1,0,0,0.0
2026-09-17 03:28:38,20260916,8,5,1-5-6,4.84,269.4,1303.03,13.039,100.0,settled,4-5-1,0,0,0.0
2026-09-17 03:28:38,20260916,8,5,1-6-2,1.29,989.2,1275.47,12.761,100.0,settled,4-5-1,0,0,0.0
2026-09-17 03:28:38,20260916,8,5,1-6-3,4.09,1165.0,4766.25,47.648,100.0,settled,4-5-1,0,0,0.0
2026-09-17 03:28:38,20260916,8,5,1-6-4,0.7,1590.0,1120.63,11.13,100.0,settled,4-5-1,0,0,0.0
2026-09-17 03:28:38,20260916,8,5,1-6-5,3.26,975.1,3173.95,31.788,100.0,settled,4-5-1,0,0,0.0
2026-09-17 03:28:38,20260916,8,6,1-2-6,1.74,229.5,398.43,3.993,100.0,settled,1-2-5,0,0,0.0
2026-09-17 03:28:38,20260916,8,6,1-3-6,1.06,337.1,355.81,3.573,100.0,settled,1-2-5,0,0,0.0
2026-09-17 03:28:38,20260916,8,6,1-4-6,1.09,777.2,847.54,8.471,100.0,settled,1-2-5,0,0,0.0
2026-09-17 03:28:38,20260916,8,6,1-5-6,3.83,101.9,389.94,3.903,100.0,settled,1-2-5,0,0,0.0
2026-09-17 03:28:38,20260916,8,6,1-6-2,1.06,696.5,738.71,7.383,100.0,settled,1-2-5,0,0,0.0
2026-09-17 03:28:38,20260916,8,6,1-6-3,0.75,958.9,717.35,7.192,100.0,settled,1-2-5,0,0,0.0
2026-09-17 03:28:38,20260916,8,6,1-6-4,0.86,1223.0,1046.64,10.518,100.0,settled,1-2-5,0,0,0.0
2026-09-17 03:28:38,20260916,8,6,1-6-5,2.37,610.2,1448.07,14.462,100.0,settled,1-2-5,0,0,0.0
2026-09-17 03:28:38,20260916,8,7,1-5-2,1.2,86.8,104.15,1.042,100.0,settled,4-6-2,0,0,0.0
2026-09-17 03:28:38,20260916,8,8,1-3-2,2.35,66.1,155.35,1.553,100.0,settled,1-6-4,0,0,0.0
2026-09-17 03:28:38,20260916,8,8,1-3-4,0.79,220.9,173.54,1.745,100.0,settled,1-6-4,0,0,0.0
2026-09-17 03:28:38,20260916,8,8,1-3-6,2.65,38.4,101.72,1.018,100.0,settled,1-6-4,0,0,0.0
2026-09-17 03:28:38,20260916,8,8,1-4-2,0.43,306.2,132.0,1.317,100.0,settled,1-6-4,0,0,0.0
2026-09-17 03:28:38,20260916,8,8,1-4-3,0.64,414.0,263.72,2.65,100.0,settled,1-6-4,0,0,0.0
2026-09-17 03:28:38,20260916,8,8,1-4-6,1.62,177.3,287.31,2.872,100.0,settled,1-6-4,0,0,0.0
2026-09-17 03:28:38,20260916,8,8,1-6-4,2.17,89.0,193.1,1.931,100.0,settled,1-6-4,1,8900.0,8900.0
2026-09-17 03:28:38,20260916,8,9,1-3-2,8.13,33.0,268.13,2.683,100.0,settled,4-2-6,0,0,0.0
2026-09-17 03:28:38,20260916,8,9,1-3-4,5.9,49.5,292.07,2.921,100.0,settled,4-2-6,0,0,0.0
2026-09-17 03:28:38,20260916,8,9,1-3-5,2.59,255.4,662.56,6.615,100.0,settled,4-2-6,0,0,0.0
2026-09-17 03:28:38,20260916,8,9,1-4-3,7.52,38.2,287.28,2.873,100.0,settled,4-2-6,0,0,0.0
2026-09-17 03:28:38,20260916,8,9,1-4-5,6.05,103.8,627.51,6.28,100.0,settled,4-2-6,0,0,0.0
2026-09-17 03:28:38,20260916,8,9,1-5-2,1.72,212.6,365.06,3.657,100.0,settled,4-2-6,0,0,0.0
2026-09-17 03:28:38,20260916,8,9,1-5-3,1.73,403.2,698.75,6.975,100.0,settled,4-2-6,0,0,0.0
2026-09-17 03:28:38,20260916,8,9,1-5-4,2.28,333.9,760.89,7.613,100.0,settled,4-2-6,0,0,0.0
2026-09-17 03:28:38,20260916,8,10,1-3-4,6.86,20.5,140.59,1.406,100.0,settled,1-4-3,0,0,0.0
2026-09-17 03:28:38,20260916,8,10,1-4-2,6.18,29.8,184.12,1.842,100.0,settled,1-4-3,0,0,0.0
2026-09-17 03:28:38,20260916,8,10,1-4-3,4.55,54.2,246.75,2.466,100.0,settled,1-4-3,1,5420.0,5420.0
2026-09-17 03:28:38,20260916,8,10,1-4-6,1.17,119.9,140.58,1.403,100.0,settled,1-4-3,0,0,0.0
2026-09-17 03:28:38,20260916,8,11,1-6-3,0.44,332.1,145.29,1.461,100.0,settled,1-2-4,0,0,0.0
2026-09-17 03:28:38,20260916,8,12,1-4-2,4.57,23.6,107.79,1.079,100.0,settled,1-3-2,0,0,0.0
2026-09-17 03:28:38,20260916,9,1,1-2-4,1.71,62.3,106.65,1.065,100.0,settled,1-2-3,0,0,0.0
2026-09-17 03:28:38,20260916,9,1,1-3-4,12.6,57.6,725.92,7.258,100.0,settled,1-2-3,0,0,0.0
2026-09-17 03:28:38,20260916,9,1,1-4-2,1.73,133.0,229.89,2.301,100.0,settled,1-2-3,0,0,0.0
2026-09-17 03:28:38,20260916,9,1,1-4-3,6.04,182.6,1102.78,11.029,100.0,settled,1-2-3,0,0,0.0
2026-09-17 03:28:38,20260916,9,1,1-4-5,3.12,165.7,517.28,5.17,100.0,settled,1-2-3,0,0,0.0
2026-09-17 03:28:38,20260916,9,1,1-4-6,0.45,231.1,102.86,1.04,100.0,settled,1-2-3,0,0,0.0
2026-09-17 03:28:38,20260916,9,1,1-5-3,6.54,27.8,181.9,1.818,100.0,settled,1-2-3,0,0,0.0
2026-09-17 03:28:38,20260916,9,1,1-5-4,1.81,185.7,335.23,3.361,100.0,settled,1-2-3,0,0,0.0
2026-09-17 03:28:38,20260916,9,2,1-3-6,3.51,98.5,345.79,3.457,100.0,settled,1-3-2,0,0,0.0
2026-09-17 03:28:38,20260916,9,2,1-4-6,3.08,101.0,310.94,3.111,100.0,settled,1-3-2,0,0,0.0
2026-09-17 03:28:38,20260916,9,2,1-5-3,1.12,172.1,192.53,1.928,100.0,settled,1-3-2,0,0,0.0
2026-09-17 03:28:38,20260916,9,2,1-5-6,0.62,283.5,174.81,1.758,100.0,settled,1-3-2,0,0,0.0
2026-09-17 03:28:38,20260916,9,2,1-6-2,0.69,254.6,176.39,1.757,100.0,settled,1-3-2,0,0,0.0
2026-09-17 03:28:38,20260916,9,2,1-6-3,1.08,457.3,493.88,4.939,100.0,settled,1-3-2,0,0,0.0
2026-09-17 03:28:38,20260916,9,2,1-6-4,0.93,372.9,347.65,3.468,100.0,settled,1-3-2,0,0,0.0
2026-09-17 03:28:38,20260916,9,2,1-6-5,0.41,460.6,186.68,1.888,100.0,settled,1-3-2,0,0,0.0
2026-09-17 03:28:38,20260916,9,3,1-2-5,2.3,84.4,194.42,1.941,100.0,settled,1-2-3,0,0,0.0
2026-09-17 03:28:38,20260916,9,3,1-4-5,3.1,66.6,206.31,2.065,100.0,settled,1-2-3,0,0,0.0
2026-09-17 03:28:38,20260916,9,3,1-4-6,6.76,20.1,135.96,1.359,100.0,settled,1-2-3,0,0,0.0
2026-09-17 03:28:38,20260916,9,3,1-5-2,1.07,213.1,227.42,2.28,100.0,settled,1-2-3,0,0,0.0
2026-09-17 03:28:38,20260916,9,3,1-5-3,0.82,285.6,232.99,2.342,100.0,settled,1-2-3,0,0,0.0
2026-09-17 03:28:38,20260916,9,3,1-5-4,1.48,113.6,168.56,1.681,100.0,settled,1-2-3,0,0,0.0
2026-09-17 03:28:38,20260916,9,3,1-5-6,1.77,154.3,273.7,2.731,100.0,settled,1-2-3,0,0,0.0
2026-09-17 03:28:38,20260916,9,3,1-6-5,2.0,83.5,167.39,1.67,100.0,settled,1-2-3,0,0,0.0
2026-09-17 03:28:38,20260916,9,4,1-2-5,3.12,43.7,136.53,1.363,100.0,settled,1-3-4,0,0,0.0
2026-09-17 03:28:38,20260916,9,4,1-4-5,0.81,200.3,161.5,1.622,100.0,settled,1-3-4,0,0,0.0
2026-09-17 03:28:38,20260916,9,4,1-5-2,1.27,160.5,203.18,2.038,100.0,settled,1-3-4,0,0,0.0
2026-09-17 03:28:38,20260916,9,4,1-5-3,1.02,177.7,180.44,1.813,100.0,settled,1-3-4,0,0,0.0
2026-09-17 03:28:38,20260916,9,4,1-5-4,0.57,388.7,220.08,2.216,100.0,settled,1-3-4,0,0,0.0
2026-09-17 03:28:38,20260916,9,4,1-5-6,1.16,296.9,345.74,3.444,100.0,settled,1-3-4,0,0,0.0
2026-09-17 03:28:38,20260916,9,4,1-6-4,1.13,122.5,138.08,1.384,100.0,settled,1-3-4,0,0,0.0
2026-09-17 03:28:38,20260916,9,4,1-6-5,1.4,240.2,336.21,3.363,100.0,settled,1-3-4,0,0,0.0
2026-09-17 03:28:38,20260916,9,5,1-2-6,2.79,124.4,347.67,3.471,100.0,settled,1-3-2,0,0,0.0
2026-09-17 03:28:38,20260916,9,5,1-3-6,2.33,68.3,158.83,1.591,100.0,settled,1-3-2,0,0,0.0
2026-09-17 03:28:38,20260916,9,5,1-4-6,5.22,47.0,245.5,2.453,100.0,settled,1-3-2,0,0,0.0
2026-09-17 03:28:38,20260916,9,5,1-5-6,0.66,246.5,162.62,1.627,100.0,settled,1-3-2,0,0,0.0
2026-09-17 03:28:38,20260916,9,5,1-6-2,1.15,297.8,343.13,3.425,100.0,settled,1-3-2,0,0,0.0
2026-09-17 03:28:38,20260916,9,5,1-6-3,1.07,295.2,317.04,3.159,100.0,settled,1-3-2,0,0,0.0
2026-09-17 03:28:38,20260916,9,5,1-6-4,1.73,269.8,465.94,4.668,100.0,settled,1-3-2,0,0,0.0
2026-09-17 03:28:38,20260916,9,5,1-6-5,0.57,502.1,285.34,2.862,100.0,settled,1-3-2,0,0,0.0
2026-09-17 03:28:38,20260916,9,6,1-2-5,2.24,56.3,126.01,1.261,100.0,settled,1-3-4,0,0,0.0
2026-09-17 03:28:38,20260916,9,6,1-4-5,3.09,48.2,148.8,1.489,100.0,settled,1-3-4,0,0,0.0
2026-09-17 03:28:38,20260916,9,6,1-5-2,0.82,180.9,148.66,1.483,100.0,settled,1-3-4,0,0,0.0
2026-09-17 03:28:38,20260916,9,6,1-5-3,0.33,338.5,110.49,1.117,100.0,settled,1-3-4,0,0,0.0
2026-09-17 03:28:38,20260916,9,6,1-5-4,1.19,186.0,221.4,2.213,100.0,settled,1-3-4,0,0,0.0
2026-09-17 03:28:38,20260916,9,6,1-5-6,1.01,184.1,186.59,1.859,100.0,settled,1-3-4,0,0,0.0
2026-09-17 03:28:38,20260916,9,8,1-2-3,5.32,50.7,269.83,2.697,100.0,settled,5-4-1,0,0,0.0
2026-09-17 03:28:38,20260916,9,8,1-2-4,7.38,82.8,611.06,6.111,100.0,settled,5-4-1,0,0,0.0
2026-09-17 03:28:38,20260916,9,8,1-2-5,2.02,84.2,170.08,1.701,100.0,settled,5-4-1,0,0,0.0
2026-09-17 03:28:38,20260916,9,8,1-3-2,5.88,26.8,157.57,1.576,100.0,settled,5-4-1,0,0,0.0
2026-09-17 03:28:38,20260916,9,8,1-4-2,9.48,102.7,973.91,9.736,100.0,settled,5-4-1,0,0,0.0
2026-09-17 03:28:38,20260916,9,8,1-4-3,12.18,24.8,302.19,3.021,100.0,settled,5-4-1,0,0,0.0
2026-09-17 03:28:38,20260916,9,8,1-4-5,4.85,39.4,190.98,1.911,100.0,settled,5-4-1,0,0,0.0
2026-09-17 03:28:38,20260916,9,8,1-4-6,2.1,84.5,177.44,1.775,100.0,settled,5-4-1,0,0,0.0
2026-09-17 03:28:38,20260916,9,9,1-4-2,4.81,22.8,109.55,1.097,100.0,settled,5-1-6,0,0,0.0
2026-09-17 03:28:38,20260916,9,9,1-4-5,2.53,42.5,107.57,1.075,100.0,settled,5-1-6,0,0,0.0
2026-09-17 03:28:38,20260916,9,10,1-2-6,3.54,61.0,216.2,2.159,100.0,settled,5-1-3,0,0,0.0
2026-09-17 03:28:38,20260916,9,10,1-3-6,2.51,54.9,137.83,1.378,100.0,settled,5-1-3,0,0,0.0
2026-09-17 03:28:38,20260916,9,10,1-6-3,0.7,201.7,141.47,1.412,100.0,settled,5-1-3,0,0,0.0
2026-09-17 03:28:38,20260916,9,11,1-3-4,3.63,30.0,108.96,1.089,100.0,settled,1-2-3,0,0,0.0
2026-09-17 03:28:38,20260916,9,11,1-3-6,7.08,31.4,222.41,2.223,100.0,settled,1-2-3,0,0,0.0
2026-09-17 03:28:38,20260916,9,11,1-6-3,2.47,74.3,183.23,1.835,100.0,settled,1-2-3,0,0,0.0
2026-09-17 03:28:38,20260916,9,12,1-5-3,1.72,59.2,101.59,1.018,100.0,settled,2-1-3,0,0,0.0
2026-09-17 03:28:38,20260916,11,1,1-2-3,3.61,45.8,165.51,1.653,100.0,settled,3-1-5,0,0,0.0
2026-09-17 03:28:38,20260916,11,1,1-2-5,3.49,115.5,402.53,4.031,100.0,settled,3-1-5,0,0,0.0
2026-09-17 03:28:38,20260916,11,1,1-2-6,9.53,69.8,665.2,6.652,100.0,settled,3-1-5,0,0,0.0
2026-09-17 03:28:38,20260916,11,1,1-5-2,1.07,187.5,200.91,2.006,100.0,settled,3-1-5,0,0,0.0
2026-09-17 03:28:38,20260916,11,1,1-5-6,1.29,176.2,227.25,2.273,100.0,settled,3-1-5,0,0,0.0
2026-09-17 03:28:38,20260916,11,1,1-6-2,4.65,164.9,766.5,7.668,100.0,settled,3-1-5,0,0,0.0
2026-09-17 03:28:38,20260916,11,1,1-6-3,1.6,118.6,189.7,1.898,100.0,settled,3-1-5,0,0,0.0
2026-09-17 03:28:38,20260916,11,1,1-6-5,1.8,201.5,363.49,3.627,100.0,settled,3-1-5,0,0,0.0
2026-09-17 03:28:38,20260916,11,2,1-2-6,0.23,758.1,171.86,1.744,100.0,settled,2-3-5,0,0,0.0
2026-09-17 03:28:38,20260916,11,2,1-3-6,0.2,994.2,197.45,1.988,100.0,settled,2-3-5,0,0,0.0
2026-09-17 03:28:38,20260916,11,2,1-4-6,0.26,863.8,226.66,2.246,100.0,settled,2-3-5,0,0,0.0
2026-09-17 03:28:38,20260916,11,2,1-5-6,0.1,1549.0,160.17,1.549,100.0,settled,2-3-5,0,0,0.0
2026-09-17 03:28:38,20260916,11,2,1-6-3,0.05,2242.0,115.46,1.121,100.0,settled,2-3-5,0,0,0.0
2026-09-17 03:28:38,20260916,11,2,1-6-4,0.06,2242.0,129.14,1.345,100.0,settled,2-3-5,0,0,0.0
2026-09-17 03:28:38,20260916,11,2,1-6-5,0.05,3011.0,153.86,1.506,100.0,settled,2-3-5,0,0,0.0
2026-09-17 03:28:38,20260916,11,3,1-2-6,0.78,167.2,130.4,1.304,100.0,settled,1-6-4,0,0,0.0
2026-09-17 03:28:38,20260916,11,3,1-5-2,1.24,105.0,130.34,1.302,100.0,settled,1-6-4,0,0,0.0
2026-09-17 03:28:38,20260916,11,3,1-5-3,3.02,44.7,134.77,1.35,100.0,settled,1-6-4,0,0,0.0
2026-09-17 03:28:38,20260916,11,3,1-5-6,2.33,83.7,195.14,1.95,100.0,settled,1-6-4,0,0,0.0
2026-09-17 03:28:38,20260916,11,3,1-6-2,0.53,342.1,181.35,1.813,100.0,settled,1-6-4,0,0,0.0
2026-09-17 03:28:38,20260916,11,3,1-6-3,1.13,162.0,183.42,1.831,100.0,settled,1-6-4,0,0,0.0
2026-09-17 03:28:38,20260916,11,3,1-6-4,0.66,197.1,130.16,1.301,100.0,settled,1-6-4,1,19710.0,19710.0
2026-09-17 03:28:38,20260916,11,3,1-6-5,1.26,169.6,213.83,2.137,100.0,settled,1-6-4,0,0,0.0
2026-09-17 03:28:38,20260916,11,4,1-2-6,0.74,376.0,278.65,2.782,100.0,settled,2-1-5,0,0,0.0
2026-09-17 03:28:38,20260916,11,4,1-3-6,0.59,715.9,424.46,4.224,100.0,settled,2-1-5,0,0,0.0
2026-09-17 03:28:38,20260916,11,4,1-4-6,0.31,756.4,231.46,2.345,100.0,settled,2-1-5,0,0,0.0
2026-09-17 03:28:38,20260916,11,4,1-5-3,3.69,93.7,345.57,3.458,100.0,settled,2-1-5,0,0,0.0
2026-09-17 03:28:38,20260916,11,4,1-5-6,1.97,731.6,1442.35,14.413,100.0,settled,2-1-5,0,0,0.0
2026-09-17 03:28:38,20260916,11,4,1-6-2,0.29,801.7,235.86,2.325,100.0,settled,2-1-5,0,0,0.0
2026-09-17 03:28:38,20260916,11,4,1-6-3,0.29,1859.0,536.51,5.391,100.0,settled,2-1-5,0,0,0.0
2026-09-17 03:28:38,20260916,11,4,1-6-5,0.74,2159.0,1595.07,15.977,100.0,settled,2-1-5,0,0,0.0
2026-09-17 03:28:38,20260916,11,5,1-5-6,0.13,1047.0,137.58,1.361,100.0,settled,2-1-4,0,0,0.0
2026-09-17 03:28:38,20260916,11,5,1-6-3,0.19,545.3,103.01,1.036,100.0,settled,2-1-4,0,0,0.0
2026-09-17 03:28:38,20260916,11,5,1-6-5,0.15,1214.0,183.19,1.821,100.0,settled,2-1-4,0,0,0.0
2026-09-17 03:28:38,20260916,11,7,1-2-5,4.61,49.7,229.12,2.291,100.0,settled,1-4-3,0,0,0.0
2026-09-17 03:28:38,20260916,11,7,1-2-6,1.67,564.8,943.61,9.432,100.0,settled,1-4-3,0,0,0.0
2026-09-17 03:28:38,20260916,11,7,1-3-6,0.83,461.6,384.28,3.831,100.0,settled,1-4-3,0,0,0.0
2026-09-17 03:28:38,20260916,11,7,1-5-2,2.51,111.1,279.38,2.789,100.0,settled,1-4-3,0,0,0.0
2026-09-17 03:28:38,20260916,11,7,1-5-6,0.52,1804.0,936.28,9.381,100.0,settled,1-4-3,0,0,0.0
2026-09-17 03:28:38,20260916,11,7,1-6-2,0.38,999.6,376.55,3.798,100.0,settled,1-4-3,0,0,0.0
2026-09-17 03:28:38,20260916,11,7,1-6-3,0.26,1736.0,458.48,4.514,100.0,settled,1-4-3,0,0,0.0
2026-09-17 03:28:38,20260916,11,7,1-6-5,0.28,2573.0,724.56,7.204,100.0,settled,1-4-3,0,0,0.0
2026-09-17 03:28:38,20260916,11,8,1-2-6,3.97,60.8,241.34,2.414,100.0,settled,1-5-6,0,0,0.0
2026-09-17 03:28:38,20260916,11,8,1-3-6,1.45,105.3,153.09,1.527,100.0,settled,1-5-6,0,0,0.0
2026-09-17 03:28:38,20260916,11,8,1-4-2,1.76,73.1,128.72,1.287,100.0,settled,1-5-6,0,0,0.0
2026-09-17 03:28:38,20260916,11,8,1-4-6,1.02,293.2,298.16,2.991,100.0,settled,1-5-6,0,0,0.0
2026-09-17 03:28:38,20260916,11,8,1-6-2,1.04,276.6,287.97,2.877,100.0,settled,1-5-6,0,0,0.0
2026-09-17 03:28:38,20260916,11,8,1-6-3,0.54,409.4,221.49,2.211,100.0,settled,1-5-6,0,0,0.0
2026-09-17 03:28:38,20260916,11,8,1-6-4,0.51,577.5,294.58,2.945,100.0,settled,1-5-6,0,0,0.0
2026-09-17 03:28:38,20260916,11,8,1-6-5,0.53,417.2,222.12,2.211,100.0,settled,1-5-6,0,0,0.0
2026-09-17 03:28:38,20260916,11,9,1-2-4,9.08,21.4,194.3,1.943,100.0,settled,3-1-6,0,0,0.0
2026-09-17 03:28:38,20260916,11,9,1-4-2,3.05,40.1,122.29,1.223,100.0,settled,3-1-6,0,0,0.0
2026-09-17 03:28:38,20260916,11,10,1-4-3,5.69,23.6,134.32,1.343,100.0,settled,1-3-6,0,0,0.0
2026-09-17 03:28:38,20260916,11,11,1-4-2,8.4,20.3,170.55,1.705,100.0,settled,3-1-4,0,0,0.0
2026-09-17 03:28:38,20260916,11,11,1-4-5,2.94,52.8,155.3,1.552,100.0,settled,3-1-4,0,0,0.0
2026-09-17 03:28:38,20260916,11,12,1-5-2,4.13,43.2,178.44,1.784,100.0,settled,1-3-2,0,0,0.0
2026-09-17 03:28:38,20260916,11,12,1-5-3,6.08,40.7,247.37,2.475,100.0,settled,1-3-2,0,0,0.0
2026-09-17 03:28:38,20260916,12,1,1-2-6,4.26,103.0,439.25,4.388,100.0,settled,1-3-4,0,0,0.0
2026-09-17 03:28:38,20260916,12,1,1-4-6,2.61,160.8,419.17,4.197,100.0,settled,1-3-4,0,0,0.0
2026-09-17 03:28:38,20260916,12,1,1-5-2,1.99,102.1,203.02,2.032,100.0,settled,1-3-4,0,0,0.0
2026-09-17 03:28:38,20260916,12,1,1-5-6,1.52,238.4,361.58,3.624,100.0,settled,1-3-4,0,0,0.0
2026-09-17 03:28:38,20260916,12,1,1-6-2,1.59,370.4,588.42,5.889,100.0,settled,1-3-4,0,0,0.0
2026-09-17 03:28:38,20260916,12,1,1-6-3,1.24,358.6,445.45,4.447,100.0,settled,1-3-4,0,0,0.0
2026-09-17 03:28:38,20260916,12,1,1-6-4,1.12,397.8,447.13,4.455,100.0,settled,1-3-4,0,0,0.0
2026-09-17 03:28:38,20260916,12,1,1-6-5,1.05,485.2,508.59,5.095,100.0,settled,1-3-4,0,0,0.0
2026-09-17 03:28:38,20260916,12,3,1-3-2,4.35,26.8,116.52,1.166,100.0,settled,1-3-2,1,2680.0,2680.0
2026-09-17 03:28:38,20260916,12,3,1-3-6,2.01,74.8,150.38,1.503,100.0,settled,1-3-2,0,0,0.0
2026-09-17 03:28:38,20260916,12,3,1-4-6,5.2,26.4,137.32,1.373,100.0,settled,1-3-2,0,0,0.0
2026-09-17 03:28:38,20260916,12,3,1-6-2,0.84,200.8,167.99,1.687,100.0,settled,1-3-2,0,0,0.0
2026-09-17 03:28:38,20260916,12,3,1-6-3,1.15,316.8,362.99,3.643,100.0,settled,1-3-2,0,0,0.0
2026-09-17 03:28:38,20260916,12,3,1-6-4,1.84,133.3,244.98,2.453,100.0,settled,1-3-2,0,0,0.0
2026-09-17 03:28:38,20260916,12,5,1-2-5,2.45,160.9,393.5,3.942,100.0,settled,1-4-6,0,0,0.0
2026-09-17 03:28:38,20260916,12,5,1-2-6,7.22,23.8,171.81,1.718,100.0,settled,1-4-6,0,0,0.0
2026-09-17 03:28:38,20260916,12,5,1-3-2,5.65,52.7,297.86,2.978,100.0,settled,1-4-6,0,0,0.0
2026-09-17 03:28:38,20260916,12,5,1-3-5,2.1,90.3,189.88,1.896,100.0,settled,1-4-6,0,0,0.0
2026-09-17 03:28:38,20260916,12,5,1-5-2,1.44,264.0,379.1,3.802,100.0,settled,1-4-6,0,0,0.0
2026-09-17 03:28:38,20260916,12,5,1-5-3,1.57,202.3,318.02,3.176,100.0,settled,1-4-6,0,0,0.0
2026-09-17 03:28:38,20260916,12,5,1-5-6,4.15,86.1,357.12,3.573,100.0,settled,1-4-6,0,0,0.0
2026-09-17 03:28:38,20260916,12,5,1-6-5,5.63,31.3,176.27,1.762,100.0,settled,1-4-6,0,0,0.0
2026-09-17 03:28:38,20260916,12,6,1-2-3,2.23,48.1,107.42,1.073,100.0,settled,1-6-3,0,0,0.0
2026-09-17 03:28:38,20260916,12,6,1-2-5,2.73,42.6,116.4,1.163,100.0,settled,1-6-3,0,0,0.0
2026-09-17 03:28:38,20260916,12,6,1-3-2,3.17,45.7,144.78,1.449,100.0,settled,1-6-3,0,0,0.0
2026-09-17 03:28:38,20260916,12,6,1-3-5,6.88,21.3,146.47,1.465,100.0,settled,1-6-3,0,0,0.0
2026-09-17 03:28:38,20260916,12,6,1-4-3,1.46,72.4,106.0,1.057,100.0,settled,1-6-3,0,0,0.0
2026-09-17 03:28:38,20260916,12,6,1-4-5,1.88,66.4,125.08,1.248,100.0,settled,1-6-3,0,0,0.0
2026-09-17 03:28:38,20260916,12,6,1-5-3,6.53,29.4,191.89,1.92,100.0,settled,1-6-3,0,0,0.0
2026-09-17 03:28:38,20260916,12,7,1-2-5,2.66,90.0,239.81,2.394,100.0,settled,3-5-1,0,0,0.0
2026-09-17 03:28:38,20260916,12,7,1-3-5,2.64,42.4,111.76,1.119,100.0,settled,3-5-1,0,0,0.0
2026-09-17 03:28:38,20260916,12,7,1-4-2,4.0,30.4,121.54,1.216,100.0,settled,3-5-1,0,0,0.0
2026-09-17 03:28:38,20260916,12,7,1-4-5,4.87,57.6,280.36,2.805,100.0,settled,3-5-1,0,0,0.0
2026-09-17 03:28:38,20260916,12,7,1-5-2,1.72,191.1,328.73,3.287,100.0,settled,3-5-1,0,0,0.0
2026-09-17 03:28:38,20260916,12,7,1-5-3,1.98,153.6,303.88,3.041,100.0,settled,3-5-1,0,0,0.0
2026-09-17 03:28:38,20260916,12,7,1-5-4,2.75,151.9,417.42,4.177,100.0,settled,3-5-1,0,0,0.0
2026-09-17 03:28:38,20260916,12,7,1-5-6,2.29,104.9,239.87,2.402,100.0,settled,3-5-1,0,0,0.0
2026-09-17 03:28:38,20260916,12,8,1-2-5,4.56,45.0,205.15,2.052,100.0,settled,1-2-5,1,4500.0,4500.0
2026-09-17 03:28:38,20260916,12,8,1-5-2,2.1,106.2,223.47,2.23,100.0,settled,1-2-5,0,0,0.0
2026-09-17 03:28:38,20260916,12,8,1-5-3,1.16,122.6,141.98,1.422,100.0,settled,1-2-5,0,0,0.0
2026-09-17 03:28:38,20260916,12,8,1-5-6,1.8,64.1,115.28,1.154,100.0,settled,1-2-5,0,0,0.0
2026-09-17 03:28:38,20260916,12,8,1-6-2,2.39,44.4,106.31,1.061,100.0,settled,1-2-5,0,0,0.0
2026-09-17 03:28:38,20260916,12,8,1-6-5,1.61,65.5,105.68,1.055,100.0,settled,1-2-5,0,0,0.0
2026-09-17 03:28:38,20260916,12,9,1-2-5,3.93,33.4,131.19,1.313,100.0,settled,1-2-3,0,0,0.0
2026-09-17 03:28:38,20260916,12,9,1-2-6,3.19,65.4,208.93,2.086,100.0,settled,1-2-3,0,0,0.0
2026-09-17 03:28:38,20260916,12,9,1-3-6,2.25,61.4,138.44,1.381,100.0,settled,1-2-3,0,0,0.0
2026-09-17 03:28:38,20260916,12,9,1-4-6,1.38,75.9,104.91,1.047,100.0,settled,1-2-3,0,0,0.0
2026-09-17 03:28:38,20260916,12,9,1-5-2,1.13,93.0,105.36,1.051,100.0,settled,1-2-3,0,0,0.0
2026-09-17 03:28:38,20260916,12,9,1-6-2,0.7,225.0,156.74,1.575,100.0,settled,1-2-3,0,0,0.0
2026-09-17 03:28:38,20260916,12,9,1-6-3,0.64,252.8,160.55,1.618,100.0,settled,1-2-3,0,0,0.0
2026-09-17 03:28:38,20260916,12,9,1-6-4,0.37,286.8,107.38,1.061,100.0,settled,1-2-3,0,0,0.0
2026-09-17 03:28:38,20260916,12,11,1-3-6,6.73,35.5,238.8,2.389,100.0,settled,3-1-4,0,0,0.0
2026-09-17 03:28:38,20260916,12,11,1-5-3,1.98,74.0,146.35,1.465,100.0,settled,3-1-4,0,0,0.0
2026-09-17 03:28:38,20260916,12,11,1-6-3,0.97,157.9,153.78,1.532,100.0,settled,3-1-4,0,0,0.0
2026-09-17 03:28:38,20260916,12,12,1-6-2,1.06,125.1,133.16,1.326,100.0,settled,2-3-4,0,0,0.0
2026-09-17 03:28:38,20260916,12,12,1-6-3,1.4,99.6,138.99,1.394,100.0,settled,2-3-4,0,0,0.0
2026-09-17 03:28:38,20260916,12,12,1-6-4,0.9,186.9,167.65,1.682,100.0,settled,2-3-4,0,0,0.0
2026-09-17 03:28:38,20260916,13,1,1-2-4,1.92,144.4,277.48,2.772,100.0,settled,1-4-2,0,0,0.0
2026-09-17 03:28:38,20260916,13,1,1-2-5,2.51,47.8,119.78,1.2,100.0,settled,1-4-2,0,0,0.0
2026-09-17 03:28:38,20260916,13,1,1-2-6,2.42,94.6,229.36,2.289,100.0,settled,1-4-2,0,0,0.0
2026-09-17 03:28:38,20260916,13,1,1-3-4,4.12,65.4,269.12,2.694,100.0,settled,1-4-2,0,0,0.0
2026-09-17 03:28:38,20260916,13,1,1-4-2,0.86,296.9,253.91,2.553,100.0,settled,1-4-2,1,29690.0,29690.0
2026-09-17 03:28:38,20260916,13,1,1-4-3,1.22,183.1,223.78,2.234,100.0,settled,1-4-2,0,0,0.0
2026-09-17 03:28:38,20260916,13,1,1-4-5,0.41,402.9,164.54,1.652,100.0,settled,1-4-2,0,0,0.0
2026-09-17 03:28:38,20260916,13,1,1-4-6,0.41,409.5,167.4,1.679,100.0,settled,1-4-2,0,0,0.0
2026-09-17 03:28:38,20260916,13,2,1-3-2,5.5,22.8,125.35,1.254,100.0,settled,2-1-4,0,0,0.0
2026-09-17 03:28:38,20260916,13,2,1-3-5,0.92,131.1,120.95,1.206,100.0,settled,2-1-4,0,0,0.0
2026-09-17 03:28:38,20260916,13,2,1-3-6,0.35,347.4,122.91,1.216,100.0,settled,2-1-4,0,0,0.0
2026-09-17 03:28:38,20260916,13,2,1-4-3,1.48,73.2,108.45,1.083,100.0,settled,2-1-4,0,0,0.0
2026-09-17 03:28:38,20260916,13,2,1-5-3,0.52,236.6,124.12,1.23,100.0,settled,2-1-4,0,0,0.0
2026-09-17 03:28:38,20260916,13,3,1-2-4,0.67,159.4,106.3,1.068,100.0,settled,3-1-6,0,0,0.0
2026-09-17 03:28:38,20260916,13,3,1-2-6,5.12,24.3,124.34,1.244,100.0,settled,3-1-6,0,0,0.0
2026-09-17 03:28:38,20260916,13,3,1-3-4,1.52,108.6,165.56,1.651,100.0,settled,3-1-6,0,0,0.0
2026-09-17 03:28:38,20260916,13,3,1-4-2,0.45,279.7,124.75,1.259,100.0,settled,3-1-6,0,0,0.0
2026-09-17 03:28:38,20260916,13,3,1-4-3,0.64,285.6,181.76,1.828,100.0,settled,3-1-6,0,0,0.0
2026-09-17 03:28:38,20260916,13,3,1-4-5,0.24,513.9,125.65,1.233,100.0,settled,3-1-6,0,0,0.0
2026-09-17 03:28:38,20260916,13,3,1-4-6,1.3,277.3,361.68,3.605,100.0,settled,3-1-6,0,0,0.0
2026-09-17 03:28:38,20260916,13,3,1-6-4,2.5,146.1,364.55,3.652,100.0,settled,3-1-6,0,0,0.0
2026-09-17 03:28:38,20260916,13,5,1-2-5,8.39,42.8,358.99,3.591,100.0,settled,1-2-3,0,0,0.0
2026-09-17 03:28:38,20260916,13,5,1-3-5,5.98,47.3,282.88,2.829,100.0,settled,1-2-3,0,0,0.0
2026-09-17 03:28:38,20260916,13,5,1-5-2,4.69,133.3,624.52,6.252,100.0,settled,1-2-3,0,0,0.0
2026-09-17 03:28:38,20260916,13,5,1-5-3,5.53,156.3,864.64,8.643,100.0,settled,1-2-3,0,0,0.0
2026-09-17 03:28:38,20260916,13,5,1-5-4,2.81,95.7,268.65,2.689,100.0,settled,1-2-3,0,0,0.0
2026-09-17 03:28:38,20260916,13,5,1-5-6,9.78,103.4,1010.75,10.113,100.0,settled,1-2-3,0,0,0.0
2026-09-17 03:28:38,20260916,13,5,1-6-3,4.21,58.7,247.11,2.471,100.0,settled,1-2-3,0,0,0.0
2026-09-17 03:28:38,20260916,13,5,1-6-5,5.69,86.1,489.62,4.899,100.0,settled,1-2-3,0,0,0.0
2026-09-17 03:28:38,20260916,13,6,1-2-5,9.1,43.5,395.96,3.958,100.0,settled,1-4-2,0,0,0.0
2026-09-17 03:28:38,20260916,13,6,1-5-2,4.66,53.8,250.83,2.507,100.0,settled,1-4-2,0,0,0.0
2026-09-17 03:28:38,20260916,13,6,1-5-3,1.57,132.0,206.65,2.072,100.0,settled,1-4-2,0,0,0.0
2026-09-17 03:28:38,20260916,13,6,1-5-4,3.45,35.0,120.65,1.208,100.0,settled,1-4-2,0,0,0.0
2026-09-17 03:28:38,20260916,13,7,1-3-4,2.89,62.6,180.81,1.809,100.0,settled,2-1-3,0,0,0.0
2026-09-17 03:28:38,20260916,13,7,1-3-6,1.93,53.2,102.68,1.027,100.0,settled,2-1-3,0,0,0.0
2026-09-17 03:28:38,20260916,13,7,1-4-2,2.39,54.9,131.45,1.312,100.0,settled,2-1-3,0,0,0.0
2026-09-17 03:28:38,20260916,13,7,1-4-3,2.38,91.8,218.77,2.185,100.0,settled,2-1-3,0,0,0.0
2026-09-17 03:28:38,20260916,13,7,1-6-3,0.68,150.5,101.89,1.023,100.0,settled,2-1-3,0,0,0.0
2026-09-17 03:28:38,20260916,13,8,1-2-3,2.96,46.6,138.12,1.379,100.0,settled,1-3-4,0,0,0.0
2026-09-17 03:28:38,20260916,13,8,1-2-5,6.28,36.1,226.6,2.267,100.0,settled,1-3-4,0,0,0.0
2026-09-17 03:28:38,20260916,13,8,1-3-5,2.22,60.8,134.78,1.35,100.0,settled,1-3-4,0,0,0.0
2026-09-17 03:28:38,20260916,13,8,1-4-6,1.77,95.3,168.6,1.687,100.0,settled,1-3-4,0,0,0.0
2026-09-17 03:28:38,20260916,13,8,1-5-2,4.81,47.4,227.97,2.28,100.0,settled,1-3-4,0,0,0.0
2026-09-17 03:28:38,20260916,13,8,1-5-3,2.94,72.6,213.34,2.134,100.0,settled,1-3-4,0,0,0.0
2026-09-17 03:28:38,20260916,13,8,1-5-4,7.19,37.0,265.99,2.66,100.0,settled,1-3-4,0,0,0.0
2026-09-17 03:28:38,20260916,13,8,1-5-6,1.19,195.5,231.98,2.326,100.0,settled,1-3-4,0,0,0.0
2026-09-17 03:28:38,20260916,13,9,1-2-5,7.57,45.1,341.41,3.414,100.0,settled,5-6-3,0,0,0.0
2026-09-17 03:28:38,20260916,13,9,1-3-5,6.34,22.5,142.64,1.426,100.0,settled,5-6-3,0,0,0.0
2026-09-17 03:28:38,20260916,13,9,1-5-2,2.97,81.9,243.26,2.432,100.0,settled,5-6-3,0,0,0.0
2026-09-17 03:28:38,20260916,13,9,1-5-3,3.14,64.5,202.21,2.025,100.0,settled,5-6-3,0,0,0.0
2026-09-17 03:28:38,20260916,13,10,1-2-6,2.77,104.6,289.83,2.897,100.0,settled,2-5-3,0,0,0.0
2026-09-17 03:28:38,20260916,13,10,1-3-6,1.68,168.5,283.1,2.831,100.0,settled,2-5-3,0,0,0.0
2026-09-17 03:28:38,20260916,13,10,1-4-6,2.53,107.8,272.58,2.727,100.0,settled,2-5-3,0,0,0.0
2026-09-17 03:28:38,20260916,13,10,1-5-3,3.57,41.9,149.68,1.496,100.0,settled,2-5-3,0,0,0.0
2026-09-17 03:28:38,20260916,13,10,1-5-6,2.14,92.7,198.13,1.984,100.0,settled,2-5-3,0,0,0.0
2026-09-17 03:28:38,20260916,13,10,1-6-3,0.43,369.6,160.41,1.589,100.0,settled,2-5-3,0,0,0.0
2026-09-17 03:28:38,20260916,13,10,1-6-4,0.63,375.3,238.02,2.364,100.0,settled,2-5-3,0,0,0.0
2026-09-17 03:28:38,20260916,13,10,1-6-5,0.67,286.9,191.68,1.922,100.0,settled,2-5-3,0,0,0.0
2026-09-17 03:28:38,20260916,13,11,1-2-5,1.7,64.1,108.66,1.09,100.0,settled,1-2-6,0,0,0.0
2026-09-17 03:28:38,20260916,13,11,1-3-5,2.12,85.8,181.79,1.819,100.0,settled,1-2-6,0,0,0.0
2026-09-17 03:28:38,20260916,13,11,1-4-5,4.26,68.5,291.56,2.918,100.0,settled,1-2-6,0,0,0.0
2026-09-17 03:28:38,20260916,13,11,1-5-3,0.87,169.7,148.06,1.476,100.0,settled,1-2-6,0,0,0.0
2026-09-17 03:28:38,20260916,13,11,1-5-4,1.5,162.7,244.6,2.44,100.0,settled,1-2-6,0,0,0.0
2026-09-17 03:28:38,20260916,13,11,1-5-6,1.12,162.9,183.15,1.824,100.0,settled,1-2-6,0,0,0.0
2026-09-17 03:28:38,20260916,13,11,1-6-5,1.07,107.4,114.99,1.149,100.0,settled,1-2-6,0,0,0.0
2026-09-17 03:28:38,20260916,13,12,1-2-6,3.64,39.5,143.63,1.438,100.0,settled,1-2-3,0,0,0.0
2026-09-17 03:28:38,20260916,13,12,1-5-2,4.53,31.4,142.22,1.422,100.0,settled,1-2-3,0,0,0.0
2026-09-17 03:28:38,20260916,13,12,1-5-3,3.66,37.6,137.66,1.376,100.0,settled,1-2-3,0,0,0.0
2026-09-17 03:28:38,20260916,13,12,1-5-4,2.41,61.5,147.93,1.482,100.0,settled,1-2-3,0,0,0.0
2026-09-17 03:28:38,20260916,13,12,1-5-6,1.7,99.3,168.8,1.688,100.0,settled,1-2-3,0,0,0.0
2026-09-17 03:28:38,20260916,13,12,1-6-2,0.87,168.9,146.59,1.469,100.0,settled,1-2-3,0,0,0.0
2026-09-17 03:28:38,20260916,13,12,1-6-3,0.6,236.6,141.11,1.42,100.0,settled,1-2-3,0,0,0.0
2026-09-17 03:28:38,20260916,13,12,1-6-5,0.67,318.7,213.18,2.135,100.0,settled,1-2-3,0,0,0.0
2026-09-17 03:28:38,20260916,14,1,1-2-3,7.39,35.8,264.43,2.646,100.0,settled,1-3-4,0,0,0.0
2026-09-17 03:28:38,20260916,14,1,1-2-5,3.99,88.4,352.56,3.527,100.0,settled,1-3-4,0,0,0.0
2026-09-17 03:28:38,20260916,14,1,1-3-2,17.46,69.3,1210.12,12.1,100.0,settled,1-3-4,0,0,0.0
2026-09-17 03:28:38,20260916,14,1,1-3-5,3.92,166.7,653.63,6.535,100.0,settled,1-3-4,0,0,0.0
2026-09-17 03:28:38,20260916,14,1,1-3-6,3.95,62.9,248.35,2.485,100.0,settled,1-3-4,0,0,0.0
2026-09-17 03:28:38,20260916,14,1,1-5-2,2.16,217.4,469.71,4.696,100.0,settled,1-3-4,0,0,0.0
2026-09-17 03:28:38,20260916,14,1,1-5-3,2.5,270.9,678.36,6.772,100.0,settled,1-3-4,0,0,0.0
2026-09-17 03:28:38,20260916,14,1,1-5-6,1.54,223.7,344.43,3.445,100.0,settled,1-3-4,0,0,0.0
2026-09-17 03:28:38,20260916,14,3,1-2-5,3.72,45.5,169.33,1.693,100.0,settled,1-4-2,0,0,0.0
2026-09-17 03:28:38,20260916,14,3,1-2-6,9.22,73.4,677.0,6.767,100.0,settled,1-4-2,0,0,0.0
2026-09-17 03:28:38,20260916,14,3,1-3-2,9.19,22.3,204.92,2.049,100.0,settled,1-4-2,0,0,0.0
2026-09-17 03:28:38,20260916,14,3,1-3-6,3.69,90.5,334.04,3.339,100.0,settled,1-4-2,0,0,0.0
2026-09-17 03:28:38,20260916,14,3,1-6-2,3.26,163.3,532.06,5.324,100.0,settled,1-4-2,0,0,0.0
2026-09-17 03:28:38,20260916,14,3,1-6-3,1.74,253.2,440.85,4.406,100.0,settled,1-4-2,0,0,0.0
2026-09-17 03:28:38,20260916,14,3,1-6-4,0.78,139.6,108.89,1.089,100.0,settled,1-4-2,0,0,0.0
2026-09-17 03:28:38,20260916,14,3,1-6-5,0.62,276.9,170.4,1.717,100.0,settled,1-4-2,0,0,0.0
2026-09-17 03:28:38,20260916,14,4,1-4-6,3.35,49.6,166.34,1.662,100.0,settled,1-4-2,0,0,0.0
2026-09-17 03:28:38,20260916,14,4,1-6-3,0.72,198.1,142.04,1.426,100.0,settled,1-4-2,0,0,0.0
2026-09-17 03:28:38,20260916,14,4,1-6-4,0.88,159.4,140.88,1.403,100.0,settled,1-4-2,0,0,0.0
2026-09-17 03:28:38,20260916,14,5,1-3-2,3.73,50.9,189.66,1.899,100.0,settled,3-5-1,0,0,0.0
2026-09-17 03:28:38,20260916,14,5,1-3-6,0.22,589.3,127.64,1.296,100.0,settled,3-5-1,0,0,0.0
2026-09-17 03:28:38,20260916,14,6,1-2-6,2.72,47.9,130.21,1.303,100.0,settled,1-4-3,0,0,0.0
2026-09-17 03:28:38,20260916,14,6,1-6-2,2.74,71.2,195.12,1.951,100.0,settled,1-4-3,0,0,0.0
2026-09-17 03:28:38,20260916,14,6,1-6-3,4.06,36.9,149.87,1.498,100.0,settled,1-4-3,0,0,0.0
2026-09-17 03:28:38,20260916,14,6,1-6-5,2.01,67.1,134.82,1.349,100.0,settled,1-4-3,0,0,0.0
2026-09-17 03:28:38,20260916,14,7,1-2-4,1.51,85.5,128.69,1.291,100.0,settled,5-1-3,0,0,0.0
2026-09-17 03:28:38,20260916,14,7,1-4-2,0.93,109.3,102.03,1.016,100.0,settled,5-1-3,0,0,0.0
2026-09-17 03:28:38,20260916,14,7,1-4-6,1.71,125.3,214.04,2.143,100.0,settled,5-1-3,0,0,0.0
2026-09-17 03:28:38,20260916,14,7,1-6-2,1.19,121.4,144.61,1.445,100.0,settled,5-1-3,0,0,0.0
2026-09-17 03:28:38,20260916,14,7,1-6-4,1.19,221.6,263.33,2.637,100.0,settled,5-1-3,0,0,0.0
2026-09-17 03:28:38,20260916,14,7,1-6-5,1.87,56.9,106.52,1.064,100.0,settled,5-1-3,0,0,0.0
2026-09-17 03:28:38,20260916,14,8,1-2-4,3.85,28.9,111.37,1.113,100.0,settled,1-2-6,0,0,0.0
2026-09-17 03:28:38,20260916,14,8,1-2-5,1.56,87.4,136.27,1.363,100.0,settled,1-2-6,0,0,0.0
2026-09-17 03:28:38,20260916,14,8,1-4-5,0.4,258.6,103.31,1.034,100.0,settled,1-2-6,0,0,0.0
2026-09-17 03:28:38,20260916,14,8,1-5-2,0.51,240.8,122.42,1.228,100.0,settled,1-2-6,0,0,0.0
2026-09-17 03:28:38,20260916,14,8,1-5-4,0.25,479.9,121.75,1.2,100.0,settled,1-2-6,0,0,0.0
2026-09-17 03:28:38,20260916,14,8,1-6-5,0.82,142.8,116.91,1.171,100.0,settled,1-2-6,0,0,0.0
2026-09-17 03:28:38,20260916,14,9,1-4-5,5.01,53.9,269.97,2.7,100.0,settled,3-4-5,0,0,0.0
2026-09-17 03:28:38,20260916,14,9,1-4-6,3.68,99.5,365.71,3.662,100.0,settled,3-4-5,0,0,0.0
2026-09-17 03:28:38,20260916,14,9,1-5-3,1.9,122.4,232.22,2.326,100.0,settled,3-4-5,0,0,0.0
2026-09-17 03:28:38,20260916,14,9,1-5-4,1.94,164.6,319.09,3.193,100.0,settled,3-4-5,0,0,0.0
2026-09-17 03:28:38,20260916,14,9,1-5-6,0.53,534.9,283.5,2.835,100.0,settled,3-4-5,0,0,0.0
2026-09-17 03:28:38,20260916,14,9,1-6-3,0.68,229.3,154.85,1.559,100.0,settled,3-4-5,0,0,0.0
2026-09-17 03:28:38,20260916,14,9,1-6-4,0.73,388.5,285.39,2.836,100.0,settled,3-4-5,0,0,0.0
2026-09-17 03:28:38,20260916,14,9,1-6-5,0.25,1031.0,254.45,2.578,100.0,settled,3-4-5,0,0,0.0
2026-09-17 03:28:38,20260916,14,10,1-2-6,4.5,49.6,223.17,2.232,100.0,settled,1-2-5,0,0,0.0
2026-09-17 03:28:38,20260916,14,10,1-3-6,0.89,134.5,119.29,1.197,100.0,settled,1-2-5,0,0,0.0
2026-09-17 03:28:38,20260916,14,10,1-4-6,1.35,114.2,153.99,1.542,100.0,settled,1-2-5,0,0,0.0
2026-09-17 03:28:38,20260916,14,10,1-5-6,1.35,159.6,215.06,2.155,100.0,settled,1-2-5,0,0,0.0
2026-09-17 03:28:38,20260916,14,10,1-6-2,1.45,252.1,366.43,3.655,100.0,settled,1-2-5,0,0,0.0
2026-09-17 03:28:38,20260916,14,10,1-6-3,0.5,567.7,284.76,2.839,100.0,settled,1-2-5,0,0,0.0
2026-09-17 03:28:38,20260916,14,10,1-6-4,0.78,412.6,320.43,3.218,100.0,settled,1-2-5,0,0,0.0
2026-09-17 03:28:38,20260916,14,10,1-6-5,0.9,520.0,467.95,4.68,100.0,settled,1-2-5,0,0,0.0
2026-09-17 03:28:38,20260916,14,12,1-3-4,3.23,34.3,110.84,1.108,100.0,settled,1-5-4,0,0,0.0
2026-09-17 03:28:38,20260916,14,12,1-3-6,2.01,67.3,135.14,1.353,100.0,settled,1-5-4,0,0,0.0
2026-09-17 03:28:38,20260916,14,12,1-4-3,4.33,35.4,153.36,1.533,100.0,settled,1-5-4,0,0,0.0
2026-09-17 03:28:38,20260916,14,12,1-5-3,1.1,119.3,130.92,1.312,100.0,settled,1-5-4,0,0,0.0
2026-09-17 03:28:38,20260916,14,12,1-5-6,1.43,72.4,103.43,1.035,100.0,settled,1-5-4,0,0,0.0
2026-09-17 03:28:38,20260916,14,12,1-6-3,1.75,128.4,224.46,2.247,100.0,settled,1-5-4,0,0,0.0
2026-09-17 03:28:38,20260916,14,12,1-6-4,2.98,48.2,143.83,1.436,100.0,settled,1-5-4,0,0,0.0
2026-09-17 03:28:38,20260916,14,12,1-6-5,1.44,106.7,153.61,1.536,100.0,settled,1-5-4,0,0,0.0
2026-09-17 03:28:38,20260916,18,1,1-4-3,5.96,26.9,160.43,1.603,100.0,settled,1-3-4,0,0,0.0
2026-09-17 03:28:38,20260916,18,2,1-2-6,3.88,54.7,211.97,2.122,100.0,settled,2-4-3,0,0,0.0
2026-09-17 03:28:38,20260916,18,2,1-3-5,5.26,32.0,168.33,1.683,100.0,settled,2-4-3,0,0,0.0
2026-09-17 03:28:38,20260916,18,2,1-3-6,4.93,101.7,500.92,5.014,100.0,settled,2-4-3,0,0,0.0
2026-09-17 03:28:38,20260916,18,2,1-5-3,2.65,47.6,126.27,1.261,100.0,settled,2-4-3,0,0,0.0
2026-09-17 03:28:38,20260916,18,2,1-6-2,2.03,162.6,330.84,3.301,100.0,settled,2-4-3,0,0,0.0
2026-09-17 03:28:38,20260916,18,2,1-6-3,2.55,258.6,658.27,6.594,100.0,settled,2-4-3,0,0,0.0
2026-09-17 03:28:38,20260916,18,2,1-6-4,1.36,189.9,257.69,2.583,100.0,settled,2-4-3,0,0,0.0
2026-09-17 03:28:38,20260916,18,2,1-6-5,1.29,238.8,308.79,3.081,100.0,settled,2-4-3,0,0,0.0
2026-09-17 03:28:38,20260916,18,3,1-2-4,9.77,20.8,203.2,2.032,100.0,settled,1-3-2,0,0,0.0
2026-09-17 03:28:38,20260916,18,3,1-2-6,5.38,69.4,373.41,3.734,100.0,settled,1-3-2,0,0,0.0
2026-09-17 03:28:38,20260916,18,3,1-4-2,7.46,34.6,258.13,2.581,100.0,settled,1-3-2,0,0,0.0
2026-09-17 03:28:38,20260916,18,3,1-4-6,5.01,92.6,463.79,4.639,100.0,settled,1-3-2,0,0,0.0
2026-09-17 03:28:38,20260916,18,3,1-6-2,1.63,226.4,369.44,3.69,100.0,settled,1-3-2,0,0,0.0
2026-09-17 03:28:38,20260916,18,3,1-6-3,1.06,181.0,192.2,1.919,100.0,settled,1-3-2,0,0,0.0
2026-09-17 03:28:38,20260916,18,3,1-6-4,1.66,265.7,440.48,4.411,100.0,settled,1-3-2,0,0,0.0
2026-09-17 03:28:38,20260916,18,3,1-6-5,0.82,254.7,208.73,2.089,100.0,settled,1-3-2,0,0,0.0
2026-09-17 03:28:38,20260916,18,4,1-5-4,4.1,36.1,147.93,1.48,100.0,settled,1-2-6,0,0,0.0
2026-09-17 03:28:38,20260916,18,5,1-2-6,6.66,37.8,251.83,2.517,100.0,settled,1-3-2,0,0,0.0
2026-09-17 03:28:38,20260916,18,5,1-4-6,5.86,63.6,372.87,3.727,100.0,settled,1-3-2,0,0,0.0
2026-09-17 03:28:38,20260916,18,5,1-5-6,1.17,106.9,125.12,1.251,100.0,settled,1-3-2,0,0,0.0
2026-09-17 03:28:38,20260916,18,5,1-6-2,3.14,144.1,452.07,4.525,100.0,settled,1-3-2,0,0,0.0
2026-09-17 03:28:38,20260916,18,5,1-6-3,1.69,193.0,326.13,3.262,100.0,settled,1-3-2,0,0,0.0
2026-09-17 03:28:38,20260916,18,5,1-6-4,3.38,224.4,759.15,7.585,100.0,settled,1-3-2,0,0,0.0
2026-09-17 03:28:38,20260916,18,5,1-6-5,1.22,257.6,313.86,3.143,100.0,settled,1-3-2,0,0,0.0
2026-09-17 03:28:38,20260916,18,6,1-4-5,2.94,38.6,113.3,1.135,100.0,settled,1-2-5,0,0,0.0
2026-09-17 03:28:38,20260916,18,6,1-5-2,5.88,27.8,163.53,1.635,100.0,settled,1-2-5,0,0,0.0
2026-09-17 03:28:38,20260916,18,6,1-5-3,6.3,33.0,207.76,2.079,100.0,settled,1-2-5,0,0,0.0
2026-09-17 03:28:38,20260916,18,6,1-5-4,3.1,68.2,211.69,2.114,100.0,settled,1-2-5,0,0,0.0
2026-09-17 03:28:38,20260916,18,6,1-5-6,3.64,55.9,203.42,2.035,100.0,settled,1-2-5,0,0,0.0
2026-09-17 03:28:38,20260916,18,6,1-6-4,0.7,163.0,114.83,1.141,100.0,settled,1-2-5,0,0,0.0
2026-09-17 03:28:38,20260916,18,6,1-6-5,1.48,126.9,187.76,1.878,100.0,settled,1-2-5,0,0,0.0
2026-09-17 03:28:38,20260916,18,7,1-5-2,2.69,124.3,334.52,3.344,100.0,settled,4-2-6,0,0,0.0
2026-09-17 03:28:38,20260916,18,7,1-5-3,2.17,138.3,300.3,3.001,100.0,settled,4-2-6,0,0,0.0
2026-09-17 03:28:38,20260916,18,7,1-5-4,2.26,147.1,332.67,3.324,100.0,settled,4-2-6,0,0,0.0
2026-09-17 03:28:38,20260916,18,7,1-5-6,1.56,216.1,336.51,3.371,100.0,settled,4-2-6,0,0,0.0
2026-09-17 03:28:38,20260916,18,7,1-6-2,1.44,164.5,236.35,2.369,100.0,settled,4-2-6,0,0,0.0
2026-09-17 03:28:38,20260916,18,7,1-6-3,1.07,192.4,206.46,2.059,100.0,settled,4-2-6,0,0,0.0
2026-09-17 03:28:38,20260916,18,7,1-6-4,1.49,162.0,241.7,2.414,100.0,settled,4-2-6,0,0,0.0
2026-09-17 03:28:38,20260916,18,7,1-6-5,0.84,349.9,295.63,2.939,100.0,settled,4-2-6,0,0,0.0
2026-09-17 03:28:38,20260916,18,8,1-2-6,3.75,47.8,179.36,1.792,100.0,settled,1-4-2,0,0,0.0
2026-09-17 03:28:38,20260916,18,8,1-4-2,14.59,26.5,386.66,3.866,100.0,settled,1-4-2,1,2650.0,2650.0
2026-09-17 03:28:38,20260916,18,8,1-4-3,6.0,22.1,132.62,1.326,100.0,settled,1-4-2,0,0,0.0
2026-09-17 03:28:38,20260916,18,8,1-4-5,6.22,34.0,211.36,2.115,100.0,settled,1-4-2,0,0,0.0
2026-09-17 03:28:38,20260916,18,8,1-4-6,5.21,76.8,400.1,4.001,100.0,settled,1-4-2,0,0,0.0
2026-09-17 03:28:38,20260916,18,8,1-5-4,3.08,50.1,154.21,1.543,100.0,settled,1-4-2,0,0,0.0
2026-09-17 03:28:38,20260916,18,8,1-6-2,1.17,97.1,113.71,1.136,100.0,settled,1-4-2,0,0,0.0
2026-09-17 03:28:38,20260916,18,8,1-6-4,1.76,141.3,248.46,2.487,100.0,settled,1-4-2,0,0,0.0
2026-09-17 03:28:38,20260916,18,9,1-2-6,7.06,38.2,269.63,2.697,100.0,settled,3-1-4,0,0,0.0
2026-09-17 03:28:38,20260916,18,9,1-3-6,5.21,31.8,165.79,1.657,100.0,settled,3-1-4,0,0,0.0
2026-09-17 03:28:38,20260916,18,9,1-4-6,3.64,46.0,167.21,1.674,100.0,settled,3-1-4,0,0,0.0
2026-09-17 03:28:38,20260916,18,9,1-6-2,2.0,116.4,232.95,2.328,100.0,settled,3-1-4,0,0,0.0
2026-09-17 03:28:38,20260916,18,9,1-6-3,1.59,132.6,210.22,2.108,100.0,settled,3-1-4,0,0,0.0
2026-09-17 03:28:38,20260916,18,9,1-6-4,1.44,157.2,226.35,2.264,100.0,settled,3-1-4,0,0,0.0
2026-09-17 03:28:38,20260916,18,9,1-6-5,0.91,144.3,131.23,1.313,100.0,settled,3-1-4,0,0,0.0
2026-09-17 03:28:38,20260916,18,10,1-4-3,4.84,23.0,111.41,1.113,100.0,settled,5-1-2,0,0,0.0
2026-09-17 03:28:38,20260916,18,11,1-2-6,3.11,49.4,153.66,1.536,100.0,settled,6-5-4,0,0,0.0
2026-09-17 03:28:38,20260916,18,11,1-4-6,3.41,43.4,148.11,1.48,100.0,settled,6-5-4,0,0,0.0
2026-09-17 03:28:38,20260916,18,11,1-6-4,0.59,178.2,105.23,1.051,100.0,settled,6-5-4,0,0,0.0
2026-09-17 03:28:38,20260916,18,12,1-3-6,4.03,33.2,133.87,1.338,100.0,settled,1-6-5,0,0,0.0
2026-09-17 03:28:38,20260916,18,12,1-4-3,3.1,34.7,107.41,1.076,100.0,settled,1-6-5,0,0,0.0
2026-09-17 03:28:38,20260916,18,12,1-4-5,3.89,25.8,100.36,1.004,100.0,settled,1-6-5,0,0,0.0
2026-09-17 03:28:38,20260916,18,12,1-4-6,6.16,40.2,247.7,2.476,100.0,settled,1-6-5,0,0,0.0
2026-09-17 03:28:38,20260916,18,12,1-6-2,4.81,36.0,173.22,1.732,100.0,settled,1-6-5,0,0,0.0
2026-09-17 03:28:38,20260916,18,12,1-6-3,2.88,65.6,188.86,1.889,100.0,settled,1-6-5,0,0,0.0
2026-09-17 03:28:38,20260916,18,12,1-6-4,4.74,77.2,366.3,3.659,100.0,settled,1-6-5,0,0,0.0
2026-09-17 03:28:38,20260916,18,12,1-6-5,3.53,42.6,150.39,1.504,100.0,settled,1-6-5,1,4260.0,4260.0
2026-09-17 03:28:38,20260916,19,1,1-6-3,0.42,256.3,108.06,1.076,100.0,settled,3-1-5,0,0,0.0
2026-09-17 03:28:38,20260916,19,1,1-6-5,0.17,649.6,108.29,1.104,100.0,settled,3-1-5,0,0,0.0
2026-09-17 03:28:38,20260916,19,2,1-2-5,1.72,247.3,424.42,4.254,100.0,settled,1-4-6,0,0,0.0
2026-09-17 03:28:38,20260916,19,2,1-3-2,4.45,49.1,218.3,2.185,100.0,settled,1-4-6,0,0,0.0
2026-09-17 03:28:38,20260916,19,2,1-3-5,2.02,340.4,687.85,6.876,100.0,settled,1-4-6,0,0,0.0
2026-09-17 03:28:38,20260916,19,2,1-3-6,8.31,28.7,238.64,2.385,100.0,settled,1-4-6,0,0,0.0
2026-09-17 03:28:38,20260916,19,2,1-5-2,0.87,715.4,621.4,6.224,100.0,settled,1-4-6,0,0,0.0
2026-09-17 03:28:38,20260916,19,2,1-5-3,1.02,825.0,839.85,8.415,100.0,settled,1-4-6,0,0,0.0
2026-09-17 03:28:38,20260916,19,2,1-5-6,2.15,738.8,1590.34,15.884,100.0,settled,1-4-6,0,0,0.0
2026-09-17 03:28:38,20260916,19,2,1-6-5,4.42,231.1,1021.65,10.215,100.0,settled,1-4-6,0,0,0.0
2026-09-17 03:28:38,20260916,19,3,1-3-2,5.18,21.6,111.92,1.119,100.0,settled,1-3-5,0,0,0.0
2026-09-17 03:28:38,20260916,19,3,1-3-4,3.5,41.9,146.65,1.467,100.0,settled,1-3-5,0,0,0.0
2026-09-17 03:28:38,20260916,19,3,1-4-3,2.83,65.9,186.71,1.865,100.0,settled,1-3-5,0,0,0.0
2026-09-17 03:28:38,20260916,19,4,1-3-2,2.32,46.4,107.46,1.076,100.0,settled,1-3-4,0,0,0.0
2026-09-17 03:28:38,20260916,19,4,1-3-4,3.32,87.8,291.78,2.915,100.0,settled,1-3-4,1,8780.0,8780.0
2026-09-17 03:28:38,20260916,19,4,1-4-2,3.42,69.2,236.35,2.367,100.0,settled,1-3-4,0,0,0.0
2026-09-17 03:28:38,20260916,19,4,1-4-3,3.51,133.7,468.93,4.693,100.0,settled,1-3-4,0,0,0.0
2026-09-17 03:28:38,20260916,19,4,1-4-5,4.63,63.1,291.92,2.922,100.0,settled,1-3-4,0,0,0.0
2026-09-17 03:28:38,20260916,19,4,1-4-6,2.49,63.9,159.03,1.591,100.0,settled,1-3-4,0,0,0.0
2026-09-17 03:28:38,20260916,19,4,1-5-3,1.94,91.7,178.33,1.779,100.0,settled,1-3-4,0,0,0.0
2026-09-17 03:28:38,20260916,19,4,1-5-4,2.91,71.2,207.06,2.072,100.0,settled,1-3-4,0,0,0.0
2026-09-17 03:28:38,20260916,19,5,1-4-5,11.11,20.2,224.35,2.244,100.0,settled,1-3-2,0,0,0.0
2026-09-17 03:28:38,20260916,19,5,1-4-6,3.91,86.1,336.63,3.367,100.0,settled,1-3-2,0,0,0.0
2026-09-17 03:28:38,20260916,19,5,1-5-3,1.19,84.6,100.98,1.007,100.0,settled,1-3-2,0,0,0.0
2026-09-17 03:28:38,20260916,19,5,1-5-4,4.5,61.1,274.65,2.749,100.0,settled,1-3-2,0,0,0.0
2026-09-17 03:28:38,20260916,19,5,1-5-6,0.5,328.3,165.3,1.642,100.0,settled,1-3-2,0,0,0.0
2026-09-17 03:28:38,20260916,19,5,1-6-4,0.41,463.6,192.25,1.901,100.0,settled,1-3-2,0,0,0.0
2026-09-17 03:28:38,20260916,19,5,1-6-5,0.14,741.1,103.31,1.038,100.0,settled,1-3-2,0,0,0.0
2026-09-17 03:28:38,20260916,19,6,1-2-4,3.07,93.3,286.22,2.864,100.0,settled,1-5-6,0,0,0.0
2026-09-17 03:28:38,20260916,19,6,1-4-2,1.35,177.6,240.38,2.398,100.0,settled,1-5-6,0,0,0.0
2026-09-17 03:28:38,20260916,19,6,1-4-3,1.08,134.2,144.47,1.449,100.0,settled,1-5-6,0,0,0.0
2026-09-17 03:28:38,20260916,19,6,1-4-6,3.17,147.6,468.05,4.679,100.0,settled,1-5-6,0,0,0.0
2026-09-17 03:28:38,20260916,19,6,1-6-2,10.29,24.7,254.25,2.542,100.0,settled,1-5-6,0,0,0.0
2026-09-17 03:28:38,20260916,19,6,1-6-4,3.27,138.1,451.03,4.516,100.0,settled,1-5-6,0,0,0.0
2026-09-17 03:28:38,20260916,19,7,1-2-4,2.2,74.0,162.55,1.628,100.0,settled,3-2-1,0,0,0.0
2026-09-17 03:28:38,20260916,19,7,1-3-4,4.01,39.8,159.49,1.596,100.0,settled,3-2-1,0,0,0.0
2026-09-17 03:28:38,20260916,19,7,1-4-2,1.11,181.6,200.94,2.016,100.0,settled,3-2-1,0,0,0.0
2026-09-17 03:28:38,20260916,19,7,1-4-3,1.57,169.4,266.38,2.66,100.0,settled,3-2-1,0,0,0.0
2026-09-17 03:28:38,20260916,19,7,1-4-5,0.63,248.5,156.6,1.566,100.0,settled,3-2-1,0,0,0.0
2026-09-17 03:28:38,20260916,19,7,1-4-6,0.32,439.4,140.61,1.406,100.0,settled,3-2-1,0,0,0.0
2026-09-17 03:28:38,20260916,19,7,1-6-3,0.76,182.8,138.49,1.389,100.0,settled,3-2-1,0,0,0.0
2026-09-17 03:28:38,20260916,19,7,1-6-4,0.17,668.5,112.98,1.136,100.0,settled,3-2-1,0,0,0.0
2026-09-17 03:28:38,20260916,19,8,1-2-6,2.54,248.0,629.25,6.299,100.0,settled,3-2-1,0,0,0.0
2026-09-17 03:28:38,20260916,19,8,1-3-6,5.34,291.3,1554.9,15.555,100.0,settled,3-2-1,0,0,0.0
2026-09-17 03:28:38,20260916,19,8,1-4-6,3.7,627.7,2322.62,23.225,100.0,settled,3-2-1,0,0,0.0
2026-09-17 03:28:38,20260916,19,8,1-5-6,2.89,525.1,1519.01,15.175,100.0,settled,3-2-1,0,0,0.0
2026-09-17 03:28:38,20260916,19,8,1-6-2,1.5,730.8,1098.32,10.962,100.0,settled,3-2-1,0,0,0.0
2026-09-17 03:28:38,20260916,19,8,1-6-3,2.76,1101.0,3037.33,30.388,100.0,settled,3-2-1,0,0,0.0
2026-09-17 03:28:38,20260916,19,8,1-6-4,1.8,1663.0,3000.38,29.934,100.0,settled,3-2-1,0,0,0.0
2026-09-17 03:28:38,20260916,19,8,1-6-5,1.78,1858.0,3310.77,33.072,100.0,settled,3-2-1,0,0,0.0
2026-09-17 03:28:38,20260916,19,9,1-2-6,7.8,29.8,232.36,2.324,100.0,settled,1-4-3,0,0,0.0
2026-09-17 03:28:38,20260916,19,9,1-3-6,2.44,84.5,206.43,2.062,100.0,settled,1-4-3,0,0,0.0
2026-09-17 03:28:38,20260916,19,9,1-4-6,2.03,67.1,136.0,1.362,100.0,settled,1-4-3,0,0,0.0
2026-09-17 03:28:38,20260916,19,9,1-6-2,3.55,108.8,386.04,3.862,100.0,settled,1-4-3,0,0,0.0
2026-09-17 03:28:38,20260916,19,9,1-6-3,1.9,270.7,514.38,5.143,100.0,settled,1-4-3,0,0,0.0
2026-09-17 03:28:38,20260916,19,9,1-6-4,1.39,206.3,286.98,2.868,100.0,settled,1-4-3,0,0,0.0
2026-09-17 03:28:38,20260916,19,10,1-3-5,8.11,37.3,302.33,3.025,100.0,settled,1-4-3,0,0,0.0
2026-09-17 03:28:38,20260916,19,10,1-3-6,4.97,117.9,586.26,5.86,100.0,settled,1-4-3,0,0,0.0
2026-09-17 03:28:38,20260916,19,10,1-5-3,8.51,37.8,321.55,3.217,100.0,settled,1-4-3,0,0,0.0
2026-09-17 03:28:38,20260916,19,10,1-5-6,7.43,139.0,1032.23,10.328,100.0,settled,1-4-3,0,0,0.0
2026-09-17 03:28:38,20260916,19,10,1-6-2,1.43,250.6,357.71,3.584,100.0,settled,1-4-3,0,0,0.0
2026-09-17 03:28:38,20260916,19,10,1-6-3,2.28,374.2,855.05,8.532,100.0,settled,1-4-3,0,0,0.0
2026-09-17 03:28:38,20260916,19,10,1-6-4,1.64,312.8,513.09,5.13,100.0,settled,1-4-3,0,0,0.0
2026-09-17 03:28:38,20260916,19,10,1-6-5,2.99,397.6,1190.57,11.888,100.0,settled,1-4-3,0,0,0.0
2026-09-17 03:28:38,20260916,19,11,1-2-6,4.63,68.5,317.22,3.172,100.0,settled,1-3-5,0,0,0.0
2026-09-17 03:28:38,20260916,19,11,1-4-6,3.69,47.0,173.26,1.734,100.0,settled,1-3-5,0,0,0.0
2026-09-17 03:28:38,20260916,19,11,1-6-2,1.16,226.4,263.01,2.626,100.0,settled,1-3-5,0,0,0.0
2026-09-17 03:28:38,20260916,19,11,1-6-4,0.95,235.3,222.99,2.235,100.0,settled,1-3-5,0,0,0.0
2026-09-17 03:28:38,20260916,19,12,1-2-4,5.59,20.3,113.43,1.135,100.0,settled,1-2-4,1,2030.0,2030.0
2026-09-17 03:28:38,20260916,19,12,1-2-6,8.56,61.8,529.14,5.29,100.0,settled,1-2-4,0,0,0.0
2026-09-17 03:28:38,20260916,19,12,1-3-6,4.82,45.2,217.95,2.179,100.0,settled,1-2-4,0,0,0.0
2026-09-17 03:28:38,20260916,19,12,1-4-6,1.35,87.8,118.69,1.185,100.0,settled,1-2-4,0,0,0.0
2026-09-17 03:28:38,20260916,19,12,1-6-2,3.61,201.4,728.02,7.271,100.0,settled,1-2-4,0,0,0.0
2026-09-17 03:28:38,20260916,19,12,1-6-3,2.64,181.3,479.43,4.786,100.0,settled,1-2-4,0,0,0.0
2026-09-17 03:28:38,20260916,19,12,1-6-4,0.93,239.7,223.5,2.229,100.0,settled,1-2-4,0,0,0.0
2026-09-17 03:28:38,20260916,22,1,1-2-6,1.51,134.4,202.37,2.029,100.0,settled,1-2-4,0,0,0.0
2026-09-17 03:28:38,20260916,22,1,1-3-6,2.44,66.7,162.88,1.627,100.0,settled,1-2-4,0,0,0.0
2026-09-17 03:28:38,20260916,22,1,1-4-6,0.88,126.4,111.83,1.112,100.0,settled,1-2-4,0,0,0.0
2026-09-17 03:28:38,20260916,22,1,1-6-3,0.41,252.3,103.34,1.034,100.0,settled,1-2-4,0,0,0.0
2026-09-17 03:28:38,20260916,22,2,1-2-5,2.69,47.0,126.63,1.264,100.0,settled,2-4-1,0,0,0.0
2026-09-17 03:28:38,20260916,22,2,1-4-2,5.12,32.5,166.3,1.664,100.0,settled,2-4-1,0,0,0.0
2026-09-17 03:28:38,20260916,22,2,1-4-3,2.82,70.5,198.84,1.988,100.0,settled,2-4-1,0,0,0.0
2026-09-17 03:28:38,20260916,22,2,1-4-5,2.57,66.7,171.75,1.714,100.0,settled,2-4-1,0,0,0.0
2026-09-17 03:28:38,20260916,22,2,1-4-6,0.59,249.7,147.42,1.473,100.0,settled,2-4-1,0,0,0.0
2026-09-17 03:28:38,20260916,22,2,1-5-2,1.03,137.3,141.97,1.414,100.0,settled,2-4-1,0,0,0.0
2026-09-17 03:28:38,20260916,22,2,1-5-3,0.64,319.4,204.61,2.044,100.0,settled,2-4-1,0,0,0.0
2026-09-17 03:28:38,20260916,22,2,1-5-4,1.08,154.7,167.05,1.671,100.0,settled,2-4-1,0,0,0.0
2026-09-17 03:28:38,20260916,22,3,1-2-5,0.97,318.9,307.99,3.093,100.0,settled,1-2-3,0,0,0.0
2026-09-17 03:28:38,20260916,22,3,1-3-5,1.93,165.1,318.33,3.186,100.0,settled,1-2-3,0,0,0.0
2026-09-17 03:28:38,20260916,22,3,1-4-5,0.62,339.5,208.86,2.105,100.0,settled,1-2-3,0,0,0.0
2026-09-17 03:28:38,20260916,22,3,1-5-2,0.33,848.9,277.17,2.801,100.0,settled,1-2-3,0,0,0.0
2026-09-17 03:28:38,20260916,22,3,1-5-3,0.62,762.9,475.06,4.73,100.0,settled,1-2-3,0,0,0.0
2026-09-17 03:28:38,20260916,22,3,1-5-4,0.25,1488.0,365.3,3.72,100.0,settled,1-2-3,0,0,0.0
2026-09-17 03:28:38,20260916,22,3,1-5-6,0.19,1401.0,271.51,2.662,100.0,settled,1-2-3,0,0,0.0
2026-09-17 03:28:38,20260916,22,3,1-6-5,0.21,1066.0,221.62,2.239,100.0,settled,1-2-3,0,0,0.0
2026-09-17 03:28:38,20260916,22,4,1-2-6,1.24,266.8,330.08,3.308,100.0,settled,1-2-5,0,0,0.0
2026-09-17 03:28:38,20260916,22,4,1-3-6,1.85,299.3,555.14,5.537,100.0,settled,1-2-5,0,0,0.0
2026-09-17 03:28:38,20260916,22,4,1-5-3,3.11,37.7,117.19,1.172,100.0,settled,1-2-5,0,0,0.0
2026-09-17 03:28:38,20260916,22,4,1-5-6,0.82,473.8,388.66,3.885,100.0,settled,1-2-5,0,0,0.0
2026-09-17 03:28:38,20260916,22,4,1-6-2,0.4,752.9,298.22,3.012,100.0,settled,1-2-5,0,0,0.0
2026-09-17 03:28:38,20260916,22,4,1-6-3,0.48,1227.0,595.1,5.89,100.0,settled,1-2-5,0,0,0.0
2026-09-17 03:28:38,20260916,22,4,1-6-5,0.43,1443.0,624.67,6.205,100.0,settled,1-2-5,0,0,0.0
2026-09-17 03:28:38,20260916,22,5,1-4-6,0.26,420.5,108.83,1.093,100.0,settled,1-4-2,0,0,0.0
2026-09-17 03:28:38,20260916,22,6,1-2-3,4.45,44.6,198.59,1.985,100.0,settled,1-2-5,0,0,0.0
2026-09-17 03:28:38,20260916,22,6,1-2-6,2.94,59.5,174.77,1.749,100.0,settled,1-2-5,0,0,0.0
2026-09-17 03:28:38,20260916,22,6,1-3-2,2.49,79.3,197.46,1.975,100.0,settled,1-2-5,0,0,0.0
2026-09-17 03:28:38,20260916,22,6,1-3-4,0.86,186.2,160.54,1.601,100.0,settled,1-2-5,0,0,0.0
2026-09-17 03:28:38,20260916,22,6,1-3-6,0.9,332.7,300.96,2.994,100.0,settled,1-2-5,0,0,0.0
2026-09-17 03:28:38,20260916,22,6,1-4-2,1.07,123.4,132.46,1.32,100.0,settled,1-2-5,0,0,0.0
2026-09-17 03:28:38,20260916,22,6,1-4-3,0.52,356.2,184.05,1.852,100.0,settled,1-2-5,0,0,0.0
2026-09-17 03:28:38,20260916,22,6,1-4-6,0.53,326.1,173.58,1.728,100.0,settled,1-2-5,0,0,0.0
2026-09-17 03:28:38,20260916,22,7,1-2-6,0.68,310.2,211.28,2.109,100.0,settled,1-5-2,0,0,0.0
2026-09-17 03:28:38,20260916,22,7,1-4-6,0.15,1053.0,159.21,1.58,100.0,settled,1-5-2,0,0,0.0
2026-09-17 03:28:38,20260916,22,7,1-6-2,0.11,1148.0,120.65,1.263,100.0,settled,1-5-2,0,0,0.0
2026-09-17 03:28:38,20260916,22,7,1-6-4,0.04,2656.0,105.18,1.062,100.0,settled,1-5-2,0,0,0.0
2026-09-17 03:28:38,20260916,22,8,1-3-6,0.96,107.1,102.53,1.028,100.0,settled,1-2-3,0,0,0.0
2026-09-17 03:28:38,20260916,22,8,1-6-3,0.42,382.8,160.2,1.608,100.0,settled,1-2-3,0,0,0.0
2026-09-17 03:28:38,20260916,22,9,1-4-2,3.65,44.8,163.33,1.635,100.0,settled,2-1-3,0,0,0.0
2026-09-17 03:28:38,20260916,22,9,1-4-3,2.75,66.7,183.23,1.834,100.0,settled,2-1-3,0,0,0.0
2026-09-17 03:28:38,20260916,22,9,1-4-5,0.94,153.2,144.45,1.44,100.0,settled,2-1-3,0,0,0.0
2026-09-17 03:28:38,20260916,22,9,1-4-6,0.69,145.4,100.82,1.003,100.0,settled,2-1-3,0,0,0.0
2026-09-17 03:28:38,20260916,22,9,1-5-4,0.41,289.4,119.64,1.187,100.0,settled,2-1-3,0,0,0.0
2026-09-17 03:28:38,20260916,22,10,1-3-4,4.11,29.2,120.07,1.2,100.0,settled,2-1-4,0,0,0.0
2026-09-17 03:28:38,20260916,22,10,1-3-5,3.8,44.1,167.49,1.676,100.0,settled,2-1-4,0,0,0.0
2026-09-17 03:28:38,20260916,22,10,1-4-3,2.2,77.9,171.44,1.714,100.0,settled,2-1-4,0,0,0.0
2026-09-17 03:28:38,20260916,22,10,1-5-3,1.73,82.1,142.35,1.42,100.0,settled,2-1-4,0,0,0.0
2026-09-17 03:28:38,20260916,22,11,1-2-6,1.08,100.5,108.94,1.085,100.0,settled,1-5-2,0,0,0.0
2026-09-17 03:28:38,20260916,22,11,1-3-2,4.68,22.4,104.79,1.048,100.0,settled,1-5-2,0,0,0.0
2026-09-17 03:28:38,20260916,22,11,1-3-4,6.51,26.4,171.9,1.719,100.0,settled,1-5-2,0,0,0.0
2026-09-17 03:28:38,20260916,22,11,1-4-2,13.61,23.4,318.55,3.185,100.0,settled,1-5-2,0,0,0.0
2026-09-17 03:28:38,20260916,22,11,1-4-3,8.05,36.5,293.93,2.938,100.0,settled,1-5-2,0,0,0.0
2026-09-17 03:28:38,20260916,22,11,1-4-6,2.3,100.2,230.49,2.305,100.0,settled,1-5-2,0,0,0.0
2026-09-17 03:28:38,20260916,22,11,1-6-4,0.29,393.2,114.74,1.14,100.0,settled,1-5-2,0,0,0.0
2026-09-17 03:28:38,20260916,22,12,1-2-6,3.85,27.9,107.43,1.074,100.0,settled,1-2-5,0,0,0.0
2026-09-17 03:28:38,20260916,22,12,1-4-2,4.61,27.2,125.44,1.254,100.0,settled,1-2-5,0,0,0.0
2026-09-17 03:28:38,20260916,22,12,1-4-6,2.66,70.7,187.8,1.881,100.0,settled,1-2-5,0,0,0.0
2026-09-17 03:28:38,20260916,22,12,1-6-2,0.93,137.0,126.77,1.274,100.0,settled,1-2-5,0,0,0.0
2026-09-17 03:28:38,20260916,22,12,1-6-4,0.94,250.2,233.99,2.352,100.0,settled,1-2-5,0,0,0.0
2026-09-17 03:28:38,20260916,23,1,1-2-6,7.28,104.2,758.57,7.586,100.0,settled,1-2-4,0,0,0.0
2026-09-17 03:28:38,20260916,23,1,1-3-6,1.1,157.2,172.29,1.729,100.0,settled,1-2-4,0,0,0.0
2026-09-17 03:28:38,20260916,23,1,1-6-2,1.41,339.0,478.53,4.78,100.0,settled,1-2-4,0,0,0.0
2026-09-17 03:28:38,20260916,23,1,1-6-3,0.45,642.5,287.9,2.891,100.0,settled,1-2-4,0,0,0.0
2026-09-17 03:28:38,20260916,23,1,1-6-5,0.34,479.2,163.31,1.629,100.0,settled,1-2-4,0,0,0.0
2026-09-17 03:28:38,20260916,23,2,1-2-5,3.14,63.7,200.25,2.0,100.0,settled,1-4-2,0,0,0.0
2026-09-17 03:28:38,20260916,23,2,1-2-6,2.89,66.1,190.72,1.91,100.0,settled,1-4-2,0,0,0.0
2026-09-17 03:28:38,20260916,23,2,1-4-2,6.35,27.5,174.55,1.746,100.0,settled,1-4-2,1,2750.0,2750.0
2026-09-17 03:28:38,20260916,23,2,1-4-5,1.62,65.0,105.44,1.053,100.0,settled,1-4-2,0,0,0.0
2026-09-17 03:28:38,20260916,23,2,1-4-6,2.27,64.6,146.48,1.466,100.0,settled,1-4-2,0,0,0.0
2026-09-17 03:28:38,20260916,23,2,1-5-4,0.62,170.6,105.23,1.058,100.0,settled,1-4-2,0,0,0.0
2026-09-17 03:28:38,20260916,23,2,1-6-2,0.66,152.5,100.02,1.006,100.0,settled,1-4-2,0,0,0.0
2026-09-17 03:28:38,20260916,23,4,1-2-5,5.67,20.9,118.43,1.185,100.0,settled,1-2-3,0,0,0.0
2026-09-17 03:28:38,20260916,23,4,1-5-6,0.62,197.1,122.2,1.222,100.0,settled,1-2-3,0,0,0.0
2026-09-17 03:28:38,20260916,23,4,1-6-5,0.97,115.8,112.89,1.123,100.0,settled,1-2-3,0,0,0.0
2026-09-17 03:28:38,20260916,23,5,1-2-4,2.03,66.5,134.82,1.35,100.0,settled,1-3-4,0,0,0.0
2026-09-17 03:28:38,20260916,23,5,1-3-4,3.4,47.7,162.1,1.622,100.0,settled,1-3-4,1,4770.0,4770.0
2026-09-17 03:28:38,20260916,23,5,1-4-2,1.09,96.2,105.31,1.049,100.0,settled,1-3-4,0,0,0.0
2026-09-17 03:28:38,20260916,23,5,1-4-3,1.39,106.6,147.99,1.482,100.0,settled,1-3-4,0,0,0.0
2026-09-17 03:28:38,20260916,23,5,1-4-5,2.13,68.5,146.1,1.459,100.0,settled,1-3-4,0,0,0.0
2026-09-17 03:28:38,20260916,23,5,1-5-4,2.55,39.3,100.15,1.002,100.0,settled,1-3-4,0,0,0.0
2026-09-17 03:28:38,20260916,23,6,1-2-3,3.33,31.2,103.97,1.039,100.0,settled,1-2-5,0,0,0.0
2026-09-17 03:28:38,20260916,23,6,1-3-2,1.8,62.0,111.65,1.116,100.0,settled,1-2-5,0,0,0.0
2026-09-17 03:28:38,20260916,23,6,1-3-4,1.38,88.0,121.25,1.214,100.0,settled,1-2-5,0,0,0.0
2026-09-17 03:28:38,20260916,23,6,1-3-5,1.22,102.9,125.5,1.255,100.0,settled,1-2-5,0,0,0.0
2026-09-17 03:28:38,20260916,23,6,1-3-6,0.54,199.6,106.95,1.078,100.0,settled,1-2-5,0,0,0.0
2026-09-17 03:28:38,20260916,23,6,1-5-3,1.07,129.7,139.25,1.388,100.0,settled,1-2-5,0,0,0.0
2026-09-17 03:28:38,20260916,23,6,1-5-6,0.5,226.8,112.72,1.134,100.0,settled,1-2-5,0,0,0.0
2026-09-17 03:28:38,20260916,23,6,1-6-5,0.25,515.8,126.73,1.289,100.0,settled,1-2-5,0,0,0.0
2026-09-17 03:28:38,20260916,23,9,1-3-2,5.8,26.3,152.56,1.525,100.0,settled,2-1-6,0,0,0.0
2026-09-17 03:28:38,20260916,23,9,1-3-4,5.11,24.7,126.19,1.262,100.0,settled,2-1-6,0,0,0.0
2026-09-17 03:28:38,20260916,23,9,1-3-5,2.09,71.8,150.13,1.501,100.0,settled,2-1-6,0,0,0.0
2026-09-17 03:28:38,20260916,23,9,1-4-3,4.08,36.3,148.27,1.481,100.0,settled,2-1-6,0,0,0.0
2026-09-17 03:28:38,20260916,23,9,1-4-5,1.68,103.9,174.14,1.746,100.0,settled,2-1-6,0,0,0.0
2026-09-17 03:28:38,20260916,23,9,1-5-2,1.27,183.3,231.93,2.328,100.0,settled,2-1-6,0,0,0.0
2026-09-17 03:28:38,20260916,23,9,1-5-3,1.57,180.4,283.28,2.832,100.0,settled,2-1-6,0,0,0.0
2026-09-17 03:28:38,20260916,23,9,1-5-4,1.07,236.6,252.57,2.532,100.0,settled,2-1-6,0,0,0.0
2026-09-17 03:28:38,20260916,23,10,1-2-6,1.49,103.1,153.44,1.536,100.0,settled,1-5-4,0,0,0.0
2026-09-17 03:28:38,20260916,23,10,1-4-2,1.85,89.1,165.24,1.648,100.0,settled,1-5-4,0,0,0.0
2026-09-17 03:28:38,20260916,23,10,1-4-3,1.25,110.7,138.23,1.384,100.0,settled,1-5-4,0,0,0.0
2026-09-17 03:28:38,20260916,23,10,1-4-5,1.5,124.4,186.92,1.866,100.0,settled,1-5-4,0,0,0.0
2026-09-17 03:28:38,20260916,23,10,1-4-6,1.1,259.1,284.08,2.85,100.0,settled,1-5-4,0,0,0.0
2026-09-17 03:28:38,20260916,23,10,1-5-6,0.88,139.8,123.35,1.23,100.0,settled,1-5-4,0,0,0.0
2026-09-17 03:28:38,20260916,23,10,1-6-4,0.31,459.6,142.66,1.425,100.0,settled,1-5-4,0,0,0.0
2026-09-17 03:28:38,20260916,23,10,1-6-5,0.34,378.0,128.1,1.285,100.0,settled,1-5-4,0,0,0.0
2026-09-17 03:28:38,20260916,23,11,1-3-4,2.98,34.8,103.81,1.037,100.0,settled,2-1-6,0,0,0.0
2026-09-17 03:28:38,20260916,23,11,1-3-5,5.74,20.1,115.31,1.154,100.0,settled,2-1-6,0,0,0.0
2026-09-17 03:28:38,20260916,23,11,1-5-3,1.68,73.8,124.03,1.24,100.0,settled,2-1-6,0,0,0.0
2026-09-18 03:36:13,20260917,4,2,1-2-4,1.16,128.7,149.34,1.493,100.0,settled,2-5-1,0,0,0.0
2026-09-18 03:36:13,20260917,4,2,1-3-2,1.7,67.1,114.12,1.141,100.0,settled,2-5-1,0,0,0.0
2026-09-18 03:36:13,20260917,4,2,1-4-2,0.53,463.3,245.46,2.455,100.0,settled,2-5-1,0,0,0.0
2026-09-18 03:36:13,20260917,4,2,1-4-3,0.18,744.1,133.79,1.339,100.0,settled,2-5-1,0,0,0.0
2026-09-18 03:36:13,20260917,4,2,1-4-5,0.45,549.7,248.3,2.474,100.0,settled,2-5-1,0,0,0.0
2026-09-18 03:36:13,20260917,4,2,1-4-6,0.13,818.5,109.76,1.064,100.0,settled,2-5-1,0,0,0.0
2026-09-18 03:36:13,20260917,4,2,1-5-4,0.52,484.6,251.6,2.52,100.0,settled,2-5-1,0,0,0.0
2026-09-18 03:36:13,20260917,4,3,1-2-5,1.54,314.5,483.64,4.843,100.0,settled,4-3-1,0,0,0.0
2026-09-18 03:36:13,20260917,4,3,1-2-6,1.98,78.8,156.07,1.56,100.0,settled,4-3-1,0,0,0.0
2026-09-18 03:36:13,20260917,4,3,1-4-5,1.31,263.1,344.77,3.447,100.0,settled,4-3-1,0,0,0.0
2026-09-18 03:36:13,20260917,4,3,1-5-2,0.63,772.1,487.2,4.864,100.0,settled,4-3-1,0,0,0.0
2026-09-18 03:36:13,20260917,4,3,1-5-3,0.19,834.2,162.25,1.585,100.0,settled,4-3-1,0,0,0.0
2026-09-18 03:36:13,20260917,4,3,1-5-4,0.57,741.5,421.32,4.227,100.0,settled,4-3-1,0,0,0.0
2026-09-18 03:36:13,20260917,4,3,1-5-6,0.3,1026.0,311.19,3.078,100.0,settled,4-3-1,0,0,0.0
2026-09-18 03:36:13,20260917,4,3,1-6-5,0.26,741.5,192.49,1.928,100.0,settled,4-3-1,0,0,0.0
2026-09-18 03:36:13,20260917,4,4,1-2-4,3.2,32.8,104.82,1.05,100.0,settled,1-4-3,0,0,0.0
2026-09-18 03:36:13,20260917,4,4,1-2-6,7.77,21.6,167.81,1.678,100.0,settled,1-4-3,0,0,0.0
2026-09-18 03:36:13,20260917,4,4,1-6-2,3.27,46.4,151.53,1.517,100.0,settled,1-4-3,0,0,0.0
2026-09-18 03:36:13,20260917,4,6,1-2-3,4.55,37.4,170.15,1.702,100.0,settled,1-6-3,0,0,0.0
2026-09-18 03:36:13,20260917,4,6,1-2-4,6.08,25.8,156.85,1.569,100.0,settled,1-6-3,0,0,0.0
2026-09-18 03:36:13,20260917,4,6,1-2-5,2.05,146.1,299.78,2.995,100.0,settled,1-6-3,0,0,0.0
2026-09-18 03:36:13,20260917,4,6,1-2-6,1.61,81.8,131.71,1.317,100.0,settled,1-6-3,0,0,0.0
2026-09-18 03:36:13,20260917,4,6,1-3-2,4.29,35.5,152.37,1.523,100.0,settled,1-6-3,0,0,0.0
2026-09-18 03:36:13,20260917,4,6,1-5-2,0.73,214.1,155.76,1.563,100.0,settled,1-6-3,0,0,0.0
2026-09-18 03:36:13,20260917,4,7,1-2-6,5.36,55.1,295.1,2.953,100.0,settled,1-2-4,0,0,0.0
2026-09-18 03:36:13,20260917,4,7,1-5-2,2.41,64.5,155.5,1.554,100.0,settled,1-2-4,0,0,0.0
2026-09-18 03:36:13,20260917,4,7,1-5-6,0.61,467.3,284.07,2.851,100.0,settled,1-2-4,0,0,0.0
2026-09-18 03:36:13,20260917,4,7,1-6-2,1.4,246.7,346.42,3.454,100.0,settled,1-2-4,0,0,0.0
2026-09-18 03:36:13,20260917,4,7,1-6-5,0.65,601.9,388.29,3.912,100.0,settled,1-2-4,0,0,0.0
2026-09-18 03:36:13,20260917,4,8,1-4-2,1.75,70.9,124.22,1.241,100.0,settled,3-6-1,0,0,0.0
2026-09-18 03:36:13,20260917,4,8,1-4-3,2.18,71.7,156.62,1.563,100.0,settled,3-6-1,0,0,0.0
2026-09-18 03:36:13,20260917,4,8,1-4-6,1.65,62.7,103.59,1.035,100.0,settled,3-6-1,0,0,0.0
2026-09-18 03:36:13,20260917,4,9,1-3-6,4.43,23.4,103.6,1.037,100.0,settled,1-4-3,0,0,0.0
2026-09-18 03:36:13,20260917,4,9,1-5-2,0.65,159.4,104.18,1.036,100.0,settled,1-4-3,0,0,0.0
2026-09-18 03:36:13,20260917,4,9,1-5-3,2.0,94.9,189.77,1.898,100.0,settled,1-4-3,0,0,0.0
2026-09-18 03:36:13,20260917,4,9,1-5-6,1.23,180.4,222.11,2.219,100.0,settled,1-4-3,0,0,0.0
2026-09-18 03:36:13,20260917,4,9,1-6-2,0.77,215.8,166.92,1.662,100.0,settled,1-4-3,0,0,0.0
2026-09-18 03:36:13,20260917,4,9,1-6-3,2.18,97.9,213.18,2.134,100.0,settled,1-4-3,0,0,0.0
2026-09-18 03:36:13,20260917,4,9,1-6-5,1.0,223.0,222.71,2.23,100.0,settled,1-4-3,0,0,0.0
2026-09-18 03:36:13,20260917,4,11,1-2-4,4.3,43.7,187.78,1.879,100.0,settled,1-2-3,0,0,0.0
2026-09-18 03:36:13,20260917,4,11,1-4-2,2.8,83.3,233.4,2.332,100.0,settled,1-2-3,0,0,0.0
2026-09-18 03:36:13,20260917,4,11,1-4-3,2.73,71.8,195.69,1.96,100.0,settled,1-2-3,0,0,0.0
2026-09-18 03:36:13,20260917,4,11,1-4-5,1.97,78.8,155.24,1.552,100.0,settled,1-2-3,0,0,0.0
2026-09-18 03:36:13,20260917,4,11,1-4-6,2.95,69.5,204.96,2.05,100.0,settled,1-2-3,0,0,0.0
2026-09-18 03:36:13,20260917,4,11,1-5-4,1.33,111.7,148.9,1.486,100.0,settled,1-2-3,0,0,0.0
2026-09-18 03:36:13,20260917,4,12,1-3-2,4.04,38.1,154.06,1.539,100.0,settled,1-6-4,0,0,0.0
2026-09-18 03:36:13,20260917,4,12,1-3-4,3.6,28.5,102.48,1.026,100.0,settled,1-6-4,0,0,0.0
2026-09-18 03:36:13,20260917,4,12,1-4-3,7.18,20.2,145.09,1.45,100.0,settled,1-6-4,0,0,0.0
2026-09-18 03:36:13,20260917,5,1,1-6-3,0.89,124.3,110.3,1.106,100.0,settled,1-3-2,0,0,0.0
2026-09-18 03:36:13,20260917,5,2,1-4-3,3.31,31.2,103.22,1.033,100.0,settled,3-4-6,0,0,0.0
2026-09-18 03:36:13,20260917,5,2,1-4-5,1.39,91.5,126.98,1.272,100.0,settled,3-4-6,0,0,0.0
2026-09-18 03:36:13,20260917,5,2,1-4-6,2.93,42.6,124.83,1.248,100.0,settled,3-4-6,0,0,0.0
2026-09-18 03:36:13,20260917,5,2,1-5-4,0.95,109.7,104.18,1.042,100.0,settled,3-4-6,0,0,0.0
2026-09-18 03:36:13,20260917,5,2,1-6-4,2.05,70.4,144.28,1.443,100.0,settled,3-4-6,0,0,0.0
2026-09-18 03:36:13,20260917,5,2,1-6-5,1.18,101.4,119.88,1.197,100.0,settled,3-4-6,0,0,0.0
2026-09-18 03:36:13,20260917,5,3,1-2-6,4.59,38.6,177.12,1.772,100.0,settled,4-3-5,0,0,0.0
2026-09-18 03:36:13,20260917,5,3,1-3-6,2.18,93.8,204.28,2.045,100.0,settled,4-3-5,0,0,0.0
2026-09-18 03:36:13,20260917,5,3,1-4-6,4.43,50.9,225.45,2.255,100.0,settled,4-3-5,0,0,0.0
2026-09-18 03:36:13,20260917,5,3,1-5-6,1.92,193.5,370.84,3.715,100.0,settled,4-3-5,0,0,0.0
2026-09-18 03:36:13,20260917,5,3,1-6-2,1.69,165.3,278.73,2.794,100.0,settled,4-3-5,0,0,0.0
2026-09-18 03:36:13,20260917,5,3,1-6-3,1.06,279.3,295.78,2.961,100.0,settled,4-3-5,0,0,0.0
2026-09-18 03:36:13,20260917,5,3,1-6-4,2.07,218.6,451.43,4.525,100.0,settled,4-3-5,0,0,0.0
2026-09-18 03:36:13,20260917,5,3,1-6-5,1.17,400.3,467.19,4.684,100.0,settled,4-3-5,0,0,0.0
2026-09-18 03:36:13,20260917,5,4,1-3-6,5.5,22.2,122.07,1.221,100.0,settled,1-5-3,0,0,0.0
2026-09-18 03:36:13,20260917,5,4,1-4-6,4.76,46.7,222.11,2.223,100.0,settled,1-5-3,0,0,0.0
2026-09-18 03:36:13,20260917,5,4,1-6-2,1.89,80.4,151.85,1.52,100.0,settled,1-5-3,0,0,0.0
2026-09-18 03:36:13,20260917,5,4,1-6-3,2.26,93.7,212.07,2.118,100.0,settled,1-5-3,0,0,0.0
2026-09-18 03:36:13,20260917,5,4,1-6-4,2.56,128.5,329.19,3.29,100.0,settled,1-5-3,0,0,0.0
2026-09-18 03:36:13,20260917,5,4,1-6-5,1.75,71.8,125.65,1.257,100.0,settled,1-5-3,0,0,0.0
2026-09-18 03:36:13,20260917,5,5,1-4-2,5.62,22.2,124.72,1.248,100.0,settled,3-4-1,0,0,0.0
2026-09-18 03:36:13,20260917,5,5,1-4-3,5.97,24.4,145.61,1.457,100.0,settled,3-4-1,0,0,0.0
2026-09-18 03:36:13,20260917,5,6,1-2-6,1.91,147.8,282.03,2.823,100.0,settled,1-3-4,0,0,0.0
2026-09-18 03:36:13,20260917,5,6,1-3-6,1.86,96.7,180.25,1.799,100.0,settled,1-3-4,0,0,0.0
2026-09-18 03:36:13,20260917,5,6,1-4-2,4.68,29.5,138.11,1.381,100.0,settled,1-3-4,0,0,0.0
2026-09-18 03:36:13,20260917,5,6,1-4-6,4.54,67.9,308.27,3.083,100.0,settled,1-3-4,0,0,0.0
2026-09-18 03:36:13,20260917,5,6,1-6-2,0.77,395.6,304.26,3.046,100.0,settled,1-3-4,0,0,0.0
2026-09-18 03:36:13,20260917,5,6,1-6-3,0.74,375.2,277.91,2.776,100.0,settled,1-3-4,0,0,0.0
2026-09-18 03:36:13,20260917,5,6,1-6-4,1.48,288.5,425.83,4.27,100.0,settled,1-3-4,0,0,0.0
2026-09-18 03:36:13,20260917,5,6,1-6-5,0.4,358.9,144.13,1.436,100.0,settled,1-3-4,0,0,0.0
2026-09-18 03:36:13,20260917,5,7,1-2-6,1.89,92.3,174.02,1.744,100.0,settled,1-2-4,0,0,0.0
2026-09-18 03:36:13,20260917,5,7,1-6-2,0.57,241.6,138.65,1.377,100.0,settled,1-2-4,0,0,0.0
2026-09-18 03:36:13,20260917,5,7,1-6-4,0.53,213.7,112.49,1.133,100.0,settled,1-2-4,0,0,0.0
2026-09-18 03:36:13,20260917,5,9,1-4-3,2.79,45.8,127.79,1.278,100.0,settled,1-3-5,0,0,0.0
2026-09-18 03:36:13,20260917,5,9,1-4-5,2.8,77.0,215.42,2.156,100.0,settled,1-3-5,0,0,0.0
2026-09-18 03:36:13,20260917,5,9,1-4-6,3.32,46.8,155.32,1.554,100.0,settled,1-3-5,0,0,0.0
2026-09-18 03:36:13,20260917,5,9,1-5-4,1.99,109.4,217.54,2.177,100.0,settled,1-3-5,0,0,0.0
2026-09-18 03:36:13,20260917,5,9,1-5-6,2.4,56.8,136.53,1.363,100.0,settled,1-3-5,0,0,0.0
2026-09-18 03:36:13,20260917,5,9,1-6-4,2.34,77.5,181.22,1.813,100.0,settled,1-3-5,0,0,0.0
2026-09-18 03:36:13,20260917,5,9,1-6-5,1.94,80.9,156.71,1.569,100.0,settled,1-3-5,0,0,0.0
2026-09-18 03:36:13,20260917,5,10,1-2-6,2.73,39.0,106.41,1.065,100.0,settled,1-3-2,0,0,0.0
2026-09-18 03:36:13,20260917,5,10,1-3-6,6.34,27.0,171.2,1.712,100.0,settled,1-3-2,0,0,0.0
2026-09-18 03:36:13,20260917,5,10,1-4-6,4.55,31.5,143.38,1.433,100.0,settled,1-3-2,0,0,0.0
2026-09-18 03:36:13,20260917,5,10,1-6-2,1.27,124.5,158.58,1.581,100.0,settled,1-3-2,0,0,0.0
2026-09-18 03:36:13,20260917,5,10,1-6-3,2.2,107.5,236.28,2.365,100.0,settled,1-3-2,0,0,0.0
2026-09-18 03:36:13,20260917,5,10,1-6-4,1.9,129.1,245.54,2.453,100.0,settled,1-3-2,0,0,0.0
2026-09-18 03:36:13,20260917,5,11,1-2-5,4.48,35.5,159.01,1.59,100.0,settled,2-1-6,0,0,0.0
2026-09-18 03:36:13,20260917,5,11,1-2-6,3.83,37.8,144.66,1.448,100.0,settled,2-1-6,0,0,0.0
2026-09-18 03:36:13,20260917,5,11,1-5-2,2.1,64.6,135.5,1.357,100.0,settled,2-1-6,0,0,0.0
2026-09-18 03:36:13,20260917,5,11,1-5-3,2.49,42.3,105.24,1.053,100.0,settled,2-1-6,0,0,0.0
2026-09-18 03:36:13,20260917,5,12,1-4-3,5.56,26.0,144.61,1.446,100.0,settled,1-5-4,0,0,0.0
2026-09-18 03:36:13,20260917,5,12,1-4-6,4.1,29.6,121.35,1.214,100.0,settled,1-5-4,0,0,0.0
2026-09-18 03:36:13,20260917,5,12,1-6-4,1.46,83.9,122.83,1.225,100.0,settled,1-5-4,0,0,0.0
2026-09-18 03:36:13,20260917,7,1,1-3-6,4.89,33.9,165.87,1.658,100.0,settled,1-2-3,0,0,0.0
2026-09-18 03:36:13,20260917,7,1,1-6-3,4.91,51.0,250.57,2.504,100.0,settled,1-2-3,0,0,0.0
2026-09-18 03:36:13,20260917,7,2,1-2-5,2.53,55.2,139.39,1.397,100.0,settled,2-1-3,0,0,0.0
2026-09-18 03:36:13,20260917,7,2,1-5-2,1.61,96.4,154.93,1.552,100.0,settled,2-1-3,0,0,0.0
2026-09-18 03:36:13,20260917,7,2,1-5-3,2.54,70.4,179.17,1.788,100.0,settled,2-1-3,0,0,0.0
2026-09-18 03:36:13,20260917,7,2,1-6-5,1.16,101.0,117.43,1.172,100.0,settled,2-1-3,0,0,0.0
2026-09-18 03:36:13,20260917,7,3,1-3-4,1.36,83.4,113.66,1.134,100.0,settled,3-1-6,0,0,0.0
2026-09-18 03:36:13,20260917,7,3,1-4-2,0.78,131.7,103.07,1.027,100.0,settled,3-1-6,0,0,0.0
2026-09-18 03:36:13,20260917,7,3,1-4-3,1.26,176.0,222.57,2.218,100.0,settled,3-1-6,0,0,0.0
2026-09-18 03:36:13,20260917,7,3,1-4-5,1.43,265.7,380.38,3.8,100.0,settled,3-1-6,0,0,0.0
2026-09-18 03:36:13,20260917,7,3,1-4-6,2.33,76.2,177.82,1.775,100.0,settled,3-1-6,0,0,0.0
2026-09-18 03:36:13,20260917,7,3,1-5-3,1.42,117.0,166.53,1.661,100.0,settled,3-1-6,0,0,0.0
2026-09-18 03:36:13,20260917,7,3,1-5-4,1.2,269.1,321.95,3.229,100.0,settled,3-1-6,0,0,0.0
2026-09-18 03:36:13,20260917,7,3,1-5-6,2.28,44.0,100.23,1.003,100.0,settled,3-1-6,0,0,0.0
2026-09-18 03:36:13,20260917,7,4,1-2-6,3.56,110.7,394.28,3.941,100.0,settled,1-2-3,0,0,0.0
2026-09-18 03:36:13,20260917,7,4,1-3-2,6.5,21.8,141.63,1.417,100.0,settled,1-2-3,0,0,0.0
2026-09-18 03:36:13,20260917,7,4,1-3-6,1.2,117.0,140.91,1.404,100.0,settled,1-2-3,0,0,0.0
2026-09-18 03:36:13,20260917,7,4,1-4-6,0.86,378.3,325.22,3.253,100.0,settled,1-2-3,0,0,0.0
2026-09-18 03:36:13,20260917,7,4,1-6-2,1.94,274.6,531.9,5.327,100.0,settled,1-2-3,0,0,0.0
2026-09-18 03:36:13,20260917,7,4,1-6-3,0.95,297.9,283.09,2.83,100.0,settled,1-2-3,0,0,0.0
2026-09-18 03:36:13,20260917,7,4,1-6-4,0.68,442.7,302.63,3.01,100.0,settled,1-2-3,0,0,0.0
2026-09-18 03:36:13,20260917,7,4,1-6-5,0.45,241.5,108.82,1.087,100.0,settled,1-2-3,0,0,0.0
2026-09-18 03:36:13,20260917,7,5,1-2-3,2.58,48.4,124.78,1.249,100.0,settled,1-2-4,0,0,0.0
2026-09-18 03:36:13,20260917,7,5,1-3-2,4.83,74.9,361.72,3.618,100.0,settled,1-2-4,0,0,0.0
2026-09-18 03:36:13,20260917,7,5,1-3-4,2.33,46.4,108.14,1.081,100.0,settled,1-2-4,0,0,0.0
2026-09-18 03:36:13,20260917,7,5,1-3-5,1.72,110.2,189.84,1.895,100.0,settled,1-2-4,0,0,0.0
2026-09-18 03:36:13,20260917,7,5,1-3-6,5.25,63.0,330.62,3.307,100.0,settled,1-2-4,0,0,0.0
2026-09-18 03:36:13,20260917,7,5,1-6-3,4.55,73.7,335.34,3.353,100.0,settled,1-2-4,0,0,0.0
2026-09-18 03:36:13,20260917,7,6,1-2-5,5.24,82.8,433.52,4.339,100.0,settled,1-3-4,0,0,0.0
2026-09-18 03:36:13,20260917,7,6,1-3-2,12.67,20.9,264.72,2.648,100.0,settled,1-3-4,0,0,0.0
2026-09-18 03:36:13,20260917,7,6,1-3-5,12.64,44.6,563.53,5.637,100.0,settled,1-3-4,0,0,0.0
2026-09-18 03:36:13,20260917,7,6,1-4-5,5.36,22.6,121.07,1.211,100.0,settled,1-3-4,0,0,0.0
2026-09-18 03:36:13,20260917,7,6,1-5-2,3.98,129.6,516.46,5.158,100.0,settled,1-3-4,0,0,0.0
2026-09-18 03:36:13,20260917,7,6,1-5-3,7.66,95.7,733.04,7.331,100.0,settled,1-3-4,0,0,0.0
2026-09-18 03:36:13,20260917,7,6,1-5-4,3.4,66.3,225.59,2.254,100.0,settled,1-3-4,0,0,0.0
2026-09-18 03:36:13,20260917,7,6,1-5-6,1.89,82.4,155.37,1.557,100.0,settled,1-3-4,0,0,0.0
2026-09-18 03:36:13,20260917,7,7,1-2-6,0.89,198.4,175.58,1.766,100.0,settled,1-3-2,0,0,0.0
2026-09-18 03:36:13,20260917,7,7,1-3-6,4.0,74.3,297.46,2.972,100.0,settled,1-3-2,0,0,0.0
2026-09-18 03:36:13,20260917,7,7,1-4-6,1.97,101.7,200.77,2.003,100.0,settled,1-3-2,0,0,0.0
2026-09-18 03:36:13,20260917,7,7,1-5-3,0.96,108.9,104.62,1.045,100.0,settled,1-3-2,0,0,0.0
2026-09-18 03:36:13,20260917,7,7,1-6-2,0.59,505.0,298.45,2.979,100.0,settled,1-3-2,0,0,0.0
2026-09-18 03:36:13,20260917,7,7,1-6-3,1.57,414.3,650.2,6.505,100.0,settled,1-3-2,0,0,0.0
2026-09-18 03:36:13,20260917,7,7,1-6-4,0.71,470.0,334.69,3.337,100.0,settled,1-3-2,0,0,0.0
2026-09-18 03:36:13,20260917,7,7,1-6-5,0.22,780.9,170.86,1.718,100.0,settled,1-3-2,0,0,0.0
2026-09-18 03:36:13,20260917,7,8,1-3-5,5.24,48.5,254.11,2.541,100.0,settled,1-4-6,0,0,0.0
2026-09-18 03:36:13,20260917,7,8,1-5-2,2.79,44.5,124.15,1.242,100.0,settled,1-4-6,0,0,0.0
2026-09-18 03:36:13,20260917,7,8,1-5-3,3.16,97.2,306.92,3.072,100.0,settled,1-4-6,0,0,0.0
2026-09-18 03:36:13,20260917,7,9,1-2-6,6.5,44.5,289.36,2.893,100.0,settled,3-1-5,0,0,0.0
2026-09-18 03:36:13,20260917,7,9,1-3-6,2.89,58.3,168.21,1.685,100.0,settled,3-1-5,0,0,0.0
2026-09-18 03:36:13,20260917,7,9,1-5-2,5.57,20.4,113.68,1.136,100.0,settled,3-1-5,0,0,0.0
2026-09-18 03:36:13,20260917,7,9,1-5-6,2.62,79.5,207.99,2.083,100.0,settled,3-1-5,0,0,0.0
2026-09-18 03:36:13,20260917,7,9,1-6-2,2.78,159.6,443.67,4.437,100.0,settled,3-1-5,0,0,0.0
2026-09-18 03:36:13,20260917,7,9,1-6-3,1.79,192.5,343.63,3.446,100.0,settled,3-1-5,0,0,0.0
2026-09-18 03:36:13,20260917,7,9,1-6-4,0.54,311.9,168.36,1.684,100.0,settled,3-1-5,0,0,0.0
2026-09-18 03:36:13,20260917,7,9,1-6-5,2.15,222.1,476.43,4.775,100.0,settled,3-1-5,0,0,0.0
2026-09-18 03:36:13,20260917,7,10,1-2-6,1.68,139.5,233.69,2.344,100.0,settled,3-4-2,0,0,0.0
2026-09-18 03:36:13,20260917,7,10,1-3-6,4.92,98.8,485.72,4.861,100.0,settled,3-4-2,0,0,0.0
2026-09-18 03:36:13,20260917,7,10,1-6-2,1.1,390.6,430.87,4.297,100.0,settled,3-4-2,0,0,0.0
2026-09-18 03:36:13,20260917,7,10,1-6-3,2.47,380.0,938.22,9.386,100.0,settled,3-4-2,0,0,0.0
2026-09-18 03:36:13,20260917,7,10,1-6-4,0.21,573.4,119.15,1.204,100.0,settled,3-4-2,0,0,0.0
2026-09-18 03:36:13,20260917,7,10,1-6-5,0.66,445.1,293.99,2.938,100.0,settled,3-4-2,0,0,0.0
2026-09-18 03:36:13,20260917,7,11,1-2-6,3.62,28.5,103.14,1.032,100.0,settled,1-3-2,0,0,0.0
2026-09-18 03:36:13,20260917,7,11,1-6-2,1.98,53.8,106.47,1.065,100.0,settled,1-3-2,0,0,0.0
2026-09-18 03:36:13,20260917,7,11,1-6-3,2.08,52.9,110.14,1.1,100.0,settled,1-3-2,0,0,0.0
2026-09-18 03:36:13,20260917,7,12,1-2-5,5.99,24.9,149.05,1.492,100.0,settled,1-2-5,1,2490.0,2490.0
2026-09-18 03:36:13,20260917,7,12,1-5-2,3.21,44.5,143.05,1.428,100.0,settled,1-2-5,0,0,0.0
2026-09-18 03:36:13,20260917,7,12,1-5-3,4.5,32.7,147.03,1.472,100.0,settled,1-2-5,0,0,0.0
2026-09-18 03:36:13,20260917,8,1,1-2-5,19.15,163.3,3126.64,31.272,100.0,settled,1-4-2,0,0,0.0
2026-09-18 03:36:13,20260917,8,1,1-3-5,3.21,102.5,328.96,3.29,100.0,settled,1-4-2,0,0,0.0
2026-09-18 03:36:13,20260917,8,1,1-4-5,2.35,163.5,384.68,3.842,100.0,settled,1-4-2,0,0,0.0
2026-09-18 03:36:13,20260917,8,1,1-5-2,7.86,361.3,2838.73,28.398,100.0,settled,1-4-2,0,0,0.0
2026-09-18 03:36:13,20260917,8,1,1-5-3,3.55,442.6,1569.19,15.712,100.0,settled,1-4-2,0,0,0.0
2026-09-18 03:36:13,20260917,8,1,1-5-4,1.96,546.8,1073.75,10.717,100.0,settled,1-4-2,0,0,0.0
2026-09-18 03:36:13,20260917,8,1,1-5-6,1.61,626.3,1010.91,10.083,100.0,settled,1-4-2,0,0,0.0
2026-09-18 03:36:13,20260917,8,1,1-6-5,0.85,428.8,365.17,3.645,100.0,settled,1-4-2,0,0,0.0
2026-09-18 03:36:13,20260917,8,2,1-2-6,5.89,32.9,193.78,1.938,100.0,settled,1-2-4,0,0,0.0
2026-09-18 03:36:13,20260917,8,2,1-4-5,2.1,85.6,180.07,1.798,100.0,settled,1-2-4,0,0,0.0
2026-09-18 03:36:13,20260917,8,2,1-4-6,1.92,95.8,183.84,1.839,100.0,settled,1-2-4,0,0,0.0
2026-09-18 03:36:13,20260917,8,2,1-5-6,2.29,179.3,411.39,4.106,100.0,settled,1-2-4,0,0,0.0
2026-09-18 03:36:13,20260917,8,2,1-6-2,3.47,122.1,423.48,4.237,100.0,settled,1-2-4,0,0,0.0
2026-09-18 03:36:13,20260917,8,2,1-6-3,2.05,225.5,462.73,4.623,100.0,settled,1-2-4,0,0,0.0
2026-09-18 03:36:13,20260917,8,2,1-6-4,1.62,217.3,352.94,3.52,100.0,settled,1-2-4,0,0,0.0
2026-09-18 03:36:13,20260917,8,2,1-6-5,2.5,302.7,755.96,7.567,100.0,settled,1-2-4,0,0,0.0
2026-09-18 03:36:13,20260917,8,3,1-2-6,4.54,359.9,1633.77,16.339,100.0,settled,1-3-4,0,0,0.0
2026-09-18 03:36:13,20260917,8,3,1-3-6,1.63,572.6,930.65,9.333,100.0,settled,1-3-4,0,0,0.0
2026-09-18 03:36:13,20260917,8,3,1-4-6,0.46,448.3,206.35,2.062,100.0,settled,1-3-4,0,0,0.0
2026-09-18 03:36:13,20260917,8,3,1-5-6,3.3,485.6,1601.51,16.025,100.0,settled,1-3-4,0,0,0.0
2026-09-18 03:36:13,20260917,8,3,1-6-2,2.48,1081.0,2680.88,26.809,100.0,settled,1-3-4,0,0,0.0
2026-09-18 03:36:13,20260917,8,3,1-6-3,1.37,1439.0,1967.54,19.714,100.0,settled,1-3-4,0,0,0.0
2026-09-18 03:36:13,20260917,8,3,1-6-4,0.55,1429.0,780.95,7.86,100.0,settled,1-3-4,0,0,0.0
2026-09-18 03:36:13,20260917,8,3,1-6-5,2.65,1216.0,3224.59,32.224,100.0,settled,1-3-4,0,0,0.0
2026-09-18 03:36:13,20260917,8,4,1-2-6,0.91,457.1,414.09,4.16,100.0,settled,1-3-2,0,0,0.0
2026-09-18 03:36:13,20260917,8,4,1-3-6,0.88,324.3,286.16,2.854,100.0,settled,1-3-2,0,0,0.0
2026-09-18 03:36:13,20260917,8,4,1-4-6,3.46,304.5,1053.75,10.536,100.0,settled,1-3-2,0,0,0.0
2026-09-18 03:36:13,20260917,8,4,1-6-2,0.52,1467.0,761.37,7.628,100.0,settled,1-3-2,0,0,0.0
2026-09-18 03:36:13,20260917,8,4,1-6-3,0.48,1256.0,608.66,6.029,100.0,settled,1-3-2,0,0,0.0
2026-09-18 03:36:13,20260917,8,4,1-6-4,1.0,1263.0,1265.02,12.63,100.0,settled,1-3-2,0,0,0.0
2026-09-18 03:36:13,20260917,8,4,1-6-5,0.09,1890.0,165.56,1.701,100.0,settled,1-3-2,0,0,0.0
2026-09-18 03:36:13,20260917,8,5,1-3-2,7.96,35.1,279.41,2.794,100.0,settled,1-2-6,0,0,0.0
2026-09-18 03:36:13,20260917,8,5,1-3-6,6.09,51.7,314.87,3.149,100.0,settled,1-2-6,0,0,0.0
2026-09-18 03:36:13,20260917,8,5,1-6-3,6.81,54.3,369.58,3.698,100.0,settled,1-2-6,0,0,0.0
2026-09-18 03:36:13,20260917,8,6,1-3-5,5.0,68.7,343.59,3.435,100.0,settled,1-3-4,0,0,0.0
2026-09-18 03:36:13,20260917,8,6,1-3-6,7.51,52.8,396.35,3.965,100.0,settled,1-3-4,0,0,0.0
2026-09-18 03:36:13,20260917,8,6,1-5-2,2.05,293.4,602.67,6.015,100.0,settled,1-3-4,0,0,0.0
2026-09-18 03:36:13,20260917,8,6,1-5-3,3.96,230.9,915.06,9.144,100.0,settled,1-3-4,0,0,0.0
2026-09-18 03:36:13,20260917,8,6,1-5-6,3.32,381.8,1266.81,12.676,100.0,settled,1-3-4,0,0,0.0
2026-09-18 03:36:13,20260917,8,6,1-6-2,5.14,211.7,1087.5,10.881,100.0,settled,1-3-4,0,0,0.0
2026-09-18 03:36:13,20260917,8,6,1-6-3,8.88,197.0,1749.95,17.494,100.0,settled,1-3-4,0,0,0.0
2026-09-18 03:36:13,20260917,8,6,1-6-5,4.64,478.0,2219.64,22.179,100.0,settled,1-3-4,0,0,0.0
2026-09-18 03:36:13,20260917,8,7,1-2-4,2.41,186.1,447.72,4.485,100.0,settled,5-6-1,0,0,0.0
2026-09-18 03:36:13,20260917,8,7,1-3-4,1.44,257.2,369.21,3.704,100.0,settled,5-6-1,0,0,0.0
2026-09-18 03:36:13,20260917,8,7,1-4-2,1.67,438.0,730.32,7.315,100.0,settled,5-6-1,0,0,0.0
2026-09-18 03:36:13,20260917,8,7,1-4-3,1.32,552.7,731.22,7.296,100.0,settled,5-6-1,0,0,0.0
2026-09-18 03:36:13,20260917,8,7,1-4-5,0.65,651.4,423.93,4.234,100.0,settled,5-6-1,0,0,0.0
2026-09-18 03:36:13,20260917,8,7,1-4-6,3.71,489.2,1814.83,18.149,100.0,settled,5-6-1,0,0,0.0
2026-09-18 03:36:13,20260917,8,7,1-5-4,0.35,496.6,176.09,1.738,100.0,settled,5-6-1,0,0,0.0
2026-09-18 03:36:13,20260917,8,7,1-6-4,3.49,261.9,913.93,9.14,100.0,settled,5-6-1,0,0,0.0
2026-09-18 03:36:13,20260917,8,8,1-2-6,4.44,301.5,1337.79,13.387,100.0,settled,4-6-5,0,0,0.0
2026-09-18 03:36:13,20260917,8,8,1-3-2,8.76,57.8,506.35,5.063,100.0,settled,4-6-5,0,0,0.0
2026-09-18 03:36:13,20260917,8,8,1-3-6,1.32,385.4,507.96,5.087,100.0,settled,4-6-5,0,0,0.0
2026-09-18 03:36:13,20260917,8,8,1-4-6,1.75,181.3,318.04,3.173,100.0,settled,4-6-5,0,0,0.0
2026-09-18 03:36:13,20260917,8,8,1-6-2,1.93,1002.0,1929.45,19.339,100.0,settled,4-6-5,0,0,0.0
2026-09-18 03:36:13,20260917,8,8,1-6-3,0.88,1065.0,935.18,9.372,100.0,settled,4-6-5,0,0,0.0
2026-09-18 03:36:13,20260917,8,8,1-6-4,1.01,669.6,675.89,6.763,100.0,settled,4-6-5,0,0,0.0
2026-09-18 03:36:13,20260917,8,8,1-6-5,0.95,692.6,656.31,6.58,100.0,settled,4-6-5,0,0,0.0
2026-09-18 03:36:13,20260917,8,9,1-2-4,1.1,106.5,117.65,1.172,100.0,settled,1-3-6,0,0,0.0
2026-09-18 03:36:13,20260917,8,9,1-3-4,5.95,43.8,260.74,2.606,100.0,settled,1-3-6,0,0,0.0
2026-09-18 03:36:13,20260917,8,9,1-4-2,1.44,203.4,293.28,2.929,100.0,settled,1-3-6,0,0,0.0
2026-09-18 03:36:13,20260917,8,9,1-4-3,4.11,124.3,510.66,5.109,100.0,settled,1-3-6,0,0,0.0
2026-09-18 03:36:13,20260917,8,9,1-4-5,0.68,245.8,168.13,1.671,100.0,settled,1-3-6,0,0,0.0
2026-09-18 03:36:13,20260917,8,9,1-4-6,1.27,131.6,167.59,1.671,100.0,settled,1-3-6,0,0,0.0
2026-09-18 03:36:13,20260917,8,11,1-5-2,3.15,69.4,218.73,2.186,100.0,settled,1-2-3,0,0,0.0
2026-09-18 03:36:13,20260917,8,11,1-5-3,1.0,143.5,143.4,1.435,100.0,settled,1-2-3,0,0,0.0
2026-09-18 03:36:13,20260917,8,12,1-2-6,5.88,51.4,302.17,3.022,100.0,settled,2-1-3,0,0,0.0
2026-09-18 03:36:13,20260917,8,12,1-3-6,7.01,38.1,267.0,2.671,100.0,settled,2-1-3,0,0,0.0
2026-09-18 03:36:13,20260917,8,12,1-5-6,1.24,81.6,101.48,1.012,100.0,settled,2-1-3,0,0,0.0
2026-09-18 03:36:13,20260917,8,12,1-6-2,1.99,192.5,382.59,3.831,100.0,settled,2-1-3,0,0,0.0
2026-09-18 03:36:13,20260917,8,12,1-6-3,2.45,175.3,429.19,4.295,100.0,settled,2-1-3,0,0,0.0
2026-09-18 03:36:13,20260917,8,12,1-6-5,0.94,188.5,177.08,1.772,100.0,settled,2-1-3,0,0,0.0
2026-09-18 03:36:13,20260917,9,1,1-2-5,5.12,26.8,137.32,1.372,100.0,settled,1-5-6,0,0,0.0
2026-09-18 03:36:13,20260917,9,1,1-5-3,4.41,26.3,116.08,1.16,100.0,settled,1-5-6,0,0,0.0
2026-09-18 03:36:13,20260917,9,2,1-2-6,1.48,102.0,150.59,1.51,100.0,settled,1-3-5,0,0,0.0
2026-09-18 03:36:13,20260917,9,2,1-4-6,1.43,124.4,177.63,1.779,100.0,settled,1-3-5,0,0,0.0
2026-09-18 03:36:13,20260917,9,2,1-6-2,0.53,210.1,111.1,1.114,100.0,settled,1-3-5,0,0,0.0
2026-09-18 03:36:13,20260917,9,2,1-6-4,0.56,430.4,241.84,2.41,100.0,settled,1-3-5,0,0,0.0
2026-09-18 03:36:13,20260917,9,3,1-4-2,3.6,54.4,195.89,1.958,100.0,settled,4-3-6,0,0,0.0
2026-09-18 03:36:13,20260917,9,3,1-4-3,2.83,51.4,145.57,1.455,100.0,settled,4-3-6,0,0,0.0
2026-09-18 03:36:13,20260917,9,3,1-4-5,1.63,78.9,128.89,1.286,100.0,settled,4-3-6,0,0,0.0
2026-09-18 03:36:13,20260917,9,3,1-4-6,7.77,44.0,341.89,3.419,100.0,settled,4-3-6,0,0,0.0
2026-09-18 03:36:13,20260917,9,3,1-6-2,6.01,31.0,186.18,1.863,100.0,settled,4-3-6,0,0,0.0
2026-09-18 03:36:13,20260917,9,3,1-6-3,4.3,41.3,177.48,1.776,100.0,settled,4-3-6,0,0,0.0
2026-09-18 03:36:13,20260917,9,3,1-6-4,5.62,88.8,499.0,4.991,100.0,settled,4-3-6,0,0,0.0
2026-09-18 03:36:13,20260917,9,3,1-6-5,2.41,80.4,193.64,1.938,100.0,settled,4-3-6,0,0,0.0
2026-09-18 03:36:13,20260917,9,4,1-2-3,3.01,56.6,170.11,1.704,100.0,settled,1-2-5,0,0,0.0
2026-09-18 03:36:13,20260917,9,4,1-3-2,2.39,123.7,295.16,2.956,100.0,settled,1-2-5,0,0,0.0
2026-09-18 03:36:13,20260917,9,4,1-3-5,0.62,220.9,137.44,1.37,100.0,settled,1-2-5,0,0,0.0
2026-09-18 03:36:13,20260917,9,4,1-5-3,0.63,232.9,146.82,1.467,100.0,settled,1-2-5,0,0,0.0
2026-09-18 03:36:13,20260917,9,6,1-2-6,2.81,63.8,179.52,1.793,100.0,settled,1-3-6,0,0,0.0
2026-09-18 03:36:13,20260917,9,6,1-6-2,1.44,149.6,216.01,2.154,100.0,settled,1-3-6,0,0,0.0
2026-09-18 03:36:13,20260917,9,6,1-6-3,1.47,72.3,106.51,1.063,100.0,settled,1-3-6,0,0,0.0
2026-09-18 03:36:13,20260917,9,7,1-4-2,1.97,76.3,150.11,1.503,100.0,settled,5-1-3,0,0,0.0
2026-09-18 03:36:13,20260917,9,7,1-4-3,3.06,61.3,187.74,1.876,100.0,settled,5-1-3,0,0,0.0
2026-09-18 03:36:13,20260917,9,7,1-4-5,2.8,88.4,247.76,2.475,100.0,settled,5-1-3,0,0,0.0
2026-09-18 03:36:13,20260917,9,7,1-4-6,2.1,82.8,173.79,1.739,100.0,settled,5-1-3,0,0,0.0
2026-09-18 03:36:13,20260917,9,7,1-5-4,2.1,70.0,147.26,1.47,100.0,settled,5-1-3,0,0,0.0
2026-09-18 03:36:13,20260917,9,7,1-5-6,2.48,41.9,104.05,1.039,100.0,settled,5-1-3,0,0,0.0
2026-09-18 03:36:13,20260917,9,7,1-6-4,0.98,124.6,121.62,1.221,100.0,settled,5-1-3,0,0,0.0
2026-09-18 03:36:13,20260917,9,7,1-6-5,1.31,86.3,113.29,1.131,100.0,settled,5-1-3,0,0,0.0
2026-09-18 03:36:13,20260917,9,8,1-2-5,2.58,85.1,219.31,2.196,100.0,settled,1-3-5,0,0,0.0
2026-09-18 03:36:13,20260917,9,8,1-2-6,4.85,45.0,218.05,2.182,100.0,settled,1-3-5,0,0,0.0
2026-09-18 03:36:13,20260917,9,8,1-3-2,8.66,22.8,197.52,1.974,100.0,settled,1-3-5,0,0,0.0
2026-09-18 03:36:13,20260917,9,8,1-3-5,3.8,56.8,215.72,2.158,100.0,settled,1-3-5,1,5680.0,5680.0
2026-09-18 03:36:13,20260917,9,8,1-3-6,8.24,25.7,211.84,2.118,100.0,settled,1-3-5,0,0,0.0
2026-09-18 03:36:13,20260917,9,8,1-5-3,1.32,185.6,244.42,2.45,100.0,settled,1-3-5,0,0,0.0
2026-09-18 03:36:13,20260917,9,8,1-6-2,1.8,121.5,218.66,2.187,100.0,settled,1-3-5,0,0,0.0
2026-09-18 03:36:13,20260917,9,8,1-6-3,2.63,88.0,231.8,2.314,100.0,settled,1-3-5,0,0,0.0
2026-09-18 03:36:13,20260917,9,9,1-3-6,1.06,129.9,138.08,1.377,100.0,settled,2-4-5,0,0,0.0
2026-09-18 03:36:13,20260917,9,9,1-5-3,3.09,33.8,104.29,1.044,100.0,settled,2-4-5,0,0,0.0
2026-09-18 03:36:13,20260917,9,9,1-6-3,0.48,358.9,173.85,1.723,100.0,settled,2-4-5,0,0,0.0
2026-09-18 03:36:13,20260917,9,9,1-6-5,0.84,263.8,222.41,2.216,100.0,settled,2-4-5,0,0,0.0
2026-09-18 03:36:13,20260917,9,10,1-2-6,3.02,63.9,192.97,1.93,100.0,settled,3-2-5,0,0,0.0
2026-09-18 03:36:13,20260917,9,10,1-4-6,0.98,108.2,106.47,1.06,100.0,settled,3-2-5,0,0,0.0
2026-09-18 03:36:13,20260917,9,10,1-5-2,3.71,31.9,118.37,1.183,100.0,settled,3-2-5,0,0,0.0
2026-09-18 03:36:13,20260917,9,10,1-5-6,1.47,106.3,156.04,1.563,100.0,settled,3-2-5,0,0,0.0
2026-09-18 03:36:13,20260917,9,10,1-6-2,0.71,217.0,154.24,1.541,100.0,settled,3-2-5,0,0,0.0
2026-09-18 03:36:13,20260917,9,10,1-6-4,0.39,328.2,127.93,1.28,100.0,settled,3-2-5,0,0,0.0
2026-09-18 03:36:13,20260917,9,10,1-6-5,0.7,275.7,194.04,1.93,100.0,settled,3-2-5,0,0,0.0
2026-09-18 03:36:13,20260917,9,11,1-2-6,2.3,79.9,183.88,1.838,100.0,settled,1-2-5,0,0,0.0
2026-09-18 03:36:13,20260917,9,11,1-3-6,1.89,68.1,128.5,1.287,100.0,settled,1-2-5,0,0,0.0
2026-09-18 03:36:13,20260917,9,11,1-5-2,4.17,50.1,208.87,2.089,100.0,settled,1-2-5,0,0,0.0
2026-09-18 03:36:13,20260917,9,11,1-5-3,4.32,53.7,231.89,2.32,100.0,settled,1-2-5,0,0,0.0
2026-09-18 03:36:13,20260917,9,11,1-5-4,3.62,53.2,192.41,1.926,100.0,settled,1-2-5,0,0,0.0
2026-09-18 03:36:13,20260917,9,11,1-5-6,3.06,114.4,349.95,3.501,100.0,settled,1-2-5,0,0,0.0
2026-09-18 03:36:13,20260917,9,11,1-6-3,0.49,270.8,133.5,1.327,100.0,settled,1-2-5,0,0,0.0
2026-09-18 03:36:13,20260917,9,11,1-6-5,0.89,244.8,218.17,2.179,100.0,settled,1-2-5,0,0,0.0
2026-09-18 03:36:13,20260917,9,12,1-4-3,4.48,28.6,128.21,1.281,100.0,settled,3-4-5,0,0,0.0
2026-09-18 03:36:13,20260917,9,12,1-4-5,5.52,28.1,155.24,1.551,100.0,settled,3-4-5,0,0,0.0
2026-09-18 03:36:13,20260917,9,12,1-5-2,3.04,35.1,106.83,1.067,100.0,settled,3-4-5,0,0,0.0
2026-09-18 03:36:13,20260917,9,12,1-5-3,4.85,41.0,198.98,1.988,100.0,settled,3-4-5,0,0,0.0
2026-09-18 03:36:13,20260917,9,12,1-5-4,4.22,53.1,223.98,2.241,100.0,settled,3-4-5,0,0,0.0
2026-09-18 03:36:13,20260917,9,12,1-5-6,2.89,54.9,158.5,1.587,100.0,settled,3-4-5,0,0,0.0
2026-09-18 03:36:13,20260917,9,12,1-6-5,1.11,90.9,101.11,1.009,100.0,settled,3-4-5,0,0,0.0
2026-09-18 03:36:13,20260917,11,1,1-3-6,3.16,83.9,265.16,2.651,100.0,settled,1-3-4,0,0,0.0
2026-09-18 03:36:13,20260917,11,1,1-5-6,0.95,126.1,120.03,1.198,100.0,settled,1-3-4,0,0,0.0
2026-09-18 03:36:13,20260917,11,1,1-6-2,0.24,431.7,105.21,1.036,100.0,settled,1-3-4,0,0,0.0
2026-09-18 03:36:13,20260917,11,1,1-6-3,0.78,303.4,237.5,2.367,100.0,settled,1-3-4,0,0,0.0
2026-09-18 03:36:13,20260917,11,1,1-6-5,0.4,470.9,190.1,1.884,100.0,settled,1-3-4,0,0,0.0
2026-09-18 03:36:13,20260917,11,4,1-2-5,6.21,31.2,193.82,1.938,100.0,settled,6-1-5,0,0,0.0
2026-09-18 03:36:13,20260917,11,4,1-3-2,2.46,66.9,164.31,1.646,100.0,settled,6-1-5,0,0,0.0
2026-09-18 03:36:13,20260917,11,4,1-3-5,1.9,75.0,142.13,1.425,100.0,settled,6-1-5,0,0,0.0
2026-09-18 03:36:13,20260917,11,4,1-4-2,2.82,38.7,109.28,1.091,100.0,settled,6-1-5,0,0,0.0
2026-09-18 03:36:13,20260917,11,4,1-4-3,1.13,89.8,101.77,1.015,100.0,settled,6-1-5,0,0,0.0
2026-09-18 03:36:13,20260917,11,4,1-5-2,5.63,41.6,234.19,2.342,100.0,settled,6-1-5,0,0,0.0
2026-09-18 03:36:13,20260917,11,4,1-5-3,2.92,102.6,299.65,2.996,100.0,settled,6-1-5,0,0,0.0
2026-09-18 03:36:13,20260917,11,4,1-5-4,3.39,35.4,119.86,1.2,100.0,settled,6-1-5,0,0,0.0
2026-09-18 03:36:13,20260917,11,5,1-2-6,0.72,896.0,646.55,6.451,100.0,settled,5-1-6,0,0,0.0
2026-09-18 03:36:13,20260917,11,5,1-3-2,8.61,48.2,414.91,4.15,100.0,settled,5-1-6,0,0,0.0
2026-09-18 03:36:13,20260917,11,5,1-3-6,2.68,424.6,1137.97,11.379,100.0,settled,5-1-6,0,0,0.0
2026-09-18 03:36:13,20260917,11,5,1-4-6,0.26,822.0,216.68,2.137,100.0,settled,5-1-6,0,0,0.0
2026-09-18 03:36:13,20260917,11,5,1-5-6,0.29,689.2,197.32,1.999,100.0,settled,5-1-6,0,0,0.0
2026-09-18 03:36:13,20260917,11,5,1-6-2,0.45,1947.0,879.07,8.762,100.0,settled,5-1-6,0,0,0.0
2026-09-18 03:36:13,20260917,11,5,1-6-3,1.02,1947.0,1991.98,19.859,100.0,settled,5-1-6,0,0,0.0
2026-09-18 03:36:13,20260917,11,5,1-6-4,0.18,1723.0,316.0,3.101,100.0,settled,5-1-6,0,0,0.0
2026-09-18 03:36:13,20260917,11,6,1-2-6,0.99,516.6,510.71,5.114,100.0,settled,1-2-4,0,0,0.0
2026-09-18 03:36:13,20260917,11,6,1-3-6,0.4,714.5,286.37,2.858,100.0,settled,1-2-4,0,0,0.0
2026-09-18 03:36:13,20260917,11,6,1-4-6,0.98,352.2,345.61,3.452,100.0,settled,1-2-4,0,0,0.0
2026-09-18 03:36:13,20260917,11,6,1-5-6,2.14,244.6,523.22,5.234,100.0,settled,1-2-4,0,0,0.0
2026-09-18 03:36:13,20260917,11,6,1-6-2,0.27,1404.0,373.89,3.791,100.0,settled,1-2-4,0,0,0.0
2026-09-18 03:36:13,20260917,11,6,1-6-3,0.15,1894.0,287.89,2.841,100.0,settled,1-2-4,0,0,0.0
2026-09-18 03:36:13,20260917,11,6,1-6-4,0.27,1238.0,331.54,3.343,100.0,settled,1-2-4,0,0,0.0
2026-09-18 03:36:13,20260917,11,6,1-6-5,0.62,718.6,443.81,4.455,100.0,settled,1-2-4,0,0,0.0
2026-09-18 03:36:13,20260917,11,7,1-4-2,3.65,34.8,126.96,1.27,100.0,settled,1-6-3,0,0,0.0
2026-09-18 03:36:13,20260917,11,7,1-4-3,6.21,27.2,169.02,1.689,100.0,settled,1-6-3,0,0,0.0
2026-09-18 03:36:13,20260917,11,7,1-4-5,1.04,114.7,119.77,1.193,100.0,settled,1-6-3,0,0,0.0
2026-09-18 03:36:13,20260917,11,7,1-4-6,5.95,21.7,129.16,1.291,100.0,settled,1-6-3,0,0,0.0
2026-09-18 03:36:13,20260917,11,8,1-5-2,2.08,50.7,105.33,1.055,100.0,settled,3-2-6,0,0,0.0
2026-09-18 03:36:13,20260917,11,9,1-3-5,2.67,43.6,116.22,1.164,100.0,settled,1-2-6,0,0,0.0
2026-09-18 03:36:13,20260917,11,9,1-3-6,1.99,60.5,120.56,1.204,100.0,settled,1-2-6,0,0,0.0
2026-09-18 03:36:13,20260917,11,9,1-5-2,3.14,57.6,180.92,1.809,100.0,settled,1-2-6,0,0,0.0
2026-09-18 03:36:13,20260917,11,9,1-5-3,2.24,96.8,216.61,2.168,100.0,settled,1-2-6,0,0,0.0
2026-09-18 03:36:13,20260917,11,9,1-5-4,0.91,141.2,129.17,1.285,100.0,settled,1-2-6,0,0,0.0
2026-09-18 03:36:13,20260917,11,9,1-5-6,1.35,153.1,206.39,2.067,100.0,settled,1-2-6,0,0,0.0
2026-09-18 03:36:13,20260917,11,9,1-6-5,0.83,218.0,179.96,1.809,100.0,settled,1-2-6,0,0,0.0
2026-09-18 03:36:13,20260917,11,10,1-2-5,2.86,39.7,113.74,1.135,100.0,settled,1-3-4,0,0,0.0
2026-09-18 03:36:13,20260917,11,10,1-2-6,5.76,25.3,145.72,1.457,100.0,settled,1-3-4,0,0,0.0
2026-09-18 03:36:13,20260917,11,10,1-6-2,2.91,61.0,177.24,1.775,100.0,settled,1-3-4,0,0,0.0
2026-09-18 03:36:13,20260917,11,10,1-6-4,2.41,53.9,129.93,1.299,100.0,settled,1-3-4,0,0,0.0
2026-09-18 03:36:13,20260917,11,12,1-4-5,4.05,26.7,108.19,1.081,100.0,settled,4-1-3,0,0,0.0
2026-09-18 03:36:13,20260917,11,12,1-5-4,1.6,62.7,100.31,1.003,100.0,settled,4-1-3,0,0,0.0
2026-09-18 03:36:13,20260917,13,1,1-2-6,0.41,320.3,131.58,1.313,100.0,settled,4-5-1,0,0,0.0
2026-09-18 03:36:13,20260917,13,2,1-2-5,3.55,69.8,247.74,2.478,100.0,settled,4-5-6,0,0,0.0
2026-09-18 03:36:13,20260917,13,2,1-3-2,3.7,58.0,214.61,2.146,100.0,settled,4-5-6,0,0,0.0
2026-09-18 03:36:13,20260917,13,2,1-3-4,4.69,67.9,318.21,3.185,100.0,settled,4-5-6,0,0,0.0
2026-09-18 03:36:13,20260917,13,2,1-3-5,1.54,240.3,369.0,3.701,100.0,settled,4-5-6,0,0,0.0
2026-09-18 03:36:13,20260917,13,2,1-4-3,6.88,49.5,340.74,3.406,100.0,settled,4-5-6,0,0,0.0
2026-09-18 03:36:13,20260917,13,2,1-4-5,4.62,70.4,325.49,3.252,100.0,settled,4-5-6,0,0,0.0
2026-09-18 03:36:13,20260917,13,2,1-5-3,0.85,403.0,340.9,3.426,100.0,settled,4-5-6,0,0,0.0
2026-09-18 03:36:13,20260917,13,2,1-5-4,1.42,166.4,236.6,2.363,100.0,settled,4-5-6,0,0,0.0
2026-09-18 03:36:13,20260917,13,3,1-2-3,3.9,50.0,195.13,1.95,100.0,settled,5-2-4,0,0,0.0
2026-09-18 03:36:13,20260917,13,3,1-2-4,2.22,72.9,161.75,1.618,100.0,settled,5-2-4,0,0,0.0
2026-09-18 03:36:13,20260917,13,3,1-3-2,4.9,90.7,444.55,4.444,100.0,settled,5-2-4,0,0,0.0
2026-09-18 03:36:13,20260917,13,3,1-3-4,1.3,210.7,274.12,2.739,100.0,settled,5-2-4,0,0,0.0
2026-09-18 03:36:13,20260917,13,3,1-3-6,0.25,573.5,141.25,1.434,100.0,settled,5-2-4,0,0,0.0
2026-09-18 03:36:13,20260917,13,3,1-4-2,1.26,198.0,249.96,2.495,100.0,settled,5-2-4,0,0,0.0
2026-09-18 03:36:13,20260917,13,3,1-4-3,0.96,414.8,396.8,3.982,100.0,settled,5-2-4,0,0,0.0
2026-09-18 03:36:13,20260917,13,3,1-4-5,0.61,242.5,148.85,1.479,100.0,settled,5-2-4,0,0,0.0
2026-09-18 03:36:13,20260917,13,4,1-4-6,0.51,321.8,162.67,1.641,100.0,settled,1-2-3,0,0,0.0
2026-09-18 03:36:13,20260917,13,4,1-5-4,2.18,56.7,123.59,1.236,100.0,settled,1-2-3,0,0,0.0
2026-09-18 03:36:13,20260917,13,4,1-5-6,2.75,71.2,195.85,1.958,100.0,settled,1-2-3,0,0,0.0
2026-09-18 03:36:13,20260917,13,4,1-6-2,0.25,494.1,123.43,1.235,100.0,settled,1-2-3,0,0,0.0
2026-09-18 03:36:13,20260917,13,4,1-6-3,0.53,327.9,173.16,1.738,100.0,settled,1-2-3,0,0,0.0
2026-09-18 03:36:13,20260917,13,4,1-6-4,0.24,599.7,146.27,1.439,100.0,settled,1-2-3,0,0,0.0
2026-09-18 03:36:13,20260917,13,4,1-6-5,0.91,324.8,296.22,2.956,100.0,settled,1-2-3,0,0,0.0
2026-09-18 03:36:13,20260917,13,5,1-2-4,2.22,75.0,166.86,1.665,100.0,settled,2-1-3,0,0,0.0
2026-09-18 03:36:13,20260917,13,7,1-2-4,8.52,31.9,271.88,2.718,100.0,settled,2-1-3,0,0,0.0
2026-09-18 03:36:13,20260917,13,7,1-2-5,5.6,126.6,708.54,7.09,100.0,settled,2-1-3,0,0,0.0
2026-09-18 03:36:13,20260917,13,7,1-3-5,1.43,118.5,168.98,1.695,100.0,settled,2-1-3,0,0,0.0
2026-09-18 03:36:13,20260917,13,7,1-4-2,3.22,98.6,317.46,3.175,100.0,settled,2-1-3,0,0,0.0
2026-09-18 03:36:13,20260917,13,7,1-4-5,0.78,448.1,348.8,3.495,100.0,settled,2-1-3,0,0,0.0
2026-09-18 03:36:13,20260917,13,7,1-5-2,1.48,415.0,613.54,6.142,100.0,settled,2-1-3,0,0,0.0
2026-09-18 03:36:13,20260917,13,7,1-5-3,0.8,427.0,342.54,3.416,100.0,settled,2-1-3,0,0,0.0
2026-09-18 03:36:13,20260917,13,7,1-5-4,0.45,583.5,264.38,2.626,100.0,settled,2-1-3,0,0,0.0
2026-09-18 03:36:13,20260917,13,8,1-2-6,2.57,59.0,151.44,1.516,100.0,settled,2-1-3,0,0,0.0
2026-09-18 03:36:13,20260917,13,8,1-4-2,3.81,33.3,126.73,1.269,100.0,settled,2-1-3,0,0,0.0
2026-09-18 03:36:13,20260917,13,8,1-6-2,0.47,232.4,110.37,1.092,100.0,settled,2-1-3,0,0,0.0
2026-09-18 03:36:13,20260917,13,9,1-2-5,0.91,111.3,101.66,1.013,100.0,settled,1-6-4,0,0,0.0
2026-09-18 03:36:13,20260917,13,9,1-4-3,5.35,40.8,218.47,2.183,100.0,settled,1-6-4,0,0,0.0
2026-09-18 03:36:13,20260917,13,9,1-4-5,1.4,250.5,350.32,3.507,100.0,settled,1-6-4,0,0,0.0
2026-09-18 03:36:13,20260917,13,9,1-4-6,5.93,26.9,159.45,1.595,100.0,settled,1-6-4,0,0,0.0
2026-09-18 03:36:13,20260917,13,9,1-5-4,0.37,503.3,183.75,1.862,100.0,settled,1-6-4,0,0,0.0
2026-09-18 03:36:13,20260917,13,11,1-2-6,0.83,144.2,120.22,1.197,100.0,settled,2-1-3,0,0,0.0
2026-09-18 03:36:13,20260917,13,11,1-4-2,2.6,60.3,156.65,1.568,100.0,settled,2-1-3,0,0,0.0
2026-09-18 03:36:13,20260917,13,11,1-4-5,2.09,77.5,161.67,1.62,100.0,settled,2-1-3,0,0,0.0
2026-09-18 03:36:13,20260917,13,11,1-4-6,3.23,42.0,135.82,1.357,100.0,settled,2-1-3,0,0,0.0
2026-09-18 03:36:13,20260917,13,11,1-5-4,0.69,205.7,142.12,1.419,100.0,settled,2-1-3,0,0,0.0
2026-09-18 03:36:13,20260917,13,11,1-6-2,0.59,277.0,162.1,1.634,100.0,settled,2-1-3,0,0,0.0
2026-09-18 03:36:13,20260917,13,11,1-6-3,1.7,74.9,127.32,1.273,100.0,settled,2-1-3,0,0,0.0
2026-09-18 03:36:13,20260917,13,11,1-6-4,1.29,149.5,192.6,1.929,100.0,settled,2-1-3,0,0,0.0
2026-09-18 03:36:13,20260917,13,12,1-2-5,1.65,76.9,126.85,1.269,100.0,settled,1-4-6,0,0,0.0
2026-09-18 03:36:13,20260917,13,12,1-4-5,7.02,38.5,270.24,2.703,100.0,settled,1-4-6,0,0,0.0
2026-09-18 03:36:13,20260917,13,12,1-5-2,0.71,210.5,150.09,1.495,100.0,settled,1-4-6,0,0,0.0
2026-09-18 03:36:13,20260917,13,12,1-5-4,2.43,126.3,306.43,3.069,100.0,settled,1-4-6,0,0,0.0
2026-09-18 03:36:13,20260917,13,12,1-5-6,1.53,150.6,230.81,2.304,100.0,settled,1-4-6,0,0,0.0
2026-09-18 03:36:13,20260917,13,12,1-6-2,1.64,63.7,104.74,1.045,100.0,settled,1-4-6,0,0,0.0
2026-09-18 03:36:13,20260917,13,12,1-6-4,5.35,44.8,239.5,2.397,100.0,settled,1-4-6,0,0,0.0
2026-09-18 03:36:13,20260917,13,12,1-6-5,1.11,149.8,166.85,1.663,100.0,settled,1-4-6,0,0,0.0
2026-09-18 03:36:13,20260917,14,1,1-2-6,1.63,132.9,216.08,2.166,100.0,settled,1-2-3,0,0,0.0
2026-09-18 03:36:13,20260917,14,1,1-3-6,2.86,152.6,436.04,4.364,100.0,settled,1-2-3,0,0,0.0
2026-09-18 03:36:13,20260917,14,1,1-4-6,0.78,140.8,110.5,1.098,100.0,settled,1-2-3,0,0,0.0
2026-09-18 03:36:13,20260917,14,1,1-5-6,3.04,137.8,418.39,4.189,100.0,settled,1-2-3,0,0,0.0
2026-09-18 03:36:13,20260917,14,1,1-6-2,0.59,320.5,188.45,1.891,100.0,settled,1-2-3,0,0,0.0
2026-09-18 03:36:13,20260917,14,1,1-6-3,0.95,507.0,481.8,4.816,100.0,settled,1-2-3,0,0,0.0
2026-09-18 03:36:13,20260917,14,1,1-6-5,1.05,437.7,459.59,4.596,100.0,settled,1-2-3,0,0,0.0
2026-09-18 03:36:13,20260917,14,2,1-2-3,7.53,28.0,210.91,2.108,100.0,settled,1-5-4,0,0,0.0
2026-09-18 03:36:13,20260917,14,2,1-2-6,1.03,118.2,122.08,1.217,100.0,settled,1-5-4,0,0,0.0
2026-09-18 03:36:13,20260917,14,2,1-3-2,11.66,60.6,706.66,7.066,100.0,settled,1-5-4,0,0,0.0
2026-09-18 03:36:13,20260917,14,2,1-3-4,3.11,93.5,290.35,2.908,100.0,settled,1-5-4,0,0,0.0
2026-09-18 03:36:13,20260917,14,2,1-3-6,0.32,366.1,115.5,1.172,100.0,settled,1-5-4,0,0,0.0
2026-09-18 03:36:13,20260917,14,2,1-4-2,5.56,28.1,156.19,1.562,100.0,settled,1-5-4,0,0,0.0
2026-09-18 03:36:13,20260917,14,2,1-4-3,2.98,102.4,304.86,3.052,100.0,settled,1-5-4,0,0,0.0
2026-09-18 03:36:13,20260917,14,2,1-4-6,0.54,270.1,147.15,1.459,100.0,settled,1-5-4,0,0,0.0
2026-09-18 03:36:13,20260917,14,3,1-2-6,0.66,216.4,143.58,1.428,100.0,settled,1-4-3,0,0,0.0
2026-09-18 03:36:13,20260917,14,3,1-4-5,3.46,81.3,281.09,2.813,100.0,settled,1-4-3,0,0,0.0
2026-09-18 03:36:13,20260917,14,3,1-4-6,2.53,110.0,278.07,2.783,100.0,settled,1-4-3,0,0,0.0
2026-09-18 03:36:13,20260917,14,3,1-5-2,0.34,481.0,161.62,1.635,100.0,settled,1-4-3,0,0,0.0
2026-09-18 03:36:13,20260917,14,3,1-5-3,0.4,529.7,212.89,2.119,100.0,settled,1-4-3,0,0,0.0
2026-09-18 03:36:13,20260917,14,3,1-5-4,0.77,421.4,322.67,3.245,100.0,settled,1-4-3,0,0,0.0
2026-09-18 03:36:13,20260917,14,3,1-6-3,0.27,716.3,196.91,1.934,100.0,settled,1-4-3,0,0,0.0
2026-09-18 03:36:13,20260917,14,3,1-6-4,0.48,544.0,258.94,2.611,100.0,settled,1-4-3,0,0,0.0
2026-09-18 03:36:13,20260917,14,4,1-3-4,3.65,30.8,112.56,1.124,100.0,settled,5-2-3,0,0,0.0
2026-09-18 03:36:13,20260917,14,4,1-4-2,2.05,50.9,104.45,1.043,100.0,settled,5-2-3,0,0,0.0
2026-09-18 03:36:13,20260917,14,4,1-4-3,2.47,65.1,160.57,1.608,100.0,settled,5-2-3,0,0,0.0
2026-09-18 03:36:13,20260917,14,4,1-4-5,3.67,66.8,245.23,2.452,100.0,settled,5-2-3,0,0,0.0
2026-09-18 03:36:13,20260917,14,4,1-4-6,1.28,91.3,116.82,1.169,100.0,settled,5-2-3,0,0,0.0
2026-09-18 03:36:13,20260917,14,4,1-5-4,3.92,54.2,212.38,2.125,100.0,settled,5-2-3,0,0,0.0
2026-09-18 03:36:13,20260917,14,6,1-2-6,1.2,97.5,116.55,1.17,100.0,settled,5-3-6,0,0,0.0
2026-09-18 03:36:13,20260917,14,6,1-3-6,2.87,51.4,147.5,1.475,100.0,settled,5-3-6,0,0,0.0
2026-09-18 03:36:13,20260917,14,6,1-5-6,2.95,70.0,206.65,2.065,100.0,settled,5-3-6,0,0,0.0
2026-09-18 03:36:13,20260917,14,6,1-6-2,0.6,273.9,164.67,1.643,100.0,settled,5-3-6,0,0,0.0
2026-09-18 03:36:13,20260917,14,6,1-6-3,1.27,209.7,266.82,2.663,100.0,settled,5-3-6,0,0,0.0
2026-09-18 03:36:13,20260917,14,6,1-6-5,1.44,229.8,331.95,3.309,100.0,settled,5-3-6,0,0,0.0
2026-09-18 03:36:13,20260917,14,7,1-2-6,4.84,29.7,143.61,1.437,100.0,settled,2-1-3,0,0,0.0
2026-09-18 03:36:13,20260917,14,7,1-3-5,1.38,83.4,115.27,1.151,100.0,settled,2-1-3,0,0,0.0
2026-09-18 03:36:13,20260917,14,7,1-3-6,2.36,100.8,237.91,2.379,100.0,settled,2-1-3,0,0,0.0
2026-09-18 03:36:13,20260917,14,7,1-5-3,0.61,195.5,119.47,1.193,100.0,settled,2-1-3,0,0,0.0
2026-09-18 03:36:13,20260917,14,7,1-5-6,0.34,370.3,126.35,1.259,100.0,settled,2-1-3,0,0,0.0
2026-09-18 03:36:13,20260917,14,7,1-6-2,1.09,139.1,151.65,1.516,100.0,settled,2-1-3,0,0,0.0
2026-09-18 03:36:13,20260917,14,7,1-6-3,0.8,396.2,316.25,3.17,100.0,settled,2-1-3,0,0,0.0
2026-09-18 03:36:13,20260917,14,7,1-6-5,0.31,721.2,221.99,2.236,100.0,settled,2-1-3,0,0,0.0
2026-09-18 03:36:13,20260917,14,8,1-2-5,1.06,139.0,147.7,1.473,100.0,settled,4-6-1,0,0,0.0
2026-09-18 03:36:13,20260917,14,8,1-2-6,1.36,87.3,118.75,1.187,100.0,settled,4-6-1,0,0,0.0
2026-09-18 03:36:13,20260917,14,8,1-4-2,5.05,20.9,105.56,1.055,100.0,settled,4-6-1,0,0,0.0
2026-09-18 03:36:13,20260917,14,8,1-4-5,1.81,63.6,115.14,1.151,100.0,settled,4-6-1,0,0,0.0
2026-09-18 03:36:13,20260917,14,8,1-5-4,0.73,186.8,136.53,1.364,100.0,settled,4-6-1,0,0,0.0
2026-09-18 03:36:13,20260917,14,9,1-2-5,0.57,428.2,243.73,2.441,100.0,settled,3-1-6,0,0,0.0
2026-09-18 03:36:13,20260917,14,9,1-3-5,0.79,218.4,171.82,1.725,100.0,settled,3-1-6,0,0,0.0
2026-09-18 03:36:13,20260917,14,9,1-5-2,0.18,1203.0,219.79,2.165,100.0,settled,3-1-6,0,0,0.0
2026-09-18 03:36:13,20260917,14,9,1-5-3,0.25,933.6,228.83,2.334,100.0,settled,3-1-6,0,0,0.0
2026-09-18 03:36:13,20260917,14,10,1-2-6,4.18,74.6,311.98,3.118,100.0,settled,1-3-2,0,0,0.0
2026-09-18 03:36:13,20260917,14,10,1-5-2,7.23,37.4,270.35,2.704,100.0,settled,1-3-2,0,0,0.0
2026-09-18 03:36:13,20260917,14,10,1-5-3,1.52,69.3,105.28,1.053,100.0,settled,1-3-2,0,0,0.0
2026-09-18 03:36:13,20260917,14,10,1-5-4,0.97,147.8,143.82,1.434,100.0,settled,1-3-2,0,0,0.0
2026-09-18 03:36:13,20260917,14,10,1-5-6,1.79,228.9,410.65,4.097,100.0,settled,1-3-2,0,0,0.0
2026-09-18 03:36:13,20260917,14,10,1-6-2,0.7,324.2,225.97,2.269,100.0,settled,1-3-2,0,0,0.0
2026-09-18 03:36:13,20260917,14,10,1-6-5,0.75,515.6,384.84,3.867,100.0,settled,1-3-2,0,0,0.0
2026-09-18 03:36:13,20260917,14,11,1-5-2,1.6,69.4,111.31,1.11,100.0,settled,3-6-2,0,0,0.0
2026-09-18 03:36:13,20260917,14,11,1-5-3,5.49,27.3,149.86,1.499,100.0,settled,3-6-2,0,0,0.0
2026-09-18 03:36:13,20260917,14,11,1-5-6,3.81,51.2,195.11,1.951,100.0,settled,3-6-2,0,0,0.0
2026-09-18 03:36:13,20260917,14,11,1-6-2,0.8,127.3,102.44,1.018,100.0,settled,3-6-2,0,0,0.0
2026-09-18 03:36:13,20260917,14,11,1-6-3,2.58,54.7,140.98,1.411,100.0,settled,3-6-2,0,0,0.0
2026-09-18 03:36:13,20260917,14,11,1-6-5,2.07,89.3,184.99,1.849,100.0,settled,3-6-2,0,0,0.0
2026-09-18 03:36:13,20260917,14,12,1-4-3,3.61,28.1,101.34,1.014,100.0,settled,5-1-6,0,0,0.0
2026-09-18 03:36:13,20260917,15,1,1-3-2,7.65,28.5,217.97,2.18,100.0,settled,1-2-5,0,0,0.0
2026-09-18 03:36:13,20260917,15,1,1-3-4,4.16,36.6,152.12,1.523,100.0,settled,1-2-5,0,0,0.0
2026-09-18 03:36:13,20260917,15,1,1-3-6,6.11,55.3,337.72,3.379,100.0,settled,1-2-5,0,0,0.0
2026-09-18 03:36:13,20260917,15,1,1-4-3,3.29,44.0,144.81,1.448,100.0,settled,1-2-5,0,0,0.0
2026-09-18 03:36:13,20260917,15,1,1-4-6,4.63,27.3,126.3,1.264,100.0,settled,1-2-5,0,0,0.0
2026-09-18 03:36:13,20260917,15,1,1-6-3,2.87,104.4,300.13,2.996,100.0,settled,1-2-5,0,0,0.0
2026-09-18 03:36:13,20260917,15,1,1-6-4,2.2,61.3,134.86,1.349,100.0,settled,1-2-5,0,0,0.0
2026-09-18 03:36:13,20260917,15,1,1-6-5,1.49,93.9,140.36,1.399,100.0,settled,1-2-5,0,0,0.0
2026-09-18 03:36:13,20260917,15,2,1-2-6,1.52,221.9,338.26,3.373,100.0,settled,4-1-5,0,0,0.0
2026-09-18 03:36:13,20260917,15,2,1-3-2,2.43,42.0,102.23,1.021,100.0,settled,4-1-5,0,0,0.0
2026-09-18 03:36:13,20260917,15,2,1-3-6,1.91,159.1,303.52,3.039,100.0,settled,4-1-5,0,0,0.0
2026-09-18 03:36:13,20260917,15,2,1-5-6,1.65,150.5,247.69,2.483,100.0,settled,4-1-5,0,0,0.0
2026-09-18 03:36:13,20260917,15,2,1-6-2,0.72,447.6,323.66,3.223,100.0,settled,4-1-5,0,0,0.0
2026-09-18 03:36:13,20260917,15,2,1-6-3,0.98,618.8,608.96,6.064,100.0,settled,4-1-5,0,0,0.0
2026-09-18 03:36:13,20260917,15,2,1-6-4,0.3,622.5,188.8,1.867,100.0,settled,4-1-5,0,0,0.0
2026-09-18 03:36:13,20260917,15,2,1-6-5,1.05,515.7,539.32,5.415,100.0,settled,4-1-5,0,0,0.0
2026-09-18 03:36:13,20260917,15,3,1-2-3,1.91,104.3,198.74,1.992,100.0,settled,5-4-6,0,0,0.0
2026-09-18 03:36:13,20260917,15,3,1-2-5,1.86,81.6,151.78,1.518,100.0,settled,5-4-6,0,0,0.0
2026-09-18 03:36:13,20260917,15,3,1-2-6,0.86,167.8,143.74,1.443,100.0,settled,5-4-6,0,0,0.0
2026-09-18 03:36:13,20260917,15,3,1-3-2,1.43,119.3,170.26,1.706,100.0,settled,5-4-6,0,0,0.0
2026-09-18 03:36:13,20260917,15,3,1-3-5,0.86,132.6,113.77,1.14,100.0,settled,5-4-6,0,0,0.0
2026-09-18 03:36:13,20260917,15,3,1-5-2,1.33,120.2,160.32,1.599,100.0,settled,5-4-6,0,0,0.0
2026-09-18 03:36:13,20260917,15,3,1-5-3,1.03,181.4,187.57,1.868,100.0,settled,5-4-6,0,0,0.0
2026-09-18 03:36:13,20260917,15,4,1-2-6,0.26,384.7,101.79,1.0,100.0,settled,4-6-3,0,0,0.0
2026-09-18 03:36:13,20260917,15,4,1-3-6,0.3,445.3,133.86,1.336,100.0,settled,4-6-3,0,0,0.0
2026-09-18 03:36:13,20260917,15,4,1-4-3,3.02,36.9,111.31,1.114,100.0,settled,4-6-3,0,0,0.0
2026-09-18 03:36:13,20260917,15,4,1-4-6,1.14,194.5,222.24,2.217,100.0,settled,4-6-3,0,0,0.0
2026-09-18 03:36:13,20260917,15,4,1-6-3,0.13,1163.0,145.72,1.512,100.0,settled,4-6-3,0,0,0.0
2026-09-18 03:36:13,20260917,15,4,1-6-4,0.25,725.1,183.31,1.813,100.0,settled,4-6-3,0,0,0.0
2026-09-18 03:36:13,20260917,15,4,1-6-5,0.1,1049.0,102.28,1.049,100.0,settled,4-6-3,0,0,0.0
2026-09-18 03:36:13,20260917,15,5,1-2-5,1.38,121.3,167.5,1.674,100.0,settled,1-2-3,0,0,0.0
2026-09-18 03:36:13,20260917,15,5,1-2-6,3.17,63.1,199.94,2.0,100.0,settled,1-2-3,0,0,0.0
2026-09-18 03:36:13,20260917,15,5,1-5-2,0.5,311.0,156.93,1.555,100.0,settled,1-2-3,0,0,0.0
2026-09-18 03:36:13,20260917,15,5,1-5-3,0.63,210.4,131.69,1.326,100.0,settled,1-2-3,0,0,0.0
2026-09-18 03:36:13,20260917,15,5,1-5-6,0.38,354.8,134.04,1.348,100.0,settled,1-2-3,0,0,0.0
2026-09-18 03:36:13,20260917,15,5,1-6-2,1.21,149.3,180.21,1.807,100.0,settled,1-2-3,0,0,0.0
2026-09-18 03:36:13,20260917,15,5,1-6-3,1.53,100.6,153.94,1.539,100.0,settled,1-2-3,0,0,0.0
2026-09-18 03:36:13,20260917,15,5,1-6-5,0.39,430.6,169.91,1.679,100.0,settled,1-2-3,0,0,0.0
2026-09-18 03:36:13,20260917,15,6,1-2-6,0.59,178.4,104.97,1.053,100.0,settled,5-1-3,0,0,0.0
2026-09-18 03:36:13,20260917,15,6,1-3-2,7.82,20.9,163.39,1.634,100.0,settled,5-1-3,0,0,0.0
2026-09-18 03:36:13,20260917,15,6,1-3-4,2.57,43.0,110.64,1.105,100.0,settled,5-1-3,0,0,0.0
2026-09-18 03:36:13,20260917,15,6,1-3-6,0.8,200.2,159.7,1.602,100.0,settled,5-1-3,0,0,0.0
2026-09-18 03:36:13,20260917,15,7,1-4-5,0.62,189.9,117.15,1.177,100.0,settled,2-1-6,0,0,0.0
2026-09-18 03:36:13,20260917,15,7,1-5-2,2.83,38.7,109.54,1.095,100.0,settled,2-1-6,0,0,0.0
2026-09-18 03:36:13,20260917,15,7,1-5-4,0.64,189.0,121.55,1.21,100.0,settled,2-1-6,0,0,0.0
2026-09-18 03:36:13,20260917,15,8,1-3-2,2.41,53.9,129.68,1.299,100.0,settled,1-2-6,0,0,0.0
2026-09-18 03:36:13,20260917,15,8,1-3-4,1.14,91.5,104.53,1.043,100.0,settled,1-2-6,0,0,0.0
2026-09-18 03:36:13,20260917,15,8,1-3-5,1.3,150.1,195.18,1.951,100.0,settled,1-2-6,0,0,0.0
2026-09-18 03:36:13,20260917,15,8,1-3-6,0.66,156.1,103.2,1.03,100.0,settled,1-2-6,0,0,0.0
2026-09-18 03:36:13,20260917,15,8,1-5-2,4.99,32.6,162.58,1.627,100.0,settled,1-2-6,0,0,0.0
2026-09-18 03:36:13,20260917,15,8,1-5-3,1.74,147.7,256.91,2.57,100.0,settled,1-2-6,0,0,0.0
2026-09-18 03:36:13,20260917,15,8,1-6-5,1.13,93.5,105.71,1.057,100.0,settled,1-2-6,0,0,0.0
2026-09-18 03:36:13,20260917,15,9,1-4-5,2.7,71.9,194.09,1.941,100.0,settled,3-1-2,0,0,0.0
2026-09-18 03:36:13,20260917,15,9,1-5-3,1.75,91.9,161.07,1.608,100.0,settled,3-1-2,0,0,0.0
2026-09-18 03:36:13,20260917,15,9,1-5-4,1.5,143.7,215.28,2.155,100.0,settled,3-1-2,0,0,0.0
2026-09-18 03:36:13,20260917,15,9,1-5-6,1.0,174.9,174.46,1.749,100.0,settled,3-1-2,0,0,0.0
2026-09-18 03:36:13,20260917,15,9,1-6-2,0.59,236.4,138.74,1.395,100.0,settled,3-1-2,0,0,0.0
2026-09-18 03:36:13,20260917,15,9,1-6-3,0.37,407.9,149.86,1.509,100.0,settled,3-1-2,0,0,0.0
2026-09-18 03:36:13,20260917,15,9,1-6-4,0.37,441.4,163.72,1.633,100.0,settled,3-1-2,0,0,0.0
2026-09-18 03:36:13,20260917,15,9,1-6-5,0.58,346.9,199.85,2.012,100.0,settled,3-1-2,0,0,0.0
2026-09-18 03:36:13,20260917,15,10,1-2-6,3.42,158.6,542.05,5.424,100.0,settled,3-5-1,0,0,0.0
2026-09-18 03:36:13,20260917,15,10,1-3-6,2.64,124.7,328.68,3.292,100.0,settled,3-5-1,0,0,0.0
2026-09-18 03:36:13,20260917,15,10,1-4-6,2.63,126.0,331.12,3.314,100.0,settled,3-5-1,0,0,0.0
2026-09-18 03:36:13,20260917,15,10,1-5-6,1.85,239.1,443.51,4.423,100.0,settled,3-5-1,0,0,0.0
2026-09-18 03:36:13,20260917,15,10,1-6-2,1.22,415.9,505.69,5.074,100.0,settled,3-5-1,0,0,0.0
2026-09-18 03:36:13,20260917,15,10,1-6-3,0.92,468.4,428.82,4.309,100.0,settled,3-5-1,0,0,0.0
2026-09-18 03:36:13,20260917,15,10,1-6-4,1.11,538.8,596.99,5.981,100.0,settled,3-5-1,0,0,0.0
2026-09-18 03:36:13,20260917,15,10,1-6-5,1.04,633.2,655.43,6.585,100.0,settled,3-5-1,0,0,0.0
2026-09-18 03:36:13,20260917,16,1,1-2-4,4.74,28.8,136.62,1.365,100.0,settled,1-5-3,0,0,0.0
2026-09-18 03:36:13,20260917,16,1,1-2-5,3.44,47.7,164.32,1.641,100.0,settled,1-5-3,0,0,0.0
2026-09-18 03:36:13,20260917,16,1,1-4-2,4.18,65.3,272.76,2.73,100.0,settled,1-5-3,0,0,0.0
2026-09-18 03:36:13,20260917,16,1,1-4-3,3.56,63.3,225.04,2.253,100.0,settled,1-5-3,0,0,0.0
2026-09-18 03:36:13,20260917,16,1,1-4-5,1.81,206.8,374.14,3.743,100.0,settled,1-5-3,0,0,0.0
2026-09-18 03:36:13,20260917,16,1,1-5-2,1.79,96.4,172.56,1.726,100.0,settled,1-5-3,0,0,0.0
2026-09-18 03:36:13,20260917,16,1,1-5-3,1.84,78.3,143.7,1.441,100.0,settled,1-5-3,1,7830.0,7830.0
2026-09-18 03:36:13,20260917,16,1,1-5-4,0.93,264.8,246.5,2.463,100.0,settled,1-5-3,0,0,0.0
2026-09-18 03:36:13,20260917,16,2,1-2-6,2.87,80.9,232.53,2.322,100.0,settled,3-1-4,0,0,0.0
2026-09-18 03:36:13,20260917,16,2,1-4-2,2.71,73.4,198.65,1.989,100.0,settled,3-1-4,0,0,0.0
2026-09-18 03:36:13,20260917,16,2,1-4-3,2.78,66.9,185.79,1.86,100.0,settled,3-1-4,0,0,0.0
2026-09-18 03:36:13,20260917,16,2,1-4-6,1.72,155.7,268.26,2.678,100.0,settled,3-1-4,0,0,0.0
2026-09-18 03:36:13,20260917,16,2,1-6-2,0.8,228.3,183.69,1.826,100.0,settled,3-1-4,0,0,0.0
2026-09-18 03:36:13,20260917,16,2,1-6-3,0.78,247.7,193.35,1.932,100.0,settled,3-1-4,0,0,0.0
2026-09-18 03:36:13,20260917,16,2,1-6-4,0.6,352.5,210.94,2.115,100.0,settled,3-1-4,0,0,0.0
2026-09-18 03:36:13,20260917,16,2,1-6-5,0.62,282.6,175.92,1.752,100.0,settled,3-1-4,0,0,0.0
2026-09-18 03:36:13,20260917,16,3,1-2-5,3.29,32.1,105.7,1.056,100.0,settled,1-3-4,0,0,0.0
2026-09-18 03:36:13,20260917,16,3,1-2-6,0.54,253.7,137.51,1.37,100.0,settled,1-3-4,0,0,0.0
2026-09-18 03:36:13,20260917,16,3,1-3-4,1.98,56.6,112.29,1.121,100.0,settled,1-3-4,1,5660.0,5660.0
2026-09-18 03:36:13,20260917,16,3,1-3-6,0.34,393.4,134.15,1.338,100.0,settled,1-3-4,0,0,0.0
2026-09-18 03:36:13,20260917,16,3,1-4-2,1.51,80.0,120.62,1.208,100.0,settled,1-3-4,0,0,0.0
2026-09-18 03:36:13,20260917,16,3,1-4-3,1.22,119.3,145.76,1.455,100.0,settled,1-3-4,0,0,0.0
2026-09-18 03:36:13,20260917,16,3,1-4-6,0.26,428.4,109.37,1.114,100.0,settled,1-3-4,0,0,0.0
2026-09-18 03:36:13,20260917,16,3,1-5-3,1.74,72.5,126.46,1.261,100.0,settled,1-3-4,0,0,0.0
2026-09-18 03:36:13,20260917,16,4,1-4-6,1.71,128.6,220.46,2.199,100.0,settled,6-5-3,0,0,0.0
2026-09-18 03:36:13,20260917,16,4,1-5-4,2.16,50.1,108.08,1.082,100.0,settled,6-5-3,0,0,0.0
2026-09-18 03:36:13,20260917,16,5,1-2-5,4.24,29.9,126.76,1.268,100.0,settled,4-2-3,0,0,0.0
2026-09-18 03:36:13,20260917,16,5,1-2-6,2.12,119.7,253.19,2.538,100.0,settled,4-2-3,0,0,0.0
2026-09-18 03:36:13,20260917,16,6,1-5-3,2.99,41.3,123.63,1.235,100.0,settled,1-6-2,0,0,0.0
2026-09-18 03:36:13,20260917,16,6,1-5-4,2.78,46.0,128.09,1.279,100.0,settled,1-6-2,0,0,0.0
2026-09-18 03:36:13,20260917,16,6,1-5-6,1.84,60.5,111.43,1.113,100.0,settled,1-6-2,0,0,0.0
2026-09-18 03:36:13,20260917,16,7,1-4-2,4.89,28.9,141.42,1.413,100.0,settled,1-3-4,0,0,0.0
2026-09-18 03:36:13,20260917,16,7,1-4-5,5.01,43.2,216.24,2.164,100.0,settled,1-3-4,0,0,0.0
2026-09-18 03:36:13,20260917,16,7,1-5-2,0.49,205.9,100.58,1.009,100.0,settled,1-3-4,0,0,0.0
2026-09-18 03:36:13,20260917,16,7,1-5-4,1.42,92.6,131.49,1.315,100.0,settled,1-3-4,0,0,0.0
2026-09-18 03:36:13,20260917,16,8,1-3-2,4.34,36.3,157.38,1.575,100.0,settled,1-6-5,0,0,0.0
2026-09-18 03:36:13,20260917,16,8,1-3-4,1.59,71.2,113.35,1.132,100.0,settled,1-6-5,0,0,0.0
2026-09-18 03:36:13,20260917,16,8,1-3-6,1.67,74.7,125.07,1.247,100.0,settled,1-6-5,0,0,0.0
2026-09-18 03:36:13,20260917,16,8,1-4-2,0.95,108.2,103.16,1.028,100.0,settled,1-6-5,0,0,0.0
2026-09-18 03:36:13,20260917,16,8,1-4-3,0.83,157.6,130.48,1.308,100.0,settled,1-6-5,0,0,0.0
2026-09-18 03:36:13,20260917,16,8,1-4-6,0.68,190.4,130.39,1.295,100.0,settled,1-6-5,0,0,0.0
2026-09-18 03:36:13,20260917,16,8,1-5-3,2.81,39.6,111.12,1.113,100.0,settled,1-6-5,0,0,0.0
2026-09-18 03:36:13,20260917,16,8,1-6-3,0.69,155.0,107.17,1.069,100.0,settled,1-6-5,0,0,0.0
2026-09-18 03:36:13,20260917,16,9,1-2-6,1.42,71.2,101.13,1.011,100.0,settled,1-3-4,0,0,0.0
2026-09-18 03:36:13,20260917,16,9,1-6-2,0.48,212.1,102.64,1.018,100.0,settled,1-3-4,0,0,0.0
2026-09-18 03:36:13,20260917,16,9,1-6-3,0.37,300.9,110.94,1.113,100.0,settled,1-3-4,0,0,0.0
2026-09-18 03:36:13,20260917,16,9,1-6-4,0.53,209.7,111.35,1.111,100.0,settled,1-3-4,0,0,0.0
2026-09-18 03:36:13,20260917,16,10,1-2-6,2.66,49.5,131.84,1.317,100.0,settled,5-1-4,0,0,0.0
2026-09-18 03:36:13,20260917,16,10,1-3-2,4.6,23.6,108.52,1.086,100.0,settled,5-1-4,0,0,0.0
2026-09-18 03:36:13,20260917,16,11,1-2-4,5.93,23.7,140.61,1.405,100.0,settled,4-1-2,0,0,0.0
2026-09-18 03:36:13,20260917,16,12,1-2-6,3.29,36.9,121.23,1.214,100.0,settled,1-4-3,0,0,0.0
2026-09-18 03:36:13,20260917,16,12,1-4-2,8.38,29.4,246.36,2.464,100.0,settled,1-4-3,0,0,0.0
2026-09-18 03:36:13,20260917,16,12,1-4-3,5.4,28.1,151.73,1.517,100.0,settled,1-4-3,1,2810.0,2810.0
2026-09-18 03:36:13,20260917,16,12,1-4-5,5.69,35.9,204.18,2.043,100.0,settled,1-4-3,0,0,0.0
2026-09-18 03:36:13,20260917,16,12,1-4-6,2.43,46.8,113.49,1.137,100.0,settled,1-4-3,0,0,0.0
2026-09-18 03:36:13,20260917,16,12,1-5-2,3.18,45.6,144.83,1.45,100.0,settled,1-4-3,0,0,0.0
2026-09-18 03:36:13,20260917,16,12,1-5-4,3.13,57.4,179.64,1.797,100.0,settled,1-4-3,0,0,0.0
2026-09-18 03:36:13,20260917,18,1,1-6-2,0.82,160.9,131.47,1.319,100.0,settled,1-3-5,0,0,0.0
2026-09-18 03:36:13,20260917,18,1,1-6-4,0.76,148.4,113.21,1.128,100.0,settled,1-3-5,0,0,0.0
2026-09-18 03:36:13,20260917,18,3,1-3-4,6.73,26.5,178.22,1.783,100.0,settled,1-2-4,0,0,0.0
2026-09-18 03:36:13,20260917,18,3,1-3-6,1.67,62.7,104.67,1.047,100.0,settled,1-2-4,0,0,0.0
2026-09-18 03:36:13,20260917,18,3,1-4-3,5.07,38.1,193.31,1.932,100.0,settled,1-2-4,0,0,0.0
2026-09-18 03:36:13,20260917,18,3,1-5-3,4.5,23.0,103.41,1.035,100.0,settled,1-2-4,0,0,0.0
2026-09-18 03:36:13,20260917,18,4,1-4-2,5.02,27.8,139.65,1.396,100.0,settled,3-1-4,0,0,0.0
2026-09-18 03:36:13,20260917,18,5,1-2-6,6.55,22.7,148.69,1.487,100.0,settled,1-2-4,0,0,0.0
2026-09-18 03:36:13,20260917,18,5,1-4-2,7.4,21.0,155.3,1.554,100.0,settled,1-2-4,0,0,0.0
2026-09-18 03:36:13,20260917,18,5,1-4-3,6.2,21.9,135.75,1.358,100.0,settled,1-2-4,0,0,0.0
2026-09-18 03:36:13,20260917,18,5,1-4-5,3.25,36.2,117.55,1.177,100.0,settled,1-2-4,0,0,0.0
2026-09-18 03:36:13,20260917,18,5,1-4-6,5.9,39.1,230.58,2.307,100.0,settled,1-2-4,0,0,0.0
2026-09-18 03:36:13,20260917,18,5,1-5-4,1.76,62.6,110.12,1.102,100.0,settled,1-2-4,0,0,0.0
2026-09-18 03:36:13,20260917,18,5,1-6-2,1.52,87.2,132.76,1.325,100.0,settled,1-2-4,0,0,0.0
2026-09-18 03:36:13,20260917,18,5,1-6-4,1.59,111.4,176.68,1.771,100.0,settled,1-2-4,0,0,0.0
2026-09-18 03:36:13,20260917,18,7,1-3-4,10.34,26.2,270.92,2.709,100.0,settled,1-4-2,0,0,0.0
2026-09-18 03:36:13,20260917,18,7,1-3-6,2.11,70.4,148.55,1.485,100.0,settled,1-4-2,0,0,0.0
2026-09-18 03:36:13,20260917,18,7,1-4-3,8.99,29.8,267.95,2.679,100.0,settled,1-4-2,0,0,0.0
2026-09-18 03:36:13,20260917,18,8,1-3-2,4.87,21.5,104.79,1.047,100.0,settled,2-5-3,0,0,0.0
2026-09-18 03:36:13,20260917,18,8,1-3-6,7.51,36.3,272.48,2.726,100.0,settled,2-5-3,0,0,0.0
2026-09-18 03:36:13,20260917,18,8,1-4-3,8.23,24.9,204.92,2.049,100.0,settled,2-5-3,0,0,0.0
2026-09-18 03:36:13,20260917,18,8,1-4-6,5.58,31.0,172.92,1.73,100.0,settled,2-5-3,0,0,0.0
2026-09-18 03:36:13,20260917,18,8,1-6-2,1.11,100.7,112.27,1.118,100.0,settled,2-5-3,0,0,0.0
2026-09-18 03:36:13,20260917,18,8,1-6-3,2.58,120.9,311.83,3.119,100.0,settled,2-5-3,0,0,0.0
2026-09-18 03:36:13,20260917,18,8,1-6-4,2.05,86.0,176.01,1.763,100.0,settled,2-5-3,0,0,0.0
2026-09-18 03:36:13,20260917,18,9,1-2-5,4.64,22.6,104.9,1.049,100.0,settled,1-3-4,0,0,0.0
2026-09-18 03:36:13,20260917,18,9,1-2-6,6.57,21.7,142.6,1.426,100.0,settled,1-3-4,0,0,0.0
2026-09-18 03:36:13,20260917,18,9,1-4-6,4.86,22.7,110.37,1.103,100.0,settled,1-3-4,0,0,0.0
2026-09-18 03:36:13,20260917,18,9,1-6-2,2.36,76.7,180.89,1.81,100.0,settled,1-3-4,0,0,0.0
2026-09-18 03:36:13,20260917,18,9,1-6-3,1.63,79.5,129.25,1.296,100.0,settled,1-3-4,0,0,0.0
2026-09-18 03:36:13,20260917,18,9,1-6-4,2.36,69.8,164.41,1.647,100.0,settled,1-3-4,0,0,0.0
2026-09-18 03:36:13,20260917,18,9,1-6-5,1.17,101.9,119.63,1.192,100.0,settled,1-3-4,0,0,0.0
2026-09-18 03:36:13,20260917,18,10,1-2-6,6.6,20.1,132.71,1.327,100.0,settled,1-5-4,0,0,0.0
2026-09-18 03:36:13,20260917,18,10,1-5-6,4.15,27.7,114.83,1.15,100.0,settled,1-5-4,0,0,0.0
2026-09-18 03:36:13,20260917,18,10,1-6-2,2.72,66.5,180.67,1.809,100.0,settled,1-5-4,0,0,0.0
2026-09-18 03:36:13,20260917,18,10,1-6-3,2.13,76.4,162.46,1.627,100.0,settled,1-5-4,0,0,0.0
2026-09-18 03:36:13,20260917,18,10,1-6-4,1.75,85.8,150.16,1.502,100.0,settled,1-5-4,0,0,0.0
2026-09-18 03:36:13,20260917,18,10,1-6-5,2.53,69.5,175.86,1.758,100.0,settled,1-5-4,0,0,0.0
2026-09-18 03:36:13,20260917,18,11,1-2-6,8.12,31.4,254.91,2.55,100.0,settled,1-2-5,0,0,0.0
2026-09-18 03:36:13,20260917,18,11,1-3-6,4.15,52.9,219.4,2.195,100.0,settled,1-2-5,0,0,0.0
2026-09-18 03:36:13,20260917,18,11,1-6-2,2.09,118.4,247.44,2.475,100.0,settled,1-2-5,0,0,0.0
2026-09-18 03:36:13,20260917,18,11,1-6-3,1.24,197.0,244.06,2.443,100.0,settled,1-2-5,0,0,0.0
2026-09-18 03:36:13,20260917,18,12,1-3-6,3.9,36.5,142.2,1.423,100.0,settled,1-2-4,0,0,0.0
2026-09-18 03:36:13,20260917,18,12,1-6-2,2.38,64.6,153.66,1.537,100.0,settled,1-2-4,0,0,0.0
2026-09-18 03:36:13,20260917,18,12,1-6-3,2.44,78.8,192.52,1.923,100.0,settled,1-2-4,0,0,0.0
2026-09-18 03:36:13,20260917,18,12,1-6-4,5.8,42.7,247.62,2.477,100.0,settled,1-2-4,0,0,0.0
2026-09-18 03:36:13,20260917,19,1,1-2-3,5.13,27.7,142.23,1.421,100.0,settled,3-1-4,0,0,0.0
2026-09-18 03:36:13,20260917,19,1,1-2-5,3.23,31.6,102.15,1.021,100.0,settled,3-1-4,0,0,0.0
2026-09-18 03:36:13,20260917,19,1,1-3-2,13.15,46.0,604.82,6.049,100.0,settled,3-1-4,0,0,0.0
2026-09-18 03:36:13,20260917,19,1,1-3-5,1.45,74.3,107.75,1.077,100.0,settled,3-1-4,0,0,0.0
2026-09-18 03:36:13,20260917,19,2,1-2-5,3.02,56.3,170.04,1.7,100.0,settled,1-4-3,0,0,0.0
2026-09-18 03:36:13,20260917,19,2,1-2-6,0.73,438.4,319.59,3.2,100.0,settled,1-4-3,0,0,0.0
2026-09-18 03:36:13,20260917,19,2,1-4-6,1.42,252.7,359.29,3.588,100.0,settled,1-4-3,0,0,0.0
2026-09-18 03:36:13,20260917,19,2,1-5-6,0.48,494.7,239.24,2.375,100.0,settled,1-4-3,0,0,0.0
2026-09-18 03:36:13,20260917,19,2,1-6-2,0.2,948.8,188.72,1.898,100.0,settled,1-4-3,0,0,0.0
2026-09-18 03:36:13,20260917,19,2,1-6-3,0.14,1025.0,142.88,1.435,100.0,settled,1-4-3,0,0,0.0
2026-09-18 03:36:13,20260917,19,2,1-6-4,0.32,895.4,285.72,2.865,100.0,settled,1-4-3,0,0,0.0
2026-09-18 03:36:13,20260917,19,2,1-6-5,0.23,1297.0,293.38,2.983,100.0,settled,1-4-3,0,0,0.0
2026-09-18 03:36:13,20260917,19,4,1-3-4,2.4,52.4,125.97,1.258,100.0,settled,1-2-5,0,0,0.0
2026-09-18 03:36:13,20260917,19,4,1-4-5,1.0,147.2,147.51,1.472,100.0,settled,1-2-5,0,0,0.0
2026-09-18 03:36:13,20260917,19,4,1-5-4,1.62,88.2,142.83,1.429,100.0,settled,1-2-5,0,0,0.0
2026-09-18 03:36:13,20260917,19,5,1-2-3,13.45,20.6,277.16,2.771,100.0,settled,1-2-4,0,0,0.0
2026-09-18 03:36:13,20260917,19,5,1-2-6,4.09,78.2,319.65,3.198,100.0,settled,1-2-4,0,0,0.0
2026-09-18 03:36:13,20260917,19,5,1-3-2,17.13,37.2,637.27,6.372,100.0,settled,1-2-4,0,0,0.0
2026-09-18 03:36:13,20260917,19,5,1-3-4,4.26,26.7,113.72,1.137,100.0,settled,1-2-4,0,0,0.0
2026-09-18 03:36:13,20260917,19,5,1-3-6,1.6,148.6,237.14,2.378,100.0,settled,1-2-4,0,0,0.0
2026-09-18 03:36:13,20260917,19,5,1-6-2,1.28,216.4,275.93,2.77,100.0,settled,1-2-4,0,0,0.0
2026-09-18 03:36:13,20260917,19,5,1-6-3,0.74,408.2,303.17,3.021,100.0,settled,1-2-4,0,0,0.0
2026-09-18 03:36:13,20260917,19,7,1-3-4,3.21,64.5,207.01,2.07,100.0,settled,1-3-2,0,0,0.0
2026-09-18 03:36:13,20260917,19,7,1-3-5,3.75,89.5,335.36,3.356,100.0,settled,1-3-2,0,0,0.0
2026-09-18 03:36:13,20260917,19,7,1-3-6,2.3,53.7,123.69,1.235,100.0,settled,1-3-2,0,0,0.0
2026-09-18 03:36:13,20260917,19,7,1-4-3,1.49,124.9,186.39,1.861,100.0,settled,1-3-2,0,0,0.0
2026-09-18 03:36:13,20260917,19,7,1-4-5,0.94,247.1,231.9,2.323,100.0,settled,1-3-2,0,0,0.0
2026-09-18 03:36:13,20260917,19,7,1-5-3,2.25,186.3,419.72,4.192,100.0,settled,1-3-2,0,0,0.0
2026-09-18 03:36:13,20260917,19,7,1-5-4,0.69,347.0,237.87,2.394,100.0,settled,1-3-2,0,0,0.0
2026-09-18 03:36:13,20260917,19,7,1-6-3,1.38,84.3,116.73,1.163,100.0,settled,1-3-2,0,0,0.0
2026-09-18 03:36:13,20260917,19,8,1-2-5,0.56,311.3,174.23,1.743,100.0,settled,3-4-6,0,0,0.0
2026-09-18 03:36:13,20260917,19,8,1-3-5,3.67,171.8,631.07,6.305,100.0,settled,3-4-6,0,0,0.0
2026-09-18 03:36:13,20260917,19,8,1-4-5,0.52,243.0,125.97,1.264,100.0,settled,3-4-6,0,0,0.0
2026-09-18 03:36:13,20260917,19,8,1-5-2,0.38,698.9,265.16,2.656,100.0,settled,3-4-6,0,0,0.0
2026-09-18 03:36:13,20260917,19,8,1-5-3,1.19,678.5,805.31,8.074,100.0,settled,3-4-6,0,0,0.0
2026-09-18 03:36:13,20260917,19,8,1-5-4,0.29,645.8,185.8,1.873,100.0,settled,3-4-6,0,0,0.0
2026-09-18 03:36:13,20260917,19,8,1-5-6,0.89,346.3,308.1,3.082,100.0,settled,3-4-6,0,0,0.0
2026-09-18 03:36:13,20260917,19,8,1-6-5,1.15,243.7,281.03,2.803,100.0,settled,3-4-6,0,0,0.0
2026-09-18 03:36:13,20260917,19,10,1-3-5,1.45,79.7,115.21,1.156,100.0,settled,1-4-2,0,0,0.0
2026-09-18 03:36:13,20260917,19,10,1-5-3,0.82,219.2,179.0,1.797,100.0,settled,1-4-2,0,0,0.0
2026-09-18 03:36:13,20260917,19,10,1-5-4,0.56,242.9,136.36,1.36,100.0,settled,1-4-2,0,0,0.0
2026-09-18 03:36:13,20260917,19,11,1-3-5,12.38,25.6,316.92,3.169,100.0,settled,3-1-5,0,0,0.0
2026-09-18 03:36:13,20260917,19,11,1-5-2,2.12,78.2,165.65,1.658,100.0,settled,3-1-5,0,0,0.0
2026-09-18 03:36:13,20260917,19,11,1-5-3,7.93,75.7,600.23,6.003,100.0,settled,3-1-5,0,0,0.0
2026-09-18 03:36:13,20260917,19,11,1-5-4,1.14,155.5,176.63,1.773,100.0,settled,3-1-5,0,0,0.0
2026-09-18 03:36:13,20260917,19,12,1-5-2,5.81,33.1,192.45,1.923,100.0,settled,1-2-3,0,0,0.0
2026-09-18 03:36:13,20260917,22,1,1-2-6,1.19,448.8,532.37,5.341,100.0,settled,1-3-5,0,0,0.0
2026-09-18 03:36:13,20260917,22,1,1-3-6,4.33,264.6,1144.74,11.457,100.0,settled,1-3-5,0,0,0.0
2026-09-18 03:36:13,20260917,22,1,1-4-6,2.55,579.5,1477.03,14.777,100.0,settled,1-3-5,0,0,0.0
2026-09-18 03:36:13,20260917,22,1,1-5-6,1.41,598.4,842.19,8.437,100.0,settled,1-3-5,0,0,0.0
2026-09-18 03:36:13,20260917,22,1,1-6-2,0.53,721.0,380.76,3.821,100.0,settled,1-3-5,0,0,0.0
2026-09-18 03:36:13,20260917,22,1,1-6-3,1.06,2034.0,2158.07,21.56,100.0,settled,1-3-5,0,0,0.0
2026-09-18 03:36:13,20260917,22,1,1-6-4,0.74,1695.0,1262.78,12.543,100.0,settled,1-3-5,0,0,0.0
2026-09-18 03:36:13,20260917,22,1,1-6-5,0.61,1430.0,875.88,8.723,100.0,settled,1-3-5,0,0,0.0
2026-09-18 03:36:13,20260917,22,2,1-2-3,4.19,25.8,108.14,1.081,100.0,settled,3-1-5,0,0,0.0
2026-09-18 03:36:13,20260917,22,2,1-2-6,1.19,291.0,345.3,3.463,100.0,settled,3-1-5,0,0,0.0
2026-09-18 03:36:13,20260917,22,2,1-4-6,0.77,287.0,221.39,2.21,100.0,settled,3-1-5,0,0,0.0
2026-09-18 03:36:13,20260917,22,2,1-5-6,0.59,260.0,152.59,1.534,100.0,settled,3-1-5,0,0,0.0
2026-09-18 03:36:13,20260917,22,2,1-6-2,0.19,851.9,157.94,1.619,100.0,settled,3-1-5,0,0,0.0
2026-09-18 03:36:13,20260917,22,2,1-6-4,0.15,737.9,109.73,1.107,100.0,settled,3-1-5,0,0,0.0
2026-09-18 03:36:13,20260917,22,2,1-6-5,0.18,684.9,125.68,1.233,100.0,settled,3-1-5,0,0,0.0
2026-09-18 03:36:13,20260917,22,3,1-2-5,1.18,105.2,124.61,1.241,100.0,settled,1-2-3,0,0,0.0
2026-09-18 03:36:13,20260917,22,3,1-2-6,1.02,103.4,105.54,1.055,100.0,settled,1-2-3,0,0,0.0
2026-09-18 03:36:13,20260917,22,3,1-5-2,0.46,227.3,104.24,1.046,100.0,settled,1-2-3,0,0,0.0
2026-09-18 03:36:13,20260917,22,4,1-3-4,5.34,45.5,242.83,2.43,100.0,settled,2-1-3,0,0,0.0
2026-09-18 03:36:13,20260917,22,4,1-3-6,2.31,257.2,594.11,5.941,100.0,settled,2-1-3,0,0,0.0
2026-09-18 03:36:13,20260917,22,4,1-4-3,2.37,155.6,369.29,3.688,100.0,settled,2-1-3,0,0,0.0
2026-09-18 03:36:13,20260917,22,4,1-4-6,0.42,735.9,306.94,3.091,100.0,settled,2-1-3,0,0,0.0
2026-09-18 03:36:13,20260917,22,4,1-5-6,0.65,360.0,232.56,2.34,100.0,settled,2-1-3,0,0,0.0
2026-09-18 03:36:13,20260917,22,4,1-6-3,0.57,1471.0,844.94,8.385,100.0,settled,2-1-3,0,0,0.0
2026-09-18 03:36:13,20260917,22,4,1-6-4,0.15,2274.0,337.69,3.411,100.0,settled,2-1-3,0,0,0.0
2026-09-18 03:36:13,20260917,22,4,1-6-5,0.25,1614.0,408.66,4.035,100.0,settled,2-1-3,0,0,0.0
2026-09-18 03:36:13,20260917,22,5,1-2-6,1.3,646.2,839.48,8.401,100.0,settled,4-5-1,0,0,0.0
2026-09-18 03:36:13,20260917,22,5,1-3-6,0.66,574.0,381.54,3.788,100.0,settled,4-5-1,0,0,0.0
2026-09-18 03:36:13,20260917,22,5,1-4-6,2.37,300.1,712.71,7.112,100.0,settled,4-5-1,0,0,0.0
2026-09-18 03:36:13,20260917,22,5,1-5-6,1.79,398.1,714.03,7.126,100.0,settled,4-5-1,0,0,0.0
2026-09-18 03:36:13,20260917,22,5,1-6-2,0.46,938.5,433.31,4.317,100.0,settled,4-5-1,0,0,0.0
2026-09-18 03:36:13,20260917,22,5,1-6-3,0.32,1556.0,503.52,4.979,100.0,settled,4-5-1,0,0,0.0
2026-09-18 03:36:13,20260917,22,5,1-6-4,0.67,1010.0,675.39,6.767,100.0,settled,4-5-1,0,0,0.0
2026-09-18 03:36:13,20260917,22,5,1-6-5,0.73,1271.0,925.92,9.278,100.0,settled,4-5-1,0,0,0.0
2026-09-18 03:36:13,20260917,22,6,1-2-5,1.69,249.6,421.03,4.218,100.0,settled,3-1-4,0,0,0.0
2026-09-18 03:36:13,20260917,22,6,1-2-6,3.46,90.8,313.92,3.142,100.0,settled,3-1-4,0,0,0.0
2026-09-18 03:36:13,20260917,22,6,1-3-5,0.65,362.9,235.27,2.359,100.0,settled,3-1-4,0,0,0.0
2026-09-18 03:36:13,20260917,22,6,1-4-5,0.8,308.8,248.28,2.47,100.0,settled,3-1-4,0,0,0.0
2026-09-18 03:36:13,20260917,22,6,1-5-2,0.43,741.7,322.57,3.189,100.0,settled,3-1-4,0,0,0.0
2026-09-18 03:36:13,20260917,22,6,1-5-3,0.28,958.6,272.05,2.684,100.0,settled,3-1-4,0,0,0.0
2026-09-18 03:36:13,20260917,22,6,1-5-4,0.26,949.6,247.47,2.469,100.0,settled,3-1-4,0,0,0.0
2026-09-18 03:36:13,20260917,22,6,1-6-2,0.9,249.0,225.17,2.241,100.0,settled,3-1-4,0,0,0.0
2026-09-18 03:36:13,20260917,22,7,1-4-2,1.04,163.1,170.37,1.696,100.0,settled,1-2-3,0,0,0.0
2026-09-18 03:36:13,20260917,22,7,1-4-5,2.24,84.0,188.24,1.882,100.0,settled,1-2-3,0,0,0.0
2026-09-18 03:36:13,20260917,22,7,1-4-6,1.2,237.7,284.17,2.852,100.0,settled,1-2-3,0,0,0.0
2026-09-18 03:36:13,20260917,22,7,1-6-4,0.53,235.9,124.56,1.25,100.0,settled,1-2-3,0,0,0.0
2026-09-18 03:36:13,20260917,22,8,1-2-5,1.51,552.7,836.62,8.346,100.0,settled,1-6-4,0,0,0.0
2026-09-18 03:36:13,20260917,22,8,1-3-2,11.46,32.3,370.28,3.702,100.0,settled,1-6-4,0,0,0.0
2026-09-18 03:36:13,20260917,22,8,1-3-5,1.9,550.0,1043.35,10.45,100.0,settled,1-6-4,0,0,0.0
2026-09-18 03:36:13,20260917,22,8,1-3-6,8.14,50.2,408.83,4.086,100.0,settled,1-6-4,0,0,0.0
2026-09-18 03:36:13,20260917,22,8,1-5-2,0.41,1000.0,409.7,4.1,100.0,settled,1-6-4,0,0,0.0
2026-09-18 03:36:13,20260917,22,8,1-5-3,0.66,1291.0,858.0,8.521,100.0,settled,1-6-4,0,0,0.0
2026-09-18 03:36:13,20260917,22,8,1-5-6,0.48,1048.0,503.25,5.03,100.0,settled,1-6-4,0,0,0.0
2026-09-18 03:36:13,20260917,22,8,1-6-5,0.88,661.3,579.63,5.819,100.0,settled,1-6-4,0,0,0.0
2026-09-18 03:36:13,20260917,22,9,1-2-5,0.84,271.2,226.97,2.278,100.0,settled,1-3-4,0,0,0.0
2026-09-18 03:36:13,20260917,22,9,1-3-5,1.12,127.3,142.46,1.426,100.0,settled,1-3-4,0,0,0.0
2026-09-18 03:36:13,20260917,22,9,1-4-5,0.63,416.0,260.87,2.621,100.0,settled,1-3-4,0,0,0.0
2026-09-18 03:36:13,20260917,22,9,1-5-2,0.27,738.8,198.81,1.995,100.0,settled,1-3-4,0,0,0.0
2026-09-18 03:36:13,20260917,22,9,1-5-3,0.41,612.1,248.94,2.51,100.0,settled,1-3-4,0,0,0.0
2026-09-18 03:36:13,20260917,22,9,1-5-4,0.24,973.9,238.51,2.337,100.0,settled,1-3-4,0,0,0.0
2026-09-18 03:36:13,20260917,22,9,1-5-6,0.09,1224.0,105.75,1.102,100.0,settled,1-3-4,0,0,0.0
2026-09-18 03:36:13,20260917,22,10,1-4-5,2.96,56.5,167.34,1.672,100.0,settled,1-2-4,0,0,0.0
2026-09-18 03:36:13,20260917,22,10,1-4-6,2.73,62.1,169.55,1.695,100.0,settled,1-2-4,0,0,0.0
2026-09-18 03:36:13,20260917,22,10,1-5-2,1.58,117.4,185.34,1.855,100.0,settled,1-2-4,0,0,0.0
2026-09-18 03:36:13,20260917,22,10,1-5-3,1.2,162.9,196.02,1.955,100.0,settled,1-2-4,0,0,0.0
2026-09-18 03:36:13,20260917,22,10,1-5-4,1.48,192.5,285.42,2.849,100.0,settled,1-2-4,0,0,0.0
2026-09-18 03:36:13,20260917,22,10,1-5-6,0.66,320.1,209.76,2.113,100.0,settled,1-2-4,0,0,0.0
2026-09-18 03:36:13,20260917,22,10,1-6-4,0.71,243.4,173.13,1.728,100.0,settled,1-2-4,0,0,0.0
2026-09-18 03:36:13,20260917,22,10,1-6-5,0.34,564.5,192.95,1.919,100.0,settled,1-2-4,0,0,0.0
2026-09-18 03:36:13,20260917,22,11,1-2-5,5.7,21.9,124.92,1.248,100.0,settled,2-1-4,0,0,0.0
2026-09-18 03:36:13,20260917,22,12,1-4-5,6.66,65.6,436.94,4.369,100.0,settled,2-1-3,0,0,0.0
2026-09-18 03:36:13,20260917,22,12,1-4-6,7.61,38.6,293.83,2.937,100.0,settled,2-1-3,0,0,0.0
2026-09-18 03:36:13,20260917,22,12,1-5-3,1.46,104.9,153.48,1.532,100.0,settled,2-1-3,0,0,0.0
2026-09-18 03:36:13,20260917,22,12,1-5-4,2.54,161.2,408.85,4.094,100.0,settled,2-1-3,0,0,0.0
2026-09-18 03:36:13,20260917,22,12,1-5-6,0.97,151.4,146.12,1.469,100.0,settled,2-1-3,0,0,0.0
2026-09-18 03:36:13,20260917,22,12,1-6-4,1.42,120.4,170.97,1.71,100.0,settled,2-1-3,0,0,0.0
2026-09-18 03:36:13,20260917,23,2,1-2-6,3.8,167.4,636.74,6.361,100.0,settled,1-3-2,0,0,0.0
2026-09-18 03:36:13,20260917,23,2,1-3-6,1.98,253.8,503.31,5.025,100.0,settled,1-3-2,0,0,0.0
2026-09-18 03:36:13,20260917,23,2,1-4-6,0.53,370.5,198.03,1.964,100.0,settled,1-3-2,0,0,0.0
2026-09-18 03:36:13,20260917,23,2,1-5-6,1.06,369.4,392.34,3.916,100.0,settled,1-3-2,0,0,0.0
2026-09-18 03:36:13,20260917,23,2,1-6-2,1.12,538.6,603.99,6.032,100.0,settled,1-3-2,0,0,0.0
2026-09-18 03:36:13,20260917,23,2,1-6-3,0.77,947.6,729.18,7.297,100.0,settled,1-3-2,0,0,0.0
2026-09-18 03:36:13,20260917,23,2,1-6-4,0.35,951.3,329.24,3.33,100.0,settled,1-3-2,0,0,0.0
2026-09-18 03:36:13,20260917,23,2,1-6-5,0.7,947.6,665.4,6.633,100.0,settled,1-3-2,0,0,0.0
2026-09-18 03:36:13,20260917,23,3,1-2-6,4.89,56.3,275.05,2.753,100.0,settled,1-2-4,0,0,0.0
2026-09-18 03:36:13,20260917,23,3,1-6-2,2.4,144.7,347.58,3.473,100.0,settled,1-2-4,0,0,0.0
2026-09-18 03:36:13,20260917,23,3,1-6-3,4.24,61.0,258.66,2.586,100.0,settled,1-2-4,0,0,0.0
2026-09-18 03:36:13,20260917,23,4,1-2-6,1.91,52.4,100.1,1.001,100.0,settled,1-2-3,0,0,0.0
2026-09-18 03:36:13,20260917,23,4,1-6-2,0.97,127.7,124.28,1.239,100.0,settled,1-2-3,0,0,0.0
2026-09-18 03:36:13,20260917,23,4,1-6-3,0.86,155.9,133.36,1.341,100.0,settled,1-2-3,0,0,0.0
2026-09-18 03:36:13,20260917,23,5,1-2-6,4.37,79.9,349.39,3.492,100.0,settled,1-2-4,0,0,0.0
2026-09-18 03:36:13,20260917,23,5,1-5-6,3.8,72.2,274.19,2.744,100.0,settled,1-2-4,0,0,0.0
2026-09-18 03:36:13,20260917,23,5,1-6-2,0.9,299.8,269.94,2.698,100.0,settled,1-2-4,0,0,0.0
2026-09-18 03:36:13,20260917,23,5,1-6-4,0.45,271.1,121.94,1.22,100.0,settled,1-2-4,0,0,0.0
2026-09-18 03:36:13,20260917,23,5,1-6-5,1.22,270.7,329.88,3.303,100.0,settled,1-2-4,0,0,0.0
2026-09-18 03:36:13,20260917,23,6,1-3-4,2.3,84.3,194.16,1.939,100.0,settled,1-3-6,0,0,0.0
2026-09-18 03:36:13,20260917,23,6,1-4-2,0.76,159.2,120.72,1.21,100.0,settled,1-3-6,0,0,0.0
2026-09-18 03:36:13,20260917,23,6,1-4-3,1.15,281.6,323.14,3.238,100.0,settled,1-3-6,0,0,0.0
2026-09-18 03:36:13,20260917,23,6,1-4-6,0.61,268.0,162.35,1.635,100.0,settled,1-3-6,0,0,0.0
2026-09-18 03:36:13,20260917,23,6,1-6-4,0.34,491.9,168.57,1.672,100.0,settled,1-3-6,0,0,0.0
2026-09-18 03:36:13,20260917,23,7,1-4-5,1.53,159.4,244.62,2.439,100.0,settled,1-5-4,0,0,0.0
2026-09-18 03:36:13,20260917,23,7,1-4-6,2.18,162.7,354.83,3.547,100.0,settled,1-5-4,0,0,0.0
2026-09-18 03:36:13,20260917,23,7,1-5-4,1.07,177.0,189.78,1.894,100.0,settled,1-5-4,1,17700.0,17700.0
2026-09-18 03:36:13,20260917,23,7,1-5-6,1.06,223.4,236.09,2.368,100.0,settled,1-5-4,0,0,0.0
2026-09-18 03:36:13,20260917,23,7,1-6-2,1.74,120.5,209.65,2.097,100.0,settled,1-5-4,0,0,0.0
2026-09-18 03:36:13,20260917,23,7,1-6-3,0.97,255.8,248.43,2.481,100.0,settled,1-5-4,0,0,0.0
2026-09-18 03:36:13,20260917,23,7,1-6-4,1.01,330.9,335.63,3.342,100.0,settled,1-5-4,0,0,0.0
2026-09-18 03:36:13,20260917,23,7,1-6-5,0.82,419.5,345.29,3.44,100.0,settled,1-5-4,0,0,0.0
2026-09-18 03:36:13,20260917,23,8,1-2-4,1.8,107.4,193.61,1.933,100.0,settled,5-4-6,0,0,0.0
2026-09-18 03:36:13,20260917,23,8,1-2-6,0.35,543.8,188.15,1.903,100.0,settled,5-4-6,0,0,0.0
2026-09-18 03:36:13,20260917,23,8,1-3-2,1.09,201.2,219.33,2.193,100.0,settled,5-4-6,0,0,0.0
2026-09-18 03:36:13,20260917,23,8,1-4-2,4.08,51.9,211.54,2.118,100.0,settled,5-4-6,0,0,0.0
2026-09-18 03:36:13,20260917,23,8,1-4-3,4.43,37.3,165.22,1.652,100.0,settled,5-4-6,0,0,0.0
2026-09-18 03:36:13,20260917,23,8,1-4-6,3.21,115.2,369.67,3.698,100.0,settled,5-4-6,0,0,0.0
2026-09-18 03:36:13,20260917,23,8,1-6-3,0.2,971.1,189.56,1.942,100.0,settled,5-4-6,0,0,0.0
2026-09-18 03:36:13,20260917,23,8,1-6-4,0.7,430.8,303.28,3.016,100.0,settled,5-4-6,0,0,0.0
2026-09-18 03:36:13,20260917,23,9,1-3-5,1.7,193.0,328.85,3.281,100.0,settled,1-3-4,0,0,0.0
2026-09-18 03:36:13,20260917,23,9,1-4-5,1.02,203.9,207.67,2.08,100.0,settled,1-3-4,0,0,0.0
2026-09-18 03:36:13,20260917,23,9,1-5-3,0.55,525.1,288.8,2.888,100.0,settled,1-3-4,0,0,0.0
2026-09-18 03:36:13,20260917,23,9,1-5-4,0.38,600.1,226.84,2.28,100.0,settled,1-3-4,0,0,0.0
2026-09-18 03:36:13,20260917,23,9,1-5-6,0.26,586.7,149.67,1.525,100.0,settled,1-3-4,0,0,0.0
2026-09-18 03:36:13,20260917,23,10,1-6-4,0.4,310.9,125.45,1.244,100.0,settled,1-4-6,0,0,0.0
2026-09-18 03:36:13,20260917,23,11,1-2-4,4.73,21.2,100.21,1.003,100.0,settled,3-6-4,0,0,0.0
2026-09-18 03:36:13,20260917,23,12,1-4-5,4.53,25.0,113.28,1.133,100.0,settled,1-2-3,0,0,0.0
2026-09-18 03:36:13,20260917,23,12,1-5-3,2.73,42.0,114.51,1.147,100.0,settled,1-2-3,0,0,0.0
2026-09-18 03:36:13,20260917,23,12,1-5-4,2.11,50.2,105.98,1.059,100.0,settled,1-2-3,0,0,0.0
2026-09-18 03:36:13,20260917,24,1,1-3-2,7.87,36.5,287.17,2.873,100.0,settled,5-4-2,0,0,0.0
2026-09-18 03:36:13,20260917,24,1,1-3-4,8.55,39.3,336.07,3.36,100.0,settled,5-4-2,0,0,0.0
2026-09-18 03:36:13,20260917,24,1,1-3-6,6.84,279.2,1910.98,19.097,100.0,settled,5-4-2,0,0,0.0
2026-09-18 03:36:13,20260917,24,1,1-4-6,1.98,160.6,318.21,3.18,100.0,settled,5-4-2,0,0,0.0
2026-09-18 03:36:13,20260917,24,1,1-6-2,0.97,444.6,430.11,4.313,100.0,settled,5-4-2,0,0,0.0
2026-09-18 03:36:13,20260917,24,1,1-6-3,3.13,692.1,2163.16,21.663,100.0,settled,5-4-2,0,0,0.0
2026-09-18 03:36:13,20260917,24,1,1-6-4,1.02,466.9,474.98,4.762,100.0,settled,5-4-2,0,0,0.0
2026-09-18 03:36:13,20260917,24,1,1-6-5,1.29,299.5,386.92,3.864,100.0,settled,5-4-2,0,0,0.0
2026-09-18 03:36:13,20260917,24,2,1-2-4,0.85,246.2,210.03,2.093,100.0,settled,5-1-3,0,0,0.0
2026-09-18 03:36:13,20260917,24,2,1-4-2,0.63,406.2,255.74,2.559,100.0,settled,5-1-3,0,0,0.0
2026-09-18 03:36:13,20260917,24,2,1-4-3,0.66,300.9,198.71,1.986,100.0,settled,5-1-3,0,0,0.0
2026-09-18 03:36:13,20260917,24,2,1-4-5,2.68,261.3,699.19,7.003,100.0,settled,5-1-3,0,0,0.0
2026-09-18 03:36:13,20260917,24,2,1-4-6,0.57,635.3,364.22,3.621,100.0,settled,5-1-3,0,0,0.0
2026-09-18 03:36:13,20260917,24,2,1-5-4,5.06,113.5,574.83,5.743,100.0,settled,5-1-3,0,0,0.0
2026-09-18 03:36:13,20260917,24,2,1-5-6,3.62,66.1,239.2,2.393,100.0,settled,5-1-3,0,0,0.0
2026-09-18 03:36:13,20260917,24,2,1-6-5,0.79,258.8,204.71,2.045,100.0,settled,5-1-3,0,0,0.0
2026-09-18 03:36:13,20260917,24,3,1-2-4,2.88,57.2,164.67,1.647,100.0,settled,3-1-5,0,0,0.0
2026-09-18 03:36:13,20260917,24,3,1-2-6,2.87,70.6,202.93,2.026,100.0,settled,3-1-5,0,0,0.0
2026-09-18 03:36:13,20260917,24,3,1-3-2,1.93,67.1,129.45,1.295,100.0,settled,3-1-5,0,0,0.0
2026-09-18 03:36:13,20260917,24,3,1-4-2,5.0,37.5,187.45,1.875,100.0,settled,3-1-5,0,0,0.0
2026-09-18 03:36:13,20260917,24,3,1-4-3,4.66,27.2,126.76,1.268,100.0,settled,3-1-5,0,0,0.0
2026-09-18 03:36:13,20260917,24,3,1-6-2,2.08,124.8,259.55,2.596,100.0,settled,3-1-5,0,0,0.0
2026-09-18 03:36:13,20260917,24,3,1-6-3,1.82,90.3,164.62,1.643,100.0,settled,3-1-5,0,0,0.0
2026-09-18 03:36:13,20260917,24,3,1-6-4,3.93,53.3,209.47,2.095,100.0,settled,3-1-5,0,0,0.0
2026-09-18 03:36:13,20260917,24,4,1-2-4,6.35,23.2,147.32,1.473,100.0,settled,1-3-4,0,0,0.0
2026-09-18 03:36:13,20260917,24,4,1-2-6,1.39,206.7,287.02,2.873,100.0,settled,1-3-4,0,0,0.0
2026-09-18 03:36:13,20260917,24,4,1-3-6,2.48,48.9,121.4,1.213,100.0,settled,1-3-4,0,0,0.0
2026-09-18 03:36:13,20260917,24,4,1-4-2,6.39,20.4,130.35,1.304,100.0,settled,1-3-4,0,0,0.0
2026-09-18 03:36:13,20260917,24,4,1-4-6,3.71,68.8,255.17,2.552,100.0,settled,1-3-4,0,0,0.0
2026-09-18 03:36:13,20260917,24,4,1-6-2,0.37,492.3,183.53,1.822,100.0,settled,1-3-4,0,0,0.0
2026-09-18 03:36:13,20260917,24,4,1-6-3,0.57,300.3,170.03,1.712,100.0,settled,1-3-4,0,0,0.0
2026-09-18 03:36:13,20260917,24,4,1-6-4,0.6,373.8,222.78,2.243,100.0,settled,1-3-4,0,0,0.0
2026-09-18 03:36:13,20260917,24,5,1-3-4,7.4,33.0,244.36,2.442,100.0,settled,2-3-1,0,0,0.0
2026-09-18 03:36:13,20260917,24,5,1-3-6,2.36,95.1,224.22,2.244,100.0,settled,2-3-1,0,0,0.0
2026-09-18 03:36:13,20260917,24,5,1-4-2,2.02,168.2,339.71,3.398,100.0,settled,2-3-1,0,0,0.0
2026-09-18 03:36:13,20260917,24,5,1-4-3,6.75,79.2,534.35,5.346,100.0,settled,2-3-1,0,0,0.0
2026-09-18 03:36:13,20260917,24,5,1-4-5,0.87,277.7,241.57,2.416,100.0,settled,2-3-1,0,0,0.0
2026-09-18 03:36:13,20260917,24,5,1-4-6,2.58,217.3,560.44,5.606,100.0,settled,2-3-1,0,0,0.0
2026-09-18 03:36:13,20260917,24,5,1-6-3,0.78,391.7,304.86,3.055,100.0,settled,2-3-1,0,0,0.0
2026-09-18 03:36:13,20260917,24,5,1-6-4,0.61,654.1,401.62,3.99,100.0,settled,2-3-1,0,0,0.0
2026-09-18 03:36:13,20260917,24,6,1-2-3,16.39,23.7,388.47,3.884,100.0,settled,4-1-5,0,0,0.0
2026-09-18 03:36:13,20260917,24,6,1-2-5,4.36,48.5,211.58,2.115,100.0,settled,4-1-5,0,0,0.0
2026-09-18 03:36:13,20260917,24,6,1-3-2,7.02,62.2,436.72,4.366,100.0,settled,4-1-5,0,0,0.0
2026-09-18 03:36:13,20260917,24,6,1-3-4,5.27,39.5,208.34,2.082,100.0,settled,4-1-5,0,0,0.0
2026-09-18 03:36:13,20260917,24,6,1-3-5,1.37,146.5,201.06,2.007,100.0,settled,4-1-5,0,0,0.0
2026-09-18 03:36:13,20260917,24,6,1-3-6,2.31,141.1,326.04,3.259,100.0,settled,4-1-5,0,0,0.0
2026-09-18 03:36:13,20260917,24,6,1-5-3,0.98,217.4,213.33,2.131,100.0,settled,4-1-5,0,0,0.0
2026-09-18 03:36:13,20260917,24,6,1-6-3,1.39,214.5,297.3,2.982,100.0,settled,4-1-5,0,0,0.0
2026-09-18 03:36:13,20260917,24,7,1-2-6,5.94,83.3,494.55,4.948,100.0,settled,1-2-4,0,0,0.0
2026-09-18 03:36:13,20260917,24,7,1-3-6,10.59,98.5,1043.53,10.431,100.0,settled,1-2-4,0,0,0.0
2026-09-18 03:36:13,20260917,24,7,1-5-6,2.57,107.6,276.7,2.765,100.0,settled,1-2-4,0,0,0.0
2026-09-18 03:36:13,20260917,24,7,1-6-2,4.0,314.5,1258.06,12.58,100.0,settled,1-2-4,0,0,0.0
2026-09-18 03:36:13,20260917,24,7,1-6-3,6.06,353.4,2140.37,21.416,100.0,settled,1-2-4,0,0,0.0
2026-09-18 03:36:13,20260917,24,7,1-6-4,0.87,390.2,340.37,3.395,100.0,settled,1-2-4,0,0,0.0
2026-09-18 03:36:13,20260917,24,7,1-6-5,2.66,277.4,738.08,7.379,100.0,settled,1-2-4,0,0,0.0
2026-09-18 03:36:13,20260917,24,8,1-3-5,5.16,76.2,393.27,3.932,100.0,settled,3-1-6,0,0,0.0
2026-09-18 03:36:13,20260917,24,8,1-4-3,2.61,70.0,182.94,1.827,100.0,settled,3-1-6,0,0,0.0
2026-09-18 03:36:13,20260917,24,8,1-4-5,2.55,162.9,414.92,4.154,100.0,settled,3-1-6,0,0,0.0
2026-09-18 03:36:13,20260917,24,8,1-5-2,2.5,146.8,366.84,3.67,100.0,settled,3-1-6,0,0,0.0
2026-09-18 03:36:13,20260917,24,8,1-5-3,3.73,192.3,716.34,7.173,100.0,settled,3-1-6,0,0,0.0
2026-09-18 03:36:13,20260917,24,8,1-5-4,1.83,343.0,628.1,6.277,100.0,settled,3-1-6,0,0,0.0
2026-09-18 03:36:13,20260917,24,8,1-5-6,4.51,207.8,937.01,9.372,100.0,settled,3-1-6,0,0,0.0
2026-09-18 03:36:13,20260917,24,8,1-6-5,3.07,135.0,414.31,4.144,100.0,settled,3-1-6,0,0,0.0
2026-09-18 03:36:13,20260917,24,9,1-4-3,6.88,22.8,156.8,1.569,100.0,settled,2-4-6,0,0,0.0
2026-09-18 03:36:13,20260917,24,9,1-4-5,6.12,45.5,278.5,2.785,100.0,settled,2-4-6,0,0,0.0
2026-09-18 03:36:13,20260917,24,9,1-4-6,8.26,26.4,218.04,2.181,100.0,settled,2-4-6,0,0,0.0
2026-09-18 03:36:13,20260917,24,9,1-5-4,3.33,62.8,209.33,2.091,100.0,settled,2-4-6,0,0,0.0
2026-09-18 03:36:13,20260917,24,9,1-6-4,3.03,43.5,131.97,1.318,100.0,settled,2-4-6,0,0,0.0
2026-09-18 03:36:13,20260917,24,10,1-2-4,5.25,80.2,421.43,4.21,100.0,settled,6-2-4,0,0,0.0
2026-09-18 03:36:13,20260917,24,10,1-4-2,3.57,159.4,568.58,5.691,100.0,settled,6-2-4,0,0,0.0
2026-09-18 03:36:13,20260917,24,10,1-4-3,4.19,95.9,402.28,4.018,100.0,settled,6-2-4,0,0,0.0
2026-09-18 03:36:13,20260917,24,10,1-4-5,2.07,205.1,424.27,4.246,100.0,settled,6-2-4,0,0,0.0
2026-09-18 03:36:13,20260917,24,10,1-4-6,7.93,123.8,982.3,9.817,100.0,settled,6-2-4,0,0,0.0
2026-09-18 03:36:13,20260917,24,10,1-5-4,1.25,291.5,363.18,3.644,100.0,settled,6-2-4,0,0,0.0
2026-09-18 03:36:13,20260917,24,10,1-6-2,4.42,96.5,426.76,4.265,100.0,settled,6-2-4,0,0,0.0
2026-09-18 03:36:13,20260917,24,10,1-6-4,4.83,161.6,780.64,7.805,100.0,settled,6-2-4,0,0,0.0
2026-09-18 03:36:13,20260917,24,11,1-2-4,3.34,42.3,141.39,1.413,100.0,settled,1-3-5,0,0,0.0
2026-09-18 03:36:13,20260917,24,11,1-2-6,2.26,59.4,134.07,1.342,100.0,settled,1-3-5,0,0,0.0
2026-09-18 03:36:13,20260917,24,11,1-4-2,4.29,55.9,239.95,2.398,100.0,settled,1-3-5,0,0,0.0
2026-09-18 03:36:13,20260917,24,11,1-4-3,7.73,29.0,224.24,2.242,100.0,settled,1-3-5,0,0,0.0
2026-09-18 03:36:13,20260917,24,11,1-4-6,11.93,27.4,326.95,3.269,100.0,settled,1-3-5,0,0,0.0
2026-09-18 03:36:13,20260917,24,11,1-6-2,1.52,102.5,156.08,1.558,100.0,settled,1-3-5,0,0,0.0
2026-09-18 03:36:13,20260917,24,11,1-6-3,2.5,56.2,140.68,1.405,100.0,settled,1-3-5,0,0,0.0
2026-09-18 03:36:13,20260917,24,11,1-6-4,4.29,73.6,316.11,3.157,100.0,settled,1-3-5,0,0,0.0
2026-09-18 03:36:13,20260917,24,12,1-2-5,6.12,22.9,140.07,1.401,100.0,settled,1-3-4,0,0,0.0
2026-09-18 03:36:13,20260917,24,12,1-4-2,9.45,20.0,188.93,1.89,100.0,settled,1-3-4,0,0,0.0
2026-09-18 03:36:13,20260917,24,12,1-4-5,4.77,22.5,107.23,1.073,100.0,settled,1-3-4,0,0,0.0
2026-09-18 03:36:13,20260917,24,12,1-5-2,2.6,42.0,109.34,1.092,100.0,settled,1-3-4,0,0,0.0
2026-09-18 03:36:13,20260917,24,12,1-5-4,2.5,44.2,110.45,1.105,100.0,settled,1-3-4,0,0,0.0
2026-09-19 02:57:05,20260918,2,1,1-2-6,0.55,507.8,277.41,2.793,100.0,settled,3-1-4,0,0,0.0
2026-09-19 02:57:05,20260918,2,1,1-3-6,1.23,438.0,538.52,5.387,100.0,settled,3-1-4,0,0,0.0
2026-09-19 02:57:05,20260918,2,1,1-5-2,1.24,102.2,126.75,1.267,100.0,settled,3-1-4,0,0,0.0
2026-09-19 02:57:05,20260918,2,1,1-5-3,2.18,70.0,152.43,1.526,100.0,settled,3-1-4,0,0,0.0
2026-09-19 02:57:05,20260918,2,1,1-5-6,0.71,808.4,573.48,5.74,100.0,settled,3-1-4,0,0,0.0
2026-09-19 02:57:05,20260918,2,1,1-6-2,0.28,1035.0,287.83,2.898,100.0,settled,3-1-4,0,0,0.0
2026-09-19 02:57:05,20260918,2,1,1-6-3,0.49,973.0,472.29,4.768,100.0,settled,3-1-4,0,0,0.0
2026-09-19 02:57:05,20260918,2,1,1-6-5,0.43,1413.0,611.41,6.076,100.0,settled,3-1-4,0,0,0.0
2026-09-19 02:57:05,20260918,2,2,1-2-6,6.02,33.1,199.18,1.993,100.0,settled,1-2-3,0,0,0.0
2026-09-19 02:57:05,20260918,2,2,1-3-6,0.96,208.3,200.86,2.0,100.0,settled,1-2-3,0,0,0.0
2026-09-19 02:57:05,20260918,2,2,1-4-6,0.92,270.9,250.12,2.492,100.0,settled,1-2-3,0,0,0.0
2026-09-19 02:57:05,20260918,2,2,1-5-6,1.67,112.9,188.76,1.885,100.0,settled,1-2-3,0,0,0.0
2026-09-19 02:57:05,20260918,2,2,1-6-2,1.25,143.9,180.19,1.799,100.0,settled,1-2-3,0,0,0.0
2026-09-19 02:57:05,20260918,2,2,1-6-3,0.44,420.6,184.52,1.851,100.0,settled,1-2-3,0,0,0.0
2026-09-19 02:57:05,20260918,2,2,1-6-4,0.42,377.5,156.81,1.585,100.0,settled,1-2-3,0,0,0.0
2026-09-19 02:57:05,20260918,2,2,1-6-5,0.84,230.9,193.61,1.94,100.0,settled,1-2-3,0,0,0.0
2026-09-19 02:57:05,20260918,2,3,1-2-5,1.66,125.7,208.15,2.087,100.0,settled,2-3-1,0,0,0.0
2026-09-19 02:57:05,20260918,2,3,1-5-2,0.73,223.0,162.21,1.628,100.0,settled,2-3-1,0,0,0.0
2026-09-19 02:57:05,20260918,2,3,1-5-3,0.72,189.0,136.74,1.361,100.0,settled,2-3-1,0,0,0.0
2026-09-19 02:57:05,20260918,2,3,1-5-6,0.35,313.0,108.74,1.095,100.0,settled,2-3-1,0,0,0.0
2026-09-19 02:57:05,20260918,2,4,1-2-6,2.59,115.8,300.29,2.999,100.0,settled,1-2-4,0,0,0.0
2026-09-19 02:57:05,20260918,2,4,1-3-6,1.67,177.9,296.92,2.971,100.0,settled,1-2-4,0,0,0.0
2026-09-19 02:57:05,20260918,2,4,1-4-6,0.67,267.0,177.82,1.789,100.0,settled,1-2-4,0,0,0.0
2026-09-19 02:57:05,20260918,2,4,1-5-6,1.02,180.8,185.3,1.844,100.0,settled,1-2-4,0,0,0.0
2026-09-19 02:57:05,20260918,2,4,1-6-2,1.13,494.6,556.82,5.589,100.0,settled,1-2-4,0,0,0.0
2026-09-19 02:57:05,20260918,2,4,1-6-3,0.88,663.6,581.11,5.84,100.0,settled,1-2-4,0,0,0.0
2026-09-19 02:57:05,20260918,2,4,1-6-4,0.45,803.0,361.91,3.614,100.0,settled,1-2-4,0,0,0.0
2026-09-19 02:57:05,20260918,2,4,1-6-5,0.94,721.2,679.95,6.779,100.0,settled,1-2-4,0,0,0.0
2026-09-19 02:57:05,20260918,2,5,1-4-2,6.27,20.8,130.4,1.304,100.0,settled,4-1-5,0,0,0.0
2026-09-19 02:57:05,20260918,2,5,1-4-6,4.63,33.0,152.85,1.528,100.0,settled,4-1-5,0,0,0.0
2026-09-19 02:57:05,20260918,2,6,1-6-2,0.42,292.2,123.28,1.227,100.0,settled,3-4-6,0,0,0.0
2026-09-19 02:57:05,20260918,2,6,1-6-3,0.89,145.4,129.54,1.294,100.0,settled,3-4-6,0,0,0.0
2026-09-19 02:57:05,20260918,2,6,1-6-4,0.88,135.7,118.78,1.194,100.0,settled,3-4-6,0,0,0.0
2026-09-19 02:57:05,20260918,2,7,1-2-6,1.74,456.3,793.41,7.94,100.0,settled,1-2-5,0,0,0.0
2026-09-19 02:57:05,20260918,2,7,1-3-6,1.28,333.1,427.67,4.264,100.0,settled,1-2-5,0,0,0.0
2026-09-19 02:57:05,20260918,2,7,1-4-6,1.55,322.5,499.36,4.999,100.0,settled,1-2-5,0,0,0.0
2026-09-19 02:57:05,20260918,2,7,1-6-2,0.46,930.2,431.43,4.279,100.0,settled,1-2-5,0,0,0.0
2026-09-19 02:57:05,20260918,2,7,1-6-3,0.42,904.0,379.5,3.797,100.0,settled,1-2-5,0,0,0.0
2026-09-19 02:57:05,20260918,2,7,1-6-4,0.34,887.3,306.12,3.017,100.0,settled,1-2-5,0,0,0.0
2026-09-19 02:57:05,20260918,2,7,1-6-5,0.13,1046.0,139.01,1.36,100.0,settled,1-2-5,0,0,0.0
2026-09-19 02:57:05,20260918,2,9,1-3-4,1.41,71.6,101.16,1.01,100.0,settled,2-6-3,0,0,0.0
2026-09-19 02:57:05,20260918,2,9,1-3-6,1.77,78.3,138.43,1.386,100.0,settled,2-6-3,0,0,0.0
2026-09-19 02:57:05,20260918,2,9,1-4-3,1.6,91.6,146.19,1.466,100.0,settled,2-6-3,0,0,0.0
2026-09-19 02:57:05,20260918,2,9,1-4-5,0.71,176.3,125.31,1.252,100.0,settled,2-6-3,0,0,0.0
2026-09-19 02:57:05,20260918,2,9,1-4-6,2.23,69.7,155.65,1.554,100.0,settled,2-6-3,0,0,0.0
2026-09-19 02:57:05,20260918,2,9,1-6-3,1.1,134.4,147.58,1.478,100.0,settled,2-6-3,0,0,0.0
2026-09-19 02:57:05,20260918,2,9,1-6-4,1.27,112.5,143.14,1.429,100.0,settled,2-6-3,0,0,0.0
2026-09-19 02:57:05,20260918,2,9,1-6-5,0.59,220.5,129.37,1.301,100.0,settled,2-6-3,0,0,0.0
2026-09-19 02:57:05,20260918,2,10,1-2-5,1.86,69.6,129.48,1.295,100.0,settled,6-3-4,0,0,0.0
2026-09-19 02:57:05,20260918,2,10,1-3-2,5.43,22.2,120.51,1.205,100.0,settled,6-3-4,0,0,0.0
2026-09-19 02:57:05,20260918,2,10,1-4-5,2.9,44.1,128.05,1.279,100.0,settled,6-3-4,0,0,0.0
2026-09-19 02:57:05,20260918,2,10,1-5-2,0.97,118.1,114.34,1.146,100.0,settled,6-3-4,0,0,0.0
2026-09-19 02:57:05,20260918,2,10,1-5-3,0.97,132.7,128.79,1.287,100.0,settled,6-3-4,0,0,0.0
2026-09-19 02:57:05,20260918,2,10,1-5-4,1.22,97.3,118.58,1.187,100.0,settled,6-3-4,0,0,0.0
2026-09-19 02:57:05,20260918,2,11,1-2-4,4.27,43.3,184.76,1.849,100.0,settled,1-5-3,0,0,0.0
2026-09-19 02:57:05,20260918,2,11,1-2-6,3.05,55.6,169.42,1.696,100.0,settled,1-5-3,0,0,0.0
2026-09-19 02:57:05,20260918,2,11,1-4-2,1.78,141.8,252.19,2.524,100.0,settled,1-5-3,0,0,0.0
2026-09-19 02:57:05,20260918,2,11,1-4-5,1.1,218.2,239.28,2.4,100.0,settled,1-5-3,0,0,0.0
2026-09-19 02:57:05,20260918,2,11,1-4-6,0.78,347.6,270.61,2.711,100.0,settled,1-5-3,0,0,0.0
2026-09-19 02:57:05,20260918,2,11,1-5-4,1.1,159.8,175.28,1.758,100.0,settled,1-5-3,0,0,0.0
2026-09-19 02:57:05,20260918,2,11,1-6-2,0.65,287.8,185.77,1.871,100.0,settled,1-5-3,0,0,0.0
2026-09-19 02:57:05,20260918,2,11,1-6-4,0.31,557.7,173.72,1.729,100.0,settled,1-5-3,0,0,0.0
2026-09-19 02:57:05,20260918,2,12,1-3-4,5.88,26.9,158.07,1.582,100.0,settled,3-5-2,0,0,0.0
2026-09-19 02:57:05,20260918,2,12,1-3-6,2.12,51.7,109.35,1.096,100.0,settled,3-5-2,0,0,0.0
2026-09-19 02:57:05,20260918,2,12,1-4-2,3.2,35.3,112.92,1.13,100.0,settled,3-5-2,0,0,0.0
2026-09-19 02:57:05,20260918,2,12,1-4-3,3.56,49.0,174.4,1.744,100.0,settled,3-5-2,0,0,0.0
2026-09-19 02:57:05,20260918,2,12,1-4-6,1.47,89.8,131.65,1.32,100.0,settled,3-5-2,0,0,0.0
2026-09-19 02:57:05,20260918,2,12,1-6-4,0.52,233.1,120.23,1.212,100.0,settled,3-5-2,0,0,0.0
2026-09-19 02:57:05,20260918,3,1,1-2-6,1.37,139.6,191.53,1.913,100.0,settled,3-4-5,0,0,0.0
2026-09-19 02:57:05,20260918,3,1,1-3-6,1.96,66.5,130.21,1.303,100.0,settled,3-4-5,0,0,0.0
2026-09-19 02:57:05,20260918,3,1,1-6-2,0.64,325.6,206.95,2.084,100.0,settled,3-4-5,0,0,0.0
2026-09-19 02:57:05,20260918,3,1,1-6-3,0.8,215.8,172.08,1.726,100.0,settled,3-4-5,0,0,0.0
2026-09-19 02:57:05,20260918,3,1,1-6-4,0.47,304.5,143.45,1.431,100.0,settled,3-4-5,0,0,0.0
2026-09-19 02:57:05,20260918,3,1,1-6-5,0.49,361.9,177.55,1.773,100.0,settled,3-4-5,0,0,0.0
2026-09-19 02:57:05,20260918,3,3,1-6-5,1.22,90.3,109.89,1.102,100.0,settled,1-4-3,0,0,0.0
2026-09-19 02:57:05,20260918,3,5,1-2-3,3.14,34.8,109.2,1.093,100.0,settled,4-3-1,0,0,0.0
2026-09-19 02:57:05,20260918,3,5,1-2-5,1.79,57.0,102.1,1.02,100.0,settled,4-3-1,0,0,0.0
2026-09-19 02:57:05,20260918,3,5,1-3-2,4.89,29.5,144.28,1.443,100.0,settled,4-3-1,0,0,0.0
2026-09-19 02:57:05,20260918,3,5,1-3-5,4.72,22.8,107.52,1.076,100.0,settled,4-3-1,0,0,0.0
2026-09-19 02:57:05,20260918,3,5,1-5-2,1.4,86.6,121.39,1.212,100.0,settled,4-3-1,0,0,0.0
2026-09-19 02:57:05,20260918,3,5,1-5-3,2.63,47.4,124.65,1.247,100.0,settled,4-3-1,0,0,0.0
2026-09-19 02:57:05,20260918,3,6,1-2-5,1.04,115.4,119.49,1.2,100.0,settled,4-2-1,0,0,0.0
2026-09-19 02:57:05,20260918,3,6,1-4-5,1.53,105.1,161.06,1.608,100.0,settled,4-2-1,0,0,0.0
2026-09-19 02:57:05,20260918,3,6,1-5-2,0.49,325.1,159.66,1.593,100.0,settled,4-2-1,0,0,0.0
2026-09-19 02:57:05,20260918,3,6,1-5-4,0.54,322.3,174.78,1.74,100.0,settled,4-2-1,0,0,0.0
2026-09-19 02:57:05,20260918,3,7,1-2-5,1.38,93.7,129.28,1.293,100.0,settled,1-6-4,0,0,0.0
2026-09-19 02:57:05,20260918,3,7,1-3-2,5.18,24.1,124.92,1.248,100.0,settled,1-6-4,0,0,0.0
2026-09-19 02:57:05,20260918,3,7,1-5-2,0.8,192.9,154.98,1.543,100.0,settled,1-6-4,0,0,0.0
2026-09-19 02:57:05,20260918,3,7,1-5-3,0.74,182.7,135.97,1.352,100.0,settled,1-6-4,0,0,0.0
2026-09-19 02:57:05,20260918,3,7,1-5-6,1.42,123.4,175.59,1.752,100.0,settled,1-6-4,0,0,0.0
2026-09-19 02:57:05,20260918,3,7,1-6-5,2.36,68.1,160.84,1.607,100.0,settled,1-6-4,0,0,0.0
2026-09-19 02:57:05,20260918,3,8,1-2-6,2.09,121.9,254.78,2.548,100.0,settled,1-4-2,0,0,0.0
2026-09-19 02:57:05,20260918,3,8,1-3-6,3.57,95.5,340.6,3.409,100.0,settled,1-4-2,0,0,0.0
2026-09-19 02:57:05,20260918,3,8,1-5-2,1.23,125.8,154.46,1.547,100.0,settled,1-4-2,0,0,0.0
2026-09-19 02:57:05,20260918,3,8,1-5-3,2.26,115.4,261.14,2.608,100.0,settled,1-4-2,0,0,0.0
2026-09-19 02:57:05,20260918,3,8,1-5-6,0.62,266.9,164.17,1.655,100.0,settled,1-4-2,0,0,0.0
2026-09-19 02:57:05,20260918,3,8,1-6-2,1.02,309.2,316.4,3.154,100.0,settled,1-4-2,0,0,0.0
2026-09-19 02:57:05,20260918,3,8,1-6-3,1.62,239.6,388.32,3.882,100.0,settled,1-4-2,0,0,0.0
2026-09-19 02:57:05,20260918,3,8,1-6-5,0.55,402.2,221.65,2.212,100.0,settled,1-4-2,0,0,0.0
2026-09-19 02:57:05,20260918,3,9,1-2-5,4.12,36.4,149.88,1.5,100.0,settled,1-4-2,0,0,0.0
2026-09-19 02:57:05,20260918,3,9,1-5-2,2.18,84.0,183.26,1.831,100.0,settled,1-4-2,0,0,0.0
2026-09-19 02:57:05,20260918,3,9,1-5-3,1.03,128.9,132.44,1.328,100.0,settled,1-4-2,0,0,0.0
2026-09-19 02:57:05,20260918,3,9,1-5-4,2.79,63.5,177.1,1.772,100.0,settled,1-4-2,0,0,0.0
2026-09-19 02:57:05,20260918,3,10,1-2-3,6.28,22.5,141.2,1.413,100.0,settled,4-6-1,0,0,0.0
2026-09-19 02:57:05,20260918,3,10,1-2-5,2.28,139.6,318.72,3.183,100.0,settled,4-6-1,0,0,0.0
2026-09-19 02:57:05,20260918,3,10,1-3-2,3.25,45.6,148.04,1.482,100.0,settled,4-6-1,0,0,0.0
2026-09-19 02:57:05,20260918,3,10,1-5-2,0.68,341.3,231.61,2.321,100.0,settled,4-6-1,0,0,0.0
2026-09-19 02:57:05,20260918,3,10,1-5-3,0.26,651.0,166.46,1.693,100.0,settled,4-6-1,0,0,0.0
2026-09-19 02:57:05,20260918,3,10,1-5-6,0.73,359.9,260.93,2.627,100.0,settled,4-6-1,0,0,0.0
2026-09-19 02:57:05,20260918,3,10,1-6-3,2.06,67.0,138.14,1.38,100.0,settled,4-6-1,0,0,0.0
2026-09-19 02:57:05,20260918,3,10,1-6-5,1.12,240.7,269.99,2.696,100.0,settled,4-6-1,0,0,0.0
2026-09-19 02:57:05,20260918,3,11,1-6-2,4.1,27.3,111.88,1.119,100.0,settled,6-5-1,0,0,0.0
2026-09-19 02:57:05,20260918,3,12,1-2-6,5.24,35.8,187.53,1.876,100.0,settled,1-3-2,0,0,0.0
2026-09-19 02:57:05,20260918,3,12,1-4-6,3.58,41.6,148.85,1.489,100.0,settled,1-3-2,0,0,0.0
2026-09-19 02:57:05,20260918,3,12,1-5-3,3.41,39.5,134.81,1.347,100.0,settled,1-3-2,0,0,0.0
2026-09-19 02:57:05,20260918,3,12,1-5-6,4.25,57.6,244.66,2.448,100.0,settled,1-3-2,0,0,0.0
2026-09-19 02:57:05,20260918,3,12,1-6-2,1.94,89.7,173.94,1.74,100.0,settled,1-3-2,0,0,0.0
2026-09-19 02:57:05,20260918,3,12,1-6-3,1.76,92.8,163.43,1.633,100.0,settled,1-3-2,0,0,0.0
2026-09-19 02:57:05,20260918,3,12,1-6-4,1.88,116.5,219.22,2.19,100.0,settled,1-3-2,0,0,0.0
2026-09-19 02:57:05,20260918,3,12,1-6-5,2.12,102.9,218.27,2.181,100.0,settled,1-3-2,0,0,0.0
2026-09-19 02:57:05,20260918,4,1,1-2-3,4.86,28.1,136.58,1.366,100.0,settled,3-5-4,0,0,0.0
2026-09-19 02:57:05,20260918,4,1,1-2-6,2.89,236.0,683.05,6.82,100.0,settled,3-5-4,0,0,0.0
2026-09-19 02:57:05,20260918,4,1,1-3-2,4.67,30.1,140.55,1.406,100.0,settled,3-5-4,0,0,0.0
2026-09-19 02:57:05,20260918,4,1,1-3-6,1.72,217.3,374.43,3.738,100.0,settled,3-5-4,0,0,0.0
2026-09-19 02:57:05,20260918,4,1,1-6-2,1.34,497.9,664.75,6.672,100.0,settled,3-5-4,0,0,0.0
2026-09-19 02:57:05,20260918,4,1,1-6-3,1.11,600.2,668.08,6.662,100.0,settled,3-5-4,0,0,0.0
2026-09-19 02:57:05,20260918,4,1,1-6-4,0.15,676.3,104.08,1.014,100.0,settled,3-5-4,0,0,0.0
2026-09-19 02:57:05,20260918,4,1,1-6-5,0.67,282.3,190.1,1.891,100.0,settled,3-5-4,0,0,0.0
2026-09-19 02:57:05,20260918,4,2,1-2-3,11.38,37.8,430.31,4.302,100.0,settled,1-6-3,0,0,0.0
2026-09-19 02:57:05,20260918,4,2,1-2-4,5.74,60.0,344.45,3.444,100.0,settled,1-6-3,0,0,0.0
2026-09-19 02:57:05,20260918,4,2,1-2-5,1.69,104.3,176.62,1.763,100.0,settled,1-6-3,0,0,0.0
2026-09-19 02:57:05,20260918,4,2,1-2-6,7.27,27.6,200.51,2.007,100.0,settled,1-6-3,0,0,0.0
2026-09-19 02:57:05,20260918,4,2,1-3-2,11.97,30.0,359.22,3.591,100.0,settled,1-6-3,0,0,0.0
2026-09-19 02:57:05,20260918,4,2,1-4-2,3.55,79.6,282.22,2.826,100.0,settled,1-6-3,0,0,0.0
2026-09-19 02:57:05,20260918,4,2,1-4-3,2.5,55.4,138.54,1.385,100.0,settled,1-6-3,0,0,0.0
2026-09-19 02:57:05,20260918,4,3,1-3-2,3.16,31.7,100.17,1.002,100.0,settled,3-5-1,0,0,0.0
2026-09-19 02:57:05,20260918,4,3,1-3-5,4.08,32.7,133.43,1.334,100.0,settled,3-5-1,0,0,0.0
2026-09-19 02:57:05,20260918,4,3,1-3-6,2.99,59.4,177.54,1.776,100.0,settled,3-5-1,0,0,0.0
2026-09-19 02:57:05,20260918,4,3,1-5-3,2.12,94.7,200.86,2.008,100.0,settled,3-5-1,0,0,0.0
2026-09-19 02:57:05,20260918,4,3,1-5-6,0.86,280.4,240.86,2.411,100.0,settled,3-5-1,0,0,0.0
2026-09-19 02:57:05,20260918,4,3,1-6-3,0.96,200.1,192.6,1.921,100.0,settled,3-5-1,0,0,0.0
2026-09-19 02:57:05,20260918,4,3,1-6-5,0.45,374.5,166.69,1.685,100.0,settled,3-5-1,0,0,0.0
2026-09-19 02:57:05,20260918,4,4,1-2-3,4.58,72.0,329.77,3.298,100.0,settled,5-4-2,0,0,0.0
2026-09-19 02:57:05,20260918,4,4,1-2-4,1.53,139.3,213.62,2.131,100.0,settled,5-4-2,0,0,0.0
2026-09-19 02:57:05,20260918,4,4,1-2-6,3.26,121.4,395.69,3.958,100.0,settled,5-4-2,0,0,0.0
2026-09-19 02:57:05,20260918,4,4,1-3-2,6.09,42.7,260.12,2.6,100.0,settled,5-4-2,0,0,0.0
2026-09-19 02:57:05,20260918,4,4,1-4-2,1.42,92.0,130.58,1.306,100.0,settled,5-4-2,0,0,0.0
2026-09-19 02:57:05,20260918,4,4,1-6-2,2.38,51.7,123.14,1.23,100.0,settled,5-4-2,0,0,0.0
2026-09-19 02:57:05,20260918,4,8,1-2-5,0.64,206.0,131.86,1.318,100.0,settled,1-4-3,0,0,0.0
2026-09-19 02:57:05,20260918,4,8,1-4-5,1.34,300.2,401.64,4.023,100.0,settled,1-4-3,0,0,0.0
2026-09-19 02:57:05,20260918,4,8,1-5-2,0.34,389.2,130.85,1.323,100.0,settled,1-4-3,0,0,0.0
2026-09-19 02:57:05,20260918,4,8,1-5-4,0.49,604.2,298.9,2.961,100.0,settled,1-4-3,0,0,0.0
2026-09-19 02:57:05,20260918,4,9,1-2-5,5.31,24.5,130.06,1.301,100.0,settled,1-3-6,0,0,0.0
2026-09-19 02:57:05,20260918,4,9,1-2-6,2.62,48.8,127.67,1.279,100.0,settled,1-3-6,0,0,0.0
2026-09-19 02:57:05,20260918,4,9,1-5-2,3.68,31.2,114.66,1.148,100.0,settled,1-3-6,0,0,0.0
2026-09-19 02:57:05,20260918,4,9,1-5-6,2.67,37.7,100.81,1.007,100.0,settled,1-3-6,0,0,0.0
2026-09-19 02:57:05,20260918,4,10,1-3-5,5.74,28.7,164.78,1.647,100.0,settled,1-2-3,0,0,0.0
2026-09-19 02:57:05,20260918,4,10,1-4-3,5.24,24.3,127.23,1.273,100.0,settled,1-2-3,0,0,0.0
2026-09-19 02:57:05,20260918,4,10,1-4-5,6.82,39.9,271.97,2.721,100.0,settled,1-2-3,0,0,0.0
2026-09-19 02:57:05,20260918,4,10,1-5-2,3.15,47.4,149.15,1.493,100.0,settled,1-2-3,0,0,0.0
2026-09-19 02:57:05,20260918,4,10,1-5-3,5.24,76.8,402.18,4.024,100.0,settled,1-2-3,0,0,0.0
2026-09-19 02:57:05,20260918,4,10,1-5-4,4.98,52.8,262.88,2.629,100.0,settled,1-2-3,0,0,0.0
2026-09-19 02:57:05,20260918,4,11,1-2-5,5.59,21.5,120.19,1.202,100.0,settled,1-5-3,0,0,0.0
2026-09-19 02:57:05,20260918,4,11,1-2-6,6.52,33.9,221.1,2.21,100.0,settled,1-5-3,0,0,0.0
2026-09-19 02:57:05,20260918,4,11,1-4-3,5.01,23.4,117.15,1.172,100.0,settled,1-5-3,0,0,0.0
2026-09-19 02:57:05,20260918,4,11,1-4-5,3.94,31.7,125.0,1.249,100.0,settled,1-5-3,0,0,0.0
2026-09-19 02:57:05,20260918,4,11,1-4-6,4.52,40.8,184.5,1.844,100.0,settled,1-5-3,0,0,0.0
2026-09-19 02:57:05,20260918,4,11,1-6-2,1.35,114.6,154.8,1.547,100.0,settled,1-5-3,0,0,0.0
2026-09-19 02:57:05,20260918,4,11,1-6-3,0.67,168.8,112.54,1.131,100.0,settled,1-5-3,0,0,0.0
2026-09-19 02:57:05,20260918,4,11,1-6-4,1.15,125.5,144.63,1.443,100.0,settled,1-5-3,0,0,0.0
2026-09-19 02:57:05,20260918,4,12,1-4-2,7.31,24.7,180.62,1.806,100.0,settled,1-5-3,0,0,0.0
2026-09-19 02:57:05,20260918,4,12,1-4-5,4.91,40.1,196.72,1.969,100.0,settled,1-5-3,0,0,0.0
2026-09-19 02:57:05,20260918,4,12,1-5-2,6.61,35.6,235.3,2.353,100.0,settled,1-5-3,0,0,0.0
2026-09-19 02:57:05,20260918,4,12,1-5-3,2.48,42.1,104.22,1.044,100.0,settled,1-5-3,1,4210.0,4210.0
2026-09-19 02:57:05,20260918,4,12,1-5-4,3.66,59.4,217.61,2.174,100.0,settled,1-5-3,0,0,0.0
2026-09-19 02:57:05,20260918,5,1,1-2-6,3.99,68.1,271.67,2.717,100.0,settled,2-1-4,0,0,0.0
2026-09-19 02:57:05,20260918,5,1,1-3-6,2.14,67.2,144.04,1.438,100.0,settled,2-1-4,0,0,0.0
2026-09-19 02:57:05,20260918,5,1,1-4-6,2.75,102.6,282.11,2.821,100.0,settled,2-1-4,0,0,0.0
2026-09-19 02:57:05,20260918,5,1,1-5-6,2.45,69.8,171.23,1.71,100.0,settled,2-1-4,0,0,0.0
2026-09-19 02:57:05,20260918,5,1,1-6-2,1.52,218.8,332.62,3.326,100.0,settled,2-1-4,0,0,0.0
2026-09-19 02:57:05,20260918,5,1,1-6-3,0.99,235.4,234.06,2.33,100.0,settled,2-1-4,0,0,0.0
2026-09-19 02:57:05,20260918,5,1,1-6-4,1.45,259.6,376.65,3.764,100.0,settled,2-1-4,0,0,0.0
2026-09-19 02:57:05,20260918,5,1,1-6-5,1.45,202.4,292.91,2.935,100.0,settled,2-1-4,0,0,0.0
2026-09-19 02:57:05,20260918,5,2,1-2-6,3.91,46.8,183.21,1.83,100.0,settled,4-3-1,0,0,0.0
2026-09-19 02:57:05,20260918,5,2,1-4-2,4.27,24.5,104.67,1.046,100.0,settled,4-3-1,0,0,0.0
2026-09-19 02:57:05,20260918,5,2,1-4-6,3.41,35.7,121.63,1.217,100.0,settled,4-3-1,0,0,0.0
2026-09-19 02:57:05,20260918,5,2,1-6-2,1.7,129.4,220.56,2.2,100.0,settled,4-3-1,0,0,0.0
2026-09-19 02:57:05,20260918,5,2,1-6-3,1.24,108.5,134.81,1.345,100.0,settled,4-3-1,0,0,0.0
2026-09-19 02:57:05,20260918,5,2,1-6-4,1.82,108.9,198.24,1.982,100.0,settled,4-3-1,0,0,0.0
2026-09-19 02:57:05,20260918,5,3,1-3-2,3.27,31.8,103.98,1.04,100.0,settled,2-3-4,0,0,0.0
2026-09-19 02:57:05,20260918,5,3,1-4-3,4.14,39.7,164.29,1.644,100.0,settled,2-3-4,0,0,0.0
2026-09-19 02:57:05,20260918,5,3,1-6-4,0.85,119.8,101.75,1.018,100.0,settled,2-3-4,0,0,0.0
2026-09-19 02:57:05,20260918,5,4,1-2-6,2.35,50.4,118.49,1.184,100.0,settled,5-2-6,0,0,0.0
2026-09-19 02:57:05,20260918,5,4,1-4-2,4.16,34.6,144.09,1.439,100.0,settled,5-2-6,0,0,0.0
2026-09-19 02:57:05,20260918,5,4,1-4-5,3.06,50.5,154.32,1.545,100.0,settled,5-2-6,0,0,0.0
2026-09-19 02:57:05,20260918,5,4,1-5-2,5.01,24.9,124.71,1.247,100.0,settled,5-2-6,0,0,0.0
2026-09-19 02:57:05,20260918,5,4,1-5-4,2.42,58.6,141.77,1.418,100.0,settled,5-2-6,0,0,0.0
2026-09-19 02:57:05,20260918,5,5,1-3-6,9.27,23.9,221.45,2.216,100.0,settled,1-3-2,0,0,0.0
2026-09-19 02:57:05,20260918,5,5,1-4-6,1.68,60.0,100.6,1.008,100.0,settled,1-3-2,0,0,0.0
2026-09-19 02:57:05,20260918,5,5,1-5-6,5.11,24.2,123.65,1.237,100.0,settled,1-3-2,0,0,0.0
2026-09-19 02:57:05,20260918,5,5,1-6-2,2.2,72.0,158.67,1.584,100.0,settled,1-3-2,0,0,0.0
2026-09-19 02:57:05,20260918,5,5,1-6-3,4.7,71.8,337.32,3.375,100.0,settled,1-3-2,0,0,0.0
2026-09-19 02:57:05,20260918,5,5,1-6-4,1.6,120.4,193.17,1.926,100.0,settled,1-3-2,0,0,0.0
2026-09-19 02:57:05,20260918,5,5,1-6-5,3.13,73.9,231.06,2.313,100.0,settled,1-3-2,0,0,0.0
2026-09-19 02:57:05,20260918,5,6,1-2-3,10.64,26.5,282.0,2.82,100.0,settled,3-4-1,0,0,0.0
2026-09-19 02:57:05,20260918,5,6,1-2-4,7.84,25.2,197.47,1.976,100.0,settled,3-4-1,0,0,0.0
2026-09-19 02:57:05,20260918,5,6,1-2-6,2.41,137.8,331.91,3.321,100.0,settled,3-4-1,0,0,0.0
2026-09-19 02:57:05,20260918,5,6,1-3-2,7.97,25.5,203.32,2.032,100.0,settled,3-4-1,0,0,0.0
2026-09-19 02:57:05,20260918,5,6,1-3-6,2.52,97.2,244.72,2.449,100.0,settled,3-4-1,0,0,0.0
2026-09-19 02:57:05,20260918,5,6,1-4-6,2.71,81.0,219.49,2.195,100.0,settled,3-4-1,0,0,0.0
2026-09-19 02:57:05,20260918,5,6,1-6-2,0.67,321.6,214.54,2.155,100.0,settled,3-4-1,0,0,0.0
2026-09-19 02:57:05,20260918,5,6,1-6-3,0.67,358.9,241.25,2.405,100.0,settled,3-4-1,0,0,0.0
2026-09-19 02:57:05,20260918,5,7,1-4-3,3.56,31.4,111.83,1.118,100.0,settled,4-1-3,0,0,0.0
2026-09-19 02:57:05,20260918,5,7,1-4-5,3.54,35.0,123.83,1.239,100.0,settled,4-1-3,0,0,0.0
2026-09-19 02:57:05,20260918,5,7,1-5-2,2.88,52.2,150.25,1.503,100.0,settled,4-1-3,0,0,0.0
2026-09-19 02:57:05,20260918,5,7,1-5-3,2.25,74.1,166.95,1.667,100.0,settled,4-1-3,0,0,0.0
2026-09-19 02:57:05,20260918,5,7,1-5-4,2.69,65.8,176.78,1.77,100.0,settled,4-1-3,0,0,0.0
2026-09-19 02:57:05,20260918,5,7,1-5-6,1.97,58.5,114.99,1.152,100.0,settled,4-1-3,0,0,0.0
2026-09-19 02:57:05,20260918,5,8,1-6-3,0.94,113.0,106.41,1.062,100.0,settled,1-5-6,0,0,0.0
2026-09-19 02:57:05,20260918,5,9,1-2-4,7.31,53.8,393.23,3.933,100.0,settled,1-3-5,0,0,0.0
2026-09-19 02:57:05,20260918,5,9,1-3-4,6.27,55.6,348.53,3.486,100.0,settled,1-3-5,0,0,0.0
2026-09-19 02:57:05,20260918,5,9,1-4-2,3.8,157.3,597.76,5.977,100.0,settled,1-3-5,0,0,0.0
2026-09-19 02:57:05,20260918,5,9,1-4-3,3.45,153.8,530.47,5.306,100.0,settled,1-3-5,0,0,0.0
2026-09-19 02:57:05,20260918,5,9,1-4-5,2.19,200.8,438.97,4.398,100.0,settled,1-3-5,0,0,0.0
2026-09-19 02:57:05,20260918,5,9,1-4-6,0.7,247.6,172.63,1.733,100.0,settled,1-3-5,0,0,0.0
2026-09-19 02:57:05,20260918,5,9,1-5-3,2.97,43.0,127.72,1.277,100.0,settled,1-3-5,0,0,0.0
2026-09-19 02:57:05,20260918,5,9,1-5-4,1.66,178.7,297.12,2.966,100.0,settled,1-3-5,0,0,0.0
2026-09-19 02:57:05,20260918,5,10,1-4-2,2.63,47.0,123.62,1.236,100.0,settled,1-3-5,0,0,0.0
2026-09-19 02:57:05,20260918,5,10,1-4-5,3.41,33.4,114.0,1.139,100.0,settled,1-3-5,0,0,0.0
2026-09-19 02:57:05,20260918,5,10,1-4-6,2.45,50.4,123.69,1.235,100.0,settled,1-3-5,0,0,0.0
2026-09-19 02:57:05,20260918,5,10,1-5-3,2.62,39.7,104.13,1.04,100.0,settled,1-3-5,0,0,0.0
2026-09-19 02:57:05,20260918,5,10,1-5-4,2.2,46.6,102.36,1.025,100.0,settled,1-3-5,0,0,0.0
2026-09-19 02:57:05,20260918,5,10,1-6-3,0.84,130.6,109.85,1.097,100.0,settled,1-3-5,0,0,0.0
2026-09-19 02:57:05,20260918,5,10,1-6-4,0.79,148.2,116.35,1.171,100.0,settled,1-3-5,0,0,0.0
2026-09-19 02:57:05,20260918,5,11,1-2-5,4.29,24.9,106.86,1.068,100.0,settled,1-4-6,0,0,0.0
2026-09-19 02:57:05,20260918,5,11,1-4-2,5.32,25.9,137.76,1.378,100.0,settled,1-4-6,0,0,0.0
2026-09-19 02:57:05,20260918,5,11,1-4-3,5.01,25.5,127.76,1.278,100.0,settled,1-4-6,0,0,0.0
2026-09-19 02:57:05,20260918,5,11,1-4-5,3.65,51.4,187.69,1.876,100.0,settled,1-4-6,0,0,0.0
2026-09-19 02:57:05,20260918,5,11,1-4-6,5.37,25.0,134.15,1.343,100.0,settled,1-4-6,1,2500.0,2500.0
2026-09-19 02:57:05,20260918,5,11,1-5-2,2.09,52.5,109.76,1.097,100.0,settled,1-4-6,0,0,0.0
2026-09-19 02:57:05,20260918,5,11,1-5-4,2.56,95.5,244.18,2.445,100.0,settled,1-4-6,0,0,0.0
2026-09-19 02:57:05,20260918,5,11,1-5-6,1.81,63.1,114.03,1.142,100.0,settled,1-4-6,0,0,0.0
2026-09-19 02:57:05,20260918,5,12,1-5-2,3.1,33.6,104.29,1.042,100.0,settled,1-2-6,0,0,0.0
2026-09-19 02:57:05,20260918,5,12,1-5-3,4.44,25.6,113.66,1.137,100.0,settled,1-2-6,0,0,0.0
2026-09-19 02:57:05,20260918,5,12,1-5-4,2.21,65.6,144.75,1.45,100.0,settled,1-2-6,0,0,0.0
2026-09-19 02:57:05,20260918,5,12,1-5-6,3.27,42.2,137.88,1.38,100.0,settled,1-2-6,0,0,0.0
2026-09-19 02:57:05,20260918,5,12,1-6-4,1.4,76.0,106.3,1.064,100.0,settled,1-2-6,0,0,0.0
2026-09-19 02:57:05,20260918,5,12,1-6-5,1.71,70.0,119.71,1.197,100.0,settled,1-2-6,0,0,0.0
2026-09-19 02:57:05,20260918,7,1,1-2-4,3.43,46.3,158.6,1.588,100.0,settled,1-3-4,0,0,0.0
2026-09-19 02:57:05,20260918,7,1,1-2-6,5.03,130.7,657.03,6.574,100.0,settled,1-3-4,0,0,0.0
2026-09-19 02:57:05,20260918,7,1,1-4-2,2.42,68.7,166.5,1.663,100.0,settled,1-3-4,0,0,0.0
2026-09-19 02:57:05,20260918,7,1,1-4-6,1.94,153.3,297.43,2.974,100.0,settled,1-3-4,0,0,0.0
2026-09-19 02:57:05,20260918,7,1,1-6-2,3.3,359.2,1185.29,11.854,100.0,settled,1-3-4,0,0,0.0
2026-09-19 02:57:05,20260918,7,1,1-6-3,2.26,221.1,500.24,4.997,100.0,settled,1-3-4,0,0,0.0
2026-09-19 02:57:05,20260918,7,1,1-6-4,1.57,382.9,600.88,6.012,100.0,settled,1-3-4,0,0,0.0
2026-09-19 02:57:05,20260918,7,1,1-6-5,0.81,271.1,218.75,2.196,100.0,settled,1-3-4,0,0,0.0
2026-09-19 02:57:05,20260918,7,3,1-3-2,5.67,26.9,152.39,1.525,100.0,settled,5-4-2,0,0,0.0
2026-09-19 02:57:05,20260918,7,3,1-3-6,1.12,139.5,156.1,1.562,100.0,settled,5-4-2,0,0,0.0
2026-09-19 02:57:05,20260918,7,3,1-6-2,1.0,130.0,129.82,1.3,100.0,settled,5-4-2,0,0,0.0
2026-09-19 02:57:05,20260918,7,3,1-6-3,0.7,271.6,188.98,1.901,100.0,settled,5-4-2,0,0,0.0
2026-09-19 02:57:05,20260918,7,3,1-6-4,0.45,255.9,116.31,1.152,100.0,settled,5-4-2,0,0,0.0
2026-09-19 02:57:05,20260918,7,4,1-2-3,7.03,90.8,637.92,6.383,100.0,settled,3-4-6,0,0,0.0
2026-09-19 02:57:05,20260918,7,4,1-2-4,5.17,71.4,368.8,3.691,100.0,settled,3-4-6,0,0,0.0
2026-09-19 02:57:05,20260918,7,4,1-2-5,5.3,319.0,1689.23,16.907,100.0,settled,3-4-6,0,0,0.0
2026-09-19 02:57:05,20260918,7,4,1-2-6,0.96,259.7,248.77,2.493,100.0,settled,3-4-6,0,0,0.0
2026-09-19 02:57:05,20260918,7,4,1-3-2,10.1,75.2,759.35,7.595,100.0,settled,3-4-6,0,0,0.0
2026-09-19 02:57:05,20260918,7,4,1-3-5,2.52,137.0,345.57,3.452,100.0,settled,3-4-6,0,0,0.0
2026-09-19 02:57:05,20260918,7,4,1-5-2,2.01,431.4,865.52,8.671,100.0,settled,3-4-6,0,0,0.0
2026-09-19 02:57:05,20260918,7,4,1-5-3,1.55,273.5,423.27,4.239,100.0,settled,3-4-6,0,0,0.0
2026-09-19 02:57:05,20260918,7,5,1-3-6,1.92,116.0,222.48,2.227,100.0,settled,3-1-5,0,0,0.0
2026-09-19 02:57:05,20260918,7,5,1-4-2,0.67,386.3,259.79,2.588,100.0,settled,3-1-5,0,0,0.0
2026-09-19 02:57:05,20260918,7,5,1-4-3,1.11,294.8,327.82,3.272,100.0,settled,3-1-5,0,0,0.0
2026-09-19 02:57:05,20260918,7,5,1-4-5,1.08,302.1,325.63,3.263,100.0,settled,3-1-5,0,0,0.0
2026-09-19 02:57:05,20260918,7,5,1-4-6,0.76,458.3,349.73,3.483,100.0,settled,3-1-5,0,0,0.0
2026-09-19 02:57:05,20260918,7,5,1-6-3,0.72,376.4,269.39,2.71,100.0,settled,3-1-5,0,0,0.0
2026-09-19 02:57:05,20260918,7,5,1-6-4,0.38,909.5,350.07,3.456,100.0,settled,3-1-5,0,0,0.0
2026-09-19 02:57:05,20260918,7,5,1-6-5,0.59,427.1,252.2,2.52,100.0,settled,3-1-5,0,0,0.0
2026-09-19 02:57:05,20260918,7,6,1-2-4,4.06,25.7,104.45,1.043,100.0,settled,1-5-3,0,0,0.0
2026-09-19 02:57:05,20260918,7,6,1-2-6,3.54,197.2,698.07,6.981,100.0,settled,1-5-3,0,0,0.0
2026-09-19 02:57:05,20260918,7,6,1-3-6,1.29,137.0,177.33,1.767,100.0,settled,1-5-3,0,0,0.0
2026-09-19 02:57:05,20260918,7,6,1-6-2,1.14,541.5,618.34,6.173,100.0,settled,1-5-3,0,0,0.0
2026-09-19 02:57:05,20260918,7,6,1-6-3,0.53,586.1,312.1,3.106,100.0,settled,1-5-3,0,0,0.0
2026-09-19 02:57:05,20260918,7,6,1-6-5,0.49,418.4,206.4,2.05,100.0,settled,1-5-3,0,0,0.0
2026-09-19 02:57:05,20260918,7,7,1-2-6,7.46,152.1,1134.44,11.347,100.0,settled,1-2-5,0,0,0.0
2026-09-19 02:57:05,20260918,7,7,1-3-6,3.98,171.8,683.06,6.838,100.0,settled,1-2-5,0,0,0.0
2026-09-19 02:57:05,20260918,7,7,1-5-2,3.37,67.2,226.22,2.265,100.0,settled,1-2-5,0,0,0.0
2026-09-19 02:57:05,20260918,7,7,1-5-6,4.77,224.1,1069.47,10.69,100.0,settled,1-2-5,0,0,0.0
2026-09-19 02:57:05,20260918,7,7,1-6-2,5.21,431.3,2248.97,22.471,100.0,settled,1-2-5,0,0,0.0
2026-09-19 02:57:05,20260918,7,7,1-6-3,3.38,508.0,1716.63,17.17,100.0,settled,1-2-5,0,0,0.0
2026-09-19 02:57:05,20260918,7,7,1-6-4,1.78,282.5,504.09,5.029,100.0,settled,1-2-5,0,0,0.0
2026-09-19 02:57:05,20260918,7,7,1-6-5,5.02,469.4,2354.7,23.564,100.0,settled,1-2-5,0,0,0.0
2026-09-19 02:57:05,20260918,7,8,1-2-5,5.1,35.4,180.59,1.805,100.0,settled,1-2-3,0,0,0.0
2026-09-19 02:57:05,20260918,7,8,1-2-6,3.27,45.3,148.34,1.481,100.0,settled,1-2-3,0,0,0.0
2026-09-19 02:57:05,20260918,7,8,1-5-2,3.78,56.4,213.27,2.132,100.0,settled,1-2-3,0,0,0.0
2026-09-19 02:57:05,20260918,7,8,1-5-3,5.11,28.4,145.23,1.451,100.0,settled,1-2-3,0,0,0.0
2026-09-19 02:57:05,20260918,7,8,1-5-4,1.92,95.7,183.62,1.837,100.0,settled,1-2-3,0,0,0.0
2026-09-19 02:57:05,20260918,7,8,1-5-6,2.52,128.5,323.46,3.238,100.0,settled,1-2-3,0,0,0.0
2026-09-19 02:57:05,20260918,7,8,1-6-2,1.67,119.1,198.73,1.989,100.0,settled,1-2-3,0,0,0.0
2026-09-19 02:57:05,20260918,7,8,1-6-5,1.69,233.4,394.0,3.944,100.0,settled,1-2-3,0,0,0.0
2026-09-19 02:57:05,20260918,7,9,1-2-5,2.01,80.6,161.64,1.62,100.0,settled,3-1-5,0,0,0.0
2026-09-19 02:57:05,20260918,7,9,1-5-2,0.76,132.2,100.39,1.005,100.0,settled,3-1-5,0,0,0.0
2026-09-19 02:57:05,20260918,7,9,1-5-3,2.01,52.0,104.37,1.045,100.0,settled,3-1-5,0,0,0.0
2026-09-19 02:57:05,20260918,7,10,1-2-5,8.55,30.1,257.34,2.574,100.0,settled,1-2-4,0,0,0.0
2026-09-19 02:57:05,20260918,7,10,1-3-5,4.35,30.3,131.94,1.318,100.0,settled,1-2-4,0,0,0.0
2026-09-19 02:57:05,20260918,7,10,1-5-2,5.61,46.5,260.67,2.609,100.0,settled,1-2-4,0,0,0.0
2026-09-19 02:57:05,20260918,7,10,1-5-3,5.39,47.2,254.63,2.544,100.0,settled,1-2-4,0,0,0.0
2026-09-19 02:57:05,20260918,11,1,1-2-6,0.55,479.6,263.54,2.638,100.0,settled,1-3-5,0,0,0.0
2026-09-19 02:57:05,20260918,11,1,1-3-6,1.96,311.9,609.95,6.113,100.0,settled,1-3-5,0,0,0.0
2026-09-19 02:57:05,20260918,11,1,1-5-2,3.75,53.0,198.95,1.987,100.0,settled,1-3-5,0,0,0.0
2026-09-19 02:57:05,20260918,11,1,1-5-3,9.84,24.8,243.98,2.44,100.0,settled,1-3-5,0,0,0.0
2026-09-19 02:57:05,20260918,11,1,1-5-6,1.59,599.5,951.59,9.532,100.0,settled,1-3-5,0,0,0.0
2026-09-19 02:57:05,20260918,11,1,1-6-2,0.21,1279.0,267.69,2.686,100.0,settled,1-3-5,0,0,0.0
2026-09-19 02:57:05,20260918,11,1,1-6-3,0.47,947.4,447.65,4.453,100.0,settled,1-3-5,0,0,0.0
2026-09-19 02:57:05,20260918,11,1,1-6-5,0.45,1967.0,884.95,8.852,100.0,settled,1-3-5,0,0,0.0
2026-09-19 02:57:05,20260918,11,2,1-2-6,1.43,177.8,254.5,2.543,100.0,settled,1-3-5,0,0,0.0
2026-09-19 02:57:05,20260918,11,2,1-3-6,0.89,172.3,153.64,1.533,100.0,settled,1-3-5,0,0,0.0
2026-09-19 02:57:05,20260918,11,2,1-4-6,1.69,147.4,248.47,2.491,100.0,settled,1-3-5,0,0,0.0
2026-09-19 02:57:05,20260918,11,2,1-5-6,0.85,261.5,221.28,2.223,100.0,settled,1-3-5,0,0,0.0
2026-09-19 02:57:05,20260918,11,2,1-6-2,0.48,376.8,180.75,1.809,100.0,settled,1-3-5,0,0,0.0
2026-09-19 02:57:05,20260918,11,2,1-6-3,0.35,373.6,130.61,1.308,100.0,settled,1-3-5,0,0,0.0
2026-09-19 02:57:05,20260918,11,2,1-6-4,0.49,376.8,182.94,1.846,100.0,settled,1-3-5,0,0,0.0
2026-09-19 02:57:05,20260918,11,2,1-6-5,0.46,451.4,206.79,2.076,100.0,settled,1-3-5,0,0,0.0
2026-09-19 02:57:05,20260918,11,3,1-2-4,7.64,35.5,271.31,2.712,100.0,settled,1-3-5,0,0,0.0
2026-09-19 02:57:05,20260918,11,3,1-2-6,3.6,145.6,523.64,5.242,100.0,settled,1-3-5,0,0,0.0
2026-09-19 02:57:05,20260918,11,3,1-4-2,4.23,74.2,313.62,3.139,100.0,settled,1-3-5,0,0,0.0
2026-09-19 02:57:05,20260918,11,3,1-4-5,3.77,74.4,280.35,2.805,100.0,settled,1-3-5,0,0,0.0
2026-09-19 02:57:05,20260918,11,3,1-4-6,1.01,329.3,331.31,3.326,100.0,settled,1-3-5,0,0,0.0
2026-09-19 02:57:05,20260918,11,3,1-6-2,0.78,421.5,330.75,3.288,100.0,settled,1-3-5,0,0,0.0
2026-09-19 02:57:05,20260918,11,3,1-6-4,0.4,623.3,247.82,2.493,100.0,settled,1-3-5,0,0,0.0
2026-09-19 02:57:05,20260918,11,3,1-6-5,0.82,398.4,326.53,3.267,100.0,settled,1-3-5,0,0,0.0
2026-09-19 02:57:05,20260918,11,4,1-4-6,3.81,36.7,139.87,1.398,100.0,settled,1-5-4,0,0,0.0
2026-09-19 02:57:05,20260918,11,4,1-5-3,2.44,53.5,130.81,1.305,100.0,settled,1-5-4,0,0,0.0
2026-09-19 02:57:05,20260918,11,4,1-5-4,2.17,91.4,198.37,1.983,100.0,settled,1-5-4,1,9140.0,9140.0
2026-09-19 02:57:05,20260918,11,4,1-5-6,4.74,118.5,561.13,5.617,100.0,settled,1-5-4,0,0,0.0
2026-09-19 02:57:05,20260918,11,4,1-6-2,2.36,74.5,175.56,1.758,100.0,settled,1-5-4,0,0,0.0
2026-09-19 02:57:05,20260918,11,4,1-6-3,3.02,106.1,320.58,3.204,100.0,settled,1-5-4,0,0,0.0
2026-09-19 02:57:05,20260918,11,4,1-6-4,3.06,78.1,239.29,2.39,100.0,settled,1-5-4,0,0,0.0
2026-09-19 02:57:05,20260918,11,4,1-6-5,3.68,211.5,777.37,7.783,100.0,settled,1-5-4,0,0,0.0
2026-09-19 02:57:05,20260918,11,5,1-2-5,9.51,31.8,302.27,3.024,100.0,settled,4-1-5,0,0,0.0
2026-09-19 02:57:05,20260918,11,5,1-2-6,1.98,884.2,1752.22,17.507,100.0,settled,4-1-5,0,0,0.0
2026-09-19 02:57:05,20260918,11,5,1-3-6,1.34,755.7,1009.09,10.126,100.0,settled,4-1-5,0,0,0.0
2026-09-19 02:57:05,20260918,11,5,1-5-6,1.17,556.9,650.74,6.516,100.0,settled,4-1-5,0,0,0.0
2026-09-19 02:57:05,20260918,11,5,1-6-2,0.47,1906.0,892.58,8.958,100.0,settled,4-1-5,0,0,0.0
2026-09-19 02:57:05,20260918,11,5,1-6-3,0.38,1573.0,596.17,5.977,100.0,settled,4-1-5,0,0,0.0
2026-09-19 02:57:05,20260918,11,5,1-6-4,0.26,1113.0,289.94,2.894,100.0,settled,4-1-5,0,0,0.0
2026-09-19 02:57:05,20260918,11,5,1-6-5,0.48,1441.0,685.48,6.917,100.0,settled,4-1-5,0,0,0.0
2026-09-19 02:57:05,20260918,11,6,1-2-6,0.83,133.5,110.26,1.108,100.0,settled,5-1-3,0,0,0.0
2026-09-19 02:57:05,20260918,11,6,1-4-6,0.46,220.2,100.94,1.013,100.0,settled,5-1-3,0,0,0.0
2026-09-19 02:57:05,20260918,11,7,1-2-5,3.22,33.2,107.02,1.069,100.0,settled,1-2-4,0,0,0.0
2026-09-19 02:57:05,20260918,11,7,1-2-6,2.82,191.2,539.68,5.392,100.0,settled,1-2-4,0,0,0.0
2026-09-19 02:57:05,20260918,11,7,1-3-6,4.27,118.3,505.06,5.051,100.0,settled,1-2-4,0,0,0.0
2026-09-19 02:57:05,20260918,11,7,1-5-6,1.15,160.8,185.15,1.849,100.0,settled,1-2-4,0,0,0.0
2026-09-19 02:57:05,20260918,11,7,1-6-2,1.38,641.1,887.73,8.847,100.0,settled,1-2-4,0,0,0.0
2026-09-19 02:57:05,20260918,11,7,1-6-3,2.07,428.7,889.42,8.874,100.0,settled,1-2-4,0,0,0.0
2026-09-19 02:57:05,20260918,11,7,1-6-4,0.6,381.4,230.02,2.288,100.0,settled,1-2-4,0,0,0.0
2026-09-19 02:57:05,20260918,11,7,1-6-5,0.89,487.6,436.16,4.34,100.0,settled,1-2-4,0,0,0.0
2026-09-19 02:57:05,20260918,11,8,1-2-6,0.72,229.0,165.13,1.649,100.0,settled,1-4-3,0,0,0.0
2026-09-19 02:57:05,20260918,11,10,1-2-6,4.03,43.4,174.72,1.749,100.0,settled,1-2-4,0,0,0.0
2026-09-19 02:57:05,20260918,11,10,1-4-6,6.09,30.1,183.34,1.833,100.0,settled,1-2-4,0,0,0.0
2026-09-19 02:57:05,20260918,11,10,1-6-2,1.24,126.3,157.03,1.566,100.0,settled,1-2-4,0,0,0.0
2026-09-19 02:57:05,20260918,11,10,1-6-4,1.83,109.6,200.64,2.006,100.0,settled,1-2-4,0,0,0.0
2026-09-19 02:57:05,20260918,11,10,1-6-5,0.89,127.2,113.78,1.132,100.0,settled,1-2-4,0,0,0.0
2026-09-19 02:57:05,20260918,11,11,1-2-6,3.55,76.2,270.33,2.705,100.0,settled,4-6-2,0,0,0.0
2026-09-19 02:57:05,20260918,11,11,1-4-6,1.68,121.9,204.3,2.048,100.0,settled,4-6-2,0,0,0.0
2026-09-19 02:57:05,20260918,11,11,1-5-6,0.8,131.0,105.42,1.048,100.0,settled,4-6-2,0,0,0.0
2026-09-19 02:57:05,20260918,11,11,1-6-2,0.91,263.0,239.62,2.393,100.0,settled,4-6-2,0,0,0.0
2026-09-19 02:57:05,20260918,11,11,1-6-3,0.3,456.0,136.89,1.368,100.0,settled,4-6-2,0,0,0.0
2026-09-19 02:57:05,20260918,11,11,1-6-4,0.7,440.3,308.52,3.082,100.0,settled,4-6-2,0,0,0.0
2026-09-19 02:57:05,20260918,11,11,1-6-5,0.52,368.9,192.34,1.918,100.0,settled,4-6-2,0,0,0.0
2026-09-19 02:57:05,20260918,12,1,1-2-5,3.93,28.2,110.83,1.108,100.0,settled,1-3-4,0,0,0.0
2026-09-19 02:57:05,20260918,12,1,1-2-6,4.3,60.6,260.44,2.606,100.0,settled,1-3-4,0,0,0.0
2026-09-19 02:57:05,20260918,12,1,1-4-6,1.06,97.7,103.73,1.036,100.0,settled,1-3-4,0,0,0.0
2026-09-19 02:57:05,20260918,12,1,1-5-2,1.32,76.7,101.54,1.012,100.0,settled,1-3-4,0,0,0.0
2026-09-19 02:57:05,20260918,12,1,1-6-2,1.21,173.3,210.28,2.097,100.0,settled,1-3-4,0,0,0.0
2026-09-19 02:57:05,20260918,12,1,1-6-3,0.61,215.4,131.09,1.314,100.0,settled,1-3-4,0,0,0.0
2026-09-19 02:57:05,20260918,12,1,1-6-4,0.53,305.0,163.05,1.617,100.0,settled,1-3-4,0,0,0.0
2026-09-19 02:57:05,20260918,12,2,1-2-6,1.4,374.8,525.39,5.247,100.0,settled,3-2-1,0,0,0.0
2026-09-19 02:57:05,20260918,12,2,1-3-6,1.5,192.0,288.1,2.88,100.0,settled,3-2-1,0,0,0.0
2026-09-19 02:57:05,20260918,12,2,1-4-6,0.32,364.4,115.84,1.166,100.0,settled,3-2-1,0,0,0.0
2026-09-19 02:57:05,20260918,12,2,1-5-2,2.43,53.2,129.21,1.293,100.0,settled,3-2-1,0,0,0.0
2026-09-19 02:57:05,20260918,12,2,1-5-6,0.55,467.4,256.88,2.571,100.0,settled,3-2-1,0,0,0.0
2026-09-19 02:57:05,20260918,12,2,1-6-2,0.44,872.6,387.61,3.839,100.0,settled,3-2-1,0,0,0.0
2026-09-19 02:57:05,20260918,12,2,1-6-3,0.5,717.2,358.6,3.586,100.0,settled,3-2-1,0,0,0.0
2026-09-19 02:57:05,20260918,12,2,1-6-5,0.31,994.1,305.59,3.082,100.0,settled,3-2-1,0,0,0.0
2026-09-19 02:57:05,20260918,12,3,1-2-5,0.48,346.6,166.33,1.664,100.0,settled,2-1-3,0,0,0.0
2026-09-19 02:57:05,20260918,12,3,1-3-5,1.2,131.4,157.97,1.577,100.0,settled,2-1-3,0,0,0.0
2026-09-19 02:57:05,20260918,12,3,1-4-5,0.6,324.9,195.33,1.949,100.0,settled,2-1-3,0,0,0.0
2026-09-19 02:57:05,20260918,12,3,1-5-2,0.19,872.5,165.95,1.658,100.0,settled,2-1-3,0,0,0.0
2026-09-19 02:57:05,20260918,12,3,1-5-3,0.33,571.0,189.51,1.884,100.0,settled,2-1-3,0,0,0.0
2026-09-19 02:57:05,20260918,12,3,1-5-4,0.19,753.9,140.9,1.432,100.0,settled,2-1-3,0,0,0.0
2026-09-19 02:57:05,20260918,12,3,1-5-6,0.17,1222.0,202.24,2.077,100.0,settled,2-1-3,0,0,0.0
2026-09-19 02:57:05,20260918,12,3,1-6-5,0.25,826.1,207.93,2.065,100.0,settled,2-1-3,0,0,0.0
2026-09-19 02:57:05,20260918,12,5,1-3-2,4.98,23.4,116.52,1.165,100.0,settled,4-6-2,0,0,0.0
2026-09-19 02:57:05,20260918,12,5,1-3-5,3.6,58.7,211.58,2.113,100.0,settled,4-6-2,0,0,0.0
2026-09-19 02:57:05,20260918,12,5,1-5-2,1.18,94.3,111.37,1.113,100.0,settled,4-6-2,0,0,0.0
2026-09-19 02:57:05,20260918,12,5,1-5-3,2.65,141.3,373.91,3.744,100.0,settled,4-6-2,0,0,0.0
2026-09-19 02:57:05,20260918,12,5,1-5-6,3.09,48.1,148.73,1.486,100.0,settled,4-6-2,0,0,0.0
2026-09-19 02:57:05,20260918,12,5,1-6-5,3.0,35.8,107.51,1.074,100.0,settled,4-6-2,0,0,0.0
2026-09-19 02:57:05,20260918,12,6,1-2-3,4.44,59.3,263.52,2.633,100.0,settled,5-1-6,0,0,0.0
2026-09-19 02:57:05,20260918,12,6,1-2-4,1.15,153.9,176.4,1.77,100.0,settled,5-1-6,0,0,0.0
2026-09-19 02:57:05,20260918,12,6,1-2-5,3.35,56.6,189.54,1.896,100.0,settled,5-1-6,0,0,0.0
2026-09-19 02:57:05,20260918,12,6,1-2-6,1.03,286.9,295.08,2.955,100.0,settled,5-1-6,0,0,0.0
2026-09-19 02:57:05,20260918,12,6,1-3-2,6.71,37.4,250.77,2.51,100.0,settled,5-1-6,0,0,0.0
2026-09-19 02:57:05,20260918,12,6,1-3-6,2.57,68.4,175.83,1.758,100.0,settled,5-1-6,0,0,0.0
2026-09-19 02:57:05,20260918,12,6,1-6-2,0.5,426.8,212.85,2.134,100.0,settled,5-1-6,0,0,0.0
2026-09-19 02:57:05,20260918,12,6,1-6-3,0.81,202.3,163.26,1.639,100.0,settled,5-1-6,0,0,0.0
2026-09-19 02:57:05,20260918,12,7,1-4-2,3.99,53.5,213.39,2.135,100.0,settled,3-1-2,0,0,0.0
2026-09-19 02:57:05,20260918,12,7,1-4-3,9.89,26.4,261.01,2.611,100.0,settled,3-1-2,0,0,0.0
2026-09-19 02:57:05,20260918,12,7,1-4-5,8.02,80.8,648.03,6.48,100.0,settled,3-1-2,0,0,0.0
2026-09-19 02:57:05,20260918,12,7,1-4-6,4.36,71.8,313.21,3.13,100.0,settled,3-1-2,0,0,0.0
2026-09-19 02:57:05,20260918,12,7,1-5-2,0.99,128.6,127.69,1.273,100.0,settled,3-1-2,0,0,0.0
2026-09-19 02:57:05,20260918,12,7,1-5-4,4.05,145.0,587.37,5.873,100.0,settled,3-1-2,0,0,0.0
2026-09-19 02:57:05,20260918,12,7,1-5-6,1.36,116.7,158.4,1.587,100.0,settled,3-1-2,0,0,0.0
2026-09-19 02:57:05,20260918,12,7,1-6-4,0.93,178.7,165.39,1.662,100.0,settled,3-1-2,0,0,0.0
2026-09-19 02:57:05,20260918,12,8,1-3-2,4.18,24.0,100.34,1.003,100.0,settled,2-6-1,0,0,0.0
2026-09-19 02:57:05,20260918,12,8,1-4-3,2.19,62.6,136.91,1.371,100.0,settled,2-6-1,0,0,0.0
2026-09-19 02:57:05,20260918,12,9,1-3-4,5.63,20.1,113.07,1.132,100.0,settled,3-2-5,0,0,0.0
2026-09-19 02:57:05,20260918,12,9,1-4-3,6.46,25.5,164.66,1.647,100.0,settled,3-2-5,0,0,0.0
2026-09-19 02:57:05,20260918,12,10,1-4-2,5.66,32.1,181.75,1.817,100.0,settled,1-3-4,0,0,0.0
2026-09-19 02:57:05,20260918,12,10,1-4-3,6.04,44.7,270.09,2.7,100.0,settled,1-3-4,0,0,0.0
2026-09-19 02:57:05,20260918,12,10,1-4-5,3.53,45.0,158.99,1.588,100.0,settled,1-3-4,0,0,0.0
2026-09-19 02:57:05,20260918,12,10,1-4-6,1.98,77.7,153.5,1.538,100.0,settled,1-3-4,0,0,0.0
2026-09-19 02:57:05,20260918,12,10,1-5-4,1.8,60.9,109.85,1.096,100.0,settled,1-3-4,0,0,0.0
2026-09-19 02:57:05,20260918,12,10,1-6-4,0.42,243.6,102.41,1.023,100.0,settled,1-3-4,0,0,0.0
2026-09-19 02:57:05,20260918,12,11,1-2-5,5.12,29.6,151.54,1.516,100.0,settled,3-1-5,0,0,0.0
2026-09-19 02:57:05,20260918,12,11,1-5-2,2.4,59.8,143.35,1.435,100.0,settled,3-1-5,0,0,0.0
2026-09-19 02:57:05,20260918,12,11,1-5-4,2.46,52.7,129.4,1.296,100.0,settled,3-1-5,0,0,0.0
2026-09-19 02:57:05,20260918,12,12,1-4-5,4.09,26.5,108.41,1.084,100.0,settled,1-3-2,0,0,0.0
2026-09-19 02:57:05,20260918,13,1,1-2-5,1.8,131.8,237.0,2.372,100.0,settled,5-1-3,0,0,0.0
2026-09-19 02:57:05,20260918,13,1,1-2-6,0.53,475.7,253.83,2.521,100.0,settled,5-1-3,0,0,0.0
2026-09-19 02:57:05,20260918,13,1,1-3-2,13.61,29.4,400.07,4.001,100.0,settled,5-1-3,0,0,0.0
2026-09-19 02:57:05,20260918,13,1,1-3-6,2.2,132.2,291.03,2.908,100.0,settled,5-1-3,0,0,0.0
2026-09-19 02:57:05,20260918,13,1,1-4-5,2.78,85.8,238.7,2.385,100.0,settled,5-1-3,0,0,0.0
2026-09-19 02:57:05,20260918,13,1,1-4-6,0.73,321.1,234.56,2.344,100.0,settled,5-1-3,0,0,0.0
2026-09-19 02:57:05,20260918,13,1,1-5-6,0.57,414.8,235.07,2.364,100.0,settled,5-1-3,0,0,0.0
2026-09-19 02:57:05,20260918,13,1,1-6-3,0.52,432.4,224.24,2.248,100.0,settled,5-1-3,0,0,0.0
2026-09-19 02:57:05,20260918,13,2,1-2-3,12.78,22.9,292.77,2.927,100.0,settled,1-3-5,0,0,0.0
2026-09-19 02:57:05,20260918,13,2,1-2-4,7.31,33.9,247.94,2.478,100.0,settled,1-3-5,0,0,0.0
2026-09-19 02:57:05,20260918,13,2,1-3-2,9.69,26.4,255.84,2.558,100.0,settled,1-3-5,0,0,0.0
2026-09-19 02:57:05,20260918,13,2,1-3-4,8.32,45.2,376.06,3.761,100.0,settled,1-3-5,0,0,0.0
2026-09-19 02:57:05,20260918,13,2,1-4-2,4.05,59.5,241.11,2.41,100.0,settled,1-3-5,0,0,0.0
2026-09-19 02:57:05,20260918,13,2,1-4-3,5.63,81.5,458.64,4.588,100.0,settled,1-3-5,0,0,0.0
2026-09-19 02:57:05,20260918,13,3,1-2-3,3.03,43.4,131.72,1.315,100.0,settled,1-6-4,0,0,0.0
2026-09-19 02:57:05,20260918,13,3,1-2-6,9.59,20.8,199.48,1.995,100.0,settled,1-6-4,0,0,0.0
2026-09-19 02:57:05,20260918,13,3,1-6-2,5.47,47.6,260.49,2.604,100.0,settled,1-6-4,0,0,0.0
2026-09-19 02:57:05,20260918,13,3,1-6-3,1.56,175.8,274.97,2.742,100.0,settled,1-6-4,0,0,0.0
2026-09-19 02:57:05,20260918,13,3,1-6-5,0.98,115.4,112.95,1.131,100.0,settled,1-6-4,0,0,0.0
2026-09-19 02:57:05,20260918,13,4,1-2-4,6.88,34.8,239.6,2.394,100.0,settled,1-2-3,0,0,0.0
2026-09-19 02:57:05,20260918,13,4,1-2-5,3.3,37.8,124.55,1.247,100.0,settled,1-2-3,0,0,0.0
2026-09-19 02:57:05,20260918,13,4,1-2-6,0.92,269.2,248.01,2.477,100.0,settled,1-2-3,0,0,0.0
2026-09-19 02:57:05,20260918,13,4,1-4-2,7.43,47.2,350.47,3.507,100.0,settled,1-2-3,0,0,0.0
2026-09-19 02:57:05,20260918,13,4,1-4-3,5.34,24.4,130.27,1.303,100.0,settled,1-2-3,0,0,0.0
2026-09-19 02:57:05,20260918,13,4,1-4-5,5.28,41.9,221.27,2.212,100.0,settled,1-2-3,0,0,0.0
2026-09-19 02:57:05,20260918,13,4,1-4-6,1.63,290.4,472.05,4.734,100.0,settled,1-2-3,0,0,0.0
2026-09-19 02:57:05,20260918,13,4,1-6-4,0.39,518.3,201.41,2.021,100.0,settled,1-2-3,0,0,0.0
2026-09-19 02:57:05,20260918,13,5,1-2-6,1.14,667.5,762.62,7.609,100.0,settled,4-5-1,0,0,0.0
2026-09-19 02:57:05,20260918,13,5,1-3-6,0.44,674.0,297.44,2.966,100.0,settled,4-5-1,0,0,0.0
2026-09-19 02:57:05,20260918,13,5,1-4-6,2.24,207.0,463.1,4.637,100.0,settled,4-5-1,0,0,0.0
2026-09-19 02:57:05,20260918,13,5,1-5-6,1.27,396.2,501.95,5.032,100.0,settled,4-5-1,0,0,0.0
2026-09-19 02:57:05,20260918,13,5,1-6-2,0.33,1432.0,467.26,4.726,100.0,settled,4-5-1,0,0,0.0
2026-09-19 02:57:05,20260918,13,5,1-6-3,0.19,1545.0,293.09,2.935,100.0,settled,4-5-1,0,0,0.0
2026-09-19 02:57:05,20260918,13,5,1-6-4,0.48,1165.0,560.95,5.592,100.0,settled,4-5-1,0,0,0.0
2026-09-19 02:57:05,20260918,13,5,1-6-5,0.47,1527.0,715.7,7.177,100.0,settled,4-5-1,0,0,0.0
2026-09-19 02:57:05,20260918,13,6,1-2-6,2.99,60.9,182.21,1.821,100.0,settled,1-4-2,0,0,0.0
2026-09-19 02:57:05,20260918,13,6,1-3-5,3.42,59.4,203.22,2.031,100.0,settled,1-4-2,0,0,0.0
2026-09-19 02:57:05,20260918,13,6,1-3-6,1.13,133.9,151.64,1.513,100.0,settled,1-4-2,0,0,0.0
2026-09-19 02:57:05,20260918,13,6,1-5-2,6.5,35.4,230.11,2.301,100.0,settled,1-4-2,0,0,0.0
2026-09-19 02:57:05,20260918,13,6,1-5-3,3.76,77.4,291.33,2.91,100.0,settled,1-4-2,0,0,0.0
2026-09-19 02:57:05,20260918,13,6,1-5-4,5.87,30.0,176.14,1.761,100.0,settled,1-4-2,0,0,0.0
2026-09-19 02:57:05,20260918,13,6,1-5-6,2.65,138.6,367.01,3.673,100.0,settled,1-4-2,0,0,0.0
2026-09-19 02:57:05,20260918,13,6,1-6-5,0.69,267.5,184.23,1.846,100.0,settled,1-4-2,0,0,0.0
2026-09-19 02:57:05,20260918,13,7,1-2-6,0.58,209.9,120.8,1.217,100.0,settled,3-1-6,0,0,0.0
2026-09-19 02:57:05,20260918,13,7,1-6-2,0.5,519.1,261.42,2.596,100.0,settled,3-1-6,0,0,0.0
2026-09-19 02:57:05,20260918,13,7,1-6-3,1.46,91.0,132.8,1.329,100.0,settled,3-1-6,0,0,0.0
2026-09-19 02:57:05,20260918,13,7,1-6-4,0.29,553.4,161.43,1.605,100.0,settled,3-1-6,0,0,0.0
2026-09-19 02:57:05,20260918,13,8,1-5-4,0.71,141.2,100.77,1.003,100.0,settled,2-5-3,0,0,0.0
2026-09-19 02:57:05,20260918,13,9,1-2-5,4.42,24.1,106.51,1.065,100.0,settled,4-1-2,0,0,0.0
2026-09-19 02:57:05,20260918,13,9,1-3-5,3.6,31.5,113.44,1.134,100.0,settled,4-1-2,0,0,0.0
2026-09-19 02:57:05,20260918,13,9,1-5-2,2.38,43.9,104.41,1.045,100.0,settled,4-1-2,0,0,0.0
2026-09-19 02:57:05,20260918,13,9,1-5-3,2.65,47.4,125.75,1.256,100.0,settled,4-1-2,0,0,0.0
2026-09-19 02:57:05,20260918,13,10,1-2-5,2.0,93.8,188.01,1.876,100.0,settled,4-6-5,0,0,0.0
2026-09-19 02:57:05,20260918,13,10,1-2-6,1.32,178.9,235.45,2.361,100.0,settled,4-6-5,0,0,0.0
2026-09-19 02:57:05,20260918,13,10,1-3-2,1.46,128.7,187.75,1.879,100.0,settled,4-6-5,0,0,0.0
2026-09-19 02:57:05,20260918,13,10,1-3-6,2.51,85.6,214.5,2.149,100.0,settled,4-6-5,0,0,0.0
2026-09-19 02:57:05,20260918,13,10,1-4-2,3.49,64.6,225.73,2.255,100.0,settled,4-6-5,0,0,0.0
2026-09-19 02:57:05,20260918,13,10,1-6-2,0.87,249.4,216.45,2.17,100.0,settled,4-6-5,0,0,0.0
2026-09-19 02:57:05,20260918,13,10,1-6-3,1.43,191.1,273.62,2.733,100.0,settled,4-6-5,0,0,0.0
2026-09-19 02:57:05,20260918,13,10,1-6-4,2.79,78.2,218.11,2.182,100.0,settled,4-6-5,0,0,0.0
2026-09-19 02:57:05,20260918,13,11,1-2-6,3.82,39.1,149.34,1.494,100.0,settled,1-2-3,0,0,0.0
2026-09-19 02:57:05,20260918,13,11,1-3-6,2.33,54.7,127.66,1.275,100.0,settled,1-2-3,0,0,0.0
2026-09-19 02:57:05,20260918,13,11,1-4-2,4.56,34.8,158.6,1.587,100.0,settled,1-2-3,0,0,0.0
2026-09-19 02:57:05,20260918,13,11,1-4-3,4.03,40.2,162.02,1.62,100.0,settled,1-2-3,0,0,0.0
2026-09-19 02:57:05,20260918,13,11,1-4-6,1.27,136.9,174.18,1.739,100.0,settled,1-2-3,0,0,0.0
2026-09-19 02:57:05,20260918,13,11,1-6-2,0.91,176.6,161.25,1.607,100.0,settled,1-2-3,0,0,0.0
2026-09-19 02:57:05,20260918,13,11,1-6-3,0.68,237.3,161.29,1.614,100.0,settled,1-2-3,0,0,0.0
2026-09-19 02:57:05,20260918,13,11,1-6-4,0.45,323.5,145.48,1.456,100.0,settled,1-2-3,0,0,0.0
2026-09-19 02:57:05,20260918,13,12,1-2-6,1.26,94.8,119.68,1.194,100.0,settled,1-3-2,0,0,0.0
2026-09-19 02:57:05,20260918,13,12,1-3-6,1.82,57.3,104.39,1.043,100.0,settled,1-3-2,0,0,0.0
2026-09-19 02:57:05,20260918,14,2,1-2-4,4.53,38.6,174.79,1.749,100.0,settled,3-4-2,0,0,0.0
2026-09-19 02:57:05,20260918,14,2,1-2-5,1.17,91.4,106.52,1.069,100.0,settled,3-4-2,0,0,0.0
2026-09-19 02:57:05,20260918,14,2,1-3-4,3.65,27.4,100.01,1.0,100.0,settled,3-4-2,0,0,0.0
2026-09-19 02:57:05,20260918,14,2,1-4-2,2.24,75.3,168.3,1.687,100.0,settled,3-4-2,0,0,0.0
2026-09-19 02:57:05,20260918,14,2,1-4-3,2.63,71.2,187.22,1.873,100.0,settled,3-4-2,0,0,0.0
2026-09-19 02:57:05,20260918,14,5,1-4-2,0.34,358.6,120.31,1.219,100.0,settled,1-3-2,0,0,0.0
2026-09-19 02:57:05,20260918,14,5,1-4-3,0.43,267.7,116.02,1.151,100.0,settled,1-3-2,0,0,0.0
2026-09-19 02:57:05,20260918,14,5,1-4-5,0.16,634.9,103.62,1.016,100.0,settled,1-3-2,0,0,0.0
2026-09-19 02:57:05,20260918,14,6,1-2-6,0.26,711.1,181.9,1.849,100.0,settled,4-2-5,0,0,0.0
2026-09-19 02:57:05,20260918,14,6,1-4-6,0.47,825.5,390.13,3.88,100.0,settled,4-2-5,0,0,0.0
2026-09-19 02:57:05,20260918,14,6,1-5-6,0.33,1113.0,364.4,3.673,100.0,settled,4-2-5,0,0,0.0
2026-09-19 02:57:05,20260918,14,6,1-6-2,0.06,1675.0,107.53,1.005,100.0,settled,4-2-5,0,0,0.0
2026-09-19 02:57:05,20260918,14,6,1-6-4,0.11,1819.0,193.36,2.001,100.0,settled,4-2-5,0,0,0.0
2026-09-19 02:57:05,20260918,14,6,1-6-5,0.11,2014.0,229.8,2.215,100.0,settled,4-2-5,0,0,0.0
2026-09-19 02:57:05,20260918,14,7,1-2-5,1.59,72.8,115.42,1.158,100.0,settled,1-4-3,0,0,0.0
2026-09-19 02:57:05,20260918,14,9,1-2-6,3.25,65.4,212.73,2.126,100.0,settled,5-4-1,0,0,0.0
2026-09-19 02:57:05,20260918,14,9,1-3-4,3.73,39.7,147.89,1.481,100.0,settled,5-4-1,0,0,0.0
2026-09-19 02:57:05,20260918,14,9,1-3-6,1.2,125.0,149.69,1.5,100.0,settled,5-4-1,0,0,0.0
2026-09-19 02:57:05,20260918,14,9,1-4-3,3.35,39.1,130.93,1.31,100.0,settled,5-4-1,0,0,0.0
2026-09-19 02:57:05,20260918,14,9,1-4-6,1.53,87.0,132.93,1.331,100.0,settled,5-4-1,0,0,0.0
2026-09-19 02:57:05,20260918,14,9,1-6-2,0.67,220.7,148.33,1.479,100.0,settled,5-4-1,0,0,0.0
2026-09-19 02:57:05,20260918,14,9,1-6-3,0.38,298.8,112.2,1.135,100.0,settled,5-4-1,0,0,0.0
2026-09-19 02:57:05,20260918,14,9,1-6-4,0.43,337.4,143.7,1.451,100.0,settled,5-4-1,0,0,0.0
2026-09-19 02:57:05,20260918,14,10,1-2-3,6.72,27.0,181.45,1.814,100.0,settled,1-4-2,0,0,0.0
2026-09-19 02:57:05,20260918,14,10,1-3-2,5.0,76.7,383.18,3.835,100.0,settled,1-4-2,0,0,0.0
2026-09-19 02:57:05,20260918,14,10,1-3-5,1.67,191.2,320.05,3.193,100.0,settled,1-4-2,0,0,0.0
2026-09-19 02:57:05,20260918,14,10,1-3-6,2.44,154.4,377.21,3.767,100.0,settled,1-4-2,0,0,0.0
2026-09-19 02:57:05,20260918,14,10,1-5-3,1.25,304.5,382.06,3.806,100.0,settled,1-4-2,0,0,0.0
2026-09-19 02:57:05,20260918,14,10,1-5-6,2.03,57.4,116.25,1.165,100.0,settled,1-4-2,0,0,0.0
2026-09-19 02:57:05,20260918,14,10,1-6-3,1.43,233.0,332.42,3.332,100.0,settled,1-4-2,0,0,0.0
2026-09-19 02:57:05,20260918,14,10,1-6-5,1.88,69.6,130.73,1.308,100.0,settled,1-4-2,0,0,0.0
2026-09-19 02:57:05,20260918,14,11,1-2-6,7.23,42.0,303.76,3.037,100.0,settled,4-5-1,0,0,0.0
2026-09-19 02:57:05,20260918,14,11,1-4-6,6.39,47.3,302.15,3.022,100.0,settled,4-5-1,0,0,0.0
2026-09-19 02:57:05,20260918,14,11,1-6-2,1.31,154.4,202.13,2.023,100.0,settled,4-5-1,0,0,0.0
2026-09-19 02:57:05,20260918,14,11,1-6-4,1.11,175.2,194.72,1.945,100.0,settled,4-5-1,0,0,0.0
2026-09-19 02:57:05,20260918,14,12,1-2-6,3.01,64.6,194.3,1.944,100.0,settled,3-1-5,0,0,0.0
2026-09-19 02:57:05,20260918,14,12,1-4-6,4.67,36.6,171.04,1.709,100.0,settled,3-1-5,0,0,0.0
2026-09-19 02:57:05,20260918,14,12,1-6-2,1.33,192.1,256.15,2.555,100.0,settled,3-1-5,0,0,0.0
2026-09-19 02:57:05,20260918,14,12,1-6-3,1.98,93.0,184.34,1.841,100.0,settled,3-1-5,0,0,0.0
2026-09-19 02:57:05,20260918,14,12,1-6-4,1.74,121.0,210.73,2.105,100.0,settled,3-1-5,0,0,0.0
2026-09-19 02:57:05,20260918,14,12,1-6-5,0.56,182.6,102.84,1.023,100.0,settled,3-1-5,0,0,0.0
2026-09-19 02:57:05,20260918,15,1,1-3-6,5.87,40.2,236.01,2.36,100.0,settled,1-2-4,0,0,0.0
2026-09-19 02:57:05,20260918,15,1,1-4-6,1.74,68.6,119.67,1.194,100.0,settled,1-2-4,0,0,0.0
2026-09-19 02:57:05,20260918,15,1,1-6-2,2.71,64.1,173.4,1.737,100.0,settled,1-2-4,0,0,0.0
2026-09-19 02:57:05,20260918,15,1,1-6-3,2.92,118.2,344.6,3.451,100.0,settled,1-2-4,0,0,0.0
2026-09-19 02:57:05,20260918,15,1,1-6-4,1.38,135.6,187.24,1.871,100.0,settled,1-2-4,0,0,0.0
2026-09-19 02:57:05,20260918,15,1,1-6-5,2.74,50.6,138.55,1.386,100.0,settled,1-2-4,0,0,0.0
2026-09-19 02:57:05,20260918,15,2,1-4-5,4.89,30.0,146.83,1.467,100.0,settled,1-3-6,0,0,0.0
2026-09-19 02:57:05,20260918,15,2,1-5-2,1.4,112.0,156.89,1.568,100.0,settled,1-3-6,0,0,0.0
2026-09-19 02:57:05,20260918,15,2,1-5-3,2.35,68.9,161.7,1.619,100.0,settled,1-3-6,0,0,0.0
2026-09-19 02:57:05,20260918,15,2,1-5-4,4.55,55.5,252.41,2.525,100.0,settled,1-3-6,0,0,0.0
2026-09-19 02:57:05,20260918,15,2,1-5-6,5.75,37.2,214.09,2.139,100.0,settled,1-3-6,0,0,0.0
2026-09-19 02:57:05,20260918,15,2,1-6-5,3.23,35.7,115.46,1.153,100.0,settled,1-3-6,0,0,0.0
2026-09-19 02:57:05,20260918,15,3,1-4-3,0.97,104.9,102.27,1.018,100.0,settled,3-6-5,0,0,0.0
2026-09-19 02:57:05,20260918,15,3,1-4-6,1.14,138.3,157.99,1.577,100.0,settled,3-6-5,0,0,0.0
2026-09-19 02:57:05,20260918,15,3,1-6-2,1.21,144.9,175.33,1.753,100.0,settled,3-6-5,0,0,0.0
2026-09-19 02:57:05,20260918,15,3,1-6-3,2.2,89.9,197.87,1.978,100.0,settled,3-6-5,0,0,0.0
2026-09-19 02:57:05,20260918,15,3,1-6-4,1.04,219.7,229.45,2.285,100.0,settled,3-6-5,0,0,0.0
2026-09-19 02:57:05,20260918,15,3,1-6-5,1.8,58.8,105.68,1.058,100.0,settled,3-6-5,0,0,0.0
2026-09-19 02:57:05,20260918,15,4,1-2-5,5.45,49.6,270.55,2.703,100.0,settled,2-1-4,0,0,0.0
2026-09-19 02:57:05,20260918,15,4,1-2-6,2.06,361.5,744.65,7.447,100.0,settled,2-1-4,0,0,0.0
2026-09-19 02:57:05,20260918,15,4,1-3-6,1.06,282.9,300.61,2.999,100.0,settled,2-1-4,0,0,0.0
2026-09-19 02:57:05,20260918,15,4,1-5-2,1.78,143.8,255.95,2.56,100.0,settled,2-1-4,0,0,0.0
2026-09-19 02:57:05,20260918,15,4,1-5-6,0.24,990.3,233.22,2.377,100.0,settled,2-1-4,0,0,0.0
2026-09-19 02:57:05,20260918,15,4,1-6-2,0.37,905.1,333.71,3.349,100.0,settled,2-1-4,0,0,0.0
2026-09-19 02:57:05,20260918,15,4,1-6-3,0.26,942.5,246.65,2.45,100.0,settled,2-1-4,0,0,0.0
2026-09-19 02:57:05,20260918,15,4,1-6-5,0.13,1980.0,263.14,2.574,100.0,settled,2-1-4,0,0,0.0
2026-09-19 02:57:05,20260918,15,5,1-2-6,0.84,221.2,186.6,1.858,100.0,settled,1-3-5,0,0,0.0
2026-09-19 02:57:05,20260918,15,5,1-5-6,2.06,79.8,164.23,1.644,100.0,settled,1-3-5,0,0,0.0
2026-09-19 02:57:05,20260918,15,5,1-6-2,0.22,711.4,154.16,1.565,100.0,settled,1-3-5,0,0,0.0
2026-09-19 02:57:05,20260918,15,5,1-6-5,0.58,470.0,270.49,2.726,100.0,settled,1-3-5,0,0,0.0
2026-09-19 02:57:05,20260918,15,6,1-4-2,0.93,148.6,138.35,1.382,100.0,settled,2-1-4,0,0,0.0
2026-09-19 02:57:05,20260918,15,6,1-4-3,0.72,239.1,171.58,1.722,100.0,settled,2-1-4,0,0,0.0
2026-09-19 02:57:05,20260918,15,6,1-4-5,2.78,154.0,427.64,4.281,100.0,settled,2-1-4,0,0,0.0
2026-09-19 02:57:05,20260918,15,6,1-4-6,1.45,224.3,324.52,3.252,100.0,settled,2-1-4,0,0,0.0
2026-09-19 02:57:05,20260918,15,6,1-5-4,4.29,125.8,539.47,5.397,100.0,settled,2-1-4,0,0,0.0
2026-09-19 02:57:05,20260918,15,6,1-5-6,5.36,37.1,199.02,1.989,100.0,settled,2-1-4,0,0,0.0
2026-09-19 02:57:05,20260918,15,6,1-6-4,0.84,356.2,299.71,2.992,100.0,settled,2-1-4,0,0,0.0
2026-09-19 02:57:05,20260918,15,6,1-6-5,2.25,117.2,263.76,2.637,100.0,settled,2-1-4,0,0,0.0
2026-09-19 02:57:05,20260918,15,7,1-2-3,3.86,26.1,100.87,1.007,100.0,settled,3-4-6,0,0,0.0
2026-09-19 02:57:05,20260918,15,7,1-3-2,9.22,32.8,302.58,3.024,100.0,settled,3-4-6,0,0,0.0
2026-09-19 02:57:05,20260918,15,7,1-3-4,2.15,81.5,175.31,1.752,100.0,settled,3-4-6,0,0,0.0
2026-09-19 02:57:05,20260918,15,7,1-4-2,0.96,136.6,131.33,1.311,100.0,settled,3-4-6,0,0,0.0
2026-09-19 02:57:05,20260918,15,7,1-4-3,1.17,202.8,237.07,2.373,100.0,settled,3-4-6,0,0,0.0
2026-09-19 02:57:05,20260918,15,7,1-4-5,0.79,161.4,127.31,1.275,100.0,settled,3-4-6,0,0,0.0
2026-09-19 02:57:05,20260918,15,8,1-2-6,4.01,39.1,156.87,1.568,100.0,settled,1-2-4,0,0,0.0
2026-09-19 02:57:05,20260918,15,9,1-2-3,9.13,20.8,189.93,1.899,100.0,settled,5-2-1,0,0,0.0
2026-09-19 02:57:05,20260918,15,9,1-2-6,2.85,101.4,289.13,2.89,100.0,settled,5-2-1,0,0,0.0
2026-09-19 02:57:05,20260918,15,9,1-3-2,8.72,37.4,326.08,3.261,100.0,settled,5-2-1,0,0,0.0
2026-09-19 02:57:05,20260918,15,9,1-3-6,0.93,209.5,195.23,1.948,100.0,settled,5-2-1,0,0,0.0
2026-09-19 02:57:05,20260918,15,9,1-4-6,1.53,90.4,138.75,1.383,100.0,settled,5-2-1,0,0,0.0
2026-09-19 02:57:05,20260918,15,9,1-6-2,0.53,380.6,202.44,2.017,100.0,settled,5-2-1,0,0,0.0
2026-09-19 02:57:05,20260918,15,9,1-6-3,0.27,552.3,147.8,1.491,100.0,settled,5-2-1,0,0,0.0
2026-09-19 02:57:05,20260918,15,9,1-6-4,0.37,459.4,171.45,1.7,100.0,settled,5-2-1,0,0,0.0
2026-09-19 02:57:05,20260918,15,10,1-2-6,1.16,88.7,102.71,1.029,100.0,settled,5-1-4,0,0,0.0
2026-09-19 02:57:05,20260918,15,10,1-4-6,0.92,137.4,125.86,1.264,100.0,settled,5-1-4,0,0,0.0
2026-09-19 02:57:05,20260918,15,11,1-3-2,5.49,26.4,144.99,1.449,100.0,settled,1-4-2,0,0,0.0
2026-09-19 02:57:05,20260918,15,11,1-3-4,4.7,41.1,193.3,1.932,100.0,settled,1-4-2,0,0,0.0
2026-09-19 02:57:05,20260918,15,11,1-3-5,3.06,54.7,167.16,1.674,100.0,settled,1-4-2,0,0,0.0
2026-09-19 02:57:05,20260918,15,11,1-4-3,4.39,40.1,176.1,1.76,100.0,settled,1-4-2,0,0,0.0
2026-09-19 02:57:05,20260918,15,11,1-5-3,2.37,67.5,160.24,1.6,100.0,settled,1-4-2,0,0,0.0
2026-09-19 02:57:05,20260918,15,12,1-2-5,6.4,20.6,131.83,1.318,100.0,settled,1-4-6,0,0,0.0
2026-09-19 02:57:05,20260918,15,12,1-2-6,7.06,31.9,225.06,2.252,100.0,settled,1-4-6,0,0,0.0
2026-09-19 02:57:05,20260918,15,12,1-4-6,2.24,47.8,107.27,1.071,100.0,settled,1-4-6,1,4780.0,4780.0
2026-09-19 02:57:05,20260918,15,12,1-6-2,1.08,168.9,181.99,1.824,100.0,settled,1-4-6,0,0,0.0
2026-09-19 02:57:05,20260918,15,12,1-6-4,0.56,195.6,110.38,1.095,100.0,settled,1-4-6,0,0,0.0
2026-09-19 02:57:05,20260918,16,1,1-3-4,4.17,40.8,170.03,1.701,100.0,settled,1-3-2,0,0,0.0
2026-09-19 02:57:05,20260918,16,1,1-4-2,3.21,36.1,115.81,1.159,100.0,settled,1-3-2,0,0,0.0
2026-09-19 02:57:05,20260918,16,1,1-4-3,2.89,83.0,239.56,2.399,100.0,settled,1-3-2,0,0,0.0
2026-09-19 02:57:05,20260918,16,1,1-4-5,3.49,73.3,255.77,2.558,100.0,settled,1-3-2,0,0,0.0
2026-09-19 02:57:05,20260918,16,1,1-4-6,1.52,73.9,112.35,1.123,100.0,settled,1-3-2,0,0,0.0
2026-09-19 02:57:05,20260918,16,1,1-5-4,2.96,41.0,121.52,1.214,100.0,settled,1-3-2,0,0,0.0
2026-09-19 02:57:05,20260918,16,2,1-2-6,1.26,87.8,110.85,1.106,100.0,settled,1-4-5,0,0,0.0
2026-09-19 02:57:05,20260918,16,2,1-3-6,2.61,52.5,137.14,1.37,100.0,settled,1-4-5,0,0,0.0
2026-09-19 02:57:05,20260918,16,2,1-5-3,1.6,65.7,105.31,1.051,100.0,settled,1-4-5,0,0,0.0
2026-09-19 02:57:05,20260918,16,2,1-5-6,0.88,127.2,111.47,1.119,100.0,settled,1-4-5,0,0,0.0
2026-09-19 02:57:05,20260918,16,2,1-6-2,0.52,242.5,126.58,1.261,100.0,settled,1-4-5,0,0,0.0
2026-09-19 02:57:05,20260918,16,2,1-6-3,0.83,231.3,191.66,1.92,100.0,settled,1-4-5,0,0,0.0
2026-09-19 02:57:05,20260918,16,2,1-6-4,0.54,194.4,104.51,1.05,100.0,settled,1-4-5,0,0,0.0
2026-09-19 02:57:05,20260918,16,2,1-6-5,0.53,310.0,163.93,1.643,100.0,settled,1-4-5,0,0,0.0
2026-09-19 02:57:05,20260918,16,4,1-2-6,0.74,151.7,111.51,1.123,100.0,settled,1-2-4,0,0,0.0
2026-09-19 02:57:05,20260918,16,4,1-3-2,4.65,25.2,117.14,1.172,100.0,settled,1-2-4,0,0,0.0
2026-09-19 02:57:05,20260918,16,6,1-2-3,0.77,135.7,104.64,1.045,100.0,settled,6-5-1,0,0,0.0
2026-09-19 02:57:05,20260918,16,6,1-2-5,3.1,70.1,217.25,2.173,100.0,settled,6-5-1,0,0,0.0
2026-09-19 02:57:05,20260918,16,6,1-2-6,0.85,164.4,140.4,1.397,100.0,settled,6-5-1,0,0,0.0
2026-09-19 02:57:05,20260918,16,6,1-3-2,0.8,153.2,123.28,1.226,100.0,settled,6-5-1,0,0,0.0
2026-09-19 02:57:05,20260918,16,6,1-5-2,2.62,45.3,118.71,1.187,100.0,settled,6-5-1,0,0,0.0
2026-09-19 02:57:05,20260918,16,6,1-6-2,0.3,367.0,110.1,1.101,100.0,settled,6-5-1,0,0,0.0
2026-09-19 02:57:05,20260918,16,7,1-5-2,3.7,41.8,154.77,1.547,100.0,settled,1-2-3,0,0,0.0
2026-09-19 02:57:05,20260918,16,7,1-5-3,3.02,61.9,186.91,1.869,100.0,settled,1-2-3,0,0,0.0
2026-09-19 02:57:05,20260918,16,8,1-2-3,5.42,20.4,110.66,1.106,100.0,settled,1-5-3,0,0,0.0
2026-09-19 02:57:05,20260918,16,8,1-2-6,1.95,153.1,298.5,2.985,100.0,settled,1-5-3,0,0,0.0
2026-09-19 02:57:05,20260918,16,8,1-3-2,5.99,21.6,129.31,1.294,100.0,settled,1-5-3,0,0,0.0
2026-09-19 02:57:05,20260918,16,8,1-3-6,0.92,163.1,150.44,1.501,100.0,settled,1-5-3,0,0,0.0
2026-09-19 02:57:05,20260918,16,8,1-5-6,3.0,62.7,188.35,1.881,100.0,settled,1-5-3,0,0,0.0
2026-09-19 02:57:05,20260918,16,8,1-6-2,0.57,412.5,236.07,2.351,100.0,settled,1-5-3,0,0,0.0
2026-09-19 02:57:05,20260918,16,8,1-6-3,0.41,451.1,183.69,1.85,100.0,settled,1-5-3,0,0,0.0
2026-09-19 02:57:05,20260918,16,8,1-6-5,1.08,260.9,280.57,2.818,100.0,settled,1-5-3,0,0,0.0
2026-09-19 02:57:05,20260918,16,9,1-4-6,3.32,42.7,141.95,1.418,100.0,settled,1-3-4,0,0,0.0
2026-09-19 02:57:05,20260918,16,9,1-5-2,1.87,79.1,147.54,1.479,100.0,settled,1-3-4,0,0,0.0
2026-09-19 02:57:05,20260918,16,9,1-5-4,4.46,47.7,212.78,2.127,100.0,settled,1-3-4,0,0,0.0
2026-09-19 02:57:05,20260918,16,9,1-5-6,0.72,221.7,159.98,1.596,100.0,settled,1-3-4,0,0,0.0
2026-09-19 02:57:05,20260918,16,10,1-4-3,1.59,77.4,123.07,1.231,100.0,settled,5-3-1,0,0,0.0
2026-09-19 02:57:05,20260918,16,10,1-4-5,0.54,218.9,117.13,1.182,100.0,settled,5-3-1,0,0,0.0
2026-09-19 02:57:05,20260918,16,10,1-4-6,2.6,79.3,205.96,2.062,100.0,settled,5-3-1,0,0,0.0
2026-09-19 02:57:05,20260918,16,10,1-5-6,0.72,194.3,139.22,1.399,100.0,settled,5-3-1,0,0,0.0
2026-09-19 02:57:05,20260918,16,10,1-6-4,2.09,95.8,200.09,2.002,100.0,settled,5-3-1,0,0,0.0
2026-09-19 02:57:05,20260918,16,10,1-6-5,1.05,143.8,151.21,1.51,100.0,settled,5-3-1,0,0,0.0
2026-09-19 02:57:05,20260918,16,11,1-2-6,1.31,102.3,133.87,1.34,100.0,settled,2-1-3,0,0,0.0
2026-09-19 02:57:05,20260918,16,11,1-4-6,3.05,86.5,264.02,2.638,100.0,settled,2-1-3,0,0,0.0
2026-09-19 02:57:05,20260918,16,11,1-6-4,0.37,324.7,118.55,1.201,100.0,settled,2-1-3,0,0,0.0
2026-09-19 02:57:05,20260918,16,12,1-4-2,6.16,22.3,137.39,1.374,100.0,settled,1-2-5,0,0,0.0
2026-09-19 02:57:05,20260918,16,12,1-4-3,5.43,22.1,119.98,1.2,100.0,settled,1-2-5,0,0,0.0
2026-09-19 02:57:05,20260918,16,12,1-4-6,4.95,53.4,264.26,2.643,100.0,settled,1-2-5,0,0,0.0
2026-09-19 02:57:05,20260918,16,12,1-6-2,1.78,78.3,139.12,1.394,100.0,settled,1-2-5,0,0,0.0
2026-09-19 02:57:05,20260918,16,12,1-6-3,1.2,94.8,113.54,1.138,100.0,settled,1-2-5,0,0,0.0
2026-09-19 02:57:05,20260918,16,12,1-6-4,1.57,158.1,248.3,2.482,100.0,settled,1-2-5,0,0,0.0
2026-09-19 02:57:05,20260918,17,1,1-2-4,5.87,31.4,184.2,1.843,100.0,settled,1-4-3,0,0,0.0
2026-09-19 02:57:05,20260918,17,1,1-2-6,5.74,143.2,821.55,8.22,100.0,settled,1-4-3,0,0,0.0
2026-09-19 02:57:05,20260918,17,1,1-4-2,4.16,51.2,213.23,2.13,100.0,settled,1-4-3,0,0,0.0
2026-09-19 02:57:05,20260918,17,1,1-4-6,1.59,177.7,282.01,2.825,100.0,settled,1-4-3,0,0,0.0
2026-09-19 02:57:05,20260918,17,1,1-6-2,2.29,344.3,787.96,7.884,100.0,settled,1-4-3,0,0,0.0
2026-09-19 02:57:05,20260918,17,1,1-6-3,1.06,214.1,227.52,2.269,100.0,settled,1-4-3,0,0,0.0
2026-09-19 02:57:05,20260918,17,1,1-6-4,0.85,495.4,422.58,4.211,100.0,settled,1-4-3,0,0,0.0
2026-09-19 02:57:05,20260918,17,1,1-6-5,0.4,341.0,136.3,1.364,100.0,settled,1-4-3,0,0,0.0
2026-09-19 02:57:05,20260918,17,2,1-2-3,2.82,74.9,211.34,2.112,100.0,settled,4-5-2,0,0,0.0
2026-09-19 02:57:05,20260918,17,2,1-2-6,1.36,296.9,402.8,4.038,100.0,settled,4-5-2,0,0,0.0
2026-09-19 02:57:05,20260918,17,2,1-3-2,4.34,163.5,710.02,7.096,100.0,settled,4-5-2,0,0,0.0
2026-09-19 02:57:05,20260918,17,2,1-4-6,0.61,298.2,182.2,1.819,100.0,settled,4-5-2,0,0,0.0
2026-09-19 02:57:05,20260918,17,2,1-6-2,0.36,1185.0,430.63,4.266,100.0,settled,4-5-2,0,0,0.0
2026-09-19 02:57:05,20260918,17,2,1-6-3,0.14,1653.0,228.28,2.314,100.0,settled,4-5-2,0,0,0.0
2026-09-19 02:57:05,20260918,17,2,1-6-4,0.21,1244.0,257.51,2.612,100.0,settled,4-5-2,0,0,0.0
2026-09-19 02:57:05,20260918,17,2,1-6-5,0.15,1535.0,233.01,2.303,100.0,settled,4-5-2,0,0,0.0
2026-09-19 02:57:05,20260918,17,3,1-2-6,0.82,541.2,443.24,4.438,100.0,settled,3-1-4,0,0,0.0
2026-09-19 02:57:05,20260918,17,3,1-4-6,3.14,229.7,721.95,7.213,100.0,settled,3-1-4,0,0,0.0
2026-09-19 02:57:05,20260918,17,3,1-5-4,0.91,136.3,124.43,1.24,100.0,settled,3-1-4,0,0,0.0
2026-09-19 02:57:05,20260918,17,3,1-5-6,0.18,955.7,175.66,1.72,100.0,settled,3-1-4,0,0,0.0
2026-09-19 02:57:05,20260918,17,3,1-6-2,0.33,1359.0,449.56,4.485,100.0,settled,3-1-4,0,0,0.0
2026-09-19 02:57:05,20260918,17,3,1-6-3,0.16,1627.0,266.18,2.603,100.0,settled,3-1-4,0,0,0.0
2026-09-19 02:57:05,20260918,17,3,1-6-4,0.73,1093.0,799.97,7.979,100.0,settled,3-1-4,0,0,0.0
2026-09-19 02:57:05,20260918,17,3,1-6-5,0.17,1346.0,229.09,2.288,100.0,settled,3-1-4,0,0,0.0
2026-09-19 02:57:05,20260918,17,4,1-2-6,0.85,292.0,247.29,2.482,100.0,settled,1-2-4,0,0,0.0
2026-09-19 02:57:05,20260918,17,4,1-3-2,5.1,38.0,193.75,1.938,100.0,settled,1-2-4,0,0,0.0
2026-09-19 02:57:05,20260918,17,4,1-3-6,0.39,646.1,249.98,2.52,100.0,settled,1-2-4,0,0,0.0
2026-09-19 02:57:05,20260918,17,4,1-5-3,2.08,107.4,223.06,2.234,100.0,settled,1-2-4,0,0,0.0
2026-09-19 02:57:05,20260918,17,4,1-5-6,0.6,674.0,401.16,4.044,100.0,settled,1-2-4,0,0,0.0
2026-09-19 02:57:05,20260918,17,4,1-6-2,0.17,1090.0,186.83,1.853,100.0,settled,1-2-4,0,0,0.0
2026-09-19 02:57:05,20260918,17,4,1-6-3,0.11,1463.0,161.81,1.609,100.0,settled,1-2-4,0,0,0.0
2026-09-19 02:57:05,20260918,17,4,1-6-5,0.2,1337.0,261.38,2.674,100.0,settled,1-2-4,0,0,0.0
2026-09-19 02:57:05,20260918,17,6,1-2-5,3.42,141.8,484.3,4.85,100.0,settled,2-6-1,0,0,0.0
2026-09-19 02:57:05,20260918,17,6,1-3-5,0.29,432.5,125.73,1.254,100.0,settled,2-6-1,0,0,0.0
2026-09-19 02:57:05,20260918,17,6,1-4-5,0.62,341.8,211.71,2.119,100.0,settled,2-6-1,0,0,0.0
2026-09-19 02:57:05,20260918,17,6,1-5-2,1.69,332.2,562.28,5.614,100.0,settled,2-6-1,0,0,0.0
2026-09-19 02:57:05,20260918,17,6,1-5-3,0.44,530.6,234.47,2.335,100.0,settled,2-6-1,0,0,0.0
2026-09-19 02:57:05,20260918,17,6,1-5-4,0.62,547.6,337.65,3.395,100.0,settled,2-6-1,0,0,0.0
2026-09-19 02:57:05,20260918,17,6,1-5-6,1.31,592.6,778.14,7.763,100.0,settled,2-6-1,0,0,0.0
2026-09-19 02:57:05,20260918,17,6,1-6-5,1.14,360.2,409.76,4.106,100.0,settled,2-6-1,0,0,0.0
2026-09-19 02:57:05,20260918,17,7,1-2-6,9.26,134.6,1245.76,12.464,100.0,settled,1-5-2,0,0,0.0
2026-09-19 02:57:05,20260918,17,7,1-3-6,2.62,161.2,422.81,4.223,100.0,settled,1-5-2,0,0,0.0
2026-09-19 02:57:05,20260918,17,7,1-4-6,6.67,149.2,995.76,9.952,100.0,settled,1-5-2,0,0,0.0
2026-09-19 02:57:05,20260918,17,7,1-5-6,3.56,39.5,140.45,1.406,100.0,settled,1-5-2,0,0,0.0
2026-09-19 02:57:05,20260918,17,7,1-6-2,5.8,366.4,2123.58,21.251,100.0,settled,1-5-2,0,0,0.0
2026-09-19 02:57:05,20260918,17,7,1-6-3,2.53,455.7,1151.74,11.529,100.0,settled,1-5-2,0,0,0.0
2026-09-19 02:57:05,20260918,17,7,1-6-4,4.54,464.2,2108.63,21.075,100.0,settled,1-5-2,0,0,0.0
2026-09-19 02:57:05,20260918,17,7,1-6-5,3.69,243.3,897.97,8.978,100.0,settled,1-5-2,0,0,0.0
2026-09-19 02:57:05,20260918,17,8,1-2-4,2.1,48.0,100.63,1.008,100.0,settled,5-1-6,0,0,0.0
2026-09-19 02:57:05,20260918,17,8,1-4-2,1.34,92.6,124.24,1.241,100.0,settled,5-1-6,0,0,0.0
2026-09-19 02:57:05,20260918,17,8,1-4-5,1.32,85.6,112.71,1.13,100.0,settled,5-1-6,0,0,0.0
2026-09-19 02:57:05,20260918,17,8,1-5-2,6.3,21.6,135.99,1.361,100.0,settled,5-1-6,0,0,0.0
2026-09-19 02:57:05,20260918,17,8,1-5-3,5.76,25.4,146.24,1.463,100.0,settled,5-1-6,0,0,0.0
2026-09-19 02:57:05,20260918,17,8,1-5-4,1.64,101.2,165.81,1.66,100.0,settled,5-1-6,0,0,0.0
2026-09-19 02:57:05,20260918,17,9,1-2-5,3.32,157.3,522.87,5.222,100.0,settled,3-1-4,0,0,0.0
2026-09-19 02:57:05,20260918,17,9,1-2-6,3.21,90.5,290.93,2.905,100.0,settled,3-1-4,0,0,0.0
2026-09-19 02:57:05,20260918,17,9,1-5-2,1.4,313.2,438.39,4.385,100.0,settled,3-1-4,0,0,0.0
2026-09-19 02:57:05,20260918,17,9,1-5-3,1.18,207.6,245.28,2.45,100.0,settled,3-1-4,0,0,0.0
2026-09-19 02:57:05,20260918,17,9,1-5-4,1.05,206.4,216.43,2.167,100.0,settled,3-1-4,0,0,0.0
2026-09-19 02:57:05,20260918,17,9,1-5-6,0.5,368.9,184.04,1.845,100.0,settled,3-1-4,0,0,0.0
2026-09-19 02:57:05,20260918,17,9,1-6-2,1.1,237.4,261.38,2.611,100.0,settled,3-1-4,0,0,0.0
2026-09-19 02:57:05,20260918,17,9,1-6-5,0.46,423.3,196.28,1.947,100.0,settled,3-1-4,0,0,0.0
2026-09-19 02:57:05,20260918,17,10,1-2-6,1.94,297.8,576.87,5.777,100.0,settled,1-3-4,0,0,0.0
2026-09-19 02:57:05,20260918,17,10,1-3-6,2.69,154.6,415.27,4.159,100.0,settled,1-3-4,0,0,0.0
2026-09-19 02:57:05,20260918,17,10,1-6-2,0.81,958.5,773.13,7.764,100.0,settled,1-3-4,0,0,0.0
2026-09-19 02:57:05,20260918,17,10,1-6-3,0.92,816.7,751.77,7.514,100.0,settled,1-3-4,0,0,0.0
2026-09-19 02:57:05,20260918,17,10,1-6-4,0.2,1053.0,212.28,2.106,100.0,settled,1-3-4,0,0,0.0
2026-09-19 02:57:05,20260918,17,10,1-6-5,0.1,1240.0,125.36,1.24,100.0,settled,1-3-4,0,0,0.0
2026-09-19 02:57:05,20260918,17,11,1-2-4,4.73,23.4,110.7,1.107,100.0,settled,2-1-4,0,0,0.0
2026-09-19 02:57:05,20260918,17,11,1-2-6,1.68,182.8,306.77,3.071,100.0,settled,2-1-4,0,0,0.0
2026-09-19 02:57:05,20260918,17,11,1-3-6,1.36,153.2,208.21,2.084,100.0,settled,2-1-4,0,0,0.0
2026-09-19 02:57:05,20260918,17,11,1-5-6,0.74,199.6,147.62,1.477,100.0,settled,2-1-4,0,0,0.0
2026-09-19 02:57:05,20260918,17,11,1-6-2,0.36,432.4,155.53,1.557,100.0,settled,2-1-4,0,0,0.0
2026-09-19 02:57:05,20260918,17,11,1-6-3,0.3,543.5,165.28,1.631,100.0,settled,2-1-4,0,0,0.0
2026-09-19 02:57:05,20260918,17,11,1-6-5,0.31,595.0,182.31,1.845,100.0,settled,2-1-4,0,0,0.0
2026-09-19 02:57:05,20260918,17,12,1-3-6,2.87,35.9,102.95,1.03,100.0,settled,1-2-6,0,0,0.0
2026-09-19 02:57:05,20260918,22,1,1-4-2,8.54,31.4,268.21,2.682,100.0,settled,3-5-1,0,0,0.0
2026-09-19 02:57:05,20260918,22,1,1-4-5,4.26,31.8,135.45,1.355,100.0,settled,3-5-1,0,0,0.0
2026-09-19 02:57:05,20260918,22,2,1-3-4,3.26,56.9,185.39,1.855,100.0,settled,1-5-6,0,0,0.0
2026-09-19 02:57:05,20260918,22,2,1-4-2,8.79,51.8,455.11,4.553,100.0,settled,1-5-6,0,0,0.0
2026-09-19 02:57:05,20260918,22,2,1-4-3,4.39,115.5,507.24,5.07,100.0,settled,1-5-6,0,0,0.0
2026-09-19 02:57:05,20260918,22,2,1-4-5,4.39,88.4,387.66,3.881,100.0,settled,1-5-6,0,0,0.0
2026-09-19 02:57:05,20260918,22,2,1-5-4,1.67,113.7,189.49,1.899,100.0,settled,1-5-6,0,0,0.0
2026-09-19 02:57:05,20260918,22,3,1-2-6,0.76,1043.0,793.93,7.927,100.0,settled,5-1-2,0,0,0.0
2026-09-19 02:57:05,20260918,22,3,1-3-6,0.57,514.8,295.19,2.934,100.0,settled,5-1-2,0,0,0.0
2026-09-19 02:57:05,20260918,22,3,1-4-6,0.2,891.0,182.03,1.782,100.0,settled,5-1-2,0,0,0.0
2026-09-19 02:57:05,20260918,22,3,1-6-2,0.12,1838.0,223.68,2.206,100.0,settled,5-1-2,0,0,0.0
2026-09-19 02:57:05,20260918,22,3,1-6-3,0.1,1259.0,131.69,1.259,100.0,settled,5-1-2,0,0,0.0
2026-09-19 02:57:05,20260918,22,4,1-2-6,1.34,295.6,396.34,3.961,100.0,settled,3-1-2,0,0,0.0
2026-09-19 02:57:05,20260918,22,4,1-3-6,1.28,913.0,1166.81,11.686,100.0,settled,3-1-2,0,0,0.0
2026-09-19 02:57:05,20260918,22,4,1-4-5,1.33,130.4,172.87,1.734,100.0,settled,3-1-2,0,0,0.0
2026-09-19 02:57:05,20260918,22,4,1-4-6,1.83,311.2,570.06,5.695,100.0,settled,3-1-2,0,0,0.0
2026-09-19 02:57:05,20260918,22,4,1-6-2,0.52,862.0,444.45,4.482,100.0,settled,3-1-2,0,0,0.0
2026-09-19 02:57:05,20260918,22,4,1-6-3,0.47,1812.0,858.71,8.516,100.0,settled,3-1-2,0,0,0.0
2026-09-19 02:57:05,20260918,22,4,1-6-4,0.56,1580.0,879.74,8.848,100.0,settled,3-1-2,0,0,0.0
2026-09-19 02:57:05,20260918,22,4,1-6-5,0.11,2370.0,267.1,2.607,100.0,settled,3-1-2,0,0,0.0
2026-09-19 02:57:05,20260918,22,5,1-3-6,3.52,42.0,147.93,1.478,100.0,settled,1-3-5,0,0,0.0
2026-09-19 02:57:05,20260918,22,5,1-4-2,2.94,63.3,186.2,1.861,100.0,settled,1-3-5,0,0,0.0
2026-09-19 02:57:05,20260918,22,5,1-4-3,5.65,77.3,436.98,4.367,100.0,settled,1-3-5,0,0,0.0
2026-09-19 02:57:05,20260918,22,5,1-4-5,0.97,128.3,124.54,1.245,100.0,settled,1-3-5,0,0,0.0
2026-09-19 02:57:05,20260918,22,5,1-4-6,1.37,234.0,319.6,3.206,100.0,settled,1-3-5,0,0,0.0
2026-09-19 02:57:05,20260918,22,5,1-6-2,0.72,225.7,163.11,1.625,100.0,settled,1-3-5,0,0,0.0
2026-09-19 02:57:05,20260918,22,5,1-6-3,1.26,254.3,320.14,3.204,100.0,settled,1-3-5,0,0,0.0
2026-09-19 02:57:05,20260918,22,5,1-6-4,0.53,599.2,319.55,3.176,100.0,settled,1-3-5,0,0,0.0
2026-09-19 02:57:05,20260918,22,6,1-2-6,4.28,42.5,181.7,1.819,100.0,settled,1-3-4,0,0,0.0
2026-09-19 02:57:05,20260918,22,6,1-4-2,15.12,24.4,368.87,3.689,100.0,settled,1-3-4,0,0,0.0
2026-09-19 02:57:05,20260918,22,6,1-4-5,5.35,44.9,240.36,2.402,100.0,settled,1-3-4,0,0,0.0
2026-09-19 02:57:05,20260918,22,6,1-4-6,1.84,90.3,166.59,1.662,100.0,settled,1-3-4,0,0,0.0
2026-09-19 02:57:05,20260918,22,7,1-2-6,1.64,327.6,538.05,5.373,100.0,settled,1-3-4,0,0,0.0
2026-09-19 02:57:05,20260918,22,7,1-3-6,1.21,244.4,295.75,2.957,100.0,settled,1-3-4,0,0,0.0
2026-09-19 02:57:05,20260918,22,7,1-4-5,3.05,38.9,118.69,1.186,100.0,settled,1-3-4,0,0,0.0
2026-09-19 02:57:05,20260918,22,7,1-4-6,1.74,341.4,594.86,5.94,100.0,settled,1-3-4,0,0,0.0
2026-09-19 02:57:05,20260918,22,7,1-6-2,0.47,932.5,440.33,4.383,100.0,settled,1-3-4,0,0,0.0
2026-09-19 02:57:05,20260918,22,7,1-6-3,0.38,847.7,320.09,3.221,100.0,settled,1-3-4,0,0,0.0
2026-09-19 02:57:05,20260918,22,7,1-6-4,0.41,1122.0,461.14,4.6,100.0,settled,1-3-4,0,0,0.0
2026-09-19 02:57:05,20260918,22,8,1-2-6,2.03,62.1,126.34,1.261,100.0,settled,1-3-2,0,0,0.0
2026-09-19 02:57:05,20260918,22,8,1-6-3,0.28,445.0,122.42,1.246,100.0,settled,1-3-2,0,0,0.0
2026-09-19 02:57:05,20260918,22,9,1-2-6,1.57,65.0,101.82,1.021,100.0,settled,3-2-1,0,0,0.0
2026-09-19 02:57:05,20260918,22,9,1-3-6,2.0,51.4,102.91,1.028,100.0,settled,3-2-1,0,0,0.0
2026-09-19 02:57:05,20260918,22,9,1-4-6,1.82,157.9,286.92,2.874,100.0,settled,3-2-1,0,0,0.0
2026-09-19 02:57:05,20260918,22,9,1-6-2,1.34,265.7,357.37,3.56,100.0,settled,3-2-1,0,0,0.0
2026-09-19 02:57:05,20260918,22,9,1-6-3,1.63,237.7,388.05,3.875,100.0,settled,3-2-1,0,0,0.0
2026-09-19 02:57:05,20260918,22,9,1-6-4,1.5,405.6,607.75,6.084,100.0,settled,3-2-1,0,0,0.0
2026-09-19 02:57:05,20260918,22,9,1-6-5,0.53,379.3,200.27,2.01,100.0,settled,3-2-1,0,0,0.0
2026-09-19 02:57:05,20260918,22,10,1-2-6,2.0,54.7,109.59,1.094,100.0,settled,1-2-3,0,0,0.0
2026-09-19 02:57:05,20260918,22,10,1-3-6,4.49,46.5,208.57,2.088,100.0,settled,1-2-3,0,0,0.0
2026-09-19 02:57:05,20260918,22,10,1-4-3,3.81,43.6,166.0,1.661,100.0,settled,1-2-3,0,0,0.0
2026-09-19 02:57:05,20260918,22,10,1-4-6,1.32,130.8,172.66,1.727,100.0,settled,1-2-3,0,0,0.0
2026-09-19 02:57:05,20260918,22,10,1-5-6,0.96,126.8,122.21,1.217,100.0,settled,1-2-3,0,0,0.0
2026-09-19 02:57:05,20260918,22,10,1-6-2,0.45,293.2,130.59,1.319,100.0,settled,1-2-3,0,0,0.0
2026-09-19 02:57:05,20260918,22,10,1-6-3,0.67,313.9,209.28,2.103,100.0,settled,1-2-3,0,0,0.0
2026-09-19 02:57:05,20260918,22,10,1-6-4,0.33,416.2,137.6,1.373,100.0,settled,1-2-3,0,0,0.0
2026-09-19 02:57:05,20260918,22,11,1-4-2,3.99,25.3,100.91,1.009,100.0,settled,2-5-4,0,0,0.0
2026-09-19 02:57:05,20260918,22,11,1-4-3,2.85,36.4,103.58,1.037,100.0,settled,2-5-4,0,0,0.0
2026-09-19 02:57:05,20260918,22,11,1-4-5,1.47,69.5,102.14,1.022,100.0,settled,2-5-4,0,0,0.0
2026-09-19 02:57:05,20260918,22,11,1-4-6,1.73,84.9,147.17,1.469,100.0,settled,2-5-4,0,0,0.0
2026-09-19 02:57:05,20260918,22,11,1-6-4,0.53,220.5,116.58,1.169,100.0,settled,2-5-4,0,0,0.0
2026-09-19 02:57:05,20260918,22,12,1-2-5,4.28,24.0,102.71,1.027,100.0,settled,1-3-2,0,0,0.0
2026-09-19 02:57:05,20260918,22,12,1-4-3,5.12,22.1,113.21,1.132,100.0,settled,1-3-2,0,0,0.0
2026-09-19 02:57:05,20260918,22,12,1-4-5,3.31,32.5,107.48,1.076,100.0,settled,1-3-2,0,0,0.0
2026-09-19 02:57:05,20260918,22,12,1-4-6,5.36,21.4,114.76,1.147,100.0,settled,1-3-2,0,0,0.0
2026-09-19 02:57:05,20260918,22,12,1-5-4,1.14,89.3,102.19,1.018,100.0,settled,1-3-2,0,0,0.0
2026-09-19 02:57:05,20260918,23,1,1-2-5,4.91,183.5,900.23,9.01,100.0,settled,1-3-2,0,0,0.0
2026-09-19 02:57:05,20260918,23,1,1-3-5,5.15,123.0,633.35,6.335,100.0,settled,1-3-2,0,0,0.0
2026-09-19 02:57:05,20260918,23,1,1-4-5,0.98,236.9,231.19,2.322,100.0,settled,1-3-2,0,0,0.0
2026-09-19 02:57:05,20260918,23,1,1-5-2,1.75,573.3,1002.82,10.033,100.0,settled,1-3-2,0,0,0.0
2026-09-19 02:57:05,20260918,23,1,1-5-3,1.95,555.0,1084.41,10.822,100.0,settled,1-3-2,0,0,0.0
2026-09-19 02:57:05,20260918,23,1,1-5-4,0.56,746.1,420.58,4.178,100.0,settled,1-3-2,0,0,0.0
2026-09-19 02:57:05,20260918,23,1,1-5-6,0.17,874.5,148.75,1.487,100.0,settled,1-3-2,0,0,0.0
2026-09-19 02:57:05,20260918,23,2,1-2-6,4.72,35.9,169.42,1.694,100.0,settled,1-3-5,0,0,0.0
2026-09-19 02:57:05,20260918,23,3,1-4-2,10.37,32.6,337.99,3.381,100.0,settled,1-5-6,0,0,0.0
2026-09-19 02:57:05,20260918,23,3,1-4-5,13.49,22.7,306.16,3.062,100.0,settled,1-5-6,0,0,0.0
2026-09-19 02:57:05,20260918,23,3,1-4-6,2.42,104.6,252.81,2.531,100.0,settled,1-5-6,0,0,0.0
2026-09-19 02:57:05,20260918,23,3,1-6-4,0.39,271.9,107.26,1.06,100.0,settled,1-5-6,0,0,0.0
2026-09-19 02:57:05,20260918,23,4,1-2-6,0.82,413.0,339.61,3.387,100.0,settled,2-5-1,0,0,0.0
2026-09-19 02:57:05,20260918,23,4,1-3-6,3.44,149.9,515.64,5.157,100.0,settled,2-5-1,0,0,0.0
2026-09-19 02:57:05,20260918,23,4,1-4-6,1.43,325.4,466.92,4.653,100.0,settled,2-5-1,0,0,0.0
2026-09-19 02:57:05,20260918,23,4,1-5-6,1.68,159.0,266.53,2.671,100.0,settled,2-5-1,0,0,0.0
2026-09-19 02:57:05,20260918,23,4,1-6-2,0.63,1118.0,703.11,7.043,100.0,settled,2-5-1,0,0,0.0
2026-09-19 02:57:05,20260918,23,4,1-6-3,1.91,739.9,1415.28,14.132,100.0,settled,2-5-1,0,0,0.0
2026-09-19 02:57:05,20260918,23,4,1-6-4,0.88,1014.0,890.7,8.923,100.0,settled,2-5-1,0,0,0.0
2026-09-19 02:57:05,20260918,23,4,1-6-5,1.27,826.0,1047.78,10.49,100.0,settled,2-5-1,0,0,0.0
2026-09-19 02:57:05,20260918,23,5,1-2-6,0.55,560.7,309.56,3.084,100.0,settled,2-3-1,0,0,0.0
2026-09-19 02:57:05,20260918,23,5,1-3-6,0.68,400.6,271.09,2.724,100.0,settled,2-3-1,0,0,0.0
2026-09-19 02:57:05,20260918,23,5,1-4-6,0.61,581.2,351.8,3.545,100.0,settled,2-3-1,0,0,0.0
2026-09-19 02:57:05,20260918,23,5,1-5-6,0.35,506.2,175.25,1.772,100.0,settled,2-3-1,0,0,0.0
2026-09-19 02:57:05,20260918,23,5,1-6-2,0.11,1182.0,127.77,1.3,100.0,settled,2-3-1,0,0,0.0
2026-09-19 02:57:05,20260918,23,5,1-6-3,0.12,1231.0,145.87,1.477,100.0,settled,2-3-1,0,0,0.0
2026-09-19 02:57:05,20260918,23,5,1-6-4,0.11,1231.0,137.87,1.354,100.0,settled,2-3-1,0,0,0.0
2026-09-19 02:57:05,20260918,23,5,1-6-5,0.11,1433.0,158.06,1.576,100.0,settled,2-3-1,0,0,0.0
2026-09-19 02:57:05,20260918,23,6,1-3-5,3.75,53.4,200.14,2.002,100.0,settled,1-4-3,0,0,0.0
2026-09-19 02:57:05,20260918,23,6,1-3-6,0.36,616.1,220.93,2.218,100.0,settled,1-4-3,0,0,0.0
2026-09-19 02:57:05,20260918,23,6,1-4-6,0.2,671.5,136.18,1.343,100.0,settled,1-4-3,0,0,0.0
2026-09-19 02:57:05,20260918,23,6,1-5-3,4.99,34.7,173.13,1.732,100.0,settled,1-4-3,0,0,0.0
2026-09-19 02:57:05,20260918,23,6,1-5-6,1.12,421.0,469.92,4.715,100.0,settled,1-4-3,0,0,0.0
2026-09-19 02:57:05,20260918,23,6,1-6-3,0.1,1492.0,146.81,1.492,100.0,settled,1-4-3,0,0,0.0
2026-09-19 02:57:05,20260918,23,6,1-6-5,0.24,1343.0,317.89,3.223,100.0,settled,1-4-3,0,0,0.0
2026-09-19 02:57:05,20260918,23,7,1-3-6,0.79,160.3,126.65,1.266,100.0,settled,4-1-2,0,0,0.0
2026-09-19 02:57:05,20260918,23,7,1-5-3,3.53,60.0,211.57,2.118,100.0,settled,4-1-2,0,0,0.0
2026-09-19 02:57:05,20260918,23,7,1-5-6,2.05,93.1,190.59,1.909,100.0,settled,4-1-2,0,0,0.0
2026-09-19 02:57:05,20260918,23,7,1-6-3,0.52,409.1,212.12,2.127,100.0,settled,4-1-2,0,0,0.0
2026-09-19 02:57:05,20260918,23,7,1-6-4,0.59,171.3,100.64,1.011,100.0,settled,4-1-2,0,0,0.0
2026-09-19 02:57:05,20260918,23,7,1-6-5,1.19,177.9,210.95,2.117,100.0,settled,4-1-2,0,0,0.0
2026-09-19 02:57:05,20260918,23,8,1-6-5,0.43,334.2,143.94,1.437,100.0,settled,3-1-4,0,0,0.0
2026-09-19 02:57:05,20260918,23,9,1-3-6,0.74,157.7,116.35,1.167,100.0,settled,4-1-3,0,0,0.0
2026-09-19 02:57:05,20260918,23,9,1-5-6,0.54,215.4,116.94,1.163,100.0,settled,4-1-3,0,0,0.0
2026-09-19 02:57:05,20260918,23,9,1-6-3,0.34,473.1,161.52,1.609,100.0,settled,4-1-3,0,0,0.0
2026-09-19 02:57:05,20260918,23,9,1-6-4,0.37,374.0,139.35,1.384,100.0,settled,4-1-3,0,0,0.0
2026-09-19 02:57:05,20260918,23,9,1-6-5,0.32,481.2,152.01,1.54,100.0,settled,4-1-3,0,0,0.0
2026-09-19 02:57:05,20260918,23,10,1-2-5,3.18,60.8,193.22,1.933,100.0,settled,1-2-4,0,0,0.0
2026-09-19 02:57:05,20260918,23,10,1-4-3,7.47,25.3,188.9,1.89,100.0,settled,1-2-4,0,0,0.0
2026-09-19 02:57:05,20260918,23,10,1-4-5,2.73,112.8,307.91,3.079,100.0,settled,1-2-4,0,0,0.0
2026-09-19 02:57:05,20260918,23,10,1-4-6,3.65,43.3,158.11,1.58,100.0,settled,1-2-4,0,0,0.0
2026-09-19 02:57:05,20260918,23,10,1-5-2,0.57,202.7,114.95,1.155,100.0,settled,1-2-4,0,0,0.0
2026-09-19 02:57:05,20260918,23,10,1-5-4,0.75,262.2,196.36,1.966,100.0,settled,1-2-4,0,0,0.0
2026-09-19 02:57:05,20260918,23,11,1-4-2,2.6,44.9,116.66,1.167,100.0,settled,1-3-5,0,0,0.0
2026-09-19 02:57:05,20260918,23,11,1-4-3,7.36,24.7,181.86,1.818,100.0,settled,1-3-5,0,0,0.0
2026-09-19 02:57:05,20260918,23,11,1-4-5,1.78,150.1,267.19,2.672,100.0,settled,1-3-5,0,0,0.0
2026-09-19 02:57:05,20260918,23,11,1-5-3,0.85,172.2,146.2,1.464,100.0,settled,1-3-5,0,0,0.0
2026-09-19 02:57:05,20260918,23,11,1-5-4,0.51,357.4,183.85,1.823,100.0,settled,1-3-5,0,0,0.0
2026-09-19 02:57:05,20260918,23,12,1-4-3,8.61,28.2,242.84,2.428,100.0,settled,1-3-2,0,0,0.0
2026-09-19 02:57:05,20260918,23,12,1-4-5,5.47,34.5,188.78,1.887,100.0,settled,1-3-2,0,0,0.0
2026-09-19 02:57:05,20260918,23,12,1-5-4,2.41,65.2,157.02,1.571,100.0,settled,1-3-2,0,0,0.0
2026-09-19 02:57:05,20260918,24,1,1-2-3,2.66,54.1,143.66,1.439,100.0,settled,1-4-6,0,0,0.0
2026-09-19 02:57:05,20260918,24,1,1-2-6,7.14,29.6,211.31,2.113,100.0,settled,1-4-6,0,0,0.0
2026-09-19 02:57:05,20260918,24,1,1-3-2,2.92,79.4,231.8,2.318,100.0,settled,1-4-6,0,0,0.0
2026-09-19 02:57:05,20260918,24,1,1-3-6,2.58,45.5,117.34,1.174,100.0,settled,1-4-6,0,0,0.0
2026-09-19 02:57:05,20260918,24,1,1-6-3,3.07,35.4,108.79,1.087,100.0,settled,1-4-6,0,0,0.0
2026-09-19 02:57:05,20260918,24,2,1-2-5,5.25,84.8,444.9,4.452,100.0,settled,3-2-5,0,0,0.0
2026-09-19 02:57:05,20260918,24,2,1-2-6,2.63,166.0,436.36,4.366,100.0,settled,3-2-5,0,0,0.0
2026-09-19 02:57:05,20260918,24,2,1-5-2,4.49,204.4,918.12,9.178,100.0,settled,3-2-5,0,0,0.0
2026-09-19 02:57:05,20260918,24,2,1-5-3,3.93,183.6,722.23,7.215,100.0,settled,3-2-5,0,0,0.0
2026-09-19 02:57:05,20260918,24,2,1-5-6,6.02,263.8,1586.78,15.881,100.0,settled,3-2-5,0,0,0.0
2026-09-19 02:57:05,20260918,24,2,1-6-2,1.89,462.0,873.69,8.732,100.0,settled,3-2-5,0,0,0.0
2026-09-19 02:57:05,20260918,24,2,1-6-3,1.4,517.4,723.53,7.244,100.0,settled,3-2-5,0,0,0.0
2026-09-19 02:57:05,20260918,24,2,1-6-5,4.05,511.2,2069.29,20.704,100.0,settled,3-2-5,0,0,0.0
2026-09-19 02:57:05,20260918,24,3,1-2-6,0.49,356.7,175.0,1.748,100.0,settled,3-1-4,0,0,0.0
2026-09-19 02:57:05,20260918,24,3,1-3-2,0.93,187.7,174.04,1.746,100.0,settled,3-1-4,0,0,0.0
2026-09-19 02:57:05,20260918,24,3,1-3-6,2.55,87.4,222.6,2.229,100.0,settled,3-1-4,0,0,0.0
2026-09-19 02:57:05,20260918,24,3,1-4-6,1.04,140.6,145.69,1.462,100.0,settled,3-1-4,0,0,0.0
2026-09-19 02:57:05,20260918,24,3,1-6-2,1.04,263.7,275.51,2.742,100.0,settled,3-1-4,0,0,0.0
2026-09-19 02:57:05,20260918,24,3,1-6-3,3.53,87.8,309.89,3.099,100.0,settled,3-1-4,0,0,0.0
2026-09-19 02:57:05,20260918,24,3,1-6-4,1.51,125.9,190.01,1.901,100.0,settled,3-1-4,0,0,0.0
2026-09-19 02:57:05,20260918,24,4,1-2-4,0.97,320.1,310.56,3.105,100.0,settled,2-3-6,0,0,0.0
2026-09-19 02:57:05,20260918,24,4,1-2-5,0.57,368.6,210.4,2.101,100.0,settled,2-3-6,0,0,0.0
2026-09-19 02:57:05,20260918,24,4,1-3-4,1.13,224.2,252.72,2.533,100.0,settled,2-3-6,0,0,0.0
2026-09-19 02:57:05,20260918,24,4,1-4-2,0.41,670.2,274.92,2.748,100.0,settled,2-3-6,0,0,0.0
2026-09-19 02:57:05,20260918,24,4,1-4-3,0.56,555.0,310.52,3.108,100.0,settled,2-3-6,0,0,0.0
2026-09-19 02:57:05,20260918,24,4,1-4-6,0.98,576.7,563.09,5.652,100.0,settled,2-3-6,0,0,0.0
2026-09-19 02:57:05,20260918,24,4,1-5-6,0.41,621.1,256.95,2.547,100.0,settled,2-3-6,0,0,0.0
2026-09-19 02:57:05,20260918,24,4,1-6-4,1.32,278.1,366.87,3.671,100.0,settled,2-3-6,0,0,0.0
2026-09-19 02:57:05,20260918,24,5,1-2-3,3.94,70.0,275.99,2.758,100.0,settled,2-1-3,0,0,0.0
2026-09-19 02:57:05,20260918,24,5,1-2-4,6.29,32.4,203.95,2.038,100.0,settled,2-1-3,0,0,0.0
2026-09-19 02:57:05,20260918,24,5,1-2-6,7.55,72.6,548.3,5.481,100.0,settled,2-1-3,0,0,0.0
2026-09-19 02:57:05,20260918,24,5,1-3-2,2.92,74.3,217.1,2.17,100.0,settled,2-1-3,0,0,0.0
2026-09-19 02:57:05,20260918,24,5,1-3-6,2.83,65.8,186.12,1.862,100.0,settled,2-1-3,0,0,0.0
2026-09-19 02:57:05,20260918,24,5,1-6-2,4.41,136.6,602.52,6.024,100.0,settled,2-1-3,0,0,0.0
2026-09-19 02:57:05,20260918,24,5,1-6-3,2.14,137.0,292.86,2.932,100.0,settled,2-1-3,0,0,0.0
2026-09-19 02:57:05,20260918,24,5,1-6-4,2.83,50.7,143.56,1.435,100.0,settled,2-1-3,0,0,0.0
2026-09-19 02:57:05,20260918,24,6,1-2-3,3.06,135.9,415.32,4.159,100.0,settled,1-4-6,0,0,0.0
2026-09-19 02:57:05,20260918,24,6,1-2-4,5.93,98.8,585.8,5.859,100.0,settled,1-4-6,0,0,0.0
2026-09-19 02:57:05,20260918,24,6,1-2-5,1.16,219.1,253.5,2.542,100.0,settled,1-4-6,0,0,0.0
2026-09-19 02:57:05,20260918,24,6,1-2-6,7.07,259.0,1832.37,18.311,100.0,settled,1-4-6,0,0,0.0
2026-09-19 02:57:05,20260918,24,6,1-4-2,4.56,47.2,215.14,2.152,100.0,settled,1-4-6,0,0,0.0
2026-09-19 02:57:05,20260918,24,6,1-6-2,5.74,299.5,1718.35,17.191,100.0,settled,1-4-6,0,0,0.0
2026-09-19 02:57:05,20260918,24,6,1-6-3,3.5,90.5,316.69,3.168,100.0,settled,1-4-6,0,0,0.0
2026-09-19 02:57:05,20260918,24,6,1-6-4,6.77,52.2,353.28,3.534,100.0,settled,1-4-6,0,0,0.0
2026-09-19 02:57:05,20260918,24,7,1-3-4,6.32,31.2,197.13,1.972,100.0,settled,1-2-3,0,0,0.0
2026-09-19 02:57:05,20260918,24,7,1-3-5,7.77,37.1,288.21,2.883,100.0,settled,1-2-3,0,0,0.0
2026-09-19 02:57:05,20260918,24,7,1-3-6,2.88,80.5,231.5,2.318,100.0,settled,1-2-3,0,0,0.0
2026-09-19 02:57:05,20260918,24,7,1-4-3,3.86,53.0,204.53,2.046,100.0,settled,1-2-3,0,0,0.0
2026-09-19 02:57:05,20260918,24,7,1-5-3,3.37,77.3,260.33,2.605,100.0,settled,1-2-3,0,0,0.0
2026-09-19 02:57:05,20260918,24,7,1-5-6,0.7,158.8,111.14,1.112,100.0,settled,1-2-3,0,0,0.0
2026-09-19 02:57:05,20260918,24,7,1-6-3,0.59,282.8,165.64,1.669,100.0,settled,1-2-3,0,0,0.0
2026-09-19 02:57:05,20260918,24,8,1-3-4,2.54,179.3,456.19,4.554,100.0,settled,1-2-5,0,0,0.0
2026-09-19 02:57:05,20260918,24,8,1-4-2,2.63,191.0,502.01,5.023,100.0,settled,1-2-5,0,0,0.0
2026-09-19 02:57:05,20260918,24,8,1-4-3,2.73,364.6,995.98,9.954,100.0,settled,1-2-5,0,0,0.0
2026-09-19 02:57:05,20260918,24,8,1-4-5,2.76,374.6,1035.32,10.339,100.0,settled,1-2-5,0,0,0.0
2026-09-19 02:57:05,20260918,24,8,1-4-6,7.34,193.9,1422.66,14.232,100.0,settled,1-2-5,0,0,0.0
2026-09-19 02:57:05,20260918,24,8,1-5-4,1.25,495.3,617.09,6.191,100.0,settled,1-2-5,0,0,0.0
2026-09-19 02:57:05,20260918,24,8,1-5-6,2.66,109.3,290.5,2.907,100.0,settled,1-2-5,0,0,0.0
2026-09-19 02:57:05,20260918,24,8,1-6-4,5.13,153.2,785.21,7.859,100.0,settled,1-2-5,0,0,0.0
2026-09-19 02:57:05,20260918,24,9,1-3-2,2.67,54.8,146.16,1.463,100.0,settled,2-6-5,0,0,0.0
2026-09-19 02:57:05,20260918,24,9,1-3-4,0.85,177.5,150.86,1.509,100.0,settled,2-6-5,0,0,0.0
2026-09-19 02:57:05,20260918,24,9,1-3-6,0.42,297.2,125.86,1.248,100.0,settled,2-6-5,0,0,0.0
2026-09-19 02:57:05,20260918,24,9,1-4-2,2.07,76.9,158.91,1.592,100.0,settled,2-6-5,0,0,0.0
2026-09-19 02:57:05,20260918,24,9,1-4-3,0.7,263.4,184.12,1.844,100.0,settled,2-6-5,0,0,0.0
2026-09-19 02:57:05,20260918,24,9,1-4-6,0.55,324.7,177.61,1.786,100.0,settled,2-6-5,0,0,0.0
2026-09-19 02:57:05,20260918,24,9,1-6-4,0.16,722.5,113.72,1.156,100.0,settled,2-6-5,0,0,0.0
2026-09-19 02:57:05,20260918,24,10,1-2-6,8.99,82.3,740.07,7.399,100.0,settled,3-1-2,0,0,0.0
2026-09-19 02:57:05,20260918,24,10,1-3-6,0.9,160.3,144.93,1.443,100.0,settled,3-1-2,0,0,0.0
2026-09-19 02:57:05,20260918,24,10,1-4-6,3.18,136.5,434.34,4.341,100.0,settled,3-1-2,0,0,0.0
2026-09-19 02:57:05,20260918,24,10,1-5-6,0.29,449.3,131.24,1.303,100.0,settled,3-1-2,0,0,0.0
2026-09-19 02:57:05,20260918,24,10,1-6-2,2.18,334.7,730.01,7.296,100.0,settled,3-1-2,0,0,0.0
2026-09-19 02:57:05,20260918,24,10,1-6-3,0.5,531.2,265.12,2.656,100.0,settled,3-1-2,0,0,0.0
2026-09-19 02:57:05,20260918,24,10,1-6-4,1.12,512.5,572.51,5.74,100.0,settled,3-1-2,0,0,0.0
2026-09-19 02:57:05,20260918,24,10,1-6-5,0.34,718.7,245.08,2.444,100.0,settled,3-1-2,0,0,0.0
2026-09-19 02:57:05,20260918,24,11,1-2-4,4.93,35.7,175.88,1.76,100.0,settled,3-4-6,0,0,0.0
2026-09-19 02:57:05,20260918,24,11,1-2-5,2.52,49.4,124.62,1.245,100.0,settled,3-4-6,0,0,0.0
2026-09-19 02:57:05,20260918,24,11,1-4-2,8.22,33.8,277.88,2.778,100.0,settled,3-4-6,0,0,0.0
2026-09-19 02:57:05,20260918,24,12,1-2-3,8.85,21.7,191.96,1.92,100.0,settled,1-2-6,0,0,0.0
2026-09-19 02:57:05,20260918,24,12,1-2-6,4.8,21.3,102.33,1.022,100.0,settled,1-2-6,1,2010.0,2010.0
2026-09-19 02:57:05,20260918,24,12,1-3-2,5.1,30.4,155.06,1.55,100.0,settled,1-2-6,0,0,0.0
2026-09-19 02:57:05,20260918,24,12,1-3-6,4.79,20.9,100.08,1.001,100.0,settled,1-2-6,0,0,0.0
2026-09-19 02:57:05,20260918,24,12,1-4-2,5.08,20.2,102.6,1.026,100.0,settled,1-2-6,0,0,0.0
2026-09-19 02:57:05,20260918,24,12,1-6-2,3.02,37.6,113.7,1.136,100.0,settled,1-2-6,0,0,0.0
2026-09-19 02:57:05,20260918,24,12,1-6-3,2.98,39.8,118.5,1.186,100.0,settled,1-2-6,0,0,0.0
2026-09-20 02:29:31,20260919,2,1,1-2-6,1.63,260.3,425.41,4.243,100.0,settled,1-4-2,0,0,0.0
2026-09-20 02:29:31,20260919,2,1,1-3-6,1.3,461.4,601.62,5.998,100.0,settled,1-4-2,0,0,0.0
2026-09-20 02:29:31,20260919,2,1,1-4-6,1.26,368.6,465.8,4.644,100.0,settled,1-4-2,0,0,0.0
2026-09-20 02:29:31,20260919,2,1,1-5-6,0.88,432.1,380.2,3.802,100.0,settled,1-4-2,0,0,0.0
2026-09-20 02:29:31,20260919,2,1,1-6-2,0.64,711.1,451.69,4.551,100.0,settled,1-4-2,0,0,0.0
2026-09-20 02:29:31,20260919,2,1,1-6-3,0.58,1191.0,693.4,6.908,100.0,settled,1-4-2,0,0,0.0
2026-09-20 02:29:31,20260919,2,1,1-6-4,0.48,977.3,466.37,4.691,100.0,settled,1-4-2,0,0,0.0
2026-09-20 02:29:31,20260919,2,1,1-6-5,0.54,1245.0,669.69,6.723,100.0,settled,1-4-2,0,0,0.0
2026-09-20 02:29:31,20260919,2,2,1-2-5,1.69,119.2,201.54,2.014,100.0,settled,2-5-4,0,0,0.0
2026-09-20 02:29:31,20260919,2,2,1-2-6,0.16,961.4,152.77,1.538,100.0,settled,2-5-4,0,0,0.0
2026-09-20 02:29:31,20260919,2,2,1-5-2,2.08,116.1,240.95,2.415,100.0,settled,2-5-4,0,0,0.0
2026-09-20 02:29:31,20260919,2,2,1-5-3,2.08,58.9,122.55,1.225,100.0,settled,2-5-4,0,0,0.0
2026-09-20 02:29:31,20260919,2,2,1-5-6,0.43,732.1,313.85,3.148,100.0,settled,2-5-4,0,0,0.0
2026-09-20 02:29:31,20260919,2,2,1-6-5,0.11,1669.0,177.08,1.836,100.0,settled,2-5-4,0,0,0.0
2026-09-20 02:29:31,20260919,2,4,1-3-2,0.48,349.4,166.42,1.677,100.0,settled,2-1-6,0,0,0.0
2026-09-20 02:29:31,20260919,2,4,1-3-6,0.64,430.9,274.1,2.758,100.0,settled,2-1-6,0,0,0.0
2026-09-20 02:29:31,20260919,2,4,1-6-3,0.62,371.9,229.5,2.306,100.0,settled,2-1-6,0,0,0.0
2026-09-20 02:29:31,20260919,2,5,1-2-6,0.78,139.4,108.75,1.087,100.0,settled,1-3-4,0,0,0.0
2026-09-20 02:29:31,20260919,2,5,1-3-2,3.27,49.0,160.23,1.602,100.0,settled,1-3-4,0,0,0.0
2026-09-20 02:29:31,20260919,2,6,1-3-4,1.94,54.4,105.62,1.055,100.0,settled,2-1-3,0,0,0.0
2026-09-20 02:29:31,20260919,2,6,1-3-5,0.72,150.9,109.09,1.086,100.0,settled,2-1-3,0,0,0.0
2026-09-20 02:29:31,20260919,2,6,1-5-3,0.21,491.8,102.93,1.033,100.0,settled,2-1-3,0,0,0.0
2026-09-20 02:29:31,20260919,2,8,1-2-3,1.17,99.6,116.06,1.165,100.0,settled,2-4-6,0,0,0.0
2026-09-20 02:29:31,20260919,2,8,1-2-5,0.58,431.6,251.02,2.503,100.0,settled,2-4-6,0,0,0.0
2026-09-20 02:29:31,20260919,2,8,1-3-2,0.95,205.0,195.69,1.948,100.0,settled,2-4-6,0,0,0.0
2026-09-20 02:29:31,20260919,2,8,1-4-5,0.24,825.6,199.22,1.981,100.0,settled,2-4-6,0,0,0.0
2026-09-20 02:29:31,20260919,2,8,1-5-2,0.19,1193.0,227.39,2.267,100.0,settled,2-4-6,0,0,0.0
2026-09-20 02:29:31,20260919,2,8,1-5-4,0.1,1952.0,187.78,1.952,100.0,settled,2-4-6,0,0,0.0
2026-09-20 02:29:31,20260919,2,8,1-5-6,0.09,2028.0,182.32,1.825,100.0,settled,2-4-6,0,0,0.0
2026-09-20 02:29:31,20260919,2,8,1-6-5,0.11,1411.0,156.48,1.552,100.0,settled,2-4-6,0,0,0.0
2026-09-20 02:29:31,20260919,2,10,1-3-2,9.28,27.9,258.79,2.589,100.0,settled,5-1-2,0,0,0.0
2026-09-20 02:29:31,20260919,2,10,1-3-4,6.47,39.9,258.26,2.582,100.0,settled,5-1-2,0,0,0.0
2026-09-20 02:29:31,20260919,2,10,1-3-6,1.26,296.7,373.37,3.738,100.0,settled,5-1-2,0,0,0.0
2026-09-20 02:29:31,20260919,2,10,1-4-6,1.95,185.3,361.21,3.613,100.0,settled,5-1-2,0,0,0.0
2026-09-20 02:29:31,20260919,2,10,1-5-6,1.4,182.3,255.69,2.552,100.0,settled,5-1-2,0,0,0.0
2026-09-20 02:29:31,20260919,2,10,1-6-3,0.3,939.6,282.63,2.819,100.0,settled,5-1-2,0,0,0.0
2026-09-20 02:29:31,20260919,2,10,1-6-4,0.39,643.2,252.52,2.508,100.0,settled,5-1-2,0,0,0.0
2026-09-20 02:29:31,20260919,2,10,1-6-5,0.42,818.8,344.14,3.439,100.0,settled,5-1-2,0,0,0.0
2026-09-20 02:29:31,20260919,2,11,1-4-2,3.07,46.6,143.02,1.431,100.0,settled,2-4-3,0,0,0.0
2026-09-20 02:29:31,20260919,2,11,1-4-3,3.62,54.0,195.44,1.955,100.0,settled,2-4-3,0,0,0.0
2026-09-20 02:29:31,20260919,2,11,1-4-5,4.82,39.0,187.95,1.88,100.0,settled,2-4-3,0,0,0.0
2026-09-20 02:29:31,20260919,2,11,1-4-6,8.11,38.2,309.87,3.098,100.0,settled,2-4-3,0,0,0.0
2026-09-20 02:29:31,20260919,2,11,1-5-4,3.41,44.5,151.72,1.517,100.0,settled,2-4-3,0,0,0.0
2026-09-20 02:29:31,20260919,2,11,1-6-3,3.18,48.0,152.42,1.526,100.0,settled,2-4-3,0,0,0.0
2026-09-20 02:29:31,20260919,2,11,1-6-4,5.37,53.9,289.71,2.894,100.0,settled,2-4-3,0,0,0.0
2026-09-20 02:29:31,20260919,2,11,1-6-5,3.92,36.9,144.66,1.446,100.0,settled,2-4-3,0,0,0.0
2026-09-20 02:29:31,20260919,3,1,1-3-2,13.03,25.5,332.17,3.323,100.0,settled,1-2-5,0,0,0.0
2026-09-20 02:29:31,20260919,3,1,1-4-2,1.55,76.8,118.89,1.19,100.0,settled,1-2-5,0,0,0.0
2026-09-20 02:29:31,20260919,3,1,1-4-3,1.37,85.4,116.74,1.17,100.0,settled,1-2-5,0,0,0.0
2026-09-20 02:29:31,20260919,3,2,1-4-5,0.4,472.4,186.93,1.89,100.0,settled,6-3-5,0,0,0.0
2026-09-20 02:29:31,20260919,3,2,1-5-4,0.53,300.4,160.08,1.592,100.0,settled,6-3-5,0,0,0.0
2026-09-20 02:29:31,20260919,3,3,1-3-2,2.53,131.0,331.68,3.314,100.0,settled,2-5-4,0,0,0.0
2026-09-20 02:29:31,20260919,3,3,1-3-4,1.54,233.3,359.4,3.593,100.0,settled,2-5-4,0,0,0.0
2026-09-20 02:29:31,20260919,3,3,1-3-5,0.86,431.7,369.66,3.713,100.0,settled,2-5-4,0,0,0.0
2026-09-20 02:29:31,20260919,3,3,1-3-6,0.96,524.3,501.81,5.033,100.0,settled,2-5-4,0,0,0.0
2026-09-20 02:29:31,20260919,3,3,1-4-3,0.94,442.0,416.14,4.155,100.0,settled,2-5-4,0,0,0.0
2026-09-20 02:29:31,20260919,3,3,1-4-6,0.29,740.0,212.6,2.146,100.0,settled,2-5-4,0,0,0.0
2026-09-20 02:29:31,20260919,3,3,1-5-3,0.37,881.0,325.97,3.26,100.0,settled,2-5-4,0,0,0.0
2026-09-20 02:29:31,20260919,3,3,1-6-3,0.29,1282.0,376.52,3.718,100.0,settled,2-5-4,0,0,0.0
2026-09-20 02:29:31,20260919,3,4,1-2-5,0.74,235.7,173.48,1.744,100.0,settled,4-3-6,0,0,0.0
2026-09-20 02:29:31,20260919,3,4,1-2-6,2.18,79.9,174.02,1.742,100.0,settled,4-3-6,0,0,0.0
2026-09-20 02:29:31,20260919,3,4,1-4-5,1.29,145.7,188.03,1.88,100.0,settled,4-3-6,0,0,0.0
2026-09-20 02:29:31,20260919,3,4,1-5-2,0.31,538.0,166.94,1.668,100.0,settled,4-3-6,0,0,0.0
2026-09-20 02:29:31,20260919,3,4,1-5-3,0.26,664.6,173.79,1.728,100.0,settled,4-3-6,0,0,0.0
2026-09-20 02:29:31,20260919,3,4,1-5-4,0.46,417.2,190.99,1.919,100.0,settled,4-3-6,0,0,0.0
2026-09-20 02:29:31,20260919,3,4,1-5-6,0.37,492.8,180.81,1.823,100.0,settled,4-3-6,0,0,0.0
2026-09-20 02:29:31,20260919,3,4,1-6-5,0.39,489.6,190.21,1.909,100.0,settled,4-3-6,0,0,0.0
2026-09-20 02:29:31,20260919,3,5,1-2-6,1.77,108.6,191.91,1.922,100.0,settled,1-2-5,0,0,0.0
2026-09-20 02:29:31,20260919,3,5,1-4-2,0.75,192.8,145.22,1.446,100.0,settled,1-2-5,0,0,0.0
2026-09-20 02:29:31,20260919,3,5,1-4-5,0.95,142.4,135.32,1.353,100.0,settled,1-2-5,0,0,0.0
2026-09-20 02:29:31,20260919,3,5,1-4-6,0.36,382.8,135.93,1.378,100.0,settled,1-2-5,0,0,0.0
2026-09-20 02:29:31,20260919,3,5,1-5-6,2.42,49.8,120.36,1.205,100.0,settled,1-2-5,0,0,0.0
2026-09-20 02:29:31,20260919,3,5,1-6-2,0.57,337.6,190.85,1.924,100.0,settled,1-2-5,0,0,0.0
2026-09-20 02:29:31,20260919,3,5,1-6-4,0.23,622.2,143.73,1.431,100.0,settled,1-2-5,0,0,0.0
2026-09-20 02:29:31,20260919,3,5,1-6-5,1.03,268.8,277.35,2.769,100.0,settled,1-2-5,0,0,0.0
2026-09-20 02:29:31,20260919,3,6,1-4-6,0.26,451.9,118.85,1.175,100.0,settled,1-4-5,0,0,0.0
2026-09-20 02:29:31,20260919,3,7,1-2-3,3.24,68.0,220.35,2.203,100.0,settled,1-3-6,0,0,0.0
2026-09-20 02:29:31,20260919,3,7,1-2-6,2.18,107.7,234.45,2.348,100.0,settled,1-3-6,0,0,0.0
2026-09-20 02:29:31,20260919,3,7,1-3-2,6.72,34.0,228.36,2.285,100.0,settled,1-3-6,0,0,0.0
2026-09-20 02:29:31,20260919,3,7,1-6-2,1.91,120.0,229.27,2.292,100.0,settled,1-3-6,0,0,0.0
2026-09-20 02:29:31,20260919,3,7,1-6-5,1.03,113.5,116.85,1.169,100.0,settled,1-3-6,0,0,0.0
2026-09-20 02:29:31,20260919,3,8,1-3-2,7.6,39.4,299.51,2.994,100.0,settled,1-5-4,0,0,0.0
2026-09-20 02:29:31,20260919,3,8,1-3-4,1.77,128.0,226.82,2.266,100.0,settled,1-5-4,0,0,0.0
2026-09-20 02:29:31,20260919,3,8,1-3-6,1.81,72.3,130.51,1.309,100.0,settled,1-5-4,0,0,0.0
2026-09-20 02:29:31,20260919,3,8,1-4-3,1.23,152.6,187.07,1.877,100.0,settled,1-5-4,0,0,0.0
2026-09-20 02:29:31,20260919,3,8,1-6-3,0.78,131.7,102.11,1.027,100.0,settled,1-5-4,0,0,0.0
2026-09-20 02:29:31,20260919,3,9,1-2-4,5.0,20.4,101.94,1.02,100.0,settled,1-5-3,0,0,0.0
2026-09-20 02:29:31,20260919,3,11,1-4-6,3.71,34.7,128.67,1.287,100.0,settled,4-1-2,0,0,0.0
2026-09-20 02:29:31,20260919,3,11,1-5-3,2.43,62.0,150.47,1.507,100.0,settled,4-1-2,0,0,0.0
2026-09-20 02:29:31,20260919,3,11,1-5-4,4.39,29.8,130.82,1.308,100.0,settled,4-1-2,0,0,0.0
2026-09-20 02:29:31,20260919,3,11,1-5-6,4.86,43.0,208.82,2.09,100.0,settled,4-1-2,0,0,0.0
2026-09-20 02:29:31,20260919,3,11,1-6-3,0.71,267.5,190.17,1.899,100.0,settled,4-1-2,0,0,0.0
2026-09-20 02:29:31,20260919,3,11,1-6-4,1.71,124.6,212.6,2.131,100.0,settled,4-1-2,0,0,0.0
2026-09-20 02:29:31,20260919,3,11,1-6-5,2.16,127.8,276.33,2.76,100.0,settled,4-1-2,0,0,0.0
2026-09-20 02:29:31,20260919,3,12,1-2-5,5.97,42.3,252.7,2.525,100.0,settled,3-6-5,0,0,0.0
2026-09-20 02:29:31,20260919,3,12,1-4-5,5.34,24.7,131.84,1.319,100.0,settled,3-6-5,0,0,0.0
2026-09-20 02:29:31,20260919,3,12,1-5-2,4.59,99.2,454.89,4.553,100.0,settled,3-6-5,0,0,0.0
2026-09-20 02:29:31,20260919,3,12,1-5-3,4.58,68.5,313.84,3.137,100.0,settled,3-6-5,0,0,0.0
2026-09-20 02:29:31,20260919,3,12,1-5-4,5.37,62.2,333.88,3.34,100.0,settled,3-6-5,0,0,0.0
2026-09-20 02:29:31,20260919,3,12,1-5-6,2.9,155.1,449.82,4.498,100.0,settled,3-6-5,0,0,0.0
2026-09-20 02:29:31,20260919,3,12,1-6-5,0.95,178.2,168.84,1.693,100.0,settled,3-6-5,0,0,0.0
2026-09-20 02:29:31,20260919,4,1,1-2-5,5.28,66.2,349.74,3.495,100.0,settled,6-1-4,0,0,0.0
2026-09-20 02:29:31,20260919,4,1,1-3-5,4.35,54.8,238.11,2.384,100.0,settled,6-1-4,0,0,0.0
2026-09-20 02:29:31,20260919,4,1,1-5-2,3.84,143.5,550.81,5.51,100.0,settled,6-1-4,0,0,0.0
2026-09-20 02:29:31,20260919,4,1,1-5-3,3.71,158.9,589.19,5.895,100.0,settled,6-1-4,0,0,0.0
2026-09-20 02:29:31,20260919,4,1,1-5-4,0.81,234.5,189.92,1.899,100.0,settled,6-1-4,0,0,0.0
2026-09-20 02:29:31,20260919,4,1,1-5-6,1.89,92.4,174.25,1.746,100.0,settled,6-1-4,0,0,0.0
2026-09-20 02:29:31,20260919,4,2,1-6-3,0.88,133.7,117.71,1.177,100.0,settled,3-5-6,0,0,0.0
2026-09-20 02:29:31,20260919,4,2,1-6-4,0.61,184.1,111.95,1.123,100.0,settled,3-5-6,0,0,0.0
2026-09-20 02:29:31,20260919,4,2,1-6-5,0.8,128.7,102.48,1.03,100.0,settled,3-5-6,0,0,0.0
2026-09-20 02:29:31,20260919,4,3,1-2-6,4.1,80.4,329.42,3.296,100.0,settled,1-3-2,0,0,0.0
2026-09-20 02:29:31,20260919,4,3,1-4-6,0.5,351.6,176.12,1.758,100.0,settled,1-3-2,0,0,0.0
2026-09-20 02:29:31,20260919,4,3,1-5-2,4.0,51.0,203.97,2.04,100.0,settled,1-3-2,0,0,0.0
2026-09-20 02:29:31,20260919,4,3,1-5-4,1.16,155.1,179.98,1.799,100.0,settled,1-3-2,0,0,0.0
2026-09-20 02:29:31,20260919,4,3,1-5-6,0.8,532.7,428.66,4.262,100.0,settled,1-3-2,0,0,0.0
2026-09-20 02:29:31,20260919,4,3,1-6-2,0.8,262.8,209.24,2.102,100.0,settled,1-3-2,0,0,0.0
2026-09-20 02:29:31,20260919,4,3,1-6-4,0.24,660.3,158.74,1.585,100.0,settled,1-3-2,0,0,0.0
2026-09-20 02:29:31,20260919,4,3,1-6-5,0.53,831.5,439.28,4.407,100.0,settled,1-3-2,0,0,0.0
2026-09-20 02:29:31,20260919,4,4,1-2-5,0.66,221.2,145.42,1.46,100.0,settled,2-3-5,0,0,0.0
2026-09-20 02:29:31,20260919,4,4,1-3-5,1.43,77.4,110.95,1.107,100.0,settled,2-3-5,0,0,0.0
2026-09-20 02:29:31,20260919,4,4,1-4-5,0.78,171.2,133.66,1.335,100.0,settled,2-3-5,0,0,0.0
2026-09-20 02:29:31,20260919,4,4,1-5-2,0.43,418.5,181.25,1.8,100.0,settled,2-3-5,0,0,0.0
2026-09-20 02:29:31,20260919,4,4,1-5-3,0.76,226.3,171.69,1.72,100.0,settled,2-3-5,0,0,0.0
2026-09-20 02:29:31,20260919,4,4,1-5-4,0.48,343.4,163.32,1.648,100.0,settled,2-3-5,0,0,0.0
2026-09-20 02:29:31,20260919,4,5,1-2-5,2.76,104.1,287.03,2.873,100.0,settled,4-5-6,0,0,0.0
2026-09-20 02:29:31,20260919,4,5,1-3-5,9.75,23.1,225.14,2.252,100.0,settled,4-5-6,0,0,0.0
2026-09-20 02:29:31,20260919,4,5,1-4-5,2.24,75.2,168.24,1.684,100.0,settled,4-5-6,0,0,0.0
2026-09-20 02:29:31,20260919,4,5,1-5-2,2.43,136.1,330.9,3.307,100.0,settled,4-5-6,0,0,0.0
2026-09-20 02:29:31,20260919,4,5,1-5-3,6.94,86.2,598.36,5.982,100.0,settled,4-5-6,0,0,0.0
2026-09-20 02:29:31,20260919,4,5,1-5-4,2.19,137.4,300.78,3.009,100.0,settled,4-5-6,0,0,0.0
2026-09-20 02:29:31,20260919,4,5,1-5-6,2.45,97.1,237.82,2.379,100.0,settled,4-5-6,0,0,0.0
2026-09-20 02:29:31,20260919,4,5,1-6-5,1.19,97.7,116.39,1.163,100.0,settled,4-5-6,0,0,0.0
2026-09-20 02:29:31,20260919,4,6,1-2-4,5.22,46.3,241.91,2.417,100.0,settled,4-2-1,0,0,0.0
2026-09-20 02:29:31,20260919,4,6,1-2-5,3.87,37.7,145.73,1.459,100.0,settled,4-2-1,0,0,0.0
2026-09-20 02:29:31,20260919,4,6,1-2-6,0.81,384.0,312.08,3.11,100.0,settled,4-2-1,0,0,0.0
2026-09-20 02:29:31,20260919,4,6,1-4-2,4.14,51.0,211.23,2.111,100.0,settled,4-2-1,0,0,0.0
2026-09-20 02:29:31,20260919,4,6,1-4-6,0.6,504.9,305.11,3.029,100.0,settled,4-2-1,0,0,0.0
2026-09-20 02:29:31,20260919,4,6,1-6-2,0.12,1150.0,140.76,1.38,100.0,settled,4-2-1,0,0,0.0
2026-09-20 02:29:31,20260919,4,6,1-6-4,0.12,1025.0,127.31,1.23,100.0,settled,4-2-1,0,0,0.0
2026-09-20 02:29:31,20260919,4,6,1-6-5,0.11,965.8,103.15,1.062,100.0,settled,4-2-1,0,0,0.0
2026-09-20 02:29:31,20260919,4,7,1-3-2,5.23,36.3,189.95,1.898,100.0,settled,3-5-1,0,0,0.0
2026-09-20 02:29:31,20260919,4,7,1-3-4,2.49,139.2,346.5,3.466,100.0,settled,3-5-1,0,0,0.0
2026-09-20 02:29:31,20260919,4,7,1-3-5,4.28,38.0,162.77,1.626,100.0,settled,3-5-1,0,0,0.0
2026-09-20 02:29:31,20260919,4,7,1-4-2,1.38,155.7,214.55,2.149,100.0,settled,3-5-1,0,0,0.0
2026-09-20 02:29:31,20260919,4,7,1-4-3,1.59,205.2,325.96,3.263,100.0,settled,3-5-1,0,0,0.0
2026-09-20 02:29:31,20260919,4,7,1-4-5,1.53,176.5,269.39,2.7,100.0,settled,3-5-1,0,0,0.0
2026-09-20 02:29:31,20260919,4,7,1-5-3,3.32,46.9,155.68,1.557,100.0,settled,3-5-1,0,0,0.0
2026-09-20 02:29:31,20260919,4,7,1-5-4,1.37,132.8,182.49,1.819,100.0,settled,3-5-1,0,0,0.0
2026-09-20 02:29:31,20260919,4,8,1-2-6,5.97,33.7,201.29,2.012,100.0,settled,6-1-3,0,0,0.0
2026-09-20 02:29:31,20260919,4,8,1-4-6,3.97,43.2,171.58,1.715,100.0,settled,6-1-3,0,0,0.0
2026-09-20 02:29:31,20260919,4,8,1-5-4,1.39,74.1,102.79,1.03,100.0,settled,6-1-3,0,0,0.0
2026-09-20 02:29:31,20260919,4,8,1-5-6,2.78,52.1,144.79,1.448,100.0,settled,6-1-3,0,0,0.0
2026-09-20 02:29:31,20260919,4,8,1-6-2,4.9,41.3,202.56,2.024,100.0,settled,6-1-3,0,0,0.0
2026-09-20 02:29:31,20260919,4,8,1-6-3,5.26,29.0,152.49,1.525,100.0,settled,6-1-3,0,0,0.0
2026-09-20 02:29:31,20260919,4,8,1-6-4,4.2,51.3,215.28,2.155,100.0,settled,6-1-3,0,0,0.0
2026-09-20 02:29:31,20260919,4,8,1-6-5,3.77,62.7,236.5,2.364,100.0,settled,6-1-3,0,0,0.0
2026-09-20 02:29:31,20260919,4,9,1-2-5,11.89,46.3,550.49,5.505,100.0,settled,1-3-2,0,0,0.0
2026-09-20 02:29:31,20260919,4,9,1-2-6,11.52,52.9,609.28,6.094,100.0,settled,1-3-2,0,0,0.0
2026-09-20 02:29:31,20260919,4,9,1-3-2,9.37,20.6,193.04,1.93,100.0,settled,1-3-2,1,1530.0,1530.0
2026-09-20 02:29:31,20260919,4,9,1-3-6,3.37,39.7,133.62,1.338,100.0,settled,1-3-2,0,0,0.0
2026-09-20 02:29:31,20260919,4,9,1-5-2,4.86,67.1,326.35,3.261,100.0,settled,1-3-2,0,0,0.0
2026-09-20 02:29:31,20260919,4,9,1-5-6,4.36,84.0,365.83,3.662,100.0,settled,1-3-2,0,0,0.0
2026-09-20 02:29:31,20260919,4,9,1-6-2,4.23,71.9,304.14,3.041,100.0,settled,1-3-2,0,0,0.0
2026-09-20 02:29:31,20260919,4,9,1-6-5,2.71,114.2,309.98,3.095,100.0,settled,1-3-2,0,0,0.0
2026-09-20 02:29:31,20260919,4,12,1-2-5,7.39,27.6,204.04,2.04,100.0,settled,3-2-4,0,0,0.0
2026-09-20 02:29:31,20260919,4,12,1-2-6,6.69,44.1,295.19,2.95,100.0,settled,3-2-4,0,0,0.0
2026-09-20 02:29:31,20260919,4,12,1-5-2,3.57,53.3,190.37,1.903,100.0,settled,3-2-4,0,0,0.0
2026-09-20 02:29:31,20260919,4,12,1-5-3,2.2,51.9,114.26,1.142,100.0,settled,3-2-4,0,0,0.0
2026-09-20 02:29:31,20260919,4,12,1-5-6,2.26,101.1,228.22,2.285,100.0,settled,3-2-4,0,0,0.0
2026-09-20 02:29:31,20260919,4,12,1-6-2,2.51,122.3,306.47,3.07,100.0,settled,3-2-4,0,0,0.0
2026-09-20 02:29:31,20260919,4,12,1-6-3,1.41,153.3,216.29,2.162,100.0,settled,3-2-4,0,0,0.0
2026-09-20 02:29:31,20260919,4,12,1-6-5,1.88,213.2,401.65,4.008,100.0,settled,3-2-4,0,0,0.0
2026-09-20 02:29:31,20260919,5,1,1-3-4,3.12,48.9,152.67,1.526,100.0,settled,1-6-2,0,0,0.0
2026-09-20 02:29:31,20260919,5,1,1-3-5,2.15,62.6,134.36,1.346,100.0,settled,1-6-2,0,0,0.0
2026-09-20 02:29:31,20260919,5,1,1-4-3,2.14,88.3,188.58,1.89,100.0,settled,1-6-2,0,0,0.0
2026-09-20 02:29:31,20260919,5,1,1-4-6,2.1,67.5,142.02,1.417,100.0,settled,1-6-2,0,0,0.0
2026-09-20 02:29:31,20260919,5,1,1-5-2,2.22,61.5,136.51,1.365,100.0,settled,1-6-2,0,0,0.0
2026-09-20 02:29:31,20260919,5,1,1-5-3,1.79,123.1,220.78,2.203,100.0,settled,1-6-2,0,0,0.0
2026-09-20 02:29:31,20260919,5,1,1-5-4,1.1,184.8,203.93,2.033,100.0,settled,1-6-2,0,0,0.0
2026-09-20 02:29:31,20260919,5,1,1-5-6,1.4,101.6,142.38,1.422,100.0,settled,1-6-2,0,0,0.0
2026-09-20 02:29:31,20260919,5,2,1-2-3,5.19,24.9,129.19,1.292,100.0,settled,1-5-6,0,0,0.0
2026-09-20 02:29:31,20260919,5,2,1-4-3,6.54,22.1,144.61,1.445,100.0,settled,1-5-6,0,0,0.0
2026-09-20 02:29:31,20260919,5,3,1-3-5,2.62,54.0,141.69,1.415,100.0,settled,4-1-5,0,0,0.0
2026-09-20 02:29:31,20260919,5,3,1-5-2,2.63,40.4,106.33,1.063,100.0,settled,4-1-5,0,0,0.0
2026-09-20 02:29:31,20260919,5,3,1-5-3,1.83,103.5,189.21,1.894,100.0,settled,4-1-5,0,0,0.0
2026-09-20 02:29:31,20260919,5,3,1-5-4,1.61,77.6,125.28,1.249,100.0,settled,4-1-5,0,0,0.0
2026-09-20 02:29:31,20260919,5,3,1-5-6,1.34,107.3,143.74,1.438,100.0,settled,4-1-5,0,0,0.0
2026-09-20 02:29:31,20260919,5,3,1-6-4,0.91,116.8,106.85,1.063,100.0,settled,4-1-5,0,0,0.0
2026-09-20 02:29:31,20260919,5,3,1-6-5,0.89,203.6,181.94,1.812,100.0,settled,4-1-5,0,0,0.0
2026-09-20 02:29:31,20260919,5,4,1-6-2,0.64,183.5,118.08,1.174,100.0,settled,2-4-1,0,0,0.0
2026-09-20 02:29:31,20260919,5,4,1-6-3,0.57,212.6,120.46,1.212,100.0,settled,2-4-1,0,0,0.0
2026-09-20 02:29:31,20260919,5,4,1-6-4,1.03,172.4,177.09,1.776,100.0,settled,2-4-1,0,0,0.0
2026-09-20 02:29:31,20260919,5,4,1-6-5,0.44,229.4,101.39,1.009,100.0,settled,2-4-1,0,0,0.0
2026-09-20 02:29:31,20260919,5,5,1-3-4,5.71,24.2,138.3,1.382,100.0,settled,1-4-3,0,0,0.0
2026-09-20 02:29:31,20260919,5,5,1-3-5,1.3,97.7,127.28,1.27,100.0,settled,1-4-3,0,0,0.0
2026-09-20 02:29:31,20260919,5,5,1-4-3,4.95,27.3,135.26,1.351,100.0,settled,1-4-3,1,2730.0,2730.0
2026-09-20 02:29:31,20260919,5,5,1-5-3,0.53,231.0,121.58,1.224,100.0,settled,1-4-3,0,0,0.0
2026-09-20 02:29:31,20260919,5,6,1-4-3,4.4,34.3,151.08,1.509,100.0,settled,3-2-4,0,0,0.0
2026-09-20 02:29:31,20260919,5,7,1-2-4,6.31,25.1,158.35,1.584,100.0,settled,3-1-2,0,0,0.0
2026-09-20 02:29:31,20260919,5,7,1-2-6,2.72,41.3,112.49,1.123,100.0,settled,3-1-2,0,0,0.0
2026-09-20 02:29:31,20260919,5,7,1-4-2,3.91,43.4,169.67,1.697,100.0,settled,3-1-2,0,0,0.0
2026-09-20 02:29:31,20260919,5,7,1-4-3,2.93,39.4,115.52,1.154,100.0,settled,3-1-2,0,0,0.0
2026-09-20 02:29:31,20260919,5,7,1-4-5,2.62,42.6,111.64,1.116,100.0,settled,3-1-2,0,0,0.0
2026-09-20 02:29:31,20260919,5,7,1-4-6,2.03,81.6,166.0,1.656,100.0,settled,3-1-2,0,0,0.0
2026-09-20 02:29:31,20260919,5,7,1-6-2,0.78,173.3,134.53,1.352,100.0,settled,3-1-2,0,0,0.0
2026-09-20 02:29:31,20260919,5,7,1-6-4,0.74,265.9,196.42,1.968,100.0,settled,3-1-2,0,0,0.0
2026-09-20 02:29:31,20260919,5,8,1-2-6,2.29,47.5,108.75,1.088,100.0,settled,1-3-2,0,0,0.0
2026-09-20 02:29:31,20260919,5,8,1-4-2,2.81,45.9,129.05,1.29,100.0,settled,1-3-2,0,0,0.0
2026-09-20 02:29:31,20260919,5,8,1-4-3,2.87,45.6,130.92,1.309,100.0,settled,1-3-2,0,0,0.0
2026-09-20 02:29:31,20260919,5,8,1-4-6,1.13,117.3,132.58,1.325,100.0,settled,1-3-2,0,0,0.0
2026-09-20 02:29:31,20260919,5,8,1-6-4,0.44,284.6,126.45,1.252,100.0,settled,1-3-2,0,0,0.0
2026-09-20 02:29:31,20260919,5,9,1-2-5,3.6,39.8,143.43,1.433,100.0,settled,1-6-4,0,0,0.0
2026-09-20 02:29:31,20260919,5,9,1-4-5,5.33,35.5,189.14,1.892,100.0,settled,1-6-4,0,0,0.0
2026-09-20 02:29:31,20260919,5,9,1-5-2,1.51,86.7,130.94,1.309,100.0,settled,1-6-4,0,0,0.0
2026-09-20 02:29:31,20260919,5,9,1-5-4,2.34,84.9,198.54,1.987,100.0,settled,1-6-4,0,0,0.0
2026-09-20 02:29:31,20260919,5,10,1-4-6,2.33,52.9,123.37,1.233,100.0,settled,1-5-4,0,0,0.0
2026-09-20 02:29:31,20260919,5,10,1-5-3,1.78,82.7,147.18,1.472,100.0,settled,1-5-4,0,0,0.0
2026-09-20 02:29:31,20260919,5,10,1-5-4,1.63,71.9,117.18,1.172,100.0,settled,1-5-4,1,7190.0,7190.0
2026-09-20 02:29:31,20260919,5,10,1-5-6,1.08,108.3,116.58,1.17,100.0,settled,1-5-4,0,0,0.0
2026-09-20 02:29:31,20260919,5,10,1-6-2,0.59,216.2,127.32,1.276,100.0,settled,1-5-4,0,0,0.0
2026-09-20 02:29:31,20260919,5,10,1-6-3,0.73,254.3,184.57,1.856,100.0,settled,1-5-4,0,0,0.0
2026-09-20 02:29:31,20260919,5,10,1-6-4,0.88,210.9,184.98,1.856,100.0,settled,1-5-4,0,0,0.0
2026-09-20 02:29:31,20260919,5,10,1-6-5,0.57,305.0,175.1,1.738,100.0,settled,1-5-4,0,0,0.0
2026-09-20 02:29:31,20260919,5,11,1-2-6,4.54,53.2,241.68,2.415,100.0,settled,1-3-4,0,0,0.0
2026-09-20 02:29:31,20260919,5,11,1-3-6,3.18,67.9,215.64,2.159,100.0,settled,1-3-4,0,0,0.0
2026-09-20 02:29:31,20260919,5,11,1-5-3,3.67,32.0,117.37,1.174,100.0,settled,1-3-4,0,0,0.0
2026-09-20 02:29:31,20260919,5,11,1-5-6,4.49,37.2,166.99,1.67,100.0,settled,1-3-4,0,0,0.0
2026-09-20 02:29:31,20260919,5,11,1-6-2,1.77,150.1,265.24,2.657,100.0,settled,1-3-4,0,0,0.0
2026-09-20 02:29:31,20260919,5,11,1-6-3,1.56,186.2,290.36,2.905,100.0,settled,1-3-4,0,0,0.0
2026-09-20 02:29:31,20260919,5,11,1-6-4,1.97,85.8,169.24,1.69,100.0,settled,1-3-4,0,0,0.0
2026-09-20 02:29:31,20260919,5,11,1-6-5,2.19,113.0,247.73,2.475,100.0,settled,1-3-4,0,0,0.0
2026-09-20 02:29:31,20260919,5,12,1-3-6,4.49,23.1,103.83,1.037,100.0,settled,1-3-2,0,0,0.0
2026-09-20 02:29:31,20260919,5,12,1-4-6,4.53,23.0,104.27,1.042,100.0,settled,1-3-2,0,0,0.0
2026-09-20 02:29:31,20260919,5,12,1-6-3,1.4,76.0,106.03,1.064,100.0,settled,1-3-2,0,0,0.0
2026-09-20 02:29:31,20260919,5,12,1-6-4,1.77,69.6,123.26,1.232,100.0,settled,1-3-2,0,0,0.0
2026-09-20 02:29:31,20260919,6,1,1-2-4,1.36,77.3,104.91,1.051,100.0,settled,2-1-3,0,0,0.0
2026-09-20 02:29:31,20260919,6,1,1-4-2,0.59,229.2,134.93,1.352,100.0,settled,2-1-3,0,0,0.0
2026-09-20 02:29:31,20260919,6,2,1-3-4,4.92,49.8,245.23,2.45,100.0,settled,3-2-4,0,0,0.0
2026-09-20 02:29:31,20260919,6,2,1-4-2,1.46,154.0,224.32,2.248,100.0,settled,3-2-4,0,0,0.0
2026-09-20 02:29:31,20260919,6,2,1-4-3,2.28,166.5,379.35,3.796,100.0,settled,3-2-4,0,0,0.0
2026-09-20 02:29:31,20260919,6,2,1-4-5,1.41,216.2,304.15,3.048,100.0,settled,3-2-4,0,0,0.0
2026-09-20 02:29:31,20260919,6,2,1-4-6,1.43,296.1,422.03,4.234,100.0,settled,3-2-4,0,0,0.0
2026-09-20 02:29:31,20260919,6,2,1-5-4,1.09,248.0,269.45,2.703,100.0,settled,3-2-4,0,0,0.0
2026-09-20 02:29:31,20260919,6,2,1-5-6,1.78,213.7,380.77,3.804,100.0,settled,3-2-4,0,0,0.0
2026-09-20 02:29:31,20260919,6,2,1-6-5,0.85,217.8,185.39,1.851,100.0,settled,3-2-4,0,0,0.0
2026-09-20 02:29:31,20260919,6,3,1-2-3,4.61,52.0,239.76,2.397,100.0,settled,2-6-3,0,0,0.0
2026-09-20 02:29:31,20260919,6,3,1-2-6,4.66,23.5,109.44,1.095,100.0,settled,2-6-3,0,0,0.0
2026-09-20 02:29:31,20260919,6,3,1-3-2,2.46,117.8,289.28,2.898,100.0,settled,2-6-3,0,0,0.0
2026-09-20 02:29:31,20260919,6,3,1-3-6,1.92,145.0,278.01,2.784,100.0,settled,2-6-3,0,0,0.0
2026-09-20 02:29:31,20260919,6,3,1-6-3,1.59,100.5,159.43,1.598,100.0,settled,2-6-3,0,0,0.0
2026-09-20 02:29:31,20260919,6,4,1-2-6,3.77,53.1,199.93,2.002,100.0,settled,4-1-5,0,0,0.0
2026-09-20 02:29:31,20260919,6,4,1-5-2,6.16,25.2,155.31,1.552,100.0,settled,4-1-5,0,0,0.0
2026-09-20 02:29:31,20260919,6,4,1-5-3,3.71,31.2,115.63,1.158,100.0,settled,4-1-5,0,0,0.0
2026-09-20 02:29:31,20260919,6,4,1-5-4,1.98,52.5,103.97,1.039,100.0,settled,4-1-5,0,0,0.0
2026-09-20 02:29:31,20260919,6,4,1-5-6,2.28,61.3,139.89,1.398,100.0,settled,4-1-5,0,0,0.0
2026-09-20 02:29:31,20260919,6,4,1-6-2,1.06,145.8,154.65,1.545,100.0,settled,4-1-5,0,0,0.0
2026-09-20 02:29:31,20260919,6,4,1-6-5,1.14,130.1,147.68,1.483,100.0,settled,4-1-5,0,0,0.0
2026-09-20 02:29:31,20260919,6,7,1-2-5,3.17,134.1,424.92,4.251,100.0,settled,4-3-2,0,0,0.0
2026-09-20 02:29:31,20260919,6,7,1-3-2,3.16,32.2,101.81,1.018,100.0,settled,4-3-2,0,0,0.0
2026-09-20 02:29:31,20260919,6,7,1-5-2,0.77,434.5,336.22,3.346,100.0,settled,4-3-2,0,0,0.0
2026-09-20 02:29:31,20260919,6,7,1-5-3,0.21,630.1,130.49,1.323,100.0,settled,4-3-2,0,0,0.0
2026-09-20 02:29:31,20260919,6,7,1-5-6,0.3,663.2,199.29,1.99,100.0,settled,4-3-2,0,0,0.0
2026-09-20 02:29:31,20260919,6,7,1-6-5,0.54,381.8,206.4,2.062,100.0,settled,4-3-2,0,0,0.0
2026-09-20 02:29:31,20260919,6,8,1-2-6,1.8,103.8,186.66,1.868,100.0,settled,4-6-1,0,0,0.0
2026-09-20 02:29:31,20260919,6,8,1-3-2,2.56,51.4,131.36,1.316,100.0,settled,4-6-1,0,0,0.0
2026-09-20 02:29:31,20260919,6,8,1-3-6,2.34,69.0,161.52,1.615,100.0,settled,4-6-1,0,0,0.0
2026-09-20 02:29:31,20260919,6,8,1-6-2,0.9,210.9,188.76,1.898,100.0,settled,4-6-1,0,0,0.0
2026-09-20 02:29:31,20260919,6,8,1-6-3,1.06,97.5,103.09,1.034,100.0,settled,4-6-1,0,0,0.0
2026-09-20 02:29:31,20260919,6,9,1-4-5,4.58,58.3,267.02,2.67,100.0,settled,1-3-5,0,0,0.0
2026-09-20 02:29:31,20260919,6,9,1-4-6,4.43,73.3,324.77,3.247,100.0,settled,1-3-5,0,0,0.0
2026-09-20 02:29:31,20260919,6,9,1-5-3,3.78,64.1,242.25,2.423,100.0,settled,1-3-5,0,0,0.0
2026-09-20 02:29:31,20260919,6,9,1-5-4,4.24,80.8,342.56,3.426,100.0,settled,1-3-5,0,0,0.0
2026-09-20 02:29:31,20260919,6,9,1-5-6,5.81,165.8,964.03,9.633,100.0,settled,1-3-5,0,0,0.0
2026-09-20 02:29:31,20260919,6,9,1-6-3,1.64,222.0,363.68,3.641,100.0,settled,1-3-5,0,0,0.0
2026-09-20 02:29:31,20260919,6,9,1-6-4,2.31,207.5,479.45,4.793,100.0,settled,1-3-5,0,0,0.0
2026-09-20 02:29:31,20260919,6,9,1-6-5,3.0,491.1,1473.45,14.733,100.0,settled,1-3-5,0,0,0.0
2026-09-20 02:29:31,20260919,6,10,1-2-6,1.67,65.9,110.04,1.101,100.0,settled,1-2-5,0,0,0.0
2026-09-20 02:29:31,20260919,6,10,1-3-6,4.95,34.4,170.34,1.703,100.0,settled,1-2-5,0,0,0.0
2026-09-20 02:29:31,20260919,6,10,1-5-6,2.71,45.6,123.71,1.236,100.0,settled,1-2-5,0,0,0.0
2026-09-20 02:29:31,20260919,6,10,1-6-2,1.47,118.6,173.78,1.743,100.0,settled,1-2-5,0,0,0.0
2026-09-20 02:29:31,20260919,6,10,1-6-3,3.42,69.1,236.34,2.363,100.0,settled,1-2-5,0,0,0.0
2026-09-20 02:29:31,20260919,6,10,1-6-5,2.25,93.9,211.29,2.113,100.0,settled,1-2-5,0,0,0.0
2026-09-20 02:29:31,20260919,6,11,1-4-3,3.43,30.7,105.19,1.053,100.0,settled,1-5-3,0,0,0.0
2026-09-20 02:29:31,20260919,6,11,1-4-6,3.26,33.9,110.49,1.105,100.0,settled,1-5-3,0,0,0.0
2026-09-20 02:29:31,20260919,6,12,1-3-2,9.55,28.2,269.44,2.693,100.0,settled,1-2-3,0,0,0.0
2026-09-20 02:29:31,20260919,6,12,1-3-4,6.51,39.7,258.59,2.584,100.0,settled,1-2-3,0,0,0.0
2026-09-20 02:29:31,20260919,6,12,1-3-5,2.53,49.7,125.69,1.257,100.0,settled,1-2-3,0,0,0.0
2026-09-20 02:29:31,20260919,6,12,1-3-6,2.51,122.3,307.1,3.07,100.0,settled,1-2-3,0,0,0.0
2026-09-20 02:29:31,20260919,6,12,1-4-3,6.27,42.8,268.24,2.684,100.0,settled,1-2-3,0,0,0.0
2026-09-20 02:29:31,20260919,6,12,1-4-6,2.92,53.9,157.46,1.574,100.0,settled,1-2-3,0,0,0.0
2026-09-20 02:29:31,20260919,6,12,1-6-3,0.77,304.2,234.54,2.342,100.0,settled,1-2-3,0,0,0.0
2026-09-20 02:29:31,20260919,6,12,1-6-4,0.86,198.8,171.31,1.71,100.0,settled,1-2-3,0,0,0.0
2026-09-20 02:29:31,20260919,12,2,1-2-5,1.23,157.2,192.88,1.934,100.0,settled,3-5-2,0,0,0.0
2026-09-20 02:29:31,20260919,12,2,1-2-6,1.56,89.9,140.62,1.402,100.0,settled,3-5-2,0,0,0.0
2026-09-20 02:29:31,20260919,12,2,1-3-5,2.63,64.9,170.46,1.707,100.0,settled,3-5-2,0,0,0.0
2026-09-20 02:29:31,20260919,12,2,1-5-2,0.61,551.6,338.02,3.365,100.0,settled,3-5-2,0,0,0.0
2026-09-20 02:29:31,20260919,12,2,1-5-3,1.06,321.0,339.62,3.403,100.0,settled,3-5-2,0,0,0.0
2026-09-20 02:29:31,20260919,12,2,1-5-6,0.33,822.9,271.15,2.716,100.0,settled,3-5-2,0,0,0.0
2026-09-20 02:29:31,20260919,12,2,1-6-2,0.67,200.4,134.09,1.343,100.0,settled,3-5-2,0,0,0.0
2026-09-20 02:29:31,20260919,12,2,1-6-5,0.34,767.8,262.66,2.611,100.0,settled,3-5-2,0,0,0.0
2026-09-20 02:29:31,20260919,12,3,1-2-6,3.02,33.7,101.75,1.018,100.0,settled,1-2-6,1,3370.0,3370.0
2026-09-20 02:29:31,20260919,12,3,1-5-3,1.57,67.3,105.4,1.057,100.0,settled,1-2-6,0,0,0.0
2026-09-20 02:29:31,20260919,12,3,1-6-2,0.84,121.6,101.79,1.021,100.0,settled,1-2-6,0,0,0.0
2026-09-20 02:29:31,20260919,12,3,1-6-3,0.69,160.4,110.84,1.107,100.0,settled,1-2-6,0,0,0.0
2026-09-20 02:29:31,20260919,12,3,1-6-5,0.4,266.9,106.84,1.068,100.0,settled,1-2-6,0,0,0.0
2026-09-20 02:29:31,20260919,12,4,1-2-3,5.69,39.0,222.01,2.219,100.0,settled,4-5-2,0,0,0.0
2026-09-20 02:29:31,20260919,12,4,1-2-4,7.74,23.9,185.08,1.85,100.0,settled,4-5-2,0,0,0.0
2026-09-20 02:29:31,20260919,12,4,1-2-6,1.72,97.6,167.39,1.679,100.0,settled,4-5-2,0,0,0.0
2026-09-20 02:29:31,20260919,12,4,1-3-2,3.23,60.2,194.67,1.944,100.0,settled,4-5-2,0,0,0.0
2026-09-20 02:29:31,20260919,12,4,1-4-2,3.78,36.9,139.35,1.395,100.0,settled,4-5-2,0,0,0.0
2026-09-20 02:29:31,20260919,12,4,1-4-3,1.25,86.7,108.4,1.084,100.0,settled,4-5-2,0,0,0.0
2026-09-20 02:29:31,20260919,12,4,1-5-3,3.27,40.5,132.58,1.324,100.0,settled,4-5-2,0,0,0.0
2026-09-20 02:29:31,20260919,12,4,1-6-5,0.41,265.1,108.03,1.087,100.0,settled,4-5-2,0,0,0.0
2026-09-20 02:29:31,20260919,12,5,1-2-5,2.88,50.0,144.03,1.44,100.0,settled,2-6-1,0,0,0.0
2026-09-20 02:29:31,20260919,12,5,1-5-2,0.95,149.6,142.31,1.421,100.0,settled,2-6-1,0,0,0.0
2026-09-20 02:29:31,20260919,12,6,1-2-3,6.09,174.8,1063.78,10.645,100.0,settled,4-3-6,0,0,0.0
2026-09-20 02:29:31,20260919,12,6,1-2-4,6.98,177.2,1236.16,12.369,100.0,settled,4-3-6,0,0,0.0
2026-09-20 02:29:31,20260919,12,6,1-2-5,0.96,380.5,366.19,3.653,100.0,settled,4-3-6,0,0,0.0
2026-09-20 02:29:31,20260919,12,6,1-2-6,2.91,243.2,706.93,7.077,100.0,settled,4-3-6,0,0,0.0
2026-09-20 02:29:31,20260919,12,6,1-3-2,4.02,122.5,493.03,4.924,100.0,settled,4-3-6,0,0,0.0
2026-09-20 02:29:31,20260919,12,6,1-4-2,7.56,124.0,936.87,9.374,100.0,settled,4-3-6,0,0,0.0
2026-09-20 02:29:31,20260919,12,6,1-4-6,7.59,28.0,212.57,2.125,100.0,settled,4-3-6,0,0,0.0
2026-09-20 02:29:31,20260919,12,6,1-6-2,2.21,188.4,416.38,4.164,100.0,settled,4-3-6,0,0,0.0
2026-09-20 02:29:31,20260919,12,7,1-2-3,2.98,33.7,100.5,1.004,100.0,settled,2-1-4,0,0,0.0
2026-09-20 02:29:31,20260919,12,7,1-2-5,3.25,113.3,367.87,3.682,100.0,settled,2-1-4,0,0,0.0
2026-09-20 02:29:31,20260919,12,7,1-5-2,0.74,246.5,183.2,1.824,100.0,settled,2-1-4,0,0,0.0
2026-09-20 02:29:31,20260919,12,8,1-2-3,6.54,25.7,168.2,1.681,100.0,settled,1-2-6,0,0,0.0
2026-09-20 02:29:31,20260919,12,8,1-2-6,5.99,34.7,208.01,2.079,100.0,settled,1-2-6,1,3470.0,3470.0
2026-09-20 02:29:31,20260919,12,8,1-3-2,5.48,63.0,344.98,3.452,100.0,settled,1-2-6,0,0,0.0
2026-09-20 02:29:31,20260919,12,8,1-3-4,1.24,131.2,163.23,1.627,100.0,settled,1-2-6,0,0,0.0
2026-09-20 02:29:31,20260919,12,8,1-3-6,1.43,198.7,284.78,2.841,100.0,settled,1-2-6,0,0,0.0
2026-09-20 02:29:31,20260919,12,8,1-6-2,1.72,154.6,265.46,2.659,100.0,settled,1-2-6,0,0,0.0
2026-09-20 02:29:31,20260919,12,8,1-6-3,0.63,403.1,254.8,2.54,100.0,settled,1-2-6,0,0,0.0
2026-09-20 02:29:31,20260919,12,8,1-6-4,0.55,293.0,161.91,1.612,100.0,settled,1-2-6,0,0,0.0
2026-09-20 02:29:31,20260919,12,9,1-2-4,1.77,92.0,163.0,1.628,100.0,settled,1-6-4,0,0,0.0
2026-09-20 02:29:31,20260919,12,9,1-2-5,1.37,125.9,172.86,1.725,100.0,settled,1-6-4,0,0,0.0
2026-09-20 02:29:31,20260919,12,9,1-4-2,1.81,91.4,165.01,1.654,100.0,settled,1-6-4,0,0,0.0
2026-09-20 02:29:31,20260919,12,9,1-4-3,7.64,22.5,171.93,1.719,100.0,settled,1-6-4,0,0,0.0
2026-09-20 02:29:31,20260919,12,9,1-4-5,3.06,95.5,291.85,2.922,100.0,settled,1-6-4,0,0,0.0
2026-09-20 02:29:31,20260919,12,9,1-5-2,1.41,159.2,223.9,2.245,100.0,settled,1-6-4,0,0,0.0
2026-09-20 02:29:31,20260919,12,9,1-5-3,5.96,53.7,320.32,3.201,100.0,settled,1-6-4,0,0,0.0
2026-09-20 02:29:31,20260919,12,9,1-5-4,2.66,117.6,312.58,3.128,100.0,settled,1-6-4,0,0,0.0
2026-09-20 02:29:31,20260919,12,10,1-5-2,1.24,84.7,104.66,1.05,100.0,settled,3-1-6,0,0,0.0
2026-09-20 02:29:31,20260919,12,10,1-5-6,2.87,47.0,134.95,1.349,100.0,settled,3-1-6,0,0,0.0
2026-09-20 02:29:31,20260919,12,10,1-6-2,2.46,44.3,109.13,1.09,100.0,settled,3-1-6,0,0,0.0
2026-09-20 02:29:31,20260919,12,10,1-6-5,2.43,50.0,121.39,1.215,100.0,settled,3-1-6,0,0,0.0
2026-09-20 02:29:31,20260919,12,11,1-3-6,4.51,24.0,108.28,1.082,100.0,settled,1-2-4,0,0,0.0
2026-09-20 02:29:31,20260919,12,11,1-4-6,2.88,45.3,130.45,1.305,100.0,settled,1-2-4,0,0,0.0
2026-09-20 02:29:31,20260919,12,11,1-6-2,1.03,113.2,116.71,1.166,100.0,settled,1-2-4,0,0,0.0
2026-09-20 02:29:31,20260919,12,11,1-6-3,1.83,92.2,169.17,1.687,100.0,settled,1-2-4,0,0,0.0
2026-09-20 02:29:31,20260919,12,11,1-6-4,1.45,118.9,172.05,1.724,100.0,settled,1-2-4,0,0,0.0
2026-09-20 02:29:31,20260919,12,11,1-6-5,0.76,138.1,105.09,1.05,100.0,settled,1-2-4,0,0,0.0
2026-09-20 02:29:31,20260919,12,12,1-5-3,8.26,23.1,190.78,1.908,100.0,settled,1-6-4,0,0,0.0
2026-09-20 02:29:31,20260919,13,1,1-2-5,0.96,134.0,129.28,1.286,100.0,settled,3-1-2,0,0,0.0
2026-09-20 02:29:31,20260919,13,1,1-5-2,0.46,277.5,129.04,1.276,100.0,settled,3-1-2,0,0,0.0
2026-09-20 02:29:31,20260919,13,1,1-5-3,1.0,106.7,106.64,1.067,100.0,settled,3-1-2,0,0,0.0
2026-09-20 02:29:31,20260919,13,2,1-2-3,4.42,28.3,125.06,1.251,100.0,settled,1-5-3,0,0,0.0
2026-09-20 02:29:31,20260919,13,2,1-2-4,3.29,36.3,119.41,1.194,100.0,settled,1-5-3,0,0,0.0
2026-09-20 02:29:31,20260919,13,2,1-2-6,1.42,92.6,131.15,1.315,100.0,settled,1-5-3,0,0,0.0
2026-09-20 02:29:31,20260919,13,2,1-3-2,1.92,64.3,123.27,1.235,100.0,settled,1-5-3,0,0,0.0
2026-09-20 02:29:31,20260919,13,3,1-2-4,2.34,243.5,570.16,5.698,100.0,settled,1-2-6,0,0,0.0
2026-09-20 02:29:31,20260919,13,3,1-3-2,11.59,36.2,419.57,4.196,100.0,settled,1-2-6,0,0,0.0
2026-09-20 02:29:31,20260919,13,3,1-3-4,2.21,397.7,879.35,8.789,100.0,settled,1-2-6,0,0,0.0
2026-09-20 02:29:31,20260919,13,3,1-3-5,2.18,123.2,268.81,2.686,100.0,settled,1-2-6,0,0,0.0
2026-09-20 02:29:31,20260919,13,3,1-4-2,1.02,577.0,591.14,5.885,100.0,settled,1-2-6,0,0,0.0
2026-09-20 02:29:31,20260919,13,3,1-4-3,1.05,746.9,784.54,7.842,100.0,settled,1-2-6,0,0,0.0
2026-09-20 02:29:31,20260919,13,3,1-4-5,0.39,873.0,342.65,3.405,100.0,settled,1-2-6,0,0,0.0
2026-09-20 02:29:31,20260919,13,3,1-4-6,0.89,622.4,555.62,5.539,100.0,settled,1-2-6,0,0,0.0
2026-09-20 02:29:31,20260919,13,4,1-2-6,0.86,196.8,169.58,1.692,100.0,settled,2-5-4,0,0,0.0
2026-09-20 02:29:31,20260919,13,4,1-3-2,3.16,40.3,127.47,1.273,100.0,settled,2-5-4,0,0,0.0
2026-09-20 02:29:31,20260919,13,4,1-3-6,0.27,393.7,106.54,1.063,100.0,settled,2-5-4,0,0,0.0
2026-09-20 02:29:31,20260919,13,4,1-4-6,0.39,473.8,183.98,1.848,100.0,settled,2-5-4,0,0,0.0
2026-09-20 02:29:31,20260919,13,4,1-6-2,0.17,665.1,112.87,1.131,100.0,settled,2-5-4,0,0,0.0
2026-09-20 02:29:31,20260919,13,5,1-2-3,4.57,36.0,164.52,1.645,100.0,settled,4-5-1,0,0,0.0
2026-09-20 02:29:31,20260919,13,5,1-2-4,4.95,28.4,140.51,1.406,100.0,settled,4-5-1,0,0,0.0
2026-09-20 02:29:31,20260919,13,5,1-2-6,1.82,62.4,113.37,1.136,100.0,settled,4-5-1,0,0,0.0
2026-09-20 02:29:31,20260919,13,5,1-3-2,3.04,37.7,114.56,1.146,100.0,settled,4-5-1,0,0,0.0
2026-09-20 02:29:31,20260919,13,5,1-4-2,6.04,30.8,185.9,1.86,100.0,settled,4-5-1,0,0,0.0
2026-09-20 02:29:31,20260919,13,5,1-4-6,3.92,43.2,169.5,1.693,100.0,settled,4-5-1,0,0,0.0
2026-09-20 02:29:31,20260919,13,6,1-2-4,4.79,20.9,100.21,1.001,100.0,settled,1-6-3,0,0,0.0
2026-09-20 02:29:31,20260919,13,6,1-2-6,1.43,141.8,203.19,2.028,100.0,settled,1-6-3,0,0,0.0
2026-09-20 02:29:31,20260919,13,6,1-6-2,0.66,320.0,210.21,2.112,100.0,settled,1-6-3,0,0,0.0
2026-09-20 02:29:31,20260919,13,6,1-6-3,0.9,131.8,118.8,1.186,100.0,settled,1-6-3,1,13180.0,13180.0
2026-09-20 02:29:31,20260919,13,6,1-6-4,2.51,84.1,211.18,2.111,100.0,settled,1-6-3,0,0,0.0
2026-09-20 02:29:31,20260919,13,6,1-6-5,0.36,284.6,101.57,1.025,100.0,settled,1-6-3,0,0,0.0
2026-09-20 02:29:31,20260919,13,7,1-2-5,2.55,108.5,276.61,2.767,100.0,settled,1-2-3,0,0,0.0
2026-09-20 02:29:31,20260919,13,7,1-3-5,0.75,270.9,202.9,2.032,100.0,settled,1-2-3,0,0,0.0
2026-09-20 02:29:31,20260919,13,7,1-4-5,2.08,277.1,576.37,5.764,100.0,settled,1-2-3,0,0,0.0
2026-09-20 02:29:31,20260919,13,7,1-5-2,0.85,424.9,359.13,3.612,100.0,settled,1-2-3,0,0,0.0
2026-09-20 02:29:31,20260919,13,7,1-5-3,0.45,564.1,252.43,2.538,100.0,settled,1-2-3,0,0,0.0
2026-09-20 02:29:31,20260919,13,7,1-5-4,0.8,614.4,489.92,4.915,100.0,settled,1-2-3,0,0,0.0
2026-09-20 02:29:31,20260919,13,7,1-5-6,0.8,570.7,453.71,4.566,100.0,settled,1-2-3,0,0,0.0
2026-09-20 02:29:31,20260919,13,7,1-6-5,1.27,268.6,340.56,3.411,100.0,settled,1-2-3,0,0,0.0
2026-09-20 02:29:31,20260919,13,8,1-4-2,3.23,41.0,132.43,1.324,100.0,settled,2-1-3,0,0,0.0
2026-09-20 02:29:31,20260919,13,8,1-4-3,2.2,75.7,166.73,1.665,100.0,settled,2-1-3,0,0,0.0
2026-09-20 02:29:31,20260919,13,8,1-4-5,0.41,275.0,113.99,1.127,100.0,settled,2-1-3,0,0,0.0
2026-09-20 02:29:31,20260919,13,8,1-4-6,0.89,141.3,125.67,1.258,100.0,settled,2-1-3,0,0,0.0
2026-09-20 02:29:31,20260919,13,9,1-2-5,6.62,26.4,174.72,1.748,100.0,settled,2-1-5,0,0,0.0
2026-09-20 02:29:31,20260919,13,9,1-3-5,1.44,117.9,170.01,1.698,100.0,settled,2-1-5,0,0,0.0
2026-09-20 02:29:31,20260919,13,9,1-4-3,0.85,174.5,147.84,1.483,100.0,settled,2-1-5,0,0,0.0
2026-09-20 02:29:31,20260919,13,9,1-4-5,0.68,269.1,182.69,1.83,100.0,settled,2-1-5,0,0,0.0
2026-09-20 02:29:31,20260919,13,9,1-5-2,3.11,123.1,383.19,3.828,100.0,settled,2-1-5,0,0,0.0
2026-09-20 02:29:31,20260919,13,9,1-5-3,1.45,287.0,416.21,4.161,100.0,settled,2-1-5,0,0,0.0
2026-09-20 02:29:31,20260919,13,9,1-5-4,0.69,401.1,276.16,2.768,100.0,settled,2-1-5,0,0,0.0
2026-09-20 02:29:31,20260919,13,9,1-5-6,1.25,236.1,295.97,2.951,100.0,settled,2-1-5,0,0,0.0
2026-09-20 02:29:31,20260919,13,10,1-2-5,4.43,28.3,125.34,1.254,100.0,settled,3-1-4,0,0,0.0
2026-09-20 02:29:31,20260919,13,10,1-2-6,6.39,22.8,145.78,1.457,100.0,settled,3-1-4,0,0,0.0
2026-09-20 02:29:31,20260919,13,10,1-4-2,8.71,23.1,201.12,2.012,100.0,settled,3-1-4,0,0,0.0
2026-09-20 02:29:31,20260919,13,10,1-4-6,4.04,51.9,209.51,2.097,100.0,settled,3-1-4,0,0,0.0
2026-09-20 02:29:31,20260919,13,10,1-5-4,1.1,119.3,131.44,1.312,100.0,settled,3-1-4,0,0,0.0
2026-09-20 02:29:31,20260919,13,10,1-6-2,1.89,90.2,170.91,1.705,100.0,settled,3-1-4,0,0,0.0
2026-09-20 02:29:31,20260919,13,10,1-6-4,1.57,153.6,240.46,2.412,100.0,settled,3-1-4,0,0,0.0
2026-09-20 02:29:31,20260919,13,10,1-6-5,0.59,254.4,149.38,1.501,100.0,settled,3-1-4,0,0,0.0
2026-09-20 02:29:31,20260919,13,11,1-2-5,6.17,44.5,274.4,2.746,100.0,settled,1-6-4,0,0,0.0
2026-09-20 02:29:31,20260919,13,11,1-2-6,4.42,28.2,124.76,1.246,100.0,settled,1-6-4,0,0,0.0
2026-09-20 02:29:31,20260919,13,11,1-5-2,4.73,83.8,396.32,3.964,100.0,settled,1-6-4,0,0,0.0
2026-09-20 02:29:31,20260919,13,11,1-5-3,8.46,35.0,296.1,2.961,100.0,settled,1-6-4,0,0,0.0
2026-09-20 02:29:31,20260919,13,11,1-5-6,7.72,53.8,415.26,4.153,100.0,settled,1-6-4,0,0,0.0
2026-09-20 02:29:31,20260919,13,11,1-6-2,3.0,46.6,139.75,1.398,100.0,settled,1-6-4,0,0,0.0
2026-09-20 02:29:31,20260919,13,11,1-6-3,5.02,20.1,100.94,1.009,100.0,settled,1-6-4,0,0,0.0
2026-09-20 02:29:31,20260919,13,11,1-6-5,4.71,59.3,279.17,2.793,100.0,settled,1-6-4,0,0,0.0
2026-09-20 02:29:31,20260919,13,12,1-4-5,3.7,37.2,137.81,1.376,100.0,settled,3-1-4,0,0,0.0
2026-09-20 02:29:31,20260919,13,12,1-4-6,2.08,63.3,131.64,1.317,100.0,settled,3-1-4,0,0,0.0
2026-09-20 02:29:31,20260919,13,12,1-5-4,1.08,100.1,107.67,1.081,100.0,settled,3-1-4,0,0,0.0
2026-09-20 02:29:31,20260919,14,1,1-2-6,8.85,79.5,703.7,7.036,100.0,settled,1-3-6,0,0,0.0
2026-09-20 02:29:31,20260919,14,1,1-3-6,2.09,82.0,171.76,1.714,100.0,settled,1-3-6,1,6000.0,6000.0
2026-09-20 02:29:31,20260919,14,1,1-4-2,10.83,24.4,264.28,2.643,100.0,settled,1-3-6,0,0,0.0
2026-09-20 02:29:31,20260919,14,1,1-4-3,3.27,33.6,109.79,1.099,100.0,settled,1-3-6,0,0,0.0
2026-09-20 02:29:31,20260919,14,1,1-4-6,4.81,101.5,488.61,4.882,100.0,settled,1-3-6,0,0,0.0
2026-09-20 02:29:31,20260919,14,1,1-6-2,3.07,169.7,520.91,5.21,100.0,settled,1-3-6,0,0,0.0
2026-09-20 02:29:31,20260919,14,1,1-6-3,1.08,204.6,219.97,2.21,100.0,settled,1-3-6,0,0,0.0
2026-09-20 02:29:31,20260919,14,1,1-6-4,1.96,208.3,407.79,4.083,100.0,settled,1-3-6,0,0,0.0
2026-09-20 02:29:31,20260919,14,2,1-2-6,0.99,117.4,115.84,1.162,100.0,settled,5-3-6,0,0,0.0
2026-09-20 02:29:31,20260919,14,2,1-6-2,0.86,156.8,135.55,1.348,100.0,settled,5-3-6,0,0,0.0
2026-09-20 02:29:31,20260919,14,3,1-2-6,1.17,344.1,401.94,4.026,100.0,settled,3-1-5,0,0,0.0
2026-09-20 02:29:31,20260919,14,3,1-3-6,0.46,293.8,135.56,1.351,100.0,settled,3-1-5,0,0,0.0
2026-09-20 02:29:31,20260919,14,3,1-4-6,2.75,134.0,368.08,3.685,100.0,settled,3-1-5,0,0,0.0
2026-09-20 02:29:31,20260919,14,3,1-5-2,3.87,27.3,105.71,1.057,100.0,settled,3-1-5,0,0,0.0
2026-09-20 02:29:31,20260919,14,3,1-5-6,1.04,165.7,172.63,1.723,100.0,settled,3-1-5,0,0,0.0
2026-09-20 02:29:31,20260919,14,3,1-6-2,0.25,692.5,170.49,1.731,100.0,settled,3-1-5,0,0,0.0
2026-09-20 02:29:31,20260919,14,3,1-6-4,0.46,633.9,294.0,2.916,100.0,settled,3-1-5,0,0,0.0
2026-09-20 02:29:31,20260919,14,3,1-6-5,0.32,529.4,171.74,1.694,100.0,settled,3-1-5,0,0,0.0
2026-09-20 02:29:31,20260919,14,4,1-3-2,2.4,43.4,103.97,1.042,100.0,settled,1-4-3,0,0,0.0
2026-09-20 02:29:31,20260919,14,4,1-5-2,0.69,146.5,101.64,1.011,100.0,settled,1-4-3,0,0,0.0
2026-09-20 02:29:31,20260919,14,6,1-6-2,1.86,58.6,108.86,1.09,100.0,settled,4-1-6,0,0,0.0
2026-09-20 02:29:31,20260919,14,6,1-6-3,3.03,51.7,156.76,1.567,100.0,settled,4-1-6,0,0,0.0
2026-09-20 02:29:31,20260919,14,7,1-3-2,5.79,20.5,118.68,1.187,100.0,settled,2-1-6,0,0,0.0
2026-09-20 02:29:31,20260919,14,7,1-3-4,2.26,61.8,139.85,1.397,100.0,settled,2-1-6,0,0,0.0
2026-09-20 02:29:31,20260919,14,7,1-3-5,4.28,28.5,121.88,1.22,100.0,settled,2-1-6,0,0,0.0
2026-09-20 02:29:31,20260919,14,7,1-4-3,1.25,124.3,155.85,1.554,100.0,settled,2-1-6,0,0,0.0
2026-09-20 02:29:31,20260919,14,7,1-4-5,1.07,115.3,123.46,1.234,100.0,settled,2-1-6,0,0,0.0
2026-09-20 02:29:31,20260919,14,7,1-5-3,2.94,62.9,184.8,1.849,100.0,settled,2-1-6,0,0,0.0
2026-09-20 02:29:31,20260919,14,7,1-5-4,0.85,167.0,142.35,1.42,100.0,settled,2-1-6,0,0,0.0
2026-09-20 02:29:31,20260919,14,8,1-2-3,6.95,20.5,142.48,1.425,100.0,settled,1-3-6,0,0,0.0
2026-09-20 02:29:31,20260919,14,8,1-2-5,2.18,138.0,300.54,3.008,100.0,settled,1-3-6,0,0,0.0
2026-09-20 02:29:31,20260919,14,8,1-3-5,2.67,98.9,263.67,2.641,100.0,settled,1-3-6,0,0,0.0
2026-09-20 02:29:31,20260919,14,8,1-4-5,1.61,93.9,151.38,1.512,100.0,settled,1-3-6,0,0,0.0
2026-09-20 02:29:31,20260919,14,8,1-5-2,1.13,305.8,346.01,3.456,100.0,settled,1-3-6,0,0,0.0
2026-09-20 02:29:31,20260919,14,8,1-5-3,1.34,298.0,398.81,3.993,100.0,settled,1-3-6,0,0,0.0
2026-09-20 02:29:31,20260919,14,8,1-5-4,0.7,277.8,194.82,1.945,100.0,settled,1-3-6,0,0,0.0
2026-09-20 02:29:31,20260919,14,9,1-3-2,1.76,58.7,103.19,1.033,100.0,settled,1-3-6,0,0,0.0
2026-09-20 02:29:31,20260919,14,9,1-3-6,1.59,66.8,106.39,1.062,100.0,settled,1-3-6,1,6680.0,6680.0
2026-09-20 02:29:31,20260919,14,9,1-4-3,1.35,78.5,105.87,1.06,100.0,settled,1-3-6,0,0,0.0
2026-09-20 02:29:31,20260919,14,9,1-5-3,0.92,127.3,117.54,1.171,100.0,settled,1-3-6,0,0,0.0
2026-09-20 02:29:31,20260919,14,9,1-6-2,2.2,53.9,118.74,1.186,100.0,settled,1-3-6,0,0,0.0
2026-09-20 02:29:31,20260919,14,9,1-6-3,1.67,130.4,217.42,2.178,100.0,settled,1-3-6,0,0,0.0
2026-09-20 02:29:31,20260919,14,9,1-6-4,1.57,84.5,133.06,1.327,100.0,settled,1-3-6,0,0,0.0
2026-09-20 02:29:31,20260919,14,9,1-6-5,1.65,79.3,130.54,1.308,100.0,settled,1-3-6,0,0,0.0
2026-09-20 02:29:31,20260919,14,10,1-4-3,7.3,24.6,179.52,1.796,100.0,settled,1-3-2,0,0,0.0
2026-09-20 02:29:31,20260919,14,10,1-4-5,2.85,54.9,156.55,1.565,100.0,settled,1-3-2,0,0,0.0
2026-09-20 02:29:31,20260919,14,10,1-5-4,1.13,110.5,125.25,1.249,100.0,settled,1-3-2,0,0,0.0
2026-09-20 02:29:31,20260919,14,11,1-3-6,2.58,42.8,110.3,1.104,100.0,settled,1-2-5,0,0,0.0
2026-09-20 02:29:31,20260919,14,11,1-5-3,1.7,61.1,103.95,1.039,100.0,settled,1-2-5,0,0,0.0
2026-09-20 02:29:31,20260919,14,11,1-5-6,0.97,119.5,115.74,1.159,100.0,settled,1-2-5,0,0,0.0
2026-09-20 02:29:31,20260919,15,1,1-2-5,1.4,114.1,159.28,1.597,100.0,settled,2-1-4,0,0,0.0
2026-09-20 02:29:31,20260919,15,1,1-4-2,2.58,48.6,125.57,1.254,100.0,settled,2-1-4,0,0,0.0
2026-09-20 02:29:31,20260919,15,1,1-4-5,0.99,150.3,148.09,1.488,100.0,settled,2-1-4,0,0,0.0
2026-09-20 02:29:31,20260919,15,1,1-5-2,0.63,280.8,177.49,1.769,100.0,settled,2-1-4,0,0,0.0
2026-09-20 02:29:31,20260919,15,1,1-5-4,0.47,330.8,154.95,1.555,100.0,settled,2-1-4,0,0,0.0
2026-09-20 02:29:31,20260919,15,1,1-5-6,0.57,361.6,205.97,2.061,100.0,settled,2-1-4,0,0,0.0
2026-09-20 02:29:31,20260919,15,1,1-6-2,1.99,82.1,163.44,1.634,100.0,settled,2-1-4,0,0,0.0
2026-09-20 02:29:31,20260919,15,1,1-6-5,0.79,324.3,256.81,2.562,100.0,settled,2-1-4,0,0,0.0
2026-09-20 02:29:31,20260919,15,2,1-3-4,1.44,110.7,159.16,1.594,100.0,settled,2-3-6,0,0,0.0
2026-09-20 02:29:31,20260919,15,2,1-3-6,1.09,120.1,131.17,1.309,100.0,settled,2-3-6,0,0,0.0
2026-09-20 02:29:31,20260919,15,2,1-4-2,1.14,106.8,121.44,1.218,100.0,settled,2-3-6,0,0,0.0
2026-09-20 02:29:31,20260919,15,2,1-4-3,1.28,156.4,199.74,2.002,100.0,settled,2-3-6,0,0,0.0
2026-09-20 02:29:31,20260919,15,2,1-4-6,1.14,193.9,220.62,2.21,100.0,settled,2-3-6,0,0,0.0
2026-09-20 02:29:31,20260919,15,2,1-6-2,0.56,217.1,122.6,1.216,100.0,settled,2-3-6,0,0,0.0
2026-09-20 02:29:31,20260919,15,2,1-6-3,0.52,233.4,120.99,1.214,100.0,settled,2-3-6,0,0,0.0
2026-09-20 02:29:31,20260919,15,2,1-6-4,0.52,306.5,158.55,1.594,100.0,settled,2-3-6,0,0,0.0
2026-09-20 02:29:31,20260919,15,3,1-4-5,2.0,187.4,374.65,3.748,100.0,settled,3-5-2,0,0,0.0
2026-09-20 02:29:31,20260919,15,3,1-4-6,3.54,125.1,442.88,4.429,100.0,settled,3-5-2,0,0,0.0
2026-09-20 02:29:31,20260919,15,3,1-5-2,1.58,172.6,272.57,2.727,100.0,settled,3-5-2,0,0,0.0
2026-09-20 02:29:31,20260919,15,3,1-5-4,1.82,220.4,401.5,4.011,100.0,settled,3-5-2,0,0,0.0
2026-09-20 02:29:31,20260919,15,3,1-5-6,5.11,73.8,376.97,3.771,100.0,settled,3-5-2,0,0,0.0
2026-09-20 02:29:31,20260919,15,3,1-6-2,1.92,200.6,385.87,3.852,100.0,settled,3-5-2,0,0,0.0
2026-09-20 02:29:31,20260919,15,3,1-6-4,2.76,241.6,666.5,6.668,100.0,settled,3-5-2,0,0,0.0
2026-09-20 02:29:31,20260919,15,3,1-6-5,3.79,134.5,509.97,5.098,100.0,settled,3-5-2,0,0,0.0
2026-09-20 02:29:31,20260919,15,4,1-2-3,7.45,24.0,178.83,1.788,100.0,settled,5-2-3,0,0,0.0
2026-09-20 02:29:31,20260919,15,4,1-2-4,3.89,55.6,216.09,2.163,100.0,settled,5-2-3,0,0,0.0
2026-09-20 02:29:31,20260919,15,4,1-2-5,6.13,41.8,256.11,2.562,100.0,settled,5-2-3,0,0,0.0
2026-09-20 02:29:31,20260919,15,4,1-4-2,1.84,130.8,240.15,2.407,100.0,settled,5-2-3,0,0,0.0
2026-09-20 02:29:31,20260919,15,4,1-4-3,0.87,200.8,175.48,1.747,100.0,settled,5-2-3,0,0,0.0
2026-09-20 02:29:31,20260919,15,4,1-4-5,0.91,216.1,197.06,1.967,100.0,settled,5-2-3,0,0,0.0
2026-09-20 02:29:31,20260919,15,4,1-5-2,3.15,106.4,334.97,3.352,100.0,settled,5-2-3,0,0,0.0
2026-09-20 02:29:31,20260919,15,4,1-5-4,0.83,298.4,248.78,2.477,100.0,settled,5-2-3,0,0,0.0
2026-09-20 02:29:31,20260919,15,7,1-2-5,2.66,59.7,158.98,1.588,100.0,settled,3-1-4,0,0,0.0
2026-09-20 02:29:31,20260919,15,7,1-2-6,0.52,212.9,110.94,1.107,100.0,settled,3-1-4,0,0,0.0
2026-09-20 02:29:31,20260919,15,7,1-4-6,1.91,88.4,168.6,1.688,100.0,settled,3-1-4,0,0,0.0
2026-09-20 02:29:31,20260919,15,7,1-5-2,1.19,87.8,104.24,1.045,100.0,settled,3-1-4,0,0,0.0
2026-09-20 02:29:31,20260919,15,7,1-5-4,3.55,46.5,165.28,1.651,100.0,settled,3-1-4,0,0,0.0
2026-09-20 02:29:31,20260919,15,7,1-5-6,0.4,274.1,110.02,1.096,100.0,settled,3-1-4,0,0,0.0
2026-09-20 02:29:31,20260919,15,7,1-6-4,0.26,425.7,112.0,1.107,100.0,settled,3-1-4,0,0,0.0
2026-09-20 02:29:31,20260919,15,7,1-6-5,0.13,774.6,101.01,1.007,100.0,settled,3-1-4,0,0,0.0
2026-09-20 02:29:31,20260919,15,8,1-3-2,5.34,63.8,340.59,3.407,100.0,settled,2-1-4,0,0,0.0
2026-09-20 02:29:31,20260919,15,8,1-3-4,1.61,124.5,200.74,2.004,100.0,settled,2-1-4,0,0,0.0
2026-09-20 02:29:31,20260919,15,8,1-3-5,1.27,217.3,276.95,2.76,100.0,settled,2-1-4,0,0,0.0
2026-09-20 02:29:31,20260919,15,8,1-3-6,0.32,627.5,201.43,2.008,100.0,settled,2-1-4,0,0,0.0
2026-09-20 02:29:31,20260919,15,8,1-4-3,2.08,89.6,186.6,1.864,100.0,settled,2-1-4,0,0,0.0
2026-09-20 02:29:31,20260919,15,8,1-5-3,1.19,272.4,324.76,3.242,100.0,settled,2-1-4,0,0,0.0
2026-09-20 02:29:31,20260919,15,8,1-5-6,0.37,507.3,186.99,1.877,100.0,settled,2-1-4,0,0,0.0
2026-09-20 02:29:31,20260919,15,8,1-6-5,0.19,977.9,184.24,1.858,100.0,settled,2-1-4,0,0,0.0
2026-09-20 02:29:31,20260919,15,9,1-2-5,3.78,35.6,134.68,1.346,100.0,settled,5-4-3,0,0,0.0
2026-09-20 02:29:31,20260919,15,9,1-2-6,1.02,184.0,188.25,1.877,100.0,settled,5-4-3,0,0,0.0
2026-09-20 02:29:31,20260919,15,9,1-3-6,1.63,109.0,177.64,1.777,100.0,settled,5-4-3,0,0,0.0
2026-09-20 02:29:31,20260919,15,9,1-5-2,2.83,43.7,123.5,1.237,100.0,settled,5-4-3,0,0,0.0
2026-09-20 02:29:31,20260919,15,9,1-6-2,0.22,559.6,125.74,1.231,100.0,settled,5-4-3,0,0,0.0
2026-09-20 02:29:31,20260919,15,9,1-6-3,0.3,488.7,147.44,1.466,100.0,settled,5-4-3,0,0,0.0
2026-09-20 02:29:31,20260919,15,9,1-6-5,0.21,528.4,108.8,1.11,100.0,settled,5-4-3,0,0,0.0
2026-09-20 02:29:31,20260919,15,10,1-2-6,6.63,82.7,548.62,5.483,100.0,settled,1-5-2,0,0,0.0
2026-09-20 02:29:31,20260919,15,10,1-3-4,3.0,49.6,149.01,1.488,100.0,settled,1-5-2,0,0,0.0
2026-09-20 02:29:31,20260919,15,10,1-3-6,4.23,131.4,555.76,5.558,100.0,settled,1-5-2,0,0,0.0
2026-09-20 02:29:31,20260919,15,10,1-4-3,1.53,105.2,161.33,1.61,100.0,settled,1-5-2,0,0,0.0
2026-09-20 02:29:31,20260919,15,10,1-4-6,0.99,222.7,221.19,2.205,100.0,settled,1-5-2,0,0,0.0
2026-09-20 02:29:31,20260919,15,10,1-6-2,2.78,224.1,622.59,6.23,100.0,settled,1-5-2,0,0,0.0
2026-09-20 02:29:31,20260919,15,10,1-6-3,2.32,330.6,765.87,7.67,100.0,settled,1-5-2,0,0,0.0
2026-09-20 02:29:31,20260919,15,10,1-6-4,0.77,405.5,311.55,3.122,100.0,settled,1-5-2,0,0,0.0
2026-09-20 02:29:31,20260919,15,12,1-2-6,3.54,40.5,143.56,1.434,100.0,settled,1-4-6,0,0,0.0
2026-09-20 02:29:31,20260919,15,12,1-3-6,3.63,34.5,125.12,1.252,100.0,settled,1-4-6,0,0,0.0
2026-09-20 02:29:31,20260919,15,12,1-4-6,4.0,26.4,105.62,1.056,100.0,settled,1-4-6,1,2640.0,2640.0
2026-09-20 02:29:31,20260919,15,12,1-5-6,2.32,49.4,114.71,1.146,100.0,settled,1-4-6,0,0,0.0
2026-09-20 02:29:31,20260919,15,12,1-6-2,1.14,98.9,112.94,1.127,100.0,settled,1-4-6,0,0,0.0
2026-09-20 02:29:31,20260919,15,12,1-6-3,1.11,100.7,111.81,1.118,100.0,settled,1-4-6,0,0,0.0
2026-09-20 02:29:31,20260919,15,12,1-6-4,1.24,81.3,101.0,1.008,100.0,settled,1-4-6,0,0,0.0
2026-09-20 02:29:31,20260919,15,12,1-6-5,1.03,105.0,108.16,1.081,100.0,settled,1-4-6,0,0,0.0
2026-09-20 02:29:31,20260919,16,1,1-2-6,4.45,22.8,101.44,1.015,100.0,settled,1-3-2,0,0,0.0
2026-09-20 02:29:31,20260919,16,2,1-2-5,3.07,42.1,129.14,1.292,100.0,settled,3-4-2,0,0,0.0
2026-09-20 02:29:31,20260919,16,2,1-3-5,4.16,31.9,132.57,1.327,100.0,settled,3-4-2,0,0,0.0
2026-09-20 02:29:31,20260919,16,2,1-4-5,4.46,25.1,111.89,1.119,100.0,settled,3-4-2,0,0,0.0
2026-09-20 02:29:31,20260919,16,2,1-5-2,2.73,67.8,184.97,1.851,100.0,settled,3-4-2,0,0,0.0
2026-09-20 02:29:31,20260919,16,2,1-5-3,4.54,81.0,367.97,3.677,100.0,settled,3-4-2,0,0,0.0
2026-09-20 02:29:31,20260919,16,2,1-5-4,3.77,54.0,203.73,2.036,100.0,settled,3-4-2,0,0,0.0
2026-09-20 02:29:31,20260919,16,2,1-5-6,2.12,101.0,214.53,2.141,100.0,settled,3-4-2,0,0,0.0
2026-09-20 02:29:31,20260919,16,2,1-6-5,0.62,183.2,113.03,1.136,100.0,settled,3-4-2,0,0,0.0
2026-09-20 02:29:31,20260919,16,3,1-2-6,3.62,28.2,102.22,1.021,100.0,settled,5-1-3,0,0,0.0
2026-09-20 02:29:31,20260919,16,3,1-3-2,8.6,23.9,205.59,2.055,100.0,settled,5-1-3,0,0,0.0
2026-09-20 02:29:31,20260919,16,3,1-4-3,2.39,49.6,118.33,1.185,100.0,settled,5-1-3,0,0,0.0
2026-09-20 02:29:31,20260919,16,4,1-2-5,4.73,34.4,162.88,1.627,100.0,settled,1-2-5,1,3440.0,3440.0
2026-09-20 02:29:31,20260919,16,4,1-5-2,5.49,48.5,266.03,2.663,100.0,settled,1-2-5,0,0,0.0
2026-09-20 02:29:31,20260919,16,4,1-5-3,5.08,27.8,141.34,1.412,100.0,settled,1-2-5,0,0,0.0
2026-09-20 02:29:31,20260919,16,4,1-5-4,5.41,26.9,145.48,1.455,100.0,settled,1-2-5,0,0,0.0
2026-09-20 02:29:31,20260919,16,4,1-5-6,2.7,41.8,112.9,1.129,100.0,settled,1-2-5,0,0,0.0
2026-09-20 02:29:31,20260919,16,4,1-6-5,1.58,82.1,129.51,1.297,100.0,settled,1-2-5,0,0,0.0
2026-09-20 02:29:31,20260919,16,5,1-2-6,1.0,177.2,178.02,1.772,100.0,settled,2-3-1,0,0,0.0
2026-09-20 02:29:31,20260919,16,5,1-3-6,0.62,263.5,162.53,1.634,100.0,settled,2-3-1,0,0,0.0
2026-09-20 02:29:31,20260919,16,5,1-5-6,0.44,397.0,175.91,1.747,100.0,settled,2-3-1,0,0,0.0
2026-09-20 02:29:31,20260919,16,5,1-6-2,0.24,701.5,165.34,1.684,100.0,settled,2-3-1,0,0,0.0
2026-09-20 02:29:31,20260919,16,5,1-6-3,0.18,1004.0,177.81,1.807,100.0,settled,2-3-1,0,0,0.0
2026-09-20 02:29:31,20260919,16,5,1-6-5,0.22,1191.0,264.16,2.62,100.0,settled,2-3-1,0,0,0.0
2026-09-20 02:29:31,20260919,16,6,1-5-2,2.27,53.2,120.76,1.208,100.0,settled,4-1-5,0,0,0.0
2026-09-20 02:29:31,20260919,16,6,1-5-6,3.08,39.7,122.08,1.223,100.0,settled,4-1-5,0,0,0.0
2026-09-20 02:29:31,20260919,16,6,1-6-5,1.27,93.7,119.33,1.19,100.0,settled,4-1-5,0,0,0.0
2026-09-20 02:29:31,20260919,16,7,1-3-2,2.18,80.4,175.21,1.753,100.0,settled,2-3-4,0,0,0.0
2026-09-20 02:29:31,20260919,16,7,1-4-2,0.85,190.4,161.0,1.618,100.0,settled,2-3-4,0,0,0.0
2026-09-20 02:29:31,20260919,16,7,1-4-3,0.65,182.3,117.78,1.185,100.0,settled,2-3-4,0,0,0.0
2026-09-20 02:29:31,20260919,16,7,1-4-5,0.4,319.7,128.39,1.279,100.0,settled,2-3-4,0,0,0.0
2026-09-20 02:29:31,20260919,16,8,1-2-3,3.53,40.9,144.23,1.444,100.0,settled,4-2-1,0,0,0.0
2026-09-20 02:29:31,20260919,16,8,1-2-5,1.15,210.7,242.66,2.423,100.0,settled,4-2-1,0,0,0.0
2026-09-20 02:29:31,20260919,16,8,1-2-6,4.4,31.2,137.19,1.373,100.0,settled,4-2-1,0,0,0.0
2026-09-20 02:29:31,20260919,16,8,1-3-2,3.28,85.0,278.65,2.788,100.0,settled,4-2-1,0,0,0.0
2026-09-20 02:29:31,20260919,16,8,1-3-6,0.99,122.0,120.98,1.208,100.0,settled,4-2-1,0,0,0.0
2026-09-20 02:29:31,20260919,16,8,1-5-2,0.34,390.2,134.42,1.327,100.0,settled,4-2-1,0,0,0.0
2026-09-20 02:29:31,20260919,16,8,1-5-6,0.2,677.4,134.33,1.355,100.0,settled,4-2-1,0,0,0.0
2026-09-20 02:29:31,20260919,16,8,1-6-5,0.3,447.4,135.52,1.342,100.0,settled,4-2-1,0,0,0.0
2026-09-20 02:29:31,20260919,16,9,1-2-4,5.91,39.2,231.5,2.317,100.0,settled,3-1-5,0,0,0.0
2026-09-20 02:29:31,20260919,16,9,1-4-2,3.41,60.7,206.74,2.07,100.0,settled,3-1-5,0,0,0.0
2026-09-20 02:29:31,20260919,16,9,1-4-3,2.94,34.2,100.52,1.005,100.0,settled,3-1-5,0,0,0.0
2026-09-20 02:29:31,20260919,16,9,1-5-2,3.55,33.1,117.58,1.175,100.0,settled,3-1-5,0,0,0.0
2026-09-20 02:29:31,20260919,16,10,1-2-4,4.82,41.7,200.82,2.01,100.0,settled,2-4-5,0,0,0.0
2026-09-20 02:29:31,20260919,16,10,1-3-4,3.77,46.6,175.51,1.757,100.0,settled,2-4-5,0,0,0.0
2026-09-20 02:29:31,20260919,16,10,1-4-2,2.72,76.9,209.05,2.092,100.0,settled,2-4-5,0,0,0.0
2026-09-20 02:29:31,20260919,16,10,1-4-3,2.28,86.6,197.79,1.974,100.0,settled,2-4-5,0,0,0.0
2026-09-20 02:29:31,20260919,16,10,1-4-5,2.02,91.0,183.43,1.838,100.0,settled,2-4-5,0,0,0.0
2026-09-20 02:29:31,20260919,16,11,1-2-6,3.03,71.1,215.42,2.154,100.0,settled,1-2-3,0,0,0.0
2026-09-20 02:29:31,20260919,16,11,1-3-6,5.73,31.2,178.62,1.788,100.0,settled,1-2-3,0,0,0.0
2026-09-20 02:29:31,20260919,16,11,1-4-2,2.23,104.4,232.45,2.328,100.0,settled,1-2-3,0,0,0.0
2026-09-20 02:29:31,20260919,16,11,1-4-3,3.18,76.8,244.52,2.442,100.0,settled,1-2-3,0,0,0.0
2026-09-20 02:29:31,20260919,16,11,1-4-6,1.31,184.5,242.25,2.417,100.0,settled,1-2-3,0,0,0.0
2026-09-20 02:29:31,20260919,16,11,1-6-2,0.85,257.6,219.45,2.19,100.0,settled,1-2-3,0,0,0.0
2026-09-20 02:29:31,20260919,16,11,1-6-3,1.15,184.9,211.91,2.126,100.0,settled,1-2-3,0,0,0.0
2026-09-20 02:29:31,20260919,16,11,1-6-4,0.53,356.3,187.34,1.888,100.0,settled,1-2-3,0,0,0.0
2026-09-20 02:29:31,20260919,16,12,1-4-3,4.02,25.0,100.44,1.005,100.0,settled,1-2-3,0,0,0.0
2026-09-20 02:29:31,20260919,17,1,1-2-6,5.71,124.4,710.56,7.103,100.0,settled,1-3-2,0,0,0.0
2026-09-20 02:29:31,20260919,17,1,1-3-6,6.32,203.5,1287.1,12.861,100.0,settled,1-3-2,0,0,0.0
2026-09-20 02:29:31,20260919,17,1,1-5-6,7.85,130.7,1026.61,10.26,100.0,settled,1-3-2,0,0,0.0
2026-09-20 02:29:31,20260919,17,1,1-6-2,3.93,481.1,1890.48,18.907,100.0,settled,1-3-2,0,0,0.0
2026-09-20 02:29:31,20260919,17,1,1-6-3,4.72,673.4,3175.82,31.784,100.0,settled,1-3-2,0,0,0.0
2026-09-20 02:29:31,20260919,17,1,1-6-4,0.49,758.4,371.39,3.716,100.0,settled,1-3-2,0,0,0.0
2026-09-20 02:29:31,20260919,17,1,1-6-5,5.42,534.4,2894.63,28.964,100.0,settled,1-3-2,0,0,0.0
2026-09-20 02:29:31,20260919,17,2,1-2-4,10.45,20.3,212.15,2.121,100.0,settled,2-1-6,0,0,0.0
2026-09-20 02:29:31,20260919,17,2,1-3-2,6.7,31.8,213.21,2.131,100.0,settled,2-1-6,0,0,0.0
2026-09-20 02:29:31,20260919,17,2,1-4-2,3.13,65.7,205.35,2.056,100.0,settled,2-1-6,0,0,0.0
2026-09-20 02:29:31,20260919,17,2,1-4-3,0.79,137.1,108.1,1.083,100.0,settled,2-1-6,0,0,0.0
2026-09-20 02:29:31,20260919,17,3,1-2-5,0.3,608.5,180.79,1.826,100.0,settled,4-3-6,0,0,0.0
2026-09-20 02:29:31,20260919,17,3,1-3-5,0.36,447.0,160.88,1.609,100.0,settled,4-3-6,0,0,0.0
2026-09-20 02:29:31,20260919,17,3,1-4-5,0.52,385.6,201.32,2.005,100.0,settled,4-3-6,0,0,0.0
2026-09-20 02:29:31,20260919,17,3,1-5-2,0.1,1289.0,129.42,1.289,100.0,settled,4-3-6,0,0,0.0
2026-09-20 02:29:31,20260919,17,3,1-5-3,0.13,1013.0,130.68,1.317,100.0,settled,4-3-6,0,0,0.0
2026-09-20 02:29:31,20260919,17,3,1-5-4,0.17,1328.0,219.39,2.258,100.0,settled,4-3-6,0,0,0.0
2026-09-20 02:29:31,20260919,17,4,1-2-6,1.05,406.6,426.48,4.269,100.0,settled,3-4-1,0,0,0.0
2026-09-20 02:29:31,20260919,17,4,1-5-3,1.03,530.7,546.25,5.466,100.0,settled,3-4-1,0,0,0.0
2026-09-20 02:29:31,20260919,17,4,1-5-4,0.46,776.2,356.74,3.571,100.0,settled,3-4-1,0,0,0.0
2026-09-20 02:29:31,20260919,17,4,1-5-6,0.43,1640.0,705.36,7.052,100.0,settled,3-4-1,0,0,0.0
2026-09-20 02:29:31,20260919,17,4,1-6-2,0.84,711.5,600.51,5.977,100.0,settled,3-4-1,0,0,0.0
2026-09-20 02:29:31,20260919,17,4,1-6-3,1.56,532.7,829.31,8.31,100.0,settled,3-4-1,0,0,0.0
2026-09-20 02:29:31,20260919,17,4,1-6-4,0.73,679.9,495.65,4.963,100.0,settled,3-4-1,0,0,0.0
2026-09-20 02:29:31,20260919,17,4,1-6-5,0.57,1738.0,989.1,9.907,100.0,settled,3-4-1,0,0,0.0
2026-09-20 02:29:31,20260919,17,5,1-3-2,6.44,24.2,155.75,1.558,100.0,settled,5-1-4,0,0,0.0
2026-09-20 02:29:31,20260919,17,5,1-3-5,5.77,20.7,119.38,1.194,100.0,settled,5-1-4,0,0,0.0
2026-09-20 02:29:31,20260919,17,5,1-4-3,8.51,22.0,187.32,1.872,100.0,settled,5-1-4,0,0,0.0
2026-09-20 02:29:31,20260919,17,6,1-2-5,4.34,408.4,1771.11,17.725,100.0,settled,4-2-1,0,0,0.0
2026-09-20 02:29:31,20260919,17,6,1-3-5,3.65,333.8,1219.1,12.184,100.0,settled,4-2-1,0,0,0.0
2026-09-20 02:29:31,20260919,17,6,1-4-5,0.52,488.3,252.7,2.539,100.0,settled,4-2-1,0,0,0.0
2026-09-20 02:29:31,20260919,17,6,1-5-2,2.7,1069.0,2889.4,28.863,100.0,settled,4-2-1,0,0,0.0
2026-09-20 02:29:31,20260919,17,6,1-5-3,2.5,1183.0,2952.41,29.575,100.0,settled,4-2-1,0,0,0.0
2026-09-20 02:29:31,20260919,17,6,1-5-4,0.51,1411.0,726.1,7.196,100.0,settled,4-2-1,0,0,0.0
2026-09-20 02:29:31,20260919,17,6,1-5-6,0.89,1228.0,1098.32,10.929,100.0,settled,4-2-1,0,0,0.0
2026-09-20 02:29:31,20260919,17,6,1-6-5,0.6,1292.0,772.1,7.752,100.0,settled,4-2-1,0,0,0.0
2026-09-20 02:29:31,20260919,17,7,1-2-4,10.67,58.9,628.51,6.285,100.0,settled,1-2-5,0,0,0.0
2026-09-20 02:29:31,20260919,17,7,1-4-2,4.67,260.0,1215.5,12.142,100.0,settled,1-2-5,0,0,0.0
2026-09-20 02:29:31,20260919,17,7,1-4-3,1.2,336.1,403.08,4.033,100.0,settled,1-2-5,0,0,0.0
2026-09-20 02:29:31,20260919,17,7,1-4-5,0.51,474.8,241.58,2.421,100.0,settled,1-2-5,0,0,0.0
2026-09-20 02:29:31,20260919,17,8,1-3-6,2.27,53.7,122.02,1.219,100.0,settled,1-4-2,0,0,0.0
2026-09-20 02:29:31,20260919,17,8,1-4-6,1.32,94.3,124.16,1.245,100.0,settled,1-4-2,0,0,0.0
2026-09-20 02:29:31,20260919,17,8,1-5-3,2.28,58.8,134.26,1.341,100.0,settled,1-4-2,0,0,0.0
2026-09-20 02:29:31,20260919,17,8,1-5-6,2.09,165.0,344.17,3.448,100.0,settled,1-4-2,0,0,0.0
2026-09-20 02:29:31,20260919,17,8,1-6-2,0.83,226.4,186.8,1.879,100.0,settled,1-4-2,0,0,0.0
2026-09-20 02:29:31,20260919,17,8,1-6-3,1.66,175.2,290.27,2.908,100.0,settled,1-4-2,0,0,0.0
2026-09-20 02:29:31,20260919,17,8,1-6-4,0.98,225.9,221.88,2.214,100.0,settled,1-4-2,0,0,0.0
2026-09-20 02:29:31,20260919,17,8,1-6-5,1.7,335.2,569.44,5.698,100.0,settled,1-4-2,0,0,0.0
2026-09-20 02:29:31,20260919,17,9,1-2-6,1.91,66.0,126.12,1.261,100.0,settled,1-2-4,0,0,0.0
2026-09-20 02:29:31,20260919,17,9,1-3-6,0.59,176.2,103.36,1.04,100.0,settled,1-2-4,0,0,0.0
2026-09-20 02:29:31,20260919,17,9,1-4-6,1.31,90.7,118.82,1.188,100.0,settled,1-2-4,0,0,0.0
2026-09-20 02:29:31,20260919,17,9,1-6-2,0.51,267.9,135.45,1.366,100.0,settled,1-2-4,0,0,0.0
2026-09-20 02:29:31,20260919,17,9,1-6-3,0.27,469.6,126.18,1.268,100.0,settled,1-2-4,0,0,0.0
2026-09-20 02:29:31,20260919,17,9,1-6-4,0.39,339.3,130.9,1.323,100.0,settled,1-2-4,0,0,0.0
2026-09-20 02:29:31,20260919,17,10,1-2-4,2.29,63.1,144.63,1.445,100.0,settled,1-2-3,0,0,0.0
2026-09-20 02:29:31,20260919,17,10,1-3-2,3.07,39.0,119.91,1.197,100.0,settled,1-2-3,0,0,0.0
2026-09-20 02:29:31,20260919,17,10,1-3-4,0.59,339.2,199.14,2.001,100.0,settled,1-2-3,0,0,0.0
2026-09-20 02:29:31,20260919,17,10,1-4-2,0.71,227.2,162.4,1.613,100.0,settled,1-2-3,0,0,0.0
2026-09-20 02:29:31,20260919,17,10,1-4-3,0.33,552.4,182.13,1.823,100.0,settled,1-2-3,0,0,0.0
2026-09-20 02:29:31,20260919,17,10,1-4-5,0.32,334.7,106.9,1.071,100.0,settled,1-2-3,0,0,0.0
2026-09-20 02:29:31,20260919,17,12,1-2-5,2.16,71.5,154.47,1.544,100.0,settled,2-1-3,0,0,0.0
2026-09-20 02:29:31,20260919,17,12,1-2-6,4.74,28.0,132.75,1.327,100.0,settled,2-1-3,0,0,0.0
2026-09-20 02:29:31,20260919,17,12,1-5-2,0.58,225.9,130.53,1.31,100.0,settled,2-1-3,0,0,0.0
2026-09-20 02:29:31,20260919,17,12,1-5-3,0.72,192.1,137.52,1.383,100.0,settled,2-1-3,0,0,0.0
2026-09-20 02:29:31,20260919,17,12,1-5-6,0.45,308.6,140.35,1.389,100.0,settled,2-1-3,0,0,0.0
2026-09-20 02:29:31,20260919,17,12,1-6-2,2.48,101.0,250.61,2.505,100.0,settled,2-1-3,0,0,0.0
2026-09-20 02:29:31,20260919,17,12,1-6-3,2.65,77.3,204.91,2.048,100.0,settled,2-1-3,0,0,0.0
2026-09-20 02:29:31,20260919,17,12,1-6-5,0.71,325.8,230.7,2.313,100.0,settled,2-1-3,0,0,0.0
2026-09-20 02:29:31,20260919,23,1,1-2-6,1.62,122.5,198.28,1.985,100.0,settled,1-2-5,0,0,0.0
2026-09-20 02:29:31,20260919,23,1,1-4-6,0.55,193.5,105.92,1.064,100.0,settled,1-2-5,0,0,0.0
2026-09-20 02:29:31,20260919,23,1,1-6-2,0.3,556.0,164.85,1.668,100.0,settled,1-2-5,0,0,0.0
2026-09-20 02:29:31,20260919,23,1,1-6-3,0.17,646.4,107.69,1.099,100.0,settled,1-2-5,0,0,0.0
2026-09-20 02:29:31,20260919,23,1,1-6-4,0.15,712.4,103.37,1.069,100.0,settled,1-2-5,0,0,0.0
2026-09-20 02:29:31,20260919,23,1,1-6-5,0.15,837.8,123.41,1.257,100.0,settled,1-2-5,0,0,0.0
2026-09-20 02:29:31,20260919,23,2,1-3-4,2.32,65.9,152.98,1.529,100.0,settled,2-3-4,0,0,0.0
2026-09-20 02:29:31,20260919,23,2,1-3-5,1.54,76.8,118.28,1.183,100.0,settled,2-3-4,0,0,0.0
2026-09-20 02:29:31,20260919,23,2,1-4-2,7.94,34.2,271.58,2.715,100.0,settled,2-3-4,0,0,0.0
2026-09-20 02:29:31,20260919,23,2,1-4-3,2.74,97.3,267.0,2.666,100.0,settled,2-3-4,0,0,0.0
2026-09-20 02:29:31,20260919,23,2,1-4-5,3.54,103.1,364.57,3.65,100.0,settled,2-3-4,0,0,0.0
2026-09-20 02:29:31,20260919,23,2,1-5-2,2.76,39.6,109.11,1.093,100.0,settled,2-3-4,0,0,0.0
2026-09-20 02:29:31,20260919,23,2,1-5-3,1.07,148.0,158.89,1.584,100.0,settled,2-3-4,0,0,0.0
2026-09-20 02:29:31,20260919,23,2,1-5-4,1.69,138.2,233.99,2.336,100.0,settled,2-3-4,0,0,0.0
2026-09-20 02:29:31,20260919,23,3,1-2-6,1.32,210.1,277.65,2.773,100.0,settled,1-4-5,0,0,0.0
2026-09-20 02:29:31,20260919,23,3,1-3-4,6.46,22.0,142.14,1.421,100.0,settled,1-4-5,0,0,0.0
2026-09-20 02:29:31,20260919,23,3,1-3-6,1.22,355.1,434.71,4.332,100.0,settled,1-4-5,0,0,0.0
2026-09-20 02:29:31,20260919,23,3,1-4-3,4.49,36.0,161.8,1.616,100.0,settled,1-4-5,0,0,0.0
2026-09-20 02:29:31,20260919,23,3,1-4-6,0.56,395.3,219.87,2.214,100.0,settled,1-4-5,0,0,0.0
2026-09-20 02:29:31,20260919,23,3,1-6-2,0.31,810.2,250.76,2.512,100.0,settled,1-4-5,0,0,0.0
2026-09-20 02:29:31,20260919,23,3,1-6-3,0.29,1098.0,318.75,3.184,100.0,settled,1-4-5,0,0,0.0
2026-09-20 02:29:31,20260919,23,3,1-6-4,0.15,1161.0,175.31,1.742,100.0,settled,1-4-5,0,0,0.0
2026-09-20 02:29:31,20260919,23,4,1-2-5,0.24,430.9,102.34,1.034,100.0,settled,6-5-4,0,0,0.0
2026-09-20 02:29:31,20260919,23,5,1-2-5,5.99,29.2,175.02,1.749,100.0,settled,1-2-6,0,0,0.0
2026-09-20 02:29:31,20260919,23,5,1-2-6,3.1,42.8,132.88,1.327,100.0,settled,1-2-6,1,4280.0,4280.0
2026-09-20 02:29:31,20260919,23,5,1-5-2,6.25,33.7,210.69,2.106,100.0,settled,1-2-6,0,0,0.0
2026-09-20 02:29:31,20260919,23,5,1-6-2,2.11,61.0,128.86,1.287,100.0,settled,1-2-6,0,0,0.0
2026-09-20 02:29:31,20260919,23,5,1-6-5,6.78,23.1,156.68,1.566,100.0,settled,1-2-6,0,0,0.0
2026-09-20 02:29:31,20260919,23,7,1-3-2,2.85,63.2,180.1,1.801,100.0,settled,1-4-6,0,0,0.0
2026-09-20 02:29:31,20260919,23,7,1-3-6,3.38,55.3,186.67,1.869,100.0,settled,1-4-6,0,0,0.0
2026-09-20 02:29:31,20260919,23,7,1-4-3,2.77,38.0,105.34,1.053,100.0,settled,1-4-6,0,0,0.0
2026-09-20 02:29:31,20260919,23,7,1-6-2,2.3,46.7,107.38,1.074,100.0,settled,1-4-6,0,0,0.0
2026-09-20 02:29:31,20260919,23,7,1-6-3,2.99,68.6,205.09,2.051,100.0,settled,1-4-6,0,0,0.0
2026-09-20 02:29:31,20260919,23,8,1-2-6,3.05,68.8,210.08,2.098,100.0,settled,3-6-1,0,0,0.0
2026-09-20 02:29:31,20260919,23,8,1-6-2,1.27,201.5,256.41,2.559,100.0,settled,3-6-1,0,0,0.0
2026-09-20 02:29:31,20260919,23,8,1-6-4,0.62,173.3,107.86,1.074,100.0,settled,3-6-1,0,0,0.0
2026-09-20 02:29:31,20260919,23,9,1-5-2,4.47,43.5,194.65,1.944,100.0,settled,4-6-2,0,0,0.0
2026-09-20 02:29:31,20260919,23,9,1-5-4,3.9,38.3,149.41,1.494,100.0,settled,4-6-2,0,0,0.0
2026-09-20 02:29:31,20260919,23,10,1-2-6,7.54,36.0,271.36,2.714,100.0,settled,2-1-3,0,0,0.0
2026-09-20 02:29:31,20260919,23,10,1-3-6,5.98,65.2,389.72,3.899,100.0,settled,2-1-3,0,0,0.0
2026-09-20 02:29:31,20260919,23,10,1-4-6,3.47,42.6,147.83,1.478,100.0,settled,2-1-3,0,0,0.0
2026-09-20 02:29:31,20260919,23,10,1-5-6,1.42,81.5,115.64,1.157,100.0,settled,2-1-3,0,0,0.0
2026-09-20 02:29:31,20260919,23,10,1-6-2,4.37,116.0,506.72,5.069,100.0,settled,2-1-3,0,0,0.0
2026-09-20 02:29:31,20260919,23,10,1-6-3,3.53,175.9,621.72,6.209,100.0,settled,2-1-3,0,0,0.0
2026-09-20 02:29:31,20260919,23,10,1-6-4,2.39,144.6,344.97,3.456,100.0,settled,2-1-3,0,0,0.0
2026-09-20 02:29:31,20260919,23,10,1-6-5,1.58,183.6,290.99,2.901,100.0,settled,2-1-3,0,0,0.0
2026-09-20 02:29:31,20260919,23,11,1-4-5,3.45,35.9,123.97,1.239,100.0,settled,1-2-3,0,0,0.0
2026-09-20 02:29:31,20260919,23,12,1-2-5,6.68,22.7,151.61,1.516,100.0,settled,1-3-2,0,0,0.0
2026-09-20 02:29:31,20260919,23,12,1-2-6,1.61,67.7,108.71,1.09,100.0,settled,1-3-2,0,0,0.0
2026-09-20 02:29:31,20260919,24,1,1-2-6,3.02,182.5,551.06,5.511,100.0,settled,1-2-4,0,0,0.0
2026-09-20 02:29:31,20260919,24,1,1-3-5,3.7,64.6,239.27,2.39,100.0,settled,1-2-4,0,0,0.0
2026-09-20 02:29:31,20260919,24,1,1-3-6,1.53,277.9,426.27,4.252,100.0,settled,1-2-4,0,0,0.0
2026-09-20 02:29:31,20260919,24,1,1-5-3,3.1,91.8,284.19,2.846,100.0,settled,1-2-4,0,0,0.0
2026-09-20 02:29:31,20260919,24,1,1-5-6,1.44,259.0,372.62,3.73,100.0,settled,1-2-4,0,0,0.0
2026-09-20 02:29:31,20260919,24,1,1-6-2,0.91,553.5,504.96,5.037,100.0,settled,1-2-4,0,0,0.0
2026-09-20 02:29:31,20260919,24,1,1-6-3,0.71,632.6,449.4,4.491,100.0,settled,1-2-4,0,0,0.0
2026-09-20 02:29:31,20260919,24,1,1-6-5,0.87,613.1,533.46,5.334,100.0,settled,1-2-4,0,0,0.0
2026-09-20 02:29:31,20260919,24,4,1-2-5,1.75,129.7,226.39,2.27,100.0,settled,2-3-4,0,0,0.0
2026-09-20 02:29:31,20260919,24,4,1-3-5,0.51,280.6,144.48,1.431,100.0,settled,2-3-4,0,0,0.0
2026-09-20 02:29:31,20260919,24,4,1-5-2,0.44,527.3,232.43,2.32,100.0,settled,2-3-4,0,0,0.0
2026-09-20 02:29:31,20260919,24,4,1-5-3,0.25,667.4,169.92,1.668,100.0,settled,2-3-4,0,0,0.0
2026-09-20 02:29:31,20260919,24,5,1-2-5,1.2,104.9,125.85,1.259,100.0,settled,3-1-6,0,0,0.0
2026-09-20 02:29:31,20260919,24,5,1-5-2,0.7,189.7,132.11,1.328,100.0,settled,3-1-6,0,0,0.0
2026-09-20 02:29:31,20260919,24,5,1-5-3,2.13,83.0,176.57,1.768,100.0,settled,3-1-6,0,0,0.0
2026-09-20 02:29:31,20260919,24,6,1-4-2,1.94,61.9,120.25,1.201,100.0,settled,1-3-6,0,0,0.0
2026-09-20 02:29:31,20260919,24,6,1-4-3,3.53,60.1,212.03,2.122,100.0,settled,1-3-6,0,0,0.0
2026-09-20 02:29:31,20260919,24,6,1-4-5,1.15,111.0,127.59,1.276,100.0,settled,1-3-6,0,0,0.0
2026-09-20 02:29:31,20260919,24,7,1-4-2,2.94,39.0,114.68,1.147,100.0,settled,1-5-6,0,0,0.0
2026-09-20 02:29:31,20260919,24,7,1-4-3,1.59,81.4,129.7,1.294,100.0,settled,1-5-6,0,0,0.0
2026-09-20 02:29:31,20260919,24,7,1-4-5,3.2,50.9,162.9,1.629,100.0,settled,1-5-6,0,0,0.0
2026-09-20 02:29:31,20260919,24,7,1-5-4,3.2,34.5,110.34,1.104,100.0,settled,1-5-6,0,0,0.0
2026-09-20 02:29:31,20260919,24,8,1-3-4,4.78,44.7,213.46,2.137,100.0,settled,1-3-5,0,0,0.0
2026-09-20 02:29:31,20260919,24,8,1-4-3,2.25,113.0,254.39,2.542,100.0,settled,1-3-5,0,0,0.0
2026-09-20 02:29:31,20260919,24,8,1-4-5,1.0,106.3,106.54,1.063,100.0,settled,1-3-5,0,0,0.0
2026-09-20 02:29:31,20260919,24,9,1-4-2,4.9,32.5,159.39,1.593,100.0,settled,1-3-2,0,0,0.0
2026-09-20 02:29:31,20260919,24,9,1-4-3,13.77,24.8,341.5,3.415,100.0,settled,1-3-2,0,0,0.0
2026-09-20 02:29:31,20260919,24,10,1-4-2,9.5,23.6,224.14,2.242,100.0,settled,1-5-6,0,0,0.0
2026-09-20 02:29:31,20260919,24,10,1-4-3,3.35,32.2,107.94,1.079,100.0,settled,1-5-6,0,0,0.0
2026-09-20 02:29:31,20260919,24,10,1-4-5,13.44,29.0,389.9,3.898,100.0,settled,1-5-6,0,0,0.0
2026-09-20 02:29:31,20260919,24,10,1-4-6,2.89,45.8,132.23,1.324,100.0,settled,1-5-6,0,0,0.0
2026-09-20 02:29:31,20260919,24,10,1-5-4,8.48,35.2,298.41,2.985,100.0,settled,1-5-6,0,0,0.0
2026-09-20 02:29:31,20260919,24,11,1-3-5,6.83,30.2,206.27,2.063,100.0,settled,1-5-6,0,0,0.0
2026-09-20 02:29:31,20260919,24,11,1-3-6,2.78,49.5,137.75,1.376,100.0,settled,1-5-6,0,0,0.0
2026-09-20 02:29:31,20260919,24,11,1-5-2,8.2,32.5,266.44,2.665,100.0,settled,1-5-6,0,0,0.0
2026-09-20 02:29:31,20260919,24,11,1-5-3,6.1,62.1,378.87,3.788,100.0,settled,1-5-6,0,0,0.0
2026-09-20 02:29:31,20260919,24,11,1-5-6,4.93,61.4,302.6,3.027,100.0,settled,1-5-6,1,6140.0,6140.0
2026-09-20 02:29:31,20260919,24,11,1-6-3,1.18,91.4,108.29,1.079,100.0,settled,1-5-6,0,0,0.0
2026-09-20 02:29:31,20260919,24,11,1-6-5,1.93,79.1,152.35,1.527,100.0,settled,1-5-6,0,0,0.0
2026-09-20 02:29:31,20260919,24,12,1-2-5,9.44,66.9,631.34,6.315,100.0,settled,1-2-4,0,0,0.0
2026-09-20 02:29:31,20260919,24,12,1-2-6,7.7,25.1,193.15,1.933,100.0,settled,1-2-4,0,0,0.0
2026-09-20 02:29:31,20260919,24,12,1-5-2,3.47,146.2,507.4,5.073,100.0,settled,1-2-4,0,0,0.0
2026-09-20 02:29:31,20260919,24,12,1-5-3,1.74,137.8,239.99,2.398,100.0,settled,1-2-4,0,0,0.0
2026-09-20 02:29:31,20260919,24,12,1-5-4,0.77,206.1,159.56,1.587,100.0,settled,1-2-4,0,0,0.0
2026-09-20 02:29:31,20260919,24,12,1-5-6,1.99,141.0,281.11,2.806,100.0,settled,1-2-4,0,0,0.0
2026-09-20 02:29:31,20260919,24,12,1-6-2,3.02,69.0,208.17,2.084,100.0,settled,1-2-4,0,0,0.0
2026-09-20 02:29:31,20260919,24,12,1-6-5,1.84,195.1,358.52,3.59,100.0,settled,1-2-4,0,0,0.0
2026-09-21 02:43:47,20260920,1,1,1-2-3,1.79,59.2,105.75,1.06,100.0,settled,2-4-5,0,0,0.0
2026-09-21 02:43:47,20260920,1,1,1-2-4,5.79,30.1,174.19,1.743,100.0,settled,2-4-5,0,0,0.0
2026-09-21 02:43:47,20260920,1,1,1-2-6,1.1,96.1,105.32,1.057,100.0,settled,2-4-5,0,0,0.0
2026-09-21 02:43:47,20260920,1,1,1-3-2,1.16,108.9,126.23,1.263,100.0,settled,2-4-5,0,0,0.0
2026-09-21 02:43:47,20260920,1,1,1-4-2,4.94,52.4,258.8,2.589,100.0,settled,2-4-5,0,0,0.0
2026-09-21 02:43:47,20260920,1,1,1-4-3,1.07,127.3,135.75,1.362,100.0,settled,2-4-5,0,0,0.0
2026-09-21 02:43:47,20260920,1,1,1-6-2,0.2,673.6,132.43,1.347,100.0,settled,2-4-5,0,0,0.0
2026-09-21 02:43:47,20260920,1,1,1-6-4,0.17,757.8,126.48,1.288,100.0,settled,2-4-5,0,0,0.0
2026-09-21 02:43:47,20260920,1,2,1-2-6,1.44,238.0,341.67,3.427,100.0,settled,5-2-3,0,0,0.0
2026-09-21 02:43:47,20260920,1,2,1-3-6,2.35,193.8,455.08,4.554,100.0,settled,5-2-3,0,0,0.0
2026-09-21 02:43:47,20260920,1,2,1-5-6,0.45,377.8,170.95,1.7,100.0,settled,5-2-3,0,0,0.0
2026-09-21 02:43:47,20260920,1,2,1-6-2,0.67,749.3,504.58,5.02,100.0,settled,5-2-3,0,0,0.0
2026-09-21 02:43:47,20260920,1,2,1-6-3,1.07,696.4,742.43,7.451,100.0,settled,5-2-3,0,0,0.0
2026-09-21 02:43:47,20260920,1,2,1-6-5,0.44,652.9,287.28,2.873,100.0,settled,5-2-3,0,0,0.0
2026-09-21 02:43:47,20260920,1,3,1-3-6,2.97,40.4,120.06,1.2,100.0,settled,1-5-4,0,0,0.0
2026-09-21 02:43:47,20260920,1,3,1-4-3,3.31,34.1,112.87,1.129,100.0,settled,1-5-4,0,0,0.0
2026-09-21 02:43:47,20260920,1,3,1-4-6,5.44,28.8,156.8,1.567,100.0,settled,1-5-4,0,0,0.0
2026-09-21 02:43:47,20260920,1,3,1-6-3,1.57,74.7,117.48,1.173,100.0,settled,1-5-4,0,0,0.0
2026-09-21 02:43:47,20260920,1,3,1-6-4,2.45,45.7,111.93,1.12,100.0,settled,1-5-4,0,0,0.0
2026-09-21 02:43:47,20260920,1,4,1-2-3,3.93,40.5,159.29,1.592,100.0,settled,2-3-5,0,0,0.0
2026-09-21 02:43:47,20260920,1,4,1-2-5,12.1,27.6,334.01,3.34,100.0,settled,2-3-5,0,0,0.0
2026-09-21 02:43:47,20260920,1,4,1-2-6,3.91,210.6,823.17,8.234,100.0,settled,2-3-5,0,0,0.0
2026-09-21 02:43:47,20260920,1,4,1-3-2,2.87,64.7,185.49,1.857,100.0,settled,2-3-5,0,0,0.0
2026-09-21 02:43:47,20260920,1,4,1-5-2,4.85,43.3,210.09,2.1,100.0,settled,2-3-5,0,0,0.0
2026-09-21 02:43:47,20260920,1,4,1-5-6,1.21,185.9,225.27,2.249,100.0,settled,2-3-5,0,0,0.0
2026-09-21 02:43:47,20260920,1,4,1-6-2,0.83,578.1,478.67,4.798,100.0,settled,2-3-5,0,0,0.0
2026-09-21 02:43:47,20260920,1,4,1-6-5,0.75,499.1,374.97,3.743,100.0,settled,2-3-5,0,0,0.0
2026-09-21 02:43:47,20260920,1,5,1-2-4,2.96,71.3,210.9,2.11,100.0,settled,1-3-6,0,0,0.0
2026-09-21 02:43:47,20260920,1,5,1-3-4,5.13,40.9,209.67,2.098,100.0,settled,1-3-6,0,0,0.0
2026-09-21 02:43:47,20260920,1,5,1-4-2,1.49,180.3,268.81,2.686,100.0,settled,1-3-6,0,0,0.0
2026-09-21 02:43:47,20260920,1,5,1-4-3,2.53,129.3,326.57,3.271,100.0,settled,1-3-6,0,0,0.0
2026-09-21 02:43:47,20260920,1,5,1-4-5,0.83,176.2,145.95,1.462,100.0,settled,1-3-6,0,0,0.0
2026-09-21 02:43:47,20260920,1,5,1-4-6,2.17,118.5,257.63,2.571,100.0,settled,1-3-6,0,0,0.0
2026-09-21 02:43:47,20260920,1,5,1-6-2,2.39,51.0,121.84,1.219,100.0,settled,1-3-6,0,0,0.0
2026-09-21 02:43:47,20260920,1,5,1-6-4,1.46,118.1,172.01,1.724,100.0,settled,1-3-6,0,0,0.0
2026-09-21 02:43:47,20260920,1,6,1-6-2,3.81,30.5,116.21,1.162,100.0,settled,4-6-2,0,0,0.0
2026-09-21 02:43:47,20260920,1,6,1-6-3,8.79,38.9,342.13,3.419,100.0,settled,4-6-2,0,0,0.0
2026-09-21 02:43:47,20260920,1,6,1-6-5,2.7,79.6,214.87,2.149,100.0,settled,4-6-2,0,0,0.0
2026-09-21 02:43:47,20260920,1,7,1-4-3,7.89,20.0,157.85,1.578,100.0,settled,1-3-4,0,0,0.0
2026-09-21 02:43:47,20260920,1,7,1-4-6,7.46,42.2,314.99,3.148,100.0,settled,1-3-4,0,0,0.0
2026-09-21 02:43:47,20260920,1,7,1-6-2,1.51,89.6,134.95,1.353,100.0,settled,1-3-4,0,0,0.0
2026-09-21 02:43:47,20260920,1,7,1-6-3,5.03,35.6,178.89,1.791,100.0,settled,1-3-4,0,0,0.0
2026-09-21 02:43:47,20260920,1,7,1-6-4,3.1,90.5,280.29,2.805,100.0,settled,1-3-4,0,0,0.0
2026-09-21 02:43:47,20260920,1,8,1-2-6,1.04,340.4,354.32,3.54,100.0,settled,4-5-1,0,0,0.0
2026-09-21 02:43:47,20260920,1,8,1-3-6,3.28,321.9,1054.58,10.558,100.0,settled,4-5-1,0,0,0.0
2026-09-21 02:43:47,20260920,1,8,1-4-6,1.27,447.6,570.15,5.685,100.0,settled,4-5-1,0,0,0.0
2026-09-21 02:43:47,20260920,1,8,1-5-6,2.25,239.0,538.04,5.377,100.0,settled,4-5-1,0,0,0.0
2026-09-21 02:43:47,20260920,1,8,1-6-2,0.51,753.0,387.04,3.84,100.0,settled,4-5-1,0,0,0.0
2026-09-21 02:43:47,20260920,1,8,1-6-3,1.12,938.1,1053.58,10.507,100.0,settled,4-5-1,0,0,0.0
2026-09-21 02:43:47,20260920,1,8,1-6-4,0.45,973.5,438.17,4.381,100.0,settled,4-5-1,0,0,0.0
2026-09-21 02:43:47,20260920,1,8,1-6-5,0.85,686.6,585.33,5.836,100.0,settled,4-5-1,0,0,0.0
2026-09-21 02:43:47,20260920,1,9,1-3-6,6.92,20.2,139.78,1.398,100.0,settled,1-2-6,0,0,0.0
2026-09-21 02:43:47,20260920,1,9,1-6-3,3.87,36.7,141.92,1.42,100.0,settled,1-2-6,0,0,0.0
2026-09-21 02:43:47,20260920,1,10,1-2-6,7.2,180.7,1301.4,13.01,100.0,settled,1-3-5,0,0,0.0
2026-09-21 02:43:47,20260920,1,10,1-3-6,0.47,296.4,140.08,1.393,100.0,settled,1-3-5,0,0,0.0
2026-09-21 02:43:47,20260920,1,10,1-4-2,7.66,23.9,183.12,1.831,100.0,settled,1-3-5,0,0,0.0
2026-09-21 02:43:47,20260920,1,10,1-4-6,2.13,419.4,892.65,8.933,100.0,settled,1-3-5,0,0,0.0
2026-09-21 02:43:47,20260920,1,10,1-6-2,2.06,617.5,1272.54,12.72,100.0,settled,1-3-5,0,0,0.0
2026-09-21 02:43:47,20260920,1,10,1-6-3,0.36,953.3,347.95,3.432,100.0,settled,1-3-5,0,0,0.0
2026-09-21 02:43:47,20260920,1,10,1-6-4,0.85,855.4,731.37,7.271,100.0,settled,1-3-5,0,0,0.0
2026-09-21 02:43:47,20260920,1,10,1-6-5,0.22,1019.0,221.02,2.242,100.0,settled,1-3-5,0,0,0.0
2026-09-21 02:43:47,20260920,1,11,1-2-5,7.38,30.6,225.7,2.258,100.0,settled,1-2-4,0,0,0.0
2026-09-21 02:43:47,20260920,1,11,1-5-2,3.03,66.4,201.52,2.012,100.0,settled,1-2-4,0,0,0.0
2026-09-21 02:43:47,20260920,1,11,1-5-3,4.03,48.3,194.55,1.946,100.0,settled,1-2-4,0,0,0.0
2026-09-21 02:43:47,20260920,1,12,1-2-5,3.06,35.3,108.08,1.08,100.0,settled,1-4-6,0,0,0.0
2026-09-21 02:43:47,20260920,2,1,1-2-6,1.79,613.0,1098.31,10.973,100.0,settled,3-4-2,0,0,0.0
2026-09-21 02:43:47,20260920,2,1,1-3-6,1.2,453.2,544.16,5.438,100.0,settled,3-4-2,0,0,0.0
2026-09-21 02:43:47,20260920,2,1,1-4-6,0.97,724.4,704.84,7.027,100.0,settled,3-4-2,0,0,0.0
2026-09-21 02:43:47,20260920,2,1,1-5-6,1.04,894.8,929.16,9.306,100.0,settled,3-4-2,0,0,0.0
2026-09-21 02:43:47,20260920,2,1,1-6-2,0.89,857.0,765.3,7.627,100.0,settled,3-4-2,0,0,0.0
2026-09-21 02:43:47,20260920,2,1,1-6-3,0.76,1540.0,1165.93,11.704,100.0,settled,3-4-2,0,0,0.0
2026-09-21 02:43:47,20260920,2,1,1-6-4,0.61,1530.0,940.95,9.333,100.0,settled,3-4-2,0,0,0.0
2026-09-21 02:43:47,20260920,2,1,1-6-5,0.82,1901.0,1558.06,15.588,100.0,settled,3-4-2,0,0,0.0
2026-09-21 02:43:47,20260920,2,2,1-2-6,1.33,99.1,131.97,1.318,100.0,settled,1-3-2,0,0,0.0
2026-09-21 02:43:47,20260920,2,2,1-6-2,0.9,299.2,268.35,2.693,100.0,settled,1-3-2,0,0,0.0
2026-09-21 02:43:47,20260920,2,2,1-6-3,1.33,192.0,256.26,2.554,100.0,settled,1-3-2,0,0,0.0
2026-09-21 02:43:47,20260920,2,2,1-6-4,0.44,585.3,255.89,2.575,100.0,settled,1-3-2,0,0,0.0
2026-09-21 02:43:47,20260920,2,2,1-6-5,0.67,356.6,239.28,2.389,100.0,settled,1-3-2,0,0,0.0
2026-09-21 02:43:47,20260920,2,4,1-2-4,0.69,193.9,132.94,1.338,100.0,settled,1-6-5,0,0,0.0
2026-09-21 02:43:47,20260920,2,4,1-2-5,2.03,55.3,112.05,1.123,100.0,settled,1-6-5,0,0,0.0
2026-09-21 02:43:47,20260920,2,4,1-4-2,0.3,564.2,167.34,1.693,100.0,settled,1-6-5,0,0,0.0
2026-09-21 02:43:47,20260920,2,4,1-4-5,0.3,882.3,265.75,2.647,100.0,settled,1-6-5,0,0,0.0
2026-09-21 02:43:47,20260920,2,4,1-5-2,1.31,127.1,166.26,1.665,100.0,settled,1-6-5,0,0,0.0
2026-09-21 02:43:47,20260920,2,4,1-5-3,0.62,188.8,117.38,1.171,100.0,settled,1-6-5,0,0,0.0
2026-09-21 02:43:47,20260920,2,4,1-5-4,0.35,560.7,194.51,1.962,100.0,settled,1-6-5,0,0,0.0
2026-09-21 02:43:47,20260920,2,5,1-2-6,0.79,694.5,547.13,5.487,100.0,settled,1-3-4,0,0,0.0
2026-09-21 02:43:47,20260920,2,5,1-4-5,4.55,22.2,101.1,1.01,100.0,settled,1-3-4,0,0,0.0
2026-09-21 02:43:47,20260920,2,5,1-4-6,2.14,331.3,710.57,7.09,100.0,settled,1-3-4,0,0,0.0
2026-09-21 02:43:47,20260920,2,5,1-6-2,0.15,1590.0,232.93,2.385,100.0,settled,1-3-4,0,0,0.0
2026-09-21 02:43:47,20260920,2,5,1-6-4,0.3,1469.0,434.09,4.407,100.0,settled,1-3-4,0,0,0.0
2026-09-21 02:43:47,20260920,2,5,1-6-5,0.05,2689.0,141.71,1.345,100.0,settled,1-3-4,0,0,0.0
2026-09-21 02:43:47,20260920,2,6,1-2-4,2.35,56.7,133.48,1.332,100.0,settled,3-2-4,0,0,0.0
2026-09-21 02:43:47,20260920,2,6,1-2-6,1.35,175.6,237.29,2.371,100.0,settled,3-2-4,0,0,0.0
2026-09-21 02:43:47,20260920,2,6,1-3-6,0.46,224.3,104.03,1.032,100.0,settled,3-2-4,0,0,0.0
2026-09-21 02:43:47,20260920,2,6,1-4-2,0.92,145.5,134.27,1.339,100.0,settled,3-2-4,0,0,0.0
2026-09-21 02:43:47,20260920,2,6,1-6-2,0.25,650.2,161.18,1.626,100.0,settled,3-2-4,0,0,0.0
2026-09-21 02:43:47,20260920,2,7,1-3-6,5.02,33.0,165.54,1.657,100.0,settled,1-5-2,0,0,0.0
2026-09-21 02:43:47,20260920,2,7,1-4-6,1.91,55.2,105.29,1.054,100.0,settled,1-5-2,0,0,0.0
2026-09-21 02:43:47,20260920,2,7,1-5-3,6.18,24.8,153.38,1.533,100.0,settled,1-5-2,0,0,0.0
2026-09-21 02:43:47,20260920,2,7,1-5-6,5.8,55.4,321.54,3.213,100.0,settled,1-5-2,0,0,0.0
2026-09-21 02:43:47,20260920,2,7,1-6-2,1.39,117.6,163.21,1.635,100.0,settled,1-5-2,0,0,0.0
2026-09-21 02:43:47,20260920,2,7,1-6-3,2.33,128.4,299.7,2.992,100.0,settled,1-5-2,0,0,0.0
2026-09-21 02:43:47,20260920,2,7,1-6-4,1.29,155.8,200.9,2.01,100.0,settled,1-5-2,0,0,0.0
2026-09-21 02:43:47,20260920,2,7,1-6-5,2.98,129.7,386.7,3.865,100.0,settled,1-5-2,0,0,0.0
2026-09-21 02:43:47,20260920,2,8,1-3-4,1.72,84.5,145.42,1.453,100.0,settled,1-4-3,0,0,0.0
2026-09-21 02:43:47,20260920,2,8,1-3-6,4.0,48.7,194.81,1.948,100.0,settled,1-4-3,0,0,0.0
2026-09-21 02:43:47,20260920,2,8,1-4-3,0.91,169.2,154.33,1.54,100.0,settled,1-4-3,1,16920.0,16920.0
2026-09-21 02:43:47,20260920,2,8,1-4-6,0.76,196.4,148.83,1.493,100.0,settled,1-4-3,0,0,0.0
2026-09-21 02:43:47,20260920,2,8,1-6-3,1.64,127.7,209.79,2.094,100.0,settled,1-4-3,0,0,0.0
2026-09-21 02:43:47,20260920,2,8,1-6-4,0.52,235.1,121.17,1.223,100.0,settled,1-4-3,0,0,0.0
2026-09-21 02:43:47,20260920,2,10,1-5-3,4.79,36.2,173.55,1.734,100.0,settled,3-5-2,0,0,0.0
2026-09-21 02:43:47,20260920,2,11,1-2-3,5.19,34.9,181.23,1.811,100.0,settled,5-6-2,0,0,0.0
2026-09-21 02:43:47,20260920,2,11,1-2-4,7.31,24.1,176.23,1.762,100.0,settled,5-6-2,0,0,0.0
2026-09-21 02:43:47,20260920,2,11,1-3-2,1.76,77.5,136.3,1.364,100.0,settled,5-6-2,0,0,0.0
2026-09-21 02:43:47,20260920,2,11,1-3-4,1.36,102.4,139.29,1.393,100.0,settled,5-6-2,0,0,0.0
2026-09-21 02:43:47,20260920,2,11,1-3-5,1.03,110.8,114.32,1.141,100.0,settled,5-6-2,0,0,0.0
2026-09-21 02:43:47,20260920,2,11,1-4-2,2.99,46.2,138.05,1.381,100.0,settled,5-6-2,0,0,0.0
2026-09-21 02:43:47,20260920,2,11,1-4-3,1.35,104.3,141.31,1.408,100.0,settled,5-6-2,0,0,0.0
2026-09-21 02:43:47,20260920,2,11,1-5-3,1.29,113.5,146.03,1.464,100.0,settled,5-6-2,0,0,0.0
2026-09-21 02:43:47,20260920,2,12,1-4-5,5.01,23.7,118.62,1.187,100.0,settled,1-6-2,0,0,0.0
2026-09-21 02:43:47,20260920,3,1,1-2-3,2.96,85.2,252.5,2.522,100.0,settled,5-4-6,0,0,0.0
2026-09-21 02:43:47,20260920,3,1,1-3-2,5.11,136.9,699.01,6.996,100.0,settled,5-4-6,0,0,0.0
2026-09-21 02:43:47,20260920,3,1,1-3-4,1.75,152.4,266.24,2.667,100.0,settled,5-4-6,0,0,0.0
2026-09-21 02:43:47,20260920,3,1,1-3-5,2.03,114.8,232.69,2.33,100.0,settled,5-4-6,0,0,0.0
2026-09-21 02:43:47,20260920,3,1,1-4-3,1.5,144.7,216.56,2.17,100.0,settled,5-4-6,0,0,0.0
2026-09-21 02:43:47,20260920,3,1,1-5-3,1.64,77.3,127.0,1.268,100.0,settled,5-4-6,0,0,0.0
2026-09-21 02:43:47,20260920,3,3,1-4-6,0.27,405.8,109.77,1.096,100.0,settled,1-3-2,0,0,0.0
2026-09-21 02:43:47,20260920,3,3,1-5-6,0.95,110.5,105.52,1.05,100.0,settled,1-3-2,0,0,0.0
2026-09-21 02:43:47,20260920,3,3,1-6-2,0.31,346.7,107.03,1.075,100.0,settled,1-3-2,0,0,0.0
2026-09-21 02:43:47,20260920,3,3,1-6-5,0.42,337.5,141.82,1.417,100.0,settled,1-3-2,0,0,0.0
2026-09-21 02:43:47,20260920,3,4,1-2-4,3.7,28.8,106.61,1.066,100.0,settled,2-4-3,0,0,0.0
2026-09-21 02:43:47,20260920,3,4,1-2-5,0.79,190.0,150.73,1.501,100.0,settled,2-4-3,0,0,0.0
2026-09-21 02:43:47,20260920,3,4,1-2-6,1.04,117.3,121.89,1.22,100.0,settled,2-4-3,0,0,0.0
2026-09-21 02:43:47,20260920,3,4,1-3-2,4.56,63.5,289.46,2.896,100.0,settled,2-4-3,0,0,0.0
2026-09-21 02:43:47,20260920,3,4,1-4-2,4.09,35.7,145.96,1.46,100.0,settled,2-4-3,0,0,0.0
2026-09-21 02:43:47,20260920,3,4,1-5-2,0.3,439.8,131.37,1.319,100.0,settled,2-4-3,0,0,0.0
2026-09-21 02:43:47,20260920,3,5,1-2-6,7.05,20.9,147.28,1.473,100.0,settled,2-5-1,0,0,0.0
2026-09-21 02:43:47,20260920,3,5,1-3-6,2.5,80.2,200.28,2.005,100.0,settled,2-5-1,0,0,0.0
2026-09-21 02:43:47,20260920,3,5,1-6-2,4.41,35.8,157.76,1.579,100.0,settled,2-5-1,0,0,0.0
2026-09-21 02:43:47,20260920,3,5,1-6-3,2.69,144.5,388.73,3.887,100.0,settled,2-5-1,0,0,0.0
2026-09-21 02:43:47,20260920,3,5,1-6-4,0.9,169.3,152.57,1.524,100.0,settled,2-5-1,0,0,0.0
2026-09-21 02:43:47,20260920,3,5,1-6-5,1.76,75.0,131.84,1.32,100.0,settled,2-5-1,0,0,0.0
2026-09-21 02:43:47,20260920,3,6,1-2-6,1.08,93.8,101.59,1.013,100.0,settled,1-3-4,0,0,0.0
2026-09-21 02:43:47,20260920,3,6,1-3-6,1.24,95.0,117.33,1.178,100.0,settled,1-3-4,0,0,0.0
2026-09-21 02:43:47,20260920,3,6,1-4-6,2.9,52.4,152.12,1.52,100.0,settled,1-3-4,0,0,0.0
2026-09-21 02:43:47,20260920,3,6,1-6-2,0.58,300.0,173.64,1.74,100.0,settled,1-3-4,0,0,0.0
2026-09-21 02:43:47,20260920,3,6,1-6-3,0.66,305.9,201.19,2.019,100.0,settled,1-3-4,0,0,0.0
2026-09-21 02:43:47,20260920,3,6,1-6-4,1.01,218.0,220.92,2.202,100.0,settled,1-3-4,0,0,0.0
2026-09-21 02:43:47,20260920,3,6,1-6-5,0.44,317.8,138.43,1.398,100.0,settled,1-3-4,0,0,0.0
2026-09-21 02:43:47,20260920,3,7,1-2-5,0.9,581.0,522.78,5.229,100.0,settled,3-2-6,0,0,0.0
2026-09-21 02:43:47,20260920,3,7,1-2-6,2.76,189.1,522.37,5.219,100.0,settled,3-2-6,0,0,0.0
2026-09-21 02:43:47,20260920,3,7,1-5-2,0.5,820.6,408.66,4.103,100.0,settled,3-2-6,0,0,0.0
2026-09-21 02:43:47,20260920,3,7,1-5-3,0.75,484.1,361.72,3.631,100.0,settled,3-2-6,0,0,0.0
2026-09-21 02:43:47,20260920,3,7,1-5-6,0.98,524.4,515.38,5.139,100.0,settled,3-2-6,0,0,0.0
2026-09-21 02:43:47,20260920,3,7,1-6-2,2.14,230.9,493.94,4.941,100.0,settled,3-2-6,0,0,0.0
2026-09-21 02:43:47,20260920,3,7,1-6-3,3.45,83.6,288.81,2.884,100.0,settled,3-2-6,0,0,0.0
2026-09-21 02:43:47,20260920,3,7,1-6-5,1.44,428.4,616.6,6.169,100.0,settled,3-2-6,0,0,0.0
2026-09-21 02:43:47,20260920,3,8,1-2-3,8.39,34.4,288.73,2.886,100.0,settled,1-4-2,0,0,0.0
2026-09-21 02:43:47,20260920,3,8,1-2-5,3.76,106.7,401.6,4.012,100.0,settled,1-4-2,0,0,0.0
2026-09-21 02:43:47,20260920,3,8,1-3-2,19.84,37.8,749.99,7.5,100.0,settled,1-4-2,0,0,0.0
2026-09-21 02:43:47,20260920,3,8,1-3-4,4.86,33.8,164.27,1.643,100.0,settled,1-4-2,0,0,0.0
2026-09-21 02:43:47,20260920,3,8,1-3-5,4.12,116.2,478.4,4.787,100.0,settled,1-4-2,0,0,0.0
2026-09-21 02:43:47,20260920,3,8,1-5-2,2.26,183.0,413.05,4.136,100.0,settled,1-4-2,0,0,0.0
2026-09-21 02:43:47,20260920,3,8,1-5-3,2.48,221.6,550.65,5.496,100.0,settled,1-4-2,0,0,0.0
2026-09-21 02:43:47,20260920,3,8,1-5-4,1.08,135.1,146.18,1.459,100.0,settled,1-4-2,0,0,0.0
2026-09-21 02:43:47,20260920,3,9,1-2-5,2.02,52.4,105.65,1.058,100.0,settled,3-2-5,0,0,0.0
2026-09-21 02:43:47,20260920,3,9,1-4-2,4.64,30.6,141.84,1.42,100.0,settled,3-2-5,0,0,0.0
2026-09-21 02:43:47,20260920,3,9,1-4-3,4.85,40.5,196.36,1.964,100.0,settled,3-2-5,0,0,0.0
2026-09-21 02:43:47,20260920,3,9,1-4-5,1.5,75.7,113.93,1.135,100.0,settled,3-2-5,0,0,0.0
2026-09-21 02:43:47,20260920,3,10,1-3-6,1.91,83.2,158.59,1.589,100.0,settled,5-1-2,0,0,0.0
2026-09-21 02:43:47,20260920,3,10,1-5-6,0.95,131.7,124.56,1.251,100.0,settled,5-1-2,0,0,0.0
2026-09-21 02:43:47,20260920,3,10,1-6-3,0.47,330.3,156.53,1.552,100.0,settled,5-1-2,0,0,0.0
2026-09-21 02:43:47,20260920,3,10,1-6-5,0.4,446.7,176.76,1.787,100.0,settled,5-1-2,0,0,0.0
2026-09-21 02:43:47,20260920,3,11,1-4-2,4.97,23.0,114.38,1.143,100.0,settled,3-4-1,0,0,0.0
2026-09-21 02:43:47,20260920,3,12,1-3-5,5.72,44.5,254.32,2.545,100.0,settled,1-3-2,0,0,0.0
2026-09-21 02:43:47,20260920,3,12,1-5-2,1.47,80.8,118.67,1.188,100.0,settled,1-3-2,0,0,0.0
2026-09-21 02:43:47,20260920,3,12,1-5-3,2.75,105.9,291.62,2.912,100.0,settled,1-3-2,0,0,0.0
2026-09-21 02:43:47,20260920,3,12,1-5-6,1.27,104.9,133.58,1.332,100.0,settled,1-3-2,0,0,0.0
2026-09-21 02:43:47,20260920,5,1,1-3-5,5.22,31.9,166.47,1.665,100.0,settled,6-2-1,0,0,0.0
2026-09-21 02:43:47,20260920,5,1,1-3-6,3.4,34.2,116.16,1.163,100.0,settled,6-2-1,0,0,0.0
2026-09-21 02:43:47,20260920,5,1,1-4-3,6.7,26.0,174.22,1.742,100.0,settled,6-2-1,0,0,0.0
2026-09-21 02:43:47,20260920,5,1,1-4-5,3.52,40.7,143.11,1.433,100.0,settled,6-2-1,0,0,0.0
2026-09-21 02:43:47,20260920,5,1,1-4-6,2.45,44.1,108.1,1.08,100.0,settled,6-2-1,0,0,0.0
2026-09-21 02:43:47,20260920,5,1,1-5-3,2.77,58.6,162.46,1.623,100.0,settled,6-2-1,0,0,0.0
2026-09-21 02:43:47,20260920,5,1,1-5-4,1.94,67.1,130.06,1.302,100.0,settled,6-2-1,0,0,0.0
2026-09-21 02:43:47,20260920,5,2,1-6-2,3.35,46.7,156.56,1.564,100.0,settled,4-5-1,0,0,0.0
2026-09-21 02:43:47,20260920,5,2,1-6-3,1.54,107.4,165.31,1.654,100.0,settled,4-5-1,0,0,0.0
2026-09-21 02:43:47,20260920,5,2,1-6-4,3.23,37.5,120.97,1.211,100.0,settled,4-5-1,0,0,0.0
2026-09-21 02:43:47,20260920,5,3,1-3-6,2.76,83.8,231.2,2.313,100.0,settled,1-3-4,0,0,0.0
2026-09-21 02:43:47,20260920,5,3,1-4-6,6.23,85.3,531.44,5.314,100.0,settled,1-3-4,0,0,0.0
2026-09-21 02:43:47,20260920,5,3,1-5-4,5.43,33.4,181.42,1.814,100.0,settled,1-3-4,0,0,0.0
2026-09-21 02:43:47,20260920,5,3,1-5-6,2.5,114.9,286.99,2.873,100.0,settled,1-3-4,0,0,0.0
2026-09-21 02:43:47,20260920,5,3,1-6-2,0.73,315.6,229.41,2.304,100.0,settled,1-3-4,0,0,0.0
2026-09-21 02:43:47,20260920,5,3,1-6-3,0.98,329.9,322.51,3.233,100.0,settled,1-3-4,0,0,0.0
2026-09-21 02:43:47,20260920,5,3,1-6-4,2.05,280.6,575.43,5.752,100.0,settled,1-3-4,0,0,0.0
2026-09-21 02:43:47,20260920,5,3,1-6-5,1.09,327.6,355.68,3.571,100.0,settled,1-3-4,0,0,0.0
2026-09-21 02:43:47,20260920,5,4,1-2-6,8.09,33.4,270.33,2.702,100.0,settled,4-1-2,0,0,0.0
2026-09-21 02:43:47,20260920,5,4,1-3-6,3.33,45.5,151.53,1.515,100.0,settled,4-1-2,0,0,0.0
2026-09-21 02:43:47,20260920,5,4,1-6-2,1.99,122.2,242.74,2.432,100.0,settled,4-1-2,0,0,0.0
2026-09-21 02:43:47,20260920,5,4,1-6-3,1.03,176.3,182.15,1.816,100.0,settled,4-1-2,0,0,0.0
2026-09-21 02:43:47,20260920,5,4,1-6-4,0.85,142.0,121.31,1.207,100.0,settled,4-1-2,0,0,0.0
2026-09-21 02:43:47,20260920,5,5,1-4-2,6.6,20.4,134.55,1.346,100.0,settled,3-2-4,0,0,0.0
2026-09-21 02:43:47,20260920,5,5,1-4-3,8.37,28.0,234.46,2.344,100.0,settled,3-2-4,0,0,0.0
2026-09-21 02:43:47,20260920,5,5,1-4-5,3.65,27.8,101.51,1.015,100.0,settled,3-2-4,0,0,0.0
2026-09-21 02:43:47,20260920,5,5,1-4-6,5.56,62.4,346.92,3.469,100.0,settled,3-2-4,0,0,0.0
2026-09-21 02:43:47,20260920,5,5,1-6-4,1.31,158.8,208.54,2.08,100.0,settled,3-2-4,0,0,0.0
2026-09-21 02:43:47,20260920,5,6,1-4-6,1.94,72.8,141.29,1.412,100.0,settled,1-5-4,0,0,0.0
2026-09-21 02:43:47,20260920,5,6,1-5-6,2.7,46.3,124.82,1.25,100.0,settled,1-5-4,0,0,0.0
2026-09-21 02:43:47,20260920,5,6,1-6-3,0.75,174.5,130.84,1.309,100.0,settled,1-5-4,0,0,0.0
2026-09-21 02:43:47,20260920,5,6,1-6-4,1.06,212.4,225.68,2.251,100.0,settled,1-5-4,0,0,0.0
2026-09-21 02:43:47,20260920,5,6,1-6-5,1.21,131.6,159.35,1.592,100.0,settled,1-5-4,0,0,0.0
2026-09-21 02:43:47,20260920,5,7,1-4-3,6.18,22.7,140.27,1.403,100.0,settled,1-3-4,0,0,0.0
2026-09-21 02:43:47,20260920,5,7,1-4-5,2.81,67.8,190.24,1.905,100.0,settled,1-3-4,0,0,0.0
2026-09-21 02:43:47,20260920,5,7,1-4-6,8.59,33.4,287.06,2.869,100.0,settled,1-3-4,0,0,0.0
2026-09-21 02:43:47,20260920,5,7,1-5-4,0.88,144.5,126.55,1.272,100.0,settled,1-3-4,0,0,0.0
2026-09-21 02:43:47,20260920,5,7,1-6-4,2.38,88.3,210.03,2.102,100.0,settled,1-3-4,0,0,0.0
2026-09-21 02:43:47,20260920,5,7,1-6-5,0.41,247.0,100.7,1.013,100.0,settled,1-3-4,0,0,0.0
2026-09-21 02:43:47,20260920,5,8,1-2-4,6.19,28.3,175.14,1.752,100.0,settled,4-5-6,0,0,0.0
2026-09-21 02:43:47,20260920,5,8,1-2-5,4.02,31.8,127.84,1.278,100.0,settled,4-5-6,0,0,0.0
2026-09-21 02:43:47,20260920,5,8,1-2-6,5.42,37.9,205.39,2.054,100.0,settled,4-5-6,0,0,0.0
2026-09-21 02:43:47,20260920,5,8,1-4-2,4.03,35.3,142.32,1.423,100.0,settled,4-5-6,0,0,0.0
2026-09-21 02:43:47,20260920,5,8,1-4-6,5.87,28.2,165.49,1.655,100.0,settled,4-5-6,0,0,0.0
2026-09-21 02:43:47,20260920,5,8,1-6-2,1.87,116.3,217.86,2.175,100.0,settled,4-5-6,0,0,0.0
2026-09-21 02:43:47,20260920,5,8,1-6-4,2.46,83.9,206.7,2.064,100.0,settled,4-5-6,0,0,0.0
2026-09-21 02:43:47,20260920,5,8,1-6-5,1.47,106.4,156.82,1.564,100.0,settled,4-5-6,0,0,0.0
2026-09-21 02:43:47,20260920,5,9,1-2-3,3.64,35.5,129.09,1.292,100.0,settled,1-4-2,0,0,0.0
2026-09-21 02:43:47,20260920,5,9,1-2-6,2.43,49.9,121.04,1.213,100.0,settled,1-4-2,0,0,0.0
2026-09-21 02:43:47,20260920,5,9,1-3-2,4.76,31.3,149.08,1.49,100.0,settled,1-4-2,0,0,0.0
2026-09-21 02:43:47,20260920,5,9,1-5-3,3.32,34.5,114.62,1.145,100.0,settled,1-4-2,0,0,0.0
2026-09-21 02:43:47,20260920,5,9,1-6-2,1.85,98.9,182.93,1.83,100.0,settled,1-4-2,0,0,0.0
2026-09-21 02:43:47,20260920,5,9,1-6-3,4.84,28.1,135.92,1.36,100.0,settled,1-4-2,0,0,0.0
2026-09-21 02:43:47,20260920,5,9,1-6-5,2.08,51.3,106.79,1.067,100.0,settled,1-4-2,0,0,0.0
2026-09-21 02:43:47,20260920,5,11,1-2-6,2.15,63.7,137.11,1.37,100.0,settled,1-3-2,0,0,0.0
2026-09-21 02:43:47,20260920,5,11,1-3-6,3.01,74.4,224.06,2.239,100.0,settled,1-3-2,0,0,0.0
2026-09-21 02:43:47,20260920,5,11,1-5-6,2.61,58.1,151.36,1.516,100.0,settled,1-3-2,0,0,0.0
2026-09-21 02:43:47,20260920,5,11,1-6-2,0.45,235.0,105.56,1.058,100.0,settled,1-3-2,0,0,0.0
2026-09-21 02:43:47,20260920,5,11,1-6-3,0.48,271.0,130.38,1.301,100.0,settled,1-3-2,0,0,0.0
2026-09-21 02:43:47,20260920,5,11,1-6-5,0.66,229.1,151.37,1.512,100.0,settled,1-3-2,0,0,0.0
2026-09-21 02:43:47,20260920,5,12,1-4-3,3.72,27.2,101.17,1.012,100.0,settled,1-2-4,0,0,0.0
2026-09-21 02:43:47,20260920,5,12,1-4-5,3.92,36.6,143.55,1.435,100.0,settled,1-2-4,0,0,0.0
2026-09-21 02:43:47,20260920,5,12,1-4-6,2.7,38.0,102.46,1.026,100.0,settled,1-2-4,0,0,0.0
2026-09-21 02:43:47,20260920,5,12,1-5-4,2.3,56.1,129.17,1.29,100.0,settled,1-2-4,0,0,0.0
2026-09-21 02:43:47,20260920,6,1,1-2-6,2.17,50.9,110.56,1.105,100.0,settled,5-6-3,0,0,0.0
2026-09-21 02:43:47,20260920,6,1,1-6-2,0.97,109.9,106.37,1.066,100.0,settled,5-6-3,0,0,0.0
2026-09-21 02:43:47,20260920,6,1,1-6-3,1.04,114.6,119.37,1.192,100.0,settled,5-6-3,0,0,0.0
2026-09-21 02:43:47,20260920,6,2,1-2-3,2.1,47.7,99.98,1.002,100.0,settled,1-3-6,0,0,0.0
2026-09-21 02:43:47,20260920,6,2,1-2-6,0.86,124.8,106.8,1.073,100.0,settled,1-3-6,0,0,0.0
2026-09-21 02:43:47,20260920,6,2,1-3-2,7.83,32.8,256.71,2.568,100.0,settled,1-3-6,0,0,0.0
2026-09-21 02:43:47,20260920,6,2,1-4-2,2.06,55.9,114.95,1.152,100.0,settled,1-3-6,0,0,0.0
2026-09-21 02:43:47,20260920,6,4,1-2-6,3.77,47.4,178.5,1.787,100.0,settled,1-5-3,0,0,0.0
2026-09-21 02:43:47,20260920,6,4,1-3-6,1.19,88.1,105.01,1.048,100.0,settled,1-5-3,0,0,0.0
2026-09-21 02:43:47,20260920,6,4,1-5-6,2.79,53.2,148.22,1.484,100.0,settled,1-5-3,0,0,0.0
2026-09-21 02:43:47,20260920,6,4,1-6-2,1.24,142.2,175.89,1.763,100.0,settled,1-5-3,0,0,0.0
2026-09-21 02:43:47,20260920,6,4,1-6-3,0.68,196.4,133.14,1.336,100.0,settled,1-5-3,0,0,0.0
2026-09-21 02:43:47,20260920,6,4,1-6-5,1.54,159.1,244.49,2.45,100.0,settled,1-5-3,0,0,0.0
2026-09-21 02:43:47,20260920,6,5,1-6-5,0.53,197.7,103.91,1.048,100.0,settled,4-3-6,0,0,0.0
2026-09-21 02:43:47,20260920,6,6,1-2-6,1.19,177.8,211.19,2.116,100.0,settled,1-2-3,0,0,0.0
2026-09-21 02:43:47,20260920,6,6,1-4-2,1.28,120.6,154.21,1.544,100.0,settled,1-2-3,0,0,0.0
2026-09-21 02:43:47,20260920,6,6,1-4-3,1.76,107.3,189.28,1.888,100.0,settled,1-2-3,0,0,0.0
2026-09-21 02:43:47,20260920,6,6,1-4-6,0.67,437.0,294.45,2.928,100.0,settled,1-2-3,0,0,0.0
2026-09-21 02:43:47,20260920,6,6,1-6-2,0.36,561.8,204.55,2.022,100.0,settled,1-2-3,0,0,0.0
2026-09-21 02:43:47,20260920,6,6,1-6-3,0.47,476.4,223.91,2.239,100.0,settled,1-2-3,0,0,0.0
2026-09-21 02:43:47,20260920,6,6,1-6-4,0.26,899.6,237.22,2.339,100.0,settled,1-2-3,0,0,0.0
2026-09-21 02:43:47,20260920,6,6,1-6-5,0.39,427.1,165.89,1.666,100.0,settled,1-2-3,0,0,0.0
2026-09-21 02:43:47,20260920,6,7,1-3-2,1.2,181.7,217.44,2.18,100.0,settled,4-2-5,0,0,0.0
2026-09-21 02:43:47,20260920,6,7,1-3-4,0.8,229.3,184.33,1.834,100.0,settled,4-2-5,0,0,0.0
2026-09-21 02:43:47,20260920,6,7,1-4-2,3.59,31.6,113.58,1.134,100.0,settled,4-2-5,0,0,0.0
2026-09-21 02:43:47,20260920,6,7,1-4-3,1.6,156.2,250.36,2.499,100.0,settled,4-2-5,0,0,0.0
2026-09-21 02:43:47,20260920,6,8,1-2-6,3.49,134.8,469.91,4.705,100.0,settled,1-3-2,0,0,0.0
2026-09-21 02:43:47,20260920,6,8,1-4-5,8.37,22.9,191.7,1.917,100.0,settled,1-3-2,0,0,0.0
2026-09-21 02:43:47,20260920,6,8,1-4-6,6.45,85.0,547.83,5.482,100.0,settled,1-3-2,0,0,0.0
2026-09-21 02:43:47,20260920,6,8,1-5-6,2.33,138.4,322.71,3.225,100.0,settled,1-3-2,0,0,0.0
2026-09-21 02:43:47,20260920,6,8,1-6-2,1.95,390.4,760.81,7.613,100.0,settled,1-3-2,0,0,0.0
2026-09-21 02:43:47,20260920,6,8,1-6-3,1.04,399.1,415.38,4.151,100.0,settled,1-3-2,0,0,0.0
2026-09-21 02:43:47,20260920,6,8,1-6-4,2.94,412.5,1211.92,12.127,100.0,settled,1-3-2,0,0,0.0
2026-09-21 02:43:47,20260920,6,8,1-6-5,1.79,341.1,609.65,6.106,100.0,settled,1-3-2,0,0,0.0
2026-09-21 02:43:47,20260920,6,9,1-2-4,5.2,30.1,156.44,1.565,100.0,settled,1-3-2,0,0,0.0
2026-09-21 02:43:47,20260920,6,9,1-2-6,1.28,185.6,237.51,2.376,100.0,settled,1-3-2,0,0,0.0
2026-09-21 02:43:47,20260920,6,9,1-4-2,6.47,29.2,188.82,1.889,100.0,settled,1-3-2,0,0,0.0
2026-09-21 02:43:47,20260920,6,9,1-4-6,2.92,106.6,311.43,3.113,100.0,settled,1-3-2,0,0,0.0
2026-09-21 02:43:47,20260920,6,9,1-6-2,0.46,467.6,214.11,2.151,100.0,settled,1-3-2,0,0,0.0
2026-09-21 02:43:47,20260920,6,9,1-6-3,0.48,289.1,139.0,1.388,100.0,settled,1-3-2,0,0,0.0
2026-09-21 02:43:47,20260920,6,9,1-6-4,0.8,431.6,345.84,3.453,100.0,settled,1-3-2,0,0,0.0
2026-09-21 02:43:47,20260920,6,9,1-6-5,0.36,487.4,177.32,1.755,100.0,settled,1-3-2,0,0,0.0
2026-09-21 02:43:47,20260920,6,10,1-5-4,1.47,80.8,118.66,1.188,100.0,settled,1-4-3,0,0,0.0
2026-09-21 02:43:47,20260920,6,11,1-4-3,4.58,28.7,131.45,1.314,100.0,settled,1-4-3,1,2870.0,2870.0
2026-09-21 02:43:47,20260920,6,11,1-5-2,2.75,38.0,104.47,1.045,100.0,settled,1-4-3,0,0,0.0
2026-09-21 02:43:47,20260920,6,11,1-5-3,2.02,74.4,150.4,1.503,100.0,settled,1-4-3,0,0,0.0
2026-09-21 02:43:47,20260920,6,11,1-6-2,2.54,40.0,101.59,1.016,100.0,settled,1-4-3,0,0,0.0
2026-09-21 02:43:47,20260920,6,11,1-6-3,1.6,98.7,158.3,1.579,100.0,settled,1-4-3,0,0,0.0
2026-09-21 02:43:47,20260920,6,12,1-4-5,4.24,24.0,101.76,1.018,100.0,settled,1-2-6,0,0,0.0
2026-09-21 02:43:47,20260920,6,12,1-5-4,3.34,46.6,155.75,1.556,100.0,settled,1-2-6,0,0,0.0
2026-09-21 02:43:47,20260920,6,12,1-5-6,3.58,31.1,111.33,1.113,100.0,settled,1-2-6,0,0,0.0
2026-09-21 02:43:47,20260920,6,12,1-6-4,3.63,37.5,136.17,1.361,100.0,settled,1-2-6,0,0,0.0
2026-09-21 02:43:47,20260920,6,12,1-6-5,2.96,53.5,158.16,1.584,100.0,settled,1-2-6,0,0,0.0
2026-09-21 02:43:47,20260920,10,1,1-2-6,8.67,31.6,273.88,2.74,100.0,settled,1-2-4,0,0,0.0
2026-09-21 02:43:47,20260920,10,1,1-3-5,4.38,39.4,172.44,1.726,100.0,settled,1-2-4,0,0,0.0
2026-09-21 02:43:47,20260920,10,1,1-3-6,9.94,97.5,969.26,9.691,100.0,settled,1-2-4,0,0,0.0
2026-09-21 02:43:47,20260920,10,1,1-5-6,5.16,47.2,243.54,2.436,100.0,settled,1-2-4,0,0,0.0
2026-09-21 02:43:47,20260920,10,1,1-6-2,7.45,82.8,616.81,6.169,100.0,settled,1-2-4,0,0,0.0
2026-09-21 02:43:47,20260920,10,1,1-6-3,9.78,181.6,1775.88,17.76,100.0,settled,1-2-4,0,0,0.0
2026-09-21 02:43:47,20260920,10,1,1-6-4,1.4,151.9,212.9,2.127,100.0,settled,1-2-4,0,0,0.0
2026-09-21 02:43:47,20260920,10,1,1-6-5,5.93,142.6,845.6,8.456,100.0,settled,1-2-4,0,0,0.0
2026-09-21 02:43:47,20260920,10,2,1-2-5,6.01,33.8,203.23,2.031,100.0,settled,1-2-3,0,0,0.0
2026-09-21 02:43:47,20260920,10,2,1-3-5,3.47,71.6,248.54,2.485,100.0,settled,1-2-3,0,0,0.0
2026-09-21 02:43:47,20260920,10,2,1-4-5,1.36,167.5,227.01,2.278,100.0,settled,1-2-3,0,0,0.0
2026-09-21 02:43:47,20260920,10,2,1-5-2,1.81,143.7,259.9,2.601,100.0,settled,1-2-3,0,0,0.0
2026-09-21 02:43:47,20260920,10,2,1-5-3,1.67,154.5,257.98,2.58,100.0,settled,1-2-3,0,0,0.0
2026-09-21 02:43:47,20260920,10,2,1-5-4,0.67,355.2,238.48,2.38,100.0,settled,1-2-3,0,0,0.0
2026-09-21 02:43:47,20260920,10,2,1-5-6,0.85,262.9,224.52,2.235,100.0,settled,1-2-3,0,0,0.0
2026-09-21 02:43:47,20260920,10,2,1-6-5,0.69,287.4,198.08,1.983,100.0,settled,1-2-3,0,0,0.0
2026-09-21 02:43:47,20260920,10,3,1-2-6,0.31,326.0,100.83,1.011,100.0,settled,1-3-5,0,0,0.0
2026-09-21 02:43:47,20260920,10,3,1-3-6,1.05,136.0,142.79,1.428,100.0,settled,1-3-5,0,0,0.0
2026-09-21 02:43:47,20260920,10,3,1-4-3,1.81,73.1,132.68,1.323,100.0,settled,1-3-5,0,0,0.0
2026-09-21 02:43:47,20260920,10,4,1-2-3,6.72,59.3,398.27,3.985,100.0,settled,5-6-2,0,0,0.0
2026-09-21 02:43:47,20260920,10,4,1-3-2,6.54,160.8,1051.42,10.516,100.0,settled,5-6-2,0,0,0.0
2026-09-21 02:43:47,20260920,10,4,1-3-4,3.2,148.7,475.71,4.758,100.0,settled,5-6-2,0,0,0.0
2026-09-21 02:43:47,20260920,10,4,1-3-5,0.63,244.0,154.77,1.537,100.0,settled,5-6-2,0,0,0.0
2026-09-21 02:43:47,20260920,10,4,1-3-6,0.54,305.2,165.05,1.648,100.0,settled,5-6-2,0,0,0.0
2026-09-21 02:43:47,20260920,10,4,1-4-3,3.02,90.5,273.35,2.733,100.0,settled,5-6-2,0,0,0.0
2026-09-21 02:43:47,20260920,10,4,1-6-3,0.25,408.3,102.56,1.021,100.0,settled,5-6-2,0,0,0.0
2026-09-21 02:43:47,20260920,10,5,1-4-3,3.16,32.6,102.95,1.03,100.0,settled,2-1-6,0,0,0.0
2026-09-21 02:43:47,20260920,10,6,1-3-2,5.62,20.9,117.36,1.175,100.0,settled,3-2-5,0,0,0.0
2026-09-21 02:43:47,20260920,10,7,1-3-6,2.69,44.9,120.83,1.208,100.0,settled,5-2-6,0,0,0.0
2026-09-21 02:43:47,20260920,10,7,1-5-3,0.62,175.6,109.1,1.089,100.0,settled,5-2-6,0,0,0.0
2026-09-21 02:43:47,20260920,10,7,1-6-3,1.36,137.0,185.72,1.863,100.0,settled,5-2-6,0,0,0.0
2026-09-21 02:43:47,20260920,10,7,1-6-5,0.63,254.4,160.09,1.603,100.0,settled,5-2-6,0,0,0.0
2026-09-21 02:43:47,20260920,10,8,1-3-2,3.69,125.9,465.04,4.646,100.0,settled,1-4-5,0,0,0.0
2026-09-21 02:43:47,20260920,10,8,1-3-4,4.21,117.7,495.91,4.955,100.0,settled,1-4-5,0,0,0.0
2026-09-21 02:43:47,20260920,10,8,1-3-5,3.28,122.4,401.1,4.015,100.0,settled,1-4-5,0,0,0.0
2026-09-21 02:43:47,20260920,10,8,1-3-6,0.69,681.1,473.3,4.7,100.0,settled,1-4-5,0,0,0.0
2026-09-21 02:43:47,20260920,10,8,1-4-3,5.34,66.5,355.26,3.551,100.0,settled,1-4-5,0,0,0.0
2026-09-21 02:43:47,20260920,10,8,1-4-6,1.44,258.2,372.07,3.718,100.0,settled,1-4-5,0,0,0.0
2026-09-21 02:43:47,20260920,10,8,1-5-3,3.36,117.2,393.97,3.938,100.0,settled,1-4-5,0,0,0.0
2026-09-21 02:43:47,20260920,10,8,1-5-6,0.88,351.1,310.62,3.09,100.0,settled,1-4-5,0,0,0.0
2026-09-21 02:43:47,20260920,10,9,1-6-2,0.79,153.9,122.32,1.216,100.0,settled,1-3-4,0,0,0.0
2026-09-21 02:43:47,20260920,10,9,1-6-3,1.39,94.0,130.39,1.307,100.0,settled,1-3-4,0,0,0.0
2026-09-21 02:43:47,20260920,10,9,1-6-5,0.94,135.0,127.32,1.269,100.0,settled,1-3-4,0,0,0.0
2026-09-21 02:43:47,20260920,10,11,1-5-3,3.04,43.7,133.04,1.328,100.0,settled,1-4-3,0,0,0.0
2026-09-21 02:43:47,20260920,12,2,1-2-6,1.95,61.7,120.18,1.203,100.0,settled,1-3-2,0,0,0.0
2026-09-21 02:43:47,20260920,12,2,1-4-2,1.03,148.8,153.13,1.533,100.0,settled,1-3-2,0,0,0.0
2026-09-21 02:43:47,20260920,12,2,1-4-3,1.21,111.5,134.55,1.349,100.0,settled,1-3-2,0,0,0.0
2026-09-21 02:43:47,20260920,12,2,1-4-6,0.62,299.1,186.58,1.854,100.0,settled,1-3-2,0,0,0.0
2026-09-21 02:43:47,20260920,12,2,1-6-2,0.82,200.6,165.15,1.645,100.0,settled,1-3-2,0,0,0.0
2026-09-21 02:43:47,20260920,12,2,1-6-3,0.97,158.0,152.52,1.533,100.0,settled,1-3-2,0,0,0.0
2026-09-21 02:43:47,20260920,12,2,1-6-4,0.39,420.0,165.52,1.638,100.0,settled,1-3-2,0,0,0.0
2026-09-21 02:43:47,20260920,12,2,1-6-5,0.54,280.5,150.18,1.515,100.0,settled,1-3-2,0,0,0.0
2026-09-21 02:43:47,20260920,12,3,1-4-3,1.34,74.9,100.25,1.004,100.0,settled,3-1-5,0,0,0.0
2026-09-21 02:43:47,20260920,12,4,1-2-5,3.39,46.1,156.26,1.563,100.0,settled,4-1-6,0,0,0.0
2026-09-21 02:43:47,20260920,12,4,1-2-6,1.46,189.4,276.77,2.765,100.0,settled,4-1-6,0,0,0.0
2026-09-21 02:43:47,20260920,12,4,1-3-2,2.38,44.1,105.11,1.05,100.0,settled,4-1-6,0,0,0.0
2026-09-21 02:43:47,20260920,12,4,1-5-2,1.58,85.2,135.03,1.346,100.0,settled,4-1-6,0,0,0.0
2026-09-21 02:43:47,20260920,12,4,1-5-4,1.43,70.0,100.34,1.001,100.0,settled,4-1-6,0,0,0.0
2026-09-21 02:43:47,20260920,12,4,1-6-2,0.38,561.3,211.5,2.133,100.0,settled,4-1-6,0,0,0.0
2026-09-21 02:43:47,20260920,12,4,1-6-4,0.33,339.4,112.44,1.12,100.0,settled,4-1-6,0,0,0.0
2026-09-21 02:43:47,20260920,12,4,1-6-5,0.25,419.4,105.27,1.048,100.0,settled,4-1-6,0,0,0.0
2026-09-21 02:43:47,20260920,12,5,1-3-4,3.87,39.1,151.43,1.513,100.0,settled,4-6-2,0,0,0.0
2026-09-21 02:43:47,20260920,12,5,1-4-3,1.81,104.5,188.72,1.891,100.0,settled,4-6-2,0,0,0.0
2026-09-21 02:43:47,20260920,12,5,1-4-5,1.29,90.8,117.51,1.171,100.0,settled,4-6-2,0,0,0.0
2026-09-21 02:43:47,20260920,12,6,1-2-3,5.68,36.4,206.8,2.068,100.0,settled,1-4-2,0,0,0.0
2026-09-21 02:43:47,20260920,12,6,1-2-6,1.16,319.3,368.98,3.704,100.0,settled,1-4-2,0,0,0.0
2026-09-21 02:43:47,20260920,12,6,1-3-2,18.94,41.7,789.98,7.898,100.0,settled,1-4-2,0,0,0.0
2026-09-21 02:43:47,20260920,12,6,1-3-4,4.01,28.4,113.94,1.139,100.0,settled,1-4-2,0,0,0.0
2026-09-21 02:43:47,20260920,12,6,1-3-6,0.63,322.5,201.85,2.032,100.0,settled,1-4-2,0,0,0.0
2026-09-21 02:43:47,20260920,12,6,1-4-6,0.8,178.1,141.8,1.425,100.0,settled,1-4-2,0,0,0.0
2026-09-21 02:43:47,20260920,12,6,1-6-2,0.25,696.1,176.04,1.74,100.0,settled,1-4-2,0,0,0.0
2026-09-21 02:43:47,20260920,12,6,1-6-3,0.15,825.9,126.36,1.239,100.0,settled,1-4-2,0,0,0.0
2026-09-21 02:43:47,20260920,12,7,1-2-4,0.45,363.8,164.77,1.637,100.0,settled,3-5-2,0,0,0.0
2026-09-21 02:43:47,20260920,12,7,1-3-2,7.67,29.1,223.14,2.232,100.0,settled,3-5-2,0,0,0.0
2026-09-21 02:43:47,20260920,12,7,1-3-4,0.73,275.1,199.86,2.008,100.0,settled,3-5-2,0,0,0.0
2026-09-21 02:43:47,20260920,12,7,1-4-2,0.19,755.5,146.57,1.435,100.0,settled,3-5-2,0,0,0.0
2026-09-21 02:43:47,20260920,12,7,1-4-3,0.3,731.7,220.75,2.195,100.0,settled,3-5-2,0,0,0.0
2026-09-21 02:43:47,20260920,12,8,1-2-5,2.42,124.3,300.88,3.008,100.0,settled,3-4-1,0,0,0.0
2026-09-21 02:43:47,20260920,12,8,1-2-6,2.05,193.9,398.1,3.975,100.0,settled,3-4-1,0,0,0.0
2026-09-21 02:43:47,20260920,12,8,1-5-2,1.23,176.8,217.13,2.175,100.0,settled,3-4-1,0,0,0.0
2026-09-21 02:43:47,20260920,12,8,1-5-6,0.88,256.8,226.06,2.26,100.0,settled,3-4-1,0,0,0.0
2026-09-21 02:43:47,20260920,12,8,1-6-2,0.84,336.1,282.79,2.823,100.0,settled,3-4-1,0,0,0.0
2026-09-21 02:43:47,20260920,12,8,1-6-3,0.52,377.8,196.53,1.965,100.0,settled,3-4-1,0,0,0.0
2026-09-21 02:43:47,20260920,12,8,1-6-4,1.39,197.9,275.18,2.751,100.0,settled,3-4-1,0,0,0.0
2026-09-21 02:43:47,20260920,12,8,1-6-5,0.7,405.1,284.06,2.836,100.0,settled,3-4-1,0,0,0.0
2026-09-21 02:43:47,20260920,12,9,1-2-3,8.55,22.1,189.02,1.89,100.0,settled,1-3-4,0,0,0.0
2026-09-21 02:43:47,20260920,12,9,1-2-5,2.69,69.5,187.17,1.87,100.0,settled,1-3-4,0,0,0.0
2026-09-21 02:43:47,20260920,12,9,1-2-6,1.5,185.8,278.77,2.787,100.0,settled,1-3-4,0,0,0.0
2026-09-21 02:43:47,20260920,12,9,1-3-6,4.06,51.2,207.81,2.079,100.0,settled,1-3-4,0,0,0.0
2026-09-21 02:43:47,20260920,12,9,1-5-6,0.69,185.7,128.95,1.281,100.0,settled,1-3-4,0,0,0.0
2026-09-21 02:43:47,20260920,12,9,1-6-2,0.42,337.3,140.42,1.417,100.0,settled,1-3-4,0,0,0.0
2026-09-21 02:43:47,20260920,12,9,1-6-3,0.7,318.7,221.75,2.231,100.0,settled,1-3-4,0,0,0.0
2026-09-21 02:43:47,20260920,12,9,1-6-5,0.31,455.0,140.37,1.41,100.0,settled,1-3-4,0,0,0.0
2026-09-21 02:43:47,20260920,12,10,1-3-6,2.28,90.0,204.95,2.052,100.0,settled,2-1-4,0,0,0.0
2026-09-21 02:43:47,20260920,12,10,1-4-2,3.85,40.9,157.52,1.575,100.0,settled,2-1-4,0,0,0.0
2026-09-21 02:43:47,20260920,12,10,1-4-3,2.7,96.6,260.38,2.608,100.0,settled,2-1-4,0,0,0.0
2026-09-21 02:43:47,20260920,12,10,1-4-5,2.14,93.9,200.72,2.009,100.0,settled,2-1-4,0,0,0.0
2026-09-21 02:43:47,20260920,12,10,1-4-6,1.57,135.0,211.59,2.12,100.0,settled,2-1-4,0,0,0.0
2026-09-21 02:43:47,20260920,12,10,1-6-3,0.81,242.8,197.13,1.967,100.0,settled,2-1-4,0,0,0.0
2026-09-21 02:43:47,20260920,12,10,1-6-4,0.63,273.0,172.29,1.72,100.0,settled,2-1-4,0,0,0.0
2026-09-21 02:43:47,20260920,12,10,1-6-5,0.6,273.7,164.06,1.642,100.0,settled,2-1-4,0,0,0.0
2026-09-21 02:43:47,20260920,12,11,1-6-3,0.98,107.4,104.82,1.053,100.0,settled,1-2-3,0,0,0.0
2026-09-21 02:43:47,20260920,12,12,1-3-5,5.21,21.3,111.01,1.11,100.0,settled,1-6-2,0,0,0.0
2026-09-21 02:43:47,20260920,12,12,1-5-3,4.13,38.9,160.73,1.607,100.0,settled,1-6-2,0,0,0.0
2026-09-21 02:43:47,20260920,12,12,1-6-3,3.98,25.2,100.19,1.003,100.0,settled,1-6-2,0,0,0.0
2026-09-21 02:43:47,20260920,13,1,1-2-5,5.25,60.9,320.02,3.197,100.0,settled,3-1-2,0,0,0.0
2026-09-21 02:43:47,20260920,13,1,1-2-6,2.78,154.2,429.12,4.287,100.0,settled,3-1-2,0,0,0.0
2026-09-21 02:43:47,20260920,13,1,1-4-2,4.16,38.8,161.32,1.614,100.0,settled,3-1-2,0,0,0.0
2026-09-21 02:43:47,20260920,13,1,1-4-5,1.59,108.3,172.26,1.722,100.0,settled,3-1-2,0,0,0.0
2026-09-21 02:43:47,20260920,13,1,1-4-6,0.8,220.9,177.1,1.767,100.0,settled,3-1-2,0,0,0.0
2026-09-21 02:43:47,20260920,13,1,1-5-2,1.13,192.1,217.5,2.171,100.0,settled,3-1-2,0,0,0.0
2026-09-21 02:43:47,20260920,13,1,1-6-2,0.48,593.4,284.36,2.848,100.0,settled,3-1-2,0,0,0.0
2026-09-21 02:43:47,20260920,13,1,1-6-3,0.44,438.9,194.56,1.931,100.0,settled,3-1-2,0,0,0.0
2026-09-21 02:43:47,20260920,13,2,1-3-6,0.54,261.0,142.19,1.409,100.0,settled,5-4-6,0,0,0.0
2026-09-21 02:43:47,20260920,13,2,1-4-6,0.94,268.6,252.4,2.525,100.0,settled,5-4-6,0,0,0.0
2026-09-21 02:43:47,20260920,13,2,1-6-3,0.15,1292.0,191.6,1.938,100.0,settled,5-4-6,0,0,0.0
2026-09-21 02:43:47,20260920,13,2,1-6-4,0.17,938.5,162.92,1.595,100.0,settled,5-4-6,0,0,0.0
2026-09-21 02:43:47,20260920,13,3,1-2-4,3.93,93.0,365.25,3.655,100.0,settled,4-3-5,0,0,0.0
2026-09-21 02:43:47,20260920,13,3,1-2-5,1.55,271.0,420.78,4.2,100.0,settled,4-3-5,0,0,0.0
2026-09-21 02:43:47,20260920,13,3,1-3-2,5.91,46.3,273.63,2.736,100.0,settled,4-3-5,0,0,0.0
2026-09-21 02:43:47,20260920,13,3,1-4-2,4.59,88.4,405.99,4.058,100.0,settled,4-3-5,0,0,0.0
2026-09-21 02:43:47,20260920,13,3,1-4-5,2.57,120.8,310.83,3.105,100.0,settled,4-3-5,0,0,0.0
2026-09-21 02:43:47,20260920,13,3,1-5-2,0.78,464.5,361.43,3.623,100.0,settled,4-3-5,0,0,0.0
2026-09-21 02:43:47,20260920,13,3,1-5-3,0.98,265.4,260.99,2.601,100.0,settled,4-3-5,0,0,0.0
2026-09-21 02:43:47,20260920,13,3,1-5-4,1.07,302.3,322.68,3.235,100.0,settled,4-3-5,0,0,0.0
2026-09-21 02:43:47,20260920,13,4,1-2-3,2.47,64.7,160.04,1.598,100.0,settled,1-5-4,0,0,0.0
2026-09-21 02:43:47,20260920,13,4,1-2-4,5.46,28.7,156.79,1.567,100.0,settled,1-5-4,0,0,0.0
2026-09-21 02:43:47,20260920,13,4,1-2-6,2.35,165.2,388.42,3.882,100.0,settled,1-5-4,0,0,0.0
2026-09-21 02:43:47,20260920,13,4,1-4-6,3.11,66.3,206.41,2.062,100.0,settled,1-5-4,0,0,0.0
2026-09-21 02:43:47,20260920,13,4,1-6-2,0.78,409.4,317.86,3.193,100.0,settled,1-5-4,0,0,0.0
2026-09-21 02:43:47,20260920,13,4,1-6-3,0.4,436.7,173.76,1.747,100.0,settled,1-5-4,0,0,0.0
2026-09-21 02:43:47,20260920,13,4,1-6-4,1.11,280.4,310.37,3.112,100.0,settled,1-5-4,0,0,0.0
2026-09-21 02:43:47,20260920,13,4,1-6-5,1.0,197.7,197.56,1.977,100.0,settled,1-5-4,0,0,0.0
2026-09-21 02:43:47,20260920,13,5,1-2-6,0.63,246.9,155.47,1.555,100.0,settled,1-4-3,0,0,0.0
2026-09-21 02:43:47,20260920,13,5,1-3-6,1.1,218.2,239.54,2.4,100.0,settled,1-4-3,0,0,0.0
2026-09-21 02:43:47,20260920,13,5,1-4-5,4.93,39.4,194.29,1.942,100.0,settled,1-4-3,0,0,0.0
2026-09-21 02:43:47,20260920,13,5,1-4-6,1.96,176.5,345.82,3.459,100.0,settled,1-4-3,0,0,0.0
2026-09-21 02:43:47,20260920,13,5,1-5-3,0.94,176.1,165.34,1.655,100.0,settled,1-4-3,0,0,0.0
2026-09-21 02:43:47,20260920,13,5,1-5-4,1.2,154.0,184.91,1.848,100.0,settled,1-4-3,0,0,0.0
2026-09-21 02:43:47,20260920,13,5,1-6-3,0.25,761.3,191.47,1.903,100.0,settled,1-4-3,0,0,0.0
2026-09-21 02:43:47,20260920,13,5,1-6-4,0.35,679.2,236.09,2.377,100.0,settled,1-4-3,0,0,0.0
2026-09-21 02:43:47,20260920,13,6,1-2-3,8.93,20.5,183.03,1.831,100.0,settled,1-6-3,0,0,0.0
2026-09-21 02:43:47,20260920,13,6,1-2-6,2.11,95.0,200.38,2.004,100.0,settled,1-6-3,0,0,0.0
2026-09-21 02:43:47,20260920,13,6,1-3-2,9.62,27.9,268.48,2.684,100.0,settled,1-6-3,0,0,0.0
2026-09-21 02:43:47,20260920,13,6,1-3-6,2.29,129.0,295.86,2.954,100.0,settled,1-6-3,0,0,0.0
2026-09-21 02:43:47,20260920,13,6,1-4-6,2.94,34.7,101.99,1.02,100.0,settled,1-6-3,0,0,0.0
2026-09-21 02:43:47,20260920,13,6,1-6-2,0.53,279.8,147.26,1.483,100.0,settled,1-6-3,0,0,0.0
2026-09-21 02:43:47,20260920,13,6,1-6-3,0.58,374.4,216.78,2.172,100.0,settled,1-6-3,1,37440.0,37440.0
2026-09-21 02:43:47,20260920,13,7,1-2-3,2.49,48.0,119.69,1.195,100.0,settled,1-3-2,0,0,0.0
2026-09-21 02:43:47,20260920,13,7,1-2-5,2.96,55.7,164.77,1.649,100.0,settled,1-3-2,0,0,0.0
2026-09-21 02:43:47,20260920,13,7,1-3-2,1.4,72.9,102.21,1.021,100.0,settled,1-3-2,1,7290.0,7290.0
2026-09-21 02:43:47,20260920,13,7,1-3-5,1.13,129.4,145.61,1.462,100.0,settled,1-3-2,0,0,0.0
2026-09-21 02:43:47,20260920,13,7,1-5-2,1.78,82.7,147.18,1.472,100.0,settled,1-3-2,0,0,0.0
2026-09-21 02:43:47,20260920,13,7,1-5-3,1.14,142.6,162.61,1.626,100.0,settled,1-3-2,0,0,0.0
2026-09-21 02:43:47,20260920,13,7,1-5-4,2.55,40.6,103.69,1.035,100.0,settled,1-3-2,0,0,0.0
2026-09-21 02:43:47,20260920,13,8,1-2-4,2.46,49.7,122.28,1.223,100.0,settled,4-3-5,0,0,0.0
2026-09-21 02:43:47,20260920,13,8,1-2-5,2.22,59.1,131.11,1.312,100.0,settled,4-3-5,0,0,0.0
2026-09-21 02:43:47,20260920,13,8,1-3-2,2.2,67.1,147.93,1.476,100.0,settled,4-3-5,0,0,0.0
2026-09-21 02:43:47,20260920,13,8,1-3-4,3.23,38.5,124.32,1.244,100.0,settled,4-3-5,0,0,0.0
2026-09-21 02:43:47,20260920,13,8,1-4-2,4.81,31.2,149.94,1.501,100.0,settled,4-3-5,0,0,0.0
2026-09-21 02:43:47,20260920,13,8,1-4-3,5.41,28.6,154.76,1.547,100.0,settled,4-3-5,0,0,0.0
2026-09-21 02:43:47,20260920,13,8,1-4-6,1.38,110.2,151.56,1.521,100.0,settled,4-3-5,0,0,0.0
2026-09-21 02:43:47,20260920,13,8,1-5-2,2.49,49.0,121.82,1.22,100.0,settled,4-3-5,0,0,0.0
2026-09-21 02:43:47,20260920,13,9,1-3-6,4.48,22.9,102.66,1.026,100.0,settled,1-3-2,0,0,0.0
2026-09-21 02:43:47,20260920,13,9,1-4-3,6.23,22.4,139.61,1.396,100.0,settled,1-3-2,0,0,0.0
2026-09-21 02:43:47,20260920,13,9,1-4-5,4.33,34.1,147.71,1.477,100.0,settled,1-3-2,0,0,0.0
2026-09-21 02:43:47,20260920,13,9,1-5-4,2.09,54.7,114.45,1.143,100.0,settled,1-3-2,0,0,0.0
2026-09-21 02:43:47,20260920,13,9,1-5-6,2.04,72.4,147.4,1.477,100.0,settled,1-3-2,0,0,0.0
2026-09-21 02:43:47,20260920,13,9,1-6-5,1.78,67.3,119.56,1.198,100.0,settled,1-3-2,0,0,0.0
2026-09-21 02:43:47,20260920,13,10,1-2-6,1.78,92.2,164.18,1.641,100.0,settled,1-5-4,0,0,0.0
2026-09-21 02:43:47,20260920,13,10,1-3-6,1.2,97.7,116.9,1.172,100.0,settled,1-5-4,0,0,0.0
2026-09-21 02:43:47,20260920,13,10,1-4-6,1.46,122.3,178.22,1.786,100.0,settled,1-5-4,0,0,0.0
2026-09-21 02:43:47,20260920,13,11,1-2-4,12.3,26.6,327.1,3.272,100.0,settled,1-5-3,0,0,0.0
2026-09-21 02:43:47,20260920,13,11,1-2-6,4.63,29.1,134.64,1.347,100.0,settled,1-5-3,0,0,0.0
2026-09-21 02:43:47,20260920,13,11,1-3-4,7.9,23.1,182.6,1.825,100.0,settled,1-5-3,0,0,0.0
2026-09-21 02:43:47,20260920,13,11,1-3-6,2.47,65.5,161.88,1.618,100.0,settled,1-5-3,0,0,0.0
2026-09-21 02:43:47,20260920,13,11,1-4-2,4.75,75.1,356.96,3.567,100.0,settled,1-5-3,0,0,0.0
2026-09-21 02:43:47,20260920,13,11,1-4-3,4.54,88.0,399.55,3.995,100.0,settled,1-5-3,0,0,0.0
2026-09-21 02:43:47,20260920,13,11,1-4-6,1.22,265.2,323.7,3.235,100.0,settled,1-5-3,0,0,0.0
2026-09-21 02:43:47,20260920,13,12,1-4-2,4.38,37.0,161.95,1.621,100.0,settled,1-2-3,0,0,0.0
2026-09-21 02:43:47,20260920,13,12,1-4-3,6.81,39.3,267.77,2.676,100.0,settled,1-2-3,0,0,0.0
2026-09-21 02:43:47,20260920,13,12,1-4-5,2.12,76.3,162.03,1.618,100.0,settled,1-2-3,0,0,0.0
2026-09-21 02:43:47,20260920,14,1,1-3-6,4.19,36.6,153.24,1.534,100.0,settled,1-3-2,0,0,0.0
2026-09-21 02:43:47,20260920,14,1,1-5-6,4.66,30.9,143.9,1.44,100.0,settled,1-3-2,0,0,0.0
2026-09-21 02:43:47,20260920,14,1,1-6-2,5.79,30.8,178.25,1.783,100.0,settled,1-3-2,0,0,0.0
2026-09-21 02:43:47,20260920,14,1,1-6-3,2.87,74.2,212.63,2.13,100.0,settled,1-3-2,0,0,0.0
2026-09-21 02:43:47,20260920,14,1,1-6-4,2.25,63.9,143.74,1.438,100.0,settled,1-3-2,0,0,0.0
2026-09-21 02:43:47,20260920,14,1,1-6-5,4.08,54.1,220.83,2.207,100.0,settled,1-3-2,0,0,0.0
2026-09-21 02:43:47,20260920,14,2,1-2-6,1.89,120.2,227.61,2.272,100.0,settled,1-4-2,0,0,0.0
2026-09-21 02:43:47,20260920,14,2,1-3-6,1.69,82.6,139.57,1.396,100.0,settled,1-4-2,0,0,0.0
2026-09-21 02:43:47,20260920,14,2,1-4-2,1.38,86.4,119.65,1.192,100.0,settled,1-4-2,1,8640.0,8640.0
2026-09-21 02:43:47,20260920,14,2,1-4-6,0.41,288.7,119.44,1.184,100.0,settled,1-4-2,0,0,0.0
2026-09-21 02:43:47,20260920,14,2,1-6-2,0.54,526.5,282.89,2.843,100.0,settled,1-4-2,0,0,0.0
2026-09-21 02:43:47,20260920,14,2,1-6-3,0.5,427.5,213.28,2.138,100.0,settled,1-4-2,0,0,0.0
2026-09-21 02:43:47,20260920,14,2,1-6-4,0.21,859.4,178.93,1.805,100.0,settled,1-4-2,0,0,0.0
2026-09-21 02:43:47,20260920,14,2,1-6-5,0.53,425.3,223.96,2.254,100.0,settled,1-4-2,0,0,0.0
2026-09-21 02:43:47,20260920,14,3,1-3-2,1.52,90.8,137.89,1.38,100.0,settled,5-1-6,0,0,0.0
2026-09-21 02:43:47,20260920,14,3,1-3-4,1.11,94.0,103.94,1.043,100.0,settled,5-1-6,0,0,0.0
2026-09-21 02:43:47,20260920,14,3,1-3-5,2.14,71.5,152.7,1.53,100.0,settled,5-1-6,0,0,0.0
2026-09-21 02:43:47,20260920,14,3,1-3-6,6.5,91.2,593.02,5.928,100.0,settled,5-1-6,0,0,0.0
2026-09-21 02:43:47,20260920,14,3,1-5-3,1.63,77.5,125.97,1.263,100.0,settled,5-1-6,0,0,0.0
2026-09-21 02:43:47,20260920,14,3,1-6-2,3.7,33.2,122.96,1.228,100.0,settled,5-1-6,0,0,0.0
2026-09-21 02:43:47,20260920,14,3,1-6-3,6.26,148.0,926.27,9.265,100.0,settled,5-1-6,0,0,0.0
2026-09-21 02:43:47,20260920,14,3,1-6-5,5.14,22.6,116.19,1.162,100.0,settled,5-1-6,0,0,0.0
2026-09-21 02:43:47,20260920,14,4,1-2-6,1.48,141.4,209.34,2.093,100.0,settled,3-1-2,0,0,0.0
2026-09-21 02:43:47,20260920,14,4,1-3-6,9.97,55.3,551.61,5.513,100.0,settled,3-1-2,0,0,0.0
2026-09-21 02:43:47,20260920,14,4,1-4-3,7.5,20.4,153.05,1.53,100.0,settled,3-1-2,0,0,0.0
2026-09-21 02:43:47,20260920,14,4,1-4-6,4.93,116.7,574.9,5.753,100.0,settled,3-1-2,0,0,0.0
2026-09-21 02:43:47,20260920,14,4,1-6-2,1.06,378.4,401.67,4.011,100.0,settled,3-1-2,0,0,0.0
2026-09-21 02:43:47,20260920,14,4,1-6-3,3.9,212.6,829.27,8.291,100.0,settled,3-1-2,0,0,0.0
2026-09-21 02:43:47,20260920,14,4,1-6-4,1.83,326.6,598.92,5.977,100.0,settled,3-1-2,0,0,0.0
2026-09-21 02:43:47,20260920,14,4,1-6-5,0.34,312.9,106.67,1.064,100.0,settled,3-1-2,0,0,0.0
2026-09-21 02:43:47,20260920,14,5,1-2-3,6.05,26.7,161.65,1.615,100.0,settled,2-5-6,0,0,0.0
2026-09-21 02:43:47,20260920,14,5,1-2-5,6.35,22.5,142.98,1.429,100.0,settled,2-5-6,0,0,0.0
2026-09-21 02:43:47,20260920,14,5,1-2-6,1.71,338.9,578.1,5.795,100.0,settled,2-5-6,0,0,0.0
2026-09-21 02:43:47,20260920,14,5,1-3-6,1.59,137.0,218.05,2.178,100.0,settled,2-5-6,0,0,0.0
2026-09-21 02:43:47,20260920,14,5,1-5-6,1.78,127.7,227.15,2.273,100.0,settled,2-5-6,0,0,0.0
2026-09-21 02:43:47,20260920,14,5,1-6-2,0.69,765.8,532.0,5.284,100.0,settled,2-5-6,0,0,0.0
2026-09-21 02:43:47,20260920,14,5,1-6-3,0.83,717.5,592.01,5.955,100.0,settled,2-5-6,0,0,0.0
2026-09-21 02:43:47,20260920,14,5,1-6-5,1.06,607.9,641.76,6.444,100.0,settled,2-5-6,0,0,0.0
2026-09-21 02:43:47,20260920,14,6,1-2-4,4.68,26.2,122.5,1.226,100.0,settled,1-2-6,0,0,0.0
2026-09-21 02:43:47,20260920,14,7,1-2-4,4.8,31.4,150.62,1.507,100.0,settled,1-4-6,0,0,0.0
2026-09-21 02:43:47,20260920,14,7,1-3-2,9.79,22.8,223.2,2.232,100.0,settled,1-4-6,0,0,0.0
2026-09-21 02:43:47,20260920,14,7,1-3-4,5.69,42.8,243.62,2.435,100.0,settled,1-4-6,0,0,0.0
2026-09-21 02:43:47,20260920,14,7,1-3-5,3.35,34.9,116.77,1.169,100.0,settled,1-4-6,0,0,0.0
2026-09-21 02:43:47,20260920,14,7,1-4-2,3.89,48.3,188.07,1.879,100.0,settled,1-4-6,0,0,0.0
2026-09-21 02:43:47,20260920,14,7,1-4-3,4.95,65.8,325.96,3.257,100.0,settled,1-4-6,0,0,0.0
2026-09-21 02:43:47,20260920,14,7,1-4-5,2.01,53.7,108.2,1.079,100.0,settled,1-4-6,0,0,0.0
2026-09-21 02:43:47,20260920,14,8,1-3-6,4.59,22.7,104.27,1.042,100.0,settled,1-2-6,0,0,0.0
2026-09-21 02:43:47,20260920,14,8,1-6-3,1.56,65.0,101.42,1.014,100.0,settled,1-2-6,0,0,0.0
2026-09-21 02:43:47,20260920,14,8,1-6-4,2.43,42.4,103.02,1.03,100.0,settled,1-2-6,0,0,0.0
2026-09-21 02:43:47,20260920,14,9,1-2-6,1.75,99.0,172.87,1.733,100.0,settled,3-2-5,0,0,0.0
2026-09-21 02:43:47,20260920,14,9,1-4-2,4.68,50.6,236.57,2.368,100.0,settled,3-2-5,0,0,0.0
2026-09-21 02:43:47,20260920,14,9,1-4-5,3.64,95.5,347.67,3.476,100.0,settled,3-2-5,0,0,0.0
2026-09-21 02:43:47,20260920,14,9,1-4-6,7.42,37.7,279.73,2.797,100.0,settled,3-2-5,0,0,0.0
2026-09-21 02:43:47,20260920,14,9,1-5-4,1.33,184.0,245.64,2.447,100.0,settled,3-2-5,0,0,0.0
2026-09-21 02:43:47,20260920,14,9,1-5-6,0.82,334.8,274.7,2.745,100.0,settled,3-2-5,0,0,0.0
2026-09-21 02:43:47,20260920,14,9,1-6-4,2.22,126.5,280.67,2.808,100.0,settled,3-2-5,0,0,0.0
2026-09-21 02:43:47,20260920,14,9,1-6-5,0.61,450.1,274.88,2.746,100.0,settled,3-2-5,0,0,0.0
2026-09-21 02:43:47,20260920,14,10,1-3-6,3.53,48.4,171.0,1.709,100.0,settled,2-6-4,0,0,0.0
2026-09-21 02:43:47,20260920,14,10,1-4-6,4.14,28.9,119.51,1.196,100.0,settled,2-6-4,0,0,0.0
2026-09-21 02:43:47,20260920,14,10,1-6-2,1.51,73.2,110.81,1.105,100.0,settled,2-6-4,0,0,0.0
2026-09-21 02:43:47,20260920,14,10,1-6-3,1.04,167.0,173.3,1.737,100.0,settled,2-6-4,0,0,0.0
2026-09-21 02:43:47,20260920,14,11,1-4-5,5.06,21.7,109.89,1.098,100.0,settled,4-1-6,0,0,0.0
2026-09-21 02:43:47,20260920,14,11,1-5-4,2.49,53.2,132.59,1.325,100.0,settled,4-1-6,0,0,0.0
2026-09-21 02:43:47,20260920,15,1,1-4-2,1.21,86.5,104.56,1.047,100.0,settled,4-5-3,0,0,0.0
2026-09-21 02:43:47,20260920,15,2,1-2-3,9.1,24.2,220.28,2.202,100.0,settled,1-4-5,0,0,0.0
2026-09-21 02:43:47,20260920,15,2,1-2-4,10.39,29.4,305.53,3.055,100.0,settled,1-4-5,0,0,0.0
2026-09-21 02:43:47,20260920,15,2,1-2-5,6.46,26.0,168.03,1.68,100.0,settled,1-4-5,0,0,0.0
2026-09-21 02:43:47,20260920,15,2,1-2-6,2.32,80.1,185.94,1.858,100.0,settled,1-4-5,0,0,0.0
2026-09-21 02:43:47,20260920,15,2,1-3-2,6.45,23.9,154.22,1.542,100.0,settled,1-4-5,0,0,0.0
2026-09-21 02:43:47,20260920,15,2,1-4-2,6.28,34.1,214.03,2.141,100.0,settled,1-4-5,0,0,0.0
2026-09-21 02:43:47,20260920,15,2,1-6-2,0.77,184.6,141.88,1.421,100.0,settled,1-4-5,0,0,0.0
2026-09-21 02:43:47,20260920,15,3,1-4-2,3.54,30.6,108.32,1.083,100.0,settled,1-5-4,0,0,0.0
2026-09-21 02:43:47,20260920,15,3,1-6-4,2.15,48.4,104.03,1.041,100.0,settled,1-5-4,0,0,0.0
2026-09-21 02:43:47,20260920,15,4,1-2-5,0.64,164.5,105.13,1.053,100.0,settled,1-4-6,0,0,0.0
2026-09-21 02:43:47,20260920,15,4,1-4-5,2.06,79.2,162.97,1.632,100.0,settled,1-4-6,0,0,0.0
2026-09-21 02:43:47,20260920,15,4,1-5-4,0.44,249.6,109.75,1.098,100.0,settled,1-4-6,0,0,0.0
2026-09-21 02:43:47,20260920,15,5,1-2-4,1.07,123.1,131.54,1.317,100.0,settled,6-1-5,0,0,0.0
2026-09-21 02:43:47,20260920,15,5,1-4-2,1.05,135.1,142.07,1.419,100.0,settled,6-1-5,0,0,0.0
2026-09-21 02:43:47,20260920,15,6,1-2-5,1.66,99.4,165.26,1.65,100.0,settled,3-5-6,0,0,0.0
2026-09-21 02:43:47,20260920,15,6,1-3-5,3.01,63.5,191.17,1.911,100.0,settled,3-5-6,0,0,0.0
2026-09-21 02:43:47,20260920,15,6,1-5-2,0.71,209.7,148.15,1.489,100.0,settled,3-5-6,0,0,0.0
2026-09-21 02:43:47,20260920,15,6,1-5-3,1.22,196.3,239.17,2.395,100.0,settled,3-5-6,0,0,0.0
2026-09-21 02:43:47,20260920,15,7,1-2-5,7.9,37.4,295.64,2.955,100.0,settled,1-2-3,0,0,0.0
2026-09-21 02:43:47,20260920,15,7,1-3-5,2.63,73.3,193.12,1.928,100.0,settled,1-2-3,0,0,0.0
2026-09-21 02:43:47,20260920,15,7,1-5-2,3.96,128.1,507.53,5.073,100.0,settled,1-2-3,0,0,0.0
2026-09-21 02:43:47,20260920,15,7,1-5-3,2.21,200.2,442.58,4.424,100.0,settled,1-2-3,0,0,0.0
2026-09-21 02:43:47,20260920,15,7,1-5-4,0.33,326.7,109.25,1.078,100.0,settled,1-2-3,0,0,0.0
2026-09-21 02:43:47,20260920,15,7,1-5-6,5.09,112.5,572.84,5.726,100.0,settled,1-2-3,0,0,0.0
2026-09-21 02:43:47,20260920,15,7,1-6-5,4.04,61.0,246.49,2.464,100.0,settled,1-2-3,0,0,0.0
2026-09-21 02:43:47,20260920,15,8,1-2-3,5.63,29.3,165.02,1.65,100.0,settled,3-1-5,0,0,0.0
2026-09-21 02:43:47,20260920,15,8,1-2-5,1.02,229.2,233.99,2.338,100.0,settled,3-1-5,0,0,0.0
2026-09-21 02:43:47,20260920,15,8,1-2-6,2.77,58.8,162.92,1.629,100.0,settled,3-1-5,0,0,0.0
2026-09-21 02:43:47,20260920,15,8,1-3-5,3.27,58.3,190.72,1.906,100.0,settled,3-1-5,0,0,0.0
2026-09-21 02:43:47,20260920,15,8,1-5-2,0.5,390.6,195.14,1.953,100.0,settled,3-1-5,0,0,0.0
2026-09-21 02:43:47,20260920,15,8,1-5-3,1.05,227.5,239.94,2.389,100.0,settled,3-1-5,0,0,0.0
2026-09-21 02:43:47,20260920,15,8,1-5-4,0.45,301.5,136.13,1.357,100.0,settled,3-1-5,0,0,0.0
2026-09-21 02:43:47,20260920,15,8,1-5-6,0.64,273.2,175.31,1.748,100.0,settled,3-1-5,0,0,0.0
2026-09-21 02:43:47,20260920,15,9,1-5-2,1.87,57.2,106.76,1.07,100.0,settled,1-3-6,0,0,0.0
2026-09-21 02:43:47,20260920,15,11,1-4-5,2.94,43.9,129.25,1.291,100.0,settled,1-2-4,0,0,0.0
2026-09-21 02:43:47,20260920,15,11,1-4-6,6.27,31.8,199.43,1.994,100.0,settled,1-2-4,0,0,0.0
2026-09-21 02:43:47,20260920,15,11,1-5-4,2.47,53.7,132.8,1.326,100.0,settled,1-2-4,0,0,0.0
2026-09-21 02:43:47,20260920,15,11,1-5-6,5.02,40.2,201.71,2.018,100.0,settled,1-2-4,0,0,0.0
2026-09-21 02:43:47,20260920,15,11,1-6-2,4.42,40.6,179.41,1.795,100.0,settled,1-2-4,0,0,0.0
2026-09-21 02:43:47,20260920,15,11,1-6-3,1.45,76.0,109.96,1.102,100.0,settled,1-2-4,0,0,0.0
2026-09-21 02:43:47,20260920,15,11,1-6-4,3.45,52.8,182.18,1.822,100.0,settled,1-2-4,0,0,0.0
2026-09-21 02:43:47,20260920,15,11,1-6-5,3.17,71.1,225.53,2.254,100.0,settled,1-2-4,0,0,0.0
2026-09-21 02:43:47,20260920,16,1,1-2-5,7.37,26.9,198.24,1.983,100.0,settled,1-4-6,0,0,0.0
2026-09-21 02:43:47,20260920,16,1,1-3-5,1.32,77.9,103.0,1.028,100.0,settled,1-4-6,0,0,0.0
2026-09-21 02:43:47,20260920,16,1,1-4-3,4.82,23.0,110.92,1.109,100.0,settled,1-4-6,0,0,0.0
2026-09-21 02:43:47,20260920,16,1,1-4-5,3.12,48.2,150.56,1.504,100.0,settled,1-4-6,0,0,0.0
2026-09-21 02:43:47,20260920,16,2,1-2-3,4.38,25.3,110.69,1.108,100.0,settled,1-5-6,0,0,0.0
2026-09-21 02:43:47,20260920,16,2,1-2-6,1.12,126.4,141.49,1.416,100.0,settled,1-5-6,0,0,0.0
2026-09-21 02:43:47,20260920,16,2,1-3-2,6.56,32.8,215.16,2.152,100.0,settled,1-5-6,0,0,0.0
2026-09-21 02:43:47,20260920,16,2,1-3-6,3.0,69.7,208.91,2.091,100.0,settled,1-5-6,0,0,0.0
2026-09-21 02:43:47,20260920,16,2,1-6-2,0.45,411.5,183.41,1.852,100.0,settled,1-5-6,0,0,0.0
2026-09-21 02:43:47,20260920,16,2,1-6-3,0.82,329.2,271.46,2.699,100.0,settled,1-5-6,0,0,0.0
2026-09-21 02:43:47,20260920,16,2,1-6-5,0.45,246.5,110.85,1.109,100.0,settled,1-5-6,0,0,0.0
2026-09-21 02:43:47,20260920,16,3,1-2-5,4.19,24.8,104.03,1.039,100.0,settled,2-1-3,0,0,0.0
2026-09-21 02:43:47,20260920,16,4,1-2-3,6.68,31.8,212.34,2.124,100.0,settled,4-3-5,0,0,0.0
2026-09-21 02:43:47,20260920,16,4,1-2-5,3.3,46.8,154.5,1.544,100.0,settled,4-3-5,0,0,0.0
2026-09-21 02:43:47,20260920,16,4,1-2-6,9.13,35.1,320.58,3.205,100.0,settled,4-3-5,0,0,0.0
2026-09-21 02:43:47,20260920,16,4,1-6-2,2.66,113.1,300.9,3.008,100.0,settled,4-3-5,0,0,0.0
2026-09-21 02:43:47,20260920,16,4,1-6-3,0.74,298.0,219.3,2.205,100.0,settled,4-3-5,0,0,0.0
2026-09-21 02:43:47,20260920,16,4,1-6-4,1.16,119.7,138.67,1.389,100.0,settled,4-3-5,0,0,0.0
2026-09-21 02:43:47,20260920,16,4,1-6-5,0.51,248.5,127.18,1.267,100.0,settled,4-3-5,0,0,0.0
2026-09-21 02:43:47,20260920,16,5,1-4-5,5.05,22.0,111.13,1.111,100.0,settled,1-4-2,0,0,0.0
2026-09-21 02:43:47,20260920,16,5,1-5-2,3.01,54.0,162.77,1.625,100.0,settled,1-4-2,0,0,0.0
2026-09-21 02:43:47,20260920,16,5,1-5-3,0.87,129.1,112.23,1.123,100.0,settled,1-4-2,0,0,0.0
2026-09-21 02:43:47,20260920,16,5,1-5-4,2.11,53.7,113.51,1.133,100.0,settled,1-4-2,0,0,0.0
2026-09-21 02:43:47,20260920,16,6,1-2-4,0.67,209.8,140.59,1.406,100.0,settled,3-5-4,0,0,0.0
2026-09-21 02:43:47,20260920,16,6,1-2-5,5.48,41.4,226.97,2.269,100.0,settled,3-5-4,0,0,0.0
2026-09-21 02:43:47,20260920,16,6,1-3-2,9.18,28.6,262.55,2.625,100.0,settled,3-5-4,0,0,0.0
2026-09-21 02:43:47,20260920,16,6,1-3-4,0.88,168.0,147.35,1.478,100.0,settled,3-5-4,0,0,0.0
2026-09-21 02:43:47,20260920,16,6,1-4-5,0.58,344.1,200.2,1.996,100.0,settled,3-5-4,0,0,0.0
2026-09-21 02:43:47,20260920,16,6,1-5-2,7.73,32.4,250.32,2.505,100.0,settled,3-5-4,0,0,0.0
2026-09-21 02:43:47,20260920,16,6,1-5-3,8.57,20.4,174.81,1.748,100.0,settled,3-5-4,0,0,0.0
2026-09-21 02:43:47,20260920,16,6,1-5-4,1.17,214.6,251.12,2.511,100.0,settled,3-5-4,0,0,0.0
2026-09-21 02:43:47,20260920,16,7,1-2-6,1.84,104.1,191.71,1.915,100.0,settled,2-3-4,0,0,0.0
2026-09-21 02:43:47,20260920,16,7,1-3-6,1.48,102.0,151.07,1.51,100.0,settled,2-3-4,0,0,0.0
2026-09-21 02:43:47,20260920,16,7,1-5-3,4.56,30.5,139.08,1.391,100.0,settled,2-3-4,0,0,0.0
2026-09-21 02:43:47,20260920,16,7,1-5-6,6.61,74.3,491.16,4.911,100.0,settled,2-3-4,0,0,0.0
2026-09-21 02:43:47,20260920,16,7,1-6-2,1.11,354.2,394.33,3.932,100.0,settled,2-3-4,0,0,0.0
2026-09-21 02:43:47,20260920,16,7,1-6-3,1.01,344.0,346.48,3.474,100.0,settled,2-3-4,0,0,0.0
2026-09-21 02:43:47,20260920,16,7,1-6-4,0.83,305.8,252.62,2.538,100.0,settled,2-3-4,0,0,0.0
2026-09-21 02:43:47,20260920,16,7,1-6-5,3.01,322.5,971.34,9.707,100.0,settled,2-3-4,0,0,0.0
2026-09-21 02:43:47,20260920,16,9,1-2-5,1.95,106.7,208.51,2.081,100.0,settled,1-2-4,0,0,0.0
2026-09-21 02:43:47,20260920,16,9,1-3-2,5.45,23.3,126.96,1.27,100.0,settled,1-2-4,0,0,0.0
2026-09-21 02:43:47,20260920,16,9,1-4-5,6.88,33.0,227.09,2.27,100.0,settled,1-2-4,0,0,0.0
2026-09-21 02:43:47,20260920,16,9,1-5-2,0.98,174.0,170.96,1.705,100.0,settled,1-2-4,0,0,0.0
2026-09-21 02:43:47,20260920,16,9,1-5-3,1.11,144.5,160.41,1.604,100.0,settled,1-2-4,0,0,0.0
2026-09-21 02:43:47,20260920,16,9,1-5-4,2.14,88.5,189.07,1.894,100.0,settled,1-2-4,0,0,0.0
2026-09-21 02:43:47,20260920,16,10,1-5-2,5.41,25.8,139.61,1.396,100.0,settled,4-5-1,0,0,0.0
2026-09-21 02:43:47,20260920,16,10,1-5-6,0.89,141.8,126.03,1.262,100.0,settled,4-5-1,0,0,0.0
2026-09-21 02:43:47,20260920,16,11,1-3-6,1.83,68.7,125.78,1.257,100.0,settled,1-6-2,0,0,0.0
2026-09-21 02:43:47,20260920,16,11,1-5-3,5.15,22.8,117.31,1.174,100.0,settled,1-6-2,0,0,0.0
2026-09-21 02:43:47,20260920,16,11,1-5-6,1.58,96.7,152.41,1.528,100.0,settled,1-6-2,0,0,0.0
2026-09-21 02:43:47,20260920,16,11,1-6-2,0.49,295.9,145.17,1.45,100.0,settled,1-6-2,1,29590.0,29590.0
2026-09-21 02:43:47,20260920,16,11,1-6-3,0.63,309.1,193.9,1.947,100.0,settled,1-6-2,0,0,0.0
2026-09-21 02:43:47,20260920,16,11,1-6-5,0.68,297.1,202.44,2.02,100.0,settled,1-6-2,0,0,0.0
2026-09-21 02:43:47,20260920,16,12,1-4-6,4.89,28.5,139.27,1.394,100.0,settled,2-4-3,0,0,0.0
2026-09-21 02:43:47,20260920,16,12,1-6-2,2.56,63.1,161.33,1.615,100.0,settled,2-4-3,0,0,0.0
2026-09-21 02:43:47,20260920,16,12,1-6-4,1.46,78.2,114.15,1.142,100.0,settled,2-4-3,0,0,0.0
2026-09-21 02:43:47,20260920,17,1,1-2-5,8.66,49.9,431.98,4.321,100.0,settled,4-1-3,0,0,0.0
2026-09-21 02:43:47,20260920,17,1,1-2-6,7.5,20.5,153.76,1.537,100.0,settled,4-1-3,0,0,0.0
2026-09-21 02:43:47,20260920,17,1,1-5-2,4.29,128.0,549.67,5.491,100.0,settled,4-1-3,0,0,0.0
2026-09-21 02:43:47,20260920,17,1,1-5-3,3.23,102.6,331.51,3.314,100.0,settled,4-1-3,0,0,0.0
2026-09-21 02:43:47,20260920,17,1,1-5-4,1.06,165.6,174.82,1.755,100.0,settled,4-1-3,0,0,0.0
2026-09-21 02:43:47,20260920,17,1,1-5-6,1.78,161.8,287.86,2.88,100.0,settled,4-1-3,0,0,0.0
2026-09-21 02:43:47,20260920,17,1,1-6-2,3.49,46.9,163.84,1.637,100.0,settled,4-1-3,0,0,0.0
2026-09-21 02:43:47,20260920,17,1,1-6-5,1.68,191.1,320.97,3.21,100.0,settled,4-1-3,0,0,0.0
2026-09-21 02:43:47,20260920,17,2,1-2-6,2.9,140.1,405.93,4.063,100.0,settled,4-1-2,0,0,0.0
2026-09-21 02:43:47,20260920,17,2,1-3-6,1.38,310.8,429.96,4.289,100.0,settled,4-1-2,0,0,0.0
2026-09-21 02:43:47,20260920,17,2,1-4-6,7.07,79.2,560.24,5.599,100.0,settled,4-1-2,0,0,0.0
2026-09-21 02:43:47,20260920,17,2,1-5-6,1.01,469.8,472.34,4.745,100.0,settled,4-1-2,0,0,0.0
2026-09-21 02:43:47,20260920,17,2,1-6-2,1.99,610.0,1211.89,12.139,100.0,settled,4-1-2,0,0,0.0
2026-09-21 02:43:47,20260920,17,2,1-6-3,1.32,836.5,1104.43,11.042,100.0,settled,4-1-2,0,0,0.0
2026-09-21 02:43:47,20260920,17,2,1-6-4,3.76,461.4,1733.2,17.349,100.0,settled,4-1-2,0,0,0.0
2026-09-21 02:43:47,20260920,17,2,1-6-5,1.21,814.5,985.87,9.855,100.0,settled,4-1-2,0,0,0.0
2026-09-21 02:43:47,20260920,17,3,1-2-5,1.55,459.2,709.79,7.118,100.0,settled,3-1-2,0,0,0.0
2026-09-21 02:43:47,20260920,17,3,1-3-2,9.81,52.4,513.86,5.14,100.0,settled,3-1-2,0,0,0.0
2026-09-21 02:43:47,20260920,17,3,1-3-5,2.64,519.1,1369.23,13.704,100.0,settled,3-1-2,0,0,0.0
2026-09-21 02:43:47,20260920,17,3,1-5-2,0.98,1236.0,1206.71,12.113,100.0,settled,3-1-2,0,0,0.0
2026-09-21 02:43:47,20260920,17,3,1-5-3,1.44,1223.0,1766.26,17.611,100.0,settled,3-1-2,0,0,0.0
2026-09-21 02:43:47,20260920,17,3,1-5-4,0.13,1374.0,172.71,1.786,100.0,settled,3-1-2,0,0,0.0
2026-09-21 02:43:47,20260920,17,3,1-5-6,0.31,1581.0,494.85,4.901,100.0,settled,3-1-2,0,0,0.0
2026-09-21 02:43:47,20260920,17,3,1-6-5,0.22,1268.0,282.64,2.79,100.0,settled,3-1-2,0,0,0.0
2026-09-21 02:43:47,20260920,17,4,1-3-2,1.2,200.7,241.68,2.408,100.0,settled,5-2-1,0,0,0.0
2026-09-21 02:43:47,20260920,17,4,1-3-5,0.45,228.3,103.31,1.027,100.0,settled,5-2-1,0,0,0.0
2026-09-21 02:43:47,20260920,17,4,1-5-3,0.5,224.7,112.39,1.123,100.0,settled,5-2-1,0,0,0.0
2026-09-21 02:43:47,20260920,17,5,1-2-5,10.51,109.8,1154.32,11.54,100.0,settled,1-2-3,0,0,0.0
2026-09-21 02:43:47,20260920,17,5,1-4-2,4.18,55.4,231.67,2.316,100.0,settled,1-2-3,0,0,0.0
2026-09-21 02:43:47,20260920,17,5,1-4-5,1.12,352.4,393.45,3.947,100.0,settled,1-2-3,0,0,0.0
2026-09-21 02:43:47,20260920,17,5,1-5-2,2.68,488.8,1309.94,13.1,100.0,settled,1-2-3,0,0,0.0
2026-09-21 02:43:47,20260920,17,5,1-5-3,1.2,492.1,588.55,5.905,100.0,settled,1-2-3,0,0,0.0
2026-09-21 02:43:47,20260920,17,5,1-5-4,0.91,869.4,795.15,7.912,100.0,settled,1-2-3,0,0,0.0
2026-09-21 02:43:47,20260920,17,5,1-5-6,1.25,656.7,820.22,8.209,100.0,settled,1-2-3,0,0,0.0
2026-09-21 02:43:47,20260920,17,5,1-6-5,1.0,390.9,389.88,3.909,100.0,settled,1-2-3,0,0,0.0
2026-09-21 02:43:47,20260920,17,6,1-3-2,13.72,29.4,403.5,4.034,100.0,settled,2-1-6,0,0,0.0
2026-09-21 02:43:47,20260920,17,6,1-3-4,2.89,126.9,366.11,3.667,100.0,settled,2-1-6,0,0,0.0
2026-09-21 02:43:47,20260920,17,6,1-3-5,2.45,338.4,830.06,8.291,100.0,settled,2-1-6,0,0,0.0
2026-09-21 02:43:47,20260920,17,6,1-4-3,1.39,319.9,443.09,4.447,100.0,settled,2-1-6,0,0,0.0
2026-09-21 02:43:47,20260920,17,6,1-4-5,0.47,867.4,408.37,4.077,100.0,settled,2-1-6,0,0,0.0
2026-09-21 02:43:47,20260920,17,6,1-5-3,0.83,825.8,683.6,6.854,100.0,settled,2-1-6,0,0,0.0
2026-09-21 02:43:47,20260920,17,6,1-5-4,0.23,1340.0,305.92,3.082,100.0,settled,2-1-6,0,0,0.0
2026-09-21 02:43:47,20260920,17,6,1-5-6,0.39,986.2,382.65,3.846,100.0,settled,2-1-6,0,0,0.0
2026-09-21 02:43:47,20260920,17,8,1-2-5,1.77,137.6,242.95,2.436,100.0,settled,2-1-3,0,0,0.0
2026-09-21 02:43:47,20260920,17,8,1-2-6,2.25,149.9,337.77,3.373,100.0,settled,2-1-3,0,0,0.0
2026-09-21 02:43:47,20260920,17,8,1-5-2,0.81,333.2,268.63,2.699,100.0,settled,2-1-3,0,0,0.0
2026-09-21 02:43:47,20260920,17,8,1-5-6,0.35,575.4,198.8,2.014,100.0,settled,2-1-3,0,0,0.0
2026-09-21 02:43:47,20260920,17,8,1-6-2,1.08,469.6,508.34,5.072,100.0,settled,2-1-3,0,0,0.0
2026-09-21 02:43:47,20260920,17,8,1-6-3,0.58,414.5,241.99,2.404,100.0,settled,2-1-3,0,0,0.0
2026-09-21 02:43:47,20260920,17,8,1-6-4,0.5,441.3,219.41,2.207,100.0,settled,2-1-3,0,0,0.0
2026-09-21 02:43:47,20260920,17,8,1-6-5,0.44,833.4,369.78,3.667,100.0,settled,2-1-3,0,0,0.0
2026-09-21 02:43:47,20260920,17,9,1-2-6,1.72,336.5,580.29,5.788,100.0,settled,1-4-3,0,0,0.0
2026-09-21 02:43:47,20260920,17,9,1-3-6,2.53,185.2,468.43,4.686,100.0,settled,1-4-3,0,0,0.0
2026-09-21 02:43:47,20260920,17,9,1-4-6,1.36,99.7,135.78,1.356,100.0,settled,1-4-3,0,0,0.0
2026-09-21 02:43:47,20260920,17,9,1-5-6,0.44,318.3,139.67,1.401,100.0,settled,1-4-3,0,0,0.0
2026-09-21 02:43:47,20260920,17,9,1-6-2,1.07,871.0,933.62,9.32,100.0,settled,1-4-3,0,0,0.0
2026-09-21 02:43:47,20260920,17,9,1-6-3,1.39,676.7,939.67,9.406,100.0,settled,1-4-3,0,0,0.0
2026-09-21 02:43:47,20260920,17,9,1-6-4,0.78,566.6,440.76,4.419,100.0,settled,1-4-3,0,0,0.0
2026-09-21 02:43:47,20260920,17,9,1-6-5,0.51,1155.0,586.97,5.891,100.0,settled,1-4-3,0,0,0.0
2026-09-21 02:43:47,20260920,17,10,1-3-6,1.29,378.7,487.16,4.885,100.0,settled,2-3-5,0,0,0.0
2026-09-21 02:43:47,20260920,17,10,1-5-6,0.13,938.3,120.1,1.22,100.0,settled,2-3-5,0,0,0.0
2026-09-21 02:43:47,20260920,17,10,1-6-2,0.33,1189.0,389.64,3.924,100.0,settled,2-3-5,0,0,0.0
2026-09-21 02:43:47,20260920,17,10,1-6-3,0.75,1234.0,929.45,9.255,100.0,settled,2-3-5,0,0,0.0
2026-09-21 02:43:47,20260920,17,10,1-6-4,0.08,1559.0,127.99,1.247,100.0,settled,2-3-5,0,0,0.0
2026-09-21 02:43:47,20260920,17,10,1-6-5,0.18,1532.0,280.51,2.758,100.0,settled,2-3-5,0,0,0.0
2026-09-21 02:43:47,20260920,17,11,1-2-6,1.85,137.6,254.17,2.546,100.0,settled,1-3-5,0,0,0.0
2026-09-21 02:43:47,20260920,17,11,1-4-5,6.34,29.1,184.38,1.845,100.0,settled,1-3-5,0,0,0.0
2026-09-21 02:43:47,20260920,17,11,1-4-6,1.26,248.6,313.81,3.132,100.0,settled,1-3-5,0,0,0.0
2026-09-21 02:43:47,20260920,17,11,1-5-2,4.21,39.3,165.44,1.655,100.0,settled,1-3-5,0,0,0.0
2026-09-21 02:43:47,20260920,17,11,1-5-6,1.05,232.6,243.86,2.442,100.0,settled,1-3-5,0,0,0.0
2026-09-21 02:43:47,20260920,17,11,1-6-2,0.42,400.2,169.44,1.681,100.0,settled,1-3-5,0,0,0.0
2026-09-21 02:43:47,20260920,17,11,1-6-4,0.34,701.0,239.67,2.383,100.0,settled,1-3-5,0,0,0.0
2026-09-21 02:43:47,20260920,17,11,1-6-5,0.43,649.1,278.2,2.791,100.0,settled,1-3-5,0,0,0.0
2026-09-21 02:43:47,20260920,23,1,1-5-2,1.76,59.5,105.01,1.047,100.0,settled,2-4-1,0,0,0.0
2026-09-21 02:43:47,20260920,23,2,1-2-5,4.96,85.0,421.23,4.216,100.0,settled,3-1-2,0,0,0.0
2026-09-21 02:43:47,20260920,23,2,1-5-2,4.19,167.3,701.02,7.01,100.0,settled,3-1-2,0,0,0.0
2026-09-21 02:43:47,20260920,23,2,1-5-3,7.58,80.1,607.25,6.072,100.0,settled,3-1-2,0,0,0.0
2026-09-21 02:43:47,20260920,23,2,1-5-4,2.42,96.7,234.4,2.34,100.0,settled,3-1-2,0,0,0.0
2026-09-21 02:43:47,20260920,23,2,1-5-6,0.74,230.3,170.1,1.704,100.0,settled,3-1-2,0,0,0.0
2026-09-21 02:43:47,20260920,23,3,1-2-5,2.29,250.6,573.85,5.739,100.0,settled,1-4-6,0,0,0.0
2026-09-21 02:43:47,20260920,23,3,1-3-5,1.03,242.0,250.3,2.493,100.0,settled,1-4-6,0,0,0.0
2026-09-21 02:43:47,20260920,23,3,1-4-5,5.41,128.3,694.15,6.941,100.0,settled,1-4-6,0,0,0.0
2026-09-21 02:43:47,20260920,23,3,1-5-2,1.01,734.1,740.63,7.414,100.0,settled,1-4-6,0,0,0.0
2026-09-21 02:43:47,20260920,23,3,1-5-3,0.7,765.6,538.6,5.359,100.0,settled,1-4-6,0,0,0.0
2026-09-21 02:43:47,20260920,23,3,1-5-4,1.77,518.3,916.77,9.174,100.0,settled,1-4-6,0,0,0.0
2026-09-21 02:43:47,20260920,23,3,1-5-6,0.59,924.0,548.95,5.452,100.0,settled,1-4-6,0,0,0.0
2026-09-21 02:43:47,20260920,23,3,1-6-5,0.41,547.9,224.2,2.246,100.0,settled,1-4-6,0,0,0.0
2026-09-21 02:43:47,20260920,23,4,1-2-5,0.39,603.1,235.57,2.352,100.0,settled,1-2-6,0,0,0.0
2026-09-21 02:43:47,20260920,23,4,1-3-2,2.88,64.6,186.32,1.86,100.0,settled,1-2-6,0,0,0.0
2026-09-21 02:43:47,20260920,23,4,1-3-5,0.47,470.8,220.95,2.213,100.0,settled,1-2-6,0,0,0.0
2026-09-21 02:43:47,20260920,23,4,1-4-5,0.28,450.3,125.45,1.261,100.0,settled,1-2-6,0,0,0.0
2026-09-21 02:43:47,20260920,23,4,1-5-2,0.18,990.3,179.24,1.783,100.0,settled,1-2-6,0,0,0.0
2026-09-21 02:43:47,20260920,23,4,1-5-3,0.2,1335.0,269.67,2.67,100.0,settled,1-2-6,0,0,0.0
2026-09-21 02:43:47,20260920,23,4,1-5-4,0.13,951.7,123.91,1.237,100.0,settled,1-2-6,0,0,0.0
2026-09-21 02:43:47,20260920,23,4,1-5-6,0.18,871.3,153.7,1.568,100.0,settled,1-2-6,0,0,0.0
2026-09-21 02:43:47,20260920,23,5,1-6-4,2.59,43.3,112.05,1.121,100.0,settled,5-1-6,0,0,0.0
2026-09-21 02:43:47,20260920,23,5,1-6-5,1.91,56.8,108.33,1.085,100.0,settled,5-1-6,0,0,0.0
2026-09-21 02:43:47,20260920,23,6,1-6-2,4.51,26.2,118.24,1.182,100.0,settled,2-3-6,0,0,0.0
2026-09-21 02:43:47,20260920,23,6,1-6-3,6.19,31.6,195.54,1.956,100.0,settled,2-3-6,0,0,0.0
2026-09-21 02:43:47,20260920,23,6,1-6-4,2.73,42.0,114.6,1.147,100.0,settled,2-3-6,0,0,0.0
2026-09-21 02:43:47,20260920,23,6,1-6-5,1.47,80.7,118.89,1.186,100.0,settled,2-3-6,0,0,0.0
2026-09-21 02:43:47,20260920,23,7,1-2-6,0.5,287.3,143.91,1.437,100.0,settled,5-2-4,0,0,0.0
2026-09-21 02:43:47,20260920,23,7,1-3-6,2.08,246.3,511.79,5.123,100.0,settled,5-2-4,0,0,0.0
2026-09-21 02:43:47,20260920,23,7,1-4-6,2.71,210.6,570.03,5.707,100.0,settled,5-2-4,0,0,0.0
2026-09-21 02:43:47,20260920,23,7,1-5-6,0.37,433.1,159.6,1.602,100.0,settled,5-2-4,0,0,0.0
2026-09-21 02:43:47,20260920,23,7,1-6-2,0.31,868.9,273.36,2.694,100.0,settled,5-2-4,0,0,0.0
2026-09-21 02:43:47,20260920,23,7,1-6-3,0.9,627.5,566.07,5.648,100.0,settled,5-2-4,0,0,0.0
2026-09-21 02:43:47,20260920,23,7,1-6-4,0.81,863.8,700.37,6.997,100.0,settled,5-2-4,0,0,0.0
2026-09-21 02:43:47,20260920,23,7,1-6-5,0.29,1193.0,349.67,3.46,100.0,settled,5-2-4,0,0,0.0
2026-09-21 02:43:47,20260920,23,8,1-2-6,9.25,198.6,1837.43,18.37,100.0,settled,4-2-1,0,0,0.0
2026-09-21 02:43:47,20260920,23,8,1-3-6,0.92,248.2,228.94,2.283,100.0,settled,4-2-1,0,0,0.0
2026-09-21 02:43:47,20260920,23,8,1-4-6,1.36,336.9,458.42,4.582,100.0,settled,4-2-1,0,0,0.0
2026-09-21 02:43:47,20260920,23,8,1-5-6,1.59,214.3,341.06,3.407,100.0,settled,4-2-1,0,0,0.0
2026-09-21 02:43:47,20260920,23,8,1-6-2,2.79,770.9,2149.81,21.508,100.0,settled,4-2-1,0,0,0.0
2026-09-21 02:43:47,20260920,23,8,1-6-3,0.72,654.4,471.76,4.712,100.0,settled,4-2-1,0,0,0.0
2026-09-21 02:43:47,20260920,23,8,1-6-4,0.89,631.7,564.17,5.622,100.0,settled,4-2-1,0,0,0.0
2026-09-21 02:43:47,20260920,23,8,1-6-5,1.49,794.5,1185.79,11.838,100.0,settled,4-2-1,0,0,0.0
2026-09-21 02:43:47,20260920,23,9,1-3-6,1.04,107.4,111.22,1.117,100.0,settled,1-4-5,0,0,0.0
2026-09-21 02:43:47,20260920,23,9,1-5-6,2.05,52.4,107.53,1.074,100.0,settled,1-4-5,0,0,0.0
2026-09-21 02:43:47,20260920,23,9,1-6-2,0.66,199.9,131.97,1.319,100.0,settled,1-4-5,0,0,0.0
2026-09-21 02:43:47,20260920,23,9,1-6-3,0.75,271.0,202.46,2.032,100.0,settled,1-4-5,0,0,0.0
2026-09-21 02:43:47,20260920,23,9,1-6-4,0.53,268.9,143.78,1.425,100.0,settled,1-4-5,0,0,0.0
2026-09-21 02:43:47,20260920,23,9,1-6-5,1.31,167.4,220.06,2.193,100.0,settled,1-4-5,0,0,0.0
2026-09-21 02:43:47,20260920,23,10,1-2-5,8.9,20.6,183.42,1.833,100.0,settled,1-4-2,0,0,0.0
2026-09-21 02:43:47,20260920,23,10,1-2-6,4.48,50.5,226.15,2.262,100.0,settled,1-4-2,0,0,0.0
2026-09-21 02:43:47,20260920,23,10,1-5-2,5.4,40.1,216.5,2.165,100.0,settled,1-4-2,0,0,0.0
2026-09-21 02:43:47,20260920,23,10,1-5-4,5.18,32.3,167.4,1.673,100.0,settled,1-4-2,0,0,0.0
2026-09-21 02:43:47,20260920,23,10,1-5-6,5.69,60.7,345.24,3.454,100.0,settled,1-4-2,0,0,0.0
2026-09-21 02:43:47,20260920,23,10,1-6-2,1.82,135.2,246.46,2.461,100.0,settled,1-4-2,0,0,0.0
2026-09-21 02:43:47,20260920,23,10,1-6-4,1.85,106.3,196.64,1.967,100.0,settled,1-4-2,0,0,0.0
2026-09-21 02:43:47,20260920,23,10,1-6-5,2.6,120.0,311.5,3.12,100.0,settled,1-4-2,0,0,0.0
2026-09-21 02:43:47,20260920,23,11,1-2-6,6.4,59.2,378.84,3.789,100.0,settled,4-2-3,0,0,0.0
2026-09-21 02:43:47,20260920,23,11,1-3-6,4.54,129.2,586.54,5.866,100.0,settled,4-2-3,0,0,0.0
2026-09-21 02:43:47,20260920,23,11,1-5-3,1.5,102.5,153.54,1.537,100.0,settled,4-2-3,0,0,0.0
2026-09-21 02:43:47,20260920,23,11,1-5-6,1.13,200.1,226.71,2.261,100.0,settled,4-2-3,0,0,0.0
2026-09-21 02:43:47,20260920,23,11,1-6-2,2.27,198.9,450.69,4.515,100.0,settled,4-2-3,0,0,0.0
2026-09-21 02:43:47,20260920,23,11,1-6-3,1.98,315.8,625.13,6.253,100.0,settled,4-2-3,0,0,0.0
2026-09-21 02:43:47,20260920,23,11,1-6-4,1.21,222.6,268.81,2.693,100.0,settled,4-2-3,0,0,0.0
2026-09-21 02:43:47,20260920,23,11,1-6-5,0.91,301.0,272.74,2.739,100.0,settled,4-2-3,0,0,0.0
2026-09-21 02:43:47,20260920,23,12,1-4-3,4.25,32.8,139.48,1.394,100.0,settled,5-2-1,0,0,0.0
2026-09-21 02:43:47,20260920,23,12,1-4-5,5.0,39.0,194.88,1.95,100.0,settled,5-2-1,0,0,0.0
2026-09-21 02:43:47,20260920,23,12,1-4-6,1.54,67.9,104.55,1.046,100.0,settled,5-2-1,0,0,0.0
2026-09-21 02:43:47,20260920,23,12,1-5-2,2.73,42.3,115.66,1.155,100.0,settled,5-2-1,0,0,0.0
2026-09-21 02:43:47,20260920,23,12,1-5-4,2.6,70.8,183.79,1.841,100.0,settled,5-2-1,0,0,0.0
2026-09-21 02:43:47,20260920,24,1,1-2-5,1.3,78.2,101.93,1.017,100.0,settled,1-3-4,0,0,0.0
2026-09-21 02:43:47,20260920,24,2,1-2-5,6.65,135.5,901.62,9.011,100.0,settled,1-2-4,0,0,0.0
2026-09-21 02:43:47,20260920,24,2,1-3-2,5.54,59.2,327.74,3.28,100.0,settled,1-2-4,0,0,0.0
2026-09-21 02:43:47,20260920,24,2,1-3-4,3.88,93.3,361.7,3.62,100.0,settled,1-2-4,0,0,0.0
2026-09-21 02:43:47,20260920,24,2,1-3-5,2.7,288.1,777.67,7.779,100.0,settled,1-2-4,0,0,0.0
2026-09-21 02:43:47,20260920,24,2,1-4-5,3.63,197.5,716.17,7.169,100.0,settled,1-2-4,0,0,0.0
2026-09-21 02:43:47,20260920,24,2,1-5-2,2.41,373.0,898.82,8.989,100.0,settled,1-2-4,0,0,0.0
2026-09-21 02:43:47,20260920,24,2,1-5-3,1.54,563.3,867.93,8.675,100.0,settled,1-2-4,0,0,0.0
2026-09-21 02:43:47,20260920,24,2,1-5-4,1.78,506.2,900.23,9.01,100.0,settled,1-2-4,0,0,0.0
2026-09-21 02:43:47,20260920,24,3,1-2-3,5.46,41.2,224.97,2.25,100.0,settled,3-1-4,0,0,0.0
2026-09-21 02:43:47,20260920,24,3,1-2-4,5.16,46.9,241.8,2.42,100.0,settled,3-1-4,0,0,0.0
2026-09-21 02:43:47,20260920,24,3,1-2-5,0.61,175.2,107.05,1.069,100.0,settled,3-1-4,0,0,0.0
2026-09-21 02:43:47,20260920,24,3,1-3-2,4.01,32.7,131.1,1.311,100.0,settled,3-1-4,0,0,0.0
2026-09-21 02:43:47,20260920,24,3,1-4-2,5.55,38.5,213.75,2.137,100.0,settled,3-1-4,0,0,0.0
2026-09-21 02:43:47,20260920,24,4,1-2-3,8.43,69.1,582.2,5.825,100.0,settled,4-5-6,0,0,0.0
2026-09-21 02:43:47,20260920,24,4,1-2-5,1.81,178.1,322.36,3.224,100.0,settled,4-5-6,0,0,0.0
2026-09-21 02:43:47,20260920,24,4,1-2-6,1.14,287.9,328.9,3.282,100.0,settled,4-5-6,0,0,0.0
2026-09-21 02:43:47,20260920,24,4,1-3-2,20.99,54.7,1148.42,11.482,100.0,settled,4-5-6,0,0,0.0
2026-09-21 02:43:47,20260920,24,4,1-3-6,4.15,57.7,239.33,2.395,100.0,settled,4-5-6,0,0,0.0
2026-09-21 02:43:47,20260920,24,4,1-5-2,0.79,143.6,114.02,1.134,100.0,settled,4-5-6,0,0,0.0
2026-09-21 02:43:47,20260920,24,4,1-6-2,0.32,426.1,138.01,1.364,100.0,settled,4-5-6,0,0,0.0
2026-09-21 02:43:47,20260920,24,4,1-6-3,0.75,218.9,164.07,1.642,100.0,settled,4-5-6,0,0,0.0
2026-09-21 02:43:47,20260920,24,5,1-4-5,11.84,21.1,249.79,2.498,100.0,settled,1-6-3,0,0,0.0
2026-09-21 02:43:47,20260920,24,5,1-5-3,3.22,44.6,143.72,1.436,100.0,settled,1-6-3,0,0,0.0
2026-09-21 02:43:47,20260920,24,5,1-5-4,5.47,35.6,194.6,1.947,100.0,settled,1-6-3,0,0,0.0
2026-09-21 02:43:47,20260920,24,6,1-2-5,4.77,92.7,442.58,4.422,100.0,settled,3-4-5,0,0,0.0
2026-09-21 02:43:47,20260920,24,6,1-2-6,4.58,32.9,150.64,1.507,100.0,settled,3-4-5,0,0,0.0
2026-09-21 02:43:47,20260920,24,6,1-3-5,5.33,28.8,153.61,1.535,100.0,settled,3-4-5,0,0,0.0
2026-09-21 02:43:47,20260920,24,6,1-5-2,2.78,201.1,559.28,5.591,100.0,settled,3-4-5,0,0,0.0
2026-09-21 02:43:47,20260920,24,6,1-5-3,2.8,126.6,354.85,3.545,100.0,settled,3-4-5,0,0,0.0
2026-09-21 02:43:47,20260920,24,6,1-5-4,1.13,157.9,178.57,1.784,100.0,settled,3-4-5,0,0,0.0
2026-09-21 02:43:47,20260920,24,6,1-5-6,1.89,166.6,315.37,3.149,100.0,settled,3-4-5,0,0,0.0
2026-09-21 02:43:47,20260920,24,6,1-6-5,1.16,132.7,154.09,1.539,100.0,settled,3-4-5,0,0,0.0
2026-09-21 02:43:47,20260920,24,7,1-2-5,5.64,24.9,140.47,1.404,100.0,settled,4-1-6,0,0,0.0
2026-09-21 02:43:47,20260920,24,7,1-3-2,4.57,32.7,149.36,1.494,100.0,settled,4-1-6,0,0,0.0
2026-09-21 02:43:47,20260920,24,7,1-5-2,2.06,54.3,112.02,1.119,100.0,settled,4-1-6,0,0,0.0
2026-09-21 02:43:47,20260920,24,8,1-2-6,2.09,112.0,233.93,2.341,100.0,settled,5-1-6,0,0,0.0
2026-09-21 02:43:47,20260920,24,8,1-3-6,4.79,84.8,406.49,4.062,100.0,settled,5-1-6,0,0,0.0
2026-09-21 02:43:47,20260920,24,8,1-4-6,3.03,108.8,329.13,3.297,100.0,settled,5-1-6,0,0,0.0
2026-09-21 02:43:47,20260920,24,8,1-5-3,1.33,210.3,280.33,2.797,100.0,settled,5-1-6,0,0,0.0
2026-09-21 02:43:47,20260920,24,8,1-5-6,0.86,392.9,339.31,3.379,100.0,settled,5-1-6,0,0,0.0
2026-09-21 02:43:47,20260920,24,8,1-6-3,1.51,333.7,504.32,5.039,100.0,settled,5-1-6,0,0,0.0
2026-09-21 02:43:47,20260920,24,8,1-6-4,0.85,304.8,260.36,2.591,100.0,settled,5-1-6,0,0,0.0
2026-09-21 02:43:47,20260920,24,8,1-6-5,0.53,542.8,287.3,2.877,100.0,settled,5-1-6,0,0,0.0
2026-09-21 02:43:47,20260920,24,9,1-2-4,2.68,39.5,105.81,1.059,100.0,settled,2-1-5,0,0,0.0
2026-09-21 02:43:47,20260920,24,9,1-2-5,8.21,24.2,198.57,1.987,100.0,settled,2-1-5,0,0,0.0
2026-09-21 02:43:47,20260920,24,9,1-3-2,9.4,24.1,226.43,2.265,100.0,settled,2-1-5,0,0,0.0
2026-09-21 02:43:47,20260920,24,9,1-3-5,6.94,24.9,172.87,1.728,100.0,settled,2-1-5,0,0,0.0
2026-09-21 02:43:47,20260920,24,9,1-5-2,6.13,43.4,265.89,2.66,100.0,settled,2-1-5,0,0,0.0
2026-09-21 02:43:47,20260920,24,9,1-5-3,6.66,45.5,302.97,3.03,100.0,settled,2-1-5,0,0,0.0
2026-09-21 02:43:47,20260920,24,9,1-5-4,1.59,65.4,103.81,1.04,100.0,settled,2-1-5,0,0,0.0
2026-09-21 02:43:47,20260920,24,10,1-2-6,4.62,29.5,136.17,1.363,100.0,settled,1-3-5,0,0,0.0
2026-09-21 02:43:47,20260920,24,10,1-4-6,3.72,34.9,129.69,1.298,100.0,settled,1-3-5,0,0,0.0
2026-09-21 02:43:47,20260920,24,10,1-6-2,1.62,93.6,151.28,1.516,100.0,settled,1-3-5,0,0,0.0
2026-09-21 02:43:47,20260920,24,10,1-6-3,0.98,113.7,111.08,1.114,100.0,settled,1-3-5,0,0,0.0
2026-09-21 02:43:47,20260920,24,10,1-6-4,1.19,121.2,144.03,1.442,100.0,settled,1-3-5,0,0,0.0
2026-09-21 02:43:47,20260920,24,11,1-2-5,5.27,20.5,108.05,1.08,100.0,settled,1-4-2,0,0,0.0
2026-09-21 02:43:47,20260920,24,11,1-4-3,6.13,21.2,129.88,1.3,100.0,settled,1-4-2,0,0,0.0
2026-09-21 02:43:47,20260920,24,11,1-4-5,7.14,35.7,254.77,2.549,100.0,settled,1-4-2,0,0,0.0
2026-09-21 02:43:47,20260920,24,11,1-5-2,3.74,38.5,144.07,1.44,100.0,settled,1-4-2,0,0,0.0
2026-09-21 02:43:47,20260920,24,11,1-5-3,5.9,44.2,260.8,2.608,100.0,settled,1-4-2,0,0,0.0
2026-09-21 02:43:47,20260920,24,11,1-5-4,4.59,63.4,290.78,2.91,100.0,settled,1-4-2,0,0,0.0
2026-09-21 02:43:47,20260920,24,11,1-5-6,2.66,40.5,107.74,1.077,100.0,settled,1-4-2,0,0,0.0
2026-09-21 02:43:47,20260920,24,12,1-2-5,7.61,24.6,187.25,1.872,100.0,settled,1-4-2,0,0,0.0
2026-09-22 04:47:30,20260921,1,1,1-2-5,1.28,84.0,107.16,1.075,100.0,settled,6-2-4,0,0,0.0
2026-09-22 04:47:30,20260921,1,1,1-5-2,0.8,147.9,118.66,1.183,100.0,settled,6-2-4,0,0,0.0
2026-09-22 04:47:30,20260921,1,1,1-5-3,0.67,217.1,145.39,1.455,100.0,settled,6-2-4,0,0,0.0
2026-09-22 04:47:30,20260921,1,2,1-3-2,2.34,50.7,118.41,1.186,100.0,settled,1-3-4,0,0,0.0
2026-09-22 04:47:30,20260921,1,3,1-3-4,1.93,71.2,137.67,1.374,100.0,settled,3-1-6,0,0,0.0
2026-09-22 04:47:30,20260921,1,3,1-4-3,0.82,209.7,172.73,1.72,100.0,settled,3-1-6,0,0,0.0
2026-09-22 04:47:30,20260921,1,4,1-3-6,2.08,49.9,103.75,1.038,100.0,settled,3-1-4,0,0,0.0
2026-09-22 04:47:30,20260921,1,4,1-6-2,0.32,328.6,104.53,1.052,100.0,settled,3-1-4,0,0,0.0
2026-09-22 04:47:30,20260921,1,4,1-6-3,0.57,252.0,142.46,1.436,100.0,settled,3-1-4,0,0,0.0
2026-09-22 04:47:30,20260921,1,4,1-6-4,0.45,228.4,102.14,1.028,100.0,settled,3-1-4,0,0,0.0
2026-09-22 04:47:30,20260921,1,5,1-5-2,0.5,298.7,148.93,1.494,100.0,settled,2-1-3,0,0,0.0
2026-09-22 04:47:30,20260921,1,5,1-5-3,0.4,355.2,142.4,1.421,100.0,settled,2-1-3,0,0,0.0
2026-09-22 04:47:30,20260921,1,5,1-5-4,0.36,456.7,163.59,1.644,100.0,settled,2-1-3,0,0,0.0
2026-09-22 04:47:30,20260921,1,5,1-5-6,1.28,292.9,375.82,3.749,100.0,settled,2-1-3,0,0,0.0
2026-09-22 04:47:30,20260921,1,5,1-6-2,3.74,35.3,132.02,1.32,100.0,settled,2-1-3,0,0,0.0
2026-09-22 04:47:30,20260921,1,5,1-6-3,2.7,58.5,158.17,1.58,100.0,settled,2-1-3,0,0,0.0
2026-09-22 04:47:30,20260921,1,5,1-6-4,2.4,74.3,178.4,1.783,100.0,settled,2-1-3,0,0,0.0
2026-09-22 04:47:30,20260921,1,5,1-6-5,2.48,227.9,564.49,5.652,100.0,settled,2-1-3,0,0,0.0
2026-09-22 04:47:30,20260921,1,6,1-2-3,5.54,27.2,150.56,1.507,100.0,settled,3-1-6,0,0,0.0
2026-09-22 04:47:30,20260921,1,6,1-2-4,11.85,48.6,576.0,5.759,100.0,settled,3-1-6,0,0,0.0
2026-09-22 04:47:30,20260921,1,6,1-2-5,2.57,66.2,170.15,1.701,100.0,settled,3-1-6,0,0,0.0
2026-09-22 04:47:30,20260921,1,6,1-2-6,10.83,55.4,599.98,6.0,100.0,settled,3-1-6,0,0,0.0
2026-09-22 04:47:30,20260921,1,6,1-4-2,9.85,49.9,491.35,4.915,100.0,settled,3-1-6,0,0,0.0
2026-09-22 04:47:30,20260921,1,6,1-4-6,8.47,29.6,250.75,2.507,100.0,settled,3-1-6,0,0,0.0
2026-09-22 04:47:30,20260921,1,6,1-6-2,4.64,88.2,409.09,4.092,100.0,settled,3-1-6,0,0,0.0
2026-09-22 04:47:30,20260921,1,6,1-6-4,3.93,64.4,253.08,2.531,100.0,settled,3-1-6,0,0,0.0
2026-09-22 04:47:30,20260921,1,7,1-2-6,5.14,164.9,848.08,8.476,100.0,settled,1-2-3,0,0,0.0
2026-09-22 04:47:30,20260921,1,7,1-3-6,3.57,110.6,394.92,3.948,100.0,settled,1-2-3,0,0,0.0
2026-09-22 04:47:30,20260921,1,7,1-4-2,1.34,108.3,145.01,1.451,100.0,settled,1-2-3,0,0,0.0
2026-09-22 04:47:30,20260921,1,7,1-4-6,0.48,517.4,250.53,2.484,100.0,settled,1-2-3,0,0,0.0
2026-09-22 04:47:30,20260921,1,7,1-6-2,2.51,673.3,1691.06,16.9,100.0,settled,1-2-3,0,0,0.0
2026-09-22 04:47:30,20260921,1,7,1-6-3,1.91,797.6,1521.1,15.234,100.0,settled,1-2-3,0,0,0.0
2026-09-22 04:47:30,20260921,1,7,1-6-4,0.38,1098.0,417.46,4.172,100.0,settled,1-2-3,0,0,0.0
2026-09-22 04:47:30,20260921,1,7,1-6-5,0.16,1329.0,216.76,2.126,100.0,settled,1-2-3,0,0,0.0
2026-09-22 04:47:30,20260921,1,9,1-2-5,5.71,251.5,1435.41,14.361,100.0,settled,3-1-2,0,0,0.0
2026-09-22 04:47:30,20260921,1,9,1-3-5,4.33,172.6,747.13,7.474,100.0,settled,3-1-2,0,0,0.0
2026-09-22 04:47:30,20260921,1,9,1-5-2,3.26,663.8,2161.2,21.64,100.0,settled,3-1-2,0,0,0.0
2026-09-22 04:47:30,20260921,1,9,1-5-3,3.94,477.5,1881.49,18.813,100.0,settled,3-1-2,0,0,0.0
2026-09-22 04:47:30,20260921,1,9,1-5-4,0.63,625.8,392.88,3.943,100.0,settled,3-1-2,0,0,0.0
2026-09-22 04:47:30,20260921,1,9,1-5-6,7.04,605.8,4267.13,42.648,100.0,settled,3-1-2,0,0,0.0
2026-09-22 04:47:30,20260921,1,9,1-6-2,5.31,67.3,357.1,3.574,100.0,settled,3-1-2,0,0,0.0
2026-09-22 04:47:30,20260921,1,9,1-6-5,6.41,480.4,3077.59,30.794,100.0,settled,3-1-2,0,0,0.0
2026-09-22 04:47:30,20260921,1,10,1-2-3,4.28,44.3,189.56,1.896,100.0,settled,1-3-6,0,0,0.0
2026-09-22 04:47:30,20260921,1,10,1-2-4,3.95,50.8,200.59,2.007,100.0,settled,1-3-6,0,0,0.0
2026-09-22 04:47:30,20260921,1,10,1-2-5,2.71,108.9,295.63,2.951,100.0,settled,1-3-6,0,0,0.0
2026-09-22 04:47:30,20260921,1,10,1-4-2,3.99,42.0,167.7,1.676,100.0,settled,1-3-6,0,0,0.0
2026-09-22 04:47:30,20260921,1,10,1-5-2,1.38,222.7,307.64,3.073,100.0,settled,1-3-6,0,0,0.0
2026-09-22 04:47:30,20260921,1,10,1-5-3,1.06,168.3,177.62,1.784,100.0,settled,1-3-6,0,0,0.0
2026-09-22 04:47:30,20260921,1,10,1-5-4,1.29,182.5,235.81,2.354,100.0,settled,1-3-6,0,0,0.0
2026-09-22 04:47:30,20260921,1,10,1-5-6,1.14,160.0,182.59,1.824,100.0,settled,1-3-6,0,0,0.0
2026-09-22 04:47:30,20260921,1,11,1-2-3,7.33,22.3,163.42,1.635,100.0,settled,5-1-2,0,0,0.0
2026-09-22 04:47:30,20260921,1,11,1-3-2,8.92,76.9,686.24,6.859,100.0,settled,5-1-2,0,0,0.0
2026-09-22 04:47:30,20260921,1,11,1-3-4,1.77,174.1,308.3,3.082,100.0,settled,5-1-2,0,0,0.0
2026-09-22 04:47:30,20260921,1,11,1-3-5,3.23,117.5,379.87,3.795,100.0,settled,5-1-2,0,0,0.0
2026-09-22 04:47:30,20260921,1,11,1-4-3,1.21,192.9,232.62,2.334,100.0,settled,5-1-2,0,0,0.0
2026-09-22 04:47:30,20260921,1,11,1-4-5,2.04,76.7,156.8,1.565,100.0,settled,5-1-2,0,0,0.0
2026-09-22 04:47:30,20260921,1,11,1-5-3,3.85,94.7,364.76,3.646,100.0,settled,5-1-2,0,0,0.0
2026-09-22 04:47:30,20260921,1,11,1-5-4,1.63,76.6,124.48,1.249,100.0,settled,5-1-2,0,0,0.0
2026-09-22 04:47:30,20260921,1,12,1-3-4,6.44,27.9,179.54,1.797,100.0,settled,2-1-5,0,0,0.0
2026-09-22 04:47:30,20260921,1,12,1-4-3,7.14,40.3,287.68,2.877,100.0,settled,2-1-5,0,0,0.0
2026-09-22 04:47:30,20260921,5,1,1-2-6,9.0,39.6,356.36,3.564,100.0,settled,1-3-6,0,0,0.0
2026-09-22 04:47:30,20260921,5,1,1-3-6,4.39,43.9,192.51,1.927,100.0,settled,1-3-6,1,4390.0,4390.0
2026-09-22 04:47:30,20260921,5,1,1-6-2,4.74,111.5,528.0,5.285,100.0,settled,1-3-6,0,0,0.0
2026-09-22 04:47:30,20260921,5,1,1-6-3,3.28,144.2,472.53,4.73,100.0,settled,1-3-6,0,0,0.0
2026-09-22 04:47:30,20260921,5,1,1-6-4,1.65,78.0,128.82,1.287,100.0,settled,1-3-6,0,0,0.0
2026-09-22 04:47:30,20260921,5,2,1-2-3,7.71,20.8,160.39,1.604,100.0,settled,1-5-4,0,0,0.0
2026-09-22 04:47:30,20260921,5,2,1-2-4,5.12,25.1,128.62,1.285,100.0,settled,1-5-4,0,0,0.0
2026-09-22 04:47:30,20260921,5,2,1-2-5,3.63,38.1,138.38,1.383,100.0,settled,1-5-4,0,0,0.0
2026-09-22 04:47:30,20260921,5,2,1-2-6,2.32,56.1,129.91,1.302,100.0,settled,1-5-4,0,0,0.0
2026-09-22 04:47:30,20260921,5,2,1-4-2,4.28,27.4,117.24,1.173,100.0,settled,1-5-4,0,0,0.0
2026-09-22 04:47:30,20260921,5,2,1-5-2,2.36,42.8,101.18,1.01,100.0,settled,1-5-4,0,0,0.0
2026-09-22 04:47:30,20260921,5,3,1-2-3,4.1,41.0,168.17,1.681,100.0,settled,6-5-2,0,0,0.0
2026-09-22 04:47:30,20260921,5,3,1-2-4,10.6,31.5,333.87,3.339,100.0,settled,6-5-2,0,0,0.0
2026-09-22 04:47:30,20260921,5,3,1-2-6,6.63,30.0,198.91,1.989,100.0,settled,6-5-2,0,0,0.0
2026-09-22 04:47:30,20260921,5,3,1-4-2,7.27,62.5,454.19,4.544,100.0,settled,6-5-2,0,0,0.0
2026-09-22 04:47:30,20260921,5,3,1-4-3,1.6,141.6,227.2,2.266,100.0,settled,6-5-2,0,0,0.0
2026-09-22 04:47:30,20260921,5,3,1-4-5,2.4,83.2,199.87,1.997,100.0,settled,6-5-2,0,0,0.0
2026-09-22 04:47:30,20260921,5,3,1-4-6,2.98,81.4,242.6,2.426,100.0,settled,6-5-2,0,0,0.0
2026-09-22 04:47:30,20260921,5,3,1-6-4,1.58,118.7,187.68,1.875,100.0,settled,6-5-2,0,0,0.0
2026-09-22 04:47:30,20260921,5,4,1-6-2,4.12,45.7,188.06,1.883,100.0,settled,1-3-4,0,0,0.0
2026-09-22 04:47:30,20260921,5,4,1-6-3,2.7,75.1,202.4,2.028,100.0,settled,1-3-4,0,0,0.0
2026-09-22 04:47:30,20260921,5,4,1-6-4,2.01,96.5,193.75,1.94,100.0,settled,1-3-4,0,0,0.0
2026-09-22 04:47:30,20260921,5,4,1-6-5,1.01,100.0,101.18,1.01,100.0,settled,1-3-4,0,0,0.0
2026-09-22 04:47:30,20260921,5,5,1-3-6,4.59,32.2,147.65,1.478,100.0,settled,1-3-4,0,0,0.0
2026-09-22 04:47:30,20260921,5,5,1-4-6,5.01,34.4,172.51,1.723,100.0,settled,1-3-4,0,0,0.0
2026-09-22 04:47:30,20260921,5,5,1-5-3,2.72,46.9,127.75,1.276,100.0,settled,1-3-4,0,0,0.0
2026-09-22 04:47:30,20260921,5,5,1-5-4,2.87,47.6,136.69,1.366,100.0,settled,1-3-4,0,0,0.0
2026-09-22 04:47:30,20260921,5,5,1-5-6,2.67,65.5,175.0,1.749,100.0,settled,1-3-4,0,0,0.0
2026-09-22 04:47:30,20260921,5,5,1-6-3,1.38,97.2,134.34,1.341,100.0,settled,1-3-4,0,0,0.0
2026-09-22 04:47:30,20260921,5,5,1-6-4,1.87,90.1,168.71,1.685,100.0,settled,1-3-4,0,0,0.0
2026-09-22 04:47:30,20260921,5,5,1-6-5,1.29,117.0,151.08,1.509,100.0,settled,1-3-4,0,0,0.0
2026-09-22 04:47:30,20260921,5,6,1-2-3,5.31,30.6,162.43,1.625,100.0,settled,1-3-4,0,0,0.0
2026-09-22 04:47:30,20260921,5,6,1-2-6,3.68,45.9,168.74,1.689,100.0,settled,1-3-4,0,0,0.0
2026-09-22 04:47:30,20260921,5,6,1-3-2,3.59,33.0,118.33,1.185,100.0,settled,1-3-4,0,0,0.0
2026-09-22 04:47:30,20260921,5,6,1-3-6,3.48,33.1,115.31,1.152,100.0,settled,1-3-4,0,0,0.0
2026-09-22 04:47:30,20260921,5,6,1-6-2,1.98,89.5,177.39,1.772,100.0,settled,1-3-4,0,0,0.0
2026-09-22 04:47:30,20260921,5,6,1-6-3,1.94,83.2,161.11,1.614,100.0,settled,1-3-4,0,0,0.0
2026-09-22 04:47:30,20260921,5,6,1-6-4,3.0,34.2,102.54,1.026,100.0,settled,1-3-4,0,0,0.0
2026-09-22 04:47:30,20260921,5,7,1-2-3,5.61,21.9,122.93,1.229,100.0,settled,4-2-1,0,0,0.0
2026-09-22 04:47:30,20260921,5,7,1-2-6,16.03,37.8,605.92,6.059,100.0,settled,4-2-1,0,0,0.0
2026-09-22 04:47:30,20260921,5,7,1-4-6,4.85,21.8,105.67,1.057,100.0,settled,4-2-1,0,0,0.0
2026-09-22 04:47:30,20260921,5,7,1-6-2,6.4,112.4,719.46,7.194,100.0,settled,4-2-1,0,0,0.0
2026-09-22 04:47:30,20260921,5,7,1-6-3,1.22,136.9,167.65,1.67,100.0,settled,4-2-1,0,0,0.0
2026-09-22 04:47:30,20260921,5,7,1-6-4,3.37,93.6,315.54,3.154,100.0,settled,4-2-1,0,0,0.0
2026-09-22 04:47:30,20260921,5,7,1-6-5,1.99,115.3,229.46,2.294,100.0,settled,4-2-1,0,0,0.0
2026-09-22 04:47:30,20260921,5,9,1-2-4,2.69,54.1,145.44,1.455,100.0,settled,2-1-6,0,0,0.0
2026-09-22 04:47:30,20260921,5,9,1-2-5,1.51,84.4,127.71,1.274,100.0,settled,2-1-6,0,0,0.0
2026-09-22 04:47:30,20260921,5,9,1-2-6,2.23,48.5,108.18,1.082,100.0,settled,2-1-6,0,0,0.0
2026-09-22 04:47:30,20260921,5,9,1-4-2,2.33,45.9,107.05,1.069,100.0,settled,2-1-6,0,0,0.0
2026-09-22 04:47:30,20260921,5,10,1-2-6,8.38,21.4,179.24,1.793,100.0,settled,1-3-6,0,0,0.0
2026-09-22 04:47:30,20260921,5,10,1-4-2,4.49,26.8,120.26,1.203,100.0,settled,1-3-6,0,0,0.0
2026-09-22 04:47:30,20260921,5,10,1-4-3,3.14,34.5,108.17,1.083,100.0,settled,1-3-6,0,0,0.0
2026-09-22 04:47:30,20260921,5,10,1-4-6,4.19,59.0,247.11,2.472,100.0,settled,1-3-6,0,0,0.0
2026-09-22 04:47:30,20260921,5,10,1-5-6,2.27,52.7,119.56,1.196,100.0,settled,1-3-6,0,0,0.0
2026-09-22 04:47:30,20260921,5,10,1-6-2,2.72,66.3,180.64,1.803,100.0,settled,1-3-6,0,0,0.0
2026-09-22 04:47:30,20260921,5,10,1-6-4,2.0,130.5,261.04,2.61,100.0,settled,1-3-6,0,0,0.0
2026-09-22 04:47:30,20260921,5,10,1-6-5,1.44,105.8,151.95,1.524,100.0,settled,1-3-6,0,0,0.0
2026-09-22 04:47:30,20260921,5,11,1-4-5,2.98,37.1,110.54,1.106,100.0,settled,1-2-3,0,0,0.0
2026-09-22 04:47:30,20260921,5,11,1-4-6,5.8,23.3,135.03,1.351,100.0,settled,1-2-3,0,0,0.0
2026-09-22 04:47:30,20260921,5,11,1-6-4,2.54,47.1,119.44,1.196,100.0,settled,1-2-3,0,0,0.0
2026-09-22 04:47:30,20260921,5,12,1-2-6,2.92,55.5,162.01,1.621,100.0,settled,3-1-4,0,0,0.0
2026-09-22 04:47:30,20260921,5,12,1-3-6,3.15,51.6,162.6,1.625,100.0,settled,3-1-4,0,0,0.0
2026-09-22 04:47:30,20260921,5,12,1-4-6,3.26,77.4,252.22,2.523,100.0,settled,3-1-4,0,0,0.0
2026-09-22 04:47:30,20260921,5,12,1-5-6,3.33,78.9,263.0,2.627,100.0,settled,3-1-4,0,0,0.0
2026-09-22 04:47:30,20260921,5,12,1-6-2,1.17,216.8,253.09,2.537,100.0,settled,3-1-4,0,0,0.0
2026-09-22 04:47:30,20260921,5,12,1-6-3,1.22,222.8,270.9,2.718,100.0,settled,3-1-4,0,0,0.0
2026-09-22 04:47:30,20260921,5,12,1-6-4,1.38,256.6,354.18,3.541,100.0,settled,3-1-4,0,0,0.0
2026-09-22 04:47:30,20260921,5,12,1-6-5,1.5,230.0,344.06,3.45,100.0,settled,3-1-4,0,0,0.0
2026-09-22 04:47:30,20260921,6,1,1-2-4,3.32,61.1,203.15,2.029,100.0,settled,2-3-4,0,0,0.0
2026-09-22 04:47:30,20260921,6,1,1-2-5,3.51,67.9,238.66,2.383,100.0,settled,2-3-4,0,0,0.0
2026-09-22 04:47:30,20260921,6,1,1-4-2,4.46,58.9,262.51,2.627,100.0,settled,2-3-4,0,0,0.0
2026-09-22 04:47:30,20260921,6,1,1-4-5,7.91,26.6,210.36,2.104,100.0,settled,2-3-4,0,0,0.0
2026-09-22 04:47:30,20260921,6,1,1-4-6,1.36,75.5,102.94,1.027,100.0,settled,2-3-4,0,0,0.0
2026-09-22 04:47:30,20260921,6,1,1-5-2,3.7,85.5,316.46,3.164,100.0,settled,2-3-4,0,0,0.0
2026-09-22 04:47:30,20260921,6,1,1-5-3,3.01,47.9,144.23,1.442,100.0,settled,2-3-4,0,0,0.0
2026-09-22 04:47:30,20260921,6,1,1-5-4,6.38,52.8,336.61,3.369,100.0,settled,2-3-4,0,0,0.0
2026-09-22 04:47:30,20260921,6,3,1-6-3,0.29,463.3,135.79,1.344,100.0,settled,2-6-5,0,0,0.0
2026-09-22 04:47:30,20260921,6,3,1-6-5,0.35,395.8,136.83,1.385,100.0,settled,2-6-5,0,0,0.0
2026-09-22 04:47:30,20260921,6,4,1-2-6,1.33,102.5,136.46,1.363,100.0,settled,2-6-3,0,0,0.0
2026-09-22 04:47:30,20260921,6,4,1-3-6,3.04,97.5,296.33,2.964,100.0,settled,2-6-3,0,0,0.0
2026-09-22 04:47:30,20260921,6,4,1-5-3,5.06,40.0,202.21,2.024,100.0,settled,2-6-3,0,0,0.0
2026-09-22 04:47:30,20260921,6,4,1-5-6,2.13,125.6,267.39,2.675,100.0,settled,2-6-3,0,0,0.0
2026-09-22 04:47:30,20260921,6,4,1-6-2,0.64,312.5,199.66,2.0,100.0,settled,2-6-3,0,0,0.0
2026-09-22 04:47:30,20260921,6,4,1-6-3,1.27,406.4,515.64,5.161,100.0,settled,2-6-3,0,0,0.0
2026-09-22 04:47:30,20260921,6,4,1-6-4,0.66,309.5,204.58,2.043,100.0,settled,2-6-3,0,0,0.0
2026-09-22 04:47:30,20260921,6,4,1-6-5,1.01,319.9,323.8,3.231,100.0,settled,2-6-3,0,0,0.0
2026-09-22 04:47:30,20260921,6,5,1-6-3,1.17,122.8,143.27,1.437,100.0,settled,3-1-4,0,0,0.0
2026-09-22 04:47:30,20260921,6,6,1-2-4,4.15,33.3,138.19,1.382,100.0,settled,5-2-1,0,0,0.0
2026-09-22 04:47:30,20260921,6,6,1-2-6,2.63,130.5,342.99,3.432,100.0,settled,5-2-1,0,0,0.0
2026-09-22 04:47:30,20260921,6,6,1-4-2,3.14,62.4,195.97,1.959,100.0,settled,5-2-1,0,0,0.0
2026-09-22 04:47:30,20260921,6,6,1-4-3,2.26,46.7,105.44,1.055,100.0,settled,5-2-1,0,0,0.0
2026-09-22 04:47:30,20260921,6,6,1-4-6,1.97,155.7,307.37,3.067,100.0,settled,5-2-1,0,0,0.0
2026-09-22 04:47:30,20260921,6,6,1-6-2,1.03,325.4,334.25,3.352,100.0,settled,5-2-1,0,0,0.0
2026-09-22 04:47:30,20260921,6,6,1-6-3,0.65,216.3,140.14,1.406,100.0,settled,5-2-1,0,0,0.0
2026-09-22 04:47:30,20260921,6,6,1-6-4,0.86,332.3,286.04,2.858,100.0,settled,5-2-1,0,0,0.0
2026-09-22 04:47:30,20260921,6,7,1-2-6,0.92,158.5,145.65,1.458,100.0,settled,2-1-5,0,0,0.0
2026-09-22 04:47:30,20260921,6,7,1-4-5,0.93,141.9,131.74,1.32,100.0,settled,2-1-5,0,0,0.0
2026-09-22 04:47:30,20260921,6,7,1-5-4,1.08,111.4,120.62,1.203,100.0,settled,2-1-5,0,0,0.0
2026-09-22 04:47:30,20260921,6,7,1-5-6,1.11,158.3,175.55,1.757,100.0,settled,2-1-5,0,0,0.0
2026-09-22 04:47:30,20260921,6,7,1-6-2,0.43,472.4,204.6,2.031,100.0,settled,2-1-5,0,0,0.0
2026-09-22 04:47:30,20260921,6,7,1-6-3,0.15,946.8,139.37,1.42,100.0,settled,2-1-5,0,0,0.0
2026-09-22 04:47:30,20260921,6,7,1-6-4,0.24,1057.0,253.36,2.537,100.0,settled,2-1-5,0,0,0.0
2026-09-22 04:47:30,20260921,6,7,1-6-5,0.85,546.6,467.29,4.646,100.0,settled,2-1-5,0,0,0.0
2026-09-22 04:47:30,20260921,6,8,1-2-5,0.99,118.1,116.43,1.169,100.0,settled,1-2-5,1,11810.0,11810.0
2026-09-22 04:47:30,20260921,6,8,1-2-6,0.78,152.7,118.62,1.191,100.0,settled,1-2-5,0,0,0.0
2026-09-22 04:47:30,20260921,6,8,1-5-2,0.94,157.0,147.69,1.476,100.0,settled,1-2-5,0,0,0.0
2026-09-22 04:47:30,20260921,6,8,1-5-3,1.13,102.3,116.1,1.156,100.0,settled,1-2-5,0,0,0.0
2026-09-22 04:47:30,20260921,6,8,1-5-6,1.45,71.6,103.79,1.038,100.0,settled,1-2-5,0,0,0.0
2026-09-22 04:47:30,20260921,6,9,1-4-2,6.0,21.2,127.21,1.272,100.0,settled,2-4-5,0,0,0.0
2026-09-22 04:47:30,20260921,6,9,1-4-3,1.73,69.0,119.53,1.194,100.0,settled,2-4-5,0,0,0.0
2026-09-22 04:47:30,20260921,6,9,1-4-6,1.7,82.9,140.74,1.409,100.0,settled,2-4-5,0,0,0.0
2026-09-22 04:47:30,20260921,6,9,1-6-4,0.56,245.6,137.41,1.375,100.0,settled,2-4-5,0,0,0.0
2026-09-22 04:47:30,20260921,6,9,1-6-5,0.7,145.0,101.08,1.015,100.0,settled,2-4-5,0,0,0.0
2026-09-22 04:47:30,20260921,6,10,1-2-3,7.75,23.3,180.6,1.806,100.0,settled,1-3-5,0,0,0.0
2026-09-22 04:47:30,20260921,6,10,1-2-4,3.47,72.5,251.8,2.516,100.0,settled,1-3-5,0,0,0.0
2026-09-22 04:47:30,20260921,6,10,1-4-2,1.35,136.0,183.03,1.836,100.0,settled,1-3-5,0,0,0.0
2026-09-22 04:47:30,20260921,6,10,1-4-3,0.74,178.3,132.37,1.319,100.0,settled,1-3-5,0,0,0.0
2026-09-22 04:47:30,20260921,6,10,1-4-5,2.25,79.9,179.43,1.798,100.0,settled,1-3-5,0,0,0.0
2026-09-22 04:47:30,20260921,6,10,1-5-4,3.22,39.8,128.28,1.282,100.0,settled,1-3-5,0,0,0.0
2026-09-22 04:47:30,20260921,6,11,1-4-6,2.19,101.4,221.63,2.221,100.0,settled,1-3-4,0,0,0.0
2026-09-22 04:47:30,20260921,6,11,1-5-2,2.34,99.5,232.43,2.328,100.0,settled,1-3-4,0,0,0.0
2026-09-22 04:47:30,20260921,6,11,1-5-3,3.22,105.7,340.26,3.404,100.0,settled,1-3-4,0,0,0.0
2026-09-22 04:47:30,20260921,6,11,1-5-4,1.34,162.7,218.62,2.18,100.0,settled,1-3-4,0,0,0.0
2026-09-22 04:47:30,20260921,6,11,1-5-6,1.91,205.5,393.04,3.925,100.0,settled,1-3-4,0,0,0.0
2026-09-22 04:47:30,20260921,6,11,1-6-2,1.3,148.9,193.69,1.936,100.0,settled,1-3-4,0,0,0.0
2026-09-22 04:47:30,20260921,6,11,1-6-3,1.55,152.2,235.21,2.359,100.0,settled,1-3-4,0,0,0.0
2026-09-22 04:47:30,20260921,6,11,1-6-5,0.87,298.4,260.83,2.596,100.0,settled,1-3-4,0,0,0.0
2026-09-22 04:47:30,20260921,9,1,1-2-6,7.22,141.2,1019.08,10.195,100.0,settled,1-4-3,0,0,0.0
2026-09-22 04:47:30,20260921,9,1,1-3-6,1.52,155.0,235.85,2.356,100.0,settled,1-4-3,0,0,0.0
2026-09-22 04:47:30,20260921,9,1,1-4-6,0.79,224.5,176.59,1.774,100.0,settled,1-4-3,0,0,0.0
2026-09-22 04:47:30,20260921,9,1,1-6-2,2.07,335.7,695.17,6.949,100.0,settled,1-4-3,0,0,0.0
2026-09-22 04:47:30,20260921,9,1,1-6-3,0.83,449.1,372.89,3.728,100.0,settled,1-4-3,0,0,0.0
2026-09-22 04:47:30,20260921,9,1,1-6-4,0.43,508.7,219.0,2.187,100.0,settled,1-4-3,0,0,0.0
2026-09-22 04:47:30,20260921,9,1,1-6-5,0.22,623.1,137.33,1.371,100.0,settled,1-4-3,0,0,0.0
2026-09-22 04:47:30,20260921,9,2,1-2-4,8.14,55.2,449.28,4.493,100.0,settled,1-2-3,0,0,0.0
2026-09-22 04:47:30,20260921,9,2,1-3-4,3.32,47.2,156.86,1.567,100.0,settled,1-2-3,0,0,0.0
2026-09-22 04:47:30,20260921,9,2,1-4-2,3.6,165.8,597.08,5.969,100.0,settled,1-2-3,0,0,0.0
2026-09-22 04:47:30,20260921,9,2,1-4-3,2.95,133.5,394.29,3.938,100.0,settled,1-2-3,0,0,0.0
2026-09-22 04:47:30,20260921,9,2,1-4-5,0.78,200.6,156.71,1.565,100.0,settled,1-2-3,0,0,0.0
2026-09-22 04:47:30,20260921,9,3,1-3-2,2.96,38.9,115.11,1.151,100.0,settled,6-4-3,0,0,0.0
2026-09-22 04:47:30,20260921,9,3,1-3-5,0.67,164.2,109.69,1.1,100.0,settled,6-4-3,0,0,0.0
2026-09-22 04:47:30,20260921,9,3,1-4-5,0.26,710.6,182.27,1.848,100.0,settled,6-4-3,0,0,0.0
2026-09-22 04:47:30,20260921,9,3,1-5-6,0.18,598.6,108.83,1.077,100.0,settled,6-4-3,0,0,0.0
2026-09-22 04:47:30,20260921,9,3,1-6-5,0.36,281.0,100.35,1.012,100.0,settled,6-4-3,0,0,0.0
2026-09-22 04:47:30,20260921,9,4,1-2-5,3.71,30.6,113.39,1.135,100.0,settled,4-2-1,0,0,0.0
2026-09-22 04:47:30,20260921,9,4,1-2-6,0.49,465.0,229.8,2.278,100.0,settled,4-2-1,0,0,0.0
2026-09-22 04:47:30,20260921,9,4,1-4-6,0.57,356.8,204.13,2.034,100.0,settled,4-2-1,0,0,0.0
2026-09-22 04:47:30,20260921,9,4,1-5-2,1.9,68.7,130.43,1.305,100.0,settled,4-2-1,0,0,0.0
2026-09-22 04:47:30,20260921,9,4,1-5-4,2.37,53.8,127.68,1.275,100.0,settled,4-2-1,0,0,0.0
2026-09-22 04:47:30,20260921,9,4,1-5-6,0.25,643.6,160.77,1.609,100.0,settled,4-2-1,0,0,0.0
2026-09-22 04:47:30,20260921,9,4,1-6-5,0.08,1386.0,116.98,1.109,100.0,settled,4-2-1,0,0,0.0
2026-09-22 04:47:30,20260921,10,1,1-2-6,1.98,211.1,418.0,4.18,100.0,settled,3-1-5,0,0,0.0
2026-09-22 04:47:30,20260921,10,1,1-3-6,1.3,119.7,155.18,1.556,100.0,settled,3-1-5,0,0,0.0
2026-09-22 04:47:30,20260921,10,1,1-4-6,3.92,165.9,650.76,6.503,100.0,settled,3-1-5,0,0,0.0
2026-09-22 04:47:30,20260921,10,1,1-6-2,0.73,421.4,307.92,3.076,100.0,settled,3-1-5,0,0,0.0
2026-09-22 04:47:30,20260921,10,1,1-6-3,0.63,464.1,290.94,2.924,100.0,settled,3-1-5,0,0,0.0
2026-09-22 04:47:30,20260921,10,1,1-6-4,1.0,437.5,438.03,4.375,100.0,settled,3-1-5,0,0,0.0
2026-09-22 04:47:30,20260921,10,2,1-2-6,4.67,99.4,464.06,4.642,100.0,settled,1-4-2,0,0,0.0
2026-09-22 04:47:30,20260921,10,2,1-3-2,9.43,34.1,321.59,3.216,100.0,settled,1-4-2,0,0,0.0
2026-09-22 04:47:30,20260921,10,2,1-3-6,0.5,458.7,227.84,2.293,100.0,settled,1-4-2,0,0,0.0
2026-09-22 04:47:30,20260921,10,2,1-6-2,0.86,323.9,277.36,2.786,100.0,settled,1-4-2,0,0,0.0
2026-09-22 04:47:30,20260921,10,2,1-6-3,0.23,819.1,188.23,1.884,100.0,settled,1-4-2,0,0,0.0
2026-09-22 04:47:30,20260921,10,2,1-6-5,0.19,764.5,149.0,1.453,100.0,settled,1-4-2,0,0,0.0
2026-09-22 04:47:30,20260921,10,3,1-2-4,6.15,47.3,290.94,2.909,100.0,settled,3-1-2,0,0,0.0
2026-09-22 04:47:30,20260921,10,3,1-2-6,14.4,23.3,335.43,3.355,100.0,settled,3-1-2,0,0,0.0
2026-09-22 04:47:30,20260921,10,3,1-4-2,2.41,103.2,249.11,2.487,100.0,settled,3-1-2,0,0,0.0
2026-09-22 04:47:30,20260921,10,3,1-4-3,1.45,120.5,174.21,1.747,100.0,settled,3-1-2,0,0,0.0
2026-09-22 04:47:30,20260921,10,3,1-4-6,2.82,179.0,503.92,5.048,100.0,settled,3-1-2,0,0,0.0
2026-09-22 04:47:30,20260921,10,3,1-6-2,8.32,57.2,475.93,4.759,100.0,settled,3-1-2,0,0,0.0
2026-09-22 04:47:30,20260921,10,3,1-6-3,4.22,51.8,218.52,2.186,100.0,settled,3-1-2,0,0,0.0
2026-09-22 04:47:30,20260921,10,3,1-6-4,2.43,251.5,612.05,6.111,100.0,settled,3-1-2,0,0,0.0
2026-09-22 04:47:30,20260921,10,4,1-3-5,1.84,56.9,104.57,1.047,100.0,settled,4-6-2,0,0,0.0
2026-09-22 04:47:30,20260921,10,4,1-4-2,4.13,28.0,115.64,1.156,100.0,settled,4-6-2,0,0,0.0
2026-09-22 04:47:30,20260921,10,4,1-4-5,4.35,91.5,398.2,3.98,100.0,settled,4-6-2,0,0,0.0
2026-09-22 04:47:30,20260921,10,4,1-5-2,0.41,299.8,124.36,1.229,100.0,settled,4-6-2,0,0,0.0
2026-09-22 04:47:30,20260921,10,4,1-5-3,0.86,190.5,164.69,1.638,100.0,settled,4-6-2,0,0,0.0
2026-09-22 04:47:30,20260921,10,4,1-5-4,1.5,277.4,416.79,4.161,100.0,settled,4-6-2,0,0,0.0
2026-09-22 04:47:30,20260921,10,4,1-5-6,0.79,213.0,168.67,1.683,100.0,settled,4-6-2,0,0,0.0
2026-09-22 04:47:30,20260921,10,4,1-6-5,0.6,169.0,101.48,1.014,100.0,settled,4-6-2,0,0,0.0
2026-09-22 04:47:30,20260921,10,5,1-2-5,2.66,77.8,206.63,2.069,100.0,settled,1-2-3,0,0,0.0
2026-09-22 04:47:30,20260921,10,5,1-2-6,3.14,297.6,933.78,9.345,100.0,settled,1-2-3,0,0,0.0
2026-09-22 04:47:30,20260921,10,5,1-3-6,0.77,529.1,404.76,4.074,100.0,settled,1-2-3,0,0,0.0
2026-09-22 04:47:30,20260921,10,5,1-6-2,0.56,804.2,448.98,4.504,100.0,settled,1-2-3,0,0,0.0
2026-09-22 04:47:30,20260921,10,5,1-6-3,0.25,1511.0,382.28,3.777,100.0,settled,1-2-3,0,0,0.0
2026-09-22 04:47:30,20260921,10,5,1-6-5,0.06,2299.0,147.14,1.379,100.0,settled,1-2-3,0,0,0.0
2026-09-22 04:47:30,20260921,10,6,1-3-6,2.9,49.6,143.6,1.438,100.0,settled,6-1-5,0,0,0.0
2026-09-22 04:47:30,20260921,10,6,1-4-2,0.86,228.8,195.81,1.968,100.0,settled,6-1-5,0,0,0.0
2026-09-22 04:47:30,20260921,10,6,1-4-3,0.49,355.2,172.52,1.74,100.0,settled,6-1-5,0,0,0.0
2026-09-22 04:47:30,20260921,10,6,1-4-5,0.69,286.2,196.73,1.975,100.0,settled,6-1-5,0,0,0.0
2026-09-22 04:47:30,20260921,10,6,1-4-6,3.13,179.8,562.83,5.628,100.0,settled,6-1-5,0,0,0.0
2026-09-22 04:47:30,20260921,10,6,1-5-4,0.52,254.6,133.61,1.324,100.0,settled,6-1-5,0,0,0.0
2026-09-22 04:47:30,20260921,10,6,1-6-3,4.53,45.2,204.67,2.048,100.0,settled,6-1-5,0,0,0.0
2026-09-22 04:47:30,20260921,10,6,1-6-4,5.39,108.7,586.08,5.859,100.0,settled,6-1-5,0,0,0.0
2026-09-22 04:47:30,20260921,10,7,1-2-5,1.07,247.0,263.2,2.643,100.0,settled,2-1-4,0,0,0.0
2026-09-22 04:47:30,20260921,10,7,1-4-5,0.71,269.1,189.8,1.911,100.0,settled,2-1-4,0,0,0.0
2026-09-22 04:47:30,20260921,10,7,1-5-2,0.28,770.7,213.56,2.158,100.0,settled,2-1-4,0,0,0.0
2026-09-22 04:47:30,20260921,10,7,1-5-3,0.11,976.6,108.01,1.074,100.0,settled,2-1-4,0,0,0.0
2026-09-22 04:47:30,20260921,10,7,1-5-4,0.25,939.3,233.98,2.348,100.0,settled,2-1-4,0,0,0.0
2026-09-22 04:47:30,20260921,10,7,1-5-6,0.12,1013.0,121.26,1.216,100.0,settled,2-1-4,0,0,0.0
2026-09-22 04:47:30,20260921,10,7,1-6-5,0.14,904.8,126.31,1.267,100.0,settled,2-1-4,0,0,0.0
2026-09-22 04:47:30,20260921,10,8,1-3-2,3.66,47.1,172.42,1.724,100.0,settled,3-2-5,0,0,0.0
2026-09-22 04:47:30,20260921,12,1,1-2-3,5.5,26.6,146.43,1.463,100.0,settled,1-2-4,0,0,0.0
2026-09-22 04:47:30,20260921,12,1,1-3-2,11.83,62.6,740.41,7.406,100.0,settled,1-2-4,0,0,0.0
2026-09-22 04:47:30,20260921,12,1,1-3-4,3.07,94.9,291.12,2.913,100.0,settled,1-2-4,0,0,0.0
2026-09-22 04:47:30,20260921,12,1,1-3-5,4.05,84.1,340.61,3.406,100.0,settled,1-2-4,0,0,0.0
2026-09-22 04:47:30,20260921,12,1,1-3-6,2.93,143.2,419.86,4.196,100.0,settled,1-2-4,0,0,0.0
2026-09-22 04:47:30,20260921,12,1,1-4-3,2.15,74.4,160.12,1.6,100.0,settled,1-2-4,0,0,0.0
2026-09-22 04:47:30,20260921,12,1,1-5-3,2.88,101.7,292.59,2.929,100.0,settled,1-2-4,0,0,0.0
2026-09-22 04:47:30,20260921,12,1,1-6-3,1.92,225.1,431.18,4.322,100.0,settled,1-2-4,0,0,0.0
2026-09-22 04:47:30,20260921,12,2,1-3-4,4.64,70.3,326.32,3.262,100.0,settled,1-5-4,0,0,0.0
2026-09-22 04:47:30,20260921,12,2,1-3-6,1.09,171.5,186.83,1.869,100.0,settled,1-5-4,0,0,0.0
2026-09-22 04:47:30,20260921,12,2,1-4-2,2.62,62.6,163.84,1.64,100.0,settled,1-5-4,0,0,0.0
2026-09-22 04:47:30,20260921,12,2,1-4-3,3.86,111.8,431.87,4.315,100.0,settled,1-5-4,0,0,0.0
2026-09-22 04:47:30,20260921,12,2,1-4-5,2.18,81.6,177.83,1.779,100.0,settled,1-5-4,0,0,0.0
2026-09-22 04:47:30,20260921,12,2,1-4-6,0.83,283.7,236.18,2.355,100.0,settled,1-5-4,0,0,0.0
2026-09-22 04:47:30,20260921,12,2,1-6-3,0.19,656.8,124.0,1.248,100.0,settled,1-5-4,0,0,0.0
2026-09-22 04:47:30,20260921,12,3,1-2-5,7.68,33.9,260.3,2.604,100.0,settled,1-3-2,0,0,0.0
2026-09-22 04:47:30,20260921,12,3,1-2-6,1.15,155.9,179.1,1.793,100.0,settled,1-3-2,0,0,0.0
2026-09-22 04:47:30,20260921,12,3,1-3-2,12.34,20.4,251.83,2.517,100.0,settled,1-3-2,1,2040.0,2040.0
2026-09-22 04:47:30,20260921,12,3,1-3-6,1.15,167.2,192.63,1.923,100.0,settled,1-3-2,0,0,0.0
2026-09-22 04:47:30,20260921,12,3,1-5-2,4.67,68.8,321.32,3.213,100.0,settled,1-3-2,0,0,0.0
2026-09-22 04:47:30,20260921,12,3,1-5-3,5.39,51.2,276.18,2.76,100.0,settled,1-3-2,0,0,0.0
2026-09-22 04:47:30,20260921,12,3,1-5-6,0.71,309.5,220.98,2.197,100.0,settled,1-3-2,0,0,0.0
2026-09-22 04:47:30,20260921,12,3,1-6-5,0.18,674.3,119.15,1.214,100.0,settled,1-3-2,0,0,0.0
2026-09-22 04:47:30,20260921,12,4,1-2-6,0.5,272.7,136.98,1.363,100.0,settled,4-2-3,0,0,0.0
2026-09-22 04:47:30,20260921,12,5,1-2-5,2.85,54.3,154.75,1.548,100.0,settled,1-2-5,1,5430.0,5430.0
2026-09-22 04:47:30,20260921,12,5,1-5-2,0.81,143.3,116.59,1.161,100.0,settled,1-2-5,0,0,0.0
2026-09-22 04:47:30,20260921,12,5,1-6-3,2.79,38.5,107.37,1.074,100.0,settled,1-2-5,0,0,0.0
2026-09-22 04:47:30,20260921,12,5,1-6-5,2.01,59.0,118.54,1.186,100.0,settled,1-2-5,0,0,0.0
2026-09-22 04:47:30,20260921,12,6,1-3-2,1.37,84.8,116.35,1.162,100.0,settled,3-2-4,0,0,0.0
2026-09-22 04:47:30,20260921,12,7,1-3-2,3.6,119.7,431.35,4.309,100.0,settled,1-2-5,0,0,0.0
2026-09-22 04:47:30,20260921,12,7,1-3-4,2.8,185.1,519.04,5.183,100.0,settled,1-2-5,0,0,0.0
2026-09-22 04:47:30,20260921,12,7,1-3-6,0.63,544.5,341.84,3.43,100.0,settled,1-2-5,0,0,0.0
2026-09-22 04:47:30,20260921,12,7,1-4-2,9.19,22.3,204.95,2.049,100.0,settled,1-2-5,0,0,0.0
2026-09-22 04:47:30,20260921,12,7,1-4-3,5.46,116.4,635.68,6.355,100.0,settled,1-2-5,0,0,0.0
2026-09-22 04:47:30,20260921,12,7,1-4-6,2.8,142.1,398.52,3.979,100.0,settled,1-2-5,0,0,0.0
2026-09-22 04:47:30,20260921,12,7,1-6-3,0.23,830.4,188.83,1.91,100.0,settled,1-2-5,0,0,0.0
2026-09-22 04:47:30,20260921,12,7,1-6-4,0.5,542.7,273.2,2.714,100.0,settled,1-2-5,0,0,0.0
2026-09-22 04:47:30,20260921,12,8,1-4-6,0.27,395.7,106.76,1.068,100.0,settled,1-2-3,0,0,0.0
2026-09-22 04:47:30,20260921,12,9,1-2-3,2.59,51.0,132.33,1.321,100.0,settled,4-5-2,0,0,0.0
2026-09-22 04:47:30,20260921,12,9,1-2-6,1.71,58.8,100.56,1.005,100.0,settled,4-5-2,0,0,0.0
2026-09-22 04:47:30,20260921,12,9,1-3-2,1.69,95.5,161.76,1.614,100.0,settled,4-5-2,0,0,0.0
2026-09-22 04:47:30,20260921,12,9,1-4-3,1.54,87.4,134.61,1.346,100.0,settled,4-5-2,0,0,0.0
2026-09-22 04:47:30,20260921,12,9,1-5-3,0.91,137.6,125.79,1.252,100.0,settled,4-5-2,0,0,0.0
2026-09-22 04:47:30,20260921,12,10,1-4-3,6.05,66.1,399.63,3.999,100.0,settled,3-2-4,0,0,0.0
2026-09-22 04:47:30,20260921,12,10,1-4-5,3.75,92.7,347.26,3.476,100.0,settled,3-2-4,0,0,0.0
2026-09-22 04:47:30,20260921,12,10,1-4-6,2.89,179.8,520.14,5.196,100.0,settled,3-2-4,0,0,0.0
2026-09-22 04:47:30,20260921,12,10,1-5-4,2.12,134.5,285.34,2.851,100.0,settled,3-2-4,0,0,0.0
2026-09-22 04:47:30,20260921,12,10,1-5-6,1.4,188.6,264.83,2.64,100.0,settled,3-2-4,0,0,0.0
2026-09-22 04:47:30,20260921,12,10,1-6-3,0.96,352.3,338.1,3.382,100.0,settled,3-2-4,0,0,0.0
2026-09-22 04:47:30,20260921,12,10,1-6-4,0.91,518.0,472.78,4.714,100.0,settled,3-2-4,0,0,0.0
2026-09-22 04:47:30,20260921,12,10,1-6-5,0.67,471.8,315.92,3.161,100.0,settled,3-2-4,0,0,0.0
2026-09-22 04:47:30,20260921,12,11,1-3-5,8.63,28.8,248.56,2.485,100.0,settled,5-2-1,0,0,0.0
2026-09-22 04:47:30,20260921,12,11,1-5-3,4.39,64.2,281.94,2.818,100.0,settled,5-2-1,0,0,0.0
2026-09-22 04:47:30,20260921,12,11,1-5-6,2.8,43.2,121.01,1.21,100.0,settled,5-2-1,0,0,0.0
2026-09-22 04:47:30,20260921,12,12,1-4-2,4.73,27.2,128.56,1.287,100.0,settled,1-3-2,0,0,0.0
2026-09-22 04:47:30,20260921,12,12,1-4-5,4.55,46.6,212.18,2.12,100.0,settled,1-3-2,0,0,0.0
2026-09-22 04:47:30,20260921,12,12,1-4-6,2.46,79.8,196.24,1.963,100.0,settled,1-3-2,0,0,0.0
2026-09-22 04:47:30,20260921,12,12,1-5-4,1.82,91.3,166.03,1.662,100.0,settled,1-3-2,0,0,0.0
2026-09-22 04:47:30,20260921,12,12,1-6-4,0.46,247.2,114.28,1.137,100.0,settled,1-3-2,0,0,0.0
2026-09-22 04:47:30,20260921,13,1,1-2-5,2.79,66.2,184.91,1.847,100.0,settled,1-2-4,0,0,0.0
2026-09-22 04:47:30,20260921,13,1,1-2-6,3.1,146.1,452.9,4.529,100.0,settled,1-2-4,0,0,0.0
2026-09-22 04:47:30,20260921,13,1,1-4-5,1.56,93.7,145.73,1.462,100.0,settled,1-2-4,0,0,0.0
2026-09-22 04:47:30,20260921,13,1,1-4-6,1.44,200.0,288.8,2.88,100.0,settled,1-2-4,0,0,0.0
2026-09-22 04:47:30,20260921,13,1,1-6-2,1.05,428.5,450.14,4.499,100.0,settled,1-2-4,0,0,0.0
2026-09-22 04:47:30,20260921,13,1,1-6-3,0.62,372.5,232.14,2.309,100.0,settled,1-2-4,0,0,0.0
2026-09-22 04:47:30,20260921,13,1,1-6-4,0.56,438.9,246.62,2.458,100.0,settled,1-2-4,0,0,0.0
2026-09-22 04:47:30,20260921,13,1,1-6-5,0.24,612.5,144.61,1.47,100.0,settled,1-2-4,0,0,0.0
2026-09-22 04:47:30,20260921,13,2,1-2-6,1.56,146.6,229.25,2.287,100.0,settled,1-3-5,0,0,0.0
2026-09-22 04:47:30,20260921,13,2,1-3-6,0.66,168.5,111.06,1.112,100.0,settled,1-3-5,0,0,0.0
2026-09-22 04:47:30,20260921,13,2,1-4-6,1.15,178.1,204.01,2.048,100.0,settled,1-3-5,0,0,0.0
2026-09-22 04:47:30,20260921,13,2,1-5-6,0.84,143.0,120.66,1.201,100.0,settled,1-3-5,0,0,0.0
2026-09-22 04:47:30,20260921,13,2,1-6-2,0.95,348.7,331.3,3.313,100.0,settled,1-3-5,0,0,0.0
2026-09-22 04:47:30,20260921,13,2,1-6-3,0.62,420.7,260.71,2.608,100.0,settled,1-3-5,0,0,0.0
2026-09-22 04:47:30,20260921,13,2,1-6-4,0.85,334.4,282.84,2.842,100.0,settled,1-3-5,0,0,0.0
2026-09-22 04:47:30,20260921,13,2,1-6-5,0.92,279.7,258.69,2.573,100.0,settled,1-3-5,0,0,0.0
2026-09-22 04:47:30,20260921,13,3,1-3-5,2.7,70.4,189.88,1.901,100.0,settled,1-4-3,0,0,0.0
2026-09-22 04:47:30,20260921,13,3,1-3-6,5.16,48.2,248.9,2.487,100.0,settled,1-4-3,0,0,0.0
2026-09-22 04:47:30,20260921,13,3,1-5-3,1.48,192.0,283.35,2.842,100.0,settled,1-4-3,0,0,0.0
2026-09-22 04:47:30,20260921,13,3,1-5-4,1.44,152.6,219.26,2.197,100.0,settled,1-4-3,0,0,0.0
2026-09-22 04:47:30,20260921,13,3,1-5-6,1.62,228.3,369.3,3.698,100.0,settled,1-4-3,0,0,0.0
2026-09-22 04:47:30,20260921,13,3,1-6-3,3.6,90.3,325.52,3.251,100.0,settled,1-4-3,0,0,0.0
2026-09-22 04:47:30,20260921,13,3,1-6-4,3.61,61.3,221.0,2.213,100.0,settled,1-4-3,0,0,0.0
2026-09-22 04:47:30,20260921,13,3,1-6-5,1.7,149.1,253.57,2.535,100.0,settled,1-4-3,0,0,0.0
2026-09-22 04:47:30,20260921,13,4,1-3-2,6.85,22.3,152.74,1.528,100.0,settled,1-4-6,0,0,0.0
2026-09-22 04:47:30,20260921,13,4,1-3-4,8.66,32.7,283.14,2.832,100.0,settled,1-4-6,0,0,0.0
2026-09-22 04:47:30,20260921,13,4,1-3-5,2.3,76.2,175.02,1.753,100.0,settled,1-4-6,0,0,0.0
2026-09-22 04:47:30,20260921,13,4,1-3-6,8.41,32.9,276.79,2.767,100.0,settled,1-4-6,0,0,0.0
2026-09-22 04:47:30,20260921,13,4,1-4-3,4.86,30.3,147.35,1.473,100.0,settled,1-4-6,0,0,0.0
2026-09-22 04:47:30,20260921,13,4,1-6-3,3.67,44.6,163.89,1.637,100.0,settled,1-4-6,0,0,0.0
2026-09-22 04:47:30,20260921,13,5,1-6-3,4.21,28.7,120.89,1.208,100.0,settled,1-3-6,0,0,0.0
2026-09-22 04:47:30,20260921,13,6,1-2-5,2.43,70.5,171.66,1.713,100.0,settled,1-2-3,0,0,0.0
2026-09-22 04:47:30,20260921,13,6,1-2-6,1.48,135.0,200.12,1.998,100.0,settled,1-2-3,0,0,0.0
2026-09-22 04:47:30,20260921,13,6,1-3-5,1.4,79.6,111.66,1.114,100.0,settled,1-2-3,0,0,0.0
2026-09-22 04:47:30,20260921,13,6,1-3-6,0.82,149.4,122.63,1.225,100.0,settled,1-2-3,0,0,0.0
2026-09-22 04:47:30,20260921,13,6,1-5-2,0.67,232.2,155.69,1.556,100.0,settled,1-2-3,0,0,0.0
2026-09-22 04:47:30,20260921,13,6,1-5-3,0.53,251.0,132.7,1.33,100.0,settled,1-2-3,0,0,0.0
2026-09-22 04:47:30,20260921,13,6,1-5-4,0.69,155.3,106.99,1.072,100.0,settled,1-2-3,0,0,0.0
2026-09-22 04:47:30,20260921,13,6,1-6-2,0.3,338.7,102.56,1.016,100.0,settled,1-2-3,0,0,0.0
2026-09-22 04:47:30,20260921,13,7,1-3-6,2.95,35.4,104.27,1.044,100.0,settled,1-2-3,0,0,0.0
2026-09-22 04:47:30,20260921,13,7,1-5-2,5.43,31.3,170.08,1.7,100.0,settled,1-2-3,0,0,0.0
2026-09-22 04:47:30,20260921,13,7,1-5-3,2.24,68.4,153.03,1.532,100.0,settled,1-2-3,0,0,0.0
2026-09-22 04:47:30,20260921,13,7,1-5-6,2.93,61.6,180.48,1.805,100.0,settled,1-2-3,0,0,0.0
2026-09-22 04:47:30,20260921,13,7,1-6-2,3.73,33.4,124.65,1.246,100.0,settled,1-2-3,0,0,0.0
2026-09-22 04:47:30,20260921,13,7,1-6-3,1.51,86.6,131.17,1.308,100.0,settled,1-2-3,0,0,0.0
2026-09-22 04:47:30,20260921,13,7,1-6-5,1.81,95.2,172.76,1.723,100.0,settled,1-2-3,0,0,0.0
2026-09-22 04:47:30,20260921,13,8,1-2-4,9.45,25.5,241.09,2.41,100.0,settled,1-3-2,0,0,0.0
2026-09-22 04:47:30,20260921,13,8,1-4-2,8.66,35.1,304.0,3.04,100.0,settled,1-3-2,0,0,0.0
2026-09-22 04:47:30,20260921,13,8,1-4-3,6.42,21.1,135.42,1.355,100.0,settled,1-3-2,0,0,0.0
2026-09-22 04:47:30,20260921,13,9,1-2-5,6.13,31.4,192.45,1.925,100.0,settled,1-6-2,0,0,0.0
2026-09-22 04:47:30,20260921,13,9,1-3-5,3.2,33.7,107.84,1.078,100.0,settled,1-6-2,0,0,0.0
2026-09-22 04:47:30,20260921,13,9,1-4-5,3.97,32.1,127.36,1.274,100.0,settled,1-6-2,0,0,0.0
2026-09-22 04:47:30,20260921,13,9,1-5-2,4.31,57.3,247.07,2.47,100.0,settled,1-6-2,0,0,0.0
2026-09-22 04:47:30,20260921,13,9,1-5-3,3.6,74.5,268.07,2.682,100.0,settled,1-6-2,0,0,0.0
2026-09-22 04:47:30,20260921,13,9,1-5-4,3.3,71.1,234.49,2.346,100.0,settled,1-6-2,0,0,0.0
2026-09-22 04:47:30,20260921,13,9,1-5-6,4.72,38.2,180.12,1.803,100.0,settled,1-6-2,0,0,0.0
2026-09-22 04:47:30,20260921,13,10,1-2-6,3.0,62.8,188.16,1.884,100.0,settled,1-2-5,0,0,0.0
2026-09-22 04:47:30,20260921,13,10,1-3-5,3.77,31.9,120.3,1.203,100.0,settled,1-2-5,0,0,0.0
2026-09-22 04:47:30,20260921,13,10,1-3-6,1.66,108.9,180.48,1.808,100.0,settled,1-2-5,0,0,0.0
2026-09-22 04:47:30,20260921,13,10,1-4-6,1.53,71.4,109.06,1.092,100.0,settled,1-2-5,0,0,0.0
2026-09-22 04:47:30,20260921,13,10,1-5-3,2.45,51.9,127.21,1.272,100.0,settled,1-2-5,0,0,0.0
2026-09-22 04:47:30,20260921,13,11,1-4-2,4.98,43.6,217.26,2.171,100.0,settled,1-3-6,0,0,0.0
2026-09-22 04:47:30,20260921,13,11,1-4-3,6.57,35.4,232.45,2.326,100.0,settled,1-3-6,0,0,0.0
2026-09-22 04:47:30,20260921,13,12,1-4-2,8.8,26.7,234.92,2.35,100.0,settled,3-1-2,0,0,0.0
2026-09-22 04:47:30,20260921,13,12,1-4-3,11.47,22.2,254.7,2.546,100.0,settled,3-1-2,0,0,0.0
2026-09-22 04:47:30,20260921,13,12,1-4-6,2.69,49.6,133.57,1.334,100.0,settled,3-1-2,0,0,0.0
2026-09-22 04:47:30,20260921,15,1,1-2-5,2.88,54.2,156.23,1.561,100.0,settled,4-1-3,0,0,0.0
2026-09-22 04:47:30,20260921,15,1,1-3-2,5.57,27.6,153.69,1.537,100.0,settled,4-1-3,0,0,0.0
2026-09-22 04:47:30,20260921,15,1,1-5-2,1.34,79.5,106.48,1.065,100.0,settled,4-1-3,0,0,0.0
2026-09-22 04:47:30,20260921,15,2,1-2-5,1.68,97.6,163.54,1.64,100.0,settled,3-2-5,0,0,0.0
2026-09-22 04:47:30,20260921,15,2,1-2-6,1.61,82.0,131.86,1.32,100.0,settled,3-2-5,0,0,0.0
2026-09-22 04:47:30,20260921,15,2,1-5-2,0.82,136.7,112.52,1.121,100.0,settled,3-2-5,0,0,0.0
2026-09-22 04:47:30,20260921,15,2,1-5-3,1.32,83.4,110.33,1.101,100.0,settled,3-2-5,0,0,0.0
2026-09-22 04:47:30,20260921,15,3,1-4-2,0.74,176.9,131.63,1.309,100.0,settled,1-2-3,0,0,0.0
2026-09-22 04:47:30,20260921,15,3,1-4-3,0.74,148.7,110.32,1.1,100.0,settled,1-2-3,0,0,0.0
2026-09-22 04:47:30,20260921,15,4,1-5-4,3.96,30.3,120.12,1.2,100.0,settled,1-2-5,0,0,0.0
2026-09-22 04:47:30,20260921,15,5,1-2-4,2.08,111.5,231.51,2.319,100.0,settled,3-6-4,0,0,0.0
2026-09-22 04:47:30,20260921,15,5,1-2-6,2.91,68.8,200.28,2.002,100.0,settled,3-6-4,0,0,0.0
2026-09-22 04:47:30,20260921,15,5,1-4-2,0.96,230.6,221.31,2.214,100.0,settled,3-6-4,0,0,0.0
2026-09-22 04:47:30,20260921,15,5,1-4-5,1.03,241.0,248.74,2.482,100.0,settled,3-6-4,0,0,0.0
2026-09-22 04:47:30,20260921,15,5,1-4-6,0.73,350.8,257.35,2.561,100.0,settled,3-6-4,0,0,0.0
2026-09-22 04:47:30,20260921,15,5,1-5-4,1.29,138.9,178.67,1.792,100.0,settled,3-6-4,0,0,0.0
2026-09-22 04:47:30,20260921,15,5,1-6-2,1.31,163.0,214.13,2.135,100.0,settled,3-6-4,0,0,0.0
2026-09-22 04:47:30,20260921,15,5,1-6-4,0.58,414.8,239.59,2.406,100.0,settled,3-6-4,0,0,0.0
2026-09-22 04:47:30,20260921,15,6,1-2-4,4.38,32.5,142.26,1.423,100.0,settled,1-3-2,0,0,0.0
2026-09-22 04:47:30,20260921,15,6,1-2-5,1.67,201.7,336.17,3.368,100.0,settled,1-3-2,0,0,0.0
2026-09-22 04:47:30,20260921,15,6,1-2-6,0.86,199.9,171.31,1.719,100.0,settled,1-3-2,0,0,0.0
2026-09-22 04:47:30,20260921,15,6,1-3-5,2.66,56.7,150.61,1.508,100.0,settled,1-3-2,0,0,0.0
2026-09-22 04:47:30,20260921,15,6,1-4-5,1.21,139.6,168.29,1.689,100.0,settled,1-3-2,0,0,0.0
2026-09-22 04:47:30,20260921,15,6,1-5-2,0.67,413.7,278.54,2.772,100.0,settled,1-3-2,0,0,0.0
2026-09-22 04:47:30,20260921,15,6,1-5-3,0.98,250.7,245.86,2.457,100.0,settled,1-3-2,0,0,0.0
2026-09-22 04:47:30,20260921,15,6,1-5-4,0.46,441.7,203.89,2.032,100.0,settled,1-3-2,0,0,0.0
2026-09-22 04:47:30,20260921,15,7,1-3-2,4.47,31.9,142.58,1.426,100.0,settled,1-4-5,0,0,0.0
2026-09-22 04:47:30,20260921,15,7,1-3-4,2.72,54.0,146.76,1.469,100.0,settled,1-4-5,0,0,0.0
2026-09-22 04:47:30,20260921,15,7,1-3-5,2.99,51.5,154.19,1.54,100.0,settled,1-4-5,0,0,0.0
2026-09-22 04:47:30,20260921,15,7,1-3-6,4.11,46.6,191.41,1.915,100.0,settled,1-4-5,0,0,0.0
2026-09-22 04:47:30,20260921,15,7,1-4-3,1.56,71.4,111.15,1.114,100.0,settled,1-4-5,0,0,0.0
2026-09-22 04:47:30,20260921,15,7,1-5-3,1.83,68.2,124.57,1.248,100.0,settled,1-4-5,0,0,0.0
2026-09-22 04:47:30,20260921,15,7,1-6-3,2.24,62.1,139.36,1.391,100.0,settled,1-4-5,0,0,0.0
2026-09-22 04:47:30,20260921,15,8,1-2-3,3.06,47.6,145.77,1.457,100.0,settled,1-3-4,0,0,0.0
2026-09-22 04:47:30,20260921,15,8,1-2-5,1.81,128.7,233.1,2.329,100.0,settled,1-3-4,0,0,0.0
2026-09-22 04:47:30,20260921,15,8,1-2-6,3.08,62.1,191.4,1.913,100.0,settled,1-3-4,0,0,0.0
2026-09-22 04:47:30,20260921,15,8,1-5-2,1.24,203.1,252.29,2.518,100.0,settled,1-3-4,0,0,0.0
2026-09-22 04:47:30,20260921,15,8,1-5-3,1.41,123.9,174.8,1.747,100.0,settled,1-3-4,0,0,0.0
2026-09-22 04:47:30,20260921,15,8,1-5-4,1.52,82.6,125.37,1.256,100.0,settled,1-3-4,0,0,0.0
2026-09-22 04:47:30,20260921,15,8,1-5-6,2.12,82.6,175.09,1.751,100.0,settled,1-3-4,0,0,0.0
2026-09-22 04:47:30,20260921,15,8,1-6-2,1.68,81.5,136.66,1.369,100.0,settled,1-3-4,0,0,0.0
2026-09-22 04:47:30,20260921,15,9,1-2-5,5.86,28.4,166.37,1.664,100.0,settled,4-1-6,0,0,0.0
2026-09-22 04:47:30,20260921,15,9,1-5-2,1.64,80.0,131.12,1.312,100.0,settled,4-1-6,0,0,0.0
2026-09-22 04:47:30,20260921,15,9,1-5-4,1.79,60.9,108.94,1.09,100.0,settled,4-1-6,0,0,0.0
2026-09-22 04:47:30,20260921,15,11,1-2-5,4.77,28.7,136.98,1.369,100.0,settled,1-2-4,0,0,0.0
2026-09-22 04:47:30,20260921,15,11,1-5-2,2.04,60.7,123.54,1.238,100.0,settled,1-2-4,0,0,0.0
2026-09-22 04:47:30,20260921,15,11,1-5-3,1.29,96.7,124.26,1.247,100.0,settled,1-2-4,0,0,0.0
2026-09-22 04:47:30,20260921,16,1,1-2-6,5.84,29.1,169.89,1.699,100.0,settled,1-4-2,0,0,0.0
2026-09-22 04:47:30,20260921,16,1,1-3-6,1.64,61.2,100.44,1.004,100.0,settled,1-4-2,0,0,0.0
2026-09-22 04:47:30,20260921,16,2,1-2-6,6.13,33.9,207.68,2.078,100.0,settled,1-2-5,0,0,0.0
2026-09-22 04:47:30,20260921,16,2,1-3-6,1.39,151.2,210.36,2.102,100.0,settled,1-2-5,0,0,0.0
2026-09-22 04:47:30,20260921,16,2,1-4-6,1.78,126.2,225.05,2.246,100.0,settled,1-2-5,0,0,0.0
2026-09-22 04:47:30,20260921,16,2,1-5-6,1.66,206.5,342.25,3.428,100.0,settled,1-2-5,0,0,0.0
2026-09-22 04:47:30,20260921,16,2,1-6-2,2.47,193.5,478.54,4.779,100.0,settled,1-2-5,0,0,0.0
2026-09-22 04:47:30,20260921,16,2,1-6-3,1.05,258.0,270.56,2.709,100.0,settled,1-2-5,0,0,0.0
2026-09-22 04:47:30,20260921,16,2,1-6-4,1.24,273.3,339.47,3.389,100.0,settled,1-2-5,0,0,0.0
2026-09-22 04:47:30,20260921,16,2,1-6-5,1.53,430.5,657.42,6.587,100.0,settled,1-2-5,0,0,0.0
2026-09-22 04:47:30,20260921,16,3,1-2-5,2.6,45.9,119.51,1.193,100.0,settled,3-5-1,0,0,0.0
2026-09-22 04:47:30,20260921,16,3,1-4-5,3.96,45.7,181.1,1.81,100.0,settled,3-5-1,0,0,0.0
2026-09-22 04:47:30,20260921,16,3,1-4-6,3.25,45.4,147.66,1.476,100.0,settled,3-5-1,0,0,0.0
2026-09-22 04:47:30,20260921,16,3,1-5-2,1.58,120.6,190.46,1.905,100.0,settled,3-5-1,0,0,0.0
2026-09-22 04:47:30,20260921,16,3,1-5-3,1.6,102.4,164.08,1.638,100.0,settled,3-5-1,0,0,0.0
2026-09-22 04:47:30,20260921,16,3,1-5-4,2.25,132.3,297.81,2.977,100.0,settled,3-5-1,0,0,0.0
2026-09-22 04:47:30,20260921,16,3,1-5-6,0.73,192.2,140.33,1.403,100.0,settled,3-5-1,0,0,0.0
2026-09-22 04:47:30,20260921,16,4,1-2-3,4.53,26.6,120.61,1.205,100.0,settled,3-4-5,0,0,0.0
2026-09-22 04:47:30,20260921,16,4,1-2-4,5.29,32.6,172.38,1.725,100.0,settled,3-4-5,0,0,0.0
2026-09-22 04:47:30,20260921,16,4,1-4-2,8.54,38.6,329.69,3.296,100.0,settled,3-4-5,0,0,0.0
2026-09-22 04:47:30,20260921,16,4,1-4-5,7.0,21.0,146.98,1.47,100.0,settled,3-4-5,0,0,0.0
2026-09-22 04:47:30,20260921,16,4,1-4-6,2.21,46.7,103.32,1.032,100.0,settled,3-4-5,0,0,0.0
2026-09-22 04:47:30,20260921,16,4,1-5-4,2.14,50.0,107.17,1.07,100.0,settled,3-4-5,0,0,0.0
2026-09-22 04:47:30,20260921,16,5,1-6-5,1.5,86.0,129.22,1.29,100.0,settled,3-1-2,0,0,0.0
2026-09-22 04:47:30,20260921,16,6,1-2-4,1.53,85.1,130.17,1.302,100.0,settled,4-3-6,0,0,0.0
2026-09-22 04:47:30,20260921,16,6,1-4-2,1.95,66.0,128.99,1.287,100.0,settled,4-3-6,0,0,0.0
2026-09-22 04:47:30,20260921,16,7,1-3-5,0.86,122.7,105.06,1.055,100.0,settled,1-6-2,0,0,0.0
2026-09-22 04:47:30,20260921,16,7,1-3-6,1.01,108.1,108.95,1.092,100.0,settled,1-6-2,0,0,0.0
2026-09-22 04:47:30,20260921,16,7,1-4-5,0.76,167.6,127.74,1.274,100.0,settled,1-6-2,0,0,0.0
2026-09-22 04:47:30,20260921,16,7,1-4-6,0.83,204.0,168.42,1.693,100.0,settled,1-6-2,0,0,0.0
2026-09-22 04:47:30,20260921,16,7,1-6-4,1.35,84.2,113.48,1.137,100.0,settled,1-6-2,0,0,0.0
2026-09-22 04:47:30,20260921,16,8,1-2-6,12.76,25.7,327.82,3.279,100.0,settled,6-1-3,0,0,0.0
2026-09-22 04:47:30,20260921,16,8,1-6-2,9.54,46.4,442.83,4.427,100.0,settled,6-1-3,0,0,0.0
2026-09-22 04:47:30,20260921,16,8,1-6-3,7.91,37.2,294.21,2.943,100.0,settled,6-1-3,0,0,0.0
2026-09-22 04:47:30,20260921,16,8,1-6-4,2.15,46.6,100.21,1.002,100.0,settled,6-1-3,0,0,0.0
2026-09-22 04:47:30,20260921,16,8,1-6-5,4.91,31.2,153.25,1.532,100.0,settled,6-1-3,0,0,0.0
2026-09-22 04:47:30,20260921,16,9,1-3-5,4.48,27.6,123.66,1.236,100.0,settled,2-5-6,0,0,0.0
2026-09-22 04:47:30,20260921,16,9,1-4-5,3.67,37.8,138.87,1.387,100.0,settled,2-5-6,0,0,0.0
2026-09-22 04:47:30,20260921,16,9,1-4-6,4.23,23.8,100.76,1.007,100.0,settled,2-5-6,0,0,0.0
2026-09-22 04:47:30,20260921,16,9,1-5-2,1.41,72.8,102.28,1.026,100.0,settled,2-5-6,0,0,0.0
2026-09-22 04:47:30,20260921,16,9,1-5-3,2.69,71.1,191.5,1.913,100.0,settled,2-5-6,0,0,0.0
2026-09-22 04:47:30,20260921,16,9,1-5-4,2.07,78.2,162.16,1.619,100.0,settled,2-5-6,0,0,0.0
2026-09-22 04:47:30,20260921,16,9,1-5-6,2.24,73.1,163.71,1.637,100.0,settled,2-5-6,0,0,0.0
2026-09-22 04:47:30,20260921,16,9,1-6-5,1.02,107.7,109.35,1.099,100.0,settled,2-5-6,0,0,0.0
2026-09-22 04:47:30,20260921,16,10,1-2-5,3.42,48.7,166.67,1.666,100.0,settled,1-4-3,0,0,0.0
2026-09-22 04:47:30,20260921,16,10,1-2-6,1.46,69.6,101.8,1.016,100.0,settled,1-4-3,0,0,0.0
2026-09-22 04:47:30,20260921,16,10,1-3-5,5.29,32.8,173.47,1.735,100.0,settled,1-4-3,0,0,0.0
2026-09-22 04:47:30,20260921,16,10,1-3-6,2.2,49.2,108.37,1.082,100.0,settled,1-4-3,0,0,0.0
2026-09-22 04:47:30,20260921,16,10,1-5-2,1.3,144.8,187.75,1.882,100.0,settled,1-4-3,0,0,0.0
2026-09-22 04:47:30,20260921,16,10,1-5-3,1.93,132.7,256.42,2.561,100.0,settled,1-4-3,0,0,0.0
2026-09-22 04:47:30,20260921,16,11,1-2-3,6.07,23.7,143.94,1.439,100.0,settled,5-4-6,0,0,0.0
2026-09-22 04:47:30,20260921,16,11,1-2-6,2.85,60.3,171.72,1.719,100.0,settled,5-4-6,0,0,0.0
2026-09-22 04:47:30,20260921,16,11,1-3-6,4.22,25.1,105.97,1.059,100.0,settled,5-4-6,0,0,0.0
2026-09-22 04:47:30,20260921,16,11,1-5-3,1.38,75.6,104.3,1.043,100.0,settled,5-4-6,0,0,0.0
2026-09-22 04:47:30,20260921,16,11,1-5-6,0.89,122.7,109.35,1.092,100.0,settled,5-4-6,0,0,0.0
2026-09-22 04:47:30,20260921,16,11,1-6-2,1.33,86.1,114.39,1.145,100.0,settled,5-4-6,0,0,0.0
2026-09-22 04:47:30,20260921,16,11,1-6-3,1.84,66.8,122.77,1.229,100.0,settled,5-4-6,0,0,0.0
2026-09-22 04:47:30,20260921,16,12,1-2-5,3.61,29.1,105.04,1.051,100.0,settled,1-2-3,0,0,0.0
2026-09-22 04:47:30,20260921,16,12,1-2-6,4.97,32.5,161.42,1.615,100.0,settled,1-2-3,0,0,0.0
2026-09-22 04:47:30,20260921,16,12,1-6-2,1.28,113.3,144.49,1.45,100.0,settled,1-2-3,0,0,0.0
2026-09-22 04:47:30,20260921,16,12,1-6-3,0.94,114.6,107.76,1.077,100.0,settled,1-2-3,0,0,0.0
2026-09-22 04:47:30,20260921,17,1,1-2-5,7.9,106.3,840.14,8.398,100.0,settled,1-3-2,0,0,0.0
2026-09-22 04:47:30,20260921,17,1,1-3-5,4.81,79.5,382.28,3.824,100.0,settled,1-3-2,0,0,0.0
2026-09-22 04:47:30,20260921,17,1,1-4-5,2.84,81.0,229.99,2.3,100.0,settled,1-3-2,0,0,0.0
2026-09-22 04:47:30,20260921,17,1,1-5-2,2.46,304.1,748.18,7.481,100.0,settled,1-3-2,0,0,0.0
2026-09-22 04:47:30,20260921,17,1,1-5-3,2.42,295.1,714.26,7.141,100.0,settled,1-3-2,0,0,0.0
2026-09-22 04:47:30,20260921,17,1,1-5-4,1.35,290.4,393.2,3.92,100.0,settled,1-3-2,0,0,0.0
2026-09-22 04:47:30,20260921,17,2,1-2-5,2.75,270.4,742.49,7.436,100.0,settled,1-4-2,0,0,0.0
2026-09-22 04:47:30,20260921,17,2,1-3-5,1.79,390.1,699.45,6.983,100.0,settled,1-4-2,0,0,0.0
2026-09-22 04:47:30,20260921,17,2,1-4-5,2.19,291.0,636.27,6.373,100.0,settled,1-4-2,0,0,0.0
2026-09-22 04:47:30,20260921,17,2,1-5-2,1.28,738.3,948.12,9.45,100.0,settled,1-4-2,0,0,0.0
2026-09-22 04:47:30,20260921,17,2,1-5-3,1.39,997.9,1384.79,13.871,100.0,settled,1-4-2,0,0,0.0
2026-09-22 04:47:30,20260921,17,2,1-5-4,1.2,793.2,950.73,9.518,100.0,settled,1-4-2,0,0,0.0
2026-09-22 04:47:30,20260921,17,2,1-5-6,1.99,878.8,1747.41,17.488,100.0,settled,1-4-2,0,0,0.0
2026-09-22 04:47:30,20260921,17,2,1-6-5,1.82,649.9,1180.28,11.828,100.0,settled,1-4-2,0,0,0.0
2026-09-22 04:47:30,20260921,17,3,1-2-5,3.63,483.0,1752.57,17.533,100.0,settled,2-3-4,0,0,0.0
2026-09-22 04:47:30,20260921,17,3,1-3-2,15.12,29.4,444.47,4.445,100.0,settled,2-3-4,0,0,0.0
2026-09-22 04:47:30,20260921,17,3,1-3-5,1.51,482.2,726.19,7.281,100.0,settled,2-3-4,0,0,0.0
2026-09-22 04:47:30,20260921,17,3,1-4-5,0.87,751.4,652.14,6.537,100.0,settled,2-3-4,0,0,0.0
2026-09-22 04:47:30,20260921,17,3,1-5-2,1.93,1005.0,1942.36,19.396,100.0,settled,2-3-4,0,0,0.0
2026-09-22 04:47:30,20260921,17,3,1-5-3,1.11,1533.0,1701.32,17.016,100.0,settled,2-3-4,0,0,0.0
2026-09-22 04:47:30,20260921,17,3,1-5-4,0.47,1487.0,692.35,6.989,100.0,settled,2-3-4,0,0,0.0
2026-09-22 04:47:30,20260921,17,3,1-5-6,0.12,1557.0,187.77,1.868,100.0,settled,2-3-4,0,0,0.0
2026-09-22 04:47:30,20260921,17,4,1-2-6,0.65,333.5,215.14,2.168,100.0,settled,2-1-4,0,0,0.0
2026-09-22 04:47:30,20260921,17,4,1-3-2,6.63,38.4,254.71,2.546,100.0,settled,2-1-4,0,0,0.0
2026-09-22 04:47:30,20260921,17,4,1-3-6,0.21,726.4,150.22,1.525,100.0,settled,2-1-4,0,0,0.0
2026-09-22 04:47:30,20260921,17,4,1-4-5,0.86,118.9,102.84,1.023,100.0,settled,2-1-4,0,0,0.0
2026-09-22 04:47:30,20260921,17,4,1-4-6,0.45,385.4,171.93,1.734,100.0,settled,2-1-4,0,0,0.0
2026-09-22 04:47:30,20260921,17,4,1-6-2,0.13,1242.0,158.6,1.615,100.0,settled,2-1-4,0,0,0.0
2026-09-22 04:47:30,20260921,17,4,1-6-3,0.07,1934.0,134.03,1.354,100.0,settled,2-1-4,0,0,0.0
2026-09-22 04:47:30,20260921,17,4,1-6-4,0.09,1409.0,132.16,1.268,100.0,settled,2-1-4,0,0,0.0
2026-09-22 04:47:30,20260921,17,6,1-2-3,10.51,41.3,433.98,4.341,100.0,settled,1-3-2,0,0,0.0
2026-09-22 04:47:30,20260921,17,6,1-2-5,19.99,24.5,489.75,4.898,100.0,settled,1-3-2,0,0,0.0
2026-09-22 04:47:30,20260921,17,6,1-2-6,4.44,26.5,117.75,1.177,100.0,settled,1-3-2,0,0,0.0
2026-09-22 04:47:30,20260921,17,6,1-3-2,2.89,36.0,103.94,1.04,100.0,settled,1-3-2,1,3600.0,3600.0
2026-09-22 04:47:30,20260921,17,6,1-5-2,10.34,23.3,240.95,2.409,100.0,settled,1-3-2,0,0,0.0
2026-09-22 04:47:30,20260921,17,7,1-3-5,1.42,107.8,152.58,1.531,100.0,settled,1-3-2,0,0,0.0
2026-09-22 04:47:30,20260921,17,7,1-5-3,0.42,484.2,202.98,2.034,100.0,settled,1-3-2,0,0,0.0
2026-09-22 04:47:30,20260921,17,8,1-2-5,3.36,136.4,458.18,4.583,100.0,settled,2-3-1,0,0,0.0
2026-09-22 04:47:30,20260921,17,8,1-3-5,2.42,132.1,319.97,3.197,100.0,settled,2-3-1,0,0,0.0
2026-09-22 04:47:30,20260921,17,8,1-4-5,1.09,225.6,245.11,2.459,100.0,settled,2-3-1,0,0,0.0
2026-09-22 04:47:30,20260921,17,8,1-5-2,2.14,388.3,832.52,8.31,100.0,settled,2-3-1,0,0,0.0
2026-09-22 04:47:30,20260921,17,8,1-5-3,2.14,482.0,1031.43,10.315,100.0,settled,2-3-1,0,0,0.0
2026-09-22 04:47:30,20260921,17,8,1-5-4,1.01,535.2,542.91,5.406,100.0,settled,2-3-1,0,0,0.0
2026-09-22 04:47:30,20260921,17,8,1-5-6,0.68,652.5,442.79,4.437,100.0,settled,2-3-1,0,0,0.0
2026-09-22 04:47:30,20260921,17,8,1-6-5,0.28,608.6,170.77,1.704,100.0,settled,2-3-1,0,0,0.0
2026-09-22 04:47:30,20260921,17,9,1-3-4,1.93,129.4,249.11,2.497,100.0,settled,3-2-6,0,0,0.0
2026-09-22 04:47:30,20260921,17,9,1-4-2,0.42,513.1,213.5,2.155,100.0,settled,3-2-6,0,0,0.0
2026-09-22 04:47:30,20260921,17,9,1-4-3,0.83,479.2,398.84,3.977,100.0,settled,3-2-6,0,0,0.0
2026-09-22 04:47:30,20260921,17,9,1-4-6,0.16,829.2,135.49,1.327,100.0,settled,3-2-6,0,0,0.0
2026-09-22 04:47:30,20260921,17,10,1-2-4,5.67,54.8,310.55,3.107,100.0,settled,1-2-5,0,0,0.0
2026-09-22 04:47:30,20260921,17,10,1-2-6,4.36,297.5,1297.87,12.971,100.0,settled,1-2-5,0,0,0.0
2026-09-22 04:47:30,20260921,17,10,1-3-6,0.87,515.8,446.68,4.487,100.0,settled,1-2-5,0,0,0.0
2026-09-22 04:47:30,20260921,17,10,1-4-2,1.84,129.2,238.36,2.377,100.0,settled,1-2-5,0,0,0.0
2026-09-22 04:47:30,20260921,17,10,1-5-6,0.55,446.5,247.18,2.456,100.0,settled,1-2-5,0,0,0.0
2026-09-22 04:47:30,20260921,17,10,1-6-2,1.01,807.5,816.54,8.156,100.0,settled,1-2-5,0,0,0.0
2026-09-22 04:47:30,20260921,17,10,1-6-3,0.39,1215.0,475.67,4.739,100.0,settled,1-2-5,0,0,0.0
2026-09-22 04:47:30,20260921,17,10,1-6-5,0.41,1385.0,568.13,5.678,100.0,settled,1-2-5,0,0,0.0
2026-09-22 04:47:30,20260921,17,11,1-2-5,3.08,40.6,124.85,1.25,100.0,settled,1-4-2,0,0,0.0
2026-09-22 04:47:30,20260921,17,11,1-3-6,1.38,91.3,126.26,1.26,100.0,settled,1-4-2,0,0,0.0
2026-09-22 04:47:30,20260921,17,11,1-4-5,3.23,39.6,127.91,1.279,100.0,settled,1-4-2,0,0,0.0
2026-09-22 04:47:30,20260921,17,11,1-4-6,0.74,155.1,114.7,1.148,100.0,settled,1-4-2,0,0,0.0
2026-09-22 04:47:30,20260921,17,11,1-5-2,1.96,107.7,210.78,2.111,100.0,settled,1-4-2,0,0,0.0
2026-09-22 04:47:30,20260921,17,11,1-5-3,4.99,62.4,311.52,3.114,100.0,settled,1-4-2,0,0,0.0
2026-09-22 04:47:30,20260921,17,11,1-5-4,2.49,108.5,270.48,2.702,100.0,settled,1-4-2,0,0,0.0
2026-09-22 04:47:30,20260921,17,11,1-5-6,0.55,340.1,185.97,1.871,100.0,settled,1-4-2,0,0,0.0
2026-09-22 04:47:30,20260921,17,12,1-5-2,2.32,51.7,120.15,1.199,100.0,settled,1-3-2,0,0,0.0
2026-09-22 04:47:30,20260921,17,12,1-5-3,7.64,41.5,317.03,3.171,100.0,settled,1-3-2,0,0,0.0
2026-09-22 04:47:30,20260921,18,1,1-5-3,4.76,23.2,110.39,1.104,100.0,settled,1-3-4,0,0,0.0
2026-09-22 04:47:30,20260921,18,3,1-2-6,0.25,424.4,105.85,1.061,100.0,settled,5-3-1,0,0,0.0
2026-09-22 04:47:30,20260921,18,3,1-3-6,0.87,258.5,224.2,2.249,100.0,settled,5-3-1,0,0,0.0
2026-09-22 04:47:30,20260921,18,3,1-4-6,0.29,355.2,102.44,1.03,100.0,settled,5-3-1,0,0,0.0
2026-09-22 04:47:30,20260921,18,3,1-5-6,0.6,172.7,104.36,1.036,100.0,settled,5-3-1,0,0,0.0
2026-09-22 04:47:30,20260921,18,3,1-6-3,0.13,856.7,114.03,1.114,100.0,settled,5-3-1,0,0,0.0
2026-09-22 04:47:30,20260921,18,4,1-3-2,8.11,27.4,222.24,2.222,100.0,settled,1-2-5,0,0,0.0
2026-09-22 04:47:30,20260921,18,4,1-3-4,4.49,55.1,247.14,2.474,100.0,settled,1-2-5,0,0,0.0
2026-09-22 04:47:30,20260921,18,4,1-4-3,3.22,57.5,185.16,1.851,100.0,settled,1-2-5,0,0,0.0
2026-09-22 04:47:30,20260921,18,5,1-2-6,2.98,142.2,423.61,4.238,100.0,settled,1-5-3,0,0,0.0
2026-09-22 04:47:30,20260921,18,5,1-3-6,3.08,71.1,218.92,2.19,100.0,settled,1-5-3,0,0,0.0
2026-09-22 04:47:30,20260921,18,5,1-5-6,1.84,87.9,161.88,1.617,100.0,settled,1-5-3,0,0,0.0
2026-09-22 04:47:30,20260921,18,5,1-6-2,1.07,314.8,336.58,3.368,100.0,settled,1-5-3,0,0,0.0
2026-09-22 04:47:30,20260921,18,5,1-6-3,1.12,254.4,285.11,2.849,100.0,settled,1-5-3,0,0,0.0
2026-09-22 04:47:30,20260921,18,5,1-6-5,1.02,291.6,296.7,2.974,100.0,settled,1-5-3,0,0,0.0
2026-09-22 04:47:30,20260921,18,6,1-2-5,2.27,54.2,122.8,1.23,100.0,settled,2-1-5,0,0,0.0
2026-09-22 04:47:30,20260921,18,6,1-2-6,1.33,131.7,175.54,1.752,100.0,settled,2-1-5,0,0,0.0
2026-09-22 04:47:30,20260921,18,6,1-3-6,1.08,98.5,105.95,1.064,100.0,settled,2-1-5,0,0,0.0
2026-09-22 04:47:30,20260921,18,6,1-5-3,1.23,91.9,112.64,1.13,100.0,settled,2-1-5,0,0,0.0
2026-09-22 04:47:30,20260921,18,6,1-5-6,0.65,259.3,169.43,1.685,100.0,settled,2-1-5,0,0,0.0
2026-09-22 04:47:30,20260921,18,6,1-6-2,0.62,196.6,121.22,1.219,100.0,settled,2-1-5,0,0,0.0
2026-09-22 04:47:30,20260921,18,6,1-6-3,0.59,208.4,122.46,1.23,100.0,settled,2-1-5,0,0,0.0
2026-09-22 04:47:30,20260921,18,6,1-6-5,0.6,306.1,182.37,1.837,100.0,settled,2-1-5,0,0,0.0
2026-09-22 04:47:30,20260921,18,7,1-2-3,3.09,45.5,140.53,1.406,100.0,settled,2-6-5,0,0,0.0
2026-09-22 04:47:30,20260921,18,7,1-2-5,2.57,68.9,177.16,1.771,100.0,settled,2-6-5,0,0,0.0
2026-09-22 04:47:30,20260921,18,7,1-2-6,7.17,22.2,159.16,1.592,100.0,settled,2-6-5,0,0,0.0
2026-09-22 04:47:30,20260921,18,7,1-6-2,2.9,49.3,142.81,1.43,100.0,settled,2-6-5,0,0,0.0
2026-09-22 04:47:30,20260921,18,8,1-4-6,2.99,48.5,145.12,1.45,100.0,settled,1-2-5,0,0,0.0
2026-09-22 04:47:30,20260921,18,8,1-5-3,1.34,105.4,141.26,1.412,100.0,settled,1-2-5,0,0,0.0
2026-09-22 04:47:30,20260921,18,8,1-5-4,3.31,55.0,182.19,1.82,100.0,settled,1-2-5,0,0,0.0
2026-09-22 04:47:30,20260921,18,8,1-5-6,2.34,157.2,368.59,3.678,100.0,settled,1-2-5,0,0,0.0
2026-09-22 04:47:30,20260921,18,8,1-6-2,0.37,352.7,129.58,1.305,100.0,settled,1-2-5,0,0,0.0
2026-09-22 04:47:30,20260921,18,8,1-6-3,0.41,421.8,171.29,1.729,100.0,settled,1-2-5,0,0,0.0
2026-09-22 04:47:30,20260921,18,8,1-6-4,1.26,221.0,278.95,2.785,100.0,settled,1-2-5,0,0,0.0
2026-09-22 04:47:30,20260921,18,8,1-6-5,1.13,362.2,409.39,4.093,100.0,settled,1-2-5,0,0,0.0
2026-09-22 04:47:30,20260921,18,9,1-2-6,6.31,29.8,187.94,1.88,100.0,settled,1-4-2,0,0,0.0
2026-09-22 04:47:30,20260921,18,9,1-5-6,1.5,84.2,126.58,1.263,100.0,settled,1-4-2,0,0,0.0
2026-09-22 04:47:30,20260921,18,9,1-6-2,5.3,70.8,375.49,3.752,100.0,settled,1-4-2,0,0,0.0
2026-09-22 04:47:30,20260921,18,9,1-6-3,8.36,42.6,355.93,3.561,100.0,settled,1-4-2,0,0,0.0
2026-09-22 04:47:30,20260921,18,9,1-6-4,1.16,194.3,225.12,2.254,100.0,settled,1-4-2,0,0,0.0
2026-09-22 04:47:30,20260921,18,9,1-6-5,2.3,112.9,260.13,2.597,100.0,settled,1-4-2,0,0,0.0
2026-09-22 04:47:30,20260921,18,10,1-2-6,8.46,44.9,379.65,3.799,100.0,settled,2-3-6,0,0,0.0
2026-09-22 04:47:30,20260921,18,10,1-3-6,6.15,68.3,420.33,4.2,100.0,settled,2-3-6,0,0,0.0
2026-09-22 04:47:30,20260921,18,10,1-4-6,4.41,62.0,273.26,2.734,100.0,settled,2-3-6,0,0,0.0
2026-09-22 04:47:30,20260921,18,10,1-5-6,1.17,361.5,423.97,4.23,100.0,settled,2-3-6,0,0,0.0
2026-09-22 04:47:30,20260921,18,10,1-6-2,5.35,116.7,624.67,6.243,100.0,settled,2-3-6,0,0,0.0
2026-09-22 04:47:30,20260921,18,10,1-6-3,4.78,176.3,842.68,8.427,100.0,settled,2-3-6,0,0,0.0
2026-09-22 04:47:30,20260921,18,10,1-6-4,3.5,144.9,507.19,5.072,100.0,settled,2-3-6,0,0,0.0
2026-09-22 04:47:30,20260921,18,10,1-6-5,1.75,406.3,712.61,7.11,100.0,settled,2-3-6,0,0,0.0
2026-09-22 04:47:30,20260921,18,11,1-3-4,4.1,45.6,187.04,1.87,100.0,settled,4-5-6,0,0,0.0
2026-09-22 04:47:30,20260921,18,11,1-3-5,2.74,39.7,108.94,1.088,100.0,settled,4-5-6,0,0,0.0
2026-09-22 04:47:30,20260921,18,11,1-3-6,5.84,70.5,411.67,4.117,100.0,settled,4-5-6,0,0,0.0
2026-09-22 04:47:30,20260921,18,11,1-4-3,3.83,45.4,173.75,1.739,100.0,settled,4-5-6,0,0,0.0
2026-09-22 04:47:30,20260921,18,11,1-6-2,2.25,86.9,195.19,1.955,100.0,settled,4-5-6,0,0,0.0
2026-09-22 04:47:30,20260921,18,11,1-6-3,5.81,108.9,633.19,6.327,100.0,settled,4-5-6,0,0,0.0
2026-09-22 04:47:30,20260921,18,11,1-6-4,5.19,49.7,257.82,2.579,100.0,settled,4-5-6,0,0,0.0
2026-09-22 04:47:30,20260921,18,11,1-6-5,3.35,30.7,102.72,1.028,100.0,settled,4-5-6,0,0,0.0
2026-09-22 04:47:30,20260921,18,12,1-2-6,4.53,23.3,105.45,1.055,100.0,settled,1-3-5,0,0,0.0
2026-09-22 04:47:30,20260921,18,12,1-3-4,6.51,22.2,144.61,1.445,100.0,settled,1-3-5,0,0,0.0
2026-09-22 04:47:30,20260921,18,12,1-3-6,2.66,59.0,156.68,1.569,100.0,settled,1-3-5,0,0,0.0
2026-09-22 04:47:30,20260921,18,12,1-4-3,3.86,28.7,110.85,1.108,100.0,settled,1-3-5,0,0,0.0
2026-09-22 04:47:30,20260921,18,12,1-6-3,0.76,152.2,114.97,1.157,100.0,settled,1-3-5,0,0,0.0
2026-09-23 03:19:28,20260922,1,1,1-5-2,0.67,204.7,138.09,1.371,100.0,settled,2-3-4,0,0,0.0
2026-09-23 03:19:28,20260922,1,1,1-5-3,0.38,286.7,107.54,1.089,100.0,settled,2-3-4,0,0,0.0
2026-09-23 03:19:28,20260922,1,2,1-3-2,5.47,34.1,186.44,1.865,100.0,settled,1-2-4,0,0,0.0
2026-09-23 03:19:28,20260922,1,2,1-3-5,1.9,263.2,499.05,5.001,100.0,settled,1-2-4,0,0,0.0
2026-09-23 03:19:28,20260922,1,2,1-3-6,4.46,38.2,170.44,1.704,100.0,settled,1-2-4,0,0,0.0
2026-09-23 03:19:28,20260922,1,2,1-5-2,0.29,549.7,157.05,1.594,100.0,settled,1-2-4,0,0,0.0
2026-09-23 03:19:28,20260922,1,2,1-5-3,0.93,651.3,603.23,6.057,100.0,settled,1-2-4,0,0,0.0
2026-09-23 03:19:28,20260922,1,2,1-5-4,0.33,649.6,213.59,2.144,100.0,settled,1-2-4,0,0,0.0
2026-09-23 03:19:28,20260922,1,2,1-5-6,0.5,515.7,258.0,2.579,100.0,settled,1-2-4,0,0,0.0
2026-09-23 03:19:28,20260922,1,2,1-6-5,0.81,259.2,209.46,2.1,100.0,settled,1-2-4,0,0,0.0
2026-09-23 03:19:28,20260922,1,3,1-3-2,2.09,59.2,123.88,1.237,100.0,settled,2-6-4,0,0,0.0
2026-09-23 03:19:28,20260922,1,3,1-3-4,1.25,80.2,100.32,1.003,100.0,settled,2-6-4,0,0,0.0
2026-09-23 03:19:28,20260922,1,3,1-3-5,0.67,220.7,147.34,1.479,100.0,settled,2-6-4,0,0,0.0
2026-09-23 03:19:28,20260922,1,3,1-3-6,0.56,411.4,231.0,2.304,100.0,settled,2-6-4,0,0,0.0
2026-09-23 03:19:28,20260922,1,3,1-4-6,0.29,359.4,103.08,1.042,100.0,settled,2-6-4,0,0,0.0
2026-09-23 03:19:28,20260922,1,3,1-5-3,0.36,432.2,153.69,1.556,100.0,settled,2-6-4,0,0,0.0
2026-09-23 03:19:28,20260922,1,3,1-6-3,0.15,675.4,104.21,1.013,100.0,settled,2-6-4,0,0,0.0
2026-09-23 03:19:28,20260922,1,4,1-2-5,5.96,70.9,422.42,4.226,100.0,settled,2-1-4,0,0,0.0
2026-09-23 03:19:28,20260922,1,4,1-3-5,2.37,221.8,525.29,5.257,100.0,settled,2-1-4,0,0,0.0
2026-09-23 03:19:28,20260922,1,4,1-4-5,0.36,453.8,161.51,1.634,100.0,settled,2-1-4,0,0,0.0
2026-09-23 03:19:28,20260922,1,4,1-5-2,1.98,362.8,720.09,7.183,100.0,settled,2-1-4,0,0,0.0
2026-09-23 03:19:28,20260922,1,4,1-5-3,1.57,614.0,961.4,9.64,100.0,settled,2-1-4,0,0,0.0
2026-09-23 03:19:28,20260922,1,4,1-5-4,0.38,661.8,254.13,2.515,100.0,settled,2-1-4,0,0,0.0
2026-09-23 03:19:28,20260922,1,4,1-5-6,0.95,562.8,535.22,5.347,100.0,settled,2-1-4,0,0,0.0
2026-09-23 03:19:28,20260922,1,4,1-6-5,0.91,424.5,384.3,3.863,100.0,settled,2-1-4,0,0,0.0
2026-09-23 03:19:28,20260922,1,6,1-2-6,2.88,376.6,1083.7,10.846,100.0,settled,1-5-4,0,0,0.0
2026-09-23 03:19:28,20260922,1,6,1-3-6,8.1,247.2,2003.46,20.023,100.0,settled,1-5-4,0,0,0.0
2026-09-23 03:19:28,20260922,1,6,1-4-6,2.56,289.8,740.73,7.419,100.0,settled,1-5-4,0,0,0.0
2026-09-23 03:19:28,20260922,1,6,1-5-6,0.92,166.1,152.06,1.528,100.0,settled,1-5-4,0,0,0.0
2026-09-23 03:19:28,20260922,1,6,1-6-2,2.88,753.2,2166.13,21.692,100.0,settled,1-5-4,0,0,0.0
2026-09-23 03:19:28,20260922,1,6,1-6-3,6.59,838.3,5520.21,55.244,100.0,settled,1-5-4,0,0,0.0
2026-09-23 03:19:28,20260922,1,6,1-6-4,1.99,926.0,1845.61,18.427,100.0,settled,1-5-4,0,0,0.0
2026-09-23 03:19:28,20260922,1,6,1-6-5,1.41,611.0,862.18,8.615,100.0,settled,1-5-4,0,0,0.0
2026-09-23 03:19:28,20260922,1,7,1-2-6,2.32,84.3,195.63,1.956,100.0,settled,3-5-1,0,0,0.0
2026-09-23 03:19:28,20260922,1,7,1-3-6,11.47,22.1,253.47,2.535,100.0,settled,3-5-1,0,0,0.0
2026-09-23 03:19:28,20260922,1,7,1-4-6,0.53,232.5,124.18,1.232,100.0,settled,3-5-1,0,0,0.0
2026-09-23 03:19:28,20260922,1,7,1-5-6,1.68,83.7,140.68,1.406,100.0,settled,3-5-1,0,0,0.0
2026-09-23 03:19:28,20260922,1,7,1-6-2,1.19,291.3,347.67,3.466,100.0,settled,3-5-1,0,0,0.0
2026-09-23 03:19:28,20260922,1,7,1-6-3,3.54,168.6,597.18,5.968,100.0,settled,3-5-1,0,0,0.0
2026-09-23 03:19:28,20260922,1,7,1-6-4,0.39,421.4,165.27,1.643,100.0,settled,3-5-1,0,0,0.0
2026-09-23 03:19:28,20260922,1,7,1-6-5,1.03,277.0,284.98,2.853,100.0,settled,3-5-1,0,0,0.0
2026-09-23 03:19:28,20260922,1,9,1-3-2,3.84,40.5,155.36,1.555,100.0,settled,1-2-4,0,0,0.0
2026-09-23 03:19:28,20260922,1,9,1-3-6,4.94,68.3,337.28,3.374,100.0,settled,1-2-4,0,0,0.0
2026-09-23 03:19:28,20260922,1,9,1-6-2,7.28,31.3,228.01,2.279,100.0,settled,1-2-4,0,0,0.0
2026-09-23 03:19:28,20260922,1,9,1-6-3,4.78,105.3,503.13,5.033,100.0,settled,1-2-4,0,0,0.0
2026-09-23 03:19:28,20260922,1,9,1-6-5,1.17,132.4,155.05,1.549,100.0,settled,1-2-4,0,0,0.0
2026-09-23 03:19:28,20260922,1,10,1-2-6,0.49,412.6,200.32,2.022,100.0,settled,3-4-2,0,0,0.0
2026-09-23 03:19:28,20260922,1,10,1-3-6,1.01,275.6,277.23,2.784,100.0,settled,3-4-2,0,0,0.0
2026-09-23 03:19:28,20260922,1,10,1-5-6,0.38,440.6,167.78,1.674,100.0,settled,3-4-2,0,0,0.0
2026-09-23 03:19:28,20260922,1,10,1-6-2,0.19,975.6,188.19,1.854,100.0,settled,3-4-2,0,0,0.0
2026-09-23 03:19:28,20260922,1,10,1-6-3,0.3,901.2,267.75,2.704,100.0,settled,3-4-2,0,0,0.0
2026-09-23 03:19:28,20260922,1,10,1-6-5,0.25,1567.0,391.91,3.917,100.0,settled,3-4-2,0,0,0.0
2026-09-23 03:19:28,20260922,1,11,1-2-4,4.97,23.2,115.23,1.153,100.0,settled,1-5-6,0,0,0.0
2026-09-23 03:19:28,20260922,1,11,1-4-2,4.28,27.9,119.38,1.194,100.0,settled,1-5-6,0,0,0.0
2026-09-23 03:19:28,20260922,2,2,1-3-2,2.18,59.4,129.22,1.295,100.0,settled,2-5-6,0,0,0.0
2026-09-23 03:19:28,20260922,2,2,1-3-6,2.68,67.2,180.14,1.801,100.0,settled,2-5-6,0,0,0.0
2026-09-23 03:19:28,20260922,2,2,1-6-2,2.94,44.0,129.57,1.294,100.0,settled,2-5-6,0,0,0.0
2026-09-23 03:19:28,20260922,2,2,1-6-3,2.8,99.2,277.71,2.778,100.0,settled,2-5-6,0,0,0.0
2026-09-23 03:19:28,20260922,2,2,1-6-5,0.79,168.5,133.86,1.331,100.0,settled,2-5-6,0,0,0.0
2026-09-23 03:19:28,20260922,2,3,1-2-6,2.54,408.6,1035.8,10.378,100.0,settled,2-1-4,0,0,0.0
2026-09-23 03:19:28,20260922,2,3,1-3-2,3.0,101.1,303.3,3.033,100.0,settled,2-1-4,0,0,0.0
2026-09-23 03:19:28,20260922,2,3,1-3-6,0.51,1081.0,553.58,5.513,100.0,settled,2-1-4,0,0,0.0
2026-09-23 03:19:28,20260922,2,3,1-5-6,0.93,458.2,425.21,4.261,100.0,settled,2-1-4,0,0,0.0
2026-09-23 03:19:28,20260922,2,3,1-6-2,0.67,1469.0,982.32,9.842,100.0,settled,2-1-4,0,0,0.0
2026-09-23 03:19:28,20260922,2,3,1-6-3,0.27,1617.0,444.35,4.366,100.0,settled,2-1-4,0,0,0.0
2026-09-23 03:19:28,20260922,2,3,1-6-4,0.2,1644.0,335.05,3.288,100.0,settled,2-1-4,0,0,0.0
2026-09-23 03:19:28,20260922,2,3,1-6-5,0.56,1145.0,636.05,6.412,100.0,settled,2-1-4,0,0,0.0
2026-09-23 03:19:28,20260922,2,4,1-3-5,2.16,130.7,282.76,2.823,100.0,settled,2-1-4,0,0,0.0
2026-09-23 03:19:28,20260922,2,4,1-3-6,6.05,55.5,335.66,3.358,100.0,settled,2-1-4,0,0,0.0
2026-09-23 03:19:28,20260922,2,4,1-5-2,0.6,517.8,311.97,3.107,100.0,settled,2-1-4,0,0,0.0
2026-09-23 03:19:28,20260922,2,4,1-5-3,0.83,410.0,340.01,3.403,100.0,settled,2-1-4,0,0,0.0
2026-09-23 03:19:28,20260922,2,4,1-5-6,0.71,576.6,406.96,4.094,100.0,settled,2-1-4,0,0,0.0
2026-09-23 03:19:28,20260922,2,4,1-6-2,1.44,172.4,248.65,2.483,100.0,settled,2-1-4,0,0,0.0
2026-09-23 03:19:28,20260922,2,4,1-6-3,1.92,203.1,389.42,3.9,100.0,settled,2-1-4,0,0,0.0
2026-09-23 03:19:28,20260922,2,4,1-6-5,0.67,635.3,423.81,4.257,100.0,settled,2-1-4,0,0,0.0
2026-09-23 03:19:28,20260922,2,5,1-2-6,2.95,629.2,1859.1,18.561,100.0,settled,3-1-4,0,0,0.0
2026-09-23 03:19:28,20260922,2,5,1-3-6,1.19,667.9,792.73,7.948,100.0,settled,3-1-4,0,0,0.0
2026-09-23 03:19:28,20260922,2,5,1-4-6,4.89,273.9,1338.3,13.394,100.0,settled,3-1-4,0,0,0.0
2026-09-23 03:19:28,20260922,2,5,1-5-6,1.61,730.4,1179.45,11.759,100.0,settled,3-1-4,0,0,0.0
2026-09-23 03:19:28,20260922,2,5,1-6-2,1.42,1444.0,2051.06,20.505,100.0,settled,3-1-4,0,0,0.0
2026-09-23 03:19:28,20260922,2,5,1-6-3,0.81,1581.0,1282.35,12.806,100.0,settled,3-1-4,0,0,0.0
2026-09-23 03:19:28,20260922,2,5,1-6-4,1.93,1268.0,2449.02,24.472,100.0,settled,3-1-4,0,0,0.0
2026-09-23 03:19:28,20260922,2,5,1-6-5,1.26,1218.0,1531.27,15.347,100.0,settled,3-1-4,0,0,0.0
2026-09-23 03:19:28,20260922,2,6,1-3-4,2.11,58.8,124.16,1.241,100.0,settled,3-1-6,0,0,0.0
2026-09-23 03:19:28,20260922,2,6,1-3-5,3.5,40.5,141.69,1.418,100.0,settled,3-1-6,0,0,0.0
2026-09-23 03:19:28,20260922,2,6,1-4-3,0.68,196.1,132.86,1.333,100.0,settled,3-1-6,0,0,0.0
2026-09-23 03:19:28,20260922,2,6,1-5-3,1.26,128.1,161.24,1.614,100.0,settled,3-1-6,0,0,0.0
2026-09-23 03:19:28,20260922,2,7,1-2-5,2.41,71.9,172.99,1.733,100.0,settled,1-3-4,0,0,0.0
2026-09-23 03:19:28,20260922,2,7,1-3-5,7.17,44.3,317.78,3.176,100.0,settled,1-3-4,0,0,0.0
2026-09-23 03:19:28,20260922,2,7,1-4-5,0.94,129.2,121.64,1.214,100.0,settled,1-3-4,0,0,0.0
2026-09-23 03:19:28,20260922,2,7,1-5-2,1.75,173.5,303.95,3.036,100.0,settled,1-3-4,0,0,0.0
2026-09-23 03:19:28,20260922,2,7,1-5-3,3.27,158.3,517.82,5.176,100.0,settled,1-3-4,0,0,0.0
2026-09-23 03:19:28,20260922,2,7,1-5-4,0.8,251.1,200.5,2.009,100.0,settled,1-3-4,0,0,0.0
2026-09-23 03:19:28,20260922,2,7,1-5-6,1.15,193.4,221.69,2.224,100.0,settled,1-3-4,0,0,0.0
2026-09-23 03:19:28,20260922,2,7,1-6-5,0.69,159.1,110.03,1.098,100.0,settled,1-3-4,0,0,0.0
2026-09-23 03:19:28,20260922,2,8,1-2-5,2.54,145.2,368.92,3.688,100.0,settled,1-6-2,0,0,0.0
2026-09-23 03:19:28,20260922,2,8,1-4-5,0.53,382.8,203.76,2.029,100.0,settled,1-6-2,0,0,0.0
2026-09-23 03:19:28,20260922,2,8,1-5-2,0.89,556.3,494.66,4.951,100.0,settled,1-6-2,0,0,0.0
2026-09-23 03:19:28,20260922,2,8,1-5-3,0.55,775.6,427.28,4.266,100.0,settled,1-6-2,0,0,0.0
2026-09-23 03:19:28,20260922,2,8,1-5-4,0.34,768.1,261.38,2.612,100.0,settled,1-6-2,0,0,0.0
2026-09-23 03:19:28,20260922,2,8,1-5-6,2.04,573.8,1169.23,11.706,100.0,settled,1-6-2,0,0,0.0
2026-09-23 03:19:28,20260922,2,8,1-6-4,4.51,40.3,181.71,1.818,100.0,settled,1-6-2,0,0,0.0
2026-09-23 03:19:28,20260922,2,8,1-6-5,3.81,267.5,1017.94,10.192,100.0,settled,1-6-2,0,0,0.0
2026-09-23 03:19:28,20260922,2,9,1-2-5,2.66,47.6,126.75,1.266,100.0,settled,1-2-3,0,0,0.0
2026-09-23 03:19:28,20260922,2,10,1-6-2,3.62,30.3,109.59,1.097,100.0,settled,1-2-4,0,0,0.0
2026-09-23 03:19:28,20260922,2,10,1-6-4,1.23,88.7,108.74,1.091,100.0,settled,1-2-4,0,0,0.0
2026-09-23 03:19:28,20260922,2,11,1-3-6,3.37,40.7,136.98,1.372,100.0,settled,5-2-4,0,0,0.0
2026-09-23 03:19:28,20260922,2,11,1-4-6,2.24,48.5,108.84,1.086,100.0,settled,5-2-4,0,0,0.0
2026-09-23 03:19:28,20260922,2,11,1-6-3,0.82,167.7,138.15,1.375,100.0,settled,5-2-4,0,0,0.0
2026-09-23 03:19:28,20260922,2,11,1-6-4,0.77,143.9,110.72,1.108,100.0,settled,5-2-4,0,0,0.0
2026-09-23 03:19:28,20260922,2,11,1-6-5,1.2,89.2,106.69,1.07,100.0,settled,5-2-4,0,0,0.0
2026-09-23 03:19:28,20260922,2,12,1-2-6,4.64,36.7,170.23,1.703,100.0,settled,1-3-5,0,0,0.0
2026-09-23 03:19:28,20260922,2,12,1-3-6,7.49,30.9,231.44,2.314,100.0,settled,1-3-5,0,0,0.0
2026-09-23 03:19:28,20260922,2,12,1-4-6,4.41,35.2,155.24,1.552,100.0,settled,1-3-5,0,0,0.0
2026-09-23 03:19:28,20260922,2,12,1-6-2,1.93,137.1,264.79,2.646,100.0,settled,1-3-5,0,0,0.0
2026-09-23 03:19:28,20260922,2,12,1-6-3,2.86,98.8,282.31,2.826,100.0,settled,1-3-5,0,0,0.0
2026-09-23 03:19:28,20260922,2,12,1-6-4,1.74,124.4,216.34,2.165,100.0,settled,1-3-5,0,0,0.0
2026-09-23 03:19:28,20260922,2,12,1-6-5,0.74,143.2,105.97,1.06,100.0,settled,1-3-5,0,0,0.0
2026-09-23 03:19:28,20260922,3,1,1-2-6,1.26,142.4,179.91,1.794,100.0,settled,1-5-3,0,0,0.0
2026-09-23 03:19:28,20260922,3,1,1-3-6,1.34,80.7,108.32,1.081,100.0,settled,1-5-3,0,0,0.0
2026-09-23 03:19:28,20260922,3,1,1-5-6,1.03,117.3,120.62,1.208,100.0,settled,1-5-3,0,0,0.0
2026-09-23 03:19:28,20260922,3,1,1-6-2,0.6,415.4,250.28,2.492,100.0,settled,1-5-3,0,0,0.0
2026-09-23 03:19:28,20260922,3,1,1-6-3,0.78,293.7,230.2,2.291,100.0,settled,1-5-3,0,0,0.0
2026-09-23 03:19:28,20260922,3,1,1-6-4,0.43,401.8,170.97,1.728,100.0,settled,1-5-3,0,0,0.0
2026-09-23 03:19:28,20260922,3,1,1-6-5,0.74,286.9,213.37,2.123,100.0,settled,1-5-3,0,0,0.0
2026-09-23 03:19:28,20260922,3,2,1-2-3,1.59,67.1,106.65,1.067,100.0,settled,1-4-5,0,0,0.0
2026-09-23 03:19:28,20260922,3,2,1-2-6,0.54,341.6,184.63,1.845,100.0,settled,1-4-5,0,0,0.0
2026-09-23 03:19:28,20260922,3,2,1-3-2,1.73,102.4,176.9,1.772,100.0,settled,1-4-5,0,0,0.0
2026-09-23 03:19:28,20260922,3,3,1-2-6,0.82,301.2,246.71,2.47,100.0,settled,5-3-4,0,0,0.0
2026-09-23 03:19:28,20260922,3,3,1-3-2,7.25,27.6,199.98,2.001,100.0,settled,5-3-4,0,0,0.0
2026-09-23 03:19:28,20260922,3,3,1-3-6,2.92,256.9,750.61,7.501,100.0,settled,5-3-4,0,0,0.0
2026-09-23 03:19:28,20260922,3,3,1-4-6,0.74,395.4,292.83,2.926,100.0,settled,5-3-4,0,0,0.0
2026-09-23 03:19:28,20260922,3,3,1-6-2,0.5,637.7,316.36,3.189,100.0,settled,5-3-4,0,0,0.0
2026-09-23 03:19:28,20260922,3,3,1-6-3,1.29,655.4,845.92,8.455,100.0,settled,5-3-4,0,0,0.0
2026-09-23 03:19:28,20260922,3,3,1-6-4,0.39,741.2,285.58,2.891,100.0,settled,5-3-4,0,0,0.0
2026-09-23 03:19:28,20260922,3,3,1-6-5,0.36,507.4,184.39,1.827,100.0,settled,5-3-4,0,0,0.0
2026-09-23 03:19:28,20260922,3,4,1-2-3,4.51,26.9,121.43,1.213,100.0,settled,1-2-6,0,0,0.0
2026-09-23 03:19:28,20260922,3,4,1-3-2,2.0,58.6,117.05,1.172,100.0,settled,1-2-6,0,0,0.0
2026-09-23 03:19:28,20260922,3,4,1-3-4,2.26,74.3,168.2,1.679,100.0,settled,1-2-6,0,0,0.0
2026-09-23 03:19:28,20260922,3,4,1-4-3,3.57,58.3,208.3,2.081,100.0,settled,1-2-6,0,0,0.0
2026-09-23 03:19:28,20260922,3,5,1-3-4,1.07,133.5,142.23,1.428,100.0,settled,2-4-6,0,0,0.0
2026-09-23 03:19:28,20260922,3,5,1-4-2,0.43,257.4,110.42,1.107,100.0,settled,2-4-6,0,0,0.0
2026-09-23 03:19:28,20260922,3,5,1-4-3,0.57,353.4,201.79,2.014,100.0,settled,2-4-6,0,0,0.0
2026-09-23 03:19:28,20260922,3,5,1-6-3,0.68,181.7,123.81,1.236,100.0,settled,2-4-6,0,0,0.0
2026-09-23 03:19:28,20260922,3,7,1-2-5,6.38,22.5,143.52,1.435,100.0,settled,1-5-6,0,0,0.0
2026-09-23 03:19:28,20260922,3,7,1-4-2,3.05,34.4,104.92,1.049,100.0,settled,1-5-6,0,0,0.0
2026-09-23 03:19:28,20260922,3,7,1-5-2,1.8,89.4,160.6,1.609,100.0,settled,1-5-6,0,0,0.0
2026-09-23 03:19:28,20260922,3,7,1-6-5,0.46,223.7,102.01,1.029,100.0,settled,1-5-6,0,0,0.0
2026-09-23 03:19:28,20260922,3,8,1-2-3,9.83,51.9,510.24,5.102,100.0,settled,1-3-4,0,0,0.0
2026-09-23 03:19:28,20260922,3,8,1-2-4,2.39,101.7,243.25,2.431,100.0,settled,1-3-4,0,0,0.0
2026-09-23 03:19:28,20260922,3,8,1-2-5,3.07,99.2,304.14,3.045,100.0,settled,1-3-4,0,0,0.0
2026-09-23 03:19:28,20260922,3,8,1-2-6,2.17,135.0,293.02,2.929,100.0,settled,1-3-4,0,0,0.0
2026-09-23 03:19:28,20260922,3,8,1-3-2,22.82,31.0,707.54,7.074,100.0,settled,1-3-4,0,0,0.0
2026-09-23 03:19:28,20260922,3,8,1-4-2,1.63,97.7,159.51,1.593,100.0,settled,1-3-4,0,0,0.0
2026-09-23 03:19:28,20260922,3,8,1-5-2,1.83,87.3,159.86,1.598,100.0,settled,1-3-4,0,0,0.0
2026-09-23 03:19:28,20260922,3,8,1-6-2,0.67,174.4,117.58,1.168,100.0,settled,1-3-4,0,0,0.0
2026-09-23 03:19:28,20260922,3,9,1-2-5,3.37,92.5,311.73,3.117,100.0,settled,1-2-3,0,0,0.0
2026-09-23 03:19:28,20260922,3,9,1-3-5,1.29,95.7,123.65,1.235,100.0,settled,1-2-3,0,0,0.0
2026-09-23 03:19:28,20260922,3,9,1-4-3,5.91,26.7,157.79,1.578,100.0,settled,1-2-3,0,0,0.0
2026-09-23 03:19:28,20260922,3,9,1-4-5,3.13,167.2,522.57,5.233,100.0,settled,1-2-3,0,0,0.0
2026-09-23 03:19:28,20260922,3,9,1-4-6,3.08,43.4,133.79,1.337,100.0,settled,1-2-3,0,0,0.0
2026-09-23 03:19:28,20260922,3,9,1-5-2,1.01,237.3,240.79,2.397,100.0,settled,1-2-3,0,0,0.0
2026-09-23 03:19:28,20260922,3,9,1-5-3,0.59,289.1,169.79,1.706,100.0,settled,1-2-3,0,0,0.0
2026-09-23 03:19:28,20260922,3,9,1-5-4,1.19,299.7,357.03,3.566,100.0,settled,1-2-3,0,0,0.0
2026-09-23 03:19:28,20260922,6,1,1-5-2,1.46,91.8,134.41,1.34,100.0,settled,1-2-4,0,0,0.0
2026-09-23 03:19:28,20260922,6,1,1-5-3,3.07,35.9,110.34,1.102,100.0,settled,1-2-4,0,0,0.0
2026-09-23 03:19:28,20260922,6,2,1-2-5,1.5,131.3,196.32,1.97,100.0,settled,1-6-4,0,0,0.0
2026-09-23 03:19:28,20260922,6,2,1-3-2,2.8,36.1,100.97,1.011,100.0,settled,1-6-4,0,0,0.0
2026-09-23 03:19:28,20260922,6,2,1-3-5,1.02,140.2,143.31,1.43,100.0,settled,1-6-4,0,0,0.0
2026-09-23 03:19:28,20260922,6,2,1-5-2,1.06,428.9,456.22,4.546,100.0,settled,1-6-4,0,0,0.0
2026-09-23 03:19:28,20260922,6,2,1-5-3,0.82,334.4,275.61,2.742,100.0,settled,1-6-4,0,0,0.0
2026-09-23 03:19:28,20260922,6,2,1-5-4,0.24,443.3,108.25,1.064,100.0,settled,1-6-4,0,0,0.0
2026-09-23 03:19:28,20260922,6,2,1-5-6,0.8,358.0,285.29,2.864,100.0,settled,1-6-4,0,0,0.0
2026-09-23 03:19:28,20260922,6,2,1-6-5,0.73,260.5,190.32,1.902,100.0,settled,1-6-4,0,0,0.0
2026-09-23 03:19:28,20260922,6,3,1-2-5,1.57,151.2,237.61,2.374,100.0,settled,1-3-2,0,0,0.0
2026-09-23 03:19:28,20260922,6,3,1-4-5,2.91,127.3,370.95,3.704,100.0,settled,1-3-2,0,0,0.0
2026-09-23 03:19:28,20260922,6,3,1-4-6,2.24,73.4,164.12,1.644,100.0,settled,1-3-2,0,0,0.0
2026-09-23 03:19:28,20260922,6,3,1-5-2,1.25,418.3,524.76,5.229,100.0,settled,1-3-2,0,0,0.0
2026-09-23 03:19:28,20260922,6,3,1-5-3,0.9,324.1,290.46,2.917,100.0,settled,1-3-2,0,0,0.0
2026-09-23 03:19:28,20260922,6,3,1-5-4,1.88,264.6,497.84,4.974,100.0,settled,1-3-2,0,0,0.0
2026-09-23 03:19:28,20260922,6,3,1-5-6,0.39,646.8,250.76,2.523,100.0,settled,1-3-2,0,0,0.0
2026-09-23 03:19:28,20260922,6,3,1-6-5,0.21,652.9,138.28,1.371,100.0,settled,1-3-2,0,0,0.0
2026-09-23 03:19:28,20260922,6,4,1-2-5,5.4,35.5,191.87,1.917,100.0,settled,1-3-2,0,0,0.0
2026-09-23 03:19:28,20260922,6,4,1-3-5,6.13,37.3,228.73,2.286,100.0,settled,1-3-2,0,0,0.0
2026-09-23 03:19:28,20260922,6,4,1-5-2,2.07,87.2,180.88,1.805,100.0,settled,1-3-2,0,0,0.0
2026-09-23 03:19:28,20260922,6,4,1-5-3,2.93,88.9,260.63,2.605,100.0,settled,1-3-2,0,0,0.0
2026-09-23 03:19:28,20260922,6,5,1-2-6,3.62,58.6,211.96,2.121,100.0,settled,1-5-2,0,0,0.0
2026-09-23 03:19:28,20260922,6,5,1-4-6,1.59,107.3,170.82,1.706,100.0,settled,1-5-2,0,0,0.0
2026-09-23 03:19:28,20260922,6,5,1-5-6,1.67,62.6,104.4,1.045,100.0,settled,1-5-2,0,0,0.0
2026-09-23 03:19:28,20260922,6,5,1-6-2,1.9,160.5,305.5,3.05,100.0,settled,1-5-2,0,0,0.0
2026-09-23 03:19:28,20260922,6,5,1-6-4,1.34,239.1,320.92,3.204,100.0,settled,1-5-2,0,0,0.0
2026-09-23 03:19:28,20260922,6,5,1-6-5,1.52,131.3,199.62,1.996,100.0,settled,1-5-2,0,0,0.0
2026-09-23 03:19:28,20260922,6,6,1-3-5,2.83,38.3,108.55,1.084,100.0,settled,4-1-3,0,0,0.0
2026-09-23 03:19:28,20260922,6,7,1-2-6,3.18,189.5,601.72,6.026,100.0,settled,4-3-1,0,0,0.0
2026-09-23 03:19:28,20260922,6,7,1-3-6,1.81,91.2,164.86,1.651,100.0,settled,4-3-1,0,0,0.0
2026-09-23 03:19:28,20260922,6,7,1-6-2,2.1,429.7,904.39,9.024,100.0,settled,4-3-1,0,0,0.0
2026-09-23 03:19:28,20260922,6,7,1-6-3,1.65,403.1,665.12,6.651,100.0,settled,4-3-1,0,0,0.0
2026-09-23 03:19:28,20260922,6,7,1-6-4,0.46,444.4,206.56,2.044,100.0,settled,4-3-1,0,0,0.0
2026-09-23 03:19:28,20260922,6,7,1-6-5,0.27,493.2,131.54,1.332,100.0,settled,4-3-1,0,0,0.0
2026-09-23 03:19:28,20260922,6,8,1-2-4,4.22,23.8,100.46,1.004,100.0,settled,6-2-3,0,0,0.0
2026-09-23 03:19:28,20260922,6,8,1-4-5,3.68,33.7,124.16,1.24,100.0,settled,6-2-3,0,0,0.0
2026-09-23 03:19:28,20260922,6,8,1-5-4,0.87,120.9,105.46,1.052,100.0,settled,6-2-3,0,0,0.0
2026-09-23 03:19:28,20260922,6,9,1-2-6,0.84,140.1,117.39,1.177,100.0,settled,1-5-2,0,0,0.0
2026-09-23 03:19:28,20260922,6,9,1-3-4,2.23,50.5,112.49,1.126,100.0,settled,1-5-2,0,0,0.0
2026-09-23 03:19:28,20260922,6,9,1-3-6,1.0,157.6,157.38,1.576,100.0,settled,1-5-2,0,0,0.0
2026-09-23 03:19:28,20260922,6,9,1-6-3,0.21,495.0,101.97,1.039,100.0,settled,1-5-2,0,0,0.0
2026-09-23 03:19:28,20260922,6,10,1-2-5,1.16,171.5,199.66,1.989,100.0,settled,4-6-5,0,0,0.0
2026-09-23 03:19:28,20260922,6,10,1-3-2,13.43,22.9,307.43,3.075,100.0,settled,4-6-5,0,0,0.0
2026-09-23 03:19:28,20260922,6,10,1-5-2,0.86,225.4,192.76,1.938,100.0,settled,4-6-5,0,0,0.0
2026-09-23 03:19:28,20260922,6,10,1-5-3,1.97,177.0,348.02,3.487,100.0,settled,4-6-5,0,0,0.0
2026-09-23 03:19:28,20260922,6,10,1-5-6,1.41,168.5,238.38,2.376,100.0,settled,4-6-5,0,0,0.0
2026-09-23 03:19:28,20260922,6,10,1-6-2,2.31,108.1,249.72,2.497,100.0,settled,4-6-5,0,0,0.0
2026-09-23 03:19:28,20260922,6,10,1-6-3,5.3,46.2,245.08,2.449,100.0,settled,4-6-5,0,0,0.0
2026-09-23 03:19:28,20260922,6,10,1-6-5,1.64,179.3,293.25,2.941,100.0,settled,4-6-5,0,0,0.0
2026-09-23 03:19:28,20260922,6,12,1-2-5,8.71,25.4,221.12,2.212,100.0,settled,1-2-3,0,0,0.0
2026-09-23 03:19:28,20260922,6,12,1-4-5,6.26,29.7,185.8,1.859,100.0,settled,1-2-3,0,0,0.0
2026-09-23 03:19:28,20260922,6,12,1-5-2,2.77,59.6,165.12,1.651,100.0,settled,1-2-3,0,0,0.0
2026-09-23 03:19:28,20260922,6,12,1-5-3,1.05,100.2,105.69,1.052,100.0,settled,1-2-3,0,0,0.0
2026-09-23 03:19:28,20260922,6,12,1-5-4,2.41,88.6,213.56,2.135,100.0,settled,1-2-3,0,0,0.0
2026-09-23 03:19:28,20260922,8,1,1-2-6,4.56,74.3,338.7,3.388,100.0,settled,1-2-4,0,0,0.0
2026-09-23 03:19:28,20260922,8,1,1-3-6,5.35,99.9,534.55,5.345,100.0,settled,1-2-4,0,0,0.0
2026-09-23 03:19:28,20260922,8,1,1-5-3,2.93,36.8,107.93,1.078,100.0,settled,1-2-4,0,0,0.0
2026-09-23 03:19:28,20260922,8,1,1-5-6,1.43,202.9,290.39,2.901,100.0,settled,1-2-4,0,0,0.0
2026-09-23 03:19:28,20260922,8,1,1-6-2,2.3,280.3,644.47,6.447,100.0,settled,1-2-4,0,0,0.0
2026-09-23 03:19:28,20260922,8,1,1-6-3,2.66,404.5,1074.15,10.76,100.0,settled,1-2-4,0,0,0.0
2026-09-23 03:19:28,20260922,8,1,1-6-4,0.46,488.9,227.34,2.249,100.0,settled,1-2-4,0,0,0.0
2026-09-23 03:19:28,20260922,8,1,1-6-5,1.26,515.3,650.72,6.493,100.0,settled,1-2-4,0,0,0.0
2026-09-23 03:19:28,20260922,8,2,1-2-4,3.3,67.4,222.4,2.224,100.0,settled,2-4-6,0,0,0.0
2026-09-23 03:19:28,20260922,8,2,1-2-6,6.79,40.1,272.46,2.723,100.0,settled,2-4-6,0,0,0.0
2026-09-23 03:19:28,20260922,8,2,1-4-5,0.55,284.3,156.19,1.564,100.0,settled,2-4-6,0,0,0.0
2026-09-23 03:19:28,20260922,8,2,1-4-6,0.51,346.0,175.18,1.765,100.0,settled,2-4-6,0,0,0.0
2026-09-23 03:19:28,20260922,8,2,1-5-4,0.94,175.5,165.32,1.65,100.0,settled,2-4-6,0,0,0.0
2026-09-23 03:19:28,20260922,8,2,1-5-6,2.86,55.7,159.07,1.593,100.0,settled,2-4-6,0,0,0.0
2026-09-23 03:19:28,20260922,8,2,1-6-2,1.75,120.8,211.28,2.114,100.0,settled,2-4-6,0,0,0.0
2026-09-23 03:19:28,20260922,8,2,1-6-5,1.47,129.4,189.84,1.902,100.0,settled,2-4-6,0,0,0.0
2026-09-23 03:19:28,20260922,8,3,1-2-3,2.53,64.5,163.13,1.632,100.0,settled,5-2-1,0,0,0.0
2026-09-23 03:19:28,20260922,8,3,1-2-4,2.17,66.3,144.03,1.439,100.0,settled,5-2-1,0,0,0.0
2026-09-23 03:19:28,20260922,8,3,1-2-5,4.07,40.5,164.71,1.648,100.0,settled,5-2-1,0,0,0.0
2026-09-23 03:19:28,20260922,8,3,1-3-2,2.0,86.3,172.48,1.726,100.0,settled,5-2-1,0,0,0.0
2026-09-23 03:19:28,20260922,8,3,1-4-2,1.33,88.6,118.02,1.178,100.0,settled,5-2-1,0,0,0.0
2026-09-23 03:19:28,20260922,8,3,1-5-2,2.64,44.8,118.43,1.183,100.0,settled,5-2-1,0,0,0.0
2026-09-23 03:19:28,20260922,8,4,1-2-6,3.09,55.5,171.45,1.715,100.0,settled,6-5-1,0,0,0.0
2026-09-23 03:19:28,20260922,8,4,1-3-2,3.94,26.3,103.58,1.036,100.0,settled,6-5-1,0,0,0.0
2026-09-23 03:19:28,20260922,8,4,1-4-6,1.3,111.5,144.88,1.45,100.0,settled,6-5-1,0,0,0.0
2026-09-23 03:19:28,20260922,8,4,1-5-6,1.98,61.2,121.43,1.212,100.0,settled,6-5-1,0,0,0.0
2026-09-23 03:19:28,20260922,8,4,1-6-2,2.65,71.9,190.64,1.905,100.0,settled,6-5-1,0,0,0.0
2026-09-23 03:19:28,20260922,8,4,1-6-3,4.47,46.8,209.34,2.092,100.0,settled,6-5-1,0,0,0.0
2026-09-23 03:19:28,20260922,8,4,1-6-4,1.6,135.0,216.49,2.16,100.0,settled,6-5-1,0,0,0.0
2026-09-23 03:19:28,20260922,8,4,1-6-5,2.27,64.7,146.78,1.469,100.0,settled,6-5-1,0,0,0.0
2026-09-23 03:19:28,20260922,8,5,1-2-4,3.51,30.6,107.42,1.074,100.0,settled,6-4-2,0,0,0.0
2026-09-23 03:19:28,20260922,8,5,1-4-5,3.94,60.7,239.09,2.392,100.0,settled,6-4-2,0,0,0.0
2026-09-23 03:19:28,20260922,8,5,1-5-4,1.13,111.1,125.14,1.255,100.0,settled,6-4-2,0,0,0.0
2026-09-23 03:19:28,20260922,8,7,1-4-2,1.01,365.1,370.28,3.688,100.0,settled,1-6-2,0,0,0.0
2026-09-23 03:19:28,20260922,8,7,1-4-3,0.47,639.6,303.62,3.006,100.0,settled,1-6-2,0,0,0.0
2026-09-23 03:19:28,20260922,8,7,1-4-5,0.97,727.6,708.46,7.058,100.0,settled,1-6-2,0,0,0.0
2026-09-23 03:19:28,20260922,8,7,1-4-6,2.61,367.8,961.02,9.6,100.0,settled,1-6-2,0,0,0.0
2026-09-23 03:19:28,20260922,8,7,1-5-4,0.75,639.6,480.72,4.797,100.0,settled,1-6-2,0,0,0.0
2026-09-23 03:19:28,20260922,8,7,1-5-6,4.23,122.4,517.86,5.178,100.0,settled,1-6-2,0,0,0.0
2026-09-23 03:19:28,20260922,8,7,1-6-4,3.85,132.1,508.14,5.086,100.0,settled,1-6-2,0,0,0.0
2026-09-23 03:19:28,20260922,8,7,1-6-5,5.77,42.1,243.03,2.429,100.0,settled,1-6-2,0,0,0.0
2026-09-23 03:19:28,20260922,8,8,1-2-6,1.14,94.0,107.21,1.072,100.0,settled,3-1-2,0,0,0.0
2026-09-23 03:19:28,20260922,8,8,1-4-3,5.7,23.9,136.29,1.362,100.0,settled,3-1-2,0,0,0.0
2026-09-23 03:19:28,20260922,8,8,1-4-6,4.93,40.9,201.76,2.016,100.0,settled,3-1-2,0,0,0.0
2026-09-23 03:19:28,20260922,8,8,1-6-2,1.25,136.7,171.2,1.709,100.0,settled,3-1-2,0,0,0.0
2026-09-23 03:19:28,20260922,8,8,1-6-3,6.64,37.6,249.64,2.497,100.0,settled,3-1-2,0,0,0.0
2026-09-23 03:19:28,20260922,8,8,1-6-4,2.53,77.3,195.47,1.956,100.0,settled,3-1-2,0,0,0.0
2026-09-23 03:19:28,20260922,8,9,1-3-4,4.45,48.8,216.96,2.172,100.0,settled,1-3-6,0,0,0.0
2026-09-23 03:19:28,20260922,8,9,1-3-5,3.64,35.6,129.41,1.296,100.0,settled,1-3-6,0,0,0.0
2026-09-23 03:19:28,20260922,8,9,1-3-6,3.05,56.4,171.8,1.72,100.0,settled,1-3-6,1,5640.0,5640.0
2026-09-23 03:19:28,20260922,8,9,1-4-3,2.02,124.0,250.94,2.505,100.0,settled,1-3-6,0,0,0.0
2026-09-23 03:19:28,20260922,8,9,1-4-5,0.49,244.1,118.78,1.196,100.0,settled,1-3-6,0,0,0.0
2026-09-23 03:19:28,20260922,8,9,1-4-6,0.46,283.2,128.97,1.303,100.0,settled,1-3-6,0,0,0.0
2026-09-23 03:19:28,20260922,8,9,1-5-3,1.21,96.2,116.33,1.164,100.0,settled,1-3-6,0,0,0.0
2026-09-23 03:19:28,20260922,8,9,1-6-3,0.65,198.6,129.43,1.291,100.0,settled,1-3-6,0,0,0.0
2026-09-23 03:19:28,20260922,8,11,1-2-6,4.19,33.4,139.9,1.399,100.0,settled,2-1-5,0,0,0.0
2026-09-23 03:19:28,20260922,8,11,1-6-2,0.72,155.4,111.7,1.119,100.0,settled,2-1-5,0,0,0.0
2026-09-23 03:19:28,20260922,8,11,1-6-3,0.46,338.8,155.71,1.558,100.0,settled,2-1-5,0,0,0.0
2026-09-23 03:19:28,20260922,10,1,1-2-3,7.86,28.0,220.1,2.201,100.0,settled,1-4-6,0,0,0.0
2026-09-23 03:19:28,20260922,10,1,1-2-5,5.73,80.9,463.48,4.636,100.0,settled,1-4-6,0,0,0.0
2026-09-23 03:19:28,20260922,10,1,1-3-2,6.04,44.0,265.77,2.658,100.0,settled,1-4-6,0,0,0.0
2026-09-23 03:19:28,20260922,10,1,1-3-5,2.74,110.3,302.64,3.022,100.0,settled,1-4-6,0,0,0.0
2026-09-23 03:19:28,20260922,10,1,1-5-2,3.07,165.4,507.73,5.078,100.0,settled,1-4-6,0,0,0.0
2026-09-23 03:19:28,20260922,10,1,1-5-3,2.57,199.3,512.82,5.122,100.0,settled,1-4-6,0,0,0.0
2026-09-23 03:19:28,20260922,10,1,1-5-4,1.94,106.9,207.14,2.074,100.0,settled,1-4-6,0,0,0.0
2026-09-23 03:19:28,20260922,10,1,1-5-6,1.5,110.9,166.64,1.663,100.0,settled,1-4-6,0,0,0.0
2026-09-23 03:19:28,20260922,10,2,1-2-3,9.45,25.6,241.83,2.419,100.0,settled,1-4-2,0,0,0.0
2026-09-23 03:19:28,20260922,10,2,1-3-2,3.83,74.1,283.54,2.838,100.0,settled,1-4-2,0,0,0.0
2026-09-23 03:19:28,20260922,10,2,1-3-4,1.38,149.6,206.88,2.064,100.0,settled,1-4-2,0,0,0.0
2026-09-23 03:19:28,20260922,10,2,1-3-5,1.02,193.0,196.74,1.969,100.0,settled,1-4-2,0,0,0.0
2026-09-23 03:19:28,20260922,10,2,1-4-3,1.27,126.7,160.36,1.609,100.0,settled,1-4-2,0,0,0.0
2026-09-23 03:19:28,20260922,10,2,1-5-2,3.74,31.2,116.59,1.167,100.0,settled,1-4-2,0,0,0.0
2026-09-23 03:19:28,20260922,10,2,1-5-3,1.11,227.1,251.35,2.521,100.0,settled,1-4-2,0,0,0.0
2026-09-23 03:19:28,20260922,10,3,1-2-6,0.63,325.6,206.07,2.051,100.0,settled,1-4-2,0,0,0.0
2026-09-23 03:19:28,20260922,10,3,1-3-6,2.7,347.2,936.68,9.374,100.0,settled,1-4-2,0,0,0.0
2026-09-23 03:19:28,20260922,10,3,1-5-3,5.24,46.0,241.07,2.41,100.0,settled,1-4-2,0,0,0.0
2026-09-23 03:19:28,20260922,10,3,1-5-6,0.92,537.2,493.15,4.942,100.0,settled,1-4-2,0,0,0.0
2026-09-23 03:19:28,20260922,10,3,1-6-2,0.27,1062.0,286.42,2.867,100.0,settled,1-4-2,0,0,0.0
2026-09-23 03:19:28,20260922,10,3,1-6-3,0.7,1464.0,1032.12,10.248,100.0,settled,1-4-2,0,0,0.0
2026-09-23 03:19:28,20260922,10,3,1-6-4,0.2,1285.0,260.34,2.57,100.0,settled,1-4-2,0,0,0.0
2026-09-23 03:19:28,20260922,10,3,1-6-5,0.42,1701.0,721.22,7.144,100.0,settled,1-4-2,0,0,0.0
2026-09-23 03:19:28,20260922,10,4,1-2-6,3.65,75.3,274.57,2.748,100.0,settled,2-1-3,0,0,0.0
2026-09-23 03:19:28,20260922,10,4,1-3-6,2.24,69.4,155.62,1.555,100.0,settled,2-1-3,0,0,0.0
2026-09-23 03:19:28,20260922,10,4,1-4-6,4.46,38.7,172.59,1.726,100.0,settled,2-1-3,0,0,0.0
2026-09-23 03:19:28,20260922,10,4,1-6-2,1.44,305.5,441.26,4.399,100.0,settled,2-1-3,0,0,0.0
2026-09-23 03:19:28,20260922,10,4,1-6-3,1.21,306.0,369.59,3.703,100.0,settled,2-1-3,0,0,0.0
2026-09-23 03:19:28,20260922,10,4,1-6-4,1.62,202.9,329.12,3.287,100.0,settled,2-1-3,0,0,0.0
2026-09-23 03:19:28,20260922,10,4,1-6-5,0.33,361.5,120.78,1.193,100.0,settled,2-1-3,0,0,0.0
2026-09-23 03:19:28,20260922,10,5,1-2-3,1.89,68.9,130.17,1.302,100.0,settled,3-2-1,0,0,0.0
2026-09-23 03:19:28,20260922,10,5,1-2-4,0.35,495.9,172.18,1.736,100.0,settled,3-2-1,0,0,0.0
2026-09-23 03:19:28,20260922,10,5,1-3-2,6.66,50.1,333.66,3.337,100.0,settled,3-2-1,0,0,0.0
2026-09-23 03:19:28,20260922,10,5,1-3-4,1.08,304.9,329.84,3.293,100.0,settled,3-2-1,0,0,0.0
2026-09-23 03:19:28,20260922,10,5,1-3-5,1.49,69.6,103.67,1.037,100.0,settled,3-2-1,0,0,0.0
2026-09-23 03:19:28,20260922,10,5,1-4-2,0.23,846.0,194.66,1.946,100.0,settled,3-2-1,0,0,0.0
2026-09-23 03:19:28,20260922,10,5,1-4-3,0.43,879.1,378.72,3.78,100.0,settled,3-2-1,0,0,0.0
2026-09-23 03:19:28,20260922,10,5,1-4-5,0.13,1361.0,175.43,1.769,100.0,settled,3-2-1,0,0,0.0
2026-09-23 03:19:28,20260922,10,7,1-2-4,11.48,22.3,255.93,2.56,100.0,settled,4-3-2,0,0,0.0
2026-09-23 03:19:28,20260922,10,7,1-2-5,3.42,74.8,256.08,2.558,100.0,settled,4-3-2,0,0,0.0
2026-09-23 03:19:28,20260922,10,7,1-2-6,1.44,376.6,541.1,5.423,100.0,settled,4-3-2,0,0,0.0
2026-09-23 03:19:28,20260922,10,7,1-4-2,10.76,30.2,325.02,3.25,100.0,settled,4-3-2,0,0,0.0
2026-09-23 03:19:28,20260922,10,7,1-4-5,2.85,100.4,286.63,2.861,100.0,settled,4-3-2,0,0,0.0
2026-09-23 03:19:28,20260922,10,7,1-4-6,1.14,493.9,562.9,5.63,100.0,settled,4-3-2,0,0,0.0
2026-09-23 03:19:28,20260922,10,7,1-5-4,0.99,239.8,238.51,2.374,100.0,settled,4-3-2,0,0,0.0
2026-09-23 03:19:28,20260922,10,7,1-6-4,0.21,1299.0,266.55,2.728,100.0,settled,4-3-2,0,0,0.0
2026-09-23 03:19:28,20260922,10,10,1-2-5,3.16,60.6,191.59,1.915,100.0,settled,3-5-1,0,0,0.0
2026-09-23 03:19:28,20260922,10,10,1-2-6,1.19,184.3,219.39,2.193,100.0,settled,3-5-1,0,0,0.0
2026-09-23 03:19:28,20260922,10,10,1-4-6,0.51,362.5,184.51,1.849,100.0,settled,3-5-1,0,0,0.0
2026-09-23 03:19:28,20260922,10,10,1-5-2,2.88,53.2,153.41,1.532,100.0,settled,3-5-1,0,0,0.0
2026-09-23 03:19:28,20260922,10,10,1-5-6,2.41,78.7,189.98,1.897,100.0,settled,3-5-1,0,0,0.0
2026-09-23 03:19:28,20260922,10,10,1-6-2,0.47,528.6,250.87,2.484,100.0,settled,3-5-1,0,0,0.0
2026-09-23 03:19:28,20260922,10,10,1-6-4,0.38,787.2,299.21,2.991,100.0,settled,3-5-1,0,0,0.0
2026-09-23 03:19:28,20260922,10,10,1-6-5,1.12,295.4,331.32,3.308,100.0,settled,3-5-1,0,0,0.0
2026-09-23 03:19:28,20260922,10,11,1-6-2,0.86,161.7,138.93,1.391,100.0,settled,1-2-4,0,0,0.0
2026-09-23 03:19:28,20260922,10,11,1-6-4,0.71,170.5,121.33,1.211,100.0,settled,1-2-4,0,0,0.0
2026-09-23 03:19:28,20260922,11,2,1-2-6,0.98,203.0,198.9,1.989,100.0,settled,2-3-4,0,0,0.0
2026-09-23 03:19:28,20260922,11,2,1-3-4,3.31,38.5,127.56,1.274,100.0,settled,2-3-4,0,0,0.0
2026-09-23 03:19:28,20260922,11,2,1-3-6,0.9,167.1,149.69,1.504,100.0,settled,2-3-4,0,0,0.0
2026-09-23 03:19:28,20260922,11,2,1-4-2,1.75,73.3,128.33,1.283,100.0,settled,2-3-4,0,0,0.0
2026-09-23 03:19:28,20260922,11,2,1-4-3,2.44,73.0,177.78,1.781,100.0,settled,2-3-4,0,0,0.0
2026-09-23 03:19:28,20260922,11,2,1-6-2,0.17,591.1,101.43,1.005,100.0,settled,2-3-4,0,0,0.0
2026-09-23 03:19:28,20260922,11,2,1-6-3,0.19,676.2,128.07,1.285,100.0,settled,2-3-4,0,0,0.0
2026-09-23 03:19:28,20260922,11,3,1-6-2,2.36,48.3,113.77,1.14,100.0,settled,1-2-4,0,0,0.0
2026-09-23 03:19:28,20260922,11,3,1-6-3,1.16,106.0,123.23,1.23,100.0,settled,1-2-4,0,0,0.0
2026-09-23 03:19:28,20260922,11,3,1-6-5,1.41,82.5,116.69,1.163,100.0,settled,1-2-4,0,0,0.0
2026-09-23 03:19:28,20260922,11,4,1-5-3,1.72,73.9,127.15,1.271,100.0,settled,4-2-5,0,0,0.0
2026-09-23 03:19:28,20260922,11,5,1-2-3,18.09,22.5,406.93,4.07,100.0,settled,1-2-5,0,0,0.0
2026-09-23 03:19:28,20260922,11,5,1-2-5,3.47,32.7,113.45,1.135,100.0,settled,1-2-5,1,3270.0,3270.0
2026-09-23 03:19:28,20260922,11,6,1-2-4,7.49,33.6,251.77,2.517,100.0,settled,1-5-4,0,0,0.0
2026-09-23 03:19:28,20260922,11,6,1-3-4,1.38,85.2,117.42,1.176,100.0,settled,1-5-4,0,0,0.0
2026-09-23 03:19:28,20260922,11,6,1-4-2,3.48,78.4,272.96,2.728,100.0,settled,1-5-4,0,0,0.0
2026-09-23 03:19:28,20260922,11,6,1-4-3,1.35,151.2,203.76,2.041,100.0,settled,1-5-4,0,0,0.0
2026-09-23 03:19:28,20260922,11,6,1-4-5,0.93,136.4,127.48,1.269,100.0,settled,1-5-4,0,0,0.0
2026-09-23 03:19:28,20260922,11,8,1-5-6,1.34,82.8,110.8,1.11,100.0,settled,3-5-1,0,0,0.0
2026-09-23 03:19:28,20260922,11,8,1-6-3,0.58,180.7,105.47,1.048,100.0,settled,3-5-1,0,0,0.0
2026-09-23 03:19:28,20260922,11,8,1-6-5,0.51,236.1,120.2,1.204,100.0,settled,3-5-1,0,0,0.0
2026-09-23 03:19:28,20260922,11,9,1-2-3,5.53,21.1,116.59,1.167,100.0,settled,1-3-6,0,0,0.0
2026-09-23 03:19:28,20260922,11,9,1-2-4,5.08,25.8,131.03,1.311,100.0,settled,1-3-6,0,0,0.0
2026-09-23 03:19:28,20260922,11,9,1-2-5,3.28,64.0,209.97,2.099,100.0,settled,1-3-6,0,0,0.0
2026-09-23 03:19:28,20260922,11,9,1-2-6,6.21,34.7,215.62,2.155,100.0,settled,1-3-6,0,0,0.0
2026-09-23 03:19:28,20260922,11,9,1-6-2,3.35,46.4,155.51,1.554,100.0,settled,1-3-6,0,0,0.0
2026-09-23 03:19:28,20260922,11,10,1-2-4,8.91,34.8,310.18,3.101,100.0,settled,3-1-2,0,0,0.0
2026-09-23 03:19:28,20260922,11,10,1-2-5,4.04,48.4,195.55,1.955,100.0,settled,3-1-2,0,0,0.0
2026-09-23 03:19:28,20260922,11,10,1-2-6,3.01,45.8,137.66,1.379,100.0,settled,3-1-2,0,0,0.0
2026-09-23 03:19:28,20260922,11,10,1-4-2,4.83,50.0,241.54,2.415,100.0,settled,3-1-2,0,0,0.0
2026-09-23 03:19:28,20260922,11,10,1-4-3,4.37,26.9,117.61,1.176,100.0,settled,3-1-2,0,0,0.0
2026-09-23 03:19:28,20260922,11,10,1-4-5,1.61,66.1,106.65,1.064,100.0,settled,3-1-2,0,0,0.0
2026-09-23 03:19:28,20260922,11,11,1-2-5,5.63,21.7,122.25,1.222,100.0,settled,1-3-5,0,0,0.0
2026-09-23 03:19:28,20260922,11,11,1-5-2,2.26,64.5,145.72,1.458,100.0,settled,1-3-5,0,0,0.0
2026-09-23 03:19:28,20260922,11,11,1-5-3,1.5,97.8,146.55,1.467,100.0,settled,1-3-5,0,0,0.0
2026-09-23 03:19:28,20260922,11,11,1-5-4,3.13,52.1,163.22,1.631,100.0,settled,1-3-5,0,0,0.0
2026-09-23 03:19:28,20260922,11,11,1-5-6,1.37,146.9,200.93,2.013,100.0,settled,1-3-5,0,0,0.0
2026-09-23 03:19:28,20260922,11,11,1-6-3,0.39,282.7,110.34,1.103,100.0,settled,1-3-5,0,0,0.0
2026-09-23 03:19:28,20260922,11,11,1-6-4,1.01,137.9,139.33,1.393,100.0,settled,1-3-5,0,0,0.0
2026-09-23 03:19:28,20260922,11,11,1-6-5,0.54,276.2,148.93,1.491,100.0,settled,1-3-5,0,0,0.0
2026-09-23 03:19:28,20260922,11,12,1-2-6,3.91,30.7,120.17,1.2,100.0,settled,4-2-6,0,0,0.0
2026-09-23 03:19:28,20260922,11,12,1-3-6,3.78,33.7,127.39,1.274,100.0,settled,4-2-6,0,0,0.0
2026-09-23 03:19:28,20260922,11,12,1-6-2,1.17,97.2,114.02,1.137,100.0,settled,4-2-6,0,0,0.0
2026-09-23 03:19:28,20260922,11,12,1-6-3,1.15,123.5,142.09,1.42,100.0,settled,4-2-6,0,0,0.0
2026-09-23 03:19:28,20260922,11,12,1-6-4,1.33,93.7,125.01,1.246,100.0,settled,4-2-6,0,0,0.0
2026-09-23 03:19:28,20260922,11,12,1-6-5,0.81,128.3,103.6,1.039,100.0,settled,4-2-6,0,0,0.0
2026-09-23 03:19:28,20260922,12,1,1-2-6,1.29,223.8,289.08,2.887,100.0,settled,1-5-3,0,0,0.0
2026-09-23 03:19:28,20260922,12,1,1-3-6,1.19,151.0,179.01,1.797,100.0,settled,1-5-3,0,0,0.0
2026-09-23 03:19:28,20260922,12,1,1-4-2,3.64,30.8,112.22,1.121,100.0,settled,1-5-3,0,0,0.0
2026-09-23 03:19:28,20260922,12,1,1-4-6,0.6,264.6,159.53,1.588,100.0,settled,1-5-3,0,0,0.0
2026-09-23 03:19:28,20260922,12,1,1-5-6,0.73,168.5,122.8,1.23,100.0,settled,1-5-3,0,0,0.0
2026-09-23 03:19:28,20260922,12,1,1-6-2,0.3,662.8,198.24,1.988,100.0,settled,1-5-3,0,0,0.0
2026-09-23 03:19:28,20260922,12,1,1-6-3,0.29,544.9,158.46,1.58,100.0,settled,1-5-3,0,0,0.0
2026-09-23 03:19:28,20260922,12,1,1-6-5,0.28,581.7,163.46,1.629,100.0,settled,1-5-3,0,0,0.0
2026-09-23 03:19:28,20260922,12,2,1-2-6,0.72,212.3,152.71,1.529,100.0,settled,2-1-3,0,0,0.0
2026-09-23 03:19:28,20260922,12,2,1-3-6,0.81,163.9,131.96,1.328,100.0,settled,2-1-3,0,0,0.0
2026-09-23 03:19:28,20260922,12,2,1-4-6,0.89,277.5,247.31,2.47,100.0,settled,2-1-3,0,0,0.0
2026-09-23 03:19:28,20260922,12,3,1-4-3,4.74,25.4,120.52,1.204,100.0,settled,2-1-3,0,0,0.0
2026-09-23 03:19:28,20260922,12,3,1-4-5,1.78,70.2,124.92,1.25,100.0,settled,2-1-3,0,0,0.0
2026-09-23 03:19:28,20260922,12,3,1-5-4,0.56,184.3,103.96,1.032,100.0,settled,2-1-3,0,0,0.0
2026-09-23 03:19:28,20260922,12,4,1-2-4,7.01,32.9,230.67,2.306,100.0,settled,2-1-3,0,0,0.0
2026-09-23 03:19:28,20260922,12,4,1-4-2,3.26,138.4,451.24,4.512,100.0,settled,2-1-3,0,0,0.0
2026-09-23 03:19:28,20260922,12,4,1-4-3,1.79,176.5,315.78,3.159,100.0,settled,2-1-3,0,0,0.0
2026-09-23 03:19:28,20260922,12,4,1-4-5,0.99,232.5,230.78,2.302,100.0,settled,2-1-3,0,0,0.0
2026-09-23 03:19:28,20260922,12,4,1-4-6,2.83,118.7,336.25,3.359,100.0,settled,2-1-3,0,0,0.0
2026-09-23 03:19:28,20260922,12,4,1-5-2,1.71,82.1,140.6,1.404,100.0,settled,2-1-3,0,0,0.0
2026-09-23 03:19:28,20260922,12,4,1-5-4,0.69,238.1,164.36,1.643,100.0,settled,2-1-3,0,0,0.0
2026-09-23 03:19:28,20260922,12,4,1-6-4,1.94,97.3,189.15,1.888,100.0,settled,2-1-3,0,0,0.0
2026-09-23 03:19:28,20260922,12,5,1-2-5,5.3,50.3,266.52,2.666,100.0,settled,6-5-1,0,0,0.0
2026-09-23 03:19:28,20260922,12,5,1-3-5,4.74,48.7,231.02,2.308,100.0,settled,6-5-1,0,0,0.0
2026-09-23 03:19:28,20260922,12,5,1-5-2,3.95,104.2,411.52,4.116,100.0,settled,6-5-1,0,0,0.0
2026-09-23 03:19:28,20260922,12,5,1-5-3,3.71,111.4,413.18,4.133,100.0,settled,6-5-1,0,0,0.0
2026-09-23 03:19:28,20260922,12,5,1-5-4,1.07,156.0,166.19,1.669,100.0,settled,6-5-1,0,0,0.0
2026-09-23 03:19:28,20260922,12,5,1-5-6,5.81,66.5,386.5,3.864,100.0,settled,6-5-1,0,0,0.0
2026-09-23 03:19:28,20260922,12,5,1-6-5,4.61,44.4,204.82,2.047,100.0,settled,6-5-1,0,0,0.0
2026-09-23 03:19:28,20260922,12,6,1-3-2,10.39,21.1,219.32,2.192,100.0,settled,1-2-6,0,0,0.0
2026-09-23 03:19:28,20260922,12,6,1-3-4,4.17,30.4,126.83,1.268,100.0,settled,1-2-6,0,0,0.0
2026-09-23 03:19:28,20260922,12,6,1-3-5,1.56,141.4,221.01,2.206,100.0,settled,1-2-6,0,0,0.0
2026-09-23 03:19:28,20260922,12,6,1-4-5,1.0,149.0,149.07,1.49,100.0,settled,1-2-6,0,0,0.0
2026-09-23 03:19:28,20260922,12,6,1-5-3,0.61,302.4,183.74,1.845,100.0,settled,1-2-6,0,0,0.0
2026-09-23 03:19:28,20260922,12,6,1-5-4,0.39,338.0,131.79,1.318,100.0,settled,1-2-6,0,0,0.0
2026-09-23 03:19:28,20260922,12,6,1-5-6,0.7,183.8,127.78,1.287,100.0,settled,1-2-6,0,0,0.0
2026-09-23 03:19:28,20260922,12,6,1-6-5,1.16,104.1,121.18,1.208,100.0,settled,1-2-6,0,0,0.0
2026-09-23 03:19:28,20260922,12,7,1-2-4,7.25,23.7,171.87,1.718,100.0,settled,1-2-6,0,0,0.0
2026-09-23 03:19:28,20260922,12,7,1-2-5,3.11,47.7,148.12,1.483,100.0,settled,1-2-6,0,0,0.0
2026-09-23 03:19:28,20260922,12,7,1-4-2,6.06,42.0,254.36,2.545,100.0,settled,1-2-6,0,0,0.0
2026-09-23 03:19:28,20260922,12,7,1-4-3,4.31,37.0,159.58,1.595,100.0,settled,1-2-6,0,0,0.0
2026-09-23 03:19:28,20260922,12,7,1-4-5,2.9,101.2,293.49,2.935,100.0,settled,1-2-6,0,0,0.0
2026-09-23 03:19:28,20260922,12,7,1-4-6,5.58,30.5,170.19,1.702,100.0,settled,1-2-6,0,0,0.0
2026-09-23 03:19:28,20260922,12,7,1-5-2,1.7,84.0,143.07,1.428,100.0,settled,1-2-6,0,0,0.0
2026-09-23 03:19:28,20260922,12,7,1-5-4,1.68,146.8,246.98,2.466,100.0,settled,1-2-6,0,0,0.0
2026-09-23 03:19:28,20260922,12,8,1-2-6,11.59,20.9,242.28,2.422,100.0,settled,1-3-2,0,0,0.0
2026-09-23 03:19:28,20260922,12,8,1-3-6,3.97,42.3,168.0,1.679,100.0,settled,1-3-2,0,0,0.0
2026-09-23 03:19:28,20260922,12,8,1-6-2,5.48,97.0,531.78,5.316,100.0,settled,1-3-2,0,0,0.0
2026-09-23 03:19:28,20260922,12,8,1-6-3,3.08,144.7,445.3,4.457,100.0,settled,1-3-2,0,0,0.0
2026-09-23 03:19:28,20260922,12,8,1-6-4,0.82,245.8,201.88,2.016,100.0,settled,1-3-2,0,0,0.0
2026-09-23 03:19:28,20260922,12,8,1-6-5,0.59,333.7,197.25,1.969,100.0,settled,1-3-2,0,0,0.0
2026-09-23 03:19:28,20260922,12,9,1-4-3,6.18,22.0,135.89,1.36,100.0,settled,1-2-4,0,0,0.0
2026-09-23 03:19:28,20260922,12,9,1-4-5,3.04,42.3,128.73,1.286,100.0,settled,1-2-4,0,0,0.0
2026-09-23 03:19:28,20260922,12,9,1-4-6,1.73,58.6,101.58,1.014,100.0,settled,1-2-4,0,0,0.0
2026-09-23 03:19:28,20260922,12,9,1-5-4,1.78,64.7,114.95,1.152,100.0,settled,1-2-4,0,0,0.0
2026-09-23 03:19:28,20260922,12,10,1-2-6,3.14,56.6,177.68,1.777,100.0,settled,1-2-4,0,0,0.0
2026-09-23 03:19:28,20260922,12,10,1-4-2,10.44,29.1,303.9,3.038,100.0,settled,1-2-4,0,0,0.0
2026-09-23 03:19:28,20260922,12,10,1-4-3,5.12,32.0,164.0,1.638,100.0,settled,1-2-4,0,0,0.0
2026-09-23 03:19:28,20260922,12,10,1-4-5,3.79,61.6,233.32,2.335,100.0,settled,1-2-4,0,0,0.0
2026-09-23 03:19:28,20260922,12,10,1-4-6,2.44,125.4,306.49,3.06,100.0,settled,1-2-4,0,0,0.0
2026-09-23 03:19:28,20260922,12,10,1-5-4,1.6,87.3,139.37,1.397,100.0,settled,1-2-4,0,0,0.0
2026-09-23 03:19:28,20260922,12,10,1-6-2,0.45,226.6,101.0,1.02,100.0,settled,1-2-4,0,0,0.0
2026-09-23 03:19:28,20260922,12,10,1-6-4,0.4,347.7,137.79,1.391,100.0,settled,1-2-4,0,0,0.0
2026-09-23 03:19:28,20260922,12,11,1-2-5,5.65,20.9,118.03,1.181,100.0,settled,1-3-2,0,0,0.0
2026-09-23 03:19:28,20260922,12,12,1-2-3,5.46,21.0,114.58,1.147,100.0,settled,1-3-4,0,0,0.0
2026-09-23 03:19:28,20260922,12,12,1-3-5,3.83,28.6,109.52,1.095,100.0,settled,1-3-4,0,0,0.0
2026-09-23 03:19:28,20260922,12,12,1-3-6,5.28,31.5,166.35,1.663,100.0,settled,1-3-4,0,0,0.0
2026-09-23 03:19:28,20260922,12,12,1-5-3,2.15,64.9,139.55,1.395,100.0,settled,1-3-4,0,0,0.0
2026-09-23 03:19:28,20260922,12,12,1-5-6,1.68,76.0,127.89,1.277,100.0,settled,1-3-4,0,0,0.0
2026-09-23 03:19:28,20260922,12,12,1-6-2,1.04,107.4,111.59,1.117,100.0,settled,1-3-4,0,0,0.0
2026-09-23 03:19:28,20260922,12,12,1-6-3,1.95,147.4,288.02,2.874,100.0,settled,1-3-4,0,0,0.0
2026-09-23 03:19:28,20260922,12,12,1-6-5,0.87,136.3,118.98,1.186,100.0,settled,1-3-4,0,0,0.0
2026-09-23 03:19:28,20260922,16,1,1-3-6,4.02,74.3,298.69,2.987,100.0,settled,5-4-3,0,0,0.0
2026-09-23 03:19:28,20260922,16,1,1-4-3,4.44,31.4,139.29,1.394,100.0,settled,5-4-3,0,0,0.0
2026-09-23 03:19:28,20260922,16,1,1-4-6,1.85,76.8,142.42,1.421,100.0,settled,5-4-3,0,0,0.0
2026-09-23 03:19:28,20260922,16,1,1-5-3,5.02,36.7,184.13,1.842,100.0,settled,5-4-3,0,0,0.0
2026-09-23 03:19:28,20260922,16,1,1-5-6,2.08,60.9,126.38,1.267,100.0,settled,5-4-3,0,0,0.0
2026-09-23 03:19:28,20260922,16,1,1-6-3,1.8,100.0,180.25,1.8,100.0,settled,5-4-3,0,0,0.0
2026-09-23 03:19:28,20260922,16,2,1-3-6,2.21,89.5,198.19,1.978,100.0,settled,2-5-1,0,0,0.0
2026-09-23 03:19:28,20260922,16,2,1-4-3,2.34,86.9,203.4,2.033,100.0,settled,2-5-1,0,0,0.0
2026-09-23 03:19:28,20260922,16,2,1-4-6,1.9,205.6,391.07,3.906,100.0,settled,2-5-1,0,0,0.0
2026-09-23 03:19:28,20260922,16,2,1-5-6,2.32,103.8,241.02,2.408,100.0,settled,2-5-1,0,0,0.0
2026-09-23 03:19:28,20260922,16,2,1-6-2,1.02,187.8,192.27,1.916,100.0,settled,2-5-1,0,0,0.0
2026-09-23 03:19:28,20260922,16,2,1-6-3,1.36,234.5,318.36,3.189,100.0,settled,2-5-1,0,0,0.0
2026-09-23 03:19:28,20260922,16,2,1-6-4,0.96,376.0,361.52,3.61,100.0,settled,2-5-1,0,0,0.0
2026-09-23 03:19:28,20260922,16,2,1-6-5,1.56,221.6,345.39,3.457,100.0,settled,2-5-1,0,0,0.0
2026-09-23 03:19:28,20260922,16,4,1-5-6,1.65,67.4,111.08,1.112,100.0,settled,3-1-4,0,0,0.0
2026-09-23 03:19:28,20260922,16,4,1-6-2,1.5,85.5,128.49,1.282,100.0,settled,3-1-4,0,0,0.0
2026-09-23 03:19:28,20260922,16,4,1-6-3,1.66,96.5,160.39,1.602,100.0,settled,3-1-4,0,0,0.0
2026-09-23 03:19:28,20260922,16,4,1-6-5,1.5,78.3,117.69,1.174,100.0,settled,3-1-4,0,0,0.0
2026-09-23 03:19:28,20260922,16,5,1-2-3,4.75,22.8,108.24,1.083,100.0,settled,4-2-1,0,0,0.0
2026-09-23 03:19:28,20260922,16,5,1-2-5,2.57,54.7,140.63,1.406,100.0,settled,4-2-1,0,0,0.0
2026-09-23 03:19:28,20260922,16,5,1-3-2,3.93,54.1,212.51,2.126,100.0,settled,4-2-1,0,0,0.0
2026-09-23 03:19:28,20260922,16,5,1-3-4,2.77,69.3,191.72,1.92,100.0,settled,4-2-1,0,0,0.0
2026-09-23 03:19:28,20260922,16,5,1-3-5,0.59,170.1,100.41,1.004,100.0,settled,4-2-1,0,0,0.0
2026-09-23 03:19:28,20260922,16,5,1-4-3,4.22,43.4,183.19,1.831,100.0,settled,4-2-1,0,0,0.0
2026-09-23 03:19:28,20260922,16,5,1-4-5,2.52,57.2,144.19,1.441,100.0,settled,4-2-1,0,0,0.0
2026-09-23 03:19:28,20260922,16,6,1-2-5,9.37,21.8,204.2,2.043,100.0,settled,4-3-2,0,0,0.0
2026-09-23 03:19:28,20260922,16,6,1-3-2,7.59,23.7,179.9,1.799,100.0,settled,4-3-2,0,0,0.0
2026-09-23 03:19:28,20260922,16,6,1-3-5,2.47,97.2,240.3,2.401,100.0,settled,4-3-2,0,0,0.0
2026-09-23 03:19:28,20260922,16,6,1-4-3,1.33,121.3,161.52,1.613,100.0,settled,4-3-2,0,0,0.0
2026-09-23 03:19:28,20260922,16,6,1-4-5,0.93,177.9,164.59,1.654,100.0,settled,4-3-2,0,0,0.0
2026-09-23 03:19:28,20260922,16,6,1-5-2,3.11,94.7,294.3,2.945,100.0,settled,4-3-2,0,0,0.0
2026-09-23 03:19:28,20260922,16,6,1-5-3,1.85,188.1,348.23,3.48,100.0,settled,4-3-2,0,0,0.0
2026-09-23 03:19:28,20260922,16,6,1-5-4,0.83,260.4,215.74,2.161,100.0,settled,4-3-2,0,0,0.0
2026-09-23 03:19:28,20260922,16,7,1-2-5,4.82,33.6,161.95,1.62,100.0,settled,1-2-4,0,0,0.0
2026-09-23 03:19:28,20260922,16,7,1-2-6,14.46,43.0,621.72,6.218,100.0,settled,1-2-4,0,0,0.0
2026-09-23 03:19:28,20260922,16,7,1-3-6,3.98,65.1,259.1,2.591,100.0,settled,1-2-4,0,0,0.0
2026-09-23 03:19:28,20260922,16,7,1-5-6,1.28,161.4,206.87,2.066,100.0,settled,1-2-4,0,0,0.0
2026-09-23 03:19:28,20260922,16,7,1-6-2,5.94,119.0,706.81,7.069,100.0,settled,1-2-4,0,0,0.0
2026-09-23 03:19:28,20260922,16,7,1-6-3,2.87,165.4,474.62,4.747,100.0,settled,1-2-4,0,0,0.0
2026-09-23 03:19:28,20260922,16,7,1-6-4,1.11,161.2,178.56,1.789,100.0,settled,1-2-4,0,0,0.0
2026-09-23 03:19:28,20260922,16,7,1-6-5,1.6,245.5,392.33,3.928,100.0,settled,1-2-4,0,0,0.0
2026-09-23 03:19:28,20260922,16,8,1-2-4,6.93,24.7,171.13,1.712,100.0,settled,2-1-5,0,0,0.0
2026-09-23 03:19:28,20260922,16,8,1-4-2,3.51,35.2,123.72,1.236,100.0,settled,2-1-5,0,0,0.0
2026-09-23 03:19:28,20260922,16,8,1-6-2,6.59,37.3,245.71,2.458,100.0,settled,2-1-5,0,0,0.0
2026-09-23 03:19:28,20260922,16,8,1-6-4,2.71,58.8,159.63,1.593,100.0,settled,2-1-5,0,0,0.0
2026-09-23 03:19:28,20260922,16,9,1-2-5,2.57,43.1,110.94,1.108,100.0,settled,3-4-1,0,0,0.0
2026-09-23 03:19:28,20260922,16,9,1-2-6,1.79,56.1,100.19,1.004,100.0,settled,3-4-1,0,0,0.0
2026-09-23 03:19:28,20260922,16,9,1-5-2,1.29,84.3,108.81,1.087,100.0,settled,3-4-1,0,0,0.0
2026-09-23 03:19:28,20260922,16,9,1-5-4,1.87,61.0,114.3,1.141,100.0,settled,3-4-1,0,0,0.0
2026-09-23 03:19:28,20260922,16,10,1-2-3,15.51,21.4,331.82,3.319,100.0,settled,1-2-3,1,2140.0,2140.0
2026-09-23 03:19:28,20260922,16,10,1-2-5,8.48,42.7,362.09,3.621,100.0,settled,1-2-3,0,0,0.0
2026-09-23 03:19:28,20260922,16,10,1-2-6,1.7,90.7,153.89,1.542,100.0,settled,1-2-3,0,0,0.0
2026-09-23 03:19:28,20260922,16,10,1-3-5,4.89,23.0,112.41,1.125,100.0,settled,1-2-3,0,0,0.0
2026-09-23 03:19:28,20260922,16,10,1-5-2,3.94,72.6,285.75,2.86,100.0,settled,1-2-3,0,0,0.0
2026-09-23 03:19:28,20260922,16,10,1-5-3,3.35,62.4,209.31,2.09,100.0,settled,1-2-3,0,0,0.0
2026-09-23 03:19:28,20260922,16,11,1-2-3,4.4,25.4,111.85,1.118,100.0,settled,1-2-5,0,0,0.0
2026-09-23 03:19:28,20260922,16,11,1-3-4,1.89,65.9,124.79,1.246,100.0,settled,1-2-5,0,0,0.0
2026-09-23 03:19:28,20260922,16,11,1-3-6,2.28,61.0,138.83,1.391,100.0,settled,1-2-5,0,0,0.0
2026-09-23 03:19:28,20260922,16,11,1-4-3,2.52,39.8,100.21,1.003,100.0,settled,1-2-5,0,0,0.0
2026-09-23 03:19:28,20260922,16,11,1-5-6,1.71,62.2,106.34,1.064,100.0,settled,1-2-5,0,0,0.0
2026-09-23 03:19:28,20260922,16,11,1-6-4,5.08,27.8,141.33,1.412,100.0,settled,1-2-5,0,0,0.0
2026-09-23 03:19:28,20260922,16,11,1-6-5,2.04,58.2,118.74,1.187,100.0,settled,1-2-5,0,0,0.0
2026-09-23 03:19:28,20260922,16,12,1-4-3,6.74,25.2,169.93,1.698,100.0,settled,4-6-2,0,0,0.0
2026-09-23 03:19:28,20260922,16,12,1-4-5,4.98,25.1,124.98,1.25,100.0,settled,4-6-2,0,0,0.0
2026-09-23 03:19:28,20260922,16,12,1-6-4,1.79,68.8,123.2,1.232,100.0,settled,4-6-2,0,0,0.0
2026-09-23 03:19:28,20260922,17,1,1-2-6,2.66,229.8,610.88,6.113,100.0,settled,1-2-4,0,0,0.0
2026-09-23 03:19:28,20260922,17,1,1-3-6,2.67,182.4,487.41,4.87,100.0,settled,1-2-4,0,0,0.0
2026-09-23 03:19:28,20260922,17,1,1-4-6,0.8,180.9,145.26,1.447,100.0,settled,1-2-4,0,0,0.0
2026-09-23 03:19:28,20260922,17,1,1-5-6,1.58,305.8,483.23,4.832,100.0,settled,1-2-4,0,0,0.0
2026-09-23 03:19:28,20260922,17,1,1-6-2,1.37,668.2,918.17,9.154,100.0,settled,1-2-4,0,0,0.0
2026-09-23 03:19:28,20260922,17,1,1-6-3,1.5,765.1,1145.05,11.476,100.0,settled,1-2-4,0,0,0.0
2026-09-23 03:19:28,20260922,17,1,1-6-4,0.52,697.7,362.04,3.628,100.0,settled,1-2-4,0,0,0.0
2026-09-23 03:19:28,20260922,17,1,1-6-5,1.22,849.9,1033.31,10.369,100.0,settled,1-2-4,0,0,0.0
2026-09-23 03:19:28,20260922,17,2,1-6-2,2.91,36.1,104.98,1.051,100.0,settled,1-3-6,0,0,0.0
2026-09-23 03:19:28,20260922,17,3,1-2-6,1.07,298.8,318.49,3.197,100.0,settled,1-4-3,0,0,0.0
2026-09-23 03:19:28,20260922,17,3,1-3-2,4.21,34.0,143.25,1.431,100.0,settled,1-4-3,0,0,0.0
2026-09-23 03:19:28,20260922,17,3,1-3-6,1.46,269.0,392.58,3.927,100.0,settled,1-4-3,0,0,0.0
2026-09-23 03:19:28,20260922,17,3,1-5-6,1.23,109.4,134.98,1.346,100.0,settled,1-4-3,0,0,0.0
2026-09-23 03:19:28,20260922,17,3,1-6-2,0.55,682.8,375.81,3.755,100.0,settled,1-4-3,0,0,0.0
2026-09-23 03:19:28,20260922,17,3,1-6-3,0.7,817.8,568.86,5.725,100.0,settled,1-4-3,0,0,0.0
2026-09-23 03:19:28,20260922,17,3,1-6-5,0.85,462.6,391.13,3.932,100.0,settled,1-4-3,0,0,0.0
2026-09-23 03:19:28,20260922,17,4,1-2-6,2.53,225.6,570.77,5.708,100.0,settled,1-4-3,0,0,0.0
2026-09-23 03:19:28,20260922,17,4,1-4-6,0.47,338.2,159.6,1.59,100.0,settled,1-4-3,0,0,0.0
2026-09-23 03:19:28,20260922,17,4,1-5-6,0.18,763.5,140.18,1.374,100.0,settled,1-4-3,0,0,0.0
2026-09-23 03:19:28,20260922,17,4,1-6-2,0.62,639.0,395.48,3.962,100.0,settled,1-4-3,0,0,0.0
2026-09-23 03:19:28,20260922,17,4,1-6-3,0.18,954.4,174.75,1.718,100.0,settled,1-4-3,0,0,0.0
2026-09-23 03:19:28,20260922,17,4,1-6-4,0.21,1117.0,236.25,2.346,100.0,settled,1-4-3,0,0,0.0
2026-09-23 03:19:28,20260922,17,4,1-6-5,0.19,1256.0,232.99,2.386,100.0,settled,1-4-3,0,0,0.0
2026-09-23 03:19:28,20260922,17,5,1-2-5,4.58,42.7,195.63,1.956,100.0,settled,4-1-6,0,0,0.0
2026-09-23 03:19:28,20260922,17,5,1-5-2,3.69,48.4,178.62,1.786,100.0,settled,4-1-6,0,0,0.0
2026-09-23 03:19:28,20260922,17,5,1-5-4,2.67,55.7,148.67,1.487,100.0,settled,4-1-6,0,0,0.0
2026-09-23 03:19:28,20260922,17,5,1-5-6,10.74,20.7,222.27,2.223,100.0,settled,4-1-6,0,0,0.0
2026-09-23 03:19:28,20260922,17,6,1-6-4,4.86,36.9,179.32,1.793,100.0,settled,3-1-6,0,0,0.0
2026-09-23 03:19:28,20260922,17,6,1-6-5,1.43,123.7,177.39,1.769,100.0,settled,3-1-6,0,0,0.0
2026-09-23 03:19:28,20260922,17,7,1-2-6,1.4,97.8,137.07,1.369,100.0,settled,1-2-4,0,0,0.0
2026-09-23 03:19:28,20260922,17,7,1-4-2,1.97,63.1,124.6,1.243,100.0,settled,1-2-4,0,0,0.0
2026-09-23 03:19:28,20260922,17,7,1-4-3,2.8,41.7,116.68,1.168,100.0,settled,1-2-4,0,0,0.0
2026-09-23 03:19:28,20260922,17,7,1-4-6,0.69,251.1,174.51,1.733,100.0,settled,1-2-4,0,0,0.0
2026-09-23 03:19:28,20260922,17,7,1-6-2,0.66,319.0,211.88,2.105,100.0,settled,1-2-4,0,0,0.0
2026-09-23 03:19:28,20260922,17,7,1-6-3,0.99,251.3,248.44,2.488,100.0,settled,1-2-4,0,0,0.0
2026-09-23 03:19:28,20260922,17,7,1-6-4,0.36,539.3,193.18,1.941,100.0,settled,1-2-4,0,0,0.0
2026-09-23 03:19:28,20260922,17,7,1-6-5,0.29,697.3,199.5,2.022,100.0,settled,1-2-4,0,0,0.0
2026-09-23 03:19:28,20260922,17,8,1-2-6,4.83,208.3,1006.48,10.061,100.0,settled,1-5-3,0,0,0.0
2026-09-23 03:19:28,20260922,17,8,1-3-6,1.27,138.4,176.28,1.758,100.0,settled,1-5-3,0,0,0.0
2026-09-23 03:19:28,20260922,17,8,1-4-6,0.65,183.2,118.79,1.191,100.0,settled,1-5-3,0,0,0.0
2026-09-23 03:19:28,20260922,17,8,1-6-2,1.3,563.1,732.31,7.32,100.0,settled,1-5-3,0,0,0.0
2026-09-23 03:19:28,20260922,17,8,1-6-3,0.64,531.5,342.71,3.402,100.0,settled,1-5-3,0,0,0.0
2026-09-23 03:19:28,20260922,17,8,1-6-4,0.33,598.7,196.97,1.976,100.0,settled,1-5-3,0,0,0.0
2026-09-23 03:19:28,20260922,17,8,1-6-5,0.35,595.0,205.57,2.082,100.0,settled,1-5-3,0,0,0.0
2026-09-23 03:19:28,20260922,17,9,1-2-6,0.74,238.8,176.23,1.767,100.0,settled,3-4-2,0,0,0.0
2026-09-23 03:19:28,20260922,17,9,1-6-2,0.44,276.8,122.35,1.218,100.0,settled,3-4-2,0,0,0.0
2026-09-23 03:19:28,20260922,17,9,1-6-3,0.61,351.2,212.76,2.142,100.0,settled,3-4-2,0,0,0.0
2026-09-23 03:19:28,20260922,17,9,1-6-4,0.38,442.5,169.21,1.681,100.0,settled,3-4-2,0,0,0.0
2026-09-23 03:19:28,20260922,17,9,1-6-5,0.16,833.8,134.24,1.334,100.0,settled,3-4-2,0,0,0.0
2026-09-23 03:19:28,20260922,17,10,1-2-6,13.23,21.3,281.84,2.818,100.0,settled,1-2-4,0,0,0.0
2026-09-23 03:19:28,20260922,17,10,1-5-2,2.51,48.0,120.31,1.205,100.0,settled,1-2-4,0,0,0.0
2026-09-23 03:19:28,20260922,17,10,1-6-2,2.76,72.5,199.8,2.001,100.0,settled,1-2-4,0,0,0.0
2026-09-23 03:19:28,20260922,17,11,1-2-6,13.94,25.8,359.66,3.597,100.0,settled,1-5-2,0,0,0.0
2026-09-23 03:19:28,20260922,17,11,1-4-2,4.44,23.9,106.17,1.061,100.0,settled,1-5-2,0,0,0.0
2026-09-23 03:19:28,20260922,17,11,1-4-6,2.16,83.6,180.57,1.806,100.0,settled,1-5-2,0,0,0.0
2026-09-23 03:19:28,20260922,17,11,1-6-2,5.15,123.9,638.65,6.381,100.0,settled,1-5-2,0,0,0.0
2026-09-23 03:19:28,20260922,17,11,1-6-3,1.08,207.5,224.39,2.241,100.0,settled,1-5-2,0,0,0.0
2026-09-23 03:19:28,20260922,17,11,1-6-4,1.68,241.3,404.49,4.054,100.0,settled,1-5-2,0,0,0.0
2026-09-23 03:19:28,20260922,17,11,1-6-5,1.19,249.3,297.22,2.967,100.0,settled,1-5-2,0,0,0.0
2026-09-23 03:19:28,20260922,17,12,1-5-2,4.92,27.1,133.44,1.333,100.0,settled,1-5-2,1,2710.0,2710.0
2026-09-23 03:19:28,20260922,17,12,1-5-3,5.65,30.5,172.34,1.723,100.0,settled,1-5-2,0,0,0.0
2026-09-23 03:19:28,20260922,17,12,1-5-4,3.39,39.8,134.92,1.349,100.0,settled,1-5-2,0,0,0.0
2026-09-23 03:19:28,20260922,18,1,1-2-6,1.67,179.4,298.88,2.996,100.0,settled,1-3-2,0,0,0.0
2026-09-23 03:19:28,20260922,18,1,1-3-6,0.96,113.0,107.99,1.085,100.0,settled,1-3-2,0,0,0.0
2026-09-23 03:19:28,20260922,18,1,1-4-2,3.12,43.9,136.8,1.37,100.0,settled,1-3-2,0,0,0.0
2026-09-23 03:19:28,20260922,18,1,1-4-5,2.85,46.1,131.4,1.314,100.0,settled,1-3-2,0,0,0.0
2026-09-23 03:19:28,20260922,18,1,1-4-6,0.59,275.8,164.05,1.627,100.0,settled,1-3-2,0,0,0.0
2026-09-23 03:19:28,20260922,18,1,1-6-2,0.39,477.2,186.59,1.861,100.0,settled,1-3-2,0,0,0.0
2026-09-23 03:19:28,20260922,18,1,1-6-4,0.21,681.2,140.26,1.431,100.0,settled,1-3-2,0,0,0.0
2026-09-23 03:19:28,20260922,18,1,1-6-5,0.38,450.8,171.62,1.713,100.0,settled,1-3-2,0,0,0.0
2026-09-23 03:19:28,20260922,18,2,1-2-5,1.64,89.3,146.74,1.465,100.0,settled,1-6-4,0,0,0.0
2026-09-23 03:19:28,20260922,18,2,1-3-5,4.67,42.4,198.04,1.98,100.0,settled,1-6-4,0,0,0.0
2026-09-23 03:19:28,20260922,18,2,1-4-3,5.71,26.8,153.09,1.53,100.0,settled,1-6-4,0,0,0.0
2026-09-23 03:19:28,20260922,18,2,1-4-5,4.15,89.9,373.52,3.731,100.0,settled,1-6-4,0,0,0.0
2026-09-23 03:19:28,20260922,18,2,1-5-2,1.47,165.9,243.71,2.439,100.0,settled,1-6-4,0,0,0.0
2026-09-23 03:19:28,20260922,18,2,1-5-3,3.44,127.0,437.4,4.369,100.0,settled,1-6-4,0,0,0.0
2026-09-23 03:19:28,20260922,18,2,1-5-4,3.0,150.1,450.16,4.503,100.0,settled,1-6-4,0,0,0.0
2026-09-23 03:19:28,20260922,18,2,1-5-6,3.42,72.2,247.23,2.469,100.0,settled,1-6-4,0,0,0.0
2026-09-23 03:19:28,20260922,18,3,1-2-6,2.44,131.6,320.93,3.211,100.0,settled,1-4-6,0,0,0.0
2026-09-23 03:19:28,20260922,18,3,1-4-6,11.65,25.0,291.17,2.913,100.0,settled,1-4-6,1,2500.0,2500.0
2026-09-23 03:19:28,20260922,18,3,1-6-2,0.71,337.3,240.12,2.395,100.0,settled,1-4-6,0,0,0.0
2026-09-23 03:19:28,20260922,18,3,1-6-4,1.74,143.0,249.41,2.488,100.0,settled,1-4-6,0,0,0.0
2026-09-23 03:19:28,20260922,18,4,1-2-6,5.01,132.9,665.34,6.658,100.0,settled,4-5-2,0,0,0.0
2026-09-23 03:19:28,20260922,18,4,1-3-2,7.19,32.0,230.12,2.301,100.0,settled,4-5-2,0,0,0.0
2026-09-23 03:19:28,20260922,18,4,1-3-6,0.63,387.4,245.11,2.441,100.0,settled,4-5-2,0,0,0.0
2026-09-23 03:19:28,20260922,18,4,1-4-6,1.47,106.1,155.67,1.56,100.0,settled,4-5-2,0,0,0.0
2026-09-23 03:19:28,20260922,18,4,1-6-2,1.1,410.2,451.1,4.512,100.0,settled,4-5-2,0,0,0.0
2026-09-23 03:19:28,20260922,18,4,1-6-3,0.32,918.7,289.85,2.94,100.0,settled,4-5-2,0,0,0.0
2026-09-23 03:19:28,20260922,18,4,1-6-4,0.46,516.4,239.2,2.375,100.0,settled,4-5-2,0,0,0.0
2026-09-23 03:19:28,20260922,18,4,1-6-5,0.16,773.9,127.07,1.238,100.0,settled,4-5-2,0,0,0.0
2026-09-23 03:19:28,20260922,18,5,1-3-4,0.97,111.4,108.49,1.081,100.0,settled,1-5-6,0,0,0.0
2026-09-23 03:19:28,20260922,18,5,1-4-2,0.78,148.3,115.96,1.157,100.0,settled,1-5-6,0,0,0.0
2026-09-23 03:19:28,20260922,18,5,1-4-3,0.76,272.5,206.34,2.071,100.0,settled,1-5-6,0,0,0.0
2026-09-23 03:19:28,20260922,18,5,1-4-6,0.66,266.7,175.3,1.76,100.0,settled,1-5-6,0,0,0.0
2026-09-23 03:19:28,20260922,18,5,1-6-4,0.3,420.9,127.45,1.263,100.0,settled,1-5-6,0,0,0.0
2026-09-23 03:19:28,20260922,18,7,1-2-3,5.67,28.4,161.14,1.61,100.0,settled,3-4-6,0,0,0.0
2026-09-23 03:19:28,20260922,18,7,1-2-4,4.32,30.1,129.88,1.3,100.0,settled,3-4-6,0,0,0.0
2026-09-23 03:19:28,20260922,18,7,1-2-5,4.34,57.2,248.07,2.482,100.0,settled,3-4-6,0,0,0.0
2026-09-23 03:19:28,20260922,18,7,1-2-6,0.4,325.8,130.12,1.303,100.0,settled,3-4-6,0,0,0.0
2026-09-23 03:19:28,20260922,18,7,1-3-2,4.0,28.1,112.33,1.124,100.0,settled,3-4-6,0,0,0.0
2026-09-23 03:19:28,20260922,18,7,1-5-2,2.78,77.9,216.49,2.166,100.0,settled,3-4-6,0,0,0.0
2026-09-23 03:19:28,20260922,18,7,1-5-3,3.69,59.9,221.31,2.21,100.0,settled,3-4-6,0,0,0.0
2026-09-23 03:19:28,20260922,18,7,1-5-4,2.18,58.1,126.92,1.267,100.0,settled,3-4-6,0,0,0.0
2026-09-23 03:19:28,20260922,18,8,1-3-5,2.1,68.4,143.39,1.436,100.0,settled,1-3-4,0,0,0.0
2026-09-23 03:19:28,20260922,18,8,1-4-5,1.66,316.7,525.28,5.257,100.0,settled,1-3-4,0,0,0.0
2026-09-23 03:19:28,20260922,18,8,1-4-6,3.91,32.8,128.19,1.282,100.0,settled,1-3-4,0,0,0.0
2026-09-23 03:19:28,20260922,18,8,1-5-3,0.82,351.7,289.94,2.884,100.0,settled,1-3-4,0,0,0.0
2026-09-23 03:19:28,20260922,18,8,1-5-4,0.56,669.0,376.98,3.746,100.0,settled,1-3-4,0,0,0.0
2026-09-23 03:19:28,20260922,18,8,1-5-6,0.48,578.7,280.03,2.778,100.0,settled,1-3-4,0,0,0.0
2026-09-23 03:19:28,20260922,18,8,1-6-4,2.17,51.3,111.18,1.113,100.0,settled,1-3-4,0,0,0.0
2026-09-23 03:19:28,20260922,18,8,1-6-5,0.62,395.2,245.3,2.45,100.0,settled,1-3-4,0,0,0.0
2026-09-23 03:19:28,20260922,18,9,1-2-3,7.34,28.6,210.02,2.099,100.0,settled,1-3-6,0,0,0.0
2026-09-23 03:19:28,20260922,18,9,1-2-5,8.58,22.5,193.15,1.931,100.0,settled,1-3-6,0,0,0.0
2026-09-23 03:19:28,20260922,18,9,1-2-6,6.64,34.9,231.86,2.317,100.0,settled,1-3-6,0,0,0.0
2026-09-23 03:19:28,20260922,18,9,1-3-2,8.33,37.0,308.12,3.082,100.0,settled,1-3-6,0,0,0.0
2026-09-23 03:19:28,20260922,18,9,1-3-6,5.69,46.8,266.33,2.663,100.0,settled,1-3-6,1,4680.0,4680.0
2026-09-23 03:19:28,20260922,18,9,1-5-6,6.69,30.2,201.97,2.02,100.0,settled,1-3-6,0,0,0.0
2026-09-23 03:19:28,20260922,18,9,1-6-2,2.36,81.1,191.32,1.914,100.0,settled,1-3-6,0,0,0.0
2026-09-23 03:19:28,20260922,18,9,1-6-3,1.9,105.0,199.64,1.995,100.0,settled,1-3-6,0,0,0.0
2026-09-23 03:19:28,20260922,18,10,1-3-6,0.43,233.2,99.13,1.003,100.0,settled,1-2-5,0,0,0.0
2026-09-23 03:19:28,20260922,18,10,1-4-3,3.74,27.4,102.41,1.025,100.0,settled,1-2-5,0,0,0.0
2026-09-23 03:19:28,20260922,18,10,1-4-6,0.75,150.1,113.19,1.126,100.0,settled,1-2-5,0,0,0.0
2026-09-23 03:19:28,20260922,18,10,1-5-3,1.96,64.4,126.53,1.262,100.0,settled,1-2-5,0,0,0.0
2026-09-23 03:19:28,20260922,18,12,1-2-5,7.55,31.4,237.22,2.371,100.0,settled,1-3-2,0,0,0.0
2026-09-23 03:19:28,20260922,18,12,1-2-6,4.0,59.8,239.06,2.392,100.0,settled,1-3-2,0,0,0.0
2026-09-23 03:19:28,20260922,18,12,1-5-2,5.21,43.9,228.6,2.287,100.0,settled,1-3-2,0,0,0.0
2026-09-23 03:19:28,20260922,18,12,1-5-4,3.7,44.3,163.88,1.639,100.0,settled,1-3-2,0,0,0.0
2026-09-23 03:19:28,20260922,18,12,1-5-6,3.27,52.2,170.47,1.707,100.0,settled,1-3-2,0,0,0.0
2026-09-23 03:19:28,20260922,18,12,1-6-2,1.3,171.9,222.82,2.235,100.0,settled,1-3-2,0,0,0.0
2026-09-23 03:19:28,20260922,18,12,1-6-4,1.11,173.5,192.34,1.926,100.0,settled,1-3-2,0,0,0.0
2026-09-23 03:19:28,20260922,18,12,1-6-5,1.39,170.2,236.19,2.366,100.0,settled,1-3-2,0,0,0.0
2026-09-23 03:19:28,20260922,20,1,1-3-6,9.77,21.7,212.07,2.12,100.0,settled,1-2-3,0,0,0.0
2026-09-23 03:19:28,20260922,20,1,1-4-3,2.59,52.5,135.99,1.36,100.0,settled,1-2-3,0,0,0.0
2026-09-23 03:19:28,20260922,20,1,1-4-6,1.53,100.9,154.3,1.544,100.0,settled,1-2-3,0,0,0.0
2026-09-23 03:19:28,20260922,20,1,1-5-6,1.6,70.3,112.4,1.125,100.0,settled,1-2-3,0,0,0.0
2026-09-23 03:19:28,20260922,20,1,1-6-2,2.57,111.6,286.95,2.868,100.0,settled,1-2-3,0,0,0.0
2026-09-23 03:19:28,20260922,20,1,1-6-3,5.49,103.3,567.29,5.671,100.0,settled,1-2-3,0,0,0.0
2026-09-23 03:19:28,20260922,20,1,1-6-4,1.49,216.2,321.71,3.221,100.0,settled,1-2-3,0,0,0.0
2026-09-23 03:19:28,20260922,20,1,1-6-5,1.72,179.7,308.72,3.091,100.0,settled,1-2-3,0,0,0.0
2026-09-23 03:19:28,20260922,20,2,1-3-4,3.8,26.5,100.74,1.007,100.0,settled,2-5-1,0,0,0.0
2026-09-23 03:19:28,20260922,20,2,1-3-6,2.75,49.3,135.41,1.356,100.0,settled,2-5-1,0,0,0.0
2026-09-23 03:19:28,20260922,20,2,1-4-3,3.13,43.8,136.91,1.371,100.0,settled,2-5-1,0,0,0.0
2026-09-23 03:19:28,20260922,20,2,1-4-6,2.6,41.4,107.71,1.076,100.0,settled,2-5-1,0,0,0.0
2026-09-23 03:19:28,20260922,20,2,1-6-2,1.19,84.2,100.57,1.002,100.0,settled,2-5-1,0,0,0.0
2026-09-23 03:19:28,20260922,20,2,1-6-3,1.61,133.6,215.51,2.151,100.0,settled,2-5-1,0,0,0.0
2026-09-23 03:19:28,20260922,20,2,1-6-4,1.35,117.4,158.94,1.585,100.0,settled,2-5-1,0,0,0.0
2026-09-23 03:19:28,20260922,20,2,1-6-5,1.29,135.1,173.82,1.743,100.0,settled,2-5-1,0,0,0.0
2026-09-23 03:19:28,20260922,20,3,1-2-4,4.52,23.6,106.73,1.067,100.0,settled,1-2-5,0,0,0.0
2026-09-23 03:19:28,20260922,20,3,1-4-2,2.77,46.8,129.48,1.296,100.0,settled,1-2-5,0,0,0.0
2026-09-23 03:19:28,20260922,20,3,1-4-5,2.52,62.1,156.49,1.565,100.0,settled,1-2-5,0,0,0.0
2026-09-23 03:19:28,20260922,20,3,1-5-2,4.04,25.0,100.97,1.01,100.0,settled,1-2-5,0,0,0.0
2026-09-23 03:19:28,20260922,20,3,1-5-4,2.24,64.4,144.11,1.443,100.0,settled,1-2-5,0,0,0.0
2026-09-23 03:19:28,20260922,20,4,1-3-6,4.18,44.8,187.09,1.873,100.0,settled,3-1-6,0,0,0.0
2026-09-23 03:19:28,20260922,20,4,1-6-3,1.82,128.6,234.08,2.341,100.0,settled,3-1-6,0,0,0.0
2026-09-23 03:19:28,20260922,20,5,1-2-6,1.0,107.8,108.34,1.078,100.0,settled,5-4-3,0,0,0.0
2026-09-23 03:19:28,20260922,20,5,1-3-6,2.14,94.4,202.27,2.02,100.0,settled,5-4-3,0,0,0.0
2026-09-23 03:19:28,20260922,20,5,1-4-6,3.42,65.2,222.88,2.23,100.0,settled,5-4-3,0,0,0.0
2026-09-23 03:19:28,20260922,20,5,1-5-6,2.51,62.1,155.6,1.559,100.0,settled,5-4-3,0,0,0.0
2026-09-23 03:19:28,20260922,20,5,1-6-2,0.75,285.1,212.51,2.138,100.0,settled,5-4-3,0,0,0.0
2026-09-23 03:19:28,20260922,20,5,1-6-3,1.24,315.7,391.72,3.915,100.0,settled,5-4-3,0,0,0.0
2026-09-23 03:19:28,20260922,20,5,1-6-4,1.57,254.0,399.77,3.988,100.0,settled,5-4-3,0,0,0.0
2026-09-23 03:19:28,20260922,20,5,1-6-5,1.51,257.9,388.84,3.894,100.0,settled,5-4-3,0,0,0.0
2026-09-23 03:19:28,20260922,20,6,1-3-6,2.9,36.0,104.54,1.044,100.0,settled,2-6-4,0,0,0.0
2026-09-23 03:19:28,20260922,20,6,1-6-2,2.99,50.1,149.79,1.498,100.0,settled,2-6-4,0,0,0.0
2026-09-23 03:19:28,20260922,20,6,1-6-3,2.94,64.5,189.77,1.896,100.0,settled,2-6-4,0,0,0.0
2026-09-23 03:19:28,20260922,20,8,1-2-4,14.15,20.5,290.08,2.901,100.0,settled,1-3-5,0,0,0.0
2026-09-23 03:19:28,20260922,20,8,1-2-6,7.61,31.1,236.75,2.367,100.0,settled,1-3-5,0,0,0.0
2026-09-23 03:19:28,20260922,20,8,1-4-2,10.84,25.1,272.02,2.721,100.0,settled,1-3-5,0,0,0.0
2026-09-23 03:19:28,20260922,20,8,1-4-6,7.08,28.6,202.46,2.025,100.0,settled,1-3-5,0,0,0.0
2026-09-23 03:19:28,20260922,20,8,1-6-2,2.57,106.3,273.12,2.732,100.0,settled,1-3-5,0,0,0.0
2026-09-23 03:19:28,20260922,20,8,1-6-3,1.3,86.1,111.63,1.119,100.0,settled,1-3-5,0,0,0.0
2026-09-23 03:19:28,20260922,20,8,1-6-4,2.24,92.9,207.8,2.081,100.0,settled,1-3-5,0,0,0.0
2026-09-23 03:19:28,20260922,20,9,1-4-2,9.16,25.1,229.79,2.299,100.0,settled,1-2-6,0,0,0.0
2026-09-23 03:19:28,20260922,20,9,1-4-6,5.12,28.1,144.01,1.439,100.0,settled,1-2-6,0,0,0.0
2026-09-23 03:19:28,20260922,20,10,1-2-6,2.32,56.5,131.15,1.311,100.0,settled,3-1-4,0,0,0.0
2026-09-23 03:19:28,20260922,20,10,1-3-6,2.42,45.5,110.21,1.101,100.0,settled,3-1-4,0,0,0.0
2026-09-23 03:19:28,20260922,20,10,1-6-2,1.22,152.0,185.3,1.854,100.0,settled,3-1-4,0,0,0.0
2026-09-23 03:19:28,20260922,20,10,1-6-3,1.35,140.2,189.68,1.893,100.0,settled,3-1-4,0,0,0.0
2026-09-23 03:19:28,20260922,20,12,1-2-6,8.73,34.0,296.95,2.968,100.0,settled,1-2-3,0,0,0.0
2026-09-23 03:19:28,20260922,20,12,1-4-2,2.94,36.0,105.77,1.058,100.0,settled,1-2-3,0,0,0.0
2026-09-23 03:19:28,20260922,20,12,1-4-6,1.54,87.0,134.16,1.34,100.0,settled,1-2-3,0,0,0.0
2026-09-23 03:19:28,20260922,20,12,1-6-2,2.98,158.7,472.89,4.729,100.0,settled,1-2-3,0,0,0.0
2026-09-23 03:19:28,20260922,20,12,1-6-3,1.5,167.8,251.48,2.517,100.0,settled,1-2-3,0,0,0.0
2026-09-23 03:19:28,20260922,20,12,1-6-4,0.82,222.3,182.6,1.823,100.0,settled,1-2-3,0,0,0.0
2026-09-23 03:19:28,20260922,20,12,1-6-5,0.63,206.9,130.41,1.303,100.0,settled,1-2-3,0,0,0.0
2026-09-23 03:19:28,20260922,22,2,1-2-5,4.61,27.9,128.6,1.286,100.0,settled,2-1-4,0,0,0.0
2026-09-23 03:19:28,20260922,22,2,1-2-6,1.7,530.2,899.75,9.013,100.0,settled,2-1-4,0,0,0.0
2026-09-23 03:19:28,20260922,22,2,1-3-6,0.5,752.0,376.9,3.76,100.0,settled,2-1-4,0,0,0.0
2026-09-23 03:19:28,20260922,22,2,1-5-2,1.52,110.1,167.56,1.674,100.0,settled,2-1-4,0,0,0.0
2026-09-23 03:19:28,20260922,22,2,1-5-6,0.16,1513.0,239.21,2.421,100.0,settled,2-1-4,0,0,0.0
2026-09-23 03:19:28,20260922,22,2,1-6-2,0.25,1000.0,248.6,2.5,100.0,settled,2-1-4,0,0,0.0
2026-09-23 03:19:28,20260922,22,2,1-6-3,0.13,1643.0,219.5,2.136,100.0,settled,2-1-4,0,0,0.0
2026-09-23 03:19:28,20260922,22,2,1-6-5,0.09,2448.0,210.04,2.203,100.0,settled,2-1-4,0,0,0.0
2026-09-23 03:19:28,20260922,22,3,1-4-3,3.61,47.5,171.46,1.715,100.0,settled,3-2-6,0,0,0.0
2026-09-23 03:19:28,20260922,22,4,1-2-6,1.05,451.4,472.75,4.74,100.0,settled,1-2-4,0,0,0.0
2026-09-23 03:19:28,20260922,22,4,1-3-6,0.48,752.4,357.54,3.612,100.0,settled,1-2-4,0,0,0.0
2026-09-23 03:19:28,20260922,22,4,1-4-6,0.64,582.1,369.81,3.725,100.0,settled,1-2-4,0,0,0.0
2026-09-23 03:19:28,20260922,22,4,1-6-2,0.26,1400.0,361.06,3.64,100.0,settled,1-2-4,0,0,0.0
2026-09-23 03:19:28,20260922,22,4,1-6-3,0.17,2513.0,423.44,4.272,100.0,settled,1-2-4,0,0,0.0
2026-09-23 03:19:28,20260922,22,4,1-6-4,0.18,1940.0,347.07,3.492,100.0,settled,1-2-4,0,0,0.0
2026-09-23 03:19:28,20260922,22,4,1-6-5,0.05,2458.0,121.67,1.229,100.0,settled,1-2-4,0,0,0.0
2026-09-23 03:19:28,20260922,22,5,1-2-3,2.06,55.0,113.14,1.133,100.0,settled,3-1-6,0,0,0.0
2026-09-23 03:19:28,20260922,22,5,1-2-5,0.73,236.3,172.69,1.725,100.0,settled,3-1-6,0,0,0.0
2026-09-23 03:19:28,20260922,22,5,1-3-2,6.57,37.0,242.91,2.431,100.0,settled,3-1-6,0,0,0.0
2026-09-23 03:19:28,20260922,22,5,1-3-5,6.1,45.2,275.52,2.757,100.0,settled,3-1-6,0,0,0.0
2026-09-23 03:19:28,20260922,22,5,1-5-2,0.62,399.3,249.24,2.476,100.0,settled,3-1-6,0,0,0.0
2026-09-23 03:19:28,20260922,22,5,1-5-3,2.82,118.8,335.3,3.35,100.0,settled,3-1-6,0,0,0.0
2026-09-23 03:19:28,20260922,22,5,1-5-6,0.99,113.1,112.17,1.12,100.0,settled,3-1-6,0,0,0.0
2026-09-23 03:19:28,20260922,22,7,1-5-2,0.88,125.9,110.19,1.108,100.0,settled,1-4-3,0,0,0.0
2026-09-23 03:19:28,20260922,22,7,1-5-3,1.03,161.2,166.58,1.66,100.0,settled,1-4-3,0,0,0.0
2026-09-23 03:19:28,20260922,22,7,1-5-4,4.78,54.7,261.19,2.615,100.0,settled,1-4-3,0,0,0.0
2026-09-23 03:19:28,20260922,22,8,1-2-6,7.56,35.7,269.98,2.699,100.0,settled,1-3-5,0,0,0.0
2026-09-23 03:19:28,20260922,22,8,1-5-2,6.92,25.0,172.96,1.73,100.0,settled,1-3-5,0,0,0.0
2026-09-23 03:19:28,20260922,22,8,1-5-6,5.15,55.8,287.11,2.874,100.0,settled,1-3-5,0,0,0.0
2026-09-23 03:19:28,20260922,22,8,1-6-2,2.29,114.2,261.59,2.615,100.0,settled,1-3-5,0,0,0.0
2026-09-23 03:19:28,20260922,22,8,1-6-3,1.36,86.5,118.02,1.176,100.0,settled,1-3-5,0,0,0.0
2026-09-23 03:19:28,20260922,22,8,1-6-5,2.68,115.8,310.33,3.103,100.0,settled,1-3-5,0,0,0.0
2026-09-23 03:19:28,20260922,22,9,1-2-6,13.67,20.0,273.43,2.734,100.0,settled,1-3-5,0,0,0.0
2026-09-23 03:19:28,20260922,22,9,1-3-6,5.8,20.1,116.5,1.166,100.0,settled,1-3-5,0,0,0.0
2026-09-23 03:19:28,20260922,22,9,1-5-6,0.81,142.6,115.25,1.155,100.0,settled,1-3-5,0,0,0.0
2026-09-23 03:19:28,20260922,22,9,1-6-2,8.69,66.7,579.44,5.796,100.0,settled,1-3-5,0,0,0.0
2026-09-23 03:19:28,20260922,22,9,1-6-3,4.73,77.5,366.47,3.666,100.0,settled,1-3-5,0,0,0.0
2026-09-23 03:19:28,20260922,22,9,1-6-4,2.62,52.4,137.21,1.373,100.0,settled,1-3-5,0,0,0.0
2026-09-23 03:19:28,20260922,22,9,1-6-5,1.57,160.7,252.49,2.523,100.0,settled,1-3-5,0,0,0.0
2026-09-23 03:19:28,20260922,22,10,1-3-2,6.94,20.1,139.41,1.395,100.0,settled,2-1-4,0,0,0.0
2026-09-23 03:19:28,20260922,22,10,1-5-3,1.41,91.7,129.57,1.293,100.0,settled,2-1-4,0,0,0.0
2026-09-23 03:19:28,20260922,22,11,1-2-6,6.99,20.2,141.23,1.412,100.0,settled,1-2-4,0,0,0.0
2026-09-23 03:19:28,20260922,22,11,1-4-3,5.24,20.3,106.28,1.064,100.0,settled,1-2-4,0,0,0.0
2026-09-23 03:19:28,20260922,22,11,1-4-6,4.03,25.3,101.85,1.02,100.0,settled,1-2-4,0,0,0.0
2026-09-23 03:19:28,20260922,22,11,1-6-2,2.8,58.1,162.95,1.627,100.0,settled,1-2-4,0,0,0.0
2026-09-23 03:19:28,20260922,22,11,1-6-4,1.91,61.5,117.18,1.175,100.0,settled,1-2-4,0,0,0.0
2026-09-23 03:19:28,20260922,22,12,1-2-6,2.73,41.7,113.65,1.138,100.0,settled,1-4-2,0,0,0.0
2026-09-23 03:19:28,20260922,22,12,1-4-2,9.34,21.8,203.69,2.036,100.0,settled,1-4-2,1,2180.0,2180.0
2026-09-24 03:41:16,20260923,1,1,1-2-3,2.5,72.5,181.39,1.812,100.0,settled,1-5-2,0,0,0.0
2026-09-24 03:41:16,20260923,1,1,1-2-6,6.26,31.2,195.37,1.953,100.0,settled,1-5-2,0,0,0.0
2026-09-24 03:41:16,20260923,1,1,1-3-6,0.81,230.6,187.8,1.868,100.0,settled,1-5-2,0,0,0.0
2026-09-24 03:41:16,20260923,1,1,1-4-6,1.98,86.8,172.01,1.719,100.0,settled,1-5-2,0,0,0.0
2026-09-24 03:41:16,20260923,1,1,1-6-2,2.6,84.7,219.84,2.202,100.0,settled,1-5-2,0,0,0.0
2026-09-24 03:41:16,20260923,1,1,1-6-3,0.68,452.9,306.25,3.08,100.0,settled,1-5-2,0,0,0.0
2026-09-24 03:41:16,20260923,1,1,1-6-4,1.43,185.2,264.47,2.648,100.0,settled,1-5-2,0,0,0.0
2026-09-24 03:41:16,20260923,1,1,1-6-5,2.51,95.2,238.85,2.39,100.0,settled,1-5-2,0,0,0.0
2026-09-24 03:41:16,20260923,1,2,1-2-5,5.04,24.0,121.0,1.21,100.0,settled,2-6-3,0,0,0.0
2026-09-24 03:41:16,20260923,1,2,1-4-2,3.48,38.9,135.51,1.354,100.0,settled,2-6-3,0,0,0.0
2026-09-24 03:41:16,20260923,1,3,1-3-2,5.1,22.3,113.64,1.137,100.0,settled,2-3-5,0,0,0.0
2026-09-24 03:41:16,20260923,1,3,1-3-6,6.26,33.2,207.88,2.078,100.0,settled,2-3-5,0,0,0.0
2026-09-24 03:41:16,20260923,1,3,1-4-6,0.9,174.5,156.91,1.571,100.0,settled,2-3-5,0,0,0.0
2026-09-24 03:41:16,20260923,1,3,1-5-6,1.0,116.1,116.34,1.161,100.0,settled,2-3-5,0,0,0.0
2026-09-24 03:41:16,20260923,1,3,1-6-2,1.41,94.6,133.46,1.334,100.0,settled,2-3-5,0,0,0.0
2026-09-24 03:41:16,20260923,1,3,1-6-3,3.51,66.7,234.15,2.341,100.0,settled,2-3-5,0,0,0.0
2026-09-24 03:41:16,20260923,1,3,1-6-4,0.95,193.1,183.48,1.834,100.0,settled,2-3-5,0,0,0.0
2026-09-24 03:41:16,20260923,1,3,1-6-5,1.25,153.4,191.35,1.918,100.0,settled,2-3-5,0,0,0.0
2026-09-24 03:41:16,20260923,1,4,1-2-5,0.8,171.6,136.68,1.373,100.0,settled,2-1-4,0,0,0.0
2026-09-24 03:41:16,20260923,1,4,1-3-5,4.01,167.7,671.89,6.725,100.0,settled,2-1-4,0,0,0.0
2026-09-24 03:41:16,20260923,1,4,1-5-2,0.72,710.7,508.43,5.117,100.0,settled,2-1-4,0,0,0.0
2026-09-24 03:41:16,20260923,1,4,1-5-3,2.25,609.6,1373.37,13.716,100.0,settled,2-1-4,0,0,0.0
2026-09-24 03:41:16,20260923,1,4,1-5-4,0.52,420.1,219.0,2.185,100.0,settled,2-1-4,0,0,0.0
2026-09-24 03:41:16,20260923,1,4,1-5-6,0.86,849.4,733.29,7.305,100.0,settled,2-1-4,0,0,0.0
2026-09-24 03:41:16,20260923,1,4,1-6-3,1.63,109.6,178.34,1.786,100.0,settled,2-1-4,0,0,0.0
2026-09-24 03:41:16,20260923,1,4,1-6-5,0.81,701.6,571.1,5.683,100.0,settled,2-1-4,0,0,0.0
2026-09-24 03:41:16,20260923,1,5,1-3-5,2.72,57.2,155.6,1.556,100.0,settled,2-1-5,0,0,0.0
2026-09-24 03:41:16,20260923,1,5,1-3-6,2.19,102.0,223.84,2.234,100.0,settled,2-1-5,0,0,0.0
2026-09-24 03:41:16,20260923,1,5,1-5-3,3.09,54.7,169.23,1.69,100.0,settled,2-1-5,0,0,0.0
2026-09-24 03:41:16,20260923,1,5,1-5-6,3.75,33.1,124.14,1.241,100.0,settled,2-1-5,0,0,0.0
2026-09-24 03:41:16,20260923,1,5,1-6-2,2.0,74.0,147.73,1.48,100.0,settled,2-1-5,0,0,0.0
2026-09-24 03:41:16,20260923,1,5,1-6-3,1.59,158.6,252.87,2.522,100.0,settled,2-1-5,0,0,0.0
2026-09-24 03:41:16,20260923,1,5,1-6-5,2.88,76.1,219.08,2.192,100.0,settled,2-1-5,0,0,0.0
2026-09-24 03:41:16,20260923,1,6,1-2-6,3.52,178.2,627.28,6.273,100.0,settled,3-5-1,0,0,0.0
2026-09-24 03:41:16,20260923,1,6,1-3-6,9.29,69.6,646.81,6.466,100.0,settled,3-5-1,0,0,0.0
2026-09-24 03:41:16,20260923,1,6,1-6-2,3.01,496.5,1494.17,14.945,100.0,settled,3-5-1,0,0,0.0
2026-09-24 03:41:16,20260923,1,6,1-6-3,6.02,349.0,2100.53,21.01,100.0,settled,3-5-1,0,0,0.0
2026-09-24 03:41:16,20260923,1,6,1-6-4,0.21,694.8,145.42,1.459,100.0,settled,3-5-1,0,0,0.0
2026-09-24 03:41:16,20260923,1,6,1-6-5,0.4,445.9,176.58,1.784,100.0,settled,3-5-1,0,0,0.0
2026-09-24 03:41:16,20260923,1,7,1-2-5,7.85,24.6,193.05,1.931,100.0,settled,1-3-4,0,0,0.0
2026-09-24 03:41:16,20260923,1,7,1-5-2,4.1,58.9,241.21,2.415,100.0,settled,1-3-4,0,0,0.0
2026-09-24 03:41:16,20260923,1,7,1-5-3,5.28,42.3,223.26,2.233,100.0,settled,1-3-4,0,0,0.0
2026-09-24 03:41:16,20260923,1,8,1-2-3,7.42,41.2,305.66,3.057,100.0,settled,1-5-4,0,0,0.0
2026-09-24 03:41:16,20260923,1,8,1-2-6,2.35,501.7,1178.44,11.79,100.0,settled,1-5-4,0,0,0.0
2026-09-24 03:41:16,20260923,1,8,1-3-2,34.64,27.6,955.97,9.561,100.0,settled,1-5-4,0,0,0.0
2026-09-24 03:41:16,20260923,1,8,1-3-6,4.58,340.9,1561.08,15.613,100.0,settled,1-5-4,0,0,0.0
2026-09-24 03:41:16,20260923,1,8,1-6-2,1.26,1097.0,1386.39,13.822,100.0,settled,1-5-4,0,0,0.0
2026-09-24 03:41:16,20260923,1,8,1-6-3,2.06,816.5,1684.28,16.82,100.0,settled,1-5-4,0,0,0.0
2026-09-24 03:41:16,20260923,1,8,1-6-4,0.13,916.3,123.33,1.191,100.0,settled,1-5-4,0,0,0.0
2026-09-24 03:41:16,20260923,1,8,1-6-5,0.23,845.8,197.92,1.945,100.0,settled,1-5-4,0,0,0.0
2026-09-24 03:41:16,20260923,1,9,1-2-6,5.01,99.9,500.24,5.005,100.0,settled,1-3-2,0,0,0.0
2026-09-24 03:41:16,20260923,1,9,1-3-6,1.32,185.6,244.58,2.45,100.0,settled,1-3-2,0,0,0.0
2026-09-24 03:41:16,20260923,1,9,1-4-6,13.4,35.2,471.53,4.717,100.0,settled,1-3-2,0,0,0.0
2026-09-24 03:41:16,20260923,1,9,1-5-6,1.05,170.0,179.21,1.785,100.0,settled,1-3-2,0,0,0.0
2026-09-24 03:41:16,20260923,1,9,1-6-2,1.47,354.1,520.7,5.205,100.0,settled,1-3-2,0,0,0.0
2026-09-24 03:41:16,20260923,1,9,1-6-3,0.56,560.8,315.67,3.14,100.0,settled,1-3-2,0,0,0.0
2026-09-24 03:41:16,20260923,1,9,1-6-4,3.12,242.8,758.19,7.575,100.0,settled,1-3-2,0,0,0.0
2026-09-24 03:41:16,20260923,1,9,1-6-5,0.66,442.8,291.14,2.922,100.0,settled,1-3-2,0,0,0.0
2026-09-24 03:41:16,20260923,1,11,1-3-2,3.36,30.4,102.24,1.021,100.0,settled,2-3-5,0,0,0.0
2026-09-24 03:41:16,20260923,1,11,1-3-4,3.29,34.1,112.35,1.122,100.0,settled,2-3-5,0,0,0.0
2026-09-24 03:41:16,20260923,1,11,1-4-3,3.68,39.8,146.62,1.465,100.0,settled,2-3-5,0,0,0.0
2026-09-24 03:41:16,20260923,1,12,1-2-5,8.44,36.0,303.69,3.038,100.0,settled,1-5-4,0,0,0.0
2026-09-24 03:41:16,20260923,1,12,1-4-5,3.37,61.0,205.86,2.056,100.0,settled,1-5-4,0,0,0.0
2026-09-24 03:41:16,20260923,1,12,1-5-2,2.75,59.9,164.72,1.647,100.0,settled,1-5-4,0,0,0.0
2026-09-24 03:41:16,20260923,1,12,1-5-4,2.23,109.6,244.06,2.444,100.0,settled,1-5-4,1,10960.0,10960.0
2026-09-24 03:41:16,20260923,1,12,1-5-6,1.27,88.3,112.33,1.121,100.0,settled,1-5-4,0,0,0.0
2026-09-24 03:41:16,20260923,1,12,1-6-5,1.01,128.0,128.69,1.293,100.0,settled,1-5-4,0,0,0.0
2026-09-24 03:41:16,20260923,2,1,1-2-5,0.67,293.2,195.51,1.964,100.0,settled,1-4-6,0,0,0.0
2026-09-24 03:41:16,20260923,2,1,1-3-2,3.04,38.1,115.77,1.158,100.0,settled,1-4-6,0,0,0.0
2026-09-24 03:41:16,20260923,2,1,1-3-5,0.71,382.9,270.98,2.719,100.0,settled,1-4-6,0,0,0.0
2026-09-24 03:41:16,20260923,2,1,1-4-5,0.31,423.7,130.03,1.313,100.0,settled,1-4-6,0,0,0.0
2026-09-24 03:41:16,20260923,2,1,1-5-2,0.23,994.3,229.09,2.287,100.0,settled,1-4-6,0,0,0.0
2026-09-24 03:41:16,20260923,2,1,1-5-3,0.29,1174.0,337.99,3.405,100.0,settled,1-4-6,0,0,0.0
2026-09-24 03:41:16,20260923,2,1,1-5-4,0.17,1105.0,189.62,1.879,100.0,settled,1-4-6,0,0,0.0
2026-09-24 03:41:16,20260923,2,1,1-5-6,0.11,1089.0,123.38,1.198,100.0,settled,1-4-6,0,0,0.0
2026-09-24 03:41:16,20260923,2,2,1-2-5,2.87,38.8,111.5,1.114,100.0,settled,1-2-4,0,0,0.0
2026-09-24 03:41:16,20260923,2,2,1-2-6,2.72,82.6,224.91,2.247,100.0,settled,1-2-4,0,0,0.0
2026-09-24 03:41:16,20260923,2,2,1-4-3,4.94,20.4,100.73,1.008,100.0,settled,1-2-4,0,0,0.0
2026-09-24 03:41:16,20260923,2,2,1-4-6,2.64,58.5,154.45,1.544,100.0,settled,1-2-4,0,0,0.0
2026-09-24 03:41:16,20260923,2,2,1-6-2,0.33,333.0,109.76,1.099,100.0,settled,1-2-4,0,0,0.0
2026-09-24 03:41:16,20260923,2,3,1-6-5,0.4,283.7,112.6,1.135,100.0,settled,3-1-2,0,0,0.0
2026-09-24 03:41:16,20260923,2,4,1-2-4,1.03,135.3,139.62,1.394,100.0,settled,2-6-4,0,0,0.0
2026-09-24 03:41:16,20260923,2,4,1-2-6,3.02,62.2,187.53,1.878,100.0,settled,2-6-4,0,0,0.0
2026-09-24 03:41:16,20260923,2,4,1-4-2,0.48,253.7,120.91,1.218,100.0,settled,2-6-4,0,0,0.0
2026-09-24 03:41:16,20260923,2,4,1-4-6,0.58,245.0,141.71,1.421,100.0,settled,2-6-4,0,0,0.0
2026-09-24 03:41:16,20260923,2,4,1-6-2,1.65,111.4,183.92,1.838,100.0,settled,2-6-4,0,0,0.0
2026-09-24 03:41:16,20260923,2,4,1-6-4,0.58,240.9,139.29,1.397,100.0,settled,2-6-4,0,0,0.0
2026-09-24 03:41:16,20260923,2,5,1-4-2,0.89,142.5,126.33,1.268,100.0,settled,1-2-5,0,0,0.0
2026-09-24 03:41:16,20260923,2,5,1-4-5,0.46,287.7,132.57,1.323,100.0,settled,1-2-5,0,0,0.0
2026-09-24 03:41:16,20260923,2,5,1-4-6,1.81,107.6,194.81,1.948,100.0,settled,1-2-5,0,0,0.0
2026-09-24 03:41:16,20260923,2,5,1-5-4,0.3,342.9,101.67,1.029,100.0,settled,1-2-5,0,0,0.0
2026-09-24 03:41:16,20260923,2,5,1-5-6,1.02,114.4,116.48,1.167,100.0,settled,1-2-5,0,0,0.0
2026-09-24 03:41:16,20260923,2,5,1-6-4,2.04,96.1,196.26,1.96,100.0,settled,1-2-5,0,0,0.0
2026-09-24 03:41:16,20260923,2,5,1-6-5,1.71,94.8,161.99,1.621,100.0,settled,1-2-5,0,0,0.0
2026-09-24 03:41:16,20260923,2,6,1-2-6,7.25,25.8,186.96,1.87,100.0,settled,2-5-3,0,0,0.0
2026-09-24 03:41:16,20260923,2,6,1-3-6,1.46,129.7,189.79,1.894,100.0,settled,2-5-3,0,0,0.0
2026-09-24 03:41:16,20260923,2,6,1-4-6,1.8,101.5,182.98,1.827,100.0,settled,2-5-3,0,0,0.0
2026-09-24 03:41:16,20260923,2,6,1-6-2,3.95,83.4,329.1,3.294,100.0,settled,2-5-3,0,0,0.0
2026-09-24 03:41:16,20260923,2,6,1-6-3,1.72,227.5,391.5,3.913,100.0,settled,2-5-3,0,0,0.0
2026-09-24 03:41:16,20260923,2,6,1-6-4,1.96,194.7,382.06,3.816,100.0,settled,2-5-3,0,0,0.0
2026-09-24 03:41:16,20260923,2,6,1-6-5,3.92,77.3,302.71,3.03,100.0,settled,2-5-3,0,0,0.0
2026-09-24 03:41:16,20260923,2,7,1-2-3,2.98,88.3,263.31,2.631,100.0,settled,1-4-5,0,0,0.0
2026-09-24 03:41:16,20260923,2,7,1-2-4,2.27,57.0,129.29,1.294,100.0,settled,1-4-5,0,0,0.0
2026-09-24 03:41:16,20260923,2,7,1-2-5,1.37,110.3,151.57,1.511,100.0,settled,1-4-5,0,0,0.0
2026-09-24 03:41:16,20260923,2,7,1-2-6,2.41,180.4,434.29,4.348,100.0,settled,1-4-5,0,0,0.0
2026-09-24 03:41:16,20260923,2,7,1-3-2,3.49,116.6,406.49,4.069,100.0,settled,1-4-5,0,0,0.0
2026-09-24 03:41:16,20260923,2,7,1-3-6,1.34,186.6,249.56,2.5,100.0,settled,1-4-5,0,0,0.0
2026-09-24 03:41:16,20260923,2,7,1-6-2,0.78,378.6,293.87,2.953,100.0,settled,1-4-5,0,0,0.0
2026-09-24 03:41:16,20260923,2,7,1-6-3,0.58,350.7,204.0,2.034,100.0,settled,1-4-5,0,0,0.0
2026-09-24 03:41:16,20260923,2,8,1-2-6,1.83,195.8,357.59,3.583,100.0,settled,5-1-2,0,0,0.0
2026-09-24 03:41:16,20260923,2,8,1-3-6,3.5,179.9,629.06,6.297,100.0,settled,5-1-2,0,0,0.0
2026-09-24 03:41:16,20260923,2,8,1-4-6,0.58,455.6,262.02,2.642,100.0,settled,5-1-2,0,0,0.0
2026-09-24 03:41:16,20260923,2,8,1-5-6,0.62,213.1,133.08,1.321,100.0,settled,5-1-2,0,0,0.0
2026-09-24 03:41:16,20260923,2,8,1-6-2,0.84,635.9,533.33,5.342,100.0,settled,5-1-2,0,0,0.0
2026-09-24 03:41:16,20260923,2,8,1-6-3,1.24,720.6,891.09,8.935,100.0,settled,5-1-2,0,0,0.0
2026-09-24 03:41:16,20260923,2,8,1-6-4,0.33,878.1,293.72,2.898,100.0,settled,5-1-2,0,0,0.0
2026-09-24 03:41:16,20260923,2,8,1-6-5,0.53,722.5,380.18,3.829,100.0,settled,5-1-2,0,0,0.0
2026-09-24 03:41:16,20260923,2,9,1-2-3,1.37,76.1,104.09,1.043,100.0,settled,5-4-3,0,0,0.0
2026-09-24 03:41:16,20260923,2,9,1-3-2,1.99,89.8,179.12,1.787,100.0,settled,5-4-3,0,0,0.0
2026-09-24 03:41:16,20260923,2,9,1-3-4,2.68,43.7,117.04,1.171,100.0,settled,5-4-3,0,0,0.0
2026-09-24 03:41:16,20260923,2,9,1-3-6,0.78,189.7,147.93,1.48,100.0,settled,5-4-3,0,0,0.0
2026-09-24 03:41:16,20260923,2,9,1-4-3,3.41,33.6,114.53,1.146,100.0,settled,5-4-3,0,0,0.0
2026-09-24 03:41:16,20260923,2,9,1-4-6,2.36,52.4,123.44,1.237,100.0,settled,5-4-3,0,0,0.0
2026-09-24 03:41:16,20260923,2,9,1-6-3,0.31,402.8,125.19,1.249,100.0,settled,5-4-3,0,0,0.0
2026-09-24 03:41:16,20260923,2,9,1-6-4,0.61,174.3,106.69,1.063,100.0,settled,5-4-3,0,0,0.0
2026-09-24 03:41:16,20260923,2,10,1-2-6,1.67,74.8,125.07,1.249,100.0,settled,4-5-1,0,0,0.0
2026-09-24 03:41:16,20260923,2,10,1-3-6,5.41,42.6,230.47,2.305,100.0,settled,4-5-1,0,0,0.0
2026-09-24 03:41:16,20260923,2,10,1-5-6,2.41,93.9,226.72,2.263,100.0,settled,4-5-1,0,0,0.0
2026-09-24 03:41:16,20260923,2,10,1-6-2,0.84,276.4,232.73,2.322,100.0,settled,4-5-1,0,0,0.0
2026-09-24 03:41:16,20260923,2,10,1-6-3,1.94,183.3,356.04,3.556,100.0,settled,4-5-1,0,0,0.0
2026-09-24 03:41:16,20260923,2,10,1-6-4,0.42,248.4,104.13,1.043,100.0,settled,4-5-1,0,0,0.0
2026-09-24 03:41:16,20260923,2,10,1-6-5,1.2,241.6,290.16,2.899,100.0,settled,4-5-1,0,0,0.0
2026-09-24 03:41:16,20260923,2,11,1-3-6,2.6,56.5,146.76,1.469,100.0,settled,1-6-2,0,0,0.0
2026-09-24 03:41:16,20260923,2,11,1-5-3,2.24,48.1,107.54,1.077,100.0,settled,1-6-2,0,0,0.0
2026-09-24 03:41:16,20260923,2,11,1-5-6,2.47,42.3,104.54,1.045,100.0,settled,1-6-2,0,0,0.0
2026-09-24 03:41:16,20260923,2,11,1-6-2,2.89,52.3,151.3,1.511,100.0,settled,1-6-2,1,5230.0,5230.0
2026-09-24 03:41:16,20260923,2,11,1-6-3,1.5,144.2,215.84,2.163,100.0,settled,1-6-2,0,0,0.0
2026-09-24 03:41:16,20260923,2,11,1-6-4,0.97,139.0,134.27,1.348,100.0,settled,1-6-2,0,0,0.0
2026-09-24 03:41:16,20260923,2,11,1-6-5,1.8,85.4,153.3,1.537,100.0,settled,1-6-2,0,0,0.0
2026-09-24 03:41:16,20260923,2,12,1-2-5,5.89,26.6,156.66,1.567,100.0,settled,1-5-3,0,0,0.0
2026-09-24 03:41:16,20260923,2,12,1-2-6,1.53,70.8,108.49,1.083,100.0,settled,1-5-3,0,0,0.0
2026-09-24 03:41:16,20260923,2,12,1-3-6,2.55,40.5,103.21,1.033,100.0,settled,1-5-3,0,0,0.0
2026-09-24 03:41:16,20260923,2,12,1-5-2,3.97,32.5,128.95,1.29,100.0,settled,1-5-3,0,0,0.0
2026-09-24 03:41:16,20260923,2,12,1-5-3,6.91,20.8,143.8,1.437,100.0,settled,1-5-3,1,2080.0,2080.0
2026-09-24 03:41:16,20260923,2,12,1-5-4,4.78,26.9,128.58,1.286,100.0,settled,1-5-3,0,0,0.0
2026-09-24 03:41:16,20260923,2,12,1-5-6,2.42,56.1,135.91,1.358,100.0,settled,1-5-3,0,0,0.0
2026-09-24 03:41:16,20260923,2,12,1-6-5,0.59,183.4,109.01,1.082,100.0,settled,1-5-3,0,0,0.0
2026-09-24 03:41:16,20260923,3,1,1-2-6,1.03,201.6,207.81,2.076,100.0,settled,1-2-3,0,0,0.0
2026-09-24 03:41:16,20260923,3,1,1-3-6,0.67,177.8,118.36,1.191,100.0,settled,1-2-3,0,0,0.0
2026-09-24 03:41:16,20260923,3,1,1-6-2,0.28,567.0,157.29,1.588,100.0,settled,1-2-3,0,0,0.0
2026-09-24 03:41:16,20260923,3,1,1-6-3,0.25,565.0,139.44,1.413,100.0,settled,1-2-3,0,0,0.0
2026-09-24 03:41:16,20260923,3,1,1-6-5,0.16,749.0,116.39,1.198,100.0,settled,1-2-3,0,0,0.0
2026-09-24 03:41:16,20260923,3,2,1-2-6,1.31,135.4,177.56,1.774,100.0,settled,1-2-5,0,0,0.0
2026-09-24 03:41:16,20260923,3,2,1-3-6,1.68,113.6,191.05,1.908,100.0,settled,1-2-5,0,0,0.0
2026-09-24 03:41:16,20260923,3,2,1-4-3,1.74,61.5,107.03,1.07,100.0,settled,1-2-5,0,0,0.0
2026-09-24 03:41:16,20260923,3,2,1-4-6,0.46,244.4,112.13,1.124,100.0,settled,1-2-5,0,0,0.0
2026-09-24 03:41:16,20260923,3,2,1-6-2,0.45,370.5,167.32,1.667,100.0,settled,1-2-5,0,0,0.0
2026-09-24 03:41:16,20260923,3,2,1-6-3,0.55,386.5,213.46,2.126,100.0,settled,1-2-5,0,0,0.0
2026-09-24 03:41:16,20260923,3,3,1-2-3,3.49,65.3,227.81,2.279,100.0,settled,6-2-4,0,0,0.0
2026-09-24 03:41:16,20260923,3,3,1-2-5,0.86,120.9,104.55,1.04,100.0,settled,6-2-4,0,0,0.0
2026-09-24 03:41:16,20260923,3,3,1-2-6,4.81,58.7,282.45,2.823,100.0,settled,6-2-4,0,0,0.0
2026-09-24 03:41:16,20260923,3,3,1-3-2,2.77,139.3,385.54,3.859,100.0,settled,6-2-4,0,0,0.0
2026-09-24 03:41:16,20260923,3,3,1-3-6,1.15,183.9,211.93,2.115,100.0,settled,6-2-4,0,0,0.0
2026-09-24 03:41:16,20260923,3,3,1-6-2,2.48,117.8,292.03,2.921,100.0,settled,6-2-4,0,0,0.0
2026-09-24 03:41:16,20260923,3,3,1-6-3,1.08,238.4,256.73,2.575,100.0,settled,6-2-4,0,0,0.0
2026-09-24 03:41:16,20260923,3,3,1-6-5,0.45,311.5,140.11,1.402,100.0,settled,6-2-4,0,0,0.0
2026-09-24 03:41:16,20260923,3,4,1-4-3,0.47,252.4,119.74,1.186,100.0,settled,3-1-6,0,0,0.0
2026-09-24 03:41:16,20260923,3,4,1-4-5,0.34,344.8,118.37,1.172,100.0,settled,3-1-6,0,0,0.0
2026-09-24 03:41:16,20260923,3,4,1-4-6,0.32,412.8,130.2,1.321,100.0,settled,3-1-6,0,0,0.0
2026-09-24 03:41:16,20260923,3,4,1-5-3,1.38,77.3,107.01,1.067,100.0,settled,3-1-6,0,0,0.0
2026-09-24 03:41:16,20260923,3,4,1-5-4,0.37,352.1,130.73,1.303,100.0,settled,3-1-6,0,0,0.0
2026-09-24 03:41:16,20260923,3,5,1-3-2,1.84,64.1,117.84,1.179,100.0,settled,1-2-5,0,0,0.0
2026-09-24 03:41:16,20260923,3,5,1-6-5,0.42,284.0,118.66,1.193,100.0,settled,1-2-5,0,0,0.0
2026-09-24 03:41:16,20260923,3,6,1-5-4,3.87,26.3,101.84,1.018,100.0,settled,1-5-6,0,0,0.0
2026-09-24 03:41:16,20260923,3,6,1-6-3,0.85,183.9,155.86,1.563,100.0,settled,1-5-6,0,0,0.0
2026-09-24 03:41:16,20260923,3,6,1-6-4,0.58,213.6,123.82,1.239,100.0,settled,1-5-6,0,0,0.0
2026-09-24 03:41:16,20260923,3,6,1-6-5,2.15,56.6,121.79,1.217,100.0,settled,1-5-6,0,0,0.0
2026-09-24 03:41:16,20260923,3,7,1-2-6,1.15,216.3,248.44,2.487,100.0,settled,5-4-3,0,0,0.0
2026-09-24 03:41:16,20260923,3,7,1-3-6,1.0,399.1,399.74,3.991,100.0,settled,5-4-3,0,0,0.0
2026-09-24 03:41:16,20260923,3,7,1-4-6,1.05,312.0,327.97,3.276,100.0,settled,5-4-3,0,0,0.0
2026-09-24 03:41:16,20260923,3,7,1-5-6,3.09,135.9,419.36,4.199,100.0,settled,5-4-3,0,0,0.0
2026-09-24 03:41:16,20260923,3,7,1-6-2,0.57,564.7,324.48,3.219,100.0,settled,5-4-3,0,0,0.0
2026-09-24 03:41:16,20260923,3,7,1-6-3,0.55,889.4,491.48,4.892,100.0,settled,5-4-3,0,0,0.0
2026-09-24 03:41:16,20260923,3,7,1-6-4,0.54,818.5,443.3,4.42,100.0,settled,5-4-3,0,0,0.0
2026-09-24 03:41:16,20260923,3,7,1-6-5,1.44,476.6,684.64,6.863,100.0,settled,5-4-3,0,0,0.0
2026-09-24 03:41:16,20260923,3,8,1-2-5,4.66,48.6,226.68,2.265,100.0,settled,4-6-5,0,0,0.0
2026-09-24 03:41:16,20260923,3,8,1-3-5,3.34,43.5,145.31,1.453,100.0,settled,4-6-5,0,0,0.0
2026-09-24 03:41:16,20260923,3,8,1-4-5,3.42,68.6,234.8,2.346,100.0,settled,4-6-5,0,0,0.0
2026-09-24 03:41:16,20260923,3,8,1-5-2,2.89,99.4,287.13,2.873,100.0,settled,4-6-5,0,0,0.0
2026-09-24 03:41:16,20260923,3,8,1-5-3,2.49,111.9,279.07,2.786,100.0,settled,4-6-5,0,0,0.0
2026-09-24 03:41:16,20260923,3,8,1-5-4,2.28,127.1,289.31,2.898,100.0,settled,4-6-5,0,0,0.0
2026-09-24 03:41:16,20260923,3,8,1-5-6,1.58,111.2,175.25,1.757,100.0,settled,4-6-5,0,0,0.0
2026-09-24 03:41:16,20260923,3,8,1-6-5,1.04,129.7,135.04,1.349,100.0,settled,4-6-5,0,0,0.0
2026-09-24 03:41:16,20260923,3,9,1-2-5,2.67,76.3,203.84,2.037,100.0,settled,1-4-6,0,0,0.0
2026-09-24 03:41:16,20260923,3,9,1-2-6,4.4,77.2,339.32,3.397,100.0,settled,1-4-6,0,0,0.0
2026-09-24 03:41:16,20260923,3,9,1-5-2,1.26,118.6,148.95,1.494,100.0,settled,1-4-6,0,0,0.0
2026-09-24 03:41:16,20260923,3,9,1-5-3,2.17,66.6,144.65,1.445,100.0,settled,1-4-6,0,0,0.0
2026-09-24 03:41:16,20260923,3,9,1-5-6,2.09,111.0,231.63,2.32,100.0,settled,1-4-6,0,0,0.0
2026-09-24 03:41:16,20260923,3,9,1-6-2,2.21,111.3,245.81,2.46,100.0,settled,1-4-6,0,0,0.0
2026-09-24 03:41:16,20260923,3,9,1-6-3,3.1,60.2,186.87,1.866,100.0,settled,1-4-6,0,0,0.0
2026-09-24 03:41:16,20260923,3,9,1-6-5,1.62,141.5,228.93,2.292,100.0,settled,1-4-6,0,0,0.0
2026-09-24 03:41:16,20260923,3,10,1-5-2,5.96,25.9,154.49,1.544,100.0,settled,3-2-4,0,0,0.0
2026-09-24 03:41:16,20260923,3,10,1-5-3,2.6,43.2,112.35,1.123,100.0,settled,3-2-4,0,0,0.0
2026-09-24 03:41:16,20260923,3,10,1-5-4,2.89,41.8,120.66,1.208,100.0,settled,3-2-4,0,0,0.0
2026-09-24 03:41:16,20260923,3,11,1-3-6,3.35,49.0,164.15,1.642,100.0,settled,1-3-6,1,4900.0,4900.0
2026-09-24 03:41:16,20260923,3,11,1-6-3,1.19,164.5,195.49,1.958,100.0,settled,1-3-6,0,0,0.0
2026-09-24 03:41:16,20260923,3,11,1-6-4,0.87,117.9,102.73,1.026,100.0,settled,1-3-6,0,0,0.0
2026-09-24 03:41:16,20260923,6,1,1-6-2,0.92,194.7,179.86,1.791,100.0,settled,5-1-3,0,0,0.0
2026-09-24 03:41:16,20260923,6,1,1-6-3,0.88,198.3,173.85,1.745,100.0,settled,5-1-3,0,0,0.0
2026-09-24 03:41:16,20260923,6,1,1-6-4,0.62,275.3,171.98,1.707,100.0,settled,5-1-3,0,0,0.0
2026-09-24 03:41:16,20260923,6,1,1-6-5,1.39,109.7,152.29,1.525,100.0,settled,5-1-3,0,0,0.0
2026-09-24 03:41:16,20260923,6,3,1-3-6,7.08,22.0,155.71,1.558,100.0,settled,1-2-4,0,0,0.0
2026-09-24 03:41:16,20260923,6,3,1-6-2,4.12,37.4,154.2,1.541,100.0,settled,1-2-4,0,0,0.0
2026-09-24 03:41:16,20260923,6,3,1-6-3,3.51,66.3,232.59,2.327,100.0,settled,1-2-4,0,0,0.0
2026-09-24 03:41:16,20260923,6,4,1-3-4,3.25,40.9,132.86,1.329,100.0,settled,1-6-2,0,0,0.0
2026-09-24 03:41:16,20260923,6,4,1-3-5,6.98,42.7,298.12,2.98,100.0,settled,1-6-2,0,0,0.0
2026-09-24 03:41:16,20260923,6,4,1-5-2,2.88,50.0,144.1,1.44,100.0,settled,1-6-2,0,0,0.0
2026-09-24 03:41:16,20260923,6,4,1-5-3,4.52,97.0,438.32,4.384,100.0,settled,1-6-2,0,0,0.0
2026-09-24 03:41:16,20260923,6,4,1-5-4,0.92,137.5,126.05,1.265,100.0,settled,1-6-2,0,0,0.0
2026-09-24 03:41:16,20260923,6,4,1-5-6,2.83,51.2,144.71,1.449,100.0,settled,1-6-2,0,0,0.0
2026-09-24 03:41:16,20260923,6,5,1-2-3,2.09,95.8,200.57,2.002,100.0,settled,5-4-1,0,0,0.0
2026-09-24 03:41:16,20260923,6,5,1-2-4,1.22,137.2,166.78,1.674,100.0,settled,5-4-1,0,0,0.0
2026-09-24 03:41:16,20260923,6,5,1-2-5,2.58,64.5,166.13,1.664,100.0,settled,5-4-1,0,0,0.0
2026-09-24 03:41:16,20260923,6,5,1-3-2,1.46,115.7,168.96,1.689,100.0,settled,5-4-1,0,0,0.0
2026-09-24 03:41:16,20260923,6,5,1-4-2,0.92,209.2,192.53,1.925,100.0,settled,5-4-1,0,0,0.0
2026-09-24 03:41:16,20260923,6,5,1-4-5,2.05,67.8,139.21,1.39,100.0,settled,5-4-1,0,0,0.0
2026-09-24 03:41:16,20260923,6,5,1-4-6,1.95,78.4,152.57,1.529,100.0,settled,5-4-1,0,0,0.0
2026-09-24 03:41:16,20260923,6,5,1-5-2,3.11,52.2,162.16,1.623,100.0,settled,5-4-1,0,0,0.0
2026-09-24 03:41:16,20260923,6,7,1-4-3,2.65,41.1,109.05,1.089,100.0,settled,1-6-2,0,0,0.0
2026-09-24 03:41:16,20260923,6,8,1-3-2,4.4,30.8,135.47,1.355,100.0,settled,3-2-4,0,0,0.0
2026-09-24 03:41:16,20260923,6,9,1-2-3,4.43,23.4,103.73,1.037,100.0,settled,5-3-4,0,0,0.0
2026-09-24 03:41:16,20260923,6,9,1-2-5,2.81,50.9,143.22,1.43,100.0,settled,5-3-4,0,0,0.0
2026-09-24 03:41:16,20260923,6,9,1-5-2,3.18,78.6,249.93,2.499,100.0,settled,5-3-4,0,0,0.0
2026-09-24 03:41:16,20260923,6,9,1-5-3,10.17,36.5,371.35,3.712,100.0,settled,5-3-4,0,0,0.0
2026-09-24 03:41:16,20260923,6,9,1-5-4,2.15,47.2,101.24,1.015,100.0,settled,5-3-4,0,0,0.0
2026-09-24 03:41:16,20260923,6,10,1-2-5,4.89,21.3,104.11,1.042,100.0,settled,1-3-2,0,0,0.0
2026-09-24 03:41:16,20260923,6,10,1-3-5,8.47,32.0,271.16,2.71,100.0,settled,1-3-2,0,0,0.0
2026-09-24 03:41:16,20260923,6,10,1-5-2,4.19,70.2,294.22,2.941,100.0,settled,1-3-2,0,0,0.0
2026-09-24 03:41:16,20260923,6,10,1-5-3,6.7,71.3,477.97,4.777,100.0,settled,1-3-2,0,0,0.0
2026-09-24 03:41:16,20260923,6,10,1-5-4,1.02,111.1,113.28,1.133,100.0,settled,1-3-2,0,0,0.0
2026-09-24 03:41:16,20260923,6,10,1-5-6,0.72,193.6,139.97,1.394,100.0,settled,1-3-2,0,0,0.0
2026-09-24 03:41:16,20260923,6,11,1-2-6,5.79,65.6,380.07,3.798,100.0,settled,2-5-3,0,0,0.0
2026-09-24 03:41:16,20260923,6,11,1-3-6,5.85,39.5,231.18,2.311,100.0,settled,2-5-3,0,0,0.0
2026-09-24 03:41:16,20260923,6,11,1-4-6,3.93,44.5,175.08,1.749,100.0,settled,2-5-3,0,0,0.0
2026-09-24 03:41:16,20260923,6,11,1-5-6,1.89,58.9,111.48,1.113,100.0,settled,2-5-3,0,0,0.0
2026-09-24 03:41:16,20260923,6,11,1-6-2,2.3,175.8,404.73,4.043,100.0,settled,2-5-3,0,0,0.0
2026-09-24 03:41:16,20260923,6,11,1-6-3,2.34,139.9,327.87,3.274,100.0,settled,2-5-3,0,0,0.0
2026-09-24 03:41:16,20260923,6,11,1-6-4,1.87,143.4,267.51,2.682,100.0,settled,2-5-3,0,0,0.0
2026-09-24 03:41:16,20260923,6,11,1-6-5,1.27,167.9,213.52,2.132,100.0,settled,2-5-3,0,0,0.0
2026-09-24 03:41:16,20260923,6,12,1-4-2,7.0,24.9,174.22,1.743,100.0,settled,1-2-3,0,0,0.0
2026-09-24 03:41:16,20260923,6,12,1-4-3,6.8,24.7,168.03,1.68,100.0,settled,1-2-3,0,0,0.0
2026-09-24 03:41:16,20260923,8,1,1-2-5,6.47,24.6,159.21,1.592,100.0,settled,1-5-3,0,0,0.0
2026-09-24 03:41:16,20260923,8,1,1-2-6,11.37,33.9,385.28,3.854,100.0,settled,1-5-3,0,0,0.0
2026-09-24 03:41:16,20260923,8,1,1-3-6,4.74,26.9,127.54,1.275,100.0,settled,1-5-3,0,0,0.0
2026-09-24 03:41:16,20260923,8,1,1-5-6,2.69,54.8,147.24,1.474,100.0,settled,1-5-3,0,0,0.0
2026-09-24 03:41:16,20260923,8,1,1-6-2,5.61,94.6,530.3,5.307,100.0,settled,1-5-3,0,0,0.0
2026-09-24 03:41:16,20260923,8,1,1-6-3,2.92,102.6,299.74,2.996,100.0,settled,1-5-3,0,0,0.0
2026-09-24 03:41:16,20260923,8,1,1-6-4,2.21,88.1,194.97,1.947,100.0,settled,1-5-3,0,0,0.0
2026-09-24 03:41:16,20260923,8,1,1-6-5,2.48,132.4,328.48,3.284,100.0,settled,1-5-3,0,0,0.0
2026-09-24 03:41:16,20260923,8,2,1-2-5,1.22,110.8,135.6,1.352,100.0,settled,1-6-3,0,0,0.0
2026-09-24 03:41:16,20260923,8,2,1-3-5,3.27,37.6,122.8,1.23,100.0,settled,1-6-3,0,0,0.0
2026-09-24 03:41:16,20260923,8,2,1-5-2,0.77,214.2,164.31,1.649,100.0,settled,1-6-3,0,0,0.0
2026-09-24 03:41:16,20260923,8,2,1-5-3,1.93,145.3,280.92,2.804,100.0,settled,1-6-3,0,0,0.0
2026-09-24 03:41:16,20260923,8,2,1-5-6,3.0,145.1,435.45,4.353,100.0,settled,1-6-3,0,0,0.0
2026-09-24 03:41:16,20260923,8,2,1-6-5,4.58,96.5,441.81,4.42,100.0,settled,1-6-3,0,0,0.0
2026-09-24 03:41:16,20260923,8,3,1-2-6,0.69,461.1,319.5,3.182,100.0,settled,4-5-3,0,0,0.0
2026-09-24 03:41:16,20260923,8,3,1-3-2,3.64,51.6,187.75,1.878,100.0,settled,4-5-3,0,0,0.0
2026-09-24 03:41:16,20260923,8,3,1-3-6,0.56,595.3,331.52,3.334,100.0,settled,4-5-3,0,0,0.0
2026-09-24 03:41:16,20260923,8,3,1-4-6,0.44,337.5,148.36,1.485,100.0,settled,4-5-3,0,0,0.0
2026-09-24 03:41:16,20260923,8,3,1-5-6,0.27,629.6,171.38,1.7,100.0,settled,4-5-3,0,0,0.0
2026-09-24 03:41:16,20260923,8,3,1-6-2,0.21,1247.0,259.38,2.619,100.0,settled,4-5-3,0,0,0.0
2026-09-24 03:41:16,20260923,8,3,1-6-4,0.14,999.7,140.16,1.4,100.0,settled,4-5-3,0,0,0.0
2026-09-24 03:41:16,20260923,8,3,1-6-5,0.15,1637.0,238.18,2.456,100.0,settled,4-5-3,0,0,0.0
2026-09-24 03:41:16,20260923,8,4,1-2-4,2.24,59.6,133.41,1.335,100.0,settled,1-4-5,0,0,0.0
2026-09-24 03:41:16,20260923,8,4,1-2-5,1.03,142.1,146.78,1.464,100.0,settled,1-4-5,0,0,0.0
2026-09-24 03:41:16,20260923,8,4,1-4-2,2.71,56.2,152.05,1.523,100.0,settled,1-4-5,0,0,0.0
2026-09-24 03:41:16,20260923,8,4,1-4-5,2.52,54.0,135.92,1.361,100.0,settled,1-4-5,1,5400.0,5400.0
2026-09-24 03:41:16,20260923,8,4,1-5-2,0.79,210.1,165.43,1.66,100.0,settled,1-4-5,0,0,0.0
2026-09-24 03:41:16,20260923,8,4,1-5-4,1.42,127.2,181.21,1.806,100.0,settled,1-4-5,0,0,0.0
2026-09-24 03:41:16,20260923,8,4,1-5-6,1.13,105.5,118.79,1.192,100.0,settled,1-4-5,0,0,0.0
2026-09-24 03:41:16,20260923,8,4,1-6-2,1.09,101.5,110.78,1.106,100.0,settled,1-4-5,0,0,0.0
2026-09-24 03:41:16,20260923,8,5,1-2-4,2.25,92.5,207.71,2.081,100.0,settled,1-5-6,0,0,0.0
2026-09-24 03:41:16,20260923,8,5,1-2-5,1.13,105.8,119.8,1.196,100.0,settled,1-5-6,0,0,0.0
2026-09-24 03:41:16,20260923,8,5,1-2-6,2.62,38.7,101.56,1.014,100.0,settled,1-5-6,0,0,0.0
2026-09-24 03:41:16,20260923,8,5,1-4-2,3.69,72.9,269.26,2.69,100.0,settled,1-5-6,0,0,0.0
2026-09-24 03:41:16,20260923,8,5,1-4-5,5.38,42.0,225.86,2.26,100.0,settled,1-5-6,0,0,0.0
2026-09-24 03:41:16,20260923,8,5,1-5-4,2.37,59.2,140.2,1.403,100.0,settled,1-5-6,0,0,0.0
2026-09-24 03:41:16,20260923,8,5,1-6-2,2.82,39.5,111.41,1.114,100.0,settled,1-5-6,0,0,0.0
2026-09-24 03:41:16,20260923,8,6,1-6-5,1.74,60.5,105.34,1.053,100.0,settled,2-1-5,0,0,0.0
2026-09-24 03:41:16,20260923,8,7,1-2-6,0.59,277.6,162.78,1.638,100.0,settled,1-2-5,0,0,0.0
2026-09-24 03:41:16,20260923,8,7,1-5-2,1.73,61.6,106.82,1.066,100.0,settled,1-2-5,0,0,0.0
2026-09-24 03:41:16,20260923,8,7,1-5-6,0.21,509.7,108.01,1.07,100.0,settled,1-2-5,0,0,0.0
2026-09-24 03:41:16,20260923,8,8,1-3-2,8.76,37.5,328.53,3.285,100.0,settled,2-1-4,0,0,0.0
2026-09-24 03:41:16,20260923,8,8,1-3-5,1.74,85.4,148.92,1.486,100.0,settled,2-1-4,0,0,0.0
2026-09-24 03:41:16,20260923,8,8,1-3-6,0.64,208.1,134.04,1.332,100.0,settled,2-1-4,0,0,0.0
2026-09-24 03:41:16,20260923,8,8,1-5-3,1.72,104.3,179.18,1.794,100.0,settled,2-1-4,0,0,0.0
2026-09-24 03:41:16,20260923,8,8,1-6-3,0.23,452.2,106.22,1.04,100.0,settled,2-1-4,0,0,0.0
2026-09-24 03:41:16,20260923,8,10,1-2-3,6.12,25.7,157.29,1.573,100.0,settled,1-5-4,0,0,0.0
2026-09-24 03:41:16,20260923,8,10,1-2-6,6.7,56.9,381.23,3.812,100.0,settled,1-5-4,0,0,0.0
2026-09-24 03:41:16,20260923,8,10,1-3-6,1.87,120.2,225.34,2.248,100.0,settled,1-5-4,0,0,0.0
2026-09-24 03:41:16,20260923,8,10,1-5-6,6.48,28.0,181.33,1.814,100.0,settled,1-5-4,0,0,0.0
2026-09-24 03:41:16,20260923,8,10,1-6-2,3.72,189.5,704.39,7.049,100.0,settled,1-5-4,0,0,0.0
2026-09-24 03:41:16,20260923,8,10,1-6-3,1.89,267.6,505.34,5.058,100.0,settled,1-5-4,0,0,0.0
2026-09-24 03:41:16,20260923,8,10,1-6-4,0.87,125.3,108.43,1.09,100.0,settled,1-5-4,0,0,0.0
2026-09-24 03:41:16,20260923,8,10,1-6-5,5.22,117.1,611.81,6.113,100.0,settled,1-5-4,0,0,0.0
2026-09-24 03:41:16,20260923,8,11,1-5-4,1.13,99.0,111.74,1.119,100.0,settled,1-3-4,0,0,0.0
2026-09-24 03:41:16,20260923,8,12,1-6-3,0.41,299.1,122.51,1.226,100.0,settled,1-4-2,0,0,0.0
2026-09-24 03:41:16,20260923,9,1,1-3-4,11.37,23.0,261.52,2.615,100.0,settled,1-5-2,0,0,0.0
2026-09-24 03:41:16,20260923,9,1,1-3-6,2.9,46.9,136.2,1.36,100.0,settled,1-5-2,0,0,0.0
2026-09-24 03:41:16,20260923,9,1,1-4-3,12.03,26.6,320.12,3.2,100.0,settled,1-5-2,0,0,0.0
2026-09-24 03:41:16,20260923,9,1,1-4-6,6.93,33.5,232.25,2.322,100.0,settled,1-5-2,0,0,0.0
2026-09-24 03:41:16,20260923,9,1,1-5-3,4.29,32.3,138.68,1.386,100.0,settled,1-5-2,0,0,0.0
2026-09-24 03:41:16,20260923,9,1,1-5-4,6.4,26.6,170.23,1.702,100.0,settled,1-5-2,0,0,0.0
2026-09-24 03:41:16,20260923,9,1,1-6-3,1.2,127.6,153.41,1.531,100.0,settled,1-5-2,0,0,0.0
2026-09-24 03:41:16,20260923,9,1,1-6-4,1.84,128.9,237.55,2.372,100.0,settled,1-5-2,0,0,0.0
2026-09-24 03:41:16,20260923,9,5,1-2-6,9.7,58.6,568.67,5.684,100.0,settled,1-4-2,0,0,0.0
2026-09-24 03:41:16,20260923,9,5,1-3-6,2.98,229.4,684.69,6.836,100.0,settled,1-4-2,0,0,0.0
2026-09-24 03:41:16,20260923,9,5,1-4-6,8.09,154.1,1247.25,12.467,100.0,settled,1-4-2,0,0,0.0
2026-09-24 03:41:16,20260923,9,5,1-5-6,1.07,179.2,191.87,1.917,100.0,settled,1-4-2,0,0,0.0
2026-09-24 03:41:16,20260923,9,5,1-6-2,5.94,264.3,1570.15,15.699,100.0,settled,1-4-2,0,0,0.0
2026-09-24 03:41:16,20260923,9,5,1-6-3,3.06,598.5,1834.4,18.314,100.0,settled,1-4-2,0,0,0.0
2026-09-24 03:41:16,20260923,9,5,1-6-4,5.04,436.7,2199.61,22.01,100.0,settled,1-4-2,0,0,0.0
2026-09-24 03:41:16,20260923,9,5,1-6-5,1.61,580.1,935.93,9.34,100.0,settled,1-4-2,0,0,0.0
2026-09-24 03:41:16,20260923,9,6,1-2-3,10.13,82.0,830.35,8.307,100.0,settled,1-3-4,0,0,0.0
2026-09-24 03:41:16,20260923,9,6,1-2-4,4.09,108.3,442.59,4.429,100.0,settled,1-3-4,0,0,0.0
2026-09-24 03:41:16,20260923,9,6,1-2-6,1.09,621.3,674.73,6.772,100.0,settled,1-3-4,0,0,0.0
2026-09-24 03:41:16,20260923,9,6,1-3-2,24.0,43.0,1031.79,10.32,100.0,settled,1-3-4,0,0,0.0
2026-09-24 03:41:16,20260923,9,6,1-3-6,1.75,235.2,411.22,4.116,100.0,settled,1-3-4,0,0,0.0
2026-09-24 03:41:16,20260923,9,6,1-4-6,0.65,588.8,384.6,3.827,100.0,settled,1-3-4,0,0,0.0
2026-09-24 03:41:16,20260923,9,6,1-6-2,0.27,1136.0,310.81,3.067,100.0,settled,1-3-4,0,0,0.0
2026-09-24 03:41:16,20260923,9,6,1-6-3,0.37,820.9,306.85,3.037,100.0,settled,1-3-4,0,0,0.0
2026-09-24 03:41:16,20260923,9,8,1-3-4,1.62,145.1,235.34,2.351,100.0,settled,5-1-6,0,0,0.0
2026-09-24 03:41:16,20260923,9,8,1-4-2,0.17,653.1,108.02,1.11,100.0,settled,5-1-6,0,0,0.0
2026-09-24 03:41:16,20260923,9,8,1-4-3,0.55,659.1,364.61,3.625,100.0,settled,5-1-6,0,0,0.0
2026-09-24 03:41:16,20260923,9,8,1-4-5,0.8,548.4,436.25,4.387,100.0,settled,5-1-6,0,0,0.0
2026-09-24 03:41:16,20260923,9,8,1-4-6,0.19,704.3,136.49,1.338,100.0,settled,5-1-6,0,0,0.0
2026-09-24 03:41:16,20260923,9,8,1-5-4,1.51,185.6,281.13,2.803,100.0,settled,5-1-6,0,0,0.0
2026-09-24 03:41:16,20260923,9,9,1-2-5,12.18,24.3,295.94,2.96,100.0,settled,1-2-5,1,2430.0,2430.0
2026-09-24 03:41:16,20260923,9,9,1-5-2,2.91,103.5,300.87,3.012,100.0,settled,1-2-5,0,0,0.0
2026-09-24 03:41:16,20260923,9,9,1-5-3,0.44,271.2,119.87,1.193,100.0,settled,1-2-5,0,0,0.0
2026-09-24 03:41:16,20260923,9,9,1-5-6,1.51,163.4,247.19,2.467,100.0,settled,1-2-5,0,0,0.0
2026-09-24 03:41:16,20260923,9,9,1-6-2,4.72,54.5,257.24,2.572,100.0,settled,1-2-5,0,0,0.0
2026-09-24 03:41:16,20260923,9,9,1-6-3,0.67,233.9,156.76,1.567,100.0,settled,1-2-5,0,0,0.0
2026-09-24 03:41:16,20260923,9,9,1-6-5,1.77,187.8,332.58,3.324,100.0,settled,1-2-5,0,0,0.0
2026-09-24 03:41:16,20260923,9,10,1-3-2,2.56,52.7,135.08,1.349,100.0,settled,1-4-2,0,0,0.0
2026-09-24 03:41:16,20260923,9,10,1-3-5,1.4,77.9,109.3,1.091,100.0,settled,1-4-2,0,0,0.0
2026-09-24 03:41:16,20260923,9,10,1-5-2,2.69,64.8,174.6,1.743,100.0,settled,1-4-2,0,0,0.0
2026-09-24 03:41:16,20260923,9,10,1-5-3,1.37,132.3,181.16,1.813,100.0,settled,1-4-2,0,0,0.0
2026-09-24 03:41:16,20260923,9,10,1-5-4,3.75,53.1,199.22,1.991,100.0,settled,1-4-2,0,0,0.0
2026-09-24 03:41:16,20260923,9,11,1-2-3,5.76,24.9,143.5,1.434,100.0,settled,4-5-1,0,0,0.0
2026-09-24 03:41:16,20260923,9,11,1-3-2,4.42,35.5,156.96,1.569,100.0,settled,4-5-1,0,0,0.0
2026-09-24 03:41:16,20260923,9,11,1-3-5,4.04,32.5,131.16,1.313,100.0,settled,4-5-1,0,0,0.0
2026-09-24 03:41:16,20260923,9,11,1-5-3,3.17,53.2,168.5,1.686,100.0,settled,4-5-1,0,0,0.0
2026-09-24 03:41:16,20260923,9,12,1-2-3,4.5,33.6,151.15,1.512,100.0,settled,1-6-5,0,0,0.0
2026-09-24 03:41:16,20260923,9,12,1-3-2,3.38,65.3,220.64,2.207,100.0,settled,1-6-5,0,0,0.0
2026-09-24 03:41:16,20260923,9,12,1-3-4,9.21,42.5,391.37,3.914,100.0,settled,1-6-5,0,0,0.0
2026-09-24 03:41:16,20260923,9,12,1-3-5,2.69,63.6,170.99,1.711,100.0,settled,1-6-5,0,0,0.0
2026-09-24 03:41:16,20260923,9,12,1-4-3,12.67,24.2,306.58,3.066,100.0,settled,1-6-5,0,0,0.0
2026-09-24 03:41:16,20260923,9,12,1-5-3,2.15,61.2,131.65,1.316,100.0,settled,1-6-5,0,0,0.0
2026-09-24 03:41:16,20260923,10,1,1-2-4,7.79,21.1,164.34,1.644,100.0,settled,1-4-6,0,0,0.0
2026-09-24 03:41:16,20260923,10,1,1-3-2,8.59,32.0,274.98,2.749,100.0,settled,1-4-6,0,0,0.0
2026-09-24 03:41:16,20260923,10,1,1-3-4,3.23,80.8,260.61,2.61,100.0,settled,1-4-6,0,0,0.0
2026-09-24 03:41:16,20260923,10,1,1-3-5,4.05,34.1,138.17,1.381,100.0,settled,1-4-6,0,0,0.0
2026-09-24 03:41:16,20260923,10,1,1-4-2,3.72,56.2,209.2,2.091,100.0,settled,1-4-6,0,0,0.0
2026-09-24 03:41:16,20260923,10,1,1-4-3,1.98,114.9,228.07,2.275,100.0,settled,1-4-6,0,0,0.0
2026-09-24 03:41:16,20260923,10,1,1-4-5,2.58,59.4,153.26,1.533,100.0,settled,1-4-6,0,0,0.0
2026-09-24 03:41:16,20260923,10,1,1-5-3,3.94,36.1,142.22,1.422,100.0,settled,1-4-6,0,0,0.0
2026-09-24 03:41:16,20260923,10,2,1-2-4,11.7,73.2,856.21,8.564,100.0,settled,5-3-1,0,0,0.0
2026-09-24 03:41:16,20260923,10,2,1-3-2,9.1,52.2,474.96,4.75,100.0,settled,5-3-1,0,0,0.0
2026-09-24 03:41:16,20260923,10,2,1-3-4,1.86,308.3,573.81,5.734,100.0,settled,5-3-1,0,0,0.0
2026-09-24 03:41:16,20260923,10,2,1-4-2,2.57,207.3,532.04,5.328,100.0,settled,5-3-1,0,0,0.0
2026-09-24 03:41:16,20260923,10,2,1-4-3,0.98,658.9,642.89,6.457,100.0,settled,5-3-1,0,0,0.0
2026-09-24 03:41:16,20260923,10,3,1-2-5,3.23,56.4,182.39,1.822,100.0,settled,1-2-4,0,0,0.0
2026-09-24 03:41:16,20260923,10,3,1-5-2,1.54,98.1,150.66,1.511,100.0,settled,1-2-4,0,0,0.0
2026-09-24 03:41:16,20260923,10,3,1-5-3,2.81,49.0,137.7,1.377,100.0,settled,1-2-4,0,0,0.0
2026-09-24 03:41:16,20260923,10,4,1-4-2,2.75,36.8,101.27,1.012,100.0,settled,1-3-6,0,0,0.0
2026-09-24 03:41:16,20260923,10,5,1-2-3,4.17,41.7,173.9,1.739,100.0,settled,1-3-6,0,0,0.0
2026-09-24 03:41:16,20260923,10,5,1-2-4,0.74,227.5,167.99,1.683,100.0,settled,1-3-6,0,0,0.0
2026-09-24 03:41:16,20260923,10,5,1-3-2,12.28,21.6,265.17,2.652,100.0,settled,1-3-6,0,0,0.0
2026-09-24 03:41:16,20260923,10,5,1-3-4,3.85,78.6,302.45,3.026,100.0,settled,1-3-6,0,0,0.0
2026-09-24 03:41:16,20260923,10,5,1-4-2,0.63,369.0,232.62,2.325,100.0,settled,1-3-6,0,0,0.0
2026-09-24 03:41:16,20260923,10,5,1-4-3,1.5,385.3,578.45,5.779,100.0,settled,1-3-6,0,0,0.0
2026-09-24 03:41:16,20260923,10,5,1-4-5,0.33,570.5,185.75,1.883,100.0,settled,1-3-6,0,0,0.0
2026-09-24 03:41:16,20260923,10,5,1-4-6,1.17,297.4,346.5,3.48,100.0,settled,1-3-6,0,0,0.0
2026-09-24 03:41:16,20260923,10,6,1-2-5,0.26,538.5,139.58,1.4,100.0,settled,3-4-6,0,0,0.0
2026-09-24 03:41:16,20260923,10,6,1-3-2,1.8,210.7,379.34,3.793,100.0,settled,3-4-6,0,0,0.0
2026-09-24 03:41:16,20260923,10,6,1-3-4,1.09,250.7,274.29,2.733,100.0,settled,3-4-6,0,0,0.0
2026-09-24 03:41:16,20260923,10,6,1-4-2,1.98,121.1,239.62,2.398,100.0,settled,3-4-6,0,0,0.0
2026-09-24 03:41:16,20260923,10,6,1-4-3,1.64,263.9,433.11,4.328,100.0,settled,3-4-6,0,0,0.0
2026-09-24 03:41:16,20260923,10,6,1-4-5,0.55,713.2,392.55,3.923,100.0,settled,3-4-6,0,0,0.0
2026-09-24 03:41:16,20260923,10,6,1-4-6,1.08,228.4,247.31,2.467,100.0,settled,3-4-6,0,0,0.0
2026-09-24 03:41:16,20260923,10,6,1-5-4,0.14,1445.0,198.25,2.023,100.0,settled,3-4-6,0,0,0.0
2026-09-24 03:41:16,20260923,10,7,1-2-4,5.27,40.8,215.1,2.15,100.0,settled,1-2-4,1,4080.0,4080.0
2026-09-24 03:41:16,20260923,10,7,1-2-5,3.52,34.4,121.25,1.211,100.0,settled,1-2-4,0,0,0.0
2026-09-24 03:41:16,20260923,10,7,1-4-2,2.09,104.7,218.33,2.188,100.0,settled,1-2-4,0,0,0.0
2026-09-24 03:41:16,20260923,10,8,1-2-3,5.0,109.2,546.03,5.46,100.0,settled,6-5-2,0,0,0.0
2026-09-24 03:41:16,20260923,10,8,1-2-4,2.74,103.7,283.79,2.841,100.0,settled,6-5-2,0,0,0.0
2026-09-24 03:41:16,20260923,10,8,1-2-5,1.51,124.1,187.63,1.874,100.0,settled,6-5-2,0,0,0.0
2026-09-24 03:41:16,20260923,10,8,1-2-6,4.32,161.1,695.79,6.96,100.0,settled,6-5-2,0,0,0.0
2026-09-24 03:41:16,20260923,10,8,1-3-2,2.81,72.6,203.9,2.04,100.0,settled,6-5-2,0,0,0.0
2026-09-24 03:41:16,20260923,10,8,1-4-2,1.57,79.7,125.15,1.251,100.0,settled,6-5-2,0,0,0.0
2026-09-24 03:41:16,20260923,10,8,1-6-2,2.3,152.6,350.66,3.51,100.0,settled,6-5-2,0,0,0.0
2026-09-24 03:41:16,20260923,10,10,1-2-5,5.63,22.4,126.15,1.261,100.0,settled,1-2-4,0,0,0.0
2026-09-24 03:41:16,20260923,10,10,1-5-2,1.75,57.7,100.85,1.01,100.0,settled,1-2-4,0,0,0.0
2026-09-24 03:41:16,20260923,10,12,1-2-4,4.22,23.7,100.0,1.0,100.0,settled,1-5-2,0,0,0.0
2026-09-24 03:41:16,20260923,10,12,1-2-6,4.11,31.5,129.41,1.295,100.0,settled,1-5-2,0,0,0.0
2026-09-24 03:41:16,20260923,10,12,1-5-2,4.83,21.7,104.85,1.048,100.0,settled,1-5-2,1,2170.0,2170.0
2026-09-24 03:41:16,20260923,11,1,1-2-4,6.4,92.2,589.85,5.901,100.0,settled,2-1-3,0,0,0.0
2026-09-24 03:41:16,20260923,11,1,1-2-6,2.49,204.3,509.2,5.087,100.0,settled,2-1-3,0,0,0.0
2026-09-24 03:41:16,20260923,11,1,1-4-2,4.28,194.9,833.43,8.342,100.0,settled,2-1-3,0,0,0.0
2026-09-24 03:41:16,20260923,11,1,1-4-3,2.29,169.4,387.91,3.879,100.0,settled,2-1-3,0,0,0.0
2026-09-24 03:41:16,20260923,11,1,1-4-5,4.92,57.8,284.46,2.844,100.0,settled,2-1-3,0,0,0.0
2026-09-24 03:41:16,20260923,11,1,1-4-6,2.69,251.7,676.12,6.771,100.0,settled,2-1-3,0,0,0.0
2026-09-24 03:41:16,20260923,11,1,1-6-2,0.66,461.4,306.19,3.045,100.0,settled,2-1-3,0,0,0.0
2026-09-24 03:41:16,20260923,11,1,1-6-4,0.8,576.8,459.31,4.614,100.0,settled,2-1-3,0,0,0.0
2026-09-24 03:41:16,20260923,11,2,1-6-5,0.25,494.3,122.78,1.236,100.0,settled,3-1-5,0,0,0.0
2026-09-24 03:41:16,20260923,11,4,1-3-6,5.73,27.4,157.0,1.57,100.0,settled,2-3-5,0,0,0.0
2026-09-24 03:41:16,20260923,11,7,1-3-4,3.34,48.2,161.07,1.61,100.0,settled,5-3-6,0,0,0.0
2026-09-24 03:41:16,20260923,11,7,1-3-6,6.53,33.7,220.2,2.201,100.0,settled,5-3-6,0,0,0.0
2026-09-24 03:41:16,20260923,11,7,1-4-3,2.06,124.9,257.71,2.573,100.0,settled,5-3-6,0,0,0.0
2026-09-24 03:41:16,20260923,11,7,1-4-6,2.3,141.4,325.45,3.252,100.0,settled,5-3-6,0,0,0.0
2026-09-24 03:41:16,20260923,11,7,1-6-2,1.7,113.4,192.25,1.928,100.0,settled,5-3-6,0,0,0.0
2026-09-24 03:41:16,20260923,11,7,1-6-3,3.67,96.4,353.69,3.538,100.0,settled,5-3-6,0,0,0.0
2026-09-24 03:41:16,20260923,11,7,1-6-4,1.78,218.7,390.31,3.893,100.0,settled,5-3-6,0,0,0.0
2026-09-24 03:41:16,20260923,11,7,1-6-5,0.79,193.6,153.41,1.529,100.0,settled,5-3-6,0,0,0.0
2026-09-24 03:41:16,20260923,11,10,1-2-3,14.55,26.1,379.88,3.798,100.0,settled,1-5-4,0,0,0.0
2026-09-24 03:41:16,20260923,11,10,1-2-6,6.63,55.1,365.14,3.653,100.0,settled,1-5-4,0,0,0.0
2026-09-24 03:41:16,20260923,11,10,1-3-2,12.02,28.5,342.56,3.426,100.0,settled,1-5-4,0,0,0.0
2026-09-24 03:41:16,20260923,11,10,1-3-6,2.39,48.2,115.4,1.152,100.0,settled,1-5-4,0,0,0.0
2026-09-24 03:41:16,20260923,11,10,1-6-2,1.53,163.2,249.79,2.497,100.0,settled,1-5-4,0,0,0.0
2026-09-24 03:41:16,20260923,11,10,1-6-3,0.73,139.8,102.38,1.021,100.0,settled,1-5-4,0,0,0.0
2026-09-24 03:41:16,20260923,11,11,1-5-2,1.39,75.6,105.02,1.051,100.0,settled,1-2-3,0,0,0.0
2026-09-24 03:41:16,20260923,11,11,1-5-3,1.44,72.9,105.06,1.05,100.0,settled,1-2-3,0,0,0.0
2026-09-24 03:41:16,20260923,11,11,1-5-6,2.86,70.6,202.04,2.019,100.0,settled,1-2-3,0,0,0.0
2026-09-24 03:41:16,20260923,11,11,1-6-2,4.04,34.6,139.92,1.398,100.0,settled,1-2-3,0,0,0.0
2026-09-24 03:41:16,20260923,11,11,1-6-3,3.83,38.1,146.0,1.459,100.0,settled,1-2-3,0,0,0.0
2026-09-24 03:41:16,20260923,11,11,1-6-5,3.32,76.3,253.54,2.533,100.0,settled,1-2-3,0,0,0.0
2026-09-24 03:41:16,20260923,11,12,1-4-5,0.68,170.8,116.95,1.161,100.0,settled,1-2-4,0,0,0.0
2026-09-24 03:41:16,20260923,11,12,1-5-2,1.08,108.0,116.72,1.166,100.0,settled,1-2-4,0,0,0.0
2026-09-24 03:41:16,20260923,11,12,1-5-3,1.81,99.8,180.72,1.806,100.0,settled,1-2-4,0,0,0.0
2026-09-24 03:41:16,20260923,11,12,1-5-4,0.61,207.1,126.62,1.263,100.0,settled,1-2-4,0,0,0.0
2026-09-24 03:41:16,20260923,11,12,1-5-6,1.28,141.2,180.61,1.807,100.0,settled,1-2-4,0,0,0.0
2026-09-24 03:41:16,20260923,11,12,1-6-3,2.51,51.9,130.48,1.303,100.0,settled,1-2-4,0,0,0.0
2026-09-24 03:41:16,20260923,11,12,1-6-4,1.05,113.5,119.64,1.192,100.0,settled,1-2-4,0,0,0.0
2026-09-24 03:41:16,20260923,11,12,1-6-5,1.08,180.5,194.54,1.949,100.0,settled,1-2-4,0,0,0.0
2026-09-24 03:41:16,20260923,12,1,1-2-6,3.77,63.9,240.97,2.409,100.0,settled,1-3-5,0,0,0.0
2026-09-24 03:41:16,20260923,12,1,1-3-6,3.78,67.3,254.34,2.544,100.0,settled,1-3-5,0,0,0.0
2026-09-24 03:41:16,20260923,12,1,1-4-3,8.49,26.0,220.74,2.207,100.0,settled,1-3-5,0,0,0.0
2026-09-24 03:41:16,20260923,12,1,1-4-6,5.59,89.9,502.92,5.025,100.0,settled,1-3-5,0,0,0.0
2026-09-24 03:41:16,20260923,12,1,1-6-2,1.18,261.8,308.9,3.089,100.0,settled,1-3-5,0,0,0.0
2026-09-24 03:41:16,20260923,12,1,1-6-3,1.3,297.9,386.94,3.873,100.0,settled,1-3-5,0,0,0.0
2026-09-24 03:41:16,20260923,12,1,1-6-4,1.57,299.8,469.55,4.707,100.0,settled,1-3-5,0,0,0.0
2026-09-24 03:41:16,20260923,12,1,1-6-5,0.59,330.7,194.12,1.951,100.0,settled,1-3-5,0,0,0.0
2026-09-24 03:41:16,20260923,12,2,1-2-6,2.39,179.4,428.8,4.288,100.0,settled,2-1-3,0,0,0.0
2026-09-24 03:41:16,20260923,12,2,1-3-6,0.81,146.0,117.76,1.183,100.0,settled,2-1-3,0,0,0.0
2026-09-24 03:41:16,20260923,12,2,1-6-2,0.49,416.9,203.11,2.043,100.0,settled,2-1-3,0,0,0.0
2026-09-24 03:41:16,20260923,12,2,1-6-3,0.27,508.9,138.62,1.374,100.0,settled,2-1-3,0,0,0.0
2026-09-24 03:41:16,20260923,12,2,1-6-5,0.17,670.4,113.63,1.14,100.0,settled,2-1-3,0,0,0.0
2026-09-24 03:41:16,20260923,12,3,1-4-2,2.54,60.6,154.12,1.539,100.0,settled,1-4-3,0,0,0.0
2026-09-24 03:41:16,20260923,12,3,1-4-5,1.8,94.2,169.92,1.696,100.0,settled,1-4-3,0,0,0.0
2026-09-24 03:41:16,20260923,12,3,1-4-6,2.78,55.7,155.06,1.548,100.0,settled,1-4-3,0,0,0.0
2026-09-24 03:41:16,20260923,12,3,1-5-2,2.53,50.4,127.72,1.275,100.0,settled,1-4-3,0,0,0.0
2026-09-24 03:41:16,20260923,12,3,1-5-4,1.47,86.4,126.87,1.27,100.0,settled,1-4-3,0,0,0.0
2026-09-24 03:41:16,20260923,12,3,1-5-6,2.82,70.7,199.15,1.994,100.0,settled,1-4-3,0,0,0.0
2026-09-24 03:41:16,20260923,12,3,1-6-4,1.47,96.3,141.31,1.416,100.0,settled,1-4-3,0,0,0.0
2026-09-24 03:41:16,20260923,12,3,1-6-5,1.68,120.5,202.71,2.024,100.0,settled,1-4-3,0,0,0.0
2026-09-24 03:41:16,20260923,12,5,1-2-3,5.7,32.1,183.07,1.83,100.0,settled,1-4-2,0,0,0.0
2026-09-24 03:41:16,20260923,12,5,1-2-5,8.64,22.4,193.43,1.935,100.0,settled,1-4-2,0,0,0.0
2026-09-24 03:41:16,20260923,12,5,1-3-2,7.19,76.5,550.39,5.5,100.0,settled,1-4-2,0,0,0.0
2026-09-24 03:41:16,20260923,12,5,1-3-5,1.72,133.7,230.32,2.3,100.0,settled,1-4-2,0,0,0.0
2026-09-24 03:41:16,20260923,12,5,1-4-5,3.55,52.3,185.45,1.857,100.0,settled,1-4-2,0,0,0.0
2026-09-24 03:41:16,20260923,12,5,1-5-2,4.07,74.2,301.98,3.02,100.0,settled,1-4-2,0,0,0.0
2026-09-24 03:41:16,20260923,12,5,1-5-3,1.7,222.6,377.66,3.784,100.0,settled,1-4-2,0,0,0.0
2026-09-24 03:41:16,20260923,12,5,1-5-4,1.93,101.9,196.87,1.967,100.0,settled,1-4-2,0,0,0.0
2026-09-24 03:41:16,20260923,12,6,1-3-2,9.91,27.0,267.6,2.676,100.0,settled,1-2-5,0,0,0.0
2026-09-24 03:41:16,20260923,12,6,1-3-6,2.58,55.2,142.37,1.424,100.0,settled,1-2-5,0,0,0.0
2026-09-24 03:41:16,20260923,12,6,1-5-3,7.92,23.0,182.14,1.822,100.0,settled,1-2-5,0,0,0.0
2026-09-24 03:41:16,20260923,12,6,1-6-2,1.91,66.8,127.55,1.276,100.0,settled,1-2-5,0,0,0.0
2026-09-24 03:41:16,20260923,12,6,1-6-3,1.74,123.4,215.1,2.147,100.0,settled,1-2-5,0,0,0.0
2026-09-24 03:41:16,20260923,12,6,1-6-5,2.68,54.3,145.61,1.455,100.0,settled,1-2-5,0,0,0.0
2026-09-24 03:41:16,20260923,12,8,1-2-5,3.71,51.5,191.02,1.911,100.0,settled,1-2-6,0,0,0.0
2026-09-24 03:41:16,20260923,12,8,1-2-6,3.32,45.0,149.33,1.494,100.0,settled,1-2-6,1,4500.0,4500.0
2026-09-24 03:41:16,20260923,12,8,1-4-5,4.74,23.5,111.41,1.114,100.0,settled,1-2-6,0,0,0.0
2026-09-24 03:41:16,20260923,12,8,1-5-2,1.65,123.7,204.28,2.041,100.0,settled,1-2-6,0,0,0.0
2026-09-24 03:41:16,20260923,12,8,1-5-4,2.07,60.9,126.02,1.261,100.0,settled,1-2-6,0,0,0.0
2026-09-24 03:41:16,20260923,12,8,1-6-2,1.29,98.5,126.84,1.271,100.0,settled,1-2-6,0,0,0.0
2026-09-24 03:41:16,20260923,12,9,1-4-3,4.02,27.2,109.36,1.093,100.0,settled,1-2-5,0,0,0.0
2026-09-24 03:41:16,20260923,12,10,1-2-6,2.32,43.4,100.8,1.007,100.0,settled,1-5-2,0,0,0.0
2026-09-24 03:41:16,20260923,12,10,1-4-3,5.75,20.3,116.74,1.167,100.0,settled,1-5-2,0,0,0.0
2026-09-24 03:41:16,20260923,12,11,1-3-5,6.15,26.5,163.03,1.63,100.0,settled,1-3-2,0,0,0.0
2026-09-24 03:41:16,20260923,12,11,1-3-6,2.91,56.4,163.9,1.641,100.0,settled,1-3-2,0,0,0.0
2026-09-24 03:41:16,20260923,12,11,1-5-2,3.67,32.7,120.12,1.2,100.0,settled,1-3-2,0,0,0.0
2026-09-24 03:41:16,20260923,12,11,1-5-3,4.11,59.4,243.99,2.441,100.0,settled,1-3-2,0,0,0.0
2026-09-24 03:41:16,20260923,12,11,1-5-6,1.53,113.6,173.41,1.738,100.0,settled,1-3-2,0,0,0.0
2026-09-24 03:41:16,20260923,12,11,1-6-2,1.08,100.1,108.61,1.081,100.0,settled,1-3-2,0,0,0.0
2026-09-24 03:41:16,20260923,12,11,1-6-3,1.14,196.6,223.79,2.241,100.0,settled,1-3-2,0,0,0.0
2026-09-24 03:41:16,20260923,12,11,1-6-5,0.84,237.4,200.1,1.994,100.0,settled,1-3-2,0,0,0.0
2026-09-24 03:41:16,20260923,12,12,1-4-2,4.96,29.1,144.28,1.443,100.0,settled,1-3-2,0,0,0.0
2026-09-24 03:41:16,20260923,12,12,1-4-3,5.81,31.9,185.43,1.853,100.0,settled,1-3-2,0,0,0.0
2026-09-24 03:41:16,20260923,12,12,1-4-5,3.65,49.1,179.41,1.792,100.0,settled,1-3-2,0,0,0.0
2026-09-24 03:41:16,20260923,12,12,1-4-6,3.42,55.2,188.83,1.888,100.0,settled,1-3-2,0,0,0.0
2026-09-24 03:41:16,20260923,12,12,1-5-4,2.3,72.4,166.61,1.665,100.0,settled,1-3-2,0,0,0.0
2026-09-24 03:41:16,20260923,12,12,1-6-4,0.84,140.9,118.31,1.184,100.0,settled,1-3-2,0,0,0.0
2026-09-24 03:41:16,20260923,17,1,1-2-6,3.1,127.4,394.71,3.949,100.0,settled,1-5-3,0,0,0.0
2026-09-24 03:41:16,20260923,17,1,1-3-6,6.17,56.5,348.84,3.486,100.0,settled,1-5-3,0,0,0.0
2026-09-24 03:41:16,20260923,17,1,1-4-6,1.5,81.4,122.11,1.221,100.0,settled,1-5-3,0,0,0.0
2026-09-24 03:41:16,20260923,17,1,1-6-2,2.03,282.8,574.45,5.741,100.0,settled,1-5-3,0,0,0.0
2026-09-24 03:41:16,20260923,17,1,1-6-3,3.27,226.4,740.12,7.403,100.0,settled,1-5-3,0,0,0.0
2026-09-24 03:41:16,20260923,17,1,1-6-4,0.96,315.2,303.22,3.026,100.0,settled,1-5-3,0,0,0.0
2026-09-24 03:41:16,20260923,17,1,1-6-5,0.44,428.5,187.43,1.885,100.0,settled,1-5-3,0,0,0.0
2026-09-24 03:41:16,20260923,17,2,1-2-6,2.33,141.8,329.94,3.304,100.0,settled,1-2-3,0,0,0.0
2026-09-24 03:41:16,20260923,17,2,1-3-6,3.06,182.1,557.97,5.572,100.0,settled,1-2-3,0,0,0.0
2026-09-24 03:41:16,20260923,17,2,1-4-6,0.6,283.8,169.94,1.703,100.0,settled,1-2-3,0,0,0.0
2026-09-24 03:41:16,20260923,17,2,1-5-6,1.42,213.8,304.41,3.036,100.0,settled,1-2-3,0,0,0.0
2026-09-24 03:41:16,20260923,17,2,1-6-2,1.25,504.4,630.6,6.305,100.0,settled,1-2-3,0,0,0.0
2026-09-24 03:41:16,20260923,17,2,1-6-3,1.32,629.0,831.1,8.303,100.0,settled,1-2-3,0,0,0.0
2026-09-24 03:41:16,20260923,17,2,1-6-4,0.4,578.9,232.43,2.316,100.0,settled,1-2-3,0,0,0.0
2026-09-24 03:41:16,20260923,17,2,1-6-5,1.08,599.4,649.81,6.474,100.0,settled,1-2-3,0,0,0.0
2026-09-24 03:41:16,20260923,17,3,1-3-6,5.26,24.8,130.42,1.304,100.0,settled,1-2-5,0,0,0.0
2026-09-24 03:41:16,20260923,17,3,1-5-6,2.76,41.3,113.91,1.14,100.0,settled,1-2-5,0,0,0.0
2026-09-24 03:41:16,20260923,17,3,1-6-2,1.32,99.0,130.44,1.307,100.0,settled,1-2-5,0,0,0.0
2026-09-24 03:41:16,20260923,17,3,1-6-3,3.19,95.9,305.63,3.059,100.0,settled,1-2-5,0,0,0.0
2026-09-24 03:41:16,20260923,17,3,1-6-4,0.85,210.9,179.75,1.793,100.0,settled,1-2-5,0,0,0.0
2026-09-24 03:41:16,20260923,17,3,1-6-5,2.14,109.3,233.51,2.339,100.0,settled,1-2-5,0,0,0.0
2026-09-24 03:41:16,20260923,17,4,1-2-6,0.92,318.0,292.69,2.926,100.0,settled,3-2-5,0,0,0.0
2026-09-24 03:41:16,20260923,17,4,1-3-6,3.23,229.1,739.97,7.4,100.0,settled,3-2-5,0,0,0.0
2026-09-24 03:41:16,20260923,17,4,1-4-6,0.62,727.5,448.94,4.51,100.0,settled,3-2-5,0,0,0.0
2026-09-24 03:41:16,20260923,17,4,1-6-2,0.44,1152.0,505.73,5.069,100.0,settled,3-2-5,0,0,0.0
2026-09-24 03:41:16,20260923,17,4,1-6-3,0.99,982.5,976.7,9.727,100.0,settled,3-2-5,0,0,0.0
2026-09-24 03:41:16,20260923,17,4,1-6-4,0.29,1712.0,504.36,4.965,100.0,settled,3-2-5,0,0,0.0
2026-09-24 03:41:16,20260923,17,4,1-6-5,0.19,1361.0,252.33,2.586,100.0,settled,3-2-5,0,0,0.0
2026-09-24 03:41:16,20260923,17,5,1-2-5,5.0,113.2,566.31,5.66,100.0,settled,3-1-2,0,0,0.0
2026-09-24 03:41:16,20260923,17,5,1-4-5,0.56,201.0,112.12,1.126,100.0,settled,3-1-2,0,0,0.0
2026-09-24 03:41:16,20260923,17,5,1-5-2,2.31,384.0,885.27,8.87,100.0,settled,3-1-2,0,0,0.0
2026-09-24 03:41:16,20260923,17,5,1-5-3,0.64,363.5,232.71,2.326,100.0,settled,3-1-2,0,0,0.0
2026-09-24 03:41:16,20260923,17,5,1-5-4,0.63,513.8,323.75,3.237,100.0,settled,3-1-2,0,0,0.0
2026-09-24 03:41:16,20260923,17,5,1-5-6,2.21,245.1,540.54,5.417,100.0,settled,3-1-2,0,0,0.0
2026-09-24 03:41:16,20260923,17,5,1-6-5,2.1,79.1,165.72,1.661,100.0,settled,3-1-2,0,0,0.0
2026-09-24 03:41:16,20260923,17,6,1-2-3,7.15,25.0,178.85,1.788,100.0,settled,1-2-4,0,0,0.0
2026-09-24 03:41:16,20260923,17,6,1-2-5,4.53,203.9,923.87,9.237,100.0,settled,1-2-4,0,0,0.0
2026-09-24 03:41:16,20260923,17,6,1-3-5,0.78,417.7,326.01,3.258,100.0,settled,1-2-4,0,0,0.0
2026-09-24 03:41:16,20260923,17,6,1-5-2,1.89,658.0,1246.71,12.436,100.0,settled,1-2-4,0,0,0.0
2026-09-24 03:41:16,20260923,17,6,1-5-3,0.86,673.2,577.81,5.79,100.0,settled,1-2-4,0,0,0.0
2026-09-24 03:41:16,20260923,17,6,1-5-4,0.29,782.8,223.8,2.27,100.0,settled,1-2-4,0,0,0.0
2026-09-24 03:41:16,20260923,17,6,1-5-6,2.7,431.4,1165.6,11.648,100.0,settled,1-2-4,0,0,0.0
2026-09-24 03:41:16,20260923,17,6,1-6-5,4.36,140.2,610.77,6.113,100.0,settled,1-2-4,0,0,0.0
2026-09-24 03:41:16,20260923,17,7,1-2-6,9.54,81.9,781.39,7.813,100.0,settled,5-4-1,0,0,0.0
2026-09-24 03:41:16,20260923,17,7,1-3-6,4.16,101.6,422.33,4.227,100.0,settled,5-4-1,0,0,0.0
2026-09-24 03:41:16,20260923,17,7,1-5-6,1.85,87.0,160.92,1.61,100.0,settled,5-4-1,0,0,0.0
2026-09-24 03:41:16,20260923,17,7,1-6-2,5.0,264.4,1322.34,13.22,100.0,settled,5-4-1,0,0,0.0
2026-09-24 03:41:16,20260923,17,7,1-6-3,3.33,262.7,875.29,8.748,100.0,settled,5-4-1,0,0,0.0
2026-09-24 03:41:16,20260923,17,7,1-6-4,0.42,349.9,145.7,1.47,100.0,settled,5-4-1,0,0,0.0
2026-09-24 03:41:16,20260923,17,7,1-6-5,2.4,247.7,595.52,5.945,100.0,settled,5-4-1,0,0,0.0
2026-09-24 03:41:16,20260923,17,8,1-2-6,4.57,24.5,112.0,1.12,100.0,settled,1-2-3,0,0,0.0
2026-09-24 03:41:16,20260923,17,8,1-4-2,3.24,49.3,159.76,1.597,100.0,settled,1-2-3,0,0,0.0
2026-09-24 03:41:16,20260923,17,8,1-4-5,0.78,162.1,125.76,1.264,100.0,settled,1-2-3,0,0,0.0
2026-09-24 03:41:16,20260923,17,8,1-4-6,0.72,184.1,132.85,1.326,100.0,settled,1-2-3,0,0,0.0
2026-09-24 03:41:16,20260923,17,8,1-5-2,0.95,107.2,101.61,1.018,100.0,settled,1-2-3,0,0,0.0
2026-09-24 03:41:16,20260923,17,8,1-6-2,1.51,108.3,163.06,1.635,100.0,settled,1-2-3,0,0,0.0
2026-09-24 03:41:16,20260923,17,8,1-6-4,0.42,317.7,132.86,1.334,100.0,settled,1-2-3,0,0,0.0
2026-09-24 03:41:16,20260923,17,8,1-6-5,0.34,422.2,141.44,1.435,100.0,settled,1-2-3,0,0,0.0
2026-09-24 03:41:16,20260923,17,10,1-2-6,3.89,55.8,216.86,2.171,100.0,settled,5-3-2,0,0,0.0
2026-09-24 03:41:16,20260923,17,10,1-3-6,3.39,55.3,187.61,1.875,100.0,settled,5-3-2,0,0,0.0
2026-09-24 03:41:16,20260923,17,10,1-4-2,4.31,26.3,113.26,1.134,100.0,settled,5-3-2,0,0,0.0
2026-09-24 03:41:16,20260923,17,10,1-4-3,4.6,23.5,108.01,1.081,100.0,settled,5-3-2,0,0,0.0
2026-09-24 03:41:16,20260923,17,10,1-4-6,1.56,99.0,154.27,1.544,100.0,settled,5-3-2,0,0,0.0
2026-09-24 03:41:16,20260923,17,10,1-6-2,1.61,239.7,384.84,3.859,100.0,settled,5-3-2,0,0,0.0
2026-09-24 03:41:16,20260923,17,10,1-6-3,1.61,261.5,421.46,4.21,100.0,settled,5-3-2,0,0,0.0
2026-09-24 03:41:16,20260923,17,10,1-6-4,0.64,301.2,193.91,1.928,100.0,settled,5-3-2,0,0,0.0
2026-09-24 03:41:16,20260923,17,12,1-5-3,5.8,20.4,118.3,1.183,100.0,settled,1-3-2,0,0,0.0
2026-09-24 03:41:16,20260923,18,1,1-5-2,6.35,32.7,207.72,2.076,100.0,settled,1-2-4,0,0,0.0
2026-09-24 03:41:16,20260923,18,1,1-5-3,4.0,57.0,228.22,2.28,100.0,settled,1-2-4,0,0,0.0
2026-09-24 03:41:16,20260923,18,1,1-5-4,5.02,32.6,163.63,1.637,100.0,settled,1-2-4,0,0,0.0
2026-09-24 03:41:16,20260923,18,2,1-2-4,6.88,25.7,176.72,1.768,100.0,settled,3-1-2,0,0,0.0
2026-09-24 03:41:16,20260923,18,2,1-2-6,2.79,130.4,364.3,3.638,100.0,settled,3-1-2,0,0,0.0
2026-09-24 03:41:16,20260923,18,2,1-3-6,1.99,106.4,211.97,2.117,100.0,settled,3-1-2,0,0,0.0
2026-09-24 03:41:16,20260923,18,2,1-4-6,1.62,92.4,149.8,1.497,100.0,settled,3-1-2,0,0,0.0
2026-09-24 03:41:16,20260923,18,2,1-6-2,0.63,595.6,374.63,3.752,100.0,settled,3-1-2,0,0,0.0
2026-09-24 03:41:16,20260923,18,2,1-6-3,0.47,511.1,238.22,2.402,100.0,settled,3-1-2,0,0,0.0
2026-09-24 03:41:16,20260923,18,2,1-6-4,0.5,456.6,227.57,2.283,100.0,settled,3-1-2,0,0,0.0
2026-09-24 03:41:16,20260923,18,2,1-6-5,0.34,578.1,194.13,1.966,100.0,settled,3-1-2,0,0,0.0
2026-09-24 03:41:16,20260923,18,3,1-2-5,1.8,261.5,469.89,4.707,100.0,settled,1-6-4,0,0,0.0
2026-09-24 03:41:16,20260923,18,3,1-3-5,1.88,242.3,456.71,4.555,100.0,settled,1-6-4,0,0,0.0
2026-09-24 03:41:16,20260923,18,3,1-4-5,1.34,178.0,238.68,2.385,100.0,settled,1-6-4,0,0,0.0
2026-09-24 03:41:16,20260923,18,3,1-5-2,0.61,672.8,412.76,4.104,100.0,settled,1-6-4,0,0,0.0
2026-09-24 03:41:16,20260923,18,3,1-5-3,0.69,762.3,529.34,5.26,100.0,settled,1-6-4,0,0,0.0
2026-09-24 03:41:16,20260923,18,3,1-5-4,0.43,707.7,306.86,3.043,100.0,settled,1-6-4,0,0,0.0
2026-09-24 03:41:16,20260923,18,5,1-2-5,4.24,62.5,264.91,2.65,100.0,settled,1-3-4,0,0,0.0
2026-09-24 03:41:16,20260923,18,5,1-3-5,1.31,121.6,159.76,1.593,100.0,settled,1-3-4,0,0,0.0
2026-09-24 03:41:16,20260923,18,5,1-4-5,1.98,90.9,179.62,1.8,100.0,settled,1-3-4,0,0,0.0
2026-09-24 03:41:16,20260923,18,5,1-5-2,1.74,203.0,353.18,3.532,100.0,settled,1-3-4,0,0,0.0
2026-09-24 03:41:16,20260923,18,5,1-5-3,1.07,301.5,321.25,3.226,100.0,settled,1-3-4,0,0,0.0
2026-09-24 03:41:16,20260923,18,5,1-5-4,1.44,294.0,423.77,4.234,100.0,settled,1-3-4,0,0,0.0
2026-09-24 03:41:16,20260923,18,5,1-5-6,1.11,174.3,193.14,1.935,100.0,settled,1-3-4,0,0,0.0
2026-09-24 03:41:16,20260923,18,5,1-6-5,1.14,104.5,119.2,1.191,100.0,settled,1-3-4,0,0,0.0
2026-09-24 03:41:16,20260923,18,6,1-6-2,3.89,30.1,117.1,1.171,100.0,settled,2-3-6,0,0,0.0
2026-09-24 03:41:16,20260923,18,7,1-2-5,3.84,50.2,192.58,1.928,100.0,settled,1-2-5,1,5020.0,5020.0
2026-09-24 03:41:16,20260923,18,7,1-2-6,1.96,77.6,151.99,1.521,100.0,settled,1-2-5,0,0,0.0
2026-09-24 03:41:16,20260923,18,7,1-5-2,2.48,99.6,247.03,2.47,100.0,settled,1-2-5,0,0,0.0
2026-09-24 03:41:16,20260923,18,7,1-5-3,2.73,57.7,157.76,1.575,100.0,settled,1-2-5,0,0,0.0
2026-09-24 03:41:16,20260923,18,7,1-5-4,2.65,58.9,156.2,1.561,100.0,settled,1-2-5,0,0,0.0
2026-09-24 03:41:16,20260923,18,7,1-5-6,1.75,124.3,218.11,2.175,100.0,settled,1-2-5,0,0,0.0
2026-09-24 03:41:16,20260923,18,7,1-6-2,0.92,165.8,152.14,1.525,100.0,settled,1-2-5,0,0,0.0
2026-09-24 03:41:16,20260923,18,7,1-6-5,1.12,216.9,242.52,2.429,100.0,settled,1-2-5,0,0,0.0
2026-09-24 03:41:16,20260923,18,8,1-2-4,4.73,44.4,209.91,2.1,100.0,settled,1-3-4,0,0,0.0
2026-09-24 03:41:16,20260923,18,8,1-2-6,1.76,289.7,508.66,5.099,100.0,settled,1-3-4,0,0,0.0
2026-09-24 03:41:16,20260923,18,8,1-4-2,2.33,95.2,221.65,2.218,100.0,settled,1-3-4,0,0,0.0
2026-09-24 03:41:16,20260923,18,8,1-4-6,0.32,711.9,230.87,2.278,100.0,settled,1-3-4,0,0,0.0
2026-09-24 03:41:16,20260923,18,8,1-5-2,7.83,28.2,220.83,2.208,100.0,settled,1-3-4,0,0,0.0
2026-09-24 03:41:16,20260923,18,8,1-5-6,1.1,476.6,523.93,5.243,100.0,settled,1-3-4,0,0,0.0
2026-09-24 03:41:16,20260923,18,8,1-6-2,0.32,657.8,211.22,2.105,100.0,settled,1-3-4,0,0,0.0
2026-09-24 03:41:16,20260923,18,8,1-6-5,0.41,1504.0,623.26,6.166,100.0,settled,1-3-4,0,0,0.0
2026-09-24 03:41:16,20260923,18,9,1-2-6,0.47,287.3,135.49,1.35,100.0,settled,2-3-5,0,0,0.0
2026-09-24 03:41:16,20260923,18,9,1-3-6,1.03,278.4,285.55,2.868,100.0,settled,2-3-5,0,0,0.0
2026-09-24 03:41:16,20260923,18,9,1-4-6,1.3,213.3,277.89,2.773,100.0,settled,2-3-5,0,0,0.0
2026-09-24 03:41:16,20260923,18,9,1-6-2,0.11,963.1,109.31,1.059,100.0,settled,2-3-5,0,0,0.0
2026-09-24 03:41:16,20260923,18,9,1-6-3,0.23,1292.0,295.74,2.972,100.0,settled,2-3-5,0,0,0.0
2026-09-24 03:41:16,20260923,18,9,1-6-4,0.19,1130.0,218.77,2.147,100.0,settled,2-3-5,0,0,0.0
2026-09-24 03:41:16,20260923,18,9,1-6-5,0.05,2000.0,102.4,1.0,100.0,settled,2-3-5,0,0,0.0
2026-09-24 03:41:16,20260923,18,10,1-2-4,4.33,30.5,132.06,1.321,100.0,settled,1-3-6,0,0,0.0
2026-09-24 03:41:16,20260923,18,10,1-3-2,4.85,22.4,108.74,1.086,100.0,settled,1-3-6,0,0,0.0
2026-09-24 03:41:16,20260923,18,10,1-4-2,7.42,24.6,182.62,1.825,100.0,settled,1-3-6,0,0,0.0
2026-09-24 03:41:16,20260923,18,12,1-3-5,9.78,26.2,256.25,2.562,100.0,settled,1-4-3,0,0,0.0
2026-09-24 03:41:16,20260923,18,12,1-3-6,6.54,35.5,232.32,2.322,100.0,settled,1-4-3,0,0,0.0
2026-09-24 03:41:16,20260923,18,12,1-5-3,3.96,60.9,241.24,2.412,100.0,settled,1-4-3,0,0,0.0
2026-09-24 03:41:16,20260923,18,12,1-5-6,1.35,115.0,154.69,1.553,100.0,settled,1-4-3,0,0,0.0
2026-09-24 03:41:16,20260923,18,12,1-6-3,1.37,150.0,204.94,2.055,100.0,settled,1-4-3,0,0,0.0
2026-09-24 03:41:16,20260923,18,12,1-6-5,0.58,230.0,133.49,1.334,100.0,settled,1-4-3,0,0,0.0
2026-09-24 03:41:16,20260923,20,1,1-2-5,7.41,24.8,183.69,1.838,100.0,settled,2-5-4,0,0,0.0
2026-09-24 03:41:16,20260923,20,1,1-4-5,1.89,104.0,196.88,1.966,100.0,settled,2-5-4,0,0,0.0
2026-09-24 03:41:16,20260923,20,1,1-5-2,3.09,67.7,209.36,2.092,100.0,settled,2-5-4,0,0,0.0
2026-09-24 03:41:16,20260923,20,1,1-5-3,2.15,81.7,176.03,1.757,100.0,settled,2-5-4,0,0,0.0
2026-09-24 03:41:16,20260923,20,1,1-5-4,1.33,147.8,196.07,1.966,100.0,settled,2-5-4,0,0,0.0
2026-09-24 03:41:16,20260923,20,1,1-5-6,1.41,128.2,180.3,1.808,100.0,settled,2-5-4,0,0,0.0
2026-09-24 03:41:16,20260923,20,1,1-6-2,1.93,97.6,187.97,1.884,100.0,settled,2-5-4,0,0,0.0
2026-09-24 03:41:16,20260923,20,1,1-6-5,1.3,173.1,225.48,2.25,100.0,settled,2-5-4,0,0,0.0
2026-09-24 03:41:16,20260923,20,3,1-2-6,7.64,50.7,387.58,3.873,100.0,settled,1-5-2,0,0,0.0
2026-09-24 03:41:16,20260923,20,3,1-3-2,6.81,43.2,294.36,2.942,100.0,settled,1-5-2,0,0,0.0
2026-09-24 03:41:16,20260923,20,3,1-3-4,2.39,54.2,129.29,1.295,100.0,settled,1-5-2,0,0,0.0
2026-09-24 03:41:16,20260923,20,3,1-3-6,2.87,121.1,347.64,3.476,100.0,settled,1-5-2,0,0,0.0
2026-09-24 03:41:16,20260923,20,3,1-6-2,2.46,230.9,568.45,5.68,100.0,settled,1-5-2,0,0,0.0
2026-09-24 03:41:16,20260923,20,3,1-6-3,1.45,306.6,444.17,4.446,100.0,settled,1-5-2,0,0,0.0
2026-09-24 03:41:16,20260923,20,3,1-6-4,0.77,254.8,197.24,1.962,100.0,settled,1-5-2,0,0,0.0
2026-09-24 03:41:16,20260923,20,3,1-6-5,0.84,224.0,187.47,1.882,100.0,settled,1-5-2,0,0,0.0
2026-09-24 03:41:16,20260923,20,4,1-2-5,2.62,61.9,162.44,1.622,100.0,settled,1-3-4,0,0,0.0
2026-09-24 03:41:16,20260923,20,5,1-2-6,1.42,75.1,106.52,1.066,100.0,settled,1-3-4,0,0,0.0
2026-09-24 03:41:16,20260923,20,5,1-3-6,2.18,50.0,109.14,1.09,100.0,settled,1-3-4,0,0,0.0
2026-09-24 03:41:16,20260923,20,5,1-5-6,1.78,112.0,198.99,1.994,100.0,settled,1-3-4,0,0,0.0
2026-09-24 03:41:16,20260923,20,5,1-6-2,1.34,242.5,325.87,3.25,100.0,settled,1-3-4,0,0,0.0
2026-09-24 03:41:16,20260923,20,5,1-6-3,2.08,195.8,406.44,4.073,100.0,settled,1-3-4,0,0,0.0
2026-09-24 03:41:16,20260923,20,5,1-6-4,0.88,238.6,210.06,2.1,100.0,settled,1-3-4,0,0,0.0
2026-09-24 03:41:16,20260923,20,5,1-6-5,1.69,257.9,435.59,4.359,100.0,settled,1-3-4,0,0,0.0
2026-09-24 03:41:16,20260923,20,7,1-2-6,1.16,109.9,127.44,1.275,100.0,settled,4-5-1,0,0,0.0
2026-09-24 03:41:16,20260923,20,7,1-3-5,1.24,83.5,103.63,1.035,100.0,settled,4-5-1,0,0,0.0
2026-09-24 03:41:16,20260923,20,7,1-3-6,1.19,215.5,257.16,2.564,100.0,settled,4-5-1,0,0,0.0
2026-09-24 03:41:16,20260923,20,7,1-6-2,0.31,387.8,118.47,1.202,100.0,settled,4-5-1,0,0,0.0
2026-09-24 03:41:16,20260923,20,7,1-6-3,0.35,662.7,231.48,2.319,100.0,settled,4-5-1,0,0,0.0
2026-09-24 03:41:16,20260923,20,7,1-6-4,0.2,539.3,107.32,1.079,100.0,settled,4-5-1,0,0,0.0
2026-09-24 03:41:16,20260923,20,7,1-6-5,0.15,788.9,114.71,1.183,100.0,settled,4-5-1,0,0,0.0
2026-09-24 03:41:16,20260923,20,8,1-6-3,3.47,40.7,141.06,1.412,100.0,settled,1-3-6,0,0,0.0
2026-09-24 03:41:16,20260923,20,12,1-2-3,8.77,53.3,467.67,4.674,100.0,settled,6-5-3,0,0,0.0
2026-09-24 03:41:16,20260923,20,12,1-2-4,2.91,95.7,278.42,2.785,100.0,settled,6-5-3,0,0,0.0
2026-09-24 03:41:16,20260923,20,12,1-2-5,1.86,91.5,170.26,1.702,100.0,settled,6-5-3,0,0,0.0
2026-09-24 03:41:16,20260923,20,12,1-2-6,1.16,140.4,163.12,1.629,100.0,settled,6-5-3,0,0,0.0
2026-09-24 03:41:16,20260923,20,12,1-3-2,9.23,40.2,370.92,3.71,100.0,settled,6-5-3,0,0,0.0
2026-09-24 03:41:16,20260923,20,12,1-4-2,2.16,109.6,236.52,2.367,100.0,settled,6-5-3,0,0,0.0
2026-09-24 03:41:16,20260923,20,12,1-4-3,3.59,32.4,116.42,1.163,100.0,settled,6-5-3,0,0,0.0
2026-09-24 03:41:16,20260923,22,1,1-2-6,9.22,354.2,3265.3,32.657,100.0,settled,1-2-3,0,0,0.0
2026-09-24 03:41:16,20260923,22,1,1-3-6,0.8,243.2,194.17,1.946,100.0,settled,1-2-3,0,0,0.0
2026-09-24 03:41:16,20260923,22,1,1-4-6,1.58,411.2,651.67,6.497,100.0,settled,1-2-3,0,0,0.0
2026-09-24 03:41:16,20260923,22,1,1-6-2,2.46,866.6,2134.96,21.318,100.0,settled,1-2-3,0,0,0.0
2026-09-24 03:41:16,20260923,22,1,1-6-3,0.48,924.4,439.55,4.437,100.0,settled,1-2-3,0,0,0.0
2026-09-24 03:41:16,20260923,22,1,1-6-4,0.7,1021.0,712.66,7.147,100.0,settled,1-2-3,0,0,0.0
2026-09-24 03:41:16,20260923,22,1,1-6-5,0.33,1128.0,375.29,3.722,100.0,settled,1-2-3,0,0,0.0
2026-09-24 03:41:16,20260923,22,3,1-2-5,1.45,126.0,183.25,1.827,100.0,settled,1-2-5,1,12600.0,12600.0
2026-09-24 03:41:16,20260923,22,3,1-4-3,2.13,66.7,142.27,1.421,100.0,settled,1-2-5,0,0,0.0
2026-09-24 03:41:16,20260923,22,3,1-4-5,0.53,244.2,130.45,1.294,100.0,settled,1-2-5,0,0,0.0
2026-09-24 03:41:16,20260923,22,3,1-5-2,0.52,307.4,161.17,1.598,100.0,settled,1-2-5,0,0,0.0
2026-09-24 03:41:16,20260923,22,3,1-5-3,1.25,143.2,178.41,1.79,100.0,settled,1-2-5,0,0,0.0
2026-09-24 03:41:16,20260923,22,3,1-5-6,0.33,423.1,141.36,1.396,100.0,settled,1-2-5,0,0,0.0
2026-09-24 03:41:16,20260923,22,3,1-6-3,1.1,118.4,130.67,1.302,100.0,settled,1-2-5,0,0,0.0
2026-09-24 03:41:16,20260923,22,3,1-6-5,0.29,536.4,156.68,1.556,100.0,settled,1-2-5,0,0,0.0
2026-09-24 03:41:16,20260923,22,4,1-4-3,2.56,39.6,101.45,1.014,100.0,settled,3-1-4,0,0,0.0
2026-09-24 03:41:16,20260923,22,4,1-4-5,1.28,84.1,107.83,1.076,100.0,settled,3-1-4,0,0,0.0
2026-09-24 03:41:16,20260923,22,4,1-4-6,0.49,719.1,353.58,3.524,100.0,settled,3-1-4,0,0,0.0
2026-09-24 03:41:16,20260923,22,4,1-6-4,0.06,2403.0,150.43,1.442,100.0,settled,3-1-4,0,0,0.0
2026-09-24 03:41:16,20260923,22,5,1-4-2,5.66,34.5,195.38,1.953,100.0,settled,3-4-1,0,0,0.0
2026-09-24 03:41:16,20260923,22,5,1-4-3,6.99,23.0,160.81,1.608,100.0,settled,3-4-1,0,0,0.0
2026-09-24 03:41:16,20260923,22,5,1-4-5,3.12,33.2,103.5,1.036,100.0,settled,3-4-1,0,0,0.0
2026-09-24 03:41:16,20260923,22,7,1-2-6,1.05,168.8,178.05,1.772,100.0,settled,1-3-4,0,0,0.0
2026-09-24 03:41:16,20260923,22,7,1-5-6,1.56,72.8,113.58,1.136,100.0,settled,1-3-4,0,0,0.0
2026-09-24 03:41:16,20260923,22,7,1-6-2,0.28,576.5,161.65,1.614,100.0,settled,1-3-4,0,0,0.0
2026-09-24 03:41:16,20260923,22,7,1-6-5,0.53,346.7,183.89,1.838,100.0,settled,1-3-4,0,0,0.0
2026-09-24 03:41:16,20260923,22,8,1-2-6,4.22,60.7,256.04,2.562,100.0,settled,5-1-4,0,0,0.0
2026-09-24 03:41:16,20260923,22,8,1-6-2,3.46,102.1,353.23,3.533,100.0,settled,5-1-4,0,0,0.0
2026-09-24 03:41:16,20260923,22,8,1-6-3,2.45,62.8,153.67,1.539,100.0,settled,5-1-4,0,0,0.0
2026-09-24 03:41:16,20260923,22,9,1-3-6,3.37,31.2,105.04,1.051,100.0,settled,1-2-4,0,0,0.0
2026-09-24 03:41:16,20260923,22,9,1-6-2,5.28,34.1,179.95,1.8,100.0,settled,1-2-4,0,0,0.0
2026-09-24 03:41:16,20260923,22,9,1-6-3,3.85,66.4,255.59,2.556,100.0,settled,1-2-4,0,0,0.0
2026-09-24 03:41:16,20260923,22,9,1-6-4,2.27,67.7,153.98,1.537,100.0,settled,1-2-4,0,0,0.0
2026-09-24 03:41:16,20260923,22,9,1-6-5,4.35,33.8,147.14,1.47,100.0,settled,1-2-4,0,0,0.0
2026-09-24 03:41:16,20260923,22,10,1-3-4,3.22,32.9,106.05,1.059,100.0,settled,1-2-4,0,0,0.0
2026-09-24 03:41:16,20260923,22,10,1-4-3,10.59,21.2,224.49,2.245,100.0,settled,1-2-4,0,0,0.0
2026-09-24 03:41:16,20260923,22,10,1-4-6,3.44,39.6,136.34,1.362,100.0,settled,1-2-4,0,0,0.0
