ts,date,jcd,rno,combo,odds
2026-09-26 08:22:19,20260926,18,1,1-2-3,13.4
2026-09-26 08:22:19,20260926,18,1,1-2-4,8.8
2026-09-26 08:22:19,20260926,18,1,1-2-5,28.3
2026-09-26 08:22:19,20260926,18,1,1-2-6,33.2
2026-09-26 08:22:19,20260926,18,1,1-3-2,17.5
2026-09-26 08:22:19,20260926,18,1,1-3-4,11.5
2026-09-26 08:22:19,20260926,18,1,1-3-5,15.2
2026-09-26 08:22:19,20260926,18,1,1-3-6,20.5
2026-09-26 08:22:19,20260926,18,1,1-4-2,13.0
2026-09-26 08:22:19,20260926,18,1,1-4-3,18.8
2026-09-26 08:22:19,20260926,18,1,1-4-5,18.4
2026-09-26 08:22:19,20260926,18,1,1-4-6,15.5
2026-09-26 08:22:19,20260926,18,1,1-5-2,46.5
2026-09-26 08:22:19,20260926,18,1,1-5-3,27.5
2026-09-26 08:22:19,20260926,18,1,1-5-4,31.7
2026-09-26 08:22:19,20260926,18,1,1-5-6,30.1
2026-09-26 08:22:19,20260926,18,1,1-6-2,81.1
2026-09-26 08:22:19,20260926,18,1,1-6-3,50.3
2026-09-26 08:22:19,20260926,18,1,1-6-4,38.3
2026-09-26 08:22:19,20260926,18,1,1-6-5,48.3
2026-09-26 08:22:19,20260926,18,1,2-1-3,133.0
2026-09-26 08:22:19,20260926,18,1,2-1-4,110.6
2026-09-26 08:22:19,20260926,18,1,2-1-5,261.3
2026-09-26 08:22:19,20260926,18,1,2-1-6,323.8
2026-09-26 08:22:19,20260926,18,1,2-3-1,210.6
2026-09-26 08:22:19,20260926,18,1,2-3-4,429.6
2026-09-26 08:22:19,20260926,18,1,2-3-5,834.4
2026-09-26 08:22:19,20260926,18,1,2-3-6,1033.0
2026-09-26 08:22:19,20260926,18,1,2-4-1,262.9
2026-09-26 08:22:19,20260926,18,1,2-4-3,711.3
2026-09-26 08:22:19,20260926,18,1,2-4-5,943.2
2026-09-26 08:22:19,20260926,18,1,2-4-6,803.5
2026-09-26 08:22:19,20260926,18,1,2-5-1,711.3
2026-09-26 08:22:19,20260926,18,1,2-5-3,1276.0
2026-09-26 08:22:19,20260926,18,1,2-5-4,1112.0
2026-09-26 08:22:19,20260926,18,1,2-5-6,1549.0
2026-09-26 08:22:19,20260926,18,1,2-6-1,903.9
2026-09-26 08:22:19,20260926,18,1,2-6-3,1496.0
2026-09-26 08:22:19,20260926,18,1,2-6-4,1009.0
2026-09-26 08:22:19,20260926,18,1,2-6-5,818.6
2026-09-26 08:22:19,20260926,18,1,3-1-2,85.4
2026-09-26 08:22:19,20260926,18,1,3-1-4,58.7
2026-09-26 08:22:19,20260926,18,1,3-1-5,57.5
2026-09-26 08:22:19,20260926,18,1,3-1-6,81.7
2026-09-26 08:22:19,20260926,18,1,3-2-1,174.2
2026-09-26 08:22:19,20260926,18,1,3-2-4,358.5
2026-09-26 08:22:19,20260926,18,1,3-2-5,504.5
2026-09-26 08:22:19,20260926,18,1,3-2-6,735.4
2026-09-26 08:22:19,20260926,18,1,3-4-1,112.9
2026-09-26 08:22:19,20260926,18,1,3-4-2,253.7
2026-09-26 08:22:19,20260926,18,1,3-4-5,192.8
2026-09-26 08:22:19,20260926,18,1,3-4-6,160.1
2026-09-26 08:22:19,20260926,18,1,3-5-1,136.8
2026-09-26 08:22:19,20260926,18,1,3-5-2,413.2
2026-09-26 08:22:19,20260926,18,1,3-5-4,319.0
2026-09-26 08:22:19,20260926,18,1,3-5-6,301.3
2026-09-26 08:22:19,20260926,18,1,3-6-1,258.2
2026-09-26 08:22:19,20260926,18,1,3-6-2,657.4
2026-09-26 08:22:19,20260926,18,1,3-6-4,331.2
2026-09-26 08:22:19,20260926,18,1,3-6-5,516.5
2026-09-26 08:22:19,20260926,18,1,4-1-2,90.7
2026-09-26 08:22:19,20260926,18,1,4-1-3,112.7
2026-09-26 08:22:19,20260926,18,1,4-1-5,77.6
2026-09-26 08:22:19,20260926,18,1,4-1-6,60.2
2026-09-26 08:22:19,20260926,18,1,4-2-1,221.3
2026-09-26 08:22:19,20260926,18,1,4-2-3,493.0
2026-09-26 08:22:19,20260926,18,1,4-2-5,471.6
2026-09-26 08:22:19,20260926,18,1,4-2-6,380.6
2026-09-26 08:22:19,20260926,18,1,4-3-1,165.6
2026-09-26 08:22:19,20260926,18,1,4-3-2,352.7
2026-09-26 08:22:19,20260926,18,1,4-3-5,252.2
2026-09-26 08:22:19,20260926,18,1,4-3-6,230.8
2026-09-26 08:22:19,20260926,18,1,4-5-1,144.1
2026-09-26 08:22:19,20260926,18,1,4-5-2,328.7
2026-09-26 08:22:19,20260926,18,1,4-5-3,341.6
2026-09-26 08:22:19,20260926,18,1,4-5-6,166.8
2026-09-26 08:22:19,20260926,18,1,4-6-1,161.9
2026-09-26 08:22:19,20260926,18,1,4-6-2,387.4
2026-09-26 08:22:19,20260926,18,1,4-6-3,349.9
2026-09-26 08:22:19,20260926,18,1,4-6-5,250.8
2026-09-26 08:22:19,20260926,18,1,5-1-2,262.9
2026-09-26 08:22:19,20260926,18,1,5-1-3,143.2
2026-09-26 08:22:19,20260926,18,1,5-1-4,198.1
2026-09-26 08:22:19,20260926,18,1,5-1-6,127.6
2026-09-26 08:22:19,20260926,18,1,5-2-1,556.2
2026-09-26 08:22:19,20260926,18,1,5-2-3,723.1
2026-09-26 08:22:19,20260926,18,1,5-2-4,788.9
2026-09-26 08:22:19,20260926,18,1,5-2-6,1141.0
2026-09-26 08:22:19,20260926,18,1,5-3-1,215.8
2026-09-26 08:22:19,20260926,18,1,5-3-2,748.1
2026-09-26 08:22:19,20260926,18,1,5-3-4,667.5
2026-09-26 08:22:19,20260926,18,1,5-3-6,774.8
2026-09-26 08:22:19,20260926,18,1,5-4-1,274.6
2026-09-26 08:22:19,20260926,18,1,5-4-2,677.9
2026-09-26 08:22:19,20260926,18,1,5-4-3,711.3
2026-09-26 08:22:19,20260926,18,1,5-4-6,398.0
2026-09-26 08:22:19,20260926,18,1,5-6-1,219.1
2026-09-26 08:22:19,20260926,18,1,5-6-2,1058.0
2026-09-26 08:22:19,20260926,18,1,5-6-3,834.4
2026-09-26 08:22:19,20260926,18,1,5-6-4,563.5
2026-09-26 08:22:19,20260926,18,1,6-1-2,451.9
2026-09-26 08:22:19,20260926,18,1,6-1-3,390.9
2026-09-26 08:22:19,20260926,18,1,6-1-4,193.7
2026-09-26 08:22:19,20260926,18,1,6-1-5,175.6
2026-09-26 08:22:19,20260926,18,1,6-2-1,903.9
2026-09-26 08:22:19,20260926,18,1,6-2-3,1496.0
2026-09-26 08:22:19,20260926,18,1,6-2-4,1172.0
2026-09-26 08:22:19,20260926,18,1,6-2-5,1549.0
2026-09-26 08:22:19,20260926,18,1,6-3-1,748.1
2026-09-26 08:22:19,20260926,18,1,6-3-2,1058.0
2026-09-26 08:22:19,20260926,18,1,6-3-4,818.6
2026-09-26 08:22:19,20260926,18,1,6-3-5,1084.0
2026-09-26 08:22:19,20260926,18,1,6-4-1,323.8
2026-09-26 08:22:19,20260926,18,1,6-4-2,1112.0
2026-09-26 08:22:19,20260926,18,1,6-4-3,1009.0
2026-09-26 08:22:19,20260926,18,1,6-4-5,711.3
2026-09-26 08:22:19,20260926,18,1,6-5-1,238.4
2026-09-26 08:22:19,20260926,18,1,6-5-2,2711.0
2026-09-26 08:22:19,20260926,18,1,6-5-3,1172.0
2026-09-26 08:22:19,20260926,18,1,6-5-4,748.1
2026-09-26 08:35:11,20260926,21,1,1-2-3,29.1
2026-09-26 08:35:11,20260926,21,1,1-2-4,54.9
2026-09-26 08:35:11,20260926,21,1,1-2-5,77.4
2026-09-26 08:35:11,20260926,21,1,1-2-6,94.9
2026-09-26 08:35:11,20260926,21,1,1-3-2,21.8
2026-09-26 08:35:11,20260926,21,1,1-3-4,5.8
2026-09-26 08:35:11,20260926,21,1,1-3-5,11.6
2026-09-26 08:35:11,20260926,21,1,1-3-6,10.3
2026-09-26 08:35:11,20260926,21,1,1-4-2,56.0
2026-09-26 08:35:11,20260926,21,1,1-4-3,13.3
2026-09-26 08:35:11,20260926,21,1,1-4-5,25.5
2026-09-26 08:35:11,20260926,21,1,1-4-6,23.3
2026-09-26 08:35:11,20260926,21,1,1-5-2,101.5
2026-09-26 08:35:11,20260926,21,1,1-5-3,35.2
2026-09-26 08:35:11,20260926,21,1,1-5-4,54.2
2026-09-26 08:35:11,20260926,21,1,1-5-6,54.6
2026-09-26 08:35:11,20260926,21,1,1-6-2,123.8
2026-09-26 08:35:11,20260926,21,1,1-6-3,41.4
2026-09-26 08:35:11,20260926,21,1,1-6-4,55.7
2026-09-26 08:35:11,20260926,21,1,1-6-5,79.5
2026-09-26 08:35:11,20260926,21,1,2-1-3,154.9
2026-09-26 08:35:11,20260926,21,1,2-1-4,272.2
2026-09-26 08:35:11,20260926,21,1,2-1-5,325.6
2026-09-26 08:35:11,20260926,21,1,2-1-6,501.7
2026-09-26 08:35:11,20260926,21,1,2-3-1,246.9
2026-09-26 08:35:11,20260926,21,1,2-3-4,174.1
2026-09-26 08:35:11,20260926,21,1,2-3-5,595.3
2026-09-26 08:35:11,20260926,21,1,2-3-6,997.2
2026-09-26 08:35:11,20260926,21,1,2-4-1,443.2
2026-09-26 08:35:11,20260926,21,1,2-4-3,199.9
2026-09-26 08:35:11,20260926,21,1,2-4-5,725.2
2026-09-26 08:35:11,20260926,21,1,2-4-6,1049.0
2026-09-26 08:35:11,20260926,21,1,2-5-1,628.1
2026-09-26 08:35:11,20260926,21,1,2-5-3,745.6
2026-09-26 08:35:11,20260926,21,1,2-5-4,759.8
2026-09-26 08:35:11,20260926,21,1,2-5-6,1009.0
2026-09-26 08:35:11,20260926,21,1,2-6-1,1078.0
2026-09-26 08:35:11,20260926,21,1,2-6-3,1564.0
2026-09-26 08:35:11,20260926,21,1,2-6-4,1450.0
2026-09-26 08:35:11,20260926,21,1,2-6-5,1329.0
2026-09-26 08:35:11,20260926,21,1,3-1-2,52.7
2026-09-26 08:35:11,20260926,21,1,3-1-4,17.9
2026-09-26 08:35:11,20260926,21,1,3-1-5,28.3
2026-09-26 08:35:11,20260926,21,1,3-1-6,30.9
2026-09-26 08:35:11,20260926,21,1,3-2-1,204.5
2026-09-26 08:35:11,20260926,21,1,3-2-4,143.4
2026-09-26 08:35:11,20260926,21,1,3-2-5,357.7
2026-09-26 08:35:11,20260926,21,1,3-2-6,542.7
2026-09-26 08:35:11,20260926,21,1,3-4-1,33.5
2026-09-26 08:35:11,20260926,21,1,3-4-2,103.7
2026-09-26 08:35:11,20260926,21,1,3-4-5,76.1
2026-09-26 08:35:11,20260926,21,1,3-4-6,66.0
2026-09-26 08:35:11,20260926,21,1,3-5-1,66.9
2026-09-26 08:35:11,20260926,21,1,3-5-2,291.1
2026-09-26 08:35:11,20260926,21,1,3-5-4,124.8
2026-09-26 08:35:11,20260926,21,1,3-5-6,104.0
2026-09-26 08:35:11,20260926,21,1,3-6-1,101.2
2026-09-26 08:35:11,20260926,21,1,3-6-2,531.8
2026-09-26 08:35:11,20260926,21,1,3-6-4,146.1
2026-09-26 08:35:11,20260926,21,1,3-6-5,213.3
2026-09-26 08:35:11,20260926,21,1,4-1-2,115.2
2026-09-26 08:35:11,20260926,21,1,4-1-3,52.0
2026-09-26 08:35:11,20260926,21,1,4-1-5,99.9
2026-09-26 08:35:11,20260926,21,1,4-1-6,108.8
2026-09-26 08:35:11,20260926,21,1,4-2-1,182.5
2026-09-26 08:35:11,20260926,21,1,4-2-3,189.5
2026-09-26 08:35:11,20260926,21,1,4-2-5,759.8
2026-09-26 08:35:11,20260926,21,1,4-2-6,745.6
2026-09-26 08:35:11,20260926,21,1,4-3-1,68.1
2026-09-26 08:35:11,20260926,21,1,4-3-2,152.8
2026-09-26 08:35:11,20260926,21,1,4-3-5,151.3
2026-09-26 08:35:11,20260926,21,1,4-3-6,159.5
2026-09-26 08:35:11,20260926,21,1,4-5-1,154.6
2026-09-26 08:35:11,20260926,21,1,4-5-2,524.8
2026-09-26 08:35:11,20260926,21,1,4-5-3,235.3
2026-09-26 08:35:11,20260926,21,1,4-5-6,268.6
2026-09-26 08:35:11,20260926,21,1,4-6-1,230.5
2026-09-26 08:35:11,20260926,21,1,4-6-2,725.2
2026-09-26 08:35:11,20260926,21,1,4-6-3,295.4
2026-09-26 08:35:11,20260926,21,1,4-6-5,387.2
2026-09-26 08:35:11,20260926,21,1,5-1-2,177.6
2026-09-26 08:35:11,20260926,21,1,5-1-3,123.6
2026-09-26 08:35:11,20260926,21,1,5-1-4,227.9
2026-09-26 08:35:11,20260926,21,1,5-1-6,209.9
2026-09-26 08:35:11,20260926,21,1,5-2-1,244.7
2026-09-26 08:35:11,20260926,21,1,5-2-3,759.8
2026-09-26 08:35:11,20260926,21,1,5-2-4,782.1
2026-09-26 08:35:11,20260926,21,1,5-2-6,949.7
2026-09-26 08:35:11,20260926,21,1,5-3-1,175.3
2026-09-26 08:35:11,20260926,21,1,5-3-2,643.3
2026-09-26 08:35:11,20260926,21,1,5-3-4,396.9
2026-09-26 08:35:11,20260926,21,1,5-3-6,495.5
2026-09-26 08:35:11,20260926,21,1,5-4-1,353.0
2026-09-26 08:35:11,20260926,21,1,5-4-2,927.6
2026-09-26 08:35:11,20260926,21,1,5-4-3,413.3
2026-09-26 08:35:11,20260926,21,1,5-4-6,586.6
2026-09-26 08:35:11,20260926,21,1,5-6-1,351.4
2026-09-26 08:35:11,20260926,21,1,5-6-2,1022.0
2026-09-26 08:35:11,20260926,21,1,5-6-3,752.6
2026-09-26 08:35:11,20260926,21,1,5-6-4,839.7
2026-09-26 08:35:11,20260926,21,1,6-1-2,518.0
2026-09-26 08:35:11,20260926,21,1,6-1-3,213.3
2026-09-26 08:35:11,20260926,21,1,6-1-4,376.3
2026-09-26 08:35:11,20260926,21,1,6-1-5,387.2
2026-09-26 08:35:11,20260926,21,1,6-2-1,752.6
2026-09-26 08:35:11,20260926,21,1,6-2-3,1352.0
2026-09-26 08:35:11,20260926,21,1,6-2-4,1352.0
2026-09-26 08:35:11,20260926,21,1,6-2-5,1450.0
2026-09-26 08:35:11,20260926,21,1,6-3-1,248.5
2026-09-26 08:35:11,20260926,21,1,6-3-2,1049.0
2026-09-26 08:35:11,20260926,21,1,6-3-4,546.4
2026-09-26 08:35:11,20260926,21,1,6-3-5,896.4
2026-09-26 08:35:11,20260926,21,1,6-4-1,466.5
2026-09-26 08:35:11,20260926,21,1,6-4-2,1286.0
2026-09-26 08:35:11,20260926,21,1,6-4-3,643.3
2026-09-26 08:35:11,20260926,21,1,6-4-5,1190.0
2026-09-26 08:35:11,20260926,21,1,6-5-1,486.4
2026-09-26 08:35:11,20260926,21,1,6-5-2,1505.0
2026-09-26 08:35:11,20260926,21,1,6-5-3,1173.0
2026-09-26 08:35:11,20260926,21,1,6-5-4,1049.0
2026-09-26 08:48:36,20260926,18,2,1-2-3,12.4
2026-09-26 08:48:36,20260926,18,2,1-2-4,5.3
2026-09-26 08:48:36,20260926,18,2,1-2-5,39.1
2026-09-26 08:48:36,20260926,18,2,1-2-6,12.2
2026-09-26 08:48:36,20260926,18,2,1-3-2,28.1
2026-09-26 08:48:36,20260926,18,2,1-3-4,23.8
2026-09-26 08:48:36,20260926,18,2,1-3-5,82.4
2026-09-26 08:48:36,20260926,18,2,1-3-6,64.1
2026-09-26 08:48:36,20260926,18,2,1-4-2,9.4
2026-09-26 08:48:36,20260926,18,2,1-4-3,23.1
2026-09-26 08:48:36,20260926,18,2,1-4-5,34.0
2026-09-26 08:48:36,20260926,18,2,1-4-6,11.0
2026-09-26 08:48:36,20260926,18,2,1-5-2,89.0
2026-09-26 08:48:36,20260926,18,2,1-5-3,136.9
2026-09-26 08:48:36,20260926,18,2,1-5-4,76.4
2026-09-26 08:48:36,20260926,18,2,1-5-6,120.5
2026-09-26 08:48:36,20260926,18,2,1-6-2,29.6
2026-09-26 08:48:36,20260926,18,2,1-6-3,77.2
2026-09-26 08:48:36,20260926,18,2,1-6-4,24.8
2026-09-26 08:48:36,20260926,18,2,1-6-5,109.8
2026-09-26 08:48:36,20260926,18,2,2-1-3,79.7
2026-09-26 08:48:36,20260926,18,2,2-1-4,35.3
2026-09-26 08:48:36,20260926,18,2,2-1-5,166.7
2026-09-26 08:48:36,20260926,18,2,2-1-6,66.2
2026-09-26 08:48:36,20260926,18,2,2-3-1,199.8
2026-09-26 08:48:36,20260926,18,2,2-3-4,270.4
2026-09-26 08:48:36,20260926,18,2,2-3-5,410.7
2026-09-26 08:48:36,20260926,18,2,2-3-6,540.9
2026-09-26 08:48:36,20260926,18,2,2-4-1,78.9
2026-09-26 08:48:36,20260926,18,2,2-4-3,233.4
2026-09-26 08:48:36,20260926,18,2,2-4-5,312.3
2026-09-26 08:48:36,20260926,18,2,2-4-6,110.8
2026-09-26 08:48:36,20260926,18,2,2-5-1,357.7
2026-09-26 08:48:36,20260926,18,2,2-5-3,715.4
2026-09-26 08:48:36,20260926,18,2,2-5-4,410.7
2026-09-26 08:48:36,20260926,18,2,2-5-6,652.3
2026-09-26 08:48:36,20260926,18,2,2-6-1,173.2
2026-09-26 08:48:36,20260926,18,2,2-6-3,426.5
2026-09-26 08:48:36,20260926,18,2,2-6-4,177.4
2026-09-26 08:48:36,20260926,18,2,2-6-5,482.1
2026-09-26 08:48:36,20260926,18,2,3-1-2,207.2
2026-09-26 08:48:36,20260926,18,2,3-1-4,152.9
2026-09-26 08:48:36,20260926,18,2,3-1-5,213.2
2026-09-26 08:48:36,20260926,18,2,3-1-6,331.0
2026-09-26 08:48:36,20260926,18,2,3-2-1,336.0
2026-09-26 08:48:36,20260926,18,2,3-2-4,396.0
2026-09-26 08:48:36,20260926,18,2,3-2-5,528.0
2026-09-26 08:48:36,20260926,18,2,3-2-6,715.4
2026-09-26 08:48:36,20260926,18,2,3-4-1,280.7
2026-09-26 08:48:36,20260926,18,2,3-4-2,341.2
2026-09-26 08:48:36,20260926,18,2,3-4-5,672.1
2026-09-26 08:48:36,20260926,18,2,3-4-6,492.8
2026-09-26 08:48:36,20260926,18,2,3-5-1,341.2
2026-09-26 08:48:36,20260926,18,2,3-5-2,599.4
2026-09-26 08:48:36,20260926,18,2,3-5-4,739.3
2026-09-26 08:48:36,20260926,18,2,3-5-6,924.1
2026-09-26 08:48:36,20260926,18,2,3-6-1,403.2
2026-09-26 08:48:36,20260926,18,2,3-6-2,964.3
2026-09-26 08:48:36,20260926,18,2,3-6-4,1108.0
2026-09-26 08:48:36,20260926,18,2,3-6-5,964.3
2026-09-26 08:48:36,20260926,18,2,4-1-2,38.7
2026-09-26 08:48:36,20260926,18,2,4-1-3,119.8
2026-09-26 08:48:36,20260926,18,2,4-1-5,94.7
2026-09-26 08:48:36,20260926,18,2,4-1-6,37.5
2026-09-26 08:48:36,20260926,18,2,4-2-1,77.2
2026-09-26 08:48:36,20260926,18,2,4-2-3,252.0
2026-09-26 08:48:36,20260926,18,2,4-2-5,264.0
2026-09-26 08:48:36,20260926,18,2,4-2-6,90.1
2026-09-26 08:48:36,20260926,18,2,4-3-1,211.2
2026-09-26 08:48:36,20260926,18,2,4-3-2,434.8
2026-09-26 08:48:36,20260926,18,2,4-3-5,389.1
2026-09-26 08:48:36,20260926,18,2,4-3-6,346.5
2026-09-26 08:48:36,20260926,18,2,4-5-1,160.7
2026-09-26 08:48:36,20260926,18,2,4-5-2,299.7
2026-09-26 08:48:36,20260926,18,2,4-5-3,672.1
2026-09-26 08:48:36,20260926,18,2,4-5-6,176.0
2026-09-26 08:48:36,20260926,18,2,4-6-1,68.8
2026-09-26 08:48:36,20260926,18,2,4-6-2,116.1
2026-09-26 08:48:36,20260926,18,2,4-6-3,264.0
2026-09-26 08:48:36,20260926,18,2,4-6-5,152.9
2026-09-26 08:48:36,20260926,18,2,5-1-2,321.4
2026-09-26 08:48:36,20260926,18,2,5-1-3,295.7
2026-09-26 08:48:36,20260926,18,2,5-1-4,241.0
2026-09-26 08:48:36,20260926,18,2,5-1-6,331.0
2026-09-26 08:48:36,20260926,18,2,5-2-1,462.0
2026-09-26 08:48:36,20260926,18,2,5-2-3,764.8
2026-09-26 08:48:36,20260926,18,2,5-2-4,583.6
2026-09-26 08:48:36,20260926,18,2,5-2-6,924.1
2026-09-26 08:48:36,20260926,18,2,5-3-1,471.9
2026-09-26 08:48:36,20260926,18,2,5-3-2,1008.0
2026-09-26 08:48:36,20260926,18,2,5-3-4,1008.0
2026-09-26 08:48:36,20260926,18,2,5-3-6,1167.0
2026-09-26 08:48:36,20260926,18,2,5-4-1,288.0
2026-09-26 08:48:36,20260926,18,2,5-4-2,715.4
2026-09-26 08:48:36,20260926,18,2,5-4-3,821.4
2026-09-26 08:48:36,20260926,18,2,5-4-6,341.2
2026-09-26 08:48:36,20260926,18,2,5-6-1,482.1
2026-09-26 08:48:36,20260926,18,2,5-6-2,1008.0
2026-09-26 08:48:36,20260926,18,2,5-6-3,1008.0
2026-09-26 08:48:36,20260926,18,2,5-6-4,410.7
2026-09-26 08:48:36,20260926,18,2,6-1-2,133.6
2026-09-26 08:48:36,20260926,18,2,6-1-3,369.6
2026-09-26 08:48:36,20260926,18,2,6-1-4,93.5
2026-09-26 08:48:36,20260926,18,2,6-1-5,375.9
2026-09-26 08:48:36,20260926,18,2,6-2-1,270.4
2026-09-26 08:48:36,20260926,18,2,6-2-3,739.3
2026-09-26 08:48:36,20260926,18,2,6-2-4,288.0
2026-09-26 08:48:36,20260926,18,2,6-2-5,821.4
2026-09-26 08:48:36,20260926,18,2,6-3-1,792.1
2026-09-26 08:48:36,20260926,18,2,6-3-2,1008.0
2026-09-26 08:48:36,20260926,18,2,6-3-4,672.1
2026-09-26 08:48:36,20260926,18,2,6-3-5,652.3
2026-09-26 08:48:36,20260926,18,2,6-4-1,114.9
2026-09-26 08:48:36,20260926,18,2,6-4-2,291.8
2026-09-26 08:48:36,20260926,18,2,6-4-3,528.0
2026-09-26 08:48:36,20260926,18,2,6-4-5,331.0
2026-09-26 08:48:36,20260926,18,2,6-5-1,452.6
2026-09-26 08:48:36,20260926,18,2,6-5-2,616.1
2026-09-26 08:48:36,20260926,18,2,6-5-3,739.3
2026-09-26 08:48:36,20260926,18,2,6-5-4,336.0
2026-09-26 09:00:34,20260926,21,2,1-2-3,26.0
2026-09-26 09:00:34,20260926,21,2,1-2-4,13.7
2026-09-26 09:00:34,20260926,21,2,1-2-5,194.7
2026-09-26 09:00:34,20260926,21,2,1-2-6,66.1
2026-09-26 09:00:34,20260926,21,2,1-3-2,33.1
2026-09-26 09:00:34,20260926,21,2,1-3-4,14.2
2026-09-26 09:00:34,20260926,21,2,1-3-5,187.4
2026-09-26 09:00:34,20260926,21,2,1-3-6,65.2
2026-09-26 09:00:34,20260926,21,2,1-4-2,8.3
2026-09-26 09:00:34,20260926,21,2,1-4-3,9.0
2026-09-26 09:00:34,20260926,21,2,1-4-5,66.5
2026-09-26 09:00:34,20260926,21,2,1-4-6,15.9
2026-09-26 09:00:34,20260926,21,2,1-5-2,285.6
2026-09-26 09:00:34,20260926,21,2,1-5-3,301.4
2026-09-26 09:00:34,20260926,21,2,1-5-4,259.7
2026-09-26 09:00:34,20260926,21,2,1-5-6,512.7
2026-09-26 09:00:34,20260926,21,2,1-6-2,138.8
2026-09-26 09:00:34,20260926,21,2,1-6-3,155.0
2026-09-26 09:00:34,20260926,21,2,1-6-4,80.9
2026-09-26 09:00:34,20260926,21,2,1-6-5,576.8
2026-09-26 09:00:34,20260926,21,2,2-1-3,108.1
2026-09-26 09:00:34,20260926,21,2,2-1-4,50.9
2026-09-26 09:00:34,20260926,21,2,2-1-5,344.8
2026-09-26 09:00:34,20260926,21,2,2-1-6,218.9
2026-09-26 09:00:34,20260926,21,2,2-3-1,200.6
2026-09-26 09:00:34,20260926,21,2,2-3-4,96.9
2026-09-26 09:00:34,20260926,21,2,2-3-5,705.8
2026-09-26 09:00:34,20260926,21,2,2-3-6,180.7
2026-09-26 09:00:34,20260926,21,2,2-4-1,54.6
2026-09-26 09:00:34,20260926,21,2,2-4-3,81.7
2026-09-26 09:00:34,20260926,21,2,2-4-5,384.5
2026-09-26 09:00:34,20260926,21,2,2-4-6,95.5
2026-09-26 09:00:34,20260926,21,2,2-5-1,869.5
2026-09-26 09:00:34,20260926,21,2,2-5-3,882.2
2026-09-26 09:00:34,20260926,21,2,2-5-4,759.4
2026-09-26 09:00:34,20260926,21,2,2-5-6,1395.0
2026-09-26 09:00:34,20260926,21,2,2-6-1,483.8
2026-09-26 09:00:34,20260926,21,2,2-6-3,779.1
2026-09-26 09:00:34,20260926,21,2,2-6-4,344.8
2026-09-26 09:00:34,20260926,21,2,2-6-5,1395.0
2026-09-26 09:00:34,20260926,21,2,3-1-2,110.2
2026-09-26 09:00:34,20260926,21,2,3-1-4,36.3
2026-09-26 09:00:34,20260926,21,2,3-1-5,299.9
2026-09-26 09:00:34,20260926,21,2,3-1-6,151.8
2026-09-26 09:00:34,20260926,21,2,3-2-1,192.9
2026-09-26 09:00:34,20260926,21,2,3-2-4,88.3
2026-09-26 09:00:34,20260926,21,2,3-2-5,413.7
2026-09-26 09:00:34,20260926,21,2,3-2-6,434.7
2026-09-26 09:00:34,20260926,21,2,3-4-1,39.4
2026-09-26 09:00:34,20260926,21,2,3-4-2,79.3
2026-09-26 09:00:34,20260926,21,2,3-4-5,465.0
2026-09-26 09:00:34,20260926,21,2,3-4-6,81.4
2026-09-26 09:00:34,20260926,21,2,3-5-1,697.6
2026-09-26 09:00:34,20260926,21,2,3-5-2,487.7
2026-09-26 09:00:34,20260926,21,2,3-5-4,857.0
2026-09-26 09:00:34,20260926,21,2,3-5-6,1111.0
2026-09-26 09:00:34,20260926,21,2,3-6-1,422.5
2026-09-26 09:00:34,20260926,21,2,3-6-2,599.9
2026-09-26 09:00:34,20260926,21,2,3-6-4,297.0
2026-09-26 09:00:34,20260926,21,2,3-6-5,1333.0
2026-09-26 09:00:34,20260926,21,2,4-1-2,11.7
2026-09-26 09:00:34,20260926,21,2,4-1-3,14.2
2026-09-26 09:00:34,20260926,21,2,4-1-5,69.9
2026-09-26 09:00:34,20260926,21,2,4-1-6,17.8
2026-09-26 09:00:34,20260926,21,2,4-2-1,30.1
2026-09-26 09:00:34,20260926,21,2,4-2-3,66.3
2026-09-26 09:00:34,20260926,21,2,4-2-5,218.9
2026-09-26 09:00:34,20260926,21,2,4-2-6,55.5
2026-09-26 09:00:34,20260926,21,2,4-3-1,32.2
2026-09-26 09:00:34,20260926,21,2,4-3-2,73.7
2026-09-26 09:00:34,20260926,21,2,4-3-5,340.8
2026-09-26 09:00:34,20260926,21,2,4-3-6,86.3
2026-09-26 09:00:34,20260926,21,2,4-5-1,165.2
2026-09-26 09:00:34,20260926,21,2,4-5-2,247.9
2026-09-26 09:00:34,20260926,21,2,4-5-3,394.7
2026-09-26 09:00:34,20260926,21,2,4-5-6,149.9
2026-09-26 09:00:34,20260926,21,2,4-6-1,46.6
2026-09-26 09:00:34,20260926,21,2,4-6-2,58.4
2026-09-26 09:00:34,20260926,21,2,4-6-3,97.2
2026-09-26 09:00:34,20260926,21,2,4-6-5,224.7
2026-09-26 09:00:34,20260926,21,2,5-1-2,789.4
2026-09-26 09:00:34,20260926,21,2,5-1-3,594.0
2026-09-26 09:00:34,20260926,21,2,5-1-4,517.2
2026-09-26 09:00:34,20260926,21,2,5-1-6,967.6
2026-09-26 09:00:34,20260926,21,2,5-2-1,1034.0
2026-09-26 09:00:34,20260926,21,2,5-2-3,909.0
2026-09-26 09:00:34,20260926,21,2,5-2-4,810.7
2026-09-26 09:00:34,20260926,21,2,5-2-6,1714.0
2026-09-26 09:00:34,20260926,21,2,5-3-1,749.9
2026-09-26 09:00:34,20260926,21,2,5-3-2,983.5
2026-09-26 09:00:34,20260926,21,2,5-3-4,1428.0
2026-09-26 09:00:34,20260926,21,2,5-3-6,1714.0
2026-09-26 09:00:34,20260926,21,2,5-4-1,645.1
2026-09-26 09:00:34,20260926,21,2,5-4-2,967.6
2026-09-26 09:00:34,20260926,21,2,5-4-3,1395.0
2026-09-26 09:00:34,20260926,21,2,5-4-6,983.5
2026-09-26 09:00:34,20260926,21,2,5-6-1,1111.0
2026-09-26 09:00:34,20260926,21,2,5-6-2,2068.0
2026-09-26 09:00:34,20260926,21,2,5-6-3,1818.0
2026-09-26 09:00:34,20260926,21,2,5-6-4,1176.0
2026-09-26 09:00:34,20260926,21,2,6-1-2,348.8
2026-09-26 09:00:34,20260926,21,2,6-1-3,441.1
2026-09-26 09:00:34,20260926,21,2,6-1-4,225.5
2026-09-26 09:00:34,20260926,21,2,6-1-5,1224.0
2026-09-26 09:00:34,20260926,21,2,6-2-1,535.6
2026-09-26 09:00:34,20260926,21,2,6-2-3,759.4
2026-09-26 09:00:34,20260926,21,2,6-2-4,399.9
2026-09-26 09:00:34,20260926,21,2,6-2-5,1578.0
2026-09-26 09:00:34,20260926,21,2,6-3-1,413.7
2026-09-26 09:00:34,20260926,21,2,6-3-2,789.4
2026-09-26 09:00:34,20260926,21,2,6-3-4,444.4
2026-09-26 09:00:34,20260926,21,2,6-3-5,1935.0
2026-09-26 09:00:34,20260926,21,2,6-4-1,234.3
2026-09-26 09:00:34,20260926,21,2,6-4-2,352.9
2026-09-26 09:00:34,20260926,21,2,6-4-3,392.1
2026-09-26 09:00:34,20260926,21,2,6-4-5,1016.0
2026-09-26 09:00:34,20260926,21,2,6-5-1,1395.0
2026-09-26 09:00:34,20260926,21,2,6-5-2,1764.0
2026-09-26 09:00:34,20260926,21,2,6-5-3,1818.0
2026-09-26 09:00:34,20260926,21,2,6-5-4,983.5
2026-09-26 09:18:27,20260926,18,3,1-2-3,18.6
2026-09-26 09:18:27,20260926,18,3,1-2-4,10.3
2026-09-26 09:18:27,20260926,18,3,1-2-5,20.8
2026-09-26 09:18:27,20260926,18,3,1-2-6,6.5
2026-09-26 09:18:27,20260926,18,3,1-3-2,28.8
2026-09-26 09:18:27,20260926,18,3,1-3-4,29.7
2026-09-26 09:18:27,20260926,18,3,1-3-5,67.6
2026-09-26 09:18:27,20260926,18,3,1-3-6,34.1
2026-09-26 09:18:27,20260926,18,3,1-4-2,16.5
2026-09-26 09:18:27,20260926,18,3,1-4-3,37.7
2026-09-26 09:18:27,20260926,18,3,1-4-5,30.3
2026-09-26 09:18:27,20260926,18,3,1-4-6,10.8
2026-09-26 09:18:27,20260926,18,3,1-5-2,48.5
2026-09-26 09:18:27,20260926,18,3,1-5-3,113.9
2026-09-26 09:18:27,20260926,18,3,1-5-4,59.6
2026-09-26 09:18:27,20260926,18,3,1-5-6,34.4
2026-09-26 09:18:27,20260926,18,3,1-6-2,9.7
2026-09-26 09:18:27,20260926,18,3,1-6-3,34.6
2026-09-26 09:18:27,20260926,18,3,1-6-4,14.4
2026-09-26 09:18:27,20260926,18,3,1-6-5,26.6
2026-09-26 09:18:27,20260926,18,3,2-1-3,169.4
2026-09-26 09:18:27,20260926,18,3,2-1-4,116.7
2026-09-26 09:18:27,20260926,18,3,2-1-5,206.7
2026-09-26 09:18:27,20260926,18,3,2-1-6,69.5
2026-09-26 09:18:27,20260926,18,3,2-3-1,554.4
2026-09-26 09:18:27,20260926,18,3,2-3-4,609.8
2026-09-26 09:18:27,20260926,18,3,2-3-5,956.6
2026-09-26 09:18:27,20260926,18,3,2-3-6,956.6
2026-09-26 09:18:27,20260926,18,3,2-4-1,258.1
2026-09-26 09:18:27,20260926,18,3,2-4-3,717.5
2026-09-26 09:18:27,20260926,18,3,2-4-5,536.1
2026-09-26 09:18:27,20260926,18,3,2-4-6,280.4
2026-09-26 09:18:27,20260926,18,3,2-5-1,464.6
2026-09-26 09:18:27,20260926,18,3,2-5-3,975.8
2026-09-26 09:18:27,20260926,18,3,2-5-4,750.6
2026-09-26 09:18:27,20260926,18,3,2-5-6,762.3
2026-09-26 09:18:27,20260926,18,3,2-6-1,185.5
2026-09-26 09:18:27,20260926,18,3,2-6-3,786.9
2026-09-26 09:18:27,20260926,18,3,2-6-4,329.6
2026-09-26 09:18:27,20260926,18,3,2-6-5,587.8
2026-09-26 09:18:27,20260926,18,3,3-1-2,258.1
2026-09-26 09:18:27,20260926,18,3,3-1-4,208.5
2026-09-26 09:18:27,20260926,18,3,3-1-5,293.9
2026-09-26 09:18:27,20260926,18,3,3-1-6,225.8
2026-09-26 09:18:27,20260926,18,3,3-2-1,567.3
2026-09-26 09:18:27,20260926,18,3,3-2-4,617.6
2026-09-26 09:18:27,20260926,18,3,3-2-5,739.2
2026-09-26 09:18:27,20260926,18,3,3-2-6,1038.0
2026-09-26 09:18:27,20260926,18,3,3-4-1,381.1
2026-09-26 09:18:27,20260926,18,3,3-4-2,650.5
2026-09-26 09:18:27,20260926,18,3,3-4-5,956.6
2026-09-26 09:18:27,20260926,18,3,3-4-6,560.8
2026-09-26 09:18:27,20260926,18,3,3-5-1,659.3
2026-09-26 09:18:27,20260926,18,3,3-5-2,774.4
2026-09-26 09:18:27,20260926,18,3,3-5-4,1161.0
2026-09-26 09:18:27,20260926,18,3,3-5-6,920.5
2026-09-26 09:18:27,20260926,18,3,3-6-1,417.0
2026-09-26 09:18:27,20260926,18,3,3-6-2,1190.0
2026-09-26 09:18:27,20260926,18,3,3-6-4,668.3
2026-09-26 09:18:27,20260926,18,3,3-6-5,1016.0
2026-09-26 09:18:27,20260926,18,3,4-1-2,105.1
2026-09-26 09:18:27,20260926,18,3,4-1-3,282.0
2026-09-26 09:18:27,20260926,18,3,4-1-5,117.5
2026-09-26 09:18:27,20260926,18,3,4-1-6,63.6
2026-09-26 09:18:27,20260926,18,3,4-2-1,186.2
2026-09-26 09:18:27,20260926,18,3,4-2-3,739.2
2026-09-26 09:18:27,20260926,18,3,4-2-5,306.8
2026-09-26 09:18:27,20260926,18,3,4-2-6,221.7
2026-09-26 09:18:27,20260926,18,3,4-3-1,427.9
2026-09-26 09:18:27,20260926,18,3,4-3-2,975.8
2026-09-26 09:18:27,20260926,18,3,4-3-5,1038.0
2026-09-26 09:18:27,20260926,18,3,4-3-6,609.8
2026-09-26 09:18:27,20260926,18,3,4-5-1,164.8
2026-09-26 09:18:27,20260926,18,3,4-5-2,268.0
2026-09-26 09:18:27,20260926,18,3,4-5-3,1038.0
2026-09-26 09:18:27,20260926,18,3,4-5-6,164.8
2026-09-26 09:18:27,20260926,18,3,4-6-1,87.5
2026-09-26 09:18:27,20260926,18,3,4-6-2,164.8
2026-09-26 09:18:27,20260926,18,3,4-6-3,473.7
2026-09-26 09:18:27,20260926,18,3,4-6-5,176.1
2026-09-26 09:18:27,20260926,18,3,5-1-2,268.0
2026-09-26 09:18:27,20260926,18,3,5-1-3,378.2
2026-09-26 09:18:27,20260926,18,3,5-1-4,308.8
2026-09-26 09:18:27,20260926,18,3,5-1-6,229.0
2026-09-26 09:18:27,20260926,18,3,5-2-1,464.6
2026-09-26 09:18:27,20260926,18,3,5-2-3,887.1
2026-09-26 09:18:27,20260926,18,3,5-2-4,687.2
2026-09-26 09:18:27,20260926,18,3,5-2-6,659.3
2026-09-26 09:18:27,20260926,18,3,5-3-1,799.8
2026-09-26 09:18:27,20260926,18,3,5-3-2,1251.0
2026-09-26 09:18:27,20260926,18,3,5-3-4,1435.0
2026-09-26 09:18:27,20260926,18,3,5-3-6,1478.0
2026-09-26 09:18:27,20260926,18,3,5-4-1,403.2
2026-09-26 09:18:27,20260926,18,3,5-4-2,728.2
2026-09-26 09:18:27,20260926,18,3,5-4-3,1524.0
2026-09-26 09:18:27,20260926,18,3,5-4-6,338.8
2026-09-26 09:18:27,20260926,18,3,5-6-1,369.6
2026-09-26 09:18:27,20260926,18,3,5-6-2,668.3
2026-09-26 09:18:27,20260926,18,3,5-6-3,1134.0
2026-09-26 09:18:27,20260926,18,3,5-6-4,372.4
2026-09-26 09:18:27,20260926,18,3,6-1-2,46.8
2026-09-26 09:18:27,20260926,18,3,6-1-3,134.4
2026-09-26 09:18:27,20260926,18,3,6-1-4,61.3
2026-09-26 09:18:27,20260926,18,3,6-1-5,112.1
2026-09-26 09:18:27,20260926,18,3,6-2-1,125.1
2026-09-26 09:18:27,20260926,18,3,6-2-3,435.6
2026-09-26 09:18:27,20260926,18,3,6-2-4,248.9
2026-09-26 09:18:27,20260926,18,3,6-2-5,560.8
2026-09-26 09:18:27,20260926,18,3,6-3-1,427.9
2026-09-26 09:18:27,20260926,18,3,6-3-2,995.7
2026-09-26 09:18:27,20260926,18,3,6-3-4,587.8
2026-09-26 09:18:27,20260926,18,3,6-3-5,938.2
2026-09-26 09:18:27,20260926,18,3,6-4-1,159.4
2026-09-26 09:18:27,20260926,18,3,6-4-2,233.4
2026-09-26 09:18:27,20260926,18,3,6-4-3,717.5
2026-09-26 09:18:27,20260926,18,3,6-4-5,265.1
2026-09-26 09:18:27,20260926,18,3,6-5-1,351.0
2026-09-26 09:18:27,20260926,18,3,6-5-2,697.0
2026-09-26 09:18:27,20260926,18,3,6-5-3,1318.0
2026-09-26 09:18:27,20260926,18,3,6-5-4,351.0
2026-09-26 09:27:22,20260926,21,3,1-2-3,61.1
2026-09-26 09:27:22,20260926,21,3,1-2-4,143.9
2026-09-26 09:27:22,20260926,21,3,1-2-5,142.3
2026-09-26 09:27:22,20260926,21,3,1-2-6,252.1
2026-09-26 09:27:22,20260926,21,3,1-3-2,38.1
2026-09-26 09:27:22,20260926,21,3,1-3-4,17.9
2026-09-26 09:27:22,20260926,21,3,1-3-5,8.3
2026-09-26 09:27:22,20260926,21,3,1-3-6,26.9
2026-09-26 09:27:22,20260926,21,3,1-4-2,152.1
2026-09-26 09:27:22,20260926,21,3,1-4-3,56.3
2026-09-26 09:27:22,20260926,21,3,1-4-5,63.3
2026-09-26 09:27:22,20260926,21,3,1-4-6,147.3
2026-09-26 09:27:22,20260926,21,3,1-5-2,128.5
2026-09-26 09:27:22,20260926,21,3,1-5-3,23.9
2026-09-26 09:27:22,20260926,21,3,1-5-4,71.6
2026-09-26 09:27:22,20260926,21,3,1-5-6,83.4
2026-09-26 09:27:22,20260926,21,3,1-6-2,401.1
2026-09-26 09:27:22,20260926,21,3,1-6-3,112.1
2026-09-26 09:27:22,20260926,21,3,1-6-4,266.5
2026-09-26 09:27:22,20260926,21,3,1-6-5,185.1
2026-09-26 09:27:22,20260926,21,3,2-1-3,242.9
2026-09-26 09:27:22,20260926,21,3,2-1-4,467.2
2026-09-26 09:27:22,20260926,21,3,2-1-5,475.6
2026-09-26 09:27:22,20260926,21,3,2-1-6,728.7
2026-09-26 09:27:22,20260926,21,3,2-3-1,254.5
2026-09-26 09:27:22,20260926,21,3,2-3-4,427.0
2026-09-26 09:27:22,20260926,21,3,2-3-5,272.9
2026-09-26 09:27:22,20260926,21,3,2-3-6,540.3
2026-09-26 09:27:22,20260926,21,3,2-4-1,715.6
2026-09-26 09:27:22,20260926,21,3,2-4-3,735.5
2026-09-26 09:27:22,20260926,21,3,2-4-5,836.1
2026-09-26 09:27:22,20260926,21,3,2-4-6,778.7
2026-09-26 09:27:22,20260926,21,3,2-5-1,526.0
2026-09-26 09:27:22,20260926,21,3,2-5-3,354.6
2026-09-26 09:27:22,20260926,21,3,2-5-4,756.5
2026-09-26 09:27:22,20260926,21,3,2-5-6,661.9
2026-09-26 09:27:22,20260926,21,3,2-6-1,923.6
2026-09-26 09:27:22,20260926,21,3,2-6-3,1222.0
2026-09-26 09:27:22,20260926,21,3,2-6-4,992.9
2026-09-26 09:27:22,20260926,21,3,2-6-5,1222.0
2026-09-26 09:27:22,20260926,21,3,3-1-2,44.8
2026-09-26 09:27:22,20260926,21,3,3-1-4,17.5
2026-09-26 09:27:22,20260926,21,3,3-1-5,7.3
2026-09-26 09:27:22,20260926,21,3,3-1-6,23.2
2026-09-26 09:27:22,20260926,21,3,3-2-1,115.9
2026-09-26 09:27:22,20260926,21,3,3-2-4,164.1
2026-09-26 09:27:22,20260926,21,3,3-2-5,101.7
2026-09-26 09:27:22,20260926,21,3,3-2-6,192.8
2026-09-26 09:27:22,20260926,21,3,3-4-1,33.2
2026-09-26 09:27:22,20260926,21,3,3-4-2,123.7
2026-09-26 09:27:22,20260926,21,3,3-4-5,23.1
2026-09-26 09:27:22,20260926,21,3,3-4-6,47.2
2026-09-26 09:27:22,20260926,21,3,3-5-1,10.7
2026-09-26 09:27:22,20260926,21,3,3-5-2,62.3
2026-09-26 09:27:22,20260926,21,3,3-5-4,21.3
2026-09-26 09:27:22,20260926,21,3,3-5-6,16.2
2026-09-26 09:27:22,20260926,21,3,3-6-1,62.0
2026-09-26 09:27:22,20260926,21,3,3-6-2,196.6
2026-09-26 09:27:22,20260926,21,3,3-6-4,91.4
2026-09-26 09:27:22,20260926,21,3,3-6-5,39.7
2026-09-26 09:27:22,20260926,21,3,4-1-2,413.7
2026-09-26 09:27:22,20260926,21,3,4-1-3,154.2
2026-09-26 09:27:22,20260926,21,3,4-1-5,207.3
2026-09-26 09:27:22,20260926,21,3,4-1-6,315.2
2026-09-26 09:27:22,20260926,21,3,4-2-1,756.5
2026-09-26 09:27:22,20260926,21,3,4-2-3,651.0
2026-09-26 09:27:22,20260926,21,3,4-2-5,818.9
2026-09-26 09:27:22,20260926,21,3,4-2-6,836.1
2026-09-26 09:27:22,20260926,21,3,4-3-1,177.7
2026-09-26 09:27:22,20260926,21,3,4-3-2,579.8
2026-09-26 09:27:22,20260926,21,3,4-3-5,142.8
2026-09-26 09:27:22,20260926,21,3,4-3-6,274.8
2026-09-26 09:27:22,20260926,21,3,4-5-1,242.9
2026-09-26 09:27:22,20260926,21,3,4-5-2,536.7
2026-09-26 09:27:22,20260926,21,3,4-5-3,156.0
2026-09-26 09:27:22,20260926,21,3,4-5-6,303.1
2026-09-26 09:27:22,20260926,21,3,4-6-1,625.4
2026-09-26 09:27:22,20260926,21,3,4-6-2,1088.0
2026-09-26 09:27:22,20260926,21,3,4-6-3,472.8
2026-09-26 09:27:22,20260926,21,3,4-6-5,606.3
2026-09-26 09:27:22,20260926,21,3,5-1-2,303.1
2026-09-26 09:27:22,20260926,21,3,5-1-3,46.8
2026-09-26 09:27:22,20260926,21,3,5-1-4,198.0
2026-09-26 09:27:22,20260926,21,3,5-1-6,185.1
2026-09-26 09:27:22,20260926,21,3,5-2-1,601.7
2026-09-26 09:27:22,20260926,21,3,5-2-3,367.7
2026-09-26 09:27:22,20260926,21,3,5-2-4,661.9
2026-09-26 09:27:22,20260926,21,3,5-2-6,882.6
2026-09-26 09:27:22,20260926,21,3,5-3-1,43.9
2026-09-26 09:27:22,20260926,21,3,5-3-2,220.0
2026-09-26 09:27:22,20260926,21,3,5-3-4,123.7
2026-09-26 09:27:22,20260926,21,3,5-3-6,73.0
2026-09-26 09:27:22,20260926,21,3,5-4-1,321.5
2026-09-26 09:27:22,20260926,21,3,5-4-2,802.3
2026-09-26 09:27:22,20260926,21,3,5-4-3,191.4
2026-09-26 09:27:22,20260926,21,3,5-4-6,367.7
2026-09-26 09:27:22,20260926,21,3,5-6-1,278.7
2026-09-26 09:27:22,20260926,21,3,5-6-2,640.5
2026-09-26 09:27:22,20260926,21,3,5-6-3,121.8
2026-09-26 09:27:22,20260926,21,3,5-6-4,475.6
2026-09-26 09:27:22,20260926,21,3,6-1-2,786.4
2026-09-26 09:27:22,20260926,21,3,6-1-3,378.2
2026-09-26 09:27:22,20260926,21,3,6-1-4,1323.0
2026-09-26 09:27:22,20260926,21,3,6-1-5,651.0
2026-09-26 09:27:22,20260926,21,3,6-2-1,1418.0
2026-09-26 09:27:22,20260926,21,3,6-2-3,1151.0
2026-09-26 09:27:22,20260926,21,3,6-2-4,1557.0
2026-09-26 09:27:22,20260926,21,3,6-2-5,2036.0
2026-09-26 09:27:22,20260926,21,3,6-3-1,302.0
2026-09-26 09:27:22,20260926,21,3,6-3-2,892.5
2026-09-26 09:27:22,20260926,21,3,6-3-4,709.2
2026-09-26 09:27:22,20260926,21,3,6-3-5,174.9
2026-09-26 09:27:22,20260926,21,3,6-4-1,1557.0
2026-09-26 09:27:22,20260926,21,3,6-4-2,1444.0
2026-09-26 09:27:22,20260926,21,3,6-4-3,892.5
2026-09-26 09:27:22,20260926,21,3,6-4-5,1045.0
2026-09-26 09:27:22,20260926,21,3,6-5-1,645.8
2026-09-26 09:27:22,20260926,21,3,6-5-2,1557.0
2026-09-26 09:27:22,20260926,21,3,6-5-3,191.8
2026-09-26 09:27:22,20260926,21,3,6-5-4,923.6
2026-09-26 09:42:30,20260926,18,4,1-2-3,7.6
2026-09-26 09:42:30,20260926,18,4,1-2-4,11.1
2026-09-26 09:42:30,20260926,18,4,1-2-5,6.3
2026-09-26 09:42:30,20260926,18,4,1-2-6,118.6
2026-09-26 09:42:30,20260926,18,4,1-3-2,22.4
2026-09-26 09:42:30,20260926,18,4,1-3-4,39.0
2026-09-26 09:42:30,20260926,18,4,1-3-5,26.1
2026-09-26 09:42:30,20260926,18,4,1-3-6,249.4
2026-09-26 09:42:30,20260926,18,4,1-4-2,25.8
2026-09-26 09:42:30,20260926,18,4,1-4-3,46.6
2026-09-26 09:42:30,20260926,18,4,1-4-5,41.3
2026-09-26 09:42:30,20260926,18,4,1-4-6,275.8
2026-09-26 09:42:30,20260926,18,4,1-5-2,13.7
2026-09-26 09:42:30,20260926,18,4,1-5-3,33.1
2026-09-26 09:42:30,20260926,18,4,1-5-4,39.5
2026-09-26 09:42:30,20260926,18,4,1-5-6,237.2
2026-09-26 09:42:30,20260926,18,4,1-6-2,249.4
2026-09-26 09:42:30,20260926,18,4,1-6-3,418.9
2026-09-26 09:42:30,20260926,18,4,1-6-4,565.5
2026-09-26 09:42:30,20260926,18,4,1-6-5,706.9
2026-09-26 09:42:30,20260926,18,4,2-1-3,19.8
2026-09-26 09:42:30,20260926,18,4,2-1-4,27.2
2026-09-26 09:42:30,20260926,18,4,2-1-5,12.8
2026-09-26 09:42:30,20260926,18,4,2-1-6,213.4
2026-09-26 09:42:30,20260926,18,4,2-3-1,48.4
2026-09-26 09:42:30,20260926,18,4,2-3-4,132.0
2026-09-26 09:42:30,20260926,18,4,2-3-5,81.9
2026-09-26 09:42:30,20260926,18,4,2-3-6,892.9
2026-09-26 09:42:30,20260926,18,4,2-4-1,83.9
2026-09-26 09:42:30,20260926,18,4,2-4-3,58.9
2026-09-26 09:42:30,20260926,18,4,2-4-5,110.8
2026-09-26 09:42:30,20260926,18,4,2-4-6,640.2
2026-09-26 09:42:30,20260926,18,4,2-5-1,32.2
2026-09-26 09:42:30,20260926,18,4,2-5-3,66.1
2026-09-26 09:42:30,20260926,18,4,2-5-4,90.4
2026-09-26 09:42:30,20260926,18,4,2-5-6,403.9
2026-09-26 09:42:30,20260926,18,4,2-6-1,942.5
2026-09-26 09:42:30,20260926,18,4,2-6-3,1170.0
2026-09-26 09:42:30,20260926,18,4,2-6-4,1211.0
2026-09-26 09:42:30,20260926,18,4,2-6-5,1305.0
2026-09-26 09:42:30,20260926,18,4,3-1-2,140.2
2026-09-26 09:42:30,20260926,18,4,3-1-4,227.7
2026-09-26 09:42:30,20260926,18,4,3-1-5,64.6
2026-09-26 09:42:30,20260926,18,4,3-1-6,665.3
2026-09-26 09:42:30,20260926,18,4,3-2-1,172.2
2026-09-26 09:42:30,20260926,18,4,3-2-4,314.1
2026-09-26 09:42:30,20260926,18,4,3-2-5,197.2
2026-09-26 09:42:30,20260926,18,4,3-2-6,1305.0
2026-09-26 09:42:30,20260926,18,4,3-4-1,484.7
2026-09-26 09:42:30,20260926,18,4,3-4-2,399.1
2026-09-26 09:42:30,20260926,18,4,3-4-5,737.6
2026-09-26 09:42:30,20260926,18,4,3-4-6,1094.0
2026-09-26 09:42:30,20260926,18,4,3-5-1,221.7
2026-09-26 09:42:30,20260926,18,4,3-5-2,234.0
2026-09-26 09:42:30,20260926,18,4,3-5-4,464.8
2026-09-26 09:42:30,20260926,18,4,3-5-6,1413.0
2026-09-26 09:42:30,20260926,18,4,3-6-1,1357.0
2026-09-26 09:42:30,20260926,18,4,3-6-2,2423.0
2026-09-26 09:42:30,20260926,18,4,3-6-4,2423.0
2026-09-26 09:42:30,20260926,18,4,3-6-5,2262.0
2026-09-26 09:42:30,20260926,18,4,4-1-2,105.0
2026-09-26 09:42:30,20260926,18,4,4-1-3,377.0
2026-09-26 09:42:30,20260926,18,4,4-1-5,168.8
2026-09-26 09:42:30,20260926,18,4,4-1-6,721.9
2026-09-26 09:42:30,20260926,18,4,4-2-1,115.0
2026-09-26 09:42:30,20260926,18,4,4-2-3,235.6
2026-09-26 09:42:30,20260926,18,4,4-2-5,217.5
2026-09-26 09:42:30,20260926,18,4,4-2-6,565.5
2026-09-26 09:42:30,20260926,18,4,4-3-1,514.1
2026-09-26 09:42:30,20260926,18,4,4-3-2,575.1
2026-09-26 09:42:30,20260926,18,4,4-3-5,692.4
2026-09-26 09:42:30,20260926,18,4,4-3-6,1696.0
2026-09-26 09:42:30,20260926,18,4,4-5-1,174.9
2026-09-26 09:42:30,20260926,18,4,4-5-2,197.2
2026-09-26 09:42:30,20260926,18,4,4-5-3,484.7
2026-09-26 09:42:30,20260926,18,4,4-5-6,969.4
2026-09-26 09:42:30,20260926,18,4,4-6-1,1785.0
2026-09-26 09:42:30,20260926,18,4,4-6-2,706.9
2026-09-26 09:42:30,20260926,18,4,4-6-3,1131.0
2026-09-26 09:42:30,20260926,18,4,4-6-5,2120.0
2026-09-26 09:42:30,20260926,18,4,5-1-2,24.7
2026-09-26 09:42:30,20260926,18,4,5-1-3,87.4
2026-09-26 09:42:30,20260926,18,4,5-1-4,98.0
2026-09-26 09:42:30,20260926,18,4,5-1-6,253.2
2026-09-26 09:42:30,20260926,18,4,5-2-1,25.7
2026-09-26 09:42:30,20260926,18,4,5-2-3,98.6
2026-09-26 09:42:30,20260926,18,4,5-2-4,137.9
2026-09-26 09:42:30,20260926,18,4,5-2-6,440.6
2026-09-26 09:42:30,20260926,18,4,5-3-1,201.9
2026-09-26 09:42:30,20260926,18,4,5-3-2,242.3
2026-09-26 09:42:30,20260926,18,4,5-3-4,514.1
2026-09-26 09:42:30,20260926,18,4,5-3-6,1256.0
2026-09-26 09:42:30,20260926,18,4,5-4-1,190.6
2026-09-26 09:42:30,20260926,18,4,5-4-2,247.6
2026-09-26 09:42:30,20260926,18,4,5-4-3,530.1
2026-09-26 09:42:30,20260926,18,4,5-4-6,1060.0
2026-09-26 09:42:30,20260926,18,4,5-6-1,737.6
2026-09-26 09:42:30,20260926,18,4,5-6-2,827.5
2026-09-26 09:42:30,20260926,18,4,5-6-3,721.9
2026-09-26 09:42:30,20260926,18,4,5-6-4,1170.0
2026-09-26 09:42:30,20260926,18,4,6-1-2,789.1
2026-09-26 09:42:30,20260926,18,4,6-1-3,1413.0
2026-09-26 09:42:30,20260926,18,4,6-1-4,1475.0
2026-09-26 09:42:30,20260926,18,4,6-1-5,1615.0
2026-09-26 09:42:30,20260926,18,4,6-2-1,1094.0
2026-09-26 09:42:30,20260926,18,4,6-2-3,1885.0
2026-09-26 09:42:30,20260926,18,4,6-2-4,1542.0
2026-09-26 09:42:30,20260926,18,4,6-2-5,2610.0
2026-09-26 09:42:30,20260926,18,4,6-3-1,2262.0
2026-09-26 09:42:30,20260926,18,4,6-3-2,3084.0
2026-09-26 09:42:30,20260926,18,4,6-3-4,1885.0
2026-09-26 09:42:30,20260926,18,4,6-3-5,2423.0
2026-09-26 09:42:30,20260926,18,4,6-4-1,2610.0
2026-09-26 09:42:30,20260926,18,4,6-4-2,1542.0
2026-09-26 09:42:30,20260926,18,4,6-4-3,2610.0
2026-09-26 09:42:30,20260926,18,4,6-4-5,3084.0
2026-09-26 09:42:30,20260926,18,4,6-5-1,2120.0
2026-09-26 09:42:30,20260926,18,4,6-5-2,2423.0
2026-09-26 09:42:30,20260926,18,4,6-5-3,2827.0
2026-09-26 09:42:30,20260926,18,4,6-5-4,2262.0
2026-09-26 09:53:00,20260926,21,4,1-2-3,48.1
2026-09-26 09:53:00,20260926,21,4,1-2-4,122.1
2026-09-26 09:53:00,20260926,21,4,1-2-5,80.0
2026-09-26 09:53:00,20260926,21,4,1-2-6,86.6
2026-09-26 09:53:00,20260926,21,4,1-3-2,37.2
2026-09-26 09:53:00,20260926,21,4,1-3-4,39.2
2026-09-26 09:53:00,20260926,21,4,1-3-5,7.3
2026-09-26 09:53:00,20260926,21,4,1-3-6,6.4
2026-09-26 09:53:00,20260926,21,4,1-4-2,176.8
2026-09-26 09:53:00,20260926,21,4,1-4-3,77.1
2026-09-26 09:53:00,20260926,21,4,1-4-5,111.4
2026-09-26 09:53:00,20260926,21,4,1-4-6,84.3
2026-09-26 09:53:00,20260926,21,4,1-5-2,92.0
2026-09-26 09:53:00,20260926,21,4,1-5-3,17.9
2026-09-26 09:53:00,20260926,21,4,1-5-4,86.5
2026-09-26 09:53:00,20260926,21,4,1-5-6,16.2
2026-09-26 09:53:00,20260926,21,4,1-6-2,89.3
2026-09-26 09:53:00,20260926,21,4,1-6-3,13.0
2026-09-26 09:53:00,20260926,21,4,1-6-4,65.4
2026-09-26 09:53:00,20260926,21,4,1-6-5,18.2
2026-09-26 09:53:00,20260926,21,4,2-1-3,244.3
2026-09-26 09:53:00,20260926,21,4,2-1-4,473.4
2026-09-26 09:53:00,20260926,21,4,2-1-5,463.0
2026-09-26 09:53:00,20260926,21,4,2-1-6,530.4
2026-09-26 09:53:00,20260926,21,4,2-3-1,429.7
2026-09-26 09:53:00,20260926,21,4,2-3-4,616.2
2026-09-26 09:53:00,20260926,21,4,2-3-5,728.7
2026-09-26 09:53:00,20260926,21,4,2-3-6,985.9
2026-09-26 09:53:00,20260926,21,4,2-4-1,716.3
2026-09-26 09:53:00,20260926,21,4,2-4-3,1034.0
2026-09-26 09:53:00,20260926,21,4,2-4-5,985.9
2026-09-26 09:53:00,20260926,21,4,2-4-6,1047.0
2026-09-26 09:53:00,20260926,21,4,2-5-1,846.5
2026-09-26 09:53:00,20260926,21,4,2-5-3,710.2
2026-09-26 09:53:00,20260926,21,4,2-5-4,1132.0
2026-09-26 09:53:00,20260926,21,4,2-5-6,952.3
2026-09-26 09:53:00,20260926,21,4,2-6-1,920.9
2026-09-26 09:53:00,20260926,21,4,2-6-3,1470.0
2026-09-26 09:53:00,20260926,21,4,2-6-4,1581.0
2026-09-26 09:53:00,20260926,21,4,2-6-5,1250.0
2026-09-26 09:53:00,20260926,21,4,3-1-2,114.6
2026-09-26 09:53:00,20260926,21,4,3-1-4,76.3
2026-09-26 09:53:00,20260926,21,4,3-1-5,20.1
2026-09-26 09:53:00,20260926,21,4,3-1-6,16.9
2026-09-26 09:53:00,20260926,21,4,3-2-1,327.3
2026-09-26 09:53:00,20260926,21,4,3-2-4,369.2
2026-09-26 09:53:00,20260926,21,4,3-2-5,319.8
2026-09-26 09:53:00,20260926,21,4,3-2-6,423.2
2026-09-26 09:53:00,20260926,21,4,3-4-1,156.0
2026-09-26 09:53:00,20260926,21,4,3-4-2,453.0
2026-09-26 09:53:00,20260926,21,4,3-4-5,207.9
2026-09-26 09:53:00,20260926,21,4,3-4-6,176.0
2026-09-26 09:53:00,20260926,21,4,3-5-1,40.7
2026-09-26 09:53:00,20260926,21,4,3-5-2,233.4
2026-09-26 09:53:00,20260926,21,4,3-5-4,158.1
2026-09-26 09:53:00,20260926,21,4,3-5-6,37.1
2026-09-26 09:53:00,20260926,21,4,3-6-1,33.3
2026-09-26 09:53:00,20260926,21,4,3-6-2,306.9
2026-09-26 09:53:00,20260926,21,4,3-6-4,171.0
2026-09-26 09:53:00,20260926,21,4,3-6-5,42.7
2026-09-26 09:53:00,20260926,21,4,4-1-2,504.8
2026-09-26 09:53:00,20260926,21,4,4-1-3,232.1
2026-09-26 09:53:00,20260926,21,4,4-1-5,365.9
2026-09-26 09:53:00,20260926,21,4,4-1-6,285.0
2026-09-26 09:53:00,20260926,21,4,4-2-1,790.6
2026-09-26 09:53:00,20260926,21,4,4-2-3,952.3
2026-09-26 09:53:00,20260926,21,4,4-2-5,985.9
2026-09-26 09:53:00,20260926,21,4,4-2-6,1102.0
2026-09-26 09:53:00,20260926,21,4,4-3-1,294.0
2026-09-26 09:53:00,20260926,21,4,4-3-2,1074.0
2026-09-26 09:53:00,20260926,21,4,4-3-5,776.0
2026-09-26 09:53:00,20260926,21,4,4-3-6,379.2
2026-09-26 09:53:00,20260926,21,4,4-5-1,352.1
2026-09-26 09:53:00,20260926,21,4,4-5-2,901.1
2026-09-26 09:53:00,20260926,21,4,4-5-3,470.8
2026-09-26 09:53:00,20260926,21,4,4-5-6,333.8
2026-09-26 09:53:00,20260926,21,4,4-6-1,361.2
2026-09-26 09:53:00,20260926,21,4,4-6-2,1269.0
2026-09-26 09:53:00,20260926,21,4,4-6-3,530.4
2026-09-26 09:53:00,20260926,21,4,4-6-5,594.3
2026-09-26 09:53:00,20260926,21,4,5-1-2,272.9
2026-09-26 09:53:00,20260926,21,4,5-1-3,59.0
2026-09-26 09:53:00,20260926,21,4,5-1-4,281.2
2026-09-26 09:53:00,20260926,21,4,5-1-6,53.6
2026-09-26 09:53:00,20260926,21,4,5-2-1,574.0
2026-09-26 09:53:00,20260926,21,4,5-2-3,598.6
2026-09-26 09:53:00,20260926,21,4,5-2-4,891.5
2026-09-26 09:53:00,20260926,21,4,5-2-6,735.1
2026-09-26 09:53:00,20260926,21,4,5-3-1,87.3
2026-09-26 09:53:00,20260926,21,4,5-3-2,448.1
2026-09-26 09:53:00,20260926,21,4,5-3-4,501.8
2026-09-26 09:53:00,20260926,21,4,5-3-6,76.3
2026-09-26 09:53:00,20260926,21,4,5-4-1,397.1
2026-09-26 09:53:00,20260926,21,4,5-4-2,1373.0
2026-09-26 09:53:00,20260926,21,4,5-4-3,533.8
2026-09-26 09:53:00,20260926,21,4,5-4-6,399.0
2026-09-26 09:53:00,20260926,21,4,5-6-1,61.7
2026-09-26 09:53:00,20260926,21,4,5-6-2,443.4
2026-09-26 09:53:00,20260926,21,4,5-6-3,70.6
2026-09-26 09:53:00,20260926,21,4,5-6-4,308.1
2026-09-26 09:53:00,20260926,21,4,6-1-2,222.8
2026-09-26 09:53:00,20260926,21,4,6-1-3,43.2
2026-09-26 09:53:00,20260926,21,4,6-1-4,252.4
2026-09-26 09:53:00,20260926,21,4,6-1-5,66.6
2026-09-26 09:53:00,20260926,21,4,6-2-1,570.1
2026-09-26 09:53:00,20260926,21,4,6-2-3,710.2
2026-09-26 09:53:00,20260926,21,4,6-2-4,952.3
2026-09-26 09:53:00,20260926,21,4,6-2-5,761.8
2026-09-26 09:53:00,20260926,21,4,6-3-1,54.5
2026-09-26 09:53:00,20260926,21,4,6-3-2,441.0
2026-09-26 09:53:00,20260926,21,4,6-3-4,370.8
2026-09-26 09:53:00,20260926,21,4,6-3-5,92.4
2026-09-26 09:53:00,20260926,21,4,6-4-1,473.4
2026-09-26 09:53:00,20260926,21,4,6-4-2,1164.0
2026-09-26 09:53:00,20260926,21,4,6-4-3,465.6
2026-09-26 09:53:00,20260926,21,4,6-4-5,728.7
2026-09-26 09:53:00,20260926,21,4,6-5-1,78.7
2026-09-26 09:53:00,20260926,21,4,6-5-2,498.8
2026-09-26 09:53:00,20260926,21,4,6-5-3,87.1
2026-09-26 09:53:00,20260926,21,4,6-5-4,370.8
2026-09-26 10:06:49,20260926,18,5,1-2-3,26.0
2026-09-26 10:06:49,20260926,18,5,1-2-4,24.6
2026-09-26 10:06:49,20260926,18,5,1-2-5,52.7
2026-09-26 10:06:49,20260926,18,5,1-2-6,33.4
2026-09-26 10:06:49,20260926,18,5,1-3-2,27.9
2026-09-26 10:06:49,20260926,18,5,1-3-4,17.3
2026-09-26 10:06:49,20260926,18,5,1-3-5,41.0
2026-09-26 10:06:49,20260926,18,5,1-3-6,18.3
2026-09-26 10:06:49,20260926,18,5,1-4-2,20.3
2026-09-26 10:06:49,20260926,18,5,1-4-3,16.5
2026-09-26 10:06:49,20260926,18,5,1-4-5,56.7
2026-09-26 10:06:49,20260926,18,5,1-4-6,11.8
2026-09-26 10:06:49,20260926,18,5,1-5-2,70.3
2026-09-26 10:06:49,20260926,18,5,1-5-3,64.5
2026-09-26 10:06:49,20260926,18,5,1-5-4,81.3
2026-09-26 10:06:49,20260926,18,5,1-5-6,75.6
2026-09-26 10:06:49,20260926,18,5,1-6-2,38.6
2026-09-26 10:06:49,20260926,18,5,1-6-3,28.5
2026-09-26 10:06:49,20260926,18,5,1-6-4,19.5
2026-09-26 10:06:49,20260926,18,5,1-6-5,72.1
2026-09-26 10:06:49,20260926,18,5,2-1-3,126.7
2026-09-26 10:06:49,20260926,18,5,2-1-4,116.3
2026-09-26 10:06:49,20260926,18,5,2-1-5,210.0
2026-09-26 10:06:49,20260926,18,5,2-1-6,180.4
2026-09-26 10:06:49,20260926,18,5,2-3-1,230.7
2026-09-26 10:06:49,20260926,18,5,2-3-4,216.5
2026-09-26 10:06:49,20260926,18,5,2-3-5,293.2
2026-09-26 10:06:49,20260926,18,5,2-3-6,611.9
2026-09-26 10:06:49,20260926,18,5,2-4-1,182.7
2026-09-26 10:06:49,20260926,18,5,2-4-3,270.6
2026-09-26 10:06:49,20260926,18,5,2-4-5,469.1
2026-09-26 10:06:49,20260926,18,5,2-4-6,335.0
2026-09-26 10:06:49,20260926,18,5,2-5-1,453.9
2026-09-26 10:06:49,20260926,18,5,2-5-3,453.9
2026-09-26 10:06:49,20260926,18,5,2-5-4,541.2
2026-09-26 10:06:49,20260926,18,5,2-5-6,502.6
2026-09-26 10:06:49,20260926,18,5,2-6-1,453.9
2026-09-26 10:06:49,20260926,18,5,2-6-3,453.9
2026-09-26 10:06:49,20260926,18,5,2-6-4,413.9
2026-09-26 10:06:49,20260926,18,5,2-6-5,521.2
2026-09-26 10:06:49,20260926,18,5,3-1-2,124.5
2026-09-26 10:06:49,20260926,18,5,3-1-4,101.2
2026-09-26 10:06:49,20260926,18,5,3-1-5,119.2
2026-09-26 10:06:49,20260926,18,5,3-1-6,79.0
2026-09-26 10:06:49,20260926,18,5,3-2-1,216.5
2026-09-26 10:06:49,20260926,18,5,3-2-4,230.7
2026-09-26 10:06:49,20260926,18,5,3-2-5,305.9
2026-09-26 10:06:49,20260926,18,5,3-2-6,299.4
2026-09-26 10:06:49,20260926,18,5,3-4-1,185.1
2026-09-26 10:06:49,20260926,18,5,3-4-2,213.2
2026-09-26 10:06:49,20260926,18,5,3-4-5,740.7
2026-09-26 10:06:49,20260926,18,5,3-4-6,178.1
2026-09-26 10:06:49,20260926,18,5,3-5-1,216.5
2026-09-26 10:06:49,20260926,18,5,3-5-2,335.0
2026-09-26 10:06:49,20260926,18,5,3-5-4,469.1
2026-09-26 10:06:49,20260926,18,5,3-5-6,541.2
2026-09-26 10:06:49,20260926,18,5,3-6-1,173.7
2026-09-26 10:06:49,20260926,18,5,3-6-2,502.6
2026-09-26 10:06:49,20260926,18,5,3-6-4,360.8
2026-09-26 10:06:49,20260926,18,5,3-6-5,740.7
2026-09-26 10:06:49,20260926,18,5,4-1-2,45.3
2026-09-26 10:06:49,20260926,18,5,4-1-3,52.9
2026-09-26 10:06:49,20260926,18,5,4-1-5,50.9
2026-09-26 10:06:49,20260926,18,5,4-1-6,29.1
2026-09-26 10:06:49,20260926,18,5,4-2-1,66.3
2026-09-26 10:06:49,20260926,18,5,4-2-3,72.1
2026-09-26 10:06:49,20260926,18,5,4-2-5,75.6
2026-09-26 10:06:49,20260926,18,5,4-2-6,60.1
2026-09-26 10:06:49,20260926,18,5,4-3-1,165.5
2026-09-26 10:06:49,20260926,18,5,4-3-2,299.4
2026-09-26 10:06:49,20260926,18,5,4-3-5,360.8
2026-09-26 10:06:49,20260926,18,5,4-3-6,161.7
2026-09-26 10:06:49,20260926,18,5,4-5-1,63.3
2026-09-26 10:06:49,20260926,18,5,4-5-2,67.9
2026-09-26 10:06:49,20260926,18,5,4-5-3,77.7
2026-09-26 10:06:49,20260926,18,5,4-5-6,61.1
2026-09-26 10:06:49,20260926,18,5,4-6-1,24.7
2026-09-26 10:06:49,20260926,18,5,4-6-2,51.3
2026-09-26 10:06:49,20260926,18,5,4-6-3,56.2
2026-09-26 10:06:49,20260926,18,5,4-6-5,64.5
2026-09-26 10:06:49,20260926,18,5,5-1-2,255.8
2026-09-26 10:06:49,20260926,18,5,5-1-3,152.9
2026-09-26 10:06:49,20260926,18,5,5-1-4,216.5
2026-09-26 10:06:49,20260926,18,5,5-1-6,234.5
2026-09-26 10:06:49,20260926,18,5,5-2-1,312.7
2026-09-26 10:06:49,20260926,18,5,5-2-3,426.4
2026-09-26 10:06:49,20260926,18,5,5-2-4,502.6
2026-09-26 10:06:49,20260926,18,5,5-2-6,541.2
2026-09-26 10:06:49,20260926,18,5,5-3-1,260.6
2026-09-26 10:06:49,20260926,18,5,5-3-2,740.7
2026-09-26 10:06:49,20260926,18,5,5-3-4,1005.0
2026-09-26 10:06:49,20260926,18,5,5-3-6,703.6
2026-09-26 10:06:49,20260926,18,5,5-4-1,260.6
2026-09-26 10:06:49,20260926,18,5,5-4-2,879.6
2026-09-26 10:06:49,20260926,18,5,5-4-3,781.8
2026-09-26 10:06:49,20260926,18,5,5-4-6,469.1
2026-09-26 10:06:49,20260926,18,5,5-6-1,439.8
2026-09-26 10:06:49,20260926,18,5,5-6-2,879.6
2026-09-26 10:06:49,20260926,18,5,5-6-3,639.7
2026-09-26 10:06:49,20260926,18,5,5-6-4,562.9
2026-09-26 10:06:49,20260926,18,5,6-1-2,91.3
2026-09-26 10:06:49,20260926,18,5,6-1-3,103.4
2026-09-26 10:06:49,20260926,18,5,6-1-4,47.7
2026-09-26 10:06:49,20260926,18,5,6-1-5,260.6
2026-09-26 10:06:49,20260926,18,5,6-2-1,242.6
2026-09-26 10:06:49,20260926,18,5,6-2-3,439.8
2026-09-26 10:06:49,20260926,18,5,6-2-4,281.4
2026-09-26 10:06:49,20260926,18,5,6-2-5,670.1
2026-09-26 10:06:49,20260926,18,5,6-3-1,180.4
2026-09-26 10:06:49,20260926,18,5,6-3-2,639.7
2026-09-26 10:06:49,20260926,18,5,6-3-4,246.9
2026-09-26 10:06:49,20260926,18,5,6-3-5,639.7
2026-09-26 10:06:49,20260926,18,5,6-4-1,91.3
2026-09-26 10:06:49,20260926,18,5,6-4-2,226.9
2026-09-26 10:06:49,20260926,18,5,6-4-3,287.2
2026-09-26 10:06:49,20260926,18,5,6-4-5,390.9
2026-09-26 10:06:49,20260926,18,5,6-5-1,439.8
2026-09-26 10:06:49,20260926,18,5,6-5-2,1172.0
2026-09-26 10:06:49,20260926,18,5,6-5-3,781.8
2026-09-26 10:06:49,20260926,18,5,6-5-4,453.9
2026-09-26 10:18:40,20260926,11,1,1-2-3,9.8
2026-09-26 10:18:40,20260926,11,1,1-2-4,8.8
2026-09-26 10:18:40,20260926,11,1,1-2-5,17.7
2026-09-26 10:18:40,20260926,11,1,1-2-6,58.0
2026-09-26 10:18:40,20260926,11,1,1-3-2,19.0
2026-09-26 10:18:40,20260926,11,1,1-3-4,13.0
2026-09-26 10:18:40,20260926,11,1,1-3-5,19.8
2026-09-26 10:18:40,20260926,11,1,1-3-6,76.8
2026-09-26 10:18:40,20260926,11,1,1-4-2,11.2
2026-09-26 10:18:40,20260926,11,1,1-4-3,23.7
2026-09-26 10:18:40,20260926,11,1,1-4-5,12.7
2026-09-26 10:18:40,20260926,11,1,1-4-6,45.4
2026-09-26 10:18:40,20260926,11,1,1-5-2,27.7
2026-09-26 10:18:40,20260926,11,1,1-5-3,33.8
2026-09-26 10:18:40,20260926,11,1,1-5-4,24.8
2026-09-26 10:18:40,20260926,11,1,1-5-6,71.4
2026-09-26 10:18:40,20260926,11,1,1-6-2,98.8
2026-09-26 10:18:40,20260926,11,1,1-6-3,175.5
2026-09-26 10:18:40,20260926,11,1,1-6-4,105.8
2026-09-26 10:18:40,20260926,11,1,1-6-5,145.2
2026-09-26 10:18:40,20260926,11,1,2-1-3,73.6
2026-09-26 10:18:40,20260926,11,1,2-1-4,59.5
2026-09-26 10:18:40,20260926,11,1,2-1-5,105.3
2026-09-26 10:18:40,20260926,11,1,2-1-6,292.5
2026-09-26 10:18:40,20260926,11,1,2-3-1,195.0
2026-09-26 10:18:40,20260926,11,1,2-3-4,263.2
2026-09-26 10:18:40,20260926,11,1,2-3-5,319.1
2026-09-26 10:18:40,20260926,11,1,2-3-6,726.3
2026-09-26 10:18:40,20260926,11,1,2-4-1,121.0
2026-09-26 10:18:40,20260926,11,1,2-4-3,239.3
2026-09-26 10:18:40,20260926,11,1,2-4-5,186.3
2026-09-26 10:18:40,20260926,11,1,2-4-6,319.1
2026-09-26 10:18:40,20260926,11,1,2-5-1,239.3
2026-09-26 10:18:40,20260926,11,1,2-5-3,334.3
2026-09-26 10:18:40,20260926,11,1,2-5-4,329.1
2026-09-26 10:18:40,20260926,11,1,2-5-6,638.2
2026-09-26 10:18:40,20260926,11,1,2-6-1,877.6
2026-09-26 10:18:40,20260926,11,1,2-6-3,601.8
2026-09-26 10:18:40,20260926,11,1,2-6-4,780.1
2026-09-26 10:18:40,20260926,11,1,2-6-5,1404.0
2026-09-26 10:18:40,20260926,11,1,3-1-2,132.4
2026-09-26 10:18:40,20260926,11,1,3-1-4,113.8
2026-09-26 10:18:40,20260926,11,1,3-1-5,77.7
2026-09-26 10:18:40,20260926,11,1,3-1-6,309.7
2026-09-26 10:18:40,20260926,11,1,3-2-1,260.0
2026-09-26 10:18:40,20260926,11,1,3-2-4,270.0
2026-09-26 10:18:40,20260926,11,1,3-2-5,324.0
2026-09-26 10:18:40,20260926,11,1,3-2-6,438.8
2026-09-26 10:18:40,20260926,11,1,3-4-1,212.7
2026-09-26 10:18:40,20260926,11,1,3-4-2,256.8
2026-09-26 10:18:40,20260926,11,1,3-4-5,270.0
2026-09-26 10:18:40,20260926,11,1,3-4-6,501.5
2026-09-26 10:18:40,20260926,11,1,3-5-1,221.7
2026-09-26 10:18:40,20260926,11,1,3-5-2,329.1
2026-09-26 10:18:40,20260926,11,1,3-5-4,397.4
2026-09-26 10:18:40,20260926,11,1,3-5-6,780.1
2026-09-26 10:18:40,20260926,11,1,3-6-1,780.1
2026-09-26 10:18:40,20260926,11,1,3-6-2,1053.0
2026-09-26 10:18:40,20260926,11,1,3-6-4,1108.0
2026-09-26 10:18:40,20260926,11,1,3-6-5,1239.0
2026-09-26 10:18:40,20260926,11,1,4-1-2,36.3
2026-09-26 10:18:40,20260926,11,1,4-1-3,99.8
2026-09-26 10:18:40,20260926,11,1,4-1-5,31.9
2026-09-26 10:18:40,20260926,11,1,4-1-6,87.7
2026-09-26 10:18:40,20260926,11,1,4-2-1,87.3
2026-09-26 10:18:40,20260926,11,1,4-2-3,208.5
2026-09-26 10:18:40,20260926,11,1,4-2-5,132.4
2026-09-26 10:18:40,20260926,11,1,4-2-6,292.5
2026-09-26 10:18:40,20260926,11,1,4-3-1,191.4
2026-09-26 10:18:40,20260926,11,1,4-3-2,244.9
2026-09-26 10:18:40,20260926,11,1,4-3-5,273.5
2026-09-26 10:18:40,20260926,11,1,4-3-6,429.8
2026-09-26 10:18:40,20260926,11,1,4-5-1,48.4
2026-09-26 10:18:40,20260926,11,1,4-5-2,93.1
2026-09-26 10:18:40,20260926,11,1,4-5-3,181.5
2026-09-26 10:18:40,20260926,11,1,4-5-6,111.4
2026-09-26 10:18:40,20260926,11,1,4-6-1,228.9
2026-09-26 10:18:40,20260926,11,1,4-6-2,296.6
2026-09-26 10:18:40,20260926,11,1,4-6-3,421.2
2026-09-26 10:18:40,20260926,11,1,4-6-5,247.8
2026-09-26 10:18:40,20260926,11,1,5-1-2,88.1
2026-09-26 10:18:40,20260926,11,1,5-1-3,99.8
2026-09-26 10:18:40,20260926,11,1,5-1-4,68.6
2026-09-26 10:18:40,20260926,11,1,5-1-6,118.3
2026-09-26 10:18:40,20260926,11,1,5-2-1,214.9
2026-09-26 10:18:40,20260926,11,1,5-2-3,309.7
2026-09-26 10:18:40,20260926,11,1,5-2-4,390.0
2026-09-26 10:18:40,20260926,11,1,5-2-6,438.8
2026-09-26 10:18:40,20260926,11,1,5-3-1,208.5
2026-09-26 10:18:40,20260926,11,1,5-3-2,421.2
2026-09-26 10:18:40,20260926,11,1,5-3-4,540.0
2026-09-26 10:18:40,20260926,11,1,5-3-6,877.6
2026-09-26 10:18:40,20260926,11,1,5-4-1,113.8
2026-09-26 10:18:40,20260926,11,1,5-4-2,256.8
2026-09-26 10:18:40,20260926,11,1,5-4-3,339.7
2026-09-26 10:18:40,20260926,11,1,5-4-6,266.6
2026-09-26 10:18:40,20260926,11,1,5-6-1,309.7
2026-09-26 10:18:40,20260926,11,1,5-6-2,619.5
2026-09-26 10:18:40,20260926,11,1,5-6-3,569.2
2026-09-26 10:18:40,20260926,11,1,5-6-4,413.0
2026-09-26 10:18:40,20260926,11,1,6-1-2,601.8
2026-09-26 10:18:40,20260926,11,1,6-1-3,1003.0
2026-09-26 10:18:40,20260926,11,1,6-1-4,810.1
2026-09-26 10:18:40,20260926,11,1,6-1-5,702.1
2026-09-26 10:18:40,20260926,11,1,6-2-1,877.6
2026-09-26 10:18:40,20260926,11,1,6-2-3,726.3
2026-09-26 10:18:40,20260926,11,1,6-2-4,877.6
2026-09-26 10:18:40,20260926,11,1,6-2-5,1755.0
2026-09-26 10:18:40,20260926,11,1,6-3-1,810.1
2026-09-26 10:18:40,20260926,11,1,6-3-2,1620.0
2026-09-26 10:18:40,20260926,11,1,6-3-4,1108.0
2026-09-26 10:18:40,20260926,11,1,6-3-5,1239.0
2026-09-26 10:18:40,20260926,11,1,6-4-1,877.6
2026-09-26 10:18:40,20260926,11,1,6-4-2,877.6
2026-09-26 10:18:40,20260926,11,1,6-4-3,1404.0
2026-09-26 10:18:40,20260926,11,1,6-4-5,1316.0
2026-09-26 10:18:40,20260926,11,1,6-5-1,601.8
2026-09-26 10:18:40,20260926,11,1,6-5-2,1914.0
2026-09-26 10:18:40,20260926,11,1,6-5-3,1404.0
2026-09-26 10:18:40,20260926,11,1,6-5-4,915.7
2026-09-26 10:19:57,20260926,21,5,1-2-3,6.4
2026-09-26 10:19:57,20260926,21,5,1-2-4,11.3
2026-09-26 10:19:57,20260926,21,5,1-2-5,12.6
2026-09-26 10:19:57,20260926,21,5,1-2-6,5.2
2026-09-26 10:19:57,20260926,21,5,1-3-2,14.9
2026-09-26 10:19:57,20260926,21,5,1-3-4,33.2
2026-09-26 10:19:57,20260926,21,5,1-3-5,40.3
2026-09-26 10:19:57,20260926,21,5,1-3-6,17.3
2026-09-26 10:19:57,20260926,21,5,1-4-2,32.9
2026-09-26 10:19:57,20260926,21,5,1-4-3,60.3
2026-09-26 10:19:57,20260926,21,5,1-4-5,71.9
2026-09-26 10:19:57,20260926,21,5,1-4-6,38.3
2026-09-26 10:19:57,20260926,21,5,1-5-2,42.3
2026-09-26 10:19:57,20260926,21,5,1-5-3,87.2
2026-09-26 10:19:57,20260926,21,5,1-5-4,119.9
2026-09-26 10:19:57,20260926,21,5,1-5-6,52.6
2026-09-26 10:19:57,20260926,21,5,1-6-2,10.5
2026-09-26 10:19:57,20260926,21,5,1-6-3,20.8
2026-09-26 10:19:57,20260926,21,5,1-6-4,38.1
2026-09-26 10:19:57,20260926,21,5,1-6-5,39.7
2026-09-26 10:19:57,20260926,21,5,2-1-3,59.5
2026-09-26 10:19:57,20260926,21,5,2-1-4,99.9
2026-09-26 10:19:57,20260926,21,5,2-1-5,99.7
2026-09-26 10:19:57,20260926,21,5,2-1-6,46.6
2026-09-26 10:19:57,20260926,21,5,2-3-1,141.7
2026-09-26 10:19:57,20260926,21,5,2-3-4,307.7
2026-09-26 10:19:57,20260926,21,5,2-3-5,335.8
2026-09-26 10:19:57,20260926,21,5,2-3-6,247.6
2026-09-26 10:19:57,20260926,21,5,2-4-1,277.5
2026-09-26 10:19:57,20260926,21,5,2-4-3,413.2
2026-09-26 10:19:57,20260926,21,5,2-4-5,607.8
2026-09-26 10:19:57,20260926,21,5,2-4-6,385.0
2026-09-26 10:19:57,20260926,21,5,2-5-1,367.7
2026-09-26 10:19:57,20260926,21,5,2-5-3,440.4
2026-09-26 10:19:57,20260926,21,5,2-5-4,742.9
2026-09-26 10:19:57,20260926,21,5,2-5-6,607.8
2026-09-26 10:19:57,20260926,21,5,2-6-1,106.1
2026-09-26 10:19:57,20260926,21,5,2-6-3,315.6
2026-09-26 10:19:57,20260926,21,5,2-6-4,393.3
2026-09-26 10:19:57,20260926,21,5,2-6-5,540.8
2026-09-26 10:19:57,20260926,21,5,3-1-2,109.9
2026-09-26 10:19:57,20260926,21,5,3-1-4,182.5
2026-09-26 10:19:57,20260926,21,5,3-1-5,173.8
2026-09-26 10:19:57,20260926,21,5,3-1-6,166.4
2026-09-26 10:19:57,20260926,21,5,3-2-1,197.1
2026-09-26 10:19:57,20260926,21,5,3-2-4,295.3
2026-09-26 10:19:57,20260926,21,5,3-2-5,306.4
2026-09-26 10:19:57,20260926,21,5,3-2-6,383.0
2026-09-26 10:19:57,20260926,21,5,3-4-1,413.2
2026-09-26 10:19:57,20260926,21,5,3-4-2,389.1
2026-09-26 10:19:57,20260926,21,5,3-4-5,548.8
2026-09-26 10:19:57,20260926,21,5,3-4-6,656.7
2026-09-26 10:19:57,20260926,21,5,3-5-1,371.4
2026-09-26 10:19:57,20260926,21,5,3-5-2,385.0
2026-09-26 10:19:57,20260926,21,5,3-5-4,808.2
2026-09-26 10:19:57,20260926,21,5,3-5-6,855.2
2026-09-26 10:19:57,20260926,21,5,3-6-1,216.3
2026-09-26 10:19:57,20260926,21,5,3-6-2,462.5
2026-09-26 10:19:57,20260926,21,5,3-6-4,668.6
2026-09-26 10:19:57,20260926,21,5,3-6-5,799.4
2026-09-26 10:19:57,20260926,21,5,4-1-2,264.5
2026-09-26 10:19:57,20260926,21,5,4-1-3,338.9
2026-09-26 10:19:57,20260926,21,5,4-1-5,373.3
2026-09-26 10:19:57,20260926,21,5,4-1-6,289.5
2026-09-26 10:19:57,20260926,21,5,4-2-1,422.7
2026-09-26 10:19:57,20260926,21,5,4-2-3,583.7
2026-09-26 10:19:57,20260926,21,5,4-2-5,602.8
2026-09-26 10:19:57,20260926,21,5,4-2-6,514.3
2026-09-26 10:19:57,20260926,21,5,4-3-1,668.6
2026-09-26 10:19:57,20260926,21,5,4-3-2,735.5
2026-09-26 10:19:57,20260926,21,5,4-3-5,931.0
2026-09-26 10:19:57,20260926,21,5,4-3-6,886.1
2026-09-26 10:19:57,20260926,21,5,4-5-1,561.4
2026-09-26 10:19:57,20260926,21,5,4-5-2,774.2
2026-09-26 10:19:57,20260926,21,5,4-5-3,1268.0
2026-09-26 10:19:57,20260926,21,5,4-5-6,639.5
2026-09-26 10:19:57,20260926,21,5,4-6-1,445.7
2026-09-26 10:19:57,20260926,21,5,4-6-2,687.3
2026-09-26 10:19:57,20260926,21,5,4-6-3,875.6
2026-09-26 10:19:57,20260926,21,5,4-6-5,1337.0
2026-09-26 10:19:57,20260926,21,5,5-1-2,371.4
2026-09-26 10:19:57,20260926,21,5,5-1-3,367.7
2026-09-26 10:19:57,20260926,21,5,5-1-4,693.8
2026-09-26 10:19:57,20260926,21,5,5-1-6,406.3
2026-09-26 10:19:57,20260926,21,5,5-2-1,645.1
2026-09-26 10:19:57,20260926,21,5,5-2-3,612.9
2026-09-26 10:19:57,20260926,21,5,5-2-4,942.9
2026-09-26 10:19:57,20260926,21,5,5-2-6,1081.0
2026-09-26 10:19:57,20260926,21,5,5-3-1,500.3
2026-09-26 10:19:57,20260926,21,5,5-3-2,634.0
2026-09-26 10:19:57,20260926,21,5,5-3-4,1337.0
2026-09-26 10:19:57,20260926,21,5,5-3-6,1387.0
2026-09-26 10:19:57,20260926,21,5,5-4-1,1065.0
2026-09-26 10:19:57,20260926,21,5,5-4-2,1751.0
2026-09-26 10:19:57,20260926,21,5,5-4-3,1885.0
2026-09-26 10:19:57,20260926,21,5,5-4-6,1205.0
2026-09-26 10:19:57,20260926,21,5,5-6-1,529.1
2026-09-26 10:19:57,20260926,21,5,5-6-2,1167.0
2026-09-26 10:19:57,20260926,21,5,5-6-3,1471.0
2026-09-26 10:19:57,20260926,21,5,5-6-4,1290.0
2026-09-26 10:19:57,20260926,21,5,6-1-2,64.2
2026-09-26 10:19:57,20260926,21,5,6-1-3,161.6
2026-09-26 10:19:57,20260926,21,5,6-1-4,251.0
2026-09-26 10:19:57,20260926,21,5,6-1-5,311.6
2026-09-26 10:19:57,20260926,21,5,6-2-1,115.2
2026-09-26 10:19:57,20260926,21,5,6-2-3,401.9
2026-09-26 10:19:57,20260926,21,5,6-2-4,570.1
2026-09-26 10:19:57,20260926,21,5,6-2-5,721.0
2026-09-26 10:19:57,20260926,21,5,6-3-1,348.5
2026-09-26 10:19:57,20260926,21,5,6-3-2,570.1
2026-09-26 10:19:57,20260926,21,5,6-3-4,875.6
2026-09-26 10:19:57,20260926,21,5,6-3-5,1362.0
2026-09-26 10:19:57,20260926,21,5,6-4-1,602.8
2026-09-26 10:19:57,20260926,21,5,6-4-2,980.6
2026-09-26 10:19:57,20260926,21,5,6-4-3,993.9
2026-09-26 10:19:57,20260926,21,5,6-4-5,1532.0
2026-09-26 10:19:57,20260926,21,5,6-5-1,553.0
2026-09-26 10:19:57,20260926,21,5,6-5-2,1081.0
2026-09-26 10:19:57,20260926,21,5,6-5-3,1362.0
2026-09-26 10:19:57,20260926,21,5,6-5-4,1186.0
2026-09-26 10:25:05,20260926,8,1,1-2-3,8.8
2026-09-26 10:25:05,20260926,8,1,1-2-4,27.5
2026-09-26 10:25:05,20260926,8,1,1-2-5,39.3
2026-09-26 10:25:05,20260926,8,1,1-2-6,22.8
2026-09-26 10:25:05,20260926,8,1,1-3-2,7.3
2026-09-26 10:25:05,20260926,8,1,1-3-4,11.5
2026-09-26 10:25:05,20260926,8,1,1-3-5,17.6
2026-09-26 10:25:05,20260926,8,1,1-3-6,10.4
2026-09-26 10:25:05,20260926,8,1,1-4-2,35.3
2026-09-26 10:25:05,20260926,8,1,1-4-3,28.7
2026-09-26 10:25:05,20260926,8,1,1-4-5,56.1
2026-09-26 10:25:05,20260926,8,1,1-4-6,34.7
2026-09-26 10:25:05,20260926,8,1,1-5-2,70.6
2026-09-26 10:25:05,20260926,8,1,1-5-3,39.1
2026-09-26 10:25:05,20260926,8,1,1-5-4,94.4
2026-09-26 10:25:05,20260926,8,1,1-5-6,59.9
2026-09-26 10:25:05,20260926,8,1,1-6-2,32.8
2026-09-26 10:25:05,20260926,8,1,1-6-3,21.7
2026-09-26 10:25:05,20260926,8,1,1-6-4,36.9
2026-09-26 10:25:05,20260926,8,1,1-6-5,59.0
2026-09-26 10:25:05,20260926,8,1,2-1-3,95.1
2026-09-26 10:25:05,20260926,8,1,2-1-4,151.5
2026-09-26 10:25:05,20260926,8,1,2-1-5,225.8
2026-09-26 10:25:05,20260926,8,1,2-1-6,274.2
2026-09-26 10:25:05,20260926,8,1,2-3-1,174.5
2026-09-26 10:25:05,20260926,8,1,2-3-4,205.6
2026-09-26 10:25:05,20260926,8,1,2-3-5,303.0
2026-09-26 10:25:05,20260926,8,1,2-3-6,500.7
2026-09-26 10:25:05,20260926,8,1,2-4-1,319.9
2026-09-26 10:25:05,20260926,8,1,2-4-3,548.4
2026-09-26 10:25:05,20260926,8,1,2-4-5,359.9
2026-09-26 10:25:05,20260926,8,1,2-4-6,397.1
2026-09-26 10:25:05,20260926,8,1,2-5-1,261.7
2026-09-26 10:25:05,20260926,8,1,2-5-3,397.1
2026-09-26 10:25:05,20260926,8,1,2-5-4,349.0
2026-09-26 10:25:05,20260926,8,1,2-5-6,371.5
2026-09-26 10:25:05,20260926,8,1,2-6-1,523.5
2026-09-26 10:25:05,20260926,8,1,2-6-3,822.6
2026-09-26 10:25:05,20260926,8,1,2-6-4,426.5
2026-09-26 10:25:05,20260926,8,1,2-6-5,460.7
2026-09-26 10:25:05,20260926,8,1,3-1-2,59.0
2026-09-26 10:25:05,20260926,8,1,3-1-4,55.6
2026-09-26 10:25:05,20260926,8,1,3-1-5,76.7
2026-09-26 10:25:05,20260926,8,1,3-1-6,59.9
2026-09-26 10:25:05,20260926,8,1,3-2-1,185.7
2026-09-26 10:25:05,20260926,8,1,3-2-4,179.9
2026-09-26 10:25:05,20260926,8,1,3-2-5,213.2
2026-09-26 10:25:05,20260926,8,1,3-2-6,383.9
2026-09-26 10:25:05,20260926,8,1,3-4-1,162.2
2026-09-26 10:25:05,20260926,8,1,3-4-2,179.9
2026-09-26 10:25:05,20260926,8,1,3-4-5,371.5
2026-09-26 10:25:05,20260926,8,1,3-4-6,295.3
2026-09-26 10:25:05,20260926,8,1,3-5-1,198.5
2026-09-26 10:25:05,20260926,8,1,3-5-2,217.3
2026-09-26 10:25:05,20260926,8,1,3-5-4,606.1
2026-09-26 10:25:05,20260926,8,1,3-5-6,460.7
2026-09-26 10:25:05,20260926,8,1,3-6-1,111.8
2026-09-26 10:25:05,20260926,8,1,3-6-2,202.0
2026-09-26 10:25:05,20260926,8,1,3-6-4,166.9
2026-09-26 10:25:05,20260926,8,1,3-6-5,575.8
2026-09-26 10:25:05,20260926,8,1,4-1-2,142.1
2026-09-26 10:25:05,20260926,8,1,4-1-3,117.5
2026-09-26 10:25:05,20260926,8,1,4-1-5,149.5
2026-09-26 10:25:05,20260926,8,1,4-1-6,112.9
2026-09-26 10:25:05,20260926,8,1,4-2-1,329.0
2026-09-26 10:25:05,20260926,8,1,4-2-3,639.8
2026-09-26 10:25:05,20260926,8,1,4-2-5,639.8
2026-09-26 10:25:05,20260926,8,1,4-2-6,371.5
2026-09-26 10:25:05,20260926,8,1,4-3-1,171.9
2026-09-26 10:25:05,20260926,8,1,4-3-2,548.4
2026-09-26 10:25:05,20260926,8,1,4-3-5,523.5
2026-09-26 10:25:05,20260926,8,1,4-3-6,198.5
2026-09-26 10:25:05,20260926,8,1,4-5-1,338.7
2026-09-26 10:25:05,20260926,8,1,4-5-2,575.8
2026-09-26 10:25:05,20260926,8,1,4-5-3,606.1
2026-09-26 10:25:05,20260926,8,1,4-5-6,575.8
2026-09-26 10:25:05,20260926,8,1,4-6-1,221.4
2026-09-26 10:25:05,20260926,8,1,4-6-2,303.0
2026-09-26 10:25:05,20260926,8,1,4-6-3,221.4
2026-09-26 10:25:05,20260926,8,1,4-6-5,719.8
2026-09-26 10:25:05,20260926,8,1,5-1-2,157.7
2026-09-26 10:25:05,20260926,8,1,5-1-3,125.1
2026-09-26 10:25:05,20260926,8,1,5-1-4,209.4
2026-09-26 10:25:05,20260926,8,1,5-1-6,155.6
2026-09-26 10:25:05,20260926,8,1,5-2-1,349.0
2026-09-26 10:25:05,20260926,8,1,5-2-3,338.7
2026-09-26 10:25:05,20260926,8,1,5-2-4,479.9
2026-09-26 10:25:05,20260926,8,1,5-2-6,349.0
2026-09-26 10:25:05,20260926,8,1,5-3-1,185.7
2026-09-26 10:25:05,20260926,8,1,5-3-2,397.1
2026-09-26 10:25:05,20260926,8,1,5-3-4,767.8
2026-09-26 10:25:05,20260926,8,1,5-3-6,767.8
2026-09-26 10:25:05,20260926,8,1,5-4-1,523.5
2026-09-26 10:25:05,20260926,8,1,5-4-2,677.5
2026-09-26 10:25:05,20260926,8,1,5-4-3,885.9
2026-09-26 10:25:05,20260926,8,1,5-4-6,719.8
2026-09-26 10:25:05,20260926,8,1,5-6-1,225.8
2026-09-26 10:25:05,20260926,8,1,5-6-2,295.3
2026-09-26 10:25:05,20260926,8,1,5-6-3,548.4
2026-09-26 10:25:05,20260926,8,1,5-6-4,523.5
2026-09-26 10:25:05,20260926,8,1,6-1-2,100.1
2026-09-26 10:25:05,20260926,8,1,6-1-3,62.9
2026-09-26 10:25:05,20260926,8,1,6-1-4,118.7
2026-09-26 10:25:05,20260926,8,1,6-1-5,92.8
2026-09-26 10:25:05,20260926,8,1,6-2-1,319.9
2026-09-26 10:25:05,20260926,8,1,6-2-3,349.0
2026-09-26 10:25:05,20260926,8,1,6-2-4,426.5
2026-09-26 10:25:05,20260926,8,1,6-2-5,397.1
2026-09-26 10:25:05,20260926,8,1,6-3-1,169.3
2026-09-26 10:25:05,20260926,8,1,6-3-2,426.5
2026-09-26 10:25:05,20260926,8,1,6-3-4,311.2
2026-09-26 10:25:05,20260926,8,1,6-3-5,287.9
2026-09-26 10:25:05,20260926,8,1,6-4-1,338.7
2026-09-26 10:25:05,20260926,8,1,6-4-2,280.9
2026-09-26 10:25:05,20260926,8,1,6-4-3,274.2
2026-09-26 10:25:05,20260926,8,1,6-4-5,677.5
2026-09-26 10:25:05,20260926,8,1,6-5-1,157.7
2026-09-26 10:25:05,20260926,8,1,6-5-2,479.9
2026-09-26 10:25:05,20260926,8,1,6-5-3,280.9
2026-09-26 10:25:05,20260926,8,1,6-5-4,460.7
2026-09-26 10:25:17,20260926,13,1,1-2-3,12.6
2026-09-26 10:25:17,20260926,13,1,1-2-4,47.1
2026-09-26 10:25:17,20260926,13,1,1-2-5,97.5
2026-09-26 10:25:17,20260926,13,1,1-2-6,83.8
2026-09-26 10:25:17,20260926,13,1,1-3-2,11.0
2026-09-26 10:25:17,20260926,13,1,1-3-4,18.0
2026-09-26 10:25:17,20260926,13,1,1-3-5,50.0
2026-09-26 10:25:17,20260926,13,1,1-3-6,40.1
2026-09-26 10:25:17,20260926,13,1,1-4-2,77.9
2026-09-26 10:25:17,20260926,13,1,1-4-3,55.5
2026-09-26 10:25:17,20260926,13,1,1-4-5,227.9
2026-09-26 10:25:17,20260926,13,1,1-4-6,121.1
2026-09-26 10:25:17,20260926,13,1,1-5-2,196.2
2026-09-26 10:25:17,20260926,13,1,1-5-3,134.8
2026-09-26 10:25:17,20260926,13,1,1-5-4,352.3
2026-09-26 10:25:17,20260926,13,1,1-5-6,419.0
2026-09-26 10:25:17,20260926,13,1,1-6-2,107.6
2026-09-26 10:25:17,20260926,13,1,1-6-3,106.1
2026-09-26 10:25:17,20260926,13,1,1-6-4,131.3
2026-09-26 10:25:17,20260926,13,1,1-6-5,352.3
2026-09-26 10:25:17,20260926,13,1,2-1-3,25.7
2026-09-26 10:25:17,20260926,13,1,2-1-4,74.5
2026-09-26 10:25:17,20260926,13,1,2-1-5,153.4
2026-09-26 10:25:17,20260926,13,1,2-1-6,128.1
2026-09-26 10:25:17,20260926,13,1,2-3-1,25.3
2026-09-26 10:25:17,20260926,13,1,2-3-4,43.1
2026-09-26 10:25:17,20260926,13,1,2-3-5,106.1
2026-09-26 10:25:17,20260926,13,1,2-3-6,68.2
2026-09-26 10:25:17,20260926,13,1,2-4-1,172.2
2026-09-26 10:25:17,20260926,13,1,2-4-3,100.0
2026-09-26 10:25:17,20260926,13,1,2-4-5,378.1
2026-09-26 10:25:17,20260926,13,1,2-4-6,238.5
2026-09-26 10:25:17,20260926,13,1,2-5-1,234.8
2026-09-26 10:25:17,20260926,13,1,2-5-3,221.4
2026-09-26 10:25:17,20260926,13,1,2-5-4,455.9
2026-09-26 10:25:17,20260926,13,1,2-5-6,596.2
2026-09-26 10:25:17,20260926,13,1,2-6-1,186.7
2026-09-26 10:25:17,20260926,13,1,2-6-3,146.2
2026-09-26 10:25:17,20260926,13,1,2-6-4,303.9
2026-09-26 10:25:17,20260926,13,1,2-6-5,738.2
2026-09-26 10:25:17,20260926,13,1,3-1-2,11.2
2026-09-26 10:25:17,20260926,13,1,3-1-4,15.9
2026-09-26 10:25:17,20260926,13,1,3-1-5,39.4
2026-09-26 10:25:17,20260926,13,1,3-1-6,30.6
2026-09-26 10:25:17,20260926,13,1,3-2-1,15.2
2026-09-26 10:25:17,20260926,13,1,3-2-4,27.8
2026-09-26 10:25:17,20260926,13,1,3-2-5,69.8
2026-09-26 10:25:17,20260926,13,1,3-2-6,35.6
2026-09-26 10:25:17,20260926,13,1,3-4-1,25.7
2026-09-26 10:25:17,20260926,13,1,3-4-2,30.8
2026-09-26 10:25:17,20260926,13,1,3-4-5,104.7
2026-09-26 10:25:17,20260926,13,1,3-4-6,35.5
2026-09-26 10:25:17,20260926,13,1,3-5-1,118.3
2026-09-26 10:25:17,20260926,13,1,3-5-2,133.6
2026-09-26 10:25:17,20260926,13,1,3-5-4,133.6
2026-09-26 10:25:17,20260926,13,1,3-5-6,126.0
2026-09-26 10:25:17,20260926,13,1,3-6-1,66.5
2026-09-26 10:25:17,20260926,13,1,3-6-2,65.6
2026-09-26 10:25:17,20260926,13,1,3-6-4,68.5
2026-09-26 10:25:17,20260926,13,1,3-6-5,186.7
2026-09-26 10:25:17,20260926,13,1,4-1-2,144.8
2026-09-26 10:25:17,20260926,13,1,4-1-3,124.0
2026-09-26 10:25:17,20260926,13,1,4-1-5,455.9
2026-09-26 10:25:17,20260926,13,1,4-1-6,254.1
2026-09-26 10:25:17,20260926,13,1,4-2-1,250.0
2026-09-26 10:25:17,20260926,13,1,4-2-3,144.8
2026-09-26 10:25:17,20260926,13,1,4-2-5,397.5
2026-09-26 10:25:17,20260926,13,1,4-2-6,329.8
2026-09-26 10:25:17,20260926,13,1,4-3-1,97.5
2026-09-26 10:25:17,20260926,13,1,4-3-2,92.2
2026-09-26 10:25:17,20260926,13,1,4-3-5,267.2
2026-09-26 10:25:17,20260926,13,1,4-3-6,109.9
2026-09-26 10:25:17,20260926,13,1,4-5-1,337.0
2026-09-26 10:25:17,20260926,13,1,4-5-2,430.6
2026-09-26 10:25:17,20260926,13,1,4-5-3,242.2
2026-09-26 10:25:17,20260926,13,1,4-5-6,292.5
2026-09-26 10:25:17,20260926,13,1,4-6-1,360.5
2026-09-26 10:25:17,20260926,13,1,4-6-2,276.8
2026-09-26 10:25:17,20260926,13,1,4-6-3,221.4
2026-09-26 10:25:17,20260926,13,1,4-6-5,455.9
2026-09-26 10:25:17,20260926,13,1,5-1-2,369.1
2026-09-26 10:25:17,20260926,13,1,5-1-3,201.3
2026-09-26 10:25:17,20260926,13,1,5-1-4,645.9
2026-09-26 10:25:17,20260926,13,1,5-1-6,455.9
2026-09-26 10:25:17,20260926,13,1,5-2-1,484.4
2026-09-26 10:25:17,20260926,13,1,5-2-3,298.1
2026-09-26 10:25:17,20260926,13,1,5-2-4,455.9
2026-09-26 10:25:17,20260926,13,1,5-2-6,911.9
2026-09-26 10:25:17,20260926,13,1,5-3-1,271.9
2026-09-26 10:25:17,20260926,13,1,5-3-2,310.0
2026-09-26 10:25:17,20260926,13,1,5-3-4,407.9
2026-09-26 10:25:17,20260926,13,1,5-3-6,534.5
2026-09-26 10:25:17,20260926,13,1,5-4-1,1291.0
2026-09-26 10:25:17,20260926,13,1,5-4-2,1107.0
2026-09-26 10:25:17,20260926,13,1,5-4-3,738.2
2026-09-26 10:25:17,20260926,13,1,5-4-6,1033.0
2026-09-26 10:25:17,20260926,13,1,5-6-1,861.2
2026-09-26 10:25:17,20260926,13,1,5-6-2,1291.0
2026-09-26 10:25:17,20260926,13,1,5-6-3,1033.0
2026-09-26 10:25:17,20260926,13,1,5-6-4,1291.0
2026-09-26 10:25:17,20260926,13,1,6-1-2,215.3
2026-09-26 10:25:17,20260926,13,1,6-1-3,254.1
2026-09-26 10:25:17,20260926,13,1,6-1-4,516.7
2026-09-26 10:25:17,20260926,13,1,6-1-5,1291.0
2026-09-26 10:25:17,20260926,13,1,6-2-1,262.7
2026-09-26 10:25:17,20260926,13,1,6-2-3,168.5
2026-09-26 10:25:17,20260926,13,1,6-2-4,455.9
2026-09-26 10:25:17,20260926,13,1,6-2-5,1409.0
2026-09-26 10:25:17,20260926,13,1,6-3-1,316.3
2026-09-26 10:25:17,20260926,13,1,6-3-2,224.6
2026-09-26 10:25:17,20260926,13,1,6-3-4,387.5
2026-09-26 10:25:17,20260926,13,1,6-3-5,815.9
2026-09-26 10:25:17,20260926,13,1,6-4-1,861.2
2026-09-26 10:25:17,20260926,13,1,6-4-2,861.2
2026-09-26 10:25:17,20260926,13,1,6-4-3,674.0
2026-09-26 10:25:17,20260926,13,1,6-4-5,1550.0
2026-09-26 10:25:17,20260926,13,1,6-5-1,911.9
2026-09-26 10:25:17,20260926,13,1,6-5-2,1722.0
2026-09-26 10:25:17,20260926,13,1,6-5-3,596.2
2026-09-26 10:25:17,20260926,13,1,6-5-4,968.9
2026-09-26 10:26:43,20260926,9,1,1-2-3,4.7
2026-09-26 10:26:43,20260926,9,1,1-2-4,7.9
2026-09-26 10:26:43,20260926,9,1,1-2-5,64.2
2026-09-26 10:26:43,20260926,9,1,1-2-6,13.9
2026-09-26 10:26:43,20260926,9,1,1-3-2,12.8
2026-09-26 10:26:43,20260926,9,1,1-3-4,13.6
2026-09-26 10:26:43,20260926,9,1,1-3-5,96.6
2026-09-26 10:26:43,20260926,9,1,1-3-6,26.6
2026-09-26 10:26:43,20260926,9,1,1-4-2,13.8
2026-09-26 10:26:43,20260926,9,1,1-4-3,17.3
2026-09-26 10:26:43,20260926,9,1,1-4-5,125.6
2026-09-26 10:26:43,20260926,9,1,1-4-6,10.2
2026-09-26 10:26:43,20260926,9,1,1-5-2,176.7
2026-09-26 10:26:43,20260926,9,1,1-5-3,251.3
2026-09-26 10:26:43,20260926,9,1,1-5-4,188.5
2026-09-26 10:26:43,20260926,9,1,1-5-6,185.4
2026-09-26 10:26:43,20260926,9,1,1-6-2,25.2
2026-09-26 10:26:43,20260926,9,1,1-6-3,32.5
2026-09-26 10:26:43,20260926,9,1,1-6-4,18.8
2026-09-26 10:26:43,20260926,9,1,1-6-5,125.6
2026-09-26 10:26:43,20260926,9,1,2-1-3,79.1
2026-09-26 10:26:43,20260926,9,1,2-1-4,74.9
2026-09-26 10:26:43,20260926,9,1,2-1-5,452.4
2026-09-26 10:26:43,20260926,9,1,2-1-6,161.5
2026-09-26 10:26:43,20260926,9,1,2-3-1,201.9
2026-09-26 10:26:43,20260926,9,1,2-3-4,269.3
2026-09-26 10:26:43,20260926,9,1,2-3-5,538.6
2026-09-26 10:26:43,20260926,9,1,2-3-6,377.0
2026-09-26 10:26:43,20260926,9,1,2-4-1,245.9
2026-09-26 10:26:43,20260926,9,1,2-4-3,452.4
2026-09-26 10:26:43,20260926,9,1,2-4-5,1028.0
2026-09-26 10:26:43,20260926,9,1,2-4-6,209.4
2026-09-26 10:26:43,20260926,9,1,2-5-1,538.6
2026-09-26 10:26:43,20260926,9,1,2-5-3,595.3
2026-09-26 10:26:43,20260926,9,1,2-5-4,1413.0
2026-09-26 10:26:43,20260926,9,1,2-5-6,754.1
2026-09-26 10:26:43,20260926,9,1,2-6-1,275.8
2026-09-26 10:26:43,20260926,9,1,2-6-3,418.9
2026-09-26 10:26:43,20260926,9,1,2-6-4,353.4
2026-09-26 10:26:43,20260926,9,1,2-6-5,942.6
2026-09-26 10:26:43,20260926,9,1,3-1-2,85.0
2026-09-26 10:26:43,20260926,9,1,3-1-4,108.7
2026-09-26 10:26:43,20260926,9,1,3-1-5,263.0
2026-09-26 10:26:43,20260926,9,1,3-1-6,131.5
2026-09-26 10:26:43,20260926,9,1,3-2-1,188.5
2026-09-26 10:26:43,20260926,9,1,3-2-4,257.0
2026-09-26 10:26:43,20260926,9,1,3-2-5,471.3
2026-09-26 10:26:43,20260926,9,1,3-2-6,595.3
2026-09-26 10:26:43,20260926,9,1,3-4-1,245.9
2026-09-26 10:26:43,20260926,9,1,3-4-2,226.2
2026-09-26 10:26:43,20260926,9,1,3-4-5,1028.0
2026-09-26 10:26:43,20260926,9,1,3-4-6,245.9
2026-09-26 10:26:43,20260926,9,1,3-5-1,595.3
2026-09-26 10:26:43,20260926,9,1,3-5-2,665.3
2026-09-26 10:26:43,20260926,9,1,3-5-4,1028.0
2026-09-26 10:26:43,20260926,9,1,3-5-6,807.9
2026-09-26 10:26:43,20260926,9,1,3-6-1,364.8
2026-09-26 10:26:43,20260926,9,1,3-6-2,290.0
2026-09-26 10:26:43,20260926,9,1,3-6-4,435.0
2026-09-26 10:26:43,20260926,9,1,3-6-5,1131.0
2026-09-26 10:26:43,20260926,9,1,4-1-2,78.0
2026-09-26 10:26:43,20260926,9,1,4-1-3,111.9
2026-09-26 10:26:43,20260926,9,1,4-1-5,390.0
2026-09-26 10:26:43,20260926,9,1,4-1-6,57.7
2026-09-26 10:26:43,20260926,9,1,4-2-1,182.4
2026-09-26 10:26:43,20260926,9,1,4-2-3,275.8
2026-09-26 10:26:43,20260926,9,1,4-2-5,942.6
2026-09-26 10:26:43,20260926,9,1,4-2-6,290.0
2026-09-26 10:26:43,20260926,9,1,4-3-1,245.9
2026-09-26 10:26:43,20260926,9,1,4-3-2,491.8
2026-09-26 10:26:43,20260926,9,1,4-3-5,1885.0
2026-09-26 10:26:43,20260926,9,1,4-3-6,491.8
2026-09-26 10:26:43,20260926,9,1,4-5-1,595.3
2026-09-26 10:26:43,20260926,9,1,4-5-2,1413.0
2026-09-26 10:26:43,20260926,9,1,4-5-3,1028.0
2026-09-26 10:26:43,20260926,9,1,4-5-6,1028.0
2026-09-26 10:26:43,20260926,9,1,4-6-1,100.1
2026-09-26 10:26:43,20260926,9,1,4-6-2,166.3
2026-09-26 10:26:43,20260926,9,1,4-6-3,263.0
2026-09-26 10:26:43,20260926,9,1,4-6-5,1256.0
2026-09-26 10:26:43,20260926,9,1,5-1-2,595.3
2026-09-26 10:26:43,20260926,9,1,5-1-3,471.3
2026-09-26 10:26:43,20260926,9,1,5-1-4,595.3
2026-09-26 10:26:43,20260926,9,1,5-1-6,491.8
2026-09-26 10:26:43,20260926,9,1,5-2-1,565.5
2026-09-26 10:26:43,20260926,9,1,5-2-3,390.0
2026-09-26 10:26:43,20260926,9,1,5-2-4,514.1
2026-09-26 10:26:43,20260926,9,1,5-2-6,706.9
2026-09-26 10:26:43,20260926,9,1,5-3-1,807.9
2026-09-26 10:26:43,20260926,9,1,5-3-2,807.9
2026-09-26 10:26:43,20260926,9,1,5-3-4,1885.0
2026-09-26 10:26:43,20260926,9,1,5-3-6,2262.0
2026-09-26 10:26:43,20260926,9,1,5-4-1,665.3
2026-09-26 10:26:43,20260926,9,1,5-4-2,1028.0
2026-09-26 10:26:43,20260926,9,1,5-4-3,2262.0
2026-09-26 10:26:43,20260926,9,1,5-4-6,1885.0
2026-09-26 10:26:43,20260926,9,1,5-6-1,1131.0
2026-09-26 10:26:43,20260926,9,1,5-6-2,1413.0
2026-09-26 10:26:43,20260926,9,1,5-6-3,1885.0
2026-09-26 10:26:43,20260926,9,1,5-6-4,1615.0
2026-09-26 10:26:43,20260926,9,1,6-1-2,117.8
2026-09-26 10:26:43,20260926,9,1,6-1-3,179.5
2026-09-26 10:26:43,20260926,9,1,6-1-4,85.6
2026-09-26 10:26:43,20260926,9,1,6-1-5,754.1
2026-09-26 10:26:43,20260926,9,1,6-2-1,332.6
2026-09-26 10:26:43,20260926,9,1,6-2-3,491.8
2026-09-26 10:26:43,20260926,9,1,6-2-4,403.9
2026-09-26 10:26:43,20260926,9,1,6-2-5,628.4
2026-09-26 10:26:43,20260926,9,1,6-3-1,403.9
2026-09-26 10:26:43,20260926,9,1,6-3-2,942.6
2026-09-26 10:26:43,20260926,9,1,6-3-4,514.1
2026-09-26 10:26:43,20260926,9,1,6-3-5,1131.0
2026-09-26 10:26:43,20260926,9,1,6-4-1,124.3
2026-09-26 10:26:43,20260926,9,1,6-4-2,390.0
2026-09-26 10:26:43,20260926,9,1,6-4-3,595.3
2026-09-26 10:26:43,20260926,9,1,6-4-5,1413.0
2026-09-26 10:26:43,20260926,9,1,6-5-1,807.9
2026-09-26 10:26:43,20260926,9,1,6-5-2,706.9
2026-09-26 10:26:43,20260926,9,1,6-5-3,870.1
2026-09-26 10:26:43,20260926,9,1,6-5-4,1028.0
2026-09-26 10:35:24,20260926,2,1,1-2-3,21.4
2026-09-26 10:35:24,20260926,2,1,1-2-4,41.3
2026-09-26 10:35:24,20260926,2,1,1-2-5,47.1
2026-09-26 10:35:24,20260926,2,1,1-2-6,249.4
2026-09-26 10:35:24,20260926,2,1,1-3-2,45.1
2026-09-26 10:35:24,20260926,2,1,1-3-4,29.1
2026-09-26 10:35:24,20260926,2,1,1-3-5,34.8
2026-09-26 10:35:24,20260926,2,1,1-3-6,290.5
2026-09-26 10:35:24,20260926,2,1,1-4-2,48.6
2026-09-26 10:35:24,20260926,2,1,1-4-3,41.8
2026-09-26 10:35:24,20260926,2,1,1-4-5,34.0
2026-09-26 10:35:24,20260926,2,1,1-4-6,242.5
2026-09-26 10:35:24,20260926,2,1,1-5-2,69.3
2026-09-26 10:35:24,20260926,2,1,1-5-3,68.6
2026-09-26 10:35:24,20260926,2,1,1-5-4,62.2
2026-09-26 10:35:24,20260926,2,1,1-5-6,326.3
2026-09-26 10:35:24,20260926,2,1,1-6-2,518.3
2026-09-26 10:35:24,20260926,2,1,1-6-3,426.4
2026-09-26 10:35:24,20260926,2,1,1-6-4,480.6
2026-09-26 10:35:24,20260926,2,1,1-6-5,419.6
2026-09-26 10:35:24,20260926,2,1,2-1-3,57.9
2026-09-26 10:35:24,20260926,2,1,2-1-4,67.9
2026-09-26 10:35:24,20260926,2,1,2-1-5,79.6
2026-09-26 10:35:24,20260926,2,1,2-1-6,347.8
2026-09-26 10:35:24,20260926,2,1,2-3-1,78.9
2026-09-26 10:35:24,20260926,2,1,2-3-4,56.6
2026-09-26 10:35:24,20260926,2,1,2-3-5,73.0
2026-09-26 10:35:24,20260926,2,1,2-3-6,394.6
2026-09-26 10:35:24,20260926,2,1,2-4-1,86.9
2026-09-26 10:35:24,20260926,2,1,2-4-3,60.7
2026-09-26 10:35:24,20260926,2,1,2-4-5,57.4
2026-09-26 10:35:24,20260926,2,1,2-4-6,426.4
2026-09-26 10:35:24,20260926,2,1,2-5-1,80.3
2026-09-26 10:35:24,20260926,2,1,2-5-3,72.6
2026-09-26 10:35:24,20260926,2,1,2-5-4,71.4
2026-09-26 10:35:24,20260926,2,1,2-5-6,352.5
2026-09-26 10:35:24,20260926,2,1,2-6-1,574.7
2026-09-26 10:35:24,20260926,2,1,2-6-3,614.8
2026-09-26 10:35:24,20260926,2,1,2-6-4,714.5
2026-09-26 10:35:24,20260926,2,1,2-6-5,695.7
2026-09-26 10:35:24,20260926,2,1,3-1-2,51.0
2026-09-26 10:35:24,20260926,2,1,3-1-4,41.0
2026-09-26 10:35:24,20260926,2,1,3-1-5,44.5
2026-09-26 10:35:24,20260926,2,1,3-1-6,269.7
2026-09-26 10:35:24,20260926,2,1,3-2-1,69.5
2026-09-26 10:35:24,20260926,2,1,3-2-4,45.5
2026-09-26 10:35:24,20260926,2,1,3-2-5,53.5
2026-09-26 10:35:24,20260926,2,1,3-2-6,293.7
2026-09-26 10:35:24,20260926,2,1,3-4-1,30.6
2026-09-26 10:35:24,20260926,2,1,3-4-2,34.8
2026-09-26 10:35:24,20260926,2,1,3-4-5,21.3
2026-09-26 10:35:24,20260926,2,1,3-4-6,159.2
2026-09-26 10:35:24,20260926,2,1,3-5-1,56.7
2026-09-26 10:35:24,20260926,2,1,3-5-2,48.8
2026-09-26 10:35:24,20260926,2,1,3-5-4,34.9
2026-09-26 10:35:24,20260926,2,1,3-5-6,247.0
2026-09-26 10:35:24,20260926,2,1,3-6-1,714.5
2026-09-26 10:35:24,20260926,2,1,3-6-2,587.5
2026-09-26 10:35:24,20260926,2,1,3-6-4,367.1
2026-09-26 10:35:24,20260926,2,1,3-6-5,539.5
2026-09-26 10:35:24,20260926,2,1,4-1-2,62.2
2026-09-26 10:35:24,20260926,2,1,4-1-3,58.4
2026-09-26 10:35:24,20260926,2,1,4-1-5,40.9
2026-09-26 10:35:24,20260926,2,1,4-1-6,322.4
2026-09-26 10:35:24,20260926,2,1,4-2-1,75.7
2026-09-26 10:35:24,20260926,2,1,4-2-3,52.3
2026-09-26 10:35:24,20260926,2,1,4-2-5,48.0
2026-09-26 10:35:24,20260926,2,1,4-2-6,300.4
2026-09-26 10:35:24,20260926,2,1,4-3-1,43.3
2026-09-26 10:35:24,20260926,2,1,4-3-2,47.2
2026-09-26 10:35:24,20260926,2,1,4-3-5,25.7
2026-09-26 10:35:24,20260926,2,1,4-3-6,231.9
2026-09-26 10:35:24,20260926,2,1,4-5-1,37.3
2026-09-26 10:35:24,20260926,2,1,4-5-2,36.5
2026-09-26 10:35:24,20260926,2,1,4-5-3,31.1
2026-09-26 10:35:24,20260926,2,1,4-5-6,120.7
2026-09-26 10:35:24,20260926,2,1,4-6-1,498.8
2026-09-26 10:35:24,20260926,2,1,4-6-2,433.4
2026-09-26 10:35:24,20260926,2,1,4-6-3,433.4
2026-09-26 10:35:24,20260926,2,1,4-6-5,352.5
2026-09-26 10:35:24,20260926,2,1,5-1-2,101.2
2026-09-26 10:35:24,20260926,2,1,5-1-3,96.8
2026-09-26 10:35:24,20260926,2,1,5-1-4,93.7
2026-09-26 10:35:24,20260926,2,1,5-1-6,278.2
2026-09-26 10:35:24,20260926,2,1,5-2-1,130.2
2026-09-26 10:35:24,20260926,2,1,5-2-3,89.0
2026-09-26 10:35:24,20260926,2,1,5-2-4,87.8
2026-09-26 10:35:24,20260926,2,1,5-2-6,303.8
2026-09-26 10:35:24,20260926,2,1,5-3-1,107.0
2026-09-26 10:35:24,20260926,2,1,5-3-2,100.1
2026-09-26 10:35:24,20260926,2,1,5-3-4,64.4
2026-09-26 10:35:24,20260926,2,1,5-3-6,367.1
2026-09-26 10:35:24,20260926,2,1,5-4-1,74.4
2026-09-26 10:35:24,20260926,2,1,5-4-2,69.7
2026-09-26 10:35:24,20260926,2,1,5-4-3,56.3
2026-09-26 10:35:24,20260926,2,1,5-4-6,200.2
2026-09-26 10:35:24,20260926,2,1,5-6-1,218.4
2026-09-26 10:35:24,20260926,2,1,5-6-2,480.6
2026-09-26 10:35:24,20260926,2,1,5-6-3,644.8
2026-09-26 10:35:24,20260926,2,1,5-6-4,413.0
2026-09-26 10:35:24,20260926,2,1,6-1-2,426.4
2026-09-26 10:35:24,20260926,2,1,6-1-3,644.8
2026-09-26 10:35:24,20260926,2,1,6-1-4,1149.0
2026-09-26 10:35:24,20260926,2,1,6-1-5,1101.0
2026-09-26 10:35:24,20260926,2,1,6-2-1,600.8
2026-09-26 10:35:24,20260926,2,1,6-2-3,801.1
2026-09-26 10:35:24,20260926,2,1,6-2-4,695.7
2026-09-26 10:35:24,20260926,2,1,6-2-5,944.2
2026-09-26 10:35:24,20260926,2,1,6-3-1,574.7
2026-09-26 10:35:24,20260926,2,1,6-3-2,944.2
2026-09-26 10:35:24,20260926,2,1,6-3-4,677.9
2026-09-26 10:35:24,20260926,2,1,6-3-5,1258.0
2026-09-26 10:35:24,20260926,2,1,6-4-1,979.1
2026-09-26 10:35:24,20260926,2,1,6-4-2,734.3
2026-09-26 10:35:24,20260926,2,1,6-4-3,695.7
2026-09-26 10:35:24,20260926,2,1,6-4-5,777.5
2026-09-26 10:35:24,20260926,2,1,6-5-1,508.4
2026-09-26 10:35:24,20260926,2,1,6-5-2,1101.0
2026-09-26 10:35:24,20260926,2,1,6-5-3,1057.0
2026-09-26 10:35:24,20260926,2,1,6-5-4,644.8
2026-09-26 10:35:32,20260926,18,6,1-2-3,19.1
2026-09-26 10:35:32,20260926,18,6,1-2-4,14.8
2026-09-26 10:35:32,20260926,18,6,1-2-5,70.2
2026-09-26 10:35:32,20260926,18,6,1-2-6,52.6
2026-09-26 10:35:32,20260926,18,6,1-3-2,14.3
2026-09-26 10:35:32,20260926,18,6,1-3-4,8.4
2026-09-26 10:35:32,20260926,18,6,1-3-5,59.5
2026-09-26 10:35:32,20260926,18,6,1-3-6,40.6
2026-09-26 10:35:32,20260926,18,6,1-4-2,8.4
2026-09-26 10:35:32,20260926,18,6,1-4-3,6.9
2026-09-26 10:35:32,20260926,18,6,1-4-5,34.8
2026-09-26 10:35:32,20260926,18,6,1-4-6,11.4
2026-09-26 10:35:32,20260926,18,6,1-5-2,87.7
2026-09-26 10:35:32,20260926,18,6,1-5-3,108.5
2026-09-26 10:35:32,20260926,18,6,1-5-4,101.2
2026-09-26 10:35:32,20260926,18,6,1-5-6,172.8
2026-09-26 10:35:32,20260926,18,6,1-6-2,86.0
2026-09-26 10:35:32,20260926,18,6,1-6-3,53.8
2026-09-26 10:35:32,20260926,18,6,1-6-4,43.0
2026-09-26 10:35:32,20260926,18,6,1-6-5,218.1
2026-09-26 10:35:32,20260926,18,6,2-1-3,110.6
2026-09-26 10:35:32,20260926,18,6,2-1-4,84.1
2026-09-26 10:35:32,20260926,18,6,2-1-5,316.4
2026-09-26 10:35:32,20260926,18,6,2-1-6,188.8
2026-09-26 10:35:32,20260926,18,6,2-3-1,273.9
2026-09-26 10:35:32,20260926,18,6,2-3-4,224.6
2026-09-26 10:35:32,20260926,18,6,2-3-5,380.8
2026-09-26 10:35:32,20260926,18,6,2-3-6,641.9
2026-09-26 10:35:32,20260926,18,6,2-4-1,145.8
2026-09-26 10:35:32,20260926,18,6,2-4-3,184.1
2026-09-26 10:35:32,20260926,18,6,2-4-5,449.3
2026-09-26 10:35:32,20260926,18,6,2-4-6,197.0
2026-09-26 10:35:32,20260926,18,6,2-5-1,864.1
2026-09-26 10:35:32,20260926,18,6,2-5-3,607.2
2026-09-26 10:35:32,20260926,18,6,2-5-4,702.1
2026-09-26 10:35:32,20260926,18,6,2-5-6,561.6
2026-09-26 10:35:32,20260926,18,6,2-6-1,591.2
2026-09-26 10:35:32,20260926,18,6,2-6-3,702.1
2026-09-26 10:35:32,20260926,18,6,2-6-4,380.8
2026-09-26 10:35:32,20260926,18,6,2-6-5,1248.0
2026-09-26 10:35:32,20260926,18,6,3-1-2,129.8
2026-09-26 10:35:32,20260926,18,6,3-1-4,55.4
2026-09-26 10:35:32,20260926,18,6,3-1-5,187.2
2026-09-26 10:35:32,20260926,18,6,3-1-6,197.0
2026-09-26 10:35:32,20260926,18,6,3-2-1,288.0
2026-09-26 10:35:32,20260926,18,6,3-2-4,246.8
2026-09-26 10:35:32,20260926,18,6,3-2-5,362.3
2026-09-26 10:35:32,20260926,18,6,3-2-6,478.0
2026-09-26 10:35:32,20260926,18,6,3-4-1,92.0
2026-09-26 10:35:32,20260926,18,6,3-4-2,211.9
2026-09-26 10:35:32,20260926,18,6,3-4-5,547.9
2026-09-26 10:35:32,20260926,18,6,3-4-6,190.4
2026-09-26 10:35:32,20260926,18,6,3-5-1,316.4
2026-09-26 10:35:32,20260926,18,6,3-5-2,488.4
2026-09-26 10:35:32,20260926,18,6,3-5-4,702.1
2026-09-26 10:35:32,20260926,18,6,3-5-6,1069.0
2026-09-26 10:35:32,20260926,18,6,3-6-1,510.6
2026-09-26 10:35:32,20260926,18,6,3-6-2,432.0
2026-09-26 10:35:32,20260926,18,6,3-6-4,534.9
2026-09-26 10:35:32,20260926,18,6,3-6-5,1728.0
2026-09-26 10:35:32,20260926,18,6,4-1-2,23.5
2026-09-26 10:35:32,20260926,18,6,4-1-3,18.8
2026-09-26 10:35:32,20260926,18,6,4-1-5,59.2
2026-09-26 10:35:32,20260926,18,6,4-1-6,26.9
2026-09-26 10:35:32,20260926,18,6,4-2-1,128.3
2026-09-26 10:35:32,20260926,18,6,4-2-3,146.8
2026-09-26 10:35:32,20260926,18,6,4-2-5,291.7
2026-09-26 10:35:32,20260926,18,6,4-2-6,151.8
2026-09-26 10:35:32,20260926,18,6,4-3-1,72.4
2026-09-26 10:35:32,20260926,18,6,4-3-2,234.0
2026-09-26 10:35:32,20260926,18,6,4-3-5,394.1
2026-09-26 10:35:32,20260926,18,6,4-3-6,159.3
2026-09-26 10:35:32,20260926,18,6,4-5-1,218.1
2026-09-26 10:35:32,20260926,18,6,4-5-2,291.7
2026-09-26 10:35:32,20260926,18,6,4-5-3,356.6
2026-09-26 10:35:32,20260926,18,6,4-5-6,288.0
2026-09-26 10:35:32,20260926,18,6,4-6-1,66.2
2026-09-26 10:35:32,20260926,18,6,4-6-2,156.0
2026-09-26 10:35:32,20260926,18,6,4-6-3,188.8
2026-09-26 10:35:32,20260926,18,6,4-6-5,261.2
2026-09-26 10:35:32,20260926,18,6,5-1-2,401.2
2026-09-26 10:35:32,20260926,18,6,5-1-3,273.9
2026-09-26 10:35:32,20260926,18,6,5-1-4,368.3
2026-09-26 10:35:32,20260926,18,6,5-1-6,510.6
2026-09-26 10:35:32,20260926,18,6,5-2-1,660.8
2026-09-26 10:35:32,20260926,18,6,5-2-3,607.2
2026-09-26 10:35:32,20260926,18,6,5-2-4,591.2
2026-09-26 10:35:32,20260926,18,6,5-2-6,1497.0
2026-09-26 10:35:32,20260926,18,6,5-3-1,368.3
2026-09-26 10:35:32,20260926,18,6,5-3-2,1123.0
2026-09-26 10:35:32,20260926,18,6,5-3-4,1182.0
2026-09-26 10:35:32,20260926,18,6,5-3-6,1497.0
2026-09-26 10:35:32,20260926,18,6,5-4-1,458.5
2026-09-26 10:35:32,20260926,18,6,5-4-2,832.1
2026-09-26 10:35:32,20260926,18,6,5-4-3,748.9
2026-09-26 10:35:32,20260926,18,6,5-4-6,607.2
2026-09-26 10:35:32,20260926,18,6,5-6-1,1123.0
2026-09-26 10:35:32,20260926,18,6,5-6-2,1872.0
2026-09-26 10:35:32,20260926,18,6,5-6-3,2042.0
2026-09-26 10:35:32,20260926,18,6,5-6-4,748.9
2026-09-26 10:35:32,20260926,18,6,6-1-2,356.6
2026-09-26 10:35:32,20260926,18,6,6-1-3,478.0
2026-09-26 10:35:32,20260926,18,6,6-1-4,143.1
2026-09-26 10:35:32,20260926,18,6,6-1-5,702.1
2026-09-26 10:35:32,20260926,18,6,6-2-1,561.6
2026-09-26 10:35:32,20260926,18,6,6-2-3,864.1
2026-09-26 10:35:32,20260926,18,6,6-2-4,380.8
2026-09-26 10:35:32,20260926,18,6,6-2-5,1182.0
2026-09-26 10:35:32,20260926,18,6,6-3-1,976.8
2026-09-26 10:35:32,20260926,18,6,6-3-2,1604.0
2026-09-26 10:35:32,20260926,18,6,6-3-4,394.1
2026-09-26 10:35:32,20260926,18,6,6-3-5,1872.0
2026-09-26 10:35:32,20260926,18,6,6-4-1,159.3
2026-09-26 10:35:32,20260926,18,6,6-4-2,273.9
2026-09-26 10:35:32,20260926,18,6,6-4-3,401.2
2026-09-26 10:35:32,20260926,18,6,6-4-5,387.3
2026-09-26 10:35:32,20260926,18,6,6-5-1,1069.0
2026-09-26 10:35:32,20260926,18,6,6-5-2,1182.0
2026-09-26 10:35:32,20260926,18,6,6-5-3,1321.0
2026-09-26 10:35:32,20260926,18,6,6-5-4,534.9
2026-09-26 10:47:03,20260926,11,2,1-2-3,42.0
2026-09-26 10:47:03,20260926,11,2,1-2-4,43.9
2026-09-26 10:47:03,20260926,11,2,1-2-5,16.8
2026-09-26 10:47:03,20260926,11,2,1-2-6,46.0
2026-09-26 10:47:03,20260926,11,2,1-3-2,38.7
2026-09-26 10:47:03,20260926,11,2,1-3-4,53.9
2026-09-26 10:47:03,20260926,11,2,1-3-5,12.3
2026-09-26 10:47:03,20260926,11,2,1-3-6,40.6
2026-09-26 10:47:03,20260926,11,2,1-4-2,65.7
2026-09-26 10:47:03,20260926,11,2,1-4-3,95.0
2026-09-26 10:47:03,20260926,11,2,1-4-5,57.4
2026-09-26 10:47:03,20260926,11,2,1-4-6,118.8
2026-09-26 10:47:03,20260926,11,2,1-5-2,11.9
2026-09-26 10:47:03,20260926,11,2,1-5-3,9.8
2026-09-26 10:47:03,20260926,11,2,1-5-4,31.4
2026-09-26 10:47:03,20260926,11,2,1-5-6,10.8
2026-09-26 10:47:03,20260926,11,2,1-6-2,64.9
2026-09-26 10:47:03,20260926,11,2,1-6-3,60.3
2026-09-26 10:47:03,20260926,11,2,1-6-4,118.8
2026-09-26 10:47:03,20260926,11,2,1-6-5,27.0
2026-09-26 10:47:03,20260926,11,2,2-1-3,70.2
2026-09-26 10:47:03,20260926,11,2,2-1-4,72.3
2026-09-26 10:47:03,20260926,11,2,2-1-5,46.3
2026-09-26 10:47:03,20260926,11,2,2-1-6,118.8
2026-09-26 10:47:03,20260926,11,2,2-3-1,130.6
2026-09-26 10:47:03,20260926,11,2,2-3-4,266.0
2026-09-26 10:47:03,20260926,11,2,2-3-5,129.1
2026-09-26 10:47:03,20260926,11,2,2-3-6,343.8
2026-09-26 10:47:03,20260926,11,2,2-4-1,143.2
2026-09-26 10:47:03,20260926,11,2,2-4-3,519.7
2026-09-26 10:47:03,20260926,11,2,2-4-5,475.4
2026-09-26 10:47:03,20260926,11,2,2-4-6,354.7
2026-09-26 10:47:03,20260926,11,2,2-5-1,74.2
2026-09-26 10:47:03,20260926,11,2,2-5-3,110.6
2026-09-26 10:47:03,20260926,11,2,2-5-4,366.3
2026-09-26 10:47:03,20260926,11,2,2-5-6,122.7
2026-09-26 10:47:03,20260926,11,2,2-6-1,266.0
2026-09-26 10:47:03,20260926,11,2,2-6-3,343.8
2026-09-26 10:47:03,20260926,11,2,2-6-4,429.7
2026-09-26 10:47:03,20260926,11,2,2-6-5,253.9
2026-09-26 10:47:03,20260926,11,2,3-1-2,129.9
2026-09-26 10:47:03,20260926,11,2,3-1-4,128.4
2026-09-26 10:47:03,20260926,11,2,3-1-5,46.4
2026-09-26 10:47:03,20260926,11,2,3-1-6,107.4
2026-09-26 10:47:03,20260926,11,2,3-2-1,225.7
2026-09-26 10:47:03,20260926,11,2,3-2-4,294.0
2026-09-26 10:47:03,20260926,11,2,3-2-5,212.8
2026-09-26 10:47:03,20260926,11,2,3-2-6,328.6
2026-09-26 10:47:03,20260926,11,2,3-4-1,338.6
2026-09-26 10:47:03,20260926,11,2,3-4-2,413.8
2026-09-26 10:47:03,20260926,11,2,3-4-5,338.6
2026-09-26 10:47:03,20260926,11,2,3-4-6,475.4
2026-09-26 10:47:03,20260926,11,2,3-5-1,68.5
2026-09-26 10:47:03,20260926,11,2,3-5-2,159.6
2026-09-26 10:47:03,20260926,11,2,3-5-4,245.5
2026-09-26 10:47:03,20260926,11,2,3-5-6,106.9
2026-09-26 10:47:03,20260926,11,2,3-6-1,186.2
2026-09-26 10:47:03,20260926,11,2,3-6-2,558.6
2026-09-26 10:47:03,20260926,11,2,3-6-4,798.1
2026-09-26 10:47:03,20260926,11,2,3-6-5,189.3
2026-09-26 10:47:03,20260926,11,2,4-1-2,475.4
2026-09-26 10:47:03,20260926,11,2,4-1-3,237.7
2026-09-26 10:47:03,20260926,11,2,4-1-5,232.7
2026-09-26 10:47:03,20260926,11,2,4-1-6,290.2
2026-09-26 10:47:03,20260926,11,2,4-2-1,588.0
2026-09-26 10:47:03,20260926,11,2,4-2-3,446.9
2026-09-26 10:47:03,20260926,11,2,4-2-5,657.2
2026-09-26 10:47:03,20260926,11,2,4-2-6,465.5
2026-09-26 10:47:03,20260926,11,2,4-3-1,297.9
2026-09-26 10:47:03,20260926,11,2,4-3-2,744.9
2026-09-26 10:47:03,20260926,11,2,4-3-5,532.0
2026-09-26 10:47:03,20260926,11,2,4-3-6,446.9
2026-09-26 10:47:03,20260926,11,2,4-5-1,256.8
2026-09-26 10:47:03,20260926,11,2,4-5-2,744.9
2026-09-26 10:47:03,20260926,11,2,4-5-3,475.4
2026-09-26 10:47:03,20260926,11,2,4-5-6,286.5
2026-09-26 10:47:03,20260926,11,2,4-6-1,429.7
2026-09-26 10:47:03,20260926,11,2,4-6-2,657.2
2026-09-26 10:47:03,20260926,11,2,4-6-3,893.9
2026-09-26 10:47:03,20260926,11,2,4-6-5,573.0
2026-09-26 10:47:03,20260926,11,2,5-1-2,34.4
2026-09-26 10:47:03,20260926,11,2,5-1-3,30.9
2026-09-26 10:47:03,20260926,11,2,5-1-4,91.5
2026-09-26 10:47:03,20260926,11,2,5-1-6,17.5
2026-09-26 10:47:03,20260926,11,2,5-2-1,80.3
2026-09-26 10:47:03,20260926,11,2,5-2-3,199.5
2026-09-26 10:47:03,20260926,11,2,5-2-4,372.4
2026-09-26 10:47:03,20260926,11,2,5-2-6,115.7
2026-09-26 10:47:03,20260926,11,2,5-3-1,63.6
2026-09-26 10:47:03,20260926,11,2,5-3-2,230.3
2026-09-26 10:47:03,20260926,11,2,5-3-4,446.9
2026-09-26 10:47:03,20260926,11,2,5-3-6,103.4
2026-09-26 10:47:03,20260926,11,2,5-4-1,314.7
2026-09-26 10:47:03,20260926,11,2,5-4-2,406.3
2026-09-26 10:47:03,20260926,11,2,5-4-3,406.3
2026-09-26 10:47:03,20260926,11,2,5-4-6,275.8
2026-09-26 10:47:03,20260926,11,2,5-6-1,35.7
2026-09-26 10:47:03,20260926,11,2,5-6-2,114.0
2026-09-26 10:47:03,20260926,11,2,5-6-3,101.1
2026-09-26 10:47:03,20260926,11,2,5-6-4,272.5
2026-09-26 10:47:03,20260926,11,2,6-1-2,294.0
2026-09-26 10:47:03,20260926,11,2,6-1-3,343.8
2026-09-26 10:47:03,20260926,11,2,6-1-4,429.7
2026-09-26 10:47:03,20260926,11,2,6-1-5,112.8
2026-09-26 10:47:03,20260926,11,2,6-2-1,328.6
2026-09-26 10:47:03,20260926,11,2,6-2-3,638.5
2026-09-26 10:47:03,20260926,11,2,6-2-4,485.8
2026-09-26 10:47:03,20260926,11,2,6-2-5,465.5
2026-09-26 10:47:03,20260926,11,2,6-3-1,406.3
2026-09-26 10:47:03,20260926,11,2,6-3-2,931.1
2026-09-26 10:47:03,20260926,11,2,6-3-4,1064.0
2026-09-26 10:47:03,20260926,11,2,6-3-5,314.7
2026-09-26 10:47:03,20260926,11,2,6-4-1,827.6
2026-09-26 10:47:03,20260926,11,2,6-4-2,893.9
2026-09-26 10:47:03,20260926,11,2,6-4-3,1489.0
2026-09-26 10:47:03,20260926,11,2,6-4-5,545.0
2026-09-26 10:47:03,20260926,11,2,6-5-1,107.9
2026-09-26 10:47:03,20260926,11,2,6-5-2,360.4
2026-09-26 10:47:03,20260926,11,2,6-5-3,256.8
2026-09-26 10:47:03,20260926,11,2,6-5-4,421.6
2026-09-26 10:51:12,20260926,9,2,1-2-3,23.6
2026-09-26 10:51:12,20260926,9,2,1-2-4,29.5
2026-09-26 10:51:12,20260926,9,2,1-2-5,138.8
2026-09-26 10:51:12,20260926,9,2,1-2-6,50.7
2026-09-26 10:51:12,20260926,9,2,1-3-2,13.6
2026-09-26 10:51:12,20260926,9,2,1-3-4,16.5
2026-09-26 10:51:12,20260926,9,2,1-3-5,50.2
2026-09-26 10:51:12,20260926,9,2,1-3-6,21.9
2026-09-26 10:51:12,20260926,9,2,1-4-2,45.8
2026-09-26 10:51:12,20260926,9,2,1-4-3,40.2
2026-09-26 10:51:12,20260926,9,2,1-4-5,126.9
2026-09-26 10:51:12,20260926,9,2,1-4-6,55.2
2026-09-26 10:51:12,20260926,9,2,1-5-2,177.7
2026-09-26 10:51:12,20260926,9,2,1-5-3,97.6
2026-09-26 10:51:12,20260926,9,2,1-5-4,181.3
2026-09-26 10:51:12,20260926,9,2,1-5-6,150.6
2026-09-26 10:51:12,20260926,9,2,1-6-2,72.8
2026-09-26 10:51:12,20260926,9,2,1-6-3,67.8
2026-09-26 10:51:12,20260926,9,2,1-6-4,103.3
2026-09-26 10:51:12,20260926,9,2,1-6-5,403.9
2026-09-26 10:51:12,20260926,9,2,2-1-3,40.5
2026-09-26 10:51:12,20260926,9,2,2-1-4,54.1
2026-09-26 10:51:12,20260926,9,2,2-1-5,185.1
2026-09-26 10:51:12,20260926,9,2,2-1-6,84.6
2026-09-26 10:51:12,20260926,9,2,2-3-1,47.5
2026-09-26 10:51:12,20260926,9,2,2-3-4,42.9
2026-09-26 10:51:12,20260926,9,2,2-3-5,158.7
2026-09-26 10:51:12,20260926,9,2,2-3-6,55.5
2026-09-26 10:51:12,20260926,9,2,2-4-1,118.5
2026-09-26 10:51:12,20260926,9,2,2-4-3,75.9
2026-09-26 10:51:12,20260926,9,2,2-4-5,522.7
2026-09-26 10:51:12,20260926,9,2,2-4-6,81.5
2026-09-26 10:51:12,20260926,9,2,2-5-1,522.7
2026-09-26 10:51:12,20260926,9,2,2-5-3,216.7
2026-09-26 10:51:12,20260926,9,2,2-5-4,683.6
2026-09-26 10:51:12,20260926,9,2,2-5-6,493.7
2026-09-26 10:51:12,20260926,9,2,2-6-1,148.1
2026-09-26 10:51:12,20260926,9,2,2-6-3,100.9
2026-09-26 10:51:12,20260926,9,2,2-6-4,103.3
2026-09-26 10:51:12,20260926,9,2,2-6-5,592.5
2026-09-26 10:51:12,20260926,9,2,3-1-2,16.9
2026-09-26 10:51:12,20260926,9,2,3-1-4,23.0
2026-09-26 10:51:12,20260926,9,2,3-1-5,52.2
2026-09-26 10:51:12,20260926,9,2,3-1-6,29.5
2026-09-26 10:51:12,20260926,9,2,3-2-1,31.8
2026-09-26 10:51:12,20260926,9,2,3-2-4,31.0
2026-09-26 10:51:12,20260926,9,2,3-2-5,113.9
2026-09-26 10:51:12,20260926,9,2,3-2-6,37.1
2026-09-26 10:51:12,20260926,9,2,3-4-1,44.2
2026-09-26 10:51:12,20260926,9,2,3-4-2,46.0
2026-09-26 10:51:12,20260926,9,2,3-4-5,296.2
2026-09-26 10:51:12,20260926,9,2,3-4-6,33.7
2026-09-26 10:51:12,20260926,9,2,3-5-1,155.9
2026-09-26 10:51:12,20260926,9,2,3-5-2,134.6
2026-09-26 10:51:12,20260926,9,2,3-5-4,246.8
2026-09-26 10:51:12,20260926,9,2,3-5-6,253.9
2026-09-26 10:51:12,20260926,9,2,3-6-1,57.3
2026-09-26 10:51:12,20260926,9,2,3-6-2,44.2
2026-09-26 10:51:12,20260926,9,2,3-6-4,41.1
2026-09-26 10:51:12,20260926,9,2,3-6-5,253.9
2026-09-26 10:51:12,20260926,9,2,4-1-2,88.8
2026-09-26 10:51:12,20260926,9,2,4-1-3,109.7
2026-09-26 10:51:12,20260926,9,2,4-1-5,317.4
2026-09-26 10:51:12,20260926,9,2,4-1-6,132.6
2026-09-26 10:51:12,20260926,9,2,4-2-1,170.9
2026-09-26 10:51:12,20260926,9,2,4-2-3,88.8
2026-09-26 10:51:12,20260926,9,2,4-2-5,493.7
2026-09-26 10:51:12,20260926,9,2,4-2-6,128.8
2026-09-26 10:51:12,20260926,9,2,4-3-1,113.9
2026-09-26 10:51:12,20260926,9,2,4-3-2,107.0
2026-09-26 10:51:12,20260926,9,2,4-3-5,522.7
2026-09-26 10:51:12,20260926,9,2,4-3-6,80.0
2026-09-26 10:51:12,20260926,9,2,4-5-1,592.5
2026-09-26 10:51:12,20260926,9,2,4-5-2,740.6
2026-09-26 10:51:12,20260926,9,2,4-5-3,493.7
2026-09-26 10:51:12,20260926,9,2,4-5-6,740.6
2026-09-26 10:51:12,20260926,9,2,4-6-1,158.7
2026-09-26 10:51:12,20260926,9,2,4-6-2,123.4
2026-09-26 10:51:12,20260926,9,2,4-6-3,77.2
2026-09-26 10:51:12,20260926,9,2,4-6-5,493.7
2026-09-26 10:51:12,20260926,9,2,5-1-2,467.7
2026-09-26 10:51:12,20260926,9,2,5-1-3,145.6
2026-09-26 10:51:12,20260926,9,2,5-1-4,467.7
2026-09-26 10:51:12,20260926,9,2,5-1-6,341.8
2026-09-26 10:51:12,20260926,9,2,5-2-1,807.9
2026-09-26 10:51:12,20260926,9,2,5-2-3,164.5
2026-09-26 10:51:12,20260926,9,2,5-2-4,370.3
2026-09-26 10:51:12,20260926,9,2,5-2-6,634.8
2026-09-26 10:51:12,20260926,9,2,5-3-1,193.2
2026-09-26 10:51:12,20260926,9,2,5-3-2,211.6
2026-09-26 10:51:12,20260926,9,2,5-3-4,1110.0
2026-09-26 10:51:12,20260926,9,2,5-3-6,888.7
2026-09-26 10:51:12,20260926,9,2,5-4-1,634.8
2026-09-26 10:51:12,20260926,9,2,5-4-2,329.1
2026-09-26 10:51:12,20260926,9,2,5-4-3,987.5
2026-09-26 10:51:12,20260926,9,2,5-4-6,987.5
2026-09-26 10:51:12,20260926,9,2,5-6-1,1481.0
2026-09-26 10:51:12,20260926,9,2,5-6-2,1269.0
2026-09-26 10:51:12,20260926,9,2,5-6-3,987.5
2026-09-26 10:51:12,20260926,9,2,5-6-4,1110.0
2026-09-26 10:51:12,20260926,9,2,6-1-2,125.1
2026-09-26 10:51:12,20260926,9,2,6-1-3,121.7
2026-09-26 10:51:12,20260926,9,2,6-1-4,269.3
2026-09-26 10:51:12,20260926,9,2,6-1-5,592.5
2026-09-26 10:51:12,20260926,9,2,6-2-1,174.2
2026-09-26 10:51:12,20260926,9,2,6-2-3,121.7
2026-09-26 10:51:12,20260926,9,2,6-2-4,148.1
2026-09-26 10:51:12,20260926,9,2,6-2-5,592.5
2026-09-26 10:51:12,20260926,9,2,6-3-1,138.8
2026-09-26 10:51:12,20260926,9,2,6-3-2,153.2
2026-09-26 10:51:12,20260926,9,2,6-3-4,112.5
2026-09-26 10:51:12,20260926,9,2,6-3-5,683.6
2026-09-26 10:51:12,20260926,9,2,6-4-1,355.5
2026-09-26 10:51:12,20260926,9,2,6-4-2,164.5
2026-09-26 10:51:12,20260926,9,2,6-4-3,141.0
2026-09-26 10:51:12,20260926,9,2,6-4-5,634.8
2026-09-26 10:51:12,20260926,9,2,6-5-1,1110.0
2026-09-26 10:51:12,20260926,9,2,6-5-2,1110.0
2026-09-26 10:51:12,20260926,9,2,6-5-3,683.6
2026-09-26 10:51:12,20260926,9,2,6-5-4,467.7
2026-09-26 10:51:20,20260926,13,2,1-2-3,39.5
2026-09-26 10:51:20,20260926,13,2,1-2-4,27.0
2026-09-26 10:51:20,20260926,13,2,1-2-5,102.7
2026-09-26 10:51:20,20260926,13,2,1-2-6,60.9
2026-09-26 10:51:20,20260926,13,2,1-3-2,52.0
2026-09-26 10:51:20,20260926,13,2,1-3-4,78.2
2026-09-26 10:51:20,20260926,13,2,1-3-5,135.8
2026-09-26 10:51:20,20260926,13,2,1-3-6,121.8
2026-09-26 10:51:20,20260926,13,2,1-4-2,45.9
2026-09-26 10:51:20,20260926,13,2,1-4-3,78.2
2026-09-26 10:51:20,20260926,13,2,1-4-5,135.8
2026-09-26 10:51:20,20260926,13,2,1-4-6,93.0
2026-09-26 10:51:20,20260926,13,2,1-5-2,236.4
2026-09-26 10:51:20,20260926,13,2,1-5-3,193.7
2026-09-26 10:51:20,20260926,13,2,1-5-4,223.0
2026-09-26 10:51:20,20260926,13,2,1-5-6,622.1
2026-09-26 10:51:20,20260926,13,2,1-6-2,142.4
2026-09-26 10:51:20,20260926,13,2,1-6-3,251.4
2026-09-26 10:51:20,20260926,13,2,1-6-4,179.0
2026-09-26 10:51:20,20260926,13,2,1-6-5,537.2
2026-09-26 10:51:20,20260926,13,2,2-1-3,33.9
2026-09-26 10:51:20,20260926,13,2,2-1-4,16.4
2026-09-26 10:51:20,20260926,13,2,2-1-5,77.2
2026-09-26 10:51:20,20260926,13,2,2-1-6,36.8
2026-09-26 10:51:20,20260926,13,2,2-3-1,28.5
2026-09-26 10:51:20,20260926,13,2,2-3-4,17.0
2026-09-26 10:51:20,20260926,13,2,2-3-5,94.5
2026-09-26 10:51:20,20260926,13,2,2-3-6,34.4
2026-09-26 10:51:20,20260926,13,2,2-4-1,22.3
2026-09-26 10:51:20,20260926,13,2,2-4-3,15.4
2026-09-26 10:51:20,20260926,13,2,2-4-5,33.1
2026-09-26 10:51:20,20260926,13,2,2-4-6,11.0
2026-09-26 10:51:20,20260926,13,2,2-5-1,179.0
2026-09-26 10:51:20,20260926,13,2,2-5-3,181.8
2026-09-26 10:51:20,20260926,13,2,2-5-4,119.3
2026-09-26 10:51:20,20260926,13,2,2-5-6,151.5
2026-09-26 10:51:20,20260926,13,2,2-6-1,65.3
2026-09-26 10:51:20,20260926,13,2,2-6-3,88.8
2026-09-26 10:51:20,20260926,13,2,2-6-4,23.4
2026-09-26 10:51:20,20260926,13,2,2-6-5,151.5
2026-09-26 10:51:20,20260926,13,2,3-1-2,125.7
2026-09-26 10:51:20,20260926,13,2,3-1-4,129.8
2026-09-26 10:51:20,20260926,13,2,3-1-5,139.0
2026-09-26 10:51:20,20260926,13,2,3-1-6,268.6
2026-09-26 10:51:20,20260926,13,2,3-2-1,127.0
2026-09-26 10:51:20,20260926,13,2,3-2-4,52.3
2026-09-26 10:51:20,20260926,13,2,3-2-5,246.2
2026-09-26 10:51:20,20260926,13,2,3-2-6,168.8
2026-09-26 10:51:20,20260926,13,2,3-4-1,181.8
2026-09-26 10:51:20,20260926,13,2,3-4-2,83.2
2026-09-26 10:51:20,20260926,13,2,3-4-5,347.6
2026-09-26 10:51:20,20260926,13,2,3-4-6,164.1
2026-09-26 10:51:20,20260926,13,2,3-5-1,262.6
2026-09-26 10:51:20,20260926,13,2,3-5-2,214.9
2026-09-26 10:51:20,20260926,13,2,3-5-4,562.8
2026-09-26 10:51:20,20260926,13,2,3-5-6,381.2
2026-09-26 10:51:20,20260926,13,2,3-6-1,407.5
2026-09-26 10:51:20,20260926,13,2,3-6-2,251.4
2026-09-26 10:51:20,20260926,13,2,3-6-4,288.2
2026-09-26 10:51:20,20260926,13,2,3-6-5,407.5
2026-09-26 10:51:20,20260926,13,2,4-1-2,49.0
2026-09-26 10:51:20,20260926,13,2,4-1-3,127.0
2026-09-26 10:51:20,20260926,13,2,4-1-5,176.4
2026-09-26 10:51:20,20260926,13,2,4-1-6,77.7
2026-09-26 10:51:20,20260926,13,2,4-2-1,30.4
2026-09-26 10:51:20,20260926,13,2,4-2-3,30.7
2026-09-26 10:51:20,20260926,13,2,4-2-5,77.7
2026-09-26 10:51:20,20260926,13,2,4-2-6,21.2
2026-09-26 10:51:20,20260926,13,2,4-3-1,211.0
2026-09-26 10:51:20,20260926,13,2,4-3-2,96.0
2026-09-26 10:51:20,20260926,13,2,4-3-5,303.0
2026-09-26 10:51:20,20260926,13,2,4-3-6,145.9
2026-09-26 10:51:20,20260926,13,2,4-5-1,140.7
2026-09-26 10:51:20,20260926,13,2,4-5-2,112.5
2026-09-26 10:51:20,20260926,13,2,4-5-3,181.8
2026-09-26 10:51:20,20260926,13,2,4-5-6,87.5
2026-09-26 10:51:20,20260926,13,2,4-6-1,80.9
2026-09-26 10:51:20,20260926,13,2,4-6-2,42.8
2026-09-26 10:51:20,20260926,13,2,4-6-3,125.7
2026-09-26 10:51:20,20260926,13,2,4-6-5,99.3
2026-09-26 10:51:20,20260926,13,2,5-1-2,407.5
2026-09-26 10:51:20,20260926,13,2,5-1-3,262.6
2026-09-26 10:51:20,20260926,13,2,5-1-4,407.5
2026-09-26 10:51:20,20260926,13,2,5-1-6,281.4
2026-09-26 10:51:20,20260926,13,2,5-2-1,622.1
2026-09-26 10:51:20,20260926,13,2,5-2-3,319.4
2026-09-26 10:51:20,20260926,13,2,5-2-4,241.2
2026-09-26 10:51:20,20260926,13,2,5-2-6,472.8
2026-09-26 10:51:20,20260926,13,2,5-3-1,369.3
2026-09-26 10:51:20,20260926,13,2,5-3-2,381.2
2026-09-26 10:51:20,20260926,13,2,5-3-4,591.0
2026-09-26 10:51:20,20260926,13,2,5-3-6,537.2
2026-09-26 10:51:20,20260926,13,2,5-4-1,407.5
2026-09-26 10:51:20,20260926,13,2,5-4-2,311.0
2026-09-26 10:51:20,20260926,13,2,5-4-3,591.0
2026-09-26 10:51:20,20260926,13,2,5-4-6,311.0
2026-09-26 10:51:20,20260926,13,2,5-6-1,591.0
2026-09-26 10:51:20,20260926,13,2,5-6-2,337.7
2026-09-26 10:51:20,20260926,13,2,5-6-3,407.5
2026-09-26 10:51:20,20260926,13,2,5-6-4,358.1
2026-09-26 10:51:20,20260926,13,2,6-1-2,251.4
2026-09-26 10:51:20,20260926,13,2,6-1-3,656.6
2026-09-26 10:51:20,20260926,13,2,6-1-4,454.6
2026-09-26 10:51:20,20260926,13,2,6-1-5,844.2
2026-09-26 10:51:20,20260926,13,2,6-2-1,246.2
2026-09-26 10:51:20,20260926,13,2,6-2-3,262.6
2026-09-26 10:51:20,20260926,13,2,6-2-4,95.3
2026-09-26 10:51:20,20260926,13,2,6-2-5,347.6
2026-09-26 10:51:20,20260926,13,2,6-3-1,909.2
2026-09-26 10:51:20,20260926,13,2,6-3-2,537.2
2026-09-26 10:51:20,20260926,13,2,6-3-4,537.2
2026-09-26 10:51:20,20260926,13,2,6-3-5,844.2
2026-09-26 10:51:20,20260926,13,2,6-4-1,288.2
2026-09-26 10:51:20,20260926,13,2,6-4-2,108.4
2026-09-26 10:51:20,20260926,13,2,6-4-3,337.7
2026-09-26 10:51:20,20260926,13,2,6-4-5,303.0
2026-09-26 10:51:20,20260926,13,2,6-5-1,909.2
2026-09-26 10:51:20,20260926,13,2,6-5-2,394.0
2026-09-26 10:51:20,20260926,13,2,6-5-3,656.6
2026-09-26 10:51:20,20260926,13,2,6-5-4,358.1
2026-09-26 10:51:29,20260926,21,6,1-2-3,29.8
2026-09-26 10:51:29,20260926,21,6,1-2-4,79.2
2026-09-26 10:51:29,20260926,21,6,1-2-5,18.7
2026-09-26 10:51:29,20260926,21,6,1-2-6,144.8
2026-09-26 10:51:29,20260926,21,6,1-3-2,46.9
2026-09-26 10:51:29,20260926,21,6,1-3-4,114.1
2026-09-26 10:51:29,20260926,21,6,1-3-5,33.9
2026-09-26 10:51:29,20260926,21,6,1-3-6,230.5
2026-09-26 10:51:29,20260926,21,6,1-4-2,159.9
2026-09-26 10:51:29,20260926,21,6,1-4-3,170.6
2026-09-26 10:51:29,20260926,21,6,1-4-5,124.4
2026-09-26 10:51:29,20260926,21,6,1-4-6,380.9
2026-09-26 10:51:29,20260926,21,6,1-5-2,18.8
2026-09-26 10:51:29,20260926,21,6,1-5-3,28.2
2026-09-26 10:51:29,20260926,21,6,1-5-4,71.6
2026-09-26 10:51:29,20260926,21,6,1-5-6,100.0
2026-09-26 10:51:29,20260926,21,6,1-6-2,311.9
2026-09-26 10:51:29,20260926,21,6,1-6-3,374.6
2026-09-26 10:51:29,20260926,21,6,1-6-4,475.4
2026-09-26 10:51:29,20260926,21,6,1-6-5,362.8
2026-09-26 10:51:29,20260926,21,6,2-1-3,37.6
2026-09-26 10:51:29,20260926,21,6,2-1-4,99.0
2026-09-26 10:51:29,20260926,21,6,2-1-5,23.5
2026-09-26 10:51:29,20260926,21,6,2-1-6,166.5
2026-09-26 10:51:29,20260926,21,6,2-3-1,56.8
2026-09-26 10:51:29,20260926,21,6,2-3-4,101.8
2026-09-26 10:51:29,20260926,21,6,2-3-5,21.2
2026-09-26 10:51:29,20260926,21,6,2-3-6,215.4
2026-09-26 10:51:29,20260926,21,6,2-4-1,242.7
2026-09-26 10:51:29,20260926,21,6,2-4-3,210.1
2026-09-26 10:51:29,20260926,21,6,2-4-5,96.9
2026-09-26 10:51:29,20260926,21,6,2-4-6,444.8
2026-09-26 10:51:29,20260926,21,6,2-5-1,20.0
2026-09-26 10:51:29,20260926,21,6,2-5-3,14.1
2026-09-26 10:51:29,20260926,21,6,2-5-4,45.9
2026-09-26 10:51:29,20260926,21,6,2-5-6,62.6
2026-09-26 10:51:29,20260926,21,6,2-6-1,662.9
2026-09-26 10:51:29,20260926,21,6,2-6-3,584.2
2026-09-26 10:51:29,20260926,21,6,2-6-4,632.5
2026-09-26 10:51:29,20260926,21,6,2-6-5,309.1
2026-09-26 10:51:29,20260926,21,6,3-1-2,80.1
2026-09-26 10:51:29,20260926,21,6,3-1-4,175.4
2026-09-26 10:51:29,20260926,21,6,3-1-5,56.3
2026-09-26 10:51:29,20260926,21,6,3-1-6,279.1
2026-09-26 10:51:29,20260926,21,6,3-2-1,88.7
2026-09-26 10:51:29,20260926,21,6,3-2-4,115.0
2026-09-26 10:51:29,20260926,21,6,3-2-5,27.2
2026-09-26 10:51:29,20260926,21,6,3-2-6,202.1
2026-09-26 10:51:29,20260926,21,6,3-4-1,319.1
2026-09-26 10:51:29,20260926,21,6,3-4-2,258.2
2026-09-26 10:51:29,20260926,21,6,3-4-5,190.9
2026-09-26 10:51:29,20260926,21,6,3-4-6,626.7
2026-09-26 10:51:29,20260926,21,6,3-5-1,50.6
2026-09-26 10:51:29,20260926,21,6,3-5-2,23.4
2026-09-26 10:51:29,20260926,21,6,3-5-4,89.3
2026-09-26 10:51:29,20260926,21,6,3-5-6,118.4
2026-09-26 10:51:29,20260926,21,6,3-6-1,840.7
2026-09-26 10:51:29,20260926,21,6,3-6-2,569.7
2026-09-26 10:51:29,20260926,21,6,3-6-4,1436.0
2026-09-26 10:51:29,20260926,21,6,3-6-5,456.5
2026-09-26 10:51:29,20260926,21,6,4-1-2,293.3
2026-09-26 10:51:29,20260926,21,6,4-1-3,282.5
2026-09-26 10:51:29,20260926,21,6,4-1-5,233.7
2026-09-26 10:51:29,20260926,21,6,4-1-6,465.8
2026-09-26 10:51:29,20260926,21,6,4-2-1,336.3
2026-09-26 10:51:29,20260926,21,6,4-2-3,333.0
2026-09-26 10:51:29,20260926,21,6,4-2-5,159.2
2026-09-26 10:51:29,20260926,21,6,4-2-6,506.9
2026-09-26 10:51:29,20260926,21,6,4-3-1,415.3
2026-09-26 10:51:29,20260926,21,6,4-3-2,478.7
2026-09-26 10:51:29,20260926,21,6,4-3-5,359.0
2026-09-26 10:51:29,20260926,21,6,4-3-6,689.4
2026-09-26 10:51:29,20260926,21,6,4-5-1,197.5
2026-09-26 10:51:29,20260926,21,6,4-5-2,133.6
2026-09-26 10:51:29,20260926,21,6,4-5-3,249.7
2026-09-26 10:51:29,20260926,21,6,4-5-6,274.6
2026-09-26 10:51:29,20260926,21,6,4-6-1,830.6
2026-09-26 10:51:29,20260926,21,6,4-6-2,872.7
2026-09-26 10:51:29,20260926,21,6,4-6-3,1209.0
2026-09-26 10:51:29,20260926,21,6,4-6-5,783.4
2026-09-26 10:51:29,20260926,21,6,5-1-2,24.2
2026-09-26 10:51:29,20260926,21,6,5-1-3,35.0
2026-09-26 10:51:29,20260926,21,6,5-1-4,100.2
2026-09-26 10:51:29,20260926,21,6,5-1-6,104.4
2026-09-26 10:51:29,20260926,21,6,5-2-1,21.9
2026-09-26 10:51:29,20260926,21,6,5-2-3,14.5
2026-09-26 10:51:29,20260926,21,6,5-2-4,51.2
2026-09-26 10:51:29,20260926,21,6,5-2-6,63.7
2026-09-26 10:51:29,20260926,21,6,5-3-1,36.9
2026-09-26 10:51:29,20260926,21,6,5-3-2,20.1
2026-09-26 10:51:29,20260926,21,6,5-3-4,77.9
2026-09-26 10:51:29,20260926,21,6,5-3-6,90.9
2026-09-26 10:51:29,20260926,21,6,5-4-1,169.3
2026-09-26 10:51:29,20260926,21,6,5-4-2,95.3
2026-09-26 10:51:29,20260926,21,6,5-4-3,173.6
2026-09-26 10:51:29,20260926,21,6,5-4-6,245.3
2026-09-26 10:51:29,20260926,21,6,5-6-1,208.9
2026-09-26 10:51:29,20260926,21,6,5-6-2,139.5
2026-09-26 10:51:29,20260926,21,6,5-6-3,223.1
2026-09-26 10:51:29,20260926,21,6,5-6-4,325.2
2026-09-26 10:51:29,20260926,21,6,6-1-2,783.4
2026-09-26 10:51:29,20260926,21,6,6-1-3,1407.0
2026-09-26 10:51:29,20260926,21,6,6-1-4,1641.0
2026-09-26 10:51:29,20260926,21,6,6-1-5,1253.0
2026-09-26 10:51:29,20260926,21,6,6-2-1,851.1
2026-09-26 10:51:29,20260926,21,6,6-2-3,957.5
2026-09-26 10:51:29,20260926,21,6,6-2-4,1863.0
2026-09-26 10:51:29,20260926,21,6,6-2-5,689.4
2026-09-26 10:51:29,20260926,21,6,6-3-1,1407.0
2026-09-26 10:51:29,20260926,21,6,6-3-2,1378.0
2026-09-26 10:51:29,20260926,21,6,6-3-4,1532.0
2026-09-26 10:51:29,20260926,21,6,6-3-5,1130.0
2026-09-26 10:51:29,20260926,21,6,6-4-1,2462.0
2026-09-26 10:51:29,20260926,21,6,6-4-2,2377.0
2026-09-26 10:51:29,20260926,21,6,6-4-3,1814.0
2026-09-26 10:51:29,20260926,21,6,6-4-5,1641.0
2026-09-26 10:51:29,20260926,21,6,6-5-1,1168.0
2026-09-26 10:51:29,20260926,21,6,6-5-2,669.3
2026-09-26 10:51:29,20260926,21,6,6-5-3,1112.0
2026-09-26 10:51:29,20260926,21,6,6-5-4,1188.0
2026-09-26 11:00:04,20260926,5,1,1-2-3,16.9
2026-09-26 11:00:04,20260926,5,1,1-2-4,74.6
2026-09-26 11:00:04,20260926,5,1,1-2-5,24.7
2026-09-26 11:00:04,20260926,5,1,1-2-6,74.0
2026-09-26 11:00:04,20260926,5,1,1-3-2,22.3
2026-09-26 11:00:04,20260926,5,1,1-3-4,68.1
2026-09-26 11:00:04,20260926,5,1,1-3-5,14.5
2026-09-26 11:00:04,20260926,5,1,1-3-6,27.2
2026-09-26 11:00:04,20260926,5,1,1-4-2,107.5
2026-09-26 11:00:04,20260926,5,1,1-4-3,143.4
2026-09-26 11:00:04,20260926,5,1,1-4-5,108.1
2026-09-26 11:00:04,20260926,5,1,1-4-6,170.4
2026-09-26 11:00:04,20260926,5,1,1-5-2,23.3
2026-09-26 11:00:04,20260926,5,1,1-5-3,16.4
2026-09-26 11:00:04,20260926,5,1,1-5-4,69.4
2026-09-26 11:00:04,20260926,5,1,1-5-6,31.0
2026-09-26 11:00:04,20260926,5,1,1-6-2,126.3
2026-09-26 11:00:04,20260926,5,1,1-6-3,124.6
2026-09-26 11:00:04,20260926,5,1,1-6-4,190.2
2026-09-26 11:00:04,20260926,5,1,1-6-5,97.6
2026-09-26 11:00:04,20260926,5,1,2-1-3,63.6
2026-09-26 11:00:04,20260926,5,1,2-1-4,157.1
2026-09-26 11:00:04,20260926,5,1,2-1-5,65.4
2026-09-26 11:00:04,20260926,5,1,2-1-6,168.8
2026-09-26 11:00:04,20260926,5,1,2-3-1,85.2
2026-09-26 11:00:04,20260926,5,1,2-3-4,188.2
2026-09-26 11:00:04,20260926,5,1,2-3-5,80.3
2026-09-26 11:00:04,20260926,5,1,2-3-6,215.1
2026-09-26 11:00:04,20260926,5,1,2-4-1,291.4
2026-09-26 11:00:04,20260926,5,1,2-4-3,207.6
2026-09-26 11:00:04,20260926,5,1,2-4-5,237.7
2026-09-26 11:00:04,20260926,5,1,2-4-6,306.2
2026-09-26 11:00:04,20260926,5,1,2-5-1,98.2
2026-09-26 11:00:04,20260926,5,1,2-5-3,79.5
2026-09-26 11:00:04,20260926,5,1,2-5-4,215.1
2026-09-26 11:00:04,20260926,5,1,2-5-6,116.5
2026-09-26 11:00:04,20260926,5,1,2-6-1,223.0
2026-09-26 11:00:04,20260926,5,1,2-6-3,258.1
2026-09-26 11:00:04,20260926,5,1,2-6-4,430.2
2026-09-26 11:00:04,20260926,5,1,2-6-5,215.1
2026-09-26 11:00:04,20260926,5,1,3-1-2,77.2
2026-09-26 11:00:04,20260926,5,1,3-1-4,113.6
2026-09-26 11:00:04,20260926,5,1,3-1-5,26.4
2026-09-26 11:00:04,20260926,5,1,3-1-6,126.3
2026-09-26 11:00:04,20260926,5,1,3-2-1,112.9
2026-09-26 11:00:04,20260926,5,1,3-2-4,175.4
2026-09-26 11:00:04,20260926,5,1,3-2-5,67.4
2026-09-26 11:00:04,20260926,5,1,3-2-6,203.0
2026-09-26 11:00:04,20260926,5,1,3-4-1,237.7
2026-09-26 11:00:04,20260926,5,1,3-4-2,261.8
2026-09-26 11:00:04,20260926,5,1,3-4-5,161.3
2026-09-26 11:00:04,20260926,5,1,3-4-6,212.5
2026-09-26 11:00:04,20260926,5,1,3-5-1,35.0
2026-09-26 11:00:04,20260926,5,1,3-5-2,64.5
2026-09-26 11:00:04,20260926,5,1,3-5-4,108.8
2026-09-26 11:00:04,20260926,5,1,3-5-6,61.8
2026-09-26 11:00:04,20260926,5,1,3-6-1,210.1
2026-09-26 11:00:04,20260926,5,1,3-6-2,244.1
2026-09-26 11:00:04,20260926,5,1,3-6-4,296.2
2026-09-26 11:00:04,20260926,5,1,3-6-5,106.9
2026-09-26 11:00:04,20260926,5,1,4-1-2,145.7
2026-09-26 11:00:04,20260926,5,1,4-1-3,175.4
2026-09-26 11:00:04,20260926,5,1,4-1-5,102.0
2026-09-26 11:00:04,20260926,5,1,4-1-6,203.0
2026-09-26 11:00:04,20260926,5,1,4-2-1,250.9
2026-09-26 11:00:04,20260926,5,1,4-2-3,240.9
2026-09-26 11:00:04,20260926,5,1,4-2-5,188.2
2026-09-26 11:00:04,20260926,5,1,4-2-6,317.0
2026-09-26 11:00:04,20260926,5,1,4-3-1,317.0
2026-09-26 11:00:04,20260926,5,1,4-3-2,306.2
2026-09-26 11:00:04,20260926,5,1,4-3-5,207.6
2026-09-26 11:00:04,20260926,5,1,4-3-6,347.4
2026-09-26 11:00:04,20260926,5,1,4-5-1,83.2
2026-09-26 11:00:04,20260926,5,1,4-5-2,102.6
2026-09-26 11:00:04,20260926,5,1,4-5-3,114.3
2026-09-26 11:00:04,20260926,5,1,4-5-6,43.4
2026-09-26 11:00:04,20260926,5,1,4-6-1,261.8
2026-09-26 11:00:04,20260926,5,1,4-6-2,217.6
2026-09-26 11:00:04,20260926,5,1,4-6-3,301.1
2026-09-26 11:00:04,20260926,5,1,4-6-5,220.3
2026-09-26 11:00:04,20260926,5,1,5-1-2,44.6
2026-09-26 11:00:04,20260926,5,1,5-1-3,30.4
2026-09-26 11:00:04,20260926,5,1,5-1-4,92.1
2026-09-26 11:00:04,20260926,5,1,5-1-6,50.0
2026-09-26 11:00:04,20260926,5,1,5-2-1,71.9
2026-09-26 11:00:04,20260926,5,1,5-2-3,51.3
2026-09-26 11:00:04,20260926,5,1,5-2-4,144.5
2026-09-26 11:00:04,20260926,5,1,5-2-6,58.4
2026-09-26 11:00:04,20260926,5,1,5-3-1,40.6
2026-09-26 11:00:04,20260926,5,1,5-3-2,75.6
2026-09-26 11:00:04,20260926,5,1,5-3-4,205.3
2026-09-26 11:00:04,20260926,5,1,5-3-6,62.9
2026-09-26 11:00:04,20260926,5,1,5-4-1,135.8
2026-09-26 11:00:04,20260926,5,1,5-4-2,144.5
2026-09-26 11:00:04,20260926,5,1,5-4-3,207.6
2026-09-26 11:00:04,20260926,5,1,5-4-6,112.9
2026-09-26 11:00:04,20260926,5,1,5-6-1,70.5
2026-09-26 11:00:04,20260926,5,1,5-6-2,79.9
2026-09-26 11:00:04,20260926,5,1,5-6-3,65.4
2026-09-26 11:00:04,20260926,5,1,5-6-4,162.7
2026-09-26 11:00:04,20260926,5,1,6-1-2,200.7
2026-09-26 11:00:04,20260926,5,1,6-1-3,291.4
2026-09-26 11:00:04,20260926,5,1,6-1-4,401.5
2026-09-26 11:00:04,20260926,5,1,6-1-5,180.6
2026-09-26 11:00:04,20260926,5,1,6-2-1,265.7
2026-09-26 11:00:04,20260926,5,1,6-2-3,392.8
2026-09-26 11:00:04,20260926,5,1,6-2-4,440.7
2026-09-26 11:00:04,20260926,5,1,6-2-5,354.2
2026-09-26 11:00:04,20260926,5,1,6-3-1,384.4
2026-09-26 11:00:04,20260926,5,1,6-3-2,410.6
2026-09-26 11:00:04,20260926,5,1,6-3-4,752.8
2026-09-26 11:00:04,20260926,5,1,6-3-5,265.7
2026-09-26 11:00:04,20260926,5,1,6-4-1,410.6
2026-09-26 11:00:04,20260926,5,1,6-4-2,361.3
2026-09-26 11:00:04,20260926,5,1,6-4-3,547.5
2026-09-26 11:00:04,20260926,5,1,6-4-5,410.6
2026-09-26 11:00:04,20260926,5,1,6-5-1,149.3
2026-09-26 11:00:04,20260926,5,1,6-5-2,234.6
2026-09-26 11:00:04,20260926,5,1,6-5-3,178.9
2026-09-26 11:00:04,20260926,5,1,6-5-4,328.5
2026-09-26 11:00:14,20260926,8,2,1-2-3,21.8
2026-09-26 11:00:14,20260926,8,2,1-2-4,8.6
2026-09-26 11:00:14,20260926,8,2,1-2-5,49.4
2026-09-26 11:00:14,20260926,8,2,1-2-6,91.4
2026-09-26 11:00:14,20260926,8,2,1-3-2,29.4
2026-09-26 11:00:14,20260926,8,2,1-3-4,19.3
2026-09-26 11:00:14,20260926,8,2,1-3-5,67.7
2026-09-26 11:00:14,20260926,8,2,1-3-6,101.3
2026-09-26 11:00:14,20260926,8,2,1-4-2,5.3
2026-09-26 11:00:14,20260926,8,2,1-4-3,9.8
2026-09-26 11:00:14,20260926,8,2,1-4-5,13.5
2026-09-26 11:00:14,20260926,8,2,1-4-6,28.0
2026-09-26 11:00:14,20260926,8,2,1-5-2,92.6
2026-09-26 11:00:14,20260926,8,2,1-5-3,79.5
2026-09-26 11:00:14,20260926,8,2,1-5-4,64.6
2026-09-26 11:00:14,20260926,8,2,1-5-6,270.8
2026-09-26 11:00:14,20260926,8,2,1-6-2,93.8
2026-09-26 11:00:14,20260926,8,2,1-6-3,143.7
2026-09-26 11:00:14,20260926,8,2,1-6-4,93.8
2026-09-26 11:00:14,20260926,8,2,1-6-5,247.0
2026-09-26 11:00:14,20260926,8,2,2-1-3,167.6
2026-09-26 11:00:14,20260926,8,2,2-1-4,56.7
2026-09-26 11:00:14,20260926,8,2,2-1-5,251.4
2026-09-26 11:00:14,20260926,8,2,2-1-6,287.4
2026-09-26 11:00:14,20260926,8,2,2-3-1,352.0
2026-09-26 11:00:14,20260926,8,2,2-3-4,182.9
2026-09-26 11:00:14,20260926,8,2,2-3-5,343.5
2026-09-26 11:00:14,20260926,8,2,2-3-6,670.6
2026-09-26 11:00:14,20260926,8,2,2-4-1,89.1
2026-09-26 11:00:14,20260926,8,2,2-4-3,251.4
2026-09-26 11:00:14,20260926,8,2,2-4-5,327.5
2026-09-26 11:00:14,20260926,8,2,2-4-6,402.3
2026-09-26 11:00:14,20260926,8,2,2-5-1,521.6
2026-09-26 11:00:14,20260926,8,2,2-5-3,370.6
2026-09-26 11:00:14,20260926,8,2,2-5-4,502.9
2026-09-26 11:00:14,20260926,8,2,2-5-6,440.1
2026-09-26 11:00:14,20260926,8,2,2-6-1,640.1
2026-09-26 11:00:14,20260926,8,2,2-6-3,938.9
2026-09-26 11:00:14,20260926,8,2,2-6-4,440.1
2026-09-26 11:00:14,20260926,8,2,2-6-5,1005.0
2026-09-26 11:00:14,20260926,8,2,3-1-2,242.8
2026-09-26 11:00:14,20260926,8,2,3-1-4,120.3
2026-09-26 11:00:14,20260926,8,2,3-1-5,136.7
2026-09-26 11:00:14,20260926,8,2,3-1-6,320.0
2026-09-26 11:00:14,20260926,8,2,3-2-1,391.2
2026-09-26 11:00:14,20260926,8,2,3-2-4,251.4
2026-09-26 11:00:14,20260926,8,2,3-2-5,299.6
2026-09-26 11:00:14,20260926,8,2,3-2-6,361.1
2026-09-26 11:00:14,20260926,8,2,3-4-1,163.7
2026-09-26 11:00:14,20260926,8,2,3-4-2,260.8
2026-09-26 11:00:14,20260926,8,2,3-4-5,414.2
2026-09-26 11:00:14,20260926,8,2,3-4-6,502.9
2026-09-26 11:00:14,20260926,8,2,3-5-1,335.3
2026-09-26 11:00:14,20260926,8,2,3-5-2,391.2
2026-09-26 11:00:14,20260926,8,2,3-5-4,541.6
2026-09-26 11:00:14,20260926,8,2,3-5-6,938.9
2026-09-26 11:00:14,20260926,8,2,3-6-1,741.2
2026-09-26 11:00:14,20260926,8,2,3-6-2,704.1
2026-09-26 11:00:14,20260926,8,2,3-6-4,1173.0
2026-09-26 11:00:14,20260926,8,2,3-6-5,1280.0
2026-09-26 11:00:14,20260926,8,2,4-1-2,13.8
2026-09-26 11:00:14,20260926,8,2,4-1-3,24.4
2026-09-26 11:00:14,20260926,8,2,4-1-5,30.7
2026-09-26 11:00:14,20260926,8,2,4-1-6,58.9
2026-09-26 11:00:14,20260926,8,2,4-2-1,28.5
2026-09-26 11:00:14,20260926,8,2,4-2-3,90.2
2026-09-26 11:00:14,20260926,8,2,4-2-5,102.7
2026-09-26 11:00:14,20260926,8,2,4-2-6,129.2
2026-09-26 11:00:14,20260926,8,2,4-3-1,56.3
2026-09-26 11:00:14,20260926,8,2,4-3-2,192.9
2026-09-26 11:00:14,20260926,8,2,4-3-5,270.8
2026-09-26 11:00:14,20260926,8,2,4-3-6,352.0
2026-09-26 11:00:14,20260926,8,2,4-5-1,36.6
2026-09-26 11:00:14,20260926,8,2,4-5-2,60.7
2026-09-26 11:00:14,20260926,8,2,4-5-3,72.5
2026-09-26 11:00:14,20260926,8,2,4-5-6,167.6
2026-09-26 11:00:14,20260926,8,2,4-6-1,204.1
2026-09-26 11:00:14,20260926,8,2,4-6-2,287.4
2026-09-26 11:00:14,20260926,8,2,4-6-3,426.7
2026-09-26 11:00:14,20260926,8,2,4-6-5,370.6
2026-09-26 11:00:14,20260926,8,2,5-1-2,198.3
2026-09-26 11:00:14,20260926,8,2,5-1-3,169.6
2026-09-26 11:00:14,20260926,8,2,5-1-4,154.7
2026-09-26 11:00:14,20260926,8,2,5-1-6,343.5
2026-09-26 11:00:14,20260926,8,2,5-2-1,704.1
2026-09-26 11:00:14,20260926,8,2,5-2-3,469.4
2026-09-26 11:00:14,20260926,8,2,5-2-4,426.7
2026-09-26 11:00:14,20260926,8,2,5-2-6,782.4
2026-09-26 11:00:14,20260926,8,2,5-3-1,454.3
2026-09-26 11:00:14,20260926,8,2,5-3-2,502.9
2026-09-26 11:00:14,20260926,8,2,5-3-4,586.8
2026-09-26 11:00:14,20260926,8,2,5-3-6,1173.0
2026-09-26 11:00:14,20260926,8,2,5-4-1,161.8
2026-09-26 11:00:14,20260926,8,2,5-4-2,242.8
2026-09-26 11:00:14,20260926,8,2,5-4-3,370.6
2026-09-26 11:00:14,20260926,8,2,5-4-6,426.7
2026-09-26 11:00:14,20260926,8,2,5-6-1,563.3
2026-09-26 11:00:14,20260926,8,2,5-6-2,741.2
2026-09-26 11:00:14,20260926,8,2,5-6-3,1564.0
2026-09-26 11:00:14,20260926,8,2,5-6-4,612.3
2026-09-26 11:00:14,20260926,8,2,6-1-2,343.5
2026-09-26 11:00:14,20260926,8,2,6-1-3,426.7
2026-09-26 11:00:14,20260926,8,2,6-1-4,335.3
2026-09-26 11:00:14,20260926,8,2,6-1-5,1005.0
2026-09-26 11:00:14,20260926,8,2,6-2-1,414.2
2026-09-26 11:00:14,20260926,8,2,6-2-3,563.3
2026-09-26 11:00:14,20260926,8,2,6-2-4,704.1
2026-09-26 11:00:14,20260926,8,2,6-2-5,1280.0
2026-09-26 11:00:14,20260926,8,2,6-3-1,1005.0
2026-09-26 11:00:14,20260926,8,2,6-3-2,1408.0
2026-09-26 11:00:14,20260926,8,2,6-3-4,880.2
2026-09-26 11:00:14,20260926,8,2,6-3-5,2011.0
2026-09-26 11:00:14,20260926,8,2,6-4-1,426.7
2026-09-26 11:00:14,20260926,8,2,6-4-2,1083.0
2026-09-26 11:00:14,20260926,8,2,6-4-3,1760.0
2026-09-26 11:00:14,20260926,8,2,6-4-5,1280.0
2026-09-26 11:00:14,20260926,8,2,6-5-1,1280.0
2026-09-26 11:00:14,20260926,8,2,6-5-2,2347.0
2026-09-26 11:00:14,20260926,8,2,6-5-3,1564.0
2026-09-26 11:00:14,20260926,8,2,6-5-4,612.3
2026-09-26 11:04:05,20260926,2,2,1-2-3,12.1
2026-09-26 11:04:05,20260926,2,2,1-2-4,20.1
2026-09-26 11:04:05,20260926,2,2,1-2-5,49.4
2026-09-26 11:04:05,20260926,2,2,1-2-6,161.2
2026-09-26 11:04:05,20260926,2,2,1-3-2,13.8
2026-09-26 11:04:05,20260926,2,2,1-3-4,42.8
2026-09-26 11:04:05,20260926,2,2,1-3-5,57.5
2026-09-26 11:04:05,20260926,2,2,1-3-6,227.0
2026-09-26 11:04:05,20260926,2,2,1-4-2,45.0
2026-09-26 11:04:05,20260926,2,2,1-4-3,71.3
2026-09-26 11:04:05,20260926,2,2,1-4-5,145.0
2026-09-26 11:04:05,20260926,2,2,1-4-6,218.4
2026-09-26 11:04:05,20260926,2,2,1-5-2,70.7
2026-09-26 11:04:05,20260926,2,2,1-5-3,81.7
2026-09-26 11:04:05,20260926,2,2,1-5-4,132.7
2026-09-26 11:04:05,20260926,2,2,1-5-6,308.1
2026-09-26 11:04:05,20260926,2,2,1-6-2,359.5
2026-09-26 11:04:05,20260926,2,2,1-6-3,325.6
2026-09-26 11:04:05,20260926,2,2,1-6-4,383.5
2026-09-26 11:04:05,20260926,2,2,1-6-5,420.9
2026-09-26 11:04:05,20260926,2,2,2-1-3,11.4
2026-09-26 11:04:05,20260926,2,2,2-1-4,20.5
2026-09-26 11:04:05,20260926,2,2,2-1-5,46.5
2026-09-26 11:04:05,20260926,2,2,2-1-6,164.3
2026-09-26 11:04:05,20260926,2,2,2-3-1,13.1
2026-09-26 11:04:05,20260926,2,2,2-3-4,18.6
2026-09-26 11:04:05,20260926,2,2,2-3-5,35.5
2026-09-26 11:04:05,20260926,2,2,2-3-6,143.8
2026-09-26 11:04:05,20260926,2,2,2-4-1,40.4
2026-09-26 11:04:05,20260926,2,2,2-4-3,41.2
2026-09-26 11:04:05,20260926,2,2,2-4-5,86.2
2026-09-26 11:04:05,20260926,2,2,2-4-6,207.9
2026-09-26 11:04:05,20260926,2,2,2-5-1,71.6
2026-09-26 11:04:05,20260926,2,2,2-5-3,76.3
2026-09-26 11:04:05,20260926,2,2,2-5-4,97.5
2026-09-26 11:04:05,20260926,2,2,2-5-6,282.9
2026-09-26 11:04:05,20260926,2,2,2-6-1,431.4
2026-09-26 11:04:05,20260926,2,2,2-6-3,265.5
2026-09-26 11:04:05,20260926,2,2,2-6-4,442.5
2026-09-26 11:04:05,20260926,2,2,2-6-5,493.1
2026-09-26 11:04:05,20260926,2,2,3-1-2,23.3
2026-09-26 11:04:05,20260926,2,2,3-1-4,56.0
2026-09-26 11:04:05,20260926,2,2,3-1-5,56.4
2026-09-26 11:04:05,20260926,2,2,3-1-6,224.1
2026-09-26 11:04:05,20260926,2,2,3-2-1,21.7
2026-09-26 11:04:05,20260926,2,2,3-2-4,31.4
2026-09-26 11:04:05,20260926,2,2,3-2-5,53.9
2026-09-26 11:04:05,20260926,2,2,3-2-6,162.8
2026-09-26 11:04:05,20260926,2,2,3-4-1,68.7
2026-09-26 11:04:05,20260926,2,2,3-4-2,47.6
2026-09-26 11:04:05,20260926,2,2,3-4-5,122.4
2026-09-26 11:04:05,20260926,2,2,3-4-6,230.1
2026-09-26 11:04:05,20260926,2,2,3-5-1,92.7
2026-09-26 11:04:05,20260926,2,2,3-5-2,90.8
2026-09-26 11:04:05,20260926,2,2,3-5-4,143.8
2026-09-26 11:04:05,20260926,2,2,3-5-6,325.6
2026-09-26 11:04:05,20260926,2,2,3-6-1,663.8
2026-09-26 11:04:05,20260926,2,2,3-6-2,442.5
2026-09-26 11:04:05,20260926,2,2,3-6-4,493.1
2026-09-26 11:04:05,20260926,2,2,3-6-5,539.3
2026-09-26 11:04:05,20260926,2,2,4-1-2,93.7
2026-09-26 11:04:05,20260926,2,2,4-1-3,95.8
2026-09-26 11:04:05,20260926,2,2,4-1-5,109.9
2026-09-26 11:04:05,20260926,2,2,4-1-6,352.2
2026-09-26 11:04:05,20260926,2,2,4-2-1,89.4
2026-09-26 11:04:05,20260926,2,2,4-2-3,62.5
2026-09-26 11:04:05,20260926,2,2,4-2-5,112.0
2026-09-26 11:04:05,20260926,2,2,4-2-6,261.5
2026-09-26 11:04:05,20260926,2,2,4-3-1,96.4
2026-09-26 11:04:05,20260926,2,2,4-3-2,78.4
2026-09-26 11:04:05,20260926,2,2,4-3-5,170.8
2026-09-26 11:04:05,20260926,2,2,4-3-6,367.2
2026-09-26 11:04:05,20260926,2,2,4-5-1,91.3
2026-09-26 11:04:05,20260926,2,2,4-5-2,129.7
2026-09-26 11:04:05,20260926,2,2,4-5-3,165.9
2026-09-26 11:04:05,20260926,2,2,4-5-6,253.8
2026-09-26 11:04:05,20260926,2,2,4-6-1,507.6
2026-09-26 11:04:05,20260926,2,2,4-6-2,367.2
2026-09-26 11:04:05,20260926,2,2,4-6-3,539.3
2026-09-26 11:04:05,20260926,2,2,4-6-5,431.4
2026-09-26 11:04:05,20260926,2,2,5-1-2,150.0
2026-09-26 11:04:05,20260926,2,2,5-1-3,143.8
2026-09-26 11:04:05,20260926,2,2,5-1-4,297.5
2026-09-26 11:04:05,20260926,2,2,5-1-6,367.2
2026-09-26 11:04:05,20260926,2,2,5-2-1,155.4
2026-09-26 11:04:05,20260926,2,2,5-2-3,133.7
2026-09-26 11:04:05,20260926,2,2,5-2-4,239.7
2026-09-26 11:04:05,20260926,2,2,5-2-6,287.6
2026-09-26 11:04:05,20260926,2,2,5-3-1,169.2
2026-09-26 11:04:05,20260926,2,2,5-3-2,177.9
2026-09-26 11:04:05,20260926,2,2,5-3-4,410.9
2026-09-26 11:04:05,20260926,2,2,5-3-6,479.4
2026-09-26 11:04:05,20260926,2,2,5-4-1,352.2
2026-09-26 11:04:05,20260926,2,2,5-4-2,345.1
2026-09-26 11:04:05,20260926,2,2,5-4-3,392.2
2026-09-26 11:04:05,20260926,2,2,5-4-6,319.6
2026-09-26 11:04:05,20260926,2,2,5-6-1,230.1
2026-09-26 11:04:05,20260926,2,2,5-6-2,663.8
2026-09-26 11:04:05,20260926,2,2,5-6-3,862.9
2026-09-26 11:04:05,20260926,2,2,5-6-4,719.1
2026-09-26 11:04:05,20260926,2,2,6-1-2,420.9
2026-09-26 11:04:05,20260926,2,2,6-1-3,523.0
2026-09-26 11:04:05,20260926,2,2,6-1-4,1150.0
2026-09-26 11:04:05,20260926,2,2,6-1-5,958.8
2026-09-26 11:04:05,20260926,2,2,6-2-1,595.1
2026-09-26 11:04:05,20260926,2,2,6-2-3,719.1
2026-09-26 11:04:05,20260926,2,2,6-2-4,556.7
2026-09-26 11:04:05,20260926,2,2,6-2-5,958.8
2026-09-26 11:04:05,20260926,2,2,6-3-1,1232.0
2026-09-26 11:04:05,20260926,2,2,6-3-2,1232.0
2026-09-26 11:04:05,20260926,2,2,6-3-4,616.3
2026-09-26 11:04:05,20260926,2,2,6-3-5,1438.0
2026-09-26 11:04:05,20260926,2,2,6-4-1,1917.0
2026-09-26 11:04:05,20260926,2,2,6-4-2,821.8
2026-09-26 11:04:05,20260926,2,2,6-4-3,862.9
2026-09-26 11:04:05,20260926,2,2,6-4-5,908.3
2026-09-26 11:04:05,20260926,2,2,6-5-1,454.1
2026-09-26 11:04:05,20260926,2,2,6-5-2,1150.0
2026-09-26 11:04:05,20260926,2,2,6-5-3,1150.0
2026-09-26 11:04:05,20260926,2,2,6-5-4,690.3
2026-09-26 11:04:15,20260926,3,1,1-2-3,9.4
2026-09-26 11:04:15,20260926,3,1,1-2-4,20.3
2026-09-26 11:04:15,20260926,3,1,1-2-5,27.8
2026-09-26 11:04:15,20260926,3,1,1-2-6,54.2
2026-09-26 11:04:15,20260926,3,1,1-3-2,10.6
2026-09-26 11:04:15,20260926,3,1,1-3-4,11.4
2026-09-26 11:04:15,20260926,3,1,1-3-5,17.2
2026-09-26 11:04:15,20260926,3,1,1-3-6,48.1
2026-09-26 11:04:15,20260926,3,1,1-4-2,29.4
2026-09-26 11:04:15,20260926,3,1,1-4-3,21.7
2026-09-26 11:04:15,20260926,3,1,1-4-5,31.9
2026-09-26 11:04:15,20260926,3,1,1-4-6,126.8
2026-09-26 11:04:15,20260926,3,1,1-5-2,41.8
2026-09-26 11:04:15,20260926,3,1,1-5-3,32.2
2026-09-26 11:04:15,20260926,3,1,1-5-4,55.5
2026-09-26 11:04:15,20260926,3,1,1-5-6,117.0
2026-09-26 11:04:15,20260926,3,1,1-6-2,174.0
2026-09-26 11:04:15,20260926,3,1,1-6-3,146.2
2026-09-26 11:04:15,20260926,3,1,1-6-4,288.5
2026-09-26 11:04:15,20260926,3,1,1-6-5,228.9
2026-09-26 11:04:15,20260926,3,1,2-1-3,39.3
2026-09-26 11:04:15,20260926,3,1,2-1-4,67.0
2026-09-26 11:04:15,20260926,3,1,2-1-5,97.9
2026-09-26 11:04:15,20260926,3,1,2-1-6,175.5
2026-09-26 11:04:15,20260926,3,1,2-3-1,61.4
2026-09-26 11:04:15,20260926,3,1,2-3-4,113.8
2026-09-26 11:04:15,20260926,3,1,2-3-5,120.3
2026-09-26 11:04:15,20260926,3,1,2-3-6,247.7
2026-09-26 11:04:15,20260926,3,1,2-4-1,116.3
2026-09-26 11:04:15,20260926,3,1,2-4-3,159.5
2026-09-26 11:04:15,20260926,3,1,2-4-5,247.7
2026-09-26 11:04:15,20260926,3,1,2-4-6,309.7
2026-09-26 11:04:15,20260926,3,1,2-5-1,150.4
2026-09-26 11:04:15,20260926,3,1,2-5-3,178.4
2026-09-26 11:04:15,20260926,3,1,2-5-4,309.7
2026-09-26 11:04:15,20260926,3,1,2-5-6,324.0
2026-09-26 11:04:15,20260926,3,1,2-6-1,314.3
2026-09-26 11:04:15,20260926,3,1,2-6-3,305.2
2026-09-26 11:04:15,20260926,3,1,2-6-4,619.4
2026-09-26 11:04:15,20260926,3,1,2-6-5,468.0
2026-09-26 11:04:15,20260926,3,1,3-1-2,29.3
2026-09-26 11:04:15,20260926,3,1,3-1-4,27.8
2026-09-26 11:04:15,20260926,3,1,3-1-5,32.1
2026-09-26 11:04:15,20260926,3,1,3-1-6,92.7
2026-09-26 11:04:15,20260926,3,1,3-2-1,58.0
2026-09-26 11:04:15,20260926,3,1,3-2-4,88.8
2026-09-26 11:04:15,20260926,3,1,3-2-5,97.9
2026-09-26 11:04:15,20260926,3,1,3-2-6,171.2
2026-09-26 11:04:15,20260926,3,1,3-4-1,55.4
2026-09-26 11:04:15,20260926,3,1,3-4-2,86.6
2026-09-26 11:04:15,20260926,3,1,3-4-5,112.6
2026-09-26 11:04:15,20260926,3,1,3-4-6,208.5
2026-09-26 11:04:15,20260926,3,1,3-5-1,61.4
2026-09-26 11:04:15,20260926,3,1,3-5-2,103.7
2026-09-26 11:04:15,20260926,3,1,3-5-4,163.2
2026-09-26 11:04:15,20260926,3,1,3-5-6,253.7
2026-09-26 11:04:15,20260926,3,1,3-6-1,214.9
2026-09-26 11:04:15,20260926,3,1,3-6-2,300.8
2026-09-26 11:04:15,20260926,3,1,3-6-4,448.1
2026-09-26 11:04:15,20260926,3,1,3-6-5,468.0
2026-09-26 11:04:15,20260926,3,1,4-1-2,89.6
2026-09-26 11:04:15,20260926,3,1,4-1-3,66.0
2026-09-26 11:04:15,20260926,3,1,4-1-5,60.0
2026-09-26 11:04:15,20260926,3,1,4-1-6,305.2
2026-09-26 11:04:15,20260926,3,1,4-2-1,150.4
2026-09-26 11:04:15,20260926,3,1,4-2-3,159.5
2026-09-26 11:04:15,20260926,3,1,4-2-5,214.9
2026-09-26 11:04:15,20260926,3,1,4-2-6,429.8
2026-09-26 11:04:15,20260926,3,1,4-3-1,85.9
2026-09-26 11:04:15,20260926,3,1,4-3-2,140.4
2026-09-26 11:04:15,20260926,3,1,4-3-5,176.9
2026-09-26 11:04:15,20260926,3,1,4-3-6,448.1
2026-09-26 11:04:15,20260926,3,1,4-5-1,105.3
2026-09-26 11:04:15,20260926,3,1,4-5-2,191.4
2026-09-26 11:04:15,20260926,3,1,4-5-3,169.8
2026-09-26 11:04:15,20260926,3,1,4-5-6,284.6
2026-09-26 11:04:15,20260926,3,1,4-6-1,554.2
2026-09-26 11:04:15,20260926,3,1,4-6-2,421.2
2026-09-26 11:04:15,20260926,3,1,4-6-3,810.0
2026-09-26 11:04:15,20260926,3,1,4-6-5,569.2
2026-09-26 11:04:15,20260926,3,1,5-1-2,126.1
2026-09-26 11:04:15,20260926,3,1,5-1-3,81.6
2026-09-26 11:04:15,20260926,3,1,5-1-4,130.8
2026-09-26 11:04:15,20260926,3,1,5-1-6,226.4
2026-09-26 11:04:15,20260926,3,1,5-2-1,226.4
2026-09-26 11:04:15,20260926,3,1,5-2-3,270.0
2026-09-26 11:04:15,20260926,3,1,5-2-4,376.0
2026-09-26 11:04:15,20260926,3,1,5-2-6,369.5
2026-09-26 11:04:15,20260926,3,1,5-3-1,107.4
2026-09-26 11:04:15,20260926,3,1,5-3-2,263.2
2026-09-26 11:04:15,20260926,3,1,5-3-4,266.6
2026-09-26 11:04:15,20260926,3,1,5-3-6,513.6
2026-09-26 11:04:15,20260926,3,1,5-4-1,181.5
2026-09-26 11:04:15,20260926,3,1,5-4-2,412.9
2026-09-26 11:04:15,20260926,3,1,5-4-3,292.5
2026-09-26 11:04:15,20260926,3,1,5-4-6,569.2
2026-09-26 11:04:15,20260926,3,1,5-6-1,382.9
2026-09-26 11:04:15,20260926,3,1,5-6-2,658.1
2026-09-26 11:04:15,20260926,3,1,5-6-3,679.4
2026-09-26 11:04:15,20260926,3,1,5-6-4,726.2
2026-09-26 11:04:15,20260926,3,1,6-1-2,236.6
2026-09-26 11:04:15,20260926,3,1,6-1-3,260.0
2026-09-26 11:04:15,20260926,3,1,6-1-4,585.0
2026-09-26 11:04:15,20260926,3,1,6-1-5,540.0
2026-09-26 11:04:15,20260926,3,1,6-2-1,277.1
2026-09-26 11:04:15,20260926,3,1,6-2-3,356.9
2026-09-26 11:04:15,20260926,3,1,6-2-4,658.1
2026-09-26 11:04:15,20260926,3,1,6-2-5,585.0
2026-09-26 11:04:15,20260926,3,1,6-3-1,288.5
2026-09-26 11:04:15,20260926,3,1,6-3-2,468.0
2026-09-26 11:04:15,20260926,3,1,6-3-4,601.7
2026-09-26 11:04:15,20260926,3,1,6-3-5,915.7
2026-09-26 11:04:15,20260926,3,1,6-4-1,619.4
2026-09-26 11:04:15,20260926,3,1,6-4-2,752.1
2026-09-26 11:04:15,20260926,3,1,6-4-3,702.0
2026-09-26 11:04:15,20260926,3,1,6-4-5,810.0
2026-09-26 11:04:15,20260926,3,1,6-5-1,489.8
2026-09-26 11:04:15,20260926,3,1,6-5-2,752.1
2026-09-26 11:04:15,20260926,3,1,6-5-3,877.5
2026-09-26 11:04:15,20260926,3,1,6-5-4,638.2
2026-09-26 11:07:41,20260926,18,7,1-2-3,8.9
2026-09-26 11:07:41,20260926,18,7,1-2-4,10.7
2026-09-26 11:07:41,20260926,18,7,1-2-5,17.9
2026-09-26 11:07:41,20260926,18,7,1-2-6,15.5
2026-09-26 11:07:41,20260926,18,7,1-3-2,13.1
2026-09-26 11:07:41,20260926,18,7,1-3-4,19.3
2026-09-26 11:07:41,20260926,18,7,1-3-5,26.5
2026-09-26 11:07:41,20260926,18,7,1-3-6,27.4
2026-09-26 11:07:41,20260926,18,7,1-4-2,21.0
2026-09-26 11:07:41,20260926,18,7,1-4-3,33.2
2026-09-26 11:07:41,20260926,18,7,1-4-5,31.8
2026-09-26 11:07:41,20260926,18,7,1-4-6,26.5
2026-09-26 11:07:41,20260926,18,7,1-5-2,21.9
2026-09-26 11:07:41,20260926,18,7,1-5-3,48.6
2026-09-26 11:07:41,20260926,18,7,1-5-4,47.4
2026-09-26 11:07:41,20260926,18,7,1-5-6,32.7
2026-09-26 11:07:41,20260926,18,7,1-6-2,29.5
2026-09-26 11:07:41,20260926,18,7,1-6-3,39.6
2026-09-26 11:07:41,20260926,18,7,1-6-4,41.6
2026-09-26 11:07:41,20260926,18,7,1-6-5,40.4
2026-09-26 11:07:41,20260926,18,7,2-1-3,71.8
2026-09-26 11:07:41,20260926,18,7,2-1-4,75.8
2026-09-26 11:07:41,20260926,18,7,2-1-5,152.2
2026-09-26 11:07:41,20260926,18,7,2-1-6,154.5
2026-09-26 11:07:41,20260926,18,7,2-3-1,148.9
2026-09-26 11:07:41,20260926,18,7,2-3-4,167.2
2026-09-26 11:07:41,20260926,18,7,2-3-5,275.6
2026-09-26 11:07:41,20260926,18,7,2-3-6,318.7
2026-09-26 11:07:41,20260926,18,7,2-4-1,167.2
2026-09-26 11:07:41,20260926,18,7,2-4-3,180.5
2026-09-26 11:07:41,20260926,18,7,2-4-5,400.0
2026-09-26 11:07:41,20260926,18,7,2-4-6,242.8
2026-09-26 11:07:41,20260926,18,7,2-5-1,377.7
2026-09-26 11:07:41,20260926,18,7,2-5-3,323.8
2026-09-26 11:07:41,20260926,18,7,2-5-4,463.6
2026-09-26 11:07:41,20260926,18,7,2-5-6,400.0
2026-09-26 11:07:41,20260926,18,7,2-6-1,323.8
2026-09-26 11:07:41,20260926,18,7,2-6-3,463.6
2026-09-26 11:07:41,20260926,18,7,2-6-4,384.9
2026-09-26 11:07:41,20260926,18,7,2-6-5,582.8
2026-09-26 11:07:41,20260926,18,7,3-1-2,100.4
2026-09-26 11:07:41,20260926,18,7,3-1-4,116.5
2026-09-26 11:07:41,20260926,18,7,3-1-5,132.4
2026-09-26 11:07:41,20260926,18,7,3-1-6,204.0
2026-09-26 11:07:41,20260926,18,7,3-2-1,153.3
2026-09-26 11:07:41,20260926,18,7,3-2-4,204.0
2026-09-26 11:07:41,20260926,18,7,3-2-5,268.4
2026-09-26 11:07:41,20260926,18,7,3-2-6,400.0
2026-09-26 11:07:41,20260926,18,7,3-4-1,198.0
2026-09-26 11:07:41,20260926,18,7,3-4-2,183.7
2026-09-26 11:07:41,20260926,18,7,3-4-5,400.0
2026-09-26 11:07:41,20260926,18,7,3-4-6,237.2
2026-09-26 11:07:41,20260926,18,7,3-5-1,224.1
2026-09-26 11:07:41,20260926,18,7,3-5-2,221.7
2026-09-26 11:07:41,20260926,18,7,3-5-4,408.0
2026-09-26 11:07:41,20260926,18,7,3-5-6,357.8
2026-09-26 11:07:41,20260926,18,7,3-6-1,300.0
2026-09-26 11:07:41,20260926,18,7,3-6-2,313.8
2026-09-26 11:07:41,20260926,18,7,3-6-4,351.7
2026-09-26 11:07:41,20260926,18,7,3-6-5,357.8
2026-09-26 11:07:41,20260926,18,7,4-1-2,103.5
2026-09-26 11:07:41,20260926,18,7,4-1-3,192.4
2026-09-26 11:07:41,20260926,18,7,4-1-5,100.0
2026-09-26 11:07:41,20260926,18,7,4-1-6,121.4
2026-09-26 11:07:41,20260926,18,7,4-2-1,178.9
2026-09-26 11:07:41,20260926,18,7,4-2-3,248.7
2026-09-26 11:07:41,20260926,18,7,4-2-5,384.9
2026-09-26 11:07:41,20260926,18,7,4-2-6,248.7
2026-09-26 11:07:41,20260926,18,7,4-3-1,261.5
2026-09-26 11:07:41,20260926,18,7,4-3-2,309.0
2026-09-26 11:07:41,20260926,18,7,4-3-5,463.6
2026-09-26 11:07:41,20260926,18,7,4-3-6,443.4
2026-09-26 11:07:41,20260926,18,7,4-5-1,154.5
2026-09-26 11:07:41,20260926,18,7,4-5-2,287.3
2026-09-26 11:07:41,20260926,18,7,4-5-3,384.9
2026-09-26 11:07:41,20260926,18,7,4-5-6,219.3
2026-09-26 11:07:41,20260926,18,7,4-6-1,242.8
2026-09-26 11:07:41,20260926,18,7,4-6-2,283.3
2026-09-26 11:07:41,20260926,18,7,4-6-3,551.3
2026-09-26 11:07:41,20260926,18,7,4-6-5,318.7
2026-09-26 11:07:41,20260926,18,7,5-1-2,107.9
2026-09-26 11:07:41,20260926,18,7,5-1-3,131.6
2026-09-26 11:07:41,20260926,18,7,5-1-4,123.6
2026-09-26 11:07:41,20260926,18,7,5-1-6,103.0
2026-09-26 11:07:41,20260926,18,7,5-2-1,210.3
2026-09-26 11:07:41,20260926,18,7,5-2-3,334.4
2026-09-26 11:07:41,20260926,18,7,5-2-4,392.3
2026-09-26 11:07:41,20260926,18,7,5-2-6,370.9
2026-09-26 11:07:41,20260926,18,7,5-3-1,251.8
2026-09-26 11:07:41,20260926,18,7,5-3-2,408.0
2026-09-26 11:07:41,20260926,18,7,5-3-4,703.4
2026-09-26 11:07:41,20260926,18,7,5-3-6,443.4
2026-09-26 11:07:41,20260926,18,7,5-4-1,158.1
2026-09-26 11:07:41,20260926,18,7,5-4-2,400.0
2026-09-26 11:07:41,20260926,18,7,5-4-3,425.0
2026-09-26 11:07:41,20260926,18,7,5-4-6,268.4
2026-09-26 11:07:41,20260926,18,7,5-6-1,201.9
2026-09-26 11:07:41,20260926,18,7,5-6-2,340.0
2026-09-26 11:07:41,20260926,18,7,5-6-3,392.3
2026-09-26 11:07:41,20260926,18,7,5-6-4,275.6
2026-09-26 11:07:41,20260926,18,7,6-1-2,145.7
2026-09-26 11:07:41,20260926,18,7,6-1-3,287.3
2026-09-26 11:07:41,20260926,18,7,6-1-4,234.4
2026-09-26 11:07:41,20260926,18,7,6-1-5,177.3
2026-09-26 11:07:41,20260926,18,7,6-2-1,217.0
2026-09-26 11:07:41,20260926,18,7,6-2-3,453.3
2026-09-26 11:07:41,20260926,18,7,6-2-4,463.6
2026-09-26 11:07:41,20260926,18,7,6-2-5,566.6
2026-09-26 11:07:41,20260926,18,7,6-3-1,345.7
2026-09-26 11:07:41,20260926,18,7,6-3-2,434.0
2026-09-26 11:07:41,20260926,18,7,6-3-4,425.0
2026-09-26 11:07:41,20260926,18,7,6-3-5,240.0
2026-09-26 11:07:41,20260926,18,7,6-4-1,268.4
2026-09-26 11:07:41,20260926,18,7,6-4-2,408.0
2026-09-26 11:07:41,20260926,18,7,6-4-3,551.3
2026-09-26 11:07:41,20260926,18,7,6-4-5,206.0
2026-09-26 11:07:41,20260926,18,7,6-5-1,201.9
2026-09-26 11:07:41,20260926,18,7,6-5-2,658.0
2026-09-26 11:07:41,20260926,18,7,6-5-3,416.3
2026-09-26 11:07:41,20260926,18,7,6-5-4,313.8
2026-09-26 11:15:43,20260926,11,3,1-2-3,41.2
2026-09-26 11:15:43,20260926,11,3,1-2-4,56.5
2026-09-26 11:15:43,20260926,11,3,1-2-5,20.7
2026-09-26 11:15:43,20260926,11,3,1-2-6,20.9
2026-09-26 11:15:43,20260926,11,3,1-3-2,54.5
2026-09-26 11:15:43,20260926,11,3,1-3-4,57.4
2026-09-26 11:15:43,20260926,11,3,1-3-5,36.6
2026-09-26 11:15:43,20260926,11,3,1-3-6,38.2
2026-09-26 11:15:43,20260926,11,3,1-4-2,102.3
2026-09-26 11:15:43,20260926,11,3,1-4-3,118.5
2026-09-26 11:15:43,20260926,11,3,1-4-5,74.9
2026-09-26 11:15:43,20260926,11,3,1-4-6,62.1
2026-09-26 11:15:43,20260926,11,3,1-5-2,23.4
2026-09-26 11:15:43,20260926,11,3,1-5-3,43.8
2026-09-26 11:15:43,20260926,11,3,1-5-4,62.1
2026-09-26 11:15:43,20260926,11,3,1-5-6,13.6
2026-09-26 11:15:43,20260926,11,3,1-6-2,28.3
2026-09-26 11:15:43,20260926,11,3,1-6-3,41.7
2026-09-26 11:15:43,20260926,11,3,1-6-4,65.4
2026-09-26 11:15:43,20260926,11,3,1-6-5,17.1
2026-09-26 11:15:43,20260926,11,3,2-1-3,47.5
2026-09-26 11:15:43,20260926,11,3,2-1-4,75.9
2026-09-26 11:15:43,20260926,11,3,2-1-5,46.0
2026-09-26 11:15:43,20260926,11,3,2-1-6,49.9
2026-09-26 11:15:43,20260926,11,3,2-3-1,165.9
2026-09-26 11:15:43,20260926,11,3,2-3-4,237.0
2026-09-26 11:15:43,20260926,11,3,2-3-5,174.6
2026-09-26 11:15:43,20260926,11,3,2-3-6,229.9
2026-09-26 11:15:43,20260926,11,3,2-4-1,273.2
2026-09-26 11:15:43,20260926,11,3,2-4-3,294.0
2026-09-26 11:15:43,20260926,11,3,2-4-5,283.2
2026-09-26 11:15:43,20260926,11,3,2-4-6,260.9
2026-09-26 11:15:43,20260926,11,3,2-5-1,97.5
2026-09-26 11:15:43,20260926,11,3,2-5-3,170.7
2026-09-26 11:15:43,20260926,11,3,2-5-4,273.2
2026-09-26 11:15:43,20260926,11,3,2-5-6,79.8
2026-09-26 11:15:43,20260926,11,3,2-6-1,126.9
2026-09-26 11:15:43,20260926,11,3,2-6-3,263.9
2026-09-26 11:15:43,20260926,11,3,2-6-4,286.7
2026-09-26 11:15:43,20260926,11,3,2-6-5,110.6
2026-09-26 11:15:43,20260926,11,3,3-1-2,119.1
2026-09-26 11:15:43,20260926,11,3,3-1-4,139.9
2026-09-26 11:15:43,20260926,11,3,3-1-5,54.5
2026-09-26 11:15:43,20260926,11,3,3-1-6,87.9
2026-09-26 11:15:43,20260926,11,3,3-2-1,185.8
2026-09-26 11:15:43,20260926,11,3,3-2-4,270.0
2026-09-26 11:15:43,20260926,11,3,3-2-5,137.4
2026-09-26 11:15:43,20260926,11,3,3-2-6,151.8
2026-09-26 11:15:43,20260926,11,3,3-4-1,270.0
2026-09-26 11:15:43,20260926,11,3,3-4-2,374.6
2026-09-26 11:15:43,20260926,11,3,3-4-5,327.1
2026-09-26 11:15:43,20260926,11,3,3-4-6,297.7
2026-09-26 11:15:43,20260926,11,3,3-5-1,101.8
2026-09-26 11:15:43,20260926,11,3,3-5-2,162.4
2026-09-26 11:15:43,20260926,11,3,3-5-4,313.8
2026-09-26 11:15:43,20260926,11,3,3-5-6,121.6
2026-09-26 11:15:43,20260926,11,3,3-6-1,170.7
2026-09-26 11:15:43,20260926,11,3,3-6-2,266.9
2026-09-26 11:15:43,20260926,11,3,3-6-4,290.3
2026-09-26 11:15:43,20260926,11,3,3-6-5,151.8
2026-09-26 11:15:43,20260926,11,3,4-1-2,322.5
2026-09-26 11:15:43,20260926,11,3,4-1-3,400.4
2026-09-26 11:15:43,20260926,11,3,4-1-5,225.5
2026-09-26 11:15:43,20260926,11,3,4-1-6,232.2
2026-09-26 11:15:43,20260926,11,3,4-2-1,430.1
2026-09-26 11:15:43,20260926,11,3,4-2-3,362.9
2026-09-26 11:15:43,20260926,11,3,4-2-5,322.5
2026-09-26 11:15:43,20260926,11,3,4-2-6,327.1
2026-09-26 11:15:43,20260926,11,3,4-3-1,494.1
2026-09-26 11:15:43,20260926,11,3,4-3-2,627.7
2026-09-26 11:15:43,20260926,11,3,4-3-5,566.5
2026-09-26 11:15:43,20260926,11,3,4-3-6,527.8
2026-09-26 11:15:43,20260926,11,3,4-5-1,260.9
2026-09-26 11:15:43,20260926,11,3,4-5-2,351.9
2026-09-26 11:15:43,20260926,11,3,4-5-3,400.4
2026-09-26 11:15:43,20260926,11,3,4-5-6,169.5
2026-09-26 11:15:43,20260926,11,3,4-6-1,318.1
2026-09-26 11:15:43,20260926,11,3,4-6-2,407.4
2026-09-26 11:15:43,20260926,11,3,4-6-3,527.8
2026-09-26 11:15:43,20260926,11,3,4-6-5,249.7
2026-09-26 11:15:43,20260926,11,3,5-1-2,37.5
2026-09-26 11:15:43,20260926,11,3,5-1-3,61.1
2026-09-26 11:15:43,20260926,11,3,5-1-4,104.6
2026-09-26 11:15:43,20260926,11,3,5-1-6,24.0
2026-09-26 11:15:43,20260926,11,3,5-2-1,85.3
2026-09-26 11:15:43,20260926,11,3,5-2-3,149.8
2026-09-26 11:15:43,20260926,11,3,5-2-4,229.9
2026-09-26 11:15:43,20260926,11,3,5-2-6,63.9
2026-09-26 11:15:43,20260926,11,3,5-3-1,97.5
2026-09-26 11:15:43,20260926,11,3,5-3-2,165.9
2026-09-26 11:15:43,20260926,11,3,5-3-4,430.1
2026-09-26 11:15:43,20260926,11,3,5-3-6,135.0
2026-09-26 11:15:43,20260926,11,3,5-4-1,135.0
2026-09-26 11:15:43,20260926,11,3,5-4-2,351.9
2026-09-26 11:15:43,20260926,11,3,5-4-3,368.6
2026-09-26 11:15:43,20260926,11,3,5-4-6,191.9
2026-09-26 11:15:43,20260926,11,3,5-6-1,25.6
2026-09-26 11:15:43,20260926,11,3,5-6-2,45.4
2026-09-26 11:15:43,20260926,11,3,5-6-3,97.5
2026-09-26 11:15:43,20260926,11,3,5-6-4,126.9
2026-09-26 11:15:43,20260926,11,3,6-1-2,68.5
2026-09-26 11:15:43,20260926,11,3,6-1-3,117.9
2026-09-26 11:15:43,20260926,11,3,6-1-4,170.7
2026-09-26 11:15:43,20260926,11,3,6-1-5,35.1
2026-09-26 11:15:43,20260926,11,3,6-2-1,121.6
2026-09-26 11:15:43,20260926,11,3,6-2-3,232.2
2026-09-26 11:15:43,20260926,11,3,6-2-4,294.0
2026-09-26 11:15:43,20260926,11,3,6-2-5,104.6
2026-09-26 11:15:43,20260926,11,3,6-3-1,170.7
2026-09-26 11:15:43,20260926,11,3,6-3-2,309.6
2026-09-26 11:15:43,20260926,11,3,6-3-4,400.4
2026-09-26 11:15:43,20260926,11,3,6-3-5,203.7
2026-09-26 11:15:43,20260926,11,3,6-4-1,263.9
2026-09-26 11:15:43,20260926,11,3,6-4-2,504.9
2026-09-26 11:15:43,20260926,11,3,6-4-3,516.1
2026-09-26 11:15:43,20260926,11,3,6-4-5,322.5
2026-09-26 11:15:43,20260926,11,3,6-5-1,42.7
2026-09-26 11:15:43,20260926,11,3,6-5-2,72.5
2026-09-26 11:15:43,20260926,11,3,6-5-3,148.8
2026-09-26 11:15:43,20260926,11,3,6-5-4,151.8
2026-09-26 11:15:52,20260926,13,3,1-2-3,26.2
2026-09-26 11:15:52,20260926,13,3,1-2-4,21.2
2026-09-26 11:15:52,20260926,13,3,1-2-5,36.0
2026-09-26 11:15:52,20260926,13,3,1-2-6,118.9
2026-09-26 11:15:52,20260926,13,3,1-3-2,43.5
2026-09-26 11:15:52,20260926,13,3,1-3-4,53.1
2026-09-26 11:15:52,20260926,13,3,1-3-5,64.7
2026-09-26 11:15:52,20260926,13,3,1-3-6,130.6
2026-09-26 11:15:52,20260926,13,3,1-4-2,36.0
2026-09-26 11:15:52,20260926,13,3,1-4-3,81.3
2026-09-26 11:15:52,20260926,13,3,1-4-5,85.6
2026-09-26 11:15:52,20260926,13,3,1-4-6,169.5
2026-09-26 11:15:52,20260926,13,3,1-5-2,53.4
2026-09-26 11:15:52,20260926,13,3,1-5-3,74.4
2026-09-26 11:15:52,20260926,13,3,1-5-4,90.5
2026-09-26 11:15:52,20260926,13,3,1-5-6,468.7
2026-09-26 11:15:52,20260926,13,3,1-6-2,306.4
2026-09-26 11:15:52,20260926,13,3,1-6-3,274.7
2026-09-26 11:15:52,20260926,13,3,1-6-4,234.3
2026-09-26 11:15:52,20260926,13,3,1-6-5,664.0
2026-09-26 11:15:52,20260926,13,3,2-1-3,22.3
2026-09-26 11:15:52,20260926,13,3,2-1-4,19.5
2026-09-26 11:15:52,20260926,13,3,2-1-5,27.1
2026-09-26 11:15:52,20260926,13,3,2-1-6,122.5
2026-09-26 11:15:52,20260926,13,3,2-3-1,40.6
2026-09-26 11:15:52,20260926,13,3,2-3-4,24.9
2026-09-26 11:15:52,20260926,13,3,2-3-5,28.0
2026-09-26 11:15:52,20260926,13,3,2-3-6,144.8
2026-09-26 11:15:52,20260926,13,3,2-4-1,25.0
2026-09-26 11:15:52,20260926,13,3,2-4-3,29.4
2026-09-26 11:15:52,20260926,13,3,2-4-5,13.9
2026-09-26 11:15:52,20260926,13,3,2-4-6,126.4
2026-09-26 11:15:52,20260926,13,3,2-5-1,59.4
2026-09-26 11:15:52,20260926,13,3,2-5-3,68.6
2026-09-26 11:15:52,20260926,13,3,2-5-4,28.9
2026-09-26 11:15:52,20260926,13,3,2-5-6,257.0
2026-09-26 11:15:52,20260926,13,3,2-6-1,362.2
2026-09-26 11:15:52,20260926,13,3,2-6-3,664.0
2026-09-26 11:15:52,20260926,13,3,2-6-4,265.6
2026-09-26 11:15:52,20260926,13,3,2-6-5,569.1
2026-09-26 11:15:52,20260926,13,3,3-1-2,69.9
2026-09-26 11:15:52,20260926,13,3,3-1-4,88.5
2026-09-26 11:15:52,20260926,13,3,3-1-5,64.2
2026-09-26 11:15:52,20260926,13,3,3-1-6,199.2
2026-09-26 11:15:52,20260926,13,3,3-2-1,60.3
2026-09-26 11:15:52,20260926,13,3,3-2-4,35.8
2026-09-26 11:15:52,20260926,13,3,3-2-5,45.2
2026-09-26 11:15:52,20260926,13,3,3-2-6,109.1
2026-09-26 11:15:52,20260926,13,3,3-4-1,120.7
2026-09-26 11:15:52,20260926,13,3,3-4-2,56.1
2026-09-26 11:15:52,20260926,13,3,3-4-5,79.6
2026-09-26 11:15:52,20260926,13,3,3-4-6,181.1
2026-09-26 11:15:52,20260926,13,3,3-5-1,109.1
2026-09-26 11:15:52,20260926,13,3,3-5-2,78.1
2026-09-26 11:15:52,20260926,13,3,3-5-4,162.6
2026-09-26 11:15:52,20260926,13,3,3-5-6,284.5
2026-09-26 11:15:52,20260926,13,3,3-6-1,724.4
2026-09-26 11:15:52,20260926,13,3,3-6-2,498.0
2026-09-26 11:15:52,20260926,13,3,3-6-4,664.0
2026-09-26 11:15:52,20260926,13,3,3-6-5,612.9
2026-09-26 11:15:52,20260926,13,3,4-1-2,59.0
2026-09-26 11:15:52,20260926,13,3,4-1-3,150.3
2026-09-26 11:15:52,20260926,13,3,4-1-5,115.4
2026-09-26 11:15:52,20260926,13,3,4-1-6,306.4
2026-09-26 11:15:52,20260926,13,3,4-2-1,49.4
2026-09-26 11:15:52,20260926,13,3,4-2-3,48.0
2026-09-26 11:15:52,20260926,13,3,4-2-5,38.8
2026-09-26 11:15:52,20260926,13,3,4-2-6,153.2
2026-09-26 11:15:52,20260926,13,3,4-3-1,126.4
2026-09-26 11:15:52,20260926,13,3,4-3-2,83.8
2026-09-26 11:15:52,20260926,13,3,4-3-5,122.5
2026-09-26 11:15:52,20260926,13,3,4-3-6,204.3
2026-09-26 11:15:52,20260926,13,3,4-5-1,132.8
2026-09-26 11:15:52,20260926,13,3,4-5-2,64.2
2026-09-26 11:15:52,20260926,13,3,4-5-3,107.6
2026-09-26 11:15:52,20260926,13,3,4-5-6,185.3
2026-09-26 11:15:52,20260926,13,3,4-6-1,724.4
2026-09-26 11:15:52,20260926,13,3,4-6-2,265.6
2026-09-26 11:15:52,20260926,13,3,4-6-3,724.4
2026-09-26 11:15:52,20260926,13,3,4-6-5,468.7
2026-09-26 11:15:52,20260926,13,3,5-1-2,132.8
2026-09-26 11:15:52,20260926,13,3,5-1-3,94.8
2026-09-26 11:15:52,20260926,13,3,5-1-4,142.2
2026-09-26 11:15:52,20260926,13,3,5-1-6,189.7
2026-09-26 11:15:52,20260926,13,3,5-2-1,135.0
2026-09-26 11:15:52,20260926,13,3,5-2-3,103.4
2026-09-26 11:15:52,20260926,13,3,5-2-4,49.8
2026-09-26 11:15:52,20260926,13,3,5-2-6,249.0
2026-09-26 11:15:52,20260926,13,3,5-3-1,166.0
2026-09-26 11:15:52,20260926,13,3,5-3-2,159.3
2026-09-26 11:15:52,20260926,13,3,5-3-4,318.7
2026-09-26 11:15:52,20260926,13,3,5-3-6,442.7
2026-09-26 11:15:52,20260926,13,3,5-4-1,189.7
2026-09-26 11:15:52,20260926,13,3,5-4-2,57.3
2026-09-26 11:15:52,20260926,13,3,5-4-3,199.2
2026-09-26 11:15:52,20260926,13,3,5-4-6,398.4
2026-09-26 11:15:52,20260926,13,3,5-6-1,885.4
2026-09-26 11:15:52,20260926,13,3,5-6-2,442.7
2026-09-26 11:15:52,20260926,13,3,5-6-3,419.4
2026-09-26 11:15:52,20260926,13,3,5-6-4,664.0
2026-09-26 11:15:52,20260926,13,3,6-1-2,398.4
2026-09-26 11:15:52,20260926,13,3,6-1-3,885.4
2026-09-26 11:15:52,20260926,13,3,6-1-4,664.0
2026-09-26 11:15:52,20260926,13,3,6-1-5,1138.0
2026-09-26 11:15:52,20260926,13,3,6-2-1,531.2
2026-09-26 11:15:52,20260926,13,3,6-2-3,398.4
2026-09-26 11:15:52,20260926,13,3,6-2-4,531.2
2026-09-26 11:15:52,20260926,13,3,6-2-5,724.4
2026-09-26 11:15:52,20260926,13,3,6-3-1,1328.0
2026-09-26 11:15:52,20260926,13,3,6-3-2,724.4
2026-09-26 11:15:52,20260926,13,3,6-3-4,318.7
2026-09-26 11:15:52,20260926,13,3,6-3-5,885.4
2026-09-26 11:15:52,20260926,13,3,6-4-1,724.4
2026-09-26 11:15:52,20260926,13,3,6-4-2,531.2
2026-09-26 11:15:52,20260926,13,3,6-4-3,569.1
2026-09-26 11:15:52,20260926,13,3,6-4-5,1593.0
2026-09-26 11:15:52,20260926,13,3,6-5-1,1138.0
2026-09-26 11:15:52,20260926,13,3,6-5-2,996.0
2026-09-26 11:15:52,20260926,13,3,6-5-3,664.0
2026-09-26 11:15:52,20260926,13,3,6-5-4,498.0
2026-09-26 11:20:15,20260926,9,3,1-2-3,33.7
2026-09-26 11:20:15,20260926,9,3,1-2-4,106.0
2026-09-26 11:20:15,20260926,9,3,1-2-5,29.8
2026-09-26 11:20:15,20260926,9,3,1-2-6,287.0
2026-09-26 11:20:15,20260926,9,3,1-3-2,30.5
2026-09-26 11:20:15,20260926,9,3,1-3-4,75.6
2026-09-26 11:20:15,20260926,9,3,1-3-5,17.4
2026-09-26 11:20:15,20260926,9,3,1-3-6,271.1
2026-09-26 11:20:15,20260926,9,3,1-4-2,174.2
2026-09-26 11:20:15,20260926,9,3,1-4-3,141.4
2026-09-26 11:20:15,20260926,9,3,1-4-5,141.4
2026-09-26 11:20:15,20260926,9,3,1-4-6,314.8
2026-09-26 11:20:15,20260926,9,3,1-5-2,25.4
2026-09-26 11:20:15,20260926,9,3,1-5-3,18.9
2026-09-26 11:20:15,20260926,9,3,1-5-4,88.7
2026-09-26 11:20:15,20260926,9,3,1-5-6,295.7
2026-09-26 11:20:15,20260926,9,3,1-6-2,171.2
2026-09-26 11:20:15,20260926,9,3,1-6-3,112.1
2026-09-26 11:20:15,20260926,9,3,1-6-4,243.9
2026-09-26 11:20:15,20260926,9,3,1-6-5,375.3
2026-09-26 11:20:15,20260926,9,3,2-1-3,41.3
2026-09-26 11:20:15,20260926,9,3,2-1-4,92.0
2026-09-26 11:20:15,20260926,9,3,2-1-5,37.2
2026-09-26 11:20:15,20260926,9,3,2-1-6,212.1
2026-09-26 11:20:15,20260926,9,3,2-3-1,52.7
2026-09-26 11:20:15,20260926,9,3,2-3-4,76.2
2026-09-26 11:20:15,20260926,9,3,2-3-5,19.5
2026-09-26 11:20:15,20260926,9,3,2-3-6,336.5
2026-09-26 11:20:15,20260926,9,3,2-4-1,278.8
2026-09-26 11:20:15,20260926,9,3,2-4-3,177.4
2026-09-26 11:20:15,20260926,9,3,2-4-5,171.2
2026-09-26 11:20:15,20260926,9,3,2-4-6,325.3
2026-09-26 11:20:15,20260926,9,3,2-5-1,39.8
2026-09-26 11:20:15,20260926,9,3,2-5-3,20.1
2026-09-26 11:20:15,20260926,9,3,2-5-4,64.6
2026-09-26 11:20:15,20260926,9,3,2-5-6,256.8
2026-09-26 11:20:15,20260926,9,3,2-6-1,513.6
2026-09-26 11:20:15,20260926,9,3,2-6-3,650.6
2026-09-26 11:20:15,20260926,9,3,2-6-4,424.3
2026-09-26 11:20:15,20260926,9,3,2-6-5,813.3
2026-09-26 11:20:15,20260926,9,3,3-1-2,39.6
2026-09-26 11:20:15,20260926,9,3,3-1-4,90.3
2026-09-26 11:20:15,20260926,9,3,3-1-5,26.3
2026-09-26 11:20:15,20260926,9,3,3-1-6,123.5
2026-09-26 11:20:15,20260926,9,3,3-2-1,57.7
2026-09-26 11:20:15,20260926,9,3,3-2-4,95.6
2026-09-26 11:20:15,20260926,9,3,3-2-5,24.7
2026-09-26 11:20:15,20260926,9,3,3-2-6,314.8
2026-09-26 11:20:15,20260926,9,3,3-4-1,191.3
2026-09-26 11:20:15,20260926,9,3,3-4-2,152.4
2026-09-26 11:20:15,20260926,9,3,3-4-5,157.4
2026-09-26 11:20:15,20260926,9,3,3-4-6,278.8
2026-09-26 11:20:15,20260926,9,3,3-5-1,33.4
2026-09-26 11:20:15,20260926,9,3,3-5-2,24.1
2026-09-26 11:20:15,20260926,9,3,3-5-4,84.8
2026-09-26 11:20:15,20260926,9,3,3-5-6,154.9
2026-09-26 11:20:15,20260926,9,3,3-6-1,609.9
2026-09-26 11:20:15,20260926,9,3,3-6-2,542.2
2026-09-26 11:20:15,20260926,9,3,3-6-4,542.2
2026-09-26 11:20:15,20260926,9,3,3-6-5,390.3
2026-09-26 11:20:15,20260926,9,3,4-1-2,304.9
2026-09-26 11:20:15,20260926,9,3,4-1-3,250.2
2026-09-26 11:20:15,20260926,9,3,4-1-5,221.8
2026-09-26 11:20:15,20260926,9,3,4-1-6,295.7
2026-09-26 11:20:15,20260926,9,3,4-2-1,390.3
2026-09-26 11:20:15,20260926,9,3,4-2-3,191.3
2026-09-26 11:20:15,20260926,9,3,4-2-5,195.1
2026-09-26 11:20:15,20260926,9,3,4-2-6,574.1
2026-09-26 11:20:15,20260926,9,3,4-3-1,271.1
2026-09-26 11:20:15,20260926,9,3,4-3-2,325.3
2026-09-26 11:20:15,20260926,9,3,4-3-5,232.3
2026-09-26 11:20:15,20260926,9,3,4-3-6,542.2
2026-09-26 11:20:15,20260926,9,3,4-5-1,216.8
2026-09-26 11:20:15,20260926,9,3,4-5-2,216.8
2026-09-26 11:20:15,20260926,9,3,4-5-3,184.1
2026-09-26 11:20:15,20260926,9,3,4-5-6,487.9
2026-09-26 11:20:15,20260926,9,3,4-6-1,650.6
2026-09-26 11:20:15,20260926,9,3,4-6-2,750.7
2026-09-26 11:20:15,20260926,9,3,4-6-3,361.4
2026-09-26 11:20:15,20260926,9,3,4-6-5,887.2
2026-09-26 11:20:15,20260926,9,3,5-1-2,29.7
2026-09-26 11:20:15,20260926,9,3,5-1-3,21.1
2026-09-26 11:20:15,20260926,9,3,5-1-4,99.5
2026-09-26 11:20:15,20260926,9,3,5-1-6,130.1
2026-09-26 11:20:15,20260926,9,3,5-2-1,31.9
2026-09-26 11:20:15,20260926,9,3,5-2-3,13.4
2026-09-26 11:20:15,20260926,9,3,5-2-4,68.7
2026-09-26 11:20:15,20260926,9,3,5-2-6,238.0
2026-09-26 11:20:15,20260926,9,3,5-3-1,32.7
2026-09-26 11:20:15,20260926,9,3,5-3-2,18.6
2026-09-26 11:20:15,20260926,9,3,5-3-4,97.5
2026-09-26 11:20:15,20260926,9,3,5-3-6,243.9
2026-09-26 11:20:15,20260926,9,3,5-4-1,168.2
2026-09-26 11:20:15,20260926,9,3,5-4-2,113.4
2026-09-26 11:20:15,20260926,9,3,5-4-3,159.9
2026-09-26 11:20:15,20260926,9,3,5-4-6,542.2
2026-09-26 11:20:15,20260926,9,3,5-6-1,390.3
2026-09-26 11:20:15,20260926,9,3,5-6-2,424.3
2026-09-26 11:20:15,20260926,9,3,5-6-3,278.8
2026-09-26 11:20:15,20260926,9,3,5-6-4,609.9
2026-09-26 11:20:15,20260926,9,3,6-1-2,304.9
2026-09-26 11:20:15,20260926,9,3,6-1-3,375.3
2026-09-26 11:20:15,20260926,9,3,6-1-4,574.1
2026-09-26 11:20:15,20260926,9,3,6-1-5,464.7
2026-09-26 11:20:15,20260926,9,3,6-2-1,361.4
2026-09-26 11:20:15,20260926,9,3,6-2-3,487.9
2026-09-26 11:20:15,20260926,9,3,6-2-4,513.6
2026-09-26 11:20:15,20260926,9,3,6-2-5,813.3
2026-09-26 11:20:15,20260926,9,3,6-3-1,1084.0
2026-09-26 11:20:15,20260926,9,3,6-3-2,975.9
2026-09-26 11:20:15,20260926,9,3,6-3-4,1394.0
2026-09-26 11:20:15,20260926,9,3,6-3-5,406.6
2026-09-26 11:20:15,20260926,9,3,6-4-1,887.2
2026-09-26 11:20:15,20260926,9,3,6-4-2,1219.0
2026-09-26 11:20:15,20260926,9,3,6-4-3,1394.0
2026-09-26 11:20:15,20260926,9,3,6-4-5,1219.0
2026-09-26 11:20:15,20260926,9,3,6-5-1,697.1
2026-09-26 11:20:15,20260926,9,3,6-5-2,887.2
2026-09-26 11:20:15,20260926,9,3,6-5-3,406.6
2026-09-26 11:20:15,20260926,9,3,6-5-4,464.7
2026-09-26 11:22:27,20260926,8,3,1-2-3,48.0
2026-09-26 11:22:27,20260926,8,3,1-2-4,72.2
2026-09-26 11:22:27,20260926,8,3,1-2-5,90.7
2026-09-26 11:22:27,20260926,8,3,1-2-6,137.8
2026-09-26 11:22:27,20260926,8,3,1-3-2,22.4
2026-09-26 11:22:27,20260926,8,3,1-3-4,11.7
2026-09-26 11:22:27,20260926,8,3,1-3-5,18.7
2026-09-26 11:22:27,20260926,8,3,1-3-6,59.0
2026-09-26 11:22:27,20260926,8,3,1-4-2,53.9
2026-09-26 11:22:27,20260926,8,3,1-4-3,23.2
2026-09-26 11:22:27,20260926,8,3,1-4-5,39.3
2026-09-26 11:22:27,20260926,8,3,1-4-6,75.9
2026-09-26 11:22:27,20260926,8,3,1-5-2,93.0
2026-09-26 11:22:27,20260926,8,3,1-5-3,40.6
2026-09-26 11:22:27,20260926,8,3,1-5-4,83.6
2026-09-26 11:22:27,20260926,8,3,1-5-6,130.5
2026-09-26 11:22:27,20260926,8,3,1-6-2,114.5
2026-09-26 11:22:27,20260926,8,3,1-6-3,256.6
2026-09-26 11:22:27,20260926,8,3,1-6-4,310.1
2026-09-26 11:22:27,20260926,8,3,1-6-5,225.5
2026-09-26 11:22:27,20260926,8,3,2-1-3,148.8
2026-09-26 11:22:27,20260926,8,3,2-1-4,169.1
2026-09-26 11:22:27,20260926,8,3,2-1-5,225.5
2026-09-26 11:22:27,20260926,8,3,2-1-6,338.3
2026-09-26 11:22:27,20260926,8,3,2-3-1,155.0
2026-09-26 11:22:27,20260926,8,3,2-3-4,104.8
2026-09-26 11:22:27,20260926,8,3,2-3-5,132.9
2026-09-26 11:22:27,20260926,8,3,2-3-6,310.1
2026-09-26 11:22:27,20260926,8,3,2-4-1,232.6
2026-09-26 11:22:27,20260926,8,3,2-4-3,165.4
2026-09-26 11:22:27,20260926,8,3,2-4-5,248.1
2026-09-26 11:22:27,20260926,8,3,2-4-6,372.1
2026-09-26 11:22:27,20260926,8,3,2-5-1,256.6
2026-09-26 11:22:27,20260926,8,3,2-5-3,195.8
2026-09-26 11:22:27,20260926,8,3,2-5-4,310.1
2026-09-26 11:22:27,20260926,8,3,2-5-6,232.6
2026-09-26 11:22:27,20260926,8,3,2-6-1,620.3
2026-09-26 11:22:27,20260926,8,3,2-6-3,531.6
2026-09-26 11:22:27,20260926,8,3,2-6-4,275.6
2026-09-26 11:22:27,20260926,8,3,2-6-5,465.2
2026-09-26 11:22:27,20260926,8,3,3-1-2,58.6
2026-09-26 11:22:27,20260926,8,3,3-1-4,17.3
2026-09-26 11:22:27,20260926,8,3,3-1-5,24.3
2026-09-26 11:22:27,20260926,8,3,3-1-6,80.0
2026-09-26 11:22:27,20260926,8,3,3-2-1,107.8
2026-09-26 11:22:27,20260926,8,3,3-2-4,77.5
2026-09-26 11:22:27,20260926,8,3,3-2-5,100.5
2026-09-26 11:22:27,20260926,8,3,3-2-6,151.9
2026-09-26 11:22:27,20260926,8,3,3-4-1,18.5
2026-09-26 11:22:27,20260926,8,3,3-4-2,61.0
2026-09-26 11:22:27,20260926,8,3,3-4-5,29.6
2026-09-26 11:22:27,20260926,8,3,3-4-6,42.5
2026-09-26 11:22:27,20260926,8,3,3-5-1,52.0
2026-09-26 11:22:27,20260926,8,3,3-5-2,87.5
2026-09-26 11:22:27,20260926,8,3,3-5-4,44.5
2026-09-26 11:22:27,20260926,8,3,3-5-6,94.2
2026-09-26 11:22:27,20260926,8,3,3-6-1,120.0
2026-09-26 11:22:27,20260926,8,3,3-6-2,212.6
2026-09-26 11:22:27,20260926,8,3,3-6-4,120.0
2026-09-26 11:22:27,20260926,8,3,3-6-5,297.7
2026-09-26 11:22:27,20260926,8,3,4-1-2,70.8
2026-09-26 11:22:27,20260926,8,3,4-1-3,54.3
2026-09-26 11:22:27,20260926,8,3,4-1-5,75.9
2026-09-26 11:22:27,20260926,8,3,4-1-6,126.1
2026-09-26 11:22:27,20260926,8,3,4-2-1,96.6
2026-09-26 11:22:27,20260926,8,3,4-2-3,151.9
2026-09-26 11:22:27,20260926,8,3,4-2-5,161.8
2026-09-26 11:22:27,20260926,8,3,4-2-6,225.5
2026-09-26 11:22:27,20260926,8,3,4-3-1,42.7
2026-09-26 11:22:27,20260926,8,3,4-3-2,145.9
2026-09-26 11:22:27,20260926,8,3,4-3-5,65.8
2026-09-26 11:22:27,20260926,8,3,4-3-6,80.0
2026-09-26 11:22:27,20260926,8,3,4-5-1,80.0
2026-09-26 11:22:27,20260926,8,3,4-5-2,99.2
2026-09-26 11:22:27,20260926,8,3,4-5-3,67.0
2026-09-26 11:22:27,20260926,8,3,4-5-6,86.5
2026-09-26 11:22:27,20260926,8,3,4-6-1,97.9
2026-09-26 11:22:27,20260926,8,3,4-6-2,190.8
2026-09-26 11:22:27,20260926,8,3,4-6-3,88.6
2026-09-26 11:22:27,20260926,8,3,4-6-5,177.2
2026-09-26 11:22:27,20260926,8,3,5-1-2,112.7
2026-09-26 11:22:27,20260926,8,3,5-1-3,78.3
2026-09-26 11:22:27,20260926,8,3,5-1-4,124.0
2026-09-26 11:22:27,20260926,8,3,5-1-6,130.5
2026-09-26 11:22:27,20260926,8,3,5-2-1,190.8
2026-09-26 11:22:27,20260926,8,3,5-2-3,143.1
2026-09-26 11:22:27,20260926,8,3,5-2-4,145.9
2026-09-26 11:22:27,20260926,8,3,5-2-6,195.8
2026-09-26 11:22:27,20260926,8,3,5-3-1,106.3
2026-09-26 11:22:27,20260926,8,3,5-3-2,128.3
2026-09-26 11:22:27,20260926,8,3,5-3-4,82.7
2026-09-26 11:22:27,20260926,8,3,5-3-6,124.0
2026-09-26 11:22:27,20260926,8,3,5-4-1,104.8
2026-09-26 11:22:27,20260926,8,3,5-4-2,112.7
2026-09-26 11:22:27,20260926,8,3,5-4-3,93.0
2026-09-26 11:22:27,20260926,8,3,5-4-6,106.3
2026-09-26 11:22:27,20260926,8,3,5-6-1,177.2
2026-09-26 11:22:27,20260926,8,3,5-6-2,124.0
2026-09-26 11:22:27,20260926,8,3,5-6-3,100.5
2026-09-26 11:22:27,20260926,8,3,5-6-4,186.0
2026-09-26 11:22:27,20260926,8,3,6-1-2,275.6
2026-09-26 11:22:27,20260926,8,3,6-1-3,323.6
2026-09-26 11:22:27,20260926,8,3,6-1-4,372.1
2026-09-26 11:22:27,20260926,8,3,6-1-5,930.4
2026-09-26 11:22:27,20260926,8,3,6-2-1,240.1
2026-09-26 11:22:27,20260926,8,3,6-2-3,323.6
2026-09-26 11:22:27,20260926,8,3,6-2-4,391.7
2026-09-26 11:22:27,20260926,8,3,6-2-5,531.6
2026-09-26 11:22:27,20260926,8,3,6-3-1,437.8
2026-09-26 11:22:27,20260926,8,3,6-3-2,827.0
2026-09-26 11:22:27,20260926,8,3,6-3-4,496.2
2026-09-26 11:22:27,20260926,8,3,6-3-5,744.3
2026-09-26 11:22:27,20260926,8,3,6-4-1,413.5
2026-09-26 11:22:27,20260926,8,3,6-4-2,572.5
2026-09-26 11:22:27,20260926,8,3,6-4-3,531.6
2026-09-26 11:22:27,20260926,8,3,6-4-5,620.3
2026-09-26 11:22:27,20260926,8,3,6-5-1,827.0
2026-09-26 11:22:27,20260926,8,3,6-5-2,676.7
2026-09-26 11:22:27,20260926,8,3,6-5-3,531.6
2026-09-26 11:22:27,20260926,8,3,6-5-4,248.1
2026-09-26 11:22:35,20260926,21,7,1-2-3,50.5
2026-09-26 11:22:35,20260926,21,7,1-2-4,62.7
2026-09-26 11:22:35,20260926,21,7,1-2-5,74.8
2026-09-26 11:22:35,20260926,21,7,1-2-6,116.2
2026-09-26 11:22:35,20260926,21,7,1-3-2,87.8
2026-09-26 11:22:35,20260926,21,7,1-3-4,100.8
2026-09-26 11:22:35,20260926,21,7,1-3-5,86.6
2026-09-26 11:22:35,20260926,21,7,1-3-6,213.9
2026-09-26 11:22:35,20260926,21,7,1-4-2,89.6
2026-09-26 11:22:35,20260926,21,7,1-4-3,130.2
2026-09-26 11:22:35,20260926,21,7,1-4-5,80.3
2026-09-26 11:22:35,20260926,21,7,1-4-6,149.7
2026-09-26 11:22:35,20260926,21,7,1-5-2,120.0
2026-09-26 11:22:35,20260926,21,7,1-5-3,145.2
2026-09-26 11:22:35,20260926,21,7,1-5-4,127.6
2026-09-26 11:22:35,20260926,21,7,1-5-6,185.5
2026-09-26 11:22:35,20260926,21,7,1-6-2,280.8
2026-09-26 11:22:35,20260926,21,7,1-6-3,340.0
2026-09-26 11:22:35,20260926,21,7,1-6-4,288.5
2026-09-26 11:22:35,20260926,21,7,1-6-5,390.7
2026-09-26 11:22:35,20260926,21,7,2-1-3,91.0
2026-09-26 11:22:35,20260926,21,7,2-1-4,82.0
2026-09-26 11:22:35,20260926,21,7,2-1-5,82.0
2026-09-26 11:22:35,20260926,21,7,2-1-6,161.7
2026-09-26 11:22:35,20260926,21,7,2-3-1,89.8
2026-09-26 11:22:35,20260926,21,7,2-3-4,28.2
2026-09-26 11:22:35,20260926,21,7,2-3-5,23.4
2026-09-26 11:22:35,20260926,21,7,2-3-6,59.6
2026-09-26 11:22:35,20260926,21,7,2-4-1,70.5
2026-09-26 11:22:35,20260926,21,7,2-4-3,33.9
2026-09-26 11:22:35,20260926,21,7,2-4-5,16.0
2026-09-26 11:22:35,20260926,21,7,2-4-6,33.3
2026-09-26 11:22:35,20260926,21,7,2-5-1,93.7
2026-09-26 11:22:35,20260926,21,7,2-5-3,28.0
2026-09-26 11:22:35,20260926,21,7,2-5-4,19.9
2026-09-26 11:22:35,20260926,21,7,2-5-6,28.5
2026-09-26 11:22:35,20260926,21,7,2-6-1,251.6
2026-09-26 11:22:35,20260926,21,7,2-6-3,165.5
2026-09-26 11:22:35,20260926,21,7,2-6-4,89.3
2026-09-26 11:22:35,20260926,21,7,2-6-5,75.9
2026-09-26 11:22:35,20260926,21,7,3-1-2,129.7
2026-09-26 11:22:35,20260926,21,7,3-1-4,160.4
2026-09-26 11:22:35,20260926,21,7,3-1-5,120.5
2026-09-26 11:22:35,20260926,21,7,3-1-6,292.6
2026-09-26 11:22:35,20260926,21,7,3-2-1,132.1
2026-09-26 11:22:35,20260926,21,7,3-2-4,49.6
2026-09-26 11:22:35,20260926,21,7,3-2-5,39.5
2026-09-26 11:22:35,20260926,21,7,3-2-6,98.9
2026-09-26 11:22:35,20260926,21,7,3-4-1,162.9
2026-09-26 11:22:35,20260926,21,7,3-4-2,73.6
2026-09-26 11:22:35,20260926,21,7,3-4-5,66.9
2026-09-26 11:22:35,20260926,21,7,3-4-6,123.1
2026-09-26 11:22:35,20260926,21,7,3-5-1,127.8
2026-09-26 11:22:35,20260926,21,7,3-5-2,51.2
2026-09-26 11:22:35,20260926,21,7,3-5-4,69.8
2026-09-26 11:22:35,20260926,21,7,3-5-6,97.5
2026-09-26 11:22:35,20260926,21,7,3-6-1,507.3
2026-09-26 11:22:35,20260926,21,7,3-6-2,226.3
2026-09-26 11:22:35,20260926,21,7,3-6-4,347.5
2026-09-26 11:22:35,20260926,21,7,3-6-5,241.0
2026-09-26 11:22:35,20260926,21,7,4-1-2,96.3
2026-09-26 11:22:35,20260926,21,7,4-1-3,141.6
2026-09-26 11:22:35,20260926,21,7,4-1-5,83.2
2026-09-26 11:22:35,20260926,21,7,4-1-6,140.7
2026-09-26 11:22:35,20260926,21,7,4-2-1,82.4
2026-09-26 11:22:35,20260926,21,7,4-2-3,56.8
2026-09-26 11:22:35,20260926,21,7,4-2-5,26.6
2026-09-26 11:22:35,20260926,21,7,4-2-6,50.6
2026-09-26 11:22:35,20260926,21,7,4-3-1,188.3
2026-09-26 11:22:35,20260926,21,7,4-3-2,91.9
2026-09-26 11:22:35,20260926,21,7,4-3-5,81.4
2026-09-26 11:22:35,20260926,21,7,4-3-6,151.9
2026-09-26 11:22:35,20260926,21,7,4-5-1,71.9
2026-09-26 11:22:35,20260926,21,7,4-5-2,26.9
2026-09-26 11:22:35,20260926,21,7,4-5-3,55.4
2026-09-26 11:22:35,20260926,21,7,4-5-6,32.0
2026-09-26 11:22:35,20260926,21,7,4-6-1,197.2
2026-09-26 11:22:35,20260926,21,7,4-6-2,90.5
2026-09-26 11:22:35,20260926,21,7,4-6-3,186.6
2026-09-26 11:22:35,20260926,21,7,4-6-5,76.1
2026-09-26 11:22:35,20260926,21,7,5-1-2,211.8
2026-09-26 11:22:35,20260926,21,7,5-1-3,203.6
2026-09-26 11:22:35,20260926,21,7,5-1-4,195.9
2026-09-26 11:22:35,20260926,21,7,5-1-6,256.7
2026-09-26 11:22:35,20260926,21,7,5-2-1,171.4
2026-09-26 11:22:35,20260926,21,7,5-2-3,72.0
2026-09-26 11:22:35,20260926,21,7,5-2-4,48.6
2026-09-26 11:22:35,20260926,21,7,5-2-6,76.6
2026-09-26 11:22:35,20260926,21,7,5-3-1,227.1
2026-09-26 11:22:35,20260926,21,7,5-3-2,104.5
2026-09-26 11:22:35,20260926,21,7,5-3-4,123.1
2026-09-26 11:22:35,20260926,21,7,5-3-6,195.9
2026-09-26 11:22:35,20260926,21,7,5-4-1,168.6
2026-09-26 11:22:35,20260926,21,7,5-4-2,55.0
2026-09-26 11:22:35,20260926,21,7,5-4-3,101.3
2026-09-26 11:22:35,20260926,21,7,5-4-6,80.9
2026-09-26 11:22:35,20260926,21,7,5-6-1,383.6
2026-09-26 11:22:35,20260926,21,7,5-6-2,131.0
2026-09-26 11:22:35,20260926,21,7,5-6-3,274.7
2026-09-26 11:22:35,20260926,21,7,5-6-4,134.4
2026-09-26 11:22:35,20260926,21,7,6-1-2,353.4
2026-09-26 11:22:35,20260926,21,7,6-1-3,757.9
2026-09-26 11:22:35,20260926,21,7,6-1-4,691.3
2026-09-26 11:22:35,20260926,21,7,6-1-5,691.3
2026-09-26 11:22:35,20260926,21,7,6-2-1,359.5
2026-09-26 11:22:35,20260926,21,7,6-2-3,376.7
2026-09-26 11:22:35,20260926,21,7,6-2-4,233.8
2026-09-26 11:22:35,20260926,21,7,6-2-5,207.6
2026-09-26 11:22:35,20260926,21,7,6-3-1,873.8
2026-09-26 11:22:35,20260926,21,7,6-3-2,537.7
2026-09-26 11:22:35,20260926,21,7,6-3-4,515.6
2026-09-26 11:22:35,20260926,21,7,6-3-5,635.4
2026-09-26 11:22:35,20260926,21,7,6-4-1,699.0
2026-09-26 11:22:35,20260926,21,7,6-4-2,246.7
2026-09-26 11:22:35,20260926,21,7,6-4-3,519.9
2026-09-26 11:22:35,20260926,21,7,6-4-5,214.7
2026-09-26 11:22:35,20260926,21,7,6-5-1,604.9
2026-09-26 11:22:35,20260926,21,7,6-5-2,230.4
2026-09-26 11:22:35,20260926,21,7,6-5-3,491.5
2026-09-26 11:22:35,20260926,21,7,6-5-4,206.9
2026-09-26 11:26:43,20260926,5,2,1-2-3,28.1
2026-09-26 11:26:43,20260926,5,2,1-2-4,10.1
2026-09-26 11:26:43,20260926,5,2,1-2-5,81.6
2026-09-26 11:26:43,20260926,5,2,1-2-6,14.6
2026-09-26 11:26:43,20260926,5,2,1-3-2,70.6
2026-09-26 11:26:43,20260926,5,2,1-3-4,83.6
2026-09-26 11:26:43,20260926,5,2,1-3-5,186.7
2026-09-26 11:26:43,20260926,5,2,1-3-6,93.3
2026-09-26 11:26:43,20260926,5,2,1-4-2,21.6
2026-09-26 11:26:43,20260926,5,2,1-4-3,83.6
2026-09-26 11:26:43,20260926,5,2,1-4-5,243.1
2026-09-26 11:26:43,20260926,5,2,1-4-6,28.7
2026-09-26 11:26:43,20260926,5,2,1-5-2,95.9
2026-09-26 11:26:43,20260926,5,2,1-5-3,201.0
2026-09-26 11:26:43,20260926,5,2,1-5-4,217.8
2026-09-26 11:26:43,20260926,5,2,1-5-6,190.1
2026-09-26 11:26:43,20260926,5,2,1-6-2,48.4
2026-09-26 11:26:43,20260926,5,2,1-6-3,145.2
2026-09-26 11:26:43,20260926,5,2,1-6-4,58.0
2026-09-26 11:26:43,20260926,5,2,1-6-5,387.2
2026-09-26 11:26:43,20260926,5,2,2-1-3,36.6
2026-09-26 11:26:43,20260926,5,2,2-1-4,9.6
2026-09-26 11:26:43,20260926,5,2,2-1-5,73.6
2026-09-26 11:26:43,20260926,5,2,2-1-6,13.4
2026-09-26 11:26:43,20260926,5,2,2-3-1,82.3
2026-09-26 11:26:43,20260926,5,2,2-3-4,77.4
2026-09-26 11:26:43,20260926,5,2,2-3-5,248.9
2026-09-26 11:26:43,20260926,5,2,2-3-6,82.3
2026-09-26 11:26:43,20260926,5,2,2-4-1,16.3
2026-09-26 11:26:43,20260926,5,2,2-4-3,48.1
2026-09-26 11:26:43,20260926,5,2,2-4-5,139.4
2026-09-26 11:26:43,20260926,5,2,2-4-6,12.4
2026-09-26 11:26:43,20260926,5,2,2-5-1,298.7
2026-09-26 11:26:43,20260926,5,2,2-5-3,307.5
2026-09-26 11:26:43,20260926,5,2,2-5-4,373.4
2026-09-26 11:26:43,20260926,5,2,2-5-6,186.7
2026-09-26 11:26:43,20260926,5,2,2-6-1,32.8
2026-09-26 11:26:43,20260926,5,2,2-6-3,104.5
2026-09-26 11:26:43,20260926,5,2,2-6-4,24.3
2026-09-26 11:26:43,20260926,5,2,2-6-5,237.6
2026-09-26 11:26:43,20260926,5,2,3-1-2,222.4
2026-09-26 11:26:43,20260926,5,2,3-1-4,158.4
2026-09-26 11:26:43,20260926,5,2,3-1-5,168.6
2026-09-26 11:26:43,20260926,5,2,3-1-6,222.4
2026-09-26 11:26:43,20260926,5,2,3-2-1,248.9
2026-09-26 11:26:43,20260926,5,2,3-2-4,145.2
2026-09-26 11:26:43,20260926,5,2,3-2-5,205.0
2026-09-26 11:26:43,20260926,5,2,3-2-6,209.1
2026-09-26 11:26:43,20260926,5,2,3-4-1,248.9
2026-09-26 11:26:43,20260926,5,2,3-4-2,205.0
2026-09-26 11:26:43,20260926,5,2,3-4-5,580.9
2026-09-26 11:26:43,20260926,5,2,3-4-6,222.4
2026-09-26 11:26:43,20260926,5,2,3-5-1,337.3
2026-09-26 11:26:43,20260926,5,2,3-5-2,217.8
2026-09-26 11:26:43,20260926,5,2,3-5-4,360.5
2026-09-26 11:26:43,20260926,5,2,3-5-6,475.2
2026-09-26 11:26:43,20260926,5,2,3-6-1,454.6
2026-09-26 11:26:43,20260926,5,2,3-6-2,522.8
2026-09-26 11:26:43,20260926,5,2,3-6-4,418.2
2026-09-26 11:26:43,20260926,5,2,3-6-5,871.3
2026-09-26 11:26:43,20260926,5,2,4-1-2,38.4
2026-09-26 11:26:43,20260926,5,2,4-1-3,132.3
2026-09-26 11:26:43,20260926,5,2,4-1-5,227.3
2026-09-26 11:26:43,20260926,5,2,4-1-6,87.8
2026-09-26 11:26:43,20260926,5,2,4-2-1,41.4
2026-09-26 11:26:43,20260926,5,2,4-2-3,125.9
2026-09-26 11:26:43,20260926,5,2,4-2-5,307.5
2026-09-26 11:26:43,20260926,5,2,4-2-6,44.4
2026-09-26 11:26:43,20260926,5,2,4-3-1,205.0
2026-09-26 11:26:43,20260926,5,2,4-3-2,248.9
2026-09-26 11:26:43,20260926,5,2,4-3-5,435.6
2026-09-26 11:26:43,20260926,5,2,4-3-6,141.3
2026-09-26 11:26:43,20260926,5,2,4-5-1,475.2
2026-09-26 11:26:43,20260926,5,2,4-5-2,348.5
2026-09-26 11:26:43,20260926,5,2,4-5-3,615.0
2026-09-26 11:26:43,20260926,5,2,4-5-6,475.2
2026-09-26 11:26:43,20260926,5,2,4-6-1,118.8
2026-09-26 11:26:43,20260926,5,2,4-6-2,57.7
2026-09-26 11:26:43,20260926,5,2,4-6-3,290.4
2026-09-26 11:26:43,20260926,5,2,4-6-5,475.2
2026-09-26 11:26:43,20260926,5,2,5-1-2,402.1
2026-09-26 11:26:43,20260926,5,2,5-1-3,222.4
2026-09-26 11:26:43,20260926,5,2,5-1-4,615.0
2026-09-26 11:26:43,20260926,5,2,5-1-6,373.4
2026-09-26 11:26:43,20260926,5,2,5-2-1,435.6
2026-09-26 11:26:43,20260926,5,2,5-2-3,316.8
2026-09-26 11:26:43,20260926,5,2,5-2-4,282.6
2026-09-26 11:26:43,20260926,5,2,5-2-6,316.8
2026-09-26 11:26:43,20260926,5,2,5-3-1,402.1
2026-09-26 11:26:43,20260926,5,2,5-3-2,360.5
2026-09-26 11:26:43,20260926,5,2,5-3-4,950.5
2026-09-26 11:26:43,20260926,5,2,5-3-6,290.4
2026-09-26 11:26:43,20260926,5,2,5-4-1,653.5
2026-09-26 11:26:43,20260926,5,2,5-4-2,418.2
2026-09-26 11:26:43,20260926,5,2,5-4-3,804.3
2026-09-26 11:26:43,20260926,5,2,5-4-6,550.3
2026-09-26 11:26:43,20260926,5,2,5-6-1,871.3
2026-09-26 11:26:43,20260926,5,2,5-6-2,550.3
2026-09-26 11:26:43,20260926,5,2,5-6-3,746.8
2026-09-26 11:26:43,20260926,5,2,5-6-4,697.1
2026-09-26 11:26:43,20260926,5,2,6-1-2,99.5
2026-09-26 11:26:43,20260926,5,2,6-1-3,298.7
2026-09-26 11:26:43,20260926,5,2,6-1-4,147.2
2026-09-26 11:26:43,20260926,5,2,6-1-5,1307.0
2026-09-26 11:26:43,20260926,5,2,6-2-1,75.2
2026-09-26 11:26:43,20260926,5,2,6-2-3,171.4
2026-09-26 11:26:43,20260926,5,2,6-2-4,75.7
2026-09-26 11:26:43,20260926,5,2,6-2-5,746.8
2026-09-26 11:26:43,20260926,5,2,6-3-1,290.4
2026-09-26 11:26:43,20260926,5,2,6-3-2,522.8
2026-09-26 11:26:43,20260926,5,2,6-3-4,746.8
2026-09-26 11:26:43,20260926,5,2,6-3-5,1307.0
2026-09-26 11:26:43,20260926,5,2,6-4-1,156.0
2026-09-26 11:26:43,20260926,5,2,6-4-2,86.4
2026-09-26 11:26:43,20260926,5,2,6-4-3,255.0
2026-09-26 11:26:43,20260926,5,2,6-4-5,950.5
2026-09-26 11:26:43,20260926,5,2,6-5-1,1307.0
2026-09-26 11:26:43,20260926,5,2,6-5-2,871.3
2026-09-26 11:26:43,20260926,5,2,6-5-3,871.3
2026-09-26 11:26:43,20260926,5,2,6-5-4,804.3
2026-09-26 11:28:36,20260926,3,2,1-2-3,24.3
2026-09-26 11:28:36,20260926,3,2,1-2-4,32.7
2026-09-26 11:28:36,20260926,3,2,1-2-5,15.2
2026-09-26 11:28:36,20260926,3,2,1-2-6,39.0
2026-09-26 11:28:36,20260926,3,2,1-3-2,33.0
2026-09-26 11:28:36,20260926,3,2,1-3-4,67.7
2026-09-26 11:28:36,20260926,3,2,1-3-5,45.1
2026-09-26 11:28:36,20260926,3,2,1-3-6,121.3
2026-09-26 11:28:36,20260926,3,2,1-4-2,66.9
2026-09-26 11:28:36,20260926,3,2,1-4-3,129.4
2026-09-26 11:28:36,20260926,3,2,1-4-5,60.0
2026-09-26 11:28:36,20260926,3,2,1-4-6,107.8
2026-09-26 11:28:36,20260926,3,2,1-5-2,23.3
2026-09-26 11:28:36,20260926,3,2,1-5-3,41.0
2026-09-26 11:28:36,20260926,3,2,1-5-4,48.9
2026-09-26 11:28:36,20260926,3,2,1-5-6,70.1
2026-09-26 11:28:36,20260926,3,2,1-6-2,84.3
2026-09-26 11:28:36,20260926,3,2,1-6-3,118.8
2026-09-26 11:28:36,20260926,3,2,1-6-4,157.3
2026-09-26 11:28:36,20260926,3,2,1-6-5,103.9
2026-09-26 11:28:36,20260926,3,2,2-1-3,26.5
2026-09-26 11:28:36,20260926,3,2,2-1-4,40.4
2026-09-26 11:28:36,20260926,3,2,2-1-5,20.6
2026-09-26 11:28:36,20260926,3,2,2-1-6,55.4
2026-09-26 11:28:36,20260926,3,2,2-3-1,61.2
2026-09-26 11:28:36,20260926,3,2,2-3-4,74.6
2026-09-26 11:28:36,20260926,3,2,2-3-5,67.7
2026-09-26 11:28:36,20260926,3,2,2-3-6,171.2
2026-09-26 11:28:36,20260926,3,2,2-4-1,71.8
2026-09-26 11:28:36,20260926,3,2,2-4-3,103.9
2026-09-26 11:28:36,20260926,3,2,2-4-5,116.4
2026-09-26 11:28:36,20260926,3,2,2-4-6,121.3
2026-09-26 11:28:36,20260926,3,2,2-5-1,39.6
2026-09-26 11:28:36,20260926,3,2,2-5-3,56.5
2026-09-26 11:28:36,20260926,3,2,2-5-4,138.6
2026-09-26 11:28:36,20260926,3,2,2-5-6,80.8
2026-09-26 11:28:36,20260926,3,2,2-6-1,102.1
2026-09-26 11:28:36,20260926,3,2,2-6-3,171.2
2026-09-26 11:28:36,20260926,3,2,2-6-4,187.8
2026-09-26 11:28:36,20260926,3,2,2-6-5,109.8
2026-09-26 11:28:36,20260926,3,2,3-1-2,65.4
2026-09-26 11:28:36,20260926,3,2,3-1-4,83.1
2026-09-26 11:28:36,20260926,3,2,3-1-5,44.1
2026-09-26 11:28:36,20260926,3,2,3-1-6,129.4
2026-09-26 11:28:36,20260926,3,2,3-2-1,97.0
2026-09-26 11:28:36,20260926,3,2,3-2-4,69.3
2026-09-26 11:28:36,20260926,3,2,3-2-5,62.6
2026-09-26 11:28:36,20260926,3,2,3-2-6,105.8
2026-09-26 11:28:36,20260926,3,2,3-4-1,105.8
2026-09-26 11:28:36,20260926,3,2,3-4-2,86.9
2026-09-26 11:28:36,20260926,3,2,3-4-5,157.3
2026-09-26 11:28:36,20260926,3,2,3-4-6,135.4
2026-09-26 11:28:36,20260926,3,2,3-5-1,80.8
2026-09-26 11:28:36,20260926,3,2,3-5-2,63.9
2026-09-26 11:28:36,20260926,3,2,3-5-4,135.4
2026-09-26 11:28:36,20260926,3,2,3-5-6,126.5
2026-09-26 11:28:36,20260926,3,2,3-6-1,223.9
2026-09-26 11:28:36,20260926,3,2,3-6-2,194.1
2026-09-26 11:28:36,20260926,3,2,3-6-4,253.1
2026-09-26 11:28:36,20260926,3,2,3-6-5,253.1
2026-09-26 11:28:36,20260926,3,2,4-1-2,138.6
2026-09-26 11:28:36,20260926,3,2,4-1-3,157.3
2026-09-26 11:28:36,20260926,3,2,4-1-5,70.1
2026-09-26 11:28:36,20260926,3,2,4-1-6,171.2
2026-09-26 11:28:36,20260926,3,2,4-2-1,166.3
2026-09-26 11:28:36,20260926,3,2,4-2-3,126.5
2026-09-26 11:28:36,20260926,3,2,4-2-5,121.3
2026-09-26 11:28:36,20260926,3,2,4-2-6,176.4
2026-09-26 11:28:36,20260926,3,2,4-3-1,135.4
2026-09-26 11:28:36,20260926,3,2,4-3-2,135.4
2026-09-26 11:28:36,20260926,3,2,4-3-5,153.2
2026-09-26 11:28:36,20260926,3,2,4-3-6,215.6
2026-09-26 11:28:36,20260926,3,2,4-5-1,92.4
2026-09-26 11:28:36,20260926,3,2,4-5-2,118.8
2026-09-26 11:28:36,20260926,3,2,4-5-3,145.5
2026-09-26 11:28:36,20260926,3,2,4-5-6,105.8
2026-09-26 11:28:36,20260926,3,2,4-6-1,207.9
2026-09-26 11:28:36,20260926,3,2,4-6-2,123.8
2026-09-26 11:28:36,20260926,3,2,4-6-3,388.2
2026-09-26 11:28:36,20260926,3,2,4-6-5,207.9
2026-09-26 11:28:36,20260926,3,2,5-1-2,38.8
2026-09-26 11:28:36,20260926,3,2,5-1-3,78.6
2026-09-26 11:28:36,20260926,3,2,5-1-4,121.3
2026-09-26 11:28:36,20260926,3,2,5-1-6,64.7
2026-09-26 11:28:36,20260926,3,2,5-2-1,50.6
2026-09-26 11:28:36,20260926,3,2,5-2-3,92.4
2026-09-26 11:28:36,20260926,3,2,5-2-4,107.8
2026-09-26 11:28:36,20260926,3,2,5-2-6,109.8
2026-09-26 11:28:36,20260926,3,2,5-3-1,109.8
2026-09-26 11:28:36,20260926,3,2,5-3-2,121.3
2026-09-26 11:28:36,20260926,3,2,5-3-4,207.9
2026-09-26 11:28:36,20260926,3,2,5-3-6,253.1
2026-09-26 11:28:36,20260926,3,2,5-4-1,194.1
2026-09-26 11:28:36,20260926,3,2,5-4-2,242.6
2026-09-26 11:28:36,20260926,3,2,5-4-3,242.6
2026-09-26 11:28:36,20260926,3,2,5-4-6,207.9
2026-09-26 11:28:36,20260926,3,2,5-6-1,153.2
2026-09-26 11:28:36,20260926,3,2,5-6-2,161.7
2026-09-26 11:28:36,20260926,3,2,5-6-3,223.9
2026-09-26 11:28:36,20260926,3,2,5-6-4,207.9
2026-09-26 11:28:36,20260926,3,2,6-1-2,149.3
2026-09-26 11:28:36,20260926,3,2,6-1-3,388.2
2026-09-26 11:28:36,20260926,3,2,6-1-4,264.6
2026-09-26 11:28:36,20260926,3,2,6-1-5,306.4
2026-09-26 11:28:36,20260926,3,2,6-2-1,145.5
2026-09-26 11:28:36,20260926,3,2,6-2-3,242.6
2026-09-26 11:28:36,20260926,3,2,6-2-4,232.9
2026-09-26 11:28:36,20260926,3,2,6-2-5,176.4
2026-09-26 11:28:36,20260926,3,2,6-3-1,485.2
2026-09-26 11:28:36,20260926,3,2,6-3-2,582.3
2026-09-26 11:28:36,20260926,3,2,6-3-4,242.6
2026-09-26 11:28:36,20260926,3,2,6-3-5,529.3
2026-09-26 11:28:36,20260926,3,2,6-4-1,727.8
2026-09-26 11:28:36,20260926,3,2,6-4-2,342.5
2026-09-26 11:28:36,20260926,3,2,6-4-3,415.9
2026-09-26 11:28:36,20260926,3,2,6-4-5,323.5
2026-09-26 11:28:36,20260926,3,2,6-5-1,291.1
2026-09-26 11:28:36,20260926,3,2,6-5-2,215.6
2026-09-26 11:28:36,20260926,3,2,6-5-3,363.9
2026-09-26 11:28:36,20260926,3,2,6-5-4,215.6
2026-09-26 11:32:45,20260926,2,3,1-2-3,31.9
2026-09-26 11:32:45,20260926,2,3,1-2-4,23.4
2026-09-26 11:32:45,20260926,2,3,1-2-5,67.2
2026-09-26 11:32:45,20260926,2,3,1-2-6,33.1
2026-09-26 11:32:45,20260926,2,3,1-3-2,68.3
2026-09-26 11:32:45,20260926,2,3,1-3-4,85.7
2026-09-26 11:32:45,20260926,2,3,1-3-5,145.5
2026-09-26 11:32:45,20260926,2,3,1-3-6,193.5
2026-09-26 11:32:45,20260926,2,3,1-4-2,43.2
2026-09-26 11:32:45,20260926,2,3,1-4-3,84.4
2026-09-26 11:32:45,20260926,2,3,1-4-5,123.9
2026-09-26 11:32:45,20260926,2,3,1-4-6,89.1
2026-09-26 11:32:45,20260926,2,3,1-5-2,87.6
2026-09-26 11:32:45,20260926,2,3,1-5-3,178.2
2026-09-26 11:32:45,20260926,2,3,1-5-4,186.6
2026-09-26 11:32:45,20260926,2,3,1-5-6,172.4
2026-09-26 11:32:45,20260926,2,3,1-6-2,83.9
2026-09-26 11:32:45,20260926,2,3,1-6-3,198.3
2026-09-26 11:32:45,20260926,2,3,1-6-4,154.0
2026-09-26 11:32:45,20260926,2,3,1-6-5,240.4
2026-09-26 11:32:45,20260926,2,3,2-1-3,22.3
2026-09-26 11:32:45,20260926,2,3,2-1-4,13.7
2026-09-26 11:32:45,20260926,2,3,2-1-5,54.1
2026-09-26 11:32:45,20260926,2,3,2-1-6,23.3
2026-09-26 11:32:45,20260926,2,3,2-3-1,35.3
2026-09-26 11:32:45,20260926,2,3,2-3-4,28.9
2026-09-26 11:32:45,20260926,2,3,2-3-5,51.0
2026-09-26 11:32:45,20260926,2,3,2-3-6,49.2
2026-09-26 11:32:45,20260926,2,3,2-4-1,18.0
2026-09-26 11:32:45,20260926,2,3,2-4-3,30.6
2026-09-26 11:32:45,20260926,2,3,2-4-5,41.4
2026-09-26 11:32:45,20260926,2,3,2-4-6,21.1
2026-09-26 11:32:45,20260926,2,3,2-5-1,65.5
2026-09-26 11:32:45,20260926,2,3,2-5-3,69.5
2026-09-26 11:32:45,20260926,2,3,2-5-4,72.7
2026-09-26 11:32:45,20260926,2,3,2-5-6,72.4
2026-09-26 11:32:45,20260926,2,3,2-6-1,41.8
2026-09-26 11:32:45,20260926,2,3,2-6-3,65.0
2026-09-26 11:32:45,20260926,2,3,2-6-4,38.0
2026-09-26 11:32:45,20260926,2,3,2-6-5,97.9
2026-09-26 11:32:45,20260926,2,3,3-1-2,81.7
2026-09-26 11:32:45,20260926,2,3,3-1-4,123.0
2026-09-26 11:32:45,20260926,2,3,3-1-5,96.1
2026-09-26 11:32:45,20260926,2,3,3-1-6,220.3
2026-09-26 11:32:45,20260926,2,3,3-2-1,88.6
2026-09-26 11:32:45,20260926,2,3,3-2-4,57.0
2026-09-26 11:32:45,20260926,2,3,3-2-5,101.0
2026-09-26 11:32:45,20260926,2,3,3-2-6,110.9
2026-09-26 11:32:45,20260926,2,3,3-4-1,137.9
2026-09-26 11:32:45,20260926,2,3,3-4-2,74.8
2026-09-26 11:32:45,20260926,2,3,3-4-5,155.5
2026-09-26 11:32:45,20260926,2,3,3-4-6,157.1
2026-09-26 11:32:45,20260926,2,3,3-5-1,151.1
2026-09-26 11:32:45,20260926,2,3,3-5-2,103.0
2026-09-26 11:32:45,20260926,2,3,3-5-4,182.3
2026-09-26 11:32:45,20260926,2,3,3-5-6,223.5
2026-09-26 11:32:45,20260926,2,3,3-6-1,453.3
2026-09-26 11:32:45,20260926,2,3,3-6-2,223.5
2026-09-26 11:32:45,20260926,2,3,3-6-4,305.1
2026-09-26 11:32:45,20260926,2,3,3-6-5,417.5
2026-09-26 11:32:45,20260926,2,3,4-1-2,60.5
2026-09-26 11:32:45,20260926,2,3,4-1-3,168.8
2026-09-26 11:32:45,20260926,2,3,4-1-5,167.0
2026-09-26 11:32:45,20260926,2,3,4-1-6,174.3
2026-09-26 11:32:45,20260926,2,3,4-2-1,53.9
2026-09-26 11:32:45,20260926,2,3,4-2-3,67.8
2026-09-26 11:32:45,20260926,2,3,4-2-5,80.5
2026-09-26 11:32:45,20260926,2,3,4-2-6,60.5
2026-09-26 11:32:45,20260926,2,3,4-3-1,140.4
2026-09-26 11:32:45,20260926,2,3,4-3-2,103.7
2026-09-26 11:32:45,20260926,2,3,4-3-5,180.3
2026-09-26 11:32:45,20260926,2,3,4-3-6,165.2
2026-09-26 11:32:45,20260926,2,3,4-5-1,152.5
2026-09-26 11:32:45,20260926,2,3,4-5-2,122.0
2026-09-26 11:32:45,20260926,2,3,4-5-3,211.5
2026-09-26 11:32:45,20260926,2,3,4-5-6,155.5
2026-09-26 11:32:45,20260926,2,3,4-6-1,160.2
2026-09-26 11:32:45,20260926,2,3,4-6-2,86.7
2026-09-26 11:32:45,20260926,2,3,4-6-3,186.6
2026-09-26 11:32:45,20260926,2,3,4-6-5,188.9
2026-09-26 11:32:45,20260926,2,3,5-1-2,233.3
2026-09-26 11:32:45,20260926,2,3,5-1-3,176.3
2026-09-26 11:32:45,20260926,2,3,5-1-4,330.5
2026-09-26 11:32:45,20260926,2,3,5-1-6,311.1
2026-09-26 11:32:45,20260926,2,3,5-2-1,129.0
2026-09-26 11:32:45,20260926,2,3,5-2-3,137.9
2026-09-26 11:32:45,20260926,2,3,5-2-4,131.1
2026-09-26 11:32:45,20260926,2,3,5-2-6,163.5
2026-09-26 11:32:45,20260926,2,3,5-3-1,198.3
2026-09-26 11:32:45,20260926,2,3,5-3-2,178.2
2026-09-26 11:32:45,20260926,2,3,5-3-4,305.1
2026-09-26 11:32:45,20260926,2,3,5-3-6,288.5
2026-09-26 11:32:45,20260926,2,3,5-4-1,323.8
2026-09-26 11:32:45,20260926,2,3,5-4-2,233.3
2026-09-26 11:32:45,20260926,2,3,5-4-3,406.8
2026-09-26 11:32:45,20260926,2,3,5-4-6,217.3
2026-09-26 11:32:45,20260926,2,3,5-6-1,174.3
2026-09-26 11:32:45,20260926,2,3,5-6-2,377.8
2026-09-26 11:32:45,20260926,2,3,5-6-3,466.7
2026-09-26 11:32:45,20260926,2,3,5-6-4,352.6
2026-09-26 11:32:45,20260926,2,3,6-1-2,136.7
2026-09-26 11:32:45,20260926,2,3,6-1-3,377.8
2026-09-26 11:32:45,20260926,2,3,6-1-4,188.9
2026-09-26 11:32:45,20260926,2,3,6-1-5,661.1
2026-09-26 11:32:45,20260926,2,3,6-2-1,133.3
2026-09-26 11:32:45,20260926,2,3,6-2-3,236.8
2026-09-26 11:32:45,20260926,2,3,6-2-4,132.2
2026-09-26 11:32:45,20260926,2,3,6-2-5,480.8
2026-09-26 11:32:45,20260926,2,3,6-3-1,689.9
2026-09-26 11:32:45,20260926,2,3,6-3-2,352.6
2026-09-26 11:32:45,20260926,2,3,6-3-4,344.9
2026-09-26 11:32:45,20260926,2,3,6-3-5,991.7
2026-09-26 11:32:45,20260926,2,3,6-4-1,264.4
2026-09-26 11:32:45,20260926,2,3,6-4-2,151.1
2026-09-26 11:32:45,20260926,2,3,6-4-3,360.6
2026-09-26 11:32:45,20260926,2,3,6-4-5,610.3
2026-09-26 11:32:45,20260926,2,3,6-5-1,330.5
2026-09-26 11:32:45,20260926,2,3,6-5-2,1057.0
2026-09-26 11:32:45,20260926,2,3,6-5-3,1220.0
2026-09-26 11:32:45,20260926,2,3,6-5-4,587.7
2026-09-26 11:35:00,20260926,22,1,1-2-3,5.7
2026-09-26 11:35:00,20260926,22,1,1-2-4,6.4
2026-09-26 11:35:00,20260926,22,1,1-2-5,12.4
2026-09-26 11:35:00,20260926,22,1,1-2-6,28.2
2026-09-26 11:35:00,20260926,22,1,1-3-2,13.1
2026-09-26 11:35:00,20260926,22,1,1-3-4,13.4
2026-09-26 11:35:00,20260926,22,1,1-3-5,17.5
2026-09-26 11:35:00,20260926,22,1,1-3-6,66.5
2026-09-26 11:35:00,20260926,22,1,1-4-2,13.1
2026-09-26 11:35:00,20260926,22,1,1-4-3,23.5
2026-09-26 11:35:00,20260926,22,1,1-4-5,21.1
2026-09-26 11:35:00,20260926,22,1,1-4-6,34.7
2026-09-26 11:35:00,20260926,22,1,1-5-2,21.4
2026-09-26 11:35:00,20260926,22,1,1-5-3,29.8
2026-09-26 11:35:00,20260926,22,1,1-5-4,28.1
2026-09-26 11:35:00,20260926,22,1,1-5-6,78.3
2026-09-26 11:35:00,20260926,22,1,1-6-2,93.4
2026-09-26 11:35:00,20260926,22,1,1-6-3,108.0
2026-09-26 11:35:00,20260926,22,1,1-6-4,91.7
2026-09-26 11:35:00,20260926,22,1,1-6-5,160.2
2026-09-26 11:35:00,20260926,22,1,2-1-3,64.2
2026-09-26 11:35:00,20260926,22,1,2-1-4,50.1
2026-09-26 11:35:00,20260926,22,1,2-1-5,80.5
2026-09-26 11:35:00,20260926,22,1,2-1-6,339.0
2026-09-26 11:35:00,20260926,22,1,2-3-1,169.5
2026-09-26 11:35:00,20260926,22,1,2-3-4,220.9
2026-09-26 11:35:00,20260926,22,1,2-3-5,364.5
2026-09-26 11:35:00,20260926,22,1,2-3-6,486.0
2026-09-26 11:35:00,20260926,22,1,2-4-1,167.5
2026-09-26 11:35:00,20260926,22,1,2-4-3,383.7
2026-09-26 11:35:00,20260926,22,1,2-4-5,502.7
2026-09-26 11:35:00,20260926,22,1,2-4-6,394.0
2026-09-26 11:35:00,20260926,22,1,2-5-1,144.3
2026-09-26 11:35:00,20260926,22,1,2-5-3,405.0
2026-09-26 11:35:00,20260926,22,1,2-5-4,441.8
2026-09-26 11:35:00,20260926,22,1,2-5-6,694.3
2026-09-26 11:35:00,20260926,22,1,2-6-1,729.0
2026-09-26 11:35:00,20260926,22,1,2-6-3,857.6
2026-09-26 11:35:00,20260926,22,1,2-6-4,405.0
2026-09-26 11:35:00,20260926,22,1,2-6-5,1458.0
2026-09-26 11:35:00,20260926,22,1,3-1-2,108.0
2026-09-26 11:35:00,20260926,22,1,3-1-4,118.5
2026-09-26 11:35:00,20260926,22,1,3-1-5,91.7
2026-09-26 11:35:00,20260926,22,1,3-1-6,486.0
2026-09-26 11:35:00,20260926,22,1,3-2-1,173.5
2026-09-26 11:35:00,20260926,22,1,3-2-4,199.7
2026-09-26 11:35:00,20260926,22,1,3-2-5,331.3
2026-09-26 11:35:00,20260926,22,1,3-2-6,520.7
2026-09-26 11:35:00,20260926,22,1,3-4-1,260.3
2026-09-26 11:35:00,20260926,22,1,3-4-2,224.3
2026-09-26 11:35:00,20260926,22,1,3-4-5,662.7
2026-09-26 11:35:00,20260926,22,1,3-4-6,911.2
2026-09-26 11:35:00,20260926,22,1,3-5-1,173.5
2026-09-26 11:35:00,20260926,22,1,3-5-2,394.0
2026-09-26 11:35:00,20260926,22,1,3-5-4,694.3
2026-09-26 11:35:00,20260926,22,1,3-5-6,694.3
2026-09-26 11:35:00,20260926,22,1,3-6-1,1215.0
2026-09-26 11:35:00,20260926,22,1,3-6-2,1041.0
2026-09-26 11:35:00,20260926,22,1,3-6-4,1620.0
2026-09-26 11:35:00,20260926,22,1,3-6-5,1215.0
2026-09-26 11:35:00,20260926,22,1,4-1-2,110.4
2026-09-26 11:35:00,20260926,22,1,4-1-3,197.0
2026-09-26 11:35:00,20260926,22,1,4-1-5,175.6
2026-09-26 11:35:00,20260926,22,1,4-1-6,251.3
2026-09-26 11:35:00,20260926,22,1,4-2-1,177.8
2026-09-26 11:35:00,20260926,22,1,4-2-3,339.0
2026-09-26 11:35:00,20260926,22,1,4-2-5,520.7
2026-09-26 11:35:00,20260926,22,1,4-2-6,729.0
2026-09-26 11:35:00,20260926,22,1,4-3-1,331.3
2026-09-26 11:35:00,20260926,22,1,4-3-2,633.9
2026-09-26 11:35:00,20260926,22,1,4-3-5,729.0
2026-09-26 11:35:00,20260926,22,1,4-3-6,694.3
2026-09-26 11:35:00,20260926,22,1,4-5-1,265.1
2026-09-26 11:35:00,20260926,22,1,4-5-2,583.2
2026-09-26 11:35:00,20260926,22,1,4-5-3,560.7
2026-09-26 11:35:00,20260926,22,1,4-5-6,502.7
2026-09-26 11:35:00,20260926,22,1,4-6-1,441.8
2026-09-26 11:35:00,20260926,22,1,4-6-2,502.7
2026-09-26 11:35:00,20260926,22,1,4-6-3,810.0
2026-09-26 11:35:00,20260926,22,1,4-6-5,972.0
2026-09-26 11:35:00,20260926,22,1,5-1-2,125.6
2026-09-26 11:35:00,20260926,22,1,5-1-3,113.9
2026-09-26 11:35:00,20260926,22,1,5-1-4,194.4
2026-09-26 11:35:00,20260926,22,1,5-1-6,255.8
2026-09-26 11:35:00,20260926,22,1,5-2-1,202.5
2026-09-26 11:35:00,20260926,22,1,5-2-3,416.5
2026-09-26 11:35:00,20260926,22,1,5-2-4,416.5
2026-09-26 11:35:00,20260926,22,1,5-2-6,633.9
2026-09-26 11:35:00,20260926,22,1,5-3-1,189.3
2026-09-26 11:35:00,20260926,22,1,5-3-2,607.5
2026-09-26 11:35:00,20260926,22,1,5-3-4,1215.0
2026-09-26 11:35:00,20260926,22,1,5-3-6,1215.0
2026-09-26 11:35:00,20260926,22,1,5-4-1,383.7
2026-09-26 11:35:00,20260926,22,1,5-4-2,502.7
2026-09-26 11:35:00,20260926,22,1,5-4-3,1041.0
2026-09-26 11:35:00,20260926,22,1,5-4-6,767.4
2026-09-26 11:35:00,20260926,22,1,5-6-1,810.0
2026-09-26 11:35:00,20260926,22,1,5-6-2,1325.0
2026-09-26 11:35:00,20260926,22,1,5-6-3,1620.0
2026-09-26 11:35:00,20260926,22,1,5-6-4,857.6
2026-09-26 11:35:00,20260926,22,1,6-1-2,441.8
2026-09-26 11:35:00,20260926,22,1,6-1-3,857.6
2026-09-26 11:35:00,20260926,22,1,6-1-4,540.0
2026-09-26 11:35:00,20260926,22,1,6-1-5,911.2
2026-09-26 11:35:00,20260926,22,1,6-2-1,502.7
2026-09-26 11:35:00,20260926,22,1,6-2-3,767.4
2026-09-26 11:35:00,20260926,22,1,6-2-4,1121.0
2026-09-26 11:35:00,20260926,22,1,6-2-5,2082.0
2026-09-26 11:35:00,20260926,22,1,6-3-1,1620.0
2026-09-26 11:35:00,20260926,22,1,6-3-2,1325.0
2026-09-26 11:35:00,20260926,22,1,6-3-4,1620.0
2026-09-26 11:35:00,20260926,22,1,6-3-5,1822.0
2026-09-26 11:35:00,20260926,22,1,6-4-1,540.0
2026-09-26 11:35:00,20260926,22,1,6-4-2,1121.0
2026-09-26 11:35:00,20260926,22,1,6-4-3,2430.0
2026-09-26 11:35:00,20260926,22,1,6-4-5,1822.0
2026-09-26 11:35:00,20260926,22,1,6-5-1,972.0
2026-09-26 11:35:00,20260926,22,1,6-5-2,1822.0
2026-09-26 11:35:00,20260926,22,1,6-5-3,2916.0
2026-09-26 11:35:00,20260926,22,1,6-5-4,455.6
2026-09-26 11:39:00,20260926,11,4,1-2-3,61.6
2026-09-26 11:39:00,20260926,11,4,1-2-4,85.8
2026-09-26 11:39:00,20260926,11,4,1-2-5,66.0
2026-09-26 11:39:00,20260926,11,4,1-2-6,47.9
2026-09-26 11:39:00,20260926,11,4,1-3-2,40.9
2026-09-26 11:39:00,20260926,11,4,1-3-4,31.1
2026-09-26 11:39:00,20260926,11,4,1-3-5,20.4
2026-09-26 11:39:00,20260926,11,4,1-3-6,12.5
2026-09-26 11:39:00,20260926,11,4,1-4-2,95.2
2026-09-26 11:39:00,20260926,11,4,1-4-3,57.1
2026-09-26 11:39:00,20260926,11,4,1-4-5,69.2
2026-09-26 11:39:00,20260926,11,4,1-4-6,31.6
2026-09-26 11:39:00,20260926,11,4,1-5-2,69.5
2026-09-26 11:39:00,20260926,11,4,1-5-3,32.9
2026-09-26 11:39:00,20260926,11,4,1-5-4,56.5
2026-09-26 11:39:00,20260926,11,4,1-5-6,23.9
2026-09-26 11:39:00,20260926,11,4,1-6-2,46.0
2026-09-26 11:39:00,20260926,11,4,1-6-3,14.2
2026-09-26 11:39:00,20260926,11,4,1-6-4,34.4
2026-09-26 11:39:00,20260926,11,4,1-6-5,22.9
2026-09-26 11:39:00,20260926,11,4,2-1-3,89.2
2026-09-26 11:39:00,20260926,11,4,2-1-4,212.3
2026-09-26 11:39:00,20260926,11,4,2-1-5,130.9
2026-09-26 11:39:00,20260926,11,4,2-1-6,94.6
2026-09-26 11:39:00,20260926,11,4,2-3-1,201.4
2026-09-26 11:39:00,20260926,11,4,2-3-4,245.5
2026-09-26 11:39:00,20260926,11,4,2-3-5,261.8
2026-09-26 11:39:00,20260926,11,4,2-3-6,436.4
2026-09-26 11:39:00,20260926,11,4,2-4-1,308.1
2026-09-26 11:39:00,20260926,11,4,2-4-3,374.1
2026-09-26 11:39:00,20260926,11,4,2-4-5,320.6
2026-09-26 11:39:00,20260926,11,4,2-4-6,365.4
2026-09-26 11:39:00,20260926,11,4,2-5-1,133.1
2026-09-26 11:39:00,20260926,11,4,2-5-3,191.6
2026-09-26 11:39:00,20260926,11,4,2-5-4,341.5
2026-09-26 11:39:00,20260926,11,4,2-5-6,140.2
2026-09-26 11:39:00,20260926,11,4,2-6-1,132.0
2026-09-26 11:39:00,20260926,11,4,2-6-3,280.5
2026-09-26 11:39:00,20260926,11,4,2-6-4,365.4
2026-09-26 11:39:00,20260926,11,4,2-6-5,209.5
2026-09-26 11:39:00,20260926,11,4,3-1-2,90.8
2026-09-26 11:39:00,20260926,11,4,3-1-4,48.2
2026-09-26 11:39:00,20260926,11,4,3-1-5,44.3
2026-09-26 11:39:00,20260926,11,4,3-1-6,22.5
2026-09-26 11:39:00,20260926,11,4,3-2-1,160.3
2026-09-26 11:39:00,20260926,11,4,3-2-4,227.7
2026-09-26 11:39:00,20260926,11,4,3-2-5,193.9
2026-09-26 11:39:00,20260926,11,4,3-2-6,204.0
2026-09-26 11:39:00,20260926,11,4,3-4-1,75.5
2026-09-26 11:39:00,20260926,11,4,3-4-2,201.4
2026-09-26 11:39:00,20260926,11,4,3-4-5,206.7
2026-09-26 11:39:00,20260926,11,4,3-4-6,44.2
2026-09-26 11:39:00,20260926,11,4,3-5-1,105.4
2026-09-26 11:39:00,20260926,11,4,3-5-2,154.0
2026-09-26 11:39:00,20260926,11,4,3-5-4,257.5
2026-09-26 11:39:00,20260926,11,4,3-5-6,57.9
2026-09-26 11:39:00,20260926,11,4,3-6-1,38.3
2026-09-26 11:39:00,20260926,11,4,3-6-2,191.6
2026-09-26 11:39:00,20260926,11,4,3-6-4,74.8
2026-09-26 11:39:00,20260926,11,4,3-6-5,51.1
2026-09-26 11:39:00,20260926,11,4,4-1-2,224.4
2026-09-26 11:39:00,20260926,11,4,4-1-3,148.2
2026-09-26 11:39:00,20260926,11,4,4-1-5,136.6
2026-09-26 11:39:00,20260926,11,4,4-1-6,92.9
2026-09-26 11:39:00,20260926,11,4,4-2-1,238.0
2026-09-26 11:39:00,20260926,11,4,4-2-3,257.5
2026-09-26 11:39:00,20260926,11,4,4-2-5,314.2
2026-09-26 11:39:00,20260926,11,4,4-2-6,180.6
2026-09-26 11:39:00,20260926,11,4,4-3-1,165.4
2026-09-26 11:39:00,20260926,11,4,4-3-2,383.2
2026-09-26 11:39:00,20260926,11,4,4-3-5,320.6
2026-09-26 11:39:00,20260926,11,4,4-3-6,145.4
2026-09-26 11:39:00,20260926,11,4,4-5-1,193.9
2026-09-26 11:39:00,20260926,11,4,4-5-2,392.8
2026-09-26 11:39:00,20260926,11,4,4-5-3,402.9
2026-09-26 11:39:00,20260926,11,4,4-5-6,160.3
2026-09-26 11:39:00,20260926,11,4,4-6-1,109.8
2026-09-26 11:39:00,20260926,11,4,4-6-2,270.9
2026-09-26 11:39:00,20260926,11,4,4-6-3,128.7
2026-09-26 11:39:00,20260926,11,4,4-6-5,149.6
2026-09-26 11:39:00,20260926,11,4,5-1-2,189.3
2026-09-26 11:39:00,20260926,11,4,5-1-3,88.2
2026-09-26 11:39:00,20260926,11,4,5-1-4,167.1
2026-09-26 11:39:00,20260926,11,4,5-1-6,105.4
2026-09-26 11:39:00,20260926,11,4,5-2-1,285.6
2026-09-26 11:39:00,20260926,11,4,5-2-3,280.5
2026-09-26 11:39:00,20260926,11,4,5-2-4,327.3
2026-09-26 11:39:00,20260926,11,4,5-2-6,424.6
2026-09-26 11:39:00,20260926,11,4,5-3-1,119.0
2026-09-26 11:39:00,20260926,11,4,5-3-2,327.3
2026-09-26 11:39:00,20260926,11,4,5-3-4,581.9
2026-09-26 11:39:00,20260926,11,4,5-3-6,176.5
2026-09-26 11:39:00,20260926,11,4,5-4-1,198.9
2026-09-26 11:39:00,20260926,11,4,5-4-2,365.4
2026-09-26 11:39:00,20260926,11,4,5-4-3,424.6
2026-09-26 11:39:00,20260926,11,4,5-4-6,296.4
2026-09-26 11:39:00,20260926,11,4,5-6-1,141.5
2026-09-26 11:39:00,20260926,11,4,5-6-2,491.0
2026-09-26 11:39:00,20260926,11,4,5-6-3,160.3
2026-09-26 11:39:00,20260926,11,4,5-6-4,314.2
2026-09-26 11:39:00,20260926,11,4,6-1-2,114.6
2026-09-26 11:39:00,20260926,11,4,6-1-3,36.0
2026-09-26 11:39:00,20260926,11,4,6-1-4,95.8
2026-09-26 11:39:00,20260926,11,4,6-1-5,64.3
2026-09-26 11:39:00,20260926,11,4,6-2-1,189.3
2026-09-26 11:39:00,20260926,11,4,6-2-3,231.0
2026-09-26 11:39:00,20260926,11,4,6-2-4,275.6
2026-09-26 11:39:00,20260926,11,4,6-2-5,506.8
2026-09-26 11:39:00,20260926,11,4,6-3-1,54.1
2026-09-26 11:39:00,20260926,11,4,6-3-2,249.4
2026-09-26 11:39:00,20260926,11,4,6-3-4,121.8
2026-09-26 11:39:00,20260926,11,4,6-3-5,87.7
2026-09-26 11:39:00,20260926,11,4,6-4-1,102.0
2026-09-26 11:39:00,20260926,11,4,6-4-2,215.2
2026-09-26 11:39:00,20260926,11,4,6-4-3,154.0
2026-09-26 11:39:00,20260926,11,4,6-4-5,227.7
2026-09-26 11:39:00,20260926,11,4,6-5-1,105.4
2026-09-26 11:39:00,20260926,11,4,6-5-2,402.9
2026-09-26 11:39:00,20260926,11,4,6-5-3,121.8
2026-09-26 11:39:00,20260926,11,4,6-5-4,238.0
2026-09-26 11:39:09,20260926,18,8,1-2-3,12.9
2026-09-26 11:39:09,20260926,18,8,1-2-4,30.5
2026-09-26 11:39:09,20260926,18,8,1-2-5,9.4
2026-09-26 11:39:09,20260926,18,8,1-2-6,113.1
2026-09-26 11:39:09,20260926,18,8,1-3-2,14.2
2026-09-26 11:39:09,20260926,18,8,1-3-4,33.3
2026-09-26 11:39:09,20260926,18,8,1-3-5,10.8
2026-09-26 11:39:09,20260926,18,8,1-3-6,119.7
2026-09-26 11:39:09,20260926,18,8,1-4-2,48.9
2026-09-26 11:39:09,20260926,18,8,1-4-3,57.4
2026-09-26 11:39:09,20260926,18,8,1-4-5,40.0
2026-09-26 11:39:09,20260926,18,8,1-4-6,140.9
2026-09-26 11:39:09,20260926,18,8,1-5-2,6.5
2026-09-26 11:39:09,20260926,18,8,1-5-3,8.1
2026-09-26 11:39:09,20260926,18,8,1-5-4,22.7
2026-09-26 11:39:09,20260926,18,8,1-5-6,92.5
2026-09-26 11:39:09,20260926,18,8,1-6-2,286.3
2026-09-26 11:39:09,20260926,18,8,1-6-3,115.2
2026-09-26 11:39:09,20260926,18,8,1-6-4,327.2
2026-09-26 11:39:09,20260926,18,8,1-6-5,234.9
2026-09-26 11:39:09,20260926,18,8,2-1-3,84.0
2026-09-26 11:39:09,20260926,18,8,2-1-4,125.5
2026-09-26 11:39:09,20260926,18,8,2-1-5,54.2
2026-09-26 11:39:09,20260926,18,8,2-1-6,366.5
2026-09-26 11:39:09,20260926,18,8,2-3-1,188.9
2026-09-26 11:39:09,20260926,18,8,2-3-4,223.4
2026-09-26 11:39:09,20260926,18,8,2-3-5,179.6
2026-09-26 11:39:09,20260926,18,8,2-3-6,591.1
2026-09-26 11:39:09,20260926,18,8,2-4-1,247.6
2026-09-26 11:39:09,20260926,18,8,2-4-3,273.5
2026-09-26 11:39:09,20260926,18,8,2-4-5,265.5
2026-09-26 11:39:09,20260926,18,8,2-4-6,509.0
2026-09-26 11:39:09,20260926,18,8,2-5-1,94.9
2026-09-26 11:39:09,20260926,18,8,2-5-3,171.2
2026-09-26 11:39:09,20260926,18,8,2-5-4,281.9
2026-09-26 11:39:09,20260926,18,8,2-5-6,436.3
2026-09-26 11:39:09,20260926,18,8,2-6-1,704.8
2026-09-26 11:39:09,20260926,18,8,2-6-3,796.7
2026-09-26 11:39:09,20260926,18,8,2-6-4,763.5
2026-09-26 11:39:09,20260926,18,8,2-6-5,832.9
2026-09-26 11:39:09,20260926,18,8,3-1-2,99.0
2026-09-26 11:39:09,20260926,18,8,3-1-4,139.8
2026-09-26 11:39:09,20260926,18,8,3-1-5,59.8
2026-09-26 11:39:09,20260926,18,8,3-1-6,339.3
2026-09-26 11:39:09,20260926,18,8,3-2-1,169.6
2026-09-26 11:39:09,20260926,18,8,3-2-4,234.9
2026-09-26 11:39:09,20260926,18,8,3-2-5,172.8
2026-09-26 11:39:09,20260926,18,8,3-2-6,446.9
2026-09-26 11:39:09,20260926,18,8,3-4-1,333.1
2026-09-26 11:39:09,20260926,18,8,3-4-2,213.0
2026-09-26 11:39:09,20260926,18,8,3-4-5,426.1
2026-09-26 11:39:09,20260926,18,8,3-4-6,446.9
2026-09-26 11:39:09,20260926,18,8,3-5-1,81.8
2026-09-26 11:39:09,20260926,18,8,3-5-2,132.7
2026-09-26 11:39:09,20260926,18,8,3-5-4,254.5
2026-09-26 11:39:09,20260926,18,8,3-5-6,416.4
2026-09-26 11:39:09,20260926,18,8,3-6-1,654.4
2026-09-26 11:39:09,20260926,18,8,3-6-2,591.1
2026-09-26 11:39:09,20260926,18,8,3-6-4,964.5
2026-09-26 11:39:09,20260926,18,8,3-6-5,631.9
2026-09-26 11:39:09,20260926,18,8,4-1-2,237.9
2026-09-26 11:39:09,20260926,18,8,4-1-3,265.5
2026-09-26 11:39:09,20260926,18,8,4-1-5,115.9
2026-09-26 11:39:09,20260926,18,8,4-1-6,327.2
2026-09-26 11:39:09,20260926,18,8,4-2-1,398.3
2026-09-26 11:39:09,20260926,18,8,4-2-3,345.7
2026-09-26 11:39:09,20260926,18,8,4-2-5,300.4
2026-09-26 11:39:09,20260926,18,8,4-2-6,339.3
2026-09-26 11:39:09,20260926,18,8,4-3-1,398.3
2026-09-26 11:39:09,20260926,18,8,4-3-2,469.8
2026-09-26 11:39:09,20260926,18,8,4-3-5,373.9
2026-09-26 11:39:09,20260926,18,8,4-3-6,654.4
2026-09-26 11:39:09,20260926,18,8,4-5-1,129.9
2026-09-26 11:39:09,20260926,18,8,4-5-2,241.1
2026-09-26 11:39:09,20260926,18,8,4-5-3,310.6
2026-09-26 11:39:09,20260926,18,8,4-5-6,436.3
2026-09-26 11:39:09,20260926,18,8,4-6-1,916.2
2026-09-26 11:39:09,20260926,18,8,4-6-2,509.0
2026-09-26 11:39:09,20260926,18,8,4-6-3,872.6
2026-09-26 11:39:09,20260926,18,8,4-6-5,704.8
2026-09-26 11:39:09,20260926,18,8,5-1-2,19.5
2026-09-26 11:39:09,20260926,18,8,5-1-3,25.0
2026-09-26 11:39:09,20260926,18,8,5-1-4,54.5
2026-09-26 11:39:09,20260926,18,8,5-1-6,142.0
2026-09-26 11:39:09,20260926,18,8,5-2-1,58.3
2026-09-26 11:39:09,20260926,18,8,5-2-3,125.5
2026-09-26 11:39:09,20260926,18,8,5-2-4,183.2
2026-09-26 11:39:09,20260926,18,8,5-2-6,381.7
2026-09-26 11:39:09,20260926,18,8,5-3-1,76.3
2026-09-26 11:39:09,20260926,18,8,5-3-2,148.9
2026-09-26 11:39:09,20260926,18,8,5-3-4,295.5
2026-09-26 11:39:09,20260926,18,8,5-3-6,458.1
2026-09-26 11:39:09,20260926,18,8,5-4-1,117.4
2026-09-26 11:39:09,20260926,18,8,5-4-2,213.0
2026-09-26 11:39:09,20260926,18,8,5-4-3,281.9
2026-09-26 11:39:09,20260926,18,8,5-4-6,436.3
2026-09-26 11:39:09,20260926,18,8,5-6-1,359.3
2026-09-26 11:39:09,20260926,18,8,5-6-2,436.3
2026-09-26 11:39:09,20260926,18,8,5-6-3,610.8
2026-09-26 11:39:09,20260926,18,8,5-6-4,495.2
2026-09-26 11:39:09,20260926,18,8,6-1-2,538.9
2026-09-26 11:39:09,20260926,18,8,6-1-3,832.9
2026-09-26 11:39:09,20260926,18,8,6-1-4,654.4
2026-09-26 11:39:09,20260926,18,8,6-1-5,678.7
2026-09-26 11:39:09,20260926,18,8,6-2-1,832.9
2026-09-26 11:39:09,20260926,18,8,6-2-3,916.2
2026-09-26 11:39:09,20260926,18,8,6-2-4,1077.0
2026-09-26 11:39:09,20260926,18,8,6-2-5,964.5
2026-09-26 11:39:09,20260926,18,8,6-3-1,1145.0
2026-09-26 11:39:09,20260926,18,8,6-3-2,832.9
2026-09-26 11:39:09,20260926,18,8,6-3-4,1077.0
2026-09-26 11:39:09,20260926,18,8,6-3-5,610.8
2026-09-26 11:39:09,20260926,18,8,6-4-1,832.9
2026-09-26 11:39:09,20260926,18,8,6-4-2,763.5
2026-09-26 11:39:09,20260926,18,8,6-4-3,1221.0
2026-09-26 11:39:09,20260926,18,8,6-4-5,763.5
2026-09-26 11:39:09,20260926,18,8,6-5-1,591.1
2026-09-26 11:39:09,20260926,18,8,6-5-2,610.8
2026-09-26 11:39:09,20260926,18,8,6-5-3,555.3
2026-09-26 11:39:09,20260926,18,8,6-5-4,509.0
2026-09-26 11:43:16,20260926,13,4,1-2-3,6.7
2026-09-26 11:43:16,20260926,13,4,1-2-4,24.4
2026-09-26 11:43:16,20260926,13,4,1-2-5,8.3
2026-09-26 11:43:16,20260926,13,4,1-2-6,77.8
2026-09-26 11:43:16,20260926,13,4,1-3-2,18.4
2026-09-26 11:43:16,20260926,13,4,1-3-4,61.6
2026-09-26 11:43:16,20260926,13,4,1-3-5,30.5
2026-09-26 11:43:16,20260926,13,4,1-3-6,172.5
2026-09-26 11:43:16,20260926,13,4,1-4-2,88.2
2026-09-26 11:43:16,20260926,13,4,1-4-3,136.7
2026-09-26 11:43:16,20260926,13,4,1-4-5,138.4
2026-09-26 11:43:16,20260926,13,4,1-4-6,233.6
2026-09-26 11:43:16,20260926,13,4,1-5-2,27.0
2026-09-26 11:43:16,20260926,13,4,1-5-3,40.0
2026-09-26 11:43:16,20260926,13,4,1-5-4,107.8
2026-09-26 11:43:16,20260926,13,4,1-5-6,320.3
2026-09-26 11:43:16,20260926,13,4,1-6-2,215.6
2026-09-26 11:43:16,20260926,13,4,1-6-3,339.7
2026-09-26 11:43:16,20260926,13,4,1-6-4,280.3
2026-09-26 11:43:16,20260926,13,4,1-6-5,622.9
2026-09-26 11:43:16,20260926,13,4,2-1-3,8.2
2026-09-26 11:43:16,20260926,13,4,2-1-4,30.3
2026-09-26 11:43:16,20260926,13,4,2-1-5,7.9
2026-09-26 11:43:16,20260926,13,4,2-1-6,101.0
2026-09-26 11:43:16,20260926,13,4,2-3-1,19.9
2026-09-26 11:43:16,20260926,13,4,2-3-4,70.5
2026-09-26 11:43:16,20260926,13,4,2-3-5,25.5
2026-09-26 11:43:16,20260926,13,4,2-3-6,233.6
2026-09-26 11:43:16,20260926,13,4,2-4-1,100.1
2026-09-26 11:43:16,20260926,13,4,2-4-3,127.4
2026-09-26 11:43:16,20260926,13,4,2-4-5,124.5
2026-09-26 11:43:16,20260926,13,4,2-4-6,211.5
2026-09-26 11:43:16,20260926,13,4,2-5-1,22.3
2026-09-26 11:43:16,20260926,13,4,2-5-3,33.2
2026-09-26 11:43:16,20260926,13,4,2-5-4,85.5
2026-09-26 11:43:16,20260926,13,4,2-5-6,228.8
2026-09-26 11:43:16,20260926,13,4,2-6-1,311.4
2026-09-26 11:43:16,20260926,13,4,2-6-3,560.6
2026-09-26 11:43:16,20260926,13,4,2-6-4,339.7
2026-09-26 11:43:16,20260926,13,4,2-6-5,467.2
2026-09-26 11:43:16,20260926,13,4,3-1-2,59.9
2026-09-26 11:43:16,20260926,13,4,3-1-4,287.5
2026-09-26 11:43:16,20260926,13,4,3-1-5,67.5
2026-09-26 11:43:16,20260926,13,4,3-1-6,448.5
2026-09-26 11:43:16,20260926,13,4,3-2-1,94.2
2026-09-26 11:43:16,20260926,13,4,3-2-4,114.4
2026-09-26 11:43:16,20260926,13,4,3-2-5,105.7
2026-09-26 11:43:16,20260926,13,4,3-2-6,431.2
2026-09-26 11:43:16,20260926,13,4,3-4-1,431.2
2026-09-26 11:43:16,20260926,13,4,3-4-2,339.7
2026-09-26 11:43:16,20260926,13,4,3-4-5,934.4
2026-09-26 11:43:16,20260926,13,4,3-4-6,533.9
2026-09-26 11:43:16,20260926,13,4,3-5-1,101.9
2026-09-26 11:43:16,20260926,13,4,3-5-2,99.2
2026-09-26 11:43:16,20260926,13,4,3-5-4,386.6
2026-09-26 11:43:16,20260926,13,4,3-5-6,467.2
2026-09-26 11:43:16,20260926,13,4,3-6-1,509.6
2026-09-26 11:43:16,20260926,13,4,3-6-2,747.5
2026-09-26 11:43:16,20260926,13,4,3-6-4,1245.0
2026-09-26 11:43:16,20260926,13,4,3-6-5,1121.0
2026-09-26 11:43:16,20260926,13,4,4-1-2,233.6
2026-09-26 11:43:16,20260926,13,4,4-1-3,400.4
2026-09-26 11:43:16,20260926,13,4,4-1-5,303.0
2026-09-26 11:43:16,20260926,13,4,4-1-6,622.9
2026-09-26 11:43:16,20260926,13,4,4-2-1,320.3
2026-09-26 11:43:16,20260926,13,4,4-2-3,386.6
2026-09-26 11:43:16,20260926,13,4,4-2-5,431.2
2026-09-26 11:43:16,20260926,13,4,4-2-6,700.8
2026-09-26 11:43:16,20260926,13,4,4-3-1,431.2
2026-09-26 11:43:16,20260926,13,4,4-3-2,533.9
2026-09-26 11:43:16,20260926,13,4,4-3-5,934.4
2026-09-26 11:43:16,20260926,13,4,4-3-6,560.6
2026-09-26 11:43:16,20260926,13,4,4-5-1,415.3
2026-09-26 11:43:16,20260926,13,4,4-5-2,487.5
2026-09-26 11:43:16,20260926,13,4,4-5-3,622.9
2026-09-26 11:43:16,20260926,13,4,4-5-6,560.6
2026-09-26 11:43:16,20260926,13,4,4-6-1,934.4
2026-09-26 11:43:16,20260926,13,4,4-6-2,509.6
2026-09-26 11:43:16,20260926,13,4,4-6-3,1601.0
2026-09-26 11:43:16,20260926,13,4,4-6-5,1401.0
2026-09-26 11:43:16,20260926,13,4,5-1-2,61.9
2026-09-26 11:43:16,20260926,13,4,5-1-3,106.7
2026-09-26 11:43:16,20260926,13,4,5-1-4,211.5
2026-09-26 11:43:16,20260926,13,4,5-1-6,280.3
2026-09-26 11:43:16,20260926,13,4,5-2-1,83.6
2026-09-26 11:43:16,20260926,13,4,5-2-3,111.0
2026-09-26 11:43:16,20260926,13,4,5-2-4,162.5
2026-09-26 11:43:16,20260926,13,4,5-2-6,431.2
2026-09-26 11:43:16,20260926,13,4,5-3-1,151.5
2026-09-26 11:43:16,20260926,13,4,5-3-2,138.4
2026-09-26 11:43:16,20260926,13,4,5-3-4,415.3
2026-09-26 11:43:16,20260926,13,4,5-3-6,659.6
2026-09-26 11:43:16,20260926,13,4,5-4-1,560.6
2026-09-26 11:43:16,20260926,13,4,5-4-2,560.6
2026-09-26 11:43:16,20260926,13,4,5-4-3,934.4
2026-09-26 11:43:16,20260926,13,4,5-4-6,862.5
2026-09-26 11:43:16,20260926,13,4,5-6-1,747.5
2026-09-26 11:43:16,20260926,13,4,5-6-2,659.6
2026-09-26 11:43:16,20260926,13,4,5-6-3,659.6
2026-09-26 11:43:16,20260926,13,4,5-6-4,1245.0
2026-09-26 11:43:16,20260926,13,4,6-1-2,467.2
2026-09-26 11:43:16,20260926,13,4,6-1-3,1401.0
2026-09-26 11:43:16,20260926,13,4,6-1-4,1121.0
2026-09-26 11:43:16,20260926,13,4,6-1-5,1245.0
2026-09-26 11:43:16,20260926,13,4,6-2-1,533.9
2026-09-26 11:43:16,20260926,13,4,6-2-3,659.6
2026-09-26 11:43:16,20260926,13,4,6-2-4,1245.0
2026-09-26 11:43:16,20260926,13,4,6-2-5,1121.0
2026-09-26 11:43:16,20260926,13,4,6-3-1,1401.0
2026-09-26 11:43:16,20260926,13,4,6-3-2,1401.0
2026-09-26 11:43:16,20260926,13,4,6-3-4,934.4
2026-09-26 11:43:16,20260926,13,4,6-3-5,2803.0
2026-09-26 11:43:16,20260926,13,4,6-4-1,1019.0
2026-09-26 11:43:16,20260926,13,4,6-4-2,1245.0
2026-09-26 11:43:16,20260926,13,4,6-4-3,1601.0
2026-09-26 11:43:16,20260926,13,4,6-4-5,1601.0
2026-09-26 11:43:16,20260926,13,4,6-5-1,1401.0
2026-09-26 11:43:16,20260926,13,4,6-5-2,1601.0
2026-09-26 11:43:16,20260926,13,4,6-5-3,1019.0
2026-09-26 11:43:16,20260926,13,4,6-5-4,800.9
2026-09-26 11:47:47,20260926,9,4,1-2-3,15.4
2026-09-26 11:47:47,20260926,9,4,1-2-4,27.1
2026-09-26 11:47:47,20260926,9,4,1-2-5,91.6
2026-09-26 11:47:47,20260926,9,4,1-2-6,35.8
2026-09-26 11:47:47,20260926,9,4,1-3-2,33.6
2026-09-26 11:47:47,20260926,9,4,1-3-4,60.9
2026-09-26 11:47:47,20260926,9,4,1-3-5,100.1
2026-09-26 11:47:47,20260926,9,4,1-3-6,51.3
2026-09-26 11:47:47,20260926,9,4,1-4-2,55.4
2026-09-26 11:47:47,20260926,9,4,1-4-3,77.8
2026-09-26 11:47:47,20260926,9,4,1-4-5,155.7
2026-09-26 11:47:47,20260926,9,4,1-4-6,95.2
2026-09-26 11:47:47,20260926,9,4,1-5-2,112.7
2026-09-26 11:47:47,20260926,9,4,1-5-3,155.7
2026-09-26 11:47:47,20260926,9,4,1-5-4,185.1
2026-09-26 11:47:47,20260926,9,4,1-5-6,316.5
2026-09-26 11:47:47,20260926,9,4,1-6-2,83.1
2026-09-26 11:47:47,20260926,9,4,1-6-3,66.2
2026-09-26 11:47:47,20260926,9,4,1-6-4,163.5
2026-09-26 11:47:47,20260926,9,4,1-6-5,316.5
2026-09-26 11:47:47,20260926,9,4,2-1-3,12.4
2026-09-26 11:47:47,20260926,9,4,2-1-4,18.7
2026-09-26 11:47:47,20260926,9,4,2-1-5,96.1
2026-09-26 11:47:47,20260926,9,4,2-1-6,33.4
2026-09-26 11:47:47,20260926,9,4,2-3-1,15.7
2026-09-26 11:47:47,20260926,9,4,2-3-4,19.7
2026-09-26 11:47:47,20260926,9,4,2-3-5,136.2
2026-09-26 11:47:47,20260926,9,4,2-3-6,19.2
2026-09-26 11:47:47,20260926,9,4,2-4-1,45.4
2026-09-26 11:47:47,20260926,9,4,2-4-3,40.0
2026-09-26 11:47:47,20260926,9,4,2-4-5,181.6
2026-09-26 11:47:47,20260926,9,4,2-4-6,40.5
2026-09-26 11:47:47,20260926,9,4,2-5-1,175.2
2026-09-26 11:47:47,20260926,9,4,2-5-3,222.9
2026-09-26 11:47:47,20260926,9,4,2-5-4,200.2
2026-09-26 11:47:47,20260926,9,4,2-5-6,222.9
2026-09-26 11:47:47,20260926,9,4,2-6-1,41.0
2026-09-26 11:47:47,20260926,9,4,2-6-3,36.0
2026-09-26 11:47:47,20260926,9,4,2-6-4,59.1
2026-09-26 11:47:47,20260926,9,4,2-6-5,192.3
2026-09-26 11:47:47,20260926,9,4,3-1-2,38.7
2026-09-26 11:47:47,20260926,9,4,3-1-4,69.5
2026-09-26 11:47:47,20260926,9,4,3-1-5,129.0
2026-09-26 11:47:47,20260926,9,4,3-1-6,77.2
2026-09-26 11:47:47,20260926,9,4,3-2-1,41.0
2026-09-26 11:47:47,20260926,9,4,3-2-4,40.5
2026-09-26 11:47:47,20260926,9,4,3-2-5,178.3
2026-09-26 11:47:47,20260926,9,4,3-2-6,44.8
2026-09-26 11:47:47,20260926,9,4,3-4-1,129.0
2026-09-26 11:47:47,20260926,9,4,3-4-2,87.6
2026-09-26 11:47:47,20260926,9,4,3-4-5,363.3
2026-09-26 11:47:47,20260926,9,4,3-4-6,146.4
2026-09-26 11:47:47,20260926,9,4,3-5-1,233.6
2026-09-26 11:47:47,20260926,9,4,3-5-2,188.6
2026-09-26 11:47:47,20260926,9,4,3-5-4,545.0
2026-09-26 11:47:47,20260926,9,4,3-5-6,363.3
2026-09-26 11:47:47,20260926,9,4,3-6-1,175.2
2026-09-26 11:47:47,20260926,9,4,3-6-2,80.4
2026-09-26 11:47:47,20260926,9,4,3-6-4,178.3
2026-09-26 11:47:47,20260926,9,4,3-6-5,426.5
2026-09-26 11:47:47,20260926,9,4,4-1-2,97.1
2026-09-26 11:47:47,20260926,9,4,4-1-3,124.1
2026-09-26 11:47:47,20260926,9,4,4-1-5,218.0
2026-09-26 11:47:47,20260926,9,4,4-1-6,153.3
2026-09-26 11:47:47,20260926,9,4,4-2-1,92.5
2026-09-26 11:47:47,20260926,9,4,4-2-3,90.0
2026-09-26 11:47:47,20260926,9,4,4-2-5,251.5
2026-09-26 11:47:47,20260926,9,4,4-2-6,136.2
2026-09-26 11:47:47,20260926,9,4,4-3-1,169.1
2026-09-26 11:47:47,20260926,9,4,4-3-2,148.6
2026-09-26 11:47:47,20260926,9,4,4-3-5,817.6
2026-09-26 11:47:47,20260926,9,4,4-3-6,222.9
2026-09-26 11:47:47,20260926,9,4,4-5-1,338.3
2026-09-26 11:47:47,20260926,9,4,4-5-2,490.5
2026-09-26 11:47:47,20260926,9,4,4-5-3,700.8
2026-09-26 11:47:47,20260926,9,4,4-5-6,654.1
2026-09-26 11:47:47,20260926,9,4,4-6-1,185.1
2026-09-26 11:47:47,20260926,9,4,4-6-2,163.5
2026-09-26 11:47:47,20260926,9,4,4-6-3,155.7
2026-09-26 11:47:47,20260926,9,4,4-6-5,350.4
2026-09-26 11:47:47,20260926,9,4,5-1-2,288.5
2026-09-26 11:47:47,20260926,9,4,5-1-3,111.4
2026-09-26 11:47:47,20260926,9,4,5-1-4,306.6
2026-09-26 11:47:47,20260926,9,4,5-1-6,245.2
2026-09-26 11:47:47,20260926,9,4,5-2-1,208.7
2026-09-26 11:47:47,20260926,9,4,5-2-3,204.4
2026-09-26 11:47:47,20260926,9,4,5-2-4,204.4
2026-09-26 11:47:47,20260926,9,4,5-2-6,377.3
2026-09-26 11:47:47,20260926,9,4,5-3-1,185.1
2026-09-26 11:47:47,20260926,9,4,5-3-2,338.3
2026-09-26 11:47:47,20260926,9,4,5-3-4,754.7
2026-09-26 11:47:47,20260926,9,4,5-3-6,577.1
2026-09-26 11:47:47,20260926,9,4,5-4-1,306.6
2026-09-26 11:47:47,20260926,9,4,5-4-2,272.5
2026-09-26 11:47:47,20260926,9,4,5-4-3,1090.0
2026-09-26 11:47:47,20260926,9,4,5-4-6,654.1
2026-09-26 11:47:47,20260926,9,4,5-6-1,445.9
2026-09-26 11:47:47,20260926,9,4,5-6-2,545.0
2026-09-26 11:47:47,20260926,9,4,5-6-3,817.6
2026-09-26 11:47:47,20260926,9,4,5-6-4,545.0
2026-09-26 11:47:47,20260926,9,4,6-1-2,94.3
2026-09-26 11:47:47,20260926,9,4,6-1-3,155.7
2026-09-26 11:47:47,20260926,9,4,6-1-4,233.6
2026-09-26 11:47:47,20260926,9,4,6-1-5,327.0
2026-09-26 11:47:47,20260926,9,4,6-2-1,99.1
2026-09-26 11:47:47,20260926,9,4,6-2-3,50.5
2026-09-26 11:47:47,20260926,9,4,6-2-4,148.6
2026-09-26 11:47:47,20260926,9,4,6-2-5,338.3
2026-09-26 11:47:47,20260926,9,4,6-3-1,222.9
2026-09-26 11:47:47,20260926,9,4,6-3-2,62.0
2026-09-26 11:47:47,20260926,9,4,6-3-4,251.5
2026-09-26 11:47:47,20260926,9,4,6-3-5,516.3
2026-09-26 11:47:47,20260926,9,4,6-4-1,363.3
2026-09-26 11:47:47,20260926,9,4,6-4-2,239.3
2026-09-26 11:47:47,20260926,9,4,6-4-3,445.9
2026-09-26 11:47:47,20260926,9,4,6-4-5,754.7
2026-09-26 11:47:47,20260926,9,4,6-5-1,408.8
2026-09-26 11:47:47,20260926,9,4,6-5-2,516.3
2026-09-26 11:47:47,20260926,9,4,6-5-3,700.8
2026-09-26 11:47:47,20260926,9,4,6-5-4,377.3
2026-09-26 11:55:02,20260926,8,4,1-2-3,9.0
2026-09-26 11:55:02,20260926,8,4,1-2-4,16.0
2026-09-26 11:55:02,20260926,8,4,1-2-5,12.2
2026-09-26 11:55:02,20260926,8,4,1-2-6,127.6
2026-09-26 11:55:02,20260926,8,4,1-3-2,11.7
2026-09-26 11:55:02,20260926,8,4,1-3-4,47.1
2026-09-26 11:55:02,20260926,8,4,1-3-5,12.7
2026-09-26 11:55:02,20260926,8,4,1-3-6,188.4
2026-09-26 11:55:02,20260926,8,4,1-4-2,19.9
2026-09-26 11:55:02,20260926,8,4,1-4-3,43.9
2026-09-26 11:55:02,20260926,8,4,1-4-5,12.0
2026-09-26 11:55:02,20260926,8,4,1-4-6,148.4
2026-09-26 11:55:02,20260926,8,4,1-5-2,11.5
2026-09-26 11:55:02,20260926,8,4,1-5-3,18.0
2026-09-26 11:55:02,20260926,8,4,1-5-4,10.7
2026-09-26 11:55:02,20260926,8,4,1-5-6,91.3
2026-09-26 11:55:02,20260926,8,4,1-6-2,208.3
2026-09-26 11:55:02,20260926,8,4,1-6-3,439.7
2026-09-26 11:55:02,20260926,8,4,1-6-4,339.2
2026-09-26 11:55:02,20260926,8,4,1-6-5,456.6
2026-09-26 11:55:02,20260926,8,4,2-1-3,75.6
2026-09-26 11:55:02,20260926,8,4,2-1-4,113.0
2026-09-26 11:55:02,20260926,8,4,2-1-5,67.4
2026-09-26 11:55:02,20260926,8,4,2-1-6,349.2
2026-09-26 11:55:02,20260926,8,4,2-3-1,258.1
2026-09-26 11:55:02,20260926,8,4,2-3-4,115.2
2026-09-26 11:55:02,20260926,8,4,2-3-5,112.0
2026-09-26 11:55:02,20260926,8,4,2-3-6,1079.0
2026-09-26 11:55:02,20260926,8,4,2-4-1,191.5
2026-09-26 11:55:02,20260926,8,4,2-4-3,439.7
2026-09-26 11:55:02,20260926,8,4,2-4-5,395.8
2026-09-26 11:55:02,20260926,8,4,2-4-6,474.9
2026-09-26 11:55:02,20260926,8,4,2-5-1,146.5
2026-09-26 11:55:02,20260926,8,4,2-5-3,154.2
2026-09-26 11:55:02,20260926,8,4,2-5-4,383.0
2026-09-26 11:55:02,20260926,8,4,2-5-6,456.6
2026-09-26 11:55:02,20260926,8,4,2-6-1,1079.0
2026-09-26 11:55:02,20260926,8,4,2-6-3,1079.0
2026-09-26 11:55:02,20260926,8,4,2-6-4,371.0
2026-09-26 11:55:02,20260926,8,4,2-6-5,989.5
2026-09-26 11:55:02,20260926,8,4,3-1-2,224.0
2026-09-26 11:55:02,20260926,8,4,3-1-4,224.0
2026-09-26 11:55:02,20260926,8,4,3-1-5,109.9
2026-09-26 11:55:02,20260926,8,4,3-1-6,456.6
2026-09-26 11:55:02,20260926,8,4,3-2-1,624.9
2026-09-26 11:55:02,20260926,8,4,3-2-4,289.6
2026-09-26 11:55:02,20260926,8,4,3-2-5,282.7
2026-09-26 11:55:02,20260926,8,4,3-2-6,439.7
2026-09-26 11:55:02,20260926,8,4,3-4-1,237.4
2026-09-26 11:55:02,20260926,8,4,3-4-2,359.8
2026-09-26 11:55:02,20260926,8,4,3-4-5,349.2
2026-09-26 11:55:02,20260926,8,4,3-4-6,624.9
2026-09-26 11:55:02,20260926,8,4,3-5-1,194.6
2026-09-26 11:55:02,20260926,8,4,3-5-2,242.3
2026-09-26 11:55:02,20260926,8,4,3-5-4,349.2
2026-09-26 11:55:02,20260926,8,4,3-5-6,494.7
2026-09-26 11:55:02,20260926,8,4,3-6-1,913.3
2026-09-26 11:55:02,20260926,8,4,3-6-2,383.0
2026-09-26 11:55:02,20260926,8,4,3-6-4,989.5
2026-09-26 11:55:02,20260926,8,4,3-6-5,1187.0
2026-09-26 11:55:02,20260926,8,4,4-1-2,74.2
2026-09-26 11:55:02,20260926,8,4,4-1-3,312.4
2026-09-26 11:55:02,20260926,8,4,4-1-5,62.1
2026-09-26 11:55:02,20260926,8,4,4-1-6,242.3
2026-09-26 11:55:02,20260926,8,4,4-2-1,106.0
2026-09-26 11:55:02,20260926,8,4,4-2-3,359.8
2026-09-26 11:55:02,20260926,8,4,4-2-5,258.1
2026-09-26 11:55:02,20260926,8,4,4-2-6,359.8
2026-09-26 11:55:02,20260926,8,4,4-3-1,339.2
2026-09-26 11:55:02,20260926,8,4,4-3-2,539.7
2026-09-26 11:55:02,20260926,8,4,4-3-5,329.8
2026-09-26 11:55:02,20260926,8,4,4-3-6,659.6
2026-09-26 11:55:02,20260926,8,4,4-5-1,69.8
2026-09-26 11:55:02,20260926,8,4,4-5-2,162.6
2026-09-26 11:55:02,20260926,8,4,4-5-3,215.8
2026-09-26 11:55:02,20260926,8,4,4-5-6,90.6
2026-09-26 11:55:02,20260926,8,4,4-6-1,349.2
2026-09-26 11:55:02,20260926,8,4,4-6-2,304.4
2026-09-26 11:55:02,20260926,8,4,4-6-3,383.0
2026-09-26 11:55:02,20260926,8,4,4-6-5,456.6
2026-09-26 11:55:02,20260926,8,4,5-1-2,34.0
2026-09-26 11:55:02,20260926,8,4,5-1-3,51.6
2026-09-26 11:55:02,20260926,8,4,5-1-4,35.3
2026-09-26 11:55:02,20260926,8,4,5-1-6,150.3
2026-09-26 11:55:02,20260926,8,4,5-2-1,82.4
2026-09-26 11:55:02,20260926,8,4,5-2-3,150.3
2026-09-26 11:55:02,20260926,8,4,5-2-4,172.0
2026-09-26 11:55:02,20260926,8,4,5-2-6,565.4
2026-09-26 11:55:02,20260926,8,4,5-3-1,154.2
2026-09-26 11:55:02,20260926,8,4,5-3-2,179.9
2026-09-26 11:55:02,20260926,8,4,5-3-4,282.7
2026-09-26 11:55:02,20260926,8,4,5-3-6,456.6
2026-09-26 11:55:02,20260926,8,4,5-4-1,64.5
2026-09-26 11:55:02,20260926,8,4,5-4-2,179.9
2026-09-26 11:55:02,20260926,8,4,5-4-3,409.4
2026-09-26 11:55:02,20260926,8,4,5-4-6,242.3
2026-09-26 11:55:02,20260926,8,4,5-6-1,424.0
2026-09-26 11:55:02,20260926,8,4,5-6-2,624.9
2026-09-26 11:55:02,20260926,8,4,5-6-3,742.1
2026-09-26 11:55:02,20260926,8,4,5-6-4,516.2
2026-09-26 11:55:02,20260926,8,4,6-1-2,395.8
2026-09-26 11:55:02,20260926,8,4,6-1-3,913.3
2026-09-26 11:55:02,20260926,8,4,6-1-4,624.9
2026-09-26 11:55:02,20260926,8,4,6-1-5,1079.0
2026-09-26 11:55:02,20260926,8,4,6-2-1,439.7
2026-09-26 11:55:02,20260926,8,4,6-2-3,424.0
2026-09-26 11:55:02,20260926,8,4,6-2-4,698.4
2026-09-26 11:55:02,20260926,8,4,6-2-5,1187.0
2026-09-26 11:55:02,20260926,8,4,6-3-1,1319.0
2026-09-26 11:55:02,20260926,8,4,6-3-2,848.1
2026-09-26 11:55:02,20260926,8,4,6-3-4,1187.0
2026-09-26 11:55:02,20260926,8,4,6-3-5,1319.0
2026-09-26 11:55:02,20260926,8,4,6-4-1,698.4
2026-09-26 11:55:02,20260926,8,4,6-4-2,1079.0
2026-09-26 11:55:02,20260926,8,4,6-4-3,1979.0
2026-09-26 11:55:02,20260926,8,4,6-4-5,1484.0
2026-09-26 11:55:02,20260926,8,4,6-5-1,1079.0
2026-09-26 11:55:02,20260926,8,4,6-5-2,1319.0
2026-09-26 11:55:02,20260926,8,4,6-5-3,1079.0
2026-09-26 11:55:02,20260926,8,4,6-5-4,456.6
2026-09-26 11:55:10,20260926,21,8,1-2-3,107.9
2026-09-26 11:55:10,20260926,21,8,1-2-4,47.9
2026-09-26 11:55:10,20260926,21,8,1-2-5,63.3
2026-09-26 11:55:10,20260926,21,8,1-2-6,159.4
2026-09-26 11:55:10,20260926,21,8,1-3-2,167.3
2026-09-26 11:55:10,20260926,21,8,1-3-4,226.2
2026-09-26 11:55:10,20260926,21,8,1-3-5,220.8
2026-09-26 11:55:10,20260926,21,8,1-3-6,424.8
2026-09-26 11:55:10,20260926,21,8,1-4-2,37.2
2026-09-26 11:55:10,20260926,21,8,1-4-3,149.7
2026-09-26 11:55:10,20260926,21,8,1-4-5,14.5
2026-09-26 11:55:10,20260926,21,8,1-4-6,53.8
2026-09-26 11:55:10,20260926,21,8,1-5-2,54.4
2026-09-26 11:55:10,20260926,21,8,1-5-3,146.5
2026-09-26 11:55:10,20260926,21,8,1-5-4,20.7
2026-09-26 11:55:10,20260926,21,8,1-5-6,56.4
2026-09-26 11:55:10,20260926,21,8,1-6-2,338.8
2026-09-26 11:55:10,20260926,21,8,1-6-3,489.4
2026-09-26 11:55:10,20260926,21,8,1-6-4,175.4
2026-09-26 11:55:10,20260926,21,8,1-6-5,215.7
2026-09-26 11:55:10,20260926,21,8,2-1-3,249.0
2026-09-26 11:55:10,20260926,21,8,2-1-4,133.9
2026-09-26 11:55:10,20260926,21,8,2-1-5,140.6
2026-09-26 11:55:10,20260926,21,8,2-1-6,351.6
2026-09-26 11:55:10,20260926,21,8,2-3-1,382.1
2026-09-26 11:55:10,20260926,21,8,2-3-4,489.4
2026-09-26 11:55:10,20260926,21,8,2-3-5,536.5
2026-09-26 11:55:10,20260926,21,8,2-3-6,1230.0
2026-09-26 11:55:10,20260926,21,8,2-4-1,131.8
2026-09-26 11:55:10,20260926,21,8,2-4-3,389.2
2026-09-26 11:55:10,20260926,21,8,2-4-5,51.9
2026-09-26 11:55:10,20260926,21,8,2-4-6,134.5
2026-09-26 11:55:10,20260926,21,8,2-5-1,174.7
2026-09-26 11:55:10,20260926,21,8,2-5-3,340.2
2026-09-26 11:55:10,20260926,21,8,2-5-4,67.8
2026-09-26 11:55:10,20260926,21,8,2-5-6,213.5
2026-09-26 11:55:10,20260926,21,8,2-6-1,703.3
2026-09-26 11:55:10,20260926,21,8,2-6-3,1609.0
2026-09-26 11:55:10,20260926,21,8,2-6-4,404.3
2026-09-26 11:55:10,20260926,21,8,2-6-5,561.7
2026-09-26 11:55:10,20260926,21,8,3-1-2,297.8
2026-09-26 11:55:10,20260926,21,8,3-1-4,398.5
2026-09-26 11:55:10,20260926,21,8,3-1-5,302.1
2026-09-26 11:55:10,20260926,21,8,3-1-6,721.5
2026-09-26 11:55:10,20260926,21,8,3-2-1,457.3
2026-09-26 11:55:10,20260926,21,8,3-2-4,373.6
2026-09-26 11:55:10,20260926,21,8,3-2-5,410.2
2026-09-26 11:55:10,20260926,21,8,3-2-6,951.0
2026-09-26 11:55:10,20260926,21,8,3-4-1,624.5
2026-09-26 11:55:10,20260926,21,8,3-4-2,533.0
2026-09-26 11:55:10,20260926,21,8,3-4-5,404.3
2026-09-26 11:55:10,20260926,21,8,3-4-6,828.6
2026-09-26 11:55:10,20260926,21,8,3-5-1,435.9
2026-09-26 11:55:10,20260926,21,8,3-5-2,389.2
2026-09-26 11:55:10,20260926,21,8,3-5-4,475.5
2026-09-26 11:55:10,20260926,21,8,3-5-6,1073.0
2026-09-26 11:55:10,20260926,21,8,3-6-1,1780.0
2026-09-26 11:55:10,20260926,21,8,3-6-2,1268.0
2026-09-26 11:55:10,20260926,21,8,3-6-4,1902.0
2026-09-26 11:55:10,20260926,21,8,3-6-5,1743.0
2026-09-26 11:55:10,20260926,21,8,4-1-2,45.6
2026-09-26 11:55:10,20260926,21,8,4-1-3,147.6
2026-09-26 11:55:10,20260926,21,8,4-1-5,13.7
2026-09-26 11:55:10,20260926,21,8,4-1-6,42.8
2026-09-26 11:55:10,20260926,21,8,4-2-1,73.4
2026-09-26 11:55:10,20260926,21,8,4-2-3,298.9
2026-09-26 11:55:10,20260926,21,8,4-2-5,33.9
2026-09-26 11:55:10,20260926,21,8,4-2-6,92.2
2026-09-26 11:55:10,20260926,21,8,4-3-1,472.8
2026-09-26 11:55:10,20260926,21,8,4-3-2,533.0
2026-09-26 11:55:10,20260926,21,8,4-3-5,250.5
2026-09-26 11:55:10,20260926,21,8,4-3-6,550.6
2026-09-26 11:55:10,20260926,21,8,4-5-1,8.6
2026-09-26 11:55:10,20260926,21,8,4-5-2,15.8
2026-09-26 11:55:10,20260926,21,8,4-5-3,66.9
2026-09-26 11:55:10,20260926,21,8,4-5-6,8.3
2026-09-26 11:55:10,20260926,21,8,4-6-1,77.7
2026-09-26 11:55:10,20260926,21,8,4-6-2,111.2
2026-09-26 11:55:10,20260926,21,8,4-6-3,371.9
2026-09-26 11:55:10,20260926,21,8,4-6-5,31.8
2026-09-26 11:55:10,20260926,21,8,5-1-2,97.2
2026-09-26 11:55:10,20260926,21,8,5-1-3,228.0
2026-09-26 11:55:10,20260926,21,8,5-1-4,26.7
2026-09-26 11:55:10,20260926,21,8,5-1-6,69.6
2026-09-26 11:55:10,20260926,21,8,5-2-1,166.3
2026-09-26 11:55:10,20260926,21,8,5-2-3,382.1
2026-09-26 11:55:10,20260926,21,8,5-2-4,65.5
2026-09-26 11:55:10,20260926,21,8,5-2-6,196.0
2026-09-26 11:55:10,20260926,21,8,5-3-1,410.2
2026-09-26 11:55:10,20260926,21,8,5-3-2,495.2
2026-09-26 11:55:10,20260926,21,8,5-3-4,341.6
2026-09-26 11:55:10,20260926,21,8,5-3-6,854.0
2026-09-26 11:55:10,20260926,21,8,5-4-1,18.0
2026-09-26 11:55:10,20260926,21,8,5-4-2,31.4
2026-09-26 11:55:10,20260926,21,8,5-4-3,124.7
2026-09-26 11:55:10,20260926,21,8,5-4-6,16.4
2026-09-26 11:55:10,20260926,21,8,5-6-1,109.8
2026-09-26 11:55:10,20260926,21,8,5-6-2,223.7
2026-09-26 11:55:10,20260926,21,8,5-6-3,543.4
2026-09-26 11:55:10,20260926,21,8,5-6-4,44.3
2026-09-26 11:55:10,20260926,21,8,6-1-2,602.1
2026-09-26 11:55:10,20260926,21,8,6-1-3,1468.0
2026-09-26 11:55:10,20260926,21,8,6-1-4,561.7
2026-09-26 11:55:10,20260926,21,8,6-1-5,565.5
2026-09-26 11:55:10,20260926,21,8,6-2-1,680.4
2026-09-26 11:55:10,20260926,21,8,6-2-3,1743.0
2026-09-26 11:55:10,20260926,21,8,6-2-4,812.5
2026-09-26 11:55:10,20260926,21,8,6-2-5,1073.0
2026-09-26 11:55:10,20260926,21,8,6-3-1,1946.0
2026-09-26 11:55:10,20260926,21,8,6-3-2,1819.0
2026-09-26 11:55:10,20260926,21,8,6-3-4,1609.0
2026-09-26 11:55:10,20260926,21,8,6-3-5,1946.0
2026-09-26 11:55:10,20260926,21,8,6-4-1,492.3
2026-09-26 11:55:10,20260926,21,8,6-4-2,648.7
2026-09-26 11:55:10,20260926,21,8,6-4-3,1249.0
2026-09-26 11:55:10,20260926,21,8,6-4-5,97.7
2026-09-26 11:55:10,20260926,21,8,6-5-1,529.7
2026-09-26 11:55:10,20260926,21,8,6-5-2,1008.0
2026-09-26 11:55:10,20260926,21,8,6-5-3,1468.0
2026-09-26 11:55:10,20260926,21,8,6-5-4,99.1
2026-09-26 11:57:40,20260926,3,3,1-2-3,20.8
2026-09-26 11:57:40,20260926,3,3,1-2-4,24.8
2026-09-26 11:57:40,20260926,3,3,1-2-5,58.6
2026-09-26 11:57:40,20260926,3,3,1-2-6,56.7
2026-09-26 11:57:40,20260926,3,3,1-3-2,44.0
2026-09-26 11:57:40,20260926,3,3,1-3-4,68.9
2026-09-26 11:57:40,20260926,3,3,1-3-5,75.4
2026-09-26 11:57:40,20260926,3,3,1-3-6,121.6
2026-09-26 11:57:40,20260926,3,3,1-4-2,48.1
2026-09-26 11:57:40,20260926,3,3,1-4-3,86.2
2026-09-26 11:57:40,20260926,3,3,1-4-5,92.8
2026-09-26 11:57:40,20260926,3,3,1-4-6,80.9
2026-09-26 11:57:40,20260926,3,3,1-5-2,68.6
2026-09-26 11:57:40,20260926,3,3,1-5-3,107.2
2026-09-26 11:57:40,20260926,3,3,1-5-4,104.9
2026-09-26 11:57:40,20260926,3,3,1-5-6,125.9
2026-09-26 11:57:40,20260926,3,3,1-6-2,124.8
2026-09-26 11:57:40,20260926,3,3,1-6-3,166.4
2026-09-26 11:57:40,20260926,3,3,1-6-4,170.3
2026-09-26 11:57:40,20260926,3,3,1-6-5,188.0
2026-09-26 11:57:40,20260926,3,3,2-1-3,24.0
2026-09-26 11:57:40,20260926,3,3,2-1-4,19.5
2026-09-26 11:57:40,20260926,3,3,2-1-5,54.2
2026-09-26 11:57:40,20260926,3,3,2-1-6,60.8
2026-09-26 11:57:40,20260926,3,3,2-3-1,39.7
2026-09-26 11:57:40,20260926,3,3,2-3-4,30.2
2026-09-26 11:57:40,20260926,3,3,2-3-5,54.2
2026-09-26 11:57:40,20260926,3,3,2-3-6,58.8
2026-09-26 11:57:40,20260926,3,3,2-4-1,28.6
2026-09-26 11:57:40,20260926,3,3,2-4-3,30.4
2026-09-26 11:57:40,20260926,3,3,2-4-5,38.5
2026-09-26 11:57:40,20260926,3,3,2-4-6,29.4
2026-09-26 11:57:40,20260926,3,3,2-5-1,87.2
2026-09-26 11:57:40,20260926,3,3,2-5-3,73.8
2026-09-26 11:57:40,20260926,3,3,2-5-4,69.6
2026-09-26 11:57:40,20260926,3,3,2-5-6,61.8
2026-09-26 11:57:40,20260926,3,3,2-6-1,112.2
2026-09-26 11:57:40,20260926,3,3,2-6-3,99.8
2026-09-26 11:57:40,20260926,3,3,2-6-4,70.2
2026-09-26 11:57:40,20260926,3,3,2-6-5,90.5
2026-09-26 11:57:40,20260926,3,3,3-1-2,70.6
2026-09-26 11:57:40,20260926,3,3,3-1-4,87.7
2026-09-26 11:57:40,20260926,3,3,3-1-5,75.4
2026-09-26 11:57:40,20260926,3,3,3-1-6,164.5
2026-09-26 11:57:40,20260926,3,3,3-2-1,76.2
2026-09-26 11:57:40,20260926,3,3,3-2-4,47.1
2026-09-26 11:57:40,20260926,3,3,3-2-5,63.7
2026-09-26 11:57:40,20260926,3,3,3-2-6,71.6
2026-09-26 11:57:40,20260926,3,3,3-4-1,115.8
2026-09-26 11:57:40,20260926,3,3,3-4-2,69.2
2026-09-26 11:57:40,20260926,3,3,3-4-5,135.3
2026-09-26 11:57:40,20260926,3,3,3-4-6,134.0
2026-09-26 11:57:40,20260926,3,3,3-5-1,143.3
2026-09-26 11:57:40,20260926,3,3,3-5-2,84.6
2026-09-26 11:57:40,20260926,3,3,3-5-4,150.8
2026-09-26 11:57:40,20260926,3,3,3-5-6,152.4
2026-09-26 11:57:40,20260926,3,3,3-6-1,254.0
2026-09-26 11:57:40,20260926,3,3,3-6-2,154.0
2026-09-26 11:57:40,20260926,3,3,3-6-4,206.8
2026-09-26 11:57:40,20260926,3,3,3-6-5,278.4
2026-09-26 11:57:40,20260926,3,3,4-1-2,48.4
2026-09-26 11:57:40,20260926,3,3,4-1-3,127.0
2026-09-26 11:57:40,20260926,3,3,4-1-5,97.1
2026-09-26 11:57:40,20260926,3,3,4-1-6,129.3
2026-09-26 11:57:40,20260926,3,3,4-2-1,49.4
2026-09-26 11:57:40,20260926,3,3,4-2-3,58.6
2026-09-26 11:57:40,20260926,3,3,4-2-5,66.1
2026-09-26 11:57:40,20260926,3,3,4-2-6,61.1
2026-09-26 11:57:40,20260926,3,3,4-3-1,134.0
2026-09-26 11:57:40,20260926,3,3,4-3-2,101.2
2026-09-26 11:57:40,20260926,3,3,4-3-5,181.0
2026-09-26 11:57:40,20260926,3,3,4-3-6,188.0
2026-09-26 11:57:40,20260926,3,3,4-5-1,147.7
2026-09-26 11:57:40,20260926,3,3,4-5-2,97.1
2026-09-26 11:57:40,20260926,3,3,4-5-3,183.3
2026-09-26 11:57:40,20260926,3,3,4-5-6,112.2
2026-09-26 11:57:40,20260926,3,3,4-6-1,185.6
2026-09-26 11:57:40,20260926,3,3,4-6-2,83.7
2026-09-26 11:57:40,20260926,3,3,4-6-3,249.6
2026-09-26 11:57:40,20260926,3,3,4-6-5,178.7
2026-09-26 11:57:40,20260926,3,3,5-1-2,125.9
2026-09-26 11:57:40,20260926,3,3,5-1-3,137.9
2026-09-26 11:57:40,20260926,3,3,5-1-4,198.3
2026-09-26 11:57:40,20260926,3,3,5-1-6,140.5
2026-09-26 11:57:40,20260926,3,3,5-2-1,137.9
2026-09-26 11:57:40,20260926,3,3,5-2-3,120.6
2026-09-26 11:57:40,20260926,3,3,5-2-4,114.0
2026-09-26 11:57:40,20260926,3,3,5-2-6,106.4
2026-09-26 11:57:40,20260926,3,3,5-3-1,203.9
2026-09-26 11:57:40,20260926,3,3,5-3-2,168.3
2026-09-26 11:57:40,20260926,3,3,5-3-4,308.1
2026-09-26 11:57:40,20260926,3,3,5-3-6,336.7
2026-09-26 11:57:40,20260926,3,3,5-4-1,263.3
2026-09-26 11:57:40,20260926,3,3,5-4-2,159.1
2026-09-26 11:57:40,20260926,3,3,5-4-3,258.6
2026-09-26 11:57:40,20260926,3,3,5-4-6,216.1
2026-09-26 11:57:40,20260926,3,3,5-6-1,245.4
2026-09-26 11:57:40,20260926,3,3,5-6-2,139.2
2026-09-26 11:57:40,20260926,3,3,5-6-3,273.2
2026-09-26 11:57:40,20260926,3,3,5-6-4,254.0
2026-09-26 11:57:40,20260926,3,3,6-1-2,176.6
2026-09-26 11:57:40,20260926,3,3,6-1-3,425.9
2026-09-26 11:57:40,20260926,3,3,6-1-4,391.3
2026-09-26 11:57:40,20260926,3,3,6-1-5,381.0
2026-09-26 11:57:40,20260926,3,3,6-2-1,209.8
2026-09-26 11:57:40,20260926,3,3,6-2-3,254.0
2026-09-26 11:57:40,20260926,3,3,6-2-4,164.5
2026-09-26 11:57:40,20260926,3,3,6-2-5,219.4
2026-09-26 11:57:40,20260926,3,3,6-3-1,603.4
2026-09-26 11:57:40,20260926,3,3,6-3-2,308.1
2026-09-26 11:57:40,20260926,3,3,6-3-4,371.3
2026-09-26 11:57:40,20260926,3,3,6-3-5,905.1
2026-09-26 11:57:40,20260926,3,3,6-4-1,413.7
2026-09-26 11:57:40,20260926,3,3,6-4-2,174.4
2026-09-26 11:57:40,20260926,3,3,6-4-3,467.1
2026-09-26 11:57:40,20260926,3,3,6-4-5,517.2
2026-09-26 11:57:40,20260926,3,3,6-5-1,289.6
2026-09-26 11:57:40,20260926,3,3,6-5-2,249.6
2026-09-26 11:57:40,20260926,3,3,6-5-3,579.2
2026-09-26 11:57:40,20260926,3,3,6-5-4,268.1
2026-09-26 11:57:50,20260926,5,3,1-2-3,27.6
2026-09-26 11:57:50,20260926,5,3,1-2-4,36.2
2026-09-26 11:57:50,20260926,5,3,1-2-5,61.6
2026-09-26 11:57:50,20260926,5,3,1-2-6,110.0
2026-09-26 11:57:50,20260926,5,3,1-3-2,44.0
2026-09-26 11:57:50,20260926,5,3,1-3-4,53.3
2026-09-26 11:57:50,20260926,5,3,1-3-5,95.5
2026-09-26 11:57:50,20260926,5,3,1-3-6,140.3
2026-09-26 11:57:50,20260926,5,3,1-4-2,57.3
2026-09-26 11:57:50,20260926,5,3,1-4-3,76.8
2026-09-26 11:57:50,20260926,5,3,1-4-5,161.8
2026-09-26 11:57:50,20260926,5,3,1-4-6,137.5
2026-09-26 11:57:50,20260926,5,3,1-5-2,74.3
2026-09-26 11:57:50,20260926,5,3,1-5-3,104.2
2026-09-26 11:57:50,20260926,5,3,1-5-4,199.3
2026-09-26 11:57:50,20260926,5,3,1-5-6,161.8
2026-09-26 11:57:50,20260926,5,3,1-6-2,229.2
2026-09-26 11:57:50,20260926,5,3,1-6-3,250.1
2026-09-26 11:57:50,20260926,5,3,1-6-4,193.7
2026-09-26 11:57:50,20260926,5,3,1-6-5,335.5
2026-09-26 11:57:50,20260926,5,3,2-1-3,23.0
2026-09-26 11:57:50,20260926,5,3,2-1-4,27.9
2026-09-26 11:57:50,20260926,5,3,2-1-5,48.2
2026-09-26 11:57:50,20260926,5,3,2-1-6,101.1
2026-09-26 11:57:50,20260926,5,3,2-3-1,23.3
2026-09-26 11:57:50,20260926,5,3,2-3-4,12.1
2026-09-26 11:57:50,20260926,5,3,2-3-5,24.6
2026-09-26 11:57:50,20260926,5,3,2-3-6,48.7
2026-09-26 11:57:50,20260926,5,3,2-4-1,33.8
2026-09-26 11:57:50,20260926,5,3,2-4-3,17.9
2026-09-26 11:57:50,20260926,5,3,2-4-5,47.9
2026-09-26 11:57:50,20260926,5,3,2-4-6,41.0
2026-09-26 11:57:50,20260926,5,3,2-5-1,126.1
2026-09-26 11:57:50,20260926,5,3,2-5-3,84.3
2026-09-26 11:57:50,20260926,5,3,2-5-4,92.3
2026-09-26 11:57:50,20260926,5,3,2-5-6,126.1
2026-09-26 11:57:50,20260926,5,3,2-6-1,137.5
2026-09-26 11:57:50,20260926,5,3,2-6-3,91.0
2026-09-26 11:57:50,20260926,5,3,2-6-4,91.7
2026-09-26 11:57:50,20260926,5,3,2-6-5,129.7
2026-09-26 11:57:50,20260926,5,3,3-1-2,62.5
2026-09-26 11:57:50,20260926,5,3,3-1-4,81.3
2026-09-26 11:57:50,20260926,5,3,3-1-5,92.3
2026-09-26 11:57:50,20260926,5,3,3-1-6,188.4
2026-09-26 11:57:50,20260926,5,3,3-2-1,53.3
2026-09-26 11:57:50,20260926,5,3,3-2-4,21.0
2026-09-26 11:57:50,20260926,5,3,3-2-5,37.0
2026-09-26 11:57:50,20260926,5,3,3-2-6,95.5
2026-09-26 11:57:50,20260926,5,3,3-4-1,95.5
2026-09-26 11:57:50,20260926,5,3,3-4-2,42.4
2026-09-26 11:57:50,20260926,5,3,3-4-5,101.8
2026-09-26 11:57:50,20260926,5,3,3-4-6,121.7
2026-09-26 11:57:50,20260926,5,3,3-5-1,221.8
2026-09-26 11:57:50,20260926,5,3,3-5-2,63.9
2026-09-26 11:57:50,20260926,5,3,3-5-4,109.1
2026-09-26 11:57:50,20260926,5,3,3-5-6,237.1
2026-09-26 11:57:50,20260926,5,3,3-6-1,352.7
2026-09-26 11:57:50,20260926,5,3,3-6-2,221.8
2026-09-26 11:57:50,20260926,5,3,3-6-4,250.1
2026-09-26 11:57:50,20260926,5,3,3-6-5,416.8
2026-09-26 11:57:50,20260926,5,3,4-1-2,70.5
2026-09-26 11:57:50,20260926,5,3,4-1-3,107.4
2026-09-26 11:57:50,20260926,5,3,4-1-5,163.7
2026-09-26 11:57:50,20260926,5,3,4-1-6,229.2
2026-09-26 11:57:50,20260926,5,3,4-2-1,73.5
2026-09-26 11:57:50,20260926,5,3,4-2-3,46.3
2026-09-26 11:57:50,20260926,5,3,4-2-5,114.6
2026-09-26 11:57:50,20260926,5,3,4-2-6,108.3
2026-09-26 11:57:50,20260926,5,3,4-3-1,109.1
2026-09-26 11:57:50,20260926,5,3,4-3-2,60.3
2026-09-26 11:57:50,20260926,5,3,4-3-5,154.5
2026-09-26 11:57:50,20260926,5,3,4-3-6,159.9
2026-09-26 11:57:50,20260926,5,3,4-5-1,158.1
2026-09-26 11:57:50,20260926,5,3,4-5-2,112.7
2026-09-26 11:57:50,20260926,5,3,4-5-3,180.9
2026-09-26 11:57:50,20260926,5,3,4-5-6,196.5
2026-09-26 11:57:50,20260926,5,3,4-6-1,233.1
2026-09-26 11:57:50,20260926,5,3,4-6-2,152.8
2026-09-26 11:57:50,20260926,5,3,4-6-3,229.2
2026-09-26 11:57:50,20260926,5,3,4-6-5,237.1
2026-09-26 11:57:50,20260926,5,3,5-1-2,305.6
2026-09-26 11:57:50,20260926,5,3,5-1-3,176.3
2026-09-26 11:57:50,20260926,5,3,5-1-4,343.8
2026-09-26 11:57:50,20260926,5,3,5-1-6,280.7
2026-09-26 11:57:50,20260926,5,3,5-2-1,299.0
2026-09-26 11:57:50,20260926,5,3,5-2-3,146.3
2026-09-26 11:57:50,20260926,5,3,5-2-4,202.2
2026-09-26 11:57:50,20260926,5,3,5-2-6,259.5
2026-09-26 11:57:50,20260926,5,3,5-3-1,343.8
2026-09-26 11:57:50,20260926,5,3,5-3-2,167.7
2026-09-26 11:57:50,20260926,5,3,5-3-4,312.6
2026-09-26 11:57:50,20260926,5,3,5-3-6,221.8
2026-09-26 11:57:50,20260926,5,3,5-4-1,550.2
2026-09-26 11:57:50,20260926,5,3,5-4-2,327.5
2026-09-26 11:57:50,20260926,5,3,5-4-3,429.8
2026-09-26 11:57:50,20260926,5,3,5-4-6,491.2
2026-09-26 11:57:50,20260926,5,3,5-6-1,625.2
2026-09-26 11:57:50,20260926,5,3,5-6-2,312.6
2026-09-26 11:57:50,20260926,5,3,5-6-3,382.1
2026-09-26 11:57:50,20260926,5,3,5-6-4,393.0
2026-09-26 11:57:50,20260926,5,3,6-1-2,176.3
2026-09-26 11:57:50,20260926,5,3,6-1-3,208.4
2026-09-26 11:57:50,20260926,5,3,6-1-4,229.2
2026-09-26 11:57:50,20260926,5,3,6-1-5,319.9
2026-09-26 11:57:50,20260926,5,3,6-2-1,163.7
2026-09-26 11:57:50,20260926,5,3,6-2-3,89.3
2026-09-26 11:57:50,20260926,5,3,6-2-4,96.8
2026-09-26 11:57:50,20260926,5,3,6-2-5,202.2
2026-09-26 11:57:50,20260926,5,3,6-3-1,327.5
2026-09-26 11:57:50,20260926,5,3,6-3-2,128.5
2026-09-26 11:57:50,20260926,5,3,6-3-4,233.1
2026-09-26 11:57:50,20260926,5,3,6-3-5,299.0
2026-09-26 11:57:50,20260926,5,3,6-4-1,335.5
2026-09-26 11:57:50,20260926,5,3,6-4-2,149.5
2026-09-26 11:57:50,20260926,5,3,6-4-3,259.5
2026-09-26 11:57:50,20260926,5,3,6-4-5,305.6
2026-09-26 11:57:50,20260926,5,3,6-5-1,343.8
2026-09-26 11:57:50,20260926,5,3,6-5-2,241.3
2026-09-26 11:57:50,20260926,5,3,6-5-3,259.5
2026-09-26 11:57:50,20260926,5,3,6-5-4,280.7
2026-09-26 11:59:57,20260926,22,2,1-2-3,13.1
2026-09-26 11:59:57,20260926,22,2,1-2-4,27.4
2026-09-26 11:59:57,20260926,22,2,1-2-5,79.1
2026-09-26 11:59:57,20260926,22,2,1-2-6,65.1
2026-09-26 11:59:57,20260926,22,2,1-3-2,16.2
2026-09-26 11:59:57,20260926,22,2,1-3-4,12.1
2026-09-26 11:59:57,20260926,22,2,1-3-5,23.5
2026-09-26 11:59:57,20260926,22,2,1-3-6,14.1
2026-09-26 11:59:57,20260926,22,2,1-4-2,67.9
2026-09-26 11:59:57,20260926,22,2,1-4-3,68.7
2026-09-26 11:59:57,20260926,22,2,1-4-5,115.8
2026-09-26 11:59:57,20260926,22,2,1-4-6,89.3
2026-09-26 11:59:57,20260926,22,2,1-5-2,81.2
2026-09-26 11:59:57,20260926,22,2,1-5-3,81.2
2026-09-26 11:59:57,20260926,22,2,1-5-4,152.5
2026-09-26 11:59:57,20260926,22,2,1-5-6,106.0
2026-09-26 11:59:57,20260926,22,2,1-6-2,69.4
2026-09-26 11:59:57,20260926,22,2,1-6-3,32.9
2026-09-26 11:59:57,20260926,22,2,1-6-4,79.1
2026-09-26 11:59:57,20260926,22,2,1-6-5,107.8
2026-09-26 11:59:57,20260926,22,2,2-1-3,81.2
2026-09-26 11:59:57,20260926,22,2,2-1-4,76.2
2026-09-26 11:59:57,20260926,22,2,2-1-5,135.9
2026-09-26 11:59:57,20260926,22,2,2-1-6,135.9
2026-09-26 11:59:57,20260926,22,2,2-3-1,104.2
2026-09-26 11:59:57,20260926,22,2,2-3-4,160.3
2026-09-26 11:59:57,20260926,22,2,2-3-5,160.3
2026-09-26 11:59:57,20260926,22,2,2-3-6,169.0
2026-09-26 11:59:57,20260926,22,2,2-4-1,240.5
2026-09-26 11:59:57,20260926,22,2,2-4-3,367.8
2026-09-26 11:59:57,20260926,22,2,2-4-5,568.5
2026-09-26 11:59:57,20260926,22,2,2-4-6,231.6
2026-09-26 11:59:57,20260926,22,2,2-5-1,148.9
2026-09-26 11:59:57,20260926,22,2,2-5-3,215.6
2026-09-26 11:59:57,20260926,22,2,2-5-4,446.7
2026-09-26 11:59:57,20260926,22,2,2-5-6,367.8
2026-09-26 11:59:57,20260926,22,2,2-6-1,208.4
2026-09-26 11:59:57,20260926,22,2,2-6-3,416.9
2026-09-26 11:59:57,20260926,22,2,2-6-4,148.9
2026-09-26 11:59:57,20260926,22,2,2-6-5,347.4
2026-09-26 11:59:57,20260926,22,2,3-1-2,28.8
2026-09-26 11:59:57,20260926,22,2,3-1-4,21.8
2026-09-26 11:59:57,20260926,22,2,3-1-5,34.9
2026-09-26 11:59:57,20260926,22,2,3-1-6,22.0
2026-09-26 11:59:57,20260926,22,2,3-2-1,84.5
2026-09-26 11:59:57,20260926,22,2,3-2-4,94.7
2026-09-26 11:59:57,20260926,22,2,3-2-5,104.2
2026-09-26 11:59:57,20260926,22,2,3-2-6,104.2
2026-09-26 11:59:57,20260926,22,2,3-4-1,64.4
2026-09-26 11:59:57,20260926,22,2,3-4-2,81.2
2026-09-26 11:59:57,20260926,22,2,3-4-5,106.0
2026-09-26 11:59:57,20260926,22,2,3-4-6,40.3
2026-09-26 11:59:57,20260926,22,2,3-5-1,120.2
2026-09-26 11:59:57,20260926,22,2,3-5-2,122.6
2026-09-26 11:59:57,20260926,22,2,3-5-4,169.0
2026-09-26 11:59:57,20260926,22,2,3-5-6,93.3
2026-09-26 11:59:57,20260926,22,2,3-6-1,39.8
2026-09-26 11:59:57,20260926,22,2,3-6-2,94.7
2026-09-26 11:59:57,20260926,22,2,3-6-4,45.6
2026-09-26 11:59:57,20260926,22,2,3-6-5,68.7
2026-09-26 11:59:57,20260926,22,2,4-1-2,138.9
2026-09-26 11:59:57,20260926,22,2,4-1-3,102.5
2026-09-26 11:59:57,20260926,22,2,4-1-5,178.6
2026-09-26 11:59:57,20260926,22,2,4-1-6,164.5
2026-09-26 11:59:57,20260926,22,2,4-2-1,329.1
2026-09-26 11:59:57,20260926,22,2,4-2-3,390.8
2026-09-26 11:59:57,20260926,22,2,4-2-5,367.8
2026-09-26 11:59:57,20260926,22,2,4-2-6,223.3
2026-09-26 11:59:57,20260926,22,2,4-3-1,138.9
2026-09-26 11:59:57,20260926,22,2,4-3-2,625.4
2026-09-26 11:59:57,20260926,22,2,4-3-5,240.5
2026-09-26 11:59:57,20260926,22,2,4-3-6,104.2
2026-09-26 11:59:57,20260926,22,2,4-5-1,240.5
2026-09-26 11:59:57,20260926,22,2,4-5-2,694.9
2026-09-26 11:59:57,20260926,22,2,4-5-3,329.1
2026-09-26 11:59:57,20260926,22,2,4-5-6,329.1
2026-09-26 11:59:57,20260926,22,2,4-6-1,178.6
2026-09-26 11:59:57,20260926,22,2,4-6-2,156.3
2026-09-26 11:59:57,20260926,22,2,4-6-3,120.2
2026-09-26 11:59:57,20260926,22,2,4-6-5,367.8
2026-09-26 11:59:57,20260926,22,2,5-1-2,223.3
2026-09-26 11:59:57,20260926,22,2,5-1-3,120.2
2026-09-26 11:59:57,20260926,22,2,5-1-4,367.8
2026-09-26 11:59:57,20260926,22,2,5-1-6,223.3
2026-09-26 11:59:57,20260926,22,2,5-2-1,390.8
2026-09-26 11:59:57,20260926,22,2,5-2-3,329.1
2026-09-26 11:59:57,20260926,22,2,5-2-4,260.5
2026-09-26 11:59:57,20260926,22,2,5-2-6,297.8
2026-09-26 11:59:57,20260926,22,2,5-3-1,164.5
2026-09-26 11:59:57,20260926,22,2,5-3-2,446.7
2026-09-26 11:59:57,20260926,22,2,5-3-4,521.1
2026-09-26 11:59:57,20260926,22,2,5-3-6,231.6
2026-09-26 11:59:57,20260926,22,2,5-4-1,481.0
2026-09-26 11:59:57,20260926,22,2,5-4-2,347.4
2026-09-26 11:59:57,20260926,22,2,5-4-3,568.5
2026-09-26 11:59:57,20260926,22,2,5-4-6,781.7
2026-09-26 11:59:57,20260926,22,2,5-6-1,446.7
2026-09-26 11:59:57,20260926,22,2,5-6-2,781.7
2026-09-26 11:59:57,20260926,22,2,5-6-3,240.5
2026-09-26 11:59:57,20260926,22,2,5-6-4,625.4
2026-09-26 11:59:57,20260926,22,2,6-1-2,127.6
2026-09-26 11:59:57,20260926,22,2,6-1-3,53.4
2026-09-26 11:59:57,20260926,22,2,6-1-4,118.0
2026-09-26 11:59:57,20260926,22,2,6-1-5,173.7
2026-09-26 11:59:57,20260926,22,2,6-2-1,169.0
2026-09-26 11:59:57,20260926,22,2,6-2-3,195.4
2026-09-26 11:59:57,20260926,22,2,6-2-4,250.1
2026-09-26 11:59:57,20260926,22,2,6-2-5,568.5
2026-09-26 11:59:57,20260926,22,2,6-3-1,57.9
2026-09-26 11:59:57,20260926,22,2,6-3-2,148.9
2026-09-26 11:59:57,20260926,22,2,6-3-4,67.9
2026-09-26 11:59:57,20260926,22,2,6-3-5,106.0
2026-09-26 11:59:57,20260926,22,2,6-4-1,195.4
2026-09-26 11:59:57,20260926,22,2,6-4-2,201.7
2026-09-26 11:59:57,20260926,22,2,6-4-3,169.0
2026-09-26 11:59:57,20260926,22,2,6-4-5,446.7
2026-09-26 11:59:57,20260926,22,2,6-5-1,240.5
2026-09-26 11:59:57,20260926,22,2,6-5-2,568.5
2026-09-26 11:59:57,20260926,22,2,6-5-3,208.4
2026-09-26 11:59:57,20260926,22,2,6-5-4,250.1
2026-09-26 12:02:24,20260926,2,4,1-2-3,90.0
2026-09-26 12:02:24,20260926,2,4,1-2-4,124.0
2026-09-26 12:02:24,20260926,2,4,1-2-5,264.0
2026-09-26 12:02:24,20260926,2,4,1-2-6,103.5
2026-09-26 12:02:24,20260926,2,4,1-3-2,133.9
2026-09-26 12:02:24,20260926,2,4,1-3-4,61.4
2026-09-26 12:02:24,20260926,2,4,1-3-5,218.9
2026-09-26 12:02:24,20260926,2,4,1-3-6,41.3
2026-09-26 12:02:24,20260926,2,4,1-4-2,172.6
2026-09-26 12:02:24,20260926,2,4,1-4-3,79.4
2026-09-26 12:02:24,20260926,2,4,1-4-5,238.3
2026-09-26 12:02:24,20260926,2,4,1-4-6,39.6
2026-09-26 12:02:24,20260926,2,4,1-5-2,218.9
2026-09-26 12:02:24,20260926,2,4,1-5-3,320.5
2026-09-26 12:02:24,20260926,2,4,1-5-4,324.4
2026-09-26 12:02:24,20260926,2,4,1-5-6,217.1
2026-09-26 12:02:24,20260926,2,4,1-6-2,85.7
2026-09-26 12:02:24,20260926,2,4,1-6-3,28.1
2026-09-26 12:02:24,20260926,2,4,1-6-4,34.2
2026-09-26 12:02:24,20260926,2,4,1-6-5,149.6
2026-09-26 12:02:24,20260926,2,4,2-1-3,199.4
2026-09-26 12:02:24,20260926,2,4,2-1-4,218.9
2026-09-26 12:02:24,20260926,2,4,2-1-5,302.5
2026-09-26 12:02:24,20260926,2,4,2-1-6,261.4
2026-09-26 12:02:24,20260926,2,4,2-3-1,170.4
2026-09-26 12:02:24,20260926,2,4,2-3-4,144.0
2026-09-26 12:02:24,20260926,2,4,2-3-5,215.4
2026-09-26 12:02:24,20260926,2,4,2-3-6,198.0
2026-09-26 12:02:24,20260926,2,4,2-4-1,289.5
2026-09-26 12:02:24,20260926,2,4,2-4-3,192.3
2026-09-26 12:02:24,20260926,2,4,2-4-5,340.8
2026-09-26 12:02:24,20260926,2,4,2-4-6,174.8
2026-09-26 12:02:24,20260926,2,4,2-5-1,286.4
2026-09-26 12:02:24,20260926,2,4,2-5-3,274.7
2026-09-26 12:02:24,20260926,2,4,2-5-4,401.9
2026-09-26 12:02:24,20260926,2,4,2-5-6,324.4
2026-09-26 12:02:24,20260926,2,4,2-6-1,258.9
2026-09-26 12:02:24,20260926,2,4,2-6-3,208.7
2026-09-26 12:02:24,20260926,2,4,2-6-4,210.3
2026-09-26 12:02:24,20260926,2,4,2-6-5,269.2
2026-09-26 12:02:24,20260926,2,4,3-1-2,108.1
2026-09-26 12:02:24,20260926,2,4,3-1-4,69.0
2026-09-26 12:02:24,20260926,2,4,3-1-5,159.3
2026-09-26 12:02:24,20260926,2,4,3-1-6,49.2
2026-09-26 12:02:24,20260926,2,4,3-2-1,185.7
2026-09-26 12:02:24,20260926,2,4,3-2-4,103.9
2026-09-26 12:02:24,20260926,2,4,3-2-5,207.1
2026-09-26 12:02:24,20260926,2,4,3-2-6,101.2
2026-09-26 12:02:24,20260926,2,4,3-4-1,62.3
2026-09-26 12:02:24,20260926,2,4,3-4-2,88.8
2026-09-26 12:02:24,20260926,2,4,3-4-5,147.9
2026-09-26 12:02:24,20260926,2,4,3-4-6,19.0
2026-09-26 12:02:24,20260926,2,4,3-5-1,292.7
2026-09-26 12:02:24,20260926,2,4,3-5-2,247.0
2026-09-26 12:02:24,20260926,2,4,3-5-4,292.7
2026-09-26 12:02:24,20260926,2,4,3-5-6,192.3
2026-09-26 12:02:24,20260926,2,4,3-6-1,31.1
2026-09-26 12:02:24,20260926,2,4,3-6-2,60.1
2026-09-26 12:02:24,20260926,2,4,3-6-4,15.8
2026-09-26 12:02:24,20260926,2,4,3-6-5,96.8
2026-09-26 12:02:24,20260926,2,4,4-1-2,202.4
2026-09-26 12:02:24,20260926,2,4,4-1-3,106.8
2026-09-26 12:02:24,20260926,2,4,4-1-5,274.7
2026-09-26 12:02:24,20260926,2,4,4-1-6,66.6
2026-09-26 12:02:24,20260926,2,4,4-2-1,302.5
2026-09-26 12:02:24,20260926,2,4,4-2-3,185.7
2026-09-26 12:02:24,20260926,2,4,4-2-5,236.2
2026-09-26 12:02:24,20260926,2,4,4-2-6,142.4
2026-09-26 12:02:24,20260926,2,4,4-3-1,81.3
2026-09-26 12:02:24,20260926,2,4,4-3-2,160.2
2026-09-26 12:02:24,20260926,2,4,4-3-5,205.5
2026-09-26 12:02:24,20260926,2,4,4-3-6,29.3
2026-09-26 12:02:24,20260926,2,4,4-5-1,316.8
2026-09-26 12:02:24,20260926,2,4,4-5-2,336.6
2026-09-26 12:02:24,20260926,2,4,4-5-3,266.6
2026-09-26 12:02:24,20260926,2,4,4-5-6,164.1
2026-09-26 12:02:24,20260926,2,4,4-6-1,39.7
2026-09-26 12:02:24,20260926,2,4,4-6-2,72.0
2026-09-26 12:02:24,20260926,2,4,4-6-3,22.2
2026-09-26 12:02:24,20260926,2,4,4-6-5,100.4
2026-09-26 12:02:24,20260926,2,4,5-1-2,641.1
2026-09-26 12:02:24,20260926,2,4,5-1-3,396.0
2026-09-26 12:02:24,20260926,2,4,5-1-4,769.3
2026-09-26 12:02:24,20260926,2,4,5-1-6,379.2
2026-09-26 12:02:24,20260926,2,4,5-2-1,508.0
2026-09-26 12:02:24,20260926,2,4,5-2-3,414.2
2026-09-26 12:02:24,20260926,2,4,5-2-4,538.5
2026-09-26 12:02:24,20260926,2,4,5-2-6,354.3
2026-09-26 12:02:24,20260926,2,4,5-3-1,359.0
2026-09-26 12:02:24,20260926,2,4,5-3-2,456.4
2026-09-26 12:02:24,20260926,2,4,5-3-4,472.4
2026-09-26 12:02:24,20260926,2,4,5-3-6,396.0
2026-09-26 12:02:24,20260926,2,4,5-4-1,656.7
2026-09-26 12:02:24,20260926,2,4,5-4-2,868.6
2026-09-26 12:02:24,20260926,2,4,5-4-3,626.2
2026-09-26 12:02:24,20260926,2,4,5-4-6,379.2
2026-09-26 12:02:24,20260926,2,4,5-6-1,222.5
2026-09-26 12:02:24,20260926,2,4,5-6-2,498.6
2026-09-26 12:02:24,20260926,2,4,5-6-3,464.2
2026-09-26 12:02:24,20260926,2,4,5-6-4,464.2
2026-09-26 12:02:24,20260926,2,4,6-1-2,67.6
2026-09-26 12:02:24,20260926,2,4,6-1-3,27.7
2026-09-26 12:02:24,20260926,2,4,6-1-4,26.4
2026-09-26 12:02:24,20260926,2,4,6-1-5,148.7
2026-09-26 12:02:24,20260926,2,4,6-2-1,105.1
2026-09-26 12:02:24,20260926,2,4,6-2-3,96.8
2026-09-26 12:02:24,20260926,2,4,6-2-4,79.4
2026-09-26 12:02:24,20260926,2,4,6-2-5,177.1
2026-09-26 12:02:24,20260926,2,4,6-3-1,23.9
2026-09-26 12:02:24,20260926,2,4,6-3-2,48.7
2026-09-26 12:02:24,20260926,2,4,6-3-4,12.6
2026-09-26 12:02:24,20260926,2,4,6-3-5,90.6
2026-09-26 12:02:24,20260926,2,4,6-4-1,24.3
2026-09-26 12:02:24,20260926,2,4,6-4-2,52.5
2026-09-26 12:02:24,20260926,2,4,6-4-3,13.8
2026-09-26 12:02:24,20260926,2,4,6-4-5,90.0
2026-09-26 12:02:24,20260926,2,4,6-5-1,183.1
2026-09-26 12:02:24,20260926,2,4,6-5-2,280.5
2026-09-26 12:02:24,20260926,2,4,6-5-3,238.3
2026-09-26 12:02:24,20260926,2,4,6-5-4,234.1
2026-09-26 12:08:35,20260926,11,5,1-2-3,20.6
2026-09-26 12:08:35,20260926,11,5,1-2-4,15.3
2026-09-26 12:08:35,20260926,11,5,1-2-5,56.1
2026-09-26 12:08:35,20260926,11,5,1-2-6,61.3
2026-09-26 12:08:35,20260926,11,5,1-3-2,14.4
2026-09-26 12:08:35,20260926,11,5,1-3-4,5.2
2026-09-26 12:08:35,20260926,11,5,1-3-5,24.3
2026-09-26 12:08:35,20260926,11,5,1-3-6,34.4
2026-09-26 12:08:35,20260926,11,5,1-4-2,12.0
2026-09-26 12:08:35,20260926,11,5,1-4-3,6.1
2026-09-26 12:08:35,20260926,11,5,1-4-5,19.6
2026-09-26 12:08:35,20260926,11,5,1-4-6,28.2
2026-09-26 12:08:35,20260926,11,5,1-5-2,86.3
2026-09-26 12:08:35,20260926,11,5,1-5-3,47.0
2026-09-26 12:08:35,20260926,11,5,1-5-4,57.6
2026-09-26 12:08:35,20260926,11,5,1-5-6,105.6
2026-09-26 12:08:35,20260926,11,5,1-6-2,183.0
2026-09-26 12:08:35,20260926,11,5,1-6-3,87.7
2026-09-26 12:08:35,20260926,11,5,1-6-4,97.8
2026-09-26 12:08:35,20260926,11,5,1-6-5,159.6
2026-09-26 12:08:35,20260926,11,5,2-1-3,131.8
2026-09-26 12:08:35,20260926,11,5,2-1-4,145.4
2026-09-26 12:08:35,20260926,11,5,2-1-5,265.4
2026-09-26 12:08:35,20260926,11,5,2-1-6,433.3
2026-09-26 12:08:35,20260926,11,5,2-3-1,214.4
2026-09-26 12:08:35,20260926,11,5,2-3-4,196.5
2026-09-26 12:08:35,20260926,11,5,2-3-5,348.0
2026-09-26 12:08:35,20260926,11,5,2-3-6,606.6
2026-09-26 12:08:35,20260926,11,5,2-4-1,225.8
2026-09-26 12:08:35,20260926,11,5,2-4-3,238.5
2026-09-26 12:08:35,20260926,11,5,2-4-5,493.7
2026-09-26 12:08:35,20260926,11,5,2-4-6,400.6
2026-09-26 12:08:35,20260926,11,5,2-5-1,493.7
2026-09-26 12:08:35,20260926,11,5,2-5-3,353.8
2026-09-26 12:08:35,20260926,11,5,2-5-4,684.9
2026-09-26 12:08:35,20260926,11,5,2-5-6,643.4
2026-09-26 12:08:35,20260926,11,5,2-6-1,732.1
2026-09-26 12:08:35,20260926,11,5,2-6-3,707.7
2026-09-26 12:08:35,20260926,11,5,2-6-4,558.7
2026-09-26 12:08:35,20260926,11,5,2-6-5,1179.0
2026-09-26 12:08:35,20260926,11,5,3-1-2,97.8
2026-09-26 12:08:35,20260926,11,5,3-1-4,34.1
2026-09-26 12:08:35,20260926,11,5,3-1-5,71.4
2026-09-26 12:08:35,20260926,11,5,3-1-6,135.2
2026-09-26 12:08:35,20260926,11,5,3-2-1,268.7
2026-09-26 12:08:35,20260926,11,5,3-2-4,228.3
2026-09-26 12:08:35,20260926,11,5,3-2-5,241.2
2026-09-26 12:08:35,20260926,11,5,3-2-6,342.4
2026-09-26 12:08:35,20260926,11,5,3-4-1,52.9
2026-09-26 12:08:35,20260926,11,5,3-4-2,179.9
2026-09-26 12:08:35,20260926,11,5,3-4-5,196.5
2026-09-26 12:08:35,20260926,11,5,3-4-6,228.3
2026-09-26 12:08:35,20260926,11,5,3-5-1,164.5
2026-09-26 12:08:35,20260926,11,5,3-5-2,246.8
2026-09-26 12:08:35,20260926,11,5,3-5-4,321.7
2026-09-26 12:08:35,20260926,11,5,3-5-6,348.0
2026-09-26 12:08:35,20260926,11,5,3-6-1,331.7
2026-09-26 12:08:35,20260926,11,5,3-6-2,884.6
2026-09-26 12:08:35,20260926,11,5,3-6-4,589.7
2026-09-26 12:08:35,20260926,11,5,3-6-5,849.3
2026-09-26 12:08:35,20260926,11,5,4-1-2,61.9
2026-09-26 12:08:35,20260926,11,5,4-1-3,30.3
2026-09-26 12:08:35,20260926,11,5,4-1-5,61.7
2026-09-26 12:08:35,20260926,11,5,4-1-6,80.1
2026-09-26 12:08:35,20260926,11,5,4-2-1,204.1
2026-09-26 12:08:35,20260926,11,5,4-2-3,244.0
2026-09-26 12:08:35,20260926,11,5,4-2-5,321.7
2026-09-26 12:08:35,20260926,11,5,4-2-6,275.7
2026-09-26 12:08:35,20260926,11,5,4-3-1,55.1
2026-09-26 12:08:35,20260926,11,5,4-3-2,194.7
2026-09-26 12:08:35,20260926,11,5,4-3-5,208.1
2026-09-26 12:08:35,20260926,11,5,4-3-6,181.4
2026-09-26 12:08:35,20260926,11,5,4-5-1,110.0
2026-09-26 12:08:35,20260926,11,5,4-5-2,262.1
2026-09-26 12:08:35,20260926,11,5,4-5-3,202.2
2026-09-26 12:08:35,20260926,11,5,4-5-6,225.8
2026-09-26 12:08:35,20260926,11,5,4-6-1,249.7
2026-09-26 12:08:35,20260926,11,5,4-6-2,372.5
2026-09-26 12:08:35,20260926,11,5,4-6-3,337.0
2026-09-26 12:08:35,20260926,11,5,4-6-5,493.7
2026-09-26 12:08:35,20260926,11,5,5-1-2,272.2
2026-09-26 12:08:35,20260926,11,5,5-1-3,119.9
2026-09-26 12:08:35,20260926,11,5,5-1-4,262.1
2026-09-26 12:08:35,20260926,11,5,5-1-6,290.8
2026-09-26 12:08:35,20260926,11,5,5-2-1,517.8
2026-09-26 12:08:35,20260926,11,5,5-2-3,326.6
2026-09-26 12:08:35,20260926,11,5,5-2-4,493.7
2026-09-26 12:08:35,20260926,11,5,5-2-6,558.7
2026-09-26 12:08:35,20260926,11,5,5-3-1,183.0
2026-09-26 12:08:35,20260926,11,5,5-3-2,442.3
2026-09-26 12:08:35,20260926,11,5,5-3-4,684.9
2026-09-26 12:08:35,20260926,11,5,5-3-6,758.3
2026-09-26 12:08:35,20260926,11,5,5-4-1,299.0
2026-09-26 12:08:35,20260926,11,5,5-4-2,663.5
2026-09-26 12:08:35,20260926,11,5,5-4-3,493.7
2026-09-26 12:08:35,20260926,11,5,5-4-6,643.4
2026-09-26 12:08:35,20260926,11,5,5-6-1,624.4
2026-09-26 12:08:35,20260926,11,5,5-6-2,1415.0
2026-09-26 12:08:35,20260926,11,5,5-6-3,1248.0
2026-09-26 12:08:35,20260926,11,5,5-6-4,1011.0
2026-09-26 12:08:35,20260926,11,5,6-1-2,573.8
2026-09-26 12:08:35,20260926,11,5,6-1-3,424.6
2026-09-26 12:08:35,20260926,11,5,6-1-4,433.3
2026-09-26 12:08:35,20260926,11,5,6-1-5,758.3
2026-09-26 12:08:35,20260926,11,5,6-2-1,684.9
2026-09-26 12:08:35,20260926,11,5,6-2-3,816.6
2026-09-26 12:08:35,20260926,11,5,6-2-4,1248.0
2026-09-26 12:08:35,20260926,11,5,6-2-5,1415.0
2026-09-26 12:08:35,20260926,11,5,6-3-1,433.3
2026-09-26 12:08:35,20260926,11,5,6-3-2,1769.0
2026-09-26 12:08:35,20260926,11,5,6-3-4,573.8
2026-09-26 12:08:35,20260926,11,5,6-3-5,1633.0
2026-09-26 12:08:35,20260926,11,5,6-4-1,530.8
2026-09-26 12:08:35,20260926,11,5,6-4-2,1179.0
2026-09-26 12:08:35,20260926,11,5,6-4-3,758.3
2026-09-26 12:08:35,20260926,11,5,6-4-5,1415.0
2026-09-26 12:08:35,20260926,11,5,6-5-1,1179.0
2026-09-26 12:08:35,20260926,11,5,6-5-2,1930.0
2026-09-26 12:08:35,20260926,11,5,6-5-3,1930.0
2026-09-26 12:08:35,20260926,11,5,6-5-4,707.7
2026-09-26 12:10:52,20260926,13,5,1-2-3,20.6
2026-09-26 12:10:52,20260926,13,5,1-2-4,4.3
2026-09-26 12:10:52,20260926,13,5,1-2-5,5.0
2026-09-26 12:10:52,20260926,13,5,1-2-6,29.4
2026-09-26 12:10:52,20260926,13,5,1-3-2,84.0
2026-09-26 12:10:52,20260926,13,5,1-3-4,150.1
2026-09-26 12:10:52,20260926,13,5,1-3-5,116.6
2026-09-26 12:10:52,20260926,13,5,1-3-6,130.4
2026-09-26 12:10:52,20260926,13,5,1-4-2,21.6
2026-09-26 12:10:52,20260926,13,5,1-4-3,132.1
2026-09-26 12:10:52,20260926,13,5,1-4-5,37.4
2026-09-26 12:10:52,20260926,13,5,1-4-6,112.6
2026-09-26 12:10:52,20260926,13,5,1-5-2,27.0
2026-09-26 12:10:52,20260926,13,5,1-5-3,104.3
2026-09-26 12:10:52,20260926,13,5,1-5-4,45.6
2026-09-26 12:10:52,20260926,13,5,1-5-6,133.9
2026-09-26 12:10:52,20260926,13,5,1-6-2,107.7
2026-09-26 12:10:52,20260926,13,5,1-6-3,210.8
2026-09-26 12:10:52,20260926,13,5,1-6-4,139.6
2026-09-26 12:10:52,20260926,13,5,1-6-5,241.7
2026-09-26 12:10:52,20260926,13,5,2-1-3,38.8
2026-09-26 12:10:52,20260926,13,5,2-1-4,9.5
2026-09-26 12:10:52,20260926,13,5,2-1-5,11.5
2026-09-26 12:10:52,20260926,13,5,2-1-6,50.0
2026-09-26 12:10:52,20260926,13,5,2-3-1,198.2
2026-09-26 12:10:52,20260926,13,5,2-3-4,215.4
2026-09-26 12:10:52,20260926,13,5,2-3-5,194.3
2026-09-26 12:10:52,20260926,13,5,2-3-6,583.0
2026-09-26 12:10:52,20260926,13,5,2-4-1,33.0
2026-09-26 12:10:52,20260926,13,5,2-4-3,254.1
2026-09-26 12:10:52,20260926,13,5,2-4-5,62.7
2026-09-26 12:10:52,20260926,13,5,2-4-6,98.1
2026-09-26 12:10:52,20260926,13,5,2-5-1,46.5
2026-09-26 12:10:52,20260926,13,5,2-5-3,202.2
2026-09-26 12:10:52,20260926,13,5,2-5-4,141.6
2026-09-26 12:10:52,20260926,13,5,2-5-6,202.2
2026-09-26 12:10:52,20260926,13,5,2-6-1,206.5
2026-09-26 12:10:52,20260926,13,5,2-6-3,762.4
2026-09-26 12:10:52,20260926,13,5,2-6-4,472.0
2026-09-26 12:10:52,20260926,13,5,2-6-5,472.0
2026-09-26 12:10:52,20260926,13,5,3-1-2,194.3
2026-09-26 12:10:52,20260926,13,5,3-1-4,354.0
2026-09-26 12:10:52,20260926,13,5,3-1-5,116.6
2026-09-26 12:10:52,20260926,13,5,3-1-6,708.0
2026-09-26 12:10:52,20260926,13,5,3-2-1,396.4
2026-09-26 12:10:52,20260926,13,5,3-2-4,230.5
2026-09-26 12:10:52,20260926,13,5,3-2-5,118.0
2026-09-26 12:10:52,20260926,13,5,3-2-6,550.6
2026-09-26 12:10:52,20260926,13,5,3-4-1,495.6
2026-09-26 12:10:52,20260926,13,5,3-4-2,354.0
2026-09-26 12:10:52,20260926,13,5,3-4-5,450.5
2026-09-26 12:10:52,20260926,13,5,3-4-6,660.8
2026-09-26 12:10:52,20260926,13,5,3-5-1,225.2
2026-09-26 12:10:52,20260926,13,5,3-5-2,210.8
2026-09-26 12:10:52,20260926,13,5,3-5-4,708.0
2026-09-26 12:10:52,20260926,13,5,3-5-6,354.0
2026-09-26 12:10:52,20260926,13,5,3-6-1,762.4
2026-09-26 12:10:52,20260926,13,5,3-6-2,619.5
2026-09-26 12:10:52,20260926,13,5,3-6-4,1239.0
2026-09-26 12:10:52,20260926,13,5,3-6-5,762.4
2026-09-26 12:10:52,20260926,13,5,4-1-2,59.0
2026-09-26 12:10:52,20260926,13,5,4-1-3,381.2
2026-09-26 12:10:52,20260926,13,5,4-1-5,159.8
2026-09-26 12:10:52,20260926,13,5,4-1-6,450.5
2026-09-26 12:10:52,20260926,13,5,4-2-1,75.0
2026-09-26 12:10:52,20260926,13,5,4-2-3,495.6
2026-09-26 12:10:52,20260926,13,5,4-2-5,116.6
2026-09-26 12:10:52,20260926,13,5,4-2-6,143.6
2026-09-26 12:10:52,20260926,13,5,4-3-1,413.0
2026-09-26 12:10:52,20260926,13,5,4-3-2,762.4
2026-09-26 12:10:52,20260926,13,5,4-3-5,708.0
2026-09-26 12:10:52,20260926,13,5,4-3-6,583.0
2026-09-26 12:10:52,20260926,13,5,4-5-1,187.0
2026-09-26 12:10:52,20260926,13,5,4-5-2,283.2
2026-09-26 12:10:52,20260926,13,5,4-5-3,550.6
2026-09-26 12:10:52,20260926,13,5,4-5-6,330.4
2026-09-26 12:10:52,20260926,13,5,4-6-1,762.4
2026-09-26 12:10:52,20260926,13,5,4-6-2,381.2
2026-09-26 12:10:52,20260926,13,5,4-6-3,826.0
2026-09-26 12:10:52,20260926,13,5,4-6-5,826.0
2026-09-26 12:10:52,20260926,13,5,5-1-2,94.4
2026-09-26 12:10:52,20260926,13,5,5-1-3,194.3
2026-09-26 12:10:52,20260926,13,5,5-1-4,236.0
2026-09-26 12:10:52,20260926,13,5,5-1-6,260.8
2026-09-26 12:10:52,20260926,13,5,5-2-1,143.6
2026-09-26 12:10:52,20260926,13,5,5-2-3,275.3
2026-09-26 12:10:52,20260926,13,5,5-2-4,194.3
2026-09-26 12:10:52,20260926,13,5,5-2-6,309.7
2026-09-26 12:10:52,20260926,13,5,5-3-1,330.4
2026-09-26 12:10:52,20260926,13,5,5-3-2,396.4
2026-09-26 12:10:52,20260926,13,5,5-3-4,991.2
2026-09-26 12:10:52,20260926,13,5,5-3-6,708.0
2026-09-26 12:10:52,20260926,13,5,5-4-1,319.7
2026-09-26 12:10:52,20260926,13,5,5-4-2,396.4
2026-09-26 12:10:52,20260926,13,5,5-4-3,708.0
2026-09-26 12:10:52,20260926,13,5,5-4-6,660.8
2026-09-26 12:10:52,20260926,13,5,5-6-1,826.0
2026-09-26 12:10:52,20260926,13,5,5-6-2,521.6
2026-09-26 12:10:52,20260926,13,5,5-6-3,472.0
2026-09-26 12:10:52,20260926,13,5,5-6-4,991.2
2026-09-26 12:10:52,20260926,13,5,6-1-2,341.7
2026-09-26 12:10:52,20260926,13,5,6-1-3,1416.0
2026-09-26 12:10:52,20260926,13,5,6-1-4,901.0
2026-09-26 12:10:52,20260926,13,5,6-1-5,1416.0
2026-09-26 12:10:52,20260926,13,5,6-2-1,619.5
2026-09-26 12:10:52,20260926,13,5,6-2-3,550.6
2026-09-26 12:10:52,20260926,13,5,6-2-4,1239.0
2026-09-26 12:10:52,20260926,13,5,6-2-5,901.0
2026-09-26 12:10:52,20260926,13,5,6-3-1,708.0
2026-09-26 12:10:52,20260926,13,5,6-3-2,1239.0
2026-09-26 12:10:52,20260926,13,5,6-3-4,1416.0
2026-09-26 12:10:52,20260926,13,5,6-3-5,1101.0
2026-09-26 12:10:52,20260926,13,5,6-4-1,495.6
2026-09-26 12:10:52,20260926,13,5,6-4-2,991.2
2026-09-26 12:10:52,20260926,13,5,6-4-3,1652.0
2026-09-26 12:10:52,20260926,13,5,6-4-5,1652.0
2026-09-26 12:10:52,20260926,13,5,6-5-1,991.2
2026-09-26 12:10:52,20260926,13,5,6-5-2,901.0
2026-09-26 12:10:52,20260926,13,5,6-5-3,660.8
2026-09-26 12:10:52,20260926,13,5,6-5-4,708.0
2026-09-26 12:12:58,20260926,18,9,1-2-3,15.6
2026-09-26 12:12:58,20260926,18,9,1-2-4,15.9
2026-09-26 12:12:58,20260926,18,9,1-2-5,19.7
2026-09-26 12:12:58,20260926,18,9,1-2-6,37.6
2026-09-26 12:12:58,20260926,18,9,1-3-2,16.5
2026-09-26 12:12:58,20260926,18,9,1-3-4,9.7
2026-09-26 12:12:58,20260926,18,9,1-3-5,14.7
2026-09-26 12:12:58,20260926,18,9,1-3-6,24.9
2026-09-26 12:12:58,20260926,18,9,1-4-2,23.6
2026-09-26 12:12:58,20260926,18,9,1-4-3,14.9
2026-09-26 12:12:58,20260926,18,9,1-4-5,17.4
2026-09-26 12:12:58,20260926,18,9,1-4-6,24.8
2026-09-26 12:12:58,20260926,18,9,1-5-2,25.1
2026-09-26 12:12:58,20260926,18,9,1-5-3,29.9
2026-09-26 12:12:58,20260926,18,9,1-5-4,31.8
2026-09-26 12:12:58,20260926,18,9,1-5-6,31.8
2026-09-26 12:12:58,20260926,18,9,1-6-2,53.3
2026-09-26 12:12:58,20260926,18,9,1-6-3,47.6
2026-09-26 12:12:58,20260926,18,9,1-6-4,54.3
2026-09-26 12:12:58,20260926,18,9,1-6-5,54.9
2026-09-26 12:12:58,20260926,18,9,2-1-3,93.6
2026-09-26 12:12:58,20260926,18,9,2-1-4,82.2
2026-09-26 12:12:58,20260926,18,9,2-1-5,65.4
2026-09-26 12:12:58,20260926,18,9,2-1-6,138.5
2026-09-26 12:12:58,20260926,18,9,2-3-1,189.2
2026-09-26 12:12:58,20260926,18,9,2-3-4,209.4
2026-09-26 12:12:58,20260926,18,9,2-3-5,237.8
2026-09-26 12:12:58,20260926,18,9,2-3-6,429.2
2026-09-26 12:12:58,20260926,18,9,2-4-1,219.9
2026-09-26 12:12:58,20260926,18,9,2-4-3,219.9
2026-09-26 12:12:58,20260926,18,9,2-4-5,319.9
2026-09-26 12:12:58,20260926,18,9,2-4-6,366.6
2026-09-26 12:12:58,20260926,18,9,2-5-1,274.9
2026-09-26 12:12:58,20260926,18,9,2-5-3,241.0
2026-09-26 12:12:58,20260926,18,9,2-5-4,338.4
2026-09-26 12:12:58,20260926,18,9,2-5-6,303.4
2026-09-26 12:12:58,20260926,18,9,2-6-1,338.4
2026-09-26 12:12:58,20260926,18,9,2-6-3,703.8
2026-09-26 12:12:58,20260926,18,9,2-6-4,488.8
2026-09-26 12:12:58,20260926,18,9,2-6-5,502.7
2026-09-26 12:12:58,20260926,18,9,3-1-2,96.1
2026-09-26 12:12:58,20260926,18,9,3-1-4,69.2
2026-09-26 12:12:58,20260926,18,9,3-1-5,77.8
2026-09-26 12:12:58,20260926,18,9,3-1-6,134.3
2026-09-26 12:12:58,20260926,18,9,3-2-1,185.2
2026-09-26 12:12:58,20260926,18,9,3-2-4,251.3
2026-09-26 12:12:58,20260926,18,9,3-2-5,255.0
2026-09-26 12:12:58,20260926,18,9,3-2-6,409.2
2026-09-26 12:12:58,20260926,18,9,3-4-1,150.4
2026-09-26 12:12:58,20260926,18,9,3-4-2,204.6
2026-09-26 12:12:58,20260926,18,9,3-4-5,345.0
2026-09-26 12:12:58,20260926,18,9,3-4-6,237.8
2026-09-26 12:12:58,20260926,18,9,3-5-1,170.8
2026-09-26 12:12:58,20260926,18,9,3-5-2,234.6
2026-09-26 12:12:58,20260926,18,9,3-5-4,418.9
2026-09-26 12:12:58,20260926,18,9,3-5-6,382.5
2026-09-26 12:12:58,20260926,18,9,3-6-1,314.2
2026-09-26 12:12:58,20260926,18,9,3-6-2,439.9
2026-09-26 12:12:58,20260926,18,9,3-6-4,418.9
2026-09-26 12:12:58,20260926,18,9,3-6-5,549.9
2026-09-26 12:12:58,20260926,18,9,4-1-2,150.4
2026-09-26 12:12:58,20260926,18,9,4-1-3,114.2
2026-09-26 12:12:58,20260926,18,9,4-1-5,104.7
2026-09-26 12:12:58,20260926,18,9,4-1-6,126.5
2026-09-26 12:12:58,20260926,18,9,4-2-1,262.6
2026-09-26 12:12:58,20260926,18,9,4-2-3,314.2
2026-09-26 12:12:58,20260926,18,9,4-2-5,319.9
2026-09-26 12:12:58,20260926,18,9,4-2-6,212.0
2026-09-26 12:12:58,20260926,18,9,4-3-1,167.5
2026-09-26 12:12:58,20260926,18,9,4-3-2,359.1
2026-09-26 12:12:58,20260926,18,9,4-3-5,391.0
2026-09-26 12:12:58,20260926,18,9,4-3-6,319.9
2026-09-26 12:12:58,20260926,18,9,4-5-1,161.4
2026-09-26 12:12:58,20260926,18,9,4-5-2,283.8
2026-09-26 12:12:58,20260926,18,9,4-5-3,429.2
2026-09-26 12:12:58,20260926,18,9,4-5-6,228.5
2026-09-26 12:12:58,20260926,18,9,4-6-1,241.0
2026-09-26 12:12:58,20260926,18,9,4-6-2,374.4
2026-09-26 12:12:58,20260926,18,9,4-6-3,463.0
2026-09-26 12:12:58,20260926,18,9,4-6-5,351.9
2026-09-26 12:12:58,20260926,18,9,5-1-2,112.8
2026-09-26 12:12:58,20260926,18,9,5-1-3,111.3
2026-09-26 12:12:58,20260926,18,9,5-1-4,105.3
2026-09-26 12:12:58,20260926,18,9,5-1-6,107.9
2026-09-26 12:12:58,20260926,18,9,5-2-1,217.2
2026-09-26 12:12:58,20260926,18,9,5-2-3,338.4
2026-09-26 12:12:58,20260926,18,9,5-2-4,303.4
2026-09-26 12:12:58,20260926,18,9,5-2-6,314.2
2026-09-26 12:12:58,20260926,18,9,5-3-1,209.4
2026-09-26 12:12:58,20260926,18,9,5-3-2,439.9
2026-09-26 12:12:58,20260926,18,9,5-3-4,517.5
2026-09-26 12:12:58,20260926,18,9,5-3-6,439.9
2026-09-26 12:12:58,20260926,18,9,5-4-1,225.6
2026-09-26 12:12:58,20260926,18,9,5-4-2,439.9
2026-09-26 12:12:58,20260926,18,9,5-4-3,676.8
2026-09-26 12:12:58,20260926,18,9,5-4-6,345.0
2026-09-26 12:12:58,20260926,18,9,5-6-1,110.6
2026-09-26 12:12:58,20260926,18,9,5-6-2,247.8
2026-09-26 12:12:58,20260926,18,9,5-6-3,359.1
2026-09-26 12:12:58,20260926,18,9,5-6-4,262.6
2026-09-26 12:12:58,20260926,18,9,6-1-2,234.6
2026-09-26 12:12:58,20260926,18,9,6-1-3,266.6
2026-09-26 12:12:58,20260926,18,9,6-1-4,191.2
2026-09-26 12:12:58,20260926,18,9,6-1-5,225.6
2026-09-26 12:12:58,20260926,18,9,6-2-1,475.6
2026-09-26 12:12:58,20260926,18,9,6-2-3,703.8
2026-09-26 12:12:58,20260926,18,9,6-2-4,837.9
2026-09-26 12:12:58,20260926,18,9,6-2-5,926.1
2026-09-26 12:12:58,20260926,18,9,6-3-1,308.7
2026-09-26 12:12:58,20260926,18,9,6-3-2,651.7
2026-09-26 12:12:58,20260926,18,9,6-3-4,502.7
2026-09-26 12:12:58,20260926,18,9,6-3-5,567.6
2026-09-26 12:12:58,20260926,18,9,6-4-1,439.9
2026-09-26 12:12:58,20260926,18,9,6-4-2,879.8
2026-09-26 12:12:58,20260926,18,9,6-4-3,926.1
2026-09-26 12:12:58,20260926,18,9,6-4-5,366.6
2026-09-26 12:12:58,20260926,18,9,6-5-1,145.4
2026-09-26 12:12:58,20260926,18,9,6-5-2,488.8
2026-09-26 12:12:58,20260926,18,9,6-5-3,429.2
2026-09-26 12:12:58,20260926,18,9,6-5-4,391.0
2026-09-26 12:15:35,20260926,9,5,1-2-3,7.3
2026-09-26 12:15:35,20260926,9,5,1-2-4,33.6
2026-09-26 12:15:35,20260926,9,5,1-2-5,122.2
2026-09-26 12:15:35,20260926,9,5,1-2-6,39.9
2026-09-26 12:15:35,20260926,9,5,1-3-2,3.4
2026-09-26 12:15:35,20260926,9,5,1-3-4,7.0
2026-09-26 12:15:35,20260926,9,5,1-3-5,52.1
2026-09-26 12:15:35,20260926,9,5,1-3-6,14.7
2026-09-26 12:15:35,20260926,9,5,1-4-2,48.3
2026-09-26 12:15:35,20260926,9,5,1-4-3,30.6
2026-09-26 12:15:35,20260926,9,5,1-4-5,345.6
2026-09-26 12:15:35,20260926,9,5,1-4-6,66.4
2026-09-26 12:15:35,20260926,9,5,1-5-2,237.2
2026-09-26 12:15:35,20260926,9,5,1-5-3,139.0
2026-09-26 12:15:35,20260926,9,5,1-5-4,318.3
2026-09-26 12:15:35,20260926,9,5,1-5-6,403.2
2026-09-26 12:15:35,20260926,9,5,1-6-2,58.1
2026-09-26 12:15:35,20260926,9,5,1-6-3,37.8
2026-09-26 12:15:35,20260926,9,5,1-6-4,72.4
2026-09-26 12:15:35,20260926,9,5,1-6-5,151.2
2026-09-26 12:15:35,20260926,9,5,2-1-3,55.2
2026-09-26 12:15:35,20260926,9,5,2-1-4,104.2
2026-09-26 12:15:35,20260926,9,5,2-1-5,252.0
2026-09-26 12:15:35,20260926,9,5,2-1-6,165.7
2026-09-26 12:15:35,20260926,9,5,2-3-1,94.5
2026-09-26 12:15:35,20260926,9,5,2-3-4,183.3
2026-09-26 12:15:35,20260926,9,5,2-3-5,302.4
2026-09-26 12:15:35,20260926,9,5,2-3-6,326.9
2026-09-26 12:15:35,20260926,9,5,2-4-1,336.0
2026-09-26 12:15:35,20260926,9,5,2-4-3,326.9
2026-09-26 12:15:35,20260926,9,5,2-4-5,604.9
2026-09-26 12:15:35,20260926,9,5,2-4-6,246.9
2026-09-26 12:15:35,20260926,9,5,2-5-1,576.1
2026-09-26 12:15:35,20260926,9,5,2-5-3,432.0
2026-09-26 12:15:35,20260926,9,5,2-5-4,864.1
2026-09-26 12:15:35,20260926,9,5,2-5-6,549.9
2026-09-26 12:15:35,20260926,9,5,2-6-1,390.2
2026-09-26 12:15:35,20260926,9,5,2-6-3,504.0
2026-09-26 12:15:35,20260926,9,5,2-6-4,483.9
2026-09-26 12:15:35,20260926,9,5,2-6-5,355.8
2026-09-26 12:15:35,20260926,9,5,3-1-2,17.3
2026-09-26 12:15:35,20260926,9,5,3-1-4,21.4
2026-09-26 12:15:35,20260926,9,5,3-1-5,79.5
2026-09-26 12:15:35,20260926,9,5,3-1-6,28.9
2026-09-26 12:15:35,20260926,9,5,3-2-1,48.7
2026-09-26 12:15:35,20260926,9,5,3-2-4,89.6
2026-09-26 12:15:35,20260926,9,5,3-2-5,268.8
2026-09-26 12:15:35,20260926,9,5,3-2-6,155.1
2026-09-26 12:15:35,20260926,9,5,3-4-1,73.7
2026-09-26 12:15:35,20260926,9,5,3-4-2,128.7
2026-09-26 12:15:35,20260926,9,5,3-4-5,378.0
2026-09-26 12:15:35,20260926,9,5,3-4-6,153.1
2026-09-26 12:15:35,20260926,9,5,3-5-1,170.3
2026-09-26 12:15:35,20260926,9,5,3-5-2,263.0
2026-09-26 12:15:35,20260926,9,5,3-5-4,504.0
2026-09-26 12:15:35,20260926,9,5,3-5-6,390.2
2026-09-26 12:15:35,20260926,9,5,3-6-1,192.0
2026-09-26 12:15:35,20260926,9,5,3-6-2,310.2
2026-09-26 12:15:35,20260926,9,5,3-6-4,355.8
2026-09-26 12:15:35,20260926,9,5,3-6-5,806.5
2026-09-26 12:15:35,20260926,9,5,4-1-2,274.9
2026-09-26 12:15:35,20260926,9,5,4-1-3,205.0
2026-09-26 12:15:35,20260926,9,5,4-1-5,432.0
2026-09-26 12:15:35,20260926,9,5,4-1-6,288.0
2026-09-26 12:15:35,20260926,9,5,4-2-1,432.0
2026-09-26 12:15:35,20260926,9,5,4-2-3,345.6
2026-09-26 12:15:35,20260926,9,5,4-2-5,576.1
2026-09-26 12:15:35,20260926,9,5,4-2-6,417.1
2026-09-26 12:15:35,20260926,9,5,4-3-1,216.0
2026-09-26 12:15:35,20260926,9,5,4-3-2,465.3
2026-09-26 12:15:35,20260926,9,5,4-3-5,465.3
2026-09-26 12:15:35,20260926,9,5,4-3-6,326.9
2026-09-26 12:15:35,20260926,9,5,4-5-1,483.9
2026-09-26 12:15:35,20260926,9,5,4-5-2,1008.0
2026-09-26 12:15:35,20260926,9,5,4-5-3,576.1
2026-09-26 12:15:35,20260926,9,5,4-5-6,1099.0
2026-09-26 12:15:35,20260926,9,5,4-6-1,672.1
2026-09-26 12:15:35,20260926,9,5,4-6-2,1008.0
2026-09-26 12:15:35,20260926,9,5,4-6-3,448.0
2026-09-26 12:15:35,20260926,9,5,4-6-5,1209.0
2026-09-26 12:15:35,20260926,9,5,5-1-2,483.9
2026-09-26 12:15:35,20260926,9,5,5-1-3,155.1
2026-09-26 12:15:35,20260926,9,5,5-1-4,549.9
2026-09-26 12:15:35,20260926,9,5,5-1-6,390.2
2026-09-26 12:15:35,20260926,9,5,5-2-1,288.0
2026-09-26 12:15:35,20260926,9,5,5-2-3,219.9
2026-09-26 12:15:35,20260926,9,5,5-2-4,302.4
2026-09-26 12:15:35,20260926,9,5,5-2-6,604.9
2026-09-26 12:15:35,20260926,9,5,5-3-1,378.0
2026-09-26 12:15:35,20260926,9,5,5-3-2,432.0
2026-09-26 12:15:35,20260926,9,5,5-3-4,549.9
2026-09-26 12:15:35,20260926,9,5,5-3-6,806.5
2026-09-26 12:15:35,20260926,9,5,5-4-1,465.3
2026-09-26 12:15:35,20260926,9,5,5-4-2,390.2
2026-09-26 12:15:35,20260926,9,5,5-4-3,864.1
2026-09-26 12:15:35,20260926,9,5,5-4-6,711.6
2026-09-26 12:15:35,20260926,9,5,5-6-1,1008.0
2026-09-26 12:15:35,20260926,9,5,5-6-2,1008.0
2026-09-26 12:15:35,20260926,9,5,5-6-3,1099.0
2026-09-26 12:15:35,20260926,9,5,5-6-4,1344.0
2026-09-26 12:15:35,20260926,9,5,6-1-2,326.9
2026-09-26 12:15:35,20260926,9,5,6-1-3,252.0
2026-09-26 12:15:35,20260926,9,5,6-1-4,549.9
2026-09-26 12:15:35,20260926,9,5,6-1-5,930.6
2026-09-26 12:15:35,20260926,9,5,6-2-1,448.0
2026-09-26 12:15:35,20260926,9,5,6-2-3,483.9
2026-09-26 12:15:35,20260926,9,5,6-2-4,1099.0
2026-09-26 12:15:35,20260926,9,5,6-2-5,864.1
2026-09-26 12:15:35,20260926,9,5,6-3-1,417.1
2026-09-26 12:15:35,20260926,9,5,6-3-2,711.6
2026-09-26 12:15:35,20260926,9,5,6-3-4,756.1
2026-09-26 12:15:35,20260926,9,5,6-3-5,1008.0
2026-09-26 12:15:35,20260926,9,5,6-4-1,864.1
2026-09-26 12:15:35,20260926,9,5,6-4-2,1209.0
2026-09-26 12:15:35,20260926,9,5,6-4-3,1209.0
2026-09-26 12:15:35,20260926,9,5,6-4-5,1099.0
2026-09-26 12:15:35,20260926,9,5,6-5-1,806.5
2026-09-26 12:15:35,20260926,9,5,6-5-2,1008.0
2026-09-26 12:15:35,20260926,9,5,6-5-3,806.5
2026-09-26 12:15:35,20260926,9,5,6-5-4,636.7
2026-09-26 12:22:32,20260926,3,4,1-2-3,21.8
2026-09-26 12:22:32,20260926,3,4,1-2-4,29.7
2026-09-26 12:22:32,20260926,3,4,1-2-5,63.0
2026-09-26 12:22:32,20260926,3,4,1-2-6,64.9
2026-09-26 12:22:32,20260926,3,4,1-3-2,25.0
2026-09-26 12:22:32,20260926,3,4,1-3-4,48.9
2026-09-26 12:22:32,20260926,3,4,1-3-5,62.4
2026-09-26 12:22:32,20260926,3,4,1-3-6,104.4
2026-09-26 12:22:32,20260926,3,4,1-4-2,54.4
2026-09-26 12:22:32,20260926,3,4,1-4-3,82.7
2026-09-26 12:22:32,20260926,3,4,1-4-5,78.6
2026-09-26 12:22:32,20260926,3,4,1-4-6,99.5
2026-09-26 12:22:32,20260926,3,4,1-5-2,76.7
2026-09-26 12:22:32,20260926,3,4,1-5-3,87.2
2026-09-26 12:22:32,20260926,3,4,1-5-4,77.6
2026-09-26 12:22:32,20260926,3,4,1-5-6,101.0
2026-09-26 12:22:32,20260926,3,4,1-6-2,117.9
2026-09-26 12:22:32,20260926,3,4,1-6-3,141.5
2026-09-26 12:22:32,20260926,3,4,1-6-4,148.1
2026-09-26 12:22:32,20260926,3,4,1-6-5,163.3
2026-09-26 12:22:32,20260926,3,4,2-1-3,16.6
2026-09-26 12:22:32,20260926,3,4,2-1-4,25.5
2026-09-26 12:22:32,20260926,3,4,2-1-5,78.6
2026-09-26 12:22:32,20260926,3,4,2-1-6,92.3
2026-09-26 12:22:32,20260926,3,4,2-3-1,18.6
2026-09-26 12:22:32,20260926,3,4,2-3-4,20.9
2026-09-26 12:22:32,20260926,3,4,2-3-5,45.4
2026-09-26 12:22:32,20260926,3,4,2-3-6,106.1
2026-09-26 12:22:32,20260926,3,4,2-4-1,35.5
2026-09-26 12:22:32,20260926,3,4,2-4-3,34.4
2026-09-26 12:22:32,20260926,3,4,2-4-5,109.8
2026-09-26 12:22:32,20260926,3,4,2-4-6,78.6
2026-09-26 12:22:32,20260926,3,4,2-5-1,141.5
2026-09-26 12:22:32,20260926,3,4,2-5-3,74.9
2026-09-26 12:22:32,20260926,3,4,2-5-4,167.6
2026-09-26 12:22:32,20260926,3,4,2-5-6,122.4
2026-09-26 12:22:32,20260926,3,4,2-6-1,151.6
2026-09-26 12:22:32,20260926,3,4,2-6-3,124.8
2026-09-26 12:22:32,20260926,3,4,2-6-4,187.3
2026-09-26 12:22:32,20260926,3,4,2-6-5,187.3
2026-09-26 12:22:32,20260926,3,4,3-1-2,33.3
2026-09-26 12:22:32,20260926,3,4,3-1-4,58.9
2026-09-26 12:22:32,20260926,3,4,3-1-5,50.1
2026-09-26 12:22:32,20260926,3,4,3-1-6,124.8
2026-09-26 12:22:32,20260926,3,4,3-2-1,33.1
2026-09-26 12:22:32,20260926,3,4,3-2-4,31.2
2026-09-26 12:22:32,20260926,3,4,3-2-5,57.9
2026-09-26 12:22:32,20260926,3,4,3-2-6,71.5
2026-09-26 12:22:32,20260926,3,4,3-4-1,63.0
2026-09-26 12:22:32,20260926,3,4,3-4-2,45.1
2026-09-26 12:22:32,20260926,3,4,3-4-5,120.1
2026-09-26 12:22:32,20260926,3,4,3-4-6,120.1
2026-09-26 12:22:32,20260926,3,4,3-5-1,102.7
2026-09-26 12:22:32,20260926,3,4,3-5-2,64.9
2026-09-26 12:22:32,20260926,3,4,3-5-4,129.9
2026-09-26 12:22:32,20260926,3,4,3-5-6,111.7
2026-09-26 12:22:32,20260926,3,4,3-6-1,163.3
2026-09-26 12:22:32,20260926,3,4,3-6-2,155.3
2026-09-26 12:22:32,20260926,3,4,3-6-4,163.3
2026-09-26 12:22:32,20260926,3,4,3-6-5,219.6
2026-09-26 12:22:32,20260926,3,4,4-1-2,83.8
2026-09-26 12:22:32,20260926,3,4,4-1-3,115.8
2026-09-26 12:22:32,20260926,3,4,4-1-5,90.9
2026-09-26 12:22:32,20260926,3,4,4-1-6,193.0
2026-09-26 12:22:32,20260926,3,4,4-2-1,92.3
2026-09-26 12:22:32,20260926,3,4,4-2-3,72.3
2026-09-26 12:22:32,20260926,3,4,4-2-5,138.4
2026-09-26 12:22:32,20260926,3,4,4-2-6,141.5
2026-09-26 12:22:32,20260926,3,4,4-3-1,106.1
2026-09-26 12:22:32,20260926,3,4,4-3-2,87.2
2026-09-26 12:22:32,20260926,3,4,4-3-5,212.3
2026-09-26 12:22:32,20260926,3,4,4-3-6,212.3
2026-09-26 12:22:32,20260926,3,4,4-5-1,115.8
2026-09-26 12:22:32,20260926,3,4,4-5-2,127.3
2026-09-26 12:22:32,20260926,3,4,4-5-3,176.9
2026-09-26 12:22:32,20260926,3,4,4-5-6,117.9
2026-09-26 12:22:32,20260926,3,4,4-6-1,219.6
2026-09-26 12:22:32,20260926,3,4,4-6-2,127.3
2026-09-26 12:22:32,20260926,3,4,4-6-3,335.2
2026-09-26 12:22:32,20260926,3,4,4-6-5,235.8
2026-09-26 12:22:32,20260926,3,4,5-1-2,155.3
2026-09-26 12:22:32,20260926,3,4,5-1-3,111.7
2026-09-26 12:22:32,20260926,3,4,5-1-4,205.4
2026-09-26 12:22:32,20260926,3,4,5-1-6,99.5
2026-09-26 12:22:32,20260926,3,4,5-2-1,148.1
2026-09-26 12:22:32,20260926,3,4,5-2-3,104.4
2026-09-26 12:22:32,20260926,3,4,5-2-4,138.4
2026-09-26 12:22:32,20260926,3,4,5-2-6,167.6
2026-09-26 12:22:32,20260926,3,4,5-3-1,151.6
2026-09-26 12:22:32,20260926,3,4,5-3-2,148.1
2026-09-26 12:22:32,20260926,3,4,5-3-4,276.9
2026-09-26 12:22:32,20260926,3,4,5-3-6,276.9
2026-09-26 12:22:32,20260926,3,4,5-4-1,244.9
2026-09-26 12:22:32,20260926,3,4,5-4-2,265.3
2026-09-26 12:22:32,20260926,3,4,5-4-3,289.5
2026-09-26 12:22:32,20260926,3,4,5-4-6,167.6
2026-09-26 12:22:32,20260926,3,4,5-6-1,353.8
2026-09-26 12:22:32,20260926,3,4,5-6-2,276.9
2026-09-26 12:22:32,20260926,3,4,5-6-3,335.2
2026-09-26 12:22:32,20260926,3,4,5-6-4,276.9
2026-09-26 12:22:32,20260926,3,4,6-1-2,172.1
2026-09-26 12:22:32,20260926,3,4,6-1-3,303.2
2026-09-26 12:22:32,20260926,3,4,6-1-4,254.7
2026-09-26 12:22:32,20260926,3,4,6-1-5,489.9
2026-09-26 12:22:32,20260926,3,4,6-2-1,219.6
2026-09-26 12:22:32,20260926,3,4,6-2-3,289.5
2026-09-26 12:22:32,20260926,3,4,6-2-4,303.2
2026-09-26 12:22:32,20260926,3,4,6-2-5,318.4
2026-09-26 12:22:32,20260926,3,4,6-3-1,398.0
2026-09-26 12:22:32,20260926,3,4,6-3-2,489.9
2026-09-26 12:22:32,20260926,3,4,6-3-4,303.2
2026-09-26 12:22:32,20260926,3,4,6-3-5,909.8
2026-09-26 12:22:32,20260926,3,4,6-4-1,424.6
2026-09-26 12:22:32,20260926,3,4,6-4-2,318.4
2026-09-26 12:22:32,20260926,3,4,6-4-3,530.7
2026-09-26 12:22:32,20260926,3,4,6-4-5,454.9
2026-09-26 12:22:32,20260926,3,4,6-5-1,424.6
2026-09-26 12:22:32,20260926,3,4,6-5-2,335.2
2026-09-26 12:22:32,20260926,3,4,6-5-3,579.0
2026-09-26 12:22:32,20260926,3,4,6-5-4,265.3
2026-09-26 12:22:42,20260926,5,4,1-2-3,38.8
2026-09-26 12:22:42,20260926,5,4,1-2-4,84.6
2026-09-26 12:22:42,20260926,5,4,1-2-5,108.7
2026-09-26 12:22:42,20260926,5,4,1-2-6,105.0
2026-09-26 12:22:42,20260926,5,4,1-3-2,71.9
2026-09-26 12:22:42,20260926,5,4,1-3-4,120.2
2026-09-26 12:22:42,20260926,5,4,1-3-5,121.8
2026-09-26 12:22:42,20260926,5,4,1-3-6,98.2
2026-09-26 12:22:42,20260926,5,4,1-4-2,90.4
2026-09-26 12:22:42,20260926,5,4,1-4-3,198.6
2026-09-26 12:22:42,20260926,5,4,1-4-5,246.9
2026-09-26 12:22:42,20260926,5,4,1-4-6,115.6
2026-09-26 12:22:42,20260926,5,4,1-5-2,84.6
2026-09-26 12:22:42,20260926,5,4,1-5-3,147.3
2026-09-26 12:22:42,20260926,5,4,1-5-4,172.4
2026-09-26 12:22:42,20260926,5,4,1-5-6,142.7
2026-09-26 12:22:42,20260926,5,4,1-6-2,145.0
2026-09-26 12:22:42,20260926,5,4,1-6-3,108.7
2026-09-26 12:22:42,20260926,5,4,1-6-4,179.1
2026-09-26 12:22:42,20260926,5,4,1-6-5,415.3
2026-09-26 12:22:42,20260926,5,4,2-1-3,40.6
2026-09-26 12:22:42,20260926,5,4,2-1-4,71.3
2026-09-26 12:22:42,20260926,5,4,2-1-5,65.7
2026-09-26 12:22:42,20260926,5,4,2-1-6,65.2
2026-09-26 12:22:42,20260926,5,4,2-3-1,30.5
2026-09-26 12:22:42,20260926,5,4,2-3-4,12.7
2026-09-26 12:22:42,20260926,5,4,2-3-5,26.7
2026-09-26 12:22:42,20260926,5,4,2-3-6,10.2
2026-09-26 12:22:42,20260926,5,4,2-4-1,93.2
2026-09-26 12:22:42,20260926,5,4,2-4-3,30.4
2026-09-26 12:22:42,20260926,5,4,2-4-5,96.1
2026-09-26 12:22:42,20260926,5,4,2-4-6,39.3
2026-09-26 12:22:42,20260926,5,4,2-5-1,166.1
2026-09-26 12:22:42,20260926,5,4,2-5-3,96.1
2026-09-26 12:22:42,20260926,5,4,2-5-4,228.4
2026-09-26 12:22:42,20260926,5,4,2-5-6,99.3
2026-09-26 12:22:42,20260926,5,4,2-6-1,91.3
2026-09-26 12:22:42,20260926,5,4,2-6-3,21.5
2026-09-26 12:22:42,20260926,5,4,2-6-4,67.6
2026-09-26 12:22:42,20260926,5,4,2-6-5,69.2
2026-09-26 12:22:42,20260926,5,4,3-1-2,82.3
2026-09-26 12:22:42,20260926,5,4,3-1-4,101.5
2026-09-26 12:22:42,20260926,5,4,3-1-5,97.2
2026-09-26 12:22:42,20260926,5,4,3-1-6,107.5
2026-09-26 12:22:42,20260926,5,4,3-2-1,44.1
2026-09-26 12:22:42,20260926,5,4,3-2-4,17.1
2026-09-26 12:22:42,20260926,5,4,3-2-5,36.5
2026-09-26 12:22:42,20260926,5,4,3-2-6,15.4
2026-09-26 12:22:42,20260926,5,4,3-4-1,136.3
2026-09-26 12:22:42,20260926,5,4,3-4-2,36.8
2026-09-26 12:22:42,20260926,5,4,3-4-5,111.4
2026-09-26 12:22:42,20260926,5,4,3-4-6,52.5
2026-09-26 12:22:42,20260926,5,4,3-5-1,212.5
2026-09-26 12:22:42,20260926,5,4,3-5-2,93.2
2026-09-26 12:22:42,20260926,5,4,3-5-4,186.4
2026-09-26 12:22:42,20260926,5,4,3-5-6,152.3
2026-09-26 12:22:42,20260926,5,4,3-6-1,152.3
2026-09-26 12:22:42,20260926,5,4,3-6-2,28.5
2026-09-26 12:22:42,20260926,5,4,3-6-4,60.1
2026-09-26 12:22:42,20260926,5,4,3-6-5,114.2
2026-09-26 12:22:42,20260926,5,4,4-1-2,212.5
2026-09-26 12:22:42,20260926,5,4,4-1-3,253.8
2026-09-26 12:22:42,20260926,5,4,4-1-5,294.7
2026-09-26 12:22:42,20260926,5,4,4-1-6,338.4
2026-09-26 12:22:42,20260926,5,4,4-2-1,212.5
2026-09-26 12:22:42,20260926,5,4,4-2-3,64.3
2026-09-26 12:22:42,20260926,5,4,4-2-5,203.0
2026-09-26 12:22:42,20260926,5,4,4-2-6,118.6
2026-09-26 12:22:42,20260926,5,4,4-3-1,276.9
2026-09-26 12:22:42,20260926,5,4,4-3-2,63.9
2026-09-26 12:22:42,20260926,5,4,4-3-5,222.8
2026-09-26 12:22:42,20260926,5,4,4-3-6,93.2
2026-09-26 12:22:42,20260926,5,4,4-5-1,338.4
2026-09-26 12:22:42,20260926,5,4,4-5-2,304.6
2026-09-26 12:22:42,20260926,5,4,4-5-3,380.7
2026-09-26 12:22:42,20260926,5,4,4-5-6,338.4
2026-09-26 12:22:42,20260926,5,4,4-6-1,338.4
2026-09-26 12:22:42,20260926,5,4,4-6-2,128.7
2026-09-26 12:22:42,20260926,5,4,4-6-3,186.4
2026-09-26 12:22:42,20260926,5,4,4-6-5,380.7
2026-09-26 12:22:42,20260926,5,4,5-1-2,294.7
2026-09-26 12:22:42,20260926,5,4,5-1-3,152.3
2026-09-26 12:22:42,20260926,5,4,5-1-4,380.7
2026-09-26 12:22:42,20260926,5,4,5-1-6,315.1
2026-09-26 12:22:42,20260926,5,4,5-2-1,351.4
2026-09-26 12:22:42,20260926,5,4,5-2-3,142.7
2026-09-26 12:22:42,20260926,5,4,5-2-4,268.7
2026-09-26 12:22:42,20260926,5,4,5-2-6,190.3
2026-09-26 12:22:42,20260926,5,4,5-3-1,304.6
2026-09-26 12:22:42,20260926,5,4,5-3-2,194.4
2026-09-26 12:22:42,20260926,5,4,5-3-4,507.6
2026-09-26 12:22:42,20260926,5,4,5-3-6,172.4
2026-09-26 12:22:42,20260926,5,4,5-4-1,480.9
2026-09-26 12:22:42,20260926,5,4,5-4-2,380.7
2026-09-26 12:22:42,20260926,5,4,5-4-3,571.1
2026-09-26 12:22:42,20260926,5,4,5-4-6,456.9
2026-09-26 12:22:42,20260926,5,4,5-6-1,1142.0
2026-09-26 12:22:42,20260926,5,4,5-6-2,246.9
2026-09-26 12:22:42,20260926,5,4,5-6-3,326.3
2026-09-26 12:22:42,20260926,5,4,5-6-4,571.1
2026-09-26 12:22:42,20260926,5,4,6-1-2,294.7
2026-09-26 12:22:42,20260926,5,4,6-1-3,315.1
2026-09-26 12:22:42,20260926,5,4,6-1-4,380.7
2026-09-26 12:22:42,20260926,5,4,6-1-5,913.8
2026-09-26 12:22:42,20260926,5,4,6-2-1,285.5
2026-09-26 12:22:42,20260926,5,4,6-2-3,62.5
2026-09-26 12:22:42,20260926,5,4,6-2-4,194.4
2026-09-26 12:22:42,20260926,5,4,6-2-5,207.6
2026-09-26 12:22:42,20260926,5,4,6-3-1,294.7
2026-09-26 12:22:42,20260926,5,4,6-3-2,70.8
2026-09-26 12:22:42,20260926,5,4,6-3-4,186.4
2026-09-26 12:22:42,20260926,5,4,6-3-5,240.4
2026-09-26 12:22:42,20260926,5,4,6-4-1,652.7
2026-09-26 12:22:42,20260926,5,4,6-4-2,240.4
2026-09-26 12:22:42,20260926,5,4,6-4-3,268.7
2026-09-26 12:22:42,20260926,5,4,6-4-5,830.7
2026-09-26 12:22:42,20260926,5,4,6-5-1,913.8
2026-09-26 12:22:42,20260926,5,4,6-5-2,380.7
2026-09-26 12:22:42,20260926,5,4,6-5-3,380.7
2026-09-26 12:22:42,20260926,5,4,6-5-4,609.2
2026-09-26 12:22:52,20260926,8,5,1-2-3,26.9
2026-09-26 12:22:52,20260926,8,5,1-2-4,9.5
2026-09-26 12:22:52,20260926,8,5,1-2-5,27.0
2026-09-26 12:22:52,20260926,8,5,1-2-6,17.6
2026-09-26 12:22:52,20260926,8,5,1-3-2,29.0
2026-09-26 12:22:52,20260926,8,5,1-3-4,34.1
2026-09-26 12:22:52,20260926,8,5,1-3-5,40.3
2026-09-26 12:22:52,20260926,8,5,1-3-6,80.6
2026-09-26 12:22:52,20260926,8,5,1-4-2,9.6
2026-09-26 12:22:52,20260926,8,5,1-4-3,26.5
2026-09-26 12:22:52,20260926,8,5,1-4-5,15.5
2026-09-26 12:22:52,20260926,8,5,1-4-6,11.7
2026-09-26 12:22:52,20260926,8,5,1-5-2,47.9
2026-09-26 12:22:52,20260926,8,5,1-5-3,79.2
2026-09-26 12:22:52,20260926,8,5,1-5-4,42.4
2026-09-26 12:22:52,20260926,8,5,1-5-6,43.3
2026-09-26 12:22:52,20260926,8,5,1-6-2,48.1
2026-09-26 12:22:52,20260926,8,5,1-6-3,123.5
2026-09-26 12:22:52,20260926,8,5,1-6-4,33.2
2026-09-26 12:22:52,20260926,8,5,1-6-5,65.2
2026-09-26 12:22:52,20260926,8,5,2-1-3,244.7
2026-09-26 12:22:52,20260926,8,5,2-1-4,38.5
2026-09-26 12:22:52,20260926,8,5,2-1-5,141.3
2026-09-26 12:22:52,20260926,8,5,2-1-6,68.8
2026-09-26 12:22:52,20260926,8,5,2-3-1,415.4
2026-09-26 12:22:52,20260926,8,5,2-3-4,207.7
2026-09-26 12:22:52,20260926,8,5,2-3-5,403.1
2026-09-26 12:22:52,20260926,8,5,2-3-6,652.7
2026-09-26 12:22:52,20260926,8,5,2-4-1,64.6
2026-09-26 12:22:52,20260926,8,5,2-4-3,326.3
2026-09-26 12:22:52,20260926,8,5,2-4-5,173.5
2026-09-26 12:22:52,20260926,8,5,2-4-6,115.1
2026-09-26 12:22:52,20260926,8,5,2-5-1,291.6
2026-09-26 12:22:52,20260926,8,5,2-5-3,334.3
2026-09-26 12:22:52,20260926,8,5,2-5-4,351.5
2026-09-26 12:22:52,20260926,8,5,2-5-6,311.5
2026-09-26 12:22:52,20260926,8,5,2-6-1,240.5
2026-09-26 12:22:52,20260926,8,5,2-6-3,806.3
2026-09-26 12:22:52,20260926,8,5,2-6-4,182.7
2026-09-26 12:22:52,20260926,8,5,2-6-5,507.7
2026-09-26 12:22:52,20260926,8,5,3-1-2,285.5
2026-09-26 12:22:52,20260926,8,5,3-1-4,228.4
2026-09-26 12:22:52,20260926,8,5,3-1-5,201.5
2026-09-26 12:22:52,20260926,8,5,3-1-6,342.7
2026-09-26 12:22:52,20260926,8,5,3-2-1,489.5
2026-09-26 12:22:52,20260926,8,5,3-2-4,298.0
2026-09-26 12:22:52,20260926,8,5,3-2-5,370.5
2026-09-26 12:22:52,20260926,8,5,3-2-6,380.7
2026-09-26 12:22:52,20260926,8,5,3-4-1,258.6
2026-09-26 12:22:52,20260926,8,5,3-4-2,380.7
2026-09-26 12:22:52,20260926,8,5,3-4-5,623.1
2026-09-26 12:22:52,20260926,8,5,3-4-6,548.3
2026-09-26 12:22:52,20260926,8,5,3-5-1,334.3
2026-09-26 12:22:52,20260926,8,5,3-5-2,311.5
2026-09-26 12:22:52,20260926,8,5,3-5-4,685.4
2026-09-26 12:22:52,20260926,8,5,3-5-6,623.1
2026-09-26 12:22:52,20260926,8,5,3-6-1,652.7
2026-09-26 12:22:52,20260926,8,5,3-6-2,318.8
2026-09-26 12:22:52,20260926,8,5,3-6-4,979.1
2026-09-26 12:22:52,20260926,8,5,3-6-5,1370.0
2026-09-26 12:22:52,20260926,8,5,4-1-2,30.0
2026-09-26 12:22:52,20260926,8,5,4-1-3,141.3
2026-09-26 12:22:52,20260926,8,5,4-1-5,47.9
2026-09-26 12:22:52,20260926,8,5,4-1-6,32.1
2026-09-26 12:22:52,20260926,8,5,4-2-1,52.5
2026-09-26 12:22:52,20260926,8,5,4-2-3,318.8
2026-09-26 12:22:52,20260926,8,5,4-2-5,190.3
2026-09-26 12:22:52,20260926,8,5,4-2-6,106.2
2026-09-26 12:22:52,20260926,8,5,4-3-1,274.1
2026-09-26 12:22:52,20260926,8,5,4-3-2,507.7
2026-09-26 12:22:52,20260926,8,5,4-3-5,652.7
2026-09-26 12:22:52,20260926,8,5,4-3-6,334.3
2026-09-26 12:22:52,20260926,8,5,4-5-1,67.8
2026-09-26 12:22:52,20260926,8,5,4-5-2,171.3
2026-09-26 12:22:52,20260926,8,5,4-5-3,391.6
2026-09-26 12:22:52,20260926,8,5,4-5-6,65.5
2026-09-26 12:22:52,20260926,8,5,4-6-1,63.4
2026-09-26 12:22:52,20260926,8,5,4-6-2,108.7
2026-09-26 12:22:52,20260926,8,5,4-6-3,298.0
2026-09-26 12:22:52,20260926,8,5,4-6-5,81.1
2026-09-26 12:22:52,20260926,8,5,5-1-2,152.3
2026-09-26 12:22:52,20260926,8,5,5-1-3,204.6
2026-09-26 12:22:52,20260926,8,5,5-1-4,97.2
2026-09-26 12:22:52,20260926,8,5,5-1-6,87.3
2026-09-26 12:22:52,20260926,8,5,5-2-1,304.6
2026-09-26 12:22:52,20260926,8,5,5-2-3,311.5
2026-09-26 12:22:52,20260926,8,5,5-2-4,285.5
2026-09-26 12:22:52,20260926,8,5,5-2-6,360.7
2026-09-26 12:22:52,20260926,8,5,5-3-1,596.0
2026-09-26 12:22:52,20260926,8,5,5-3-2,370.5
2026-09-26 12:22:52,20260926,8,5,5-3-4,761.5
2026-09-26 12:22:52,20260926,8,5,5-3-6,1142.0
2026-09-26 12:22:52,20260926,8,5,5-4-1,128.1
2026-09-26 12:22:52,20260926,8,5,5-4-2,279.7
2026-09-26 12:22:52,20260926,8,5,5-4-3,623.1
2026-09-26 12:22:52,20260926,8,5,5-4-6,134.3
2026-09-26 12:22:52,20260926,8,5,5-6-1,145.8
2026-09-26 12:22:52,20260926,8,5,5-6-2,342.7
2026-09-26 12:22:52,20260926,8,5,5-6-3,806.3
2026-09-26 12:22:52,20260926,8,5,5-6-4,180.3
2026-09-26 12:22:52,20260926,8,5,6-1-2,175.7
2026-09-26 12:22:52,20260926,8,5,6-1-3,415.4
2026-09-26 12:22:52,20260926,8,5,6-1-4,101.5
2026-09-26 12:22:52,20260926,8,5,6-1-5,204.6
2026-09-26 12:22:52,20260926,8,5,6-2-1,236.3
2026-09-26 12:22:52,20260926,8,5,6-2-3,507.7
2026-09-26 12:22:52,20260926,8,5,6-2-4,232.3
2026-09-26 12:22:52,20260926,8,5,6-2-5,979.1
2026-09-26 12:22:52,20260926,8,5,6-3-1,856.7
2026-09-26 12:22:52,20260926,8,5,6-3-2,979.1
2026-09-26 12:22:52,20260926,8,5,6-3-4,913.9
2026-09-26 12:22:52,20260926,8,5,6-3-5,1958.0
2026-09-26 12:22:52,20260926,8,5,6-4-1,126.9
2026-09-26 12:22:52,20260926,8,5,6-4-2,304.6
2026-09-26 12:22:52,20260926,8,5,6-4-3,979.1
2026-09-26 12:22:52,20260926,8,5,6-4-5,253.8
2026-09-26 12:22:52,20260926,8,5,6-5-1,145.8
2026-09-26 12:22:52,20260926,8,5,6-5-2,721.5
2026-09-26 12:22:52,20260926,8,5,6-5-3,311.5
2026-09-26 12:22:52,20260926,8,5,6-5-4,178.0
2026-09-26 12:29:01,20260926,21,9,1-2-3,48.8
2026-09-26 12:29:01,20260926,21,9,1-2-4,30.9
2026-09-26 12:29:01,20260926,21,9,1-2-5,15.9
2026-09-26 12:29:01,20260926,21,9,1-2-6,225.2
2026-09-26 12:29:01,20260926,21,9,1-3-2,67.4
2026-09-26 12:29:01,20260926,21,9,1-3-4,55.7
2026-09-26 12:29:01,20260926,21,9,1-3-5,27.4
2026-09-26 12:29:01,20260926,21,9,1-3-6,404.2
2026-09-26 12:29:01,20260926,21,9,1-4-2,26.1
2026-09-26 12:29:01,20260926,21,9,1-4-3,46.8
2026-09-26 12:29:01,20260926,21,9,1-4-5,9.1
2026-09-26 12:29:01,20260926,21,9,1-4-6,205.0
2026-09-26 12:29:01,20260926,21,9,1-5-2,9.4
2026-09-26 12:29:01,20260926,21,9,1-5-3,17.1
2026-09-26 12:29:01,20260926,21,9,1-5-4,7.2
2026-09-26 12:29:01,20260926,21,9,1-5-6,88.9
2026-09-26 12:29:01,20260926,21,9,1-6-2,464.1
2026-09-26 12:29:01,20260926,21,9,1-6-3,716.0
2026-09-26 12:29:01,20260926,21,9,1-6-4,603.9
2026-09-26 12:29:01,20260926,21,9,1-6-5,426.5
2026-09-26 12:29:01,20260926,21,9,2-1-3,250.6
2026-09-26 12:29:01,20260926,21,9,2-1-4,187.0
2026-09-26 12:29:01,20260926,21,9,2-1-5,82.4
2026-09-26 12:29:01,20260926,21,9,2-1-6,468.4
2026-09-26 12:29:01,20260926,21,9,2-3-1,530.4
2026-09-26 12:29:01,20260926,21,9,2-3-4,618.8
2026-09-26 12:29:01,20260926,21,9,2-3-5,486.6
2026-09-26 12:29:01,20260926,21,9,2-3-6,1336.0
2026-09-26 12:29:01,20260926,21,9,2-4-1,302.8
2026-09-26 12:29:01,20260926,21,9,2-4-3,618.8
2026-09-26 12:29:01,20260926,21,9,2-4-5,275.4
2026-09-26 12:29:01,20260926,21,9,2-4-6,1002.0
2026-09-26 12:29:01,20260926,21,9,2-5-1,83.7
2026-09-26 12:29:01,20260926,21,9,2-5-3,195.7
2026-09-26 12:29:01,20260926,21,9,2-5-4,168.7
2026-09-26 12:29:01,20260926,21,9,2-5-6,849.5
2026-09-26 12:29:01,20260926,21,9,2-6-1,1022.0
2026-09-26 12:29:01,20260926,21,9,2-6-3,2179.0
2026-09-26 12:29:01,20260926,21,9,2-6-4,1822.0
2026-09-26 12:29:01,20260926,21,9,2-6-5,1965.0
2026-09-26 12:29:01,20260926,21,9,3-1-2,254.4
2026-09-26 12:29:01,20260926,21,9,3-1-4,199.3
2026-09-26 12:29:01,20260926,21,9,3-1-5,103.8
2026-09-26 12:29:01,20260926,21,9,3-1-6,771.1
2026-09-26 12:29:01,20260926,21,9,3-2-1,468.4
2026-09-26 12:29:01,20260926,21,9,3-2-4,381.1
2026-09-26 12:29:01,20260926,21,9,3-2-5,340.9
2026-09-26 12:29:01,20260926,21,9,3-2-6,1139.0
2026-09-26 12:29:01,20260926,21,9,3-4-1,280.0
2026-09-26 12:29:01,20260926,21,9,3-4-2,489.0
2026-09-26 12:29:01,20260926,21,9,3-4-5,232.5
2026-09-26 12:29:01,20260926,21,9,3-4-6,1126.0
2026-09-26 12:29:01,20260926,21,9,3-5-1,128.5
2026-09-26 12:29:01,20260926,21,9,3-5-2,261.0
2026-09-26 12:29:01,20260926,21,9,3-5-4,230.4
2026-09-26 12:29:01,20260926,21,9,3-5-6,1066.0
2026-09-26 12:29:01,20260926,21,9,3-6-1,2331.0
2026-09-26 12:29:01,20260926,21,9,3-6-2,1411.0
2026-09-26 12:29:01,20260926,21,9,3-6-4,2638.0
2026-09-26 12:29:01,20260926,21,9,3-6-5,2386.0
2026-09-26 12:29:01,20260926,21,9,4-1-2,66.2
2026-09-26 12:29:01,20260926,21,9,4-1-3,119.2
2026-09-26 12:29:01,20260926,21,9,4-1-5,20.0
2026-09-26 12:29:01,20260926,21,9,4-1-6,283.9
2026-09-26 12:29:01,20260926,21,9,4-2-1,185.9
2026-09-26 12:29:01,20260926,21,9,4-2-3,432.1
2026-09-26 12:29:01,20260926,21,9,4-2-5,106.3
2026-09-26 12:29:01,20260926,21,9,4-2-6,731.7
2026-09-26 12:29:01,20260926,21,9,4-3-1,280.8
2026-09-26 12:29:01,20260926,21,9,4-3-2,556.9
2026-09-26 12:29:01,20260926,21,9,4-3-5,238.1
2026-09-26 12:29:01,20260926,21,9,4-3-6,871.7
2026-09-26 12:29:01,20260926,21,9,4-5-1,18.2
2026-09-26 12:29:01,20260926,21,9,4-5-2,43.9
2026-09-26 12:29:01,20260926,21,9,4-5-3,89.8
2026-09-26 12:29:01,20260926,21,9,4-5-6,134.3
2026-09-26 12:29:01,20260926,21,9,4-6-1,726.4
2026-09-26 12:29:01,20260926,21,9,4-6-2,1022.0
2026-09-26 12:29:01,20260926,21,9,4-6-3,1268.0
2026-09-26 12:29:01,20260926,21,9,4-6-5,603.9
2026-09-26 12:29:01,20260926,21,9,5-1-2,18.7
2026-09-26 12:29:01,20260926,21,9,5-1-3,36.9
2026-09-26 12:29:01,20260926,21,9,5-1-4,15.1
2026-09-26 12:29:01,20260926,21,9,5-1-6,135.4
2026-09-26 12:29:01,20260926,21,9,5-2-1,47.5
2026-09-26 12:29:01,20260926,21,9,5-2-3,121.3
2026-09-26 12:29:01,20260926,21,9,5-2-4,75.1
2026-09-26 12:29:01,20260926,21,9,5-2-6,453.6
2026-09-26 12:29:01,20260926,21,9,5-3-1,115.8
2026-09-26 12:29:01,20260926,21,9,5-3-2,254.4
2026-09-26 12:29:01,20260926,21,9,5-3-4,236.9
2026-09-26 12:29:01,20260926,21,9,5-3-6,919.7
2026-09-26 12:29:01,20260926,21,9,5-4-1,22.0
2026-09-26 12:29:01,20260926,21,9,5-4-2,52.1
2026-09-26 12:29:01,20260926,21,9,5-4-3,114.9
2026-09-26 12:29:01,20260926,21,9,5-4-6,174.3
2026-09-26 12:29:01,20260926,21,9,5-6-1,424.7
2026-09-26 12:29:01,20260926,21,9,5-6-2,646.7
2026-09-26 12:29:01,20260926,21,9,5-6-3,945.7
2026-09-26 12:29:01,20260926,21,9,5-6-4,586.2
2026-09-26 12:29:01,20260926,21,9,6-1-2,622.6
2026-09-26 12:29:01,20260926,21,9,6-1-3,1643.0
2026-09-26 12:29:01,20260926,21,9,6-1-4,1496.0
2026-09-26 12:29:01,20260926,21,9,6-1-5,945.7
2026-09-26 12:29:01,20260926,21,9,6-2-1,903.1
2026-09-26 12:29:01,20260926,21,9,6-2-3,2386.0
2026-09-26 12:29:01,20260926,21,9,6-2-4,2638.0
2026-09-26 12:29:01,20260926,21,9,6-2-5,1965.0
2026-09-26 12:29:01,20260926,21,9,6-3-1,2784.0
2026-09-26 12:29:01,20260926,21,9,6-3-2,2784.0
2026-09-26 12:29:01,20260926,21,9,6-3-4,2179.0
2026-09-26 12:29:01,20260926,21,9,6-3-5,3456.0
2026-09-26 12:29:01,20260926,21,9,6-4-1,1965.0
2026-09-26 12:29:01,20260926,21,9,6-4-2,2638.0
2026-09-26 12:29:01,20260926,21,9,6-4-3,2386.0
2026-09-26 12:29:01,20260926,21,9,6-4-5,1222.0
2026-09-26 12:29:01,20260926,21,9,6-5-1,982.8
2026-09-26 12:29:01,20260926,21,9,6-5-2,2445.0
2026-09-26 12:29:01,20260926,21,9,6-5-3,2570.0
2026-09-26 12:29:01,20260926,21,9,6-5-4,1253.0
2026-09-26 12:29:09,20260926,22,3,1-2-3,13.7
2026-09-26 12:29:09,20260926,22,3,1-2-4,35.0
2026-09-26 12:29:09,20260926,22,3,1-2-5,67.7
2026-09-26 12:29:09,20260926,22,3,1-2-6,46.4
2026-09-26 12:29:09,20260926,22,3,1-3-2,9.6
2026-09-26 12:29:09,20260926,22,3,1-3-4,12.1
2026-09-26 12:29:09,20260926,22,3,1-3-5,28.2
2026-09-26 12:29:09,20260926,22,3,1-3-6,23.0
2026-09-26 12:29:09,20260926,22,3,1-4-2,62.5
2026-09-26 12:29:09,20260926,22,3,1-4-3,51.1
2026-09-26 12:29:09,20260926,22,3,1-4-5,114.5
2026-09-26 12:29:09,20260926,22,3,1-4-6,66.6
2026-09-26 12:29:09,20260926,22,3,1-5-2,116.1
2026-09-26 12:29:09,20260926,22,3,1-5-3,99.1
2026-09-26 12:29:09,20260926,22,3,1-5-4,219.8
2026-09-26 12:29:09,20260926,22,3,1-5-6,203.3
2026-09-26 12:29:09,20260926,22,3,1-6-2,153.4
2026-09-26 12:29:09,20260926,22,3,1-6-3,107.0
2026-09-26 12:29:09,20260926,22,3,1-6-4,176.8
2026-09-26 12:29:09,20260926,22,3,1-6-5,290.4
2026-09-26 12:29:09,20260926,22,3,2-1-3,41.2
2026-09-26 12:29:09,20260926,22,3,2-1-4,81.3
2026-09-26 12:29:09,20260926,22,3,2-1-5,133.3
2026-09-26 12:29:09,20260926,22,3,2-1-6,129.1
2026-09-26 12:29:09,20260926,22,3,2-3-1,47.2
2026-09-26 12:29:09,20260926,22,3,2-3-4,97.9
2026-09-26 12:29:09,20260926,22,3,2-3-5,114.5
2026-09-26 12:29:09,20260926,22,3,2-3-6,117.8
2026-09-26 12:29:09,20260926,22,3,2-4-1,176.8
2026-09-26 12:29:09,20260926,22,3,2-4-3,176.8
2026-09-26 12:29:09,20260926,22,3,2-4-5,280.4
2026-09-26 12:29:09,20260926,22,3,2-4-6,246.4
2026-09-26 12:29:09,20260926,22,3,2-5-1,193.6
2026-09-26 12:29:09,20260926,22,3,2-5-3,239.2
2026-09-26 12:29:09,20260926,22,3,2-5-4,353.6
2026-09-26 12:29:09,20260926,22,3,2-5-6,542.2
2026-09-26 12:29:09,20260926,22,3,2-6-1,301.2
2026-09-26 12:29:09,20260926,22,3,2-6-3,542.2
2026-09-26 12:29:09,20260926,22,3,2-6-4,271.1
2026-09-26 12:29:09,20260926,22,3,2-6-5,739.4
2026-09-26 12:29:09,20260926,22,3,3-1-2,11.6
2026-09-26 12:29:09,20260926,22,3,3-1-4,11.9
2026-09-26 12:29:09,20260926,22,3,3-1-5,26.0
2026-09-26 12:29:09,20260926,22,3,3-1-6,27.7
2026-09-26 12:29:09,20260926,22,3,3-2-1,21.8
2026-09-26 12:29:09,20260926,22,3,3-2-4,42.3
2026-09-26 12:29:09,20260926,22,3,3-2-5,76.7
2026-09-26 12:29:09,20260926,22,3,3-2-6,85.6
2026-09-26 12:29:09,20260926,22,3,3-4-1,27.2
2026-09-26 12:29:09,20260926,22,3,3-4-2,40.4
2026-09-26 12:29:09,20260926,22,3,3-4-5,50.2
2026-09-26 12:29:09,20260926,22,3,3-4-6,51.4
2026-09-26 12:29:09,20260926,22,3,3-5-1,101.6
2026-09-26 12:29:09,20260926,22,3,3-5-2,90.3
2026-09-26 12:29:09,20260926,22,3,3-5-4,129.1
2026-09-26 12:29:09,20260926,22,3,3-5-6,137.8
2026-09-26 12:29:09,20260926,22,3,3-6-1,91.3
2026-09-26 12:29:09,20260926,22,3,3-6-2,203.3
2026-09-26 12:29:09,20260926,22,3,3-6-4,150.6
2026-09-26 12:29:09,20260926,22,3,3-6-5,246.4
2026-09-26 12:29:09,20260926,22,3,4-1-2,159.4
2026-09-26 12:29:09,20260926,22,3,4-1-3,116.1
2026-09-26 12:29:09,20260926,22,3,4-1-5,193.6
2026-09-26 12:29:09,20260926,22,3,4-1-6,262.3
2026-09-26 12:29:09,20260926,22,3,4-2-1,271.1
2026-09-26 12:29:09,20260926,22,3,4-2-3,219.8
2026-09-26 12:29:09,20260926,22,3,4-2-5,338.9
2026-09-26 12:29:09,20260926,22,3,4-2-6,387.3
2026-09-26 12:29:09,20260926,22,3,4-3-1,116.1
2026-09-26 12:29:09,20260926,22,3,4-3-2,225.9
2026-09-26 12:29:09,20260926,22,3,4-3-5,145.2
2026-09-26 12:29:09,20260926,22,3,4-3-6,189.1
2026-09-26 12:29:09,20260926,22,3,4-5-1,290.4
2026-09-26 12:29:09,20260926,22,3,4-5-2,451.8
2026-09-26 12:29:09,20260926,22,3,4-5-3,232.3
2026-09-26 12:29:09,20260926,22,3,4-5-6,406.6
2026-09-26 12:29:09,20260926,22,3,4-6-1,451.8
2026-09-26 12:29:09,20260926,22,3,4-6-2,338.9
2026-09-26 12:29:09,20260926,22,3,4-6-3,478.4
2026-09-26 12:29:09,20260926,22,3,4-6-5,677.8
2026-09-26 12:29:09,20260926,22,3,5-1-2,301.2
2026-09-26 12:29:09,20260926,22,3,5-1-3,147.8
2026-09-26 12:29:09,20260926,22,3,5-1-4,387.3
2026-09-26 12:29:09,20260926,22,3,5-1-6,406.6
2026-09-26 12:29:09,20260926,22,3,5-2-1,542.2
2026-09-26 12:29:09,20260926,22,3,5-2-3,301.2
2026-09-26 12:29:09,20260926,22,3,5-2-4,280.4
2026-09-26 12:29:09,20260926,22,3,5-2-6,739.4
2026-09-26 12:29:09,20260926,22,3,5-3-1,193.6
2026-09-26 12:29:09,20260926,22,3,5-3-2,290.4
2026-09-26 12:29:09,20260926,22,3,5-3-4,290.4
2026-09-26 12:29:09,20260926,22,3,5-3-6,325.3
2026-09-26 12:29:09,20260926,22,3,5-4-1,451.8
2026-09-26 12:29:09,20260926,22,3,5-4-2,428.0
2026-09-26 12:29:09,20260926,22,3,5-4-3,338.9
2026-09-26 12:29:09,20260926,22,3,5-4-6,739.4
2026-09-26 12:29:09,20260926,22,3,5-6-1,1355.0
2026-09-26 12:29:09,20260926,22,3,5-6-2,1626.0
2026-09-26 12:29:09,20260926,22,3,5-6-3,739.4
2026-09-26 12:29:09,20260926,22,3,5-6-4,813.3
2026-09-26 12:29:09,20260926,22,3,6-1-2,353.6
2026-09-26 12:29:09,20260926,22,3,6-1-3,193.6
2026-09-26 12:29:09,20260926,22,3,6-1-4,813.3
2026-09-26 12:29:09,20260926,22,3,6-1-5,1355.0
2026-09-26 12:29:09,20260926,22,3,6-2-1,312.8
2026-09-26 12:29:09,20260926,22,3,6-2-3,406.6
2026-09-26 12:29:09,20260926,22,3,6-2-4,677.8
2026-09-26 12:29:09,20260926,22,3,6-2-5,2711.0
2026-09-26 12:29:09,20260926,22,3,6-3-1,406.6
2026-09-26 12:29:09,20260926,22,3,6-3-2,542.2
2026-09-26 12:29:09,20260926,22,3,6-3-4,478.4
2026-09-26 12:29:09,20260926,22,3,6-3-5,338.9
2026-09-26 12:29:09,20260926,22,3,6-4-1,739.4
2026-09-26 12:29:09,20260926,22,3,6-4-2,903.7
2026-09-26 12:29:09,20260926,22,3,6-4-3,813.3
2026-09-26 12:29:09,20260926,22,3,6-4-5,1626.0
2026-09-26 12:29:09,20260926,22,3,6-5-1,1016.0
2026-09-26 12:29:09,20260926,22,3,6-5-2,1626.0
2026-09-26 12:29:09,20260926,22,3,6-5-3,813.3
2026-09-26 12:29:09,20260926,22,3,6-5-4,369.7
2026-09-26 12:31:18,20260926,2,5,1-2-3,46.7
2026-09-26 12:31:18,20260926,2,5,1-2-4,25.2
2026-09-26 12:31:18,20260926,2,5,1-2-5,70.6
2026-09-26 12:31:18,20260926,2,5,1-2-6,243.8
2026-09-26 12:31:18,20260926,2,5,1-3-2,65.9
2026-09-26 12:31:18,20260926,2,5,1-3-4,29.3
2026-09-26 12:31:18,20260926,2,5,1-3-5,59.6
2026-09-26 12:31:18,20260926,2,5,1-3-6,143.4
2026-09-26 12:31:18,20260926,2,5,1-4-2,16.5
2026-09-26 12:31:18,20260926,2,5,1-4-3,20.0
2026-09-26 12:31:18,20260926,2,5,1-4-5,18.3
2026-09-26 12:31:18,20260926,2,5,1-4-6,99.5
2026-09-26 12:31:18,20260926,2,5,1-5-2,77.7
2026-09-26 12:31:18,20260926,2,5,1-5-3,123.4
2026-09-26 12:31:18,20260926,2,5,1-5-4,54.0
2026-09-26 12:31:18,20260926,2,5,1-5-6,256.7
2026-09-26 12:31:18,20260926,2,5,1-6-2,319.8
2026-09-26 12:31:18,20260926,2,5,1-6-3,330.6
2026-09-26 12:31:18,20260926,2,5,1-6-4,224.2
2026-09-26 12:31:18,20260926,2,5,1-6-5,203.2
2026-09-26 12:31:18,20260926,2,5,2-1-3,138.3
2026-09-26 12:31:18,20260926,2,5,2-1-4,51.8
2026-09-26 12:31:18,20260926,2,5,2-1-5,152.4
2026-09-26 12:31:18,20260926,2,5,2-1-6,291.2
2026-09-26 12:31:18,20260926,2,5,2-3-1,146.6
2026-09-26 12:31:18,20260926,2,5,2-3-4,103.7
2026-09-26 12:31:18,20260926,2,5,2-3-5,175.7
2026-09-26 12:31:18,20260926,2,5,2-3-6,361.3
2026-09-26 12:31:18,20260926,2,5,2-4-1,58.2
2026-09-26 12:31:18,20260926,2,5,2-4-3,108.3
2026-09-26 12:31:18,20260926,2,5,2-4-5,89.0
2026-09-26 12:31:18,20260926,2,5,2-4-6,205.3
2026-09-26 12:31:18,20260926,2,5,2-5-1,165.3
2026-09-26 12:31:18,20260926,2,5,2-5-3,178.9
2026-09-26 12:31:18,20260926,2,5,2-5-4,114.7
2026-09-26 12:31:18,20260926,2,5,2-5-6,325.1
2026-09-26 12:31:18,20260926,2,5,2-6-1,453.7
2026-09-26 12:31:18,20260926,2,5,2-6-3,453.7
2026-09-26 12:31:18,20260926,2,5,2-6-4,361.3
2026-09-26 12:31:18,20260926,2,5,2-6-5,573.8
2026-09-26 12:31:18,20260926,2,5,3-1-2,114.0
2026-09-26 12:31:18,20260926,2,5,3-1-4,67.7
2026-09-26 12:31:18,20260926,2,5,3-1-5,92.4
2026-09-26 12:31:18,20260926,2,5,3-1-6,138.3
2026-09-26 12:31:18,20260926,2,5,3-2-1,195.1
2026-09-26 12:31:18,20260926,2,5,3-2-4,89.0
2026-09-26 12:31:18,20260926,2,5,3-2-5,174.2
2026-09-26 12:31:18,20260926,2,5,3-2-6,207.5
2026-09-26 12:31:18,20260926,2,5,3-4-1,69.1
2026-09-26 12:31:18,20260926,2,5,3-4-2,87.4
2026-09-26 12:31:18,20260926,2,5,3-4-5,121.1
2026-09-26 12:31:18,20260926,2,5,3-4-6,185.8
2026-09-26 12:31:18,20260926,2,5,3-5-1,187.6
2026-09-26 12:31:18,20260926,2,5,3-5-2,151.2
2026-09-26 12:31:18,20260926,2,5,3-5-4,203.2
2026-09-26 12:31:18,20260926,2,5,3-5-6,274.7
2026-09-26 12:31:18,20260926,2,5,3-6-1,500.2
2026-09-26 12:31:18,20260926,2,5,3-6-2,453.7
2026-09-26 12:31:18,20260926,2,5,3-6-4,263.6
2026-09-26 12:31:18,20260926,2,5,3-6-5,415.1
2026-09-26 12:31:18,20260926,2,5,4-1-2,13.0
2026-09-26 12:31:18,20260926,2,5,4-1-3,17.3
2026-09-26 12:31:18,20260926,2,5,4-1-5,12.4
2026-09-26 12:31:18,20260926,2,5,4-1-6,74.7
2026-09-26 12:31:18,20260926,2,5,4-2-1,31.1
2026-09-26 12:31:18,20260926,2,5,4-2-3,48.2
2026-09-26 12:31:18,20260926,2,5,4-2-5,34.6
2026-09-26 12:31:18,20260926,2,5,4-2-6,199.0
2026-09-26 12:31:18,20260926,2,5,4-3-1,35.0
2026-09-26 12:31:18,20260926,2,5,4-3-2,47.5
2026-09-26 12:31:18,20260926,2,5,4-3-5,52.8
2026-09-26 12:31:18,20260926,2,5,4-3-6,151.2
2026-09-26 12:31:18,20260926,2,5,4-5-1,19.1
2026-09-26 12:31:18,20260926,2,5,4-5-2,27.9
2026-09-26 12:31:18,20260926,2,5,4-5-3,37.5
2026-09-26 12:31:18,20260926,2,5,4-5-6,81.6
2026-09-26 12:31:18,20260926,2,5,4-6-1,182.3
2026-09-26 12:31:18,20260926,2,5,4-6-2,260.1
2026-09-26 12:31:18,20260926,2,5,4-6-3,134.5
2026-09-26 12:31:18,20260926,2,5,4-6-5,168.1
2026-09-26 12:31:18,20260926,2,5,5-1-2,243.8
2026-09-26 12:31:18,20260926,2,5,5-1-3,243.8
2026-09-26 12:31:18,20260926,2,5,5-1-4,126.6
2026-09-26 12:31:18,20260926,2,5,5-1-6,375.2
2026-09-26 12:31:18,20260926,2,5,5-2-1,221.7
2026-09-26 12:31:18,20260926,2,5,5-2-3,240.8
2026-09-26 12:31:18,20260926,2,5,5-2-4,130.9
2026-09-26 12:31:18,20260926,2,5,5-2-6,300.1
2026-09-26 12:31:18,20260926,2,5,5-3-1,282.7
2026-09-26 12:31:18,20260926,2,5,5-3-2,314.6
2026-09-26 12:31:18,20260926,2,5,5-3-4,250.1
2026-09-26 12:31:18,20260926,2,5,5-3-6,424.1
2026-09-26 12:31:18,20260926,2,5,5-4-1,93.8
2026-09-26 12:31:18,20260926,2,5,5-4-2,137.3
2026-09-26 12:31:18,20260926,2,5,5-4-3,219.2
2026-09-26 12:31:18,20260926,2,5,5-4-6,209.7
2026-09-26 12:31:18,20260926,2,5,5-6-1,189.4
2026-09-26 12:31:18,20260926,2,5,5-6-2,672.7
2026-09-26 12:31:18,20260926,2,5,5-6-3,672.7
2026-09-26 12:31:18,20260926,2,5,5-6-4,475.8
2026-09-26 12:31:18,20260926,2,5,6-1-2,361.3
2026-09-26 12:31:18,20260926,2,5,6-1-3,433.5
2026-09-26 12:31:18,20260926,2,5,6-1-4,354.7
2026-09-26 12:31:18,20260926,2,5,6-1-5,573.8
2026-09-26 12:31:18,20260926,2,5,6-2-1,573.8
2026-09-26 12:31:18,20260926,2,5,6-2-3,672.7
2026-09-26 12:31:18,20260926,2,5,6-2-4,433.5
2026-09-26 12:31:18,20260926,2,5,6-2-5,696.8
2026-09-26 12:31:18,20260926,2,5,6-3-1,500.2
2026-09-26 12:31:18,20260926,2,5,6-3-2,929.0
2026-09-26 12:31:18,20260926,2,5,6-3-4,250.1
2026-09-26 12:31:18,20260926,2,5,6-3-5,263.6
2026-09-26 12:31:18,20260926,2,5,6-4-1,406.4
2026-09-26 12:31:18,20260926,2,5,6-4-2,557.4
2026-09-26 12:31:18,20260926,2,5,6-4-3,314.6
2026-09-26 12:31:18,20260926,2,5,6-4-5,591.2
2026-09-26 12:31:18,20260926,2,5,6-5-1,361.3
2026-09-26 12:31:18,20260926,2,5,6-5-2,975.5
2026-09-26 12:31:18,20260926,2,5,6-5-3,750.4
2026-09-26 12:31:18,20260926,2,5,6-5-4,487.7
2026-09-26 12:37:06,20260926,11,6,1-2-3,53.7
2026-09-26 12:37:06,20260926,11,6,1-2-4,25.4
2026-09-26 12:37:06,20260926,11,6,1-2-5,14.0
2026-09-26 12:37:06,20260926,11,6,1-2-6,88.5
2026-09-26 12:37:06,20260926,11,6,1-3-2,72.5
2026-09-26 12:37:06,20260926,11,6,1-3-4,54.9
2026-09-26 12:37:06,20260926,11,6,1-3-5,27.8
2026-09-26 12:37:06,20260926,11,6,1-3-6,129.6
2026-09-26 12:37:06,20260926,11,6,1-4-2,22.4
2026-09-26 12:37:06,20260926,11,6,1-4-3,44.8
2026-09-26 12:37:06,20260926,11,6,1-4-5,9.8
2026-09-26 12:37:06,20260926,11,6,1-4-6,57.4
2026-09-26 12:37:06,20260926,11,6,1-5-2,9.8
2026-09-26 12:37:06,20260926,11,6,1-5-3,19.4
2026-09-26 12:37:06,20260926,11,6,1-5-4,8.0
2026-09-26 12:37:06,20260926,11,6,1-5-6,30.5
2026-09-26 12:37:06,20260926,11,6,1-6-2,227.2
2026-09-26 12:37:06,20260926,11,6,1-6-3,142.6
2026-09-26 12:37:06,20260926,11,6,1-6-4,213.9
2026-09-26 12:37:06,20260926,11,6,1-6-5,145.0
2026-09-26 12:37:06,20260926,11,6,2-1-3,153.7
2026-09-26 12:37:06,20260926,11,6,2-1-4,91.7
2026-09-26 12:37:06,20260926,11,6,2-1-5,67.2
2026-09-26 12:37:06,20260926,11,6,2-1-6,285.2
2026-09-26 12:37:06,20260926,11,6,2-3-1,372.1
2026-09-26 12:37:06,20260926,11,6,2-3-4,309.3
2026-09-26 12:37:06,20260926,11,6,2-3-5,249.2
2026-09-26 12:37:06,20260926,11,6,2-3-6,558.1
2026-09-26 12:37:06,20260926,11,6,2-4-1,207.0
2026-09-26 12:37:06,20260926,11,6,2-4-3,484.4
2026-09-26 12:37:06,20260926,11,6,2-4-5,173.4
2026-09-26 12:37:06,20260926,11,6,2-4-6,435.1
2026-09-26 12:37:06,20260926,11,6,2-5-1,106.5
2026-09-26 12:37:06,20260926,11,6,2-5-3,244.5
2026-09-26 12:37:06,20260926,11,6,2-5-4,180.8
2026-09-26 12:37:06,20260926,11,6,2-5-6,316.9
2026-09-26 12:37:06,20260926,11,6,2-6-1,693.9
2026-09-26 12:37:06,20260926,11,6,2-6-3,658.3
2026-09-26 12:37:06,20260926,11,6,2-6-4,693.9
2026-09-26 12:37:06,20260926,11,6,2-6-5,778.0
2026-09-26 12:37:06,20260926,11,6,3-1-2,302.0
2026-09-26 12:37:06,20260926,11,6,3-1-4,217.5
2026-09-26 12:37:06,20260926,11,6,3-1-5,131.6
2026-09-26 12:37:06,20260926,11,6,3-1-6,372.1
2026-09-26 12:37:06,20260926,11,6,3-2-1,442.6
2026-09-26 12:37:06,20260926,11,6,3-2-4,264.7
2026-09-26 12:37:06,20260926,11,6,3-2-5,246.8
2026-09-26 12:37:06,20260926,11,6,3-2-6,361.6
2026-09-26 12:37:06,20260926,11,6,3-4-1,389.0
2026-09-26 12:37:06,20260926,11,6,3-4-2,395.0
2026-09-26 12:37:06,20260926,11,6,3-4-5,351.7
2026-09-26 12:37:06,20260926,11,6,3-4-6,713.2
2026-09-26 12:37:06,20260926,11,6,3-5-1,172.3
2026-09-26 12:37:06,20260926,11,6,3-5-2,246.8
2026-09-26 12:37:06,20260926,11,6,3-5-4,366.8
2026-09-26 12:37:06,20260926,11,6,3-5-6,427.9
2026-09-26 12:37:06,20260926,11,6,3-6-1,1351.0
2026-09-26 12:37:06,20260926,11,6,3-6-2,855.8
2026-09-26 12:37:06,20260926,11,6,3-6-4,1116.0
2026-09-26 12:37:06,20260926,11,6,3-6-5,802.3
2026-09-26 12:37:06,20260926,11,6,4-1-2,86.1
2026-09-26 12:37:06,20260926,11,6,4-1-3,147.5
2026-09-26 12:37:06,20260926,11,6,4-1-5,31.0
2026-09-26 12:37:06,20260926,11,6,4-1-6,145.8
2026-09-26 12:37:06,20260926,11,6,4-2-1,184.7
2026-09-26 12:37:06,20260926,11,6,4-2-3,256.7
2026-09-26 12:37:06,20260926,11,6,4-2-5,157.5
2026-09-26 12:37:06,20260926,11,6,4-2-6,288.4
2026-09-26 12:37:06,20260926,11,6,4-3-1,302.0
2026-09-26 12:37:06,20260926,11,6,4-3-2,534.9
2026-09-26 12:37:06,20260926,11,6,4-3-5,442.6
2026-09-26 12:37:06,20260926,11,6,4-3-6,524.0
2026-09-26 12:37:06,20260926,11,6,4-5-1,29.8
2026-09-26 12:37:06,20260926,11,6,4-5-2,83.0
2026-09-26 12:37:06,20260926,11,6,4-5-3,175.8
2026-09-26 12:37:06,20260926,11,6,4-5-6,99.9
2026-09-26 12:37:06,20260926,11,6,4-6-1,442.6
2026-09-26 12:37:06,20260926,11,6,4-6-2,558.1
2026-09-26 12:37:06,20260926,11,6,4-6-3,675.6
2026-09-26 12:37:06,20260926,11,6,4-6-5,285.2
2026-09-26 12:37:06,20260926,11,6,5-1-2,23.5
2026-09-26 12:37:06,20260926,11,6,5-1-3,41.0
2026-09-26 12:37:06,20260926,11,6,5-1-4,18.2
2026-09-26 12:37:06,20260926,11,6,5-1-6,49.9
2026-09-26 12:37:06,20260926,11,6,5-2-1,65.3
2026-09-26 12:37:06,20260926,11,6,5-2-3,161.4
2026-09-26 12:37:06,20260926,11,6,5-2-4,111.1
2026-09-26 12:37:06,20260926,11,6,5-2-6,210.4
2026-09-26 12:37:06,20260926,11,6,5-3-1,127.1
2026-09-26 12:37:06,20260926,11,6,5-3-2,285.2
2026-09-26 12:37:06,20260926,11,6,5-3-4,337.8
2026-09-26 12:37:06,20260926,11,6,5-3-6,484.4
2026-09-26 12:37:06,20260926,11,6,5-4-1,28.2
2026-09-26 12:37:06,20260926,11,6,5-4-2,87.6
2026-09-26 12:37:06,20260926,11,6,5-4-3,175.8
2026-09-26 12:37:06,20260926,11,6,5-4-6,123.4
2026-09-26 12:37:06,20260926,11,6,5-6-1,167.8
2026-09-26 12:37:06,20260926,11,6,5-6-2,342.3
2026-09-26 12:37:06,20260926,11,6,5-6-3,524.0
2026-09-26 12:37:06,20260926,11,6,5-6-4,264.7
2026-09-26 12:37:06,20260926,11,6,6-1-2,658.3
2026-09-26 12:37:06,20260926,11,6,6-1-3,675.6
2026-09-26 12:37:06,20260926,11,6,6-1-4,755.1
2026-09-26 12:37:06,20260926,11,6,6-1-5,626.2
2026-09-26 12:37:06,20260926,11,6,6-2-1,713.2
2026-09-26 12:37:06,20260926,11,6,6-2-3,855.8
2026-09-26 12:37:06,20260926,11,6,6-2-4,1711.0
2026-09-26 12:37:06,20260926,11,6,6-2-5,1426.0
2026-09-26 12:37:06,20260926,11,6,6-3-1,1167.0
2026-09-26 12:37:06,20260926,11,6,6-3-2,1604.0
2026-09-26 12:37:06,20260926,11,6,6-3-4,778.0
2026-09-26 12:37:06,20260926,11,6,6-3-5,917.0
2026-09-26 12:37:06,20260926,11,6,6-4-1,855.8
2026-09-26 12:37:06,20260926,11,6,6-4-2,1711.0
2026-09-26 12:37:06,20260926,11,6,6-4-3,1167.0
2026-09-26 12:37:06,20260926,11,6,6-4-5,570.5
2026-09-26 12:37:06,20260926,11,6,6-5-1,524.0
2026-09-26 12:37:06,20260926,11,6,6-5-2,1116.0
2026-09-26 12:37:06,20260926,11,6,6-5-3,1069.0
2026-09-26 12:37:06,20260926,11,6,6-5-4,361.6
2026-09-26 12:41:30,20260926,13,6,1-2-3,30.8
2026-09-26 12:41:30,20260926,13,6,1-2-4,15.4
2026-09-26 12:41:30,20260926,13,6,1-2-5,110.0
2026-09-26 12:41:30,20260926,13,6,1-2-6,48.8
2026-09-26 12:41:30,20260926,13,6,1-3-2,37.5
2026-09-26 12:41:30,20260926,13,6,1-3-4,10.9
2026-09-26 12:41:30,20260926,13,6,1-3-5,117.4
2026-09-26 12:41:30,20260926,13,6,1-3-6,30.8
2026-09-26 12:41:30,20260926,13,6,1-4-2,10.7
2026-09-26 12:41:30,20260926,13,6,1-4-3,6.9
2026-09-26 12:41:30,20260926,13,6,1-4-5,59.8
2026-09-26 12:41:30,20260926,13,6,1-4-6,10.2
2026-09-26 12:41:30,20260926,13,6,1-5-2,226.4
2026-09-26 12:41:30,20260926,13,6,1-5-3,197.7
2026-09-26 12:41:30,20260926,13,6,1-5-4,205.5
2026-09-26 12:41:30,20260926,13,6,1-5-6,300.4
2026-09-26 12:41:30,20260926,13,6,1-6-2,73.6
2026-09-26 12:41:30,20260926,13,6,1-6-3,51.9
2026-09-26 12:41:30,20260926,13,6,1-6-4,28.8
2026-09-26 12:41:30,20260926,13,6,1-6-5,211.1
2026-09-26 12:41:30,20260926,13,6,2-1-3,114.0
2026-09-26 12:41:30,20260926,13,6,2-1-4,78.5
2026-09-26 12:41:30,20260926,13,6,2-1-5,78.9
2026-09-26 12:41:30,20260926,13,6,2-1-6,240.3
2026-09-26 12:41:30,20260926,13,6,2-3-1,211.1
2026-09-26 12:41:30,20260926,13,6,2-3-4,185.9
2026-09-26 12:41:30,20260926,13,6,2-3-5,226.4
2026-09-26 12:41:30,20260926,13,6,2-3-6,446.3
2026-09-26 12:41:30,20260926,13,6,2-4-1,130.1
2026-09-26 12:41:30,20260926,13,6,2-4-3,153.1
2026-09-26 12:41:30,20260926,13,6,2-4-5,229.7
2026-09-26 12:41:30,20260926,13,6,2-4-6,135.8
2026-09-26 12:41:30,20260926,13,6,2-5-1,520.7
2026-09-26 12:41:30,20260926,13,6,2-5-3,274.0
2026-09-26 12:41:30,20260926,13,6,2-5-4,433.9
2026-09-26 12:41:30,20260926,13,6,2-5-6,822.2
2026-09-26 12:41:30,20260926,13,6,2-6-1,433.9
2026-09-26 12:41:30,20260926,13,6,2-6-3,867.9
2026-09-26 12:41:30,20260926,13,6,2-6-4,520.7
2026-09-26 12:41:30,20260926,13,6,2-6-5,781.1
2026-09-26 12:41:30,20260926,13,6,3-1-2,146.0
2026-09-26 12:41:30,20260926,13,6,3-1-4,62.4
2026-09-26 12:41:30,20260926,13,6,3-1-5,190.5
2026-09-26 12:41:30,20260926,13,6,3-1-6,137.0
2026-09-26 12:41:30,20260926,13,6,3-2-1,200.2
2026-09-26 12:41:30,20260926,13,6,3-2-4,157.8
2026-09-26 12:41:30,20260926,13,6,3-2-5,121.1
2026-09-26 12:41:30,20260926,13,6,3-2-6,355.0
2026-09-26 12:41:30,20260926,13,6,3-4-1,71.6
2026-09-26 12:41:30,20260926,13,6,3-4-2,134.6
2026-09-26 12:41:30,20260926,13,6,3-4-5,190.5
2026-09-26 12:41:30,20260926,13,6,3-4-6,76.2
2026-09-26 12:41:30,20260926,13,6,3-5-1,332.4
2026-09-26 12:41:30,20260926,13,6,3-5-2,202.8
2026-09-26 12:41:30,20260926,13,6,3-5-4,363.3
2026-09-26 12:41:30,20260926,13,6,3-5-6,278.9
2026-09-26 12:41:30,20260926,13,6,3-6-1,284.0
2026-09-26 12:41:30,20260926,13,6,3-6-2,473.4
2026-09-26 12:41:30,20260926,13,6,3-6-4,211.1
2026-09-26 12:41:30,20260926,13,6,3-6-5,411.1
2026-09-26 12:41:30,20260926,13,6,4-1-2,30.1
2026-09-26 12:41:30,20260926,13,6,4-1-3,23.9
2026-09-26 12:41:30,20260926,13,6,4-1-5,58.5
2026-09-26 12:41:30,20260926,13,6,4-1-6,20.9
2026-09-26 12:41:30,20260926,13,6,4-2-1,91.9
2026-09-26 12:41:30,20260926,13,6,4-2-3,128.0
2026-09-26 12:41:30,20260926,13,6,4-2-5,188.2
2026-09-26 12:41:30,20260926,13,6,4-2-6,148.7
2026-09-26 12:41:30,20260926,13,6,4-3-1,58.7
2026-09-26 12:41:30,20260926,13,6,4-3-2,135.8
2026-09-26 12:41:30,20260926,13,6,4-3-5,197.7
2026-09-26 12:41:30,20260926,13,6,4-3-6,76.9
2026-09-26 12:41:30,20260926,13,6,4-5-1,240.3
2026-09-26 12:41:30,20260926,13,6,4-5-2,229.7
2026-09-26 12:41:30,20260926,13,6,4-5-3,278.9
2026-09-26 12:41:30,20260926,13,6,4-5-6,190.5
2026-09-26 12:41:30,20260926,13,6,4-6-1,43.6
2026-09-26 12:41:30,20260926,13,6,4-6-2,120.1
2026-09-26 12:41:30,20260926,13,6,4-6-3,92.4
2026-09-26 12:41:30,20260926,13,6,4-6-5,181.6
2026-09-26 12:41:30,20260926,13,6,5-1-2,520.7
2026-09-26 12:41:30,20260926,13,6,5-1-3,355.0
2026-09-26 12:41:30,20260926,13,6,5-1-4,411.1
2026-09-26 12:41:30,20260926,13,6,5-1-6,459.5
2026-09-26 12:41:30,20260926,13,6,5-2-1,867.9
2026-09-26 12:41:30,20260926,13,6,5-2-3,411.1
2026-09-26 12:41:30,20260926,13,6,5-2-4,325.4
2026-09-26 12:41:30,20260926,13,6,5-2-6,919.0
2026-09-26 12:41:30,20260926,13,6,5-3-1,433.9
2026-09-26 12:41:30,20260926,13,6,5-3-2,473.4
2026-09-26 12:41:30,20260926,13,6,5-3-4,1115.0
2026-09-26 12:41:30,20260926,13,6,5-3-6,400.5
2026-09-26 12:41:30,20260926,13,6,5-4-1,600.8
2026-09-26 12:41:30,20260926,13,6,5-4-2,557.9
2026-09-26 12:41:30,20260926,13,6,5-4-3,867.9
2026-09-26 12:41:30,20260926,13,6,5-4-6,205.5
2026-09-26 12:41:30,20260926,13,6,5-6-1,1041.0
2026-09-26 12:41:30,20260926,13,6,5-6-2,1115.0
2026-09-26 12:41:30,20260926,13,6,5-6-3,371.9
2026-09-26 12:41:30,20260926,13,6,5-6-4,381.0
2026-09-26 12:41:30,20260926,13,6,6-1-2,211.1
2026-09-26 12:41:30,20260926,13,6,6-1-3,229.7
2026-09-26 12:41:30,20260926,13,6,6-1-4,111.5
2026-09-26 12:41:30,20260926,13,6,6-1-5,650.9
2026-09-26 12:41:30,20260926,13,6,6-2-1,488.2
2026-09-26 12:41:30,20260926,13,6,6-2-3,371.9
2026-09-26 12:41:30,20260926,13,6,6-2-4,600.8
2026-09-26 12:41:30,20260926,13,6,6-2-5,822.2
2026-09-26 12:41:30,20260926,13,6,6-3-1,390.5
2026-09-26 12:41:30,20260926,13,6,6-3-2,557.9
2026-09-26 12:41:30,20260926,13,6,6-3-4,251.9
2026-09-26 12:41:30,20260926,13,6,6-3-5,400.5
2026-09-26 12:41:30,20260926,13,6,6-4-1,100.1
2026-09-26 12:41:30,20260926,13,6,6-4-2,269.3
2026-09-26 12:41:30,20260926,13,6,6-4-3,220.0
2026-09-26 12:41:30,20260926,13,6,6-4-5,274.0
2026-09-26 12:41:30,20260926,13,6,6-5-1,1041.0
2026-09-26 12:41:30,20260926,13,6,6-5-2,1115.0
2026-09-26 12:41:30,20260926,13,6,6-5-3,411.1
2026-09-26 12:41:30,20260926,13,6,6-5-4,294.7
2026-09-26 12:46:03,20260926,9,6,1-2-3,40.6
2026-09-26 12:46:03,20260926,9,6,1-2-4,128.2
2026-09-26 12:46:03,20260926,9,6,1-2-5,63.0
2026-09-26 12:46:03,20260926,9,6,1-2-6,139.1
2026-09-26 12:46:03,20260926,9,6,1-3-2,39.4
2026-09-26 12:46:03,20260926,9,6,1-3-4,78.1
2026-09-26 12:46:03,20260926,9,6,1-3-5,32.5
2026-09-26 12:46:03,20260926,9,6,1-3-6,67.1
2026-09-26 12:46:03,20260926,9,6,1-4-2,146.2
2026-09-26 12:46:03,20260926,9,6,1-4-3,129.6
2026-09-26 12:46:03,20260926,9,6,1-4-5,292.5
2026-09-26 12:46:03,20260926,9,6,1-4-6,248.0
2026-09-26 12:46:03,20260926,9,6,1-5-2,128.2
2026-09-26 12:46:03,20260926,9,6,1-5-3,77.6
2026-09-26 12:46:03,20260926,9,6,1-5-4,253.5
2026-09-26 12:46:03,20260926,9,6,1-5-6,142.6
2026-09-26 12:46:03,20260926,9,6,1-6-2,200.1
2026-09-26 12:46:03,20260926,9,6,1-6-3,92.0
2026-09-26 12:46:03,20260926,9,6,1-6-4,215.2
2026-09-26 12:46:03,20260926,9,6,1-6-5,242.7
2026-09-26 12:46:03,20260926,9,6,2-1-3,42.4
2026-09-26 12:46:03,20260926,9,6,2-1-4,120.1
2026-09-26 12:46:03,20260926,9,6,2-1-5,79.2
2026-09-26 12:46:03,20260926,9,6,2-1-6,156.3
2026-09-26 12:46:03,20260926,9,6,2-3-1,33.2
2026-09-26 12:46:03,20260926,9,6,2-3-4,43.5
2026-09-26 12:46:03,20260926,9,6,2-3-5,17.0
2026-09-26 12:46:03,20260926,9,6,2-3-6,31.0
2026-09-26 12:46:03,20260926,9,6,2-4-1,187.0
2026-09-26 12:46:03,20260926,9,6,2-4-3,146.2
2026-09-26 12:46:03,20260926,9,6,2-4-5,228.2
2026-09-26 12:46:03,20260926,9,6,2-4-6,223.7
2026-09-26 12:46:03,20260926,9,6,2-5-1,100.9
2026-09-26 12:46:03,20260926,9,6,2-5-3,40.3
2026-09-26 12:46:03,20260926,9,6,2-5-4,156.3
2026-09-26 12:46:03,20260926,9,6,2-5-6,82.6
2026-09-26 12:46:03,20260926,9,6,2-6-1,271.6
2026-09-26 12:46:03,20260926,9,6,2-6-3,140.8
2026-09-26 12:46:03,20260926,9,6,2-6-4,278.3
2026-09-26 12:46:03,20260926,9,6,2-6-5,160.7
2026-09-26 12:46:03,20260926,9,6,3-1-2,26.0
2026-09-26 12:46:03,20260926,9,6,3-1-4,54.3
2026-09-26 12:46:03,20260926,9,6,3-1-5,28.2
2026-09-26 12:46:03,20260926,9,6,3-1-6,53.0
2026-09-26 12:46:03,20260926,9,6,3-2-1,23.6
2026-09-26 12:46:03,20260926,9,6,3-2-4,39.6
2026-09-26 12:46:03,20260926,9,6,3-2-5,12.9
2026-09-26 12:46:03,20260926,9,6,3-2-6,23.9
2026-09-26 12:46:03,20260926,9,6,3-4-1,85.1
2026-09-26 12:46:03,20260926,9,6,3-4-2,67.9
2026-09-26 12:46:03,20260926,9,6,3-4-5,53.8
2026-09-26 12:46:03,20260926,9,6,3-4-6,89.8
2026-09-26 12:46:03,20260926,9,6,3-5-1,32.3
2026-09-26 12:46:03,20260926,9,6,3-5-2,13.6
2026-09-26 12:46:03,20260926,9,6,3-5-4,61.6
2026-09-26 12:46:03,20260926,9,6,3-5-6,20.7
2026-09-26 12:46:03,20260926,9,6,3-6-1,94.3
2026-09-26 12:46:03,20260926,9,6,3-6-2,42.4
2026-09-26 12:46:03,20260926,9,6,3-6-4,116.4
2026-09-26 12:46:03,20260926,9,6,3-6-5,36.3
2026-09-26 12:46:03,20260926,9,6,4-1-2,422.6
2026-09-26 12:46:03,20260926,9,6,4-1-3,316.9
2026-09-26 12:46:03,20260926,9,6,4-1-5,368.0
2026-09-26 12:46:03,20260926,9,6,4-1-6,393.4
2026-09-26 12:46:03,20260926,9,6,4-2-1,496.1
2026-09-26 12:46:03,20260926,9,6,4-2-3,285.2
2026-09-26 12:46:03,20260926,9,6,4-2-5,422.6
2026-09-26 12:46:03,20260926,9,6,4-2-6,456.4
2026-09-26 12:46:03,20260926,9,6,4-3-1,265.3
2026-09-26 12:46:03,20260926,9,6,4-3-2,292.5
2026-09-26 12:46:03,20260926,9,6,4-3-5,380.3
2026-09-26 12:46:03,20260926,9,6,4-3-6,300.2
2026-09-26 12:46:03,20260926,9,6,4-5-1,300.2
2026-09-26 12:46:03,20260926,9,6,4-5-2,600.5
2026-09-26 12:46:03,20260926,9,6,4-5-3,438.8
2026-09-26 12:46:03,20260926,9,6,4-5-6,393.4
2026-09-26 12:46:03,20260926,9,6,4-6-1,713.1
2026-09-26 12:46:03,20260926,9,6,4-6-2,633.9
2026-09-26 12:46:03,20260926,9,6,4-6-3,345.7
2026-09-26 12:46:03,20260926,9,6,4-6-5,570.5
2026-09-26 12:46:03,20260926,9,6,5-1-2,200.1
2026-09-26 12:46:03,20260926,9,6,5-1-3,84.5
2026-09-26 12:46:03,20260926,9,6,5-1-4,265.3
2026-09-26 12:46:03,20260926,9,6,5-1-6,211.3
2026-09-26 12:46:03,20260926,9,6,5-2-1,178.2
2026-09-26 12:46:03,20260926,9,6,5-2-3,70.0
2026-09-26 12:46:03,20260926,9,6,5-2-4,223.7
2026-09-26 12:46:03,20260926,9,6,5-2-6,223.7
2026-09-26 12:46:03,20260926,9,6,5-3-1,101.8
2026-09-26 12:46:03,20260926,9,6,5-3-2,58.8
2026-09-26 12:46:03,20260926,9,6,5-3-4,232.8
2026-09-26 12:46:03,20260926,9,6,5-3-6,76.5
2026-09-26 12:46:03,20260926,9,6,5-4-1,308.3
2026-09-26 12:46:03,20260926,9,6,5-4-2,265.3
2026-09-26 12:46:03,20260926,9,6,5-4-3,292.5
2026-09-26 12:46:03,20260926,9,6,5-4-6,422.6
2026-09-26 12:46:03,20260926,9,6,5-6-1,356.5
2026-09-26 12:46:03,20260926,9,6,5-6-2,308.3
2026-09-26 12:46:03,20260926,9,6,5-6-3,144.4
2026-09-26 12:46:03,20260926,9,6,5-6-4,356.5
2026-09-26 12:46:03,20260926,9,6,6-1-2,292.5
2026-09-26 12:46:03,20260926,9,6,6-1-3,356.5
2026-09-26 12:46:03,20260926,9,6,6-1-4,815.0
2026-09-26 12:46:03,20260926,9,6,6-1-5,570.5
2026-09-26 12:46:03,20260926,9,6,6-2-1,407.5
2026-09-26 12:46:03,20260926,9,6,6-2-3,237.7
2026-09-26 12:46:03,20260926,9,6,6-2-4,633.9
2026-09-26 12:46:03,20260926,9,6,6-2-5,475.4
2026-09-26 12:46:03,20260926,9,6,6-3-1,259.3
2026-09-26 12:46:03,20260926,9,6,6-3-2,232.8
2026-09-26 12:46:03,20260926,9,6,6-3-4,600.5
2026-09-26 12:46:03,20260926,9,6,6-3-5,142.6
2026-09-26 12:46:03,20260926,9,6,6-4-1,600.5
2026-09-26 12:46:03,20260926,9,6,6-4-2,877.7
2026-09-26 12:46:03,20260926,9,6,6-4-3,570.5
2026-09-26 12:46:03,20260926,9,6,6-4-5,815.0
2026-09-26 12:46:03,20260926,9,6,6-5-1,600.5
2026-09-26 12:46:03,20260926,9,6,6-5-2,456.4
2026-09-26 12:46:03,20260926,9,6,6-5-3,152.1
2026-09-26 12:46:03,20260926,9,6,6-5-4,380.3
2026-09-26 12:48:28,20260926,8,6,1-2-3,21.0
2026-09-26 12:48:28,20260926,8,6,1-2-4,18.8
2026-09-26 12:48:28,20260926,8,6,1-2-5,35.2
2026-09-26 12:48:28,20260926,8,6,1-2-6,9.2
2026-09-26 12:48:28,20260926,8,6,1-3-2,36.5
2026-09-26 12:48:28,20260926,8,6,1-3-4,70.5
2026-09-26 12:48:28,20260926,8,6,1-3-5,129.8
2026-09-26 12:48:28,20260926,8,6,1-3-6,49.8
2026-09-26 12:48:28,20260926,8,6,1-4-2,20.0
2026-09-26 12:48:28,20260926,8,6,1-4-3,98.2
2026-09-26 12:48:28,20260926,8,6,1-4-5,70.1
2026-09-26 12:48:28,20260926,8,6,1-4-6,18.6
2026-09-26 12:48:28,20260926,8,6,1-5-2,83.4
2026-09-26 12:48:28,20260926,8,6,1-5-3,172.3
2026-09-26 12:48:28,20260926,8,6,1-5-4,102.0
2026-09-26 12:48:28,20260926,8,6,1-5-6,72.0
2026-09-26 12:48:28,20260926,8,6,1-6-2,12.9
2026-09-26 12:48:28,20260926,8,6,1-6-3,36.7
2026-09-26 12:48:28,20260926,8,6,1-6-4,38.9
2026-09-26 12:48:28,20260926,8,6,1-6-5,46.9
2026-09-26 12:48:28,20260926,8,6,2-1-3,43.9
2026-09-26 12:48:28,20260926,8,6,2-1-4,47.5
2026-09-26 12:48:28,20260926,8,6,2-1-5,69.6
2026-09-26 12:48:28,20260926,8,6,2-1-6,16.1
2026-09-26 12:48:28,20260926,8,6,2-3-1,152.4
2026-09-26 12:48:28,20260926,8,6,2-3-4,164.3
2026-09-26 12:48:28,20260926,8,6,2-3-5,292.1
2026-09-26 12:48:28,20260926,8,6,2-3-6,184.4
2026-09-26 12:48:28,20260926,8,6,2-4-1,161.7
2026-09-26 12:48:28,20260926,8,6,2-4-3,309.2
2026-09-26 12:48:28,20260926,8,6,2-4-5,292.1
2026-09-26 12:48:28,20260926,8,6,2-4-6,118.1
2026-09-26 12:48:28,20260926,8,6,2-5-1,198.4
2026-09-26 12:48:28,20260926,8,6,2-5-3,244.5
2026-09-26 12:48:28,20260926,8,6,2-5-4,389.4
2026-09-26 12:48:28,20260926,8,6,2-5-6,144.0
2026-09-26 12:48:28,20260926,8,6,2-6-1,24.6
2026-09-26 12:48:28,20260926,8,6,2-6-3,65.3
2026-09-26 12:48:28,20260926,8,6,2-6-4,69.6
2026-09-26 12:48:28,20260926,8,6,2-6-5,88.3
2026-09-26 12:48:28,20260926,8,6,3-1-2,194.7
2026-09-26 12:48:28,20260926,8,6,3-1-4,328.6
2026-09-26 12:48:28,20260926,8,6,3-1-5,187.7
2026-09-26 12:48:28,20260926,8,6,3-1-6,262.8
2026-09-26 12:48:28,20260926,8,6,3-2-1,233.6
2026-09-26 12:48:28,20260926,8,6,3-2-4,262.8
2026-09-26 12:48:28,20260926,8,6,3-2-5,276.7
2026-09-26 12:48:28,20260926,8,6,3-2-6,219.0
2026-09-26 12:48:28,20260926,8,6,3-4-1,375.5
2026-09-26 12:48:28,20260926,8,6,3-4-2,339.2
2026-09-26 12:48:28,20260926,8,6,3-4-5,404.4
2026-09-26 12:48:28,20260926,8,6,3-4-6,420.6
2026-09-26 12:48:28,20260926,8,6,3-5-1,309.2
2026-09-26 12:48:28,20260926,8,6,3-5-2,214.6
2026-09-26 12:48:28,20260926,8,6,3-5-4,457.2
2026-09-26 12:48:28,20260926,8,6,3-5-6,438.1
2026-09-26 12:48:28,20260926,8,6,3-6-1,309.2
2026-09-26 12:48:28,20260926,8,6,3-6-2,219.0
2026-09-26 12:48:28,20260926,8,6,3-6-4,404.4
2026-09-26 12:48:28,20260926,8,6,3-6-5,438.1
2026-09-26 12:48:28,20260926,8,6,4-1-2,89.8
2026-09-26 12:48:28,20260926,8,6,4-1-3,318.6
2026-09-26 12:48:28,20260926,8,6,4-1-5,118.1
2026-09-26 12:48:28,20260926,8,6,4-1-6,115.5
2026-09-26 12:48:28,20260926,8,6,4-2-1,106.2
2026-09-26 12:48:28,20260926,8,6,4-2-3,375.5
2026-09-26 12:48:28,20260926,8,6,4-2-5,309.2
2026-09-26 12:48:28,20260926,8,6,4-2-6,128.2
2026-09-26 12:48:28,20260926,8,6,4-3-1,500.7
2026-09-26 12:48:28,20260926,8,6,4-3-2,553.4
2026-09-26 12:48:28,20260926,8,6,4-3-5,618.5
2026-09-26 12:48:28,20260926,8,6,4-3-6,350.5
2026-09-26 12:48:28,20260926,8,6,4-5-1,148.1
2026-09-26 12:48:28,20260926,8,6,4-5-2,309.2
2026-09-26 12:48:28,20260926,8,6,4-5-3,375.5
2026-09-26 12:48:28,20260926,8,6,4-5-6,250.3
2026-09-26 12:48:28,20260926,8,6,4-6-1,140.2
2026-09-26 12:48:28,20260926,8,6,4-6-2,119.4
2026-09-26 12:48:28,20260926,8,6,4-6-3,276.7
2026-09-26 12:48:28,20260926,8,6,4-6-5,292.1
2026-09-26 12:48:28,20260926,8,6,5-1-2,172.3
2026-09-26 12:48:28,20260926,8,6,5-1-3,238.9
2026-09-26 12:48:28,20260926,8,6,5-1-4,152.4
2026-09-26 12:48:28,20260926,8,6,5-1-6,126.6
2026-09-26 12:48:28,20260926,8,6,5-2-1,262.8
2026-09-26 12:48:28,20260926,8,6,5-2-3,292.1
2026-09-26 12:48:28,20260926,8,6,5-2-4,269.6
2026-09-26 12:48:28,20260926,8,6,5-2-6,144.0
2026-09-26 12:48:28,20260926,8,6,5-3-1,553.4
2026-09-26 12:48:28,20260926,8,6,5-3-2,328.6
2026-09-26 12:48:28,20260926,8,6,5-3-4,500.7
2026-09-26 12:48:28,20260926,8,6,5-3-6,701.0
2026-09-26 12:48:28,20260926,8,6,5-4-1,169.6
2026-09-26 12:48:28,20260926,8,6,5-4-2,420.6
2026-09-26 12:48:28,20260926,8,6,5-4-3,657.2
2026-09-26 12:48:28,20260926,8,6,5-4-6,350.5
2026-09-26 12:48:28,20260926,8,6,5-6-1,128.2
2026-09-26 12:48:28,20260926,8,6,5-6-2,181.3
2026-09-26 12:48:28,20260926,8,6,5-6-3,553.4
2026-09-26 12:48:28,20260926,8,6,5-6-4,389.4
2026-09-26 12:48:28,20260926,8,6,6-1-2,22.0
2026-09-26 12:48:28,20260926,8,6,6-1-3,99.2
2026-09-26 12:48:28,20260926,8,6,6-1-4,116.8
2026-09-26 12:48:28,20260926,8,6,6-1-5,84.1
2026-09-26 12:48:28,20260926,8,6,6-2-1,25.9
2026-09-26 12:48:28,20260926,8,6,6-2-3,101.1
2026-09-26 12:48:28,20260926,8,6,6-2-4,133.1
2026-09-26 12:48:28,20260926,8,6,6-2-5,107.3
2026-09-26 12:48:28,20260926,8,6,6-3-1,269.6
2026-09-26 12:48:28,20260926,8,6,6-3-2,262.8
2026-09-26 12:48:28,20260926,8,6,6-3-4,389.4
2026-09-26 12:48:28,20260926,8,6,6-3-5,457.2
2026-09-26 12:48:28,20260926,8,6,6-4-1,166.9
2026-09-26 12:48:28,20260926,8,6,6-4-2,172.3
2026-09-26 12:48:28,20260926,8,6,6-4-3,420.6
2026-09-26 12:48:28,20260926,8,6,6-4-5,375.5
2026-09-26 12:48:28,20260926,8,6,6-5-1,113.0
2026-09-26 12:48:28,20260926,8,6,6-5-2,142.1
2026-09-26 12:48:28,20260926,8,6,6-5-3,420.6
2026-09-26 12:48:28,20260926,8,6,6-5-4,276.7
2026-09-26 12:48:39,20260926,18,10,1-2-3,5.8
2026-09-26 12:48:39,20260926,18,10,1-2-4,9.3
2026-09-26 12:48:39,20260926,18,10,1-2-5,6.8
2026-09-26 12:48:39,20260926,18,10,1-2-6,19.1
2026-09-26 12:48:39,20260926,18,10,1-3-2,11.8
2026-09-26 12:48:39,20260926,18,10,1-3-4,24.6
2026-09-26 12:48:39,20260926,18,10,1-3-5,15.6
2026-09-26 12:48:39,20260926,18,10,1-3-6,40.9
2026-09-26 12:48:39,20260926,18,10,1-4-2,21.2
2026-09-26 12:48:39,20260926,18,10,1-4-3,51.9
2026-09-26 12:48:39,20260926,18,10,1-4-5,36.3
2026-09-26 12:48:39,20260926,18,10,1-4-6,50.7
2026-09-26 12:48:39,20260926,18,10,1-5-2,12.0
2026-09-26 12:48:39,20260926,18,10,1-5-3,22.9
2026-09-26 12:48:39,20260926,18,10,1-5-4,39.0
2026-09-26 12:48:39,20260926,18,10,1-5-6,31.1
2026-09-26 12:48:39,20260926,18,10,1-6-2,61.9
2026-09-26 12:48:39,20260926,18,10,1-6-3,97.9
2026-09-26 12:48:39,20260926,18,10,1-6-4,139.8
2026-09-26 12:48:39,20260926,18,10,1-6-5,106.1
2026-09-26 12:48:39,20260926,18,10,2-1-3,58.6
2026-09-26 12:48:39,20260926,18,10,2-1-4,77.3
2026-09-26 12:48:39,20260926,18,10,2-1-5,34.6
2026-09-26 12:48:39,20260926,18,10,2-1-6,105.4
2026-09-26 12:48:39,20260926,18,10,2-3-1,142.2
2026-09-26 12:48:39,20260926,18,10,2-3-4,317.4
2026-09-26 12:48:39,20260926,18,10,2-3-5,252.0
2026-09-26 12:48:39,20260926,18,10,2-3-6,492.7
2026-09-26 12:48:39,20260926,18,10,2-4-1,152.1
2026-09-26 12:48:39,20260926,18,10,2-4-3,366.8
2026-09-26 12:48:39,20260926,18,10,2-4-5,407.5
2026-09-26 12:48:39,20260926,18,10,2-4-6,611.3
2026-09-26 12:48:39,20260926,18,10,2-5-1,123.1
2026-09-26 12:48:39,20260926,18,10,2-5-3,253.9
2026-09-26 12:48:39,20260926,18,10,2-5-4,478.4
2026-09-26 12:48:39,20260926,18,10,2-5-6,351.1
2026-09-26 12:48:39,20260926,18,10,2-6-1,333.4
2026-09-26 12:48:39,20260926,18,10,2-6-3,750.2
2026-09-26 12:48:39,20260926,18,10,2-6-4,917.0
2026-09-26 12:48:39,20260926,18,10,2-6-5,846.4
2026-09-26 12:48:39,20260926,18,10,3-1-2,133.6
2026-09-26 12:48:39,20260926,18,10,3-1-4,207.6
2026-09-26 12:48:39,20260926,18,10,3-1-5,141.6
2026-09-26 12:48:39,20260926,18,10,3-1-6,308.5
2026-09-26 12:48:39,20260926,18,10,3-2-1,203.7
2026-09-26 12:48:39,20260926,18,10,3-2-4,423.2
2026-09-26 12:48:39,20260926,18,10,3-2-5,333.4
2026-09-26 12:48:39,20260926,18,10,3-2-6,383.8
2026-09-26 12:48:39,20260926,18,10,3-4-1,428.7
2026-09-26 12:48:39,20260926,18,10,3-4-2,407.5
2026-09-26 12:48:39,20260926,18,10,3-4-5,805.1
2026-09-26 12:48:39,20260926,18,10,3-4-6,559.5
2026-09-26 12:48:39,20260926,18,10,3-5-1,235.8
2026-09-26 12:48:39,20260926,18,10,3-5-2,370.9
2026-09-26 12:48:39,20260926,18,10,3-5-4,1031.0
2026-09-26 12:48:39,20260926,18,10,3-5-6,733.6
2026-09-26 12:48:39,20260926,18,10,3-6-1,647.3
2026-09-26 12:48:39,20260926,18,10,3-6-2,750.2
2026-09-26 12:48:39,20260926,18,10,3-6-4,868.7
2026-09-26 12:48:39,20260926,18,10,3-6-5,1179.0
2026-09-26 12:48:39,20260926,18,10,4-1-2,202.5
2026-09-26 12:48:39,20260926,18,10,4-1-3,383.8
2026-09-26 12:48:39,20260926,18,10,4-1-5,242.7
2026-09-26 12:48:39,20260926,18,10,4-1-6,284.5
2026-09-26 12:48:39,20260926,18,10,4-2-1,277.4
2026-09-26 12:48:39,20260926,18,10,4-2-3,541.1
2026-09-26 12:48:39,20260926,18,10,4-2-5,500.1
2026-09-26 12:48:39,20260926,18,10,4-2-6,333.4
2026-09-26 12:48:39,20260926,18,10,4-3-1,733.6
2026-09-26 12:48:39,20260926,18,10,4-3-2,970.9
2026-09-26 12:48:39,20260926,18,10,4-3-5,1100.0
2026-09-26 12:48:39,20260926,18,10,4-3-6,943.2
2026-09-26 12:48:39,20260926,18,10,4-5-1,311.4
2026-09-26 12:48:39,20260926,18,10,4-5-2,428.7
2026-09-26 12:48:39,20260926,18,10,4-5-3,1000.0
2026-09-26 12:48:39,20260926,18,10,4-5-6,550.2
2026-09-26 12:48:39,20260926,18,10,4-6-1,1064.0
2026-09-26 12:48:39,20260926,18,10,4-6-2,846.4
2026-09-26 12:48:39,20260926,18,10,4-6-3,943.2
2026-09-26 12:48:39,20260926,18,10,4-6-5,1269.0
2026-09-26 12:48:39,20260926,18,10,5-1-2,94.5
2026-09-26 12:48:39,20260926,18,10,5-1-3,161.8
2026-09-26 12:48:39,20260926,18,10,5-1-4,244.5
2026-09-26 12:48:39,20260926,18,10,5-1-6,196.5
2026-09-26 12:48:39,20260926,18,10,5-2-1,132.0
2026-09-26 12:48:39,20260926,18,10,5-2-3,292.1
2026-09-26 12:48:39,20260926,18,10,5-2-4,423.2
2026-09-26 12:48:39,20260926,18,10,5-2-6,397.7
2026-09-26 12:48:39,20260926,18,10,5-3-1,268.3
2026-09-26 12:48:39,20260926,18,10,5-3-2,458.5
2026-09-26 12:48:39,20260926,18,10,5-3-4,1138.0
2026-09-26 12:48:39,20260926,18,10,5-3-6,1064.0
2026-09-26 12:48:39,20260926,18,10,5-4-1,314.4
2026-09-26 12:48:39,20260926,18,10,5-4-2,485.4
2026-09-26 12:48:39,20260926,18,10,5-4-3,943.2
2026-09-26 12:48:39,20260926,18,10,5-4-6,600.2
2026-09-26 12:48:39,20260926,18,10,5-6-1,446.1
2026-09-26 12:48:39,20260926,18,10,5-6-2,805.1
2026-09-26 12:48:39,20260926,18,10,5-6-3,1320.0
2026-09-26 12:48:39,20260926,18,10,5-6-4,1138.0
2026-09-26 12:48:39,20260926,18,10,6-1-2,366.8
2026-09-26 12:48:39,20260926,18,10,6-1-3,1000.0
2026-09-26 12:48:39,20260926,18,10,6-1-4,846.4
2026-09-26 12:48:39,20260926,18,10,6-1-5,702.3
2026-09-26 12:48:39,20260926,18,10,6-2-1,569.1
2026-09-26 12:48:39,20260926,18,10,6-2-3,1031.0
2026-09-26 12:48:39,20260926,18,10,6-2-4,1375.0
2026-09-26 12:48:39,20260926,18,10,6-2-5,970.9
2026-09-26 12:48:39,20260926,18,10,6-3-1,1269.0
2026-09-26 12:48:39,20260926,18,10,6-3-2,1737.0
2026-09-26 12:48:39,20260926,18,10,6-3-4,1500.0
2026-09-26 12:48:39,20260926,18,10,6-3-5,1138.0
2026-09-26 12:48:39,20260926,18,10,6-4-1,1375.0
2026-09-26 12:48:39,20260926,18,10,6-4-2,1375.0
2026-09-26 12:48:39,20260926,18,10,6-4-3,1834.0
2026-09-26 12:48:39,20260926,18,10,6-4-5,1500.0
2026-09-26 12:48:39,20260926,18,10,6-5-1,868.7
2026-09-26 12:48:39,20260926,18,10,6-5-2,943.2
2026-09-26 12:48:39,20260926,18,10,6-5-3,1500.0
2026-09-26 12:48:39,20260926,18,10,6-5-4,1435.0
2026-09-26 12:50:38,20260926,3,5,1-2-3,31.8
2026-09-26 12:50:38,20260926,3,5,1-2-4,28.1
2026-09-26 12:50:38,20260926,3,5,1-2-5,49.1
2026-09-26 12:50:38,20260926,3,5,1-2-6,69.5
2026-09-26 12:50:38,20260926,3,5,1-3-2,45.0
2026-09-26 12:50:38,20260926,3,5,1-3-4,84.8
2026-09-26 12:50:38,20260926,3,5,1-3-5,79.0
2026-09-26 12:50:38,20260926,3,5,1-3-6,134.4
2026-09-26 12:50:38,20260926,3,5,1-4-2,67.2
2026-09-26 12:50:38,20260926,3,5,1-4-3,146.6
2026-09-26 12:50:38,20260926,3,5,1-4-5,89.6
2026-09-26 12:50:38,20260926,3,5,1-4-6,122.1
2026-09-26 12:50:38,20260926,3,5,1-5-2,73.9
2026-09-26 12:50:38,20260926,3,5,1-5-3,97.1
2026-09-26 12:50:38,20260926,3,5,1-5-4,86.7
2026-09-26 12:50:38,20260926,3,5,1-5-6,116.8
2026-09-26 12:50:38,20260926,3,5,1-6-2,136.6
2026-09-26 12:50:38,20260926,3,5,1-6-3,175.3
2026-09-26 12:50:38,20260926,3,5,1-6-4,171.5
2026-09-26 12:50:38,20260926,3,5,1-6-5,212.2
2026-09-26 12:50:38,20260926,3,5,2-1-3,24.5
2026-09-26 12:50:38,20260926,3,5,2-1-4,20.4
2026-09-26 12:50:38,20260926,3,5,2-1-5,39.7
2026-09-26 12:50:38,20260926,3,5,2-1-6,87.6
2026-09-26 12:50:38,20260926,3,5,2-3-1,44.8
2026-09-26 12:50:38,20260926,3,5,2-3-4,24.0
2026-09-26 12:50:38,20260926,3,5,2-3-5,48.2
2026-09-26 12:50:38,20260926,3,5,2-3-6,116.8
2026-09-26 12:50:38,20260926,3,5,2-4-1,24.2
2026-09-26 12:50:38,20260926,3,5,2-4-3,19.7
2026-09-26 12:50:38,20260926,3,5,2-4-5,27.8
2026-09-26 12:50:38,20260926,3,5,2-4-6,32.5
2026-09-26 12:50:38,20260926,3,5,2-5-1,93.7
2026-09-26 12:50:38,20260926,3,5,2-5-3,69.5
2026-09-26 12:50:38,20260926,3,5,2-5-4,54.1
2026-09-26 12:50:38,20260926,3,5,2-5-6,102.0
2026-09-26 12:50:38,20260926,3,5,2-6-1,155.0
2026-09-26 12:50:38,20260926,3,5,2-6-3,155.0
2026-09-26 12:50:38,20260926,3,5,2-6-4,108.9
2026-09-26 12:50:38,20260926,3,5,2-6-5,158.1
2026-09-26 12:50:38,20260926,3,5,3-1-2,54.4
2026-09-26 12:50:38,20260926,3,5,3-1-4,72.0
2026-09-26 12:50:38,20260926,3,5,3-1-5,57.6
2026-09-26 12:50:38,20260926,3,5,3-1-6,168.0
2026-09-26 12:50:38,20260926,3,5,3-2-1,66.6
2026-09-26 12:50:38,20260926,3,5,3-2-4,47.7
2026-09-26 12:50:38,20260926,3,5,3-2-5,60.6
2026-09-26 12:50:38,20260926,3,5,3-2-6,99.5
2026-09-26 12:50:38,20260926,3,5,3-4-1,100.8
2026-09-26 12:50:38,20260926,3,5,3-4-2,63.5
2026-09-26 12:50:38,20260926,3,5,3-4-5,113.5
2026-09-26 12:50:38,20260926,3,5,3-4-6,128.0
2026-09-26 12:50:38,20260926,3,5,3-5-1,98.3
2026-09-26 12:50:38,20260926,3,5,3-5-2,72.0
2026-09-26 12:50:38,20260926,3,5,3-5-4,128.0
2026-09-26 12:50:38,20260926,3,5,3-5-6,149.3
2026-09-26 12:50:38,20260926,3,5,3-6-1,206.7
2026-09-26 12:50:38,20260926,3,5,3-6-2,171.5
2026-09-26 12:50:38,20260926,3,5,3-6-4,171.5
2026-09-26 12:50:38,20260926,3,5,3-6-5,244.3
2026-09-26 12:50:38,20260926,3,5,4-1-2,55.6
2026-09-26 12:50:38,20260926,3,5,4-1-3,118.5
2026-09-26 12:50:38,20260926,3,5,4-1-5,91.6
2026-09-26 12:50:38,20260926,3,5,4-1-6,196.7
2026-09-26 12:50:38,20260926,3,5,4-2-1,43.1
2026-09-26 12:50:38,20260926,3,5,4-2-3,47.4
2026-09-26 12:50:38,20260926,3,5,4-2-5,38.4
2026-09-26 12:50:38,20260926,3,5,4-2-6,64.0
2026-09-26 12:50:38,20260926,3,5,4-3-1,103.3
2026-09-26 12:50:38,20260926,3,5,4-3-2,86.7
2026-09-26 12:50:38,20260926,3,5,4-3-5,141.4
2026-09-26 12:50:38,20260926,3,5,4-3-6,201.6
2026-09-26 12:50:38,20260926,3,5,4-5-1,89.6
2026-09-26 12:50:38,20260926,3,5,4-5-2,65.5
2026-09-26 12:50:38,20260926,3,5,4-5-3,132.2
2026-09-26 12:50:38,20260926,3,5,4-5-6,100.8
2026-09-26 12:50:38,20260926,3,5,4-6-1,196.7
2026-09-26 12:50:38,20260926,3,5,4-6-2,108.9
2026-09-26 12:50:38,20260926,3,5,4-6-3,350.6
2026-09-26 12:50:38,20260926,3,5,4-6-5,224.0
2026-09-26 12:50:38,20260926,3,5,5-1-2,146.6
2026-09-26 12:50:38,20260926,3,5,5-1-3,126.0
2026-09-26 12:50:38,20260926,3,5,5-1-4,217.9
2026-09-26 12:50:38,20260926,3,5,5-1-6,116.8
2026-09-26 12:50:38,20260926,3,5,5-2-1,139.0
2026-09-26 12:50:38,20260926,3,5,5-2-3,136.6
2026-09-26 12:50:38,20260926,3,5,5-2-4,79.0
2026-09-26 12:50:38,20260926,3,5,5-2-6,155.0
2026-09-26 12:50:38,20260926,3,5,5-3-1,183.2
2026-09-26 12:50:38,20260926,3,5,5-3-2,164.5
2026-09-26 12:50:38,20260926,3,5,5-3-4,252.0
2026-09-26 12:50:38,20260926,3,5,5-3-6,310.1
2026-09-26 12:50:38,20260926,3,5,5-4-1,252.0
2026-09-26 12:50:38,20260926,3,5,5-4-2,161.2
2026-09-26 12:50:38,20260926,3,5,5-4-3,310.1
2026-09-26 12:50:38,20260926,3,5,5-4-6,201.6
2026-09-26 12:50:38,20260926,3,5,5-6-1,474.3
2026-09-26 12:50:38,20260926,3,5,5-6-2,268.8
2026-09-26 12:50:38,20260926,3,5,5-6-3,403.2
2026-09-26 12:50:38,20260926,3,5,5-6-4,298.6
2026-09-26 12:50:38,20260926,3,5,6-1-2,212.2
2026-09-26 12:50:38,20260926,3,5,6-1-3,336.0
2026-09-26 12:50:38,20260926,3,5,6-1-4,350.6
2026-09-26 12:50:38,20260926,3,5,6-1-5,537.6
2026-09-26 12:50:38,20260926,3,5,6-2-1,278.0
2026-09-26 12:50:38,20260926,3,5,6-2-3,322.5
2026-09-26 12:50:38,20260926,3,5,6-2-4,288.0
2026-09-26 12:50:38,20260926,3,5,6-2-5,336.0
2026-09-26 12:50:38,20260926,3,5,6-3-1,504.0
2026-09-26 12:50:38,20260926,3,5,6-3-2,620.3
2026-09-26 12:50:38,20260926,3,5,6-3-4,278.0
2026-09-26 12:50:38,20260926,3,5,6-3-5,1008.0
2026-09-26 12:50:38,20260926,3,5,6-4-1,424.4
2026-09-26 12:50:38,20260926,3,5,6-4-2,350.6
2026-09-26 12:50:38,20260926,3,5,6-4-3,504.0
2026-09-26 12:50:38,20260926,3,5,6-4-5,474.3
2026-09-26 12:50:38,20260926,3,5,6-5-1,448.0
2026-09-26 12:50:38,20260926,3,5,6-5-2,403.2
2026-09-26 12:50:38,20260926,3,5,6-5-3,672.0
2026-09-26 12:50:38,20260926,3,5,6-5-4,298.6
2026-09-26 12:52:54,20260926,5,5,1-2-3,15.1
2026-09-26 12:52:54,20260926,5,5,1-2-4,10.5
2026-09-26 12:52:54,20260926,5,5,1-2-5,37.7
2026-09-26 12:52:54,20260926,5,5,1-2-6,71.3
2026-09-26 12:52:54,20260926,5,5,1-3-2,31.0
2026-09-26 12:52:54,20260926,5,5,1-3-4,39.3
2026-09-26 12:52:54,20260926,5,5,1-3-5,108.5
2026-09-26 12:52:54,20260926,5,5,1-3-6,159.5
2026-09-26 12:52:54,20260926,5,5,1-4-2,12.4
2026-09-26 12:52:54,20260926,5,5,1-4-3,37.5
2026-09-26 12:52:54,20260926,5,5,1-4-5,36.1
2026-09-26 12:52:54,20260926,5,5,1-4-6,105.9
2026-09-26 12:52:54,20260926,5,5,1-5-2,69.0
2026-09-26 12:52:54,20260926,5,5,1-5-3,70.2
2026-09-26 12:52:54,20260926,5,5,1-5-4,120.7
2026-09-26 12:52:54,20260926,5,5,1-5-6,174.5
2026-09-26 12:52:54,20260926,5,5,1-6-2,148.5
2026-09-26 12:52:54,20260926,5,5,1-6-3,234.9
2026-09-26 12:52:54,20260926,5,5,1-6-4,179.4
2026-09-26 12:52:54,20260926,5,5,1-6-5,215.3
2026-09-26 12:52:54,20260926,5,5,2-1-3,27.7
2026-09-26 12:52:54,20260926,5,5,2-1-4,15.6
2026-09-26 12:52:54,20260926,5,5,2-1-5,48.3
2026-09-26 12:52:54,20260926,5,5,2-1-6,97.1
2026-09-26 12:52:54,20260926,5,5,2-3-1,45.4
2026-09-26 12:52:54,20260926,5,5,2-3-4,29.5
2026-09-26 12:52:54,20260926,5,5,2-3-5,89.1
2026-09-26 12:52:54,20260926,5,5,2-3-6,141.9
2026-09-26 12:52:54,20260926,5,5,2-4-1,20.8
2026-09-26 12:52:54,20260926,5,5,2-4-3,25.3
2026-09-26 12:52:54,20260926,5,5,2-4-5,51.6
2026-09-26 12:52:54,20260926,5,5,2-4-6,117.4
2026-09-26 12:52:54,20260926,5,5,2-5-1,161.5
2026-09-26 12:52:54,20260926,5,5,2-5-3,161.5
2026-09-26 12:52:54,20260926,5,5,2-5-4,192.8
2026-09-26 12:52:54,20260926,5,5,2-5-6,230.7
2026-09-26 12:52:54,20260926,5,5,2-6-1,315.1
2026-09-26 12:52:54,20260926,5,5,2-6-3,287.1
2026-09-26 12:52:54,20260926,5,5,2-6-4,380.0
2026-09-26 12:52:54,20260926,5,5,2-6-5,323.0
2026-09-26 12:52:54,20260926,5,5,3-1-2,87.8
2026-09-26 12:52:54,20260926,5,5,3-1-4,94.3
2026-09-26 12:52:54,20260926,5,5,3-1-5,127.9
2026-09-26 12:52:54,20260926,5,5,3-1-6,293.6
2026-09-26 12:52:54,20260926,5,5,3-2-1,90.9
2026-09-26 12:52:54,20260926,5,5,3-2-4,48.0
2026-09-26 12:52:54,20260926,5,5,3-2-5,116.3
2026-09-26 12:52:54,20260926,5,5,3-2-6,163.5
2026-09-26 12:52:54,20260926,5,5,3-4-1,127.9
2026-09-26 12:52:54,20260926,5,5,3-4-2,65.9
2026-09-26 12:52:54,20260926,5,5,3-4-5,172.2
2026-09-26 12:52:54,20260926,5,5,3-4-6,239.2
2026-09-26 12:52:54,20260926,5,5,3-5-1,263.6
2026-09-26 12:52:54,20260926,5,5,3-5-2,143.5
2026-09-26 12:52:54,20260926,5,5,3-5-4,253.3
2026-09-26 12:52:54,20260926,5,5,3-5-6,349.1
2026-09-26 12:52:54,20260926,5,5,3-6-1,478.5
2026-09-26 12:52:54,20260926,5,5,3-6-2,315.1
2026-09-26 12:52:54,20260926,5,5,3-6-4,380.0
2026-09-26 12:52:54,20260926,5,5,3-6-5,478.5
2026-09-26 12:52:54,20260926,5,5,4-1-2,18.6
2026-09-26 12:52:54,20260926,5,5,4-1-3,66.5
2026-09-26 12:52:54,20260926,5,5,4-1-5,37.8
2026-09-26 12:52:54,20260926,5,5,4-1-6,157.5
2026-09-26 12:52:54,20260926,5,5,4-2-1,29.3
2026-09-26 12:52:54,20260926,5,5,4-2-3,45.9
2026-09-26 12:52:54,20260926,5,5,4-2-5,64.2
2026-09-26 12:52:54,20260926,5,5,4-2-6,126.6
2026-09-26 12:52:54,20260926,5,5,4-3-1,117.4
2026-09-26 12:52:54,20260926,5,5,4-3-2,72.9
2026-09-26 12:52:54,20260926,5,5,4-3-5,140.4
2026-09-26 12:52:54,20260926,5,5,4-3-6,174.5
2026-09-26 12:52:54,20260926,5,5,4-5-1,107.6
2026-09-26 12:52:54,20260926,5,5,4-5-2,105.9
2026-09-26 12:52:54,20260926,5,5,4-5-3,145.1
2026-09-26 12:52:54,20260926,5,5,4-5-6,226.6
2026-09-26 12:52:54,20260926,5,5,4-6-1,253.3
2026-09-26 12:52:54,20260926,5,5,4-6-2,161.5
2026-09-26 12:52:54,20260926,5,5,4-6-3,369.1
2026-09-26 12:52:54,20260926,5,5,4-6-5,331.2
2026-09-26 12:52:54,20260926,5,5,5-1-2,218.9
2026-09-26 12:52:54,20260926,5,5,5-1-3,208.3
2026-09-26 12:52:54,20260926,5,5,5-1-4,218.9
2026-09-26 12:52:54,20260926,5,5,5-1-6,380.0
2026-09-26 12:52:54,20260926,5,5,5-2-1,287.1
2026-09-26 12:52:54,20260926,5,5,5-2-3,211.8
2026-09-26 12:52:54,20260926,5,5,5-2-4,215.3
2026-09-26 12:52:54,20260926,5,5,5-2-6,358.8
2026-09-26 12:52:54,20260926,5,5,5-3-1,403.7
2026-09-26 12:52:54,20260926,5,5,5-3-2,253.3
2026-09-26 12:52:54,20260926,5,5,5-3-4,430.6
2026-09-26 12:52:54,20260926,5,5,5-3-6,293.6
2026-09-26 12:52:54,20260926,5,5,5-4-1,380.0
2026-09-26 12:52:54,20260926,5,5,5-4-2,331.2
2026-09-26 12:52:54,20260926,5,5,5-4-3,461.4
2026-09-26 12:52:54,20260926,5,5,5-4-6,416.7
2026-09-26 12:52:54,20260926,5,5,5-6-1,1174.0
2026-09-26 12:52:54,20260926,5,5,5-6-2,516.8
2026-09-26 12:52:54,20260926,5,5,5-6-3,717.7
2026-09-26 12:52:54,20260926,5,5,5-6-4,807.5
2026-09-26 12:52:54,20260926,5,5,6-1-2,445.5
2026-09-26 12:52:54,20260926,5,5,6-1-3,760.0
2026-09-26 12:52:54,20260926,5,5,6-1-4,615.2
2026-09-26 12:52:54,20260926,5,5,6-1-5,993.8
2026-09-26 12:52:54,20260926,5,5,6-2-1,340.0
2026-09-26 12:52:54,20260926,5,5,6-2-3,340.0
2026-09-26 12:52:54,20260926,5,5,6-2-4,380.0
2026-09-26 12:52:54,20260926,5,5,6-2-5,391.5
2026-09-26 12:52:54,20260926,5,5,6-3-1,1076.0
2026-09-26 12:52:54,20260926,5,5,6-3-2,538.3
2026-09-26 12:52:54,20260926,5,5,6-3-4,922.8
2026-09-26 12:52:54,20260926,5,5,6-3-5,430.6
2026-09-26 12:52:54,20260926,5,5,6-4-1,993.8
2026-09-26 12:52:54,20260926,5,5,6-4-2,538.3
2026-09-26 12:52:54,20260926,5,5,6-4-3,861.3
2026-09-26 12:52:54,20260926,5,5,6-4-5,922.8
2026-09-26 12:52:54,20260926,5,5,6-5-1,993.8
2026-09-26 12:52:54,20260926,5,5,6-5-2,496.9
2026-09-26 12:52:54,20260926,5,5,6-5-3,646.0
2026-09-26 12:52:54,20260926,5,5,6-5-4,760.0
2026-09-26 12:56:36,20260926,22,4,1-2-3,20.4
2026-09-26 12:56:36,20260926,22,4,1-2-4,29.3
2026-09-26 12:56:36,20260926,22,4,1-2-5,26.9
2026-09-26 12:56:36,20260926,22,4,1-2-6,21.0
2026-09-26 12:56:36,20260926,22,4,1-3-2,30.0
2026-09-26 12:56:36,20260926,22,4,1-3-4,27.4
2026-09-26 12:56:36,20260926,22,4,1-3-5,50.9
2026-09-26 12:56:36,20260926,22,4,1-3-6,42.8
2026-09-26 12:56:36,20260926,22,4,1-4-2,61.4
2026-09-26 12:56:36,20260926,22,4,1-4-3,69.9
2026-09-26 12:56:36,20260926,22,4,1-4-5,55.8
2026-09-26 12:56:36,20260926,22,4,1-4-6,31.5
2026-09-26 12:56:36,20260926,22,4,1-5-2,40.5
2026-09-26 12:56:36,20260926,22,4,1-5-3,60.1
2026-09-26 12:56:36,20260926,22,4,1-5-4,54.7
2026-09-26 12:56:36,20260926,22,4,1-5-6,15.9
2026-09-26 12:56:36,20260926,22,4,1-6-2,23.5
2026-09-26 12:56:36,20260926,22,4,1-6-3,43.0
2026-09-26 12:56:36,20260926,22,4,1-6-4,31.5
2026-09-26 12:56:36,20260926,22,4,1-6-5,17.3
2026-09-26 12:56:36,20260926,22,4,2-1-3,119.4
2026-09-26 12:56:36,20260926,22,4,2-1-4,75.4
2026-09-26 12:56:36,20260926,22,4,2-1-5,74.1
2026-09-26 12:56:36,20260926,22,4,2-1-6,73.5
2026-09-26 12:56:36,20260926,22,4,2-3-1,162.3
2026-09-26 12:56:36,20260926,22,4,2-3-4,92.5
2026-09-26 12:56:36,20260926,22,4,2-3-5,172.0
2026-09-26 12:56:36,20260926,22,4,2-3-6,128.4
2026-09-26 12:56:36,20260926,22,4,2-4-1,150.9
2026-09-26 12:56:36,20260926,22,4,2-4-3,168.6
2026-09-26 12:56:36,20260926,22,4,2-4-5,204.8
2026-09-26 12:56:36,20260926,22,4,2-4-6,95.5
2026-09-26 12:56:36,20260926,22,4,2-5-1,98.8
2026-09-26 12:56:36,20260926,22,4,2-5-3,168.6
2026-09-26 12:56:36,20260926,22,4,2-5-4,183.0
2026-09-26 12:56:36,20260926,22,4,2-5-6,114.7
2026-09-26 12:56:36,20260926,22,4,2-6-1,84.3
2026-09-26 12:56:36,20260926,22,4,2-6-3,183.0
2026-09-26 12:56:36,20260926,22,4,2-6-4,91.5
2026-09-26 12:56:36,20260926,22,4,2-6-5,126.5
2026-09-26 12:56:36,20260926,22,4,3-1-2,107.5
2026-09-26 12:56:36,20260926,22,4,3-1-4,49.1
2026-09-26 12:56:36,20260926,22,4,3-1-5,68.2
2026-09-26 12:56:36,20260926,22,4,3-1-6,49.7
2026-09-26 12:56:36,20260926,22,4,3-2-1,168.6
2026-09-26 12:56:36,20260926,22,4,3-2-4,98.8
2026-09-26 12:56:36,20260926,22,4,3-2-5,159.3
2026-09-26 12:56:36,20260926,22,4,3-2-6,162.3
2026-09-26 12:56:36,20260926,22,4,3-4-1,253.0
2026-09-26 12:56:36,20260926,22,4,3-4-2,130.3
2026-09-26 12:56:36,20260926,22,4,3-4-5,268.8
2026-09-26 12:56:36,20260926,22,4,3-4-6,238.9
2026-09-26 12:56:36,20260926,22,4,3-5-1,253.0
2026-09-26 12:56:36,20260926,22,4,3-5-2,183.0
2026-09-26 12:56:36,20260926,22,4,3-5-4,374.0
2026-09-26 12:56:36,20260926,22,4,3-5-6,204.8
2026-09-26 12:56:36,20260926,22,4,3-6-1,238.9
2026-09-26 12:56:36,20260926,22,4,3-6-2,344.1
2026-09-26 12:56:36,20260926,22,4,3-6-4,286.7
2026-09-26 12:56:36,20260926,22,4,3-6-5,245.8
2026-09-26 12:56:36,20260926,22,4,4-1-2,179.2
2026-09-26 12:56:36,20260926,22,4,4-1-3,209.8
2026-09-26 12:56:36,20260926,22,4,4-1-5,168.6
2026-09-26 12:56:36,20260926,22,4,4-1-6,126.5
2026-09-26 12:56:36,20260926,22,4,4-2-1,268.8
2026-09-26 12:56:36,20260926,22,4,4-2-3,226.4
2026-09-26 12:56:36,20260926,22,4,4-2-5,268.8
2026-09-26 12:56:36,20260926,22,4,4-2-6,358.4
2026-09-26 12:56:36,20260926,22,4,4-3-1,268.8
2026-09-26 12:56:36,20260926,22,4,4-3-2,260.7
2026-09-26 12:56:36,20260926,22,4,4-3-5,506.0
2026-09-26 12:56:36,20260926,22,4,4-3-6,344.1
2026-09-26 12:56:36,20260926,22,4,4-5-1,191.1
2026-09-26 12:56:36,20260926,22,4,4-5-2,318.6
2026-09-26 12:56:36,20260926,22,4,4-5-3,344.1
2026-09-26 12:56:36,20260926,22,4,4-5-6,117.8
2026-09-26 12:56:36,20260926,22,4,4-6-1,121.1
2026-09-26 12:56:36,20260926,22,4,4-6-2,232.5
2026-09-26 12:56:36,20260926,22,4,4-6-3,374.0
2026-09-26 12:56:36,20260926,22,4,4-6-5,156.4
2026-09-26 12:56:36,20260926,22,4,5-1-2,95.5
2026-09-26 12:56:36,20260926,22,4,5-1-3,143.3
2026-09-26 12:56:36,20260926,22,4,5-1-4,100.0
2026-09-26 12:56:36,20260926,22,4,5-1-6,44.3
2026-09-26 12:56:36,20260926,22,4,5-2-1,195.5
2026-09-26 12:56:36,20260926,22,4,5-2-3,344.1
2026-09-26 12:56:36,20260926,22,4,5-2-4,318.6
2026-09-26 12:56:36,20260926,22,4,5-2-6,187.0
2026-09-26 12:56:36,20260926,22,4,5-3-1,238.9
2026-09-26 12:56:36,20260926,22,4,5-3-2,430.1
2026-09-26 12:56:36,20260926,22,4,5-3-4,955.9
2026-09-26 12:56:36,20260926,22,4,5-3-6,409.6
2026-09-26 12:56:36,20260926,22,4,5-4-1,253.0
2026-09-26 12:56:36,20260926,22,4,5-4-2,260.7
2026-09-26 12:56:36,20260926,22,4,5-4-3,782.1
2026-09-26 12:56:36,20260926,22,4,5-4-6,175.5
2026-09-26 12:56:36,20260926,22,4,5-6-1,48.0
2026-09-26 12:56:36,20260926,22,4,5-6-2,168.6
2026-09-26 12:56:36,20260926,22,4,5-6-3,286.7
2026-09-26 12:56:36,20260926,22,4,5-6-4,195.5
2026-09-26 12:56:36,20260926,22,4,6-1-2,47.7
2026-09-26 12:56:36,20260926,22,4,6-1-3,92.5
2026-09-26 12:56:36,20260926,22,4,6-1-4,93.5
2026-09-26 12:56:36,20260926,22,4,6-1-5,33.8
2026-09-26 12:56:36,20260926,22,4,6-2-1,128.4
2026-09-26 12:56:36,20260926,22,4,6-2-3,391.0
2026-09-26 12:56:36,20260926,22,4,6-2-4,330.8
2026-09-26 12:56:36,20260926,22,4,6-2-5,226.4
2026-09-26 12:56:36,20260926,22,4,6-3-1,187.0
2026-09-26 12:56:36,20260926,22,4,6-3-2,452.8
2026-09-26 12:56:36,20260926,22,4,6-3-4,537.7
2026-09-26 12:56:36,20260926,22,4,6-3-5,238.9
2026-09-26 12:56:36,20260926,22,4,6-4-1,141.0
2026-09-26 12:56:36,20260926,22,4,6-4-2,374.0
2026-09-26 12:56:36,20260926,22,4,6-4-3,573.5
2026-09-26 12:56:36,20260926,22,4,6-4-5,220.5
2026-09-26 12:56:36,20260926,22,4,6-5-1,47.0
2026-09-26 12:56:36,20260926,22,4,6-5-2,187.0
2026-09-26 12:56:36,20260926,22,4,6-5-3,245.8
2026-09-26 12:56:36,20260926,22,4,6-5-4,108.9
2026-09-26 13:02:18,20260926,2,6,1-2-3,63.2
2026-09-26 13:02:18,20260926,2,6,1-2-4,89.3
2026-09-26 13:02:18,20260926,2,6,1-2-5,73.6
2026-09-26 13:02:18,20260926,2,6,1-2-6,105.3
2026-09-26 13:02:18,20260926,2,6,1-3-2,83.4
2026-09-26 13:02:18,20260926,2,6,1-3-4,124.8
2026-09-26 13:02:18,20260926,2,6,1-3-5,42.7
2026-09-26 13:02:18,20260926,2,6,1-3-6,48.2
2026-09-26 13:02:18,20260926,2,6,1-4-2,129.1
2026-09-26 13:02:18,20260926,2,6,1-4-3,171.3
2026-09-26 13:02:18,20260926,2,6,1-4-5,138.5
2026-09-26 13:02:18,20260926,2,6,1-4-6,129.1
2026-09-26 13:02:18,20260926,2,6,1-5-2,95.1
2026-09-26 13:02:18,20260926,2,6,1-5-3,68.0
2026-09-26 13:02:18,20260926,2,6,1-5-4,165.3
2026-09-26 13:02:18,20260926,2,6,1-5-6,55.1
2026-09-26 13:02:18,20260926,2,6,1-6-2,152.0
2026-09-26 13:02:18,20260926,2,6,1-6-3,72.2
2026-09-26 13:02:18,20260926,2,6,1-6-4,183.0
2026-09-26 13:02:18,20260926,2,6,1-6-5,64.7
2026-09-26 13:02:18,20260926,2,6,2-1-3,100.7
2026-09-26 13:02:18,20260926,2,6,2-1-4,138.5
2026-09-26 13:02:18,20260926,2,6,2-1-5,120.0
2026-09-26 13:02:18,20260926,2,6,2-1-6,157.0
2026-09-26 13:02:18,20260926,2,6,2-3-1,104.7
2026-09-26 13:02:18,20260926,2,6,2-3-4,129.1
2026-09-26 13:02:18,20260926,2,6,2-3-5,48.5
2026-09-26 13:02:18,20260926,2,6,2-3-6,63.6
2026-09-26 13:02:18,20260926,2,6,2-4-1,254.7
2026-09-26 13:02:18,20260926,2,6,2-4-3,202.6
2026-09-26 13:02:18,20260926,2,6,2-4-5,229.8
2026-09-26 13:02:18,20260926,2,6,2-4-6,146.1
2026-09-26 13:02:18,20260926,2,6,2-5-1,116.3
2026-09-26 13:02:18,20260926,2,6,2-5-3,63.0
2026-09-26 13:02:18,20260926,2,6,2-5-4,198.4
2026-09-26 13:02:18,20260926,2,6,2-5-6,83.0
2026-09-26 13:02:18,20260926,2,6,2-6-1,258.2
2026-09-26 13:02:18,20260926,2,6,2-6-3,110.2
2026-09-26 13:02:18,20260926,2,6,2-6-4,254.7
2026-09-26 13:02:18,20260926,2,6,2-6-5,124.0
2026-09-26 13:02:18,20260926,2,6,3-1-2,87.2
2026-09-26 13:02:18,20260926,2,6,3-1-4,141.7
2026-09-26 13:02:18,20260926,2,6,3-1-5,38.9
2026-09-26 13:02:18,20260926,2,6,3-1-6,54.6
2026-09-26 13:02:18,20260926,2,6,3-2-1,101.3
2026-09-26 13:02:18,20260926,2,6,3-2-4,89.3
2026-09-26 13:02:18,20260926,2,6,3-2-5,37.1
2026-09-26 13:02:18,20260926,2,6,3-2-6,48.5
2026-09-26 13:02:18,20260926,2,6,3-4-1,209.4
2026-09-26 13:02:18,20260926,2,6,3-4-2,101.3
2026-09-26 13:02:18,20260926,2,6,3-4-5,143.8
2026-09-26 13:02:18,20260926,2,6,3-4-6,73.6
2026-09-26 13:02:18,20260926,2,6,3-5-1,40.7
2026-09-26 13:02:18,20260926,2,6,3-5-2,37.5
2026-09-26 13:02:18,20260926,2,6,3-5-4,112.1
2026-09-26 13:02:18,20260926,2,6,3-5-6,16.7
2026-09-26 13:02:18,20260926,2,6,3-6-1,53.2
2026-09-26 13:02:18,20260926,2,6,3-6-2,63.6
2026-09-26 13:02:18,20260926,2,6,3-6-4,95.1
2026-09-26 13:02:18,20260926,2,6,3-6-5,21.3
2026-09-26 13:02:18,20260926,2,6,4-1-2,184.7
2026-09-26 13:02:18,20260926,2,6,4-1-3,146.1
2026-09-26 13:02:18,20260926,2,6,4-1-5,141.7
2026-09-26 13:02:18,20260926,2,6,4-1-6,251.3
2026-09-26 13:02:18,20260926,2,6,4-2-1,277.1
2026-09-26 13:02:18,20260926,2,6,4-2-3,188.4
2026-09-26 13:02:18,20260926,2,6,4-2-5,190.3
2026-09-26 13:02:18,20260926,2,6,4-2-6,265.4
2026-09-26 13:02:18,20260926,2,6,4-3-1,224.3
2026-09-26 13:02:18,20260926,2,6,4-3-2,289.9
2026-09-26 13:02:18,20260926,2,6,4-3-5,148.4
2026-09-26 13:02:18,20260926,2,6,4-3-6,204.8
2026-09-26 13:02:18,20260926,2,6,4-5-1,132.7
2026-09-26 13:02:18,20260926,2,6,4-5-2,211.7
2026-09-26 13:02:18,20260926,2,6,4-5-3,224.3
2026-09-26 13:02:18,20260926,2,6,4-5-6,144.9
2026-09-26 13:02:18,20260926,2,6,4-6-1,221.7
2026-09-26 13:02:18,20260926,2,6,4-6-2,254.7
2026-09-26 13:02:18,20260926,2,6,4-6-3,238.5
2026-09-26 13:02:18,20260926,2,6,4-6-5,181.2
2026-09-26 13:02:18,20260926,2,6,5-1-2,139.6
2026-09-26 13:02:18,20260926,2,6,5-1-3,81.9
2026-09-26 13:02:18,20260926,2,6,5-1-4,227.0
2026-09-26 13:02:18,20260926,2,6,5-1-6,66.6
2026-09-26 13:02:18,20260926,2,6,5-2-1,152.0
2026-09-26 13:02:18,20260926,2,6,5-2-3,86.8
2026-09-26 13:02:18,20260926,2,6,5-2-4,186.6
2026-09-26 13:02:18,20260926,2,6,5-2-6,83.0
2026-09-26 13:02:18,20260926,2,6,5-3-1,60.4
2026-09-26 13:02:18,20260926,2,6,5-3-2,72.4
2026-09-26 13:02:18,20260926,2,6,5-3-4,188.4
2026-09-26 13:02:18,20260926,2,6,5-3-6,24.8
2026-09-26 13:02:18,20260926,2,6,5-4-1,202.6
2026-09-26 13:02:18,20260926,2,6,5-4-2,216.6
2026-09-26 13:02:18,20260926,2,6,5-4-3,241.6
2026-09-26 13:02:18,20260926,2,6,5-4-6,137.5
2026-09-26 13:02:18,20260926,2,6,5-6-1,47.7
2026-09-26 13:02:18,20260926,2,6,5-6-2,66.3
2026-09-26 13:02:18,20260926,2,6,5-6-3,24.8
2026-09-26 13:02:18,20260926,2,6,5-6-4,108.9
2026-09-26 13:02:18,20260926,2,6,6-1-2,179.5
2026-09-26 13:02:18,20260926,2,6,6-1-3,119.2
2026-09-26 13:02:18,20260926,2,6,6-1-4,248.0
2026-09-26 13:02:18,20260926,2,6,6-1-5,120.0
2026-09-26 13:02:18,20260926,2,6,6-2-1,241.6
2026-09-26 13:02:18,20260926,2,6,6-2-3,99.2
2026-09-26 13:02:18,20260926,2,6,6-2-4,319.4
2026-09-26 13:02:18,20260926,2,6,6-2-5,148.4
2026-09-26 13:02:18,20260926,2,6,6-3-1,114.2
2026-09-26 13:02:18,20260926,2,6,6-3-2,87.2
2026-09-26 13:02:18,20260926,2,6,6-3-4,149.5
2026-09-26 13:02:18,20260926,2,6,6-3-5,32.9
2026-09-26 13:02:18,20260926,2,6,6-4-1,336.5
2026-09-26 13:02:18,20260926,2,6,6-4-2,261.7
2026-09-26 13:02:18,20260926,2,6,6-4-3,227.0
2026-09-26 13:02:18,20260926,2,6,6-4-5,194.3
2026-09-26 13:02:18,20260926,2,6,6-5-1,59.0
2026-09-26 13:02:18,20260926,2,6,6-5-2,87.6
2026-09-26 13:02:18,20260926,2,6,6-5-3,31.6
2026-09-26 13:02:18,20260926,2,6,6-5-4,141.7
2026-09-26 13:04:08,20260926,21,10,1-2-3,8.2
2026-09-26 13:04:08,20260926,21,10,1-2-4,13.8
2026-09-26 13:04:08,20260926,21,10,1-2-5,8.4
2026-09-26 13:04:08,20260926,21,10,1-2-6,5.8
2026-09-26 13:04:08,20260926,21,10,1-3-2,36.4
2026-09-26 13:04:08,20260926,21,10,1-3-4,153.3
2026-09-26 13:04:08,20260926,21,10,1-3-5,119.9
2026-09-26 13:04:08,20260926,21,10,1-3-6,79.2
2026-09-26 13:04:08,20260926,21,10,1-4-2,57.3
2026-09-26 13:04:08,20260926,21,10,1-4-3,217.3
2026-09-26 13:04:08,20260926,21,10,1-4-5,211.2
2026-09-26 13:04:08,20260926,21,10,1-4-6,165.4
2026-09-26 13:04:08,20260926,21,10,1-5-2,47.2
2026-09-26 13:04:08,20260926,21,10,1-5-3,153.3
2026-09-26 13:04:08,20260926,21,10,1-5-4,228.8
2026-09-26 13:04:08,20260926,21,10,1-5-6,108.6
2026-09-26 13:04:08,20260926,21,10,1-6-2,27.2
2026-09-26 13:04:08,20260926,21,10,1-6-3,103.5
2026-09-26 13:04:08,20260926,21,10,1-6-4,157.0
2026-09-26 13:04:08,20260926,21,10,1-6-5,112.9
2026-09-26 13:04:08,20260926,21,10,2-1-3,14.1
2026-09-26 13:04:08,20260926,21,10,2-1-4,19.8
2026-09-26 13:04:08,20260926,21,10,2-1-5,12.9
2026-09-26 13:04:08,20260926,21,10,2-1-6,8.4
2026-09-26 13:04:08,20260926,21,10,2-3-1,53.8
2026-09-26 13:04:08,20260926,21,10,2-3-4,205.1
2026-09-26 13:04:08,20260926,21,10,2-3-5,180.4
2026-09-26 13:04:08,20260926,21,10,2-3-6,111.3
2026-09-26 13:04:08,20260926,21,10,2-4-1,90.6
2026-09-26 13:04:08,20260926,21,10,2-4-3,308.6
2026-09-26 13:04:08,20260926,21,10,2-4-5,283.1
2026-09-26 13:04:08,20260926,21,10,2-4-6,150.1
2026-09-26 13:04:08,20260926,21,10,2-5-1,62.0
2026-09-26 13:04:08,20260926,21,10,2-5-3,222.1
2026-09-26 13:04:08,20260926,21,10,2-5-4,294.9
2026-09-26 13:04:08,20260926,21,10,2-5-6,102.8
2026-09-26 13:04:08,20260926,21,10,2-6-1,28.8
2026-09-26 13:04:08,20260926,21,10,2-6-3,129.8
2026-09-26 13:04:08,20260926,21,10,2-6-4,140.9
2026-09-26 13:04:08,20260926,21,10,2-6-5,100.8
2026-09-26 13:04:08,20260926,21,10,3-1-2,95.5
2026-09-26 13:04:08,20260926,21,10,3-1-4,286.3
2026-09-26 13:04:08,20260926,21,10,3-1-5,239.9
2026-09-26 13:04:08,20260926,21,10,3-1-6,262.1
2026-09-26 13:04:08,20260926,21,10,3-2-1,120.2
2026-09-26 13:04:08,20260926,21,10,3-2-4,303.0
2026-09-26 13:04:08,20260926,21,10,3-2-5,281.5
2026-09-26 13:04:08,20260926,21,10,3-2-6,307.7
2026-09-26 13:04:08,20260926,21,10,3-4-1,734.0
2026-09-26 13:04:08,20260926,21,10,3-4-2,582.8
2026-09-26 13:04:08,20260926,21,10,3-4-5,683.3
2026-09-26 13:04:08,20260926,21,10,3-4-6,854.2
2026-09-26 13:04:08,20260926,21,10,3-5-1,456.6
2026-09-26 13:04:08,20260926,21,10,3-5-2,337.0
2026-09-26 13:04:08,20260926,21,10,3-5-4,718.0
2026-09-26 13:04:08,20260926,21,10,3-5-6,780.2
2026-09-26 13:04:08,20260926,21,10,3-6-1,544.4
2026-09-26 13:04:08,20260926,21,10,3-6-2,463.0
2026-09-26 13:04:08,20260926,21,10,3-6-4,1223.0
2026-09-26 13:04:08,20260926,21,10,3-6-5,990.9
2026-09-26 13:04:08,20260926,21,10,4-1-2,231.5
2026-09-26 13:04:08,20260926,21,10,4-1-3,559.8
2026-09-26 13:04:08,20260926,21,10,4-1-5,352.6
2026-09-26 13:04:08,20260926,21,10,4-1-6,516.1
2026-09-26 13:04:08,20260926,21,10,4-2-1,274.4
2026-09-26 13:04:08,20260926,21,10,4-2-3,712.8
2026-09-26 13:04:08,20260926,21,10,4-2-5,615.4
2026-09-26 13:04:08,20260926,21,10,4-2-6,452.4
2026-09-26 13:04:08,20260926,21,10,4-3-1,1021.0
2026-09-26 13:04:08,20260926,21,10,4-3-2,926.0
2026-09-26 13:04:08,20260926,21,10,4-3-5,917.5
2026-09-26 13:04:08,20260926,21,10,4-3-6,1077.0
2026-09-26 13:04:08,20260926,21,10,4-5-1,593.3
2026-09-26 13:04:08,20260926,21,10,4-5-2,553.5
2026-09-26 13:04:08,20260926,21,10,4-5-3,799.1
2026-09-26 13:04:08,20260926,21,10,4-5-6,756.4
2026-09-26 13:04:08,20260926,21,10,4-6-1,697.8
2026-09-26 13:04:08,20260926,21,10,4-6-2,569.4
2026-09-26 13:04:08,20260926,21,10,4-6-3,1415.0
2026-09-26 13:04:08,20260926,21,10,4-6-5,1254.0
2026-09-26 13:04:08,20260926,21,10,5-1-2,149.6
2026-09-26 13:04:08,20260926,21,10,5-1-3,411.1
2026-09-26 13:04:08,20260926,21,10,5-1-4,600.5
2026-09-26 13:04:08,20260926,21,10,5-1-6,309.6
2026-09-26 13:04:08,20260926,21,10,5-2-1,173.8
2026-09-26 13:04:08,20260926,21,10,5-2-3,467.4
2026-09-26 13:04:08,20260926,21,10,5-2-4,669.5
2026-09-26 13:04:08,20260926,21,10,5-2-6,302.1
2026-09-26 13:04:08,20260926,21,10,5-3-1,619.3
2026-09-26 13:04:08,20260926,21,10,5-3-2,547.4
2026-09-26 13:04:08,20260926,21,10,5-3-4,934.8
2026-09-26 13:04:08,20260926,21,10,5-3-6,1339.0
2026-09-26 13:04:08,20260926,21,10,5-4-1,943.7
2026-09-26 13:04:08,20260926,21,10,5-4-2,1043.0
2026-09-26 13:04:08,20260926,21,10,5-4-3,1000.0
2026-09-26 13:04:08,20260926,21,10,5-4-6,1208.0
2026-09-26 13:04:08,20260926,21,10,5-6-1,547.4
2026-09-26 13:04:08,20260926,21,10,5-6-2,427.1
2026-09-26 13:04:08,20260926,21,10,5-6-3,1286.0
2026-09-26 13:04:08,20260926,21,10,5-6-4,1738.0
2026-09-26 13:04:08,20260926,21,10,6-1-2,71.1
2026-09-26 13:04:08,20260926,21,10,6-1-3,390.1
2026-09-26 13:04:08,20260926,21,10,6-1-4,619.3
2026-09-26 13:04:08,20260926,21,10,6-1-5,412.8
2026-09-26 13:04:08,20260926,21,10,6-2-1,76.8
2026-09-26 13:04:08,20260926,21,10,6-2-3,444.3
2026-09-26 13:04:08,20260926,21,10,6-2-4,483.3
2026-09-26 13:04:08,20260926,21,10,6-2-5,337.0
2026-09-26 13:04:08,20260926,21,10,6-3-1,674.0
2026-09-26 13:04:08,20260926,21,10,6-3-2,678.7
2026-09-26 13:04:08,20260926,21,10,6-3-4,1376.0
2026-09-26 13:04:08,20260926,21,10,6-3-5,1598.0
2026-09-26 13:04:08,20260926,21,10,6-4-1,1436.0
2026-09-26 13:04:08,20260926,21,10,6-4-2,854.2
2026-09-26 13:04:08,20260926,21,10,6-4-3,1679.0
2026-09-26 13:04:08,20260926,21,10,6-4-5,2108.0
2026-09-26 13:04:08,20260926,21,10,6-5-1,723.3
2026-09-26 13:04:08,20260926,21,10,6-5-2,532.7
2026-09-26 13:04:08,20260926,21,10,6-5-3,1572.0
2026-09-26 13:04:08,20260926,21,10,6-5-4,1738.0
2026-09-26 13:10:49,20260926,13,7,1-2-3,42.9
2026-09-26 13:10:49,20260926,13,7,1-2-4,24.0
2026-09-26 13:10:49,20260926,13,7,1-2-5,41.2
2026-09-26 13:10:49,20260926,13,7,1-2-6,48.1
2026-09-26 13:10:49,20260926,13,7,1-3-2,58.4
2026-09-26 13:10:49,20260926,13,7,1-3-4,48.0
2026-09-26 13:10:49,20260926,13,7,1-3-5,56.8
2026-09-26 13:10:49,20260926,13,7,1-3-6,67.4
2026-09-26 13:10:49,20260926,13,7,1-4-2,20.9
2026-09-26 13:10:49,20260926,13,7,1-4-3,26.5
2026-09-26 13:10:49,20260926,13,7,1-4-5,21.0
2026-09-26 13:10:49,20260926,13,7,1-4-6,25.3
2026-09-26 13:10:49,20260926,13,7,1-5-2,67.7
2026-09-26 13:10:49,20260926,13,7,1-5-3,61.3
2026-09-26 13:10:49,20260926,13,7,1-5-4,28.9
2026-09-26 13:10:49,20260926,13,7,1-5-6,70.9
2026-09-26 13:10:49,20260926,13,7,1-6-2,86.8
2026-09-26 13:10:49,20260926,13,7,1-6-3,99.5
2026-09-26 13:10:49,20260926,13,7,1-6-4,74.7
2026-09-26 13:10:49,20260926,13,7,1-6-5,114.2
2026-09-26 13:10:49,20260926,13,7,2-1-3,127.1
2026-09-26 13:10:49,20260926,13,7,2-1-4,62.6
2026-09-26 13:10:49,20260926,13,7,2-1-5,124.6
2026-09-26 13:10:49,20260926,13,7,2-1-6,140.2
2026-09-26 13:10:49,20260926,13,7,2-3-1,246.7
2026-09-26 13:10:49,20260926,13,7,2-3-4,169.0
2026-09-26 13:10:49,20260926,13,7,2-3-5,184.1
2026-09-26 13:10:49,20260926,13,7,2-3-6,251.8
2026-09-26 13:10:49,20260926,13,7,2-4-1,115.3
2026-09-26 13:10:49,20260926,13,7,2-4-3,169.0
2026-09-26 13:10:49,20260926,13,7,2-4-5,104.5
2026-09-26 13:10:49,20260926,13,7,2-4-6,63.2
2026-09-26 13:10:49,20260926,13,7,2-5-1,184.1
2026-09-26 13:10:49,20260926,13,7,2-5-3,224.3
2026-09-26 13:10:49,20260926,13,7,2-5-4,189.8
2026-09-26 13:10:49,20260926,13,7,2-5-6,209.1
2026-09-26 13:10:49,20260926,13,7,2-6-1,176.2
2026-09-26 13:10:49,20260926,13,7,2-6-3,268.2
2026-09-26 13:10:49,20260926,13,7,2-6-4,107.2
2026-09-26 13:10:49,20260926,13,7,2-6-5,232.7
2026-09-26 13:10:49,20260926,13,7,3-1-2,92.0
2026-09-26 13:10:49,20260926,13,7,3-1-4,63.9
2026-09-26 13:10:49,20260926,13,7,3-1-5,82.8
2026-09-26 13:10:49,20260926,13,7,3-1-6,158.1
2026-09-26 13:10:49,20260926,13,7,3-2-1,117.5
2026-09-26 13:10:49,20260926,13,7,3-2-4,104.5
2026-09-26 13:10:49,20260926,13,7,3-2-5,108.2
2026-09-26 13:10:49,20260926,13,7,3-2-6,268.2
2026-09-26 13:10:49,20260926,13,7,3-4-1,83.3
2026-09-26 13:10:49,20260926,13,7,3-4-2,86.8
2026-09-26 13:10:49,20260926,13,7,3-4-5,87.5
2026-09-26 13:10:49,20260926,13,7,3-4-6,87.5
2026-09-26 13:10:49,20260926,13,7,3-5-1,135.5
2026-09-26 13:10:49,20260926,13,7,3-5-2,138.6
2026-09-26 13:10:49,20260926,13,7,3-5-4,148.6
2026-09-26 13:10:49,20260926,13,7,3-5-6,146.8
2026-09-26 13:10:49,20260926,13,7,3-6-1,199.0
2026-09-26 13:10:49,20260926,13,7,3-6-2,251.8
2026-09-26 13:10:49,20260926,13,7,3-6-4,178.8
2026-09-26 13:10:49,20260926,13,7,3-6-5,181.4
2026-09-26 13:10:49,20260926,13,7,4-1-2,31.7
2026-09-26 13:10:49,20260926,13,7,4-1-3,74.7
2026-09-26 13:10:49,20260926,13,7,4-1-5,23.8
2026-09-26 13:10:49,20260926,13,7,4-1-6,43.5
2026-09-26 13:10:49,20260926,13,7,4-2-1,77.1
2026-09-26 13:10:49,20260926,13,7,4-2-3,158.1
2026-09-26 13:10:49,20260926,13,7,4-2-5,99.5
2026-09-26 13:10:49,20260926,13,7,4-2-6,78.5
2026-09-26 13:10:49,20260926,13,7,4-3-1,113.1
2026-09-26 13:10:49,20260926,13,7,4-3-2,195.8
2026-09-26 13:10:49,20260926,13,7,4-3-5,118.6
2026-09-26 13:10:49,20260926,13,7,4-3-6,141.8
2026-09-26 13:10:49,20260926,13,7,4-5-1,31.9
2026-09-26 13:10:49,20260926,13,7,4-5-2,45.5
2026-09-26 13:10:49,20260926,13,7,4-5-3,145.1
2026-09-26 13:10:49,20260926,13,7,4-5-6,32.0
2026-09-26 13:10:49,20260926,13,7,4-6-1,57.6
2026-09-26 13:10:49,20260926,13,7,4-6-2,57.1
2026-09-26 13:10:49,20260926,13,7,4-6-3,171.3
2026-09-26 13:10:49,20260926,13,7,4-6-5,49.1
2026-09-26 13:10:49,20260926,13,7,5-1-2,98.7
2026-09-26 13:10:49,20260926,13,7,5-1-3,127.1
2026-09-26 13:10:49,20260926,13,7,5-1-4,76.1
2026-09-26 13:10:49,20260926,13,7,5-1-6,94.1
2026-09-26 13:10:49,20260926,13,7,5-2-1,280.4
2026-09-26 13:10:49,20260926,13,7,5-2-3,212.7
2026-09-26 13:10:49,20260926,13,7,5-2-4,178.8
2026-09-26 13:10:49,20260926,13,7,5-2-6,212.7
2026-09-26 13:10:49,20260926,13,7,5-3-1,268.2
2026-09-26 13:10:49,20260926,13,7,5-3-2,237.2
2026-09-26 13:10:49,20260926,13,7,5-3-4,257.0
2026-09-26 13:10:49,20260926,13,7,5-3-6,280.4
2026-09-26 13:10:49,20260926,13,7,5-4-1,103.6
2026-09-26 13:10:49,20260926,13,7,5-4-2,124.6
2026-09-26 13:10:49,20260926,13,7,5-4-3,205.6
2026-09-26 13:10:49,20260926,13,7,5-4-6,58.1
2026-09-26 13:10:49,20260926,13,7,5-6-1,181.4
2026-09-26 13:10:49,20260926,13,7,5-6-2,220.3
2026-09-26 13:10:49,20260926,13,7,5-6-3,209.1
2026-09-26 13:10:49,20260926,13,7,5-6-4,101.1
2026-09-26 13:10:49,20260926,13,7,6-1-2,224.3
2026-09-26 13:10:49,20260926,13,7,6-1-3,352.5
2026-09-26 13:10:49,20260926,13,7,6-1-4,205.6
2026-09-26 13:10:49,20260926,13,7,6-1-5,324.6
2026-09-26 13:10:49,20260926,13,7,6-2-1,293.7
2026-09-26 13:10:49,20260926,13,7,6-2-3,425.4
2026-09-26 13:10:49,20260926,13,7,6-2-4,262.5
2026-09-26 13:10:49,20260926,13,7,6-2-5,493.5
2026-09-26 13:10:49,20260926,13,7,6-3-1,649.3
2026-09-26 13:10:49,20260926,13,7,6-3-2,649.3
2026-09-26 13:10:49,20260926,13,7,6-3-4,456.9
2026-09-26 13:10:49,20260926,13,7,6-3-5,616.9
2026-09-26 13:10:49,20260926,13,7,6-4-1,176.2
2026-09-26 13:10:49,20260926,13,7,6-4-2,140.2
2026-09-26 13:10:49,20260926,13,7,6-4-3,362.8
2026-09-26 13:10:49,20260926,13,7,6-4-5,122.1
2026-09-26 13:10:49,20260926,13,7,6-5-1,333.4
2026-09-26 13:10:49,20260926,13,7,6-5-2,456.9
2026-09-26 13:10:49,20260926,13,7,6-5-3,411.2
2026-09-26 13:10:49,20260926,13,7,6-5-4,141.8
2026-09-26 13:13:24,20260926,11,7,1-2-3,18.4
2026-09-26 13:13:24,20260926,11,7,1-2-4,17.5
2026-09-26 13:13:24,20260926,11,7,1-2-5,43.5
2026-09-26 13:13:24,20260926,11,7,1-2-6,8.8
2026-09-26 13:13:24,20260926,11,7,1-3-2,22.6
2026-09-26 13:13:24,20260926,11,7,1-3-4,29.8
2026-09-26 13:13:24,20260926,11,7,1-3-5,48.2
2026-09-26 13:13:24,20260926,11,7,1-3-6,13.5
2026-09-26 13:13:24,20260926,11,7,1-4-2,23.2
2026-09-26 13:13:24,20260926,11,7,1-4-3,41.0
2026-09-26 13:13:24,20260926,11,7,1-4-5,60.5
2026-09-26 13:13:24,20260926,11,7,1-4-6,12.8
2026-09-26 13:13:24,20260926,11,7,1-5-2,91.0
2026-09-26 13:13:24,20260926,11,7,1-5-3,87.2
2026-09-26 13:13:24,20260926,11,7,1-5-4,89.6
2026-09-26 13:13:24,20260926,11,7,1-5-6,57.4
2026-09-26 13:13:24,20260926,11,7,1-6-2,10.1
2026-09-26 13:13:24,20260926,11,7,1-6-3,15.0
2026-09-26 13:13:24,20260926,11,7,1-6-4,13.9
2026-09-26 13:13:24,20260926,11,7,1-6-5,55.8
2026-09-26 13:13:24,20260926,11,7,2-1-3,90.6
2026-09-26 13:13:24,20260926,11,7,2-1-4,100.5
2026-09-26 13:13:24,20260926,11,7,2-1-5,205.6
2026-09-26 13:13:24,20260926,11,7,2-1-6,55.2
2026-09-26 13:13:24,20260926,11,7,2-3-1,275.2
2026-09-26 13:13:24,20260926,11,7,2-3-4,372.7
2026-09-26 13:13:24,20260926,11,7,2-3-5,368.9
2026-09-26 13:13:24,20260926,11,7,2-3-6,431.1
2026-09-26 13:13:24,20260926,11,7,2-4-1,215.5
2026-09-26 13:13:24,20260926,11,7,2-4-3,559.1
2026-09-26 13:13:24,20260926,11,7,2-4-5,458.8
2026-09-26 13:13:24,20260926,11,7,2-4-6,293.3
2026-09-26 13:13:24,20260926,11,7,2-5-1,542.2
2026-09-26 13:13:24,20260926,11,7,2-5-3,470.8
2026-09-26 13:13:24,20260926,11,7,2-5-4,511.2
2026-09-26 13:13:24,20260926,11,7,2-5-6,568.0
2026-09-26 13:13:24,20260926,11,7,2-6-1,117.7
2026-09-26 13:13:24,20260926,11,7,2-6-3,313.9
2026-09-26 13:13:24,20260926,11,7,2-6-4,290.9
2026-09-26 13:13:24,20260926,11,7,2-6-5,596.4
2026-09-26 13:13:24,20260926,11,7,3-1-2,188.3
2026-09-26 13:13:24,20260926,11,7,3-1-4,188.3
2026-09-26 13:13:24,20260926,11,7,3-1-5,198.8
2026-09-26 13:13:24,20260926,11,7,3-1-6,130.6
2026-09-26 13:13:24,20260926,11,7,3-2-1,319.5
2026-09-26 13:13:24,20260926,11,7,3-2-4,350.8
2026-09-26 13:13:24,20260926,11,7,3-2-5,388.9
2026-09-26 13:13:24,20260926,11,7,3-2-6,305.8
2026-09-26 13:13:24,20260926,11,7,3-4-1,368.9
2026-09-26 13:13:24,20260926,11,7,3-4-2,497.0
2026-09-26 13:13:24,20260926,11,7,3-4-5,436.4
2026-09-26 13:13:24,20260926,11,7,3-4-6,322.4
2026-09-26 13:13:24,20260926,11,7,3-5-1,340.8
2026-09-26 13:13:24,20260926,11,7,3-5-2,328.3
2026-09-26 13:13:24,20260926,11,7,3-5-4,497.0
2026-09-26 13:13:24,20260926,11,7,3-5-6,388.9
2026-09-26 13:13:24,20260926,11,7,3-6-1,185.4
2026-09-26 13:13:24,20260926,11,7,3-6-2,477.1
2026-09-26 13:13:24,20260926,11,7,3-6-4,447.3
2026-09-26 13:13:24,20260926,11,7,3-6-5,586.6
2026-09-26 13:13:24,20260926,11,7,4-1-2,133.0
2026-09-26 13:13:24,20260926,11,7,4-1-3,240.1
2026-09-26 13:13:24,20260926,11,7,4-1-5,177.1
2026-09-26 13:13:24,20260926,11,7,4-1-6,69.4
2026-09-26 13:13:24,20260926,11,7,4-2-1,223.6
2026-09-26 13:13:24,20260926,11,7,4-2-3,470.8
2026-09-26 13:13:24,20260926,11,7,4-2-5,411.3
2026-09-26 13:13:24,20260926,11,7,4-2-6,222.2
2026-09-26 13:13:24,20260926,11,7,4-3-1,458.8
2026-09-26 13:13:24,20260926,11,7,4-3-2,813.3
2026-09-26 13:13:24,20260926,11,7,4-3-5,745.5
2026-09-26 13:13:24,20260926,11,7,4-3-6,426.0
2026-09-26 13:13:24,20260926,11,7,4-5-1,203.3
2026-09-26 13:13:24,20260926,11,7,4-5-2,411.3
2026-09-26 13:13:24,20260926,11,7,4-5-3,518.6
2026-09-26 13:13:24,20260926,11,7,4-5-6,226.5
2026-09-26 13:13:24,20260926,11,7,4-6-1,89.4
2026-09-26 13:13:24,20260926,11,7,4-6-2,223.6
2026-09-26 13:13:24,20260926,11,7,4-6-3,308.5
2026-09-26 13:13:24,20260926,11,7,4-6-5,365.1
2026-09-26 13:13:24,20260926,11,7,5-1-2,347.4
2026-09-26 13:13:24,20260926,11,7,5-1-3,248.5
2026-09-26 13:13:24,20260926,11,7,5-1-4,240.1
2026-09-26 13:13:24,20260926,11,7,5-1-6,284.0
2026-09-26 13:13:24,20260926,11,7,5-2-1,813.3
2026-09-26 13:13:24,20260926,11,7,5-2-3,526.2
2026-09-26 13:13:24,20260926,11,7,5-2-4,675.2
2026-09-26 13:13:24,20260926,11,7,5-2-6,662.7
2026-09-26 13:13:24,20260926,11,7,5-3-1,416.1
2026-09-26 13:13:24,20260926,11,7,5-3-2,832.2
2026-09-26 13:13:24,20260926,11,7,5-3-4,967.2
2026-09-26 13:13:24,20260926,11,7,5-3-6,1154.0
2026-09-26 13:13:24,20260926,11,7,5-4-1,275.2
2026-09-26 13:13:24,20260926,11,7,5-4-2,761.4
2026-09-26 13:13:24,20260926,11,7,5-4-3,941.7
2026-09-26 13:13:24,20260926,11,7,5-4-6,365.1
2026-09-26 13:13:24,20260926,11,7,5-6-1,441.8
2026-09-26 13:13:24,20260926,11,7,5-6-2,1052.0
2026-09-26 13:13:24,20260926,11,7,5-6-3,1192.0
2026-09-26 13:13:24,20260926,11,7,5-6-4,1052.0
2026-09-26 13:13:24,20260926,11,7,6-1-2,26.9
2026-09-26 13:13:24,20260926,11,7,6-1-3,46.3
2026-09-26 13:13:24,20260926,11,7,6-1-4,42.4
2026-09-26 13:13:24,20260926,11,7,6-1-5,174.5
2026-09-26 13:13:24,20260926,11,7,6-2-1,64.2
2026-09-26 13:13:24,20260926,11,7,6-2-3,122.5
2026-09-26 13:13:24,20260926,11,7,6-2-4,253.8
2026-09-26 13:13:24,20260926,11,7,6-2-5,639.0
2026-09-26 13:13:24,20260926,11,7,6-3-1,107.4
2026-09-26 13:13:24,20260926,11,7,6-3-2,167.2
2026-09-26 13:13:24,20260926,11,7,6-3-4,344.1
2026-09-26 13:13:24,20260926,11,7,6-3-5,795.2
2026-09-26 13:13:24,20260926,11,7,6-4-1,113.2
2026-09-26 13:13:24,20260926,11,7,6-4-2,337.6
2026-09-26 13:13:24,20260926,11,7,6-4-3,361.4
2026-09-26 13:13:24,20260926,11,7,6-4-5,477.1
2026-09-26 13:13:24,20260926,11,7,6-5-1,504.0
2026-09-26 13:13:24,20260926,11,7,6-5-2,795.2
2026-09-26 13:13:24,20260926,11,7,6-5-3,795.2
2026-09-26 13:13:24,20260926,11,7,6-5-4,518.6
2026-09-26 13:15:38,20260926,9,7,1-2-3,31.6
2026-09-26 13:15:38,20260926,9,7,1-2-4,76.3
2026-09-26 13:15:38,20260926,9,7,1-2-5,38.8
2026-09-26 13:15:38,20260926,9,7,1-2-6,147.2
2026-09-26 13:15:38,20260926,9,7,1-3-2,49.0
2026-09-26 13:15:38,20260926,9,7,1-3-4,161.8
2026-09-26 13:15:38,20260926,9,7,1-3-5,135.0
2026-09-26 13:15:38,20260926,9,7,1-3-6,212.2
2026-09-26 13:15:38,20260926,9,7,1-4-2,185.7
2026-09-26 13:15:38,20260926,9,7,1-4-3,215.0
2026-09-26 13:15:38,20260926,9,7,1-4-5,263.6
2026-09-26 13:15:38,20260926,9,7,1-4-6,255.4
2026-09-26 13:15:38,20260926,9,7,1-5-2,99.0
2026-09-26 13:15:38,20260926,9,7,1-5-3,185.7
2026-09-26 13:15:38,20260926,9,7,1-5-4,286.7
2026-09-26 13:15:38,20260926,9,7,1-5-6,314.3
2026-09-26 13:15:38,20260926,9,7,1-6-2,251.4
2026-09-26 13:15:38,20260926,9,7,1-6-3,177.6
2026-09-26 13:15:38,20260926,9,7,1-6-4,281.8
2026-09-26 13:15:38,20260926,9,7,1-6-5,380.1
2026-09-26 13:15:38,20260926,9,7,2-1-3,15.1
2026-09-26 13:15:38,20260926,9,7,2-1-4,31.2
2026-09-26 13:15:38,20260926,9,7,2-1-5,12.0
2026-09-26 13:15:38,20260926,9,7,2-1-6,37.8
2026-09-26 13:15:38,20260926,9,7,2-3-1,20.5
2026-09-26 13:15:38,20260926,9,7,2-3-4,15.3
2026-09-26 13:15:38,20260926,9,7,2-3-5,7.3
2026-09-26 13:15:38,20260926,9,7,2-3-6,30.7
2026-09-26 13:15:38,20260926,9,7,2-4-1,89.3
2026-09-26 13:15:38,20260926,9,7,2-4-3,41.8
2026-09-26 13:15:38,20260926,9,7,2-4-5,34.6
2026-09-26 13:15:38,20260926,9,7,2-4-6,66.4
2026-09-26 13:15:38,20260926,9,7,2-5-1,20.3
2026-09-26 13:15:38,20260926,9,7,2-5-3,8.9
2026-09-26 13:15:38,20260926,9,7,2-5-4,24.3
2026-09-26 13:15:38,20260926,9,7,2-5-6,20.3
2026-09-26 13:15:38,20260926,9,7,2-6-1,206.9
2026-09-26 13:15:38,20260926,9,7,2-6-3,68.6
2026-09-26 13:15:38,20260926,9,7,2-6-4,115.9
2026-09-26 13:15:38,20260926,9,7,2-6-5,52.7
2026-09-26 13:15:38,20260926,9,7,3-1-2,128.7
2026-09-26 13:15:38,20260926,9,7,3-1-4,223.9
2026-09-26 13:15:38,20260926,9,7,3-1-5,161.8
2026-09-26 13:15:38,20260926,9,7,3-1-6,277.0
2026-09-26 13:15:38,20260926,9,7,3-2-1,108.2
2026-09-26 13:15:38,20260926,9,7,3-2-4,109.7
2026-09-26 13:15:38,20260926,9,7,3-2-5,49.5
2026-09-26 13:15:38,20260926,9,7,3-2-6,173.8
2026-09-26 13:15:38,20260926,9,7,3-4-1,272.4
2026-09-26 13:15:38,20260926,9,7,3-4-2,206.9
2026-09-26 13:15:38,20260926,9,7,3-4-5,527.2
2026-09-26 13:15:38,20260926,9,7,3-4-6,563.6
2026-09-26 13:15:38,20260926,9,7,3-5-1,212.2
2026-09-26 13:15:38,20260926,9,7,3-5-2,76.3
2026-09-26 13:15:38,20260926,9,7,3-5-4,467.0
2026-09-26 13:15:38,20260926,9,7,3-5-6,320.5
2026-09-26 13:15:38,20260926,9,7,3-6-1,908.1
2026-09-26 13:15:38,20260926,9,7,3-6-2,544.8
2026-09-26 13:15:38,20260926,9,7,3-6-4,1089.0
2026-09-26 13:15:38,20260926,9,7,3-6-5,628.7
2026-09-26 13:15:38,20260926,9,7,4-1-2,389.1
2026-09-26 13:15:38,20260926,9,7,4-1-3,398.6
2026-09-26 13:15:38,20260926,9,7,4-1-5,363.2
2026-09-26 13:15:38,20260926,9,7,4-1-6,259.4
2026-09-26 13:15:38,20260926,9,7,4-2-1,389.1
2026-09-26 13:15:38,20260926,9,7,4-2-3,236.9
2026-09-26 13:15:38,20260926,9,7,4-2-5,243.9
2026-09-26 13:15:38,20260926,9,7,4-2-6,333.5
2026-09-26 13:15:38,20260926,9,7,4-3-1,408.6
2026-09-26 13:15:38,20260926,9,7,4-3-2,355.3
2026-09-26 13:15:38,20260926,9,7,4-3-5,778.3
2026-09-26 13:15:38,20260926,9,7,4-3-6,653.8
2026-09-26 13:15:38,20260926,9,7,4-5-1,430.1
2026-09-26 13:15:38,20260926,9,7,4-5-2,333.5
2026-09-26 13:15:38,20260926,9,7,4-5-3,583.7
2026-09-26 13:15:38,20260926,9,7,4-5-6,544.8
2026-09-26 13:15:38,20260926,9,7,4-6-1,710.7
2026-09-26 13:15:38,20260926,9,7,4-6-2,495.3
2026-09-26 13:15:38,20260926,9,7,4-6-3,510.8
2026-09-26 13:15:38,20260926,9,7,4-6-5,778.3
2026-09-26 13:15:38,20260926,9,7,5-1-2,140.9
2026-09-26 13:15:38,20260926,9,7,5-1-3,177.6
2026-09-26 13:15:38,20260926,9,7,5-1-4,297.2
2026-09-26 13:15:38,20260926,9,7,5-1-6,398.6
2026-09-26 13:15:38,20260926,9,7,5-2-1,86.4
2026-09-26 13:15:38,20260926,9,7,5-2-3,51.2
2026-09-26 13:15:38,20260926,9,7,5-2-4,126.7
2026-09-26 13:15:38,20260926,9,7,5-2-6,108.2
2026-09-26 13:15:38,20260926,9,7,5-3-1,286.7
2026-09-26 13:15:38,20260926,9,7,5-3-2,85.1
2026-09-26 13:15:38,20260926,9,7,5-3-4,495.3
2026-09-26 13:15:38,20260926,9,7,5-3-6,467.0
2026-09-26 13:15:38,20260926,9,7,5-4-1,495.3
2026-09-26 13:15:38,20260926,9,7,5-4-2,236.9
2026-09-26 13:15:38,20260926,9,7,5-4-3,710.7
2026-09-26 13:15:38,20260926,9,7,5-4-6,480.7
2026-09-26 13:15:38,20260926,9,7,5-6-1,743.0
2026-09-26 13:15:38,20260926,9,7,5-6-2,251.4
2026-09-26 13:15:38,20260926,9,7,5-6-3,510.8
2026-09-26 13:15:38,20260926,9,7,5-6-4,510.8
2026-09-26 13:15:38,20260926,9,7,6-1-2,398.6
2026-09-26 13:15:38,20260926,9,7,6-1-3,817.3
2026-09-26 13:15:38,20260926,9,7,6-1-4,653.8
2026-09-26 13:15:38,20260926,9,7,6-1-5,961.5
2026-09-26 13:15:38,20260926,9,7,6-2-1,419.1
2026-09-26 13:15:38,20260926,9,7,6-2-3,495.3
2026-09-26 13:15:38,20260926,9,7,6-2-4,510.8
2026-09-26 13:15:38,20260926,9,7,6-2-5,326.9
2026-09-26 13:15:38,20260926,9,7,6-3-1,1167.0
2026-09-26 13:15:38,20260926,9,7,6-3-2,544.8
2026-09-26 13:15:38,20260926,9,7,6-3-4,1257.0
2026-09-26 13:15:38,20260926,9,7,6-3-5,778.3
2026-09-26 13:15:38,20260926,9,7,6-4-1,961.5
2026-09-26 13:15:38,20260926,9,7,6-4-2,681.0
2026-09-26 13:15:38,20260926,9,7,6-4-3,1021.0
2026-09-26 13:15:38,20260926,9,7,6-4-5,961.5
2026-09-26 13:15:38,20260926,9,7,6-5-1,681.0
2026-09-26 13:15:38,20260926,9,7,6-5-2,308.4
2026-09-26 13:15:38,20260926,9,7,6-5-3,681.0
2026-09-26 13:15:38,20260926,9,7,6-5-4,454.0
2026-09-26 13:17:53,20260926,3,6,1-2-3,48.1
2026-09-26 13:17:53,20260926,3,6,1-2-4,28.2
2026-09-26 13:17:53,20260926,3,6,1-2-5,80.9
2026-09-26 13:17:53,20260926,3,6,1-2-6,42.0
2026-09-26 13:17:53,20260926,3,6,1-3-2,38.9
2026-09-26 13:17:53,20260926,3,6,1-3-4,40.2
2026-09-26 13:17:53,20260926,3,6,1-3-5,88.6
2026-09-26 13:17:53,20260926,3,6,1-3-6,86.7
2026-09-26 13:17:53,20260926,3,6,1-4-2,18.7
2026-09-26 13:17:53,20260926,3,6,1-4-3,54.6
2026-09-26 13:17:53,20260926,3,6,1-4-5,88.6
2026-09-26 13:17:53,20260926,3,6,1-4-6,25.8
2026-09-26 13:17:53,20260926,3,6,1-5-2,91.5
2026-09-26 13:17:53,20260926,3,6,1-5-3,118.5
2026-09-26 13:17:53,20260926,3,6,1-5-4,89.5
2026-09-26 13:17:53,20260926,3,6,1-5-6,105.2
2026-09-26 13:17:53,20260926,3,6,1-6-2,67.3
2026-09-26 13:17:53,20260926,3,6,1-6-3,105.2
2026-09-26 13:17:53,20260926,3,6,1-6-4,66.2
2026-09-26 13:17:53,20260926,3,6,1-6-5,133.6
2026-09-26 13:17:53,20260926,3,6,2-1-3,41.8
2026-09-26 13:17:53,20260926,3,6,2-1-4,37.2
2026-09-26 13:17:53,20260926,3,6,2-1-5,100.2
2026-09-26 13:17:53,20260926,3,6,2-1-6,72.5
2026-09-26 13:17:53,20260926,3,6,2-3-1,62.3
2026-09-26 13:17:53,20260926,3,6,2-3-4,60.5
2026-09-26 13:17:53,20260926,3,6,2-3-5,102.6
2026-09-26 13:17:53,20260926,3,6,2-3-6,195.7
2026-09-26 13:17:53,20260926,3,6,2-4-1,40.0
2026-09-26 13:17:53,20260926,3,6,2-4-3,59.2
2026-09-26 13:17:53,20260926,3,6,2-4-5,123.7
2026-09-26 13:17:53,20260926,3,6,2-4-6,58.0
2026-09-26 13:17:53,20260926,3,6,2-5-1,221.5
2026-09-26 13:17:53,20260926,3,6,2-5-3,155.8
2026-09-26 13:17:53,20260926,3,6,2-5-4,271.5
2026-09-26 13:17:53,20260926,3,6,2-5-6,187.0
2026-09-26 13:17:53,20260926,3,6,2-6-1,120.2
2026-09-26 13:17:53,20260926,3,6,2-6-3,191.3
2026-09-26 13:17:53,20260926,3,6,2-6-4,115.3
2026-09-26 13:17:53,20260926,3,6,2-6-5,221.5
2026-09-26 13:17:53,20260926,3,6,3-1-2,73.8
2026-09-26 13:17:53,20260926,3,6,3-1-4,53.2
2026-09-26 13:17:53,20260926,3,6,3-1-5,70.7
2026-09-26 13:17:53,20260926,3,6,3-1-6,118.5
2026-09-26 13:17:53,20260926,3,6,3-2-1,115.3
2026-09-26 13:17:53,20260926,3,6,3-2-4,73.2
2026-09-26 13:17:53,20260926,3,6,3-2-5,102.6
2026-09-26 13:17:53,20260926,3,6,3-2-6,118.5
2026-09-26 13:17:53,20260926,3,6,3-4-1,57.2
2026-09-26 13:17:53,20260926,3,6,3-4-2,53.6
2026-09-26 13:17:53,20260926,3,6,3-4-5,158.8
2026-09-26 13:17:53,20260926,3,6,3-4-6,83.3
2026-09-26 13:17:53,20260926,3,6,3-5-1,133.6
2026-09-26 13:17:53,20260926,3,6,3-5-2,88.6
2026-09-26 13:17:53,20260926,3,6,3-5-4,187.0
2026-09-26 13:17:53,20260926,3,6,3-5-6,158.8
2026-09-26 13:17:53,20260926,3,6,3-6-1,150.3
2026-09-26 13:17:53,20260926,3,6,3-6-2,191.3
2026-09-26 13:17:53,20260926,3,6,3-6-4,106.5
2026-09-26 13:17:53,20260926,3,6,3-6-5,280.6
2026-09-26 13:17:53,20260926,3,6,4-1-2,20.8
2026-09-26 13:17:53,20260926,3,6,4-1-3,49.5
2026-09-26 13:17:53,20260926,3,6,4-1-5,84.1
2026-09-26 13:17:53,20260926,3,6,4-1-6,32.8
2026-09-26 13:17:53,20260926,3,6,4-2-1,37.0
2026-09-26 13:17:53,20260926,3,6,4-2-3,43.1
2026-09-26 13:17:53,20260926,3,6,4-2-5,158.8
2026-09-26 13:17:53,20260926,3,6,4-2-6,38.4
2026-09-26 13:17:53,20260926,3,6,4-3-1,68.4
2026-09-26 13:17:53,20260926,3,6,4-3-2,42.0
2026-09-26 13:17:53,20260926,3,6,4-3-5,210.4
2026-09-26 13:17:53,20260926,3,6,4-3-6,87.6
2026-09-26 13:17:53,20260926,3,6,4-5-1,99.0
2026-09-26 13:17:53,20260926,3,6,4-5-2,135.7
2026-09-26 13:17:53,20260926,3,6,4-5-3,175.3
2026-09-26 13:17:53,20260926,3,6,4-5-6,99.0
2026-09-26 13:17:53,20260926,3,6,4-6-1,47.5
2026-09-26 13:17:53,20260926,3,6,4-6-2,51.3
2026-09-26 13:17:53,20260926,3,6,4-6-3,85.8
2026-09-26 13:17:53,20260926,3,6,4-6-5,123.7
2026-09-26 13:17:53,20260926,3,6,5-1-2,271.5
2026-09-26 13:17:53,20260926,3,6,5-1-3,191.3
2026-09-26 13:17:53,20260926,3,6,5-1-4,205.3
2026-09-26 13:17:53,20260926,3,6,5-1-6,127.5
2026-09-26 13:17:53,20260926,3,6,5-2-1,255.0
2026-09-26 13:17:53,20260926,3,6,5-2-3,205.3
2026-09-26 13:17:53,20260926,3,6,5-2-4,233.8
2026-09-26 13:17:53,20260926,3,6,5-2-6,271.5
2026-09-26 13:17:53,20260926,3,6,5-3-1,187.0
2026-09-26 13:17:53,20260926,3,6,5-3-2,191.3
2026-09-26 13:17:53,20260926,3,6,5-3-4,191.3
2026-09-26 13:17:53,20260926,3,6,5-3-6,280.6
2026-09-26 13:17:53,20260926,3,6,5-4-1,227.5
2026-09-26 13:17:53,20260926,3,6,5-4-2,526.1
2026-09-26 13:17:53,20260926,3,6,5-4-3,247.5
2026-09-26 13:17:53,20260926,3,6,5-4-6,195.7
2026-09-26 13:17:53,20260926,3,6,5-6-1,382.6
2026-09-26 13:17:53,20260926,3,6,5-6-2,382.6
2026-09-26 13:17:53,20260926,3,6,5-6-3,467.6
2026-09-26 13:17:53,20260926,3,6,5-6-4,263.0
2026-09-26 13:17:53,20260926,3,6,6-1-2,113.7
2026-09-26 13:17:53,20260926,3,6,6-1-3,247.5
2026-09-26 13:17:53,20260926,3,6,6-1-4,123.7
2026-09-26 13:17:53,20260926,3,6,6-1-5,336.7
2026-09-26 13:17:53,20260926,3,6,6-2-1,179.1
2026-09-26 13:17:53,20260926,3,6,6-2-3,227.5
2026-09-26 13:17:53,20260926,3,6,6-2-4,171.7
2026-09-26 13:17:53,20260926,3,6,6-2-5,323.7
2026-09-26 13:17:53,20260926,3,6,6-3-1,382.6
2026-09-26 13:17:53,20260926,3,6,6-3-2,420.9
2026-09-26 13:17:53,20260926,3,6,6-3-4,129.5
2026-09-26 13:17:53,20260926,3,6,6-3-5,526.1
2026-09-26 13:17:53,20260926,3,6,6-4-1,122.0
2026-09-26 13:17:53,20260926,3,6,6-4-2,175.3
2026-09-26 13:17:53,20260926,3,6,6-4-3,147.6
2026-09-26 13:17:53,20260926,3,6,6-4-5,280.6
2026-09-26 13:17:53,20260926,3,6,6-5-1,366.0
2026-09-26 13:17:53,20260926,3,6,6-5-2,400.8
2026-09-26 13:17:53,20260926,3,6,6-5-3,495.1
2026-09-26 13:17:53,20260926,3,6,6-5-4,221.5
2026-09-26 13:20:35,20260926,8,7,1-2-3,60.5
2026-09-26 13:20:35,20260926,8,7,1-2-4,14.9
2026-09-26 13:20:35,20260926,8,7,1-2-5,43.0
2026-09-26 13:20:35,20260926,8,7,1-2-6,41.0
2026-09-26 13:20:35,20260926,8,7,1-3-2,60.3
2026-09-26 13:20:35,20260926,8,7,1-3-4,44.6
2026-09-26 13:20:35,20260926,8,7,1-3-5,118.7
2026-09-26 13:20:35,20260926,8,7,1-3-6,96.5
2026-09-26 13:20:35,20260926,8,7,1-4-2,8.7
2026-09-26 13:20:35,20260926,8,7,1-4-3,24.4
2026-09-26 13:20:35,20260926,8,7,1-4-5,10.0
2026-09-26 13:20:35,20260926,8,7,1-4-6,8.4
2026-09-26 13:20:35,20260926,8,7,1-5-2,71.2
2026-09-26 13:20:35,20260926,8,7,1-5-3,132.4
2026-09-26 13:20:35,20260926,8,7,1-5-4,30.6
2026-09-26 13:20:35,20260926,8,7,1-5-6,78.7
2026-09-26 13:20:35,20260926,8,7,1-6-2,66.8
2026-09-26 13:20:35,20260926,8,7,1-6-3,127.9
2026-09-26 13:20:35,20260926,8,7,1-6-4,30.0
2026-09-26 13:20:35,20260926,8,7,1-6-5,97.8
2026-09-26 13:20:35,20260926,8,7,2-1-3,233.8
2026-09-26 13:20:35,20260926,8,7,2-1-4,76.3
2026-09-26 13:20:35,20260926,8,7,2-1-5,267.2
2026-09-26 13:20:35,20260926,8,7,2-1-6,233.8
2026-09-26 13:20:35,20260926,8,7,2-3-1,374.1
2026-09-26 13:20:35,20260926,8,7,2-3-4,299.3
2026-09-26 13:20:35,20260926,8,7,2-3-5,482.8
2026-09-26 13:20:35,20260926,8,7,2-3-6,831.5
2026-09-26 13:20:35,20260926,8,7,2-4-1,101.1
2026-09-26 13:20:35,20260926,8,7,2-4-3,453.5
2026-09-26 13:20:35,20260926,8,7,2-4-5,241.4
2026-09-26 13:20:35,20260926,8,7,2-4-6,210.8
2026-09-26 13:20:35,20260926,8,7,2-5-1,482.8
2026-09-26 13:20:35,20260926,8,7,2-5-3,440.2
2026-09-26 13:20:35,20260926,8,7,2-5-4,598.6
2026-09-26 13:20:35,20260926,8,7,2-5-6,554.3
2026-09-26 13:20:35,20260926,8,7,2-6-1,482.8
2026-09-26 13:20:35,20260926,8,7,2-6-3,712.7
2026-09-26 13:20:35,20260926,8,7,2-6-4,267.2
2026-09-26 13:20:35,20260926,8,7,2-6-5,787.7
2026-09-26 13:20:35,20260926,8,7,3-1-2,277.1
2026-09-26 13:20:35,20260926,8,7,3-1-4,205.0
2026-09-26 13:20:35,20260926,8,7,3-1-5,223.3
2026-09-26 13:20:35,20260926,8,7,3-1-6,267.2
2026-09-26 13:20:35,20260926,8,7,3-2-1,427.6
2026-09-26 13:20:35,20260926,8,7,3-2-4,365.0
2026-09-26 13:20:35,20260926,8,7,3-2-5,383.7
2026-09-26 13:20:35,20260926,8,7,3-2-6,427.6
2026-09-26 13:20:35,20260926,8,7,3-4-1,272.1
2026-09-26 13:20:35,20260926,8,7,3-4-2,440.2
2026-09-26 13:20:35,20260926,8,7,3-4-5,680.3
2026-09-26 13:20:35,20260926,8,7,3-4-6,498.9
2026-09-26 13:20:35,20260926,8,7,3-5-1,348.0
2026-09-26 13:20:35,20260926,8,7,3-5-2,356.3
2026-09-26 13:20:35,20260926,8,7,3-5-4,598.6
2026-09-26 13:20:35,20260926,8,7,3-5-6,482.8
2026-09-26 13:20:35,20260926,8,7,3-6-1,516.1
2026-09-26 13:20:35,20260926,8,7,3-6-2,440.2
2026-09-26 13:20:35,20260926,8,7,3-6-4,997.8
2026-09-26 13:20:35,20260926,8,7,3-6-5,787.7
2026-09-26 13:20:35,20260926,8,7,4-1-2,15.0
2026-09-26 13:20:35,20260926,8,7,4-1-3,59.8
2026-09-26 13:20:35,20260926,8,7,4-1-5,14.8
2026-09-26 13:20:35,20260926,8,7,4-1-6,13.8
2026-09-26 13:20:35,20260926,8,7,4-2-1,52.7
2026-09-26 13:20:35,20260926,8,7,4-2-3,356.3
2026-09-26 13:20:35,20260926,8,7,4-2-5,157.5
2026-09-26 13:20:35,20260926,8,7,4-2-6,84.0
2026-09-26 13:20:35,20260926,8,7,4-3-1,164.4
2026-09-26 13:20:35,20260926,8,7,4-3-2,482.8
2026-09-26 13:20:35,20260926,8,7,4-3-5,427.6
2026-09-26 13:20:35,20260926,8,7,4-3-6,267.2
2026-09-26 13:20:35,20260926,8,7,4-5-1,36.5
2026-09-26 13:20:35,20260926,8,7,4-5-2,91.8
2026-09-26 13:20:35,20260926,8,7,4-5-3,194.3
2026-09-26 13:20:35,20260926,8,7,4-5-6,41.3
2026-09-26 13:20:35,20260926,8,7,4-6-1,35.2
2026-09-26 13:20:35,20260926,8,7,4-6-2,72.3
2026-09-26 13:20:35,20260926,8,7,4-6-3,220.1
2026-09-26 13:20:35,20260926,8,7,4-6-5,58.4
2026-09-26 13:20:35,20260926,8,7,5-1-2,282.3
2026-09-26 13:20:35,20260926,8,7,5-1-3,267.2
2026-09-26 13:20:35,20260926,8,7,5-1-4,148.1
2026-09-26 13:20:35,20260926,8,7,5-1-6,277.1
2026-09-26 13:20:35,20260926,8,7,5-2-1,680.3
2026-09-26 13:20:35,20260926,8,7,5-2-3,482.8
2026-09-26 13:20:35,20260926,8,7,5-2-4,340.1
2026-09-26 13:20:35,20260926,8,7,5-2-6,467.7
2026-09-26 13:20:35,20260926,8,7,5-3-1,427.6
2026-09-26 13:20:35,20260926,8,7,5-3-2,498.9
2026-09-26 13:20:35,20260926,8,7,5-3-4,554.3
2026-09-26 13:20:35,20260926,8,7,5-3-6,554.3
2026-09-26 13:20:35,20260926,8,7,5-4-1,117.8
2026-09-26 13:20:35,20260926,8,7,5-4-2,374.1
2026-09-26 13:20:35,20260926,8,7,5-4-3,650.7
2026-09-26 13:20:35,20260926,8,7,5-4-6,182.5
2026-09-26 13:20:35,20260926,8,7,5-6-1,427.6
2026-09-26 13:20:35,20260926,8,7,5-6-2,680.3
2026-09-26 13:20:35,20260926,8,7,5-6-3,712.7
2026-09-26 13:20:35,20260926,8,7,5-6-4,299.3
2026-09-26 13:20:35,20260926,8,7,6-1-2,277.1
2026-09-26 13:20:35,20260926,8,7,6-1-3,498.9
2026-09-26 13:20:35,20260926,8,7,6-1-4,216.9
2026-09-26 13:20:35,20260926,8,7,6-1-5,427.6
2026-09-26 13:20:35,20260926,8,7,6-2-1,427.6
2026-09-26 13:20:35,20260926,8,7,6-2-3,534.5
2026-09-26 13:20:35,20260926,8,7,6-2-4,311.8
2026-09-26 13:20:35,20260926,8,7,6-2-5,1069.0
2026-09-26 13:20:35,20260926,8,7,6-3-1,748.3
2026-09-26 13:20:35,20260926,8,7,6-3-2,880.4
2026-09-26 13:20:35,20260926,8,7,6-3-4,787.7
2026-09-26 13:20:35,20260926,8,7,6-3-5,1360.0
2026-09-26 13:20:35,20260926,8,7,6-4-1,178.1
2026-09-26 13:20:35,20260926,8,7,6-4-2,262.5
2026-09-26 13:20:35,20260926,8,7,6-4-3,748.3
2026-09-26 13:20:35,20260926,8,7,6-4-5,453.5
2026-09-26 13:20:35,20260926,8,7,6-5-1,831.5
2026-09-26 13:20:35,20260926,8,7,6-5-2,935.4
2026-09-26 13:20:35,20260926,8,7,6-5-3,935.4
2026-09-26 13:20:35,20260926,8,7,6-5-4,348.0
2026-09-26 13:23:08,20260926,18,11,1-2-3,8.5
2026-09-26 13:23:08,20260926,18,11,1-2-4,7.7
2026-09-26 13:23:08,20260926,18,11,1-2-5,12.2
2026-09-26 13:23:08,20260926,18,11,1-2-6,26.6
2026-09-26 13:23:08,20260926,18,11,1-3-2,19.2
2026-09-26 13:23:08,20260926,18,11,1-3-4,20.1
2026-09-26 13:23:08,20260926,18,11,1-3-5,19.7
2026-09-26 13:23:08,20260926,18,11,1-3-6,42.8
2026-09-26 13:23:08,20260926,18,11,1-4-2,12.8
2026-09-26 13:23:08,20260926,18,11,1-4-3,27.5
2026-09-26 13:23:08,20260926,18,11,1-4-5,14.9
2026-09-26 13:23:08,20260926,18,11,1-4-6,27.0
2026-09-26 13:23:08,20260926,18,11,1-5-2,18.0
2026-09-26 13:23:08,20260926,18,11,1-5-3,27.7
2026-09-26 13:23:08,20260926,18,11,1-5-4,23.6
2026-09-26 13:23:08,20260926,18,11,1-5-6,29.3
2026-09-26 13:23:08,20260926,18,11,1-6-2,60.7
2026-09-26 13:23:08,20260926,18,11,1-6-3,89.0
2026-09-26 13:23:08,20260926,18,11,1-6-4,71.1
2026-09-26 13:23:08,20260926,18,11,1-6-5,64.4
2026-09-26 13:23:08,20260926,18,11,2-1-3,72.2
2026-09-26 13:23:08,20260926,18,11,2-1-4,59.7
2026-09-26 13:23:08,20260926,18,11,2-1-5,57.4
2026-09-26 13:23:08,20260926,18,11,2-1-6,138.4
2026-09-26 13:23:08,20260926,18,11,2-3-1,188.2
2026-09-26 13:23:08,20260926,18,11,2-3-4,213.5
2026-09-26 13:23:08,20260926,18,11,2-3-5,273.9
2026-09-26 13:23:08,20260926,18,11,2-3-6,342.4
2026-09-26 13:23:08,20260926,18,11,2-4-1,147.1
2026-09-26 13:23:08,20260926,18,11,2-4-3,263.0
2026-09-26 13:23:08,20260926,18,11,2-4-5,240.7
2026-09-26 13:23:08,20260926,18,11,2-4-6,339.5
2026-09-26 13:23:08,20260926,18,11,2-5-1,161.4
2026-09-26 13:23:08,20260926,18,11,2-5-3,333.8
2026-09-26 13:23:08,20260926,18,11,2-5-4,315.2
2026-09-26 13:23:08,20260926,18,11,2-5-6,317.7
2026-09-26 13:23:08,20260926,18,11,2-6-1,451.3
2026-09-26 13:23:08,20260926,18,11,2-6-3,749.4
2026-09-26 13:23:08,20260926,18,11,2-6-4,529.6
2026-09-26 13:23:08,20260926,18,11,2-6-5,496.5
2026-09-26 13:23:08,20260926,18,11,3-1-2,173.4
2026-09-26 13:23:08,20260926,18,11,3-1-4,162.7
2026-09-26 13:23:08,20260926,18,11,3-1-5,167.6
2026-09-26 13:23:08,20260926,18,11,3-1-6,348.4
2026-09-26 13:23:08,20260926,18,11,3-2-1,300.9
2026-09-26 13:23:08,20260926,18,11,3-2-4,331.0
2026-09-26 13:23:08,20260926,18,11,3-2-5,354.6
2026-09-26 13:23:08,20260926,18,11,3-2-6,509.2
2026-09-26 13:23:08,20260926,18,11,3-4-1,312.7
2026-09-26 13:23:08,20260926,18,11,3-4-2,345.4
2026-09-26 13:23:08,20260926,18,11,3-4-5,640.6
2026-09-26 13:23:08,20260926,18,11,3-4-6,601.8
2026-09-26 13:23:08,20260926,18,11,3-5-1,322.9
2026-09-26 13:23:08,20260926,18,11,3-5-2,422.5
2026-09-26 13:23:08,20260926,18,11,3-5-4,794.4
2026-09-26 13:23:08,20260926,18,11,3-5-6,763.9
2026-09-26 13:23:08,20260926,18,11,3-6-1,945.7
2026-09-26 13:23:08,20260926,18,11,3-6-2,1018.0
2026-09-26 13:23:08,20260926,18,11,3-6-4,845.1
2026-09-26 13:23:08,20260926,18,11,3-6-5,945.7
2026-09-26 13:23:08,20260926,18,11,4-1-2,78.5
2026-09-26 13:23:08,20260926,18,11,4-1-3,177.3
2026-09-26 13:23:08,20260926,18,11,4-1-5,72.3
2026-09-26 13:23:08,20260926,18,11,4-1-6,154.5
2026-09-26 13:23:08,20260926,18,11,4-2-1,162.1
2026-09-26 13:23:08,20260926,18,11,4-2-3,342.4
2026-09-26 13:23:08,20260926,18,11,4-2-5,300.9
2026-09-26 13:23:08,20260926,18,11,4-2-6,300.9
2026-09-26 13:23:08,20260926,18,11,4-3-1,312.7
2026-09-26 13:23:08,20260926,18,11,4-3-2,567.4
2026-09-26 13:23:08,20260926,18,11,4-3-5,651.1
2026-09-26 13:23:08,20260926,18,11,4-3-6,863.5
2026-09-26 13:23:08,20260926,18,11,4-5-1,111.2
2026-09-26 13:23:08,20260926,18,11,4-5-2,201.6
2026-09-26 13:23:08,20260926,18,11,4-5-3,371.2
2026-09-26 13:23:08,20260926,18,11,4-5-6,186.4
2026-09-26 13:23:08,20260926,18,11,4-6-1,431.7
2026-09-26 13:23:08,20260926,18,11,4-6-2,484.4
2026-09-26 13:23:08,20260926,18,11,4-6-3,902.7
2026-09-26 13:23:08,20260926,18,11,4-6-5,451.3
2026-09-26 13:23:08,20260926,18,11,5-1-2,110.9
2026-09-26 13:23:08,20260926,18,11,5-1-3,181.3
2026-09-26 13:23:08,20260926,18,11,5-1-4,149.3
2026-09-26 13:23:08,20260926,18,11,5-1-6,162.1
2026-09-26 13:23:08,20260926,18,11,5-2-1,181.3
2026-09-26 13:23:08,20260926,18,11,5-2-3,441.3
2026-09-26 13:23:08,20260926,18,11,5-2-4,317.7
2026-09-26 13:23:08,20260926,18,11,5-2-6,467.3
2026-09-26 13:23:08,20260926,18,11,5-3-1,320.3
2026-09-26 13:23:08,20260926,18,11,5-3-2,662.0
2026-09-26 13:23:08,20260926,18,11,5-3-4,827.5
2026-09-26 13:23:08,20260926,18,11,5-3-6,882.7
2026-09-26 13:23:08,20260926,18,11,5-4-1,195.6
2026-09-26 13:23:08,20260926,18,11,5-4-2,367.8
2026-09-26 13:23:08,20260926,18,11,5-4-3,673.2
2026-09-26 13:23:08,20260926,18,11,5-4-6,312.7
2026-09-26 13:23:08,20260926,18,11,5-6-1,345.4
2026-09-26 13:23:08,20260926,18,11,5-6-2,684.8
2026-09-26 13:23:08,20260926,18,11,5-6-3,845.1
2026-09-26 13:23:08,20260926,18,11,5-6-4,441.3
2026-09-26 13:23:08,20260926,18,11,6-1-2,405.3
2026-09-26 13:23:08,20260926,18,11,6-1-3,422.5
2026-09-26 13:23:08,20260926,18,11,6-1-4,640.6
2026-09-26 13:23:08,20260926,18,11,6-1-5,630.5
2026-09-26 13:23:08,20260926,18,11,6-2-1,722.2
2026-09-26 13:23:08,20260926,18,11,6-2-3,1103.0
2026-09-26 13:23:08,20260926,18,11,6-2-4,902.7
2026-09-26 13:23:08,20260926,18,11,6-2-5,1018.0
2026-09-26 13:23:08,20260926,18,11,6-3-1,509.2
2026-09-26 13:23:08,20260926,18,11,6-3-2,1891.0
2026-09-26 13:23:08,20260926,18,11,6-3-4,1727.0
2026-09-26 13:23:08,20260926,18,11,6-3-5,1324.0
2026-09-26 13:23:08,20260926,18,11,6-4-1,1018.0
2026-09-26 13:23:08,20260926,18,11,6-4-2,1018.0
2026-09-26 13:23:08,20260926,18,11,6-4-3,1527.0
2026-09-26 13:23:08,20260926,18,11,6-4-5,794.4
2026-09-26 13:23:08,20260926,18,11,6-5-1,810.6
2026-09-26 13:23:08,20260926,18,11,6-5-2,968.8
2026-09-26 13:23:08,20260926,18,11,6-5-3,1418.0
2026-09-26 13:23:08,20260926,18,11,6-5-4,567.4
2026-09-26 13:27:11,20260926,5,6,1-2-3,34.7
2026-09-26 13:27:11,20260926,5,6,1-2-4,32.2
2026-09-26 13:27:11,20260926,5,6,1-2-5,67.5
2026-09-26 13:27:11,20260926,5,6,1-2-6,66.5
2026-09-26 13:27:11,20260926,5,6,1-3-2,27.0
2026-09-26 13:27:11,20260926,5,6,1-3-4,13.3
2026-09-26 13:27:11,20260926,5,6,1-3-5,38.5
2026-09-26 13:27:11,20260926,5,6,1-3-6,31.6
2026-09-26 13:27:11,20260926,5,6,1-4-2,19.3
2026-09-26 13:27:11,20260926,5,6,1-4-3,13.3
2026-09-26 13:27:11,20260926,5,6,1-4-5,31.6
2026-09-26 13:27:11,20260926,5,6,1-4-6,20.7
2026-09-26 13:27:11,20260926,5,6,1-5-2,82.9
2026-09-26 13:27:11,20260926,5,6,1-5-3,65.2
2026-09-26 13:27:11,20260926,5,6,1-5-4,91.4
2026-09-26 13:27:11,20260926,5,6,1-5-6,94.4
2026-09-26 13:27:11,20260926,5,6,1-6-2,128.5
2026-09-26 13:27:11,20260926,5,6,1-6-3,81.0
2026-09-26 13:27:11,20260926,5,6,1-6-4,56.2
2026-09-26 13:27:11,20260926,5,6,1-6-5,158.2
2026-09-26 13:27:11,20260926,5,6,2-1-3,83.3
2026-09-26 13:27:11,20260926,5,6,2-1-4,78.4
2026-09-26 13:27:11,20260926,5,6,2-1-5,91.4
2026-09-26 13:27:11,20260926,5,6,2-1-6,144.8
2026-09-26 13:27:11,20260926,5,6,2-3-1,117.0
2026-09-26 13:27:11,20260926,5,6,2-3-4,101.1
2026-09-26 13:27:11,20260926,5,6,2-3-5,148.6
2026-09-26 13:27:11,20260926,5,6,2-3-6,224.9
2026-09-26 13:27:11,20260926,5,6,2-4-1,129.5
2026-09-26 13:27:11,20260926,5,6,2-4-3,141.2
2026-09-26 13:27:11,20260926,5,6,2-4-5,198.7
2026-09-26 13:27:11,20260926,5,6,2-4-6,112.4
2026-09-26 13:27:11,20260926,5,6,2-5-1,275.7
2026-09-26 13:27:11,20260926,5,6,2-5-3,234.1
2026-09-26 13:27:11,20260926,5,6,2-5-4,379.9
2026-09-26 13:27:11,20260926,5,6,2-5-6,247.7
2026-09-26 13:27:11,20260926,5,6,2-6-1,397.5
2026-09-26 13:27:11,20260926,5,6,2-6-3,335.2
2026-09-26 13:27:11,20260926,5,6,2-6-4,271.3
2026-09-26 13:27:11,20260926,5,6,2-6-5,534.2
2026-09-26 13:27:11,20260926,5,6,3-1-2,45.7
2026-09-26 13:27:11,20260926,5,6,3-1-4,29.7
2026-09-26 13:27:11,20260926,5,6,3-1-5,79.5
2026-09-26 13:27:11,20260926,5,6,3-1-6,66.0
2026-09-26 13:27:11,20260926,5,6,3-2-1,102.9
2026-09-26 13:27:11,20260926,5,6,3-2-4,79.8
2026-09-26 13:27:11,20260926,5,6,3-2-5,172.6
2026-09-26 13:27:11,20260926,5,6,3-2-6,178.0
2026-09-26 13:27:11,20260926,5,6,3-4-1,34.3
2026-09-26 13:27:11,20260926,5,6,3-4-2,65.0
2026-09-26 13:27:11,20260926,5,6,3-4-5,57.9
2026-09-26 13:27:11,20260926,5,6,3-4-6,48.1
2026-09-26 13:27:11,20260926,5,6,3-5-1,162.8
2026-09-26 13:27:11,20260926,5,6,3-5-2,183.8
2026-09-26 13:27:11,20260926,5,6,3-5-4,111.7
2026-09-26 13:27:11,20260926,5,6,3-5-6,112.4
2026-09-26 13:27:11,20260926,5,6,3-6-1,117.9
2026-09-26 13:27:11,20260926,5,6,3-6-2,213.7
2026-09-26 13:27:11,20260926,5,6,3-6-4,105.5
2026-09-26 13:27:11,20260926,5,6,3-6-5,135.6
2026-09-26 13:27:11,20260926,5,6,4-1-2,57.3
2026-09-26 13:27:11,20260926,5,6,4-1-3,26.0
2026-09-26 13:27:11,20260926,5,6,4-1-5,59.7
2026-09-26 13:27:11,20260926,5,6,4-1-6,38.7
2026-09-26 13:27:11,20260926,5,6,4-2-1,92.4
2026-09-26 13:27:11,20260926,5,6,4-2-3,169.2
2026-09-26 13:27:11,20260926,5,6,4-2-5,234.1
2026-09-26 13:27:11,20260926,5,6,4-2-6,137.8
2026-09-26 13:27:11,20260926,5,6,4-3-1,46.9
2026-09-26 13:27:11,20260926,5,6,4-3-2,85.9
2026-09-26 13:27:11,20260926,5,6,4-3-5,82.5
2026-09-26 13:27:11,20260926,5,6,4-3-6,61.7
2026-09-26 13:27:11,20260926,5,6,4-5-1,122.1
2026-09-26 13:27:11,20260926,5,6,4-5-2,203.5
2026-09-26 13:27:11,20260926,5,6,4-5-3,135.6
2026-09-26 13:27:11,20260926,5,6,4-5-6,90.4
2026-09-26 13:27:11,20260926,5,6,4-6-1,81.8
2026-09-26 13:27:11,20260926,5,6,4-6-2,126.6
2026-09-26 13:27:11,20260926,5,6,4-6-3,113.2
2026-09-26 13:27:11,20260926,5,6,4-6-5,115.5
2026-09-26 13:27:11,20260926,5,6,5-1-2,294.7
2026-09-26 13:27:11,20260926,5,6,5-1-3,185.8
2026-09-26 13:27:11,20260926,5,6,5-1-4,196.5
2026-09-26 13:27:11,20260926,5,6,5-1-6,234.1
2026-09-26 13:27:11,20260926,5,6,5-2-1,289.7
2026-09-26 13:27:11,20260926,5,6,5-2-3,356.1
2026-09-26 13:27:11,20260926,5,6,5-2-4,438.3
2026-09-26 13:27:11,20260926,5,6,5-2-6,449.9
2026-09-26 13:27:11,20260926,5,6,5-3-1,187.8
2026-09-26 13:27:11,20260926,5,6,5-3-2,371.6
2026-09-26 13:27:11,20260926,5,6,5-3-4,275.7
2026-09-26 13:27:11,20260926,5,6,5-3-6,205.9
2026-09-26 13:27:11,20260926,5,6,5-4-1,187.8
2026-09-26 13:27:11,20260926,5,6,5-4-2,657.5
2026-09-26 13:27:11,20260926,5,6,5-4-3,310.8
2026-09-26 13:27:11,20260926,5,6,5-4-6,176.2
2026-09-26 13:27:11,20260926,5,6,5-6-1,271.3
2026-09-26 13:27:11,20260926,5,6,5-6-2,427.4
2026-09-26 13:27:11,20260926,5,6,5-6-3,294.7
2026-09-26 13:27:11,20260926,5,6,5-6-4,234.1
2026-09-26 13:27:11,20260926,5,6,6-1-2,322.5
2026-09-26 13:27:11,20260926,5,6,6-1-3,247.7
2026-09-26 13:27:11,20260926,5,6,6-1-4,203.5
2026-09-26 13:27:11,20260926,5,6,6-1-5,449.9
2026-09-26 13:27:11,20260926,5,6,6-2-1,438.3
2026-09-26 13:27:11,20260926,5,6,6-2-3,416.9
2026-09-26 13:27:11,20260926,5,6,6-2-4,657.5
2026-09-26 13:27:11,20260926,5,6,6-2-5,743.3
2026-09-26 13:27:11,20260926,5,6,6-3-1,271.3
2026-09-26 13:27:11,20260926,5,6,6-3-2,371.6
2026-09-26 13:27:11,20260926,5,6,6-3-4,255.1
2026-09-26 13:27:11,20260926,5,6,6-3-5,348.9
2026-09-26 13:27:11,20260926,5,6,6-4-1,259.0
2026-09-26 13:27:11,20260926,5,6,6-4-2,551.4
2026-09-26 13:27:11,20260926,5,6,6-4-3,240.7
2026-09-26 13:27:11,20260926,5,6,6-4-5,289.7
2026-09-26 13:27:11,20260926,5,6,6-5-1,589.5
2026-09-26 13:27:11,20260926,5,6,6-5-2,610.5
2026-09-26 13:27:11,20260926,5,6,6-5-3,316.5
2026-09-26 13:27:11,20260926,5,6,6-5-4,284.9
2026-09-26 13:31:36,20260926,22,5,1-2-3,11.9
2026-09-26 13:31:36,20260926,22,5,1-2-4,27.7
2026-09-26 13:31:36,20260926,22,5,1-2-5,32.6
2026-09-26 13:31:36,20260926,22,5,1-2-6,13.7
2026-09-26 13:31:36,20260926,22,5,1-3-2,11.2
2026-09-26 13:31:36,20260926,22,5,1-3-4,15.4
2026-09-26 13:31:36,20260926,22,5,1-3-5,16.1
2026-09-26 13:31:36,20260926,22,5,1-3-6,9.3
2026-09-26 13:31:36,20260926,22,5,1-4-2,71.2
2026-09-26 13:31:36,20260926,22,5,1-4-3,29.7
2026-09-26 13:31:36,20260926,22,5,1-4-5,74.8
2026-09-26 13:31:36,20260926,22,5,1-4-6,22.4
2026-09-26 13:31:36,20260926,22,5,1-5-2,73.2
2026-09-26 13:31:36,20260926,22,5,1-5-3,46.6
2026-09-26 13:31:36,20260926,22,5,1-5-4,88.5
2026-09-26 13:31:36,20260926,22,5,1-5-6,37.4
2026-09-26 13:31:36,20260926,22,5,1-6-2,28.6
2026-09-26 13:31:36,20260926,22,5,1-6-3,17.1
2026-09-26 13:31:36,20260926,22,5,1-6-4,42.8
2026-09-26 13:31:36,20260926,22,5,1-6-5,37.5
2026-09-26 13:31:36,20260926,22,5,2-1-3,106.6
2026-09-26 13:31:36,20260926,22,5,2-1-4,148.4
2026-09-26 13:31:36,20260926,22,5,2-1-5,183.5
2026-09-26 13:31:36,20260926,22,5,2-1-6,125.4
2026-09-26 13:31:36,20260926,22,5,2-3-1,176.3
2026-09-26 13:31:36,20260926,22,5,2-3-4,237.4
2026-09-26 13:31:36,20260926,22,5,2-3-5,329.7
2026-09-26 13:31:36,20260926,22,5,2-3-6,336.0
2026-09-26 13:31:36,20260926,22,5,2-4-1,395.7
2026-09-26 13:31:36,20260926,22,5,2-4-3,356.1
2026-09-26 13:31:36,20260926,22,5,2-4-5,593.6
2026-09-26 13:31:36,20260926,22,5,2-4-6,414.1
2026-09-26 13:31:36,20260926,22,5,2-5-1,371.0
2026-09-26 13:31:36,20260926,22,5,2-5-3,523.7
2026-09-26 13:31:36,20260926,22,5,2-5-4,614.0
2026-09-26 13:31:36,20260926,22,5,2-5-6,636.0
2026-09-26 13:31:36,20260926,22,5,2-6-1,291.9
2026-09-26 13:31:36,20260926,22,5,2-6-3,494.6
2026-09-26 13:31:36,20260926,22,5,2-6-4,614.0
2026-09-26 13:31:36,20260926,22,5,2-6-5,890.4
2026-09-26 13:31:36,20260926,22,5,3-1-2,64.0
2026-09-26 13:31:36,20260926,22,5,3-1-4,75.4
2026-09-26 13:31:36,20260926,22,5,3-1-5,61.4
2026-09-26 13:31:36,20260926,22,5,3-1-6,43.2
2026-09-26 13:31:36,20260926,22,5,3-2-1,156.2
2026-09-26 13:31:36,20260926,22,5,3-2-4,193.5
2026-09-26 13:31:36,20260926,22,5,3-2-5,231.2
2026-09-26 13:31:36,20260926,22,5,3-2-6,282.6
2026-09-26 13:31:36,20260926,22,5,3-4-1,185.5
2026-09-26 13:31:36,20260926,22,5,3-4-2,185.5
2026-09-26 13:31:36,20260926,22,5,3-4-5,282.6
2026-09-26 13:31:36,20260926,22,5,3-4-6,250.8
2026-09-26 13:31:36,20260926,22,5,3-5-1,157.5
2026-09-26 13:31:36,20260926,22,5,3-5-2,231.2
2026-09-26 13:31:36,20260926,22,5,3-5-4,312.4
2026-09-26 13:31:36,20260926,22,5,3-5-6,181.7
2026-09-26 13:31:36,20260926,22,5,3-6-1,77.4
2026-09-26 13:31:36,20260926,22,5,3-6-2,214.5
2026-09-26 13:31:36,20260926,22,5,3-6-4,159.0
2026-09-26 13:31:36,20260926,22,5,3-6-5,222.6
2026-09-26 13:31:36,20260926,22,5,4-1-2,53.6
2026-09-26 13:31:36,20260926,22,5,4-1-3,296.8
2026-09-26 13:31:36,20260926,22,5,4-1-5,434.3
2026-09-26 13:31:36,20260926,22,5,4-1-6,51.6
2026-09-26 13:31:36,20260926,22,5,4-2-1,556.5
2026-09-26 13:31:36,20260926,22,5,4-2-3,395.7
2026-09-26 13:31:36,20260926,22,5,4-2-5,636.0
2026-09-26 13:31:36,20260926,22,5,4-2-6,349.1
2026-09-26 13:31:36,20260926,22,5,4-3-1,269.8
2026-09-26 13:31:36,20260926,22,5,4-3-2,434.3
2026-09-26 13:31:36,20260926,22,5,4-3-5,556.5
2026-09-26 13:31:36,20260926,22,5,4-3-6,445.2
2026-09-26 13:31:36,20260926,22,5,4-5-1,659.5
2026-09-26 13:31:36,20260926,22,5,4-5-2,1272.0
2026-09-26 13:31:36,20260926,22,5,4-5-3,523.7
2026-09-26 13:31:36,20260926,22,5,4-5-6,774.2
2026-09-26 13:31:36,20260926,22,5,4-6-1,58.9
2026-09-26 13:31:36,20260926,22,5,4-6-2,329.7
2026-09-26 13:31:36,20260926,22,5,4-6-3,614.0
2026-09-26 13:31:36,20260926,22,5,4-6-5,989.3
2026-09-26 13:31:36,20260926,22,5,5-1-2,228.3
2026-09-26 13:31:36,20260926,22,5,5-1-3,134.9
2026-09-26 13:31:36,20260926,22,5,5-1-4,243.9
2026-09-26 13:31:36,20260926,22,5,5-1-6,119.5
2026-09-26 13:31:36,20260926,22,5,5-2-1,456.6
2026-09-26 13:31:36,20260926,22,5,5-2-3,456.6
2026-09-26 13:31:36,20260926,22,5,5-2-4,414.1
2026-09-26 13:31:36,20260926,22,5,5-2-6,424.0
2026-09-26 13:31:36,20260926,22,5,5-3-1,202.3
2026-09-26 13:31:36,20260926,22,5,5-3-2,508.8
2026-09-26 13:31:36,20260926,22,5,5-3-4,404.7
2026-09-26 13:31:36,20260926,22,5,5-3-6,261.8
2026-09-26 13:31:36,20260926,22,5,5-4-1,539.6
2026-09-26 13:31:36,20260926,22,5,5-4-2,556.5
2026-09-26 13:31:36,20260926,22,5,5-4-3,684.9
2026-09-26 13:31:36,20260926,22,5,5-4-6,809.4
2026-09-26 13:31:36,20260926,22,5,5-6-1,171.2
2026-09-26 13:31:36,20260926,22,5,5-6-2,329.7
2026-09-26 13:31:36,20260926,22,5,5-6-3,161.8
2026-09-26 13:31:36,20260926,22,5,5-6-4,387.1
2026-09-26 13:31:36,20260926,22,5,6-1-2,97.3
2026-09-26 13:31:36,20260926,22,5,6-1-3,65.2
2026-09-26 13:31:36,20260926,22,5,6-1-4,178.0
2026-09-26 13:31:36,20260926,22,5,6-1-5,142.4
2026-09-26 13:31:36,20260926,22,5,6-2-1,278.2
2026-09-26 13:31:36,20260926,22,5,6-2-3,387.1
2026-09-26 13:31:36,20260926,22,5,6-2-4,774.2
2026-09-26 13:31:36,20260926,22,5,6-2-5,742.0
2026-09-26 13:31:36,20260926,22,5,6-3-1,129.9
2026-09-26 13:31:36,20260926,22,5,6-3-2,342.4
2026-09-26 13:31:36,20260926,22,5,6-3-4,336.0
2026-09-26 13:31:36,20260926,22,5,6-3-5,349.1
2026-09-26 13:31:36,20260926,22,5,6-4-1,356.1
2026-09-26 13:31:36,20260926,22,5,6-4-2,1187.0
2026-09-26 13:31:36,20260926,22,5,6-4-3,989.3
2026-09-26 13:31:36,20260926,22,5,6-4-5,989.3
2026-09-26 13:31:36,20260926,22,5,6-5-1,240.6
2026-09-26 13:31:36,20260926,22,5,6-5-2,659.5
2026-09-26 13:31:36,20260926,22,5,6-5-3,434.3
2026-09-26 13:31:36,20260926,22,5,6-5-4,494.6
2026-09-26 13:33:55,20260926,2,7,1-2-3,6.5
2026-09-26 13:33:55,20260926,2,7,1-2-4,11.2
2026-09-26 13:33:55,20260926,2,7,1-2-5,20.1
2026-09-26 13:33:55,20260926,2,7,1-2-6,20.5
2026-09-26 13:33:55,20260926,2,7,1-3-2,10.7
2026-09-26 13:33:55,20260926,2,7,1-3-4,18.2
2026-09-26 13:33:55,20260926,2,7,1-3-5,32.5
2026-09-26 13:33:55,20260926,2,7,1-3-6,28.0
2026-09-26 13:33:55,20260926,2,7,1-4-2,18.5
2026-09-26 13:33:55,20260926,2,7,1-4-3,24.9
2026-09-26 13:33:55,20260926,2,7,1-4-5,65.4
2026-09-26 13:33:55,20260926,2,7,1-4-6,59.5
2026-09-26 13:33:55,20260926,2,7,1-5-2,33.6
2026-09-26 13:33:55,20260926,2,7,1-5-3,42.0
2026-09-26 13:33:55,20260926,2,7,1-5-4,81.3
2026-09-26 13:33:55,20260926,2,7,1-5-6,84.5
2026-09-26 13:33:55,20260926,2,7,1-6-2,56.6
2026-09-26 13:33:55,20260926,2,7,1-6-3,68.3
2026-09-26 13:33:55,20260926,2,7,1-6-4,102.4
2026-09-26 13:33:55,20260926,2,7,1-6-5,117.4
2026-09-26 13:33:55,20260926,2,7,2-1-3,36.5
2026-09-26 13:33:55,20260926,2,7,2-1-4,60.3
2026-09-26 13:33:55,20260926,2,7,2-1-5,87.7
2026-09-26 13:33:55,20260926,2,7,2-1-6,90.8
2026-09-26 13:33:55,20260926,2,7,2-3-1,61.9
2026-09-26 13:33:55,20260926,2,7,2-3-4,111.7
2026-09-26 13:33:55,20260926,2,7,2-3-5,165.8
2026-09-26 13:33:55,20260926,2,7,2-3-6,270.6
2026-09-26 13:33:55,20260926,2,7,2-4-1,193.3
2026-09-26 13:33:55,20260926,2,7,2-4-3,183.6
2026-09-26 13:33:55,20260926,2,7,2-4-5,267.8
2026-09-26 13:33:55,20260926,2,7,2-4-6,313.5
2026-09-26 13:33:55,20260926,2,7,2-5-1,112.2
2026-09-26 13:33:55,20260926,2,7,2-5-3,149.4
2026-09-26 13:33:55,20260926,2,7,2-5-4,238.0
2026-09-26 13:33:55,20260926,2,7,2-5-6,276.4
2026-09-26 13:33:55,20260926,2,7,2-6-1,221.6
2026-09-26 13:33:55,20260926,2,7,2-6-3,267.8
2026-09-26 13:33:55,20260926,2,7,2-6-4,362.1
2026-09-26 13:33:55,20260926,2,7,2-6-5,428.5
2026-09-26 13:33:55,20260926,2,7,3-1-2,47.8
2026-09-26 13:33:55,20260926,2,7,3-1-4,57.3
2026-09-26 13:33:55,20260926,2,7,3-1-5,60.9
2026-09-26 13:33:55,20260926,2,7,3-1-6,74.1
2026-09-26 13:33:55,20260926,2,7,3-2-1,86.2
2026-09-26 13:33:55,20260926,2,7,3-2-4,112.2
2026-09-26 13:33:55,20260926,2,7,3-2-5,131.1
2026-09-26 13:33:55,20260926,2,7,3-2-6,217.9
2026-09-26 13:33:55,20260926,2,7,3-4-1,109.4
2026-09-26 13:33:55,20260926,2,7,3-4-2,124.2
2026-09-26 13:33:55,20260926,2,7,3-4-5,221.6
2026-09-26 13:33:55,20260926,2,7,3-4-6,227.5
2026-09-26 13:33:55,20260926,2,7,3-5-1,136.0
2026-09-26 13:33:55,20260926,2,7,3-5-2,140.5
2026-09-26 13:33:55,20260926,2,7,3-5-4,270.6
2026-09-26 13:33:55,20260926,2,7,3-5-6,298.9
2026-09-26 13:33:55,20260926,2,7,3-6-1,273.5
2026-09-26 13:33:55,20260926,2,7,3-6-2,295.5
2026-09-26 13:33:55,20260926,2,7,3-6-4,476.1
2026-09-26 13:33:55,20260926,2,7,3-6-5,362.1
2026-09-26 13:33:55,20260926,2,7,4-1-2,148.6
2026-09-26 13:33:55,20260926,2,7,4-1-3,144.4
2026-09-26 13:33:55,20260926,2,7,4-1-5,205.7
2026-09-26 13:33:55,20260926,2,7,4-1-6,262.3
2026-09-26 13:33:55,20260926,2,7,4-2-1,197.7
2026-09-26 13:33:55,20260926,2,7,4-2-3,177.3
2026-09-26 13:33:55,20260926,2,7,4-2-5,227.5
2026-09-26 13:33:55,20260926,2,7,4-2-6,295.5
2026-09-26 13:33:55,20260926,2,7,4-3-1,152.1
2026-09-26 13:33:55,20260926,2,7,4-3-2,221.6
2026-09-26 13:33:55,20260926,2,7,4-3-5,306.1
2026-09-26 13:33:55,20260926,2,7,4-3-6,325.4
2026-09-26 13:33:55,20260926,2,7,4-5-1,231.6
2026-09-26 13:33:55,20260926,2,7,4-5-2,282.5
2026-09-26 13:33:55,20260926,2,7,4-5-3,273.5
2026-09-26 13:33:55,20260926,2,7,4-5-6,347.4
2026-09-26 13:33:55,20260926,2,7,4-6-1,317.4
2026-09-26 13:33:55,20260926,2,7,4-6-2,325.4
2026-09-26 13:33:55,20260926,2,7,4-6-3,342.8
2026-09-26 13:33:55,20260926,2,7,4-6-5,321.4
2026-09-26 13:33:55,20260926,2,7,5-1-2,124.8
2026-09-26 13:33:55,20260926,2,7,5-1-3,93.8
2026-09-26 13:33:55,20260926,2,7,5-1-4,129.2
2026-09-26 13:33:55,20260926,2,7,5-1-6,119.5
2026-09-26 13:33:55,20260926,2,7,5-2-1,160.7
2026-09-26 13:33:55,20260926,2,7,5-2-3,219.7
2026-09-26 13:33:55,20260926,2,7,5-2-4,302.5
2026-09-26 13:33:55,20260926,2,7,5-2-6,347.4
2026-09-26 13:33:55,20260926,2,7,5-3-1,189.0
2026-09-26 13:33:55,20260926,2,7,5-3-2,252.0
2026-09-26 13:33:55,20260926,2,7,5-3-4,338.3
2026-09-26 13:33:55,20260926,2,7,5-3-6,367.3
2026-09-26 13:33:55,20260926,2,7,5-4-1,401.7
2026-09-26 13:33:55,20260926,2,7,5-4-2,408.1
2026-09-26 13:33:55,20260926,2,7,5-4-3,558.9
2026-09-26 13:33:55,20260926,2,7,5-4-6,342.8
2026-09-26 13:33:55,20260926,2,7,5-6-1,176.1
2026-09-26 13:33:55,20260926,2,7,5-6-2,459.1
2026-09-26 13:33:55,20260926,2,7,5-6-3,459.1
2026-09-26 13:33:55,20260926,2,7,5-6-4,467.5
2026-09-26 13:33:55,20260926,2,7,6-1-2,249.6
2026-09-26 13:33:55,20260926,2,7,6-1-3,408.1
2026-09-26 13:33:55,20260926,2,7,6-1-4,779.1
2026-09-26 13:33:55,20260926,2,7,6-1-5,467.5
2026-09-26 13:33:55,20260926,2,7,6-2-1,367.3
2026-09-26 13:33:55,20260926,2,7,6-2-3,627.1
2026-09-26 13:33:55,20260926,2,7,6-2-4,714.2
2026-09-26 13:33:55,20260926,2,7,6-2-5,676.6
2026-09-26 13:33:55,20260926,2,7,6-3-1,494.4
2026-09-26 13:33:55,20260926,2,7,6-3-2,714.2
2026-09-26 13:33:55,20260926,2,7,6-3-4,476.1
2026-09-26 13:33:55,20260926,2,7,6-3-5,803.5
2026-09-26 13:33:55,20260926,2,7,6-4-1,1071.0
2026-09-26 13:33:55,20260926,2,7,6-4-2,659.3
2026-09-26 13:33:55,20260926,2,7,6-4-3,558.9
2026-09-26 13:33:55,20260926,2,7,6-4-5,756.2
2026-09-26 13:33:55,20260926,2,7,6-5-1,367.3
2026-09-26 13:33:55,20260926,2,7,6-5-2,694.9
2026-09-26 13:33:55,20260926,2,7,6-5-3,734.6
2026-09-26 13:33:55,20260926,2,7,6-5-4,642.8
2026-09-26 13:38:41,20260926,21,11,1-2-3,30.1
2026-09-26 13:38:41,20260926,21,11,1-2-4,66.1
2026-09-26 13:38:41,20260926,21,11,1-2-5,14.5
2026-09-26 13:38:41,20260926,21,11,1-2-6,38.6
2026-09-26 13:38:41,20260926,21,11,1-3-2,39.0
2026-09-26 13:38:41,20260926,21,11,1-3-4,73.0
2026-09-26 13:38:41,20260926,21,11,1-3-5,16.7
2026-09-26 13:38:41,20260926,21,11,1-3-6,47.7
2026-09-26 13:38:41,20260926,21,11,1-4-2,111.0
2026-09-26 13:38:41,20260926,21,11,1-4-3,121.5
2026-09-26 13:38:41,20260926,21,11,1-4-5,51.4
2026-09-26 13:38:41,20260926,21,11,1-4-6,105.8
2026-09-26 13:38:41,20260926,21,11,1-5-2,11.3
2026-09-26 13:38:41,20260926,21,11,1-5-3,12.4
2026-09-26 13:38:41,20260926,21,11,1-5-4,30.4
2026-09-26 13:38:41,20260926,21,11,1-5-6,9.5
2026-09-26 13:38:41,20260926,21,11,1-6-2,84.7
2026-09-26 13:38:41,20260926,21,11,1-6-3,115.5
2026-09-26 13:38:41,20260926,21,11,1-6-4,162.9
2026-09-26 13:38:41,20260926,21,11,1-6-5,38.3
2026-09-26 13:38:41,20260926,21,11,2-1-3,125.7
2026-09-26 13:38:41,20260926,21,11,2-1-4,216.1
2026-09-26 13:38:41,20260926,21,11,2-1-5,49.8
2026-09-26 13:38:41,20260926,21,11,2-1-6,109.5
2026-09-26 13:38:41,20260926,21,11,2-3-1,243.6
2026-09-26 13:38:41,20260926,21,11,2-3-4,605.3
2026-09-26 13:38:41,20260926,21,11,2-3-5,277.6
2026-09-26 13:38:41,20260926,21,11,2-3-6,587.7
2026-09-26 13:38:41,20260926,21,11,2-4-1,446.7
2026-09-26 13:38:41,20260926,21,11,2-4-3,796.5
2026-09-26 13:38:41,20260926,21,11,2-4-5,455.1
2026-09-26 13:38:41,20260926,21,11,2-4-6,524.1
2026-09-26 13:38:41,20260926,21,11,2-5-1,62.3
2026-09-26 13:38:41,20260926,21,11,2-5-3,166.0
2026-09-26 13:38:41,20260926,21,11,2-5-4,313.6
2026-09-26 13:38:41,20260926,21,11,2-5-6,94.1
2026-09-26 13:38:41,20260926,21,11,2-6-1,249.6
2026-09-26 13:38:41,20260926,21,11,2-6-3,781.1
2026-09-26 13:38:41,20260926,21,11,2-6-4,665.2
2026-09-26 13:38:41,20260926,21,11,2-6-5,209.8
2026-09-26 13:38:41,20260926,21,11,3-1-2,127.9
2026-09-26 13:38:41,20260926,21,11,3-1-4,198.4
2026-09-26 13:38:41,20260926,21,11,3-1-5,54.0
2026-09-26 13:38:41,20260926,21,11,3-1-6,173.4
2026-09-26 13:38:41,20260926,21,11,3-2-1,243.1
2026-09-26 13:38:41,20260926,21,11,3-2-4,418.9
2026-09-26 13:38:41,20260926,21,11,3-2-5,238.3
2026-09-26 13:38:41,20260926,21,11,3-2-6,557.9
2026-09-26 13:38:41,20260926,21,11,3-4-1,399.5
2026-09-26 13:38:41,20260926,21,11,3-4-2,617.7
2026-09-26 13:38:41,20260926,21,11,3-4-5,390.5
2026-09-26 13:38:41,20260926,21,11,3-4-6,687.9
2026-09-26 13:38:41,20260926,21,11,3-5-1,69.1
2026-09-26 13:38:41,20260926,21,11,3-5-2,163.8
2026-09-26 13:38:41,20260926,21,11,3-5-4,260.3
2026-09-26 13:38:41,20260926,21,11,3-5-6,146.5
2026-09-26 13:38:41,20260926,21,11,3-6-1,617.7
2026-09-26 13:38:41,20260926,21,11,3-6-2,834.9
2026-09-26 13:38:41,20260926,21,11,3-6-4,1034.0
2026-09-26 13:38:41,20260926,21,11,3-6-5,384.3
2026-09-26 13:38:41,20260926,21,11,4-1-2,365.7
2026-09-26 13:38:41,20260926,21,11,4-1-3,375.9
2026-09-26 13:38:41,20260926,21,11,4-1-5,155.0
2026-09-26 13:38:41,20260926,21,11,4-1-6,291.0
2026-09-26 13:38:41,20260926,21,11,4-2-1,599.3
2026-09-26 13:38:41,20260926,21,11,4-2-3,687.9
2026-09-26 13:38:41,20260926,21,11,4-2-5,451.7
2026-09-26 13:38:41,20260926,21,11,4-2-6,691.8
2026-09-26 13:38:41,20260926,21,11,4-3-1,563.1
2026-09-26 13:38:41,20260926,21,11,4-3-2,871.0
2026-09-26 13:38:41,20260926,21,11,4-3-5,526.3
2026-09-26 13:38:41,20260926,21,11,4-3-6,801.7
2026-09-26 13:38:41,20260926,21,11,4-5-1,174.2
2026-09-26 13:38:41,20260926,21,11,4-5-2,318.6
2026-09-26 13:38:41,20260926,21,11,4-5-3,407.6
2026-09-26 13:38:41,20260926,21,11,4-5-6,198.1
2026-09-26 13:38:41,20260926,21,11,4-6-1,513.0
2026-09-26 13:38:41,20260926,21,11,4-6-2,703.9
2026-09-26 13:38:41,20260926,21,11,4-6-3,984.3
2026-09-26 13:38:41,20260926,21,11,4-6-5,430.8
2026-09-26 13:38:41,20260926,21,11,5-1-2,18.9
2026-09-26 13:38:41,20260926,21,11,5-1-3,24.2
2026-09-26 13:38:41,20260926,21,11,5-1-4,53.5
2026-09-26 13:38:41,20260926,21,11,5-1-6,14.9
2026-09-26 13:38:41,20260926,21,11,5-2-1,48.2
2026-09-26 13:38:41,20260926,21,11,5-2-3,116.6
2026-09-26 13:38:41,20260926,21,11,5-2-4,197.8
2026-09-26 13:38:41,20260926,21,11,5-2-6,64.7
2026-09-26 13:38:41,20260926,21,11,5-3-1,70.0
2026-09-26 13:38:41,20260926,21,11,5-3-2,151.7
2026-09-26 13:38:41,20260926,21,11,5-3-4,257.5
2026-09-26 13:38:41,20260926,21,11,5-3-6,120.7
2026-09-26 13:38:41,20260926,21,11,5-4-1,156.2
2026-09-26 13:38:41,20260926,21,11,5-4-2,294.5
2026-09-26 13:38:41,20260926,21,11,5-4-3,321.9
2026-09-26 13:38:41,20260926,21,11,5-4-6,166.9
2026-09-26 13:38:41,20260926,21,11,5-6-1,25.9
2026-09-26 13:38:41,20260926,21,11,5-6-2,54.9
2026-09-26 13:38:41,20260926,21,11,5-6-3,81.4
2026-09-26 13:38:41,20260926,21,11,5-6-4,114.3
2026-09-26 13:38:41,20260926,21,11,6-1-2,276.4
2026-09-26 13:38:41,20260926,21,11,6-1-3,596.4
2026-09-26 13:38:41,20260926,21,11,6-1-4,708.0
2026-09-26 13:38:41,20260926,21,11,6-1-5,106.5
2026-09-26 13:38:41,20260926,21,11,6-2-1,407.6
2026-09-26 13:38:41,20260926,21,11,6-2-3,1052.0
2026-09-26 13:38:41,20260926,21,11,6-2-4,1034.0
2026-09-26 13:38:41,20260926,21,11,6-2-5,332.6
2026-09-26 13:38:41,20260926,21,11,6-3-1,818.0
2026-09-26 13:38:41,20260926,21,11,6-3-2,1110.0
2026-09-26 13:38:41,20260926,21,11,6-3-4,1330.0
2026-09-26 13:38:41,20260926,21,11,6-3-5,582.0
2026-09-26 13:38:41,20260926,21,11,6-4-1,1186.0
2026-09-26 13:38:41,20260926,21,11,6-4-2,1261.0
2026-09-26 13:38:41,20260926,21,11,6-4-3,1458.0
2026-09-26 13:38:41,20260926,21,11,6-4-5,672.6
2026-09-26 13:38:41,20260926,21,11,6-5-1,95.4
2026-09-26 13:38:41,20260926,21,11,6-5-2,227.1
2026-09-26 13:38:41,20260926,21,11,6-5-3,336.3
2026-09-26 13:38:41,20260926,21,11,6-5-4,383.1
2026-09-26 13:41:30,20260926,13,8,1-2-3,36.8
2026-09-26 13:41:30,20260926,13,8,1-2-4,16.6
2026-09-26 13:41:30,20260926,13,8,1-2-5,72.4
2026-09-26 13:41:30,20260926,13,8,1-2-6,10.1
2026-09-26 13:41:30,20260926,13,8,1-3-2,100.9
2026-09-26 13:41:30,20260926,13,8,1-3-4,105.5
2026-09-26 13:41:30,20260926,13,8,1-3-5,109.8
2026-09-26 13:41:30,20260926,13,8,1-3-6,81.0
2026-09-26 13:41:30,20260926,13,8,1-4-2,25.6
2026-09-26 13:41:30,20260926,13,8,1-4-3,49.8
2026-09-26 13:41:30,20260926,13,8,1-4-5,93.3
2026-09-26 13:41:30,20260926,13,8,1-4-6,20.1
2026-09-26 13:41:30,20260926,13,8,1-5-2,194.6
2026-09-26 13:41:30,20260926,13,8,1-5-3,164.1
2026-09-26 13:41:30,20260926,13,8,1-5-4,278.0
2026-09-26 13:41:30,20260926,13,8,1-5-6,216.2
2026-09-26 13:41:30,20260926,13,8,1-6-2,13.1
2026-09-26 13:41:30,20260926,13,8,1-6-3,66.7
2026-09-26 13:41:30,20260926,13,8,1-6-4,22.1
2026-09-26 13:41:30,20260926,13,8,1-6-5,153.0
2026-09-26 13:41:30,20260926,13,8,2-1-3,61.6
2026-09-26 13:41:30,20260926,13,8,2-1-4,32.8
2026-09-26 13:41:30,20260926,13,8,2-1-5,143.3
2026-09-26 13:41:30,20260926,13,8,2-1-6,16.5
2026-09-26 13:41:30,20260926,13,8,2-3-1,283.7
2026-09-26 13:41:30,20260926,13,8,2-3-4,216.2
2026-09-26 13:41:30,20260926,13,8,2-3-5,296.1
2026-09-26 13:41:30,20260926,13,8,2-3-6,111.6
2026-09-26 13:41:30,20260926,13,8,2-4-1,63.3
2026-09-26 13:41:30,20260926,13,8,2-4-3,296.1
2026-09-26 13:41:30,20260926,13,8,2-4-5,324.3
2026-09-26 13:41:30,20260926,13,8,2-4-6,26.4
2026-09-26 13:41:30,20260926,13,8,2-5-1,252.2
2026-09-26 13:41:30,20260926,13,8,2-5-3,252.2
2026-09-26 13:41:30,20260926,13,8,2-5-4,567.5
2026-09-26 13:41:30,20260926,13,8,2-5-6,223.3
2026-09-26 13:41:30,20260926,13,8,2-6-1,21.8
2026-09-26 13:41:30,20260926,13,8,2-6-3,73.2
2026-09-26 13:41:30,20260926,13,8,2-6-4,22.9
2026-09-26 13:41:30,20260926,13,8,2-6-5,137.5
2026-09-26 13:41:30,20260926,13,8,3-1-2,316.7
2026-09-26 13:41:30,20260926,13,8,3-1-4,243.2
2026-09-26 13:41:30,20260926,13,8,3-1-5,154.7
2026-09-26 13:41:30,20260926,13,8,3-1-6,267.1
2026-09-26 13:41:30,20260926,13,8,3-2-1,523.9
2026-09-26 13:41:30,20260926,13,8,3-2-4,203.3
2026-09-26 13:41:30,20260926,13,8,3-2-5,130.9
2026-09-26 13:41:30,20260926,13,8,3-2-6,203.3
2026-09-26 13:41:30,20260926,13,8,3-4-1,358.4
2026-09-26 13:41:30,20260926,13,8,3-4-2,309.5
2026-09-26 13:41:30,20260926,13,8,3-4-5,439.4
2026-09-26 13:41:30,20260926,13,8,3-4-6,179.2
2026-09-26 13:41:30,20260926,13,8,3-5-1,324.3
2026-09-26 13:41:30,20260926,13,8,3-5-2,227.0
2026-09-26 13:41:30,20260926,13,8,3-5-4,469.7
2026-09-26 13:41:30,20260926,13,8,3-5-6,439.4
2026-09-26 13:41:30,20260926,13,8,3-6-1,454.0
2026-09-26 13:41:30,20260926,13,8,3-6-2,238.9
2026-09-26 13:41:30,20260926,13,8,3-6-4,439.4
2026-09-26 13:41:30,20260926,13,8,3-6-5,716.9
2026-09-26 13:41:30,20260926,13,8,4-1-2,69.5
2026-09-26 13:41:30,20260926,13,8,4-1-3,261.9
2026-09-26 13:41:30,20260926,13,8,4-1-5,252.2
2026-09-26 13:41:30,20260926,13,8,4-1-6,74.8
2026-09-26 13:41:30,20260926,13,8,4-2-1,59.4
2026-09-26 13:41:30,20260926,13,8,4-2-3,296.1
2026-09-26 13:41:30,20260926,13,8,4-2-5,212.8
2026-09-26 13:41:30,20260926,13,8,4-2-6,54.9
2026-09-26 13:41:30,20260926,13,8,4-3-1,504.5
2026-09-26 13:41:30,20260926,13,8,4-3-2,801.3
2026-09-26 13:41:30,20260926,13,8,4-3-5,908.1
2026-09-26 13:41:30,20260926,13,8,4-3-6,504.5
2026-09-26 13:41:30,20260926,13,8,4-5-1,151.3
2026-09-26 13:41:30,20260926,13,8,4-5-2,358.4
2026-09-26 13:41:30,20260926,13,8,4-5-3,504.5
2026-09-26 13:41:30,20260926,13,8,4-5-6,189.1
2026-09-26 13:41:30,20260926,13,8,4-6-1,74.4
2026-09-26 13:41:30,20260926,13,8,4-6-2,54.7
2026-09-26 13:41:30,20260926,13,8,4-6-3,316.7
2026-09-26 13:41:30,20260926,13,8,4-6-5,278.0
2026-09-26 13:41:30,20260926,13,8,5-1-2,340.5
2026-09-26 13:41:30,20260926,13,8,5-1-3,302.7
2026-09-26 13:41:30,20260926,13,8,5-1-4,439.4
2026-09-26 13:41:30,20260926,13,8,5-1-6,332.2
2026-09-26 13:41:30,20260926,13,8,5-2-1,592.2
2026-09-26 13:41:30,20260926,13,8,5-2-3,316.7
2026-09-26 13:41:30,20260926,13,8,5-2-4,349.2
2026-09-26 13:41:30,20260926,13,8,5-2-6,358.4
2026-09-26 13:41:30,20260926,13,8,5-3-1,400.6
2026-09-26 13:41:30,20260926,13,8,5-3-2,439.4
2026-09-26 13:41:30,20260926,13,8,5-3-4,851.3
2026-09-26 13:41:30,20260926,13,8,5-3-6,592.2
2026-09-26 13:41:30,20260926,13,8,5-4-1,648.6
2026-09-26 13:41:30,20260926,13,8,5-4-2,523.9
2026-09-26 13:41:30,20260926,13,8,5-4-3,908.1
2026-09-26 13:41:30,20260926,13,8,5-4-6,247.6
2026-09-26 13:41:30,20260926,13,8,5-6-1,544.8
2026-09-26 13:41:30,20260926,13,8,5-6-2,378.3
2026-09-26 13:41:30,20260926,13,8,5-6-3,400.6
2026-09-26 13:41:30,20260926,13,8,5-6-4,469.7
2026-09-26 13:41:30,20260926,13,8,6-1-2,19.9
2026-09-26 13:41:30,20260926,13,8,6-1-3,141.8
2026-09-26 13:41:30,20260926,13,8,6-1-4,59.4
2026-09-26 13:41:30,20260926,13,8,6-1-5,278.0
2026-09-26 13:41:30,20260926,13,8,6-2-1,20.6
2026-09-26 13:41:30,20260926,13,8,6-2-3,81.0
2026-09-26 13:41:30,20260926,13,8,6-2-4,34.3
2026-09-26 13:41:30,20260926,13,8,6-2-5,179.2
2026-09-26 13:41:30,20260926,13,8,6-3-1,368.1
2026-09-26 13:41:30,20260926,13,8,6-3-2,200.3
2026-09-26 13:41:30,20260926,13,8,6-3-4,400.6
2026-09-26 13:41:30,20260926,13,8,6-3-5,567.5
2026-09-26 13:41:30,20260926,13,8,6-4-1,79.1
2026-09-26 13:41:30,20260926,13,8,6-4-2,51.7
2026-09-26 13:41:30,20260926,13,8,6-4-3,486.5
2026-09-26 13:41:30,20260926,13,8,6-4-5,469.7
2026-09-26 13:41:30,20260926,13,8,6-5-1,486.5
2026-09-26 13:41:30,20260926,13,8,6-5-2,324.3
2026-09-26 13:41:30,20260926,13,8,6-5-3,425.6
2026-09-26 13:41:30,20260926,13,8,6-5-4,340.5
2026-09-26 13:45:44,20260926,3,7,1-2-3,24.7
2026-09-26 13:45:44,20260926,3,7,1-2-4,80.9
2026-09-26 13:45:44,20260926,3,7,1-2-5,103.4
2026-09-26 13:45:44,20260926,3,7,1-2-6,148.2
2026-09-26 13:45:44,20260926,3,7,1-3-2,14.5
2026-09-26 13:45:44,20260926,3,7,1-3-4,14.3
2026-09-26 13:45:44,20260926,3,7,1-3-5,19.5
2026-09-26 13:45:44,20260926,3,7,1-3-6,60.4
2026-09-26 13:45:44,20260926,3,7,1-4-2,95.1
2026-09-26 13:45:44,20260926,3,7,1-4-3,44.7
2026-09-26 13:45:44,20260926,3,7,1-4-5,117.9
2026-09-26 13:45:44,20260926,3,7,1-4-6,194.8
2026-09-26 13:45:44,20260926,3,7,1-5-2,110.9
2026-09-26 13:45:44,20260926,3,7,1-5-3,72.8
2026-09-26 13:45:44,20260926,3,7,1-5-4,105.3
2026-09-26 13:45:44,20260926,3,7,1-5-6,153.7
2026-09-26 13:45:44,20260926,3,7,1-6-2,229.5
2026-09-26 13:45:44,20260926,3,7,1-6-3,169.2
2026-09-26 13:45:44,20260926,3,7,1-6-4,246.3
2026-09-26 13:45:44,20260926,3,7,1-6-5,288.8
2026-09-26 13:45:44,20260926,3,7,2-1-3,70.6
2026-09-26 13:45:44,20260926,3,7,2-1-4,139.6
2026-09-26 13:45:44,20260926,3,7,2-1-5,212.0
2026-09-26 13:45:44,20260926,3,7,2-1-6,299.1
2026-09-26 13:45:44,20260926,3,7,2-3-1,74.1
2026-09-26 13:45:44,20260926,3,7,2-3-4,108.7
2026-09-26 13:45:44,20260926,3,7,2-3-5,105.3
2026-09-26 13:45:44,20260926,3,7,2-3-6,58.1
2026-09-26 13:45:44,20260926,3,7,2-4-1,155.1
2026-09-26 13:45:44,20260926,3,7,2-4-3,220.4
2026-09-26 13:45:44,20260926,3,7,2-4-5,304.6
2026-09-26 13:45:44,20260926,3,7,2-4-6,250.0
2026-09-26 13:45:44,20260926,3,7,2-5-1,364.2
2026-09-26 13:45:44,20260926,3,7,2-5-3,184.1
2026-09-26 13:45:44,20260926,3,7,2-5-4,507.7
2026-09-26 13:45:44,20260926,3,7,2-5-6,299.1
2026-09-26 13:45:44,20260926,3,7,2-6-1,465.4
2026-09-26 13:45:44,20260926,3,7,2-6-3,465.4
2026-09-26 13:45:44,20260926,3,7,2-6-4,478.7
2026-09-26 13:45:44,20260926,3,7,2-6-5,372.3
2026-09-26 13:45:44,20260926,3,7,3-1-2,13.6
2026-09-26 13:45:44,20260926,3,7,3-1-4,10.4
2026-09-26 13:45:44,20260926,3,7,3-1-5,14.6
2026-09-26 13:45:44,20260926,3,7,3-1-6,52.8
2026-09-26 13:45:44,20260926,3,7,3-2-1,35.3
2026-09-26 13:45:44,20260926,3,7,3-2-4,48.8
2026-09-26 13:45:44,20260926,3,7,3-2-5,58.1
2026-09-26 13:45:44,20260926,3,7,3-2-6,90.0
2026-09-26 13:45:44,20260926,3,7,3-4-1,19.9
2026-09-26 13:45:44,20260926,3,7,3-4-2,31.5
2026-09-26 13:45:44,20260926,3,7,3-4-5,30.7
2026-09-26 13:45:44,20260926,3,7,3-4-6,42.5
2026-09-26 13:45:44,20260926,3,7,3-5-1,40.0
2026-09-26 13:45:44,20260926,3,7,3-5-2,48.5
2026-09-26 13:45:44,20260926,3,7,3-5-4,40.1
2026-09-26 13:45:44,20260926,3,7,3-5-6,94.6
2026-09-26 13:45:44,20260926,3,7,3-6-1,114.7
2026-09-26 13:45:44,20260926,3,7,3-6-2,184.1
2026-09-26 13:45:44,20260926,3,7,3-6-4,176.3
2026-09-26 13:45:44,20260926,3,7,3-6-5,194.8
2026-09-26 13:45:44,20260926,3,7,4-1-2,212.0
2026-09-26 13:45:44,20260926,3,7,4-1-3,76.5
2026-09-26 13:45:44,20260926,3,7,4-1-5,153.7
2026-09-26 13:45:44,20260926,3,7,4-1-6,270.2
2026-09-26 13:45:44,20260926,3,7,4-2-1,304.6
2026-09-26 13:45:44,20260926,3,7,4-2-3,293.9
2026-09-26 13:45:44,20260926,3,7,4-2-5,356.4
2026-09-26 13:45:44,20260926,3,7,4-2-6,418.8
2026-09-26 13:45:44,20260926,3,7,4-3-1,40.9
2026-09-26 13:45:44,20260926,3,7,4-3-2,70.3
2026-09-26 13:45:44,20260926,3,7,4-3-5,68.6
2026-09-26 13:45:44,20260926,3,7,4-3-6,79.0
2026-09-26 13:45:44,20260926,3,7,4-5-1,186.1
2026-09-26 13:45:44,20260926,3,7,4-5-2,214.8
2026-09-26 13:45:44,20260926,3,7,4-5-3,178.2
2026-09-26 13:45:44,20260926,3,7,4-5-6,186.1
2026-09-26 13:45:44,20260926,3,7,4-6-1,507.7
2026-09-26 13:45:44,20260926,3,7,4-6-2,364.2
2026-09-26 13:45:44,20260926,3,7,4-6-3,299.1
2026-09-26 13:45:44,20260926,3,7,4-6-5,364.2
2026-09-26 13:45:44,20260926,3,7,5-1-2,226.4
2026-09-26 13:45:44,20260926,3,7,5-1-3,101.5
2026-09-26 13:45:44,20260926,3,7,5-1-4,322.2
2026-09-26 13:45:44,20260926,3,7,5-1-6,192.5
2026-09-26 13:45:44,20260926,3,7,5-2-1,293.9
2026-09-26 13:45:44,20260926,3,7,5-2-3,144.4
2026-09-26 13:45:44,20260926,3,7,5-2-4,341.9
2026-09-26 13:45:44,20260926,3,7,5-2-6,380.7
2026-09-26 13:45:44,20260926,3,7,5-3-1,89.5
2026-09-26 13:45:44,20260926,3,7,5-3-2,125.9
2026-09-26 13:45:44,20260926,3,7,5-3-4,141.9
2026-09-26 13:45:44,20260926,3,7,5-3-6,235.9
2026-09-26 13:45:44,20260926,3,7,5-4-1,380.7
2026-09-26 13:45:44,20260926,3,7,5-4-2,670.2
2026-09-26 13:45:44,20260926,3,7,5-4-3,322.2
2026-09-26 13:45:44,20260926,3,7,5-4-6,398.9
2026-09-26 13:45:44,20260926,3,7,5-6-1,620.5
2026-09-26 13:45:44,20260926,3,7,5-6-2,492.7
2026-09-26 13:45:44,20260926,3,7,5-6-3,310.2
2026-09-26 13:45:44,20260926,3,7,5-6-4,492.7
2026-09-26 13:45:44,20260926,3,7,6-1-2,452.8
2026-09-26 13:45:44,20260926,3,7,6-1-3,507.7
2026-09-26 13:45:44,20260926,3,7,6-1-4,985.5
2026-09-26 13:45:44,20260926,3,7,6-1-5,797.8
2026-09-26 13:45:44,20260926,3,7,6-2-1,644.4
2026-09-26 13:45:44,20260926,3,7,6-2-3,698.1
2026-09-26 13:45:44,20260926,3,7,6-2-4,797.8
2026-09-26 13:45:44,20260926,3,7,6-2-5,598.3
2026-09-26 13:45:44,20260926,3,7,6-3-1,356.4
2026-09-26 13:45:44,20260926,3,7,6-3-2,930.8
2026-09-26 13:45:44,20260926,3,7,6-3-4,389.6
2026-09-26 13:45:44,20260926,3,7,6-3-5,598.3
2026-09-26 13:45:44,20260926,3,7,6-4-1,881.8
2026-09-26 13:45:44,20260926,3,7,6-4-2,881.8
2026-09-26 13:45:44,20260926,3,7,6-4-3,728.4
2026-09-26 13:45:44,20260926,3,7,6-4-5,728.4
2026-09-26 13:45:44,20260926,3,7,6-5-1,644.4
2026-09-26 13:45:44,20260926,3,7,6-5-2,620.5
2026-09-26 13:45:44,20260926,3,7,6-5-3,540.4
2026-09-26 13:45:44,20260926,3,7,6-5-4,364.2
2026-09-26 13:45:54,20260926,9,8,1-2-3,13.1
2026-09-26 13:45:54,20260926,9,8,1-2-4,50.7
2026-09-26 13:45:54,20260926,9,8,1-2-5,86.3
2026-09-26 13:45:54,20260926,9,8,1-2-6,264.9
2026-09-26 13:45:54,20260926,9,8,1-3-2,6.7
2026-09-26 13:45:54,20260926,9,8,1-3-4,11.0
2026-09-26 13:45:54,20260926,9,8,1-3-5,24.0
2026-09-26 13:45:54,20260926,9,8,1-3-6,82.6
2026-09-26 13:45:54,20260926,9,8,1-4-2,93.1
2026-09-26 13:45:54,20260926,9,8,1-4-3,40.0
2026-09-26 13:45:54,20260926,9,8,1-4-5,192.0
2026-09-26 13:45:54,20260926,9,8,1-4-6,247.8
2026-09-26 13:45:54,20260926,9,8,1-5-2,147.7
2026-09-26 13:45:54,20260926,9,8,1-5-3,104.5
2026-09-26 13:45:54,20260926,9,8,1-5-4,260.4
2026-09-26 13:45:54,20260926,9,8,1-5-6,313.5
2026-09-26 13:45:54,20260926,9,8,1-6-2,274.3
2026-09-26 13:45:54,20260926,9,8,1-6-3,129.1
2026-09-26 13:45:54,20260926,9,8,1-6-4,357.3
2026-09-26 13:45:54,20260926,9,8,1-6-5,731.7
2026-09-26 13:45:54,20260926,9,8,2-1-3,26.0
2026-09-26 13:45:54,20260926,9,8,2-1-4,144.9
2026-09-26 13:45:54,20260926,9,8,2-1-5,167.0
2026-09-26 13:45:54,20260926,9,8,2-1-6,439.0
2026-09-26 13:45:54,20260926,9,8,2-3-1,24.7
2026-09-26 13:45:54,20260926,9,8,2-3-4,96.0
2026-09-26 13:45:54,20260926,9,8,2-3-5,102.4
2026-09-26 13:45:54,20260926,9,8,2-3-6,439.0
2026-09-26 13:45:54,20260926,9,8,2-4-1,295.5
2026-09-26 13:45:54,20260926,9,8,2-4-3,229.3
2026-09-26 13:45:54,20260926,9,8,2-4-5,614.6
2026-09-26 13:45:54,20260926,9,8,2-4-6,374.7
2026-09-26 13:45:54,20260926,9,8,2-5-1,284.5
2026-09-26 13:45:54,20260926,9,8,2-5-3,147.7
2026-09-26 13:45:54,20260926,9,8,2-5-4,548.7
2026-09-26 13:45:54,20260926,9,8,2-5-6,569.1
2026-09-26 13:45:54,20260926,9,8,2-6-1,960.3
2026-09-26 13:45:54,20260926,9,8,2-6-3,640.2
2026-09-26 13:45:54,20260926,9,8,2-6-4,668.0
2026-09-26 13:45:54,20260926,9,8,2-6-5,548.7
2026-09-26 13:45:54,20260926,9,8,3-1-2,7.8
2026-09-26 13:45:54,20260926,9,8,3-1-4,11.0
2026-09-26 13:45:54,20260926,9,8,3-1-5,17.3
2026-09-26 13:45:54,20260926,9,8,3-1-6,60.2
2026-09-26 13:45:54,20260926,9,8,3-2-1,14.0
2026-09-26 13:45:54,20260926,9,8,3-2-4,37.5
2026-09-26 13:45:54,20260926,9,8,3-2-5,50.3
2026-09-26 13:45:54,20260926,9,8,3-2-6,160.0
2026-09-26 13:45:54,20260926,9,8,3-4-1,22.3
2026-09-26 13:45:54,20260926,9,8,3-4-2,45.8
2026-09-26 13:45:54,20260926,9,8,3-4-5,114.6
2026-09-26 13:45:54,20260926,9,8,3-4-6,178.6
2026-09-26 13:45:54,20260926,9,8,3-5-1,44.7
2026-09-26 13:45:54,20260926,9,8,3-5-2,88.3
2026-09-26 13:45:54,20260926,9,8,3-5-4,167.0
2026-09-26 13:45:54,20260926,9,8,3-5-6,229.3
2026-09-26 13:45:54,20260926,9,8,3-6-1,284.5
2026-09-26 13:45:54,20260926,9,8,3-6-2,426.8
2026-09-26 13:45:54,20260926,9,8,3-6-4,334.0
2026-09-26 13:45:54,20260926,9,8,3-6-5,394.0
2026-09-26 13:45:54,20260926,9,8,4-1-2,213.4
2026-09-26 13:45:54,20260926,9,8,4-1-3,108.2
2026-09-26 13:45:54,20260926,9,8,4-1-5,251.9
2026-09-26 13:45:54,20260926,9,8,4-1-6,307.3
2026-09-26 13:45:54,20260926,9,8,4-2-1,426.8
2026-09-26 13:45:54,20260926,9,8,4-2-3,202.1
2026-09-26 13:45:54,20260926,9,8,4-2-5,439.0
2026-09-26 13:45:54,20260926,9,8,4-2-6,768.3
2026-09-26 13:45:54,20260926,9,8,4-3-1,103.1
2026-09-26 13:45:54,20260926,9,8,4-3-2,216.4
2026-09-26 13:45:54,20260926,9,8,4-3-5,236.4
2026-09-26 13:45:54,20260926,9,8,4-3-6,274.3
2026-09-26 13:45:54,20260926,9,8,4-5-1,295.5
2026-09-26 13:45:54,20260926,9,8,4-5-2,439.0
2026-09-26 13:45:54,20260926,9,8,4-5-3,279.3
2026-09-26 13:45:54,20260926,9,8,4-5-6,698.4
2026-09-26 13:45:54,20260926,9,8,4-6-1,512.2
2026-09-26 13:45:54,20260926,9,8,4-6-2,1024.0
2026-09-26 13:45:54,20260926,9,8,4-6-3,480.1
2026-09-26 13:45:54,20260926,9,8,4-6-5,1536.0
2026-09-26 13:45:54,20260926,9,8,5-1-2,374.7
2026-09-26 13:45:54,20260926,9,8,5-1-3,167.0
2026-09-26 13:45:54,20260926,9,8,5-1-4,394.0
2026-09-26 13:45:54,20260926,9,8,5-1-6,480.1
2026-09-26 13:45:54,20260926,9,8,5-2-1,295.5
2026-09-26 13:45:54,20260926,9,8,5-2-3,185.1
2026-09-26 13:45:54,20260926,9,8,5-2-4,394.0
2026-09-26 13:45:54,20260926,9,8,5-2-6,698.4
2026-09-26 13:45:54,20260926,9,8,5-3-1,301.2
2026-09-26 13:45:54,20260926,9,8,5-3-2,189.7
2026-09-26 13:45:54,20260926,9,8,5-3-4,480.1
2026-09-26 13:45:54,20260926,9,8,5-3-6,451.9
2026-09-26 13:45:54,20260926,9,8,5-4-1,668.0
2026-09-26 13:45:54,20260926,9,8,5-4-2,404.3
2026-09-26 13:45:54,20260926,9,8,5-4-3,569.1
2026-09-26 13:45:54,20260926,9,8,5-4-6,668.0
2026-09-26 13:45:54,20260926,9,8,5-6-1,1396.0
2026-09-26 13:45:54,20260926,9,8,5-6-2,1024.0
2026-09-26 13:45:54,20260926,9,8,5-6-3,808.7
2026-09-26 13:45:54,20260926,9,8,5-6-4,1024.0
2026-09-26 13:45:54,20260926,9,8,6-1-2,495.6
2026-09-26 13:45:54,20260926,9,8,6-1-3,394.0
2026-09-26 13:45:54,20260926,9,8,6-1-4,903.8
2026-09-26 13:45:54,20260926,9,8,6-1-5,960.3
2026-09-26 13:45:54,20260926,9,8,6-2-1,731.7
2026-09-26 13:45:54,20260926,9,8,6-2-3,731.7
2026-09-26 13:45:54,20260926,9,8,6-2-4,1536.0
2026-09-26 13:45:54,20260926,9,8,6-2-5,1024.0
2026-09-26 13:45:54,20260926,9,8,6-3-1,614.6
2026-09-26 13:45:54,20260926,9,8,6-3-2,668.0
2026-09-26 13:45:54,20260926,9,8,6-3-4,668.0
2026-09-26 13:45:54,20260926,9,8,6-3-5,1097.0
2026-09-26 13:45:54,20260926,9,8,6-4-1,853.6
2026-09-26 13:45:54,20260926,9,8,6-4-2,1097.0
2026-09-26 13:45:54,20260926,9,8,6-4-3,1024.0
2026-09-26 13:45:54,20260926,9,8,6-4-5,1396.0
2026-09-26 13:45:54,20260926,9,8,6-5-1,1536.0
2026-09-26 13:45:54,20260926,9,8,6-5-2,960.3
2026-09-26 13:45:54,20260926,9,8,6-5-3,731.7
2026-09-26 13:45:54,20260926,9,8,6-5-4,591.0
2026-09-26 13:50:36,20260926,11,8,1-2-3,16.1
2026-09-26 13:50:36,20260926,11,8,1-2-4,38.9
2026-09-26 13:50:36,20260926,11,8,1-2-5,41.3
2026-09-26 13:50:36,20260926,11,8,1-2-6,66.9
2026-09-26 13:50:36,20260926,11,8,1-3-2,10.1
2026-09-26 13:50:36,20260926,11,8,1-3-4,14.0
2026-09-26 13:50:36,20260926,11,8,1-3-5,14.8
2026-09-26 13:50:36,20260926,11,8,1-3-6,28.8
2026-09-26 13:50:36,20260926,11,8,1-4-2,53.2
2026-09-26 13:50:36,20260926,11,8,1-4-3,39.4
2026-09-26 13:50:36,20260926,11,8,1-4-5,63.2
2026-09-26 13:50:36,20260926,11,8,1-4-6,70.5
2026-09-26 13:50:36,20260926,11,8,1-5-2,60.2
2026-09-26 13:50:36,20260926,11,8,1-5-3,37.7
2026-09-26 13:50:36,20260926,11,8,1-5-4,82.9
2026-09-26 13:50:36,20260926,11,8,1-5-6,107.5
2026-09-26 13:50:36,20260926,11,8,1-6-2,113.7
2026-09-26 13:50:36,20260926,11,8,1-6-3,76.1
2026-09-26 13:50:36,20260926,11,8,1-6-4,123.1
2026-09-26 13:50:36,20260926,11,8,1-6-5,195.7
2026-09-26 13:50:36,20260926,11,8,2-1-3,41.9
2026-09-26 13:50:36,20260926,11,8,2-1-4,130.7
2026-09-26 13:50:36,20260926,11,8,2-1-5,133.5
2026-09-26 13:50:36,20260926,11,8,2-1-6,196.9
2026-09-26 13:50:36,20260926,11,8,2-3-1,48.0
2026-09-26 13:50:36,20260926,11,8,2-3-4,114.1
2026-09-26 13:50:36,20260926,11,8,2-3-5,127.0
2026-09-26 13:50:36,20260926,11,8,2-3-6,246.2
2026-09-26 13:50:36,20260926,11,8,2-4-1,198.2
2026-09-26 13:50:36,20260926,11,8,2-4-3,218.8
2026-09-26 13:50:36,20260926,11,8,2-4-5,312.0
2026-09-26 13:50:36,20260926,11,8,2-4-6,276.4
2026-09-26 13:50:36,20260926,11,8,2-5-1,278.8
2026-09-26 13:50:36,20260926,11,8,2-5-3,196.9
2026-09-26 13:50:36,20260926,11,8,2-5-4,450.2
2026-09-26 13:50:36,20260926,11,8,2-5-6,450.2
2026-09-26 13:50:36,20260926,11,8,2-6-1,379.6
2026-09-26 13:50:36,20260926,11,8,2-6-3,318.3
2026-09-26 13:50:36,20260926,11,8,2-6-4,389.0
2026-09-26 13:50:36,20260926,11,8,2-6-5,643.1
2026-09-26 13:50:36,20260926,11,8,3-1-2,11.9
2026-09-26 13:50:36,20260926,11,8,3-1-4,16.7
2026-09-26 13:50:36,20260926,11,8,3-1-5,18.0
2026-09-26 13:50:36,20260926,11,8,3-1-6,30.3
2026-09-26 13:50:36,20260926,11,8,3-2-1,29.3
2026-09-26 13:50:36,20260926,11,8,3-2-4,62.4
2026-09-26 13:50:36,20260926,11,8,3-2-5,74.3
2026-09-26 13:50:36,20260926,11,8,3-2-6,124.0
2026-09-26 13:50:36,20260926,11,8,3-4-1,56.9
2026-09-26 13:50:36,20260926,11,8,3-4-2,76.6
2026-09-26 13:50:36,20260926,11,8,3-4-5,63.9
2026-09-26 13:50:36,20260926,11,8,3-4-6,112.1
2026-09-26 13:50:36,20260926,11,8,3-5-1,41.9
2026-09-26 13:50:36,20260926,11,8,3-5-2,68.3
2026-09-26 13:50:36,20260926,11,8,3-5-4,76.3
2026-09-26 13:50:36,20260926,11,8,3-5-6,110.5
2026-09-26 13:50:36,20260926,11,8,3-6-1,89.0
2026-09-26 13:50:36,20260926,11,8,3-6-2,235.1
2026-09-26 13:50:36,20260926,11,8,3-6-4,312.0
2026-09-26 13:50:36,20260926,11,8,3-6-5,274.0
2026-09-26 13:50:36,20260926,11,8,4-1-2,169.4
2026-09-26 13:50:36,20260926,11,8,4-1-3,130.2
2026-09-26 13:50:36,20260926,11,8,4-1-5,184.2
2026-09-26 13:50:36,20260926,11,8,4-1-6,159.1
2026-09-26 13:50:36,20260926,11,8,4-2-1,267.0
2026-09-26 13:50:36,20260926,11,8,4-2-3,252.1
2026-09-26 13:50:36,20260926,11,8,4-2-5,335.2
2026-09-26 13:50:36,20260926,11,8,4-2-6,262.6
2026-09-26 13:50:36,20260926,11,8,4-3-1,141.3
2026-09-26 13:50:36,20260926,11,8,4-3-2,242.4
2026-09-26 13:50:36,20260926,11,8,4-3-5,230.0
2026-09-26 13:50:36,20260926,11,8,4-3-6,242.4
2026-09-26 13:50:36,20260926,11,8,4-5-1,226.7
2026-09-26 13:50:36,20260926,11,8,4-5-2,294.5
2026-09-26 13:50:36,20260926,11,8,4-5-3,230.0
2026-09-26 13:50:36,20260926,11,8,4-5-6,248.1
2026-09-26 13:50:36,20260926,11,8,4-6-1,271.6
2026-09-26 13:50:36,20260926,11,8,4-6-2,425.8
2026-09-26 13:50:36,20260926,11,8,4-6-3,384.3
2026-09-26 13:50:36,20260926,11,8,4-6-5,450.2
2026-09-26 13:50:36,20260926,11,8,5-1-2,164.9
2026-09-26 13:50:36,20260926,11,8,5-1-3,94.9
2026-09-26 13:50:36,20260926,11,8,5-1-4,220.3
2026-09-26 13:50:36,20260926,11,8,5-1-6,225.1
2026-09-26 13:50:36,20260926,11,8,5-2-1,289.1
2026-09-26 13:50:36,20260926,11,8,5-2-3,230.0
2026-09-26 13:50:36,20260926,11,8,5-2-4,409.2
2026-09-26 13:50:36,20260926,11,8,5-2-6,492.4
2026-09-26 13:50:36,20260926,11,8,5-3-1,121.6
2026-09-26 13:50:36,20260926,11,8,5-3-2,190.9
2026-09-26 13:50:36,20260926,11,8,5-3-4,308.9
2026-09-26 13:50:36,20260926,11,8,5-3-6,300.1
2026-09-26 13:50:36,20260926,11,8,5-4-1,324.8
2026-09-26 13:50:36,20260926,11,8,5-4-2,362.2
2026-09-26 13:50:36,20260926,11,8,5-4-3,342.5
2026-09-26 13:50:36,20260926,11,8,5-4-6,425.8
2026-09-26 13:50:36,20260926,11,8,5-6-1,470.3
2026-09-26 13:50:36,20260926,11,8,5-6-2,750.3
2026-09-26 13:50:36,20260926,11,8,5-6-3,562.7
2026-09-26 13:50:36,20260926,11,8,5-6-4,656.5
2026-09-26 13:50:36,20260926,11,8,6-1-2,179.0
2026-09-26 13:50:36,20260926,11,8,6-1-3,525.2
2026-09-26 13:50:36,20260926,11,8,6-1-4,594.6
2026-09-26 13:50:36,20260926,11,8,6-1-5,685.0
2026-09-26 13:50:36,20260926,11,8,6-2-1,643.1
2026-09-26 13:50:36,20260926,11,8,6-2-3,562.7
2026-09-26 13:50:36,20260926,11,8,6-2-4,732.8
2026-09-26 13:50:36,20260926,11,8,6-2-5,1313.0
2026-09-26 13:50:36,20260926,11,8,6-3-1,420.1
2026-09-26 13:50:36,20260926,11,8,6-3-2,732.8
2026-09-26 13:50:36,20260926,11,8,6-3-4,443.8
2026-09-26 13:50:36,20260926,11,8,6-3-5,808.0
2026-09-26 13:50:36,20260926,11,8,6-4-1,543.3
2026-09-26 13:50:36,20260926,11,8,6-4-2,1086.0
2026-09-26 13:50:36,20260926,11,8,6-4-3,954.9
2026-09-26 13:50:36,20260926,11,8,6-4-5,900.4
2026-09-26 13:50:36,20260926,11,8,6-5-1,1167.0
2026-09-26 13:50:36,20260926,11,8,6-5-2,1313.0
2026-09-26 13:50:36,20260926,11,8,6-5-3,1086.0
2026-09-26 13:50:36,20260926,11,8,6-5-4,670.5
2026-09-26 13:53:02,20260926,8,8,1-2-3,10.9
2026-09-26 13:53:02,20260926,8,8,1-2-4,28.8
2026-09-26 13:53:02,20260926,8,8,1-2-5,46.2
2026-09-26 13:53:02,20260926,8,8,1-2-6,27.6
2026-09-26 13:53:02,20260926,8,8,1-3-2,8.6
2026-09-26 13:53:02,20260926,8,8,1-3-4,11.9
2026-09-26 13:53:02,20260926,8,8,1-3-5,16.3
2026-09-26 13:53:02,20260926,8,8,1-3-6,9.9
2026-09-26 13:53:02,20260926,8,8,1-4-2,40.0
2026-09-26 13:53:02,20260926,8,8,1-4-3,31.9
2026-09-26 13:53:02,20260926,8,8,1-4-5,69.6
2026-09-26 13:53:02,20260926,8,8,1-4-6,36.1
2026-09-26 13:53:02,20260926,8,8,1-5-2,75.7
2026-09-26 13:53:02,20260926,8,8,1-5-3,39.7
2026-09-26 13:53:02,20260926,8,8,1-5-4,89.8
2026-09-26 13:53:02,20260926,8,8,1-5-6,56.1
2026-09-26 13:53:02,20260926,8,8,1-6-2,40.0
2026-09-26 13:53:02,20260926,8,8,1-6-3,22.9
2026-09-26 13:53:02,20260926,8,8,1-6-4,61.3
2026-09-26 13:53:02,20260926,8,8,1-6-5,71.8
2026-09-26 13:53:02,20260926,8,8,2-1-3,40.2
2026-09-26 13:53:02,20260926,8,8,2-1-4,162.6
2026-09-26 13:53:02,20260926,8,8,2-1-5,261.9
2026-09-26 13:53:02,20260926,8,8,2-1-6,203.3
2026-09-26 13:53:02,20260926,8,8,2-3-1,45.3
2026-09-26 13:53:02,20260926,8,8,2-3-4,275.9
2026-09-26 13:53:02,20260926,8,8,2-3-5,335.9
2026-09-26 13:53:02,20260926,8,8,2-3-6,386.3
2026-09-26 13:53:02,20260926,8,8,2-4-1,230.6
2026-09-26 13:53:02,20260926,8,8,2-4-3,618.1
2026-09-26 13:53:02,20260926,8,8,2-4-5,643.9
2026-09-26 13:53:02,20260926,8,8,2-4-6,297.2
2026-09-26 13:53:02,20260926,8,8,2-5-1,643.9
2026-09-26 13:53:02,20260926,8,8,2-5-3,359.4
2026-09-26 13:53:02,20260926,8,8,2-5-4,965.9
2026-09-26 13:53:02,20260926,8,8,2-5-6,515.1
2026-09-26 13:53:02,20260926,8,8,2-6-1,441.5
2026-09-26 13:53:02,20260926,8,8,2-6-3,280.9
2026-09-26 13:53:02,20260926,8,8,2-6-4,241.4
2026-09-26 13:53:02,20260926,8,8,2-6-5,909.0
2026-09-26 13:53:02,20260926,8,8,3-1-2,25.2
2026-09-26 13:53:02,20260926,8,8,3-1-4,55.9
2026-09-26 13:53:02,20260926,8,8,3-1-5,36.7
2026-09-26 13:53:02,20260926,8,8,3-1-6,30.1
2026-09-26 13:53:02,20260926,8,8,3-2-1,45.5
2026-09-26 13:53:02,20260926,8,8,3-2-4,230.6
2026-09-26 13:53:02,20260926,8,8,3-2-5,227.2
2026-09-26 13:53:02,20260926,8,8,3-2-6,275.9
2026-09-26 13:53:02,20260926,8,8,3-4-1,93.6
2026-09-26 13:53:02,20260926,8,8,3-4-2,137.9
2026-09-26 13:53:02,20260926,8,8,3-4-5,121.6
2026-09-26 13:53:02,20260926,8,8,3-4-6,115.3
2026-09-26 13:53:02,20260926,8,8,3-5-1,76.8
2026-09-26 13:53:02,20260926,8,8,3-5-2,116.1
2026-09-26 13:53:02,20260926,8,8,3-5-4,117.0
2026-09-26 13:53:02,20260926,8,8,3-5-6,112.8
2026-09-26 13:53:02,20260926,8,8,3-6-1,73.9
2026-09-26 13:53:02,20260926,8,8,3-6-2,154.5
2026-09-26 13:53:02,20260926,8,8,3-6-4,100.3
2026-09-26 13:53:02,20260926,8,8,3-6-5,87.8
2026-09-26 13:53:02,20260926,8,8,4-1-2,157.6
2026-09-26 13:53:02,20260926,8,8,4-1-3,315.3
2026-09-26 13:53:02,20260926,8,8,4-1-5,271.1
2026-09-26 13:53:02,20260926,8,8,4-1-6,198.1
2026-09-26 13:53:02,20260926,8,8,4-2-1,181.8
2026-09-26 13:53:02,20260926,8,8,4-2-3,735.9
2026-09-26 13:53:02,20260926,8,8,4-2-5,594.4
2026-09-26 13:53:02,20260926,8,8,4-2-6,406.6
2026-09-26 13:53:02,20260926,8,8,4-3-1,328.8
2026-09-26 13:53:02,20260926,8,8,4-3-2,858.5
2026-09-26 13:53:02,20260926,8,8,4-3-5,772.7
2026-09-26 13:53:02,20260926,8,8,4-3-6,482.9
2026-09-26 13:53:02,20260926,8,8,4-5-1,297.2
2026-09-26 13:53:02,20260926,8,8,4-5-2,572.3
2026-09-26 13:53:02,20260926,8,8,4-5-3,572.3
2026-09-26 13:53:02,20260926,8,8,4-5-6,572.3
2026-09-26 13:53:02,20260926,8,8,4-6-1,266.4
2026-09-26 13:53:02,20260926,8,8,4-6-2,396.2
2026-09-26 13:53:02,20260926,8,8,4-6-3,417.6
2026-09-26 13:53:02,20260926,8,8,4-6-5,909.0
2026-09-26 13:53:02,20260926,8,8,5-1-2,291.5
2026-09-26 13:53:02,20260926,8,8,5-1-3,135.5
2026-09-26 13:53:02,20260926,8,8,5-1-4,253.3
2026-09-26 13:53:02,20260926,8,8,5-1-6,203.3
2026-09-26 13:53:02,20260926,8,8,5-2-1,772.7
2026-09-26 13:53:02,20260926,8,8,5-2-3,376.9
2026-09-26 13:53:02,20260926,8,8,5-2-4,532.9
2026-09-26 13:53:02,20260926,8,8,5-2-6,618.1
2026-09-26 13:53:02,20260926,8,8,5-3-1,186.1
2026-09-26 13:53:02,20260926,8,8,5-3-2,315.3
2026-09-26 13:53:02,20260926,8,8,5-3-4,515.1
2026-09-26 13:53:02,20260926,8,8,5-3-6,441.5
2026-09-26 13:53:02,20260926,8,8,5-4-1,343.4
2026-09-26 13:53:02,20260926,8,8,5-4-2,618.1
2026-09-26 13:53:02,20260926,8,8,5-4-3,702.4
2026-09-26 13:53:02,20260926,8,8,5-4-6,671.9
2026-09-26 13:53:02,20260926,8,8,5-6-1,429.2
2026-09-26 13:53:02,20260926,8,8,5-6-2,772.7
2026-09-26 13:53:02,20260926,8,8,5-6-3,441.5
2026-09-26 13:53:02,20260926,8,8,5-6-4,735.9
2026-09-26 13:53:02,20260926,8,8,6-1-2,223.9
2026-09-26 13:53:02,20260926,8,8,6-1-3,193.1
2026-09-26 13:53:02,20260926,8,8,6-1-4,234.1
2026-09-26 13:53:02,20260926,8,8,6-1-5,515.1
2026-09-26 13:53:02,20260926,8,8,6-2-1,328.8
2026-09-26 13:53:02,20260926,8,8,6-2-3,241.4
2026-09-26 13:53:02,20260926,8,8,6-2-4,351.2
2026-09-26 13:53:02,20260926,8,8,6-2-5,1287.0
2026-09-26 13:53:02,20260926,8,8,6-3-1,261.9
2026-09-26 13:53:02,20260926,8,8,6-3-2,396.2
2026-09-26 13:53:02,20260926,8,8,6-3-4,618.1
2026-09-26 13:53:02,20260926,8,8,6-3-5,858.5
2026-09-26 13:53:02,20260926,8,8,6-4-1,280.9
2026-09-26 13:53:02,20260926,8,8,6-4-2,468.3
2026-09-26 13:53:02,20260926,8,8,6-4-3,1103.0
2026-09-26 13:53:02,20260926,8,8,6-4-5,1717.0
2026-09-26 13:53:02,20260926,8,8,6-5-1,702.4
2026-09-26 13:53:02,20260926,8,8,6-5-2,1717.0
2026-09-26 13:53:02,20260926,8,8,6-5-3,858.5
2026-09-26 13:53:02,20260926,8,8,6-5-4,643.9
2026-09-26 13:55:11,20260926,5,7,1-2-3,103.9
2026-09-26 13:55:11,20260926,5,7,1-2-4,160.8
2026-09-26 13:55:11,20260926,5,7,1-2-5,131.2
2026-09-26 13:55:11,20260926,5,7,1-2-6,196.8
2026-09-26 13:55:11,20260926,5,7,1-3-2,70.9
2026-09-26 13:55:11,20260926,5,7,1-3-4,15.4
2026-09-26 13:55:11,20260926,5,7,1-3-5,18.1
2026-09-26 13:55:11,20260926,5,7,1-3-6,25.3
2026-09-26 13:55:11,20260926,5,7,1-4-2,105.3
2026-09-26 13:55:11,20260926,5,7,1-4-3,34.0
2026-09-26 13:55:11,20260926,5,7,1-4-5,50.7
2026-09-26 13:55:11,20260926,5,7,1-4-6,56.2
2026-09-26 13:55:11,20260926,5,7,1-5-2,92.9
2026-09-26 13:55:11,20260926,5,7,1-5-3,29.8
2026-09-26 13:55:11,20260926,5,7,1-5-4,65.6
2026-09-26 13:55:11,20260926,5,7,1-5-6,74.0
2026-09-26 13:55:11,20260926,5,7,1-6-2,182.4
2026-09-26 13:55:11,20260926,5,7,1-6-3,60.3
2026-09-26 13:55:11,20260926,5,7,1-6-4,77.1
2026-09-26 13:55:11,20260926,5,7,1-6-5,84.5
2026-09-26 13:55:11,20260926,5,7,2-1-3,223.3
2026-09-26 13:55:11,20260926,5,7,2-1-4,293.3
2026-09-26 13:55:11,20260926,5,7,2-1-5,154.2
2026-09-26 13:55:11,20260926,5,7,2-1-6,440.0
2026-09-26 13:55:11,20260926,5,7,2-3-1,253.6
2026-09-26 13:55:11,20260926,5,7,2-3-4,277.0
2026-09-26 13:55:11,20260926,5,7,2-3-5,347.9
2026-09-26 13:55:11,20260926,5,7,2-3-6,374.0
2026-09-26 13:55:11,20260926,5,7,2-4-1,467.5
2026-09-26 13:55:11,20260926,5,7,2-4-3,515.9
2026-09-26 13:55:11,20260926,5,7,2-4-5,831.2
2026-09-26 13:55:11,20260926,5,7,2-4-6,498.7
2026-09-26 13:55:11,20260926,5,7,2-5-1,554.1
2026-09-26 13:55:11,20260926,5,7,2-5-3,299.2
2026-09-26 13:55:11,20260926,5,7,2-5-4,1246.0
2026-09-26 13:55:11,20260926,5,7,2-5-6,293.3
2026-09-26 13:55:11,20260926,5,7,2-6-1,787.5
2026-09-26 13:55:11,20260926,5,7,2-6-3,498.7
2026-09-26 13:55:11,20260926,5,7,2-6-4,1068.0
2026-09-26 13:55:11,20260926,5,7,2-6-5,575.4
2026-09-26 13:55:11,20260926,5,7,3-1-2,146.6
2026-09-26 13:55:11,20260926,5,7,3-1-4,38.3
2026-09-26 13:55:11,20260926,5,7,3-1-5,6.0
2026-09-26 13:55:11,20260926,5,7,3-1-6,7.4
2026-09-26 13:55:11,20260926,5,7,3-2-1,325.2
2026-09-26 13:55:11,20260926,5,7,3-2-4,245.2
2026-09-26 13:55:11,20260926,5,7,3-2-5,168.1
2026-09-26 13:55:11,20260926,5,7,3-2-6,305.3
2026-09-26 13:55:11,20260926,5,7,3-4-1,90.6
2026-09-26 13:55:11,20260926,5,7,3-4-2,241.3
2026-09-26 13:55:11,20260926,5,7,3-4-5,160.8
2026-09-26 13:55:11,20260926,5,7,3-4-6,173.9
2026-09-26 13:55:11,20260926,5,7,3-5-1,7.8
2026-09-26 13:55:11,20260926,5,7,3-5-2,162.6
2026-09-26 13:55:11,20260926,5,7,3-5-4,159.1
2026-09-26 13:55:11,20260926,5,7,3-5-6,8.3
2026-09-26 13:55:11,20260926,5,7,3-6-1,143.8
2026-09-26 13:55:11,20260926,5,7,3-6-2,498.7
2026-09-26 13:55:11,20260926,5,7,3-6-4,262.5
2026-09-26 13:55:11,20260926,5,7,3-6-5,245.2
2026-09-26 13:55:11,20260926,5,7,4-1-2,293.3
2026-09-26 13:55:11,20260926,5,7,4-1-3,82.2
2026-09-26 13:55:11,20260926,5,7,4-1-5,89.0
2026-09-26 13:55:11,20260926,5,7,4-1-6,125.7
2026-09-26 13:55:11,20260926,5,7,4-2-1,515.9
2026-09-26 13:55:11,20260926,5,7,4-2-3,427.5
2026-09-26 13:55:11,20260926,5,7,4-2-5,498.7
2026-09-26 13:55:11,20260926,5,7,4-2-6,383.6
2026-09-26 13:55:11,20260926,5,7,4-3-1,137.2
2026-09-26 13:55:11,20260926,5,7,4-3-2,415.6
2026-09-26 13:55:11,20260926,5,7,4-3-5,164.4
2026-09-26 13:55:11,20260926,5,7,4-3-6,157.5
2026-09-26 13:55:11,20260926,5,7,4-5-1,124.6
2026-09-26 13:55:11,20260926,5,7,4-5-2,356.2
2026-09-26 13:55:11,20260926,5,7,4-5-3,189.3
2026-09-26 13:55:11,20260926,5,7,4-5-6,133.5
2026-09-26 13:55:11,20260926,5,7,4-6-1,194.3
2026-09-26 13:55:11,20260926,5,7,4-6-2,404.3
2026-09-26 13:55:11,20260926,5,7,4-6-3,262.5
2026-09-26 13:55:11,20260926,5,7,4-6-5,202.1
2026-09-26 13:55:11,20260926,5,7,5-1-2,374.0
2026-09-26 13:55:11,20260926,5,7,5-1-3,81.7
2026-09-26 13:55:11,20260926,5,7,5-1-4,187.0
2026-09-26 13:55:11,20260926,5,7,5-1-6,138.5
2026-09-26 13:55:11,20260926,5,7,5-2-1,598.5
2026-09-26 13:55:11,20260926,5,7,5-2-3,332.5
2026-09-26 13:55:11,20260926,5,7,5-2-4,440.0
2026-09-26 13:55:11,20260926,5,7,5-2-6,383.6
2026-09-26 13:55:11,20260926,5,7,5-3-1,117.8
2026-09-26 13:55:11,20260926,5,7,5-3-2,311.7
2026-09-26 13:55:11,20260926,5,7,5-3-4,237.5
2026-09-26 13:55:11,20260926,5,7,5-3-6,178.1
2026-09-26 13:55:11,20260926,5,7,5-4-1,160.8
2026-09-26 13:55:11,20260926,5,7,5-4-2,598.5
2026-09-26 13:55:11,20260926,5,7,5-4-3,332.5
2026-09-26 13:55:11,20260926,5,7,5-4-6,245.2
2026-09-26 13:55:11,20260926,5,7,5-6-1,262.5
2026-09-26 13:55:11,20260926,5,7,5-6-2,467.5
2026-09-26 13:55:11,20260926,5,7,5-6-3,311.7
2026-09-26 13:55:11,20260926,5,7,5-6-4,383.6
2026-09-26 13:55:11,20260926,5,7,6-1-2,598.5
2026-09-26 13:55:11,20260926,5,7,6-1-3,182.4
2026-09-26 13:55:11,20260926,5,7,6-1-4,404.3
2026-09-26 13:55:11,20260926,5,7,6-1-5,287.7
2026-09-26 13:55:11,20260926,5,7,6-2-1,1068.0
2026-09-26 13:55:11,20260926,5,7,6-2-3,680.1
2026-09-26 13:55:11,20260926,5,7,6-2-4,1246.0
2026-09-26 13:55:11,20260926,5,7,6-2-5,680.1
2026-09-26 13:55:11,20260926,5,7,6-3-1,257.9
2026-09-26 13:55:11,20260926,5,7,6-3-2,575.4
2026-09-26 13:55:11,20260926,5,7,6-3-4,680.1
2026-09-26 13:55:11,20260926,5,7,6-3-5,453.4
2026-09-26 13:55:11,20260926,5,7,6-4-1,650.5
2026-09-26 13:55:11,20260926,5,7,6-4-2,1360.0
2026-09-26 13:55:11,20260926,5,7,6-4-3,831.2
2026-09-26 13:55:11,20260926,5,7,6-4-5,1068.0
2026-09-26 13:55:11,20260926,5,7,6-5-1,347.9
2026-09-26 13:55:11,20260926,5,7,6-5-2,650.5
2026-09-26 13:55:11,20260926,5,7,6-5-3,374.0
2026-09-26 13:55:11,20260926,5,7,6-5-4,575.4
2026-09-26 14:00:06,20260926,18,12,1-2-3,6.0
2026-09-26 14:00:06,20260926,18,12,1-2-4,13.5
2026-09-26 14:00:06,20260926,18,12,1-2-5,26.8
2026-09-26 14:00:06,20260926,18,12,1-2-6,34.3
2026-09-26 14:00:06,20260926,18,12,1-3-2,8.4
2026-09-26 14:00:06,20260926,18,12,1-3-4,13.0
2026-09-26 14:00:06,20260926,18,12,1-3-5,24.1
2026-09-26 14:00:06,20260926,18,12,1-3-6,34.4
2026-09-26 14:00:06,20260926,18,12,1-4-2,24.2
2026-09-26 14:00:06,20260926,18,12,1-4-3,29.7
2026-09-26 14:00:06,20260926,18,12,1-4-5,50.4
2026-09-26 14:00:06,20260926,18,12,1-4-6,55.9
2026-09-26 14:00:06,20260926,18,12,1-5-2,43.4
2026-09-26 14:00:06,20260926,18,12,1-5-3,48.5
2026-09-26 14:00:06,20260926,18,12,1-5-4,74.8
2026-09-26 14:00:06,20260926,18,12,1-5-6,58.2
2026-09-26 14:00:06,20260926,18,12,1-6-2,55.4
2026-09-26 14:00:06,20260926,18,12,1-6-3,60.7
2026-09-26 14:00:06,20260926,18,12,1-6-4,90.5
2026-09-26 14:00:06,20260926,18,12,1-6-5,85.8
2026-09-26 14:00:06,20260926,18,12,2-1-3,33.0
2026-09-26 14:00:06,20260926,18,12,2-1-4,51.0
2026-09-26 14:00:06,20260926,18,12,2-1-5,94.9
2026-09-26 14:00:06,20260926,18,12,2-1-6,124.7
2026-09-26 14:00:06,20260926,18,12,2-3-1,50.6
2026-09-26 14:00:06,20260926,18,12,2-3-4,59.8
2026-09-26 14:00:06,20260926,18,12,2-3-5,118.6
2026-09-26 14:00:06,20260926,18,12,2-3-6,167.9
2026-09-26 14:00:06,20260926,18,12,2-4-1,104.0
2026-09-26 14:00:06,20260926,18,12,2-4-3,94.2
2026-09-26 14:00:06,20260926,18,12,2-4-5,198.2
2026-09-26 14:00:06,20260926,18,12,2-4-6,275.8
2026-09-26 14:00:06,20260926,18,12,2-5-1,294.0
2026-09-26 14:00:06,20260926,18,12,2-5-3,267.9
2026-09-26 14:00:06,20260926,18,12,2-5-4,376.7
2026-09-26 14:00:06,20260926,18,12,2-5-6,468.9
2026-09-26 14:00:06,20260926,18,12,2-6-1,368.1
2026-09-26 14:00:06,20260926,18,12,2-6-3,434.6
2026-09-26 14:00:06,20260926,18,12,2-6-4,482.9
2026-09-26 14:00:06,20260926,18,12,2-6-5,677.5
2026-09-26 14:00:06,20260926,18,12,3-1-2,32.3
2026-09-26 14:00:06,20260926,18,12,3-1-4,33.8
2026-09-26 14:00:06,20260926,18,12,3-1-5,59.5
2026-09-26 14:00:06,20260926,18,12,3-1-6,93.0
2026-09-26 14:00:06,20260926,18,12,3-2-1,57.3
2026-09-26 14:00:06,20260926,18,12,3-2-4,70.7
2026-09-26 14:00:06,20260926,18,12,3-2-5,117.8
2026-09-26 14:00:06,20260926,18,12,3-2-6,165.6
2026-09-26 14:00:06,20260926,18,12,3-4-1,64.0
2026-09-26 14:00:06,20260926,18,12,3-4-2,75.9
2026-09-26 14:00:06,20260926,18,12,3-4-5,102.6
2026-09-26 14:00:06,20260926,18,12,3-4-6,122.6
2026-09-26 14:00:06,20260926,18,12,3-5-1,149.8
2026-09-26 14:00:06,20260926,18,12,3-5-2,189.9
2026-09-26 14:00:06,20260926,18,12,3-5-4,196.4
2026-09-26 14:00:06,20260926,18,12,3-5-6,270.4
2026-09-26 14:00:06,20260926,18,12,3-6-1,261.6
2026-09-26 14:00:06,20260926,18,12,3-6-2,344.0
2026-09-26 14:00:06,20260926,18,12,3-6-4,288.8
2026-09-26 14:00:06,20260926,18,12,3-6-5,413.4
2026-09-26 14:00:06,20260926,18,12,4-1-2,147.3
2026-09-26 14:00:06,20260926,18,12,4-1-3,136.1
2026-09-26 14:00:06,20260926,18,12,4-1-5,249.5
2026-09-26 14:00:06,20260926,18,12,4-1-6,312.6
2026-09-26 14:00:06,20260926,18,12,4-2-1,225.5
2026-09-26 14:00:06,20260926,18,12,4-2-3,198.8
2026-09-26 14:00:06,20260926,18,12,4-2-5,419.2
2026-09-26 14:00:06,20260926,18,12,4-2-6,425.2
2026-09-26 14:00:06,20260926,18,12,4-3-1,162.5
2026-09-26 14:00:06,20260926,18,12,4-3-2,173.8
2026-09-26 14:00:06,20260926,18,12,4-3-5,264.3
2026-09-26 14:00:06,20260926,18,12,4-3-6,294.0
2026-09-26 14:00:06,20260926,18,12,4-5-1,405.0
2026-09-26 14:00:06,20260926,18,12,4-5-2,524.1
2026-09-26 14:00:06,20260926,18,12,4-5-3,456.9
2026-09-26 14:00:06,20260926,18,12,4-5-6,586.1
2026-09-26 14:00:06,20260926,18,12,4-6-1,620.9
2026-09-26 14:00:06,20260926,18,12,4-6-2,707.1
2026-09-26 14:00:06,20260926,18,12,4-6-3,664.9
2026-09-26 14:00:06,20260926,18,12,4-6-5,806.3
2026-09-26 14:00:06,20260926,18,12,5-1-2,300.0
2026-09-26 14:00:06,20260926,18,12,5-1-3,239.5
2026-09-26 14:00:06,20260926,18,12,5-1-4,418.3
2026-09-26 14:00:06,20260926,18,12,5-1-6,309.9
2026-09-26 14:00:06,20260926,18,12,5-2-1,455.7
2026-09-26 14:00:06,20260926,18,12,5-2-3,459.2
2026-09-26 14:00:06,20260926,18,12,5-2-4,610.2
2026-09-26 14:00:06,20260926,18,12,5-2-6,748.7
2026-09-26 14:00:06,20260926,18,12,5-3-1,375.9
2026-09-26 14:00:06,20260926,18,12,5-3-2,525.6
2026-09-26 14:00:06,20260926,18,12,5-3-4,590.0
2026-09-26 14:00:06,20260926,18,12,5-3-6,733.3
2026-09-26 14:00:06,20260926,18,12,5-4-1,538.3
2026-09-26 14:00:06,20260926,18,12,5-4-2,712.8
2026-09-26 14:00:06,20260926,18,12,5-4-3,690.6
2026-09-26 14:00:06,20260926,18,12,5-4-6,742.5
2026-09-26 14:00:06,20260926,18,12,5-6-1,553.4
2026-09-26 14:00:06,20260926,18,12,5-6-2,904.5
2026-09-26 14:00:06,20260926,18,12,5-6-3,877.8
2026-09-26 14:00:06,20260926,18,12,5-6-4,942.8
2026-09-26 14:00:06,20260926,18,12,6-1-2,342.6
2026-09-26 14:00:06,20260926,18,12,6-1-3,371.2
2026-09-26 14:00:06,20260926,18,12,6-1-4,588.1
2026-09-26 14:00:06,20260926,18,12,6-1-5,475.2
2026-09-26 14:00:06,20260926,18,12,6-2-1,565.7
2026-09-26 14:00:06,20260926,18,12,6-2-3,718.5
2026-09-26 14:00:06,20260926,18,12,6-2-4,802.7
2026-09-26 14:00:06,20260926,18,12,6-2-5,1030.0
2026-09-26 14:00:06,20260926,18,12,6-3-1,574.8
2026-09-26 14:00:06,20260926,18,12,6-3-2,802.7
2026-09-26 14:00:06,20260926,18,12,6-3-4,667.4
2026-09-26 14:00:06,20260926,18,12,6-3-5,1006.0
2026-09-26 14:00:06,20260926,18,12,6-4-1,873.5
2026-09-26 14:00:06,20260926,18,12,6-4-2,979.1
2026-09-26 14:00:06,20260926,18,12,6-4-3,963.2
2026-09-26 14:00:06,20260926,18,12,6-4-5,1172.0
2026-09-26 14:00:06,20260926,18,12,6-5-1,638.7
2026-09-26 14:00:06,20260926,18,12,6-5-2,1001.0
2026-09-26 14:00:06,20260926,18,12,6-5-3,1067.0
2026-09-26 14:00:06,20260926,18,12,6-5-4,995.5
2026-09-26 14:02:31,20260926,22,6,1-2-3,30.2
2026-09-26 14:02:31,20260926,22,6,1-2-4,19.2
2026-09-26 14:02:31,20260926,22,6,1-2-5,19.0
2026-09-26 14:02:31,20260926,22,6,1-2-6,195.0
2026-09-26 14:02:31,20260926,22,6,1-3-2,40.7
2026-09-26 14:02:31,20260926,22,6,1-3-4,27.0
2026-09-26 14:02:31,20260926,22,6,1-3-5,42.9
2026-09-26 14:02:31,20260926,22,6,1-3-6,151.6
2026-09-26 14:02:31,20260926,22,6,1-4-2,15.4
2026-09-26 14:02:31,20260926,22,6,1-4-3,33.2
2026-09-26 14:02:31,20260926,22,6,1-4-5,8.7
2026-09-26 14:02:31,20260926,22,6,1-4-6,235.3
2026-09-26 14:02:31,20260926,22,6,1-5-2,15.8
2026-09-26 14:02:31,20260926,22,6,1-5-3,39.0
2026-09-26 14:02:31,20260926,22,6,1-5-4,9.5
2026-09-26 14:02:31,20260926,22,6,1-5-6,146.7
2026-09-26 14:02:31,20260926,22,6,1-6-2,278.6
2026-09-26 14:02:31,20260926,22,6,1-6-3,227.5
2026-09-26 14:02:31,20260926,22,6,1-6-4,310.2
2026-09-26 14:02:31,20260926,22,6,1-6-5,455.0
2026-09-26 14:02:31,20260926,22,6,2-1-3,78.0
2026-09-26 14:02:31,20260926,22,6,2-1-4,52.9
2026-09-26 14:02:31,20260926,22,6,2-1-5,52.5
2026-09-26 14:02:31,20260926,22,6,2-1-6,650.1
2026-09-26 14:02:31,20260926,22,6,2-3-1,252.8
2026-09-26 14:02:31,20260926,22,6,2-3-4,148.3
2026-09-26 14:02:31,20260926,22,6,2-3-5,248.2
2026-09-26 14:02:31,20260926,22,6,2-3-6,546.0
2026-09-26 14:02:31,20260926,22,6,2-4-1,168.5
2026-09-26 14:02:31,20260926,22,6,2-4-3,213.3
2026-09-26 14:02:31,20260926,22,6,2-4-5,200.7
2026-09-26 14:02:31,20260926,22,6,2-4-6,525.0
2026-09-26 14:02:31,20260926,22,6,2-5-1,57.3
2026-09-26 14:02:31,20260926,22,6,2-5-3,227.5
2026-09-26 14:02:31,20260926,22,6,2-5-4,200.7
2026-09-26 14:02:31,20260926,22,6,2-5-6,803.0
2026-09-26 14:02:31,20260926,22,6,2-6-1,1050.0
2026-09-26 14:02:31,20260926,22,6,2-6-3,1241.0
2026-09-26 14:02:31,20260926,22,6,2-6-4,593.5
2026-09-26 14:02:31,20260926,22,6,2-6-5,1516.0
2026-09-26 14:02:31,20260926,22,6,3-1-2,131.2
2026-09-26 14:02:31,20260926,22,6,3-1-4,127.5
2026-09-26 14:02:31,20260926,22,6,3-1-5,92.8
2026-09-26 14:02:31,20260926,22,6,3-1-6,620.5
2026-09-26 14:02:31,20260926,22,6,3-2-1,227.5
2026-09-26 14:02:31,20260926,22,6,3-2-4,148.3
2026-09-26 14:02:31,20260926,22,6,3-2-5,168.5
2026-09-26 14:02:31,20260926,22,6,3-2-6,390.0
2026-09-26 14:02:31,20260926,22,6,3-4-1,243.7
2026-09-26 14:02:31,20260926,22,6,3-4-2,182.0
2026-09-26 14:02:31,20260926,22,6,3-4-5,252.8
2026-09-26 14:02:31,20260926,22,6,3-4-6,1137.0
2026-09-26 14:02:31,20260926,22,6,3-5-1,203.7
2026-09-26 14:02:31,20260926,22,6,3-5-2,216.7
2026-09-26 14:02:31,20260926,22,6,3-5-4,267.6
2026-09-26 14:02:31,20260926,22,6,3-5-6,620.5
2026-09-26 14:02:31,20260926,22,6,3-6-1,1241.0
2026-09-26 14:02:31,20260926,22,6,3-6-2,803.0
2026-09-26 14:02:31,20260926,22,6,3-6-4,1706.0
2026-09-26 14:02:31,20260926,22,6,3-6-5,1516.0
2026-09-26 14:02:31,20260926,22,6,4-1-2,33.0
2026-09-26 14:02:31,20260926,22,6,4-1-3,98.2
2026-09-26 14:02:31,20260926,22,6,4-1-5,16.8
2026-09-26 14:02:31,20260926,22,6,4-1-6,150.0
2026-09-26 14:02:31,20260926,22,6,4-2-1,95.4
2026-09-26 14:02:31,20260926,22,6,4-2-3,227.5
2026-09-26 14:02:31,20260926,22,6,4-2-5,118.7
2026-09-26 14:02:31,20260926,22,6,4-2-6,682.6
2026-09-26 14:02:31,20260926,22,6,4-3-1,248.2
2026-09-26 14:02:31,20260926,22,6,4-3-2,341.3
2026-09-26 14:02:31,20260926,22,6,4-3-5,296.7
2026-09-26 14:02:31,20260926,22,6,4-3-6,803.0
2026-09-26 14:02:31,20260926,22,6,4-5-1,19.8
2026-09-26 14:02:31,20260926,22,6,4-5-2,67.9
2026-09-26 14:02:31,20260926,22,6,4-5-3,122.9
2026-09-26 14:02:31,20260926,22,6,4-5-6,243.7
2026-09-26 14:02:31,20260926,22,6,4-6-1,758.4
2026-09-26 14:02:31,20260926,22,6,4-6-2,650.1
2026-09-26 14:02:31,20260926,22,6,4-6-3,853.2
2026-09-26 14:02:31,20260926,22,6,4-6-5,910.1
2026-09-26 14:02:31,20260926,22,6,5-1-2,37.0
2026-09-26 14:02:31,20260926,22,6,5-1-3,78.9
2026-09-26 14:02:31,20260926,22,6,5-1-4,20.4
2026-09-26 14:02:31,20260926,22,6,5-1-6,290.4
2026-09-26 14:02:31,20260926,22,6,5-2-1,69.6
2026-09-26 14:02:31,20260926,22,6,5-2-3,172.8
2026-09-26 14:02:31,20260926,22,6,5-2-4,93.5
2026-09-26 14:02:31,20260926,22,6,5-2-6,426.6
2026-09-26 14:02:31,20260926,22,6,5-3-1,195.0
2026-09-26 14:02:31,20260926,22,6,5-3-2,325.0
2026-09-26 14:02:31,20260926,22,6,5-3-4,273.0
2026-09-26 14:02:31,20260926,22,6,5-3-6,803.0
2026-09-26 14:02:31,20260926,22,6,5-4-1,16.0
2026-09-26 14:02:31,20260926,22,6,5-4-2,81.2
2026-09-26 14:02:31,20260926,22,6,5-4-3,175.0
2026-09-26 14:02:31,20260926,22,6,5-4-6,379.2
2026-09-26 14:02:31,20260926,22,6,5-6-1,853.2
2026-09-26 14:02:31,20260926,22,6,5-6-2,1050.0
2026-09-26 14:02:31,20260926,22,6,5-6-3,1137.0
2026-09-26 14:02:31,20260926,22,6,5-6-4,853.2
2026-09-26 14:02:31,20260926,22,6,6-1-2,470.7
2026-09-26 14:02:31,20260926,22,6,6-1-3,1050.0
2026-09-26 14:02:31,20260926,22,6,6-1-4,1137.0
2026-09-26 14:02:31,20260926,22,6,6-1-5,1241.0
2026-09-26 14:02:31,20260926,22,6,6-2-1,718.5
2026-09-26 14:02:31,20260926,22,6,6-2-3,682.6
2026-09-26 14:02:31,20260926,22,6,6-2-4,975.1
2026-09-26 14:02:31,20260926,22,6,6-2-5,1365.0
2026-09-26 14:02:31,20260926,22,6,6-3-1,975.1
2026-09-26 14:02:31,20260926,22,6,6-3-2,758.4
2026-09-26 14:02:31,20260926,22,6,6-3-4,803.0
2026-09-26 14:02:31,20260926,22,6,6-3-5,1137.0
2026-09-26 14:02:31,20260926,22,6,6-4-1,853.2
2026-09-26 14:02:31,20260926,22,6,6-4-2,1050.0
2026-09-26 14:02:31,20260926,22,6,6-4-3,1241.0
2026-09-26 14:02:31,20260926,22,6,6-4-5,1241.0
2026-09-26 14:02:31,20260926,22,6,6-5-1,1365.0
2026-09-26 14:02:31,20260926,22,6,6-5-2,1241.0
2026-09-26 14:02:31,20260926,22,6,6-5-3,1137.0
2026-09-26 14:02:31,20260926,22,6,6-5-4,525.0
2026-09-26 14:04:47,20260926,2,8,1-2-3,29.9
2026-09-26 14:04:47,20260926,2,8,1-2-4,32.2
2026-09-26 14:04:47,20260926,2,8,1-2-5,24.2
2026-09-26 14:04:47,20260926,2,8,1-2-6,87.5
2026-09-26 14:04:47,20260926,2,8,1-3-2,30.1
2026-09-26 14:04:47,20260926,2,8,1-3-4,33.1
2026-09-26 14:04:47,20260926,2,8,1-3-5,29.6
2026-09-26 14:04:47,20260926,2,8,1-3-6,89.2
2026-09-26 14:04:47,20260926,2,8,1-4-2,46.3
2026-09-26 14:04:47,20260926,2,8,1-4-3,48.8
2026-09-26 14:04:47,20260926,2,8,1-4-5,31.5
2026-09-26 14:04:47,20260926,2,8,1-4-6,83.6
2026-09-26 14:04:47,20260926,2,8,1-5-2,31.2
2026-09-26 14:04:47,20260926,2,8,1-5-3,41.8
2026-09-26 14:04:47,20260926,2,8,1-5-4,41.1
2026-09-26 14:04:47,20260926,2,8,1-5-6,89.2
2026-09-26 14:04:47,20260926,2,8,1-6-2,104.9
2026-09-26 14:04:47,20260926,2,8,1-6-3,129.4
2026-09-26 14:04:47,20260926,2,8,1-6-4,124.9
2026-09-26 14:04:47,20260926,2,8,1-6-5,218.1
2026-09-26 14:04:47,20260926,2,8,2-1-3,51.4
2026-09-26 14:04:47,20260926,2,8,2-1-4,61.2
2026-09-26 14:04:47,20260926,2,8,2-1-5,51.8
2026-09-26 14:04:47,20260926,2,8,2-1-6,163.5
2026-09-26 14:04:47,20260926,2,8,2-3-1,68.1
2026-09-26 14:04:47,20260926,2,8,2-3-4,91.5
2026-09-26 14:04:47,20260926,2,8,2-3-5,93.7
2026-09-26 14:04:47,20260926,2,8,2-3-6,304.9
2026-09-26 14:04:47,20260926,2,8,2-4-1,94.7
2026-09-26 14:04:47,20260926,2,8,2-4-3,132.7
2026-09-26 14:04:47,20260926,2,8,2-4-5,111.0
2026-09-26 14:04:47,20260926,2,8,2-4-6,266.5
2026-09-26 14:04:47,20260926,2,8,2-5-1,67.0
2026-09-26 14:04:47,20260926,2,8,2-5-3,98.3
2026-09-26 14:04:47,20260926,2,8,2-5-4,109.0
2026-09-26 14:04:47,20260926,2,8,2-5-6,186.4
2026-09-26 14:04:47,20260926,2,8,2-6-1,374.8
2026-09-26 14:04:47,20260926,2,8,2-6-3,444.2
2026-09-26 14:04:47,20260926,2,8,2-6-4,428.4
2026-09-26 14:04:47,20260926,2,8,2-6-5,423.3
2026-09-26 14:04:47,20260926,2,8,3-1-2,52.3
2026-09-26 14:04:47,20260926,2,8,3-1-4,59.0
2026-09-26 14:04:47,20260926,2,8,3-1-5,49.0
2026-09-26 14:04:47,20260926,2,8,3-1-6,121.5
2026-09-26 14:04:47,20260926,2,8,3-2-1,66.7
2026-09-26 14:04:47,20260926,2,8,3-2-4,75.7
2026-09-26 14:04:47,20260926,2,8,3-2-5,109.0
2026-09-26 14:04:47,20260926,2,8,3-2-6,233.6
2026-09-26 14:04:47,20260926,2,8,3-4-1,85.4
2026-09-26 14:04:47,20260926,2,8,3-4-2,94.4
2026-09-26 14:04:47,20260926,2,8,3-4-5,107.4
2026-09-26 14:04:47,20260926,2,8,3-4-6,186.4
2026-09-26 14:04:47,20260926,2,8,3-5-1,83.6
2026-09-26 14:04:47,20260926,2,8,3-5-2,107.4
2026-09-26 14:04:47,20260926,2,8,3-5-4,146.2
2026-09-26 14:04:47,20260926,2,8,3-5-6,208.0
2026-09-26 14:04:47,20260926,2,8,3-6-1,395.4
2026-09-26 14:04:47,20260926,2,8,3-6-2,336.3
2026-09-26 14:04:47,20260926,2,8,3-6-4,423.3
2026-09-26 14:04:47,20260926,2,8,3-6-5,349.3
2026-09-26 14:04:47,20260926,2,8,4-1-2,60.6
2026-09-26 14:04:47,20260926,2,8,4-1-3,81.2
2026-09-26 14:04:47,20260926,2,8,4-1-5,27.1
2026-09-26 14:04:47,20260926,2,8,4-1-6,59.9
2026-09-26 14:04:47,20260926,2,8,4-2-1,79.9
2026-09-26 14:04:47,20260926,2,8,4-2-3,107.1
2026-09-26 14:04:47,20260926,2,8,4-2-5,45.6
2026-09-26 14:04:47,20260926,2,8,4-2-6,78.9
2026-09-26 14:04:47,20260926,2,8,4-3-1,102.5
2026-09-26 14:04:47,20260926,2,8,4-3-2,154.4
2026-09-26 14:04:47,20260926,2,8,4-3-5,136.8
2026-09-26 14:04:47,20260926,2,8,4-3-6,204.4
2026-09-26 14:04:47,20260926,2,8,4-5-1,28.2
2026-09-26 14:04:47,20260926,2,8,4-5-2,38.9
2026-09-26 14:04:47,20260926,2,8,4-5-3,76.2
2026-09-26 14:04:47,20260926,2,8,4-5-6,38.5
2026-09-26 14:04:47,20260926,2,8,4-6-1,78.5
2026-09-26 14:04:47,20260926,2,8,4-6-2,87.7
2026-09-26 14:04:47,20260926,2,8,4-6-3,222.1
2026-09-26 14:04:47,20260926,2,8,4-6-5,75.2
2026-09-26 14:04:47,20260926,2,8,5-1-2,59.5
2026-09-26 14:04:47,20260926,2,8,5-1-3,74.9
2026-09-26 14:04:47,20260926,2,8,5-1-4,66.3
2026-09-26 14:04:47,20260926,2,8,5-1-6,126.2
2026-09-26 14:04:47,20260926,2,8,5-2-1,81.0
2026-09-26 14:04:47,20260926,2,8,5-2-3,129.9
2026-09-26 14:04:47,20260926,2,8,5-2-4,128.5
2026-09-26 14:04:47,20260926,2,8,5-2-6,166.6
2026-09-26 14:04:47,20260926,2,8,5-3-1,105.2
2026-09-26 14:04:47,20260926,2,8,5-3-2,159.2
2026-09-26 14:04:47,20260926,2,8,5-3-4,164.3
2026-09-26 14:04:47,20260926,2,8,5-3-6,246.4
2026-09-26 14:04:47,20260926,2,8,5-4-1,62.4
2026-09-26 14:04:47,20260926,2,8,5-4-2,84.8
2026-09-26 14:04:47,20260926,2,8,5-4-3,136.3
2026-09-26 14:04:47,20260926,2,8,5-4-6,77.5
2026-09-26 14:04:47,20260926,2,8,5-6-1,150.5
2026-09-26 14:04:47,20260926,2,8,5-6-2,248.1
2026-09-26 14:04:47,20260926,2,8,5-6-3,307.5
2026-09-26 14:04:47,20260926,2,8,5-6-4,182.6
2026-09-26 14:04:47,20260926,2,8,6-1-2,324.2
2026-09-26 14:04:47,20260926,2,8,6-1-3,654.3
2026-09-26 14:04:47,20260926,2,8,6-1-4,492.9
2026-09-26 14:04:47,20260926,2,8,6-1-5,408.9
2026-09-26 14:04:47,20260926,2,8,6-2-1,461.3
2026-09-26 14:04:47,20260926,2,8,6-2-3,999.6
2026-09-26 14:04:47,20260926,2,8,6-2-4,782.3
2026-09-26 14:04:47,20260926,2,8,6-2-5,537.1
2026-09-26 14:04:47,20260926,2,8,6-3-1,692.0
2026-09-26 14:04:47,20260926,2,8,6-3-2,620.4
2026-09-26 14:04:47,20260926,2,8,6-3-4,506.8
2026-09-26 14:04:47,20260926,2,8,6-3-5,492.9
2026-09-26 14:04:47,20260926,2,8,6-4-1,367.2
2026-09-26 14:04:47,20260926,2,8,6-4-2,620.4
2026-09-26 14:04:47,20260926,2,8,6-4-3,734.4
2026-09-26 14:04:47,20260926,2,8,6-4-5,315.6
2026-09-26 14:04:47,20260926,2,8,6-5-1,312.9
2026-09-26 14:04:47,20260926,2,8,6-5-2,571.2
2026-09-26 14:04:47,20260926,2,8,6-5-3,219.4
2026-09-26 14:04:47,20260926,2,8,6-5-4,321.3
2026-09-26 14:12:08,20260926,3,8,1-2-3,14.6
2026-09-26 14:12:08,20260926,3,8,1-2-4,16.6
2026-09-26 14:12:08,20260926,3,8,1-2-5,90.9
2026-09-26 14:12:08,20260926,3,8,1-2-6,35.1
2026-09-26 14:12:08,20260926,3,8,1-3-2,17.1
2026-09-26 14:12:08,20260926,3,8,1-3-4,18.3
2026-09-26 14:12:08,20260926,3,8,1-3-5,80.8
2026-09-26 14:12:08,20260926,3,8,1-3-6,29.3
2026-09-26 14:12:08,20260926,3,8,1-4-2,18.8
2026-09-26 14:12:08,20260926,3,8,1-4-3,21.8
2026-09-26 14:12:08,20260926,3,8,1-4-5,75.6
2026-09-26 14:12:08,20260926,3,8,1-4-6,28.2
2026-09-26 14:12:08,20260926,3,8,1-5-2,111.3
2026-09-26 14:12:08,20260926,3,8,1-5-3,124.2
2026-09-26 14:12:08,20260926,3,8,1-5-4,107.8
2026-09-26 14:12:08,20260926,3,8,1-5-6,106.2
2026-09-26 14:12:08,20260926,3,8,1-6-2,45.0
2026-09-26 14:12:08,20260926,3,8,1-6-3,46.5
2026-09-26 14:12:08,20260926,3,8,1-6-4,74.8
2026-09-26 14:12:08,20260926,3,8,1-6-5,169.6
2026-09-26 14:12:08,20260926,3,8,2-1-3,44.5
2026-09-26 14:12:08,20260926,3,8,2-1-4,43.4
2026-09-26 14:12:08,20260926,3,8,2-1-5,152.9
2026-09-26 14:12:08,20260926,3,8,2-1-6,83.3
2026-09-26 14:12:08,20260926,3,8,2-3-1,72.0
2026-09-26 14:12:08,20260926,3,8,2-3-4,82.8
2026-09-26 14:12:08,20260926,3,8,2-3-5,163.7
2026-09-26 14:12:08,20260926,3,8,2-3-6,149.6
2026-09-26 14:12:08,20260926,3,8,2-4-1,61.8
2026-09-26 14:12:08,20260926,3,8,2-4-3,95.3
2026-09-26 14:12:08,20260926,3,8,2-4-5,210.8
2026-09-26 14:12:08,20260926,3,8,2-4-6,80.8
2026-09-26 14:12:08,20260926,3,8,2-5-1,296.0
2026-09-26 14:12:08,20260926,3,8,2-5-3,214.0
2026-09-26 14:12:08,20260926,3,8,2-5-4,356.7
2026-09-26 14:12:08,20260926,3,8,2-5-6,239.9
2026-09-26 14:12:08,20260926,3,8,2-6-1,169.6
2026-09-26 14:12:08,20260926,3,8,2-6-3,156.3
2026-09-26 14:12:08,20260926,3,8,2-6-4,152.9
2026-09-26 14:12:08,20260926,3,8,2-6-5,244.1
2026-09-26 14:12:08,20260926,3,8,3-1-2,39.0
2026-09-26 14:12:08,20260926,3,8,3-1-4,37.7
2026-09-26 14:12:08,20260926,3,8,3-1-5,84.8
2026-09-26 14:12:08,20260926,3,8,3-1-6,45.1
2026-09-26 14:12:08,20260926,3,8,3-2-1,92.1
2026-09-26 14:12:08,20260926,3,8,3-2-4,67.2
2026-09-26 14:12:08,20260926,3,8,3-2-5,136.4
2026-09-26 14:12:08,20260926,3,8,3-2-6,112.2
2026-09-26 14:12:08,20260926,3,8,3-4-1,60.4
2026-09-26 14:12:08,20260926,3,8,3-4-2,72.4
2026-09-26 14:12:08,20260926,3,8,3-4-5,224.4
2026-09-26 14:12:08,20260926,3,8,3-4-6,78.6
2026-09-26 14:12:08,20260926,3,8,3-5-1,163.7
2026-09-26 14:12:08,20260926,3,8,3-5-2,86.9
2026-09-26 14:12:08,20260926,3,8,3-5-4,289.8
2026-09-26 14:12:08,20260926,3,8,3-5-6,224.4
2026-09-26 14:12:08,20260926,3,8,3-6-1,140.5
2026-09-26 14:12:08,20260926,3,8,3-6-2,161.7
2026-09-26 14:12:08,20260926,3,8,3-6-4,140.5
2026-09-26 14:12:08,20260926,3,8,3-6-5,278.2
2026-09-26 14:12:08,20260926,3,8,4-1-2,48.6
2026-09-26 14:12:08,20260926,3,8,4-1-3,51.5
2026-09-26 14:12:08,20260926,3,8,4-1-5,92.1
2026-09-26 14:12:08,20260926,3,8,4-1-6,59.9
2026-09-26 14:12:08,20260926,3,8,4-2-1,73.6
2026-09-26 14:12:08,20260926,3,8,4-2-3,80.8
2026-09-26 14:12:08,20260926,3,8,4-2-5,193.2
2026-09-26 14:12:08,20260926,3,8,4-2-6,108.7
2026-09-26 14:12:08,20260926,3,8,4-3-1,67.8
2026-09-26 14:12:08,20260926,3,8,4-3-2,114.9
2026-09-26 14:12:08,20260926,3,8,4-3-5,207.6
2026-09-26 14:12:08,20260926,3,8,4-3-6,123.1
2026-09-26 14:12:08,20260926,3,8,4-5-1,173.9
2026-09-26 14:12:08,20260926,3,8,4-5-2,228.1
2026-09-26 14:12:08,20260926,3,8,4-5-3,272.8
2026-09-26 14:12:08,20260926,3,8,4-5-6,173.9
2026-09-26 14:12:08,20260926,3,8,4-6-1,85.3
2026-09-26 14:12:08,20260926,3,8,4-6-2,88.6
2026-09-26 14:12:08,20260926,3,8,4-6-3,117.9
2026-09-26 14:12:08,20260926,3,8,4-6-5,156.3
2026-09-26 14:12:08,20260926,3,8,5-1-2,302.4
2026-09-26 14:12:08,20260926,3,8,5-1-3,239.9
2026-09-26 14:12:08,20260926,3,8,5-1-4,296.0
2026-09-26 14:12:08,20260926,3,8,5-1-6,173.9
2026-09-26 14:12:08,20260926,3,8,5-2-1,309.2
2026-09-26 14:12:08,20260926,3,8,5-2-3,272.8
2026-09-26 14:12:08,20260926,3,8,5-2-4,289.8
2026-09-26 14:12:08,20260926,3,8,5-2-6,309.2
2026-09-26 14:12:08,20260926,3,8,5-3-1,262.5
2026-09-26 14:12:08,20260926,3,8,5-3-2,267.5
2026-09-26 14:12:08,20260926,3,8,5-3-4,356.7
2026-09-26 14:12:08,20260926,3,8,5-3-6,339.3
2026-09-26 14:12:08,20260926,3,8,5-4-1,356.7
2026-09-26 14:12:08,20260926,3,8,5-4-2,272.8
2026-09-26 14:12:08,20260926,3,8,5-4-3,604.9
2026-09-26 14:12:08,20260926,3,8,5-4-6,257.6
2026-09-26 14:12:08,20260926,3,8,5-6-1,535.1
2026-09-26 14:12:08,20260926,3,8,5-6-2,289.8
2026-09-26 14:12:08,20260926,3,8,5-6-3,479.8
2026-09-26 14:12:08,20260926,3,8,5-6-4,278.2
2026-09-26 14:12:08,20260926,3,8,6-1-2,143.4
2026-09-26 14:12:08,20260926,3,8,6-1-3,103.0
2026-09-26 14:12:08,20260926,3,8,6-1-4,198.7
2026-09-26 14:12:08,20260926,3,8,6-1-5,366.1
2026-09-26 14:12:08,20260926,3,8,6-2-1,239.9
2026-09-26 14:12:08,20260926,3,8,6-2-3,180.7
2026-09-26 14:12:08,20260926,3,8,6-2-4,231.9
2026-09-26 14:12:08,20260926,3,8,6-2-5,386.5
2026-09-26 14:12:08,20260926,3,8,6-3-1,366.1
2026-09-26 14:12:08,20260926,3,8,6-3-2,217.4
2026-09-26 14:12:08,20260926,3,8,6-3-4,257.6
2026-09-26 14:12:08,20260926,3,8,6-3-5,632.4
2026-09-26 14:12:08,20260926,3,8,6-4-1,169.6
2026-09-26 14:12:08,20260926,3,8,6-4-2,262.5
2026-09-26 14:12:08,20260926,3,8,6-4-3,316.2
2026-09-26 14:12:08,20260926,3,8,6-4-5,248.4
2026-09-26 14:12:08,20260926,3,8,6-5-1,535.1
2026-09-26 14:12:08,20260926,3,8,6-5-2,463.8
2026-09-26 14:12:08,20260926,3,8,6-5-3,632.4
2026-09-26 14:12:08,20260926,3,8,6-5-4,152.9
2026-09-26 14:12:17,20260926,13,9,1-2-3,17.9
2026-09-26 14:12:17,20260926,13,9,1-2-4,27.5
2026-09-26 14:12:17,20260926,13,9,1-2-5,20.8
2026-09-26 14:12:17,20260926,13,9,1-2-6,112.0
2026-09-26 14:12:17,20260926,13,9,1-3-2,30.0
2026-09-26 14:12:17,20260926,13,9,1-3-4,25.1
2026-09-26 14:12:17,20260926,13,9,1-3-5,28.9
2026-09-26 14:12:17,20260926,13,9,1-3-6,147.3
2026-09-26 14:12:17,20260926,13,9,1-4-2,29.3
2026-09-26 14:12:17,20260926,13,9,1-4-3,34.8
2026-09-26 14:12:17,20260926,13,9,1-4-5,30.9
2026-09-26 14:12:17,20260926,13,9,1-4-6,112.9
2026-09-26 14:12:17,20260926,13,9,1-5-2,18.9
2026-09-26 14:12:17,20260926,13,9,1-5-3,25.4
2026-09-26 14:12:17,20260926,13,9,1-5-4,36.2
2026-09-26 14:12:17,20260926,13,9,1-5-6,184.2
2026-09-26 14:12:17,20260926,13,9,1-6-2,197.2
2026-09-26 14:12:17,20260926,13,9,1-6-3,237.3
2026-09-26 14:12:17,20260926,13,9,1-6-4,160.9
2026-09-26 14:12:17,20260926,13,9,1-6-5,411.8
2026-09-26 14:12:17,20260926,13,9,2-1-3,48.1
2026-09-26 14:12:17,20260926,13,9,2-1-4,44.4
2026-09-26 14:12:17,20260926,13,9,2-1-5,42.9
2026-09-26 14:12:17,20260926,13,9,2-1-6,451.6
2026-09-26 14:12:17,20260926,13,9,2-3-1,86.4
2026-09-26 14:12:17,20260926,13,9,2-3-4,79.5
2026-09-26 14:12:17,20260926,13,9,2-3-5,74.4
2026-09-26 14:12:17,20260926,13,9,2-3-6,823.6
2026-09-26 14:12:17,20260926,13,9,2-4-1,97.2
2026-09-26 14:12:17,20260926,13,9,2-4-3,100.7
2026-09-26 14:12:17,20260926,13,9,2-4-5,67.3
2026-09-26 14:12:17,20260926,13,9,2-4-6,170.7
2026-09-26 14:12:17,20260926,13,9,2-5-1,37.1
2026-09-26 14:12:17,20260926,13,9,2-5-3,70.0
2026-09-26 14:12:17,20260926,13,9,2-5-4,68.9
2026-09-26 14:12:17,20260926,13,9,2-5-6,518.5
2026-09-26 14:12:17,20260926,13,9,2-6-1,500.0
2026-09-26 14:12:17,20260926,13,9,2-6-3,1077.0
2026-09-26 14:12:17,20260926,13,9,2-6-4,466.7
2026-09-26 14:12:17,20260926,13,9,2-6-5,875.1
2026-09-26 14:12:17,20260926,13,9,3-1-2,70.3
2026-09-26 14:12:17,20260926,13,9,3-1-4,84.3
2026-09-26 14:12:17,20260926,13,9,3-1-5,44.7
2026-09-26 14:12:17,20260926,13,9,3-1-6,225.8
2026-09-26 14:12:17,20260926,13,9,3-2-1,106.0
2026-09-26 14:12:17,20260926,13,9,3-2-4,96.5
2026-09-26 14:12:17,20260926,13,9,3-2-5,67.9
2026-09-26 14:12:17,20260926,13,9,3-2-6,538.5
2026-09-26 14:12:17,20260926,13,9,3-4-1,122.8
2026-09-26 14:12:17,20260926,13,9,3-4-2,106.0
2026-09-26 14:12:17,20260926,13,9,3-4-5,85.9
2026-09-26 14:12:17,20260926,13,9,3-4-6,218.7
2026-09-26 14:12:17,20260926,13,9,3-5-1,63.6
2026-09-26 14:12:17,20260926,13,9,3-5-2,78.2
2026-09-26 14:12:17,20260926,13,9,3-5-4,85.9
2026-09-26 14:12:17,20260926,13,9,3-5-6,237.3
2026-09-26 14:12:17,20260926,13,9,3-6-1,466.7
2026-09-26 14:12:17,20260926,13,9,3-6-2,636.4
2026-09-26 14:12:17,20260926,13,9,3-6-4,933.4
2026-09-26 14:12:17,20260926,13,9,3-6-5,666.7
2026-09-26 14:12:17,20260926,13,9,4-1-2,75.6
2026-09-26 14:12:17,20260926,13,9,4-1-3,111.1
2026-09-26 14:12:17,20260926,13,9,4-1-5,54.6
2026-09-26 14:12:17,20260926,13,9,4-1-6,285.7
2026-09-26 14:12:17,20260926,13,9,4-2-1,89.1
2026-09-26 14:12:17,20260926,13,9,4-2-3,144.3
2026-09-26 14:12:17,20260926,13,9,4-2-5,84.8
2026-09-26 14:12:17,20260926,13,9,4-2-6,318.2
2026-09-26 14:12:17,20260926,13,9,4-3-1,168.6
2026-09-26 14:12:17,20260926,13,9,4-3-2,141.4
2026-09-26 14:12:17,20260926,13,9,4-3-5,120.7
2026-09-26 14:12:17,20260926,13,9,4-3-6,518.5
2026-09-26 14:12:17,20260926,13,9,4-5-1,66.3
2026-09-26 14:12:17,20260926,13,9,4-5-2,55.3
2026-09-26 14:12:17,20260926,13,9,4-5-3,99.3
2026-09-26 14:12:17,20260926,13,9,4-5-6,318.2
2026-09-26 14:12:17,20260926,13,9,4-6-1,700.0
2026-09-26 14:12:17,20260926,13,9,4-6-2,636.4
2026-09-26 14:12:17,20260926,13,9,4-6-3,875.1
2026-09-26 14:12:17,20260926,13,9,4-6-5,700.0
2026-09-26 14:12:17,20260926,13,9,5-1-2,24.6
2026-09-26 14:12:17,20260926,13,9,5-1-3,30.9
2026-09-26 14:12:17,20260926,13,9,5-1-4,48.4
2026-09-26 14:12:17,20260926,13,9,5-1-6,155.5
2026-09-26 14:12:17,20260926,13,9,5-2-1,56.6
2026-09-26 14:12:17,20260926,13,9,5-2-3,68.9
2026-09-26 14:12:17,20260926,13,9,5-2-4,46.9
2026-09-26 14:12:17,20260926,13,9,5-2-6,368.4
2026-09-26 14:12:17,20260926,13,9,5-3-1,75.6
2026-09-26 14:12:17,20260926,13,9,5-3-2,88.6
2026-09-26 14:12:17,20260926,13,9,5-3-4,85.3
2026-09-26 14:12:17,20260926,13,9,5-3-6,424.2
2026-09-26 14:12:17,20260926,13,9,5-4-1,60.3
2026-09-26 14:12:17,20260926,13,9,5-4-2,46.3
2026-09-26 14:12:17,20260926,13,9,5-4-3,97.9
2026-09-26 14:12:17,20260926,13,9,5-4-6,222.2
2026-09-26 14:12:17,20260926,13,9,5-6-1,482.8
2026-09-26 14:12:17,20260926,13,9,5-6-2,518.5
2026-09-26 14:12:17,20260926,13,9,5-6-3,500.0
2026-09-26 14:12:17,20260926,13,9,5-6-4,482.8
2026-09-26 14:12:17,20260926,13,9,6-1-2,378.4
2026-09-26 14:12:17,20260926,13,9,6-1-3,318.2
2026-09-26 14:12:17,20260926,13,9,6-1-4,875.1
2026-09-26 14:12:17,20260926,13,9,6-1-5,583.4
2026-09-26 14:12:17,20260926,13,9,6-2-1,700.0
2026-09-26 14:12:17,20260926,13,9,6-2-3,636.4
2026-09-26 14:12:17,20260926,13,9,6-2-4,608.7
2026-09-26 14:12:17,20260926,13,9,6-2-5,1166.0
2026-09-26 14:12:17,20260926,13,9,6-3-1,636.4
2026-09-26 14:12:17,20260926,13,9,6-3-2,1166.0
2026-09-26 14:12:17,20260926,13,9,6-3-4,583.4
2026-09-26 14:12:17,20260926,13,9,6-3-5,1750.0
2026-09-26 14:12:17,20260926,13,9,6-4-1,875.1
2026-09-26 14:12:17,20260926,13,9,6-4-2,636.4
2026-09-26 14:12:17,20260926,13,9,6-4-3,1400.0
2026-09-26 14:12:17,20260926,13,9,6-4-5,1272.0
2026-09-26 14:12:17,20260926,13,9,6-5-1,608.7
2026-09-26 14:12:17,20260926,13,9,6-5-2,736.9
2026-09-26 14:12:17,20260926,13,9,6-5-3,736.9
2026-09-26 14:12:17,20260926,13,9,6-5-4,411.8
2026-09-26 14:14:41,20260926,21,12,1-2-3,45.3
2026-09-26 14:14:41,20260926,21,12,1-2-4,55.7
2026-09-26 14:14:41,20260926,21,12,1-2-5,42.7
2026-09-26 14:14:41,20260926,21,12,1-2-6,99.5
2026-09-26 14:14:41,20260926,21,12,1-3-2,37.0
2026-09-26 14:14:41,20260926,21,12,1-3-4,9.9
2026-09-26 14:14:41,20260926,21,12,1-3-5,7.0
2026-09-26 14:14:41,20260926,21,12,1-3-6,30.5
2026-09-26 14:14:41,20260926,21,12,1-4-2,41.2
2026-09-26 14:14:41,20260926,21,12,1-4-3,13.6
2026-09-26 14:14:41,20260926,21,12,1-4-5,8.3
2026-09-26 14:14:41,20260926,21,12,1-4-6,25.0
2026-09-26 14:14:41,20260926,21,12,1-5-2,31.2
2026-09-26 14:14:41,20260926,21,12,1-5-3,9.0
2026-09-26 14:14:41,20260926,21,12,1-5-4,9.9
2026-09-26 14:14:41,20260926,21,12,1-5-6,16.5
2026-09-26 14:14:41,20260926,21,12,1-6-2,155.9
2026-09-26 14:14:41,20260926,21,12,1-6-3,104.4
2026-09-26 14:14:41,20260926,21,12,1-6-4,81.8
2026-09-26 14:14:41,20260926,21,12,1-6-5,55.7
2026-09-26 14:14:41,20260926,21,12,2-1-3,246.8
2026-09-26 14:14:41,20260926,21,12,2-1-4,383.4
2026-09-26 14:14:41,20260926,21,12,2-1-5,243.8
2026-09-26 14:14:41,20260926,21,12,2-1-6,505.2
2026-09-26 14:14:41,20260926,21,12,2-3-1,363.5
2026-09-26 14:14:41,20260926,21,12,2-3-4,683.7
2026-09-26 14:14:41,20260926,21,12,2-3-5,787.6
2026-09-26 14:14:41,20260926,21,12,2-3-6,1397.0
2026-09-26 14:14:41,20260926,21,12,2-4-1,635.0
2026-09-26 14:14:41,20260926,21,12,2-4-3,811.4
2026-09-26 14:14:41,20260926,21,12,2-4-5,815.6
2026-09-26 14:14:41,20260926,21,12,2-4-6,1057.0
2026-09-26 14:14:41,20260926,21,12,2-5-1,421.7
2026-09-26 14:14:41,20260926,21,12,2-5-3,714.1
2026-09-26 14:14:41,20260926,21,12,2-5-4,985.7
2026-09-26 14:14:41,20260926,21,12,2-5-6,1100.0
2026-09-26 14:14:41,20260926,21,12,2-6-1,799.3
2026-09-26 14:14:41,20260926,21,12,2-6-3,1765.0
2026-09-26 14:14:41,20260926,21,12,2-6-4,1691.0
2026-09-26 14:14:41,20260926,21,12,2-6-5,1868.0
2026-09-26 14:14:41,20260926,21,12,3-1-2,182.3
2026-09-26 14:14:41,20260926,21,12,3-1-4,88.7
2026-09-26 14:14:41,20260926,21,12,3-1-5,58.2
2026-09-26 14:14:41,20260926,21,12,3-1-6,191.9
2026-09-26 14:14:41,20260926,21,12,3-2-1,391.8
2026-09-26 14:14:41,20260926,21,12,3-2-4,521.6
2026-09-26 14:14:41,20260926,21,12,3-2-5,595.0
2026-09-26 14:14:41,20260926,21,12,3-2-6,1100.0
2026-09-26 14:14:41,20260926,21,12,3-4-1,208.3
2026-09-26 14:14:41,20260926,21,12,3-4-2,580.0
2026-09-26 14:14:41,20260926,21,12,3-4-5,270.0
2026-09-26 14:14:41,20260926,21,12,3-4-6,548.3
2026-09-26 14:14:41,20260926,21,12,3-5-1,108.1
2026-09-26 14:14:41,20260926,21,12,3-5-2,447.5
2026-09-26 14:14:41,20260926,21,12,3-5-4,301.4
2026-09-26 14:14:41,20260926,21,12,3-5-6,457.7
2026-09-26 14:14:41,20260926,21,12,3-6-1,811.4
2026-09-26 14:14:41,20260926,21,12,3-6-2,1306.0
2026-09-26 14:14:41,20260926,21,12,3-6-4,1245.0
2026-09-26 14:14:41,20260926,21,12,3-6-5,1004.0
2026-09-26 14:14:41,20260926,21,12,4-1-2,218.3
2026-09-26 14:14:41,20260926,21,12,4-1-3,104.6
2026-09-26 14:14:41,20260926,21,12,4-1-5,50.1
2026-09-26 14:14:41,20260926,21,12,4-1-6,131.9
2026-09-26 14:14:41,20260926,21,12,4-2-1,573.8
2026-09-26 14:14:41,20260926,21,12,4-2-3,683.7
2026-09-26 14:14:41,20260926,21,12,4-2-5,640.1
2026-09-26 14:14:41,20260926,21,12,4-2-6,902.6
2026-09-26 14:14:41,20260926,21,12,4-3-1,262.1
2026-09-26 14:14:41,20260926,21,12,4-3-2,868.5
2026-09-26 14:14:41,20260926,21,12,4-3-5,395.7
2026-09-26 14:14:41,20260926,21,12,4-3-6,776.2
2026-09-26 14:14:41,20260926,21,12,4-5-1,67.2
2026-09-26 14:14:41,20260926,21,12,4-5-2,331.9
2026-09-26 14:14:41,20260926,21,12,4-5-3,227.5
2026-09-26 14:14:41,20260926,21,12,4-5-6,160.0
2026-09-26 14:14:41,20260926,21,12,4-6-1,390.9
2026-09-26 14:14:41,20260926,21,12,4-6-2,902.6
2026-09-26 14:14:41,20260926,21,12,4-6-3,892.6
2026-09-26 14:14:41,20260926,21,12,4-6-5,398.6
2026-09-26 14:14:41,20260926,21,12,5-1-2,113.6
2026-09-26 14:14:41,20260926,21,12,5-1-3,44.4
2026-09-26 14:14:41,20260926,21,12,5-1-4,45.4
2026-09-26 14:14:41,20260926,21,12,5-1-6,60.6
2026-09-26 14:14:41,20260926,21,12,5-2-1,316.2
2026-09-26 14:14:41,20260926,21,12,5-2-3,544.6
2026-09-26 14:14:41,20260926,21,12,5-2-4,645.2
2026-09-26 14:14:41,20260926,21,12,5-2-6,642.6
2026-09-26 14:14:41,20260926,21,12,5-3-1,107.1
2026-09-26 14:14:41,20260926,21,12,5-3-2,510.0
2026-09-26 14:14:41,20260926,21,12,5-3-4,332.6
2026-09-26 14:14:41,20260926,21,12,5-3-6,376.2
2026-09-26 14:14:41,20260926,21,12,5-4-1,88.9
2026-09-26 14:14:41,20260926,21,12,5-4-2,464.3
2026-09-26 14:14:41,20260926,21,12,5-4-3,283.3
2026-09-26 14:14:41,20260926,21,12,5-4-6,218.6
2026-09-26 14:14:41,20260926,21,12,5-6-1,185.3
2026-09-26 14:14:41,20260926,21,12,5-6-2,698.5
2026-09-26 14:14:41,20260926,21,12,5-6-3,464.3
2026-09-26 14:14:41,20260926,21,12,5-6-4,408.8
2026-09-26 14:14:41,20260926,21,12,6-1-2,819.7
2026-09-26 14:14:41,20260926,21,12,6-1-3,887.7
2026-09-26 14:14:41,20260926,21,12,6-1-4,655.8
2026-09-26 14:14:41,20260926,21,12,6-1-5,439.0
2026-09-26 14:14:41,20260926,21,12,6-2-1,1085.0
2026-09-26 14:14:41,20260926,21,12,6-2-3,1785.0
2026-09-26 14:14:41,20260926,21,12,6-2-4,1656.0
2026-09-26 14:14:41,20260926,21,12,6-2-5,2086.0
2026-09-26 14:14:41,20260926,21,12,6-3-1,1235.0
2026-09-26 14:14:41,20260926,21,12,6-3-2,2171.0
2026-09-26 14:14:41,20260926,21,12,6-3-4,1515.0
2026-09-26 14:14:41,20260926,21,12,6-3-5,1622.0
2026-09-26 14:14:41,20260926,21,12,6-4-1,923.4
2026-09-26 14:14:41,20260926,21,12,6-4-2,1805.0
2026-09-26 14:14:41,20260926,21,12,6-4-3,1709.0
2026-09-26 14:14:41,20260926,21,12,6-4-5,907.7
2026-09-26 14:14:41,20260926,21,12,6-5-1,434.2
2026-09-26 14:14:41,20260926,21,12,6-5-2,1935.0
2026-09-26 14:14:41,20260926,21,12,6-5-3,1338.0
2026-09-26 14:14:41,20260926,21,12,6-5-4,807.4
2026-09-26 14:18:48,20260926,9,9,1-2-3,5.4
2026-09-26 14:18:48,20260926,9,9,1-2-4,15.2
2026-09-26 14:18:48,20260926,9,9,1-2-5,41.9
2026-09-26 14:18:48,20260926,9,9,1-2-6,62.6
2026-09-26 14:18:48,20260926,9,9,1-3-2,5.1
2026-09-26 14:18:48,20260926,9,9,1-3-4,13.0
2026-09-26 14:18:48,20260926,9,9,1-3-5,32.5
2026-09-26 14:18:48,20260926,9,9,1-3-6,38.7
2026-09-26 14:18:48,20260926,9,9,1-4-2,37.9
2026-09-26 14:18:48,20260926,9,9,1-4-3,36.3
2026-09-26 14:18:48,20260926,9,9,1-4-5,151.7
2026-09-26 14:18:48,20260926,9,9,1-4-6,165.8
2026-09-26 14:18:48,20260926,9,9,1-5-2,127.9
2026-09-26 14:18:48,20260926,9,9,1-5-3,116.2
2026-09-26 14:18:48,20260926,9,9,1-5-4,226.6
2026-09-26 14:18:48,20260926,9,9,1-5-6,252.2
2026-09-26 14:18:48,20260926,9,9,1-6-2,172.1
2026-09-26 14:18:48,20260926,9,9,1-6-3,124.3
2026-09-26 14:18:48,20260926,9,9,1-6-4,242.0
2026-09-26 14:18:48,20260926,9,9,1-6-5,416.4
2026-09-26 14:18:48,20260926,9,9,2-1-3,17.6
2026-09-26 14:18:48,20260926,9,9,2-1-4,40.6
2026-09-26 14:18:48,20260926,9,9,2-1-5,72.2
2026-09-26 14:18:48,20260926,9,9,2-1-6,116.2
2026-09-26 14:18:48,20260926,9,9,2-3-1,25.4
2026-09-26 14:18:48,20260926,9,9,2-3-4,84.8
2026-09-26 14:18:48,20260926,9,9,2-3-5,129.7
2026-09-26 14:18:48,20260926,9,9,2-3-6,484.0
2026-09-26 14:18:48,20260926,9,9,2-4-1,116.2
2026-09-26 14:18:48,20260926,9,9,2-4-3,155.7
2026-09-26 14:18:48,20260926,9,9,2-4-5,526.7
2026-09-26 14:18:48,20260926,9,9,2-4-6,337.8
2026-09-26 14:18:48,20260926,9,9,2-5-1,319.7
2026-09-26 14:18:48,20260926,9,9,2-5-3,271.3
2026-09-26 14:18:48,20260926,9,9,2-5-4,639.5
2026-09-26 14:18:48,20260926,9,9,2-5-6,596.9
2026-09-26 14:18:48,20260926,9,9,2-6-1,436.7
2026-09-26 14:18:48,20260926,9,9,2-6-3,663.2
2026-09-26 14:18:48,20260926,9,9,2-6-4,459.1
2026-09-26 14:18:48,20260926,9,9,2-6-5,511.6
2026-09-26 14:18:48,20260926,9,9,3-1-2,11.5
2026-09-26 14:18:48,20260926,9,9,3-1-4,26.5
2026-09-26 14:18:48,20260926,9,9,3-1-5,46.0
2026-09-26 14:18:48,20260926,9,9,3-1-6,84.4
2026-09-26 14:18:48,20260926,9,9,3-2-1,22.5
2026-09-26 14:18:48,20260926,9,9,3-2-4,78.2
2026-09-26 14:18:48,20260926,9,9,3-2-5,110.5
2026-09-26 14:18:48,20260926,9,9,3-2-6,284.2
2026-09-26 14:18:48,20260926,9,9,3-4-1,86.9
2026-09-26 14:18:48,20260926,9,9,3-4-2,135.6
2026-09-26 14:18:48,20260926,9,9,3-4-5,284.2
2026-09-26 14:18:48,20260926,9,9,3-4-6,267.2
2026-09-26 14:18:48,20260926,9,9,3-5-1,167.3
2026-09-26 14:18:48,20260926,9,9,3-5-2,201.2
2026-09-26 14:18:48,20260926,9,9,3-5-4,407.0
2026-09-26 14:18:48,20260926,9,9,3-5-6,416.4
2026-09-26 14:18:48,20260926,9,9,3-6-1,471.2
2026-09-26 14:18:48,20260926,9,9,3-6-2,617.5
2026-09-26 14:18:48,20260926,9,9,3-6-4,596.9
2026-09-26 14:18:48,20260926,9,9,3-6-5,559.6
2026-09-26 14:18:48,20260926,9,9,4-1-2,133.6
2026-09-26 14:18:48,20260926,9,9,4-1-3,134.6
2026-09-26 14:18:48,20260926,9,9,4-1-5,331.6
2026-09-26 14:18:48,20260926,9,9,4-1-6,344.3
2026-09-26 14:18:48,20260926,9,9,4-2-1,121.8
2026-09-26 14:18:48,20260926,9,9,4-2-3,208.2
2026-09-26 14:18:48,20260926,9,9,4-2-5,373.0
2026-09-26 14:18:48,20260926,9,9,4-2-6,484.0
2026-09-26 14:18:48,20260926,9,9,4-3-1,159.8
2026-09-26 14:18:48,20260926,9,9,4-3-2,314.1
2026-09-26 14:18:48,20260926,9,9,4-3-5,511.6
2026-09-26 14:18:48,20260926,9,9,4-3-6,416.4
2026-09-26 14:18:48,20260926,9,9,4-5-1,426.3
2026-09-26 14:18:48,20260926,9,9,4-5-2,778.6
2026-09-26 14:18:48,20260926,9,9,4-5-3,617.5
2026-09-26 14:18:48,20260926,9,9,4-5-6,1279.0
2026-09-26 14:18:48,20260926,9,9,4-6-1,639.5
2026-09-26 14:18:48,20260926,9,9,4-6-2,688.7
2026-09-26 14:18:48,20260926,9,9,4-6-3,716.3
2026-09-26 14:18:48,20260926,9,9,4-6-5,994.9
2026-09-26 14:18:48,20260926,9,9,5-1-2,407.0
2026-09-26 14:18:48,20260926,9,9,5-1-3,190.5
2026-09-26 14:18:48,20260926,9,9,5-1-4,381.0
2026-09-26 14:18:48,20260926,9,9,5-1-6,484.0
2026-09-26 14:18:48,20260926,9,9,5-2-1,314.1
2026-09-26 14:18:48,20260926,9,9,5-2-3,131.6
2026-09-26 14:18:48,20260926,9,9,5-2-4,436.7
2026-09-26 14:18:48,20260926,9,9,5-2-6,778.6
2026-09-26 14:18:48,20260926,9,9,5-3-1,325.6
2026-09-26 14:18:48,20260926,9,9,5-3-2,331.6
2026-09-26 14:18:48,20260926,9,9,5-3-4,778.6
2026-09-26 14:18:48,20260926,9,9,5-3-6,746.1
2026-09-26 14:18:48,20260926,9,9,5-4-1,688.7
2026-09-26 14:18:48,20260926,9,9,5-4-2,447.7
2026-09-26 14:18:48,20260926,9,9,5-4-3,994.9
2026-09-26 14:18:48,20260926,9,9,5-4-6,895.4
2026-09-26 14:18:48,20260926,9,9,5-6-1,1492.0
2026-09-26 14:18:48,20260926,9,9,5-6-2,942.5
2026-09-26 14:18:48,20260926,9,9,5-6-3,994.9
2026-09-26 14:18:48,20260926,9,9,5-6-4,716.3
2026-09-26 14:18:48,20260926,9,9,6-1-2,497.4
2026-09-26 14:18:48,20260926,9,9,6-1-3,814.0
2026-09-26 14:18:48,20260926,9,9,6-1-4,942.5
2026-09-26 14:18:48,20260926,9,9,6-1-5,1119.0
2026-09-26 14:18:48,20260926,9,9,6-2-1,688.7
2026-09-26 14:18:48,20260926,9,9,6-2-3,994.9
2026-09-26 14:18:48,20260926,9,9,6-2-4,1119.0
2026-09-26 14:18:48,20260926,9,9,6-2-5,994.9
2026-09-26 14:18:48,20260926,9,9,6-3-1,1193.0
2026-09-26 14:18:48,20260926,9,9,6-3-2,1119.0
2026-09-26 14:18:48,20260926,9,9,6-3-4,1279.0
2026-09-26 14:18:48,20260926,9,9,6-3-5,1790.0
2026-09-26 14:18:48,20260926,9,9,6-4-1,1119.0
2026-09-26 14:18:48,20260926,9,9,6-4-2,1119.0
2026-09-26 14:18:48,20260926,9,9,6-4-3,1989.0
2026-09-26 14:18:48,20260926,9,9,6-4-5,542.6
2026-09-26 14:18:48,20260926,9,9,6-5-1,1628.0
2026-09-26 14:18:48,20260926,9,9,6-5-2,1119.0
2026-09-26 14:18:48,20260926,9,9,6-5-3,1119.0
2026-09-26 14:18:48,20260926,9,9,6-5-4,663.2
2026-09-26 14:21:12,20260926,8,9,1-2-3,11.1
2026-09-26 14:21:12,20260926,8,9,1-2-4,22.8
2026-09-26 14:21:12,20260926,8,9,1-2-5,77.6
2026-09-26 14:21:12,20260926,8,9,1-2-6,22.1
2026-09-26 14:21:12,20260926,8,9,1-3-2,10.2
2026-09-26 14:21:12,20260926,8,9,1-3-4,16.6
2026-09-26 14:21:12,20260926,8,9,1-3-5,58.9
2026-09-26 14:21:12,20260926,8,9,1-3-6,11.2
2026-09-26 14:21:12,20260926,8,9,1-4-2,42.9
2026-09-26 14:21:12,20260926,8,9,1-4-3,35.6
2026-09-26 14:21:12,20260926,8,9,1-4-5,123.9
2026-09-26 14:21:12,20260926,8,9,1-4-6,38.1
2026-09-26 14:21:12,20260926,8,9,1-5-2,180.7
2026-09-26 14:21:12,20260926,8,9,1-5-3,184.1
2026-09-26 14:21:12,20260926,8,9,1-5-4,201.4
2026-09-26 14:21:12,20260926,8,9,1-5-6,199.3
2026-09-26 14:21:12,20260926,8,9,1-6-2,32.2
2026-09-26 14:21:12,20260926,8,9,1-6-3,17.7
2026-09-26 14:21:12,20260926,8,9,1-6-4,44.1
2026-09-26 14:21:12,20260926,8,9,1-6-5,166.7
2026-09-26 14:21:12,20260926,8,9,2-1-3,27.0
2026-09-26 14:21:12,20260926,8,9,2-1-4,50.2
2026-09-26 14:21:12,20260926,8,9,2-1-5,233.0
2026-09-26 14:21:12,20260926,8,9,2-1-6,48.2
2026-09-26 14:21:12,20260926,8,9,2-3-1,45.5
2026-09-26 14:21:12,20260926,8,9,2-3-4,71.6
2026-09-26 14:21:12,20260926,8,9,2-3-5,364.9
2026-09-26 14:21:12,20260926,8,9,2-3-6,99.1
2026-09-26 14:21:12,20260926,8,9,2-4-1,72.4
2026-09-26 14:21:12,20260926,8,9,2-4-3,224.8
2026-09-26 14:21:12,20260926,8,9,2-4-5,483.5
2026-09-26 14:21:12,20260926,8,9,2-4-6,138.1
2026-09-26 14:21:12,20260926,8,9,2-5-1,666.9
2026-09-26 14:21:12,20260926,8,9,2-5-3,394.6
2026-09-26 14:21:12,20260926,8,9,2-5-4,690.7
2026-09-26 14:21:12,20260926,8,9,2-5-6,522.7
2026-09-26 14:21:12,20260926,8,9,2-6-1,103.4
2026-09-26 14:21:12,20260926,8,9,2-6-3,146.5
2026-09-26 14:21:12,20260926,8,9,2-6-4,98.1
2026-09-26 14:21:12,20260926,8,9,2-6-5,690.7
2026-09-26 14:21:12,20260926,8,9,3-1-2,32.1
2026-09-26 14:21:12,20260926,8,9,3-1-4,47.5
2026-09-26 14:21:12,20260926,8,9,3-1-5,114.4
2026-09-26 14:21:12,20260926,8,9,3-1-6,25.5
2026-09-26 14:21:12,20260926,8,9,3-2-1,45.5
2026-09-26 14:21:12,20260926,8,9,3-2-4,83.0
2026-09-26 14:21:12,20260926,8,9,3-2-5,272.3
2026-09-26 14:21:12,20260926,8,9,3-2-6,81.9
2026-09-26 14:21:12,20260926,8,9,3-4-1,104.5
2026-09-26 14:21:12,20260926,8,9,3-4-2,174.2
2026-09-26 14:21:12,20260926,8,9,3-4-5,371.9
2026-09-26 14:21:12,20260926,8,9,3-4-6,113.7
2026-09-26 14:21:12,20260926,8,9,3-5-1,364.9
2026-09-26 14:21:12,20260926,8,9,3-5-2,257.8
2026-09-26 14:21:12,20260926,8,9,3-5-4,840.8
2026-09-26 14:21:12,20260926,8,9,3-5-6,411.4
2026-09-26 14:21:12,20260926,8,9,3-6-1,42.9
2026-09-26 14:21:12,20260926,8,9,3-6-2,111.1
2026-09-26 14:21:12,20260926,8,9,3-6-4,142.2
2026-09-26 14:21:12,20260926,8,9,3-6-5,460.4
2026-09-26 14:21:12,20260926,8,9,4-1-2,90.7
2026-09-26 14:21:12,20260926,8,9,4-1-3,143.2
2026-09-26 14:21:12,20260926,8,9,4-1-5,205.7
2026-09-26 14:21:12,20260926,8,9,4-1-6,122.4
2026-09-26 14:21:12,20260926,8,9,4-2-1,136.1
2026-09-26 14:21:12,20260926,8,9,4-2-3,351.6
2026-09-26 14:21:12,20260926,8,9,4-2-5,439.5
2026-09-26 14:21:12,20260926,8,9,4-2-6,201.4
2026-09-26 14:21:12,20260926,8,9,4-3-1,174.2
2026-09-26 14:21:12,20260926,8,9,4-3-2,345.3
2026-09-26 14:21:12,20260926,8,9,4-3-5,644.6
2026-09-26 14:21:12,20260926,8,9,4-3-6,233.0
2026-09-26 14:21:12,20260926,8,9,4-5-1,322.3
2026-09-26 14:21:12,20260926,8,9,4-5-2,394.6
2026-09-26 14:21:12,20260926,8,9,4-5-3,537.2
2026-09-26 14:21:12,20260926,8,9,4-5-6,552.5
2026-09-26 14:21:12,20260926,8,9,4-6-1,142.2
2026-09-26 14:21:12,20260926,8,9,4-6-2,182.4
2026-09-26 14:21:12,20260926,8,9,4-6-3,203.5
2026-09-26 14:21:12,20260926,8,9,4-6-5,568.8
2026-09-26 14:21:12,20260926,8,9,5-1-2,508.9
2026-09-26 14:21:12,20260926,8,9,5-1-3,379.2
2026-09-26 14:21:12,20260926,8,9,5-1-4,460.4
2026-09-26 14:21:12,20260926,8,9,5-1-6,358.1
2026-09-26 14:21:12,20260926,8,9,5-2-1,1381.0
2026-09-26 14:21:12,20260926,8,9,5-2-3,586.0
2026-09-26 14:21:12,20260926,8,9,5-2-4,508.9
2026-09-26 14:21:12,20260926,8,9,5-2-6,690.7
2026-09-26 14:21:12,20260926,8,9,5-3-1,743.8
2026-09-26 14:21:12,20260926,8,9,5-3-2,552.5
2026-09-26 14:21:12,20260926,8,9,5-3-4,805.8
2026-09-26 14:21:12,20260926,8,9,5-3-6,666.9
2026-09-26 14:21:12,20260926,8,9,5-4-1,460.4
2026-09-26 14:21:12,20260926,8,9,5-4-2,666.9
2026-09-26 14:21:12,20260926,8,9,5-4-3,1208.0
2026-09-26 14:21:12,20260926,8,9,5-4-6,805.8
2026-09-26 14:21:12,20260926,8,9,5-6-1,666.9
2026-09-26 14:21:12,20260926,8,9,5-6-2,1208.0
2026-09-26 14:21:12,20260926,8,9,5-6-3,690.7
2026-09-26 14:21:12,20260926,8,9,5-6-4,967.0
2026-09-26 14:21:12,20260926,8,9,6-1-2,86.7
2026-09-26 14:21:12,20260926,8,9,6-1-3,57.2
2026-09-26 14:21:12,20260926,8,9,6-1-4,108.6
2026-09-26 14:21:12,20260926,8,9,6-1-5,306.9
2026-09-26 14:21:12,20260926,8,9,6-2-1,141.1
2026-09-26 14:21:12,20260926,8,9,6-2-3,132.4
2026-09-26 14:21:12,20260926,8,9,6-2-4,203.5
2026-09-26 14:21:12,20260926,8,9,6-2-5,743.8
2026-09-26 14:21:12,20260926,8,9,6-3-1,73.5
2026-09-26 14:21:12,20260926,8,9,6-3-2,149.9
2026-09-26 14:21:12,20260926,8,9,6-3-4,205.7
2026-09-26 14:21:12,20260926,8,9,6-3-5,552.5
2026-09-26 14:21:12,20260926,8,9,6-4-1,163.9
2026-09-26 14:21:12,20260926,8,9,6-4-2,224.8
2026-09-26 14:21:12,20260926,8,9,6-4-3,297.5
2026-09-26 14:21:12,20260926,8,9,6-4-5,666.9
2026-09-26 14:21:12,20260926,8,9,6-5-1,586.0
2026-09-26 14:21:12,20260926,8,9,6-5-2,967.0
2026-09-26 14:21:12,20260926,8,9,6-5-3,840.8
2026-09-26 14:21:12,20260926,8,9,6-5-4,537.2
2026-09-26 14:23:19,20260926,11,9,1-2-3,37.2
2026-09-26 14:23:19,20260926,11,9,1-2-4,17.1
2026-09-26 14:23:19,20260926,11,9,1-2-5,44.7
2026-09-26 14:23:19,20260926,11,9,1-2-6,30.1
2026-09-26 14:23:19,20260926,11,9,1-3-2,55.2
2026-09-26 14:23:19,20260926,11,9,1-3-4,38.9
2026-09-26 14:23:19,20260926,11,9,1-3-5,57.1
2026-09-26 14:23:19,20260926,11,9,1-3-6,72.5
2026-09-26 14:23:19,20260926,11,9,1-4-2,13.7
2026-09-26 14:23:19,20260926,11,9,1-4-3,29.1
2026-09-26 14:23:19,20260926,11,9,1-4-5,19.5
2026-09-26 14:23:19,20260926,11,9,1-4-6,11.9
2026-09-26 14:23:19,20260926,11,9,1-5-2,55.4
2026-09-26 14:23:19,20260926,11,9,1-5-3,56.1
2026-09-26 14:23:19,20260926,11,9,1-5-4,42.6
2026-09-26 14:23:19,20260926,11,9,1-5-6,81.6
2026-09-26 14:23:19,20260926,11,9,1-6-2,65.7
2026-09-26 14:23:19,20260926,11,9,1-6-3,85.2
2026-09-26 14:23:19,20260926,11,9,1-6-4,35.6
2026-09-26 14:23:19,20260926,11,9,1-6-5,107.6
2026-09-26 14:23:19,20260926,11,9,2-1-3,96.5
2026-09-26 14:23:19,20260926,11,9,2-1-4,41.7
2026-09-26 14:23:19,20260926,11,9,2-1-5,152.9
2026-09-26 14:23:19,20260926,11,9,2-1-6,98.8
2026-09-26 14:23:19,20260926,11,9,2-3-1,196.8
2026-09-26 14:23:19,20260926,11,9,2-3-4,175.1
2026-09-26 14:23:19,20260926,11,9,2-3-5,169.2
2026-09-26 14:23:19,20260926,11,9,2-3-6,244.1
2026-09-26 14:23:19,20260926,11,9,2-4-1,56.1
2026-09-26 14:23:19,20260926,11,9,2-4-3,172.7
2026-09-26 14:23:19,20260926,11,9,2-4-5,121.5
2026-09-26 14:23:19,20260926,11,9,2-4-6,91.6
2026-09-26 14:23:19,20260926,11,9,2-5-1,288.5
2026-09-26 14:23:19,20260926,11,9,2-5-3,204.7
2026-09-26 14:23:19,20260926,11,9,2-5-4,276.0
2026-09-26 14:23:19,20260926,11,9,2-5-6,291.8
2026-09-26 14:23:19,20260926,11,9,2-6-1,246.5
2026-09-26 14:23:19,20260926,11,9,2-6-3,270.1
2026-09-26 14:23:19,20260926,11,9,2-6-4,213.3
2026-09-26 14:23:19,20260926,11,9,2-6-5,488.3
2026-09-26 14:23:19,20260926,11,9,3-1-2,138.7
2026-09-26 14:23:19,20260926,11,9,3-1-4,104.5
2026-09-26 14:23:19,20260926,11,9,3-1-5,119.2
2026-09-26 14:23:19,20260926,11,9,3-1-6,168.1
2026-09-26 14:23:19,20260926,11,9,3-2-1,213.3
2026-09-26 14:23:19,20260926,11,9,3-2-4,156.7
2026-09-26 14:23:19,20260926,11,9,3-2-5,173.9
2026-09-26 14:23:19,20260926,11,9,3-2-6,199.9
2026-09-26 14:23:19,20260926,11,9,3-4-1,173.9
2026-09-26 14:23:19,20260926,11,9,3-4-2,173.9
2026-09-26 14:23:19,20260926,11,9,3-4-5,198.3
2026-09-26 14:23:19,20260926,11,9,3-4-6,184.0
2026-09-26 14:23:19,20260926,11,9,3-5-1,184.0
2026-09-26 14:23:19,20260926,11,9,3-5-2,162.7
2026-09-26 14:23:19,20260926,11,9,3-5-4,251.4
2026-09-26 14:23:19,20260926,11,9,3-5-6,235.1
2026-09-26 14:23:19,20260926,11,9,3-6-1,329.7
2026-09-26 14:23:19,20260926,11,9,3-6-2,295.2
2026-09-26 14:23:19,20260926,11,9,3-6-4,437.8
2026-09-26 14:23:19,20260926,11,9,3-6-5,507.8
2026-09-26 14:23:19,20260926,11,9,4-1-2,23.1
2026-09-26 14:23:19,20260926,11,9,4-1-3,51.6
2026-09-26 14:23:19,20260926,11,9,4-1-5,37.0
2026-09-26 14:23:19,20260926,11,9,4-1-6,22.8
2026-09-26 14:23:19,20260926,11,9,4-2-1,40.6
2026-09-26 14:23:19,20260926,11,9,4-2-3,104.0
2026-09-26 14:23:19,20260926,11,9,4-2-5,87.8
2026-09-26 14:23:19,20260926,11,9,4-2-6,49.7
2026-09-26 14:23:19,20260926,11,9,4-3-1,148.5
2026-09-26 14:23:19,20260926,11,9,4-3-2,164.8
2026-09-26 14:23:19,20260926,11,9,4-3-5,129.5
2026-09-26 14:23:19,20260926,11,9,4-3-6,114.9
2026-09-26 14:23:19,20260926,11,9,4-5-1,53.6
2026-09-26 14:23:19,20260926,11,9,4-5-2,97.6
2026-09-26 14:23:19,20260926,11,9,4-5-3,112.3
2026-09-26 14:23:19,20260926,11,9,4-5-6,50.6
2026-09-26 14:23:19,20260926,11,9,4-6-1,43.7
2026-09-26 14:23:19,20260926,11,9,4-6-2,75.5
2026-09-26 14:23:19,20260926,11,9,4-6-3,129.5
2026-09-26 14:23:19,20260926,11,9,4-6-5,75.3
2026-09-26 14:23:19,20260926,11,9,5-1-2,203.1
2026-09-26 14:23:19,20260926,11,9,5-1-3,163.8
2026-09-26 14:23:19,20260926,11,9,5-1-4,160.7
2026-09-26 14:23:19,20260926,11,9,5-1-6,193.8
2026-09-26 14:23:19,20260926,11,9,5-2-1,305.9
2026-09-26 14:23:19,20260926,11,9,5-2-3,251.4
2026-09-26 14:23:19,20260926,11,9,5-2-4,270.1
2026-09-26 14:23:19,20260926,11,9,5-2-6,273.0
2026-09-26 14:23:19,20260926,11,9,5-3-1,232.9
2026-09-26 14:23:19,20260926,11,9,5-3-2,276.0
2026-09-26 14:23:19,20260926,11,9,5-3-4,352.6
2026-09-26 14:23:19,20260926,11,9,5-3-6,321.4
2026-09-26 14:23:19,20260926,11,9,5-4-1,160.7
2026-09-26 14:23:19,20260926,11,9,5-4-2,220.8
2026-09-26 14:23:19,20260926,11,9,5-4-3,291.8
2026-09-26 14:23:19,20260926,11,9,5-4-6,160.7
2026-09-26 14:23:19,20260926,11,9,5-6-1,329.7
2026-09-26 14:23:19,20260926,11,9,5-6-2,479.1
2026-09-26 14:23:19,20260926,11,9,5-6-3,590.5
2026-09-26 14:23:19,20260926,11,9,5-6-4,259.1
2026-09-26 14:23:19,20260926,11,9,6-1-2,251.4
2026-09-26 14:23:19,20260926,11,9,6-1-3,423.2
2026-09-26 14:23:19,20260926,11,9,6-1-4,125.0
2026-09-26 14:23:19,20260926,11,9,6-1-5,384.7
2026-09-26 14:23:19,20260926,11,9,6-2-1,177.5
2026-09-26 14:23:19,20260926,11,9,6-2-3,368.0
2026-09-26 14:23:19,20260926,11,9,6-2-4,334.1
2026-09-26 14:23:19,20260926,11,9,6-2-5,540.3
2026-09-26 14:23:19,20260926,11,9,6-3-1,518.2
2026-09-26 14:23:19,20260926,11,9,6-3-2,453.4
2026-09-26 14:23:19,20260926,11,9,6-3-4,384.7
2026-09-26 14:23:19,20260926,11,9,6-3-5,634.8
2026-09-26 14:23:19,20260926,11,9,6-4-1,108.5
2026-09-26 14:23:19,20260926,11,9,6-4-2,334.1
2026-09-26 14:23:19,20260926,11,9,6-4-3,540.3
2026-09-26 14:23:19,20260926,11,9,6-4-5,256.5
2026-09-26 14:23:19,20260926,11,9,6-5-1,437.8
2026-09-26 14:23:19,20260926,11,9,6-5-2,507.8
2026-09-26 14:23:19,20260926,11,9,6-5-3,604.6
2026-09-26 14:23:19,20260926,11,9,6-5-4,279.0
2026-09-26 14:27:08,20260926,5,8,1-2-3,41.7
2026-09-26 14:27:08,20260926,5,8,1-2-4,54.3
2026-09-26 14:27:08,20260926,5,8,1-2-5,108.7
2026-09-26 14:27:08,20260926,5,8,1-2-6,65.7
2026-09-26 14:27:08,20260926,5,8,1-3-2,34.5
2026-09-26 14:27:08,20260926,5,8,1-3-4,17.3
2026-09-26 14:27:08,20260926,5,8,1-3-5,52.5
2026-09-26 14:27:08,20260926,5,8,1-3-6,16.5
2026-09-26 14:27:08,20260926,5,8,1-4-2,37.7
2026-09-26 14:27:08,20260926,5,8,1-4-3,18.6
2026-09-26 14:27:08,20260926,5,8,1-4-5,68.0
2026-09-26 14:27:08,20260926,5,8,1-4-6,9.2
2026-09-26 14:27:08,20260926,5,8,1-5-2,85.7
2026-09-26 14:27:08,20260926,5,8,1-5-3,62.2
2026-09-26 14:27:08,20260926,5,8,1-5-4,177.0
2026-09-26 14:27:08,20260926,5,8,1-5-6,104.6
2026-09-26 14:27:08,20260926,5,8,1-6-2,47.2
2026-09-26 14:27:08,20260926,5,8,1-6-3,27.4
2026-09-26 14:27:08,20260926,5,8,1-6-4,13.2
2026-09-26 14:27:08,20260926,5,8,1-6-5,70.8
2026-09-26 14:27:08,20260926,5,8,2-1-3,156.9
2026-09-26 14:27:08,20260926,5,8,2-1-4,139.5
2026-09-26 14:27:08,20260926,5,8,2-1-5,138.1
2026-09-26 14:27:08,20260926,5,8,2-1-6,206.1
2026-09-26 14:27:08,20260926,5,8,2-3-1,186.6
2026-09-26 14:27:08,20260926,5,8,2-3-4,230.1
2026-09-26 14:27:08,20260926,5,8,2-3-5,321.1
2026-09-26 14:27:08,20260926,5,8,2-3-6,363.4
2026-09-26 14:27:08,20260926,5,8,2-4-1,203.0
2026-09-26 14:27:08,20260926,5,8,2-4-3,354.1
2026-09-26 14:27:08,20260926,5,8,2-4-5,531.1
2026-09-26 14:27:08,20260926,5,8,2-4-6,226.4
2026-09-26 14:27:08,20260926,5,8,2-5-1,445.5
2026-09-26 14:27:08,20260926,5,8,2-5-3,306.9
2026-09-26 14:27:08,20260926,5,8,2-5-4,726.8
2026-09-26 14:27:08,20260926,5,8,2-5-6,246.6
2026-09-26 14:27:08,20260926,5,8,2-6-1,306.9
2026-09-26 14:27:08,20260926,5,8,2-6-3,394.5
2026-09-26 14:27:08,20260926,5,8,2-6-4,345.2
2026-09-26 14:27:08,20260926,5,8,2-6-5,373.2
2026-09-26 14:27:08,20260926,5,8,3-1-2,113.2
2026-09-26 14:27:08,20260926,5,8,3-1-4,45.1
2026-09-26 14:27:08,20260926,5,8,3-1-5,122.2
2026-09-26 14:27:08,20260926,5,8,3-1-6,50.7
2026-09-26 14:27:08,20260926,5,8,3-2-1,184.1
2026-09-26 14:27:08,20260926,5,8,3-2-4,170.5
2026-09-26 14:27:08,20260926,5,8,3-2-5,206.1
2026-09-26 14:27:08,20260926,5,8,3-2-6,219.2
2026-09-26 14:27:08,20260926,5,8,3-4-1,66.7
2026-09-26 14:27:08,20260926,5,8,3-4-2,142.3
2026-09-26 14:27:08,20260926,5,8,3-4-5,260.5
2026-09-26 14:27:08,20260926,5,8,3-4-6,58.0
2026-09-26 14:27:08,20260926,5,8,3-5-1,287.7
2026-09-26 14:27:08,20260926,5,8,3-5-2,189.1
2026-09-26 14:27:08,20260926,5,8,3-5-4,336.8
2026-09-26 14:27:08,20260926,5,8,3-5-6,293.8
2026-09-26 14:27:08,20260926,5,8,3-6-1,97.9
2026-09-26 14:27:08,20260926,5,8,3-6-2,281.8
2026-09-26 14:27:08,20260926,5,8,3-6-4,88.5
2026-09-26 14:27:08,20260926,5,8,3-6-5,306.9
2026-09-26 14:27:08,20260926,5,8,4-1-2,119.0
2026-09-26 14:27:08,20260926,5,8,4-1-3,54.3
2026-09-26 14:27:08,20260926,5,8,4-1-5,177.0
2026-09-26 14:27:08,20260926,5,8,4-1-6,21.6
2026-09-26 14:27:08,20260926,5,8,4-2-1,219.2
2026-09-26 14:27:08,20260926,5,8,4-2-3,219.2
2026-09-26 14:27:08,20260926,5,8,4-2-5,418.5
2026-09-26 14:27:08,20260926,5,8,4-2-6,222.7
2026-09-26 14:27:08,20260926,5,8,4-3-1,81.7
2026-09-26 14:27:08,20260926,5,8,4-3-2,238.1
2026-09-26 14:27:08,20260926,5,8,4-3-5,270.7
2026-09-26 14:27:08,20260926,5,8,4-3-6,65.1
2026-09-26 14:27:08,20260926,5,8,4-5-1,276.2
2026-09-26 14:27:08,20260926,5,8,4-5-2,373.2
2026-09-26 14:27:08,20260926,5,8,4-5-3,431.5
2026-09-26 14:27:08,20260926,5,8,4-5-6,206.1
2026-09-26 14:27:08,20260926,5,8,4-6-1,20.9
2026-09-26 14:27:08,20260926,5,8,4-6-2,117.0
2026-09-26 14:27:08,20260926,5,8,4-6-3,54.1
2026-09-26 14:27:08,20260926,5,8,4-6-5,142.3
2026-09-26 14:27:08,20260926,5,8,5-1-2,373.2
2026-09-26 14:27:08,20260926,5,8,5-1-3,246.6
2026-09-26 14:27:08,20260926,5,8,5-1-4,363.4
2026-09-26 14:27:08,20260926,5,8,5-1-6,230.1
2026-09-26 14:27:08,20260926,5,8,5-2-1,394.5
2026-09-26 14:27:08,20260926,5,8,5-2-3,363.4
2026-09-26 14:27:08,20260926,5,8,5-2-4,406.1
2026-09-26 14:27:08,20260926,5,8,5-2-6,336.8
2026-09-26 14:27:08,20260926,5,8,5-3-1,445.5
2026-09-26 14:27:08,20260926,5,8,5-3-2,445.5
2026-09-26 14:27:08,20260926,5,8,5-3-4,600.4
2026-09-26 14:27:08,20260926,5,8,5-3-6,260.5
2026-09-26 14:27:08,20260926,5,8,5-4-1,493.2
2026-09-26 14:27:08,20260926,5,8,5-4-2,531.1
2026-09-26 14:27:08,20260926,5,8,5-4-3,767.2
2026-09-26 14:27:08,20260926,5,8,5-4-6,336.8
2026-09-26 14:27:08,20260926,5,8,5-6-1,431.5
2026-09-26 14:27:08,20260926,5,8,5-6-2,406.1
2026-09-26 14:27:08,20260926,5,8,5-6-3,627.7
2026-09-26 14:27:08,20260926,5,8,5-6-4,373.2
2026-09-26 14:27:08,20260926,5,8,6-1-2,95.9
2026-09-26 14:27:08,20260926,5,8,6-1-3,57.7
2026-09-26 14:27:08,20260926,5,8,6-1-4,24.8
2026-09-26 14:27:08,20260926,5,8,6-1-5,177.0
2026-09-26 14:27:08,20260926,5,8,6-2-1,215.7
2026-09-26 14:27:08,20260926,5,8,6-2-3,265.5
2026-09-26 14:27:08,20260926,5,8,6-2-4,328.8
2026-09-26 14:27:08,20260926,5,8,6-2-5,476.2
2026-09-26 14:27:08,20260926,5,8,6-3-1,108.7
2026-09-26 14:27:08,20260926,5,8,6-3-2,255.7
2026-09-26 14:27:08,20260926,5,8,6-3-4,78.0
2026-09-26 14:27:08,20260926,5,8,6-3-5,531.1
2026-09-26 14:27:08,20260926,5,8,6-4-1,26.5
2026-09-26 14:27:08,20260926,5,8,6-4-2,166.3
2026-09-26 14:27:08,20260926,5,8,6-4-3,68.7
2026-09-26 14:27:08,20260926,5,8,6-4-5,238.1
2026-09-26 14:27:08,20260926,5,8,6-5-1,460.3
2026-09-26 14:27:08,20260926,5,8,6-5-2,493.2
2026-09-26 14:27:08,20260926,5,8,6-5-3,460.3
2026-09-26 14:27:08,20260926,5,8,6-5-4,306.9
2026-09-26 14:31:27,20260926,22,7,1-2-3,17.2
2026-09-26 14:31:27,20260926,22,7,1-2-4,45.1
2026-09-26 14:31:27,20260926,22,7,1-2-5,44.5
2026-09-26 14:31:27,20260926,22,7,1-2-6,224.4
2026-09-26 14:31:27,20260926,22,7,1-3-2,12.1
2026-09-26 14:31:27,20260926,22,7,1-3-4,5.8
2026-09-26 14:31:27,20260926,22,7,1-3-5,5.3
2026-09-26 14:31:27,20260926,22,7,1-3-6,132.4
2026-09-26 14:31:27,20260926,22,7,1-4-2,70.2
2026-09-26 14:31:27,20260926,22,7,1-4-3,18.5
2026-09-26 14:31:27,20260926,22,7,1-4-5,23.0
2026-09-26 14:31:27,20260926,22,7,1-4-6,269.2
2026-09-26 14:31:27,20260926,22,7,1-5-2,57.4
2026-09-26 14:31:27,20260926,22,7,1-5-3,14.4
2026-09-26 14:31:27,20260926,22,7,1-5-4,32.4
2026-09-26 14:31:27,20260926,22,7,1-5-6,323.1
2026-09-26 14:31:27,20260926,22,7,1-6-2,414.2
2026-09-26 14:31:27,20260926,22,7,1-6-3,288.5
2026-09-26 14:31:27,20260926,22,7,1-6-4,367.2
2026-09-26 14:31:27,20260926,22,7,1-6-5,598.4
2026-09-26 14:31:27,20260926,22,7,2-1-3,93.3
2026-09-26 14:31:27,20260926,22,7,2-1-4,111.4
2026-09-26 14:31:27,20260926,22,7,2-1-5,145.5
2026-09-26 14:31:27,20260926,22,7,2-1-6,734.4
2026-09-26 14:31:27,20260926,22,7,2-3-1,117.9
2026-09-26 14:31:27,20260926,22,7,2-3-4,183.6
2026-09-26 14:31:27,20260926,22,7,2-3-5,209.8
2026-09-26 14:31:27,20260926,22,7,2-3-6,598.4
2026-09-26 14:31:27,20260926,22,7,2-4-1,278.5
2026-09-26 14:31:27,20260926,22,7,2-4-3,359.0
2026-09-26 14:31:27,20260926,22,7,2-4-5,702.4
2026-09-26 14:31:27,20260926,22,7,2-4-6,734.4
2026-09-26 14:31:27,20260926,22,7,2-5-1,209.8
2026-09-26 14:31:27,20260926,22,7,2-5-3,367.2
2026-09-26 14:31:27,20260926,22,7,2-5-4,702.4
2026-09-26 14:31:27,20260926,22,7,2-5-6,1009.0
2026-09-26 14:31:27,20260926,22,7,2-6-1,1077.0
2026-09-26 14:31:27,20260926,22,7,2-6-3,1242.0
2026-09-26 14:31:27,20260926,22,7,2-6-4,769.3
2026-09-26 14:31:27,20260926,22,7,2-6-5,2019.0
2026-09-26 14:31:27,20260926,22,7,3-1-2,32.6
2026-09-26 14:31:27,20260926,22,7,3-1-4,20.6
2026-09-26 14:31:27,20260926,22,7,3-1-5,14.1
2026-09-26 14:31:27,20260926,22,7,3-1-6,212.5
2026-09-26 14:31:27,20260926,22,7,3-2-1,72.1
2026-09-26 14:31:27,20260926,22,7,3-2-4,131.3
2026-09-26 14:31:27,20260926,22,7,3-2-5,168.3
2026-09-26 14:31:27,20260926,22,7,3-2-6,521.2
2026-09-26 14:31:27,20260926,22,7,3-4-1,33.4
2026-09-26 14:31:27,20260926,22,7,3-4-2,111.4
2026-09-26 14:31:27,20260926,22,7,3-4-5,52.1
2026-09-26 14:31:27,20260926,22,7,3-4-6,343.7
2026-09-26 14:31:27,20260926,22,7,3-5-1,34.8
2026-09-26 14:31:27,20260926,22,7,3-5-2,128.2
2026-09-26 14:31:27,20260926,22,7,3-5-4,72.1
2026-09-26 14:31:27,20260926,22,7,3-5-6,436.6
2026-09-26 14:31:27,20260926,22,7,3-6-1,1154.0
2026-09-26 14:31:27,20260926,22,7,3-6-2,1242.0
2026-09-26 14:31:27,20260926,22,7,3-6-4,2019.0
2026-09-26 14:31:27,20260926,22,7,3-6-5,1795.0
2026-09-26 14:31:27,20260926,22,7,4-1-2,197.0
2026-09-26 14:31:27,20260926,22,7,4-1-3,115.4
2026-09-26 14:31:27,20260926,22,7,4-1-5,168.3
2026-09-26 14:31:27,20260926,22,7,4-1-6,448.8
2026-09-26 14:31:27,20260926,22,7,4-2-1,316.8
2026-09-26 14:31:27,20260926,22,7,4-2-3,367.2
2026-09-26 14:31:27,20260926,22,7,4-2-5,489.6
2026-09-26 14:31:27,20260926,22,7,4-2-6,1077.0
2026-09-26 14:31:27,20260926,22,7,4-3-1,134.6
2026-09-26 14:31:27,20260926,22,7,4-3-2,323.1
2026-09-26 14:31:27,20260926,22,7,4-3-5,207.1
2026-09-26 14:31:27,20260926,22,7,4-3-6,621.4
2026-09-26 14:31:27,20260926,22,7,4-5-1,159.9
2026-09-26 14:31:27,20260926,22,7,4-5-2,367.2
2026-09-26 14:31:27,20260926,22,7,4-5-3,207.1
2026-09-26 14:31:27,20260926,22,7,4-5-6,475.2
2026-09-26 14:31:27,20260926,22,7,4-6-1,1077.0
2026-09-26 14:31:27,20260926,22,7,4-6-2,1795.0
2026-09-26 14:31:27,20260926,22,7,4-6-3,1077.0
2026-09-26 14:31:27,20260926,22,7,4-6-5,1615.0
2026-09-26 14:31:27,20260926,22,7,5-1-2,144.2
2026-09-26 14:31:27,20260926,22,7,5-1-3,49.5
2026-09-26 14:31:27,20260926,22,7,5-1-4,161.5
2026-09-26 14:31:27,20260926,22,7,5-1-6,394.0
2026-09-26 14:31:27,20260926,22,7,5-2-1,299.2
2026-09-26 14:31:27,20260926,22,7,5-2-3,367.2
2026-09-26 14:31:27,20260926,22,7,5-2-4,489.6
2026-09-26 14:31:27,20260926,22,7,5-2-6,1615.0
2026-09-26 14:31:27,20260926,22,7,5-3-1,87.3
2026-09-26 14:31:27,20260926,22,7,5-3-2,252.4
2026-09-26 14:31:27,20260926,22,7,5-3-4,273.8
2026-09-26 14:31:27,20260926,22,7,5-3-6,897.6
2026-09-26 14:31:27,20260926,22,7,5-4-1,192.3
2026-09-26 14:31:27,20260926,22,7,5-4-2,351.2
2026-09-26 14:31:27,20260926,22,7,5-4-3,336.6
2026-09-26 14:31:27,20260926,22,7,5-4-6,950.4
2026-09-26 14:31:27,20260926,22,7,5-6-1,1615.0
2026-09-26 14:31:27,20260926,22,7,5-6-2,807.8
2026-09-26 14:31:27,20260926,22,7,5-6-3,1346.0
2026-09-26 14:31:27,20260926,22,7,5-6-4,1615.0
2026-09-26 14:31:27,20260926,22,7,6-1-2,557.1
2026-09-26 14:31:27,20260926,22,7,6-1-3,769.3
2026-09-26 14:31:27,20260926,22,7,6-1-4,1154.0
2026-09-26 14:31:27,20260926,22,7,6-1-5,1242.0
2026-09-26 14:31:27,20260926,22,7,6-2-1,850.3
2026-09-26 14:31:27,20260926,22,7,6-2-3,950.4
2026-09-26 14:31:27,20260926,22,7,6-2-4,1795.0
2026-09-26 14:31:27,20260926,22,7,6-2-5,2692.0
2026-09-26 14:31:27,20260926,22,7,6-3-1,1615.0
2026-09-26 14:31:27,20260926,22,7,6-3-2,1615.0
2026-09-26 14:31:27,20260926,22,7,6-3-4,1615.0
2026-09-26 14:31:27,20260926,22,7,6-3-5,4039.0
2026-09-26 14:31:27,20260926,22,7,6-4-1,2308.0
2026-09-26 14:31:27,20260926,22,7,6-4-2,2308.0
2026-09-26 14:31:27,20260926,22,7,6-4-3,3231.0
2026-09-26 14:31:27,20260926,22,7,6-4-5,2308.0
2026-09-26 14:31:27,20260926,22,7,6-5-1,2692.0
2026-09-26 14:31:27,20260926,22,7,6-5-2,1795.0
2026-09-26 14:31:27,20260926,22,7,6-5-3,1154.0
2026-09-26 14:31:27,20260926,22,7,6-5-4,702.4
2026-09-26 14:36:05,20260926,2,9,1-2-3,23.5
2026-09-26 14:36:05,20260926,2,9,1-2-4,18.2
2026-09-26 14:36:05,20260926,2,9,1-2-5,14.0
2026-09-26 14:36:05,20260926,2,9,1-2-6,66.8
2026-09-26 14:36:05,20260926,2,9,1-3-2,35.0
2026-09-26 14:36:05,20260926,2,9,1-3-4,37.8
2026-09-26 14:36:05,20260926,2,9,1-3-5,36.3
2026-09-26 14:36:05,20260926,2,9,1-3-6,69.5
2026-09-26 14:36:05,20260926,2,9,1-4-2,28.5
2026-09-26 14:36:05,20260926,2,9,1-4-3,49.8
2026-09-26 14:36:05,20260926,2,9,1-4-5,29.8
2026-09-26 14:36:05,20260926,2,9,1-4-6,80.8
2026-09-26 14:36:05,20260926,2,9,1-5-2,18.0
2026-09-26 14:36:05,20260926,2,9,1-5-3,43.5
2026-09-26 14:36:05,20260926,2,9,1-5-4,33.8
2026-09-26 14:36:05,20260926,2,9,1-5-6,53.7
2026-09-26 14:36:05,20260926,2,9,1-6-2,111.5
2026-09-26 14:36:05,20260926,2,9,1-6-3,146.0
2026-09-26 14:36:05,20260926,2,9,1-6-4,120.2
2026-09-26 14:36:05,20260926,2,9,1-6-5,120.2
2026-09-26 14:36:05,20260926,2,9,2-1-3,49.5
2026-09-26 14:36:05,20260926,2,9,2-1-4,37.9
2026-09-26 14:36:05,20260926,2,9,2-1-5,26.0
2026-09-26 14:36:05,20260926,2,9,2-1-6,99.9
2026-09-26 14:36:05,20260926,2,9,2-3-1,73.0
2026-09-26 14:36:05,20260926,2,9,2-3-4,102.5
2026-09-26 14:36:05,20260926,2,9,2-3-5,93.5
2026-09-26 14:36:05,20260926,2,9,2-3-6,217.8
2026-09-26 14:36:05,20260926,2,9,2-4-1,65.6
2026-09-26 14:36:05,20260926,2,9,2-4-3,140.1
2026-09-26 14:36:05,20260926,2,9,2-4-5,77.9
2026-09-26 14:36:05,20260926,2,9,2-4-6,203.5
2026-09-26 14:36:05,20260926,2,9,2-5-1,36.5
2026-09-26 14:36:05,20260926,2,9,2-5-3,70.9
2026-09-26 14:36:05,20260926,2,9,2-5-4,75.7
2026-09-26 14:36:05,20260926,2,9,2-5-6,105.2
2026-09-26 14:36:05,20260926,2,9,2-6-1,182.2
2026-09-26 14:36:05,20260926,2,9,2-6-3,263.1
2026-09-26 14:36:05,20260926,2,9,2-6-4,371.8
2026-09-26 14:36:05,20260926,2,9,2-6-5,316.9
2026-09-26 14:36:05,20260926,2,9,3-1-2,74.5
2026-09-26 14:36:05,20260926,2,9,3-1-4,117.1
2026-09-26 14:36:05,20260926,2,9,3-1-5,87.4
2026-09-26 14:36:05,20260926,2,9,3-1-6,209.7
2026-09-26 14:36:05,20260926,2,9,3-2-1,113.8
2026-09-26 14:36:05,20260926,2,9,3-2-4,113.3
2026-09-26 14:36:05,20260926,2,9,3-2-5,107.2
2026-09-26 14:36:05,20260926,2,9,3-2-6,244.6
2026-09-26 14:36:05,20260926,2,9,3-4-1,121.2
2026-09-26 14:36:05,20260926,2,9,3-4-2,148.3
2026-09-26 14:36:05,20260926,2,9,3-4-5,169.0
2026-09-26 14:36:05,20260926,2,9,3-4-6,226.7
2026-09-26 14:36:05,20260926,2,9,3-5-1,126.7
2026-09-26 14:36:05,20260926,2,9,3-5-2,120.7
2026-09-26 14:36:05,20260926,2,9,3-5-4,236.3
2026-09-26 14:36:05,20260926,2,9,3-5-6,230.4
2026-09-26 14:36:05,20260926,2,9,3-6-1,328.1
2026-09-26 14:36:05,20260926,2,9,3-6-2,290.5
2026-09-26 14:36:05,20260926,2,9,3-6-4,429.0
2026-09-26 14:36:05,20260926,2,9,3-6-5,593.4
2026-09-26 14:36:05,20260926,2,9,4-1-2,56.8
2026-09-26 14:36:05,20260926,2,9,4-1-3,101.4
2026-09-26 14:36:05,20260926,2,9,4-1-5,49.7
2026-09-26 14:36:05,20260926,2,9,4-1-6,157.5
2026-09-26 14:36:05,20260926,2,9,4-2-1,104.8
2026-09-26 14:36:05,20260926,2,9,4-2-3,142.2
2026-09-26 14:36:05,20260926,2,9,4-2-5,78.5
2026-09-26 14:36:05,20260926,2,9,4-2-6,211.2
2026-09-26 14:36:05,20260926,2,9,4-3-1,142.2
2026-09-26 14:36:05,20260926,2,9,4-3-2,199.2
2026-09-26 14:36:05,20260926,2,9,4-3-5,206.5
2026-09-26 14:36:05,20260926,2,9,4-3-6,236.3
2026-09-26 14:36:05,20260926,2,9,4-5-1,61.5
2026-09-26 14:36:05,20260926,2,9,4-5-2,79.0
2026-09-26 14:36:05,20260926,2,9,4-5-3,145.2
2026-09-26 14:36:05,20260926,2,9,4-5-6,159.3
2026-09-26 14:36:05,20260926,2,9,4-6-1,278.9
2026-09-26 14:36:05,20260926,2,9,4-6-2,309.8
2026-09-26 14:36:05,20260926,2,9,4-6-3,299.8
2026-09-26 14:36:05,20260926,2,9,4-6-5,287.5
2026-09-26 14:36:05,20260926,2,9,5-1-2,28.4
2026-09-26 14:36:05,20260926,2,9,5-1-3,76.6
2026-09-26 14:36:05,20260926,2,9,5-1-4,57.0
2026-09-26 14:36:05,20260926,2,9,5-1-6,109.8
2026-09-26 14:36:05,20260926,2,9,5-2-1,37.1
2026-09-26 14:36:05,20260926,2,9,5-2-3,110.2
2026-09-26 14:36:05,20260926,2,9,5-2-4,86.3
2026-09-26 14:36:05,20260926,2,9,5-2-6,162.1
2026-09-26 14:36:05,20260926,2,9,5-3-1,124.5
2026-09-26 14:36:05,20260926,2,9,5-3-2,146.0
2026-09-26 14:36:05,20260926,2,9,5-3-4,197.8
2026-09-26 14:36:05,20260926,2,9,5-3-6,270.7
2026-09-26 14:36:05,20260926,2,9,5-4-1,59.0
2026-09-26 14:36:05,20260926,2,9,5-4-2,79.9
2026-09-26 14:36:05,20260926,2,9,5-4-3,185.9
2026-09-26 14:36:05,20260926,2,9,5-4-6,128.5
2026-09-26 14:36:05,20260926,2,9,5-6-1,167.0
2026-09-26 14:36:05,20260926,2,9,5-6-2,287.5
2026-09-26 14:36:05,20260926,2,9,5-6-3,449.8
2026-09-26 14:36:05,20260926,2,9,5-6-4,244.6
2026-09-26 14:36:05,20260926,2,9,6-1-2,376.8
2026-09-26 14:36:05,20260926,2,9,6-1-3,633.8
2026-09-26 14:36:05,20260926,2,9,6-1-4,546.8
2026-09-26 14:36:05,20260926,2,9,6-1-5,429.0
2026-09-26 14:36:05,20260926,2,9,6-2-1,472.7
2026-09-26 14:36:05,20260926,2,9,6-2-3,593.4
2026-09-26 14:36:05,20260926,2,9,6-2-4,733.9
2026-09-26 14:36:05,20260926,2,9,6-2-5,516.4
2026-09-26 14:36:05,20260926,2,9,6-3-1,845.1
2026-09-26 14:36:05,20260926,2,9,6-3-2,774.7
2026-09-26 14:36:05,20260926,2,9,6-3-4,398.4
2026-09-26 14:36:05,20260926,2,9,6-3-5,1115.0
2026-09-26 14:36:05,20260926,2,9,6-4-1,593.4
2026-09-26 14:36:05,20260926,2,9,6-4-2,680.2
2026-09-26 14:36:05,20260926,2,9,6-4-3,715.1
2026-09-26 14:36:05,20260926,2,9,6-4-5,507.0
2026-09-26 14:36:05,20260926,2,9,6-5-1,357.5
2026-09-26 14:36:05,20260926,2,9,6-5-2,664.0
2026-09-26 14:36:05,20260926,2,9,6-5-3,961.7
2026-09-26 14:36:05,20260926,2,9,6-5-4,498.0
2026-09-26 14:40:25,20260926,3,9,1-2-3,34.3
2026-09-26 14:40:25,20260926,3,9,1-2-4,20.8
2026-09-26 14:40:25,20260926,3,9,1-2-5,21.4
2026-09-26 14:40:25,20260926,3,9,1-2-6,50.8
2026-09-26 14:40:25,20260926,3,9,1-3-2,43.0
2026-09-26 14:40:25,20260926,3,9,1-3-4,32.0
2026-09-26 14:40:25,20260926,3,9,1-3-5,41.6
2026-09-26 14:40:25,20260926,3,9,1-3-6,83.2
2026-09-26 14:40:25,20260926,3,9,1-4-2,14.1
2026-09-26 14:40:25,20260926,3,9,1-4-3,33.0
2026-09-26 14:40:25,20260926,3,9,1-4-5,13.7
2026-09-26 14:40:25,20260926,3,9,1-4-6,53.0
2026-09-26 14:40:25,20260926,3,9,1-5-2,25.5
2026-09-26 14:40:25,20260926,3,9,1-5-3,43.9
2026-09-26 14:40:25,20260926,3,9,1-5-4,19.2
2026-09-26 14:40:25,20260926,3,9,1-5-6,55.4
2026-09-26 14:40:25,20260926,3,9,1-6-2,79.1
2026-09-26 14:40:25,20260926,3,9,1-6-3,206.0
2026-09-26 14:40:25,20260926,3,9,1-6-4,169.1
2026-09-26 14:40:25,20260926,3,9,1-6-5,151.6
2026-09-26 14:40:25,20260926,3,9,2-1-3,66.9
2026-09-26 14:40:25,20260926,3,9,2-1-4,67.2
2026-09-26 14:40:25,20260926,3,9,2-1-5,66.1
2026-09-26 14:40:25,20260926,3,9,2-1-6,113.9
2026-09-26 14:40:25,20260926,3,9,2-3-1,154.5
2026-09-26 14:40:25,20260926,3,9,2-3-4,198.4
2026-09-26 14:40:25,20260926,3,9,2-3-5,172.8
2026-09-26 14:40:25,20260926,3,9,2-3-6,459.1
2026-09-26 14:40:25,20260926,3,9,2-4-1,73.7
2026-09-26 14:40:25,20260926,3,9,2-4-3,281.9
2026-09-26 14:40:25,20260926,3,9,2-4-5,154.5
2026-09-26 14:40:25,20260926,3,9,2-4-6,214.2
2026-09-26 14:40:25,20260926,3,9,2-5-1,93.9
2026-09-26 14:40:25,20260926,3,9,2-5-3,186.8
2026-09-26 14:40:25,20260926,3,9,2-5-4,203.4
2026-09-26 14:40:25,20260926,3,9,2-5-6,259.2
2026-09-26 14:40:25,20260926,3,9,2-6-1,297.6
2026-09-26 14:40:25,20260926,3,9,2-6-3,412.0
2026-09-26 14:40:25,20260926,3,9,2-6-4,412.0
2026-09-26 14:40:25,20260926,3,9,2-6-5,297.6
2026-09-26 14:40:25,20260926,3,9,3-1-2,53.5
2026-09-26 14:40:25,20260926,3,9,3-1-4,63.7
2026-09-26 14:40:25,20260926,3,9,3-1-5,87.3
2026-09-26 14:40:25,20260926,3,9,3-1-6,118.1
2026-09-26 14:40:25,20260926,3,9,3-2-1,172.8
2026-09-26 14:40:25,20260926,3,9,3-2-4,174.6
2026-09-26 14:40:25,20260926,3,9,3-2-5,147.4
2026-09-26 14:40:25,20260926,3,9,3-2-6,243.5
2026-09-26 14:40:25,20260926,3,9,3-4-1,79.9
2026-09-26 14:40:25,20260926,3,9,3-4-2,182.6
2026-09-26 14:40:25,20260926,3,9,3-4-5,236.3
2026-09-26 14:40:25,20260926,3,9,3-4-6,255.1
2026-09-26 14:40:25,20260926,3,9,3-5-1,160.7
2026-09-26 14:40:25,20260926,3,9,3-5-2,73.7
2026-09-26 14:40:25,20260926,3,9,3-5-4,226.3
2026-09-26 14:40:25,20260926,3,9,3-5-6,292.2
2026-09-26 14:40:25,20260926,3,9,3-6-1,334.8
2026-09-26 14:40:25,20260926,3,9,3-6-2,554.1
2026-09-26 14:40:25,20260926,3,9,3-6-4,472.6
2026-09-26 14:40:25,20260926,3,9,3-6-5,446.4
2026-09-26 14:40:25,20260926,3,9,4-1-2,49.1
2026-09-26 14:40:25,20260926,3,9,4-1-3,49.1
2026-09-26 14:40:25,20260926,3,9,4-1-5,24.7
2026-09-26 14:40:25,20260926,3,9,4-1-6,75.1
2026-09-26 14:40:25,20260926,3,9,4-2-1,63.7
2026-09-26 14:40:25,20260926,3,9,4-2-3,208.7
2026-09-26 14:40:25,20260926,3,9,4-2-5,105.0
2026-09-26 14:40:25,20260926,3,9,4-2-6,236.3
2026-09-26 14:40:25,20260926,3,9,4-3-1,74.0
2026-09-26 14:40:25,20260926,3,9,4-3-2,281.9
2026-09-26 14:40:25,20260926,3,9,4-3-5,160.7
2026-09-26 14:40:25,20260926,3,9,4-3-6,297.6
2026-09-26 14:40:25,20260926,3,9,4-5-1,30.0
2026-09-26 14:40:25,20260926,3,9,4-5-2,67.5
2026-09-26 14:40:25,20260926,3,9,4-5-3,97.4
2026-09-26 14:40:25,20260926,3,9,4-5-6,78.3
2026-09-26 14:40:25,20260926,3,9,4-6-1,84.5
2026-09-26 14:40:25,20260926,3,9,4-6-2,236.3
2026-09-26 14:40:25,20260926,3,9,4-6-3,303.2
2026-09-26 14:40:25,20260926,3,9,4-6-5,103.6
2026-09-26 14:40:25,20260926,3,9,5-1-2,63.5
2026-09-26 14:40:25,20260926,3,9,5-1-3,96.2
2026-09-26 14:40:25,20260926,3,9,5-1-4,42.2
2026-09-26 14:40:25,20260926,3,9,5-1-6,73.0
2026-09-26 14:40:25,20260926,3,9,5-2-1,68.6
2026-09-26 14:40:25,20260926,3,9,5-2-3,223.2
2026-09-26 14:40:25,20260926,3,9,5-2-4,137.3
2026-09-26 14:40:25,20260926,3,9,5-2-6,303.2
2026-09-26 14:40:25,20260926,3,9,5-3-1,193.6
2026-09-26 14:40:25,20260926,3,9,5-3-2,223.2
2026-09-26 14:40:25,20260926,3,9,5-3-4,236.3
2026-09-26 14:40:25,20260926,3,9,5-3-6,341.9
2026-09-26 14:40:25,20260926,3,9,5-4-1,43.5
2026-09-26 14:40:25,20260926,3,9,5-4-2,101.0
2026-09-26 14:40:25,20260926,3,9,5-4-3,189.0
2026-09-26 14:40:25,20260926,3,9,5-4-6,121.7
2026-09-26 14:40:25,20260926,3,9,5-6-1,247.2
2026-09-26 14:40:25,20260926,3,9,5-6-2,334.8
2026-09-26 14:40:25,20260926,3,9,5-6-3,434.3
2026-09-26 14:40:25,20260926,3,9,5-6-4,189.0
2026-09-26 14:40:25,20260926,3,9,6-1-2,255.1
2026-09-26 14:40:25,20260926,3,9,6-1-3,554.1
2026-09-26 14:40:25,20260926,3,9,6-1-4,391.9
2026-09-26 14:40:25,20260926,3,9,6-1-5,327.9
2026-09-26 14:40:25,20260926,3,9,6-2-1,472.6
2026-09-26 14:40:25,20260926,3,9,6-2-3,595.2
2026-09-26 14:40:25,20260926,3,9,6-2-4,595.2
2026-09-26 14:40:25,20260926,3,9,6-2-5,446.4
2026-09-26 14:40:25,20260926,3,9,6-3-1,803.5
2026-09-26 14:40:25,20260926,3,9,6-3-2,1004.0
2026-09-26 14:40:25,20260926,3,9,6-3-4,487.0
2026-09-26 14:40:25,20260926,3,9,6-3-5,1004.0
2026-09-26 14:40:25,20260926,3,9,6-4-1,502.2
2026-09-26 14:40:25,20260926,3,9,6-4-2,554.1
2026-09-26 14:40:25,20260926,3,9,6-4-3,892.8
2026-09-26 14:40:25,20260926,3,9,6-4-5,303.2
2026-09-26 14:40:25,20260926,3,9,6-5-1,472.6
2026-09-26 14:40:25,20260926,3,9,6-5-2,502.2
2026-09-26 14:40:25,20260926,3,9,6-5-3,730.5
2026-09-26 14:40:25,20260926,3,9,6-5-4,286.9
2026-09-26 14:42:33,20260926,13,10,1-2-3,39.8
2026-09-26 14:42:33,20260926,13,10,1-2-4,26.1
2026-09-26 14:42:33,20260926,13,10,1-2-5,96.4
2026-09-26 14:42:33,20260926,13,10,1-2-6,44.2
2026-09-26 14:42:33,20260926,13,10,1-3-2,48.8
2026-09-26 14:42:33,20260926,13,10,1-3-4,21.1
2026-09-26 14:42:33,20260926,13,10,1-3-5,88.5
2026-09-26 14:42:33,20260926,13,10,1-3-6,40.8
2026-09-26 14:42:33,20260926,13,10,1-4-2,13.4
2026-09-26 14:42:33,20260926,13,10,1-4-3,12.4
2026-09-26 14:42:33,20260926,13,10,1-4-5,29.0
2026-09-26 14:42:33,20260926,13,10,1-4-6,8.4
2026-09-26 14:42:33,20260926,13,10,1-5-2,137.3
2026-09-26 14:42:33,20260926,13,10,1-5-3,120.5
2026-09-26 14:42:33,20260926,13,10,1-5-4,95.1
2026-09-26 14:42:33,20260926,13,10,1-5-6,117.2
2026-09-26 14:42:33,20260926,13,10,1-6-2,53.0
2026-09-26 14:42:33,20260926,13,10,1-6-3,54.9
2026-09-26 14:42:33,20260926,13,10,1-6-4,20.8
2026-09-26 14:42:33,20260926,13,10,1-6-5,105.3
2026-09-26 14:42:33,20260926,13,10,2-1-3,210.6
2026-09-26 14:42:33,20260926,13,10,2-1-4,113.5
2026-09-26 14:42:33,20260926,13,10,2-1-5,243.7
2026-09-26 14:42:33,20260926,13,10,2-1-6,230.8
2026-09-26 14:42:33,20260926,13,10,2-3-1,401.7
2026-09-26 14:42:33,20260926,13,10,2-3-4,323.8
2026-09-26 14:42:33,20260926,13,10,2-3-5,361.6
2026-09-26 14:42:33,20260926,13,10,2-3-6,867.8
2026-09-26 14:42:33,20260926,13,10,2-4-1,204.6
2026-09-26 14:42:33,20260926,13,10,2-4-3,401.7
2026-09-26 14:42:33,20260926,13,10,2-4-5,586.3
2026-09-26 14:42:33,20260926,13,10,2-4-6,172.1
2026-09-26 14:42:33,20260926,13,10,2-5-1,409.3
2026-09-26 14:42:33,20260926,13,10,2-5-3,361.6
2026-09-26 14:42:33,20260926,13,10,2-5-4,748.1
2026-09-26 14:42:33,20260926,13,10,2-5-6,723.2
2026-09-26 14:42:33,20260926,13,10,2-6-1,417.2
2026-09-26 14:42:33,20260926,13,10,2-6-3,986.1
2026-09-26 14:42:33,20260926,13,10,2-6-4,367.7
2026-09-26 14:42:33,20260926,13,10,2-6-5,1084.0
2026-09-26 14:42:33,20260926,13,10,3-1-2,252.2
2026-09-26 14:42:33,20260926,13,10,3-1-4,66.7
2026-09-26 14:42:33,20260926,13,10,3-1-5,170.8
2026-09-26 14:42:33,20260926,13,10,3-1-6,179.3
2026-09-26 14:42:33,20260926,13,10,3-2-1,417.2
2026-09-26 14:42:33,20260926,13,10,3-2-4,305.5
2026-09-26 14:42:33,20260926,13,10,3-2-5,183.8
2026-09-26 14:42:33,20260926,13,10,3-2-6,504.5
2026-09-26 14:42:33,20260926,13,10,3-4-1,116.6
2026-09-26 14:42:33,20260926,13,10,3-4-2,271.2
2026-09-26 14:42:33,20260926,13,10,3-4-5,638.1
2026-09-26 14:42:33,20260926,13,10,3-4-6,170.8
2026-09-26 14:42:33,20260926,13,10,3-5-1,293.1
2026-09-26 14:42:33,20260926,13,10,3-5-2,243.7
2026-09-26 14:42:33,20260926,13,10,3-5-4,803.5
2026-09-26 14:42:33,20260926,13,10,3-5-6,471.6
2026-09-26 14:42:33,20260926,13,10,3-6-1,374.0
2026-09-26 14:42:33,20260926,13,10,3-6-2,723.2
2026-09-26 14:42:33,20260926,13,10,3-6-4,425.4
2026-09-26 14:42:33,20260926,13,10,3-6-5,1141.0
2026-09-26 14:42:33,20260926,13,10,4-1-2,26.6
2026-09-26 14:42:33,20260926,13,10,4-1-3,27.2
2026-09-26 14:42:33,20260926,13,10,4-1-5,49.3
2026-09-26 14:42:33,20260926,13,10,4-1-6,10.3
2026-09-26 14:42:33,20260926,13,10,4-2-1,67.1
2026-09-26 14:42:33,20260926,13,10,4-2-3,195.4
2026-09-26 14:42:33,20260926,13,10,4-2-5,241.0
2026-09-26 14:42:33,20260926,13,10,4-2-6,61.9
2026-09-26 14:42:33,20260926,13,10,4-3-1,62.8
2026-09-26 14:42:33,20260926,13,10,4-3-2,319.0
2026-09-26 14:42:33,20260926,13,10,4-3-5,328.7
2026-09-26 14:42:33,20260926,13,10,4-3-6,106.3
2026-09-26 14:42:33,20260926,13,10,4-5-1,84.4
2026-09-26 14:42:33,20260926,13,10,4-5-2,159.5
2026-09-26 14:42:33,20260926,13,10,4-5-3,226.0
2026-09-26 14:42:33,20260926,13,10,4-5-6,41.5
2026-09-26 14:42:33,20260926,13,10,4-6-1,14.9
2026-09-26 14:42:33,20260926,13,10,4-6-2,40.4
2026-09-26 14:42:33,20260926,13,10,4-6-3,100.9
2026-09-26 14:42:33,20260926,13,10,4-6-5,42.3
2026-09-26 14:42:33,20260926,13,10,5-1-2,339.0
2026-09-26 14:42:33,20260926,13,10,5-1-3,271.2
2026-09-26 14:42:33,20260926,13,10,5-1-4,226.0
2026-09-26 14:42:33,20260926,13,10,5-1-6,305.5
2026-09-26 14:42:33,20260926,13,10,5-2-1,602.6
2026-09-26 14:42:33,20260926,13,10,5-2-3,361.6
2026-09-26 14:42:33,20260926,13,10,5-2-4,442.7
2026-09-26 14:42:33,20260926,13,10,5-2-6,699.8
2026-09-26 14:42:33,20260926,13,10,5-3-1,374.0
2026-09-26 14:42:33,20260926,13,10,5-3-2,380.6
2026-09-26 14:42:33,20260926,13,10,5-3-4,834.4
2026-09-26 14:42:33,20260926,13,10,5-3-6,657.4
2026-09-26 14:42:33,20260926,13,10,5-4-1,339.0
2026-09-26 14:42:33,20260926,13,10,5-4-2,638.1
2026-09-26 14:42:33,20260926,13,10,5-4-3,904.0
2026-09-26 14:42:33,20260926,13,10,5-4-6,241.0
2026-09-26 14:42:33,20260926,13,10,5-6-1,586.3
2026-09-26 14:42:33,20260926,13,10,5-6-2,803.5
2026-09-26 14:42:33,20260926,13,10,5-6-3,986.1
2026-09-26 14:42:33,20260926,13,10,5-6-4,409.3
2026-09-26 14:42:33,20260926,13,10,6-1-2,233.2
2026-09-26 14:42:33,20260926,13,10,6-1-3,221.3
2026-09-26 14:42:33,20260926,13,10,6-1-4,69.0
2026-09-26 14:42:33,20260926,13,10,6-1-5,344.3
2026-09-26 14:42:33,20260926,13,10,6-2-1,516.5
2026-09-26 14:42:33,20260926,13,10,6-2-3,678.0
2026-09-26 14:42:33,20260926,13,10,6-2-4,394.4
2026-09-26 14:42:33,20260926,13,10,6-2-5,394.4
2026-09-26 14:42:33,20260926,13,10,6-3-1,442.7
2026-09-26 14:42:33,20260926,13,10,6-3-2,986.1
2026-09-26 14:42:33,20260926,13,10,6-3-4,401.7
2026-09-26 14:42:33,20260926,13,10,6-3-5,1356.0
2026-09-26 14:42:33,20260926,13,10,6-4-1,64.9
2026-09-26 14:42:33,20260926,13,10,6-4-2,255.2
2026-09-26 14:42:33,20260926,13,10,6-4-3,281.7
2026-09-26 14:42:33,20260926,13,10,6-4-5,339.0
2026-09-26 14:42:33,20260926,13,10,6-5-1,748.1
2026-09-26 14:42:33,20260926,13,10,6-5-2,1141.0
2026-09-26 14:42:33,20260926,13,10,6-5-3,1141.0
2026-09-26 14:42:33,20260926,13,10,6-5-4,417.2
2026-09-26 14:46:48,20260926,20,1,1-2-3,16.7
2026-09-26 14:46:48,20260926,20,1,1-2-4,13.6
2026-09-26 14:46:48,20260926,20,1,1-2-5,24.3
2026-09-26 14:46:48,20260926,20,1,1-2-6,25.3
2026-09-26 14:46:48,20260926,20,1,1-3-2,34.3
2026-09-26 14:46:48,20260926,20,1,1-3-4,31.6
2026-09-26 14:46:48,20260926,20,1,1-3-5,44.2
2026-09-26 14:46:48,20260926,20,1,1-3-6,53.2
2026-09-26 14:46:48,20260926,20,1,1-4-2,21.7
2026-09-26 14:46:48,20260926,20,1,1-4-3,41.8
2026-09-26 14:46:48,20260926,20,1,1-4-5,21.3
2026-09-26 14:46:48,20260926,20,1,1-4-6,21.0
2026-09-26 14:46:48,20260926,20,1,1-5-2,42.6
2026-09-26 14:46:48,20260926,20,1,1-5-3,73.6
2026-09-26 14:46:48,20260926,20,1,1-5-4,39.7
2026-09-26 14:46:48,20260926,20,1,1-5-6,41.1
2026-09-26 14:46:48,20260926,20,1,1-6-2,56.5
2026-09-26 14:46:48,20260926,20,1,1-6-3,96.3
2026-09-26 14:46:48,20260926,20,1,1-6-4,54.0
2026-09-26 14:46:48,20260926,20,1,1-6-5,63.7
2026-09-26 14:46:48,20260926,20,1,2-1-3,61.4
2026-09-26 14:46:48,20260926,20,1,2-1-4,44.3
2026-09-26 14:46:48,20260926,20,1,2-1-5,64.7
2026-09-26 14:46:48,20260926,20,1,2-1-6,67.1
2026-09-26 14:46:48,20260926,20,1,2-3-1,125.8
2026-09-26 14:46:48,20260926,20,1,2-3-4,159.3
2026-09-26 14:46:48,20260926,20,1,2-3-5,164.1
2026-09-26 14:46:48,20260926,20,1,2-3-6,306.1
2026-09-26 14:46:48,20260926,20,1,2-4-1,67.4
2026-09-26 14:46:48,20260926,20,1,2-4-3,170.7
2026-09-26 14:46:48,20260926,20,1,2-4-5,73.6
2026-09-26 14:46:48,20260926,20,1,2-4-6,80.9
2026-09-26 14:46:48,20260926,20,1,2-5-1,110.9
2026-09-26 14:46:48,20260926,20,1,2-5-3,172.2
2026-09-26 14:46:48,20260926,20,1,2-5-4,110.7
2026-09-26 14:46:48,20260926,20,1,2-5-6,110.5
2026-09-26 14:46:48,20260926,20,1,2-6-1,146.3
2026-09-26 14:46:48,20260926,20,1,2-6-3,327.6
2026-09-26 14:46:48,20260926,20,1,2-6-4,143.4
2026-09-26 14:46:48,20260926,20,1,2-6-5,165.2
2026-09-26 14:46:48,20260926,20,1,3-1-2,102.5
2026-09-26 14:46:48,20260926,20,1,3-1-4,100.5
2026-09-26 14:46:48,20260926,20,1,3-1-5,96.6
2026-09-26 14:46:48,20260926,20,1,3-1-6,158.2
2026-09-26 14:46:48,20260926,20,1,3-2-1,178.8
2026-09-26 14:46:48,20260926,20,1,3-2-4,211.2
2026-09-26 14:46:48,20260926,20,1,3-2-5,208.8
2026-09-26 14:46:48,20260926,20,1,3-2-6,304.1
2026-09-26 14:46:48,20260926,20,1,3-4-1,211.2
2026-09-26 14:46:48,20260926,20,1,3-4-2,251.6
2026-09-26 14:46:48,20260926,20,1,3-4-5,295.5
2026-09-26 14:46:48,20260926,20,1,3-4-6,286.4
2026-09-26 14:46:48,20260926,20,1,3-5-1,201.6
2026-09-26 14:46:48,20260926,20,1,3-5-2,210.3
2026-09-26 14:46:48,20260926,20,1,3-5-4,308.1
2026-09-26 14:46:48,20260926,20,1,3-5-6,357.7
2026-09-26 14:46:48,20260926,20,1,3-6-1,392.3
2026-09-26 14:46:48,20260926,20,1,3-6-2,451.1
2026-09-26 14:46:48,20260926,20,1,3-6-4,432.3
2026-09-26 14:46:48,20260926,20,1,3-6-5,453.2
2026-09-26 14:46:48,20260926,20,1,4-1-2,53.0
2026-09-26 14:46:48,20260926,20,1,4-1-3,118.2
2026-09-26 14:46:48,20260926,20,1,4-1-5,46.7
2026-09-26 14:46:48,20260926,20,1,4-1-6,49.6
2026-09-26 14:46:48,20260926,20,1,4-2-1,81.7
2026-09-26 14:46:48,20260926,20,1,4-2-3,245.0
2026-09-26 14:46:48,20260926,20,1,4-2-5,84.3
2026-09-26 14:46:48,20260926,20,1,4-2-6,88.6
2026-09-26 14:46:48,20260926,20,1,4-3-1,237.0
2026-09-26 14:46:48,20260926,20,1,4-3-2,281.2
2026-09-26 14:46:48,20260926,20,1,4-3-5,226.6
2026-09-26 14:46:48,20260926,20,1,4-3-6,231.1
2026-09-26 14:46:48,20260926,20,1,4-5-1,52.9
2026-09-26 14:46:48,20260926,20,1,4-5-2,69.1
2026-09-26 14:46:48,20260926,20,1,4-5-3,154.3
2026-09-26 14:46:48,20260926,20,1,4-5-6,41.1
2026-09-26 14:46:48,20260926,20,1,4-6-1,85.1
2026-09-26 14:46:48,20260926,20,1,4-6-2,97.6
2026-09-26 14:46:48,20260926,20,1,4-6-3,217.1
2026-09-26 14:46:48,20260926,20,1,4-6-5,63.5
2026-09-26 14:46:48,20260926,20,1,5-1-2,120.0
2026-09-26 14:46:48,20260926,20,1,5-1-3,156.6
2026-09-26 14:46:48,20260926,20,1,5-1-4,118.5
2026-09-26 14:46:48,20260926,20,1,5-1-6,126.7
2026-09-26 14:46:48,20260926,20,1,5-2-1,195.3
2026-09-26 14:46:48,20260926,20,1,5-2-3,293.6
2026-09-26 14:46:48,20260926,20,1,5-2-4,177.5
2026-09-26 14:46:48,20260926,20,1,5-2-6,166.4
2026-09-26 14:46:48,20260926,20,1,5-3-1,263.0
2026-09-26 14:46:48,20260926,20,1,5-3-2,303.1
2026-09-26 14:46:48,20260926,20,1,5-3-4,533.5
2026-09-26 14:46:48,20260926,20,1,5-3-6,530.5
2026-09-26 14:46:48,20260926,20,1,5-4-1,133.5
2026-09-26 14:46:48,20260926,20,1,5-4-2,153.3
2026-09-26 14:46:48,20260926,20,1,5-4-3,375.0
2026-09-26 14:46:48,20260926,20,1,5-4-6,103.5
2026-09-26 14:46:48,20260926,20,1,5-6-1,204.3
2026-09-26 14:46:48,20260926,20,1,5-6-2,180.9
2026-09-26 14:46:48,20260926,20,1,5-6-3,438.3
2026-09-26 14:46:48,20260926,20,1,5-6-4,124.5
2026-09-26 14:46:48,20260926,20,1,6-1-2,167.9
2026-09-26 14:46:48,20260926,20,1,6-1-3,357.7
2026-09-26 14:46:48,20260926,20,1,6-1-4,171.0
2026-09-26 14:46:48,20260926,20,1,6-1-5,233.4
2026-09-26 14:46:48,20260926,20,1,6-2-1,276.2
2026-09-26 14:46:48,20260926,20,1,6-2-3,530.5
2026-09-26 14:46:48,20260926,20,1,6-2-4,217.6
2026-09-26 14:46:48,20260926,20,1,6-2-5,255.1
2026-09-26 14:46:48,20260926,20,1,6-3-1,559.1
2026-09-26 14:46:48,20260926,20,1,6-3-2,753.0
2026-09-26 14:46:48,20260926,20,1,6-3-4,486.3
2026-09-26 14:46:48,20260926,20,1,6-3-5,643.9
2026-09-26 14:46:48,20260926,20,1,6-4-1,215.6
2026-09-26 14:46:48,20260926,20,1,6-4-2,224.4
2026-09-26 14:46:48,20260926,20,1,6-4-3,486.3
2026-09-26 14:46:48,20260926,20,1,6-4-5,154.8
2026-09-26 14:46:48,20260926,20,1,6-5-1,281.2
2026-09-26 14:46:48,20260926,20,1,6-5-2,237.6
2026-09-26 14:46:48,20260926,20,1,6-5-3,542.8
2026-09-26 14:46:48,20260926,20,1,6-5-4,145.6
2026-09-26 14:51:15,20260926,8,10,1-2-3,10.4
2026-09-26 14:51:15,20260926,8,10,1-2-4,17.0
2026-09-26 14:51:15,20260926,8,10,1-2-5,30.2
2026-09-26 14:51:15,20260926,8,10,1-2-6,69.6
2026-09-26 14:51:15,20260926,8,10,1-3-2,9.6
2026-09-26 14:51:15,20260926,8,10,1-3-4,9.7
2026-09-26 14:51:15,20260926,8,10,1-3-5,22.7
2026-09-26 14:51:15,20260926,8,10,1-3-6,66.1
2026-09-26 14:51:15,20260926,8,10,1-4-2,19.4
2026-09-26 14:51:15,20260926,8,10,1-4-3,20.6
2026-09-26 14:51:15,20260926,8,10,1-4-5,34.6
2026-09-26 14:51:15,20260926,8,10,1-4-6,65.7
2026-09-26 14:51:15,20260926,8,10,1-5-2,48.6
2026-09-26 14:51:15,20260926,8,10,1-5-3,46.9
2026-09-26 14:51:15,20260926,8,10,1-5-4,75.6
2026-09-26 14:51:15,20260926,8,10,1-5-6,146.9
2026-09-26 14:51:15,20260926,8,10,1-6-2,164.8
2026-09-26 14:51:15,20260926,8,10,1-6-3,189.0
2026-09-26 14:51:15,20260926,8,10,1-6-4,168.8
2026-09-26 14:51:15,20260926,8,10,1-6-5,216.4
2026-09-26 14:51:15,20260926,8,10,2-1-3,37.6
2026-09-26 14:51:15,20260926,8,10,2-1-4,41.9
2026-09-26 14:51:15,20260926,8,10,2-1-5,59.7
2026-09-26 14:51:15,20260926,8,10,2-1-6,162.0
2026-09-26 14:51:15,20260926,8,10,2-3-1,60.7
2026-09-26 14:51:15,20260926,8,10,2-3-4,65.1
2026-09-26 14:51:15,20260926,8,10,2-3-5,126.0
2026-09-26 14:51:15,20260926,8,10,2-3-6,333.6
2026-09-26 14:51:15,20260926,8,10,2-4-1,75.2
2026-09-26 14:51:15,20260926,8,10,2-4-3,106.2
2026-09-26 14:51:15,20260926,8,10,2-4-5,179.4
2026-09-26 14:51:15,20260926,8,10,2-4-6,265.0
2026-09-26 14:51:15,20260926,8,10,2-5-1,194.2
2026-09-26 14:51:15,20260926,8,10,2-5-3,182.9
2026-09-26 14:51:15,20260926,8,10,2-5-4,315.1
2026-09-26 14:51:15,20260926,8,10,2-5-6,457.4
2026-09-26 14:51:15,20260926,8,10,2-6-1,506.4
2026-09-26 14:51:15,20260926,8,10,2-6-3,443.1
2026-09-26 14:51:15,20260926,8,10,2-6-4,345.8
2026-09-26 14:51:15,20260926,8,10,2-6-5,708.9
2026-09-26 14:51:15,20260926,8,10,3-1-2,40.0
2026-09-26 14:51:15,20260926,8,10,3-1-4,30.8
2026-09-26 14:51:15,20260926,8,10,3-1-5,29.0
2026-09-26 14:51:15,20260926,8,10,3-1-6,162.9
2026-09-26 14:51:15,20260926,8,10,3-2-1,56.2
2026-09-26 14:51:15,20260926,8,10,3-2-4,65.9
2026-09-26 14:51:15,20260926,8,10,3-2-5,92.6
2026-09-26 14:51:15,20260926,8,10,3-2-6,308.2
2026-09-26 14:51:15,20260926,8,10,3-4-1,56.1
2026-09-26 14:51:15,20260926,8,10,3-4-2,82.9
2026-09-26 14:51:15,20260926,8,10,3-4-5,78.9
2026-09-26 14:51:15,20260926,8,10,3-4-6,207.0
2026-09-26 14:51:15,20260926,8,10,3-5-1,84.4
2026-09-26 14:51:15,20260926,8,10,3-5-2,110.7
2026-09-26 14:51:15,20260926,8,10,3-5-4,114.8
2026-09-26 14:51:15,20260926,8,10,3-5-6,208.5
2026-09-26 14:51:15,20260926,8,10,3-6-1,515.6
2026-09-26 14:51:15,20260926,8,10,3-6-2,506.4
2026-09-26 14:51:15,20260926,8,10,3-6-4,535.0
2026-09-26 14:51:15,20260926,8,10,3-6-5,525.1
2026-09-26 14:51:15,20260926,8,10,4-1-2,81.7
2026-09-26 14:51:15,20260926,8,10,4-1-3,70.0
2026-09-26 14:51:15,20260926,8,10,4-1-5,70.7
2026-09-26 14:51:15,20260926,8,10,4-1-6,248.7
2026-09-26 14:51:15,20260926,8,10,4-2-1,122.2
2026-09-26 14:51:15,20260926,8,10,4-2-3,175.0
2026-09-26 14:51:15,20260926,8,10,4-2-5,198.3
2026-09-26 14:51:15,20260926,8,10,4-2-6,278.0
2026-09-26 14:51:15,20260926,8,10,4-3-1,92.0
2026-09-26 14:51:15,20260926,8,10,4-3-2,178.3
2026-09-26 14:51:15,20260926,8,10,4-3-5,94.5
2026-09-26 14:51:15,20260926,8,10,4-3-6,329.7
2026-09-26 14:51:15,20260926,8,10,4-5-1,92.3
2026-09-26 14:51:15,20260926,8,10,4-5-2,210.0
2026-09-26 14:51:15,20260926,8,10,4-5-3,103.5
2026-09-26 14:51:15,20260926,8,10,4-5-6,244.4
2026-09-26 14:51:15,20260926,8,10,4-6-1,411.0
2026-09-26 14:51:15,20260926,8,10,4-6-2,497.5
2026-09-26 14:51:15,20260926,8,10,4-6-3,480.6
2026-09-26 14:51:15,20260926,8,10,4-6-5,506.4
2026-09-26 14:51:15,20260926,8,10,5-1-2,191.6
2026-09-26 14:51:15,20260926,8,10,5-1-3,135.0
2026-09-26 14:51:15,20260926,8,10,5-1-4,219.8
2026-09-26 14:51:15,20260926,8,10,5-1-6,292.3
2026-09-26 14:51:15,20260926,8,10,5-2-1,308.2
2026-09-26 14:51:15,20260926,8,10,5-2-3,255.4
2026-09-26 14:51:15,20260926,8,10,5-2-4,405.1
2026-09-26 14:51:15,20260926,8,10,5-2-6,567.1
2026-09-26 14:51:15,20260926,8,10,5-3-1,181.7
2026-09-26 14:51:15,20260926,8,10,5-3-2,250.9
2026-09-26 14:51:15,20260926,8,10,5-3-4,213.2
2026-09-26 14:51:15,20260926,8,10,5-3-6,411.0
2026-09-26 14:51:15,20260926,8,10,5-4-1,283.5
2026-09-26 14:51:15,20260926,8,10,5-4-2,373.1
2026-09-26 14:51:15,20260926,8,10,5-4-3,265.0
2026-09-26 14:51:15,20260926,8,10,5-4-6,457.4
2026-09-26 14:51:15,20260926,8,10,5-6-1,675.2
2026-09-26 14:51:15,20260926,8,10,5-6-2,1012.0
2026-09-26 14:51:15,20260926,8,10,5-6-3,515.6
2026-09-26 14:51:15,20260926,8,10,5-6-4,810.2
2026-09-26 14:51:15,20260926,8,10,6-1-2,488.9
2026-09-26 14:51:15,20260926,8,10,6-1-3,399.4
2026-09-26 14:51:15,20260926,8,10,6-1-4,488.9
2026-09-26 14:51:15,20260926,8,10,6-1-5,578.7
2026-09-26 14:51:15,20260926,8,10,6-2-1,708.9
2026-09-26 14:51:15,20260926,8,10,6-2-3,450.1
2026-09-26 14:51:15,20260926,8,10,6-2-4,556.0
2026-09-26 14:51:15,20260926,8,10,6-2-5,977.9
2026-09-26 14:51:15,20260926,8,10,6-3-1,535.0
2026-09-26 14:51:15,20260926,8,10,6-3-2,727.1
2026-09-26 14:51:15,20260926,8,10,6-3-4,834.1
2026-09-26 14:51:15,20260926,8,10,6-3-5,535.0
2026-09-26 14:51:15,20260926,8,10,6-4-1,545.3
2026-09-26 14:51:15,20260926,8,10,6-4-2,675.2
2026-09-26 14:51:15,20260926,8,10,6-4-3,1090.0
2026-09-26 14:51:15,20260926,8,10,6-4-5,859.3
2026-09-26 14:51:15,20260926,8,10,6-5-1,977.9
2026-09-26 14:51:15,20260926,8,10,6-5-2,1181.0
2026-09-26 14:51:15,20260926,8,10,6-5-3,945.3
2026-09-26 14:51:15,20260926,8,10,6-5-4,556.0
2026-09-26 14:53:22,20260926,11,10,1-2-3,7.1
2026-09-26 14:53:22,20260926,11,10,1-2-4,5.3
2026-09-26 14:53:22,20260926,11,10,1-2-5,7.3
2026-09-26 14:53:22,20260926,11,10,1-2-6,19.6
2026-09-26 14:53:22,20260926,11,10,1-3-2,19.7
2026-09-26 14:53:22,20260926,11,10,1-3-4,27.5
2026-09-26 14:53:22,20260926,11,10,1-3-5,28.8
2026-09-26 14:53:22,20260926,11,10,1-3-6,61.2
2026-09-26 14:53:22,20260926,11,10,1-4-2,14.3
2026-09-26 14:53:22,20260926,11,10,1-4-3,29.8
2026-09-26 14:53:22,20260926,11,10,1-4-5,24.8
2026-09-26 14:53:22,20260926,11,10,1-4-6,42.2
2026-09-26 14:53:22,20260926,11,10,1-5-2,20.1
2026-09-26 14:53:22,20260926,11,10,1-5-3,39.6
2026-09-26 14:53:22,20260926,11,10,1-5-4,34.7
2026-09-26 14:53:22,20260926,11,10,1-5-6,68.7
2026-09-26 14:53:22,20260926,11,10,1-6-2,98.0
2026-09-26 14:53:22,20260926,11,10,1-6-3,143.9
2026-09-26 14:53:22,20260926,11,10,1-6-4,145.3
2026-09-26 14:53:22,20260926,11,10,1-6-5,167.9
2026-09-26 14:53:22,20260926,11,10,2-1-3,35.9
2026-09-26 14:53:22,20260926,11,10,2-1-4,32.4
2026-09-26 14:53:22,20260926,11,10,2-1-5,43.6
2026-09-26 14:53:22,20260926,11,10,2-1-6,80.7
2026-09-26 14:53:22,20260926,11,10,2-3-1,129.5
2026-09-26 14:53:22,20260926,11,10,2-3-4,244.0
2026-09-26 14:53:22,20260926,11,10,2-3-5,229.5
2026-09-26 14:53:22,20260926,11,10,2-3-6,445.8
2026-09-26 14:53:22,20260926,11,10,2-4-1,130.9
2026-09-26 14:53:22,20260926,11,10,2-4-3,286.2
2026-09-26 14:53:22,20260926,11,10,2-4-5,211.7
2026-09-26 14:53:22,20260926,11,10,2-4-6,311.1
2026-09-26 14:53:22,20260926,11,10,2-5-1,157.7
2026-09-26 14:53:22,20260926,11,10,2-5-3,263.4
2026-09-26 14:53:22,20260926,11,10,2-5-4,324.2
2026-09-26 14:53:22,20260926,11,10,2-5-6,493.2
2026-09-26 14:53:22,20260926,11,10,2-6-1,454.5
2026-09-26 14:53:22,20260926,11,10,2-6-3,618.2
2026-09-26 14:53:22,20260926,11,10,2-6-4,579.5
2026-09-26 14:53:22,20260926,11,10,2-6-5,681.8
2026-09-26 14:53:22,20260926,11,10,3-1-2,113.6
2026-09-26 14:53:22,20260926,11,10,3-1-4,117.3
2026-09-26 14:53:22,20260926,11,10,3-1-5,124.3
2026-09-26 14:53:22,20260926,11,10,3-1-6,193.1
2026-09-26 14:53:22,20260926,11,10,3-2-1,179.0
2026-09-26 14:53:22,20260926,11,10,3-2-4,237.7
2026-09-26 14:53:22,20260926,11,10,3-2-5,268.0
2026-09-26 14:53:22,20260926,11,10,3-2-6,373.9
2026-09-26 14:53:22,20260926,11,10,3-4-1,281.0
2026-09-26 14:53:22,20260926,11,10,3-4-2,305.0
2026-09-26 14:53:22,20260926,11,10,3-4-5,295.3
2026-09-26 14:53:22,20260926,11,10,3-4-6,289.7
2026-09-26 14:53:22,20260926,11,10,3-5-1,232.9
2026-09-26 14:53:22,20260926,11,10,3-5-2,284.4
2026-09-26 14:53:22,20260926,11,10,3-5-4,463.6
2026-09-26 14:53:22,20260926,11,10,3-5-6,399.7
2026-09-26 14:53:22,20260926,11,10,3-6-1,785.8
2026-09-26 14:53:22,20260926,11,10,3-6-2,813.4
2026-09-26 14:53:22,20260926,11,10,3-6-4,927.3
2026-09-26 14:53:22,20260926,11,10,3-6-5,813.4
2026-09-26 14:53:22,20260926,11,10,4-1-2,119.8
2026-09-26 14:53:22,20260926,11,10,4-1-3,269.5
2026-09-26 14:53:22,20260926,11,10,4-1-5,165.5
2026-09-26 14:53:22,20260926,11,10,4-1-6,235.3
2026-09-26 14:53:22,20260926,11,10,4-2-1,203.3
2026-09-26 14:53:22,20260926,11,10,4-2-3,389.6
2026-09-26 14:53:22,20260926,11,10,4-2-5,331.1
2026-09-26 14:53:22,20260926,11,10,4-2-6,297.2
2026-09-26 14:53:22,20260926,11,10,4-3-1,433.3
2026-09-26 14:53:22,20260926,11,10,4-3-2,586.9
2026-09-26 14:53:22,20260926,11,10,4-3-5,493.2
2026-09-26 14:53:22,20260926,11,10,4-3-6,532.9
2026-09-26 14:53:22,20260926,11,10,4-5-1,291.6
2026-09-26 14:53:22,20260926,11,10,4-5-2,367.9
2026-09-26 14:53:22,20260926,11,10,4-5-3,586.9
2026-09-26 14:53:22,20260926,11,10,4-5-6,396.2
2026-09-26 14:53:22,20260926,11,10,4-6-1,643.9
2026-09-26 14:53:22,20260926,11,10,4-6-2,626.5
2026-09-26 14:53:22,20260926,11,10,4-6-3,909.1
2026-09-26 14:53:22,20260926,11,10,4-6-5,681.8
2026-09-26 14:53:22,20260926,11,10,5-1-2,153.5
2026-09-26 14:53:22,20260926,11,10,5-1-3,205.1
2026-09-26 14:53:22,20260926,11,10,5-1-4,236.5
2026-09-26 14:53:22,20260926,11,10,5-1-6,245.3
2026-09-26 14:53:22,20260926,11,10,5-2-1,254.7
2026-09-26 14:53:22,20260926,11,10,5-2-3,367.9
2026-09-26 14:53:22,20260926,11,10,5-2-4,396.2
2026-09-26 14:53:22,20260926,11,10,5-2-6,602.1
2026-09-26 14:53:22,20260926,11,10,5-3-1,226.1
2026-09-26 14:53:22,20260926,11,10,5-3-2,380.0
2026-09-26 14:53:22,20260926,11,10,5-3-4,643.9
2026-09-26 14:53:22,20260926,11,10,5-3-6,702.5
2026-09-26 14:53:22,20260926,11,10,5-4-1,365.0
2026-09-26 14:53:22,20260926,11,10,5-4-2,429.3
2026-09-26 14:53:22,20260926,11,10,5-4-3,643.9
2026-09-26 14:53:22,20260926,11,10,5-4-6,594.4
2026-09-26 14:53:22,20260926,11,10,5-6-1,662.3
2026-09-26 14:53:22,20260926,11,10,5-6-2,1030.0
2026-09-26 14:53:22,20260926,11,10,5-6-3,1007.0
2026-09-26 14:53:22,20260926,11,10,5-6-4,891.6
2026-09-26 14:53:22,20260926,11,10,6-1-2,539.1
2026-09-26 14:53:22,20260926,11,10,6-1-3,1188.0
2026-09-26 14:53:22,20260926,11,10,6-1-4,785.8
2026-09-26 14:53:22,20260926,11,10,6-1-5,760.0
2026-09-26 14:53:22,20260926,11,10,6-2-1,724.4
2026-09-26 14:53:22,20260926,11,10,6-2-3,965.9
2026-09-26 14:53:22,20260926,11,10,6-2-4,1287.0
2026-09-26 14:53:22,20260926,11,10,6-2-5,1495.0
2026-09-26 14:53:22,20260926,11,10,6-3-1,874.8
2026-09-26 14:53:22,20260926,11,10,6-3-2,1598.0
2026-09-26 14:53:22,20260926,11,10,6-3-4,1363.0
2026-09-26 14:53:22,20260926,11,10,6-3-5,1253.0
2026-09-26 14:53:22,20260926,11,10,6-4-1,785.8
2026-09-26 14:53:22,20260926,11,10,6-4-2,1030.0
2026-09-26 14:53:22,20260926,11,10,6-4-3,1495.0
2026-09-26 14:53:22,20260926,11,10,6-4-5,1220.0
2026-09-26 14:53:22,20260926,11,10,6-5-1,1007.0
2026-09-26 14:53:22,20260926,11,10,6-5-2,946.2
2026-09-26 14:53:22,20260926,11,10,6-5-3,1030.0
2026-09-26 14:53:22,20260926,11,10,6-5-4,760.0
2026-09-26 14:55:34,20260926,9,10,1-2-3,12.3
2026-09-26 14:55:34,20260926,9,10,1-2-4,48.2
2026-09-26 14:55:34,20260926,9,10,1-2-5,45.9
2026-09-26 14:55:34,20260926,9,10,1-2-6,48.4
2026-09-26 14:55:34,20260926,9,10,1-3-2,5.4
2026-09-26 14:55:34,20260926,9,10,1-3-4,6.5
2026-09-26 14:55:34,20260926,9,10,1-3-5,8.4
2026-09-26 14:55:34,20260926,9,10,1-3-6,8.3
2026-09-26 14:55:34,20260926,9,10,1-4-2,62.3
2026-09-26 14:55:34,20260926,9,10,1-4-3,35.0
2026-09-26 14:55:34,20260926,9,10,1-4-5,100.5
2026-09-26 14:55:34,20260926,9,10,1-4-6,92.0
2026-09-26 14:55:34,20260926,9,10,1-5-2,72.6
2026-09-26 14:55:34,20260926,9,10,1-5-3,36.8
2026-09-26 14:55:34,20260926,9,10,1-5-4,105.8
2026-09-26 14:55:34,20260926,9,10,1-5-6,121.5
2026-09-26 14:55:34,20260926,9,10,1-6-2,85.3
2026-09-26 14:55:34,20260926,9,10,1-6-3,37.9
2026-09-26 14:55:34,20260926,9,10,1-6-4,186.3
2026-09-26 14:55:34,20260926,9,10,1-6-5,193.4
2026-09-26 14:55:34,20260926,9,10,2-1-3,58.3
2026-09-26 14:55:34,20260926,9,10,2-1-4,179.7
2026-09-26 14:55:34,20260926,9,10,2-1-5,237.3
2026-09-26 14:55:34,20260926,9,10,2-1-6,160.7
2026-09-26 14:55:34,20260926,9,10,2-3-1,92.3
2026-09-26 14:55:34,20260926,9,10,2-3-4,268.8
2026-09-26 14:55:34,20260926,9,10,2-3-5,248.9
2026-09-26 14:55:34,20260926,9,10,2-3-6,389.4
2026-09-26 14:55:34,20260926,9,10,2-4-1,542.4
2026-09-26 14:55:34,20260926,9,10,2-4-3,562.5
2026-09-26 14:55:34,20260926,9,10,2-4-5,1168.0
2026-09-26 14:55:34,20260926,9,10,2-4-6,646.2
2026-09-26 14:55:34,20260926,9,10,2-5-1,440.2
2026-09-26 14:55:34,20260926,9,10,2-5-3,333.7
2026-09-26 14:55:34,20260926,9,10,2-5-4,740.8
2026-09-26 14:55:34,20260926,9,10,2-5-6,979.8
2026-09-26 14:55:34,20260926,9,10,2-6-1,573.1
2026-09-26 14:55:34,20260926,9,10,2-6-3,949.2
2026-09-26 14:55:34,20260926,9,10,2-6-4,646.2
2026-09-26 14:55:34,20260926,9,10,2-6-5,1215.0
2026-09-26 14:55:34,20260926,9,10,3-1-2,21.8
2026-09-26 14:55:34,20260926,9,10,3-1-4,20.4
2026-09-26 14:55:34,20260926,9,10,3-1-5,30.1
2026-09-26 14:55:34,20260926,9,10,3-1-6,24.8
2026-09-26 14:55:34,20260926,9,10,3-2-1,66.7
2026-09-26 14:55:34,20260926,9,10,3-2-4,198.5
2026-09-26 14:55:34,20260926,9,10,3-2-5,139.9
2026-09-26 14:55:34,20260926,9,10,3-2-6,170.6
2026-09-26 14:55:34,20260926,9,10,3-4-1,51.9
2026-09-26 14:55:34,20260926,9,10,3-4-2,235.4
2026-09-26 14:55:34,20260926,9,10,3-4-5,276.1
2026-09-26 14:55:34,20260926,9,10,3-4-6,231.8
2026-09-26 14:55:34,20260926,9,10,3-5-1,102.6
2026-09-26 14:55:34,20260926,9,10,3-5-2,150.3
2026-09-26 14:55:34,20260926,9,10,3-5-4,384.5
2026-09-26 14:55:34,20260926,9,10,3-5-6,191.0
2026-09-26 14:55:34,20260926,9,10,3-6-1,103.3
2026-09-26 14:55:34,20260926,9,10,3-6-2,370.4
2026-09-26 14:55:34,20260926,9,10,3-6-4,573.1
2026-09-26 14:55:34,20260926,9,10,3-6-5,474.6
2026-09-26 14:55:34,20260926,9,10,4-1-2,421.8
2026-09-26 14:55:34,20260926,9,10,4-1-3,337.5
2026-09-26 14:55:34,20260926,9,10,4-1-5,416.1
2026-09-26 14:55:34,20260926,9,10,4-1-6,394.4
2026-09-26 14:55:34,20260926,9,10,4-2-1,573.1
2026-09-26 14:55:34,20260926,9,10,4-2-3,759.3
2026-09-26 14:55:34,20260926,9,10,4-2-5,759.3
2026-09-26 14:55:34,20260926,9,10,4-2-6,619.9
2026-09-26 14:55:34,20260926,9,10,4-3-1,341.3
2026-09-26 14:55:34,20260926,9,10,4-3-2,843.7
2026-09-26 14:55:34,20260926,9,10,4-3-5,562.5
2026-09-26 14:55:34,20260926,9,10,4-3-6,660.3
2026-09-26 14:55:34,20260926,9,10,4-5-1,497.9
2026-09-26 14:55:34,20260926,9,10,4-5-2,1215.0
2026-09-26 14:55:34,20260926,9,10,4-5-3,893.4
2026-09-26 14:55:34,20260926,9,10,4-5-6,1168.0
2026-09-26 14:55:34,20260926,9,10,4-6-1,675.0
2026-09-26 14:55:34,20260926,9,10,4-6-2,820.9
2026-09-26 14:55:34,20260926,9,10,4-6-3,1084.0
2026-09-26 14:55:34,20260926,9,10,4-6-5,1518.0
2026-09-26 14:55:34,20260926,9,10,5-1-2,341.3
2026-09-26 14:55:34,20260926,9,10,5-1-3,181.8
2026-09-26 14:55:34,20260926,9,10,5-1-4,474.6
2026-09-26 14:55:34,20260926,9,10,5-1-6,349.1
2026-09-26 14:55:34,20260926,9,10,5-2-1,410.4
2026-09-26 14:55:34,20260926,9,10,5-2-3,384.5
2026-09-26 14:55:34,20260926,9,10,5-2-4,646.2
2026-09-26 14:55:34,20260926,9,10,5-2-6,920.4
2026-09-26 14:55:34,20260926,9,10,5-3-1,375.0
2026-09-26 14:55:34,20260926,9,10,5-3-2,467.3
2026-09-26 14:55:34,20260926,9,10,5-3-4,843.7
2026-09-26 14:55:34,20260926,9,10,5-3-6,675.0
2026-09-26 14:55:34,20260926,9,10,5-4-1,675.0
2026-09-26 14:55:34,20260926,9,10,5-4-2,660.3
2026-09-26 14:55:34,20260926,9,10,5-4-3,1047.0
2026-09-26 14:55:34,20260926,9,10,5-4-6,1265.0
2026-09-26 14:55:34,20260926,9,10,5-6-1,920.4
2026-09-26 14:55:34,20260926,9,10,5-6-2,1446.0
2026-09-26 14:55:34,20260926,9,10,5-6-3,843.7
2026-09-26 14:55:34,20260926,9,10,5-6-4,1168.0
2026-09-26 14:55:34,20260926,9,10,6-1-2,410.4
2026-09-26 14:55:34,20260926,9,10,6-1-3,271.2
2026-09-26 14:55:34,20260926,9,10,6-1-4,949.2
2026-09-26 14:55:34,20260926,9,10,6-1-5,867.8
2026-09-26 14:55:34,20260926,9,10,6-2-1,607.5
2026-09-26 14:55:34,20260926,9,10,6-2-3,1265.0
2026-09-26 14:55:34,20260926,9,10,6-2-4,1687.0
2026-09-26 14:55:34,20260926,9,10,6-2-5,1598.0
2026-09-26 14:55:34,20260926,9,10,6-3-1,283.8
2026-09-26 14:55:34,20260926,9,10,6-3-2,1125.0
2026-09-26 14:55:34,20260926,9,10,6-3-4,1215.0
2026-09-26 14:55:34,20260926,9,10,6-3-5,1125.0
2026-09-26 14:55:34,20260926,9,10,6-4-1,1084.0
2026-09-26 14:55:34,20260926,9,10,6-4-2,1598.0
2026-09-26 14:55:34,20260926,9,10,6-4-3,2169.0
2026-09-26 14:55:34,20260926,9,10,6-4-5,1898.0
2026-09-26 14:55:34,20260926,9,10,6-5-1,1125.0
2026-09-26 14:55:34,20260926,9,10,6-5-2,1598.0
2026-09-26 14:55:34,20260926,9,10,6-5-3,1125.0
2026-09-26 14:55:34,20260926,9,10,6-5-4,949.2
2026-09-26 14:59:56,20260926,5,9,1-2-3,32.4
2026-09-26 14:59:56,20260926,5,9,1-2-4,31.4
2026-09-26 14:59:56,20260926,5,9,1-2-5,34.7
2026-09-26 14:59:56,20260926,5,9,1-2-6,11.5
2026-09-26 14:59:56,20260926,5,9,1-3-2,60.3
2026-09-26 14:59:56,20260926,5,9,1-3-4,112.8
2026-09-26 14:59:56,20260926,5,9,1-3-5,148.7
2026-09-26 14:59:56,20260926,5,9,1-3-6,42.0
2026-09-26 14:59:56,20260926,5,9,1-4-2,83.8
2026-09-26 14:59:56,20260926,5,9,1-4-3,142.1
2026-09-26 14:59:56,20260926,5,9,1-4-5,138.6
2026-09-26 14:59:56,20260926,5,9,1-4-6,54.1
2026-09-26 14:59:56,20260926,5,9,1-5-2,71.0
2026-09-26 14:59:56,20260926,5,9,1-5-3,90.9
2026-09-26 14:59:56,20260926,5,9,1-5-4,137.7
2026-09-26 14:59:56,20260926,5,9,1-5-6,41.6
2026-09-26 14:59:56,20260926,5,9,1-6-2,11.5
2026-09-26 14:59:56,20260926,5,9,1-6-3,24.7
2026-09-26 14:59:56,20260926,5,9,1-6-4,33.5
2026-09-26 14:59:56,20260926,5,9,1-6-5,33.3
2026-09-26 14:59:56,20260926,5,9,2-1-3,61.6
2026-09-26 14:59:56,20260926,5,9,2-1-4,51.3
2026-09-26 14:59:56,20260926,5,9,2-1-5,55.8
2026-09-26 14:59:56,20260926,5,9,2-1-6,20.0
2026-09-26 14:59:56,20260926,5,9,2-3-1,140.3
2026-09-26 14:59:56,20260926,5,9,2-3-4,146.7
2026-09-26 14:59:56,20260926,5,9,2-3-5,195.2
2026-09-26 14:59:56,20260926,5,9,2-3-6,85.7
2026-09-26 14:59:56,20260926,5,9,2-4-1,163.9
2026-09-26 14:59:56,20260926,5,9,2-4-3,198.7
2026-09-26 14:59:56,20260926,5,9,2-4-5,277.2
2026-09-26 14:59:56,20260926,5,9,2-4-6,83.4
2026-09-26 14:59:56,20260926,5,9,2-5-1,139.4
2026-09-26 14:59:56,20260926,5,9,2-5-3,252.3
2026-09-26 14:59:56,20260926,5,9,2-5-4,350.9
2026-09-26 14:59:56,20260926,5,9,2-5-6,109.0
2026-09-26 14:59:56,20260926,5,9,2-6-1,27.0
2026-09-26 14:59:56,20260926,5,9,2-6-3,59.7
2026-09-26 14:59:56,20260926,5,9,2-6-4,63.8
2026-09-26 14:59:56,20260926,5,9,2-6-5,85.3
2026-09-26 14:59:56,20260926,5,9,3-1-2,184.0
2026-09-26 14:59:56,20260926,5,9,3-1-4,204.1
2026-09-26 14:59:56,20260926,5,9,3-1-5,241.4
2026-09-26 14:59:56,20260926,5,9,3-1-6,141.2
2026-09-26 14:59:56,20260926,5,9,3-2-1,284.2
2026-09-26 14:59:56,20260926,5,9,3-2-4,209.8
2026-09-26 14:59:56,20260926,5,9,3-2-5,258.1
2026-09-26 14:59:56,20260926,5,9,3-2-6,159.2
2026-09-26 14:59:56,20260926,5,9,3-4-1,394.0
2026-09-26 14:59:56,20260926,5,9,3-4-2,264.2
2026-09-26 14:59:56,20260926,5,9,3-4-5,575.8
2026-09-26 14:59:56,20260926,5,9,3-4-6,200.5
2026-09-26 14:59:56,20260926,5,9,3-5-1,415.9
2026-09-26 14:59:56,20260926,5,9,3-5-2,209.8
2026-09-26 14:59:56,20260926,5,9,3-5-4,477.8
2026-09-26 14:59:56,20260926,5,9,3-5-6,284.2
2026-09-26 14:59:56,20260926,5,9,3-6-1,168.8
2026-09-26 14:59:56,20260926,5,9,3-6-2,178.2
2026-09-26 14:59:56,20260926,5,9,3-6-4,220.1
2026-09-26 14:59:56,20260926,5,9,3-6-5,320.8
2026-09-26 14:59:56,20260926,5,9,4-1-2,236.4
2026-09-26 14:59:56,20260926,5,9,4-1-3,387.2
2026-09-26 14:59:56,20260926,5,9,4-1-5,325.4
2026-09-26 14:59:56,20260926,5,9,4-1-6,147.7
2026-09-26 14:59:56,20260926,5,9,4-2-1,284.2
2026-09-26 14:59:56,20260926,5,9,4-2-3,311.9
2026-09-26 14:59:56,20260926,5,9,4-2-5,423.7
2026-09-26 14:59:56,20260926,5,9,4-2-6,152.7
2026-09-26 14:59:56,20260926,5,9,4-3-1,575.8
2026-09-26 14:59:56,20260926,5,9,4-3-2,401.0
2026-09-26 14:59:56,20260926,5,9,4-3-5,547.7
2026-09-26 14:59:56,20260926,5,9,4-3-6,233.9
2026-09-26 14:59:56,20260926,5,9,4-5-1,401.0
2026-09-26 14:59:56,20260926,5,9,4-5-2,387.2
2026-09-26 14:59:56,20260926,5,9,4-5-3,606.9
2026-09-26 14:59:56,20260926,5,9,4-5-6,362.2
2026-09-26 14:59:56,20260926,5,9,4-6-1,142.1
2026-09-26 14:59:56,20260926,5,9,4-6-2,153.8
2026-09-26 14:59:56,20260926,5,9,4-6-3,277.2
2026-09-26 14:59:56,20260926,5,9,4-6-5,295.5
2026-09-26 14:59:56,20260926,5,9,5-1-2,172.7
2026-09-26 14:59:56,20260926,5,9,5-1-3,320.8
2026-09-26 14:59:56,20260926,5,9,5-1-4,295.5
2026-09-26 14:59:56,20260926,5,9,5-1-6,81.3
2026-09-26 14:59:56,20260926,5,9,5-2-1,229.1
2026-09-26 14:59:56,20260926,5,9,5-2-3,345.5
2026-09-26 14:59:56,20260926,5,9,5-2-4,307.6
2026-09-26 14:59:56,20260926,5,9,5-2-6,207.9
2026-09-26 14:59:56,20260926,5,9,5-3-1,458.3
2026-09-26 14:59:56,20260926,5,9,5-3-2,431.8
2026-09-26 14:59:56,20260926,5,9,5-3-4,606.9
2026-09-26 14:59:56,20260926,5,9,5-3-6,291.6
2026-09-26 14:59:56,20260926,5,9,5-4-1,440.3
2026-09-26 14:59:56,20260926,5,9,5-4-2,477.8
2026-09-26 14:59:56,20260926,5,9,5-4-3,863.7
2026-09-26 14:59:56,20260926,5,9,5-4-6,387.2
2026-09-26 14:59:56,20260926,5,9,5-6-1,100.7
2026-09-26 14:59:56,20260926,5,9,5-6-2,206.0
2026-09-26 14:59:56,20260926,5,9,5-6-3,408.3
2026-09-26 14:59:56,20260926,5,9,5-6-4,284.2
2026-09-26 14:59:56,20260926,5,9,6-1-2,17.0
2026-09-26 14:59:56,20260926,5,9,6-1-3,42.2
2026-09-26 14:59:56,20260926,5,9,6-1-4,54.9
2026-09-26 14:59:56,20260926,5,9,6-1-5,30.9
2026-09-26 14:59:56,20260926,5,9,6-2-1,24.1
2026-09-26 14:59:56,20260926,5,9,6-2-3,69.1
2026-09-26 14:59:56,20260926,5,9,6-2-4,66.4
2026-09-26 14:59:56,20260926,5,9,6-2-5,79.0
2026-09-26 14:59:56,20260926,5,9,6-3-1,94.7
2026-09-26 14:59:56,20260926,5,9,6-3-2,132.1
2026-09-26 14:59:56,20260926,5,9,6-3-4,150.7
2026-09-26 14:59:56,20260926,5,9,6-3-5,246.7
2026-09-26 14:59:56,20260926,5,9,6-4-1,89.8
2026-09-26 14:59:56,20260926,5,9,6-4-2,135.2
2026-09-26 14:59:56,20260926,5,9,6-4-3,187.1
2026-09-26 14:59:56,20260926,5,9,6-4-5,224.5
2026-09-26 14:59:56,20260926,5,9,6-5-1,55.0
2026-09-26 14:59:56,20260926,5,9,6-5-2,114.0
2026-09-26 14:59:56,20260926,5,9,6-5-3,185.6
2026-09-26 14:59:56,20260926,5,9,6-5-4,193.6
2026-09-26 15:02:13,20260926,22,8,1-2-3,11.4
2026-09-26 15:02:13,20260926,22,8,1-2-4,36.2
2026-09-26 15:02:13,20260926,22,8,1-2-5,24.7
2026-09-26 15:02:13,20260926,22,8,1-2-6,39.8
2026-09-26 15:02:13,20260926,22,8,1-3-2,10.1
2026-09-26 15:02:13,20260926,22,8,1-3-4,16.2
2026-09-26 15:02:13,20260926,22,8,1-3-5,5.6
2026-09-26 15:02:13,20260926,22,8,1-3-6,16.7
2026-09-26 15:02:13,20260926,22,8,1-4-2,49.4
2026-09-26 15:02:13,20260926,22,8,1-4-3,39.5
2026-09-26 15:02:13,20260926,22,8,1-4-5,34.1
2026-09-26 15:02:13,20260926,22,8,1-4-6,51.1
2026-09-26 15:02:13,20260926,22,8,1-5-2,30.3
2026-09-26 15:02:13,20260926,22,8,1-5-3,14.1
2026-09-26 15:02:13,20260926,22,8,1-5-4,44.0
2026-09-26 15:02:13,20260926,22,8,1-5-6,26.0
2026-09-26 15:02:13,20260926,22,8,1-6-2,89.0
2026-09-26 15:02:13,20260926,22,8,1-6-3,51.7
2026-09-26 15:02:13,20260926,22,8,1-6-4,99.3
2026-09-26 15:02:13,20260926,22,8,1-6-5,50.2
2026-09-26 15:02:13,20260926,22,8,2-1-3,122.3
2026-09-26 15:02:13,20260926,22,8,2-1-4,139.2
2026-09-26 15:02:13,20260926,22,8,2-1-5,157.3
2026-09-26 15:02:13,20260926,22,8,2-1-6,356.3
2026-09-26 15:02:13,20260926,22,8,2-3-1,159.4
2026-09-26 15:02:13,20260926,22,8,2-3-4,189.3
2026-09-26 15:02:13,20260926,22,8,2-3-5,233.0
2026-09-26 15:02:13,20260926,22,8,2-3-6,466.0
2026-09-26 15:02:13,20260926,22,8,2-4-1,356.3
2026-09-26 15:02:13,20260926,22,8,2-4-3,295.5
2026-09-26 15:02:13,20260926,22,8,2-4-5,712.7
2026-09-26 15:02:13,20260926,22,8,2-4-6,550.7
2026-09-26 15:02:13,20260926,22,8,2-5-1,252.4
2026-09-26 15:02:13,20260926,22,8,2-5-3,403.8
2026-09-26 15:02:13,20260926,22,8,2-5-4,757.2
2026-09-26 15:02:13,20260926,22,8,2-5-6,637.6
2026-09-26 15:02:13,20260926,22,8,2-6-1,673.1
2026-09-26 15:02:13,20260926,22,8,2-6-3,932.0
2026-09-26 15:02:13,20260926,22,8,2-6-4,504.8
2026-09-26 15:02:13,20260926,22,8,2-6-5,1211.0
2026-09-26 15:02:13,20260926,22,8,3-1-2,66.9
2026-09-26 15:02:13,20260926,22,8,3-1-4,66.5
2026-09-26 15:02:13,20260926,22,8,3-1-5,29.3
2026-09-26 15:02:13,20260926,22,8,3-1-6,63.4
2026-09-26 15:02:13,20260926,22,8,3-2-1,144.2
2026-09-26 15:02:13,20260926,22,8,3-2-4,121.1
2026-09-26 15:02:13,20260926,22,8,3-2-5,163.7
2026-09-26 15:02:13,20260926,22,8,3-2-6,228.6
2026-09-26 15:02:13,20260926,22,8,3-4-1,208.9
2026-09-26 15:02:13,20260926,22,8,3-4-2,142.5
2026-09-26 15:02:13,20260926,22,8,3-4-5,212.5
2026-09-26 15:02:13,20260926,22,8,3-4-6,212.5
2026-09-26 15:02:13,20260926,22,8,3-5-1,76.6
2026-09-26 15:02:13,20260926,22,8,3-5-2,192.3
2026-09-26 15:02:13,20260926,22,8,3-5-4,189.3
2026-09-26 15:02:13,20260926,22,8,3-5-6,140.8
2026-09-26 15:02:13,20260926,22,8,3-6-1,205.3
2026-09-26 15:02:13,20260926,22,8,3-6-2,417.8
2026-09-26 15:02:13,20260926,22,8,3-6-4,466.0
2026-09-26 15:02:13,20260926,22,8,3-6-5,252.4
2026-09-26 15:02:13,20260926,22,8,4-1-2,208.9
2026-09-26 15:02:13,20260926,22,8,4-1-3,168.2
2026-09-26 15:02:13,20260926,22,8,4-1-5,87.1
2026-09-26 15:02:13,20260926,22,8,4-1-6,109.1
2026-09-26 15:02:13,20260926,22,8,4-2-1,327.4
2026-09-26 15:02:13,20260926,22,8,4-2-3,288.4
2026-09-26 15:02:13,20260926,22,8,4-2-5,390.8
2026-09-26 15:02:13,20260926,22,8,4-2-6,576.9
2026-09-26 15:02:13,20260926,22,8,4-3-1,269.2
2026-09-26 15:02:13,20260926,22,8,4-3-2,403.8
2026-09-26 15:02:13,20260926,22,8,4-3-5,346.1
2026-09-26 15:02:13,20260926,22,8,4-3-6,327.4
2026-09-26 15:02:13,20260926,22,8,4-5-1,87.1
2026-09-26 15:02:13,20260926,22,8,4-5-2,576.9
2026-09-26 15:02:13,20260926,22,8,4-5-3,155.3
2026-09-26 15:02:13,20260926,22,8,4-5-6,107.2
2026-09-26 15:02:13,20260926,22,8,4-6-1,336.5
2026-09-26 15:02:13,20260926,22,8,4-6-2,807.7
2026-09-26 15:02:13,20260926,22,8,4-6-3,637.6
2026-09-26 15:02:13,20260926,22,8,4-6-5,605.8
2026-09-26 15:02:13,20260926,22,8,5-1-2,252.4
2026-09-26 15:02:13,20260926,22,8,5-1-3,89.0
2026-09-26 15:02:13,20260926,22,8,5-1-4,208.9
2026-09-26 15:02:13,20260926,22,8,5-1-6,121.1
2026-09-26 15:02:13,20260926,22,8,5-2-1,356.3
2026-09-26 15:02:13,20260926,22,8,5-2-3,526.7
2026-09-26 15:02:13,20260926,22,8,5-2-4,484.6
2026-09-26 15:02:13,20260926,22,8,5-2-6,673.1
2026-09-26 15:02:13,20260926,22,8,5-3-1,140.8
2026-09-26 15:02:13,20260926,22,8,5-3-2,356.3
2026-09-26 15:02:13,20260926,22,8,5-3-4,526.7
2026-09-26 15:02:13,20260926,22,8,5-3-6,318.8
2026-09-26 15:02:13,20260926,22,8,5-4-1,247.2
2026-09-26 15:02:13,20260926,22,8,5-4-2,367.1
2026-09-26 15:02:13,20260926,22,8,5-4-3,526.7
2026-09-26 15:02:13,20260926,22,8,5-4-6,504.8
2026-09-26 15:02:13,20260926,22,8,5-6-1,228.6
2026-09-26 15:02:13,20260926,22,8,5-6-2,1514.0
2026-09-26 15:02:13,20260926,22,8,5-6-3,432.7
2026-09-26 15:02:13,20260926,22,8,5-6-4,504.8
2026-09-26 15:02:13,20260926,22,8,6-1-2,417.8
2026-09-26 15:02:13,20260926,22,8,6-1-3,356.3
2026-09-26 15:02:13,20260926,22,8,6-1-4,550.7
2026-09-26 15:02:13,20260926,22,8,6-1-5,198.6
2026-09-26 15:02:13,20260926,22,8,6-2-1,484.6
2026-09-26 15:02:13,20260926,22,8,6-2-3,550.7
2026-09-26 15:02:13,20260926,22,8,6-2-4,1009.0
2026-09-26 15:02:13,20260926,22,8,6-2-5,1101.0
2026-09-26 15:02:13,20260926,22,8,6-3-1,378.6
2026-09-26 15:02:13,20260926,22,8,6-3-2,1009.0
2026-09-26 15:02:13,20260926,22,8,6-3-4,932.0
2026-09-26 15:02:13,20260926,22,8,6-3-5,605.8
2026-09-26 15:02:13,20260926,22,8,6-4-1,712.7
2026-09-26 15:02:13,20260926,22,8,6-4-2,1101.0
2026-09-26 15:02:13,20260926,22,8,6-4-3,1346.0
2026-09-26 15:02:13,20260926,22,8,6-4-5,757.2
2026-09-26 15:02:13,20260926,22,8,6-5-1,212.5
2026-09-26 15:02:13,20260926,22,8,6-5-2,1514.0
2026-09-26 15:02:13,20260926,22,8,6-5-3,466.0
2026-09-26 15:02:13,20260926,22,8,6-5-4,526.7
2026-09-26 15:06:56,20260926,15,1,1-2-3,8.0
2026-09-26 15:06:56,20260926,15,1,1-2-4,17.5
2026-09-26 15:06:56,20260926,15,1,1-2-5,109.5
2026-09-26 15:06:56,20260926,15,1,1-2-6,19.4
2026-09-26 15:06:56,20260926,15,1,1-3-2,10.6
2026-09-26 15:06:56,20260926,15,1,1-3-4,16.5
2026-09-26 15:06:56,20260926,15,1,1-3-5,52.9
2026-09-26 15:06:56,20260926,15,1,1-3-6,23.5
2026-09-26 15:06:56,20260926,15,1,1-4-2,26.4
2026-09-26 15:06:56,20260926,15,1,1-4-3,24.5
2026-09-26 15:06:56,20260926,15,1,1-4-5,85.4
2026-09-26 15:06:56,20260926,15,1,1-4-6,26.2
2026-09-26 15:06:56,20260926,15,1,1-5-2,128.1
2026-09-26 15:06:56,20260926,15,1,1-5-3,83.7
2026-09-26 15:06:56,20260926,15,1,1-5-4,105.0
2026-09-26 15:06:56,20260926,15,1,1-5-6,126.9
2026-09-26 15:06:56,20260926,15,1,1-6-2,37.9
2026-09-26 15:06:56,20260926,15,1,1-6-3,45.4
2026-09-26 15:06:56,20260926,15,1,1-6-4,56.4
2026-09-26 15:06:56,20260926,15,1,1-6-5,251.3
2026-09-26 15:06:56,20260926,15,1,2-1-3,49.8
2026-09-26 15:06:56,20260926,15,1,2-1-4,63.1
2026-09-26 15:06:56,20260926,15,1,2-1-5,144.0
2026-09-26 15:06:56,20260926,15,1,2-1-6,82.6
2026-09-26 15:06:56,20260926,15,1,2-3-1,92.2
2026-09-26 15:06:56,20260926,15,1,2-3-4,142.4
2026-09-26 15:06:56,20260926,15,1,2-3-5,185.7
2026-09-26 15:06:56,20260926,15,1,2-3-6,123.2
2026-09-26 15:06:56,20260926,15,1,2-4-1,136.3
2026-09-26 15:06:56,20260926,15,1,2-4-3,180.5
2026-09-26 15:06:56,20260926,15,1,2-4-5,337.3
2026-09-26 15:06:56,20260926,15,1,2-4-6,170.9
2026-09-26 15:06:56,20260926,15,1,2-5-1,251.3
2026-09-26 15:06:56,20260926,15,1,2-5-3,298.0
2026-09-26 15:06:56,20260926,15,1,2-5-4,413.4
2026-09-26 15:06:56,20260926,15,1,2-5-6,356.0
2026-09-26 15:06:56,20260926,15,1,2-6-1,136.3
2026-09-26 15:06:56,20260926,15,1,2-6-3,210.1
2026-09-26 15:06:56,20260926,15,1,2-6-4,220.9
2026-09-26 15:06:56,20260926,15,1,2-6-5,557.2
2026-09-26 15:06:56,20260926,15,1,3-1-2,26.7
2026-09-26 15:06:56,20260926,15,1,3-1-4,35.8
2026-09-26 15:06:56,20260926,15,1,3-1-5,51.2
2026-09-26 15:06:56,20260926,15,1,3-1-6,68.9
2026-09-26 15:06:56,20260926,15,1,3-2-1,61.3
2026-09-26 15:06:56,20260926,15,1,3-2-4,59.0
2026-09-26 15:06:56,20260926,15,1,3-2-5,173.2
2026-09-26 15:06:56,20260926,15,1,3-2-6,113.4
2026-09-26 15:06:56,20260926,15,1,3-4-1,63.4
2026-09-26 15:06:56,20260926,15,1,3-4-2,97.8
2026-09-26 15:06:56,20260926,15,1,3-4-5,291.3
2026-09-26 15:06:56,20260926,15,1,3-4-6,105.0
2026-09-26 15:06:56,20260926,15,1,3-5-1,126.9
2026-09-26 15:06:56,20260926,15,1,3-5-2,162.2
2026-09-26 15:06:56,20260926,15,1,3-5-4,328.6
2026-09-26 15:06:56,20260926,15,1,3-5-6,388.4
2026-09-26 15:06:56,20260926,15,1,3-6-1,104.2
2026-09-26 15:06:56,20260926,15,1,3-6-2,140.8
2026-09-26 15:06:56,20260926,15,1,3-6-4,136.3
2026-09-26 15:06:56,20260926,15,1,3-6-5,413.4
2026-09-26 15:06:56,20260926,15,1,4-1-2,90.9
2026-09-26 15:06:56,20260926,15,1,4-1-3,80.6
2026-09-26 15:06:56,20260926,15,1,4-1-5,76.2
2026-09-26 15:06:56,20260926,15,1,4-1-6,54.7
2026-09-26 15:06:56,20260926,15,1,4-2-1,142.4
2026-09-26 15:06:56,20260926,15,1,4-2-3,210.1
2026-09-26 15:06:56,20260926,15,1,4-2-5,228.8
2026-09-26 15:06:56,20260926,15,1,4-2-6,145.6
2026-09-26 15:06:56,20260926,15,1,4-3-1,130.7
2026-09-26 15:06:56,20260926,15,1,4-3-2,267.0
2026-09-26 15:06:56,20260926,15,1,4-3-5,312.6
2026-09-26 15:06:56,20260926,15,1,4-3-6,173.2
2026-09-26 15:06:56,20260926,15,1,4-5-1,133.5
2026-09-26 15:06:56,20260926,15,1,4-5-2,291.3
2026-09-26 15:06:56,20260926,15,1,4-5-3,267.0
2026-09-26 15:06:56,20260926,15,1,4-5-6,298.0
2026-09-26 15:06:56,20260926,15,1,4-6-1,90.9
2026-09-26 15:06:56,20260926,15,1,4-6-2,134.9
2026-09-26 15:06:56,20260926,15,1,4-6-3,145.6
2026-09-26 15:06:56,20260926,15,1,4-6-5,356.0
2026-09-26 15:06:56,20260926,15,1,5-1-2,145.6
2026-09-26 15:06:56,20260926,15,1,5-1-3,104.2
2026-09-26 15:06:56,20260926,15,1,5-1-4,166.4
2026-09-26 15:06:56,20260926,15,1,5-1-6,183.1
2026-09-26 15:06:56,20260926,15,1,5-2-1,388.4
2026-09-26 15:06:56,20260926,15,1,5-2-3,346.4
2026-09-26 15:06:56,20260926,15,1,5-2-4,366.2
2026-09-26 15:06:56,20260926,15,1,5-2-6,457.7
2026-09-26 15:06:56,20260926,15,1,5-3-1,158.2
2026-09-26 15:06:56,20260926,15,1,5-3-2,427.2
2026-09-26 15:06:56,20260926,15,1,5-3-4,388.4
2026-09-26 15:06:56,20260926,15,1,5-3-6,427.2
2026-09-26 15:06:56,20260926,15,1,5-4-1,337.3
2026-09-26 15:06:56,20260926,15,1,5-4-2,557.2
2026-09-26 15:06:56,20260926,15,1,5-4-3,674.6
2026-09-26 15:06:56,20260926,15,1,5-4-6,712.0
2026-09-26 15:06:56,20260926,15,1,5-6-1,284.8
2026-09-26 15:06:56,20260926,15,1,5-6-2,640.8
2026-09-26 15:06:56,20260926,15,1,5-6-3,640.8
2026-09-26 15:06:56,20260926,15,1,5-6-4,291.3
2026-09-26 15:06:56,20260926,15,1,6-1-2,178.0
2026-09-26 15:06:56,20260926,15,1,6-1-3,233.0
2026-09-26 15:06:56,20260926,15,1,6-1-4,206.7
2026-09-26 15:06:56,20260926,15,1,6-1-5,674.6
2026-09-26 15:06:56,20260926,15,1,6-2-1,224.8
2026-09-26 15:06:56,20260926,15,1,6-2-3,284.8
2026-09-26 15:06:56,20260926,15,1,6-2-4,388.4
2026-09-26 15:06:56,20260926,15,1,6-2-5,753.9
2026-09-26 15:06:56,20260926,15,1,6-3-1,261.5
2026-09-26 15:06:56,20260926,15,1,6-3-2,272.7
2026-09-26 15:06:56,20260926,15,1,6-3-4,400.5
2026-09-26 15:06:56,20260926,15,1,6-3-5,915.5
2026-09-26 15:06:56,20260926,15,1,6-4-1,291.3
2026-09-26 15:06:56,20260926,15,1,6-4-2,320.4
2026-09-26 15:06:56,20260926,15,1,6-4-3,413.4
2026-09-26 15:06:56,20260926,15,1,6-4-5,712.0
2026-09-26 15:06:56,20260926,15,1,6-5-1,674.6
2026-09-26 15:06:56,20260926,15,1,6-5-2,801.0
2026-09-26 15:06:56,20260926,15,1,6-5-3,712.0
2026-09-26 15:06:56,20260926,15,1,6-5-4,582.6
2026-09-26 15:08:59,20260926,2,10,1-2-3,42.2
2026-09-26 15:08:59,20260926,2,10,1-2-4,18.4
2026-09-26 15:08:59,20260926,2,10,1-2-5,18.4
2026-09-26 15:08:59,20260926,2,10,1-2-6,23.8
2026-09-26 15:08:59,20260926,2,10,1-3-2,90.8
2026-09-26 15:08:59,20260926,2,10,1-3-4,87.8
2026-09-26 15:08:59,20260926,2,10,1-3-5,90.8
2026-09-26 15:08:59,20260926,2,10,1-3-6,147.2
2026-09-26 15:08:59,20260926,2,10,1-4-2,22.9
2026-09-26 15:08:59,20260926,2,10,1-4-3,65.2
2026-09-26 15:08:59,20260926,2,10,1-4-5,17.4
2026-09-26 15:08:59,20260926,2,10,1-4-6,25.1
2026-09-26 15:08:59,20260926,2,10,1-5-2,26.8
2026-09-26 15:08:59,20260926,2,10,1-5-3,81.1
2026-09-26 15:08:59,20260926,2,10,1-5-4,26.9
2026-09-26 15:08:59,20260926,2,10,1-5-6,32.4
2026-09-26 15:08:59,20260926,2,10,1-6-2,42.9
2026-09-26 15:08:59,20260926,2,10,1-6-3,121.6
2026-09-26 15:08:59,20260926,2,10,1-6-4,44.8
2026-09-26 15:08:59,20260926,2,10,1-6-5,55.2
2026-09-26 15:08:59,20260926,2,10,2-1-3,74.0
2026-09-26 15:08:59,20260926,2,10,2-1-4,40.2
2026-09-26 15:08:59,20260926,2,10,2-1-5,39.3
2026-09-26 15:08:59,20260926,2,10,2-1-6,58.8
2026-09-26 15:08:59,20260926,2,10,2-3-1,138.7
2026-09-26 15:08:59,20260926,2,10,2-3-4,174.0
2026-09-26 15:08:59,20260926,2,10,2-3-5,147.2
2026-09-26 15:08:59,20260926,2,10,2-3-6,254.1
2026-09-26 15:08:59,20260926,2,10,2-4-1,64.5
2026-09-26 15:08:59,20260926,2,10,2-4-3,199.4
2026-09-26 15:08:59,20260926,2,10,2-4-5,88.0
2026-09-26 15:08:59,20260926,2,10,2-4-6,129.3
2026-09-26 15:08:59,20260926,2,10,2-5-1,73.2
2026-09-26 15:08:59,20260926,2,10,2-5-3,118.6
2026-09-26 15:08:59,20260926,2,10,2-5-4,117.2
2026-09-26 15:08:59,20260926,2,10,2-5-6,109.6
2026-09-26 15:08:59,20260926,2,10,2-6-1,97.3
2026-09-26 15:08:59,20260926,2,10,2-6-3,263.4
2026-09-26 15:08:59,20260926,2,10,2-6-4,231.5
2026-09-26 15:08:59,20260926,2,10,2-6-5,149.5
2026-09-26 15:08:59,20260926,2,10,3-1-2,147.2
2026-09-26 15:08:59,20260926,2,10,3-1-4,195.3
2026-09-26 15:08:59,20260926,2,10,3-1-5,151.9
2026-09-26 15:08:59,20260926,2,10,3-1-6,305.5
2026-09-26 15:08:59,20260926,2,10,3-2-1,243.3
2026-09-26 15:08:59,20260926,2,10,3-2-4,165.0
2026-09-26 15:08:59,20260926,2,10,3-2-5,163.1
2026-09-26 15:08:59,20260926,2,10,3-2-6,217.5
2026-09-26 15:08:59,20260926,2,10,3-4-1,239.3
2026-09-26 15:08:59,20260926,2,10,3-4-2,239.3
2026-09-26 15:08:59,20260926,2,10,3-4-5,249.7
2026-09-26 15:08:59,20260926,2,10,3-4-6,358.9
2026-09-26 15:08:59,20260926,2,10,3-5-1,227.9
2026-09-26 15:08:59,20260926,2,10,3-5-2,177.2
2026-09-26 15:08:59,20260926,2,10,3-5-4,422.3
2026-09-26 15:08:59,20260926,2,10,3-5-6,265.9
2026-09-26 15:08:59,20260926,2,10,3-6-1,574.3
2026-09-26 15:08:59,20260926,2,10,3-6-2,278.8
2026-09-26 15:08:59,20260926,2,10,3-6-4,611.0
2026-09-26 15:08:59,20260926,2,10,3-6-5,455.8
2026-09-26 15:08:59,20260926,2,10,4-1-2,46.1
2026-09-26 15:08:59,20260926,2,10,4-1-3,143.5
2026-09-26 15:08:59,20260926,2,10,4-1-5,30.5
2026-09-26 15:08:59,20260926,2,10,4-1-6,43.8
2026-09-26 15:08:59,20260926,2,10,4-2-1,90.0
2026-09-26 15:08:59,20260926,2,10,4-2-3,249.7
2026-09-26 15:08:59,20260926,2,10,4-2-5,71.9
2026-09-26 15:08:59,20260926,2,10,4-2-6,118.1
2026-09-26 15:08:59,20260926,2,10,4-3-1,263.4
2026-09-26 15:08:59,20260926,2,10,4-3-2,358.9
2026-09-26 15:08:59,20260926,2,10,4-3-5,341.8
2026-09-26 15:08:59,20260926,2,10,4-3-6,416.1
2026-09-26 15:08:59,20260926,2,10,4-5-1,39.1
2026-09-26 15:08:59,20260926,2,10,4-5-2,59.8
2026-09-26 15:08:59,20260926,2,10,4-5-3,190.1
2026-09-26 15:08:59,20260926,2,10,4-5-6,39.5
2026-09-26 15:08:59,20260926,2,10,4-6-1,59.8
2026-09-26 15:08:59,20260926,2,10,4-6-2,104.8
2026-09-26 15:08:59,20260926,2,10,4-6-3,233.4
2026-09-26 15:08:59,20260926,2,10,4-6-5,51.6
2026-09-26 15:08:59,20260926,2,10,5-1-2,67.7
2026-09-26 15:08:59,20260926,2,10,5-1-3,178.3
2026-09-26 15:08:59,20260926,2,10,5-1-4,59.5
2026-09-26 15:08:59,20260926,2,10,5-1-6,80.6
2026-09-26 15:08:59,20260926,2,10,5-2-1,99.0
2026-09-26 15:08:59,20260926,2,10,5-2-3,231.5
2026-09-26 15:08:59,20260926,2,10,5-2-4,140.0
2026-09-26 15:08:59,20260926,2,10,5-2-6,127.0
2026-09-26 15:08:59,20260926,2,10,5-3-1,270.9
2026-09-26 15:08:59,20260926,2,10,5-3-2,293.0
2026-09-26 15:08:59,20260926,2,10,5-3-4,441.8
2026-09-26 15:08:59,20260926,2,10,5-3-6,354.5
2026-09-26 15:08:59,20260926,2,10,5-4-1,68.2
2026-09-26 15:08:59,20260926,2,10,5-4-2,145.0
2026-09-26 15:08:59,20260926,2,10,5-4-3,441.8
2026-09-26 15:08:59,20260926,2,10,5-4-6,80.4
2026-09-26 15:08:59,20260926,2,10,5-6-1,120.1
2026-09-26 15:08:59,20260926,2,10,5-6-2,188.9
2026-09-26 15:08:59,20260926,2,10,5-6-3,393.3
2026-09-26 15:08:59,20260926,2,10,5-6-4,113.5
2026-09-26 15:08:59,20260926,2,10,6-1-2,184.0
2026-09-26 15:08:59,20260926,2,10,6-1-3,404.4
2026-09-26 15:08:59,20260926,2,10,6-1-4,202.2
2026-09-26 15:08:59,20260926,2,10,6-1-5,186.4
2026-09-26 15:08:59,20260926,2,10,6-2-1,256.4
2026-09-26 15:08:59,20260926,2,10,6-2-3,368.1
2026-09-26 15:08:59,20260926,2,10,6-2-4,398.8
2026-09-26 15:08:59,20260926,2,10,6-2-5,249.7
2026-09-26 15:08:59,20260926,2,10,6-3-1,844.6
2026-09-26 15:08:59,20260926,2,10,6-3-2,541.8
2026-09-26 15:08:59,20260926,2,10,6-3-4,522.1
2026-09-26 15:08:59,20260926,2,10,6-3-5,652.6
2026-09-26 15:08:59,20260926,2,10,6-4-1,215.9
2026-09-26 15:08:59,20260926,2,10,6-4-2,322.6
2026-09-26 15:08:59,20260926,2,10,6-4-3,563.0
2026-09-26 15:08:59,20260926,2,10,6-4-5,146.5
2026-09-26 15:08:59,20260926,2,10,6-5-1,139.4
2026-09-26 15:08:59,20260926,2,10,6-5-2,319.0
2026-09-26 15:08:59,20260926,2,10,6-5-3,552.2
2026-09-26 15:08:59,20260926,2,10,6-5-4,143.5
2026-09-26 15:11:25,20260926,3,10,1-2-3,27.3
2026-09-26 15:11:25,20260926,3,10,1-2-4,41.5
2026-09-26 15:11:25,20260926,3,10,1-2-5,43.5
2026-09-26 15:11:25,20260926,3,10,1-2-6,43.1
2026-09-26 15:11:25,20260926,3,10,1-3-2,18.7
2026-09-26 15:11:25,20260926,3,10,1-3-4,19.3
2026-09-26 15:11:25,20260926,3,10,1-3-5,15.7
2026-09-26 15:11:25,20260926,3,10,1-3-6,22.6
2026-09-26 15:11:25,20260926,3,10,1-4-2,38.3
2026-09-26 15:11:25,20260926,3,10,1-4-3,30.1
2026-09-26 15:11:25,20260926,3,10,1-4-5,49.1
2026-09-26 15:11:25,20260926,3,10,1-4-6,51.9
2026-09-26 15:11:25,20260926,3,10,1-5-2,41.7
2026-09-26 15:11:25,20260926,3,10,1-5-3,33.1
2026-09-26 15:11:25,20260926,3,10,1-5-4,47.6
2026-09-26 15:11:25,20260926,3,10,1-5-6,32.0
2026-09-26 15:11:25,20260926,3,10,1-6-2,70.0
2026-09-26 15:11:25,20260926,3,10,1-6-3,77.1
2026-09-26 15:11:25,20260926,3,10,1-6-4,101.6
2026-09-26 15:11:25,20260926,3,10,1-6-5,69.8
2026-09-26 15:11:25,20260926,3,10,2-1-3,56.1
2026-09-26 15:11:25,20260926,3,10,2-1-4,89.0
2026-09-26 15:11:25,20260926,3,10,2-1-5,93.1
2026-09-26 15:11:25,20260926,3,10,2-1-6,102.0
2026-09-26 15:11:25,20260926,3,10,2-3-1,98.3
2026-09-26 15:11:25,20260926,3,10,2-3-4,93.4
2026-09-26 15:11:25,20260926,3,10,2-3-5,72.5
2026-09-26 15:11:25,20260926,3,10,2-3-6,195.9
2026-09-26 15:11:25,20260926,3,10,2-4-1,131.3
2026-09-26 15:11:25,20260926,3,10,2-4-3,213.1
2026-09-26 15:11:25,20260926,3,10,2-4-5,150.9
2026-09-26 15:11:25,20260926,3,10,2-4-6,267.0
2026-09-26 15:11:25,20260926,3,10,2-5-1,116.8
2026-09-26 15:11:25,20260926,3,10,2-5-3,54.9
2026-09-26 15:11:25,20260926,3,10,2-5-4,229.2
2026-09-26 15:11:25,20260926,3,10,2-5-6,119.1
2026-09-26 15:11:25,20260926,3,10,2-6-1,202.4
2026-09-26 15:11:25,20260926,3,10,2-6-3,279.3
2026-09-26 15:11:25,20260926,3,10,2-6-4,379.6
2026-09-26 15:11:25,20260926,3,10,2-6-5,211.2
2026-09-26 15:11:25,20260926,3,10,3-1-2,39.7
2026-09-26 15:11:25,20260926,3,10,3-1-4,40.0
2026-09-26 15:11:25,20260926,3,10,3-1-5,31.5
2026-09-26 15:11:25,20260926,3,10,3-1-6,45.4
2026-09-26 15:11:25,20260926,3,10,3-2-1,92.0
2026-09-26 15:11:25,20260926,3,10,3-2-4,120.2
2026-09-26 15:11:25,20260926,3,10,3-2-5,74.9
2026-09-26 15:11:25,20260926,3,10,3-2-6,138.0
2026-09-26 15:11:25,20260926,3,10,3-4-1,66.9
2026-09-26 15:11:25,20260926,3,10,3-4-2,122.1
2026-09-26 15:11:25,20260926,3,10,3-4-5,158.8
2026-09-26 15:11:25,20260926,3,10,3-4-6,130.6
2026-09-26 15:11:25,20260926,3,10,3-5-1,60.7
2026-09-26 15:11:25,20260926,3,10,3-5-2,54.9
2026-09-26 15:11:25,20260926,3,10,3-5-4,123.9
2026-09-26 15:11:25,20260926,3,10,3-5-6,73.1
2026-09-26 15:11:25,20260926,3,10,3-6-1,104.2
2026-09-26 15:11:25,20260926,3,10,3-6-2,303.7
2026-09-26 15:11:25,20260926,3,10,3-6-4,261.2
2026-09-26 15:11:25,20260926,3,10,3-6-5,144.6
2026-09-26 15:11:25,20260926,3,10,4-1-2,148.1
2026-09-26 15:11:25,20260926,3,10,4-1-3,78.3
2026-09-26 15:11:25,20260926,3,10,4-1-5,121.4
2026-09-26 15:11:25,20260926,3,10,4-1-6,149.0
2026-09-26 15:11:25,20260926,3,10,4-2-1,273.0
2026-09-26 15:11:25,20260926,3,10,4-2-3,292.7
2026-09-26 15:11:25,20260926,3,10,4-2-5,319.7
2026-09-26 15:11:25,20260926,3,10,4-2-6,342.2
2026-09-26 15:11:25,20260926,3,10,4-3-1,70.4
2026-09-26 15:11:25,20260926,3,10,4-3-2,332.8
2026-09-26 15:11:25,20260926,3,10,4-3-5,202.4
2026-09-26 15:11:25,20260926,3,10,4-3-6,311.5
2026-09-26 15:11:25,20260926,3,10,4-5-1,135.7
2026-09-26 15:11:25,20260926,3,10,4-5-2,224.9
2026-09-26 15:11:25,20260926,3,10,4-5-3,178.6
2026-09-26 15:11:25,20260926,3,10,4-5-6,117.3
2026-09-26 15:11:25,20260926,3,10,4-6-1,289.2
2026-09-26 15:11:25,20260926,3,10,4-6-2,337.4
2026-09-26 15:11:25,20260926,3,10,4-6-3,467.2
2026-09-26 15:11:25,20260926,3,10,4-6-5,227.0
2026-09-26 15:11:25,20260926,3,10,5-1-2,126.5
2026-09-26 15:11:25,20260926,3,10,5-1-3,60.7
2026-09-26 15:11:25,20260926,3,10,5-1-4,148.1
2026-09-26 15:11:25,20260926,3,10,5-1-6,70.8
2026-09-26 15:11:25,20260926,3,10,5-2-1,220.9
2026-09-26 15:11:25,20260926,3,10,5-2-3,189.8
2026-09-26 15:11:25,20260926,3,10,5-2-4,299.9
2026-09-26 15:11:25,20260926,3,10,5-2-6,255.7
2026-09-26 15:11:25,20260926,3,10,5-3-1,84.6
2026-09-26 15:11:25,20260926,3,10,5-3-2,120.2
2026-09-26 15:11:25,20260926,3,10,5-3-4,258.5
2026-09-26 15:11:25,20260926,3,10,5-3-6,107.5
2026-09-26 15:11:25,20260926,3,10,5-4-1,273.0
2026-09-26 15:11:25,20260926,3,10,5-4-2,222.9
2026-09-26 15:11:25,20260926,3,10,5-4-3,332.8
2026-09-26 15:11:25,20260926,3,10,5-4-6,224.9
2026-09-26 15:11:25,20260926,3,10,5-6-1,116.8
2026-09-26 15:11:25,20260926,3,10,5-6-2,231.4
2026-09-26 15:11:25,20260926,3,10,5-6-3,145.5
2026-09-26 15:11:25,20260926,3,10,5-6-4,233.6
2026-09-26 15:11:25,20260926,3,10,6-1-2,200.8
2026-09-26 15:11:25,20260926,3,10,6-1-3,134.9
2026-09-26 15:11:25,20260926,3,10,6-1-4,303.7
2026-09-26 15:11:25,20260926,3,10,6-1-5,126.5
2026-09-26 15:11:25,20260926,3,10,6-2-1,328.3
2026-09-26 15:11:25,20260926,3,10,6-2-3,433.9
2026-09-26 15:11:25,20260926,3,10,6-2-4,607.4
2026-09-26 15:11:25,20260926,3,10,6-2-5,352.1
2026-09-26 15:11:25,20260926,3,10,6-3-1,135.7
2026-09-26 15:11:25,20260926,3,10,6-3-2,656.7
2026-09-26 15:11:25,20260926,3,10,6-3-4,426.3
2026-09-26 15:11:25,20260926,3,10,6-3-5,199.1
2026-09-26 15:11:25,20260926,3,10,6-4-1,418.9
2026-09-26 15:11:25,20260926,3,10,6-4-2,607.4
2026-09-26 15:11:25,20260926,3,10,6-4-3,623.0
2026-09-26 15:11:25,20260926,3,10,6-4-5,261.2
2026-09-26 15:11:25,20260926,3,10,6-5-1,125.9
2026-09-26 15:11:25,20260926,3,10,6-5-2,347.1
2026-09-26 15:11:25,20260926,3,10,6-5-3,120.8
2026-09-26 15:11:25,20260926,3,10,6-5-4,231.4
2026-09-26 15:11:34,20260926,19,1,1-2-3,6.5
2026-09-26 15:11:34,20260926,19,1,1-2-4,37.9
2026-09-26 15:11:34,20260926,19,1,1-2-5,45.7
2026-09-26 15:11:34,20260926,19,1,1-2-6,30.6
2026-09-26 15:11:34,20260926,19,1,1-3-2,10.3
2026-09-26 15:11:34,20260926,19,1,1-3-4,44.9
2026-09-26 15:11:34,20260926,19,1,1-3-5,25.7
2026-09-26 15:11:34,20260926,19,1,1-3-6,31.6
2026-09-26 15:11:34,20260926,19,1,1-4-2,53.8
2026-09-26 15:11:34,20260926,19,1,1-4-3,78.5
2026-09-26 15:11:34,20260926,19,1,1-4-5,78.1
2026-09-26 15:11:34,20260926,19,1,1-4-6,111.4
2026-09-26 15:11:34,20260926,19,1,1-5-2,77.2
2026-09-26 15:11:34,20260926,19,1,1-5-3,49.5
2026-09-26 15:11:34,20260926,19,1,1-5-4,141.7
2026-09-26 15:11:34,20260926,19,1,1-5-6,153.7
2026-09-26 15:11:34,20260926,19,1,1-6-2,53.3
2026-09-26 15:11:34,20260926,19,1,1-6-3,55.9
2026-09-26 15:11:34,20260926,19,1,1-6-4,149.0
2026-09-26 15:11:34,20260926,19,1,1-6-5,158.7
2026-09-26 15:11:34,20260926,19,1,2-1-3,21.2
2026-09-26 15:11:34,20260926,19,1,2-1-4,54.2
2026-09-26 15:11:34,20260926,19,1,2-1-5,67.6
2026-09-26 15:11:34,20260926,19,1,2-1-6,43.8
2026-09-26 15:11:34,20260926,19,1,2-3-1,40.7
2026-09-26 15:11:34,20260926,19,1,2-3-4,87.9
2026-09-26 15:11:34,20260926,19,1,2-3-5,77.6
2026-09-26 15:11:34,20260926,19,1,2-3-6,45.2
2026-09-26 15:11:34,20260926,19,1,2-4-1,97.3
2026-09-26 15:11:34,20260926,19,1,2-4-3,135.2
2026-09-26 15:11:34,20260926,19,1,2-4-5,180.3
2026-09-26 15:11:34,20260926,19,1,2-4-6,108.1
2026-09-26 15:11:34,20260926,19,1,2-5-1,137.7
2026-09-26 15:11:34,20260926,19,1,2-5-3,139.0
2026-09-26 15:11:34,20260926,19,1,2-5-4,205.7
2026-09-26 15:11:34,20260926,19,1,2-5-6,70.8
2026-09-26 15:11:34,20260926,19,1,2-6-1,99.3
2026-09-26 15:11:34,20260926,19,1,2-6-3,75.2
2026-09-26 15:11:34,20260926,19,1,2-6-4,123.7
2026-09-26 15:11:34,20260926,19,1,2-6-5,82.9
2026-09-26 15:11:34,20260926,19,1,3-1-2,46.8
2026-09-26 15:11:34,20260926,19,1,3-1-4,76.4
2026-09-26 15:11:34,20260926,19,1,3-1-5,33.4
2026-09-26 15:11:34,20260926,19,1,3-1-6,54.6
2026-09-26 15:11:34,20260926,19,1,3-2-1,54.6
2026-09-26 15:11:34,20260926,19,1,3-2-4,96.7
2026-09-26 15:11:34,20260926,19,1,3-2-5,84.4
2026-09-26 15:11:34,20260926,19,1,3-2-6,54.2
2026-09-26 15:11:34,20260926,19,1,3-4-1,180.3
2026-09-26 15:11:34,20260926,19,1,3-4-2,169.8
2026-09-26 15:11:34,20260926,19,1,3-4-5,228.1
2026-09-26 15:11:34,20260926,19,1,3-4-6,173.8
2026-09-26 15:11:34,20260926,19,1,3-5-1,74.1
2026-09-26 15:11:34,20260926,19,1,3-5-2,108.9
2026-09-26 15:11:34,20260926,19,1,3-5-4,217.9
2026-09-26 15:11:34,20260926,19,1,3-5-6,119.7
2026-09-26 15:11:34,20260926,19,1,3-6-1,102.1
2026-09-26 15:11:34,20260926,19,1,3-6-2,109.8
2026-09-26 15:11:34,20260926,19,1,3-6-4,200.0
2026-09-26 15:11:34,20260926,19,1,3-6-5,192.1
2026-09-26 15:11:34,20260926,19,1,4-1-2,167.8
2026-09-26 15:11:34,20260926,19,1,4-1-3,184.8
2026-09-26 15:11:34,20260926,19,1,4-1-5,153.7
2026-09-26 15:11:34,20260926,19,1,4-1-6,211.6
2026-09-26 15:11:34,20260926,19,1,4-2-1,167.8
2026-09-26 15:11:34,20260926,19,1,4-2-3,165.9
2026-09-26 15:11:34,20260926,19,1,4-2-5,228.1
2026-09-26 15:11:34,20260926,19,1,4-2-6,158.7
2026-09-26 15:11:34,20260926,19,1,4-3-1,239.4
2026-09-26 15:11:34,20260926,19,1,4-3-2,310.7
2026-09-26 15:11:34,20260926,19,1,4-3-5,286.3
2026-09-26 15:11:34,20260926,19,1,4-3-6,310.7
2026-09-26 15:11:34,20260926,19,1,4-5-1,214.7
2026-09-26 15:11:34,20260926,19,1,4-5-2,331.9
2026-09-26 15:11:34,20260926,19,1,4-5-3,310.7
2026-09-26 15:11:34,20260926,19,1,4-5-6,304.2
2026-09-26 15:11:34,20260926,19,1,4-6-1,208.6
2026-09-26 15:11:34,20260926,19,1,4-6-2,178.1
2026-09-26 15:11:34,20260926,19,1,4-6-3,243.4
2026-09-26 15:11:34,20260926,19,1,4-6-5,384.3
2026-09-26 15:11:34,20260926,19,1,5-1-2,169.8
2026-09-26 15:11:34,20260926,19,1,5-1-3,75.2
2026-09-26 15:11:34,20260926,19,1,5-1-4,251.8
2026-09-26 15:11:34,20260926,19,1,5-1-6,211.6
2026-09-26 15:11:34,20260926,19,1,5-2-1,205.7
2026-09-26 15:11:34,20260926,19,1,5-2-3,224.6
2026-09-26 15:11:34,20260926,19,1,5-2-4,310.7
2026-09-26 15:11:34,20260926,19,1,5-2-6,239.4
2026-09-26 15:11:34,20260926,19,1,5-3-1,103.5
2026-09-26 15:11:34,20260926,19,1,5-3-2,275.5
2026-09-26 15:11:34,20260926,19,1,5-3-4,374.4
2026-09-26 15:11:34,20260926,19,1,5-3-6,429.5
2026-09-26 15:11:34,20260926,19,1,5-4-1,324.5
2026-09-26 15:11:34,20260926,19,1,5-4-2,429.5
2026-09-26 15:11:34,20260926,19,1,5-4-3,384.3
2026-09-26 15:11:34,20260926,19,1,5-4-6,347.7
2026-09-26 15:11:34,20260926,19,1,5-6-1,317.4
2026-09-26 15:11:34,20260926,19,1,5-6-2,275.5
2026-09-26 15:11:34,20260926,19,1,5-6-3,221.2
2026-09-26 15:11:34,20260926,19,1,5-6-4,405.6
2026-09-26 15:11:34,20260926,19,1,6-1-2,146.0
2026-09-26 15:11:34,20260926,19,1,6-1-3,180.3
2026-09-26 15:11:34,20260926,19,1,6-1-4,292.0
2026-09-26 15:11:34,20260926,19,1,6-1-5,280.8
2026-09-26 15:11:34,20260926,19,1,6-2-1,160.4
2026-09-26 15:11:34,20260926,19,1,6-2-3,162.2
2026-09-26 15:11:34,20260926,19,1,6-2-4,304.2
2026-09-26 15:11:34,20260926,19,1,6-2-5,339.6
2026-09-26 15:11:34,20260926,19,1,6-3-1,205.7
2026-09-26 15:11:34,20260926,19,1,6-3-2,187.2
2026-09-26 15:11:34,20260926,19,1,6-3-4,486.8
2026-09-26 15:11:34,20260926,19,1,6-3-5,540.9
2026-09-26 15:11:34,20260926,19,1,6-4-1,471.1
2026-09-26 15:11:34,20260926,19,1,6-4-2,456.3
2026-09-26 15:11:34,20260926,19,1,6-4-3,663.8
2026-09-26 15:11:34,20260926,19,1,6-4-5,584.1
2026-09-26 15:11:34,20260926,19,1,6-5-1,298.0
2026-09-26 15:11:34,20260926,19,1,6-5-2,347.7
2026-09-26 15:11:34,20260926,19,1,6-5-3,324.5
2026-09-26 15:11:34,20260926,19,1,6-5-4,365.1
2026-09-26 15:16:10,20260926,20,2,1-2-3,26.9
2026-09-26 15:16:10,20260926,20,2,1-2-4,17.8
2026-09-26 15:16:10,20260926,20,2,1-2-5,26.9
2026-09-26 15:16:10,20260926,20,2,1-2-6,43.4
2026-09-26 15:16:10,20260926,20,2,1-3-2,36.2
2026-09-26 15:16:10,20260926,20,2,1-3-4,19.4
2026-09-26 15:16:10,20260926,20,2,1-3-5,25.1
2026-09-26 15:16:10,20260926,20,2,1-3-6,40.5
2026-09-26 15:16:10,20260926,20,2,1-4-2,17.1
2026-09-26 15:16:10,20260926,20,2,1-4-3,23.7
2026-09-26 15:16:10,20260926,20,2,1-4-5,10.1
2026-09-26 15:16:10,20260926,20,2,1-4-6,16.5
2026-09-26 15:16:10,20260926,20,2,1-5-2,30.8
2026-09-26 15:16:10,20260926,20,2,1-5-3,34.8
2026-09-26 15:16:10,20260926,20,2,1-5-4,14.6
2026-09-26 15:16:10,20260926,20,2,1-5-6,22.0
2026-09-26 15:16:10,20260926,20,2,1-6-2,77.0
2026-09-26 15:16:10,20260926,20,2,1-6-3,86.8
2026-09-26 15:16:10,20260926,20,2,1-6-4,46.4
2026-09-26 15:16:10,20260926,20,2,1-6-5,43.5
2026-09-26 15:16:10,20260926,20,2,2-1-3,109.9
2026-09-26 15:16:10,20260926,20,2,2-1-4,93.7
2026-09-26 15:16:10,20260926,20,2,2-1-5,136.4
2026-09-26 15:16:10,20260926,20,2,2-1-6,176.4
2026-09-26 15:16:10,20260926,20,2,2-3-1,198.2
2026-09-26 15:16:10,20260926,20,2,2-3-4,229.1
2026-09-26 15:16:10,20260926,20,2,2-3-5,251.9
2026-09-26 15:16:10,20260926,20,2,2-3-6,506.9
2026-09-26 15:16:10,20260926,20,2,2-4-1,179.1
2026-09-26 15:16:10,20260926,20,2,2-4-3,267.2
2026-09-26 15:16:10,20260926,20,2,2-4-5,293.4
2026-09-26 15:16:10,20260926,20,2,2-4-6,312.0
2026-09-26 15:16:10,20260926,20,2,2-5-1,267.2
2026-09-26 15:16:10,20260926,20,2,2-5-3,255.7
2026-09-26 15:16:10,20260926,20,2,2-5-4,389.0
2026-09-26 15:16:10,20260926,20,2,2-5-6,408.0
2026-09-26 15:16:10,20260926,20,2,2-6-1,418.2
2026-09-26 15:16:10,20260926,20,2,2-6-3,721.0
2026-09-26 15:16:10,20260926,20,2,2-6-4,572.8
2026-09-26 15:16:10,20260926,20,2,2-6-5,767.3
2026-09-26 15:16:10,20260926,20,2,3-1-2,111.0
2026-09-26 15:16:10,20260926,20,2,3-1-4,106.2
2026-09-26 15:16:10,20260926,20,2,3-1-5,84.6
2026-09-26 15:16:10,20260926,20,2,3-1-6,181.4
2026-09-26 15:16:10,20260926,20,2,3-2-1,243.1
2026-09-26 15:16:10,20260926,20,2,3-2-4,223.0
2026-09-26 15:16:10,20260926,20,2,3-2-5,203.0
2026-09-26 15:16:10,20260926,20,2,3-2-6,349.9
2026-09-26 15:16:10,20260926,20,2,3-4-1,189.6
2026-09-26 15:16:10,20260926,20,2,3-4-2,264.6
2026-09-26 15:16:10,20260926,20,2,3-4-5,237.6
2026-09-26 15:16:10,20260926,20,2,3-4-6,273.3
2026-09-26 15:16:10,20260926,20,2,3-5-1,184.6
2026-09-26 15:16:10,20260926,20,2,3-5-2,185.4
2026-09-26 15:16:10,20260926,20,2,3-5-4,277.8
2026-09-26 15:16:10,20260926,20,2,3-5-6,333.2
2026-09-26 15:16:10,20260926,20,2,3-6-1,519.5
2026-09-26 15:16:10,20260926,20,2,3-6-2,568.9
2026-09-26 15:16:10,20260926,20,2,3-6-4,516.3
2026-09-26 15:16:10,20260926,20,2,3-6-5,589.0
2026-09-26 15:16:10,20260926,20,2,4-1-2,59.1
2026-09-26 15:16:10,20260926,20,2,4-1-3,106.2
2026-09-26 15:16:10,20260926,20,2,4-1-5,32.8
2026-09-26 15:16:10,20260926,20,2,4-1-6,62.7
2026-09-26 15:16:10,20260926,20,2,4-2-1,173.8
2026-09-26 15:16:10,20260926,20,2,4-2-3,341.3
2026-09-26 15:16:10,20260926,20,2,4-2-5,271.5
2026-09-26 15:16:10,20260926,20,2,4-2-6,238.9
2026-09-26 15:16:10,20260926,20,2,4-3-1,218.3
2026-09-26 15:16:10,20260926,20,2,4-3-2,390.8
2026-09-26 15:16:10,20260926,20,2,4-3-5,280.6
2026-09-26 15:16:10,20260926,20,2,4-3-6,270.6
2026-09-26 15:16:10,20260926,20,2,4-5-1,49.2
2026-09-26 15:16:10,20260926,20,2,4-5-2,147.7
2026-09-26 15:16:10,20260926,20,2,4-5-3,186.7
2026-09-26 15:16:10,20260926,20,2,4-5-6,63.8
2026-09-26 15:16:10,20260926,20,2,4-6-1,127.8
2026-09-26 15:16:10,20260926,20,2,4-6-2,259.7
2026-09-26 15:16:10,20260926,20,2,4-6-3,396.4
2026-09-26 15:16:10,20260926,20,2,4-6-5,117.6
2026-09-26 15:16:10,20260926,20,2,5-1-2,93.8
2026-09-26 15:16:10,20260926,20,2,5-1-3,94.9
2026-09-26 15:16:10,20260926,20,2,5-1-4,56.6
2026-09-26 15:16:10,20260926,20,2,5-1-6,57.8
2026-09-26 15:16:10,20260926,20,2,5-2-1,245.2
2026-09-26 15:16:10,20260926,20,2,5-2-3,292.4
2026-09-26 15:16:10,20260926,20,2,5-2-4,352.9
2026-09-26 15:16:10,20260926,20,2,5-2-6,256.5
2026-09-26 15:16:10,20260926,20,2,5-3-1,212.8
2026-09-26 15:16:10,20260926,20,2,5-3-2,295.5
2026-09-26 15:16:10,20260926,20,2,5-3-4,404.0
2026-09-26 15:16:10,20260926,20,2,5-3-6,420.3
2026-09-26 15:16:10,20260926,20,2,5-4-1,73.8
2026-09-26 15:16:10,20260926,20,2,5-4-2,233.6
2026-09-26 15:16:10,20260926,20,2,5-4-3,271.5
2026-09-26 15:16:10,20260926,20,2,5-4-6,93.4
2026-09-26 15:16:10,20260926,20,2,5-6-1,111.3
2026-09-26 15:16:10,20260926,20,2,5-6-2,244.5
2026-09-26 15:16:10,20260926,20,2,5-6-3,348.5
2026-09-26 15:16:10,20260926,20,2,5-6-4,156.0
2026-09-26 15:16:10,20260926,20,2,6-1-2,305.2
2026-09-26 15:16:10,20260926,20,2,6-1-3,452.1
2026-09-26 15:16:10,20260926,20,2,6-1-4,260.5
2026-09-26 15:16:10,20260926,20,2,6-1-5,235.6
2026-09-26 15:16:10,20260926,20,2,6-2-1,539.6
2026-09-26 15:16:10,20260926,20,2,6-2-3,836.4
2026-09-26 15:16:10,20260926,20,2,6-2-4,828.1
2026-09-26 15:16:10,20260926,20,2,6-2-5,691.2
2026-09-26 15:16:10,20260926,20,2,6-3-1,812.0
2026-09-26 15:16:10,20260926,20,2,6-3-2,919.1
2026-09-26 15:16:10,20260926,20,2,6-3-4,753.5
2026-09-26 15:16:10,20260926,20,2,6-3-5,899.3
2026-09-26 15:16:10,20260926,20,2,6-4-1,349.9
2026-09-26 15:16:10,20260926,20,2,6-4-2,697.0
2026-09-26 15:16:10,20260926,20,2,6-4-3,746.8
2026-09-26 15:16:10,20260926,20,2,6-4-5,299.7
2026-09-26 15:16:10,20260926,20,2,6-5-1,261.3
2026-09-26 15:16:10,20260926,20,2,6-5-2,459.5
2026-09-26 15:16:10,20260926,20,2,6-5-3,606.1
2026-09-26 15:16:10,20260926,20,2,6-5-4,270.6
2026-09-26 15:20:43,20260926,13,11,1-2-3,6.3
2026-09-26 15:20:43,20260926,13,11,1-2-4,6.4
2026-09-26 15:20:43,20260926,13,11,1-2-5,18.7
2026-09-26 15:20:43,20260926,13,11,1-2-6,11.4
2026-09-26 15:20:43,20260926,13,11,1-3-2,31.4
2026-09-26 15:20:43,20260926,13,11,1-3-4,53.2
2026-09-26 15:20:43,20260926,13,11,1-3-5,141.7
2026-09-26 15:20:43,20260926,13,11,1-3-6,119.2
2026-09-26 15:20:43,20260926,13,11,1-4-2,33.4
2026-09-26 15:20:43,20260926,13,11,1-4-3,79.4
2026-09-26 15:20:43,20260926,13,11,1-4-5,116.5
2026-09-26 15:20:43,20260926,13,11,1-4-6,77.2
2026-09-26 15:20:43,20260926,13,11,1-5-2,79.2
2026-09-26 15:20:43,20260926,13,11,1-5-3,178.0
2026-09-26 15:20:43,20260926,13,11,1-5-4,230.1
2026-09-26 15:20:43,20260926,13,11,1-5-6,233.1
2026-09-26 15:20:43,20260926,13,11,1-6-2,66.5
2026-09-26 15:20:43,20260926,13,11,1-6-3,182.5
2026-09-26 15:20:43,20260926,13,11,1-6-4,143.4
2026-09-26 15:20:43,20260926,13,11,1-6-5,256.2
2026-09-26 15:20:43,20260926,13,11,2-1-3,8.4
2026-09-26 15:20:43,20260926,13,11,2-1-4,8.3
2026-09-26 15:20:43,20260926,13,11,2-1-5,22.6
2026-09-26 15:20:43,20260926,13,11,2-1-6,12.3
2026-09-26 15:20:43,20260926,13,11,2-3-1,37.8
2026-09-26 15:20:43,20260926,13,11,2-3-4,68.3
2026-09-26 15:20:43,20260926,13,11,2-3-5,137.9
2026-09-26 15:20:43,20260926,13,11,2-3-6,138.9
2026-09-26 15:20:43,20260926,13,11,2-4-1,36.8
2026-09-26 15:20:43,20260926,13,11,2-4-3,78.0
2026-09-26 15:20:43,20260926,13,11,2-4-5,121.6
2026-09-26 15:20:43,20260926,13,11,2-4-6,74.5
2026-09-26 15:20:43,20260926,13,11,2-5-1,133.3
2026-09-26 15:20:43,20260926,13,11,2-5-3,219.0
2026-09-26 15:20:43,20260926,13,11,2-5-4,207.6
2026-09-26 15:20:43,20260926,13,11,2-5-6,210.1
2026-09-26 15:20:43,20260926,13,11,2-6-1,70.1
2026-09-26 15:20:43,20260926,13,11,2-6-3,186.2
2026-09-26 15:20:43,20260926,13,11,2-6-4,142.2
2026-09-26 15:20:43,20260926,13,11,2-6-5,206.5
2026-09-26 15:20:43,20260926,13,11,3-1-2,175.4
2026-09-26 15:20:43,20260926,13,11,3-1-4,303.6
2026-09-26 15:20:43,20260926,13,11,3-1-5,211.3
2026-09-26 15:20:43,20260926,13,11,3-1-6,361.3
2026-09-26 15:20:43,20260926,13,11,3-2-1,197.4
2026-09-26 15:20:43,20260926,13,11,3-2-4,249.2
2026-09-26 15:20:43,20260926,13,11,3-2-5,201.8
2026-09-26 15:20:43,20260926,13,11,3-2-6,523.7
2026-09-26 15:20:43,20260926,13,11,3-4-1,547.5
2026-09-26 15:20:43,20260926,13,11,3-4-2,469.3
2026-09-26 15:20:43,20260926,13,11,3-4-5,1062.0
2026-09-26 15:20:43,20260926,13,11,3-4-6,547.5
2026-09-26 15:20:43,20260926,13,11,3-5-1,425.1
2026-09-26 15:20:43,20260926,13,11,3-5-2,357.8
2026-09-26 15:20:43,20260926,13,11,3-5-4,1338.0
2026-09-26 15:20:43,20260926,13,11,3-5-6,1032.0
2026-09-26 15:20:43,20260926,13,11,3-6-1,926.6
2026-09-26 15:20:43,20260926,13,11,3-6-2,1003.0
2026-09-26 15:20:43,20260926,13,11,3-6-4,1290.0
2026-09-26 15:20:43,20260926,13,11,3-6-5,2125.0
2026-09-26 15:20:43,20260926,13,11,4-1-2,112.2
2026-09-26 15:20:43,20260926,13,11,4-1-3,451.7
2026-09-26 15:20:43,20260926,13,11,4-1-5,271.7
2026-09-26 15:20:43,20260926,13,11,4-1-6,230.1
2026-09-26 15:20:43,20260926,13,11,4-2-1,164.2
2026-09-26 15:20:43,20260926,13,11,4-2-3,372.5
2026-09-26 15:20:43,20260926,13,11,4-2-5,317.0
2026-09-26 15:20:43,20260926,13,11,4-2-6,231.6
2026-09-26 15:20:43,20260926,13,11,4-3-1,785.6
2026-09-26 15:20:43,20260926,13,11,4-3-2,737.5
2026-09-26 15:20:43,20260926,13,11,4-3-5,1003.0
2026-09-26 15:20:43,20260926,13,11,4-3-6,840.4
2026-09-26 15:20:43,20260926,13,11,4-5-1,508.9
2026-09-26 15:20:43,20260926,13,11,4-5-2,555.9
2026-09-26 15:20:43,20260926,13,11,4-5-3,903.4
2026-09-26 15:20:43,20260926,13,11,4-5-6,555.9
2026-09-26 15:20:43,20260926,13,11,4-6-1,406.0
2026-09-26 15:20:43,20260926,13,11,4-6-2,415.3
2026-09-26 15:20:43,20260926,13,11,4-6-3,1165.0
2026-09-26 15:20:43,20260926,13,11,4-6-5,573.6
2026-09-26 15:20:43,20260926,13,11,5-1-2,306.2
2026-09-26 15:20:43,20260926,13,11,5-1-3,372.5
2026-09-26 15:20:43,20260926,13,11,5-1-4,531.4
2026-09-26 15:20:43,20260926,13,11,5-1-6,380.4
2026-09-26 15:20:43,20260926,13,11,5-2-1,425.1
2026-09-26 15:20:43,20260926,13,11,5-2-3,425.1
2026-09-26 15:20:43,20260926,13,11,5-2-4,488.3
2026-09-26 15:20:43,20260926,13,11,5-2-6,592.4
2026-09-26 15:20:43,20260926,13,11,5-3-1,573.6
2026-09-26 15:20:43,20260926,13,11,5-3-2,516.2
2026-09-26 15:20:43,20260926,13,11,5-3-4,1290.0
2026-09-26 15:20:43,20260926,13,11,5-3-6,1062.0
2026-09-26 15:20:43,20260926,13,11,5-4-1,1003.0
2026-09-26 15:20:43,20260926,13,11,5-4-2,903.4
2026-09-26 15:20:43,20260926,13,11,5-4-3,1902.0
2026-09-26 15:20:43,20260926,13,11,5-4-6,531.4
2026-09-26 15:20:43,20260926,13,11,5-6-1,785.6
2026-09-26 15:20:43,20260926,13,11,5-6-2,1003.0
2026-09-26 15:20:43,20260926,13,11,5-6-3,1003.0
2026-09-26 15:20:43,20260926,13,11,5-6-4,1062.0
2026-09-26 15:20:43,20260926,13,11,6-1-2,303.6
2026-09-26 15:20:43,20260926,13,11,6-1-3,623.0
2026-09-26 15:20:43,20260926,13,11,6-1-4,860.4
2026-09-26 15:20:43,20260926,13,11,6-1-5,1338.0
2026-09-26 15:20:43,20260926,13,11,6-2-1,376.4
2026-09-26 15:20:43,20260926,13,11,6-2-3,926.6
2026-09-26 15:20:43,20260926,13,11,6-2-4,803.0
2026-09-26 15:20:43,20260926,13,11,6-2-5,1571.0
2026-09-26 15:20:43,20260926,13,11,6-3-1,1129.0
2026-09-26 15:20:43,20260926,13,11,6-3-2,1445.0
2026-09-26 15:20:43,20260926,13,11,6-3-4,2125.0
2026-09-26 15:20:43,20260926,13,11,6-3-5,1902.0
2026-09-26 15:20:43,20260926,13,11,6-4-1,926.6
2026-09-26 15:20:43,20260926,13,11,6-4-2,951.0
2026-09-26 15:20:43,20260926,13,11,6-4-3,2007.0
2026-09-26 15:20:43,20260926,13,11,6-4-5,1445.0
2026-09-26 15:20:43,20260926,13,11,6-5-1,2258.0
2026-09-26 15:20:43,20260926,13,11,6-5-2,1445.0
2026-09-26 15:20:43,20260926,13,11,6-5-3,2409.0
2026-09-26 15:20:43,20260926,13,11,6-5-4,1165.0
2026-09-26 15:23:09,20260926,8,11,1-2-3,9.4
2026-09-26 15:23:09,20260926,8,11,1-2-4,18.9
2026-09-26 15:23:09,20260926,8,11,1-2-5,32.4
2026-09-26 15:23:09,20260926,8,11,1-2-6,65.4
2026-09-26 15:23:09,20260926,8,11,1-3-2,7.1
2026-09-26 15:23:09,20260926,8,11,1-3-4,6.5
2026-09-26 15:23:09,20260926,8,11,1-3-5,16.5
2026-09-26 15:23:09,20260926,8,11,1-3-6,43.2
2026-09-26 15:23:09,20260926,8,11,1-4-2,22.7
2026-09-26 15:23:09,20260926,8,11,1-4-3,17.1
2026-09-26 15:23:09,20260926,8,11,1-4-5,33.9
2026-09-26 15:23:09,20260926,8,11,1-4-6,53.6
2026-09-26 15:23:09,20260926,8,11,1-5-2,50.9
2026-09-26 15:23:09,20260926,8,11,1-5-3,43.1
2026-09-26 15:23:09,20260926,8,11,1-5-4,78.4
2026-09-26 15:23:09,20260926,8,11,1-5-6,106.2
2026-09-26 15:23:09,20260926,8,11,1-6-2,117.8
2026-09-26 15:23:09,20260926,8,11,1-6-3,134.1
2026-09-26 15:23:09,20260926,8,11,1-6-4,142.6
2026-09-26 15:23:09,20260926,8,11,1-6-5,203.5
2026-09-26 15:23:09,20260926,8,11,2-1-3,55.3
2026-09-26 15:23:09,20260926,8,11,2-1-4,105.0
2026-09-26 15:23:09,20260926,8,11,2-1-5,143.3
2026-09-26 15:23:09,20260926,8,11,2-1-6,342.4
2026-09-26 15:23:09,20260926,8,11,2-3-1,97.3
2026-09-26 15:23:09,20260926,8,11,2-3-4,180.7
2026-09-26 15:23:09,20260926,8,11,2-3-5,264.5
2026-09-26 15:23:09,20260926,8,11,2-3-6,606.3
2026-09-26 15:23:09,20260926,8,11,2-4-1,232.8
2026-09-26 15:23:09,20260926,8,11,2-4-3,242.5
2026-09-26 15:23:09,20260926,8,11,2-4-5,359.3
2026-09-26 15:23:09,20260926,8,11,2-4-6,409.9
2026-09-26 15:23:09,20260926,8,11,2-5-1,454.7
2026-09-26 15:23:09,20260926,8,11,2-5-3,323.3
2026-09-26 15:23:09,20260926,8,11,2-5-4,454.7
2026-09-26 15:23:09,20260926,8,11,2-5-6,709.8
2026-09-26 15:23:09,20260926,8,11,2-6-1,786.6
2026-09-26 15:23:09,20260926,8,11,2-6-3,549.1
2026-09-26 15:23:09,20260926,8,11,2-6-4,350.6
2026-09-26 15:23:09,20260926,8,11,2-6-5,909.5
2026-09-26 15:23:09,20260926,8,11,3-1-2,26.5
2026-09-26 15:23:09,20260926,8,11,3-1-4,20.5
2026-09-26 15:23:09,20260926,8,11,3-1-5,30.9
2026-09-26 15:23:09,20260926,8,11,3-1-6,88.4
2026-09-26 15:23:09,20260926,8,11,3-2-1,74.2
2026-09-26 15:23:09,20260926,8,11,3-2-4,95.1
2026-09-26 15:23:09,20260926,8,11,3-2-5,117.8
2026-09-26 15:23:09,20260926,8,11,3-2-6,269.4
2026-09-26 15:23:09,20260926,8,11,3-4-1,45.4
2026-09-26 15:23:09,20260926,8,11,3-4-2,83.3
2026-09-26 15:23:09,20260926,8,11,3-4-5,78.6
2026-09-26 15:23:09,20260926,8,11,3-4-6,150.8
2026-09-26 15:23:09,20260926,8,11,3-5-1,109.4
2026-09-26 15:23:09,20260926,8,11,3-5-2,162.5
2026-09-26 15:23:09,20260926,8,11,3-5-4,165.3
2026-09-26 15:23:09,20260926,8,11,3-5-6,300.0
2026-09-26 15:23:09,20260926,8,11,3-6-1,404.2
2026-09-26 15:23:09,20260926,8,11,3-6-2,428.0
2026-09-26 15:23:09,20260926,8,11,3-6-4,334.5
2026-09-26 15:23:09,20260926,8,11,3-6-5,434.3
2026-09-26 15:23:09,20260926,8,11,4-1-2,115.0
2026-09-26 15:23:09,20260926,8,11,4-1-3,71.1
2026-09-26 15:23:09,20260926,8,11,4-1-5,150.8
2026-09-26 15:23:09,20260926,8,11,4-1-6,259.8
2026-09-26 15:23:09,20260926,8,11,4-2-1,194.0
2026-09-26 15:23:09,20260926,8,11,4-2-3,236.6
2026-09-26 15:23:09,20260926,8,11,4-2-5,409.9
2026-09-26 15:23:09,20260926,8,11,4-2-6,368.4
2026-09-26 15:23:09,20260926,8,11,4-3-1,91.8
2026-09-26 15:23:09,20260926,8,11,4-3-2,246.6
2026-09-26 15:23:09,20260926,8,11,4-3-5,194.0
2026-09-26 15:23:09,20260926,8,11,4-3-6,377.9
2026-09-26 15:23:09,20260926,8,11,4-5-1,242.5
2026-09-26 15:23:09,20260926,8,11,4-5-2,447.7
2026-09-26 15:23:09,20260926,8,11,4-5-3,300.0
2026-09-26 15:23:09,20260926,8,11,4-5-6,398.6
2026-09-26 15:23:09,20260926,8,11,4-6-1,485.0
2026-09-26 15:23:09,20260926,8,11,4-6-2,359.3
2026-09-26 15:23:09,20260926,8,11,4-6-3,529.1
2026-09-26 15:23:09,20260926,8,11,4-6-5,559.7
2026-09-26 15:23:09,20260926,8,11,5-1-2,330.7
2026-09-26 15:23:09,20260926,8,11,5-1-3,176.3
2026-09-26 15:23:09,20260926,8,11,5-1-4,293.9
2026-09-26 15:23:09,20260926,8,11,5-1-6,409.9
2026-09-26 15:23:09,20260926,8,11,5-2-1,461.9
2026-09-26 15:23:09,20260926,8,11,5-2-3,319.8
2026-09-26 15:23:09,20260926,8,11,5-2-4,501.8
2026-09-26 15:23:09,20260926,8,11,5-2-6,559.7
2026-09-26 15:23:09,20260926,8,11,5-3-1,238.5
2026-09-26 15:23:09,20260926,8,11,5-3-2,404.2
2026-09-26 15:23:09,20260926,8,11,5-3-4,359.3
2026-09-26 15:23:09,20260926,8,11,5-3-6,606.3
2026-09-26 15:23:09,20260926,8,11,5-4-1,388.0
2026-09-26 15:23:09,20260926,8,11,5-4-2,529.1
2026-09-26 15:23:09,20260926,8,11,5-4-3,398.6
2026-09-26 15:23:09,20260926,8,11,5-4-6,538.9
2026-09-26 15:23:09,20260926,8,11,5-6-1,881.9
2026-09-26 15:23:09,20260926,8,11,5-6-2,1039.0
2026-09-26 15:23:09,20260926,8,11,5-6-3,831.5
2026-09-26 15:23:09,20260926,8,11,5-6-4,786.6
2026-09-26 15:23:09,20260926,8,11,6-1-2,477.1
2026-09-26 15:23:09,20260926,8,11,6-1-3,346.4
2026-09-26 15:23:09,20260926,8,11,6-1-4,501.8
2026-09-26 15:23:09,20260926,8,11,6-1-5,831.5
2026-09-26 15:23:09,20260926,8,11,6-2-1,593.9
2026-09-26 15:23:09,20260926,8,11,6-2-3,404.2
2026-09-26 15:23:09,20260926,8,11,6-2-4,661.4
2026-09-26 15:23:09,20260926,8,11,6-2-5,1322.0
2026-09-26 15:23:09,20260926,8,11,6-3-1,501.8
2026-09-26 15:23:09,20260926,8,11,6-3-2,676.8
2026-09-26 15:23:09,20260926,8,11,6-3-4,786.6
2026-09-26 15:23:09,20260926,8,11,6-3-5,1077.0
2026-09-26 15:23:09,20260926,8,11,6-4-1,582.0
2026-09-26 15:23:09,20260926,8,11,6-4-2,808.4
2026-09-26 15:23:09,20260926,8,11,6-4-3,1039.0
2026-09-26 15:23:09,20260926,8,11,6-4-5,1003.0
2026-09-26 15:23:09,20260926,8,11,6-5-1,1212.0
2026-09-26 15:23:09,20260926,8,11,6-5-2,1531.0
2026-09-26 15:23:09,20260926,8,11,6-5-3,1077.0
2026-09-26 15:23:09,20260926,8,11,6-5-4,692.9
2026-09-26 15:25:56,20260926,11,11,1-2-3,9.5
2026-09-26 15:25:56,20260926,11,11,1-2-4,4.5
2026-09-26 15:25:56,20260926,11,11,1-2-5,16.8
2026-09-26 15:25:56,20260926,11,11,1-2-6,18.3
2026-09-26 15:25:56,20260926,11,11,1-3-2,31.6
2026-09-26 15:25:56,20260926,11,11,1-3-4,31.5
2026-09-26 15:25:56,20260926,11,11,1-3-5,58.6
2026-09-26 15:25:56,20260926,11,11,1-3-6,78.5
2026-09-26 15:25:56,20260926,11,11,1-4-2,9.3
2026-09-26 15:25:56,20260926,11,11,1-4-3,27.3
2026-09-26 15:25:56,20260926,11,11,1-4-5,24.3
2026-09-26 15:25:56,20260926,11,11,1-4-6,23.0
2026-09-26 15:25:56,20260926,11,11,1-5-2,56.0
2026-09-26 15:25:56,20260926,11,11,1-5-3,96.1
2026-09-26 15:25:56,20260926,11,11,1-5-4,72.0
2026-09-26 15:25:56,20260926,11,11,1-5-6,124.0
2026-09-26 15:25:56,20260926,11,11,1-6-2,94.1
2026-09-26 15:25:56,20260926,11,11,1-6-3,150.4
2026-09-26 15:25:56,20260926,11,11,1-6-4,93.4
2026-09-26 15:25:56,20260926,11,11,1-6-5,156.8
2026-09-26 15:25:56,20260926,11,11,2-1-3,42.1
2026-09-26 15:25:56,20260926,11,11,2-1-4,16.4
2026-09-26 15:25:56,20260926,11,11,2-1-5,54.1
2026-09-26 15:25:56,20260926,11,11,2-1-6,55.9
2026-09-26 15:25:56,20260926,11,11,2-3-1,127.0
2026-09-26 15:25:56,20260926,11,11,2-3-4,201.6
2026-09-26 15:25:56,20260926,11,11,2-3-5,381.2
2026-09-26 15:25:56,20260926,11,11,2-3-6,462.5
2026-09-26 15:25:56,20260926,11,11,2-4-1,31.0
2026-09-26 15:25:56,20260926,11,11,2-4-3,149.0
2026-09-26 15:25:56,20260926,11,11,2-4-5,135.2
2026-09-26 15:25:56,20260926,11,11,2-4-6,90.3
2026-09-26 15:25:56,20260926,11,11,2-5-1,218.4
2026-09-26 15:25:56,20260926,11,11,2-5-3,411.1
2026-09-26 15:25:56,20260926,11,11,2-5-4,285.9
2026-09-26 15:25:56,20260926,11,11,2-5-6,390.6
2026-09-26 15:25:56,20260926,11,11,2-6-1,233.8
2026-09-26 15:25:56,20260926,11,11,2-6-3,641.8
2026-09-26 15:25:56,20260926,11,11,2-6-4,272.2
2026-09-26 15:25:56,20260926,11,11,2-6-5,683.6
2026-09-26 15:25:56,20260926,11,11,3-1-2,144.2
2026-09-26 15:25:56,20260926,11,11,3-1-4,145.6
2026-09-26 15:25:56,20260926,11,11,3-1-5,179.2
2026-09-26 15:25:56,20260926,11,11,3-1-6,267.6
2026-09-26 15:25:56,20260926,11,11,3-2-1,221.4
2026-09-26 15:25:56,20260926,11,11,3-2-4,273.4
2026-09-26 15:25:56,20260926,11,11,3-2-5,372.1
2026-09-26 15:25:56,20260926,11,11,3-2-6,452.5
2026-09-26 15:25:56,20260926,11,11,3-4-1,267.6
2026-09-26 15:25:56,20260926,11,11,3-4-2,300.9
2026-09-26 15:25:56,20260926,11,11,3-4-5,455.7
2026-09-26 15:25:56,20260926,11,11,3-4-6,480.1
2026-09-26 15:25:56,20260926,11,11,3-5-1,370.0
2026-09-26 15:25:56,20260926,11,11,3-5-2,491.4
2026-09-26 15:25:56,20260926,11,11,3-5-4,676.3
2026-09-26 15:25:56,20260926,11,11,3-5-6,731.3
2026-09-26 15:25:56,20260926,11,11,3-6-1,998.4
2026-09-26 15:25:56,20260926,11,11,3-6-2,911.5
2026-09-26 15:25:56,20260926,11,11,3-6-4,1048.0
2026-09-26 15:25:56,20260926,11,11,3-6-5,1186.0
2026-09-26 15:25:56,20260926,11,11,4-1-2,29.9
2026-09-26 15:25:56,20260926,11,11,4-1-3,111.9
2026-09-26 15:25:56,20260926,11,11,4-1-5,75.4
2026-09-26 15:25:56,20260926,11,11,4-1-6,85.2
2026-09-26 15:25:56,20260926,11,11,4-2-1,42.5
2026-09-26 15:25:56,20260926,11,11,4-2-3,240.0
2026-09-26 15:25:56,20260926,11,11,4-2-5,148.0
2026-09-26 15:25:56,20260926,11,11,4-2-6,112.5
2026-09-26 15:25:56,20260926,11,11,4-3-1,247.6
2026-09-26 15:25:56,20260926,11,11,4-3-2,319.2
2026-09-26 15:25:56,20260926,11,11,4-3-5,542.2
2026-09-26 15:25:56,20260926,11,11,4-3-6,507.2
2026-09-26 15:25:56,20260926,11,11,4-5-1,174.2
2026-09-26 15:25:56,20260926,11,11,4-5-2,204.2
2026-09-26 15:25:56,20260926,11,11,4-5-3,325.9
2026-09-26 15:25:56,20260926,11,11,4-5-6,168.6
2026-09-26 15:25:56,20260926,11,11,4-6-1,252.6
2026-09-26 15:25:56,20260926,11,11,4-6-2,244.7
2026-09-26 15:25:56,20260926,11,11,4-6-3,462.5
2026-09-26 15:25:56,20260926,11,11,4-6-5,322.5
2026-09-26 15:25:56,20260926,11,11,5-1-2,355.3
2026-09-26 15:25:56,20260926,11,11,5-1-3,338.1
2026-09-26 15:25:56,20260926,11,11,5-1-4,361.4
2026-09-26 15:25:56,20260926,11,11,5-1-6,427.8
2026-09-26 15:25:56,20260926,11,11,5-2-1,487.5
2026-09-26 15:25:56,20260926,11,11,5-2-3,691.2
2026-09-26 15:25:56,20260926,11,11,5-2-4,499.2
2026-09-26 15:25:56,20260926,11,11,5-2-6,786.2
2026-09-26 15:25:56,20260926,11,11,5-3-1,449.2
2026-09-26 15:25:56,20260926,11,11,5-3-2,861.6
2026-09-26 15:25:56,20260926,11,11,5-3-4,1283.0
2026-09-26 15:25:56,20260926,11,11,5-3-6,1462.0
2026-09-26 15:25:56,20260926,11,11,5-4-1,430.8
2026-09-26 15:25:56,20260926,11,11,5-4-2,472.9
2026-09-26 15:25:56,20260926,11,11,5-4-3,1084.0
2026-09-26 15:25:56,20260926,11,11,5-4-6,593.3
2026-09-26 15:25:56,20260926,11,11,5-6-1,1143.0
2026-09-26 15:25:56,20260926,11,11,5-6-2,1429.0
2026-09-26 15:25:56,20260926,11,11,5-6-3,2029.0
2026-09-26 15:25:56,20260926,11,11,5-6-4,1143.0
2026-09-26 15:25:56,20260926,11,11,6-1-2,433.7
2026-09-26 15:25:56,20260926,11,11,6-1-3,1084.0
2026-09-26 15:25:56,20260926,11,11,6-1-4,566.6
2026-09-26 15:25:56,20260926,11,11,6-1-5,967.6
2026-09-26 15:25:56,20260926,11,11,6-2-1,629.0
2026-09-26 15:25:56,20260926,11,11,6-2-3,1014.0
2026-09-26 15:25:56,20260926,11,11,6-2-4,757.8
2026-09-26 15:25:56,20260926,11,11,6-2-5,1367.0
2026-09-26 15:25:56,20260926,11,11,6-3-1,1066.0
2026-09-26 15:25:56,20260926,11,11,6-3-2,1283.0
2026-09-26 15:25:56,20260926,11,11,6-3-4,1397.0
2026-09-26 15:25:56,20260926,11,11,6-3-5,1906.0
2026-09-26 15:25:56,20260926,11,11,6-4-1,655.2
2026-09-26 15:25:56,20260926,11,11,6-4-2,767.0
2026-09-26 15:25:56,20260926,11,11,6-4-3,1906.0
2026-09-26 15:25:56,20260926,11,11,6-4-5,1143.0
2026-09-26 15:25:56,20260926,11,11,6-5-1,1534.0
2026-09-26 15:25:56,20260926,11,11,6-5-2,1497.0
2026-09-26 15:25:56,20260926,11,11,6-5-3,1612.0
2026-09-26 15:25:56,20260926,11,11,6-5-4,806.4
2026-09-26 15:28:21,20260926,9,11,1-2-3,28.5
2026-09-26 15:28:21,20260926,9,11,1-2-4,85.8
2026-09-26 15:28:21,20260926,9,11,1-2-5,121.6
2026-09-26 15:28:21,20260926,9,11,1-2-6,154.5
2026-09-26 15:28:21,20260926,9,11,1-3-2,8.8
2026-09-26 15:28:21,20260926,9,11,1-3-4,6.4
2026-09-26 15:28:21,20260926,9,11,1-3-5,8.8
2026-09-26 15:28:21,20260926,9,11,1-3-6,28.9
2026-09-26 15:28:21,20260926,9,11,1-4-2,80.9
2026-09-26 15:28:21,20260926,9,11,1-4-3,32.1
2026-09-26 15:28:21,20260926,9,11,1-4-5,72.6
2026-09-26 15:28:21,20260926,9,11,1-4-6,113.9
2026-09-26 15:28:21,20260926,9,11,1-5-2,107.5
2026-09-26 15:28:21,20260926,9,11,1-5-3,33.4
2026-09-26 15:28:21,20260926,9,11,1-5-4,66.3
2026-09-26 15:28:21,20260926,9,11,1-5-6,138.5
2026-09-26 15:28:21,20260926,9,11,1-6-2,202.1
2026-09-26 15:28:21,20260926,9,11,1-6-3,123.3
2026-09-26 15:28:21,20260926,9,11,1-6-4,292.2
2026-09-26 15:28:21,20260926,9,11,1-6-5,289.0
2026-09-26 15:28:21,20260926,9,11,2-1-3,106.2
2026-09-26 15:28:21,20260926,9,11,2-1-4,323.9
2026-09-26 15:28:21,20260926,9,11,2-1-5,463.5
2026-09-26 15:28:21,20260926,9,11,2-1-6,689.3
2026-09-26 15:28:21,20260926,9,11,2-3-1,208.4
2026-09-26 15:28:21,20260926,9,11,2-3-4,316.2
2026-09-26 15:28:21,20260926,9,11,2-3-5,349.1
2026-09-26 15:28:21,20260926,9,11,2-3-6,867.2
2026-09-26 15:28:21,20260926,9,11,2-4-1,640.0
2026-09-26 15:28:21,20260926,9,11,2-4-3,571.9
2026-09-26 15:28:21,20260926,9,11,2-4-5,840.1
2026-09-26 15:28:21,20260926,9,11,2-4-6,655.7
2026-09-26 15:28:21,20260926,9,11,2-5-1,672.0
2026-09-26 15:28:21,20260926,9,11,2-5-3,463.5
2026-09-26 15:28:21,20260926,9,11,2-5-4,746.7
2026-09-26 15:28:21,20260926,9,11,2-5-6,960.1
2026-09-26 15:28:21,20260926,9,11,2-6-1,927.0
2026-09-26 15:28:21,20260926,9,11,2-6-3,331.8
2026-09-26 15:28:21,20260926,9,11,2-6-4,610.9
2026-09-26 15:28:21,20260926,9,11,2-6-5,896.1
2026-09-26 15:28:21,20260926,9,11,3-1-2,15.2
2026-09-26 15:28:21,20260926,9,11,3-1-4,8.9
2026-09-26 15:28:21,20260926,9,11,3-1-5,9.9
2026-09-26 15:28:21,20260926,9,11,3-1-6,30.2
2026-09-26 15:28:21,20260926,9,11,3-2-1,158.1
2026-09-26 15:28:21,20260926,9,11,3-2-4,143.7
2026-09-26 15:28:21,20260926,9,11,3-2-5,154.5
2026-09-26 15:28:21,20260926,9,11,3-2-6,455.6
2026-09-26 15:28:21,20260926,9,11,3-4-1,23.0
2026-09-26 15:28:21,20260926,9,11,3-4-2,128.6
2026-09-26 15:28:21,20260926,9,11,3-4-5,31.9
2026-09-26 15:28:21,20260926,9,11,3-4-6,61.9
2026-09-26 15:28:21,20260926,9,11,3-5-1,35.2
2026-09-26 15:28:21,20260926,9,11,3-5-2,79.3
2026-09-26 15:28:21,20260926,9,11,3-5-4,57.5
2026-09-26 15:28:21,20260926,9,11,3-5-6,84.0
2026-09-26 15:28:21,20260926,9,11,3-6-1,227.8
2026-09-26 15:28:21,20260926,9,11,3-6-2,597.4
2026-09-26 15:28:21,20260926,9,11,3-6-4,277.1
2026-09-26 15:28:21,20260926,9,11,3-6-5,220.3
2026-09-26 15:28:21,20260926,9,11,4-1-2,395.3
2026-09-26 15:28:21,20260926,9,11,4-1-3,115.8
2026-09-26 15:28:21,20260926,9,11,4-1-5,246.6
2026-09-26 15:28:21,20260926,9,11,4-1-6,327.8
2026-09-26 15:28:21,20260926,9,11,4-2-1,655.7
2026-09-26 15:28:21,20260926,9,11,4-2-3,237.9
2026-09-26 15:28:21,20260926,9,11,4-2-5,655.7
2026-09-26 15:28:21,20260926,9,11,4-2-6,625.2
2026-09-26 15:28:21,20260926,9,11,4-3-1,110.1
2026-09-26 15:28:21,20260926,9,11,4-3-2,413.5
2026-09-26 15:28:21,20260926,9,11,4-3-5,171.2
2026-09-26 15:28:21,20260926,9,11,4-3-6,305.4
2026-09-26 15:28:21,20260926,9,11,4-5-1,222.1
2026-09-26 15:28:21,20260926,9,11,4-5-2,790.6
2026-09-26 15:28:21,20260926,9,11,4-5-3,302.0
2026-09-26 15:28:21,20260926,9,11,4-5-6,548.6
2026-09-26 15:28:21,20260926,9,11,4-6-1,726.5
2026-09-26 15:28:21,20260926,9,11,4-6-2,867.2
2026-09-26 15:28:21,20260926,9,11,4-6-3,768.1
2026-09-26 15:28:21,20260926,9,11,4-6-5,960.1
2026-09-26 15:28:21,20260926,9,11,5-1-2,384.0
2026-09-26 15:28:21,20260926,9,11,5-1-3,89.0
2026-09-26 15:28:21,20260926,9,11,5-1-4,242.1
2026-09-26 15:28:21,20260926,9,11,5-1-6,285.9
2026-09-26 15:28:21,20260926,9,11,5-2-1,448.0
2026-09-26 15:28:21,20260926,9,11,5-2-3,368.2
2026-09-26 15:28:21,20260926,9,11,5-2-4,584.4
2026-09-26 15:28:21,20260926,9,11,5-2-6,814.6
2026-09-26 15:28:21,20260926,9,11,5-3-1,116.3
2026-09-26 15:28:21,20260926,9,11,5-3-2,373.3
2026-09-26 15:28:21,20260926,9,11,5-3-4,242.1
2026-09-26 15:28:21,20260926,9,11,5-3-6,389.6
2026-09-26 15:28:21,20260926,9,11,5-4-1,373.3
2026-09-26 15:28:21,20260926,9,11,5-4-2,488.7
2026-09-26 15:28:21,20260926,9,11,5-4-3,316.2
2026-09-26 15:28:21,20260926,9,11,5-4-6,610.9
2026-09-26 15:28:21,20260926,9,11,5-6-1,960.1
2026-09-26 15:28:21,20260926,9,11,5-6-2,1075.0
2026-09-26 15:28:21,20260926,9,11,5-6-3,655.7
2026-09-26 15:28:21,20260926,9,11,5-6-4,867.2
2026-09-26 15:28:21,20260926,9,11,6-1-2,689.3
2026-09-26 15:28:21,20260926,9,11,6-1-3,707.4
2026-09-26 15:28:21,20260926,9,11,6-1-4,867.2
2026-09-26 15:28:21,20260926,9,11,6-1-5,995.6
2026-09-26 15:28:21,20260926,9,11,6-2-1,840.1
2026-09-26 15:28:21,20260926,9,11,6-2-3,814.6
2026-09-26 15:28:21,20260926,9,11,6-2-4,1033.0
2026-09-26 15:28:21,20260926,9,11,6-2-5,1344.0
2026-09-26 15:28:21,20260926,9,11,6-3-1,927.0
2026-09-26 15:28:21,20260926,9,11,6-3-2,768.1
2026-09-26 15:28:21,20260926,9,11,6-3-4,1033.0
2026-09-26 15:28:21,20260926,9,11,6-3-5,927.0
2026-09-26 15:28:21,20260926,9,11,6-4-1,1221.0
2026-09-26 15:28:21,20260926,9,11,6-4-2,1414.0
2026-09-26 15:28:21,20260926,9,11,6-4-3,1920.0
2026-09-26 15:28:21,20260926,9,11,6-4-5,1033.0
2026-09-26 15:28:21,20260926,9,11,6-5-1,1168.0
2026-09-26 15:28:21,20260926,9,11,6-5-2,1792.0
2026-09-26 15:28:21,20260926,9,11,6-5-3,896.1
2026-09-26 15:28:21,20260926,9,11,6-5-4,746.7
2026-09-26 15:30:54,20260926,5,10,1-2-3,19.9
2026-09-26 15:30:54,20260926,5,10,1-2-4,21.7
2026-09-26 15:30:54,20260926,5,10,1-2-5,8.2
2026-09-26 15:30:54,20260926,5,10,1-2-6,20.9
2026-09-26 15:30:54,20260926,5,10,1-3-2,35.4
2026-09-26 15:30:54,20260926,5,10,1-3-4,58.4
2026-09-26 15:30:54,20260926,5,10,1-3-5,36.7
2026-09-26 15:30:54,20260926,5,10,1-3-6,79.6
2026-09-26 15:30:54,20260926,5,10,1-4-2,37.7
2026-09-26 15:30:54,20260926,5,10,1-4-3,60.4
2026-09-26 15:30:54,20260926,5,10,1-4-5,31.7
2026-09-26 15:30:54,20260926,5,10,1-4-6,40.3
2026-09-26 15:30:54,20260926,5,10,1-5-2,9.0
2026-09-26 15:30:54,20260926,5,10,1-5-3,19.7
2026-09-26 15:30:54,20260926,5,10,1-5-4,19.0
2026-09-26 15:30:54,20260926,5,10,1-5-6,10.9
2026-09-26 15:30:54,20260926,5,10,1-6-2,52.0
2026-09-26 15:30:54,20260926,5,10,1-6-3,118.0
2026-09-26 15:30:54,20260926,5,10,1-6-4,66.8
2026-09-26 15:30:54,20260926,5,10,1-6-5,35.8
2026-09-26 15:30:54,20260926,5,10,2-1-3,79.2
2026-09-26 15:30:54,20260926,5,10,2-1-4,112.6
2026-09-26 15:30:54,20260926,5,10,2-1-5,35.3
2026-09-26 15:30:54,20260926,5,10,2-1-6,107.0
2026-09-26 15:30:54,20260926,5,10,2-3-1,194.5
2026-09-26 15:30:54,20260926,5,10,2-3-4,222.3
2026-09-26 15:30:54,20260926,5,10,2-3-5,206.2
2026-09-26 15:30:54,20260926,5,10,2-3-6,398.1
2026-09-26 15:30:54,20260926,5,10,2-4-1,237.7
2026-09-26 15:30:54,20260926,5,10,2-4-3,450.5
2026-09-26 15:30:54,20260926,5,10,2-4-5,317.0
2026-09-26 15:30:54,20260926,5,10,2-4-6,290.1
2026-09-26 15:30:54,20260926,5,10,2-5-1,75.0
2026-09-26 15:30:54,20260926,5,10,2-5-3,160.0
2026-09-26 15:30:54,20260926,5,10,2-5-4,335.7
2026-09-26 15:30:54,20260926,5,10,2-5-6,124.9
2026-09-26 15:30:54,20260926,5,10,2-6-1,271.7
2026-09-26 15:30:54,20260926,5,10,2-6-3,489.1
2026-09-26 15:30:54,20260926,5,10,2-6-4,611.4
2026-09-26 15:30:54,20260926,5,10,2-6-5,244.5
2026-09-26 15:30:54,20260926,5,10,3-1-2,152.8
2026-09-26 15:30:54,20260926,5,10,3-1-4,155.6
2026-09-26 15:30:54,20260926,5,10,3-1-5,99.5
2026-09-26 15:30:54,20260926,5,10,3-1-6,311.2
2026-09-26 15:30:54,20260926,5,10,3-2-1,248.1
2026-09-26 15:30:54,20260926,5,10,3-2-4,180.2
2026-09-26 15:30:54,20260926,5,10,3-2-5,167.8
2026-09-26 15:30:54,20260926,5,10,3-2-6,295.1
2026-09-26 15:30:54,20260926,5,10,3-4-1,276.1
2026-09-26 15:30:54,20260926,5,10,3-4-2,280.6
2026-09-26 15:30:54,20260926,5,10,3-4-5,271.7
2026-09-26 15:30:54,20260926,5,10,3-4-6,280.6
2026-09-26 15:30:54,20260926,5,10,3-5-1,234.5
2026-09-26 15:30:54,20260926,5,10,3-5-2,186.0
2026-09-26 15:30:54,20260926,5,10,3-5-4,323.0
2026-09-26 15:30:54,20260926,5,10,3-5-6,503.5
2026-09-26 15:30:54,20260926,5,10,3-6-1,658.5
2026-09-26 15:30:54,20260926,5,10,3-6-2,658.5
2026-09-26 15:30:54,20260926,5,10,3-6-4,439.0
2026-09-26 15:30:54,20260926,5,10,3-6-5,713.3
2026-09-26 15:30:54,20260926,5,10,4-1-2,276.1
2026-09-26 15:30:54,20260926,5,10,4-1-3,417.5
2026-09-26 15:30:54,20260926,5,10,4-1-5,172.9
2026-09-26 15:30:54,20260926,5,10,4-1-6,251.7
2026-09-26 15:30:54,20260926,5,10,4-2-1,364.2
2026-09-26 15:30:54,20260926,5,10,4-2-3,489.1
2026-09-26 15:30:54,20260926,5,10,4-2-5,503.5
2026-09-26 15:30:54,20260926,5,10,4-2-6,417.5
2026-09-26 15:30:54,20260926,5,10,4-3-1,342.4
2026-09-26 15:30:54,20260926,5,10,4-3-2,475.5
2026-09-26 15:30:54,20260926,5,10,4-3-5,342.4
2026-09-26 15:30:54,20260926,5,10,4-3-6,295.1
2026-09-26 15:30:54,20260926,5,10,4-5-1,203.8
2026-09-26 15:30:54,20260926,5,10,4-5-2,417.5
2026-09-26 15:30:54,20260926,5,10,4-5-3,439.0
2026-09-26 15:30:54,20260926,5,10,4-5-6,290.1
2026-09-26 15:30:54,20260926,5,10,4-6-1,311.2
2026-09-26 15:30:54,20260926,5,10,4-6-2,684.8
2026-09-26 15:30:54,20260926,5,10,4-6-3,815.2
2026-09-26 15:30:54,20260926,5,10,4-6-5,489.1
2026-09-26 15:30:54,20260926,5,10,5-1-2,27.0
2026-09-26 15:30:54,20260926,5,10,5-1-3,61.5
2026-09-26 15:30:54,20260926,5,10,5-1-4,67.1
2026-09-26 15:30:54,20260926,5,10,5-1-6,30.0
2026-09-26 15:30:54,20260926,5,10,5-2-1,56.8
2026-09-26 15:30:54,20260926,5,10,5-2-3,184.0
2026-09-26 15:30:54,20260926,5,10,5-2-4,241.1
2026-09-26 15:30:54,20260926,5,10,5-2-6,122.2
2026-09-26 15:30:54,20260926,5,10,5-3-1,166.2
2026-09-26 15:30:54,20260926,5,10,5-3-2,280.6
2026-09-26 15:30:54,20260926,5,10,5-3-4,439.0
2026-09-26 15:30:54,20260926,5,10,5-3-6,231.3
2026-09-26 15:30:54,20260926,5,10,5-4-1,222.3
2026-09-26 15:30:54,20260926,5,10,5-4-2,407.6
2026-09-26 15:30:54,20260926,5,10,5-4-3,611.4
2026-09-26 15:30:54,20260926,5,10,5-4-6,231.3
2026-09-26 15:30:54,20260926,5,10,5-6-1,72.5
2026-09-26 15:30:54,20260926,5,10,5-6-2,146.3
2026-09-26 15:30:54,20260926,5,10,5-6-3,290.1
2026-09-26 15:30:54,20260926,5,10,5-6-4,251.7
2026-09-26 15:30:54,20260926,5,10,6-1-2,248.1
2026-09-26 15:30:54,20260926,5,10,6-1-3,439.0
2026-09-26 15:30:54,20260926,5,10,6-1-4,389.1
2026-09-26 15:30:54,20260926,5,10,6-1-5,140.3
2026-09-26 15:30:54,20260926,5,10,6-2-1,356.6
2026-09-26 15:30:54,20260926,5,10,6-2-3,535.0
2026-09-26 15:30:54,20260926,5,10,6-2-4,634.1
2026-09-26 15:30:54,20260926,5,10,6-2-5,439.0
2026-09-26 15:30:54,20260926,5,10,6-3-1,713.3
2026-09-26 15:30:54,20260926,5,10,6-3-2,778.2
2026-09-26 15:30:54,20260926,5,10,6-3-4,815.2
2026-09-26 15:30:54,20260926,5,10,6-3-5,1317.0
2026-09-26 15:30:54,20260926,5,10,6-4-1,815.2
2026-09-26 15:30:54,20260926,5,10,6-4-2,1070.0
2026-09-26 15:30:54,20260926,5,10,6-4-3,1426.0
2026-09-26 15:30:54,20260926,5,10,6-4-5,658.5
2026-09-26 15:30:54,20260926,5,10,6-5-1,161.5
2026-09-26 15:30:54,20260926,5,10,6-5-2,407.6
2026-09-26 15:30:54,20260926,5,10,6-5-3,744.3
2026-09-26 15:30:54,20260926,5,10,6-5-4,535.0
2026-09-26 15:33:21,20260926,15,2,1-2-3,89.4
2026-09-26 15:33:21,20260926,15,2,1-2-4,60.9
2026-09-26 15:33:21,20260926,15,2,1-2-5,56.1
2026-09-26 15:33:21,20260926,15,2,1-2-6,82.6
2026-09-26 15:33:21,20260926,15,2,1-3-2,71.2
2026-09-26 15:33:21,20260926,15,2,1-3-4,92.7
2026-09-26 15:33:21,20260926,15,2,1-3-5,65.8
2026-09-26 15:33:21,20260926,15,2,1-3-6,71.0
2026-09-26 15:33:21,20260926,15,2,1-4-2,59.0
2026-09-26 15:33:21,20260926,15,2,1-4-3,62.9
2026-09-26 15:33:21,20260926,15,2,1-4-5,25.1
2026-09-26 15:33:21,20260926,15,2,1-4-6,54.8
2026-09-26 15:33:21,20260926,15,2,1-5-2,32.0
2026-09-26 15:33:21,20260926,15,2,1-5-3,56.6
2026-09-26 15:33:21,20260926,15,2,1-5-4,21.7
2026-09-26 15:33:21,20260926,15,2,1-5-6,25.3
2026-09-26 15:33:21,20260926,15,2,1-6-2,119.6
2026-09-26 15:33:21,20260926,15,2,1-6-3,121.5
2026-09-26 15:33:21,20260926,15,2,1-6-4,85.1
2026-09-26 15:33:21,20260926,15,2,1-6-5,57.1
2026-09-26 15:33:21,20260926,15,2,2-1-3,94.3
2026-09-26 15:33:21,20260926,15,2,2-1-4,83.5
2026-09-26 15:33:21,20260926,15,2,2-1-5,75.2
2026-09-26 15:33:21,20260926,15,2,2-1-6,174.8
2026-09-26 15:33:21,20260926,15,2,2-3-1,153.5
2026-09-26 15:33:21,20260926,15,2,2-3-4,138.5
2026-09-26 15:33:21,20260926,15,2,2-3-5,135.2
2026-09-26 15:33:21,20260926,15,2,2-3-6,94.3
2026-09-26 15:33:21,20260926,15,2,2-4-1,76.0
2026-09-26 15:33:21,20260926,15,2,2-4-3,168.3
2026-09-26 15:33:21,20260926,15,2,2-4-5,165.8
2026-09-26 15:33:21,20260926,15,2,2-4-6,177.5
2026-09-26 15:33:21,20260926,15,2,2-5-1,133.6
2026-09-26 15:33:21,20260926,15,2,2-5-3,96.7
2026-09-26 15:33:21,20260926,15,2,2-5-4,123.5
2026-09-26 15:33:21,20260926,15,2,2-5-6,117.7
2026-09-26 15:33:21,20260926,15,2,2-6-1,81.7
2026-09-26 15:33:21,20260926,15,2,2-6-3,405.8
2026-09-26 15:33:21,20260926,15,2,2-6-4,136.9
2026-09-26 15:33:21,20260926,15,2,2-6-5,152.5
2026-09-26 15:33:21,20260926,15,2,3-1-2,154.6
2026-09-26 15:33:21,20260926,15,2,3-1-4,103.3
2026-09-26 15:33:21,20260926,15,2,3-1-5,92.7
2026-09-26 15:33:21,20260926,15,2,3-1-6,124.1
2026-09-26 15:33:21,20260926,15,2,3-2-1,405.8
2026-09-26 15:33:21,20260926,15,2,3-2-4,82.6
2026-09-26 15:33:21,20260926,15,2,3-2-5,145.6
2026-09-26 15:33:21,20260926,15,2,3-2-6,125.5
2026-09-26 15:33:21,20260926,15,2,3-4-1,280.5
2026-09-26 15:33:21,20260926,15,2,3-4-2,81.1
2026-09-26 15:33:21,20260926,15,2,3-4-5,139.4
2026-09-26 15:33:21,20260926,15,2,3-4-6,77.5
2026-09-26 15:33:21,20260926,15,2,3-5-1,98.8
2026-09-26 15:33:21,20260926,15,2,3-5-2,131.3
2026-09-26 15:33:21,20260926,15,2,3-5-4,129.8
2026-09-26 15:33:21,20260926,15,2,3-5-6,103.7
2026-09-26 15:33:21,20260926,15,2,3-6-1,437.0
2026-09-26 15:33:21,20260926,15,2,3-6-2,329.3
2026-09-26 15:33:21,20260926,15,2,3-6-4,329.3
2026-09-26 15:33:21,20260926,15,2,3-6-5,148.5
2026-09-26 15:33:21,20260926,15,2,4-1-2,255.3
2026-09-26 15:33:21,20260926,15,2,4-1-3,77.8
2026-09-26 15:33:21,20260926,15,2,4-1-5,49.4
2026-09-26 15:33:21,20260926,15,2,4-1-6,111.9
2026-09-26 15:33:21,20260926,15,2,4-2-1,236.7
2026-09-26 15:33:21,20260926,15,2,4-2-3,315.6
2026-09-26 15:33:21,20260926,15,2,4-2-5,144.7
2026-09-26 15:33:21,20260926,15,2,4-2-6,107.7
2026-09-26 15:33:21,20260926,15,2,4-3-1,299.0
2026-09-26 15:33:21,20260926,15,2,4-3-2,528.5
2026-09-26 15:33:21,20260926,15,2,4-3-5,77.0
2026-09-26 15:33:21,20260926,15,2,4-3-6,118.3
2026-09-26 15:33:21,20260926,15,2,4-5-1,57.6
2026-09-26 15:33:21,20260926,15,2,4-5-2,92.3
2026-09-26 15:33:21,20260926,15,2,4-5-3,89.4
2026-09-26 15:33:21,20260926,15,2,4-5-6,62.7
2026-09-26 15:33:21,20260926,15,2,4-6-1,139.4
2026-09-26 15:33:21,20260926,15,2,4-6-2,121.5
2026-09-26 15:33:21,20260926,15,2,4-6-3,277.1
2026-09-26 15:33:21,20260926,15,2,4-6-5,93.1
2026-09-26 15:33:21,20260926,15,2,5-1-2,32.6
2026-09-26 15:33:21,20260926,15,2,5-1-3,83.8
2026-09-26 15:33:21,20260926,15,2,5-1-4,25.5
2026-09-26 15:33:21,20260926,15,2,5-1-6,31.3
2026-09-26 15:33:21,20260926,15,2,5-2-1,77.8
2026-09-26 15:33:21,20260926,15,2,5-2-3,126.2
2026-09-26 15:33:21,20260926,15,2,5-2-4,108.7
2026-09-26 15:33:21,20260926,15,2,5-2-6,106.7
2026-09-26 15:33:21,20260926,15,2,5-3-1,96.3
2026-09-26 15:33:21,20260926,15,2,5-3-2,74.5
2026-09-26 15:33:21,20260926,15,2,5-3-4,69.0
2026-09-26 15:33:21,20260926,15,2,5-3-6,84.8
2026-09-26 15:33:21,20260926,15,2,5-4-1,41.0
2026-09-26 15:33:21,20260926,15,2,5-4-2,63.1
2026-09-26 15:33:21,20260926,15,2,5-4-3,121.5
2026-09-26 15:33:21,20260926,15,2,5-4-6,45.1
2026-09-26 15:33:21,20260926,15,2,5-6-1,41.3
2026-09-26 15:33:21,20260926,15,2,5-6-2,86.7
2026-09-26 15:33:21,20260926,15,2,5-6-3,106.2
2026-09-26 15:33:21,20260926,15,2,5-6-4,44.2
2026-09-26 15:33:21,20260926,15,2,6-1-2,134.4
2026-09-26 15:33:21,20260926,15,2,6-1-3,454.5
2026-09-26 15:33:21,20260926,15,2,6-1-4,103.3
2026-09-26 15:33:21,20260926,15,2,6-1-5,120.2
2026-09-26 15:33:21,20260926,15,2,6-2-1,405.8
2026-09-26 15:33:21,20260926,15,2,6-2-3,155.6
2026-09-26 15:33:21,20260926,15,2,6-2-4,463.8
2026-09-26 15:33:21,20260926,15,2,6-2-5,124.1
2026-09-26 15:33:21,20260926,15,2,6-3-1,582.7
2026-09-26 15:33:21,20260926,15,2,6-3-2,528.5
2026-09-26 15:33:21,20260926,15,2,6-3-4,420.8
2026-09-26 15:33:21,20260926,15,2,6-3-5,295.1
2026-09-26 15:33:21,20260926,15,2,6-4-1,385.2
2026-09-26 15:33:21,20260926,15,2,6-4-2,445.6
2026-09-26 15:33:21,20260926,15,2,6-4-3,454.5
2026-09-26 15:33:21,20260926,15,2,6-4-5,128.4
2026-09-26 15:33:21,20260926,15,2,6-5-1,132.1
2026-09-26 15:33:21,20260926,15,2,6-5-2,111.4
2026-09-26 15:33:21,20260926,15,2,6-5-3,115.3
2026-09-26 15:33:21,20260926,15,2,6-5-4,67.6
2026-09-26 15:33:32,20260926,22,9,1-2-3,6.9
2026-09-26 15:33:32,20260926,22,9,1-2-4,9.7
2026-09-26 15:33:32,20260926,22,9,1-2-5,10.3
2026-09-26 15:33:32,20260926,22,9,1-2-6,24.5
2026-09-26 15:33:32,20260926,22,9,1-3-2,11.6
2026-09-26 15:33:32,20260926,22,9,1-3-4,17.1
2026-09-26 15:33:32,20260926,22,9,1-3-5,18.9
2026-09-26 15:33:32,20260926,22,9,1-3-6,41.2
2026-09-26 15:33:32,20260926,22,9,1-4-2,19.5
2026-09-26 15:33:32,20260926,22,9,1-4-3,27.4
2026-09-26 15:33:32,20260926,22,9,1-4-5,23.8
2026-09-26 15:33:32,20260926,22,9,1-4-6,47.1
2026-09-26 15:33:32,20260926,22,9,1-5-2,35.7
2026-09-26 15:33:32,20260926,22,9,1-5-3,51.4
2026-09-26 15:33:32,20260926,22,9,1-5-4,56.9
2026-09-26 15:33:32,20260926,22,9,1-5-6,50.4
2026-09-26 15:33:32,20260926,22,9,1-6-2,122.1
2026-09-26 15:33:32,20260926,22,9,1-6-3,122.1
2026-09-26 15:33:32,20260926,22,9,1-6-4,118.8
2026-09-26 15:33:32,20260926,22,9,1-6-5,110.0
2026-09-26 15:33:32,20260926,22,9,2-1-3,37.2
2026-09-26 15:33:32,20260926,22,9,2-1-4,33.0
2026-09-26 15:33:32,20260926,22,9,2-1-5,52.6
2026-09-26 15:33:32,20260926,22,9,2-1-6,75.0
2026-09-26 15:33:32,20260926,22,9,2-3-1,87.7
2026-09-26 15:33:32,20260926,22,9,2-3-4,150.9
2026-09-26 15:33:32,20260926,22,9,2-3-5,132.9
2026-09-26 15:33:32,20260926,22,9,2-3-6,335.7
2026-09-26 15:33:32,20260926,22,9,2-4-1,115.7
2026-09-26 15:33:32,20260926,22,9,2-4-3,163.8
2026-09-26 15:33:32,20260926,22,9,2-4-5,407.0
2026-09-26 15:33:32,20260926,22,9,2-4-6,203.5
2026-09-26 15:33:32,20260926,22,9,2-5-1,129.1
2026-09-26 15:33:32,20260926,22,9,2-5-3,220.1
2026-09-26 15:33:32,20260926,22,9,2-5-4,583.9
2026-09-26 15:33:32,20260926,22,9,2-5-6,383.7
2026-09-26 15:33:32,20260926,22,9,2-6-1,433.2
2026-09-26 15:33:32,20260926,22,9,2-6-3,433.2
2026-09-26 15:33:32,20260926,22,9,2-6-4,419.7
2026-09-26 15:33:32,20260926,22,9,2-6-5,895.4
2026-09-26 15:33:32,20260926,22,9,3-1-2,47.6
2026-09-26 15:33:32,20260926,22,9,3-1-4,72.6
2026-09-26 15:33:32,20260926,22,9,3-1-5,73.3
2026-09-26 15:33:32,20260926,22,9,3-1-6,147.6
2026-09-26 15:33:32,20260926,22,9,3-2-1,99.4
2026-09-26 15:33:32,20260926,22,9,3-2-4,98.0
2026-09-26 15:33:32,20260926,22,9,3-2-5,93.2
2026-09-26 15:33:32,20260926,22,9,3-2-6,189.1
2026-09-26 15:33:32,20260926,22,9,3-4-1,213.2
2026-09-26 15:33:32,20260926,22,9,3-4-2,144.4
2026-09-26 15:33:32,20260926,22,9,3-4-5,235.6
2026-09-26 15:33:32,20260926,22,9,3-4-6,327.6
2026-09-26 15:33:32,20260926,22,9,3-5-1,167.8
2026-09-26 15:33:32,20260926,22,9,3-5-2,158.0
2026-09-26 15:33:32,20260926,22,9,3-5-4,363.0
2026-09-26 15:33:32,20260926,22,9,3-5-6,235.6
2026-09-26 15:33:32,20260926,22,9,3-6-1,383.7
2026-09-26 15:33:32,20260926,22,9,3-6-2,559.6
2026-09-26 15:33:32,20260926,22,9,3-6-4,639.6
2026-09-26 15:33:32,20260926,22,9,3-6-5,383.7
2026-09-26 15:33:32,20260926,22,9,4-1-2,172.2
2026-09-26 15:33:32,20260926,22,9,4-1-3,200.4
2026-09-26 15:33:32,20260926,22,9,4-1-5,156.1
2026-09-26 15:33:32,20260926,22,9,4-1-6,227.6
2026-09-26 15:33:32,20260926,22,9,4-2-1,194.6
2026-09-26 15:33:32,20260926,22,9,4-2-3,263.3
2026-09-26 15:33:32,20260926,22,9,4-2-5,383.7
2026-09-26 15:33:32,20260926,22,9,4-2-6,373.1
2026-09-26 15:33:32,20260926,22,9,4-3-1,312.3
2026-09-26 15:33:32,20260926,22,9,4-3-2,327.6
2026-09-26 15:33:32,20260926,22,9,4-3-5,395.0
2026-09-26 15:33:32,20260926,22,9,4-3-6,583.9
2026-09-26 15:33:32,20260926,22,9,4-5-1,197.5
2026-09-26 15:33:32,20260926,22,9,4-5-2,610.5
2026-09-26 15:33:32,20260926,22,9,4-5-3,373.1
2026-09-26 15:33:32,20260926,22,9,4-5-6,497.4
2026-09-26 15:33:32,20260926,22,9,4-6-1,559.6
2026-09-26 15:33:32,20260926,22,9,4-6-2,706.9
2026-09-26 15:33:32,20260926,22,9,4-6-3,639.6
2026-09-26 15:33:32,20260926,22,9,4-6-5,746.2
2026-09-26 15:33:32,20260926,22,9,5-1-2,197.5
2026-09-26 15:33:32,20260926,22,9,5-1-3,191.8
2026-09-26 15:33:32,20260926,22,9,5-1-4,167.8
2026-09-26 15:33:32,20260926,22,9,5-1-6,183.9
2026-09-26 15:33:32,20260926,22,9,5-2-1,279.8
2026-09-26 15:33:32,20260926,22,9,5-2-3,419.7
2026-09-26 15:33:32,20260926,22,9,5-2-4,373.1
2026-09-26 15:33:32,20260926,22,9,5-2-6,559.6
2026-09-26 15:33:32,20260926,22,9,5-3-1,258.3
2026-09-26 15:33:32,20260926,22,9,5-3-2,516.6
2026-09-26 15:33:32,20260926,22,9,5-3-4,746.2
2026-09-26 15:33:32,20260926,22,9,5-3-6,516.6
2026-09-26 15:33:32,20260926,22,9,5-4-1,253.4
2026-09-26 15:33:32,20260926,22,9,5-4-2,419.7
2026-09-26 15:33:32,20260926,22,9,5-4-3,790.1
2026-09-26 15:33:32,20260926,22,9,5-4-6,344.4
2026-09-26 15:33:32,20260926,22,9,5-6-1,447.7
2026-09-26 15:33:32,20260926,22,9,5-6-2,1343.0
2026-09-26 15:33:32,20260926,22,9,5-6-3,790.1
2026-09-26 15:33:32,20260926,22,9,5-6-4,895.4
2026-09-26 15:33:32,20260926,22,9,6-1-2,363.0
2026-09-26 15:33:32,20260926,22,9,6-1-3,433.2
2026-09-26 15:33:32,20260926,22,9,6-1-4,559.6
2026-09-26 15:33:32,20260926,22,9,6-1-5,319.8
2026-09-26 15:33:32,20260926,22,9,6-2-1,373.1
2026-09-26 15:33:32,20260926,22,9,6-2-3,516.6
2026-09-26 15:33:32,20260926,22,9,6-2-4,419.7
2026-09-26 15:33:32,20260926,22,9,6-2-5,1033.0
2026-09-26 15:33:32,20260926,22,9,6-3-1,537.2
2026-09-26 15:33:32,20260926,22,9,6-3-2,639.6
2026-09-26 15:33:32,20260926,22,9,6-3-4,790.1
2026-09-26 15:33:32,20260926,22,9,6-3-5,959.4
2026-09-26 15:33:32,20260926,22,9,6-4-1,839.4
2026-09-26 15:33:32,20260926,22,9,6-4-2,959.4
2026-09-26 15:33:32,20260926,22,9,6-4-3,1033.0
2026-09-26 15:33:32,20260926,22,9,6-4-5,959.4
2026-09-26 15:33:32,20260926,22,9,6-5-1,363.0
2026-09-26 15:33:32,20260926,22,9,6-5-2,746.2
2026-09-26 15:33:32,20260926,22,9,6-5-3,790.1
2026-09-26 15:33:32,20260926,22,9,6-5-4,363.0
2026-09-26 15:38:40,20260926,19,2,1-2-3,30.6
2026-09-26 15:38:40,20260926,19,2,1-2-4,21.3
2026-09-26 15:38:40,20260926,19,2,1-2-5,41.9
2026-09-26 15:38:40,20260926,19,2,1-2-6,44.4
2026-09-26 15:38:40,20260926,19,2,1-3-2,23.7
2026-09-26 15:38:40,20260926,19,2,1-3-4,39.3
2026-09-26 15:38:40,20260926,19,2,1-3-5,38.5
2026-09-26 15:38:40,20260926,19,2,1-3-6,103.7
2026-09-26 15:38:40,20260926,19,2,1-4-2,18.2
2026-09-26 15:38:40,20260926,19,2,1-4-3,28.7
2026-09-26 15:38:40,20260926,19,2,1-4-5,32.7
2026-09-26 15:38:40,20260926,19,2,1-4-6,51.2
2026-09-26 15:38:40,20260926,19,2,1-5-2,67.2
2026-09-26 15:38:40,20260926,19,2,1-5-3,46.6
2026-09-26 15:38:40,20260926,19,2,1-5-4,85.9
2026-09-26 15:38:40,20260926,19,2,1-5-6,89.1
2026-09-26 15:38:40,20260926,19,2,1-6-2,39.5
2026-09-26 15:38:40,20260926,19,2,1-6-3,105.5
2026-09-26 15:38:40,20260926,19,2,1-6-4,75.6
2026-09-26 15:38:40,20260926,19,2,1-6-5,91.1
2026-09-26 15:38:40,20260926,19,2,2-1-3,59.8
2026-09-26 15:38:40,20260926,19,2,2-1-4,33.0
2026-09-26 15:38:40,20260926,19,2,2-1-5,45.4
2026-09-26 15:38:40,20260926,19,2,2-1-6,60.1
2026-09-26 15:38:40,20260926,19,2,2-3-1,121.5
2026-09-26 15:38:40,20260926,19,2,2-3-4,124.0
2026-09-26 15:38:40,20260926,19,2,2-3-5,144.9
2026-09-26 15:38:40,20260926,19,2,2-3-6,194.0
2026-09-26 15:38:40,20260926,19,2,2-4-1,55.7
2026-09-26 15:38:40,20260926,19,2,2-4-3,129.3
2026-09-26 15:38:40,20260926,19,2,2-4-5,68.3
2026-09-26 15:38:40,20260926,19,2,2-4-6,60.1
2026-09-26 15:38:40,20260926,19,2,2-5-1,84.1
2026-09-26 15:38:40,20260926,19,2,2-5-3,156.2
2026-09-26 15:38:40,20260926,19,2,2-5-4,120.3
2026-09-26 15:38:40,20260926,19,2,2-5-6,73.8
2026-09-26 15:38:40,20260926,19,2,2-6-1,80.7
2026-09-26 15:38:40,20260926,19,2,2-6-3,146.7
2026-09-26 15:38:40,20260926,19,2,2-6-4,71.6
2026-09-26 15:38:40,20260926,19,2,2-6-5,69.1
2026-09-26 15:38:40,20260926,19,2,3-1-2,85.9
2026-09-26 15:38:40,20260926,19,2,3-1-4,90.4
2026-09-26 15:38:40,20260926,19,2,3-1-5,69.5
2026-09-26 15:38:40,20260926,19,2,3-1-6,156.2
2026-09-26 15:38:40,20260926,19,2,3-2-1,191.0
2026-09-26 15:38:40,20260926,19,2,3-2-4,73.3
2026-09-26 15:38:40,20260926,19,2,3-2-5,91.1
2026-09-26 15:38:40,20260926,19,2,3-2-6,171.9
2026-09-26 15:38:40,20260926,19,2,3-4-1,113.5
2026-09-26 15:38:40,20260926,19,2,3-4-2,113.5
2026-09-26 15:38:40,20260926,19,2,3-4-5,138.3
2026-09-26 15:38:40,20260926,19,2,3-4-6,129.3
2026-09-26 15:38:40,20260926,19,2,3-5-1,138.3
2026-09-26 15:38:40,20260926,19,2,3-5-2,143.2
2026-09-26 15:38:40,20260926,19,2,3-5-4,267.4
2026-09-26 15:38:40,20260926,19,2,3-5-6,167.1
2026-09-26 15:38:40,20260926,19,2,3-6-1,182.3
2026-09-26 15:38:40,20260926,19,2,3-6-2,222.8
2026-09-26 15:38:40,20260926,19,2,3-6-4,250.7
2026-09-26 15:38:40,20260926,19,2,3-6-5,203.9
2026-09-26 15:38:40,20260926,19,2,4-1-2,62.6
2026-09-26 15:38:40,20260926,19,2,4-1-3,110.4
2026-09-26 15:38:40,20260926,19,2,4-1-5,78.6
2026-09-26 15:38:40,20260926,19,2,4-1-6,84.1
2026-09-26 15:38:40,20260926,19,2,4-2-1,64.0
2026-09-26 15:38:40,20260926,19,2,4-2-3,132.2
2026-09-26 15:38:40,20260926,19,2,4-2-5,102.8
2026-09-26 15:38:40,20260926,19,2,4-2-6,72.4
2026-09-26 15:38:40,20260926,19,2,4-3-1,179.6
2026-09-26 15:38:40,20260926,19,2,4-3-2,256.0
2026-09-26 15:38:40,20260926,19,2,4-3-5,227.0
2026-09-26 15:38:40,20260926,19,2,4-3-6,334.2
2026-09-26 15:38:40,20260926,19,2,4-5-1,105.5
2026-09-26 15:38:40,20260926,19,2,4-5-2,136.7
2026-09-26 15:38:40,20260926,19,2,4-5-3,164.8
2026-09-26 15:38:40,20260926,19,2,4-5-6,110.4
2026-09-26 15:38:40,20260926,19,2,4-6-1,99.4
2026-09-26 15:38:40,20260926,19,2,4-6-2,62.3
2026-09-26 15:38:40,20260926,19,2,4-6-3,273.4
2026-09-26 15:38:40,20260926,19,2,4-6-5,119.1
2026-09-26 15:38:40,20260926,19,2,5-1-2,148.5
2026-09-26 15:38:40,20260926,19,2,5-1-3,132.2
2026-09-26 15:38:40,20260926,19,2,5-1-4,176.9
2026-09-26 15:38:40,20260926,19,2,5-1-6,152.3
2026-09-26 15:38:40,20260926,19,2,5-2-1,176.9
2026-09-26 15:38:40,20260926,19,2,5-2-3,194.0
2026-09-26 15:38:40,20260926,19,2,5-2-4,152.3
2026-09-26 15:38:40,20260926,19,2,5-2-6,169.4
2026-09-26 15:38:40,20260926,19,2,5-3-1,256.0
2026-09-26 15:38:40,20260926,19,2,5-3-2,250.7
2026-09-26 15:38:40,20260926,19,2,5-3-4,481.3
2026-09-26 15:38:40,20260926,19,2,5-3-6,353.9
2026-09-26 15:38:40,20260926,19,2,5-4-1,222.8
2026-09-26 15:38:40,20260926,19,2,5-4-2,227.0
2026-09-26 15:38:40,20260926,19,2,5-4-3,429.7
2026-09-26 15:38:40,20260926,19,2,5-4-6,169.4
2026-09-26 15:38:40,20260926,19,2,5-6-1,176.9
2026-09-26 15:38:40,20260926,19,2,5-6-2,150.4
2026-09-26 15:38:40,20260926,19,2,5-6-3,250.7
2026-09-26 15:38:40,20260926,19,2,5-6-4,176.9
2026-09-26 15:38:40,20260926,19,2,6-1-2,72.4
2026-09-26 15:38:40,20260926,19,2,6-1-3,135.2
2026-09-26 15:38:40,20260926,19,2,6-1-4,130.8
2026-09-26 15:38:40,20260926,19,2,6-1-5,143.2
2026-09-26 15:38:40,20260926,19,2,6-2-1,63.0
2026-09-26 15:38:40,20260926,19,2,6-2-3,93.2
2026-09-26 15:38:40,20260926,19,2,6-2-4,54.6
2026-09-26 15:38:40,20260926,19,2,6-2-5,70.3
2026-09-26 15:38:40,20260926,19,2,6-3-1,343.8
2026-09-26 15:38:40,20260926,19,2,6-3-2,401.1
2026-09-26 15:38:40,20260926,19,2,6-3-4,267.4
2026-09-26 15:38:40,20260926,19,2,6-3-5,414.9
2026-09-26 15:38:40,20260926,19,2,6-4-1,171.9
2026-09-26 15:38:40,20260926,19,2,6-4-2,114.6
2026-09-26 15:38:40,20260926,19,2,6-4-3,231.4
2026-09-26 15:38:40,20260926,19,2,6-4-5,156.2
2026-09-26 15:38:40,20260926,19,2,6-5-1,286.5
2026-09-26 15:38:40,20260926,19,2,6-5-2,185.1
2026-09-26 15:38:40,20260926,19,2,6-5-3,279.8
2026-09-26 15:38:40,20260926,19,2,6-5-4,231.4
2026-09-26 15:43:09,20260926,2,11,1-2-3,18.3
2026-09-26 15:43:09,20260926,2,11,1-2-4,43.2
2026-09-26 15:43:09,20260926,2,11,1-2-5,21.2
2026-09-26 15:43:09,20260926,2,11,1-2-6,35.3
2026-09-26 15:43:09,20260926,2,11,1-3-2,19.2
2026-09-26 15:43:09,20260926,2,11,1-3-4,33.4
2026-09-26 15:43:09,20260926,2,11,1-3-5,10.2
2026-09-26 15:43:09,20260926,2,11,1-3-6,19.5
2026-09-26 15:43:09,20260926,2,11,1-4-2,62.6
2026-09-26 15:43:09,20260926,2,11,1-4-3,72.8
2026-09-26 15:43:09,20260926,2,11,1-4-5,52.5
2026-09-26 15:43:09,20260926,2,11,1-4-6,62.8
2026-09-26 15:43:09,20260926,2,11,1-5-2,20.9
2026-09-26 15:43:09,20260926,2,11,1-5-3,11.3
2026-09-26 15:43:09,20260926,2,11,1-5-4,42.2
2026-09-26 15:43:09,20260926,2,11,1-5-6,16.1
2026-09-26 15:43:09,20260926,2,11,1-6-2,57.3
2026-09-26 15:43:09,20260926,2,11,1-6-3,43.7
2026-09-26 15:43:09,20260926,2,11,1-6-4,104.7
2026-09-26 15:43:09,20260926,2,11,1-6-5,34.4
2026-09-26 15:43:09,20260926,2,11,2-1-3,82.3
2026-09-26 15:43:09,20260926,2,11,2-1-4,170.5
2026-09-26 15:43:09,20260926,2,11,2-1-5,105.3
2026-09-26 15:43:09,20260926,2,11,2-1-6,148.8
2026-09-26 15:43:09,20260926,2,11,2-3-1,108.4
2026-09-26 15:43:09,20260926,2,11,2-3-4,230.8
2026-09-26 15:43:09,20260926,2,11,2-3-5,185.4
2026-09-26 15:43:09,20260926,2,11,2-3-6,364.8
2026-09-26 15:43:09,20260926,2,11,2-4-1,201.9
2026-09-26 15:43:09,20260926,2,11,2-4-3,290.0
2026-09-26 15:43:09,20260926,2,11,2-4-5,368.8
2026-09-26 15:43:09,20260926,2,11,2-4-6,251.3
2026-09-26 15:43:09,20260926,2,11,2-5-1,192.8
2026-09-26 15:43:09,20260926,2,11,2-5-3,208.1
2026-09-26 15:43:09,20260926,2,11,2-5-4,399.2
2026-09-26 15:43:09,20260926,2,11,2-5-6,249.5
2026-09-26 15:43:09,20260926,2,11,2-6-1,326.2
2026-09-26 15:43:09,20260926,2,11,2-6-3,385.6
2026-09-26 15:43:09,20260926,2,11,2-6-4,484.7
2026-09-26 15:43:09,20260926,2,11,2-6-5,368.8
2026-09-26 15:43:09,20260926,2,11,3-1-2,66.8
2026-09-26 15:43:09,20260926,2,11,3-1-4,105.0
2026-09-26 15:43:09,20260926,2,11,3-1-5,35.1
2026-09-26 15:43:09,20260926,2,11,3-1-6,77.2
2026-09-26 15:43:09,20260926,2,11,3-2-1,121.6
2026-09-26 15:43:09,20260926,2,11,3-2-4,143.1
2026-09-26 15:43:09,20260926,2,11,3-2-5,129.0
2026-09-26 15:43:09,20260926,2,11,3-2-6,247.6
2026-09-26 15:43:09,20260926,2,11,3-4-1,166.3
2026-09-26 15:43:09,20260926,2,11,3-4-2,232.4
2026-09-26 15:43:09,20260926,2,11,3-4-5,164.7
2026-09-26 15:43:09,20260926,2,11,3-4-6,320.1
2026-09-26 15:43:09,20260926,2,11,3-5-1,50.1
2026-09-26 15:43:09,20260926,2,11,3-5-2,111.2
2026-09-26 15:43:09,20260926,2,11,3-5-4,167.9
2026-09-26 15:43:09,20260926,2,11,3-5-6,88.3
2026-09-26 15:43:09,20260926,2,11,3-6-1,192.8
2026-09-26 15:43:09,20260926,2,11,3-6-2,297.6
2026-09-26 15:43:09,20260926,2,11,3-6-4,424.1
2026-09-26 15:43:09,20260926,2,11,3-6-5,161.5
2026-09-26 15:43:09,20260926,2,11,4-1-2,267.2
2026-09-26 15:43:09,20260926,2,11,4-1-3,300.3
2026-09-26 15:43:09,20260926,2,11,4-1-5,181.4
2026-09-26 15:43:09,20260926,2,11,4-1-6,251.3
2026-09-26 15:43:09,20260926,2,11,4-2-1,372.9
2026-09-26 15:43:09,20260926,2,11,4-2-3,317.1
2026-09-26 15:43:09,20260926,2,11,4-2-5,278.1
2026-09-26 15:43:09,20260926,2,11,4-2-6,364.8
2026-09-26 15:43:09,20260926,2,11,4-3-1,287.5
2026-09-26 15:43:09,20260926,2,11,4-3-2,499.0
2026-09-26 15:43:09,20260926,2,11,4-3-5,339.3
2026-09-26 15:43:09,20260926,2,11,4-3-6,499.0
2026-09-26 15:43:09,20260926,2,11,4-5-1,242.3
2026-09-26 15:43:09,20260926,2,11,4-5-2,361.0
2026-09-26 15:43:09,20260926,2,11,4-5-3,368.8
2026-09-26 15:43:09,20260926,2,11,4-5-6,353.4
2026-09-26 15:43:09,20260926,2,11,4-6-1,429.5
2026-09-26 15:43:09,20260926,2,11,4-6-2,530.2
2026-09-26 15:43:09,20260926,2,11,4-6-3,547.3
2026-09-26 15:43:09,20260926,2,11,4-6-5,390.0
2026-09-26 15:43:09,20260926,2,11,5-1-2,62.8
2026-09-26 15:43:09,20260926,2,11,5-1-3,30.3
2026-09-26 15:43:09,20260926,2,11,5-1-4,101.6
2026-09-26 15:43:09,20260926,2,11,5-1-6,34.8
2026-09-26 15:43:09,20260926,2,11,5-2-1,159.3
2026-09-26 15:43:09,20260926,2,11,5-2-3,201.9
2026-09-26 15:43:09,20260926,2,11,5-2-4,361.0
2026-09-26 15:43:09,20260926,2,11,5-2-6,218.9
2026-09-26 15:43:09,20260926,2,11,5-3-1,55.9
2026-09-26 15:43:09,20260926,2,11,5-3-2,153.5
2026-09-26 15:43:09,20260926,2,11,5-3-4,192.8
2026-09-26 15:43:09,20260926,2,11,5-3-6,92.7
2026-09-26 15:43:09,20260926,2,11,5-4-1,185.4
2026-09-26 15:43:09,20260926,2,11,5-4-2,413.8
2026-09-26 15:43:09,20260926,2,11,5-4-3,302.9
2026-09-26 15:43:09,20260926,2,11,5-4-6,181.4
2026-09-26 15:43:09,20260926,2,11,5-6-1,66.9
2026-09-26 15:43:09,20260926,2,11,5-6-2,217.5
2026-09-26 15:43:09,20260926,2,11,5-6-3,105.3
2026-09-26 15:43:09,20260926,2,11,5-6-4,220.3
2026-09-26 15:43:09,20260926,2,11,6-1-2,259.0
2026-09-26 15:43:09,20260926,2,11,6-1-3,223.2
2026-09-26 15:43:09,20260926,2,11,6-1-4,424.1
2026-09-26 15:43:09,20260926,2,11,6-1-5,131.5
2026-09-26 15:43:09,20260926,2,11,6-2-1,484.7
2026-09-26 15:43:09,20260926,2,11,6-2-3,616.9
2026-09-26 15:43:09,20260926,2,11,6-2-4,754.1
2026-09-26 15:43:09,20260926,2,11,6-2-5,565.5
2026-09-26 15:43:09,20260926,2,11,6-3-1,377.0
2026-09-26 15:43:09,20260926,2,11,6-3-2,652.5
2026-09-26 15:43:09,20260926,2,11,6-3-4,565.5
2026-09-26 15:43:09,20260926,2,11,6-3-5,342.7
2026-09-26 15:43:09,20260926,2,11,6-4-1,737.7
2026-09-26 15:43:09,20260926,2,11,6-4-2,678.6
2026-09-26 15:43:09,20260926,2,11,6-4-3,1028.0
2026-09-26 15:43:09,20260926,2,11,6-4-5,665.3
2026-09-26 15:43:09,20260926,2,11,6-5-1,134.6
2026-09-26 15:43:09,20260926,2,11,6-5-2,499.0
2026-09-26 15:43:09,20260926,2,11,6-5-3,285.1
2026-09-26 15:43:09,20260926,2,11,6-5-4,418.9
2026-09-26 15:45:18,20260926,20,3,1-2-3,19.9
2026-09-26 15:45:18,20260926,20,3,1-2-4,13.3
2026-09-26 15:45:18,20260926,20,3,1-2-5,32.3
2026-09-26 15:45:18,20260926,20,3,1-2-6,49.5
2026-09-26 15:45:18,20260926,20,3,1-3-2,17.1
2026-09-26 15:45:18,20260926,20,3,1-3-4,11.0
2026-09-26 15:45:18,20260926,20,3,1-3-5,20.1
2026-09-26 15:45:18,20260926,20,3,1-3-6,36.8
2026-09-26 15:45:18,20260926,20,3,1-4-2,12.6
2026-09-26 15:45:18,20260926,20,3,1-4-3,14.3
2026-09-26 15:45:18,20260926,20,3,1-4-5,15.2
2026-09-26 15:45:18,20260926,20,3,1-4-6,34.2
2026-09-26 15:45:18,20260926,20,3,1-5-2,33.6
2026-09-26 15:45:18,20260926,20,3,1-5-3,39.5
2026-09-26 15:45:18,20260926,20,3,1-5-4,33.8
2026-09-26 15:45:18,20260926,20,3,1-5-6,75.2
2026-09-26 15:45:18,20260926,20,3,1-6-2,85.8
2026-09-26 15:45:18,20260926,20,3,1-6-3,102.4
2026-09-26 15:45:18,20260926,20,3,1-6-4,93.7
2026-09-26 15:45:18,20260926,20,3,1-6-5,153.4
2026-09-26 15:45:18,20260926,20,3,2-1-3,71.5
2026-09-26 15:45:18,20260926,20,3,2-1-4,58.8
2026-09-26 15:45:18,20260926,20,3,2-1-5,106.8
2026-09-26 15:45:18,20260926,20,3,2-1-6,158.3
2026-09-26 15:45:18,20260926,20,3,2-3-1,127.7
2026-09-26 15:45:18,20260926,20,3,2-3-4,129.4
2026-09-26 15:45:18,20260926,20,3,2-3-5,160.6
2026-09-26 15:45:18,20260926,20,3,2-3-6,346.4
2026-09-26 15:45:18,20260926,20,3,2-4-1,108.6
2026-09-26 15:45:18,20260926,20,3,2-4-3,158.9
2026-09-26 15:45:18,20260926,20,3,2-4-5,183.6
2026-09-26 15:45:18,20260926,20,3,2-4-6,254.8
2026-09-26 15:45:18,20260926,20,3,2-5-1,266.3
2026-09-26 15:45:18,20260926,20,3,2-5-3,226.2
2026-09-26 15:45:18,20260926,20,3,2-5-4,294.6
2026-09-26 15:45:18,20260926,20,3,2-5-6,484.6
2026-09-26 15:45:18,20260926,20,3,2-6-1,426.3
2026-09-26 15:45:18,20260926,20,3,2-6-3,583.4
2026-09-26 15:45:18,20260926,20,3,2-6-4,464.3
2026-09-26 15:45:18,20260926,20,3,2-6-5,745.2
2026-09-26 15:45:18,20260926,20,3,3-1-2,76.0
2026-09-26 15:45:18,20260926,20,3,3-1-4,42.7
2026-09-26 15:45:18,20260926,20,3,3-1-5,64.0
2026-09-26 15:45:18,20260926,20,3,3-1-6,126.3
2026-09-26 15:45:18,20260926,20,3,3-2-1,151.5
2026-09-26 15:45:18,20260926,20,3,3-2-4,136.8
2026-09-26 15:45:18,20260926,20,3,3-2-5,146.8
2026-09-26 15:45:18,20260926,20,3,3-2-6,267.1
2026-09-26 15:45:18,20260926,20,3,3-4-1,78.8
2026-09-26 15:45:18,20260926,20,3,3-4-2,163.0
2026-09-26 15:45:18,20260926,20,3,3-4-5,130.0
2026-09-26 15:45:18,20260926,20,3,3-4-6,185.5
2026-09-26 15:45:18,20260926,20,3,3-5-1,137.9
2026-09-26 15:45:18,20260926,20,3,3-5-2,164.5
2026-09-26 15:45:18,20260926,20,3,3-5-4,175.9
2026-09-26 15:45:18,20260926,20,3,3-5-6,268.7
2026-09-26 15:45:18,20260926,20,3,3-6-1,426.3
2026-09-26 15:45:18,20260926,20,3,3-6-2,412.4
2026-09-26 15:45:18,20260926,20,3,3-6-4,366.4
2026-09-26 15:45:18,20260926,20,3,3-6-5,524.7
2026-09-26 15:45:18,20260926,20,3,4-1-2,50.6
2026-09-26 15:45:18,20260926,20,3,4-1-3,57.3
2026-09-26 15:45:18,20260926,20,3,4-1-5,39.7
2026-09-26 15:45:18,20260926,20,3,4-1-6,84.3
2026-09-26 15:45:18,20260926,20,3,4-2-1,123.3
2026-09-26 15:45:18,20260926,20,3,4-2-3,208.1
2026-09-26 15:45:18,20260926,20,3,4-2-5,160.3
2026-09-26 15:45:18,20260926,20,3,4-2-6,236.4
2026-09-26 15:45:18,20260926,20,3,4-3-1,104.7
2026-09-26 15:45:18,20260926,20,3,4-3-2,198.3
2026-09-26 15:45:18,20260926,20,3,4-3-5,140.9
2026-09-26 15:45:18,20260926,20,3,4-3-6,242.9
2026-09-26 15:45:18,20260926,20,3,4-5-1,55.9
2026-09-26 15:45:18,20260926,20,3,4-5-2,106.3
2026-09-26 15:45:18,20260926,20,3,4-5-3,112.5
2026-09-26 15:45:18,20260926,20,3,4-5-6,85.6
2026-09-26 15:45:18,20260926,20,3,4-6-1,198.3
2026-09-26 15:45:18,20260926,20,3,4-6-2,241.6
2026-09-26 15:45:18,20260926,20,3,4-6-3,310.0
2026-09-26 15:45:18,20260926,20,3,4-6-5,164.2
2026-09-26 15:45:18,20260926,20,3,5-1-2,178.0
2026-09-26 15:45:18,20260926,20,3,5-1-3,145.1
2026-09-26 15:45:18,20260926,20,3,5-1-4,128.5
2026-09-26 15:45:18,20260926,20,3,5-1-6,179.8
2026-09-26 15:45:18,20260926,20,3,5-2-1,335.9
2026-09-26 15:45:18,20260926,20,3,5-2-3,320.1
2026-09-26 15:45:18,20260926,20,3,5-2-4,424.3
2026-09-26 15:45:18,20260926,20,3,5-2-6,461.8
2026-09-26 15:45:18,20260926,20,3,5-3-1,233.3
2026-09-26 15:45:18,20260926,20,3,5-3-2,281.5
2026-09-26 15:45:18,20260926,20,3,5-3-4,360.4
2026-09-26 15:45:18,20260926,20,3,5-3-6,603.2
2026-09-26 15:45:18,20260926,20,3,5-4-1,145.3
2026-09-26 15:45:18,20260926,20,3,5-4-2,315.5
2026-09-26 15:45:18,20260926,20,3,5-4-3,313.3
2026-09-26 15:45:18,20260926,20,3,5-4-6,283.3
2026-09-26 15:45:18,20260926,20,3,5-6-1,338.4
2026-09-26 15:45:18,20260926,20,3,5-6-2,537.4
2026-09-26 15:45:18,20260926,20,3,5-6-3,624.5
2026-09-26 15:45:18,20260926,20,3,5-6-4,527.8
2026-09-26 15:45:18,20260926,20,3,6-1-2,501.0
2026-09-26 15:45:18,20260926,20,3,6-1-3,692.8
2026-09-26 15:45:18,20260926,20,3,6-1-4,642.6
2026-09-26 15:45:18,20260926,20,3,6-1-5,886.8
2026-09-26 15:45:18,20260926,20,3,6-2-1,709.4
2026-09-26 15:45:18,20260926,20,3,6-2-3,953.5
2026-09-26 15:45:18,20260926,20,3,6-2-4,895.7
2026-09-26 15:45:18,20260926,20,3,6-2-5,1043.0
2026-09-26 15:45:18,20260926,20,3,6-3-1,1007.0
2026-09-26 15:45:18,20260926,20,3,6-3-2,914.2
2026-09-26 15:45:18,20260926,20,3,6-3-4,1019.0
2026-09-26 15:45:18,20260926,20,3,6-3-5,1166.0
2026-09-26 15:45:18,20260926,20,3,6-4-1,878.0
2026-09-26 15:45:18,20260926,20,3,6-4-2,1007.0
2026-09-26 15:45:18,20260926,20,3,6-4-3,1055.0
2026-09-26 15:45:18,20260926,20,3,6-4-5,895.7
2026-09-26 15:45:18,20260926,20,3,6-5-1,943.4
2026-09-26 15:45:18,20260926,20,3,6-5-2,1182.0
2026-09-26 15:45:18,20260926,20,3,6-5-3,1151.0
2026-09-26 15:45:18,20260926,20,3,6-5-4,757.9
2026-09-26 15:47:35,20260926,3,11,1-2-3,20.3
2026-09-26 15:47:35,20260926,3,11,1-2-4,29.1
2026-09-26 15:47:35,20260926,3,11,1-2-5,
2026-09-26 15:47:35,20260926,3,11,1-2-6,44.6
2026-09-26 15:47:35,20260926,3,11,1-3-2,14.1
2026-09-26 15:47:35,20260926,3,11,1-3-4,6.2
2026-09-26 15:47:35,20260926,3,11,1-3-5,
2026-09-26 15:47:35,20260926,3,11,1-3-6,16.6
2026-09-26 15:47:35,20260926,3,11,1-4-2,24.2
2026-09-26 15:47:35,20260926,3,11,1-4-3,9.8
2026-09-26 15:47:35,20260926,3,11,1-4-5,
2026-09-26 15:47:35,20260926,3,11,1-4-6,27.4
2026-09-26 15:47:35,20260926,3,11,1-5-2,
2026-09-26 15:47:35,20260926,3,11,1-5-3,
2026-09-26 15:47:35,20260926,3,11,1-5-4,
2026-09-26 15:47:35,20260926,3,11,1-5-6,
2026-09-26 15:47:35,20260926,3,11,1-6-2,59.7
2026-09-26 15:47:35,20260926,3,11,1-6-3,39.9
2026-09-26 15:47:35,20260926,3,11,1-6-4,44.6
2026-09-26 15:47:35,20260926,3,11,1-6-5,
2026-09-26 15:47:35,20260926,3,11,2-1-3,66.9
2026-09-26 15:47:35,20260926,3,11,2-1-4,81.8
2026-09-26 15:47:35,20260926,3,11,2-1-5,
2026-09-26 15:47:35,20260926,3,11,2-1-6,175.4
2026-09-26 15:47:35,20260926,3,11,2-3-1,110.3
2026-09-26 15:47:35,20260926,3,11,2-3-4,138.2
2026-09-26 15:47:35,20260926,3,11,2-3-5,
2026-09-26 15:47:35,20260926,3,11,2-3-6,314.4
2026-09-26 15:47:35,20260926,3,11,2-4-1,116.4
2026-09-26 15:47:35,20260926,3,11,2-4-3,172.2
2026-09-26 15:47:35,20260926,3,11,2-4-5,
2026-09-26 15:47:35,20260926,3,11,2-4-6,231.4
2026-09-26 15:47:35,20260926,3,11,2-5-1,
2026-09-26 15:47:35,20260926,3,11,2-5-3,
2026-09-26 15:47:35,20260926,3,11,2-5-4,
2026-09-26 15:47:35,20260926,3,11,2-5-6,
2026-09-26 15:47:35,20260926,3,11,2-6-1,288.0
2026-09-26 15:47:35,20260926,3,11,2-6-3,449.1
2026-09-26 15:47:35,20260926,3,11,2-6-4,355.9
2026-09-26 15:47:35,20260926,3,11,2-6-5,
2026-09-26 15:47:35,20260926,3,11,3-1-2,22.9
2026-09-26 15:47:35,20260926,3,11,3-1-4,11.1
2026-09-26 15:47:35,20260926,3,11,3-1-5,
2026-09-26 15:47:35,20260926,3,11,3-1-6,31.4
2026-09-26 15:47:35,20260926,3,11,3-2-1,80.4
2026-09-26 15:47:35,20260926,3,11,3-2-4,83.6
2026-09-26 15:47:35,20260926,3,11,3-2-5,
2026-09-26 15:47:35,20260926,3,11,3-2-6,221.9
2026-09-26 15:47:35,20260926,3,11,3-4-1,18.1
2026-09-26 15:47:35,20260926,3,11,3-4-2,44.1
2026-09-26 15:47:35,20260926,3,11,3-4-5,
2026-09-26 15:47:35,20260926,3,11,3-4-6,34.7
2026-09-26 15:47:35,20260926,3,11,3-5-1,
2026-09-26 15:47:35,20260926,3,11,3-5-2,
2026-09-26 15:47:35,20260926,3,11,3-5-4,
2026-09-26 15:47:35,20260926,3,11,3-5-6,
2026-09-26 15:47:35,20260926,3,11,3-6-1,73.2
2026-09-26 15:47:35,20260926,3,11,3-6-2,232.9
2026-09-26 15:47:35,20260926,3,11,3-6-4,67.4
2026-09-26 15:47:35,20260926,3,11,3-6-5,
2026-09-26 15:47:35,20260926,3,11,4-1-2,47.7
2026-09-26 15:47:35,20260926,3,11,4-1-3,21.1
2026-09-26 15:47:35,20260926,3,11,4-1-5,
2026-09-26 15:47:35,20260926,3,11,4-1-6,40.0
2026-09-26 15:47:35,20260926,3,11,4-2-1,106.5
2026-09-26 15:47:35,20260926,3,11,4-2-3,115.3
2026-09-26 15:47:35,20260926,3,11,4-2-5,
2026-09-26 15:47:35,20260926,3,11,4-2-6,156.5
2026-09-26 15:47:35,20260926,3,11,4-3-1,27.5
2026-09-26 15:47:35,20260926,3,11,4-3-2,80.6
2026-09-26 15:47:35,20260926,3,11,4-3-5,
2026-09-26 15:47:35,20260926,3,11,4-3-6,41.6
2026-09-26 15:47:35,20260926,3,11,4-5-1,
2026-09-26 15:47:35,20260926,3,11,4-5-2,
2026-09-26 15:47:35,20260926,3,11,4-5-3,
2026-09-26 15:47:35,20260926,3,11,4-5-6,
2026-09-26 15:47:35,20260926,3,11,4-6-1,59.3
2026-09-26 15:47:35,20260926,3,11,4-6-2,105.6
2026-09-26 15:47:35,20260926,3,11,4-6-3,56.9
2026-09-26 15:47:35,20260926,3,11,4-6-5,
2026-09-26 15:47:35,20260926,3,11,5-1-2,
2026-09-26 15:47:35,20260926,3,11,5-1-3,
2026-09-26 15:47:35,20260926,3,11,5-1-4,
2026-09-26 15:47:35,20260926,3,11,5-1-6,
2026-09-26 15:47:35,20260926,3,11,5-2-1,
2026-09-26 15:47:35,20260926,3,11,5-2-3,
2026-09-26 15:47:35,20260926,3,11,5-2-4,
2026-09-26 15:47:35,20260926,3,11,5-2-6,
2026-09-26 15:47:35,20260926,3,11,5-3-1,
2026-09-26 15:47:35,20260926,3,11,5-3-2,
2026-09-26 15:47:35,20260926,3,11,5-3-4,
2026-09-26 15:47:35,20260926,3,11,5-3-6,
2026-09-26 15:47:35,20260926,3,11,5-4-1,
2026-09-26 15:47:35,20260926,3,11,5-4-2,
2026-09-26 15:47:35,20260926,3,11,5-4-3,
2026-09-26 15:47:35,20260926,3,11,5-4-6,
2026-09-26 15:47:35,20260926,3,11,5-6-1,
2026-09-26 15:47:35,20260926,3,11,5-6-2,
2026-09-26 15:47:35,20260926,3,11,5-6-3,
2026-09-26 15:47:35,20260926,3,11,5-6-4,
2026-09-26 15:47:35,20260926,3,11,6-1-2,254.9
2026-09-26 15:47:35,20260926,3,11,6-1-3,218.1
2026-09-26 15:47:35,20260926,3,11,6-1-4,221.9
2026-09-26 15:47:35,20260926,3,11,6-1-5,
2026-09-26 15:47:35,20260926,3,11,6-2-1,433.6
2026-09-26 15:47:35,20260926,3,11,6-2-3,509.8
2026-09-26 15:47:35,20260926,3,11,6-2-4,433.6
2026-09-26 15:47:35,20260926,3,11,6-2-5,
2026-09-26 15:47:35,20260926,3,11,6-3-1,271.4
2026-09-26 15:47:35,20260926,3,11,6-3-2,423.9
2026-09-26 15:47:35,20260926,3,11,6-3-4,113.6
2026-09-26 15:47:35,20260926,3,11,6-3-5,
2026-09-26 15:47:35,20260926,3,11,6-4-1,228.6
2026-09-26 15:47:35,20260926,3,11,6-4-2,393.0
2026-09-26 15:47:35,20260926,3,11,6-4-3,156.5
2026-09-26 15:47:35,20260926,3,11,6-4-5,
2026-09-26 15:47:35,20260926,3,11,6-5-1,
2026-09-26 15:47:35,20260926,3,11,6-5-2,
2026-09-26 15:47:35,20260926,3,11,6-5-3,
2026-09-26 15:47:35,20260926,3,11,6-5-4,
2026-09-26 15:52:43,20260926,13,12,1-2-3,7.4
2026-09-26 15:52:43,20260926,13,12,1-2-4,14.8
2026-09-26 15:52:43,20260926,13,12,1-2-5,8.0
2026-09-26 15:52:43,20260926,13,12,1-2-6,30.1
2026-09-26 15:52:43,20260926,13,12,1-3-2,13.9
2026-09-26 15:52:43,20260926,13,12,1-3-4,21.3
2026-09-26 15:52:43,20260926,13,12,1-3-5,10.3
2026-09-26 15:52:43,20260926,13,12,1-3-6,37.2
2026-09-26 15:52:43,20260926,13,12,1-4-2,29.4
2026-09-26 15:52:43,20260926,13,12,1-4-3,30.7
2026-09-26 15:52:43,20260926,13,12,1-4-5,25.2
2026-09-26 15:52:43,20260926,13,12,1-4-6,49.3
2026-09-26 15:52:43,20260926,13,12,1-5-2,11.1
2026-09-26 15:52:43,20260926,13,12,1-5-3,11.9
2026-09-26 15:52:43,20260926,13,12,1-5-4,28.7
2026-09-26 15:52:43,20260926,13,12,1-5-6,28.8
2026-09-26 15:52:43,20260926,13,12,1-6-2,80.5
2026-09-26 15:52:43,20260926,13,12,1-6-3,96.2
2026-09-26 15:52:43,20260926,13,12,1-6-4,100.8
2026-09-26 15:52:43,20260926,13,12,1-6-5,67.4
2026-09-26 15:52:43,20260926,13,12,2-1-3,60.8
2026-09-26 15:52:43,20260926,13,12,2-1-4,115.2
2026-09-26 15:52:43,20260926,13,12,2-1-5,67.6
2026-09-26 15:52:43,20260926,13,12,2-1-6,165.6
2026-09-26 15:52:43,20260926,13,12,2-3-1,169.5
2026-09-26 15:52:43,20260926,13,12,2-3-4,369.0
2026-09-26 15:52:43,20260926,13,12,2-3-5,249.2
2026-09-26 15:52:43,20260926,13,12,2-3-6,1041.0
2026-09-26 15:52:43,20260926,13,12,2-4-1,383.6
2026-09-26 15:52:43,20260926,13,12,2-4-3,560.7
2026-09-26 15:52:43,20260926,13,12,2-4-5,971.9
2026-09-26 15:52:43,20260926,13,12,2-4-6,394.0
2026-09-26 15:52:43,20260926,13,12,2-5-1,151.8
2026-09-26 15:52:43,20260926,13,12,2-5-3,255.7
2026-09-26 15:52:43,20260926,13,12,2-5-4,911.2
2026-09-26 15:52:43,20260926,13,12,2-5-6,883.5
2026-09-26 15:52:43,20260926,13,12,2-6-1,647.9
2026-09-26 15:52:43,20260926,13,12,2-6-3,1214.0
2026-09-26 15:52:43,20260926,13,12,2-6-4,971.9
2026-09-26 15:52:43,20260926,13,12,2-6-5,1715.0
2026-09-26 15:52:43,20260926,13,12,3-1-2,117.5
2026-09-26 15:52:43,20260926,13,12,3-1-4,148.0
2026-09-26 15:52:43,20260926,13,12,3-1-5,79.8
2026-09-26 15:52:43,20260926,13,12,3-1-6,251.3
2026-09-26 15:52:43,20260926,13,12,3-2-1,198.3
2026-09-26 15:52:43,20260926,13,12,3-2-4,205.3
2026-09-26 15:52:43,20260926,13,12,3-2-5,131.9
2026-09-26 15:52:43,20260926,13,12,3-2-6,711.1
2026-09-26 15:52:43,20260926,13,12,3-4-1,378.6
2026-09-26 15:52:43,20260926,13,12,3-4-2,404.9
2026-09-26 15:52:43,20260926,13,12,3-4-5,502.7
2026-09-26 15:52:43,20260926,13,12,3-4-6,394.0
2026-09-26 15:52:43,20260926,13,12,3-5-1,153.4
2026-09-26 15:52:43,20260926,13,12,3-5-2,211.2
2026-09-26 15:52:43,20260926,13,12,3-5-4,595.0
2026-09-26 15:52:43,20260926,13,12,3-5-6,478.0
2026-09-26 15:52:43,20260926,13,12,3-6-1,662.6
2026-09-26 15:52:43,20260926,13,12,3-6-2,940.5
2026-09-26 15:52:43,20260926,13,12,3-6-4,1005.0
2026-09-26 15:52:43,20260926,13,12,3-6-5,1166.0
2026-09-26 15:52:43,20260926,13,12,4-1-2,231.4
2026-09-26 15:52:43,20260926,13,12,4-1-3,277.7
2026-09-26 15:52:43,20260926,13,12,4-1-5,251.3
2026-09-26 15:52:43,20260926,13,12,4-1-6,378.6
2026-09-26 15:52:43,20260926,13,12,4-2-1,327.6
2026-09-26 15:52:43,20260926,13,12,4-2-3,583.1
2026-09-26 15:52:43,20260926,13,12,4-2-5,911.2
2026-09-26 15:52:43,20260926,13,12,4-2-6,633.8
2026-09-26 15:52:43,20260926,13,12,4-3-1,428.8
2026-09-26 15:52:43,20260926,13,12,4-3-2,694.2
2026-09-26 15:52:43,20260926,13,12,4-3-5,833.1
2026-09-26 15:52:43,20260926,13,12,4-3-6,940.5
2026-09-26 15:52:43,20260926,13,12,4-5-1,410.6
2026-09-26 15:52:43,20260926,13,12,4-5-2,788.0
2026-09-26 15:52:43,20260926,13,12,4-5-3,607.4
2026-09-26 15:52:43,20260926,13,12,4-5-6,595.0
2026-09-26 15:52:43,20260926,13,12,4-6-1,607.4
2026-09-26 15:52:43,20260926,13,12,4-6-2,1079.0
2026-09-26 15:52:43,20260926,13,12,4-6-3,1267.0
2026-09-26 15:52:43,20260926,13,12,4-6-5,857.6
2026-09-26 15:52:43,20260926,13,12,5-1-2,60.2
2026-09-26 15:52:43,20260926,13,12,5-1-3,66.7
2026-09-26 15:52:43,20260926,13,12,5-1-4,166.6
2026-09-26 15:52:43,20260926,13,12,5-1-6,127.8
2026-09-26 15:52:43,20260926,13,12,5-2-1,132.5
2026-09-26 15:52:43,20260926,13,12,5-2-3,233.2
2026-09-26 15:52:43,20260926,13,12,5-2-4,462.8
2026-09-26 15:52:43,20260926,13,12,5-2-6,373.8
2026-09-26 15:52:43,20260926,13,12,5-3-1,183.3
2026-09-26 15:52:43,20260926,13,12,5-3-2,245.0
2026-09-26 15:52:43,20260926,13,12,5-3-4,539.9
2026-09-26 15:52:43,20260926,13,12,5-3-6,485.9
2026-09-26 15:52:43,20260926,13,12,5-4-1,394.0
2026-09-26 15:52:43,20260926,13,12,5-4-2,633.8
2026-09-26 15:52:43,20260926,13,12,5-4-3,694.2
2026-09-26 15:52:43,20260926,13,12,5-4-6,373.8
2026-09-26 15:52:43,20260926,13,12,5-6-1,335.1
2026-09-26 15:52:43,20260926,13,12,5-6-2,511.5
2026-09-26 15:52:43,20260926,13,12,5-6-3,607.4
2026-09-26 15:52:43,20260926,13,12,5-6-4,788.0
2026-09-26 15:52:43,20260926,13,12,6-1-2,494.2
2026-09-26 15:52:43,20260926,13,12,6-1-3,494.2
2026-09-26 15:52:43,20260926,13,12,6-1-4,971.9
2026-09-26 15:52:43,20260926,13,12,6-1-5,550.1
2026-09-26 15:52:43,20260926,13,12,6-2-1,788.0
2026-09-26 15:52:43,20260926,13,12,6-2-3,1121.0
2026-09-26 15:52:43,20260926,13,12,6-2-4,1079.0
2026-09-26 15:52:43,20260926,13,12,6-2-5,883.5
2026-09-26 15:52:43,20260926,13,12,6-3-1,857.6
2026-09-26 15:52:43,20260926,13,12,6-3-2,1166.0
2026-09-26 15:52:43,20260926,13,12,6-3-4,1121.0
2026-09-26 15:52:43,20260926,13,12,6-3-5,1166.0
2026-09-26 15:52:43,20260926,13,12,6-4-1,940.5
2026-09-26 15:52:43,20260926,13,12,6-4-2,1214.0
2026-09-26 15:52:43,20260926,13,12,6-4-3,1715.0
2026-09-26 15:52:43,20260926,13,12,6-4-5,1267.0
2026-09-26 15:52:43,20260926,13,12,6-5-1,633.8
2026-09-26 15:52:43,20260926,13,12,6-5-2,1005.0
2026-09-26 15:52:43,20260926,13,12,6-5-3,1715.0
2026-09-26 15:52:43,20260926,13,12,6-5-4,1166.0
2026-09-26 15:55:02,20260926,8,12,1-2-3,4.0
2026-09-26 15:55:02,20260926,8,12,1-2-4,11.1
2026-09-26 15:55:02,20260926,8,12,1-2-5,19.9
2026-09-26 15:55:02,20260926,8,12,1-2-6,34.7
2026-09-26 15:55:02,20260926,8,12,1-3-2,5.6
2026-09-26 15:55:02,20260926,8,12,1-3-4,12.5
2026-09-26 15:55:02,20260926,8,12,1-3-5,21.7
2026-09-26 15:55:02,20260926,8,12,1-3-6,47.2
2026-09-26 15:55:02,20260926,8,12,1-4-2,21.1
2026-09-26 15:55:02,20260926,8,12,1-4-3,26.7
2026-09-26 15:55:02,20260926,8,12,1-4-5,46.2
2026-09-26 15:55:02,20260926,8,12,1-4-6,65.8
2026-09-26 15:55:02,20260926,8,12,1-5-2,36.8
2026-09-26 15:55:02,20260926,8,12,1-5-3,39.7
2026-09-26 15:55:02,20260926,8,12,1-5-4,68.6
2026-09-26 15:55:02,20260926,8,12,1-5-6,102.8
2026-09-26 15:55:02,20260926,8,12,1-6-2,113.3
2026-09-26 15:55:02,20260926,8,12,1-6-3,134.0
2026-09-26 15:55:02,20260926,8,12,1-6-4,175.5
2026-09-26 15:55:02,20260926,8,12,1-6-5,182.3
2026-09-26 15:55:02,20260926,8,12,2-1-3,45.3
2026-09-26 15:55:02,20260926,8,12,2-1-4,71.3
2026-09-26 15:55:02,20260926,8,12,2-1-5,113.0
2026-09-26 15:55:02,20260926,8,12,2-1-6,238.3
2026-09-26 15:55:02,20260926,8,12,2-3-1,90.2
2026-09-26 15:55:02,20260926,8,12,2-3-4,173.3
2026-09-26 15:55:02,20260926,8,12,2-3-5,322.7
2026-09-26 15:55:02,20260926,8,12,2-3-6,524.3
2026-09-26 15:55:02,20260926,8,12,2-4-1,224.3
2026-09-26 15:55:02,20260926,8,12,2-4-3,268.9
2026-09-26 15:55:02,20260926,8,12,2-4-5,524.3
2026-09-26 15:55:02,20260926,8,12,2-4-6,441.5
2026-09-26 15:55:02,20260926,8,12,2-5-1,361.6
2026-09-26 15:55:02,20260926,8,12,2-5-3,415.3
2026-09-26 15:55:02,20260926,8,12,2-5-4,582.6
2026-09-26 15:55:02,20260926,8,12,2-5-6,645.4
2026-09-26 15:55:02,20260926,8,12,2-6-1,791.5
2026-09-26 15:55:02,20260926,8,12,2-6-3,599.3
2026-09-26 15:55:02,20260926,8,12,2-6-4,566.9
2026-09-26 15:55:02,20260926,8,12,2-6-5,953.4
2026-09-26 15:55:02,20260926,8,12,3-1-2,35.3
2026-09-26 15:55:02,20260926,8,12,3-1-4,48.3
2026-09-26 15:55:02,20260926,8,12,3-1-5,75.9
2026-09-26 15:55:02,20260926,8,12,3-1-6,177.0
2026-09-26 15:55:02,20260926,8,12,3-2-1,85.4
2026-09-26 15:55:02,20260926,8,12,3-2-4,125.6
2026-09-26 15:55:02,20260926,8,12,3-2-5,196.9
2026-09-26 15:55:02,20260926,8,12,3-2-6,306.2
2026-09-26 15:55:02,20260926,8,12,3-4-1,107.5
2026-09-26 15:55:02,20260926,8,12,3-4-2,165.1
2026-09-26 15:55:02,20260926,8,12,3-4-5,272.4
2026-09-26 15:55:02,20260926,8,12,3-4-6,330.3
2026-09-26 15:55:02,20260926,8,12,3-5-1,203.6
2026-09-26 15:55:02,20260926,8,12,3-5-2,352.5
2026-09-26 15:55:02,20260926,8,12,3-5-4,455.9
2026-09-26 15:55:02,20260926,8,12,3-5-6,566.9
2026-09-26 15:55:02,20260926,8,12,3-6-1,687.7
2026-09-26 15:55:02,20260926,8,12,3-6-2,655.4
2026-09-26 15:55:02,20260926,8,12,3-6-4,616.9
2026-09-26 15:55:02,20260926,8,12,3-6-5,687.7
2026-09-26 15:55:02,20260926,8,12,4-1-2,143.6
2026-09-26 15:55:02,20260926,8,12,4-1-3,142.2
2026-09-26 15:55:02,20260926,8,12,4-1-5,229.2
2026-09-26 15:55:02,20260926,8,12,4-1-6,310.7
2026-09-26 15:55:02,20260926,8,12,4-2-1,209.7
2026-09-26 15:55:02,20260926,8,12,4-2-3,320.2
2026-09-26 15:55:02,20260926,8,12,4-2-5,524.3
2026-09-26 15:55:02,20260926,8,12,4-2-6,446.2
2026-09-26 15:55:02,20260926,8,12,4-3-1,187.2
2026-09-26 15:55:02,20260926,8,12,4-3-2,325.2
2026-09-26 15:55:02,20260926,8,12,4-3-5,645.4
2026-09-26 15:55:02,20260926,8,12,4-3-6,665.8
2026-09-26 15:55:02,20260926,8,12,4-5-1,325.2
2026-09-26 15:55:02,20260926,8,12,4-5-2,487.8
2026-09-26 15:55:02,20260926,8,12,4-5-3,451.0
2026-09-26 15:55:02,20260926,8,12,4-5-6,451.0
2026-09-26 15:55:02,20260926,8,12,4-6-1,517.9
2026-09-26 15:55:02,20260926,8,12,4-6-2,341.0
2026-09-26 15:55:02,20260926,8,12,4-6-3,471.3
2026-09-26 15:55:02,20260926,8,12,4-6-5,626.1
2026-09-26 15:55:02,20260926,8,12,5-1-2,163.2
2026-09-26 15:55:02,20260926,8,12,5-1-3,177.7
2026-09-26 15:55:02,20260926,8,12,5-1-4,245.3
2026-09-26 15:55:02,20260926,8,12,5-1-6,317.8
2026-09-26 15:55:02,20260926,8,12,5-2-1,322.7
2026-09-26 15:55:02,20260926,8,12,5-2-3,482.1
2026-09-26 15:55:02,20260926,8,12,5-2-4,551.9
2026-09-26 15:55:02,20260926,8,12,5-2-6,551.9
2026-09-26 15:55:02,20260926,8,12,5-3-1,325.2
2026-09-26 15:55:02,20260926,8,12,5-3-2,551.9
2026-09-26 15:55:02,20260926,8,12,5-3-4,511.6
2026-09-26 15:55:02,20260926,8,12,5-3-6,1075.0
2026-09-26 15:55:02,20260926,8,12,5-4-1,407.2
2026-09-26 15:55:02,20260926,8,12,5-4-2,626.1
2026-09-26 15:55:02,20260926,8,12,5-4-3,711.0
2026-09-26 15:55:02,20260926,8,12,5-4-6,645.4
2026-09-26 15:55:02,20260926,8,12,5-6-1,776.8
2026-09-26 15:55:02,20260926,8,12,5-6-2,822.5
2026-09-26 15:55:02,20260926,8,12,5-6-3,1103.0
2026-09-26 15:55:02,20260926,8,12,5-6-4,1075.0
2026-09-26 15:55:02,20260926,8,12,6-1-2,626.1
2026-09-26 15:55:02,20260926,8,12,6-1-3,590.8
2026-09-26 15:55:02,20260926,8,12,6-1-4,544.8
2026-09-26 15:55:02,20260926,8,12,6-1-5,806.7
2026-09-26 15:55:02,20260926,8,12,6-2-1,806.7
2026-09-26 15:55:02,20260926,8,12,6-2-3,551.9
2026-09-26 15:55:02,20260926,8,12,6-2-4,687.7
2026-09-26 15:55:02,20260926,8,12,6-2-5,1165.0
2026-09-26 15:55:02,20260926,8,12,6-3-1,975.6
2026-09-26 15:55:02,20260926,8,12,6-3-2,998.8
2026-09-26 15:55:02,20260926,8,12,6-3-4,856.1
2026-09-26 15:55:02,20260926,8,12,6-3-5,1613.0
2026-09-26 15:55:02,20260926,8,12,6-4-1,735.9
2026-09-26 15:55:02,20260926,8,12,6-4-2,911.9
2026-09-26 15:55:02,20260926,8,12,6-4-3,1075.0
2026-09-26 15:55:02,20260926,8,12,6-4-5,1103.0
2026-09-26 15:55:02,20260926,8,12,6-5-1,953.4
2026-09-26 15:55:02,20260926,8,12,6-5-2,1198.0
2026-09-26 15:55:02,20260926,8,12,6-5-3,1165.0
2026-09-26 15:55:02,20260926,8,12,6-5-4,839.0
2026-09-26 15:57:18,20260926,15,3,1-2-3,60.2
2026-09-26 15:57:18,20260926,15,3,1-2-4,39.7
2026-09-26 15:57:18,20260926,15,3,1-2-5,52.5
2026-09-26 15:57:18,20260926,15,3,1-2-6,79.1
2026-09-26 15:57:18,20260926,15,3,1-3-2,81.4
2026-09-26 15:57:18,20260926,15,3,1-3-4,48.1
2026-09-26 15:57:18,20260926,15,3,1-3-5,71.6
2026-09-26 15:57:18,20260926,15,3,1-3-6,148.4
2026-09-26 15:57:18,20260926,15,3,1-4-2,37.6
2026-09-26 15:57:18,20260926,15,3,1-4-3,44.5
2026-09-26 15:57:18,20260926,15,3,1-4-5,27.7
2026-09-26 15:57:18,20260926,15,3,1-4-6,119.5
2026-09-26 15:57:18,20260926,15,3,1-5-2,81.8
2026-09-26 15:57:18,20260926,15,3,1-5-3,81.0
2026-09-26 15:57:18,20260926,15,3,1-5-4,52.9
2026-09-26 15:57:18,20260926,15,3,1-5-6,137.3
2026-09-26 15:57:18,20260926,15,3,1-6-2,135.1
2026-09-26 15:57:18,20260926,15,3,1-6-3,184.6
2026-09-26 15:57:18,20260926,15,3,1-6-4,167.8
2026-09-26 15:57:18,20260926,15,3,1-6-5,268.0
2026-09-26 15:57:18,20260926,15,3,2-1-3,92.8
2026-09-26 15:57:18,20260926,15,3,2-1-4,67.5
2026-09-26 15:57:18,20260926,15,3,2-1-5,97.2
2026-09-26 15:57:18,20260926,15,3,2-1-6,210.3
2026-09-26 15:57:18,20260926,15,3,2-3-1,224.6
2026-09-26 15:57:18,20260926,15,3,2-3-4,134.0
2026-09-26 15:57:18,20260926,15,3,2-3-5,148.4
2026-09-26 15:57:18,20260926,15,3,2-3-6,259.7
2026-09-26 15:57:18,20260926,15,3,2-4-1,68.6
2026-09-26 15:57:18,20260926,15,3,2-4-3,100.7
2026-09-26 15:57:18,20260926,15,3,2-4-5,38.6
2026-09-26 15:57:18,20260926,15,3,2-4-6,176.8
2026-09-26 15:57:18,20260926,15,3,2-5-1,113.0
2026-09-26 15:57:18,20260926,15,3,2-5-3,143.2
2026-09-26 15:57:18,20260926,15,3,2-5-4,62.0
2026-09-26 15:57:18,20260926,15,3,2-5-6,286.5
2026-09-26 15:57:18,20260926,15,3,2-6-1,319.6
2026-09-26 15:57:18,20260926,15,3,2-6-3,449.2
2026-09-26 15:57:18,20260926,15,3,2-6-4,307.8
2026-09-26 15:57:18,20260926,15,3,2-6-5,319.6
2026-09-26 15:57:18,20260926,15,3,3-1-2,147.0
2026-09-26 15:57:18,20260926,15,3,3-1-4,96.6
2026-09-26 15:57:18,20260926,15,3,3-1-5,61.5
2026-09-26 15:57:18,20260926,15,3,3-1-6,195.5
2026-09-26 15:57:18,20260926,15,3,3-2-1,240.8
2026-09-26 15:57:18,20260926,15,3,3-2-4,79.5
2026-09-26 15:57:18,20260926,15,3,3-2-5,98.3
2026-09-26 15:57:18,20260926,15,3,3-2-6,200.2
2026-09-26 15:57:18,20260926,15,3,3-4-1,122.2
2026-09-26 15:57:18,20260926,15,3,3-4-2,132.9
2026-09-26 15:57:18,20260926,15,3,3-4-5,98.3
2026-09-26 15:57:18,20260926,15,3,3-4-6,296.8
2026-09-26 15:57:18,20260926,15,3,3-5-1,130.8
2026-09-26 15:57:18,20260926,15,3,3-5-2,107.2
2026-09-26 15:57:18,20260926,15,3,3-5-4,124.9
2026-09-26 15:57:18,20260926,15,3,3-5-6,230.8
2026-09-26 15:57:18,20260926,15,3,3-6-1,449.2
2026-09-26 15:57:18,20260926,15,3,3-6-2,361.3
2026-09-26 15:57:18,20260926,15,3,3-6-4,307.8
2026-09-26 15:57:18,20260926,15,3,3-6-5,395.7
2026-09-26 15:57:18,20260926,15,3,4-1-2,32.1
2026-09-26 15:57:18,20260926,15,3,4-1-3,53.6
2026-09-26 15:57:18,20260926,15,3,4-1-5,18.5
2026-09-26 15:57:18,20260926,15,3,4-1-6,78.4
2026-09-26 15:57:18,20260926,15,3,4-2-1,38.5
2026-09-26 15:57:18,20260926,15,3,4-2-3,56.3
2026-09-26 15:57:18,20260926,15,3,4-2-5,16.4
2026-09-26 15:57:18,20260926,15,3,4-2-6,71.0
2026-09-26 15:57:18,20260926,15,3,4-3-1,110.8
2026-09-26 15:57:18,20260926,15,3,4-3-2,166.2
2026-09-26 15:57:18,20260926,15,3,4-3-5,37.6
2026-09-26 15:57:18,20260926,15,3,4-3-6,188.8
2026-09-26 15:57:18,20260926,15,3,4-5-1,14.1
2026-09-26 15:57:18,20260926,15,3,4-5-2,11.8
2026-09-26 15:57:18,20260926,15,3,4-5-3,20.0
2026-09-26 15:57:18,20260926,15,3,4-5-6,28.2
2026-09-26 15:57:18,20260926,15,3,4-6-1,180.6
2026-09-26 15:57:18,20260926,15,3,4-6-2,186.7
2026-09-26 15:57:18,20260926,15,3,4-6-3,240.8
2026-09-26 15:57:18,20260926,15,3,4-6-5,113.8
2026-09-26 15:57:18,20260926,15,3,5-1-2,98.9
2026-09-26 15:57:18,20260926,15,3,5-1-3,105.1
2026-09-26 15:57:18,20260926,15,3,5-1-4,73.5
2026-09-26 15:57:18,20260926,15,3,5-1-6,200.2
2026-09-26 15:57:18,20260926,15,3,5-2-1,176.8
2026-09-26 15:57:18,20260926,15,3,5-2-3,142.0
2026-09-26 15:57:18,20260926,15,3,5-2-4,75.5
2026-09-26 15:57:18,20260926,15,3,5-2-6,244.4
2026-09-26 15:57:18,20260926,15,3,5-3-1,173.1
2026-09-26 15:57:18,20260926,15,3,5-3-2,195.5
2026-09-26 15:57:18,20260926,15,3,5-3-4,138.5
2026-09-26 15:57:18,20260926,15,3,5-3-6,415.5
2026-09-26 15:57:18,20260926,15,3,5-4-1,50.9
2026-09-26 15:57:18,20260926,15,3,5-4-2,52.1
2026-09-26 15:57:18,20260926,15,3,5-4-3,110.0
2026-09-26 15:57:18,20260926,15,3,5-4-6,109.3
2026-09-26 15:57:18,20260926,15,3,5-6-1,461.7
2026-09-26 15:57:18,20260926,15,3,5-6-2,449.2
2026-09-26 15:57:18,20260926,15,3,5-6-3,722.6
2026-09-26 15:57:18,20260926,15,3,5-6-4,319.6
2026-09-26 15:57:18,20260926,15,3,6-1-2,426.1
2026-09-26 15:57:18,20260926,15,3,6-1-3,437.4
2026-09-26 15:57:18,20260926,15,3,6-1-4,503.6
2026-09-26 15:57:18,20260926,15,3,6-1-5,593.6
2026-09-26 15:57:18,20260926,15,3,6-2-1,474.9
2026-09-26 15:57:18,20260926,15,3,6-2-3,573.1
2026-09-26 15:57:18,20260926,15,3,6-2-4,593.6
2026-09-26 15:57:18,20260926,15,3,6-2-5,923.4
2026-09-26 15:57:18,20260926,15,3,6-3-1,755.5
2026-09-26 15:57:18,20260926,15,3,6-3-2,554.0
2026-09-26 15:57:18,20260926,15,3,6-3-4,831.0
2026-09-26 15:57:18,20260926,15,3,6-3-5,1187.0
2026-09-26 15:57:18,20260926,15,3,6-4-1,692.5
2026-09-26 15:57:18,20260926,15,3,6-4-2,474.9
2026-09-26 15:57:18,20260926,15,3,6-4-3,722.6
2026-09-26 15:57:18,20260926,15,3,6-4-5,554.0
2026-09-26 15:57:18,20260926,15,3,6-5-1,831.0
2026-09-26 15:57:18,20260926,15,3,6-5-2,791.5
2026-09-26 15:57:18,20260926,15,3,6-5-3,977.7
2026-09-26 15:57:18,20260926,15,3,6-5-4,461.7
2026-09-26 15:59:42,20260926,11,12,1-2-3,6.5
2026-09-26 15:59:42,20260926,11,12,1-2-4,12.5
2026-09-26 15:59:42,20260926,11,12,1-2-5,11.3
2026-09-26 15:59:42,20260926,11,12,1-2-6,40.2
2026-09-26 15:59:42,20260926,11,12,1-3-2,7.7
2026-09-26 15:59:42,20260926,11,12,1-3-4,10.9
2026-09-26 15:59:42,20260926,11,12,1-3-5,9.6
2026-09-26 15:59:42,20260926,11,12,1-3-6,41.0
2026-09-26 15:59:42,20260926,11,12,1-4-2,23.7
2026-09-26 15:59:42,20260926,11,12,1-4-3,24.2
2026-09-26 15:59:42,20260926,11,12,1-4-5,28.0
2026-09-26 15:59:42,20260926,11,12,1-4-6,56.6
2026-09-26 15:59:42,20260926,11,12,1-5-2,16.7
2026-09-26 15:59:42,20260926,11,12,1-5-3,17.1
2026-09-26 15:59:42,20260926,11,12,1-5-4,33.0
2026-09-26 15:59:42,20260926,11,12,1-5-6,59.3
2026-09-26 15:59:42,20260926,11,12,1-6-2,152.1
2026-09-26 15:59:42,20260926,11,12,1-6-3,145.2
2026-09-26 15:59:42,20260926,11,12,1-6-4,187.2
2026-09-26 15:59:42,20260926,11,12,1-6-5,159.4
2026-09-26 15:59:42,20260926,11,12,2-1-3,78.8
2026-09-26 15:59:42,20260926,11,12,2-1-4,133.3
2026-09-26 15:59:42,20260926,11,12,2-1-5,135.3
2026-09-26 15:59:42,20260926,11,12,2-1-6,330.2
2026-09-26 15:59:42,20260926,11,12,2-3-1,153.0
2026-09-26 15:59:42,20260926,11,12,2-3-4,350.6
2026-09-26 15:59:42,20260926,11,12,2-3-5,365.0
2026-09-26 15:59:42,20260926,11,12,2-3-6,765.2
2026-09-26 15:59:42,20260926,11,12,2-4-1,317.0
2026-09-26 15:59:42,20260926,11,12,2-4-3,488.2
2026-09-26 15:59:42,20260926,11,12,2-4-5,652.3
2026-09-26 15:59:42,20260926,11,12,2-4-6,884.3
2026-09-26 15:59:42,20260926,11,12,2-5-1,276.3
2026-09-26 15:59:42,20260926,11,12,2-5-3,416.6
2026-09-26 15:59:42,20260926,11,12,2-5-4,698.1
2026-09-26 15:59:42,20260926,11,12,2-5-6,846.6
2026-09-26 15:59:42,20260926,11,12,2-6-1,1120.0
2026-09-26 15:59:42,20260926,11,12,2-6-3,1560.0
2026-09-26 15:59:42,20260926,11,12,2-6-4,1421.0
2026-09-26 15:59:42,20260926,11,12,2-6-5,1808.0
2026-09-26 15:59:42,20260926,11,12,3-1-2,57.1
2026-09-26 15:59:42,20260926,11,12,3-1-4,60.9
2026-09-26 15:59:42,20260926,11,12,3-1-5,54.0
2026-09-26 15:59:42,20260926,11,12,3-1-6,177.2
2026-09-26 15:59:42,20260926,11,12,3-2-1,152.7
2026-09-26 15:59:42,20260926,11,12,3-2-4,232.0
2026-09-26 15:59:42,20260926,11,12,3-2-5,251.8
2026-09-26 15:59:42,20260926,11,12,3-2-6,506.9
2026-09-26 15:59:42,20260926,11,12,3-4-1,183.3
2026-09-26 15:59:42,20260926,11,12,3-4-2,320.9
2026-09-26 15:59:42,20260926,11,12,3-4-5,257.5
2026-09-26 15:59:42,20260926,11,12,3-4-6,462.7
2026-09-26 15:59:42,20260926,11,12,3-5-1,115.1
2026-09-26 15:59:42,20260926,11,12,3-5-2,247.9
2026-09-26 15:59:42,20260926,11,12,3-5-4,223.5
2026-09-26 15:59:42,20260926,11,12,3-5-6,347.5
2026-09-26 15:59:42,20260926,11,12,3-6-1,585.2
2026-09-26 15:59:42,20260926,11,12,3-6-2,1075.0
2026-09-26 15:59:42,20260926,11,12,3-6-4,1033.0
2026-09-26 15:59:42,20260926,11,12,3-6-5,829.0
2026-09-26 15:59:42,20260926,11,12,4-1-2,191.3
2026-09-26 15:59:42,20260926,11,12,4-1-3,191.7
2026-09-26 15:59:42,20260926,11,12,4-1-5,173.7
2026-09-26 15:59:42,20260926,11,12,4-1-6,338.6
2026-09-26 15:59:42,20260926,11,12,4-2-1,319.6
2026-09-26 15:59:42,20260926,11,12,4-2-3,500.5
2026-09-26 15:59:42,20260926,11,12,4-2-5,552.7
2026-09-26 15:59:42,20260926,11,12,4-2-6,560.4
2026-09-26 15:59:42,20260926,11,12,4-3-1,290.4
2026-09-26 15:59:42,20260926,11,12,4-3-2,717.0
2026-09-26 15:59:42,20260926,11,12,4-3-5,488.2
2026-09-26 15:59:42,20260926,11,12,4-3-6,904.4
2026-09-26 15:59:42,20260926,11,12,4-5-1,258.4
2026-09-26 15:59:42,20260926,11,12,4-5-2,449.6
2026-09-26 15:59:42,20260926,11,12,4-5-3,394.0
2026-09-26 15:59:42,20260926,11,12,4-5-6,412.3
2026-09-26 15:59:42,20260926,11,12,4-6-1,788.0
2026-09-26 15:59:42,20260926,11,12,4-6-2,884.3
2026-09-26 15:59:42,20260926,11,12,4-6-3,1033.0
2026-09-26 15:59:42,20260926,11,12,4-6-5,855.7
2026-09-26 15:59:42,20260926,11,12,5-1-2,116.6
2026-09-26 15:59:42,20260926,11,12,5-1-3,97.7
2026-09-26 15:59:42,20260926,11,12,5-1-4,188.6
2026-09-26 15:59:42,20260926,11,12,5-1-6,210.5
2026-09-26 15:59:42,20260926,11,12,5-2-1,284.2
2026-09-26 15:59:42,20260926,11,12,5-2-3,303.7
2026-09-26 15:59:42,20260926,11,12,5-2-4,552.7
2026-09-26 15:59:42,20260926,11,12,5-2-6,680.2
2026-09-26 15:59:42,20260926,11,12,5-3-1,162.4
2026-09-26 15:59:42,20260926,11,12,5-3-2,363.4
2026-09-26 15:59:42,20260926,11,12,5-3-4,331.6
2026-09-26 15:59:42,20260926,11,12,5-3-6,576.7
2026-09-26 15:59:42,20260926,11,12,5-4-1,323.5
2026-09-26 15:59:42,20260926,11,12,5-4-2,513.4
2026-09-26 15:59:42,20260926,11,12,5-4-3,468.1
2026-09-26 15:59:42,20260926,11,12,5-4-6,378.9
2026-09-26 15:59:42,20260926,11,12,5-6-1,704.3
2026-09-26 15:59:42,20260926,11,12,5-6-2,1033.0
2026-09-26 15:59:42,20260926,11,12,5-6-3,631.6
2026-09-26 15:59:42,20260926,11,12,5-6-4,820.5
2026-09-26 15:59:42,20260926,11,12,6-1-2,812.1
2026-09-26 15:59:42,20260926,11,12,6-1-3,865.1
2026-09-26 15:59:42,20260926,11,12,6-1-4,904.4
2026-09-26 15:59:42,20260926,11,12,6-1-5,1224.0
2026-09-26 15:59:42,20260926,11,12,6-2-1,1090.0
2026-09-26 15:59:42,20260926,11,12,6-2-3,1501.0
2026-09-26 15:59:42,20260926,11,12,6-2-4,1283.0
2026-09-26 15:59:42,20260926,11,12,6-2-5,1894.0
2026-09-26 15:59:42,20260926,11,12,6-3-1,795.8
2026-09-26 15:59:42,20260926,11,12,6-3-2,1808.0
2026-09-26 15:59:42,20260926,11,12,6-3-4,1447.0
2026-09-26 15:59:42,20260926,11,12,6-3-5,1283.0
2026-09-26 15:59:42,20260926,11,12,6-4-1,1243.0
2026-09-26 15:59:42,20260926,11,12,6-4-2,1989.0
2026-09-26 15:59:42,20260926,11,12,6-4-3,2040.0
2026-09-26 15:59:42,20260926,11,12,6-4-5,1170.0
2026-09-26 15:59:42,20260926,11,12,6-5-1,1372.0
2026-09-26 15:59:42,20260926,11,12,6-5-2,1768.0
2026-09-26 15:59:42,20260926,11,12,6-5-3,1105.0
2026-09-26 15:59:42,20260926,11,12,6-5-4,1033.0
2026-09-26 16:02:08,20260926,5,11,1-2-3,16.9
2026-09-26 16:02:08,20260926,5,11,1-2-4,15.8
2026-09-26 16:02:08,20260926,5,11,1-2-5,18.9
2026-09-26 16:02:08,20260926,5,11,1-2-6,6.8
2026-09-26 16:02:08,20260926,5,11,1-3-2,41.0
2026-09-26 16:02:08,20260926,5,11,1-3-4,51.0
2026-09-26 16:02:08,20260926,5,11,1-3-5,82.1
2026-09-26 16:02:08,20260926,5,11,1-3-6,46.7
2026-09-26 16:02:08,20260926,5,11,1-4-2,23.2
2026-09-26 16:02:08,20260926,5,11,1-4-3,65.0
2026-09-26 16:02:08,20260926,5,11,1-4-5,66.1
2026-09-26 16:02:08,20260926,5,11,1-4-6,19.7
2026-09-26 16:02:08,20260926,5,11,1-5-2,30.9
2026-09-26 16:02:08,20260926,5,11,1-5-3,73.7
2026-09-26 16:02:08,20260926,5,11,1-5-4,114.9
2026-09-26 16:02:08,20260926,5,11,1-5-6,31.1
2026-09-26 16:02:08,20260926,5,11,1-6-2,9.5
2026-09-26 16:02:08,20260926,5,11,1-6-3,34.6
2026-09-26 16:02:08,20260926,5,11,1-6-4,21.5
2026-09-26 16:02:08,20260926,5,11,1-6-5,26.8
2026-09-26 16:02:08,20260926,5,11,2-1-3,109.2
2026-09-26 16:02:08,20260926,5,11,2-1-4,80.7
2026-09-26 16:02:08,20260926,5,11,2-1-5,62.2
2026-09-26 16:02:08,20260926,5,11,2-1-6,34.5
2026-09-26 16:02:08,20260926,5,11,2-3-1,263.1
2026-09-26 16:02:08,20260926,5,11,2-3-4,305.9
2026-09-26 16:02:08,20260926,5,11,2-3-5,489.4
2026-09-26 16:02:08,20260926,5,11,2-3-6,354.7
2026-09-26 16:02:08,20260926,5,11,2-4-1,220.4
2026-09-26 16:02:08,20260926,5,11,2-4-3,453.2
2026-09-26 16:02:08,20260926,5,11,2-4-5,499.4
2026-09-26 16:02:08,20260926,5,11,2-4-6,179.9
2026-09-26 16:02:08,20260926,5,11,2-5-1,154.9
2026-09-26 16:02:08,20260926,5,11,2-5-3,359.9
2026-09-26 16:02:08,20260926,5,11,2-5-4,661.4
2026-09-26 16:02:08,20260926,5,11,2-5-6,186.8
2026-09-26 16:02:08,20260926,5,11,2-6-1,59.6
2026-09-26 16:02:08,20260926,5,11,2-6-3,247.2
2026-09-26 16:02:08,20260926,5,11,2-6-4,155.8
2026-09-26 16:02:08,20260926,5,11,2-6-5,167.6
2026-09-26 16:02:08,20260926,5,11,3-1-2,237.6
2026-09-26 16:02:08,20260926,5,11,3-1-4,309.8
2026-09-26 16:02:08,20260926,5,11,3-1-5,242.3
2026-09-26 16:02:08,20260926,5,11,3-1-6,339.9
2026-09-26 16:02:08,20260926,5,11,3-2-1,370.8
2026-09-26 16:02:08,20260926,5,11,3-2-4,194.2
2026-09-26 16:02:08,20260926,5,11,3-2-5,210.9
2026-09-26 16:02:08,20260926,5,11,3-2-6,414.8
2026-09-26 16:02:08,20260926,5,11,3-4-1,543.8
2026-09-26 16:02:08,20260926,5,11,3-4-2,421.9
2026-09-26 16:02:08,20260926,5,11,3-4-5,470.6
2026-09-26 16:02:08,20260926,5,11,3-4-6,421.9
2026-09-26 16:02:08,20260926,5,11,3-5-1,499.4
2026-09-26 16:02:08,20260926,5,11,3-5-2,302.1
2026-09-26 16:02:08,20260926,5,11,3-5-4,699.2
2026-09-26 16:02:08,20260926,5,11,3-5-6,874.0
2026-09-26 16:02:08,20260926,5,11,3-6-1,509.8
2026-09-26 16:02:08,20260926,5,11,3-6-2,627.5
2026-09-26 16:02:08,20260926,5,11,3-6-4,461.7
2026-09-26 16:02:08,20260926,5,11,3-6-5,906.4
2026-09-26 16:02:08,20260926,5,11,4-1-2,181.2
2026-09-26 16:02:08,20260926,5,11,4-1-3,274.9
2026-09-26 16:02:08,20260926,5,11,4-1-5,237.6
2026-09-26 16:02:08,20260926,5,11,4-1-6,124.2
2026-09-26 16:02:08,20260926,5,11,4-2-1,287.9
2026-09-26 16:02:08,20260926,5,11,4-2-3,569.1
2026-09-26 16:02:08,20260926,5,11,4-2-5,741.6
2026-09-26 16:02:08,20260926,5,11,4-2-6,200.6
2026-09-26 16:02:08,20260926,5,11,4-3-1,582.7
2026-09-26 16:02:08,20260926,5,11,4-3-2,699.2
2026-09-26 16:02:08,20260926,5,11,4-3-5,719.8
2026-09-26 16:02:08,20260926,5,11,4-3-6,326.3
2026-09-26 16:02:08,20260926,5,11,4-5-1,382.4
2026-09-26 16:02:08,20260926,5,11,4-5-2,661.4
2026-09-26 16:02:08,20260926,5,11,4-5-3,741.6
2026-09-26 16:02:08,20260926,5,11,4-5-6,287.9
2026-09-26 16:02:08,20260926,5,11,4-6-1,118.8
2026-09-26 16:02:08,20260926,5,11,4-6-2,189.7
2026-09-26 16:02:08,20260926,5,11,4-6-3,421.9
2026-09-26 16:02:08,20260926,5,11,4-6-5,278.1
2026-09-26 16:02:08,20260926,5,11,5-1-2,131.5
2026-09-26 16:02:08,20260926,5,11,5-1-3,287.9
2026-09-26 16:02:08,20260926,5,11,5-1-4,349.6
2026-09-26 16:02:08,20260926,5,11,5-1-6,121.1
2026-09-26 16:02:08,20260926,5,11,5-2-1,184.0
2026-09-26 16:02:08,20260926,5,11,5-2-3,489.4
2026-09-26 16:02:08,20260926,5,11,5-2-4,611.8
2026-09-26 16:02:08,20260926,5,11,5-2-6,278.1
2026-09-26 16:02:08,20260926,5,11,5-3-1,661.4
2026-09-26 16:02:08,20260926,5,11,5-3-2,843.9
2026-09-26 16:02:08,20260926,5,11,5-3-4,1019.0
2026-09-26 16:02:08,20260926,5,11,5-3-6,453.2
2026-09-26 16:02:08,20260926,5,11,5-4-1,582.7
2026-09-26 16:02:08,20260926,5,11,5-4-2,815.8
2026-09-26 16:02:08,20260926,5,11,5-4-3,1288.0
2026-09-26 16:02:08,20260926,5,11,5-4-6,520.7
2026-09-26 16:02:08,20260926,5,11,5-6-1,140.6
2026-09-26 16:02:08,20260926,5,11,5-6-2,244.7
2026-09-26 16:02:08,20260926,5,11,5-6-3,764.8
2026-09-26 16:02:08,20260926,5,11,5-6-4,499.4
2026-09-26 16:02:08,20260926,5,11,6-1-2,22.1
2026-09-26 16:02:08,20260926,5,11,6-1-3,94.1
2026-09-26 16:02:08,20260926,5,11,6-1-4,54.9
2026-09-26 16:02:08,20260926,5,11,6-1-5,62.2
2026-09-26 16:02:08,20260926,5,11,6-2-1,36.6
2026-09-26 16:02:08,20260926,5,11,6-2-3,197.3
2026-09-26 16:02:08,20260926,5,11,6-2-4,120.5
2026-09-26 16:02:08,20260926,5,11,6-2-5,157.9
2026-09-26 16:02:08,20260926,5,11,6-3-1,376.5
2026-09-26 16:02:08,20260926,5,11,6-3-2,532.0
2026-09-26 16:02:08,20260926,5,11,6-3-4,789.5
2026-09-26 16:02:08,20260926,5,11,6-3-5,874.0
2026-09-26 16:02:08,20260926,5,11,6-4-1,108.7
2026-09-26 16:02:08,20260926,5,11,6-4-2,186.8
2026-09-26 16:02:08,20260926,5,11,6-4-3,906.4
2026-09-26 16:02:08,20260926,5,11,6-4-5,479.8
2026-09-26 16:02:08,20260926,5,11,6-5-1,89.6
2026-09-26 16:02:08,20260926,5,11,6-5-2,212.8
2026-09-26 16:02:08,20260926,5,11,6-5-3,627.5
2026-09-26 16:02:08,20260926,5,11,6-5-4,509.8
2026-09-26 16:06:31,20260926,19,3,1-2-3,14.1
2026-09-26 16:06:31,20260926,19,3,1-2-4,31.9
2026-09-26 16:06:31,20260926,19,3,1-2-5,46.3
2026-09-26 16:06:31,20260926,19,3,1-2-6,146.3
2026-09-26 16:06:31,20260926,19,3,1-3-2,10.0
2026-09-26 16:06:31,20260926,19,3,1-3-4,18.9
2026-09-26 16:06:31,20260926,19,3,1-3-5,36.7
2026-09-26 16:06:31,20260926,19,3,1-3-6,104.5
2026-09-26 16:06:31,20260926,19,3,1-4-2,51.8
2026-09-26 16:06:31,20260926,19,3,1-4-3,40.7
2026-09-26 16:06:31,20260926,19,3,1-4-5,61.8
2026-09-26 16:06:31,20260926,19,3,1-4-6,190.8
2026-09-26 16:06:31,20260926,19,3,1-5-2,79.8
2026-09-26 16:06:31,20260926,19,3,1-5-3,72.7
2026-09-26 16:06:31,20260926,19,3,1-5-4,107.0
2026-09-26 16:06:31,20260926,19,3,1-5-6,263.3
2026-09-26 16:06:31,20260926,19,3,1-6-2,111.6
2026-09-26 16:06:31,20260926,19,3,1-6-3,235.1
2026-09-26 16:06:31,20260926,19,3,1-6-4,223.2
2026-09-26 16:06:31,20260926,19,3,1-6-5,292.6
2026-09-26 16:06:31,20260926,19,3,2-1-3,18.1
2026-09-26 16:06:31,20260926,19,3,2-1-4,55.3
2026-09-26 16:06:31,20260926,19,3,2-1-5,100.5
2026-09-26 16:06:31,20260926,19,3,2-1-6,321.2
2026-09-26 16:06:31,20260926,19,3,2-3-1,20.2
2026-09-26 16:06:31,20260926,19,3,2-3-4,26.7
2026-09-26 16:06:31,20260926,19,3,2-3-5,82.3
2026-09-26 16:06:31,20260926,19,3,2-3-6,424.8
2026-09-26 16:06:31,20260926,19,3,2-4-1,110.6
2026-09-26 16:06:31,20260926,19,3,2-4-3,68.5
2026-09-26 16:06:31,20260926,19,3,2-4-5,209.0
2026-09-26 16:06:31,20260926,19,3,2-4-6,487.7
2026-09-26 16:06:31,20260926,19,3,2-5-1,175.5
2026-09-26 16:06:31,20260926,19,3,2-5-3,123.0
2026-09-26 16:06:31,20260926,19,3,2-5-4,274.3
2026-09-26 16:06:31,20260926,19,3,2-5-6,424.8
2026-09-26 16:06:31,20260926,19,3,2-6-1,470.3
2026-09-26 16:06:31,20260926,19,3,2-6-3,438.9
2026-09-26 16:06:31,20260926,19,3,2-6-4,731.6
2026-09-26 16:06:31,20260926,19,3,2-6-5,823.0
2026-09-26 16:06:31,20260926,19,3,3-1-2,12.4
2026-09-26 16:06:31,20260926,19,3,3-1-4,22.0
2026-09-26 16:06:31,20260926,19,3,3-1-5,37.9
2026-09-26 16:06:31,20260926,19,3,3-1-6,205.7
2026-09-26 16:06:31,20260926,19,3,3-2-1,17.3
2026-09-26 16:06:31,20260926,19,3,3-2-4,17.0
2026-09-26 16:06:31,20260926,19,3,3-2-5,41.5
2026-09-26 16:06:31,20260926,19,3,3-2-6,202.6
2026-09-26 16:06:31,20260926,19,3,3-4-1,46.8
2026-09-26 16:06:31,20260926,19,3,3-4-2,31.2
2026-09-26 16:06:31,20260926,19,3,3-4-5,58.5
2026-09-26 16:06:31,20260926,19,3,3-4-6,299.3
2026-09-26 16:06:31,20260926,19,3,3-5-1,87.2
2026-09-26 16:06:31,20260926,19,3,3-5-2,71.5
2026-09-26 16:06:31,20260926,19,3,3-5-4,119.7
2026-09-26 16:06:31,20260926,19,3,3-5-6,399.0
2026-09-26 16:06:31,20260926,19,3,3-6-1,376.2
2026-09-26 16:06:31,20260926,19,3,3-6-2,487.7
2026-09-26 16:06:31,20260926,19,3,3-6-4,454.1
2026-09-26 16:06:31,20260926,19,3,3-6-5,731.6
2026-09-26 16:06:31,20260926,19,3,4-1-2,118.6
2026-09-26 16:06:31,20260926,19,3,4-1-3,75.2
2026-09-26 16:06:31,20260926,19,3,4-1-5,149.6
2026-09-26 16:06:31,20260926,19,3,4-1-6,299.3
2026-09-26 16:06:31,20260926,19,3,4-2-1,196.5
2026-09-26 16:06:31,20260926,19,3,4-2-3,106.2
2026-09-26 16:06:31,20260926,19,3,4-2-5,253.2
2026-09-26 16:06:31,20260926,19,3,4-2-6,337.6
2026-09-26 16:06:31,20260926,19,3,4-3-1,95.4
2026-09-26 16:06:31,20260926,19,3,4-3-2,95.4
2026-09-26 16:06:31,20260926,19,3,4-3-5,125.4
2026-09-26 16:06:31,20260926,19,3,4-3-6,572.5
2026-09-26 16:06:31,20260926,19,3,4-5-1,193.6
2026-09-26 16:06:31,20260926,19,3,4-5-2,235.1
2026-09-26 16:06:31,20260926,19,3,4-5-3,134.3
2026-09-26 16:06:31,20260926,19,3,4-5-6,399.0
2026-09-26 16:06:31,20260926,19,3,4-6-1,365.8
2026-09-26 16:06:31,20260926,19,3,4-6-2,399.0
2026-09-26 16:06:31,20260926,19,3,4-6-3,598.6
2026-09-26 16:06:31,20260926,19,3,4-6-5,598.6
2026-09-26 16:06:31,20260926,19,3,5-1-2,158.6
2026-09-26 16:06:31,20260926,19,3,5-1-3,90.8
2026-09-26 16:06:31,20260926,19,3,5-1-4,193.6
2026-09-26 16:06:31,20260926,19,3,5-1-6,321.2
2026-09-26 16:06:31,20260926,19,3,5-2-1,188.1
2026-09-26 16:06:31,20260926,19,3,5-2-3,133.0
2026-09-26 16:06:31,20260926,19,3,5-2-4,193.6
2026-09-26 16:06:31,20260926,19,3,5-2-6,399.0
2026-09-26 16:06:31,20260926,19,3,5-3-1,126.6
2026-09-26 16:06:31,20260926,19,3,5-3-2,119.7
2026-09-26 16:06:31,20260926,19,3,5-3-4,205.7
2026-09-26 16:06:31,20260926,19,3,5-3-6,572.5
2026-09-26 16:06:31,20260926,19,3,5-4-1,313.5
2026-09-26 16:06:31,20260926,19,3,5-4-2,346.5
2026-09-26 16:06:31,20260926,19,3,5-4-3,306.2
2026-09-26 16:06:31,20260926,19,3,5-4-6,438.9
2026-09-26 16:06:31,20260926,19,3,5-6-1,1013.0
2026-09-26 16:06:31,20260926,19,3,5-6-2,774.6
2026-09-26 16:06:31,20260926,19,3,5-6-3,658.4
2026-09-26 16:06:31,20260926,19,3,5-6-4,548.7
2026-09-26 16:06:31,20260926,19,3,6-1-2,506.5
2026-09-26 16:06:31,20260926,19,3,6-1-3,454.1
2026-09-26 16:06:31,20260926,19,3,6-1-4,877.9
2026-09-26 16:06:31,20260926,19,3,6-1-5,693.1
2026-09-26 16:06:31,20260926,19,3,6-2-1,572.5
2026-09-26 16:06:31,20260926,19,3,6-2-3,506.5
2026-09-26 16:06:31,20260926,19,3,6-2-4,940.6
2026-09-26 16:06:31,20260926,19,3,6-2-5,1463.0
2026-09-26 16:06:31,20260926,19,3,6-3-1,693.1
2026-09-26 16:06:31,20260926,19,3,6-3-2,940.6
2026-09-26 16:06:31,20260926,19,3,6-3-4,940.6
2026-09-26 16:06:31,20260926,19,3,6-3-5,1197.0
2026-09-26 16:06:31,20260926,19,3,6-4-1,1097.0
2026-09-26 16:06:31,20260926,19,3,6-4-2,877.9
2026-09-26 16:06:31,20260926,19,3,6-4-3,1097.0
2026-09-26 16:06:31,20260926,19,3,6-4-5,774.6
2026-09-26 16:06:31,20260926,19,3,6-5-1,1097.0
2026-09-26 16:06:31,20260926,19,3,6-5-2,1463.0
2026-09-26 16:06:31,20260926,19,3,6-5-3,1013.0
2026-09-26 16:06:31,20260926,19,3,6-5-4,627.1
2026-09-26 16:09:01,20260926,9,12,1-2-3,6.7
2026-09-26 16:09:01,20260926,9,12,1-2-4,24.4
2026-09-26 16:09:01,20260926,9,12,1-2-5,18.7
2026-09-26 16:09:01,20260926,9,12,1-2-6,59.5
2026-09-26 16:09:01,20260926,9,12,1-3-2,5.8
2026-09-26 16:09:01,20260926,9,12,1-3-4,8.6
2026-09-26 16:09:01,20260926,9,12,1-3-5,6.9
2026-09-26 16:09:01,20260926,9,12,1-3-6,21.8
2026-09-26 16:09:01,20260926,9,12,1-4-2,47.4
2026-09-26 16:09:01,20260926,9,12,1-4-3,32.1
2026-09-26 16:09:01,20260926,9,12,1-4-5,63.0
2026-09-26 16:09:01,20260926,9,12,1-4-6,76.8
2026-09-26 16:09:01,20260926,9,12,1-5-2,30.4
2026-09-26 16:09:01,20260926,9,12,1-5-3,18.1
2026-09-26 16:09:01,20260926,9,12,1-5-4,64.2
2026-09-26 16:09:01,20260926,9,12,1-5-6,78.6
2026-09-26 16:09:01,20260926,9,12,1-6-2,146.3
2026-09-26 16:09:01,20260926,9,12,1-6-3,100.6
2026-09-26 16:09:01,20260926,9,12,1-6-4,107.4
2026-09-26 16:09:01,20260926,9,12,1-6-5,173.4
2026-09-26 16:09:01,20260926,9,12,2-1-3,40.8
2026-09-26 16:09:01,20260926,9,12,2-1-4,81.9
2026-09-26 16:09:01,20260926,9,12,2-1-5,109.2
2026-09-26 16:09:01,20260926,9,12,2-1-6,352.2
2026-09-26 16:09:01,20260926,9,12,2-3-1,56.6
2026-09-26 16:09:01,20260926,9,12,2-3-4,168.3
2026-09-26 16:09:01,20260926,9,12,2-3-5,162.9
2026-09-26 16:09:01,20260926,9,12,2-3-6,832.6
2026-09-26 16:09:01,20260926,9,12,2-4-1,477.0
2026-09-26 16:09:01,20260926,9,12,2-4-3,532.4
2026-09-26 16:09:01,20260926,9,12,2-4-5,915.8
2026-09-26 16:09:01,20260926,9,12,2-4-6,750.7
2026-09-26 16:09:01,20260926,9,12,2-5-1,436.1
2026-09-26 16:09:01,20260926,9,12,2-5-3,381.6
2026-09-26 16:09:01,20260926,9,12,2-5-4,704.5
2026-09-26 16:09:01,20260926,9,12,2-5-6,1237.0
2026-09-26 16:09:01,20260926,9,12,2-6-1,897.9
2026-09-26 16:09:01,20260926,9,12,2-6-3,1308.0
2026-09-26 16:09:01,20260926,9,12,2-6-4,803.3
2026-09-26 16:09:01,20260926,9,12,2-6-5,1346.0
2026-09-26 16:09:01,20260926,9,12,3-1-2,39.3
2026-09-26 16:09:01,20260926,9,12,3-1-4,37.7
2026-09-26 16:09:01,20260926,9,12,3-1-5,41.2
2026-09-26 16:09:01,20260926,9,12,3-1-6,126.8
2026-09-26 16:09:01,20260926,9,12,3-2-1,124.7
2026-09-26 16:09:01,20260926,9,12,3-2-4,84.0
2026-09-26 16:09:01,20260926,9,12,3-2-5,176.1
2026-09-26 16:09:01,20260926,9,12,3-2-6,644.9
2026-09-26 16:09:01,20260926,9,12,3-4-1,155.7
2026-09-26 16:09:01,20260926,9,12,3-4-2,297.3
2026-09-26 16:09:01,20260926,9,12,3-4-5,253.0
2026-09-26 16:09:01,20260926,9,12,3-4-6,349.5
2026-09-26 16:09:01,20260926,9,12,3-5-1,105.7
2026-09-26 16:09:01,20260926,9,12,3-5-2,223.3
2026-09-26 16:09:01,20260926,9,12,3-5-4,320.2
2026-09-26 16:09:01,20260926,9,12,3-5-6,334.2
2026-09-26 16:09:01,20260926,9,12,3-6-1,551.7
2026-09-26 16:09:01,20260926,9,12,3-6-2,954.0
2026-09-26 16:09:01,20260926,9,12,3-6-4,602.5
2026-09-26 16:09:01,20260926,9,12,3-6-5,565.3
2026-09-26 16:09:01,20260926,9,12,4-1-2,246.2
2026-09-26 16:09:01,20260926,9,12,4-1-3,172.1
2026-09-26 16:09:01,20260926,9,12,4-1-5,295.4
2026-09-26 16:09:01,20260926,9,12,4-1-6,412.5
2026-09-26 16:09:01,20260926,9,12,4-2-1,354.9
2026-09-26 16:09:01,20260926,9,12,4-2-3,424.0
2026-09-26 16:09:01,20260926,9,12,4-2-5,654.1
2026-09-26 16:09:01,20260926,9,12,4-2-6,726.8
2026-09-26 16:09:01,20260926,9,12,4-3-1,212.9
2026-09-26 16:09:01,20260926,9,12,4-3-2,427.9
2026-09-26 16:09:01,20260926,9,12,4-3-5,453.4
2026-09-26 16:09:01,20260926,9,12,4-3-6,673.4
2026-09-26 16:09:01,20260926,9,12,4-5-1,352.2
2026-09-26 16:09:01,20260926,9,12,4-5-2,1174.0
2026-09-26 16:09:01,20260926,9,12,4-5-3,750.7
2026-09-26 16:09:01,20260926,9,12,4-5-6,1017.0
2026-09-26 16:09:01,20260926,9,12,4-6-1,864.0
2026-09-26 16:09:01,20260926,9,12,4-6-2,1090.0
2026-09-26 16:09:01,20260926,9,12,4-6-3,832.6
2026-09-26 16:09:01,20260926,9,12,4-6-5,1205.0
2026-09-26 16:09:01,20260926,9,12,5-1-2,191.6
2026-09-26 16:09:01,20260926,9,12,5-1-3,92.3
2026-09-26 16:09:01,20260926,9,12,5-1-4,297.3
2026-09-26 16:09:01,20260926,9,12,5-1-6,225.5
2026-09-26 16:09:01,20260926,9,12,5-2-1,331.8
2026-09-26 16:09:01,20260926,9,12,5-2-3,381.6
2026-09-26 16:09:01,20260926,9,12,5-2-4,579.6
2026-09-26 16:09:01,20260926,9,12,5-2-6,864.0
2026-09-26 16:09:01,20260926,9,12,5-3-1,159.5
2026-09-26 16:09:01,20260926,9,12,5-3-2,375.3
2026-09-26 16:09:01,20260926,9,12,5-3-4,538.7
2026-09-26 16:09:01,20260926,9,12,5-3-6,526.3
2026-09-26 16:09:01,20260926,9,12,5-4-1,412.5
2026-09-26 16:09:01,20260926,9,12,5-4-2,776.1
2026-09-26 16:09:01,20260926,9,12,5-4-3,627.3
2026-09-26 16:09:01,20260926,9,12,5-4-6,954.0
2026-09-26 16:09:01,20260926,9,12,5-6-1,594.7
2026-09-26 16:09:01,20260926,9,12,5-6-2,1579.0
2026-09-26 16:09:01,20260926,9,12,5-6-3,789.5
2026-09-26 16:09:01,20260926,9,12,5-6-4,1205.0
2026-09-26 16:09:01,20260926,9,12,6-1-2,726.8
2026-09-26 16:09:01,20260926,9,12,6-1-3,954.0
2026-09-26 16:09:01,20260926,9,12,6-1-4,545.1
2026-09-26 16:09:01,20260926,9,12,6-1-5,763.2
2026-09-26 16:09:01,20260926,9,12,6-2-1,1064.0
2026-09-26 16:09:01,20260926,9,12,6-2-3,1526.0
2026-09-26 16:09:01,20260926,9,12,6-2-4,1116.0
2026-09-26 16:09:01,20260926,9,12,6-2-5,1761.0
2026-09-26 16:09:01,20260926,9,12,6-3-1,1090.0
2026-09-26 16:09:01,20260926,9,12,6-3-2,1696.0
2026-09-26 16:09:01,20260926,9,12,6-3-4,1991.0
2026-09-26 16:09:01,20260926,9,12,6-3-5,1205.0
2026-09-26 16:09:01,20260926,9,12,6-4-1,1144.0
2026-09-26 16:09:01,20260926,9,12,6-4-2,1477.0
2026-09-26 16:09:01,20260926,9,12,6-4-3,2410.0
2026-09-26 16:09:01,20260926,9,12,6-4-5,1579.0
2026-09-26 16:09:01,20260926,9,12,6-5-1,1526.0
2026-09-26 16:09:01,20260926,9,12,6-5-2,1908.0
2026-09-26 16:09:01,20260926,9,12,6-5-3,1308.0
2026-09-26 16:09:01,20260926,9,12,6-5-4,1174.0
2026-09-26 16:11:11,20260926,22,10,1-2-3,10.3
2026-09-26 16:11:11,20260926,22,10,1-2-4,12.3
2026-09-26 16:11:11,20260926,22,10,1-2-5,60.7
2026-09-26 16:11:11,20260926,22,10,1-2-6,65.8
2026-09-26 16:11:11,20260926,22,10,1-3-2,14.4
2026-09-26 16:11:11,20260926,22,10,1-3-4,23.9
2026-09-26 16:11:11,20260926,22,10,1-3-5,54.5
2026-09-26 16:11:11,20260926,22,10,1-3-6,92.5
2026-09-26 16:11:11,20260926,22,10,1-4-2,26.2
2026-09-26 16:11:11,20260926,22,10,1-4-3,36.0
2026-09-26 16:11:11,20260926,22,10,1-4-5,89.5
2026-09-26 16:11:11,20260926,22,10,1-4-6,93.6
2026-09-26 16:11:11,20260926,22,10,1-5-2,88.8
2026-09-26 16:11:11,20260926,22,10,1-5-3,106.2
2026-09-26 16:11:11,20260926,22,10,1-5-4,216.6
2026-09-26 16:11:11,20260926,22,10,1-5-6,199.6
2026-09-26 16:11:11,20260926,22,10,1-6-2,194.9
2026-09-26 16:11:11,20260926,22,10,1-6-3,276.2
2026-09-26 16:11:11,20260926,22,10,1-6-4,245.5
2026-09-26 16:11:11,20260926,22,10,1-6-5,447.9
2026-09-26 16:11:11,20260926,22,10,2-1-3,16.1
2026-09-26 16:11:11,20260926,22,10,2-1-4,17.0
2026-09-26 16:11:11,20260926,22,10,2-1-5,82.8
2026-09-26 16:11:11,20260926,22,10,2-1-6,74.3
2026-09-26 16:11:11,20260926,22,10,2-3-1,27.0
2026-09-26 16:11:11,20260926,22,10,2-3-4,16.9
2026-09-26 16:11:11,20260926,22,10,2-3-5,92.3
2026-09-26 16:11:11,20260926,22,10,2-3-6,60.1
2026-09-26 16:11:11,20260926,22,10,2-4-1,25.1
2026-09-26 16:11:11,20260926,22,10,2-4-3,21.3
2026-09-26 16:11:11,20260926,22,10,2-4-5,105.2
2026-09-26 16:11:11,20260926,22,10,2-4-6,48.3
2026-09-26 16:11:11,20260926,22,10,2-5-1,278.5
2026-09-26 16:11:11,20260926,22,10,2-5-3,247.3
2026-09-26 16:11:11,20260926,22,10,2-5-4,394.6
2026-09-26 16:11:11,20260926,22,10,2-5-6,424.9
2026-09-26 16:11:11,20260926,22,10,2-6-1,409.2
2026-09-26 16:11:11,20260926,22,10,2-6-3,315.6
2026-09-26 16:11:11,20260926,22,10,2-6-4,230.1
2026-09-26 16:11:11,20260926,22,10,2-6-5,649.9
2026-09-26 16:11:11,20260926,22,10,3-1-2,39.5
2026-09-26 16:11:11,20260926,22,10,3-1-4,37.0
2026-09-26 16:11:11,20260926,22,10,3-1-5,88.8
2026-09-26 16:11:11,20260926,22,10,3-1-6,117.5
2026-09-26 16:11:11,20260926,22,10,3-2-1,42.7
2026-09-26 16:11:11,20260926,22,10,3-2-4,26.9
2026-09-26 16:11:11,20260926,22,10,3-2-5,80.0
2026-09-26 16:11:11,20260926,22,10,3-2-6,98.0
2026-09-26 16:11:11,20260926,22,10,3-4-1,57.7
2026-09-26 16:11:11,20260926,22,10,3-4-2,36.1
2026-09-26 16:11:11,20260926,22,10,3-4-5,161.6
2026-09-26 16:11:11,20260926,22,10,3-4-6,111.6
2026-09-26 16:11:11,20260926,22,10,3-5-1,269.4
2026-09-26 16:11:11,20260926,22,10,3-5-2,222.4
2026-09-26 16:11:11,20260926,22,10,3-5-4,312.7
2026-09-26 16:11:11,20260926,22,10,3-5-6,509.9
2026-09-26 16:11:11,20260926,22,10,3-6-1,494.7
2026-09-26 16:11:11,20260926,22,10,3-6-2,385.4
2026-09-26 16:11:11,20260926,22,10,3-6-4,460.3
2026-09-26 16:11:11,20260926,22,10,3-6-5,1069.0
2026-09-26 16:11:11,20260926,22,10,4-1-2,60.5
2026-09-26 16:11:11,20260926,22,10,4-1-3,87.9
2026-09-26 16:11:11,20260926,22,10,4-1-5,197.3
2026-09-26 16:11:11,20260926,22,10,4-1-6,149.3
2026-09-26 16:11:11,20260926,22,10,4-2-1,61.6
2026-09-26 16:11:11,20260926,22,10,4-2-3,40.9
2026-09-26 16:11:11,20260926,22,10,4-2-5,155.6
2026-09-26 16:11:11,20260926,22,10,4-2-6,91.5
2026-09-26 16:11:11,20260926,22,10,4-3-1,123.6
2026-09-26 16:11:11,20260926,22,10,4-3-2,56.5
2026-09-26 16:11:11,20260926,22,10,4-3-5,233.4
2026-09-26 16:11:11,20260926,22,10,4-3-6,213.8
2026-09-26 16:11:11,20260926,22,10,4-5-1,288.2
2026-09-26 16:11:11,20260926,22,10,4-5-2,360.2
2026-09-26 16:11:11,20260926,22,10,4-5-3,345.2
2026-09-26 16:11:11,20260926,22,10,4-5-6,345.2
2026-09-26 16:11:11,20260926,22,10,4-6-1,480.3
2026-09-26 16:11:11,20260926,22,10,4-6-2,231.7
2026-09-26 16:11:11,20260926,22,10,4-6-3,414.3
2026-09-26 16:11:11,20260926,22,10,4-6-5,473.5
2026-09-26 16:11:11,20260926,22,10,5-1-2,581.5
2026-09-26 16:11:11,20260926,22,10,5-1-3,424.9
2026-09-26 16:11:11,20260926,22,10,5-1-4,720.5
2026-09-26 16:11:11,20260926,22,10,5-1-6,705.2
2026-09-26 16:11:11,20260926,22,10,5-2-1,849.9
2026-09-26 16:11:11,20260926,22,10,5-2-3,517.9
2026-09-26 16:11:11,20260926,22,10,5-2-4,613.8
2026-09-26 16:11:11,20260926,22,10,5-2-6,705.2
2026-09-26 16:11:11,20260926,22,10,5-3-1,690.5
2026-09-26 16:11:11,20260926,22,10,5-3-2,602.6
2026-09-26 16:11:11,20260926,22,10,5-3-4,947.0
2026-09-26 16:11:11,20260926,22,10,5-3-6,1227.0
2026-09-26 16:11:11,20260926,22,10,5-4-1,736.6
2026-09-26 16:11:11,20260926,22,10,5-4-2,637.4
2026-09-26 16:11:11,20260926,22,10,5-4-3,872.2
2026-09-26 16:11:11,20260926,22,10,5-4-6,920.7
2026-09-26 16:11:11,20260926,22,10,5-6-1,2762.0
2026-09-26 16:11:11,20260926,22,10,5-6-2,1227.0
2026-09-26 16:11:11,20260926,22,10,5-6-3,1841.0
2026-09-26 16:11:11,20260926,22,10,5-6-4,1744.0
2026-09-26 16:11:11,20260926,22,10,6-1-2,613.8
2026-09-26 16:11:11,20260926,22,10,6-1-3,974.9
2026-09-26 16:11:11,20260926,22,10,6-1-4,920.7
2026-09-26 16:11:11,20260926,22,10,6-1-5,1183.0
2026-09-26 16:11:11,20260926,22,10,6-2-1,591.9
2026-09-26 16:11:11,20260926,22,10,6-2-3,690.5
2026-09-26 16:11:11,20260926,22,10,6-2-4,306.9
2026-09-26 16:11:11,20260926,22,10,6-2-5,1104.0
2026-09-26 16:11:11,20260926,22,10,6-3-1,1035.0
2026-09-26 16:11:11,20260926,22,10,6-3-2,974.9
2026-09-26 16:11:11,20260926,22,10,6-3-4,920.7
2026-09-26 16:11:11,20260926,22,10,6-3-5,1841.0
2026-09-26 16:11:11,20260926,22,10,6-4-1,1183.0
2026-09-26 16:11:11,20260926,22,10,6-4-2,424.9
2026-09-26 16:11:11,20260926,22,10,6-4-3,1143.0
2026-09-26 16:11:11,20260926,22,10,6-4-5,1381.0
2026-09-26 16:11:11,20260926,22,10,6-5-1,1325.0
2026-09-26 16:11:11,20260926,22,10,6-5-2,1183.0
2026-09-26 16:11:11,20260926,22,10,6-5-3,1949.0
2026-09-26 16:11:11,20260926,22,10,6-5-4,947.0
2026-09-26 16:13:27,20260926,3,12,1-2-3,18.0
2026-09-26 16:13:27,20260926,3,12,1-2-4,12.2
2026-09-26 16:13:27,20260926,3,12,1-2-5,20.3
2026-09-26 16:13:27,20260926,3,12,1-2-6,26.9
2026-09-26 16:13:27,20260926,3,12,1-3-2,24.6
2026-09-26 16:13:27,20260926,3,12,1-3-4,23.8
2026-09-26 16:13:27,20260926,3,12,1-3-5,35.9
2026-09-26 16:13:27,20260926,3,12,1-3-6,48.5
2026-09-26 16:13:27,20260926,3,12,1-4-2,15.4
2026-09-26 16:13:27,20260926,3,12,1-4-3,28.4
2026-09-26 16:13:27,20260926,3,12,1-4-5,20.7
2026-09-26 16:13:27,20260926,3,12,1-4-6,29.6
2026-09-26 16:13:27,20260926,3,12,1-5-2,32.7
2026-09-26 16:13:27,20260926,3,12,1-5-3,55.1
2026-09-26 16:13:27,20260926,3,12,1-5-4,38.9
2026-09-26 16:13:27,20260926,3,12,1-5-6,49.6
2026-09-26 16:13:27,20260926,3,12,1-6-2,54.7
2026-09-26 16:13:27,20260926,3,12,1-6-3,99.5
2026-09-26 16:13:27,20260926,3,12,1-6-4,67.4
2026-09-26 16:13:27,20260926,3,12,1-6-5,74.4
2026-09-26 16:13:27,20260926,3,12,2-1-3,48.3
2026-09-26 16:13:27,20260926,3,12,2-1-4,37.6
2026-09-26 16:13:27,20260926,3,12,2-1-5,47.6
2026-09-26 16:13:27,20260926,3,12,2-1-6,58.8
2026-09-26 16:13:27,20260926,3,12,2-3-1,115.7
2026-09-26 16:13:27,20260926,3,12,2-3-4,152.0
2026-09-26 16:13:27,20260926,3,12,2-3-5,163.6
2026-09-26 16:13:27,20260926,3,12,2-3-6,241.4
2026-09-26 16:13:27,20260926,3,12,2-4-1,64.6
2026-09-26 16:13:27,20260926,3,12,2-4-3,148.7
2026-09-26 16:13:27,20260926,3,12,2-4-5,97.3
2026-09-26 16:13:27,20260926,3,12,2-4-6,147.0
2026-09-26 16:13:27,20260926,3,12,2-5-1,95.1
2026-09-26 16:13:27,20260926,3,12,2-5-3,181.8
2026-09-26 16:13:27,20260926,3,12,2-5-4,150.7
2026-09-26 16:13:27,20260926,3,12,2-5-6,134.5
2026-09-26 16:13:27,20260926,3,12,2-6-1,130.3
2026-09-26 16:13:27,20260926,3,12,2-6-3,366.2
2026-09-26 16:13:27,20260926,3,12,2-6-4,276.0
2026-09-26 16:13:27,20260926,3,12,2-6-5,198.6
2026-09-26 16:13:27,20260926,3,12,3-1-2,90.7
2026-09-26 16:13:27,20260926,3,12,3-1-4,75.5
2026-09-26 16:13:27,20260926,3,12,3-1-5,120.9
2026-09-26 16:13:27,20260926,3,12,3-1-6,170.9
2026-09-26 16:13:27,20260926,3,12,3-2-1,184.9
2026-09-26 16:13:27,20260926,3,12,3-2-4,156.0
2026-09-26 16:13:27,20260926,3,12,3-2-5,179.4
2026-09-26 16:13:27,20260926,3,12,3-2-6,322.3
2026-09-26 16:13:27,20260926,3,12,3-4-1,124.0
2026-09-26 16:13:27,20260926,3,12,3-4-2,206.2
2026-09-26 16:13:27,20260926,3,12,3-4-5,256.3
2026-09-26 16:13:27,20260926,3,12,3-4-6,263.8
2026-09-26 16:13:27,20260926,3,12,3-5-1,217.9
2026-09-26 16:13:27,20260926,3,12,3-5-2,180.6
2026-09-26 16:13:27,20260926,3,12,3-5-4,328.2
2026-09-26 16:13:27,20260926,3,12,3-5-6,358.8
2026-09-26 16:13:27,20260926,3,12,3-6-1,336.4
2026-09-26 16:13:27,20260926,3,12,3-6-2,507.8
2026-09-26 16:13:27,20260926,3,12,3-6-4,410.9
2026-09-26 16:13:27,20260926,3,12,3-6-5,507.8
2026-09-26 16:13:27,20260926,3,12,4-1-2,45.6
2026-09-26 16:13:27,20260926,3,12,4-1-3,79.7
2026-09-26 16:13:27,20260926,3,12,4-1-5,56.1
2026-09-26 16:13:27,20260926,3,12,4-1-6,79.2
2026-09-26 16:13:27,20260926,3,12,4-2-1,73.1
2026-09-26 16:13:27,20260926,3,12,4-2-3,184.3
2026-09-26 16:13:27,20260926,3,12,4-2-5,126.3
2026-09-26 16:13:27,20260926,3,12,4-2-6,167.7
2026-09-26 16:13:27,20260926,3,12,4-3-1,137.6
2026-09-26 16:13:27,20260926,3,12,4-3-2,240.3
2026-09-26 16:13:27,20260926,3,12,4-3-5,312.9
2026-09-26 16:13:27,20260926,3,12,4-3-6,312.9
2026-09-26 16:13:27,20260926,3,12,4-5-1,78.0
2026-09-26 16:13:27,20260926,3,12,4-5-2,100.6
2026-09-26 16:13:27,20260926,3,12,4-5-3,200.1
2026-09-26 16:13:27,20260926,3,12,4-5-6,104.9
2026-09-26 16:13:27,20260926,3,12,4-6-1,148.7
2026-09-26 16:13:27,20260926,3,12,4-6-2,201.6
2026-09-26 16:13:27,20260926,3,12,4-6-3,326.2
2026-09-26 16:13:27,20260926,3,12,4-6-5,188.2
2026-09-26 16:13:27,20260926,3,12,5-1-2,89.1
2026-09-26 16:13:27,20260926,3,12,5-1-3,167.7
2026-09-26 16:13:27,20260926,3,12,5-1-4,112.8
2026-09-26 16:13:27,20260926,3,12,5-1-6,95.4
2026-09-26 16:13:27,20260926,3,12,5-2-1,143.1
2026-09-26 16:13:27,20260926,3,12,5-2-3,281.8
2026-09-26 16:13:27,20260926,3,12,5-2-4,188.8
2026-09-26 16:13:27,20260926,3,12,5-2-6,163.1
2026-09-26 16:13:27,20260926,3,12,5-3-1,371.2
2026-09-26 16:13:27,20260926,3,12,5-3-2,368.7
2026-09-26 16:13:27,20260926,3,12,5-3-4,468.1
2026-09-26 16:13:27,20260926,3,12,5-3-6,560.7
2026-09-26 16:13:27,20260926,3,12,5-4-1,125.4
2026-09-26 16:13:27,20260926,3,12,5-4-2,134.2
2026-09-26 16:13:27,20260926,3,12,5-4-3,314.8
2026-09-26 16:13:27,20260926,3,12,5-4-6,159.2
2026-09-26 16:13:27,20260926,3,12,5-6-1,189.5
2026-09-26 16:13:27,20260926,3,12,5-6-2,187.5
2026-09-26 16:13:27,20260926,3,12,5-6-3,517.6
2026-09-26 16:13:27,20260926,3,12,5-6-4,265.1
2026-09-26 16:13:27,20260926,3,12,6-1-2,153.3
2026-09-26 16:13:27,20260926,3,12,6-1-3,324.3
2026-09-26 16:13:27,20260926,3,12,6-1-4,179.4
2026-09-26 16:13:27,20260926,3,12,6-1-5,227.1
2026-09-26 16:13:27,20260926,3,12,6-2-1,200.1
2026-09-26 16:13:27,20260926,3,12,6-2-3,423.8
2026-09-26 16:13:27,20260926,3,12,6-2-4,300.7
2026-09-26 16:13:27,20260926,3,12,6-2-5,260.0
2026-09-26 16:13:27,20260926,3,12,6-3-1,690.1
2026-09-26 16:13:27,20260926,3,12,6-3-2,897.2
2026-09-26 16:13:27,20260926,3,12,6-3-4,522.6
2026-09-26 16:13:27,20260926,3,12,6-3-5,758.2
2026-09-26 16:13:27,20260926,3,12,6-4-1,260.0
2026-09-26 16:13:27,20260926,3,12,6-4-2,417.3
2026-09-26 16:13:27,20260926,3,12,6-4-3,604.8
2026-09-26 16:13:27,20260926,3,12,6-4-5,387.2
2026-09-26 16:13:27,20260926,3,12,6-5-1,381.8
2026-09-26 16:13:27,20260926,3,12,6-5-2,332.3
2026-09-26 16:13:27,20260926,3,12,6-5-3,758.2
2026-09-26 16:13:27,20260926,3,12,6-5-4,356.5
2026-09-26 16:15:53,20260926,20,4,1-2-3,21.7
2026-09-26 16:15:53,20260926,20,4,1-2-4,26.6
2026-09-26 16:15:53,20260926,20,4,1-2-5,33.9
2026-09-26 16:15:53,20260926,20,4,1-2-6,65.1
2026-09-26 16:15:53,20260926,20,4,1-3-2,16.1
2026-09-26 16:15:53,20260926,20,4,1-3-4,9.5
2026-09-26 16:15:53,20260926,20,4,1-3-5,10.1
2026-09-26 16:15:53,20260926,20,4,1-3-6,36.2
2026-09-26 16:15:53,20260926,20,4,1-4-2,30.0
2026-09-26 16:15:53,20260926,20,4,1-4-3,18.1
2026-09-26 16:15:53,20260926,20,4,1-4-5,21.7
2026-09-26 16:15:53,20260926,20,4,1-4-6,62.8
2026-09-26 16:15:53,20260926,20,4,1-5-2,39.3
2026-09-26 16:15:53,20260926,20,4,1-5-3,21.0
2026-09-26 16:15:53,20260926,20,4,1-5-4,31.7
2026-09-26 16:15:53,20260926,20,4,1-5-6,71.2
2026-09-26 16:15:53,20260926,20,4,1-6-2,116.8
2026-09-26 16:15:53,20260926,20,4,1-6-3,110.6
2026-09-26 16:15:53,20260926,20,4,1-6-4,129.7
2026-09-26 16:15:53,20260926,20,4,1-6-5,162.1
2026-09-26 16:15:53,20260926,20,4,2-1-3,83.9
2026-09-26 16:15:53,20260926,20,4,2-1-4,114.6
2026-09-26 16:15:53,20260926,20,4,2-1-5,139.7
2026-09-26 16:15:53,20260926,20,4,2-1-6,200.6
2026-09-26 16:15:53,20260926,20,4,2-3-1,139.0
2026-09-26 16:15:53,20260926,20,4,2-3-4,201.4
2026-09-26 16:15:53,20260926,20,4,2-3-5,183.1
2026-09-26 16:15:53,20260926,20,4,2-3-6,448.4
2026-09-26 16:15:53,20260926,20,4,2-4-1,214.4
2026-09-26 16:15:53,20260926,20,4,2-4-3,246.7
2026-09-26 16:15:53,20260926,20,4,2-4-5,316.3
2026-09-26 16:15:53,20260926,20,4,2-4-6,409.2
2026-09-26 16:15:53,20260926,20,4,2-5-1,305.1
2026-09-26 16:15:53,20260926,20,4,2-5-3,236.0
2026-09-26 16:15:53,20260926,20,4,2-5-4,488.8
2026-09-26 16:15:53,20260926,20,4,2-5-6,579.4
2026-09-26 16:15:53,20260926,20,4,2-6-1,610.3
2026-09-26 16:15:53,20260926,20,4,2-6-3,769.7
2026-09-26 16:15:53,20260926,20,4,2-6-4,775.5
2026-09-26 16:15:53,20260926,20,4,2-6-5,889.1
2026-09-26 16:15:53,20260926,20,4,3-1-2,38.4
2026-09-26 16:15:53,20260926,20,4,3-1-4,22.2
2026-09-26 16:15:53,20260926,20,4,3-1-5,18.1
2026-09-26 16:15:53,20260926,20,4,3-1-6,67.0
2026-09-26 16:15:53,20260926,20,4,3-2-1,96.3
2026-09-26 16:15:53,20260926,20,4,3-2-4,108.0
2026-09-26 16:15:53,20260926,20,4,3-2-5,101.4
2026-09-26 16:15:53,20260926,20,4,3-2-6,221.8
2026-09-26 16:15:53,20260926,20,4,3-4-1,43.5
2026-09-26 16:15:53,20260926,20,4,3-4-2,94.7
2026-09-26 16:15:53,20260926,20,4,3-4-5,50.2
2026-09-26 16:15:53,20260926,20,4,3-4-6,112.9
2026-09-26 16:15:53,20260926,20,4,3-5-1,44.7
2026-09-26 16:15:53,20260926,20,4,3-5-2,80.5
2026-09-26 16:15:53,20260926,20,4,3-5-4,60.6
2026-09-26 16:15:53,20260926,20,4,3-5-6,126.0
2026-09-26 16:15:53,20260926,20,4,3-6-1,379.1
2026-09-26 16:15:53,20260926,20,4,3-6-2,422.7
2026-09-26 16:15:53,20260926,20,4,3-6-4,344.9
2026-09-26 16:15:53,20260926,20,4,3-6-5,390.6
2026-09-26 16:15:53,20260926,20,4,4-1-2,109.1
2026-09-26 16:15:53,20260926,20,4,4-1-3,78.5
2026-09-26 16:15:53,20260926,20,4,4-1-5,77.9
2026-09-26 16:15:53,20260926,20,4,4-1-6,180.9
2026-09-26 16:15:53,20260926,20,4,4-2-1,233.8
2026-09-26 16:15:53,20260926,20,4,4-2-3,292.1
2026-09-26 16:15:53,20260926,20,4,4-2-5,320.3
2026-09-26 16:15:53,20260926,20,4,4-2-6,352.0
2026-09-26 16:15:53,20260926,20,4,4-3-1,107.8
2026-09-26 16:15:53,20260926,20,4,4-3-2,215.7
2026-09-26 16:15:53,20260926,20,4,4-3-5,123.3
2026-09-26 16:15:53,20260926,20,4,4-3-6,284.9
2026-09-26 16:15:53,20260926,20,4,4-5-1,116.2
2026-09-26 16:15:53,20260926,20,4,4-5-2,250.9
2026-09-26 16:15:53,20260926,20,4,4-5-3,151.9
2026-09-26 16:15:53,20260926,20,4,4-5-6,229.2
2026-09-26 16:15:53,20260926,20,4,4-6-1,513.1
2026-09-26 16:15:53,20260926,20,4,4-6-2,452.3
2026-09-26 16:15:53,20260926,20,4,4-6-3,579.4
2026-09-26 16:15:53,20260926,20,4,4-6-5,479.7
2026-09-26 16:15:53,20260926,20,4,5-1-2,158.9
2026-09-26 16:15:53,20260926,20,4,5-1-3,73.3
2026-09-26 16:15:53,20260926,20,4,5-1-4,133.7
2026-09-26 16:15:53,20260926,20,4,5-1-6,207.9
2026-09-26 16:15:53,20260926,20,4,5-2-1,326.3
2026-09-26 16:15:53,20260926,20,4,5-2-3,254.6
2026-09-26 16:15:53,20260926,20,4,5-2-4,414.2
2026-09-26 16:15:53,20260926,20,4,5-2-6,460.4
2026-09-26 16:15:53,20260926,20,4,5-3-1,97.7
2026-09-26 16:15:53,20260926,20,4,5-3-2,202.6
2026-09-26 16:15:53,20260926,20,4,5-3-4,186.1
2026-09-26 16:15:53,20260926,20,4,5-3-6,368.3
2026-09-26 16:15:53,20260926,20,4,5-4-1,203.4
2026-09-26 16:15:53,20260926,20,4,5-4-2,393.6
2026-09-26 16:15:53,20260926,20,4,5-4-3,223.2
2026-09-26 16:15:53,20260926,20,4,5-4-6,401.3
2026-09-26 16:15:53,20260926,20,4,5-6-1,450.3
2026-09-26 16:15:53,20260926,20,4,5-6-2,596.1
2026-09-26 16:15:53,20260926,20,4,5-6-3,493.5
2026-09-26 16:15:53,20260926,20,4,5-6-4,621.3
2026-09-26 16:15:53,20260926,20,4,6-1-2,674.1
2026-09-26 16:15:53,20260926,20,4,6-1-3,674.1
2026-09-26 16:15:53,20260926,20,4,6-1-4,1001.0
2026-09-26 16:15:53,20260926,20,4,6-1-5,818.5
2026-09-26 16:15:53,20260926,20,4,6-2-1,881.5
2026-09-26 16:15:53,20260926,20,4,6-2-3,946.2
2026-09-26 16:15:53,20260926,20,4,6-2-4,1158.0
2026-09-26 16:15:53,20260926,20,4,6-2-5,1085.0
2026-09-26 16:15:53,20260926,20,4,6-3-1,805.7
2026-09-26 16:15:53,20260926,20,4,6-3-2,831.7
2026-09-26 16:15:53,20260926,20,4,6-3-4,881.5
2026-09-26 16:15:53,20260926,20,4,6-3-5,845.4
2026-09-26 16:15:53,20260926,20,4,6-4-1,1339.0
2026-09-26 16:15:53,20260926,20,4,6-4-2,1133.0
2026-09-26 16:15:53,20260926,20,4,6-4-3,1052.0
2026-09-26 16:15:53,20260926,20,4,6-4-5,1185.0
2026-09-26 16:15:53,20260926,20,4,6-5-1,881.5
2026-09-26 16:15:53,20260926,20,4,6-5-2,1158.0
2026-09-26 16:15:53,20260926,20,4,6-5-3,818.5
2026-09-26 16:15:53,20260926,20,4,6-5-4,896.8
2026-09-26 16:18:03,20260926,2,12,1-2-3,22.2
2026-09-26 16:18:03,20260926,2,12,1-2-4,35.1
2026-09-26 16:18:03,20260926,2,12,1-2-5,51.7
2026-09-26 16:18:03,20260926,2,12,1-2-6,102.7
2026-09-26 16:18:03,20260926,2,12,1-3-2,13.3
2026-09-26 16:18:03,20260926,2,12,1-3-4,9.6
2026-09-26 16:18:03,20260926,2,12,1-3-5,15.1
2026-09-26 16:18:03,20260926,2,12,1-3-6,56.5
2026-09-26 16:18:03,20260926,2,12,1-4-2,33.3
2026-09-26 16:18:03,20260926,2,12,1-4-3,19.9
2026-09-26 16:18:03,20260926,2,12,1-4-5,37.0
2026-09-26 16:18:03,20260926,2,12,1-4-6,87.9
2026-09-26 16:18:03,20260926,2,12,1-5-2,65.6
2026-09-26 16:18:03,20260926,2,12,1-5-3,41.7
2026-09-26 16:18:03,20260926,2,12,1-5-4,63.9
2026-09-26 16:18:03,20260926,2,12,1-5-6,129.0
2026-09-26 16:18:03,20260926,2,12,1-6-2,194.9
2026-09-26 16:18:03,20260926,2,12,1-6-3,188.6
2026-09-26 16:18:03,20260926,2,12,1-6-4,214.5
2026-09-26 16:18:03,20260926,2,12,1-6-5,276.9
2026-09-26 16:18:03,20260926,2,12,2-1-3,67.8
2026-09-26 16:18:03,20260926,2,12,2-1-4,120.2
2026-09-26 16:18:03,20260926,2,12,2-1-5,169.6
2026-09-26 16:18:03,20260926,2,12,2-1-6,314.8
2026-09-26 16:18:03,20260926,2,12,2-3-1,82.5
2026-09-26 16:18:03,20260926,2,12,2-3-4,100.4
2026-09-26 16:18:03,20260926,2,12,2-3-5,151.4
2026-09-26 16:18:03,20260926,2,12,2-3-6,394.2
2026-09-26 16:18:03,20260926,2,12,2-4-1,170.2
2026-09-26 16:18:03,20260926,2,12,2-4-3,134.8
2026-09-26 16:18:03,20260926,2,12,2-4-5,235.2
2026-09-26 16:18:03,20260926,2,12,2-4-6,350.0
2026-09-26 16:18:03,20260926,2,12,2-5-1,290.7
2026-09-26 16:18:03,20260926,2,12,2-5-3,209.8
2026-09-26 16:18:03,20260926,2,12,2-5-4,325.3
2026-09-26 16:18:03,20260926,2,12,2-5-6,625.1
2026-09-26 16:18:03,20260926,2,12,2-6-1,741.6
2026-09-26 16:18:03,20260926,2,12,2-6-3,849.6
2026-09-26 16:18:03,20260926,2,12,2-6-4,1054.0
2026-09-26 16:18:03,20260926,2,12,2-6-5,1017.0
2026-09-26 16:18:03,20260926,2,12,3-1-2,23.4
2026-09-26 16:18:03,20260926,2,12,3-1-4,14.8
2026-09-26 16:18:03,20260926,2,12,3-1-5,23.9
2026-09-26 16:18:03,20260926,2,12,3-1-6,82.6
2026-09-26 16:18:03,20260926,2,12,3-2-1,52.9
2026-09-26 16:18:03,20260926,2,12,3-2-4,57.7
2026-09-26 16:18:03,20260926,2,12,3-2-5,78.3
2026-09-26 16:18:03,20260926,2,12,3-2-6,222.1
2026-09-26 16:18:03,20260926,2,12,3-4-1,20.8
2026-09-26 16:18:03,20260926,2,12,3-4-2,39.1
2026-09-26 16:18:03,20260926,2,12,3-4-5,27.1
2026-09-26 16:18:03,20260926,2,12,3-4-6,88.5
2026-09-26 16:18:03,20260926,2,12,3-5-1,46.3
2026-09-26 16:18:03,20260926,2,12,3-5-2,65.6
2026-09-26 16:18:03,20260926,2,12,3-5-4,42.6
2026-09-26 16:18:03,20260926,2,12,3-5-6,117.9
2026-09-26 16:18:03,20260926,2,12,3-6-1,325.3
2026-09-26 16:18:03,20260926,2,12,3-6-2,370.8
2026-09-26 16:18:03,20260926,2,12,3-6-4,274.3
2026-09-26 16:18:03,20260926,2,12,3-6-5,277.8
2026-09-26 16:18:03,20260926,2,12,4-1-2,91.0
2026-09-26 16:18:03,20260926,2,12,4-1-3,53.4
2026-09-26 16:18:03,20260926,2,12,4-1-5,87.6
2026-09-26 16:18:03,20260926,2,12,4-1-6,200.7
2026-09-26 16:18:03,20260926,2,12,4-2-1,198.0
2026-09-26 16:18:03,20260926,2,12,4-2-3,144.1
2026-09-26 16:18:03,20260926,2,12,4-2-5,251.4
2026-09-26 16:18:03,20260926,2,12,4-2-6,458.2
2026-09-26 16:18:03,20260926,2,12,4-3-1,56.9
2026-09-26 16:18:03,20260926,2,12,4-3-2,97.3
2026-09-26 16:18:03,20260926,2,12,4-3-5,74.8
2026-09-26 16:18:03,20260926,2,12,4-3-6,197.1
2026-09-26 16:18:03,20260926,2,12,4-5-1,123.2
2026-09-26 16:18:03,20260926,2,12,4-5-2,195.3
2026-09-26 16:18:03,20260926,2,12,4-5-3,102.9
2026-09-26 16:18:03,20260926,2,12,4-5-6,260.4
2026-09-26 16:18:03,20260926,2,12,4-6-1,546.9
2026-09-26 16:18:03,20260926,2,12,4-6-2,634.1
2026-09-26 16:18:03,20260926,2,12,4-6-3,502.9
2026-09-26 16:18:03,20260926,2,12,4-6-5,543.5
2026-09-26 16:18:03,20260926,2,12,5-1-2,159.4
2026-09-26 16:18:03,20260926,2,12,5-1-3,115.3
2026-09-26 16:18:03,20260926,2,12,5-1-4,175.3
2026-09-26 16:18:03,20260926,2,12,5-1-6,277.8
2026-09-26 16:18:03,20260926,2,12,5-2-1,276.0
2026-09-26 16:18:03,20260926,2,12,5-2-3,255.1
2026-09-26 16:18:03,20260926,2,12,5-2-4,431.1
2026-09-26 16:18:03,20260926,2,12,5-2-6,673.2
2026-09-26 16:18:03,20260926,2,12,5-3-1,122.7
2026-09-26 16:18:03,20260926,2,12,5-3-2,178.2
2026-09-26 16:18:03,20260926,2,12,5-3-4,129.6
2026-09-26 16:18:03,20260926,2,12,5-3-6,241.7
2026-09-26 16:18:03,20260926,2,12,5-4-1,231.5
2026-09-26 16:18:03,20260926,2,12,5-4-2,416.7
2026-09-26 16:18:03,20260926,2,12,5-4-3,158.8
2026-09-26 16:18:03,20260926,2,12,5-4-6,416.7
2026-09-26 16:18:03,20260926,2,12,5-6-1,465.5
2026-09-26 16:18:03,20260926,2,12,5-6-2,893.0
2026-09-26 16:18:03,20260926,2,12,5-6-3,658.0
2026-09-26 16:18:03,20260926,2,12,5-6-4,825.6
2026-09-26 16:18:03,20260926,2,12,6-1-2,735.4
2026-09-26 16:18:03,20260926,2,12,6-1-3,788.4
2026-09-26 16:18:03,20260926,2,12,6-1-4,961.7
2026-09-26 16:18:03,20260926,2,12,6-1-5,1017.0
2026-09-26 16:18:03,20260926,2,12,6-2-1,833.5
2026-09-26 16:18:03,20260926,2,12,6-2-3,1232.0
2026-09-26 16:18:03,20260926,2,12,6-2-4,1306.0
2026-09-26 16:18:03,20260926,2,12,6-2-5,1389.0
2026-09-26 16:18:03,20260926,2,12,6-3-1,1367.0
2026-09-26 16:18:03,20260926,2,12,6-3-2,1166.0
2026-09-26 16:18:03,20260926,2,12,6-3-4,841.5
2026-09-26 16:18:03,20260926,2,12,6-3-5,941.0
2026-09-26 16:18:03,20260926,2,12,6-4-1,1215.0
2026-09-26 16:18:03,20260926,2,12,6-4-2,1346.0
2026-09-26 16:18:03,20260926,2,12,6-4-3,983.3
2026-09-26 16:18:03,20260926,2,12,6-4-5,994.5
2026-09-26 16:18:03,20260926,2,12,6-5-1,668.0
2026-09-26 16:18:03,20260926,2,12,6-5-2,1367.0
2026-09-26 16:18:03,20260926,2,12,6-5-3,951.2
2026-09-26 16:18:03,20260926,2,12,6-5-4,941.0
2026-09-26 16:24:15,20260926,15,4,1-2-3,37.8
2026-09-26 16:24:15,20260926,15,4,1-2-4,63.2
2026-09-26 16:24:15,20260926,15,4,1-2-5,118.2
2026-09-26 16:24:15,20260926,15,4,1-2-6,52.7
2026-09-26 16:24:15,20260926,15,4,1-3-2,19.4
2026-09-26 16:24:15,20260926,15,4,1-3-4,39.3
2026-09-26 16:24:15,20260926,15,4,1-3-5,34.3
2026-09-26 16:24:15,20260926,15,4,1-3-6,17.0
2026-09-26 16:24:15,20260926,15,4,1-4-2,138.1
2026-09-26 16:24:15,20260926,15,4,1-4-3,73.2
2026-09-26 16:24:15,20260926,15,4,1-4-5,145.9
2026-09-26 16:24:15,20260926,15,4,1-4-6,152.0
2026-09-26 16:24:15,20260926,15,4,1-5-2,179.1
2026-09-26 16:24:15,20260926,15,4,1-5-3,108.9
2026-09-26 16:24:15,20260926,15,4,1-5-4,160.1
2026-09-26 16:24:15,20260926,15,4,1-5-6,196.6
2026-09-26 16:24:15,20260926,15,4,1-6-2,52.9
2026-09-26 16:24:15,20260926,15,4,1-6-3,47.6
2026-09-26 16:24:15,20260926,15,4,1-6-4,108.9
2026-09-26 16:24:15,20260926,15,4,1-6-5,198.8
2026-09-26 16:24:15,20260926,15,4,2-1-3,55.1
2026-09-26 16:24:15,20260926,15,4,2-1-4,111.0
2026-09-26 16:24:15,20260926,15,4,2-1-5,165.9
2026-09-26 16:24:15,20260926,15,4,2-1-6,97.8
2026-09-26 16:24:15,20260926,15,4,2-3-1,69.3
2026-09-26 16:24:15,20260926,15,4,2-3-4,88.6
2026-09-26 16:24:15,20260926,15,4,2-3-5,74.4
2026-09-26 16:24:15,20260926,15,4,2-3-6,73.5
2026-09-26 16:24:15,20260926,15,4,2-4-1,247.8
2026-09-26 16:24:15,20260926,15,4,2-4-3,173.9
2026-09-26 16:24:15,20260926,15,4,2-4-5,262.2
2026-09-26 16:24:15,20260926,15,4,2-4-6,287.1
2026-09-26 16:24:15,20260926,15,4,2-5-1,270.0
2026-09-26 16:24:15,20260926,15,4,2-5-3,149.5
2026-09-26 16:24:15,20260926,15,4,2-5-4,244.5
2026-09-26 16:24:15,20260926,15,4,2-5-6,323.0
2026-09-26 16:24:15,20260926,15,4,2-6-1,172.3
2026-09-26 16:24:15,20260926,15,4,2-6-3,157.3
2026-09-26 16:24:15,20260926,15,4,2-6-4,361.8
2026-09-26 16:24:15,20260926,15,4,2-6-5,341.3
2026-09-26 16:24:15,20260926,15,4,3-1-2,15.2
2026-09-26 16:24:15,20260926,15,4,3-1-4,34.7
2026-09-26 16:24:15,20260926,15,4,3-1-5,29.1
2026-09-26 16:24:15,20260926,15,4,3-1-6,11.2
2026-09-26 16:24:15,20260926,15,4,3-2-1,29.1
2026-09-26 16:24:15,20260926,15,4,3-2-4,47.2
2026-09-26 16:24:15,20260926,15,4,3-2-5,47.6
2026-09-26 16:24:15,20260926,15,4,3-2-6,23.3
2026-09-26 16:24:15,20260926,15,4,3-4-1,88.2
2026-09-26 16:24:15,20260926,15,4,3-4-2,92.7
2026-09-26 16:24:15,20260926,15,4,3-4-5,96.7
2026-09-26 16:24:15,20260926,15,4,3-4-6,69.5
2026-09-26 16:24:15,20260926,15,4,3-5-1,91.3
2026-09-26 16:24:15,20260926,15,4,3-5-2,80.4
2026-09-26 16:24:15,20260926,15,4,3-5-4,95.7
2026-09-26 16:24:15,20260926,15,4,3-5-6,82.2
2026-09-26 16:24:15,20260926,15,4,3-6-1,18.0
2026-09-26 16:24:15,20260926,15,4,3-6-2,20.8
2026-09-26 16:24:15,20260926,15,4,3-6-4,41.0
2026-09-26 16:24:15,20260926,15,4,3-6-5,43.0
2026-09-26 16:24:15,20260926,15,4,4-1-2,198.8
2026-09-26 16:24:15,20260926,15,4,4-1-3,147.0
2026-09-26 16:24:15,20260926,15,4,4-1-5,91.3
2026-09-26 16:24:15,20260926,15,4,4-1-6,179.1
2026-09-26 16:24:15,20260926,15,4,4-2-1,194.5
2026-09-26 16:24:15,20260926,15,4,4-2-3,175.6
2026-09-26 16:24:15,20260926,15,4,4-2-5,210.3
2026-09-26 16:24:15,20260926,15,4,4-2-6,182.7
2026-09-26 16:24:15,20260926,15,4,4-3-1,184.6
2026-09-26 16:24:15,20260926,15,4,4-3-2,229.0
2026-09-26 16:24:15,20260926,15,4,4-3-5,182.7
2026-09-26 16:24:15,20260926,15,4,4-3-6,184.6
2026-09-26 16:24:15,20260926,15,4,4-5-1,175.6
2026-09-26 16:24:15,20260926,15,4,4-5-2,169.0
2026-09-26 16:24:15,20260926,15,4,4-5-3,205.6
2026-09-26 16:24:15,20260926,15,4,4-5-6,361.8
2026-09-26 16:24:15,20260926,15,4,4-6-1,274.1
2026-09-26 16:24:15,20260926,15,4,4-6-2,306.6
2026-09-26 16:24:15,20260926,15,4,4-6-3,270.0
2026-09-26 16:24:15,20260926,15,4,4-6-5,489.0
2026-09-26 16:24:15,20260926,15,4,5-1-2,173.9
2026-09-26 16:24:15,20260926,15,4,5-1-3,140.2
2026-09-26 16:24:15,20260926,15,4,5-1-4,210.3
2026-09-26 16:24:15,20260926,15,4,5-1-6,301.5
2026-09-26 16:24:15,20260926,15,4,5-2-1,476.1
2026-09-26 16:24:15,20260926,15,4,5-2-3,184.6
2026-09-26 16:24:15,20260926,15,4,5-2-4,238.0
2026-09-26 16:24:15,20260926,15,4,5-2-6,347.9
2026-09-26 16:24:15,20260926,15,4,5-3-1,161.5
2026-09-26 16:24:15,20260926,15,4,5-3-2,179.1
2026-09-26 16:24:15,20260926,15,4,5-3-4,160.1
2026-09-26 16:24:15,20260926,15,4,5-3-6,244.5
2026-09-26 16:24:15,20260926,15,4,5-4-1,274.1
2026-09-26 16:24:15,20260926,15,4,5-4-2,278.3
2026-09-26 16:24:15,20260926,15,4,5-4-3,335.0
2026-09-26 16:24:15,20260926,15,4,5-4-6,476.1
2026-09-26 16:24:15,20260926,15,4,5-6-1,489.0
2026-09-26 16:24:15,20260926,15,4,5-6-2,420.7
2026-09-26 16:24:15,20260926,15,4,5-6-3,384.9
2026-09-26 16:24:15,20260926,15,4,5-6-4,753.8
2026-09-26 16:24:15,20260926,15,4,6-1-2,196.6
2026-09-26 16:24:15,20260926,15,4,6-1-3,111.0
2026-09-26 16:24:15,20260926,15,4,6-1-4,301.5
2026-09-26 16:24:15,20260926,15,4,6-1-5,328.9
2026-09-26 16:24:15,20260926,15,4,6-2-1,217.9
2026-09-26 16:24:15,20260926,15,4,6-2-3,203.2
2026-09-26 16:24:15,20260926,15,4,6-2-4,430.7
2026-09-26 16:24:15,20260926,15,4,6-2-5,583.6
2026-09-26 16:24:15,20260926,15,4,6-3-1,98.8
2026-09-26 16:24:15,20260926,15,4,6-3-2,155.9
2026-09-26 16:24:15,20260926,15,4,6-3-4,184.6
2026-09-26 16:24:15,20260926,15,4,6-3-5,220.6
2026-09-26 16:24:15,20260926,15,4,6-4-1,532.1
2026-09-26 16:24:15,20260926,15,4,6-4-2,565.4
2026-09-26 16:24:15,20260926,15,4,6-4-3,361.8
2026-09-26 16:24:15,20260926,15,4,6-4-5,822.4
2026-09-26 16:24:15,20260926,15,4,6-5-1,861.5
2026-09-26 16:24:15,20260926,15,4,6-5-2,516.9
2026-09-26 16:24:15,20260926,15,4,6-5-3,393.3
2026-09-26 16:24:15,20260926,15,4,6-5-4,646.1
2026-09-26 16:34:49,20260926,5,12,1-2-3,7.8
2026-09-26 16:34:49,20260926,5,12,1-2-4,19.0
2026-09-26 16:34:49,20260926,5,12,1-2-5,29.6
2026-09-26 16:34:49,20260926,5,12,1-2-6,17.6
2026-09-26 16:34:49,20260926,5,12,1-3-2,7.1
2026-09-26 16:34:49,20260926,5,12,1-3-4,12.3
2026-09-26 16:34:49,20260926,5,12,1-3-5,17.5
2026-09-26 16:34:49,20260926,5,12,1-3-6,10.9
2026-09-26 16:34:49,20260926,5,12,1-4-2,36.5
2026-09-26 16:34:49,20260926,5,12,1-4-3,37.7
2026-09-26 16:34:49,20260926,5,12,1-4-5,71.8
2026-09-26 16:34:49,20260926,5,12,1-4-6,42.7
2026-09-26 16:34:49,20260926,5,12,1-5-2,44.3
2026-09-26 16:34:49,20260926,5,12,1-5-3,39.7
2026-09-26 16:34:49,20260926,5,12,1-5-4,96.5
2026-09-26 16:34:49,20260926,5,12,1-5-6,59.7
2026-09-26 16:34:49,20260926,5,12,1-6-2,30.0
2026-09-26 16:34:49,20260926,5,12,1-6-3,27.0
2026-09-26 16:34:49,20260926,5,12,1-6-4,44.4
2026-09-26 16:34:49,20260926,5,12,1-6-5,56.2
2026-09-26 16:34:49,20260926,5,12,2-1-3,54.5
2026-09-26 16:34:49,20260926,5,12,2-1-4,114.1
2026-09-26 16:34:49,20260926,5,12,2-1-5,123.5
2026-09-26 16:34:49,20260926,5,12,2-1-6,117.1
2026-09-26 16:34:49,20260926,5,12,2-3-1,89.1
2026-09-26 16:34:49,20260926,5,12,2-3-4,204.5
2026-09-26 16:34:49,20260926,5,12,2-3-5,234.2
2026-09-26 16:34:49,20260926,5,12,2-3-6,198.2
2026-09-26 16:34:49,20260926,5,12,2-4-1,282.5
2026-09-26 16:34:49,20260926,5,12,2-4-3,370.5
2026-09-26 16:34:49,20260926,5,12,2-4-5,475.8
2026-09-26 16:34:49,20260926,5,12,2-4-6,311.7
2026-09-26 16:34:49,20260926,5,12,2-5-1,329.9
2026-09-26 16:34:49,20260926,5,12,2-5-3,313.9
2026-09-26 16:34:49,20260926,5,12,2-5-4,558.1
2026-09-26 16:34:49,20260926,5,12,2-5-6,386.3
2026-09-26 16:34:49,20260926,5,12,2-6-1,255.4
2026-09-26 16:34:49,20260926,5,12,2-6-3,407.2
2026-09-26 16:34:49,20260926,5,12,2-6-4,531.8
2026-09-26 16:34:49,20260926,5,12,2-6-5,491.3
2026-09-26 16:34:49,20260926,5,12,3-1-2,48.1
2026-09-26 16:34:49,20260926,5,12,3-1-4,63.2
2026-09-26 16:34:49,20260926,5,12,3-1-5,70.4
2026-09-26 16:34:49,20260926,5,12,3-1-6,53.8
2026-09-26 16:34:49,20260926,5,12,3-2-1,85.7
2026-09-26 16:34:49,20260926,5,12,3-2-4,148.7
2026-09-26 16:34:49,20260926,5,12,3-2-5,181.5
2026-09-26 16:34:49,20260926,5,12,3-2-6,175.9
2026-09-26 16:34:49,20260926,5,12,3-4-1,151.1
2026-09-26 16:34:49,20260926,5,12,3-4-2,204.5
2026-09-26 16:34:49,20260926,5,12,3-4-5,239.1
2026-09-26 16:34:49,20260926,5,12,3-4-6,168.0
2026-09-26 16:34:49,20260926,5,12,3-5-1,187.5
2026-09-26 16:34:49,20260926,5,12,3-5-2,237.9
2026-09-26 16:34:49,20260926,5,12,3-5-4,376.7
2026-09-26 16:34:49,20260926,5,12,3-5-6,248.3
2026-09-26 16:34:49,20260926,5,12,3-6-1,118.0
2026-09-26 16:34:49,20260926,5,12,3-6-2,282.5
2026-09-26 16:34:49,20260926,5,12,3-6-4,248.3
2026-09-26 16:34:49,20260926,5,12,3-6-5,316.1
2026-09-26 16:34:49,20260926,5,12,4-1-2,248.3
2026-09-26 16:34:49,20260926,5,12,4-1-3,194.0
2026-09-26 16:34:49,20260926,5,12,4-1-5,305.4
2026-09-26 16:34:49,20260926,5,12,4-1-6,223.7
2026-09-26 16:34:49,20260926,5,12,4-2-1,379.8
2026-09-26 16:34:49,20260926,5,12,4-2-3,438.9
2026-09-26 16:34:49,20260926,5,12,4-2-5,741.0
2026-09-26 16:34:49,20260926,5,12,4-2-6,513.7
2026-09-26 16:34:49,20260926,5,12,4-3-1,286.1
2026-09-26 16:34:49,20260926,5,12,4-3-2,447.5
2026-09-26 16:34:49,20260926,5,12,4-3-5,531.8
2026-09-26 16:34:49,20260926,5,12,4-3-6,269.0
2026-09-26 16:34:49,20260926,5,12,4-5-1,513.7
2026-09-26 16:34:49,20260926,5,12,4-5-2,655.1
2026-09-26 16:34:49,20260926,5,12,4-5-3,741.0
2026-09-26 16:34:49,20260926,5,12,4-5-6,565.0
2026-09-26 16:34:49,20260926,5,12,4-6-1,396.5
2026-09-26 16:34:49,20260926,5,12,4-6-2,664.8
2026-09-26 16:34:49,20260926,5,12,4-6-3,461.2
2026-09-26 16:34:49,20260926,5,12,4-6-5,869.3
2026-09-26 16:34:49,20260926,5,12,5-1-2,237.9
2026-09-26 16:34:49,20260926,5,12,5-1-3,197.4
2026-09-26 16:34:49,20260926,5,12,5-1-4,347.7
2026-09-26 16:34:49,20260926,5,12,5-1-6,213.2
2026-09-26 16:34:49,20260926,5,12,5-2-1,350.4
2026-09-26 16:34:49,20260926,5,12,5-2-3,389.7
2026-09-26 16:34:49,20260926,5,12,5-2-4,496.7
2026-09-26 16:34:49,20260926,5,12,5-2-6,452.0
2026-09-26 16:34:49,20260926,5,12,5-3-1,280.7
2026-09-26 16:34:49,20260926,5,12,5-3-2,400.0
2026-09-26 16:34:49,20260926,5,12,5-3-4,491.3
2026-09-26 16:34:49,20260926,5,12,5-3-6,383.1
2026-09-26 16:34:49,20260926,5,12,5-4-1,502.3
2026-09-26 16:34:49,20260926,5,12,5-4-2,594.8
2026-09-26 16:34:49,20260926,5,12,5-4-3,610.9
2026-09-26 16:34:49,20260926,5,12,5-4-6,466.0
2026-09-26 16:34:49,20260926,5,12,5-6-1,434.6
2026-09-26 16:34:49,20260926,5,12,5-6-2,565.0
2026-09-26 16:34:49,20260926,5,12,5-6-3,572.2
2026-09-26 16:34:49,20260926,5,12,5-6-4,594.8
2026-09-26 16:34:49,20260926,5,12,6-1-2,159.1
2026-09-26 16:34:49,20260926,5,12,6-1-3,143.5
2026-09-26 16:34:49,20260926,5,12,6-1-4,255.4
2026-09-26 16:34:49,20260926,5,12,6-1-5,367.5
2026-09-26 16:34:49,20260926,5,12,6-2-1,262.8
2026-09-26 16:34:49,20260926,5,12,6-2-3,443.2
2026-09-26 16:34:49,20260926,5,12,6-2-4,470.9
2026-09-26 16:34:49,20260926,5,12,6-2-5,706.3
2026-09-26 16:34:49,20260926,5,12,6-3-1,155.3
2026-09-26 16:34:49,20260926,5,12,6-3-2,364.5
2026-09-26 16:34:49,20260926,5,12,6-3-4,320.6
2026-09-26 16:34:49,20260926,5,12,6-3-5,619.2
2026-09-26 16:34:49,20260926,5,12,6-4-1,447.5
2026-09-26 16:34:49,20260926,5,12,6-4-2,594.8
2026-09-26 16:34:49,20260926,5,12,6-4-3,452.0
2026-09-26 16:34:49,20260926,5,12,6-4-5,729.1
2026-09-26 16:34:49,20260926,5,12,6-5-1,496.7
2026-09-26 16:34:49,20260926,5,12,6-5-2,741.0
2026-09-26 16:34:49,20260926,5,12,6-5-3,610.9
2026-09-26 16:34:49,20260926,5,12,6-5-4,619.2
2026-09-26 16:37:07,20260926,19,4,1-2-3,14.9
2026-09-26 16:37:07,20260926,19,4,1-2-4,14.6
2026-09-26 16:37:07,20260926,19,4,1-2-5,32.6
2026-09-26 16:37:07,20260926,19,4,1-2-6,30.8
2026-09-26 16:37:07,20260926,19,4,1-3-2,26.1
2026-09-26 16:37:07,20260926,19,4,1-3-4,52.8
2026-09-26 16:37:07,20260926,19,4,1-3-5,82.4
2026-09-26 16:37:07,20260926,19,4,1-3-6,134.9
2026-09-26 16:37:07,20260926,19,4,1-4-2,46.3
2026-09-26 16:37:07,20260926,19,4,1-4-3,73.9
2026-09-26 16:37:07,20260926,19,4,1-4-5,91.3
2026-09-26 16:37:07,20260926,19,4,1-4-6,131.9
2026-09-26 16:37:07,20260926,19,4,1-5-2,84.8
2026-09-26 16:37:07,20260926,19,4,1-5-3,152.2
2026-09-26 16:37:07,20260926,19,4,1-5-4,181.3
2026-09-26 16:37:07,20260926,19,4,1-5-6,289.6
2026-09-26 16:37:07,20260926,19,4,1-6-2,87.9
2026-09-26 16:37:07,20260926,19,4,1-6-3,169.6
2026-09-26 16:37:07,20260926,19,4,1-6-4,158.3
2026-09-26 16:37:07,20260926,19,4,1-6-5,383.0
2026-09-26 16:37:07,20260926,19,4,2-1-3,13.1
2026-09-26 16:37:07,20260926,19,4,2-1-4,10.2
2026-09-26 16:37:07,20260926,19,4,2-1-5,25.0
2026-09-26 16:37:07,20260926,19,4,2-1-6,22.3
2026-09-26 16:37:07,20260926,19,4,2-3-1,27.8
2026-09-26 16:37:07,20260926,19,4,2-3-4,20.8
2026-09-26 16:37:07,20260926,19,4,2-3-5,35.5
2026-09-26 16:37:07,20260926,19,4,2-3-6,33.4
2026-09-26 16:37:07,20260926,19,4,2-4-1,21.3
2026-09-26 16:37:07,20260926,19,4,2-4-3,28.3
2026-09-26 16:37:07,20260926,19,4,2-4-5,36.0
2026-09-26 16:37:07,20260926,19,4,2-4-6,30.3
2026-09-26 16:37:07,20260926,19,4,2-5-1,62.3
2026-09-26 16:37:07,20260926,19,4,2-5-3,67.6
2026-09-26 16:37:07,20260926,19,4,2-5-4,79.4
2026-09-26 16:37:07,20260926,19,4,2-5-6,82.7
2026-09-26 16:37:07,20260926,19,4,2-6-1,85.1
2026-09-26 16:37:07,20260926,19,4,2-6-3,64.1
2026-09-26 16:37:07,20260926,19,4,2-6-4,81.9
2026-09-26 16:37:07,20260926,19,4,2-6-5,120.5
2026-09-26 16:37:07,20260926,19,4,3-1-2,102.8
2026-09-26 16:37:07,20260926,19,4,3-1-4,113.1
2026-09-26 16:37:07,20260926,19,4,3-1-5,129.0
2026-09-26 16:37:07,20260926,19,4,3-1-6,213.9
2026-09-26 16:37:07,20260926,19,4,3-2-1,99.3
2026-09-26 16:37:07,20260926,19,4,3-2-4,77.1
2026-09-26 16:37:07,20260926,19,4,3-2-5,82.7
2026-09-26 16:37:07,20260926,19,4,3-2-6,105.5
2026-09-26 16:37:07,20260926,19,4,3-4-1,300.6
2026-09-26 16:37:07,20260926,19,4,3-4-2,204.7
2026-09-26 16:37:07,20260926,19,4,3-4-5,409.5
2026-09-26 16:37:07,20260926,19,4,3-4-6,279.4
2026-09-26 16:37:07,20260926,19,4,3-5-1,263.9
2026-09-26 16:37:07,20260926,19,4,3-5-2,169.6
2026-09-26 16:37:07,20260926,19,4,3-5-4,494.8
2026-09-26 16:37:07,20260926,19,4,3-5-6,371.1
2026-09-26 16:37:07,20260926,19,4,3-6-1,475.0
2026-09-26 16:37:07,20260926,19,4,3-6-2,242.3
2026-09-26 16:37:07,20260926,19,4,3-6-4,339.3
2026-09-26 16:37:07,20260926,19,4,3-6-5,913.5
2026-09-26 16:37:07,20260926,19,4,4-1-2,94.2
2026-09-26 16:37:07,20260926,19,4,4-1-3,252.6
2026-09-26 16:37:07,20260926,19,4,4-1-5,226.2
2026-09-26 16:37:07,20260926,19,4,4-1-6,250.0
2026-09-26 16:37:07,20260926,19,4,4-2-1,86.3
2026-09-26 16:37:07,20260926,19,4,4-2-3,115.8
2026-09-26 16:37:07,20260926,19,4,4-2-5,158.3
2026-09-26 16:37:07,20260926,19,4,4-2-6,139.7
2026-09-26 16:37:07,20260926,19,4,4-3-1,359.8
2026-09-26 16:37:07,20260926,19,4,4-3-2,273.0
2026-09-26 16:37:07,20260926,19,4,4-3-5,402.5
2026-09-26 16:37:07,20260926,19,4,4-3-6,475.0
2026-09-26 16:37:07,20260926,19,4,4-5-1,308.4
2026-09-26 16:37:07,20260926,19,4,4-5-2,219.9
2026-09-26 16:37:07,20260926,19,4,4-5-3,371.1
2026-09-26 16:37:07,20260926,19,4,4-5-6,475.0
2026-09-26 16:37:07,20260926,19,4,4-6-1,383.0
2026-09-26 16:37:07,20260926,19,4,4-6-2,208.3
2026-09-26 16:37:07,20260926,19,4,4-6-3,465.7
2026-09-26 16:37:07,20260926,19,4,4-6-5,641.9
2026-09-26 16:37:07,20260926,19,4,5-1-2,178.5
2026-09-26 16:37:07,20260926,19,4,5-1-3,232.8
2026-09-26 16:37:07,20260926,19,4,5-1-4,239.9
2026-09-26 16:37:07,20260926,19,4,5-1-6,325.3
2026-09-26 16:37:07,20260926,19,4,5-2-1,208.3
2026-09-26 16:37:07,20260926,19,4,5-2-3,208.3
2026-09-26 16:37:07,20260926,19,4,5-2-4,221.9
2026-09-26 16:37:07,20260926,19,4,5-2-6,230.5
2026-09-26 16:37:07,20260926,19,4,5-3-1,377.0
2026-09-26 16:37:07,20260926,19,4,5-3-2,289.6
2026-09-26 16:37:07,20260926,19,4,5-3-4,465.7
2026-09-26 16:37:07,20260926,19,4,5-3-6,539.8
2026-09-26 16:37:07,20260926,19,4,5-4-1,431.8
2026-09-26 16:37:07,20260926,19,4,5-4-2,320.9
2026-09-26 16:37:07,20260926,19,4,5-4-3,552.3
2026-09-26 16:37:07,20260926,19,4,5-4-6,494.8
2026-09-26 16:37:07,20260926,19,4,5-6-1,719.7
2026-09-26 16:37:07,20260926,19,4,5-6-2,456.7
2026-09-26 16:37:07,20260926,19,4,5-6-3,439.8
2026-09-26 16:37:07,20260926,19,4,5-6-4,565.5
2026-09-26 16:37:07,20260926,19,4,6-1-2,383.0
2026-09-26 16:37:07,20260926,19,4,6-1-3,494.8
2026-09-26 16:37:07,20260926,19,4,6-1-4,552.3
2026-09-26 16:37:07,20260926,19,4,6-1-5,609.0
2026-09-26 16:37:07,20260926,19,4,6-2-1,359.8
2026-09-26 16:37:07,20260926,19,4,6-2-3,252.6
2026-09-26 16:37:07,20260926,19,4,6-2-4,344.2
2026-09-26 16:37:07,20260926,19,4,6-2-5,641.9
2026-09-26 16:37:07,20260926,19,4,6-3-1,848.2
2026-09-26 16:37:07,20260926,19,4,6-3-2,325.3
2026-09-26 16:37:07,20260926,19,4,6-3-4,719.7
2026-09-26 16:37:07,20260926,19,4,6-3-5,1131.0
2026-09-26 16:37:07,20260926,19,4,6-4-1,766.1
2026-09-26 16:37:07,20260926,19,4,6-4-2,365.4
2026-09-26 16:37:07,20260926,19,4,6-4-3,950.0
2026-09-26 16:37:07,20260926,19,4,6-4-5,989.6
2026-09-26 16:37:07,20260926,19,4,6-5-1,1131.0
2026-09-26 16:37:07,20260926,19,4,6-5-2,698.5
2026-09-26 16:37:07,20260926,19,4,6-5-3,950.0
2026-09-26 16:37:07,20260926,19,4,6-5-4,742.2
2026-09-26 16:39:31,20260926,22,11,1-2-3,7.2
2026-09-26 16:39:31,20260926,22,11,1-2-4,20.4
2026-09-26 16:39:31,20260926,22,11,1-2-5,21.8
2026-09-26 16:39:31,20260926,22,11,1-2-6,36.4
2026-09-26 16:39:31,20260926,22,11,1-3-2,9.6
2026-09-26 16:39:31,20260926,22,11,1-3-4,16.3
2026-09-26 16:39:31,20260926,22,11,1-3-5,19.2
2026-09-26 16:39:31,20260926,22,11,1-3-6,31.8
2026-09-26 16:39:31,20260926,22,11,1-4-2,45.7
2026-09-26 16:39:31,20260926,22,11,1-4-3,54.7
2026-09-26 16:39:31,20260926,22,11,1-4-5,69.8
2026-09-26 16:39:31,20260926,22,11,1-4-6,92.1
2026-09-26 16:39:31,20260926,22,11,1-5-2,30.1
2026-09-26 16:39:31,20260926,22,11,1-5-3,35.3
2026-09-26 16:39:31,20260926,22,11,1-5-4,68.1
2026-09-26 16:39:31,20260926,22,11,1-5-6,74.4
2026-09-26 16:39:31,20260926,22,11,1-6-2,94.2
2026-09-26 16:39:31,20260926,22,11,1-6-3,112.8
2026-09-26 16:39:31,20260926,22,11,1-6-4,156.0
2026-09-26 16:39:31,20260926,22,11,1-6-5,198.4
2026-09-26 16:39:31,20260926,22,11,2-1-3,39.1
2026-09-26 16:39:31,20260926,22,11,2-1-4,65.0
2026-09-26 16:39:31,20260926,22,11,2-1-5,91.8
2026-09-26 16:39:31,20260926,22,11,2-1-6,132.8
2026-09-26 16:39:31,20260926,22,11,2-3-1,63.0
2026-09-26 16:39:31,20260926,22,11,2-3-4,86.8
2026-09-26 16:39:31,20260926,22,11,2-3-5,95.9
2026-09-26 16:39:31,20260926,22,11,2-3-6,122.2
2026-09-26 16:39:31,20260926,22,11,2-4-1,176.6
2026-09-26 16:39:31,20260926,22,11,2-4-3,130.6
2026-09-26 16:39:31,20260926,22,11,2-4-5,396.9
2026-09-26 16:39:31,20260926,22,11,2-4-6,245.4
2026-09-26 16:39:31,20260926,22,11,2-5-1,159.1
2026-09-26 16:39:31,20260926,22,11,2-5-3,140.3
2026-09-26 16:39:31,20260926,22,11,2-5-4,365.3
2026-09-26 16:39:31,20260926,22,11,2-5-6,369.5
2026-09-26 16:39:31,20260926,22,11,2-6-1,412.1
2026-09-26 16:39:31,20260926,22,11,2-6-3,294.9
2026-09-26 16:39:31,20260926,22,11,2-6-4,434.4
2026-09-26 16:39:31,20260926,22,11,2-6-5,747.6
2026-09-26 16:39:31,20260926,22,11,3-1-2,27.9
2026-09-26 16:39:31,20260926,22,11,3-1-4,33.0
2026-09-26 16:39:31,20260926,22,11,3-1-5,35.8
2026-09-26 16:39:31,20260926,22,11,3-1-6,50.9
2026-09-26 16:39:31,20260926,22,11,3-2-1,50.6
2026-09-26 16:39:31,20260926,22,11,3-2-4,56.1
2026-09-26 16:39:31,20260926,22,11,3-2-5,54.6
2026-09-26 16:39:31,20260926,22,11,3-2-6,79.7
2026-09-26 16:39:31,20260926,22,11,3-4-1,70.6
2026-09-26 16:39:31,20260926,22,11,3-4-2,74.9
2026-09-26 16:39:31,20260926,22,11,3-4-5,98.0
2026-09-26 16:39:31,20260926,22,11,3-4-6,62.4
2026-09-26 16:39:31,20260926,22,11,3-5-1,85.2
2026-09-26 16:39:31,20260926,22,11,3-5-2,81.8
2026-09-26 16:39:31,20260926,22,11,3-5-4,136.8
2026-09-26 16:39:31,20260926,22,11,3-5-6,145.4
2026-09-26 16:39:31,20260926,22,11,3-6-1,137.3
2026-09-26 16:39:31,20260926,22,11,3-6-2,136.2
2026-09-26 16:39:31,20260926,22,11,3-6-4,114.8
2026-09-26 16:39:31,20260926,22,11,3-6-5,160.7
2026-09-26 16:39:31,20260926,22,11,4-1-2,199.6
2026-09-26 16:39:31,20260926,22,11,4-1-3,164.8
2026-09-26 16:39:31,20260926,22,11,4-1-5,197.2
2026-09-26 16:39:31,20260926,22,11,4-1-6,215.7
2026-09-26 16:39:31,20260926,22,11,4-2-1,232.9
2026-09-26 16:39:31,20260926,22,11,4-2-3,178.6
2026-09-26 16:39:31,20260926,22,11,4-2-5,309.1
2026-09-26 16:39:31,20260926,22,11,4-2-6,261.3
2026-09-26 16:39:31,20260926,22,11,4-3-1,148.1
2026-09-26 16:39:31,20260926,22,11,4-3-2,179.6
2026-09-26 16:39:31,20260926,22,11,4-3-5,282.0
2026-09-26 16:39:31,20260926,22,11,4-3-6,234.6
2026-09-26 16:39:31,20260926,22,11,4-5-1,289.6
2026-09-26 16:39:31,20260926,22,11,4-5-2,440.4
2026-09-26 16:39:31,20260926,22,11,4-5-3,396.9
2026-09-26 16:39:31,20260926,22,11,4-5-6,446.5
2026-09-26 16:39:31,20260926,22,11,4-6-1,554.3
2026-09-26 16:39:31,20260926,22,11,4-6-2,479.8
2026-09-26 16:39:31,20260926,22,11,4-6-3,417.5
2026-09-26 16:39:31,20260926,22,11,4-6-5,564.0
2026-09-26 16:39:31,20260926,22,11,5-1-2,129.6
2026-09-26 16:39:31,20260926,22,11,5-1-3,132.3
2026-09-26 16:39:31,20260926,22,11,5-1-4,257.1
2026-09-26 16:39:31,20260926,22,11,5-1-6,203.4
2026-09-26 16:39:31,20260926,22,11,5-2-1,188.0
2026-09-26 16:39:31,20260926,22,11,5-2-3,172.8
2026-09-26 16:39:31,20260926,22,11,5-2-4,361.2
2026-09-26 16:39:31,20260926,22,11,5-2-6,417.5
2026-09-26 16:39:31,20260926,22,11,5-3-1,171.9
2026-09-26 16:39:31,20260926,22,11,5-3-2,186.9
2026-09-26 16:39:31,20260926,22,11,5-3-4,300.4
2026-09-26 16:39:31,20260926,22,11,5-3-6,259.2
2026-09-26 16:39:31,20260926,22,11,5-4-1,334.8
2026-09-26 16:39:31,20260926,22,11,5-4-2,479.8
2026-09-26 16:39:31,20260926,22,11,5-4-3,452.8
2026-09-26 16:39:31,20260926,22,11,5-4-6,452.8
2026-09-26 16:39:31,20260926,22,11,5-6-1,584.5
2026-09-26 16:39:31,20260926,22,11,5-6-2,824.3
2026-09-26 16:39:31,20260926,22,11,5-6-3,535.8
2026-09-26 16:39:31,20260926,22,11,5-6-4,714.4
2026-09-26 16:39:31,20260926,22,11,6-1-2,428.6
2026-09-26 16:39:31,20260926,22,11,6-1-3,396.9
2026-09-26 16:39:31,20260926,22,11,6-1-4,669.7
2026-09-26 16:39:31,20260926,22,11,6-1-5,574.0
2026-09-26 16:39:31,20260926,22,11,6-2-1,518.5
2026-09-26 16:39:31,20260926,22,11,6-2-3,434.4
2026-09-26 16:39:31,20260926,22,11,6-2-4,502.3
2026-09-26 16:39:31,20260926,22,11,6-2-5,868.9
2026-09-26 16:39:31,20260926,22,11,6-3-1,535.8
2026-09-26 16:39:31,20260926,22,11,6-3-2,527.0
2026-09-26 16:39:31,20260926,22,11,6-3-4,564.0
2026-09-26 16:39:31,20260926,22,11,6-3-5,784.1
2026-09-26 16:39:31,20260926,22,11,6-4-1,1148.0
2026-09-26 16:39:31,20260926,22,11,6-4-2,1071.0
2026-09-26 16:39:31,20260926,22,11,6-4-3,747.6
2026-09-26 16:39:31,20260926,22,11,6-4-5,1190.0
2026-09-26 16:39:31,20260926,22,11,6-5-1,824.3
2026-09-26 16:39:31,20260926,22,11,6-5-2,1108.0
2026-09-26 16:39:31,20260926,22,11,6-5-3,803.7
2026-09-26 16:39:31,20260926,22,11,6-5-4,684.0
2026-09-26 16:40:06,20260926,22,11,1-2-3,7.2
2026-09-26 16:40:06,20260926,22,11,1-2-4,20.4
2026-09-26 16:40:06,20260926,22,11,1-2-5,21.8
2026-09-26 16:40:06,20260926,22,11,1-2-6,36.4
2026-09-26 16:40:06,20260926,22,11,1-3-2,9.6
2026-09-26 16:40:06,20260926,22,11,1-3-4,16.3
2026-09-26 16:40:06,20260926,22,11,1-3-5,19.2
2026-09-26 16:40:06,20260926,22,11,1-3-6,31.8
2026-09-26 16:40:06,20260926,22,11,1-4-2,45.7
2026-09-26 16:40:06,20260926,22,11,1-4-3,54.7
2026-09-26 16:40:06,20260926,22,11,1-4-5,69.8
2026-09-26 16:40:06,20260926,22,11,1-4-6,92.1
2026-09-26 16:40:06,20260926,22,11,1-5-2,30.1
2026-09-26 16:40:06,20260926,22,11,1-5-3,35.3
2026-09-26 16:40:06,20260926,22,11,1-5-4,68.1
2026-09-26 16:40:06,20260926,22,11,1-5-6,74.4
2026-09-26 16:40:06,20260926,22,11,1-6-2,94.2
2026-09-26 16:40:06,20260926,22,11,1-6-3,112.8
2026-09-26 16:40:06,20260926,22,11,1-6-4,156.0
2026-09-26 16:40:06,20260926,22,11,1-6-5,198.4
2026-09-26 16:40:06,20260926,22,11,2-1-3,39.1
2026-09-26 16:40:06,20260926,22,11,2-1-4,65.0
2026-09-26 16:40:06,20260926,22,11,2-1-5,91.8
2026-09-26 16:40:06,20260926,22,11,2-1-6,132.8
2026-09-26 16:40:06,20260926,22,11,2-3-1,63.0
2026-09-26 16:40:06,20260926,22,11,2-3-4,86.8
2026-09-26 16:40:06,20260926,22,11,2-3-5,95.9
2026-09-26 16:40:06,20260926,22,11,2-3-6,122.2
2026-09-26 16:40:06,20260926,22,11,2-4-1,176.6
2026-09-26 16:40:06,20260926,22,11,2-4-3,130.6
2026-09-26 16:40:06,20260926,22,11,2-4-5,396.9
2026-09-26 16:40:06,20260926,22,11,2-4-6,245.4
2026-09-26 16:40:06,20260926,22,11,2-5-1,159.1
2026-09-26 16:40:06,20260926,22,11,2-5-3,140.3
2026-09-26 16:40:06,20260926,22,11,2-5-4,365.3
2026-09-26 16:40:06,20260926,22,11,2-5-6,369.5
2026-09-26 16:40:06,20260926,22,11,2-6-1,412.1
2026-09-26 16:40:06,20260926,22,11,2-6-3,294.9
2026-09-26 16:40:06,20260926,22,11,2-6-4,434.4
2026-09-26 16:40:06,20260926,22,11,2-6-5,747.6
2026-09-26 16:40:06,20260926,22,11,3-1-2,27.9
2026-09-26 16:40:06,20260926,22,11,3-1-4,33.0
2026-09-26 16:40:06,20260926,22,11,3-1-5,35.8
2026-09-26 16:40:06,20260926,22,11,3-1-6,50.9
2026-09-26 16:40:06,20260926,22,11,3-2-1,50.6
2026-09-26 16:40:06,20260926,22,11,3-2-4,56.1
2026-09-26 16:40:06,20260926,22,11,3-2-5,54.6
2026-09-26 16:40:06,20260926,22,11,3-2-6,79.7
2026-09-26 16:40:06,20260926,22,11,3-4-1,70.6
2026-09-26 16:40:06,20260926,22,11,3-4-2,74.9
2026-09-26 16:40:06,20260926,22,11,3-4-5,98.0
2026-09-26 16:40:06,20260926,22,11,3-4-6,62.4
2026-09-26 16:40:06,20260926,22,11,3-5-1,85.2
2026-09-26 16:40:06,20260926,22,11,3-5-2,81.8
2026-09-26 16:40:06,20260926,22,11,3-5-4,136.8
2026-09-26 16:40:06,20260926,22,11,3-5-6,145.4
2026-09-26 16:40:06,20260926,22,11,3-6-1,137.3
2026-09-26 16:40:06,20260926,22,11,3-6-2,136.2
2026-09-26 16:40:06,20260926,22,11,3-6-4,114.8
2026-09-26 16:40:06,20260926,22,11,3-6-5,160.7
2026-09-26 16:40:06,20260926,22,11,4-1-2,199.6
2026-09-26 16:40:06,20260926,22,11,4-1-3,164.8
2026-09-26 16:40:06,20260926,22,11,4-1-5,197.2
2026-09-26 16:40:06,20260926,22,11,4-1-6,215.7
2026-09-26 16:40:06,20260926,22,11,4-2-1,232.9
2026-09-26 16:40:06,20260926,22,11,4-2-3,178.6
2026-09-26 16:40:06,20260926,22,11,4-2-5,309.1
2026-09-26 16:40:06,20260926,22,11,4-2-6,261.3
2026-09-26 16:40:06,20260926,22,11,4-3-1,148.1
2026-09-26 16:40:06,20260926,22,11,4-3-2,179.6
2026-09-26 16:40:06,20260926,22,11,4-3-5,282.0
2026-09-26 16:40:06,20260926,22,11,4-3-6,234.6
2026-09-26 16:40:06,20260926,22,11,4-5-1,289.6
2026-09-26 16:40:06,20260926,22,11,4-5-2,440.4
2026-09-26 16:40:06,20260926,22,11,4-5-3,396.9
2026-09-26 16:40:06,20260926,22,11,4-5-6,446.5
2026-09-26 16:40:06,20260926,22,11,4-6-1,554.3
2026-09-26 16:40:06,20260926,22,11,4-6-2,479.8
2026-09-26 16:40:06,20260926,22,11,4-6-3,417.5
2026-09-26 16:40:06,20260926,22,11,4-6-5,564.0
2026-09-26 16:40:06,20260926,22,11,5-1-2,129.6
2026-09-26 16:40:06,20260926,22,11,5-1-3,132.3
2026-09-26 16:40:06,20260926,22,11,5-1-4,257.1
2026-09-26 16:40:06,20260926,22,11,5-1-6,203.4
2026-09-26 16:40:06,20260926,22,11,5-2-1,188.0
2026-09-26 16:40:06,20260926,22,11,5-2-3,172.8
2026-09-26 16:40:06,20260926,22,11,5-2-4,361.2
2026-09-26 16:40:06,20260926,22,11,5-2-6,417.5
2026-09-26 16:40:06,20260926,22,11,5-3-1,171.9
2026-09-26 16:40:06,20260926,22,11,5-3-2,186.9
2026-09-26 16:40:06,20260926,22,11,5-3-4,300.4
2026-09-26 16:40:06,20260926,22,11,5-3-6,259.2
2026-09-26 16:40:06,20260926,22,11,5-4-1,334.8
2026-09-26 16:40:06,20260926,22,11,5-4-2,479.8
2026-09-26 16:40:06,20260926,22,11,5-4-3,452.8
2026-09-26 16:40:06,20260926,22,11,5-4-6,452.8
2026-09-26 16:40:06,20260926,22,11,5-6-1,584.5
2026-09-26 16:40:06,20260926,22,11,5-6-2,824.3
2026-09-26 16:40:06,20260926,22,11,5-6-3,535.8
2026-09-26 16:40:06,20260926,22,11,5-6-4,714.4
2026-09-26 16:40:06,20260926,22,11,6-1-2,428.6
2026-09-26 16:40:06,20260926,22,11,6-1-3,396.9
2026-09-26 16:40:06,20260926,22,11,6-1-4,669.7
2026-09-26 16:40:06,20260926,22,11,6-1-5,574.0
2026-09-26 16:40:06,20260926,22,11,6-2-1,518.5
2026-09-26 16:40:06,20260926,22,11,6-2-3,434.4
2026-09-26 16:40:06,20260926,22,11,6-2-4,502.3
2026-09-26 16:40:06,20260926,22,11,6-2-5,868.9
2026-09-26 16:40:06,20260926,22,11,6-3-1,535.8
2026-09-26 16:40:06,20260926,22,11,6-3-2,527.0
2026-09-26 16:40:06,20260926,22,11,6-3-4,564.0
2026-09-26 16:40:06,20260926,22,11,6-3-5,784.1
2026-09-26 16:40:06,20260926,22,11,6-4-1,1148.0
2026-09-26 16:40:06,20260926,22,11,6-4-2,1071.0
2026-09-26 16:40:06,20260926,22,11,6-4-3,747.6
2026-09-26 16:40:06,20260926,22,11,6-4-5,1190.0
2026-09-26 16:40:06,20260926,22,11,6-5-1,824.3
2026-09-26 16:40:06,20260926,22,11,6-5-2,1108.0
2026-09-26 16:40:06,20260926,22,11,6-5-3,803.7
2026-09-26 16:40:06,20260926,22,11,6-5-4,684.0
2026-09-26 16:42:21,20260926,20,5,1-2-3,15.7
2026-09-26 16:42:21,20260926,20,5,1-2-4,16.0
2026-09-26 16:42:21,20260926,20,5,1-2-5,25.2
2026-09-26 16:42:21,20260926,20,5,1-2-6,48.8
2026-09-26 16:42:21,20260926,20,5,1-3-2,16.4
2026-09-26 16:42:21,20260926,20,5,1-3-4,12.5
2026-09-26 16:42:21,20260926,20,5,1-3-5,14.4
2026-09-26 16:42:21,20260926,20,5,1-3-6,41.0
2026-09-26 16:42:21,20260926,20,5,1-4-2,22.7
2026-09-26 16:42:21,20260926,20,5,1-4-3,22.0
2026-09-26 16:42:21,20260926,20,5,1-4-5,25.0
2026-09-26 16:42:21,20260926,20,5,1-4-6,42.1
2026-09-26 16:42:21,20260926,20,5,1-5-2,40.2
2026-09-26 16:42:21,20260926,20,5,1-5-3,24.8
2026-09-26 16:42:21,20260926,20,5,1-5-4,31.3
2026-09-26 16:42:21,20260926,20,5,1-5-6,55.9
2026-09-26 16:42:21,20260926,20,5,1-6-2,94.7
2026-09-26 16:42:21,20260926,20,5,1-6-3,98.5
2026-09-26 16:42:21,20260926,20,5,1-6-4,92.2
2026-09-26 16:42:21,20260926,20,5,1-6-5,147.5
2026-09-26 16:42:21,20260926,20,5,2-1-3,54.6
2026-09-26 16:42:21,20260926,20,5,2-1-4,64.8
2026-09-26 16:42:21,20260926,20,5,2-1-5,78.8
2026-09-26 16:42:21,20260926,20,5,2-1-6,136.6
2026-09-26 16:42:21,20260926,20,5,2-3-1,88.6
2026-09-26 16:42:21,20260926,20,5,2-3-4,116.9
2026-09-26 16:42:21,20260926,20,5,2-3-5,114.1
2026-09-26 16:42:21,20260926,20,5,2-3-6,233.4
2026-09-26 16:42:21,20260926,20,5,2-4-1,120.1
2026-09-26 16:42:21,20260926,20,5,2-4-3,166.6
2026-09-26 16:42:21,20260926,20,5,2-4-5,182.8
2026-09-26 16:42:21,20260926,20,5,2-4-6,249.4
2026-09-26 16:42:21,20260926,20,5,2-5-1,151.5
2026-09-26 16:42:21,20260926,20,5,2-5-3,141.2
2026-09-26 16:42:21,20260926,20,5,2-5-4,233.4
2026-09-26 16:42:21,20260926,20,5,2-5-6,300.5
2026-09-26 16:42:21,20260926,20,5,2-6-1,344.7
2026-09-26 16:42:21,20260926,20,5,2-6-3,456.6
2026-09-26 16:42:21,20260926,20,5,2-6-4,402.6
2026-09-26 16:42:21,20260926,20,5,2-6-5,538.2
2026-09-26 16:42:21,20260926,20,5,3-1-2,49.8
2026-09-26 16:42:21,20260926,20,5,3-1-4,31.0
2026-09-26 16:42:21,20260926,20,5,3-1-5,32.8
2026-09-26 16:42:21,20260926,20,5,3-1-6,70.2
2026-09-26 16:42:21,20260926,20,5,3-2-1,100.5
2026-09-26 16:42:21,20260926,20,5,3-2-4,109.2
2026-09-26 16:42:21,20260926,20,5,3-2-5,103.4
2026-09-26 16:42:21,20260926,20,5,3-2-6,184.1
2026-09-26 16:42:21,20260926,20,5,3-4-1,67.6
2026-09-26 16:42:21,20260926,20,5,3-4-2,117.3
2026-09-26 16:42:21,20260926,20,5,3-4-5,95.2
2026-09-26 16:42:21,20260926,20,5,3-4-6,147.7
2026-09-26 16:42:21,20260926,20,5,3-5-1,68.5
2026-09-26 16:42:21,20260926,20,5,3-5-2,99.6
2026-09-26 16:42:21,20260926,20,5,3-5-4,106.1
2026-09-26 16:42:21,20260926,20,5,3-5-6,164.3
2026-09-26 16:42:21,20260926,20,5,3-6-1,303.1
2026-09-26 16:42:21,20260926,20,5,3-6-2,323.6
2026-09-26 16:42:21,20260926,20,5,3-6-4,284.3
2026-09-26 16:42:21,20260926,20,5,3-6-5,303.1
2026-09-26 16:42:21,20260926,20,5,4-1-2,76.2
2026-09-26 16:42:21,20260926,20,5,4-1-3,79.6
2026-09-26 16:42:21,20260926,20,5,4-1-5,72.0
2026-09-26 16:42:21,20260926,20,5,4-1-6,123.5
2026-09-26 16:42:21,20260926,20,5,4-2-1,129.7
2026-09-26 16:42:21,20260926,20,5,4-2-3,208.9
2026-09-26 16:42:21,20260926,20,5,4-2-5,203.6
2026-09-26 16:42:21,20260926,20,5,4-2-6,255.4
2026-09-26 16:42:21,20260926,20,5,4-3-1,125.8
2026-09-26 16:42:21,20260926,20,5,4-3-2,231.3
2026-09-26 16:42:21,20260926,20,5,4-3-5,190.0
2026-09-26 16:42:21,20260926,20,5,4-3-6,279.8
2026-09-26 16:42:21,20260926,20,5,4-5-1,101.8
2026-09-26 16:42:21,20260926,20,5,4-5-2,178.8
2026-09-26 16:42:21,20260926,20,5,4-5-3,223.5
2026-09-26 16:42:21,20260926,20,5,4-5-6,177.6
2026-09-26 16:42:21,20260926,20,5,4-6-1,285.1
2026-09-26 16:42:21,20260926,20,5,4-6-2,351.6
2026-09-26 16:42:21,20260926,20,5,4-6-3,475.2
2026-09-26 16:42:21,20260926,20,5,4-6-5,304.9
2026-09-26 16:42:21,20260926,20,5,5-1-2,144.1
2026-09-26 16:42:21,20260926,20,5,5-1-3,101.4
2026-09-26 16:42:21,20260926,20,5,5-1-4,141.4
2026-09-26 16:42:21,20260926,20,5,5-1-6,175.2
2026-09-26 16:42:21,20260926,20,5,5-2-1,282.8
2026-09-26 16:42:21,20260926,20,5,5-2-3,191.8
2026-09-26 16:42:21,20260926,20,5,5-2-4,307.5
2026-09-26 16:42:21,20260926,20,5,5-2-6,361.2
2026-09-26 16:42:21,20260926,20,5,5-3-1,138.6
2026-09-26 16:42:21,20260926,20,5,5-3-2,172.9
2026-09-26 16:42:21,20260926,20,5,5-3-4,271.9
2026-09-26 16:42:21,20260926,20,5,5-3-6,293.0
2026-09-26 16:42:21,20260926,20,5,5-4-1,207.6
2026-09-26 16:42:21,20260926,20,5,5-4-2,309.3
2026-09-26 16:42:21,20260926,20,5,5-4-3,378.1
2026-09-26 16:42:21,20260926,20,5,5-4-6,345.8
2026-09-26 16:42:21,20260926,20,5,5-6-1,435.9
2026-09-26 16:42:21,20260926,20,5,5-6-2,514.6
2026-09-26 16:42:21,20260926,20,5,5-6-3,456.6
2026-09-26 16:42:21,20260926,20,5,5-6-4,509.6
2026-09-26 16:42:21,20260926,20,5,6-1-2,524.8
2026-09-26 16:42:21,20260926,20,5,6-1-3,497.6
2026-09-26 16:42:21,20260926,20,5,6-1-4,579.6
2026-09-26 16:42:21,20260926,20,5,6-1-5,703.3
2026-09-26 16:42:21,20260926,20,5,6-2-1,712.8
2026-09-26 16:42:21,20260926,20,5,6-2-3,712.8
2026-09-26 16:42:21,20260926,20,5,6-2-4,850.7
2026-09-26 16:42:21,20260926,20,5,6-2-5,817.8
2026-09-26 16:42:21,20260926,20,5,6-3-1,667.7
2026-09-26 16:42:21,20260926,20,5,6-3-2,671.9
2026-09-26 16:42:21,20260926,20,5,6-3-4,722.5
2026-09-26 16:42:21,20260926,20,5,6-3-5,787.2
2026-09-26 16:42:21,20260926,20,5,6-4-1,712.8
2026-09-26 16:42:21,20260926,20,5,6-4-2,894.0
2026-09-26 16:42:21,20260926,20,5,6-4-3,1014.0
2026-09-26 16:42:21,20260926,20,5,6-4-5,799.2
2026-09-26 16:42:21,20260926,20,5,6-5-1,717.6
2026-09-26 16:42:21,20260926,20,5,6-5-2,850.7
2026-09-26 16:42:21,20260926,20,5,6-5-3,843.9
2026-09-26 16:42:21,20260926,20,5,6-5-4,655.2
2026-09-26 16:53:40,20260926,15,5,1-2-3,29.9
2026-09-26 16:53:40,20260926,15,5,1-2-4,20.0
2026-09-26 16:53:40,20260926,15,5,1-2-5,60.5
2026-09-26 16:53:40,20260926,15,5,1-2-6,60.5
2026-09-26 16:53:40,20260926,15,5,1-3-2,33.2
2026-09-26 16:53:40,20260926,15,5,1-3-4,29.1
2026-09-26 16:53:40,20260926,15,5,1-3-5,63.6
2026-09-26 16:53:40,20260926,15,5,1-3-6,69.1
2026-09-26 16:53:40,20260926,15,5,1-4-2,23.0
2026-09-26 16:53:40,20260926,15,5,1-4-3,30.4
2026-09-26 16:53:40,20260926,15,5,1-4-5,62.6
2026-09-26 16:53:40,20260926,15,5,1-4-6,72.3
2026-09-26 16:53:40,20260926,15,5,1-5-2,147.2
2026-09-26 16:53:40,20260926,15,5,1-5-3,119.9
2026-09-26 16:53:40,20260926,15,5,1-5-4,125.9
2026-09-26 16:53:40,20260926,15,5,1-5-6,214.5
2026-09-26 16:53:40,20260926,15,5,1-6-2,98.5
2026-09-26 16:53:40,20260926,15,5,1-6-3,161.2
2026-09-26 16:53:40,20260926,15,5,1-6-4,119.4
2026-09-26 16:53:40,20260926,15,5,1-6-5,272.2
2026-09-26 16:53:40,20260926,15,5,2-1-3,38.5
2026-09-26 16:53:40,20260926,15,5,2-1-4,27.1
2026-09-26 16:53:40,20260926,15,5,2-1-5,129.8
2026-09-26 16:53:40,20260926,15,5,2-1-6,87.9
2026-09-26 16:53:40,20260926,15,5,2-3-1,76.0
2026-09-26 16:53:40,20260926,15,5,2-3-4,38.4
2026-09-26 16:53:40,20260926,15,5,2-3-5,138.3
2026-09-26 16:53:40,20260926,15,5,2-3-6,116.1
2026-09-26 16:53:40,20260926,15,5,2-4-1,31.8
2026-09-26 16:53:40,20260926,15,5,2-4-3,23.3
2026-09-26 16:53:40,20260926,15,5,2-4-5,84.6
2026-09-26 16:53:40,20260926,15,5,2-4-6,53.6
2026-09-26 16:53:40,20260926,15,5,2-5-1,230.1
2026-09-26 16:53:40,20260926,15,5,2-5-3,191.8
2026-09-26 16:53:40,20260926,15,5,2-5-4,162.2
2026-09-26 16:53:40,20260926,15,5,2-5-6,320.4
2026-09-26 16:53:40,20260926,15,5,2-6-1,232.2
2026-09-26 16:53:40,20260926,15,5,2-6-3,269.3
2026-09-26 16:53:40,20260926,15,5,2-6-4,148.0
2026-09-26 16:53:40,20260926,15,5,2-6-5,452.1
2026-09-26 16:53:40,20260926,15,5,3-1-2,52.6
2026-09-26 16:53:40,20260926,15,5,3-1-4,42.9
2026-09-26 16:53:40,20260926,15,5,3-1-5,73.6
2026-09-26 16:53:40,20260926,15,5,3-1-6,91.7
2026-09-26 16:53:40,20260926,15,5,3-2-1,104.1
2026-09-26 16:53:40,20260926,15,5,3-2-4,37.9
2026-09-26 16:53:40,20260926,15,5,3-2-5,108.6
2026-09-26 16:53:40,20260926,15,5,3-2-6,137.6
2026-09-26 16:53:40,20260926,15,5,3-4-1,43.8
2026-09-26 16:53:40,20260926,15,5,3-4-2,48.9
2026-09-26 16:53:40,20260926,15,5,3-4-5,67.5
2026-09-26 16:53:40,20260926,15,5,3-4-6,102.5
2026-09-26 16:53:40,20260926,15,5,3-5-1,179.5
2026-09-26 16:53:40,20260926,15,5,3-5-2,148.0
2026-09-26 16:53:40,20260926,15,5,3-5-4,169.9
2026-09-26 16:53:40,20260926,15,5,3-5-6,232.2
2026-09-26 16:53:40,20260926,15,5,3-6-1,216.3
2026-09-26 16:53:40,20260926,15,5,3-6-2,272.2
2026-09-26 16:53:40,20260926,15,5,3-6-4,163.3
2026-09-26 16:53:40,20260926,15,5,3-6-5,356.5
2026-09-26 16:53:40,20260926,15,5,4-1-2,34.7
2026-09-26 16:53:40,20260926,15,5,4-1-3,43.8
2026-09-26 16:53:40,20260926,15,5,4-1-5,61.9
2026-09-26 16:53:40,20260926,15,5,4-1-6,75.5
2026-09-26 16:53:40,20260926,15,5,4-2-1,29.3
2026-09-26 16:53:40,20260926,15,5,4-2-3,19.5
2026-09-26 16:53:40,20260926,15,5,4-2-5,69.7
2026-09-26 16:53:40,20260926,15,5,4-2-6,44.6
2026-09-26 16:53:40,20260926,15,5,4-3-1,60.4
2026-09-26 16:53:40,20260926,15,5,4-3-2,39.8
2026-09-26 16:53:40,20260926,15,5,4-3-5,131.1
2026-09-26 16:53:40,20260926,15,5,4-3-6,91.0
2026-09-26 16:53:40,20260926,15,5,4-5-1,107.2
2026-09-26 16:53:40,20260926,15,5,4-5-2,92.4
2026-09-26 16:53:40,20260926,15,5,4-5-3,148.9
2026-09-26 16:53:40,20260926,15,5,4-5-6,143.8
2026-09-26 16:53:40,20260926,15,5,4-6-1,140.6
2026-09-26 16:53:40,20260926,15,5,4-6-2,83.0
2026-09-26 16:53:40,20260926,15,5,4-6-3,103.7
2026-09-26 16:53:40,20260926,15,5,4-6-5,168.7
2026-09-26 16:53:40,20260926,15,5,5-1-2,194.7
2026-09-26 16:53:40,20260926,15,5,5-1-3,194.7
2026-09-26 16:53:40,20260926,15,5,5-1-4,204.1
2026-09-26 16:53:40,20260926,15,5,5-1-6,241.1
2026-09-26 16:53:40,20260926,15,5,5-2-1,337.5
2026-09-26 16:53:40,20260926,15,5,5-2-3,243.4
2026-09-26 16:53:40,20260926,15,5,5-2-4,210.9
2026-09-26 16:53:40,20260926,15,5,5-2-6,389.5
2026-09-26 16:53:40,20260926,15,5,5-3-1,297.8
2026-09-26 16:53:40,20260926,15,5,5-3-2,333.1
2026-09-26 16:53:40,20260926,15,5,5-3-4,287.7
2026-09-26 16:53:40,20260926,15,5,5-3-6,320.4
2026-09-26 16:53:40,20260926,15,5,5-4-1,245.8
2026-09-26 16:53:40,20260926,15,5,5-4-2,245.8
2026-09-26 16:53:40,20260926,15,5,5-4-3,351.6
2026-09-26 16:53:40,20260926,15,5,5-4-6,275.2
2026-09-26 16:53:40,20260926,15,5,5-6-1,421.9
2026-09-26 16:53:40,20260926,15,5,5-6-2,538.6
2026-09-26 16:53:40,20260926,15,5,5-6-3,460.3
2026-09-26 16:53:40,20260926,15,5,5-6-4,602.8
2026-09-26 16:53:40,20260926,15,5,6-1-2,222.0
2026-09-26 16:53:40,20260926,15,5,6-1-3,346.8
2026-09-26 16:53:40,20260926,15,5,6-1-4,324.5
2026-09-26 16:53:40,20260926,15,5,6-1-5,477.7
2026-09-26 16:53:40,20260926,15,5,6-2-1,258.3
2026-09-26 16:53:40,20260926,15,5,6-2-3,272.2
2026-09-26 16:53:40,20260926,15,5,6-2-4,205.8
2026-09-26 16:53:40,20260926,15,5,6-2-5,703.2
2026-09-26 16:53:40,20260926,15,5,6-3-1,486.8
2026-09-26 16:53:40,20260926,15,5,6-3-2,366.9
2026-09-26 16:53:40,20260926,15,5,6-3-4,346.8
2026-09-26 16:53:40,20260926,15,5,6-3-5,575.4
2026-09-26 16:53:40,20260926,15,5,6-4-1,351.6
2026-09-26 16:53:40,20260926,15,5,6-4-2,194.7
2026-09-26 16:53:40,20260926,15,5,6-4-3,281.3
2026-09-26 16:53:40,20260926,15,5,6-4-5,516.7
2026-09-26 16:53:40,20260926,15,5,6-5-1,843.9
2026-09-26 16:53:40,20260926,15,5,6-5-2,791.2
2026-09-26 16:53:40,20260926,15,5,6-5-3,602.8
2026-09-26 16:53:40,20260926,15,5,6-5-4,516.7
2026-09-26 17:04:17,20260926,19,5,1-2-3,33.2
2026-09-26 17:04:17,20260926,19,5,1-2-4,12.7
2026-09-26 17:04:17,20260926,19,5,1-2-5,72.2
2026-09-26 17:04:17,20260926,19,5,1-2-6,68.3
2026-09-26 17:04:17,20260926,19,5,1-3-2,42.4
2026-09-26 17:04:17,20260926,19,5,1-3-4,21.7
2026-09-26 17:04:17,20260926,19,5,1-3-5,92.8
2026-09-26 17:04:17,20260926,19,5,1-3-6,69.3
2026-09-26 17:04:17,20260926,19,5,1-4-2,7.2
2026-09-26 17:04:17,20260926,19,5,1-4-3,10.9
2026-09-26 17:04:17,20260926,19,5,1-4-5,23.9
2026-09-26 17:04:17,20260926,19,5,1-4-6,15.2
2026-09-26 17:04:17,20260926,19,5,1-5-2,194.0
2026-09-26 17:04:17,20260926,19,5,1-5-3,161.4
2026-09-26 17:04:17,20260926,19,5,1-5-4,139.2
2026-09-26 17:04:17,20260926,19,5,1-5-6,284.9
2026-09-26 17:04:17,20260926,19,5,1-6-2,129.8
2026-09-26 17:04:17,20260926,19,5,1-6-3,191.9
2026-09-26 17:04:17,20260926,19,5,1-6-4,77.2
2026-09-26 17:04:17,20260926,19,5,1-6-5,314.4
2026-09-26 17:04:17,20260926,19,5,2-1-3,148.8
2026-09-26 17:04:17,20260926,19,5,2-1-4,48.0
2026-09-26 17:04:17,20260926,19,5,2-1-5,199.3
2026-09-26 17:04:17,20260926,19,5,2-1-6,303.9
2026-09-26 17:04:17,20260926,19,5,2-3-1,201.5
2026-09-26 17:04:17,20260926,19,5,2-3-4,226.5
2026-09-26 17:04:17,20260926,19,5,2-3-5,429.1
2026-09-26 17:04:17,20260926,19,5,2-3-6,715.2
2026-09-26 17:04:17,20260926,19,5,2-4-1,58.0
2026-09-26 17:04:17,20260926,19,5,2-4-3,169.6
2026-09-26 17:04:17,20260926,19,5,2-4-5,322.8
2026-09-26 17:04:17,20260926,19,5,2-4-6,215.8
2026-09-26 17:04:17,20260926,19,5,2-5-1,317.1
2026-09-26 17:04:17,20260926,19,5,2-5-3,528.6
2026-09-26 17:04:17,20260926,19,5,2-5-4,759.9
2026-09-26 17:04:17,20260926,19,5,2-5-6,675.5
2026-09-26 17:04:17,20260926,19,5,2-6-1,561.1
2026-09-26 17:04:17,20260926,19,5,2-6-3,776.1
2026-09-26 17:04:17,20260926,19,5,2-6-4,536.4
2026-09-26 17:04:17,20260926,19,5,2-6-5,1402.0
2026-09-26 17:04:17,20260926,19,5,3-1-2,157.2
2026-09-26 17:04:17,20260926,19,5,3-1-4,67.5
2026-09-26 17:04:17,20260926,19,5,3-1-5,157.2
2026-09-26 17:04:17,20260926,19,5,3-1-6,196.1
2026-09-26 17:04:17,20260926,19,5,3-2-1,296.5
2026-09-26 17:04:17,20260926,19,5,3-2-4,157.9
2026-09-26 17:04:17,20260926,19,5,3-2-5,243.1
2026-09-26 17:04:17,20260926,19,5,3-2-6,528.6
2026-09-26 17:04:17,20260926,19,5,3-4-1,94.0
2026-09-26 17:04:17,20260926,19,5,3-4-2,197.1
2026-09-26 17:04:17,20260926,19,5,3-4-5,287.2
2026-09-26 17:04:17,20260926,19,5,3-4-6,141.3
2026-09-26 17:04:17,20260926,19,5,3-5-1,361.1
2026-09-26 17:04:17,20260926,19,5,3-5-2,354.1
2026-09-26 17:04:17,20260926,19,5,3-5-4,444.8
2026-09-26 17:04:17,20260926,19,5,3-5-6,569.9
2026-09-26 17:04:17,20260926,19,5,3-6-1,479.9
2026-09-26 17:04:17,20260926,19,5,3-6-2,868.5
2026-09-26 17:04:17,20260926,19,5,3-6-4,383.9
2026-09-26 17:04:17,20260926,19,5,3-6-5,1139.0
2026-09-26 17:04:17,20260926,19,5,4-1-2,11.2
2026-09-26 17:04:17,20260926,19,5,4-1-3,16.6
2026-09-26 17:04:17,20260926,19,5,4-1-5,29.9
2026-09-26 17:04:17,20260926,19,5,4-1-6,16.9
2026-09-26 17:04:17,20260926,19,5,4-2-1,27.3
2026-09-26 17:04:17,20260926,19,5,4-2-3,88.7
2026-09-26 17:04:17,20260926,19,5,4-2-5,134.6
2026-09-26 17:04:17,20260926,19,5,4-2-6,78.1
2026-09-26 17:04:17,20260926,19,5,4-3-1,59.5
2026-09-26 17:04:17,20260926,19,5,4-3-2,116.5
2026-09-26 17:04:17,20260926,19,5,4-3-5,182.3
2026-09-26 17:04:17,20260926,19,5,4-3-6,111.2
2026-09-26 17:04:17,20260926,19,5,4-5-1,63.3
2026-09-26 17:04:17,20260926,19,5,4-5-2,129.8
2026-09-26 17:04:17,20260926,19,5,4-5-3,134.6
2026-09-26 17:04:17,20260926,19,5,4-5-6,87.2
2026-09-26 17:04:17,20260926,19,5,4-6-1,38.6
2026-09-26 17:04:17,20260926,19,5,4-6-2,74.5
2026-09-26 17:04:17,20260926,19,5,4-6-3,102.4
2026-09-26 17:04:17,20260926,19,5,4-6-5,98.5
2026-09-26 17:04:17,20260926,19,5,5-1-2,479.9
2026-09-26 17:04:17,20260926,19,5,5-1-3,350.7
2026-09-26 17:04:17,20260926,19,5,5-1-4,223.7
2026-09-26 17:04:17,20260926,19,5,5-1-6,388.0
2026-09-26 17:04:17,20260926,19,5,5-2-1,651.3
2026-09-26 17:04:17,20260926,19,5,5-2-3,467.6
2026-09-26 17:04:17,20260926,19,5,5-2-4,536.4
2026-09-26 17:04:17,20260926,19,5,5-2-6,810.6
2026-09-26 17:04:17,20260926,19,5,5-3-1,688.2
2026-09-26 17:04:17,20260926,19,5,5-3-2,663.2
2026-09-26 17:04:17,20260926,19,5,5-3-4,701.4
2026-09-26 17:04:17,20260926,19,5,5-3-6,1042.0
2026-09-26 17:04:17,20260926,19,5,5-4-1,177.0
2026-09-26 17:04:17,20260926,19,5,5-4-2,331.6
2026-09-26 17:04:17,20260926,19,5,5-4-3,287.2
2026-09-26 17:04:17,20260926,19,5,5-4-6,298.9
2026-09-26 17:04:17,20260926,19,5,5-6-1,889.7
2026-09-26 17:04:17,20260926,19,5,5-6-2,1402.0
2026-09-26 17:04:17,20260926,19,5,5-6-3,663.2
2026-09-26 17:04:17,20260926,19,5,5-6-4,715.2
2026-09-26 17:04:17,20260926,19,5,6-1-2,536.4
2026-09-26 17:04:17,20260926,19,5,6-1-3,499.6
2026-09-26 17:04:17,20260926,19,5,6-1-4,188.0
2026-09-26 17:04:17,20260926,19,5,6-1-5,810.6
2026-09-26 17:04:17,20260926,19,5,6-2-1,829.0
2026-09-26 17:04:17,20260926,19,5,6-2-3,792.9
2026-09-26 17:04:17,20260926,19,5,6-2-4,628.9
2026-09-26 17:04:17,20260926,19,5,6-2-5,1519.0
2026-09-26 17:04:17,20260926,19,5,6-3-1,889.7
2026-09-26 17:04:17,20260926,19,5,6-3-2,1257.0
2026-09-26 17:04:17,20260926,19,5,6-3-4,607.9
2026-09-26 17:04:17,20260926,19,5,6-3-5,1585.0
2026-09-26 17:04:17,20260926,19,5,6-4-1,190.9
2026-09-26 17:04:17,20260926,19,5,6-4-2,473.7
2026-09-26 17:04:17,20260926,19,5,6-4-3,492.9
2026-09-26 17:04:17,20260926,19,5,6-4-5,607.9
2026-09-26 17:04:17,20260926,19,5,6-5-1,1072.0
2026-09-26 17:04:17,20260926,19,5,6-5-2,1823.0
2026-09-26 17:04:17,20260926,19,5,6-5-3,1072.0
2026-09-26 17:04:17,20260926,19,5,6-5-4,701.4
2026-09-26 17:12:59,20260926,20,6,1-2-3,15.5
2026-09-26 17:12:59,20260926,20,6,1-2-4,22.1
2026-09-26 17:12:59,20260926,20,6,1-2-5,27.6
2026-09-26 17:12:59,20260926,20,6,1-2-6,53.9
2026-09-26 17:12:59,20260926,20,6,1-3-2,16.4
2026-09-26 17:12:59,20260926,20,6,1-3-4,15.0
2026-09-26 17:12:59,20260926,20,6,1-3-5,16.5
2026-09-26 17:12:59,20260926,20,6,1-3-6,36.8
2026-09-26 17:12:59,20260926,20,6,1-4-2,29.2
2026-09-26 17:12:59,20260926,20,6,1-4-3,27.3
2026-09-26 17:12:59,20260926,20,6,1-4-5,29.0
2026-09-26 17:12:59,20260926,20,6,1-4-6,45.3
2026-09-26 17:12:59,20260926,20,6,1-5-2,34.8
2026-09-26 17:12:59,20260926,20,6,1-5-3,32.8
2026-09-26 17:12:59,20260926,20,6,1-5-4,43.3
2026-09-26 17:12:59,20260926,20,6,1-5-6,53.6
2026-09-26 17:12:59,20260926,20,6,1-6-2,97.5
2026-09-26 17:12:59,20260926,20,6,1-6-3,102.4
2026-09-26 17:12:59,20260926,20,6,1-6-4,106.5
2026-09-26 17:12:59,20260926,20,6,1-6-5,119.4
2026-09-26 17:12:59,20260926,20,6,2-1-3,46.4
2026-09-26 17:12:59,20260926,20,6,2-1-4,67.0
2026-09-26 17:12:59,20260926,20,6,2-1-5,64.7
2026-09-26 17:12:59,20260926,20,6,2-1-6,145.2
2026-09-26 17:12:59,20260926,20,6,2-3-1,72.3
2026-09-26 17:12:59,20260926,20,6,2-3-4,67.2
2026-09-26 17:12:59,20260926,20,6,2-3-5,73.5
2026-09-26 17:12:59,20260926,20,6,2-3-6,163.0
2026-09-26 17:12:59,20260926,20,6,2-4-1,130.0
2026-09-26 17:12:59,20260926,20,6,2-4-3,99.0
2026-09-26 17:12:59,20260926,20,6,2-4-5,121.0
2026-09-26 17:12:59,20260926,20,6,2-4-6,171.9
2026-09-26 17:12:59,20260926,20,6,2-5-1,126.1
2026-09-26 17:12:59,20260926,20,6,2-5-3,105.1
2026-09-26 17:12:59,20260926,20,6,2-5-4,147.8
2026-09-26 17:12:59,20260926,20,6,2-5-6,244.6
2026-09-26 17:12:59,20260926,20,6,2-6-1,361.5
2026-09-26 17:12:59,20260926,20,6,2-6-3,386.8
2026-09-26 17:12:59,20260926,20,6,2-6-4,354.8
2026-09-26 17:12:59,20260926,20,6,2-6-5,492.8
2026-09-26 17:12:59,20260926,20,6,3-1-2,47.5
2026-09-26 17:12:59,20260926,20,6,3-1-4,46.7
2026-09-26 17:12:59,20260926,20,6,3-1-5,36.9
2026-09-26 17:12:59,20260926,20,6,3-1-6,82.1
2026-09-26 17:12:59,20260926,20,6,3-2-1,77.5
2026-09-26 17:12:59,20260926,20,6,3-2-4,66.7
2026-09-26 17:12:59,20260926,20,6,3-2-5,72.1
2026-09-26 17:12:59,20260926,20,6,3-2-6,147.1
2026-09-26 17:12:59,20260926,20,6,3-4-1,82.3
2026-09-26 17:12:59,20260926,20,6,3-4-2,74.3
2026-09-26 17:12:59,20260926,20,6,3-4-5,80.7
2026-09-26 17:12:59,20260926,20,6,3-4-6,120.4
2026-09-26 17:12:59,20260926,20,6,3-5-1,72.8
2026-09-26 17:12:59,20260926,20,6,3-5-2,79.3
2026-09-26 17:12:59,20260926,20,6,3-5-4,93.5
2026-09-26 17:12:59,20260926,20,6,3-5-6,122.9
2026-09-26 17:12:59,20260926,20,6,3-6-1,295.0
2026-09-26 17:12:59,20260926,20,6,3-6-2,272.6
2026-09-26 17:12:59,20260926,20,6,3-6-4,255.8
2026-09-26 17:12:59,20260926,20,6,3-6-5,277.2
2026-09-26 17:12:59,20260926,20,6,4-1-2,122.0
2026-09-26 17:12:59,20260926,20,6,4-1-3,122.3
2026-09-26 17:12:59,20260926,20,6,4-1-5,95.8
2026-09-26 17:12:59,20260926,20,6,4-1-6,149.5
2026-09-26 17:12:59,20260926,20,6,4-2-1,164.4
2026-09-26 17:12:59,20260926,20,6,4-2-3,126.0
2026-09-26 17:12:59,20260926,20,6,4-2-5,138.4
2026-09-26 17:12:59,20260926,20,6,4-2-6,227.4
2026-09-26 17:12:59,20260926,20,6,4-3-1,160.7
2026-09-26 17:12:59,20260926,20,6,4-3-2,135.9
2026-09-26 17:12:59,20260926,20,6,4-3-5,147.0
2026-09-26 17:12:59,20260926,20,6,4-3-6,243.2
2026-09-26 17:12:59,20260926,20,6,4-5-1,106.0
2026-09-26 17:12:59,20260926,20,6,4-5-2,137.0
2026-09-26 17:12:59,20260926,20,6,4-5-3,152.4
2026-09-26 17:12:59,20260926,20,6,4-5-6,137.7
2026-09-26 17:12:59,20260926,20,6,4-6-1,285.5
2026-09-26 17:12:59,20260926,20,6,4-6-2,290.5
2026-09-26 17:12:59,20260926,20,6,4-6-3,333.5
2026-09-26 17:12:59,20260926,20,6,4-6-5,241.0
2026-09-26 17:12:59,20260926,20,6,5-1-2,109.8
2026-09-26 17:12:59,20260926,20,6,5-1-3,89.7
2026-09-26 17:12:59,20260926,20,6,5-1-4,130.9
2026-09-26 17:12:59,20260926,20,6,5-1-6,135.6
2026-09-26 17:12:59,20260926,20,6,5-2-1,166.5
2026-09-26 17:12:59,20260926,20,6,5-2-3,140.8
2026-09-26 17:12:59,20260926,20,6,5-2-4,202.8
2026-09-26 17:12:59,20260926,20,6,5-2-6,224.3
2026-09-26 17:12:59,20260926,20,6,5-3-1,131.3
2026-09-26 17:12:59,20260926,20,6,5-3-2,149.1
2026-09-26 17:12:59,20260926,20,6,5-3-4,208.2
2026-09-26 17:12:59,20260926,20,6,5-3-6,233.4
2026-09-26 17:12:59,20260926,20,6,5-4-1,182.7
2026-09-26 17:12:59,20260926,20,6,5-4-2,190.9
2026-09-26 17:12:59,20260926,20,6,5-4-3,206.6
2026-09-26 17:12:59,20260926,20,6,5-4-6,187.1
2026-09-26 17:12:59,20260926,20,6,5-6-1,262.9
2026-09-26 17:12:59,20260926,20,6,5-6-2,303.8
2026-09-26 17:12:59,20260926,20,6,5-6-3,286.1
2026-09-26 17:12:59,20260926,20,6,5-6-4,288.0
2026-09-26 17:12:59,20260926,20,6,6-1-2,452.6
2026-09-26 17:12:59,20260926,20,6,6-1-3,552.1
2026-09-26 17:12:59,20260926,20,6,6-1-4,554.4
2026-09-26 17:12:59,20260926,20,6,6-1-5,652.2
2026-09-26 17:12:59,20260926,20,6,6-2-1,739.2
2026-09-26 17:12:59,20260926,20,6,6-2-3,649.1
2026-09-26 17:12:59,20260926,20,6,6-2-4,887.1
2026-09-26 17:12:59,20260926,20,6,6-2-5,893.0
2026-09-26 17:12:59,20260926,20,6,6-3-1,801.6
2026-09-26 17:12:59,20260926,20,6,6-3-2,711.5
2026-09-26 17:12:59,20260926,20,6,6-3-4,665.3
2026-09-26 17:12:59,20260926,20,6,6-3-5,764.7
2026-09-26 17:12:59,20260926,20,6,6-4-1,672.0
2026-09-26 17:12:59,20260926,20,6,6-4-2,769.1
2026-09-26 17:12:59,20260926,20,6,6-4-3,658.7
2026-09-26 17:12:59,20260926,20,6,6-4-5,624.7
2026-09-26 17:12:59,20260926,20,6,6-5-1,613.2
2026-09-26 17:12:59,20260926,20,6,6-5-2,756.0
2026-09-26 17:12:59,20260926,20,6,6-5-3,639.7
2026-09-26 17:12:59,20260926,20,6,6-5-4,530.1
2026-09-26 17:16:30,20260926,22,12,1-2-3,5.3
2026-09-26 17:16:30,20260926,22,12,1-2-4,15.3
2026-09-26 17:16:30,20260926,22,12,1-2-5,16.4
2026-09-26 17:16:30,20260926,22,12,1-2-6,48.6
2026-09-26 17:16:30,20260926,22,12,1-3-2,5.8
2026-09-26 17:16:30,20260926,22,12,1-3-4,10.1
2026-09-26 17:16:30,20260926,22,12,1-3-5,10.2
2026-09-26 17:16:30,20260926,22,12,1-3-6,36.1
2026-09-26 17:16:30,20260926,22,12,1-4-2,29.9
2026-09-26 17:16:30,20260926,22,12,1-4-3,26.0
2026-09-26 17:16:30,20260926,22,12,1-4-5,44.1
2026-09-26 17:16:30,20260926,22,12,1-4-6,87.3
2026-09-26 17:16:30,20260926,22,12,1-5-2,29.8
2026-09-26 17:16:30,20260926,22,12,1-5-3,30.0
2026-09-26 17:16:30,20260926,22,12,1-5-4,59.3
2026-09-26 17:16:30,20260926,22,12,1-5-6,98.1
2026-09-26 17:16:30,20260926,22,12,1-6-2,184.4
2026-09-26 17:16:30,20260926,22,12,1-6-3,189.5
2026-09-26 17:16:30,20260926,22,12,1-6-4,226.1
2026-09-26 17:16:30,20260926,22,12,1-6-5,247.6
2026-09-26 17:16:30,20260926,22,12,2-1-3,36.0
2026-09-26 17:16:30,20260926,22,12,2-1-4,80.5
2026-09-26 17:16:30,20260926,22,12,2-1-5,83.8
2026-09-26 17:16:30,20260926,22,12,2-1-6,213.3
2026-09-26 17:16:30,20260926,22,12,2-3-1,63.8
2026-09-26 17:16:30,20260926,22,12,2-3-4,160.4
2026-09-26 17:16:30,20260926,22,12,2-3-5,154.0
2026-09-26 17:16:30,20260926,22,12,2-3-6,329.0
2026-09-26 17:16:30,20260926,22,12,2-4-1,263.1
2026-09-26 17:16:30,20260926,22,12,2-4-3,313.8
2026-09-26 17:16:30,20260926,22,12,2-4-5,491.8
2026-09-26 17:16:30,20260926,22,12,2-4-6,712.0
2026-09-26 17:16:30,20260926,22,12,2-5-1,251.9
2026-09-26 17:16:30,20260926,22,12,2-5-3,261.6
2026-09-26 17:16:30,20260926,22,12,2-5-4,320.9
2026-09-26 17:16:30,20260926,22,12,2-5-6,777.8
2026-09-26 17:16:30,20260926,22,12,2-6-1,749.3
2026-09-26 17:16:30,20260926,22,12,2-6-3,614.2
2026-09-26 17:16:30,20260926,22,12,2-6-4,734.0
2026-09-26 17:16:30,20260926,22,12,2-6-5,1645.0
2026-09-26 17:16:30,20260926,22,12,3-1-2,30.0
2026-09-26 17:16:30,20260926,22,12,3-1-4,43.0
2026-09-26 17:16:30,20260926,22,12,3-1-5,40.3
2026-09-26 17:16:30,20260926,22,12,3-1-6,121.9
2026-09-26 17:16:30,20260926,22,12,3-2-1,61.8
2026-09-26 17:16:30,20260926,22,12,3-2-4,162.6
2026-09-26 17:16:30,20260926,22,12,3-2-5,126.3
2026-09-26 17:16:30,20260926,22,12,3-2-6,296.9
2026-09-26 17:16:30,20260926,22,12,3-4-1,109.3
2026-09-26 17:16:30,20260926,22,12,3-4-2,194.2
2026-09-26 17:16:30,20260926,22,12,3-4-5,149.4
2026-09-26 17:16:30,20260926,22,12,3-4-6,313.8
2026-09-26 17:16:30,20260926,22,12,3-5-1,95.7
2026-09-26 17:16:30,20260926,22,12,3-5-2,166.2
2026-09-26 17:16:30,20260926,22,12,3-5-4,161.1
2026-09-26 17:16:30,20260926,22,12,3-5-6,294.5
2026-09-26 17:16:30,20260926,22,12,3-6-1,427.2
2026-09-26 17:16:30,20260926,22,12,3-6-2,726.5
2026-09-26 17:16:30,20260926,22,12,3-6-4,753.3
2026-09-26 17:16:30,20260926,22,12,3-6-5,614.2
2026-09-26 17:16:30,20260926,22,12,4-1-2,262.6
2026-09-26 17:16:30,20260926,22,12,4-1-3,235.4
2026-09-26 17:16:30,20260926,22,12,4-1-5,261.6
2026-09-26 17:16:30,20260926,22,12,4-1-6,536.0
2026-09-26 17:16:30,20260926,22,12,4-2-1,418.5
2026-09-26 17:16:30,20260926,22,12,4-2-3,540.1
2026-09-26 17:16:30,20260926,22,12,4-2-5,712.0
2026-09-26 17:16:30,20260926,22,12,4-2-6,1127.0
2026-09-26 17:16:30,20260926,22,12,4-3-1,336.7
2026-09-26 17:16:30,20260926,22,12,4-3-2,528.1
2026-09-26 17:16:30,20260926,22,12,4-3-5,385.7
2026-09-26 17:16:30,20260926,22,12,4-3-6,867.4
2026-09-26 17:16:30,20260926,22,12,4-5-1,439.0
2026-09-26 17:16:30,20260926,22,12,4-5-2,777.8
2026-09-26 17:16:30,20260926,22,12,4-5-3,538.0
2026-09-26 17:16:30,20260926,22,12,4-5-6,923.4
2026-09-26 17:16:30,20260926,22,12,4-6-1,1084.0
2026-09-26 17:16:30,20260926,22,12,4-6-2,1506.0
2026-09-26 17:16:30,20260926,22,12,4-6-3,1445.0
2026-09-26 17:16:30,20260926,22,12,4-6-5,1325.0
2026-09-26 17:16:30,20260926,22,12,5-1-2,227.1
2026-09-26 17:16:30,20260926,22,12,5-1-3,191.0
2026-09-26 17:16:30,20260926,22,12,5-1-4,344.8
2026-09-26 17:16:30,20260926,22,12,5-1-6,368.8
2026-09-26 17:16:30,20260926,22,12,5-2-1,388.9
2026-09-26 17:16:30,20260926,22,12,5-2-3,491.8
2026-09-26 17:16:30,20260926,22,12,5-2-4,883.5
2026-09-26 17:16:30,20260926,22,12,5-2-6,795.1
2026-09-26 17:16:30,20260926,22,12,5-3-1,243.4
2026-09-26 17:16:30,20260926,22,12,5-3-2,428.5
2026-09-26 17:16:30,20260926,22,12,5-3-4,550.5
2026-09-26 17:16:30,20260926,22,12,5-3-6,769.5
2026-09-26 17:16:30,20260926,22,12,5-4-1,630.5
2026-09-26 17:16:30,20260926,22,12,5-4-2,1037.0
2026-09-26 17:16:30,20260926,22,12,5-4-3,665.7
2026-09-26 17:16:30,20260926,22,12,5-4-6,1145.0
2026-09-26 17:16:30,20260926,22,12,5-6-1,987.1
2026-09-26 17:16:30,20260926,22,12,5-6-2,1350.0
2026-09-26 17:16:30,20260926,22,12,5-6-3,1015.0
2026-09-26 17:16:30,20260926,22,12,5-6-4,1460.0
2026-09-26 17:16:30,20260926,22,12,6-1-2,935.5
2026-09-26 17:16:30,20260926,22,12,6-1-3,1127.0
2026-09-26 17:16:30,20260926,22,12,6-1-4,1313.0
2026-09-26 17:16:30,20260926,22,12,6-1-5,1266.0
2026-09-26 17:16:30,20260926,22,12,6-2-1,1015.0
2026-09-26 17:16:30,20260926,22,12,6-2-3,1626.0
2026-09-26 17:16:30,20260926,22,12,6-2-4,1490.0
2026-09-26 17:16:30,20260926,22,12,6-2-5,1572.0
2026-09-26 17:16:30,20260926,22,12,6-3-1,1015.0
2026-09-26 17:16:30,20260926,22,12,6-3-2,2104.0
2026-09-26 17:16:30,20260926,22,12,6-3-4,1987.0
2026-09-26 17:16:30,20260926,22,12,6-3-5,1475.0
2026-09-26 17:16:30,20260926,22,12,6-4-1,2346.0
2026-09-26 17:16:30,20260926,22,12,6-4-2,2602.0
2026-09-26 17:16:30,20260926,22,12,6-4-3,2136.0
2026-09-26 17:16:30,20260926,22,12,6-4-5,2015.0
2026-09-26 17:16:30,20260926,22,12,6-5-1,1389.0
2026-09-26 17:16:30,20260926,22,12,6-5-2,1724.0
2026-09-26 17:16:30,20260926,22,12,6-5-3,1506.0
2026-09-26 17:16:30,20260926,22,12,6-5-4,1645.0
2026-09-26 17:21:57,20260926,15,6,1-2-3,29.4
2026-09-26 17:21:57,20260926,15,6,1-2-4,80.2
2026-09-26 17:21:57,20260926,15,6,1-2-5,60.4
2026-09-26 17:21:57,20260926,15,6,1-2-6,92.8
2026-09-26 17:21:57,20260926,15,6,1-3-2,11.5
2026-09-26 17:21:57,20260926,15,6,1-3-4,53.3
2026-09-26 17:21:57,20260926,15,6,1-3-5,5.2
2026-09-26 17:21:57,20260926,15,6,1-3-6,26.8
2026-09-26 17:21:57,20260926,15,6,1-4-2,192.4
2026-09-26 17:21:57,20260926,15,6,1-4-3,107.0
2026-09-26 17:21:57,20260926,15,6,1-4-5,185.1
2026-09-26 17:21:57,20260926,15,6,1-4-6,247.4
2026-09-26 17:21:57,20260926,15,6,1-5-2,55.4
2026-09-26 17:21:57,20260926,15,6,1-5-3,20.0
2026-09-26 17:21:57,20260926,15,6,1-5-4,147.9
2026-09-26 17:21:57,20260926,15,6,1-5-6,91.7
2026-09-26 17:21:57,20260926,15,6,1-6-2,117.7
2026-09-26 17:21:57,20260926,15,6,1-6-3,92.5
2026-09-26 17:21:57,20260926,15,6,1-6-4,170.1
2026-09-26 17:21:57,20260926,15,6,1-6-5,239.3
2026-09-26 17:21:57,20260926,15,6,2-1-3,88.6
2026-09-26 17:21:57,20260926,15,6,2-1-4,177.3
2026-09-26 17:21:57,20260926,15,6,2-1-5,169.2
2026-09-26 17:21:57,20260926,15,6,2-1-6,219.7
2026-09-26 17:21:57,20260926,15,6,2-3-1,143.6
2026-09-26 17:21:57,20260926,15,6,2-3-4,294.4
2026-09-26 17:21:57,20260926,15,6,2-3-5,191.1
2026-09-26 17:21:57,20260926,15,6,2-3-6,338.4
2026-09-26 17:21:57,20260926,15,6,2-4-1,303.5
2026-09-26 17:21:57,20260926,15,6,2-4-3,392.5
2026-09-26 17:21:57,20260926,15,6,2-4-5,654.2
2026-09-26 17:21:57,20260926,15,6,2-4-6,397.8
2026-09-26 17:21:57,20260926,15,6,2-5-1,256.0
2026-09-26 17:21:57,20260926,15,6,2-5-3,203.0
2026-09-26 17:21:57,20260926,15,6,2-5-4,446.0
2026-09-26 17:21:57,20260926,15,6,2-5-6,555.4
2026-09-26 17:21:57,20260926,15,6,2-6-1,363.4
2026-09-26 17:21:57,20260926,15,6,2-6-3,535.2
2026-09-26 17:21:57,20260926,15,6,2-6-4,516.5
2026-09-26 17:21:57,20260926,15,6,2-6-5,1090.0
2026-09-26 17:21:57,20260926,15,6,3-1-2,14.6
2026-09-26 17:21:57,20260926,15,6,3-1-4,54.9
2026-09-26 17:21:57,20260926,15,6,3-1-5,6.0
2026-09-26 17:21:57,20260926,15,6,3-1-6,28.8
2026-09-26 17:21:57,20260926,15,6,3-2-1,67.2
2026-09-26 17:21:57,20260926,15,6,3-2-4,130.2
2026-09-26 17:21:57,20260926,15,6,3-2-5,59.3
2026-09-26 17:21:57,20260926,15,6,3-2-6,167.2
2026-09-26 17:21:57,20260926,15,6,3-4-1,214.8
2026-09-26 17:21:57,20260926,15,6,3-4-2,205.8
2026-09-26 17:21:57,20260926,15,6,3-4-5,226.4
2026-09-26 17:21:57,20260926,15,6,3-4-6,306.6
2026-09-26 17:21:57,20260926,15,6,3-5-1,14.2
2026-09-26 17:21:57,20260926,15,6,3-5-2,43.2
2026-09-26 17:21:57,20260926,15,6,3-5-4,150.2
2026-09-26 17:21:57,20260926,15,6,3-5-6,39.8
2026-09-26 17:21:57,20260926,15,6,3-6-1,89.7
2026-09-26 17:21:57,20260926,15,6,3-6-2,214.8
2026-09-26 17:21:57,20260926,15,6,3-6-4,297.3
2026-09-26 17:21:57,20260926,15,6,3-6-5,126.3
2026-09-26 17:21:57,20260926,15,6,4-1-2,275.1
2026-09-26 17:21:57,20260926,15,6,4-1-3,210.2
2026-09-26 17:21:57,20260926,15,6,4-1-5,153.3
2026-09-26 17:21:57,20260926,15,6,4-1-6,300.4
2026-09-26 17:21:57,20260926,15,6,4-2-1,338.4
2026-09-26 17:21:57,20260926,15,6,4-2-3,327.1
2026-09-26 17:21:57,20260926,15,6,4-2-5,432.9
2026-09-26 17:21:57,20260926,15,6,4-2-6,280.3
2026-09-26 17:21:57,20260926,15,6,4-3-1,280.3
2026-09-26 17:21:57,20260926,15,6,4-3-2,467.3
2026-09-26 17:21:57,20260926,15,6,4-3-5,426.6
2026-09-26 17:21:57,20260926,15,6,4-3-6,320.0
2026-09-26 17:21:57,20260926,15,6,4-5-1,239.3
2026-09-26 17:21:57,20260926,15,6,4-5-2,363.4
2026-09-26 17:21:57,20260926,15,6,4-5-3,346.3
2026-09-26 17:21:57,20260926,15,6,4-5-6,555.4
2026-09-26 17:21:57,20260926,15,6,4-6-1,397.8
2026-09-26 17:21:57,20260926,15,6,4-6-2,414.6
2026-09-26 17:21:57,20260926,15,6,4-6-3,640.0
2026-09-26 17:21:57,20260926,15,6,4-6-5,817.8
2026-09-26 17:21:57,20260926,15,6,5-1-2,128.5
2026-09-26 17:21:57,20260926,15,6,5-1-3,42.8
2026-09-26 17:21:57,20260926,15,6,5-1-4,224.7
2026-09-26 17:21:57,20260926,15,6,5-1-6,147.9
2026-09-26 17:21:57,20260926,15,6,5-2-1,272.6
2026-09-26 17:21:57,20260926,15,6,5-2-3,207.3
2026-09-26 17:21:57,20260926,15,6,5-2-4,377.4
2026-09-26 17:21:57,20260926,15,6,5-2-6,408.9
2026-09-26 17:21:57,20260926,15,6,5-3-1,49.2
2026-09-26 17:21:57,20260926,15,6,5-3-2,145.0
2026-09-26 17:21:57,20260926,15,6,5-3-4,251.6
2026-09-26 17:21:57,20260926,15,6,5-3-6,145.7
2026-09-26 17:21:57,20260926,15,6,5-4-1,300.4
2026-09-26 17:21:57,20260926,15,6,5-4-2,420.5
2026-09-26 17:21:57,20260926,15,6,5-4-3,408.9
2026-09-26 17:21:57,20260926,15,6,5-4-6,446.0
2026-09-26 17:21:57,20260926,15,6,5-6-1,330.8
2026-09-26 17:21:57,20260926,15,6,5-6-2,525.7
2026-09-26 17:21:57,20260926,15,6,5-6-3,256.0
2026-09-26 17:21:57,20260926,15,6,5-6-4,700.9
2026-09-26 17:21:57,20260926,15,6,6-1-2,474.8
2026-09-26 17:21:57,20260926,15,6,6-1-3,249.5
2026-09-26 17:21:57,20260926,15,6,6-1-4,684.6
2026-09-26 17:21:57,20260926,15,6,6-1-5,566.1
2026-09-26 17:21:57,20260926,15,6,6-2-1,535.2
2026-09-26 17:21:57,20260926,15,6,6-2-3,545.2
2026-09-26 17:21:57,20260926,15,6,6-2-4,795.7
2026-09-26 17:21:57,20260926,15,6,6-2-5,920.0
2026-09-26 17:21:57,20260926,15,6,6-3-1,272.6
2026-09-26 17:21:57,20260926,15,6,6-3-2,555.4
2026-09-26 17:21:57,20260926,15,6,6-3-4,817.8
2026-09-26 17:21:57,20260926,15,6,6-3-5,432.9
2026-09-26 17:21:57,20260926,15,6,6-4-1,1132.0
2026-09-26 17:21:57,20260926,15,6,6-4-2,718.0
2026-09-26 17:21:57,20260926,15,6,6-4-3,865.9
2026-09-26 17:21:57,20260926,15,6,6-4-5,1472.0
2026-09-26 17:21:57,20260926,15,6,6-5-1,588.8
2026-09-26 17:21:57,20260926,15,6,6-5-2,920.0
2026-09-26 17:21:57,20260926,15,6,6-5-3,377.4
2026-09-26 17:21:57,20260926,15,6,6-5-4,920.0
2026-09-26 17:34:12,20260926,19,6,1-2-3,17.2
2026-09-26 17:34:12,20260926,19,6,1-2-4,32.1
2026-09-26 17:34:12,20260926,19,6,1-2-5,31.6
2026-09-26 17:34:12,20260926,19,6,1-2-6,104.6
2026-09-26 17:34:12,20260926,19,6,1-3-2,22.0
2026-09-26 17:34:12,20260926,19,6,1-3-4,34.8
2026-09-26 17:34:12,20260926,19,6,1-3-5,21.0
2026-09-26 17:34:12,20260926,19,6,1-3-6,104.6
2026-09-26 17:34:12,20260926,19,6,1-4-2,86.9
2026-09-26 17:34:12,20260926,19,6,1-4-3,82.9
2026-09-26 17:34:12,20260926,19,6,1-4-5,169.1
2026-09-26 17:34:12,20260926,19,6,1-4-6,220.5
2026-09-26 17:34:12,20260926,19,6,1-5-2,48.5
2026-09-26 17:34:12,20260926,19,6,1-5-3,42.0
2026-09-26 17:34:12,20260926,19,6,1-5-4,114.8
2026-09-26 17:34:12,20260926,19,6,1-5-6,227.1
2026-09-26 17:34:12,20260926,19,6,1-6-2,211.3
2026-09-26 17:34:12,20260926,19,6,1-6-3,323.8
2026-09-26 17:34:12,20260926,19,6,1-6-4,239.6
2026-09-26 17:34:12,20260926,19,6,1-6-5,330.8
2026-09-26 17:34:12,20260926,19,6,2-1-3,31.4
2026-09-26 17:34:12,20260926,19,6,2-1-4,88.4
2026-09-26 17:34:12,20260926,19,6,2-1-5,44.0
2026-09-26 17:34:12,20260926,19,6,2-1-6,237.8
2026-09-26 17:34:12,20260926,19,6,2-3-1,27.8
2026-09-26 17:34:12,20260926,19,6,2-3-4,62.1
2026-09-26 17:34:12,20260926,19,6,2-3-5,17.6
2026-09-26 17:34:12,20260926,19,6,2-3-6,249.5
2026-09-26 17:34:12,20260926,19,6,2-4-1,141.5
2026-09-26 17:34:12,20260926,19,6,2-4-3,134.6
2026-09-26 17:34:12,20260926,19,6,2-4-5,176.9
2026-09-26 17:34:12,20260926,19,6,2-4-6,422.7
2026-09-26 17:34:12,20260926,19,6,2-5-1,56.2
2026-09-26 17:34:12,20260926,19,6,2-5-3,27.4
2026-09-26 17:34:12,20260926,19,6,2-5-4,131.2
2026-09-26 17:34:12,20260926,19,6,2-5-6,225.4
2026-09-26 17:34:12,20260926,19,6,2-6-1,483.1
2026-09-26 17:34:12,20260926,19,6,2-6-3,574.3
2026-09-26 17:34:12,20260926,19,6,2-6-4,543.5
2026-09-26 17:34:12,20260926,19,6,2-6-5,647.6
2026-09-26 17:34:12,20260926,19,6,3-1-2,29.0
2026-09-26 17:34:12,20260926,19,6,3-1-4,48.3
2026-09-26 17:34:12,20260926,19,6,3-1-5,28.4
2026-09-26 17:34:12,20260926,19,6,3-1-6,140.9
2026-09-26 17:34:12,20260926,19,6,3-2-1,25.8
2026-09-26 17:34:12,20260926,19,6,3-2-4,49.9
2026-09-26 17:34:12,20260926,19,6,3-2-5,14.5
2026-09-26 17:34:12,20260926,19,6,3-2-6,182.2
2026-09-26 17:34:12,20260926,19,6,3-4-1,119.8
2026-09-26 17:34:12,20260926,19,6,3-4-2,123.2
2026-09-26 17:34:12,20260926,19,6,3-4-5,116.6
2026-09-26 17:34:12,20260926,19,6,3-4-6,353.9
2026-09-26 17:34:12,20260926,19,6,3-5-1,42.4
2026-09-26 17:34:12,20260926,19,6,3-5-2,20.9
2026-09-26 17:34:12,20260926,19,6,3-5-4,68.8
2026-09-26 17:34:12,20260926,19,6,3-5-6,119.8
2026-09-26 17:34:12,20260926,19,6,3-6-1,468.3
2026-09-26 17:34:12,20260926,19,6,3-6-2,447.6
2026-09-26 17:34:12,20260926,19,6,3-6-4,499.0
2026-09-26 17:34:12,20260926,19,6,3-6-5,454.3
2026-09-26 17:34:12,20260926,19,6,4-1-2,201.5
2026-09-26 17:34:12,20260926,19,6,4-1-3,197.6
2026-09-26 17:34:12,20260926,19,6,4-1-5,287.1
2026-09-26 17:34:12,20260926,19,6,4-1-6,400.5
2026-09-26 17:34:12,20260926,19,6,4-2-1,239.6
2026-09-26 17:34:12,20260926,19,6,4-2-3,228.8
2026-09-26 17:34:12,20260926,19,6,4-2-5,313.8
2026-09-26 17:34:12,20260926,19,6,4-2-6,507.3
2026-09-26 17:34:12,20260926,19,6,4-3-1,257.9
2026-09-26 17:34:12,20260926,19,6,4-3-2,262.4
2026-09-26 17:34:12,20260926,19,6,4-3-5,274.2
2026-09-26 17:34:12,20260926,19,6,4-3-6,801.0
2026-09-26 17:34:12,20260926,19,6,4-5-1,301.3
2026-09-26 17:34:12,20260926,19,6,4-5-2,307.4
2026-09-26 17:34:12,20260926,19,6,4-5-3,241.5
2026-09-26 17:34:12,20260926,19,6,4-5-6,507.3
2026-09-26 17:34:12,20260926,19,6,4-6-1,447.6
2026-09-26 17:34:12,20260926,19,6,4-6-2,543.5
2026-09-26 17:34:12,20260926,19,6,4-6-3,822.6
2026-09-26 17:34:12,20260926,19,6,4-6-5,1014.0
2026-09-26 17:34:12,20260926,19,6,5-1-2,66.6
2026-09-26 17:34:12,20260926,19,6,5-1-3,56.2
2026-09-26 17:34:12,20260926,19,6,5-1-4,145.6
2026-09-26 17:34:12,20260926,19,6,5-1-6,161.9
2026-09-26 17:34:12,20260926,19,6,5-2-1,47.4
2026-09-26 17:34:12,20260926,19,6,5-2-3,21.4
2026-09-26 17:34:12,20260926,19,6,5-2-4,111.9
2026-09-26 17:34:12,20260926,19,6,5-2-6,148.4
2026-09-26 17:34:12,20260926,19,6,5-3-1,52.0
2026-09-26 17:34:12,20260926,19,6,5-3-2,20.7
2026-09-26 17:34:12,20260926,19,6,5-3-4,89.0
2026-09-26 17:34:12,20260926,19,6,5-3-6,154.5
2026-09-26 17:34:12,20260926,19,6,5-4-1,262.4
2026-09-26 17:34:12,20260926,19,6,5-4-2,235.9
2026-09-26 17:34:12,20260926,19,6,5-4-3,208.4
2026-09-26 17:34:12,20260926,19,6,5-4-6,353.9
2026-09-26 17:34:12,20260926,19,6,5-6-1,323.8
2026-09-26 17:34:12,20260926,19,6,5-6-2,279.2
2026-09-26 17:34:12,20260926,19,6,5-6-3,237.8
2026-09-26 17:34:12,20260926,19,6,5-6-4,447.6
2026-09-26 17:34:12,20260926,19,6,6-1-2,507.3
2026-09-26 17:34:12,20260926,19,6,6-1-3,608.7
2026-09-26 17:34:12,20260926,19,6,6-1-4,742.4
2026-09-26 17:34:12,20260926,19,6,6-1-5,822.6
2026-09-26 17:34:12,20260926,19,6,6-2-1,922.4
2026-09-26 17:34:12,20260926,19,6,6-2-3,661.7
2026-09-26 17:34:12,20260926,19,6,6-2-4,1170.0
2026-09-26 17:34:12,20260926,19,6,6-2-5,981.9
2026-09-26 17:34:12,20260926,19,6,6-3-1,1170.0
2026-09-26 17:34:12,20260926,19,6,6-3-2,869.7
2026-09-26 17:34:12,20260926,19,6,6-3-4,1170.0
2026-09-26 17:34:12,20260926,19,6,6-3-5,895.2
2026-09-26 17:34:12,20260926,19,6,6-4-1,1049.0
2026-09-26 17:34:12,20260926,19,6,6-4-2,1170.0
2026-09-26 17:34:12,20260926,19,6,6-4-3,1521.0
2026-09-26 17:34:12,20260926,19,6,6-4-5,1449.0
2026-09-26 17:34:12,20260926,19,6,6-5-1,1014.0
2026-09-26 17:34:12,20260926,19,6,6-5-2,1087.0
2026-09-26 17:34:12,20260926,19,6,6-5-3,869.7
2026-09-26 17:34:12,20260926,19,6,6-5-4,981.9
2026-09-26 17:42:44,20260926,20,7,1-2-3,15.0
2026-09-26 17:42:44,20260926,20,7,1-2-4,30.3
2026-09-26 17:42:44,20260926,20,7,1-2-5,20.8
2026-09-26 17:42:44,20260926,20,7,1-2-6,60.7
2026-09-26 17:42:44,20260926,20,7,1-3-2,16.8
2026-09-26 17:42:44,20260926,20,7,1-3-4,25.4
2026-09-26 17:42:44,20260926,20,7,1-3-5,15.5
2026-09-26 17:42:44,20260926,20,7,1-3-6,59.6
2026-09-26 17:42:44,20260926,20,7,1-4-2,53.0
2026-09-26 17:42:44,20260926,20,7,1-4-3,55.8
2026-09-26 17:42:44,20260926,20,7,1-4-5,52.9
2026-09-26 17:42:44,20260926,20,7,1-4-6,106.0
2026-09-26 17:42:44,20260926,20,7,1-5-2,25.4
2026-09-26 17:42:44,20260926,20,7,1-5-3,20.3
2026-09-26 17:42:44,20260926,20,7,1-5-4,46.8
2026-09-26 17:42:44,20260926,20,7,1-5-6,79.7
2026-09-26 17:42:44,20260926,20,7,1-6-2,137.7
2026-09-26 17:42:44,20260926,20,7,1-6-3,175.4
2026-09-26 17:42:44,20260926,20,7,1-6-4,180.3
2026-09-26 17:42:44,20260926,20,7,1-6-5,185.4
2026-09-26 17:42:44,20260926,20,7,2-1-3,33.3
2026-09-26 17:42:44,20260926,20,7,2-1-4,74.9
2026-09-26 17:42:44,20260926,20,7,2-1-5,41.9
2026-09-26 17:42:44,20260926,20,7,2-1-6,129.7
2026-09-26 17:42:44,20260926,20,7,2-3-1,40.7
2026-09-26 17:42:44,20260926,20,7,2-3-4,44.1
2026-09-26 17:42:44,20260926,20,7,2-3-5,30.5
2026-09-26 17:42:44,20260926,20,7,2-3-6,105.1
2026-09-26 17:42:44,20260926,20,7,2-4-1,123.2
2026-09-26 17:42:44,20260926,20,7,2-4-3,91.6
2026-09-26 17:42:44,20260926,20,7,2-4-5,104.3
2026-09-26 17:42:44,20260926,20,7,2-4-6,191.8
2026-09-26 17:42:44,20260926,20,7,2-5-1,57.4
2026-09-26 17:42:44,20260926,20,7,2-5-3,40.1
2026-09-26 17:42:44,20260926,20,7,2-5-4,84.1
2026-09-26 17:42:44,20260926,20,7,2-5-6,132.3
2026-09-26 17:42:44,20260926,20,7,2-6-1,289.4
2026-09-26 17:42:44,20260926,20,7,2-6-3,298.0
2026-09-26 17:42:44,20260926,20,7,2-6-4,287.5
2026-09-26 17:42:44,20260926,20,7,2-6-5,245.5
2026-09-26 17:42:44,20260926,20,7,3-1-2,49.4
2026-09-26 17:42:44,20260926,20,7,3-1-4,65.9
2026-09-26 17:42:44,20260926,20,7,3-1-5,41.9
2026-09-26 17:42:44,20260926,20,7,3-1-6,116.6
2026-09-26 17:42:44,20260926,20,7,3-2-1,65.6
2026-09-26 17:42:44,20260926,20,7,3-2-4,59.2
2026-09-26 17:42:44,20260926,20,7,3-2-5,41.0
2026-09-26 17:42:44,20260926,20,7,3-2-6,120.0
2026-09-26 17:42:44,20260926,20,7,3-4-1,107.5
2026-09-26 17:42:44,20260926,20,7,3-4-2,87.7
2026-09-26 17:42:44,20260926,20,7,3-4-5,97.4
2026-09-26 17:42:44,20260926,20,7,3-4-6,130.4
2026-09-26 17:42:44,20260926,20,7,3-5-1,65.9
2026-09-26 17:42:44,20260926,20,7,3-5-2,51.5
2026-09-26 17:42:44,20260926,20,7,3-5-4,87.1
2026-09-26 17:42:44,20260926,20,7,3-5-6,130.1
2026-09-26 17:42:44,20260926,20,7,3-6-1,388.2
2026-09-26 17:42:44,20260926,20,7,3-6-2,254.2
2026-09-26 17:42:44,20260926,20,7,3-6-4,229.4
2026-09-26 17:42:44,20260926,20,7,3-6-5,252.2
2026-09-26 17:42:44,20260926,20,7,4-1-2,170.8
2026-09-26 17:42:44,20260926,20,7,4-1-3,198.5
2026-09-26 17:42:44,20260926,20,7,4-1-5,151.6
2026-09-26 17:42:44,20260926,20,7,4-1-6,278.8
2026-09-26 17:42:44,20260926,20,7,4-2-1,218.2
2026-09-26 17:42:44,20260926,20,7,4-2-3,177.3
2026-09-26 17:42:44,20260926,20,7,4-2-5,187.3
2026-09-26 17:42:44,20260926,20,7,4-2-6,304.3
2026-09-26 17:42:44,20260926,20,7,4-3-1,226.6
2026-09-26 17:42:44,20260926,20,7,4-3-2,177.3
2026-09-26 17:42:44,20260926,20,7,4-3-5,181.6
2026-09-26 17:42:44,20260926,20,7,4-3-6,302.2
2026-09-26 17:42:44,20260926,20,7,4-5-1,185.7
2026-09-26 17:42:44,20260926,20,7,4-5-2,194.9
2026-09-26 17:42:44,20260926,20,7,4-5-3,194.1
2026-09-26 17:42:44,20260926,20,7,4-5-6,317.0
2026-09-26 17:42:44,20260926,20,7,4-6-1,491.1
2026-09-26 17:42:44,20260926,20,7,4-6-2,407.7
2026-09-26 17:42:44,20260926,20,7,4-6-3,527.0
2026-09-26 17:42:44,20260926,20,7,4-6-5,463.0
2026-09-26 17:42:44,20260926,20,7,5-1-2,67.5
2026-09-26 17:42:44,20260926,20,7,5-1-3,57.7
2026-09-26 17:42:44,20260926,20,7,5-1-4,130.1
2026-09-26 17:42:44,20260926,20,7,5-1-6,180.8
2026-09-26 17:42:44,20260926,20,7,5-2-1,89.7
2026-09-26 17:42:44,20260926,20,7,5-2-3,58.5
2026-09-26 17:42:44,20260926,20,7,5-2-4,135.4
2026-09-26 17:42:44,20260926,20,7,5-2-6,213.6
2026-09-26 17:42:44,20260926,20,7,5-3-1,82.4
2026-09-26 17:42:44,20260926,20,7,5-3-2,69.3
2026-09-26 17:42:44,20260926,20,7,5-3-4,127.8
2026-09-26 17:42:44,20260926,20,7,5-3-6,236.1
2026-09-26 17:42:44,20260926,20,7,5-4-1,241.0
2026-09-26 17:42:44,20260926,20,7,5-4-2,213.9
2026-09-26 17:42:44,20260926,20,7,5-4-3,192.9
2026-09-26 17:42:44,20260926,20,7,5-4-6,345.7
2026-09-26 17:42:44,20260926,20,7,5-6-1,403.9
2026-09-26 17:42:44,20260926,20,7,5-6-2,347.6
2026-09-26 17:42:44,20260926,20,7,5-6-3,403.9
2026-09-26 17:42:44,20260926,20,7,5-6-4,459.7
2026-09-26 17:42:44,20260926,20,7,6-1-2,568.6
2026-09-26 17:42:44,20260926,20,7,6-1-3,836.5
2026-09-26 17:42:44,20260926,20,7,6-1-4,836.5
2026-09-26 17:42:44,20260926,20,7,6-1-5,767.2
2026-09-26 17:42:44,20260926,20,7,6-2-1,758.2
2026-09-26 17:42:44,20260926,20,7,6-2-3,645.0
2026-09-26 17:42:44,20260926,20,7,6-2-4,771.8
2026-09-26 17:42:44,20260926,20,7,6-2-5,597.5
2026-09-26 17:42:44,20260926,20,7,6-3-1,776.4
2026-09-26 17:42:44,20260926,20,7,6-3-2,629.4
2026-09-26 17:42:44,20260926,20,7,6-3-4,623.3
2026-09-26 17:42:44,20260926,20,7,6-3-5,623.3
2026-09-26 17:42:44,20260926,20,7,6-4-1,989.7
2026-09-26 17:42:44,20260926,20,7,6-4-2,1012.0
2026-09-26 17:42:44,20260926,20,7,6-4-3,805.3
2026-09-26 17:42:44,20260926,20,7,6-4-5,946.4
2026-09-26 17:42:44,20260926,20,7,6-5-1,675.3
2026-09-26 17:42:44,20260926,20,7,6-5-2,668.3
2026-09-26 17:42:44,20260926,20,7,6-5-3,641.8
2026-09-26 17:42:44,20260926,20,7,6-5-4,654.8
2026-09-26 17:50:42,20260926,15,7,1-2-3,17.8
2026-09-26 17:50:42,20260926,15,7,1-2-4,63.8
2026-09-26 17:50:42,20260926,15,7,1-2-5,26.2
2026-09-26 17:50:42,20260926,15,7,1-2-6,100.5
2026-09-26 17:50:42,20260926,15,7,1-3-2,13.0
2026-09-26 17:50:42,20260926,15,7,1-3-4,37.6
2026-09-26 17:50:42,20260926,15,7,1-3-5,10.8
2026-09-26 17:50:42,20260926,15,7,1-3-6,66.7
2026-09-26 17:50:42,20260926,15,7,1-4-2,121.5
2026-09-26 17:50:42,20260926,15,7,1-4-3,102.5
2026-09-26 17:50:42,20260926,15,7,1-4-5,112.2
2026-09-26 17:50:42,20260926,15,7,1-4-6,167.6
2026-09-26 17:50:42,20260926,15,7,1-5-2,34.4
2026-09-26 17:50:42,20260926,15,7,1-5-3,19.3
2026-09-26 17:50:42,20260926,15,7,1-5-4,123.1
2026-09-26 17:50:42,20260926,15,7,1-5-6,127.9
2026-09-26 17:50:42,20260926,15,7,1-6-2,116.9
2026-09-26 17:50:42,20260926,15,7,1-6-3,178.2
2026-09-26 17:50:42,20260926,15,7,1-6-4,218.5
2026-09-26 17:50:42,20260926,15,7,1-6-5,293.7
2026-09-26 17:50:42,20260926,15,7,2-1-3,35.7
2026-09-26 17:50:42,20260926,15,7,2-1-4,92.4
2026-09-26 17:50:42,20260926,15,7,2-1-5,60.2
2026-09-26 17:50:42,20260926,15,7,2-1-6,179.0
2026-09-26 17:50:42,20260926,15,7,2-3-1,46.1
2026-09-26 17:50:42,20260926,15,7,2-3-4,108.9
2026-09-26 17:50:42,20260926,15,7,2-3-5,44.7
2026-09-26 17:50:42,20260926,15,7,2-3-6,192.2
2026-09-26 17:50:42,20260926,15,7,2-4-1,206.2
2026-09-26 17:50:42,20260926,15,7,2-4-3,251.4
2026-09-26 17:50:42,20260926,15,7,2-4-5,300.9
2026-09-26 17:50:42,20260926,15,7,2-4-6,370.8
2026-09-26 17:50:42,20260926,15,7,2-5-1,91.7
2026-09-26 17:50:42,20260926,15,7,2-5-3,69.2
2026-09-26 17:50:42,20260926,15,7,2-5-4,235.3
2026-09-26 17:50:42,20260926,15,7,2-5-6,284.5
2026-09-26 17:50:42,20260926,15,7,2-6-1,353.0
2026-09-26 17:50:42,20260926,15,7,2-6-3,412.5
2026-09-26 17:50:42,20260926,15,7,2-6-4,502.9
2026-09-26 17:50:42,20260926,15,7,2-6-5,547.9
2026-09-26 17:50:42,20260926,15,7,3-1-2,13.5
2026-09-26 17:50:42,20260926,15,7,3-1-4,47.0
2026-09-26 17:50:42,20260926,15,7,3-1-5,10.8
2026-09-26 17:50:42,20260926,15,7,3-1-6,67.1
2026-09-26 17:50:42,20260926,15,7,3-2-1,33.0
2026-09-26 17:50:42,20260926,15,7,3-2-4,82.5
2026-09-26 17:50:42,20260926,15,7,3-2-5,24.1
2026-09-26 17:50:42,20260926,15,7,3-2-6,121.5
2026-09-26 17:50:42,20260926,15,7,3-4-1,121.5
2026-09-26 17:50:42,20260926,15,7,3-4-2,161.7
2026-09-26 17:50:42,20260926,15,7,3-4-5,130.6
2026-09-26 17:50:42,20260926,15,7,3-4-6,221.1
2026-09-26 17:50:42,20260926,15,7,3-5-1,25.3
2026-09-26 17:50:42,20260926,15,7,3-5-2,25.1
2026-09-26 17:50:42,20260926,15,7,3-5-4,96.8
2026-09-26 17:50:42,20260926,15,7,3-5-6,94.3
2026-09-26 17:50:42,20260926,15,7,3-6-1,241.5
2026-09-26 17:50:42,20260926,15,7,3-6-2,266.0
2026-09-26 17:50:42,20260926,15,7,3-6-4,303.4
2026-09-26 17:50:42,20260926,15,7,3-6-5,236.8
2026-09-26 17:50:42,20260926,15,7,4-1-2,222.5
2026-09-26 17:50:42,20260926,15,7,4-1-3,197.3
2026-09-26 17:50:42,20260926,15,7,4-1-5,146.8
2026-09-26 17:50:42,20260926,15,7,4-1-6,313.7
2026-09-26 17:50:42,20260926,15,7,4-2-1,215.9
2026-09-26 17:50:42,20260926,15,7,4-2-3,330.7
2026-09-26 17:50:42,20260926,15,7,4-2-5,370.8
2026-09-26 17:50:42,20260926,15,7,4-2-6,308.5
2026-09-26 17:50:42,20260926,15,7,4-3-1,218.5
2026-09-26 17:50:42,20260926,15,7,4-3-2,399.0
2026-09-26 17:50:42,20260926,15,7,4-3-5,289.0
2026-09-26 17:50:42,20260926,15,7,4-3-6,327.7
2026-09-26 17:50:42,20260926,15,7,4-5-1,212.2
2026-09-26 17:50:42,20260926,15,7,4-5-2,322.0
2026-09-26 17:50:42,20260926,15,7,4-5-3,266.0
2026-09-26 17:50:42,20260926,15,7,4-5-6,453.2
2026-09-26 17:50:42,20260926,15,7,4-6-1,489.5
2026-09-26 17:50:42,20260926,15,7,4-6-2,412.5
2026-09-26 17:50:42,20260926,15,7,4-6-3,764.8
2026-09-26 17:50:42,20260926,15,7,4-6-5,582.7
2026-09-26 17:50:42,20260926,15,7,5-1-2,93.6
2026-09-26 17:50:42,20260926,15,7,5-1-3,43.7
2026-09-26 17:50:42,20260926,15,7,5-1-4,218.5
2026-09-26 17:50:42,20260926,15,7,5-1-6,189.2
2026-09-26 17:50:42,20260926,15,7,5-2-1,160.3
2026-09-26 17:50:42,20260926,15,7,5-2-3,67.3
2026-09-26 17:50:42,20260926,15,7,5-2-4,284.5
2026-09-26 17:50:42,20260926,15,7,5-2-6,339.9
2026-09-26 17:50:42,20260926,15,7,5-3-1,48.6
2026-09-26 17:50:42,20260926,15,7,5-3-2,49.6
2026-09-26 17:50:42,20260926,15,7,5-3-4,202.8
2026-09-26 17:50:42,20260926,15,7,5-3-6,197.3
2026-09-26 17:50:42,20260926,15,7,5-4-1,308.5
2026-09-26 17:50:42,20260926,15,7,5-4-2,367.1
2026-09-26 17:50:42,20260926,15,7,5-4-3,386.4
2026-09-26 17:50:42,20260926,15,7,5-4-6,483.0
2026-09-26 17:50:42,20260926,15,7,5-6-1,447.7
2026-09-26 17:50:42,20260926,15,7,5-6-2,476.7
2026-09-26 17:50:42,20260926,15,7,5-6-3,374.6
2026-09-26 17:50:42,20260926,15,7,5-6-4,611.8
2026-09-26 17:50:42,20260926,15,7,6-1-2,426.8
2026-09-26 17:50:42,20260926,15,7,6-1-3,470.6
2026-09-26 17:50:42,20260926,15,7,6-1-4,644.0
2026-09-26 17:50:42,20260926,15,7,6-1-5,622.2
2026-09-26 17:50:42,20260926,15,7,6-2-1,547.9
2026-09-26 17:50:42,20260926,15,7,6-2-3,539.8
2026-09-26 17:50:42,20260926,15,7,6-2-4,749.2
2026-09-26 17:50:42,20260926,15,7,6-2-5,895.4
2026-09-26 17:50:42,20260926,15,7,6-3-1,622.2
2026-09-26 17:50:42,20260926,15,7,6-3-2,564.8
2026-09-26 17:50:42,20260926,15,7,6-3-4,632.9
2026-09-26 17:50:42,20260926,15,7,6-3-5,509.8
2026-09-26 17:50:42,20260926,15,7,6-4-1,895.4
2026-09-26 17:50:42,20260926,15,7,6-4-2,781.1
2026-09-26 17:50:42,20260926,15,7,6-4-3,853.7
2026-09-26 17:50:42,20260926,15,7,6-4-5,1311.0
2026-09-26 17:50:42,20260926,15,7,6-5-1,749.2
2026-09-26 17:50:42,20260926,15,7,6-5-2,992.2
2026-09-26 17:50:42,20260926,15,7,6-5-3,601.8
2026-09-26 17:50:42,20260926,15,7,6-5-4,874.1
2026-09-26 18:03:50,20260926,19,7,1-2-3,54.3
2026-09-26 18:03:50,20260926,19,7,1-2-4,29.5
2026-09-26 18:03:50,20260926,19,7,1-2-5,25.5
2026-09-26 18:03:50,20260926,19,7,1-2-6,78.9
2026-09-26 18:03:50,20260926,19,7,1-3-2,69.4
2026-09-26 18:03:50,20260926,19,7,1-3-4,73.7
2026-09-26 18:03:50,20260926,19,7,1-3-5,60.6
2026-09-26 18:03:50,20260926,19,7,1-3-6,162.4
2026-09-26 18:03:50,20260926,19,7,1-4-2,40.3
2026-09-26 18:03:50,20260926,19,7,1-4-3,90.2
2026-09-26 18:03:50,20260926,19,7,1-4-5,37.7
2026-09-26 18:03:50,20260926,19,7,1-4-6,79.2
2026-09-26 18:03:50,20260926,19,7,1-5-2,36.8
2026-09-26 18:03:50,20260926,19,7,1-5-3,71.2
2026-09-26 18:03:50,20260926,19,7,1-5-4,46.4
2026-09-26 18:03:50,20260926,19,7,1-5-6,92.5
2026-09-26 18:03:50,20260926,19,7,1-6-2,142.7
2026-09-26 18:03:50,20260926,19,7,1-6-3,219.6
2026-09-26 18:03:50,20260926,19,7,1-6-4,188.4
2026-09-26 18:03:50,20260926,19,7,1-6-5,181.9
2026-09-26 18:03:50,20260926,19,7,2-1-3,64.6
2026-09-26 18:03:50,20260926,19,7,2-1-4,45.6
2026-09-26 18:03:50,20260926,19,7,2-1-5,29.1
2026-09-26 18:03:50,20260926,19,7,2-1-6,99.9
2026-09-26 18:03:50,20260926,19,7,2-3-1,159.3
2026-09-26 18:03:50,20260926,19,7,2-3-4,113.9
2026-09-26 18:03:50,20260926,19,7,2-3-5,113.6
2026-09-26 18:03:50,20260926,19,7,2-3-6,232.9
2026-09-26 18:03:50,20260926,19,7,2-4-1,58.1
2026-09-26 18:03:50,20260926,19,7,2-4-3,99.0
2026-09-26 18:03:50,20260926,19,7,2-4-5,15.0
2026-09-26 18:03:50,20260926,19,7,2-4-6,41.1
2026-09-26 18:03:50,20260926,19,7,2-5-1,39.5
2026-09-26 18:03:50,20260926,19,7,2-5-3,57.0
2026-09-26 18:03:50,20260926,19,7,2-5-4,15.9
2026-09-26 18:03:50,20260926,19,7,2-5-6,30.7
2026-09-26 18:03:50,20260926,19,7,2-6-1,271.7
2026-09-26 18:03:50,20260926,19,7,2-6-3,403.7
2026-09-26 18:03:50,20260926,19,7,2-6-4,121.8
2026-09-26 18:03:50,20260926,19,7,2-6-5,109.5
2026-09-26 18:03:50,20260926,19,7,3-1-2,177.3
2026-09-26 18:03:50,20260926,19,7,3-1-4,164.3
2026-09-26 18:03:50,20260926,19,7,3-1-5,115.8
2026-09-26 18:03:50,20260926,19,7,3-1-6,311.7
2026-09-26 18:03:50,20260926,19,7,3-2-1,240.8
2026-09-26 18:03:50,20260926,19,7,3-2-4,146.6
2026-09-26 18:03:50,20260926,19,7,3-2-5,119.4
2026-09-26 18:03:50,20260926,19,7,3-2-6,270.0
2026-09-26 18:03:50,20260926,19,7,3-4-1,245.0
2026-09-26 18:03:50,20260926,19,7,3-4-2,195.3
2026-09-26 18:03:50,20260926,19,7,3-4-5,158.1
2026-09-26 18:03:50,20260926,19,7,3-4-6,218.5
2026-09-26 18:03:50,20260926,19,7,3-5-1,176.6
2026-09-26 18:03:50,20260926,19,7,3-5-2,152.4
2026-09-26 18:03:50,20260926,19,7,3-5-4,166.9
2026-09-26 18:03:50,20260926,19,7,3-5-6,198.1
2026-09-26 18:03:50,20260926,19,7,3-6-1,492.9
2026-09-26 18:03:50,20260926,19,7,3-6-2,572.8
2026-09-26 18:03:50,20260926,19,7,3-6-4,481.7
2026-09-26 18:03:50,20260926,19,7,3-6-5,415.6
2026-09-26 18:03:50,20260926,19,7,4-1-2,108.1
2026-09-26 18:03:50,20260926,19,7,4-1-3,195.3
2026-09-26 18:03:50,20260926,19,7,4-1-5,73.7
2026-09-26 18:03:50,20260926,19,7,4-1-6,160.5
2026-09-26 18:03:50,20260926,19,7,4-2-1,116.1
2026-09-26 18:03:50,20260926,19,7,4-2-3,192.7
2026-09-26 18:03:50,20260926,19,7,4-2-5,27.0
2026-09-26 18:03:50,20260926,19,7,4-2-6,86.8
2026-09-26 18:03:50,20260926,19,7,4-3-1,268.3
2026-09-26 18:03:50,20260926,19,7,4-3-2,271.7
2026-09-26 18:03:50,20260926,19,7,4-3-5,217.4
2026-09-26 18:03:50,20260926,19,7,4-3-6,323.6
2026-09-26 18:03:50,20260926,19,7,4-5-1,73.4
2026-09-26 18:03:50,20260926,19,7,4-5-2,23.6
2026-09-26 18:03:50,20260926,19,7,4-5-3,72.8
2026-09-26 18:03:50,20260926,19,7,4-5-6,29.7
2026-09-26 18:03:50,20260926,19,7,4-6-1,255.3
2026-09-26 18:03:50,20260926,19,7,4-6-2,153.6
2026-09-26 18:03:50,20260926,19,7,4-6-3,487.2
2026-09-26 18:03:50,20260926,19,7,4-6-5,89.0
2026-09-26 18:03:50,20260926,19,7,5-1-2,80.5
2026-09-26 18:03:50,20260926,19,7,5-1-3,142.2
2026-09-26 18:03:50,20260926,19,7,5-1-4,77.7
2026-09-26 18:03:50,20260926,19,7,5-1-6,137.1
2026-09-26 18:03:50,20260926,19,7,5-2-1,81.2
2026-09-26 18:03:50,20260926,19,7,5-2-3,132.8
2026-09-26 18:03:50,20260926,19,7,5-2-4,29.3
2026-09-26 18:03:50,20260926,19,7,5-2-6,57.2
2026-09-26 18:03:50,20260926,19,7,5-3-1,209.8
2026-09-26 18:03:50,20260926,19,7,5-3-2,181.1
2026-09-26 18:03:50,20260926,19,7,5-3-4,199.0
2026-09-26 18:03:50,20260926,19,7,5-3-6,268.3
2026-09-26 18:03:50,20260926,19,7,5-4-1,83.4
2026-09-26 18:03:50,20260926,19,7,5-4-2,28.6
2026-09-26 18:03:50,20260926,19,7,5-4-3,163.0
2026-09-26 18:03:50,20260926,19,7,5-4-6,38.5
2026-09-26 18:03:50,20260926,19,7,5-6-1,273.5
2026-09-26 18:03:50,20260926,19,7,5-6-2,121.4
2026-09-26 18:03:50,20260926,19,7,5-6-3,311.7
2026-09-26 18:03:50,20260926,19,7,5-6-4,73.2
2026-09-26 18:03:50,20260926,19,7,6-1-2,580.7
2026-09-26 18:03:50,20260926,19,7,6-1-3,815.2
2026-09-26 18:03:50,20260926,19,7,6-1-4,683.7
2026-09-26 18:03:50,20260926,19,7,6-1-5,662.4
2026-09-26 18:03:50,20260926,19,7,6-2-1,588.8
2026-09-26 18:03:50,20260926,19,7,6-2-3,614.4
2026-09-26 18:03:50,20260926,19,7,6-2-4,339.1
2026-09-26 18:03:50,20260926,19,7,6-2-5,353.2
2026-09-26 18:03:50,20260926,19,7,6-3-1,1087.0
2026-09-26 18:03:50,20260926,19,7,6-3-2,847.8
2026-09-26 18:03:50,20260926,19,7,6-3-4,770.8
2026-09-26 18:03:50,20260926,19,7,6-3-5,902.0
2026-09-26 18:03:50,20260926,19,7,6-4-1,718.5
2026-09-26 18:03:50,20260926,19,7,6-4-2,314.0
2026-09-26 18:03:50,20260926,19,7,6-4-3,921.6
2026-09-26 18:03:50,20260926,19,7,6-4-5,157.0
2026-09-26 18:03:50,20260926,19,7,6-5-1,672.9
2026-09-26 18:03:50,20260926,19,7,6-5-2,350.3
2026-09-26 18:03:50,20260926,19,7,6-5-3,743.7
2026-09-26 18:03:50,20260926,19,7,6-5-4,153.0
2026-09-26 18:11:48,20260926,20,8,1-2-3,9.4
2026-09-26 18:11:48,20260926,20,8,1-2-4,19.3
2026-09-26 18:11:48,20260926,20,8,1-2-5,41.2
2026-09-26 18:11:48,20260926,20,8,1-2-6,17.6
2026-09-26 18:11:48,20260926,20,8,1-3-2,7.7
2026-09-26 18:11:48,20260926,20,8,1-3-4,11.2
2026-09-26 18:11:48,20260926,20,8,1-3-5,26.3
2026-09-26 18:11:48,20260926,20,8,1-3-6,12.3
2026-09-26 18:11:48,20260926,20,8,1-4-2,29.9
2026-09-26 18:11:48,20260926,20,8,1-4-3,27.7
2026-09-26 18:11:48,20260926,20,8,1-4-5,69.4
2026-09-26 18:11:48,20260926,20,8,1-4-6,34.1
2026-09-26 18:11:48,20260926,20,8,1-5-2,73.8
2026-09-26 18:11:48,20260926,20,8,1-5-3,67.7
2026-09-26 18:11:48,20260926,20,8,1-5-4,121.2
2026-09-26 18:11:48,20260926,20,8,1-5-6,87.0
2026-09-26 18:11:48,20260926,20,8,1-6-2,29.3
2026-09-26 18:11:48,20260926,20,8,1-6-3,29.4
2026-09-26 18:11:48,20260926,20,8,1-6-4,50.0
2026-09-26 18:11:48,20260926,20,8,1-6-5,80.3
2026-09-26 18:11:48,20260926,20,8,2-1-3,57.2
2026-09-26 18:11:48,20260926,20,8,2-1-4,95.4
2026-09-26 18:11:48,20260926,20,8,2-1-5,142.2
2026-09-26 18:11:48,20260926,20,8,2-1-6,80.5
2026-09-26 18:11:48,20260926,20,8,2-3-1,91.8
2026-09-26 18:11:48,20260926,20,8,2-3-4,188.9
2026-09-26 18:11:48,20260926,20,8,2-3-5,173.8
2026-09-26 18:11:48,20260926,20,8,2-3-6,144.9
2026-09-26 18:11:48,20260926,20,8,2-4-1,244.6
2026-09-26 18:11:48,20260926,20,8,2-4-3,307.2
2026-09-26 18:11:48,20260926,20,8,2-4-5,388.9
2026-09-26 18:11:48,20260926,20,8,2-4-6,257.3
2026-09-26 18:11:48,20260926,20,8,2-5-1,350.7
2026-09-26 18:11:48,20260926,20,8,2-5-3,270.9
2026-09-26 18:11:48,20260926,20,8,2-5-4,494.0
2026-09-26 18:11:48,20260926,20,8,2-5-6,416.3
2026-09-26 18:11:48,20260926,20,8,2-6-1,170.9
2026-09-26 18:11:48,20260926,20,8,2-6-3,235.2
2026-09-26 18:11:48,20260926,20,8,2-6-4,293.7
2026-09-26 18:11:48,20260926,20,8,2-6-5,400.1
2026-09-26 18:11:48,20260926,20,8,3-1-2,37.0
2026-09-26 18:11:48,20260926,20,8,3-1-4,45.4
2026-09-26 18:11:48,20260926,20,8,3-1-5,63.5
2026-09-26 18:11:48,20260926,20,8,3-1-6,41.0
2026-09-26 18:11:48,20260926,20,8,3-2-1,74.8
2026-09-26 18:11:48,20260926,20,8,3-2-4,160.5
2026-09-26 18:11:48,20260926,20,8,3-2-5,154.2
2026-09-26 18:11:48,20260926,20,8,3-2-6,120.7
2026-09-26 18:11:48,20260926,20,8,3-4-1,113.3
2026-09-26 18:11:48,20260926,20,8,3-4-2,178.0
2026-09-26 18:11:48,20260926,20,8,3-4-5,244.6
2026-09-26 18:11:48,20260926,20,8,3-4-6,130.4
2026-09-26 18:11:48,20260926,20,8,3-5-1,186.6
2026-09-26 18:11:48,20260926,20,8,3-5-2,180.5
2026-09-26 18:11:48,20260926,20,8,3-5-4,293.7
2026-09-26 18:11:48,20260926,20,8,3-5-6,234.9
2026-09-26 18:11:48,20260926,20,8,3-6-1,119.4
2026-09-26 18:11:48,20260926,20,8,3-6-2,181.4
2026-09-26 18:11:48,20260926,20,8,3-6-4,215.1
2026-09-26 18:11:48,20260926,20,8,3-6-5,273.3
2026-09-26 18:11:48,20260926,20,8,4-1-2,161.2
2026-09-26 18:11:48,20260926,20,8,4-1-3,158.4
2026-09-26 18:11:48,20260926,20,8,4-1-5,229.6
2026-09-26 18:11:48,20260926,20,8,4-1-6,165.3
2026-09-26 18:11:48,20260926,20,8,4-2-1,293.2
2026-09-26 18:11:48,20260926,20,8,4-2-3,351.6
2026-09-26 18:11:48,20260926,20,8,4-2-5,475.6
2026-09-26 18:11:48,20260926,20,8,4-2-6,293.7
2026-09-26 18:11:48,20260926,20,8,4-3-1,226.9
2026-09-26 18:11:48,20260926,20,8,4-3-2,380.3
2026-09-26 18:11:48,20260926,20,8,4-3-5,426.8
2026-09-26 18:11:48,20260926,20,8,4-3-6,314.2
2026-09-26 18:11:48,20260926,20,8,4-5-1,324.1
2026-09-26 18:11:48,20260926,20,8,4-5-2,438.9
2026-09-26 18:11:48,20260926,20,8,4-5-3,507.0
2026-09-26 18:11:48,20260926,20,8,4-5-6,405.4
2026-09-26 18:11:48,20260926,20,8,4-6-1,302.4
2026-09-26 18:11:48,20260926,20,8,4-6-2,339.9
2026-09-26 18:11:48,20260926,20,8,4-6-3,437.7
2026-09-26 18:11:48,20260926,20,8,4-6-5,471.3
2026-09-26 18:11:48,20260926,20,8,5-1-2,303.0
2026-09-26 18:11:48,20260926,20,8,5-1-3,257.3
2026-09-26 18:11:48,20260926,20,8,5-1-4,408.6
2026-09-26 18:11:48,20260926,20,8,5-1-6,310.4
2026-09-26 18:11:48,20260926,20,8,5-2-1,486.2
2026-09-26 18:11:48,20260926,20,8,5-2-3,358.9
2026-09-26 18:11:48,20260926,20,8,5-2-4,614.5
2026-09-26 18:11:48,20260926,20,8,5-2-6,529.8
2026-09-26 18:11:48,20260926,20,8,5-3-1,361.5
2026-09-26 18:11:48,20260926,20,8,5-3-2,311.6
2026-09-26 18:11:48,20260926,20,8,5-3-4,526.1
2026-09-26 18:11:48,20260926,20,8,5-3-6,535.3
2026-09-26 18:11:48,20260926,20,8,5-4-1,728.1
2026-09-26 18:11:48,20260926,20,8,5-4-2,670.9
2026-09-26 18:11:48,20260926,20,8,5-4-3,717.9
2026-09-26 18:11:48,20260926,20,8,5-4-6,665.1
2026-09-26 18:11:48,20260926,20,8,5-6-1,558.7
2026-09-26 18:11:48,20260926,20,8,5-6-2,609.7
2026-09-26 18:11:48,20260926,20,8,5-6-3,624.5
2026-09-26 18:11:48,20260926,20,8,5-6-4,711.3
2026-09-26 18:11:48,20260926,20,8,6-1-2,91.7
2026-09-26 18:11:48,20260926,20,8,6-1-3,91.7
2026-09-26 18:11:48,20260926,20,8,6-1-4,192.3
2026-09-26 18:11:48,20260926,20,8,6-1-5,270.0
2026-09-26 18:11:48,20260926,20,8,6-2-1,150.1
2026-09-26 18:11:48,20260926,20,8,6-2-3,194.9
2026-09-26 18:11:48,20260926,20,8,6-2-4,354.0
2026-09-26 18:11:48,20260926,20,8,6-2-5,455.9
2026-09-26 18:11:48,20260926,20,8,6-3-1,154.1
2026-09-26 18:11:48,20260926,20,8,6-3-2,211.6
2026-09-26 18:11:48,20260926,20,8,6-3-4,372.0
2026-09-26 18:11:48,20260926,20,8,6-3-5,449.2
2026-09-26 18:11:48,20260926,20,8,6-4-1,398.0
2026-09-26 18:11:48,20260926,20,8,6-4-2,468.4
2026-09-26 18:11:48,20260926,20,8,6-4-3,566.9
2026-09-26 18:11:48,20260926,20,8,6-4-5,562.8
2026-09-26 18:11:48,20260926,20,8,6-5-1,562.8
2026-09-26 18:11:48,20260926,20,8,6-5-2,614.5
2026-09-26 18:11:48,20260926,20,8,6-5-3,560.7
2026-09-26 18:11:48,20260926,20,8,6-5-4,600.1
2026-09-26 18:16:02,20260926,15,8,1-2-3,18.9
2026-09-26 18:16:02,20260926,15,8,1-2-4,2.9
2026-09-26 18:16:02,20260926,15,8,1-2-5,16.2
2026-09-26 18:16:02,20260926,15,8,1-2-6,95.3
2026-09-26 18:16:02,20260926,15,8,1-3-2,34.8
2026-09-26 18:16:02,20260926,15,8,1-3-4,52.7
2026-09-26 18:16:02,20260926,15,8,1-3-5,68.3
2026-09-26 18:16:02,20260926,15,8,1-3-6,244.8
2026-09-26 18:16:02,20260926,15,8,1-4-2,10.3
2026-09-26 18:16:02,20260926,15,8,1-4-3,44.5
2026-09-26 18:16:02,20260926,15,8,1-4-5,24.7
2026-09-26 18:16:02,20260926,15,8,1-4-6,153.9
2026-09-26 18:16:02,20260926,15,8,1-5-2,37.7
2026-09-26 18:16:02,20260926,15,8,1-5-3,70.6
2026-09-26 18:16:02,20260926,15,8,1-5-4,62.4
2026-09-26 18:16:02,20260926,15,8,1-5-6,303.4
2026-09-26 18:16:02,20260926,15,8,1-6-2,127.6
2026-09-26 18:16:02,20260926,15,8,1-6-3,209.3
2026-09-26 18:16:02,20260926,15,8,1-6-4,314.8
2026-09-26 18:16:02,20260926,15,8,1-6-5,492.5
2026-09-26 18:16:02,20260926,15,8,2-1-3,61.4
2026-09-26 18:16:02,20260926,15,8,2-1-4,17.7
2026-09-26 18:16:02,20260926,15,8,2-1-5,37.2
2026-09-26 18:16:02,20260926,15,8,2-1-6,165.4
2026-09-26 18:16:02,20260926,15,8,2-3-1,148.4
2026-09-26 18:16:02,20260926,15,8,2-3-4,122.0
2026-09-26 18:16:02,20260926,15,8,2-3-5,156.8
2026-09-26 18:16:02,20260926,15,8,2-3-6,395.0
2026-09-26 18:16:02,20260926,15,8,2-4-1,30.4
2026-09-26 18:16:02,20260926,15,8,2-4-3,85.4
2026-09-26 18:16:02,20260926,15,8,2-4-5,45.9
2026-09-26 18:16:02,20260926,15,8,2-4-6,279.1
2026-09-26 18:16:02,20260926,15,8,2-5-1,69.2
2026-09-26 18:16:02,20260926,15,8,2-5-3,207.2
2026-09-26 18:16:02,20260926,15,8,2-5-4,87.5
2026-09-26 18:16:02,20260926,15,8,2-5-6,370.5
2026-09-26 18:16:02,20260926,15,8,2-6-1,410.4
2026-09-26 18:16:02,20260926,15,8,2-6-3,837.4
2026-09-26 18:16:02,20260926,15,8,2-6-4,516.9
2026-09-26 18:16:02,20260926,15,8,2-6-5,734.5
2026-09-26 18:16:02,20260926,15,8,3-1-2,179.7
2026-09-26 18:16:02,20260926,15,8,3-1-4,141.4
2026-09-26 18:16:02,20260926,15,8,3-1-5,94.9
2026-09-26 18:16:02,20260926,15,8,3-1-6,367.2
2026-09-26 18:16:02,20260926,15,8,3-2-1,253.7
2026-09-26 18:16:02,20260926,15,8,3-2-4,150.0
2026-09-26 18:16:02,20260926,15,8,3-2-5,159.8
2026-09-26 18:16:02,20260926,15,8,3-2-6,312.4
2026-09-26 18:16:02,20260926,15,8,3-4-1,286.7
2026-09-26 18:16:02,20260926,15,8,3-4-2,284.8
2026-09-26 18:16:02,20260926,15,8,3-4-5,230.0
2026-09-26 18:16:02,20260926,15,8,3-4-6,422.9
2026-09-26 18:16:02,20260926,15,8,3-5-1,230.0
2026-09-26 18:16:02,20260926,15,8,3-5-2,189.4
2026-09-26 18:16:02,20260926,15,8,3-5-4,332.3
2026-09-26 18:16:02,20260926,15,8,3-5-6,440.7
2026-09-26 18:16:02,20260926,15,8,3-6-1,790.0
2026-09-26 18:16:02,20260926,15,8,3-6-2,624.9
2026-09-26 18:16:02,20260926,15,8,3-6-4,634.3
2026-09-26 18:16:02,20260926,15,8,3-6-5,634.3
2026-09-26 18:16:02,20260926,15,8,4-1-2,32.0
2026-09-26 18:16:02,20260926,15,8,4-1-3,139.1
2026-09-26 18:16:02,20260926,15,8,4-1-5,57.3
2026-09-26 18:16:02,20260926,15,8,4-1-6,250.7
2026-09-26 18:16:02,20260926,15,8,4-2-1,51.9
2026-09-26 18:16:02,20260926,15,8,4-2-3,188.6
2026-09-26 18:16:02,20260926,15,8,4-2-5,97.3
2026-09-26 18:16:02,20260926,15,8,4-2-6,261.6
2026-09-26 18:16:02,20260926,15,8,4-3-1,222.7
2026-09-26 18:16:02,20260926,15,8,4-3-2,305.6
2026-09-26 18:16:02,20260926,15,8,4-3-5,312.4
2026-09-26 18:16:02,20260926,15,8,4-3-6,406.5
2026-09-26 18:16:02,20260926,15,8,4-5-1,100.1
2026-09-26 18:16:02,20260926,15,8,4-5-2,117.9
2026-09-26 18:16:02,20260926,15,8,4-5-3,243.4
2026-09-26 18:16:02,20260926,15,8,4-5-6,348.9
2026-09-26 18:16:02,20260926,15,8,4-6-1,414.5
2026-09-26 18:16:02,20260926,15,8,4-6-2,406.5
2026-09-26 18:16:02,20260926,15,8,4-6-3,598.1
2026-09-26 18:16:02,20260926,15,8,4-6-5,460.1
2026-09-26 18:16:02,20260926,15,8,5-1-2,139.1
2026-09-26 18:16:02,20260926,15,8,5-1-3,218.0
2026-09-26 18:16:02,20260926,15,8,5-1-4,159.8
2026-09-26 18:16:02,20260926,15,8,5-1-6,337.6
2026-09-26 18:16:02,20260926,15,8,5-2-1,200.3
2026-09-26 18:16:02,20260926,15,8,5-2-3,288.7
2026-09-26 18:16:02,20260926,15,8,5-2-4,205.2
2026-09-26 18:16:02,20260926,15,8,5-2-6,558.2
2026-09-26 18:16:02,20260926,15,8,5-3-1,364.0
2026-09-26 18:16:02,20260926,15,8,5-3-2,332.3
2026-09-26 18:16:02,20260926,15,8,5-3-4,360.9
2026-09-26 18:16:02,20260926,15,8,5-3-6,721.9
2026-09-26 18:16:02,20260926,15,8,5-4-1,208.3
2026-09-26 18:16:02,20260926,15,8,5-4-2,212.5
2026-09-26 18:16:02,20260926,15,8,5-4-3,481.2
2026-09-26 18:16:02,20260926,15,8,5-4-6,523.3
2026-09-26 18:16:02,20260926,15,8,5-6-1,761.2
2026-09-26 18:16:02,20260926,15,8,5-6-2,790.0
2026-09-26 18:16:02,20260926,15,8,5-6-3,854.4
2026-09-26 18:16:02,20260926,15,8,5-6-4,761.2
2026-09-26 18:16:02,20260926,15,8,6-1-2,465.2
2026-09-26 18:16:02,20260926,15,8,6-1-3,598.1
2026-09-26 18:16:02,20260926,15,8,6-1-4,854.4
2026-09-26 18:16:02,20260926,15,8,6-1-5,951.5
2026-09-26 18:16:02,20260926,15,8,6-2-1,606.8
2026-09-26 18:16:02,20260926,15,8,6-2-3,734.5
2026-09-26 18:16:02,20260926,15,8,6-2-4,734.5
2026-09-26 18:16:02,20260926,15,8,6-2-5,951.5
2026-09-26 18:16:02,20260926,15,8,6-3-1,996.9
2026-09-26 18:16:02,20260926,15,8,6-3-2,872.2
2026-09-26 18:16:02,20260926,15,8,6-3-4,837.4
2026-09-26 18:16:02,20260926,15,8,6-3-5,1101.0
2026-09-26 18:16:02,20260926,15,8,6-4-1,1163.0
2026-09-26 18:16:02,20260926,15,8,6-4-2,820.9
2026-09-26 18:16:02,20260926,15,8,6-4-3,1021.0
2026-09-26 18:16:02,20260926,15,8,6-4-5,1163.0
2026-09-26 18:16:02,20260926,15,8,6-5-1,910.2
2026-09-26 18:16:02,20260926,15,8,6-5-2,951.5
2026-09-26 18:16:02,20260926,15,8,6-5-3,996.9
2026-09-26 18:16:02,20260926,15,8,6-5-4,973.7
2026-09-26 18:33:32,20260926,19,8,1-2-3,51.4
2026-09-26 18:33:32,20260926,19,8,1-2-4,16.4
2026-09-26 18:33:32,20260926,19,8,1-2-5,7.8
2026-09-26 18:33:32,20260926,19,8,1-2-6,43.5
2026-09-26 18:33:32,20260926,19,8,1-3-2,71.8
2026-09-26 18:33:32,20260926,19,8,1-3-4,102.2
2026-09-26 18:33:32,20260926,19,8,1-3-5,91.0
2026-09-26 18:33:32,20260926,19,8,1-3-6,159.9
2026-09-26 18:33:32,20260926,19,8,1-4-2,27.9
2026-09-26 18:33:32,20260926,19,8,1-4-3,128.4
2026-09-26 18:33:32,20260926,19,8,1-4-5,20.0
2026-09-26 18:33:32,20260926,19,8,1-4-6,56.5
2026-09-26 18:33:32,20260926,19,8,1-5-2,8.8
2026-09-26 18:33:32,20260926,19,8,1-5-3,58.4
2026-09-26 18:33:32,20260926,19,8,1-5-4,14.3
2026-09-26 18:33:32,20260926,19,8,1-5-6,18.5
2026-09-26 18:33:32,20260926,19,8,1-6-2,82.3
2026-09-26 18:33:32,20260926,19,8,1-6-3,241.5
2026-09-26 18:33:32,20260926,19,8,1-6-4,117.4
2026-09-26 18:33:32,20260926,19,8,1-6-5,70.8
2026-09-26 18:33:32,20260926,19,8,2-1-3,135.9
2026-09-26 18:33:32,20260926,19,8,2-1-4,75.2
2026-09-26 18:33:32,20260926,19,8,2-1-5,37.5
2026-09-26 18:33:32,20260926,19,8,2-1-6,178.1
2026-09-26 18:33:32,20260926,19,8,2-3-1,351.6
2026-09-26 18:33:32,20260926,19,8,2-3-4,508.7
2026-09-26 18:33:32,20260926,19,8,2-3-5,493.8
2026-09-26 18:33:32,20260926,19,8,2-3-6,1638.0
2026-09-26 18:33:32,20260926,19,8,2-4-1,195.2
2026-09-26 18:33:32,20260926,19,8,2-4-3,508.7
2026-09-26 18:33:32,20260926,19,8,2-4-5,168.7
2026-09-26 18:33:32,20260926,19,8,2-4-6,427.7
2026-09-26 18:33:32,20260926,19,8,2-5-1,44.5
2026-09-26 18:33:32,20260926,19,8,2-5-3,351.6
2026-09-26 18:33:32,20260926,19,8,2-5-4,85.4
2026-09-26 18:33:32,20260926,19,8,2-5-6,97.3
2026-09-26 18:33:32,20260926,19,8,2-6-1,335.8
2026-09-26 18:33:32,20260926,19,8,2-6-3,1370.0
2026-09-26 18:33:32,20260926,19,8,2-6-4,627.6
2026-09-26 18:33:32,20260926,19,8,2-6-5,433.2
2026-09-26 18:33:32,20260926,19,8,3-1-2,253.4
2026-09-26 18:33:32,20260926,19,8,3-1-4,287.0
2026-09-26 18:33:32,20260926,19,8,3-1-5,254.3
2026-09-26 18:33:32,20260926,19,8,3-1-6,490.2
2026-09-26 18:33:32,20260926,19,8,3-2-1,486.6
2026-09-26 18:33:32,20260926,19,8,3-2-4,409.5
2026-09-26 18:33:32,20260926,19,8,3-2-5,349.7
2026-09-26 18:33:32,20260926,19,8,3-2-6,932.7
2026-09-26 18:33:32,20260926,19,8,3-4-1,771.9
2026-09-26 18:33:32,20260926,19,8,3-4-2,714.4
2026-09-26 18:33:32,20260926,19,8,3-4-5,907.5
2026-09-26 18:33:32,20260926,19,8,3-4-6,1119.0
2026-09-26 18:33:32,20260926,19,8,3-5-1,433.2
2026-09-26 18:33:32,20260926,19,8,3-5-2,430.5
2026-09-26 18:33:32,20260926,19,8,3-5-4,895.4
2026-09-26 18:33:32,20260926,19,8,3-5-6,771.9
2026-09-26 18:33:32,20260926,19,8,3-6-1,1178.0
2026-09-26 18:33:32,20260926,19,8,3-6-2,1492.0
2026-09-26 18:33:32,20260926,19,8,3-6-4,1460.0
2026-09-26 18:33:32,20260926,19,8,3-6-5,1291.0
2026-09-26 18:33:32,20260926,19,8,4-1-2,127.4
2026-09-26 18:33:32,20260926,19,8,4-1-3,533.0
2026-09-26 18:33:32,20260926,19,8,4-1-5,58.0
2026-09-26 18:33:32,20260926,19,8,4-1-6,190.7
2026-09-26 18:33:32,20260926,19,8,4-2-1,192.4
2026-09-26 18:33:32,20260926,19,8,4-2-3,746.2
2026-09-26 18:33:32,20260926,19,8,4-2-5,170.8
2026-09-26 18:33:32,20260926,19,8,4-2-6,444.7
2026-09-26 18:33:32,20260926,19,8,4-3-1,945.9
2026-09-26 18:33:32,20260926,19,8,4-3-2,1100.0
2026-09-26 18:33:32,20260926,19,8,4-3-5,932.7
2026-09-26 18:33:32,20260926,19,8,4-3-6,1679.0
2026-09-26 18:33:32,20260926,19,8,4-5-1,48.9
2026-09-26 18:33:32,20260926,19,8,4-5-2,114.0
2026-09-26 18:33:32,20260926,19,8,4-5-3,520.6
2026-09-26 18:33:32,20260926,19,8,4-5-6,60.8
2026-09-26 18:33:32,20260926,19,8,4-6-1,359.1
2026-09-26 18:33:32,20260926,19,8,4-6-2,555.0
2026-09-26 18:33:32,20260926,19,8,4-6-3,1370.0
2026-09-26 18:33:32,20260926,19,8,4-6-5,241.5
2026-09-26 18:33:32,20260926,19,8,5-1-2,14.3
2026-09-26 18:33:32,20260926,19,8,5-1-3,97.9
2026-09-26 18:33:32,20260926,19,8,5-1-4,24.1
2026-09-26 18:33:32,20260926,19,8,5-1-6,21.4
2026-09-26 18:33:32,20260926,19,8,5-2-1,25.7
2026-09-26 18:33:32,20260926,19,8,5-2-3,251.5
2026-09-26 18:33:32,20260926,19,8,5-2-4,78.5
2026-09-26 18:33:32,20260926,19,8,5-2-6,93.1
2026-09-26 18:33:32,20260926,19,8,5-3-1,385.9
2026-09-26 18:33:32,20260926,19,8,5-3-2,417.1
2026-09-26 18:33:32,20260926,19,8,5-3-4,616.1
2026-09-26 18:33:32,20260926,19,8,5-3-6,564.3
2026-09-26 18:33:32,20260926,19,8,5-4-1,42.6
2026-09-26 18:33:32,20260926,19,8,5-4-2,89.0
2026-09-26 18:33:32,20260926,19,8,5-4-3,353.4
2026-09-26 18:33:32,20260926,19,8,5-4-6,56.4
2026-09-26 18:33:32,20260926,19,8,5-6-1,38.1
2026-09-26 18:33:32,20260926,19,8,5-6-2,87.3
2026-09-26 18:33:32,20260926,19,8,5-6-3,381.5
2026-09-26 18:33:32,20260926,19,8,5-6-4,63.3
2026-09-26 18:33:32,20260926,19,8,6-1-2,407.0
2026-09-26 18:33:32,20260926,19,8,6-1-3,1017.0
2026-09-26 18:33:32,20260926,19,8,6-1-4,754.6
2026-09-26 18:33:32,20260926,19,8,6-1-5,270.8
2026-09-26 18:33:32,20260926,19,8,6-2-1,550.4
2026-09-26 18:33:32,20260926,19,8,6-2-3,1221.0
2026-09-26 18:33:32,20260926,19,8,6-2-4,1049.0
2026-09-26 18:33:32,20260926,19,8,6-2-5,589.1
2026-09-26 18:33:32,20260926,19,8,6-3-1,1975.0
2026-09-26 18:33:32,20260926,19,8,6-3-2,2487.0
2026-09-26 18:33:32,20260926,19,8,6-3-4,2238.0
2026-09-26 18:33:32,20260926,19,8,6-3-5,1865.0
2026-09-26 18:33:32,20260926,19,8,6-4-1,945.9
2026-09-26 18:33:32,20260926,19,8,6-4-2,1066.0
2026-09-26 18:33:32,20260926,19,8,6-4-3,2098.0
2026-09-26 18:33:32,20260926,19,8,6-4-5,472.9
2026-09-26 18:33:32,20260926,19,8,6-5-1,232.3
2026-09-26 18:33:32,20260926,19,8,6-5-2,450.7
2026-09-26 18:33:32,20260926,19,8,6-5-3,1638.0
2026-09-26 18:33:32,20260926,19,8,6-5-4,359.1
2026-09-26 18:43:50,20260926,15,9,1-2-3,8.7
2026-09-26 18:43:50,20260926,15,9,1-2-4,5.3
2026-09-26 18:43:50,20260926,15,9,1-2-5,31.0
2026-09-26 18:43:50,20260926,15,9,1-2-6,113.7
2026-09-26 18:43:50,20260926,15,9,1-3-2,13.3
2026-09-26 18:43:50,20260926,15,9,1-3-4,12.3
2026-09-26 18:43:50,20260926,15,9,1-3-5,33.9
2026-09-26 18:43:50,20260926,15,9,1-3-6,120.5
2026-09-26 18:43:50,20260926,15,9,1-4-2,6.6
2026-09-26 18:43:50,20260926,15,9,1-4-3,11.3
2026-09-26 18:43:50,20260926,15,9,1-4-5,22.7
2026-09-26 18:43:50,20260926,15,9,1-4-6,117.1
2026-09-26 18:43:50,20260926,15,9,1-5-2,57.8
2026-09-26 18:43:50,20260926,15,9,1-5-3,69.5
2026-09-26 18:43:50,20260926,15,9,1-5-4,63.1
2026-09-26 18:43:50,20260926,15,9,1-5-6,260.8
2026-09-26 18:43:50,20260926,15,9,1-6-2,178.6
2026-09-26 18:43:50,20260926,15,9,1-6-3,356.5
2026-09-26 18:43:50,20260926,15,9,1-6-4,301.8
2026-09-26 18:43:50,20260926,15,9,1-6-5,385.9
2026-09-26 18:43:50,20260926,15,9,2-1-3,48.5
2026-09-26 18:43:50,20260926,15,9,2-1-4,38.8
2026-09-26 18:43:50,20260926,15,9,2-1-5,118.4
2026-09-26 18:43:50,20260926,15,9,2-1-6,295.9
2026-09-26 18:43:50,20260926,15,9,2-3-1,105.0
2026-09-26 18:43:50,20260926,15,9,2-3-4,147.9
2026-09-26 18:43:50,20260926,15,9,2-3-5,318.5
2026-09-26 18:43:50,20260926,15,9,2-3-6,613.6
2026-09-26 18:43:50,20260926,15,9,2-4-1,61.0
2026-09-26 18:43:50,20260926,15,9,2-4-3,148.8
2026-09-26 18:43:50,20260926,15,9,2-4-5,380.0
2026-09-26 18:43:50,20260926,15,9,2-4-6,618.7
2026-09-26 18:43:50,20260926,15,9,2-5-1,349.8
2026-09-26 18:43:50,20260926,15,9,2-5-3,502.4
2026-09-26 18:43:50,20260926,15,9,2-5-4,505.8
2026-09-26 18:43:50,20260926,15,9,2-5-6,1134.0
2026-09-26 18:43:50,20260926,15,9,2-6-1,623.8
2026-09-26 18:43:50,20260926,15,9,2-6-3,850.7
2026-09-26 18:43:50,20260926,15,9,2-6-4,891.2
2026-09-26 18:43:50,20260926,15,9,2-6-5,1467.0
2026-09-26 18:43:50,20260926,15,9,3-1-2,72.9
2026-09-26 18:43:50,20260926,15,9,3-1-4,52.6
2026-09-26 18:43:50,20260926,15,9,3-1-5,65.3
2026-09-26 18:43:50,20260926,15,9,3-1-6,346.5
2026-09-26 18:43:50,20260926,15,9,3-2-1,140.7
2026-09-26 18:43:50,20260926,15,9,3-2-4,159.6
2026-09-26 18:43:50,20260926,15,9,3-2-5,244.6
2026-09-26 18:43:50,20260926,15,9,3-2-6,435.2
2026-09-26 18:43:50,20260926,15,9,3-4-1,76.3
2026-09-26 18:43:50,20260926,15,9,3-4-2,199.1
2026-09-26 18:43:50,20260926,15,9,3-4-5,136.3
2026-09-26 18:43:50,20260926,15,9,3-4-6,603.7
2026-09-26 18:43:50,20260926,15,9,3-5-1,282.5
2026-09-26 18:43:50,20260926,15,9,3-5-2,328.3
2026-09-26 18:43:50,20260926,15,9,3-5-4,437.8
2026-09-26 18:43:50,20260926,15,9,3-5-6,771.8
2026-09-26 18:43:50,20260926,15,9,3-6-1,880.7
2026-09-26 18:43:50,20260926,15,9,3-6-2,796.4
2026-09-26 18:43:50,20260926,15,9,3-6-4,1025.0
2026-09-26 18:43:50,20260926,15,9,3-6-5,1134.0
2026-09-26 18:43:50,20260926,15,9,4-1-2,29.3
2026-09-26 18:43:50,20260926,15,9,4-1-3,50.3
2026-09-26 18:43:50,20260926,15,9,4-1-5,59.2
2026-09-26 18:43:50,20260926,15,9,4-1-6,232.5
2026-09-26 18:43:50,20260926,15,9,4-2-1,67.3
2026-09-26 18:43:50,20260926,15,9,4-2-3,155.3
2026-09-26 18:43:50,20260926,15,9,4-2-5,228.9
2026-09-26 18:43:50,20260926,15,9,4-2-6,450.9
2026-09-26 18:43:50,20260926,15,9,4-3-1,90.3
2026-09-26 18:43:50,20260926,15,9,4-3-2,228.2
2026-09-26 18:43:50,20260926,15,9,4-3-5,321.3
2026-09-26 18:43:50,20260926,15,9,4-3-6,618.7
2026-09-26 18:43:50,20260926,15,9,4-5-1,113.7
2026-09-26 18:43:50,20260926,15,9,4-5-2,183.4
2026-09-26 18:43:50,20260926,15,9,4-5-3,322.6
2026-09-26 18:43:50,20260926,15,9,4-5-6,425.3
2026-09-26 18:43:50,20260926,15,9,4-6-1,608.6
2026-09-26 18:43:50,20260926,15,9,4-6-2,822.6
2026-09-26 18:43:50,20260926,15,9,4-6-3,1054.0
2026-09-26 18:43:50,20260926,15,9,4-6-5,880.7
2026-09-26 18:43:50,20260926,15,9,5-1-2,203.4
2026-09-26 18:43:50,20260926,15,9,5-1-3,217.6
2026-09-26 18:43:50,20260926,15,9,5-1-4,189.5
2026-09-26 18:43:50,20260926,15,9,5-1-6,418.2
2026-09-26 18:43:50,20260926,15,9,5-2-1,465.0
2026-09-26 18:43:50,20260926,15,9,5-2-3,492.5
2026-09-26 18:43:50,20260926,15,9,5-2-4,554.5
2026-09-26 18:43:50,20260926,15,9,5-2-6,1100.0
2026-09-26 18:43:50,20260926,15,9,5-3-1,459.2
2026-09-26 18:43:50,20260926,15,9,5-3-2,571.4
2026-09-26 18:43:50,20260926,15,9,5-3-4,519.8
2026-09-26 18:43:50,20260926,15,9,5-3-6,1100.0
2026-09-26 18:43:50,20260926,15,9,5-4-1,261.7
2026-09-26 18:43:50,20260926,15,9,5-4-2,381.9
2026-09-26 18:43:50,20260926,15,9,5-4-3,719.8
2026-09-26 18:43:50,20260926,15,9,5-4-6,530.9
2026-09-26 18:43:50,20260926,15,9,5-6-1,1268.0
2026-09-26 18:43:50,20260926,15,9,5-6-2,1439.0
2026-09-26 18:43:50,20260926,15,9,5-6-3,1439.0
2026-09-26 18:43:50,20260926,15,9,5-6-4,1386.0
2026-09-26 18:43:50,20260926,15,9,6-1-2,558.6
2026-09-26 18:43:50,20260926,15,9,6-1-3,860.5
2026-09-26 18:43:50,20260926,15,9,6-1-4,959.8
2026-09-26 18:43:50,20260926,15,9,6-1-5,1169.0
2026-09-26 18:43:50,20260926,15,9,6-2-1,763.9
2026-09-26 18:43:50,20260926,15,9,6-2-3,1011.0
2026-09-26 18:43:50,20260926,15,9,6-2-4,1313.0
2026-09-26 18:43:50,20260926,15,9,6-2-5,1467.0
2026-09-26 18:43:50,20260926,15,9,6-3-1,1386.0
2026-09-26 18:43:50,20260926,15,9,6-3-2,1247.0
2026-09-26 18:43:50,20260926,15,9,6-3-4,1313.0
2026-09-26 18:43:50,20260926,15,9,6-3-5,1970.0
2026-09-26 18:43:50,20260926,15,9,6-4-1,1361.0
2026-09-26 18:43:50,20260926,15,9,6-4-2,1627.0
2026-09-26 18:43:50,20260926,15,9,6-4-3,1701.0
2026-09-26 18:43:50,20260926,15,9,6-4-5,1782.0
2026-09-26 18:43:50,20260926,15,9,6-5-1,1313.0
2026-09-26 18:43:50,20260926,15,9,6-5-2,2079.0
2026-09-26 18:43:50,20260926,15,9,6-5-3,1497.0
2026-09-26 18:43:50,20260926,15,9,6-5-4,1497.0
2026-09-26 18:45:17,20260926,20,9,1-2-3,8.0
2026-09-26 18:45:17,20260926,20,9,1-2-4,13.0
2026-09-26 18:45:17,20260926,20,9,1-2-5,18.9
2026-09-26 18:45:17,20260926,20,9,1-2-6,33.4
2026-09-26 18:45:17,20260926,20,9,1-3-2,7.0
2026-09-26 18:45:17,20260926,20,9,1-3-4,11.4
2026-09-26 18:45:17,20260926,20,9,1-3-5,15.8
2026-09-26 18:45:17,20260926,20,9,1-3-6,23.3
2026-09-26 18:45:17,20260926,20,9,1-4-2,22.4
2026-09-26 18:45:17,20260926,20,9,1-4-3,24.7
2026-09-26 18:45:17,20260926,20,9,1-4-5,41.3
2026-09-26 18:45:17,20260926,20,9,1-4-6,48.0
2026-09-26 18:45:17,20260926,20,9,1-5-2,39.2
2026-09-26 18:45:17,20260926,20,9,1-5-3,41.1
2026-09-26 18:45:17,20260926,20,9,1-5-4,69.2
2026-09-26 18:45:17,20260926,20,9,1-5-6,81.7
2026-09-26 18:45:17,20260926,20,9,1-6-2,71.0
2026-09-26 18:45:17,20260926,20,9,1-6-3,69.2
2026-09-26 18:45:17,20260926,20,9,1-6-4,98.8
2026-09-26 18:45:17,20260926,20,9,1-6-5,118.3
2026-09-26 18:45:17,20260926,20,9,2-1-3,33.4
2026-09-26 18:45:17,20260926,20,9,2-1-4,48.7
2026-09-26 18:45:17,20260926,20,9,2-1-5,63.1
2026-09-26 18:45:17,20260926,20,9,2-1-6,110.2
2026-09-26 18:45:17,20260926,20,9,2-3-1,64.7
2026-09-26 18:45:17,20260926,20,9,2-3-4,131.9
2026-09-26 18:45:17,20260926,20,9,2-3-5,137.5
2026-09-26 18:45:17,20260926,20,9,2-3-6,289.5
2026-09-26 18:45:17,20260926,20,9,2-4-1,140.7
2026-09-26 18:45:17,20260926,20,9,2-4-3,217.7
2026-09-26 18:45:17,20260926,20,9,2-4-5,271.8
2026-09-26 18:45:17,20260926,20,9,2-4-6,368.7
2026-09-26 18:45:17,20260926,20,9,2-5-1,205.5
2026-09-26 18:45:17,20260926,20,9,2-5-3,229.6
2026-09-26 18:45:17,20260926,20,9,2-5-4,350.2
2026-09-26 18:45:17,20260926,20,9,2-5-6,451.8
2026-09-26 18:45:17,20260926,20,9,2-6-1,349.1
2026-09-26 18:45:17,20260926,20,9,2-6-3,564.6
2026-09-26 18:45:17,20260926,20,9,2-6-4,600.8
2026-09-26 18:45:17,20260926,20,9,2-6-5,630.9
2026-09-26 18:45:17,20260926,20,9,3-1-2,35.9
2026-09-26 18:45:17,20260926,20,9,3-1-4,47.4
2026-09-26 18:45:17,20260926,20,9,3-1-5,51.3
2026-09-26 18:45:17,20260926,20,9,3-1-6,71.8
2026-09-26 18:45:17,20260926,20,9,3-2-1,73.0
2026-09-26 18:45:17,20260926,20,9,3-2-4,149.5
2026-09-26 18:45:17,20260926,20,9,3-2-5,141.9
2026-09-26 18:45:17,20260926,20,9,3-2-6,238.1
2026-09-26 18:45:17,20260926,20,9,3-4-1,131.9
2026-09-26 18:45:17,20260926,20,9,3-4-2,177.7
2026-09-26 18:45:17,20260926,20,9,3-4-5,201.6
2026-09-26 18:45:17,20260926,20,9,3-4-6,240.7
2026-09-26 18:45:17,20260926,20,9,3-5-1,154.7
2026-09-26 18:45:17,20260926,20,9,3-5-2,170.4
2026-09-26 18:45:17,20260926,20,9,3-5-4,276.1
2026-09-26 18:45:17,20260926,20,9,3-5-6,294.3
2026-09-26 18:45:17,20260926,20,9,3-6-1,215.4
2026-09-26 18:45:17,20260926,20,9,3-6-2,326.6
2026-09-26 18:45:17,20260926,20,9,3-6-4,377.8
2026-09-26 18:45:17,20260926,20,9,3-6-5,385.1
2026-09-26 18:45:17,20260926,20,9,4-1-2,123.2
2026-09-26 18:45:17,20260926,20,9,4-1-3,158.2
2026-09-26 18:45:17,20260926,20,9,4-1-5,163.8
2026-09-26 18:45:17,20260926,20,9,4-1-6,228.2
2026-09-26 18:45:17,20260926,20,9,4-2-1,231.7
2026-09-26 18:45:17,20260926,20,9,4-2-3,348.8
2026-09-26 18:45:17,20260926,20,9,4-2-5,404.9
2026-09-26 18:45:17,20260926,20,9,4-2-6,475.7
2026-09-26 18:45:17,20260926,20,9,4-3-1,299.5
2026-09-26 18:45:17,20260926,20,9,4-3-2,420.0
2026-09-26 18:45:17,20260926,20,9,4-3-5,461.7
2026-09-26 18:45:17,20260926,20,9,4-3-6,574.9
2026-09-26 18:45:17,20260926,20,9,4-5-1,291.6
2026-09-26 18:45:17,20260926,20,9,4-5-2,386.5
2026-09-26 18:45:17,20260926,20,9,4-5-3,469.1
2026-09-26 18:45:17,20260926,20,9,4-5-6,460.8
2026-09-26 18:45:17,20260926,20,9,4-6-1,574.9
2026-09-26 18:45:17,20260926,20,9,4-6-2,634.5
2026-09-26 18:45:17,20260926,20,9,4-6-3,821.2
2026-09-26 18:45:17,20260926,20,9,4-6-5,747.4
2026-09-26 18:45:17,20260926,20,9,5-1-2,182.8
2026-09-26 18:45:17,20260926,20,9,5-1-3,197.4
2026-09-26 18:45:17,20260926,20,9,5-1-4,299.5
2026-09-26 18:45:17,20260926,20,9,5-1-6,318.6
2026-09-26 18:45:17,20260926,20,9,5-2-1,318.6
2026-09-26 18:45:17,20260926,20,9,5-2-3,338.7
2026-09-26 18:45:17,20260926,20,9,5-2-4,569.0
2026-09-26 18:45:17,20260926,20,9,5-2-6,595.9
2026-09-26 18:45:17,20260926,20,9,5-3-1,326.6
2026-09-26 18:45:17,20260926,20,9,5-3-2,368.7
2026-09-26 18:45:17,20260926,20,9,5-3-4,684.7
2026-09-26 18:45:17,20260926,20,9,5-3-6,851.3
2026-09-26 18:45:17,20260926,20,9,5-4-1,509.8
2026-09-26 18:45:17,20260926,20,9,5-4-2,681.6
2026-09-26 18:45:17,20260926,20,9,5-4-3,736.2
2026-09-26 18:45:17,20260926,20,9,5-4-6,779.1
2026-09-26 18:45:17,20260926,20,9,5-6-1,751.2
2026-09-26 18:45:17,20260926,20,9,5-6-2,890.9
2026-09-26 18:45:17,20260926,20,9,5-6-3,1000.0
2026-09-26 18:45:17,20260926,20,9,5-6-4,1025.0
2026-09-26 18:45:17,20260926,20,9,6-1-2,244.3
2026-09-26 18:45:17,20260926,20,9,6-1-3,253.3
2026-09-26 18:45:17,20260926,20,9,6-1-4,492.7
2026-09-26 18:45:17,20260926,20,9,6-1-5,525.6
2026-09-26 18:45:17,20260926,20,9,6-2-1,406.4
2026-09-26 18:45:17,20260926,20,9,6-2-3,549.8
2026-09-26 18:45:17,20260926,20,9,6-2-4,746.2
2026-09-26 18:45:17,20260926,20,9,6-2-5,830.5
2026-09-26 18:45:17,20260926,20,9,6-3-1,308.3
2026-09-26 18:45:17,20260926,20,9,6-3-2,520.6
2026-09-26 18:45:17,20260926,20,9,6-3-4,707.8
2026-09-26 18:45:17,20260926,20,9,6-3-5,813.6
2026-09-26 18:45:17,20260926,20,9,6-4-1,810.6
2026-09-26 18:45:17,20260926,20,9,6-4-2,889.1
2026-09-26 18:45:17,20260926,20,9,6-4-3,1011.0
2026-09-26 18:45:17,20260926,20,9,6-4-5,1088.0
2026-09-26 18:45:17,20260926,20,9,6-5-1,868.1
2026-09-26 18:45:17,20260926,20,9,6-5-2,1004.0
2026-09-26 18:45:17,20260926,20,9,6-5-3,1075.0
2026-09-26 18:45:17,20260926,20,9,6-5-4,1023.0
2026-09-26 19:03:41,20260926,19,9,1-2-3,46.2
2026-09-26 19:03:41,20260926,19,9,1-2-4,62.2
2026-09-26 19:03:41,20260926,19,9,1-2-5,84.1
2026-09-26 19:03:41,20260926,19,9,1-2-6,38.5
2026-09-26 19:03:41,20260926,19,9,1-3-2,37.2
2026-09-26 19:03:41,20260926,19,9,1-3-4,20.3
2026-09-26 19:03:41,20260926,19,9,1-3-5,32.1
2026-09-26 19:03:41,20260926,19,9,1-3-6,11.8
2026-09-26 19:03:41,20260926,19,9,1-4-2,51.5
2026-09-26 19:03:41,20260926,19,9,1-4-3,29.7
2026-09-26 19:03:41,20260926,19,9,1-4-5,62.7
2026-09-26 19:03:41,20260926,19,9,1-4-6,18.9
2026-09-26 19:03:41,20260926,19,9,1-5-2,108.4
2026-09-26 19:03:41,20260926,19,9,1-5-3,69.0
2026-09-26 19:03:41,20260926,19,9,1-5-4,124.5
2026-09-26 19:03:41,20260926,19,9,1-5-6,50.4
2026-09-26 19:03:41,20260926,19,9,1-6-2,25.7
2026-09-26 19:03:41,20260926,19,9,1-6-3,10.9
2026-09-26 19:03:41,20260926,19,9,1-6-4,13.6
2026-09-26 19:03:41,20260926,19,9,1-6-5,30.2
2026-09-26 19:03:41,20260926,19,9,2-1-3,250.8
2026-09-26 19:03:41,20260926,19,9,2-1-4,346.0
2026-09-26 19:03:41,20260926,19,9,2-1-5,276.5
2026-09-26 19:03:41,20260926,19,9,2-1-6,210.2
2026-09-26 19:03:41,20260926,19,9,2-3-1,401.6
2026-09-26 19:03:41,20260926,19,9,2-3-4,443.9
2026-09-26 19:03:41,20260926,19,9,2-3-5,553.1
2026-09-26 19:03:41,20260926,19,9,2-3-6,688.5
2026-09-26 19:03:41,20260926,19,9,2-4-1,511.2
2026-09-26 19:03:41,20260926,19,9,2-4-3,607.9
2026-09-26 19:03:41,20260926,19,9,2-4-5,899.7
2026-09-26 19:03:41,20260926,19,9,2-4-6,661.5
2026-09-26 19:03:41,20260926,19,9,2-5-1,485.4
2026-09-26 19:03:41,20260926,19,9,2-5-3,613.4
2026-09-26 19:03:41,20260926,19,9,2-5-4,887.9
2026-09-26 19:03:41,20260926,19,9,2-5-6,636.6
2026-09-26 19:03:41,20260926,19,9,2-6-1,278.8
2026-09-26 19:03:41,20260926,19,9,2-6-3,681.6
2026-09-26 19:03:41,20260926,19,9,2-6-4,591.9
2026-09-26 19:03:41,20260926,19,9,2-6-5,648.8
2026-09-26 19:03:41,20260926,19,9,3-1-2,168.2
2026-09-26 19:03:41,20260926,19,9,3-1-4,79.4
2026-09-26 19:03:41,20260926,19,9,3-1-5,104.9
2026-09-26 19:03:41,20260926,19,9,3-1-6,44.6
2026-09-26 19:03:41,20260926,19,9,3-2-1,427.0
2026-09-26 19:03:41,20260926,19,9,3-2-4,308.1
2026-09-26 19:03:41,20260926,19,9,3-2-5,298.5
2026-09-26 19:03:41,20260926,19,9,3-2-6,499.8
2026-09-26 19:03:41,20260926,19,9,3-4-1,151.6
2026-09-26 19:03:41,20260926,19,9,3-4-2,349.6
2026-09-26 19:03:41,20260926,19,9,3-4-5,285.9
2026-09-26 19:03:41,20260926,19,9,3-4-6,113.4
2026-09-26 19:03:41,20260926,19,9,3-5-1,236.7
2026-09-26 19:03:41,20260926,19,9,3-5-2,396.9
2026-09-26 19:03:41,20260926,19,9,3-5-4,385.6
2026-09-26 19:03:41,20260926,19,9,3-5-6,237.6
2026-09-26 19:03:41,20260926,19,9,3-6-1,66.5
2026-09-26 19:03:41,20260926,19,9,3-6-2,325.9
2026-09-26 19:03:41,20260926,19,9,3-6-4,100.1
2026-09-26 19:03:41,20260926,19,9,3-6-5,186.4
2026-09-26 19:03:41,20260926,19,9,4-1-2,224.9
2026-09-26 19:03:41,20260926,19,9,4-1-3,143.2
2026-09-26 19:03:41,20260926,19,9,4-1-5,183.8
2026-09-26 19:03:41,20260926,19,9,4-1-6,56.3
2026-09-26 19:03:41,20260926,19,9,4-2-1,674.8
2026-09-26 19:03:41,20260926,19,9,4-2-3,630.6
2026-09-26 19:03:41,20260926,19,9,4-2-5,741.5
2026-09-26 19:03:41,20260926,19,9,4-2-6,475.2
2026-09-26 19:03:41,20260926,19,9,4-3-1,249.0
2026-09-26 19:03:41,20260926,19,9,4-3-2,602.5
2026-09-26 19:03:41,20260926,19,9,4-3-5,374.8
2026-09-26 19:03:41,20260926,19,9,4-3-6,172.5
2026-09-26 19:03:41,20260926,19,9,4-5-1,225.6
2026-09-26 19:03:41,20260926,19,9,4-5-2,613.4
2026-09-26 19:03:41,20260926,19,9,4-5-3,455.9
2026-09-26 19:03:41,20260926,19,9,4-5-6,263.5
2026-09-26 19:03:41,20260926,19,9,4-6-1,70.8
2026-09-26 19:03:41,20260926,19,9,4-6-2,255.6
2026-09-26 19:03:41,20260926,19,9,4-6-3,93.0
2026-09-26 19:03:41,20260926,19,9,4-6-5,184.3
2026-09-26 19:03:41,20260926,19,9,5-1-2,316.8
2026-09-26 19:03:41,20260926,19,9,5-1-3,251.7
2026-09-26 19:03:41,20260926,19,9,5-1-4,263.5
2026-09-26 19:03:41,20260926,19,9,5-1-6,156.9
2026-09-26 19:03:41,20260926,19,9,5-2-1,571.8
2026-09-26 19:03:41,20260926,19,9,5-2-3,511.2
2026-09-26 19:03:41,20260926,19,9,5-2-4,813.0
2026-09-26 19:03:41,20260926,19,9,5-2-6,636.6
2026-09-26 19:03:41,20260926,19,9,5-3-1,429.8
2026-09-26 19:03:41,20260926,19,9,5-3-2,630.6
2026-09-26 19:03:41,20260926,19,9,5-3-4,630.6
2026-09-26 19:03:41,20260926,19,9,5-3-6,432.5
2026-09-26 19:03:41,20260926,19,9,5-4-1,586.7
2026-09-26 19:03:41,20260926,19,9,5-4-2,887.9
2026-09-26 19:03:41,20260926,19,9,5-4-3,681.6
2026-09-26 19:03:41,20260926,19,9,5-4-6,421.7
2026-09-26 19:03:41,20260926,19,9,5-6-1,200.2
2026-09-26 19:03:41,20260926,19,9,5-6-2,813.0
2026-09-26 19:03:41,20260926,19,9,5-6-3,344.2
2026-09-26 19:03:41,20260926,19,9,5-6-4,424.4
2026-09-26 19:03:41,20260926,19,9,6-1-2,40.1
2026-09-26 19:03:41,20260926,19,9,6-1-3,15.4
2026-09-26 19:03:41,20260926,19,9,6-1-4,19.2
2026-09-26 19:03:41,20260926,19,9,6-1-5,38.5
2026-09-26 19:03:41,20260926,19,9,6-2-1,120.9
2026-09-26 19:03:41,20260926,19,9,6-2-3,179.9
2026-09-26 19:03:41,20260926,19,9,6-2-4,241.8
2026-09-26 19:03:41,20260926,19,9,6-2-5,299.9
2026-09-26 19:03:41,20260926,19,9,6-3-1,39.2
2026-09-26 19:03:41,20260926,19,9,6-3-2,162.6
2026-09-26 19:03:41,20260926,19,9,6-3-4,63.7
2026-09-26 19:03:41,20260926,19,9,6-3-5,132.5
2026-09-26 19:03:41,20260926,19,9,6-4-1,32.9
2026-09-26 19:03:41,20260926,19,9,6-4-2,172.5
2026-09-26 19:03:41,20260926,19,9,6-4-3,67.4
2026-09-26 19:03:41,20260926,19,9,6-4-5,130.0
2026-09-26 19:03:41,20260926,19,9,6-5-1,73.4
2026-09-26 19:03:41,20260926,19,9,6-5-2,370.7
2026-09-26 19:03:41,20260926,19,9,6-5-3,147.9
2026-09-26 19:03:41,20260926,19,9,6-5-4,179.4
2026-09-26 19:12:26,20260926,15,10,1-2-3,10.2
2026-09-26 19:12:26,20260926,15,10,1-2-4,18.4
2026-09-26 19:12:26,20260926,15,10,1-2-5,70.2
2026-09-26 19:12:26,20260926,15,10,1-2-6,35.6
2026-09-26 19:12:26,20260926,15,10,1-3-2,9.4
2026-09-26 19:12:26,20260926,15,10,1-3-4,9.8
2026-09-26 19:12:26,20260926,15,10,1-3-5,35.2
2026-09-26 19:12:26,20260926,15,10,1-3-6,20.0
2026-09-26 19:12:26,20260926,15,10,1-4-2,28.0
2026-09-26 19:12:26,20260926,15,10,1-4-3,25.3
2026-09-26 19:12:26,20260926,15,10,1-4-5,68.5
2026-09-26 19:12:26,20260926,15,10,1-4-6,45.3
2026-09-26 19:12:26,20260926,15,10,1-5-2,104.3
2026-09-26 19:12:26,20260926,15,10,1-5-3,94.3
2026-09-26 19:12:26,20260926,15,10,1-5-4,146.4
2026-09-26 19:12:26,20260926,15,10,1-5-6,203.0
2026-09-26 19:12:26,20260926,15,10,1-6-2,79.0
2026-09-26 19:12:26,20260926,15,10,1-6-3,77.3
2026-09-26 19:12:26,20260926,15,10,1-6-4,109.0
2026-09-26 19:12:26,20260926,15,10,1-6-5,258.8
2026-09-26 19:12:26,20260926,15,10,2-1-3,35.8
2026-09-26 19:12:26,20260926,15,10,2-1-4,53.3
2026-09-26 19:12:26,20260926,15,10,2-1-5,116.8
2026-09-26 19:12:26,20260926,15,10,2-1-6,80.7
2026-09-26 19:12:26,20260926,15,10,2-3-1,56.3
2026-09-26 19:12:26,20260926,15,10,2-3-4,92.6
2026-09-26 19:12:26,20260926,15,10,2-3-5,208.0
2026-09-26 19:12:26,20260926,15,10,2-3-6,153.0
2026-09-26 19:12:26,20260926,15,10,2-4-1,133.7
2026-09-26 19:12:26,20260926,15,10,2-4-3,170.3
2026-09-26 19:12:26,20260926,15,10,2-4-5,433.9
2026-09-26 19:12:26,20260926,15,10,2-4-6,223.4
2026-09-26 19:12:26,20260926,15,10,2-5-1,396.8
2026-09-26 19:12:26,20260926,15,10,2-5-3,342.7
2026-09-26 19:12:26,20260926,15,10,2-5-4,511.1
2026-09-26 19:12:26,20260926,15,10,2-5-6,591.3
2026-09-26 19:12:26,20260926,15,10,2-6-1,285.8
2026-09-26 19:12:26,20260926,15,10,2-6-3,367.8
2026-09-26 19:12:26,20260926,15,10,2-6-4,416.0
2026-09-26 19:12:26,20260926,15,10,2-6-5,804.2
2026-09-26 19:12:26,20260926,15,10,3-1-2,16.0
2026-09-26 19:12:26,20260926,15,10,3-1-4,18.3
2026-09-26 19:12:26,20260926,15,10,3-1-5,42.3
2026-09-26 19:12:26,20260926,15,10,3-1-6,30.1
2026-09-26 19:12:26,20260926,15,10,3-2-1,50.2
2026-09-26 19:12:26,20260926,15,10,3-2-4,57.0
2026-09-26 19:12:26,20260926,15,10,3-2-5,106.0
2026-09-26 19:12:26,20260926,15,10,3-2-6,98.5
2026-09-26 19:12:26,20260926,15,10,3-4-1,45.2
2026-09-26 19:12:26,20260926,15,10,3-4-2,64.7
2026-09-26 19:12:26,20260926,15,10,3-4-5,101.5
2026-09-26 19:12:26,20260926,15,10,3-4-6,81.1
2026-09-26 19:12:26,20260926,15,10,3-5-1,178.4
2026-09-26 19:12:26,20260926,15,10,3-5-2,154.6
2026-09-26 19:12:26,20260926,15,10,3-5-4,241.2
2026-09-26 19:12:26,20260926,15,10,3-5-6,338.8
2026-09-26 19:12:26,20260926,15,10,3-6-1,111.9
2026-09-26 19:12:26,20260926,15,10,3-6-2,216.2
2026-09-26 19:12:26,20260926,15,10,3-6-4,168.9
2026-09-26 19:12:26,20260926,15,10,3-6-5,386.6
2026-09-26 19:12:26,20260926,15,10,4-1-2,91.3
2026-09-26 19:12:26,20260926,15,10,4-1-3,70.0
2026-09-26 19:12:26,20260926,15,10,4-1-5,124.6
2026-09-26 19:12:26,20260926,15,10,4-1-6,126.1
2026-09-26 19:12:26,20260926,15,10,4-2-1,140.9
2026-09-26 19:12:26,20260926,15,10,4-2-3,193.3
2026-09-26 19:12:26,20260926,15,10,4-2-5,340.7
2026-09-26 19:12:26,20260926,15,10,4-2-6,194.5
2026-09-26 19:12:26,20260926,15,10,4-3-1,79.3
2026-09-26 19:12:26,20260926,15,10,4-3-2,185.6
2026-09-26 19:12:26,20260926,15,10,4-3-5,285.8
2026-09-26 19:12:26,20260926,15,10,4-3-6,190.2
2026-09-26 19:12:26,20260926,15,10,4-5-1,213.9
2026-09-26 19:12:26,20260926,15,10,4-5-2,340.7
2026-09-26 19:12:26,20260926,15,10,4-5-3,335.1
2026-09-26 19:12:26,20260926,15,10,4-5-6,333.2
2026-09-26 19:12:26,20260926,15,10,4-6-1,235.6
2026-09-26 19:12:26,20260926,15,10,4-6-2,280.5
2026-09-26 19:12:26,20260926,15,10,4-6-3,322.5
2026-09-26 19:12:26,20260926,15,10,4-6-5,437.1
2026-09-26 19:12:26,20260926,15,10,5-1-2,314.1
2026-09-26 19:12:26,20260926,15,10,5-1-3,260.0
2026-09-26 19:12:26,20260926,15,10,5-1-4,329.6
2026-09-26 19:12:26,20260926,15,10,5-1-6,363.3
2026-09-26 19:12:26,20260926,15,10,5-2-1,621.8
2026-09-26 19:12:26,20260926,15,10,5-2-3,456.9
2026-09-26 19:12:26,20260926,15,10,5-2-4,615.5
2026-09-26 19:12:26,20260926,15,10,5-2-6,621.8
2026-09-26 19:12:26,20260926,15,10,5-3-1,377.0
2026-09-26 19:12:26,20260926,15,10,5-3-2,482.5
2026-09-26 19:12:26,20260926,15,10,5-3-4,443.5
2026-09-26 19:12:26,20260926,15,10,5-3-6,726.7
2026-09-26 19:12:26,20260926,15,10,5-4-1,533.8
2026-09-26 19:12:26,20260926,15,10,5-4-2,641.7
2026-09-26 19:12:26,20260926,15,10,5-4-3,621.8
2026-09-26 19:12:26,20260926,15,10,5-4-6,543.4
2026-09-26 19:12:26,20260926,15,10,5-6-1,543.4
2026-09-26 19:12:26,20260926,15,10,5-6-2,874.2
2026-09-26 19:12:26,20260926,15,10,5-6-3,849.5
2026-09-26 19:12:26,20260926,15,10,5-6-4,815.1
2026-09-26 19:12:26,20260926,15,10,6-1-2,307.7
2026-09-26 19:12:26,20260926,15,10,6-1-3,250.2
2026-09-26 19:12:26,20260926,15,10,6-1-4,502.6
2026-09-26 19:12:26,20260926,15,10,6-1-5,677.7
2026-09-26 19:12:26,20260926,15,10,6-2-1,416.0
2026-09-26 19:12:26,20260926,15,10,6-2-3,443.5
2026-09-26 19:12:26,20260926,15,10,6-2-4,815.1
2026-09-26 19:12:26,20260926,15,10,6-2-5,763.5
2026-09-26 19:12:26,20260926,15,10,6-3-1,246.2
2026-09-26 19:12:26,20260926,15,10,6-3-2,563.7
2026-09-26 19:12:26,20260926,15,10,6-3-4,421.8
2026-09-26 19:12:26,20260926,15,10,6-3-5,861.7
2026-09-26 19:12:26,20260926,15,10,6-4-1,591.3
2026-09-26 19:12:26,20260926,15,10,6-4-2,655.6
2026-09-26 19:12:26,20260926,15,10,6-4-3,563.7
2026-09-26 19:12:26,20260926,15,10,6-4-5,913.9
2026-09-26 19:12:26,20260926,15,10,6-5-1,709.6
2026-09-26 19:12:26,20260926,15,10,6-5-2,861.7
2026-09-26 19:12:26,20260926,15,10,6-5-3,744.6
2026-09-26 19:12:26,20260926,15,10,6-5-4,861.7
2026-09-26 19:20:56,20260926,20,10,1-2-3,10.1
2026-09-26 19:20:56,20260926,20,10,1-2-4,11.7
2026-09-26 19:20:56,20260926,20,10,1-2-5,30.6
2026-09-26 19:20:56,20260926,20,10,1-2-6,34.2
2026-09-26 19:20:56,20260926,20,10,1-3-2,9.1
2026-09-26 19:20:56,20260926,20,10,1-3-4,12.3
2026-09-26 19:20:56,20260926,20,10,1-3-5,26.4
2026-09-26 19:20:56,20260926,20,10,1-3-6,33.0
2026-09-26 19:20:56,20260926,20,10,1-4-2,17.1
2026-09-26 19:20:56,20260926,20,10,1-4-3,21.8
2026-09-26 19:20:56,20260926,20,10,1-4-5,40.7
2026-09-26 19:20:56,20260926,20,10,1-4-6,39.7
2026-09-26 19:20:56,20260926,20,10,1-5-2,59.4
2026-09-26 19:20:56,20260926,20,10,1-5-3,62.5
2026-09-26 19:20:56,20260926,20,10,1-5-4,79.9
2026-09-26 19:20:56,20260926,20,10,1-5-6,90.9
2026-09-26 19:20:56,20260926,20,10,1-6-2,96.5
2026-09-26 19:20:56,20260926,20,10,1-6-3,102.5
2026-09-26 19:20:56,20260926,20,10,1-6-4,103.6
2026-09-26 19:20:56,20260926,20,10,1-6-5,137.5
2026-09-26 19:20:56,20260926,20,10,2-1-3,21.1
2026-09-26 19:20:56,20260926,20,10,2-1-4,21.9
2026-09-26 19:20:56,20260926,20,10,2-1-5,46.6
2026-09-26 19:20:56,20260926,20,10,2-1-6,63.8
2026-09-26 19:20:56,20260926,20,10,2-3-1,48.8
2026-09-26 19:20:56,20260926,20,10,2-3-4,72.3
2026-09-26 19:20:56,20260926,20,10,2-3-5,135.6
2026-09-26 19:20:56,20260926,20,10,2-3-6,189.4
2026-09-26 19:20:56,20260926,20,10,2-4-1,60.3
2026-09-26 19:20:56,20260926,20,10,2-4-3,95.6
2026-09-26 19:20:56,20260926,20,10,2-4-5,162.4
2026-09-26 19:20:56,20260926,20,10,2-4-6,170.6
2026-09-26 19:20:56,20260926,20,10,2-5-1,186.3
2026-09-26 19:20:56,20260926,20,10,2-5-3,229.4
2026-09-26 19:20:56,20260926,20,10,2-5-4,287.3
2026-09-26 19:20:56,20260926,20,10,2-5-6,388.9
2026-09-26 19:20:56,20260926,20,10,2-6-1,308.2
2026-09-26 19:20:56,20260926,20,10,2-6-3,430.5
2026-09-26 19:20:56,20260926,20,10,2-6-4,396.3
2026-09-26 19:20:56,20260926,20,10,2-6-5,554.4
2026-09-26 19:20:56,20260926,20,10,3-1-2,37.8
2026-09-26 19:20:56,20260926,20,10,3-1-4,37.7
2026-09-26 19:20:56,20260926,20,10,3-1-5,69.8
2026-09-26 19:20:56,20260926,20,10,3-1-6,94.7
2026-09-26 19:20:56,20260926,20,10,3-2-1,75.7
2026-09-26 19:20:56,20260926,20,10,3-2-4,102.7
2026-09-26 19:20:56,20260926,20,10,3-2-5,182.8
2026-09-26 19:20:56,20260926,20,10,3-2-6,208.6
2026-09-26 19:20:56,20260926,20,10,3-4-1,85.9
2026-09-26 19:20:56,20260926,20,10,3-4-2,110.2
2026-09-26 19:20:56,20260926,20,10,3-4-5,189.4
2026-09-26 19:20:56,20260926,20,10,3-4-6,173.3
2026-09-26 19:20:56,20260926,20,10,3-5-1,214.4
2026-09-26 19:20:56,20260926,20,10,3-5-2,241.5
2026-09-26 19:20:56,20260926,20,10,3-5-4,312.5
2026-09-26 19:20:56,20260926,20,10,3-5-6,351.4
2026-09-26 19:20:56,20260926,20,10,3-6-1,375.1
2026-09-26 19:20:56,20260926,20,10,3-6-2,419.4
2026-09-26 19:20:56,20260926,20,10,3-6-4,410.5
2026-09-26 19:20:56,20260926,20,10,3-6-5,548.2
2026-09-26 19:20:56,20260926,20,10,4-1-2,66.4
2026-09-26 19:20:56,20260926,20,10,4-1-3,88.9
2026-09-26 19:20:56,20260926,20,10,4-1-5,117.1
2026-09-26 19:20:56,20260926,20,10,4-1-6,130.3
2026-09-26 19:20:56,20260926,20,10,4-2-1,107.9
2026-09-26 19:20:56,20260926,20,10,4-2-3,164.8
2026-09-26 19:20:56,20260926,20,10,4-2-5,230.6
2026-09-26 19:20:56,20260926,20,10,4-2-6,218.3
2026-09-26 19:20:56,20260926,20,10,4-3-1,159.3
2026-09-26 19:20:56,20260926,20,10,4-3-2,195.4
2026-09-26 19:20:56,20260926,20,10,4-3-5,322.0
2026-09-26 19:20:56,20260926,20,10,4-3-6,294.9
2026-09-26 19:20:56,20260926,20,10,4-5-1,172.8
2026-09-26 19:20:56,20260926,20,10,4-5-2,230.3
2026-09-26 19:20:56,20260926,20,10,4-5-3,358.6
2026-09-26 19:20:56,20260926,20,10,4-5-6,253.4
2026-09-26 19:20:56,20260926,20,10,4-6-1,278.0
2026-09-26 19:20:56,20260926,20,10,4-6-2,307.5
2026-09-26 19:20:56,20260926,20,10,4-6-3,400.1
2026-09-26 19:20:56,20260926,20,10,4-6-5,365.9
2026-09-26 19:20:56,20260926,20,10,5-1-2,257.2
2026-09-26 19:20:56,20260926,20,10,5-1-3,301.8
2026-09-26 19:20:56,20260926,20,10,5-1-4,293.4
2026-09-26 19:20:56,20260926,20,10,5-1-6,404.3
2026-09-26 19:20:56,20260926,20,10,5-2-1,464.2
2026-09-26 19:20:56,20260926,20,10,5-2-3,487.3
2026-09-26 19:20:56,20260926,20,10,5-2-4,674.3
2026-09-26 19:20:56,20260926,20,10,5-2-6,677.6
2026-09-26 19:20:56,20260926,20,10,5-3-1,465.0
2026-09-26 19:20:56,20260926,20,10,5-3-2,527.8
2026-09-26 19:20:56,20260926,20,10,5-3-4,742.0
2026-09-26 19:20:56,20260926,20,10,5-3-6,896.0
2026-09-26 19:20:56,20260926,20,10,5-4-1,480.3
2026-09-26 19:20:56,20260926,20,10,5-4-2,706.0
2026-09-26 19:20:56,20260926,20,10,5-4-3,786.3
2026-09-26 19:20:56,20260926,20,10,5-4-6,671.7
2026-09-26 19:20:56,20260926,20,10,5-6-1,987.9
2026-09-26 19:20:56,20260926,20,10,5-6-2,1027.0
2026-09-26 19:20:56,20260926,20,10,5-6-3,1155.0
2026-09-26 19:20:56,20260926,20,10,5-6-4,1096.0
2026-09-26 19:20:56,20260926,20,10,6-1-2,452.9
2026-09-26 19:20:56,20260926,20,10,6-1-3,605.4
2026-09-26 19:20:56,20260926,20,10,6-1-4,556.1
2026-09-26 19:20:56,20260926,20,10,6-1-5,831.1
2026-09-26 19:20:56,20260926,20,10,6-2-1,689.8
2026-09-26 19:20:56,20260926,20,10,6-2-3,842.8
2026-09-26 19:20:56,20260926,20,10,6-2-4,778.4
2026-09-26 19:20:56,20260926,20,10,6-2-5,1152.0
2026-09-26 19:20:56,20260926,20,10,6-3-1,840.2
2026-09-26 19:20:56,20260926,20,10,6-3-2,894.6
2026-09-26 19:20:56,20260926,20,10,6-3-4,930.0
2026-09-26 19:20:56,20260926,20,10,6-3-5,1182.0
2026-09-26 19:20:56,20260926,20,10,6-4-1,784.0
2026-09-26 19:20:56,20260926,20,10,6-4-2,824.8
2026-09-26 19:20:56,20260926,20,10,6-4-3,1081.0
2026-09-26 19:20:56,20260926,20,10,6-4-5,1242.0
2026-09-26 19:20:56,20260926,20,10,6-5-1,1152.0
2026-09-26 19:20:56,20260926,20,10,6-5-2,1290.0
2026-09-26 19:20:56,20260926,20,10,6-5-3,1335.0
2026-09-26 19:20:56,20260926,20,10,6-5-4,1269.0
2026-09-26 19:29:24,20260926,19,10,1-2-3,8.7
2026-09-26 19:29:24,20260926,19,10,1-2-4,9.7
2026-09-26 19:29:24,20260926,19,10,1-2-5,24.5
2026-09-26 19:29:24,20260926,19,10,1-2-6,27.5
2026-09-26 19:29:24,20260926,19,10,1-3-2,9.7
2026-09-26 19:29:24,20260926,19,10,1-3-4,15.0
2026-09-26 19:29:24,20260926,19,10,1-3-5,20.6
2026-09-26 19:29:24,20260926,19,10,1-3-6,34.0
2026-09-26 19:29:24,20260926,19,10,1-4-2,12.7
2026-09-26 19:29:24,20260926,19,10,1-4-3,25.5
2026-09-26 19:29:24,20260926,19,10,1-4-5,42.8
2026-09-26 19:29:24,20260926,19,10,1-4-6,41.3
2026-09-26 19:29:24,20260926,19,10,1-5-2,32.5
2026-09-26 19:29:24,20260926,19,10,1-5-3,48.6
2026-09-26 19:29:24,20260926,19,10,1-5-4,67.2
2026-09-26 19:29:24,20260926,19,10,1-5-6,123.4
2026-09-26 19:29:24,20260926,19,10,1-6-2,52.7
2026-09-26 19:29:24,20260926,19,10,1-6-3,83.2
2026-09-26 19:29:24,20260926,19,10,1-6-4,90.9
2026-09-26 19:29:24,20260926,19,10,1-6-5,188.5
2026-09-26 19:29:24,20260926,19,10,2-1-3,27.7
2026-09-26 19:29:24,20260926,19,10,2-1-4,24.9
2026-09-26 19:29:24,20260926,19,10,2-1-5,61.4
2026-09-26 19:29:24,20260926,19,10,2-1-6,53.6
2026-09-26 19:29:24,20260926,19,10,2-3-1,70.8
2026-09-26 19:29:24,20260926,19,10,2-3-4,126.5
2026-09-26 19:29:24,20260926,19,10,2-3-5,205.2
2026-09-26 19:29:24,20260926,19,10,2-3-6,268.5
2026-09-26 19:29:24,20260926,19,10,2-4-1,62.4
2026-09-26 19:29:24,20260926,19,10,2-4-3,131.5
2026-09-26 19:29:24,20260926,19,10,2-4-5,278.2
2026-09-26 19:29:24,20260926,19,10,2-4-6,167.3
2026-09-26 19:29:24,20260926,19,10,2-5-1,158.7
2026-09-26 19:29:24,20260926,19,10,2-5-3,294.1
2026-09-26 19:29:24,20260926,19,10,2-5-4,466.5
2026-09-26 19:29:24,20260926,19,10,2-5-6,394.7
2026-09-26 19:29:24,20260926,19,10,2-6-1,140.8
2026-09-26 19:29:24,20260926,19,10,2-6-3,381.6
2026-09-26 19:29:24,20260926,19,10,2-6-4,270.0
2026-09-26 19:29:24,20260926,19,10,2-6-5,556.4
2026-09-26 19:29:24,20260926,19,10,3-1-2,49.2
2026-09-26 19:29:24,20260926,19,10,3-1-4,69.9
2026-09-26 19:29:24,20260926,19,10,3-1-5,54.3
2026-09-26 19:29:24,20260926,19,10,3-1-6,118.4
2026-09-26 19:29:24,20260926,19,10,3-2-1,127.2
2026-09-26 19:29:24,20260926,19,10,3-2-4,136.2
2026-09-26 19:29:24,20260926,19,10,3-2-5,192.4
2026-09-26 19:29:24,20260926,19,10,3-2-6,285.0
2026-09-26 19:29:24,20260926,19,10,3-4-1,184.7
2026-09-26 19:29:24,20260926,19,10,3-4-2,236.8
2026-09-26 19:29:24,20260926,19,10,3-4-5,339.5
2026-09-26 19:29:24,20260926,19,10,3-4-6,316.3
2026-09-26 19:29:24,20260926,19,10,3-5-1,137.4
2026-09-26 19:29:24,20260926,19,10,3-5-2,220.9
2026-09-26 19:29:24,20260926,19,10,3-5-4,476.1
2026-09-26 19:29:24,20260926,19,10,3-5-6,427.6
2026-09-26 19:29:24,20260926,19,10,3-6-1,265.4
2026-09-26 19:29:24,20260926,19,10,3-6-2,486.1
2026-09-26 19:29:24,20260926,19,10,3-6-4,466.5
2026-09-26 19:29:24,20260926,19,10,3-6-5,733.0
2026-09-26 19:29:24,20260926,19,10,4-1-2,81.7
2026-09-26 19:29:24,20260926,19,10,4-1-3,142.1
2026-09-26 19:29:24,20260926,19,10,4-1-5,121.8
2026-09-26 19:29:24,20260926,19,10,4-1-6,127.5
2026-09-26 19:29:24,20260926,19,10,4-2-1,88.6
2026-09-26 19:29:24,20260926,19,10,4-2-3,271.6
2026-09-26 19:29:24,20260926,19,10,4-2-5,327.5
2026-09-26 19:29:24,20260926,19,10,4-2-6,223.1
2026-09-26 19:29:24,20260926,19,10,4-3-1,219.9
2026-09-26 19:29:24,20260926,19,10,4-3-2,366.5
2026-09-26 19:29:24,20260926,19,10,4-3-5,486.1
2026-09-26 19:29:24,20260926,19,10,4-3-6,518.9
2026-09-26 19:29:24,20260926,19,10,4-5-1,166.1
2026-09-26 19:29:24,20260926,19,10,4-5-2,398.1
2026-09-26 19:29:24,20260926,19,10,4-5-3,423.7
2026-09-26 19:29:24,20260926,19,10,4-5-6,427.6
2026-09-26 19:29:24,20260926,19,10,4-6-1,248.3
2026-09-26 19:29:24,20260926,19,10,4-6-2,316.3
2026-09-26 19:29:24,20260926,19,10,4-6-3,537.0
2026-09-26 19:29:24,20260926,19,10,4-6-5,641.4
2026-09-26 19:29:24,20260926,19,10,5-1-2,179.0
2026-09-26 19:29:24,20260926,19,10,5-1-3,171.6
2026-09-26 19:29:24,20260926,19,10,5-1-4,220.9
2026-09-26 19:29:24,20260926,19,10,5-1-6,258.0
2026-09-26 19:29:24,20260926,19,10,5-2-1,332.2
2026-09-26 19:29:24,20260926,19,10,5-2-3,394.7
2026-09-26 19:29:24,20260926,19,10,5-2-4,444.0
2026-09-26 19:29:24,20260926,19,10,5-2-6,435.7
2026-09-26 19:29:24,20260926,19,10,5-3-1,332.2
2026-09-26 19:29:24,20260926,19,10,5-3-2,466.5
2026-09-26 19:29:24,20260926,19,10,5-3-4,607.6
2026-09-26 19:29:24,20260926,19,10,5-3-6,769.7
2026-09-26 19:29:24,20260926,19,10,5-4-1,388.1
2026-09-26 19:29:24,20260926,19,10,5-4-2,543.3
2026-09-26 19:29:24,20260926,19,10,5-4-3,679.1
2026-09-26 19:29:24,20260926,19,10,5-4-6,570.1
2026-09-26 19:29:24,20260926,19,10,5-6-1,570.1
2026-09-26 19:29:24,20260926,19,10,5-6-2,733.0
2026-09-26 19:29:24,20260926,19,10,5-6-3,699.7
2026-09-26 19:29:24,20260926,19,10,5-6-4,659.7
2026-09-26 19:29:24,20260926,19,10,6-1-2,210.8
2026-09-26 19:29:24,20260926,19,10,6-1-3,416.0
2026-09-26 19:29:24,20260926,19,10,6-1-4,563.2
2026-09-26 19:29:24,20260926,19,10,6-1-5,556.4
2026-09-26 19:29:24,20260926,19,10,6-2-1,312.0
2026-09-26 19:29:24,20260926,19,10,6-2-3,650.4
2026-09-26 19:29:24,20260926,19,10,6-2-4,615.8
2026-09-26 19:29:24,20260926,19,10,6-2-5,1184.0
2026-09-26 19:29:24,20260926,19,10,6-3-1,632.6
2026-09-26 19:29:24,20260926,19,10,6-3-2,871.4
2026-09-26 19:29:24,20260926,19,10,6-3-4,982.6
2026-09-26 19:29:24,20260926,19,10,6-3-5,1074.0
2026-09-26 19:29:24,20260926,19,10,6-4-1,757.1
2026-09-26 19:29:24,20260926,19,10,6-4-2,607.6
2026-09-26 19:29:24,20260926,19,10,6-4-3,1358.0
2026-09-26 19:29:24,20260926,19,10,6-4-5,1319.0
2026-09-26 19:29:24,20260926,19,10,6-5-1,839.7
2026-09-26 19:29:24,20260926,19,10,6-5-2,1154.0
2026-09-26 19:29:24,20260926,19,10,6-5-3,1319.0
2026-09-26 19:29:24,20260926,19,10,6-5-4,1184.0
2026-09-26 19:42:43,20260926,15,11,1-2-3,5.6
2026-09-26 19:42:43,20260926,15,11,1-2-4,8.9
2026-09-26 19:42:43,20260926,15,11,1-2-5,17.2
2026-09-26 19:42:43,20260926,15,11,1-2-6,27.2
2026-09-26 19:42:43,20260926,15,11,1-3-2,9.3
2026-09-26 19:42:43,20260926,15,11,1-3-4,11.7
2026-09-26 19:42:43,20260926,15,11,1-3-5,17.8
2026-09-26 19:42:43,20260926,15,11,1-3-6,28.4
2026-09-26 19:42:43,20260926,15,11,1-4-2,16.1
2026-09-26 19:42:43,20260926,15,11,1-4-3,18.7
2026-09-26 19:42:43,20260926,15,11,1-4-5,25.2
2026-09-26 19:42:43,20260926,15,11,1-4-6,33.0
2026-09-26 19:42:43,20260926,15,11,1-5-2,27.8
2026-09-26 19:42:43,20260926,15,11,1-5-3,36.2
2026-09-26 19:42:43,20260926,15,11,1-5-4,43.9
2026-09-26 19:42:43,20260926,15,11,1-5-6,53.7
2026-09-26 19:42:43,20260926,15,11,1-6-2,64.9
2026-09-26 19:42:43,20260926,15,11,1-6-3,89.0
2026-09-26 19:42:43,20260926,15,11,1-6-4,88.5
2026-09-26 19:42:43,20260926,15,11,1-6-5,119.5
2026-09-26 19:42:43,20260926,15,11,2-1-3,54.8
2026-09-26 19:42:43,20260926,15,11,2-1-4,63.8
2026-09-26 19:42:43,20260926,15,11,2-1-5,123.0
2026-09-26 19:42:43,20260926,15,11,2-1-6,158.4
2026-09-26 19:42:43,20260926,15,11,2-3-1,146.6
2026-09-26 19:42:43,20260926,15,11,2-3-4,239.1
2026-09-26 19:42:43,20260926,15,11,2-3-5,330.6
2026-09-26 19:42:43,20260926,15,11,2-3-6,434.3
2026-09-26 19:42:43,20260926,15,11,2-4-1,213.1
2026-09-26 19:42:43,20260926,15,11,2-4-3,318.8
2026-09-26 19:42:43,20260926,15,11,2-4-5,472.6
2026-09-26 19:42:43,20260926,15,11,2-4-6,515.0
2026-09-26 19:42:43,20260926,15,11,2-5-1,390.0
2026-09-26 19:42:43,20260926,15,11,2-5-3,515.0
2026-09-26 19:42:43,20260926,15,11,2-5-4,627.7
2026-09-26 19:42:43,20260926,15,11,2-5-6,618.0
2026-09-26 19:42:43,20260926,15,11,2-6-1,439.0
2026-09-26 19:42:43,20260926,15,11,2-6-3,956.5
2026-09-26 19:42:43,20260926,15,11,2-6-4,854.7
2026-09-26 19:42:43,20260926,15,11,2-6-5,787.7
2026-09-26 19:42:43,20260926,15,11,3-1-2,63.4
2026-09-26 19:42:43,20260926,15,11,3-1-4,69.7
2026-09-26 19:42:43,20260926,15,11,3-1-5,91.0
2026-09-26 19:42:43,20260926,15,11,3-1-6,126.5
2026-09-26 19:42:43,20260926,15,11,3-2-1,156.6
2026-09-26 19:42:43,20260926,15,11,3-2-4,183.4
2026-09-26 19:42:43,20260926,15,11,3-2-5,254.2
2026-09-26 19:42:43,20260926,15,11,3-2-6,347.8
2026-09-26 19:42:43,20260926,15,11,3-4-1,191.3
2026-09-26 19:42:43,20260926,15,11,3-4-2,298.6
2026-09-26 19:42:43,20260926,15,11,3-4-5,291.1
2026-09-26 19:42:43,20260926,15,11,3-4-6,361.9
2026-09-26 19:42:43,20260926,15,11,3-5-1,274.2
2026-09-26 19:42:43,20260926,15,11,3-5-2,299.8
2026-09-26 19:42:43,20260926,15,11,3-5-4,515.0
2026-09-26 19:42:43,20260926,15,11,3-5-6,546.5
2026-09-26 19:42:43,20260926,15,11,3-6-1,451.3
2026-09-26 19:42:43,20260926,15,11,3-6-2,578.0
2026-09-26 19:42:43,20260926,15,11,3-6-4,819.8
2026-09-26 19:42:43,20260926,15,11,3-6-5,873.3
2026-09-26 19:42:43,20260926,15,11,4-1-2,120.8
2026-09-26 19:42:43,20260926,15,11,4-1-3,146.6
2026-09-26 19:42:43,20260926,15,11,4-1-5,136.1
2026-09-26 19:42:43,20260926,15,11,4-1-6,172.4
2026-09-26 19:42:43,20260926,15,11,4-2-1,232.2
2026-09-26 19:42:43,20260926,15,11,4-2-3,358.6
2026-09-26 19:42:43,20260926,15,11,4-2-5,546.5
2026-09-26 19:42:43,20260926,15,11,4-2-6,390.0
2026-09-26 19:42:43,20260926,15,11,4-3-1,212.5
2026-09-26 19:42:43,20260926,15,11,4-3-2,535.6
2026-09-26 19:42:43,20260926,15,11,4-3-5,502.1
2026-09-26 19:42:43,20260926,15,11,4-3-6,461.7
2026-09-26 19:42:43,20260926,15,11,4-5-1,232.8
2026-09-26 19:42:43,20260926,15,11,4-5-2,448.8
2026-09-26 19:42:43,20260926,15,11,4-5-3,422.8
2026-09-26 19:42:43,20260926,15,11,4-5-6,478.2
2026-09-26 19:42:43,20260926,15,11,4-6-1,349.3
2026-09-26 19:42:43,20260926,15,11,4-6-2,532.1
2026-09-26 19:42:43,20260926,15,11,4-6-3,723.8
2026-09-26 19:42:43,20260926,15,11,4-6-5,686.7
2026-09-26 19:42:43,20260926,15,11,5-1-2,149.6
2026-09-26 19:42:43,20260926,15,11,5-1-3,188.6
2026-09-26 19:42:43,20260926,15,11,5-1-4,198.8
2026-09-26 19:42:43,20260926,15,11,5-1-6,222.5
2026-09-26 19:42:43,20260926,15,11,5-2-1,390.0
2026-09-26 19:42:43,20260926,15,11,5-2-3,475.4
2026-09-26 19:42:43,20260926,15,11,5-2-4,642.7
2026-09-26 19:42:43,20260926,15,11,5-2-6,599.6
2026-09-26 19:42:43,20260926,15,11,5-3-1,409.9
2026-09-26 19:42:43,20260926,15,11,5-3-2,578.0
2026-09-26 19:42:43,20260926,15,11,5-3-4,528.6
2026-09-26 19:42:43,20260926,15,11,5-3-6,787.7
2026-09-26 19:42:43,20260926,15,11,5-4-1,370.2
2026-09-26 19:42:43,20260926,15,11,5-4-2,653.2
2026-09-26 19:42:43,20260926,15,11,5-4-3,765.2
2026-09-26 19:42:43,20260926,15,11,5-4-6,569.8
2026-09-26 19:42:43,20260926,15,11,5-6-1,525.1
2026-09-26 19:42:43,20260926,15,11,5-6-2,757.9
2026-09-26 19:42:43,20260926,15,11,5-6-3,1004.0
2026-09-26 19:42:43,20260926,15,11,5-6-4,892.7
2026-09-26 19:42:43,20260926,15,11,6-1-2,336.1
2026-09-26 19:42:43,20260926,15,11,6-1-3,431.9
2026-09-26 19:42:43,20260926,15,11,6-1-4,627.7
2026-09-26 19:42:43,20260926,15,11,6-1-5,698.6
2026-09-26 19:42:43,20260926,15,11,6-2-1,578.0
2026-09-26 19:42:43,20260926,15,11,6-2-3,1043.0
2026-09-26 19:42:43,20260926,15,11,6-2-4,1515.0
2026-09-26 19:42:43,20260926,15,11,6-2-5,1030.0
2026-09-26 19:42:43,20260926,15,11,6-3-1,692.6
2026-09-26 19:42:43,20260926,15,11,6-3-2,979.8
2026-09-26 19:42:43,20260926,15,11,6-3-4,1071.0
2026-09-26 19:42:43,20260926,15,11,6-3-5,1785.0
2026-09-26 19:42:43,20260926,15,11,6-4-1,854.7
2026-09-26 19:42:43,20260926,15,11,6-4-2,991.9
2026-09-26 19:42:43,20260926,15,11,6-4-3,1409.0
2026-09-26 19:42:43,20260926,15,11,6-4-5,1639.0
2026-09-26 19:42:43,20260926,15,11,6-5-1,698.6
2026-09-26 19:42:43,20260926,15,11,6-5-2,1004.0
2026-09-26 19:42:43,20260926,15,11,6-5-3,1385.0
2026-09-26 19:42:43,20260926,15,11,6-5-4,1385.0
2026-09-26 19:54:39,20260926,19,11,1-2-3,10.1
2026-09-26 19:54:39,20260926,19,11,1-2-4,10.8
2026-09-26 19:54:39,20260926,19,11,1-2-5,14.0
2026-09-26 19:54:39,20260926,19,11,1-2-6,54.3
2026-09-26 19:54:39,20260926,19,11,1-3-2,13.7
2026-09-26 19:54:39,20260926,19,11,1-3-4,10.5
2026-09-26 19:54:39,20260926,19,11,1-3-5,9.6
2026-09-26 19:54:39,20260926,19,11,1-3-6,45.8
2026-09-26 19:54:39,20260926,19,11,1-4-2,12.5
2026-09-26 19:54:39,20260926,19,11,1-4-3,13.2
2026-09-26 19:54:39,20260926,19,11,1-4-5,10.3
2026-09-26 19:54:39,20260926,19,11,1-4-6,35.0
2026-09-26 19:54:39,20260926,19,11,1-5-2,17.6
2026-09-26 19:54:39,20260926,19,11,1-5-3,15.4
2026-09-26 19:54:39,20260926,19,11,1-5-4,18.1
2026-09-26 19:54:39,20260926,19,11,1-5-6,55.5
2026-09-26 19:54:39,20260926,19,11,1-6-2,94.5
2026-09-26 19:54:39,20260926,19,11,1-6-3,123.0
2026-09-26 19:54:39,20260926,19,11,1-6-4,129.0
2026-09-26 19:54:39,20260926,19,11,1-6-5,143.6
2026-09-26 19:54:39,20260926,19,11,2-1-3,127.7
2026-09-26 19:54:39,20260926,19,11,2-1-4,154.0
2026-09-26 19:54:39,20260926,19,11,2-1-5,153.6
2026-09-26 19:54:39,20260926,19,11,2-1-6,302.5
2026-09-26 19:54:39,20260926,19,11,2-3-1,242.6
2026-09-26 19:54:39,20260926,19,11,2-3-4,365.6
2026-09-26 19:54:39,20260926,19,11,2-3-5,514.3
2026-09-26 19:54:39,20260926,19,11,2-3-6,1028.0
2026-09-26 19:54:39,20260926,19,11,2-4-1,278.5
2026-09-26 19:54:39,20260926,19,11,2-4-3,467.6
2026-09-26 19:54:39,20260926,19,11,2-4-5,571.5
2026-09-26 19:54:39,20260926,19,11,2-4-6,857.2
2026-09-26 19:54:39,20260926,19,11,2-5-1,306.1
2026-09-26 19:54:39,20260926,19,11,2-5-3,497.7
2026-09-26 19:54:39,20260926,19,11,2-5-4,598.1
2026-09-26 19:54:39,20260926,19,11,2-5-6,787.3
2026-09-26 19:54:39,20260926,19,11,2-6-1,598.1
2026-09-26 19:54:39,20260926,19,11,2-6-3,1285.0
2026-09-26 19:54:39,20260926,19,11,2-6-4,866.9
2026-09-26 19:54:39,20260926,19,11,2-6-5,1353.0
2026-09-26 19:54:39,20260926,19,11,3-1-2,161.0
2026-09-26 19:54:39,20260926,19,11,3-1-4,126.2
2026-09-26 19:54:39,20260926,19,11,3-1-5,91.8
2026-09-26 19:54:39,20260926,19,11,3-1-6,329.7
2026-09-26 19:54:39,20260926,19,11,3-2-1,287.8
2026-09-26 19:54:39,20260926,19,11,3-2-4,301.3
2026-09-26 19:54:39,20260926,19,11,3-2-5,313.6
2026-09-26 19:54:39,20260926,19,11,3-2-6,532.1
2026-09-26 19:54:39,20260926,19,11,3-4-1,261.5
2026-09-26 19:54:39,20260926,19,11,3-4-2,470.4
2026-09-26 19:54:39,20260926,19,11,3-4-5,297.9
2026-09-26 19:54:39,20260926,19,11,3-4-6,588.9
2026-09-26 19:54:39,20260926,19,11,3-5-1,182.4
2026-09-26 19:54:39,20260926,19,11,3-5-2,324.1
2026-09-26 19:54:39,20260926,19,11,3-5-4,401.8
2026-09-26 19:54:39,20260926,19,11,3-5-6,682.7
2026-09-26 19:54:39,20260926,19,11,3-6-1,838.6
2026-09-26 19:54:39,20260926,19,11,3-6-2,1264.0
2026-09-26 19:54:39,20260926,19,11,3-6-4,1042.0
2026-09-26 19:54:39,20260926,19,11,3-6-5,1307.0
2026-09-26 19:54:39,20260926,19,11,4-1-2,165.9
2026-09-26 19:54:39,20260926,19,11,4-1-3,189.1
2026-09-26 19:54:39,20260926,19,11,4-1-5,114.1
2026-09-26 19:54:39,20260926,19,11,4-1-6,318.8
2026-09-26 19:54:39,20260926,19,11,4-2-1,317.5
2026-09-26 19:54:39,20260926,19,11,4-2-3,514.3
2026-09-26 19:54:39,20260926,19,11,4-2-5,521.3
2026-09-26 19:54:39,20260926,19,11,4-2-6,665.1
2026-09-26 19:54:39,20260926,19,11,4-3-1,332.5
2026-09-26 19:54:39,20260926,19,11,4-3-2,665.1
2026-09-26 19:54:39,20260926,19,11,4-3-5,470.4
2026-09-26 19:54:39,20260926,19,11,4-3-6,721.0
2026-09-26 19:54:39,20260926,19,11,4-5-1,175.7
2026-09-26 19:54:39,20260926,19,11,4-5-2,467.6
2026-09-26 19:54:39,20260926,19,11,4-5-3,464.7
2026-09-26 19:54:39,20260926,19,11,4-5-6,532.1
2026-09-26 19:54:39,20260926,19,11,4-6-1,795.4
2026-09-26 19:54:39,20260926,19,11,4-6-2,857.2
2026-09-26 19:54:39,20260926,19,11,4-6-3,1169.0
2026-09-26 19:54:39,20260926,19,11,4-6-5,907.7
2026-09-26 19:54:39,20260926,19,11,5-1-2,156.5
2026-09-26 19:54:39,20260926,19,11,5-1-3,113.9
2026-09-26 19:54:39,20260926,19,11,5-1-4,129.0
2026-09-26 19:54:39,20260926,19,11,5-1-6,237.4
2026-09-26 19:54:39,20260926,19,11,5-2-1,324.1
2026-09-26 19:54:39,20260926,19,11,5-2-3,504.2
2026-09-26 19:54:39,20260926,19,11,5-2-4,501.0
2026-09-26 19:54:39,20260926,19,11,5-2-6,682.7
2026-09-26 19:54:39,20260926,19,11,5-3-1,232.3
2026-09-26 19:54:39,20260926,19,11,5-3-2,607.5
2026-09-26 19:54:39,20260926,19,11,5-3-4,602.7
2026-09-26 19:54:39,20260926,19,11,5-3-6,1042.0
2026-09-26 19:54:39,20260926,19,11,5-4-1,248.8
2026-09-26 19:54:39,20260926,19,11,5-4-2,584.5
2026-09-26 19:54:39,20260926,19,11,5-4-3,535.8
2026-09-26 19:54:39,20260926,19,11,5-4-6,665.1
2026-09-26 19:54:39,20260926,19,11,5-6-1,555.0
2026-09-26 19:54:39,20260926,19,11,5-6-2,1353.0
2026-09-26 19:54:39,20260926,19,11,5-6-3,1102.0
2026-09-26 19:54:39,20260926,19,11,5-6-4,886.8
2026-09-26 19:54:39,20260926,19,11,6-1-2,701.4
2026-09-26 19:54:39,20260926,19,11,6-1-3,779.3
2026-09-26 19:54:39,20260926,19,11,6-1-4,989.1
2026-09-26 19:54:39,20260926,19,11,6-1-5,701.4
2026-09-26 19:54:39,20260926,19,11,6-2-1,976.6
2026-09-26 19:54:39,20260926,19,11,6-2-3,1402.0
2026-09-26 19:54:39,20260926,19,11,6-2-4,1714.0
2026-09-26 19:54:39,20260926,19,11,6-2-5,1837.0
2026-09-26 19:54:39,20260926,19,11,6-3-1,1377.0
2026-09-26 19:54:39,20260926,19,11,6-3-2,1794.0
2026-09-26 19:54:39,20260926,19,11,6-3-4,1353.0
2026-09-26 19:54:39,20260926,19,11,6-3-5,1753.0
2026-09-26 19:54:39,20260926,19,11,6-4-1,1483.0
2026-09-26 19:54:39,20260926,19,11,6-4-2,1169.0
2026-09-26 19:54:39,20260926,19,11,6-4-3,1928.0
2026-09-26 19:54:39,20260926,19,11,6-4-5,1512.0
2026-09-26 19:54:39,20260926,19,11,6-5-1,1071.0
2026-09-26 19:54:39,20260926,19,11,6-5-2,1483.0
2026-09-26 19:54:39,20260926,19,11,6-5-3,1794.0
2026-09-26 19:54:39,20260926,19,11,6-5-4,1483.0
2026-09-26 19:57:16,20260926,20,11,1-2-3,9.9
2026-09-26 19:57:16,20260926,20,11,1-2-4,16.6
2026-09-26 19:57:16,20260926,20,11,1-2-5,26.2
2026-09-26 19:57:16,20260926,20,11,1-2-6,37.5
2026-09-26 19:57:16,20260926,20,11,1-3-2,8.2
2026-09-26 19:57:16,20260926,20,11,1-3-4,8.8
2026-09-26 19:57:16,20260926,20,11,1-3-5,14.9
2026-09-26 19:57:16,20260926,20,11,1-3-6,23.4
2026-09-26 19:57:16,20260926,20,11,1-4-2,27.8
2026-09-26 19:57:16,20260926,20,11,1-4-3,22.8
2026-09-26 19:57:16,20260926,20,11,1-4-5,43.6
2026-09-26 19:57:16,20260926,20,11,1-4-6,49.8
2026-09-26 19:57:16,20260926,20,11,1-5-2,41.7
2026-09-26 19:57:16,20260926,20,11,1-5-3,32.3
2026-09-26 19:57:16,20260926,20,11,1-5-4,62.7
2026-09-26 19:57:16,20260926,20,11,1-5-6,73.5
2026-09-26 19:57:16,20260926,20,11,1-6-2,72.2
2026-09-26 19:57:16,20260926,20,11,1-6-3,64.1
2026-09-26 19:57:16,20260926,20,11,1-6-4,91.1
2026-09-26 19:57:16,20260926,20,11,1-6-5,105.7
2026-09-26 19:57:16,20260926,20,11,2-1-3,49.1
2026-09-26 19:57:16,20260926,20,11,2-1-4,80.9
2026-09-26 19:57:16,20260926,20,11,2-1-5,96.3
2026-09-26 19:57:16,20260926,20,11,2-1-6,145.6
2026-09-26 19:57:16,20260926,20,11,2-3-1,93.3
2026-09-26 19:57:16,20260926,20,11,2-3-4,174.5
2026-09-26 19:57:16,20260926,20,11,2-3-5,210.5
2026-09-26 19:57:16,20260926,20,11,2-3-6,371.7
2026-09-26 19:57:16,20260926,20,11,2-4-1,254.5
2026-09-26 19:57:16,20260926,20,11,2-4-3,310.7
2026-09-26 19:57:16,20260926,20,11,2-4-5,476.0
2026-09-26 19:57:16,20260926,20,11,2-4-6,559.8
2026-09-26 19:57:16,20260926,20,11,2-5-1,261.4
2026-09-26 19:57:16,20260926,20,11,2-5-3,286.4
2026-09-26 19:57:16,20260926,20,11,2-5-4,519.3
2026-09-26 19:57:16,20260926,20,11,2-5-6,553.6
2026-09-26 19:57:16,20260926,20,11,2-6-1,488.1
2026-09-26 19:57:16,20260926,20,11,2-6-3,669.2
2026-09-26 19:57:16,20260926,20,11,2-6-4,742.8
2026-09-26 19:57:16,20260926,20,11,2-6-5,792.5
2026-09-26 19:57:16,20260926,20,11,3-1-2,31.8
2026-09-26 19:57:16,20260926,20,11,3-1-4,28.0
2026-09-26 19:57:16,20260926,20,11,3-1-5,37.8
2026-09-26 19:57:16,20260926,20,11,3-1-6,63.7
2026-09-26 19:57:16,20260926,20,11,3-2-1,81.6
2026-09-26 19:57:16,20260926,20,11,3-2-4,148.2
2026-09-26 19:57:16,20260926,20,11,3-2-5,164.2
2026-09-26 19:57:16,20260926,20,11,3-2-6,284.1
2026-09-26 19:57:16,20260926,20,11,3-4-1,74.2
2026-09-26 19:57:16,20260926,20,11,3-4-2,139.6
2026-09-26 19:57:16,20260926,20,11,3-4-5,135.7
2026-09-26 19:57:16,20260926,20,11,3-4-6,165.3
2026-09-26 19:57:16,20260926,20,11,3-5-1,98.0
2026-09-26 19:57:16,20260926,20,11,3-5-2,163.9
2026-09-26 19:57:16,20260926,20,11,3-5-4,188.3
2026-09-26 19:57:16,20260926,20,11,3-5-6,248.9
2026-09-26 19:57:16,20260926,20,11,3-6-1,225.9
2026-09-26 19:57:16,20260926,20,11,3-6-2,398.4
2026-09-26 19:57:16,20260926,20,11,3-6-4,338.8
2026-09-26 19:57:16,20260926,20,11,3-6-5,381.0
2026-09-26 19:57:16,20260926,20,11,4-1-2,136.1
2026-09-26 19:57:16,20260926,20,11,4-1-3,113.4
2026-09-26 19:57:16,20260926,20,11,4-1-5,158.1
2026-09-26 19:57:16,20260926,20,11,4-1-6,201.9
2026-09-26 19:57:16,20260926,20,11,4-2-1,314.7
2026-09-26 19:57:16,20260926,20,11,4-2-3,342.0
2026-09-26 19:57:16,20260926,20,11,4-2-5,539.9
2026-09-26 19:57:16,20260926,20,11,4-2-6,535.9
2026-09-26 19:57:16,20260926,20,11,4-3-1,180.6
2026-09-26 19:57:16,20260926,20,11,4-3-2,323.7
2026-09-26 19:57:16,20260926,20,11,4-3-5,323.0
2026-09-26 19:57:16,20260926,20,11,4-3-6,389.0
2026-09-26 19:57:16,20260926,20,11,4-5-1,262.1
2026-09-26 19:57:16,20260926,20,11,4-5-2,378.7
2026-09-26 19:57:16,20260926,20,11,4-5-3,334.7
2026-09-26 19:57:16,20260926,20,11,4-5-6,381.2
2026-09-26 19:57:16,20260926,20,11,4-6-1,457.5
2026-09-26 19:57:16,20260926,20,11,4-6-2,583.3
2026-09-26 19:57:16,20260926,20,11,4-6-3,591.9
2026-09-26 19:57:16,20260926,20,11,4-6-5,633.9
2026-09-26 19:57:16,20260926,20,11,5-1-2,130.1
2026-09-26 19:57:16,20260926,20,11,5-1-3,98.0
2026-09-26 19:57:16,20260926,20,11,5-1-4,191.3
2026-09-26 19:57:16,20260926,20,11,5-1-6,202.9
2026-09-26 19:57:16,20260926,20,11,5-2-1,257.4
2026-09-26 19:57:16,20260926,20,11,5-2-3,255.7
2026-09-26 19:57:16,20260926,20,11,5-2-4,485.4
2026-09-26 19:57:16,20260926,20,11,5-2-6,484.9
2026-09-26 19:57:16,20260926,20,11,5-3-1,156.9
2026-09-26 19:57:16,20260926,20,11,5-3-2,237.5
2026-09-26 19:57:16,20260926,20,11,5-3-4,356.7
2026-09-26 19:57:16,20260926,20,11,5-3-6,432.2
2026-09-26 19:57:16,20260926,20,11,5-4-1,376.0
2026-09-26 19:57:16,20260926,20,11,5-4-2,521.6
2026-09-26 19:57:16,20260926,20,11,5-4-3,423.3
2026-09-26 19:57:16,20260926,20,11,5-4-6,532.3
2026-09-26 19:57:16,20260926,20,11,5-6-1,443.2
2026-09-26 19:57:16,20260926,20,11,5-6-2,583.7
2026-09-26 19:57:16,20260926,20,11,5-6-3,529.9
2026-09-26 19:57:16,20260926,20,11,5-6-4,602.5
2026-09-26 19:57:16,20260926,20,11,6-1-2,176.4
2026-09-26 19:57:16,20260926,20,11,6-1-3,168.5
2026-09-26 19:57:16,20260926,20,11,6-1-4,259.6
2026-09-26 19:57:16,20260926,20,11,6-1-5,280.6
2026-09-26 19:57:16,20260926,20,11,6-2-1,295.7
2026-09-26 19:57:16,20260926,20,11,6-2-3,375.5
2026-09-26 19:57:16,20260926,20,11,6-2-4,500.9
2026-09-26 19:57:16,20260926,20,11,6-2-5,585.0
2026-09-26 19:57:16,20260926,20,11,6-3-1,263.4
2026-09-26 19:57:16,20260926,20,11,6-3-2,391.4
2026-09-26 19:57:16,20260926,20,11,6-3-4,447.4
2026-09-26 19:57:16,20260926,20,11,6-3-5,521.0
2026-09-26 19:57:16,20260926,20,11,6-4-1,496.8
2026-09-26 19:57:16,20260926,20,11,6-4-2,665.3
2026-09-26 19:57:16,20260926,20,11,6-4-3,599.4
2026-09-26 19:57:16,20260926,20,11,6-4-5,728.0
2026-09-26 19:57:16,20260926,20,11,6-5-1,508.8
2026-09-26 19:57:16,20260926,20,11,6-5-2,653.4
2026-09-26 19:57:16,20260926,20,11,6-5-3,620.7
2026-09-26 19:57:16,20260926,20,11,6-5-4,678.2
2026-09-26 20:18:29,20260926,15,12,1-2-3,7.3
2026-09-26 20:18:29,20260926,15,12,1-2-4,11.4
2026-09-26 20:18:29,20260926,15,12,1-2-5,13.9
2026-09-26 20:18:29,20260926,15,12,1-2-6,22.6
2026-09-26 20:18:29,20260926,15,12,1-3-2,14.5
2026-09-26 20:18:29,20260926,15,12,1-3-4,23.2
2026-09-26 20:18:29,20260926,15,12,1-3-5,22.8
2026-09-26 20:18:29,20260926,15,12,1-3-6,36.5
2026-09-26 20:18:29,20260926,15,12,1-4-2,31.3
2026-09-26 20:18:29,20260926,15,12,1-4-3,47.6
2026-09-26 20:18:29,20260926,15,12,1-4-5,47.3
2026-09-26 20:18:29,20260926,15,12,1-4-6,60.1
2026-09-26 20:18:29,20260926,15,12,1-5-2,26.6
2026-09-26 20:18:29,20260926,15,12,1-5-3,37.3
2026-09-26 20:18:29,20260926,15,12,1-5-4,63.2
2026-09-26 20:18:29,20260926,15,12,1-5-6,49.0
2026-09-26 20:18:29,20260926,15,12,1-6-2,61.1
2026-09-26 20:18:29,20260926,15,12,1-6-3,91.1
2026-09-26 20:18:29,20260926,15,12,1-6-4,111.3
2026-09-26 20:18:29,20260926,15,12,1-6-5,97.3
2026-09-26 20:18:29,20260926,15,12,2-1-3,24.1
2026-09-26 20:18:29,20260926,15,12,2-1-4,28.7
2026-09-26 20:18:29,20260926,15,12,2-1-5,30.5
2026-09-26 20:18:29,20260926,15,12,2-1-6,41.4
2026-09-26 20:18:29,20260926,15,12,2-3-1,69.9
2026-09-26 20:18:29,20260926,15,12,2-3-4,134.8
2026-09-26 20:18:29,20260926,15,12,2-3-5,146.7
2026-09-26 20:18:29,20260926,15,12,2-3-6,187.2
2026-09-26 20:18:29,20260926,15,12,2-4-1,80.3
2026-09-26 20:18:29,20260926,15,12,2-4-3,159.6
2026-09-26 20:18:29,20260926,15,12,2-4-5,181.7
2026-09-26 20:18:29,20260926,15,12,2-4-6,154.2
2026-09-26 20:18:29,20260926,15,12,2-5-1,88.3
2026-09-26 20:18:29,20260926,15,12,2-5-3,181.4
2026-09-26 20:18:29,20260926,15,12,2-5-4,227.4
2026-09-26 20:18:29,20260926,15,12,2-5-6,167.3
2026-09-26 20:18:29,20260926,15,12,2-6-1,144.2
2026-09-26 20:18:29,20260926,15,12,2-6-3,326.4
2026-09-26 20:18:29,20260926,15,12,2-6-4,263.7
2026-09-26 20:18:29,20260926,15,12,2-6-5,270.8
2026-09-26 20:18:29,20260926,15,12,3-1-2,53.6
2026-09-26 20:18:29,20260926,15,12,3-1-4,74.8
2026-09-26 20:18:29,20260926,15,12,3-1-5,65.4
2026-09-26 20:18:29,20260926,15,12,3-1-6,95.5
2026-09-26 20:18:29,20260926,15,12,3-2-1,119.4
2026-09-26 20:18:29,20260926,15,12,3-2-4,206.5
2026-09-26 20:18:29,20260926,15,12,3-2-5,200.3
2026-09-26 20:18:29,20260926,15,12,3-2-6,271.5
2026-09-26 20:18:29,20260926,15,12,3-4-1,192.5
2026-09-26 20:18:29,20260926,15,12,3-4-2,247.5
2026-09-26 20:18:29,20260926,15,12,3-4-5,275.0
2026-09-26 20:18:29,20260926,15,12,3-4-6,244.3
2026-09-26 20:18:29,20260926,15,12,3-5-1,162.6
2026-09-26 20:18:29,20260926,15,12,3-5-2,208.4
2026-09-26 20:18:29,20260926,15,12,3-5-4,350.0
2026-09-26 20:18:29,20260926,15,12,3-5-6,269.2
2026-09-26 20:18:29,20260926,15,12,3-6-1,318.7
2026-09-26 20:18:29,20260926,15,12,3-6-2,432.7
2026-09-26 20:18:29,20260926,15,12,3-6-4,384.7
2026-09-26 20:18:29,20260926,15,12,3-6-5,451.2
2026-09-26 20:18:29,20260926,15,12,4-1-2,137.3
2026-09-26 20:18:29,20260926,15,12,4-1-3,203.5
2026-09-26 20:18:29,20260926,15,12,4-1-5,153.6
2026-09-26 20:18:29,20260926,15,12,4-1-6,217.2
2026-09-26 20:18:29,20260926,15,12,4-2-1,204.7
2026-09-26 20:18:29,20260926,15,12,4-2-3,323.2
2026-09-26 20:18:29,20260926,15,12,4-2-5,391.2
2026-09-26 20:18:29,20260926,15,12,4-2-6,329.1
2026-09-26 20:18:29,20260926,15,12,4-3-1,344.3
2026-09-26 20:18:29,20260926,15,12,4-3-2,412.7
2026-09-26 20:18:29,20260926,15,12,4-3-5,553.3
2026-09-26 20:18:29,20260926,15,12,4-3-6,477.2
2026-09-26 20:18:29,20260926,15,12,4-5-1,211.0
2026-09-26 20:18:29,20260926,15,12,4-5-2,345.3
2026-09-26 20:18:29,20260926,15,12,4-5-3,529.3
2026-09-26 20:18:29,20260926,15,12,4-5-6,294.9
2026-09-26 20:18:29,20260926,15,12,4-6-1,452.1
2026-09-26 20:18:29,20260926,15,12,4-6-2,489.2
2026-09-26 20:18:29,20260926,15,12,4-6-3,600.5
2026-09-26 20:18:29,20260926,15,12,4-6-5,481.1
2026-09-26 20:18:29,20260926,15,12,5-1-2,69.1
2026-09-26 20:18:29,20260926,15,12,5-1-3,97.1
2026-09-26 20:18:29,20260926,15,12,5-1-4,138.7
2026-09-26 20:18:29,20260926,15,12,5-1-6,86.2
2026-09-26 20:18:29,20260926,15,12,5-2-1,129.6
2026-09-26 20:18:29,20260926,15,12,5-2-3,226.7
2026-09-26 20:18:29,20260926,15,12,5-2-4,316.1
2026-09-26 20:18:29,20260926,15,12,5-2-6,176.8
2026-09-26 20:18:29,20260926,15,12,5-3-1,229.1
2026-09-26 20:18:29,20260926,15,12,5-3-2,325.4
2026-09-26 20:18:29,20260926,15,12,5-3-4,471.4
2026-09-26 20:18:29,20260926,15,12,5-3-6,348.9
2026-09-26 20:18:29,20260926,15,12,5-4-1,268.3
2026-09-26 20:18:29,20260926,15,12,5-4-2,429.5
2026-09-26 20:18:29,20260926,15,12,5-4-3,549.4
2026-09-26 20:18:29,20260926,15,12,5-4-6,356.9
2026-09-26 20:18:29,20260926,15,12,5-6-1,169.1
2026-09-26 20:18:29,20260926,15,12,5-6-2,202.2
2026-09-26 20:18:29,20260926,15,12,5-6-3,310.2
2026-09-26 20:18:29,20260926,15,12,5-6-4,363.7
2026-09-26 20:18:29,20260926,15,12,6-1-2,247.5
2026-09-26 20:18:29,20260926,15,12,6-1-3,390.5
2026-09-26 20:18:29,20260926,15,12,6-1-4,565.4
2026-09-26 20:18:29,20260926,15,12,6-1-5,433.5
2026-09-26 20:18:29,20260926,15,12,6-2-1,332.0
2026-09-26 20:18:29,20260926,15,12,6-2-3,614.8
2026-09-26 20:18:29,20260926,15,12,6-2-4,640.2
2026-09-26 20:18:29,20260926,15,12,6-2-5,552.0
2026-09-26 20:18:29,20260926,15,12,6-3-1,544.2
2026-09-26 20:18:29,20260926,15,12,6-3-2,798.6
2026-09-26 20:18:29,20260926,15,12,6-3-4,782.5
2026-09-26 20:18:29,20260926,15,12,6-3-5,952.4
2026-09-26 20:18:29,20260926,15,12,6-4-1,798.6
2026-09-26 20:18:29,20260926,15,12,6-4-2,740.1
2026-09-26 20:18:29,20260926,15,12,6-4-3,907.8
2026-09-26 20:18:29,20260926,15,12,6-4-5,948.5
2026-09-26 20:18:29,20260926,15,12,6-5-1,456.5
2026-09-26 20:18:29,20260926,15,12,6-5-2,498.7
2026-09-26 20:18:29,20260926,15,12,6-5-3,735.4
2026-09-26 20:18:29,20260926,15,12,6-5-4,761.9
2026-09-26 20:22:54,20260926,19,12,1-2-3,4.5
2026-09-26 20:22:54,20260926,19,12,1-2-4,8.7
2026-09-26 20:22:54,20260926,19,12,1-2-5,14.2
2026-09-26 20:22:54,20260926,19,12,1-2-6,20.5
2026-09-26 20:22:54,20260926,19,12,1-3-2,10.7
2026-09-26 20:22:54,20260926,19,12,1-3-4,13.2
2026-09-26 20:22:54,20260926,19,12,1-3-5,17.2
2026-09-26 20:22:54,20260926,19,12,1-3-6,26.6
2026-09-26 20:22:54,20260926,19,12,1-4-2,18.9
2026-09-26 20:22:54,20260926,19,12,1-4-3,23.1
2026-09-26 20:22:54,20260926,19,12,1-4-5,25.1
2026-09-26 20:22:54,20260926,19,12,1-4-6,34.6
2026-09-26 20:22:54,20260926,19,12,1-5-2,31.1
2026-09-26 20:22:54,20260926,19,12,1-5-3,29.4
2026-09-26 20:22:54,20260926,19,12,1-5-4,40.9
2026-09-26 20:22:54,20260926,19,12,1-5-6,59.6
2026-09-26 20:22:54,20260926,19,12,1-6-2,53.5
2026-09-26 20:22:54,20260926,19,12,1-6-3,73.2
2026-09-26 20:22:54,20260926,19,12,1-6-4,78.9
2026-09-26 20:22:54,20260926,19,12,1-6-5,98.8
2026-09-26 20:22:54,20260926,19,12,2-1-3,51.1
2026-09-26 20:22:54,20260926,19,12,2-1-4,71.0
2026-09-26 20:22:54,20260926,19,12,2-1-5,85.9
2026-09-26 20:22:54,20260926,19,12,2-1-6,94.3
2026-09-26 20:22:54,20260926,19,12,2-3-1,122.1
2026-09-26 20:22:54,20260926,19,12,2-3-4,240.3
2026-09-26 20:22:54,20260926,19,12,2-3-5,316.8
2026-09-26 20:22:54,20260926,19,12,2-3-6,414.5
2026-09-26 20:22:54,20260926,19,12,2-4-1,218.7
2026-09-26 20:22:54,20260926,19,12,2-4-3,362.4
2026-09-26 20:22:54,20260926,19,12,2-4-5,428.6
2026-09-26 20:22:54,20260926,19,12,2-4-6,489.1
2026-09-26 20:22:54,20260926,19,12,2-5-1,241.6
2026-09-26 20:22:54,20260926,19,12,2-5-3,520.4
2026-09-26 20:22:54,20260926,19,12,2-5-4,579.2
2026-09-26 20:22:54,20260926,19,12,2-5-6,649.9
2026-09-26 20:22:54,20260926,19,12,2-6-1,289.6
2026-09-26 20:22:54,20260926,19,12,2-6-3,569.7
2026-09-26 20:22:54,20260926,19,12,2-6-4,709.9
2026-09-26 20:22:54,20260926,19,12,2-6-5,809.6
2026-09-26 20:22:54,20260926,19,12,3-1-2,87.9
2026-09-26 20:22:54,20260926,19,12,3-1-4,124.1
2026-09-26 20:22:54,20260926,19,12,3-1-5,112.5
2026-09-26 20:22:54,20260926,19,12,3-1-6,170.4
2026-09-26 20:22:54,20260926,19,12,3-2-1,154.5
2026-09-26 20:22:54,20260926,19,12,3-2-4,263.2
2026-09-26 20:22:54,20260926,19,12,3-2-5,309.0
2026-09-26 20:22:54,20260926,19,12,3-2-6,416.9
2026-09-26 20:22:54,20260926,19,12,3-4-1,281.3
2026-09-26 20:22:54,20260926,19,12,3-4-2,446.5
2026-09-26 20:22:54,20260926,19,12,3-4-5,432.6
2026-09-26 20:22:54,20260926,19,12,3-4-6,463.0
2026-09-26 20:22:54,20260926,19,12,3-5-1,303.6
2026-09-26 20:22:54,20260926,19,12,3-5-2,427.2
2026-09-26 20:22:54,20260926,19,12,3-5-4,466.1
2026-09-26 20:22:54,20260926,19,12,3-5-6,643.9
2026-09-26 20:22:54,20260926,19,12,3-6-1,545.0
2026-09-26 20:22:54,20260926,19,12,3-6-2,981.8
2026-09-26 20:22:54,20260926,19,12,3-6-4,898.9
2026-09-26 20:22:54,20260926,19,12,3-6-5,1236.0
2026-09-26 20:22:54,20260926,19,12,4-1-2,169.0
2026-09-26 20:22:54,20260926,19,12,4-1-3,237.8
2026-09-26 20:22:54,20260926,19,12,4-1-5,170.4
2026-09-26 20:22:54,20260926,19,12,4-1-6,199.7
2026-09-26 20:22:54,20260926,19,12,4-2-1,278.5
2026-09-26 20:22:54,20260926,19,12,4-2-3,492.6
2026-09-26 20:22:54,20260926,19,12,4-2-5,512.7
2026-09-26 20:22:54,20260926,19,12,4-2-6,581.6
2026-09-26 20:22:54,20260926,19,12,4-3-1,402.4
2026-09-26 20:22:54,20260926,19,12,4-3-2,736.4
2026-09-26 20:22:54,20260926,19,12,4-3-5,576.8
2026-09-26 20:22:54,20260926,19,12,4-3-6,643.9
2026-09-26 20:22:54,20260926,19,12,4-5-1,236.2
2026-09-26 20:22:54,20260926,19,12,4-5-2,467.7
2026-09-26 20:22:54,20260926,19,12,4-5-3,579.2
2026-09-26 20:22:54,20260926,19,12,4-5-6,398.9
2026-09-26 20:22:54,20260926,19,12,4-6-1,439.5
2026-09-26 20:22:54,20260926,19,12,4-6-2,819.1
2026-09-26 20:22:54,20260926,19,12,4-6-3,1098.0
2026-09-26 20:22:54,20260926,19,12,4-6-5,659.2
2026-09-26 20:22:54,20260926,19,12,5-1-2,197.7
2026-09-26 20:22:54,20260926,19,12,5-1-3,286.0
2026-09-26 20:22:54,20260926,19,12,5-1-4,256.8
2026-09-26 20:22:54,20260926,19,12,5-1-6,380.3
2026-09-26 20:22:54,20260926,19,12,5-2-1,302.9
2026-09-26 20:22:54,20260926,19,12,5-2-3,692.2
2026-09-26 20:22:54,20260926,19,12,5-2-4,795.6
2026-09-26 20:22:54,20260926,19,12,5-2-6,688.7
2026-09-26 20:22:54,20260926,19,12,5-3-1,424.6
2026-09-26 20:22:54,20260926,19,12,5-3-2,601.9
2026-09-26 20:22:54,20260926,19,12,5-3-4,782.1
2026-09-26 20:22:54,20260926,19,12,5-3-6,1144.0
2026-09-26 20:22:54,20260926,19,12,5-4-1,492.6
2026-09-26 20:22:54,20260926,19,12,5-4-2,887.4
2026-09-26 20:22:54,20260926,19,12,5-4-3,922.9
2026-09-26 20:22:54,20260926,19,12,5-4-6,713.6
2026-09-26 20:22:54,20260926,19,12,5-6-1,814.3
2026-09-26 20:22:54,20260926,19,12,5-6-2,1107.0
2026-09-26 20:22:54,20260926,19,12,5-6-3,1538.0
2026-09-26 20:22:54,20260926,19,12,5-6-4,1056.0
2026-09-26 20:22:54,20260926,19,12,6-1-2,366.2
2026-09-26 20:22:54,20260926,19,12,6-1-3,482.3
2026-09-26 20:22:54,20260926,19,12,6-1-4,665.5
2026-09-26 20:22:54,20260926,19,12,6-1-5,839.0
2026-09-26 20:22:54,20260926,19,12,6-2-1,524.4
2026-09-26 20:22:54,20260926,19,12,6-2-3,1040.0
2026-09-26 20:22:54,20260926,19,12,6-2-4,1398.0
2026-09-26 20:22:54,20260926,19,12,6-2-5,1628.0
2026-09-26 20:22:54,20260926,19,12,6-3-1,898.9
2026-09-26 20:22:54,20260926,19,12,6-3-2,1203.0
2026-09-26 20:22:54,20260926,19,12,6-3-4,1427.0
2026-09-26 20:22:54,20260926,19,12,6-3-5,1845.0
2026-09-26 20:22:54,20260926,19,12,6-4-1,961.4
2026-09-26 20:22:54,20260926,19,12,6-4-2,1457.0
2026-09-26 20:22:54,20260926,19,12,6-4-3,1922.0
2026-09-26 20:22:54,20260926,19,12,6-4-5,1457.0
2026-09-26 20:22:54,20260926,19,12,6-5-1,1116.0
2026-09-26 20:22:54,20260926,19,12,6-5-2,1774.0
2026-09-26 20:22:54,20260926,19,12,6-5-3,2197.0
2026-09-26 20:22:54,20260926,19,12,6-5-4,1521.0
2026-09-26 20:27:24,20260926,20,12,1-2-3,18.9
2026-09-26 20:27:24,20260926,20,12,1-2-4,22.2
2026-09-26 20:27:24,20260926,20,12,1-2-5,29.1
2026-09-26 20:27:24,20260926,20,12,1-2-6,47.5
2026-09-26 20:27:24,20260926,20,12,1-3-2,16.7
2026-09-26 20:27:24,20260926,20,12,1-3-4,9.3
2026-09-26 20:27:24,20260926,20,12,1-3-5,12.8
2026-09-26 20:27:24,20260926,20,12,1-3-6,27.0
2026-09-26 20:27:24,20260926,20,12,1-4-2,23.2
2026-09-26 20:27:24,20260926,20,12,1-4-3,12.6
2026-09-26 20:27:24,20260926,20,12,1-4-5,16.7
2026-09-26 20:27:24,20260926,20,12,1-4-6,27.6
2026-09-26 20:27:24,20260926,20,12,1-5-2,36.0
2026-09-26 20:27:24,20260926,20,12,1-5-3,26.1
2026-09-26 20:27:24,20260926,20,12,1-5-4,28.7
2026-09-26 20:27:24,20260926,20,12,1-5-6,43.2
2026-09-26 20:27:24,20260926,20,12,1-6-2,110.2
2026-09-26 20:27:24,20260926,20,12,1-6-3,98.5
2026-09-26 20:27:24,20260926,20,12,1-6-4,85.8
2026-09-26 20:27:24,20260926,20,12,1-6-5,102.4
2026-09-26 20:27:24,20260926,20,12,2-1-3,99.6
2026-09-26 20:27:24,20260926,20,12,2-1-4,122.8
2026-09-26 20:27:24,20260926,20,12,2-1-5,144.3
2026-09-26 20:27:24,20260926,20,12,2-1-6,209.3
2026-09-26 20:27:24,20260926,20,12,2-3-1,170.7
2026-09-26 20:27:24,20260926,20,12,2-3-4,306.6
2026-09-26 20:27:24,20260926,20,12,2-3-5,352.6
2026-09-26 20:27:24,20260926,20,12,2-3-6,574.8
2026-09-26 20:27:24,20260926,20,12,2-4-1,247.3
2026-09-26 20:27:24,20260926,20,12,2-4-3,420.6
2026-09-26 20:27:24,20260926,20,12,2-4-5,472.4
2026-09-26 20:27:24,20260926,20,12,2-4-6,558.7
2026-09-26 20:27:24,20260926,20,12,2-5-1,315.8
2026-09-26 20:27:24,20260926,20,12,2-5-3,402.9
2026-09-26 20:27:24,20260926,20,12,2-5-4,530.6
2026-09-26 20:27:24,20260926,20,12,2-5-6,597.4
2026-09-26 20:27:24,20260926,20,12,2-6-1,580.0
2026-09-26 20:27:24,20260926,20,12,2-6-3,817.3
2026-09-26 20:27:24,20260926,20,12,2-6-4,805.8
2026-09-26 20:27:24,20260926,20,12,2-6-5,848.1
2026-09-26 20:27:24,20260926,20,12,3-1-2,57.9
2026-09-26 20:27:24,20260926,20,12,3-1-4,27.6
2026-09-26 20:27:24,20260926,20,12,3-1-5,34.8
2026-09-26 20:27:24,20260926,20,12,3-1-6,71.1
2026-09-26 20:27:24,20260926,20,12,3-2-1,131.5
2026-09-26 20:27:24,20260926,20,12,3-2-4,192.0
2026-09-26 20:27:24,20260926,20,12,3-2-5,222.6
2026-09-26 20:27:24,20260926,20,12,3-2-6,319.7
2026-09-26 20:27:24,20260926,20,12,3-4-1,52.7
2026-09-26 20:27:24,20260926,20,12,3-4-2,145.0
2026-09-26 20:27:24,20260926,20,12,3-4-5,79.1
2026-09-26 20:27:24,20260926,20,12,3-4-6,114.9
2026-09-26 20:27:24,20260926,20,12,3-5-1,83.5
2026-09-26 20:27:24,20260926,20,12,3-5-2,189.9
2026-09-26 20:27:24,20260926,20,12,3-5-4,124.6
2026-09-26 20:27:24,20260926,20,12,3-5-6,183.5
2026-09-26 20:27:24,20260926,20,12,3-6-1,269.1
2026-09-26 20:27:24,20260926,20,12,3-6-2,494.1
2026-09-26 20:27:24,20260926,20,12,3-6-4,300.4
2026-09-26 20:27:24,20260926,20,12,3-6-5,345.8
2026-09-26 20:27:24,20260926,20,12,4-1-2,91.1
2026-09-26 20:27:24,20260926,20,12,4-1-3,56.2
2026-09-26 20:27:24,20260926,20,12,4-1-5,56.8
2026-09-26 20:27:24,20260926,20,12,4-1-6,88.0
2026-09-26 20:27:24,20260926,20,12,4-2-1,217.1
2026-09-26 20:27:24,20260926,20,12,4-2-3,348.6
2026-09-26 20:27:24,20260926,20,12,4-2-5,342.1
2026-09-26 20:27:24,20260926,20,12,4-2-6,418.9
2026-09-26 20:27:24,20260926,20,12,4-3-1,88.2
2026-09-26 20:27:24,20260926,20,12,4-3-2,283.1
2026-09-26 20:27:24,20260926,20,12,4-3-5,159.0
2026-09-26 20:27:24,20260926,20,12,4-3-6,226.8
2026-09-26 20:27:24,20260926,20,12,4-5-1,80.5
2026-09-26 20:27:24,20260926,20,12,4-5-2,198.6
2026-09-26 20:27:24,20260926,20,12,4-5-3,151.8
2026-09-26 20:27:24,20260926,20,12,4-5-6,129.1
2026-09-26 20:27:24,20260926,20,12,4-6-1,214.4
2026-09-26 20:27:24,20260926,20,12,4-6-2,432.9
2026-09-26 20:27:24,20260926,20,12,4-6-3,367.7
2026-09-26 20:27:24,20260926,20,12,4-6-5,261.9
2026-09-26 20:27:24,20260926,20,12,5-1-2,164.3
2026-09-26 20:27:24,20260926,20,12,5-1-3,104.4
2026-09-26 20:27:24,20260926,20,12,5-1-4,117.9
2026-09-26 20:27:24,20260926,20,12,5-1-6,176.3
2026-09-26 20:27:24,20260926,20,12,5-2-1,320.5
2026-09-26 20:27:24,20260926,20,12,5-2-3,428.6
2026-09-26 20:27:24,20260926,20,12,5-2-4,512.2
2026-09-26 20:27:24,20260926,20,12,5-2-6,541.1
2026-09-26 20:27:24,20260926,20,12,5-3-1,165.9
2026-09-26 20:27:24,20260926,20,12,5-3-2,378.1
2026-09-26 20:27:24,20260926,20,12,5-3-4,297.5
2026-09-26 20:27:24,20260926,20,12,5-3-6,420.6
2026-09-26 20:27:24,20260926,20,12,5-4-1,158.1
2026-09-26 20:27:24,20260926,20,12,5-4-2,408.9
2026-09-26 20:27:24,20260926,20,12,5-4-3,274.0
2026-09-26 20:27:24,20260926,20,12,5-4-6,276.2
2026-09-26 20:27:24,20260926,20,12,5-6-1,428.2
2026-09-26 20:27:24,20260926,20,12,5-6-2,704.8
2026-09-26 20:27:24,20260926,20,12,5-6-3,609.3
2026-09-26 20:27:24,20260926,20,12,5-6-4,506.7
2026-09-26 20:27:24,20260926,20,12,6-1-2,622.5
2026-09-26 20:27:24,20260926,20,12,6-1-3,556.3
2026-09-26 20:27:24,20260926,20,12,6-1-4,560.5
2026-09-26 20:27:24,20260926,20,12,6-1-5,685.2
2026-09-26 20:27:24,20260926,20,12,6-2-1,910.8
2026-09-26 20:27:24,20260926,20,12,6-2-3,1208.0
2026-09-26 20:27:24,20260926,20,12,6-2-4,1246.0
2026-09-26 20:27:24,20260926,20,12,6-2-5,1303.0
2026-09-26 20:27:24,20260926,20,12,6-3-1,808.3
2026-09-26 20:27:24,20260926,20,12,6-3-2,1192.0
2026-09-26 20:27:24,20260926,20,12,6-3-4,860.8
2026-09-26 20:27:24,20260926,20,12,6-3-5,1149.0
2026-09-26 20:27:24,20260926,20,12,6-4-1,727.6
2026-09-26 20:27:24,20260926,20,12,6-4-2,1220.0
2026-09-26 20:27:24,20260926,20,12,6-4-3,882.8
2026-09-26 20:27:24,20260926,20,12,6-4-5,1014.0
2026-09-26 20:27:24,20260926,20,12,6-5-1,829.1
2026-09-26 20:27:24,20260926,20,12,6-5-2,1014.0
2026-09-26 20:27:24,20260926,20,12,6-5-3,1134.0
2026-09-26 20:27:24,20260926,20,12,6-5-4,882.8
