ts,date,jcd,rno,combo,odds
2026-10-02 08:22:46,20261002,14,1,1-2-3,5.0
2026-10-02 08:22:46,20261002,14,1,1-2-4,8.4
2026-10-02 08:22:46,20261002,14,1,1-2-5,18.6
2026-10-02 08:22:46,20261002,14,1,1-2-6,132.4
2026-10-02 08:22:46,20261002,14,1,1-3-2,7.3
2026-10-02 08:22:46,20261002,14,1,1-3-4,8.2
2026-10-02 08:22:46,20261002,14,1,1-3-5,14.9
2026-10-02 08:22:46,20261002,14,1,1-3-6,198.6
2026-10-02 08:22:46,20261002,14,1,1-4-2,19.7
2026-10-02 08:22:46,20261002,14,1,1-4-3,20.9
2026-10-02 08:22:46,20261002,14,1,1-4-5,33.4
2026-10-02 08:22:46,20261002,14,1,1-4-6,194.4
2026-10-02 08:22:46,20261002,14,1,1-5-2,47.5
2026-10-02 08:22:46,20261002,14,1,1-5-3,42.1
2026-10-02 08:22:46,20261002,14,1,1-5-4,61.1
2026-10-02 08:22:46,20261002,14,1,1-5-6,304.6
2026-10-02 08:22:46,20261002,14,1,1-6-2,442.1
2026-10-02 08:22:46,20261002,14,1,1-6-3,583.3
2026-10-02 08:22:46,20261002,14,1,1-6-4,637.5
2026-10-02 08:22:46,20261002,14,1,1-6-5,884.3
2026-10-02 08:22:46,20261002,14,1,2-1-3,26.0
2026-10-02 08:22:46,20261002,14,1,2-1-4,37.0
2026-10-02 08:22:46,20261002,14,1,2-1-5,63.0
2026-10-02 08:22:46,20261002,14,1,2-1-6,330.3
2026-10-02 08:22:46,20261002,14,1,2-3-1,65.4
2026-10-02 08:22:46,20261002,14,1,2-3-4,139.1
2026-10-02 08:22:46,20261002,14,1,2-3-5,190.3
2026-10-02 08:22:46,20261002,14,1,2-3-6,761.5
2026-10-02 08:22:46,20261002,14,1,2-4-1,130.5
2026-10-02 08:22:46,20261002,14,1,2-4-3,178.0
2026-10-02 08:22:46,20261002,14,1,2-4-5,274.1
2026-10-02 08:22:46,20261002,14,1,2-4-6,702.9
2026-10-02 08:22:46,20261002,14,1,2-5-1,182.7
2026-10-02 08:22:46,20261002,14,1,2-5-3,274.1
2026-10-02 08:22:46,20261002,14,1,2-5-4,537.5
2026-10-02 08:22:46,20261002,14,1,2-5-6,1054.0
2026-10-02 08:22:46,20261002,14,1,2-6-1,979.1
2026-10-02 08:22:46,20261002,14,1,2-6-3,1827.0
2026-10-02 08:22:46,20261002,14,1,2-6-4,1246.0
2026-10-02 08:22:46,20261002,14,1,2-6-5,1713.0
2026-10-02 08:22:46,20261002,14,1,3-1-2,46.7
2026-10-02 08:22:46,20261002,14,1,3-1-4,43.2
2026-10-02 08:22:46,20261002,14,1,3-1-5,62.1
2026-10-02 08:22:46,20261002,14,1,3-1-6,428.3
2026-10-02 08:22:46,20261002,14,1,3-2-1,91.3
2026-10-02 08:22:46,20261002,14,1,3-2-4,173.5
2026-10-02 08:22:46,20261002,14,1,3-2-5,170.2
2026-10-02 08:22:46,20261002,14,1,3-2-6,583.3
2026-10-02 08:22:46,20261002,14,1,3-4-1,92.9
2026-10-02 08:22:46,20261002,14,1,3-4-2,150.6
2026-10-02 08:22:46,20261002,14,1,3-4-5,159.3
2026-10-02 08:22:46,20261002,14,1,3-4-6,548.3
2026-10-02 08:22:46,20261002,14,1,3-5-1,146.6
2026-10-02 08:22:46,20261002,14,1,3-5-2,230.3
2026-10-02 08:22:46,20261002,14,1,3-5-4,238.4
2026-10-02 08:22:46,20261002,14,1,3-5-6,783.3
2026-10-02 08:22:46,20261002,14,1,3-6-1,740.9
2026-10-02 08:22:46,20261002,14,1,3-6-2,1713.0
2026-10-02 08:22:46,20261002,14,1,3-6-4,884.3
2026-10-02 08:22:46,20261002,14,1,3-6-5,2741.0
2026-10-02 08:22:46,20261002,14,1,4-1-2,95.8
2026-10-02 08:22:46,20261002,14,1,4-1-3,86.2
2026-10-02 08:22:46,20261002,14,1,4-1-5,115.6
2026-10-02 08:22:46,20261002,14,1,4-1-6,464.6
2026-10-02 08:22:46,20261002,14,1,4-2-1,148.1
2026-10-02 08:22:46,20261002,14,1,4-2-3,238.4
2026-10-02 08:22:46,20261002,14,1,4-2-5,311.5
2026-10-02 08:22:46,20261002,14,1,4-2-6,830.7
2026-10-02 08:22:46,20261002,14,1,4-3-1,131.8
2026-10-02 08:22:46,20261002,14,1,4-3-2,240.4
2026-10-02 08:22:46,20261002,14,1,4-3-5,236.3
2026-10-02 08:22:46,20261002,14,1,4-3-6,623.0
2026-10-02 08:22:46,20261002,14,1,4-5-1,180.3
2026-10-02 08:22:46,20261002,14,1,4-5-2,360.7
2026-10-02 08:22:46,20261002,14,1,4-5-3,253.8
2026-10-02 08:22:46,20261002,14,1,4-5-6,783.3
2026-10-02 08:22:46,20261002,14,1,4-6-1,806.3
2026-10-02 08:22:46,20261002,14,1,4-6-2,1713.0
2026-10-02 08:22:46,20261002,14,1,4-6-3,1142.0
2026-10-02 08:22:46,20261002,14,1,4-6-5,2108.0
2026-10-02 08:22:46,20261002,14,1,5-1-2,149.8
2026-10-02 08:22:46,20261002,14,1,5-1-3,165.1
2026-10-02 08:22:46,20261002,14,1,5-1-4,200.1
2026-10-02 08:22:46,20261002,14,1,5-1-6,806.3
2026-10-02 08:22:46,20261002,14,1,5-2-1,263.6
2026-10-02 08:22:46,20261002,14,1,5-2-3,409.1
2026-10-02 08:22:46,20261002,14,1,5-2-4,464.6
2026-10-02 08:22:46,20261002,14,1,5-2-6,1142.0
2026-10-02 08:22:46,20261002,14,1,5-3-1,246.9
2026-10-02 08:22:46,20261002,14,1,5-3-2,464.6
2026-10-02 08:22:46,20261002,14,1,5-3-4,415.3
2026-10-02 08:22:46,20261002,14,1,5-3-6,806.3
2026-10-02 08:22:46,20261002,14,1,5-4-1,276.9
2026-10-02 08:22:46,20261002,14,1,5-4-2,637.5
2026-10-02 08:22:46,20261002,14,1,5-4-3,537.5
2026-10-02 08:22:46,20261002,14,1,5-4-6,884.3
2026-10-02 08:22:46,20261002,14,1,5-6-1,2284.0
2026-10-02 08:22:46,20261002,14,1,5-6-2,2741.0
2026-10-02 08:22:46,20261002,14,1,5-6-3,1096.0
2026-10-02 08:22:46,20261002,14,1,5-6-4,1246.0
2026-10-02 08:22:46,20261002,14,1,6-1-2,596.0
2026-10-02 08:22:46,20261002,14,1,6-1-3,830.7
2026-10-02 08:22:46,20261002,14,1,6-1-4,979.1
2026-10-02 08:22:46,20261002,14,1,6-1-5,1442.0
2026-10-02 08:22:46,20261002,14,1,6-2-1,979.1
2026-10-02 08:22:46,20261002,14,1,6-2-3,2108.0
2026-10-02 08:22:46,20261002,14,1,6-2-4,1442.0
2026-10-02 08:22:46,20261002,14,1,6-2-5,979.1
2026-10-02 08:22:46,20261002,14,1,6-3-1,2492.0
2026-10-02 08:22:46,20261002,14,1,6-3-2,2108.0
2026-10-02 08:22:46,20261002,14,1,6-3-4,1015.0
2026-10-02 08:22:46,20261002,14,1,6-3-5,1958.0
2026-10-02 08:22:46,20261002,14,1,6-4-1,2284.0
2026-10-02 08:22:46,20261002,14,1,6-4-2,2492.0
2026-10-02 08:22:46,20261002,14,1,6-4-3,2741.0
2026-10-02 08:22:46,20261002,14,1,6-4-5,2492.0
2026-10-02 08:22:46,20261002,14,1,6-5-1,2108.0
2026-10-02 08:22:46,20261002,14,1,6-5-2,3046.0
2026-10-02 08:22:46,20261002,14,1,6-5-3,1958.0
2026-10-02 08:22:46,20261002,14,1,6-5-4,1142.0
2026-10-02 08:35:08,20261002,23,1,1-2-3,10.8
2026-10-02 08:35:08,20261002,23,1,1-2-4,10.8
2026-10-02 08:35:08,20261002,23,1,1-2-5,31.2
2026-10-02 08:35:08,20261002,23,1,1-2-6,210.3
2026-10-02 08:35:08,20261002,23,1,1-3-2,9.4
2026-10-02 08:35:08,20261002,23,1,1-3-4,5.6
2026-10-02 08:35:08,20261002,23,1,1-3-5,13.5
2026-10-02 08:35:08,20261002,23,1,1-3-6,107.5
2026-10-02 08:35:08,20261002,23,1,1-4-2,9.5
2026-10-02 08:35:08,20261002,23,1,1-4-3,6.8
2026-10-02 08:35:08,20261002,23,1,1-4-5,14.7
2026-10-02 08:35:08,20261002,23,1,1-4-6,109.7
2026-10-02 08:35:08,20261002,23,1,1-5-2,42.0
2026-10-02 08:35:08,20261002,23,1,1-5-3,29.2
2026-10-02 08:35:08,20261002,23,1,1-5-4,31.6
2026-10-02 08:35:08,20261002,23,1,1-5-6,243.7
2026-10-02 08:35:08,20261002,23,1,1-6-2,522.3
2026-10-02 08:35:08,20261002,23,1,1-6-3,352.1
2026-10-02 08:35:08,20261002,23,1,1-6-4,399.4
2026-10-02 08:35:08,20261002,23,1,1-6-5,617.3
2026-10-02 08:35:08,20261002,23,1,2-1-3,107.0
2026-10-02 08:35:08,20261002,23,1,2-1-4,159.5
2026-10-02 08:35:08,20261002,23,1,2-1-5,185.6
2026-10-02 08:35:08,20261002,23,1,2-1-6,651.1
2026-10-02 08:35:08,20261002,23,1,2-3-1,216.0
2026-10-02 08:35:08,20261002,23,1,2-3-4,360.1
2026-10-02 08:35:08,20261002,23,1,2-3-5,766.7
2026-10-02 08:35:08,20261002,23,1,2-3-6,1980.0
2026-10-02 08:35:08,20261002,23,1,2-4-1,279.6
2026-10-02 08:35:08,20261002,23,1,2-4-3,327.8
2026-10-02 08:35:08,20261002,23,1,2-4-5,572.7
2026-10-02 08:35:08,20261002,23,1,2-4-6,1440.0
2026-10-02 08:35:08,20261002,23,1,2-5-1,699.0
2026-10-02 08:35:08,20261002,23,1,2-5-3,792.2
2026-10-02 08:35:08,20261002,23,1,2-5-4,1011.0
2026-10-02 08:35:08,20261002,23,1,2-5-6,2501.0
2026-10-02 08:35:08,20261002,23,1,2-6-1,2160.0
2026-10-02 08:35:08,20261002,23,1,2-6-3,2501.0
2026-10-02 08:35:08,20261002,23,1,2-6-4,2971.0
2026-10-02 08:35:08,20261002,23,1,2-6-5,3395.0
2026-10-02 08:35:08,20261002,23,1,3-1-2,82.8
2026-10-02 08:35:08,20261002,23,1,3-1-4,42.9
2026-10-02 08:35:08,20261002,23,1,3-1-5,77.5
2026-10-02 08:35:08,20261002,23,1,3-1-6,461.5
2026-10-02 08:35:08,20261002,23,1,3-2-1,164.4
2026-10-02 08:35:08,20261002,23,1,3-2-4,250.1
2026-10-02 08:35:08,20261002,23,1,3-2-5,352.1
2026-10-02 08:35:08,20261002,23,1,3-2-6,754.5
2026-10-02 08:35:08,20261002,23,1,3-4-1,87.3
2026-10-02 08:35:08,20261002,23,1,3-4-2,254.2
2026-10-02 08:35:08,20261002,23,1,3-4-5,202.2
2026-10-02 08:35:08,20261002,23,1,3-4-6,669.5
2026-10-02 08:35:08,20261002,23,1,3-5-1,181.4
2026-10-02 08:35:08,20261002,23,1,3-5-2,534.1
2026-10-02 08:35:08,20261002,23,1,3-5-4,344.4
2026-10-02 08:35:08,20261002,23,1,3-5-6,1131.0
2026-10-02 08:35:08,20261002,23,1,3-6-1,864.3
2026-10-02 08:35:08,20261002,23,1,3-6-2,1131.0
2026-10-02 08:35:08,20261002,23,1,3-6-4,1250.0
2026-10-02 08:35:08,20261002,23,1,3-6-5,1218.0
2026-10-02 08:35:08,20261002,23,1,4-1-2,65.4
2026-10-02 08:35:08,20261002,23,1,4-1-3,38.9
2026-10-02 08:35:08,20261002,23,1,4-1-5,54.5
2026-10-02 08:35:08,20261002,23,1,4-1-6,327.8
2026-10-02 08:35:08,20261002,23,1,4-2-1,181.4
2026-10-02 08:35:08,20261002,23,1,4-2-3,276.3
2026-10-02 08:35:08,20261002,23,1,4-2-5,413.3
2026-10-02 08:35:08,20261002,23,1,4-2-6,805.7
2026-10-02 08:35:08,20261002,23,1,4-3-1,90.5
2026-10-02 08:35:08,20261002,23,1,4-3-2,268.5
2026-10-02 08:35:08,20261002,23,1,4-3-5,195.6
2026-10-02 08:35:08,20261002,23,1,4-3-6,731.3
2026-10-02 08:35:08,20261002,23,1,4-5-1,117.9
2026-10-02 08:35:08,20261002,23,1,4-5-2,302.7
2026-10-02 08:35:08,20261002,23,1,4-5-3,209.4
2026-10-02 08:35:08,20261002,23,1,4-5-6,805.7
2026-10-02 08:35:08,20261002,23,1,4-6-1,1056.0
2026-10-02 08:35:08,20261002,23,1,4-6-2,1218.0
2026-10-02 08:35:08,20261002,23,1,4-6-3,1105.0
2026-10-02 08:35:08,20261002,23,1,4-6-5,1398.0
2026-10-02 08:35:08,20261002,23,1,5-1-2,218.0
2026-10-02 08:35:08,20261002,23,1,5-1-3,185.6
2026-10-02 08:35:08,20261002,23,1,5-1-4,196.4
2026-10-02 08:35:08,20261002,23,1,5-1-6,896.9
2026-10-02 08:35:08,20261002,23,1,5-2-1,389.6
2026-10-02 08:35:08,20261002,23,1,5-2-3,932.0
2026-10-02 08:35:08,20261002,23,1,5-2-4,594.2
2026-10-02 08:35:08,20261002,23,1,5-2-6,990.3
2026-10-02 08:35:08,20261002,23,1,5-3-1,271.6
2026-10-02 08:35:08,20261002,23,1,5-3-2,848.8
2026-10-02 08:35:08,20261002,23,1,5-3-4,742.7
2026-10-02 08:35:08,20261002,23,1,5-3-6,1828.0
2026-10-02 08:35:08,20261002,23,1,5-4-1,259.7
2026-10-02 08:35:08,20261002,23,1,5-4-2,742.7
2026-10-02 08:35:08,20261002,23,1,5-4-3,579.7
2026-10-02 08:35:08,20261002,23,1,5-4-6,1398.0
2026-10-02 08:35:08,20261002,23,1,5-6-1,1697.0
2026-10-02 08:35:08,20261002,23,1,5-6-2,1697.0
2026-10-02 08:35:08,20261002,23,1,5-6-3,1320.0
2026-10-02 08:35:08,20261002,23,1,5-6-4,1980.0
2026-10-02 08:35:08,20261002,23,1,6-1-2,880.3
2026-10-02 08:35:08,20261002,23,1,6-1-3,1056.0
2026-10-02 08:35:08,20261002,23,1,6-1-4,1358.0
2026-10-02 08:35:08,20261002,23,1,6-1-5,2263.0
2026-10-02 08:35:08,20261002,23,1,6-2-1,1980.0
2026-10-02 08:35:08,20261002,23,1,6-2-3,1828.0
2026-10-02 08:35:08,20261002,23,1,6-2-4,1901.0
2026-10-02 08:35:08,20261002,23,1,6-2-5,1901.0
2026-10-02 08:35:08,20261002,23,1,6-3-1,1440.0
2026-10-02 08:35:08,20261002,23,1,6-3-2,2376.0
2026-10-02 08:35:08,20261002,23,1,6-3-4,1440.0
2026-10-02 08:35:08,20261002,23,1,6-3-5,3395.0
2026-10-02 08:35:08,20261002,23,1,6-4-1,2160.0
2026-10-02 08:35:08,20261002,23,1,6-4-2,2501.0
2026-10-02 08:35:08,20261002,23,1,6-4-3,1358.0
2026-10-02 08:35:08,20261002,23,1,6-4-5,2501.0
2026-10-02 08:35:08,20261002,23,1,6-5-1,3961.0
2026-10-02 08:35:08,20261002,23,1,6-5-2,3395.0
2026-10-02 08:35:08,20261002,23,1,6-5-3,3395.0
2026-10-02 08:35:08,20261002,23,1,6-5-4,3395.0
2026-10-02 08:44:43,20261002,18,1,1-2-3,11.9
2026-10-02 08:44:43,20261002,18,1,1-2-4,17.5
2026-10-02 08:44:43,20261002,18,1,1-2-5,25.9
2026-10-02 08:44:43,20261002,18,1,1-2-6,65.4
2026-10-02 08:44:43,20261002,18,1,1-3-2,14.7
2026-10-02 08:44:43,20261002,18,1,1-3-4,6.6
2026-10-02 08:44:43,20261002,18,1,1-3-5,8.1
2026-10-02 08:44:43,20261002,18,1,1-3-6,56.0
2026-10-02 08:44:43,20261002,18,1,1-4-2,18.1
2026-10-02 08:44:43,20261002,18,1,1-4-3,11.3
2026-10-02 08:44:43,20261002,18,1,1-4-5,11.9
2026-10-02 08:44:43,20261002,18,1,1-4-6,40.9
2026-10-02 08:44:43,20261002,18,1,1-5-2,32.3
2026-10-02 08:44:43,20261002,18,1,1-5-3,15.7
2026-10-02 08:44:43,20261002,18,1,1-5-4,20.1
2026-10-02 08:44:43,20261002,18,1,1-5-6,61.6
2026-10-02 08:44:43,20261002,18,1,1-6-2,149.3
2026-10-02 08:44:43,20261002,18,1,1-6-3,157.3
2026-10-02 08:44:43,20261002,18,1,1-6-4,122.6
2026-10-02 08:44:43,20261002,18,1,1-6-5,177.6
2026-10-02 08:44:43,20261002,18,1,2-1-3,127.2
2026-10-02 08:44:43,20261002,18,1,2-1-4,150.9
2026-10-02 08:44:43,20261002,18,1,2-1-5,259.2
2026-10-02 08:44:43,20261002,18,1,2-1-6,378.1
2026-10-02 08:44:43,20261002,18,1,2-3-1,288.2
2026-10-02 08:44:43,20261002,18,1,2-3-4,490.6
2026-10-02 08:44:43,20261002,18,1,2-3-5,496.6
2026-10-02 08:44:43,20261002,18,1,2-3-6,1005.0
2026-10-02 08:44:43,20261002,18,1,2-4-1,286.2
2026-10-02 08:44:43,20261002,18,1,2-4-3,564.6
2026-10-02 08:44:43,20261002,18,1,2-4-5,686.9
2026-10-02 08:44:43,20261002,18,1,2-4-6,981.3
2026-10-02 08:44:43,20261002,18,1,2-5-1,496.6
2026-10-02 08:44:43,20261002,18,1,2-5-3,749.4
2026-10-02 08:44:43,20261002,18,1,2-5-4,936.7
2026-10-02 08:44:43,20261002,18,1,2-5-6,1212.0
2026-10-02 08:44:43,20261002,18,1,2-6-1,723.1
2026-10-02 08:44:43,20261002,18,1,2-6-3,1373.0
2026-10-02 08:44:43,20261002,18,1,2-6-4,1329.0
2026-10-02 08:44:43,20261002,18,1,2-6-5,1288.0
2026-10-02 08:44:43,20261002,18,1,3-1-2,121.9
2026-10-02 08:44:43,20261002,18,1,3-1-4,61.2
2026-10-02 08:44:43,20261002,18,1,3-1-5,55.1
2026-10-02 08:44:43,20261002,18,1,3-1-6,249.8
2026-10-02 08:44:43,20261002,18,1,3-2-1,243.8
2026-10-02 08:44:43,20261002,18,1,3-2-4,332.4
2026-10-02 08:44:43,20261002,18,1,3-2-5,448.0
2026-10-02 08:44:43,20261002,18,1,3-2-6,698.6
2026-10-02 08:44:43,20261002,18,1,3-4-1,126.0
2026-10-02 08:44:43,20261002,18,1,3-4-2,438.4
2026-10-02 08:44:43,20261002,18,1,3-4-5,232.8
2026-10-02 08:44:43,20261002,18,1,3-4-6,479.2
2026-10-02 08:44:43,20261002,18,1,3-5-1,132.9
2026-10-02 08:44:43,20261002,18,1,3-5-2,396.3
2026-10-02 08:44:43,20261002,18,1,3-5-4,235.5
2026-10-02 08:44:43,20261002,18,1,3-5-6,686.9
2026-10-02 08:44:43,20261002,18,1,3-6-1,634.1
2026-10-02 08:44:43,20261002,18,1,3-6-2,1329.0
2026-10-02 08:44:43,20261002,18,1,3-6-4,1030.0
2026-10-02 08:44:43,20261002,18,1,3-6-5,1084.0
2026-10-02 08:44:43,20261002,18,1,4-1-2,99.3
2026-10-02 08:44:43,20261002,18,1,4-1-3,67.1
2026-10-02 08:44:43,20261002,18,1,4-1-5,48.8
2026-10-02 08:44:43,20261002,18,1,4-1-6,122.3
2026-10-02 08:44:43,20261002,18,1,4-2-1,282.3
2026-10-02 08:44:43,20261002,18,1,4-2-3,549.5
2026-10-02 08:44:43,20261002,18,1,4-2-5,420.5
2026-10-02 08:44:43,20261002,18,1,4-2-6,448.0
2026-10-02 08:44:43,20261002,18,1,4-3-1,126.0
2026-10-02 08:44:43,20261002,18,1,4-3-2,361.5
2026-10-02 08:44:43,20261002,18,1,4-3-5,232.8
2026-10-02 08:44:43,20261002,18,1,4-3-6,433.8
2026-10-02 08:44:43,20261002,18,1,4-5-1,76.7
2026-10-02 08:44:43,20261002,18,1,4-5-2,269.4
2026-10-02 08:44:43,20261002,18,1,4-5-3,190.8
2026-10-02 08:44:43,20261002,18,1,4-5-6,235.5
2026-10-02 08:44:43,20261002,18,1,4-6-1,332.4
2026-10-02 08:44:43,20261002,18,1,4-6-2,792.6
2026-10-02 08:44:43,20261002,18,1,4-6-3,698.6
2026-10-02 08:44:43,20261002,18,1,4-6-5,549.5
2026-10-02 08:44:43,20261002,18,1,5-1-2,174.6
2026-10-02 08:44:43,20261002,18,1,5-1-3,103.8
2026-10-02 08:44:43,20261002,18,1,5-1-4,110.2
2026-10-02 08:44:43,20261002,18,1,5-1-6,294.4
2026-10-02 08:44:43,20261002,18,1,5-2-1,448.0
2026-10-02 08:44:43,20261002,18,1,5-2-3,736.0
2026-10-02 08:44:43,20261002,18,1,5-2-4,606.1
2026-10-02 08:44:43,20261002,18,1,5-2-6,808.2
2026-10-02 08:44:43,20261002,18,1,5-3-1,173.1
2026-10-02 08:44:43,20261002,18,1,5-3-2,420.5
2026-10-02 08:44:43,20261002,18,1,5-3-4,286.2
2026-10-02 08:44:43,20261002,18,1,5-3-6,749.4
2026-10-02 08:44:43,20261002,18,1,5-4-1,159.7
2026-10-02 08:44:43,20261002,18,1,5-4-2,588.8
2026-10-02 08:44:43,20261002,18,1,5-4-3,368.0
2026-10-02 08:44:43,20261002,18,1,5-4-6,490.6
2026-10-02 08:44:43,20261002,18,1,5-6-1,615.2
2026-10-02 08:44:43,20261002,18,1,5-6-2,1177.0
2026-10-02 08:44:43,20261002,18,1,5-6-3,841.1
2026-10-02 08:44:43,20261002,18,1,5-6-4,1084.0
2026-10-02 08:44:43,20261002,18,1,6-1-2,424.9
2026-10-02 08:44:43,20261002,18,1,6-1-3,736.0
2026-10-02 08:44:43,20261002,18,1,6-1-4,564.6
2026-10-02 08:44:43,20261002,18,1,6-1-5,777.7
2026-10-02 08:44:43,20261002,18,1,6-2-1,896.0
2026-10-02 08:44:43,20261002,18,1,6-2-3,549.5
2026-10-02 08:44:43,20261002,18,1,6-2-4,1717.0
2026-10-02 08:44:43,20261002,18,1,6-2-5,936.7
2026-10-02 08:44:43,20261002,18,1,6-3-1,1329.0
2026-10-02 08:44:43,20261002,18,1,6-3-2,664.8
2026-10-02 08:44:43,20261002,18,1,6-3-4,936.7
2026-10-02 08:44:43,20261002,18,1,6-3-5,515.2
2026-10-02 08:44:43,20261002,18,1,6-4-1,644.0
2026-10-02 08:44:43,20261002,18,1,6-4-2,1648.0
2026-10-02 08:44:43,20261002,18,1,6-4-3,1177.0
2026-10-02 08:44:43,20261002,18,1,6-4-5,1585.0
2026-10-02 08:44:43,20261002,18,1,6-5-1,1056.0
2026-10-02 08:44:43,20261002,18,1,6-5-2,1648.0
2026-10-02 08:44:43,20261002,18,1,6-5-3,1472.0
2026-10-02 08:44:43,20261002,18,1,6-5-4,1373.0
2026-10-02 08:50:46,20261002,14,2,1-2-3,41.9
2026-10-02 08:50:46,20261002,14,2,1-2-4,14.9
2026-10-02 08:50:46,20261002,14,2,1-2-5,23.9
2026-10-02 08:50:46,20261002,14,2,1-2-6,93.1
2026-10-02 08:50:46,20261002,14,2,1-3-2,67.4
2026-10-02 08:50:46,20261002,14,2,1-3-4,30.3
2026-10-02 08:50:46,20261002,14,2,1-3-5,40.7
2026-10-02 08:50:46,20261002,14,2,1-3-6,147.2
2026-10-02 08:50:46,20261002,14,2,1-4-2,10.5
2026-10-02 08:50:46,20261002,14,2,1-4-3,22.5
2026-10-02 08:50:46,20261002,14,2,1-4-5,8.1
2026-10-02 08:50:46,20261002,14,2,1-4-6,42.1
2026-10-02 08:50:46,20261002,14,2,1-5-2,26.0
2026-10-02 08:50:46,20261002,14,2,1-5-3,42.5
2026-10-02 08:50:46,20261002,14,2,1-5-4,15.2
2026-10-02 08:50:46,20261002,14,2,1-5-6,105.3
2026-10-02 08:50:46,20261002,14,2,1-6-2,288.6
2026-10-02 08:50:46,20261002,14,2,1-6-3,294.5
2026-10-02 08:50:46,20261002,14,2,1-6-4,116.3
2026-10-02 08:50:46,20261002,14,2,1-6-5,307.0
2026-10-02 08:50:46,20261002,14,2,2-1-3,133.6
2026-10-02 08:50:46,20261002,14,2,2-1-4,72.8
2026-10-02 08:50:46,20261002,14,2,2-1-5,106.9
2026-10-02 08:50:46,20261002,14,2,2-1-6,257.7
2026-10-02 08:50:46,20261002,14,2,2-3-1,300.6
2026-10-02 08:50:46,20261002,14,2,2-3-4,182.6
2026-10-02 08:50:46,20261002,14,2,2-3-5,229.0
2026-10-02 08:50:46,20261002,14,2,2-3-6,801.7
2026-10-02 08:50:46,20261002,14,2,2-4-1,123.3
2026-10-02 08:50:46,20261002,14,2,2-4-3,189.8
2026-10-02 08:50:46,20261002,14,2,2-4-5,107.7
2026-10-02 08:50:46,20261002,14,2,2-4-6,300.6
2026-10-02 08:50:46,20261002,14,2,2-5-1,225.5
2026-10-02 08:50:46,20261002,14,2,2-5-3,232.7
2026-10-02 08:50:46,20261002,14,2,2-5-4,133.6
2026-10-02 08:50:46,20261002,14,2,2-5-6,203.2
2026-10-02 08:50:46,20261002,14,2,2-6-1,400.8
2026-10-02 08:50:46,20261002,14,2,2-6-3,962.1
2026-10-02 08:50:46,20261002,14,2,2-6-4,437.3
2026-10-02 08:50:46,20261002,14,2,2-6-5,215.4
2026-10-02 08:50:46,20261002,14,2,3-1-2,187.4
2026-10-02 08:50:46,20261002,14,2,3-1-4,62.7
2026-10-02 08:50:46,20261002,14,2,3-1-5,61.4
2026-10-02 08:50:46,20261002,14,2,3-1-6,236.5
2026-10-02 08:50:46,20261002,14,2,3-2-1,328.0
2026-10-02 08:50:46,20261002,14,2,3-2-4,203.2
2026-10-02 08:50:46,20261002,14,2,3-2-5,122.3
2026-10-02 08:50:46,20261002,14,2,3-2-6,282.9
2026-10-02 08:50:46,20261002,14,2,3-4-1,114.5
2026-10-02 08:50:46,20261002,14,2,3-4-2,197.7
2026-10-02 08:50:46,20261002,14,2,3-4-5,130.0
2026-10-02 08:50:46,20261002,14,2,3-4-6,267.2
2026-10-02 08:50:46,20261002,14,2,3-5-1,153.5
2026-10-02 08:50:46,20261002,14,2,3-5-2,138.7
2026-10-02 08:50:46,20261002,14,2,3-5-4,197.7
2026-10-02 08:50:46,20261002,14,2,3-5-6,497.6
2026-10-02 08:50:46,20261002,14,2,3-6-1,555.0
2026-10-02 08:50:46,20261002,14,2,3-6-2,902.0
2026-10-02 08:50:46,20261002,14,2,3-6-4,412.3
2026-10-02 08:50:46,20261002,14,2,3-6-5,759.5
2026-10-02 08:50:46,20261002,14,2,4-1-2,31.6
2026-10-02 08:50:46,20261002,14,2,4-1-3,76.7
2026-10-02 08:50:46,20261002,14,2,4-1-5,17.1
2026-10-02 08:50:46,20261002,14,2,4-1-6,106.9
2026-10-02 08:50:46,20261002,14,2,4-2-1,87.4
2026-10-02 08:50:46,20261002,14,2,4-2-3,225.5
2026-10-02 08:50:46,20261002,14,2,4-2-5,69.0
2026-10-02 08:50:46,20261002,14,2,4-2-6,200.4
2026-10-02 08:50:46,20261002,14,2,4-3-1,120.2
2026-10-02 08:50:46,20261002,14,2,4-3-2,294.5
2026-10-02 08:50:46,20261002,14,2,4-3-5,160.3
2026-10-02 08:50:46,20261002,14,2,4-3-6,307.0
2026-10-02 08:50:46,20261002,14,2,4-5-1,23.4
2026-10-02 08:50:46,20261002,14,2,4-5-2,52.2
2026-10-02 08:50:46,20261002,14,2,4-5-3,137.4
2026-10-02 08:50:46,20261002,14,2,4-5-6,74.7
2026-10-02 08:50:46,20261002,14,2,4-6-1,244.6
2026-10-02 08:50:46,20261002,14,2,4-6-2,328.0
2026-10-02 08:50:46,20261002,14,2,4-6-3,328.0
2026-10-02 08:50:46,20261002,14,2,4-6-5,206.1
2026-10-02 08:50:46,20261002,14,2,5-1-2,83.4
2026-10-02 08:50:46,20261002,14,2,5-1-3,127.7
2026-10-02 08:50:46,20261002,14,2,5-1-4,44.5
2026-10-02 08:50:46,20261002,14,2,5-1-6,118.2
2026-10-02 08:50:46,20261002,14,2,5-2-1,171.8
2026-10-02 08:50:46,20261002,14,2,5-2-3,294.5
2026-10-02 08:50:46,20261002,14,2,5-2-4,116.3
2026-10-02 08:50:46,20261002,14,2,5-2-6,148.7
2026-10-02 08:50:46,20261002,14,2,5-3-1,165.8
2026-10-02 08:50:46,20261002,14,2,5-3-2,307.0
2026-10-02 08:50:46,20261002,14,2,5-3-4,272.3
2026-10-02 08:50:46,20261002,14,2,5-3-6,451.0
2026-10-02 08:50:46,20261002,14,2,5-4-1,49.0
2026-10-02 08:50:46,20261002,14,2,5-4-2,88.5
2026-10-02 08:50:46,20261002,14,2,5-4-3,244.6
2026-10-02 08:50:46,20261002,14,2,5-4-6,153.5
2026-10-02 08:50:46,20261002,14,2,5-6-1,176.0
2026-10-02 08:50:46,20261002,14,2,5-6-2,203.2
2026-10-02 08:50:46,20261002,14,2,5-6-3,721.6
2026-10-02 08:50:46,20261002,14,2,5-6-4,307.0
2026-10-02 08:50:46,20261002,14,2,6-1-2,307.0
2026-10-02 08:50:46,20261002,14,2,6-1-3,534.5
2026-10-02 08:50:46,20261002,14,2,6-1-4,555.0
2026-10-02 08:50:46,20261002,14,2,6-1-5,848.9
2026-10-02 08:50:46,20261002,14,2,6-2-1,801.7
2026-10-02 08:50:46,20261002,14,2,6-2-3,1030.0
2026-10-02 08:50:46,20261002,14,2,6-2-4,656.0
2026-10-02 08:50:46,20261002,14,2,6-2-5,192.4
2026-10-02 08:50:46,20261002,14,2,6-3-1,902.0
2026-10-02 08:50:46,20261002,14,2,6-3-2,902.0
2026-10-02 08:50:46,20261002,14,2,6-3-4,390.0
2026-10-02 08:50:46,20261002,14,2,6-3-5,1030.0
2026-10-02 08:50:46,20261002,14,2,6-4-1,577.2
2026-10-02 08:50:46,20261002,14,2,6-4-2,962.1
2026-10-02 08:50:46,20261002,14,2,6-4-3,962.1
2026-10-02 08:50:46,20261002,14,2,6-4-5,515.4
2026-10-02 08:50:46,20261002,14,2,6-5-1,1312.0
2026-10-02 08:50:46,20261002,14,2,6-5-2,253.1
2026-10-02 08:50:46,20261002,14,2,6-5-3,1443.0
2026-10-02 08:50:46,20261002,14,2,6-5-4,515.4
2026-10-02 08:59:19,20261002,23,2,1-2-3,13.8
2026-10-02 08:59:19,20261002,23,2,1-2-4,9.8
2026-10-02 08:59:19,20261002,23,2,1-2-5,8.3
2026-10-02 08:59:19,20261002,23,2,1-2-6,20.9
2026-10-02 08:59:19,20261002,23,2,1-3-2,42.9
2026-10-02 08:59:19,20261002,23,2,1-3-4,73.9
2026-10-02 08:59:19,20261002,23,2,1-3-5,60.6
2026-10-02 08:59:19,20261002,23,2,1-3-6,164.9
2026-10-02 08:59:19,20261002,23,2,1-4-2,28.9
2026-10-02 08:59:19,20261002,23,2,1-4-3,82.4
2026-10-02 08:59:19,20261002,23,2,1-4-5,56.7
2026-10-02 08:59:19,20261002,23,2,1-4-6,136.1
2026-10-02 08:59:19,20261002,23,2,1-5-2,32.6
2026-10-02 08:59:19,20261002,23,2,1-5-3,77.6
2026-10-02 08:59:19,20261002,23,2,1-5-4,72.0
2026-10-02 08:59:19,20261002,23,2,1-5-6,97.4
2026-10-02 08:59:19,20261002,23,2,1-6-2,99.1
2026-10-02 08:59:19,20261002,23,2,1-6-3,238.2
2026-10-02 08:59:19,20261002,23,2,1-6-4,190.5
2026-10-02 08:59:19,20261002,23,2,1-6-5,173.2
2026-10-02 08:59:19,20261002,23,2,2-1-3,18.0
2026-10-02 08:59:19,20261002,23,2,2-1-4,10.8
2026-10-02 08:59:19,20261002,23,2,2-1-5,8.0
2026-10-02 08:59:19,20261002,23,2,2-1-6,22.3
2026-10-02 08:59:19,20261002,23,2,2-3-1,68.6
2026-10-02 08:59:19,20261002,23,2,2-3-4,98.0
2026-10-02 08:59:19,20261002,23,2,2-3-5,76.2
2026-10-02 08:59:19,20261002,23,2,2-3-6,201.7
2026-10-02 08:59:19,20261002,23,2,2-4-1,47.1
2026-10-02 08:59:19,20261002,23,2,2-4-3,102.0
2026-10-02 08:59:19,20261002,23,2,2-4-5,62.3
2026-10-02 08:59:19,20261002,23,2,2-4-6,87.5
2026-10-02 08:59:19,20261002,23,2,2-5-1,30.1
2026-10-02 08:59:19,20261002,23,2,2-5-3,93.2
2026-10-02 08:59:19,20261002,23,2,2-5-4,62.3
2026-10-02 08:59:19,20261002,23,2,2-5-6,60.8
2026-10-02 08:59:19,20261002,23,2,2-6-1,136.1
2026-10-02 08:59:19,20261002,23,2,2-6-3,372.8
2026-10-02 08:59:19,20261002,23,2,2-6-4,168.1
2026-10-02 08:59:19,20261002,23,2,2-6-5,138.3
2026-10-02 08:59:19,20261002,23,2,3-1-2,245.0
2026-10-02 08:59:19,20261002,23,2,3-1-4,214.3
2026-10-02 08:59:19,20261002,23,2,3-1-5,225.6
2026-10-02 08:59:19,20261002,23,2,3-1-6,463.5
2026-10-02 08:59:19,20261002,23,2,3-2-1,285.8
2026-10-02 08:59:19,20261002,23,2,3-2-4,180.5
2026-10-02 08:59:19,20261002,23,2,3-2-5,225.6
2026-10-02 08:59:19,20261002,23,2,3-2-6,428.7
2026-10-02 08:59:19,20261002,23,2,3-4-1,350.0
2026-10-02 08:59:19,20261002,23,2,3-4-2,343.0
2026-10-02 08:59:19,20261002,23,2,3-4-5,1008.0
2026-10-02 08:59:19,20261002,23,2,3-4-6,490.0
2026-10-02 08:59:19,20261002,23,2,3-5-1,408.3
2026-10-02 08:59:19,20261002,23,2,3-5-2,439.7
2026-10-02 08:59:19,20261002,23,2,3-5-4,816.7
2026-10-02 08:59:19,20261002,23,2,3-5-6,1071.0
2026-10-02 08:59:19,20261002,23,2,3-6-1,686.0
2026-10-02 08:59:19,20261002,23,2,3-6-2,714.6
2026-10-02 08:59:19,20261002,23,2,3-6-4,857.5
2026-10-02 08:59:19,20261002,23,2,3-6-5,1225.0
2026-10-02 08:59:19,20261002,23,2,4-1-2,98.5
2026-10-02 08:59:19,20261002,23,2,4-1-3,290.7
2026-10-02 08:59:19,20261002,23,2,4-1-5,144.1
2026-10-02 08:59:19,20261002,23,2,4-1-6,350.0
2026-10-02 08:59:19,20261002,23,2,4-2-1,115.1
2026-10-02 08:59:19,20261002,23,2,4-2-3,272.2
2026-10-02 08:59:19,20261002,23,2,4-2-5,142.9
2026-10-02 08:59:19,20261002,23,2,4-2-6,188.4
2026-10-02 08:59:19,20261002,23,2,4-3-1,255.9
2026-10-02 08:59:19,20261002,23,2,4-3-2,372.8
2026-10-02 08:59:19,20261002,23,2,4-3-5,659.6
2026-10-02 08:59:19,20261002,23,2,4-3-6,476.4
2026-10-02 08:59:19,20261002,23,2,4-5-1,245.0
2026-10-02 08:59:19,20261002,23,2,4-5-2,219.8
2026-10-02 08:59:19,20261002,23,2,4-5-3,635.2
2026-10-02 08:59:19,20261002,23,2,4-5-6,357.3
2026-10-02 08:59:19,20261002,23,2,4-6-1,571.7
2026-10-02 08:59:19,20261002,23,2,4-6-2,295.7
2026-10-02 08:59:19,20261002,23,2,4-6-3,952.8
2026-10-02 08:59:19,20261002,23,2,4-6-5,463.5
2026-10-02 08:59:19,20261002,23,2,5-1-2,78.6
2026-10-02 08:59:19,20261002,23,2,5-1-3,204.1
2026-10-02 08:59:19,20261002,23,2,5-1-4,234.9
2026-10-02 08:59:19,20261002,23,2,5-1-6,192.7
2026-10-02 08:59:19,20261002,23,2,5-2-1,85.3
2026-10-02 08:59:19,20261002,23,2,5-2-3,285.8
2026-10-02 08:59:19,20261002,23,2,5-2-4,154.5
2026-10-02 08:59:19,20261002,23,2,5-2-6,137.2
2026-10-02 08:59:19,20261002,23,2,5-3-1,336.3
2026-10-02 08:59:19,20261002,23,2,5-3-2,398.8
2026-10-02 08:59:19,20261002,23,2,5-3-4,816.7
2026-10-02 08:59:19,20261002,23,2,5-3-6,857.5
2026-10-02 08:59:19,20261002,23,2,5-4-1,357.3
2026-10-02 08:59:19,20261002,23,2,5-4-2,306.2
2026-10-02 08:59:19,20261002,23,2,5-4-3,816.7
2026-10-02 08:59:19,20261002,23,2,5-4-6,408.3
2026-10-02 08:59:19,20261002,23,2,5-6-1,290.7
2026-10-02 08:59:19,20261002,23,2,5-6-2,199.4
2026-10-02 08:59:19,20261002,23,2,5-6-3,451.3
2026-10-02 08:59:19,20261002,23,2,5-6-4,490.0
2026-10-02 08:59:19,20261002,23,2,6-1-2,245.0
2026-10-02 08:59:19,20261002,23,2,6-1-3,519.7
2026-10-02 08:59:19,20261002,23,2,6-1-4,779.6
2026-10-02 08:59:19,20261002,23,2,6-1-5,519.7
2026-10-02 08:59:19,20261002,23,2,6-2-1,398.8
2026-10-02 08:59:19,20261002,23,2,6-2-3,816.7
2026-10-02 08:59:19,20261002,23,2,6-2-4,519.7
2026-10-02 08:59:19,20261002,23,2,6-2-5,306.2
2026-10-02 08:59:19,20261002,23,2,6-3-1,816.7
2026-10-02 08:59:19,20261002,23,2,6-3-2,902.7
2026-10-02 08:59:19,20261002,23,2,6-3-4,1143.0
2026-10-02 08:59:19,20261002,23,2,6-3-5,1715.0
2026-10-02 08:59:19,20261002,23,2,6-4-1,1319.0
2026-10-02 08:59:19,20261002,23,2,6-4-2,714.6
2026-10-02 08:59:19,20261002,23,2,6-4-3,1715.0
2026-10-02 08:59:19,20261002,23,2,6-4-5,612.5
2026-10-02 08:59:19,20261002,23,2,6-5-1,535.9
2026-10-02 08:59:19,20261002,23,2,6-5-2,463.5
2026-10-02 08:59:19,20261002,23,2,6-5-3,1559.0
2026-10-02 08:59:19,20261002,23,2,6-5-4,612.5
2026-10-02 09:10:48,20261002,18,2,1-2-3,17.8
2026-10-02 09:10:48,20261002,18,2,1-2-4,4.9
2026-10-02 09:10:48,20261002,18,2,1-2-5,18.7
2026-10-02 09:10:48,20261002,18,2,1-2-6,70.8
2026-10-02 09:10:48,20261002,18,2,1-3-2,31.0
2026-10-02 09:10:48,20261002,18,2,1-3-4,40.1
2026-10-02 09:10:48,20261002,18,2,1-3-5,71.9
2026-10-02 09:10:48,20261002,18,2,1-3-6,158.7
2026-10-02 09:10:48,20261002,18,2,1-4-2,4.9
2026-10-02 09:10:48,20261002,18,2,1-4-3,22.6
2026-10-02 09:10:48,20261002,18,2,1-4-5,10.6
2026-10-02 09:10:48,20261002,18,2,1-4-6,47.6
2026-10-02 09:10:48,20261002,18,2,1-5-2,39.8
2026-10-02 09:10:48,20261002,18,2,1-5-3,74.5
2026-10-02 09:10:48,20261002,18,2,1-5-4,33.9
2026-10-02 09:10:48,20261002,18,2,1-5-6,153.7
2026-10-02 09:10:48,20261002,18,2,1-6-2,145.5
2026-10-02 09:10:48,20261002,18,2,1-6-3,210.2
2026-10-02 09:10:48,20261002,18,2,1-6-4,253.6
2026-10-02 09:10:48,20261002,18,2,1-6-5,572.0
2026-10-02 09:10:48,20261002,18,2,2-1-3,91.7
2026-10-02 09:10:48,20261002,18,2,2-1-4,22.8
2026-10-02 09:10:48,20261002,18,2,2-1-5,76.3
2026-10-02 09:10:48,20261002,18,2,2-1-6,221.6
2026-10-02 09:10:48,20261002,18,2,2-3-1,327.9
2026-10-02 09:10:48,20261002,18,2,2-3-4,327.9
2026-10-02 09:10:48,20261002,18,2,2-3-5,390.4
2026-10-02 09:10:48,20261002,18,2,2-3-6,878.5
2026-10-02 09:10:48,20261002,18,2,2-4-1,37.6
2026-10-02 09:10:48,20261002,18,2,2-4-3,162.9
2026-10-02 09:10:48,20261002,18,2,2-4-5,104.2
2026-10-02 09:10:48,20261002,18,2,2-4-6,251.0
2026-10-02 09:10:48,20261002,18,2,2-5-1,238.8
2026-10-02 09:10:48,20261002,18,2,2-5-3,424.1
2026-10-02 09:10:48,20261002,18,2,2-5-4,223.6
2026-10-02 09:10:48,20261002,18,2,2-5-6,768.7
2026-10-02 09:10:48,20261002,18,2,2-6-1,745.4
2026-10-02 09:10:48,20261002,18,2,2-6-3,1757.0
2026-10-02 09:10:48,20261002,18,2,2-6-4,630.7
2026-10-02 09:10:48,20261002,18,2,2-6-5,911.0
2026-10-02 09:10:48,20261002,18,2,3-1-2,327.9
2026-10-02 09:10:48,20261002,18,2,3-1-4,215.7
2026-10-02 09:10:48,20261002,18,2,3-1-5,219.6
2026-10-02 09:10:48,20261002,18,2,3-1-6,878.5
2026-10-02 09:10:48,20261002,18,2,3-2-1,464.1
2026-10-02 09:10:48,20261002,18,2,3-2-4,384.3
2026-10-02 09:10:48,20261002,18,2,3-2-5,819.9
2026-10-02 09:10:48,20261002,18,2,3-2-6,911.0
2026-10-02 09:10:48,20261002,18,2,3-4-1,464.1
2026-10-02 09:10:48,20261002,18,2,3-4-2,523.3
2026-10-02 09:10:48,20261002,18,2,3-4-5,946.1
2026-10-02 09:10:48,20261002,18,2,3-4-6,878.5
2026-10-02 09:10:48,20261002,18,2,3-5-1,502.0
2026-10-02 09:10:48,20261002,18,2,3-5-2,534.7
2026-10-02 09:10:48,20261002,18,2,3-5-4,768.7
2026-10-02 09:10:48,20261002,18,2,3-5-6,793.5
2026-10-02 09:10:48,20261002,18,2,3-6-1,1639.0
2026-10-02 09:10:48,20261002,18,2,3-6-2,2049.0
2026-10-02 09:10:48,20261002,18,2,3-6-4,1757.0
2026-10-02 09:10:48,20261002,18,2,3-6-5,1118.0
2026-10-02 09:10:48,20261002,18,2,4-1-2,17.2
2026-10-02 09:10:48,20261002,18,2,4-1-3,88.4
2026-10-02 09:10:48,20261002,18,2,4-1-5,26.1
2026-10-02 09:10:48,20261002,18,2,4-1-6,83.9
2026-10-02 09:10:48,20261002,18,2,4-2-1,36.6
2026-10-02 09:10:48,20261002,18,2,4-2-3,227.7
2026-10-02 09:10:48,20261002,18,2,4-2-5,104.2
2026-10-02 09:10:48,20261002,18,2,4-2-6,221.6
2026-10-02 09:10:48,20261002,18,2,4-3-1,258.9
2026-10-02 09:10:48,20261002,18,2,4-3-2,327.9
2026-10-02 09:10:48,20261002,18,2,4-3-5,534.7
2026-10-02 09:10:48,20261002,18,2,4-3-6,572.0
2026-10-02 09:10:48,20261002,18,2,4-5-1,58.8
2026-10-02 09:10:48,20261002,18,2,4-5-2,90.7
2026-10-02 09:10:48,20261002,18,2,4-5-3,258.9
2026-10-02 09:10:48,20261002,18,2,4-5-6,203.2
2026-10-02 09:10:48,20261002,18,2,4-6-1,286.0
2026-10-02 09:10:48,20261002,18,2,4-6-2,491.9
2026-10-02 09:10:48,20261002,18,2,4-6-3,1229.0
2026-10-02 09:10:48,20261002,18,2,4-6-5,512.4
2026-10-02 09:10:48,20261002,18,2,5-1-2,168.4
2026-10-02 09:10:48,20261002,18,2,5-1-3,261.6
2026-10-02 09:10:48,20261002,18,2,5-1-4,109.3
2026-10-02 09:10:48,20261002,18,2,5-1-6,409.9
2026-10-02 09:10:48,20261002,18,2,5-2-1,327.9
2026-10-02 09:10:48,20261002,18,2,5-2-3,647.3
2026-10-02 09:10:48,20261002,18,2,5-2-4,270.3
2026-10-02 09:10:48,20261002,18,2,5-2-6,723.5
2026-10-02 09:10:48,20261002,18,2,5-3-1,424.1
2026-10-02 09:10:48,20261002,18,2,5-3-2,819.9
2026-10-02 09:10:48,20261002,18,2,5-3-4,819.9
2026-10-02 09:10:48,20261002,18,2,5-3-6,1366.0
2026-10-02 09:10:48,20261002,18,2,5-4-1,124.2
2026-10-02 09:10:48,20261002,18,2,5-4-2,243.5
2026-10-02 09:10:48,20261002,18,2,5-4-3,683.3
2026-10-02 09:10:48,20261002,18,2,5-4-6,491.9
2026-10-02 09:10:48,20261002,18,2,5-6-1,878.5
2026-10-02 09:10:48,20261002,18,2,5-6-2,983.9
2026-10-02 09:10:48,20261002,18,2,5-6-3,911.0
2026-10-02 09:10:48,20261002,18,2,5-6-4,946.1
2026-10-02 09:10:48,20261002,18,2,6-1-2,409.9
2026-10-02 09:10:48,20261002,18,2,6-1-3,1294.0
2026-10-02 09:10:48,20261002,18,2,6-1-4,793.5
2026-10-02 09:10:48,20261002,18,2,6-1-5,1537.0
2026-10-02 09:10:48,20261002,18,2,6-2-1,946.1
2026-10-02 09:10:48,20261002,18,2,6-2-3,491.9
2026-10-02 09:10:48,20261002,18,2,6-2-4,878.5
2026-10-02 09:10:48,20261002,18,2,6-2-5,878.5
2026-10-02 09:10:48,20261002,18,2,6-3-1,2049.0
2026-10-02 09:10:48,20261002,18,2,6-3-2,546.6
2026-10-02 09:10:48,20261002,18,2,6-3-4,2049.0
2026-10-02 09:10:48,20261002,18,2,6-3-5,1024.0
2026-10-02 09:10:48,20261002,18,2,6-4-1,1024.0
2026-10-02 09:10:48,20261002,18,2,6-4-2,1024.0
2026-10-02 09:10:48,20261002,18,2,6-4-3,2049.0
2026-10-02 09:10:48,20261002,18,2,6-4-5,1639.0
2026-10-02 09:10:48,20261002,18,2,6-5-1,1229.0
2026-10-02 09:10:48,20261002,18,2,6-5-2,1757.0
2026-10-02 09:10:48,20261002,18,2,6-5-3,2236.0
2026-10-02 09:10:48,20261002,18,2,6-5-4,1229.0
2026-10-02 09:20:47,20261002,14,3,1-2-3,18.5
2026-10-02 09:20:47,20261002,14,3,1-2-4,23.1
2026-10-02 09:20:47,20261002,14,3,1-2-5,49.1
2026-10-02 09:20:47,20261002,14,3,1-2-6,16.9
2026-10-02 09:20:47,20261002,14,3,1-3-2,16.5
2026-10-02 09:20:47,20261002,14,3,1-3-4,14.1
2026-10-02 09:20:47,20261002,14,3,1-3-5,28.5
2026-10-02 09:20:47,20261002,14,3,1-3-6,9.9
2026-10-02 09:20:47,20261002,14,3,1-4-2,27.4
2026-10-02 09:20:47,20261002,14,3,1-4-3,20.5
2026-10-02 09:20:47,20261002,14,3,1-4-5,42.4
2026-10-02 09:20:47,20261002,14,3,1-4-6,15.1
2026-10-02 09:20:47,20261002,14,3,1-5-2,90.5
2026-10-02 09:20:47,20261002,14,3,1-5-3,66.9
2026-10-02 09:20:47,20261002,14,3,1-5-4,93.8
2026-10-02 09:20:47,20261002,14,3,1-5-6,62.7
2026-10-02 09:20:47,20261002,14,3,1-6-2,23.9
2026-10-02 09:20:47,20261002,14,3,1-6-3,15.2
2026-10-02 09:20:47,20261002,14,3,1-6-4,22.9
2026-10-02 09:20:47,20261002,14,3,1-6-5,48.2
2026-10-02 09:20:47,20261002,14,3,2-1-3,129.9
2026-10-02 09:20:47,20261002,14,3,2-1-4,160.4
2026-10-02 09:20:47,20261002,14,3,2-1-5,244.4
2026-10-02 09:20:47,20261002,14,3,2-1-6,123.6
2026-10-02 09:20:47,20261002,14,3,2-3-1,252.4
2026-10-02 09:20:47,20261002,14,3,2-3-4,324.1
2026-10-02 09:20:47,20261002,14,3,2-3-5,399.9
2026-10-02 09:20:47,20261002,14,3,2-3-6,410.6
2026-10-02 09:20:47,20261002,14,3,2-4-1,307.9
2026-10-02 09:20:47,20261002,14,3,2-4-3,384.9
2026-10-02 09:20:47,20261002,14,3,2-4-5,615.9
2026-10-02 09:20:47,20261002,14,3,2-4-6,433.7
2026-10-02 09:20:47,20261002,14,3,2-5-1,459.6
2026-10-02 09:20:47,20261002,14,3,2-5-3,346.0
2026-10-02 09:20:47,20261002,14,3,2-5-4,549.9
2026-10-02 09:20:47,20261002,14,3,2-5-6,331.1
2026-10-02 09:20:47,20261002,14,3,2-6-1,287.8
2026-10-02 09:20:47,20261002,14,3,2-6-3,459.6
2026-10-02 09:20:47,20261002,14,3,2-6-4,433.7
2026-10-02 09:20:47,20261002,14,3,2-6-5,394.8
2026-10-02 09:20:47,20261002,14,3,3-1-2,106.9
2026-10-02 09:20:47,20261002,14,3,3-1-4,74.7
2026-10-02 09:20:47,20261002,14,3,3-1-5,96.2
2026-10-02 09:20:47,20261002,14,3,3-1-6,39.5
2026-10-02 09:20:47,20261002,14,3,3-2-1,238.7
2026-10-02 09:20:47,20261002,14,3,3-2-4,282.5
2026-10-02 09:20:47,20261002,14,3,3-2-5,208.0
2026-10-02 09:20:47,20261002,14,3,3-2-6,244.4
2026-10-02 09:20:47,20261002,14,3,3-4-1,157.9
2026-10-02 09:20:47,20261002,14,3,3-4-2,324.1
2026-10-02 09:20:47,20261002,14,3,3-4-5,353.9
2026-10-02 09:20:47,20261002,14,3,3-4-6,187.7
2026-10-02 09:20:47,20261002,14,3,3-5-1,219.9
2026-10-02 09:20:47,20261002,14,3,3-5-2,226.4
2026-10-02 09:20:47,20261002,14,3,3-5-4,371.0
2026-10-02 09:20:47,20261002,14,3,3-5-6,358.1
2026-10-02 09:20:47,20261002,14,3,3-6-1,103.6
2026-10-02 09:20:47,20261002,14,3,3-6-2,466.6
2026-10-02 09:20:47,20261002,14,3,3-6-4,274.9
2026-10-02 09:20:47,20261002,14,3,3-6-5,433.7
2026-10-02 09:20:47,20261002,14,3,4-1-2,158.7
2026-10-02 09:20:47,20261002,14,3,4-1-3,125.7
2026-10-02 09:20:47,20261002,14,3,4-1-5,142.5
2026-10-02 09:20:47,20261002,14,3,4-1-6,86.0
2026-10-02 09:20:47,20261002,14,3,4-2-1,299.0
2026-10-02 09:20:47,20261002,14,3,4-2-3,446.3
2026-10-02 09:20:47,20261002,14,3,4-2-5,504.8
2026-10-02 09:20:47,20261002,14,3,4-2-6,331.1
2026-10-02 09:20:47,20261002,14,3,4-3-1,193.6
2026-10-02 09:20:47,20261002,14,3,4-3-2,481.2
2026-10-02 09:20:47,20261002,14,3,4-3-5,375.5
2026-10-02 09:20:47,20261002,14,3,4-3-6,210.9
2026-10-02 09:20:47,20261002,14,3,4-5-1,244.4
2026-10-02 09:20:47,20261002,14,3,4-5-2,603.8
2026-10-02 09:20:47,20261002,14,3,4-5-3,530.9
2026-10-02 09:20:47,20261002,14,3,4-5-6,254.5
2026-10-02 09:20:47,20261002,14,3,4-6-1,158.7
2026-10-02 09:20:47,20261002,14,3,4-6-2,375.5
2026-10-02 09:20:47,20261002,14,3,4-6-3,265.4
2026-10-02 09:20:47,20261002,14,3,4-6-5,358.1
2026-10-02 09:20:47,20261002,14,3,5-1-2,136.2
2026-10-02 09:20:47,20261002,14,3,5-1-3,105.8
2026-10-02 09:20:47,20261002,14,3,5-1-4,126.7
2026-10-02 09:20:47,20261002,14,3,5-1-6,96.2
2026-10-02 09:20:47,20261002,14,3,5-2-1,481.2
2026-10-02 09:20:47,20261002,14,3,5-2-3,459.6
2026-10-02 09:20:47,20261002,14,3,5-2-4,540.3
2026-10-02 09:20:47,20261002,14,3,5-2-6,299.0
2026-10-02 09:20:47,20261002,14,3,5-3-1,293.3
2026-10-02 09:20:47,20261002,14,3,5-3-2,452.9
2026-10-02 09:20:47,20261002,14,3,5-3-4,592.2
2026-10-02 09:20:47,20261002,14,3,5-3-6,353.9
2026-10-02 09:20:47,20261002,14,3,5-4-1,304.9
2026-10-02 09:20:47,20261002,14,3,5-4-2,459.6
2026-10-02 09:20:47,20261002,14,3,5-4-3,427.7
2026-10-02 09:20:47,20261002,14,3,5-4-6,285.1
2026-10-02 09:20:47,20261002,14,3,5-6-1,256.6
2026-10-02 09:20:47,20261002,14,3,5-6-2,311.0
2026-10-02 09:20:47,20261002,14,3,5-6-3,481.2
2026-10-02 09:20:47,20261002,14,3,5-6-4,439.9
2026-10-02 09:20:47,20261002,14,3,6-1-2,76.4
2026-10-02 09:20:47,20261002,14,3,6-1-3,43.3
2026-10-02 09:20:47,20261002,14,3,6-1-4,69.9
2026-10-02 09:20:47,20261002,14,3,6-1-5,102.3
2026-10-02 09:20:47,20261002,14,3,6-2-1,174.9
2026-10-02 09:20:47,20261002,14,3,6-2-3,299.0
2026-10-02 09:20:47,20261002,14,3,6-2-4,459.6
2026-10-02 09:20:47,20261002,14,3,6-2-5,272.5
2026-10-02 09:20:47,20261002,14,3,6-3-1,103.0
2026-10-02 09:20:47,20261002,14,3,6-3-2,331.1
2026-10-02 09:20:47,20261002,14,3,6-3-4,267.8
2026-10-02 09:20:47,20261002,14,3,6-3-5,581.0
2026-10-02 09:20:47,20261002,14,3,6-4-1,116.2
2026-10-02 09:20:47,20261002,14,3,6-4-2,311.0
2026-10-02 09:20:47,20261002,14,3,6-4-3,163.8
2026-10-02 09:20:47,20261002,14,3,6-4-5,194.9
2026-10-02 09:20:47,20261002,14,3,6-5-1,143.2
2026-10-02 09:20:47,20261002,14,3,6-5-2,389.8
2026-10-02 09:20:47,20261002,14,3,6-5-3,208.0
2026-10-02 09:20:47,20261002,14,3,6-5-4,198.6
2026-10-02 09:25:32,20261002,23,3,1-2-3,25.6
2026-10-02 09:25:32,20261002,23,3,1-2-4,63.6
2026-10-02 09:25:32,20261002,23,3,1-2-5,44.6
2026-10-02 09:25:32,20261002,23,3,1-2-6,96.9
2026-10-02 09:25:32,20261002,23,3,1-3-2,24.5
2026-10-02 09:25:32,20261002,23,3,1-3-4,29.0
2026-10-02 09:25:32,20261002,23,3,1-3-5,7.8
2026-10-02 09:25:32,20261002,23,3,1-3-6,45.8
2026-10-02 09:25:32,20261002,23,3,1-4-2,97.4
2026-10-02 09:25:32,20261002,23,3,1-4-3,59.0
2026-10-02 09:25:32,20261002,23,3,1-4-5,15.1
2026-10-02 09:25:32,20261002,23,3,1-4-6,163.6
2026-10-02 09:25:32,20261002,23,3,1-5-2,31.5
2026-10-02 09:25:32,20261002,23,3,1-5-3,7.1
2026-10-02 09:25:32,20261002,23,3,1-5-4,13.7
2026-10-02 09:25:32,20261002,23,3,1-5-6,31.7
2026-10-02 09:25:32,20261002,23,3,1-6-2,216.5
2026-10-02 09:25:32,20261002,23,3,1-6-3,171.4
2026-10-02 09:25:32,20261002,23,3,1-6-4,175.6
2026-10-02 09:25:32,20261002,23,3,1-6-5,124.6
2026-10-02 09:25:32,20261002,23,3,2-1-3,148.8
2026-10-02 09:25:32,20261002,23,3,2-1-4,175.6
2026-10-02 09:25:32,20261002,23,3,2-1-5,98.7
2026-10-02 09:25:32,20261002,23,3,2-1-6,282.0
2026-10-02 09:25:32,20261002,23,3,2-3-1,255.1
2026-10-02 09:25:32,20261002,23,3,2-3-4,228.0
2026-10-02 09:25:32,20261002,23,3,2-3-5,246.3
2026-10-02 09:25:32,20261002,23,3,2-3-6,579.2
2026-10-02 09:25:32,20261002,23,3,2-4-1,297.6
2026-10-02 09:25:32,20261002,23,3,2-4-3,324.7
2026-10-02 09:25:32,20261002,23,3,2-4-5,428.6
2026-10-02 09:25:32,20261002,23,3,2-4-6,549.5
2026-10-02 09:25:32,20261002,23,3,2-5-1,204.1
2026-10-02 09:25:32,20261002,23,3,2-5-3,329.7
2026-10-02 09:25:32,20261002,23,3,2-5-4,363.2
2026-10-02 09:25:32,20261002,23,3,2-5-6,404.4
2026-10-02 09:25:32,20261002,23,3,2-6-1,793.8
2026-10-02 09:25:32,20261002,23,3,2-6-3,1260.0
2026-10-02 09:25:32,20261002,23,3,2-6-4,739.0
2026-10-02 09:25:32,20261002,23,3,2-6-5,714.4
2026-10-02 09:25:32,20261002,23,3,3-1-2,126.0
2026-10-02 09:25:32,20261002,23,3,3-1-4,84.0
2026-10-02 09:25:32,20261002,23,3,3-1-5,24.6
2026-10-02 09:25:32,20261002,23,3,3-1-6,92.3
2026-10-02 09:25:32,20261002,23,3,3-2-1,297.6
2026-10-02 09:25:32,20261002,23,3,3-2-4,198.4
2026-10-02 09:25:32,20261002,23,3,3-2-5,166.1
2026-10-02 09:25:32,20261002,23,3,3-2-6,329.7
2026-10-02 09:25:32,20261002,23,3,3-4-1,167.4
2026-10-02 09:25:32,20261002,23,3,3-4-2,278.3
2026-10-02 09:25:32,20261002,23,3,3-4-5,149.8
2026-10-02 09:25:32,20261002,23,3,3-4-6,271.3
2026-10-02 09:25:32,20261002,23,3,3-5-1,28.5
2026-10-02 09:25:32,20261002,23,3,3-5-2,102.0
2026-10-02 09:25:32,20261002,23,3,3-5-4,94.4
2026-10-02 09:25:32,20261002,23,3,3-5-6,59.0
2026-10-02 09:25:32,20261002,23,3,3-6-1,278.3
2026-10-02 09:25:32,20261002,23,3,3-6-2,389.7
2026-10-02 09:25:32,20261002,23,3,3-6-4,420.2
2026-10-02 09:25:32,20261002,23,3,3-6-5,166.1
2026-10-02 09:25:32,20261002,23,3,4-1-2,315.1
2026-10-02 09:25:32,20261002,23,3,4-1-3,340.2
2026-10-02 09:25:32,20261002,23,3,4-1-5,202.2
2026-10-02 09:25:32,20261002,23,3,4-1-6,324.7
2026-10-02 09:25:32,20261002,23,3,4-2-1,396.9
2026-10-02 09:25:32,20261002,23,3,4-2-3,446.5
2026-10-02 09:25:32,20261002,23,3,4-2-5,446.5
2026-10-02 09:25:32,20261002,23,3,4-2-6,579.2
2026-10-02 09:25:32,20261002,23,3,4-3-1,334.8
2026-10-02 09:25:32,20261002,23,3,4-3-2,404.4
2026-10-02 09:25:32,20261002,23,3,4-3-5,437.4
2026-10-02 09:25:32,20261002,23,3,4-3-6,476.3
2026-10-02 09:25:32,20261002,23,3,4-5-1,186.3
2026-10-02 09:25:32,20261002,23,3,4-5-2,476.3
2026-10-02 09:25:32,20261002,23,3,4-5-3,324.7
2026-10-02 09:25:32,20261002,23,3,4-5-6,243.5
2026-10-02 09:25:32,20261002,23,3,4-6-1,669.7
2026-10-02 09:25:32,20261002,23,3,4-6-2,595.3
2026-10-02 09:25:32,20261002,23,3,4-6-3,1020.0
2026-10-02 09:25:32,20261002,23,3,4-6-5,487.1
2026-10-02 09:25:32,20261002,23,3,5-1-2,49.8
2026-10-02 09:25:32,20261002,23,3,5-1-3,17.8
2026-10-02 09:25:32,20261002,23,3,5-1-4,59.0
2026-10-02 09:25:32,20261002,23,3,5-1-6,31.9
2026-10-02 09:25:32,20261002,23,3,5-2-1,136.5
2026-10-02 09:25:32,20261002,23,3,5-2-3,150.9
2026-10-02 09:25:32,20261002,23,3,5-2-4,183.1
2026-10-02 09:25:32,20261002,23,3,5-2-6,164.8
2026-10-02 09:25:32,20261002,23,3,5-3-1,34.4
2026-10-02 09:25:32,20261002,23,3,5-3-2,113.4
2026-10-02 09:25:32,20261002,23,3,5-3-4,108.2
2026-10-02 09:25:32,20261002,23,3,5-3-6,55.5
2026-10-02 09:25:32,20261002,23,3,5-4-1,131.4
2026-10-02 09:25:32,20261002,23,3,5-4-2,246.3
2026-10-02 09:25:32,20261002,23,3,5-4-3,206.0
2026-10-02 09:25:32,20261002,23,3,5-4-6,175.6
2026-10-02 09:25:32,20261002,23,3,5-6-1,77.9
2026-10-02 09:25:32,20261002,23,3,5-6-2,172.8
2026-10-02 09:25:32,20261002,23,3,5-6-3,85.0
2026-10-02 09:25:32,20261002,23,3,5-6-4,177.1
2026-10-02 09:25:32,20261002,23,3,6-1-2,510.3
2026-10-02 09:25:32,20261002,23,3,6-1-3,691.4
2026-10-02 09:25:32,20261002,23,3,6-1-4,974.2
2026-10-02 09:25:32,20261002,23,3,6-1-5,345.7
2026-10-02 09:25:32,20261002,23,3,6-2-1,1339.0
2026-10-02 09:25:32,20261002,23,3,6-2-3,765.4
2026-10-02 09:25:32,20261002,23,3,6-2-4,649.5
2026-10-02 09:25:32,20261002,23,3,6-2-5,564.0
2026-10-02 09:25:32,20261002,23,3,6-3-1,739.0
2026-10-02 09:25:32,20261002,23,3,6-3-2,1020.0
2026-10-02 09:25:32,20261002,23,3,6-3-4,1260.0
2026-10-02 09:25:32,20261002,23,3,6-3-5,382.7
2026-10-02 09:25:32,20261002,23,3,6-4-1,1128.0
2026-10-02 09:25:32,20261002,23,3,6-4-2,893.0
2026-10-02 09:25:32,20261002,23,3,6-4-3,1786.0
2026-10-02 09:25:32,20261002,23,3,6-4-5,669.7
2026-10-02 09:25:32,20261002,23,3,6-5-1,306.1
2026-10-02 09:25:32,20261002,23,3,6-5-2,824.3
2026-10-02 09:25:32,20261002,23,3,6-5-3,306.1
2026-10-02 09:25:32,20261002,23,3,6-5-4,630.3
2026-10-02 09:34:28,20261002,18,3,1-2-3,23.2
2026-10-02 09:34:28,20261002,18,3,1-2-4,23.2
2026-10-02 09:34:28,20261002,18,3,1-2-5,117.1
2026-10-02 09:34:28,20261002,18,3,1-2-6,45.1
2026-10-02 09:34:28,20261002,18,3,1-3-2,24.9
2026-10-02 09:34:28,20261002,18,3,1-3-4,12.2
2026-10-02 09:34:28,20261002,18,3,1-3-5,100.5
2026-10-02 09:34:28,20261002,18,3,1-3-6,19.2
2026-10-02 09:34:28,20261002,18,3,1-4-2,20.9
2026-10-02 09:34:28,20261002,18,3,1-4-3,10.4
2026-10-02 09:34:28,20261002,18,3,1-4-5,51.4
2026-10-02 09:34:28,20261002,18,3,1-4-6,6.9
2026-10-02 09:34:28,20261002,18,3,1-5-2,212.3
2026-10-02 09:34:28,20261002,18,3,1-5-3,118.7
2026-10-02 09:34:28,20261002,18,3,1-5-4,169.8
2026-10-02 09:34:28,20261002,18,3,1-5-6,182.6
2026-10-02 09:34:28,20261002,18,3,1-6-2,42.7
2026-10-02 09:34:28,20261002,18,3,1-6-3,24.5
2026-10-02 09:34:28,20261002,18,3,1-6-4,12.1
2026-10-02 09:34:28,20261002,18,3,1-6-5,163.3
2026-10-02 09:34:28,20261002,18,3,2-1-3,204.6
2026-10-02 09:34:28,20261002,18,3,2-1-4,129.6
2026-10-02 09:34:28,20261002,18,3,2-1-5,303.3
2026-10-02 09:34:28,20261002,18,3,2-1-6,217.7
2026-10-02 09:34:28,20261002,18,3,2-3-1,499.6
2026-10-02 09:34:28,20261002,18,3,2-3-4,459.1
2026-10-02 09:34:28,20261002,18,3,2-3-5,361.4
2026-10-02 09:34:28,20261002,18,3,2-3-6,514.7
2026-10-02 09:34:28,20261002,18,3,2-4-1,217.7
2026-10-02 09:34:28,20261002,18,3,2-4-3,361.4
2026-10-02 09:34:28,20261002,18,3,2-4-5,548.0
2026-10-02 09:34:28,20261002,18,3,2-4-6,414.3
2026-10-02 09:34:28,20261002,18,3,2-5-1,459.1
2026-10-02 09:34:28,20261002,18,3,2-5-3,566.2
2026-10-02 09:34:28,20261002,18,3,2-5-4,606.7
2026-10-02 09:34:28,20261002,18,3,2-5-6,772.1
2026-10-02 09:34:28,20261002,18,3,2-6-1,530.8
2026-10-02 09:34:28,20261002,18,3,2-6-3,707.8
2026-10-02 09:34:28,20261002,18,3,2-6-4,514.7
2026-10-02 09:34:28,20261002,18,3,2-6-5,772.1
2026-10-02 09:34:28,20261002,18,3,3-1-2,308.8
2026-10-02 09:34:28,20261002,18,3,3-1-4,66.8
2026-10-02 09:34:28,20261002,18,3,3-1-5,143.9
2026-10-02 09:34:28,20261002,18,3,3-1-6,101.7
2026-10-02 09:34:28,20261002,18,3,3-2-1,447.0
2026-10-02 09:34:28,20261002,18,3,3-2-4,320.5
2026-10-02 09:34:28,20261002,18,3,3-2-5,585.8
2026-10-02 09:34:28,20261002,18,3,3-2-6,346.6
2026-10-02 09:34:28,20261002,18,3,3-4-1,108.2
2026-10-02 09:34:28,20261002,18,3,3-4-2,320.5
2026-10-02 09:34:28,20261002,18,3,3-4-5,738.6
2026-10-02 09:34:28,20261002,18,3,3-4-6,95.9
2026-10-02 09:34:28,20261002,18,3,3-5-1,303.3
2026-10-02 09:34:28,20261002,18,3,3-5-2,386.0
2026-10-02 09:34:28,20261002,18,3,3-5-4,548.0
2026-10-02 09:34:28,20261002,18,3,3-5-6,485.3
2026-10-02 09:34:28,20261002,18,3,3-6-1,163.3
2026-10-02 09:34:28,20261002,18,3,3-6-2,548.0
2026-10-02 09:34:28,20261002,18,3,3-6-4,121.3
2026-10-02 09:34:28,20261002,18,3,3-6-5,459.1
2026-10-02 09:34:28,20261002,18,3,4-1-2,77.9
2026-10-02 09:34:28,20261002,18,3,4-1-3,36.2
2026-10-02 09:34:28,20261002,18,3,4-1-5,71.0
2026-10-02 09:34:28,20261002,18,3,4-1-6,19.2
2026-10-02 09:34:28,20261002,18,3,4-2-1,215.0
2026-10-02 09:34:28,20261002,18,3,4-2-3,257.3
2026-10-02 09:34:28,20261002,18,3,4-2-5,361.4
2026-10-02 09:34:28,20261002,18,3,4-2-6,132.7
2026-10-02 09:34:28,20261002,18,3,4-3-1,93.8
2026-10-02 09:34:28,20261002,18,3,4-3-2,377.5
2026-10-02 09:34:28,20261002,18,3,4-3-5,320.5
2026-10-02 09:34:28,20261002,18,3,4-3-6,88.4
2026-10-02 09:34:28,20261002,18,3,4-5-1,242.6
2026-10-02 09:34:28,20261002,18,3,4-5-2,424.7
2026-10-02 09:34:28,20261002,18,3,4-5-3,514.7
2026-10-02 09:34:28,20261002,18,3,4-5-6,217.7
2026-10-02 09:34:28,20261002,18,3,4-6-1,28.7
2026-10-02 09:34:28,20261002,18,3,4-6-2,121.3
2026-10-02 09:34:28,20261002,18,3,4-6-3,68.2
2026-10-02 09:34:28,20261002,18,3,4-6-5,134.8
2026-10-02 09:34:28,20261002,18,3,5-1-2,435.5
2026-10-02 09:34:28,20261002,18,3,5-1-3,303.3
2026-10-02 09:34:28,20261002,18,3,5-1-4,353.9
2026-10-02 09:34:28,20261002,18,3,5-1-6,424.7
2026-10-02 09:34:28,20261002,18,3,5-2-1,738.6
2026-10-02 09:34:28,20261002,18,3,5-2-3,585.8
2026-10-02 09:34:28,20261002,18,3,5-2-4,471.8
2026-10-02 09:34:28,20261002,18,3,5-2-6,435.5
2026-10-02 09:34:28,20261002,18,3,5-3-1,435.5
2026-10-02 09:34:28,20261002,18,3,5-3-2,606.7
2026-10-02 09:34:28,20261002,18,3,5-3-4,499.6
2026-10-02 09:34:28,20261002,18,3,5-3-6,1061.0
2026-10-02 09:34:28,20261002,18,3,5-4-1,377.5
2026-10-02 09:34:28,20261002,18,3,5-4-2,548.0
2026-10-02 09:34:28,20261002,18,3,5-4-3,653.3
2026-10-02 09:34:28,20261002,18,3,5-4-6,320.5
2026-10-02 09:34:28,20261002,18,3,5-6-1,530.8
2026-10-02 09:34:28,20261002,18,3,5-6-2,894.1
2026-10-02 09:34:28,20261002,18,3,5-6-3,585.8
2026-10-02 09:34:28,20261002,18,3,5-6-4,471.8
2026-10-02 09:34:28,20261002,18,3,6-1-2,107.5
2026-10-02 09:34:28,20261002,18,3,6-1-3,75.1
2026-10-02 09:34:28,20261002,18,3,6-1-4,41.3
2026-10-02 09:34:28,20261002,18,3,6-1-5,283.1
2026-10-02 09:34:28,20261002,18,3,6-2-1,414.3
2026-10-02 09:34:28,20261002,18,3,6-2-3,184.6
2026-10-02 09:34:28,20261002,18,3,6-2-4,242.6
2026-10-02 09:34:28,20261002,18,3,6-2-5,386.0
2026-10-02 09:34:28,20261002,18,3,6-3-1,146.4
2026-10-02 09:34:28,20261002,18,3,6-3-2,253.5
2026-10-02 09:34:28,20261002,18,3,6-3-4,126.7
2026-10-02 09:34:28,20261002,18,3,6-3-5,459.1
2026-10-02 09:34:28,20261002,18,3,6-4-1,53.2
2026-10-02 09:34:28,20261002,18,3,6-4-2,369.3
2026-10-02 09:34:28,20261002,18,3,6-4-3,111.7
2026-10-02 09:34:28,20261002,18,3,6-4-5,314.5
2026-10-02 09:34:28,20261002,18,3,6-5-1,499.6
2026-10-02 09:34:28,20261002,18,3,6-5-2,679.5
2026-10-02 09:34:28,20261002,18,3,6-5-3,566.2
2026-10-02 09:34:28,20261002,18,3,6-5-4,369.3
2026-10-02 09:40:45,20261002,14,4,1-2-3,12.6
2026-10-02 09:40:45,20261002,14,4,1-2-4,4.5
2026-10-02 09:40:45,20261002,14,4,1-2-5,36.7
2026-10-02 09:40:45,20261002,14,4,1-2-6,85.8
2026-10-02 09:40:45,20261002,14,4,1-3-2,20.1
2026-10-02 09:40:45,20261002,14,4,1-3-4,21.4
2026-10-02 09:40:45,20261002,14,4,1-3-5,50.3
2026-10-02 09:40:45,20261002,14,4,1-3-6,158.0
2026-10-02 09:40:45,20261002,14,4,1-4-2,9.1
2026-10-02 09:40:45,20261002,14,4,1-4-3,18.0
2026-10-02 09:40:45,20261002,14,4,1-4-5,42.9
2026-10-02 09:40:45,20261002,14,4,1-4-6,168.1
2026-10-02 09:40:45,20261002,14,4,1-5-2,46.7
2026-10-02 09:40:45,20261002,14,4,1-5-3,70.5
2026-10-02 09:40:45,20261002,14,4,1-5-4,88.7
2026-10-02 09:40:45,20261002,14,4,1-5-6,316.1
2026-10-02 09:40:45,20261002,14,4,1-6-2,168.1
2026-10-02 09:40:45,20261002,14,4,1-6-3,161.2
2026-10-02 09:40:45,20261002,14,4,1-6-4,219.5
2026-10-02 09:40:45,20261002,14,4,1-6-5,439.0
2026-10-02 09:40:45,20261002,14,4,2-1-3,63.7
2026-10-02 09:40:45,20261002,14,4,2-1-4,28.6
2026-10-02 09:40:45,20261002,14,4,2-1-5,96.3
2026-10-02 09:40:45,20261002,14,4,2-1-6,219.5
2026-10-02 09:40:45,20261002,14,4,2-3-1,133.9
2026-10-02 09:40:45,20261002,14,4,2-3-4,90.8
2026-10-02 09:40:45,20261002,14,4,2-3-5,96.3
2026-10-02 09:40:45,20261002,14,4,2-3-6,439.0
2026-10-02 09:40:45,20261002,14,4,2-4-1,42.0
2026-10-02 09:40:45,20261002,14,4,2-4-3,73.8
2026-10-02 09:40:45,20261002,14,4,2-4-5,109.7
2026-10-02 09:40:45,20261002,14,4,2-4-6,246.9
2026-10-02 09:40:45,20261002,14,4,2-5-1,239.4
2026-10-02 09:40:45,20261002,14,4,2-5-3,106.7
2026-10-02 09:40:45,20261002,14,4,2-5-4,171.7
2026-10-02 09:40:45,20261002,14,4,2-5-6,125.4
2026-10-02 09:40:45,20261002,14,4,2-6-1,329.2
2026-10-02 09:40:45,20261002,14,4,2-6-3,526.8
2026-10-02 09:40:45,20261002,14,4,2-6-4,282.2
2026-10-02 09:40:45,20261002,14,4,2-6-5,123.4
2026-10-02 09:40:45,20261002,14,4,3-1-2,114.5
2026-10-02 09:40:45,20261002,14,4,3-1-4,55.2
2026-10-02 09:40:45,20261002,14,4,3-1-5,69.3
2026-10-02 09:40:45,20261002,14,4,3-1-6,263.4
2026-10-02 09:40:45,20261002,14,4,3-2-1,192.7
2026-10-02 09:40:45,20261002,14,4,3-2-4,97.5
2026-10-02 09:40:45,20261002,14,4,3-2-5,74.5
2026-10-02 09:40:45,20261002,14,4,3-2-6,138.6
2026-10-02 09:40:45,20261002,14,4,3-4-1,119.7
2026-10-02 09:40:45,20261002,14,4,3-4-2,127.4
2026-10-02 09:40:45,20261002,14,4,3-4-5,376.3
2026-10-02 09:40:45,20261002,14,4,3-4-6,213.5
2026-10-02 09:40:45,20261002,14,4,3-5-1,161.2
2026-10-02 09:40:45,20261002,14,4,3-5-2,82.3
2026-10-02 09:40:45,20261002,14,4,3-5-4,246.9
2026-10-02 09:40:45,20261002,14,4,3-5-6,316.1
2026-10-02 09:40:45,20261002,14,4,3-6-1,439.0
2026-10-02 09:40:45,20261002,14,4,3-6-2,395.1
2026-10-02 09:40:45,20261002,14,4,3-6-4,343.5
2026-10-02 09:40:45,20261002,14,4,3-6-5,493.9
2026-10-02 09:40:45,20261002,14,4,4-1-2,38.9
2026-10-02 09:40:45,20261002,14,4,4-1-3,91.8
2026-10-02 09:40:45,20261002,14,4,4-1-5,77.4
2026-10-02 09:40:45,20261002,14,4,4-1-6,376.3
2026-10-02 09:40:45,20261002,14,4,4-2-1,55.6
2026-10-02 09:40:45,20261002,14,4,4-2-3,168.1
2026-10-02 09:40:45,20261002,14,4,4-2-5,131.7
2026-10-02 09:40:45,20261002,14,4,4-2-6,168.1
2026-10-02 09:40:45,20261002,14,4,4-3-1,161.2
2026-10-02 09:40:45,20261002,14,4,4-3-2,225.7
2026-10-02 09:40:45,20261002,14,4,4-3-5,343.5
2026-10-02 09:40:45,20261002,14,4,4-3-6,246.9
2026-10-02 09:40:45,20261002,14,4,4-5-1,123.4
2026-10-02 09:40:45,20261002,14,4,4-5-2,207.9
2026-10-02 09:40:45,20261002,14,4,4-5-3,395.1
2026-10-02 09:40:45,20261002,14,4,4-5-6,464.8
2026-10-02 09:40:45,20261002,14,4,4-6-1,607.9
2026-10-02 09:40:45,20261002,14,4,4-6-2,376.3
2026-10-02 09:40:45,20261002,14,4,4-6-3,343.5
2026-10-02 09:40:45,20261002,14,4,4-6-5,493.9
2026-10-02 09:40:45,20261002,14,4,5-1-2,192.7
2026-10-02 09:40:45,20261002,14,4,5-1-3,136.2
2026-10-02 09:40:45,20261002,14,4,5-1-4,123.4
2026-10-02 09:40:45,20261002,14,4,5-1-6,207.9
2026-10-02 09:40:45,20261002,14,4,5-2-1,316.1
2026-10-02 09:40:45,20261002,14,4,5-2-3,175.6
2026-10-02 09:40:45,20261002,14,4,5-2-4,164.6
2026-10-02 09:40:45,20261002,14,4,5-2-6,103.9
2026-10-02 09:40:45,20261002,14,4,5-3-1,192.7
2026-10-02 09:40:45,20261002,14,4,5-3-2,202.6
2026-10-02 09:40:45,20261002,14,4,5-3-4,395.1
2026-10-02 09:40:45,20261002,14,4,5-3-6,329.2
2026-10-02 09:40:45,20261002,14,4,5-4-1,154.9
2026-10-02 09:40:45,20261002,14,4,5-4-2,207.9
2026-10-02 09:40:45,20261002,14,4,5-4-3,439.0
2026-10-02 09:40:45,20261002,14,4,5-4-6,607.9
2026-10-02 09:40:45,20261002,14,4,5-6-1,987.8
2026-10-02 09:40:45,20261002,14,4,5-6-2,123.4
2026-10-02 09:40:45,20261002,14,4,5-6-3,376.3
2026-10-02 09:40:45,20261002,14,4,5-6-4,1128.0
2026-10-02 09:40:45,20261002,14,4,6-1-2,131.7
2026-10-02 09:40:45,20261002,14,4,6-1-3,376.3
2026-10-02 09:40:45,20261002,14,4,6-1-4,718.4
2026-10-02 09:40:45,20261002,14,4,6-1-5,1317.0
2026-10-02 09:40:45,20261002,14,4,6-2-1,359.2
2026-10-02 09:40:45,20261002,14,4,6-2-3,526.8
2026-10-02 09:40:45,20261002,14,4,6-2-4,376.3
2026-10-02 09:40:45,20261002,14,4,6-2-5,106.7
2026-10-02 09:40:45,20261002,14,4,6-3-1,493.9
2026-10-02 09:40:45,20261002,14,4,6-3-2,493.9
2026-10-02 09:40:45,20261002,14,4,6-3-4,282.2
2026-10-02 09:40:45,20261002,14,4,6-3-5,607.9
2026-10-02 09:40:45,20261002,14,4,6-4-1,1128.0
2026-10-02 09:40:45,20261002,14,4,6-4-2,395.1
2026-10-02 09:40:45,20261002,14,4,6-4-3,658.5
2026-10-02 09:40:45,20261002,14,4,6-4-5,1128.0
2026-10-02 09:40:45,20261002,14,4,6-5-1,987.8
2026-10-02 09:40:45,20261002,14,4,6-5-2,143.6
2026-10-02 09:40:45,20261002,14,4,6-5-3,987.8
2026-10-02 09:40:45,20261002,14,4,6-5-4,1580.0
2026-10-02 09:50:11,20261002,23,4,1-2-3,21.0
2026-10-02 09:50:11,20261002,23,4,1-2-4,32.8
2026-10-02 09:50:11,20261002,23,4,1-2-5,77.7
2026-10-02 09:50:11,20261002,23,4,1-2-6,121.4
2026-10-02 09:50:11,20261002,23,4,1-3-2,30.1
2026-10-02 09:50:11,20261002,23,4,1-3-4,10.8
2026-10-02 09:50:11,20261002,23,4,1-3-5,69.5
2026-10-02 09:50:11,20261002,23,4,1-3-6,242.9
2026-10-02 09:50:11,20261002,23,4,1-4-2,66.3
2026-10-02 09:50:11,20261002,23,4,1-4-3,11.6
2026-10-02 09:50:11,20261002,23,4,1-4-5,156.3
2026-10-02 09:50:11,20261002,23,4,1-4-6,297.9
2026-10-02 09:50:11,20261002,23,4,1-5-2,177.4
2026-10-02 09:50:11,20261002,23,4,1-5-3,171.6
2026-10-02 09:50:11,20261002,23,4,1-5-4,183.6
2026-10-02 09:50:11,20261002,23,4,1-5-6,415.5
2026-10-02 09:50:11,20261002,23,4,1-6-2,426.8
2026-10-02 09:50:11,20261002,23,4,1-6-3,544.5
2026-10-02 09:50:11,20261002,23,4,1-6-4,254.7
2026-10-02 09:50:11,20261002,23,4,1-6-5,717.8
2026-10-02 09:50:11,20261002,23,4,2-1-3,16.1
2026-10-02 09:50:11,20261002,23,4,2-1-4,22.2
2026-10-02 09:50:11,20261002,23,4,2-1-5,56.4
2026-10-02 09:50:11,20261002,23,4,2-1-6,127.3
2026-10-02 09:50:11,20261002,23,4,2-3-1,17.1
2026-10-02 09:50:11,20261002,23,4,2-3-4,9.4
2026-10-02 09:50:11,20261002,23,4,2-3-5,43.2
2026-10-02 09:50:11,20261002,23,4,2-3-6,68.9
2026-10-02 09:50:11,20261002,23,4,2-4-1,39.9
2026-10-02 09:50:11,20261002,23,4,2-4-3,17.7
2026-10-02 09:50:11,20261002,23,4,2-4-5,78.1
2026-10-02 09:50:11,20261002,23,4,2-4-6,91.8
2026-10-02 09:50:11,20261002,23,4,2-5-1,232.2
2026-10-02 09:50:11,20261002,23,4,2-5-3,199.8
2026-10-02 09:50:11,20261002,23,4,2-5-4,181.5
2026-10-02 09:50:11,20261002,23,4,2-5-6,526.4
2026-10-02 09:50:11,20261002,23,4,2-6-1,404.9
2026-10-02 09:50:11,20261002,23,4,2-6-3,358.9
2026-10-02 09:50:11,20261002,23,4,2-6-4,350.9
2026-10-02 09:50:11,20261002,23,4,2-6-5,877.3
2026-10-02 09:50:11,20261002,23,4,3-1-2,34.4
2026-10-02 09:50:11,20261002,23,4,3-1-4,55.4
2026-10-02 09:50:11,20261002,23,4,3-1-5,110.4
2026-10-02 09:50:11,20261002,23,4,3-1-6,367.2
2026-10-02 09:50:11,20261002,23,4,3-2-1,29.2
2026-10-02 09:50:11,20261002,23,4,3-2-4,15.1
2026-10-02 09:50:11,20261002,23,4,3-2-5,53.5
2026-10-02 09:50:11,20261002,23,4,3-2-6,89.2
2026-10-02 09:50:11,20261002,23,4,3-4-1,57.8
2026-10-02 09:50:11,20261002,23,4,3-4-2,26.1
2026-10-02 09:50:11,20261002,23,4,3-4-5,112.8
2026-10-02 09:50:11,20261002,23,4,3-4-6,154.8
2026-10-02 09:50:11,20261002,23,4,3-5-1,303.6
2026-10-02 09:50:11,20261002,23,4,3-5-2,162.8
2026-10-02 09:50:11,20261002,23,4,3-5-4,282.0
2026-10-02 09:50:11,20261002,23,4,3-5-6,686.6
2026-10-02 09:50:11,20261002,23,4,3-6-1,752.0
2026-10-02 09:50:11,20261002,23,4,3-6-2,358.9
2026-10-02 09:50:11,20261002,23,4,3-6-4,451.2
2026-10-02 09:50:11,20261002,23,4,3-6-5,987.0
2026-10-02 09:50:11,20261002,23,4,4-1-2,100.5
2026-10-02 09:50:11,20261002,23,4,4-1-3,147.5
2026-10-02 09:50:11,20261002,23,4,4-1-5,277.0
2026-10-02 09:50:11,20261002,23,4,4-1-6,493.5
2026-10-02 09:50:11,20261002,23,4,4-2-1,84.4
2026-10-02 09:50:11,20261002,23,4,4-2-3,29.6
2026-10-02 09:50:11,20261002,23,4,4-2-5,121.4
2026-10-02 09:50:11,20261002,23,4,4-2-6,199.8
2026-10-02 09:50:11,20261002,23,4,4-3-1,94.5
2026-10-02 09:50:11,20261002,23,4,4-3-2,38.7
2026-10-02 09:50:11,20261002,23,4,4-3-5,250.6
2026-10-02 09:50:11,20261002,23,4,4-3-6,303.6
2026-10-02 09:50:11,20261002,23,4,4-5-1,464.4
2026-10-02 09:50:11,20261002,23,4,4-5-2,179.4
2026-10-02 09:50:11,20261002,23,4,4-5-3,297.9
2026-10-02 09:50:11,20261002,23,4,4-5-6,564.0
2026-10-02 09:50:11,20261002,23,4,4-6-1,631.6
2026-10-02 09:50:11,20261002,23,4,4-6-2,404.9
2026-10-02 09:50:11,20261002,23,4,4-6-3,526.4
2026-10-02 09:50:11,20261002,23,4,4-6-5,928.9
2026-10-02 09:50:11,20261002,23,4,5-1-2,385.1
2026-10-02 09:50:11,20261002,23,4,5-1-3,336.0
2026-10-02 09:50:11,20261002,23,4,5-1-4,478.5
2026-10-02 09:50:11,20261002,23,4,5-1-6,564.0
2026-10-02 09:50:11,20261002,23,4,5-2-1,544.5
2026-10-02 09:50:11,20261002,23,4,5-2-3,376.0
2026-10-02 09:50:11,20261002,23,4,5-2-4,263.2
2026-10-02 09:50:11,20261002,23,4,5-2-6,584.8
2026-10-02 09:50:11,20261002,23,4,5-3-1,464.4
2026-10-02 09:50:11,20261002,23,4,5-3-2,343.3
2026-10-02 09:50:11,20261002,23,4,5-3-4,564.0
2026-10-02 09:50:11,20261002,23,4,5-3-6,928.9
2026-10-02 09:50:11,20261002,23,4,5-4-1,831.1
2026-10-02 09:50:11,20261002,23,4,5-4-2,415.5
2026-10-02 09:50:11,20261002,23,4,5-4-3,752.0
2026-10-02 09:50:11,20261002,23,4,5-4-6,928.9
2026-10-02 09:50:11,20261002,23,4,5-6-1,987.0
2026-10-02 09:50:11,20261002,23,4,5-6-2,1052.0
2026-10-02 09:50:11,20261002,23,4,5-6-3,631.6
2026-10-02 09:50:11,20261002,23,4,5-6-4,1316.0
2026-10-02 09:50:11,20261002,23,4,6-1-2,385.1
2026-10-02 09:50:11,20261002,23,4,6-1-3,1316.0
2026-10-02 09:50:11,20261002,23,4,6-1-4,928.9
2026-10-02 09:50:11,20261002,23,4,6-1-5,1128.0
2026-10-02 09:50:11,20261002,23,4,6-2-1,987.0
2026-10-02 09:50:11,20261002,23,4,6-2-3,564.0
2026-10-02 09:50:11,20261002,23,4,6-2-4,584.8
2026-10-02 09:50:11,20261002,23,4,6-2-5,607.3
2026-10-02 09:50:11,20261002,23,4,6-3-1,1579.0
2026-10-02 09:50:11,20261002,23,4,6-3-2,658.0
2026-10-02 09:50:11,20261002,23,4,6-3-4,987.0
2026-10-02 09:50:11,20261002,23,4,6-3-5,1316.0
2026-10-02 09:50:11,20261002,23,4,6-4-1,1316.0
2026-10-02 09:50:11,20261002,23,4,6-4-2,686.6
2026-10-02 09:50:11,20261002,23,4,6-4-3,1128.0
2026-10-02 09:50:11,20261002,23,4,6-4-5,1316.0
2026-10-02 09:50:11,20261002,23,4,6-5-1,1128.0
2026-10-02 09:50:11,20261002,23,4,6-5-2,1579.0
2026-10-02 09:50:11,20261002,23,4,6-5-3,1435.0
2026-10-02 09:50:11,20261002,23,4,6-5-4,1435.0
2026-10-02 10:02:22,20261002,18,4,1-2-3,9.4
2026-10-02 10:02:22,20261002,18,4,1-2-4,4.9
2026-10-02 10:02:22,20261002,18,4,1-2-5,4.6
2026-10-02 10:02:22,20261002,18,4,1-2-6,66.1
2026-10-02 10:02:22,20261002,18,4,1-3-2,20.6
2026-10-02 10:02:22,20261002,18,4,1-3-4,51.7
2026-10-02 10:02:22,20261002,18,4,1-3-5,33.5
2026-10-02 10:02:22,20261002,18,4,1-3-6,271.8
2026-10-02 10:02:22,20261002,18,4,1-4-2,14.2
2026-10-02 10:02:22,20261002,18,4,1-4-3,62.2
2026-10-02 10:02:22,20261002,18,4,1-4-5,24.0
2026-10-02 10:02:22,20261002,18,4,1-4-6,199.0
2026-10-02 10:02:22,20261002,18,4,1-5-2,10.2
2026-10-02 10:02:22,20261002,18,4,1-5-3,25.3
2026-10-02 10:02:22,20261002,18,4,1-5-4,21.2
2026-10-02 10:02:22,20261002,18,4,1-5-6,175.5
2026-10-02 10:02:22,20261002,18,4,1-6-2,257.9
2026-10-02 10:02:22,20261002,18,4,1-6-3,414.3
2026-10-02 10:02:22,20261002,18,4,1-6-4,443.4
2026-10-02 10:02:22,20261002,18,4,1-6-5,337.0
2026-10-02 10:02:22,20261002,18,4,2-1-3,69.2
2026-10-02 10:02:22,20261002,18,4,2-1-4,33.3
2026-10-02 10:02:22,20261002,18,4,2-1-5,27.3
2026-10-02 10:02:22,20261002,18,4,2-1-6,225.6
2026-10-02 10:02:22,20261002,18,4,2-3-1,293.9
2026-10-02 10:02:22,20261002,18,4,2-3-4,377.2
2026-10-02 10:02:22,20261002,18,4,2-3-5,319.9
2026-10-02 10:02:22,20261002,18,4,2-3-6,902.7
2026-10-02 10:02:22,20261002,18,4,2-4-1,99.9
2026-10-02 10:02:22,20261002,18,4,2-4-3,324.0
2026-10-02 10:02:22,20261002,18,4,2-4-5,197.4
2026-10-02 10:02:22,20261002,18,4,2-4-6,743.4
2026-10-02 10:02:22,20261002,18,4,2-5-1,71.6
2026-10-02 10:02:22,20261002,18,4,2-5-3,293.9
2026-10-02 10:02:22,20261002,18,4,2-5-4,197.4
2026-10-02 10:02:22,20261002,18,4,2-5-6,815.4
2026-10-02 10:02:22,20261002,18,4,2-6-1,574.5
2026-10-02 10:02:22,20261002,18,4,2-6-3,1486.0
2026-10-02 10:02:22,20261002,18,4,2-6-4,1203.0
2026-10-02 10:02:22,20261002,18,4,2-6-5,936.2
2026-10-02 10:02:22,20261002,18,4,3-1-2,346.2
2026-10-02 10:02:22,20261002,18,4,3-1-4,219.8
2026-10-02 10:02:22,20261002,18,4,3-1-5,187.2
2026-10-02 10:02:22,20261002,18,4,3-1-6,683.1
2026-10-02 10:02:22,20261002,18,4,3-2-1,495.6
2026-10-02 10:02:22,20261002,18,4,3-2-4,341.5
2026-10-02 10:02:22,20261002,18,4,3-2-5,428.4
2026-10-02 10:02:22,20261002,18,4,3-2-6,631.9
2026-10-02 10:02:22,20261002,18,4,3-4-1,505.5
2026-10-02 10:02:22,20261002,18,4,3-4-2,495.6
2026-10-02 10:02:22,20261002,18,4,3-4-5,743.4
2026-10-02 10:02:22,20261002,18,4,3-4-6,505.5
2026-10-02 10:02:22,20261002,18,4,3-5-1,414.3
2026-10-02 10:02:22,20261002,18,4,3-5-2,388.8
2026-10-02 10:02:22,20261002,18,4,3-5-4,574.5
2026-10-02 10:02:22,20261002,18,4,3-5-6,587.8
2026-10-02 10:02:22,20261002,18,4,3-6-1,2106.0
2026-10-02 10:02:22,20261002,18,4,3-6-2,1685.0
2026-10-02 10:02:22,20261002,18,4,3-6-4,1149.0
2026-10-02 10:02:22,20261002,18,4,3-6-5,902.7
2026-10-02 10:02:22,20261002,18,4,4-1-2,105.3
2026-10-02 10:02:22,20261002,18,4,4-1-3,324.0
2026-10-02 10:02:22,20261002,18,4,4-1-5,128.9
2026-10-02 10:02:22,20261002,18,4,4-1-6,549.5
2026-10-02 10:02:22,20261002,18,4,4-2-1,185.8
2026-10-02 10:02:22,20261002,18,4,4-2-3,601.8
2026-10-02 10:02:22,20261002,18,4,4-2-5,290.5
2026-10-02 10:02:22,20261002,18,4,4-2-6,537.8
2026-10-02 10:02:22,20261002,18,4,4-3-1,443.4
2026-10-02 10:02:22,20261002,18,4,4-3-2,815.4
2026-10-02 10:02:22,20261002,18,4,4-3-5,648.1
2026-10-02 10:02:22,20261002,18,4,4-3-6,702.1
2026-10-02 10:02:22,20261002,18,4,4-5-1,199.0
2026-10-02 10:02:22,20261002,18,4,4-5-2,290.5
2026-10-02 10:02:22,20261002,18,4,4-5-3,515.8
2026-10-02 10:02:22,20261002,18,4,4-5-6,702.1
2026-10-02 10:02:22,20261002,18,4,4-6-1,766.0
2026-10-02 10:02:22,20261002,18,4,4-6-2,1203.0
2026-10-02 10:02:22,20261002,18,4,4-6-3,1579.0
2026-10-02 10:02:22,20261002,18,4,4-6-5,1053.0
2026-10-02 10:02:22,20261002,18,4,5-1-2,39.9
2026-10-02 10:02:22,20261002,18,4,5-1-3,127.0
2026-10-02 10:02:22,20261002,18,4,5-1-4,89.3
2026-10-02 10:02:22,20261002,18,4,5-1-6,271.8
2026-10-02 10:02:22,20261002,18,4,5-2-1,63.8
2026-10-02 10:02:22,20261002,18,4,5-2-3,280.8
2026-10-02 10:02:22,20261002,18,4,5-2-4,200.6
2026-10-02 10:02:22,20261002,18,4,5-2-6,388.8
2026-10-02 10:02:22,20261002,18,4,5-3-1,346.2
2026-10-02 10:02:22,20261002,18,4,5-3-2,537.8
2026-10-02 10:02:22,20261002,18,4,5-3-4,468.1
2026-10-02 10:02:22,20261002,18,4,5-3-6,1011.0
2026-10-02 10:02:22,20261002,18,4,5-4-1,207.1
2026-10-02 10:02:22,20261002,18,4,5-4-2,287.2
2026-10-02 10:02:22,20261002,18,4,5-4-3,515.8
2026-10-02 10:02:22,20261002,18,4,5-4-6,537.8
2026-10-02 10:02:22,20261002,18,4,5-6-1,665.2
2026-10-02 10:02:22,20261002,18,4,5-6-2,1149.0
2026-10-02 10:02:22,20261002,18,4,5-6-3,842.6
2026-10-02 10:02:22,20261002,18,4,5-6-4,1099.0
2026-10-02 10:02:22,20261002,18,4,6-1-2,401.2
2026-10-02 10:02:22,20261002,18,4,6-1-3,1404.0
2026-10-02 10:02:22,20261002,18,4,6-1-4,902.7
2026-10-02 10:02:22,20261002,18,4,6-1-5,1099.0
2026-10-02 10:02:22,20261002,18,4,6-2-1,871.6
2026-10-02 10:02:22,20261002,18,4,6-2-3,486.1
2026-10-02 10:02:22,20261002,18,4,6-2-4,1011.0
2026-10-02 10:02:22,20261002,18,4,6-2-5,815.4
2026-10-02 10:02:22,20261002,18,4,6-3-1,1805.0
2026-10-02 10:02:22,20261002,18,4,6-3-2,526.6
2026-10-02 10:02:22,20261002,18,4,6-3-4,1486.0
2026-10-02 10:02:22,20261002,18,4,6-3-5,902.7
2026-10-02 10:02:22,20261002,18,4,6-4-1,1685.0
2026-10-02 10:02:22,20261002,18,4,6-4-2,2106.0
2026-10-02 10:02:22,20261002,18,4,6-4-3,1685.0
2026-10-02 10:02:22,20261002,18,4,6-4-5,1685.0
2026-10-02 10:02:22,20261002,18,4,6-5-1,1011.0
2026-10-02 10:02:22,20261002,18,4,6-5-2,1203.0
2026-10-02 10:02:22,20261002,18,4,6-5-3,1486.0
2026-10-02 10:02:22,20261002,18,4,6-5-4,1203.0
2026-10-02 10:09:02,20261002,14,5,1-2-3,13.9
2026-10-02 10:09:02,20261002,14,5,1-2-4,21.1
2026-10-02 10:09:02,20261002,14,5,1-2-5,31.3
2026-10-02 10:09:02,20261002,14,5,1-2-6,24.9
2026-10-02 10:09:02,20261002,14,5,1-3-2,14.0
2026-10-02 10:09:02,20261002,14,5,1-3-4,15.3
2026-10-02 10:09:02,20261002,14,5,1-3-5,21.2
2026-10-02 10:09:02,20261002,14,5,1-3-6,13.7
2026-10-02 10:09:02,20261002,14,5,1-4-2,33.5
2026-10-02 10:09:02,20261002,14,5,1-4-3,32.2
2026-10-02 10:09:02,20261002,14,5,1-4-5,68.5
2026-10-02 10:09:02,20261002,14,5,1-4-6,30.3
2026-10-02 10:09:02,20261002,14,5,1-5-2,68.1
2026-10-02 10:09:02,20261002,14,5,1-5-3,52.9
2026-10-02 10:09:02,20261002,14,5,1-5-4,97.1
2026-10-02 10:09:02,20261002,14,5,1-5-6,69.3
2026-10-02 10:09:02,20261002,14,5,1-6-2,36.6
2026-10-02 10:09:02,20261002,14,5,1-6-3,26.2
2026-10-02 10:09:02,20261002,14,5,1-6-4,43.3
2026-10-02 10:09:02,20261002,14,5,1-6-5,61.5
2026-10-02 10:09:02,20261002,14,5,2-1-3,57.2
2026-10-02 10:09:02,20261002,14,5,2-1-4,76.9
2026-10-02 10:09:02,20261002,14,5,2-1-5,109.6
2026-10-02 10:09:02,20261002,14,5,2-1-6,77.2
2026-10-02 10:09:02,20261002,14,5,2-3-1,101.4
2026-10-02 10:09:02,20261002,14,5,2-3-4,141.2
2026-10-02 10:09:02,20261002,14,5,2-3-5,125.8
2026-10-02 10:09:02,20261002,14,5,2-3-6,164.4
2026-10-02 10:09:02,20261002,14,5,2-4-1,164.4
2026-10-02 10:09:02,20261002,14,5,2-4-3,163.2
2026-10-02 10:09:02,20261002,14,5,2-4-5,338.5
2026-10-02 10:09:02,20261002,14,5,2-4-6,225.7
2026-10-02 10:09:02,20261002,14,5,2-5-1,371.3
2026-10-02 10:09:02,20261002,14,5,2-5-3,177.0
2026-10-02 10:09:02,20261002,14,5,2-5-4,434.3
2026-10-02 10:09:02,20261002,14,5,2-5-6,215.1
2026-10-02 10:09:02,20261002,14,5,2-6-1,153.4
2026-10-02 10:09:02,20261002,14,5,2-6-3,239.8
2026-10-02 10:09:02,20261002,14,5,2-6-4,179.8
2026-10-02 10:09:02,20261002,14,5,2-6-5,188.7
2026-10-02 10:09:02,20261002,14,5,3-1-2,54.2
2026-10-02 10:09:02,20261002,14,5,3-1-4,45.8
2026-10-02 10:09:02,20261002,14,5,3-1-5,54.1
2026-10-02 10:09:02,20261002,14,5,3-1-6,44.5
2026-10-02 10:09:02,20261002,14,5,3-2-1,108.5
2026-10-02 10:09:02,20261002,14,5,3-2-4,117.4
2026-10-02 10:09:02,20261002,14,5,3-2-5,86.5
2026-10-02 10:09:02,20261002,14,5,3-2-6,119.9
2026-10-02 10:09:02,20261002,14,5,3-4-1,116.2
2026-10-02 10:09:02,20261002,14,5,3-4-2,168.0
2026-10-02 10:09:02,20261002,14,5,3-4-5,147.5
2026-10-02 10:09:02,20261002,14,5,3-4-6,112.3
2026-10-02 10:09:02,20261002,14,5,3-5-1,115.1
2026-10-02 10:09:02,20261002,14,5,3-5-2,123.7
2026-10-02 10:09:02,20261002,14,5,3-5-4,196.7
2026-10-02 10:09:02,20261002,14,5,3-5-6,165.6
2026-10-02 10:09:02,20261002,14,5,3-6-1,70.1
2026-10-02 10:09:02,20261002,14,5,3-6-2,198.4
2026-10-02 10:09:02,20261002,14,5,3-6-4,116.2
2026-10-02 10:09:02,20261002,14,5,3-6-5,157.6
2026-10-02 10:09:02,20261002,14,5,4-1-2,181.2
2026-10-02 10:09:02,20261002,14,5,4-1-3,165.6
2026-10-02 10:09:02,20261002,14,5,4-1-5,181.2
2026-10-02 10:09:02,20261002,14,5,4-1-6,113.4
2026-10-02 10:09:02,20261002,14,5,4-2-1,250.2
2026-10-02 10:09:02,20261002,14,5,4-2-3,319.7
2026-10-02 10:09:02,20261002,14,5,4-2-5,311.1
2026-10-02 10:09:02,20261002,14,5,4-2-6,239.8
2026-10-02 10:09:02,20261002,14,5,4-3-1,188.7
2026-10-02 10:09:02,20261002,14,5,4-3-2,267.7
2026-10-02 10:09:02,20261002,14,5,4-3-5,333.6
2026-10-02 10:09:02,20261002,14,5,4-3-6,191.8
2026-10-02 10:09:02,20261002,14,5,4-5-1,201.9
2026-10-02 10:09:02,20261002,14,5,4-5-2,489.8
2026-10-02 10:09:02,20261002,14,5,4-5-3,377.4
2026-10-02 10:09:02,20261002,14,5,4-5-6,258.6
2026-10-02 10:09:02,20261002,14,5,4-6-1,159.8
2026-10-02 10:09:02,20261002,14,5,4-6-2,295.1
2026-10-02 10:09:02,20261002,14,5,4-6-3,280.7
2026-10-02 10:09:02,20261002,14,5,4-6-5,298.9
2026-10-02 10:09:02,20261002,14,5,5-1-2,247.5
2026-10-02 10:09:02,20261002,14,5,5-1-3,151.4
2026-10-02 10:09:02,20261002,14,5,5-1-4,225.7
2026-10-02 10:09:02,20261002,14,5,5-1-6,148.5
2026-10-02 10:09:02,20261002,14,5,5-2-1,390.2
2026-10-02 10:09:02,20261002,14,5,5-2-3,252.9
2026-10-02 10:09:02,20261002,14,5,5-2-4,418.5
2026-10-02 10:09:02,20261002,14,5,5-2-6,207.4
2026-10-02 10:09:02,20261002,14,5,5-3-1,178.4
2026-10-02 10:09:02,20261002,14,5,5-3-2,239.8
2026-10-02 10:09:02,20261002,14,5,5-3-4,333.6
2026-10-02 10:09:02,20261002,14,5,5-3-6,270.8
2026-10-02 10:09:02,20261002,14,5,5-4-1,252.9
2026-10-02 10:09:02,20261002,14,5,5-4-2,451.4
2026-10-02 10:09:02,20261002,14,5,5-4-3,469.8
2026-10-02 10:09:02,20261002,14,5,5-4-6,377.4
2026-10-02 10:09:02,20261002,14,5,5-6-1,237.3
2026-10-02 10:09:02,20261002,14,5,5-6-2,219.2
2026-10-02 10:09:02,20261002,14,5,5-6-3,311.1
2026-10-02 10:09:02,20261002,14,5,5-6-4,390.2
2026-10-02 10:09:02,20261002,14,5,6-1-2,80.7
2026-10-02 10:09:02,20261002,14,5,6-1-3,86.2
2026-10-02 10:09:02,20261002,14,5,6-1-4,106.5
2026-10-02 10:09:02,20261002,14,5,6-1-5,143.8
2026-10-02 10:09:02,20261002,14,5,6-2-1,147.5
2026-10-02 10:09:02,20261002,14,5,6-2-3,383.7
2026-10-02 10:09:02,20261002,14,5,6-2-4,343.6
2026-10-02 10:09:02,20261002,14,5,6-2-5,191.8
2026-10-02 10:09:02,20261002,14,5,6-3-1,136.2
2026-10-02 10:09:02,20261002,14,5,6-3-2,328.8
2026-10-02 10:09:02,20261002,14,5,6-3-4,223.5
2026-10-02 10:09:02,20261002,14,5,6-3-5,377.4
2026-10-02 10:09:02,20261002,14,5,6-4-1,195.1
2026-10-02 10:09:02,20261002,14,5,6-4-2,442.7
2026-10-02 10:09:02,20261002,14,5,6-4-3,319.7
2026-10-02 10:09:02,20261002,14,5,6-4-5,469.8
2026-10-02 10:09:02,20261002,14,5,6-5-1,319.7
2026-10-02 10:09:02,20261002,14,5,6-5-2,284.2
2026-10-02 10:09:02,20261002,14,5,6-5-3,511.6
2026-10-02 10:09:02,20261002,14,5,6-5-4,511.6
2026-10-02 10:18:21,20261002,9,1,1-2-3,11.8
2026-10-02 10:18:21,20261002,9,1,1-2-4,14.6
2026-10-02 10:18:21,20261002,9,1,1-2-5,72.2
2026-10-02 10:18:21,20261002,9,1,1-2-6,36.0
2026-10-02 10:18:21,20261002,9,1,1-3-2,6.1
2026-10-02 10:18:21,20261002,9,1,1-3-4,4.6
2026-10-02 10:18:21,20261002,9,1,1-3-5,49.9
2026-10-02 10:18:21,20261002,9,1,1-3-6,19.6
2026-10-02 10:18:21,20261002,9,1,1-4-2,20.6
2026-10-02 10:18:21,20261002,9,1,1-4-3,10.5
2026-10-02 10:18:21,20261002,9,1,1-4-5,81.0
2026-10-02 10:18:21,20261002,9,1,1-4-6,23.9
2026-10-02 10:18:21,20261002,9,1,1-5-2,145.5
2026-10-02 10:18:21,20261002,9,1,1-5-3,156.9
2026-10-02 10:18:21,20261002,9,1,1-5-4,159.4
2026-10-02 10:18:21,20261002,9,1,1-5-6,271.4
2026-10-02 10:18:21,20261002,9,1,1-6-2,127.1
2026-10-02 10:18:21,20261002,9,1,1-6-3,88.1
2026-10-02 10:18:21,20261002,9,1,1-6-4,103.5
2026-10-02 10:18:21,20261002,9,1,1-6-5,228.2
2026-10-02 10:18:21,20261002,9,1,2-1-3,56.1
2026-10-02 10:18:21,20261002,9,1,2-1-4,99.4
2026-10-02 10:18:21,20261002,9,1,2-1-5,193.1
2026-10-02 10:18:21,20261002,9,1,2-1-6,127.1
2026-10-02 10:18:21,20261002,9,1,2-3-1,173.1
2026-10-02 10:18:21,20261002,9,1,2-3-4,233.5
2026-10-02 10:18:21,20261002,9,1,2-3-5,478.2
2026-10-02 10:18:21,20261002,9,1,2-3-6,528.6
2026-10-02 10:18:21,20261002,9,1,2-4-1,239.1
2026-10-02 10:18:21,20261002,9,1,2-4-3,264.3
2026-10-02 10:18:21,20261002,9,1,2-4-5,346.3
2026-10-02 10:18:21,20261002,9,1,2-4-6,304.3
2026-10-02 10:18:21,20261002,9,1,2-5-1,590.8
2026-10-02 10:18:21,20261002,9,1,2-5-3,558.0
2026-10-02 10:18:21,20261002,9,1,2-5-4,717.4
2026-10-02 10:18:21,20261002,9,1,2-5-6,772.6
2026-10-02 10:18:21,20261002,9,1,2-6-1,223.2
2026-10-02 10:18:21,20261002,9,1,2-6-3,502.2
2026-10-02 10:18:21,20261002,9,1,2-6-4,334.8
2026-10-02 10:18:21,20261002,9,1,2-6-5,324.0
2026-10-02 10:18:21,20261002,9,1,3-1-2,44.0
2026-10-02 10:18:21,20261002,9,1,3-1-4,25.3
2026-10-02 10:18:21,20261002,9,1,3-1-5,100.4
2026-10-02 10:18:21,20261002,9,1,3-1-6,66.5
2026-10-02 10:18:21,20261002,9,1,3-2-1,108.0
2026-10-02 10:18:21,20261002,9,1,3-2-4,114.1
2026-10-02 10:18:21,20261002,9,1,3-2-5,233.5
2026-10-02 10:18:21,20261002,9,1,3-2-6,167.4
2026-10-02 10:18:21,20261002,9,1,3-4-1,53.4
2026-10-02 10:18:21,20261002,9,1,3-4-2,104.6
2026-10-02 10:18:21,20261002,9,1,3-4-5,244.9
2026-10-02 10:18:21,20261002,9,1,3-4-6,96.5
2026-10-02 10:18:21,20261002,9,1,3-5-1,372.0
2026-10-02 10:18:21,20261002,9,1,3-5-2,386.3
2026-10-02 10:18:21,20261002,9,1,3-5-4,456.5
2026-10-02 10:18:21,20261002,9,1,3-5-6,456.5
2026-10-02 10:18:21,20261002,9,1,3-6-1,159.4
2026-10-02 10:18:21,20261002,9,1,3-6-2,304.3
2026-10-02 10:18:21,20261002,9,1,3-6-4,233.5
2026-10-02 10:18:21,20261002,9,1,3-6-5,372.0
2026-10-02 10:18:21,20261002,9,1,4-1-2,108.0
2026-10-02 10:18:21,20261002,9,1,4-1-3,68.3
2026-10-02 10:18:21,20261002,9,1,4-1-5,313.8
2026-10-02 10:18:21,20261002,9,1,4-1-6,159.4
2026-10-02 10:18:21,20261002,9,1,4-2-1,204.9
2026-10-02 10:18:21,20261002,9,1,4-2-3,251.1
2026-10-02 10:18:21,20261002,9,1,4-2-5,436.6
2026-10-02 10:18:21,20261002,9,1,4-2-6,218.3
2026-10-02 10:18:21,20261002,9,1,4-3-1,80.3
2026-10-02 10:18:21,20261002,9,1,4-3-2,173.1
2026-10-02 10:18:21,20261002,9,1,4-3-5,286.9
2026-10-02 10:18:21,20261002,9,1,4-3-6,200.8
2026-10-02 10:18:21,20261002,9,1,4-5-1,478.2
2026-10-02 10:18:21,20261002,9,1,4-5-2,456.5
2026-10-02 10:18:21,20261002,9,1,4-5-3,772.6
2026-10-02 10:18:21,20261002,9,1,4-5-6,669.6
2026-10-02 10:18:21,20261002,9,1,4-6-1,244.9
2026-10-02 10:18:21,20261002,9,1,4-6-2,358.7
2026-10-02 10:18:21,20261002,9,1,4-6-3,590.8
2026-10-02 10:18:21,20261002,9,1,4-6-5,590.8
2026-10-02 10:18:21,20261002,9,1,5-1-2,346.3
2026-10-02 10:18:21,20261002,9,1,5-1-3,358.7
2026-10-02 10:18:21,20261002,9,1,5-1-4,528.6
2026-10-02 10:18:21,20261002,9,1,5-1-6,386.3
2026-10-02 10:18:21,20261002,9,1,5-2-1,502.2
2026-10-02 10:18:21,20261002,9,1,5-2-3,772.6
2026-10-02 10:18:21,20261002,9,1,5-2-4,418.5
2026-10-02 10:18:21,20261002,9,1,5-2-6,558.0
2026-10-02 10:18:21,20261002,9,1,5-3-1,528.6
2026-10-02 10:18:21,20261002,9,1,5-3-2,913.0
2026-10-02 10:18:21,20261002,9,1,5-3-4,627.7
2026-10-02 10:18:21,20261002,9,1,5-3-6,913.0
2026-10-02 10:18:21,20261002,9,1,5-4-1,590.8
2026-10-02 10:18:21,20261002,9,1,5-4-2,1116.0
2026-10-02 10:18:21,20261002,9,1,5-4-3,913.0
2026-10-02 10:18:21,20261002,9,1,5-4-6,590.8
2026-10-02 10:18:21,20261002,9,1,5-6-1,913.0
2026-10-02 10:18:21,20261002,9,1,5-6-2,837.0
2026-10-02 10:18:21,20261002,9,1,5-6-3,436.6
2026-10-02 10:18:21,20261002,9,1,5-6-4,837.0
2026-10-02 10:18:21,20261002,9,1,6-1-2,186.0
2026-10-02 10:18:21,20261002,9,1,6-1-3,264.3
2026-10-02 10:18:21,20261002,9,1,6-1-4,346.3
2026-10-02 10:18:21,20261002,9,1,6-1-5,627.7
2026-10-02 10:18:21,20261002,9,1,6-2-1,295.4
2026-10-02 10:18:21,20261002,9,1,6-2-3,772.6
2026-10-02 10:18:21,20261002,9,1,6-2-4,669.6
2026-10-02 10:18:21,20261002,9,1,6-2-5,913.0
2026-10-02 10:18:21,20261002,9,1,6-3-1,436.6
2026-10-02 10:18:21,20261002,9,1,6-3-2,627.7
2026-10-02 10:18:21,20261002,9,1,6-3-4,590.8
2026-10-02 10:18:21,20261002,9,1,6-3-5,837.0
2026-10-02 10:18:21,20261002,9,1,6-4-1,627.7
2026-10-02 10:18:21,20261002,9,1,6-4-2,1004.0
2026-10-02 10:18:21,20261002,9,1,6-4-3,717.4
2026-10-02 10:18:21,20261002,9,1,6-4-5,590.8
2026-10-02 10:18:21,20261002,9,1,6-5-1,772.6
2026-10-02 10:18:21,20261002,9,1,6-5-2,837.0
2026-10-02 10:18:21,20261002,9,1,6-5-3,1255.0
2026-10-02 10:18:21,20261002,9,1,6-5-4,1004.0
2026-10-02 10:18:32,20261002,23,5,1-2-3,24.9
2026-10-02 10:18:32,20261002,23,5,1-2-4,17.7
2026-10-02 10:18:32,20261002,23,5,1-2-5,23.3
2026-10-02 10:18:32,20261002,23,5,1-2-6,20.2
2026-10-02 10:18:32,20261002,23,5,1-3-2,14.5
2026-10-02 10:18:32,20261002,23,5,1-3-4,11.7
2026-10-02 10:18:32,20261002,23,5,1-3-5,13.4
2026-10-02 10:18:32,20261002,23,5,1-3-6,13.7
2026-10-02 10:18:32,20261002,23,5,1-4-2,17.6
2026-10-02 10:18:32,20261002,23,5,1-4-3,22.0
2026-10-02 10:18:32,20261002,23,5,1-4-5,16.3
2026-10-02 10:18:32,20261002,23,5,1-4-6,13.6
2026-10-02 10:18:32,20261002,23,5,1-5-2,40.6
2026-10-02 10:18:32,20261002,23,5,1-5-3,46.6
2026-10-02 10:18:32,20261002,23,5,1-5-4,26.5
2026-10-02 10:18:32,20261002,23,5,1-5-6,22.3
2026-10-02 10:18:32,20261002,23,5,1-6-2,39.9
2026-10-02 10:18:32,20261002,23,5,1-6-3,38.9
2026-10-02 10:18:32,20261002,23,5,1-6-4,23.3
2026-10-02 10:18:32,20261002,23,5,1-6-5,25.8
2026-10-02 10:18:32,20261002,23,5,2-1-3,155.9
2026-10-02 10:18:32,20261002,23,5,2-1-4,102.8
2026-10-02 10:18:32,20261002,23,5,2-1-5,111.0
2026-10-02 10:18:32,20261002,23,5,2-1-6,157.1
2026-10-02 10:18:32,20261002,23,5,2-3-1,288.9
2026-10-02 10:18:32,20261002,23,5,2-3-4,178.6
2026-10-02 10:18:32,20261002,23,5,2-3-5,322.0
2026-10-02 10:18:32,20261002,23,5,2-3-6,577.8
2026-10-02 10:18:32,20261002,23,5,2-4-1,167.9
2026-10-02 10:18:32,20261002,23,5,2-4-3,220.7
2026-10-02 10:18:32,20261002,23,5,2-4-5,595.3
2026-10-02 10:18:32,20261002,23,5,2-4-6,456.9
2026-10-02 10:18:32,20261002,23,5,2-5-1,327.4
2026-10-02 10:18:32,20261002,23,5,2-5-3,677.4
2026-10-02 10:18:32,20261002,23,5,2-5-4,785.8
2026-10-02 10:18:32,20261002,23,5,2-5-6,785.8
2026-10-02 10:18:32,20261002,23,5,2-6-1,333.0
2026-10-02 10:18:32,20261002,23,5,2-6-3,854.2
2026-10-02 10:18:32,20261002,23,5,2-6-4,467.7
2026-10-02 10:18:32,20261002,23,5,2-6-5,467.7
2026-10-02 10:18:32,20261002,23,5,3-1-2,190.7
2026-10-02 10:18:32,20261002,23,5,3-1-4,99.7
2026-10-02 10:18:32,20261002,23,5,3-1-5,119.7
2026-10-02 10:18:32,20261002,23,5,3-1-6,245.5
2026-10-02 10:18:32,20261002,23,5,3-2-1,363.8
2026-10-02 10:18:32,20261002,23,5,3-2-4,175.4
2026-10-02 10:18:32,20261002,23,5,3-2-5,258.5
2026-10-02 10:18:32,20261002,23,5,3-2-6,385.2
2026-10-02 10:18:32,20261002,23,5,3-4-1,236.7
2026-10-02 10:18:32,20261002,23,5,3-4-2,255.1
2026-10-02 10:18:32,20261002,23,5,3-4-5,613.9
2026-10-02 10:18:32,20261002,23,5,3-4-6,436.6
2026-10-02 10:18:32,20261002,23,5,3-5-1,269.1
2026-10-02 10:18:32,20261002,23,5,3-5-2,370.6
2026-10-02 10:18:32,20261002,23,5,3-5-4,677.4
2026-10-02 10:18:32,20261002,23,5,3-5-6,456.9
2026-10-02 10:18:32,20261002,23,5,3-6-1,517.0
2026-10-02 10:18:32,20261002,23,5,3-6-2,561.3
2026-10-02 10:18:32,20261002,23,5,3-6-4,818.6
2026-10-02 10:18:32,20261002,23,5,3-6-5,613.9
2026-10-02 10:18:32,20261002,23,5,4-1-2,112.9
2026-10-02 10:18:32,20261002,23,5,4-1-3,169.3
2026-10-02 10:18:32,20261002,23,5,4-1-5,95.8
2026-10-02 10:18:32,20261002,23,5,4-1-6,88.9
2026-10-02 10:18:32,20261002,23,5,4-2-1,190.7
2026-10-02 10:18:32,20261002,23,5,4-2-3,333.0
2026-10-02 10:18:32,20261002,23,5,4-2-5,409.3
2026-10-02 10:18:32,20261002,23,5,4-2-6,363.8
2026-10-02 10:18:32,20261002,23,5,4-3-1,196.4
2026-10-02 10:18:32,20261002,23,5,4-3-2,350.8
2026-10-02 10:18:32,20261002,23,5,4-3-5,517.0
2026-10-02 10:18:32,20261002,23,5,4-3-6,479.1
2026-10-02 10:18:32,20261002,23,5,4-5-1,209.0
2026-10-02 10:18:32,20261002,23,5,4-5-2,545.7
2026-10-02 10:18:32,20261002,23,5,4-5-3,677.4
2026-10-02 10:18:32,20261002,23,5,4-5-6,218.3
2026-10-02 10:18:32,20261002,23,5,4-6-1,166.5
2026-10-02 10:18:32,20261002,23,5,4-6-2,418.0
2026-10-02 10:18:32,20261002,23,5,4-6-3,677.4
2026-10-02 10:18:32,20261002,23,5,4-6-5,265.5
2026-10-02 10:18:32,20261002,23,5,5-1-2,196.4
2026-10-02 10:18:32,20261002,23,5,5-1-3,209.0
2026-10-02 10:18:32,20261002,23,5,5-1-4,187.1
2026-10-02 10:18:32,20261002,23,5,5-1-6,138.3
2026-10-02 10:18:32,20261002,23,5,5-2-1,350.8
2026-10-02 10:18:32,20261002,23,5,5-2-3,654.9
2026-10-02 10:18:32,20261002,23,5,5-2-4,467.7
2026-10-02 10:18:32,20261002,23,5,5-2-6,479.1
2026-10-02 10:18:32,20261002,23,5,5-3-1,377.8
2026-10-02 10:18:32,20261002,23,5,5-3-2,503.7
2026-10-02 10:18:32,20261002,23,5,5-3-4,456.9
2026-10-02 10:18:32,20261002,23,5,5-3-6,818.6
2026-10-02 10:18:32,20261002,23,5,5-4-1,258.5
2026-10-02 10:18:32,20261002,23,5,5-4-2,677.4
2026-10-02 10:18:32,20261002,23,5,5-4-3,456.9
2026-10-02 10:18:32,20261002,23,5,5-4-6,491.1
2026-10-02 10:18:32,20261002,23,5,5-6-1,276.7
2026-10-02 10:18:32,20261002,23,5,5-6-2,338.7
2026-10-02 10:18:32,20261002,23,5,5-6-3,545.7
2026-10-02 10:18:32,20261002,23,5,5-6-4,418.0
2026-10-02 10:18:32,20261002,23,5,6-1-2,177.0
2026-10-02 10:18:32,20261002,23,5,6-1-3,344.6
2026-10-02 10:18:32,20261002,23,5,6-1-4,134.5
2026-10-02 10:18:32,20261002,23,5,6-1-5,192.6
2026-10-02 10:18:32,20261002,23,5,6-2-1,297.6
2026-10-02 10:18:32,20261002,23,5,6-2-3,755.6
2026-10-02 10:18:32,20261002,23,5,6-2-4,561.3
2026-10-02 10:18:32,20261002,23,5,6-2-5,491.1
2026-10-02 10:18:32,20261002,23,5,6-3-1,755.6
2026-10-02 10:18:32,20261002,23,5,6-3-2,1091.0
2026-10-02 10:18:32,20261002,23,5,6-3-4,503.7
2026-10-02 10:18:32,20261002,23,5,6-3-5,1511.0
2026-10-02 10:18:32,20261002,23,5,6-4-1,218.3
2026-10-02 10:18:32,20261002,23,5,6-4-2,595.3
2026-10-02 10:18:32,20261002,23,5,6-4-3,561.3
2026-10-02 10:18:32,20261002,23,5,6-4-5,456.9
2026-10-02 10:18:32,20261002,23,5,6-5-1,333.0
2026-10-02 10:18:32,20261002,23,5,6-5-2,818.6
2026-10-02 10:18:32,20261002,23,5,6-5-3,935.5
2026-10-02 10:18:32,20261002,23,5,6-5-4,467.7
2026-10-02 10:28:45,20261002,13,1,1-2-3,15.4
2026-10-02 10:28:45,20261002,13,1,1-2-4,53.8
2026-10-02 10:28:45,20261002,13,1,1-2-5,81.7
2026-10-02 10:28:45,20261002,13,1,1-2-6,134.2
2026-10-02 10:28:45,20261002,13,1,1-3-2,16.9
2026-10-02 10:28:45,20261002,13,1,1-3-4,13.5
2026-10-02 10:28:45,20261002,13,1,1-3-5,32.1
2026-10-02 10:28:45,20261002,13,1,1-3-6,43.5
2026-10-02 10:28:45,20261002,13,1,1-4-2,85.0
2026-10-02 10:28:45,20261002,13,1,1-4-3,43.2
2026-10-02 10:28:45,20261002,13,1,1-4-5,146.6
2026-10-02 10:28:45,20261002,13,1,1-4-6,141.7
2026-10-02 10:28:45,20261002,13,1,1-5-2,205.7
2026-10-02 10:28:45,20261002,13,1,1-5-3,101.2
2026-10-02 10:28:45,20261002,13,1,1-5-4,216.1
2026-10-02 10:28:45,20261002,13,1,1-5-6,271.3
2026-10-02 10:28:45,20261002,13,1,1-6-2,240.6
2026-10-02 10:28:45,20261002,13,1,1-6-3,128.8
2026-10-02 10:28:45,20261002,13,1,1-6-4,260.3
2026-10-02 10:28:45,20261002,13,1,1-6-5,283.4
2026-10-02 10:28:45,20261002,13,1,2-1-3,59.3
2026-10-02 10:28:45,20261002,13,1,2-1-4,153.6
2026-10-02 10:28:45,20261002,13,1,2-1-5,141.7
2026-10-02 10:28:45,20261002,13,1,2-1-6,231.9
2026-10-02 10:28:45,20261002,13,1,2-3-1,56.6
2026-10-02 10:28:45,20261002,13,1,2-3-4,47.5
2026-10-02 10:28:45,20261002,13,1,2-3-5,75.0
2026-10-02 10:28:45,20261002,13,1,2-3-6,141.7
2026-10-02 10:28:45,20261002,13,1,2-4-1,265.7
2026-10-02 10:28:45,20261002,13,1,2-4-3,109.0
2026-10-02 10:28:45,20261002,13,1,2-4-5,212.5
2026-10-02 10:28:45,20261002,13,1,2-4-6,327.0
2026-10-02 10:28:45,20261002,13,1,2-5-1,223.7
2026-10-02 10:28:45,20261002,13,1,2-5-3,140.1
2026-10-02 10:28:45,20261002,13,1,2-5-4,289.8
2026-10-02 10:28:45,20261002,13,1,2-5-6,318.8
2026-10-02 10:28:45,20261002,13,1,2-6-1,554.5
2026-10-02 10:28:45,20261002,13,1,2-6-3,303.6
2026-10-02 10:28:45,20261002,13,1,2-6-4,354.3
2026-10-02 10:28:45,20261002,13,1,2-6-5,344.7
2026-10-02 10:28:45,20261002,13,1,3-1-2,12.1
2026-10-02 10:28:45,20261002,13,1,3-1-4,13.0
2026-10-02 10:28:45,20261002,13,1,3-1-5,27.6
2026-10-02 10:28:45,20261002,13,1,3-1-6,37.0
2026-10-02 10:28:45,20261002,13,1,3-2-1,19.1
2026-10-02 10:28:45,20261002,13,1,3-2-4,20.3
2026-10-02 10:28:45,20261002,13,1,3-2-5,46.0
2026-10-02 10:28:45,20261002,13,1,3-2-6,78.2
2026-10-02 10:28:45,20261002,13,1,3-4-1,15.3
2026-10-02 10:28:45,20261002,13,1,3-4-2,25.0
2026-10-02 10:28:45,20261002,13,1,3-4-5,36.8
2026-10-02 10:28:45,20261002,13,1,3-4-6,31.0
2026-10-02 10:28:45,20261002,13,1,3-5-1,65.7
2026-10-02 10:28:45,20261002,13,1,3-5-2,63.7
2026-10-02 10:28:45,20261002,13,1,3-5-4,63.7
2026-10-02 10:28:45,20261002,13,1,3-5-6,84.4
2026-10-02 10:28:45,20261002,13,1,3-6-1,84.4
2026-10-02 10:28:45,20261002,13,1,3-6-2,138.6
2026-10-02 10:28:45,20261002,13,1,3-6-4,78.2
2026-10-02 10:28:45,20261002,13,1,3-6-5,110.9
2026-10-02 10:28:45,20261002,13,1,4-1-2,159.4
2026-10-02 10:28:45,20261002,13,1,4-1-3,113.8
2026-10-02 10:28:45,20261002,13,1,4-1-5,311.1
2026-10-02 10:28:45,20261002,13,1,4-1-6,318.8
2026-10-02 10:28:45,20261002,13,1,4-2-1,303.6
2026-10-02 10:28:45,20261002,13,1,4-2-3,161.4
2026-10-02 10:28:45,20261002,13,1,4-2-5,386.5
2026-10-02 10:28:45,20261002,13,1,4-2-6,510.2
2026-10-02 10:28:45,20261002,13,1,4-3-1,77.3
2026-10-02 10:28:45,20261002,13,1,4-3-2,119.2
2026-10-02 10:28:45,20261002,13,1,4-3-5,196.2
2026-10-02 10:28:45,20261002,13,1,4-3-6,135.6
2026-10-02 10:28:45,20261002,13,1,4-5-1,344.7
2026-10-02 10:28:45,20261002,13,1,4-5-2,318.8
2026-10-02 10:28:45,20261002,13,1,4-5-3,245.2
2026-10-02 10:28:45,20261002,13,1,4-5-6,296.6
2026-10-02 10:28:45,20261002,13,1,4-6-1,311.1
2026-10-02 10:28:45,20261002,13,1,4-6-2,750.3
2026-10-02 10:28:45,20261002,13,1,4-6-3,260.3
2026-10-02 10:28:45,20261002,13,1,4-6-5,671.3
2026-10-02 10:28:45,20261002,13,1,5-1-2,231.9
2026-10-02 10:28:45,20261002,13,1,5-1-3,250.1
2026-10-02 10:28:45,20261002,13,1,5-1-4,579.7
2026-10-02 10:28:45,20261002,13,1,5-1-6,708.6
2026-10-02 10:28:45,20261002,13,1,5-2-1,411.4
2026-10-02 10:28:45,20261002,13,1,5-2-3,159.4
2026-10-02 10:28:45,20261002,13,1,5-2-4,386.5
2026-10-02 10:28:45,20261002,13,1,5-2-6,579.7
2026-10-02 10:28:45,20261002,13,1,5-3-1,289.8
2026-10-02 10:28:45,20261002,13,1,5-3-2,216.1
2026-10-02 10:28:45,20261002,13,1,5-3-4,510.2
2026-10-02 10:28:45,20261002,13,1,5-3-6,354.3
2026-10-02 10:28:45,20261002,13,1,5-4-1,797.2
2026-10-02 10:28:45,20261002,13,1,5-4-2,531.4
2026-10-02 10:28:45,20261002,13,1,5-4-3,386.5
2026-10-02 10:28:45,20261002,13,1,5-4-6,510.2
2026-10-02 10:28:45,20261002,13,1,5-6-1,981.1
2026-10-02 10:28:45,20261002,13,1,5-6-2,579.7
2026-10-02 10:28:45,20261002,13,1,5-6-3,425.1
2026-10-02 10:28:45,20261002,13,1,5-6-4,981.1
2026-10-02 10:28:45,20261002,13,1,6-1-2,411.4
2026-10-02 10:28:45,20261002,13,1,6-1-3,311.1
2026-10-02 10:28:45,20261002,13,1,6-1-4,708.6
2026-10-02 10:28:45,20261002,13,1,6-1-5,455.5
2026-10-02 10:28:45,20261002,13,1,6-2-1,708.6
2026-10-02 10:28:45,20261002,13,1,6-2-3,439.8
2026-10-02 10:28:45,20261002,13,1,6-2-4,439.8
2026-10-02 10:28:45,20261002,13,1,6-2-5,554.5
2026-10-02 10:28:45,20261002,13,1,6-3-1,265.7
2026-10-02 10:28:45,20261002,13,1,6-3-2,472.4
2026-10-02 10:28:45,20261002,13,1,6-3-4,289.8
2026-10-02 10:28:45,20261002,13,1,6-3-5,411.4
2026-10-02 10:28:45,20261002,13,1,6-4-1,750.3
2026-10-02 10:28:45,20261002,13,1,6-4-2,472.4
2026-10-02 10:28:45,20261002,13,1,6-4-3,327.0
2026-10-02 10:28:45,20261002,13,1,6-4-5,607.3
2026-10-02 10:28:45,20261002,13,1,6-5-1,750.3
2026-10-02 10:28:45,20261002,13,1,6-5-2,554.5
2026-10-02 10:28:45,20261002,13,1,6-5-3,490.5
2026-10-02 10:28:45,20261002,13,1,6-5-4,531.4
2026-10-02 10:28:54,20261002,18,5,1-2-3,19.0
2026-10-02 10:28:54,20261002,18,5,1-2-4,34.0
2026-10-02 10:28:54,20261002,18,5,1-2-5,27.4
2026-10-02 10:28:54,20261002,18,5,1-2-6,94.7
2026-10-02 10:28:54,20261002,18,5,1-3-2,17.8
2026-10-02 10:28:54,20261002,18,5,1-3-4,8.9
2026-10-02 10:28:54,20261002,18,5,1-3-5,6.0
2026-10-02 10:28:54,20261002,18,5,1-3-6,60.1
2026-10-02 10:28:54,20261002,18,5,1-4-2,30.9
2026-10-02 10:28:54,20261002,18,5,1-4-3,13.9
2026-10-02 10:28:54,20261002,18,5,1-4-5,11.4
2026-10-02 10:28:54,20261002,18,5,1-4-6,87.5
2026-10-02 10:28:54,20261002,18,5,1-5-2,29.9
2026-10-02 10:28:54,20261002,18,5,1-5-3,10.5
2026-10-02 10:28:54,20261002,18,5,1-5-4,13.5
2026-10-02 10:28:54,20261002,18,5,1-5-6,80.6
2026-10-02 10:28:54,20261002,18,5,1-6-2,181.1
2026-10-02 10:28:54,20261002,18,5,1-6-3,179.4
2026-10-02 10:28:54,20261002,18,5,1-6-4,271.7
2026-10-02 10:28:54,20261002,18,5,1-6-5,279.9
2026-10-02 10:28:54,20261002,18,5,2-1-3,138.9
2026-10-02 10:28:54,20261002,18,5,2-1-4,143.2
2026-10-02 10:28:54,20261002,18,5,2-1-5,151.4
2026-10-02 10:28:54,20261002,18,5,2-1-6,293.3
2026-10-02 10:28:54,20261002,18,5,2-3-1,267.8
2026-10-02 10:28:54,20261002,18,5,2-3-4,401.7
2026-10-02 10:28:54,20261002,18,5,2-3-5,177.6
2026-10-02 10:28:54,20261002,18,5,2-3-6,577.4
2026-10-02 10:28:54,20261002,18,5,2-4-1,293.3
2026-10-02 10:28:54,20261002,18,5,2-4-3,401.7
2026-10-02 10:28:54,20261002,18,5,2-4-5,377.1
2026-10-02 10:28:54,20261002,18,5,2-4-6,684.3
2026-10-02 10:28:54,20261002,18,5,2-5-1,410.6
2026-10-02 10:28:54,20261002,18,5,2-5-3,288.7
2026-10-02 10:28:54,20261002,18,5,2-5-4,410.6
2026-10-02 10:28:54,20261002,18,5,2-5-6,710.7
2026-10-02 10:28:54,20261002,18,5,2-6-1,972.5
2026-10-02 10:28:54,20261002,18,5,2-6-3,923.9
2026-10-02 10:28:54,20261002,18,5,2-6-4,739.1
2026-10-02 10:28:54,20261002,18,5,2-6-5,577.4
2026-10-02 10:28:54,20261002,18,5,3-1-2,175.9
2026-10-02 10:28:54,20261002,18,5,3-1-4,51.7
2026-10-02 10:28:54,20261002,18,5,3-1-5,34.4
2026-10-02 10:28:54,20261002,18,5,3-1-6,233.9
2026-10-02 10:28:54,20261002,18,5,3-2-1,335.9
2026-10-02 10:28:54,20261002,18,5,3-2-4,256.6
2026-10-02 10:28:54,20261002,18,5,3-2-5,230.9
2026-10-02 10:28:54,20261002,18,5,3-2-6,329.9
2026-10-02 10:28:54,20261002,18,5,3-4-1,118.4
2026-10-02 10:28:54,20261002,18,5,3-4-2,307.9
2026-10-02 10:28:54,20261002,18,5,3-4-5,144.3
2026-10-02 10:28:54,20261002,18,5,3-4-6,284.2
2026-10-02 10:28:54,20261002,18,5,3-5-1,62.6
2026-10-02 10:28:54,20261002,18,5,3-5-2,177.6
2026-10-02 10:28:54,20261002,18,5,3-5-4,127.4
2026-10-02 10:28:54,20261002,18,5,3-5-6,263.9
2026-10-02 10:28:54,20261002,18,5,3-6-1,739.1
2026-10-02 10:28:54,20261002,18,5,3-6-2,1154.0
2026-10-02 10:28:54,20261002,18,5,3-6-4,684.3
2026-10-02 10:28:54,20261002,18,5,3-6-5,543.4
2026-10-02 10:28:54,20261002,18,5,4-1-2,209.9
2026-10-02 10:28:54,20261002,18,5,4-1-3,108.0
2026-10-02 10:28:54,20261002,18,5,4-1-5,52.7
2026-10-02 10:28:54,20261002,18,5,4-1-6,212.3
2026-10-02 10:28:54,20261002,18,5,4-2-1,473.8
2026-10-02 10:28:54,20261002,18,5,4-2-3,596.0
2026-10-02 10:28:54,20261002,18,5,4-2-5,410.6
2026-10-02 10:28:54,20261002,18,5,4-2-6,393.1
2026-10-02 10:28:54,20261002,18,5,4-3-1,149.0
2026-10-02 10:28:54,20261002,18,5,4-3-2,577.4
2026-10-02 10:28:54,20261002,18,5,4-3-5,171.0
2026-10-02 10:28:54,20261002,18,5,4-3-6,429.7
2026-10-02 10:28:54,20261002,18,5,4-5-1,90.1
2026-10-02 10:28:54,20261002,18,5,4-5-2,263.9
2026-10-02 10:28:54,20261002,18,5,4-5-3,175.9
2026-10-02 10:28:54,20261002,18,5,4-5-6,355.3
2026-10-02 10:28:54,20261002,18,5,4-6-1,461.9
2026-10-02 10:28:54,20261002,18,5,4-6-2,637.1
2026-10-02 10:28:54,20261002,18,5,4-6-3,972.5
2026-10-02 10:28:54,20261002,18,5,4-6-5,710.7
2026-10-02 10:28:54,20261002,18,5,5-1-2,134.8
2026-10-02 10:28:54,20261002,18,5,5-1-3,55.3
2026-10-02 10:28:54,20261002,18,5,5-1-4,77.9
2026-10-02 10:28:54,20261002,18,5,5-1-6,186.6
2026-10-02 10:28:54,20261002,18,5,5-2-1,355.3
2026-10-02 10:28:54,20261002,18,5,5-2-3,362.3
2026-10-02 10:28:54,20261002,18,5,5-2-4,324.1
2026-10-02 10:28:54,20261002,18,5,5-2-6,419.9
2026-10-02 10:28:54,20261002,18,5,5-3-1,82.1
2026-10-02 10:28:54,20261002,18,5,5-3-2,284.2
2026-10-02 10:28:54,20261002,18,5,5-3-4,162.0
2026-10-02 10:28:54,20261002,18,5,5-3-6,401.7
2026-10-02 10:28:54,20261002,18,5,5-4-1,112.6
2026-10-02 10:28:54,20261002,18,5,5-4-2,348.6
2026-10-02 10:28:54,20261002,18,5,5-4-3,200.8
2026-10-02 10:28:54,20261002,18,5,5-4-6,335.9
2026-10-02 10:28:54,20261002,18,5,5-6-1,513.2
2026-10-02 10:28:54,20261002,18,5,5-6-2,803.4
2026-10-02 10:28:54,20261002,18,5,5-6-3,577.4
2026-10-02 10:28:54,20261002,18,5,5-6-4,637.1
2026-10-02 10:28:54,20261002,18,5,6-1-2,355.3
2026-10-02 10:28:54,20261002,18,5,6-1-3,739.1
2026-10-02 10:28:54,20261002,18,5,6-1-4,684.3
2026-10-02 10:28:54,20261002,18,5,6-1-5,923.9
2026-10-02 10:28:54,20261002,18,5,6-2-1,1026.0
2026-10-02 10:28:54,20261002,18,5,6-2-3,377.1
2026-10-02 10:28:54,20261002,18,5,6-2-4,710.7
2026-10-02 10:28:54,20261002,18,5,6-2-5,684.3
2026-10-02 10:28:54,20261002,18,5,6-3-1,1231.0
2026-10-02 10:28:54,20261002,18,5,6-3-2,410.6
2026-10-02 10:28:54,20261002,18,5,6-3-4,1319.0
2026-10-02 10:28:54,20261002,18,5,6-3-5,596.0
2026-10-02 10:28:54,20261002,18,5,6-4-1,1679.0
2026-10-02 10:28:54,20261002,18,5,6-4-2,1231.0
2026-10-02 10:28:54,20261002,18,5,6-4-3,1421.0
2026-10-02 10:28:54,20261002,18,5,6-4-5,1421.0
2026-10-02 10:28:54,20261002,18,5,6-5-1,879.9
2026-10-02 10:28:54,20261002,18,5,6-5-2,923.9
2026-10-02 10:28:54,20261002,18,5,6-5-3,1086.0
2026-10-02 10:28:54,20261002,18,5,6-5-4,1026.0
2026-10-02 10:30:25,20261002,16,1,1-2-3,11.2
2026-10-02 10:30:25,20261002,16,1,1-2-4,13.8
2026-10-02 10:30:25,20261002,16,1,1-2-5,27.3
2026-10-02 10:30:25,20261002,16,1,1-2-6,21.5
2026-10-02 10:30:25,20261002,16,1,1-3-2,19.5
2026-10-02 10:30:25,20261002,16,1,1-3-4,30.8
2026-10-02 10:30:25,20261002,16,1,1-3-5,46.4
2026-10-02 10:30:25,20261002,16,1,1-3-6,36.1
2026-10-02 10:30:25,20261002,16,1,1-4-2,24.2
2026-10-02 10:30:25,20261002,16,1,1-4-3,38.9
2026-10-02 10:30:25,20261002,16,1,1-4-5,46.1
2026-10-02 10:30:25,20261002,16,1,1-4-6,36.2
2026-10-02 10:30:25,20261002,16,1,1-5-2,67.6
2026-10-02 10:30:25,20261002,16,1,1-5-3,94.1
2026-10-02 10:30:25,20261002,16,1,1-5-4,84.8
2026-10-02 10:30:25,20261002,16,1,1-5-6,94.9
2026-10-02 10:30:25,20261002,16,1,1-6-2,76.0
2026-10-02 10:30:25,20261002,16,1,1-6-3,85.7
2026-10-02 10:30:25,20261002,16,1,1-6-4,95.0
2026-10-02 10:30:25,20261002,16,1,1-6-5,141.2
2026-10-02 10:30:25,20261002,16,1,2-1-3,40.1
2026-10-02 10:30:25,20261002,16,1,2-1-4,33.4
2026-10-02 10:30:25,20261002,16,1,2-1-5,60.1
2026-10-02 10:30:25,20261002,16,1,2-1-6,51.0
2026-10-02 10:30:25,20261002,16,1,2-3-1,71.9
2026-10-02 10:30:25,20261002,16,1,2-3-4,57.0
2026-10-02 10:30:25,20261002,16,1,2-3-5,96.0
2026-10-02 10:30:25,20261002,16,1,2-3-6,71.9
2026-10-02 10:30:25,20261002,16,1,2-4-1,67.5
2026-10-02 10:30:25,20261002,16,1,2-4-3,76.9
2026-10-02 10:30:25,20261002,16,1,2-4-5,69.4
2026-10-02 10:30:25,20261002,16,1,2-4-6,55.2
2026-10-02 10:30:25,20261002,16,1,2-5-1,144.4
2026-10-02 10:30:25,20261002,16,1,2-5-3,134.2
2026-10-02 10:30:25,20261002,16,1,2-5-4,128.7
2026-10-02 10:30:25,20261002,16,1,2-5-6,136.8
2026-10-02 10:30:25,20261002,16,1,2-6-1,156.3
2026-10-02 10:30:25,20261002,16,1,2-6-3,159.3
2026-10-02 10:30:25,20261002,16,1,2-6-4,139.1
2026-10-02 10:30:25,20261002,16,1,2-6-5,213.6
2026-10-02 10:30:25,20261002,16,1,3-1-2,73.9
2026-10-02 10:30:25,20261002,16,1,3-1-4,79.6
2026-10-02 10:30:25,20261002,16,1,3-1-5,105.4
2026-10-02 10:30:25,20261002,16,1,3-1-6,100.9
2026-10-02 10:30:25,20261002,16,1,3-2-1,98.5
2026-10-02 10:30:25,20261002,16,1,3-2-4,95.7
2026-10-02 10:30:25,20261002,16,1,3-2-5,132.6
2026-10-02 10:30:25,20261002,16,1,3-2-6,98.1
2026-10-02 10:30:25,20261002,16,1,3-4-1,132.0
2026-10-02 10:30:25,20261002,16,1,3-4-2,122.6
2026-10-02 10:30:25,20261002,16,1,3-4-5,179.9
2026-10-02 10:30:25,20261002,16,1,3-4-6,119.3
2026-10-02 10:30:25,20261002,16,1,3-5-1,249.1
2026-10-02 10:30:25,20261002,16,1,3-5-2,200.1
2026-10-02 10:30:25,20261002,16,1,3-5-4,267.8
2026-10-02 10:30:25,20261002,16,1,3-5-6,233.8
2026-10-02 10:30:25,20261002,16,1,3-6-1,242.7
2026-10-02 10:30:25,20261002,16,1,3-6-2,205.2
2026-10-02 10:30:25,20261002,16,1,3-6-4,265.3
2026-10-02 10:30:25,20261002,16,1,3-6-5,350.0
2026-10-02 10:30:25,20261002,16,1,4-1-2,69.7
2026-10-02 10:30:25,20261002,16,1,4-1-3,108.8
2026-10-02 10:30:25,20261002,16,1,4-1-5,86.5
2026-10-02 10:30:25,20261002,16,1,4-1-6,70.7
2026-10-02 10:30:25,20261002,16,1,4-2-1,88.0
2026-10-02 10:30:25,20261002,16,1,4-2-3,131.7
2026-10-02 10:30:25,20261002,16,1,4-2-5,83.1
2026-10-02 10:30:25,20261002,16,1,4-2-6,68.8
2026-10-02 10:30:25,20261002,16,1,4-3-1,145.1
2026-10-02 10:30:25,20261002,16,1,4-3-2,168.2
2026-10-02 10:30:25,20261002,16,1,4-3-5,216.1
2026-10-02 10:30:25,20261002,16,1,4-3-6,147.8
2026-10-02 10:30:25,20261002,16,1,4-5-1,82.4
2026-10-02 10:30:25,20261002,16,1,4-5-2,79.1
2026-10-02 10:30:25,20261002,16,1,4-5-3,179.9
2026-10-02 10:30:25,20261002,16,1,4-5-6,63.8
2026-10-02 10:30:25,20261002,16,1,4-6-1,91.2
2026-10-02 10:30:25,20261002,16,1,4-6-2,84.8
2026-10-02 10:30:25,20261002,16,1,4-6-3,192.7
2026-10-02 10:30:25,20261002,16,1,4-6-5,100.2
2026-10-02 10:30:25,20261002,16,1,5-1-2,176.6
2026-10-02 10:30:25,20261002,16,1,5-1-3,253.5
2026-10-02 10:30:25,20261002,16,1,5-1-4,240.7
2026-10-02 10:30:25,20261002,16,1,5-1-6,219.4
2026-10-02 10:30:25,20261002,16,1,5-2-1,267.8
2026-10-02 10:30:25,20261002,16,1,5-2-3,266.5
2026-10-02 10:30:25,20261002,16,1,5-2-4,225.5
2026-10-02 10:30:25,20261002,16,1,5-2-6,209.7
2026-10-02 10:30:25,20261002,16,1,5-3-1,350.0
2026-10-02 10:30:25,20261002,16,1,5-3-2,337.5
2026-10-02 10:30:25,20261002,16,1,5-3-4,438.8
2026-10-02 10:30:25,20261002,16,1,5-3-6,496.1
2026-10-02 10:30:25,20261002,16,1,5-4-1,221.1
2026-10-02 10:30:25,20261002,16,1,5-4-2,217.7
2026-10-02 10:30:25,20261002,16,1,5-4-3,419.4
2026-10-02 10:30:25,20261002,16,1,5-4-6,154.1
2026-10-02 10:30:25,20261002,16,1,5-6-1,370.4
2026-10-02 10:30:25,20261002,16,1,5-6-2,315.2
2026-10-02 10:30:25,20261002,16,1,5-6-3,382.8
2026-10-02 10:30:25,20261002,16,1,5-6-4,235.7
2026-10-02 10:30:25,20261002,16,1,6-1-2,158.0
2026-10-02 10:30:25,20261002,16,1,6-1-3,270.3
2026-10-02 10:30:25,20261002,16,1,6-1-4,230.0
2026-10-02 10:30:25,20261002,16,1,6-1-5,401.7
2026-10-02 10:30:25,20261002,16,1,6-2-1,203.0
2026-10-02 10:30:25,20261002,16,1,6-2-3,205.9
2026-10-02 10:30:25,20261002,16,1,6-2-4,253.5
2026-10-02 10:30:25,20261002,16,1,6-2-5,380.3
2026-10-02 10:30:25,20261002,16,1,6-3-1,315.2
2026-10-02 10:30:25,20261002,16,1,6-3-2,238.7
2026-10-02 10:30:25,20261002,16,1,6-3-4,460.0
2026-10-02 10:30:25,20261002,16,1,6-3-5,633.9
2026-10-02 10:30:25,20261002,16,1,6-4-1,245.9
2026-10-02 10:30:25,20261002,16,1,6-4-2,301.8
2026-10-02 10:30:25,20261002,16,1,6-4-3,513.9
2026-10-02 10:30:25,20261002,16,1,6-4-5,327.8
2026-10-02 10:30:25,20261002,16,1,6-5-1,704.3
2026-10-02 10:30:25,20261002,16,1,6-5-2,620.1
2026-10-02 10:30:25,20261002,16,1,6-5-3,533.1
2026-10-02 10:30:25,20261002,16,1,6-5-4,375.3
2026-10-02 10:34:16,20261002,14,6,1-2-3,32.2
2026-10-02 10:34:16,20261002,14,6,1-2-4,13.5
2026-10-02 10:34:16,20261002,14,6,1-2-5,9.8
2026-10-02 10:34:16,20261002,14,6,1-2-6,96.9
2026-10-02 10:34:16,20261002,14,6,1-3-2,60.8
2026-10-02 10:34:16,20261002,14,6,1-3-4,55.6
2026-10-02 10:34:16,20261002,14,6,1-3-5,47.8
2026-10-02 10:34:16,20261002,14,6,1-3-6,193.9
2026-10-02 10:34:16,20261002,14,6,1-4-2,19.5
2026-10-02 10:34:16,20261002,14,6,1-4-3,48.3
2026-10-02 10:34:16,20261002,14,6,1-4-5,14.9
2026-10-02 10:34:16,20261002,14,6,1-4-6,177.2
2026-10-02 10:34:16,20261002,14,6,1-5-2,8.2
2026-10-02 10:34:16,20261002,14,6,1-5-3,31.2
2026-10-02 10:34:16,20261002,14,6,1-5-4,10.8
2026-10-02 10:34:16,20261002,14,6,1-5-6,154.3
2026-10-02 10:34:16,20261002,14,6,1-6-2,292.9
2026-10-02 10:34:16,20261002,14,6,1-6-3,281.4
2026-10-02 10:34:16,20261002,14,6,1-6-4,319.0
2026-10-02 10:34:16,20261002,14,6,1-6-5,574.2
2026-10-02 10:34:16,20261002,14,6,2-1-3,151.1
2026-10-02 10:34:16,20261002,14,6,2-1-4,77.1
2026-10-02 10:34:16,20261002,14,6,2-1-5,41.9
2026-10-02 10:34:16,20261002,14,6,2-1-6,319.0
2026-10-02 10:34:16,20261002,14,6,2-3-1,205.0
2026-10-02 10:34:16,20261002,14,6,2-3-4,202.1
2026-10-02 10:34:16,20261002,14,6,2-3-5,156.0
2026-10-02 10:34:16,20261002,14,6,2-3-6,422.2
2026-10-02 10:34:16,20261002,14,6,2-4-1,120.6
2026-10-02 10:34:16,20261002,14,6,2-4-3,196.6
2026-10-02 10:34:16,20261002,14,6,2-4-5,128.1
2026-10-02 10:34:16,20261002,14,6,2-4-6,350.1
2026-10-02 10:34:16,20261002,14,6,2-5-1,67.0
2026-10-02 10:34:16,20261002,14,6,2-5-3,136.7
2026-10-02 10:34:16,20261002,14,6,2-5-4,117.6
2026-10-02 10:34:16,20261002,14,6,2-5-6,208.0
2026-10-02 10:34:16,20261002,14,6,2-6-1,478.5
2026-10-02 10:34:16,20261002,14,6,2-6-3,652.5
2026-10-02 10:34:16,20261002,14,6,2-6-4,377.7
2026-10-02 10:34:16,20261002,14,6,2-6-5,220.8
2026-10-02 10:34:16,20261002,14,6,3-1-2,184.0
2026-10-02 10:34:16,20261002,14,6,3-1-4,108.7
2026-10-02 10:34:16,20261002,14,6,3-1-5,95.0
2026-10-02 10:34:16,20261002,14,6,3-1-6,377.7
2026-10-02 10:34:16,20261002,14,6,3-2-1,217.5
2026-10-02 10:34:16,20261002,14,6,3-2-4,179.4
2026-10-02 10:34:16,20261002,14,6,3-2-5,104.7
2026-10-02 10:34:16,20261002,14,6,3-2-6,193.9
2026-10-02 10:34:16,20261002,14,6,3-4-1,276.0
2026-10-02 10:34:16,20261002,14,6,3-4-2,214.2
2026-10-02 10:34:16,20261002,14,6,3-4-5,326.2
2026-10-02 10:34:16,20261002,14,6,3-4-6,256.3
2026-10-02 10:34:16,20261002,14,6,3-5-1,159.5
2026-10-02 10:34:16,20261002,14,6,3-5-2,113.0
2026-10-02 10:34:16,20261002,14,6,3-5-4,276.0
2026-10-02 10:34:16,20261002,14,6,3-5-6,387.9
2026-10-02 10:34:16,20261002,14,6,3-6-1,574.2
2026-10-02 10:34:16,20261002,14,6,3-6-2,512.7
2026-10-02 10:34:16,20261002,14,6,3-6-4,398.7
2026-10-02 10:34:16,20261002,14,6,3-6-5,552.1
2026-10-02 10:34:16,20261002,14,6,4-1-2,85.4
2026-10-02 10:34:16,20261002,14,6,4-1-3,224.3
2026-10-02 10:34:16,20261002,14,6,4-1-5,41.9
2026-10-02 10:34:16,20261002,14,6,4-1-6,299.0
2026-10-02 10:34:16,20261002,14,6,4-2-1,115.7
2026-10-02 10:34:16,20261002,14,6,4-2-3,281.4
2026-10-02 10:34:16,20261002,14,6,4-2-5,98.3
2026-10-02 10:34:16,20261002,14,6,4-2-6,224.3
2026-10-02 10:34:16,20261002,14,6,4-3-1,281.4
2026-10-02 10:34:16,20261002,14,6,4-3-2,368.0
2026-10-02 10:34:16,20261002,14,6,4-3-5,422.2
2026-10-02 10:34:16,20261002,14,6,4-3-6,326.2
2026-10-02 10:34:16,20261002,14,6,4-5-1,45.8
2026-10-02 10:34:16,20261002,14,6,4-5-2,97.6
2026-10-02 10:34:16,20261002,14,6,4-5-3,261.0
2026-10-02 10:34:16,20261002,14,6,4-5-6,184.0
2026-10-02 10:34:16,20261002,14,6,4-6-1,755.5
2026-10-02 10:34:16,20261002,14,6,4-6-2,478.5
2026-10-02 10:34:16,20261002,14,6,4-6-3,410.1
2026-10-02 10:34:16,20261002,14,6,4-6-5,463.0
2026-10-02 10:34:16,20261002,14,6,5-1-2,20.1
2026-10-02 10:34:16,20261002,14,6,5-1-3,73.6
2026-10-02 10:34:16,20261002,14,6,5-1-4,21.7
2026-10-02 10:34:16,20261002,14,6,5-1-6,188.8
2026-10-02 10:34:16,20261002,14,6,5-2-1,51.6
2026-10-02 10:34:16,20261002,14,6,5-2-3,154.3
2026-10-02 10:34:16,20261002,14,6,5-2-4,83.4
2026-10-02 10:34:16,20261002,14,6,5-2-6,154.3
2026-10-02 10:34:16,20261002,14,6,5-3-1,163.1
2026-10-02 10:34:16,20261002,14,6,5-3-2,202.1
2026-10-02 10:34:16,20261002,14,6,5-3-4,350.1
2026-10-02 10:34:16,20261002,14,6,5-3-6,463.0
2026-10-02 10:34:16,20261002,14,6,5-4-1,27.8
2026-10-02 10:34:16,20261002,14,6,5-4-2,63.5
2026-10-02 10:34:16,20261002,14,6,5-4-3,214.2
2026-10-02 10:34:16,20261002,14,6,5-4-6,247.5
2026-10-02 10:34:16,20261002,14,6,5-6-1,495.0
2026-10-02 10:34:16,20261002,14,6,5-6-2,193.9
2026-10-02 10:34:16,20261002,14,6,5-6-3,512.7
2026-10-02 10:34:16,20261002,14,6,5-6-4,422.2
2026-10-02 10:34:16,20261002,14,6,6-1-2,235.3
2026-10-02 10:34:16,20261002,14,6,6-1-3,463.0
2026-10-02 10:34:16,20261002,14,6,6-1-4,897.2
2026-10-02 10:34:16,20261002,14,6,6-1-5,1794.0
2026-10-02 10:34:16,20261002,14,6,6-2-1,495.0
2026-10-02 10:34:16,20261002,14,6,6-2-3,652.5
2026-10-02 10:34:16,20261002,14,6,6-2-4,448.6
2026-10-02 10:34:16,20261002,14,6,6-2-5,196.6
2026-10-02 10:34:16,20261002,14,6,6-3-1,717.7
2026-10-02 10:34:16,20261002,14,6,6-3-2,652.5
2026-10-02 10:34:16,20261002,14,6,6-3-4,387.9
2026-10-02 10:34:16,20261002,14,6,6-3-5,957.0
2026-10-02 10:34:16,20261002,14,6,6-4-1,797.5
2026-10-02 10:34:16,20261002,14,6,6-4-2,624.1
2026-10-02 10:34:16,20261002,14,6,6-4-3,624.1
2026-10-02 10:34:16,20261002,14,6,6-4-5,683.6
2026-10-02 10:34:16,20261002,14,6,6-5-1,1435.0
2026-10-02 10:34:16,20261002,14,6,6-5-2,251.8
2026-10-02 10:34:16,20261002,14,6,6-5-3,1794.0
2026-10-02 10:34:16,20261002,14,6,6-5-4,624.1
2026-10-02 10:43:47,20261002,4,1,1-2-3,15.8
2026-10-02 10:43:47,20261002,4,1,1-2-4,24.4
2026-10-02 10:43:47,20261002,4,1,1-2-5,54.0
2026-10-02 10:43:47,20261002,4,1,1-2-6,19.0
2026-10-02 10:43:47,20261002,4,1,1-3-2,18.8
2026-10-02 10:43:47,20261002,4,1,1-3-4,23.9
2026-10-02 10:43:47,20261002,4,1,1-3-5,48.3
2026-10-02 10:43:47,20261002,4,1,1-3-6,16.0
2026-10-02 10:43:47,20261002,4,1,1-4-2,35.5
2026-10-02 10:43:47,20261002,4,1,1-4-3,37.9
2026-10-02 10:43:47,20261002,4,1,1-4-5,85.6
2026-10-02 10:43:47,20261002,4,1,1-4-6,32.1
2026-10-02 10:43:47,20261002,4,1,1-5-2,78.3
2026-10-02 10:43:47,20261002,4,1,1-5-3,86.0
2026-10-02 10:43:47,20261002,4,1,1-5-4,96.9
2026-10-02 10:43:47,20261002,4,1,1-5-6,90.7
2026-10-02 10:43:47,20261002,4,1,1-6-2,30.4
2026-10-02 10:43:47,20261002,4,1,1-6-3,24.4
2026-10-02 10:43:47,20261002,4,1,1-6-4,45.3
2026-10-02 10:43:47,20261002,4,1,1-6-5,87.7
2026-10-02 10:43:47,20261002,4,1,2-1-3,55.7
2026-10-02 10:43:47,20261002,4,1,2-1-4,71.8
2026-10-02 10:43:47,20261002,4,1,2-1-5,107.8
2026-10-02 10:43:47,20261002,4,1,2-1-6,52.8
2026-10-02 10:43:47,20261002,4,1,2-3-1,123.0
2026-10-02 10:43:47,20261002,4,1,2-3-4,143.2
2026-10-02 10:43:47,20261002,4,1,2-3-5,195.0
2026-10-02 10:43:47,20261002,4,1,2-3-6,104.1
2026-10-02 10:43:47,20261002,4,1,2-4-1,172.9
2026-10-02 10:43:47,20261002,4,1,2-4-3,210.7
2026-10-02 10:43:47,20261002,4,1,2-4-5,261.8
2026-10-02 10:43:47,20261002,4,1,2-4-6,158.0
2026-10-02 10:43:47,20261002,4,1,2-5-1,223.5
2026-10-02 10:43:47,20261002,4,1,2-5-3,282.0
2026-10-02 10:43:47,20261002,4,1,2-5-4,366.6
2026-10-02 10:43:47,20261002,4,1,2-5-6,226.3
2026-10-02 10:43:47,20261002,4,1,2-6-1,99.6
2026-10-02 10:43:47,20261002,4,1,2-6-3,141.0
2026-10-02 10:43:47,20261002,4,1,2-6-4,181.5
2026-10-02 10:43:47,20261002,4,1,2-6-5,229.1
2026-10-02 10:43:47,20261002,4,1,3-1-2,48.8
2026-10-02 10:43:47,20261002,4,1,3-1-4,51.6
2026-10-02 10:43:47,20261002,4,1,3-1-5,71.6
2026-10-02 10:43:47,20261002,4,1,3-1-6,30.7
2026-10-02 10:43:47,20261002,4,1,3-2-1,96.4
2026-10-02 10:43:47,20261002,4,1,3-2-4,84.8
2026-10-02 10:43:47,20261002,4,1,3-2-5,137.8
2026-10-02 10:43:47,20261002,4,1,3-2-6,54.0
2026-10-02 10:43:47,20261002,4,1,3-4-1,119.0
2026-10-02 10:43:47,20261002,4,1,3-4-2,126.4
2026-10-02 10:43:47,20261002,4,1,3-4-5,174.5
2026-10-02 10:43:47,20261002,4,1,3-4-6,97.5
2026-10-02 10:43:47,20261002,4,1,3-5-1,168.1
2026-10-02 10:43:47,20261002,4,1,3-5-2,199.2
2026-10-02 10:43:47,20261002,4,1,3-5-4,210.7
2026-10-02 10:43:47,20261002,4,1,3-5-6,78.6
2026-10-02 10:43:47,20261002,4,1,3-6-1,49.0
2026-10-02 10:43:47,20261002,4,1,3-6-2,75.7
2026-10-02 10:43:47,20261002,4,1,3-6-4,122.2
2026-10-02 10:43:47,20261002,4,1,3-6-5,76.7
2026-10-02 10:43:47,20261002,4,1,4-1-2,119.8
2026-10-02 10:43:47,20261002,4,1,4-1-3,124.7
2026-10-02 10:43:47,20261002,4,1,4-1-5,210.7
2026-10-02 10:43:47,20261002,4,1,4-1-6,118.2
2026-10-02 10:43:47,20261002,4,1,4-2-1,199.2
2026-10-02 10:43:47,20261002,4,1,4-2-3,305.5
2026-10-02 10:43:47,20261002,4,1,4-2-5,374.1
2026-10-02 10:43:47,20261002,4,1,4-2-6,159.4
2026-10-02 10:43:47,20261002,4,1,4-3-1,131.8
2026-10-02 10:43:47,20261002,4,1,4-3-2,277.7
2026-10-02 10:43:47,20261002,4,1,4-3-5,220.8
2026-10-02 10:43:47,20261002,4,1,4-3-6,165.1
2026-10-02 10:43:47,20261002,4,1,4-5-1,215.6
2026-10-02 10:43:47,20261002,4,1,4-5-2,286.4
2026-10-02 10:43:47,20261002,4,1,4-5-3,482.4
2026-10-02 10:43:47,20261002,4,1,4-5-6,310.7
2026-10-02 10:43:47,20261002,4,1,4-6-1,141.0
2026-10-02 10:43:47,20261002,4,1,4-6-2,215.6
2026-10-02 10:43:47,20261002,4,1,4-6-3,232.0
2026-10-02 10:43:47,20261002,4,1,4-6-5,316.0
2026-10-02 10:43:47,20261002,4,1,5-1-2,223.5
2026-10-02 10:43:47,20261002,4,1,5-1-3,172.9
2026-10-02 10:43:47,20261002,4,1,5-1-4,261.8
2026-10-02 10:43:47,20261002,4,1,5-1-6,208.3
2026-10-02 10:43:47,20261002,4,1,5-2-1,300.5
2026-10-02 10:43:47,20261002,4,1,5-2-3,345.8
2026-10-02 10:43:47,20261002,4,1,5-2-4,310.7
2026-10-02 10:43:47,20261002,4,1,5-2-6,143.2
2026-10-02 10:43:47,20261002,4,1,5-3-1,238.0
2026-10-02 10:43:47,20261002,4,1,5-3-2,300.5
2026-10-02 10:43:47,20261002,4,1,5-3-4,495.4
2026-10-02 10:43:47,20261002,4,1,5-3-6,109.7
2026-10-02 10:43:47,20261002,4,1,5-4-1,416.6
2026-10-02 10:43:47,20261002,4,1,5-4-2,366.6
2026-10-02 10:43:47,20261002,4,1,5-4-3,572.8
2026-10-02 10:43:47,20261002,4,1,5-4-6,407.3
2026-10-02 10:43:47,20261002,4,1,5-6-1,333.3
2026-10-02 10:43:47,20261002,4,1,5-6-2,339.4
2026-10-02 10:43:47,20261002,4,1,5-6-3,113.1
2026-10-02 10:43:47,20261002,4,1,5-6-4,572.8
2026-10-02 10:43:47,20261002,4,1,6-1-2,62.9
2026-10-02 10:43:47,20261002,4,1,6-1-3,48.6
2026-10-02 10:43:47,20261002,4,1,6-1-4,126.4
2026-10-02 10:43:47,20261002,4,1,6-1-5,169.7
2026-10-02 10:43:47,20261002,4,1,6-2-1,104.7
2026-10-02 10:43:47,20261002,4,1,6-2-3,122.2
2026-10-02 10:43:47,20261002,4,1,6-2-4,226.3
2026-10-02 10:43:47,20261002,4,1,6-2-5,258.2
2026-10-02 10:43:47,20261002,4,1,6-3-1,57.1
2026-10-02 10:43:47,20261002,4,1,6-3-2,116.0
2026-10-02 10:43:47,20261002,4,1,6-3-4,179.7
2026-10-02 10:43:47,20261002,4,1,6-3-5,102.9
2026-10-02 10:43:47,20261002,4,1,6-4-1,229.1
2026-10-02 10:43:47,20261002,4,1,6-4-2,359.4
2026-10-02 10:43:47,20261002,4,1,6-4-3,333.3
2026-10-02 10:43:47,20261002,4,1,6-4-5,591.3
2026-10-02 10:43:47,20261002,4,1,6-5-1,235.0
2026-10-02 10:43:47,20261002,4,1,6-5-2,345.8
2026-10-02 10:43:47,20261002,4,1,6-5-3,119.8
2026-10-02 10:43:47,20261002,4,1,6-5-4,426.3
2026-10-02 10:45:09,20261002,23,6,1-2-3,65.6
2026-10-02 10:45:09,20261002,23,6,1-2-4,86.6
2026-10-02 10:45:09,20261002,23,6,1-2-5,142.1
2026-10-02 10:45:09,20261002,23,6,1-2-6,200.0
2026-10-02 10:45:09,20261002,23,6,1-3-2,79.8
2026-10-02 10:45:09,20261002,23,6,1-3-4,19.1
2026-10-02 10:45:09,20261002,23,6,1-3-5,165.3
2026-10-02 10:45:09,20261002,23,6,1-3-6,376.9
2026-10-02 10:45:09,20261002,23,6,1-4-2,112.5
2026-10-02 10:45:09,20261002,23,6,1-4-3,19.5
2026-10-02 10:45:09,20261002,23,6,1-4-5,238.3
2026-10-02 10:45:09,20261002,23,6,1-4-6,311.6
2026-10-02 10:45:09,20261002,23,6,1-5-2,213.2
2026-10-02 10:45:09,20261002,23,6,1-5-3,197.6
2026-10-02 10:45:09,20261002,23,6,1-5-4,311.6
2026-10-02 10:45:09,20261002,23,6,1-5-6,558.8
2026-10-02 10:45:09,20261002,23,6,1-6-2,648.2
2026-10-02 10:45:09,20261002,23,6,1-6-3,463.0
2026-10-02 10:45:09,20261002,23,6,1-6-4,438.0
2026-10-02 10:45:09,20261002,23,6,1-6-5,1157.0
2026-10-02 10:45:09,20261002,23,6,2-1-3,56.6
2026-10-02 10:45:09,20261002,23,6,2-1-4,51.2
2026-10-02 10:45:09,20261002,23,6,2-1-5,86.6
2026-10-02 10:45:09,20261002,23,6,2-1-6,463.0
2026-10-02 10:45:09,20261002,23,6,2-3-1,39.1
2026-10-02 10:45:09,20261002,23,6,2-3-4,6.6
2026-10-02 10:45:09,20261002,23,6,2-3-5,26.1
2026-10-02 10:45:09,20261002,23,6,2-3-6,253.2
2026-10-02 10:45:09,20261002,23,6,2-4-1,44.0
2026-10-02 10:45:09,20261002,23,6,2-4-3,7.4
2026-10-02 10:45:09,20261002,23,6,2-4-5,24.0
2026-10-02 10:45:09,20261002,23,6,2-4-6,182.0
2026-10-02 10:45:09,20261002,23,6,2-5-1,186.2
2026-10-02 10:45:09,20261002,23,6,2-5-3,73.3
2026-10-02 10:45:09,20261002,23,6,2-5-4,46.0
2026-10-02 10:45:09,20261002,23,6,2-5-6,648.2
2026-10-02 10:45:09,20261002,23,6,2-6-1,623.3
2026-10-02 10:45:09,20261002,23,6,2-6-3,558.8
2026-10-02 10:45:09,20261002,23,6,2-6-4,385.8
2026-10-02 10:45:09,20261002,23,6,2-6-5,395.2
2026-10-02 10:45:09,20261002,23,6,3-1-2,126.6
2026-10-02 10:45:09,20261002,23,6,3-1-4,108.0
2026-10-02 10:45:09,20261002,23,6,3-1-5,197.6
2026-10-02 10:45:09,20261002,23,6,3-1-6,450.1
2026-10-02 10:45:09,20261002,23,6,3-2-1,78.2
2026-10-02 10:45:09,20261002,23,6,3-2-4,14.3
2026-10-02 10:45:09,20261002,23,6,3-2-5,41.7
2026-10-02 10:45:09,20261002,23,6,3-2-6,289.4
2026-10-02 10:45:09,20261002,23,6,3-4-1,94.7
2026-10-02 10:45:09,20261002,23,6,3-4-2,20.2
2026-10-02 10:45:09,20261002,23,6,3-4-5,60.4
2026-10-02 10:45:09,20261002,23,6,3-4-6,216.0
2026-10-02 10:45:09,20261002,23,6,3-5-1,352.3
2026-10-02 10:45:09,20261002,23,6,3-5-2,122.7
2026-10-02 10:45:09,20261002,23,6,3-5-4,163.7
2026-10-02 10:45:09,20261002,23,6,3-5-6,704.6
2026-10-02 10:45:09,20261002,23,6,3-6-1,522.7
2026-10-02 10:45:09,20261002,23,6,3-6-2,289.4
2026-10-02 10:45:09,20261002,23,6,3-6-4,463.0
2026-10-02 10:45:09,20261002,23,6,3-6-5,1080.0
2026-10-02 10:45:09,20261002,23,6,4-1-2,116.5
2026-10-02 10:45:09,20261002,23,6,4-1-3,135.0
2026-10-02 10:45:09,20261002,23,6,4-1-5,178.0
2026-10-02 10:45:09,20261002,23,6,4-1-6,506.4
2026-10-02 10:45:09,20261002,23,6,4-2-1,65.8
2026-10-02 10:45:09,20261002,23,6,4-2-3,15.5
2026-10-02 10:45:09,20261002,23,6,4-2-5,39.5
2026-10-02 10:45:09,20261002,23,6,4-2-6,210.4
2026-10-02 10:45:09,20261002,23,6,4-3-1,52.2
2026-10-02 10:45:09,20261002,23,6,4-3-2,13.1
2026-10-02 10:45:09,20261002,23,6,4-3-5,63.5
2026-10-02 10:45:09,20261002,23,6,4-3-6,274.6
2026-10-02 10:45:09,20261002,23,6,4-5-1,205.1
2026-10-02 10:45:09,20261002,23,6,4-5-2,73.0
2026-10-02 10:45:09,20261002,23,6,4-5-3,98.8
2026-10-02 10:45:09,20261002,23,6,4-5-6,385.8
2026-10-02 10:45:09,20261002,23,6,4-6-1,736.6
2026-10-02 10:45:09,20261002,23,6,4-6-2,405.1
2026-10-02 10:45:09,20261002,23,6,4-6-3,491.1
2026-10-02 10:45:09,20261002,23,6,4-6-5,900.3
2026-10-02 10:45:09,20261002,23,6,5-1-2,317.7
2026-10-02 10:45:09,20261002,23,6,5-1-3,324.1
2026-10-02 10:45:09,20261002,23,6,5-1-4,405.1
2026-10-02 10:45:09,20261002,23,6,5-1-6,704.6
2026-10-02 10:45:09,20261002,23,6,5-2-1,426.4
2026-10-02 10:45:09,20261002,23,6,5-2-3,186.2
2026-10-02 10:45:09,20261002,23,6,5-2-4,154.3
2026-10-02 10:45:09,20261002,23,6,5-2-6,600.2
2026-10-02 10:45:09,20261002,23,6,5-3-1,463.0
2026-10-02 10:45:09,20261002,23,6,5-3-2,216.0
2026-10-02 10:45:09,20261002,23,6,5-3-4,261.3
2026-10-02 10:45:09,20261002,23,6,5-3-6,1012.0
2026-10-02 10:45:09,20261002,23,6,5-4-1,385.8
2026-10-02 10:45:09,20261002,23,6,5-4-2,219.0
2026-10-02 10:45:09,20261002,23,6,5-4-3,324.1
2026-10-02 10:45:09,20261002,23,6,5-4-6,771.7
2026-10-02 10:45:09,20261002,23,6,5-6-1,1800.0
2026-10-02 10:45:09,20261002,23,6,5-6-2,900.3
2026-10-02 10:45:09,20261002,23,6,5-6-3,704.6
2026-10-02 10:45:09,20261002,23,6,5-6-4,1350.0
2026-10-02 10:45:09,20261002,23,6,6-1-2,463.0
2026-10-02 10:45:09,20261002,23,6,6-1-3,1080.0
2026-10-02 10:45:09,20261002,23,6,6-1-4,648.2
2026-10-02 10:45:09,20261002,23,6,6-1-5,1246.0
2026-10-02 10:45:09,20261002,23,6,6-2-1,1080.0
2026-10-02 10:45:09,20261002,23,6,6-2-3,506.4
2026-10-02 10:45:09,20261002,23,6,6-2-4,463.0
2026-10-02 10:45:09,20261002,23,6,6-2-5,395.2
2026-10-02 10:45:09,20261002,23,6,6-3-1,852.9
2026-10-02 10:45:09,20261002,23,6,6-3-2,1012.0
2026-10-02 10:45:09,20261002,23,6,6-3-4,405.1
2026-10-02 10:45:09,20261002,23,6,6-3-5,771.7
2026-10-02 10:45:09,20261002,23,6,6-4-1,1157.0
2026-10-02 10:45:09,20261002,23,6,6-4-2,810.3
2026-10-02 10:45:09,20261002,23,6,6-4-3,1157.0
2026-10-02 10:45:09,20261002,23,6,6-4-5,1246.0
2026-10-02 10:45:09,20261002,23,6,6-5-1,1800.0
2026-10-02 10:45:09,20261002,23,6,6-5-2,1012.0
2026-10-02 10:45:09,20261002,23,6,6-5-3,771.7
2026-10-02 10:45:09,20261002,23,6,6-5-4,771.7
2026-10-02 10:46:47,20261002,9,2,1-2-3,28.3
2026-10-02 10:46:47,20261002,9,2,1-2-4,42.2
2026-10-02 10:46:47,20261002,9,2,1-2-5,93.9
2026-10-02 10:46:47,20261002,9,2,1-2-6,56.6
2026-10-02 10:46:47,20261002,9,2,1-3-2,25.9
2026-10-02 10:46:47,20261002,9,2,1-3-4,37.4
2026-10-02 10:46:47,20261002,9,2,1-3-5,39.5
2026-10-02 10:46:47,20261002,9,2,1-3-6,46.1
2026-10-02 10:46:47,20261002,9,2,1-4-2,39.7
2026-10-02 10:46:47,20261002,9,2,1-4-3,37.8
2026-10-02 10:46:47,20261002,9,2,1-4-5,77.5
2026-10-02 10:46:47,20261002,9,2,1-4-6,68.8
2026-10-02 10:46:47,20261002,9,2,1-5-2,109.3
2026-10-02 10:46:47,20261002,9,2,1-5-3,102.3
2026-10-02 10:46:47,20261002,9,2,1-5-4,110.8
2026-10-02 10:46:47,20261002,9,2,1-5-6,241.9
2026-10-02 10:46:47,20261002,9,2,1-6-2,210.0
2026-10-02 10:46:47,20261002,9,2,1-6-3,210.0
2026-10-02 10:46:47,20261002,9,2,1-6-4,145.1
2026-10-02 10:46:47,20261002,9,2,1-6-5,443.5
2026-10-02 10:46:47,20261002,9,2,2-1-3,28.3
2026-10-02 10:46:47,20261002,9,2,2-1-4,39.3
2026-10-02 10:46:47,20261002,9,2,2-1-5,79.8
2026-10-02 10:46:47,20261002,9,2,2-1-6,98.5
2026-10-02 10:46:47,20261002,9,2,2-3-1,26.4
2026-10-02 10:46:47,20261002,9,2,2-3-4,21.8
2026-10-02 10:46:47,20261002,9,2,2-3-5,59.1
2026-10-02 10:46:47,20261002,9,2,2-3-6,119.1
2026-10-02 10:46:47,20261002,9,2,2-4-1,67.0
2026-10-02 10:46:47,20261002,9,2,2-4-3,28.6
2026-10-02 10:46:47,20261002,9,2,2-4-5,84.9
2026-10-02 10:46:47,20261002,9,2,2-4-6,96.1
2026-10-02 10:46:47,20261002,9,2,2-5-1,181.4
2026-10-02 10:46:47,20261002,9,2,2-5-3,55.4
2026-10-02 10:46:47,20261002,9,2,2-5-4,185.6
2026-10-02 10:46:47,20261002,9,2,2-5-6,295.6
2026-10-02 10:46:47,20261002,9,2,2-6-1,173.5
2026-10-02 10:46:47,20261002,9,2,2-6-3,162.9
2026-10-02 10:46:47,20261002,9,2,2-6-4,162.9
2026-10-02 10:46:47,20261002,9,2,2-6-5,285.1
2026-10-02 10:46:47,20261002,9,2,3-1-2,45.6
2026-10-02 10:46:47,20261002,9,2,3-1-4,53.5
2026-10-02 10:46:47,20261002,9,2,3-1-5,48.6
2026-10-02 10:46:47,20261002,9,2,3-1-6,140.0
2026-10-02 10:46:47,20261002,9,2,3-2-1,47.5
2026-10-02 10:46:47,20261002,9,2,3-2-4,29.1
2026-10-02 10:46:47,20261002,9,2,3-2-5,68.8
2026-10-02 10:46:47,20261002,9,2,3-2-6,43.3
2026-10-02 10:46:47,20261002,9,2,3-4-1,78.2
2026-10-02 10:46:47,20261002,9,2,3-4-2,31.0
2026-10-02 10:46:47,20261002,9,2,3-4-5,101.0
2026-10-02 10:46:47,20261002,9,2,3-4-6,120.9
2026-10-02 10:46:47,20261002,9,2,3-5-1,120.9
2026-10-02 10:46:47,20261002,9,2,3-5-2,98.5
2026-10-02 10:46:47,20261002,9,2,3-5-4,166.3
2026-10-02 10:46:47,20261002,9,2,3-5-6,295.6
2026-10-02 10:46:47,20261002,9,2,3-6-1,347.0
2026-10-02 10:46:47,20261002,9,2,3-6-2,266.1
2026-10-02 10:46:47,20261002,9,2,3-6-4,257.5
2026-10-02 10:46:47,20261002,9,2,3-6-5,319.3
2026-10-02 10:46:47,20261002,9,2,4-1-2,47.2
2026-10-02 10:46:47,20261002,9,2,4-1-3,60.9
2026-10-02 10:46:47,20261002,9,2,4-1-5,89.6
2026-10-02 10:46:47,20261002,9,2,4-1-6,99.7
2026-10-02 10:46:47,20261002,9,2,4-2-1,55.8
2026-10-02 10:46:47,20261002,9,2,4-2-3,31.1
2026-10-02 10:46:47,20261002,9,2,4-2-5,89.6
2026-10-02 10:46:47,20261002,9,2,4-2-6,92.8
2026-10-02 10:46:47,20261002,9,2,4-3-1,60.4
2026-10-02 10:46:47,20261002,9,2,4-3-2,35.4
2026-10-02 10:46:47,20261002,9,2,4-3-5,98.5
2026-10-02 10:46:47,20261002,9,2,4-3-6,99.7
2026-10-02 10:46:47,20261002,9,2,4-5-1,89.6
2026-10-02 10:46:47,20261002,9,2,4-5-2,105.0
2026-10-02 10:46:47,20261002,9,2,4-5-3,115.6
2026-10-02 10:46:47,20261002,9,2,4-5-6,103.6
2026-10-02 10:46:47,20261002,9,2,4-6-1,114.0
2026-10-02 10:46:47,20261002,9,2,4-6-2,112.4
2026-10-02 10:46:47,20261002,9,2,4-6-3,135.3
2026-10-02 10:46:47,20261002,9,2,4-6-5,133.0
2026-10-02 10:46:47,20261002,9,2,5-1-2,275.2
2026-10-02 10:46:47,20261002,9,2,5-1-3,159.6
2026-10-02 10:46:47,20261002,9,2,5-1-4,234.7
2026-10-02 10:46:47,20261002,9,2,5-1-6,380.1
2026-10-02 10:46:47,20261002,9,2,5-2-1,249.4
2026-10-02 10:46:47,20261002,9,2,5-2-3,181.4
2026-10-02 10:46:47,20261002,9,2,5-2-4,162.9
2026-10-02 10:46:47,20261002,9,2,5-2-6,285.1
2026-10-02 10:46:47,20261002,9,2,5-3-1,210.0
2026-10-02 10:46:47,20261002,9,2,5-3-2,71.9
2026-10-02 10:46:47,20261002,9,2,5-3-4,221.7
2026-10-02 10:46:47,20261002,9,2,5-3-6,347.0
2026-10-02 10:46:47,20261002,9,2,5-4-1,215.7
2026-10-02 10:46:47,20261002,9,2,5-4-2,257.5
2026-10-02 10:46:47,20261002,9,2,5-4-3,194.7
2026-10-02 10:46:47,20261002,9,2,5-4-6,332.6
2026-10-02 10:46:47,20261002,9,2,5-6-1,532.2
2026-10-02 10:46:47,20261002,9,2,5-6-2,347.0
2026-10-02 10:46:47,20261002,9,2,5-6-3,204.6
2026-10-02 10:46:47,20261002,9,2,5-6-4,420.1
2026-10-02 10:46:47,20261002,9,2,6-1-2,153.5
2026-10-02 10:46:47,20261002,9,2,6-1-3,380.1
2026-10-02 10:46:47,20261002,9,2,6-1-4,228.0
2026-10-02 10:46:47,20261002,9,2,6-1-5,614.0
2026-10-02 10:46:47,20261002,9,2,6-2-1,215.7
2026-10-02 10:46:47,20261002,9,2,6-2-3,185.6
2026-10-02 10:46:47,20261002,9,2,6-2-4,319.3
2026-10-02 10:46:47,20261002,9,2,6-2-5,420.1
2026-10-02 10:46:47,20261002,9,2,6-3-1,532.2
2026-10-02 10:46:47,20261002,9,2,6-3-2,319.3
2026-10-02 10:46:47,20261002,9,2,6-3-4,285.1
2026-10-02 10:46:47,20261002,9,2,6-3-5,532.2
2026-10-02 10:46:47,20261002,9,2,6-4-1,307.0
2026-10-02 10:46:47,20261002,9,2,6-4-2,285.1
2026-10-02 10:46:47,20261002,9,2,6-4-3,234.7
2026-10-02 10:46:47,20261002,9,2,6-4-5,362.8
2026-10-02 10:46:47,20261002,9,2,6-5-1,798.3
2026-10-02 10:46:47,20261002,9,2,6-5-2,443.5
2026-10-02 10:46:47,20261002,9,2,6-5-3,614.0
2026-10-02 10:46:47,20261002,9,2,6-5-4,469.5
2026-10-02 10:51:13,20261002,13,2,1-2-3,20.1
2026-10-02 10:51:13,20261002,13,2,1-2-4,18.4
2026-10-02 10:51:13,20261002,13,2,1-2-5,121.5
2026-10-02 10:51:13,20261002,13,2,1-2-6,103.2
2026-10-02 10:51:13,20261002,13,2,1-3-2,17.8
2026-10-02 10:51:13,20261002,13,2,1-3-4,5.4
2026-10-02 10:51:13,20261002,13,2,1-3-5,56.2
2026-10-02 10:51:13,20261002,13,2,1-3-6,52.6
2026-10-02 10:51:13,20261002,13,2,1-4-2,17.7
2026-10-02 10:51:13,20261002,13,2,1-4-3,9.1
2026-10-02 10:51:13,20261002,13,2,1-4-5,62.6
2026-10-02 10:51:13,20261002,13,2,1-4-6,43.9
2026-10-02 10:51:13,20261002,13,2,1-5-2,217.4
2026-10-02 10:51:13,20261002,13,2,1-5-3,275.4
2026-10-02 10:51:13,20261002,13,2,1-5-4,168.6
2026-10-02 10:51:13,20261002,13,2,1-5-6,359.2
2026-10-02 10:51:13,20261002,13,2,1-6-2,187.8
2026-10-02 10:51:13,20261002,13,2,1-6-3,142.4
2026-10-02 10:51:13,20261002,13,2,1-6-4,131.1
2026-10-02 10:51:13,20261002,13,2,1-6-5,413.1
2026-10-02 10:51:13,20261002,13,2,2-1-3,55.4
2026-10-02 10:51:13,20261002,13,2,2-1-4,53.3
2026-10-02 10:51:13,20261002,13,2,2-1-5,217.4
2026-10-02 10:51:13,20261002,13,2,2-1-6,192.1
2026-10-02 10:51:13,20261002,13,2,2-3-1,118.0
2026-10-02 10:51:13,20261002,13,2,2-3-4,67.7
2026-10-02 10:51:13,20261002,13,2,2-3-5,155.9
2026-10-02 10:51:13,20261002,13,2,2-3-6,413.1
2026-10-02 10:51:13,20261002,13,2,2-4-1,119.7
2026-10-02 10:51:13,20261002,13,2,2-4-3,99.5
2026-10-02 10:51:13,20261002,13,2,2-4-5,486.0
2026-10-02 10:51:13,20261002,13,2,2-4-6,317.8
2026-10-02 10:51:13,20261002,13,2,2-5-1,183.6
2026-10-02 10:51:13,20261002,13,2,2-5-3,236.1
2026-10-02 10:51:13,20261002,13,2,2-5-4,516.4
2026-10-02 10:51:13,20261002,13,2,2-5-6,459.0
2026-10-02 10:51:13,20261002,13,2,2-6-1,393.5
2026-10-02 10:51:13,20261002,13,2,2-6-3,344.3
2026-10-02 10:51:13,20261002,13,2,2-6-4,275.4
2026-10-02 10:51:13,20261002,13,2,2-6-5,375.6
2026-10-02 10:51:13,20261002,13,2,3-1-2,48.6
2026-10-02 10:51:13,20261002,13,2,3-1-4,14.2
2026-10-02 10:51:13,20261002,13,2,3-1-5,100.7
2026-10-02 10:51:13,20261002,13,2,3-1-6,104.6
2026-10-02 10:51:13,20261002,13,2,3-2-1,94.9
2026-10-02 10:51:13,20261002,13,2,3-2-4,68.8
2026-10-02 10:51:13,20261002,13,2,3-2-5,306.0
2026-10-02 10:51:13,20261002,13,2,3-2-6,250.4
2026-10-02 10:51:13,20261002,13,2,3-4-1,19.3
2026-10-02 10:51:13,20261002,13,2,3-4-2,60.3
2026-10-02 10:51:13,20261002,13,2,3-4-5,104.6
2026-10-02 10:51:13,20261002,13,2,3-4-6,65.5
2026-10-02 10:51:13,20261002,13,2,3-5-1,223.3
2026-10-02 10:51:13,20261002,13,2,3-5-2,275.4
2026-10-02 10:51:13,20261002,13,2,3-5-4,317.8
2026-10-02 10:51:13,20261002,13,2,3-5-6,393.5
2026-10-02 10:51:13,20261002,13,2,3-6-1,306.0
2026-10-02 10:51:13,20261002,13,2,3-6-2,306.0
2026-10-02 10:51:13,20261002,13,2,3-6-4,196.7
2026-10-02 10:51:13,20261002,13,2,3-6-5,359.2
2026-10-02 10:51:13,20261002,13,2,4-1-2,42.8
2026-10-02 10:51:13,20261002,13,2,4-1-3,20.5
2026-10-02 10:51:13,20261002,13,2,4-1-5,131.1
2026-10-02 10:51:13,20261002,13,2,4-1-6,103.2
2026-10-02 10:51:13,20261002,13,2,4-2-1,92.8
2026-10-02 10:51:13,20261002,13,2,4-2-3,104.6
2026-10-02 10:51:13,20261002,13,2,4-2-5,344.3
2026-10-02 10:51:13,20261002,13,2,4-2-6,236.1
2026-10-02 10:51:13,20261002,13,2,4-3-1,19.5
2026-10-02 10:51:13,20261002,13,2,4-3-2,59.8
2026-10-02 10:51:13,20261002,13,2,4-3-5,150.2
2026-10-02 10:51:13,20261002,13,2,4-3-6,116.3
2026-10-02 10:51:13,20261002,13,2,4-5-1,223.3
2026-10-02 10:51:13,20261002,13,2,4-5-2,550.9
2026-10-02 10:51:13,20261002,13,2,4-5-3,250.4
2026-10-02 10:51:13,20261002,13,2,4-5-6,317.8
2026-10-02 10:51:13,20261002,13,2,4-6-1,192.1
2026-10-02 10:51:13,20261002,13,2,4-6-2,413.1
2026-10-02 10:51:13,20261002,13,2,4-6-3,306.0
2026-10-02 10:51:13,20261002,13,2,4-6-5,635.6
2026-10-02 10:51:13,20261002,13,2,5-1-2,550.9
2026-10-02 10:51:13,20261002,13,2,5-1-3,284.9
2026-10-02 10:51:13,20261002,13,2,5-1-4,344.3
2026-10-02 10:51:13,20261002,13,2,5-1-6,434.9
2026-10-02 10:51:13,20261002,13,2,5-2-1,459.0
2026-10-02 10:51:13,20261002,13,2,5-2-3,344.3
2026-10-02 10:51:13,20261002,13,2,5-2-4,330.5
2026-10-02 10:51:13,20261002,13,2,5-2-6,516.4
2026-10-02 10:51:13,20261002,13,2,5-3-1,550.9
2026-10-02 10:51:13,20261002,13,2,5-3-2,459.0
2026-10-02 10:51:13,20261002,13,2,5-3-4,751.2
2026-10-02 10:51:13,20261002,13,2,5-3-6,1377.0
2026-10-02 10:51:13,20261002,13,2,5-4-1,434.9
2026-10-02 10:51:13,20261002,13,2,5-4-2,413.1
2026-10-02 10:51:13,20261002,13,2,5-4-3,516.4
2026-10-02 10:51:13,20261002,13,2,5-4-6,516.4
2026-10-02 10:51:13,20261002,13,2,5-6-1,1377.0
2026-10-02 10:51:13,20261002,13,2,5-6-2,1032.0
2026-10-02 10:51:13,20261002,13,2,5-6-3,375.6
2026-10-02 10:51:13,20261002,13,2,5-6-4,1032.0
2026-10-02 10:51:13,20261002,13,2,6-1-2,250.4
2026-10-02 10:51:13,20261002,13,2,6-1-3,918.1
2026-10-02 10:51:13,20261002,13,2,6-1-4,516.4
2026-10-02 10:51:13,20261002,13,2,6-1-5,826.3
2026-10-02 10:51:13,20261002,13,2,6-2-1,306.0
2026-10-02 10:51:13,20261002,13,2,6-2-3,317.8
2026-10-02 10:51:13,20261002,13,2,6-2-4,459.0
2026-10-02 10:51:13,20261002,13,2,6-2-5,486.0
2026-10-02 10:51:13,20261002,13,2,6-3-1,1652.0
2026-10-02 10:51:13,20261002,13,2,6-3-2,635.6
2026-10-02 10:51:13,20261002,13,2,6-3-4,590.2
2026-10-02 10:51:13,20261002,13,2,6-3-5,1652.0
2026-10-02 10:51:13,20261002,13,2,6-4-1,550.9
2026-10-02 10:51:13,20261002,13,2,6-4-2,918.1
2026-10-02 10:51:13,20261002,13,2,6-4-3,590.2
2026-10-02 10:51:13,20261002,13,2,6-4-5,1377.0
2026-10-02 10:51:13,20261002,13,2,6-5-1,1377.0
2026-10-02 10:51:13,20261002,13,2,6-5-2,1377.0
2026-10-02 10:51:13,20261002,13,2,6-5-3,826.3
2026-10-02 10:51:13,20261002,13,2,6-5-4,1180.0
2026-10-02 10:51:21,20261002,22,1,1-2-3,4.8
2026-10-02 10:51:21,20261002,22,1,1-2-4,35.7
2026-10-02 10:51:21,20261002,22,1,1-2-5,26.1
2026-10-02 10:51:21,20261002,22,1,1-2-6,25.8
2026-10-02 10:51:21,20261002,22,1,1-3-2,10.0
2026-10-02 10:51:21,20261002,22,1,1-3-4,18.1
2026-10-02 10:51:21,20261002,22,1,1-3-5,10.1
2026-10-02 10:51:21,20261002,22,1,1-3-6,9.8
2026-10-02 10:51:21,20261002,22,1,1-4-2,49.5
2026-10-02 10:51:21,20261002,22,1,1-4-3,38.4
2026-10-02 10:51:21,20261002,22,1,1-4-5,59.7
2026-10-02 10:51:21,20261002,22,1,1-4-6,46.1
2026-10-02 10:51:21,20261002,22,1,1-5-2,35.0
2026-10-02 10:51:21,20261002,22,1,1-5-3,23.2
2026-10-02 10:51:21,20261002,22,1,1-5-4,59.1
2026-10-02 10:51:21,20261002,22,1,1-5-6,22.2
2026-10-02 10:51:21,20261002,22,1,1-6-2,49.1
2026-10-02 10:51:21,20261002,22,1,1-6-3,34.2
2026-10-02 10:51:21,20261002,22,1,1-6-4,107.8
2026-10-02 10:51:21,20261002,22,1,1-6-5,47.7
2026-10-02 10:51:21,20261002,22,1,2-1-3,101.3
2026-10-02 10:51:21,20261002,22,1,2-1-4,202.6
2026-10-02 10:51:21,20261002,22,1,2-1-5,171.4
2026-10-02 10:51:21,20261002,22,1,2-1-6,257.2
2026-10-02 10:51:21,20261002,22,1,2-3-1,180.7
2026-10-02 10:51:21,20261002,22,1,2-3-4,371.5
2026-10-02 10:51:21,20261002,22,1,2-3-5,334.3
2026-10-02 10:51:21,20261002,22,1,2-3-6,743.0
2026-10-02 10:51:21,20261002,22,1,2-4-1,215.7
2026-10-02 10:51:21,20261002,22,1,2-4-3,267.5
2026-10-02 10:51:21,20261002,22,1,2-4-5,351.9
2026-10-02 10:51:21,20261002,22,1,2-4-6,371.5
2026-10-02 10:51:21,20261002,22,1,2-5-1,180.7
2026-10-02 10:51:21,20261002,22,1,2-5-3,514.4
2026-10-02 10:51:21,20261002,22,1,2-5-4,557.3
2026-10-02 10:51:21,20261002,22,1,2-5-6,180.7
2026-10-02 10:51:21,20261002,22,1,2-6-1,477.6
2026-10-02 10:51:21,20261002,22,1,2-6-3,607.9
2026-10-02 10:51:21,20261002,22,1,2-6-4,247.6
2026-10-02 10:51:21,20261002,22,1,2-6-5,334.3
2026-10-02 10:51:21,20261002,22,1,3-1-2,62.5
2026-10-02 10:51:21,20261002,22,1,3-1-4,78.6
2026-10-02 10:51:21,20261002,22,1,3-1-5,66.2
2026-10-02 10:51:21,20261002,22,1,3-1-6,70.3
2026-10-02 10:51:21,20261002,22,1,3-2-1,121.5
2026-10-02 10:51:21,20261002,22,1,3-2-4,278.6
2026-10-02 10:51:21,20261002,22,1,3-2-5,196.6
2026-10-02 10:51:21,20261002,22,1,3-2-6,371.5
2026-10-02 10:51:21,20261002,22,1,3-4-1,257.2
2026-10-02 10:51:21,20261002,22,1,3-4-2,278.6
2026-10-02 10:51:21,20261002,22,1,3-4-5,514.4
2026-10-02 10:51:21,20261002,22,1,3-4-6,159.2
2026-10-02 10:51:21,20261002,22,1,3-5-1,139.3
2026-10-02 10:51:21,20261002,22,1,3-5-2,267.5
2026-10-02 10:51:21,20261002,22,1,3-5-4,417.9
2026-10-02 10:51:21,20261002,22,1,3-5-6,238.8
2026-10-02 10:51:21,20261002,22,1,3-6-1,257.2
2026-10-02 10:51:21,20261002,22,1,3-6-2,477.6
2026-10-02 10:51:21,20261002,22,1,3-6-4,238.8
2026-10-02 10:51:21,20261002,22,1,3-6-5,318.4
2026-10-02 10:51:21,20261002,22,1,4-1-2,290.7
2026-10-02 10:51:21,20261002,22,1,4-1-3,514.4
2026-10-02 10:51:21,20261002,22,1,4-1-5,334.3
2026-10-02 10:51:21,20261002,22,1,4-1-6,445.8
2026-10-02 10:51:21,20261002,22,1,4-2-1,445.8
2026-10-02 10:51:21,20261002,22,1,4-2-3,743.0
2026-10-02 10:51:21,20261002,22,1,4-2-5,668.7
2026-10-02 10:51:21,20261002,22,1,4-2-6,607.9
2026-10-02 10:51:21,20261002,22,1,4-3-1,267.5
2026-10-02 10:51:21,20261002,22,1,4-3-2,955.3
2026-10-02 10:51:21,20261002,22,1,4-3-5,514.4
2026-10-02 10:51:21,20261002,22,1,4-3-6,247.6
2026-10-02 10:51:21,20261002,22,1,4-5-1,257.2
2026-10-02 10:51:21,20261002,22,1,4-5-2,514.4
2026-10-02 10:51:21,20261002,22,1,4-5-3,607.9
2026-10-02 10:51:21,20261002,22,1,4-5-6,557.3
2026-10-02 10:51:21,20261002,22,1,4-6-1,835.9
2026-10-02 10:51:21,20261002,22,1,4-6-2,1114.0
2026-10-02 10:51:21,20261002,22,1,4-6-3,238.8
2026-10-02 10:51:21,20261002,22,1,4-6-5,1671.0
2026-10-02 10:51:21,20261002,22,1,5-1-2,215.7
2026-10-02 10:51:21,20261002,22,1,5-1-3,145.3
2026-10-02 10:51:21,20261002,22,1,5-1-4,215.7
2026-10-02 10:51:21,20261002,22,1,5-1-6,159.2
2026-10-02 10:51:21,20261002,22,1,5-2-1,477.6
2026-10-02 10:51:21,20261002,22,1,5-2-3,743.0
2026-10-02 10:51:21,20261002,22,1,5-2-4,445.8
2026-10-02 10:51:21,20261002,22,1,5-2-6,257.2
2026-10-02 10:51:21,20261002,22,1,5-3-1,196.6
2026-10-02 10:51:21,20261002,22,1,5-3-2,445.8
2026-10-02 10:51:21,20261002,22,1,5-3-4,557.3
2026-10-02 10:51:21,20261002,22,1,5-3-6,371.5
2026-10-02 10:51:21,20261002,22,1,5-4-1,393.3
2026-10-02 10:51:21,20261002,22,1,5-4-2,668.7
2026-10-02 10:51:21,20261002,22,1,5-4-3,668.7
2026-10-02 10:51:21,20261002,22,1,5-4-6,477.6
2026-10-02 10:51:21,20261002,22,1,5-6-1,334.3
2026-10-02 10:51:21,20261002,22,1,5-6-2,351.9
2026-10-02 10:51:21,20261002,22,1,5-6-3,171.4
2026-10-02 10:51:21,20261002,22,1,5-6-4,955.3
2026-10-02 10:51:21,20261002,22,1,6-1-2,175.9
2026-10-02 10:51:21,20261002,22,1,6-1-3,202.6
2026-10-02 10:51:21,20261002,22,1,6-1-4,445.8
2026-10-02 10:51:21,20261002,22,1,6-1-5,371.5
2026-10-02 10:51:21,20261002,22,1,6-2-1,445.8
2026-10-02 10:51:21,20261002,22,1,6-2-3,393.3
2026-10-02 10:51:21,20261002,22,1,6-2-4,557.3
2026-10-02 10:51:21,20261002,22,1,6-2-5,607.9
2026-10-02 10:51:21,20261002,22,1,6-3-1,371.5
2026-10-02 10:51:21,20261002,22,1,6-3-2,668.7
2026-10-02 10:51:21,20261002,22,1,6-3-4,215.7
2026-10-02 10:51:21,20261002,22,1,6-3-5,196.6
2026-10-02 10:51:21,20261002,22,1,6-4-1,835.9
2026-10-02 10:51:21,20261002,22,1,6-4-2,668.7
2026-10-02 10:51:21,20261002,22,1,6-4-3,238.8
2026-10-02 10:51:21,20261002,22,1,6-4-5,247.6
2026-10-02 10:51:21,20261002,22,1,6-5-1,668.7
2026-10-02 10:51:21,20261002,22,1,6-5-2,557.3
2026-10-02 10:51:21,20261002,22,1,6-5-3,191.0
2026-10-02 10:51:21,20261002,22,1,6-5-4,278.6
2026-10-02 10:56:16,20261002,18,6,1-2-3,48.2
2026-10-02 10:56:16,20261002,18,6,1-2-4,78.1
2026-10-02 10:56:16,20261002,18,6,1-2-5,157.2
2026-10-02 10:56:16,20261002,18,6,1-2-6,166.2
2026-10-02 10:56:16,20261002,18,6,1-3-2,38.9
2026-10-02 10:56:16,20261002,18,6,1-3-4,12.7
2026-10-02 10:56:16,20261002,18,6,1-3-5,12.3
2026-10-02 10:56:16,20261002,18,6,1-3-6,122.5
2026-10-02 10:56:16,20261002,18,6,1-4-2,77.3
2026-10-02 10:56:16,20261002,18,6,1-4-3,23.7
2026-10-02 10:56:16,20261002,18,6,1-4-5,37.1
2026-10-02 10:56:16,20261002,18,6,1-4-6,125.7
2026-10-02 10:56:16,20261002,18,6,1-5-2,119.5
2026-10-02 10:56:16,20261002,18,6,1-5-3,29.2
2026-10-02 10:56:16,20261002,18,6,1-5-4,52.7
2026-10-02 10:56:16,20261002,18,6,1-5-6,164.3
2026-10-02 10:56:16,20261002,18,6,1-6-2,301.3
2026-10-02 10:56:16,20261002,18,6,1-6-3,229.6
2026-10-02 10:56:16,20261002,18,6,1-6-4,307.7
2026-10-02 10:56:16,20261002,18,6,1-6-5,344.4
2026-10-02 10:56:16,20261002,18,6,2-1-3,172.2
2026-10-02 10:56:16,20261002,18,6,2-1-4,170.1
2026-10-02 10:56:16,20261002,18,6,2-1-5,203.7
2026-10-02 10:56:16,20261002,18,6,2-1-6,344.4
2026-10-02 10:56:16,20261002,18,6,2-3-1,425.4
2026-10-02 10:56:16,20261002,18,6,2-3-4,289.3
2026-10-02 10:56:16,20261002,18,6,2-3-5,258.3
2026-10-02 10:56:16,20261002,18,6,2-3-6,516.6
2026-10-02 10:56:16,20261002,18,6,2-4-1,289.3
2026-10-02 10:56:16,20261002,18,6,2-4-3,226.0
2026-10-02 10:56:16,20261002,18,6,2-4-5,452.0
2026-10-02 10:56:16,20261002,18,6,2-4-6,602.7
2026-10-02 10:56:16,20261002,18,6,2-5-1,482.2
2026-10-02 10:56:16,20261002,18,6,2-5-3,466.6
2026-10-02 10:56:16,20261002,18,6,2-5-4,482.2
2026-10-02 10:56:16,20261002,18,6,2-5-6,602.7
2026-10-02 10:56:16,20261002,18,6,2-6-1,761.3
2026-10-02 10:56:16,20261002,18,6,2-6-3,850.9
2026-10-02 10:56:16,20261002,18,6,2-6-4,628.9
2026-10-02 10:56:16,20261002,18,6,2-6-5,413.3
2026-10-02 10:56:16,20261002,18,6,3-1-2,58.0
2026-10-02 10:56:16,20261002,18,6,3-1-4,11.3
2026-10-02 10:56:16,20261002,18,6,3-1-5,10.6
2026-10-02 10:56:16,20261002,18,6,3-1-6,67.9
2026-10-02 10:56:16,20261002,18,6,3-2-1,200.9
2026-10-02 10:56:16,20261002,18,6,3-2-4,137.7
2026-10-02 10:56:16,20261002,18,6,3-2-5,153.8
2026-10-02 10:56:16,20261002,18,6,3-2-6,198.1
2026-10-02 10:56:16,20261002,18,6,3-4-1,22.7
2026-10-02 10:56:16,20261002,18,6,3-4-2,68.2
2026-10-02 10:56:16,20261002,18,6,3-4-5,15.2
2026-10-02 10:56:16,20261002,18,6,3-4-6,62.0
2026-10-02 10:56:16,20261002,18,6,3-5-1,18.5
2026-10-02 10:56:16,20261002,18,6,3-5-2,60.0
2026-10-02 10:56:16,20261002,18,6,3-5-4,16.4
2026-10-02 10:56:16,20261002,18,6,3-5-6,53.5
2026-10-02 10:56:16,20261002,18,6,3-6-1,352.8
2026-10-02 10:56:16,20261002,18,6,3-6-2,314.4
2026-10-02 10:56:16,20261002,18,6,3-6-4,222.5
2026-10-02 10:56:16,20261002,18,6,3-6-5,203.7
2026-10-02 10:56:16,20261002,18,6,4-1-2,192.8
2026-10-02 10:56:16,20261002,18,6,4-1-3,66.3
2026-10-02 10:56:16,20261002,18,6,4-1-5,64.5
2026-10-02 10:56:16,20261002,18,6,4-1-6,253.7
2026-10-02 10:56:16,20261002,18,6,4-2-1,370.9
2026-10-02 10:56:16,20261002,18,6,4-2-3,352.8
2026-10-02 10:56:16,20261002,18,6,4-2-5,401.8
2026-10-02 10:56:16,20261002,18,6,4-2-6,301.3
2026-10-02 10:56:16,20261002,18,6,4-3-1,50.9
2026-10-02 10:56:16,20261002,18,6,4-3-2,289.3
2026-10-02 10:56:16,20261002,18,6,4-3-5,42.4
2026-10-02 10:56:16,20261002,18,6,4-3-6,229.6
2026-10-02 10:56:16,20261002,18,6,4-5-1,74.1
2026-10-02 10:56:16,20261002,18,6,4-5-2,215.9
2026-10-02 10:56:16,20261002,18,6,4-5-3,53.7
2026-10-02 10:56:16,20261002,18,6,4-5-6,192.8
2026-10-02 10:56:16,20261002,18,6,4-6-1,361.6
2026-10-02 10:56:16,20261002,18,6,4-6-2,482.2
2026-10-02 10:56:16,20261002,18,6,4-6-3,628.9
2026-10-02 10:56:16,20261002,18,6,4-6-5,482.2
2026-10-02 10:56:16,20261002,18,6,5-1-2,212.7
2026-10-02 10:56:16,20261002,18,6,5-1-3,66.3
2026-10-02 10:56:16,20261002,18,6,5-1-4,101.1
2026-10-02 10:56:16,20261002,18,6,5-1-6,241.1
2026-10-02 10:56:16,20261002,18,6,5-2-1,466.6
2026-10-02 10:56:16,20261002,18,6,5-2-3,452.0
2026-10-02 10:56:16,20261002,18,6,5-2-4,370.9
2026-10-02 10:56:16,20261002,18,6,5-2-6,328.7
2026-10-02 10:56:16,20261002,18,6,5-3-1,57.4
2026-10-02 10:56:16,20261002,18,6,5-3-2,203.7
2026-10-02 10:56:16,20261002,18,6,5-3-4,48.8
2026-10-02 10:56:16,20261002,18,6,5-3-6,307.7
2026-10-02 10:56:16,20261002,18,6,5-4-1,109.5
2026-10-02 10:56:16,20261002,18,6,5-4-2,253.7
2026-10-02 10:56:16,20261002,18,6,5-4-3,66.6
2026-10-02 10:56:16,20261002,18,6,5-4-6,195.4
2026-10-02 10:56:16,20261002,18,6,5-6-1,401.8
2026-10-02 10:56:16,20261002,18,6,5-6-2,723.3
2026-10-02 10:56:16,20261002,18,6,5-6-3,370.9
2026-10-02 10:56:16,20261002,18,6,5-6-4,556.3
2026-10-02 10:56:16,20261002,18,6,6-1-2,289.3
2026-10-02 10:56:16,20261002,18,6,6-1-3,602.7
2026-10-02 10:56:16,20261002,18,6,6-1-4,556.3
2026-10-02 10:56:16,20261002,18,6,6-1-5,688.8
2026-10-02 10:56:16,20261002,18,6,6-2-1,602.7
2026-10-02 10:56:16,20261002,18,6,6-2-3,278.1
2026-10-02 10:56:16,20261002,18,6,6-2-4,602.7
2026-10-02 10:56:16,20261002,18,6,6-2-5,401.8
2026-10-02 10:56:16,20261002,18,6,6-3-1,761.3
2026-10-02 10:56:16,20261002,18,6,6-3-2,295.2
2026-10-02 10:56:16,20261002,18,6,6-3-4,723.3
2026-10-02 10:56:16,20261002,18,6,6-3-5,390.9
2026-10-02 10:56:16,20261002,18,6,6-4-1,904.1
2026-10-02 10:56:16,20261002,18,6,6-4-2,964.4
2026-10-02 10:56:16,20261002,18,6,6-4-3,803.6
2026-10-02 10:56:16,20261002,18,6,6-4-5,850.9
2026-10-02 10:56:16,20261002,18,6,6-5-1,602.7
2026-10-02 10:56:16,20261002,18,6,6-5-2,425.4
2026-10-02 10:56:16,20261002,18,6,6-5-3,761.3
2026-10-02 10:56:16,20261002,18,6,6-5-4,556.3
2026-10-02 10:59:14,20261002,16,2,1-2-3,19.6
2026-10-02 10:59:14,20261002,16,2,1-2-4,19.8
2026-10-02 10:59:14,20261002,16,2,1-2-5,35.5
2026-10-02 10:59:14,20261002,16,2,1-2-6,42.3
2026-10-02 10:59:14,20261002,16,2,1-3-2,19.1
2026-10-02 10:59:14,20261002,16,2,1-3-4,9.7
2026-10-02 10:59:14,20261002,16,2,1-3-5,17.9
2026-10-02 10:59:14,20261002,16,2,1-3-6,27.0
2026-10-02 10:59:14,20261002,16,2,1-4-2,18.7
2026-10-02 10:59:14,20261002,16,2,1-4-3,11.0
2026-10-02 10:59:14,20261002,16,2,1-4-5,14.8
2026-10-02 10:59:14,20261002,16,2,1-4-6,18.0
2026-10-02 10:59:14,20261002,16,2,1-5-2,53.0
2026-10-02 10:59:14,20261002,16,2,1-5-3,44.4
2026-10-02 10:59:14,20261002,16,2,1-5-4,40.6
2026-10-02 10:59:14,20261002,16,2,1-5-6,68.5
2026-10-02 10:59:14,20261002,16,2,1-6-2,120.0
2026-10-02 10:59:14,20261002,16,2,1-6-3,94.9
2026-10-02 10:59:14,20261002,16,2,1-6-4,72.8
2026-10-02 10:59:14,20261002,16,2,1-6-5,118.8
2026-10-02 10:59:14,20261002,16,2,2-1-3,95.2
2026-10-02 10:59:14,20261002,16,2,2-1-4,72.6
2026-10-02 10:59:14,20261002,16,2,2-1-5,101.9
2026-10-02 10:59:14,20261002,16,2,2-1-6,144.6
2026-10-02 10:59:14,20261002,16,2,2-3-1,228.6
2026-10-02 10:59:14,20261002,16,2,2-3-4,208.7
2026-10-02 10:59:14,20261002,16,2,2-3-5,188.3
2026-10-02 10:59:14,20261002,16,2,2-3-6,347.9
2026-10-02 10:59:14,20261002,16,2,2-4-1,208.7
2026-10-02 10:59:14,20261002,16,2,2-4-3,296.4
2026-10-02 10:59:14,20261002,16,2,2-4-5,322.2
2026-10-02 10:59:14,20261002,16,2,2-4-6,282.4
2026-10-02 10:59:14,20261002,16,2,2-5-1,400.1
2026-10-02 10:59:14,20261002,16,2,2-5-3,381.1
2026-10-02 10:59:14,20261002,16,2,2-5-4,585.6
2026-10-02 10:59:14,20261002,16,2,2-5-6,631.8
2026-10-02 10:59:14,20261002,16,2,2-6-1,631.8
2026-10-02 10:59:14,20261002,16,2,2-6-3,960.4
2026-10-02 10:59:14,20261002,16,2,2-6-4,600.2
2026-10-02 10:59:14,20261002,16,2,2-6-5,666.9
2026-10-02 10:59:14,20261002,16,2,3-1-2,97.0
2026-10-02 10:59:14,20261002,16,2,3-1-4,29.0
2026-10-02 10:59:14,20261002,16,2,3-1-5,47.9
2026-10-02 10:59:14,20261002,16,2,3-1-6,72.2
2026-10-02 10:59:14,20261002,16,2,3-2-1,250.1
2026-10-02 10:59:14,20261002,16,2,3-2-4,200.0
2026-10-02 10:59:14,20261002,16,2,3-2-5,251.4
2026-10-02 10:59:14,20261002,16,2,3-2-6,206.1
2026-10-02 10:59:14,20261002,16,2,3-4-1,64.4
2026-10-02 10:59:14,20261002,16,2,3-4-2,170.8
2026-10-02 10:59:14,20261002,16,2,3-4-5,107.1
2026-10-02 10:59:14,20261002,16,2,3-4-6,94.9
2026-10-02 10:59:14,20261002,16,2,3-5-1,153.4
2026-10-02 10:59:14,20261002,16,2,3-5-2,254.0
2026-10-02 10:59:14,20261002,16,2,3-5-4,172.1
2026-10-02 10:59:14,20261002,16,2,3-5-6,248.8
2026-10-02 10:59:14,20261002,16,2,3-6-1,268.2
2026-10-02 10:59:14,20261002,16,2,3-6-2,432.6
2026-10-02 10:59:14,20261002,16,2,3-6-4,219.2
2026-10-02 10:59:14,20261002,16,2,3-6-5,338.1
2026-10-02 10:59:14,20261002,16,2,4-1-2,70.2
2026-10-02 10:59:14,20261002,16,2,4-1-3,38.7
2026-10-02 10:59:14,20261002,16,2,4-1-5,47.3
2026-10-02 10:59:14,20261002,16,2,4-1-6,51.1
2026-10-02 10:59:14,20261002,16,2,4-2-1,179.1
2026-10-02 10:59:14,20261002,16,2,4-2-3,265.3
2026-10-02 10:59:14,20261002,16,2,4-2-5,246.2
2026-10-02 10:59:14,20261002,16,2,4-2-6,224.4
2026-10-02 10:59:14,20261002,16,2,4-3-1,71.3
2026-10-02 10:59:14,20261002,16,2,4-3-2,211.5
2026-10-02 10:59:14,20261002,16,2,4-3-5,129.0
2026-10-02 10:59:14,20261002,16,2,4-3-6,125.0
2026-10-02 10:59:14,20261002,16,2,4-5-1,83.2
2026-10-02 10:59:14,20261002,16,2,4-5-2,200.9
2026-10-02 10:59:14,20261002,16,2,4-5-3,157.4
2026-10-02 10:59:14,20261002,16,2,4-5-6,126.3
2026-10-02 10:59:14,20261002,16,2,4-6-1,121.8
2026-10-02 10:59:14,20261002,16,2,4-6-2,252.7
2026-10-02 10:59:14,20261002,16,2,4-6-3,236.5
2026-10-02 10:59:14,20261002,16,2,4-6-5,207.8
2026-10-02 10:59:14,20261002,16,2,5-1-2,186.1
2026-10-02 10:59:14,20261002,16,2,5-1-3,135.6
2026-10-02 10:59:14,20261002,16,2,5-1-4,132.2
2026-10-02 10:59:14,20261002,16,2,5-1-6,179.1
2026-10-02 10:59:14,20261002,16,2,5-2-1,470.8
2026-10-02 10:59:14,20261002,16,2,5-2-3,384.1
2026-10-02 10:59:14,20261002,16,2,5-2-4,475.4
2026-10-02 10:59:14,20261002,16,2,5-2-6,326.6
2026-10-02 10:59:14,20261002,16,2,5-3-1,227.5
2026-10-02 10:59:14,20261002,16,2,5-3-2,350.5
2026-10-02 10:59:14,20261002,16,2,5-3-4,292.8
2026-10-02 10:59:14,20261002,16,2,5-3-6,475.4
2026-10-02 10:59:14,20261002,16,2,5-4-1,155.4
2026-10-02 10:59:14,20261002,16,2,5-4-2,387.2
2026-10-02 10:59:14,20261002,16,2,5-4-3,298.2
2026-10-02 10:59:14,20261002,16,2,5-4-6,284.1
2026-10-02 10:59:14,20261002,16,2,5-6-1,444.6
2026-10-02 10:59:14,20261002,16,2,5-6-2,695.9
2026-10-02 10:59:14,20261002,16,2,5-6-3,448.8
2026-10-02 10:59:14,20261002,16,2,5-6-4,480.2
2026-10-02 10:59:14,20261002,16,2,6-1-2,448.8
2026-10-02 10:59:14,20261002,16,2,6-1-3,676.3
2026-10-02 10:59:14,20261002,16,2,6-1-4,269.7
2026-10-02 10:59:14,20261002,16,2,6-1-5,750.3
2026-10-02 10:59:14,20261002,16,2,6-2-1,1297.0
2026-10-02 10:59:14,20261002,16,2,6-2-3,1231.0
2026-10-02 10:59:14,20261002,16,2,6-2-4,1171.0
2026-10-02 10:59:14,20261002,16,2,6-2-5,1333.0
2026-10-02 10:59:14,20261002,16,2,6-3-1,980.0
2026-10-02 10:59:14,20261002,16,2,6-3-2,1333.0
2026-10-02 10:59:14,20261002,16,2,6-3-4,800.3
2026-10-02 10:59:14,20261002,16,2,6-3-5,1297.0
2026-10-02 10:59:14,20261002,16,2,6-4-1,302.0
2026-10-02 10:59:14,20261002,16,2,6-4-2,813.9
2026-10-02 10:59:14,20261002,16,2,6-4-3,827.9
2026-10-02 10:59:14,20261002,16,2,6-4-5,889.2
2026-10-02 10:59:14,20261002,16,2,6-5-1,857.5
2026-10-02 10:59:14,20261002,16,2,6-5-2,1171.0
2026-10-02 10:59:14,20261002,16,2,6-5-3,923.4
2026-10-02 10:59:14,20261002,16,2,6-5-4,762.2
2026-10-02 11:04:43,20261002,14,7,1-2-3,56.5
2026-10-02 11:04:43,20261002,14,7,1-2-4,96.8
2026-10-02 11:04:43,20261002,14,7,1-2-5,135.7
2026-10-02 11:04:43,20261002,14,7,1-2-6,94.5
2026-10-02 11:04:43,20261002,14,7,1-3-2,40.1
2026-10-02 11:04:43,20261002,14,7,1-3-4,41.1
2026-10-02 11:04:43,20261002,14,7,1-3-5,43.5
2026-10-02 11:04:43,20261002,14,7,1-3-6,30.3
2026-10-02 11:04:43,20261002,14,7,1-4-2,118.5
2026-10-02 11:04:43,20261002,14,7,1-4-3,75.2
2026-10-02 11:04:43,20261002,14,7,1-4-5,89.2
2026-10-02 11:04:43,20261002,14,7,1-4-6,111.0
2026-10-02 11:04:43,20261002,14,7,1-5-2,115.9
2026-10-02 11:04:43,20261002,14,7,1-5-3,102.4
2026-10-02 11:04:43,20261002,14,7,1-5-4,193.7
2026-10-02 11:04:43,20261002,14,7,1-5-6,269.2
2026-10-02 11:04:43,20261002,14,7,1-6-2,174.5
2026-10-02 11:04:43,20261002,14,7,1-6-3,84.0
2026-10-02 11:04:43,20261002,14,7,1-6-4,217.5
2026-10-02 11:04:43,20261002,14,7,1-6-5,369.3
2026-10-02 11:04:43,20261002,14,7,2-1-3,104.4
2026-10-02 11:04:43,20261002,14,7,2-1-4,121.2
2026-10-02 11:04:43,20261002,14,7,2-1-5,176.4
2026-10-02 11:04:43,20261002,14,7,2-1-6,151.2
2026-10-02 11:04:43,20261002,14,7,2-3-1,116.7
2026-10-02 11:04:43,20261002,14,7,2-3-4,128.0
2026-10-02 11:04:43,20261002,14,7,2-3-5,112.6
2026-10-02 11:04:43,20261002,14,7,2-3-6,125.0
2026-10-02 11:04:43,20261002,14,7,2-4-1,168.9
2026-10-02 11:04:43,20261002,14,7,2-4-3,155.7
2026-10-02 11:04:43,20261002,14,7,2-4-5,324.1
2026-10-02 11:04:43,20261002,14,7,2-4-6,196.0
2026-10-02 11:04:43,20261002,14,7,2-5-1,429.2
2026-10-02 11:04:43,20261002,14,7,2-5-3,148.4
2026-10-02 11:04:43,20261002,14,7,2-5-4,352.9
2026-10-02 11:04:43,20261002,14,7,2-5-6,345.2
2026-10-02 11:04:43,20261002,14,7,2-6-1,240.6
2026-10-02 11:04:43,20261002,14,7,2-6-3,230.1
2026-10-02 11:04:43,20261002,14,7,2-6-4,294.1
2026-10-02 11:04:43,20261002,14,7,2-6-5,429.2
2026-10-02 11:04:43,20261002,14,7,3-1-2,23.5
2026-10-02 11:04:43,20261002,14,7,3-1-4,22.8
2026-10-02 11:04:43,20261002,14,7,3-1-5,27.2
2026-10-02 11:04:43,20261002,14,7,3-1-6,14.4
2026-10-02 11:04:43,20261002,14,7,3-2-1,40.7
2026-10-02 11:04:43,20261002,14,7,3-2-4,47.5
2026-10-02 11:04:43,20261002,14,7,3-2-5,49.0
2026-10-02 11:04:43,20261002,14,7,3-2-6,29.2
2026-10-02 11:04:43,20261002,14,7,3-4-1,32.0
2026-10-02 11:04:43,20261002,14,7,3-4-2,41.5
2026-10-02 11:04:43,20261002,14,7,3-4-5,30.4
2026-10-02 11:04:43,20261002,14,7,3-4-6,17.5
2026-10-02 11:04:43,20261002,14,7,3-5-1,53.4
2026-10-02 11:04:43,20261002,14,7,3-5-2,52.2
2026-10-02 11:04:43,20261002,14,7,3-5-4,42.4
2026-10-02 11:04:43,20261002,14,7,3-5-6,31.6
2026-10-02 11:04:43,20261002,14,7,3-6-1,18.7
2026-10-02 11:04:43,20261002,14,7,3-6-2,23.2
2026-10-02 11:04:43,20261002,14,7,3-6-4,22.1
2026-10-02 11:04:43,20261002,14,7,3-6-5,28.1
2026-10-02 11:04:43,20261002,14,7,4-1-2,189.0
2026-10-02 11:04:43,20261002,14,7,4-1-3,172.6
2026-10-02 11:04:43,20261002,14,7,4-1-5,124.0
2026-10-02 11:04:43,20261002,14,7,4-1-6,155.7
2026-10-02 11:04:43,20261002,14,7,4-2-1,217.5
2026-10-02 11:04:43,20261002,14,7,4-2-3,230.1
2026-10-02 11:04:43,20261002,14,7,4-2-5,220.6
2026-10-02 11:04:43,20261002,14,7,4-2-6,176.4
2026-10-02 11:04:43,20261002,14,7,4-3-1,124.0
2026-10-02 11:04:43,20261002,14,7,4-3-2,191.3
2026-10-02 11:04:43,20261002,14,7,4-3-5,180.4
2026-10-02 11:04:43,20261002,14,7,4-3-6,103.1
2026-10-02 11:04:43,20261002,14,7,4-5-1,139.3
2026-10-02 11:04:43,20261002,14,7,4-5-2,288.7
2026-10-02 11:04:43,20261002,14,7,4-5-3,269.2
2026-10-02 11:04:43,20261002,14,7,4-5-6,264.7
2026-10-02 11:04:43,20261002,14,7,4-6-1,299.6
2026-10-02 11:04:43,20261002,14,7,4-6-2,283.6
2026-10-02 11:04:43,20261002,14,7,4-6-3,174.5
2026-10-02 11:04:43,20261002,14,7,4-6-5,337.9
2026-10-02 11:04:43,20261002,14,7,5-1-2,230.1
2026-10-02 11:04:43,20261002,14,7,5-1-3,149.8
2026-10-02 11:04:43,20261002,14,7,5-1-4,201.0
2026-10-02 11:04:43,20261002,14,7,5-1-6,240.6
2026-10-02 11:04:43,20261002,14,7,5-2-1,397.0
2026-10-02 11:04:43,20261002,14,7,5-2-3,220.6
2026-10-02 11:04:43,20261002,14,7,5-2-4,330.9
2026-10-02 11:04:43,20261002,14,7,5-2-6,337.9
2026-10-02 11:04:43,20261002,14,7,5-3-1,165.4
2026-10-02 11:04:43,20261002,14,7,5-3-2,184.6
2026-10-02 11:04:43,20261002,14,7,5-3-4,360.9
2026-10-02 11:04:43,20261002,14,7,5-3-6,182.5
2026-10-02 11:04:43,20261002,14,7,5-4-1,203.6
2026-10-02 11:04:43,20261002,14,7,5-4-2,387.4
2026-10-02 11:04:43,20261002,14,7,5-4-3,453.8
2026-10-02 11:04:43,20261002,14,7,5-4-6,529.4
2026-10-02 11:04:43,20261002,14,7,5-6-1,467.1
2026-10-02 11:04:43,20261002,14,7,5-6-2,397.0
2026-10-02 11:04:43,20261002,14,7,5-6-3,244.3
2026-10-02 11:04:43,20261002,14,7,5-6-4,721.9
2026-10-02 11:04:43,20261002,14,7,6-1-2,162.0
2026-10-02 11:04:43,20261002,14,7,6-1-3,115.9
2026-10-02 11:04:43,20261002,14,7,6-1-4,417.9
2026-10-02 11:04:43,20261002,14,7,6-1-5,567.2
2026-10-02 11:04:43,20261002,14,7,6-2-1,337.9
2026-10-02 11:04:43,20261002,14,7,6-2-3,248.1
2026-10-02 11:04:43,20261002,14,7,6-2-4,345.2
2026-10-02 11:04:43,20261002,14,7,6-2-5,330.9
2026-10-02 11:04:43,20261002,14,7,6-3-1,70.2
2026-10-02 11:04:43,20261002,14,7,6-3-2,103.8
2026-10-02 11:04:43,20261002,14,7,6-3-4,149.8
2026-10-02 11:04:43,20261002,14,7,6-3-5,172.6
2026-10-02 11:04:43,20261002,14,7,6-4-1,481.3
2026-10-02 11:04:43,20261002,14,7,6-4-2,369.3
2026-10-02 11:04:43,20261002,14,7,6-4-3,252.1
2026-10-02 11:04:43,20261002,14,7,6-4-5,588.2
2026-10-02 11:04:43,20261002,14,7,6-5-1,690.5
2026-10-02 11:04:43,20261002,14,7,6-5-2,610.9
2026-10-02 11:04:43,20261002,14,7,6-5-3,311.4
2026-10-02 11:04:43,20261002,14,7,6-5-4,835.9
2026-10-02 11:10:25,20261002,6,1,1-2-3,17.0
2026-10-02 11:10:25,20261002,6,1,1-2-4,46.7
2026-10-02 11:10:25,20261002,6,1,1-2-5,21.8
2026-10-02 11:10:25,20261002,6,1,1-2-6,84.4
2026-10-02 11:10:25,20261002,6,1,1-3-2,45.7
2026-10-02 11:10:25,20261002,6,1,1-3-4,43.3
2026-10-02 11:10:25,20261002,6,1,1-3-5,13.8
2026-10-02 11:10:25,20261002,6,1,1-3-6,80.7
2026-10-02 11:10:25,20261002,6,1,1-4-2,82.3
2026-10-02 11:10:25,20261002,6,1,1-4-3,75.1
2026-10-02 11:10:25,20261002,6,1,1-4-5,38.9
2026-10-02 11:10:25,20261002,6,1,1-4-6,221.4
2026-10-02 11:10:25,20261002,6,1,1-5-2,31.4
2026-10-02 11:10:25,20261002,6,1,1-5-3,17.8
2026-10-02 11:10:25,20261002,6,1,1-5-4,41.8
2026-10-02 11:10:25,20261002,6,1,1-5-6,93.0
2026-10-02 11:10:25,20261002,6,1,1-6-2,285.4
2026-10-02 11:10:25,20261002,6,1,1-6-3,256.8
2026-10-02 11:10:25,20261002,6,1,1-6-4,337.9
2026-10-02 11:10:25,20261002,6,1,1-6-5,414.2
2026-10-02 11:10:25,20261002,6,1,2-1-3,75.5
2026-10-02 11:10:25,20261002,6,1,2-1-4,102.7
2026-10-02 11:10:25,20261002,6,1,2-1-5,49.3
2026-10-02 11:10:25,20261002,6,1,2-1-6,175.9
2026-10-02 11:10:25,20261002,6,1,2-3-1,95.8
2026-10-02 11:10:25,20261002,6,1,2-3-4,118.9
2026-10-02 11:10:25,20261002,6,1,2-3-5,49.3
2026-10-02 11:10:25,20261002,6,1,2-3-6,118.9
2026-10-02 11:10:25,20261002,6,1,2-4-1,191.6
2026-10-02 11:10:25,20261002,6,1,2-4-3,123.4
2026-10-02 11:10:25,20261002,6,1,2-4-5,99.5
2026-10-02 11:10:25,20261002,6,1,2-4-6,242.3
2026-10-02 11:10:25,20261002,6,1,2-5-1,68.6
2026-10-02 11:10:25,20261002,6,1,2-5-3,52.2
2026-10-02 11:10:25,20261002,6,1,2-5-4,82.8
2026-10-02 11:10:25,20261002,6,1,2-5-6,142.7
2026-10-02 11:10:25,20261002,6,1,2-6-1,366.9
2026-10-02 11:10:25,20261002,6,1,2-6-3,389.1
2026-10-02 11:10:25,20261002,6,1,2-6-4,305.7
2026-10-02 11:10:25,20261002,6,1,2-6-5,356.7
2026-10-02 11:10:25,20261002,6,1,3-1-2,56.3
2026-10-02 11:10:25,20261002,6,1,3-1-4,88.5
2026-10-02 11:10:25,20261002,6,1,3-1-5,24.7
2026-10-02 11:10:25,20261002,6,1,3-1-6,135.1
2026-10-02 11:10:25,20261002,6,1,3-2-1,101.1
2026-10-02 11:10:25,20261002,6,1,3-2-4,142.7
2026-10-02 11:10:25,20261002,6,1,3-2-5,53.9
2026-10-02 11:10:25,20261002,6,1,3-2-6,180.8
2026-10-02 11:10:25,20261002,6,1,3-4-1,210.5
2026-10-02 11:10:25,20261002,6,1,3-4-2,246.9
2026-10-02 11:10:25,20261002,6,1,3-4-5,107.9
2026-10-02 11:10:25,20261002,6,1,3-4-6,305.7
2026-10-02 11:10:25,20261002,6,1,3-5-1,28.9
2026-10-02 11:10:25,20261002,6,1,3-5-2,48.8
2026-10-02 11:10:25,20261002,6,1,3-5-4,69.4
2026-10-02 11:10:25,20261002,6,1,3-5-6,98.7
2026-10-02 11:10:25,20261002,6,1,3-6-1,755.4
2026-10-02 11:10:25,20261002,6,1,3-6-2,475.6
2026-10-02 11:10:25,20261002,6,1,3-6-4,755.4
2026-10-02 11:10:25,20261002,6,1,3-6-5,347.1
2026-10-02 11:10:25,20261002,6,1,4-1-2,214.0
2026-10-02 11:10:25,20261002,6,1,4-1-3,158.5
2026-10-02 11:10:25,20261002,6,1,4-1-5,59.1
2026-10-02 11:10:25,20261002,6,1,4-1-6,401.3
2026-10-02 11:10:25,20261002,6,1,4-2-1,237.8
2026-10-02 11:10:25,20261002,6,1,4-2-3,186.1
2026-10-02 11:10:25,20261002,6,1,4-2-5,110.7
2026-10-02 11:10:25,20261002,6,1,4-2-6,313.2
2026-10-02 11:10:25,20261002,6,1,4-3-1,158.5
2026-10-02 11:10:25,20261002,6,1,4-3-2,267.5
2026-10-02 11:10:25,20261002,6,1,4-3-5,166.7
2026-10-02 11:10:25,20261002,6,1,4-3-6,337.9
2026-10-02 11:10:25,20261002,6,1,4-5-1,52.4
2026-10-02 11:10:25,20261002,6,1,4-5-2,80.7
2026-10-02 11:10:25,20261002,6,1,4-5-3,91.7
2026-10-02 11:10:25,20261002,6,1,4-5-6,131.0
2026-10-02 11:10:25,20261002,6,1,4-6-1,611.5
2026-10-02 11:10:25,20261002,6,1,4-6-2,475.6
2026-10-02 11:10:25,20261002,6,1,4-6-3,535.1
2026-10-02 11:10:25,20261002,6,1,4-6-5,305.7
2026-10-02 11:10:25,20261002,6,1,5-1-2,35.0
2026-10-02 11:10:25,20261002,6,1,5-1-3,23.8
2026-10-02 11:10:25,20261002,6,1,5-1-4,62.6
2026-10-02 11:10:25,20261002,6,1,5-1-6,101.1
2026-10-02 11:10:25,20261002,6,1,5-2-1,49.2
2026-10-02 11:10:25,20261002,6,1,5-2-3,37.4
2026-10-02 11:10:25,20261002,6,1,5-2-4,72.1
2026-10-02 11:10:25,20261002,6,1,5-2-6,141.1
2026-10-02 11:10:25,20261002,6,1,5-3-1,35.9
2026-10-02 11:10:25,20261002,6,1,5-3-2,56.0
2026-10-02 11:10:25,20261002,6,1,5-3-4,84.4
2026-10-02 11:10:25,20261002,6,1,5-3-6,104.4
2026-10-02 11:10:25,20261002,6,1,5-4-1,64.5
2026-10-02 11:10:25,20261002,6,1,5-4-2,78.7
2026-10-02 11:10:25,20261002,6,1,5-4-3,87.3
2026-10-02 11:10:25,20261002,6,1,5-4-6,152.8
2026-10-02 11:10:25,20261002,6,1,5-6-1,298.6
2026-10-02 11:10:25,20261002,6,1,5-6-2,246.9
2026-10-02 11:10:25,20261002,6,1,5-6-3,93.0
2026-10-02 11:10:25,20261002,6,1,5-6-4,242.3
2026-10-02 11:10:25,20261002,6,1,6-1-2,337.9
2026-10-02 11:10:25,20261002,6,1,6-1-3,675.9
2026-10-02 11:10:25,20261002,6,1,6-1-4,1070.0
2026-10-02 11:10:25,20261002,6,1,6-1-5,856.2
2026-10-02 11:10:25,20261002,6,1,6-2-1,611.5
2026-10-02 11:10:25,20261002,6,1,6-2-3,611.5
2026-10-02 11:10:25,20261002,6,1,6-2-4,917.3
2026-10-02 11:10:25,20261002,6,1,6-2-5,642.1
2026-10-02 11:10:25,20261002,6,1,6-3-1,535.1
2026-10-02 11:10:25,20261002,6,1,6-3-2,611.5
2026-10-02 11:10:25,20261002,6,1,6-3-4,917.3
2026-10-02 11:10:25,20261002,6,1,6-3-5,329.3
2026-10-02 11:10:25,20261002,6,1,6-4-1,611.5
2026-10-02 11:10:25,20261002,6,1,6-4-2,987.9
2026-10-02 11:10:25,20261002,6,1,6-4-3,1070.0
2026-10-02 11:10:25,20261002,6,1,6-4-5,755.4
2026-10-02 11:10:25,20261002,6,1,6-5-1,802.6
2026-10-02 11:10:25,20261002,6,1,6-5-2,713.5
2026-10-02 11:10:25,20261002,6,1,6-5-3,493.9
2026-10-02 11:10:25,20261002,6,1,6-5-4,675.9
2026-10-02 11:13:12,20261002,4,2,1-2-3,57.9
2026-10-02 11:13:12,20261002,4,2,1-2-4,67.2
2026-10-02 11:13:12,20261002,4,2,1-2-5,93.3
2026-10-02 11:13:12,20261002,4,2,1-2-6,48.5
2026-10-02 11:13:12,20261002,4,2,1-3-2,51.8
2026-10-02 11:13:12,20261002,4,2,1-3-4,36.7
2026-10-02 11:13:12,20261002,4,2,1-3-5,90.7
2026-10-02 11:13:12,20261002,4,2,1-3-6,35.2
2026-10-02 11:13:12,20261002,4,2,1-4-2,76.0
2026-10-02 11:13:12,20261002,4,2,1-4-3,52.2
2026-10-02 11:13:12,20261002,4,2,1-4-5,110.5
2026-10-02 11:13:12,20261002,4,2,1-4-6,36.4
2026-10-02 11:13:12,20261002,4,2,1-5-2,146.8
2026-10-02 11:13:12,20261002,4,2,1-5-3,156.3
2026-10-02 11:13:12,20261002,4,2,1-5-4,192.3
2026-10-02 11:13:12,20261002,4,2,1-5-6,178.0
2026-10-02 11:13:12,20261002,4,2,1-6-2,62.0
2026-10-02 11:13:12,20261002,4,2,1-6-3,47.2
2026-10-02 11:13:12,20261002,4,2,1-6-4,49.5
2026-10-02 11:13:12,20261002,4,2,1-6-5,108.6
2026-10-02 11:13:12,20261002,4,2,2-1-3,75.4
2026-10-02 11:13:12,20261002,4,2,2-1-4,78.4
2026-10-02 11:13:12,20261002,4,2,2-1-5,95.2
2026-10-02 11:13:12,20261002,4,2,2-1-6,67.9
2026-10-02 11:13:12,20261002,4,2,2-3-1,90.2
2026-10-02 11:13:12,20261002,4,2,2-3-4,76.6
2026-10-02 11:13:12,20261002,4,2,2-3-5,108.0
2026-10-02 11:13:12,20261002,4,2,2-3-6,69.4
2026-10-02 11:13:12,20261002,4,2,2-4-1,101.2
2026-10-02 11:13:12,20261002,4,2,2-4-3,89.8
2026-10-02 11:13:12,20261002,4,2,2-4-5,96.6
2026-10-02 11:13:12,20261002,4,2,2-4-6,74.5
2026-10-02 11:13:12,20261002,4,2,2-5-1,213.6
2026-10-02 11:13:12,20261002,4,2,2-5-3,369.8
2026-10-02 11:13:12,20261002,4,2,2-5-4,437.0
2026-10-02 11:13:12,20261002,4,2,2-5-6,356.1
2026-10-02 11:13:12,20261002,4,2,2-6-1,145.6
2026-10-02 11:13:12,20261002,4,2,2-6-3,161.6
2026-10-02 11:13:12,20261002,4,2,2-6-4,143.5
2026-10-02 11:13:12,20261002,4,2,2-6-5,295.8
2026-10-02 11:13:12,20261002,4,2,3-1-2,87.8
2026-10-02 11:13:12,20261002,4,2,3-1-4,46.1
2026-10-02 11:13:12,20261002,4,2,3-1-5,95.6
2026-10-02 11:13:12,20261002,4,2,3-1-6,41.8
2026-10-02 11:13:12,20261002,4,2,3-2-1,157.6
2026-10-02 11:13:12,20261002,4,2,3-2-4,79.8
2026-10-02 11:13:12,20261002,4,2,3-2-5,155.0
2026-10-02 11:13:12,20261002,4,2,3-2-6,69.1
2026-10-02 11:13:12,20261002,4,2,3-4-1,54.1
2026-10-02 11:13:12,20261002,4,2,3-4-2,81.8
2026-10-02 11:13:12,20261002,4,2,3-4-5,105.6
2026-10-02 11:13:12,20261002,4,2,3-4-6,19.7
2026-10-02 11:13:12,20261002,4,2,3-5-1,198.2
2026-10-02 11:13:12,20261002,4,2,3-5-2,181.4
2026-10-02 11:13:12,20261002,4,2,3-5-4,138.3
2026-10-02 11:13:12,20261002,4,2,3-5-6,126.5
2026-10-02 11:13:12,20261002,4,2,3-6-1,57.2
2026-10-02 11:13:12,20261002,4,2,3-6-2,69.4
2026-10-02 11:13:12,20261002,4,2,3-6-4,25.3
2026-10-02 11:13:12,20261002,4,2,3-6-5,108.0
2026-10-02 11:13:12,20261002,4,2,4-1-2,68.4
2026-10-02 11:13:12,20261002,4,2,4-1-3,48.3
2026-10-02 11:13:12,20261002,4,2,4-1-5,79.1
2026-10-02 11:13:12,20261002,4,2,4-1-6,41.0
2026-10-02 11:13:12,20261002,4,2,4-2-1,92.0
2026-10-02 11:13:12,20261002,4,2,4-2-3,87.0
2026-10-02 11:13:12,20261002,4,2,4-2-5,112.4
2026-10-02 11:13:12,20261002,4,2,4-2-6,58.2
2026-10-02 11:13:12,20261002,4,2,4-3-1,56.0
2026-10-02 11:13:12,20261002,4,2,4-3-2,83.9
2026-10-02 11:13:12,20261002,4,2,4-3-5,86.6
2026-10-02 11:13:12,20261002,4,2,4-3-6,28.8
2026-10-02 11:13:12,20261002,4,2,4-5-1,95.6
2026-10-02 11:13:12,20261002,4,2,4-5-2,106.2
2026-10-02 11:13:12,20261002,4,2,4-5-3,102.2
2026-10-02 11:13:12,20261002,4,2,4-5-6,74.2
2026-10-02 11:13:12,20261002,4,2,4-6-1,51.2
2026-10-02 11:13:12,20261002,4,2,4-6-2,66.0
2026-10-02 11:13:12,20261002,4,2,4-6-3,28.7
2026-10-02 11:13:12,20261002,4,2,4-6-5,100.1
2026-10-02 11:13:12,20261002,4,2,5-1-2,209.0
2026-10-02 11:13:12,20261002,4,2,5-1-3,263.4
2026-10-02 11:13:12,20261002,4,2,5-1-4,295.8
2026-10-02 11:13:12,20261002,4,2,5-1-6,305.2
2026-10-02 11:13:12,20261002,4,2,5-2-1,226.2
2026-10-02 11:13:12,20261002,4,2,5-2-3,384.6
2026-10-02 11:13:12,20261002,4,2,5-2-4,278.7
2026-10-02 11:13:12,20261002,4,2,5-2-6,167.2
2026-10-02 11:13:12,20261002,4,2,5-3-1,331.5
2026-10-02 11:13:12,20261002,4,2,5-3-2,392.4
2026-10-02 11:13:12,20261002,4,2,5-3-4,362.8
2026-10-02 11:13:12,20261002,4,2,5-3-6,377.1
2026-10-02 11:13:12,20261002,4,2,5-4-1,356.1
2026-10-02 11:13:12,20261002,4,2,5-4-2,349.6
2026-10-02 11:13:12,20261002,4,2,5-4-3,447.2
2026-10-02 11:13:12,20261002,4,2,5-4-6,218.5
2026-10-02 11:13:12,20261002,4,2,5-6-1,565.6
2026-10-02 11:13:12,20261002,4,2,5-6-2,362.8
2026-10-02 11:13:12,20261002,4,2,5-6-3,246.5
2026-10-02 11:13:12,20261002,4,2,5-6-4,331.5
2026-10-02 11:13:12,20261002,4,2,6-1-2,103.3
2026-10-02 11:13:12,20261002,4,2,6-1-3,97.6
2026-10-02 11:13:12,20261002,4,2,6-1-4,94.7
2026-10-02 11:13:12,20261002,4,2,6-1-5,204.5
2026-10-02 11:13:12,20261002,4,2,6-2-1,171.7
2026-10-02 11:13:12,20261002,4,2,6-2-3,174.8
2026-10-02 11:13:12,20261002,4,2,6-2-4,181.4
2026-10-02 11:13:12,20261002,4,2,6-2-5,437.0
2026-10-02 11:13:12,20261002,4,2,6-3-1,105.6
2026-10-02 11:13:12,20261002,4,2,6-3-2,133.5
2026-10-02 11:13:12,20261002,4,2,6-3-4,48.4
2026-10-02 11:13:12,20261002,4,2,6-3-5,209.0
2026-10-02 11:13:12,20261002,4,2,6-4-1,82.5
2026-10-02 11:13:12,20261002,4,2,6-4-2,149.0
2026-10-02 11:13:12,20261002,4,2,6-4-3,44.5
2026-10-02 11:13:12,20261002,4,2,6-4-5,151.4
2026-10-02 11:13:12,20261002,4,2,6-5-1,493.1
2026-10-02 11:13:12,20261002,4,2,6-5-2,437.0
2026-10-02 11:13:12,20261002,4,2,6-5-3,356.1
2026-10-02 11:13:12,20261002,4,2,6-5-4,400.6
2026-10-02 11:17:50,20261002,9,3,1-2-3,82.3
2026-10-02 11:17:50,20261002,9,3,1-2-4,155.9
2026-10-02 11:17:50,20261002,9,3,1-2-5,244.3
2026-10-02 11:17:50,20261002,9,3,1-2-6,58.1
2026-10-02 11:17:50,20261002,9,3,1-3-2,109.4
2026-10-02 11:17:50,20261002,9,3,1-3-4,100.4
2026-10-02 11:17:50,20261002,9,3,1-3-5,83.3
2026-10-02 11:17:50,20261002,9,3,1-3-6,112.7
2026-10-02 11:17:50,20261002,9,3,1-4-2,143.7
2026-10-02 11:17:50,20261002,9,3,1-4-3,112.7
2026-10-02 11:17:50,20261002,9,3,1-4-5,126.3
2026-10-02 11:17:50,20261002,9,3,1-4-6,162.9
2026-10-02 11:17:50,20261002,9,3,1-5-2,215.6
2026-10-02 11:17:50,20261002,9,3,1-5-3,85.2
2026-10-02 11:17:50,20261002,9,3,1-5-4,116.3
2026-10-02 11:17:50,20261002,9,3,1-5-6,407.2
2026-10-02 11:17:50,20261002,9,3,1-6-2,187.9
2026-10-02 11:17:50,20261002,9,3,1-6-3,103.2
2026-10-02 11:17:50,20261002,9,3,1-6-4,130.9
2026-10-02 11:17:50,20261002,9,3,1-6-5,366.5
2026-10-02 11:17:50,20261002,9,3,2-1-3,143.7
2026-10-02 11:17:50,20261002,9,3,2-1-4,133.2
2026-10-02 11:17:50,20261002,9,3,2-1-5,271.5
2026-10-02 11:17:50,20261002,9,3,2-1-6,118.2
2026-10-02 11:17:50,20261002,9,3,2-3-1,162.9
2026-10-02 11:17:50,20261002,9,3,2-3-4,92.7
2026-10-02 11:17:50,20261002,9,3,2-3-5,124.2
2026-10-02 11:17:50,20261002,9,3,2-3-6,54.3
2026-10-02 11:17:50,20261002,9,3,2-4-1,349.0
2026-10-02 11:17:50,20261002,9,3,2-4-3,89.3
2026-10-02 11:17:50,20261002,9,3,2-4-5,109.4
2026-10-02 11:17:50,20261002,9,3,2-4-6,101.8
2026-10-02 11:17:50,20261002,9,3,2-5-1,523.6
2026-10-02 11:17:50,20261002,9,3,2-5-3,162.9
2026-10-02 11:17:50,20261002,9,3,2-5-4,215.6
2026-10-02 11:17:50,20261002,9,3,2-5-6,155.9
2026-10-02 11:17:50,20261002,9,3,2-6-1,140.9
2026-10-02 11:17:50,20261002,9,3,2-6-3,53.1
2026-10-02 11:17:50,20261002,9,3,2-6-4,107.8
2026-10-02 11:17:50,20261002,9,3,2-6-5,114.5
2026-10-02 11:17:50,20261002,9,3,3-1-2,128.6
2026-10-02 11:17:50,20261002,9,3,3-1-4,50.5
2026-10-02 11:17:50,20261002,9,3,3-1-5,70.4
2026-10-02 11:17:50,20261002,9,3,3-1-6,51.6
2026-10-02 11:17:50,20261002,9,3,3-2-1,155.9
2026-10-02 11:17:50,20261002,9,3,3-2-4,36.4
2026-10-02 11:17:50,20261002,9,3,3-2-5,88.3
2026-10-02 11:17:50,20261002,9,3,3-2-6,45.8
2026-10-02 11:17:50,20261002,9,3,3-4-1,58.1
2026-10-02 11:17:50,20261002,9,3,3-4-2,28.0
2026-10-02 11:17:50,20261002,9,3,3-4-5,37.5
2026-10-02 11:17:50,20261002,9,3,3-4-6,13.8
2026-10-02 11:17:50,20261002,9,3,3-5-1,99.0
2026-10-02 11:17:50,20261002,9,3,3-5-2,99.0
2026-10-02 11:17:50,20261002,9,3,3-5-4,55.5
2026-10-02 11:17:50,20261002,9,3,3-5-6,43.3
2026-10-02 11:17:50,20261002,9,3,3-6-1,52.3
2026-10-02 11:17:50,20261002,9,3,3-6-2,35.0
2026-10-02 11:17:50,20261002,9,3,3-6-4,17.2
2026-10-02 11:17:50,20261002,9,3,3-6-5,40.0
2026-10-02 11:17:50,20261002,9,3,4-1-2,281.9
2026-10-02 11:17:50,20261002,9,3,4-1-3,152.7
2026-10-02 11:17:50,20261002,9,3,4-1-5,385.8
2026-10-02 11:17:50,20261002,9,3,4-1-6,152.7
2026-10-02 11:17:50,20261002,9,3,4-2-1,203.6
2026-10-02 11:17:50,20261002,9,3,4-2-3,124.2
2026-10-02 11:17:50,20261002,9,3,4-2-5,222.1
2026-10-02 11:17:50,20261002,9,3,4-2-6,114.5
2026-10-02 11:17:50,20261002,9,3,4-3-1,114.5
2026-10-02 11:17:50,20261002,9,3,4-3-2,77.1
2026-10-02 11:17:50,20261002,9,3,4-3-5,77.1
2026-10-02 11:17:50,20261002,9,3,4-3-6,37.5
2026-10-02 11:17:50,20261002,9,3,4-5-1,281.9
2026-10-02 11:17:50,20261002,9,3,4-5-2,222.1
2026-10-02 11:17:50,20261002,9,3,4-5-3,143.7
2026-10-02 11:17:50,20261002,9,3,4-5-6,112.7
2026-10-02 11:17:50,20261002,9,3,4-6-1,178.7
2026-10-02 11:17:50,20261002,9,3,4-6-2,109.4
2026-10-02 11:17:50,20261002,9,3,4-6-3,41.4
2026-10-02 11:17:50,20261002,9,3,4-6-5,103.2
2026-10-02 11:17:50,20261002,9,3,5-1-2,431.2
2026-10-02 11:17:50,20261002,9,3,5-1-3,152.7
2026-10-02 11:17:50,20261002,9,3,5-1-4,261.8
2026-10-02 11:17:50,20261002,9,3,5-1-6,261.8
2026-10-02 11:17:50,20261002,9,3,5-2-1,281.9
2026-10-02 11:17:50,20261002,9,3,5-2-3,244.3
2026-10-02 11:17:50,20261002,9,3,5-2-4,203.6
2026-10-02 11:17:50,20261002,9,3,5-2-6,236.4
2026-10-02 11:17:50,20261002,9,3,5-3-1,244.3
2026-10-02 11:17:50,20261002,9,3,5-3-2,431.2
2026-10-02 11:17:50,20261002,9,3,5-3-4,229.0
2026-10-02 11:17:50,20261002,9,3,5-3-6,152.7
2026-10-02 11:17:50,20261002,9,3,5-4-1,385.8
2026-10-02 11:17:50,20261002,9,3,5-4-2,431.2
2026-10-02 11:17:50,20261002,9,3,5-4-3,198.1
2026-10-02 11:17:50,20261002,9,3,5-4-6,236.4
2026-10-02 11:17:50,20261002,9,3,5-6-1,563.8
2026-10-02 11:17:50,20261002,9,3,5-6-2,318.7
2026-10-02 11:17:50,20261002,9,3,5-6-3,138.3
2026-10-02 11:17:50,20261002,9,3,5-6-4,318.7
2026-10-02 11:17:50,20261002,9,3,6-1-2,75.5
2026-10-02 11:17:50,20261002,9,3,6-1-3,80.5
2026-10-02 11:17:50,20261002,9,3,6-1-4,107.8
2026-10-02 11:17:50,20261002,9,3,6-1-5,407.2
2026-10-02 11:17:50,20261002,9,3,6-2-1,140.9
2026-10-02 11:17:50,20261002,9,3,6-2-3,61.6
2026-10-02 11:17:50,20261002,9,3,6-2-4,100.4
2026-10-02 11:17:50,20261002,9,3,6-2-5,143.7
2026-10-02 11:17:50,20261002,9,3,6-3-1,75.5
2026-10-02 11:17:50,20261002,9,3,6-3-2,35.7
2026-10-02 11:17:50,20261002,9,3,6-3-4,22.8
2026-10-02 11:17:50,20261002,9,3,6-3-5,31.1
2026-10-02 11:17:50,20261002,9,3,6-4-1,178.7
2026-10-02 11:17:50,20261002,9,3,6-4-2,93.9
2026-10-02 11:17:50,20261002,9,3,6-4-3,32.7
2026-10-02 11:17:50,20261002,9,3,6-4-5,111.0
2026-10-02 11:17:50,20261002,9,3,6-5-1,318.7
2026-10-02 11:17:50,20261002,9,3,6-5-2,192.9
2026-10-02 11:17:50,20261002,9,3,6-5-3,99.0
2026-10-02 11:17:50,20261002,9,3,6-5-4,198.1
2026-10-02 11:19:01,20261002,13,3,1-2-3,31.0
2026-10-02 11:19:01,20261002,13,3,1-2-4,53.0
2026-10-02 11:19:01,20261002,13,3,1-2-5,79.9
2026-10-02 11:19:01,20261002,13,3,1-2-6,48.9
2026-10-02 11:19:01,20261002,13,3,1-3-2,23.5
2026-10-02 11:19:01,20261002,13,3,1-3-4,42.6
2026-10-02 11:19:01,20261002,13,3,1-3-5,44.3
2026-10-02 11:19:01,20261002,13,3,1-3-6,16.3
2026-10-02 11:19:01,20261002,13,3,1-4-2,107.1
2026-10-02 11:19:01,20261002,13,3,1-4-3,123.4
2026-10-02 11:19:01,20261002,13,3,1-4-5,227.1
2026-10-02 11:19:01,20261002,13,3,1-4-6,103.2
2026-10-02 11:19:01,20261002,13,3,1-5-2,96.2
2026-10-02 11:19:01,20261002,13,3,1-5-3,71.8
2026-10-02 11:19:01,20261002,13,3,1-5-4,141.9
2026-10-02 11:19:01,20261002,13,3,1-5-6,48.9
2026-10-02 11:19:01,20261002,13,3,1-6-2,55.1
2026-10-02 11:19:01,20261002,13,3,1-6-3,23.3
2026-10-02 11:19:01,20261002,13,3,1-6-4,129.0
2026-10-02 11:19:01,20261002,13,3,1-6-5,75.7
2026-10-02 11:19:01,20261002,13,3,2-1-3,49.8
2026-10-02 11:19:01,20261002,13,3,2-1-4,270.3
2026-10-02 11:19:01,20261002,13,3,2-1-5,166.9
2026-10-02 11:19:01,20261002,13,3,2-1-6,84.7
2026-10-02 11:19:01,20261002,13,3,2-3-1,66.0
2026-10-02 11:19:01,20261002,13,3,2-3-4,149.4
2026-10-02 11:19:01,20261002,13,3,2-3-5,91.5
2026-10-02 11:19:01,20261002,13,3,2-3-6,81.1
2026-10-02 11:19:01,20261002,13,3,2-4-1,378.5
2026-10-02 11:19:01,20261002,13,3,2-4-3,227.1
2026-10-02 11:19:01,20261002,13,3,2-4-5,298.8
2026-10-02 11:19:01,20261002,13,3,2-4-6,298.8
2026-10-02 11:19:01,20261002,13,3,2-5-1,145.5
2026-10-02 11:19:01,20261002,13,3,2-5-3,113.5
2026-10-02 11:19:01,20261002,13,3,2-5-4,298.8
2026-10-02 11:19:01,20261002,13,3,2-5-6,157.7
2026-10-02 11:19:01,20261002,13,3,2-6-1,77.7
2026-10-02 11:19:01,20261002,13,3,2-6-3,76.7
2026-10-02 11:19:01,20261002,13,3,2-6-4,218.3
2026-10-02 11:19:01,20261002,13,3,2-6-5,111.3
2026-10-02 11:19:01,20261002,13,3,3-1-2,33.7
2026-10-02 11:19:01,20261002,13,3,3-1-4,63.7
2026-10-02 11:19:01,20261002,13,3,3-1-5,34.2
2026-10-02 11:19:01,20261002,13,3,3-1-6,19.4
2026-10-02 11:19:01,20261002,13,3,3-2-1,73.7
2026-10-02 11:19:01,20261002,13,3,3-2-4,96.2
2026-10-02 11:19:01,20261002,13,3,3-2-5,87.3
2026-10-02 11:19:01,20261002,13,3,3-2-6,18.2
2026-10-02 11:19:01,20261002,13,3,3-4-1,138.4
2026-10-02 11:19:01,20261002,13,3,3-4-2,132.0
2026-10-02 11:19:01,20261002,13,3,3-4-5,123.4
2026-10-02 11:19:01,20261002,13,3,3-4-6,76.7
2026-10-02 11:19:01,20261002,13,3,3-5-1,53.0
2026-10-02 11:19:01,20261002,13,3,3-5-2,82.2
2026-10-02 11:19:01,20261002,13,3,3-5-4,115.8
2026-10-02 11:19:01,20261002,13,3,3-5-6,41.1
2026-10-02 11:19:01,20261002,13,3,3-6-1,25.3
2026-10-02 11:19:01,20261002,13,3,3-6-2,31.5
2026-10-02 11:19:01,20261002,13,3,3-6-4,77.7
2026-10-02 11:19:01,20261002,13,3,3-6-5,44.0
2026-10-02 11:19:01,20261002,13,3,4-1-2,218.3
2026-10-02 11:19:01,20261002,13,3,4-1-3,189.2
2026-10-02 11:19:01,20261002,13,3,4-1-5,189.2
2026-10-02 11:19:01,20261002,13,3,4-1-6,218.3
2026-10-02 11:19:01,20261002,13,3,4-2-1,333.9
2026-10-02 11:19:01,20261002,13,3,4-2-3,333.9
2026-10-02 11:19:01,20261002,13,3,4-2-5,298.8
2026-10-02 11:19:01,20261002,13,3,4-2-6,236.5
2026-10-02 11:19:01,20261002,13,3,4-3-1,123.4
2026-10-02 11:19:01,20261002,13,3,4-3-2,258.0
2026-10-02 11:19:01,20261002,13,3,4-3-5,246.8
2026-10-02 11:19:01,20261002,13,3,4-3-6,202.7
2026-10-02 11:19:01,20261002,13,3,4-5-1,135.1
2026-10-02 11:19:01,20261002,13,3,4-5-2,473.1
2026-10-02 11:19:01,20261002,13,3,4-5-3,283.8
2026-10-02 11:19:01,20261002,13,3,4-5-6,283.8
2026-10-02 11:19:01,20261002,13,3,4-6-1,153.4
2026-10-02 11:19:01,20261002,13,3,4-6-2,354.8
2026-10-02 11:19:01,20261002,13,3,4-6-3,227.1
2026-10-02 11:19:01,20261002,13,3,4-6-5,227.1
2026-10-02 11:19:01,20261002,13,3,5-1-2,283.8
2026-10-02 11:19:01,20261002,13,3,5-1-3,120.7
2026-10-02 11:19:01,20261002,13,3,5-1-4,202.7
2026-10-02 11:19:01,20261002,13,3,5-1-6,166.9
2026-10-02 11:19:01,20261002,13,3,5-2-1,283.8
2026-10-02 11:19:01,20261002,13,3,5-2-3,195.7
2026-10-02 11:19:01,20261002,13,3,5-2-4,227.1
2026-10-02 11:19:01,20261002,13,3,5-2-6,202.7
2026-10-02 11:19:01,20261002,13,3,5-3-1,157.7
2026-10-02 11:19:01,20261002,13,3,5-3-2,189.2
2026-10-02 11:19:01,20261002,13,3,5-3-4,436.7
2026-10-02 11:19:01,20261002,13,3,5-3-6,132.0
2026-10-02 11:19:01,20261002,13,3,5-4-1,315.4
2026-10-02 11:19:01,20261002,13,3,5-4-2,436.7
2026-10-02 11:19:01,20261002,13,3,5-4-3,354.8
2026-10-02 11:19:01,20261002,13,3,5-4-6,333.9
2026-10-02 11:19:01,20261002,13,3,5-6-1,227.1
2026-10-02 11:19:01,20261002,13,3,5-6-2,378.5
2026-10-02 11:19:01,20261002,13,3,5-6-3,103.2
2026-10-02 11:19:01,20261002,13,3,5-6-4,315.4
2026-10-02 11:19:01,20261002,13,3,6-1-2,75.7
2026-10-02 11:19:01,20261002,13,3,6-1-3,48.1
2026-10-02 11:19:01,20261002,13,3,6-1-4,236.5
2026-10-02 11:19:01,20261002,13,3,6-1-5,218.3
2026-10-02 11:19:01,20261002,13,3,6-2-1,99.6
2026-10-02 11:19:01,20261002,13,3,6-2-3,62.3
2026-10-02 11:19:01,20261002,13,3,6-2-4,132.0
2026-10-02 11:19:01,20261002,13,3,6-2-5,227.1
2026-10-02 11:19:01,20261002,13,3,6-3-1,59.1
2026-10-02 11:19:01,20261002,13,3,6-3-2,88.7
2026-10-02 11:19:01,20261002,13,3,6-3-4,126.1
2026-10-02 11:19:01,20261002,13,3,6-3-5,107.1
2026-10-02 11:19:01,20261002,13,3,6-4-1,473.1
2026-10-02 11:19:01,20261002,13,3,6-4-2,567.7
2026-10-02 11:19:01,20261002,13,3,6-4-3,218.3
2026-10-02 11:19:01,20261002,13,3,6-4-5,630.8
2026-10-02 11:19:01,20261002,13,3,6-5-1,87.3
2026-10-02 11:19:01,20261002,13,3,6-5-2,258.0
2026-10-02 11:19:01,20261002,13,3,6-5-3,103.2
2026-10-02 11:19:01,20261002,13,3,6-5-4,333.9
2026-10-02 11:20:45,20261002,23,7,1-2-3,77.1
2026-10-02 11:20:45,20261002,23,7,1-2-4,61.5
2026-10-02 11:20:45,20261002,23,7,1-2-5,82.3
2026-10-02 11:20:45,20261002,23,7,1-2-6,132.4
2026-10-02 11:20:45,20261002,23,7,1-3-2,85.7
2026-10-02 11:20:45,20261002,23,7,1-3-4,63.4
2026-10-02 11:20:45,20261002,23,7,1-3-5,68.0
2026-10-02 11:20:45,20261002,23,7,1-3-6,176.5
2026-10-02 11:20:45,20261002,23,7,1-4-2,48.9
2026-10-02 11:20:45,20261002,23,7,1-4-3,43.8
2026-10-02 11:20:45,20261002,23,7,1-4-5,50.3
2026-10-02 11:20:45,20261002,23,7,1-4-6,179.1
2026-10-02 11:20:45,20261002,23,7,1-5-2,141.6
2026-10-02 11:20:45,20261002,23,7,1-5-3,96.6
2026-10-02 11:20:45,20261002,23,7,1-5-4,120.6
2026-10-02 11:20:45,20261002,23,7,1-5-6,290.0
2026-10-02 11:20:45,20261002,23,7,1-6-2,221.5
2026-10-02 11:20:45,20261002,23,7,1-6-3,358.3
2026-10-02 11:20:45,20261002,23,7,1-6-4,329.2
2026-10-02 11:20:45,20261002,23,7,1-6-5,553.7
2026-10-02 11:20:45,20261002,23,7,2-1-3,80.6
2026-10-02 11:20:45,20261002,23,7,2-1-4,65.1
2026-10-02 11:20:45,20261002,23,7,2-1-5,83.4
2026-10-02 11:20:45,20261002,23,7,2-1-6,248.6
2026-10-02 11:20:45,20261002,23,7,2-3-1,132.4
2026-10-02 11:20:45,20261002,23,7,2-3-4,29.0
2026-10-02 11:20:45,20261002,23,7,2-3-5,49.7
2026-10-02 11:20:45,20261002,23,7,2-3-6,348.0
2026-10-02 11:20:45,20261002,23,7,2-4-1,73.3
2026-10-02 11:20:45,20261002,23,7,2-4-3,32.4
2026-10-02 11:20:45,20261002,23,7,2-4-5,32.3
2026-10-02 11:20:45,20261002,23,7,2-4-6,138.4
2026-10-02 11:20:45,20261002,23,7,2-5-1,152.2
2026-10-02 11:20:45,20261002,23,7,2-5-3,117.1
2026-10-02 11:20:45,20261002,23,7,2-5-4,77.5
2026-10-02 11:20:45,20261002,23,7,2-5-6,290.0
2026-10-02 11:20:45,20261002,23,7,2-6-1,580.1
2026-10-02 11:20:45,20261002,23,7,2-6-3,580.1
2026-10-02 11:20:45,20261002,23,7,2-6-4,290.0
2026-10-02 11:20:45,20261002,23,7,2-6-5,468.5
2026-10-02 11:20:45,20261002,23,7,3-1-2,160.3
2026-10-02 11:20:45,20261002,23,7,3-1-4,74.7
2026-10-02 11:20:45,20261002,23,7,3-1-5,99.0
2026-10-02 11:20:45,20261002,23,7,3-1-6,393.0
2026-10-02 11:20:45,20261002,23,7,3-2-1,199.7
2026-10-02 11:20:45,20261002,23,7,3-2-4,39.0
2026-10-02 11:20:45,20261002,23,7,3-2-5,61.8
2026-10-02 11:20:45,20261002,23,7,3-2-6,243.6
2026-10-02 11:20:45,20261002,23,7,3-4-1,79.1
2026-10-02 11:20:45,20261002,23,7,3-4-2,53.6
2026-10-02 11:20:45,20261002,23,7,3-4-5,36.1
2026-10-02 11:20:45,20261002,23,7,3-4-6,125.5
2026-10-02 11:20:45,20261002,23,7,3-5-1,136.8
2026-10-02 11:20:45,20261002,23,7,3-5-2,105.9
2026-10-02 11:20:45,20261002,23,7,3-5-4,55.6
2026-10-02 11:20:45,20261002,23,7,3-5-6,320.6
2026-10-02 11:20:45,20261002,23,7,3-6-1,761.4
2026-10-02 11:20:45,20261002,23,7,3-6-2,468.5
2026-10-02 11:20:45,20261002,23,7,3-6-4,451.2
2026-10-02 11:20:45,20261002,23,7,3-6-5,1107.0
2026-10-02 11:20:45,20261002,23,7,4-1-2,52.5
2026-10-02 11:20:45,20261002,23,7,4-1-3,61.2
2026-10-02 11:20:45,20261002,23,7,4-1-5,45.6
2026-10-02 11:20:45,20261002,23,7,4-1-6,162.4
2026-10-02 11:20:45,20261002,23,7,4-2-1,68.8
2026-10-02 11:20:45,20261002,23,7,4-2-3,29.2
2026-10-02 11:20:45,20261002,23,7,4-2-5,20.5
2026-10-02 11:20:45,20261002,23,7,4-2-6,99.0
2026-10-02 11:20:45,20261002,23,7,4-3-1,52.0
2026-10-02 11:20:45,20261002,23,7,4-3-2,29.9
2026-10-02 11:20:45,20261002,23,7,4-3-5,18.9
2026-10-02 11:20:45,20261002,23,7,4-3-6,93.7
2026-10-02 11:20:45,20261002,23,7,4-5-1,38.1
2026-10-02 11:20:45,20261002,23,7,4-5-2,13.1
2026-10-02 11:20:45,20261002,23,7,4-5-3,12.5
2026-10-02 11:20:45,20261002,23,7,4-5-6,37.7
2026-10-02 11:20:45,20261002,23,7,4-6-1,259.2
2026-10-02 11:20:45,20261002,23,7,4-6-2,176.5
2026-10-02 11:20:45,20261002,23,7,4-6-3,234.2
2026-10-02 11:20:45,20261002,23,7,4-6-5,143.3
2026-10-02 11:20:45,20261002,23,7,5-1-2,164.6
2026-10-02 11:20:45,20261002,23,7,5-1-3,156.1
2026-10-02 11:20:45,20261002,23,7,5-1-4,136.8
2026-10-02 11:20:45,20261002,23,7,5-1-6,380.7
2026-10-02 11:20:45,20261002,23,7,5-2-1,196.5
2026-10-02 11:20:45,20261002,23,7,5-2-3,131.0
2026-10-02 11:20:45,20261002,23,7,5-2-4,73.8
2026-10-02 11:20:45,20261002,23,7,5-2-6,229.8
2026-10-02 11:20:45,20261002,23,7,5-3-1,164.6
2026-10-02 11:20:45,20261002,23,7,5-3-2,150.4
2026-10-02 11:20:45,20261002,23,7,5-3-4,66.5
2026-10-02 11:20:45,20261002,23,7,5-3-6,358.3
2026-10-02 11:20:45,20261002,23,7,5-4-1,110.7
2026-10-02 11:20:45,20261002,23,7,5-4-2,55.1
2026-10-02 11:20:45,20261002,23,7,5-4-3,51.4
2026-10-02 11:20:45,20261002,23,7,5-4-6,124.3
2026-10-02 11:20:45,20261002,23,7,5-6-1,716.6
2026-10-02 11:20:45,20261002,23,7,5-6-2,451.2
2026-10-02 11:20:45,20261002,23,7,5-6-3,348.0
2026-10-02 11:20:45,20261002,23,7,5-6-4,369.1
2026-10-02 11:20:45,20261002,23,7,6-1-2,348.0
2026-10-02 11:20:45,20261002,23,7,6-1-3,1353.0
2026-10-02 11:20:45,20261002,23,7,6-1-4,553.7
2026-10-02 11:20:45,20261002,23,7,6-1-5,1353.0
2026-10-02 11:20:45,20261002,23,7,6-2-1,812.2
2026-10-02 11:20:45,20261002,23,7,6-2-3,435.1
2026-10-02 11:20:45,20261002,23,7,6-2-4,297.1
2026-10-02 11:20:45,20261002,23,7,6-2-5,297.1
2026-10-02 11:20:45,20261002,23,7,6-3-1,1353.0
2026-10-02 11:20:45,20261002,23,7,6-3-2,870.2
2026-10-02 11:20:45,20261002,23,7,6-3-4,451.2
2026-10-02 11:20:45,20261002,23,7,6-3-5,676.8
2026-10-02 11:20:45,20261002,23,7,6-4-1,812.2
2026-10-02 11:20:45,20261002,23,7,6-4-2,420.1
2026-10-02 11:20:45,20261002,23,7,6-4-3,393.0
2026-10-02 11:20:45,20261002,23,7,6-4-5,468.5
2026-10-02 11:20:45,20261002,23,7,6-5-1,1107.0
2026-10-02 11:20:45,20261002,23,7,6-5-2,676.8
2026-10-02 11:20:45,20261002,23,7,6-5-3,580.1
2026-10-02 11:20:45,20261002,23,7,6-5-4,369.1
2026-10-02 11:23:46,20261002,22,2,1-2-3,29.1
2026-10-02 11:23:46,20261002,22,2,1-2-4,28.6
2026-10-02 11:23:46,20261002,22,2,1-2-5,38.6
2026-10-02 11:23:46,20261002,22,2,1-2-6,147.1
2026-10-02 11:23:46,20261002,22,2,1-3-2,33.5
2026-10-02 11:23:46,20261002,22,2,1-3-4,29.4
2026-10-02 11:23:46,20261002,22,2,1-3-5,49.0
2026-10-02 11:23:46,20261002,22,2,1-3-6,182.6
2026-10-02 11:23:46,20261002,22,2,1-4-2,27.1
2026-10-02 11:23:46,20261002,22,2,1-4-3,35.5
2026-10-02 11:23:46,20261002,22,2,1-4-5,26.3
2026-10-02 11:23:46,20261002,22,2,1-4-6,165.5
2026-10-02 11:23:46,20261002,22,2,1-5-2,54.0
2026-10-02 11:23:46,20261002,22,2,1-5-3,63.8
2026-10-02 11:23:46,20261002,22,2,1-5-4,34.8
2026-10-02 11:23:46,20261002,22,2,1-5-6,129.1
2026-10-02 11:23:46,20261002,22,2,1-6-2,211.8
2026-10-02 11:23:46,20261002,22,2,1-6-3,278.7
2026-10-02 11:23:46,20261002,22,2,1-6-4,407.4
2026-10-02 11:23:46,20261002,22,2,1-6-5,378.3
2026-10-02 11:23:46,20261002,22,2,2-1-3,74.5
2026-10-02 11:23:46,20261002,22,2,2-1-4,45.6
2026-10-02 11:23:46,20261002,22,2,2-1-5,54.6
2026-10-02 11:23:46,20261002,22,2,2-1-6,294.2
2026-10-02 11:23:46,20261002,22,2,2-3-1,108.0
2026-10-02 11:23:46,20261002,22,2,2-3-4,112.6
2026-10-02 11:23:46,20261002,22,2,2-3-5,129.1
2026-10-02 11:23:46,20261002,22,2,2-3-6,378.3
2026-10-02 11:23:46,20261002,22,2,2-4-1,60.1
2026-10-02 11:23:46,20261002,22,2,2-4-3,88.2
2026-10-02 11:23:46,20261002,22,2,2-4-5,38.9
2026-10-02 11:23:46,20261002,22,2,2-4-6,182.6
2026-10-02 11:23:46,20261002,22,2,2-5-1,73.5
2026-10-02 11:23:46,20261002,22,2,2-5-3,147.1
2026-10-02 11:23:46,20261002,22,2,2-5-4,53.5
2026-10-02 11:23:46,20261002,22,2,2-5-6,378.3
2026-10-02 11:23:46,20261002,22,2,2-6-1,331.0
2026-10-02 11:23:46,20261002,22,2,2-6-3,407.4
2026-10-02 11:23:46,20261002,22,2,2-6-4,196.1
2026-10-02 11:23:46,20261002,22,2,2-6-5,252.2
2026-10-02 11:23:46,20261002,22,2,3-1-2,82.7
2026-10-02 11:23:46,20261002,22,2,3-1-4,49.9
2026-10-02 11:23:46,20261002,22,2,3-1-5,73.5
2026-10-02 11:23:46,20261002,22,2,3-1-6,220.6
2026-10-02 11:23:46,20261002,22,2,3-2-1,105.9
2026-10-02 11:23:46,20261002,22,2,3-2-4,86.8
2026-10-02 11:23:46,20261002,22,2,3-2-5,98.0
2026-10-02 11:23:46,20261002,22,2,3-2-6,311.5
2026-10-02 11:23:46,20261002,22,2,3-4-1,61.5
2026-10-02 11:23:46,20261002,22,2,3-4-2,60.8
2026-10-02 11:23:46,20261002,22,2,3-4-5,42.0
2026-10-02 11:23:46,20261002,22,2,3-4-6,139.3
2026-10-02 11:23:46,20261002,22,2,3-5-1,108.0
2026-10-02 11:23:46,20261002,22,2,3-5-2,94.5
2026-10-02 11:23:46,20261002,22,2,3-5-4,72.5
2026-10-02 11:23:46,20261002,22,2,3-5-6,311.5
2026-10-02 11:23:46,20261002,22,2,3-6-1,278.7
2026-10-02 11:23:46,20261002,22,2,3-6-2,441.3
2026-10-02 11:23:46,20261002,22,2,3-6-4,378.3
2026-10-02 11:23:46,20261002,22,2,3-6-5,441.3
2026-10-02 11:23:46,20261002,22,2,4-1-2,51.9
2026-10-02 11:23:46,20261002,22,2,4-1-3,63.0
2026-10-02 11:23:46,20261002,22,2,4-1-5,32.8
2026-10-02 11:23:46,20261002,22,2,4-1-6,103.8
2026-10-02 11:23:46,20261002,22,2,4-2-1,94.5
2026-10-02 11:23:46,20261002,22,2,4-2-3,108.0
2026-10-02 11:23:46,20261002,22,2,4-2-5,58.2
2026-10-02 11:23:46,20261002,22,2,4-2-6,189.1
2026-10-02 11:23:46,20261002,22,2,4-3-1,72.5
2026-10-02 11:23:46,20261002,22,2,4-3-2,94.5
2026-10-02 11:23:46,20261002,22,2,4-3-5,46.8
2026-10-02 11:23:46,20261002,22,2,4-3-6,189.1
2026-10-02 11:23:46,20261002,22,2,4-5-1,21.5
2026-10-02 11:23:46,20261002,22,2,4-5-2,28.9
2026-10-02 11:23:46,20261002,22,2,4-5-3,38.9
2026-10-02 11:23:46,20261002,22,2,4-5-6,37.5
2026-10-02 11:23:46,20261002,22,2,4-6-1,311.5
2026-10-02 11:23:46,20261002,22,2,4-6-2,294.2
2026-10-02 11:23:46,20261002,22,2,4-6-3,378.3
2026-10-02 11:23:46,20261002,22,2,4-6-5,117.7
2026-10-02 11:23:46,20261002,22,2,5-1-2,84.0
2026-10-02 11:23:46,20261002,22,2,5-1-3,82.7
2026-10-02 11:23:46,20261002,22,2,5-1-4,65.3
2026-10-02 11:23:46,20261002,22,2,5-1-6,139.3
2026-10-02 11:23:46,20261002,22,2,5-2-1,135.8
2026-10-02 11:23:46,20261002,22,2,5-2-3,143.1
2026-10-02 11:23:46,20261002,22,2,5-2-4,66.2
2026-10-02 11:23:46,20261002,22,2,5-2-6,230.2
2026-10-02 11:23:46,20261002,22,2,5-3-1,117.7
2026-10-02 11:23:46,20261002,22,2,5-3-2,147.1
2026-10-02 11:23:46,20261002,22,2,5-3-4,112.6
2026-10-02 11:23:46,20261002,22,2,5-3-6,240.7
2026-10-02 11:23:46,20261002,22,2,5-4-1,37.5
2026-10-02 11:23:46,20261002,22,2,5-4-2,48.1
2026-10-02 11:23:46,20261002,22,2,5-4-3,67.9
2026-10-02 11:23:46,20261002,22,2,5-4-6,56.9
2026-10-02 11:23:46,20261002,22,2,5-6-1,407.4
2026-10-02 11:23:46,20261002,22,2,5-6-2,353.1
2026-10-02 11:23:46,20261002,22,2,5-6-3,220.6
2026-10-02 11:23:46,20261002,22,2,5-6-4,182.6
2026-10-02 11:23:46,20261002,22,2,6-1-2,240.7
2026-10-02 11:23:46,20261002,22,2,6-1-3,481.5
2026-10-02 11:23:46,20261002,22,2,6-1-4,662.0
2026-10-02 11:23:46,20261002,22,2,6-1-5,662.0
2026-10-02 11:23:46,20261002,22,2,6-2-1,529.6
2026-10-02 11:23:46,20261002,22,2,6-2-3,407.4
2026-10-02 11:23:46,20261002,22,2,6-2-4,481.5
2026-10-02 11:23:46,20261002,22,2,6-2-5,1059.0
2026-10-02 11:23:46,20261002,22,2,6-3-1,1324.0
2026-10-02 11:23:46,20261002,22,2,6-3-2,1765.0
2026-10-02 11:23:46,20261002,22,2,6-3-4,1765.0
2026-10-02 11:23:46,20261002,22,2,6-3-5,1765.0
2026-10-02 11:23:46,20261002,22,2,6-4-1,756.6
2026-10-02 11:23:46,20261002,22,2,6-4-2,662.0
2026-10-02 11:23:46,20261002,22,2,6-4-3,1324.0
2026-10-02 11:23:46,20261002,22,2,6-4-5,882.7
2026-10-02 11:23:46,20261002,22,2,6-5-1,662.0
2026-10-02 11:23:46,20261002,22,2,6-5-2,1324.0
2026-10-02 11:23:46,20261002,22,2,6-5-3,882.7
2026-10-02 11:23:46,20261002,22,2,6-5-4,529.6
2026-10-02 11:26:25,20261002,18,7,1-2-3,17.2
2026-10-02 11:26:25,20261002,18,7,1-2-4,56.6
2026-10-02 11:26:25,20261002,18,7,1-2-5,12.7
2026-10-02 11:26:25,20261002,18,7,1-2-6,110.4
2026-10-02 11:26:25,20261002,18,7,1-3-2,25.8
2026-10-02 11:26:25,20261002,18,7,1-3-4,76.1
2026-10-02 11:26:25,20261002,18,7,1-3-5,27.3
2026-10-02 11:26:25,20261002,18,7,1-3-6,176.6
2026-10-02 11:26:25,20261002,18,7,1-4-2,80.7
2026-10-02 11:26:25,20261002,18,7,1-4-3,96.7
2026-10-02 11:26:25,20261002,18,7,1-4-5,84.9
2026-10-02 11:26:25,20261002,18,7,1-4-6,174.3
2026-10-02 11:26:25,20261002,18,7,1-5-2,13.0
2026-10-02 11:26:25,20261002,18,7,1-5-3,24.9
2026-10-02 11:26:25,20261002,18,7,1-5-4,66.2
2026-10-02 11:26:25,20261002,18,7,1-5-6,136.5
2026-10-02 11:26:25,20261002,18,7,1-6-2,213.6
2026-10-02 11:26:25,20261002,18,7,1-6-3,245.3
2026-10-02 11:26:25,20261002,18,7,1-6-4,276.0
2026-10-02 11:26:25,20261002,18,7,1-6-5,473.1
2026-10-02 11:26:25,20261002,18,7,2-1-3,33.2
2026-10-02 11:26:25,20261002,18,7,2-1-4,68.6
2026-10-02 11:26:25,20261002,18,7,2-1-5,16.6
2026-10-02 11:26:25,20261002,18,7,2-1-6,155.8
2026-10-02 11:26:25,20261002,18,7,2-3-1,49.6
2026-10-02 11:26:25,20261002,18,7,2-3-4,186.5
2026-10-02 11:26:25,20261002,18,7,2-3-5,38.6
2026-10-02 11:26:25,20261002,18,7,2-3-6,186.5
2026-10-02 11:26:25,20261002,18,7,2-4-1,154.0
2026-10-02 11:26:25,20261002,18,7,2-4-3,192.0
2026-10-02 11:26:25,20261002,18,7,2-4-5,157.7
2026-10-02 11:26:25,20261002,18,7,2-4-6,368.0
2026-10-02 11:26:25,20261002,18,7,2-5-1,17.9
2026-10-02 11:26:25,20261002,18,7,2-5-3,30.3
2026-10-02 11:26:25,20261002,18,7,2-5-4,108.5
2026-10-02 11:26:25,20261002,18,7,2-5-6,126.1
2026-10-02 11:26:25,20261002,18,7,2-6-1,270.3
2026-10-02 11:26:25,20261002,18,7,2-6-3,259.7
2026-10-02 11:26:25,20261002,18,7,2-6-4,473.1
2026-10-02 11:26:25,20261002,18,7,2-6-5,232.4
2026-10-02 11:26:25,20261002,18,7,3-1-2,78.3
2026-10-02 11:26:25,20261002,18,7,3-1-4,132.4
2026-10-02 11:26:25,20261002,18,7,3-1-5,58.1
2026-10-02 11:26:25,20261002,18,7,3-1-6,358.0
2026-10-02 11:26:25,20261002,18,7,3-2-1,85.4
2026-10-02 11:26:25,20261002,18,7,3-2-4,176.6
2026-10-02 11:26:25,20261002,18,7,3-2-5,84.3
2026-10-02 11:26:25,20261002,18,7,3-2-6,259.7
2026-10-02 11:26:25,20261002,18,7,3-4-1,315.4
2026-10-02 11:26:25,20261002,18,7,3-4-2,213.6
2026-10-02 11:26:25,20261002,18,7,3-4-5,254.7
2026-10-02 11:26:25,20261002,18,7,3-4-6,294.4
2026-10-02 11:26:25,20261002,18,7,3-5-1,79.8
2026-10-02 11:26:25,20261002,18,7,3-5-2,87.1
2026-10-02 11:26:25,20261002,18,7,3-5-4,163.5
2026-10-02 11:26:25,20261002,18,7,3-5-6,220.8
2026-10-02 11:26:25,20261002,18,7,3-6-1,473.1
2026-10-02 11:26:25,20261002,18,7,3-6-2,441.6
2026-10-02 11:26:25,20261002,18,7,3-6-4,602.1
2026-10-02 11:26:25,20261002,18,7,3-6-5,414.0
2026-10-02 11:26:25,20261002,18,7,4-1-2,213.6
2026-10-02 11:26:25,20261002,18,7,4-1-3,331.2
2026-10-02 11:26:25,20261002,18,7,4-1-5,97.4
2026-10-02 11:26:25,20261002,18,7,4-1-6,270.3
2026-10-02 11:26:25,20261002,18,7,4-2-1,348.6
2026-10-02 11:26:25,20261002,18,7,4-2-3,414.0
2026-10-02 11:26:25,20261002,18,7,4-2-5,144.0
2026-10-02 11:26:25,20261002,18,7,4-2-6,339.6
2026-10-02 11:26:25,20261002,18,7,4-3-1,323.1
2026-10-02 11:26:25,20261002,18,7,4-3-2,630.8
2026-10-02 11:26:25,20261002,18,7,4-3-5,224.5
2026-10-02 11:26:25,20261002,18,7,4-3-6,414.0
2026-10-02 11:26:25,20261002,18,7,4-5-1,101.1
2026-10-02 11:26:25,20261002,18,7,4-5-2,108.5
2026-10-02 11:26:25,20261002,18,7,4-5-3,192.0
2026-10-02 11:26:25,20261002,18,7,4-5-6,184.0
2026-10-02 11:26:25,20261002,18,7,4-6-1,401.4
2026-10-02 11:26:25,20261002,18,7,4-6-2,509.5
2026-10-02 11:26:25,20261002,18,7,4-6-3,552.0
2026-10-02 11:26:25,20261002,18,7,4-6-5,401.4
2026-10-02 11:26:25,20261002,18,7,5-1-2,14.7
2026-10-02 11:26:25,20261002,18,7,5-1-3,33.7
2026-10-02 11:26:25,20261002,18,7,5-1-4,87.1
2026-10-02 11:26:25,20261002,18,7,5-1-6,94.6
2026-10-02 11:26:25,20261002,18,7,5-2-1,17.1
2026-10-02 11:26:25,20261002,18,7,5-2-3,33.9
2026-10-02 11:26:25,20261002,18,7,5-2-4,105.9
2026-10-02 11:26:25,20261002,18,7,5-2-6,101.1
2026-10-02 11:26:25,20261002,18,7,5-3-1,65.9
2026-10-02 11:26:25,20261002,18,7,5-3-2,64.6
2026-10-02 11:26:25,20261002,18,7,5-3-4,186.5
2026-10-02 11:26:25,20261002,18,7,5-3-6,236.5
2026-10-02 11:26:25,20261002,18,7,5-4-1,107.7
2026-10-02 11:26:25,20261002,18,7,5-4-2,106.8
2026-10-02 11:26:25,20261002,18,7,5-4-3,163.5
2026-10-02 11:26:25,20261002,18,7,5-4-6,189.2
2026-10-02 11:26:25,20261002,18,7,5-6-1,161.5
2026-10-02 11:26:25,20261002,18,7,5-6-2,159.6
2026-10-02 11:26:25,20261002,18,7,5-6-3,184.0
2026-10-02 11:26:25,20261002,18,7,5-6-4,509.5
2026-10-02 11:26:25,20261002,18,7,6-1-2,259.7
2026-10-02 11:26:25,20261002,18,7,6-1-3,697.2
2026-10-02 11:26:25,20261002,18,7,6-1-4,529.9
2026-10-02 11:26:25,20261002,18,7,6-1-5,779.2
2026-10-02 11:26:25,20261002,18,7,6-2-1,576.0
2026-10-02 11:26:25,20261002,18,7,6-2-3,240.8
2026-10-02 11:26:25,20261002,18,7,6-2-4,576.0
2026-10-02 11:26:25,20261002,18,7,6-2-5,401.4
2026-10-02 11:26:25,20261002,18,7,6-3-1,1104.0
2026-10-02 11:26:25,20261002,18,7,6-3-2,264.9
2026-10-02 11:26:25,20261002,18,7,6-3-4,828.0
2026-10-02 11:26:25,20261002,18,7,6-3-5,315.4
2026-10-02 11:26:25,20261002,18,7,6-4-1,946.2
2026-10-02 11:26:25,20261002,18,7,6-4-2,697.2
2026-10-02 11:26:25,20261002,18,7,6-4-3,1104.0
2026-10-02 11:26:25,20261002,18,7,6-4-5,1104.0
2026-10-02 11:26:25,20261002,18,7,6-5-1,662.4
2026-10-02 11:26:25,20261002,18,7,6-5-2,456.8
2026-10-02 11:26:25,20261002,18,7,6-5-3,736.0
2026-10-02 11:26:25,20261002,18,7,6-5-4,697.2
2026-10-02 11:30:26,20261002,16,3,1-2-3,18.8
2026-10-02 11:30:26,20261002,16,3,1-2-4,26.6
2026-10-02 11:30:26,20261002,16,3,1-2-5,41.4
2026-10-02 11:30:26,20261002,16,3,1-2-6,54.1
2026-10-02 11:30:26,20261002,16,3,1-3-2,17.8
2026-10-02 11:30:26,20261002,16,3,1-3-4,14.7
2026-10-02 11:30:26,20261002,16,3,1-3-5,22.5
2026-10-02 11:30:26,20261002,16,3,1-3-6,39.9
2026-10-02 11:30:26,20261002,16,3,1-4-2,32.3
2026-10-02 11:30:26,20261002,16,3,1-4-3,24.6
2026-10-02 11:30:26,20261002,16,3,1-4-5,36.3
2026-10-02 11:30:26,20261002,16,3,1-4-6,46.6
2026-10-02 11:30:26,20261002,16,3,1-5-2,66.6
2026-10-02 11:30:26,20261002,16,3,1-5-3,60.6
2026-10-02 11:30:26,20261002,16,3,1-5-4,66.1
2026-10-02 11:30:26,20261002,16,3,1-5-6,88.6
2026-10-02 11:30:26,20261002,16,3,1-6-2,172.9
2026-10-02 11:30:26,20261002,16,3,1-6-3,145.5
2026-10-02 11:30:26,20261002,16,3,1-6-4,133.4
2026-10-02 11:30:26,20261002,16,3,1-6-5,197.7
2026-10-02 11:30:26,20261002,16,3,2-1-3,41.9
2026-10-02 11:30:26,20261002,16,3,2-1-4,44.0
2026-10-02 11:30:26,20261002,16,3,2-1-5,63.6
2026-10-02 11:30:26,20261002,16,3,2-1-6,97.5
2026-10-02 11:30:26,20261002,16,3,2-3-1,74.2
2026-10-02 11:30:26,20261002,16,3,2-3-4,41.7
2026-10-02 11:30:26,20261002,16,3,2-3-5,68.4
2026-10-02 11:30:26,20261002,16,3,2-3-6,89.1
2026-10-02 11:30:26,20261002,16,3,2-4-1,102.1
2026-10-02 11:30:26,20261002,16,3,2-4-3,78.1
2026-10-02 11:30:26,20261002,16,3,2-4-5,98.0
2026-10-02 11:30:26,20261002,16,3,2-4-6,136.3
2026-10-02 11:30:26,20261002,16,3,2-5-1,169.3
2026-10-02 11:30:26,20261002,16,3,2-5-3,142.6
2026-10-02 11:30:26,20261002,16,3,2-5-4,178.5
2026-10-02 11:30:26,20261002,16,3,2-5-6,162.7
2026-10-02 11:30:26,20261002,16,3,2-6-1,328.6
2026-10-02 11:30:26,20261002,16,3,2-6-3,269.7
2026-10-02 11:30:26,20261002,16,3,2-6-4,262.5
2026-10-02 11:30:26,20261002,16,3,2-6-5,320.2
2026-10-02 11:30:26,20261002,16,3,3-1-2,54.0
2026-10-02 11:30:26,20261002,16,3,3-1-4,34.3
2026-10-02 11:30:26,20261002,16,3,3-1-5,51.2
2026-10-02 11:30:26,20261002,16,3,3-1-6,72.6
2026-10-02 11:30:26,20261002,16,3,3-2-1,84.1
2026-10-02 11:30:26,20261002,16,3,3-2-4,51.2
2026-10-02 11:30:26,20261002,16,3,3-2-5,87.8
2026-10-02 11:30:26,20261002,16,3,3-2-6,95.2
2026-10-02 11:30:26,20261002,16,3,3-4-1,58.8
2026-10-02 11:30:26,20261002,16,3,3-4-2,61.7
2026-10-02 11:30:26,20261002,16,3,3-4-5,61.6
2026-10-02 11:30:26,20261002,16,3,3-4-6,59.8
2026-10-02 11:30:26,20261002,16,3,3-5-1,91.0
2026-10-02 11:30:26,20261002,16,3,3-5-2,105.8
2026-10-02 11:30:26,20261002,16,3,3-5-4,78.6
2026-10-02 11:30:26,20261002,16,3,3-5-6,124.7
2026-10-02 11:30:26,20261002,16,3,3-6-1,213.9
2026-10-02 11:30:26,20261002,16,3,3-6-2,197.7
2026-10-02 11:30:26,20261002,16,3,3-6-4,134.1
2026-10-02 11:30:26,20261002,16,3,3-6-5,208.5
2026-10-02 11:30:26,20261002,16,3,4-1-2,70.9
2026-10-02 11:30:26,20261002,16,3,4-1-3,55.7
2026-10-02 11:30:26,20261002,16,3,4-1-5,65.8
2026-10-02 11:30:26,20261002,16,3,4-1-6,93.1
2026-10-02 11:30:26,20261002,16,3,4-2-1,132.7
2026-10-02 11:30:26,20261002,16,3,4-2-3,112.0
2026-10-02 11:30:26,20261002,16,3,4-2-5,133.4
2026-10-02 11:30:26,20261002,16,3,4-2-6,139.4
2026-10-02 11:30:26,20261002,16,3,4-3-1,83.5
2026-10-02 11:30:26,20261002,16,3,4-3-2,105.3
2026-10-02 11:30:26,20261002,16,3,4-3-5,98.2
2026-10-02 11:30:26,20261002,16,3,4-3-6,102.7
2026-10-02 11:30:26,20261002,16,3,4-5-1,99.0
2026-10-02 11:30:26,20261002,16,3,4-5-2,139.4
2026-10-02 11:30:26,20261002,16,3,4-5-3,125.3
2026-10-02 11:30:26,20261002,16,3,4-5-6,117.6
2026-10-02 11:30:26,20261002,16,3,4-6-1,161.1
2026-10-02 11:30:26,20261002,16,3,4-6-2,169.3
2026-10-02 11:30:26,20261002,16,3,4-6-3,188.7
2026-10-02 11:30:26,20261002,16,3,4-6-5,184.5
2026-10-02 11:30:26,20261002,16,3,5-1-2,131.2
2026-10-02 11:30:26,20261002,16,3,5-1-3,113.0
2026-10-02 11:30:26,20261002,16,3,5-1-4,122.8
2026-10-02 11:30:26,20261002,16,3,5-1-6,155.5
2026-10-02 11:30:26,20261002,16,3,5-2-1,285.2
2026-10-02 11:30:26,20261002,16,3,5-2-3,245.6
2026-10-02 11:30:26,20261002,16,3,5-2-4,280.4
2026-10-02 11:30:26,20261002,16,3,5-2-6,205.9
2026-10-02 11:30:26,20261002,16,3,5-3-1,167.6
2026-10-02 11:30:26,20261002,16,3,5-3-2,217.6
2026-10-02 11:30:26,20261002,16,3,5-3-4,188.7
2026-10-02 11:30:26,20261002,16,3,5-3-6,242.1
2026-10-02 11:30:26,20261002,16,3,5-4-1,203.4
2026-10-02 11:30:26,20261002,16,3,5-4-2,295.4
2026-10-02 11:30:26,20261002,16,3,5-4-3,244.4
2026-10-02 11:30:26,20261002,16,3,5-4-6,278.8
2026-10-02 11:30:26,20261002,16,3,5-6-1,427.8
2026-10-02 11:30:26,20261002,16,3,5-6-2,406.8
2026-10-02 11:30:26,20261002,16,3,5-6-3,190.8
2026-10-02 11:30:26,20261002,16,3,5-6-4,410.1
2026-10-02 11:30:26,20261002,16,3,6-1-2,261.2
2026-10-02 11:30:26,20261002,16,3,6-1-3,373.1
2026-10-02 11:30:26,20261002,16,3,6-1-4,302.6
2026-10-02 11:30:26,20261002,16,3,6-1-5,590.8
2026-10-02 11:30:26,20261002,16,3,6-2-1,496.3
2026-10-02 11:30:26,20261002,16,3,6-2-3,413.5
2026-10-02 11:30:26,20261002,16,3,6-2-4,451.1
2026-10-02 11:30:26,20261002,16,3,6-2-5,653.0
2026-10-02 11:30:26,20261002,16,3,6-3-1,443.1
2026-10-02 11:30:26,20261002,16,3,6-3-2,459.5
2026-10-02 11:30:26,20261002,16,3,6-3-4,364.9
2026-10-02 11:30:26,20261002,16,3,6-3-5,740.7
2026-10-02 11:30:26,20261002,16,3,6-4-1,344.6
2026-10-02 11:30:26,20261002,16,3,6-4-2,410.1
2026-10-02 11:30:26,20261002,16,3,6-4-3,501.3
2026-10-02 11:30:26,20261002,16,3,6-4-5,583.8
2026-10-02 11:30:26,20261002,16,3,6-5-1,709.0
2026-10-02 11:30:26,20261002,16,3,6-5-2,699.0
2026-10-02 11:30:26,20261002,16,3,6-5-3,628.2
2026-10-02 11:30:26,20261002,16,3,6-5-4,551.4
2026-10-02 11:35:53,20261002,14,8,1-2-3,14.0
2026-10-02 11:35:53,20261002,14,8,1-2-4,67.5
2026-10-02 11:35:53,20261002,14,8,1-2-5,69.5
2026-10-02 11:35:53,20261002,14,8,1-2-6,37.2
2026-10-02 11:35:53,20261002,14,8,1-3-2,13.8
2026-10-02 11:35:53,20261002,14,8,1-3-4,25.8
2026-10-02 11:35:53,20261002,14,8,1-3-5,24.6
2026-10-02 11:35:53,20261002,14,8,1-3-6,14.5
2026-10-02 11:35:53,20261002,14,8,1-4-2,124.6
2026-10-02 11:35:53,20261002,14,8,1-4-3,40.6
2026-10-02 11:35:53,20261002,14,8,1-4-5,95.5
2026-10-02 11:35:53,20261002,14,8,1-4-6,40.2
2026-10-02 11:35:53,20261002,14,8,1-5-2,107.1
2026-10-02 11:35:53,20261002,14,8,1-5-3,73.4
2026-10-02 11:35:53,20261002,14,8,1-5-4,128.4
2026-10-02 11:35:53,20261002,14,8,1-5-6,89.9
2026-10-02 11:35:53,20261002,14,8,1-6-2,49.7
2026-10-02 11:35:53,20261002,14,8,1-6-3,24.1
2026-10-02 11:35:53,20261002,14,8,1-6-4,62.0
2026-10-02 11:35:53,20261002,14,8,1-6-5,78.9
2026-10-02 11:35:53,20261002,14,8,2-1-3,88.0
2026-10-02 11:35:53,20261002,14,8,2-1-4,107.8
2026-10-02 11:35:53,20261002,14,8,2-1-5,113.6
2026-10-02 11:35:53,20261002,14,8,2-1-6,110.6
2026-10-02 11:35:53,20261002,14,8,2-3-1,129.3
2026-10-02 11:35:53,20261002,14,8,2-3-4,148.8
2026-10-02 11:35:53,20261002,14,8,2-3-5,103.2
2026-10-02 11:35:53,20261002,14,8,2-3-6,127.4
2026-10-02 11:35:53,20261002,14,8,2-4-1,236.9
2026-10-02 11:35:53,20261002,14,8,2-4-3,182.8
2026-10-02 11:35:53,20261002,14,8,2-4-5,300.3
2026-10-02 11:35:53,20261002,14,8,2-4-6,200.2
2026-10-02 11:35:53,20261002,14,8,2-5-1,373.8
2026-10-02 11:35:53,20261002,14,8,2-5-3,134.5
2026-10-02 11:35:53,20261002,14,8,2-5-4,431.3
2026-10-02 11:35:53,20261002,14,8,2-5-6,207.6
2026-10-02 11:35:53,20261002,14,8,2-6-1,212.9
2026-10-02 11:35:53,20261002,14,8,2-6-3,221.3
2026-10-02 11:35:53,20261002,14,8,2-6-4,240.3
2026-10-02 11:35:53,20261002,14,8,2-6-5,180.8
2026-10-02 11:35:53,20261002,14,8,3-1-2,41.5
2026-10-02 11:35:53,20261002,14,8,3-1-4,26.7
2026-10-02 11:35:53,20261002,14,8,3-1-5,33.0
2026-10-02 11:35:53,20261002,14,8,3-1-6,18.6
2026-10-02 11:35:53,20261002,14,8,3-2-1,106.4
2026-10-02 11:35:53,20261002,14,8,3-2-4,91.4
2026-10-02 11:35:53,20261002,14,8,3-2-5,46.5
2026-10-02 11:35:53,20261002,14,8,3-2-6,68.6
2026-10-02 11:35:53,20261002,14,8,3-4-1,90.4
2026-10-02 11:35:53,20261002,14,8,3-4-2,134.5
2026-10-02 11:35:53,20261002,14,8,3-4-5,157.2
2026-10-02 11:35:53,20261002,14,8,3-4-6,67.5
2026-10-02 11:35:53,20261002,14,8,3-5-1,63.0
2026-10-02 11:35:53,20261002,14,8,3-5-2,77.1
2026-10-02 11:35:53,20261002,14,8,3-5-4,103.8
2026-10-02 11:35:53,20261002,14,8,3-5-6,95.0
2026-10-02 11:35:53,20261002,14,8,3-6-1,23.7
2026-10-02 11:35:53,20261002,14,8,3-6-2,107.8
2026-10-02 11:35:53,20261002,14,8,3-6-4,61.8
2026-10-02 11:35:53,20261002,14,8,3-6-5,82.0
2026-10-02 11:35:53,20261002,14,8,4-1-2,205.1
2026-10-02 11:35:53,20261002,14,8,4-1-3,152.9
2026-10-02 11:35:53,20261002,14,8,4-1-5,177.0
2026-10-02 11:35:53,20261002,14,8,4-1-6,166.5
2026-10-02 11:35:53,20261002,14,8,4-2-1,285.1
2026-10-02 11:35:53,20261002,14,8,4-2-3,300.3
2026-10-02 11:35:53,20261002,14,8,4-2-5,262.8
2026-10-02 11:35:53,20261002,14,8,4-2-6,168.2
2026-10-02 11:35:53,20261002,14,8,4-3-1,150.1
2026-10-02 11:35:53,20261002,14,8,4-3-2,305.8
2026-10-02 11:35:53,20261002,14,8,4-3-5,300.3
2026-10-02 11:35:53,20261002,14,8,4-3-6,145.0
2026-10-02 11:35:53,20261002,14,8,4-5-1,132.4
2026-10-02 11:35:53,20261002,14,8,4-5-2,400.5
2026-10-02 11:35:53,20261002,14,8,4-5-3,290.0
2026-10-02 11:35:53,20261002,14,8,4-5-6,205.1
2026-10-02 11:35:53,20261002,14,8,4-6-1,262.8
2026-10-02 11:35:53,20261002,14,8,4-6-2,329.8
2026-10-02 11:35:53,20261002,14,8,4-6-3,218.4
2026-10-02 11:35:53,20261002,14,8,4-6-5,454.6
2026-10-02 11:35:53,20261002,14,8,5-1-2,180.8
2026-10-02 11:35:53,20261002,14,8,5-1-3,120.1
2026-10-02 11:35:53,20261002,14,8,5-1-4,169.9
2026-10-02 11:35:53,20261002,14,8,5-1-6,135.6
2026-10-02 11:35:53,20261002,14,8,5-2-1,391.2
2026-10-02 11:35:53,20261002,14,8,5-2-3,218.4
2026-10-02 11:35:53,20261002,14,8,5-2-4,271.3
2026-10-02 11:35:53,20261002,14,8,5-2-6,189.0
2026-10-02 11:35:53,20261002,14,8,5-3-1,142.5
2026-10-02 11:35:53,20261002,14,8,5-3-2,166.5
2026-10-02 11:35:53,20261002,14,8,5-3-4,300.3
2026-10-02 11:35:53,20261002,14,8,5-3-6,200.2
2026-10-02 11:35:53,20261002,14,8,5-4-1,207.6
2026-10-02 11:35:53,20261002,14,8,5-4-2,365.6
2026-10-02 11:35:53,20261002,14,8,5-4-3,410.2
2026-10-02 11:35:53,20261002,14,8,5-4-6,442.6
2026-10-02 11:35:53,20261002,14,8,5-6-1,262.8
2026-10-02 11:35:53,20261002,14,8,5-6-2,254.8
2026-10-02 11:35:53,20261002,14,8,5-6-3,267.0
2026-10-02 11:35:53,20261002,14,8,5-6-4,580.0
2026-10-02 11:35:53,20261002,14,8,6-1-2,103.8
2026-10-02 11:35:53,20261002,14,8,6-1-3,52.0
2026-10-02 11:35:53,20261002,14,8,6-1-4,168.2
2026-10-02 11:35:53,20261002,14,8,6-1-5,343.3
2026-10-02 11:35:53,20261002,14,8,6-2-1,317.3
2026-10-02 11:35:53,20261002,14,8,6-2-3,254.8
2026-10-02 11:35:53,20261002,14,8,6-2-4,275.7
2026-10-02 11:35:53,20261002,14,8,6-2-5,193.3
2026-10-02 11:35:53,20261002,14,8,6-3-1,67.8
2026-10-02 11:35:53,20261002,14,8,6-3-2,215.6
2026-10-02 11:35:53,20261002,14,8,6-3-4,136.7
2026-10-02 11:35:53,20261002,14,8,6-3-5,207.6
2026-10-02 11:35:53,20261002,14,8,6-4-1,251.0
2026-10-02 11:35:53,20261002,14,8,6-4-2,420.5
2026-10-02 11:35:53,20261002,14,8,6-4-3,227.3
2026-10-02 11:35:53,20261002,14,8,6-4-5,480.6
2026-10-02 11:35:53,20261002,14,8,6-5-1,442.6
2026-10-02 11:35:53,20261002,14,8,6-5-2,221.3
2026-10-02 11:35:53,20261002,14,8,6-5-3,365.6
2026-10-02 11:35:53,20261002,14,8,6-5-4,580.0
2026-10-02 11:39:53,20261002,6,2,1-2-3,13.9
2026-10-02 11:39:53,20261002,6,2,1-2-4,39.7
2026-10-02 11:39:53,20261002,6,2,1-2-5,26.8
2026-10-02 11:39:53,20261002,6,2,1-2-6,19.5
2026-10-02 11:39:53,20261002,6,2,1-3-2,29.9
2026-10-02 11:39:53,20261002,6,2,1-3-4,97.1
2026-10-02 11:39:53,20261002,6,2,1-3-5,71.3
2026-10-02 11:39:53,20261002,6,2,1-3-6,52.8
2026-10-02 11:39:53,20261002,6,2,1-4-2,149.1
2026-10-02 11:39:53,20261002,6,2,1-4-3,198.8
2026-10-02 11:39:53,20261002,6,2,1-4-5,170.4
2026-10-02 11:39:53,20261002,6,2,1-4-6,238.6
2026-10-02 11:39:53,20261002,6,2,1-5-2,124.6
2026-10-02 11:39:53,20261002,6,2,1-5-3,109.8
2026-10-02 11:39:53,20261002,6,2,1-5-4,194.2
2026-10-02 11:39:53,20261002,6,2,1-5-6,163.7
2026-10-02 11:39:53,20261002,6,2,1-6-2,53.1
2026-10-02 11:39:53,20261002,6,2,1-6-3,85.2
2026-10-02 11:39:53,20261002,6,2,1-6-4,225.7
2026-10-02 11:39:53,20261002,6,2,1-6-5,208.8
2026-10-02 11:39:53,20261002,6,2,2-1-3,12.4
2026-10-02 11:39:53,20261002,6,2,2-1-4,69.0
2026-10-02 11:39:53,20261002,6,2,2-1-5,32.3
2026-10-02 11:39:53,20261002,6,2,2-1-6,14.5
2026-10-02 11:39:53,20261002,6,2,2-3-1,16.7
2026-10-02 11:39:53,20261002,6,2,2-3-4,55.6
2026-10-02 11:39:53,20261002,6,2,2-3-5,35.8
2026-10-02 11:39:53,20261002,6,2,2-3-6,12.3
2026-10-02 11:39:53,20261002,6,2,2-4-1,185.6
2026-10-02 11:39:53,20261002,6,2,2-4-3,124.6
2026-10-02 11:39:53,20261002,6,2,2-4-5,185.6
2026-10-02 11:39:53,20261002,6,2,2-4-6,90.7
2026-10-02 11:39:53,20261002,6,2,2-5-1,117.6
2026-10-02 11:39:53,20261002,6,2,2-5-3,78.7
2026-10-02 11:39:53,20261002,6,2,2-5-4,189.8
2026-10-02 11:39:53,20261002,6,2,2-5-6,69.6
2026-10-02 11:39:53,20261002,6,2,2-6-1,36.0
2026-10-02 11:39:53,20261002,6,2,2-6-3,24.9
2026-10-02 11:39:53,20261002,6,2,2-6-4,104.4
2026-10-02 11:39:53,20261002,6,2,2-6-5,69.6
2026-10-02 11:39:53,20261002,6,2,3-1-2,45.8
2026-10-02 11:39:53,20261002,6,2,3-1-4,103.1
2026-10-02 11:39:53,20261002,6,2,3-1-5,81.8
2026-10-02 11:39:53,20261002,6,2,3-1-6,81.0
2026-10-02 11:39:53,20261002,6,2,3-2-1,40.9
2026-10-02 11:39:53,20261002,6,2,3-2-4,58.4
2026-10-02 11:39:53,20261002,6,2,3-2-5,68.4
2026-10-02 11:39:53,20261002,6,2,3-2-6,30.9
2026-10-02 11:39:53,20261002,6,2,3-4-1,298.2
2026-10-02 11:39:53,20261002,6,2,3-4-2,214.1
2026-10-02 11:39:53,20261002,6,2,3-4-5,321.2
2026-10-02 11:39:53,20261002,6,2,3-4-6,203.7
2026-10-02 11:39:53,20261002,6,2,3-5-1,181.5
2026-10-02 11:39:53,20261002,6,2,3-5-2,160.6
2026-10-02 11:39:53,20261002,6,2,3-5-4,348.0
2026-10-02 11:39:53,20261002,6,2,3-5-6,203.7
2026-10-02 11:39:53,20261002,6,2,3-6-1,149.1
2026-10-02 11:39:53,20261002,6,2,3-6-2,64.2
2026-10-02 11:39:53,20261002,6,2,3-6-4,269.4
2026-10-02 11:39:53,20261002,6,2,3-6-5,214.1
2026-10-02 11:39:53,20261002,6,2,4-1-2,596.5
2026-10-02 11:39:53,20261002,6,2,4-1-3,491.2
2026-10-02 11:39:53,20261002,6,2,4-1-5,278.4
2026-10-02 11:39:53,20261002,6,2,4-1-6,321.2
2026-10-02 11:39:53,20261002,6,2,4-2-1,439.5
2026-10-02 11:39:53,20261002,6,2,4-2-3,144.0
2026-10-02 11:39:53,20261002,6,2,4-2-5,334.0
2026-10-02 11:39:53,20261002,6,2,4-2-6,245.6
2026-10-02 11:39:53,20261002,6,2,4-3-1,225.7
2026-10-02 11:39:53,20261002,6,2,4-3-2,170.4
2026-10-02 11:39:53,20261002,6,2,4-3-5,334.0
2026-10-02 11:39:53,20261002,6,2,4-3-6,379.6
2026-10-02 11:39:53,20261002,6,2,4-5-1,269.4
2026-10-02 11:39:53,20261002,6,2,4-5-2,321.2
2026-10-02 11:39:53,20261002,6,2,4-5-3,642.4
2026-10-02 11:39:53,20261002,6,2,4-5-6,835.2
2026-10-02 11:39:53,20261002,6,2,4-6-1,642.4
2026-10-02 11:39:53,20261002,6,2,4-6-2,348.0
2026-10-02 11:39:53,20261002,6,2,4-6-3,464.0
2026-10-02 11:39:53,20261002,6,2,4-6-5,1392.0
2026-10-02 11:39:53,20261002,6,2,5-1-2,232.0
2026-10-02 11:39:53,20261002,6,2,5-1-3,194.2
2026-10-02 11:39:53,20261002,6,2,5-1-4,363.1
2026-10-02 11:39:53,20261002,6,2,5-1-6,214.1
2026-10-02 11:39:53,20261002,6,2,5-2-1,238.6
2026-10-02 11:39:53,20261002,6,2,5-2-3,167.0
2026-10-02 11:39:53,20261002,6,2,5-2-4,203.7
2026-10-02 11:39:53,20261002,6,2,5-2-6,141.5
2026-10-02 11:39:53,20261002,6,2,5-3-1,174.0
2026-10-02 11:39:53,20261002,6,2,5-3-2,321.2
2026-10-02 11:39:53,20261002,6,2,5-3-4,321.2
2026-10-02 11:39:53,20261002,6,2,5-3-6,288.0
2026-10-02 11:39:53,20261002,6,2,5-4-1,379.6
2026-10-02 11:39:53,20261002,6,2,5-4-2,417.6
2026-10-02 11:39:53,20261002,6,2,5-4-3,642.4
2026-10-02 11:39:53,20261002,6,2,5-4-6,642.4
2026-10-02 11:39:53,20261002,6,2,5-6-1,464.0
2026-10-02 11:39:53,20261002,6,2,5-6-2,269.4
2026-10-02 11:39:53,20261002,6,2,5-6-3,245.6
2026-10-02 11:39:53,20261002,6,2,5-6-4,696.0
2026-10-02 11:39:53,20261002,6,2,6-1-2,68.4
2026-10-02 11:39:53,20261002,6,2,6-1-3,208.8
2026-10-02 11:39:53,20261002,6,2,6-1-4,491.2
2026-10-02 11:39:53,20261002,6,2,6-1-5,417.6
2026-10-02 11:39:53,20261002,6,2,6-2-1,78.7
2026-10-02 11:39:53,20261002,6,2,6-2-3,77.3
2026-10-02 11:39:53,20261002,6,2,6-2-4,278.4
2026-10-02 11:39:53,20261002,6,2,6-2-5,185.6
2026-10-02 11:39:53,20261002,6,2,6-3-1,203.7
2026-10-02 11:39:53,20261002,6,2,6-3-2,100.6
2026-10-02 11:39:53,20261002,6,2,6-3-4,397.7
2026-10-02 11:39:53,20261002,6,2,6-3-5,321.2
2026-10-02 11:39:53,20261002,6,2,6-4-1,696.0
2026-10-02 11:39:53,20261002,6,2,6-4-2,397.7
2026-10-02 11:39:53,20261002,6,2,6-4-3,596.5
2026-10-02 11:39:53,20261002,6,2,6-4-5,1044.0
2026-10-02 11:39:53,20261002,6,2,6-5-1,522.0
2026-10-02 11:39:53,20261002,6,2,6-5-2,269.4
2026-10-02 11:39:53,20261002,6,2,6-5-3,642.4
2026-10-02 11:39:53,20261002,6,2,6-5-4,835.2
2026-10-02 11:44:59,20261002,4,3,1-2-3,46.9
2026-10-02 11:44:59,20261002,4,3,1-2-4,100.6
2026-10-02 11:44:59,20261002,4,3,1-2-5,77.5
2026-10-02 11:44:59,20261002,4,3,1-2-6,81.3
2026-10-02 11:44:59,20261002,4,3,1-3-2,44.5
2026-10-02 11:44:59,20261002,4,3,1-3-4,72.9
2026-10-02 11:44:59,20261002,4,3,1-3-5,43.0
2026-10-02 11:44:59,20261002,4,3,1-3-6,50.8
2026-10-02 11:44:59,20261002,4,3,1-4-2,147.5
2026-10-02 11:44:59,20261002,4,3,1-4-3,102.7
2026-10-02 11:44:59,20261002,4,3,1-4-5,125.3
2026-10-02 11:44:59,20261002,4,3,1-4-6,120.7
2026-10-02 11:44:59,20261002,4,3,1-5-2,101.1
2026-10-02 11:44:59,20261002,4,3,1-5-3,60.7
2026-10-02 11:44:59,20261002,4,3,1-5-4,127.7
2026-10-02 11:44:59,20261002,4,3,1-5-6,59.3
2026-10-02 11:44:59,20261002,4,3,1-6-2,147.5
2026-10-02 11:44:59,20261002,4,3,1-6-3,98.6
2026-10-02 11:44:59,20261002,4,3,1-6-4,191.5
2026-10-02 11:44:59,20261002,4,3,1-6-5,79.3
2026-10-02 11:44:59,20261002,4,3,2-1-3,110.6
2026-10-02 11:44:59,20261002,4,3,2-1-4,134.6
2026-10-02 11:44:59,20261002,4,3,2-1-5,110.6
2026-10-02 11:44:59,20261002,4,3,2-1-6,94.8
2026-10-02 11:44:59,20261002,4,3,2-3-1,107.1
2026-10-02 11:44:59,20261002,4,3,2-3-4,126.9
2026-10-02 11:44:59,20261002,4,3,2-3-5,39.9
2026-10-02 11:44:59,20261002,4,3,2-3-6,45.4
2026-10-02 11:44:59,20261002,4,3,2-4-1,223.8
2026-10-02 11:44:59,20261002,4,3,2-4-3,214.2
2026-10-02 11:44:59,20261002,4,3,2-4-5,173.2
2026-10-02 11:44:59,20261002,4,3,2-4-6,170.3
2026-10-02 11:44:59,20261002,4,3,2-5-1,124.5
2026-10-02 11:44:59,20261002,4,3,2-5-3,52.9
2026-10-02 11:44:59,20261002,4,3,2-5-4,155.6
2026-10-02 11:44:59,20261002,4,3,2-5-6,48.8
2026-10-02 11:44:59,20261002,4,3,2-6-1,133.7
2026-10-02 11:44:59,20261002,4,3,2-6-3,65.9
2026-10-02 11:44:59,20261002,4,3,2-6-4,156.8
2026-10-02 11:44:59,20261002,4,3,2-6-5,61.4
2026-10-02 11:44:59,20261002,4,3,3-1-2,126.1
2026-10-02 11:44:59,20261002,4,3,3-1-4,117.2
2026-10-02 11:44:59,20261002,4,3,3-1-5,61.1
2026-10-02 11:44:59,20261002,4,3,3-1-6,84.0
2026-10-02 11:44:59,20261002,4,3,3-2-1,87.0
2026-10-02 11:44:59,20261002,4,3,3-2-4,68.7
2026-10-02 11:44:59,20261002,4,3,3-2-5,28.0
2026-10-02 11:44:59,20261002,4,3,3-2-6,32.9
2026-10-02 11:44:59,20261002,4,3,3-4-1,131.0
2026-10-02 11:44:59,20261002,4,3,3-4-2,124.5
2026-10-02 11:44:59,20261002,4,3,3-4-5,68.4
2026-10-02 11:44:59,20261002,4,3,3-4-6,100.6
2026-10-02 11:44:59,20261002,4,3,3-5-1,64.4
2026-10-02 11:44:59,20261002,4,3,3-5-2,32.9
2026-10-02 11:44:59,20261002,4,3,3-5-4,60.5
2026-10-02 11:44:59,20261002,4,3,3-5-6,22.7
2026-10-02 11:44:59,20261002,4,3,3-6-1,84.4
2026-10-02 11:44:59,20261002,4,3,3-6-2,46.5
2026-10-02 11:44:59,20261002,4,3,3-6-4,96.7
2026-10-02 11:44:59,20261002,4,3,3-6-5,27.7
2026-10-02 11:44:59,20261002,4,3,4-1-2,182.8
2026-10-02 11:44:59,20261002,4,3,4-1-3,155.6
2026-10-02 11:44:59,20261002,4,3,4-1-5,135.5
2026-10-02 11:44:59,20261002,4,3,4-1-6,166.0
2026-10-02 11:44:59,20261002,4,3,4-2-1,297.3
2026-10-02 11:44:59,20261002,4,3,4-2-3,293.0
2026-10-02 11:44:59,20261002,4,3,4-2-5,179.5
2026-10-02 11:44:59,20261002,4,3,4-2-6,153.2
2026-10-02 11:44:59,20261002,4,3,4-3-1,166.0
2026-10-02 11:44:59,20261002,4,3,4-3-2,276.7
2026-10-02 11:44:59,20261002,4,3,4-3-5,131.9
2026-10-02 11:44:59,20261002,4,3,4-3-6,181.1
2026-10-02 11:44:59,20261002,4,3,4-5-1,195.3
2026-10-02 11:44:59,20261002,4,3,4-5-2,197.2
2026-10-02 11:44:59,20261002,4,3,4-5-3,125.3
2026-10-02 11:44:59,20261002,4,3,4-5-6,94.4
2026-10-02 11:44:59,20261002,4,3,4-6-1,221.3
2026-10-02 11:44:59,20261002,4,3,4-6-2,193.4
2026-10-02 11:44:59,20261002,4,3,4-6-3,176.3
2026-10-02 11:44:59,20261002,4,3,4-6-5,127.7
2026-10-02 11:44:59,20261002,4,3,5-1-2,168.8
2026-10-02 11:44:59,20261002,4,3,5-1-3,94.8
2026-10-02 11:44:59,20261002,4,3,5-1-4,122.2
2026-10-02 11:44:59,20261002,4,3,5-1-6,76.3
2026-10-02 11:44:59,20261002,4,3,5-2-1,179.5
2026-10-02 11:44:59,20261002,4,3,5-2-3,74.9
2026-10-02 11:44:59,20261002,4,3,5-2-4,186.2
2026-10-02 11:44:59,20261002,4,3,5-2-6,56.1
2026-10-02 11:44:59,20261002,4,3,5-3-1,108.8
2026-10-02 11:44:59,20261002,4,3,5-3-2,72.4
2026-10-02 11:44:59,20261002,4,3,5-3-4,106.5
2026-10-02 11:44:59,20261002,4,3,5-3-6,45.5
2026-10-02 11:44:59,20261002,4,3,5-4-1,269.2
2026-10-02 11:44:59,20261002,4,3,5-4-2,272.9
2026-10-02 11:44:59,20261002,4,3,5-4-3,136.4
2026-10-02 11:44:59,20261002,4,3,5-4-6,100.1
2026-10-02 11:44:59,20261002,4,3,5-6-1,76.3
2026-10-02 11:44:59,20261002,4,3,5-6-2,65.9
2026-10-02 11:44:59,20261002,4,3,5-6-3,34.4
2026-10-02 11:44:59,20261002,4,3,5-6-4,95.3
2026-10-02 11:44:59,20261002,4,3,6-1-2,149.8
2026-10-02 11:44:59,20261002,4,3,6-1-3,152.1
2026-10-02 11:44:59,20261002,4,3,6-1-4,265.6
2026-10-02 11:44:59,20261002,4,3,6-1-5,117.2
2026-10-02 11:44:59,20261002,4,3,6-2-1,182.8
2026-10-02 11:44:59,20261002,4,3,6-2-3,101.1
2026-10-02 11:44:59,20261002,4,3,6-2-4,252.2
2026-10-02 11:44:59,20261002,4,3,6-2-5,91.8
2026-10-02 11:44:59,20261002,4,3,6-3-1,160.6
2026-10-02 11:44:59,20261002,4,3,6-3-2,100.1
2026-10-02 11:44:59,20261002,4,3,6-3-4,209.7
2026-10-02 11:44:59,20261002,4,3,6-3-5,64.2
2026-10-02 11:44:59,20261002,4,3,6-4-1,433.1
2026-10-02 11:44:59,20261002,4,3,6-4-2,383.1
2026-10-02 11:44:59,20261002,4,3,6-4-3,258.7
2026-10-02 11:44:59,20261002,4,3,6-4-5,179.5
2026-10-02 11:44:59,20261002,4,3,6-5-1,109.4
2026-10-02 11:44:59,20261002,4,3,6-5-2,84.0
2026-10-02 11:44:59,20261002,4,3,6-5-3,63.4
2026-10-02 11:44:59,20261002,4,3,6-5-4,135.5
2026-10-02 11:45:11,20261002,9,4,1-2-3,40.5
2026-10-02 11:45:11,20261002,9,4,1-2-4,103.2
2026-10-02 11:45:11,20261002,9,4,1-2-5,78.1
2026-10-02 11:45:11,20261002,9,4,1-2-6,46.3
2026-10-02 11:45:11,20261002,9,4,1-3-2,48.8
2026-10-02 11:45:11,20261002,9,4,1-3-4,107.3
2026-10-02 11:45:11,20261002,9,4,1-3-5,79.3
2026-10-02 11:45:11,20261002,9,4,1-3-6,165.8
2026-10-02 11:45:11,20261002,9,4,1-4-2,105.2
2026-10-02 11:45:11,20261002,9,4,1-4-3,118.9
2026-10-02 11:45:11,20261002,9,4,1-4-5,304.0
2026-10-02 11:45:11,20261002,9,4,1-4-6,171.0
2026-10-02 11:45:11,20261002,9,4,1-5-2,80.4
2026-10-02 11:45:11,20261002,9,4,1-5-3,92.7
2026-10-02 11:45:11,20261002,9,4,1-5-4,165.8
2026-10-02 11:45:11,20261002,9,4,1-5-6,321.9
2026-10-02 11:45:11,20261002,9,4,1-6-2,165.8
2026-10-02 11:45:11,20261002,9,4,1-6-3,202.6
2026-10-02 11:45:11,20261002,9,4,1-6-4,210.4
2026-10-02 11:45:11,20261002,9,4,1-6-5,364.8
2026-10-02 11:45:11,20261002,9,4,2-1-3,66.7
2026-10-02 11:45:11,20261002,9,4,2-1-4,73.9
2026-10-02 11:45:11,20261002,9,4,2-1-5,94.3
2026-10-02 11:45:11,20261002,9,4,2-1-6,99.5
2026-10-02 11:45:11,20261002,9,4,2-3-1,35.3
2026-10-02 11:45:11,20261002,9,4,2-3-4,40.8
2026-10-02 11:45:11,20261002,9,4,2-3-5,14.2
2026-10-02 11:45:11,20261002,9,4,2-3-6,28.3
2026-10-02 11:45:11,20261002,9,4,2-4-1,248.7
2026-10-02 11:45:11,20261002,9,4,2-4-3,118.9
2026-10-02 11:45:11,20261002,9,4,2-4-5,107.3
2026-10-02 11:45:11,20261002,9,4,2-4-6,97.7
2026-10-02 11:45:11,20261002,9,4,2-5-1,92.7
2026-10-02 11:45:11,20261002,9,4,2-5-3,24.6
2026-10-02 11:45:11,20261002,9,4,2-5-4,97.7
2026-10-02 11:45:11,20261002,9,4,2-5-6,24.5
2026-10-02 11:45:11,20261002,9,4,2-6-1,133.4
2026-10-02 11:45:11,20261002,9,4,2-6-3,88.2
2026-10-02 11:45:11,20261002,9,4,2-6-4,101.3
2026-10-02 11:45:11,20261002,9,4,2-6-5,64.3
2026-10-02 11:45:11,20261002,9,4,3-1-2,118.9
2026-10-02 11:45:11,20261002,9,4,3-1-4,62.1
2026-10-02 11:45:11,20261002,9,4,3-1-5,56.4
2026-10-02 11:45:11,20261002,9,4,3-1-6,133.4
2026-10-02 11:45:11,20261002,9,4,3-2-1,53.6
2026-10-02 11:45:11,20261002,9,4,3-2-4,46.7
2026-10-02 11:45:11,20261002,9,4,3-2-5,16.6
2026-10-02 11:45:11,20261002,9,4,3-2-6,33.9
2026-10-02 11:45:11,20261002,9,4,3-4-1,124.3
2026-10-02 11:45:11,20261002,9,4,3-4-2,88.2
2026-10-02 11:45:11,20261002,9,4,3-4-5,101.3
2026-10-02 11:45:11,20261002,9,4,3-4-6,103.2
2026-10-02 11:45:11,20261002,9,4,3-5-1,96.0
2026-10-02 11:45:11,20261002,9,4,3-5-2,23.3
2026-10-02 11:45:11,20261002,9,4,3-5-4,70.1
2026-10-02 11:45:11,20261002,9,4,3-5-6,31.8
2026-10-02 11:45:11,20261002,9,4,3-6-1,152.0
2026-10-02 11:45:11,20261002,9,4,3-6-2,69.2
2026-10-02 11:45:11,20261002,9,4,3-6-4,111.6
2026-10-02 11:45:11,20261002,9,4,3-6-5,51.6
2026-10-02 11:45:11,20261002,9,4,4-1-2,288.0
2026-10-02 11:45:11,20261002,9,4,4-1-3,273.6
2026-10-02 11:45:11,20261002,9,4,4-1-5,288.0
2026-10-02 11:45:11,20261002,9,4,4-1-6,273.6
2026-10-02 11:45:11,20261002,9,4,4-2-1,86.8
2026-10-02 11:45:11,20261002,9,4,4-2-3,210.4
2026-10-02 11:45:11,20261002,9,4,4-2-5,160.9
2026-10-02 11:45:11,20261002,9,4,4-2-6,156.3
2026-10-02 11:45:11,20261002,9,4,4-3-1,248.7
2026-10-02 11:45:11,20261002,9,4,4-3-2,288.0
2026-10-02 11:45:11,20261002,9,4,4-3-5,165.8
2026-10-02 11:45:11,20261002,9,4,4-3-6,165.8
2026-10-02 11:45:11,20261002,9,4,4-5-1,218.9
2026-10-02 11:45:11,20261002,9,4,4-5-2,160.9
2026-10-02 11:45:11,20261002,9,4,4-5-3,195.4
2026-10-02 11:45:11,20261002,9,4,4-5-6,237.9
2026-10-02 11:45:11,20261002,9,4,4-6-1,288.0
2026-10-02 11:45:11,20261002,9,4,4-6-2,273.6
2026-10-02 11:45:11,20261002,9,4,4-6-3,228.0
2026-10-02 11:45:11,20261002,9,4,4-6-5,456.0
2026-10-02 11:45:11,20261002,9,4,5-1-2,218.9
2026-10-02 11:45:11,20261002,9,4,5-1-3,97.7
2026-10-02 11:45:11,20261002,9,4,5-1-4,188.7
2026-10-02 11:45:11,20261002,9,4,5-1-6,273.6
2026-10-02 11:45:11,20261002,9,4,5-2-1,273.6
2026-10-02 11:45:11,20261002,9,4,5-2-3,40.2
2026-10-02 11:45:11,20261002,9,4,5-2-4,109.4
2026-10-02 11:45:11,20261002,9,4,5-2-6,53.6
2026-10-02 11:45:11,20261002,9,4,5-3-1,121.6
2026-10-02 11:45:11,20261002,9,4,5-3-2,40.8
2026-10-02 11:45:11,20261002,9,4,5-3-4,160.9
2026-10-02 11:45:11,20261002,9,4,5-3-6,60.1
2026-10-02 11:45:11,20261002,9,4,5-4-1,237.9
2026-10-02 11:45:11,20261002,9,4,5-4-2,202.6
2026-10-02 11:45:11,20261002,9,4,5-4-3,182.4
2026-10-02 11:45:11,20261002,9,4,5-4-6,160.9
2026-10-02 11:45:11,20261002,9,4,5-6-1,321.9
2026-10-02 11:45:11,20261002,9,4,5-6-2,46.3
2026-10-02 11:45:11,20261002,9,4,5-6-3,64.3
2026-10-02 11:45:11,20261002,9,4,5-6-4,160.9
2026-10-02 11:45:11,20261002,9,4,6-1-2,105.2
2026-10-02 11:45:11,20261002,9,4,6-1-3,364.8
2026-10-02 11:45:11,20261002,9,4,6-1-4,288.0
2026-10-02 11:45:11,20261002,9,4,6-1-5,608.0
2026-10-02 11:45:11,20261002,9,4,6-2-1,171.0
2026-10-02 11:45:11,20261002,9,4,6-2-3,160.9
2026-10-02 11:45:11,20261002,9,4,6-2-4,288.0
2026-10-02 11:45:11,20261002,9,4,6-2-5,176.5
2026-10-02 11:45:11,20261002,9,4,6-3-1,497.5
2026-10-02 11:45:11,20261002,9,4,6-3-2,133.4
2026-10-02 11:45:11,20261002,9,4,6-3-4,195.4
2026-10-02 11:45:11,20261002,9,4,6-3-5,147.9
2026-10-02 11:45:11,20261002,9,4,6-4-1,420.9
2026-10-02 11:45:11,20261002,9,4,6-4-2,547.2
2026-10-02 11:45:11,20261002,9,4,6-4-3,195.4
2026-10-02 11:45:11,20261002,9,4,6-4-5,497.5
2026-10-02 11:45:11,20261002,9,4,6-5-1,420.9
2026-10-02 11:45:11,20261002,9,4,6-5-2,160.9
2026-10-02 11:45:11,20261002,9,4,6-5-3,202.6
2026-10-02 11:45:11,20261002,9,4,6-5-4,497.5
2026-10-02 11:50:49,20261002,13,4,1-2-3,12.3
2026-10-02 11:50:49,20261002,13,4,1-2-4,39.2
2026-10-02 11:50:49,20261002,13,4,1-2-5,10.3
2026-10-02 11:50:49,20261002,13,4,1-2-6,87.6
2026-10-02 11:50:49,20261002,13,4,1-3-2,28.3
2026-10-02 11:50:49,20261002,13,4,1-3-4,94.7
2026-10-02 11:50:49,20261002,13,4,1-3-5,31.8
2026-10-02 11:50:49,20261002,13,4,1-3-6,235.4
2026-10-02 11:50:49,20261002,13,4,1-4-2,114.4
2026-10-02 11:50:49,20261002,13,4,1-4-3,142.0
2026-10-02 11:50:49,20261002,13,4,1-4-5,191.6
2026-10-02 11:50:49,20261002,13,4,1-4-6,374.6
2026-10-02 11:50:49,20261002,13,4,1-5-2,16.5
2026-10-02 11:50:49,20261002,13,4,1-5-3,31.6
2026-10-02 11:50:49,20261002,13,4,1-5-4,132.9
2026-10-02 11:50:49,20261002,13,4,1-5-6,191.6
2026-10-02 11:50:49,20261002,13,4,1-6-2,179.1
2026-10-02 11:50:49,20261002,13,4,1-6-3,179.1
2026-10-02 11:50:49,20261002,13,4,1-6-4,305.2
2026-10-02 11:50:49,20261002,13,4,1-6-5,374.6
2026-10-02 11:50:49,20261002,13,4,2-1-3,16.0
2026-10-02 11:50:49,20261002,13,4,2-1-4,59.2
2026-10-02 11:50:49,20261002,13,4,2-1-5,9.3
2026-10-02 11:50:49,20261002,13,4,2-1-6,139.6
2026-10-02 11:50:49,20261002,13,4,2-3-1,28.3
2026-10-02 11:50:49,20261002,13,4,2-3-4,94.7
2026-10-02 11:50:49,20261002,13,4,2-3-5,23.8
2026-10-02 11:50:49,20261002,13,4,2-3-6,284.1
2026-10-02 11:50:49,20261002,13,4,2-4-1,284.1
2026-10-02 11:50:49,20261002,13,4,2-4-3,155.5
2026-10-02 11:50:49,20261002,13,4,2-4-5,142.0
2026-10-02 11:50:49,20261002,13,4,2-4-6,392.4
2026-10-02 11:50:49,20261002,13,4,2-5-1,14.5
2026-10-02 11:50:49,20261002,13,4,2-5-3,23.7
2026-10-02 11:50:49,20261002,13,4,2-5-4,96.9
2026-10-02 11:50:49,20261002,13,4,2-5-6,112.9
2026-10-02 11:50:49,20261002,13,4,2-6-1,358.3
2026-10-02 11:50:49,20261002,13,4,2-6-3,206.0
2026-10-02 11:50:49,20261002,13,4,2-6-4,316.9
2026-10-02 11:50:49,20261002,13,4,2-6-5,187.3
2026-10-02 11:50:49,20261002,13,4,3-1-2,62.9
2026-10-02 11:50:49,20261002,13,4,3-1-4,142.0
2026-10-02 11:50:49,20261002,13,4,3-1-5,60.6
2026-10-02 11:50:49,20261002,13,4,3-1-6,316.9
2026-10-02 11:50:49,20261002,13,4,3-2-1,60.6
2026-10-02 11:50:49,20261002,13,4,3-2-4,158.4
2026-10-02 11:50:49,20261002,13,4,3-2-5,58.4
2026-10-02 11:50:49,20261002,13,4,3-2-6,228.9
2026-10-02 11:50:49,20261002,13,4,3-4-1,265.8
2026-10-02 11:50:49,20261002,13,4,3-4-2,257.5
2026-10-02 11:50:49,20261002,13,4,3-4-5,392.4
2026-10-02 11:50:49,20261002,13,4,3-4-6,265.8
2026-10-02 11:50:49,20261002,13,4,3-5-1,83.2
2026-10-02 11:50:49,20261002,13,4,3-5-2,54.9
2026-10-02 11:50:49,20261002,13,4,3-5-4,187.3
2026-10-02 11:50:49,20261002,13,4,3-5-6,284.1
2026-10-02 11:50:49,20261002,13,4,3-6-1,484.8
2026-10-02 11:50:49,20261002,13,4,3-6-2,374.6
2026-10-02 11:50:49,20261002,13,4,3-6-4,824.1
2026-10-02 11:50:49,20261002,13,4,3-6-5,412.0
2026-10-02 11:50:49,20261002,13,4,4-1-2,175.3
2026-10-02 11:50:49,20261002,13,4,4-1-3,358.3
2026-10-02 11:50:49,20261002,13,4,4-1-5,201.0
2026-10-02 11:50:49,20261002,13,4,4-1-6,358.3
2026-10-02 11:50:49,20261002,13,4,4-2-1,235.4
2026-10-02 11:50:49,20261002,13,4,4-2-3,284.1
2026-10-02 11:50:49,20261002,13,4,4-2-5,305.2
2026-10-02 11:50:49,20261002,13,4,4-2-6,433.7
2026-10-02 11:50:49,20261002,13,4,4-3-1,274.7
2026-10-02 11:50:49,20261002,13,4,4-3-2,549.4
2026-10-02 11:50:49,20261002,13,4,4-3-5,457.8
2026-10-02 11:50:49,20261002,13,4,4-3-6,588.6
2026-10-02 11:50:49,20261002,13,4,4-5-1,216.8
2026-10-02 11:50:49,20261002,13,4,4-5-2,284.1
2026-10-02 11:50:49,20261002,13,4,4-5-3,329.6
2026-10-02 11:50:49,20261002,13,4,4-5-6,588.6
2026-10-02 11:50:49,20261002,13,4,4-6-1,633.9
2026-10-02 11:50:49,20261002,13,4,4-6-2,1030.0
2026-10-02 11:50:49,20261002,13,4,4-6-3,915.7
2026-10-02 11:50:49,20261002,13,4,4-6-5,915.7
2026-10-02 11:50:49,20261002,13,4,5-1-2,29.2
2026-10-02 11:50:49,20261002,13,4,5-1-3,59.2
2026-10-02 11:50:49,20261002,13,4,5-1-4,171.7
2026-10-02 11:50:49,20261002,13,4,5-1-6,187.3
2026-10-02 11:50:49,20261002,13,4,5-2-1,23.2
2026-10-02 11:50:49,20261002,13,4,5-2-3,40.4
2026-10-02 11:50:49,20261002,13,4,5-2-4,135.1
2026-10-02 11:50:49,20261002,13,4,5-2-6,128.7
2026-10-02 11:50:49,20261002,13,4,5-3-1,99.2
2026-10-02 11:50:49,20261002,13,4,5-3-2,71.0
2026-10-02 11:50:49,20261002,13,4,5-3-4,316.9
2026-10-02 11:50:49,20261002,13,4,5-3-6,484.8
2026-10-02 11:50:49,20261002,13,4,5-4-1,274.7
2026-10-02 11:50:49,20261002,13,4,5-4-2,294.3
2026-10-02 11:50:49,20261002,13,4,5-4-3,392.4
2026-10-02 11:50:49,20261002,13,4,5-4-6,294.3
2026-10-02 11:50:49,20261002,13,4,5-6-1,515.1
2026-10-02 11:50:49,20261002,13,4,5-6-2,374.6
2026-10-02 11:50:49,20261002,13,4,5-6-3,343.4
2026-10-02 11:50:49,20261002,13,4,5-6-4,686.8
2026-10-02 11:50:49,20261002,13,4,6-1-2,152.6
2026-10-02 11:50:49,20261002,13,4,6-1-3,633.9
2026-10-02 11:50:49,20261002,13,4,6-1-4,633.9
2026-10-02 11:50:49,20261002,13,4,6-1-5,588.6
2026-10-02 11:50:49,20261002,13,4,6-2-1,249.7
2026-10-02 11:50:49,20261002,13,4,6-2-3,343.4
2026-10-02 11:50:49,20261002,13,4,6-2-4,549.4
2026-10-02 11:50:49,20261002,13,4,6-2-5,392.4
2026-10-02 11:50:49,20261002,13,4,6-3-1,1177.0
2026-10-02 11:50:49,20261002,13,4,6-3-2,686.8
2026-10-02 11:50:49,20261002,13,4,6-3-4,1177.0
2026-10-02 11:50:49,20261002,13,4,6-3-5,1030.0
2026-10-02 11:50:49,20261002,13,4,6-4-1,1177.0
2026-10-02 11:50:49,20261002,13,4,6-4-2,433.7
2026-10-02 11:50:49,20261002,13,4,6-4-3,2060.0
2026-10-02 11:50:49,20261002,13,4,6-4-5,1373.0
2026-10-02 11:50:49,20261002,13,4,6-5-1,686.8
2026-10-02 11:50:49,20261002,13,4,6-5-2,484.8
2026-10-02 11:50:49,20261002,13,4,6-5-3,235.4
2026-10-02 11:50:49,20261002,13,4,6-5-4,1030.0
2026-10-02 11:52:11,20261002,23,8,1-2-3,42.6
2026-10-02 11:52:11,20261002,23,8,1-2-4,39.5
2026-10-02 11:52:11,20261002,23,8,1-2-5,105.4
2026-10-02 11:52:11,20261002,23,8,1-2-6,121.1
2026-10-02 11:52:11,20261002,23,8,1-3-2,42.8
2026-10-02 11:52:11,20261002,23,8,1-3-4,34.7
2026-10-02 11:52:11,20261002,23,8,1-3-5,76.4
2026-10-02 11:52:11,20261002,23,8,1-3-6,214.8
2026-10-02 11:52:11,20261002,23,8,1-4-2,22.3
2026-10-02 11:52:11,20261002,23,8,1-4-3,20.2
2026-10-02 11:52:11,20261002,23,8,1-4-5,70.7
2026-10-02 11:52:11,20261002,23,8,1-4-6,97.3
2026-10-02 11:52:11,20261002,23,8,1-5-2,147.8
2026-10-02 11:52:11,20261002,23,8,1-5-3,140.5
2026-10-02 11:52:11,20261002,23,8,1-5-4,165.0
2026-10-02 11:52:11,20261002,23,8,1-5-6,334.9
2026-10-02 11:52:11,20261002,23,8,1-6-2,180.7
2026-10-02 11:52:11,20261002,23,8,1-6-3,421.7
2026-10-02 11:52:11,20261002,23,8,1-6-4,144.1
2026-10-02 11:52:11,20261002,23,8,1-6-5,517.6
2026-10-02 11:52:11,20261002,23,8,2-1-3,62.2
2026-10-02 11:52:11,20261002,23,8,2-1-4,39.9
2026-10-02 11:52:11,20261002,23,8,2-1-5,106.4
2026-10-02 11:52:11,20261002,23,8,2-1-6,160.3
2026-10-02 11:52:11,20261002,23,8,2-3-1,122.4
2026-10-02 11:52:11,20261002,23,8,2-3-4,51.7
2026-10-02 11:52:11,20261002,23,8,2-3-5,158.1
2026-10-02 11:52:11,20261002,23,8,2-3-6,193.0
2026-10-02 11:52:11,20261002,23,8,2-4-1,43.7
2026-10-02 11:52:11,20261002,23,8,2-4-3,44.4
2026-10-02 11:52:11,20261002,23,8,2-4-5,91.0
2026-10-02 11:52:11,20261002,23,8,2-4-6,86.9
2026-10-02 11:52:11,20261002,23,8,2-5-1,232.3
2026-10-02 11:52:11,20261002,23,8,2-5-3,307.7
2026-10-02 11:52:11,20261002,23,8,2-5-4,227.7
2026-10-02 11:52:11,20261002,23,8,2-5-6,437.9
2026-10-02 11:52:11,20261002,23,8,2-6-1,406.6
2026-10-02 11:52:11,20261002,23,8,2-6-3,284.6
2026-10-02 11:52:11,20261002,23,8,2-6-4,227.7
2026-10-02 11:52:11,20261002,23,8,2-6-5,299.6
2026-10-02 11:52:11,20261002,23,8,3-1-2,88.9
2026-10-02 11:52:11,20261002,23,8,3-1-4,44.6
2026-10-02 11:52:11,20261002,23,8,3-1-5,123.7
2026-10-02 11:52:11,20261002,23,8,3-1-6,223.2
2026-10-02 11:52:11,20261002,23,8,3-2-1,138.8
2026-10-02 11:52:11,20261002,23,8,3-2-4,53.4
2026-10-02 11:52:11,20261002,23,8,3-2-5,155.9
2026-10-02 11:52:11,20261002,23,8,3-2-6,144.1
2026-10-02 11:52:11,20261002,23,8,3-4-1,35.8
2026-10-02 11:52:11,20261002,23,8,3-4-2,34.4
2026-10-02 11:52:11,20261002,23,8,3-4-5,108.4
2026-10-02 11:52:11,20261002,23,8,3-4-6,46.8
2026-10-02 11:52:11,20261002,23,8,3-5-1,189.7
2026-10-02 11:52:11,20261002,23,8,3-5-2,196.3
2026-10-02 11:52:11,20261002,23,8,3-5-4,218.9
2026-10-02 11:52:11,20261002,23,8,3-5-6,367.3
2026-10-02 11:52:11,20261002,23,8,3-6-1,711.7
2026-10-02 11:52:11,20261002,23,8,3-6-2,242.2
2026-10-02 11:52:11,20261002,23,8,3-6-4,227.7
2026-10-02 11:52:11,20261002,23,8,3-6-5,711.7
2026-10-02 11:52:11,20261002,23,8,4-1-2,21.4
2026-10-02 11:52:11,20261002,23,8,4-1-3,17.2
2026-10-02 11:52:11,20261002,23,8,4-1-5,47.2
2026-10-02 11:52:11,20261002,23,8,4-1-6,68.5
2026-10-02 11:52:11,20261002,23,8,4-2-1,22.9
2026-10-02 11:52:11,20261002,23,8,4-2-3,21.9
2026-10-02 11:52:11,20261002,23,8,4-2-5,42.8
2026-10-02 11:52:11,20261002,23,8,4-2-6,44.6
2026-10-02 11:52:11,20261002,23,8,4-3-1,15.2
2026-10-02 11:52:11,20261002,23,8,4-3-2,18.6
2026-10-02 11:52:11,20261002,23,8,4-3-5,61.2
2026-10-02 11:52:11,20261002,23,8,4-3-6,35.6
2026-10-02 11:52:11,20261002,23,8,4-5-1,82.5
2026-10-02 11:52:11,20261002,23,8,4-5-2,87.5
2026-10-02 11:52:11,20261002,23,8,4-5-3,107.4
2026-10-02 11:52:11,20261002,23,8,4-5-6,81.9
2026-10-02 11:52:11,20261002,23,8,4-6-1,98.1
2026-10-02 11:52:11,20261002,23,8,4-6-2,99.8
2026-10-02 11:52:11,20261002,23,8,4-6-3,118.6
2026-10-02 11:52:11,20261002,23,8,4-6-5,115.0
2026-10-02 11:52:11,20261002,23,8,5-1-2,237.2
2026-10-02 11:52:11,20261002,23,8,5-1-3,223.2
2026-10-02 11:52:11,20261002,23,8,5-1-4,210.8
2026-10-02 11:52:11,20261002,23,8,5-1-6,367.3
2026-10-02 11:52:11,20261002,23,8,5-2-1,299.6
2026-10-02 11:52:11,20261002,23,8,5-2-3,299.6
2026-10-02 11:52:11,20261002,23,8,5-2-4,169.9
2026-10-02 11:52:11,20261002,23,8,5-2-6,367.3
2026-10-02 11:52:11,20261002,23,8,5-3-1,264.8
2026-10-02 11:52:11,20261002,23,8,5-3-2,316.3
2026-10-02 11:52:11,20261002,23,8,5-3-4,232.3
2026-10-02 11:52:11,20261002,23,8,5-3-6,455.4
2026-10-02 11:52:11,20261002,23,8,5-4-1,218.9
2026-10-02 11:52:11,20261002,23,8,5-4-2,227.7
2026-10-02 11:52:11,20261002,23,8,5-4-3,247.5
2026-10-02 11:52:11,20261002,23,8,5-4-6,180.7
2026-10-02 11:52:11,20261002,23,8,5-6-1,632.6
2026-10-02 11:52:11,20261002,23,8,5-6-2,517.6
2026-10-02 11:52:11,20261002,23,8,5-6-3,355.8
2026-10-02 11:52:11,20261002,23,8,5-6-4,455.4
2026-10-02 11:52:11,20261002,23,8,6-1-2,223.2
2026-10-02 11:52:11,20261002,23,8,6-1-3,632.6
2026-10-02 11:52:11,20261002,23,8,6-1-4,277.7
2026-10-02 11:52:11,20261002,23,8,6-1-5,669.8
2026-10-02 11:52:11,20261002,23,8,6-2-1,599.3
2026-10-02 11:52:11,20261002,23,8,6-2-3,247.5
2026-10-02 11:52:11,20261002,23,8,6-2-4,277.7
2026-10-02 11:52:11,20261002,23,8,6-2-5,247.5
2026-10-02 11:52:11,20261002,23,8,6-3-1,669.8
2026-10-02 11:52:11,20261002,23,8,6-3-2,379.5
2026-10-02 11:52:11,20261002,23,8,6-3-4,258.8
2026-10-02 11:52:11,20261002,23,8,6-3-5,495.0
2026-10-02 11:52:11,20261002,23,8,6-4-1,334.9
2026-10-02 11:52:11,20261002,23,8,6-4-2,455.4
2026-10-02 11:52:11,20261002,23,8,6-4-3,437.9
2026-10-02 11:52:11,20261002,23,8,6-4-5,455.4
2026-10-02 11:52:11,20261002,23,8,6-5-1,669.8
2026-10-02 11:52:11,20261002,23,8,6-5-2,669.8
2026-10-02 11:52:11,20261002,23,8,6-5-3,455.4
2026-10-02 11:52:11,20261002,23,8,6-5-4,345.0
2026-10-02 11:54:40,20261002,22,3,1-2-3,41.1
2026-10-02 11:54:40,20261002,22,3,1-2-4,58.1
2026-10-02 11:54:40,20261002,22,3,1-2-5,151.1
2026-10-02 11:54:40,20261002,22,3,1-2-6,208.4
2026-10-02 11:54:40,20261002,22,3,1-3-2,22.1
2026-10-02 11:54:40,20261002,22,3,1-3-4,10.6
2026-10-02 11:54:40,20261002,22,3,1-3-5,15.2
2026-10-02 11:54:40,20261002,22,3,1-3-6,208.4
2026-10-02 11:54:40,20261002,22,3,1-4-2,137.3
2026-10-02 11:54:40,20261002,22,3,1-4-3,50.3
2026-10-02 11:54:40,20261002,22,3,1-4-5,208.4
2026-10-02 11:54:40,20261002,22,3,1-4-6,251.8
2026-10-02 11:54:40,20261002,22,3,1-5-2,147.4
2026-10-02 11:54:40,20261002,22,3,1-5-3,46.8
2026-10-02 11:54:40,20261002,22,3,1-5-4,147.4
2026-10-02 11:54:40,20261002,22,3,1-5-6,403.0
2026-10-02 11:54:40,20261002,22,3,1-6-2,302.2
2026-10-02 11:54:40,20261002,22,3,1-6-3,318.1
2026-10-02 11:54:40,20261002,22,3,1-6-4,241.8
2026-10-02 11:54:40,20261002,22,3,1-6-5,604.5
2026-10-02 11:54:40,20261002,22,3,2-1-3,106.0
2026-10-02 11:54:40,20261002,22,3,2-1-4,188.9
2026-10-02 11:54:40,20261002,22,3,2-1-5,335.8
2026-10-02 11:54:40,20261002,22,3,2-1-6,241.8
2026-10-02 11:54:40,20261002,22,3,2-3-1,128.6
2026-10-02 11:54:40,20261002,22,3,2-3-4,116.2
2026-10-02 11:54:40,20261002,22,3,2-3-5,143.9
2026-10-02 11:54:40,20261002,22,3,2-3-6,465.0
2026-10-02 11:54:40,20261002,22,3,2-4-1,241.8
2026-10-02 11:54:40,20261002,22,3,2-4-3,116.2
2026-10-02 11:54:40,20261002,22,3,2-4-5,215.8
2026-10-02 11:54:40,20261002,22,3,2-4-6,503.7
2026-10-02 11:54:40,20261002,22,3,2-5-1,223.8
2026-10-02 11:54:40,20261002,22,3,2-5-3,287.8
2026-10-02 11:54:40,20261002,22,3,2-5-4,287.8
2026-10-02 11:54:40,20261002,22,3,2-5-6,671.6
2026-10-02 11:54:40,20261002,22,3,2-6-1,403.0
2026-10-02 11:54:40,20261002,22,3,2-6-3,863.5
2026-10-02 11:54:40,20261002,22,3,2-6-4,335.8
2026-10-02 11:54:40,20261002,22,3,2-6-5,232.5
2026-10-02 11:54:40,20261002,22,3,3-1-2,15.2
2026-10-02 11:54:40,20261002,22,3,3-1-4,9.3
2026-10-02 11:54:40,20261002,22,3,3-1-5,8.9
2026-10-02 11:54:40,20261002,22,3,3-1-6,120.9
2026-10-02 11:54:40,20261002,22,3,3-2-1,60.4
2026-10-02 11:54:40,20261002,22,3,3-2-4,57.0
2026-10-02 11:54:40,20261002,22,3,3-2-5,71.1
2026-10-02 11:54:40,20261002,22,3,3-2-6,183.1
2026-10-02 11:54:40,20261002,22,3,3-4-1,12.8
2026-10-02 11:54:40,20261002,22,3,3-4-2,31.3
2026-10-02 11:54:40,20261002,22,3,3-4-5,15.0
2026-10-02 11:54:40,20261002,22,3,3-4-6,116.2
2026-10-02 11:54:40,20261002,22,3,3-5-1,15.8
2026-10-02 11:54:40,20261002,22,3,3-5-2,25.6
2026-10-02 11:54:40,20261002,22,3,3-5-4,23.8
2026-10-02 11:54:40,20261002,22,3,3-5-6,195.0
2026-10-02 11:54:40,20261002,22,3,3-6-1,355.5
2026-10-02 11:54:40,20261002,22,3,3-6-2,549.5
2026-10-02 11:54:40,20261002,22,3,3-6-4,465.0
2026-10-02 11:54:40,20261002,22,3,3-6-5,431.7
2026-10-02 11:54:40,20261002,22,3,4-1-2,163.3
2026-10-02 11:54:40,20261002,22,3,4-1-3,78.5
2026-10-02 11:54:40,20261002,22,3,4-1-5,151.1
2026-10-02 11:54:40,20261002,22,3,4-1-6,355.5
2026-10-02 11:54:40,20261002,22,3,4-2-1,167.9
2026-10-02 11:54:40,20261002,22,3,4-2-3,159.0
2026-10-02 11:54:40,20261002,22,3,4-2-5,251.8
2026-10-02 11:54:40,20261002,22,3,4-2-6,318.1
2026-10-02 11:54:40,20261002,22,3,4-3-1,60.4
2026-10-02 11:54:40,20261002,22,3,4-3-2,131.4
2026-10-02 11:54:40,20261002,22,3,4-3-5,97.5
2026-10-02 11:54:40,20261002,22,3,4-3-6,355.5
2026-10-02 11:54:40,20261002,22,3,4-5-1,208.4
2026-10-02 11:54:40,20261002,22,3,4-5-2,355.5
2026-10-02 11:54:40,20261002,22,3,4-5-3,125.9
2026-10-02 11:54:40,20261002,22,3,4-5-6,465.0
2026-10-02 11:54:40,20261002,22,3,4-6-1,863.5
2026-10-02 11:54:40,20261002,22,3,4-6-2,755.6
2026-10-02 11:54:40,20261002,22,3,4-6-3,863.5
2026-10-02 11:54:40,20261002,22,3,4-6-5,1007.0
2026-10-02 11:54:40,20261002,22,3,5-1-2,302.2
2026-10-02 11:54:40,20261002,22,3,5-1-3,125.9
2026-10-02 11:54:40,20261002,22,3,5-1-4,251.8
2026-10-02 11:54:40,20261002,22,3,5-1-6,604.5
2026-10-02 11:54:40,20261002,22,3,5-2-1,355.5
2026-10-02 11:54:40,20261002,22,3,5-2-3,287.8
2026-10-02 11:54:40,20261002,22,3,5-2-4,232.5
2026-10-02 11:54:40,20261002,22,3,5-2-6,431.7
2026-10-02 11:54:40,20261002,22,3,5-3-1,159.0
2026-10-02 11:54:40,20261002,22,3,5-3-2,262.8
2026-10-02 11:54:40,20261002,22,3,5-3-4,134.3
2026-10-02 11:54:40,20261002,22,3,5-3-6,671.6
2026-10-02 11:54:40,20261002,22,3,5-4-1,262.8
2026-10-02 11:54:40,20261002,22,3,5-4-2,318.1
2026-10-02 11:54:40,20261002,22,3,5-4-3,128.6
2026-10-02 11:54:40,20261002,22,3,5-4-6,262.8
2026-10-02 11:54:40,20261002,22,3,5-6-1,1511.0
2026-10-02 11:54:40,20261002,22,3,5-6-2,863.5
2026-10-02 11:54:40,20261002,22,3,5-6-3,355.5
2026-10-02 11:54:40,20261002,22,3,5-6-4,755.6
2026-10-02 11:54:40,20261002,22,3,6-1-2,201.5
2026-10-02 11:54:40,20261002,22,3,6-1-3,549.5
2026-10-02 11:54:40,20261002,22,3,6-1-4,671.6
2026-10-02 11:54:40,20261002,22,3,6-1-5,1209.0
2026-10-02 11:54:40,20261002,22,3,6-2-1,403.0
2026-10-02 11:54:40,20261002,22,3,6-2-3,604.5
2026-10-02 11:54:40,20261002,22,3,6-2-4,549.5
2026-10-02 11:54:40,20261002,22,3,6-2-5,1007.0
2026-10-02 11:54:40,20261002,22,3,6-3-1,1511.0
2026-10-02 11:54:40,20261002,22,3,6-3-2,755.6
2026-10-02 11:54:40,20261002,22,3,6-3-4,1209.0
2026-10-02 11:54:40,20261002,22,3,6-3-5,1511.0
2026-10-02 11:54:40,20261002,22,3,6-4-1,1511.0
2026-10-02 11:54:40,20261002,22,3,6-4-2,1209.0
2026-10-02 11:54:40,20261002,22,3,6-4-3,1511.0
2026-10-02 11:54:40,20261002,22,3,6-4-5,1209.0
2026-10-02 11:54:40,20261002,22,3,6-5-1,1511.0
2026-10-02 11:54:40,20261002,22,3,6-5-2,1209.0
2026-10-02 11:54:40,20261002,22,3,6-5-3,1209.0
2026-10-02 11:54:40,20261002,22,3,6-5-4,863.5
2026-10-02 11:57:11,20261002,18,8,1-2-3,57.7
2026-10-02 11:57:11,20261002,18,8,1-2-4,44.1
2026-10-02 11:57:11,20261002,18,8,1-2-5,126.4
2026-10-02 11:57:11,20261002,18,8,1-2-6,58.3
2026-10-02 11:57:11,20261002,18,8,1-3-2,58.5
2026-10-02 11:57:11,20261002,18,8,1-3-4,62.2
2026-10-02 11:57:11,20261002,18,8,1-3-5,102.1
2026-10-02 11:57:11,20261002,18,8,1-3-6,123.9
2026-10-02 11:57:11,20261002,18,8,1-4-2,46.2
2026-10-02 11:57:11,20261002,18,8,1-4-3,69.3
2026-10-02 11:57:11,20261002,18,8,1-4-5,114.0
2026-10-02 11:57:11,20261002,18,8,1-4-6,28.9
2026-10-02 11:57:11,20261002,18,8,1-5-2,137.3
2026-10-02 11:57:11,20261002,18,8,1-5-3,104.6
2026-10-02 11:57:11,20261002,18,8,1-5-4,163.7
2026-10-02 11:57:11,20261002,18,8,1-5-6,228.0
2026-10-02 11:57:11,20261002,18,8,1-6-2,103.8
2026-10-02 11:57:11,20261002,18,8,1-6-3,146.7
2026-10-02 11:57:11,20261002,18,8,1-6-4,66.1
2026-10-02 11:57:11,20261002,18,8,1-6-5,345.1
2026-10-02 11:57:11,20261002,18,8,2-1-3,143.4
2026-10-02 11:57:11,20261002,18,8,2-1-4,69.7
2026-10-02 11:57:11,20261002,18,8,2-1-5,174.9
2026-10-02 11:57:11,20261002,18,8,2-1-6,105.5
2026-10-02 11:57:11,20261002,18,8,2-3-1,202.6
2026-10-02 11:57:11,20261002,18,8,2-3-4,163.7
2026-10-02 11:57:11,20261002,18,8,2-3-5,172.5
2026-10-02 11:57:11,20261002,18,8,2-3-6,216.4
2026-10-02 11:57:11,20261002,18,8,2-4-1,85.7
2026-10-02 11:57:11,20261002,18,8,2-4-3,100.5
2026-10-02 11:57:11,20261002,18,8,2-4-5,177.3
2026-10-02 11:57:11,20261002,18,8,2-4-6,34.6
2026-10-02 11:57:11,20261002,18,8,2-5-1,311.4
2026-10-02 11:57:11,20261002,18,8,2-5-3,311.4
2026-10-02 11:57:11,20261002,18,8,2-5-4,277.5
2026-10-02 11:57:11,20261002,18,8,2-5-6,250.3
2026-10-02 11:57:11,20261002,18,8,2-6-1,193.4
2026-10-02 11:57:11,20261002,18,8,2-6-3,209.3
2026-10-02 11:57:11,20261002,18,8,2-6-4,49.4
2026-10-02 11:57:11,20261002,18,8,2-6-5,255.3
2026-10-02 11:57:11,20261002,18,8,3-1-2,304.0
2026-10-02 11:57:11,20261002,18,8,3-1-4,135.8
2026-10-02 11:57:11,20261002,18,8,3-1-5,157.6
2026-10-02 11:57:11,20261002,18,8,3-1-6,260.6
2026-10-02 11:57:11,20261002,18,8,3-2-1,296.9
2026-10-02 11:57:11,20261002,18,8,3-2-4,159.6
2026-10-02 11:57:11,20261002,18,8,3-2-5,277.5
2026-10-02 11:57:11,20261002,18,8,3-2-6,190.5
2026-10-02 11:57:11,20261002,18,8,3-4-1,216.4
2026-10-02 11:57:11,20261002,18,8,3-4-2,133.0
2026-10-02 11:57:11,20261002,18,8,3-4-5,336.0
2026-10-02 11:57:11,20261002,18,8,3-4-6,94.5
2026-10-02 11:57:11,20261002,18,8,3-5-1,240.9
2026-10-02 11:57:11,20261002,18,8,3-5-2,220.1
2026-10-02 11:57:11,20261002,18,8,3-5-4,271.6
2026-10-02 11:57:11,20261002,18,8,3-5-6,224.0
2026-10-02 11:57:11,20261002,18,8,3-6-1,375.5
2026-10-02 11:57:11,20261002,18,8,3-6-2,296.9
2026-10-02 11:57:11,20261002,18,8,3-6-4,137.3
2026-10-02 11:57:11,20261002,18,8,3-6-5,375.5
2026-10-02 11:57:11,20261002,18,8,4-1-2,54.1
2026-10-02 11:57:11,20261002,18,8,4-1-3,126.4
2026-10-02 11:57:11,20261002,18,8,4-1-5,86.8
2026-10-02 11:57:11,20261002,18,8,4-1-6,21.0
2026-10-02 11:57:11,20261002,18,8,4-2-1,61.3
2026-10-02 11:57:11,20261002,18,8,4-2-3,74.6
2026-10-02 11:57:11,20261002,18,8,4-2-5,108.2
2026-10-02 11:57:11,20261002,18,8,4-2-6,19.6
2026-10-02 11:57:11,20261002,18,8,4-3-1,150.2
2026-10-02 11:57:11,20261002,18,8,4-3-2,161.6
2026-10-02 11:57:11,20261002,18,8,4-3-5,190.5
2026-10-02 11:57:11,20261002,18,8,4-3-6,55.2
2026-10-02 11:57:11,20261002,18,8,4-5-1,74.6
2026-10-02 11:57:11,20261002,18,8,4-5-2,140.3
2026-10-02 11:57:11,20261002,18,8,4-5-3,202.6
2026-10-02 11:57:11,20261002,18,8,4-5-6,30.2
2026-10-02 11:57:11,20261002,18,8,4-6-1,14.7
2026-10-02 11:57:11,20261002,18,8,4-6-2,12.8
2026-10-02 11:57:11,20261002,18,8,4-6-3,33.6
2026-10-02 11:57:11,20261002,18,8,4-6-5,23.3
2026-10-02 11:57:11,20261002,18,8,5-1-2,283.7
2026-10-02 11:57:11,20261002,18,8,5-1-3,220.1
2026-10-02 11:57:11,20261002,18,8,5-1-4,152.0
2026-10-02 11:57:11,20261002,18,8,5-1-6,202.6
2026-10-02 11:57:11,20261002,18,8,5-2-1,411.9
2026-10-02 11:57:11,20261002,18,8,5-2-3,411.9
2026-10-02 11:57:11,20261002,18,8,5-2-4,255.3
2026-10-02 11:57:11,20261002,18,8,5-2-6,260.6
2026-10-02 11:57:11,20261002,18,8,5-3-1,336.0
2026-10-02 11:57:11,20261002,18,8,5-3-2,425.6
2026-10-02 11:57:11,20261002,18,8,5-3-4,319.2
2026-10-02 11:57:11,20261002,18,8,5-3-6,580.4
2026-10-02 11:57:11,20261002,18,8,5-4-1,209.3
2026-10-02 11:57:11,20261002,18,8,5-4-2,311.4
2026-10-02 11:57:11,20261002,18,8,5-4-3,532.0
2026-10-02 11:57:11,20261002,18,8,5-4-6,103.8
2026-10-02 11:57:11,20261002,18,8,5-6-1,456.0
2026-10-02 11:57:11,20261002,18,8,5-6-2,472.9
2026-10-02 11:57:11,20261002,18,8,5-6-3,411.9
2026-10-02 11:57:11,20261002,18,8,5-6-4,182.4
2026-10-02 11:57:11,20261002,18,8,6-1-2,59.1
2026-10-02 11:57:11,20261002,18,8,6-1-3,202.6
2026-10-02 11:57:11,20261002,18,8,6-1-4,46.4
2026-10-02 11:57:11,20261002,18,8,6-1-5,304.0
2026-10-02 11:57:11,20261002,18,8,6-2-1,64.1
2026-10-02 11:57:11,20261002,18,8,6-2-3,84.0
2026-10-02 11:57:11,20261002,18,8,6-2-4,33.1
2026-10-02 11:57:11,20261002,18,8,6-2-5,170.2
2026-10-02 11:57:11,20261002,18,8,6-3-1,283.7
2026-10-02 11:57:11,20261002,18,8,6-3-2,123.9
2026-10-02 11:57:11,20261002,18,8,6-3-4,119.3
2026-10-02 11:57:11,20261002,18,8,6-3-5,250.3
2026-10-02 11:57:11,20261002,18,8,6-4-1,30.1
2026-10-02 11:57:11,20261002,18,8,6-4-2,25.0
2026-10-02 11:57:11,20261002,18,8,6-4-3,65.1
2026-10-02 11:57:11,20261002,18,8,6-4-5,72.9
2026-10-02 11:57:11,20261002,18,8,6-5-1,277.5
2026-10-02 11:57:11,20261002,18,8,6-5-2,250.3
2026-10-02 11:57:11,20261002,18,8,6-5-3,456.0
2026-10-02 11:57:11,20261002,18,8,6-5-4,125.1
2026-10-02 12:02:17,20261002,16,4,1-2-3,8.1
2026-10-02 12:02:17,20261002,16,4,1-2-4,25.4
2026-10-02 12:02:17,20261002,16,4,1-2-5,23.0
2026-10-02 12:02:17,20261002,16,4,1-2-6,14.6
2026-10-02 12:02:17,20261002,16,4,1-3-2,9.0
2026-10-02 12:02:17,20261002,16,4,1-3-4,18.8
2026-10-02 12:02:17,20261002,16,4,1-3-5,14.7
2026-10-02 12:02:17,20261002,16,4,1-3-6,10.3
2026-10-02 12:02:17,20261002,16,4,1-4-2,40.3
2026-10-02 12:02:17,20261002,16,4,1-4-3,37.4
2026-10-02 12:02:17,20261002,16,4,1-4-5,51.3
2026-10-02 12:02:17,20261002,16,4,1-4-6,35.7
2026-10-02 12:02:17,20261002,16,4,1-5-2,47.1
2026-10-02 12:02:17,20261002,16,4,1-5-3,35.3
2026-10-02 12:02:17,20261002,16,4,1-5-4,89.8
2026-10-02 12:02:17,20261002,16,4,1-5-6,44.1
2026-10-02 12:02:17,20261002,16,4,1-6-2,43.0
2026-10-02 12:02:17,20261002,16,4,1-6-3,31.1
2026-10-02 12:02:17,20261002,16,4,1-6-4,75.7
2026-10-02 12:02:17,20261002,16,4,1-6-5,76.6
2026-10-02 12:02:17,20261002,16,4,2-1-3,38.9
2026-10-02 12:02:17,20261002,16,4,2-1-4,84.1
2026-10-02 12:02:17,20261002,16,4,2-1-5,69.9
2026-10-02 12:02:17,20261002,16,4,2-1-6,61.3
2026-10-02 12:02:17,20261002,16,4,2-3-1,80.6
2026-10-02 12:02:17,20261002,16,4,2-3-4,162.1
2026-10-02 12:02:17,20261002,16,4,2-3-5,149.7
2026-10-02 12:02:17,20261002,16,4,2-3-6,177.2
2026-10-02 12:02:17,20261002,16,4,2-4-1,276.3
2026-10-02 12:02:17,20261002,16,4,2-4-3,286.4
2026-10-02 12:02:17,20261002,16,4,2-4-5,342.8
2026-10-02 12:02:17,20261002,16,4,2-4-6,375.6
2026-10-02 12:02:17,20261002,16,4,2-5-1,262.5
2026-10-02 12:02:17,20261002,16,4,2-5-3,313.6
2026-10-02 12:02:17,20261002,16,4,2-5-4,505.9
2026-10-02 12:02:17,20261002,16,4,2-5-6,307.5
2026-10-02 12:02:17,20261002,16,4,2-6-1,231.5
2026-10-02 12:02:17,20261002,16,4,2-6-3,387.2
2026-10-02 12:02:17,20261002,16,4,2-6-4,441.8
2026-10-02 12:02:17,20261002,16,4,2-6-5,501.9
2026-10-02 12:02:17,20261002,16,4,3-1-2,45.0
2026-10-02 12:02:17,20261002,16,4,3-1-4,78.0
2026-10-02 12:02:17,20261002,16,4,3-1-5,58.6
2026-10-02 12:02:17,20261002,16,4,3-1-6,51.5
2026-10-02 12:02:17,20261002,16,4,3-2-1,88.7
2026-10-02 12:02:17,20261002,16,4,3-2-4,182.9
2026-10-02 12:02:17,20261002,16,4,3-2-5,160.8
2026-10-02 12:02:17,20261002,16,4,3-2-6,142.2
2026-10-02 12:02:17,20261002,16,4,3-4-1,206.3
2026-10-02 12:02:17,20261002,16,4,3-4-2,203.0
2026-10-02 12:02:17,20261002,16,4,3-4-5,272.7
2026-10-02 12:02:17,20261002,16,4,3-4-6,224.8
2026-10-02 12:02:17,20261002,16,4,3-5-1,158.4
2026-10-02 12:02:17,20261002,16,4,3-5-2,196.6
2026-10-02 12:02:17,20261002,16,4,3-5-4,326.7
2026-10-02 12:02:17,20261002,16,4,3-5-6,236.7
2026-10-02 12:02:17,20261002,16,4,3-6-1,152.6
2026-10-02 12:02:17,20261002,16,4,3-6-2,298.7
2026-10-02 12:02:17,20261002,16,4,3-6-4,350.4
2026-10-02 12:02:17,20261002,16,4,3-6-5,304.5
2026-10-02 12:02:17,20261002,16,4,4-1-2,207.7
2026-10-02 12:02:17,20261002,16,4,4-1-3,168.2
2026-10-02 12:02:17,20261002,16,4,4-1-5,167.7
2026-10-02 12:02:17,20261002,16,4,4-1-6,142.9
2026-10-02 12:02:17,20261002,16,4,4-2-1,380.2
2026-10-02 12:02:17,20261002,16,4,4-2-3,402.1
2026-10-02 12:02:17,20261002,16,4,4-2-5,407.3
2026-10-02 12:02:17,20261002,16,4,4-2-6,394.5
2026-10-02 12:02:17,20261002,16,4,4-3-1,278.8
2026-10-02 12:02:17,20261002,16,4,4-3-2,397.0
2026-10-02 12:02:17,20261002,16,4,4-3-5,407.3
2026-10-02 12:02:17,20261002,16,4,4-3-6,272.7
2026-10-02 12:02:17,20261002,16,4,4-5-1,276.3
2026-10-02 12:02:17,20261002,16,4,4-5-2,358.5
2026-10-02 12:02:17,20261002,16,4,4-5-3,410.0
2026-10-02 12:02:17,20261002,16,4,4-5-6,352.4
2026-10-02 12:02:17,20261002,16,4,4-6-1,298.7
2026-10-02 12:02:17,20261002,16,4,4-6-2,494.0
2026-10-02 12:02:17,20261002,16,4,4-6-3,490.1
2026-10-02 12:02:17,20261002,16,4,4-6-5,522.8
2026-10-02 12:02:17,20261002,16,4,5-1-2,166.8
2026-10-02 12:02:17,20261002,16,4,5-1-3,129.0
2026-10-02 12:02:17,20261002,16,4,5-1-4,219.3
2026-10-02 12:02:17,20261002,16,4,5-1-6,156.4
2026-10-02 12:02:17,20261002,16,4,5-2-1,423.9
2026-10-02 12:02:17,20261002,16,4,5-2-3,375.6
2026-10-02 12:02:17,20261002,16,4,5-2-4,514.2
2026-10-02 12:02:17,20261002,16,4,5-2-6,289.1
2026-10-02 12:02:17,20261002,16,4,5-3-1,220.9
2026-10-02 12:02:17,20261002,16,4,5-3-2,412.7
2026-10-02 12:02:17,20261002,16,4,5-3-4,627.3
2026-10-02 12:02:17,20261002,16,4,5-3-6,377.9
2026-10-02 12:02:17,20261002,16,4,5-4-1,354.4
2026-10-02 12:02:17,20261002,16,4,5-4-2,522.8
2026-10-02 12:02:17,20261002,16,4,5-4-3,674.6
2026-10-02 12:02:17,20261002,16,4,5-4-6,471.7
2026-10-02 12:02:17,20261002,16,4,5-6-1,394.5
2026-10-02 12:02:17,20261002,16,4,5-6-2,570.3
2026-10-02 12:02:17,20261002,16,4,5-6-3,271.5
2026-10-02 12:02:17,20261002,16,4,5-6-4,738.1
2026-10-02 12:02:17,20261002,16,4,6-1-2,168.6
2026-10-02 12:02:17,20261002,16,4,6-1-3,155.6
2026-10-02 12:02:17,20261002,16,4,6-1-4,269.2
2026-10-02 12:02:17,20261002,16,4,6-1-5,315.2
2026-10-02 12:02:17,20261002,16,4,6-2-1,309.0
2026-10-02 12:02:17,20261002,16,4,6-2-3,497.9
2026-10-02 12:02:17,20261002,16,4,6-2-4,729.5
2026-10-02 12:02:17,20261002,16,4,6-2-5,627.3
2026-10-02 12:02:17,20261002,16,4,6-3-1,221.6
2026-10-02 12:02:17,20261002,16,4,6-3-2,527.2
2026-10-02 12:02:17,20261002,16,4,6-3-4,640.1
2026-10-02 12:02:17,20261002,16,4,6-3-5,746.8
2026-10-02 12:02:17,20261002,16,4,6-4-1,432.6
2026-10-02 12:02:17,20261002,16,4,6-4-2,784.2
2026-10-02 12:02:17,20261002,16,4,6-4-3,922.6
2026-10-02 12:02:17,20261002,16,4,6-4-5,995.8
2026-10-02 12:02:17,20261002,16,4,6-5-1,575.5
2026-10-02 12:02:17,20261002,16,4,6-5-2,765.1
2026-10-02 12:02:17,20261002,16,4,6-5-3,765.1
2026-10-02 12:02:17,20261002,16,4,6-5-4,995.8
2026-10-02 12:07:25,20261002,6,3,1-2-3,32.8
2026-10-02 12:07:25,20261002,6,3,1-2-4,33.7
2026-10-02 12:07:25,20261002,6,3,1-2-5,52.8
2026-10-02 12:07:25,20261002,6,3,1-2-6,68.4
2026-10-02 12:07:25,20261002,6,3,1-3-2,21.5
2026-10-02 12:07:25,20261002,6,3,1-3-4,13.4
2026-10-02 12:07:25,20261002,6,3,1-3-5,30.0
2026-10-02 12:07:25,20261002,6,3,1-3-6,93.3
2026-10-02 12:07:25,20261002,6,3,1-4-2,28.6
2026-10-02 12:07:25,20261002,6,3,1-4-3,22.3
2026-10-02 12:07:25,20261002,6,3,1-4-5,44.9
2026-10-02 12:07:25,20261002,6,3,1-4-6,152.9
2026-10-02 12:07:25,20261002,6,3,1-5-2,61.4
2026-10-02 12:07:25,20261002,6,3,1-5-3,57.9
2026-10-02 12:07:25,20261002,6,3,1-5-4,64.7
2026-10-02 12:07:25,20261002,6,3,1-5-6,194.2
2026-10-02 12:07:25,20261002,6,3,1-6-2,93.3
2026-10-02 12:07:25,20261002,6,3,1-6-3,217.8
2026-10-02 12:07:25,20261002,6,3,1-6-4,399.3
2026-10-02 12:07:25,20261002,6,3,1-6-5,653.4
2026-10-02 12:07:25,20261002,6,3,2-1-3,58.4
2026-10-02 12:07:25,20261002,6,3,2-1-4,71.8
2026-10-02 12:07:25,20261002,6,3,2-1-5,93.3
2026-10-02 12:07:25,20261002,6,3,2-1-6,105.7
2026-10-02 12:07:25,20261002,6,3,2-3-1,69.1
2026-10-02 12:07:25,20261002,6,3,2-3-4,58.4
2026-10-02 12:07:25,20261002,6,3,2-3-5,71.1
2026-10-02 12:07:25,20261002,6,3,2-3-6,114.0
2026-10-02 12:07:25,20261002,6,3,2-4-1,98.4
2026-10-02 12:07:25,20261002,6,3,2-4-3,85.5
2026-10-02 12:07:25,20261002,6,3,2-4-5,123.9
2026-10-02 12:07:25,20261002,6,3,2-4-6,276.4
2026-10-02 12:07:25,20261002,6,3,2-5-1,156.2
2026-10-02 12:07:25,20261002,6,3,2-5-3,152.9
2026-10-02 12:07:25,20261002,6,3,2-5-4,94.5
2026-10-02 12:07:25,20261002,6,3,2-5-6,276.4
2026-10-02 12:07:25,20261002,6,3,2-6-1,224.6
2026-10-02 12:07:25,20261002,6,3,2-6-3,175.3
2026-10-02 12:07:25,20261002,6,3,2-6-4,231.8
2026-10-02 12:07:25,20261002,6,3,2-6-5,239.6
2026-10-02 12:07:25,20261002,6,3,3-1-2,39.7
2026-10-02 12:07:25,20261002,6,3,3-1-4,19.1
2026-10-02 12:07:25,20261002,6,3,3-1-5,32.6
2026-10-02 12:07:25,20261002,6,3,3-1-6,112.3
2026-10-02 12:07:25,20261002,6,3,3-2-1,94.5
2026-10-02 12:07:25,20261002,6,3,3-2-4,49.5
2026-10-02 12:07:25,20261002,6,3,3-2-5,78.9
2026-10-02 12:07:25,20261002,6,3,3-2-6,119.8
2026-10-02 12:07:25,20261002,6,3,3-4-1,27.4
2026-10-02 12:07:25,20261002,6,3,3-4-2,47.6
2026-10-02 12:07:25,20261002,6,3,3-4-5,32.8
2026-10-02 12:07:25,20261002,6,3,3-4-6,86.6
2026-10-02 12:07:25,20261002,6,3,3-5-1,80.7
2026-10-02 12:07:25,20261002,6,3,3-5-2,95.8
2026-10-02 12:07:25,20261002,6,3,3-5-4,54.8
2026-10-02 12:07:25,20261002,6,3,3-5-6,143.7
2026-10-02 12:07:25,20261002,6,3,3-6-1,217.8
2026-10-02 12:07:25,20261002,6,3,3-6-2,179.7
2026-10-02 12:07:25,20261002,6,3,3-6-4,199.6
2026-10-02 12:07:25,20261002,6,3,3-6-5,205.3
2026-10-02 12:07:25,20261002,6,3,4-1-2,101.2
2026-10-02 12:07:25,20261002,6,3,4-1-3,35.7
2026-10-02 12:07:25,20261002,6,3,4-1-5,63.0
2026-10-02 12:07:25,20261002,6,3,4-1-6,231.8
2026-10-02 12:07:25,20261002,6,3,4-2-1,152.9
2026-10-02 12:07:25,20261002,6,3,4-2-3,101.2
2026-10-02 12:07:25,20261002,6,3,4-2-5,194.2
2026-10-02 12:07:25,20261002,6,3,4-2-6,211.4
2026-10-02 12:07:25,20261002,6,3,4-3-1,40.3
2026-10-02 12:07:25,20261002,6,3,4-3-2,85.5
2026-10-02 12:07:25,20261002,6,3,4-3-5,54.8
2026-10-02 12:07:25,20261002,6,3,4-3-6,126.1
2026-10-02 12:07:25,20261002,6,3,4-5-1,98.4
2026-10-02 12:07:25,20261002,6,3,4-5-2,135.6
2026-10-02 12:07:25,20261002,6,3,4-5-3,90.9
2026-10-02 12:07:25,20261002,6,3,4-5-6,163.3
2026-10-02 12:07:25,20261002,6,3,4-6-1,359.4
2026-10-02 12:07:25,20261002,6,3,4-6-2,239.6
2026-10-02 12:07:25,20261002,6,3,4-6-3,231.8
2026-10-02 12:07:25,20261002,6,3,4-6-5,449.2
2026-10-02 12:07:25,20261002,6,3,5-1-2,133.1
2026-10-02 12:07:25,20261002,6,3,5-1-3,98.4
2026-10-02 12:07:25,20261002,6,3,5-1-4,143.7
2026-10-02 12:07:25,20261002,6,3,5-1-6,171.1
2026-10-02 12:07:25,20261002,6,3,5-2-1,224.6
2026-10-02 12:07:25,20261002,6,3,5-2-3,156.2
2026-10-02 12:07:25,20261002,6,3,5-2-4,149.7
2026-10-02 12:07:25,20261002,6,3,5-2-6,138.2
2026-10-02 12:07:25,20261002,6,3,5-3-1,94.5
2026-10-02 12:07:25,20261002,6,3,5-3-2,205.3
2026-10-02 12:07:25,20261002,6,3,5-3-4,107.2
2026-10-02 12:07:25,20261002,6,3,5-3-6,194.2
2026-10-02 12:07:25,20261002,6,3,5-4-1,130.6
2026-10-02 12:07:25,20261002,6,3,5-4-2,224.6
2026-10-02 12:07:25,20261002,6,3,5-4-3,114.0
2026-10-02 12:07:25,20261002,6,3,5-4-6,189.1
2026-10-02 12:07:25,20261002,6,3,5-6-1,479.2
2026-10-02 12:07:25,20261002,6,3,5-6-2,312.5
2026-10-02 12:07:25,20261002,6,3,5-6-3,231.8
2026-10-02 12:07:25,20261002,6,3,5-6-4,399.3
2026-10-02 12:07:25,20261002,6,3,6-1-2,130.6
2026-10-02 12:07:25,20261002,6,3,6-1-3,299.5
2026-10-02 12:07:25,20261002,6,3,6-1-4,378.3
2026-10-02 12:07:25,20261002,6,3,6-1-5,552.9
2026-10-02 12:07:25,20261002,6,3,6-2-1,287.5
2026-10-02 12:07:25,20261002,6,3,6-2-3,299.5
2026-10-02 12:07:25,20261002,6,3,6-2-4,479.2
2026-10-02 12:07:25,20261002,6,3,6-2-5,312.5
2026-10-02 12:07:25,20261002,6,3,6-3-1,449.2
2026-10-02 12:07:25,20261002,6,3,6-3-2,312.5
2026-10-02 12:07:25,20261002,6,3,6-3-4,287.5
2026-10-02 12:07:25,20261002,6,3,6-3-5,312.5
2026-10-02 12:07:25,20261002,6,3,6-4-1,898.5
2026-10-02 12:07:25,20261002,6,3,6-4-2,718.8
2026-10-02 12:07:25,20261002,6,3,6-4-3,449.2
2026-10-02 12:07:25,20261002,6,3,6-4-5,513.4
2026-10-02 12:07:25,20261002,6,3,6-5-1,898.5
2026-10-02 12:07:25,20261002,6,3,6-5-2,378.3
2026-10-02 12:07:25,20261002,6,3,6-5-3,718.8
2026-10-02 12:07:25,20261002,6,3,6-5-4,479.2
2026-10-02 12:13:11,20261002,4,4,1-2-3,60.8
2026-10-02 12:13:11,20261002,4,4,1-2-4,60.5
2026-10-02 12:13:11,20261002,4,4,1-2-5,60.5
2026-10-02 12:13:11,20261002,4,4,1-2-6,155.1
2026-10-02 12:13:11,20261002,4,4,1-3-2,32.9
2026-10-02 12:13:11,20261002,4,4,1-3-4,10.5
2026-10-02 12:13:11,20261002,4,4,1-3-5,11.9
2026-10-02 12:13:11,20261002,4,4,1-3-6,79.9
2026-10-02 12:13:11,20261002,4,4,1-4-2,38.0
2026-10-02 12:13:11,20261002,4,4,1-4-3,13.9
2026-10-02 12:13:11,20261002,4,4,1-4-5,11.6
2026-10-02 12:13:11,20261002,4,4,1-4-6,59.4
2026-10-02 12:13:11,20261002,4,4,1-5-2,40.6
2026-10-02 12:13:11,20261002,4,4,1-5-3,18.5
2026-10-02 12:13:11,20261002,4,4,1-5-4,16.6
2026-10-02 12:13:11,20261002,4,4,1-5-6,106.0
2026-10-02 12:13:11,20261002,4,4,1-6-2,248.5
2026-10-02 12:13:11,20261002,4,4,1-6-3,202.7
2026-10-02 12:13:11,20261002,4,4,1-6-4,130.5
2026-10-02 12:13:11,20261002,4,4,1-6-5,372.7
2026-10-02 12:13:11,20261002,4,4,2-1-3,168.6
2026-10-02 12:13:11,20261002,4,4,2-1-4,177.7
2026-10-02 12:13:11,20261002,4,4,2-1-5,169.9
2026-10-02 12:13:11,20261002,4,4,2-1-6,278.4
2026-10-02 12:13:11,20261002,4,4,2-3-1,240.7
2026-10-02 12:13:11,20261002,4,4,2-3-4,222.2
2026-10-02 12:13:11,20261002,4,4,2-3-5,213.9
2026-10-02 12:13:11,20261002,4,4,2-3-6,427.9
2026-10-02 12:13:11,20261002,4,4,2-4-1,235.8
2026-10-02 12:13:11,20261002,4,4,2-4-3,312.3
2026-10-02 12:13:11,20261002,4,4,2-4-5,233.4
2026-10-02 12:13:11,20261002,4,4,2-4-6,278.4
2026-10-02 12:13:11,20261002,4,4,2-5-1,218.0
2026-10-02 12:13:11,20261002,4,4,2-5-3,268.7
2026-10-02 12:13:11,20261002,4,4,2-5-4,334.9
2026-10-02 12:13:11,20261002,4,4,2-5-6,537.4
2026-10-02 12:13:11,20261002,4,4,2-6-1,462.2
2026-10-02 12:13:11,20261002,4,4,2-6-3,1004.0
2026-10-02 12:13:11,20261002,4,4,2-6-4,700.3
2026-10-02 12:13:11,20261002,4,4,2-6-5,770.3
2026-10-02 12:13:11,20261002,4,4,3-1-2,98.7
2026-10-02 12:13:11,20261002,4,4,3-1-4,29.6
2026-10-02 12:13:11,20261002,4,4,3-1-5,30.7
2026-10-02 12:13:11,20261002,4,4,3-1-6,128.3
2026-10-02 12:13:11,20261002,4,4,3-2-1,192.5
2026-10-02 12:13:11,20261002,4,4,3-2-4,120.3
2026-10-02 12:13:11,20261002,4,4,3-2-5,160.4
2026-10-02 12:13:11,20261002,4,4,3-2-6,191.0
2026-10-02 12:13:11,20261002,4,4,3-4-1,44.1
2026-10-02 12:13:11,20261002,4,4,3-4-2,141.7
2026-10-02 12:13:11,20261002,4,4,3-4-5,38.0
2026-10-02 12:13:11,20261002,4,4,3-4-6,138.3
2026-10-02 12:13:11,20261002,4,4,3-5-1,53.2
2026-10-02 12:13:11,20261002,4,4,3-5-2,116.1
2026-10-02 12:13:11,20261002,4,4,3-5-4,48.7
2026-10-02 12:13:11,20261002,4,4,3-5-6,271.8
2026-10-02 12:13:11,20261002,4,4,3-6-1,577.7
2026-10-02 12:13:11,20261002,4,4,3-6-2,420.2
2026-10-02 12:13:11,20261002,4,4,3-6-4,481.4
2026-10-02 12:13:11,20261002,4,4,3-6-5,660.3
2026-10-02 12:13:11,20261002,4,4,4-1-2,88.2
2026-10-02 12:13:11,20261002,4,4,4-1-3,41.8
2026-10-02 12:13:11,20261002,4,4,4-1-5,29.3
2026-10-02 12:13:11,20261002,4,4,4-1-6,184.8
2026-10-02 12:13:11,20261002,4,4,4-2-1,175.0
2026-10-02 12:13:11,20261002,4,4,4-2-3,262.6
2026-10-02 12:13:11,20261002,4,4,4-2-5,220.1
2026-10-02 12:13:11,20261002,4,4,4-2-6,220.1
2026-10-02 12:13:11,20261002,4,4,4-3-1,53.8
2026-10-02 12:13:11,20261002,4,4,4-3-2,248.5
2026-10-02 12:13:11,20261002,4,4,4-3-5,63.8
2026-10-02 12:13:11,20261002,4,4,4-3-6,240.7
2026-10-02 12:13:11,20261002,4,4,4-5-1,35.5
2026-10-02 12:13:11,20261002,4,4,4-5-2,141.7
2026-10-02 12:13:11,20261002,4,4,4-5-3,64.3
2026-10-02 12:13:11,20261002,4,4,4-5-6,153.0
2026-10-02 12:13:11,20261002,4,4,4-6-1,320.9
2026-10-02 12:13:11,20261002,4,4,4-6-2,344.9
2026-10-02 12:13:11,20261002,4,4,4-6-3,525.2
2026-10-02 12:13:11,20261002,4,4,4-6-5,436.0
2026-10-02 12:13:11,20261002,4,4,5-1-2,96.2
2026-10-02 12:13:11,20261002,4,4,5-1-3,51.8
2026-10-02 12:13:11,20261002,4,4,5-1-4,49.1
2026-10-02 12:13:11,20261002,4,4,5-1-6,195.8
2026-10-02 12:13:11,20261002,4,4,5-2-1,153.0
2026-10-02 12:13:11,20261002,4,4,5-2-3,292.5
2026-10-02 12:13:11,20261002,4,4,5-2-4,210.1
2026-10-02 12:13:11,20261002,4,4,5-2-6,226.5
2026-10-02 12:13:11,20261002,4,4,5-3-1,72.2
2026-10-02 12:13:11,20261002,4,4,5-3-2,233.4
2026-10-02 12:13:11,20261002,4,4,5-3-4,81.9
2026-10-02 12:13:11,20261002,4,4,5-3-6,391.7
2026-10-02 12:13:11,20261002,4,4,5-4-1,58.6
2026-10-02 12:13:11,20261002,4,4,5-4-2,195.8
2026-10-02 12:13:11,20261002,4,4,5-4-3,80.5
2026-10-02 12:13:11,20261002,4,4,5-4-6,172.4
2026-10-02 12:13:11,20261002,4,4,5-6-1,525.2
2026-10-02 12:13:11,20261002,4,4,5-6-2,722.2
2026-10-02 12:13:11,20261002,4,4,5-6-3,334.9
2026-10-02 12:13:11,20261002,4,4,5-6-4,436.0
2026-10-02 12:13:11,20261002,4,4,6-1-2,366.8
2026-10-02 12:13:11,20261002,4,4,6-1-3,660.3
2026-10-02 12:13:11,20261002,4,4,6-1-4,660.3
2026-10-02 12:13:11,20261002,4,4,6-1-5,722.2
2026-10-02 12:13:11,20261002,4,4,6-2-1,825.4
2026-10-02 12:13:11,20261002,4,4,6-2-3,1155.0
2026-10-02 12:13:11,20261002,4,4,6-2-4,796.9
2026-10-02 12:13:11,20261002,4,4,6-2-5,796.9
2026-10-02 12:13:11,20261002,4,4,6-3-1,550.2
2026-10-02 12:13:11,20261002,4,4,6-3-2,1100.0
2026-10-02 12:13:11,20261002,4,4,6-3-4,679.7
2026-10-02 12:13:11,20261002,4,4,6-3-5,825.4
2026-10-02 12:13:11,20261002,4,4,6-4-1,1050.0
2026-10-02 12:13:11,20261002,4,4,6-4-2,1100.0
2026-10-02 12:13:11,20261002,4,4,6-4-3,962.9
2026-10-02 12:13:11,20261002,4,4,6-4-5,679.7
2026-10-02 12:13:11,20261002,4,4,6-5-1,924.4
2026-10-02 12:13:11,20261002,4,4,6-5-2,855.9
2026-10-02 12:13:11,20261002,4,4,6-5-3,1050.0
2026-10-02 12:13:11,20261002,4,4,6-5-4,679.7
2026-10-02 12:13:20,20261002,9,5,1-2-3,4.8
2026-10-02 12:13:20,20261002,9,5,1-2-4,8.6
2026-10-02 12:13:20,20261002,9,5,1-2-5,16.8
2026-10-02 12:13:20,20261002,9,5,1-2-6,32.3
2026-10-02 12:13:20,20261002,9,5,1-3-2,7.5
2026-10-02 12:13:20,20261002,9,5,1-3-4,12.2
2026-10-02 12:13:20,20261002,9,5,1-3-5,14.6
2026-10-02 12:13:20,20261002,9,5,1-3-6,121.5
2026-10-02 12:13:20,20261002,9,5,1-4-2,22.7
2026-10-02 12:13:20,20261002,9,5,1-4-3,28.7
2026-10-02 12:13:20,20261002,9,5,1-4-5,59.9
2026-10-02 12:13:20,20261002,9,5,1-4-6,187.6
2026-10-02 12:13:20,20261002,9,5,1-5-2,36.1
2026-10-02 12:13:20,20261002,9,5,1-5-3,43.1
2026-10-02 12:13:20,20261002,9,5,1-5-4,81.4
2026-10-02 12:13:20,20261002,9,5,1-5-6,104.0
2026-10-02 12:13:20,20261002,9,5,1-6-2,97.0
2026-10-02 12:13:20,20261002,9,5,1-6-3,200.7
2026-10-02 12:13:20,20261002,9,5,1-6-4,210.5
2026-10-02 12:13:20,20261002,9,5,1-6-5,134.8
2026-10-02 12:13:20,20261002,9,5,2-1-3,27.6
2026-10-02 12:13:20,20261002,9,5,2-1-4,43.6
2026-10-02 12:13:20,20261002,9,5,2-1-5,45.6
2026-10-02 12:13:20,20261002,9,5,2-1-6,134.8
2026-10-02 12:13:20,20261002,9,5,2-3-1,68.5
2026-10-02 12:13:20,20261002,9,5,2-3-4,100.3
2026-10-02 12:13:20,20261002,9,5,2-3-5,137.0
2026-10-02 12:13:20,20261002,9,5,2-3-6,246.6
2026-10-02 12:13:20,20261002,9,5,2-4-1,172.6
2026-10-02 12:13:20,20261002,9,5,2-4-3,162.8
2026-10-02 12:13:20,20261002,9,5,2-4-5,221.3
2026-10-02 12:13:20,20261002,9,5,2-4-6,332.0
2026-10-02 12:13:20,20261002,9,5,2-5-1,269.7
2026-10-02 12:13:20,20261002,9,5,2-5-3,332.0
2026-10-02 12:13:20,20261002,9,5,2-5-4,431.6
2026-10-02 12:13:20,20261002,9,5,2-5-6,479.6
2026-10-02 12:13:20,20261002,9,5,2-6-1,297.6
2026-10-02 12:13:20,20261002,9,5,2-6-3,719.4
2026-10-02 12:13:20,20261002,9,5,2-6-4,431.6
2026-10-02 12:13:20,20261002,9,5,2-6-5,454.3
2026-10-02 12:13:20,20261002,9,5,3-1-2,62.5
2026-10-02 12:13:20,20261002,9,5,3-1-4,53.6
2026-10-02 12:13:20,20261002,9,5,3-1-5,69.6
2026-10-02 12:13:20,20261002,9,5,3-1-6,246.6
2026-10-02 12:13:20,20261002,9,5,3-2-1,93.8
2026-10-02 12:13:20,20261002,9,5,3-2-4,121.5
2026-10-02 12:13:20,20261002,9,5,3-2-5,169.2
2026-10-02 12:13:20,20261002,9,5,3-2-6,345.3
2026-10-02 12:13:20,20261002,9,5,3-4-1,132.8
2026-10-02 12:13:20,20261002,9,5,3-4-2,172.6
2026-10-02 12:13:20,20261002,9,5,3-4-5,332.0
2026-10-02 12:13:20,20261002,9,5,3-4-6,375.3
2026-10-02 12:13:20,20261002,9,5,3-5-1,233.3
2026-10-02 12:13:20,20261002,9,5,3-5-2,191.8
2026-10-02 12:13:20,20261002,9,5,3-5-4,278.4
2026-10-02 12:13:20,20261002,9,5,3-5-6,454.3
2026-10-02 12:13:20,20261002,9,5,3-6-1,507.8
2026-10-02 12:13:20,20261002,9,5,3-6-2,616.6
2026-10-02 12:13:20,20261002,9,5,3-6-4,616.6
2026-10-02 12:13:20,20261002,9,5,3-6-5,719.4
2026-10-02 12:13:20,20261002,9,5,4-1-2,176.1
2026-10-02 12:13:20,20261002,9,5,4-1-3,196.2
2026-10-02 12:13:20,20261002,9,5,4-1-5,261.6
2026-10-02 12:13:20,20261002,9,5,4-1-6,392.4
2026-10-02 12:13:20,20261002,9,5,4-2-1,200.7
2026-10-02 12:13:20,20261002,9,5,4-2-3,261.6
2026-10-02 12:13:20,20261002,9,5,4-2-5,359.7
2026-10-02 12:13:20,20261002,9,5,4-2-6,392.4
2026-10-02 12:13:20,20261002,9,5,4-3-1,261.6
2026-10-02 12:13:20,20261002,9,5,4-3-2,297.6
2026-10-02 12:13:20,20261002,9,5,4-3-5,411.1
2026-10-02 12:13:20,20261002,9,5,4-3-6,507.8
2026-10-02 12:13:20,20261002,9,5,4-5-1,269.7
2026-10-02 12:13:20,20261002,9,5,4-5-2,431.6
2026-10-02 12:13:20,20261002,9,5,4-5-3,507.8
2026-10-02 12:13:20,20261002,9,5,4-5-6,784.8
2026-10-02 12:13:20,20261002,9,5,4-6-1,507.8
2026-10-02 12:13:20,20261002,9,5,4-6-2,784.8
2026-10-02 12:13:20,20261002,9,5,4-6-3,784.8
2026-10-02 12:13:20,20261002,9,5,4-6-5,1438.0
2026-10-02 12:13:20,20261002,9,5,5-1-2,227.1
2026-10-02 12:13:20,20261002,9,5,5-1-3,210.5
2026-10-02 12:13:20,20261002,9,5,5-1-4,278.4
2026-10-02 12:13:20,20261002,9,5,5-1-6,431.6
2026-10-02 12:13:20,20261002,9,5,5-2-1,507.8
2026-10-02 12:13:20,20261002,9,5,5-2-3,454.3
2026-10-02 12:13:20,20261002,9,5,5-2-4,215.8
2026-10-02 12:13:20,20261002,9,5,5-2-6,479.6
2026-10-02 12:13:20,20261002,9,5,5-3-1,359.7
2026-10-02 12:13:20,20261002,9,5,5-3-2,539.5
2026-10-02 12:13:20,20261002,9,5,5-3-4,375.3
2026-10-02 12:13:20,20261002,9,5,5-3-6,664.0
2026-10-02 12:13:20,20261002,9,5,5-4-1,332.0
2026-10-02 12:13:20,20261002,9,5,5-4-2,359.7
2026-10-02 12:13:20,20261002,9,5,5-4-3,431.6
2026-10-02 12:13:20,20261002,9,5,5-4-6,411.1
2026-10-02 12:13:20,20261002,9,5,5-6-1,719.4
2026-10-02 12:13:20,20261002,9,5,5-6-2,575.5
2026-10-02 12:13:20,20261002,9,5,5-6-3,392.4
2026-10-02 12:13:20,20261002,9,5,5-6-4,1079.0
2026-10-02 12:13:20,20261002,9,5,6-1-2,154.1
2026-10-02 12:13:20,20261002,9,5,6-1-3,719.4
2026-10-02 12:13:20,20261002,9,5,6-1-4,575.5
2026-10-02 12:13:20,20261002,9,5,6-1-5,1079.0
2026-10-02 12:13:20,20261002,9,5,6-2-1,308.3
2026-10-02 12:13:20,20261002,9,5,6-2-3,616.6
2026-10-02 12:13:20,20261002,9,5,6-2-4,664.0
2026-10-02 12:13:20,20261002,9,5,6-2-5,959.2
2026-10-02 12:13:20,20261002,9,5,6-3-1,664.0
2026-10-02 12:13:20,20261002,9,5,6-3-2,784.8
2026-10-02 12:13:20,20261002,9,5,6-3-4,959.2
2026-10-02 12:13:20,20261002,9,5,6-3-5,1079.0
2026-10-02 12:13:20,20261002,9,5,6-4-1,959.2
2026-10-02 12:13:20,20261002,9,5,6-4-2,1079.0
2026-10-02 12:13:20,20261002,9,5,6-4-3,575.5
2026-10-02 12:13:20,20261002,9,5,6-4-5,1233.0
2026-10-02 12:13:20,20261002,9,5,6-5-1,507.8
2026-10-02 12:13:20,20261002,9,5,6-5-2,784.8
2026-10-02 12:13:20,20261002,9,5,6-5-3,863.3
2026-10-02 12:13:20,20261002,9,5,6-5-4,959.2
2026-10-02 12:14:31,20261002,14,9,1-2-3,23.8
2026-10-02 12:14:31,20261002,14,9,1-2-4,47.6
2026-10-02 12:14:31,20261002,14,9,1-2-5,66.6
2026-10-02 12:14:31,20261002,14,9,1-2-6,104.4
2026-10-02 12:14:31,20261002,14,9,1-3-2,25.5
2026-10-02 12:14:31,20261002,14,9,1-3-4,37.9
2026-10-02 12:14:31,20261002,14,9,1-3-5,61.4
2026-10-02 12:14:31,20261002,14,9,1-3-6,117.7
2026-10-02 12:14:31,20261002,14,9,1-4-2,45.0
2026-10-02 12:14:31,20261002,14,9,1-4-3,41.0
2026-10-02 12:14:31,20261002,14,9,1-4-5,21.8
2026-10-02 12:14:31,20261002,14,9,1-4-6,31.0
2026-10-02 12:14:31,20261002,14,9,1-5-2,74.4
2026-10-02 12:14:31,20261002,14,9,1-5-3,82.0
2026-10-02 12:14:31,20261002,14,9,1-5-4,41.8
2026-10-02 12:14:31,20261002,14,9,1-5-6,79.5
2026-10-02 12:14:31,20261002,14,9,1-6-2,212.1
2026-10-02 12:14:31,20261002,14,9,1-6-3,259.5
2026-10-02 12:14:31,20261002,14,9,1-6-4,93.4
2026-10-02 12:14:31,20261002,14,9,1-6-5,143.7
2026-10-02 12:14:31,20261002,14,9,2-1-3,75.3
2026-10-02 12:14:31,20261002,14,9,2-1-4,78.4
2026-10-02 12:14:31,20261002,14,9,2-1-5,104.4
2026-10-02 12:14:31,20261002,14,9,2-1-6,181.8
2026-10-02 12:14:31,20261002,14,9,2-3-1,193.7
2026-10-02 12:14:31,20261002,14,9,2-3-4,138.5
2026-10-02 12:14:31,20261002,14,9,2-3-5,145.3
2026-10-02 12:14:31,20261002,14,9,2-3-6,361.3
2026-10-02 12:14:31,20261002,14,9,2-4-1,101.6
2026-10-02 12:14:31,20261002,14,9,2-4-3,131.0
2026-10-02 12:14:31,20261002,14,9,2-4-5,115.2
2026-10-02 12:14:31,20261002,14,9,2-4-6,155.4
2026-10-02 12:14:31,20261002,14,9,2-5-1,139.9
2026-10-02 12:14:31,20261002,14,9,2-5-3,138.5
2026-10-02 12:14:31,20261002,14,9,2-5-4,152.7
2026-10-02 12:14:31,20261002,14,9,2-5-6,184.3
2026-10-02 12:14:31,20261002,14,9,2-6-1,347.2
2026-10-02 12:14:31,20261002,14,9,2-6-3,376.5
2026-10-02 12:14:31,20261002,14,9,2-6-4,254.6
2026-10-02 12:14:31,20261002,14,9,2-6-5,243.0
2026-10-02 12:14:31,20261002,14,9,3-1-2,104.8
2026-10-02 12:14:31,20261002,14,9,3-1-4,72.2
2026-10-02 12:14:31,20261002,14,9,3-1-5,107.8
2026-10-02 12:14:31,20261002,14,9,3-1-6,210.5
2026-10-02 12:14:31,20261002,14,9,3-2-1,160.1
2026-10-02 12:14:31,20261002,14,9,3-2-4,134.3
2026-10-02 12:14:31,20261002,14,9,3-2-5,106.5
2026-10-02 12:14:31,20261002,14,9,3-2-6,199.5
2026-10-02 12:14:31,20261002,14,9,3-4-1,103.6
2026-10-02 12:14:31,20261002,14,9,3-4-2,151.0
2026-10-02 12:14:31,20261002,14,9,3-4-5,102.8
2026-10-02 12:14:31,20261002,14,9,3-4-6,114.2
2026-10-02 12:14:31,20261002,14,9,3-5-1,151.9
2026-10-02 12:14:31,20261002,14,9,3-5-2,114.2
2026-10-02 12:14:31,20261002,14,9,3-5-4,126.7
2026-10-02 12:14:31,20261002,14,9,3-5-6,196.5
2026-10-02 12:14:31,20261002,14,9,3-6-1,393.1
2026-10-02 12:14:31,20261002,14,9,3-6-2,445.6
2026-10-02 12:14:31,20261002,14,9,3-6-4,245.2
2026-10-02 12:14:31,20261002,14,9,3-6-5,393.1
2026-10-02 12:14:31,20261002,14,9,4-1-2,42.5
2026-10-02 12:14:31,20261002,14,9,4-1-3,54.9
2026-10-02 12:14:31,20261002,14,9,4-1-5,18.4
2026-10-02 12:14:31,20261002,14,9,4-1-6,28.1
2026-10-02 12:14:31,20261002,14,9,4-2-1,88.5
2026-10-02 12:14:31,20261002,14,9,4-2-3,136.4
2026-10-02 12:14:31,20261002,14,9,4-2-5,76.3
2026-10-02 12:14:31,20261002,14,9,4-2-6,96.1
2026-10-02 12:14:31,20261002,14,9,4-3-1,101.6
2026-10-02 12:14:31,20261002,14,9,4-3-2,137.8
2026-10-02 12:14:31,20261002,14,9,4-3-5,80.2
2026-10-02 12:14:31,20261002,14,9,4-3-6,93.4
2026-10-02 12:14:31,20261002,14,9,4-5-1,23.2
2026-10-02 12:14:31,20261002,14,9,4-5-2,50.9
2026-10-02 12:14:31,20261002,14,9,4-5-3,81.7
2026-10-02 12:14:31,20261002,14,9,4-5-6,19.7
2026-10-02 12:14:31,20261002,14,9,4-6-1,58.1
2026-10-02 12:14:31,20261002,14,9,4-6-2,100.1
2026-10-02 12:14:31,20261002,14,9,4-6-3,136.4
2026-10-02 12:14:31,20261002,14,9,4-6-5,31.4
2026-10-02 12:14:31,20261002,14,9,5-1-2,95.8
2026-10-02 12:14:31,20261002,14,9,5-1-3,118.3
2026-10-02 12:14:31,20261002,14,9,5-1-4,59.8
2026-10-02 12:14:31,20261002,14,9,5-1-6,94.8
2026-10-02 12:14:31,20261002,14,9,5-2-1,158.2
2026-10-02 12:14:31,20261002,14,9,5-2-3,171.3
2026-10-02 12:14:31,20261002,14,9,5-2-4,142.2
2026-10-02 12:14:31,20261002,14,9,5-2-6,146.9
2026-10-02 12:14:31,20261002,14,9,5-3-1,185.6
2026-10-02 12:14:31,20261002,14,9,5-3-2,195.1
2026-10-02 12:14:31,20261002,14,9,5-3-4,161.0
2026-10-02 12:14:31,20261002,14,9,5-3-6,272.8
2026-10-02 12:14:31,20261002,14,9,5-4-1,52.1
2026-10-02 12:14:31,20261002,14,9,5-4-2,114.2
2026-10-02 12:14:31,20261002,14,9,5-4-3,107.8
2026-10-02 12:14:31,20261002,14,9,5-4-6,45.7
2026-10-02 12:14:31,20261002,14,9,5-6-1,132.3
2026-10-02 12:14:31,20261002,14,9,5-6-2,134.3
2026-10-02 12:14:31,20261002,14,9,5-6-3,193.7
2026-10-02 12:14:31,20261002,14,9,5-6-4,73.0
2026-10-02 12:14:31,20261002,14,9,6-1-2,210.5
2026-10-02 12:14:31,20261002,14,9,6-1-3,477.4
2026-10-02 12:14:31,20261002,14,9,6-1-4,208.8
2026-10-02 12:14:31,20261002,14,9,6-1-5,322.1
2026-10-02 12:14:31,20261002,14,9,6-2-1,417.7
2026-10-02 12:14:31,20261002,14,9,6-2-3,438.3
2026-10-02 12:14:31,20261002,14,9,6-2-4,330.0
2026-10-02 12:14:31,20261002,14,9,6-2-5,254.6
2026-10-02 12:14:31,20261002,14,9,6-3-1,668.4
2026-10-02 12:14:31,20261002,14,9,6-3-2,581.2
2026-10-02 12:14:31,20261002,14,9,6-3-4,267.3
2026-10-02 12:14:31,20261002,14,9,6-3-5,594.1
2026-10-02 12:14:31,20261002,14,9,6-4-1,188.2
2026-10-02 12:14:31,20261002,14,9,6-4-2,376.5
2026-10-02 12:14:31,20261002,14,9,6-4-3,310.8
2026-10-02 12:14:31,20261002,14,9,6-4-5,106.0
2026-10-02 12:14:31,20261002,14,9,6-5-1,240.8
2026-10-02 12:14:31,20261002,14,9,6-5-2,224.6
2026-10-02 12:14:31,20261002,14,9,6-5-3,405.1
2026-10-02 12:14:31,20261002,14,9,6-5-4,104.0
2026-10-02 12:21:11,20261002,13,5,1-2-3,17.8
2026-10-02 12:21:11,20261002,13,5,1-2-4,6.5
2026-10-02 12:21:11,20261002,13,5,1-2-5,54.2
2026-10-02 12:21:11,20261002,13,5,1-2-6,49.3
2026-10-02 12:21:11,20261002,13,5,1-3-2,29.9
2026-10-02 12:21:11,20261002,13,5,1-3-4,28.0
2026-10-02 12:21:11,20261002,13,5,1-3-5,76.1
2026-10-02 12:21:11,20261002,13,5,1-3-6,203.1
2026-10-02 12:21:11,20261002,13,5,1-4-2,8.7
2026-10-02 12:21:11,20261002,13,5,1-4-3,19.3
2026-10-02 12:21:11,20261002,13,5,1-4-5,53.6
2026-10-02 12:21:11,20261002,13,5,1-4-6,65.6
2026-10-02 12:21:11,20261002,13,5,1-5-2,211.6
2026-10-02 12:21:11,20261002,13,5,1-5-3,224.0
2026-10-02 12:21:11,20261002,13,5,1-5-4,122.8
2026-10-02 12:21:11,20261002,13,5,1-5-6,435.3
2026-10-02 12:21:11,20261002,13,5,1-6-2,253.9
2026-10-02 12:21:11,20261002,13,5,1-6-3,324.1
2026-10-02 12:21:11,20261002,13,5,1-6-4,234.4
2026-10-02 12:21:11,20261002,13,5,1-6-5,634.8
2026-10-02 12:21:11,20261002,13,5,2-1-3,34.0
2026-10-02 12:21:11,20261002,13,5,2-1-4,13.0
2026-10-02 12:21:11,20261002,13,5,2-1-5,124.8
2026-10-02 12:21:11,20261002,13,5,2-1-6,115.4
2026-10-02 12:21:11,20261002,13,5,2-3-1,105.8
2026-10-02 12:21:11,20261002,13,5,2-3-4,58.6
2026-10-02 12:21:11,20261002,13,5,2-3-5,220.8
2026-10-02 12:21:11,20261002,13,5,2-3-6,293.0
2026-10-02 12:21:11,20261002,13,5,2-4-1,18.0
2026-10-02 12:21:11,20261002,13,5,2-4-3,47.1
2026-10-02 12:21:11,20261002,13,5,2-4-5,94.0
2026-10-02 12:21:11,20261002,13,5,2-4-6,96.4
2026-10-02 12:21:11,20261002,13,5,2-5-1,293.0
2026-10-02 12:21:11,20261002,13,5,2-5-3,338.5
2026-10-02 12:21:11,20261002,13,5,2-5-4,287.4
2026-10-02 12:21:11,20261002,13,5,2-5-6,725.5
2026-10-02 12:21:11,20261002,13,5,2-6-1,586.0
2026-10-02 12:21:11,20261002,13,5,2-6-3,586.0
2026-10-02 12:21:11,20261002,13,5,2-6-4,354.3
2026-10-02 12:21:11,20261002,13,5,2-6-5,544.1
2026-10-02 12:21:11,20261002,13,5,3-1-2,92.3
2026-10-02 12:21:11,20261002,13,5,3-1-4,80.6
2026-10-02 12:21:11,20261002,13,5,3-1-5,245.7
2026-10-02 12:21:11,20261002,13,5,3-1-6,298.7
2026-10-02 12:21:11,20261002,13,5,3-2-1,130.2
2026-10-02 12:21:11,20261002,13,5,3-2-4,97.0
2026-10-02 12:21:11,20261002,13,5,3-2-5,338.5
2026-10-02 12:21:11,20261002,13,5,3-2-6,293.0
2026-10-02 12:21:11,20261002,13,5,3-4-1,108.0
2026-10-02 12:21:11,20261002,13,5,3-4-2,104.3
2026-10-02 12:21:11,20261002,13,5,3-4-5,272.0
2026-10-02 12:21:11,20261002,13,5,3-4-6,258.2
2026-10-02 12:21:11,20261002,13,5,3-5-1,380.9
2026-10-02 12:21:11,20261002,13,5,3-5-2,310.9
2026-10-02 12:21:11,20261002,13,5,3-5-4,390.6
2026-10-02 12:21:11,20261002,13,5,3-5-6,564.3
2026-10-02 12:21:11,20261002,13,5,3-6-1,1269.0
2026-10-02 12:21:11,20261002,13,5,3-6-2,634.8
2026-10-02 12:21:11,20261002,13,5,3-6-4,801.9
2026-10-02 12:21:11,20261002,13,5,3-6-5,952.2
2026-10-02 12:21:11,20261002,13,5,4-1-2,13.3
2026-10-02 12:21:11,20261002,13,5,4-1-3,36.8
2026-10-02 12:21:11,20261002,13,5,4-1-5,59.0
2026-10-02 12:21:11,20261002,13,5,4-1-6,75.4
2026-10-02 12:21:11,20261002,13,5,4-2-1,15.9
2026-10-02 12:21:11,20261002,13,5,4-2-3,43.4
2026-10-02 12:21:11,20261002,13,5,4-2-5,77.3
2026-10-02 12:21:11,20261002,13,5,4-2-6,74.3
2026-10-02 12:21:11,20261002,13,5,4-3-1,72.2
2026-10-02 12:21:11,20261002,13,5,4-3-2,72.5
2026-10-02 12:21:11,20261002,13,5,4-3-5,188.1
2026-10-02 12:21:11,20261002,13,5,4-3-6,217.6
2026-10-02 12:21:11,20261002,13,5,4-5-1,106.5
2026-10-02 12:21:11,20261002,13,5,4-5-2,149.3
2026-10-02 12:21:11,20261002,13,5,4-5-3,203.1
2026-10-02 12:21:11,20261002,13,5,4-5-6,171.1
2026-10-02 12:21:11,20261002,13,5,4-6-1,163.8
2026-10-02 12:21:11,20261002,13,5,4-6-2,179.2
2026-10-02 12:21:11,20261002,13,5,4-6-3,304.7
2026-10-02 12:21:11,20261002,13,5,4-6-5,224.0
2026-10-02 12:21:11,20261002,13,5,5-1-2,298.7
2026-10-02 12:21:11,20261002,13,5,5-1-3,338.5
2026-10-02 12:21:11,20261002,13,5,5-1-4,241.8
2026-10-02 12:21:11,20261002,13,5,5-1-6,609.4
2026-10-02 12:21:11,20261002,13,5,5-2-1,346.2
2026-10-02 12:21:11,20261002,13,5,5-2-3,435.3
2026-10-02 12:21:11,20261002,13,5,5-2-4,293.0
2026-10-02 12:21:11,20261002,13,5,5-2-6,544.1
2026-10-02 12:21:11,20261002,13,5,5-3-1,609.4
2026-10-02 12:21:11,20261002,13,5,5-3-2,525.3
2026-10-02 12:21:11,20261002,13,5,5-3-4,609.4
2026-10-02 12:21:11,20261002,13,5,5-3-6,1015.0
2026-10-02 12:21:11,20261002,13,5,5-4-1,423.2
2026-10-02 12:21:11,20261002,13,5,5-4-2,411.7
2026-10-02 12:21:11,20261002,13,5,5-4-3,662.4
2026-10-02 12:21:11,20261002,13,5,5-4-6,461.7
2026-10-02 12:21:11,20261002,13,5,5-6-1,1269.0
2026-10-02 12:21:11,20261002,13,5,5-6-2,1088.0
2026-10-02 12:21:11,20261002,13,5,5-6-3,662.4
2026-10-02 12:21:11,20261002,13,5,5-6-4,846.4
2026-10-02 12:21:11,20261002,13,5,6-1-2,253.9
2026-10-02 12:21:11,20261002,13,5,6-1-3,1015.0
2026-10-02 12:21:11,20261002,13,5,6-1-4,609.4
2026-10-02 12:21:11,20261002,13,5,6-1-5,1269.0
2026-10-02 12:21:11,20261002,13,5,6-2-1,390.6
2026-10-02 12:21:11,20261002,13,5,6-2-3,371.6
2026-10-02 12:21:11,20261002,13,5,6-2-4,435.3
2026-10-02 12:21:11,20261002,13,5,6-2-5,761.8
2026-10-02 12:21:11,20261002,13,5,6-3-1,1692.0
2026-10-02 12:21:11,20261002,13,5,6-3-2,1269.0
2026-10-02 12:21:11,20261002,13,5,6-3-4,1904.0
2026-10-02 12:21:11,20261002,13,5,6-3-5,2176.0
2026-10-02 12:21:11,20261002,13,5,6-4-1,801.9
2026-10-02 12:21:11,20261002,13,5,6-4-2,634.8
2026-10-02 12:21:11,20261002,13,5,6-4-3,1904.0
2026-10-02 12:21:11,20261002,13,5,6-4-5,1015.0
2026-10-02 12:21:11,20261002,13,5,6-5-1,1904.0
2026-10-02 12:21:11,20261002,13,5,6-5-2,952.2
2026-10-02 12:21:11,20261002,13,5,6-5-3,1015.0
2026-10-02 12:21:11,20261002,13,5,6-5-4,1015.0
2026-10-02 12:24:28,20261002,23,9,1-2-3,61.5
2026-10-02 12:24:28,20261002,23,9,1-2-4,40.2
2026-10-02 12:24:28,20261002,23,9,1-2-5,69.1
2026-10-02 12:24:28,20261002,23,9,1-2-6,152.8
2026-10-02 12:24:28,20261002,23,9,1-3-2,71.0
2026-10-02 12:24:28,20261002,23,9,1-3-4,53.6
2026-10-02 12:24:28,20261002,23,9,1-3-5,85.4
2026-10-02 12:24:28,20261002,23,9,1-3-6,270.7
2026-10-02 12:24:28,20261002,23,9,1-4-2,22.4
2026-10-02 12:24:28,20261002,23,9,1-4-3,30.9
2026-10-02 12:24:28,20261002,23,9,1-4-5,24.5
2026-10-02 12:24:28,20261002,23,9,1-4-6,111.0
2026-10-02 12:24:28,20261002,23,9,1-5-2,105.6
2026-10-02 12:24:28,20261002,23,9,1-5-3,103.9
2026-10-02 12:24:28,20261002,23,9,1-5-4,56.7
2026-10-02 12:24:28,20261002,23,9,1-5-6,213.0
2026-10-02 12:24:28,20261002,23,9,1-6-2,196.8
2026-10-02 12:24:28,20261002,23,9,1-6-3,393.7
2026-10-02 12:24:28,20261002,23,9,1-6-4,151.0
2026-10-02 12:24:28,20261002,23,9,1-6-5,333.1
2026-10-02 12:24:28,20261002,23,9,2-1-3,102.3
2026-10-02 12:24:28,20261002,23,9,2-1-4,56.9
2026-10-02 12:24:28,20261002,23,9,2-1-5,86.6
2026-10-02 12:24:28,20261002,23,9,2-1-6,227.9
2026-10-02 12:24:28,20261002,23,9,2-3-1,166.5
2026-10-02 12:24:28,20261002,23,9,2-3-4,96.9
2026-10-02 12:24:28,20261002,23,9,2-3-5,175.6
2026-10-02 12:24:28,20261002,23,9,2-3-6,360.9
2026-10-02 12:24:28,20261002,23,9,2-4-1,57.4
2026-10-02 12:24:28,20261002,23,9,2-4-3,72.5
2026-10-02 12:24:28,20261002,23,9,2-4-5,33.4
2026-10-02 12:24:28,20261002,23,9,2-4-6,97.7
2026-10-02 12:24:28,20261002,23,9,2-5-1,175.6
2026-10-02 12:24:28,20261002,23,9,2-5-3,199.9
2026-10-02 12:24:28,20261002,23,9,2-5-4,51.9
2026-10-02 12:24:28,20261002,23,9,2-5-6,220.2
2026-10-02 12:24:28,20261002,23,9,2-6-1,448.0
2026-10-02 12:24:28,20261002,23,9,2-6-3,393.7
2026-10-02 12:24:28,20261002,23,9,2-6-4,265.1
2026-10-02 12:24:28,20261002,23,9,2-6-5,282.4
2026-10-02 12:24:28,20261002,23,9,3-1-2,180.4
2026-10-02 12:24:28,20261002,23,9,3-1-4,79.7
2026-10-02 12:24:28,20261002,23,9,3-1-5,132.5
2026-10-02 12:24:28,20261002,23,9,3-1-6,481.2
2026-10-02 12:24:28,20261002,23,9,3-2-1,254.7
2026-10-02 12:24:28,20261002,23,9,3-2-4,136.7
2026-10-02 12:24:28,20261002,23,9,3-2-5,185.6
2026-10-02 12:24:28,20261002,23,9,3-2-6,232.0
2026-10-02 12:24:28,20261002,23,9,3-4-1,107.3
2026-10-02 12:24:28,20261002,23,9,3-4-2,158.4
2026-10-02 12:24:28,20261002,23,9,3-4-5,164.4
2026-10-02 12:24:28,20261002,23,9,3-4-6,276.4
2026-10-02 12:24:28,20261002,23,9,3-5-1,209.5
2026-10-02 12:24:28,20261002,23,9,3-5-2,240.6
2026-10-02 12:24:28,20261002,23,9,3-5-4,216.5
2026-10-02 12:24:28,20261002,23,9,3-5-6,448.0
2026-10-02 12:24:28,20261002,23,9,3-6-1,928.1
2026-10-02 12:24:28,20261002,23,9,3-6-2,276.4
2026-10-02 12:24:28,20261002,23,9,3-6-4,481.2
2026-10-02 12:24:28,20261002,23,9,3-6-5,764.3
2026-10-02 12:24:28,20261002,23,9,4-1-2,21.1
2026-10-02 12:24:28,20261002,23,9,4-1-3,35.6
2026-10-02 12:24:28,20261002,23,9,4-1-5,18.0
2026-10-02 12:24:28,20261002,23,9,4-1-6,67.3
2026-10-02 12:24:28,20261002,23,9,4-2-1,24.4
2026-10-02 12:24:28,20261002,23,9,4-2-3,38.1
2026-10-02 12:24:28,20261002,23,9,4-2-5,14.0
2026-10-02 12:24:28,20261002,23,9,4-2-6,35.9
2026-10-02 12:24:28,20261002,23,9,4-3-1,58.2
2026-10-02 12:24:28,20261002,23,9,4-3-2,62.7
2026-10-02 12:24:28,20261002,23,9,4-3-5,71.7
2026-10-02 12:24:28,20261002,23,9,4-3-6,146.0
2026-10-02 12:24:28,20261002,23,9,4-5-1,21.5
2026-10-02 12:24:28,20261002,23,9,4-5-2,16.2
2026-10-02 12:24:28,20261002,23,9,4-5-3,53.6
2026-10-02 12:24:28,20261002,23,9,4-5-6,24.8
2026-10-02 12:24:28,20261002,23,9,4-6-1,124.9
2026-10-02 12:24:28,20261002,23,9,4-6-2,93.4
2026-10-02 12:24:28,20261002,23,9,4-6-3,209.5
2026-10-02 12:24:28,20261002,23,9,4-6-5,60.1
2026-10-02 12:24:28,20261002,23,9,5-1-2,196.8
2026-10-02 12:24:28,20261002,23,9,5-1-3,191.0
2026-10-02 12:24:28,20261002,23,9,5-1-4,96.9
2026-10-02 12:24:28,20261002,23,9,5-1-6,236.2
2026-10-02 12:24:28,20261002,23,9,5-2-1,270.7
2026-10-02 12:24:28,20261002,23,9,5-2-3,180.4
2026-10-02 12:24:28,20261002,23,9,5-2-4,75.9
2026-10-02 12:24:28,20261002,23,9,5-2-6,265.1
2026-10-02 12:24:28,20261002,23,9,5-3-1,341.9
2026-10-02 12:24:28,20261002,23,9,5-3-2,316.9
2026-10-02 12:24:28,20261002,23,9,5-3-4,213.0
2026-10-02 12:24:28,20261002,23,9,5-3-6,618.7
2026-10-02 12:24:28,20261002,23,9,5-4-1,75.1
2026-10-02 12:24:28,20261002,23,9,5-4-2,52.8
2026-10-02 12:24:28,20261002,23,9,5-4-3,144.3
2026-10-02 12:24:28,20261002,23,9,5-4-6,68.0
2026-10-02 12:24:28,20261002,23,9,5-6-1,341.9
2026-10-02 12:24:28,20261002,23,9,5-6-2,302.1
2026-10-02 12:24:28,20261002,23,9,5-6-3,333.1
2026-10-02 12:24:28,20261002,23,9,5-6-4,158.4
2026-10-02 12:24:28,20261002,23,9,6-1-2,288.7
2026-10-02 12:24:28,20261002,23,9,6-1-3,1299.0
2026-10-02 12:24:28,20261002,23,9,6-1-4,464.0
2026-10-02 12:24:28,20261002,23,9,6-1-5,683.9
2026-10-02 12:24:28,20261002,23,9,6-2-1,649.7
2026-10-02 12:24:28,20261002,23,9,6-2-3,324.8
2026-10-02 12:24:28,20261002,23,9,6-2-4,302.1
2026-10-02 12:24:28,20261002,23,9,6-2-5,282.4
2026-10-02 12:24:28,20261002,23,9,6-3-1,999.5
2026-10-02 12:24:28,20261002,23,9,6-3-2,590.6
2026-10-02 12:24:28,20261002,23,9,6-3-4,519.7
2026-10-02 12:24:28,20261002,23,9,6-3-5,519.7
2026-10-02 12:24:28,20261002,23,9,6-4-1,519.7
2026-10-02 12:24:28,20261002,23,9,6-4-2,324.8
2026-10-02 12:24:28,20261002,23,9,6-4-3,464.0
2026-10-02 12:24:28,20261002,23,9,6-4-5,203.0
2026-10-02 12:24:28,20261002,23,9,6-5-1,564.9
2026-10-02 12:24:28,20261002,23,9,6-5-2,564.9
2026-10-02 12:24:28,20261002,23,9,6-5-3,464.0
2026-10-02 12:24:28,20261002,23,9,6-5-4,188.3
2026-10-02 12:27:04,20261002,22,4,1-2-3,71.7
2026-10-02 12:27:04,20261002,22,4,1-2-4,63.7
2026-10-02 12:27:04,20261002,22,4,1-2-5,149.5
2026-10-02 12:27:04,20261002,22,4,1-2-6,83.4
2026-10-02 12:27:04,20261002,22,4,1-3-2,52.2
2026-10-02 12:27:04,20261002,22,4,1-3-4,35.5
2026-10-02 12:27:04,20261002,22,4,1-3-5,57.0
2026-10-02 12:27:04,20261002,22,4,1-3-6,25.3
2026-10-02 12:27:04,20261002,22,4,1-4-2,68.3
2026-10-02 12:27:04,20261002,22,4,1-4-3,45.6
2026-10-02 12:27:04,20261002,22,4,1-4-5,122.2
2026-10-02 12:27:04,20261002,22,4,1-4-6,31.8
2026-10-02 12:27:04,20261002,22,4,1-5-2,206.5
2026-10-02 12:27:04,20261002,22,4,1-5-3,201.7
2026-10-02 12:27:04,20261002,22,4,1-5-4,234.5
2026-10-02 12:27:04,20261002,22,4,1-5-6,92.3
2026-10-02 12:27:04,20261002,22,4,1-6-2,72.9
2026-10-02 12:27:04,20261002,22,4,1-6-3,28.7
2026-10-02 12:27:04,20261002,22,4,1-6-4,31.7
2026-10-02 12:27:04,20261002,22,4,1-6-5,85.0
2026-10-02 12:27:04,20261002,22,4,2-1-3,103.2
2026-10-02 12:27:04,20261002,22,4,2-1-4,192.8
2026-10-02 12:27:04,20261002,22,4,2-1-5,201.7
2026-10-02 12:27:04,20261002,22,4,2-1-6,123.9
2026-10-02 12:27:04,20261002,22,4,2-3-1,152.2
2026-10-02 12:27:04,20261002,22,4,2-3-4,262.9
2026-10-02 12:27:04,20261002,22,4,2-3-5,152.2
2026-10-02 12:27:04,20261002,22,4,2-3-6,201.7
2026-10-02 12:27:04,20261002,22,4,2-4-1,255.1
2026-10-02 12:27:04,20261002,22,4,2-4-3,262.9
2026-10-02 12:27:04,20261002,22,4,2-4-5,271.1
2026-10-02 12:27:04,20261002,22,4,2-4-6,173.5
2026-10-02 12:27:04,20261002,22,4,2-5-1,262.9
2026-10-02 12:27:04,20261002,22,4,2-5-3,321.3
2026-10-02 12:27:04,20261002,22,4,2-5-4,413.1
2026-10-02 12:27:04,20261002,22,4,2-5-6,361.5
2026-10-02 12:27:04,20261002,22,4,2-6-1,201.7
2026-10-02 12:27:04,20261002,22,4,2-6-3,271.1
2026-10-02 12:27:04,20261002,22,4,2-6-4,86.7
2026-10-02 12:27:04,20261002,22,4,2-6-5,255.1
2026-10-02 12:27:04,20261002,22,4,3-1-2,104.5
2026-10-02 12:27:04,20261002,22,4,3-1-4,67.7
2026-10-02 12:27:04,20261002,22,4,3-1-5,87.6
2026-10-02 12:27:04,20261002,22,4,3-1-6,61.5
2026-10-02 12:27:04,20261002,22,4,3-2-1,142.2
2026-10-02 12:27:04,20261002,22,4,3-2-4,149.5
2026-10-02 12:27:04,20261002,22,4,3-2-5,154.9
2026-10-02 12:27:04,20261002,22,4,3-2-6,135.5
2026-10-02 12:27:04,20261002,22,4,3-4-1,91.3
2026-10-02 12:27:04,20261002,22,4,3-4-2,129.5
2026-10-02 12:27:04,20261002,22,4,3-4-5,102.0
2026-10-02 12:27:04,20261002,22,4,3-4-6,35.7
2026-10-02 12:27:04,20261002,22,4,3-5-1,192.8
2026-10-02 12:27:04,20261002,22,4,3-5-2,180.7
2026-10-02 12:27:04,20261002,22,4,3-5-4,180.7
2026-10-02 12:27:04,20261002,22,4,3-5-6,120.5
2026-10-02 12:27:04,20261002,22,4,3-6-1,78.8
2026-10-02 12:27:04,20261002,22,4,3-6-2,111.2
2026-10-02 12:27:04,20261002,22,4,3-6-4,38.9
2026-10-02 12:27:04,20261002,22,4,3-6-5,95.3
2026-10-02 12:27:04,20261002,22,4,4-1-2,114.1
2026-10-02 12:27:04,20261002,22,4,4-1-3,95.3
2026-10-02 12:27:04,20261002,22,4,4-1-5,131.4
2026-10-02 12:27:04,20261002,22,4,4-1-6,52.2
2026-10-02 12:27:04,20261002,22,4,4-2-1,197.1
2026-10-02 12:27:04,20261002,22,4,4-2-3,206.5
2026-10-02 12:27:04,20261002,22,4,4-2-5,211.6
2026-10-02 12:27:04,20261002,22,4,4-2-6,97.4
2026-10-02 12:27:04,20261002,22,4,4-3-1,142.2
2026-10-02 12:27:04,20261002,22,4,4-3-2,262.9
2026-10-02 12:27:04,20261002,22,4,4-3-5,118.8
2026-10-02 12:27:04,20261002,22,4,4-3-6,43.8
2026-10-02 12:27:04,20261002,22,4,4-5-1,142.2
2026-10-02 12:27:04,20261002,22,4,4-5-2,184.6
2026-10-02 12:27:04,20261002,22,4,4-5-3,216.9
2026-10-02 12:27:04,20261002,22,4,4-5-6,61.1
2026-10-02 12:27:04,20261002,22,4,4-6-1,39.4
2026-10-02 12:27:04,20261002,22,4,4-6-2,61.1
2026-10-02 12:27:04,20261002,22,4,4-6-3,36.6
2026-10-02 12:27:04,20261002,22,4,4-6-5,36.1
2026-10-02 12:27:04,20261002,22,4,5-1-2,377.2
2026-10-02 12:27:04,20261002,22,4,5-1-3,279.8
2026-10-02 12:27:04,20261002,22,4,5-1-4,262.9
2026-10-02 12:27:04,20261002,22,4,5-1-6,309.8
2026-10-02 12:27:04,20261002,22,4,5-2-1,394.3
2026-10-02 12:27:04,20261002,22,4,5-2-3,394.3
2026-10-02 12:27:04,20261002,22,4,5-2-4,279.8
2026-10-02 12:27:04,20261002,22,4,5-2-6,333.7
2026-10-02 12:27:04,20261002,22,4,5-3-1,228.3
2026-10-02 12:27:04,20261002,22,4,5-3-2,299.1
2026-10-02 12:27:04,20261002,22,4,5-3-4,289.2
2026-10-02 12:27:04,20261002,22,4,5-3-6,184.6
2026-10-02 12:27:04,20261002,22,4,5-4-1,206.5
2026-10-02 12:27:04,20261002,22,4,5-4-2,216.9
2026-10-02 12:27:04,20261002,22,4,5-4-3,271.1
2026-10-02 12:27:04,20261002,22,4,5-4-6,85.9
2026-10-02 12:27:04,20261002,22,4,5-6-1,197.1
2026-10-02 12:27:04,20261002,22,4,5-6-2,188.6
2026-10-02 12:27:04,20261002,22,4,5-6-3,137.7
2026-10-02 12:27:04,20261002,22,4,5-6-4,91.3
2026-10-02 12:27:04,20261002,22,4,6-1-2,76.7
2026-10-02 12:27:04,20261002,22,4,6-1-3,51.6
2026-10-02 12:27:04,20261002,22,4,6-1-4,46.9
2026-10-02 12:27:04,20261002,22,4,6-1-5,97.4
2026-10-02 12:27:04,20261002,22,4,6-2-1,149.5
2026-10-02 12:27:04,20261002,22,4,6-2-3,92.3
2026-10-02 12:27:04,20261002,22,4,6-2-4,76.7
2026-10-02 12:27:04,20261002,22,4,6-2-5,152.2
2026-10-02 12:27:04,20261002,22,4,6-3-1,66.7
2026-10-02 12:27:04,20261002,22,4,6-3-2,105.8
2026-10-02 12:27:04,20261002,22,4,6-3-4,33.1
2026-10-02 12:27:04,20261002,22,4,6-3-5,54.2
2026-10-02 12:27:04,20261002,22,4,6-4-1,41.3
2026-10-02 12:27:04,20261002,22,4,6-4-2,63.3
2026-10-02 12:27:04,20261002,22,4,6-4-3,32.2
2026-10-02 12:27:04,20261002,22,4,6-4-5,33.5
2026-10-02 12:27:04,20261002,22,4,6-5-1,131.4
2026-10-02 12:27:04,20261002,22,4,6-5-2,131.4
2026-10-02 12:27:04,20261002,22,4,6-5-3,57.8
2026-10-02 12:27:04,20261002,22,4,6-5-4,47.1
2026-10-02 12:28:15,20261002,18,9,1-2-3,34.5
2026-10-02 12:28:15,20261002,18,9,1-2-4,10.5
2026-10-02 12:28:15,20261002,18,9,1-2-5,22.9
2026-10-02 12:28:15,20261002,18,9,1-2-6,96.0
2026-10-02 12:28:15,20261002,18,9,1-3-2,43.1
2026-10-02 12:28:15,20261002,18,9,1-3-4,57.1
2026-10-02 12:28:15,20261002,18,9,1-3-5,79.9
2026-10-02 12:28:15,20261002,18,9,1-3-6,195.7
2026-10-02 12:28:15,20261002,18,9,1-4-2,20.1
2026-10-02 12:28:15,20261002,18,9,1-4-3,71.6
2026-10-02 12:28:15,20261002,18,9,1-4-5,46.2
2026-10-02 12:28:15,20261002,18,9,1-4-6,104.5
2026-10-02 12:28:15,20261002,18,9,1-5-2,45.8
2026-10-02 12:28:15,20261002,18,9,1-5-3,93.6
2026-10-02 12:28:15,20261002,18,9,1-5-4,57.8
2026-10-02 12:28:15,20261002,18,9,1-5-6,254.5
2026-10-02 12:28:15,20261002,18,9,1-6-2,221.3
2026-10-02 12:28:15,20261002,18,9,1-6-3,324.8
2026-10-02 12:28:15,20261002,18,9,1-6-4,195.7
2026-10-02 12:28:15,20261002,18,9,1-6-5,477.1
2026-10-02 12:28:15,20261002,18,9,2-1-3,40.0
2026-10-02 12:28:15,20261002,18,9,2-1-4,9.8
2026-10-02 12:28:15,20261002,18,9,2-1-5,23.2
2026-10-02 12:28:15,20261002,18,9,2-1-6,144.0
2026-10-02 12:28:15,20261002,18,9,2-3-1,91.4
2026-10-02 12:28:15,20261002,18,9,2-3-4,96.6
2026-10-02 12:28:15,20261002,18,9,2-3-5,82.9
2026-10-02 12:28:15,20261002,18,9,2-3-6,355.1
2026-10-02 12:28:15,20261002,18,9,2-4-1,19.2
2026-10-02 12:28:15,20261002,18,9,2-4-3,45.5
2026-10-02 12:28:15,20261002,18,9,2-4-5,19.2
2026-10-02 12:28:15,20261002,18,9,2-4-6,149.7
2026-10-02 12:28:15,20261002,18,9,2-5-1,40.2
2026-10-02 12:28:15,20261002,18,9,2-5-3,82.5
2026-10-02 12:28:15,20261002,18,9,2-5-4,32.4
2026-10-02 12:28:15,20261002,18,9,2-5-6,155.8
2026-10-02 12:28:15,20261002,18,9,2-6-1,492.5
2026-10-02 12:28:15,20261002,18,9,2-6-3,727.1
2026-10-02 12:28:15,20261002,18,9,2-6-4,391.5
2026-10-02 12:28:15,20261002,18,9,2-6-5,318.1
2026-10-02 12:28:15,20261002,18,9,3-1-2,198.3
2026-10-02 12:28:15,20261002,18,9,3-1-4,159.0
2026-10-02 12:28:15,20261002,18,9,3-1-5,157.4
2026-10-02 12:28:15,20261002,18,9,3-1-6,526.5
2026-10-02 12:28:15,20261002,18,9,3-2-1,215.0
2026-10-02 12:28:15,20261002,18,9,3-2-4,188.5
2026-10-02 12:28:15,20261002,18,9,3-2-5,212.0
2026-10-02 12:28:15,20261002,18,9,3-2-6,347.0
2026-10-02 12:28:15,20261002,18,9,3-4-1,277.6
2026-10-02 12:28:15,20261002,18,9,3-4-2,198.3
2026-10-02 12:28:15,20261002,18,9,3-4-5,355.1
2026-10-02 12:28:15,20261002,18,9,3-4-6,305.4
2026-10-02 12:28:15,20261002,18,9,3-5-1,186.2
2026-10-02 12:28:15,20261002,18,9,3-5-2,179.6
2026-10-02 12:28:15,20261002,18,9,3-5-4,254.5
2026-10-02 12:28:15,20261002,18,9,3-5-6,381.7
2026-10-02 12:28:15,20261002,18,9,3-6-1,898.2
2026-10-02 12:28:15,20261002,18,9,3-6-2,727.1
2026-10-02 12:28:15,20261002,18,9,3-6-4,587.3
2026-10-02 12:28:15,20261002,18,9,3-6-5,492.5
2026-10-02 12:28:15,20261002,18,9,4-1-2,39.8
2026-10-02 12:28:15,20261002,18,9,4-1-3,137.5
2026-10-02 12:28:15,20261002,18,9,4-1-5,33.4
2026-10-02 12:28:15,20261002,18,9,4-1-6,106.7
2026-10-02 12:28:15,20261002,18,9,4-2-1,38.3
2026-10-02 12:28:15,20261002,18,9,4-2-3,101.8
2026-10-02 12:28:15,20261002,18,9,4-2-5,29.8
2026-10-02 12:28:15,20261002,18,9,4-2-6,125.1
2026-10-02 12:28:15,20261002,18,9,4-3-1,209.1
2026-10-02 12:28:15,20261002,18,9,4-3-2,183.9
2026-10-02 12:28:15,20261002,18,9,4-3-5,177.5
2026-10-02 12:28:15,20261002,18,9,4-3-6,347.0
2026-10-02 12:28:15,20261002,18,9,4-5-1,44.6
2026-10-02 12:28:15,20261002,18,9,4-5-2,36.5
2026-10-02 12:28:15,20261002,18,9,4-5-3,119.2
2026-10-02 12:28:15,20261002,18,9,4-5-6,101.8
2026-10-02 12:28:15,20261002,18,9,4-6-1,282.7
2026-10-02 12:28:15,20261002,18,9,4-6-2,227.9
2026-10-02 12:28:15,20261002,18,9,4-6-3,412.7
2026-10-02 12:28:15,20261002,18,9,4-6-5,263.2
2026-10-02 12:28:15,20261002,18,9,5-1-2,76.7
2026-10-02 12:28:15,20261002,18,9,5-1-3,140.0
2026-10-02 12:28:15,20261002,18,9,5-1-4,72.3
2026-10-02 12:28:15,20261002,18,9,5-1-6,169.6
2026-10-02 12:28:15,20261002,18,9,5-2-1,73.4
2026-10-02 12:28:15,20261002,18,9,5-2-3,159.0
2026-10-02 12:28:15,20261002,18,9,5-2-4,57.6
2026-10-02 12:28:15,20261002,18,9,5-2-6,209.1
2026-10-02 12:28:15,20261002,18,9,5-3-1,293.6
2026-10-02 12:28:15,20261002,18,9,5-3-2,288.1
2026-10-02 12:28:15,20261002,18,9,5-3-4,227.9
2026-10-02 12:28:15,20261002,18,9,5-3-6,526.5
2026-10-02 12:28:15,20261002,18,9,5-4-1,94.2
2026-10-02 12:28:15,20261002,18,9,5-4-2,68.4
2026-10-02 12:28:15,20261002,18,9,5-4-3,186.2
2026-10-02 12:28:15,20261002,18,9,5-4-6,169.6
2026-10-02 12:28:15,20261002,18,9,5-6-1,424.1
2026-10-02 12:28:15,20261002,18,9,5-6-2,436.2
2026-10-02 12:28:15,20261002,18,9,5-6-3,424.1
2026-10-02 12:28:15,20261002,18,9,5-6-4,449.1
2026-10-02 12:28:15,20261002,18,9,6-1-2,215.0
2026-10-02 12:28:15,20261002,18,9,6-1-3,694.0
2026-10-02 12:28:15,20261002,18,9,6-1-4,509.0
2026-10-02 12:28:15,20261002,18,9,6-1-5,848.3
2026-10-02 12:28:15,20261002,18,9,6-2-1,509.0
2026-10-02 12:28:15,20261002,18,9,6-2-3,258.8
2026-10-02 12:28:15,20261002,18,9,6-2-4,477.1
2026-10-02 12:28:15,20261002,18,9,6-2-5,449.1
2026-10-02 12:28:15,20261002,18,9,6-3-1,1090.0
2026-10-02 12:28:15,20261002,18,9,6-3-2,299.4
2026-10-02 12:28:15,20261002,18,9,6-3-4,1090.0
2026-10-02 12:28:15,20261002,18,9,6-3-5,363.5
2026-10-02 12:28:15,20261002,18,9,6-4-1,727.1
2026-10-02 12:28:15,20261002,18,9,6-4-2,636.2
2026-10-02 12:28:15,20261002,18,9,6-4-3,848.3
2026-10-02 12:28:15,20261002,18,9,6-4-5,663.9
2026-10-02 12:28:15,20261002,18,9,6-5-1,848.3
2026-10-02 12:28:15,20261002,18,9,6-5-2,587.3
2026-10-02 12:28:15,20261002,18,9,6-5-3,848.3
2026-10-02 12:28:15,20261002,18,9,6-5-4,587.3
2026-10-02 12:37:08,20261002,16,5,1-2-3,29.1
2026-10-02 12:37:08,20261002,16,5,1-2-4,30.5
2026-10-02 12:37:08,20261002,16,5,1-2-5,67.0
2026-10-02 12:37:08,20261002,16,5,1-2-6,21.2
2026-10-02 12:37:08,20261002,16,5,1-3-2,29.8
2026-10-02 12:37:08,20261002,16,5,1-3-4,15.6
2026-10-02 12:37:08,20261002,16,5,1-3-5,30.2
2026-10-02 12:37:08,20261002,16,5,1-3-6,12.2
2026-10-02 12:37:08,20261002,16,5,1-4-2,30.3
2026-10-02 12:37:08,20261002,16,5,1-4-3,20.1
2026-10-02 12:37:08,20261002,16,5,1-4-5,38.2
2026-10-02 12:37:08,20261002,16,5,1-4-6,11.4
2026-10-02 12:37:08,20261002,16,5,1-5-2,97.7
2026-10-02 12:37:08,20261002,16,5,1-5-3,83.1
2026-10-02 12:37:08,20261002,16,5,1-5-4,93.1
2026-10-02 12:37:08,20261002,16,5,1-5-6,46.7
2026-10-02 12:37:08,20261002,16,5,1-6-2,36.1
2026-10-02 12:37:08,20261002,16,5,1-6-3,25.9
2026-10-02 12:37:08,20261002,16,5,1-6-4,23.8
2026-10-02 12:37:08,20261002,16,5,1-6-5,47.2
2026-10-02 12:37:08,20261002,16,5,2-1-3,100.0
2026-10-02 12:37:08,20261002,16,5,2-1-4,93.7
2026-10-02 12:37:08,20261002,16,5,2-1-5,130.5
2026-10-02 12:37:08,20261002,16,5,2-1-6,87.4
2026-10-02 12:37:08,20261002,16,5,2-3-1,198.2
2026-10-02 12:37:08,20261002,16,5,2-3-4,234.2
2026-10-02 12:37:08,20261002,16,5,2-3-5,212.1
2026-10-02 12:37:08,20261002,16,5,2-3-6,215.9
2026-10-02 12:37:08,20261002,16,5,2-4-1,248.6
2026-10-02 12:37:08,20261002,16,5,2-4-3,322.4
2026-10-02 12:37:08,20261002,16,5,2-4-5,379.3
2026-10-02 12:37:08,20261002,16,5,2-4-6,161.2
2026-10-02 12:37:08,20261002,16,5,2-5-1,514.5
2026-10-02 12:37:08,20261002,16,5,2-5-3,452.0
2026-10-02 12:37:08,20261002,16,5,2-5-4,721.9
2026-10-02 12:37:08,20261002,16,5,2-5-6,324.6
2026-10-02 12:37:08,20261002,16,5,2-6-1,229.7
2026-10-02 12:37:08,20261002,16,5,2-6-3,373.5
2026-10-02 12:37:08,20261002,16,5,2-6-4,242.4
2026-10-02 12:37:08,20261002,16,5,2-6-5,416.9
2026-10-02 12:37:08,20261002,16,5,3-1-2,92.5
2026-10-02 12:37:08,20261002,16,5,3-1-4,48.8
2026-10-02 12:37:08,20261002,16,5,3-1-5,70.0
2026-10-02 12:37:08,20261002,16,5,3-1-6,37.9
2026-10-02 12:37:08,20261002,16,5,3-2-1,248.6
2026-10-02 12:37:08,20261002,16,5,3-2-4,232.5
2026-10-02 12:37:08,20261002,16,5,3-2-5,251.2
2026-10-02 12:37:08,20261002,16,5,3-2-6,160.7
2026-10-02 12:37:08,20261002,16,5,3-4-1,83.5
2026-10-02 12:37:08,20261002,16,5,3-4-2,194.6
2026-10-02 12:37:08,20261002,16,5,3-4-5,117.4
2026-10-02 12:37:08,20261002,16,5,3-4-6,56.6
2026-10-02 12:37:08,20261002,16,5,3-5-1,185.6
2026-10-02 12:37:08,20261002,16,5,3-5-2,251.9
2026-10-02 12:37:08,20261002,16,5,3-5-4,225.5
2026-10-02 12:37:08,20261002,16,5,3-5-6,124.5
2026-10-02 12:37:08,20261002,16,5,3-6-1,82.8
2026-10-02 12:37:08,20261002,16,5,3-6-2,184.9
2026-10-02 12:37:08,20261002,16,5,3-6-4,97.9
2026-10-02 12:37:08,20261002,16,5,3-6-5,152.8
2026-10-02 12:37:08,20261002,16,5,4-1-2,107.7
2026-10-02 12:37:08,20261002,16,5,4-1-3,75.8
2026-10-02 12:37:08,20261002,16,5,4-1-5,92.8
2026-10-02 12:37:08,20261002,16,5,4-1-6,37.6
2026-10-02 12:37:08,20261002,16,5,4-2-1,275.6
2026-10-02 12:37:08,20261002,16,5,4-2-3,355.6
2026-10-02 12:37:08,20261002,16,5,4-2-5,379.3
2026-10-02 12:37:08,20261002,16,5,4-2-6,178.1
2026-10-02 12:37:08,20261002,16,5,4-3-1,128.3
2026-10-02 12:37:08,20261002,16,5,4-3-2,292.2
2026-10-02 12:37:08,20261002,16,5,4-3-5,195.0
2026-10-02 12:37:08,20261002,16,5,4-3-6,92.4
2026-10-02 12:37:08,20261002,16,5,4-5-1,140.0
2026-10-02 12:37:08,20261002,16,5,4-5-2,278.7
2026-10-02 12:37:08,20261002,16,5,4-5-3,269.4
2026-10-02 12:37:08,20261002,16,5,4-5-6,103.6
2026-10-02 12:37:08,20261002,16,5,4-6-1,55.2
2026-10-02 12:37:08,20261002,16,5,4-6-2,120.1
2026-10-02 12:37:08,20261002,16,5,4-6-3,107.4
2026-10-02 12:37:08,20261002,16,5,4-6-5,101.3
2026-10-02 12:37:08,20261002,16,5,5-1-2,294.0
2026-10-02 12:37:08,20261002,16,5,5-1-3,249.3
2026-10-02 12:37:08,20261002,16,5,5-1-4,257.2
2026-10-02 12:37:08,20261002,16,5,5-1-6,172.7
2026-10-02 12:37:08,20261002,16,5,5-2-1,667.1
2026-10-02 12:37:08,20261002,16,5,5-2-3,543.5
2026-10-02 12:37:08,20261002,16,5,5-2-4,686.1
2026-10-02 12:37:08,20261002,16,5,5-2-6,349.2
2026-10-02 12:37:08,20261002,16,5,5-3-1,353.0
2026-10-02 12:37:08,20261002,16,5,5-3-2,514.5
2026-10-02 12:37:08,20261002,16,5,5-3-4,520.1
2026-10-02 12:37:08,20261002,16,5,5-3-6,293.1
2026-10-02 12:37:08,20261002,16,5,5-4-1,326.8
2026-10-02 12:37:08,20261002,16,5,5-4-2,569.0
2026-10-02 12:37:08,20261002,16,5,5-4-3,509.1
2026-10-02 12:37:08,20261002,16,5,5-4-6,219.8
2026-10-02 12:37:08,20261002,16,5,5-6-1,242.4
2026-10-02 12:37:08,20261002,16,5,5-6-2,422.4
2026-10-02 12:37:08,20261002,16,5,5-6-3,239.4
2026-10-02 12:37:08,20261002,16,5,5-6-4,259.3
2026-10-02 12:37:08,20261002,16,5,6-1-2,119.1
2026-10-02 12:37:08,20261002,16,5,6-1-3,109.6
2026-10-02 12:37:08,20261002,16,5,6-1-4,87.4
2026-10-02 12:37:08,20261002,16,5,6-1-5,173.6
2026-10-02 12:37:08,20261002,16,5,6-2-1,269.4
2026-10-02 12:37:08,20261002,16,5,6-2-3,394.8
2026-10-02 12:37:08,20261002,16,5,6-2-4,312.0
2026-10-02 12:37:08,20261002,16,5,6-2-5,462.8
2026-10-02 12:37:08,20261002,16,5,6-3-1,189.6
2026-10-02 12:37:08,20261002,16,5,6-3-2,456.3
2026-10-02 12:37:08,20261002,16,5,6-3-4,241.2
2026-10-02 12:37:08,20261002,16,5,6-3-5,388.5
2026-10-02 12:37:08,20261002,16,5,6-4-1,112.7
2026-10-02 12:37:08,20261002,16,5,6-4-2,249.9
2026-10-02 12:37:08,20261002,16,5,6-4-3,214.0
2026-10-02 12:37:08,20261002,16,5,6-4-5,233.1
2026-10-02 12:37:08,20261002,16,5,6-5-1,310.0
2026-10-02 12:37:08,20261002,16,5,6-5-2,481.3
2026-10-02 12:37:08,20261002,16,5,6-5-3,376.4
2026-10-02 12:37:08,20261002,16,5,6-5-4,270.2
2026-10-02 12:38:30,20261002,6,4,1-2-3,6.7
2026-10-02 12:38:30,20261002,6,4,1-2-4,5.8
2026-10-02 12:38:30,20261002,6,4,1-2-5,43.5
2026-10-02 12:38:30,20261002,6,4,1-2-6,9.8
2026-10-02 12:38:30,20261002,6,4,1-3-2,13.1
2026-10-02 12:38:30,20261002,6,4,1-3-4,17.2
2026-10-02 12:38:30,20261002,6,4,1-3-5,58.2
2026-10-02 12:38:30,20261002,6,4,1-3-6,27.0
2026-10-02 12:38:30,20261002,6,4,1-4-2,12.1
2026-10-02 12:38:30,20261002,6,4,1-4-3,25.7
2026-10-02 12:38:30,20261002,6,4,1-4-5,76.5
2026-10-02 12:38:30,20261002,6,4,1-4-6,21.0
2026-10-02 12:38:30,20261002,6,4,1-5-2,149.7
2026-10-02 12:38:30,20261002,6,4,1-5-3,124.2
2026-10-02 12:38:30,20261002,6,4,1-5-4,143.4
2026-10-02 12:38:30,20261002,6,4,1-5-6,226.3
2026-10-02 12:38:30,20261002,6,4,1-6-2,25.9
2026-10-02 12:38:30,20261002,6,4,1-6-3,53.8
2026-10-02 12:38:30,20261002,6,4,1-6-4,71.2
2026-10-02 12:38:30,20261002,6,4,1-6-5,261.1
2026-10-02 12:38:30,20261002,6,4,2-1-3,51.4
2026-10-02 12:38:30,20261002,6,4,2-1-4,49.9
2026-10-02 12:38:30,20261002,6,4,2-1-5,175.6
2026-10-02 12:38:30,20261002,6,4,2-1-6,46.7
2026-10-02 12:38:30,20261002,6,4,2-3-1,128.9
2026-10-02 12:38:30,20261002,6,4,2-3-4,125.7
2026-10-02 12:38:30,20261002,6,4,2-3-5,188.6
2026-10-02 12:38:30,20261002,6,4,2-3-6,175.6
2026-10-02 12:38:30,20261002,6,4,2-4-1,149.7
2026-10-02 12:38:30,20261002,6,4,2-4-3,216.7
2026-10-02 12:38:30,20261002,6,4,2-4-5,175.6
2026-10-02 12:38:30,20261002,6,4,2-4-6,178.6
2026-10-02 12:38:30,20261002,6,4,2-5-1,377.2
2026-10-02 12:38:30,20261002,6,4,2-5-3,299.5
2026-10-02 12:38:30,20261002,6,4,2-5-4,485.0
2026-10-02 12:38:30,20261002,6,4,2-5-6,462.9
2026-10-02 12:38:30,20261002,6,4,2-6-1,195.8
2026-10-02 12:38:30,20261002,6,4,2-6-3,318.2
2026-10-02 12:38:30,20261002,6,4,2-6-4,275.2
2026-10-02 12:38:30,20261002,6,4,2-6-5,377.2
2026-10-02 12:38:30,20261002,6,4,3-1-2,57.8
2026-10-02 12:38:30,20261002,6,4,3-1-4,90.1
2026-10-02 12:38:30,20261002,6,4,3-1-5,137.6
2026-10-02 12:38:30,20261002,6,4,3-1-6,135.8
2026-10-02 12:38:30,20261002,6,4,3-2-1,152.0
2026-10-02 12:38:30,20261002,6,4,3-2-4,145.5
2026-10-02 12:38:30,20261002,6,4,3-2-5,248.4
2026-10-02 12:38:30,20261002,6,4,3-2-6,299.5
2026-10-02 12:38:30,20261002,6,4,3-4-1,147.6
2026-10-02 12:38:30,20261002,6,4,3-4-2,185.1
2026-10-02 12:38:30,20261002,6,4,3-4-5,377.2
2026-10-02 12:38:30,20261002,6,4,3-4-6,282.9
2026-10-02 12:38:30,20261002,6,4,3-5-1,339.5
2026-10-02 12:38:30,20261002,6,4,3-5-2,275.2
2026-10-02 12:38:30,20261002,6,4,3-5-4,462.9
2026-10-02 12:38:30,20261002,6,4,3-5-6,442.8
2026-10-02 12:38:30,20261002,6,4,3-6-1,462.9
2026-10-02 12:38:30,20261002,6,4,3-6-2,351.2
2026-10-02 12:38:30,20261002,6,4,3-6-4,727.5
2026-10-02 12:38:30,20261002,6,4,3-6-5,565.8
2026-10-02 12:38:30,20261002,6,4,4-1-2,114.4
2026-10-02 12:38:30,20261002,6,4,4-1-3,147.6
2026-10-02 12:38:30,20261002,6,4,4-1-5,242.5
2026-10-02 12:38:30,20261002,6,4,4-1-6,164.2
2026-10-02 12:38:30,20261002,6,4,4-2-1,188.6
2026-10-02 12:38:30,20261002,6,4,4-2-3,207.8
2026-10-02 12:38:30,20261002,6,4,4-2-5,424.3
2026-10-02 12:38:30,20261002,6,4,4-2-6,221.4
2026-10-02 12:38:30,20261002,6,4,4-3-1,181.8
2026-10-02 12:38:30,20261002,6,4,4-3-2,318.2
2026-10-02 12:38:30,20261002,6,4,4-3-5,282.9
2026-10-02 12:38:30,20261002,6,4,4-3-6,328.5
2026-10-02 12:38:30,20261002,6,4,4-5-1,318.2
2026-10-02 12:38:30,20261002,6,4,4-5-2,509.2
2026-10-02 12:38:30,20261002,6,4,4-5-3,599.1
2026-10-02 12:38:30,20261002,6,4,4-5-6,442.8
2026-10-02 12:38:30,20261002,6,4,4-6-1,377.2
2026-10-02 12:38:30,20261002,6,4,4-6-2,166.9
2026-10-02 12:38:30,20261002,6,4,4-6-3,391.7
2026-10-02 12:38:30,20261002,6,4,4-6-5,1131.0
2026-10-02 12:38:30,20261002,6,4,5-1-2,299.5
2026-10-02 12:38:30,20261002,6,4,5-1-3,226.3
2026-10-02 12:38:30,20261002,6,4,5-1-4,291.0
2026-10-02 12:38:30,20261002,6,4,5-1-6,351.2
2026-10-02 12:38:30,20261002,6,4,5-2-1,462.9
2026-10-02 12:38:30,20261002,6,4,5-2-3,363.7
2026-10-02 12:38:30,20261002,6,4,5-2-4,261.1
2026-10-02 12:38:30,20261002,6,4,5-2-6,226.3
2026-10-02 12:38:30,20261002,6,4,5-3-1,216.7
2026-10-02 12:38:30,20261002,6,4,5-3-2,636.5
2026-10-02 12:38:30,20261002,6,4,5-3-4,424.3
2026-10-02 12:38:30,20261002,6,4,5-3-6,407.4
2026-10-02 12:38:30,20261002,6,4,5-4-1,485.0
2026-10-02 12:38:30,20261002,6,4,5-4-2,727.5
2026-10-02 12:38:30,20261002,6,4,5-4-3,848.7
2026-10-02 12:38:30,20261002,6,4,5-4-6,424.3
2026-10-02 12:38:30,20261002,6,4,5-6-1,679.0
2026-10-02 12:38:30,20261002,6,4,5-6-2,462.9
2026-10-02 12:38:30,20261002,6,4,5-6-3,377.2
2026-10-02 12:38:30,20261002,6,4,5-6-4,1018.0
2026-10-02 12:38:30,20261002,6,4,6-1-2,107.2
2026-10-02 12:38:30,20261002,6,4,6-1-3,282.9
2026-10-02 12:38:30,20261002,6,4,6-1-4,261.1
2026-10-02 12:38:30,20261002,6,4,6-1-5,727.5
2026-10-02 12:38:30,20261002,6,4,6-2-1,216.7
2026-10-02 12:38:30,20261002,6,4,6-2-3,407.4
2026-10-02 12:38:30,20261002,6,4,6-2-4,565.8
2026-10-02 12:38:30,20261002,6,4,6-2-5,536.0
2026-10-02 12:38:30,20261002,6,4,6-3-1,636.5
2026-10-02 12:38:30,20261002,6,4,6-3-2,565.8
2026-10-02 12:38:30,20261002,6,4,6-3-4,1131.0
2026-10-02 12:38:30,20261002,6,4,6-3-5,565.8
2026-10-02 12:38:30,20261002,6,4,6-4-1,599.1
2026-10-02 12:38:30,20261002,6,4,6-4-2,727.5
2026-10-02 12:38:30,20261002,6,4,6-4-3,1273.0
2026-10-02 12:38:30,20261002,6,4,6-4-5,1697.0
2026-10-02 12:38:30,20261002,6,4,6-5-1,1273.0
2026-10-02 12:38:30,20261002,6,4,6-5-2,636.5
2026-10-02 12:38:30,20261002,6,4,6-5-3,1697.0
2026-10-02 12:38:30,20261002,6,4,6-5-4,1018.0
2026-10-02 12:41:53,20261002,9,6,1-2-3,30.7
2026-10-02 12:41:53,20261002,9,6,1-2-4,61.4
2026-10-02 12:41:53,20261002,9,6,1-2-5,85.5
2026-10-02 12:41:53,20261002,9,6,1-2-6,52.7
2026-10-02 12:41:53,20261002,9,6,1-3-2,32.2
2026-10-02 12:41:53,20261002,9,6,1-3-4,28.6
2026-10-02 12:41:53,20261002,9,6,1-3-5,40.0
2026-10-02 12:41:53,20261002,9,6,1-3-6,113.0
2026-10-02 12:41:53,20261002,9,6,1-4-2,71.9
2026-10-02 12:41:53,20261002,9,6,1-4-3,44.5
2026-10-02 12:41:53,20261002,9,6,1-4-5,93.0
2026-10-02 12:41:53,20261002,9,6,1-4-6,154.4
2026-10-02 12:41:53,20261002,9,6,1-5-2,97.3
2026-10-02 12:41:53,20261002,9,6,1-5-3,68.0
2026-10-02 12:41:53,20261002,9,6,1-5-4,102.1
2026-10-02 12:41:53,20261002,9,6,1-5-6,158.2
2026-10-02 12:41:53,20261002,9,6,1-6-2,218.3
2026-10-02 12:41:53,20261002,9,6,1-6-3,275.2
2026-10-02 12:41:53,20261002,9,6,1-6-4,275.2
2026-10-02 12:41:53,20261002,9,6,1-6-5,486.9
2026-10-02 12:41:53,20261002,9,6,2-1-3,62.0
2026-10-02 12:41:53,20261002,9,6,2-1-4,68.8
2026-10-02 12:41:53,20261002,9,6,2-1-5,71.9
2026-10-02 12:41:53,20261002,9,6,2-1-6,103.7
2026-10-02 12:41:53,20261002,9,6,2-3-1,67.3
2026-10-02 12:41:53,20261002,9,6,2-3-4,59.1
2026-10-02 12:41:53,20261002,9,6,2-3-5,55.5
2026-10-02 12:41:53,20261002,9,6,2-3-6,218.3
2026-10-02 12:41:53,20261002,9,6,2-4-1,119.4
2026-10-02 12:41:53,20261002,9,6,2-4-3,61.4
2026-10-02 12:41:53,20261002,9,6,2-4-5,95.9
2026-10-02 12:41:53,20261002,9,6,2-4-6,175.8
2026-10-02 12:41:53,20261002,9,6,2-5-1,186.1
2026-10-02 12:41:53,20261002,9,6,2-5-3,117.2
2026-10-02 12:41:53,20261002,9,6,2-5-4,147.2
2026-10-02 12:41:53,20261002,9,6,2-5-6,275.2
2026-10-02 12:41:53,20261002,9,6,2-6-1,191.8
2026-10-02 12:41:53,20261002,9,6,2-6-3,486.9
2026-10-02 12:41:53,20261002,9,6,2-6-4,287.7
2026-10-02 12:41:53,20261002,9,6,2-6-5,287.7
2026-10-02 12:41:53,20261002,9,6,3-1-2,33.3
2026-10-02 12:41:53,20261002,9,6,3-1-4,17.5
2026-10-02 12:41:53,20261002,9,6,3-1-5,14.4
2026-10-02 12:41:53,20261002,9,6,3-1-6,98.9
2026-10-02 12:41:53,20261002,9,6,3-2-1,48.6
2026-10-02 12:41:53,20261002,9,6,3-2-4,35.7
2026-10-02 12:41:53,20261002,9,6,3-2-5,33.1
2026-10-02 12:41:53,20261002,9,6,3-2-6,158.2
2026-10-02 12:41:53,20261002,9,6,3-4-1,22.6
2026-10-02 12:41:53,20261002,9,6,3-4-2,31.8
2026-10-02 12:41:53,20261002,9,6,3-4-5,15.7
2026-10-02 12:41:53,20261002,9,6,3-4-6,103.7
2026-10-02 12:41:53,20261002,9,6,3-5-1,23.9
2026-10-02 12:41:53,20261002,9,6,3-5-2,35.9
2026-10-02 12:41:53,20261002,9,6,3-5-4,17.4
2026-10-02 12:41:53,20261002,9,6,3-5-6,95.9
2026-10-02 12:41:53,20261002,9,6,3-6-1,422.0
2026-10-02 12:41:53,20261002,9,6,3-6-2,372.3
2026-10-02 12:41:53,20261002,9,6,3-6-4,422.0
2026-10-02 12:41:53,20261002,9,6,3-6-5,333.1
2026-10-02 12:41:53,20261002,9,6,4-1-2,154.4
2026-10-02 12:41:53,20261002,9,6,4-1-3,105.5
2026-10-02 12:41:53,20261002,9,6,4-1-5,126.6
2026-10-02 12:41:53,20261002,9,6,4-1-6,204.2
2026-10-02 12:41:53,20261002,9,6,4-2-1,197.8
2026-10-02 12:41:53,20261002,9,6,4-2-3,98.9
2026-10-02 12:41:53,20261002,9,6,4-2-5,107.3
2026-10-02 12:41:53,20261002,9,6,4-2-6,158.2
2026-10-02 12:41:53,20261002,9,6,4-3-1,131.8
2026-10-02 12:41:53,20261002,9,6,4-3-2,78.1
2026-10-02 12:41:53,20261002,9,6,4-3-5,63.3
2026-10-02 12:41:53,20261002,9,6,4-3-6,211.0
2026-10-02 12:41:53,20261002,9,6,4-5-1,197.8
2026-10-02 12:41:53,20261002,9,6,4-5-2,137.6
2026-10-02 12:41:53,20261002,9,6,4-5-3,105.5
2026-10-02 12:41:53,20261002,9,6,4-5-6,333.1
2026-10-02 12:41:53,20261002,9,6,4-6-1,486.9
2026-10-02 12:41:53,20261002,9,6,4-6-2,301.4
2026-10-02 12:41:53,20261002,9,6,4-6-3,452.1
2026-10-02 12:41:53,20261002,9,6,4-6-5,351.7
2026-10-02 12:41:53,20261002,9,6,5-1-2,243.4
2026-10-02 12:41:53,20261002,9,6,5-1-3,97.3
2026-10-02 12:41:53,20261002,9,6,5-1-4,175.8
2026-10-02 12:41:53,20261002,9,6,5-1-6,287.7
2026-10-02 12:41:53,20261002,9,6,5-2-1,275.2
2026-10-02 12:41:53,20261002,9,6,5-2-3,84.4
2026-10-02 12:41:53,20261002,9,6,5-2-4,91.7
2026-10-02 12:41:53,20261002,9,6,5-2-6,191.8
2026-10-02 12:41:53,20261002,9,6,5-3-1,129.1
2026-10-02 12:41:53,20261002,9,6,5-3-2,93.0
2026-10-02 12:41:53,20261002,9,6,5-3-4,78.1
2026-10-02 12:41:53,20261002,9,6,5-3-6,243.4
2026-10-02 12:41:53,20261002,9,6,5-4-1,253.2
2026-10-02 12:41:53,20261002,9,6,5-4-2,129.1
2026-10-02 12:41:53,20261002,9,6,5-4-3,85.5
2026-10-02 12:41:53,20261002,9,6,5-4-6,197.8
2026-10-02 12:41:53,20261002,9,6,5-6-1,527.5
2026-10-02 12:41:53,20261002,9,6,5-6-2,372.3
2026-10-02 12:41:53,20261002,9,6,5-6-3,275.2
2026-10-02 12:41:53,20261002,9,6,5-6-4,575.5
2026-10-02 12:41:53,20261002,9,6,6-1-2,117.2
2026-10-02 12:41:53,20261002,9,6,6-1-3,452.1
2026-10-02 12:41:53,20261002,9,6,6-1-4,486.9
2026-10-02 12:41:53,20261002,9,6,6-1-5,791.3
2026-10-02 12:41:53,20261002,9,6,6-2-1,226.0
2026-10-02 12:41:53,20261002,9,6,6-2-3,422.0
2026-10-02 12:41:53,20261002,9,6,6-2-4,395.6
2026-10-02 12:41:53,20261002,9,6,6-2-5,486.9
2026-10-02 12:41:53,20261002,9,6,6-3-1,904.3
2026-10-02 12:41:53,20261002,9,6,6-3-2,253.2
2026-10-02 12:41:53,20261002,9,6,6-3-4,575.5
2026-10-02 12:41:53,20261002,9,6,6-3-5,633.0
2026-10-02 12:41:53,20261002,9,6,6-4-1,1055.0
2026-10-02 12:41:53,20261002,9,6,6-4-2,703.4
2026-10-02 12:41:53,20261002,9,6,6-4-3,351.7
2026-10-02 12:41:53,20261002,9,6,6-4-5,904.3
2026-10-02 12:41:53,20261002,9,6,6-5-1,904.3
2026-10-02 12:41:53,20261002,9,6,6-5-2,527.5
2026-10-02 12:41:53,20261002,9,6,6-5-3,703.4
2026-10-02 12:41:53,20261002,9,6,6-5-4,904.3
2026-10-02 12:44:35,20261002,4,5,1-2-3,37.3
2026-10-02 12:44:35,20261002,4,5,1-2-4,48.3
2026-10-02 12:44:35,20261002,4,5,1-2-5,93.2
2026-10-02 12:44:35,20261002,4,5,1-2-6,115.6
2026-10-02 12:44:35,20261002,4,5,1-3-2,37.3
2026-10-02 12:44:35,20261002,4,5,1-3-4,21.8
2026-10-02 12:44:35,20261002,4,5,1-3-5,67.8
2026-10-02 12:44:35,20261002,4,5,1-3-6,91.3
2026-10-02 12:44:35,20261002,4,5,1-4-2,32.4
2026-10-02 12:44:35,20261002,4,5,1-4-3,23.6
2026-10-02 12:44:35,20261002,4,5,1-4-5,80.4
2026-10-02 12:44:35,20261002,4,5,1-4-6,73.5
2026-10-02 12:44:35,20261002,4,5,1-5-2,179.0
2026-10-02 12:44:35,20261002,4,5,1-5-3,143.2
2026-10-02 12:44:35,20261002,4,5,1-5-4,146.0
2026-10-02 12:44:35,20261002,4,5,1-5-6,292.1
2026-10-02 12:44:35,20261002,4,5,1-6-2,255.1
2026-10-02 12:44:35,20261002,4,5,1-6-3,238.7
2026-10-02 12:44:35,20261002,4,5,1-6-4,231.2
2026-10-02 12:44:35,20261002,4,5,1-6-5,326.5
2026-10-02 12:44:35,20261002,4,5,2-1-3,60.4
2026-10-02 12:44:35,20261002,4,5,2-1-4,71.3
2026-10-02 12:44:35,20261002,4,5,2-1-5,120.6
2026-10-02 12:44:35,20261002,4,5,2-1-6,164.4
2026-10-02 12:44:35,20261002,4,5,2-3-1,86.3
2026-10-02 12:44:35,20261002,4,5,2-3-4,36.4
2026-10-02 12:44:35,20261002,4,5,2-3-5,118.0
2026-10-02 12:44:35,20261002,4,5,2-3-6,158.5
2026-10-02 12:44:35,20261002,4,5,2-4-1,70.7
2026-10-02 12:44:35,20261002,4,5,2-4-3,39.8
2026-10-02 12:44:35,20261002,4,5,2-4-5,106.7
2026-10-02 12:44:35,20261002,4,5,2-4-6,118.7
2026-10-02 12:44:35,20261002,4,5,2-5-1,258.1
2026-10-02 12:44:35,20261002,4,5,2-5-3,222.0
2026-10-02 12:44:35,20261002,4,5,2-5-4,270.7
2026-10-02 12:44:35,20261002,4,5,2-5-6,321.7
2026-10-02 12:44:35,20261002,4,5,2-6-1,346.9
2026-10-02 12:44:35,20261002,4,5,2-6-3,444.0
2026-10-02 12:44:35,20261002,4,5,2-6-4,312.7
2026-10-02 12:44:35,20261002,4,5,2-6-5,389.5
2026-10-02 12:44:35,20261002,4,5,3-1-2,44.6
2026-10-02 12:44:35,20261002,4,5,3-1-4,27.3
2026-10-02 12:44:35,20261002,4,5,3-1-5,62.8
2026-10-02 12:44:35,20261002,4,5,3-1-6,85.7
2026-10-02 12:44:35,20261002,4,5,3-2-1,69.5
2026-10-02 12:44:35,20261002,4,5,3-2-4,24.7
2026-10-02 12:44:35,20261002,4,5,3-2-5,71.8
2026-10-02 12:44:35,20261002,4,5,3-2-6,89.1
2026-10-02 12:44:35,20261002,4,5,3-4-1,23.2
2026-10-02 12:44:35,20261002,4,5,3-4-2,18.1
2026-10-02 12:44:35,20261002,4,5,3-4-5,33.8
2026-10-02 12:44:35,20261002,4,5,3-4-6,35.5
2026-10-02 12:44:35,20261002,4,5,3-5-1,107.7
2026-10-02 12:44:35,20261002,4,5,3-5-2,88.1
2026-10-02 12:44:35,20261002,4,5,3-5-4,95.6
2026-10-02 12:44:35,20261002,4,5,3-5-6,173.4
2026-10-02 12:44:35,20261002,4,5,3-6-1,258.1
2026-10-02 12:44:35,20261002,4,5,3-6-2,186.5
2026-10-02 12:44:35,20261002,4,5,3-6-4,119.3
2026-10-02 12:44:35,20261002,4,5,3-6-5,267.4
2026-10-02 12:44:35,20261002,4,5,4-1-2,46.1
2026-10-02 12:44:35,20261002,4,5,4-1-3,28.1
2026-10-02 12:44:35,20261002,4,5,4-1-5,63.6
2026-10-02 12:44:35,20261002,4,5,4-1-6,88.8
2026-10-02 12:44:35,20261002,4,5,4-2-1,63.2
2026-10-02 12:44:35,20261002,4,5,4-2-3,35.7
2026-10-02 12:44:35,20261002,4,5,4-2-5,95.6
2026-10-02 12:44:35,20261002,4,5,4-2-6,79.8
2026-10-02 12:44:35,20261002,4,5,4-3-1,25.0
2026-10-02 12:44:35,20261002,4,5,4-3-2,23.6
2026-10-02 12:44:35,20261002,4,5,4-3-5,38.8
2026-10-02 12:44:35,20261002,4,5,4-3-6,43.4
2026-10-02 12:44:35,20261002,4,5,4-5-1,88.8
2026-10-02 12:44:35,20261002,4,5,4-5-2,115.6
2026-10-02 12:44:35,20261002,4,5,4-5-3,87.0
2026-10-02 12:44:35,20261002,4,5,4-5-6,148.0
2026-10-02 12:44:35,20261002,4,5,4-6-1,151.0
2026-10-02 12:44:35,20261002,4,5,4-6-2,135.3
2026-10-02 12:44:35,20261002,4,5,4-6-3,99.5
2026-10-02 12:44:35,20261002,4,5,4-6-5,164.4
2026-10-02 12:44:35,20261002,4,5,5-1-2,264.3
2026-10-02 12:44:35,20261002,4,5,5-1-3,176.2
2026-10-02 12:44:35,20261002,4,5,5-1-4,189.7
2026-10-02 12:44:35,20261002,4,5,5-1-6,389.5
2026-10-02 12:44:35,20261002,4,5,5-2-1,331.3
2026-10-02 12:44:35,20261002,4,5,5-2-3,261.2
2026-10-02 12:44:35,20261002,4,5,5-2-4,222.0
2026-10-02 12:44:35,20261002,4,5,5-2-6,196.4
2026-10-02 12:44:35,20261002,4,5,5-3-1,243.9
2026-10-02 12:44:35,20261002,4,5,5-3-2,222.0
2026-10-02 12:44:35,20261002,4,5,5-3-4,179.0
2026-10-02 12:44:35,20261002,4,5,5-3-6,358.1
2026-10-02 12:44:35,20261002,4,5,5-4-1,224.2
2026-10-02 12:44:35,20261002,4,5,5-4-2,215.5
2026-10-02 12:44:35,20261002,4,5,5-4-3,193.0
2026-10-02 12:44:35,20261002,4,5,5-4-6,246.6
2026-10-02 12:44:35,20261002,4,5,5-6-1,396.4
2026-10-02 12:44:35,20261002,4,5,5-6-2,634.3
2026-10-02 12:44:35,20261002,4,5,5-6-3,352.4
2026-10-02 12:44:35,20261002,4,5,5-6-4,444.0
2026-10-02 12:44:35,20261002,4,5,6-1-2,281.0
2026-10-02 12:44:35,20261002,4,5,6-1-3,528.6
2026-10-02 12:44:35,20261002,4,5,6-1-4,541.5
2026-10-02 12:44:35,20261002,4,5,6-1-5,672.7
2026-10-02 12:44:35,20261002,4,5,6-2-1,616.7
2026-10-02 12:44:35,20261002,4,5,6-2-3,716.2
2026-10-02 12:44:35,20261002,4,5,6-2-4,569.2
2026-10-02 12:44:35,20261002,4,5,6-2-5,569.2
2026-10-02 12:44:35,20261002,4,5,6-3-1,472.3
2026-10-02 12:44:35,20261002,4,5,6-3-2,634.3
2026-10-02 12:44:35,20261002,4,5,6-3-4,226.5
2026-10-02 12:44:35,20261002,4,5,6-3-5,600.0
2026-10-02 12:44:35,20261002,4,5,6-4-1,584.2
2026-10-02 12:44:35,20261002,4,5,6-4-2,453.1
2026-10-02 12:44:35,20261002,4,5,6-4-3,258.1
2026-10-02 12:44:35,20261002,4,5,6-4-5,453.1
2026-10-02 12:44:35,20261002,4,5,6-5-1,740.0
2026-10-02 12:44:35,20261002,4,5,6-5-2,765.5
2026-10-02 12:44:35,20261002,4,5,6-5-3,792.9
2026-10-02 12:44:35,20261002,4,5,6-5-4,616.7
2026-10-02 12:47:23,20261002,14,10,1-2-3,8.5
2026-10-02 12:47:23,20261002,14,10,1-2-4,27.7
2026-10-02 12:47:23,20261002,14,10,1-2-5,32.4
2026-10-02 12:47:23,20261002,14,10,1-2-6,78.2
2026-10-02 12:47:23,20261002,14,10,1-3-2,7.4
2026-10-02 12:47:23,20261002,14,10,1-3-4,14.3
2026-10-02 12:47:23,20261002,14,10,1-3-5,16.1
2026-10-02 12:47:23,20261002,14,10,1-3-6,50.5
2026-10-02 12:47:23,20261002,14,10,1-4-2,48.0
2026-10-02 12:47:23,20261002,14,10,1-4-3,36.9
2026-10-02 12:47:23,20261002,14,10,1-4-5,68.0
2026-10-02 12:47:23,20261002,14,10,1-4-6,93.2
2026-10-02 12:47:23,20261002,14,10,1-5-2,85.7
2026-10-02 12:47:23,20261002,14,10,1-5-3,59.1
2026-10-02 12:47:23,20261002,14,10,1-5-4,112.3
2026-10-02 12:47:23,20261002,14,10,1-5-6,207.9
2026-10-02 12:47:23,20261002,14,10,1-6-2,206.5
2026-10-02 12:47:23,20261002,14,10,1-6-3,185.3
2026-10-02 12:47:23,20261002,14,10,1-6-4,215.1
2026-10-02 12:47:23,20261002,14,10,1-6-5,366.3
2026-10-02 12:47:23,20261002,14,10,2-1-3,24.1
2026-10-02 12:47:23,20261002,14,10,2-1-4,55.7
2026-10-02 12:47:23,20261002,14,10,2-1-5,72.7
2026-10-02 12:47:23,20261002,14,10,2-1-6,153.8
2026-10-02 12:47:23,20261002,14,10,2-3-1,37.9
2026-10-02 12:47:23,20261002,14,10,2-3-4,88.6
2026-10-02 12:47:23,20261002,14,10,2-3-5,77.3
2026-10-02 12:47:23,20261002,14,10,2-3-6,224.6
2026-10-02 12:47:23,20261002,14,10,2-4-1,146.5
2026-10-02 12:47:23,20261002,14,10,2-4-3,113.5
2026-10-02 12:47:23,20261002,14,10,2-4-5,202.4
2026-10-02 12:47:23,20261002,14,10,2-4-6,269.9
2026-10-02 12:47:23,20261002,14,10,2-5-1,238.5
2026-10-02 12:47:23,20261002,14,10,2-5-3,115.2
2026-10-02 12:47:23,20261002,14,10,2-5-4,307.7
2026-10-02 12:47:23,20261002,14,10,2-5-6,327.3
2026-10-02 12:47:23,20261002,14,10,2-6-1,389.4
2026-10-02 12:47:23,20261002,14,10,2-6-3,488.4
2026-10-02 12:47:23,20261002,14,10,2-6-4,375.2
2026-10-02 12:47:23,20261002,14,10,2-6-5,349.6
2026-10-02 12:47:23,20261002,14,10,3-1-2,21.3
2026-10-02 12:47:23,20261002,14,10,3-1-4,32.1
2026-10-02 12:47:23,20261002,14,10,3-1-5,34.1
2026-10-02 12:47:23,20261002,14,10,3-1-6,92.9
2026-10-02 12:47:23,20261002,14,10,3-2-1,38.1
2026-10-02 12:47:23,20261002,14,10,3-2-4,64.3
2026-10-02 12:47:23,20261002,14,10,3-2-5,59.9
2026-10-02 12:47:23,20261002,14,10,3-2-6,123.0
2026-10-02 12:47:23,20261002,14,10,3-4-1,81.4
2026-10-02 12:47:23,20261002,14,10,3-4-2,99.9
2026-10-02 12:47:23,20261002,14,10,3-4-5,113.1
2026-10-02 12:47:23,20261002,14,10,3-4-6,133.7
2026-10-02 12:47:23,20261002,14,10,3-5-1,100.2
2026-10-02 12:47:23,20261002,14,10,3-5-2,85.7
2026-10-02 12:47:23,20261002,14,10,3-5-4,155.4
2026-10-02 12:47:23,20261002,14,10,3-5-6,274.7
2026-10-02 12:47:23,20261002,14,10,3-6-1,287.5
2026-10-02 12:47:23,20261002,14,10,3-6-2,349.6
2026-10-02 12:47:23,20261002,14,10,3-6-4,327.3
2026-10-02 12:47:23,20261002,14,10,3-6-5,304.6
2026-10-02 12:47:23,20261002,14,10,4-1-2,75.9
2026-10-02 12:47:23,20261002,14,10,4-1-3,66.0
2026-10-02 12:47:23,20261002,14,10,4-1-5,88.4
2026-10-02 12:47:23,20261002,14,10,4-1-6,119.2
2026-10-02 12:47:23,20261002,14,10,4-2-1,122.5
2026-10-02 12:47:23,20261002,14,10,4-2-3,122.1
2026-10-02 12:47:23,20261002,14,10,4-2-5,150.8
2026-10-02 12:47:23,20261002,14,10,4-2-6,165.4
2026-10-02 12:47:23,20261002,14,10,4-3-1,101.2
2026-10-02 12:47:23,20261002,14,10,4-3-2,160.2
2026-10-02 12:47:23,20261002,14,10,4-3-5,167.2
2026-10-02 12:47:23,20261002,14,10,4-3-6,207.9
2026-10-02 12:47:23,20261002,14,10,4-5-1,104.3
2026-10-02 12:47:23,20261002,14,10,4-5-2,172.8
2026-10-02 12:47:23,20261002,14,10,4-5-3,155.4
2026-10-02 12:47:23,20261002,14,10,4-5-6,151.5
2026-10-02 12:47:23,20261002,14,10,4-6-1,197.2
2026-10-02 12:47:23,20261002,14,10,4-6-2,195.9
2026-10-02 12:47:23,20261002,14,10,4-6-3,202.4
2026-10-02 12:47:23,20261002,14,10,4-6-5,207.9
2026-10-02 12:47:23,20261002,14,10,5-1-2,182.0
2026-10-02 12:47:23,20261002,14,10,5-1-3,124.5
2026-10-02 12:47:23,20261002,14,10,5-1-4,205.1
2026-10-02 12:47:23,20261002,14,10,5-1-6,295.8
2026-10-02 12:47:23,20261002,14,10,5-2-1,279.7
2026-10-02 12:47:23,20261002,14,10,5-2-3,205.1
2026-10-02 12:47:23,20261002,14,10,5-2-4,353.6
2026-10-02 12:47:23,20261002,14,10,5-2-6,284.9
2026-10-02 12:47:23,20261002,14,10,5-3-1,157.7
2026-10-02 12:47:23,20261002,14,10,5-3-2,213.6
2026-10-02 12:47:23,20261002,14,10,5-3-4,349.6
2026-10-02 12:47:23,20261002,14,10,5-3-6,504.4
2026-10-02 12:47:23,20261002,14,10,5-4-1,168.1
2026-10-02 12:47:23,20261002,14,10,5-4-2,353.6
2026-10-02 12:47:23,20261002,14,10,5-4-3,338.1
2026-10-02 12:47:23,20261002,14,10,5-4-6,334.4
2026-10-02 12:47:23,20261002,14,10,5-6-1,750.4
2026-10-02 12:47:23,20261002,14,10,5-6-2,394.4
2026-10-02 12:47:23,20261002,14,10,5-6-3,603.3
2026-10-02 12:47:23,20261002,14,10,5-6-4,654.6
2026-10-02 12:47:23,20261002,14,10,6-1-2,250.1
2026-10-02 12:47:23,20261002,14,10,6-1-3,394.4
2026-10-02 12:47:23,20261002,14,10,6-1-4,615.4
2026-10-02 12:47:23,20261002,14,10,6-1-5,668.9
2026-10-02 12:47:23,20261002,14,10,6-2-1,504.4
2026-10-02 12:47:23,20261002,14,10,6-2-3,569.8
2026-10-02 12:47:23,20261002,14,10,6-2-4,603.3
2026-10-02 12:47:23,20261002,14,10,6-2-5,375.2
2026-10-02 12:47:23,20261002,14,10,6-3-1,699.3
2026-10-02 12:47:23,20261002,14,10,6-3-2,641.0
2026-10-02 12:47:23,20261002,14,10,6-3-4,549.4
2026-10-02 12:47:23,20261002,14,10,6-3-5,809.7
2026-10-02 12:47:23,20261002,14,10,6-4-1,788.9
2026-10-02 12:47:23,20261002,14,10,6-4-2,732.6
2026-10-02 12:47:23,20261002,14,10,6-4-3,641.0
2026-10-02 12:47:23,20261002,14,10,6-4-5,732.6
2026-10-02 12:47:23,20261002,14,10,6-5-1,1098.0
2026-10-02 12:47:23,20261002,14,10,6-5-2,439.5
2026-10-02 12:47:23,20261002,14,10,6-5-3,788.9
2026-10-02 12:47:23,20261002,14,10,6-5-4,569.8
2026-10-02 12:50:25,20261002,13,6,1-2-3,35.5
2026-10-02 12:50:25,20261002,13,6,1-2-4,13.8
2026-10-02 12:50:25,20261002,13,6,1-2-5,95.8
2026-10-02 12:50:25,20261002,13,6,1-2-6,120.3
2026-10-02 12:50:25,20261002,13,6,1-3-2,28.7
2026-10-02 12:50:25,20261002,13,6,1-3-4,15.8
2026-10-02 12:50:25,20261002,13,6,1-3-5,87.7
2026-10-02 12:50:25,20261002,13,6,1-3-6,136.0
2026-10-02 12:50:25,20261002,13,6,1-4-2,7.2
2026-10-02 12:50:25,20261002,13,6,1-4-3,8.5
2026-10-02 12:50:25,20261002,13,6,1-4-5,14.2
2026-10-02 12:50:25,20261002,13,6,1-4-6,17.9
2026-10-02 12:50:25,20261002,13,6,1-5-2,146.7
2026-10-02 12:50:25,20261002,13,6,1-5-3,114.5
2026-10-02 12:50:25,20261002,13,6,1-5-4,59.4
2026-10-02 12:50:25,20261002,13,6,1-5-6,199.8
2026-10-02 12:50:25,20261002,13,6,1-6-2,218.3
2026-10-02 12:50:25,20261002,13,6,1-6-3,173.9
2026-10-02 12:50:25,20261002,13,6,1-6-4,86.9
2026-10-02 12:50:25,20261002,13,6,1-6-5,260.8
2026-10-02 12:50:25,20261002,13,6,2-1-3,114.5
2026-10-02 12:50:25,20261002,13,6,2-1-4,45.1
2026-10-02 12:50:25,20261002,13,6,2-1-5,213.4
2026-10-02 12:50:25,20261002,13,6,2-1-6,276.1
2026-10-02 12:50:25,20261002,13,6,2-3-1,218.3
2026-10-02 12:50:25,20261002,13,6,2-3-4,391.2
2026-10-02 12:50:25,20261002,13,6,2-3-5,391.2
2026-10-02 12:50:25,20261002,13,6,2-3-6,552.3
2026-10-02 12:50:25,20261002,13,6,2-4-1,126.9
2026-10-02 12:50:25,20261002,13,6,2-4-3,302.9
2026-10-02 12:50:25,20261002,13,6,2-4-5,323.8
2026-10-02 12:50:25,20261002,13,6,2-4-6,494.2
2026-10-02 12:50:25,20261002,13,6,2-5-1,447.1
2026-10-02 12:50:25,20261002,13,6,2-5-3,408.2
2026-10-02 12:50:25,20261002,13,6,2-5-4,670.7
2026-10-02 12:50:25,20261002,13,6,2-5-6,494.2
2026-10-02 12:50:25,20261002,13,6,2-6-1,586.9
2026-10-02 12:50:25,20261002,13,6,2-6-3,447.1
2026-10-02 12:50:25,20261002,13,6,2-6-4,323.8
2026-10-02 12:50:25,20261002,13,6,2-6-5,361.1
2026-10-02 12:50:25,20261002,13,6,3-1-2,153.9
2026-10-02 12:50:25,20261002,13,6,3-1-4,78.9
2026-10-02 12:50:25,20261002,13,6,3-1-5,153.9
2026-10-02 12:50:25,20261002,13,6,3-1-6,276.1
2026-10-02 12:50:25,20261002,13,6,3-2-1,153.9
2026-10-02 12:50:25,20261002,13,6,3-2-4,240.7
2026-10-02 12:50:25,20261002,13,6,3-2-5,408.2
2026-10-02 12:50:25,20261002,13,6,3-2-6,335.3
2026-10-02 12:50:25,20261002,13,6,3-4-1,44.2
2026-10-02 12:50:25,20261002,13,6,3-4-2,213.4
2026-10-02 12:50:25,20261002,13,6,3-4-5,276.1
2026-10-02 12:50:25,20261002,13,6,3-4-6,199.8
2026-10-02 12:50:25,20261002,13,6,3-5-1,323.8
2026-10-02 12:50:25,20261002,13,6,3-5-2,253.8
2026-10-02 12:50:25,20261002,13,6,3-5-4,284.5
2026-10-02 12:50:25,20261002,13,6,3-5-6,347.8
2026-10-02 12:50:25,20261002,13,6,3-6-1,552.3
2026-10-02 12:50:25,20261002,13,6,3-6-2,670.7
2026-10-02 12:50:25,20261002,13,6,3-6-4,521.7
2026-10-02 12:50:25,20261002,13,6,3-6-5,586.9
2026-10-02 12:50:25,20261002,13,6,4-1-2,16.1
2026-10-02 12:50:25,20261002,13,6,4-1-3,13.7
2026-10-02 12:50:25,20261002,13,6,4-1-5,23.6
2026-10-02 12:50:25,20261002,13,6,4-1-6,33.3
2026-10-02 12:50:25,20261002,13,6,4-2-1,35.4
2026-10-02 12:50:25,20261002,13,6,4-2-3,164.7
2026-10-02 12:50:25,20261002,13,6,4-2-5,276.1
2026-10-02 12:50:25,20261002,13,6,4-2-6,284.5
2026-10-02 12:50:25,20261002,13,6,4-3-1,28.4
2026-10-02 12:50:25,20261002,13,6,4-3-2,208.6
2026-10-02 12:50:25,20261002,13,6,4-3-5,167.6
2026-10-02 12:50:25,20261002,13,6,4-3-6,213.4
2026-10-02 12:50:25,20261002,13,6,4-5-1,65.2
2026-10-02 12:50:25,20261002,13,6,4-5-2,229.0
2026-10-02 12:50:25,20261002,13,6,4-5-3,167.6
2026-10-02 12:50:25,20261002,13,6,4-5-6,103.1
2026-10-02 12:50:25,20261002,13,6,4-6-1,107.9
2026-10-02 12:50:25,20261002,13,6,4-6-2,247.1
2026-10-02 12:50:25,20261002,13,6,4-6-3,253.8
2026-10-02 12:50:25,20261002,13,6,4-6-5,180.5
2026-10-02 12:50:25,20261002,13,6,5-1-2,313.0
2026-10-02 12:50:25,20261002,13,6,5-1-3,218.3
2026-10-02 12:50:25,20261002,13,6,5-1-4,128.6
2026-10-02 12:50:25,20261002,13,6,5-1-6,284.5
2026-10-02 12:50:25,20261002,13,6,5-2-1,391.2
2026-10-02 12:50:25,20261002,13,6,5-2-3,293.4
2026-10-02 12:50:25,20261002,13,6,5-2-4,323.8
2026-10-02 12:50:25,20261002,13,6,5-2-6,323.8
2026-10-02 12:50:25,20261002,13,6,5-3-1,426.8
2026-10-02 12:50:25,20261002,13,6,5-3-2,494.2
2026-10-02 12:50:25,20261002,13,6,5-3-4,494.2
2026-10-02 12:50:25,20261002,13,6,5-3-6,722.3
2026-10-02 12:50:25,20261002,13,6,5-4-1,173.9
2026-10-02 12:50:25,20261002,13,6,5-4-2,426.8
2026-10-02 12:50:25,20261002,13,6,5-4-3,361.1
2026-10-02 12:50:25,20261002,13,6,5-4-6,184.1
2026-10-02 12:50:25,20261002,13,6,5-6-1,586.9
2026-10-02 12:50:25,20261002,13,6,5-6-2,552.3
2026-10-02 12:50:25,20261002,13,6,5-6-3,347.8
2026-10-02 12:50:25,20261002,13,6,5-6-4,521.7
2026-10-02 12:50:25,20261002,13,6,6-1-2,170.7
2026-10-02 12:50:25,20261002,13,6,6-1-3,586.9
2026-10-02 12:50:25,20261002,13,6,6-1-4,213.4
2026-10-02 12:50:25,20261002,13,6,6-1-5,469.5
2026-10-02 12:50:25,20261002,13,6,6-2-1,347.8
2026-10-02 12:50:25,20261002,13,6,6-2-3,361.1
2026-10-02 12:50:25,20261002,13,6,6-2-4,426.8
2026-10-02 12:50:25,20261002,13,6,6-2-5,469.5
2026-10-02 12:50:25,20261002,13,6,6-3-1,939.0
2026-10-02 12:50:25,20261002,13,6,6-3-2,722.3
2026-10-02 12:50:25,20261002,13,6,6-3-4,586.9
2026-10-02 12:50:25,20261002,13,6,6-3-5,722.3
2026-10-02 12:50:25,20261002,13,6,6-4-1,323.8
2026-10-02 12:50:25,20261002,13,6,6-4-2,552.3
2026-10-02 12:50:25,20261002,13,6,6-4-3,494.2
2026-10-02 12:50:25,20261002,13,6,6-4-5,408.2
2026-10-02 12:50:25,20261002,13,6,6-5-1,586.9
2026-10-02 12:50:25,20261002,13,6,6-5-2,670.7
2026-10-02 12:50:25,20261002,13,6,6-5-3,670.7
2026-10-02 12:50:25,20261002,13,6,6-5-4,494.2
2026-10-02 12:54:07,20261002,22,5,1-2-3,40.7
2026-10-02 12:54:07,20261002,22,5,1-2-4,44.4
2026-10-02 12:54:07,20261002,22,5,1-2-5,113.5
2026-10-02 12:54:07,20261002,22,5,1-2-6,190.5
2026-10-02 12:54:07,20261002,22,5,1-3-2,62.8
2026-10-02 12:54:07,20261002,22,5,1-3-4,39.6
2026-10-02 12:54:07,20261002,22,5,1-3-5,56.7
2026-10-02 12:54:07,20261002,22,5,1-3-6,256.7
2026-10-02 12:54:07,20261002,22,5,1-4-2,90.8
2026-10-02 12:54:07,20261002,22,5,1-4-3,66.3
2026-10-02 12:54:07,20261002,22,5,1-4-5,83.1
2026-10-02 12:54:07,20261002,22,5,1-4-6,236.2
2026-10-02 12:54:07,20261002,22,5,1-5-2,113.5
2026-10-02 12:54:07,20261002,22,5,1-5-3,95.2
2026-10-02 12:54:07,20261002,22,5,1-5-4,89.4
2026-10-02 12:54:07,20261002,22,5,1-5-6,178.9
2026-10-02 12:54:07,20261002,22,5,1-6-2,268.4
2026-10-02 12:54:07,20261002,22,5,1-6-3,268.4
2026-10-02 12:54:07,20261002,22,5,1-6-4,369.1
2026-10-02 12:54:07,20261002,22,5,1-6-5,590.6
2026-10-02 12:54:07,20261002,22,5,2-1-3,128.3
2026-10-02 12:54:07,20261002,22,5,2-1-4,111.4
2026-10-02 12:54:07,20261002,22,5,2-1-5,164.0
2026-10-02 12:54:07,20261002,22,5,2-1-6,328.1
2026-10-02 12:54:07,20261002,22,5,2-3-1,120.5
2026-10-02 12:54:07,20261002,22,5,2-3-4,36.2
2026-10-02 12:54:07,20261002,22,5,2-3-5,62.1
2026-10-02 12:54:07,20261002,22,5,2-3-6,159.6
2026-10-02 12:54:07,20261002,22,5,2-4-1,140.6
2026-10-02 12:54:07,20261002,22,5,2-4-3,52.2
2026-10-02 12:54:07,20261002,22,5,2-4-5,62.8
2026-10-02 12:54:07,20261002,22,5,2-4-6,147.6
2026-10-02 12:54:07,20261002,22,5,2-5-1,164.0
2026-10-02 12:54:07,20261002,22,5,2-5-3,113.5
2026-10-02 12:54:07,20261002,22,5,2-5-4,98.4
2026-10-02 12:54:07,20261002,22,5,2-5-6,310.8
2026-10-02 12:54:07,20261002,22,5,2-6-1,328.1
2026-10-02 12:54:07,20261002,22,5,2-6-3,310.8
2026-10-02 12:54:07,20261002,22,5,2-6-4,178.9
2026-10-02 12:54:07,20261002,22,5,2-6-5,256.7
2026-10-02 12:54:07,20261002,22,5,3-1-2,68.6
2026-10-02 12:54:07,20261002,22,5,3-1-4,39.1
2026-10-02 12:54:07,20261002,22,5,3-1-5,50.0
2026-10-02 12:54:07,20261002,22,5,3-1-6,347.4
2026-10-02 12:54:07,20261002,22,5,3-2-1,74.7
2026-10-02 12:54:07,20261002,22,5,3-2-4,41.0
2026-10-02 12:54:07,20261002,22,5,3-2-5,60.8
2026-10-02 12:54:07,20261002,22,5,3-2-6,115.8
2026-10-02 12:54:07,20261002,22,5,3-4-1,32.8
2026-10-02 12:54:07,20261002,22,5,3-4-2,29.6
2026-10-02 12:54:07,20261002,22,5,3-4-5,17.7
2026-10-02 12:54:07,20261002,22,5,3-4-6,33.3
2026-10-02 12:54:07,20261002,22,5,3-5-1,98.4
2026-10-02 12:54:07,20261002,22,5,3-5-2,58.4
2026-10-02 12:54:07,20261002,22,5,3-5-4,23.2
2026-10-02 12:54:07,20261002,22,5,3-5-6,118.1
2026-10-02 12:54:07,20261002,22,5,3-6-1,295.3
2026-10-02 12:54:07,20261002,22,5,3-6-2,227.1
2026-10-02 12:54:07,20261002,22,5,3-6-4,115.8
2026-10-02 12:54:07,20261002,22,5,3-6-5,218.7
2026-10-02 12:54:07,20261002,22,5,4-1-2,164.0
2026-10-02 12:54:07,20261002,22,5,4-1-3,49.2
2026-10-02 12:54:07,20261002,22,5,4-1-5,123.0
2026-10-02 12:54:07,20261002,22,5,4-1-6,236.2
2026-10-02 12:54:07,20261002,22,5,4-2-1,147.6
2026-10-02 12:54:07,20261002,22,5,4-2-3,62.1
2026-10-02 12:54:07,20261002,22,5,4-2-5,59.6
2026-10-02 12:54:07,20261002,22,5,4-2-6,137.3
2026-10-02 12:54:07,20261002,22,5,4-3-1,34.5
2026-10-02 12:54:07,20261002,22,5,4-3-2,38.3
2026-10-02 12:54:07,20261002,22,5,4-3-5,20.7
2026-10-02 12:54:07,20261002,22,5,4-3-6,49.6
2026-10-02 12:54:07,20261002,22,5,4-5-1,73.8
2026-10-02 12:54:07,20261002,22,5,4-5-2,60.2
2026-10-02 12:54:07,20261002,22,5,4-5-3,31.7
2026-10-02 12:54:07,20261002,22,5,4-5-6,98.4
2026-10-02 12:54:07,20261002,22,5,4-6-1,347.4
2026-10-02 12:54:07,20261002,22,5,4-6-2,236.2
2026-10-02 12:54:07,20261002,22,5,4-6-3,107.3
2026-10-02 12:54:07,20261002,22,5,4-6-5,246.0
2026-10-02 12:54:07,20261002,22,5,5-1-2,246.0
2026-10-02 12:54:07,20261002,22,5,5-1-3,134.2
2026-10-02 12:54:07,20261002,22,5,5-1-4,147.6
2026-10-02 12:54:07,20261002,22,5,5-1-6,328.1
2026-10-02 12:54:07,20261002,22,5,5-2-1,196.8
2026-10-02 12:54:07,20261002,22,5,5-2-3,86.8
2026-10-02 12:54:07,20261002,22,5,5-2-4,68.6
2026-10-02 12:54:07,20261002,22,5,5-2-6,218.7
2026-10-02 12:54:07,20261002,22,5,5-3-1,109.3
2026-10-02 12:54:07,20261002,22,5,5-3-2,64.1
2026-10-02 12:54:07,20261002,22,5,5-3-4,26.0
2026-10-02 12:54:07,20261002,22,5,5-3-6,109.3
2026-10-02 12:54:07,20261002,22,5,5-4-1,131.2
2026-10-02 12:54:07,20261002,22,5,5-4-2,56.7
2026-10-02 12:54:07,20261002,22,5,5-4-3,28.5
2026-10-02 12:54:07,20261002,22,5,5-4-6,76.7
2026-10-02 12:54:07,20261002,22,5,5-6-1,492.1
2026-10-02 12:54:07,20261002,22,5,5-6-2,347.4
2026-10-02 12:54:07,20261002,22,5,5-6-3,236.2
2026-10-02 12:54:07,20261002,22,5,5-6-4,281.2
2026-10-02 12:54:07,20261002,22,5,6-1-2,103.6
2026-10-02 12:54:07,20261002,22,5,6-1-3,492.1
2026-10-02 12:54:07,20261002,22,5,6-1-4,590.6
2026-10-02 12:54:07,20261002,22,5,6-1-5,984.3
2026-10-02 12:54:07,20261002,22,5,6-2-1,168.7
2026-10-02 12:54:07,20261002,22,5,6-2-3,393.7
2026-10-02 12:54:07,20261002,22,5,6-2-4,347.4
2026-10-02 12:54:07,20261002,22,5,6-2-5,393.7
2026-10-02 12:54:07,20261002,22,5,6-3-1,738.2
2026-10-02 12:54:07,20261002,22,5,6-3-2,536.9
2026-10-02 12:54:07,20261002,22,5,6-3-4,347.4
2026-10-02 12:54:07,20261002,22,5,6-3-5,843.7
2026-10-02 12:54:07,20261002,22,5,6-4-1,656.2
2026-10-02 12:54:07,20261002,22,5,6-4-2,536.9
2026-10-02 12:54:07,20261002,22,5,6-4-3,393.7
2026-10-02 12:54:07,20261002,22,5,6-4-5,421.8
2026-10-02 12:54:07,20261002,22,5,6-5-1,1181.0
2026-10-02 12:54:07,20261002,22,5,6-5-2,590.6
2026-10-02 12:54:07,20261002,22,5,6-5-3,738.2
2026-10-02 12:54:07,20261002,22,5,6-5-4,536.9
2026-10-02 12:56:37,20261002,23,10,1-2-3,48.0
2026-10-02 12:56:37,20261002,23,10,1-2-4,35.0
2026-10-02 12:56:37,20261002,23,10,1-2-5,34.6
2026-10-02 12:56:37,20261002,23,10,1-2-6,133.3
2026-10-02 12:56:37,20261002,23,10,1-3-2,65.2
2026-10-02 12:56:37,20261002,23,10,1-3-4,39.0
2026-10-02 12:56:37,20261002,23,10,1-3-5,54.0
2026-10-02 12:56:37,20261002,23,10,1-3-6,193.4
2026-10-02 12:56:37,20261002,23,10,1-4-2,32.1
2026-10-02 12:56:37,20261002,23,10,1-4-3,38.7
2026-10-02 12:56:37,20261002,23,10,1-4-5,19.1
2026-10-02 12:56:37,20261002,23,10,1-4-6,122.7
2026-10-02 12:56:37,20261002,23,10,1-5-2,57.0
2026-10-02 12:56:37,20261002,23,10,1-5-3,70.0
2026-10-02 12:56:37,20261002,23,10,1-5-4,26.8
2026-10-02 12:56:37,20261002,23,10,1-5-6,217.9
2026-10-02 12:56:37,20261002,23,10,1-6-2,227.5
2026-10-02 12:56:37,20261002,23,10,1-6-3,468.8
2026-10-02 12:56:37,20261002,23,10,1-6-4,206.3
2026-10-02 12:56:37,20261002,23,10,1-6-5,595.0
2026-10-02 12:56:37,20261002,23,10,2-1-3,72.3
2026-10-02 12:56:37,20261002,23,10,2-1-4,49.2
2026-10-02 12:56:37,20261002,23,10,2-1-5,51.5
2026-10-02 12:56:37,20261002,23,10,2-1-6,156.2
2026-10-02 12:56:37,20261002,23,10,2-3-1,143.2
2026-10-02 12:56:37,20261002,23,10,2-3-4,101.7
2026-10-02 12:56:37,20261002,23,10,2-3-5,108.1
2026-10-02 12:56:37,20261002,23,10,2-3-6,359.8
2026-10-02 12:56:37,20261002,23,10,2-4-1,82.7
2026-10-02 12:56:37,20261002,23,10,2-4-3,85.4
2026-10-02 12:56:37,20261002,23,10,2-4-5,46.6
2026-10-02 12:56:37,20261002,23,10,2-4-6,206.3
2026-10-02 12:56:37,20261002,23,10,2-5-1,89.9
2026-10-02 12:56:37,20261002,23,10,2-5-3,105.2
2026-10-02 12:56:37,20261002,23,10,2-5-4,64.2
2026-10-02 12:56:37,20261002,23,10,2-5-6,368.3
2026-10-02 12:56:37,20261002,23,10,2-6-1,618.9
2026-10-02 12:56:37,20261002,23,10,2-6-3,429.7
2026-10-02 12:56:37,20261002,23,10,2-6-4,343.8
2026-10-02 12:56:37,20261002,23,10,2-6-5,429.7
2026-10-02 12:56:37,20261002,23,10,3-1-2,148.7
2026-10-02 12:56:37,20261002,23,10,3-1-4,68.4
2026-10-02 12:56:37,20261002,23,10,3-1-5,75.8
2026-10-02 12:56:37,20261002,23,10,3-1-6,418.1
2026-10-02 12:56:37,20261002,23,10,3-2-1,217.9
2026-10-02 12:56:37,20261002,23,10,3-2-4,124.7
2026-10-02 12:56:37,20261002,23,10,3-2-5,144.6
2026-10-02 12:56:37,20261002,23,10,3-2-6,271.4
2026-10-02 12:56:37,20261002,23,10,3-4-1,85.0
2026-10-02 12:56:37,20261002,23,10,3-4-2,115.4
2026-10-02 12:56:37,20261002,23,10,3-4-5,48.9
2026-10-02 12:56:37,20261002,23,10,3-4-6,211.9
2026-10-02 12:56:37,20261002,23,10,3-5-1,114.6
2026-10-02 12:56:37,20261002,23,10,3-5-2,156.2
2026-10-02 12:56:37,20261002,23,10,3-5-4,76.9
2026-10-02 12:56:37,20261002,23,10,3-5-6,407.1
2026-10-02 12:56:37,20261002,23,10,3-6-1,773.6
2026-10-02 12:56:37,20261002,23,10,3-6-2,377.3
2026-10-02 12:56:37,20261002,23,10,3-6-4,595.0
2026-10-02 12:56:37,20261002,23,10,3-6-5,618.9
2026-10-02 12:56:37,20261002,23,10,4-1-2,38.4
2026-10-02 12:56:37,20261002,23,10,4-1-3,53.5
2026-10-02 12:56:37,20261002,23,10,4-1-5,13.6
2026-10-02 12:56:37,20261002,23,10,4-1-6,151.6
2026-10-02 12:56:37,20261002,23,10,4-2-1,72.9
2026-10-02 12:56:37,20261002,23,10,4-2-3,84.5
2026-10-02 12:56:37,20261002,23,10,4-2-5,30.5
2026-10-02 12:56:37,20261002,23,10,4-2-6,173.8
2026-10-02 12:56:37,20261002,23,10,4-3-1,71.3
2026-10-02 12:56:37,20261002,23,10,4-3-2,109.7
2026-10-02 12:56:37,20261002,23,10,4-3-5,41.8
2026-10-02 12:56:37,20261002,23,10,4-3-6,217.9
2026-10-02 12:56:37,20261002,23,10,4-5-1,14.4
2026-10-02 12:56:37,20261002,23,10,4-5-2,24.0
2026-10-02 12:56:37,20261002,23,10,4-5-3,30.7
2026-10-02 12:56:37,20261002,23,10,4-5-6,44.7
2026-10-02 12:56:37,20261002,23,10,4-6-1,386.8
2026-10-02 12:56:37,20261002,23,10,4-6-2,377.3
2026-10-02 12:56:37,20261002,23,10,4-6-3,573.0
2026-10-02 12:56:37,20261002,23,10,4-6-5,249.5
2026-10-02 12:56:37,20261002,23,10,5-1-2,75.4
2026-10-02 12:56:37,20261002,23,10,5-1-3,108.1
2026-10-02 12:56:37,20261002,23,10,5-1-4,37.1
2026-10-02 12:56:37,20261002,23,10,5-1-6,209.0
2026-10-02 12:56:37,20261002,23,10,5-2-1,116.3
2026-10-02 12:56:37,20261002,23,10,5-2-3,214.8
2026-10-02 12:56:37,20261002,23,10,5-2-4,65.8
2026-10-02 12:56:37,20261002,23,10,5-2-6,359.8
2026-10-02 12:56:37,20261002,23,10,5-3-1,161.1
2026-10-02 12:56:37,20261002,23,10,5-3-2,206.3
2026-10-02 12:56:37,20261002,23,10,5-3-4,74.7
2026-10-02 12:56:37,20261002,23,10,5-3-6,442.0
2026-10-02 12:56:37,20261002,23,10,5-4-1,33.4
2026-10-02 12:56:37,20261002,23,10,5-4-2,50.3
2026-10-02 12:56:37,20261002,23,10,5-4-3,55.2
2026-10-02 12:56:37,20261002,23,10,5-4-6,94.9
2026-10-02 12:56:37,20261002,23,10,5-6-1,418.1
2026-10-02 12:56:37,20261002,23,10,5-6-2,533.5
2026-10-02 12:56:37,20261002,23,10,5-6-3,418.1
2026-10-02 12:56:37,20261002,23,10,5-6-4,407.1
2026-10-02 12:56:37,20261002,23,10,6-1-2,286.5
2026-10-02 12:56:37,20261002,23,10,6-1-3,1031.0
2026-10-02 12:56:37,20261002,23,10,6-1-4,672.7
2026-10-02 12:56:37,20261002,23,10,6-1-5,910.1
2026-10-02 12:56:37,20261002,23,10,6-2-1,910.1
2026-10-02 12:56:37,20261002,23,10,6-2-3,418.1
2026-10-02 12:56:37,20261002,23,10,6-2-4,407.1
2026-10-02 12:56:37,20261002,23,10,6-2-5,359.8
2026-10-02 12:56:37,20261002,23,10,6-3-1,1406.0
2026-10-02 12:56:37,20261002,23,10,6-3-2,703.2
2026-10-02 12:56:37,20261002,23,10,6-3-4,552.5
2026-10-02 12:56:37,20261002,23,10,6-3-5,773.6
2026-10-02 12:56:37,20261002,23,10,6-4-1,1105.0
2026-10-02 12:56:37,20261002,23,10,6-4-2,703.2
2026-10-02 12:56:37,20261002,23,10,6-4-3,1547.0
2026-10-02 12:56:37,20261002,23,10,6-4-5,533.5
2026-10-02 12:56:37,20261002,23,10,6-5-1,618.9
2026-10-02 12:56:37,20261002,23,10,6-5-2,859.5
2026-10-02 12:56:37,20261002,23,10,6-5-3,644.6
2026-10-02 12:56:37,20261002,23,10,6-5-4,483.5
2026-10-02 12:59:10,20261002,18,10,1-2-3,33.4
2026-10-02 12:59:10,20261002,18,10,1-2-4,35.3
2026-10-02 12:59:10,20261002,18,10,1-2-5,98.8
2026-10-02 12:59:10,20261002,18,10,1-2-6,56.5
2026-10-02 12:59:10,20261002,18,10,1-3-2,24.1
2026-10-02 12:59:10,20261002,18,10,1-3-4,10.2
2026-10-02 12:59:10,20261002,18,10,1-3-5,55.2
2026-10-02 12:59:10,20261002,18,10,1-3-6,12.4
2026-10-02 12:59:10,20261002,18,10,1-4-2,39.6
2026-10-02 12:59:10,20261002,18,10,1-4-3,19.8
2026-10-02 12:59:10,20261002,18,10,1-4-5,75.4
2026-10-02 12:59:10,20261002,18,10,1-4-6,23.3
2026-10-02 12:59:10,20261002,18,10,1-5-2,129.2
2026-10-02 12:59:10,20261002,18,10,1-5-3,91.9
2026-10-02 12:59:10,20261002,18,10,1-5-4,115.3
2026-10-02 12:59:10,20261002,18,10,1-5-6,147.0
2026-10-02 12:59:10,20261002,18,10,1-6-2,79.4
2026-10-02 12:59:10,20261002,18,10,1-6-3,29.4
2026-10-02 12:59:10,20261002,18,10,1-6-4,44.0
2026-10-02 12:59:10,20261002,18,10,1-6-5,175.5
2026-10-02 12:59:10,20261002,18,10,2-1-3,103.1
2026-10-02 12:59:10,20261002,18,10,2-1-4,89.7
2026-10-02 12:59:10,20261002,18,10,2-1-5,145.2
2026-10-02 12:59:10,20261002,18,10,2-1-6,145.2
2026-10-02 12:59:10,20261002,18,10,2-3-1,148.9
2026-10-02 12:59:10,20261002,18,10,2-3-4,158.9
2026-10-02 12:59:10,20261002,18,10,2-3-5,168.0
2026-10-02 12:59:10,20261002,18,10,2-3-6,148.9
2026-10-02 12:59:10,20261002,18,10,2-4-1,158.9
2026-10-02 12:59:10,20261002,18,10,2-4-3,165.6
2026-10-02 12:59:10,20261002,18,10,2-4-5,230.6
2026-10-02 12:59:10,20261002,18,10,2-4-6,240.0
2026-10-02 12:59:10,20261002,18,10,2-5-1,230.6
2026-10-02 12:59:10,20261002,18,10,2-5-3,255.7
2026-10-02 12:59:10,20261002,18,10,2-5-4,294.0
2026-10-02 12:59:10,20261002,18,10,2-5-6,326.7
2026-10-02 12:59:10,20261002,18,10,2-6-1,301.6
2026-10-02 12:59:10,20261002,18,10,2-6-3,245.0
2026-10-02 12:59:10,20261002,18,10,2-6-4,250.2
2026-10-02 12:59:10,20261002,18,10,2-6-5,273.5
2026-10-02 12:59:10,20261002,18,10,3-1-2,56.0
2026-10-02 12:59:10,20261002,18,10,3-1-4,19.9
2026-10-02 12:59:10,20261002,18,10,3-1-5,64.6
2026-10-02 12:59:10,20261002,18,10,3-1-6,19.8
2026-10-02 12:59:10,20261002,18,10,3-2-1,107.9
2026-10-02 12:59:10,20261002,18,10,3-2-4,92.6
2026-10-02 12:59:10,20261002,18,10,3-2-5,163.3
2026-10-02 12:59:10,20261002,18,10,3-2-6,82.2
2026-10-02 12:59:10,20261002,18,10,3-4-1,37.4
2026-10-02 12:59:10,20261002,18,10,3-4-2,96.4
2026-10-02 12:59:10,20261002,18,10,3-4-5,186.7
2026-10-02 12:59:10,20261002,18,10,3-4-6,34.9
2026-10-02 12:59:10,20261002,18,10,3-5-1,170.4
2026-10-02 12:59:10,20261002,18,10,3-5-2,150.8
2026-10-02 12:59:10,20261002,18,10,3-5-4,180.9
2026-10-02 12:59:10,20261002,18,10,3-5-6,165.6
2026-10-02 12:59:10,20261002,18,10,3-6-1,39.2
2026-10-02 12:59:10,20261002,18,10,3-6-2,107.9
2026-10-02 12:59:10,20261002,18,10,3-6-4,45.5
2026-10-02 12:59:10,20261002,18,10,3-6-5,138.3
2026-10-02 12:59:10,20261002,18,10,4-1-2,135.2
2026-10-02 12:59:10,20261002,18,10,4-1-3,73.5
2026-10-02 12:59:10,20261002,18,10,4-1-5,126.4
2026-10-02 12:59:10,20261002,18,10,4-1-6,63.5
2026-10-02 12:59:10,20261002,18,10,4-2-1,273.5
2026-10-02 12:59:10,20261002,18,10,4-2-3,221.9
2026-10-02 12:59:10,20261002,18,10,4-2-5,180.9
2026-10-02 12:59:10,20261002,18,10,4-2-6,165.6
2026-10-02 12:59:10,20261002,18,10,4-3-1,74.9
2026-10-02 12:59:10,20261002,18,10,4-3-2,202.8
2026-10-02 12:59:10,20261002,18,10,4-3-5,245.0
2026-10-02 12:59:10,20261002,18,10,4-3-6,66.0
2026-10-02 12:59:10,20261002,18,10,4-5-1,152.7
2026-10-02 12:59:10,20261002,18,10,4-5-2,175.5
2026-10-02 12:59:10,20261002,18,10,4-5-3,273.5
2026-10-02 12:59:10,20261002,18,10,4-5-6,178.2
2026-10-02 12:59:10,20261002,18,10,4-6-1,80.0
2026-10-02 12:59:10,20261002,18,10,4-6-2,158.9
2026-10-02 12:59:10,20261002,18,10,4-6-3,88.4
2026-10-02 12:59:10,20261002,18,10,4-6-5,221.9
2026-10-02 12:59:10,20261002,18,10,5-1-2,221.9
2026-10-02 12:59:10,20261002,18,10,5-1-3,196.0
2026-10-02 12:59:10,20261002,18,10,5-1-4,186.7
2026-10-02 12:59:10,20261002,18,10,5-1-6,202.8
2026-10-02 12:59:10,20261002,18,10,5-2-1,379.4
2026-10-02 12:59:10,20261002,18,10,5-2-3,336.1
2026-10-02 12:59:10,20261002,18,10,5-2-4,196.0
2026-10-02 12:59:10,20261002,18,10,5-2-6,261.4
2026-10-02 12:59:10,20261002,18,10,5-3-1,294.0
2026-10-02 12:59:10,20261002,18,10,5-3-2,294.0
2026-10-02 12:59:10,20261002,18,10,5-3-4,240.0
2026-10-02 12:59:10,20261002,18,10,5-3-6,405.6
2026-10-02 12:59:10,20261002,18,10,5-4-1,280.0
2026-10-02 12:59:10,20261002,18,10,5-4-2,210.0
2026-10-02 12:59:10,20261002,18,10,5-4-3,534.7
2026-10-02 12:59:10,20261002,18,10,5-4-6,286.9
2026-10-02 12:59:10,20261002,18,10,5-6-1,452.4
2026-10-02 12:59:10,20261002,18,10,5-6-2,452.4
2026-10-02 12:59:10,20261002,18,10,5-6-3,405.6
2026-10-02 12:59:10,20261002,18,10,5-6-4,619.1
2026-10-02 12:59:10,20261002,18,10,6-1-2,112.0
2026-10-02 12:59:10,20261002,18,10,6-1-3,96.4
2026-10-02 12:59:10,20261002,18,10,6-1-4,105.0
2026-10-02 12:59:10,20261002,18,10,6-1-5,367.6
2026-10-02 12:59:10,20261002,18,10,6-2-1,356.4
2026-10-02 12:59:10,20261002,18,10,6-2-3,161.1
2026-10-02 12:59:10,20261002,18,10,6-2-4,301.6
2026-10-02 12:59:10,20261002,18,10,6-2-5,294.0
2026-10-02 12:59:10,20261002,18,10,6-3-1,116.4
2026-10-02 12:59:10,20261002,18,10,6-3-2,132.1
2026-10-02 12:59:10,20261002,18,10,6-3-4,118.8
2026-10-02 12:59:10,20261002,18,10,6-3-5,294.0
2026-10-02 12:59:10,20261002,18,10,6-4-1,213.8
2026-10-02 12:59:10,20261002,18,10,6-4-2,280.0
2026-10-02 12:59:10,20261002,18,10,6-4-3,189.7
2026-10-02 12:59:10,20261002,18,10,6-4-5,560.1
2026-10-02 12:59:10,20261002,18,10,6-5-1,534.7
2026-10-02 12:59:10,20261002,18,10,6-5-2,379.4
2026-10-02 12:59:10,20261002,18,10,6-5-3,588.1
2026-10-02 12:59:10,20261002,18,10,6-5-4,490.1
2026-10-02 13:06:47,20261002,6,5,1-2-3,24.8
2026-10-02 13:06:47,20261002,6,5,1-2-4,41.6
2026-10-02 13:06:47,20261002,6,5,1-2-5,141.5
2026-10-02 13:06:47,20261002,6,5,1-2-6,58.6
2026-10-02 13:06:47,20261002,6,5,1-3-2,24.2
2026-10-02 13:06:47,20261002,6,5,1-3-4,35.3
2026-10-02 13:06:47,20261002,6,5,1-3-5,108.0
2026-10-02 13:06:47,20261002,6,5,1-3-6,122.5
2026-10-02 13:06:47,20261002,6,5,1-4-2,45.6
2026-10-02 13:06:47,20261002,6,5,1-4-3,66.2
2026-10-02 13:06:47,20261002,6,5,1-4-5,154.9
2026-10-02 13:06:47,20261002,6,5,1-4-6,78.2
2026-10-02 13:06:47,20261002,6,5,1-5-2,228.1
2026-10-02 13:06:47,20261002,6,5,1-5-3,91.2
2026-10-02 13:06:47,20261002,6,5,1-5-4,178.5
2026-10-02 13:06:47,20261002,6,5,1-5-6,391.0
2026-10-02 13:06:47,20261002,6,5,1-6-2,93.3
2026-10-02 13:06:47,20261002,6,5,1-6-3,120.7
2026-10-02 13:06:47,20261002,6,5,1-6-4,141.5
2026-10-02 13:06:47,20261002,6,5,1-6-5,821.2
2026-10-02 13:06:47,20261002,6,5,2-1-3,21.1
2026-10-02 13:06:47,20261002,6,5,2-1-4,31.1
2026-10-02 13:06:47,20261002,6,5,2-1-5,157.9
2026-10-02 13:06:47,20261002,6,5,2-1-6,71.4
2026-10-02 13:06:47,20261002,6,5,2-3-1,25.5
2026-10-02 13:06:47,20261002,6,5,2-3-4,10.9
2026-10-02 13:06:47,20261002,6,5,2-3-5,44.6
2026-10-02 13:06:47,20261002,6,5,2-3-6,57.0
2026-10-02 13:06:47,20261002,6,5,2-4-1,60.3
2026-10-02 13:06:47,20261002,6,5,2-4-3,21.5
2026-10-02 13:06:47,20261002,6,5,2-4-5,144.0
2026-10-02 13:06:47,20261002,6,5,2-4-6,76.7
2026-10-02 13:06:47,20261002,6,5,2-5-1,205.3
2026-10-02 13:06:47,20261002,6,5,2-5-3,164.2
2026-10-02 13:06:47,20261002,6,5,2-5-4,283.1
2026-10-02 13:06:47,20261002,6,5,2-5-6,216.1
2026-10-02 13:06:47,20261002,6,5,2-6-1,195.5
2026-10-02 13:06:47,20261002,6,5,2-6-3,103.9
2026-10-02 13:06:47,20261002,6,5,2-6-4,146.6
2026-10-02 13:06:47,20261002,6,5,2-6-5,210.5
2026-10-02 13:06:47,20261002,6,5,3-1-2,26.2
2026-10-02 13:06:47,20261002,6,5,3-1-4,23.3
2026-10-02 13:06:47,20261002,6,5,3-1-5,102.6
2026-10-02 13:06:47,20261002,6,5,3-1-6,85.5
2026-10-02 13:06:47,20261002,6,5,3-2-1,27.2
2026-10-02 13:06:47,20261002,6,5,3-2-4,13.7
2026-10-02 13:06:47,20261002,6,5,3-2-5,103.9
2026-10-02 13:06:47,20261002,6,5,3-2-6,58.2
2026-10-02 13:06:47,20261002,6,5,3-4-1,48.8
2026-10-02 13:06:47,20261002,6,5,3-4-2,18.0
2026-10-02 13:06:47,20261002,6,5,3-4-5,132.4
2026-10-02 13:06:47,20261002,6,5,3-4-6,63.6
2026-10-02 13:06:47,20261002,6,5,3-5-1,241.5
2026-10-02 13:06:47,20261002,6,5,3-5-2,190.9
2026-10-02 13:06:47,20261002,6,5,3-5-4,174.7
2026-10-02 13:06:47,20261002,6,5,3-5-6,293.3
2026-10-02 13:06:47,20261002,6,5,3-6-1,241.5
2026-10-02 13:06:47,20261002,6,5,3-6-2,114.0
2026-10-02 13:06:47,20261002,6,5,3-6-4,157.9
2026-10-02 13:06:47,20261002,6,5,3-6-5,357.0
2026-10-02 13:06:47,20261002,6,5,4-1-2,139.1
2026-10-02 13:06:47,20261002,6,5,4-1-3,139.1
2026-10-02 13:06:47,20261002,6,5,4-1-5,216.1
2026-10-02 13:06:47,20261002,6,5,4-1-6,293.3
2026-10-02 13:06:47,20261002,6,5,4-2-1,146.6
2026-10-02 13:06:47,20261002,6,5,4-2-3,33.1
2026-10-02 13:06:47,20261002,6,5,4-2-5,248.8
2026-10-02 13:06:47,20261002,6,5,4-2-6,152.0
2026-10-02 13:06:47,20261002,6,5,4-3-1,65.1
2026-10-02 13:06:47,20261002,6,5,4-3-2,49.4
2026-10-02 13:06:47,20261002,6,5,4-3-5,195.5
2026-10-02 13:06:47,20261002,6,5,4-3-6,146.6
2026-10-02 13:06:47,20261002,6,5,4-5-1,216.1
2026-10-02 13:06:47,20261002,6,5,4-5-2,256.6
2026-10-02 13:06:47,20261002,6,5,4-5-3,234.6
2026-10-02 13:06:47,20261002,6,5,4-5-6,456.2
2026-10-02 13:06:47,20261002,6,5,4-6-1,342.1
2026-10-02 13:06:47,20261002,6,5,4-6-2,190.9
2026-10-02 13:06:47,20261002,6,5,4-6-3,304.1
2026-10-02 13:06:47,20261002,6,5,4-6-5,746.5
2026-10-02 13:06:47,20261002,6,5,5-1-2,273.7
2026-10-02 13:06:47,20261002,6,5,5-1-3,228.1
2026-10-02 13:06:47,20261002,6,5,5-1-4,283.1
2026-10-02 13:06:47,20261002,6,5,5-1-6,315.8
2026-10-02 13:06:47,20261002,6,5,5-2-1,328.5
2026-10-02 13:06:47,20261002,6,5,5-2-3,228.1
2026-10-02 13:06:47,20261002,6,5,5-2-4,178.5
2026-10-02 13:06:47,20261002,6,5,5-2-6,149.3
2026-10-02 13:06:47,20261002,6,5,5-3-1,174.7
2026-10-02 13:06:47,20261002,6,5,5-3-2,315.8
2026-10-02 13:06:47,20261002,6,5,5-3-4,241.5
2026-10-02 13:06:47,20261002,6,5,5-3-6,283.1
2026-10-02 13:06:47,20261002,6,5,5-4-1,373.2
2026-10-02 13:06:47,20261002,6,5,5-4-2,410.6
2026-10-02 13:06:47,20261002,6,5,5-4-3,432.2
2026-10-02 13:06:47,20261002,6,5,5-4-6,547.5
2026-10-02 13:06:47,20261002,6,5,5-6-1,586.6
2026-10-02 13:06:47,20261002,6,5,5-6-2,410.6
2026-10-02 13:06:47,20261002,6,5,5-6-3,315.8
2026-10-02 13:06:47,20261002,6,5,5-6-4,1173.0
2026-10-02 13:06:47,20261002,6,5,6-1-2,89.2
2026-10-02 13:06:47,20261002,6,5,6-1-3,373.2
2026-10-02 13:06:47,20261002,6,5,6-1-4,631.7
2026-10-02 13:06:47,20261002,6,5,6-1-5,1173.0
2026-10-02 13:06:47,20261002,6,5,6-2-1,134.6
2026-10-02 13:06:47,20261002,6,5,6-2-3,122.5
2026-10-02 13:06:47,20261002,6,5,6-2-4,410.6
2026-10-02 13:06:47,20261002,6,5,6-2-5,391.0
2026-10-02 13:06:47,20261002,6,5,6-3-1,410.6
2026-10-02 13:06:47,20261002,6,5,6-3-2,216.1
2026-10-02 13:06:47,20261002,6,5,6-3-4,432.2
2026-10-02 13:06:47,20261002,6,5,6-3-5,432.2
2026-10-02 13:06:47,20261002,6,5,6-4-1,1173.0
2026-10-02 13:06:47,20261002,6,5,6-4-2,746.5
2026-10-02 13:06:47,20261002,6,5,6-4-3,200.3
2026-10-02 13:06:47,20261002,6,5,6-4-5,2053.0
2026-10-02 13:06:47,20261002,6,5,6-5-1,2053.0
2026-10-02 13:06:47,20261002,6,5,6-5-2,410.6
2026-10-02 13:06:47,20261002,6,5,6-5-3,1026.0
2026-10-02 13:06:47,20261002,6,5,6-5-4,912.5
2026-10-02 13:08:15,20261002,16,6,1-2-3,12.8
2026-10-02 13:08:15,20261002,16,6,1-2-4,9.6
2026-10-02 13:08:15,20261002,16,6,1-2-5,22.8
2026-10-02 13:08:15,20261002,16,6,1-2-6,28.1
2026-10-02 13:08:15,20261002,16,6,1-3-2,16.7
2026-10-02 13:08:15,20261002,16,6,1-3-4,14.1
2026-10-02 13:08:15,20261002,16,6,1-3-5,27.9
2026-10-02 13:08:15,20261002,16,6,1-3-6,36.1
2026-10-02 13:08:15,20261002,16,6,1-4-2,12.4
2026-10-02 13:08:15,20261002,16,6,1-4-3,19.1
2026-10-02 13:08:15,20261002,16,6,1-4-5,24.3
2026-10-02 13:08:15,20261002,16,6,1-4-6,28.2
2026-10-02 13:08:15,20261002,16,6,1-5-2,53.8
2026-10-02 13:08:15,20261002,16,6,1-5-3,76.6
2026-10-02 13:08:15,20261002,16,6,1-5-4,63.7
2026-10-02 13:08:15,20261002,16,6,1-5-6,105.5
2026-10-02 13:08:15,20261002,16,6,1-6-2,105.7
2026-10-02 13:08:15,20261002,16,6,1-6-3,142.5
2026-10-02 13:08:15,20261002,16,6,1-6-4,106.3
2026-10-02 13:08:15,20261002,16,6,1-6-5,174.8
2026-10-02 13:08:15,20261002,16,6,2-1-3,58.3
2026-10-02 13:08:15,20261002,16,6,2-1-4,36.8
2026-10-02 13:08:15,20261002,16,6,2-1-5,65.8
2026-10-02 13:08:15,20261002,16,6,2-1-6,80.8
2026-10-02 13:08:15,20261002,16,6,2-3-1,159.6
2026-10-02 13:08:15,20261002,16,6,2-3-4,181.9
2026-10-02 13:08:15,20261002,16,6,2-3-5,193.2
2026-10-02 13:08:15,20261002,16,6,2-3-6,349.7
2026-10-02 13:08:15,20261002,16,6,2-4-1,78.0
2026-10-02 13:08:15,20261002,16,6,2-4-3,196.4
2026-10-02 13:08:15,20261002,16,6,2-4-5,181.0
2026-10-02 13:08:15,20261002,16,6,2-4-6,198.5
2026-10-02 13:08:15,20261002,16,6,2-5-1,259.7
2026-10-02 13:08:15,20261002,16,6,2-5-3,322.9
2026-10-02 13:08:15,20261002,16,6,2-5-4,344.6
2026-10-02 13:08:15,20261002,16,6,2-5-6,383.3
2026-10-02 13:08:15,20261002,16,6,2-6-1,381.3
2026-10-02 13:08:15,20261002,16,6,2-6-3,770.8
2026-10-02 13:08:15,20261002,16,6,2-6-4,402.7
2026-10-02 13:08:15,20261002,16,6,2-6-5,731.5
2026-10-02 13:08:15,20261002,16,6,3-1-2,62.6
2026-10-02 13:08:15,20261002,16,6,3-1-4,43.0
2026-10-02 13:08:15,20261002,16,6,3-1-5,55.2
2026-10-02 13:08:15,20261002,16,6,3-1-6,83.3
2026-10-02 13:08:15,20261002,16,6,3-2-1,140.2
2026-10-02 13:08:15,20261002,16,6,3-2-4,174.0
2026-10-02 13:08:15,20261002,16,6,3-2-5,205.4
2026-10-02 13:08:15,20261002,16,6,3-2-6,219.9
2026-10-02 13:08:15,20261002,16,6,3-4-1,80.2
2026-10-02 13:08:15,20261002,16,6,3-4-2,150.2
2026-10-02 13:08:15,20261002,16,6,3-4-5,149.0
2026-10-02 13:08:15,20261002,16,6,3-4-6,146.3
2026-10-02 13:08:15,20261002,16,6,3-5-1,177.4
2026-10-02 13:08:15,20261002,16,6,3-5-2,221.9
2026-10-02 13:08:15,20261002,16,6,3-5-4,259.7
2026-10-02 13:08:15,20261002,16,6,3-5-6,381.3
2026-10-02 13:08:15,20261002,16,6,3-6-1,336.5
2026-10-02 13:08:15,20261002,16,6,3-6-2,465.5
2026-10-02 13:08:15,20261002,16,6,3-6-4,434.4
2026-10-02 13:08:15,20261002,16,6,3-6-5,501.3
2026-10-02 13:08:15,20261002,16,6,4-1-2,33.5
2026-10-02 13:08:15,20261002,16,6,4-1-3,58.3
2026-10-02 13:08:15,20261002,16,6,4-1-5,43.6
2026-10-02 13:08:15,20261002,16,6,4-1-6,60.8
2026-10-02 13:08:15,20261002,16,6,4-2-1,65.7
2026-10-02 13:08:15,20261002,16,6,4-2-3,154.8
2026-10-02 13:08:15,20261002,16,6,4-2-5,107.9
2026-10-02 13:08:15,20261002,16,6,4-2-6,139.2
2026-10-02 13:08:15,20261002,16,6,4-3-1,130.8
2026-10-02 13:08:15,20261002,16,6,4-3-2,228.3
2026-10-02 13:08:15,20261002,16,6,4-3-5,236.6
2026-10-02 13:08:15,20261002,16,6,4-3-6,201.9
2026-10-02 13:08:15,20261002,16,6,4-5-1,66.1
2026-10-02 13:08:15,20261002,16,6,4-5-2,112.1
2026-10-02 13:08:15,20261002,16,6,4-5-3,208.4
2026-10-02 13:08:15,20261002,16,6,4-5-6,120.0
2026-10-02 13:08:15,20261002,16,6,4-6-1,141.4
2026-10-02 13:08:15,20261002,16,6,4-6-2,229.0
2026-10-02 13:08:15,20261002,16,6,4-6-3,353.1
2026-10-02 13:08:15,20261002,16,6,4-6-5,200.8
2026-10-02 13:08:15,20261002,16,6,5-1-2,177.4
2026-10-02 13:08:15,20261002,16,6,5-1-3,201.3
2026-10-02 13:08:15,20261002,16,6,5-1-4,169.8
2026-10-02 13:08:15,20261002,16,6,5-1-6,232.7
2026-10-02 13:08:15,20261002,16,6,5-2-1,335.0
2026-10-02 13:08:15,20261002,16,6,5-2-3,391.7
2026-10-02 13:08:15,20261002,16,6,5-2-4,383.3
2026-10-02 13:08:15,20261002,16,6,5-2-6,291.4
2026-10-02 13:08:15,20261002,16,6,5-3-1,365.7
2026-10-02 13:08:15,20261002,16,6,5-3-2,445.2
2026-10-02 13:08:15,20261002,16,6,5-3-4,645.8
2026-10-02 13:08:15,20261002,16,6,5-3-6,623.3
2026-10-02 13:08:15,20261002,16,6,5-4-1,229.7
2026-10-02 13:08:15,20261002,16,6,5-4-2,349.7
2026-10-02 13:08:15,20261002,16,6,5-4-3,573.5
2026-10-02 13:08:15,20261002,16,6,5-4-6,363.9
2026-10-02 13:08:15,20261002,16,6,5-6-1,560.0
2026-10-02 13:08:15,20261002,16,6,5-6-2,843.4
2026-10-02 13:08:15,20261002,16,6,5-6-3,398.2
2026-10-02 13:08:15,20261002,16,6,5-6-4,724.1
2026-10-02 13:08:15,20261002,16,6,6-1-2,291.4
2026-10-02 13:08:15,20261002,16,6,6-1-3,696.0
2026-10-02 13:08:15,20261002,16,6,6-1-4,330.3
2026-10-02 13:08:15,20261002,16,6,6-1-5,709.8
2026-10-02 13:08:15,20261002,16,6,6-2-1,560.0
2026-10-02 13:08:15,20261002,16,6,6-2-3,896.1
2026-10-02 13:08:15,20261002,16,6,6-2-4,670.0
2026-10-02 13:08:15,20261002,16,6,6-2-5,919.1
2026-10-02 13:08:15,20261002,16,6,6-3-1,762.6
2026-10-02 13:08:15,20261002,16,6,6-3-2,853.4
2026-10-02 13:08:15,20261002,16,6,6-3-4,853.4
2026-10-02 13:08:15,20261002,16,6,6-3-5,1493.0
2026-10-02 13:08:15,20261002,16,6,6-4-1,363.9
2026-10-02 13:08:15,20261002,16,6,6-4-2,484.3
2026-10-02 13:08:15,20261002,16,6,6-4-3,1194.0
2026-10-02 13:08:15,20261002,16,6,6-4-5,919.1
2026-10-02 13:08:15,20261002,16,6,6-5-1,885.0
2026-10-02 13:08:15,20261002,16,6,6-5-2,968.7
2026-10-02 13:08:15,20261002,16,6,6-5-3,1303.0
2026-10-02 13:08:15,20261002,16,6,6-5-4,796.5
2026-10-02 13:13:32,20261002,9,7,1-2-3,28.1
2026-10-02 13:13:32,20261002,9,7,1-2-4,131.1
2026-10-02 13:13:32,20261002,9,7,1-2-5,119.6
2026-10-02 13:13:32,20261002,9,7,1-2-6,24.0
2026-10-02 13:13:32,20261002,9,7,1-3-2,24.8
2026-10-02 13:13:32,20261002,9,7,1-3-4,50.9
2026-10-02 13:13:32,20261002,9,7,1-3-5,34.6
2026-10-02 13:13:32,20261002,9,7,1-3-6,12.9
2026-10-02 13:13:32,20261002,9,7,1-4-2,128.7
2026-10-02 13:13:32,20261002,9,7,1-4-3,104.9
2026-10-02 13:13:32,20261002,9,7,1-4-5,170.5
2026-10-02 13:13:32,20261002,9,7,1-4-6,55.0
2026-10-02 13:13:32,20261002,9,7,1-5-2,90.9
2026-10-02 13:13:32,20261002,9,7,1-5-3,74.9
2026-10-02 13:13:32,20261002,9,7,1-5-4,110.0
2026-10-02 13:13:32,20261002,9,7,1-5-6,46.4
2026-10-02 13:13:32,20261002,9,7,1-6-2,30.5
2026-10-02 13:13:32,20261002,9,7,1-6-3,12.4
2026-10-02 13:13:32,20261002,9,7,1-6-4,39.4
2026-10-02 13:13:32,20261002,9,7,1-6-5,32.4
2026-10-02 13:13:32,20261002,9,7,2-1-3,98.8
2026-10-02 13:13:32,20261002,9,7,2-1-4,131.1
2026-10-02 13:13:32,20261002,9,7,2-1-5,142.1
2026-10-02 13:13:32,20261002,9,7,2-1-6,92.1
2026-10-02 13:13:32,20261002,9,7,2-3-1,103.3
2026-10-02 13:13:32,20261002,9,7,2-3-4,162.4
2026-10-02 13:13:32,20261002,9,7,2-3-5,139.2
2026-10-02 13:13:32,20261002,9,7,2-3-6,124.0
2026-10-02 13:13:32,20261002,9,7,2-4-1,284.2
2026-10-02 13:13:32,20261002,9,7,2-4-3,189.5
2026-10-02 13:13:32,20261002,9,7,2-4-5,174.9
2026-10-02 13:13:32,20261002,9,7,2-4-6,179.5
2026-10-02 13:13:32,20261002,9,7,2-5-1,262.3
2026-10-02 13:13:32,20261002,9,7,2-5-3,200.6
2026-10-02 13:13:32,20261002,9,7,2-5-4,284.2
2026-10-02 13:13:32,20261002,9,7,2-5-6,272.8
2026-10-02 13:13:32,20261002,9,7,2-6-1,131.1
2026-10-02 13:13:32,20261002,9,7,2-6-3,148.3
2026-10-02 13:13:32,20261002,9,7,2-6-4,252.6
2026-10-02 13:13:32,20261002,9,7,2-6-5,252.6
2026-10-02 13:13:32,20261002,9,7,3-1-2,82.1
2026-10-02 13:13:32,20261002,9,7,3-1-4,45.4
2026-10-02 13:13:32,20261002,9,7,3-1-5,32.9
2026-10-02 13:13:32,20261002,9,7,3-1-6,28.5
2026-10-02 13:13:32,20261002,9,7,3-2-1,131.1
2026-10-02 13:13:32,20261002,9,7,3-2-4,139.2
2026-10-02 13:13:32,20261002,9,7,3-2-5,106.5
2026-10-02 13:13:32,20261002,9,7,3-2-6,74.9
2026-10-02 13:13:32,20261002,9,7,3-4-1,139.2
2026-10-02 13:13:32,20261002,9,7,3-4-2,252.6
2026-10-02 13:13:32,20261002,9,7,3-4-5,174.9
2026-10-02 13:13:32,20261002,9,7,3-4-6,139.2
2026-10-02 13:13:32,20261002,9,7,3-5-1,131.1
2026-10-02 13:13:32,20261002,9,7,3-5-2,117.6
2026-10-02 13:13:32,20261002,9,7,3-5-4,220.0
2026-10-02 13:13:32,20261002,9,7,3-5-6,54.1
2026-10-02 13:13:32,20261002,9,7,3-6-1,36.4
2026-10-02 13:13:32,20261002,9,7,3-6-2,89.7
2026-10-02 13:13:32,20261002,9,7,3-6-4,115.6
2026-10-02 13:13:32,20261002,9,7,3-6-5,36.6
2026-10-02 13:13:32,20261002,9,7,4-1-2,220.0
2026-10-02 13:13:32,20261002,9,7,4-1-3,206.7
2026-10-02 13:13:32,20261002,9,7,4-1-5,158.6
2026-10-02 13:13:32,20261002,9,7,4-1-6,162.4
2026-10-02 13:13:32,20261002,9,7,4-2-1,262.3
2026-10-02 13:13:32,20261002,9,7,4-2-3,310.0
2026-10-02 13:13:32,20261002,9,7,4-2-5,179.5
2026-10-02 13:13:32,20261002,9,7,4-2-6,162.4
2026-10-02 13:13:32,20261002,9,7,4-3-1,194.9
2026-10-02 13:13:32,20261002,9,7,4-3-2,401.2
2026-10-02 13:13:32,20261002,9,7,4-3-5,206.7
2026-10-02 13:13:32,20261002,9,7,4-3-6,179.5
2026-10-02 13:13:32,20261002,9,7,4-5-1,158.6
2026-10-02 13:13:32,20261002,9,7,4-5-2,179.5
2026-10-02 13:13:32,20261002,9,7,4-5-3,194.9
2026-10-02 13:13:32,20261002,9,7,4-5-6,119.6
2026-10-02 13:13:32,20261002,9,7,4-6-1,148.3
2026-10-02 13:13:32,20261002,9,7,4-6-2,184.3
2026-10-02 13:13:32,20261002,9,7,4-6-3,179.5
2026-10-02 13:13:32,20261002,9,7,4-6-5,162.4
2026-10-02 13:13:32,20261002,9,7,5-1-2,227.4
2026-10-02 13:13:32,20261002,9,7,5-1-3,108.2
2026-10-02 13:13:32,20261002,9,7,5-1-4,170.5
2026-10-02 13:13:32,20261002,9,7,5-1-6,117.6
2026-10-02 13:13:32,20261002,9,7,5-2-1,359.0
2026-10-02 13:13:32,20261002,9,7,5-2-3,213.1
2026-10-02 13:13:32,20261002,9,7,5-2-4,166.3
2026-10-02 13:13:32,20261002,9,7,5-2-6,179.5
2026-10-02 13:13:32,20261002,9,7,5-3-1,194.9
2026-10-02 13:13:32,20261002,9,7,5-3-2,262.3
2026-10-02 13:13:32,20261002,9,7,5-3-4,324.8
2026-10-02 13:13:32,20261002,9,7,5-3-6,106.5
2026-10-02 13:13:32,20261002,9,7,5-4-1,220.0
2026-10-02 13:13:32,20261002,9,7,5-4-2,252.6
2026-10-02 13:13:32,20261002,9,7,5-4-3,243.6
2026-10-02 13:13:32,20261002,9,7,5-4-6,170.5
2026-10-02 13:13:32,20261002,9,7,5-6-1,117.6
2026-10-02 13:13:32,20261002,9,7,5-6-2,227.4
2026-10-02 13:13:32,20261002,9,7,5-6-3,88.5
2026-10-02 13:13:32,20261002,9,7,5-6-4,184.3
2026-10-02 13:13:32,20261002,9,7,6-1-2,52.0
2026-10-02 13:13:32,20261002,9,7,6-1-3,31.8
2026-10-02 13:13:32,20261002,9,7,6-1-4,162.4
2026-10-02 13:13:32,20261002,9,7,6-1-5,54.1
2026-10-02 13:13:32,20261002,9,7,6-2-1,128.7
2026-10-02 13:13:32,20261002,9,7,6-2-3,174.9
2026-10-02 13:13:32,20261002,9,7,6-2-4,379.0
2026-10-02 13:13:32,20261002,9,7,6-2-5,272.8
2026-10-02 13:13:32,20261002,9,7,6-3-1,75.8
2026-10-02 13:13:32,20261002,9,7,6-3-2,151.6
2026-10-02 13:13:32,20261002,9,7,6-3-4,121.8
2026-10-02 13:13:32,20261002,9,7,6-3-5,60.3
2026-10-02 13:13:32,20261002,9,7,6-4-1,213.1
2026-10-02 13:13:32,20261002,9,7,6-4-2,524.7
2026-10-02 13:13:32,20261002,9,7,6-4-3,206.7
2026-10-02 13:13:32,20261002,9,7,6-4-5,252.6
2026-10-02 13:13:32,20261002,9,7,6-5-1,101.8
2026-10-02 13:13:32,20261002,9,7,6-5-2,272.8
2026-10-02 13:13:32,20261002,9,7,6-5-3,90.9
2026-10-02 13:13:32,20261002,9,7,6-5-4,200.6
2026-10-02 13:20:32,20261002,4,6,1-2-3,42.6
2026-10-02 13:20:32,20261002,4,6,1-2-4,26.8
2026-10-02 13:20:32,20261002,4,6,1-2-5,34.6
2026-10-02 13:20:32,20261002,4,6,1-2-6,130.6
2026-10-02 13:20:32,20261002,4,6,1-3-2,69.0
2026-10-02 13:20:32,20261002,4,6,1-3-4,66.5
2026-10-02 13:20:32,20261002,4,6,1-3-5,90.0
2026-10-02 13:20:32,20261002,4,6,1-3-6,218.4
2026-10-02 13:20:32,20261002,4,6,1-4-2,41.7
2026-10-02 13:20:32,20261002,4,6,1-4-3,67.6
2026-10-02 13:20:32,20261002,4,6,1-4-5,42.3
2026-10-02 13:20:32,20261002,4,6,1-4-6,138.0
2026-10-02 13:20:32,20261002,4,6,1-5-2,65.9
2026-10-02 13:20:32,20261002,4,6,1-5-3,120.4
2026-10-02 13:20:32,20261002,4,6,1-5-4,69.3
2026-10-02 13:20:32,20261002,4,6,1-5-6,191.3
2026-10-02 13:20:32,20261002,4,6,1-6-2,314.7
2026-10-02 13:20:32,20261002,4,6,1-6-3,332.6
2026-10-02 13:20:32,20261002,4,6,1-6-4,385.1
2026-10-02 13:20:32,20261002,4,6,1-6-5,395.5
2026-10-02 13:20:32,20261002,4,6,2-1-3,36.0
2026-10-02 13:20:32,20261002,4,6,2-1-4,20.1
2026-10-02 13:20:32,20261002,4,6,2-1-5,28.3
2026-10-02 13:20:32,20261002,4,6,2-1-6,101.6
2026-10-02 13:20:32,20261002,4,6,2-3-1,74.6
2026-10-02 13:20:32,20261002,4,6,2-3-4,34.8
2026-10-02 13:20:32,20261002,4,6,2-3-5,55.6
2026-10-02 13:20:32,20261002,4,6,2-3-6,176.3
2026-10-02 13:20:32,20261002,4,6,2-4-1,27.1
2026-10-02 13:20:32,20261002,4,6,2-4-3,32.5
2026-10-02 13:20:32,20261002,4,6,2-4-5,16.2
2026-10-02 13:20:32,20261002,4,6,2-4-6,100.9
2026-10-02 13:20:32,20261002,4,6,2-5-1,48.3
2026-10-02 13:20:32,20261002,4,6,2-5-3,71.0
2026-10-02 13:20:32,20261002,4,6,2-5-4,26.9
2026-10-02 13:20:32,20261002,4,6,2-5-6,128.9
2026-10-02 13:20:32,20261002,4,6,2-6-1,301.7
2026-10-02 13:20:32,20261002,4,6,2-6-3,400.9
2026-10-02 13:20:32,20261002,4,6,2-6-4,289.8
2026-10-02 13:20:32,20261002,4,6,2-6-5,278.7
2026-10-02 13:20:32,20261002,4,6,3-1-2,102.3
2026-10-02 13:20:32,20261002,4,6,3-1-4,112.1
2026-10-02 13:20:32,20261002,4,6,3-1-5,148.5
2026-10-02 13:20:32,20261002,4,6,3-1-6,340.3
2026-10-02 13:20:32,20261002,4,6,3-2-1,140.7
2026-10-02 13:20:32,20261002,4,6,3-2-4,47.8
2026-10-02 13:20:32,20261002,4,6,3-2-5,80.6
2026-10-02 13:20:32,20261002,4,6,3-2-6,160.8
2026-10-02 13:20:32,20261002,4,6,3-4-1,181.8
2026-10-02 13:20:32,20261002,4,6,3-4-2,92.9
2026-10-02 13:20:32,20261002,4,6,3-4-5,168.2
2026-10-02 13:20:32,20261002,4,6,3-4-6,308.1
2026-10-02 13:20:32,20261002,4,6,3-5-1,204.7
2026-10-02 13:20:32,20261002,4,6,3-5-2,101.9
2026-10-02 13:20:32,20261002,4,6,3-5-4,150.8
2026-10-02 13:20:32,20261002,4,6,3-5-6,496.1
2026-10-02 13:20:32,20261002,4,6,3-6-1,680.7
2026-10-02 13:20:32,20261002,4,6,3-6-2,412.2
2026-10-02 13:20:32,20261002,4,6,3-6-4,636.3
2026-10-02 13:20:32,20261002,4,6,3-6-5,914.7
2026-10-02 13:20:32,20261002,4,6,4-1-2,34.6
2026-10-02 13:20:32,20261002,4,6,4-1-3,70.7
2026-10-02 13:20:32,20261002,4,6,4-1-5,40.3
2026-10-02 13:20:32,20261002,4,6,4-1-6,116.6
2026-10-02 13:20:32,20261002,4,6,4-2-1,40.9
2026-10-02 13:20:32,20261002,4,6,4-2-3,44.3
2026-10-02 13:20:32,20261002,4,6,4-2-5,22.1
2026-10-02 13:20:32,20261002,4,6,4-2-6,80.6
2026-10-02 13:20:32,20261002,4,6,4-3-1,142.7
2026-10-02 13:20:32,20261002,4,6,4-3-2,75.0
2026-10-02 13:20:32,20261002,4,6,4-3-5,134.8
2026-10-02 13:20:32,20261002,4,6,4-3-6,328.9
2026-10-02 13:20:32,20261002,4,6,4-5-1,42.0
2026-10-02 13:20:32,20261002,4,6,4-5-2,24.9
2026-10-02 13:20:32,20261002,4,6,4-5-3,88.9
2026-10-02 13:20:32,20261002,4,6,4-5-6,64.1
2026-10-02 13:20:32,20261002,4,6,4-6-1,271.0
2026-10-02 13:20:32,20261002,4,6,4-6-2,273.5
2026-10-02 13:20:32,20261002,4,6,4-6-3,479.8
2026-10-02 13:20:32,20261002,4,6,4-6-5,212.1
2026-10-02 13:20:32,20261002,4,6,5-1-2,74.4
2026-10-02 13:20:32,20261002,4,6,5-1-3,168.2
2026-10-02 13:20:32,20261002,4,6,5-1-4,82.2
2026-10-02 13:20:32,20261002,4,6,5-1-6,167.2
2026-10-02 13:20:32,20261002,4,6,5-2-1,83.8
2026-10-02 13:20:32,20261002,4,6,5-2-3,125.0
2026-10-02 13:20:32,20261002,4,6,5-2-4,43.8
2026-10-02 13:20:32,20261002,4,6,5-2-6,126.1
2026-10-02 13:20:32,20261002,4,6,5-3-1,263.7
2026-10-02 13:20:32,20261002,4,6,5-3-2,216.8
2026-10-02 13:20:32,20261002,4,6,5-3-4,259.0
2026-10-02 13:20:32,20261002,4,6,5-3-6,585.4
2026-10-02 13:20:32,20261002,4,6,5-4-1,66.0
2026-10-02 13:20:32,20261002,4,6,5-4-2,39.7
2026-10-02 13:20:32,20261002,4,6,5-4-3,159.0
2026-10-02 13:20:32,20261002,4,6,5-4-6,91.7
2026-10-02 13:20:32,20261002,4,6,5-6-1,344.3
2026-10-02 13:20:32,20261002,4,6,5-6-2,328.9
2026-10-02 13:20:32,20261002,4,6,5-6-3,344.3
2026-10-02 13:20:32,20261002,4,6,5-6-4,281.4
2026-10-02 13:20:32,20261002,4,6,6-1-2,390.3
2026-10-02 13:20:32,20261002,4,6,6-1-3,770.3
2026-10-02 13:20:32,20261002,4,6,6-1-4,770.3
2026-10-02 13:20:32,20261002,4,6,6-1-5,665.2
2026-10-02 13:20:32,20261002,4,6,6-2-1,665.2
2026-10-02 13:20:32,20261002,4,6,6-2-3,770.3
2026-10-02 13:20:32,20261002,4,6,6-2-4,665.2
2026-10-02 13:20:32,20261002,4,6,6-2-5,562.9
2026-10-02 13:20:32,20261002,4,6,6-3-1,680.7
2026-10-02 13:20:32,20261002,4,6,6-3-2,914.7
2026-10-02 13:20:32,20261002,4,6,6-3-4,944.2
2026-10-02 13:20:32,20261002,4,6,6-3-5,1009.0
2026-10-02 13:20:32,20261002,4,6,6-4-1,914.7
2026-10-02 13:20:32,20261002,4,6,6-4-2,791.1
2026-10-02 13:20:32,20261002,4,6,6-4-3,1084.0
2026-10-02 13:20:32,20261002,4,6,6-4-5,609.8
2026-10-02 13:20:32,20261002,4,6,6-5-1,680.7
2026-10-02 13:20:32,20261002,4,6,6-5-2,622.8
2026-10-02 13:20:32,20261002,4,6,6-5-3,731.8
2026-10-02 13:20:32,20261002,4,6,6-5-4,650.5
2026-10-02 13:21:57,20261002,13,7,1-2-3,42.9
2026-10-02 13:21:57,20261002,13,7,1-2-4,62.0
2026-10-02 13:21:57,20261002,13,7,1-2-5,164.3
2026-10-02 13:21:57,20261002,13,7,1-2-6,71.3
2026-10-02 13:21:57,20261002,13,7,1-3-2,62.7
2026-10-02 13:21:57,20261002,13,7,1-3-4,90.8
2026-10-02 13:21:57,20261002,13,7,1-3-5,120.6
2026-10-02 13:21:57,20261002,13,7,1-3-6,70.7
2026-10-02 13:21:57,20261002,13,7,1-4-2,119.8
2026-10-02 13:21:57,20261002,13,7,1-4-3,138.0
2026-10-02 13:21:57,20261002,13,7,1-4-5,236.4
2026-10-02 13:21:57,20261002,13,7,1-4-6,125.0
2026-10-02 13:21:57,20261002,13,7,1-5-2,319.5
2026-10-02 13:21:57,20261002,13,7,1-5-3,224.1
2026-10-02 13:21:57,20261002,13,7,1-5-4,338.3
2026-10-02 13:21:57,20261002,13,7,1-5-6,319.5
2026-10-02 13:21:57,20261002,13,7,1-6-2,106.5
2026-10-02 13:21:57,20261002,13,7,1-6-3,97.5
2026-10-02 13:21:57,20261002,13,7,1-6-4,119.0
2026-10-02 13:21:57,20261002,13,7,1-6-5,253.7
2026-10-02 13:21:57,20261002,13,7,2-1-3,80.6
2026-10-02 13:21:57,20261002,13,7,2-1-4,99.1
2026-10-02 13:21:57,20261002,13,7,2-1-5,183.5
2026-10-02 13:21:57,20261002,13,7,2-1-6,119.0
2026-10-02 13:21:57,20261002,13,7,2-3-1,49.0
2026-10-02 13:21:57,20261002,13,7,2-3-4,37.7
2026-10-02 13:21:57,20261002,13,7,2-3-5,50.7
2026-10-02 13:21:57,20261002,13,7,2-3-6,15.9
2026-10-02 13:21:57,20261002,13,7,2-4-1,113.5
2026-10-02 13:21:57,20261002,13,7,2-4-3,74.0
2026-10-02 13:21:57,20261002,13,7,2-4-5,170.8
2026-10-02 13:21:57,20261002,13,7,2-4-6,46.0
2026-10-02 13:21:57,20261002,13,7,2-5-1,302.7
2026-10-02 13:21:57,20261002,13,7,2-5-3,181.6
2026-10-02 13:21:57,20261002,13,7,2-5-4,292.5
2026-10-02 13:21:57,20261002,13,7,2-5-6,239.6
2026-10-02 13:21:57,20261002,13,7,2-6-1,90.8
2026-10-02 13:21:57,20261002,13,7,2-6-3,20.6
2026-10-02 13:21:57,20261002,13,7,2-6-4,37.0
2026-10-02 13:21:57,20261002,13,7,2-6-5,61.4
2026-10-02 13:21:57,20261002,13,7,3-1-2,95.8
2026-10-02 13:21:57,20261002,13,7,3-1-4,143.8
2026-10-02 13:21:57,20261002,13,7,3-1-5,193.9
2026-10-02 13:21:57,20261002,13,7,3-1-6,65.6
2026-10-02 13:21:57,20261002,13,7,3-2-1,88.9
2026-10-02 13:21:57,20261002,13,7,3-2-4,43.4
2026-10-02 13:21:57,20261002,13,7,3-2-5,107.1
2026-10-02 13:21:57,20261002,13,7,3-2-6,23.6
2026-10-02 13:21:57,20261002,13,7,3-4-1,142.6
2026-10-02 13:21:57,20261002,13,7,3-4-2,70.1
2026-10-02 13:21:57,20261002,13,7,3-4-5,148.7
2026-10-02 13:21:57,20261002,13,7,3-4-6,33.8
2026-10-02 13:21:57,20261002,13,7,3-5-1,257.5
2026-10-02 13:21:57,20261002,13,7,3-5-2,177.9
2026-10-02 13:21:57,20261002,13,7,3-5-4,243.0
2026-10-02 13:21:57,20261002,13,7,3-5-6,146.2
2026-10-02 13:21:57,20261002,13,7,3-6-1,61.1
2026-10-02 13:21:57,20261002,13,7,3-6-2,23.3
2026-10-02 13:21:57,20261002,13,7,3-6-4,30.4
2026-10-02 13:21:57,20261002,13,7,3-6-5,61.1
2026-10-02 13:21:57,20261002,13,7,4-1-2,150.0
2026-10-02 13:21:57,20261002,13,7,4-1-3,261.4
2026-10-02 13:21:57,20261002,13,7,4-1-5,287.6
2026-10-02 13:21:57,20261002,13,7,4-1-6,121.5
2026-10-02 13:21:57,20261002,13,7,4-2-1,123.2
2026-10-02 13:21:57,20261002,13,7,4-2-3,103.9
2026-10-02 13:21:57,20261002,13,7,4-2-5,176.1
2026-10-02 13:21:57,20261002,13,7,4-2-6,56.9
2026-10-02 13:21:57,20261002,13,7,4-3-1,205.4
2026-10-02 13:21:57,20261002,13,7,4-3-2,135.8
2026-10-02 13:21:57,20261002,13,7,4-3-5,236.4
2026-10-02 13:21:57,20261002,13,7,4-3-6,82.5
2026-10-02 13:21:57,20261002,13,7,4-5-1,257.5
2026-10-02 13:21:57,20261002,13,7,4-5-2,210.4
2026-10-02 13:21:57,20261002,13,7,4-5-3,215.7
2026-10-02 13:21:57,20261002,13,7,4-5-6,112.7
2026-10-02 13:21:57,20261002,13,7,4-6-1,96.9
2026-10-02 13:21:57,20261002,13,7,4-6-2,50.1
2026-10-02 13:21:57,20261002,13,7,4-6-3,63.2
2026-10-02 13:21:57,20261002,13,7,4-6-5,105.8
2026-10-02 13:21:57,20261002,13,7,5-1-2,493.0
2026-10-02 13:21:57,20261002,13,7,5-1-3,383.5
2026-10-02 13:21:57,20261002,13,7,5-1-4,352.2
2026-10-02 13:21:57,20261002,13,7,5-1-6,431.4
2026-10-02 13:21:57,20261002,13,7,5-2-1,575.2
2026-10-02 13:21:57,20261002,13,7,5-2-3,454.1
2026-10-02 13:21:57,20261002,13,7,5-2-4,345.1
2026-10-02 13:21:57,20261002,13,7,5-2-6,442.5
2026-10-02 13:21:57,20261002,13,7,5-3-1,556.7
2026-10-02 13:21:57,20261002,13,7,5-3-2,493.0
2026-10-02 13:21:57,20261002,13,7,5-3-4,663.7
2026-10-02 13:21:57,20261002,13,7,5-3-6,401.3
2026-10-02 13:21:57,20261002,13,7,5-4-1,750.3
2026-10-02 13:21:57,20261002,13,7,5-4-2,639.1
2026-10-02 13:21:57,20261002,13,7,5-4-3,750.3
2026-10-02 13:21:57,20261002,13,7,5-4-6,345.1
2026-10-02 13:21:57,20261002,13,7,5-6-1,862.9
2026-10-02 13:21:57,20261002,13,7,5-6-2,442.5
2026-10-02 13:21:57,20261002,13,7,5-6-3,325.6
2026-10-02 13:21:57,20261002,13,7,5-6-4,522.9
2026-10-02 13:21:57,20261002,13,7,6-1-2,73.1
2026-10-02 13:21:57,20261002,13,7,6-1-3,102.1
2026-10-02 13:21:57,20261002,13,7,6-1-4,170.8
2026-10-02 13:21:57,20261002,13,7,6-1-5,210.4
2026-10-02 13:21:57,20261002,13,7,6-2-1,84.5
2026-10-02 13:21:57,20261002,13,7,6-2-3,19.9
2026-10-02 13:21:57,20261002,13,7,6-2-4,38.8
2026-10-02 13:21:57,20261002,13,7,6-2-5,54.2
2026-10-02 13:21:57,20261002,13,7,6-3-1,107.8
2026-10-02 13:21:57,20261002,13,7,6-3-2,25.3
2026-10-02 13:21:57,20261002,13,7,6-3-4,51.6
2026-10-02 13:21:57,20261002,13,7,6-3-5,69.0
2026-10-02 13:21:57,20261002,13,7,6-4-1,151.3
2026-10-02 13:21:57,20261002,13,7,6-4-2,44.8
2026-10-02 13:21:57,20261002,13,7,6-4-3,68.4
2026-10-02 13:21:57,20261002,13,7,6-4-5,181.6
2026-10-02 13:21:57,20261002,13,7,6-5-1,233.2
2026-10-02 13:21:57,20261002,13,7,6-5-2,104.5
2026-10-02 13:21:57,20261002,13,7,6-5-3,181.6
2026-10-02 13:21:57,20261002,13,7,6-5-4,253.7
2026-10-02 13:23:18,20261002,14,11,1-2-3,27.6
2026-10-02 13:23:18,20261002,14,11,1-2-4,26.6
2026-10-02 13:23:18,20261002,14,11,1-2-5,30.4
2026-10-02 13:23:18,20261002,14,11,1-2-6,67.8
2026-10-02 13:23:18,20261002,14,11,1-3-2,33.9
2026-10-02 13:23:18,20261002,14,11,1-3-4,32.8
2026-10-02 13:23:18,20261002,14,11,1-3-5,34.4
2026-10-02 13:23:18,20261002,14,11,1-3-6,81.0
2026-10-02 13:23:18,20261002,14,11,1-4-2,24.7
2026-10-02 13:23:18,20261002,14,11,1-4-3,32.6
2026-10-02 13:23:18,20261002,14,11,1-4-5,31.4
2026-10-02 13:23:18,20261002,14,11,1-4-6,65.9
2026-10-02 13:23:18,20261002,14,11,1-5-2,49.3
2026-10-02 13:23:18,20261002,14,11,1-5-3,59.7
2026-10-02 13:23:18,20261002,14,11,1-5-4,53.1
2026-10-02 13:23:18,20261002,14,11,1-5-6,121.9
2026-10-02 13:23:18,20261002,14,11,1-6-2,164.9
2026-10-02 13:23:18,20261002,14,11,1-6-3,193.9
2026-10-02 13:23:18,20261002,14,11,1-6-4,172.1
2026-10-02 13:23:18,20261002,14,11,1-6-5,260.0
2026-10-02 13:23:18,20261002,14,11,2-1-3,75.0
2026-10-02 13:23:18,20261002,14,11,2-1-4,59.2
2026-10-02 13:23:18,20261002,14,11,2-1-5,65.8
2026-10-02 13:23:18,20261002,14,11,2-1-6,179.9
2026-10-02 13:23:18,20261002,14,11,2-3-1,141.7
2026-10-02 13:23:18,20261002,14,11,2-3-4,156.7
2026-10-02 13:23:18,20261002,14,11,2-3-5,158.8
2026-10-02 13:23:18,20261002,14,11,2-3-6,375.6
2026-10-02 13:23:18,20261002,14,11,2-4-1,86.3
2026-10-02 13:23:18,20261002,14,11,2-4-3,121.9
2026-10-02 13:23:18,20261002,14,11,2-4-5,129.3
2026-10-02 13:23:18,20261002,14,11,2-4-6,215.1
2026-10-02 13:23:18,20261002,14,11,2-5-1,138.8
2026-10-02 13:23:18,20261002,14,11,2-5-3,147.9
2026-10-02 13:23:18,20261002,14,11,2-5-4,181.3
2026-10-02 13:23:18,20261002,14,11,2-5-6,267.4
2026-10-02 13:23:18,20261002,14,11,2-6-1,350.6
2026-10-02 13:23:18,20261002,14,11,2-6-3,434.2
2026-10-02 13:23:18,20261002,14,11,2-6-4,464.0
2026-10-02 13:23:18,20261002,14,11,2-6-5,348.0
2026-10-02 13:23:18,20261002,14,11,3-1-2,82.3
2026-10-02 13:23:18,20261002,14,11,3-1-4,59.4
2026-10-02 13:23:18,20261002,14,11,3-1-5,80.9
2026-10-02 13:23:18,20261002,14,11,3-1-6,188.5
2026-10-02 13:23:18,20261002,14,11,3-2-1,126.9
2026-10-02 13:23:18,20261002,14,11,3-2-4,166.6
2026-10-02 13:23:18,20261002,14,11,3-2-5,114.6
2026-10-02 13:23:18,20261002,14,11,3-2-6,210.3
2026-10-02 13:23:18,20261002,14,11,3-4-1,77.8
2026-10-02 13:23:18,20261002,14,11,3-4-2,109.0
2026-10-02 13:23:18,20261002,14,11,3-4-5,112.7
2026-10-02 13:23:18,20261002,14,11,3-4-6,239.0
2026-10-02 13:23:18,20261002,14,11,3-5-1,141.7
2026-10-02 13:23:18,20261002,14,11,3-5-2,125.8
2026-10-02 13:23:18,20261002,14,11,3-5-4,202.2
2026-10-02 13:23:18,20261002,14,11,3-5-6,301.5
2026-10-02 13:23:18,20261002,14,11,3-6-1,355.9
2026-10-02 13:23:18,20261002,14,11,3-6-2,438.2
2026-10-02 13:23:18,20261002,14,11,3-6-4,446.5
2026-10-02 13:23:18,20261002,14,11,3-6-5,408.0
2026-10-02 13:23:18,20261002,14,11,4-1-2,19.6
2026-10-02 13:23:18,20261002,14,11,4-1-3,29.9
2026-10-02 13:23:18,20261002,14,11,4-1-5,20.8
2026-10-02 13:23:18,20261002,14,11,4-1-6,47.1
2026-10-02 13:23:18,20261002,14,11,4-2-1,32.1
2026-10-02 13:23:18,20261002,14,11,4-2-3,56.6
2026-10-02 13:23:18,20261002,14,11,4-2-5,47.9
2026-10-02 13:23:18,20261002,14,11,4-2-6,71.9
2026-10-02 13:23:18,20261002,14,11,4-3-1,46.5
2026-10-02 13:23:18,20261002,14,11,4-3-2,65.9
2026-10-02 13:23:18,20261002,14,11,4-3-5,73.3
2026-10-02 13:23:18,20261002,14,11,4-3-6,99.4
2026-10-02 13:23:18,20261002,14,11,4-5-1,26.7
2026-10-02 13:23:18,20261002,14,11,4-5-2,34.9
2026-10-02 13:23:18,20261002,14,11,4-5-3,54.7
2026-10-02 13:23:18,20261002,14,11,4-5-6,31.3
2026-10-02 13:23:18,20261002,14,11,4-6-1,89.3
2026-10-02 13:23:18,20261002,14,11,4-6-2,125.8
2026-10-02 13:23:18,20261002,14,11,4-6-3,152.6
2026-10-02 13:23:18,20261002,14,11,4-6-5,83.4
2026-10-02 13:23:18,20261002,14,11,5-1-2,90.8
2026-10-02 13:23:18,20261002,14,11,5-1-3,114.0
2026-10-02 13:23:18,20261002,14,11,5-1-4,80.2
2026-10-02 13:23:18,20261002,14,11,5-1-6,143.4
2026-10-02 13:23:18,20261002,14,11,5-2-1,162.1
2026-10-02 13:23:18,20261002,14,11,5-2-3,211.3
2026-10-02 13:23:18,20261002,14,11,5-2-4,180.6
2026-10-02 13:23:18,20261002,14,11,5-2-6,201.4
2026-10-02 13:23:18,20261002,14,11,5-3-1,185.6
2026-10-02 13:23:18,20261002,14,11,5-3-2,223.2
2026-10-02 13:23:18,20261002,14,11,5-3-4,242.7
2026-10-02 13:23:18,20261002,14,11,5-3-6,305.3
2026-10-02 13:23:18,20261002,14,11,5-4-1,70.7
2026-10-02 13:23:18,20261002,14,11,5-4-2,101.5
2026-10-02 13:23:18,20261002,14,11,5-4-3,154.1
2026-10-02 13:23:18,20261002,14,11,5-4-6,116.8
2026-10-02 13:23:18,20261002,14,11,5-6-1,283.4
2026-10-02 13:23:18,20261002,14,11,5-6-2,242.7
2026-10-02 13:23:18,20261002,14,11,5-6-3,358.6
2026-10-02 13:23:18,20261002,14,11,5-6-4,247.8
2026-10-02 13:23:18,20261002,14,11,6-1-2,267.4
2026-10-02 13:23:18,20261002,14,11,6-1-3,372.7
2026-10-02 13:23:18,20261002,14,11,6-1-4,372.7
2026-10-02 13:23:18,20261002,14,11,6-1-5,473.3
2026-10-02 13:23:18,20261002,14,11,6-2-1,455.1
2026-10-02 13:23:18,20261002,14,11,6-2-3,503.5
2026-10-02 13:23:18,20261002,14,11,6-2-4,556.8
2026-10-02 13:23:18,20261002,14,11,6-2-5,378.6
2026-10-02 13:23:18,20261002,14,11,6-3-1,550.4
2026-10-02 13:23:18,20261002,14,11,6-3-2,544.0
2026-10-02 13:23:18,20261002,14,11,6-3-4,622.8
2026-10-02 13:23:18,20261002,14,11,6-3-5,860.6
2026-10-02 13:23:18,20261002,14,11,6-4-1,381.7
2026-10-02 13:23:18,20261002,14,11,6-4-2,434.2
2026-10-02 13:23:18,20261002,14,11,6-4-3,631.1
2026-10-02 13:23:18,20261002,14,11,6-4-5,361.3
2026-10-02 13:23:18,20261002,14,11,6-5-1,520.1
2026-10-02 13:23:18,20261002,14,11,6-5-2,401.1
2026-10-02 13:23:18,20261002,14,11,6-5-3,676.2
2026-10-02 13:23:18,20261002,14,11,6-5-4,350.6
2026-10-02 13:27:09,20261002,22,6,1-2-3,54.5
2026-10-02 13:27:09,20261002,22,6,1-2-4,49.6
2026-10-02 13:27:09,20261002,22,6,1-2-5,164.6
2026-10-02 13:27:09,20261002,22,6,1-2-6,40.6
2026-10-02 13:27:09,20261002,22,6,1-3-2,78.6
2026-10-02 13:27:09,20261002,22,6,1-3-4,70.5
2026-10-02 13:27:09,20261002,22,6,1-3-5,71.7
2026-10-02 13:27:09,20261002,22,6,1-3-6,90.7
2026-10-02 13:27:09,20261002,22,6,1-4-2,121.8
2026-10-02 13:27:09,20261002,22,6,1-4-3,82.3
2026-10-02 13:27:09,20261002,22,6,1-4-5,145.7
2026-10-02 13:27:09,20261002,22,6,1-4-6,193.3
2026-10-02 13:27:09,20261002,22,6,1-5-2,153.3
2026-10-02 13:27:09,20261002,22,6,1-5-3,269.4
2026-10-02 13:27:09,20261002,22,6,1-5-4,240.3
2026-10-02 13:27:09,20261002,22,6,1-5-6,342.0
2026-10-02 13:27:09,20261002,22,6,1-6-2,36.4
2026-10-02 13:27:09,20261002,22,6,1-6-3,78.6
2026-10-02 13:27:09,20261002,22,6,1-6-4,79.3
2026-10-02 13:27:09,20261002,22,6,1-6-5,189.1
2026-10-02 13:27:09,20261002,22,6,2-1-3,65.8
2026-10-02 13:27:09,20261002,22,6,2-1-4,82.3
2026-10-02 13:27:09,20261002,22,6,2-1-5,125.2
2026-10-02 13:27:09,20261002,22,6,2-1-6,31.8
2026-10-02 13:27:09,20261002,22,6,2-3-1,96.6
2026-10-02 13:27:09,20261002,22,6,2-3-4,102.2
2026-10-02 13:27:09,20261002,22,6,2-3-5,76.0
2026-10-02 13:27:09,20261002,22,6,2-3-6,36.1
2026-10-02 13:27:09,20261002,22,6,2-4-1,134.7
2026-10-02 13:27:09,20261002,22,6,2-4-3,108.4
2026-10-02 13:27:09,20261002,22,6,2-4-5,127.0
2026-10-02 13:27:09,20261002,22,6,2-4-6,57.7
2026-10-02 13:27:09,20261002,22,6,2-5-1,161.6
2026-10-02 13:27:09,20261002,22,6,2-5-3,121.8
2026-10-02 13:27:09,20261002,22,6,2-5-4,189.1
2026-10-02 13:27:09,20261002,22,6,2-5-6,72.2
2026-10-02 13:27:09,20261002,22,6,2-6-1,28.6
2026-10-02 13:27:09,20261002,22,6,2-6-3,19.2
2026-10-02 13:27:09,20261002,22,6,2-6-4,28.0
2026-10-02 13:27:09,20261002,22,6,2-6-5,21.8
2026-10-02 13:27:09,20261002,22,6,3-1-2,121.8
2026-10-02 13:27:09,20261002,22,6,3-1-4,132.7
2026-10-02 13:27:09,20261002,22,6,3-1-5,103.3
2026-10-02 13:27:09,20261002,22,6,3-1-6,161.6
2026-10-02 13:27:09,20261002,22,6,3-2-1,117.0
2026-10-02 13:27:09,20261002,22,6,3-2-4,128.8
2026-10-02 13:27:09,20261002,22,6,3-2-5,111.1
2026-10-02 13:27:09,20261002,22,6,3-2-6,89.8
2026-10-02 13:27:09,20261002,22,6,3-4-1,193.3
2026-10-02 13:27:09,20261002,22,6,3-4-2,156.0
2026-10-02 13:27:09,20261002,22,6,3-4-5,193.3
2026-10-02 13:27:09,20261002,22,6,3-4-6,115.4
2026-10-02 13:27:09,20261002,22,6,3-5-1,156.0
2026-10-02 13:27:09,20261002,22,6,3-5-2,167.7
2026-10-02 13:27:09,20261002,22,6,3-5-4,247.0
2026-10-02 13:27:09,20261002,22,6,3-5-6,222.3
2026-10-02 13:27:09,20261002,22,6,3-6-1,234.0
2026-10-02 13:27:09,20261002,22,6,3-6-2,121.8
2026-10-02 13:27:09,20261002,22,6,3-6-4,261.5
2026-10-02 13:27:09,20261002,22,6,3-6-5,355.6
2026-10-02 13:27:09,20261002,22,6,4-1-2,296.4
2026-10-02 13:27:09,20261002,22,6,4-1-3,269.4
2026-10-02 13:27:09,20261002,22,6,4-1-5,216.8
2026-10-02 13:27:09,20261002,22,6,4-1-6,342.0
2026-10-02 13:27:09,20261002,22,6,4-2-1,261.5
2026-10-02 13:27:09,20261002,22,6,4-2-3,202.0
2026-10-02 13:27:09,20261002,22,6,4-2-5,261.5
2026-10-02 13:27:09,20261002,22,6,4-2-6,130.7
2026-10-02 13:27:09,20261002,22,6,4-3-1,286.8
2026-10-02 13:27:09,20261002,22,6,4-3-2,277.8
2026-10-02 13:27:09,20261002,22,6,4-3-5,211.7
2026-10-02 13:27:09,20261002,22,6,4-3-6,423.4
2026-10-02 13:27:09,20261002,22,6,4-5-1,206.7
2026-10-02 13:27:09,20261002,22,6,4-5-2,296.4
2026-10-02 13:27:09,20261002,22,6,4-5-3,228.0
2026-10-02 13:27:09,20261002,22,6,4-5-6,211.7
2026-10-02 13:27:09,20261002,22,6,4-6-1,269.4
2026-10-02 13:27:09,20261002,22,6,4-6-2,141.1
2026-10-02 13:27:09,20261002,22,6,4-6-3,306.6
2026-10-02 13:27:09,20261002,22,6,4-6-5,404.1
2026-10-02 13:27:09,20261002,22,6,5-1-2,296.4
2026-10-02 13:27:09,20261002,22,6,5-1-3,247.0
2026-10-02 13:27:09,20261002,22,6,5-1-4,228.0
2026-10-02 13:27:09,20261002,22,6,5-1-6,355.6
2026-10-02 13:27:09,20261002,22,6,5-2-1,261.5
2026-10-02 13:27:09,20261002,22,6,5-2-3,247.0
2026-10-02 13:27:09,20261002,22,6,5-2-4,228.0
2026-10-02 13:27:09,20261002,22,6,5-2-6,174.3
2026-10-02 13:27:09,20261002,22,6,5-3-1,254.0
2026-10-02 13:27:09,20261002,22,6,5-3-2,306.6
2026-10-02 13:27:09,20261002,22,6,5-3-4,494.0
2026-10-02 13:27:09,20261002,22,6,5-3-6,555.7
2026-10-02 13:27:09,20261002,22,6,5-4-1,234.0
2026-10-02 13:27:09,20261002,22,6,5-4-2,329.3
2026-10-02 13:27:09,20261002,22,6,5-4-3,523.0
2026-10-02 13:27:09,20261002,22,6,5-4-6,317.5
2026-10-02 13:27:09,20261002,22,6,5-6-1,370.5
2026-10-02 13:27:09,20261002,22,6,5-6-2,161.6
2026-10-02 13:27:09,20261002,22,6,5-6-3,370.5
2026-10-02 13:27:09,20261002,22,6,5-6-4,635.1
2026-10-02 13:27:09,20261002,22,6,6-1-2,17.1
2026-10-02 13:27:09,20261002,22,6,6-1-3,74.1
2026-10-02 13:27:09,20261002,22,6,6-1-4,90.7
2026-10-02 13:27:09,20261002,22,6,6-1-5,134.7
2026-10-02 13:27:09,20261002,22,6,6-2-1,17.1
2026-10-02 13:27:09,20261002,22,6,6-2-3,12.4
2026-10-02 13:27:09,20261002,22,6,6-2-4,18.3
2026-10-02 13:27:09,20261002,22,6,6-2-5,26.8
2026-10-02 13:27:09,20261002,22,6,6-3-1,148.2
2026-10-02 13:27:09,20261002,22,6,6-3-2,32.6
2026-10-02 13:27:09,20261002,22,6,6-3-4,148.2
2026-10-02 13:27:09,20261002,22,6,6-3-5,167.7
2026-10-02 13:27:09,20261002,22,6,6-4-1,150.7
2026-10-02 13:27:09,20261002,22,6,6-4-2,44.9
2026-10-02 13:27:09,20261002,22,6,6-4-3,185.2
2026-10-02 13:27:09,20261002,22,6,6-4-5,211.7
2026-10-02 13:27:09,20261002,22,6,6-5-1,286.8
2026-10-02 13:27:09,20261002,22,6,6-5-2,41.7
2026-10-02 13:27:09,20261002,22,6,6-5-3,185.2
2026-10-02 13:27:09,20261002,22,6,6-5-4,197.6
2026-10-02 13:29:22,20261002,23,11,1-2-3,28.9
2026-10-02 13:29:22,20261002,23,11,1-2-4,12.2
2026-10-02 13:29:22,20261002,23,11,1-2-5,60.0
2026-10-02 13:29:22,20261002,23,11,1-2-6,28.9
2026-10-02 13:29:22,20261002,23,11,1-3-2,85.1
2026-10-02 13:29:22,20261002,23,11,1-3-4,85.1
2026-10-02 13:29:22,20261002,23,11,1-3-5,109.2
2026-10-02 13:29:22,20261002,23,11,1-3-6,150.9
2026-10-02 13:29:22,20261002,23,11,1-4-2,19.2
2026-10-02 13:29:22,20261002,23,11,1-4-3,68.5
2026-10-02 13:29:22,20261002,23,11,1-4-5,81.2
2026-10-02 13:29:22,20261002,23,11,1-4-6,45.9
2026-10-02 13:29:22,20261002,23,11,1-5-2,148.0
2026-10-02 13:29:22,20261002,23,11,1-5-3,155.3
2026-10-02 13:29:22,20261002,23,11,1-5-4,166.8
2026-10-02 13:29:22,20261002,23,11,1-5-6,264.1
2026-10-02 13:29:22,20261002,23,11,1-6-2,87.0
2026-10-02 13:29:22,20261002,23,11,1-6-3,208.5
2026-10-02 13:29:22,20261002,23,11,1-6-4,92.6
2026-10-02 13:29:22,20261002,23,11,1-6-5,304.7
2026-10-02 13:29:22,20261002,23,11,2-1-3,33.2
2026-10-02 13:29:22,20261002,23,11,2-1-4,11.3
2026-10-02 13:29:22,20261002,23,11,2-1-5,51.6
2026-10-02 13:29:22,20261002,23,11,2-1-6,26.9
2026-10-02 13:29:22,20261002,23,11,2-3-1,165.0
2026-10-02 13:29:22,20261002,23,11,2-3-4,83.8
2026-10-02 13:29:22,20261002,23,11,2-3-5,166.8
2026-10-02 13:29:22,20261002,23,11,2-3-6,135.4
2026-10-02 13:29:22,20261002,23,11,2-4-1,16.5
2026-10-02 13:29:22,20261002,23,11,2-4-3,49.0
2026-10-02 13:29:22,20261002,23,11,2-4-5,47.4
2026-10-02 13:29:22,20261002,23,11,2-4-6,16.6
2026-10-02 13:29:22,20261002,23,11,2-5-1,178.0
2026-10-02 13:29:22,20261002,23,11,2-5-3,240.0
2026-10-02 13:29:22,20261002,23,11,2-5-4,117.3
2026-10-02 13:29:22,20261002,23,11,2-5-6,208.5
2026-10-02 13:29:22,20261002,23,11,2-6-1,80.8
2026-10-02 13:29:22,20261002,23,11,2-6-3,160.0
2026-10-02 13:29:22,20261002,23,11,2-6-4,43.5
2026-10-02 13:29:22,20261002,23,11,2-6-5,158.4
2026-10-02 13:29:22,20261002,23,11,3-1-2,217.0
2026-10-02 13:29:22,20261002,23,11,3-1-4,114.8
2026-10-02 13:29:22,20261002,23,11,3-1-5,186.4
2026-10-02 13:29:22,20261002,23,11,3-1-6,298.9
2026-10-02 13:29:22,20261002,23,11,3-2-1,282.9
2026-10-02 13:29:22,20261002,23,11,3-2-4,110.8
2026-10-02 13:29:22,20261002,23,11,3-2-5,163.3
2026-10-02 13:29:22,20261002,23,11,3-2-6,158.4
2026-10-02 13:29:22,20261002,23,11,3-4-1,190.9
2026-10-02 13:29:22,20261002,23,11,3-4-2,163.3
2026-10-02 13:29:22,20261002,23,11,3-4-5,360.1
2026-10-02 13:29:22,20261002,23,11,3-4-6,155.3
2026-10-02 13:29:22,20261002,23,11,3-5-1,337.1
2026-10-02 13:29:22,20261002,23,11,3-5-2,233.0
2026-10-02 13:29:22,20261002,23,11,3-5-4,406.3
2026-10-02 13:29:22,20261002,23,11,3-5-6,586.8
2026-10-02 13:29:22,20261002,23,11,3-6-1,440.1
2026-10-02 13:29:22,20261002,23,11,3-6-2,229.6
2026-10-02 13:29:22,20261002,23,11,3-6-4,282.9
2026-10-02 13:29:22,20261002,23,11,3-6-5,633.8
2026-10-02 13:29:22,20261002,23,11,4-1-2,30.4
2026-10-02 13:29:22,20261002,23,11,4-1-3,101.5
2026-10-02 13:29:22,20261002,23,11,4-1-5,78.4
2026-10-02 13:29:22,20261002,23,11,4-1-6,53.5
2026-10-02 13:29:22,20261002,23,11,4-2-1,28.9
2026-10-02 13:29:22,20261002,23,11,4-2-3,66.5
2026-10-02 13:29:22,20261002,23,11,4-2-5,58.9
2026-10-02 13:29:22,20261002,23,11,4-2-6,23.2
2026-10-02 13:29:22,20261002,23,11,4-3-1,195.6
2026-10-02 13:29:22,20261002,23,11,4-3-2,155.3
2026-10-02 13:29:22,20261002,23,11,4-3-5,198.0
2026-10-02 13:29:22,20261002,23,11,4-3-6,126.7
2026-10-02 13:29:22,20261002,23,11,4-5-1,127.7
2026-10-02 13:29:22,20261002,23,11,4-5-2,109.2
2026-10-02 13:29:22,20261002,23,11,4-5-3,236.5
2026-10-02 13:29:22,20261002,23,11,4-5-6,97.2
2026-10-02 13:29:22,20261002,23,11,4-6-1,82.5
2026-10-02 13:29:22,20261002,23,11,4-6-2,36.0
2026-10-02 13:29:22,20261002,23,11,4-6-3,134.2
2026-10-02 13:29:22,20261002,23,11,4-6-5,116.5
2026-10-02 13:29:22,20261002,23,11,5-1-2,226.3
2026-10-02 13:29:22,20261002,23,11,5-1-3,288.1
2026-10-02 13:29:22,20261002,23,11,5-1-4,259.7
2026-10-02 13:29:22,20261002,23,11,5-1-6,406.3
2026-10-02 13:29:22,20261002,23,11,5-2-1,268.5
2026-10-02 13:29:22,20261002,23,11,5-2-3,352.1
2026-10-02 13:29:22,20261002,23,11,5-2-4,152.3
2026-10-02 13:29:22,20261002,23,11,5-2-6,240.0
2026-10-02 13:29:22,20261002,23,11,5-3-1,406.3
2026-10-02 13:29:22,20261002,23,11,5-3-2,406.3
2026-10-02 13:29:22,20261002,23,11,5-3-4,264.1
2026-10-02 13:29:22,20261002,23,11,5-3-6,368.5
2026-10-02 13:29:22,20261002,23,11,5-4-1,310.7
2026-10-02 13:29:22,20261002,23,11,5-4-2,323.3
2026-10-02 13:29:22,20261002,23,11,5-4-3,417.0
2026-10-02 13:29:22,20261002,23,11,5-4-6,240.0
2026-10-02 13:29:22,20261002,23,11,5-6-1,609.4
2026-10-02 13:29:22,20261002,23,11,5-6-2,480.1
2026-10-02 13:29:22,20261002,23,11,5-6-3,511.1
2026-10-02 13:29:22,20261002,23,11,5-6-4,565.9
2026-10-02 13:29:22,20261002,23,11,6-1-2,163.3
2026-10-02 13:29:22,20261002,23,11,6-1-3,754.5
2026-10-02 13:29:22,20261002,23,11,6-1-4,240.0
2026-10-02 13:29:22,20261002,23,11,6-1-5,633.8
2026-10-02 13:29:22,20261002,23,11,6-2-1,205.7
2026-10-02 13:29:22,20261002,23,11,6-2-3,255.5
2026-10-02 13:29:22,20261002,23,11,6-2-4,70.4
2026-10-02 13:29:22,20261002,23,11,6-2-5,186.4
2026-10-02 13:29:22,20261002,23,11,6-3-1,546.4
2026-10-02 13:29:22,20261002,23,11,6-3-2,396.1
2026-10-02 13:29:22,20261002,23,11,6-3-4,223.1
2026-10-02 13:29:22,20261002,23,11,6-3-5,337.1
2026-10-02 13:29:22,20261002,23,11,6-4-1,255.5
2026-10-02 13:29:22,20261002,23,11,6-4-2,90.5
2026-10-02 13:29:22,20261002,23,11,6-4-3,288.1
2026-10-02 13:29:22,20261002,23,11,6-4-5,278.0
2026-10-02 13:29:22,20261002,23,11,6-5-1,546.4
2026-10-02 13:29:22,20261002,23,11,6-5-2,480.1
2026-10-02 13:29:22,20261002,23,11,6-5-3,466.0
2026-10-02 13:29:22,20261002,23,11,6-5-4,417.0
2026-10-02 13:34:53,20261002,6,6,1-2-3,31.5
2026-10-02 13:34:53,20261002,6,6,1-2-4,20.3
2026-10-02 13:34:53,20261002,6,6,1-2-5,15.0
2026-10-02 13:34:53,20261002,6,6,1-2-6,34.1
2026-10-02 13:34:53,20261002,6,6,1-3-2,76.8
2026-10-02 13:34:53,20261002,6,6,1-3-4,90.7
2026-10-02 13:34:53,20261002,6,6,1-3-5,66.1
2026-10-02 13:34:53,20261002,6,6,1-3-6,99.1
2026-10-02 13:34:53,20261002,6,6,1-4-2,45.1
2026-10-02 13:34:53,20261002,6,6,1-4-3,58.0
2026-10-02 13:34:53,20261002,6,6,1-4-5,29.9
2026-10-02 13:34:53,20261002,6,6,1-4-6,88.8
2026-10-02 13:34:53,20261002,6,6,1-5-2,24.2
2026-10-02 13:34:53,20261002,6,6,1-5-3,71.0
2026-10-02 13:34:53,20261002,6,6,1-5-4,29.3
2026-10-02 13:34:53,20261002,6,6,1-5-6,39.6
2026-10-02 13:34:53,20261002,6,6,1-6-2,102.7
2026-10-02 13:34:53,20261002,6,6,1-6-3,127.2
2026-10-02 13:34:53,20261002,6,6,1-6-4,185.4
2026-10-02 13:34:53,20261002,6,6,1-6-5,137.5
2026-10-02 13:34:53,20261002,6,6,2-1-3,49.8
2026-10-02 13:34:53,20261002,6,6,2-1-4,22.3
2026-10-02 13:34:53,20261002,6,6,2-1-5,23.4
2026-10-02 13:34:53,20261002,6,6,2-1-6,53.6
2026-10-02 13:34:53,20261002,6,6,2-3-1,125.4
2026-10-02 13:34:53,20261002,6,6,2-3-4,99.1
2026-10-02 13:34:53,20261002,6,6,2-3-5,107.9
2026-10-02 13:34:53,20261002,6,6,2-3-6,109.3
2026-10-02 13:34:53,20261002,6,6,2-4-1,64.6
2026-10-02 13:34:53,20261002,6,6,2-4-3,80.4
2026-10-02 13:34:53,20261002,6,6,2-4-5,52.6
2026-10-02 13:34:53,20261002,6,6,2-4-6,102.7
2026-10-02 13:34:53,20261002,6,6,2-5-1,31.7
2026-10-02 13:34:53,20261002,6,6,2-5-3,107.9
2026-10-02 13:34:53,20261002,6,6,2-5-4,71.0
2026-10-02 13:34:53,20261002,6,6,2-5-6,41.4
2026-10-02 13:34:53,20261002,6,6,2-6-1,129.2
2026-10-02 13:34:53,20261002,6,6,2-6-3,147.0
2026-10-02 13:34:53,20261002,6,6,2-6-4,189.5
2026-10-02 13:34:53,20261002,6,6,2-6-5,116.8
2026-10-02 13:34:53,20261002,6,6,3-1-2,125.4
2026-10-02 13:34:53,20261002,6,6,3-1-4,149.6
2026-10-02 13:34:53,20261002,6,6,3-1-5,101.5
2026-10-02 13:34:53,20261002,6,6,3-1-6,213.2
2026-10-02 13:34:53,20261002,6,6,3-2-1,181.4
2026-10-02 13:34:53,20261002,6,6,3-2-4,106.6
2026-10-02 13:34:53,20261002,6,6,3-2-5,120.1
2026-10-02 13:34:53,20261002,6,6,3-2-6,189.5
2026-10-02 13:34:53,20261002,6,6,3-4-1,284.3
2026-10-02 13:34:53,20261002,6,6,3-4-2,208.0
2026-10-02 13:34:53,20261002,6,6,3-4-5,284.3
2026-10-02 13:34:53,20261002,6,6,3-4-6,243.6
2026-10-02 13:34:53,20261002,6,6,3-5-1,250.8
2026-10-02 13:34:53,20261002,6,6,3-5-2,137.5
2026-10-02 13:34:53,20261002,6,6,3-5-4,304.6
2026-10-02 13:34:53,20261002,6,6,3-5-6,328.0
2026-10-02 13:34:53,20261002,6,6,3-6-1,609.2
2026-10-02 13:34:53,20261002,6,6,3-6-2,341.1
2026-10-02 13:34:53,20261002,6,6,3-6-4,609.2
2026-10-02 13:34:53,20261002,6,6,3-6-5,533.0
2026-10-02 13:34:53,20261002,6,6,4-1-2,73.5
2026-10-02 13:34:53,20261002,6,6,4-1-3,218.6
2026-10-02 13:34:53,20261002,6,6,4-1-5,65.6
2026-10-02 13:34:53,20261002,6,6,4-1-6,160.9
2026-10-02 13:34:53,20261002,6,6,4-2-1,116.8
2026-10-02 13:34:53,20261002,6,6,4-2-3,174.0
2026-10-02 13:34:53,20261002,6,6,4-2-5,96.9
2026-10-02 13:34:53,20261002,6,6,4-2-6,142.1
2026-10-02 13:34:53,20261002,6,6,4-3-1,213.2
2026-10-02 13:34:53,20261002,6,6,4-3-2,258.4
2026-10-02 13:34:53,20261002,6,6,4-3-5,250.8
2026-10-02 13:34:53,20261002,6,6,4-3-6,294.1
2026-10-02 13:34:53,20261002,6,6,4-5-1,58.0
2026-10-02 13:34:53,20261002,6,6,4-5-2,64.6
2026-10-02 13:34:53,20261002,6,6,4-5-3,243.6
2026-10-02 13:34:53,20261002,6,6,4-5-6,58.0
2026-10-02 13:34:53,20261002,6,6,4-6-1,243.6
2026-10-02 13:34:53,20261002,6,6,4-6-2,160.9
2026-10-02 13:34:53,20261002,6,6,4-6-3,341.1
2026-10-02 13:34:53,20261002,6,6,4-6-5,142.1
2026-10-02 13:34:53,20261002,6,6,5-1-2,31.9
2026-10-02 13:34:53,20261002,6,6,5-1-3,109.3
2026-10-02 13:34:53,20261002,6,6,5-1-4,56.8
2026-10-02 13:34:53,20261002,6,6,5-1-6,118.4
2026-10-02 13:34:53,20261002,6,6,5-2-1,37.5
2026-10-02 13:34:53,20261002,6,6,5-2-3,131.2
2026-10-02 13:34:53,20261002,6,6,5-2-4,59.2
2026-10-02 13:34:53,20261002,6,6,5-2-6,59.6
2026-10-02 13:34:53,20261002,6,6,5-3-1,149.6
2026-10-02 13:34:53,20261002,6,6,5-3-2,189.5
2026-10-02 13:34:53,20261002,6,6,5-3-4,243.6
2026-10-02 13:34:53,20261002,6,6,5-3-6,218.6
2026-10-02 13:34:53,20261002,6,6,5-4-1,78.9
2026-10-02 13:34:53,20261002,6,6,5-4-2,78.9
2026-10-02 13:34:53,20261002,6,6,5-4-3,284.3
2026-10-02 13:34:53,20261002,6,6,5-4-6,55.7
2026-10-02 13:34:53,20261002,6,6,5-6-1,193.8
2026-10-02 13:34:53,20261002,6,6,5-6-2,116.8
2026-10-02 13:34:53,20261002,6,6,5-6-3,250.8
2026-10-02 13:34:53,20261002,6,6,5-6-4,198.3
2026-10-02 13:34:53,20261002,6,6,6-1-2,95.8
2026-10-02 13:34:53,20261002,6,6,6-1-3,473.8
2026-10-02 13:34:53,20261002,6,6,6-1-4,568.6
2026-10-02 13:34:53,20261002,6,6,6-1-5,370.8
2026-10-02 13:34:53,20261002,6,6,6-2-1,170.5
2026-10-02 13:34:53,20261002,6,6,6-2-3,328.0
2026-10-02 13:34:53,20261002,6,6,6-2-4,304.6
2026-10-02 13:34:53,20261002,6,6,6-2-5,181.4
2026-10-02 13:34:53,20261002,6,6,6-3-1,947.6
2026-10-02 13:34:53,20261002,6,6,6-3-2,370.8
2026-10-02 13:34:53,20261002,6,6,6-3-4,568.6
2026-10-02 13:34:53,20261002,6,6,6-3-5,710.7
2026-10-02 13:34:53,20261002,6,6,6-4-1,947.6
2026-10-02 13:34:53,20261002,6,6,6-4-2,294.1
2026-10-02 13:34:53,20261002,6,6,6-4-3,852.9
2026-10-02 13:34:53,20261002,6,6,6-4-5,284.3
2026-10-02 13:34:53,20261002,6,6,6-5-1,328.0
2026-10-02 13:34:53,20261002,6,6,6-5-2,157.9
2026-10-02 13:34:53,20261002,6,6,6-5-3,533.0
2026-10-02 13:34:53,20261002,6,6,6-5-4,218.6
2026-10-02 13:37:37,20261002,18,11,1-2-3,26.1
2026-10-02 13:37:37,20261002,18,11,1-2-4,76.2
2026-10-02 13:37:37,20261002,18,11,1-2-5,107.6
2026-10-02 13:37:37,20261002,18,11,1-2-6,178.5
2026-10-02 13:37:37,20261002,18,11,1-3-2,28.6
2026-10-02 13:37:37,20261002,18,11,1-3-4,46.4
2026-10-02 13:37:37,20261002,18,11,1-3-5,73.4
2026-10-02 13:37:37,20261002,18,11,1-3-6,170.2
2026-10-02 13:37:37,20261002,18,11,1-4-2,71.7
2026-10-02 13:37:37,20261002,18,11,1-4-3,52.2
2026-10-02 13:37:37,20261002,18,11,1-4-5,76.2
2026-10-02 13:37:37,20261002,18,11,1-4-6,160.2
2026-10-02 13:37:37,20261002,18,11,1-5-2,146.3
2026-10-02 13:37:37,20261002,18,11,1-5-3,86.7
2026-10-02 13:37:37,20261002,18,11,1-5-4,118.6
2026-10-02 13:37:37,20261002,18,11,1-5-6,378.6
2026-10-02 13:37:37,20261002,18,11,1-6-2,318.2
2026-10-02 13:37:37,20261002,18,11,1-6-3,467.2
2026-10-02 13:37:37,20261002,18,11,1-6-4,457.4
2026-10-02 13:37:37,20261002,18,11,1-6-5,757.2
2026-10-02 13:37:37,20261002,18,11,2-1-3,49.7
2026-10-02 13:37:37,20261002,18,11,2-1-4,93.0
2026-10-02 13:37:37,20261002,18,11,2-1-5,57.1
2026-10-02 13:37:37,20261002,18,11,2-1-6,385.2
2026-10-02 13:37:37,20261002,18,11,2-3-1,112.0
2026-10-02 13:37:37,20261002,18,11,2-3-4,72.7
2026-10-02 13:37:37,20261002,18,11,2-3-5,76.5
2026-10-02 13:37:37,20261002,18,11,2-3-6,292.7
2026-10-02 13:37:37,20261002,18,11,2-4-1,120.6
2026-10-02 13:37:37,20261002,18,11,2-4-3,65.3
2026-10-02 13:37:37,20261002,18,11,2-4-5,75.9
2026-10-02 13:37:37,20261002,18,11,2-4-6,332.7
2026-10-02 13:37:37,20261002,18,11,2-5-1,118.6
2026-10-02 13:37:37,20261002,18,11,2-5-3,123.3
2026-10-02 13:37:37,20261002,18,11,2-5-4,116.8
2026-10-02 13:37:37,20261002,18,11,2-5-6,354.1
2026-10-02 13:37:37,20261002,18,11,2-6-1,708.3
2026-10-02 13:37:37,20261002,18,11,2-6-3,522.8
2026-10-02 13:37:37,20261002,18,11,2-6-4,414.3
2026-10-02 13:37:37,20261002,18,11,2-6-5,406.6
2026-10-02 13:37:37,20261002,18,11,3-1-2,46.3
2026-10-02 13:37:37,20261002,18,11,3-1-4,34.8
2026-10-02 13:37:37,20261002,18,11,3-1-5,30.5
2026-10-02 13:37:37,20261002,18,11,3-1-6,146.3
2026-10-02 13:37:37,20261002,18,11,3-2-1,129.9
2026-10-02 13:37:37,20261002,18,11,3-2-4,46.5
2026-10-02 13:37:37,20261002,18,11,3-2-5,60.9
2026-10-02 13:37:37,20261002,18,11,3-2-6,236.1
2026-10-02 13:37:37,20261002,18,11,3-4-1,29.1
2026-10-02 13:37:37,20261002,18,11,3-4-2,24.3
2026-10-02 13:37:37,20261002,18,11,3-4-5,11.2
2026-10-02 13:37:37,20261002,18,11,3-4-6,65.5
2026-10-02 13:37:37,20261002,18,11,3-5-1,59.6
2026-10-02 13:37:37,20261002,18,11,3-5-2,50.8
2026-10-02 13:37:37,20261002,18,11,3-5-4,20.9
2026-10-02 13:37:37,20261002,18,11,3-5-6,157.9
2026-10-02 13:37:37,20261002,18,11,3-6-1,535.5
2026-10-02 13:37:37,20261002,18,11,3-6-2,448.1
2026-10-02 13:37:37,20261002,18,11,3-6-4,243.9
2026-10-02 13:37:37,20261002,18,11,3-6-5,313.7
2026-10-02 13:37:37,20261002,18,11,4-1-2,119.3
2026-10-02 13:37:37,20261002,18,11,4-1-3,63.4
2026-10-02 13:37:37,20261002,18,11,4-1-5,61.5
2026-10-02 13:37:37,20261002,18,11,4-1-6,255.3
2026-10-02 13:37:37,20261002,18,11,4-2-1,167.6
2026-10-02 13:37:37,20261002,18,11,4-2-3,63.1
2026-10-02 13:37:37,20261002,18,11,4-2-5,65.7
2026-10-02 13:37:37,20261002,18,11,4-2-6,226.3
2026-10-02 13:37:37,20261002,18,11,4-3-1,40.7
2026-10-02 13:37:37,20261002,18,11,4-3-2,41.5
2026-10-02 13:37:37,20261002,18,11,4-3-5,16.5
2026-10-02 13:37:37,20261002,18,11,4-3-6,95.0
2026-10-02 13:37:37,20261002,18,11,4-5-1,51.5
2026-10-02 13:37:37,20261002,18,11,4-5-2,46.6
2026-10-02 13:37:37,20261002,18,11,4-5-3,25.5
2026-10-02 13:37:37,20261002,18,11,4-5-6,99.3
2026-10-02 13:37:37,20261002,18,11,4-6-1,348.5
2026-10-02 13:37:37,20261002,18,11,4-6-2,457.4
2026-10-02 13:37:37,20261002,18,11,4-6-3,255.3
2026-10-02 13:37:37,20261002,18,11,4-6-5,285.1
2026-10-02 13:37:37,20261002,18,11,5-1-2,86.4
2026-10-02 13:37:37,20261002,18,11,5-1-3,76.5
2026-10-02 13:37:37,20261002,18,11,5-1-4,99.3
2026-10-02 13:37:37,20261002,18,11,5-1-6,359.9
2026-10-02 13:37:37,20261002,18,11,5-2-1,156.8
2026-10-02 13:37:37,20261002,18,11,5-2-3,101.6
2026-10-02 13:37:37,20261002,18,11,5-2-4,89.2
2026-10-02 13:37:37,20261002,18,11,5-2-6,194.3
2026-10-02 13:37:37,20261002,18,11,5-3-1,149.3
2026-10-02 13:37:37,20261002,18,11,5-3-2,112.6
2026-10-02 13:37:37,20261002,18,11,5-3-4,45.3
2026-10-02 13:37:37,20261002,18,11,5-3-6,274.4
2026-10-02 13:37:37,20261002,18,11,5-4-1,88.5
2026-10-02 13:37:37,20261002,18,11,5-4-2,76.5
2026-10-02 13:37:37,20261002,18,11,5-4-3,44.0
2026-10-02 13:37:37,20261002,18,11,5-4-6,150.4
2026-10-02 13:37:37,20261002,18,11,5-6-1,548.9
2026-10-02 13:37:37,20261002,18,11,5-6-2,430.5
2026-10-02 13:37:37,20261002,18,11,5-6-3,354.1
2026-10-02 13:37:37,20261002,18,11,5-6-4,372.1
2026-10-02 13:37:37,20261002,18,11,6-1-2,372.1
2026-10-02 13:37:37,20261002,18,11,6-1-3,627.4
2026-10-02 13:37:37,20261002,18,11,6-1-4,784.2
2026-10-02 13:37:37,20261002,18,11,6-1-5,1291.0
2026-10-02 13:37:37,20261002,18,11,6-2-1,914.9
2026-10-02 13:37:37,20261002,18,11,6-2-3,327.7
2026-10-02 13:37:37,20261002,18,11,6-2-4,784.2
2026-10-02 13:37:37,20261002,18,11,6-2-5,563.0
2026-10-02 13:37:37,20261002,18,11,6-3-1,1097.0
2026-10-02 13:37:37,20261002,18,11,6-3-2,372.1
2026-10-02 13:37:37,20261002,18,11,6-3-4,813.3
2026-10-02 13:37:37,20261002,18,11,6-3-5,467.2
2026-10-02 13:37:37,20261002,18,11,6-4-1,1372.0
2026-10-02 13:37:37,20261002,18,11,6-4-2,998.1
2026-10-02 13:37:37,20261002,18,11,6-4-3,998.1
2026-10-02 13:37:37,20261002,18,11,6-4-5,627.4
2026-10-02 13:37:37,20261002,18,11,6-5-1,998.1
2026-10-02 13:37:37,20261002,18,11,6-5-2,708.3
2026-10-02 13:37:37,20261002,18,11,6-5-3,998.1
2026-10-02 13:37:37,20261002,18,11,6-5-4,414.3
2026-10-02 13:41:10,20261002,16,7,1-2-3,15.4
2026-10-02 13:41:10,20261002,16,7,1-2-4,15.5
2026-10-02 13:41:10,20261002,16,7,1-2-5,20.2
2026-10-02 13:41:10,20261002,16,7,1-2-6,26.5
2026-10-02 13:41:10,20261002,16,7,1-3-2,24.2
2026-10-02 13:41:10,20261002,16,7,1-3-4,26.2
2026-10-02 13:41:10,20261002,16,7,1-3-5,28.2
2026-10-02 13:41:10,20261002,16,7,1-3-6,36.4
2026-10-02 13:41:10,20261002,16,7,1-4-2,20.6
2026-10-02 13:41:10,20261002,16,7,1-4-3,31.4
2026-10-02 13:41:10,20261002,16,7,1-4-5,24.0
2026-10-02 13:41:10,20261002,16,7,1-4-6,30.5
2026-10-02 13:41:10,20261002,16,7,1-5-2,33.5
2026-10-02 13:41:10,20261002,16,7,1-5-3,43.3
2026-10-02 13:41:10,20261002,16,7,1-5-4,38.6
2026-10-02 13:41:10,20261002,16,7,1-5-6,48.6
2026-10-02 13:41:10,20261002,16,7,1-6-2,87.4
2026-10-02 13:41:10,20261002,16,7,1-6-3,115.1
2026-10-02 13:41:10,20261002,16,7,1-6-4,87.0
2026-10-02 13:41:10,20261002,16,7,1-6-5,91.1
2026-10-02 13:41:10,20261002,16,7,2-1-3,54.0
2026-10-02 13:41:10,20261002,16,7,2-1-4,39.9
2026-10-02 13:41:10,20261002,16,7,2-1-5,48.5
2026-10-02 13:41:10,20261002,16,7,2-1-6,70.1
2026-10-02 13:41:10,20261002,16,7,2-3-1,132.9
2026-10-02 13:41:10,20261002,16,7,2-3-4,102.8
2026-10-02 13:41:10,20261002,16,7,2-3-5,98.6
2026-10-02 13:41:10,20261002,16,7,2-3-6,162.7
2026-10-02 13:41:10,20261002,16,7,2-4-1,98.7
2026-10-02 13:41:10,20261002,16,7,2-4-3,117.4
2026-10-02 13:41:10,20261002,16,7,2-4-5,79.1
2026-10-02 13:41:10,20261002,16,7,2-4-6,111.7
2026-10-02 13:41:10,20261002,16,7,2-5-1,119.1
2026-10-02 13:41:10,20261002,16,7,2-5-3,145.8
2026-10-02 13:41:10,20261002,16,7,2-5-4,122.5
2026-10-02 13:41:10,20261002,16,7,2-5-6,115.9
2026-10-02 13:41:10,20261002,16,7,2-6-1,236.6
2026-10-02 13:41:10,20261002,16,7,2-6-3,306.1
2026-10-02 13:41:10,20261002,16,7,2-6-4,260.4
2026-10-02 13:41:10,20261002,16,7,2-6-5,261.5
2026-10-02 13:41:10,20261002,16,7,3-1-2,71.2
2026-10-02 13:41:10,20261002,16,7,3-1-4,65.2
2026-10-02 13:41:10,20261002,16,7,3-1-5,63.7
2026-10-02 13:41:10,20261002,16,7,3-1-6,97.1
2026-10-02 13:41:10,20261002,16,7,3-2-1,139.5
2026-10-02 13:41:10,20261002,16,7,3-2-4,147.4
2026-10-02 13:41:10,20261002,16,7,3-2-5,142.2
2026-10-02 13:41:10,20261002,16,7,3-2-6,152.7
2026-10-02 13:41:10,20261002,16,7,3-4-1,138.6
2026-10-02 13:41:10,20261002,16,7,3-4-2,137.4
2026-10-02 13:41:10,20261002,16,7,3-4-5,196.3
2026-10-02 13:41:10,20261002,16,7,3-4-6,184.0
2026-10-02 13:41:10,20261002,16,7,3-5-1,156.0
2026-10-02 13:41:10,20261002,16,7,3-5-2,143.8
2026-10-02 13:41:10,20261002,16,7,3-5-4,202.4
2026-10-02 13:41:10,20261002,16,7,3-5-6,217.4
2026-10-02 13:41:10,20261002,16,7,3-6-1,309.0
2026-10-02 13:41:10,20261002,16,7,3-6-2,331.2
2026-10-02 13:41:10,20261002,16,7,3-6-4,347.2
2026-10-02 13:41:10,20261002,16,7,3-6-5,343.5
2026-10-02 13:41:10,20261002,16,7,4-1-2,60.0
2026-10-02 13:41:10,20261002,16,7,4-1-3,88.1
2026-10-02 13:41:10,20261002,16,7,4-1-5,50.9
2026-10-02 13:41:10,20261002,16,7,4-1-6,64.5
2026-10-02 13:41:10,20261002,16,7,4-2-1,115.5
2026-10-02 13:41:10,20261002,16,7,4-2-3,183.5
2026-10-02 13:41:10,20261002,16,7,4-2-5,123.9
2026-10-02 13:41:10,20261002,16,7,4-2-6,144.1
2026-10-02 13:41:10,20261002,16,7,4-3-1,244.6
2026-10-02 13:41:10,20261002,16,7,4-3-2,248.4
2026-10-02 13:41:10,20261002,16,7,4-3-5,303.2
2026-10-02 13:41:10,20261002,16,7,4-3-6,256.3
2026-10-02 13:41:10,20261002,16,7,4-5-1,74.4
2026-10-02 13:41:10,20261002,16,7,4-5-2,117.6
2026-10-02 13:41:10,20261002,16,7,4-5-3,206.3
2026-10-02 13:41:10,20261002,16,7,4-5-6,93.0
2026-10-02 13:41:10,20261002,16,7,4-6-1,188.3
2026-10-02 13:41:10,20261002,16,7,4-6-2,221.2
2026-10-02 13:41:10,20261002,16,7,4-6-3,347.2
2026-10-02 13:41:10,20261002,16,7,4-6-5,166.0
2026-10-02 13:41:10,20261002,16,7,5-1-2,79.6
2026-10-02 13:41:10,20261002,16,7,5-1-3,118.3
2026-10-02 13:41:10,20261002,16,7,5-1-4,99.2
2026-10-02 13:41:10,20261002,16,7,5-1-6,97.4
2026-10-02 13:41:10,20261002,16,7,5-2-1,133.1
2026-10-02 13:41:10,20261002,16,7,5-2-3,182.4
2026-10-02 13:41:10,20261002,16,7,5-2-4,163.5
2026-10-02 13:41:10,20261002,16,7,5-2-6,125.4
2026-10-02 13:41:10,20261002,16,7,5-3-1,216.7
2026-10-02 13:41:10,20261002,16,7,5-3-2,248.4
2026-10-02 13:41:10,20261002,16,7,5-3-4,424.9
2026-10-02 13:41:10,20261002,16,7,5-3-6,356.8
2026-10-02 13:41:10,20261002,16,7,5-4-1,127.9
2026-10-02 13:41:10,20261002,16,7,5-4-2,160.6
2026-10-02 13:41:10,20261002,16,7,5-4-3,313.5
2026-10-02 13:41:10,20261002,16,7,5-4-6,113.3
2026-10-02 13:41:10,20261002,16,7,5-6-1,173.1
2026-10-02 13:41:10,20261002,16,7,5-6-2,197.5
2026-10-02 13:41:10,20261002,16,7,5-6-3,220.4
2026-10-02 13:41:10,20261002,16,7,5-6-4,210.4
2026-10-02 13:41:10,20261002,16,7,6-1-2,241.9
2026-10-02 13:41:10,20261002,16,7,6-1-3,471.4
2026-10-02 13:41:10,20261002,16,7,6-1-4,310.5
2026-10-02 13:41:10,20261002,16,7,6-1-5,389.1
2026-10-02 13:41:10,20261002,16,7,6-2-1,375.5
2026-10-02 13:41:10,20261002,16,7,6-2-3,571.6
2026-10-02 13:41:10,20261002,16,7,6-2-4,587.2
2026-10-02 13:41:10,20261002,16,7,6-2-5,439.4
2026-10-02 13:41:10,20261002,16,7,6-3-1,645.9
2026-10-02 13:41:10,20261002,16,7,6-3-2,665.9
2026-10-02 13:41:10,20261002,16,7,6-3-4,717.7
2026-10-02 13:41:10,20261002,16,7,6-3-5,817.6
2026-10-02 13:41:10,20261002,16,7,6-4-1,345.4
2026-10-02 13:41:10,20261002,16,7,6-4-2,500.7
2026-10-02 13:41:10,20261002,16,7,6-4-3,751.0
2026-10-02 13:41:10,20261002,16,7,6-4-5,382.2
2026-10-02 13:41:10,20261002,16,7,6-5-1,396.2
2026-10-02 13:41:10,20261002,16,7,6-5-2,411.4
2026-10-02 13:41:10,20261002,16,7,6-5-3,633.2
2026-10-02 13:41:10,20261002,16,7,6-5-4,321.3
2026-10-02 13:42:31,20261002,9,8,1-2-3,44.1
2026-10-02 13:42:31,20261002,9,8,1-2-4,43.3
2026-10-02 13:42:31,20261002,9,8,1-2-5,18.0
2026-10-02 13:42:31,20261002,9,8,1-2-6,50.6
2026-10-02 13:42:31,20261002,9,8,1-3-2,73.8
2026-10-02 13:42:31,20261002,9,8,1-3-4,97.8
2026-10-02 13:42:31,20261002,9,8,1-3-5,96.5
2026-10-02 13:42:31,20261002,9,8,1-3-6,233.5
2026-10-02 13:42:31,20261002,9,8,1-4-2,22.9
2026-10-02 13:42:31,20261002,9,8,1-4-3,91.6
2026-10-02 13:42:31,20261002,9,8,1-4-5,20.2
2026-10-02 13:42:31,20261002,9,8,1-4-6,134.0
2026-10-02 13:42:31,20261002,9,8,1-5-2,19.6
2026-10-02 13:42:31,20261002,9,8,1-5-3,30.1
2026-10-02 13:42:31,20261002,9,8,1-5-4,19.1
2026-10-02 13:42:31,20261002,9,8,1-5-6,36.0
2026-10-02 13:42:31,20261002,9,8,1-6-2,176.5
2026-10-02 13:42:31,20261002,9,8,1-6-3,241.3
2026-10-02 13:42:31,20261002,9,8,1-6-4,154.0
2026-10-02 13:42:31,20261002,9,8,1-6-5,241.3
2026-10-02 13:42:31,20261002,9,8,2-1-3,55.2
2026-10-02 13:42:31,20261002,9,8,2-1-4,62.9
2026-10-02 13:42:31,20261002,9,8,2-1-5,50.6
2026-10-02 13:42:31,20261002,9,8,2-1-6,116.7
2026-10-02 13:42:31,20261002,9,8,2-3-1,111.3
2026-10-02 13:42:31,20261002,9,8,2-3-4,206.8
2026-10-02 13:42:31,20261002,9,8,2-3-5,136.5
2026-10-02 13:42:31,20261002,9,8,2-3-6,344.7
2026-10-02 13:42:31,20261002,9,8,2-4-1,144.7
2026-10-02 13:42:31,20261002,9,8,2-4-3,147.7
2026-10-02 13:42:31,20261002,9,8,2-4-5,47.9
2026-10-02 13:42:31,20261002,9,8,2-4-6,172.3
2026-10-02 13:42:31,20261002,9,8,2-5-1,77.0
2026-10-02 13:42:31,20261002,9,8,2-5-3,212.9
2026-10-02 13:42:31,20261002,9,8,2-5-4,97.8
2026-10-02 13:42:31,20261002,9,8,2-5-6,301.6
2026-10-02 13:42:31,20261002,9,8,2-6-1,201.1
2026-10-02 13:42:31,20261002,9,8,2-6-3,301.6
2026-10-02 13:42:31,20261002,9,8,2-6-4,258.5
2026-10-02 13:42:31,20261002,9,8,2-6-5,278.4
2026-10-02 13:42:31,20261002,9,8,3-1-2,94.0
2026-10-02 13:42:31,20261002,9,8,3-1-4,106.4
2026-10-02 13:42:31,20261002,9,8,3-1-5,99.1
2026-10-02 13:42:31,20261002,9,8,3-1-6,258.5
2026-10-02 13:42:31,20261002,9,8,3-2-1,139.2
2026-10-02 13:42:31,20261002,9,8,3-2-4,180.9
2026-10-02 13:42:31,20261002,9,8,3-2-5,160.8
2026-10-02 13:42:31,20261002,9,8,3-2-6,289.5
2026-10-02 13:42:31,20261002,9,8,3-4-1,180.9
2026-10-02 13:42:31,20261002,9,8,3-4-2,201.1
2026-10-02 13:42:31,20261002,9,8,3-4-5,154.0
2026-10-02 13:42:31,20261002,9,8,3-4-6,314.7
2026-10-02 13:42:31,20261002,9,8,3-5-1,206.8
2026-10-02 13:42:31,20261002,9,8,3-5-2,147.7
2026-10-02 13:42:31,20261002,9,8,3-5-4,226.2
2026-10-02 13:42:31,20261002,9,8,3-5-6,278.4
2026-10-02 13:42:31,20261002,9,8,3-6-1,804.4
2026-10-02 13:42:31,20261002,9,8,3-6-2,425.8
2026-10-02 13:42:31,20261002,9,8,3-6-4,723.9
2026-10-02 13:42:31,20261002,9,8,3-6-5,452.4
2026-10-02 13:42:31,20261002,9,8,4-1-2,89.3
2026-10-02 13:42:31,20261002,9,8,4-1-3,201.1
2026-10-02 13:42:31,20261002,9,8,4-1-5,51.3
2026-10-02 13:42:31,20261002,9,8,4-1-6,176.5
2026-10-02 13:42:31,20261002,9,8,4-2-1,124.8
2026-10-02 13:42:31,20261002,9,8,4-2-3,195.6
2026-10-02 13:42:31,20261002,9,8,4-2-5,75.4
2026-10-02 13:42:31,20261002,9,8,4-2-6,118.6
2026-10-02 13:42:31,20261002,9,8,4-3-1,289.5
2026-10-02 13:42:31,20261002,9,8,4-3-2,289.5
2026-10-02 13:42:31,20261002,9,8,4-3-5,206.8
2026-10-02 13:42:31,20261002,9,8,4-3-6,314.7
2026-10-02 13:42:31,20261002,9,8,4-5-1,50.6
2026-10-02 13:42:31,20261002,9,8,4-5-2,47.0
2026-10-02 13:42:31,20261002,9,8,4-5-3,114.9
2026-10-02 13:42:31,20261002,9,8,4-5-6,48.9
2026-10-02 13:42:31,20261002,9,8,4-6-1,289.5
2026-10-02 13:42:31,20261002,9,8,4-6-2,212.9
2026-10-02 13:42:31,20261002,9,8,4-6-3,425.8
2026-10-02 13:42:31,20261002,9,8,4-6-5,144.7
2026-10-02 13:42:31,20261002,9,8,5-1-2,20.9
2026-10-02 13:42:31,20261002,9,8,5-1-3,45.8
2026-10-02 13:42:31,20261002,9,8,5-1-4,16.7
2026-10-02 13:42:31,20261002,9,8,5-1-6,58.8
2026-10-02 13:42:31,20261002,9,8,5-2-1,54.0
2026-10-02 13:42:31,20261002,9,8,5-2-3,65.2
2026-10-02 13:42:31,20261002,9,8,5-2-4,52.0
2026-10-02 13:42:31,20261002,9,8,5-2-6,58.8
2026-10-02 13:42:31,20261002,9,8,5-3-1,134.0
2026-10-02 13:42:31,20261002,9,8,5-3-2,206.8
2026-10-02 13:42:31,20261002,9,8,5-3-4,206.8
2026-10-02 13:42:31,20261002,9,8,5-3-6,249.6
2026-10-02 13:42:31,20261002,9,8,5-4-1,27.0
2026-10-02 13:42:31,20261002,9,8,5-4-2,62.9
2026-10-02 13:42:31,20261002,9,8,5-4-3,141.9
2026-10-02 13:42:31,20261002,9,8,5-4-6,39.3
2026-10-02 13:42:31,20261002,9,8,5-6-1,219.3
2026-10-02 13:42:31,20261002,9,8,5-6-2,160.8
2026-10-02 13:42:31,20261002,9,8,5-6-3,233.5
2026-10-02 13:42:31,20261002,9,8,5-6-4,42.5
2026-10-02 13:42:31,20261002,9,8,6-1-2,92.8
2026-10-02 13:42:31,20261002,9,8,6-1-3,402.2
2026-10-02 13:42:31,20261002,9,8,6-1-4,344.7
2026-10-02 13:42:31,20261002,9,8,6-1-5,658.1
2026-10-02 13:42:31,20261002,9,8,6-2-1,172.3
2026-10-02 13:42:31,20261002,9,8,6-2-3,314.7
2026-10-02 13:42:31,20261002,9,8,6-2-4,329.0
2026-10-02 13:42:31,20261002,9,8,6-2-5,452.4
2026-10-02 13:42:31,20261002,9,8,6-3-1,1034.0
2026-10-02 13:42:31,20261002,9,8,6-3-2,381.0
2026-10-02 13:42:31,20261002,9,8,6-3-4,603.3
2026-10-02 13:42:31,20261002,9,8,6-3-5,603.3
2026-10-02 13:42:31,20261002,9,8,6-4-1,556.9
2026-10-02 13:42:31,20261002,9,8,6-4-2,402.2
2026-10-02 13:42:31,20261002,9,8,6-4-3,425.8
2026-10-02 13:42:31,20261002,9,8,6-4-5,201.1
2026-10-02 13:42:31,20261002,9,8,6-5-1,804.4
2026-10-02 13:42:31,20261002,9,8,6-5-2,517.1
2026-10-02 13:42:31,20261002,9,8,6-5-3,402.2
2026-10-02 13:42:31,20261002,9,8,6-5-4,190.5
2026-10-02 13:50:21,20261002,13,8,1-2-3,73.0
2026-10-02 13:50:21,20261002,13,8,1-2-4,262.9
2026-10-02 13:50:21,20261002,13,8,1-2-5,232.0
2026-10-02 13:50:21,20261002,13,8,1-2-6,99.4
2026-10-02 13:50:21,20261002,13,8,1-3-2,46.0
2026-10-02 13:50:21,20261002,13,8,1-3-4,20.3
2026-10-02 13:50:21,20261002,13,8,1-3-5,12.7
2026-10-02 13:50:21,20261002,13,8,1-3-6,6.2
2026-10-02 13:50:21,20261002,13,8,1-4-2,232.0
2026-10-02 13:50:21,20261002,13,8,1-4-3,114.8
2026-10-02 13:50:21,20261002,13,8,1-4-5,197.2
2026-10-02 13:50:21,20261002,13,8,1-4-6,147.9
2026-10-02 13:50:21,20261002,13,8,1-5-2,223.2
2026-10-02 13:50:21,20261002,13,8,1-5-3,70.0
2026-10-02 13:50:21,20261002,13,8,1-5-4,166.6
2026-10-02 13:50:21,20261002,13,8,1-5-6,41.9
2026-10-02 13:50:21,20261002,13,8,1-6-2,74.4
2026-10-02 13:50:21,20261002,13,8,1-6-3,9.3
2026-10-02 13:50:21,20261002,13,8,1-6-4,92.4
2026-10-02 13:50:21,20261002,13,8,1-6-5,21.3
2026-10-02 13:50:21,20261002,13,8,2-1-3,155.6
2026-10-02 13:50:21,20261002,13,8,2-1-4,358.5
2026-10-02 13:50:21,20261002,13,8,2-1-5,303.4
2026-10-02 13:50:21,20261002,13,8,2-1-6,211.2
2026-10-02 13:50:21,20261002,13,8,2-3-1,257.2
2026-10-02 13:50:21,20261002,13,8,2-3-4,241.4
2026-10-02 13:50:21,20261002,13,8,2-3-5,358.5
2026-10-02 13:50:21,20261002,13,8,2-3-6,455.1
2026-10-02 13:50:21,20261002,13,8,2-4-1,910.2
2026-10-02 13:50:21,20261002,13,8,2-4-3,328.6
2026-10-02 13:50:21,20261002,13,8,2-4-5,788.8
2026-10-02 13:50:21,20261002,13,8,2-4-6,788.8
2026-10-02 13:50:21,20261002,13,8,2-5-1,514.4
2026-10-02 13:50:21,20261002,13,8,2-5-3,537.8
2026-10-02 13:50:21,20261002,13,8,2-5-4,986.0
2026-10-02 13:50:21,20261002,13,8,2-5-6,408.0
2026-10-02 13:50:21,20261002,13,8,2-6-1,537.8
2026-10-02 13:50:21,20261002,13,8,2-6-3,537.8
2026-10-02 13:50:21,20261002,13,8,2-6-4,493.0
2026-10-02 13:50:21,20261002,13,8,2-6-5,303.4
2026-10-02 13:50:21,20261002,13,8,3-1-2,94.6
2026-10-02 13:50:21,20261002,13,8,3-1-4,39.1
2026-10-02 13:50:21,20261002,13,8,3-1-5,24.7
2026-10-02 13:50:21,20261002,13,8,3-1-6,10.0
2026-10-02 13:50:21,20261002,13,8,3-2-1,241.4
2026-10-02 13:50:21,20261002,13,8,3-2-4,232.0
2026-10-02 13:50:21,20261002,13,8,3-2-5,311.3
2026-10-02 13:50:21,20261002,13,8,3-2-6,215.1
2026-10-02 13:50:21,20261002,13,8,3-4-1,127.2
2026-10-02 13:50:21,20261002,13,8,3-4-2,197.2
2026-10-02 13:50:21,20261002,13,8,3-4-5,146.0
2026-10-02 13:50:21,20261002,13,8,3-4-6,80.4
2026-10-02 13:50:21,20261002,13,8,3-5-1,75.3
2026-10-02 13:50:21,20261002,13,8,3-5-2,190.8
2026-10-02 13:50:21,20261002,13,8,3-5-4,125.8
2026-10-02 13:50:21,20261002,13,8,3-5-6,58.2
2026-10-02 13:50:21,20261002,13,8,3-6-1,17.8
2026-10-02 13:50:21,20261002,13,8,3-6-2,215.1
2026-10-02 13:50:21,20261002,13,8,3-6-4,64.6
2026-10-02 13:50:21,20261002,13,8,3-6-5,56.3
2026-10-02 13:50:21,20261002,13,8,4-1-2,408.0
2026-10-02 13:50:21,20261002,13,8,4-1-3,514.4
2026-10-02 13:50:21,20261002,13,8,4-1-5,408.0
2026-10-02 13:50:21,20261002,13,8,4-1-6,319.8
2026-10-02 13:50:21,20261002,13,8,4-2-1,563.4
2026-10-02 13:50:21,20261002,13,8,4-2-3,295.8
2026-10-02 13:50:21,20261002,13,8,4-2-5,845.1
2026-10-02 13:50:21,20261002,13,8,4-2-6,591.6
2026-10-02 13:50:21,20261002,13,8,4-3-1,311.3
2026-10-02 13:50:21,20261002,13,8,4-3-2,338.0
2026-10-02 13:50:21,20261002,13,8,4-3-5,473.3
2026-10-02 13:50:21,20261002,13,8,4-3-6,251.7
2026-10-02 13:50:21,20261002,13,8,4-5-1,369.7
2026-10-02 13:50:21,20261002,13,8,4-5-2,910.2
2026-10-02 13:50:21,20261002,13,8,4-5-3,455.1
2026-10-02 13:50:21,20261002,13,8,4-5-6,394.4
2026-10-02 13:50:21,20261002,13,8,4-6-1,338.0
2026-10-02 13:50:21,20261002,13,8,4-6-2,657.3
2026-10-02 13:50:21,20261002,13,8,4-6-3,295.8
2026-10-02 13:50:21,20261002,13,8,4-6-5,182.0
2026-10-02 13:50:21,20261002,13,8,5-1-2,369.7
2026-10-02 13:50:21,20261002,13,8,5-1-3,140.8
2026-10-02 13:50:21,20261002,13,8,5-1-4,369.7
2026-10-02 13:50:21,20261002,13,8,5-1-6,118.3
2026-10-02 13:50:21,20261002,13,8,5-2-1,563.4
2026-10-02 13:50:21,20261002,13,8,5-2-3,438.2
2026-10-02 13:50:21,20261002,13,8,5-2-4,319.8
2026-10-02 13:50:21,20261002,13,8,5-2-6,381.7
2026-10-02 13:50:21,20261002,13,8,5-3-1,184.8
2026-10-02 13:50:21,20261002,13,8,5-3-2,319.8
2026-10-02 13:50:21,20261002,13,8,5-3-4,622.7
2026-10-02 13:50:21,20261002,13,8,5-3-6,159.9
2026-10-02 13:50:21,20261002,13,8,5-4-1,514.4
2026-10-02 13:50:21,20261002,13,8,5-4-2,537.8
2026-10-02 13:50:21,20261002,13,8,5-4-3,696.0
2026-10-02 13:50:21,20261002,13,8,5-4-6,657.3
2026-10-02 13:50:21,20261002,13,8,5-6-1,134.4
2026-10-02 13:50:21,20261002,13,8,5-6-2,438.2
2026-10-02 13:50:21,20261002,13,8,5-6-3,151.7
2026-10-02 13:50:21,20261002,13,8,5-6-4,788.8
2026-10-02 13:50:21,20261002,13,8,6-1-2,120.7
2026-10-02 13:50:21,20261002,13,8,6-1-3,17.9
2026-10-02 13:50:21,20261002,13,8,6-1-4,127.2
2026-10-02 13:50:21,20261002,13,8,6-1-5,48.4
2026-10-02 13:50:21,20261002,13,8,6-2-1,241.4
2026-10-02 13:50:21,20261002,13,8,6-2-3,257.2
2026-10-02 13:50:21,20261002,13,8,6-2-4,227.5
2026-10-02 13:50:21,20261002,13,8,6-2-5,197.2
2026-10-02 13:50:21,20261002,13,8,6-3-1,25.8
2026-10-02 13:50:21,20261002,13,8,6-3-2,171.4
2026-10-02 13:50:21,20261002,13,8,6-3-4,171.4
2026-10-02 13:50:21,20261002,13,8,6-3-5,75.8
2026-10-02 13:50:21,20261002,13,8,6-4-1,438.2
2026-10-02 13:50:21,20261002,13,8,6-4-2,657.3
2026-10-02 13:50:21,20261002,13,8,6-4-3,338.0
2026-10-02 13:50:21,20261002,13,8,6-4-5,788.8
2026-10-02 13:50:21,20261002,13,8,6-5-1,101.1
2026-10-02 13:50:21,20261002,13,8,6-5-2,358.5
2026-10-02 13:50:21,20261002,13,8,6-5-3,174.0
2026-10-02 13:50:21,20261002,13,8,6-5-4,493.0
2026-10-02 13:52:53,20261002,4,7,1-2-3,48.9
2026-10-02 13:52:53,20261002,4,7,1-2-4,98.6
2026-10-02 13:52:53,20261002,4,7,1-2-5,84.8
2026-10-02 13:52:53,20261002,4,7,1-2-6,39.0
2026-10-02 13:52:53,20261002,4,7,1-3-2,30.0
2026-10-02 13:52:53,20261002,4,7,1-3-4,40.6
2026-10-02 13:52:53,20261002,4,7,1-3-5,29.4
2026-10-02 13:52:53,20261002,4,7,1-3-6,9.4
2026-10-02 13:52:53,20261002,4,7,1-4-2,92.6
2026-10-02 13:52:53,20261002,4,7,1-4-3,81.6
2026-10-02 13:52:53,20261002,4,7,1-4-5,143.9
2026-10-02 13:52:53,20261002,4,7,1-4-6,44.4
2026-10-02 13:52:53,20261002,4,7,1-5-2,135.6
2026-10-02 13:52:53,20261002,4,7,1-5-3,97.2
2026-10-02 13:52:53,20261002,4,7,1-5-4,131.4
2026-10-02 13:52:53,20261002,4,7,1-5-6,79.1
2026-10-02 13:52:53,20261002,4,7,1-6-2,34.3
2026-10-02 13:52:53,20261002,4,7,1-6-3,9.8
2026-10-02 13:52:53,20261002,4,7,1-6-4,28.9
2026-10-02 13:52:53,20261002,4,7,1-6-5,33.8
2026-10-02 13:52:53,20261002,4,7,2-1-3,179.0
2026-10-02 13:52:53,20261002,4,7,2-1-4,170.4
2026-10-02 13:52:53,20261002,4,7,2-1-5,202.8
2026-10-02 13:52:53,20261002,4,7,2-1-6,101.4
2026-10-02 13:52:53,20261002,4,7,2-3-1,322.7
2026-10-02 13:52:53,20261002,4,7,2-3-4,190.1
2026-10-02 13:52:53,20261002,4,7,2-3-5,266.2
2026-10-02 13:52:53,20261002,4,7,2-3-6,236.6
2026-10-02 13:52:53,20261002,4,7,2-4-1,327.7
2026-10-02 13:52:53,20261002,4,7,2-4-3,217.3
2026-10-02 13:52:53,20261002,4,7,2-4-5,304.3
2026-10-02 13:52:53,20261002,4,7,2-4-6,284.0
2026-10-02 13:52:53,20261002,4,7,2-5-1,291.8
2026-10-02 13:52:53,20261002,4,7,2-5-3,313.2
2026-10-02 13:52:53,20261002,4,7,2-5-4,367.2
2026-10-02 13:52:53,20261002,4,7,2-5-6,317.9
2026-10-02 13:52:53,20261002,4,7,2-6-1,173.1
2026-10-02 13:52:53,20261002,4,7,2-6-3,322.7
2026-10-02 13:52:53,20261002,4,7,2-6-4,313.2
2026-10-02 13:52:53,20261002,4,7,2-6-5,338.1
2026-10-02 13:52:53,20261002,4,7,3-1-2,89.5
2026-10-02 13:52:53,20261002,4,7,3-1-4,54.9
2026-10-02 13:52:53,20261002,4,7,3-1-5,46.5
2026-10-02 13:52:53,20261002,4,7,3-1-6,18.2
2026-10-02 13:52:53,20261002,4,7,3-2-1,174.6
2026-10-02 13:52:53,20261002,4,7,3-2-4,100.9
2026-10-02 13:52:53,20261002,4,7,3-2-5,141.0
2026-10-02 13:52:53,20261002,4,7,3-2-6,72.9
2026-10-02 13:52:53,20261002,4,7,3-4-1,145.9
2026-10-02 13:52:53,20261002,4,7,3-4-2,140.1
2026-10-02 13:52:53,20261002,4,7,3-4-5,200.9
2026-10-02 13:52:53,20261002,4,7,3-4-6,98.6
2026-10-02 13:52:53,20261002,4,7,3-5-1,120.3
2026-10-02 13:52:53,20261002,4,7,3-5-2,120.3
2026-10-02 13:52:53,20261002,4,7,3-5-4,151.0
2026-10-02 13:52:53,20261002,4,7,3-5-6,116.4
2026-10-02 13:52:53,20261002,4,7,3-6-1,21.1
2026-10-02 13:52:53,20261002,4,7,3-6-2,85.5
2026-10-02 13:52:53,20261002,4,7,3-6-4,64.1
2026-10-02 13:52:53,20261002,4,7,3-6-5,64.3
2026-10-02 13:52:53,20261002,4,7,4-1-2,266.2
2026-10-02 13:52:53,20261002,4,7,4-1-3,182.0
2026-10-02 13:52:53,20261002,4,7,4-1-5,169.0
2026-10-02 13:52:53,20261002,4,7,4-1-6,137.4
2026-10-02 13:52:53,20261002,4,7,4-2-1,434.7
2026-10-02 13:52:53,20261002,4,7,4-2-3,373.7
2026-10-02 13:52:53,20261002,4,7,4-2-5,443.7
2026-10-02 13:52:53,20261002,4,7,4-2-6,166.4
2026-10-02 13:52:53,20261002,4,7,4-3-1,193.6
2026-10-02 13:52:53,20261002,4,7,4-3-2,291.8
2026-10-02 13:52:53,20261002,4,7,4-3-5,266.2
2026-10-02 13:52:53,20261002,4,7,4-3-6,165.1
2026-10-02 13:52:53,20261002,4,7,4-5-1,250.6
2026-10-02 13:52:53,20261002,4,7,4-5-2,343.5
2026-10-02 13:52:53,20261002,4,7,4-5-3,426.0
2026-10-02 13:52:53,20261002,4,7,4-5-6,327.7
2026-10-02 13:52:53,20261002,4,7,4-6-1,185.2
2026-10-02 13:52:53,20261002,4,7,4-6-2,221.8
2026-10-02 13:52:53,20261002,4,7,4-6-3,208.8
2026-10-02 13:52:53,20261002,4,7,4-6-5,317.9
2026-10-02 13:52:53,20261002,4,7,5-1-2,355.0
2026-10-02 13:52:53,20261002,4,7,5-1-3,177.5
2026-10-02 13:52:53,20261002,4,7,5-1-4,250.6
2026-10-02 13:52:53,20261002,4,7,5-1-6,183.6
2026-10-02 13:52:53,20261002,4,7,5-2-1,317.9
2026-10-02 13:52:53,20261002,4,7,5-2-3,484.1
2026-10-02 13:52:53,20261002,4,7,5-2-4,250.6
2026-10-02 13:52:53,20261002,4,7,5-2-6,177.5
2026-10-02 13:52:53,20261002,4,7,5-3-1,242.0
2026-10-02 13:52:53,20261002,4,7,5-3-2,434.7
2026-10-02 13:52:53,20261002,4,7,5-3-4,332.8
2026-10-02 13:52:53,20261002,4,7,5-3-6,273.1
2026-10-02 13:52:53,20261002,4,7,5-4-1,273.1
2026-10-02 13:52:53,20261002,4,7,5-4-2,361.0
2026-10-02 13:52:53,20261002,4,7,5-4-3,417.6
2026-10-02 13:52:53,20261002,4,7,5-4-6,287.8
2026-10-02 13:52:53,20261002,4,7,5-6-1,250.6
2026-10-02 13:52:53,20261002,4,7,5-6-2,401.9
2026-10-02 13:52:53,20261002,4,7,5-6-3,213.0
2026-10-02 13:52:53,20261002,4,7,5-6-4,519.5
2026-10-02 13:52:53,20261002,4,7,6-1-2,36.6
2026-10-02 13:52:53,20261002,4,7,6-1-3,16.3
2026-10-02 13:52:53,20261002,4,7,6-1-4,61.7
2026-10-02 13:52:53,20261002,4,7,6-1-5,49.6
2026-10-02 13:52:53,20261002,4,7,6-2-1,110.3
2026-10-02 13:52:53,20261002,4,7,6-2-3,195.4
2026-10-02 13:52:53,20261002,4,7,6-2-4,317.9
2026-10-02 13:52:53,20261002,4,7,6-2-5,266.2
2026-10-02 13:52:53,20261002,4,7,6-3-1,26.2
2026-10-02 13:52:53,20261002,4,7,6-3-2,129.1
2026-10-02 13:52:53,20261002,4,7,6-3-4,86.5
2026-10-02 13:52:53,20261002,4,7,6-3-5,99.0
2026-10-02 13:52:53,20261002,4,7,6-4-1,163.8
2026-10-02 13:52:53,20261002,4,7,6-4-2,250.6
2026-10-02 13:52:53,20261002,4,7,6-4-3,204.8
2026-10-02 13:52:53,20261002,4,7,6-4-5,273.1
2026-10-02 13:52:53,20261002,4,7,6-5-1,125.3
2026-10-02 13:52:53,20261002,4,7,6-5-2,401.9
2026-10-02 13:52:53,20261002,4,7,6-5-3,202.8
2026-10-02 13:52:53,20261002,4,7,6-5-4,387.3
2026-10-02 13:57:57,20261002,22,7,1-2-3,68.1
2026-10-02 13:57:57,20261002,22,7,1-2-4,61.3
2026-10-02 13:57:57,20261002,22,7,1-2-5,79.4
2026-10-02 13:57:57,20261002,22,7,1-2-6,231.9
2026-10-02 13:57:57,20261002,22,7,1-3-2,60.8
2026-10-02 13:57:57,20261002,22,7,1-3-4,66.5
2026-10-02 13:57:57,20261002,22,7,1-3-5,89.4
2026-10-02 13:57:57,20261002,22,7,1-3-6,357.6
2026-10-02 13:57:57,20261002,22,7,1-4-2,99.8
2026-10-02 13:57:57,20261002,22,7,1-4-3,99.8
2026-10-02 13:57:57,20261002,22,7,1-4-5,57.9
2026-10-02 13:57:57,20261002,22,7,1-4-6,343.3
2026-10-02 13:57:57,20261002,22,7,1-5-2,79.4
2026-10-02 13:57:57,20261002,22,7,1-5-3,128.1
2026-10-02 13:57:57,20261002,22,7,1-5-4,44.9
2026-10-02 13:57:57,20261002,22,7,1-5-6,451.7
2026-10-02 13:57:57,20261002,22,7,1-6-2,343.3
2026-10-02 13:57:57,20261002,22,7,1-6-3,306.5
2026-10-02 13:57:57,20261002,22,7,1-6-4,572.2
2026-10-02 13:57:57,20261002,22,7,1-6-5,858.3
2026-10-02 13:57:57,20261002,22,7,2-1-3,91.3
2026-10-02 13:57:57,20261002,22,7,2-1-4,81.7
2026-10-02 13:57:57,20261002,22,7,2-1-5,92.2
2026-10-02 13:57:57,20261002,22,7,2-1-6,451.7
2026-10-02 13:57:57,20261002,22,7,2-3-1,175.1
2026-10-02 13:57:57,20261002,22,7,2-3-4,140.7
2026-10-02 13:57:57,20261002,22,7,2-3-5,120.8
2026-10-02 13:57:57,20261002,22,7,2-3-6,660.2
2026-10-02 13:57:57,20261002,22,7,2-4-1,78.0
2026-10-02 13:57:57,20261002,22,7,2-4-3,87.5
2026-10-02 13:57:57,20261002,22,7,2-4-5,35.0
2026-10-02 13:57:57,20261002,22,7,2-4-6,220.0
2026-10-02 13:57:57,20261002,22,7,2-5-1,87.5
2026-10-02 13:57:57,20261002,22,7,2-5-3,102.1
2026-10-02 13:57:57,20261002,22,7,2-5-4,44.4
2026-10-02 13:57:57,20261002,22,7,2-5-6,295.9
2026-10-02 13:57:57,20261002,22,7,2-6-1,660.2
2026-10-02 13:57:57,20261002,22,7,2-6-3,858.3
2026-10-02 13:57:57,20261002,22,7,2-6-4,451.7
2026-10-02 13:57:57,20261002,22,7,2-6-5,504.8
2026-10-02 13:57:57,20261002,22,7,3-1-2,90.3
2026-10-02 13:57:57,20261002,22,7,3-1-4,95.3
2026-10-02 13:57:57,20261002,22,7,3-1-5,69.7
2026-10-02 13:57:57,20261002,22,7,3-1-6,476.8
2026-10-02 13:57:57,20261002,22,7,3-2-1,140.7
2026-10-02 13:57:57,20261002,22,7,3-2-4,107.2
2026-10-02 13:57:57,20261002,22,7,3-2-5,80.2
2026-10-02 13:57:57,20261002,22,7,3-2-6,268.2
2026-10-02 13:57:57,20261002,22,7,3-4-1,130.0
2026-10-02 13:57:57,20261002,22,7,3-4-2,82.5
2026-10-02 13:57:57,20261002,22,7,3-4-5,72.7
2026-10-02 13:57:57,20261002,22,7,3-4-6,268.2
2026-10-02 13:57:57,20261002,22,7,3-5-1,140.7
2026-10-02 13:57:57,20261002,22,7,3-5-2,84.9
2026-10-02 13:57:57,20261002,22,7,3-5-4,62.6
2026-10-02 13:57:57,20261002,22,7,3-5-6,536.4
2026-10-02 13:57:57,20261002,22,7,3-6-1,715.2
2026-10-02 13:57:57,20261002,22,7,3-6-2,780.2
2026-10-02 13:57:57,20261002,22,7,3-6-4,1430.0
2026-10-02 13:57:57,20261002,22,7,3-6-5,1226.0
2026-10-02 13:57:57,20261002,22,7,4-1-2,79.4
2026-10-02 13:57:57,20261002,22,7,4-1-3,120.8
2026-10-02 13:57:57,20261002,22,7,4-1-5,30.8
2026-10-02 13:57:57,20261002,22,7,4-1-6,536.4
2026-10-02 13:57:57,20261002,22,7,4-2-1,81.7
2026-10-02 13:57:57,20261002,22,7,4-2-3,80.9
2026-10-02 13:57:57,20261002,22,7,4-2-5,23.5
2026-10-02 13:57:57,20261002,22,7,4-2-6,231.9
2026-10-02 13:57:57,20261002,22,7,4-3-1,165.0
2026-10-02 13:57:57,20261002,22,7,4-3-2,134.1
2026-10-02 13:57:57,20261002,22,7,4-3-5,38.4
2026-10-02 13:57:57,20261002,22,7,4-3-6,504.8
2026-10-02 13:57:57,20261002,22,7,4-5-1,16.8
2026-10-02 13:57:57,20261002,22,7,4-5-2,13.0
2026-10-02 13:57:57,20261002,22,7,4-5-3,19.6
2026-10-02 13:57:57,20261002,22,7,4-5-6,110.0
2026-10-02 13:57:57,20261002,22,7,4-6-1,780.2
2026-10-02 13:57:57,20261002,22,7,4-6-2,1072.0
2026-10-02 13:57:57,20261002,22,7,4-6-3,780.2
2026-10-02 13:57:57,20261002,22,7,4-6-5,357.6
2026-10-02 13:57:57,20261002,22,7,5-1-2,52.0
2026-10-02 13:57:57,20261002,22,7,5-1-3,90.3
2026-10-02 13:57:57,20261002,22,7,5-1-4,25.5
2026-10-02 13:57:57,20261002,22,7,5-1-6,220.0
2026-10-02 13:57:57,20261002,22,7,5-2-1,69.2
2026-10-02 13:57:57,20261002,22,7,5-2-3,76.6
2026-10-02 13:57:57,20261002,22,7,5-2-4,22.7
2026-10-02 13:57:57,20261002,22,7,5-2-6,476.8
2026-10-02 13:57:57,20261002,22,7,5-3-1,122.6
2026-10-02 13:57:57,20261002,22,7,5-3-2,95.3
2026-10-02 13:57:57,20261002,22,7,5-3-4,38.1
2026-10-02 13:57:57,20261002,22,7,5-3-6,660.2
2026-10-02 13:57:57,20261002,22,7,5-4-1,14.3
2026-10-02 13:57:57,20261002,22,7,5-4-2,10.2
2026-10-02 13:57:57,20261002,22,7,5-4-3,20.3
2026-10-02 13:57:57,20261002,22,7,5-4-6,110.0
2026-10-02 13:57:57,20261002,22,7,5-6-1,268.2
2026-10-02 13:57:57,20261002,22,7,5-6-2,953.6
2026-10-02 13:57:57,20261002,22,7,5-6-3,390.1
2026-10-02 13:57:57,20261002,22,7,5-6-4,373.1
2026-10-02 13:57:57,20261002,22,7,6-1-2,195.0
2026-10-02 13:57:57,20261002,22,7,6-1-3,536.4
2026-10-02 13:57:57,20261002,22,7,6-1-4,858.3
2026-10-02 13:57:57,20261002,22,7,6-1-5,1716.0
2026-10-02 13:57:57,20261002,22,7,6-2-1,660.2
2026-10-02 13:57:57,20261002,22,7,6-2-3,715.2
2026-10-02 13:57:57,20261002,22,7,6-2-4,780.2
2026-10-02 13:57:57,20261002,22,7,6-2-5,504.8
2026-10-02 13:57:57,20261002,22,7,6-3-1,1072.0
2026-10-02 13:57:57,20261002,22,7,6-3-2,1430.0
2026-10-02 13:57:57,20261002,22,7,6-3-4,2145.0
2026-10-02 13:57:57,20261002,22,7,6-3-5,2145.0
2026-10-02 13:57:57,20261002,22,7,6-4-1,858.3
2026-10-02 13:57:57,20261002,22,7,6-4-2,858.3
2026-10-02 13:57:57,20261002,22,7,6-4-3,1430.0
2026-10-02 13:57:57,20261002,22,7,6-4-5,429.1
2026-10-02 13:57:57,20261002,22,7,6-5-1,2145.0
2026-10-02 13:57:57,20261002,22,7,6-5-2,1072.0
2026-10-02 13:57:57,20261002,22,7,6-5-3,1226.0
2026-10-02 13:57:57,20261002,22,7,6-5-4,504.8
2026-10-02 14:00:21,20261002,14,12,1-2-3,20.3
2026-10-02 14:00:21,20261002,14,12,1-2-4,15.1
2026-10-02 14:00:21,20261002,14,12,1-2-5,45.3
2026-10-02 14:00:21,20261002,14,12,1-2-6,37.3
2026-10-02 14:00:21,20261002,14,12,1-3-2,30.3
2026-10-02 14:00:21,20261002,14,12,1-3-4,28.3
2026-10-02 14:00:21,20261002,14,12,1-3-5,54.2
2026-10-02 14:00:21,20261002,14,12,1-3-6,54.5
2026-10-02 14:00:21,20261002,14,12,1-4-2,12.1
2026-10-02 14:00:21,20261002,14,12,1-4-3,18.6
2026-10-02 14:00:21,20261002,14,12,1-4-5,36.2
2026-10-02 14:00:21,20261002,14,12,1-4-6,20.1
2026-10-02 14:00:21,20261002,14,12,1-5-2,88.0
2026-10-02 14:00:21,20261002,14,12,1-5-3,109.5
2026-10-02 14:00:21,20261002,14,12,1-5-4,91.5
2026-10-02 14:00:21,20261002,14,12,1-5-6,127.4
2026-10-02 14:00:21,20261002,14,12,1-6-2,43.4
2026-10-02 14:00:21,20261002,14,12,1-6-3,56.2
2026-10-02 14:00:21,20261002,14,12,1-6-4,38.9
2026-10-02 14:00:21,20261002,14,12,1-6-5,111.5
2026-10-02 14:00:21,20261002,14,12,2-1-3,41.3
2026-10-02 14:00:21,20261002,14,12,2-1-4,38.6
2026-10-02 14:00:21,20261002,14,12,2-1-5,62.9
2026-10-02 14:00:21,20261002,14,12,2-1-6,75.6
2026-10-02 14:00:21,20261002,14,12,2-3-1,46.6
2026-10-02 14:00:21,20261002,14,12,2-3-4,48.0
2026-10-02 14:00:21,20261002,14,12,2-3-5,47.4
2026-10-02 14:00:21,20261002,14,12,2-3-6,83.4
2026-10-02 14:00:21,20261002,14,12,2-4-1,58.9
2026-10-02 14:00:21,20261002,14,12,2-4-3,62.8
2026-10-02 14:00:21,20261002,14,12,2-4-5,98.7
2026-10-02 14:00:21,20261002,14,12,2-4-6,90.8
2026-10-02 14:00:21,20261002,14,12,2-5-1,119.9
2026-10-02 14:00:21,20261002,14,12,2-5-3,88.1
2026-10-02 14:00:21,20261002,14,12,2-5-4,124.4
2026-10-02 14:00:21,20261002,14,12,2-5-6,182.7
2026-10-02 14:00:21,20261002,14,12,2-6-1,167.8
2026-10-02 14:00:21,20261002,14,12,2-6-3,163.3
2026-10-02 14:00:21,20261002,14,12,2-6-4,142.4
2026-10-02 14:00:21,20261002,14,12,2-6-5,218.7
2026-10-02 14:00:21,20261002,14,12,3-1-2,71.5
2026-10-02 14:00:21,20261002,14,12,3-1-4,67.9
2026-10-02 14:00:21,20261002,14,12,3-1-5,91.0
2026-10-02 14:00:21,20261002,14,12,3-1-6,113.9
2026-10-02 14:00:21,20261002,14,12,3-2-1,76.2
2026-10-02 14:00:21,20261002,14,12,3-2-4,79.0
2026-10-02 14:00:21,20261002,14,12,3-2-5,69.0
2026-10-02 14:00:21,20261002,14,12,3-2-6,113.6
2026-10-02 14:00:21,20261002,14,12,3-4-1,95.8
2026-10-02 14:00:21,20261002,14,12,3-4-2,96.4
2026-10-02 14:00:21,20261002,14,12,3-4-5,139.8
2026-10-02 14:00:21,20261002,14,12,3-4-6,131.0
2026-10-02 14:00:21,20261002,14,12,3-5-1,145.3
2026-10-02 14:00:21,20261002,14,12,3-5-2,110.8
2026-10-02 14:00:21,20261002,14,12,3-5-4,169.7
2026-10-02 14:00:21,20261002,14,12,3-5-6,221.6
2026-10-02 14:00:21,20261002,14,12,3-6-1,252.9
2026-10-02 14:00:21,20261002,14,12,3-6-2,217.2
2026-10-02 14:00:21,20261002,14,12,3-6-4,243.2
2026-10-02 14:00:21,20261002,14,12,3-6-5,278.1
2026-10-02 14:00:21,20261002,14,12,4-1-2,43.7
2026-10-02 14:00:21,20261002,14,12,4-1-3,62.3
2026-10-02 14:00:21,20261002,14,12,4-1-5,89.3
2026-10-02 14:00:21,20261002,14,12,4-1-6,61.7
2026-10-02 14:00:21,20261002,14,12,4-2-1,85.9
2026-10-02 14:00:21,20261002,14,12,4-2-3,124.2
2026-10-02 14:00:21,20261002,14,12,4-2-5,166.5
2026-10-02 14:00:21,20261002,14,12,4-2-6,122.6
2026-10-02 14:00:21,20261002,14,12,4-3-1,128.6
2026-10-02 14:00:21,20261002,14,12,4-3-2,152.9
2026-10-02 14:00:21,20261002,14,12,4-3-5,241.1
2026-10-02 14:00:21,20261002,14,12,4-3-6,188.0
2026-10-02 14:00:21,20261002,14,12,4-5-1,219.2
2026-10-02 14:00:21,20261002,14,12,4-5-2,263.0
2026-10-02 14:00:21,20261002,14,12,4-5-3,336.0
2026-10-02 14:00:21,20261002,14,12,4-5-6,329.3
2026-10-02 14:00:21,20261002,14,12,4-6-1,118.2
2026-10-02 14:00:21,20261002,14,12,4-6-2,158.6
2026-10-02 14:00:21,20261002,14,12,4-6-3,208.7
2026-10-02 14:00:21,20261002,14,12,4-6-5,303.8
2026-10-02 14:00:21,20261002,14,12,5-1-2,229.0
2026-10-02 14:00:21,20261002,14,12,5-1-3,267.3
2026-10-02 14:00:21,20261002,14,12,5-1-4,267.3
2026-10-02 14:00:21,20261002,14,12,5-1-6,417.9
2026-10-02 14:00:21,20261002,14,12,5-2-1,285.9
2026-10-02 14:00:21,20261002,14,12,5-2-3,226.5
2026-10-02 14:00:21,20261002,14,12,5-2-4,333.3
2026-10-02 14:00:21,20261002,14,12,5-2-6,316.1
2026-10-02 14:00:21,20261002,14,12,5-3-1,298.3
2026-10-02 14:00:21,20261002,14,12,5-3-2,226.8
2026-10-02 14:00:21,20261002,14,12,5-3-4,440.3
2026-10-02 14:00:21,20261002,14,12,5-3-6,466.5
2026-10-02 14:00:21,20261002,14,12,5-4-1,340.2
2026-10-02 14:00:21,20261002,14,12,5-4-2,362.7
2026-10-02 14:00:21,20261002,14,12,5-4-3,466.5
2026-10-02 14:00:21,20261002,14,12,5-4-6,531.2
2026-10-02 14:00:21,20261002,14,12,5-6-1,609.9
2026-10-02 14:00:21,20261002,14,12,5-6-2,531.2
2026-10-02 14:00:21,20261002,14,12,5-6-3,638.3
2026-10-02 14:00:21,20261002,14,12,5-6-4,619.1
2026-10-02 14:00:21,20261002,14,12,6-1-2,140.7
2026-10-02 14:00:21,20261002,14,12,6-1-3,182.9
2026-10-02 14:00:21,20261002,14,12,6-1-4,128.9
2026-10-02 14:00:21,20261002,14,12,6-1-5,315.4
2026-10-02 14:00:21,20261002,14,12,6-2-1,221.6
2026-10-02 14:00:21,20261002,14,12,6-2-3,221.3
2026-10-02 14:00:21,20261002,14,12,6-2-4,196.0
2026-10-02 14:00:21,20261002,14,12,6-2-5,332.0
2026-10-02 14:00:21,20261002,14,12,6-3-1,315.4
2026-10-02 14:00:21,20261002,14,12,6-3-2,278.1
2026-10-02 14:00:21,20261002,14,12,6-3-4,301.6
2026-10-02 14:00:21,20261002,14,12,6-3-5,438.0
2026-10-02 14:00:21,20261002,14,12,6-4-1,155.8
2026-10-02 14:00:21,20261002,14,12,6-4-2,195.3
2026-10-02 14:00:21,20261002,14,12,6-4-3,285.9
2026-10-02 14:00:21,20261002,14,12,6-4-5,400.7
2026-10-02 14:00:21,20261002,14,12,6-5-1,569.8
2026-10-02 14:00:21,20261002,14,12,6-5-2,521.1
2026-10-02 14:00:21,20261002,14,12,6-5-3,588.1
2026-10-02 14:00:21,20261002,14,12,6-5-4,536.4
2026-10-02 14:06:16,20261002,6,7,1-2-3,102.0
2026-10-02 14:06:16,20261002,6,7,1-2-4,50.5
2026-10-02 14:06:16,20261002,6,7,1-2-5,25.2
2026-10-02 14:06:16,20261002,6,7,1-2-6,47.1
2026-10-02 14:06:16,20261002,6,7,1-3-2,232.0
2026-10-02 14:06:16,20261002,6,7,1-3-4,124.5
2026-10-02 14:06:16,20261002,6,7,1-3-5,91.0
2026-10-02 14:06:16,20261002,6,7,1-3-6,207.5
2026-10-02 14:06:16,20261002,6,7,1-4-2,53.0
2026-10-02 14:06:16,20261002,6,7,1-4-3,114.8
2026-10-02 14:06:16,20261002,6,7,1-4-5,20.5
2026-10-02 14:06:16,20261002,6,7,1-4-6,27.6
2026-10-02 14:06:16,20261002,6,7,1-5-2,13.8
2026-10-02 14:06:16,20261002,6,7,1-5-3,35.6
2026-10-02 14:06:16,20261002,6,7,1-5-4,12.0
2026-10-02 14:06:16,20261002,6,7,1-5-6,6.6
2026-10-02 14:06:16,20261002,6,7,1-6-2,41.6
2026-10-02 14:06:16,20261002,6,7,1-6-3,137.5
2026-10-02 14:06:16,20261002,6,7,1-6-4,43.8
2026-10-02 14:06:16,20261002,6,7,1-6-5,15.3
2026-10-02 14:06:16,20261002,6,7,2-1-3,303.3
2026-10-02 14:06:16,20261002,6,7,2-1-4,215.1
2026-10-02 14:06:16,20261002,6,7,2-1-5,159.8
2026-10-02 14:06:16,20261002,6,7,2-1-6,215.1
2026-10-02 14:06:16,20261002,6,7,2-3-1,622.7
2026-10-02 14:06:16,20261002,6,7,2-3-4,262.9
2026-10-02 14:06:16,20261002,6,7,2-3-5,281.7
2026-10-02 14:06:16,20261002,6,7,2-3-6,262.9
2026-10-02 14:06:16,20261002,6,7,2-4-1,563.4
2026-10-02 14:06:16,20261002,6,7,2-4-3,394.4
2026-10-02 14:06:16,20261002,6,7,2-4-5,268.9
2026-10-02 14:06:16,20261002,6,7,2-4-6,303.3
2026-10-02 14:06:16,20261002,6,7,2-5-1,184.8
2026-10-02 14:06:16,20261002,6,7,2-5-3,251.7
2026-10-02 14:06:16,20261002,6,7,2-5-4,295.8
2026-10-02 14:06:16,20261002,6,7,2-5-6,295.8
2026-10-02 14:06:16,20261002,6,7,2-6-1,348.0
2026-10-02 14:06:16,20261002,6,7,2-6-3,408.0
2026-10-02 14:06:16,20261002,6,7,2-6-4,246.5
2026-10-02 14:06:16,20261002,6,7,2-6-5,328.6
2026-10-02 14:06:16,20261002,6,7,3-1-2,303.3
2026-10-02 14:06:16,20261002,6,7,3-1-4,211.2
2026-10-02 14:06:16,20261002,6,7,3-1-5,144.2
2026-10-02 14:06:16,20261002,6,7,3-1-6,394.4
2026-10-02 14:06:16,20261002,6,7,3-2-1,788.8
2026-10-02 14:06:16,20261002,6,7,3-2-4,197.2
2026-10-02 14:06:16,20261002,6,7,3-2-5,268.9
2026-10-02 14:06:16,20261002,6,7,3-2-6,319.7
2026-10-02 14:06:16,20261002,6,7,3-4-1,514.4
2026-10-02 14:06:16,20261002,6,7,3-4-2,438.2
2026-10-02 14:06:16,20261002,6,7,3-4-5,381.6
2026-10-02 14:06:16,20261002,6,7,3-4-6,381.6
2026-10-02 14:06:16,20261002,6,7,3-5-1,232.0
2026-10-02 14:06:16,20261002,6,7,3-5-2,241.4
2026-10-02 14:06:16,20261002,6,7,3-5-4,369.7
2026-10-02 14:06:16,20261002,6,7,3-5-6,455.0
2026-10-02 14:06:16,20261002,6,7,3-6-1,845.1
2026-10-02 14:06:16,20261002,6,7,3-6-2,493.0
2026-10-02 14:06:16,20261002,6,7,3-6-4,845.1
2026-10-02 14:06:16,20261002,6,7,3-6-5,563.4
2026-10-02 14:06:16,20261002,6,7,4-1-2,275.1
2026-10-02 14:06:16,20261002,6,7,4-1-3,348.0
2026-10-02 14:06:16,20261002,6,7,4-1-5,79.9
2026-10-02 14:06:16,20261002,6,7,4-1-6,151.6
2026-10-02 14:06:16,20261002,6,7,4-2-1,394.4
2026-10-02 14:06:16,20261002,6,7,4-2-3,338.0
2026-10-02 14:06:16,20261002,6,7,4-2-5,408.0
2026-10-02 14:06:16,20261002,6,7,4-2-6,179.2
2026-10-02 14:06:16,20261002,6,7,4-3-1,257.2
2026-10-02 14:06:16,20261002,6,7,4-3-2,311.3
2026-10-02 14:06:16,20261002,6,7,4-3-5,311.3
2026-10-02 14:06:16,20261002,6,7,4-3-6,438.2
2026-10-02 14:06:16,20261002,6,7,4-5-1,101.1
2026-10-02 14:06:16,20261002,6,7,4-5-2,319.7
2026-10-02 14:06:16,20261002,6,7,4-5-3,408.0
2026-10-02 14:06:16,20261002,6,7,4-5-6,146.0
2026-10-02 14:06:16,20261002,6,7,4-6-1,257.2
2026-10-02 14:06:16,20261002,6,7,4-6-2,215.1
2026-10-02 14:06:16,20261002,6,7,4-6-3,358.5
2026-10-02 14:06:16,20261002,6,7,4-6-5,204.0
2026-10-02 14:06:16,20261002,6,7,5-1-2,39.9
2026-10-02 14:06:16,20261002,6,7,5-1-3,71.7
2026-10-02 14:06:16,20261002,6,7,5-1-4,25.1
2026-10-02 14:06:16,20261002,6,7,5-1-6,11.6
2026-10-02 14:06:16,20261002,6,7,5-2-1,130.0
2026-10-02 14:06:16,20261002,6,7,5-2-3,303.3
2026-10-02 14:06:16,20261002,6,7,5-2-4,182.0
2026-10-02 14:06:16,20261002,6,7,5-2-6,144.2
2026-10-02 14:06:16,20261002,6,7,5-3-1,151.6
2026-10-02 14:06:16,20261002,6,7,5-3-2,348.0
2026-10-02 14:06:16,20261002,6,7,5-3-4,295.8
2026-10-02 14:06:16,20261002,6,7,5-3-6,236.6
2026-10-02 14:06:16,20261002,6,7,5-4-1,65.7
2026-10-02 14:06:16,20261002,6,7,5-4-2,204.0
2026-10-02 14:06:16,20261002,6,7,5-4-3,303.3
2026-10-02 14:06:16,20261002,6,7,5-4-6,68.0
2026-10-02 14:06:16,20261002,6,7,5-6-1,21.9
2026-10-02 14:06:16,20261002,6,7,5-6-2,146.0
2026-10-02 14:06:16,20261002,6,7,5-6-3,174.0
2026-10-02 14:06:16,20261002,6,7,5-6-4,58.2
2026-10-02 14:06:16,20261002,6,7,6-1-2,64.3
2026-10-02 14:06:16,20261002,6,7,6-1-3,338.0
2026-10-02 14:06:16,20261002,6,7,6-1-4,146.0
2026-10-02 14:06:16,20261002,6,7,6-1-5,40.9
2026-10-02 14:06:16,20261002,6,7,6-2-1,295.8
2026-10-02 14:06:16,20261002,6,7,6-2-3,493.0
2026-10-02 14:06:16,20261002,6,7,6-2-4,358.5
2026-10-02 14:06:16,20261002,6,7,6-2-5,319.7
2026-10-02 14:06:16,20261002,6,7,6-3-1,986.0
2026-10-02 14:06:16,20261002,6,7,6-3-2,657.3
2026-10-02 14:06:16,20261002,6,7,6-3-4,514.4
2026-10-02 14:06:16,20261002,6,7,6-3-5,845.1
2026-10-02 14:06:16,20261002,6,7,6-4-1,311.3
2026-10-02 14:06:16,20261002,6,7,6-4-2,369.7
2026-10-02 14:06:16,20261002,6,7,6-4-3,1314.0
2026-10-02 14:06:16,20261002,6,7,6-4-5,227.5
2026-10-02 14:06:16,20261002,6,7,6-5-1,50.3
2026-10-02 14:06:16,20261002,6,7,6-5-2,288.5
2026-10-02 14:06:16,20261002,6,7,6-5-3,591.6
2026-10-02 14:06:16,20261002,6,7,6-5-4,144.2
2026-10-02 14:10:09,20261002,23,12,1-2-3,12.1
2026-10-02 14:10:09,20261002,23,12,1-2-4,23.8
2026-10-02 14:10:09,20261002,23,12,1-2-5,43.8
2026-10-02 14:10:09,20261002,23,12,1-2-6,47.8
2026-10-02 14:10:09,20261002,23,12,1-3-2,9.4
2026-10-02 14:10:09,20261002,23,12,1-3-4,6.3
2026-10-02 14:10:09,20261002,23,12,1-3-5,11.9
2026-10-02 14:10:09,20261002,23,12,1-3-6,16.5
2026-10-02 14:10:09,20261002,23,12,1-4-2,24.6
2026-10-02 14:10:09,20261002,23,12,1-4-3,14.8
2026-10-02 14:10:09,20261002,23,12,1-4-5,27.8
2026-10-02 14:10:09,20261002,23,12,1-4-6,37.1
2026-10-02 14:10:09,20261002,23,12,1-5-2,62.0
2026-10-02 14:10:09,20261002,23,12,1-5-3,36.5
2026-10-02 14:10:09,20261002,23,12,1-5-4,53.5
2026-10-02 14:10:09,20261002,23,12,1-5-6,68.5
2026-10-02 14:10:09,20261002,23,12,1-6-2,135.6
2026-10-02 14:10:09,20261002,23,12,1-6-3,95.6
2026-10-02 14:10:09,20261002,23,12,1-6-4,103.3
2026-10-02 14:10:09,20261002,23,12,1-6-5,136.1
2026-10-02 14:10:09,20261002,23,12,2-1-3,100.4
2026-10-02 14:10:09,20261002,23,12,2-1-4,115.0
2026-10-02 14:10:09,20261002,23,12,2-1-5,151.1
2026-10-02 14:10:09,20261002,23,12,2-1-6,212.3
2026-10-02 14:10:09,20261002,23,12,2-3-1,204.9
2026-10-02 14:10:09,20261002,23,12,2-3-4,264.2
2026-10-02 14:10:09,20261002,23,12,2-3-5,297.2
2026-10-02 14:10:09,20261002,23,12,2-3-6,557.2
2026-10-02 14:10:09,20261002,23,12,2-4-1,234.6
2026-10-02 14:10:09,20261002,23,12,2-4-3,312.8
2026-10-02 14:10:09,20261002,23,12,2-4-5,434.9
2026-10-02 14:10:09,20261002,23,12,2-4-6,451.4
2026-10-02 14:10:09,20261002,23,12,2-5-1,429.7
2026-10-02 14:10:09,20261002,23,12,2-5-3,575.2
2026-10-02 14:10:09,20261002,23,12,2-5-4,434.9
2026-10-02 14:10:09,20261002,23,12,2-5-6,557.2
2026-10-02 14:10:09,20261002,23,12,2-6-1,625.7
2026-10-02 14:10:09,20261002,23,12,2-6-3,792.6
2026-10-02 14:10:09,20261002,23,12,2-6-4,648.4
2026-10-02 14:10:09,20261002,23,12,2-6-5,660.5
2026-10-02 14:10:09,20261002,23,12,3-1-2,49.4
2026-10-02 14:10:09,20261002,23,12,3-1-4,28.1
2026-10-02 14:10:09,20261002,23,12,3-1-5,47.2
2026-10-02 14:10:09,20261002,23,12,3-1-6,68.1
2026-10-02 14:10:09,20261002,23,12,3-2-1,135.1
2026-10-02 14:10:09,20261002,23,12,3-2-4,169.8
2026-10-02 14:10:09,20261002,23,12,3-2-5,218.8
2026-10-02 14:10:09,20261002,23,12,3-2-6,287.6
2026-10-02 14:10:09,20261002,23,12,3-4-1,64.9
2026-10-02 14:10:09,20261002,23,12,3-4-2,142.0
2026-10-02 14:10:09,20261002,23,12,3-4-5,142.0
2026-10-02 14:10:09,20261002,23,12,3-4-6,151.1
2026-10-02 14:10:09,20261002,23,12,3-5-1,131.1
2026-10-02 14:10:09,20261002,23,12,3-5-2,274.3
2026-10-02 14:10:09,20261002,23,12,3-5-4,242.6
2026-10-02 14:10:09,20261002,23,12,3-5-6,315.6
2026-10-02 14:10:09,20261002,23,12,3-6-1,249.4
2026-10-02 14:10:09,20261002,23,12,3-6-2,414.7
2026-10-02 14:10:09,20261002,23,12,3-6-4,371.5
2026-10-02 14:10:09,20261002,23,12,3-6-5,424.6
2026-10-02 14:10:09,20261002,23,12,4-1-2,96.9
2026-10-02 14:10:09,20261002,23,12,4-1-3,60.4
2026-10-02 14:10:09,20261002,23,12,4-1-5,78.9
2026-10-02 14:10:09,20261002,23,12,4-1-6,95.6
2026-10-02 14:10:09,20261002,23,12,4-2-1,192.7
2026-10-02 14:10:09,20261002,23,12,4-2-3,242.6
2026-10-02 14:10:09,20261002,23,12,4-2-5,220.1
2026-10-02 14:10:09,20261002,23,12,4-2-6,237.7
2026-10-02 14:10:09,20261002,23,12,4-3-1,101.9
2026-10-02 14:10:09,20261002,23,12,4-3-2,218.8
2026-10-02 14:10:09,20261002,23,12,4-3-5,211.0
2026-10-02 14:10:09,20261002,23,12,4-3-6,194.9
2026-10-02 14:10:09,20261002,23,12,4-5-1,160.6
2026-10-02 14:10:09,20261002,23,12,4-5-2,289.9
2026-10-02 14:10:09,20261002,23,12,4-5-3,346.2
2026-10-02 14:10:09,20261002,23,12,4-5-6,302.2
2026-10-02 14:10:09,20261002,23,12,4-6-1,224.3
2026-10-02 14:10:09,20261002,23,12,4-6-2,318.4
2026-10-02 14:10:09,20261002,23,12,4-6-3,414.7
2026-10-02 14:10:09,20261002,23,12,4-6-5,445.8
2026-10-02 14:10:09,20261002,23,12,5-1-2,202.6
2026-10-02 14:10:09,20261002,23,12,5-1-3,135.1
2026-10-02 14:10:09,20261002,23,12,5-1-4,185.7
2026-10-02 14:10:09,20261002,23,12,5-1-6,227.1
2026-10-02 14:10:09,20261002,23,12,5-2-1,353.1
2026-10-02 14:10:09,20261002,23,12,5-2-3,383.5
2026-10-02 14:10:09,20261002,23,12,5-2-4,252.9
2026-10-02 14:10:09,20261002,23,12,5-2-6,321.3
2026-10-02 14:10:09,20261002,23,12,5-3-1,183.8
2026-10-02 14:10:09,20261002,23,12,5-3-2,387.6
2026-10-02 14:10:09,20261002,23,12,5-3-4,287.6
2026-10-02 14:10:09,20261002,23,12,5-3-6,292.3
2026-10-02 14:10:09,20261002,23,12,5-4-1,225.7
2026-10-02 14:10:09,20261002,23,12,5-4-2,367.7
2026-10-02 14:10:09,20261002,23,12,5-4-3,375.4
2026-10-02 14:10:09,20261002,23,12,5-4-6,258.4
2026-10-02 14:10:09,20261002,23,12,5-6-1,375.4
2026-10-02 14:10:09,20261002,23,12,5-6-2,469.3
2026-10-02 14:10:09,20261002,23,12,5-6-3,371.5
2026-10-02 14:10:09,20261002,23,12,5-6-4,502.3
2026-10-02 14:10:09,20261002,23,12,6-1-2,321.3
2026-10-02 14:10:09,20261002,23,12,6-1-3,333.3
2026-10-02 14:10:09,20261002,23,12,6-1-4,375.4
2026-10-02 14:10:09,20261002,23,12,6-1-5,540.4
2026-10-02 14:10:09,20261002,23,12,6-2-1,775.3
2026-10-02 14:10:09,20261002,23,12,6-2-3,685.9
2026-10-02 14:10:09,20261002,23,12,6-2-4,488.5
2026-10-02 14:10:09,20261002,23,12,6-2-5,495.3
2026-10-02 14:10:09,20261002,23,12,6-3-1,672.9
2026-10-02 14:10:09,20261002,23,12,6-3-2,914.5
2026-10-02 14:10:09,20261002,23,12,6-3-4,457.2
2026-10-02 14:10:09,20261002,23,12,6-3-5,451.4
2026-10-02 14:10:09,20261002,23,12,6-4-1,540.4
2026-10-02 14:10:09,20261002,23,12,6-4-2,891.6
2026-10-02 14:10:09,20261002,23,12,6-4-3,672.9
2026-10-02 14:10:09,20261002,23,12,6-4-5,727.8
2026-10-02 14:10:09,20261002,23,12,6-5-1,869.9
2026-10-02 14:10:09,20261002,23,12,6-5-2,1114.0
2026-10-02 14:10:09,20261002,23,12,6-5-3,660.5
2026-10-02 14:10:09,20261002,23,12,6-5-4,1049.0
2026-10-02 14:12:40,20261002,9,9,1-2-3,52.8
2026-10-02 14:12:40,20261002,9,9,1-2-4,52.3
2026-10-02 14:12:40,20261002,9,9,1-2-5,54.9
2026-10-02 14:12:40,20261002,9,9,1-2-6,52.8
2026-10-02 14:12:40,20261002,9,9,1-3-2,68.5
2026-10-02 14:12:40,20261002,9,9,1-3-4,45.4
2026-10-02 14:12:40,20261002,9,9,1-3-5,60.9
2026-10-02 14:12:40,20261002,9,9,1-3-6,99.1
2026-10-02 14:12:40,20261002,9,9,1-4-2,27.3
2026-10-02 14:12:40,20261002,9,9,1-4-3,36.5
2026-10-02 14:12:40,20261002,9,9,1-4-5,11.6
2026-10-02 14:12:40,20261002,9,9,1-4-6,16.7
2026-10-02 14:12:40,20261002,9,9,1-5-2,59.0
2026-10-02 14:12:40,20261002,9,9,1-5-3,94.0
2026-10-02 14:12:40,20261002,9,9,1-5-4,23.3
2026-10-02 14:12:40,20261002,9,9,1-5-6,37.0
2026-10-02 14:12:40,20261002,9,9,1-6-2,115.6
2026-10-02 14:12:40,20261002,9,9,1-6-3,168.2
2026-10-02 14:12:40,20261002,9,9,1-6-4,73.0
2026-10-02 14:12:40,20261002,9,9,1-6-5,108.8
2026-10-02 14:12:40,20261002,9,9,2-1-3,92.5
2026-10-02 14:12:40,20261002,9,9,2-1-4,104.7
2026-10-02 14:12:40,20261002,9,9,2-1-5,115.6
2026-10-02 14:12:40,20261002,9,9,2-1-6,100.9
2026-10-02 14:12:40,20261002,9,9,2-3-1,158.5
2026-10-02 14:12:40,20261002,9,9,2-3-4,252.3
2026-10-02 14:12:40,20261002,9,9,2-3-5,154.1
2026-10-02 14:12:40,20261002,9,9,2-3-6,426.9
2026-10-02 14:12:40,20261002,9,9,2-4-1,277.5
2026-10-02 14:12:40,20261002,9,9,2-4-3,179.0
2026-10-02 14:12:40,20261002,9,9,2-4-5,191.4
2026-10-02 14:12:40,20261002,9,9,2-4-6,205.5
2026-10-02 14:12:40,20261002,9,9,2-5-1,146.0
2026-10-02 14:12:40,20261002,9,9,2-5-3,264.3
2026-10-02 14:12:40,20261002,9,9,2-5-4,308.3
2026-10-02 14:12:40,20261002,9,9,2-5-6,426.9
2026-10-02 14:12:40,20261002,9,9,2-6-1,179.0
2026-10-02 14:12:40,20261002,9,9,2-6-3,308.3
2026-10-02 14:12:40,20261002,9,9,2-6-4,326.5
2026-10-02 14:12:40,20261002,9,9,2-6-5,308.3
2026-10-02 14:12:40,20261002,9,9,3-1-2,142.3
2026-10-02 14:12:40,20261002,9,9,3-1-4,79.2
2026-10-02 14:12:40,20261002,9,9,3-1-5,90.9
2026-10-02 14:12:40,20261002,9,9,3-1-6,231.2
2026-10-02 14:12:40,20261002,9,9,3-2-1,179.0
2026-10-02 14:12:40,20261002,9,9,3-2-4,173.4
2026-10-02 14:12:40,20261002,9,9,3-2-5,146.0
2026-10-02 14:12:40,20261002,9,9,3-2-6,277.5
2026-10-02 14:12:40,20261002,9,9,3-4-1,142.3
2026-10-02 14:12:40,20261002,9,9,3-4-2,222.0
2026-10-02 14:12:40,20261002,9,9,3-4-5,173.4
2026-10-02 14:12:40,20261002,9,9,3-4-6,252.3
2026-10-02 14:12:40,20261002,9,9,3-5-1,205.5
2026-10-02 14:12:40,20261002,9,9,3-5-2,138.7
2026-10-02 14:12:40,20261002,9,9,3-5-4,205.5
2026-10-02 14:12:40,20261002,9,9,3-5-6,326.5
2026-10-02 14:12:40,20261002,9,9,3-6-1,555.0
2026-10-02 14:12:40,20261002,9,9,3-6-2,426.9
2026-10-02 14:12:40,20261002,9,9,3-6-4,426.9
2026-10-02 14:12:40,20261002,9,9,3-6-5,396.4
2026-10-02 14:12:40,20261002,9,9,4-1-2,54.9
2026-10-02 14:12:40,20261002,9,9,4-1-3,53.8
2026-10-02 14:12:40,20261002,9,9,4-1-5,11.7
2026-10-02 14:12:40,20261002,9,9,4-1-6,21.8
2026-10-02 14:12:40,20261002,9,9,4-2-1,146.0
2026-10-02 14:12:40,20261002,9,9,4-2-3,198.2
2026-10-02 14:12:40,20261002,9,9,4-2-5,104.7
2026-10-02 14:12:40,20261002,9,9,4-2-6,118.1
2026-10-02 14:12:40,20261002,9,9,4-3-1,113.2
2026-10-02 14:12:40,20261002,9,9,4-3-2,222.0
2026-10-02 14:12:40,20261002,9,9,4-3-5,111.0
2026-10-02 14:12:40,20261002,9,9,4-3-6,179.0
2026-10-02 14:12:40,20261002,9,9,4-5-1,22.9
2026-10-02 14:12:40,20261002,9,9,4-5-2,94.0
2026-10-02 14:12:40,20261002,9,9,4-5-3,100.9
2026-10-02 14:12:40,20261002,9,9,4-5-6,22.9
2026-10-02 14:12:40,20261002,9,9,4-6-1,42.3
2026-10-02 14:12:40,20261002,9,9,4-6-2,95.7
2026-10-02 14:12:40,20261002,9,9,4-6-3,158.5
2026-10-02 14:12:40,20261002,9,9,4-6-5,31.1
2026-10-02 14:12:40,20261002,9,9,5-1-2,129.0
2026-10-02 14:12:40,20261002,9,9,5-1-3,111.0
2026-10-02 14:12:40,20261002,9,9,5-1-4,51.3
2026-10-02 14:12:40,20261002,9,9,5-1-6,108.8
2026-10-02 14:12:40,20261002,9,9,5-2-1,173.4
2026-10-02 14:12:40,20261002,9,9,5-2-3,277.5
2026-10-02 14:12:40,20261002,9,9,5-2-4,146.0
2026-10-02 14:12:40,20261002,9,9,5-2-6,264.3
2026-10-02 14:12:40,20261002,9,9,5-3-1,241.3
2026-10-02 14:12:40,20261002,9,9,5-3-2,277.5
2026-10-02 14:12:40,20261002,9,9,5-3-4,277.5
2026-10-02 14:12:40,20261002,9,9,5-3-6,326.5
2026-10-02 14:12:40,20261002,9,9,5-4-1,59.0
2026-10-02 14:12:40,20261002,9,9,5-4-2,173.4
2026-10-02 14:12:40,20261002,9,9,5-4-3,173.4
2026-10-02 14:12:40,20261002,9,9,5-4-6,54.4
2026-10-02 14:12:40,20261002,9,9,5-6-1,222.0
2026-10-02 14:12:40,20261002,9,9,5-6-2,277.5
2026-10-02 14:12:40,20261002,9,9,5-6-3,241.3
2026-10-02 14:12:40,20261002,9,9,5-6-4,97.3
2026-10-02 14:12:40,20261002,9,9,6-1-2,71.1
2026-10-02 14:12:40,20261002,9,9,6-1-3,292.1
2026-10-02 14:12:40,20261002,9,9,6-1-4,129.0
2026-10-02 14:12:40,20261002,9,9,6-1-5,264.3
2026-10-02 14:12:40,20261002,9,9,6-2-1,158.5
2026-10-02 14:12:40,20261002,9,9,6-2-3,396.4
2026-10-02 14:12:40,20261002,9,9,6-2-4,555.0
2026-10-02 14:12:40,20261002,9,9,6-2-5,792.9
2026-10-02 14:12:40,20261002,9,9,6-3-1,792.9
2026-10-02 14:12:40,20261002,9,9,6-3-2,370.0
2026-10-02 14:12:40,20261002,9,9,6-3-4,555.0
2026-10-02 14:12:40,20261002,9,9,6-3-5,616.7
2026-10-02 14:12:40,20261002,9,9,6-4-1,154.1
2026-10-02 14:12:40,20261002,9,9,6-4-2,426.9
2026-10-02 14:12:40,20261002,9,9,6-4-3,308.3
2026-10-02 14:12:40,20261002,9,9,6-4-5,154.1
2026-10-02 14:12:40,20261002,9,9,6-5-1,252.3
2026-10-02 14:12:40,20261002,9,9,6-5-2,555.0
2026-10-02 14:12:40,20261002,9,9,6-5-3,555.0
2026-10-02 14:12:40,20261002,9,9,6-5-4,173.4
2026-10-02 14:14:12,20261002,18,12,1-2-3,7.0
2026-10-02 14:14:12,20261002,18,12,1-2-4,10.6
2026-10-02 14:14:12,20261002,18,12,1-2-5,18.1
2026-10-02 14:14:12,20261002,18,12,1-2-6,20.6
2026-10-02 14:14:12,20261002,18,12,1-3-2,12.1
2026-10-02 14:14:12,20261002,18,12,1-3-4,10.9
2026-10-02 14:14:12,20261002,18,12,1-3-5,23.2
2026-10-02 14:14:12,20261002,18,12,1-3-6,28.5
2026-10-02 14:14:12,20261002,18,12,1-4-2,17.5
2026-10-02 14:14:12,20261002,18,12,1-4-3,22.0
2026-10-02 14:14:12,20261002,18,12,1-4-5,34.6
2026-10-02 14:14:12,20261002,18,12,1-4-6,31.4
2026-10-02 14:14:12,20261002,18,12,1-5-2,37.0
2026-10-02 14:14:12,20261002,18,12,1-5-3,43.6
2026-10-02 14:14:12,20261002,18,12,1-5-4,58.1
2026-10-02 14:14:12,20261002,18,12,1-5-6,56.3
2026-10-02 14:14:12,20261002,18,12,1-6-2,55.7
2026-10-02 14:14:12,20261002,18,12,1-6-3,64.4
2026-10-02 14:14:12,20261002,18,12,1-6-4,86.1
2026-10-02 14:14:12,20261002,18,12,1-6-5,100.6
2026-10-02 14:14:12,20261002,18,12,2-1-3,42.1
2026-10-02 14:14:12,20261002,18,12,2-1-4,52.5
2026-10-02 14:14:12,20261002,18,12,2-1-5,68.0
2026-10-02 14:14:12,20261002,18,12,2-1-6,69.4
2026-10-02 14:14:12,20261002,18,12,2-3-1,95.3
2026-10-02 14:14:12,20261002,18,12,2-3-4,245.8
2026-10-02 14:14:12,20261002,18,12,2-3-5,238.5
2026-10-02 14:14:12,20261002,18,12,2-3-6,217.1
2026-10-02 14:14:12,20261002,18,12,2-4-1,115.3
2026-10-02 14:14:12,20261002,18,12,2-4-3,225.2
2026-10-02 14:14:12,20261002,18,12,2-4-5,227.3
2026-10-02 14:14:12,20261002,18,12,2-4-6,225.2
2026-10-02 14:14:12,20261002,18,12,2-5-1,158.2
2026-10-02 14:14:12,20261002,18,12,2-5-3,387.4
2026-10-02 14:14:12,20261002,18,12,2-5-4,407.0
2026-10-02 14:14:12,20261002,18,12,2-5-6,343.5
2026-10-02 14:14:12,20261002,18,12,2-6-1,187.0
2026-10-02 14:14:12,20261002,18,12,2-6-3,436.3
2026-10-02 14:14:12,20261002,18,12,2-6-4,556.7
2026-10-02 14:14:12,20261002,18,12,2-6-5,465.7
2026-10-02 14:14:12,20261002,18,12,3-1-2,81.8
2026-10-02 14:14:12,20261002,18,12,3-1-4,76.1
2026-10-02 14:14:12,20261002,18,12,3-1-5,86.1
2026-10-02 14:14:12,20261002,18,12,3-1-6,108.3
2026-10-02 14:14:12,20261002,18,12,3-2-1,175.4
2026-10-02 14:14:12,20261002,18,12,3-2-4,224.2
2026-10-02 14:14:12,20261002,18,12,3-2-5,250.9
2026-10-02 14:14:12,20261002,18,12,3-2-6,242.1
2026-10-02 14:14:12,20261002,18,12,3-4-1,166.4
2026-10-02 14:14:12,20261002,18,12,3-4-2,286.5
2026-10-02 14:14:12,20261002,18,12,3-4-5,263.2
2026-10-02 14:14:12,20261002,18,12,3-4-6,263.2
2026-10-02 14:14:12,20261002,18,12,3-5-1,206.9
2026-10-02 14:14:12,20261002,18,12,3-5-2,329.4
2026-10-02 14:14:12,20261002,18,12,3-5-4,387.4
2026-10-02 14:14:12,20261002,18,12,3-5-6,456.9
2026-10-02 14:14:12,20261002,18,12,3-6-1,369.7
2026-10-02 14:14:12,20261002,18,12,3-6-2,509.8
2026-10-02 14:14:12,20261002,18,12,3-6-4,474.8
2026-10-02 14:14:12,20261002,18,12,3-6-5,563.1
2026-10-02 14:14:12,20261002,18,12,4-1-2,87.7
2026-10-02 14:14:12,20261002,18,12,4-1-3,103.2
2026-10-02 14:14:12,20261002,18,12,4-1-5,94.5
2026-10-02 14:14:12,20261002,18,12,4-1-6,97.2
2026-10-02 14:14:12,20261002,18,12,4-2-1,186.2
2026-10-02 14:14:12,20261002,18,12,4-2-3,291.7
2026-10-02 14:14:12,20261002,18,12,4-2-5,219.1
2026-10-02 14:14:12,20261002,18,12,4-2-6,209.6
2026-10-02 14:14:12,20261002,18,12,4-3-1,206.1
2026-10-02 14:14:12,20261002,18,12,4-3-2,393.7
2026-10-02 14:14:12,20261002,18,12,4-3-5,341.0
2026-10-02 14:14:12,20261002,18,12,4-3-6,278.3
2026-10-02 14:14:12,20261002,18,12,4-5-1,157.2
2026-10-02 14:14:12,20261002,18,12,4-5-2,242.1
2026-10-02 14:14:12,20261002,18,12,4-5-3,369.7
2026-10-02 14:14:12,20261002,18,12,4-5-6,182.7
2026-10-02 14:14:12,20261002,18,12,4-6-1,228.4
2026-10-02 14:14:12,20261002,18,12,4-6-2,338.7
2026-10-02 14:14:12,20261002,18,12,4-6-3,366.9
2026-10-02 14:14:12,20261002,18,12,4-6-5,310.4
2026-10-02 14:14:12,20261002,18,12,5-1-2,209.6
2026-10-02 14:14:12,20261002,18,12,5-1-3,213.3
2026-10-02 14:14:12,20261002,18,12,5-1-4,256.2
2026-10-02 14:14:12,20261002,18,12,5-1-6,227.3
2026-10-02 14:14:12,20261002,18,12,5-2-1,358.7
2026-10-02 14:14:12,20261002,18,12,5-2-3,428.6
2026-10-02 14:14:12,20261002,18,12,5-2-4,421.1
2026-10-02 14:14:12,20261002,18,12,5-2-6,387.4
2026-10-02 14:14:12,20261002,18,12,5-3-1,353.5
2026-10-02 14:14:12,20261002,18,12,5-3-2,509.8
2026-10-02 14:14:12,20261002,18,12,5-3-4,474.8
2026-10-02 14:14:12,20261002,18,12,5-3-6,637.2
2026-10-02 14:14:12,20261002,18,12,5-4-1,356.1
2026-10-02 14:14:12,20261002,18,12,5-4-2,494.2
2026-10-02 14:14:12,20261002,18,12,5-4-3,538.1
2026-10-02 14:14:12,20261002,18,12,5-4-6,393.7
2026-10-02 14:14:12,20261002,18,12,5-6-1,532.2
2026-10-02 14:14:12,20261002,18,12,5-6-2,645.7
2026-10-02 14:14:12,20261002,18,12,5-6-3,663.4
2026-10-02 14:14:12,20261002,18,12,5-6-4,620.9
2026-10-02 14:14:12,20261002,18,12,6-1-2,213.3
2026-10-02 14:14:12,20261002,18,12,6-1-3,231.7
2026-10-02 14:14:12,20261002,18,12,6-1-4,421.1
2026-10-02 14:14:12,20261002,18,12,6-1-5,583.5
2026-10-02 14:14:12,20261002,18,12,6-2-1,428.6
2026-10-02 14:14:12,20261002,18,12,6-2-3,499.3
2026-10-02 14:14:12,20261002,18,12,6-2-4,637.2
2026-10-02 14:14:12,20261002,18,12,6-2-5,701.9
2026-10-02 14:14:12,20261002,18,12,6-3-1,590.6
2026-10-02 14:14:12,20261002,18,12,6-3-2,645.7
2026-10-02 14:14:12,20261002,18,12,6-3-4,849.7
2026-10-02 14:14:12,20261002,18,12,6-3-5,745.1
2026-10-02 14:14:12,20261002,18,12,6-4-1,597.9
2026-10-02 14:14:12,20261002,18,12,6-4-2,654.5
2026-10-02 14:14:12,20261002,18,12,6-4-3,913.8
2026-10-02 14:14:12,20261002,18,12,6-4-5,849.7
2026-10-02 14:14:12,20261002,18,12,6-5-1,896.9
2026-10-02 14:14:12,20261002,18,12,6-5-2,949.6
2026-10-02 14:14:12,20261002,18,12,6-5-3,1030.0
2026-10-02 14:14:12,20261002,18,12,6-5-4,733.8
2026-10-02 14:20:53,20261002,16,8,1-2-3,7.0
2026-10-02 14:20:53,20261002,16,8,1-2-4,7.0
2026-10-02 14:20:53,20261002,16,8,1-2-5,18.3
2026-10-02 14:20:53,20261002,16,8,1-2-6,26.6
2026-10-02 14:20:53,20261002,16,8,1-3-2,9.9
2026-10-02 14:20:53,20261002,16,8,1-3-4,11.3
2026-10-02 14:20:53,20261002,16,8,1-3-5,23.6
2026-10-02 14:20:53,20261002,16,8,1-3-6,37.4
2026-10-02 14:20:53,20261002,16,8,1-4-2,10.2
2026-10-02 14:20:53,20261002,16,8,1-4-3,17.3
2026-10-02 14:20:53,20261002,16,8,1-4-5,31.4
2026-10-02 14:20:53,20261002,16,8,1-4-6,36.1
2026-10-02 14:20:53,20261002,16,8,1-5-2,55.7
2026-10-02 14:20:53,20261002,16,8,1-5-3,64.6
2026-10-02 14:20:53,20261002,16,8,1-5-4,87.0
2026-10-02 14:20:53,20261002,16,8,1-5-6,126.6
2026-10-02 14:20:53,20261002,16,8,1-6-2,109.2
2026-10-02 14:20:53,20261002,16,8,1-6-3,132.4
2026-10-02 14:20:53,20261002,16,8,1-6-4,147.1
2026-10-02 14:20:53,20261002,16,8,1-6-5,164.9
2026-10-02 14:20:53,20261002,16,8,2-1-3,31.9
2026-10-02 14:20:53,20261002,16,8,2-1-4,30.2
2026-10-02 14:20:53,20261002,16,8,2-1-5,54.1
2026-10-02 14:20:53,20261002,16,8,2-1-6,74.0
2026-10-02 14:20:53,20261002,16,8,2-3-1,94.4
2026-10-02 14:20:53,20261002,16,8,2-3-4,146.0
2026-10-02 14:20:53,20261002,16,8,2-3-5,153.5
2026-10-02 14:20:53,20261002,16,8,2-3-6,297.8
2026-10-02 14:20:53,20261002,16,8,2-4-1,87.0
2026-10-02 14:20:53,20261002,16,8,2-4-3,186.1
2026-10-02 14:20:53,20261002,16,8,2-4-5,202.1
2026-10-02 14:20:53,20261002,16,8,2-4-6,189.2
2026-10-02 14:20:53,20261002,16,8,2-5-1,215.6
2026-10-02 14:20:53,20261002,16,8,2-5-3,317.5
2026-10-02 14:20:53,20261002,16,8,2-5-4,415.1
2026-10-02 14:20:53,20261002,16,8,2-5-6,450.1
2026-10-02 14:20:53,20261002,16,8,2-6-1,391.7
2026-10-02 14:20:53,20261002,16,8,2-6-3,728.1
2026-10-02 14:20:53,20261002,16,8,2-6-4,502.1
2026-10-02 14:20:53,20261002,16,8,2-6-5,656.0
2026-10-02 14:20:53,20261002,16,8,3-1-2,68.7
2026-10-02 14:20:53,20261002,16,8,3-1-4,67.5
2026-10-02 14:20:53,20261002,16,8,3-1-5,86.4
2026-10-02 14:20:53,20261002,16,8,3-1-6,139.3
2026-10-02 14:20:53,20261002,16,8,3-2-1,138.2
2026-10-02 14:20:53,20261002,16,8,3-2-4,208.2
2026-10-02 14:20:53,20261002,16,8,3-2-5,255.6
2026-10-02 14:20:53,20261002,16,8,3-2-6,280.4
2026-10-02 14:20:53,20261002,16,8,3-4-1,185.9
2026-10-02 14:20:53,20261002,16,8,3-4-2,244.0
2026-10-02 14:20:53,20261002,16,8,3-4-5,344.2
2026-10-02 14:20:53,20261002,16,8,3-4-6,311.8
2026-10-02 14:20:53,20261002,16,8,3-5-1,242.3
2026-10-02 14:20:53,20261002,16,8,3-5-2,309.7
2026-10-02 14:20:53,20261002,16,8,3-5-4,539.0
2026-10-02 14:20:53,20261002,16,8,3-5-6,547.5
2026-10-02 14:20:53,20261002,16,8,3-6-1,596.9
2026-10-02 14:20:53,20261002,16,8,3-6-2,777.0
2026-10-02 14:20:53,20261002,16,8,3-6-4,909.0
2026-10-02 14:20:53,20261002,16,8,3-6-5,751.8
2026-10-02 14:20:53,20261002,16,8,4-1-2,68.8
2026-10-02 14:20:53,20261002,16,8,4-1-3,120.7
2026-10-02 14:20:53,20261002,16,8,4-1-5,137.1
2026-10-02 14:20:53,20261002,16,8,4-1-6,142.0
2026-10-02 14:20:53,20261002,16,8,4-2-1,150.3
2026-10-02 14:20:53,20261002,16,8,4-2-3,327.2
2026-10-02 14:20:53,20261002,16,8,4-2-5,351.2
2026-10-02 14:20:53,20261002,16,8,4-2-6,313.2
2026-10-02 14:20:53,20261002,16,8,4-3-1,272.1
2026-10-02 14:20:53,20261002,16,8,4-3-2,400.8
2026-10-02 14:20:53,20261002,16,8,4-3-5,570.0
2026-10-02 14:20:53,20261002,16,8,4-3-6,468.2
2026-10-02 14:20:53,20261002,16,8,4-5-1,327.2
2026-10-02 14:20:53,20261002,16,8,4-5-2,457.5
2026-10-02 14:20:53,20261002,16,8,4-5-3,659.1
2026-10-02 14:20:53,20261002,16,8,4-5-6,551.9
2026-10-02 14:20:53,20261002,16,8,4-6-1,447.2
2026-10-02 14:20:53,20261002,16,8,4-6-2,522.8
2026-10-02 14:20:53,20261002,16,8,4-6-3,880.2
2026-10-02 14:20:53,20261002,16,8,4-6-5,818.1
2026-10-02 14:20:53,20261002,16,8,5-1-2,269.5
2026-10-02 14:20:53,20261002,16,8,5-1-3,293.4
2026-10-02 14:20:53,20261002,16,8,5-1-4,396.2
2026-10-02 14:20:53,20261002,16,8,5-1-6,418.9
2026-10-02 14:20:53,20261002,16,8,5-2-1,489.7
2026-10-02 14:20:53,20261002,16,8,5-2-3,541.1
2026-10-02 14:20:53,20261002,16,8,5-2-4,685.1
2026-10-02 14:20:53,20261002,16,8,5-2-6,477.9
2026-10-02 14:20:53,20261002,16,8,5-3-1,416.4
2026-10-02 14:20:53,20261002,16,8,5-3-2,620.9
2026-10-02 14:20:53,20261002,16,8,5-3-4,927.2
2026-10-02 14:20:53,20261002,16,8,5-3-6,952.6
2026-10-02 14:20:53,20261002,16,8,5-4-1,574.7
2026-10-02 14:20:53,20261002,16,8,5-4-2,837.8
2026-10-02 14:20:53,20261002,16,8,5-4-3,1377.0
2026-10-02 14:20:53,20261002,16,8,5-4-6,794.7
2026-10-02 14:20:53,20261002,16,8,5-6-1,858.5
2026-10-02 14:20:53,20261002,16,8,5-6-2,1275.0
2026-10-02 14:20:53,20261002,16,8,5-6-3,652.9
2026-10-02 14:20:53,20261002,16,8,5-6-4,1419.0
2026-10-02 14:20:53,20261002,16,8,6-1-2,409.0
2026-10-02 14:20:53,20261002,16,8,6-1-3,685.1
2026-10-02 14:20:53,20261002,16,8,6-1-4,635.0
2026-10-02 14:20:53,20261002,16,8,6-1-5,921.0
2026-10-02 14:20:53,20261002,16,8,6-2-1,602.0
2026-10-02 14:20:53,20261002,16,8,6-2-3,1121.0
2026-10-02 14:20:53,20261002,16,8,6-2-4,979.4
2026-10-02 14:20:53,20261002,16,8,6-2-5,1253.0
2026-10-02 14:20:53,20261002,16,8,6-3-1,1209.0
2026-10-02 14:20:53,20261002,16,8,6-3-2,1495.0
2026-10-02 14:20:53,20261002,16,8,6-3-4,1617.0
2026-10-02 14:20:53,20261002,16,8,6-3-5,1433.0
2026-10-02 14:20:53,20261002,16,8,6-4-1,760.0
2026-10-02 14:20:53,20261002,16,8,6-4-2,972.6
2026-10-02 14:20:53,20261002,16,8,6-4-3,2173.0
2026-10-02 14:20:53,20261002,16,8,6-4-5,1598.0
2026-10-02 14:20:53,20261002,16,8,6-5-1,1350.0
2026-10-02 14:20:53,20261002,16,8,6-5-2,1675.0
2026-10-02 14:20:53,20261002,16,8,6-5-3,1675.0
2026-10-02 14:20:53,20261002,16,8,6-5-4,1377.0
2026-10-02 14:27:23,20261002,4,8,1-2-3,24.0
2026-10-02 14:27:23,20261002,4,8,1-2-4,22.9
2026-10-02 14:27:23,20261002,4,8,1-2-5,58.8
2026-10-02 14:27:23,20261002,4,8,1-2-6,38.2
2026-10-02 14:27:23,20261002,4,8,1-3-2,15.5
2026-10-02 14:27:23,20261002,4,8,1-3-4,10.4
2026-10-02 14:27:23,20261002,4,8,1-3-5,35.0
2026-10-02 14:27:23,20261002,4,8,1-3-6,22.6
2026-10-02 14:27:23,20261002,4,8,1-4-2,20.3
2026-10-02 14:27:23,20261002,4,8,1-4-3,11.4
2026-10-02 14:27:23,20261002,4,8,1-4-5,37.5
2026-10-02 14:27:23,20261002,4,8,1-4-6,14.3
2026-10-02 14:27:23,20261002,4,8,1-5-2,90.4
2026-10-02 14:27:23,20261002,4,8,1-5-3,91.4
2026-10-02 14:27:23,20261002,4,8,1-5-4,94.9
2026-10-02 14:27:23,20261002,4,8,1-5-6,84.0
2026-10-02 14:27:23,20261002,4,8,1-6-2,54.7
2026-10-02 14:27:23,20261002,4,8,1-6-3,43.7
2026-10-02 14:27:23,20261002,4,8,1-6-4,40.4
2026-10-02 14:27:23,20261002,4,8,1-6-5,87.0
2026-10-02 14:27:23,20261002,4,8,2-1-3,110.3
2026-10-02 14:27:23,20261002,4,8,2-1-4,114.5
2026-10-02 14:27:23,20261002,4,8,2-1-5,201.0
2026-10-02 14:27:23,20261002,4,8,2-1-6,152.5
2026-10-02 14:27:23,20261002,4,8,2-3-1,232.0
2026-10-02 14:27:23,20261002,4,8,2-3-4,145.1
2026-10-02 14:27:23,20261002,4,8,2-3-5,288.8
2026-10-02 14:27:23,20261002,4,8,2-3-6,285.7
2026-10-02 14:27:23,20261002,4,8,2-4-1,159.6
2026-10-02 14:27:23,20261002,4,8,2-4-3,170.7
2026-10-02 14:27:23,20261002,4,8,2-4-5,319.3
2026-10-02 14:27:23,20261002,4,8,2-4-6,242.3
2026-10-02 14:27:23,20261002,4,8,2-5-1,357.2
2026-10-02 14:27:23,20261002,4,8,2-5-3,366.8
2026-10-02 14:27:23,20261002,4,8,2-5-4,512.2
2026-10-02 14:27:23,20261002,4,8,2-5-6,430.9
2026-10-02 14:27:23,20261002,4,8,2-6-1,295.0
2026-10-02 14:27:23,20261002,4,8,2-6-3,577.6
2026-10-02 14:27:23,20261002,4,8,2-6-4,417.6
2026-10-02 14:27:23,20261002,4,8,2-6-5,512.2
2026-10-02 14:27:23,20261002,4,8,3-1-2,34.4
2026-10-02 14:27:23,20261002,4,8,3-1-4,35.9
2026-10-02 14:27:23,20261002,4,8,3-1-5,85.6
2026-10-02 14:27:23,20261002,4,8,3-1-6,37.0
2026-10-02 14:27:23,20261002,4,8,3-2-1,55.6
2026-10-02 14:27:23,20261002,4,8,3-2-4,46.2
2026-10-02 14:27:23,20261002,4,8,3-2-5,149.1
2026-10-02 14:27:23,20261002,4,8,3-2-6,147.5
2026-10-02 14:27:23,20261002,4,8,3-4-1,58.6
2026-10-02 14:27:23,20261002,4,8,3-4-2,92.9
2026-10-02 14:27:23,20261002,4,8,3-4-5,156.9
2026-10-02 14:27:23,20261002,4,8,3-4-6,113.5
2026-10-02 14:27:23,20261002,4,8,3-5-1,171.8
2026-10-02 14:27:23,20261002,4,8,3-5-2,134.3
2026-10-02 14:27:23,20261002,4,8,3-5-4,213.7
2026-10-02 14:27:23,20261002,4,8,3-5-6,298.3
2026-10-02 14:27:23,20261002,4,8,3-6-1,179.7
2026-10-02 14:27:23,20261002,4,8,3-6-2,268.7
2026-10-02 14:27:23,20261002,4,8,3-6-4,249.0
2026-10-02 14:27:23,20261002,4,8,3-6-5,361.9
2026-10-02 14:27:23,20261002,4,8,4-1-2,53.2
2026-10-02 14:27:23,20261002,4,8,4-1-3,41.0
2026-10-02 14:27:23,20261002,4,8,4-1-5,77.3
2026-10-02 14:27:23,20261002,4,8,4-1-6,48.6
2026-10-02 14:27:23,20261002,4,8,4-2-1,124.5
2026-10-02 14:27:23,20261002,4,8,4-2-3,157.8
2026-10-02 14:27:23,20261002,4,8,4-2-5,253.7
2026-10-02 14:27:23,20261002,4,8,4-2-6,126.2
2026-10-02 14:27:23,20261002,4,8,4-3-1,62.5
2026-10-02 14:27:23,20261002,4,8,4-3-2,116.0
2026-10-02 14:27:23,20261002,4,8,4-3-5,184.6
2026-10-02 14:27:23,20261002,4,8,4-3-6,131.1
2026-10-02 14:27:23,20261002,4,8,4-5-1,126.2
2026-10-02 14:27:23,20261002,4,8,4-5-2,178.6
2026-10-02 14:27:23,20261002,4,8,4-5-3,240.2
2026-10-02 14:27:23,20261002,4,8,4-5-6,145.9
2026-10-02 14:27:23,20261002,4,8,4-6-1,89.5
2026-10-02 14:27:23,20261002,4,8,4-6-2,159.6
2026-10-02 14:27:23,20261002,4,8,4-6-3,218.9
2026-10-02 14:27:23,20261002,4,8,4-6-5,185.9
2026-10-02 14:27:23,20261002,4,8,5-1-2,298.3
2026-10-02 14:27:23,20261002,4,8,5-1-3,256.1
2026-10-02 14:27:23,20261002,4,8,5-1-4,193.9
2026-10-02 14:27:23,20261002,4,8,5-1-6,291.9
2026-10-02 14:27:23,20261002,4,8,5-2-1,366.8
2026-10-02 14:27:23,20261002,4,8,5-2-3,565.5
2026-10-02 14:27:23,20261002,4,8,5-2-4,323.1
2026-10-02 14:27:23,20261002,4,8,5-2-6,240.2
2026-10-02 14:27:23,20261002,4,8,5-3-1,343.6
2026-10-02 14:27:23,20261002,4,8,5-3-2,430.9
2026-10-02 14:27:23,20261002,4,8,5-3-4,452.4
2026-10-02 14:27:23,20261002,4,8,5-3-6,590.1
2026-10-02 14:27:23,20261002,4,8,5-4-1,251.3
2026-10-02 14:27:23,20261002,4,8,5-4-2,393.4
2026-10-02 14:27:23,20261002,4,8,5-4-3,387.8
2026-10-02 14:27:23,20261002,4,8,5-4-6,305.0
2026-10-02 14:27:23,20261002,4,8,5-6-1,590.1
2026-10-02 14:27:23,20261002,4,8,5-6-2,714.4
2026-10-02 14:27:23,20261002,4,8,5-6-3,452.4
2026-10-02 14:27:23,20261002,4,8,5-6-4,542.9
2026-10-02 14:27:23,20261002,4,8,6-1-2,187.2
2026-10-02 14:27:23,20261002,4,8,6-1-3,228.1
2026-10-02 14:27:23,20261002,4,8,6-1-4,172.9
2026-10-02 14:27:23,20261002,4,8,6-1-5,430.9
2026-10-02 14:27:23,20261002,4,8,6-2-1,387.8
2026-10-02 14:27:23,20261002,4,8,6-2-3,382.3
2026-10-02 14:27:23,20261002,4,8,6-2-4,646.3
2026-10-02 14:27:23,20261002,4,8,6-2-5,565.5
2026-10-02 14:27:23,20261002,4,8,6-3-1,312.0
2026-10-02 14:27:23,20261002,4,8,6-3-2,460.1
2026-10-02 14:27:23,20261002,4,8,6-3-4,371.8
2026-10-02 14:27:23,20261002,4,8,6-3-5,554.0
2026-10-02 14:27:23,20261002,4,8,6-4-1,240.2
2026-10-02 14:27:23,20261002,4,8,6-4-2,532.3
2026-10-02 14:27:23,20261002,4,8,6-4-3,424.1
2026-10-02 14:27:23,20261002,4,8,6-4-5,603.2
2026-10-02 14:27:23,20261002,4,8,6-5-1,502.7
2026-10-02 14:27:23,20261002,4,8,6-5-2,430.9
2026-10-02 14:27:23,20261002,4,8,6-5-3,631.3
2026-10-02 14:27:23,20261002,4,8,6-5-4,522.0
2026-10-02 14:27:33,20261002,13,9,1-2-3,23.8
2026-10-02 14:27:33,20261002,13,9,1-2-4,68.2
2026-10-02 14:27:33,20261002,13,9,1-2-5,43.0
2026-10-02 14:27:33,20261002,13,9,1-2-6,31.6
2026-10-02 14:27:33,20261002,13,9,1-3-2,16.7
2026-10-02 14:27:33,20261002,13,9,1-3-4,17.0
2026-10-02 14:27:33,20261002,13,9,1-3-5,11.3
2026-10-02 14:27:33,20261002,13,9,1-3-6,4.7
2026-10-02 14:27:33,20261002,13,9,1-4-2,80.9
2026-10-02 14:27:33,20261002,13,9,1-4-3,38.8
2026-10-02 14:27:33,20261002,13,9,1-4-5,68.9
2026-10-02 14:27:33,20261002,13,9,1-4-6,36.8
2026-10-02 14:27:33,20261002,13,9,1-5-2,43.1
2026-10-02 14:27:33,20261002,13,9,1-5-3,23.2
2026-10-02 14:27:33,20261002,13,9,1-5-4,72.8
2026-10-02 14:27:33,20261002,13,9,1-5-6,14.7
2026-10-02 14:27:33,20261002,13,9,1-6-2,27.7
2026-10-02 14:27:33,20261002,13,9,1-6-3,9.3
2026-10-02 14:27:33,20261002,13,9,1-6-4,30.3
2026-10-02 14:27:33,20261002,13,9,1-6-5,12.0
2026-10-02 14:27:33,20261002,13,9,2-1-3,195.8
2026-10-02 14:27:33,20261002,13,9,2-1-4,315.9
2026-10-02 14:27:33,20261002,13,9,2-1-5,275.8
2026-10-02 14:27:33,20261002,13,9,2-1-6,275.8
2026-10-02 14:27:33,20261002,13,9,2-3-1,376.6
2026-10-02 14:27:33,20261002,13,9,2-3-4,816.0
2026-10-02 14:27:33,20261002,13,9,2-3-5,612.0
2026-10-02 14:27:33,20261002,13,9,2-3-6,753.3
2026-10-02 14:27:33,20261002,13,9,2-4-1,816.0
2026-10-02 14:27:33,20261002,13,9,2-4-3,1088.0
2026-10-02 14:27:33,20261002,13,9,2-4-5,890.2
2026-10-02 14:27:33,20261002,13,9,2-4-6,1152.0
2026-10-02 14:27:33,20261002,13,9,2-5-1,408.0
2026-10-02 14:27:33,20261002,13,9,2-5-3,699.5
2026-10-02 14:27:33,20261002,13,9,2-5-4,1305.0
2026-10-02 14:27:33,20261002,13,9,2-5-6,699.5
2026-10-02 14:27:33,20261002,13,9,2-6-1,631.8
2026-10-02 14:27:33,20261002,13,9,2-6-3,652.8
2026-10-02 14:27:33,20261002,13,9,2-6-4,593.5
2026-10-02 14:27:33,20261002,13,9,2-6-5,576.0
2026-10-02 14:27:33,20261002,13,9,3-1-2,164.5
2026-10-02 14:27:33,20261002,13,9,3-1-4,74.7
2026-10-02 14:27:33,20261002,13,9,3-1-5,62.9
2026-10-02 14:27:33,20261002,13,9,3-1-6,43.1
2026-10-02 14:27:33,20261002,13,9,3-2-1,356.1
2026-10-02 14:27:33,20261002,13,9,3-2-4,502.2
2026-10-02 14:27:33,20261002,13,9,3-2-5,455.4
2026-10-02 14:27:33,20261002,13,9,3-2-6,399.7
2026-10-02 14:27:33,20261002,13,9,3-4-1,227.7
2026-10-02 14:27:33,20261002,13,9,3-4-2,502.2
2026-10-02 14:27:33,20261002,13,9,3-4-5,559.6
2026-10-02 14:27:33,20261002,13,9,3-4-6,384.0
2026-10-02 14:27:33,20261002,13,9,3-5-1,235.9
2026-10-02 14:27:33,20261002,13,9,3-5-2,362.7
2026-10-02 14:27:33,20261002,13,9,3-5-4,502.2
2026-10-02 14:27:33,20261002,13,9,3-5-6,349.7
2026-10-02 14:27:33,20261002,13,9,3-6-1,113.2
2026-10-02 14:27:33,20261002,13,9,3-6-2,576.0
2026-10-02 14:27:33,20261002,13,9,3-6-4,576.0
2026-10-02 14:27:33,20261002,13,9,3-6-5,435.2
2026-10-02 14:27:33,20261002,13,9,4-1-2,296.7
2026-10-02 14:27:33,20261002,13,9,4-1-3,199.8
2026-10-02 14:27:33,20261002,13,9,4-1-5,337.6
2026-10-02 14:27:33,20261002,13,9,4-1-6,225.1
2026-10-02 14:27:33,20261002,13,9,4-2-1,612.0
2026-10-02 14:27:33,20261002,13,9,4-2-3,1088.0
2026-10-02 14:27:33,20261002,13,9,4-2-5,1030.0
2026-10-02 14:27:33,20261002,13,9,4-2-6,783.4
2026-10-02 14:27:33,20261002,13,9,4-3-1,301.3
2026-10-02 14:27:33,20261002,13,9,4-3-2,1152.0
2026-10-02 14:27:33,20261002,13,9,4-3-5,699.5
2026-10-02 14:27:33,20261002,13,9,4-3-6,559.6
2026-10-02 14:27:33,20261002,13,9,4-5-1,399.7
2026-10-02 14:27:33,20261002,13,9,4-5-2,675.3
2026-10-02 14:27:33,20261002,13,9,4-5-3,631.8
2026-10-02 14:27:33,20261002,13,9,4-5-6,783.4
2026-10-02 14:27:33,20261002,13,9,4-6-1,349.7
2026-10-02 14:27:33,20261002,13,9,4-6-2,851.5
2026-10-02 14:27:33,20261002,13,9,4-6-3,851.5
2026-10-02 14:27:33,20261002,13,9,4-6-5,816.0
2026-10-02 14:27:33,20261002,13,9,5-1-2,193.9
2026-10-02 14:27:33,20261002,13,9,5-1-3,133.2
2026-10-02 14:27:33,20261002,13,9,5-1-4,288.0
2026-10-02 14:27:33,20261002,13,9,5-1-6,100.4
2026-10-02 14:27:33,20261002,13,9,5-2-1,369.5
2026-10-02 14:27:33,20261002,13,9,5-2-3,612.0
2026-10-02 14:27:33,20261002,13,9,5-2-4,489.6
2026-10-02 14:27:33,20261002,13,9,5-2-6,529.3
2026-10-02 14:27:33,20261002,13,9,5-3-1,331.9
2026-10-02 14:27:33,20261002,13,9,5-3-2,559.6
2026-10-02 14:27:33,20261002,13,9,5-3-4,1305.0
2026-10-02 14:27:33,20261002,13,9,5-3-6,783.4
2026-10-02 14:27:33,20261002,13,9,5-4-1,559.6
2026-10-02 14:27:33,20261002,13,9,5-4-2,890.2
2026-10-02 14:27:33,20261002,13,9,5-4-3,1399.0
2026-10-02 14:27:33,20261002,13,9,5-4-6,753.3
2026-10-02 14:27:33,20261002,13,9,5-6-1,170.3
2026-10-02 14:27:33,20261002,13,9,5-6-2,593.5
2026-10-02 14:27:33,20261002,13,9,5-6-3,416.7
2026-10-02 14:27:33,20261002,13,9,5-6-4,932.6
2026-10-02 14:27:33,20261002,13,9,6-1-2,122.4
2026-10-02 14:27:33,20261002,13,9,6-1-3,78.6
2026-10-02 14:27:33,20261002,13,9,6-1-4,179.6
2026-10-02 14:27:33,20261002,13,9,6-1-5,91.0
2026-10-02 14:27:33,20261002,13,9,6-2-1,343.6
2026-10-02 14:27:33,20261002,13,9,6-2-3,466.3
2026-10-02 14:27:33,20261002,13,9,6-2-4,612.0
2026-10-02 14:27:33,20261002,13,9,6-2-5,544.0
2026-10-02 14:27:33,20261002,13,9,6-3-1,146.1
2026-10-02 14:27:33,20261002,13,9,6-3-2,489.6
2026-10-02 14:27:33,20261002,13,9,6-3-4,477.7
2026-10-02 14:27:33,20261002,13,9,6-3-5,343.6
2026-10-02 14:27:33,20261002,13,9,6-4-1,343.6
2026-10-02 14:27:33,20261002,13,9,6-4-2,1088.0
2026-10-02 14:27:33,20261002,13,9,6-4-3,1088.0
2026-10-02 14:27:33,20261002,13,9,6-4-5,932.6
2026-10-02 14:27:33,20261002,13,9,6-5-1,153.0
2026-10-02 14:27:33,20261002,13,9,6-5-2,477.7
2026-10-02 14:27:33,20261002,13,9,6-5-3,559.6
2026-10-02 14:27:33,20261002,13,9,6-5-4,631.8
2026-10-02 14:33:59,20261002,22,8,1-2-3,16.0
2026-10-02 14:33:59,20261002,22,8,1-2-4,16.5
2026-10-02 14:33:59,20261002,22,8,1-2-5,100.3
2026-10-02 14:33:59,20261002,22,8,1-2-6,7.4
2026-10-02 14:33:59,20261002,22,8,1-3-2,28.2
2026-10-02 14:33:59,20261002,22,8,1-3-4,40.6
2026-10-02 14:33:59,20261002,22,8,1-3-5,88.8
2026-10-02 14:33:59,20261002,22,8,1-3-6,39.1
2026-10-02 14:33:59,20261002,22,8,1-4-2,24.8
2026-10-02 14:33:59,20261002,22,8,1-4-3,47.8
2026-10-02 14:33:59,20261002,22,8,1-4-5,159.4
2026-10-02 14:33:59,20261002,22,8,1-4-6,23.2
2026-10-02 14:33:59,20261002,22,8,1-5-2,136.6
2026-10-02 14:33:59,20261002,22,8,1-5-3,327.3
2026-10-02 14:33:59,20261002,22,8,1-5-4,310.9
2026-10-02 14:33:59,20261002,22,8,1-5-6,289.2
2026-10-02 14:33:59,20261002,22,8,1-6-2,8.5
2026-10-02 14:33:59,20261002,22,8,1-6-3,23.9
2026-10-02 14:33:59,20261002,22,8,1-6-4,14.3
2026-10-02 14:33:59,20261002,22,8,1-6-5,132.3
2026-10-02 14:33:59,20261002,22,8,2-1-3,39.2
2026-10-02 14:33:59,20261002,22,8,2-1-4,36.3
2026-10-02 14:33:59,20261002,22,8,2-1-5,168.1
2026-10-02 14:33:59,20261002,22,8,2-1-6,19.1
2026-10-02 14:33:59,20261002,22,8,2-3-1,128.2
2026-10-02 14:33:59,20261002,22,8,2-3-4,303.4
2026-10-02 14:33:59,20261002,22,8,2-3-5,327.3
2026-10-02 14:33:59,20261002,22,8,2-3-6,270.4
2026-10-02 14:33:59,20261002,22,8,2-4-1,83.4
2026-10-02 14:33:59,20261002,22,8,2-4-3,414.6
2026-10-02 14:33:59,20261002,22,8,2-4-5,444.2
2026-10-02 14:33:59,20261002,22,8,2-4-6,117.3
2026-10-02 14:33:59,20261002,22,8,2-5-1,401.2
2026-10-02 14:33:59,20261002,22,8,2-5-3,691.0
2026-10-02 14:33:59,20261002,22,8,2-5-4,691.0
2026-10-02 14:33:59,20261002,22,8,2-5-6,888.5
2026-10-02 14:33:59,20261002,22,8,2-6-1,27.5
2026-10-02 14:33:59,20261002,22,8,2-6-3,218.2
2026-10-02 14:33:59,20261002,22,8,2-6-4,125.6
2026-10-02 14:33:59,20261002,22,8,2-6-5,327.3
2026-10-02 14:33:59,20261002,22,8,3-1-2,89.4
2026-10-02 14:33:59,20261002,22,8,3-1-4,142.9
2026-10-02 14:33:59,20261002,22,8,3-1-5,120.7
2026-10-02 14:33:59,20261002,22,8,3-1-6,214.4
2026-10-02 14:33:59,20261002,22,8,3-2-1,138.2
2026-10-02 14:33:59,20261002,22,8,3-2-4,296.1
2026-10-02 14:33:59,20261002,22,8,3-2-5,182.9
2026-10-02 14:33:59,20261002,22,8,3-2-6,230.3
2026-10-02 14:33:59,20261002,22,8,3-4-1,234.7
2026-10-02 14:33:59,20261002,22,8,3-4-2,276.4
2026-10-02 14:33:59,20261002,22,8,3-4-5,540.8
2026-10-02 14:33:59,20261002,22,8,3-4-6,345.5
2026-10-02 14:33:59,20261002,22,8,3-5-1,654.7
2026-10-02 14:33:59,20261002,22,8,3-5-2,259.1
2026-10-02 14:33:59,20261002,22,8,3-5-4,310.9
2026-10-02 14:33:59,20261002,22,8,3-5-6,1036.0
2026-10-02 14:33:59,20261002,22,8,3-6-1,355.4
2026-10-02 14:33:59,20261002,22,8,3-6-2,444.2
2026-10-02 14:33:59,20261002,22,8,3-6-4,731.7
2026-10-02 14:33:59,20261002,22,8,3-6-5,888.5
2026-10-02 14:33:59,20261002,22,8,4-1-2,76.7
2026-10-02 14:33:59,20261002,22,8,4-1-3,234.7
2026-10-02 14:33:59,20261002,22,8,4-1-5,234.7
2026-10-02 14:33:59,20261002,22,8,4-1-6,79.2
2026-10-02 14:33:59,20261002,22,8,4-2-1,125.6
2026-10-02 14:33:59,20261002,22,8,4-2-3,518.3
2026-10-02 14:33:59,20261002,22,8,4-2-5,428.9
2026-10-02 14:33:59,20261002,22,8,4-2-6,214.4
2026-10-02 14:33:59,20261002,22,8,4-3-1,296.1
2026-10-02 14:33:59,20261002,22,8,4-3-2,691.0
2026-10-02 14:33:59,20261002,22,8,4-3-5,478.4
2026-10-02 14:33:59,20261002,22,8,4-3-6,691.0
2026-10-02 14:33:59,20261002,22,8,4-5-1,336.2
2026-10-02 14:33:59,20261002,22,8,4-5-2,289.2
2026-10-02 14:33:59,20261002,22,8,4-5-3,565.4
2026-10-02 14:33:59,20261002,22,8,4-5-6,777.4
2026-10-02 14:33:59,20261002,22,8,4-6-1,108.1
2026-10-02 14:33:59,20261002,22,8,4-6-2,194.3
2026-10-02 14:33:59,20261002,22,8,4-6-3,428.9
2026-10-02 14:33:59,20261002,22,8,4-6-5,829.3
2026-10-02 14:33:59,20261002,22,8,5-1-2,540.8
2026-10-02 14:33:59,20261002,22,8,5-1-3,401.2
2026-10-02 14:33:59,20261002,22,8,5-1-4,310.9
2026-10-02 14:33:59,20261002,22,8,5-1-6,731.7
2026-10-02 14:33:59,20261002,22,8,5-2-1,592.3
2026-10-02 14:33:59,20261002,22,8,5-2-3,654.7
2026-10-02 14:33:59,20261002,22,8,5-2-4,444.2
2026-10-02 14:33:59,20261002,22,8,5-2-6,731.7
2026-10-02 14:33:59,20261002,22,8,5-3-1,376.9
2026-10-02 14:33:59,20261002,22,8,5-3-2,518.3
2026-10-02 14:33:59,20261002,22,8,5-3-4,621.9
2026-10-02 14:33:59,20261002,22,8,5-3-6,1243.0
2026-10-02 14:33:59,20261002,22,8,5-4-1,345.5
2026-10-02 14:33:59,20261002,22,8,5-4-2,829.3
2026-10-02 14:33:59,20261002,22,8,5-4-3,691.0
2026-10-02 14:33:59,20261002,22,8,5-4-6,654.7
2026-10-02 14:33:59,20261002,22,8,5-6-1,1130.0
2026-10-02 14:33:59,20261002,22,8,5-6-2,777.4
2026-10-02 14:33:59,20261002,22,8,5-6-3,621.9
2026-10-02 14:33:59,20261002,22,8,5-6-4,1382.0
2026-10-02 14:33:59,20261002,22,8,6-1-2,17.9
2026-10-02 14:33:59,20261002,22,8,6-1-3,68.7
2026-10-02 14:33:59,20261002,22,8,6-1-4,53.3
2026-10-02 14:33:59,20261002,22,8,6-1-5,120.7
2026-10-02 14:33:59,20261002,22,8,6-2-1,24.6
2026-10-02 14:33:59,20261002,22,8,6-2-3,153.5
2026-10-02 14:33:59,20261002,22,8,6-2-4,142.9
2026-10-02 14:33:59,20261002,22,8,6-2-5,234.7
2026-10-02 14:33:59,20261002,22,8,6-3-1,243.9
2026-10-02 14:33:59,20261002,22,8,6-3-2,230.3
2026-10-02 14:33:59,20261002,22,8,6-3-4,654.7
2026-10-02 14:33:59,20261002,22,8,6-3-5,829.3
2026-10-02 14:33:59,20261002,22,8,6-4-1,113.0
2026-10-02 14:33:59,20261002,22,8,6-4-2,207.3
2026-10-02 14:33:59,20261002,22,8,6-4-3,460.7
2026-10-02 14:33:59,20261002,22,8,6-4-5,654.7
2026-10-02 14:33:59,20261002,22,8,6-5-1,345.5
2026-10-02 14:33:59,20261002,22,8,6-5-2,592.3
2026-10-02 14:33:59,20261002,22,8,6-5-3,1036.0
2026-10-02 14:33:59,20261002,22,8,6-5-4,888.5
2026-10-02 14:43:50,20261002,6,8,1-2-3,67.0
2026-10-02 14:43:50,20261002,6,8,1-2-4,43.5
2026-10-02 14:43:50,20261002,6,8,1-2-5,82.3
2026-10-02 14:43:50,20261002,6,8,1-2-6,115.9
2026-10-02 14:43:50,20261002,6,8,1-3-2,80.4
2026-10-02 14:43:50,20261002,6,8,1-3-4,24.2
2026-10-02 14:43:50,20261002,6,8,1-3-5,67.2
2026-10-02 14:43:50,20261002,6,8,1-3-6,111.1
2026-10-02 14:43:50,20261002,6,8,1-4-2,17.3
2026-10-02 14:43:50,20261002,6,8,1-4-3,11.9
2026-10-02 14:43:50,20261002,6,8,1-4-5,9.4
2026-10-02 14:43:50,20261002,6,8,1-4-6,16.8
2026-10-02 14:43:50,20261002,6,8,1-5-2,131.5
2026-10-02 14:43:50,20261002,6,8,1-5-3,81.4
2026-10-02 14:43:50,20261002,6,8,1-5-4,36.6
2026-10-02 14:43:50,20261002,6,8,1-5-6,91.4
2026-10-02 14:43:50,20261002,6,8,1-6-2,195.3
2026-10-02 14:43:50,20261002,6,8,1-6-3,239.9
2026-10-02 14:43:50,20261002,6,8,1-6-4,99.1
2026-10-02 14:43:50,20261002,6,8,1-6-5,186.0
2026-10-02 14:43:50,20261002,6,8,2-1-3,176.4
2026-10-02 14:43:50,20261002,6,8,2-1-4,87.6
2026-10-02 14:43:50,20261002,6,8,2-1-5,142.4
2026-10-02 14:43:50,20261002,6,8,2-1-6,213.6
2026-10-02 14:43:50,20261002,6,8,2-3-1,226.0
2026-10-02 14:43:50,20261002,6,8,2-3-4,141.7
2026-10-02 14:43:50,20261002,6,8,2-3-5,148.6
2026-10-02 14:43:50,20261002,6,8,2-3-6,207.2
2026-10-02 14:43:50,20261002,6,8,2-4-1,102.0
2026-10-02 14:43:50,20261002,6,8,2-4-3,191.2
2026-10-02 14:43:50,20261002,6,8,2-4-5,118.9
2026-10-02 14:43:50,20261002,6,8,2-4-6,215.3
2026-10-02 14:43:50,20261002,6,8,2-5-1,284.9
2026-10-02 14:43:50,20261002,6,8,2-5-3,231.8
2026-10-02 14:43:50,20261002,6,8,2-5-4,205.6
2026-10-02 14:43:50,20261002,6,8,2-5-6,186.0
2026-10-02 14:43:50,20261002,6,8,2-6-1,463.6
2026-10-02 14:43:50,20261002,6,8,2-6-3,471.6
2026-10-02 14:43:50,20261002,6,8,2-6-4,355.2
2026-10-02 14:43:50,20261002,6,8,2-6-5,310.8
2026-10-02 14:43:50,20261002,6,8,3-1-2,229.8
2026-10-02 14:43:50,20261002,6,8,3-1-4,70.1
2026-10-02 14:43:50,20261002,6,8,3-1-5,108.9
2026-10-02 14:43:50,20261002,6,8,3-1-6,212.0
2026-10-02 14:43:50,20261002,6,8,3-2-1,359.9
2026-10-02 14:43:50,20261002,6,8,3-2-4,161.8
2026-10-02 14:43:50,20261002,6,8,3-2-5,195.3
2026-10-02 14:43:50,20261002,6,8,3-2-6,270.8
2026-10-02 14:43:50,20261002,6,8,3-4-1,95.3
2026-10-02 14:43:50,20261002,6,8,3-4-2,260.5
2026-10-02 14:43:50,20261002,6,8,3-4-5,151.1
2026-10-02 14:43:50,20261002,6,8,3-4-6,227.9
2026-10-02 14:43:50,20261002,6,8,3-5-1,143.9
2026-10-02 14:43:50,20261002,6,8,3-5-2,210.4
2026-10-02 14:43:50,20261002,6,8,3-5-4,129.0
2026-10-02 14:43:50,20261002,6,8,3-5-6,179.9
2026-10-02 14:43:50,20261002,6,8,3-6-1,355.2
2026-10-02 14:43:50,20261002,6,8,3-6-2,569.8
2026-10-02 14:43:50,20261002,6,8,3-6-4,273.5
2026-10-02 14:43:50,20261002,6,8,3-6-5,265.5
2026-10-02 14:43:50,20261002,6,8,4-1-2,23.7
2026-10-02 14:43:50,20261002,6,8,4-1-3,17.9
2026-10-02 14:43:50,20261002,6,8,4-1-5,11.3
2026-10-02 14:43:50,20261002,6,8,4-1-6,20.8
2026-10-02 14:43:50,20261002,6,8,4-2-1,75.9
2026-10-02 14:43:50,20261002,6,8,4-2-3,122.1
2026-10-02 14:43:50,20261002,6,8,4-2-5,96.9
2026-10-02 14:43:50,20261002,6,8,4-2-6,125.4
2026-10-02 14:43:50,20261002,6,8,4-3-1,47.5
2026-10-02 14:43:50,20261002,6,8,4-3-2,153.6
2026-10-02 14:43:50,20261002,6,8,4-3-5,76.8
2026-10-02 14:43:50,20261002,6,8,4-3-6,117.9
2026-10-02 14:43:50,20261002,6,8,4-5-1,22.8
2026-10-02 14:43:50,20261002,6,8,4-5-2,98.7
2026-10-02 14:43:50,20261002,6,8,4-5-3,96.9
2026-10-02 14:43:50,20261002,6,8,4-5-6,33.7
2026-10-02 14:43:50,20261002,6,8,4-6-1,88.8
2026-10-02 14:43:50,20261002,6,8,4-6-2,191.2
2026-10-02 14:43:50,20261002,6,8,4-6-3,237.8
2026-10-02 14:43:50,20261002,6,8,4-6-5,78.6
2026-10-02 14:43:50,20261002,6,8,5-1-2,260.5
2026-10-02 14:43:50,20261002,6,8,5-1-3,167.8
2026-10-02 14:43:50,20261002,6,8,5-1-4,74.5
2026-10-02 14:43:50,20261002,6,8,5-1-6,208.8
2026-10-02 14:43:50,20261002,6,8,5-2-1,402.2
2026-10-02 14:43:50,20261002,6,8,5-2-3,346.2
2026-10-02 14:43:50,20261002,6,8,5-2-4,244.2
2026-10-02 14:43:50,20261002,6,8,5-2-6,359.9
2026-10-02 14:43:50,20261002,6,8,5-3-1,205.6
2026-10-02 14:43:50,20261002,6,8,5-3-2,374.7
2026-10-02 14:43:50,20261002,6,8,5-3-4,212.0
2026-10-02 14:43:50,20261002,6,8,5-3-6,287.9
2026-10-02 14:43:50,20261002,6,8,5-4-1,81.1
2026-10-02 14:43:50,20261002,6,8,5-4-2,270.8
2026-10-02 14:43:50,20261002,6,8,5-4-3,233.7
2026-10-02 14:43:50,20261002,6,8,5-4-6,152.8
2026-10-02 14:43:50,20261002,6,8,5-6-1,294.1
2026-10-02 14:43:50,20261002,6,8,5-6-2,420.8
2026-10-02 14:43:50,20261002,6,8,5-6-3,337.6
2026-10-02 14:43:50,20261002,6,8,5-6-4,212.0
2026-10-02 14:43:50,20261002,6,8,6-1-2,310.8
2026-10-02 14:43:50,20261002,6,8,6-1-3,594.6
2026-10-02 14:43:50,20261002,6,8,6-1-4,233.7
2026-10-02 14:43:50,20261002,6,8,6-1-5,621.6
2026-10-02 14:43:50,20261002,6,8,6-2-1,621.6
2026-10-02 14:43:50,20261002,6,8,6-2-3,558.2
2026-10-02 14:43:50,20261002,6,8,6-2-4,594.6
2026-10-02 14:43:50,20261002,6,8,6-2-5,781.5
2026-10-02 14:43:50,20261002,6,8,6-3-1,804.5
2026-10-02 14:43:50,20261002,6,8,6-3-2,781.5
2026-10-02 14:43:50,20261002,6,8,6-3-4,516.0
2026-10-02 14:43:50,20261002,6,8,6-3-5,594.6
2026-10-02 14:43:50,20261002,6,8,6-4-1,284.9
2026-10-02 14:43:50,20261002,6,8,6-4-2,581.9
2026-10-02 14:43:50,20261002,6,8,6-4-3,719.8
2026-10-02 14:43:50,20261002,6,8,6-4-5,297.3
2026-10-02 14:43:50,20261002,6,8,6-5-1,547.0
2026-10-02 14:43:50,20261002,6,8,6-5-2,759.8
2026-10-02 14:43:50,20261002,6,8,6-5-3,594.6
2026-10-02 14:43:50,20261002,6,8,6-5-4,321.8
2026-10-02 14:48:06,20261002,9,10,1-2-3,14.0
2026-10-02 14:48:06,20261002,9,10,1-2-4,52.2
2026-10-02 14:48:06,20261002,9,10,1-2-5,14.6
2026-10-02 14:48:06,20261002,9,10,1-2-6,33.8
2026-10-02 14:48:06,20261002,9,10,1-3-2,48.2
2026-10-02 14:48:06,20261002,9,10,1-3-4,114.6
2026-10-02 14:48:06,20261002,9,10,1-3-5,108.1
2026-10-02 14:48:06,20261002,9,10,1-3-6,200.6
2026-10-02 14:48:06,20261002,9,10,1-4-2,206.0
2026-10-02 14:48:06,20261002,9,10,1-4-3,217.8
2026-10-02 14:48:06,20261002,9,10,1-4-5,267.5
2026-10-02 14:48:06,20261002,9,10,1-4-6,234.5
2026-10-02 14:48:06,20261002,9,10,1-5-2,38.6
2026-10-02 14:48:06,20261002,9,10,1-5-3,111.2
2026-10-02 14:48:06,20261002,9,10,1-5-4,179.3
2026-10-02 14:48:06,20261002,9,10,1-5-6,112.9
2026-10-02 14:48:06,20261002,9,10,1-6-2,121.0
2026-10-02 14:48:06,20261002,9,10,1-6-3,311.1
2026-10-02 14:48:06,20261002,9,10,1-6-4,304.9
2026-10-02 14:48:06,20261002,9,10,1-6-5,214.7
2026-10-02 14:48:06,20261002,9,10,2-1-3,10.3
2026-10-02 14:48:06,20261002,9,10,2-1-4,35.1
2026-10-02 14:48:06,20261002,9,10,2-1-5,6.7
2026-10-02 14:48:06,20261002,9,10,2-1-6,21.2
2026-10-02 14:48:06,20261002,9,10,2-3-1,23.0
2026-10-02 14:48:06,20261002,9,10,2-3-4,84.7
2026-10-02 14:48:06,20261002,9,10,2-3-5,11.9
2026-10-02 14:48:06,20261002,9,10,2-3-6,68.9
2026-10-02 14:48:06,20261002,9,10,2-4-1,141.1
2026-10-02 14:48:06,20261002,9,10,2-4-3,152.4
2026-10-02 14:48:06,20261002,9,10,2-4-5,99.6
2026-10-02 14:48:06,20261002,9,10,2-4-6,157.1
2026-10-02 14:48:06,20261002,9,10,2-5-1,13.4
2026-10-02 14:48:06,20261002,9,10,2-5-3,12.7
2026-10-02 14:48:06,20261002,9,10,2-5-4,72.6
2026-10-02 14:48:06,20261002,9,10,2-5-6,22.8
2026-10-02 14:48:06,20261002,9,10,2-6-1,110.4
2026-10-02 14:48:06,20261002,9,10,2-6-3,238.2
2026-10-02 14:48:06,20261002,9,10,2-6-4,338.8
2026-10-02 14:48:06,20261002,9,10,2-6-5,82.4
2026-10-02 14:48:06,20261002,9,10,3-1-2,206.0
2026-10-02 14:48:06,20261002,9,10,3-1-4,171.3
2026-10-02 14:48:06,20261002,9,10,3-1-5,195.4
2026-10-02 14:48:06,20261002,9,10,3-1-6,462.0
2026-10-02 14:48:06,20261002,9,10,3-2-1,185.9
2026-10-02 14:48:06,20261002,9,10,3-2-4,193.0
2026-10-02 14:48:06,20261002,9,10,3-2-5,92.4
2026-10-02 14:48:06,20261002,9,10,3-2-6,262.8
2026-10-02 14:48:06,20261002,9,10,3-4-1,609.9
2026-10-02 14:48:06,20261002,9,10,3-4-2,462.0
2026-10-02 14:48:06,20261002,9,10,3-4-5,508.2
2026-10-02 14:48:06,20261002,9,10,3-4-6,762.3
2026-10-02 14:48:06,20261002,9,10,3-5-1,346.5
2026-10-02 14:48:06,20261002,9,10,3-5-2,138.6
2026-10-02 14:48:06,20261002,9,10,3-5-4,412.0
2026-10-02 14:48:06,20261002,9,10,3-5-6,462.0
2026-10-02 14:48:06,20261002,9,10,3-6-1,1172.0
2026-10-02 14:48:06,20261002,9,10,3-6-2,564.7
2026-10-02 14:48:06,20261002,9,10,3-6-4,847.0
2026-10-02 14:48:06,20261002,9,10,3-6-5,726.0
2026-10-02 14:48:06,20261002,9,10,4-1-2,245.9
2026-10-02 14:48:06,20261002,9,10,4-1-3,331.4
2026-10-02 14:48:06,20261002,9,10,4-1-5,238.2
2026-10-02 14:48:06,20261002,9,10,4-1-6,693.0
2026-10-02 14:48:06,20261002,9,10,4-2-1,476.4
2026-10-02 14:48:06,20261002,9,10,4-2-3,311.1
2026-10-02 14:48:06,20261002,9,10,4-2-5,231.0
2026-10-02 14:48:06,20261002,9,10,4-2-6,363.0
2026-10-02 14:48:06,20261002,9,10,4-3-1,491.8
2026-10-02 14:48:06,20261002,9,10,4-3-2,462.0
2026-10-02 14:48:06,20261002,9,10,4-3-5,525.7
2026-10-02 14:48:06,20261002,9,10,4-3-6,609.9
2026-10-02 14:48:06,20261002,9,10,4-5-1,267.5
2026-10-02 14:48:06,20261002,9,10,4-5-2,245.9
2026-10-02 14:48:06,20261002,9,10,4-5-3,476.4
2026-10-02 14:48:06,20261002,9,10,4-5-6,338.8
2026-10-02 14:48:06,20261002,9,10,4-6-1,693.0
2026-10-02 14:48:06,20261002,9,10,4-6-2,693.0
2026-10-02 14:48:06,20261002,9,10,4-6-3,726.0
2026-10-02 14:48:06,20261002,9,10,4-6-5,586.4
2026-10-02 14:48:06,20261002,9,10,5-1-2,58.4
2026-10-02 14:48:06,20261002,9,10,5-1-3,146.6
2026-10-02 14:48:06,20261002,9,10,5-1-4,224.2
2026-10-02 14:48:06,20261002,9,10,5-1-6,183.7
2026-10-02 14:48:06,20261002,9,10,5-2-1,57.3
2026-10-02 14:48:06,20261002,9,10,5-2-3,81.9
2026-10-02 14:48:06,20261002,9,10,5-2-4,138.6
2026-10-02 14:48:06,20261002,9,10,5-2-6,81.5
2026-10-02 14:48:06,20261002,9,10,5-3-1,311.1
2026-10-02 14:48:06,20261002,9,10,5-3-2,149.4
2026-10-02 14:48:06,20261002,9,10,5-3-4,609.9
2026-10-02 14:48:06,20261002,9,10,5-3-6,525.7
2026-10-02 14:48:06,20261002,9,10,5-4-1,311.1
2026-10-02 14:48:06,20261002,9,10,5-4-2,293.2
2026-10-02 14:48:06,20261002,9,10,5-4-3,544.5
2026-10-02 14:48:06,20261002,9,10,5-4-6,245.9
2026-10-02 14:48:06,20261002,9,10,5-6-1,304.9
2026-10-02 14:48:06,20261002,9,10,5-6-2,234.5
2026-10-02 14:48:06,20261002,9,10,5-6-3,448.4
2026-10-02 14:48:06,20261002,9,10,5-6-4,412.0
2026-10-02 14:48:06,20261002,9,10,6-1-2,155.5
2026-10-02 14:48:06,20261002,9,10,6-1-3,726.0
2026-10-02 14:48:06,20261002,9,10,6-1-4,847.0
2026-10-02 14:48:06,20261002,9,10,6-1-5,762.3
2026-10-02 14:48:06,20261002,9,10,6-2-1,293.2
2026-10-02 14:48:06,20261002,9,10,6-2-3,693.0
2026-10-02 14:48:06,20261002,9,10,6-2-4,1270.0
2026-10-02 14:48:06,20261002,9,10,6-2-5,544.5
2026-10-02 14:48:06,20261002,9,10,6-3-1,1905.0
2026-10-02 14:48:06,20261002,9,10,6-3-2,462.0
2026-10-02 14:48:06,20261002,9,10,6-3-4,1270.0
2026-10-02 14:48:06,20261002,9,10,6-3-5,1172.0
2026-10-02 14:48:06,20261002,9,10,6-4-1,1905.0
2026-10-02 14:48:06,20261002,9,10,6-4-2,1386.0
2026-10-02 14:48:06,20261002,9,10,6-4-3,1016.0
2026-10-02 14:48:06,20261002,9,10,6-4-5,802.5
2026-10-02 14:48:06,20261002,9,10,6-5-1,693.0
2026-10-02 14:48:06,20261002,9,10,6-5-2,491.8
2026-10-02 14:48:06,20261002,9,10,6-5-3,1172.0
2026-10-02 14:48:06,20261002,9,10,6-5-4,1089.0
2026-10-02 14:52:28,20261002,4,9,1-2-3,19.5
2026-10-02 14:52:28,20261002,4,9,1-2-4,35.6
2026-10-02 14:52:28,20261002,4,9,1-2-5,55.8
2026-10-02 14:52:28,20261002,4,9,1-2-6,99.3
2026-10-02 14:52:28,20261002,4,9,1-3-2,10.3
2026-10-02 14:52:28,20261002,4,9,1-3-4,7.8
2026-10-02 14:52:28,20261002,4,9,1-3-5,12.8
2026-10-02 14:52:28,20261002,4,9,1-3-6,43.1
2026-10-02 14:52:28,20261002,4,9,1-4-2,37.0
2026-10-02 14:52:28,20261002,4,9,1-4-3,26.6
2026-10-02 14:52:28,20261002,4,9,1-4-5,54.1
2026-10-02 14:52:28,20261002,4,9,1-4-6,117.2
2026-10-02 14:52:28,20261002,4,9,1-5-2,85.0
2026-10-02 14:52:28,20261002,4,9,1-5-3,50.1
2026-10-02 14:52:28,20261002,4,9,1-5-4,85.0
2026-10-02 14:52:28,20261002,4,9,1-5-6,240.2
2026-10-02 14:52:28,20261002,4,9,1-6-2,164.9
2026-10-02 14:52:28,20261002,4,9,1-6-3,180.6
2026-10-02 14:52:28,20261002,4,9,1-6-4,220.9
2026-10-02 14:52:28,20261002,4,9,1-6-5,338.9
2026-10-02 14:52:28,20261002,4,9,2-1-3,70.8
2026-10-02 14:52:28,20261002,4,9,2-1-4,113.5
2026-10-02 14:52:28,20261002,4,9,2-1-5,80.5
2026-10-02 14:52:28,20261002,4,9,2-1-6,178.0
2026-10-02 14:52:28,20261002,4,9,2-3-1,95.1
2026-10-02 14:52:28,20261002,4,9,2-3-4,118.9
2026-10-02 14:52:28,20261002,4,9,2-3-5,143.8
2026-10-02 14:52:28,20261002,4,9,2-3-6,309.2
2026-10-02 14:52:28,20261002,4,9,2-4-1,193.3
2026-10-02 14:52:28,20261002,4,9,2-4-3,161.7
2026-10-02 14:52:28,20261002,4,9,2-4-5,266.0
2026-10-02 14:52:28,20261002,4,9,2-4-6,363.8
2026-10-02 14:52:28,20261002,4,9,2-5-1,132.3
2026-10-02 14:52:28,20261002,4,9,2-5-3,231.2
2026-10-02 14:52:28,20261002,4,9,2-5-4,449.8
2026-10-02 14:52:28,20261002,4,9,2-5-6,589.1
2026-10-02 14:52:28,20261002,4,9,2-6-1,363.8
2026-10-02 14:52:28,20261002,4,9,2-6-3,668.7
2026-10-02 14:52:28,20261002,4,9,2-6-4,526.4
2026-10-02 14:52:28,20261002,4,9,2-6-5,549.8
2026-10-02 14:52:28,20261002,4,9,3-1-2,17.4
2026-10-02 14:52:28,20261002,4,9,3-1-4,12.3
2026-10-02 14:52:28,20261002,4,9,3-1-5,21.8
2026-10-02 14:52:28,20261002,4,9,3-1-6,118.3
2026-10-02 14:52:28,20261002,4,9,3-2-1,55.2
2026-10-02 14:52:28,20261002,4,9,3-2-4,40.9
2026-10-02 14:52:28,20261002,4,9,3-2-5,61.5
2026-10-02 14:52:28,20261002,4,9,3-2-6,142.2
2026-10-02 14:52:28,20261002,4,9,3-4-1,29.5
2026-10-02 14:52:28,20261002,4,9,3-4-2,34.4
2026-10-02 14:52:28,20261002,4,9,3-4-5,37.7
2026-10-02 14:52:28,20261002,4,9,3-4-6,143.0
2026-10-02 14:52:28,20261002,4,9,3-5-1,72.1
2026-10-02 14:52:28,20261002,4,9,3-5-2,65.8
2026-10-02 14:52:28,20261002,4,9,3-5-4,58.9
2026-10-02 14:52:28,20261002,4,9,3-5-6,291.0
2026-10-02 14:52:28,20261002,4,9,3-6-1,374.8
2026-10-02 14:52:28,20261002,4,9,3-6-2,338.9
2026-10-02 14:52:28,20261002,4,9,3-6-4,369.3
2026-10-02 14:52:28,20261002,4,9,3-6-5,526.4
2026-10-02 14:52:28,20261002,4,9,4-1-2,118.9
2026-10-02 14:52:28,20261002,4,9,4-1-3,58.7
2026-10-02 14:52:28,20261002,4,9,4-1-5,116.7
2026-10-02 14:52:28,20261002,4,9,4-1-6,294.5
2026-10-02 14:52:28,20261002,4,9,4-2-1,218.9
2026-10-02 14:52:28,20261002,4,9,4-2-3,179.2
2026-10-02 14:52:28,20261002,4,9,4-2-5,266.0
2026-10-02 14:52:28,20261002,4,9,4-2-6,169.4
2026-10-02 14:52:28,20261002,4,9,4-3-1,50.5
2026-10-02 14:52:28,20261002,4,9,4-3-2,115.0
2026-10-02 14:52:28,20261002,4,9,4-3-5,123.7
2026-10-02 14:52:28,20261002,4,9,4-3-6,240.2
2026-10-02 14:52:28,20261002,4,9,4-5-1,209.6
2026-10-02 14:52:28,20261002,4,9,4-5-2,284.4
2026-10-02 14:52:28,20261002,4,9,4-5-3,181.9
2026-10-02 14:52:28,20261002,4,9,4-5-6,380.6
2026-10-02 14:52:28,20261002,4,9,4-6-1,392.7
2026-10-02 14:52:28,20261002,4,9,4-6-2,294.5
2026-10-02 14:52:28,20261002,4,9,4-6-3,549.8
2026-10-02 14:52:28,20261002,4,9,4-6-5,537.8
2026-10-02 14:52:28,20261002,4,9,5-1-2,227.0
2026-10-02 14:52:28,20261002,4,9,5-1-3,161.7
2026-10-02 14:52:28,20261002,4,9,5-1-4,206.1
2026-10-02 14:52:28,20261002,4,9,5-1-6,369.3
2026-10-02 14:52:28,20261002,4,9,5-2-1,305.4
2026-10-02 14:52:28,20261002,4,9,5-2-3,325.5
2026-10-02 14:52:28,20261002,4,9,5-2-4,255.0
2026-10-02 14:52:28,20261002,4,9,5-2-6,263.2
2026-10-02 14:52:28,20261002,4,9,5-3-1,178.0
2026-10-02 14:52:28,20261002,4,9,5-3-2,281.1
2026-10-02 14:52:28,20261002,4,9,5-3-4,222.9
2026-10-02 14:52:28,20261002,4,9,5-3-6,549.8
2026-10-02 14:52:28,20261002,4,9,5-4-1,281.1
2026-10-02 14:52:28,20261002,4,9,5-4-2,334.3
2026-10-02 14:52:28,20261002,4,9,5-4-3,249.9
2026-10-02 14:52:28,20261002,4,9,5-4-6,380.6
2026-10-02 14:52:28,20261002,4,9,5-6-1,951.6
2026-10-02 14:52:28,20261002,4,9,5-6-2,773.2
2026-10-02 14:52:28,20261002,4,9,5-6-3,504.9
2026-10-02 14:52:28,20261002,4,9,5-6-4,989.7
2026-10-02 14:52:28,20261002,4,9,6-1-2,287.7
2026-10-02 14:52:28,20261002,4,9,6-1-3,651.1
2026-10-02 14:52:28,20261002,4,9,6-1-4,989.7
2026-10-02 14:52:28,20261002,4,9,6-1-5,1124.0
2026-10-02 14:52:28,20261002,4,9,6-2-1,749.7
2026-10-02 14:52:28,20261002,4,9,6-2-3,419.3
2026-10-02 14:52:28,20261002,4,9,6-2-4,773.2
2026-10-02 14:52:28,20261002,4,9,6-2-5,853.2
2026-10-02 14:52:28,20261002,4,9,6-3-1,603.4
2026-10-02 14:52:28,20261002,4,9,6-3-2,989.7
2026-10-02 14:52:28,20261002,4,9,6-3-4,515.4
2026-10-02 14:52:28,20261002,4,9,6-3-5,951.6
2026-10-02 14:52:28,20261002,4,9,6-4-1,989.7
2026-10-02 14:52:28,20261002,4,9,6-4-2,687.3
2026-10-02 14:52:28,20261002,4,9,6-4-3,883.6
2026-10-02 14:52:28,20261002,4,9,6-4-5,1178.0
2026-10-02 14:52:28,20261002,4,9,6-5-1,1237.0
2026-10-02 14:52:28,20261002,4,9,6-5-2,798.1
2026-10-02 14:52:28,20261002,4,9,6-5-3,1124.0
2026-10-02 14:52:28,20261002,4,9,6-5-4,1302.0
2026-10-02 14:54:42,20261002,16,9,1-2-3,10.2
2026-10-02 14:54:42,20261002,16,9,1-2-4,14.7
2026-10-02 14:54:42,20261002,16,9,1-2-5,13.3
2026-10-02 14:54:42,20261002,16,9,1-2-6,21.9
2026-10-02 14:54:42,20261002,16,9,1-3-2,15.4
2026-10-02 14:54:42,20261002,16,9,1-3-4,16.2
2026-10-02 14:54:42,20261002,16,9,1-3-5,13.4
2026-10-02 14:54:42,20261002,16,9,1-3-6,24.3
2026-10-02 14:54:42,20261002,16,9,1-4-2,23.6
2026-10-02 14:54:42,20261002,16,9,1-4-3,26.6
2026-10-02 14:54:42,20261002,16,9,1-4-5,21.3
2026-10-02 14:54:42,20261002,16,9,1-4-6,29.3
2026-10-02 14:54:42,20261002,16,9,1-5-2,28.4
2026-10-02 14:54:42,20261002,16,9,1-5-3,27.1
2026-10-02 14:54:42,20261002,16,9,1-5-4,38.3
2026-10-02 14:54:42,20261002,16,9,1-5-6,34.9
2026-10-02 14:54:42,20261002,16,9,1-6-2,65.3
2026-10-02 14:54:42,20261002,16,9,1-6-3,73.6
2026-10-02 14:54:42,20261002,16,9,1-6-4,67.7
2026-10-02 14:54:42,20261002,16,9,1-6-5,54.3
2026-10-02 14:54:42,20261002,16,9,2-1-3,70.7
2026-10-02 14:54:42,20261002,16,9,2-1-4,75.6
2026-10-02 14:54:42,20261002,16,9,2-1-5,75.8
2026-10-02 14:54:42,20261002,16,9,2-1-6,92.9
2026-10-02 14:54:42,20261002,16,9,2-3-1,148.6
2026-10-02 14:54:42,20261002,16,9,2-3-4,215.2
2026-10-02 14:54:42,20261002,16,9,2-3-5,189.1
2026-10-02 14:54:42,20261002,16,9,2-3-6,268.2
2026-10-02 14:54:42,20261002,16,9,2-4-1,242.4
2026-10-02 14:54:42,20261002,16,9,2-4-3,396.5
2026-10-02 14:54:42,20261002,16,9,2-4-5,289.4
2026-10-02 14:54:42,20261002,16,9,2-4-6,368.6
2026-10-02 14:54:42,20261002,16,9,2-5-1,224.0
2026-10-02 14:54:42,20261002,16,9,2-5-3,314.1
2026-10-02 14:54:42,20261002,16,9,2-5-4,392.0
2026-10-02 14:54:42,20261002,16,9,2-5-6,321.5
2026-10-02 14:54:42,20261002,16,9,2-6-1,381.0
2026-10-02 14:54:42,20261002,16,9,2-6-3,647.7
2026-10-02 14:54:42,20261002,16,9,2-6-4,601.8
2026-10-02 14:54:42,20261002,16,9,2-6-5,470.6
2026-10-02 14:54:42,20261002,16,9,3-1-2,79.0
2026-10-02 14:54:42,20261002,16,9,3-1-4,72.3
2026-10-02 14:54:42,20261002,16,9,3-1-5,55.6
2026-10-02 14:54:42,20261002,16,9,3-1-6,94.1
2026-10-02 14:54:42,20261002,16,9,3-2-1,202.7
2026-10-02 14:54:42,20261002,16,9,3-2-4,255.6
2026-10-02 14:54:42,20261002,16,9,3-2-5,209.2
2026-10-02 14:54:42,20261002,16,9,3-2-6,260.5
2026-10-02 14:54:42,20261002,16,9,3-4-1,210.5
2026-10-02 14:54:42,20261002,16,9,3-4-2,274.2
2026-10-02 14:54:42,20261002,16,9,3-4-5,210.8
2026-10-02 14:54:42,20261002,16,9,3-4-6,252.3
2026-10-02 14:54:42,20261002,16,9,3-5-1,124.1
2026-10-02 14:54:42,20261002,16,9,3-5-2,222.2
2026-10-02 14:54:42,20261002,16,9,3-5-4,257.6
2026-10-02 14:54:42,20261002,16,9,3-5-6,240.7
2026-10-02 14:54:42,20261002,16,9,3-6-1,394.2
2026-10-02 14:54:42,20261002,16,9,3-6-2,586.3
2026-10-02 14:54:42,20261002,16,9,3-6-4,621.1
2026-10-02 14:54:42,20261002,16,9,3-6-5,389.7
2026-10-02 14:54:42,20261002,16,9,4-1-2,114.3
2026-10-02 14:54:42,20261002,16,9,4-1-3,143.4
2026-10-02 14:54:42,20261002,16,9,4-1-5,88.2
2026-10-02 14:54:42,20261002,16,9,4-1-6,115.8
2026-10-02 14:54:42,20261002,16,9,4-2-1,283.3
2026-10-02 14:54:42,20261002,16,9,4-2-3,487.5
2026-10-02 14:54:42,20261002,16,9,4-2-5,277.0
2026-10-02 14:54:42,20261002,16,9,4-2-6,332.5
2026-10-02 14:54:42,20261002,16,9,4-3-1,320.0
2026-10-02 14:54:42,20261002,16,9,4-3-2,477.2
2026-10-02 14:54:42,20261002,16,9,4-3-5,332.5
2026-10-02 14:54:42,20261002,16,9,4-3-6,374.7
2026-10-02 14:54:42,20261002,16,9,4-5-1,158.1
2026-10-02 14:54:42,20261002,16,9,4-5-2,260.5
2026-10-02 14:54:42,20261002,16,9,4-5-3,333.4
2026-10-02 14:54:42,20261002,16,9,4-5-6,191.5
2026-10-02 14:54:42,20261002,16,9,4-6-1,238.6
2026-10-02 14:54:42,20261002,16,9,4-6-2,403.6
2026-10-02 14:54:42,20261002,16,9,4-6-3,548.4
2026-10-02 14:54:42,20261002,16,9,4-6-5,286.3
2026-10-02 14:54:42,20261002,16,9,5-1-2,81.7
2026-10-02 14:54:42,20261002,16,9,5-1-3,81.7
2026-10-02 14:54:42,20261002,16,9,5-1-4,126.5
2026-10-02 14:54:42,20261002,16,9,5-1-6,94.1
2026-10-02 14:54:42,20261002,16,9,5-2-1,182.5
2026-10-02 14:54:42,20261002,16,9,5-2-3,257.1
2026-10-02 14:54:42,20261002,16,9,5-2-4,342.6
2026-10-02 14:54:42,20261002,16,9,5-2-6,262.6
2026-10-02 14:54:42,20261002,16,9,5-3-1,160.0
2026-10-02 14:54:42,20261002,16,9,5-3-2,372.6
2026-10-02 14:54:42,20261002,16,9,5-3-4,408.4
2026-10-02 14:54:42,20261002,16,9,5-3-6,337.5
2026-10-02 14:54:42,20261002,16,9,5-4-1,213.5
2026-10-02 14:54:42,20261002,16,9,5-4-2,377.8
2026-10-02 14:54:42,20261002,16,9,5-4-3,390.8
2026-10-02 14:54:42,20261002,16,9,5-4-6,277.0
2026-10-02 14:54:42,20261002,16,9,5-6-1,170.8
2026-10-02 14:54:42,20261002,16,9,5-6-2,317.0
2026-10-02 14:54:42,20261002,16,9,5-6-3,277.0
2026-10-02 14:54:42,20261002,16,9,5-6-4,328.5
2026-10-02 14:54:42,20261002,16,9,6-1-2,259.1
2026-10-02 14:54:42,20261002,16,9,6-1-3,382.0
2026-10-02 14:54:42,20261002,16,9,6-1-4,358.9
2026-10-02 14:54:42,20261002,16,9,6-1-5,246.8
2026-10-02 14:54:42,20261002,16,9,6-2-1,513.3
2026-10-02 14:54:42,20261002,16,9,6-2-3,712.1
2026-10-02 14:54:42,20261002,16,9,6-2-4,814.5
2026-10-02 14:54:42,20261002,16,9,6-2-5,525.2
2026-10-02 14:54:42,20261002,16,9,6-3-1,623.9
2026-10-02 14:54:42,20261002,16,9,6-3-2,992.9
2026-10-02 14:54:42,20261002,16,9,6-3-4,931.6
2026-10-02 14:54:42,20261002,16,9,6-3-5,629.7
2026-10-02 14:54:42,20261002,16,9,6-4-1,487.5
2026-10-02 14:54:42,20261002,16,9,6-4-2,772.8
2026-10-02 14:54:42,20261002,16,9,6-4-3,1046.0
2026-10-02 14:54:42,20261002,16,9,6-4-5,529.2
2026-10-02 14:54:42,20261002,16,9,6-5-1,303.6
2026-10-02 14:54:42,20261002,16,9,6-5-2,591.4
2026-10-02 14:54:42,20261002,16,9,6-5-3,607.2
2026-10-02 14:54:42,20261002,16,9,6-5-4,505.6
2026-10-02 15:01:37,20261002,22,9,1-2-3,35.3
2026-10-02 15:01:37,20261002,22,9,1-2-4,25.1
2026-10-02 15:01:37,20261002,22,9,1-2-5,50.4
2026-10-02 15:01:37,20261002,22,9,1-2-6,60.8
2026-10-02 15:01:37,20261002,22,9,1-3-2,41.7
2026-10-02 15:01:37,20261002,22,9,1-3-4,23.6
2026-10-02 15:01:37,20261002,22,9,1-3-5,45.6
2026-10-02 15:01:37,20261002,22,9,1-3-6,63.3
2026-10-02 15:01:37,20261002,22,9,1-4-2,23.0
2026-10-02 15:01:37,20261002,22,9,1-4-3,17.3
2026-10-02 15:01:37,20261002,22,9,1-4-5,11.1
2026-10-02 15:01:37,20261002,22,9,1-4-6,12.2
2026-10-02 15:01:37,20261002,22,9,1-5-2,57.7
2026-10-02 15:01:37,20261002,22,9,1-5-3,35.0
2026-10-02 15:01:37,20261002,22,9,1-5-4,22.5
2026-10-02 15:01:37,20261002,22,9,1-5-6,38.4
2026-10-02 15:01:37,20261002,22,9,1-6-2,95.6
2026-10-02 15:01:37,20261002,22,9,1-6-3,77.1
2026-10-02 15:01:37,20261002,22,9,1-6-4,42.5
2026-10-02 15:01:37,20261002,22,9,1-6-5,119.2
2026-10-02 15:01:37,20261002,22,9,2-1-3,95.6
2026-10-02 15:01:37,20261002,22,9,2-1-4,59.6
2026-10-02 15:01:37,20261002,22,9,2-1-5,158.3
2026-10-02 15:01:37,20261002,22,9,2-1-6,235.4
2026-10-02 15:01:37,20261002,22,9,2-3-1,241.6
2026-10-02 15:01:37,20261002,22,9,2-3-4,208.6
2026-10-02 15:01:37,20261002,22,9,2-3-5,218.6
2026-10-02 15:01:37,20261002,22,9,2-3-6,399.1
2026-10-02 15:01:37,20261002,22,9,2-4-1,204.0
2026-10-02 15:01:37,20261002,22,9,2-4-3,241.6
2026-10-02 15:01:37,20261002,22,9,2-4-5,199.5
2026-10-02 15:01:37,20261002,22,9,2-4-6,340.0
2026-10-02 15:01:37,20261002,22,9,2-5-1,270.0
2026-10-02 15:01:37,20261002,22,9,2-5-3,459.0
2026-10-02 15:01:37,20261002,22,9,2-5-4,399.1
2026-10-02 15:01:37,20261002,22,9,2-5-6,417.3
2026-10-02 15:01:37,20261002,22,9,2-6-1,340.0
2026-10-02 15:01:37,20261002,22,9,2-6-3,706.2
2026-10-02 15:01:37,20261002,22,9,2-6-4,353.1
2026-10-02 15:01:37,20261002,22,9,2-6-5,399.1
2026-10-02 15:01:37,20261002,22,9,3-1-2,83.4
2026-10-02 15:01:37,20261002,22,9,3-1-4,61.2
2026-10-02 15:01:37,20261002,22,9,3-1-5,62.8
2026-10-02 15:01:37,20261002,22,9,3-1-6,180.0
2026-10-02 15:01:37,20261002,22,9,3-2-1,163.9
2026-10-02 15:01:37,20261002,22,9,3-2-4,122.4
2026-10-02 15:01:37,20261002,22,9,3-2-5,124.0
2026-10-02 15:01:37,20261002,22,9,3-2-6,208.6
2026-10-02 15:01:37,20261002,22,9,3-4-1,93.6
2026-10-02 15:01:37,20261002,22,9,3-4-2,176.5
2026-10-02 15:01:37,20261002,22,9,3-4-5,173.2
2026-10-02 15:01:37,20261002,22,9,3-4-6,191.2
2026-10-02 15:01:37,20261002,22,9,3-5-1,218.6
2026-10-02 15:01:37,20261002,22,9,3-5-2,187.3
2026-10-02 15:01:37,20261002,22,9,3-5-4,306.0
2026-10-02 15:01:37,20261002,22,9,3-5-6,510.0
2026-10-02 15:01:37,20261002,22,9,3-6-1,223.9
2026-10-02 15:01:37,20261002,22,9,3-6-2,706.2
2026-10-02 15:01:37,20261002,22,9,3-6-4,306.0
2026-10-02 15:01:37,20261002,22,9,3-6-5,483.2
2026-10-02 15:01:37,20261002,22,9,4-1-2,66.0
2026-10-02 15:01:37,20261002,22,9,4-1-3,38.5
2026-10-02 15:01:37,20261002,22,9,4-1-5,17.9
2026-10-02 15:01:37,20261002,22,9,4-1-6,30.8
2026-10-02 15:01:37,20261002,22,9,4-2-1,129.3
2026-10-02 15:01:37,20261002,22,9,4-2-3,327.9
2026-10-02 15:01:37,20261002,22,9,4-2-5,97.6
2026-10-02 15:01:37,20261002,22,9,4-2-6,129.3
2026-10-02 15:01:37,20261002,22,9,4-3-1,109.3
2026-10-02 15:01:37,20261002,22,9,4-3-2,399.1
2026-10-02 15:01:37,20261002,22,9,4-3-5,155.6
2026-10-02 15:01:37,20261002,22,9,4-3-6,150.5
2026-10-02 15:01:37,20261002,22,9,4-5-1,22.2
2026-10-02 15:01:37,20261002,22,9,4-5-2,85.0
2026-10-02 15:01:37,20261002,22,9,4-5-3,166.9
2026-10-02 15:01:37,20261002,22,9,4-5-6,36.7
2026-10-02 15:01:37,20261002,22,9,4-6-1,60.0
2026-10-02 15:01:37,20261002,22,9,4-6-2,223.9
2026-10-02 15:01:37,20261002,22,9,4-6-3,223.9
2026-10-02 15:01:37,20261002,22,9,4-6-5,59.2
2026-10-02 15:01:37,20261002,22,9,5-1-2,255.0
2026-10-02 15:01:37,20261002,22,9,5-1-3,183.6
2026-10-02 15:01:37,20261002,22,9,5-1-4,68.5
2026-10-02 15:01:37,20261002,22,9,5-1-6,187.3
2026-10-02 15:01:37,20261002,22,9,5-2-1,459.0
2026-10-02 15:01:37,20261002,22,9,5-2-3,510.0
2026-10-02 15:01:37,20261002,22,9,5-2-4,229.5
2026-10-02 15:01:37,20261002,22,9,5-2-6,510.0
2026-10-02 15:01:37,20261002,22,9,5-3-1,208.6
2026-10-02 15:01:37,20261002,22,9,5-3-2,459.0
2026-10-02 15:01:37,20261002,22,9,5-3-4,510.0
2026-10-02 15:01:37,20261002,22,9,5-3-6,765.1
2026-10-02 15:01:37,20261002,22,9,5-4-1,57.7
2026-10-02 15:01:37,20261002,22,9,5-4-2,286.9
2026-10-02 15:01:37,20261002,22,9,5-4-3,437.2
2026-10-02 15:01:37,20261002,22,9,5-4-6,102.0
2026-10-02 15:01:37,20261002,22,9,5-6-1,417.3
2026-10-02 15:01:37,20261002,22,9,5-6-2,706.2
2026-10-02 15:01:37,20261002,22,9,5-6-3,483.2
2026-10-02 15:01:37,20261002,22,9,5-6-4,270.0
2026-10-02 15:01:37,20261002,22,9,6-1-2,163.9
2026-10-02 15:01:37,20261002,22,9,6-1-3,540.0
2026-10-02 15:01:37,20261002,22,9,6-1-4,191.2
2026-10-02 15:01:37,20261002,22,9,6-1-5,382.5
2026-10-02 15:01:37,20261002,22,9,6-2-1,510.0
2026-10-02 15:01:37,20261002,22,9,6-2-3,706.2
2026-10-02 15:01:37,20261002,22,9,6-2-4,459.0
2026-10-02 15:01:37,20261002,22,9,6-2-5,382.5
2026-10-02 15:01:37,20261002,22,9,6-3-1,834.6
2026-10-02 15:01:37,20261002,22,9,6-3-2,1020.0
2026-10-02 15:01:37,20261002,22,9,6-3-4,612.1
2026-10-02 15:01:37,20261002,22,9,6-3-5,1020.0
2026-10-02 15:01:37,20261002,22,9,6-4-1,161.0
2026-10-02 15:01:37,20261002,22,9,6-4-2,417.3
2026-10-02 15:01:37,20261002,22,9,6-4-3,612.1
2026-10-02 15:01:37,20261002,22,9,6-4-5,213.5
2026-10-02 15:01:37,20261002,22,9,6-5-1,510.0
2026-10-02 15:01:37,20261002,22,9,6-5-2,655.8
2026-10-02 15:01:37,20261002,22,9,6-5-3,834.6
2026-10-02 15:01:37,20261002,22,9,6-5-4,327.9
2026-10-02 15:04:11,20261002,13,10,1-2-3,19.0
2026-10-02 15:04:11,20261002,13,10,1-2-4,5.7
2026-10-02 15:04:11,20261002,13,10,1-2-5,35.0
2026-10-02 15:04:11,20261002,13,10,1-2-6,13.4
2026-10-02 15:04:11,20261002,13,10,1-3-2,35.5
2026-10-02 15:04:11,20261002,13,10,1-3-4,22.8
2026-10-02 15:04:11,20261002,13,10,1-3-5,75.6
2026-10-02 15:04:11,20261002,13,10,1-3-6,31.2
2026-10-02 15:04:11,20261002,13,10,1-4-2,6.2
2026-10-02 15:04:11,20261002,13,10,1-4-3,17.9
2026-10-02 15:04:11,20261002,13,10,1-4-5,33.3
2026-10-02 15:04:11,20261002,13,10,1-4-6,7.5
2026-10-02 15:04:11,20261002,13,10,1-5-2,86.5
2026-10-02 15:04:11,20261002,13,10,1-5-3,101.6
2026-10-02 15:04:11,20261002,13,10,1-5-4,94.9
2026-10-02 15:04:11,20261002,13,10,1-5-6,111.6
2026-10-02 15:04:11,20261002,13,10,1-6-2,30.1
2026-10-02 15:04:11,20261002,13,10,1-6-3,55.3
2026-10-02 15:04:11,20261002,13,10,1-6-4,21.0
2026-10-02 15:04:11,20261002,13,10,1-6-5,134.6
2026-10-02 15:04:11,20261002,13,10,2-1-3,169.6
2026-10-02 15:04:11,20261002,13,10,2-1-4,78.3
2026-10-02 15:04:11,20261002,13,10,2-1-5,239.4
2026-10-02 15:04:11,20261002,13,10,2-1-6,179.5
2026-10-02 15:04:11,20261002,13,10,2-3-1,353.2
2026-10-02 15:04:11,20261002,13,10,2-3-4,633.7
2026-10-02 15:04:11,20261002,13,10,2-3-5,448.9
2026-10-02 15:04:11,20261002,13,10,2-3-6,552.5
2026-10-02 15:04:11,20261002,13,10,2-4-1,151.7
2026-10-02 15:04:11,20261002,13,10,2-4-3,673.3
2026-10-02 15:04:11,20261002,13,10,2-4-5,525.5
2026-10-02 15:04:11,20261002,13,10,2-4-6,236.7
2026-10-02 15:04:11,20261002,13,10,2-5-1,414.3
2026-10-02 15:04:11,20261002,13,10,2-5-3,598.5
2026-10-02 15:04:11,20261002,13,10,2-5-4,582.3
2026-10-02 15:04:11,20261002,13,10,2-5-6,478.8
2026-10-02 15:04:11,20261002,13,10,2-6-1,365.2
2026-10-02 15:04:11,20261002,13,10,2-6-3,718.2
2026-10-02 15:04:11,20261002,13,10,2-6-4,336.6
2026-10-02 15:04:11,20261002,13,10,2-6-5,769.5
2026-10-02 15:04:11,20261002,13,10,3-1-2,205.2
2026-10-02 15:04:11,20261002,13,10,3-1-4,151.7
2026-10-02 15:04:11,20261002,13,10,3-1-5,283.5
2026-10-02 15:04:11,20261002,13,10,3-1-6,244.8
2026-10-02 15:04:11,20261002,13,10,3-2-1,276.2
2026-10-02 15:04:11,20261002,13,10,3-2-4,321.6
2026-10-02 15:04:11,20261002,13,10,3-2-5,448.9
2026-10-02 15:04:11,20261002,13,10,3-2-6,378.0
2026-10-02 15:04:11,20261002,13,10,3-4-1,242.1
2026-10-02 15:04:11,20261002,13,10,3-4-2,414.3
2026-10-02 15:04:11,20261002,13,10,3-4-5,615.6
2026-10-02 15:04:11,20261002,13,10,3-4-6,422.5
2026-10-02 15:04:11,20261002,13,10,3-5-1,582.3
2026-10-02 15:04:11,20261002,13,10,3-5-2,384.7
2026-10-02 15:04:11,20261002,13,10,3-5-4,652.9
2026-10-02 15:04:11,20261002,13,10,3-5-6,718.2
2026-10-02 15:04:11,20261002,13,10,3-6-1,422.5
2026-10-02 15:04:11,20261002,13,10,3-6-2,695.0
2026-10-02 15:04:11,20261002,13,10,3-6-4,828.7
2026-10-02 15:04:11,20261002,13,10,3-6-5,1077.0
2026-10-02 15:04:11,20261002,13,10,4-1-2,39.0
2026-10-02 15:04:11,20261002,13,10,4-1-3,131.3
2026-10-02 15:04:11,20261002,13,10,4-1-5,102.1
2026-10-02 15:04:11,20261002,13,10,4-1-6,32.7
2026-10-02 15:04:11,20261002,13,10,4-2-1,90.9
2026-10-02 15:04:11,20261002,13,10,4-2-3,430.9
2026-10-02 15:04:11,20261002,13,10,4-2-5,262.7
2026-10-02 15:04:11,20261002,13,10,4-2-6,144.6
2026-10-02 15:04:11,20261002,13,10,4-3-1,234.2
2026-10-02 15:04:11,20261002,13,10,4-3-2,501.1
2026-10-02 15:04:11,20261002,13,10,4-3-5,478.8
2026-10-02 15:04:11,20261002,13,10,4-3-6,316.8
2026-10-02 15:04:11,20261002,13,10,4-5-1,143.6
2026-10-02 15:04:11,20261002,13,10,4-5-2,242.1
2026-10-02 15:04:11,20261002,13,10,4-5-3,312.2
2026-10-02 15:04:11,20261002,13,10,4-5-6,195.8
2026-10-02 15:04:11,20261002,13,10,4-6-1,71.8
2026-10-02 15:04:11,20261002,13,10,4-6-2,165.7
2026-10-02 15:04:11,20261002,13,10,4-6-3,266.0
2026-10-02 15:04:11,20261002,13,10,4-6-5,253.5
2026-10-02 15:04:11,20261002,13,10,5-1-2,336.6
2026-10-02 15:04:11,20261002,13,10,5-1-3,295.1
2026-10-02 15:04:11,20261002,13,10,5-1-4,231.6
2026-10-02 15:04:11,20261002,13,10,5-1-6,378.0
2026-10-02 15:04:11,20261002,13,10,5-2-1,430.9
2026-10-02 15:04:11,20261002,13,10,5-2-3,422.5
2026-10-02 15:04:11,20261002,13,10,5-2-4,326.4
2026-10-02 15:04:11,20261002,13,10,5-2-6,567.0
2026-10-02 15:04:11,20261002,13,10,5-3-1,538.6
2026-10-02 15:04:11,20261002,13,10,5-3-2,673.3
2026-10-02 15:04:11,20261002,13,10,5-3-4,1134.0
2026-10-02 15:04:11,20261002,13,10,5-3-6,798.0
2026-10-02 15:04:11,20261002,13,10,5-4-1,312.2
2026-10-02 15:04:11,20261002,13,10,5-4-2,458.4
2026-10-02 15:04:11,20261002,13,10,5-4-3,769.5
2026-10-02 15:04:11,20261002,13,10,5-4-6,448.9
2026-10-02 15:04:11,20261002,13,10,5-6-1,673.3
2026-10-02 15:04:11,20261002,13,10,5-6-2,1026.0
2026-10-02 15:04:11,20261002,13,10,5-6-3,718.2
2026-10-02 15:04:11,20261002,13,10,5-6-4,1267.0
2026-10-02 15:04:11,20261002,13,10,6-1-2,201.3
2026-10-02 15:04:11,20261002,13,10,6-1-3,326.4
2026-10-02 15:04:11,20261002,13,10,6-1-4,150.6
2026-10-02 15:04:11,20261002,13,10,6-1-5,552.5
2026-10-02 15:04:11,20261002,13,10,6-2-1,414.3
2026-10-02 15:04:11,20261002,13,10,6-2-3,422.5
2026-10-02 15:04:11,20261002,13,10,6-2-4,478.8
2026-10-02 15:04:11,20261002,13,10,6-2-5,798.0
2026-10-02 15:04:11,20261002,13,10,6-3-1,552.5
2026-10-02 15:04:11,20261002,13,10,6-3-2,1134.0
2026-10-02 15:04:11,20261002,13,10,6-3-4,861.9
2026-10-02 15:04:11,20261002,13,10,6-3-5,1077.0
2026-10-02 15:04:11,20261002,13,10,6-4-1,215.4
2026-10-02 15:04:11,20261002,13,10,6-4-2,478.8
2026-10-02 15:04:11,20261002,13,10,6-4-3,695.0
2026-10-02 15:04:11,20261002,13,10,6-4-5,633.7
2026-10-02 15:04:11,20261002,13,10,6-5-1,979.4
2026-10-02 15:04:11,20261002,13,10,6-5-2,1795.0
2026-10-02 15:04:11,20261002,13,10,6-5-3,1958.0
2026-10-02 15:04:11,20261002,13,10,6-5-4,1134.0
2026-10-02 15:07:27,20261002,15,1,1-2-3,14.6
2026-10-02 15:07:27,20261002,15,1,1-2-4,9.5
2026-10-02 15:07:27,20261002,15,1,1-2-5,95.7
2026-10-02 15:07:27,20261002,15,1,1-2-6,10.9
2026-10-02 15:07:27,20261002,15,1,1-3-2,38.0
2026-10-02 15:07:27,20261002,15,1,1-3-4,53.4
2026-10-02 15:07:27,20261002,15,1,1-3-5,140.4
2026-10-02 15:07:27,20261002,15,1,1-3-6,50.6
2026-10-02 15:07:27,20261002,15,1,1-4-2,20.4
2026-10-02 15:07:27,20261002,15,1,1-4-3,58.4
2026-10-02 15:07:27,20261002,15,1,1-4-5,122.6
2026-10-02 15:07:27,20261002,15,1,1-4-6,22.3
2026-10-02 15:07:27,20261002,15,1,1-5-2,164.3
2026-10-02 15:07:27,20261002,15,1,1-5-3,197.9
2026-10-02 15:07:27,20261002,15,1,1-5-4,174.2
2026-10-02 15:07:27,20261002,15,1,1-5-6,300.3
2026-10-02 15:07:27,20261002,15,1,1-6-2,21.4
2026-10-02 15:07:27,20261002,15,1,1-6-3,44.6
2026-10-02 15:07:27,20261002,15,1,1-6-4,26.2
2026-10-02 15:07:27,20261002,15,1,1-6-5,197.9
2026-10-02 15:07:27,20261002,15,1,2-1-3,51.8
2026-10-02 15:07:27,20261002,15,1,2-1-4,29.4
2026-10-02 15:07:27,20261002,15,1,2-1-5,126.2
2026-10-02 15:07:27,20261002,15,1,2-1-6,32.1
2026-10-02 15:07:27,20261002,15,1,2-3-1,81.4
2026-10-02 15:07:27,20261002,15,1,2-3-4,119.3
2026-10-02 15:07:27,20261002,15,1,2-3-5,223.3
2026-10-02 15:07:27,20261002,15,1,2-3-6,170.7
2026-10-02 15:07:27,20261002,15,1,2-4-1,45.8
2026-10-02 15:07:27,20261002,15,1,2-4-3,122.6
2026-10-02 15:07:27,20261002,15,1,2-4-5,378.7
2026-10-02 15:07:27,20261002,15,1,2-4-6,56.9
2026-10-02 15:07:27,20261002,15,1,2-5-1,207.3
2026-10-02 15:07:27,20261002,15,1,2-5-3,544.4
2026-10-02 15:07:27,20261002,15,1,2-5-4,544.4
2026-10-02 15:07:27,20261002,15,1,2-5-6,395.9
2026-10-02 15:07:27,20261002,15,1,2-6-1,55.4
2026-10-02 15:07:27,20261002,15,1,2-6-3,158.3
2026-10-02 15:07:27,20261002,15,1,2-6-4,76.4
2026-10-02 15:07:27,20261002,15,1,2-6-5,256.1
2026-10-02 15:07:27,20261002,15,1,3-1-2,77.7
2026-10-02 15:07:27,20261002,15,1,3-1-4,79.9
2026-10-02 15:07:27,20261002,15,1,3-1-5,119.3
2026-10-02 15:07:27,20261002,15,1,3-1-6,80.6
2026-10-02 15:07:27,20261002,15,1,3-2-1,86.2
2026-10-02 15:07:27,20261002,15,1,3-2-4,86.2
2026-10-02 15:07:27,20261002,15,1,3-2-5,189.3
2026-10-02 15:07:27,20261002,15,1,3-2-6,114.6
2026-10-02 15:07:27,20261002,15,1,3-4-1,155.5
2026-10-02 15:07:27,20261002,15,1,3-4-2,158.3
2026-10-02 15:07:27,20261002,15,1,3-4-5,280.9
2026-10-02 15:07:27,20261002,15,1,3-4-6,116.1
2026-10-02 15:07:27,20261002,15,1,3-5-1,235.4
2026-10-02 15:07:27,20261002,15,1,3-5-2,263.9
2026-10-02 15:07:27,20261002,15,1,3-5-4,483.9
2026-10-02 15:07:27,20261002,15,1,3-5-6,435.5
2026-10-02 15:07:27,20261002,15,1,3-6-1,181.4
2026-10-02 15:07:27,20261002,15,1,3-6-2,189.3
2026-10-02 15:07:27,20261002,15,1,3-6-4,164.3
2026-10-02 15:07:27,20261002,15,1,3-6-5,580.7
2026-10-02 15:07:27,20261002,15,1,4-1-2,58.8
2026-10-02 15:07:27,20261002,15,1,4-1-3,103.6
2026-10-02 15:07:27,20261002,15,1,4-1-5,95.7
2026-10-02 15:07:27,20261002,15,1,4-1-6,53.1
2026-10-02 15:07:27,20261002,15,1,4-2-1,91.6
2026-10-02 15:07:27,20261002,15,1,4-2-3,241.9
2026-10-02 15:07:27,20261002,15,1,4-2-5,414.7
2026-10-02 15:07:27,20261002,15,1,4-2-6,73.8
2026-10-02 15:07:27,20261002,15,1,4-3-1,174.2
2026-10-02 15:07:27,20261002,15,1,4-3-2,197.9
2026-10-02 15:07:27,20261002,15,1,4-3-5,348.4
2026-10-02 15:07:27,20261002,15,1,4-3-6,189.3
2026-10-02 15:07:27,20261002,15,1,4-5-1,248.8
2026-10-02 15:07:27,20261002,15,1,4-5-2,512.3
2026-10-02 15:07:27,20261002,15,1,4-5-3,414.7
2026-10-02 15:07:27,20261002,15,1,4-5-6,483.9
2026-10-02 15:07:27,20261002,15,1,4-6-1,35.8
2026-10-02 15:07:27,20261002,15,1,4-6-2,81.4
2026-10-02 15:07:27,20261002,15,1,4-6-3,131.9
2026-10-02 15:07:27,20261002,15,1,4-6-5,414.7
2026-10-02 15:07:27,20261002,15,1,5-1-2,161.3
2026-10-02 15:07:27,20261002,15,1,5-1-3,322.6
2026-10-02 15:07:27,20261002,15,1,5-1-4,300.3
2026-10-02 15:07:27,20261002,15,1,5-1-6,458.4
2026-10-02 15:07:27,20261002,15,1,5-2-1,223.3
2026-10-02 15:07:27,20261002,15,1,5-2-3,378.7
2026-10-02 15:07:27,20261002,15,1,5-2-4,362.9
2026-10-02 15:07:27,20261002,15,1,5-2-6,670.0
2026-10-02 15:07:27,20261002,15,1,5-3-1,223.3
2026-10-02 15:07:27,20261002,15,1,5-3-2,580.7
2026-10-02 15:07:27,20261002,15,1,5-3-4,458.4
2026-10-02 15:07:27,20261002,15,1,5-3-6,483.9
2026-10-02 15:07:27,20261002,15,1,5-4-1,378.7
2026-10-02 15:07:27,20261002,15,1,5-4-2,580.7
2026-10-02 15:07:27,20261002,15,1,5-4-3,725.8
2026-10-02 15:07:27,20261002,15,1,5-4-6,311.0
2026-10-02 15:07:27,20261002,15,1,5-6-1,622.1
2026-10-02 15:07:27,20261002,15,1,5-6-2,670.0
2026-10-02 15:07:27,20261002,15,1,5-6-3,435.5
2026-10-02 15:07:27,20261002,15,1,5-6-4,871.0
2026-10-02 15:07:27,20261002,15,1,6-1-2,31.6
2026-10-02 15:07:27,20261002,15,1,6-1-3,103.6
2026-10-02 15:07:27,20261002,15,1,6-1-4,57.3
2026-10-02 15:07:27,20261002,15,1,6-1-5,290.3
2026-10-02 15:07:27,20261002,15,1,6-2-1,54.1
2026-10-02 15:07:27,20261002,15,1,6-2-3,142.7
2026-10-02 15:07:27,20261002,15,1,6-2-4,65.4
2026-10-02 15:07:27,20261002,15,1,6-2-5,458.4
2026-10-02 15:07:27,20261002,15,1,6-3-1,189.3
2026-10-02 15:07:27,20261002,15,1,6-3-2,290.3
2026-10-02 15:07:27,20261002,15,1,6-3-4,300.3
2026-10-02 15:07:27,20261002,15,1,6-3-5,544.4
2026-10-02 15:07:27,20261002,15,1,6-4-1,87.1
2026-10-02 15:07:27,20261002,15,1,6-4-2,89.7
2026-10-02 15:07:27,20261002,15,1,6-4-3,362.9
2026-10-02 15:07:27,20261002,15,1,6-4-5,483.9
2026-10-02 15:07:27,20261002,15,1,6-5-1,725.8
2026-10-02 15:07:27,20261002,15,1,6-5-2,1088.0
2026-10-02 15:07:27,20261002,15,1,6-5-3,1451.0
2026-10-02 15:07:27,20261002,15,1,6-5-4,483.9
2026-10-02 15:11:39,20261002,7,1,1-2-3,39.7
2026-10-02 15:11:39,20261002,7,1,1-2-4,49.1
2026-10-02 15:11:39,20261002,7,1,1-2-5,43.0
2026-10-02 15:11:39,20261002,7,1,1-2-6,96.8
2026-10-02 15:11:39,20261002,7,1,1-3-2,47.1
2026-10-02 15:11:39,20261002,7,1,1-3-4,34.8
2026-10-02 15:11:39,20261002,7,1,1-3-5,30.2
2026-10-02 15:11:39,20261002,7,1,1-3-6,126.8
2026-10-02 15:11:39,20261002,7,1,1-4-2,47.0
2026-10-02 15:11:39,20261002,7,1,1-4-3,38.6
2026-10-02 15:11:39,20261002,7,1,1-4-5,15.8
2026-10-02 15:11:39,20261002,7,1,1-4-6,74.4
2026-10-02 15:11:39,20261002,7,1,1-5-2,45.3
2026-10-02 15:11:39,20261002,7,1,1-5-3,35.4
2026-10-02 15:11:39,20261002,7,1,1-5-4,25.5
2026-10-02 15:11:39,20261002,7,1,1-5-6,92.5
2026-10-02 15:11:39,20261002,7,1,1-6-2,139.5
2026-10-02 15:11:39,20261002,7,1,1-6-3,239.2
2026-10-02 15:11:39,20261002,7,1,1-6-4,186.1
2026-10-02 15:11:39,20261002,7,1,1-6-5,223.3
2026-10-02 15:11:39,20261002,7,1,2-1-3,132.9
2026-10-02 15:11:39,20261002,7,1,2-1-4,100.2
2026-10-02 15:11:39,20261002,7,1,2-1-5,77.9
2026-10-02 15:11:39,20261002,7,1,2-1-6,150.8
2026-10-02 15:11:39,20261002,7,1,2-3-1,172.6
2026-10-02 15:11:39,20261002,7,1,2-3-4,167.4
2026-10-02 15:11:39,20261002,7,1,2-3-5,121.3
2026-10-02 15:11:39,20261002,7,1,2-3-6,310.1
2026-10-02 15:11:39,20261002,7,1,2-4-1,117.9
2026-10-02 15:11:39,20261002,7,1,2-4-3,156.5
2026-10-02 15:11:39,20261002,7,1,2-4-5,62.7
2026-10-02 15:11:39,20261002,7,1,2-4-6,162.6
2026-10-02 15:11:39,20261002,7,1,2-5-1,104.0
2026-10-02 15:11:39,20261002,7,1,2-5-3,169.1
2026-10-02 15:11:39,20261002,7,1,2-5-4,85.4
2026-10-02 15:11:39,20261002,7,1,2-5-6,270.1
2026-10-02 15:11:39,20261002,7,1,2-6-1,214.7
2026-10-02 15:11:39,20261002,7,1,2-6-3,540.2
2026-10-02 15:11:39,20261002,7,1,2-6-4,246.3
2026-10-02 15:11:39,20261002,7,1,2-6-5,334.9
2026-10-02 15:11:39,20261002,7,1,3-1-2,56.7
2026-10-02 15:11:39,20261002,7,1,3-1-4,62.0
2026-10-02 15:11:39,20261002,7,1,3-1-5,57.7
2026-10-02 15:11:39,20261002,7,1,3-1-6,212.0
2026-10-02 15:11:39,20261002,7,1,3-2-1,201.7
2026-10-02 15:11:39,20261002,7,1,3-2-4,106.0
2026-10-02 15:11:39,20261002,7,1,3-2-5,144.3
2026-10-02 15:11:39,20261002,7,1,3-2-6,246.3
2026-10-02 15:11:39,20261002,7,1,3-4-1,100.2
2026-10-02 15:11:39,20261002,7,1,3-4-2,140.7
2026-10-02 15:11:39,20261002,7,1,3-4-5,64.4
2026-10-02 15:11:39,20261002,7,1,3-4-6,170.9
2026-10-02 15:11:39,20261002,7,1,3-5-1,98.5
2026-10-02 15:11:39,20261002,7,1,3-5-2,123.1
2026-10-02 15:11:39,20261002,7,1,3-5-4,64.9
2026-10-02 15:11:39,20261002,7,1,3-5-6,170.9
2026-10-02 15:11:39,20261002,7,1,3-6-1,478.5
2026-10-02 15:11:39,20261002,7,1,3-6-2,507.5
2026-10-02 15:11:39,20261002,7,1,3-6-4,328.4
2026-10-02 15:11:39,20261002,7,1,3-6-5,398.7
2026-10-02 15:11:39,20261002,7,1,4-1-2,64.4
2026-10-02 15:11:39,20261002,7,1,4-1-3,48.9
2026-10-02 15:11:39,20261002,7,1,4-1-5,19.8
2026-10-02 15:11:39,20261002,7,1,4-1-6,80.1
2026-10-02 15:11:39,20261002,7,1,4-2-1,144.3
2026-10-02 15:11:39,20261002,7,1,4-2-3,158.0
2026-10-02 15:11:39,20261002,7,1,4-2-5,62.0
2026-10-02 15:11:39,20261002,7,1,4-2-6,170.9
2026-10-02 15:11:39,20261002,7,1,4-3-1,100.8
2026-10-02 15:11:39,20261002,7,1,4-3-2,209.3
2026-10-02 15:11:39,20261002,7,1,4-3-5,66.4
2026-10-02 15:11:39,20261002,7,1,4-3-6,204.2
2026-10-02 15:11:39,20261002,7,1,4-5-1,23.6
2026-10-02 15:11:39,20261002,7,1,4-5-2,39.5
2026-10-02 15:11:39,20261002,7,1,4-5-3,37.8
2026-10-02 15:11:39,20261002,7,1,4-5-6,34.5
2026-10-02 15:11:39,20261002,7,1,4-6-1,212.0
2026-10-02 15:11:39,20261002,7,1,4-6-2,220.3
2026-10-02 15:11:39,20261002,7,1,4-6-3,253.7
2026-10-02 15:11:39,20261002,7,1,4-6-5,108.7
2026-10-02 15:11:39,20261002,7,1,5-1-2,54.0
2026-10-02 15:11:39,20261002,7,1,5-1-3,56.0
2026-10-02 15:11:39,20261002,7,1,5-1-4,32.0
2026-10-02 15:11:39,20261002,7,1,5-1-6,124.9
2026-10-02 15:11:39,20261002,7,1,5-2-1,93.0
2026-10-02 15:11:39,20261002,7,1,5-2-3,123.1
2026-10-02 15:11:39,20261002,7,1,5-2-4,68.6
2026-10-02 15:11:39,20261002,7,1,5-2-6,223.3
2026-10-02 15:11:39,20261002,7,1,5-3-1,113.1
2026-10-02 15:11:39,20261002,7,1,5-3-2,174.4
2026-10-02 15:11:39,20261002,7,1,5-3-4,99.1
2026-10-02 15:11:39,20261002,7,1,5-3-6,270.1
2026-10-02 15:11:39,20261002,7,1,5-4-1,30.5
2026-10-02 15:11:39,20261002,7,1,5-4-2,57.7
2026-10-02 15:11:39,20261002,7,1,5-4-3,63.9
2026-10-02 15:11:39,20261002,7,1,5-4-6,48.8
2026-10-02 15:11:39,20261002,7,1,5-6-1,194.7
2026-10-02 15:11:39,20261002,7,1,5-6-2,253.7
2026-10-02 15:11:39,20261002,7,1,5-6-3,204.2
2026-10-02 15:11:39,20261002,7,1,5-6-4,148.2
2026-10-02 15:11:39,20261002,7,1,6-1-2,143.1
2026-10-02 15:11:39,20261002,7,1,6-1-3,761.3
2026-10-02 15:11:39,20261002,7,1,6-1-4,478.5
2026-10-02 15:11:39,20261002,7,1,6-1-5,697.8
2026-10-02 15:11:39,20261002,7,1,6-2-1,261.7
2026-10-02 15:11:39,20261002,7,1,6-2-3,523.4
2026-10-02 15:11:39,20261002,7,1,6-2-4,372.2
2026-10-02 15:11:39,20261002,7,1,6-2-5,288.7
2026-10-02 15:11:39,20261002,7,1,6-3-1,985.2
2026-10-02 15:11:39,20261002,7,1,6-3-2,1288.0
2026-10-02 15:11:39,20261002,7,1,6-3-4,577.5
2026-10-02 15:11:39,20261002,7,1,6-3-5,697.8
2026-10-02 15:11:39,20261002,7,1,6-4-1,492.6
2026-10-02 15:11:39,20261002,7,1,6-4-2,598.1
2026-10-02 15:11:39,20261002,7,1,6-4-3,761.3
2026-10-02 15:11:39,20261002,7,1,6-4-5,235.9
2026-10-02 15:11:39,20261002,7,1,6-5-1,797.5
2026-10-02 15:11:39,20261002,7,1,6-5-2,669.9
2026-10-02 15:11:39,20261002,7,1,6-5-3,761.3
2026-10-02 15:11:39,20261002,7,1,6-5-4,283.8
2026-10-02 15:11:48,20261002,12,1,1-2-3,8.3
2026-10-02 15:11:48,20261002,12,1,1-2-4,16.8
2026-10-02 15:11:48,20261002,12,1,1-2-5,57.3
2026-10-02 15:11:48,20261002,12,1,1-2-6,41.6
2026-10-02 15:11:48,20261002,12,1,1-3-2,9.8
2026-10-02 15:11:48,20261002,12,1,1-3-4,16.0
2026-10-02 15:11:48,20261002,12,1,1-3-5,32.7
2026-10-02 15:11:48,20261002,12,1,1-3-6,31.1
2026-10-02 15:11:48,20261002,12,1,1-4-2,34.4
2026-10-02 15:11:48,20261002,12,1,1-4-3,43.0
2026-10-02 15:11:48,20261002,12,1,1-4-5,94.3
2026-10-02 15:11:48,20261002,12,1,1-4-6,69.7
2026-10-02 15:11:48,20261002,12,1,1-5-2,99.2
2026-10-02 15:11:48,20261002,12,1,1-5-3,95.0
2026-10-02 15:11:48,20261002,12,1,1-5-4,172.0
2026-10-02 15:11:48,20261002,12,1,1-5-6,277.3
2026-10-02 15:11:48,20261002,12,1,1-6-2,119.2
2026-10-02 15:11:48,20261002,12,1,1-6-3,93.7
2026-10-02 15:11:48,20261002,12,1,1-6-4,110.5
2026-10-02 15:11:48,20261002,12,1,1-6-5,424.7
2026-10-02 15:11:48,20261002,12,1,2-1-3,26.1
2026-10-02 15:11:48,20261002,12,1,2-1-4,35.0
2026-10-02 15:11:48,20261002,12,1,2-1-5,115.1
2026-10-02 15:11:48,20261002,12,1,2-1-6,81.3
2026-10-02 15:11:48,20261002,12,1,2-3-1,36.3
2026-10-02 15:11:48,20261002,12,1,2-3-4,39.6
2026-10-02 15:11:48,20261002,12,1,2-3-5,95.0
2026-10-02 15:11:48,20261002,12,1,2-3-6,106.1
2026-10-02 15:11:48,20261002,12,1,2-4-1,53.5
2026-10-02 15:11:48,20261002,12,1,2-4-3,49.7
2026-10-02 15:11:48,20261002,12,1,2-4-5,169.8
2026-10-02 15:11:48,20261002,12,1,2-4-6,101.4
2026-10-02 15:11:48,20261002,12,1,2-5-1,331.5
2026-10-02 15:11:48,20261002,12,1,2-5-3,242.7
2026-10-02 15:11:48,20261002,12,1,2-5-4,543.6
2026-10-02 15:11:48,20261002,12,1,2-5-6,970.8
2026-10-02 15:11:48,20261002,12,1,2-6-1,277.3
2026-10-02 15:11:48,20261002,12,1,2-6-3,212.3
2026-10-02 15:11:48,20261002,12,1,2-6-4,226.5
2026-10-02 15:11:48,20261002,12,1,2-6-5,357.6
2026-10-02 15:11:48,20261002,12,1,3-1-2,33.5
2026-10-02 15:11:48,20261002,12,1,3-1-4,39.9
2026-10-02 15:11:48,20261002,12,1,3-1-5,75.5
2026-10-02 15:11:48,20261002,12,1,3-1-6,78.1
2026-10-02 15:11:48,20261002,12,1,3-2-1,44.5
2026-10-02 15:11:48,20261002,12,1,3-2-4,43.7
2026-10-02 15:11:48,20261002,12,1,3-2-5,122.4
2026-10-02 15:11:48,20261002,12,1,3-2-6,108.7
2026-10-02 15:11:48,20261002,12,1,3-4-1,57.8
2026-10-02 15:11:48,20261002,12,1,3-4-2,62.3
2026-10-02 15:11:48,20261002,12,1,3-4-5,261.3
2026-10-02 15:11:48,20261002,12,1,3-4-6,130.6
2026-10-02 15:11:48,20261002,12,1,3-5-1,174.2
2026-10-02 15:11:48,20261002,12,1,3-5-2,188.7
2026-10-02 15:11:48,20261002,12,1,3-5-4,411.8
2026-10-02 15:11:48,20261002,12,1,3-5-6,543.6
2026-10-02 15:11:48,20261002,12,1,3-6-1,226.5
2026-10-02 15:11:48,20261002,12,1,3-6-2,205.9
2026-10-02 15:11:48,20261002,12,1,3-6-4,256.4
2026-10-02 15:11:48,20261002,12,1,3-6-5,503.3
2026-10-02 15:11:48,20261002,12,1,4-1-2,36.1
2026-10-02 15:11:48,20261002,12,1,4-1-3,80.4
2026-10-02 15:11:48,20261002,12,1,4-1-5,112.3
2026-10-02 15:11:48,20261002,12,1,4-1-6,64.1
2026-10-02 15:11:48,20261002,12,1,4-2-1,52.6
2026-10-02 15:11:48,20261002,12,1,4-2-3,70.4
2026-10-02 15:11:48,20261002,12,1,4-2-5,230.3
2026-10-02 15:11:48,20261002,12,1,4-2-6,71.5
2026-10-02 15:11:48,20261002,12,1,4-3-1,114.2
2026-10-02 15:11:48,20261002,12,1,4-3-2,71.9
2026-10-02 15:11:48,20261002,12,1,4-3-5,176.5
2026-10-02 15:11:48,20261002,12,1,4-3-6,205.9
2026-10-02 15:11:48,20261002,12,1,4-5-1,191.4
2026-10-02 15:11:48,20261002,12,1,4-5-2,242.7
2026-10-02 15:11:48,20261002,12,1,4-5-3,357.6
2026-10-02 15:11:48,20261002,12,1,4-5-6,215.7
2026-10-02 15:11:48,20261002,12,1,4-6-1,89.4
2026-10-02 15:11:48,20261002,12,1,4-6-2,71.1
2026-10-02 15:11:48,20261002,12,1,4-6-3,266.5
2026-10-02 15:11:48,20261002,12,1,4-6-5,388.3
2026-10-02 15:11:48,20261002,12,1,5-1-2,339.7
2026-10-02 15:11:48,20261002,12,1,5-1-3,209.1
2026-10-02 15:11:48,20261002,12,1,5-1-4,271.8
2026-10-02 15:11:48,20261002,12,1,5-1-6,331.5
2026-10-02 15:11:48,20261002,12,1,5-2-1,424.7
2026-10-02 15:11:48,20261002,12,1,5-2-3,302.0
2026-10-02 15:11:48,20261002,12,1,5-2-4,411.8
2026-10-02 15:11:48,20261002,12,1,5-2-6,970.8
2026-10-02 15:11:48,20261002,12,1,5-3-1,234.3
2026-10-02 15:11:48,20261002,12,1,5-3-2,424.7
2026-10-02 15:11:48,20261002,12,1,5-3-4,970.8
2026-10-02 15:11:48,20261002,12,1,5-3-6,970.8
2026-10-02 15:11:48,20261002,12,1,5-4-1,289.1
2026-10-02 15:11:48,20261002,12,1,5-4-2,590.9
2026-10-02 15:11:48,20261002,12,1,5-4-3,906.1
2026-10-02 15:11:48,20261002,12,1,5-4-6,316.0
2026-10-02 15:11:48,20261002,12,1,5-6-1,970.8
2026-10-02 15:11:48,20261002,12,1,5-6-2,1235.0
2026-10-02 15:11:48,20261002,12,1,5-6-3,617.7
2026-10-02 15:11:48,20261002,12,1,5-6-4,755.0
2026-10-02 15:11:48,20261002,12,1,6-1-2,186.1
2026-10-02 15:11:48,20261002,12,1,6-1-3,205.9
2026-10-02 15:11:48,20261002,12,1,6-1-4,424.7
2026-10-02 15:11:48,20261002,12,1,6-1-5,590.9
2026-10-02 15:11:48,20261002,12,1,6-2-1,388.3
2026-10-02 15:11:48,20261002,12,1,6-2-3,256.4
2026-10-02 15:11:48,20261002,12,1,6-2-4,566.3
2026-10-02 15:11:48,20261002,12,1,6-2-5,970.8
2026-10-02 15:11:48,20261002,12,1,6-3-1,302.0
2026-10-02 15:11:48,20261002,12,1,6-3-2,283.1
2026-10-02 15:11:48,20261002,12,1,6-3-4,522.7
2026-10-02 15:11:48,20261002,12,1,6-3-5,970.8
2026-10-02 15:11:48,20261002,12,1,6-4-1,424.7
2026-10-02 15:11:48,20261002,12,1,6-4-2,348.5
2026-10-02 15:11:48,20261002,12,1,6-4-3,715.3
2026-10-02 15:11:48,20261002,12,1,6-4-5,755.0
2026-10-02 15:11:48,20261002,12,1,6-5-1,906.1
2026-10-02 15:11:48,20261002,12,1,6-5-2,1132.0
2026-10-02 15:11:48,20261002,12,1,6-5-3,1235.0
2026-10-02 15:11:48,20261002,12,1,6-5-4,906.1
2026-10-02 15:14:13,20261002,6,9,1-2-3,75.8
2026-10-02 15:14:13,20261002,6,9,1-2-4,92.9
2026-10-02 15:14:13,20261002,6,9,1-2-5,72.9
2026-10-02 15:14:13,20261002,6,9,1-2-6,149.4
2026-10-02 15:14:13,20261002,6,9,1-3-2,54.8
2026-10-02 15:14:13,20261002,6,9,1-3-4,14.8
2026-10-02 15:14:13,20261002,6,9,1-3-5,12.5
2026-10-02 15:14:13,20261002,6,9,1-3-6,44.9
2026-10-02 15:14:13,20261002,6,9,1-4-2,62.4
2026-10-02 15:14:13,20261002,6,9,1-4-3,34.0
2026-10-02 15:14:13,20261002,6,9,1-4-5,16.0
2026-10-02 15:14:13,20261002,6,9,1-4-6,60.4
2026-10-02 15:14:13,20261002,6,9,1-5-2,64.8
2026-10-02 15:14:13,20261002,6,9,1-5-3,18.8
2026-10-02 15:14:13,20261002,6,9,1-5-4,16.2
2026-10-02 15:14:13,20261002,6,9,1-5-6,35.0
2026-10-02 15:14:13,20261002,6,9,1-6-2,190.5
2026-10-02 15:14:13,20261002,6,9,1-6-3,131.3
2026-10-02 15:14:13,20261002,6,9,1-6-4,143.7
2026-10-02 15:14:13,20261002,6,9,1-6-5,100.2
2026-10-02 15:14:13,20261002,6,9,2-1-3,192.9
2026-10-02 15:14:13,20261002,6,9,2-1-4,169.3
2026-10-02 15:14:13,20261002,6,9,2-1-5,123.9
2026-10-02 15:14:13,20261002,6,9,2-1-6,293.1
2026-10-02 15:14:13,20261002,6,9,2-3-1,508.0
2026-10-02 15:14:13,20261002,6,9,2-3-4,272.1
2026-10-02 15:14:13,20261002,6,9,2-3-5,298.8
2026-10-02 15:14:13,20261002,6,9,2-3-6,331.3
2026-10-02 15:14:13,20261002,6,9,2-4-1,544.3
2026-10-02 15:14:13,20261002,6,9,2-4-3,476.2
2026-10-02 15:14:13,20261002,6,9,2-4-5,311.0
2026-10-02 15:14:13,20261002,6,9,2-4-6,390.8
2026-10-02 15:14:13,20261002,6,9,2-5-1,324.2
2026-10-02 15:14:13,20261002,6,9,2-5-3,381.0
2026-10-02 15:14:13,20261002,6,9,2-5-4,448.2
2026-10-02 15:14:13,20261002,6,9,2-5-6,272.1
2026-10-02 15:14:13,20261002,6,9,2-6-1,544.3
2026-10-02 15:14:13,20261002,6,9,2-6-3,491.6
2026-10-02 15:14:13,20261002,6,9,2-6-4,371.7
2026-10-02 15:14:13,20261002,6,9,2-6-5,293.1
2026-10-02 15:14:13,20261002,6,9,3-1-2,162.1
2026-10-02 15:14:13,20261002,6,9,3-1-4,26.3
2026-10-02 15:14:13,20261002,6,9,3-1-5,17.3
2026-10-02 15:14:13,20261002,6,9,3-1-6,89.1
2026-10-02 15:14:13,20261002,6,9,3-2-1,476.2
2026-10-02 15:14:13,20261002,6,9,3-2-4,192.9
2026-10-02 15:14:13,20261002,6,9,3-2-5,190.5
2026-10-02 15:14:13,20261002,6,9,3-2-6,287.5
2026-10-02 15:14:13,20261002,6,9,3-4-1,146.5
2026-10-02 15:14:13,20261002,6,9,3-4-2,262.7
2026-10-02 15:14:13,20261002,6,9,3-4-5,56.8
2026-10-02 15:14:13,20261002,6,9,3-4-6,150.9
2026-10-02 15:14:13,20261002,6,9,3-5-1,33.4
2026-10-02 15:14:13,20261002,6,9,3-5-2,127.0
2026-10-02 15:14:13,20261002,6,9,3-5-4,30.1
2026-10-02 15:14:13,20261002,6,9,3-5-6,64.3
2026-10-02 15:14:13,20261002,6,9,3-6-1,411.9
2026-10-02 15:14:13,20261002,6,9,3-6-2,287.5
2026-10-02 15:14:13,20261002,6,9,3-6-4,331.3
2026-10-02 15:14:13,20261002,6,9,3-6-5,133.6
2026-10-02 15:14:13,20261002,6,9,4-1-2,145.1
2026-10-02 15:14:13,20261002,6,9,4-1-3,85.1
2026-10-02 15:14:13,20261002,6,9,4-1-5,28.5
2026-10-02 15:14:13,20261002,6,9,4-1-6,94.0
2026-10-02 15:14:13,20261002,6,9,4-2-1,381.0
2026-10-02 15:14:13,20261002,6,9,4-2-3,371.7
2026-10-02 15:14:13,20261002,6,9,4-2-5,249.8
2026-10-02 15:14:13,20261002,6,9,4-2-6,272.1
2026-10-02 15:14:13,20261002,6,9,4-3-1,130.2
2026-10-02 15:14:13,20261002,6,9,4-3-2,298.8
2026-10-02 15:14:13,20261002,6,9,4-3-5,104.3
2026-10-02 15:14:13,20261002,6,9,4-3-6,241.9
2026-10-02 15:14:13,20261002,6,9,4-5-1,33.6
2026-10-02 15:14:13,20261002,6,9,4-5-2,217.7
2026-10-02 15:14:13,20261002,6,9,4-5-3,84.2
2026-10-02 15:14:13,20261002,6,9,4-5-6,62.9
2026-10-02 15:14:13,20261002,6,9,4-6-1,298.8
2026-10-02 15:14:13,20261002,6,9,4-6-2,267.3
2026-10-02 15:14:13,20261002,6,9,4-6-3,324.2
2026-10-02 15:14:13,20261002,6,9,4-6-5,220.8
2026-10-02 15:14:13,20261002,6,9,5-1-2,147.9
2026-10-02 15:14:13,20261002,6,9,5-1-3,41.9
2026-10-02 15:14:13,20261002,6,9,5-1-4,32.4
2026-10-02 15:14:13,20261002,6,9,5-1-6,62.4
2026-10-02 15:14:13,20261002,6,9,5-2-1,272.1
2026-10-02 15:14:13,20261002,6,9,5-2-3,371.7
2026-10-02 15:14:13,20261002,6,9,5-2-4,217.7
2026-10-02 15:14:13,20261002,6,9,5-2-6,165.6
2026-10-02 15:14:13,20261002,6,9,5-3-1,52.9
2026-10-02 15:14:13,20261002,6,9,5-3-2,214.6
2026-10-02 15:14:13,20261002,6,9,5-3-4,54.2
2026-10-02 15:14:13,20261002,6,9,5-3-6,97.0
2026-10-02 15:14:13,20261002,6,9,5-4-1,45.7
2026-10-02 15:14:13,20261002,6,9,5-4-2,254.0
2026-10-02 15:14:13,20261002,6,9,5-4-3,72.9
2026-10-02 15:14:13,20261002,6,9,5-4-6,79.7
2026-10-02 15:14:13,20261002,6,9,5-6-1,79.3
2026-10-02 15:14:13,20261002,6,9,5-6-2,282.2
2026-10-02 15:14:13,20261002,6,9,5-6-3,200.5
2026-10-02 15:14:13,20261002,6,9,5-6-4,137.3
2026-10-02 15:14:13,20261002,6,9,6-1-2,208.7
2026-10-02 15:14:13,20261002,6,9,6-1-3,371.7
2026-10-02 15:14:13,20261002,6,9,6-1-4,435.4
2026-10-02 15:14:13,20261002,6,9,6-1-5,298.8
2026-10-02 15:14:13,20261002,6,9,6-2-1,564.5
2026-10-02 15:14:13,20261002,6,9,6-2-3,544.3
2026-10-02 15:14:13,20261002,6,9,6-2-4,564.5
2026-10-02 15:14:13,20261002,6,9,6-2-5,354.4
2026-10-02 15:14:13,20261002,6,9,6-3-1,692.7
2026-10-02 15:14:13,20261002,6,9,6-3-2,609.6
2026-10-02 15:14:13,20261002,6,9,6-3-4,525.5
2026-10-02 15:14:13,20261002,6,9,6-3-5,390.8
2026-10-02 15:14:13,20261002,6,9,6-4-1,564.5
2026-10-02 15:14:13,20261002,6,9,6-4-2,448.2
2026-10-02 15:14:13,20261002,6,9,6-4-3,692.7
2026-10-02 15:14:13,20261002,6,9,6-4-5,298.8
2026-10-02 15:14:13,20261002,6,9,6-5-1,298.8
2026-10-02 15:14:13,20261002,6,9,6-5-2,346.3
2026-10-02 15:14:13,20261002,6,9,6-5-3,354.4
2026-10-02 15:14:13,20261002,6,9,6-5-4,267.3
2026-10-02 15:15:48,20261002,19,1,1-2-3,4.9
2026-10-02 15:15:48,20261002,19,1,1-2-4,25.1
2026-10-02 15:15:48,20261002,19,1,1-2-5,37.5
2026-10-02 15:15:48,20261002,19,1,1-2-6,10.2
2026-10-02 15:15:48,20261002,19,1,1-3-2,5.6
2026-10-02 15:15:48,20261002,19,1,1-3-4,21.4
2026-10-02 15:15:48,20261002,19,1,1-3-5,32.3
2026-10-02 15:15:48,20261002,19,1,1-3-6,10.8
2026-10-02 15:15:48,20261002,19,1,1-4-2,67.8
2026-10-02 15:15:48,20261002,19,1,1-4-3,72.3
2026-10-02 15:15:48,20261002,19,1,1-4-5,135.5
2026-10-02 15:15:48,20261002,19,1,1-4-6,120.1
2026-10-02 15:15:48,20261002,19,1,1-5-2,144.0
2026-10-02 15:15:48,20261002,19,1,1-5-3,125.0
2026-10-02 15:15:48,20261002,19,1,1-5-4,217.8
2026-10-02 15:15:48,20261002,19,1,1-5-6,215.7
2026-10-02 15:15:48,20261002,19,1,1-6-2,23.2
2026-10-02 15:15:48,20261002,19,1,1-6-3,28.8
2026-10-02 15:15:48,20261002,19,1,1-6-4,133.1
2026-10-02 15:15:48,20261002,19,1,1-6-5,200.5
2026-10-02 15:15:48,20261002,19,1,2-1-3,26.0
2026-10-02 15:15:48,20261002,19,1,2-1-4,103.2
2026-10-02 15:15:48,20261002,19,1,2-1-5,156.9
2026-10-02 15:15:48,20261002,19,1,2-1-6,46.7
2026-10-02 15:15:48,20261002,19,1,2-3-1,48.4
2026-10-02 15:15:48,20261002,19,1,2-3-4,254.3
2026-10-02 15:15:48,20261002,19,1,2-3-5,361.3
2026-10-02 15:15:48,20261002,19,1,2-3-6,111.0
2026-10-02 15:15:48,20261002,19,1,2-4-1,286.3
2026-10-02 15:15:48,20261002,19,1,2-4-3,455.2
2026-10-02 15:15:48,20261002,19,1,2-4-5,659.8
2026-10-02 15:15:48,20261002,19,1,2-4-6,562.0
2026-10-02 15:15:48,20261002,19,1,2-5-1,529.4
2026-10-02 15:15:48,20261002,19,1,2-5-3,583.7
2026-10-02 15:15:48,20261002,19,1,2-5-4,892.7
2026-10-02 15:15:48,20261002,19,1,2-5-6,948.5
2026-10-02 15:15:48,20261002,19,1,2-6-1,127.1
2026-10-02 15:15:48,20261002,19,1,2-6-3,205.0
2026-10-02 15:15:48,20261002,19,1,2-6-4,535.6
2026-10-02 15:15:48,20261002,19,1,2-6-5,562.0
2026-10-02 15:15:48,20261002,19,1,3-1-2,21.4
2026-10-02 15:15:48,20261002,19,1,3-1-4,60.3
2026-10-02 15:15:48,20261002,19,1,3-1-5,86.3
2026-10-02 15:15:48,20261002,19,1,3-1-6,34.0
2026-10-02 15:15:48,20261002,19,1,3-2-1,44.9
2026-10-02 15:15:48,20261002,19,1,3-2-4,195.4
2026-10-02 15:15:48,20261002,19,1,3-2-5,238.3
2026-10-02 15:15:48,20261002,19,1,3-2-6,98.9
2026-10-02 15:15:48,20261002,19,1,3-4-1,205.0
2026-10-02 15:15:48,20261002,19,1,3-4-2,339.7
2026-10-02 15:15:48,20261002,19,1,3-4-5,641.2
2026-10-02 15:15:48,20261002,19,1,3-4-6,344.9
2026-10-02 15:15:48,20261002,19,1,3-5-1,244.7
2026-10-02 15:15:48,20261002,19,1,3-5-2,332.3
2026-10-02 15:15:48,20261002,19,1,3-5-4,607.0
2026-10-02 15:15:48,20261002,19,1,3-5-6,484.3
2026-10-02 15:15:48,20261002,19,1,3-6-1,93.4
2026-10-02 15:15:48,20261002,19,1,3-6-2,127.1
2026-10-02 15:15:48,20261002,19,1,3-6-4,347.5
2026-10-02 15:15:48,20261002,19,1,3-6-5,555.2
2026-10-02 15:15:48,20261002,19,1,4-1-2,199.6
2026-10-02 15:15:48,20261002,19,1,4-1-3,165.5
2026-10-02 15:15:48,20261002,19,1,4-1-5,288.1
2026-10-02 15:15:48,20261002,19,1,4-1-6,251.5
2026-10-02 15:15:48,20261002,19,1,4-2-1,364.2
2026-10-02 15:15:48,20261002,19,1,4-2-3,569.1
2026-10-02 15:15:48,20261002,19,1,4-2-5,641.2
2026-10-02 15:15:48,20261002,19,1,4-2-6,442.0
2026-10-02 15:15:48,20261002,19,1,4-3-1,299.5
2026-10-02 15:15:48,20261002,19,1,4-3-2,722.6
2026-10-02 15:15:48,20261002,19,1,4-3-5,892.7
2026-10-02 15:15:48,20261002,19,1,4-3-6,679.5
2026-10-02 15:15:48,20261002,19,1,4-5-1,623.6
2026-10-02 15:15:48,20261002,19,1,4-5-2,758.8
2026-10-02 15:15:48,20261002,19,1,4-5-3,859.0
2026-10-02 15:15:48,20261002,19,1,4-5-6,827.8
2026-10-02 15:15:48,20261002,19,1,4-6-1,700.4
2026-10-02 15:15:48,20261002,19,1,4-6-2,798.7
2026-10-02 15:15:48,20261002,19,1,4-6-3,798.7
2026-10-02 15:15:48,20261002,19,1,4-6-5,1230.0
2026-10-02 15:15:48,20261002,19,1,5-1-2,322.9
2026-10-02 15:15:48,20261002,19,1,5-1-3,297.5
2026-10-02 15:15:48,20261002,19,1,5-1-4,484.3
2026-10-02 15:15:48,20261002,19,1,5-1-6,395.9
2026-10-02 15:15:48,20261002,19,1,5-2-1,641.2
2026-10-02 15:15:48,20261002,19,1,5-2-3,784.9
2026-10-02 15:15:48,20261002,19,1,5-2-4,583.7
2026-10-02 15:15:48,20261002,19,1,5-2-6,875.5
2026-10-02 15:15:48,20261002,19,1,5-3-1,339.7
2026-10-02 15:15:48,20261002,19,1,5-3-2,734.3
2026-10-02 15:15:48,20261002,19,1,5-3-4,948.5
2026-10-02 15:15:48,20261002,19,1,5-3-6,1034.0
2026-10-02 15:15:48,20261002,19,1,5-4-1,771.6
2026-10-02 15:15:48,20261002,19,1,5-4-2,948.5
2026-10-02 15:15:48,20261002,19,1,5-4-3,1138.0
2026-10-02 15:15:48,20261002,19,1,5-4-6,798.7
2026-10-02 15:15:48,20261002,19,1,5-6-1,859.0
2026-10-02 15:15:48,20261002,19,1,5-6-2,929.1
2026-10-02 15:15:48,20261002,19,1,5-6-3,1230.0
2026-10-02 15:15:48,20261002,19,1,5-6-4,1751.0
2026-10-02 15:15:48,20261002,19,1,6-1-2,101.8
2026-10-02 15:15:48,20261002,19,1,6-1-3,128.9
2026-10-02 15:15:48,20261002,19,1,6-1-4,489.5
2026-10-02 15:15:48,20261002,19,1,6-1-5,632.3
2026-10-02 15:15:48,20261002,19,1,6-2-1,184.3
2026-10-02 15:15:48,20261002,19,1,6-2-3,289.9
2026-10-02 15:15:48,20261002,19,1,6-2-4,615.2
2026-10-02 15:15:48,20261002,19,1,6-2-5,1034.0
2026-10-02 15:15:48,20261002,19,1,6-3-1,203.2
2026-10-02 15:15:48,20261002,19,1,6-3-2,303.5
2026-10-02 15:15:48,20261002,19,1,6-3-4,758.8
2026-10-02 15:15:48,20261002,19,1,6-3-5,1011.0
2026-10-02 15:15:48,20261002,19,1,6-4-1,843.1
2026-10-02 15:15:48,20261002,19,1,6-4-2,1011.0
2026-10-02 15:15:48,20261002,19,1,6-4-3,1034.0
2026-10-02 15:15:48,20261002,19,1,6-4-5,1264.0
2026-10-02 15:15:48,20261002,19,1,6-5-1,1230.0
2026-10-02 15:15:48,20261002,19,1,6-5-2,948.5
2026-10-02 15:15:48,20261002,19,1,6-5-3,1339.0
2026-10-02 15:15:48,20261002,19,1,6-5-4,910.5
2026-10-02 15:20:51,20261002,4,10,1-2-3,8.8
2026-10-02 15:20:51,20261002,4,10,1-2-4,16.2
2026-10-02 15:20:51,20261002,4,10,1-2-5,39.1
2026-10-02 15:20:51,20261002,4,10,1-2-6,31.8
2026-10-02 15:20:51,20261002,4,10,1-3-2,10.9
2026-10-02 15:20:51,20261002,4,10,1-3-4,15.2
2026-10-02 15:20:51,20261002,4,10,1-3-5,40.9
2026-10-02 15:20:51,20261002,4,10,1-3-6,36.7
2026-10-02 15:20:51,20261002,4,10,1-4-2,20.5
2026-10-02 15:20:51,20261002,4,10,1-4-3,26.9
2026-10-02 15:20:51,20261002,4,10,1-4-5,54.4
2026-10-02 15:20:51,20261002,4,10,1-4-6,39.4
2026-10-02 15:20:51,20261002,4,10,1-5-2,84.4
2026-10-02 15:20:51,20261002,4,10,1-5-3,91.7
2026-10-02 15:20:51,20261002,4,10,1-5-4,103.1
2026-10-02 15:20:51,20261002,4,10,1-5-6,168.8
2026-10-02 15:20:51,20261002,4,10,1-6-2,71.9
2026-10-02 15:20:51,20261002,4,10,1-6-3,85.7
2026-10-02 15:20:51,20261002,4,10,1-6-4,93.3
2026-10-02 15:20:51,20261002,4,10,1-6-5,170.3
2026-10-02 15:20:51,20261002,4,10,2-1-3,28.9
2026-10-02 15:20:51,20261002,4,10,2-1-4,43.0
2026-10-02 15:20:51,20261002,4,10,2-1-5,80.3
2026-10-02 15:20:51,20261002,4,10,2-1-6,75.9
2026-10-02 15:20:51,20261002,4,10,2-3-1,45.1
2026-10-02 15:20:51,20261002,4,10,2-3-4,76.7
2026-10-02 15:20:51,20261002,4,10,2-3-5,171.9
2026-10-02 15:20:51,20261002,4,10,2-3-6,111.8
2026-10-02 15:20:51,20261002,4,10,2-4-1,84.2
2026-10-02 15:20:51,20261002,4,10,2-4-3,114.2
2026-10-02 15:20:51,20261002,4,10,2-4-5,211.0
2026-10-02 15:20:51,20261002,4,10,2-4-6,130.7
2026-10-02 15:20:51,20261002,4,10,2-5-1,156.0
2026-10-02 15:20:51,20261002,4,10,2-5-3,334.6
2026-10-02 15:20:51,20261002,4,10,2-5-4,395.1
2026-10-02 15:20:51,20261002,4,10,2-5-6,458.5
2026-10-02 15:20:51,20261002,4,10,2-6-1,164.3
2026-10-02 15:20:51,20261002,4,10,2-6-3,242.7
2026-10-02 15:20:51,20261002,4,10,2-6-4,235.0
2026-10-02 15:20:51,20261002,4,10,2-6-5,367.7
2026-10-02 15:20:51,20261002,4,10,3-1-2,47.8
2026-10-02 15:20:51,20261002,4,10,3-1-4,56.7
2026-10-02 15:20:51,20261002,4,10,3-1-5,97.7
2026-10-02 15:20:51,20261002,4,10,3-1-6,94.9
2026-10-02 15:20:51,20261002,4,10,3-2-1,62.9
2026-10-02 15:20:51,20261002,4,10,3-2-4,61.2
2026-10-02 15:20:51,20261002,4,10,3-2-5,138.5
2026-10-02 15:20:51,20261002,4,10,3-2-6,98.0
2026-10-02 15:20:51,20261002,4,10,3-4-1,88.0
2026-10-02 15:20:51,20261002,4,10,3-4-2,76.5
2026-10-02 15:20:51,20261002,4,10,3-4-5,178.5
2026-10-02 15:20:51,20261002,4,10,3-4-6,172.7
2026-10-02 15:20:51,20261002,4,10,3-5-1,233.6
2026-10-02 15:20:51,20261002,4,10,3-5-2,159.4
2026-10-02 15:20:51,20261002,4,10,3-5-4,254.4
2026-10-02 15:20:51,20261002,4,10,3-5-6,353.7
2026-10-02 15:20:51,20261002,4,10,3-6-1,199.7
2026-10-02 15:20:51,20261002,4,10,3-6-2,196.5
2026-10-02 15:20:51,20261002,4,10,3-6-4,256.1
2026-10-02 15:20:51,20261002,4,10,3-6-5,395.1
2026-10-02 15:20:51,20261002,4,10,4-1-2,48.8
2026-10-02 15:20:51,20261002,4,10,4-1-3,69.8
2026-10-02 15:20:51,20261002,4,10,4-1-5,61.4
2026-10-02 15:20:51,20261002,4,10,4-1-6,85.9
2026-10-02 15:20:51,20261002,4,10,4-2-1,102.8
2026-10-02 15:20:51,20261002,4,10,4-2-3,109.5
2026-10-02 15:20:51,20261002,4,10,4-2-5,126.3
2026-10-02 15:20:51,20261002,4,10,4-2-6,94.7
2026-10-02 15:20:51,20261002,4,10,4-3-1,100.1
2026-10-02 15:20:51,20261002,4,10,4-3-2,114.6
2026-10-02 15:20:51,20261002,4,10,4-3-5,174.3
2026-10-02 15:20:51,20261002,4,10,4-3-6,174.3
2026-10-02 15:20:51,20261002,4,10,4-5-1,105.5
2026-10-02 15:20:51,20261002,4,10,4-5-2,122.9
2026-10-02 15:20:51,20261002,4,10,4-5-3,217.2
2026-10-02 15:20:51,20261002,4,10,4-5-6,146.8
2026-10-02 15:20:51,20261002,4,10,4-6-1,126.3
2026-10-02 15:20:51,20261002,4,10,4-6-2,104.3
2026-10-02 15:20:51,20261002,4,10,4-6-3,191.4
2026-10-02 15:20:51,20261002,4,10,4-6-5,168.8
2026-10-02 15:20:51,20261002,4,10,5-1-2,247.6
2026-10-02 15:20:51,20261002,4,10,5-1-3,297.1
2026-10-02 15:20:51,20261002,4,10,5-1-4,223.7
2026-10-02 15:20:51,20261002,4,10,5-1-6,252.6
2026-10-02 15:20:51,20261002,4,10,5-2-1,347.1
2026-10-02 15:20:51,20261002,4,10,5-2-3,379.0
2026-10-02 15:20:51,20261002,4,10,5-2-4,287.9
2026-10-02 15:20:51,20261002,4,10,5-2-6,215.9
2026-10-02 15:20:51,20261002,4,10,5-3-1,340.7
2026-10-02 15:20:51,20261002,4,10,5-3-2,340.7
2026-10-02 15:20:51,20261002,4,10,5-3-4,554.3
2026-10-02 15:20:51,20261002,4,10,5-3-6,452.9
2026-10-02 15:20:51,20261002,4,10,5-4-1,254.4
2026-10-02 15:20:51,20261002,4,10,5-4-2,304.4
2026-10-02 15:20:51,20261002,4,10,5-4-3,488.7
2026-10-02 15:20:51,20261002,4,10,5-4-6,273.1
2026-10-02 15:20:51,20261002,4,10,5-6-1,426.9
2026-10-02 15:20:51,20261002,4,10,5-6-2,452.9
2026-10-02 15:20:51,20261002,4,10,5-6-3,386.9
2026-10-02 15:20:51,20261002,4,10,5-6-4,452.9
2026-10-02 15:20:51,20261002,4,10,6-1-2,152.8
2026-10-02 15:20:51,20261002,4,10,6-1-3,229.2
2026-10-02 15:20:51,20261002,4,10,6-1-4,299.5
2026-10-02 15:20:51,20261002,4,10,6-1-5,390.9
2026-10-02 15:20:51,20261002,4,10,6-2-1,244.3
2026-10-02 15:20:51,20261002,4,10,6-2-3,281.3
2026-10-02 15:20:51,20261002,4,10,6-2-4,283.5
2026-10-02 15:20:51,20261002,4,10,6-2-5,464.3
2026-10-02 15:20:51,20261002,4,10,6-3-1,273.1
2026-10-02 15:20:51,20261002,4,10,6-3-2,337.6
2026-10-02 15:20:51,20261002,4,10,6-3-4,340.7
2026-10-02 15:20:51,20261002,4,10,6-3-5,458.5
2026-10-02 15:20:51,20261002,4,10,6-4-1,386.9
2026-10-02 15:20:51,20261002,4,10,6-4-2,347.1
2026-10-02 15:20:51,20261002,4,10,6-4-3,589.5
2026-10-02 15:20:51,20261002,4,10,6-4-5,580.3
2026-10-02 15:20:51,20261002,4,10,6-5-1,608.9
2026-10-02 15:20:51,20261002,4,10,6-5-2,599.1
2026-10-02 15:20:51,20261002,4,10,6-5-3,790.3
2026-10-02 15:20:51,20261002,4,10,6-5-4,619.0
2026-10-02 15:23:30,20261002,9,11,1-2-3,40.1
2026-10-02 15:23:30,20261002,9,11,1-2-4,45.9
2026-10-02 15:23:30,20261002,9,11,1-2-5,54.0
2026-10-02 15:23:30,20261002,9,11,1-2-6,98.1
2026-10-02 15:23:30,20261002,9,11,1-3-2,31.5
2026-10-02 15:23:30,20261002,9,11,1-3-4,7.9
2026-10-02 15:23:30,20261002,9,11,1-3-5,9.6
2026-10-02 15:23:30,20261002,9,11,1-3-6,25.3
2026-10-02 15:23:30,20261002,9,11,1-4-2,38.9
2026-10-02 15:23:30,20261002,9,11,1-4-3,14.0
2026-10-02 15:23:30,20261002,9,11,1-4-5,18.7
2026-10-02 15:23:30,20261002,9,11,1-4-6,74.7
2026-10-02 15:23:30,20261002,9,11,1-5-2,55.0
2026-10-02 15:23:30,20261002,9,11,1-5-3,19.9
2026-10-02 15:23:30,20261002,9,11,1-5-4,29.5
2026-10-02 15:23:30,20261002,9,11,1-5-6,75.2
2026-10-02 15:23:30,20261002,9,11,1-6-2,118.8
2026-10-02 15:23:30,20261002,9,11,1-6-3,141.1
2026-10-02 15:23:30,20261002,9,11,1-6-4,154.6
2026-10-02 15:23:30,20261002,9,11,1-6-5,156.8
2026-10-02 15:23:30,20261002,9,11,2-1-3,103.6
2026-10-02 15:23:30,20261002,9,11,2-1-4,110.7
2026-10-02 15:23:30,20261002,9,11,2-1-5,136.0
2026-10-02 15:23:30,20261002,9,11,2-1-6,150.5
2026-10-02 15:23:30,20261002,9,11,2-3-1,171.1
2026-10-02 15:23:30,20261002,9,11,2-3-4,289.5
2026-10-02 15:23:30,20261002,9,11,2-3-5,168.5
2026-10-02 15:23:30,20261002,9,11,2-3-6,376.4
2026-10-02 15:23:30,20261002,9,11,2-4-1,332.1
2026-10-02 15:23:30,20261002,9,11,2-4-3,364.2
2026-10-02 15:23:30,20261002,9,11,2-4-5,262.6
2026-10-02 15:23:30,20261002,9,11,2-4-6,418.2
2026-10-02 15:23:30,20261002,9,11,2-5-1,235.2
2026-10-02 15:23:30,20261002,9,11,2-5-3,352.8
2026-10-02 15:23:30,20261002,9,11,2-5-4,376.4
2026-10-02 15:23:30,20261002,9,11,2-5-6,434.3
2026-10-02 15:23:30,20261002,9,11,2-6-1,376.4
2026-10-02 15:23:30,20261002,9,11,2-6-3,490.9
2026-10-02 15:23:30,20261002,9,11,2-6-4,594.3
2026-10-02 15:23:30,20261002,9,11,2-6-5,564.6
2026-10-02 15:23:30,20261002,9,11,3-1-2,71.4
2026-10-02 15:23:30,20261002,9,11,3-1-4,21.1
2026-10-02 15:23:30,20261002,9,11,3-1-5,19.4
2026-10-02 15:23:30,20261002,9,11,3-1-6,66.4
2026-10-02 15:23:30,20261002,9,11,3-2-1,154.6
2026-10-02 15:23:30,20261002,9,11,3-2-4,116.4
2026-10-02 15:23:30,20261002,9,11,3-2-5,213.0
2026-10-02 15:23:30,20261002,9,11,3-2-6,250.9
2026-10-02 15:23:30,20261002,9,11,3-4-1,60.7
2026-10-02 15:23:30,20261002,9,11,3-4-2,191.4
2026-10-02 15:23:30,20261002,9,11,3-4-5,62.7
2026-10-02 15:23:30,20261002,9,11,3-4-6,171.1
2026-10-02 15:23:30,20261002,9,11,3-5-1,54.5
2026-10-02 15:23:30,20261002,9,11,3-5-2,117.6
2026-10-02 15:23:30,20261002,9,11,3-5-4,67.2
2026-10-02 15:23:30,20261002,9,11,3-5-6,82.4
2026-10-02 15:23:30,20261002,9,11,3-6-1,188.2
2026-10-02 15:23:30,20261002,9,11,3-6-2,313.6
2026-10-02 15:23:30,20261002,9,11,3-6-4,305.2
2026-10-02 15:23:30,20261002,9,11,3-6-5,150.5
2026-10-02 15:23:30,20261002,9,11,4-1-2,176.4
2026-10-02 15:23:30,20261002,9,11,4-1-3,63.0
2026-10-02 15:23:30,20261002,9,11,4-1-5,59.1
2026-10-02 15:23:30,20261002,9,11,4-1-6,179.2
2026-10-02 15:23:30,20261002,9,11,4-2-1,376.4
2026-10-02 15:23:30,20261002,9,11,4-2-3,352.8
2026-10-02 15:23:30,20261002,9,11,4-2-5,342.2
2026-10-02 15:23:30,20261002,9,11,4-2-6,282.3
2026-10-02 15:23:30,20261002,9,11,4-3-1,110.7
2026-10-02 15:23:30,20261002,9,11,4-3-2,403.3
2026-10-02 15:23:30,20261002,9,11,4-3-5,124.0
2026-10-02 15:23:30,20261002,9,11,4-3-6,250.9
2026-10-02 15:23:30,20261002,9,11,4-5-1,86.2
2026-10-02 15:23:30,20261002,9,11,4-5-2,297.1
2026-10-02 15:23:30,20261002,9,11,4-5-3,146.6
2026-10-02 15:23:30,20261002,9,11,4-5-6,152.6
2026-10-02 15:23:30,20261002,9,11,4-6-1,342.2
2026-10-02 15:23:30,20261002,9,11,4-6-2,389.4
2026-10-02 15:23:30,20261002,9,11,4-6-3,451.7
2026-10-02 15:23:30,20261002,9,11,4-6-5,490.9
2026-10-02 15:23:30,20261002,9,11,5-1-2,118.8
2026-10-02 15:23:30,20261002,9,11,5-1-3,53.5
2026-10-02 15:23:30,20261002,9,11,5-1-4,62.7
2026-10-02 15:23:30,20261002,9,11,5-1-6,98.1
2026-10-02 15:23:30,20261002,9,11,5-2-1,322.6
2026-10-02 15:23:30,20261002,9,11,5-2-3,282.3
2026-10-02 15:23:30,20261002,9,11,5-2-4,191.4
2026-10-02 15:23:30,20261002,9,11,5-2-6,205.3
2026-10-02 15:23:30,20261002,9,11,5-3-1,94.1
2026-10-02 15:23:30,20261002,9,11,5-3-2,289.5
2026-10-02 15:23:30,20261002,9,11,5-3-4,156.8
2026-10-02 15:23:30,20261002,9,11,5-3-6,137.7
2026-10-02 15:23:30,20261002,9,11,5-4-1,128.3
2026-10-02 15:23:30,20261002,9,11,5-4-2,434.3
2026-10-02 15:23:30,20261002,9,11,5-4-3,173.7
2026-10-02 15:23:30,20261002,9,11,5-4-6,201.6
2026-10-02 15:23:30,20261002,9,11,5-6-1,188.2
2026-10-02 15:23:30,20261002,9,11,5-6-2,313.6
2026-10-02 15:23:30,20261002,9,11,5-6-3,134.4
2026-10-02 15:23:30,20261002,9,11,5-6-4,305.2
2026-10-02 15:23:30,20261002,9,11,6-1-2,182.1
2026-10-02 15:23:30,20261002,9,11,6-1-3,403.3
2026-10-02 15:23:30,20261002,9,11,6-1-4,513.3
2026-10-02 15:23:30,20261002,9,11,6-1-5,564.6
2026-10-02 15:23:30,20261002,9,11,6-2-1,403.3
2026-10-02 15:23:30,20261002,9,11,6-2-3,564.6
2026-10-02 15:23:30,20261002,9,11,6-2-4,250.9
2026-10-02 15:23:30,20261002,9,11,6-2-5,868.6
2026-10-02 15:23:30,20261002,9,11,6-3-1,627.3
2026-10-02 15:23:30,20261002,9,11,6-3-2,594.3
2026-10-02 15:23:30,20261002,9,11,6-3-4,664.2
2026-10-02 15:23:30,20261002,9,11,6-3-5,305.2
2026-10-02 15:23:30,20261002,9,11,6-4-1,1026.0
2026-10-02 15:23:30,20261002,9,11,6-4-2,490.9
2026-10-02 15:23:30,20261002,9,11,6-4-3,627.3
2026-10-02 15:23:30,20261002,9,11,6-4-5,322.6
2026-10-02 15:23:30,20261002,9,11,6-5-1,705.7
2026-10-02 15:23:30,20261002,9,11,6-5-2,752.8
2026-10-02 15:23:30,20261002,9,11,6-5-3,342.2
2026-10-02 15:23:30,20261002,9,11,6-5-4,941.0
2026-10-02 15:27:57,20261002,16,10,1-2-3,9.7
2026-10-02 15:27:57,20261002,16,10,1-2-4,12.9
2026-10-02 15:27:57,20261002,16,10,1-2-5,17.3
2026-10-02 15:27:57,20261002,16,10,1-2-6,18.8
2026-10-02 15:27:57,20261002,16,10,1-3-2,13.4
2026-10-02 15:27:57,20261002,16,10,1-3-4,11.0
2026-10-02 15:27:57,20261002,16,10,1-3-5,14.8
2026-10-02 15:27:57,20261002,16,10,1-3-6,20.3
2026-10-02 15:27:57,20261002,16,10,1-4-2,24.2
2026-10-02 15:27:57,20261002,16,10,1-4-3,22.3
2026-10-02 15:27:57,20261002,16,10,1-4-5,30.4
2026-10-02 15:27:57,20261002,16,10,1-4-6,28.7
2026-10-02 15:27:57,20261002,16,10,1-5-2,35.5
2026-10-02 15:27:57,20261002,16,10,1-5-3,31.6
2026-10-02 15:27:57,20261002,16,10,1-5-4,50.3
2026-10-02 15:27:57,20261002,16,10,1-5-6,46.9
2026-10-02 15:27:57,20261002,16,10,1-6-2,53.4
2026-10-02 15:27:57,20261002,16,10,1-6-3,57.9
2026-10-02 15:27:57,20261002,16,10,1-6-4,72.9
2026-10-02 15:27:57,20261002,16,10,1-6-5,75.0
2026-10-02 15:27:57,20261002,16,10,2-1-3,36.9
2026-10-02 15:27:57,20261002,16,10,2-1-4,46.7
2026-10-02 15:27:57,20261002,16,10,2-1-5,51.8
2026-10-02 15:27:57,20261002,16,10,2-1-6,56.2
2026-10-02 15:27:57,20261002,16,10,2-3-1,97.0
2026-10-02 15:27:57,20261002,16,10,2-3-4,183.0
2026-10-02 15:27:57,20261002,16,10,2-3-5,198.7
2026-10-02 15:27:57,20261002,16,10,2-3-6,231.0
2026-10-02 15:27:57,20261002,16,10,2-4-1,163.7
2026-10-02 15:27:57,20261002,16,10,2-4-3,272.1
2026-10-02 15:27:57,20261002,16,10,2-4-5,333.0
2026-10-02 15:27:57,20261002,16,10,2-4-6,278.8
2026-10-02 15:27:57,20261002,16,10,2-5-1,202.1
2026-10-02 15:27:57,20261002,16,10,2-5-3,323.2
2026-10-02 15:27:57,20261002,16,10,2-5-4,461.7
2026-10-02 15:27:57,20261002,16,10,2-5-6,364.6
2026-10-02 15:27:57,20261002,16,10,2-6-1,222.8
2026-10-02 15:27:57,20261002,16,10,2-6-3,407.7
2026-10-02 15:27:57,20261002,16,10,2-6-4,403.3
2026-10-02 15:27:57,20261002,16,10,2-6-5,493.9
2026-10-02 15:27:57,20261002,16,10,3-1-2,65.9
2026-10-02 15:27:57,20261002,16,10,3-1-4,64.1
2026-10-02 15:27:57,20261002,16,10,3-1-5,62.1
2026-10-02 15:27:57,20261002,16,10,3-1-6,97.4
2026-10-02 15:27:57,20261002,16,10,3-2-1,145.6
2026-10-02 15:27:57,20261002,16,10,3-2-4,281.5
2026-10-02 15:27:57,20261002,16,10,3-2-5,271.0
2026-10-02 15:27:57,20261002,16,10,3-2-6,283.0
2026-10-02 15:27:57,20261002,16,10,3-4-1,155.2
2026-10-02 15:27:57,20261002,16,10,3-4-2,298.5
2026-10-02 15:27:57,20261002,16,10,3-4-5,242.4
2026-10-02 15:27:57,20261002,16,10,3-4-6,251.4
2026-10-02 15:27:57,20261002,16,10,3-5-1,167.2
2026-10-02 15:27:57,20261002,16,10,3-5-2,279.4
2026-10-02 15:27:57,20261002,16,10,3-5-4,312.0
2026-10-02 15:27:57,20261002,16,10,3-5-6,291.2
2026-10-02 15:27:57,20261002,16,10,3-6-1,351.8
2026-10-02 15:27:57,20261002,16,10,3-6-2,500.5
2026-10-02 15:27:57,20261002,16,10,3-6-4,483.9
2026-10-02 15:27:57,20261002,16,10,3-6-5,517.3
2026-10-02 15:27:57,20261002,16,10,4-1-2,140.6
2026-10-02 15:27:57,20261002,16,10,4-1-3,134.6
2026-10-02 15:27:57,20261002,16,10,4-1-5,128.0
2026-10-02 15:27:57,20261002,16,10,4-1-6,155.8
2026-10-02 15:27:57,20261002,16,10,4-2-1,247.6
2026-10-02 15:27:57,20261002,16,10,4-2-3,412.9
2026-10-02 15:27:57,20261002,16,10,4-2-5,423.6
2026-10-02 15:27:57,20261002,16,10,4-2-6,376.1
2026-10-02 15:27:57,20261002,16,10,4-3-1,225.8
2026-10-02 15:27:57,20261002,16,10,4-3-2,449.8
2026-10-02 15:27:57,20261002,16,10,4-3-5,382.1
2026-10-02 15:27:57,20261002,16,10,4-3-6,372.9
2026-10-02 15:27:57,20261002,16,10,4-5-1,221.6
2026-10-02 15:27:57,20261002,16,10,4-5-2,437.0
2026-10-02 15:27:57,20261002,16,10,4-5-3,425.0
2026-10-02 15:27:57,20261002,16,10,4-5-6,303.3
2026-10-02 15:27:57,20261002,16,10,4-6-1,364.1
2026-10-02 15:27:57,20261002,16,10,4-6-2,491.1
2026-10-02 15:27:57,20261002,16,10,4-6-3,540.9
2026-10-02 15:27:57,20261002,16,10,4-6-5,449.8
2026-10-02 15:27:57,20261002,16,10,5-1-2,137.7
2026-10-02 15:27:57,20261002,16,10,5-1-3,124.9
2026-10-02 15:27:57,20261002,16,10,5-1-4,172.0
2026-10-02 15:27:57,20261002,16,10,5-1-6,169.0
2026-10-02 15:27:57,20261002,16,10,5-2-1,284.2
2026-10-02 15:27:57,20261002,16,10,5-2-3,429.1
2026-10-02 15:27:57,20261002,16,10,5-2-4,543.1
2026-10-02 15:27:57,20261002,16,10,5-2-6,350.9
2026-10-02 15:27:57,20261002,16,10,5-3-1,238.2
2026-10-02 15:27:57,20261002,16,10,5-3-2,490.2
2026-10-02 15:27:57,20261002,16,10,5-3-4,511.3
2026-10-02 15:27:57,20261002,16,10,5-3-6,464.1
2026-10-02 15:27:57,20261002,16,10,5-4-1,321.2
2026-10-02 15:27:57,20261002,16,10,5-4-2,557.0
2026-10-02 15:27:57,20261002,16,10,5-4-3,554.6
2026-10-02 15:27:57,20261002,16,10,5-4-6,432.0
2026-10-02 15:27:57,20261002,16,10,5-6-1,377.2
2026-10-02 15:27:57,20261002,16,10,5-6-2,580.4
2026-10-02 15:27:57,20261002,16,10,5-6-3,468.3
2026-10-02 15:27:57,20261002,16,10,5-6-4,588.3
2026-10-02 15:27:57,20261002,16,10,6-1-2,211.2
2026-10-02 15:27:57,20261002,16,10,6-1-3,339.5
2026-10-02 15:27:57,20261002,16,10,6-1-4,393.6
2026-10-02 15:27:57,20261002,16,10,6-1-5,428.4
2026-10-02 15:27:57,20261002,16,10,6-2-1,333.9
2026-10-02 15:27:57,20261002,16,10,6-2-3,626.3
2026-10-02 15:27:57,20261002,16,10,6-2-4,678.2
2026-10-02 15:27:57,20261002,16,10,6-2-5,648.0
2026-10-02 15:27:57,20261002,16,10,6-3-1,543.1
2026-10-02 15:27:57,20261002,16,10,6-3-2,833.7
2026-10-02 15:27:57,20261002,16,10,6-3-4,748.0
2026-10-02 15:27:57,20261002,16,10,6-3-5,864.0
2026-10-02 15:27:57,20261002,16,10,6-4-1,654.5
2026-10-02 15:27:57,20261002,16,10,6-4-2,725.2
2026-10-02 15:27:57,20261002,16,10,6-4-3,893.5
2026-10-02 15:27:57,20261002,16,10,6-4-5,767.7
2026-10-02 15:27:57,20261002,16,10,6-5-1,646.4
2026-10-02 15:27:57,20261002,16,10,6-5-2,820.6
2026-10-02 15:27:57,20261002,16,10,6-5-3,783.8
2026-10-02 15:27:57,20261002,16,10,6-5-4,703.7
2026-10-02 15:31:37,20261002,22,10,1-2-3,7.8
2026-10-02 15:31:37,20261002,22,10,1-2-4,27.9
2026-10-02 15:31:37,20261002,22,10,1-2-5,55.4
2026-10-02 15:31:37,20261002,22,10,1-2-6,10.8
2026-10-02 15:31:37,20261002,22,10,1-3-2,11.2
2026-10-02 15:31:37,20261002,22,10,1-3-4,40.6
2026-10-02 15:31:37,20261002,22,10,1-3-5,87.3
2026-10-02 15:31:37,20261002,22,10,1-3-6,25.8
2026-10-02 15:31:37,20261002,22,10,1-4-2,40.3
2026-10-02 15:31:37,20261002,22,10,1-4-3,78.9
2026-10-02 15:31:37,20261002,22,10,1-4-5,229.0
2026-10-02 15:31:37,20261002,22,10,1-4-6,133.0
2026-10-02 15:31:37,20261002,22,10,1-5-2,186.2
2026-10-02 15:31:37,20261002,22,10,1-5-3,208.5
2026-10-02 15:31:37,20261002,22,10,1-5-4,254.0
2026-10-02 15:31:37,20261002,22,10,1-5-6,249.4
2026-10-02 15:31:37,20261002,22,10,1-6-2,21.1
2026-10-02 15:31:37,20261002,22,10,1-6-3,30.2
2026-10-02 15:31:37,20261002,22,10,1-6-4,123.6
2026-10-02 15:31:37,20261002,22,10,1-6-5,254.0
2026-10-02 15:31:37,20261002,22,10,2-1-3,16.9
2026-10-02 15:31:37,20261002,22,10,2-1-4,47.6
2026-10-02 15:31:37,20261002,22,10,2-1-5,144.0
2026-10-02 15:31:37,20261002,22,10,2-1-6,18.6
2026-10-02 15:31:37,20261002,22,10,2-3-1,42.0
2026-10-02 15:31:37,20261002,22,10,2-3-4,101.2
2026-10-02 15:31:37,20261002,22,10,2-3-5,147.0
2026-10-02 15:31:37,20261002,22,10,2-3-6,48.8
2026-10-02 15:31:37,20261002,22,10,2-4-1,56.3
2026-10-02 15:31:37,20261002,22,10,2-4-3,142.5
2026-10-02 15:31:37,20261002,22,10,2-4-5,148.6
2026-10-02 15:31:37,20261002,22,10,2-4-6,61.2
2026-10-02 15:31:37,20261002,22,10,2-5-1,268.6
2026-10-02 15:31:37,20261002,22,10,2-5-3,273.9
2026-10-02 15:31:37,20261002,22,10,2-5-4,291.0
2026-10-02 15:31:37,20261002,22,10,2-5-6,221.7
2026-10-02 15:31:37,20261002,22,10,2-6-1,40.0
2026-10-02 15:31:37,20261002,22,10,2-6-3,62.6
2026-10-02 15:31:37,20261002,22,10,2-6-4,81.2
2026-10-02 15:31:37,20261002,22,10,2-6-5,135.6
2026-10-02 15:31:37,20261002,22,10,3-1-2,38.3
2026-10-02 15:31:37,20261002,22,10,3-1-4,69.8
2026-10-02 15:31:37,20261002,22,10,3-1-5,57.2
2026-10-02 15:31:37,20261002,22,10,3-1-6,55.6
2026-10-02 15:31:37,20261002,22,10,3-2-1,52.9
2026-10-02 15:31:37,20261002,22,10,3-2-4,104.2
2026-10-02 15:31:37,20261002,22,10,3-2-5,127.0
2026-10-02 15:31:37,20261002,22,10,3-2-6,54.5
2026-10-02 15:31:37,20261002,22,10,3-4-1,268.6
2026-10-02 15:31:37,20261002,22,10,3-4-2,191.3
2026-10-02 15:31:37,20261002,22,10,3-4-5,537.3
2026-10-02 15:31:37,20261002,22,10,3-4-6,303.7
2026-10-02 15:31:37,20261002,22,10,3-5-1,285.1
2026-10-02 15:31:37,20261002,22,10,3-5-2,221.7
2026-10-02 15:31:37,20261002,22,10,3-5-4,450.6
2026-10-02 15:31:37,20261002,22,10,3-5-6,450.6
2026-10-02 15:31:37,20261002,22,10,3-6-1,131.8
2026-10-02 15:31:37,20261002,22,10,3-6-2,150.2
2026-10-02 15:31:37,20261002,22,10,3-6-4,258.7
2026-10-02 15:31:37,20261002,22,10,3-6-5,436.5
2026-10-02 15:31:37,20261002,22,10,4-1-2,229.0
2026-10-02 15:31:37,20261002,22,10,4-1-3,367.6
2026-10-02 15:31:37,20261002,22,10,4-1-5,221.7
2026-10-02 15:31:37,20261002,22,10,4-1-6,211.6
2026-10-02 15:31:37,20261002,22,10,4-2-1,91.9
2026-10-02 15:31:37,20261002,22,10,4-2-3,349.2
2026-10-02 15:31:37,20261002,22,10,4-2-5,291.0
2026-10-02 15:31:37,20261002,22,10,4-2-6,236.7
2026-10-02 15:31:37,20261002,22,10,4-3-1,436.5
2026-10-02 15:31:37,20261002,22,10,4-3-2,436.5
2026-10-02 15:31:37,20261002,22,10,4-3-5,517.4
2026-10-02 15:31:37,20261002,22,10,4-3-6,367.6
2026-10-02 15:31:37,20261002,22,10,4-5-1,303.7
2026-10-02 15:31:37,20261002,22,10,4-5-2,240.8
2026-10-02 15:31:37,20261002,22,10,4-5-3,665.2
2026-10-02 15:31:37,20261002,22,10,4-5-6,582.1
2026-10-02 15:31:37,20261002,22,10,4-6-1,291.0
2026-10-02 15:31:37,20261002,22,10,4-6-2,303.7
2026-10-02 15:31:37,20261002,22,10,4-6-3,423.3
2026-10-02 15:31:37,20261002,22,10,4-6-5,607.4
2026-10-02 15:31:37,20261002,22,10,5-1-2,291.0
2026-10-02 15:31:37,20261002,22,10,5-1-3,254.0
2026-10-02 15:31:37,20261002,22,10,5-1-4,240.8
2026-10-02 15:31:37,20261002,22,10,5-1-6,324.9
2026-10-02 15:31:37,20261002,22,10,5-2-1,465.7
2026-10-02 15:31:37,20261002,22,10,5-2-3,537.3
2026-10-02 15:31:37,20261002,22,10,5-2-4,332.6
2026-10-02 15:31:37,20261002,22,10,5-2-6,232.8
2026-10-02 15:31:37,20261002,22,10,5-3-1,236.7
2026-10-02 15:31:37,20261002,22,10,5-3-2,358.2
2026-10-02 15:31:37,20261002,22,10,5-3-4,582.1
2026-10-02 15:31:37,20261002,22,10,5-3-6,873.1
2026-10-02 15:31:37,20261002,22,10,5-4-1,303.7
2026-10-02 15:31:37,20261002,22,10,5-4-2,377.5
2026-10-02 15:31:37,20261002,22,10,5-4-3,607.4
2026-10-02 15:31:37,20261002,22,10,5-4-6,450.6
2026-10-02 15:31:37,20261002,22,10,5-6-1,665.2
2026-10-02 15:31:37,20261002,22,10,5-6-2,558.8
2026-10-02 15:31:37,20261002,22,10,5-6-3,582.1
2026-10-02 15:31:37,20261002,22,10,5-6-4,997.9
2026-10-02 15:31:37,20261002,22,10,6-1-2,45.5
2026-10-02 15:31:37,20261002,22,10,6-1-3,75.9
2026-10-02 15:31:37,20261002,22,10,6-1-4,218.2
2026-10-02 15:31:37,20261002,22,10,6-1-5,388.0
2026-10-02 15:31:37,20261002,22,10,6-2-1,64.9
2026-10-02 15:31:37,20261002,22,10,6-2-3,94.3
2026-10-02 15:31:37,20261002,22,10,6-2-4,144.0
2026-10-02 15:31:37,20261002,22,10,6-2-5,273.9
2026-10-02 15:31:37,20261002,22,10,6-3-1,117.4
2026-10-02 15:31:37,20261002,22,10,6-3-2,130.5
2026-10-02 15:31:37,20261002,22,10,6-3-4,332.6
2026-10-02 15:31:37,20261002,22,10,6-3-5,635.0
2026-10-02 15:31:37,20261002,22,10,6-4-1,498.9
2026-10-02 15:31:37,20261002,22,10,6-4-2,399.1
2026-10-02 15:31:37,20261002,22,10,6-4-3,498.9
2026-10-02 15:31:37,20261002,22,10,6-4-5,821.8
2026-10-02 15:31:37,20261002,22,10,6-5-1,465.7
2026-10-02 15:31:37,20261002,22,10,6-5-2,558.8
2026-10-02 15:31:37,20261002,22,10,6-5-3,423.3
2026-10-02 15:31:37,20261002,22,10,6-5-4,931.4
2026-10-02 15:34:30,20261002,13,11,1-2-3,47.7
2026-10-02 15:34:30,20261002,13,11,1-2-4,80.8
2026-10-02 15:34:30,20261002,13,11,1-2-5,112.0
2026-10-02 15:34:30,20261002,13,11,1-2-6,90.0
2026-10-02 15:34:30,20261002,13,11,1-3-2,30.5
2026-10-02 15:34:30,20261002,13,11,1-3-4,4.9
2026-10-02 15:34:30,20261002,13,11,1-3-5,8.8
2026-10-02 15:34:30,20261002,13,11,1-3-6,32.6
2026-10-02 15:34:30,20261002,13,11,1-4-2,47.6
2026-10-02 15:34:30,20261002,13,11,1-4-3,7.5
2026-10-02 15:34:30,20261002,13,11,1-4-5,13.3
2026-10-02 15:34:30,20261002,13,11,1-4-6,35.5
2026-10-02 15:34:30,20261002,13,11,1-5-2,140.9
2026-10-02 15:34:30,20261002,13,11,1-5-3,21.7
2026-10-02 15:34:30,20261002,13,11,1-5-4,28.1
2026-10-02 15:34:30,20261002,13,11,1-5-6,90.6
2026-10-02 15:34:30,20261002,13,11,1-6-2,112.9
2026-10-02 15:34:30,20261002,13,11,1-6-3,58.5
2026-10-02 15:34:30,20261002,13,11,1-6-4,79.0
2026-10-02 15:34:30,20261002,13,11,1-6-5,136.8
2026-10-02 15:34:30,20261002,13,11,2-1-3,212.4
2026-10-02 15:34:30,20261002,13,11,2-1-4,258.8
2026-10-02 15:34:30,20261002,13,11,2-1-5,258.8
2026-10-02 15:34:30,20261002,13,11,2-1-6,490.8
2026-10-02 15:34:30,20261002,13,11,2-3-1,365.0
2026-10-02 15:34:30,20261002,13,11,2-3-4,459.1
2026-10-02 15:34:30,20261002,13,11,2-3-5,395.4
2026-10-02 15:34:30,20261002,13,11,2-3-6,406.7
2026-10-02 15:34:30,20261002,13,11,2-4-1,547.5
2026-10-02 15:34:30,20261002,13,11,2-4-3,647.0
2026-10-02 15:34:30,20261002,13,11,2-4-5,527.2
2026-10-02 15:34:30,20261002,13,11,2-4-6,790.8
2026-10-02 15:34:30,20261002,13,11,2-5-1,490.8
2026-10-02 15:34:30,20261002,13,11,2-5-3,527.2
2026-10-02 15:34:30,20261002,13,11,2-5-4,790.8
2026-10-02 15:34:30,20261002,13,11,2-5-6,647.0
2026-10-02 15:34:30,20261002,13,11,2-6-1,365.0
2026-10-02 15:34:30,20261002,13,11,2-6-3,618.9
2026-10-02 15:34:30,20261002,13,11,2-6-4,444.8
2026-10-02 15:34:30,20261002,13,11,2-6-5,593.1
2026-10-02 15:34:30,20261002,13,11,3-1-2,225.9
2026-10-02 15:34:30,20261002,13,11,3-1-4,27.4
2026-10-02 15:34:30,20261002,13,11,3-1-5,47.7
2026-10-02 15:34:30,20261002,13,11,3-1-6,120.6
2026-10-02 15:34:30,20261002,13,11,3-2-1,316.3
2026-10-02 15:34:30,20261002,13,11,3-2-4,233.3
2026-10-02 15:34:30,20261002,13,11,3-2-5,296.5
2026-10-02 15:34:30,20261002,13,11,3-2-6,249.7
2026-10-02 15:34:30,20261002,13,11,3-4-1,53.9
2026-10-02 15:34:30,20261002,13,11,3-4-2,365.0
2026-10-02 15:34:30,20261002,13,11,3-4-5,83.7
2026-10-02 15:34:30,20261002,13,11,3-4-6,171.5
2026-10-02 15:34:30,20261002,13,11,3-5-1,103.9
2026-10-02 15:34:30,20261002,13,11,3-5-2,233.3
2026-10-02 15:34:30,20261002,13,11,3-5-4,122.7
2026-10-02 15:34:30,20261002,13,11,3-5-6,233.3
2026-10-02 15:34:30,20261002,13,11,3-6-1,355.8
2026-10-02 15:34:30,20261002,13,11,3-6-2,444.8
2026-10-02 15:34:30,20261002,13,11,3-6-4,474.5
2026-10-02 15:34:30,20261002,13,11,3-6-5,365.0
2026-10-02 15:34:30,20261002,13,11,4-1-2,103.9
2026-10-02 15:34:30,20261002,13,11,4-1-3,36.3
2026-10-02 15:34:30,20261002,13,11,4-1-5,42.7
2026-10-02 15:34:30,20261002,13,11,4-1-6,95.5
2026-10-02 15:34:30,20261002,13,11,4-2-1,290.5
2026-10-02 15:34:30,20261002,13,11,4-2-3,431.3
2026-10-02 15:34:30,20261002,13,11,4-2-5,258.8
2026-10-02 15:34:30,20261002,13,11,4-2-6,365.0
2026-10-02 15:34:30,20261002,13,11,4-3-1,56.4
2026-10-02 15:34:30,20261002,13,11,4-3-2,309.4
2026-10-02 15:34:30,20261002,13,11,4-3-5,86.7
2026-10-02 15:34:30,20261002,13,11,4-3-6,163.6
2026-10-02 15:34:30,20261002,13,11,4-5-1,61.6
2026-10-02 15:34:30,20261002,13,11,4-5-2,154.7
2026-10-02 15:34:30,20261002,13,11,4-5-3,93.0
2026-10-02 15:34:30,20261002,13,11,4-5-6,107.0
2026-10-02 15:34:30,20261002,13,11,4-6-1,206.3
2026-10-02 15:34:30,20261002,13,11,4-6-2,395.4
2026-10-02 15:34:30,20261002,13,11,4-6-3,316.3
2026-10-02 15:34:30,20261002,13,11,4-6-5,284.7
2026-10-02 15:34:30,20261002,13,11,5-1-2,331.0
2026-10-02 15:34:30,20261002,13,11,5-1-3,82.7
2026-10-02 15:34:30,20261002,13,11,5-1-4,110.3
2026-10-02 15:34:30,20261002,13,11,5-1-6,254.1
2026-10-02 15:34:30,20261002,13,11,5-2-1,547.5
2026-10-02 15:34:30,20261002,13,11,5-2-3,459.1
2026-10-02 15:34:30,20261002,13,11,5-2-4,254.1
2026-10-02 15:34:30,20261002,13,11,5-2-6,459.1
2026-10-02 15:34:30,20261002,13,11,5-3-1,139.5
2026-10-02 15:34:30,20261002,13,11,5-3-2,431.3
2026-10-02 15:34:30,20261002,13,11,5-3-4,180.1
2026-10-02 15:34:30,20261002,13,11,5-3-6,263.6
2026-10-02 15:34:30,20261002,13,11,5-4-1,154.7
2026-10-02 15:34:30,20261002,13,11,5-4-2,331.0
2026-10-02 15:34:30,20261002,13,11,5-4-3,195.0
2026-10-02 15:34:30,20261002,13,11,5-4-6,263.6
2026-10-02 15:34:30,20261002,13,11,5-6-1,569.4
2026-10-02 15:34:30,20261002,13,11,5-6-2,790.8
2026-10-02 15:34:30,20261002,13,11,5-6-3,418.6
2026-10-02 15:34:30,20261002,13,11,5-6-4,1095.0
2026-10-02 15:34:30,20261002,13,11,6-1-2,284.7
2026-10-02 15:34:30,20261002,13,11,6-1-3,225.9
2026-10-02 15:34:30,20261002,13,11,6-1-4,527.2
2026-10-02 15:34:30,20261002,13,11,6-1-5,790.8
2026-10-02 15:34:30,20261002,13,11,6-2-1,527.2
2026-10-02 15:34:30,20261002,13,11,6-2-3,374.6
2026-10-02 15:34:30,20261002,13,11,6-2-4,618.9
2026-10-02 15:34:30,20261002,13,11,6-2-5,474.5
2026-10-02 15:34:30,20261002,13,11,6-3-1,296.5
2026-10-02 15:34:30,20261002,13,11,6-3-2,1016.0
2026-10-02 15:34:30,20261002,13,11,6-3-4,749.2
2026-10-02 15:34:30,20261002,13,11,6-3-5,490.8
2026-10-02 15:34:30,20261002,13,11,6-4-1,749.2
2026-10-02 15:34:30,20261002,13,11,6-4-2,1016.0
2026-10-02 15:34:30,20261002,13,11,6-4-3,1016.0
2026-10-02 15:34:30,20261002,13,11,6-4-5,1294.0
2026-10-02 15:34:30,20261002,13,11,6-5-1,1016.0
2026-10-02 15:34:30,20261002,13,11,6-5-2,1294.0
2026-10-02 15:34:30,20261002,13,11,6-5-3,1186.0
2026-10-02 15:34:30,20261002,13,11,6-5-4,949.0
2026-10-02 15:36:56,20261002,7,2,1-2-3,53.4
2026-10-02 15:36:56,20261002,7,2,1-2-4,44.7
2026-10-02 15:36:56,20261002,7,2,1-2-5,60.7
2026-10-02 15:36:56,20261002,7,2,1-2-6,67.4
2026-10-02 15:36:56,20261002,7,2,1-3-2,62.2
2026-10-02 15:36:56,20261002,7,2,1-3-4,62.6
2026-10-02 15:36:56,20261002,7,2,1-3-5,82.6
2026-10-02 15:36:56,20261002,7,2,1-3-6,166.7
2026-10-02 15:36:56,20261002,7,2,1-4-2,32.4
2026-10-02 15:36:56,20261002,7,2,1-4-3,38.5
2026-10-02 15:36:56,20261002,7,2,1-4-5,21.8
2026-10-02 15:36:56,20261002,7,2,1-4-6,72.3
2026-10-02 15:36:56,20261002,7,2,1-5-2,57.8
2026-10-02 15:36:56,20261002,7,2,1-5-3,80.6
2026-10-02 15:36:56,20261002,7,2,1-5-4,39.5
2026-10-02 15:36:56,20261002,7,2,1-5-6,100.4
2026-10-02 15:36:56,20261002,7,2,1-6-2,87.8
2026-10-02 15:36:56,20261002,7,2,1-6-3,317.4
2026-10-02 15:36:56,20261002,7,2,1-6-4,149.1
2026-10-02 15:36:56,20261002,7,2,1-6-5,132.9
2026-10-02 15:36:56,20261002,7,2,2-1-3,68.8
2026-10-02 15:36:56,20261002,7,2,2-1-4,84.1
2026-10-02 15:36:56,20261002,7,2,2-1-5,81.3
2026-10-02 15:36:56,20261002,7,2,2-1-6,80.6
2026-10-02 15:36:56,20261002,7,2,2-3-1,142.6
2026-10-02 15:36:56,20261002,7,2,2-3-4,120.0
2026-10-02 15:36:56,20261002,7,2,2-3-5,110.5
2026-10-02 15:36:56,20261002,7,2,2-3-6,246.0
2026-10-02 15:36:56,20261002,7,2,2-4-1,102.5
2026-10-02 15:36:56,20261002,7,2,2-4-3,118.5
2026-10-02 15:36:56,20261002,7,2,2-4-5,56.5
2026-10-02 15:36:56,20261002,7,2,2-4-6,113.1
2026-10-02 15:36:56,20261002,7,2,2-5-1,109.3
2026-10-02 15:36:56,20261002,7,2,2-5-3,213.9
2026-10-02 15:36:56,20261002,7,2,2-5-4,77.4
2026-10-02 15:36:56,20261002,7,2,2-5-6,182.2
2026-10-02 15:36:56,20261002,7,2,2-6-1,118.5
2026-10-02 15:36:56,20261002,7,2,2-6-3,615.0
2026-10-02 15:36:56,20261002,7,2,2-6-4,131.2
2026-10-02 15:36:56,20261002,7,2,2-6-5,192.9
2026-10-02 15:36:56,20261002,7,2,3-1-2,49.7
2026-10-02 15:36:56,20261002,7,2,3-1-4,83.3
2026-10-02 15:36:56,20261002,7,2,3-1-5,56.2
2026-10-02 15:36:56,20261002,7,2,3-1-6,172.6
2026-10-02 15:36:56,20261002,7,2,3-2-1,121.4
2026-10-02 15:36:56,20261002,7,2,3-2-4,77.4
2026-10-02 15:36:56,20261002,7,2,3-2-5,114.4
2026-10-02 15:36:56,20261002,7,2,3-2-6,185.6
2026-10-02 15:36:56,20261002,7,2,3-4-1,131.2
2026-10-02 15:36:56,20261002,7,2,3-4-2,117.1
2026-10-02 15:36:56,20261002,7,2,3-4-5,59.2
2026-10-02 15:36:56,20261002,7,2,3-4-6,138.6
2026-10-02 15:36:56,20261002,7,2,3-5-1,146.8
2026-10-02 15:36:56,20261002,7,2,3-5-2,82.6
2026-10-02 15:36:56,20261002,7,2,3-5-4,84.1
2026-10-02 15:36:56,20261002,7,2,3-5-6,223.6
2026-10-02 15:36:56,20261002,7,2,3-6-1,820.0
2026-10-02 15:36:56,20261002,7,2,3-6-2,447.3
2026-10-02 15:36:56,20261002,7,2,3-6-4,234.3
2026-10-02 15:36:56,20261002,7,2,3-6-5,378.4
2026-10-02 15:36:56,20261002,7,2,4-1-2,36.8
2026-10-02 15:36:56,20261002,7,2,4-1-3,43.9
2026-10-02 15:36:56,20261002,7,2,4-1-5,21.5
2026-10-02 15:36:56,20261002,7,2,4-1-6,81.3
2026-10-02 15:36:56,20261002,7,2,4-2-1,67.4
2026-10-02 15:36:56,20261002,7,2,4-2-3,84.8
2026-10-02 15:36:56,20261002,7,2,4-2-5,44.7
2026-10-02 15:36:56,20261002,7,2,4-2-6,82.0
2026-10-02 15:36:56,20261002,7,2,4-3-1,93.7
2026-10-02 15:36:56,20261002,7,2,4-3-2,175.7
2026-10-02 15:36:56,20261002,7,2,4-3-5,58.2
2026-10-02 15:36:56,20261002,7,2,4-3-6,121.4
2026-10-02 15:36:56,20261002,7,2,4-5-1,23.1
2026-10-02 15:36:56,20261002,7,2,4-5-2,28.1
2026-10-02 15:36:56,20261002,7,2,4-5-3,37.8
2026-10-02 15:36:56,20261002,7,2,4-5-6,32.5
2026-10-02 15:36:56,20261002,7,2,4-6-1,123.0
2026-10-02 15:36:56,20261002,7,2,4-6-2,138.6
2026-10-02 15:36:56,20261002,7,2,4-6-3,172.6
2026-10-02 15:36:56,20261002,7,2,4-6-5,91.9
2026-10-02 15:36:56,20261002,7,2,5-1-2,93.7
2026-10-02 15:36:56,20261002,7,2,5-1-3,131.2
2026-10-02 15:36:56,20261002,7,2,5-1-4,52.6
2026-10-02 15:36:56,20261002,7,2,5-1-6,140.5
2026-10-02 15:36:56,20261002,7,2,5-2-1,146.8
2026-10-02 15:36:56,20261002,7,2,5-2-3,178.9
2026-10-02 15:36:56,20261002,7,2,5-2-4,65.1
2026-10-02 15:36:56,20261002,7,2,5-2-6,185.6
2026-10-02 15:36:56,20261002,7,2,5-3-1,228.8
2026-10-02 15:36:56,20261002,7,2,5-3-2,234.3
2026-10-02 15:36:56,20261002,7,2,5-3-4,101.4
2026-10-02 15:36:56,20261002,7,2,5-3-6,205.0
2026-10-02 15:36:56,20261002,7,2,5-4-1,54.0
2026-10-02 15:36:56,20261002,7,2,5-4-2,75.6
2026-10-02 15:36:56,20261002,7,2,5-4-3,75.1
2026-10-02 15:36:56,20261002,7,2,5-4-6,68.3
2026-10-02 15:36:56,20261002,7,2,5-6-1,351.4
2026-10-02 15:36:56,20261002,7,2,5-6-2,339.3
2026-10-02 15:36:56,20261002,7,2,5-6-3,161.3
2026-10-02 15:36:56,20261002,7,2,5-6-4,105.8
2026-10-02 15:36:56,20261002,7,2,6-1-2,75.1
2026-10-02 15:36:56,20261002,7,2,6-1-3,393.6
2026-10-02 15:36:56,20261002,7,2,6-1-4,240.0
2026-10-02 15:36:56,20261002,7,2,6-1-5,289.4
2026-10-02 15:36:56,20261002,7,2,6-2-1,123.0
2026-10-02 15:36:56,20261002,7,2,6-2-3,144.7
2026-10-02 15:36:56,20261002,7,2,6-2-4,209.3
2026-10-02 15:36:56,20261002,7,2,6-2-5,281.1
2026-10-02 15:36:56,20261002,7,2,6-3-1,1093.0
2026-10-02 15:36:56,20261002,7,2,6-3-2,984.0
2026-10-02 15:36:56,20261002,7,2,6-3-4,328.0
2026-10-02 15:36:56,20261002,7,2,6-3-5,339.3
2026-10-02 15:36:56,20261002,7,2,6-4-1,240.0
2026-10-02 15:36:56,20261002,7,2,6-4-2,273.3
2026-10-02 15:36:56,20261002,7,2,6-4-3,378.4
2026-10-02 15:36:56,20261002,7,2,6-4-5,185.6
2026-10-02 15:36:56,20261002,7,2,6-5-1,393.6
2026-10-02 15:36:56,20261002,7,2,6-5-2,410.0
2026-10-02 15:36:56,20261002,7,2,6-5-3,410.0
2026-10-02 15:36:56,20261002,7,2,6-5-4,192.9
2026-10-02 15:37:06,20261002,12,2,1-2-3,47.8
2026-10-02 15:37:06,20261002,12,2,1-2-4,154.4
2026-10-02 15:37:06,20261002,12,2,1-2-5,62.8
2026-10-02 15:37:06,20261002,12,2,1-2-6,84.6
2026-10-02 15:37:06,20261002,12,2,1-3-2,28.6
2026-10-02 15:37:06,20261002,12,2,1-3-4,55.0
2026-10-02 15:37:06,20261002,12,2,1-3-5,12.5
2026-10-02 15:37:06,20261002,12,2,1-3-6,31.4
2026-10-02 15:37:06,20261002,12,2,1-4-2,123.9
2026-10-02 15:37:06,20261002,12,2,1-4-3,66.6
2026-10-02 15:37:06,20261002,12,2,1-4-5,56.4
2026-10-02 15:37:06,20261002,12,2,1-4-6,125.7
2026-10-02 15:37:06,20261002,12,2,1-5-2,44.9
2026-10-02 15:37:06,20261002,12,2,1-5-3,16.7
2026-10-02 15:37:06,20261002,12,2,1-5-4,59.0
2026-10-02 15:37:06,20261002,12,2,1-5-6,26.5
2026-10-02 15:37:06,20261002,12,2,1-6-2,133.3
2026-10-02 15:37:06,20261002,12,2,1-6-3,76.5
2026-10-02 15:37:06,20261002,12,2,1-6-4,122.2
2026-10-02 15:37:06,20261002,12,2,1-6-5,85.4
2026-10-02 15:37:06,20261002,12,2,2-1-3,81.5
2026-10-02 15:37:06,20261002,12,2,2-1-4,154.4
2026-10-02 15:37:06,20261002,12,2,2-1-5,110.0
2026-10-02 15:37:06,20261002,12,2,2-1-6,176.0
2026-10-02 15:37:06,20261002,12,2,2-3-1,115.8
2026-10-02 15:37:06,20261002,12,2,2-3-4,293.4
2026-10-02 15:37:06,20261002,12,2,2-3-5,92.6
2026-10-02 15:37:06,20261002,12,2,2-3-6,352.1
2026-10-02 15:37:06,20261002,12,2,2-4-1,225.7
2026-10-02 15:37:06,20261002,12,2,2-4-3,275.0
2026-10-02 15:37:06,20261002,12,2,2-4-5,237.9
2026-10-02 15:37:06,20261002,12,2,2-4-6,326.0
2026-10-02 15:37:06,20261002,12,2,2-5-1,125.7
2026-10-02 15:37:06,20261002,12,2,2-5-3,144.3
2026-10-02 15:37:06,20261002,12,2,2-5-4,419.1
2026-10-02 15:37:06,20261002,12,2,2-5-6,176.0
2026-10-02 15:37:06,20261002,12,2,2-6-1,258.9
2026-10-02 15:37:06,20261002,12,2,2-6-3,258.9
2026-10-02 15:37:06,20261002,12,2,2-6-4,266.7
2026-10-02 15:37:06,20261002,12,2,2-6-5,195.6
2026-10-02 15:37:06,20261002,12,2,3-1-2,53.6
2026-10-02 15:37:06,20261002,12,2,3-1-4,91.6
2026-10-02 15:37:06,20261002,12,2,3-1-5,24.3
2026-10-02 15:37:06,20261002,12,2,3-1-6,46.3
2026-10-02 15:37:06,20261002,12,2,3-2-1,111.4
2026-10-02 15:37:06,20261002,12,2,3-2-4,160.0
2026-10-02 15:37:06,20261002,12,2,3-2-5,84.6
2026-10-02 15:37:06,20261002,12,2,3-2-6,209.5
2026-10-02 15:37:06,20261002,12,2,3-4-1,127.5
2026-10-02 15:37:06,20261002,12,2,3-4-2,157.1
2026-10-02 15:37:06,20261002,12,2,3-4-5,179.6
2026-10-02 15:37:06,20261002,12,2,3-4-6,137.5
2026-10-02 15:37:06,20261002,12,2,3-5-1,28.3
2026-10-02 15:37:06,20261002,12,2,3-5-2,57.9
2026-10-02 15:37:06,20261002,12,2,3-5-4,151.7
2026-10-02 15:37:06,20261002,12,2,3-5-6,30.2
2026-10-02 15:37:06,20261002,12,2,3-6-1,110.0
2026-10-02 15:37:06,20261002,12,2,3-6-2,176.0
2026-10-02 15:37:06,20261002,12,2,3-6-4,179.6
2026-10-02 15:37:06,20261002,12,2,3-6-5,72.7
2026-10-02 15:37:06,20261002,12,2,4-1-2,293.4
2026-10-02 15:37:06,20261002,12,2,4-1-3,172.6
2026-10-02 15:37:06,20261002,12,2,4-1-5,66.1
2026-10-02 15:37:06,20261002,12,2,4-1-6,225.7
2026-10-02 15:37:06,20261002,12,2,4-2-1,440.1
2026-10-02 15:37:06,20261002,12,2,4-2-3,303.5
2026-10-02 15:37:06,20261002,12,2,4-2-5,314.3
2026-10-02 15:37:06,20261002,12,2,4-2-6,440.1
2026-10-02 15:37:06,20261002,12,2,4-3-1,266.7
2026-10-02 15:37:06,20261002,12,2,4-3-2,244.5
2026-10-02 15:37:06,20261002,12,2,4-3-5,200.0
2026-10-02 15:37:06,20261002,12,2,4-3-6,352.1
2026-10-02 15:37:06,20261002,12,2,4-5-1,85.4
2026-10-02 15:37:06,20261002,12,2,4-5-2,258.9
2026-10-02 15:37:06,20261002,12,2,4-5-3,231.6
2026-10-02 15:37:06,20261002,12,2,4-5-6,225.7
2026-10-02 15:37:06,20261002,12,2,4-6-1,303.5
2026-10-02 15:37:06,20261002,12,2,4-6-2,251.5
2026-10-02 15:37:06,20261002,12,2,4-6-3,352.1
2026-10-02 15:37:06,20261002,12,2,4-6-5,366.7
2026-10-02 15:37:06,20261002,12,2,5-1-2,70.9
2026-10-02 15:37:06,20261002,12,2,5-1-3,21.1
2026-10-02 15:37:06,20261002,12,2,5-1-4,59.4
2026-10-02 15:37:06,20261002,12,2,5-1-6,29.5
2026-10-02 15:37:06,20261002,12,2,5-2-1,127.5
2026-10-02 15:37:06,20261002,12,2,5-2-3,114.3
2026-10-02 15:37:06,20261002,12,2,5-2-4,191.3
2026-10-02 15:37:06,20261002,12,2,5-2-6,157.1
2026-10-02 15:37:06,20261002,12,2,5-3-1,23.9
2026-10-02 15:37:06,20261002,12,2,5-3-2,72.7
2026-10-02 15:37:06,20261002,12,2,5-3-4,187.2
2026-10-02 15:37:06,20261002,12,2,5-3-6,34.6
2026-10-02 15:37:06,20261002,12,2,5-4-1,76.5
2026-10-02 15:37:06,20261002,12,2,5-4-2,251.5
2026-10-02 15:37:06,20261002,12,2,5-4-3,293.4
2026-10-02 15:37:06,20261002,12,2,5-4-6,163.0
2026-10-02 15:37:06,20261002,12,2,5-6-1,44.4
2026-10-02 15:37:06,20261002,12,2,5-6-2,95.6
2026-10-02 15:37:06,20261002,12,2,5-6-3,38.1
2026-10-02 15:37:06,20261002,12,2,5-6-4,187.2
2026-10-02 15:37:06,20261002,12,2,6-1-2,137.5
2026-10-02 15:37:06,20261002,12,2,6-1-3,118.9
2026-10-02 15:37:06,20261002,12,2,6-1-4,463.3
2026-10-02 15:37:06,20261002,12,2,6-1-5,172.6
2026-10-02 15:37:06,20261002,12,2,6-2-1,366.7
2026-10-02 15:37:06,20261002,12,2,6-2-3,326.0
2026-10-02 15:37:06,20261002,12,2,6-2-4,517.8
2026-10-02 15:37:06,20261002,12,2,6-2-5,293.4
2026-10-02 15:37:06,20261002,12,2,6-3-1,163.0
2026-10-02 15:37:06,20261002,12,2,6-3-2,338.5
2026-10-02 15:37:06,20261002,12,2,6-3-4,352.1
2026-10-02 15:37:06,20261002,12,2,6-3-5,144.3
2026-10-02 15:37:06,20261002,12,2,6-4-1,326.0
2026-10-02 15:37:06,20261002,12,2,6-4-2,677.1
2026-10-02 15:37:06,20261002,12,2,6-4-3,586.8
2026-10-02 15:37:06,20261002,12,2,6-4-5,352.1
2026-10-02 15:37:06,20261002,12,2,6-5-1,139.7
2026-10-02 15:37:06,20261002,12,2,6-5-2,314.3
2026-10-02 15:37:06,20261002,12,2,6-5-3,120.5
2026-10-02 15:37:06,20261002,12,2,6-5-4,586.8
2026-10-02 15:37:14,20261002,15,2,1-2-3,18.5
2026-10-02 15:37:14,20261002,15,2,1-2-4,14.4
2026-10-02 15:37:14,20261002,15,2,1-2-5,27.4
2026-10-02 15:37:14,20261002,15,2,1-2-6,38.8
2026-10-02 15:37:14,20261002,15,2,1-3-2,25.2
2026-10-02 15:37:14,20261002,15,2,1-3-4,22.2
2026-10-02 15:37:14,20261002,15,2,1-3-5,32.4
2026-10-02 15:37:14,20261002,15,2,1-3-6,56.0
2026-10-02 15:37:14,20261002,15,2,1-4-2,17.2
2026-10-02 15:37:14,20261002,15,2,1-4-3,10.8
2026-10-02 15:37:14,20261002,15,2,1-4-5,19.1
2026-10-02 15:37:14,20261002,15,2,1-4-6,31.5
2026-10-02 15:37:14,20261002,15,2,1-5-2,37.4
2026-10-02 15:37:14,20261002,15,2,1-5-3,54.8
2026-10-02 15:37:14,20261002,15,2,1-5-4,36.0
2026-10-02 15:37:14,20261002,15,2,1-5-6,142.7
2026-10-02 15:37:14,20261002,15,2,1-6-2,75.6
2026-10-02 15:37:14,20261002,15,2,1-6-3,130.4
2026-10-02 15:37:14,20261002,15,2,1-6-4,106.5
2026-10-02 15:37:14,20261002,15,2,1-6-5,168.1
2026-10-02 15:37:14,20261002,15,2,2-1-3,77.2
2026-10-02 15:37:14,20261002,15,2,2-1-4,44.5
2026-10-02 15:37:14,20261002,15,2,2-1-5,65.7
2026-10-02 15:37:14,20261002,15,2,2-1-6,42.5
2026-10-02 15:37:14,20261002,15,2,2-3-1,135.1
2026-10-02 15:37:14,20261002,15,2,2-3-4,102.2
2026-10-02 15:37:14,20261002,15,2,2-3-5,114.6
2026-10-02 15:37:14,20261002,15,2,2-3-6,328.9
2026-10-02 15:37:14,20261002,15,2,2-4-1,77.2
2026-10-02 15:37:14,20261002,15,2,2-4-3,140.1
2026-10-02 15:37:14,20261002,15,2,2-4-5,270.2
2026-10-02 15:37:14,20261002,15,2,2-4-6,189.1
2026-10-02 15:37:14,20261002,15,2,2-5-1,118.2
2026-10-02 15:37:14,20261002,15,2,2-5-3,160.9
2026-10-02 15:37:14,20261002,15,2,2-5-4,302.6
2026-10-02 15:37:14,20261002,15,2,2-5-6,540.4
2026-10-02 15:37:14,20261002,15,2,2-6-1,244.0
2026-10-02 15:37:14,20261002,15,2,2-6-3,315.2
2026-10-02 15:37:14,20261002,15,2,2-6-4,236.4
2026-10-02 15:37:14,20261002,15,2,2-6-5,360.2
2026-10-02 15:37:14,20261002,15,2,3-1-2,106.5
2026-10-02 15:37:14,20261002,15,2,3-1-4,63.0
2026-10-02 15:37:14,20261002,15,2,3-1-5,66.9
2026-10-02 15:37:14,20261002,15,2,3-1-6,105.0
2026-10-02 15:37:14,20261002,15,2,3-2-1,222.5
2026-10-02 15:37:14,20261002,15,2,3-2-4,78.0
2026-10-02 15:37:14,20261002,15,2,3-2-5,118.2
2026-10-02 15:37:14,20261002,15,2,3-2-6,194.0
2026-10-02 15:37:14,20261002,15,2,3-4-1,108.0
2026-10-02 15:37:14,20261002,15,2,3-4-2,120.0
2026-10-02 15:37:14,20261002,15,2,3-4-5,315.2
2026-10-02 15:37:14,20261002,15,2,3-4-6,154.4
2026-10-02 15:37:14,20261002,15,2,3-5-1,168.1
2026-10-02 15:37:14,20261002,15,2,3-5-2,114.6
2026-10-02 15:37:14,20261002,15,2,3-5-4,222.5
2026-10-02 15:37:14,20261002,15,2,3-5-6,328.9
2026-10-02 15:37:14,20261002,15,2,3-6-1,291.0
2026-10-02 15:37:14,20261002,15,2,3-6-2,315.2
2026-10-02 15:37:14,20261002,15,2,3-6-4,244.0
2026-10-02 15:37:14,20261002,15,2,3-6-5,756.6
2026-10-02 15:37:14,20261002,15,2,4-1-2,39.8
2026-10-02 15:37:14,20261002,15,2,4-1-3,65.2
2026-10-02 15:37:14,20261002,15,2,4-1-5,32.7
2026-10-02 15:37:14,20261002,15,2,4-1-6,50.4
2026-10-02 15:37:14,20261002,15,2,4-2-1,90.0
2026-10-02 15:37:14,20261002,15,2,4-2-3,175.9
2026-10-02 15:37:14,20261002,15,2,4-2-5,164.4
2026-10-02 15:37:14,20261002,15,2,4-2-6,132.7
2026-10-02 15:37:14,20261002,15,2,4-3-1,98.2
2026-10-02 15:37:14,20261002,15,2,4-3-2,194.0
2026-10-02 15:37:14,20261002,15,2,4-3-5,171.9
2026-10-02 15:37:14,20261002,15,2,4-3-6,151.3
2026-10-02 15:37:14,20261002,15,2,4-5-1,91.1
2026-10-02 15:37:14,20261002,15,2,4-5-2,157.6
2026-10-02 15:37:14,20261002,15,2,4-5-3,343.9
2026-10-02 15:37:14,20261002,15,2,4-5-6,189.1
2026-10-02 15:37:14,20261002,15,2,4-6-1,160.9
2026-10-02 15:37:14,20261002,15,2,4-6-2,236.4
2026-10-02 15:37:14,20261002,15,2,4-6-3,204.4
2026-10-02 15:37:14,20261002,15,2,4-6-5,302.6
2026-10-02 15:37:14,20261002,15,2,5-1-2,72.0
2026-10-02 15:37:14,20261002,15,2,5-1-3,102.2
2026-10-02 15:37:14,20261002,15,2,5-1-4,100.8
2026-10-02 15:37:14,20261002,15,2,5-1-6,79.6
2026-10-02 15:37:14,20261002,15,2,5-2-1,175.9
2026-10-02 15:37:14,20261002,15,2,5-2-3,189.1
2026-10-02 15:37:14,20261002,15,2,5-2-4,216.1
2026-10-02 15:37:14,20261002,15,2,5-2-6,472.8
2026-10-02 15:37:14,20261002,15,2,5-3-1,171.9
2026-10-02 15:37:14,20261002,15,2,5-3-2,236.4
2026-10-02 15:37:14,20261002,15,2,5-3-4,291.0
2026-10-02 15:37:14,20261002,15,2,5-3-6,445.0
2026-10-02 15:37:14,20261002,15,2,5-4-1,154.4
2026-10-02 15:37:14,20261002,15,2,5-4-2,270.2
2026-10-02 15:37:14,20261002,15,2,5-4-3,504.4
2026-10-02 15:37:14,20261002,15,2,5-4-6,194.0
2026-10-02 15:37:14,20261002,15,2,5-6-1,582.0
2026-10-02 15:37:14,20261002,15,2,5-6-2,398.2
2026-10-02 15:37:14,20261002,15,2,5-6-3,398.2
2026-10-02 15:37:14,20261002,15,2,5-6-4,540.4
2026-10-02 15:37:14,20261002,15,2,6-1-2,79.6
2026-10-02 15:37:14,20261002,15,2,6-1-3,204.4
2026-10-02 15:37:14,20261002,15,2,6-1-4,328.9
2026-10-02 15:37:14,20261002,15,2,6-1-5,378.3
2026-10-02 15:37:14,20261002,15,2,6-2-1,216.1
2026-10-02 15:37:14,20261002,15,2,6-2-3,302.6
2026-10-02 15:37:14,20261002,15,2,6-2-4,420.3
2026-10-02 15:37:14,20261002,15,2,6-2-5,840.6
2026-10-02 15:37:14,20261002,15,2,6-3-1,315.2
2026-10-02 15:37:14,20261002,15,2,6-3-2,472.8
2026-10-02 15:37:14,20261002,15,2,6-3-4,540.4
2026-10-02 15:37:14,20261002,15,2,6-3-5,1513.0
2026-10-02 15:37:14,20261002,15,2,6-4-1,343.9
2026-10-02 15:37:14,20261002,15,2,6-4-2,540.4
2026-10-02 15:37:14,20261002,15,2,6-4-3,840.6
2026-10-02 15:37:14,20261002,15,2,6-4-5,687.8
2026-10-02 15:37:14,20261002,15,2,6-5-1,280.2
2026-10-02 15:37:14,20261002,15,2,6-5-2,840.6
2026-10-02 15:37:14,20261002,15,2,6-5-3,1261.0
2026-10-02 15:37:14,20261002,15,2,6-5-4,445.0
2026-10-02 15:40:50,20261002,6,10,1-2-3,15.2
2026-10-02 15:40:50,20261002,6,10,1-2-4,22.9
2026-10-02 15:40:50,20261002,6,10,1-2-5,21.0
2026-10-02 15:40:50,20261002,6,10,1-2-6,9.3
2026-10-02 15:40:50,20261002,6,10,1-3-2,28.1
2026-10-02 15:40:50,20261002,6,10,1-3-4,62.7
2026-10-02 15:40:50,20261002,6,10,1-3-5,74.1
2026-10-02 15:40:50,20261002,6,10,1-3-6,45.4
2026-10-02 15:40:50,20261002,6,10,1-4-2,44.3
2026-10-02 15:40:50,20261002,6,10,1-4-3,87.0
2026-10-02 15:40:50,20261002,6,10,1-4-5,68.7
2026-10-02 15:40:50,20261002,6,10,1-4-6,63.1
2026-10-02 15:40:50,20261002,6,10,1-5-2,64.5
2026-10-02 15:40:50,20261002,6,10,1-5-3,113.7
2026-10-02 15:40:50,20261002,6,10,1-5-4,147.2
2026-10-02 15:40:50,20261002,6,10,1-5-6,87.0
2026-10-02 15:40:50,20261002,6,10,1-6-2,27.4
2026-10-02 15:40:50,20261002,6,10,1-6-3,80.9
2026-10-02 15:40:50,20261002,6,10,1-6-4,90.4
2026-10-02 15:40:50,20261002,6,10,1-6-5,90.4
2026-10-02 15:40:50,20261002,6,10,2-1-3,18.9
2026-10-02 15:40:50,20261002,6,10,2-1-4,22.3
2026-10-02 15:40:50,20261002,6,10,2-1-5,17.4
2026-10-02 15:40:50,20261002,6,10,2-1-6,12.1
2026-10-02 15:40:50,20261002,6,10,2-3-1,72.2
2026-10-02 15:40:50,20261002,6,10,2-3-4,98.1
2026-10-02 15:40:50,20261002,6,10,2-3-5,93.4
2026-10-02 15:40:50,20261002,6,10,2-3-6,61.7
2026-10-02 15:40:50,20261002,6,10,2-4-1,34.5
2026-10-02 15:40:50,20261002,6,10,2-4-3,179.5
2026-10-02 15:40:50,20261002,6,10,2-4-5,122.2
2026-10-02 15:40:50,20261002,6,10,2-4-6,58.9
2026-10-02 15:40:50,20261002,6,10,2-5-1,113.7
2026-10-02 15:40:50,20261002,6,10,2-5-3,179.5
2026-10-02 15:40:50,20261002,6,10,2-5-4,328.2
2026-10-02 15:40:50,20261002,6,10,2-5-6,91.1
2026-10-02 15:40:50,20261002,6,10,2-6-1,22.8
2026-10-02 15:40:50,20261002,6,10,2-6-3,66.4
2026-10-02 15:40:50,20261002,6,10,2-6-4,69.2
2026-10-02 15:40:50,20261002,6,10,2-6-5,79.2
2026-10-02 15:40:50,20261002,6,10,3-1-2,90.4
2026-10-02 15:40:50,20261002,6,10,3-1-4,80.9
2026-10-02 15:40:50,20261002,6,10,3-1-5,101.6
2026-10-02 15:40:50,20261002,6,10,3-1-6,166.5
2026-10-02 15:40:50,20261002,6,10,3-2-1,151.1
2026-10-02 15:40:50,20261002,6,10,3-2-4,147.2
2026-10-02 15:40:50,20261002,6,10,3-2-5,188.3
2026-10-02 15:40:50,20261002,6,10,3-2-6,182.3
2026-10-02 15:40:50,20261002,6,10,3-4-1,441.8
2026-10-02 15:40:50,20261002,6,10,3-4-2,337.9
2026-10-02 15:40:50,20261002,6,10,3-4-5,328.2
2026-10-02 15:40:50,20261002,6,10,3-4-6,261.1
2026-10-02 15:40:50,20261002,6,10,3-5-1,370.6
2026-10-02 15:40:50,20261002,6,10,3-5-2,168.9
2026-10-02 15:40:50,20261002,6,10,3-5-4,410.3
2026-10-02 15:40:50,20261002,6,10,3-5-6,348.1
2026-10-02 15:40:50,20261002,6,10,3-6-1,319.1
2026-10-02 15:40:50,20261002,6,10,3-6-2,244.4
2026-10-02 15:40:50,20261002,6,10,3-6-4,574.4
2026-10-02 15:40:50,20261002,6,10,3-6-5,441.8
2026-10-02 15:40:50,20261002,6,10,4-1-2,171.4
2026-10-02 15:40:50,20261002,6,10,4-1-3,302.3
2026-10-02 15:40:50,20261002,6,10,4-1-5,194.7
2026-10-02 15:40:50,20261002,6,10,4-1-6,302.3
2026-10-02 15:40:50,20261002,6,10,4-2-1,255.3
2026-10-02 15:40:50,20261002,6,10,4-2-3,255.3
2026-10-02 15:40:50,20261002,6,10,4-2-5,396.1
2026-10-02 15:40:50,20261002,6,10,4-2-6,133.5
2026-10-02 15:40:50,20261002,6,10,4-3-1,370.6
2026-10-02 15:40:50,20261002,6,10,4-3-2,337.9
2026-10-02 15:40:50,20261002,6,10,4-3-5,410.3
2026-10-02 15:40:50,20261002,6,10,4-3-6,328.2
2026-10-02 15:40:50,20261002,6,10,4-5-1,302.3
2026-10-02 15:40:50,20261002,6,10,4-5-2,410.3
2026-10-02 15:40:50,20261002,6,10,4-5-3,604.6
2026-10-02 15:40:50,20261002,6,10,4-5-6,441.8
2026-10-02 15:40:50,20261002,6,10,4-6-1,359.0
2026-10-02 15:40:50,20261002,6,10,4-6-2,145.4
2026-10-02 15:40:50,20261002,6,10,4-6-3,478.7
2026-10-02 15:40:50,20261002,6,10,4-6-5,574.4
2026-10-02 15:40:50,20261002,6,10,5-1-2,179.5
2026-10-02 15:40:50,20261002,6,10,5-1-3,194.7
2026-10-02 15:40:50,20261002,6,10,5-1-4,205.1
2026-10-02 15:40:50,20261002,6,10,5-1-6,229.7
2026-10-02 15:40:50,20261002,6,10,5-2-1,220.9
2026-10-02 15:40:50,20261002,6,10,5-2-3,310.5
2026-10-02 15:40:50,20261002,6,10,5-2-4,234.4
2026-10-02 15:40:50,20261002,6,10,5-2-6,149.2
2026-10-02 15:40:50,20261002,6,10,5-3-1,239.3
2026-10-02 15:40:50,20261002,6,10,5-3-2,370.6
2026-10-02 15:40:50,20261002,6,10,5-3-4,348.1
2026-10-02 15:40:50,20261002,6,10,5-3-6,370.6
2026-10-02 15:40:50,20261002,6,10,5-4-1,328.2
2026-10-02 15:40:50,20261002,6,10,5-4-2,547.1
2026-10-02 15:40:50,20261002,6,10,5-4-3,675.8
2026-10-02 15:40:50,20261002,6,10,5-4-6,348.1
2026-10-02 15:40:50,20261002,6,10,5-6-1,302.3
2026-10-02 15:40:50,20261002,6,10,5-6-2,225.2
2026-10-02 15:40:50,20261002,6,10,5-6-3,459.5
2026-10-02 15:40:50,20261002,6,10,5-6-4,765.9
2026-10-02 15:40:50,20261002,6,10,6-1-2,47.6
2026-10-02 15:40:50,20261002,6,10,6-1-3,159.5
2026-10-02 15:40:50,20261002,6,10,6-1-4,212.7
2026-10-02 15:40:50,20261002,6,10,6-1-5,212.7
2026-10-02 15:40:50,20261002,6,10,6-2-1,70.0
2026-10-02 15:40:50,20261002,6,10,6-2-3,141.8
2026-10-02 15:40:50,20261002,6,10,6-2-4,136.7
2026-10-02 15:40:50,20261002,6,10,6-2-5,153.1
2026-10-02 15:40:50,20261002,6,10,6-3-1,441.8
2026-10-02 15:40:50,20261002,6,10,6-3-2,310.5
2026-10-02 15:40:50,20261002,6,10,6-3-4,522.2
2026-10-02 15:40:50,20261002,6,10,6-3-5,675.8
2026-10-02 15:40:50,20261002,6,10,6-4-1,574.4
2026-10-02 15:40:50,20261002,6,10,6-4-2,220.9
2026-10-02 15:40:50,20261002,6,10,6-4-3,522.2
2026-10-02 15:40:50,20261002,6,10,6-4-5,604.6
2026-10-02 15:40:50,20261002,6,10,6-5-1,410.3
2026-10-02 15:40:50,20261002,6,10,6-5-2,208.8
2026-10-02 15:40:50,20261002,6,10,6-5-3,820.6
2026-10-02 15:40:50,20261002,6,10,6-5-4,638.2
2026-10-02 15:43:29,20261002,19,2,1-2-3,9.6
2026-10-02 15:43:29,20261002,19,2,1-2-4,42.9
2026-10-02 15:43:29,20261002,19,2,1-2-5,79.2
2026-10-02 15:43:29,20261002,19,2,1-2-6,11.7
2026-10-02 15:43:29,20261002,19,2,1-3-2,14.6
2026-10-02 15:43:29,20261002,19,2,1-3-4,65.9
2026-10-02 15:43:29,20261002,19,2,1-3-5,100.4
2026-10-02 15:43:29,20261002,19,2,1-3-6,29.8
2026-10-02 15:43:29,20261002,19,2,1-4-2,122.9
2026-10-02 15:43:29,20261002,19,2,1-4-3,122.9
2026-10-02 15:43:29,20261002,19,2,1-4-5,252.3
2026-10-02 15:43:29,20261002,19,2,1-4-6,111.1
2026-10-02 15:43:29,20261002,19,2,1-5-2,241.8
2026-10-02 15:43:29,20261002,19,2,1-5-3,213.3
2026-10-02 15:43:29,20261002,19,2,1-5-4,460.6
2026-10-02 15:43:29,20261002,19,2,1-5-6,460.6
2026-10-02 15:43:29,20261002,19,2,1-6-2,21.7
2026-10-02 15:43:29,20261002,19,2,1-6-3,39.1
2026-10-02 15:43:29,20261002,19,2,1-6-4,93.6
2026-10-02 15:43:29,20261002,19,2,1-6-5,214.9
2026-10-02 15:43:29,20261002,19,2,2-1-3,14.8
2026-10-02 15:43:29,20261002,19,2,2-1-4,51.9
2026-10-02 15:43:29,20261002,19,2,2-1-5,90.9
2026-10-02 15:43:29,20261002,19,2,2-1-6,13.9
2026-10-02 15:43:29,20261002,19,2,2-3-1,21.7
2026-10-02 15:43:29,20261002,19,2,2-3-4,64.0
2026-10-02 15:43:29,20261002,19,2,2-3-5,145.0
2026-10-02 15:43:29,20261002,19,2,2-3-6,18.1
2026-10-02 15:43:29,20261002,19,2,2-4-1,137.5
2026-10-02 15:43:29,20261002,19,2,2-4-3,141.5
2026-10-02 15:43:29,20261002,19,2,2-4-5,397.5
2026-10-02 15:43:29,20261002,19,2,2-4-6,94.2
2026-10-02 15:43:29,20261002,19,2,2-5-1,284.5
2026-10-02 15:43:29,20261002,19,2,2-5-3,299.1
2026-10-02 15:43:29,20261002,19,2,2-5-4,558.0
2026-10-02 15:43:29,20261002,19,2,2-5-6,341.4
2026-10-02 15:43:29,20261002,19,2,2-6-1,22.2
2026-10-02 15:43:29,20261002,19,2,2-6-3,23.7
2026-10-02 15:43:29,20261002,19,2,2-6-4,60.5
2026-10-02 15:43:29,20261002,19,2,2-6-5,248.0
2026-10-02 15:43:29,20261002,19,2,3-1-2,48.5
2026-10-02 15:43:29,20261002,19,2,3-1-4,142.2
2026-10-02 15:43:29,20261002,19,2,3-1-5,172.7
2026-10-02 15:43:29,20261002,19,2,3-1-6,57.0
2026-10-02 15:43:29,20261002,19,2,3-2-1,56.0
2026-10-02 15:43:29,20261002,19,2,3-2-4,107.0
2026-10-02 15:43:29,20261002,19,2,3-2-5,189.6
2026-10-02 15:43:29,20261002,19,2,3-2-6,47.7
2026-10-02 15:43:29,20261002,19,2,3-4-1,318.8
2026-10-02 15:43:29,20261002,19,2,3-4-2,287.3
2026-10-02 15:43:29,20261002,19,2,3-4-5,853.5
2026-10-02 15:43:29,20261002,19,2,3-4-6,230.3
2026-10-02 15:43:29,20261002,19,2,3-5-1,569.0
2026-10-02 15:43:29,20261002,19,2,3-5-2,386.9
2026-10-02 15:43:29,20261002,19,2,3-5-4,829.1
2026-10-02 15:43:29,20261002,19,2,3-5-6,763.6
2026-10-02 15:43:29,20261002,19,2,3-6-1,92.4
2026-10-02 15:43:29,20261002,19,2,3-6-2,68.4
2026-10-02 15:43:29,20261002,19,2,3-6-4,256.8
2026-10-02 15:43:29,20261002,19,2,3-6-5,580.3
2026-10-02 15:43:29,20261002,19,2,4-1-2,228.4
2026-10-02 15:43:29,20261002,19,2,4-1-3,245.9
2026-10-02 15:43:29,20261002,19,2,4-1-5,290.1
2026-10-02 15:43:29,20261002,19,2,4-1-6,214.9
2026-10-02 15:43:29,20261002,19,2,4-2-1,318.8
2026-10-02 15:43:29,20261002,19,2,4-2-3,326.0
2026-10-02 15:43:29,20261002,19,2,4-2-5,460.6
2026-10-02 15:43:29,20261002,19,2,4-2-6,176.9
2026-10-02 15:43:29,20261002,19,2,4-3-1,509.1
2026-10-02 15:43:29,20261002,19,2,4-3-2,453.4
2026-10-02 15:43:29,20261002,19,2,4-3-5,1000.0
2026-10-02 15:43:29,20261002,19,2,4-3-6,337.4
2026-10-02 15:43:29,20261002,19,2,4-5-1,349.6
2026-10-02 15:43:29,20261002,19,2,4-5-2,386.9
2026-10-02 15:43:29,20261002,19,2,4-5-3,674.8
2026-10-02 15:43:29,20261002,19,2,4-5-6,460.6
2026-10-02 15:43:29,20261002,19,2,4-6-1,290.1
2026-10-02 15:43:29,20261002,19,2,4-6-2,190.9
2026-10-02 15:43:29,20261002,19,2,4-6-3,302.2
2026-10-02 15:43:29,20261002,19,2,4-6-5,537.3
2026-10-02 15:43:29,20261002,19,2,5-1-2,446.4
2026-10-02 15:43:29,20261002,19,2,5-1-3,420.5
2026-10-02 15:43:29,20261002,19,2,5-1-4,509.1
2026-10-02 15:43:29,20261002,19,2,5-1-6,483.6
2026-10-02 15:43:29,20261002,19,2,5-2-1,617.4
2026-10-02 15:43:29,20261002,19,2,5-2-3,537.3
2026-10-02 15:43:29,20261002,19,2,5-2-4,381.8
2026-10-02 15:43:29,20261002,19,2,5-2-6,604.5
2026-10-02 15:43:29,20261002,19,2,5-3-1,659.5
2026-10-02 15:43:29,20261002,19,2,5-3-2,1036.0
2026-10-02 15:43:29,20261002,19,2,5-3-4,1000.0
2026-10-02 15:43:29,20261002,19,2,5-3-6,1209.0
2026-10-02 15:43:29,20261002,19,2,5-4-1,784.2
2026-10-02 15:43:29,20261002,19,2,5-4-2,853.5
2026-10-02 15:43:29,20261002,19,2,5-4-3,1000.0
2026-10-02 15:43:29,20261002,19,2,5-4-6,744.0
2026-10-02 15:43:29,20261002,19,2,5-6-1,1209.0
2026-10-02 15:43:29,20261002,19,2,5-6-2,1209.0
2026-10-02 15:43:29,20261002,19,2,5-6-3,1074.0
2026-10-02 15:43:29,20261002,19,2,5-6-4,1527.0
2026-10-02 15:43:29,20261002,19,2,6-1-2,29.6
2026-10-02 15:43:29,20261002,19,2,6-1-3,55.2
2026-10-02 15:43:29,20261002,19,2,6-1-4,201.5
2026-10-02 15:43:29,20261002,19,2,6-1-5,333.5
2026-10-02 15:43:29,20261002,19,2,6-2-1,33.8
2026-10-02 15:43:29,20261002,19,2,6-2-3,42.9
2026-10-02 15:43:29,20261002,19,2,6-2-4,125.0
2026-10-02 15:43:29,20261002,19,2,6-2-5,362.7
2026-10-02 15:43:29,20261002,19,2,6-3-1,96.0
2026-10-02 15:43:29,20261002,19,2,6-3-2,63.0
2026-10-02 15:43:29,20261002,19,2,6-3-4,305.4
2026-10-02 15:43:29,20261002,19,2,6-3-5,569.0
2026-10-02 15:43:29,20261002,19,2,6-4-1,433.1
2026-10-02 15:43:29,20261002,19,2,6-4-2,268.6
2026-10-02 15:43:29,20261002,19,2,6-4-3,592.2
2026-10-02 15:43:29,20261002,19,2,6-4-5,1209.0
2026-10-02 15:43:29,20261002,19,2,6-5-1,604.5
2026-10-02 15:43:29,20261002,19,2,6-5-2,674.8
2026-10-02 15:43:29,20261002,19,2,6-5-3,1116.0
2026-10-02 15:43:29,20261002,19,2,6-5-4,1074.0
2026-10-02 15:51:34,20261002,4,11,1-2-3,8.2
2026-10-02 15:51:34,20261002,4,11,1-2-4,18.7
2026-10-02 15:51:34,20261002,4,11,1-2-5,17.7
2026-10-02 15:51:34,20261002,4,11,1-2-6,64.2
2026-10-02 15:51:34,20261002,4,11,1-3-2,6.8
2026-10-02 15:51:34,20261002,4,11,1-3-4,11.7
2026-10-02 15:51:34,20261002,4,11,1-3-5,10.3
2026-10-02 15:51:34,20261002,4,11,1-3-6,62.7
2026-10-02 15:51:34,20261002,4,11,1-4-2,32.2
2026-10-02 15:51:34,20261002,4,11,1-4-3,32.1
2026-10-02 15:51:34,20261002,4,11,1-4-5,51.3
2026-10-02 15:51:34,20261002,4,11,1-4-6,84.1
2026-10-02 15:51:34,20261002,4,11,1-5-2,27.8
2026-10-02 15:51:34,20261002,4,11,1-5-3,25.1
2026-10-02 15:51:34,20261002,4,11,1-5-4,61.7
2026-10-02 15:51:34,20261002,4,11,1-5-6,140.7
2026-10-02 15:51:34,20261002,4,11,1-6-2,148.8
2026-10-02 15:51:34,20261002,4,11,1-6-3,208.9
2026-10-02 15:51:34,20261002,4,11,1-6-4,183.9
2026-10-02 15:51:34,20261002,4,11,1-6-5,205.8
2026-10-02 15:51:34,20261002,4,11,2-1-3,32.5
2026-10-02 15:51:34,20261002,4,11,2-1-4,47.7
2026-10-02 15:51:34,20261002,4,11,2-1-5,38.8
2026-10-02 15:51:34,20261002,4,11,2-1-6,131.7
2026-10-02 15:51:34,20261002,4,11,2-3-1,65.3
2026-10-02 15:51:34,20261002,4,11,2-3-4,149.3
2026-10-02 15:51:34,20261002,4,11,2-3-5,156.1
2026-10-02 15:51:34,20261002,4,11,2-3-6,302.0
2026-10-02 15:51:34,20261002,4,11,2-4-1,149.9
2026-10-02 15:51:34,20261002,4,11,2-4-3,220.1
2026-10-02 15:51:34,20261002,4,11,2-4-5,293.4
2026-10-02 15:51:34,20261002,4,11,2-4-6,344.8
2026-10-02 15:51:34,20261002,4,11,2-5-1,66.3
2026-10-02 15:51:34,20261002,4,11,2-5-3,201.8
2026-10-02 15:51:34,20261002,4,11,2-5-4,341.9
2026-10-02 15:51:34,20261002,4,11,2-5-6,376.1
2026-10-02 15:51:34,20261002,4,11,2-6-1,431.0
2026-10-02 15:51:34,20261002,4,11,2-6-3,646.5
2026-10-02 15:51:34,20261002,4,11,2-6-4,566.8
2026-10-02 15:51:34,20261002,4,11,2-6-5,646.5
2026-10-02 15:51:34,20261002,4,11,3-1-2,39.4
2026-10-02 15:51:34,20261002,4,11,3-1-4,40.6
2026-10-02 15:51:34,20261002,4,11,3-1-5,35.3
2026-10-02 15:51:34,20261002,4,11,3-1-6,188.0
2026-10-02 15:51:34,20261002,4,11,3-2-1,62.5
2026-10-02 15:51:34,20261002,4,11,3-2-4,109.7
2026-10-02 15:51:34,20261002,4,11,3-2-5,144.1
2026-10-02 15:51:34,20261002,4,11,3-2-6,203.8
2026-10-02 15:51:34,20261002,4,11,3-4-1,126.5
2026-10-02 15:51:34,20261002,4,11,3-4-2,129.7
2026-10-02 15:51:34,20261002,4,11,3-4-5,171.6
2026-10-02 15:51:34,20261002,4,11,3-4-6,318.3
2026-10-02 15:51:34,20261002,4,11,3-5-1,61.4
2026-10-02 15:51:34,20261002,4,11,3-5-2,122.7
2026-10-02 15:51:34,20261002,4,11,3-5-4,176.8
2026-10-02 15:51:34,20261002,4,11,3-5-6,362.9
2026-10-02 15:51:34,20261002,4,11,3-6-1,544.4
2026-10-02 15:51:34,20261002,4,11,3-6-2,417.9
2026-10-02 15:51:34,20261002,4,11,3-6-4,517.2
2026-10-02 15:51:34,20261002,4,11,3-6-5,725.9
2026-10-02 15:51:34,20261002,4,11,4-1-2,163.5
2026-10-02 15:51:34,20261002,4,11,4-1-3,146.2
2026-10-02 15:51:34,20261002,4,11,4-1-5,140.7
2026-10-02 15:51:34,20261002,4,11,4-1-6,289.3
2026-10-02 15:51:34,20261002,4,11,4-2-1,277.7
2026-10-02 15:51:34,20261002,4,11,4-2-3,261.8
2026-10-02 15:51:34,20261002,4,11,4-2-5,372.7
2026-10-02 15:51:34,20261002,4,11,4-2-6,212.2
2026-10-02 15:51:34,20261002,4,11,4-3-1,173.8
2026-10-02 15:51:34,20261002,4,11,4-3-2,258.6
2026-10-02 15:51:34,20261002,4,11,4-3-5,277.7
2026-10-02 15:51:34,20261002,4,11,4-3-6,344.8
2026-10-02 15:51:34,20261002,4,11,4-5-1,201.8
2026-10-02 15:51:34,20261002,4,11,4-5-2,313.4
2026-10-02 15:51:34,20261002,4,11,4-5-3,336.4
2026-10-02 15:51:34,20261002,4,11,4-5-6,523.7
2026-10-02 15:51:34,20261002,4,11,4-6-1,449.7
2026-10-02 15:51:34,20261002,4,11,4-6-2,422.2
2026-10-02 15:51:34,20261002,4,11,4-6-3,646.5
2026-10-02 15:51:34,20261002,4,11,4-6-5,844.4
2026-10-02 15:51:34,20261002,4,11,5-1-2,130.5
2026-10-02 15:51:34,20261002,4,11,5-1-3,110.0
2026-10-02 15:51:34,20261002,4,11,5-1-4,210.0
2026-10-02 15:51:34,20261002,4,11,5-1-6,266.9
2026-10-02 15:51:34,20261002,4,11,5-2-1,178.3
2026-10-02 15:51:34,20261002,4,11,5-2-3,250.7
2026-10-02 15:51:34,20261002,4,11,5-2-4,315.8
2026-10-02 15:51:34,20261002,4,11,5-2-6,221.2
2026-10-02 15:51:34,20261002,4,11,5-3-1,133.9
2026-10-02 15:51:34,20261002,4,11,5-3-2,237.8
2026-10-02 15:51:34,20261002,4,11,5-3-4,369.4
2026-10-02 15:51:34,20261002,4,11,5-3-6,449.7
2026-10-02 15:51:34,20261002,4,11,5-4-1,266.9
2026-10-02 15:51:34,20261002,4,11,5-4-2,383.1
2026-10-02 15:51:34,20261002,4,11,5-4-3,426.5
2026-10-02 15:51:34,20261002,4,11,5-4-6,379.6
2026-10-02 15:51:34,20261002,4,11,5-6-1,517.2
2026-10-02 15:51:34,20261002,4,11,5-6-2,551.7
2026-10-02 15:51:34,20261002,4,11,5-6-3,417.9
2026-10-02 15:51:34,20261002,4,11,5-6-4,678.3
2026-10-02 15:51:34,20261002,4,11,6-1-2,356.7
2026-10-02 15:51:34,20261002,4,11,6-1-3,713.4
2026-10-02 15:51:34,20261002,4,11,6-1-4,795.7
2026-10-02 15:51:34,20261002,4,11,6-1-5,1293.0
2026-10-02 15:51:34,20261002,4,11,6-2-1,766.2
2026-10-02 15:51:34,20261002,4,11,6-2-3,985.2
2026-10-02 15:51:34,20261002,4,11,6-2-4,608.5
2026-10-02 15:51:34,20261002,4,11,6-2-5,1034.0
2026-10-02 15:51:34,20261002,4,11,6-3-1,919.5
2026-10-02 15:51:34,20261002,4,11,6-3-2,1061.0
2026-10-02 15:51:34,20261002,4,11,6-3-4,962.3
2026-10-02 15:51:34,20261002,4,11,6-3-5,1217.0
2026-10-02 15:51:34,20261002,4,11,6-4-1,608.5
2026-10-02 15:51:34,20261002,4,11,6-4-2,608.5
2026-10-02 15:51:34,20261002,4,11,6-4-3,919.5
2026-10-02 15:51:34,20261002,4,11,6-4-5,899.5
2026-10-02 15:51:34,20261002,4,11,6-5-1,1253.0
2026-10-02 15:51:34,20261002,4,11,6-5-2,1217.0
2026-10-02 15:51:34,20261002,4,11,6-5-3,1118.0
2026-10-02 15:51:34,20261002,4,11,6-5-4,1061.0
2026-10-02 15:53:03,20261002,22,11,1-2-3,8.7
2026-10-02 15:53:03,20261002,22,11,1-2-4,23.7
2026-10-02 15:53:03,20261002,22,11,1-2-5,9.8
2026-10-02 15:53:03,20261002,22,11,1-2-6,19.9
2026-10-02 15:53:03,20261002,22,11,1-3-2,12.5
2026-10-02 15:53:03,20261002,22,11,1-3-4,28.8
2026-10-02 15:53:03,20261002,22,11,1-3-5,15.2
2026-10-02 15:53:03,20261002,22,11,1-3-6,53.0
2026-10-02 15:53:03,20261002,22,11,1-4-2,44.8
2026-10-02 15:53:03,20261002,22,11,1-4-3,58.1
2026-10-02 15:53:03,20261002,22,11,1-4-5,65.6
2026-10-02 15:53:03,20261002,22,11,1-4-6,166.4
2026-10-02 15:53:03,20261002,22,11,1-5-2,26.2
2026-10-02 15:53:03,20261002,22,11,1-5-3,26.0
2026-10-02 15:53:03,20261002,22,11,1-5-4,92.8
2026-10-02 15:53:03,20261002,22,11,1-5-6,56.1
2026-10-02 15:53:03,20261002,22,11,1-6-2,53.3
2026-10-02 15:53:03,20261002,22,11,1-6-3,77.8
2026-10-02 15:53:03,20261002,22,11,1-6-4,125.3
2026-10-02 15:53:03,20261002,22,11,1-6-5,75.4
2026-10-02 15:53:03,20261002,22,11,2-1-3,56.1
2026-10-02 15:53:03,20261002,22,11,2-1-4,116.2
2026-10-02 15:53:03,20261002,22,11,2-1-5,61.0
2026-10-02 15:53:03,20261002,22,11,2-1-6,108.4
2026-10-02 15:53:03,20261002,22,11,2-3-1,91.0
2026-10-02 15:53:03,20261002,22,11,2-3-4,182.1
2026-10-02 15:53:03,20261002,22,11,2-3-5,117.7
2026-10-02 15:53:03,20261002,22,11,2-3-6,224.4
2026-10-02 15:53:03,20261002,22,11,2-4-1,114.9
2026-10-02 15:53:03,20261002,22,11,2-4-3,283.8
2026-10-02 15:53:03,20261002,22,11,2-4-5,275.7
2026-10-02 15:53:03,20261002,22,11,2-4-6,536.2
2026-10-02 15:53:03,20261002,22,11,2-5-1,135.9
2026-10-02 15:53:03,20261002,22,11,2-5-3,185.6
2026-10-02 15:53:03,20261002,22,11,2-5-4,419.6
2026-10-02 15:53:03,20261002,22,11,2-5-6,507.9
2026-10-02 15:53:03,20261002,22,11,2-6-1,229.8
2026-10-02 15:53:03,20261002,22,11,2-6-3,311.3
2026-10-02 15:53:03,20261002,22,11,2-6-4,357.4
2026-10-02 15:53:03,20261002,22,11,2-6-5,371.2
2026-10-02 15:53:03,20261002,22,11,3-1-2,27.8
2026-10-02 15:53:03,20261002,22,11,3-1-4,33.9
2026-10-02 15:53:03,20261002,22,11,3-1-5,18.6
2026-10-02 15:53:03,20261002,22,11,3-1-6,119.1
2026-10-02 15:53:03,20261002,22,11,3-2-1,61.8
2026-10-02 15:53:03,20261002,22,11,3-2-4,103.7
2026-10-02 15:53:03,20261002,22,11,3-2-5,68.9
2026-10-02 15:53:03,20261002,22,11,3-2-6,122.1
2026-10-02 15:53:03,20261002,22,11,3-4-1,130.4
2026-10-02 15:53:03,20261002,22,11,3-4-2,134.0
2026-10-02 15:53:03,20261002,22,11,3-4-5,196.9
2026-10-02 15:53:03,20261002,22,11,3-4-6,357.4
2026-10-02 15:53:03,20261002,22,11,3-5-1,39.2
2026-10-02 15:53:03,20261002,22,11,3-5-2,44.8
2026-10-02 15:53:03,20261002,22,11,3-5-4,137.8
2026-10-02 15:53:03,20261002,22,11,3-5-6,229.8
2026-10-02 15:53:03,20261002,22,11,3-6-1,321.7
2026-10-02 15:53:03,20261002,22,11,3-6-2,292.4
2026-10-02 15:53:03,20261002,22,11,3-6-4,567.7
2026-10-02 15:53:03,20261002,22,11,3-6-5,438.7
2026-10-02 15:53:03,20261002,22,11,4-1-2,235.4
2026-10-02 15:53:03,20261002,22,11,4-1-3,132.2
2026-10-02 15:53:03,20261002,22,11,4-1-5,88.5
2026-10-02 15:53:03,20261002,22,11,4-1-6,268.1
2026-10-02 15:53:03,20261002,22,11,4-2-1,402.1
2026-10-02 15:53:03,20261002,22,11,4-2-3,459.6
2026-10-02 15:53:03,20261002,22,11,4-2-5,247.4
2026-10-02 15:53:03,20261002,22,11,4-2-6,371.2
2026-10-02 15:53:03,20261002,22,11,4-3-1,459.6
2026-10-02 15:53:03,20261002,22,11,4-3-2,603.2
2026-10-02 15:53:03,20261002,22,11,4-3-5,459.6
2026-10-02 15:53:03,20261002,22,11,4-3-6,536.2
2026-10-02 15:53:03,20261002,22,11,4-5-1,196.9
2026-10-02 15:53:03,20261002,22,11,4-5-2,189.2
2026-10-02 15:53:03,20261002,22,11,4-5-3,567.7
2026-10-02 15:53:03,20261002,22,11,4-5-6,689.4
2026-10-02 15:53:03,20261002,22,11,4-6-1,742.4
2026-10-02 15:53:03,20261002,22,11,4-6-2,742.4
2026-10-02 15:53:03,20261002,22,11,4-6-3,804.3
2026-10-02 15:53:03,20261002,22,11,4-6-5,1378.0
2026-10-02 15:53:03,20261002,22,11,5-1-2,98.4
2026-10-02 15:53:03,20261002,22,11,5-1-3,73.6
2026-10-02 15:53:03,20261002,22,11,5-1-4,132.2
2026-10-02 15:53:03,20261002,22,11,5-1-6,102.6
2026-10-02 15:53:03,20261002,22,11,5-2-1,128.6
2026-10-02 15:53:03,20261002,22,11,5-2-3,386.0
2026-10-02 15:53:03,20261002,22,11,5-2-4,235.4
2026-10-02 15:53:03,20261002,22,11,5-2-6,153.2
2026-10-02 15:53:03,20261002,22,11,5-3-1,97.4
2026-10-02 15:53:03,20261002,22,11,5-3-2,201.0
2026-10-02 15:53:03,20261002,22,11,5-3-4,301.6
2026-10-02 15:53:03,20261002,22,11,5-3-6,260.8
2026-10-02 15:53:03,20261002,22,11,5-4-1,214.4
2026-10-02 15:53:03,20261002,22,11,5-4-2,275.7
2026-10-02 15:53:03,20261002,22,11,5-4-3,643.4
2026-10-02 15:53:03,20261002,22,11,5-4-6,311.3
2026-10-02 15:53:03,20261002,22,11,5-6-1,241.2
2026-10-02 15:53:03,20261002,22,11,5-6-2,321.7
2026-10-02 15:53:03,20261002,22,11,5-6-3,301.6
2026-10-02 15:53:03,20261002,22,11,5-6-4,1072.0
2026-10-02 15:53:03,20261002,22,11,6-1-2,160.8
2026-10-02 15:53:03,20261002,22,11,6-1-3,459.6
2026-10-02 15:53:03,20261002,22,11,6-1-4,643.4
2026-10-02 15:53:03,20261002,22,11,6-1-5,603.2
2026-10-02 15:53:03,20261002,22,11,6-2-1,459.6
2026-10-02 15:53:03,20261002,22,11,6-2-3,459.6
2026-10-02 15:53:03,20261002,22,11,6-2-4,268.1
2026-10-02 15:53:03,20261002,22,11,6-2-5,371.2
2026-10-02 15:53:03,20261002,22,11,6-3-1,742.4
2026-10-02 15:53:03,20261002,22,11,6-3-2,742.4
2026-10-02 15:53:03,20261002,22,11,6-3-4,742.4
2026-10-02 15:53:03,20261002,22,11,6-3-5,1206.0
2026-10-02 15:53:03,20261002,22,11,6-4-1,689.4
2026-10-02 15:53:03,20261002,22,11,6-4-2,643.4
2026-10-02 15:53:03,20261002,22,11,6-4-3,1378.0
2026-10-02 15:53:03,20261002,22,11,6-4-5,1206.0
2026-10-02 15:53:03,20261002,22,11,6-5-1,567.7
2026-10-02 15:53:03,20261002,22,11,6-5-2,877.4
2026-10-02 15:53:03,20261002,22,11,6-5-3,1378.0
2026-10-02 15:53:03,20261002,22,11,6-5-4,742.4
2026-10-02 15:59:09,20261002,15,3,1-2-3,9.1
2026-10-02 15:59:09,20261002,15,3,1-2-4,12.7
2026-10-02 15:59:09,20261002,15,3,1-2-5,48.0
2026-10-02 15:59:09,20261002,15,3,1-2-6,27.4
2026-10-02 15:59:09,20261002,15,3,1-3-2,17.6
2026-10-02 15:59:09,20261002,15,3,1-3-4,22.0
2026-10-02 15:59:09,20261002,15,3,1-3-5,56.1
2026-10-02 15:59:09,20261002,15,3,1-3-6,35.2
2026-10-02 15:59:09,20261002,15,3,1-4-2,30.0
2026-10-02 15:59:09,20261002,15,3,1-4-3,28.8
2026-10-02 15:59:09,20261002,15,3,1-4-5,43.7
2026-10-02 15:59:09,20261002,15,3,1-4-6,32.8
2026-10-02 15:59:09,20261002,15,3,1-5-2,85.2
2026-10-02 15:59:09,20261002,15,3,1-5-3,99.0
2026-10-02 15:59:09,20261002,15,3,1-5-4,75.6
2026-10-02 15:59:09,20261002,15,3,1-5-6,120.2
2026-10-02 15:59:09,20261002,15,3,1-6-2,82.1
2026-10-02 15:59:09,20261002,15,3,1-6-3,74.8
2026-10-02 15:59:09,20261002,15,3,1-6-4,100.4
2026-10-02 15:59:09,20261002,15,3,1-6-5,153.0
2026-10-02 15:59:09,20261002,15,3,2-1-3,31.4
2026-10-02 15:59:09,20261002,15,3,2-1-4,31.1
2026-10-02 15:59:09,20261002,15,3,2-1-5,52.1
2026-10-02 15:59:09,20261002,15,3,2-1-6,29.9
2026-10-02 15:59:09,20261002,15,3,2-3-1,58.0
2026-10-02 15:59:09,20261002,15,3,2-3-4,97.5
2026-10-02 15:59:09,20261002,15,3,2-3-5,122.4
2026-10-02 15:59:09,20261002,15,3,2-3-6,192.3
2026-10-02 15:59:09,20261002,15,3,2-4-1,70.8
2026-10-02 15:59:09,20261002,15,3,2-4-3,149.6
2026-10-02 15:59:09,20261002,15,3,2-4-5,85.2
2026-10-02 15:59:09,20261002,15,3,2-4-6,198.0
2026-10-02 15:59:09,20261002,15,3,2-5-1,120.2
2026-10-02 15:59:09,20261002,15,3,2-5-3,258.9
2026-10-02 15:59:09,20261002,15,3,2-5-4,292.7
2026-10-02 15:59:09,20261002,15,3,2-5-6,374.0
2026-10-02 15:59:09,20261002,15,3,2-6-1,269.3
2026-10-02 15:59:09,20261002,15,3,2-6-3,336.6
2026-10-02 15:59:09,20261002,15,3,2-6-4,217.1
2026-10-02 15:59:09,20261002,15,3,2-6-5,292.7
2026-10-02 15:59:09,20261002,15,3,3-1-2,67.3
2026-10-02 15:59:09,20261002,15,3,3-1-4,45.8
2026-10-02 15:59:09,20261002,15,3,3-1-5,81.1
2026-10-02 15:59:09,20261002,15,3,3-1-6,32.5
2026-10-02 15:59:09,20261002,15,3,3-2-1,83.1
2026-10-02 15:59:09,20261002,15,3,3-2-4,64.7
2026-10-02 15:59:09,20261002,15,3,3-2-5,134.6
2026-10-02 15:59:09,20261002,15,3,3-2-6,153.0
2026-10-02 15:59:09,20261002,15,3,3-4-1,68.0
2026-10-02 15:59:09,20261002,15,3,3-4-2,156.5
2026-10-02 15:59:09,20261002,15,3,3-4-5,280.5
2026-10-02 15:59:09,20261002,15,3,3-4-6,114.1
2026-10-02 15:59:09,20261002,15,3,3-5-1,164.2
2026-10-02 15:59:09,20261002,15,3,3-5-2,153.0
2026-10-02 15:59:09,20261002,15,3,3-5-4,269.3
2026-10-02 15:59:09,20261002,15,3,3-5-6,320.6
2026-10-02 15:59:09,20261002,15,3,3-6-1,198.0
2026-10-02 15:59:09,20261002,15,3,3-6-2,249.3
2026-10-02 15:59:09,20261002,15,3,3-6-4,224.4
2026-10-02 15:59:09,20261002,15,3,3-6-5,673.2
2026-10-02 15:59:09,20261002,15,3,4-1-2,62.3
2026-10-02 15:59:09,20261002,15,3,4-1-3,65.3
2026-10-02 15:59:09,20261002,15,3,4-1-5,50.6
2026-10-02 15:59:09,20261002,15,3,4-1-6,97.5
2026-10-02 15:59:09,20261002,15,3,4-2-1,100.4
2026-10-02 15:59:09,20261002,15,3,4-2-3,192.3
2026-10-02 15:59:09,20261002,15,3,4-2-5,249.3
2026-10-02 15:59:09,20261002,15,3,4-2-6,172.6
2026-10-02 15:59:09,20261002,15,3,4-3-1,89.7
2026-10-02 15:59:09,20261002,15,3,4-3-2,336.6
2026-10-02 15:59:09,20261002,15,3,4-3-5,181.9
2026-10-02 15:59:09,20261002,15,3,4-3-6,177.1
2026-10-02 15:59:09,20261002,15,3,4-5-1,105.1
2026-10-02 15:59:09,20261002,15,3,4-5-2,224.4
2026-10-02 15:59:09,20261002,15,3,4-5-3,240.4
2026-10-02 15:59:09,20261002,15,3,4-5-6,217.1
2026-10-02 15:59:09,20261002,15,3,4-6-1,140.2
2026-10-02 15:59:09,20261002,15,3,4-6-2,249.3
2026-10-02 15:59:09,20261002,15,3,4-6-3,181.9
2026-10-02 15:59:09,20261002,15,3,4-6-5,396.0
2026-10-02 15:59:09,20261002,15,3,5-1-2,118.1
2026-10-02 15:59:09,20261002,15,3,5-1-3,153.0
2026-10-02 15:59:09,20261002,15,3,5-1-4,103.5
2026-10-02 15:59:09,20261002,15,3,5-1-6,82.1
2026-10-02 15:59:09,20261002,15,3,5-2-1,192.3
2026-10-02 15:59:09,20261002,15,3,5-2-3,258.9
2026-10-02 15:59:09,20261002,15,3,5-2-4,149.6
2026-10-02 15:59:09,20261002,15,3,5-2-6,396.0
2026-10-02 15:59:09,20261002,15,3,5-3-1,198.0
2026-10-02 15:59:09,20261002,15,3,5-3-2,396.0
2026-10-02 15:59:09,20261002,15,3,5-3-4,232.1
2026-10-02 15:59:09,20261002,15,3,5-3-6,354.3
2026-10-02 15:59:09,20261002,15,3,5-4-1,127.0
2026-10-02 15:59:09,20261002,15,3,5-4-2,210.3
2026-10-02 15:59:09,20261002,15,3,5-4-3,420.7
2026-10-02 15:59:09,20261002,15,3,5-4-6,280.5
2026-10-02 15:59:09,20261002,15,3,5-6-1,336.6
2026-10-02 15:59:09,20261002,15,3,5-6-2,448.8
2026-10-02 15:59:09,20261002,15,3,5-6-3,336.6
2026-10-02 15:59:09,20261002,15,3,5-6-4,561.0
2026-10-02 15:59:09,20261002,15,3,6-1-2,88.5
2026-10-02 15:59:09,20261002,15,3,6-1-3,198.0
2026-10-02 15:59:09,20261002,15,3,6-1-4,204.0
2026-10-02 15:59:09,20261002,15,3,6-1-5,280.5
2026-10-02 15:59:09,20261002,15,3,6-2-1,306.0
2026-10-02 15:59:09,20261002,15,3,6-2-3,258.9
2026-10-02 15:59:09,20261002,15,3,6-2-4,374.0
2026-10-02 15:59:09,20261002,15,3,6-2-5,561.0
2026-10-02 15:59:09,20261002,15,3,6-3-1,320.6
2026-10-02 15:59:09,20261002,15,3,6-3-2,448.8
2026-10-02 15:59:09,20261002,15,3,6-3-4,258.9
2026-10-02 15:59:09,20261002,15,3,6-3-5,1122.0
2026-10-02 15:59:09,20261002,15,3,6-4-1,232.1
2026-10-02 15:59:09,20261002,15,3,6-4-2,448.8
2026-10-02 15:59:09,20261002,15,3,6-4-3,420.7
2026-10-02 15:59:09,20261002,15,3,6-4-5,673.2
2026-10-02 15:59:09,20261002,15,3,6-5-1,354.3
2026-10-02 15:59:09,20261002,15,3,6-5-2,561.0
2026-10-02 15:59:09,20261002,15,3,6-5-3,1122.0
2026-10-02 15:59:09,20261002,15,3,6-5-4,448.8
2026-10-02 16:01:32,20261002,9,12,1-2-3,5.2
2026-10-02 16:01:32,20261002,9,12,1-2-4,4.0
2026-10-02 16:01:32,20261002,9,12,1-2-5,10.5
2026-10-02 16:01:32,20261002,9,12,1-2-6,17.9
2026-10-02 16:01:32,20261002,9,12,1-3-2,22.1
2026-10-02 16:01:32,20261002,9,12,1-3-4,35.2
2026-10-02 16:01:32,20261002,9,12,1-3-5,45.9
2026-10-02 16:01:32,20261002,9,12,1-3-6,49.7
2026-10-02 16:01:32,20261002,9,12,1-4-2,11.1
2026-10-02 16:01:32,20261002,9,12,1-4-3,31.5
2026-10-02 16:01:32,20261002,9,12,1-4-5,38.5
2026-10-02 16:01:32,20261002,9,12,1-4-6,29.3
2026-10-02 16:01:32,20261002,9,12,1-5-2,43.8
2026-10-02 16:01:32,20261002,9,12,1-5-3,109.4
2026-10-02 16:01:32,20261002,9,12,1-5-4,84.0
2026-10-02 16:01:32,20261002,9,12,1-5-6,94.5
2026-10-02 16:01:32,20261002,9,12,1-6-2,76.2
2026-10-02 16:01:32,20261002,9,12,1-6-3,235.7
2026-10-02 16:01:32,20261002,9,12,1-6-4,144.7
2026-10-02 16:01:32,20261002,9,12,1-6-5,161.0
2026-10-02 16:01:32,20261002,9,12,2-1-3,35.1
2026-10-02 16:01:32,20261002,9,12,2-1-4,29.1
2026-10-02 16:01:32,20261002,9,12,2-1-5,42.2
2026-10-02 16:01:32,20261002,9,12,2-1-6,69.0
2026-10-02 16:01:32,20261002,9,12,2-3-1,129.2
2026-10-02 16:01:32,20261002,9,12,2-3-4,168.1
2026-10-02 16:01:32,20261002,9,12,2-3-5,346.5
2026-10-02 16:01:32,20261002,9,12,2-3-6,265.9
2026-10-02 16:01:32,20261002,9,12,2-4-1,105.3
2026-10-02 16:01:32,20261002,9,12,2-4-3,304.9
2026-10-02 16:01:32,20261002,9,12,2-4-5,256.9
2026-10-02 16:01:32,20261002,9,12,2-4-6,326.7
2026-10-02 16:01:32,20261002,9,12,2-5-1,197.1
2026-10-02 16:01:32,20261002,9,12,2-5-3,431.4
2026-10-02 16:01:32,20261002,9,12,2-5-4,368.8
2026-10-02 16:01:32,20261002,9,12,2-5-6,531.8
2026-10-02 16:01:32,20261002,9,12,2-6-1,256.9
2026-10-02 16:01:32,20261002,9,12,2-6-3,635.2
2026-10-02 16:01:32,20261002,9,12,2-6-4,672.6
2026-10-02 16:01:32,20261002,9,12,2-6-5,571.7
2026-10-02 16:01:32,20261002,9,12,3-1-2,182.9
2026-10-02 16:01:32,20261002,9,12,3-1-4,155.5
2026-10-02 16:01:32,20261002,9,12,3-1-5,248.5
2026-10-02 16:01:32,20261002,9,12,3-1-6,387.6
2026-10-02 16:01:32,20261002,9,12,3-2-1,304.9
2026-10-02 16:01:32,20261002,9,12,3-2-4,202.3
2026-10-02 16:01:32,20261002,9,12,3-2-5,381.1
2026-10-02 16:01:32,20261002,9,12,3-2-6,571.7
2026-10-02 16:01:32,20261002,9,12,3-4-1,439.7
2026-10-02 16:01:32,20261002,9,12,3-4-2,415.8
2026-10-02 16:01:32,20261002,9,12,3-4-5,762.3
2026-10-02 16:01:32,20261002,9,12,3-4-6,788.5
2026-10-02 16:01:32,20261002,9,12,3-5-1,486.5
2026-10-02 16:01:32,20261002,9,12,3-5-2,374.9
2026-10-02 16:01:32,20261002,9,12,3-5-4,914.7
2026-10-02 16:01:32,20261002,9,12,3-5-6,1203.0
2026-10-02 16:01:32,20261002,9,12,3-6-1,952.8
2026-10-02 16:01:32,20261002,9,12,3-6-2,635.2
2026-10-02 16:01:32,20261002,9,12,3-6-4,952.8
2026-10-02 16:01:32,20261002,9,12,3-6-5,1203.0
2026-10-02 16:01:32,20261002,9,12,4-1-2,69.9
2026-10-02 16:01:32,20261002,9,12,4-1-3,136.1
2026-10-02 16:01:32,20261002,9,12,4-1-5,132.9
2026-10-02 16:01:32,20261002,9,12,4-1-6,158.8
2026-10-02 16:01:32,20261002,9,12,4-2-1,116.6
2026-10-02 16:01:32,20261002,9,12,4-2-3,322.0
2026-10-02 16:01:32,20261002,9,12,4-2-5,219.8
2026-10-02 16:01:32,20261002,9,12,4-2-6,326.7
2026-10-02 16:01:32,20261002,9,12,4-3-1,439.7
2026-10-02 16:01:32,20261002,9,12,4-3-2,762.3
2026-10-02 16:01:32,20261002,9,12,4-3-5,693.0
2026-10-02 16:01:32,20261002,9,12,4-3-6,672.6
2026-10-02 16:01:32,20261002,9,12,4-5-1,256.9
2026-10-02 16:01:32,20261002,9,12,4-5-2,415.8
2026-10-02 16:01:32,20261002,9,12,4-5-3,762.3
2026-10-02 16:01:32,20261002,9,12,4-5-6,431.4
2026-10-02 16:01:32,20261002,9,12,4-6-1,317.6
2026-10-02 16:01:32,20261002,9,12,4-6-2,476.4
2026-10-02 16:01:32,20261002,9,12,4-6-3,653.4
2026-10-02 16:01:32,20261002,9,12,4-6-5,847.0
2026-10-02 16:01:32,20261002,9,12,5-1-2,193.8
2026-10-02 16:01:32,20261002,9,12,5-1-3,322.0
2026-10-02 16:01:32,20261002,9,12,5-1-4,300.9
2026-10-02 16:01:32,20261002,9,12,5-1-6,304.9
2026-10-02 16:01:32,20261002,9,12,5-2-1,219.8
2026-10-02 16:01:32,20261002,9,12,5-2-3,635.2
2026-10-02 16:01:32,20261002,9,12,5-2-4,285.8
2026-10-02 16:01:32,20261002,9,12,5-2-6,401.2
2026-10-02 16:01:32,20261002,9,12,5-3-1,737.7
2026-10-02 16:01:32,20261002,9,12,5-3-2,816.7
2026-10-02 16:01:32,20261002,9,12,5-3-4,1203.0
2026-10-02 16:01:32,20261002,9,12,5-3-6,994.3
2026-10-02 16:01:32,20261002,9,12,5-4-1,394.2
2026-10-02 16:01:32,20261002,9,12,5-4-2,653.4
2026-10-02 16:01:32,20261002,9,12,5-4-3,762.3
2026-10-02 16:01:32,20261002,9,12,5-4-6,476.4
2026-10-02 16:01:32,20261002,9,12,5-6-1,557.7
2026-10-02 16:01:32,20261002,9,12,5-6-2,601.8
2026-10-02 16:01:32,20261002,9,12,5-6-3,816.7
2026-10-02 16:01:32,20261002,9,12,5-6-4,1089.0
2026-10-02 16:01:32,20261002,9,12,6-1-2,226.4
2026-10-02 16:01:32,20261002,9,12,6-1-3,714.6
2026-10-02 16:01:32,20261002,9,12,6-1-4,476.4
2026-10-02 16:01:32,20261002,9,12,6-1-5,618.0
2026-10-02 16:01:32,20261002,9,12,6-2-1,408.3
2026-10-02 16:01:32,20261002,9,12,6-2-3,1203.0
2026-10-02 16:01:32,20261002,9,12,6-2-4,557.7
2026-10-02 16:01:32,20261002,9,12,6-2-5,762.3
2026-10-02 16:01:32,20261002,9,12,6-3-1,952.8
2026-10-02 16:01:32,20261002,9,12,6-3-2,1345.0
2026-10-02 16:01:32,20261002,9,12,6-3-4,994.3
2026-10-02 16:01:32,20261002,9,12,6-3-5,1039.0
2026-10-02 16:01:32,20261002,9,12,6-4-1,762.3
2026-10-02 16:01:32,20261002,9,12,6-4-2,914.7
2026-10-02 16:01:32,20261002,9,12,6-4-3,1270.0
2026-10-02 16:01:32,20261002,9,12,6-4-5,1524.0
2026-10-02 16:01:32,20261002,9,12,6-5-1,714.6
2026-10-02 16:01:32,20261002,9,12,6-5-2,879.5
2026-10-02 16:01:32,20261002,9,12,6-5-3,1143.0
2026-10-02 16:01:32,20261002,9,12,6-5-4,1089.0
2026-10-02 16:01:40,20261002,12,3,1-2-3,22.1
2026-10-02 16:01:40,20261002,12,3,1-2-4,33.3
2026-10-02 16:01:40,20261002,12,3,1-2-5,96.7
2026-10-02 16:01:40,20261002,12,3,1-2-6,159.5
2026-10-02 16:01:40,20261002,12,3,1-3-2,22.2
2026-10-02 16:01:40,20261002,12,3,1-3-4,22.9
2026-10-02 16:01:40,20261002,12,3,1-3-5,49.7
2026-10-02 16:01:40,20261002,12,3,1-3-6,301.1
2026-10-02 16:01:40,20261002,12,3,1-4-2,63.0
2026-10-02 16:01:40,20261002,12,3,1-4-3,48.0
2026-10-02 16:01:40,20261002,12,3,1-4-5,62.3
2026-10-02 16:01:40,20261002,12,3,1-4-6,241.7
2026-10-02 16:01:40,20261002,12,3,1-5-2,119.0
2026-10-02 16:01:40,20261002,12,3,1-5-3,69.3
2026-10-02 16:01:40,20261002,12,3,1-5-4,80.5
2026-10-02 16:01:40,20261002,12,3,1-5-6,591.0
2026-10-02 16:01:40,20261002,12,3,1-6-2,419.9
2026-10-02 16:01:40,20261002,12,3,1-6-3,498.7
2026-10-02 16:01:40,20261002,12,3,1-6-4,275.1
2026-10-02 16:01:40,20261002,12,3,1-6-5,1227.0
2026-10-02 16:01:40,20261002,12,3,2-1-3,31.7
2026-10-02 16:01:40,20261002,12,3,2-1-4,29.9
2026-10-02 16:01:40,20261002,12,3,2-1-5,112.3
2026-10-02 16:01:40,20261002,12,3,2-1-6,238.1
2026-10-02 16:01:40,20261002,12,3,2-3-1,41.9
2026-10-02 16:01:40,20261002,12,3,2-3-4,20.8
2026-10-02 16:01:40,20261002,12,3,2-3-5,90.1
2026-10-02 16:01:40,20261002,12,3,2-3-6,498.7
2026-10-02 16:01:40,20261002,12,3,2-4-1,117.3
2026-10-02 16:01:40,20261002,12,3,2-4-3,33.9
2026-10-02 16:01:40,20261002,12,3,2-4-5,142.4
2026-10-02 16:01:40,20261002,12,3,2-4-6,531.9
2026-10-02 16:01:40,20261002,12,3,2-5-1,257.3
2026-10-02 16:01:40,20261002,12,3,2-5-3,187.7
2026-10-02 16:01:40,20261002,12,3,2-5-4,265.9
2026-10-02 16:01:40,20261002,12,3,2-5-6,886.5
2026-10-02 16:01:40,20261002,12,3,2-6-1,725.3
2026-10-02 16:01:40,20261002,12,3,2-6-3,886.5
2026-10-02 16:01:40,20261002,12,3,2-6-4,693.8
2026-10-02 16:01:40,20261002,12,3,2-6-5,759.9
2026-10-02 16:01:40,20261002,12,3,3-1-2,23.9
2026-10-02 16:01:40,20261002,12,3,3-1-4,16.9
2026-10-02 16:01:40,20261002,12,3,3-1-5,43.3
2026-10-02 16:01:40,20261002,12,3,3-1-6,197.0
2026-10-02 16:01:40,20261002,12,3,3-2-1,31.1
2026-10-02 16:01:40,20261002,12,3,3-2-4,15.0
2026-10-02 16:01:40,20261002,12,3,3-2-5,59.7
2026-10-02 16:01:40,20261002,12,3,3-2-6,227.9
2026-10-02 16:01:40,20261002,12,3,3-4-1,18.0
2026-10-02 16:01:40,20261002,12,3,3-4-2,15.5
2026-10-02 16:01:40,20261002,12,3,3-4-5,29.1
2026-10-02 16:01:40,20261002,12,3,3-4-6,137.5
2026-10-02 16:01:40,20261002,12,3,3-5-1,59.9
2026-10-02 16:01:40,20261002,12,3,3-5-2,91.7
2026-10-02 16:01:40,20261002,12,3,3-5-4,74.9
2026-10-02 16:01:40,20261002,12,3,3-5-6,290.1
2026-10-02 16:01:40,20261002,12,3,3-6-1,591.0
2026-10-02 16:01:40,20261002,12,3,3-6-2,389.2
2026-10-02 16:01:40,20261002,12,3,3-6-4,312.9
2026-10-02 16:01:40,20261002,12,3,3-6-5,455.9
2026-10-02 16:01:40,20261002,12,3,4-1-2,68.4
2026-10-02 16:01:40,20261002,12,3,4-1-3,53.1
2026-10-02 16:01:40,20261002,12,3,4-1-5,61.1
2026-10-02 16:01:40,20261002,12,3,4-1-6,339.5
2026-10-02 16:01:40,20261002,12,3,4-2-1,84.8
2026-10-02 16:01:40,20261002,12,3,4-2-3,42.3
2026-10-02 16:01:40,20261002,12,3,4-2-5,93.8
2026-10-02 16:01:40,20261002,12,3,4-2-6,483.5
2026-10-02 16:01:40,20261002,12,3,4-3-1,41.2
2026-10-02 16:01:40,20261002,12,3,4-3-2,34.2
2026-10-02 16:01:40,20261002,12,3,4-3-5,50.5
2026-10-02 16:01:40,20261002,12,3,4-3-6,339.5
2026-10-02 16:01:40,20261002,12,3,4-5-1,77.8
2026-10-02 16:01:40,20261002,12,3,4-5-2,111.5
2026-10-02 16:01:40,20261002,12,3,4-5-3,99.7
2026-10-02 16:01:40,20261002,12,3,4-5-6,284.9
2026-10-02 16:01:40,20261002,12,3,4-6-1,455.9
2026-10-02 16:01:40,20261002,12,3,4-6-2,379.9
2026-10-02 16:01:40,20261002,12,3,4-6-3,455.9
2026-10-02 16:01:40,20261002,12,3,4-6-5,839.9
2026-10-02 16:01:40,20261002,12,3,5-1-2,238.1
2026-10-02 16:01:40,20261002,12,3,5-1-3,147.7
2026-10-02 16:01:40,20261002,12,3,5-1-4,96.1
2026-10-02 16:01:40,20261002,12,3,5-1-6,419.9
2026-10-02 16:01:40,20261002,12,3,5-2-1,409.1
2026-10-02 16:01:40,20261002,12,3,5-2-3,164.5
2026-10-02 16:01:40,20261002,12,3,5-2-4,159.5
2026-10-02 16:01:40,20261002,12,3,5-2-6,638.3
2026-10-02 16:01:40,20261002,12,3,5-3-1,179.3
2026-10-02 16:01:40,20261002,12,3,5-3-2,185.5
2026-10-02 16:01:40,20261002,12,3,5-3-4,135.2
2026-10-02 16:01:40,20261002,12,3,5-3-6,664.9
2026-10-02 16:01:40,20261002,12,3,5-4-1,120.8
2026-10-02 16:01:40,20261002,12,3,5-4-2,218.6
2026-10-02 16:01:40,20261002,12,3,5-4-3,146.4
2026-10-02 16:01:40,20261002,12,3,5-4-6,227.9
2026-10-02 16:01:40,20261002,12,3,5-6-1,997.4
2026-10-02 16:01:40,20261002,12,3,5-6-2,1063.0
2026-10-02 16:01:40,20261002,12,3,5-6-3,664.9
2026-10-02 16:01:40,20261002,12,3,5-6-4,997.4
2026-10-02 16:01:40,20261002,12,3,6-1-2,241.7
2026-10-02 16:01:40,20261002,12,3,6-1-3,759.9
2026-10-02 16:01:40,20261002,12,3,6-1-4,886.5
2026-10-02 16:01:40,20261002,12,3,6-1-5,1063.0
2026-10-02 16:01:40,20261002,12,3,6-2-1,886.5
2026-10-02 16:01:40,20261002,12,3,6-2-3,483.5
2026-10-02 16:01:40,20261002,12,3,6-2-4,997.4
2026-10-02 16:01:40,20261002,12,3,6-2-5,886.5
2026-10-02 16:01:40,20261002,12,3,6-3-1,1450.0
2026-10-02 16:01:40,20261002,12,3,6-3-2,886.5
2026-10-02 16:01:40,20261002,12,3,6-3-4,591.0
2026-10-02 16:01:40,20261002,12,3,6-3-5,1329.0
2026-10-02 16:01:40,20261002,12,3,6-4-1,886.5
2026-10-02 16:01:40,20261002,12,3,6-4-2,1329.0
2026-10-02 16:01:40,20261002,12,3,6-4-3,591.0
2026-10-02 16:01:40,20261002,12,3,6-4-5,1227.0
2026-10-02 16:01:40,20261002,12,3,6-5-1,997.4
2026-10-02 16:01:40,20261002,12,3,6-5-2,1595.0
2026-10-02 16:01:40,20261002,12,3,6-5-3,1227.0
2026-10-02 16:01:40,20261002,12,3,6-5-4,997.4
2026-10-02 16:01:49,20261002,16,11,1-2-3,7.6
2026-10-02 16:01:49,20261002,16,11,1-2-4,15.1
2026-10-02 16:01:49,20261002,16,11,1-2-5,13.0
2026-10-02 16:01:49,20261002,16,11,1-2-6,32.4
2026-10-02 16:01:49,20261002,16,11,1-3-2,8.2
2026-10-02 16:01:49,20261002,16,11,1-3-4,12.7
2026-10-02 16:01:49,20261002,16,11,1-3-5,9.9
2026-10-02 16:01:49,20261002,16,11,1-3-6,27.4
2026-10-02 16:01:49,20261002,16,11,1-4-2,28.3
2026-10-02 16:01:49,20261002,16,11,1-4-3,28.2
2026-10-02 16:01:49,20261002,16,11,1-4-5,30.6
2026-10-02 16:01:49,20261002,16,11,1-4-6,47.7
2026-10-02 16:01:49,20261002,16,11,1-5-2,22.5
2026-10-02 16:01:49,20261002,16,11,1-5-3,19.1
2026-10-02 16:01:49,20261002,16,11,1-5-4,37.7
2026-10-02 16:01:49,20261002,16,11,1-5-6,44.3
2026-10-02 16:01:49,20261002,16,11,1-6-2,104.7
2026-10-02 16:01:49,20261002,16,11,1-6-3,98.6
2026-10-02 16:01:49,20261002,16,11,1-6-4,122.8
2026-10-02 16:01:49,20261002,16,11,1-6-5,94.9
2026-10-02 16:01:49,20261002,16,11,2-1-3,51.9
2026-10-02 16:01:49,20261002,16,11,2-1-4,97.9
2026-10-02 16:01:49,20261002,16,11,2-1-5,83.7
2026-10-02 16:01:49,20261002,16,11,2-1-6,159.3
2026-10-02 16:01:49,20261002,16,11,2-3-1,103.0
2026-10-02 16:01:49,20261002,16,11,2-3-4,299.3
2026-10-02 16:01:49,20261002,16,11,2-3-5,219.8
2026-10-02 16:01:49,20261002,16,11,2-3-6,525.2
2026-10-02 16:01:49,20261002,16,11,2-4-1,371.7
2026-10-02 16:01:49,20261002,16,11,2-4-3,531.5
2026-10-02 16:01:49,20261002,16,11,2-4-5,518.3
2026-10-02 16:01:49,20261002,16,11,2-4-6,672.4
2026-10-02 16:01:49,20261002,16,11,2-5-1,265.1
2026-10-02 16:01:49,20261002,16,11,2-5-3,379.3
2026-10-02 16:01:49,20261002,16,11,2-5-4,653.8
2026-10-02 16:01:49,20261002,16,11,2-5-6,673.7
2026-10-02 16:01:49,20261002,16,11,2-6-1,642.0
2026-10-02 16:01:49,20261002,16,11,2-6-3,1035.0
2026-10-02 16:01:49,20261002,16,11,2-6-4,1032.0
2026-10-02 16:01:49,20261002,16,11,2-6-5,986.2
2026-10-02 16:01:49,20261002,16,11,3-1-2,41.0
2026-10-02 16:01:49,20261002,16,11,3-1-4,49.5
2026-10-02 16:01:49,20261002,16,11,3-1-5,38.8
2026-10-02 16:01:49,20261002,16,11,3-1-6,94.7
2026-10-02 16:01:49,20261002,16,11,3-2-1,95.3
2026-10-02 16:01:49,20261002,16,11,3-2-4,238.4
2026-10-02 16:01:49,20261002,16,11,3-2-5,184.9
2026-10-02 16:01:49,20261002,16,11,3-2-6,340.4
2026-10-02 16:01:49,20261002,16,11,3-4-1,139.9
2026-10-02 16:01:49,20261002,16,11,3-4-2,258.2
2026-10-02 16:01:49,20261002,16,11,3-4-5,186.9
2026-10-02 16:01:49,20261002,16,11,3-4-6,279.1
2026-10-02 16:01:49,20261002,16,11,3-5-1,88.7
2026-10-02 16:01:49,20261002,16,11,3-5-2,185.3
2026-10-02 16:01:49,20261002,16,11,3-5-4,191.5
2026-10-02 16:01:49,20261002,16,11,3-5-6,229.6
2026-10-02 16:01:49,20261002,16,11,3-6-1,429.8
2026-10-02 16:01:49,20261002,16,11,3-6-2,785.4
2026-10-02 16:01:49,20261002,16,11,3-6-4,700.2
2026-10-02 16:01:49,20261002,16,11,3-6-5,525.2
2026-10-02 16:01:49,20261002,16,11,4-1-2,211.7
2026-10-02 16:01:49,20261002,16,11,4-1-3,181.8
2026-10-02 16:01:49,20261002,16,11,4-1-5,165.5
2026-10-02 16:01:49,20261002,16,11,4-1-6,295.1
2026-10-02 16:01:49,20261002,16,11,4-2-1,387.6
2026-10-02 16:01:49,20261002,16,11,4-2-3,583.9
2026-10-02 16:01:49,20261002,16,11,4-2-5,528.3
2026-10-02 16:01:49,20261002,16,11,4-2-6,601.7
2026-10-02 16:01:49,20261002,16,11,4-3-1,293.9
2026-10-02 16:01:49,20261002,16,11,4-3-2,598.7
2026-10-02 16:01:49,20261002,16,11,4-3-5,438.8
2026-10-02 16:01:49,20261002,16,11,4-3-6,573.5
2026-10-02 16:01:49,20261002,16,11,4-5-1,269.7
2026-10-02 16:01:49,20261002,16,11,4-5-2,579.1
2026-10-02 16:01:49,20261002,16,11,4-5-3,497.2
2026-10-02 16:01:49,20261002,16,11,4-5-6,512.3
2026-10-02 16:01:49,20261002,16,11,4-6-1,735.0
2026-10-02 16:01:49,20261002,16,11,4-6-2,1099.0
2026-10-02 16:01:49,20261002,16,11,4-6-3,1106.0
2026-10-02 16:01:49,20261002,16,11,4-6-5,896.5
2026-10-02 16:01:49,20261002,16,11,5-1-2,104.9
2026-10-02 16:01:49,20261002,16,11,5-1-3,84.8
2026-10-02 16:01:49,20261002,16,11,5-1-4,171.1
2026-10-02 16:01:49,20261002,16,11,5-1-6,173.1
2026-10-02 16:01:49,20261002,16,11,5-2-1,249.8
2026-10-02 16:01:49,20261002,16,11,5-2-3,356.1
2026-10-02 16:01:49,20261002,16,11,5-2-4,684.0
2026-10-02 16:01:49,20261002,16,11,5-2-6,543.7
2026-10-02 16:01:49,20261002,16,11,5-3-1,160.0
2026-10-02 16:01:49,20261002,16,11,5-3-2,320.7
2026-10-02 16:01:49,20261002,16,11,5-3-4,455.7
2026-10-02 16:01:49,20261002,16,11,5-3-6,423.1
2026-10-02 16:01:49,20261002,16,11,5-4-1,355.7
2026-10-02 16:01:49,20261002,16,11,5-4-2,708.6
2026-10-02 16:01:49,20261002,16,11,5-4-3,644.3
2026-10-02 16:01:49,20261002,16,11,5-4-6,580.1
2026-10-02 16:01:49,20261002,16,11,5-6-1,436.1
2026-10-02 16:01:49,20261002,16,11,5-6-2,805.0
2026-10-02 16:01:49,20261002,16,11,5-6-3,560.8
2026-10-02 16:01:49,20261002,16,11,5-6-4,853.4
2026-10-02 16:01:49,20261002,16,11,6-1-2,519.0
2026-10-02 16:01:49,20261002,16,11,6-1-3,758.6
2026-10-02 16:01:49,20261002,16,11,6-1-4,927.0
2026-10-02 16:01:49,20261002,16,11,6-1-5,775.2
2026-10-02 16:01:49,20261002,16,11,6-2-1,1000.0
2026-10-02 16:01:49,20261002,16,11,6-2-3,1830.0
2026-10-02 16:01:49,20261002,16,11,6-2-4,1592.0
2026-10-02 16:01:49,20261002,16,11,6-2-5,1473.0
2026-10-02 16:01:49,20261002,16,11,6-3-1,1038.0
2026-10-02 16:01:49,20261002,16,11,6-3-2,1858.0
2026-10-02 16:01:49,20261002,16,11,6-3-4,1523.0
2026-10-02 16:01:49,20261002,16,11,6-3-5,1397.0
2026-10-02 16:01:49,20261002,16,11,6-4-1,1467.0
2026-10-02 16:01:49,20261002,16,11,6-4-2,1577.0
2026-10-02 16:01:49,20261002,16,11,6-4-3,1793.0
2026-10-02 16:01:49,20261002,16,11,6-4-5,1517.0
2026-10-02 16:01:49,20261002,16,11,6-5-1,883.1
2026-10-02 16:01:49,20261002,16,11,6-5-2,1636.0
2026-10-02 16:01:49,20261002,16,11,6-5-3,1305.0
2026-10-02 16:01:49,20261002,16,11,6-5-4,1291.0
2026-10-02 16:06:03,20261002,7,3,1-2-3,29.8
2026-10-02 16:06:03,20261002,7,3,1-2-4,66.2
2026-10-02 16:06:03,20261002,7,3,1-2-5,75.8
2026-10-02 16:06:03,20261002,7,3,1-2-6,100.3
2026-10-02 16:06:03,20261002,7,3,1-3-2,31.8
2026-10-02 16:06:03,20261002,7,3,1-3-4,66.6
2026-10-02 16:06:03,20261002,7,3,1-3-5,78.4
2026-10-02 16:06:03,20261002,7,3,1-3-6,184.5
2026-10-02 16:06:03,20261002,7,3,1-4-2,65.3
2026-10-02 16:06:03,20261002,7,3,1-4-3,55.0
2026-10-02 16:06:03,20261002,7,3,1-4-5,34.9
2026-10-02 16:06:03,20261002,7,3,1-4-6,74.6
2026-10-02 16:06:03,20261002,7,3,1-5-2,65.0
2026-10-02 16:06:03,20261002,7,3,1-5-3,74.6
2026-10-02 16:06:03,20261002,7,3,1-5-4,39.9
2026-10-02 16:06:03,20261002,7,3,1-5-6,115.7
2026-10-02 16:06:03,20261002,7,3,1-6-2,146.8
2026-10-02 16:06:03,20261002,7,3,1-6-3,359.2
2026-10-02 16:06:03,20261002,7,3,1-6-4,170.6
2026-10-02 16:06:03,20261002,7,3,1-6-5,200.7
2026-10-02 16:06:03,20261002,7,3,2-1-3,79.8
2026-10-02 16:06:03,20261002,7,3,2-1-4,78.0
2026-10-02 16:06:03,20261002,7,3,2-1-5,67.9
2026-10-02 16:06:03,20261002,7,3,2-1-6,91.0
2026-10-02 16:06:03,20261002,7,3,2-3-1,137.9
2026-10-02 16:06:03,20261002,7,3,2-3-4,109.2
2026-10-02 16:06:03,20261002,7,3,2-3-5,82.2
2026-10-02 16:06:03,20261002,7,3,2-3-6,227.5
2026-10-02 16:06:03,20261002,7,3,2-4-1,117.6
2026-10-02 16:06:03,20261002,7,3,2-4-3,127.5
2026-10-02 16:06:03,20261002,7,3,2-4-5,34.5
2026-10-02 16:06:03,20261002,7,3,2-4-6,146.8
2026-10-02 16:06:03,20261002,7,3,2-5-1,103.4
2026-10-02 16:06:03,20261002,7,3,2-5-3,103.4
2026-10-02 16:06:03,20261002,7,3,2-5-4,48.2
2026-10-02 16:06:03,20261002,7,3,2-5-6,142.2
2026-10-02 16:06:03,20261002,7,3,2-6-1,187.0
2026-10-02 16:06:03,20261002,7,3,2-6-3,390.0
2026-10-02 16:06:03,20261002,7,3,2-6-4,195.0
2026-10-02 16:06:03,20261002,7,3,2-6-5,235.3
2026-10-02 16:06:03,20261002,7,3,3-1-2,66.2
2026-10-02 16:06:03,20261002,7,3,3-1-4,80.7
2026-10-02 16:06:03,20261002,7,3,3-1-5,79.3
2026-10-02 16:06:03,20261002,7,3,3-1-6,177.3
2026-10-02 16:06:03,20261002,7,3,3-2-1,200.7
2026-10-02 16:06:03,20261002,7,3,3-2-4,117.6
2026-10-02 16:06:03,20261002,7,3,3-2-5,106.6
2026-10-02 16:06:03,20261002,7,3,3-2-6,216.7
2026-10-02 16:06:03,20261002,7,3,3-4-1,155.1
2026-10-02 16:06:03,20261002,7,3,3-4-2,140.7
2026-10-02 16:06:03,20261002,7,3,3-4-5,75.8
2026-10-02 16:06:03,20261002,7,3,3-4-6,164.4
2026-10-02 16:06:03,20261002,7,3,3-5-1,116.6
2026-10-02 16:06:03,20261002,7,3,3-5-2,78.9
2026-10-02 16:06:03,20261002,7,3,3-5-4,73.4
2026-10-02 16:06:03,20261002,7,3,3-5-6,155.1
2026-10-02 16:06:03,20261002,7,3,3-6-1,546.1
2026-10-02 16:06:03,20261002,7,3,3-6-2,426.6
2026-10-02 16:06:03,20261002,7,3,3-6-4,296.8
2026-10-02 16:06:03,20261002,7,3,3-6-5,317.5
2026-10-02 16:06:03,20261002,7,3,4-1-2,93.5
2026-10-02 16:06:03,20261002,7,3,4-1-3,96.1
2026-10-02 16:06:03,20261002,7,3,4-1-5,36.6
2026-10-02 16:06:03,20261002,7,3,4-1-6,73.0
2026-10-02 16:06:03,20261002,7,3,4-2-1,125.2
2026-10-02 16:06:03,20261002,7,3,4-2-3,132.5
2026-10-02 16:06:03,20261002,7,3,4-2-5,42.9
2026-10-02 16:06:03,20261002,7,3,4-2-6,98.2
2026-10-02 16:06:03,20261002,7,3,4-3-1,143.7
2026-10-02 16:06:03,20261002,7,3,4-3-2,172.8
2026-10-02 16:06:03,20261002,7,3,4-3-5,66.2
2026-10-02 16:06:03,20261002,7,3,4-3-6,158.7
2026-10-02 16:06:03,20261002,7,3,4-5-1,33.5
2026-10-02 16:06:03,20261002,7,3,4-5-2,29.9
2026-10-02 16:06:03,20261002,7,3,4-5-3,39.0
2026-10-02 16:06:03,20261002,7,3,4-5-6,24.2
2026-10-02 16:06:03,20261002,7,3,4-6-1,113.7
2026-10-02 16:06:03,20261002,7,3,4-6-2,142.2
2026-10-02 16:06:03,20261002,7,3,4-6-3,203.7
2026-10-02 16:06:03,20261002,7,3,4-6-5,64.7
2026-10-02 16:06:03,20261002,7,3,5-1-2,67.2
2026-10-02 16:06:03,20261002,7,3,5-1-3,85.3
2026-10-02 16:06:03,20261002,7,3,5-1-4,43.4
2026-10-02 16:06:03,20261002,7,3,5-1-6,97.5
2026-10-02 16:06:03,20261002,7,3,5-2-1,93.5
2026-10-02 16:06:03,20261002,7,3,5-2-3,80.7
2026-10-02 16:06:03,20261002,7,3,5-2-4,42.1
2026-10-02 16:06:03,20261002,7,3,5-2-6,111.9
2026-10-02 16:06:03,20261002,7,3,5-3-1,108.3
2026-10-02 16:06:03,20261002,7,3,5-3-2,86.9
2026-10-02 16:06:03,20261002,7,3,5-3-4,71.4
2026-10-02 16:06:03,20261002,7,3,5-3-6,131.2
2026-10-02 16:06:03,20261002,7,3,5-4-1,41.0
2026-10-02 16:06:03,20261002,7,3,5-4-2,33.8
2026-10-02 16:06:03,20261002,7,3,5-4-3,43.0
2026-10-02 16:06:03,20261002,7,3,5-4-6,33.6
2026-10-02 16:06:03,20261002,7,3,5-6-1,170.6
2026-10-02 16:06:03,20261002,7,3,5-6-2,146.8
2026-10-02 16:06:03,20261002,7,3,5-6-3,125.2
2026-10-02 16:06:03,20261002,7,3,5-6-4,77.5
2026-10-02 16:06:03,20261002,7,3,6-1-2,90.4
2026-10-02 16:06:03,20261002,7,3,6-1-3,390.0
2026-10-02 16:06:03,20261002,7,3,6-1-4,239.5
2026-10-02 16:06:03,20261002,7,3,6-1-5,369.0
2026-10-02 16:06:03,20261002,7,3,6-2-1,195.0
2026-10-02 16:06:03,20261002,7,3,6-2-3,413.7
2026-10-02 16:06:03,20261002,7,3,6-2-4,440.4
2026-10-02 16:06:03,20261002,7,3,6-2-5,379.2
2026-10-02 16:06:03,20261002,7,3,6-3-1,1050.0
2026-10-02 16:06:03,20261002,7,3,6-3-2,803.1
2026-10-02 16:06:03,20261002,7,3,6-3-4,413.7
2026-10-02 16:06:03,20261002,7,3,6-3-5,413.7
2026-10-02 16:06:03,20261002,7,3,6-4-1,257.6
2026-10-02 16:06:03,20261002,7,3,6-4-2,390.0
2026-10-02 16:06:03,20261002,7,3,6-4-3,593.6
2026-10-02 16:06:03,20261002,7,3,6-4-5,155.1
2026-10-02 16:06:03,20261002,7,3,6-5-1,369.0
2026-10-02 16:06:03,20261002,7,3,6-5-2,341.3
2026-10-02 16:06:03,20261002,7,3,6-5-3,505.6
2026-10-02 16:06:03,20261002,7,3,6-5-4,125.2
2026-10-02 16:07:39,20261002,6,11,1-2-3,23.1
2026-10-02 16:07:39,20261002,6,11,1-2-4,36.2
2026-10-02 16:07:39,20261002,6,11,1-2-5,46.5
2026-10-02 16:07:39,20261002,6,11,1-2-6,87.9
2026-10-02 16:07:39,20261002,6,11,1-3-2,13.6
2026-10-02 16:07:39,20261002,6,11,1-3-4,6.1
2026-10-02 16:07:39,20261002,6,11,1-3-5,15.4
2026-10-02 16:07:39,20261002,6,11,1-3-6,50.2
2026-10-02 16:07:39,20261002,6,11,1-4-2,29.5
2026-10-02 16:07:39,20261002,6,11,1-4-3,15.1
2026-10-02 16:07:39,20261002,6,11,1-4-5,28.7
2026-10-02 16:07:39,20261002,6,11,1-4-6,60.0
2026-10-02 16:07:39,20261002,6,11,1-5-2,73.5
2026-10-02 16:07:39,20261002,6,11,1-5-3,61.1
2026-10-02 16:07:39,20261002,6,11,1-5-4,79.2
2026-10-02 16:07:39,20261002,6,11,1-5-6,236.4
2026-10-02 16:07:39,20261002,6,11,1-6-2,141.3
2026-10-02 16:07:39,20261002,6,11,1-6-3,189.7
2026-10-02 16:07:39,20261002,6,11,1-6-4,124.3
2026-10-02 16:07:39,20261002,6,11,1-6-5,225.3
2026-10-02 16:07:39,20261002,6,11,2-1-3,72.1
2026-10-02 16:07:39,20261002,6,11,2-1-4,92.4
2026-10-02 16:07:39,20261002,6,11,2-1-5,82.8
2026-10-02 16:07:39,20261002,6,11,2-1-6,203.1
2026-10-02 16:07:39,20261002,6,11,2-3-1,140.0
2026-10-02 16:07:39,20261002,6,11,2-3-4,134.7
2026-10-02 16:07:39,20261002,6,11,2-3-5,206.0
2026-10-02 16:07:39,20261002,6,11,2-3-6,267.0
2026-10-02 16:07:39,20261002,6,11,2-4-1,200.2
2026-10-02 16:07:39,20261002,6,11,2-4-3,218.5
2026-10-02 16:07:39,20261002,6,11,2-4-5,228.9
2026-10-02 16:07:39,20261002,6,11,2-4-6,240.3
2026-10-02 16:07:39,20261002,6,11,2-5-1,244.4
2026-10-02 16:07:39,20261002,6,11,2-5-3,267.0
2026-10-02 16:07:39,20261002,6,11,2-5-4,480.7
2026-10-02 16:07:39,20261002,6,11,2-5-6,294.3
2026-10-02 16:07:39,20261002,6,11,2-6-1,320.4
2026-10-02 16:07:39,20261002,6,11,2-6-3,369.7
2026-10-02 16:07:39,20261002,6,11,2-6-4,306.8
2026-10-02 16:07:39,20261002,6,11,2-6-5,294.3
2026-10-02 16:07:39,20261002,6,11,3-1-2,31.4
2026-10-02 16:07:39,20261002,6,11,3-1-4,11.6
2026-10-02 16:07:39,20261002,6,11,3-1-5,23.7
2026-10-02 16:07:39,20261002,6,11,3-1-6,87.4
2026-10-02 16:07:39,20261002,6,11,3-2-1,140.0
2026-10-02 16:07:39,20261002,6,11,3-2-4,100.8
2026-10-02 16:07:39,20261002,6,11,3-2-5,153.4
2026-10-02 16:07:39,20261002,6,11,3-2-6,248.6
2026-10-02 16:07:39,20261002,6,11,3-4-1,27.1
2026-10-02 16:07:39,20261002,6,11,3-4-2,75.9
2026-10-02 16:07:39,20261002,6,11,3-4-5,69.0
2026-10-02 16:07:39,20261002,6,11,3-4-6,128.7
2026-10-02 16:07:39,20261002,6,11,3-5-1,125.4
2026-10-02 16:07:39,20261002,6,11,3-5-2,162.0
2026-10-02 16:07:39,20261002,6,11,3-5-4,156.7
2026-10-02 16:07:39,20261002,6,11,3-5-6,320.4
2026-10-02 16:07:39,20261002,6,11,3-6-1,450.6
2026-10-02 16:07:39,20261002,6,11,3-6-2,497.2
2026-10-02 16:07:39,20261002,6,11,3-6-4,320.4
2026-10-02 16:07:39,20261002,6,11,3-6-5,576.8
2026-10-02 16:07:39,20261002,6,11,4-1-2,83.3
2026-10-02 16:07:39,20261002,6,11,4-1-3,48.2
2026-10-02 16:07:39,20261002,6,11,4-1-5,52.6
2026-10-02 16:07:39,20261002,6,11,4-1-6,117.2
2026-10-02 16:07:39,20261002,6,11,4-2-1,169.6
2026-10-02 16:07:39,20261002,6,11,4-2-3,200.2
2026-10-02 16:07:39,20261002,6,11,4-2-5,200.2
2026-10-02 16:07:39,20261002,6,11,4-2-6,175.8
2026-10-02 16:07:39,20261002,6,11,4-3-1,52.8
2026-10-02 16:07:39,20261002,6,11,4-3-2,160.2
2026-10-02 16:07:39,20261002,6,11,4-3-5,82.8
2026-10-02 16:07:39,20261002,6,11,4-3-6,225.3
2026-10-02 16:07:39,20261002,6,11,4-5-1,65.8
2026-10-02 16:07:39,20261002,6,11,4-5-2,197.5
2026-10-02 16:07:39,20261002,6,11,4-5-3,93.6
2026-10-02 16:07:39,20261002,6,11,4-5-6,232.5
2026-10-02 16:07:39,20261002,6,11,4-6-1,253.0
2026-10-02 16:07:39,20261002,6,11,4-6-2,197.5
2026-10-02 16:07:39,20261002,6,11,4-6-3,360.5
2026-10-02 16:07:39,20261002,6,11,4-6-5,369.7
2026-10-02 16:07:39,20261002,6,11,5-1-2,236.4
2026-10-02 16:07:39,20261002,6,11,5-1-3,155.0
2026-10-02 16:07:39,20261002,6,11,5-1-4,171.6
2026-10-02 16:07:39,20261002,6,11,5-1-6,306.8
2026-10-02 16:07:39,20261002,6,11,5-2-1,277.3
2026-10-02 16:07:39,20261002,6,11,5-2-3,360.5
2026-10-02 16:07:39,20261002,6,11,5-2-4,300.4
2026-10-02 16:07:39,20261002,6,11,5-2-6,253.0
2026-10-02 16:07:39,20261002,6,11,5-3-1,203.1
2026-10-02 16:07:39,20261002,6,11,5-3-2,480.7
2026-10-02 16:07:39,20261002,6,11,5-3-4,244.4
2026-10-02 16:07:39,20261002,6,11,5-3-6,437.0
2026-10-02 16:07:39,20261002,6,11,5-4-1,225.3
2026-10-02 16:07:39,20261002,6,11,5-4-2,450.6
2026-10-02 16:07:39,20261002,6,11,5-4-3,253.0
2026-10-02 16:07:39,20261002,6,11,5-4-6,288.4
2026-10-02 16:07:39,20261002,6,11,5-6-1,655.5
2026-10-02 16:07:39,20261002,6,11,5-6-2,412.0
2026-10-02 16:07:39,20261002,6,11,5-6-3,576.8
2026-10-02 16:07:39,20261002,6,11,5-6-4,801.1
2026-10-02 16:07:39,20261002,6,11,6-1-2,257.5
2026-10-02 16:07:39,20261002,6,11,6-1-3,534.1
2026-10-02 16:07:39,20261002,6,11,6-1-4,497.2
2026-10-02 16:07:39,20261002,6,11,6-1-5,961.4
2026-10-02 16:07:39,20261002,6,11,6-2-1,686.7
2026-10-02 16:07:39,20261002,6,11,6-2-3,554.6
2026-10-02 16:07:39,20261002,6,11,6-2-4,465.1
2026-10-02 16:07:39,20261002,6,11,6-2-5,412.0
2026-10-02 16:07:39,20261002,6,11,6-3-1,1109.0
2026-10-02 16:07:39,20261002,6,11,6-3-2,686.7
2026-10-02 16:07:39,20261002,6,11,6-3-4,437.0
2026-10-02 16:07:39,20261002,6,11,6-3-5,901.3
2026-10-02 16:07:39,20261002,6,11,6-4-1,1109.0
2026-10-02 16:07:39,20261002,6,11,6-4-2,497.2
2026-10-02 16:07:39,20261002,6,11,6-4-3,1201.0
2026-10-02 16:07:39,20261002,6,11,6-4-5,1109.0
2026-10-02 16:07:39,20261002,6,11,6-5-1,1311.0
2026-10-02 16:07:39,20261002,6,11,6-5-2,480.7
2026-10-02 16:07:39,20261002,6,11,6-5-3,1802.0
2026-10-02 16:07:39,20261002,6,11,6-5-4,655.5
2026-10-02 16:10:19,20261002,13,12,1-2-3,8.3
2026-10-02 16:10:19,20261002,13,12,1-2-4,5.1
2026-10-02 16:10:19,20261002,13,12,1-2-5,25.5
2026-10-02 16:10:19,20261002,13,12,1-2-6,14.2
2026-10-02 16:10:19,20261002,13,12,1-3-2,24.4
2026-10-02 16:10:19,20261002,13,12,1-3-4,24.7
2026-10-02 16:10:19,20261002,13,12,1-3-5,71.3
2026-10-02 16:10:19,20261002,13,12,1-3-6,38.4
2026-10-02 16:10:19,20261002,13,12,1-4-2,8.8
2026-10-02 16:10:19,20261002,13,12,1-4-3,23.8
2026-10-02 16:10:19,20261002,13,12,1-4-5,44.9
2026-10-02 16:10:19,20261002,13,12,1-4-6,22.4
2026-10-02 16:10:19,20261002,13,12,1-5-2,105.2
2026-10-02 16:10:19,20261002,13,12,1-5-3,170.2
2026-10-02 16:10:19,20261002,13,12,1-5-4,125.4
2026-10-02 16:10:19,20261002,13,12,1-5-6,162.2
2026-10-02 16:10:19,20261002,13,12,1-6-2,36.1
2026-10-02 16:10:19,20261002,13,12,1-6-3,77.6
2026-10-02 16:10:19,20261002,13,12,1-6-4,42.5
2026-10-02 16:10:19,20261002,13,12,1-6-5,170.8
2026-10-02 16:10:19,20261002,13,12,2-1-3,36.2
2026-10-02 16:10:19,20261002,13,12,2-1-4,19.3
2026-10-02 16:10:19,20261002,13,12,2-1-5,68.1
2026-10-02 16:10:19,20261002,13,12,2-1-6,46.5
2026-10-02 16:10:19,20261002,13,12,2-3-1,133.7
2026-10-02 16:10:19,20261002,13,12,2-3-4,159.4
2026-10-02 16:10:19,20261002,13,12,2-3-5,412.3
2026-10-02 16:10:19,20261002,13,12,2-3-6,368.0
2026-10-02 16:10:19,20261002,13,12,2-4-1,47.8
2026-10-02 16:10:19,20261002,13,12,2-4-3,154.4
2026-10-02 16:10:19,20261002,13,12,2-4-5,296.4
2026-10-02 16:10:19,20261002,13,12,2-4-6,138.4
2026-10-02 16:10:19,20261002,13,12,2-5-1,308.0
2026-10-02 16:10:19,20261002,13,12,2-5-3,616.1
2026-10-02 16:10:19,20261002,13,12,2-5-4,512.4
2026-10-02 16:10:19,20261002,13,12,2-5-6,468.6
2026-10-02 16:10:19,20261002,13,12,2-6-1,213.3
2026-10-02 16:10:19,20261002,13,12,2-6-3,403.2
2026-10-02 16:10:19,20261002,13,12,2-6-4,311.5
2026-10-02 16:10:19,20261002,13,12,2-6-5,464.7
2026-10-02 16:10:19,20261002,13,12,3-1-2,114.2
2026-10-02 16:10:19,20261002,13,12,3-1-4,176.8
2026-10-02 16:10:19,20261002,13,12,3-1-5,284.1
2026-10-02 16:10:19,20261002,13,12,3-1-6,285.6
2026-10-02 16:10:19,20261002,13,12,3-2-1,264.9
2026-10-02 16:10:19,20261002,13,12,3-2-4,222.9
2026-10-02 16:10:19,20261002,13,12,3-2-5,577.2
2026-10-02 16:10:19,20261002,13,12,3-2-6,472.7
2026-10-02 16:10:19,20261002,13,12,3-4-1,318.8
2026-10-02 16:10:19,20261002,13,12,3-4-2,258.6
2026-10-02 16:10:19,20261002,13,12,3-4-5,645.1
2026-10-02 16:10:19,20261002,13,12,3-4-6,489.6
2026-10-02 16:10:19,20261002,13,12,3-5-1,721.5
2026-10-02 16:10:19,20261002,13,12,3-5-2,694.1
2026-10-02 16:10:19,20261002,13,12,3-5-4,1075.0
2026-10-02 16:10:19,20261002,13,12,3-5-6,1337.0
2026-10-02 16:10:19,20261002,13,12,3-6-1,751.1
2026-10-02 16:10:19,20261002,13,12,3-6-2,929.4
2026-10-02 16:10:19,20261002,13,12,3-6-4,645.1
2026-10-02 16:10:19,20261002,13,12,3-6-5,1142.0
2026-10-02 16:10:19,20261002,13,12,4-1-2,28.2
2026-10-02 16:10:19,20261002,13,12,4-1-3,111.4
2026-10-02 16:10:19,20261002,13,12,4-1-5,82.7
2026-10-02 16:10:19,20261002,13,12,4-1-6,60.4
2026-10-02 16:10:19,20261002,13,12,4-2-1,45.7
2026-10-02 16:10:19,20261002,13,12,4-2-3,165.6
2026-10-02 16:10:19,20261002,13,12,4-2-5,156.2
2026-10-02 16:10:19,20261002,13,12,4-2-6,115.4
2026-10-02 16:10:19,20261002,13,12,4-3-1,287.1
2026-10-02 16:10:19,20261002,13,12,4-3-2,244.8
2026-10-02 16:10:19,20261002,13,12,4-3-5,731.1
2026-10-02 16:10:19,20261002,13,12,4-3-6,596.0
2026-10-02 16:10:19,20261002,13,12,4-5-1,164.1
2026-10-02 16:10:19,20261002,13,12,4-5-2,245.9
2026-10-02 16:10:19,20261002,13,12,4-5-3,481.0
2026-10-02 16:10:19,20261002,13,12,4-5-6,181.5
2026-10-02 16:10:19,20261002,13,12,4-6-1,125.7
2026-10-02 16:10:19,20261002,13,12,4-6-2,153.6
2026-10-02 16:10:19,20261002,13,12,4-6-3,400.2
2026-10-02 16:10:19,20261002,13,12,4-6-5,244.8
2026-10-02 16:10:19,20261002,13,12,5-1-2,512.4
2026-10-02 16:10:19,20261002,13,12,5-1-3,565.3
2026-10-02 16:10:19,20261002,13,12,5-1-4,438.6
2026-10-02 16:10:19,20261002,13,12,5-1-6,721.5
2026-10-02 16:10:19,20261002,13,12,5-2-1,668.7
2026-10-02 16:10:19,20261002,13,12,5-2-3,1096.0
2026-10-02 16:10:19,20261002,13,12,5-2-4,542.9
2026-10-02 16:10:19,20261002,13,12,5-2-6,712.1
2026-10-02 16:10:19,20261002,13,12,5-3-1,830.8
2026-10-02 16:10:19,20261002,13,12,5-3-2,1096.0
2026-10-02 16:10:19,20261002,13,12,5-3-4,1337.0
2026-10-02 16:10:19,20261002,13,12,5-3-6,1612.0
2026-10-02 16:10:19,20261002,13,12,5-4-1,542.9
2026-10-02 16:10:19,20261002,13,12,5-4-2,731.1
2026-10-02 16:10:19,20261002,13,12,5-4-3,1305.0
2026-10-02 16:10:19,20261002,13,12,5-4-6,616.1
2026-10-02 16:10:19,20261002,13,12,5-6-1,1337.0
2026-10-02 16:10:19,20261002,13,12,5-6-2,1142.0
2026-10-02 16:10:19,20261002,13,12,5-6-3,1406.0
2026-10-02 16:10:19,20261002,13,12,5-6-4,1192.0
2026-10-02 16:10:19,20261002,13,12,6-1-2,262.3
2026-10-02 16:10:19,20261002,13,12,6-1-3,415.4
2026-10-02 16:10:19,20261002,13,12,6-1-4,298.0
2026-10-02 16:10:19,20261002,13,12,6-1-5,783.3
2026-10-02 16:10:19,20261002,13,12,6-2-1,375.5
2026-10-02 16:10:19,20261002,13,12,6-2-3,783.3
2026-10-02 16:10:19,20261002,13,12,6-2-4,721.5
2026-10-02 16:10:19,20261002,13,12,6-2-5,979.2
2026-10-02 16:10:19,20261002,13,12,6-3-1,1054.0
2026-10-02 16:10:19,20261002,13,12,6-3-2,1406.0
2026-10-02 16:10:19,20261002,13,12,6-3-4,1034.0
2026-10-02 16:10:19,20261002,13,12,6-3-5,1096.0
2026-10-02 16:10:19,20261002,13,12,6-4-1,565.3
2026-10-02 16:10:19,20261002,13,12,6-4-2,979.2
2026-10-02 16:10:19,20261002,13,12,6-4-3,1166.0
2026-10-02 16:10:19,20261002,13,12,6-4-5,1166.0
2026-10-02 16:10:19,20261002,13,12,6-5-1,1015.0
2026-10-02 16:10:19,20261002,13,12,6-5-2,1612.0
2026-10-02 16:10:19,20261002,13,12,6-5-3,1406.0
2026-10-02 16:10:19,20261002,13,12,6-5-4,1192.0
2026-10-02 16:14:39,20261002,19,3,1-2-3,11.4
2026-10-02 16:14:39,20261002,19,3,1-2-4,29.9
2026-10-02 16:14:39,20261002,19,3,1-2-5,9.5
2026-10-02 16:14:39,20261002,19,3,1-2-6,171.7
2026-10-02 16:14:39,20261002,19,3,1-3-2,25.2
2026-10-02 16:14:39,20261002,19,3,1-3-4,88.0
2026-10-02 16:14:39,20261002,19,3,1-3-5,41.6
2026-10-02 16:14:39,20261002,19,3,1-3-6,377.7
2026-10-02 16:14:39,20261002,19,3,1-4-2,79.4
2026-10-02 16:14:39,20261002,19,3,1-4-3,155.2
2026-10-02 16:14:39,20261002,19,3,1-4-5,165.0
2026-10-02 16:14:39,20261002,19,3,1-4-6,566.6
2026-10-02 16:14:39,20261002,19,3,1-5-2,28.0
2026-10-02 16:14:39,20261002,19,3,1-5-3,53.8
2026-10-02 16:14:39,20261002,19,3,1-5-4,124.5
2026-10-02 16:14:39,20261002,19,3,1-5-6,790.6
2026-10-02 16:14:39,20261002,19,3,1-6-2,314.7
2026-10-02 16:14:39,20261002,19,3,1-6-3,478.8
2026-10-02 16:14:39,20261002,19,3,1-6-4,999.9
2026-10-02 16:14:39,20261002,19,3,1-6-5,944.3
2026-10-02 16:14:39,20261002,19,3,2-1-3,10.0
2026-10-02 16:14:39,20261002,19,3,2-1-4,27.5
2026-10-02 16:14:39,20261002,19,3,2-1-5,8.0
2026-10-02 16:14:39,20261002,19,3,2-1-6,198.8
2026-10-02 16:14:39,20261002,19,3,2-3-1,18.6
2026-10-02 16:14:39,20261002,19,3,2-3-4,52.9
2026-10-02 16:14:39,20261002,19,3,2-3-5,14.4
2026-10-02 16:14:39,20261002,19,3,2-3-6,249.9
2026-10-02 16:14:39,20261002,19,3,2-4-1,78.5
2026-10-02 16:14:39,20261002,19,3,2-4-3,97.1
2026-10-02 16:14:39,20261002,19,3,2-4-5,73.9
2026-10-02 16:14:39,20261002,19,3,2-4-6,424.9
2026-10-02 16:14:39,20261002,19,3,2-5-1,12.9
2026-10-02 16:14:39,20261002,19,3,2-5-3,14.4
2026-10-02 16:14:39,20261002,19,3,2-5-4,49.5
2026-10-02 16:14:39,20261002,19,3,2-5-6,206.0
2026-10-02 16:14:39,20261002,19,3,2-6-1,465.7
2026-10-02 16:14:39,20261002,19,3,2-6-3,576.2
2026-10-02 16:14:39,20261002,19,3,2-6-4,586.1
2026-10-02 16:14:39,20261002,19,3,2-6-5,539.6
2026-10-02 16:14:39,20261002,19,3,3-1-2,59.7
2026-10-02 16:14:39,20261002,19,3,3-1-4,127.8
2026-10-02 16:14:39,20261002,19,3,3-1-5,95.7
2026-10-02 16:14:39,20261002,19,3,3-1-6,441.5
2026-10-02 16:14:39,20261002,19,3,3-2-1,54.6
2026-10-02 16:14:39,20261002,19,3,3-2-4,108.2
2026-10-02 16:14:39,20261002,19,3,3-2-5,54.1
2026-10-02 16:14:39,20261002,19,3,3-2-6,311.8
2026-10-02 16:14:39,20261002,19,3,3-4-1,369.5
2026-10-02 16:14:39,20261002,19,3,3-4-2,298.2
2026-10-02 16:14:39,20261002,19,3,3-4-5,377.7
2026-10-02 16:14:39,20261002,19,3,3-4-6,641.4
2026-10-02 16:14:39,20261002,19,3,3-5-1,156.6
2026-10-02 16:14:39,20261002,19,3,3-5-2,88.3
2026-10-02 16:14:39,20261002,19,3,3-5-4,269.8
2026-10-02 16:14:39,20261002,19,3,3-5-6,586.1
2026-10-02 16:14:39,20261002,19,3,3-6-1,1030.0
2026-10-02 16:14:39,20261002,19,3,3-6-2,693.8
2026-10-02 16:14:39,20261002,19,3,3-6-4,849.9
2026-10-02 16:14:39,20261002,19,3,3-6-5,1478.0
2026-10-02 16:14:39,20261002,19,3,4-1-2,185.7
2026-10-02 16:14:39,20261002,19,3,4-1-3,208.5
2026-10-02 16:14:39,20261002,19,3,4-1-5,241.1
2026-10-02 16:14:39,20261002,19,3,4-1-6,629.5
2026-10-02 16:14:39,20261002,19,3,4-2-1,208.5
2026-10-02 16:14:39,20261002,19,3,4-2-3,259.5
2026-10-02 16:14:39,20261002,19,3,4-2-5,158.8
2026-10-02 16:14:39,20261002,19,3,4-2-6,343.4
2026-10-02 16:14:39,20261002,19,3,4-3-1,507.4
2026-10-02 16:14:39,20261002,19,3,4-3-2,485.6
2026-10-02 16:14:39,20261002,19,3,4-3-5,586.1
2026-10-02 16:14:39,20261002,19,3,4-3-6,723.3
2026-10-02 16:14:39,20261002,19,3,4-5-1,251.8
2026-10-02 16:14:39,20261002,19,3,4-5-2,204.7
2026-10-02 16:14:39,20261002,19,3,4-5-3,447.3
2026-10-02 16:14:39,20261002,19,3,4-5-6,894.6
2026-10-02 16:14:39,20261002,19,3,4-6-1,1172.0
2026-10-02 16:14:39,20261002,19,3,4-6-2,1062.0
2026-10-02 16:14:39,20261002,19,3,4-6-3,739.0
2026-10-02 16:14:39,20261002,19,3,4-6-5,1789.0
2026-10-02 16:14:39,20261002,19,3,5-1-2,62.9
2026-10-02 16:14:39,20261002,19,3,5-1-3,134.3
2026-10-02 16:14:39,20261002,19,3,5-1-4,259.5
2026-10-02 16:14:39,20261002,19,3,5-1-6,566.6
2026-10-02 16:14:39,20261002,19,3,5-2-1,51.8
2026-10-02 16:14:39,20261002,19,3,5-2-3,64.7
2026-10-02 16:14:39,20261002,19,3,5-2-4,117.6
2026-10-02 16:14:39,20261002,19,3,5-2-6,447.3
2026-10-02 16:14:39,20261002,19,3,5-3-1,207.2
2026-10-02 16:14:39,20261002,19,3,5-3-2,129.2
2026-10-02 16:14:39,20261002,19,3,5-3-4,453.2
2026-10-02 16:14:39,20261002,19,3,5-3-6,1096.0
2026-10-02 16:14:39,20261002,19,3,5-4-1,430.3
2026-10-02 16:14:39,20261002,19,3,5-4-2,241.1
2026-10-02 16:14:39,20261002,19,3,5-4-3,629.5
2026-10-02 16:14:39,20261002,19,3,5-4-6,1062.0
2026-10-02 16:14:39,20261002,19,3,5-6-1,1478.0
2026-10-02 16:14:39,20261002,19,3,5-6-2,871.7
2026-10-02 16:14:39,20261002,19,3,5-6-3,1133.0
2026-10-02 16:14:39,20261002,19,3,5-6-4,2124.0
2026-10-02 16:14:39,20261002,19,3,6-1-2,472.1
2026-10-02 16:14:39,20261002,19,3,6-1-3,894.6
2026-10-02 16:14:39,20261002,19,3,6-1-4,1699.0
2026-10-02 16:14:39,20261002,19,3,6-1-5,1545.0
2026-10-02 16:14:39,20261002,19,3,6-2-1,918.8
2026-10-02 16:14:39,20261002,19,3,6-2-3,894.6
2026-10-02 16:14:39,20261002,19,3,6-2-4,1478.0
2026-10-02 16:14:39,20261002,19,3,6-2-5,1172.0
2026-10-02 16:14:39,20261002,19,3,6-3-1,1416.0
2026-10-02 16:14:39,20261002,19,3,6-3-2,1096.0
2026-10-02 16:14:39,20261002,19,3,6-3-4,1618.0
2026-10-02 16:14:39,20261002,19,3,6-3-5,2124.0
2026-10-02 16:14:39,20261002,19,3,6-4-1,1478.0
2026-10-02 16:14:39,20261002,19,3,6-4-2,1699.0
2026-10-02 16:14:39,20261002,19,3,6-4-3,2266.0
2026-10-02 16:14:39,20261002,19,3,6-4-5,1999.0
2026-10-02 16:14:39,20261002,19,3,6-5-1,1999.0
2026-10-02 16:14:39,20261002,19,3,6-5-2,1478.0
2026-10-02 16:14:39,20261002,19,3,6-5-3,2124.0
2026-10-02 16:14:39,20261002,19,3,6-5-4,1999.0
2026-10-02 16:18:49,20261002,22,12,1-2-3,19.7
2026-10-02 16:18:49,20261002,22,12,1-2-4,11.5
2026-10-02 16:18:49,20261002,22,12,1-2-5,55.3
2026-10-02 16:18:49,20261002,22,12,1-2-6,94.1
2026-10-02 16:18:49,20261002,22,12,1-3-2,32.1
2026-10-02 16:18:49,20261002,22,12,1-3-4,9.6
2026-10-02 16:18:49,20261002,22,12,1-3-5,38.6
2026-10-02 16:18:49,20261002,22,12,1-3-6,82.9
2026-10-02 16:18:49,20261002,22,12,1-4-2,8.7
2026-10-02 16:18:49,20261002,22,12,1-4-3,8.3
2026-10-02 16:18:49,20261002,22,12,1-4-5,16.9
2026-10-02 16:18:49,20261002,22,12,1-4-6,34.8
2026-10-02 16:18:49,20261002,22,12,1-5-2,132.3
2026-10-02 16:18:49,20261002,22,12,1-5-3,69.3
2026-10-02 16:18:49,20261002,22,12,1-5-4,60.9
2026-10-02 16:18:49,20261002,22,12,1-5-6,165.9
2026-10-02 16:18:49,20261002,22,12,1-6-2,192.8
2026-10-02 16:18:49,20261002,22,12,1-6-3,241.0
2026-10-02 16:18:49,20261002,22,12,1-6-4,163.3
2026-10-02 16:18:49,20261002,22,12,1-6-5,482.1
2026-10-02 16:18:49,20261002,22,12,2-1-3,117.7
2026-10-02 16:18:49,20261002,22,12,2-1-4,62.8
2026-10-02 16:18:49,20261002,22,12,2-1-5,225.0
2026-10-02 16:18:49,20261002,22,12,2-1-6,302.2
2026-10-02 16:18:49,20261002,22,12,2-3-1,177.6
2026-10-02 16:18:49,20261002,22,12,2-3-4,154.5
2026-10-02 16:18:49,20261002,22,12,2-3-5,321.4
2026-10-02 16:18:49,20261002,22,12,2-3-6,532.9
2026-10-02 16:18:49,20261002,22,12,2-4-1,70.3
2026-10-02 16:18:49,20261002,22,12,2-4-3,217.7
2026-10-02 16:18:49,20261002,22,12,2-4-5,227.5
2026-10-02 16:18:49,20261002,22,12,2-4-6,460.2
2026-10-02 16:18:49,20261002,22,12,2-5-1,382.1
2026-10-02 16:18:49,20261002,22,12,2-5-3,578.6
2026-10-02 16:18:49,20261002,22,12,2-5-4,321.4
2026-10-02 16:18:49,20261002,22,12,2-5-6,964.3
2026-10-02 16:18:49,20261002,22,12,2-6-1,316.4
2026-10-02 16:18:49,20261002,22,12,2-6-3,1065.0
2026-10-02 16:18:49,20261002,22,12,2-6-4,675.0
2026-10-02 16:18:49,20261002,22,12,2-6-5,578.6
2026-10-02 16:18:49,20261002,22,12,3-1-2,100.2
2026-10-02 16:18:49,20261002,22,12,3-1-4,43.6
2026-10-02 16:18:49,20261002,22,12,3-1-5,54.5
2026-10-02 16:18:49,20261002,22,12,3-1-6,164.6
2026-10-02 16:18:49,20261002,22,12,3-2-1,241.0
2026-10-02 16:18:49,20261002,22,12,3-2-4,163.3
2026-10-02 16:18:49,20261002,22,12,3-2-5,215.4
2026-10-02 16:18:49,20261002,22,12,3-2-6,263.0
2026-10-02 16:18:49,20261002,22,12,3-4-1,61.9
2026-10-02 16:18:49,20261002,22,12,3-4-2,168.7
2026-10-02 16:18:49,20261002,22,12,3-4-5,107.7
2026-10-02 16:18:49,20261002,22,12,3-4-6,215.4
2026-10-02 16:18:49,20261002,22,12,3-5-1,119.8
2026-10-02 16:18:49,20261002,22,12,3-5-2,311.5
2026-10-02 16:18:49,20261002,22,12,3-5-4,129.8
2026-10-02 16:18:49,20261002,22,12,3-5-6,562.5
2026-10-02 16:18:49,20261002,22,12,3-6-1,595.6
2026-10-02 16:18:49,20261002,22,12,3-6-2,578.6
2026-10-02 16:18:49,20261002,22,12,3-6-4,440.2
2026-10-02 16:18:49,20261002,22,12,3-6-5,653.2
2026-10-02 16:18:49,20261002,22,12,4-1-2,25.0
2026-10-02 16:18:49,20261002,22,12,4-1-3,21.3
2026-10-02 16:18:49,20261002,22,12,4-1-5,27.8
2026-10-02 16:18:49,20261002,22,12,4-1-6,51.6
2026-10-02 16:18:49,20261002,22,12,4-2-1,60.0
2026-10-02 16:18:49,20261002,22,12,4-2-3,144.6
2026-10-02 16:18:49,20261002,22,12,4-2-5,196.6
2026-10-02 16:18:49,20261002,22,12,4-2-6,389.4
2026-10-02 16:18:49,20261002,22,12,4-3-1,38.3
2026-10-02 16:18:49,20261002,22,12,4-3-2,152.2
2026-10-02 16:18:49,20261002,22,12,4-3-5,75.5
2026-10-02 16:18:49,20261002,22,12,4-3-6,241.0
2026-10-02 16:18:49,20261002,22,12,4-5-1,51.2
2026-10-02 16:18:49,20261002,22,12,4-5-2,106.0
2026-10-02 16:18:49,20261002,22,12,4-5-3,73.3
2026-10-02 16:18:49,20261002,22,12,4-5-6,208.7
2026-10-02 16:18:49,20261002,22,12,4-6-1,256.3
2026-10-02 16:18:49,20261002,22,12,4-6-2,493.9
2026-10-02 16:18:49,20261002,22,12,4-6-3,460.2
2026-10-02 16:18:49,20261002,22,12,4-6-5,430.8
2026-10-02 16:18:49,20261002,22,12,5-1-2,293.5
2026-10-02 16:18:49,20261002,22,12,5-1-3,114.4
2026-10-02 16:18:49,20261002,22,12,5-1-4,102.7
2026-10-02 16:18:49,20261002,22,12,5-1-6,506.2
2026-10-02 16:18:49,20261002,22,12,5-2-1,470.9
2026-10-02 16:18:49,20261002,22,12,5-2-3,632.8
2026-10-02 16:18:49,20261002,22,12,5-2-4,222.5
2026-10-02 16:18:49,20261002,22,12,5-2-6,382.1
2026-10-02 16:18:49,20261002,22,12,5-3-1,128.1
2026-10-02 16:18:49,20261002,22,12,5-3-2,698.3
2026-10-02 16:18:49,20261002,22,12,5-3-4,152.2
2026-10-02 16:18:49,20261002,22,12,5-3-6,920.5
2026-10-02 16:18:49,20261002,22,12,5-4-1,117.7
2026-10-02 16:18:49,20261002,22,12,5-4-2,270.0
2026-10-02 16:18:49,20261002,22,12,5-4-3,155.7
2026-10-02 16:18:49,20261002,22,12,5-4-6,413.2
2026-10-02 16:18:49,20261002,22,12,5-6-1,1065.0
2026-10-02 16:18:49,20261002,22,12,5-6-2,1125.0
2026-10-02 16:18:49,20261002,22,12,5-6-3,750.0
2026-10-02 16:18:49,20261002,22,12,5-6-4,1012.0
2026-10-02 16:18:49,20261002,22,12,6-1-2,361.6
2026-10-02 16:18:49,20261002,22,12,6-1-3,778.9
2026-10-02 16:18:49,20261002,22,12,6-1-4,632.8
2026-10-02 16:18:49,20261002,22,12,6-1-5,1265.0
2026-10-02 16:18:49,20261002,22,12,6-2-1,880.5
2026-10-02 16:18:49,20261002,22,12,6-2-3,1125.0
2026-10-02 16:18:49,20261002,22,12,6-2-4,547.3
2026-10-02 16:18:49,20261002,22,12,6-2-5,880.5
2026-10-02 16:18:49,20261002,22,12,6-3-1,843.8
2026-10-02 16:18:49,20261002,22,12,6-3-2,1265.0
2026-10-02 16:18:49,20261002,22,12,6-3-4,964.3
2026-10-02 16:18:49,20261002,22,12,6-3-5,964.3
2026-10-02 16:18:49,20261002,22,12,6-4-1,750.0
2026-10-02 16:18:49,20261002,22,12,6-4-2,964.3
2026-10-02 16:18:49,20261002,22,12,6-4-3,1191.0
2026-10-02 16:18:49,20261002,22,12,6-4-5,920.5
2026-10-02 16:18:49,20261002,22,12,6-5-1,1191.0
2026-10-02 16:18:49,20261002,22,12,6-5-2,1446.0
2026-10-02 16:18:49,20261002,22,12,6-5-3,1012.0
2026-10-02 16:18:49,20261002,22,12,6-5-4,810.0
2026-10-02 16:27:09,20261002,12,4,1-2-3,35.4
2026-10-02 16:27:09,20261002,12,4,1-2-4,17.0
2026-10-02 16:27:09,20261002,12,4,1-2-5,60.3
2026-10-02 16:27:09,20261002,12,4,1-2-6,66.3
2026-10-02 16:27:09,20261002,12,4,1-3-2,93.3
2026-10-02 16:27:09,20261002,12,4,1-3-4,106.9
2026-10-02 16:27:09,20261002,12,4,1-3-5,119.7
2026-10-02 16:27:09,20261002,12,4,1-3-6,197.3
2026-10-02 16:27:09,20261002,12,4,1-4-2,31.1
2026-10-02 16:27:09,20261002,12,4,1-4-3,92.7
2026-10-02 16:27:09,20261002,12,4,1-4-5,97.9
2026-10-02 16:27:09,20261002,12,4,1-4-6,166.7
2026-10-02 16:27:09,20261002,12,4,1-5-2,172.9
2026-10-02 16:27:09,20261002,12,4,1-5-3,215.5
2026-10-02 16:27:09,20261002,12,4,1-5-4,222.3
2026-10-02 16:27:09,20261002,12,4,1-5-6,412.0
2026-10-02 16:27:09,20261002,12,4,1-6-2,233.4
2026-10-02 16:27:09,20261002,12,4,1-6-3,400.2
2026-10-02 16:27:09,20261002,12,4,1-6-4,241.5
2026-10-02 16:27:09,20261002,12,4,1-6-5,437.7
2026-10-02 16:27:09,20261002,12,4,2-1-3,20.8
2026-10-02 16:27:09,20261002,12,4,2-1-4,9.9
2026-10-02 16:27:09,20261002,12,4,2-1-5,38.5
2026-10-02 16:27:09,20261002,12,4,2-1-6,59.6
2026-10-02 16:27:09,20261002,12,4,2-3-1,38.4
2026-10-02 16:27:09,20261002,12,4,2-3-4,33.4
2026-10-02 16:27:09,20261002,12,4,2-3-5,93.3
2026-10-02 16:27:09,20261002,12,4,2-3-6,133.4
2026-10-02 16:27:09,20261002,12,4,2-4-1,9.4
2026-10-02 16:27:09,20261002,12,4,2-4-3,18.0
2026-10-02 16:27:09,20261002,12,4,2-4-5,19.1
2026-10-02 16:27:09,20261002,12,4,2-4-6,25.2
2026-10-02 16:27:09,20261002,12,4,2-5-1,121.8
2026-10-02 16:27:09,20261002,12,4,2-5-3,112.0
2026-10-02 16:27:09,20261002,12,4,2-5-4,70.3
2026-10-02 16:27:09,20261002,12,4,2-5-6,184.3
2026-10-02 16:27:09,20261002,12,4,2-6-1,274.6
2026-10-02 16:27:09,20261002,12,4,2-6-3,245.7
2026-10-02 16:27:09,20261002,12,4,2-6-4,83.3
2026-10-02 16:27:09,20261002,12,4,2-6-5,325.7
2026-10-02 16:27:09,20261002,12,4,3-1-2,179.5
2026-10-02 16:27:09,20261002,12,4,3-1-4,129.7
2026-10-02 16:27:09,20261002,12,4,3-1-5,138.6
2026-10-02 16:27:09,20261002,12,4,3-1-6,212.2
2026-10-02 16:27:09,20261002,12,4,3-2-1,280.1
2026-10-02 16:27:09,20261002,12,4,3-2-4,100.0
2026-10-02 16:27:09,20261002,12,4,3-2-5,127.3
2026-10-02 16:27:09,20261002,12,4,3-2-6,237.4
2026-10-02 16:27:09,20261002,12,4,3-4-1,177.3
2026-10-02 16:27:09,20261002,12,4,3-4-2,112.0
2026-10-02 16:27:09,20261002,12,4,3-4-5,225.9
2026-10-02 16:27:09,20261002,12,4,3-4-6,274.6
2026-10-02 16:27:09,20261002,12,4,3-5-1,318.3
2026-10-02 16:27:09,20261002,12,4,3-5-2,150.6
2026-10-02 16:27:09,20261002,12,4,3-5-4,162.8
2026-10-02 16:27:09,20261002,12,4,3-5-6,583.6
2026-10-02 16:27:09,20261002,12,4,3-6-1,667.0
2026-10-02 16:27:09,20261002,12,4,3-6-2,466.9
2026-10-02 16:27:09,20261002,12,4,3-6-4,451.8
2026-10-02 16:27:09,20261002,12,4,3-6-5,700.4
2026-10-02 16:27:09,20261002,12,4,4-1-2,27.8
2026-10-02 16:27:09,20261002,12,4,4-1-3,64.5
2026-10-02 16:27:09,20261002,12,4,4-1-5,67.3
2026-10-02 16:27:09,20261002,12,4,4-1-6,130.9
2026-10-02 16:27:09,20261002,12,4,4-2-1,19.8
2026-10-02 16:27:09,20261002,12,4,4-2-3,40.2
2026-10-02 16:27:09,20261002,12,4,4-2-5,42.5
2026-10-02 16:27:09,20261002,12,4,4-2-6,71.8
2026-10-02 16:27:09,20261002,12,4,4-3-1,82.4
2026-10-02 16:27:09,20261002,12,4,4-3-2,56.7
2026-10-02 16:27:09,20261002,12,4,4-3-5,134.6
2026-10-02 16:27:09,20261002,12,4,4-3-6,274.6
2026-10-02 16:27:09,20261002,12,4,4-5-1,85.4
2026-10-02 16:27:09,20261002,12,4,4-5-2,54.7
2026-10-02 16:27:09,20261002,12,4,4-5-3,125.0
2026-10-02 16:27:09,20261002,12,4,4-5-6,145.9
2026-10-02 16:27:09,20261002,12,4,4-6-1,218.8
2026-10-02 16:27:09,20261002,12,4,4-6-2,114.8
2026-10-02 16:27:09,20261002,12,4,4-6-3,291.8
2026-10-02 16:27:09,20261002,12,4,4-6-5,200.1
2026-10-02 16:27:09,20261002,12,4,5-1-2,254.7
2026-10-02 16:27:09,20261002,12,4,5-1-3,304.5
2026-10-02 16:27:09,20261002,12,4,5-1-4,186.7
2026-10-02 16:27:09,20261002,12,4,5-1-6,325.7
2026-10-02 16:27:09,20261002,12,4,5-2-1,229.6
2026-10-02 16:27:09,20261002,12,4,5-2-3,200.1
2026-10-02 16:27:09,20261002,12,4,5-2-4,125.0
2026-10-02 16:27:09,20261002,12,4,5-2-6,298.0
2026-10-02 16:27:09,20261002,12,4,5-3-1,237.4
2026-10-02 16:27:09,20261002,12,4,5-3-2,218.8
2026-10-02 16:27:09,20261002,12,4,5-3-4,189.3
2026-10-02 16:27:09,20261002,12,4,5-3-6,389.1
2026-10-02 16:27:09,20261002,12,4,5-4-1,159.1
2026-10-02 16:27:09,20261002,12,4,5-4-2,127.3
2026-10-02 16:27:09,20261002,12,4,5-4-3,191.8
2026-10-02 16:27:09,20261002,12,4,5-4-6,311.3
2026-10-02 16:27:09,20261002,12,4,5-6-1,1167.0
2026-10-02 16:27:09,20261002,12,4,5-6-2,737.2
2026-10-02 16:27:09,20261002,12,4,5-6-3,636.7
2026-10-02 16:27:09,20261002,12,4,5-6-4,538.7
2026-10-02 16:27:09,20261002,12,4,6-1-2,269.3
2026-10-02 16:27:09,20261002,12,4,6-1-3,609.0
2026-10-02 16:27:09,20261002,12,4,6-1-4,737.2
2026-10-02 16:27:09,20261002,12,4,6-1-5,636.7
2026-10-02 16:27:09,20261002,12,4,6-2-1,609.0
2026-10-02 16:27:09,20261002,12,4,6-2-3,437.7
2026-10-02 16:27:09,20261002,12,4,6-2-4,200.1
2026-10-02 16:27:09,20261002,12,4,6-2-5,437.7
2026-10-02 16:27:09,20261002,12,4,6-3-1,466.9
2026-10-02 16:27:09,20261002,12,4,6-3-2,778.2
2026-10-02 16:27:09,20261002,12,4,6-3-4,778.2
2026-10-02 16:27:09,20261002,12,4,6-3-5,1273.0
2026-10-02 16:27:09,20261002,12,4,6-4-1,400.2
2026-10-02 16:27:09,20261002,12,4,6-4-2,191.8
2026-10-02 16:27:09,20261002,12,4,6-4-3,636.7
2026-10-02 16:27:09,20261002,12,4,6-4-5,737.2
2026-10-02 16:27:09,20261002,12,4,6-5-1,778.2
2026-10-02 16:27:09,20261002,12,4,6-5-2,700.4
2026-10-02 16:27:09,20261002,12,4,6-5-3,875.5
2026-10-02 16:27:09,20261002,12,4,6-5-4,560.3
2026-10-02 16:27:24,20261002,15,4,1-2-3,10.0
2026-10-02 16:27:24,20261002,15,4,1-2-4,78.5
2026-10-02 16:27:24,20261002,15,4,1-2-5,17.3
2026-10-02 16:27:24,20261002,15,4,1-2-6,157.0
2026-10-02 16:27:24,20261002,15,4,1-3-2,8.7
2026-10-02 16:27:24,20261002,15,4,1-3-4,49.6
2026-10-02 16:27:24,20261002,15,4,1-3-5,12.7
2026-10-02 16:27:24,20261002,15,4,1-3-6,221.4
2026-10-02 16:27:24,20261002,15,4,1-4-2,177.7
2026-10-02 16:27:24,20261002,15,4,1-4-3,123.9
2026-10-02 16:27:24,20261002,15,4,1-4-5,105.5
2026-10-02 16:27:24,20261002,15,4,1-4-6,192.9
2026-10-02 16:27:24,20261002,15,4,1-5-2,28.8
2026-10-02 16:27:24,20261002,15,4,1-5-3,21.3
2026-10-02 16:27:24,20261002,15,4,1-5-4,102.3
2026-10-02 16:27:24,20261002,15,4,1-5-6,375.2
2026-10-02 16:27:24,20261002,15,4,1-6-2,259.8
2026-10-02 16:27:24,20261002,15,4,1-6-3,562.9
2026-10-02 16:27:24,20261002,15,4,1-6-4,450.3
2026-10-02 16:27:24,20261002,15,4,1-6-5,614.0
2026-10-02 16:27:24,20261002,15,4,2-1-3,53.1
2026-10-02 16:27:24,20261002,15,4,2-1-4,118.5
2026-10-02 16:27:24,20261002,15,4,2-1-5,56.7
2026-10-02 16:27:24,20261002,15,4,2-1-6,204.6
2026-10-02 16:27:24,20261002,15,4,2-3-1,69.6
2026-10-02 16:27:24,20261002,15,4,2-3-4,146.8
2026-10-02 16:27:24,20261002,15,4,2-3-5,77.6
2026-10-02 16:27:24,20261002,15,4,2-3-6,540.3
2026-10-02 16:27:24,20261002,15,4,2-4-1,264.8
2026-10-02 16:27:24,20261002,15,4,2-4-3,293.6
2026-10-02 16:27:24,20261002,15,4,2-4-5,155.2
2026-10-02 16:27:24,20261002,15,4,2-4-6,750.5
2026-10-02 16:27:24,20261002,15,4,2-5-1,86.0
2026-10-02 16:27:24,20261002,15,4,2-5-3,97.1
2026-10-02 16:27:24,20261002,15,4,2-5-4,250.1
2026-10-02 16:27:24,20261002,15,4,2-5-6,964.9
2026-10-02 16:27:24,20261002,15,4,2-6-1,675.4
2026-10-02 16:27:24,20261002,15,4,2-6-3,844.3
2026-10-02 16:27:24,20261002,15,4,2-6-4,540.3
2026-10-02 16:27:24,20261002,15,4,2-6-5,643.3
2026-10-02 16:27:24,20261002,15,4,3-1-2,15.0
2026-10-02 16:27:24,20261002,15,4,3-1-4,45.4
2026-10-02 16:27:24,20261002,15,4,3-1-5,12.3
2026-10-02 16:27:24,20261002,15,4,3-1-6,128.6
2026-10-02 16:27:24,20261002,15,4,3-2-1,33.1
2026-10-02 16:27:24,20261002,15,4,3-2-4,76.3
2026-10-02 16:27:24,20261002,15,4,3-2-5,32.5
2026-10-02 16:27:24,20261002,15,4,3-2-6,214.4
2026-10-02 16:27:24,20261002,15,4,3-4-1,115.4
2026-10-02 16:27:24,20261002,15,4,3-4-2,143.7
2026-10-02 16:27:24,20261002,15,4,3-4-5,117.4
2026-10-02 16:27:24,20261002,15,4,3-4-6,201.6
2026-10-02 16:27:24,20261002,15,4,3-5-1,17.4
2026-10-02 16:27:24,20261002,15,4,3-5-2,26.0
2026-10-02 16:27:24,20261002,15,4,3-5-4,97.8
2026-10-02 16:27:24,20261002,15,4,3-5-6,245.6
2026-10-02 16:27:24,20261002,15,4,3-6-1,409.3
2026-10-02 16:27:24,20261002,15,4,3-6-2,329.5
2026-10-02 16:27:24,20261002,15,4,3-6-4,435.7
2026-10-02 16:27:24,20261002,15,4,3-6-5,465.8
2026-10-02 16:27:24,20261002,15,4,4-1-2,192.9
2026-10-02 16:27:24,20261002,15,4,4-1-3,164.7
2026-10-02 16:27:24,20261002,15,4,4-1-5,93.8
2026-10-02 16:27:24,20261002,15,4,4-1-6,409.3
2026-10-02 16:27:24,20261002,15,4,4-2-1,346.4
2026-10-02 16:27:24,20261002,15,4,4-2-3,519.6
2026-10-02 16:27:24,20261002,15,4,4-2-5,346.4
2026-10-02 16:27:24,20261002,15,4,4-2-6,365.1
2026-10-02 16:27:24,20261002,15,4,4-3-1,211.0
2026-10-02 16:27:24,20261002,15,4,4-3-2,562.9
2026-10-02 16:27:24,20261002,15,4,4-3-5,228.9
2026-10-02 16:27:24,20261002,15,4,4-3-6,435.7
2026-10-02 16:27:24,20261002,15,4,4-5-1,207.8
2026-10-02 16:27:24,20261002,15,4,4-5-2,355.5
2026-10-02 16:27:24,20261002,15,4,4-5-3,270.1
2026-10-02 16:27:24,20261002,15,4,4-5-6,375.2
2026-10-02 16:27:24,20261002,15,4,4-6-1,750.5
2026-10-02 16:27:24,20261002,15,4,4-6-2,587.3
2026-10-02 16:27:24,20261002,15,4,4-6-3,675.4
2026-10-02 16:27:24,20261002,15,4,4-6-5,711.0
2026-10-02 16:27:24,20261002,15,4,5-1-2,40.4
2026-10-02 16:27:24,20261002,15,4,5-1-3,30.7
2026-10-02 16:27:24,20261002,15,4,5-1-4,108.9
2026-10-02 16:27:24,20261002,15,4,5-1-6,158.9
2026-10-02 16:27:24,20261002,15,4,5-2-1,80.8
2026-10-02 16:27:24,20261002,15,4,5-2-3,69.2
2026-10-02 16:27:24,20261002,15,4,5-2-4,225.1
2026-10-02 16:27:24,20261002,15,4,5-2-6,587.3
2026-10-02 16:27:24,20261002,15,4,5-3-1,39.7
2026-10-02 16:27:24,20261002,15,4,5-3-2,64.9
2026-10-02 16:27:24,20261002,15,4,5-3-4,201.6
2026-10-02 16:27:24,20261002,15,4,5-3-6,397.3
2026-10-02 16:27:24,20261002,15,4,5-4-1,187.6
2026-10-02 16:27:24,20261002,15,4,5-4-2,270.1
2026-10-02 16:27:24,20261002,15,4,5-4-3,365.1
2026-10-02 16:27:24,20261002,15,4,5-4-6,337.7
2026-10-02 16:27:24,20261002,15,4,5-6-1,900.6
2026-10-02 16:27:24,20261002,15,4,5-6-2,643.3
2026-10-02 16:27:24,20261002,15,4,5-6-3,540.3
2026-10-02 16:27:24,20261002,15,4,5-6-4,844.3
2026-10-02 16:27:24,20261002,15,4,6-1-2,185.0
2026-10-02 16:27:24,20261002,15,4,6-1-3,540.3
2026-10-02 16:27:24,20261002,15,4,6-1-4,562.9
2026-10-02 16:27:24,20261002,15,4,6-1-5,794.6
2026-10-02 16:27:24,20261002,15,4,6-2-1,587.3
2026-10-02 16:27:24,20261002,15,4,6-2-3,482.4
2026-10-02 16:27:24,20261002,15,4,6-2-4,750.5
2026-10-02 16:27:24,20261002,15,4,6-2-5,900.6
2026-10-02 16:27:24,20261002,15,4,6-3-1,1688.0
2026-10-02 16:27:24,20261002,15,4,6-3-2,844.3
2026-10-02 16:27:24,20261002,15,4,6-3-4,1350.0
2026-10-02 16:27:24,20261002,15,4,6-3-5,1501.0
2026-10-02 16:27:24,20261002,15,4,6-4-1,711.0
2026-10-02 16:27:24,20261002,15,4,6-4-2,964.9
2026-10-02 16:27:24,20261002,15,4,6-4-3,1350.0
2026-10-02 16:27:24,20261002,15,4,6-4-5,1125.0
2026-10-02 16:27:24,20261002,15,4,6-5-1,1125.0
2026-10-02 16:27:24,20261002,15,4,6-5-2,1125.0
2026-10-02 16:27:24,20261002,15,4,6-5-3,1228.0
2026-10-02 16:27:24,20261002,15,4,6-5-4,750.5
2026-10-02 16:28:46,20261002,4,12,1-2-3,7.2
2026-10-02 16:28:46,20261002,4,12,1-2-4,11.4
2026-10-02 16:28:46,20261002,4,12,1-2-5,22.3
2026-10-02 16:28:46,20261002,4,12,1-2-6,20.3
2026-10-02 16:28:46,20261002,4,12,1-3-2,13.6
2026-10-02 16:28:46,20261002,4,12,1-3-4,19.0
2026-10-02 16:28:46,20261002,4,12,1-3-5,34.1
2026-10-02 16:28:46,20261002,4,12,1-3-6,36.8
2026-10-02 16:28:46,20261002,4,12,1-4-2,22.2
2026-10-02 16:28:46,20261002,4,12,1-4-3,31.2
2026-10-02 16:28:46,20261002,4,12,1-4-5,41.2
2026-10-02 16:28:46,20261002,4,12,1-4-6,38.1
2026-10-02 16:28:46,20261002,4,12,1-5-2,38.2
2026-10-02 16:28:46,20261002,4,12,1-5-3,52.1
2026-10-02 16:28:46,20261002,4,12,1-5-4,60.6
2026-10-02 16:28:46,20261002,4,12,1-5-6,77.8
2026-10-02 16:28:46,20261002,4,12,1-6-2,66.1
2026-10-02 16:28:46,20261002,4,12,1-6-3,95.6
2026-10-02 16:28:46,20261002,4,12,1-6-4,96.9
2026-10-02 16:28:46,20261002,4,12,1-6-5,151.0
2026-10-02 16:28:46,20261002,4,12,2-1-3,38.3
2026-10-02 16:28:46,20261002,4,12,2-1-4,48.9
2026-10-02 16:28:46,20261002,4,12,2-1-5,73.0
2026-10-02 16:28:46,20261002,4,12,2-1-6,71.4
2026-10-02 16:28:46,20261002,4,12,2-3-1,61.7
2026-10-02 16:28:46,20261002,4,12,2-3-4,79.9
2026-10-02 16:28:46,20261002,4,12,2-3-5,182.2
2026-10-02 16:28:46,20261002,4,12,2-3-6,103.0
2026-10-02 16:28:46,20261002,4,12,2-4-1,74.9
2026-10-02 16:28:46,20261002,4,12,2-4-3,80.9
2026-10-02 16:28:46,20261002,4,12,2-4-5,163.0
2026-10-02 16:28:46,20261002,4,12,2-4-6,87.9
2026-10-02 16:28:46,20261002,4,12,2-5-1,154.0
2026-10-02 16:28:46,20261002,4,12,2-5-3,296.3
2026-10-02 16:28:46,20261002,4,12,2-5-4,308.1
2026-10-02 16:28:46,20261002,4,12,2-5-6,355.2
2026-10-02 16:28:46,20261002,4,12,2-6-1,166.1
2026-10-02 16:28:46,20261002,4,12,2-6-3,210.3
2026-10-02 16:28:46,20261002,4,12,2-6-4,200.6
2026-10-02 16:28:46,20261002,4,12,2-6-5,274.1
2026-10-02 16:28:46,20261002,4,12,3-1-2,56.2
2026-10-02 16:28:46,20261002,4,12,3-1-4,73.0
2026-10-02 16:28:46,20261002,4,12,3-1-5,103.0
2026-10-02 16:28:46,20261002,4,12,3-1-6,124.5
2026-10-02 16:28:46,20261002,4,12,3-2-1,75.6
2026-10-02 16:28:46,20261002,4,12,3-2-4,80.2
2026-10-02 16:28:46,20261002,4,12,3-2-5,179.0
2026-10-02 16:28:46,20261002,4,12,3-2-6,115.8
2026-10-02 16:28:46,20261002,4,12,3-4-1,98.9
2026-10-02 16:28:46,20261002,4,12,3-4-2,98.3
2026-10-02 16:28:46,20261002,4,12,3-4-5,181.3
2026-10-02 16:28:46,20261002,4,12,3-4-6,112.1
2026-10-02 16:28:46,20261002,4,12,3-5-1,248.6
2026-10-02 16:28:46,20261002,4,12,3-5-2,243.4
2026-10-02 16:28:46,20261002,4,12,3-5-4,264.7
2026-10-02 16:28:46,20261002,4,12,3-5-6,480.2
2026-10-02 16:28:46,20261002,4,12,3-6-1,179.9
2026-10-02 16:28:46,20261002,4,12,3-6-2,193.9
2026-10-02 16:28:46,20261002,4,12,3-6-4,193.4
2026-10-02 16:28:46,20261002,4,12,3-6-5,449.2
2026-10-02 16:28:46,20261002,4,12,4-1-2,80.7
2026-10-02 16:28:46,20261002,4,12,4-1-3,117.2
2026-10-02 16:28:46,20261002,4,12,4-1-5,103.0
2026-10-02 16:28:46,20261002,4,12,4-1-6,99.4
2026-10-02 16:28:46,20261002,4,12,4-2-1,95.2
2026-10-02 16:28:46,20261002,4,12,4-2-3,106.7
2026-10-02 16:28:46,20261002,4,12,4-2-5,230.5
2026-10-02 16:28:46,20261002,4,12,4-2-6,84.4
2026-10-02 16:28:46,20261002,4,12,4-3-1,110.8
2026-10-02 16:28:46,20261002,4,12,4-3-2,113.4
2026-10-02 16:28:46,20261002,4,12,4-3-5,288.9
2026-10-02 16:28:46,20261002,4,12,4-3-6,123.9
2026-10-02 16:28:46,20261002,4,12,4-5-1,234.4
2026-10-02 16:28:46,20261002,4,12,4-5-2,309.4
2026-10-02 16:28:46,20261002,4,12,4-5-3,402.4
2026-10-02 16:28:46,20261002,4,12,4-5-6,351.6
2026-10-02 16:28:46,20261002,4,12,4-6-1,108.2
2026-10-02 16:28:46,20261002,4,12,4-6-2,109.6
2026-10-02 16:28:46,20261002,4,12,4-6-3,159.7
2026-10-02 16:28:46,20261002,4,12,4-6-5,317.9
2026-10-02 16:28:46,20261002,4,12,5-1-2,174.5
2026-10-02 16:28:46,20261002,4,12,5-1-3,197.8
2026-10-02 16:28:46,20261002,4,12,5-1-4,229.8
2026-10-02 16:28:46,20261002,4,12,5-1-6,320.8
2026-10-02 16:28:46,20261002,4,12,5-2-1,238.4
2026-10-02 16:28:46,20261002,4,12,5-2-3,372.3
2026-10-02 16:28:46,20261002,4,12,5-2-4,386.8
2026-10-02 16:28:46,20261002,4,12,5-2-6,333.1
2026-10-02 16:28:46,20261002,4,12,5-3-1,316.5
2026-10-02 16:28:46,20261002,4,12,5-3-2,404.8
2026-10-02 16:28:46,20261002,4,12,5-3-4,561.5
2026-10-02 16:28:46,20261002,4,12,5-3-6,600.2
2026-10-02 16:28:46,20261002,4,12,5-4-1,301.4
2026-10-02 16:28:46,20261002,4,12,5-4-2,544.0
2026-10-02 16:28:46,20261002,4,12,5-4-3,610.8
2026-10-02 16:28:46,20261002,4,12,5-4-6,370.3
2026-10-02 16:28:46,20261002,4,12,5-6-1,650.7
2026-10-02 16:28:46,20261002,4,12,5-6-2,828.9
2026-10-02 16:28:46,20261002,4,12,5-6-3,461.1
2026-10-02 16:28:46,20261002,4,12,5-6-4,892.7
2026-10-02 16:28:46,20261002,4,12,6-1-2,232.1
2026-10-02 16:28:46,20261002,4,12,6-1-3,473.6
2026-10-02 16:28:46,20261002,4,12,6-1-4,330.0
2026-10-02 16:28:46,20261002,4,12,6-1-5,663.1
2026-10-02 16:28:46,20261002,4,12,6-2-1,409.6
2026-10-02 16:28:46,20261002,4,12,6-2-3,696.3
2026-10-02 16:28:46,20261002,4,12,6-2-4,610.8
2026-10-02 16:28:46,20261002,4,12,6-2-5,1039.0
2026-10-02 16:28:46,20261002,4,12,6-3-1,585.1
2026-10-02 16:28:46,20261002,4,12,6-3-2,732.9
2026-10-02 16:28:46,20261002,4,12,6-3-4,703.3
2026-10-02 16:28:46,20261002,4,12,6-3-5,928.4
2026-10-02 16:28:46,20261002,4,12,6-4-1,400.1
2026-10-02 16:28:46,20261002,4,12,6-4-2,590.1
2026-10-02 16:28:46,20261002,4,12,6-4-3,710.5
2026-10-02 16:28:46,20261002,4,12,6-4-5,1071.0
2026-10-02 16:28:46,20261002,4,12,6-5-1,838.9
2026-10-02 16:28:46,20261002,4,12,6-5-2,1243.0
2026-10-02 16:28:46,20261002,4,12,6-5-3,1141.0
2026-10-02 16:28:46,20261002,4,12,6-5-4,1200.0
2026-10-02 16:34:02,20261002,7,4,1-2-3,28.2
2026-10-02 16:34:02,20261002,7,4,1-2-4,23.0
2026-10-02 16:34:02,20261002,7,4,1-2-5,38.8
2026-10-02 16:34:02,20261002,7,4,1-2-6,88.2
2026-10-02 16:34:02,20261002,7,4,1-3-2,48.1
2026-10-02 16:34:02,20261002,7,4,1-3-4,63.2
2026-10-02 16:34:02,20261002,7,4,1-3-5,71.7
2026-10-02 16:34:02,20261002,7,4,1-3-6,209.6
2026-10-02 16:34:02,20261002,7,4,1-4-2,39.7
2026-10-02 16:34:02,20261002,7,4,1-4-3,73.3
2026-10-02 16:34:02,20261002,7,4,1-4-5,74.7
2026-10-02 16:34:02,20261002,7,4,1-4-6,139.1
2026-10-02 16:34:02,20261002,7,4,1-5-2,55.2
2026-10-02 16:34:02,20261002,7,4,1-5-3,93.2
2026-10-02 16:34:02,20261002,7,4,1-5-4,104.1
2026-10-02 16:34:02,20261002,7,4,1-5-6,244.5
2026-10-02 16:34:02,20261002,7,4,1-6-2,199.2
2026-10-02 16:34:02,20261002,7,4,1-6-3,576.4
2026-10-02 16:34:02,20261002,7,4,1-6-4,336.2
2026-10-02 16:34:02,20261002,7,4,1-6-5,520.6
2026-10-02 16:34:02,20261002,7,4,2-1-3,16.1
2026-10-02 16:34:02,20261002,7,4,2-1-4,16.7
2026-10-02 16:34:02,20261002,7,4,2-1-5,33.9
2026-10-02 16:34:02,20261002,7,4,2-1-6,82.7
2026-10-02 16:34:02,20261002,7,4,2-3-1,24.4
2026-10-02 16:34:02,20261002,7,4,2-3-4,16.1
2026-10-02 16:34:02,20261002,7,4,2-3-5,38.9
2026-10-02 16:34:02,20261002,7,4,2-3-6,171.7
2026-10-02 16:34:02,20261002,7,4,2-4-1,25.9
2026-10-02 16:34:02,20261002,7,4,2-4-3,14.9
2026-10-02 16:34:02,20261002,7,4,2-4-5,24.7
2026-10-02 16:34:02,20261002,7,4,2-4-6,76.4
2026-10-02 16:34:02,20261002,7,4,2-5-1,79.1
2026-10-02 16:34:02,20261002,7,4,2-5-3,62.8
2026-10-02 16:34:02,20261002,7,4,2-5-4,56.4
2026-10-02 16:34:02,20261002,7,4,2-5-6,183.4
2026-10-02 16:34:02,20261002,7,4,2-6-1,269.0
2026-10-02 16:34:02,20261002,7,4,2-6-3,461.1
2026-10-02 16:34:02,20261002,7,4,2-6-4,179.3
2026-10-02 16:34:02,20261002,7,4,2-6-5,343.4
2026-10-02 16:34:02,20261002,7,4,3-1-2,49.8
2026-10-02 16:34:02,20261002,7,4,3-1-4,77.5
2026-10-02 16:34:02,20261002,7,4,3-1-5,86.3
2026-10-02 16:34:02,20261002,7,4,3-1-6,244.5
2026-10-02 16:34:02,20261002,7,4,3-2-1,114.4
2026-10-02 16:34:02,20261002,7,4,3-2-4,53.6
2026-10-02 16:34:02,20261002,7,4,3-2-5,81.9
2026-10-02 16:34:02,20261002,7,4,3-2-6,166.3
2026-10-02 16:34:02,20261002,7,4,3-4-1,177.3
2026-10-02 16:34:02,20261002,7,4,3-4-2,78.3
2026-10-02 16:34:02,20261002,7,4,3-4-5,104.1
2026-10-02 16:34:02,20261002,7,4,3-4-6,209.6
2026-10-02 16:34:02,20261002,7,4,3-5-1,109.0
2026-10-02 16:34:02,20261002,7,4,3-5-2,82.7
2026-10-02 16:34:02,20261002,7,4,3-5-4,107.6
2026-10-02 16:34:02,20261002,7,4,3-5-6,256.2
2026-10-02 16:34:02,20261002,7,4,3-6-1,448.3
2026-10-02 16:34:02,20261002,7,4,3-6-2,556.5
2026-10-02 16:34:02,20261002,7,4,3-6-4,413.8
2026-10-02 16:34:02,20261002,7,4,3-6-5,336.2
2026-10-02 16:34:02,20261002,7,4,4-1-2,62.8
2026-10-02 16:34:02,20261002,7,4,4-1-3,99.0
2026-10-02 16:34:02,20261002,7,4,4-1-5,68.1
2026-10-02 16:34:02,20261002,7,4,4-1-6,163.0
2026-10-02 16:34:02,20261002,7,4,4-2-1,46.2
2026-10-02 16:34:02,20261002,7,4,4-2-3,57.4
2026-10-02 16:34:02,20261002,7,4,4-2-5,46.5
2026-10-02 16:34:02,20261002,7,4,4-2-6,82.3
2026-10-02 16:34:02,20261002,7,4,4-3-1,181.3
2026-10-02 16:34:02,20261002,7,4,4-3-2,116.9
2026-10-02 16:34:02,20261002,7,4,4-3-5,156.7
2026-10-02 16:34:02,20261002,7,4,4-3-6,283.1
2026-10-02 16:34:02,20261002,7,4,4-5-1,88.2
2026-10-02 16:34:02,20261002,7,4,4-5-2,62.8
2026-10-02 16:34:02,20261002,7,4,4-5-3,130.1
2026-10-02 16:34:02,20261002,7,4,4-5-6,155.1
2026-10-02 16:34:02,20261002,7,4,4-6-1,293.4
2026-10-02 16:34:02,20261002,7,4,4-6-2,237.3
2026-10-02 16:34:02,20261002,7,4,4-6-3,375.3
2026-10-02 16:34:02,20261002,7,4,4-6-5,283.1
2026-10-02 16:34:02,20261002,7,4,5-1-2,96.6
2026-10-02 16:34:02,20261002,7,4,5-1-3,144.1
2026-10-02 16:34:02,20261002,7,4,5-1-4,117.8
2026-10-02 16:34:02,20261002,7,4,5-1-6,329.4
2026-10-02 16:34:02,20261002,7,4,5-2-1,119.5
2026-10-02 16:34:02,20261002,7,4,5-2-3,100.8
2026-10-02 16:34:02,20261002,7,4,5-2-4,86.3
2026-10-02 16:34:02,20261002,7,4,5-2-6,237.3
2026-10-02 16:34:02,20261002,7,4,5-3-1,177.3
2026-10-02 16:34:02,20261002,7,4,5-3-2,134.5
2026-10-02 16:34:02,20261002,7,4,5-3-4,181.3
2026-10-02 16:34:02,20261002,7,4,5-3-6,350.8
2026-10-02 16:34:02,20261002,7,4,5-4-1,125.1
2026-10-02 16:34:02,20261002,7,4,5-4-2,112.0
2026-10-02 16:34:02,20261002,7,4,5-4-3,192.1
2026-10-02 16:34:02,20261002,7,4,5-4-6,153.7
2026-10-02 16:34:02,20261002,7,4,5-6-1,733.6
2026-10-02 16:34:02,20261002,7,4,5-6-2,620.7
2026-10-02 16:34:02,20261002,7,4,5-6-3,316.4
2026-10-02 16:34:02,20261002,7,4,5-6-4,520.6
2026-10-02 16:34:02,20261002,7,4,6-1-2,146.7
2026-10-02 16:34:02,20261002,7,4,6-1-3,520.6
2026-10-02 16:34:02,20261002,7,4,6-1-4,393.6
2026-10-02 16:34:02,20261002,7,4,6-1-5,701.7
2026-10-02 16:34:02,20261002,7,4,6-2-1,273.5
2026-10-02 16:34:02,20261002,7,4,6-2-3,424.7
2026-10-02 16:34:02,20261002,7,4,6-2-4,461.1
2026-10-02 16:34:02,20261002,7,4,6-2-5,807.0
2026-10-02 16:34:02,20261002,7,4,6-3-1,1614.0
2026-10-02 16:34:02,20261002,7,4,6-3-2,1467.0
2026-10-02 16:34:02,20261002,7,4,6-3-4,701.7
2026-10-02 16:34:02,20261002,7,4,6-3-5,768.6
2026-10-02 16:34:02,20261002,7,4,6-4-1,733.6
2026-10-02 16:34:02,20261002,7,4,6-4-2,849.5
2026-10-02 16:34:02,20261002,7,4,6-4-3,1793.0
2026-10-02 16:34:02,20261002,7,4,6-4-5,1152.0
2026-10-02 16:34:02,20261002,7,4,6-5-1,1241.0
2026-10-02 16:34:02,20261002,7,4,6-5-2,620.7
2026-10-02 16:34:02,20261002,7,4,6-5-3,896.7
2026-10-02 16:34:02,20261002,7,4,6-5-4,597.8
2026-10-02 16:37:08,20261002,6,12,1-2-3,7.8
2026-10-02 16:37:08,20261002,6,12,1-2-4,8.6
2026-10-02 16:37:08,20261002,6,12,1-2-5,21.0
2026-10-02 16:37:08,20261002,6,12,1-2-6,26.9
2026-10-02 16:37:08,20261002,6,12,1-3-2,14.5
2026-10-02 16:37:08,20261002,6,12,1-3-4,10.9
2026-10-02 16:37:08,20261002,6,12,1-3-5,20.9
2026-10-02 16:37:08,20261002,6,12,1-3-6,28.3
2026-10-02 16:37:08,20261002,6,12,1-4-2,13.8
2026-10-02 16:37:08,20261002,6,12,1-4-3,17.0
2026-10-02 16:37:08,20261002,6,12,1-4-5,30.1
2026-10-02 16:37:08,20261002,6,12,1-4-6,26.7
2026-10-02 16:37:08,20261002,6,12,1-5-2,48.2
2026-10-02 16:37:08,20261002,6,12,1-5-3,67.7
2026-10-02 16:37:08,20261002,6,12,1-5-4,76.0
2026-10-02 16:37:08,20261002,6,12,1-5-6,98.8
2026-10-02 16:37:08,20261002,6,12,1-6-2,101.1
2026-10-02 16:37:08,20261002,6,12,1-6-3,116.3
2026-10-02 16:37:08,20261002,6,12,1-6-4,94.5
2026-10-02 16:37:08,20261002,6,12,1-6-5,175.3
2026-10-02 16:37:08,20261002,6,12,2-1-3,57.1
2026-10-02 16:37:08,20261002,6,12,2-1-4,63.9
2026-10-02 16:37:08,20261002,6,12,2-1-5,124.0
2026-10-02 16:37:08,20261002,6,12,2-1-6,106.9
2026-10-02 16:37:08,20261002,6,12,2-3-1,146.1
2026-10-02 16:37:08,20261002,6,12,2-3-4,210.3
2026-10-02 16:37:08,20261002,6,12,2-3-5,295.4
2026-10-02 16:37:08,20261002,6,12,2-3-6,292.2
2026-10-02 16:37:08,20261002,6,12,2-4-1,79.6
2026-10-02 16:37:08,20261002,6,12,2-4-3,199.2
2026-10-02 16:37:08,20261002,6,12,2-4-5,255.3
2026-10-02 16:37:08,20261002,6,12,2-4-6,265.6
2026-10-02 16:37:08,20261002,6,12,2-5-1,350.6
2026-10-02 16:37:08,20261002,6,12,2-5-3,316.8
2026-10-02 16:37:08,20261002,6,12,2-5-4,404.5
2026-10-02 16:37:08,20261002,6,12,2-5-6,375.6
2026-10-02 16:37:08,20261002,6,12,2-6-1,257.8
2026-10-02 16:37:08,20261002,6,12,2-6-3,469.6
2026-10-02 16:37:08,20261002,6,12,2-6-4,404.5
2026-10-02 16:37:08,20261002,6,12,2-6-5,487.0
2026-10-02 16:37:08,20261002,6,12,3-1-2,54.3
2026-10-02 16:37:08,20261002,6,12,3-1-4,35.5
2026-10-02 16:37:08,20261002,6,12,3-1-5,62.6
2026-10-02 16:37:08,20261002,6,12,3-1-6,125.2
2026-10-02 16:37:08,20261002,6,12,3-2-1,124.6
2026-10-02 16:37:08,20261002,6,12,3-2-4,107.7
2026-10-02 16:37:08,20261002,6,12,3-2-5,197.7
2026-10-02 16:37:08,20261002,6,12,3-2-6,268.3
2026-10-02 16:37:08,20261002,6,12,3-4-1,113.3
2026-10-02 16:37:08,20261002,6,12,3-4-2,189.1
2026-10-02 16:37:08,20261002,6,12,3-4-5,215.5
2026-10-02 16:37:08,20261002,6,12,3-4-6,212.0
2026-10-02 16:37:08,20261002,6,12,3-5-1,190.5
2026-10-02 16:37:08,20261002,6,12,3-5-2,236.9
2026-10-02 16:37:08,20261002,6,12,3-5-4,316.8
2026-10-02 16:37:08,20261002,6,12,3-5-6,431.1
2026-10-02 16:37:08,20261002,6,12,3-6-1,350.6
2026-10-02 16:37:08,20261002,6,12,3-6-2,461.3
2026-10-02 16:37:08,20261002,6,12,3-6-4,515.6
2026-10-02 16:37:08,20261002,6,12,3-6-5,559.5
2026-10-02 16:37:08,20261002,6,12,4-1-2,65.4
2026-10-02 16:37:08,20261002,6,12,4-1-3,87.6
2026-10-02 16:37:08,20261002,6,12,4-1-5,84.0
2026-10-02 16:37:08,20261002,6,12,4-1-6,104.7
2026-10-02 16:37:08,20261002,6,12,4-2-1,136.9
2026-10-02 16:37:08,20261002,6,12,4-2-3,193.3
2026-10-02 16:37:08,20261002,6,12,4-2-5,234.8
2026-10-02 16:37:08,20261002,6,12,4-2-6,205.4
2026-10-02 16:37:08,20261002,6,12,4-3-1,142.9
2026-10-02 16:37:08,20261002,6,12,4-3-2,276.8
2026-10-02 16:37:08,20261002,6,12,4-3-5,337.1
2026-10-02 16:37:08,20261002,6,12,4-3-6,404.5
2026-10-02 16:37:08,20261002,6,12,4-5-1,113.8
2026-10-02 16:37:08,20261002,6,12,4-5-2,265.6
2026-10-02 16:37:08,20261002,6,12,4-5-3,404.5
2026-10-02 16:37:08,20261002,6,12,4-5-6,257.8
2026-10-02 16:37:08,20261002,6,12,4-6-1,167.5
2026-10-02 16:37:08,20261002,6,12,4-6-2,217.3
2026-10-02 16:37:08,20261002,6,12,4-6-3,350.6
2026-10-02 16:37:08,20261002,6,12,4-6-5,505.7
2026-10-02 16:37:08,20261002,6,12,5-1-2,273.9
2026-10-02 16:37:08,20261002,6,12,5-1-3,252.8
2026-10-02 16:37:08,20261002,6,12,5-1-4,121.7
2026-10-02 16:37:08,20261002,6,12,5-1-6,215.5
2026-10-02 16:37:08,20261002,6,12,5-2-1,469.6
2026-10-02 16:37:08,20261002,6,12,5-2-3,410.9
2026-10-02 16:37:08,20261002,6,12,5-2-4,302.2
2026-10-02 16:37:08,20261002,6,12,5-2-6,350.6
2026-10-02 16:37:08,20261002,6,12,5-3-1,360.2
2026-10-02 16:37:08,20261002,6,12,5-3-2,641.4
2026-10-02 16:37:08,20261002,6,12,5-3-4,525.9
2026-10-02 16:37:08,20261002,6,12,5-3-6,939.2
2026-10-02 16:37:08,20261002,6,12,5-4-1,167.5
2026-10-02 16:37:08,20261002,6,12,5-4-2,438.3
2026-10-02 16:37:08,20261002,6,12,5-4-3,641.4
2026-10-02 16:37:08,20261002,6,12,5-4-6,496.1
2026-10-02 16:37:08,20261002,6,12,5-6-1,515.6
2026-10-02 16:37:08,20261002,6,12,5-6-2,611.5
2026-10-02 16:37:08,20261002,6,12,5-6-3,939.2
2026-10-02 16:37:08,20261002,6,12,5-6-4,1011.0
2026-10-02 16:37:08,20261002,6,12,6-1-2,255.3
2026-10-02 16:37:08,20261002,6,12,6-1-3,424.1
2026-10-02 16:37:08,20261002,6,12,6-1-4,404.5
2026-10-02 16:37:08,20261002,6,12,6-1-5,1095.0
2026-10-02 16:37:08,20261002,6,12,6-2-1,453.4
2026-10-02 16:37:08,20261002,6,12,6-2-3,674.3
2026-10-02 16:37:08,20261002,6,12,6-2-4,657.4
2026-10-02 16:37:08,20261002,6,12,6-2-5,496.1
2026-10-02 16:37:08,20261002,6,12,6-3-1,821.8
2026-10-02 16:37:08,20261002,6,12,6-3-2,974.0
2026-10-02 16:37:08,20261002,6,12,6-3-4,1051.0
2026-10-02 16:37:08,20261002,6,12,6-3-5,1011.0
2026-10-02 16:37:08,20261002,6,12,6-4-1,505.7
2026-10-02 16:37:08,20261002,6,12,6-4-2,641.4
2026-10-02 16:37:08,20261002,6,12,6-4-3,1252.0
2026-10-02 16:37:08,20261002,6,12,6-4-5,641.4
2026-10-02 16:37:08,20261002,6,12,6-5-1,1143.0
2026-10-02 16:37:08,20261002,6,12,6-5-2,657.4
2026-10-02 16:37:08,20261002,6,12,6-5-3,1011.0
2026-10-02 16:37:08,20261002,6,12,6-5-4,821.8
2026-10-02 16:38:39,20261002,16,12,1-2-3,7.4
2026-10-02 16:38:39,20261002,16,12,1-2-4,6.1
2026-10-02 16:38:39,20261002,16,12,1-2-5,12.4
2026-10-02 16:38:39,20261002,16,12,1-2-6,15.8
2026-10-02 16:38:39,20261002,16,12,1-3-2,15.4
2026-10-02 16:38:39,20261002,16,12,1-3-4,15.4
2026-10-02 16:38:39,20261002,16,12,1-3-5,22.6
2026-10-02 16:38:39,20261002,16,12,1-3-6,27.7
2026-10-02 16:38:39,20261002,16,12,1-4-2,10.9
2026-10-02 16:38:39,20261002,16,12,1-4-3,19.1
2026-10-02 16:38:39,20261002,16,12,1-4-5,19.7
2026-10-02 16:38:39,20261002,16,12,1-4-6,18.3
2026-10-02 16:38:39,20261002,16,12,1-5-2,23.1
2026-10-02 16:38:39,20261002,16,12,1-5-3,32.7
2026-10-02 16:38:39,20261002,16,12,1-5-4,30.9
2026-10-02 16:38:39,20261002,16,12,1-5-6,33.6
2026-10-02 16:38:39,20261002,16,12,1-6-2,45.1
2026-10-02 16:38:39,20261002,16,12,1-6-3,66.7
2026-10-02 16:38:39,20261002,16,12,1-6-4,45.5
2026-10-02 16:38:39,20261002,16,12,1-6-5,61.8
2026-10-02 16:38:39,20261002,16,12,2-1-3,96.0
2026-10-02 16:38:39,20261002,16,12,2-1-4,83.1
2026-10-02 16:38:39,20261002,16,12,2-1-5,113.3
2026-10-02 16:38:39,20261002,16,12,2-1-6,130.3
2026-10-02 16:38:39,20261002,16,12,2-3-1,314.6
2026-10-02 16:38:39,20261002,16,12,2-3-4,569.5
2026-10-02 16:38:39,20261002,16,12,2-3-5,669.7
2026-10-02 16:38:39,20261002,16,12,2-3-6,921.6
2026-10-02 16:38:39,20261002,16,12,2-4-1,267.6
2026-10-02 16:38:39,20261002,16,12,2-4-3,687.5
2026-10-02 16:38:39,20261002,16,12,2-4-5,726.8
2026-10-02 16:38:39,20261002,16,12,2-4-6,617.5
2026-10-02 16:38:39,20261002,16,12,2-5-1,353.4
2026-10-02 16:38:39,20261002,16,12,2-5-3,862.6
2026-10-02 16:38:39,20261002,16,12,2-5-4,916.6
2026-10-02 16:38:39,20261002,16,12,2-5-6,893.5
2026-10-02 16:38:39,20261002,16,12,2-6-1,516.6
2026-10-02 16:38:39,20261002,16,12,2-6-3,1328.0
2026-10-02 16:38:39,20261002,16,12,2-6-4,1132.0
2026-10-02 16:38:39,20261002,16,12,2-6-5,1290.0
2026-10-02 16:38:39,20261002,16,12,3-1-2,177.0
2026-10-02 16:38:39,20261002,16,12,3-1-4,188.1
2026-10-02 16:38:39,20261002,16,12,3-1-5,225.1
2026-10-02 16:38:39,20261002,16,12,3-1-6,272.7
2026-10-02 16:38:39,20261002,16,12,3-2-1,399.1
2026-10-02 16:38:39,20261002,16,12,3-2-4,708.4
2026-10-02 16:38:39,20261002,16,12,3-2-5,755.3
2026-10-02 16:38:39,20261002,16,12,3-2-6,891.2
2026-10-02 16:38:39,20261002,16,12,3-4-1,437.7
2026-10-02 16:38:39,20261002,16,12,3-4-2,859.3
2026-10-02 16:38:39,20261002,16,12,3-4-5,1019.0
2026-10-02 16:38:39,20261002,16,12,3-4-6,829.7
2026-10-02 16:38:39,20261002,16,12,3-5-1,595.1
2026-10-02 16:38:39,20261002,16,12,3-5-2,875.0
2026-10-02 16:38:39,20261002,16,12,3-5-4,1078.0
2026-10-02 16:38:39,20261002,16,12,3-5-6,1254.0
2026-10-02 16:38:39,20261002,16,12,3-6-1,815.6
2026-10-02 16:38:39,20261002,16,12,3-6-2,1608.0
2026-10-02 16:38:39,20261002,16,12,3-6-4,1415.0
2026-10-02 16:38:39,20261002,16,12,3-6-5,1947.0
2026-10-02 16:38:39,20261002,16,12,4-1-2,121.2
2026-10-02 16:38:39,20261002,16,12,4-1-3,208.5
2026-10-02 16:38:39,20261002,16,12,4-1-5,165.0
2026-10-02 16:38:39,20261002,16,12,4-1-6,170.0
2026-10-02 16:38:39,20261002,16,12,4-2-1,288.5
2026-10-02 16:38:39,20261002,16,12,4-2-3,756.1
2026-10-02 16:38:39,20261002,16,12,4-2-5,656.6
2026-10-02 16:38:39,20261002,16,12,4-2-6,618.6
2026-10-02 16:38:39,20261002,16,12,4-3-1,511.5
2026-10-02 16:38:39,20261002,16,12,4-3-2,921.6
2026-10-02 16:38:39,20261002,16,12,4-3-5,990.8
2026-10-02 16:38:39,20261002,16,12,4-3-6,897.1
2026-10-02 16:38:39,20261002,16,12,4-5-1,329.3
2026-10-02 16:38:39,20261002,16,12,4-5-2,694.5
2026-10-02 16:38:39,20261002,16,12,4-5-3,895.9
2026-10-02 16:38:39,20261002,16,12,4-5-6,496.8
2026-10-02 16:38:39,20261002,16,12,4-6-1,394.9
2026-10-02 16:38:39,20261002,16,12,4-6-2,814.6
2026-10-02 16:38:39,20261002,16,12,4-6-3,1034.0
2026-10-02 16:38:39,20261002,16,12,4-6-5,733.9
2026-10-02 16:38:39,20261002,16,12,5-1-2,131.9
2026-10-02 16:38:39,20261002,16,12,5-1-3,219.3
2026-10-02 16:38:39,20261002,16,12,5-1-4,186.2
2026-10-02 16:38:39,20261002,16,12,5-1-6,189.0
2026-10-02 16:38:39,20261002,16,12,5-2-1,317.8
2026-10-02 16:38:39,20261002,16,12,5-2-3,751.9
2026-10-02 16:38:39,20261002,16,12,5-2-4,768.2
2026-10-02 16:38:39,20261002,16,12,5-2-6,598.3
2026-10-02 16:38:39,20261002,16,12,5-3-1,563.3
2026-10-02 16:38:39,20261002,16,12,5-3-2,990.8
2026-10-02 16:38:39,20261002,16,12,5-3-4,1247.0
2026-10-02 16:38:39,20261002,16,12,5-3-6,1036.0
2026-10-02 16:38:39,20261002,16,12,5-4-1,401.2
2026-10-02 16:38:39,20261002,16,12,5-4-2,801.1
2026-10-02 16:38:39,20261002,16,12,5-4-3,1071.0
2026-10-02 16:38:39,20261002,16,12,5-4-6,655.4
2026-10-02 16:38:39,20261002,16,12,5-6-1,430.5
2026-10-02 16:38:39,20261002,16,12,5-6-2,728.3
2026-10-02 16:38:39,20261002,16,12,5-6-3,915.4
2026-10-02 16:38:39,20261002,16,12,5-6-4,859.3
2026-10-02 16:38:39,20261002,16,12,6-1-2,361.0
2026-10-02 16:38:39,20261002,16,12,6-1-3,624.4
2026-10-02 16:38:39,20261002,16,12,6-1-4,490.3
2026-10-02 16:38:39,20261002,16,12,6-1-5,584.8
2026-10-02 16:38:39,20261002,16,12,6-2-1,709.2
2026-10-02 16:38:39,20261002,16,12,6-2-3,1615.0
2026-10-02 16:38:39,20261002,16,12,6-2-4,1439.0
2026-10-02 16:38:39,20261002,16,12,6-2-5,1439.0
2026-10-02 16:38:39,20261002,16,12,6-3-1,1266.0
2026-10-02 16:38:39,20261002,16,12,6-3-2,1987.0
2026-10-02 16:38:39,20261002,16,12,6-3-4,1745.0
2026-10-02 16:38:39,20261002,16,12,6-3-5,2223.0
2026-10-02 16:38:39,20261002,16,12,6-4-1,760.4
2026-10-02 16:38:39,20261002,16,12,6-4-2,1517.0
2026-10-02 16:38:39,20261002,16,12,6-4-3,2005.0
2026-10-02 16:38:39,20261002,16,12,6-4-5,1577.0
2026-10-02 16:38:39,20261002,16,12,6-5-1,955.6
2026-10-02 16:38:39,20261002,16,12,6-5-2,1604.0
2026-10-02 16:38:39,20261002,16,12,6-5-3,2054.0
2026-10-02 16:38:39,20261002,16,12,6-5-4,1493.0
2026-10-02 16:40:16,20261002,19,4,1-2-3,17.3
2026-10-02 16:40:16,20261002,19,4,1-2-4,16.7
2026-10-02 16:40:16,20261002,19,4,1-2-5,11.9
2026-10-02 16:40:16,20261002,19,4,1-2-6,58.4
2026-10-02 16:40:16,20261002,19,4,1-3-2,44.6
2026-10-02 16:40:16,20261002,19,4,1-3-4,61.2
2026-10-02 16:40:16,20261002,19,4,1-3-5,48.0
2026-10-02 16:40:16,20261002,19,4,1-3-6,229.3
2026-10-02 16:40:16,20261002,19,4,1-4-2,45.6
2026-10-02 16:40:16,20261002,19,4,1-4-3,101.0
2026-10-02 16:40:16,20261002,19,4,1-4-5,51.6
2026-10-02 16:40:16,20261002,19,4,1-4-6,230.7
2026-10-02 16:40:16,20261002,19,4,1-5-2,26.2
2026-10-02 16:40:16,20261002,19,4,1-5-3,52.5
2026-10-02 16:40:16,20261002,19,4,1-5-4,54.2
2026-10-02 16:40:16,20261002,19,4,1-5-6,168.0
2026-10-02 16:40:16,20261002,19,4,1-6-2,230.7
2026-10-02 16:40:16,20261002,19,4,1-6-3,411.8
2026-10-02 16:40:16,20261002,19,4,1-6-4,638.4
2026-10-02 16:40:16,20261002,19,4,1-6-5,430.3
2026-10-02 16:40:16,20261002,19,4,2-1-3,23.1
2026-10-02 16:40:16,20261002,19,4,2-1-4,16.4
2026-10-02 16:40:16,20261002,19,4,2-1-5,11.8
2026-10-02 16:40:16,20261002,19,4,2-1-6,74.5
2026-10-02 16:40:16,20261002,19,4,2-3-1,56.8
2026-10-02 16:40:16,20261002,19,4,2-3-4,66.3
2026-10-02 16:40:16,20261002,19,4,2-3-5,42.2
2026-10-02 16:40:16,20261002,19,4,2-3-6,196.4
2026-10-02 16:40:16,20261002,19,4,2-4-1,33.3
2026-10-02 16:40:16,20261002,19,4,2-4-3,57.6
2026-10-02 16:40:16,20261002,19,4,2-4-5,23.4
2026-10-02 16:40:16,20261002,19,4,2-4-6,105.8
2026-10-02 16:40:16,20261002,19,4,2-5-1,15.3
2026-10-02 16:40:16,20261002,19,4,2-5-3,32.2
2026-10-02 16:40:16,20261002,19,4,2-5-4,21.9
2026-10-02 16:40:16,20261002,19,4,2-5-6,73.9
2026-10-02 16:40:16,20261002,19,4,2-6-1,281.6
2026-10-02 16:40:16,20261002,19,4,2-6-3,524.7
2026-10-02 16:40:16,20261002,19,4,2-6-4,430.3
2026-10-02 16:40:16,20261002,19,4,2-6-5,296.9
2026-10-02 16:40:16,20261002,19,4,3-1-2,112.3
2026-10-02 16:40:16,20261002,19,4,3-1-4,130.2
2026-10-02 16:40:16,20261002,19,4,3-1-5,112.0
2026-10-02 16:40:16,20261002,19,4,3-1-6,354.6
2026-10-02 16:40:16,20261002,19,4,3-2-1,145.6
2026-10-02 16:40:16,20261002,19,4,3-2-4,131.1
2026-10-02 16:40:16,20261002,19,4,3-2-5,106.6
2026-10-02 16:40:16,20261002,19,4,3-2-6,338.9
2026-10-02 16:40:16,20261002,19,4,3-4-1,296.9
2026-10-02 16:40:16,20261002,19,4,3-4-2,250.3
2026-10-02 16:40:16,20261002,19,4,3-4-5,257.0
2026-10-02 16:40:16,20261002,19,4,3-4-6,547.2
2026-10-02 16:40:16,20261002,19,4,3-5-1,179.8
2026-10-02 16:40:16,20261002,19,4,3-5-2,139.2
2026-10-02 16:40:16,20261002,19,4,3-5-4,266.0
2026-10-02 16:40:16,20261002,19,4,3-5-6,478.8
2026-10-02 16:40:16,20261002,19,4,3-6-1,1064.0
2026-10-02 16:40:16,20261002,19,4,3-6-2,722.7
2026-10-02 16:40:16,20261002,19,4,3-6-4,1035.0
2026-10-02 16:40:16,20261002,19,4,3-6-5,1064.0
2026-10-02 16:40:16,20261002,19,4,4-1-2,85.1
2026-10-02 16:40:16,20261002,19,4,4-1-3,174.9
2026-10-02 16:40:16,20261002,19,4,4-1-5,93.4
2026-10-02 16:40:16,20261002,19,4,4-1-6,351.4
2026-10-02 16:40:16,20261002,19,4,4-2-1,84.5
2026-10-02 16:40:16,20261002,19,4,4-2-3,150.8
2026-10-02 16:40:16,20261002,19,4,4-2-5,72.0
2026-10-02 16:40:16,20261002,19,4,4-2-6,252.0
2026-10-02 16:40:16,20261002,19,4,4-3-1,371.8
2026-10-02 16:40:16,20261002,19,4,4-3-2,279.5
2026-10-02 16:40:16,20261002,19,4,4-3-5,304.0
2026-10-02 16:40:16,20261002,19,4,4-3-6,571.7
2026-10-02 16:40:16,20261002,19,4,4-5-1,98.2
2026-10-02 16:40:16,20261002,19,4,4-5-2,74.6
2026-10-02 16:40:16,20261002,19,4,4-5-3,233.5
2026-10-02 16:40:16,20261002,19,4,4-5-6,208.1
2026-10-02 16:40:16,20261002,19,4,4-6-1,684.0
2026-10-02 16:40:16,20261002,19,4,4-6-2,627.9
2026-10-02 16:40:16,20261002,19,4,4-6-3,814.9
2026-10-02 16:40:16,20261002,19,4,4-6-5,684.0
2026-10-02 16:40:16,20261002,19,4,5-1-2,55.2
2026-10-02 16:40:16,20261002,19,4,5-1-3,131.1
2026-10-02 16:40:16,20261002,19,4,5-1-4,93.4
2026-10-02 16:40:16,20261002,19,4,5-1-6,243.9
2026-10-02 16:40:16,20261002,19,4,5-2-1,37.8
2026-10-02 16:40:16,20261002,19,4,5-2-3,94.3
2026-10-02 16:40:16,20261002,19,4,5-2-4,45.6
2026-10-02 16:40:16,20261002,19,4,5-2-6,158.9
2026-10-02 16:40:16,20261002,19,4,5-3-1,233.5
2026-10-02 16:40:16,20261002,19,4,5-3-2,185.0
2026-10-02 16:40:16,20261002,19,4,5-3-4,357.9
2026-10-02 16:40:16,20261002,19,4,5-3-6,524.7
2026-10-02 16:40:16,20261002,19,4,5-4-1,145.6
2026-10-02 16:40:16,20261002,19,4,5-4-2,105.5
2026-10-02 16:40:16,20261002,19,4,5-4-3,354.6
2026-10-02 16:40:16,20261002,19,4,5-4-6,321.8
2026-10-02 16:40:16,20261002,19,4,5-6-1,555.1
2026-10-02 16:40:16,20261002,19,4,5-6-2,450.6
2026-10-02 16:40:16,20261002,19,4,5-6-3,617.8
2026-10-02 16:40:16,20261002,19,4,5-6-4,672.0
2026-10-02 16:40:16,20261002,19,4,6-1-2,472.8
2026-10-02 16:40:16,20261002,19,4,6-1-3,1064.0
2026-10-02 16:40:16,20261002,19,4,6-1-4,1320.0
2026-10-02 16:40:16,20261002,19,4,6-1-5,1368.0
2026-10-02 16:40:16,20261002,19,4,6-2-1,766.0
2026-10-02 16:40:16,20261002,19,4,6-2-3,1008.0
2026-10-02 16:40:16,20261002,19,4,6-2-4,1160.0
2026-10-02 16:40:16,20261002,19,4,6-2-5,814.9
2026-10-02 16:40:16,20261002,19,4,6-3-1,1320.0
2026-10-02 16:40:16,20261002,19,4,6-3-2,1160.0
2026-10-02 16:40:16,20261002,19,4,6-3-4,1276.0
2026-10-02 16:40:16,20261002,19,4,6-3-5,1418.0
2026-10-02 16:40:16,20261002,19,4,6-4-1,1532.0
2026-10-02 16:40:16,20261002,19,4,6-4-2,1368.0
2026-10-02 16:40:16,20261002,19,4,6-4-3,2736.0
2026-10-02 16:40:16,20261002,19,4,6-4-5,2128.0
2026-10-02 16:40:16,20261002,19,4,6-5-1,2016.0
2026-10-02 16:40:16,20261002,19,4,6-5-2,1035.0
2026-10-02 16:40:16,20261002,19,4,6-5-3,1596.0
2026-10-02 16:40:16,20261002,19,4,6-5-4,1824.0
2026-10-02 16:49:54,20261002,12,5,1-2-3,17.1
2026-10-02 16:49:54,20261002,12,5,1-2-4,29.5
2026-10-02 16:49:54,20261002,12,5,1-2-5,18.5
2026-10-02 16:49:54,20261002,12,5,1-2-6,49.6
2026-10-02 16:49:54,20261002,12,5,1-3-2,35.5
2026-10-02 16:49:54,20261002,12,5,1-3-4,52.9
2026-10-02 16:49:54,20261002,12,5,1-3-5,55.3
2026-10-02 16:49:54,20261002,12,5,1-3-6,148.8
2026-10-02 16:49:54,20261002,12,5,1-4-2,63.9
2026-10-02 16:49:54,20261002,12,5,1-4-3,70.5
2026-10-02 16:49:54,20261002,12,5,1-4-5,70.0
2026-10-02 16:49:54,20261002,12,5,1-4-6,116.2
2026-10-02 16:49:54,20261002,12,5,1-5-2,31.6
2026-10-02 16:49:54,20261002,12,5,1-5-3,57.4
2026-10-02 16:49:54,20261002,12,5,1-5-4,58.1
2026-10-02 16:49:54,20261002,12,5,1-5-6,128.7
2026-10-02 16:49:54,20261002,12,5,1-6-2,144.3
2026-10-02 16:49:54,20261002,12,5,1-6-3,190.5
2026-10-02 16:49:54,20261002,12,5,1-6-4,148.8
2026-10-02 16:49:54,20261002,12,5,1-6-5,272.2
2026-10-02 16:49:54,20261002,12,5,2-1-3,16.0
2026-10-02 16:49:54,20261002,12,5,2-1-4,33.5
2026-10-02 16:49:54,20261002,12,5,2-1-5,16.3
2026-10-02 16:49:54,20261002,12,5,2-1-6,58.4
2026-10-02 16:49:54,20261002,12,5,2-3-1,34.2
2026-10-02 16:49:54,20261002,12,5,2-3-4,76.2
2026-10-02 16:49:54,20261002,12,5,2-3-5,31.1
2026-10-02 16:49:54,20261002,12,5,2-3-6,190.5
2026-10-02 16:49:54,20261002,12,5,2-4-1,92.5
2026-10-02 16:49:54,20261002,12,5,2-4-3,128.7
2026-10-02 16:49:54,20261002,12,5,2-4-5,84.3
2026-10-02 16:49:54,20261002,12,5,2-4-6,161.5
2026-10-02 16:49:54,20261002,12,5,2-5-1,24.6
2026-10-02 16:49:54,20261002,12,5,2-5-3,31.4
2026-10-02 16:49:54,20261002,12,5,2-5-4,56.3
2026-10-02 16:49:54,20261002,12,5,2-5-6,82.8
2026-10-02 16:49:54,20261002,12,5,2-6-1,97.2
2026-10-02 16:49:54,20261002,12,5,2-6-3,288.7
2026-10-02 16:49:54,20261002,12,5,2-6-4,257.5
2026-10-02 16:49:54,20261002,12,5,2-6-5,151.2
2026-10-02 16:49:54,20261002,12,5,3-1-2,85.0
2026-10-02 16:49:54,20261002,12,5,3-1-4,80.7
2026-10-02 16:49:54,20261002,12,5,3-1-5,75.6
2026-10-02 16:49:54,20261002,12,5,3-1-6,167.1
2026-10-02 16:49:54,20261002,12,5,3-2-1,97.2
2026-10-02 16:49:54,20261002,12,5,3-2-4,77.4
2026-10-02 16:49:54,20261002,12,5,3-2-5,59.9
2026-10-02 16:49:54,20261002,12,5,3-2-6,179.7
2026-10-02 16:49:54,20261002,12,5,3-4-1,164.2
2026-10-02 16:49:54,20261002,12,5,3-4-2,110.7
2026-10-02 16:49:54,20261002,12,5,3-4-5,161.5
2026-10-02 16:49:54,20261002,12,5,3-4-6,190.5
2026-10-02 16:49:54,20261002,12,5,3-5-1,128.7
2026-10-02 16:49:54,20261002,12,5,3-5-2,84.3
2026-10-02 16:49:54,20261002,12,5,3-5-4,161.5
2026-10-02 16:49:54,20261002,12,5,3-5-6,280.2
2026-10-02 16:49:54,20261002,12,5,3-6-1,560.5
2026-10-02 16:49:54,20261002,12,5,3-6-2,352.9
2026-10-02 16:49:54,20261002,12,5,3-6-4,352.9
2026-10-02 16:49:54,20261002,12,5,3-6-5,453.7
2026-10-02 16:49:54,20261002,12,5,4-1-2,142.2
2026-10-02 16:49:54,20261002,12,5,4-1-3,132.3
2026-10-02 16:49:54,20261002,12,5,4-1-5,95.2
2026-10-02 16:49:54,20261002,12,5,4-1-6,198.5
2026-10-02 16:49:54,20261002,12,5,4-2-1,158.8
2026-10-02 16:49:54,20261002,12,5,4-2-3,128.7
2026-10-02 16:49:54,20261002,12,5,4-2-5,102.4
2026-10-02 16:49:54,20261002,12,5,4-2-6,216.5
2026-10-02 16:49:54,20261002,12,5,4-3-1,264.6
2026-10-02 16:49:54,20261002,12,5,4-3-2,125.3
2026-10-02 16:49:54,20261002,12,5,4-3-5,136.1
2026-10-02 16:49:54,20261002,12,5,4-3-6,280.2
2026-10-02 16:49:54,20261002,12,5,4-5-1,104.7
2026-10-02 16:49:54,20261002,12,5,4-5-2,116.2
2026-10-02 16:49:54,20261002,12,5,4-5-3,153.6
2026-10-02 16:49:54,20261002,12,5,4-5-6,173.2
2026-10-02 16:49:54,20261002,12,5,4-6-1,250.7
2026-10-02 16:49:54,20261002,12,5,4-6-2,173.2
2026-10-02 16:49:54,20261002,12,5,4-6-3,352.9
2026-10-02 16:49:54,20261002,12,5,4-6-5,176.4
2026-10-02 16:49:54,20261002,12,5,5-1-2,56.0
2026-10-02 16:49:54,20261002,12,5,5-1-3,100.3
2026-10-02 16:49:54,20261002,12,5,5-1-4,86.6
2026-10-02 16:49:54,20261002,12,5,5-1-6,148.8
2026-10-02 16:49:54,20261002,12,5,5-2-1,45.8
2026-10-02 16:49:54,20261002,12,5,5-2-3,49.3
2026-10-02 16:49:54,20261002,12,5,5-2-4,59.9
2026-10-02 16:49:54,20261002,12,5,5-2-6,80.0
2026-10-02 16:49:54,20261002,12,5,5-3-1,122.1
2026-10-02 16:49:54,20261002,12,5,5-3-2,85.0
2026-10-02 16:49:54,20261002,12,5,5-3-4,146.5
2026-10-02 16:49:54,20261002,12,5,5-3-6,216.5
2026-10-02 16:49:54,20261002,12,5,5-4-1,120.6
2026-10-02 16:49:54,20261002,12,5,5-4-2,112.1
2026-10-02 16:49:54,20261002,12,5,5-4-3,176.4
2026-10-02 16:49:54,20261002,12,5,5-4-6,179.7
2026-10-02 16:49:54,20261002,12,5,5-6-1,288.7
2026-10-02 16:49:54,20261002,12,5,5-6-2,190.5
2026-10-02 16:49:54,20261002,12,5,5-6-3,211.7
2026-10-02 16:49:54,20261002,12,5,5-6-4,221.5
2026-10-02 16:49:54,20261002,12,5,6-1-2,116.2
2026-10-02 16:49:54,20261002,12,5,6-1-3,328.5
2026-10-02 16:49:54,20261002,12,5,6-1-4,453.7
2026-10-02 16:49:54,20261002,12,5,6-1-5,680.6
2026-10-02 16:49:54,20261002,12,5,6-2-1,207.1
2026-10-02 16:49:54,20261002,12,5,6-2-3,307.3
2026-10-02 16:49:54,20261002,12,5,6-2-4,414.2
2026-10-02 16:49:54,20261002,12,5,6-2-5,366.4
2026-10-02 16:49:54,20261002,12,5,6-3-1,272.2
2026-10-02 16:49:54,20261002,12,5,6-3-2,453.7
2026-10-02 16:49:54,20261002,12,5,6-3-4,433.1
2026-10-02 16:49:54,20261002,12,5,6-3-5,560.5
2026-10-02 16:49:54,20261002,12,5,6-4-1,433.1
2026-10-02 16:49:54,20261002,12,5,6-4-2,501.5
2026-10-02 16:49:54,20261002,12,5,6-4-3,529.3
2026-10-02 16:49:54,20261002,12,5,6-4-5,794.0
2026-10-02 16:49:54,20261002,12,5,6-5-1,529.3
2026-10-02 16:49:54,20261002,12,5,6-5-2,501.5
2026-10-02 16:49:54,20261002,12,5,6-5-3,453.7
2026-10-02 16:49:54,20261002,12,5,6-5-4,529.3
2026-10-02 16:53:56,20261002,15,5,1-2-3,9.4
2026-10-02 16:53:56,20261002,15,5,1-2-4,10.5
2026-10-02 16:53:56,20261002,15,5,1-2-5,30.3
2026-10-02 16:53:56,20261002,15,5,1-2-6,58.5
2026-10-02 16:53:56,20261002,15,5,1-3-2,20.6
2026-10-02 16:53:56,20261002,15,5,1-3-4,26.0
2026-10-02 16:53:56,20261002,15,5,1-3-5,26.8
2026-10-02 16:53:56,20261002,15,5,1-3-6,120.6
2026-10-02 16:53:56,20261002,15,5,1-4-2,21.3
2026-10-02 16:53:56,20261002,15,5,1-4-3,33.9
2026-10-02 16:53:56,20261002,15,5,1-4-5,43.5
2026-10-02 16:53:56,20261002,15,5,1-4-6,72.1
2026-10-02 16:53:56,20261002,15,5,1-5-2,67.7
2026-10-02 16:53:56,20261002,15,5,1-5-3,91.6
2026-10-02 16:53:56,20261002,15,5,1-5-4,88.3
2026-10-02 16:53:56,20261002,15,5,1-5-6,276.9
2026-10-02 16:53:56,20261002,15,5,1-6-2,124.3
2026-10-02 16:53:56,20261002,15,5,1-6-3,210.1
2026-10-02 16:53:56,20261002,15,5,1-6-4,206.5
2026-10-02 16:53:56,20261002,15,5,1-6-5,312.4
2026-10-02 16:53:56,20261002,15,5,2-1-3,13.0
2026-10-02 16:53:56,20261002,15,5,2-1-4,18.1
2026-10-02 16:53:56,20261002,15,5,2-1-5,27.8
2026-10-02 16:53:56,20261002,15,5,2-1-6,101.5
2026-10-02 16:53:56,20261002,15,5,2-3-1,29.9
2026-10-02 16:53:56,20261002,15,5,2-3-4,52.3
2026-10-02 16:53:56,20261002,15,5,2-3-5,74.3
2026-10-02 16:53:56,20261002,15,5,2-3-6,290.1
2026-10-02 16:53:56,20261002,15,5,2-4-1,42.3
2026-10-02 16:53:56,20261002,15,5,2-4-3,90.9
2026-10-02 16:53:56,20261002,15,5,2-4-5,72.5
2026-10-02 16:53:56,20261002,15,5,2-4-6,238.9
2026-10-02 16:53:56,20261002,15,5,2-5-1,87.0
2026-10-02 16:53:56,20261002,15,5,2-5-3,138.4
2026-10-02 16:53:56,20261002,15,5,2-5-4,140.0
2026-10-02 16:53:56,20261002,15,5,2-5-6,435.2
2026-10-02 16:53:56,20261002,15,5,2-6-1,253.8
2026-10-02 16:53:56,20261002,15,5,2-6-3,468.6
2026-10-02 16:53:56,20261002,15,5,2-6-4,338.5
2026-10-02 16:53:56,20261002,15,5,2-6-5,420.2
2026-10-02 16:53:56,20261002,15,5,3-1-2,58.8
2026-10-02 16:53:56,20261002,15,5,3-1-4,78.1
2026-10-02 16:53:56,20261002,15,5,3-1-5,95.9
2026-10-02 16:53:56,20261002,15,5,3-1-6,221.5
2026-10-02 16:53:56,20261002,15,5,3-2-1,63.1
2026-10-02 16:53:56,20261002,15,5,3-2-4,72.9
2026-10-02 16:53:56,20261002,15,5,3-2-5,117.1
2026-10-02 16:53:56,20261002,15,5,3-2-6,221.5
2026-10-02 16:53:56,20261002,15,5,3-4-1,150.4
2026-10-02 16:53:56,20261002,15,5,3-4-2,123.0
2026-10-02 16:53:56,20261002,15,5,3-4-5,203.1
2026-10-02 16:53:56,20261002,15,5,3-4-6,264.9
2026-10-02 16:53:56,20261002,15,5,3-5-1,199.7
2026-10-02 16:53:56,20261002,15,5,3-5-2,174.0
2026-10-02 16:53:56,20261002,15,5,3-5-4,290.1
2026-10-02 16:53:56,20261002,15,5,3-5-6,553.9
2026-10-02 16:53:56,20261002,15,5,3-6-1,468.6
2026-10-02 16:53:56,20261002,15,5,3-6-2,435.2
2026-10-02 16:53:56,20261002,15,5,3-6-4,677.0
2026-10-02 16:53:56,20261002,15,5,3-6-5,812.4
2026-10-02 16:53:56,20261002,15,5,4-1-2,41.0
2026-10-02 16:53:56,20261002,15,5,4-1-3,66.9
2026-10-02 16:53:56,20261002,15,5,4-1-5,39.3
2026-10-02 16:53:56,20261002,15,5,4-1-6,133.9
2026-10-02 16:53:56,20261002,15,5,4-2-1,55.1
2026-10-02 16:53:56,20261002,15,5,4-2-3,90.2
2026-10-02 16:53:56,20261002,15,5,4-2-5,88.3
2026-10-02 16:53:56,20261002,15,5,4-2-6,190.4
2026-10-02 16:53:56,20261002,15,5,4-3-1,86.4
2026-10-02 16:53:56,20261002,15,5,4-3-2,243.7
2026-10-02 16:53:56,20261002,15,5,4-3-5,210.1
2026-10-02 16:53:56,20261002,15,5,4-3-6,380.8
2026-10-02 16:53:56,20261002,15,5,4-5-1,90.2
2026-10-02 16:53:56,20261002,15,5,4-5-2,145.0
2026-10-02 16:53:56,20261002,15,5,4-5-3,253.8
2026-10-02 16:53:56,20261002,15,5,4-5-6,435.2
2026-10-02 16:53:56,20261002,15,5,4-6-1,380.8
2026-10-02 16:53:56,20261002,15,5,4-6-2,420.2
2026-10-02 16:53:56,20261002,15,5,4-6-3,406.2
2026-10-02 16:53:56,20261002,15,5,4-6-5,761.6
2026-10-02 16:53:56,20261002,15,5,5-1-2,114.9
2026-10-02 16:53:56,20261002,15,5,5-1-3,156.2
2026-10-02 16:53:56,20261002,15,5,5-1-4,181.8
2026-10-02 16:53:56,20261002,15,5,5-1-6,150.4
2026-10-02 16:53:56,20261002,15,5,5-2-1,164.6
2026-10-02 16:53:56,20261002,15,5,5-2-3,138.4
2026-10-02 16:53:56,20261002,15,5,5-2-4,143.3
2026-10-02 16:53:56,20261002,15,5,5-2-6,507.7
2026-10-02 16:53:56,20261002,15,5,5-3-1,213.7
2026-10-02 16:53:56,20261002,15,5,5-3-2,320.6
2026-10-02 16:53:56,20261002,15,5,5-3-4,312.4
2026-10-02 16:53:56,20261002,15,5,5-3-6,487.4
2026-10-02 16:53:56,20261002,15,5,5-4-1,259.2
2026-10-02 16:53:56,20261002,15,5,5-4-2,176.6
2026-10-02 16:53:56,20261002,15,5,5-4-3,435.2
2026-10-02 16:53:56,20261002,15,5,5-4-6,348.1
2026-10-02 16:53:56,20261002,15,5,5-6-1,937.3
2026-10-02 16:53:56,20261002,15,5,5-6-2,609.3
2026-10-02 16:53:56,20261002,15,5,5-6-3,487.4
2026-10-02 16:53:56,20261002,15,5,5-6-4,812.4
2026-10-02 16:53:56,20261002,15,5,6-1-2,113.8
2026-10-02 16:53:56,20261002,15,5,6-1-3,259.2
2026-10-02 16:53:56,20261002,15,5,6-1-4,468.6
2026-10-02 16:53:56,20261002,15,5,6-1-5,580.2
2026-10-02 16:53:56,20261002,15,5,6-2-1,253.8
2026-10-02 16:53:56,20261002,15,5,6-2-3,270.8
2026-10-02 16:53:56,20261002,15,5,6-2-4,468.6
2026-10-02 16:53:56,20261002,15,5,6-2-5,609.3
2026-10-02 16:53:56,20261002,15,5,6-3-1,716.8
2026-10-02 16:53:56,20261002,15,5,6-3-2,468.6
2026-10-02 16:53:56,20261002,15,5,6-3-4,812.4
2026-10-02 16:53:56,20261002,15,5,6-3-5,870.4
2026-10-02 16:53:56,20261002,15,5,6-4-1,553.9
2026-10-02 16:53:56,20261002,15,5,6-4-2,553.9
2026-10-02 16:53:56,20261002,15,5,6-4-3,870.4
2026-10-02 16:53:56,20261002,15,5,6-4-5,1015.0
2026-10-02 16:53:56,20261002,15,5,6-5-1,937.3
2026-10-02 16:53:56,20261002,15,5,6-5-2,870.4
2026-10-02 16:53:56,20261002,15,5,6-5-3,812.4
2026-10-02 16:53:56,20261002,15,5,6-5-4,529.8
2026-10-02 17:01:11,20261002,7,5,1-2-3,49.1
2026-10-02 17:01:11,20261002,7,5,1-2-4,113.3
2026-10-02 17:01:11,20261002,7,5,1-2-5,40.4
2026-10-02 17:01:11,20261002,7,5,1-2-6,60.8
2026-10-02 17:01:11,20261002,7,5,1-3-2,76.0
2026-10-02 17:01:11,20261002,7,5,1-3-4,111.9
2026-10-02 17:01:11,20261002,7,5,1-3-5,80.4
2026-10-02 17:01:11,20261002,7,5,1-3-6,131.5
2026-10-02 17:01:11,20261002,7,5,1-4-2,134.5
2026-10-02 17:01:11,20261002,7,5,1-4-3,148.9
2026-10-02 17:01:11,20261002,7,5,1-4-5,168.4
2026-10-02 17:01:11,20261002,7,5,1-4-6,162.3
2026-10-02 17:01:11,20261002,7,5,1-5-2,43.8
2026-10-02 17:01:11,20261002,7,5,1-5-3,79.7
2026-10-02 17:01:11,20261002,7,5,1-5-4,154.0
2026-10-02 17:01:11,20261002,7,5,1-5-6,72.0
2026-10-02 17:01:11,20261002,7,5,1-6-2,95.3
2026-10-02 17:01:11,20261002,7,5,1-6-3,191.7
2026-10-02 17:01:11,20261002,7,5,1-6-4,265.0
2026-10-02 17:01:11,20261002,7,5,1-6-5,133.5
2026-10-02 17:01:11,20261002,7,5,2-1-3,40.5
2026-10-02 17:01:11,20261002,7,5,2-1-4,122.6
2026-10-02 17:01:11,20261002,7,5,2-1-5,40.3
2026-10-02 17:01:11,20261002,7,5,2-1-6,52.5
2026-10-02 17:01:11,20261002,7,5,2-3-1,50.2
2026-10-02 17:01:11,20261002,7,5,2-3-4,124.3
2026-10-02 17:01:11,20261002,7,5,2-3-5,18.0
2026-10-02 17:01:11,20261002,7,5,2-3-6,23.3
2026-10-02 17:01:11,20261002,7,5,2-4-1,150.2
2026-10-02 17:01:11,20261002,7,5,2-4-3,214.5
2026-10-02 17:01:11,20261002,7,5,2-4-5,118.5
2026-10-02 17:01:11,20261002,7,5,2-4-6,166.8
2026-10-02 17:01:11,20261002,7,5,2-5-1,56.6
2026-10-02 17:01:11,20261002,7,5,2-5-3,21.0
2026-10-02 17:01:11,20261002,7,5,2-5-4,116.2
2026-10-02 17:01:11,20261002,7,5,2-5-6,14.1
2026-10-02 17:01:11,20261002,7,5,2-6-1,102.9
2026-10-02 17:01:11,20261002,7,5,2-6-3,42.7
2026-10-02 17:01:11,20261002,7,5,2-6-4,170.0
2026-10-02 17:01:11,20261002,7,5,2-6-5,26.6
2026-10-02 17:01:11,20261002,7,5,3-1-2,72.9
2026-10-02 17:01:11,20261002,7,5,3-1-4,120.9
2026-10-02 17:01:11,20261002,7,5,3-1-5,87.4
2026-10-02 17:01:11,20261002,7,5,3-1-6,176.7
2026-10-02 17:01:11,20261002,7,5,3-2-1,159.5
2026-10-02 17:01:11,20261002,7,5,3-2-4,117.0
2026-10-02 17:01:11,20261002,7,5,3-2-5,43.6
2026-10-02 17:01:11,20261002,7,5,3-2-6,62.5
2026-10-02 17:01:11,20261002,7,5,3-4-1,400.5
2026-10-02 17:01:11,20261002,7,5,3-4-2,217.1
2026-10-02 17:01:11,20261002,7,5,3-4-5,237.1
2026-10-02 17:01:11,20261002,7,5,3-4-6,231.0
2026-10-02 17:01:11,20261002,7,5,3-5-1,104.7
2026-10-02 17:01:11,20261002,7,5,3-5-2,53.1
2026-10-02 17:01:11,20261002,7,5,3-5-4,152.7
2026-10-02 17:01:11,20261002,7,5,3-5-6,52.7
2026-10-02 17:01:11,20261002,7,5,3-6-1,295.4
2026-10-02 17:01:11,20261002,7,5,3-6-2,114.8
2026-10-02 17:01:11,20261002,7,5,3-6-4,305.4
2026-10-02 17:01:11,20261002,7,5,3-6-5,101.8
2026-10-02 17:01:11,20261002,7,5,4-1-2,310.7
2026-10-02 17:01:11,20261002,7,5,4-1-3,246.9
2026-10-02 17:01:11,20261002,7,5,4-1-5,127.8
2026-10-02 17:01:11,20261002,7,5,4-1-6,277.2
2026-10-02 17:01:11,20261002,7,5,4-2-1,400.5
2026-10-02 17:01:11,20261002,7,5,4-2-3,367.8
2026-10-02 17:01:11,20261002,7,5,4-2-5,166.8
2026-10-02 17:01:11,20261002,7,5,4-2-6,198.0
2026-10-02 17:01:11,20261002,7,5,4-3-1,367.8
2026-10-02 17:01:11,20261002,7,5,4-3-2,563.2
2026-10-02 17:01:11,20261002,7,5,4-3-5,243.5
2026-10-02 17:01:11,20261002,7,5,4-3-6,310.7
2026-10-02 17:01:11,20261002,7,5,4-5-1,185.8
2026-10-02 17:01:11,20261002,7,5,4-5-2,195.9
2026-10-02 17:01:11,20261002,7,5,4-5-3,286.0
2026-10-02 17:01:11,20261002,7,5,4-5-6,246.9
2026-10-02 17:01:11,20261002,7,5,4-6-1,300.4
2026-10-02 17:01:11,20261002,7,5,4-6-2,257.4
2026-10-02 17:01:11,20261002,7,5,4-6-3,327.7
2026-10-02 17:01:11,20261002,7,5,4-6-5,316.2
2026-10-02 17:01:11,20261002,7,5,5-1-2,50.9
2026-10-02 17:01:11,20261002,7,5,5-1-3,70.1
2026-10-02 17:01:11,20261002,7,5,5-1-4,166.8
2026-10-02 17:01:11,20261002,7,5,5-1-6,86.6
2026-10-02 17:01:11,20261002,7,5,5-2-1,53.9
2026-10-02 17:01:11,20261002,7,5,5-2-3,24.3
2026-10-02 17:01:11,20261002,7,5,5-2-4,109.9
2026-10-02 17:01:11,20261002,7,5,5-2-6,23.4
2026-10-02 17:01:11,20261002,7,5,5-3-1,160.9
2026-10-02 17:01:11,20261002,7,5,5-3-2,80.8
2026-10-02 17:01:11,20261002,7,5,5-3-4,191.7
2026-10-02 17:01:11,20261002,7,5,5-3-6,73.8
2026-10-02 17:01:11,20261002,7,5,5-4-1,195.9
2026-10-02 17:01:11,20261002,7,5,5-4-2,222.5
2026-10-02 17:01:11,20261002,7,5,5-4-3,310.7
2026-10-02 17:01:11,20261002,7,5,5-4-6,195.9
2026-10-02 17:01:11,20261002,7,5,5-6-1,107.2
2026-10-02 17:01:11,20261002,7,5,5-6-2,28.3
2026-10-02 17:01:11,20261002,7,5,5-6-3,44.8
2026-10-02 17:01:11,20261002,7,5,5-6-4,163.8
2026-10-02 17:01:11,20261002,7,5,6-1-2,116.2
2026-10-02 17:01:11,20261002,7,5,6-1-3,400.5
2026-10-02 17:01:11,20261002,7,5,6-1-4,340.0
2026-10-02 17:01:11,20261002,7,5,6-1-5,321.8
2026-10-02 17:01:11,20261002,7,5,6-2-1,165.3
2026-10-02 17:01:11,20261002,7,5,6-2-3,105.4
2026-10-02 17:01:11,20261002,7,5,6-2-4,250.3
2026-10-02 17:01:11,20261002,7,5,6-2-5,62.1
2026-10-02 17:01:11,20261002,7,5,6-3-1,783.6
2026-10-02 17:01:11,20261002,7,5,6-3-2,166.8
2026-10-02 17:01:11,20261002,7,5,6-3-4,305.4
2026-10-02 17:01:11,20261002,7,5,6-3-5,155.3
2026-10-02 17:01:11,20261002,7,5,6-4-1,751.0
2026-10-02 17:01:11,20261002,7,5,6-4-2,600.8
2026-10-02 17:01:11,20261002,7,5,6-4-3,948.6
2026-10-02 17:01:11,20261002,7,5,6-4-5,783.6
2026-10-02 17:01:11,20261002,7,5,6-5-1,243.5
2026-10-02 17:01:11,20261002,7,5,6-5-2,66.5
2026-10-02 17:01:11,20261002,7,5,6-5-3,120.9
2026-10-02 17:01:11,20261002,7,5,6-5-4,290.7
2026-10-02 17:08:41,20261002,19,5,1-2-3,7.5
2026-10-02 17:08:41,20261002,19,5,1-2-4,8.0
2026-10-02 17:08:41,20261002,19,5,1-2-5,33.5
2026-10-02 17:08:41,20261002,19,5,1-2-6,108.3
2026-10-02 17:08:41,20261002,19,5,1-3-2,9.5
2026-10-02 17:08:41,20261002,19,5,1-3-4,7.7
2026-10-02 17:08:41,20261002,19,5,1-3-5,35.8
2026-10-02 17:08:41,20261002,19,5,1-3-6,152.2
2026-10-02 17:08:41,20261002,19,5,1-4-2,12.1
2026-10-02 17:08:41,20261002,19,5,1-4-3,12.6
2026-10-02 17:08:41,20261002,19,5,1-4-5,40.0
2026-10-02 17:08:41,20261002,19,5,1-4-6,128.5
2026-10-02 17:08:41,20261002,19,5,1-5-2,65.8
2026-10-02 17:08:41,20261002,19,5,1-5-3,58.7
2026-10-02 17:08:41,20261002,19,5,1-5-4,71.6
2026-10-02 17:08:41,20261002,19,5,1-5-6,223.8
2026-10-02 17:08:41,20261002,19,5,1-6-2,264.4
2026-10-02 17:08:41,20261002,19,5,1-6-3,418.7
2026-10-02 17:08:41,20261002,19,5,1-6-4,445.7
2026-10-02 17:08:41,20261002,19,5,1-6-5,431.8
2026-10-02 17:08:41,20261002,19,5,2-1-3,36.2
2026-10-02 17:08:41,20261002,19,5,2-1-4,42.8
2026-10-02 17:08:41,20261002,19,5,2-1-5,108.6
2026-10-02 17:08:41,20261002,19,5,2-1-6,303.7
2026-10-02 17:08:41,20261002,19,5,2-3-1,66.2
2026-10-02 17:08:41,20261002,19,5,2-3-4,113.5
2026-10-02 17:08:41,20261002,19,5,2-3-5,189.3
2026-10-02 17:08:41,20261002,19,5,2-3-6,628.1
2026-10-02 17:08:41,20261002,19,5,2-4-1,79.4
2026-10-02 17:08:41,20261002,19,5,2-4-3,132.2
2026-10-02 17:08:41,20261002,19,5,2-4-5,287.9
2026-10-02 17:08:41,20261002,19,5,2-4-6,628.1
2026-10-02 17:08:41,20261002,19,5,2-5-1,197.4
2026-10-02 17:08:41,20261002,19,5,2-5-3,265.7
2026-10-02 17:08:41,20261002,19,5,2-5-4,418.7
2026-10-02 17:08:41,20261002,19,5,2-5-6,906.2
2026-10-02 17:08:41,20261002,19,5,2-6-1,569.8
2026-10-02 17:08:41,20261002,19,5,2-6-3,1535.0
2026-10-02 17:08:41,20261002,19,5,2-6-4,737.0
2026-10-02 17:08:41,20261002,19,5,2-6-5,953.0
2026-10-02 17:08:41,20261002,19,5,3-1-2,45.1
2026-10-02 17:08:41,20261002,19,5,3-1-4,32.8
2026-10-02 17:08:41,20261002,19,5,3-1-5,106.5
2026-10-02 17:08:41,20261002,19,5,3-1-6,233.2
2026-10-02 17:08:41,20261002,19,5,3-2-1,90.3
2026-10-02 17:08:41,20261002,19,5,3-2-4,99.4
2026-10-02 17:08:41,20261002,19,5,3-2-5,240.3
2026-10-02 17:08:41,20261002,19,5,3-2-6,415.6
2026-10-02 17:08:41,20261002,19,5,3-4-1,59.4
2026-10-02 17:08:41,20261002,19,5,3-4-2,89.4
2026-10-02 17:08:41,20261002,19,5,3-4-5,187.3
2026-10-02 17:08:41,20261002,19,5,3-4-6,329.0
2026-10-02 17:08:41,20261002,19,5,3-5-1,205.4
2026-10-02 17:08:41,20261002,19,5,3-5-2,260.7
2026-10-02 17:08:41,20261002,19,5,3-5-4,283.4
2026-10-02 17:08:41,20261002,19,5,3-5-6,614.2
2026-10-02 17:08:41,20261002,19,5,3-6-1,891.5
2026-10-02 17:08:41,20261002,19,5,3-6-2,877.4
2026-10-02 17:08:41,20261002,19,5,3-6-4,863.7
2026-10-02 17:08:41,20261002,19,5,3-6-5,1316.0
2026-10-02 17:08:41,20261002,19,5,4-1-2,49.2
2026-10-02 17:08:41,20261002,19,5,4-1-3,44.9
2026-10-02 17:08:41,20261002,19,5,4-1-5,93.8
2026-10-02 17:08:41,20261002,19,5,4-1-6,221.1
2026-10-02 17:08:41,20261002,19,5,4-2-1,94.6
2026-10-02 17:08:41,20261002,19,5,4-2-3,129.7
2026-10-02 17:08:41,20261002,19,5,4-2-5,236.2
2026-10-02 17:08:41,20261002,19,5,4-2-6,331.0
2026-10-02 17:08:41,20261002,19,5,4-3-1,82.8
2026-10-02 17:08:41,20261002,19,5,4-3-2,119.3
2026-10-02 17:08:41,20261002,19,5,4-3-5,264.4
2026-10-02 17:08:41,20261002,19,5,4-3-6,449.4
2026-10-02 17:08:41,20261002,19,5,4-5-1,143.2
2026-10-02 17:08:41,20261002,19,5,4-5-2,222.8
2026-10-02 17:08:41,20261002,19,5,4-5-3,258.3
2026-10-02 17:08:41,20261002,19,5,4-5-6,366.0
2026-10-02 17:08:41,20261002,19,5,4-6-1,650.3
2026-10-02 17:08:41,20261002,19,5,4-6-2,757.2
2026-10-02 17:08:41,20261002,19,5,4-6-3,863.7
2026-10-02 17:08:41,20261002,19,5,4-6-5,1042.0
2026-10-02 17:08:41,20261002,19,5,5-1-2,110.1
2026-10-02 17:08:41,20261002,19,5,5-1-3,125.3
2026-10-02 17:08:41,20261002,19,5,5-1-4,112.3
2026-10-02 17:08:41,20261002,19,5,5-1-6,239.3
2026-10-02 17:08:41,20261002,19,5,5-2-1,185.4
2026-10-02 17:08:41,20261002,19,5,5-2-3,258.3
2026-10-02 17:08:41,20261002,19,5,5-2-4,201.0
2026-10-02 17:08:41,20261002,19,5,5-2-6,386.5
2026-10-02 17:08:41,20261002,19,5,5-3-1,194.6
2026-10-02 17:08:41,20261002,19,5,5-3-2,302.0
2026-10-02 17:08:41,20261002,19,5,5-3-4,277.7
2026-10-02 17:08:41,20261002,19,5,5-3-6,442.2
2026-10-02 17:08:41,20261002,19,5,5-4-1,176.6
2026-10-02 17:08:41,20261002,19,5,5-4-2,263.2
2026-10-02 17:08:41,20261002,19,5,5-4-3,297.1
2026-10-02 17:08:41,20261002,19,5,5-4-6,418.7
2026-10-02 17:08:41,20261002,19,5,5-6-1,531.5
2026-10-02 17:08:41,20261002,19,5,5-6-2,666.0
2026-10-02 17:08:41,20261002,19,5,5-6-3,674.1
2026-10-02 17:08:41,20261002,19,5,5-6-4,727.3
2026-10-02 17:08:41,20261002,19,5,6-1-2,600.8
2026-10-02 17:08:41,20261002,19,5,6-1-3,1381.0
2026-10-02 17:08:41,20261002,19,5,6-1-4,1494.0
2026-10-02 17:08:41,20261002,19,5,6-1-5,1625.0
2026-10-02 17:08:41,20261002,19,5,6-2-1,1201.0
2026-10-02 17:08:41,20261002,19,5,6-2-3,1675.0
2026-10-02 17:08:41,20261002,19,5,6-2-4,1454.0
2026-10-02 17:08:41,20261002,19,5,6-2-5,1285.0
2026-10-02 17:08:41,20261002,19,5,6-3-1,1842.0
2026-10-02 17:08:41,20261002,19,5,6-3-2,1842.0
2026-10-02 17:08:41,20261002,19,5,6-3-4,1783.0
2026-10-02 17:08:41,20261002,19,5,6-3-5,1625.0
2026-10-02 17:08:41,20261002,19,5,6-4-1,1381.0
2026-10-02 17:08:41,20261002,19,5,6-4-2,1675.0
2026-10-02 17:08:41,20261002,19,5,6-4-3,1842.0
2026-10-02 17:08:41,20261002,19,5,6-4-5,1842.0
2026-10-02 17:08:41,20261002,19,5,6-5-1,2047.0
2026-10-02 17:08:41,20261002,19,5,6-5-2,1454.0
2026-10-02 17:08:41,20261002,19,5,6-5-3,1579.0
2026-10-02 17:08:41,20261002,19,5,6-5-4,1727.0
2026-10-02 17:18:45,20261002,12,6,1-2-3,33.7
2026-10-02 17:18:45,20261002,12,6,1-2-4,5.5
2026-10-02 17:18:45,20261002,12,6,1-2-5,22.8
2026-10-02 17:18:45,20261002,12,6,1-2-6,27.9
2026-10-02 17:18:45,20261002,12,6,1-3-2,109.7
2026-10-02 17:18:45,20261002,12,6,1-3-4,79.7
2026-10-02 17:18:45,20261002,12,6,1-3-5,117.1
2026-10-02 17:18:45,20261002,12,6,1-3-6,261.6
2026-10-02 17:18:45,20261002,12,6,1-4-2,8.5
2026-10-02 17:18:45,20261002,12,6,1-4-3,49.1
2026-10-02 17:18:45,20261002,12,6,1-4-5,31.6
2026-10-02 17:18:45,20261002,12,6,1-4-6,25.4
2026-10-02 17:18:45,20261002,12,6,1-5-2,79.9
2026-10-02 17:18:45,20261002,12,6,1-5-3,127.8
2026-10-02 17:18:45,20261002,12,6,1-5-4,89.1
2026-10-02 17:18:45,20261002,12,6,1-5-6,170.7
2026-10-02 17:18:45,20261002,12,6,1-6-2,90.0
2026-10-02 17:18:45,20261002,12,6,1-6-3,314.5
2026-10-02 17:18:45,20261002,12,6,1-6-4,96.8
2026-10-02 17:18:45,20261002,12,6,1-6-5,222.2
2026-10-02 17:18:45,20261002,12,6,2-1-3,66.0
2026-10-02 17:18:45,20261002,12,6,2-1-4,12.3
2026-10-02 17:18:45,20261002,12,6,2-1-5,37.9
2026-10-02 17:18:45,20261002,12,6,2-1-6,51.7
2026-10-02 17:18:45,20261002,12,6,2-3-1,180.6
2026-10-02 17:18:45,20261002,12,6,2-3-4,207.3
2026-10-02 17:18:45,20261002,12,6,2-3-5,184.1
2026-10-02 17:18:45,20261002,12,6,2-3-6,482.7
2026-10-02 17:18:45,20261002,12,6,2-4-1,19.3
2026-10-02 17:18:45,20261002,12,6,2-4-3,146.5
2026-10-02 17:18:45,20261002,12,6,2-4-5,83.0
2026-10-02 17:18:45,20261002,12,6,2-4-6,52.6
2026-10-02 17:18:45,20261002,12,6,2-5-1,166.6
2026-10-02 17:18:45,20261002,12,6,2-5-3,307.6
2026-10-02 17:18:45,20261002,12,6,2-5-4,184.1
2026-10-02 17:18:45,20261002,12,6,2-5-6,325.5
2026-10-02 17:18:45,20261002,12,6,2-6-1,133.9
2026-10-02 17:18:45,20261002,12,6,2-6-3,571.3
2026-10-02 17:18:45,20261002,12,6,2-6-4,97.5
2026-10-02 17:18:45,20261002,12,6,2-6-5,378.3
2026-10-02 17:18:45,20261002,12,6,3-1-2,249.9
2026-10-02 17:18:45,20261002,12,6,3-1-4,237.2
2026-10-02 17:18:45,20261002,12,6,3-1-5,210.5
2026-10-02 17:18:45,20261002,12,6,3-1-6,378.3
2026-10-02 17:18:45,20261002,12,6,3-2-1,285.6
2026-10-02 17:18:45,20261002,12,6,3-2-4,162.7
2026-10-02 17:18:45,20261002,12,6,3-2-5,243.4
2026-10-02 17:18:45,20261002,12,6,3-2-6,482.7
2026-10-02 17:18:45,20261002,12,6,3-4-1,518.4
2026-10-02 17:18:45,20261002,12,6,3-4-2,259.2
2026-10-02 17:18:45,20261002,12,6,3-4-5,363.6
2026-10-02 17:18:45,20261002,12,6,3-4-6,466.6
2026-10-02 17:18:45,20261002,12,6,3-5-1,368.3
2026-10-02 17:18:45,20261002,12,6,3-5-2,311.0
2026-10-02 17:18:45,20261002,12,6,3-5-4,354.4
2026-10-02 17:18:45,20261002,12,6,3-5-6,965.4
2026-10-02 17:18:45,20261002,12,6,3-6-1,903.1
2026-10-02 17:18:45,20261002,12,6,3-6-2,777.7
2026-10-02 17:18:45,20261002,12,6,3-6-4,756.7
2026-10-02 17:18:45,20261002,12,6,3-6-5,1119.0
2026-10-02 17:18:45,20261002,12,6,4-1-2,19.2
2026-10-02 17:18:45,20261002,12,6,4-1-3,148.1
2026-10-02 17:18:45,20261002,12,6,4-1-5,46.4
2026-10-02 17:18:45,20261002,12,6,4-1-6,57.6
2026-10-02 17:18:45,20261002,12,6,4-2-1,21.0
2026-10-02 17:18:45,20261002,12,6,4-2-3,110.6
2026-10-02 17:18:45,20261002,12,6,4-2-5,67.3
2026-10-02 17:18:45,20261002,12,6,4-2-6,40.9
2026-10-02 17:18:45,20261002,12,6,4-3-1,417.8
2026-10-02 17:18:45,20261002,12,6,4-3-2,225.7
2026-10-02 17:18:45,20261002,12,6,4-3-5,252.2
2026-10-02 17:18:45,20261002,12,6,4-3-6,466.6
2026-10-02 17:18:45,20261002,12,6,4-5-1,76.2
2026-10-02 17:18:45,20261002,12,6,4-5-2,78.4
2026-10-02 17:18:45,20261002,12,6,4-5-3,154.6
2026-10-02 17:18:45,20261002,12,6,4-5-6,97.5
2026-10-02 17:18:45,20261002,12,6,4-6-1,105.2
2026-10-02 17:18:45,20261002,12,6,4-6-2,56.3
2026-10-02 17:18:45,20261002,12,6,4-6-3,368.3
2026-10-02 17:18:45,20261002,12,6,4-6-5,153.8
2026-10-02 17:18:45,20261002,12,6,5-1-2,191.7
2026-10-02 17:18:45,20261002,12,6,5-1-3,388.8
2026-10-02 17:18:45,20261002,12,6,5-1-4,190.4
2026-10-02 17:18:45,20261002,12,6,5-1-6,383.5
2026-10-02 17:18:45,20261002,12,6,5-2-1,241.3
2026-10-02 17:18:45,20261002,12,6,5-2-3,329.3
2026-10-02 17:18:45,20261002,12,6,5-2-4,169.6
2026-10-02 17:18:45,20261002,12,6,5-2-6,430.7
2026-10-02 17:18:45,20261002,12,6,5-3-1,383.5
2026-10-02 17:18:45,20261002,12,6,5-3-2,466.6
2026-10-02 17:18:45,20261002,12,6,5-3-4,337.3
2026-10-02 17:18:45,20261002,12,6,5-3-6,777.7
2026-10-02 17:18:45,20261002,12,6,5-4-1,195.7
2026-10-02 17:18:45,20261002,12,6,5-4-2,207.3
2026-10-02 17:18:45,20261002,12,6,5-4-3,301.0
2026-10-02 17:18:45,20261002,12,6,5-4-6,301.0
2026-10-02 17:18:45,20261002,12,6,5-6-1,717.9
2026-10-02 17:18:45,20261002,12,6,5-6-2,651.1
2026-10-02 17:18:45,20261002,12,6,5-6-3,777.7
2026-10-02 17:18:45,20261002,12,6,5-6-4,451.5
2026-10-02 17:18:45,20261002,12,6,6-1-2,205.8
2026-10-02 17:18:45,20261002,12,6,6-1-3,848.4
2026-10-02 17:18:45,20261002,12,6,6-1-4,417.8
2026-10-02 17:18:45,20261002,12,6,6-1-5,874.9
2026-10-02 17:18:45,20261002,12,6,6-2-1,333.3
2026-10-02 17:18:45,20261002,12,6,6-2-3,636.3
2026-10-02 17:18:45,20261002,12,6,6-2-4,141.4
2026-10-02 17:18:45,20261002,12,6,6-2-5,699.9
2026-10-02 17:18:45,20261002,12,6,6-3-1,933.2
2026-10-02 17:18:45,20261002,12,6,6-3-2,999.9
2026-10-02 17:18:45,20261002,12,6,6-3-4,874.9
2026-10-02 17:18:45,20261002,12,6,6-3-5,1473.0
2026-10-02 17:18:45,20261002,12,6,6-4-1,411.7
2026-10-02 17:18:45,20261002,12,6,6-4-2,159.9
2026-10-02 17:18:45,20261002,12,6,6-4-3,1119.0
2026-10-02 17:18:45,20261002,12,6,6-4-5,777.7
2026-10-02 17:18:45,20261002,12,6,6-5-1,777.7
2026-10-02 17:18:45,20261002,12,6,6-5-2,848.4
2026-10-02 17:18:45,20261002,12,6,6-5-3,999.9
2026-10-02 17:18:45,20261002,12,6,6-5-4,538.4
2026-10-02 17:20:40,20261002,15,6,1-2-3,4.9
2026-10-02 17:20:40,20261002,15,6,1-2-4,27.1
2026-10-02 17:20:40,20261002,15,6,1-2-5,11.4
2026-10-02 17:20:40,20261002,15,6,1-2-6,88.5
2026-10-02 17:20:40,20261002,15,6,1-3-2,5.8
2026-10-02 17:20:40,20261002,15,6,1-3-4,25.0
2026-10-02 17:20:40,20261002,15,6,1-3-5,12.5
2026-10-02 17:20:40,20261002,15,6,1-3-6,97.9
2026-10-02 17:20:40,20261002,15,6,1-4-2,48.1
2026-10-02 17:20:40,20261002,15,6,1-4-3,103.1
2026-10-02 17:20:40,20261002,15,6,1-4-5,55.1
2026-10-02 17:20:40,20261002,15,6,1-4-6,254.0
2026-10-02 17:20:40,20261002,15,6,1-5-2,17.7
2026-10-02 17:20:40,20261002,15,6,1-5-3,20.9
2026-10-02 17:20:40,20261002,15,6,1-5-4,87.2
2026-10-02 17:20:40,20261002,15,6,1-5-6,318.6
2026-10-02 17:20:40,20261002,15,6,1-6-2,199.1
2026-10-02 17:20:40,20261002,15,6,1-6-3,302.1
2026-10-02 17:20:40,20261002,15,6,1-6-4,461.2
2026-10-02 17:20:40,20261002,15,6,1-6-5,625.9
2026-10-02 17:20:40,20261002,15,6,2-1-3,25.5
2026-10-02 17:20:40,20261002,15,6,2-1-4,60.6
2026-10-02 17:20:40,20261002,15,6,2-1-5,42.5
2026-10-02 17:20:40,20261002,15,6,2-1-6,318.6
2026-10-02 17:20:40,20261002,15,6,2-3-1,52.7
2026-10-02 17:20:40,20261002,15,6,2-3-4,143.6
2026-10-02 17:20:40,20261002,15,6,2-3-5,56.1
2026-10-02 17:20:40,20261002,15,6,2-3-6,515.5
2026-10-02 17:20:40,20261002,15,6,2-4-1,194.7
2026-10-02 17:20:40,20261002,15,6,2-4-3,211.1
2026-10-02 17:20:40,20261002,15,6,2-4-5,199.1
2026-10-02 17:20:40,20261002,15,6,2-4-6,625.9
2026-10-02 17:20:40,20261002,15,6,2-5-1,80.7
2026-10-02 17:20:40,20261002,15,6,2-5-3,130.8
2026-10-02 17:20:40,20261002,15,6,2-5-4,261.6
2026-10-02 17:20:40,20261002,15,6,2-5-6,1031.0
2026-10-02 17:20:40,20261002,15,6,2-6-1,438.1
2026-10-02 17:20:40,20261002,15,6,2-6-3,973.7
2026-10-02 17:20:40,20261002,15,6,2-6-4,500.7
2026-10-02 17:20:40,20261002,15,6,2-6-5,486.8
2026-10-02 17:20:40,20261002,15,6,3-1-2,28.3
2026-10-02 17:20:40,20261002,15,6,3-1-4,65.1
2026-10-02 17:20:40,20261002,15,6,3-1-5,34.8
2026-10-02 17:20:40,20261002,15,6,3-1-6,243.4
2026-10-02 17:20:40,20261002,15,6,3-2-1,69.0
2026-10-02 17:20:40,20261002,15,6,3-2-4,104.9
2026-10-02 17:20:40,20261002,15,6,3-2-5,89.8
2026-10-02 17:20:40,20261002,15,6,3-2-6,292.1
2026-10-02 17:20:40,20261002,15,6,3-4-1,91.7
2026-10-02 17:20:40,20261002,15,6,3-4-2,221.8
2026-10-02 17:20:40,20261002,15,6,3-4-5,398.3
2026-10-02 17:20:40,20261002,15,6,3-4-6,337.0
2026-10-02 17:20:40,20261002,15,6,3-5-1,135.8
2026-10-02 17:20:40,20261002,15,6,3-5-2,123.4
2026-10-02 17:20:40,20261002,15,6,3-5-4,269.6
2026-10-02 17:20:40,20261002,15,6,3-5-6,381.0
2026-10-02 17:20:40,20261002,15,6,3-6-1,674.1
2026-10-02 17:20:40,20261002,15,6,3-6-2,547.7
2026-10-02 17:20:40,20261002,15,6,3-6-4,547.7
2026-10-02 17:20:40,20261002,15,6,3-6-5,1251.0
2026-10-02 17:20:40,20261002,15,6,4-1-2,261.6
2026-10-02 17:20:40,20261002,15,6,4-1-3,221.8
2026-10-02 17:20:40,20261002,15,6,4-1-5,127.0
2026-10-02 17:20:40,20261002,15,6,4-1-6,584.2
2026-10-02 17:20:40,20261002,15,6,4-2-1,417.3
2026-10-02 17:20:40,20261002,15,6,4-2-3,381.0
2026-10-02 17:20:40,20261002,15,6,4-2-5,343.6
2026-10-02 17:20:40,20261002,15,6,4-2-6,449.4
2026-10-02 17:20:40,20261002,15,6,4-3-1,273.8
2026-10-02 17:20:40,20261002,15,6,4-3-2,515.5
2026-10-02 17:20:40,20261002,15,6,4-3-5,407.6
2026-10-02 17:20:40,20261002,15,6,4-3-6,461.2
2026-10-02 17:20:40,20261002,15,6,4-5-1,273.8
2026-10-02 17:20:40,20261002,15,6,4-5-2,398.3
2026-10-02 17:20:40,20261002,15,6,4-5-3,547.7
2026-10-02 17:20:40,20261002,15,6,4-5-6,674.1
2026-10-02 17:20:40,20261002,15,6,4-6-1,625.9
2026-10-02 17:20:40,20261002,15,6,4-6-2,674.1
2026-10-02 17:20:40,20261002,15,6,4-6-3,762.0
2026-10-02 17:20:40,20261002,15,6,4-6-5,1168.0
2026-10-02 17:20:40,20261002,15,6,5-1-2,73.9
2026-10-02 17:20:40,20261002,15,6,5-1-3,100.7
2026-10-02 17:20:40,20261002,15,6,5-1-4,224.7
2026-10-02 17:20:40,20261002,15,6,5-1-6,199.1
2026-10-02 17:20:40,20261002,15,6,5-2-1,104.9
2026-10-02 17:20:40,20261002,15,6,5-2-3,128.8
2026-10-02 17:20:40,20261002,15,6,5-2-4,287.3
2026-10-02 17:20:40,20261002,15,6,5-2-6,730.3
2026-10-02 17:20:40,20261002,15,6,5-3-1,128.8
2026-10-02 17:20:40,20261002,15,6,5-3-2,184.5
2026-10-02 17:20:40,20261002,15,6,5-3-4,337.0
2026-10-02 17:20:40,20261002,15,6,5-3-6,438.1
2026-10-02 17:20:40,20261002,15,6,5-4-1,365.1
2026-10-02 17:20:40,20261002,15,6,5-4-2,265.5
2026-10-02 17:20:40,20261002,15,6,5-4-3,604.3
2026-10-02 17:20:40,20261002,15,6,5-4-6,649.1
2026-10-02 17:20:40,20261002,15,6,5-6-1,1251.0
2026-10-02 17:20:40,20261002,15,6,5-6-2,1031.0
2026-10-02 17:20:40,20261002,15,6,5-6-3,649.1
2026-10-02 17:20:40,20261002,15,6,5-6-4,1095.0
2026-10-02 17:20:40,20261002,15,6,6-1-2,233.7
2026-10-02 17:20:40,20261002,15,6,6-1-3,500.7
2026-10-02 17:20:40,20261002,15,6,6-1-4,834.6
2026-10-02 17:20:40,20261002,15,6,6-1-5,922.5
2026-10-02 17:20:40,20261002,15,6,6-2-1,762.0
2026-10-02 17:20:40,20261002,15,6,6-2-3,547.7
2026-10-02 17:20:40,20261002,15,6,6-2-4,762.0
2026-10-02 17:20:40,20261002,15,6,6-2-5,1168.0
2026-10-02 17:20:40,20261002,15,6,6-3-1,1348.0
2026-10-02 17:20:40,20261002,15,6,6-3-2,834.6
2026-10-02 17:20:40,20261002,15,6,6-3-4,1460.0
2026-10-02 17:20:40,20261002,15,6,6-3-5,1348.0
2026-10-02 17:20:40,20261002,15,6,6-4-1,1095.0
2026-10-02 17:20:40,20261002,15,6,6-4-2,1031.0
2026-10-02 17:20:40,20261002,15,6,6-4-3,1752.0
2026-10-02 17:20:40,20261002,15,6,6-4-5,834.6
2026-10-02 17:20:40,20261002,15,6,6-5-1,762.0
2026-10-02 17:20:40,20261002,15,6,6-5-2,1460.0
2026-10-02 17:20:40,20261002,15,6,6-5-3,1095.0
2026-10-02 17:20:40,20261002,15,6,6-5-4,604.3
2026-10-02 17:27:15,20261002,7,6,1-2-3,107.0
2026-10-02 17:27:15,20261002,7,6,1-2-4,41.9
2026-10-02 17:27:15,20261002,7,6,1-2-5,81.5
2026-10-02 17:27:15,20261002,7,6,1-2-6,63.9
2026-10-02 17:27:15,20261002,7,6,1-3-2,135.3
2026-10-02 17:27:15,20261002,7,6,1-3-4,116.3
2026-10-02 17:27:15,20261002,7,6,1-3-5,146.6
2026-10-02 17:27:15,20261002,7,6,1-3-6,174.5
2026-10-02 17:27:15,20261002,7,6,1-4-2,47.3
2026-10-02 17:27:15,20261002,7,6,1-4-3,131.2
2026-10-02 17:27:15,20261002,7,6,1-4-5,63.9
2026-10-02 17:27:15,20261002,7,6,1-4-6,59.7
2026-10-02 17:27:15,20261002,7,6,1-5-2,82.3
2026-10-02 17:27:15,20261002,7,6,1-5-3,122.9
2026-10-02 17:27:15,20261002,7,6,1-5-4,94.8
2026-10-02 17:27:15,20261002,7,6,1-5-6,131.2
2026-10-02 17:27:15,20261002,7,6,1-6-2,103.2
2026-10-02 17:27:15,20261002,7,6,1-6-3,245.8
2026-10-02 17:27:15,20261002,7,6,1-6-4,102.6
2026-10-02 17:27:15,20261002,7,6,1-6-5,122.0
2026-10-02 17:27:15,20261002,7,6,2-1-3,132.2
2026-10-02 17:27:15,20261002,7,6,2-1-4,55.0
2026-10-02 17:27:15,20261002,7,6,2-1-5,75.8
2026-10-02 17:27:15,20261002,7,6,2-1-6,78.6
2026-10-02 17:27:15,20261002,7,6,2-3-1,179.9
2026-10-02 17:27:15,20261002,7,6,2-3-4,99.7
2026-10-02 17:27:15,20261002,7,6,2-3-5,102.0
2026-10-02 17:27:15,20261002,7,6,2-3-6,137.4
2026-10-02 17:27:15,20261002,7,6,2-4-1,53.3
2026-10-02 17:27:15,20261002,7,6,2-4-3,94.3
2026-10-02 17:27:15,20261002,7,6,2-4-5,24.5
2026-10-02 17:27:15,20261002,7,6,2-4-6,25.6
2026-10-02 17:27:15,20261002,7,6,2-5-1,117.1
2026-10-02 17:27:15,20261002,7,6,2-5-3,150.4
2026-10-02 17:27:15,20261002,7,6,2-5-4,55.5
2026-10-02 17:27:15,20261002,7,6,2-5-6,90.4
2026-10-02 17:27:15,20261002,7,6,2-6-1,146.6
2026-10-02 17:27:15,20261002,7,6,2-6-3,300.9
2026-10-02 17:27:15,20261002,7,6,2-6-4,70.0
2026-10-02 17:27:15,20261002,7,6,2-6-5,122.9
2026-10-02 17:27:15,20261002,7,6,3-1-2,181.8
2026-10-02 17:27:15,20261002,7,6,3-1-4,108.4
2026-10-02 17:27:15,20261002,7,6,3-1-5,111.1
2026-10-02 17:27:15,20261002,7,6,3-1-6,202.9
2026-10-02 17:27:15,20261002,7,6,3-2-1,210.2
2026-10-02 17:27:15,20261002,7,6,3-2-4,118.7
2026-10-02 17:27:15,20261002,7,6,3-2-5,164.6
2026-10-02 17:27:15,20261002,7,6,3-2-6,167.8
2026-10-02 17:27:15,20261002,7,6,3-4-1,235.8
2026-10-02 17:27:15,20261002,7,6,3-4-2,160.1
2026-10-02 17:27:15,20261002,7,6,3-4-5,196.1
2026-10-02 17:27:15,20261002,7,6,3-4-6,187.6
2026-10-02 17:27:15,20261002,7,6,3-5-1,205.3
2026-10-02 17:27:15,20261002,7,6,3-5-2,117.9
2026-10-02 17:27:15,20261002,7,6,3-5-4,147.9
2026-10-02 17:27:15,20261002,7,6,3-5-6,264.4
2026-10-02 17:27:15,20261002,7,6,3-6-1,349.0
2026-10-02 17:27:15,20261002,7,6,3-6-2,290.9
2026-10-02 17:27:15,20261002,7,6,3-6-4,311.6
2026-10-02 17:27:15,20261002,7,6,3-6-5,387.8
2026-10-02 17:27:15,20261002,7,6,4-1-2,61.0
2026-10-02 17:27:15,20261002,7,6,4-1-3,141.9
2026-10-02 17:27:15,20261002,7,6,4-1-5,61.0
2026-10-02 17:27:15,20261002,7,6,4-1-6,65.1
2026-10-02 17:27:15,20261002,7,6,4-2-1,60.3
2026-10-02 17:27:15,20261002,7,6,4-2-3,119.5
2026-10-02 17:27:15,20261002,7,6,4-2-5,17.9
2026-10-02 17:27:15,20261002,7,6,4-2-6,21.6
2026-10-02 17:27:15,20261002,7,6,4-3-1,272.7
2026-10-02 17:27:15,20261002,7,6,4-3-2,245.8
2026-10-02 17:27:15,20261002,7,6,4-3-5,136.3
2026-10-02 17:27:15,20261002,7,6,4-3-6,114.0
2026-10-02 17:27:15,20261002,7,6,4-5-1,54.7
2026-10-02 17:27:15,20261002,7,6,4-5-2,19.7
2026-10-02 17:27:15,20261002,7,6,4-5-3,149.1
2026-10-02 17:27:15,20261002,7,6,4-5-6,15.2
2026-10-02 17:27:15,20261002,7,6,4-6-1,86.8
2026-10-02 17:27:15,20261002,7,6,4-6-2,23.4
2026-10-02 17:27:15,20261002,7,6,4-6-3,144.2
2026-10-02 17:27:15,20261002,7,6,4-6-5,22.4
2026-10-02 17:27:15,20261002,7,6,5-1-2,169.4
2026-10-02 17:27:15,20261002,7,6,5-1-3,215.4
2026-10-02 17:27:15,20261002,7,6,5-1-4,121.2
2026-10-02 17:27:15,20261002,7,6,5-1-6,141.9
2026-10-02 17:27:15,20261002,7,6,5-2-1,146.6
2026-10-02 17:27:15,20261002,7,6,5-2-3,196.1
2026-10-02 17:27:15,20261002,7,6,5-2-4,66.1
2026-10-02 17:27:15,20261002,7,6,5-2-6,122.0
2026-10-02 17:27:15,20261002,7,6,5-3-1,342.2
2026-10-02 17:27:15,20261002,7,6,5-3-2,290.9
2026-10-02 17:27:15,20261002,7,6,5-3-4,286.1
2026-10-02 17:27:15,20261002,7,6,5-3-6,264.4
2026-10-02 17:27:15,20261002,7,6,5-4-1,94.8
2026-10-02 17:27:15,20261002,7,6,5-4-2,43.7
2026-10-02 17:27:15,20261002,7,6,5-4-3,215.4
2026-10-02 17:27:15,20261002,7,6,5-4-6,25.8
2026-10-02 17:27:15,20261002,7,6,5-6-1,232.7
2026-10-02 17:27:15,20261002,7,6,5-6-2,137.4
2026-10-02 17:27:15,20261002,7,6,5-6-3,215.4
2026-10-02 17:27:15,20261002,7,6,5-6-4,81.5
2026-10-02 17:27:15,20261002,7,6,6-1-2,109.0
2026-10-02 17:27:15,20261002,7,6,6-1-3,329.3
2026-10-02 17:27:15,20261002,7,6,6-1-4,268.5
2026-10-02 17:27:15,20261002,7,6,6-1-5,379.4
2026-10-02 17:27:15,20261002,7,6,6-2-1,200.6
2026-10-02 17:27:15,20261002,7,6,6-2-3,300.9
2026-10-02 17:27:15,20261002,7,6,6-2-4,105.1
2026-10-02 17:27:15,20261002,7,6,6-2-5,249.3
2026-10-02 17:27:15,20261002,7,6,6-3-1,528.9
2026-10-02 17:27:15,20261002,7,6,6-3-2,545.4
2026-10-02 17:27:15,20261002,7,6,6-3-4,545.4
2026-10-02 17:27:15,20261002,7,6,6-3-5,528.9
2026-10-02 17:27:15,20261002,7,6,6-4-1,272.7
2026-10-02 17:27:15,20261002,7,6,6-4-2,103.8
2026-10-02 17:27:15,20261002,7,6,6-4-3,436.3
2026-10-02 17:27:15,20261002,7,6,6-4-5,51.3
2026-10-02 17:27:15,20261002,7,6,6-5-1,425.7
2026-10-02 17:27:15,20261002,7,6,6-5-2,323.2
2026-10-02 17:27:15,20261002,7,6,6-5-3,513.3
2026-10-02 17:27:15,20261002,7,6,6-5-4,113.3
2026-10-02 17:28:55,20261002,24,1,1-2-3,16.5
2026-10-02 17:28:55,20261002,24,1,1-2-4,34.0
2026-10-02 17:28:55,20261002,24,1,1-2-5,54.3
2026-10-02 17:28:55,20261002,24,1,1-2-6,88.1
2026-10-02 17:28:55,20261002,24,1,1-3-2,41.8
2026-10-02 17:28:55,20261002,24,1,1-3-4,64.1
2026-10-02 17:28:55,20261002,24,1,1-3-5,55.7
2026-10-02 17:28:55,20261002,24,1,1-3-6,131.0
2026-10-02 17:28:55,20261002,24,1,1-4-2,56.9
2026-10-02 17:28:55,20261002,24,1,1-4-3,114.5
2026-10-02 17:28:55,20261002,24,1,1-4-5,48.2
2026-10-02 17:28:55,20261002,24,1,1-4-6,91.2
2026-10-02 17:28:55,20261002,24,1,1-5-2,108.1
2026-10-02 17:28:55,20261002,24,1,1-5-3,89.4
2026-10-02 17:28:55,20261002,24,1,1-5-4,56.2
2026-10-02 17:28:55,20261002,24,1,1-5-6,104.5
2026-10-02 17:28:55,20261002,24,1,1-6-2,148.0
2026-10-02 17:28:55,20261002,24,1,1-6-3,184.1
2026-10-02 17:28:55,20261002,24,1,1-6-4,129.9
2026-10-02 17:28:55,20261002,24,1,1-6-5,163.6
2026-10-02 17:28:55,20261002,24,1,2-1-3,83.8
2026-10-02 17:28:55,20261002,24,1,2-1-4,68.5
2026-10-02 17:28:55,20261002,24,1,2-1-5,111.6
2026-10-02 17:28:55,20261002,24,1,2-1-6,173.7
2026-10-02 17:28:55,20261002,24,1,2-3-1,123.7
2026-10-02 17:28:55,20261002,24,1,2-3-4,52.2
2026-10-02 17:28:55,20261002,24,1,2-3-5,64.5
2026-10-02 17:28:55,20261002,24,1,2-3-6,135.6
2026-10-02 17:28:55,20261002,24,1,2-4-1,126.2
2026-10-02 17:28:55,20261002,24,1,2-4-3,83.3
2026-10-02 17:28:55,20261002,24,1,2-4-5,63.1
2026-10-02 17:28:55,20261002,24,1,2-4-6,107.0
2026-10-02 17:28:55,20261002,24,1,2-5-1,187.4
2026-10-02 17:28:55,20261002,24,1,2-5-3,88.1
2026-10-02 17:28:55,20261002,24,1,2-5-4,76.9
2026-10-02 17:28:55,20261002,24,1,2-5-6,86.4
2026-10-02 17:28:55,20261002,24,1,2-6-1,291.8
2026-10-02 17:28:55,20261002,24,1,2-6-3,289.1
2026-10-02 17:28:55,20261002,24,1,2-6-4,177.7
2026-10-02 17:28:55,20261002,24,1,2-6-5,150.1
2026-10-02 17:28:55,20261002,24,1,3-1-2,113.3
2026-10-02 17:28:55,20261002,24,1,3-1-4,83.3
2026-10-02 17:28:55,20261002,24,1,3-1-5,94.3
2026-10-02 17:28:55,20261002,24,1,3-1-6,183.0
2026-10-02 17:28:55,20261002,24,1,3-2-1,102.7
2026-10-02 17:28:55,20261002,24,1,3-2-4,67.8
2026-10-02 17:28:55,20261002,24,1,3-2-5,63.5
2026-10-02 17:28:55,20261002,24,1,3-2-6,135.0
2026-10-02 17:28:55,20261002,24,1,3-4-1,117.6
2026-10-02 17:28:55,20261002,24,1,3-4-2,92.6
2026-10-02 17:28:55,20261002,24,1,3-4-5,40.5
2026-10-02 17:28:55,20261002,24,1,3-4-6,55.4
2026-10-02 17:28:55,20261002,24,1,3-5-1,146.6
2026-10-02 17:28:55,20261002,24,1,3-5-2,87.1
2026-10-02 17:28:55,20261002,24,1,3-5-4,37.5
2026-10-02 17:28:55,20261002,24,1,3-5-6,74.0
2026-10-02 17:28:55,20261002,24,1,3-6-1,300.3
2026-10-02 17:28:55,20261002,24,1,3-6-2,251.5
2026-10-02 17:28:55,20261002,24,1,3-6-4,94.0
2026-10-02 17:28:55,20261002,24,1,3-6-5,142.5
2026-10-02 17:28:55,20261002,24,1,4-1-2,118.5
2026-10-02 17:28:55,20261002,24,1,4-1-3,153.9
2026-10-02 17:28:55,20261002,24,1,4-1-5,99.7
2026-10-02 17:28:55,20261002,24,1,4-1-6,133.3
2026-10-02 17:28:55,20261002,24,1,4-2-1,150.9
2026-10-02 17:28:55,20261002,24,1,4-2-3,94.6
2026-10-02 17:28:55,20261002,24,1,4-2-5,60.7
2026-10-02 17:28:55,20261002,24,1,4-2-6,103.8
2026-10-02 17:28:55,20261002,24,1,4-3-1,148.0
2026-10-02 17:28:55,20261002,24,1,4-3-2,112.4
2026-10-02 17:28:55,20261002,24,1,4-3-5,72.9
2026-10-02 17:28:55,20261002,24,1,4-3-6,84.5
2026-10-02 17:28:55,20261002,24,1,4-5-1,66.3
2026-10-02 17:28:55,20261002,24,1,4-5-2,48.1
2026-10-02 17:28:55,20261002,24,1,4-5-3,53.0
2026-10-02 17:28:55,20261002,24,1,4-5-6,24.5
2026-10-02 17:28:55,20261002,24,1,4-6-1,148.7
2026-10-02 17:28:55,20261002,24,1,4-6-2,130.5
2026-10-02 17:28:55,20261002,24,1,4-6-3,102.7
2026-10-02 17:28:55,20261002,24,1,4-6-5,52.9
2026-10-02 17:28:55,20261002,24,1,5-1-2,142.5
2026-10-02 17:28:55,20261002,24,1,5-1-3,141.9
2026-10-02 17:28:55,20261002,24,1,5-1-4,110.8
2026-10-02 17:28:55,20261002,24,1,5-1-6,120.8
2026-10-02 17:28:55,20261002,24,1,5-2-1,170.9
2026-10-02 17:28:55,20261002,24,1,5-2-3,100.7
2026-10-02 17:28:55,20261002,24,1,5-2-4,69.5
2026-10-02 17:28:55,20261002,24,1,5-2-6,86.8
2026-10-02 17:28:55,20261002,24,1,5-3-1,126.2
2026-10-02 17:28:55,20261002,24,1,5-3-2,110.8
2026-10-02 17:28:55,20261002,24,1,5-3-4,46.1
2026-10-02 17:28:55,20261002,24,1,5-3-6,101.7
2026-10-02 17:28:55,20261002,24,1,5-4-1,99.1
2026-10-02 17:28:55,20261002,24,1,5-4-2,70.6
2026-10-02 17:28:55,20261002,24,1,5-4-3,56.2
2026-10-02 17:28:55,20261002,24,1,5-4-6,39.6
2026-10-02 17:28:55,20261002,24,1,5-6-1,140.6
2026-10-02 17:28:55,20261002,24,1,5-6-2,101.4
2026-10-02 17:28:55,20261002,24,1,5-6-3,110.0
2026-10-02 17:28:55,20261002,24,1,5-6-4,55.6
2026-10-02 17:28:55,20261002,24,1,6-1-2,172.8
2026-10-02 17:28:55,20261002,24,1,6-1-3,355.5
2026-10-02 17:28:55,20261002,24,1,6-1-4,325.6
2026-10-02 17:28:55,20261002,24,1,6-1-5,309.3
2026-10-02 17:28:55,20261002,24,1,6-2-1,329.0
2026-10-02 17:28:55,20261002,24,1,6-2-3,276.2
2026-10-02 17:28:55,20261002,24,1,6-2-4,203.5
2026-10-02 17:28:55,20261002,24,1,6-2-5,170.9
2026-10-02 17:28:55,20261002,24,1,6-3-1,377.2
2026-10-02 17:28:55,20261002,24,1,6-3-2,294.6
2026-10-02 17:28:55,20261002,24,1,6-3-4,118.5
2026-10-02 17:28:55,20261002,24,1,6-3-5,251.5
2026-10-02 17:28:55,20261002,24,1,6-4-1,276.2
2026-10-02 17:28:55,20261002,24,1,6-4-2,189.7
2026-10-02 17:28:55,20261002,24,1,6-4-3,123.7
2026-10-02 17:28:55,20261002,24,1,6-4-5,94.8
2026-10-02 17:28:55,20261002,24,1,6-5-1,300.3
2026-10-02 17:28:55,20261002,24,1,6-5-2,179.8
2026-10-02 17:28:55,20261002,24,1,6-5-3,209.0
2026-10-02 17:28:55,20261002,24,1,6-5-4,97.8
2026-10-02 17:34:19,20261002,19,6,1-2-3,29.1
2026-10-02 17:34:19,20261002,19,6,1-2-4,30.3
2026-10-02 17:34:19,20261002,19,6,1-2-5,14.3
2026-10-02 17:34:19,20261002,19,6,1-2-6,138.3
2026-10-02 17:34:19,20261002,19,6,1-3-2,29.5
2026-10-02 17:34:19,20261002,19,6,1-3-4,20.4
2026-10-02 17:34:19,20261002,19,6,1-3-5,10.8
2026-10-02 17:34:19,20261002,19,6,1-3-6,183.7
2026-10-02 17:34:19,20261002,19,6,1-4-2,32.2
2026-10-02 17:34:19,20261002,19,6,1-4-3,27.9
2026-10-02 17:34:19,20261002,19,6,1-4-5,13.7
2026-10-02 17:34:19,20261002,19,6,1-4-6,204.2
2026-10-02 17:34:19,20261002,19,6,1-5-2,14.2
2026-10-02 17:34:19,20261002,19,6,1-5-3,9.8
2026-10-02 17:34:19,20261002,19,6,1-5-4,10.7
2026-10-02 17:34:19,20261002,19,6,1-5-6,108.7
2026-10-02 17:34:19,20261002,19,6,1-6-2,296.2
2026-10-02 17:34:19,20261002,19,6,1-6-3,433.7
2026-10-02 17:34:19,20261002,19,6,1-6-4,506.8
2026-10-02 17:34:19,20261002,19,6,1-6-5,321.1
2026-10-02 17:34:19,20261002,19,6,2-1-3,98.2
2026-10-02 17:34:19,20261002,19,6,2-1-4,116.8
2026-10-02 17:34:19,20261002,19,6,2-1-5,59.5
2026-10-02 17:34:19,20261002,19,6,2-1-6,326.1
2026-10-02 17:34:19,20261002,19,6,2-3-1,198.4
2026-10-02 17:34:19,20261002,19,6,2-3-4,251.9
2026-10-02 17:34:19,20261002,19,6,2-3-5,136.5
2026-10-02 17:34:19,20261002,19,6,2-3-6,609.6
2026-10-02 17:34:19,20261002,19,6,2-4-1,185.3
2026-10-02 17:34:19,20261002,19,6,2-4-3,298.3
2026-10-02 17:34:19,20261002,19,6,2-4-5,232.4
2026-10-02 17:34:19,20261002,19,6,2-4-6,725.3
2026-10-02 17:34:19,20261002,19,6,2-5-1,79.6
2026-10-02 17:34:19,20261002,19,6,2-5-3,156.9
2026-10-02 17:34:19,20261002,19,6,2-5-4,207.2
2026-10-02 17:34:19,20261002,19,6,2-5-6,600.9
2026-10-02 17:34:19,20261002,19,6,2-6-1,609.6
2026-10-02 17:34:19,20261002,19,6,2-6-3,1237.0
2026-10-02 17:34:19,20261002,19,6,2-6-4,637.4
2026-10-02 17:34:19,20261002,19,6,2-6-5,779.0
2026-10-02 17:34:19,20261002,19,6,3-1-2,135.2
2026-10-02 17:34:19,20261002,19,6,3-1-4,75.2
2026-10-02 17:34:19,20261002,19,6,3-1-5,41.9
2026-10-02 17:34:19,20261002,19,6,3-1-6,321.1
2026-10-02 17:34:19,20261002,19,6,3-2-1,197.5
2026-10-02 17:34:19,20261002,19,6,3-2-4,168.2
2026-10-02 17:34:19,20261002,19,6,3-2-5,146.5
2026-10-02 17:34:19,20261002,19,6,3-2-6,442.8
2026-10-02 17:34:19,20261002,19,6,3-4-1,140.2
2026-10-02 17:34:19,20261002,19,6,3-4-2,259.6
2026-10-02 17:34:19,20261002,19,6,3-4-5,117.5
2026-10-02 17:34:19,20261002,19,6,3-4-6,429.2
2026-10-02 17:34:19,20261002,19,6,3-5-1,54.9
2026-10-02 17:34:19,20261002,19,6,3-5-2,110.7
2026-10-02 17:34:19,20261002,19,6,3-5-4,90.4
2026-10-02 17:34:19,20261002,19,6,3-5-6,400.6
2026-10-02 17:34:19,20261002,19,6,3-6-1,895.0
2026-10-02 17:34:19,20261002,19,6,3-6-2,751.2
2026-10-02 17:34:19,20261002,19,6,3-6-4,701.1
2026-10-02 17:34:19,20261002,19,6,3-6-5,895.0
2026-10-02 17:34:19,20261002,19,6,4-1-2,137.9
2026-10-02 17:34:19,20261002,19,6,4-1-3,99.9
2026-10-02 17:34:19,20261002,19,6,4-1-5,52.3
2026-10-02 17:34:19,20261002,19,6,4-1-6,344.8
2026-10-02 17:34:19,20261002,19,6,4-2-1,198.4
2026-10-02 17:34:19,20261002,19,6,4-2-3,318.7
2026-10-02 17:34:19,20261002,19,6,4-2-5,236.3
2026-10-02 17:34:19,20261002,19,6,4-2-6,342.0
2026-10-02 17:34:19,20261002,19,6,4-3-1,197.5
2026-10-02 17:34:19,20261002,19,6,4-3-2,362.6
2026-10-02 17:34:19,20261002,19,6,4-3-5,148.6
2026-10-02 17:34:19,20261002,19,6,4-3-6,429.2
2026-10-02 17:34:19,20261002,19,6,4-5-1,65.0
2026-10-02 17:34:19,20261002,19,6,4-5-2,171.7
2026-10-02 17:34:19,20261002,19,6,4-5-3,113.0
2026-10-02 17:34:19,20261002,19,6,4-5-6,298.3
2026-10-02 17:34:19,20261002,19,6,4-6-1,657.3
2026-10-02 17:34:19,20261002,19,6,4-6-2,667.7
2026-10-02 17:34:19,20261002,19,6,4-6-3,689.6
2026-10-02 17:34:19,20261002,19,6,4-6-5,779.0
2026-10-02 17:34:19,20261002,19,6,5-1-2,40.0
2026-10-02 17:34:19,20261002,19,6,5-1-3,25.9
2026-10-02 17:34:19,20261002,19,6,5-1-4,27.8
2026-10-02 17:34:19,20261002,19,6,5-1-6,158.7
2026-10-02 17:34:19,20261002,19,6,5-2-1,82.3
2026-10-02 17:34:19,20261002,19,6,5-2-3,130.2
2026-10-02 17:34:19,20261002,19,6,5-2-4,170.3
2026-10-02 17:34:19,20261002,19,6,5-2-6,467.4
2026-10-02 17:34:19,20261002,19,6,5-3-1,57.9
2026-10-02 17:34:19,20261002,19,6,5-3-2,125.2
2026-10-02 17:34:19,20261002,19,6,5-3-4,113.0
2026-10-02 17:34:19,20261002,19,6,5-3-6,462.2
2026-10-02 17:34:19,20261002,19,6,5-4-1,64.6
2026-10-02 17:34:19,20261002,19,6,5-4-2,155.2
2026-10-02 17:34:19,20261002,19,6,5-4-3,108.9
2026-10-02 17:34:19,20261002,19,6,5-4-6,321.1
2026-10-02 17:34:19,20261002,19,6,5-6-1,447.5
2026-10-02 17:34:19,20261002,19,6,5-6-2,738.0
2026-10-02 17:34:19,20261002,19,6,5-6-3,678.5
2026-10-02 17:34:19,20261002,19,6,5-6-4,858.5
2026-10-02 17:34:19,20261002,19,6,6-1-2,350.5
2026-10-02 17:34:19,20261002,19,6,6-1-3,568.5
2026-10-02 17:34:19,20261002,19,6,6-1-4,689.6
2026-10-02 17:34:19,20261002,19,6,6-1-5,657.3
2026-10-02 17:34:19,20261002,19,6,6-2-1,956.1
2026-10-02 17:34:19,20261002,19,6,6-2-3,978.3
2026-10-02 17:34:19,20261002,19,6,6-2-4,1026.0
2026-10-02 17:34:19,20261002,19,6,6-2-5,1168.0
2026-10-02 17:34:19,20261002,19,6,6-3-1,1357.0
2026-10-02 17:34:19,20261002,19,6,6-3-2,1237.0
2026-10-02 17:34:19,20261002,19,6,6-3-4,1107.0
2026-10-02 17:34:19,20261002,19,6,6-3-5,1314.0
2026-10-02 17:34:19,20261002,19,6,6-4-1,1001.0
2026-10-02 17:34:19,20261002,19,6,6-4-2,1314.0
2026-10-02 17:34:19,20261002,19,6,6-4-3,1558.0
2026-10-02 17:34:19,20261002,19,6,6-4-5,1078.0
2026-10-02 17:34:19,20261002,19,6,6-5-1,764.8
2026-10-02 17:34:19,20261002,19,6,6-5-2,1107.0
2026-10-02 17:34:19,20261002,19,6,6-5-3,1078.0
2026-10-02 17:34:19,20261002,19,6,6-5-4,1274.0
2026-10-02 17:40:41,20261002,12,7,1-2-3,15.5
2026-10-02 17:40:41,20261002,12,7,1-2-4,24.3
2026-10-02 17:40:41,20261002,12,7,1-2-5,52.5
2026-10-02 17:40:41,20261002,12,7,1-2-6,51.9
2026-10-02 17:40:41,20261002,12,7,1-3-2,22.9
2026-10-02 17:40:41,20261002,12,7,1-3-4,56.7
2026-10-02 17:40:41,20261002,12,7,1-3-5,76.4
2026-10-02 17:40:41,20261002,12,7,1-3-6,151.4
2026-10-02 17:40:41,20261002,12,7,1-4-2,66.2
2026-10-02 17:40:41,20261002,12,7,1-4-3,79.4
2026-10-02 17:40:41,20261002,12,7,1-4-5,105.5
2026-10-02 17:40:41,20261002,12,7,1-4-6,91.8
2026-10-02 17:40:41,20261002,12,7,1-5-2,110.5
2026-10-02 17:40:41,20261002,12,7,1-5-3,95.1
2026-10-02 17:40:41,20261002,12,7,1-5-4,157.2
2026-10-02 17:40:41,20261002,12,7,1-5-6,333.8
2026-10-02 17:40:41,20261002,12,7,1-6-2,165.2
2026-10-02 17:40:41,20261002,12,7,1-6-3,277.2
2026-10-02 17:40:41,20261002,12,7,1-6-4,194.7
2026-10-02 17:40:41,20261002,12,7,1-6-5,371.7
2026-10-02 17:40:41,20261002,12,7,2-1-3,10.0
2026-10-02 17:40:41,20261002,12,7,2-1-4,18.3
2026-10-02 17:40:41,20261002,12,7,2-1-5,37.1
2026-10-02 17:40:41,20261002,12,7,2-1-6,51.6
2026-10-02 17:40:41,20261002,12,7,2-3-1,12.0
2026-10-02 17:40:41,20261002,12,7,2-3-4,14.3
2026-10-02 17:40:41,20261002,12,7,2-3-5,28.3
2026-10-02 17:40:41,20261002,12,7,2-3-6,75.3
2026-10-02 17:40:41,20261002,12,7,2-4-1,27.9
2026-10-02 17:40:41,20261002,12,7,2-4-3,25.5
2026-10-02 17:40:41,20261002,12,7,2-4-5,57.8
2026-10-02 17:40:41,20261002,12,7,2-4-6,61.7
2026-10-02 17:40:41,20261002,12,7,2-5-1,99.1
2026-10-02 17:40:41,20261002,12,7,2-5-3,79.0
2026-10-02 17:40:41,20261002,12,7,2-5-4,131.9
2026-10-02 17:40:41,20261002,12,7,2-5-6,199.4
2026-10-02 17:40:41,20261002,12,7,2-6-1,120.2
2026-10-02 17:40:41,20261002,12,7,2-6-3,179.7
2026-10-02 17:40:41,20261002,12,7,2-6-4,125.8
2026-10-02 17:40:41,20261002,12,7,2-6-5,282.0
2026-10-02 17:40:41,20261002,12,7,3-1-2,31.6
2026-10-02 17:40:41,20261002,12,7,3-1-4,98.5
2026-10-02 17:40:41,20261002,12,7,3-1-5,84.7
2026-10-02 17:40:41,20261002,12,7,3-1-6,125.8
2026-10-02 17:40:41,20261002,12,7,3-2-1,34.6
2026-10-02 17:40:41,20261002,12,7,3-2-4,25.6
2026-10-02 17:40:41,20261002,12,7,3-2-5,63.6
2026-10-02 17:40:41,20261002,12,7,3-2-6,144.7
2026-10-02 17:40:41,20261002,12,7,3-4-1,185.8
2026-10-02 17:40:41,20261002,12,7,3-4-2,89.8
2026-10-02 17:40:41,20261002,12,7,3-4-5,218.1
2026-10-02 17:40:41,20261002,12,7,3-4-6,212.4
2026-10-02 17:40:41,20261002,12,7,3-5-1,168.6
2026-10-02 17:40:41,20261002,12,7,3-5-2,120.2
2026-10-02 17:40:41,20261002,12,7,3-5-4,327.1
2026-10-02 17:40:41,20261002,12,7,3-5-6,454.3
2026-10-02 17:40:41,20261002,12,7,3-6-1,467.3
2026-10-02 17:40:41,20261002,12,7,3-6-2,308.6
2026-10-02 17:40:41,20261002,12,7,3-6-4,481.1
2026-10-02 17:40:41,20261002,12,7,3-6-5,743.5
2026-10-02 17:40:41,20261002,12,7,4-1-2,127.7
2026-10-02 17:40:41,20261002,12,7,4-1-3,146.0
2026-10-02 17:40:41,20261002,12,7,4-1-5,87.9
2026-10-02 17:40:41,20261002,12,7,4-1-6,109.7
2026-10-02 17:40:41,20261002,12,7,4-2-1,120.2
2026-10-02 17:40:41,20261002,12,7,4-2-3,82.6
2026-10-02 17:40:41,20261002,12,7,4-2-5,174.0
2026-10-02 17:40:41,20261002,12,7,4-2-6,117.6
2026-10-02 17:40:41,20261002,12,7,4-3-1,263.8
2026-10-02 17:40:41,20261002,12,7,4-3-2,99.7
2026-10-02 17:40:41,20261002,12,7,4-3-5,244.1
2026-10-02 17:40:41,20261002,12,7,4-3-6,340.7
2026-10-02 17:40:41,20261002,12,7,4-5-1,154.3
2026-10-02 17:40:41,20261002,12,7,4-5-2,224.0
2026-10-02 17:40:41,20261002,12,7,4-5-3,277.2
2026-10-02 17:40:41,20261002,12,7,4-5-6,251.6
2026-10-02 17:40:41,20261002,12,7,4-6-1,259.6
2026-10-02 17:40:41,20261002,12,7,4-6-2,175.8
2026-10-02 17:40:41,20261002,12,7,4-6-3,389.4
2026-10-02 17:40:41,20261002,12,7,4-6-5,286.9
2026-10-02 17:40:41,20261002,12,7,5-1-2,292.0
2026-10-02 17:40:41,20261002,12,7,5-1-3,212.4
2026-10-02 17:40:41,20261002,12,7,5-1-4,197.0
2026-10-02 17:40:41,20261002,12,7,5-1-6,302.9
2026-10-02 17:40:41,20261002,12,7,5-2-1,297.4
2026-10-02 17:40:41,20261002,12,7,5-2-3,165.2
2026-10-02 17:40:41,20261002,12,7,5-2-4,177.7
2026-10-02 17:40:41,20261002,12,7,5-2-6,371.7
2026-10-02 17:40:41,20261002,12,7,5-3-1,221.0
2026-10-02 17:40:41,20261002,12,7,5-3-2,175.8
2026-10-02 17:40:41,20261002,12,7,5-3-4,371.7
2026-10-02 17:40:41,20261002,12,7,5-3-6,467.3
2026-10-02 17:40:41,20261002,12,7,5-4-1,221.0
2026-10-02 17:40:41,20261002,12,7,5-4-2,286.9
2026-10-02 17:40:41,20261002,12,7,5-4-3,398.9
2026-10-02 17:40:41,20261002,12,7,5-4-6,297.4
2026-10-02 17:40:41,20261002,12,7,5-6-1,711.1
2026-10-02 17:40:41,20261002,12,7,5-6-2,817.8
2026-10-02 17:40:41,20261002,12,7,5-6-3,511.1
2026-10-02 17:40:41,20261002,12,7,5-6-4,454.3
2026-10-02 17:40:41,20261002,12,7,6-1-2,161.9
2026-10-02 17:40:41,20261002,12,7,6-1-3,495.6
2026-10-02 17:40:41,20261002,12,7,6-1-4,564.0
2026-10-02 17:40:41,20261002,12,7,6-1-5,654.3
2026-10-02 17:40:41,20261002,12,7,6-2-1,314.5
2026-10-02 17:40:41,20261002,12,7,6-2-3,340.7
2026-10-02 17:40:41,20261002,12,7,6-2-4,340.7
2026-10-02 17:40:41,20261002,12,7,6-2-5,681.5
2026-10-02 17:40:41,20261002,12,7,6-3-1,511.1
2026-10-02 17:40:41,20261002,12,7,6-3-2,467.3
2026-10-02 17:40:41,20261002,12,7,6-3-4,527.6
2026-10-02 17:40:41,20261002,12,7,6-3-5,908.7
2026-10-02 17:40:41,20261002,12,7,6-4-1,442.0
2026-10-02 17:40:41,20261002,12,7,6-4-2,348.0
2026-10-02 17:40:41,20261002,12,7,6-4-3,430.4
2026-10-02 17:40:41,20261002,12,7,6-4-5,1363.0
2026-10-02 17:40:41,20261002,12,7,6-5-1,681.5
2026-10-02 17:40:41,20261002,12,7,6-5-2,860.9
2026-10-02 17:40:41,20261002,12,7,6-5-3,605.8
2026-10-02 17:40:41,20261002,12,7,6-5-4,860.9
2026-10-02 17:47:31,20261002,15,7,1-2-3,5.5
2026-10-02 17:47:31,20261002,15,7,1-2-4,5.6
2026-10-02 17:47:31,20261002,15,7,1-2-5,11.7
2026-10-02 17:47:31,20261002,15,7,1-2-6,15.9
2026-10-02 17:47:31,20261002,15,7,1-3-2,13.1
2026-10-02 17:47:31,20261002,15,7,1-3-4,24.7
2026-10-02 17:47:31,20261002,15,7,1-3-5,46.7
2026-10-02 17:47:31,20261002,15,7,1-3-6,69.8
2026-10-02 17:47:31,20261002,15,7,1-4-2,18.6
2026-10-02 17:47:31,20261002,15,7,1-4-3,75.8
2026-10-02 17:47:31,20261002,15,7,1-4-5,61.4
2026-10-02 17:47:31,20261002,15,7,1-4-6,60.9
2026-10-02 17:47:31,20261002,15,7,1-5-2,38.1
2026-10-02 17:47:31,20261002,15,7,1-5-3,73.0
2026-10-02 17:47:31,20261002,15,7,1-5-4,87.9
2026-10-02 17:47:31,20261002,15,7,1-5-6,120.2
2026-10-02 17:47:31,20261002,15,7,1-6-2,79.7
2026-10-02 17:47:31,20261002,15,7,1-6-3,98.2
2026-10-02 17:47:31,20261002,15,7,1-6-4,188.0
2026-10-02 17:47:31,20261002,15,7,1-6-5,167.9
2026-10-02 17:47:31,20261002,15,7,2-1-3,26.2
2026-10-02 17:47:31,20261002,15,7,2-1-4,28.0
2026-10-02 17:47:31,20261002,15,7,2-1-5,48.6
2026-10-02 17:47:31,20261002,15,7,2-1-6,50.4
2026-10-02 17:47:31,20261002,15,7,2-3-1,94.0
2026-10-02 17:47:31,20261002,15,7,2-3-4,138.3
2026-10-02 17:47:31,20261002,15,7,2-3-5,186.4
2026-10-02 17:47:31,20261002,15,7,2-3-6,314.2
2026-10-02 17:47:31,20261002,15,7,2-4-1,94.8
2026-10-02 17:47:31,20261002,15,7,2-4-3,169.2
2026-10-02 17:47:31,20261002,15,7,2-4-5,174.5
2026-10-02 17:47:31,20261002,15,7,2-4-6,222.2
2026-10-02 17:47:31,20261002,15,7,2-5-1,170.5
2026-10-02 17:47:31,20261002,15,7,2-5-3,282.0
2026-10-02 17:47:31,20261002,15,7,2-5-4,297.2
2026-10-02 17:47:31,20261002,15,7,2-5-6,415.0
2026-10-02 17:47:31,20261002,15,7,2-6-1,219.9
2026-10-02 17:47:31,20261002,15,7,2-6-3,578.9
2026-10-02 17:47:31,20261002,15,7,2-6-4,301.3
2026-10-02 17:47:31,20261002,15,7,2-6-5,439.9
2026-10-02 17:47:31,20261002,15,7,3-1-2,118.2
2026-10-02 17:47:31,20261002,15,7,3-1-4,118.2
2026-10-02 17:47:31,20261002,15,7,3-1-5,107.3
2026-10-02 17:47:31,20261002,15,7,3-1-6,130.1
2026-10-02 17:47:31,20261002,15,7,3-2-1,188.0
2026-10-02 17:47:31,20261002,15,7,3-2-4,127.8
2026-10-02 17:47:31,20261002,15,7,3-2-5,255.7
2026-10-02 17:47:31,20261002,15,7,3-2-6,293.3
2026-10-02 17:47:31,20261002,15,7,3-4-1,170.5
2026-10-02 17:47:31,20261002,15,7,3-4-2,261.8
2026-10-02 17:47:31,20261002,15,7,3-4-5,423.0
2026-10-02 17:47:31,20261002,15,7,3-4-6,309.8
2026-10-02 17:47:31,20261002,15,7,3-5-1,366.6
2026-10-02 17:47:31,20261002,15,7,3-5-2,252.8
2026-10-02 17:47:31,20261002,15,7,3-5-4,415.0
2026-10-02 17:47:31,20261002,15,7,3-5-6,611.0
2026-10-02 17:47:31,20261002,15,7,3-6-1,241.7
2026-10-02 17:47:31,20261002,15,7,3-6-2,523.7
2026-10-02 17:47:31,20261002,15,7,3-6-4,594.5
2026-10-02 17:47:31,20261002,15,7,3-6-5,1374.0
2026-10-02 17:47:31,20261002,15,7,4-1-2,61.1
2026-10-02 17:47:31,20261002,15,7,4-1-3,102.3
2026-10-02 17:47:31,20261002,15,7,4-1-5,76.9
2026-10-02 17:47:31,20261002,15,7,4-1-6,104.2
2026-10-02 17:47:31,20261002,15,7,4-2-1,95.6
2026-10-02 17:47:31,20261002,15,7,4-2-3,261.8
2026-10-02 17:47:31,20261002,15,7,4-2-5,170.5
2026-10-02 17:47:31,20261002,15,7,4-2-6,265.0
2026-10-02 17:47:31,20261002,15,7,4-3-1,207.5
2026-10-02 17:47:31,20261002,15,7,4-3-2,360.6
2026-10-02 17:47:31,20261002,15,7,4-3-5,372.8
2026-10-02 17:47:31,20261002,15,7,4-3-6,392.8
2026-10-02 17:47:31,20261002,15,7,4-5-1,173.2
2026-10-02 17:47:31,20261002,15,7,4-5-2,203.6
2026-10-02 17:47:31,20261002,15,7,4-5-3,343.7
2026-10-02 17:47:31,20261002,15,7,4-5-6,349.1
2026-10-02 17:47:31,20261002,15,7,4-6-1,392.8
2026-10-02 17:47:31,20261002,15,7,4-6-2,415.0
2026-10-02 17:47:31,20261002,15,7,4-6-3,549.9
2026-10-02 17:47:31,20261002,15,7,4-6-5,785.6
2026-10-02 17:47:31,20261002,15,7,5-1-2,169.2
2026-10-02 17:47:31,20261002,15,7,5-1-3,265.0
2026-10-02 17:47:31,20261002,15,7,5-1-4,244.4
2026-10-02 17:47:31,20261002,15,7,5-1-6,191.2
2026-10-02 17:47:31,20261002,15,7,5-2-1,265.0
2026-10-02 17:47:31,20261002,15,7,5-2-3,274.9
2026-10-02 17:47:31,20261002,15,7,5-2-4,271.5
2026-10-02 17:47:31,20261002,15,7,5-2-6,488.8
2026-10-02 17:47:31,20261002,15,7,5-3-1,366.6
2026-10-02 17:47:31,20261002,15,7,5-3-2,478.2
2026-10-02 17:47:31,20261002,15,7,5-3-4,578.9
2026-10-02 17:47:31,20261002,15,7,5-3-6,785.6
2026-10-02 17:47:31,20261002,15,7,5-4-1,407.3
2026-10-02 17:47:31,20261002,15,7,5-4-2,289.4
2026-10-02 17:47:31,20261002,15,7,5-4-3,687.4
2026-10-02 17:47:31,20261002,15,7,5-4-6,666.6
2026-10-02 17:47:31,20261002,15,7,5-6-1,785.6
2026-10-02 17:47:31,20261002,15,7,5-6-2,846.0
2026-10-02 17:47:31,20261002,15,7,5-6-3,785.6
2026-10-02 17:47:31,20261002,15,7,5-6-4,758.5
2026-10-02 17:47:31,20261002,15,7,6-1-2,166.6
2026-10-02 17:47:31,20261002,15,7,6-1-3,239.1
2026-10-02 17:47:31,20261002,15,7,6-1-4,564.0
2026-10-02 17:47:31,20261002,15,7,6-1-5,879.9
2026-10-02 17:47:31,20261002,15,7,6-2-1,314.2
2026-10-02 17:47:31,20261002,15,7,6-2-3,578.9
2026-10-02 17:47:31,20261002,15,7,6-2-4,564.0
2026-10-02 17:47:31,20261002,15,7,6-2-5,733.2
2026-10-02 17:47:31,20261002,15,7,6-3-1,323.5
2026-10-02 17:47:31,20261002,15,7,6-3-2,846.0
2026-10-02 17:47:31,20261002,15,7,6-3-4,846.0
2026-10-02 17:47:31,20261002,15,7,6-3-5,1374.0
2026-10-02 17:47:31,20261002,15,7,6-4-1,785.6
2026-10-02 17:47:31,20261002,15,7,6-4-2,1099.0
2026-10-02 17:47:31,20261002,15,7,6-4-3,1294.0
2026-10-02 17:47:31,20261002,15,7,6-4-5,1571.0
2026-10-02 17:47:31,20261002,15,7,6-5-1,1047.0
2026-10-02 17:47:31,20261002,15,7,6-5-2,879.9
2026-10-02 17:47:31,20261002,15,7,6-5-3,1099.0
2026-10-02 17:47:31,20261002,15,7,6-5-4,709.6
2026-10-02 17:56:49,20261002,7,7,1-2-3,68.3
2026-10-02 17:56:49,20261002,7,7,1-2-4,93.4
2026-10-02 17:56:49,20261002,7,7,1-2-5,142.1
2026-10-02 17:56:49,20261002,7,7,1-2-6,131.2
2026-10-02 17:56:49,20261002,7,7,1-3-2,37.2
2026-10-02 17:56:49,20261002,7,7,1-3-4,8.4
2026-10-02 17:56:49,20261002,7,7,1-3-5,27.6
2026-10-02 17:56:49,20261002,7,7,1-3-6,21.1
2026-10-02 17:56:49,20261002,7,7,1-4-2,69.5
2026-10-02 17:56:49,20261002,7,7,1-4-3,19.0
2026-10-02 17:56:49,20261002,7,7,1-4-5,55.4
2026-10-02 17:56:49,20261002,7,7,1-4-6,43.4
2026-10-02 17:56:49,20261002,7,7,1-5-2,159.6
2026-10-02 17:56:49,20261002,7,7,1-5-3,66.0
2026-10-02 17:56:49,20261002,7,7,1-5-4,102.6
2026-10-02 17:56:49,20261002,7,7,1-5-6,101.1
2026-10-02 17:56:49,20261002,7,7,1-6-2,213.9
2026-10-02 17:56:49,20261002,7,7,1-6-3,77.3
2026-10-02 17:56:49,20261002,7,7,1-6-4,106.1
2026-10-02 17:56:49,20261002,7,7,1-6-5,217.1
2026-10-02 17:56:49,20261002,7,7,2-1-3,183.6
2026-10-02 17:56:49,20261002,7,7,2-1-4,321.6
2026-10-02 17:56:49,20261002,7,7,2-1-5,301.3
2026-10-02 17:56:49,20261002,7,7,2-1-6,368.8
2026-10-02 17:56:49,20261002,7,7,2-3-1,182.0
2026-10-02 17:56:49,20261002,7,7,2-3-4,257.7
2026-10-02 17:56:49,20261002,7,7,2-3-5,287.1
2026-10-02 17:56:49,20261002,7,7,2-3-6,503.3
2026-10-02 17:56:49,20261002,7,7,2-4-1,388.9
2026-10-02 17:56:49,20261002,7,7,2-4-3,312.3
2026-10-02 17:56:49,20261002,7,7,2-4-5,470.1
2026-10-02 17:56:49,20261002,7,7,2-4-6,301.3
2026-10-02 17:56:49,20261002,7,7,2-5-1,541.5
2026-10-02 17:56:49,20261002,7,7,2-5-3,455.1
2026-10-02 17:56:49,20261002,7,7,2-5-4,578.1
2026-10-02 17:56:49,20261002,7,7,2-5-6,750.6
2026-10-02 17:56:49,20261002,7,7,2-6-1,629.1
2026-10-02 17:56:49,20261002,7,7,2-6-3,855.7
2026-10-02 17:56:49,20261002,7,7,2-6-4,310.0
2026-10-02 17:56:49,20261002,7,7,2-6-5,679.1
2026-10-02 17:56:49,20261002,7,7,3-1-2,55.0
2026-10-02 17:56:49,20261002,7,7,3-1-4,9.7
2026-10-02 17:56:49,20261002,7,7,3-1-5,31.9
2026-10-02 17:56:49,20261002,7,7,3-1-6,15.8
2026-10-02 17:56:49,20261002,7,7,3-2-1,156.7
2026-10-02 17:56:49,20261002,7,7,3-2-4,125.4
2026-10-02 17:56:49,20261002,7,7,3-2-5,254.6
2026-10-02 17:56:49,20261002,7,7,3-2-6,253.1
2026-10-02 17:56:49,20261002,7,7,3-4-1,18.8
2026-10-02 17:56:49,20261002,7,7,3-4-2,99.2
2026-10-02 17:56:49,20261002,7,7,3-4-5,41.7
2026-10-02 17:56:49,20261002,7,7,3-4-6,23.3
2026-10-02 17:56:49,20261002,7,7,3-5-1,85.2
2026-10-02 17:56:49,20261002,7,7,3-5-2,152.8
2026-10-02 17:56:49,20261002,7,7,3-5-4,81.8
2026-10-02 17:56:49,20261002,7,7,3-5-6,82.2
2026-10-02 17:56:49,20261002,7,7,3-6-1,79.2
2026-10-02 17:56:49,20261002,7,7,3-6-2,321.6
2026-10-02 17:56:49,20261002,7,7,3-6-4,52.9
2026-10-02 17:56:49,20261002,7,7,3-6-5,157.8
2026-10-02 17:56:49,20261002,7,7,4-1-2,176.7
2026-10-02 17:56:49,20261002,7,7,4-1-3,32.1
2026-10-02 17:56:49,20261002,7,7,4-1-5,97.0
2026-10-02 17:56:49,20261002,7,7,4-1-6,92.0
2026-10-02 17:56:49,20261002,7,7,4-2-1,226.3
2026-10-02 17:56:49,20261002,7,7,4-2-3,171.1
2026-10-02 17:56:49,20261002,7,7,4-2-5,314.5
2026-10-02 17:56:49,20261002,7,7,4-2-6,356.5
2026-10-02 17:56:49,20261002,7,7,4-3-1,37.3
2026-10-02 17:56:49,20261002,7,7,4-3-2,205.6
2026-10-02 17:56:49,20261002,7,7,4-3-5,129.2
2026-10-02 17:56:49,20261002,7,7,4-3-6,68.0
2026-10-02 17:56:49,20261002,7,7,4-5-1,152.8
2026-10-02 17:56:49,20261002,7,7,4-5-2,293.0
2026-10-02 17:56:49,20261002,7,7,4-5-3,171.1
2026-10-02 17:56:49,20261002,7,7,4-5-6,241.7
2026-10-02 17:56:49,20261002,7,7,4-6-1,165.8
2026-10-02 17:56:49,20261002,7,7,4-6-2,339.5
2026-10-02 17:56:49,20261002,7,7,4-6-3,125.1
2026-10-02 17:56:49,20261002,7,7,4-6-5,307.8
2026-10-02 17:56:49,20261002,7,7,5-1-2,142.6
2026-10-02 17:56:49,20261002,7,7,5-1-3,61.6
2026-10-02 17:56:49,20261002,7,7,5-1-4,105.3
2026-10-02 17:56:49,20261002,7,7,5-1-6,71.7
2026-10-02 17:56:49,20261002,7,7,5-2-1,203.7
2026-10-02 17:56:49,20261002,7,7,5-2-3,230.0
2026-10-02 17:56:49,20261002,7,7,5-2-4,216.0
2026-10-02 17:56:49,20261002,7,7,5-2-6,173.2
2026-10-02 17:56:49,20261002,7,7,5-3-1,98.3
2026-10-02 17:56:49,20261002,7,7,5-3-2,176.0
2026-10-02 17:56:49,20261002,7,7,5-3-4,122.2
2026-10-02 17:56:49,20261002,7,7,5-3-6,111.7
2026-10-02 17:56:49,20261002,7,7,5-4-1,153.9
2026-10-02 17:56:49,20261002,7,7,5-4-2,235.0
2026-10-02 17:56:49,20261002,7,7,5-4-3,150.6
2026-10-02 17:56:49,20261002,7,7,5-4-6,138.9
2026-10-02 17:56:49,20261002,7,7,5-6-1,91.0
2026-10-02 17:56:49,20261002,7,7,5-6-2,176.7
2026-10-02 17:56:49,20261002,7,7,5-6-3,84.0
2026-10-02 17:56:49,20261002,7,7,5-6-4,145.5
2026-10-02 17:56:49,20261002,7,7,6-1-2,206.6
2026-10-02 17:56:49,20261002,7,7,6-1-3,198.0
2026-10-02 17:56:49,20261002,7,7,6-1-4,382.0
2026-10-02 17:56:49,20261002,7,7,6-1-5,403.6
2026-10-02 17:56:49,20261002,7,7,6-2-1,455.1
2026-10-02 17:56:49,20261002,7,7,6-2-3,648.2
2026-10-02 17:56:49,20261002,7,7,6-2-4,570.4
2026-10-02 17:56:49,20261002,7,7,6-2-5,658.2
2026-10-02 17:56:49,20261002,7,7,6-3-1,254.6
2026-10-02 17:56:49,20261002,7,7,6-3-2,658.2
2026-10-02 17:56:49,20261002,7,7,6-3-4,233.7
2026-10-02 17:56:49,20261002,7,7,6-3-5,441.0
2026-10-02 17:56:49,20261002,7,7,6-4-1,534.8
2026-10-02 17:56:49,20261002,7,7,6-4-2,611.2
2026-10-02 17:56:49,20261002,7,7,6-4-3,310.0
2026-10-02 17:56:49,20261002,7,7,6-4-5,679.1
2026-10-02 17:56:49,20261002,7,7,6-5-1,465.0
2026-10-02 17:56:49,20261002,7,7,6-5-2,611.2
2026-10-02 17:56:49,20261002,7,7,6-5-3,441.0
2026-10-02 17:56:49,20261002,7,7,6-5-4,509.3
2026-10-02 17:58:52,20261002,24,2,1-2-3,12.3
2026-10-02 17:58:52,20261002,24,2,1-2-4,10.7
2026-10-02 17:58:52,20261002,24,2,1-2-5,52.6
2026-10-02 17:58:52,20261002,24,2,1-2-6,75.3
2026-10-02 17:58:52,20261002,24,2,1-3-2,22.4
2026-10-02 17:58:52,20261002,24,2,1-3-4,17.1
2026-10-02 17:58:52,20261002,24,2,1-3-5,58.1
2026-10-02 17:58:52,20261002,24,2,1-3-6,143.8
2026-10-02 17:58:52,20261002,24,2,1-4-2,15.5
2026-10-02 17:58:52,20261002,24,2,1-4-3,19.1
2026-10-02 17:58:52,20261002,24,2,1-4-5,39.0
2026-10-02 17:58:52,20261002,24,2,1-4-6,81.2
2026-10-02 17:58:52,20261002,24,2,1-5-2,132.7
2026-10-02 17:58:52,20261002,24,2,1-5-3,85.0
2026-10-02 17:58:52,20261002,24,2,1-5-4,106.4
2026-10-02 17:58:52,20261002,24,2,1-5-6,245.2
2026-10-02 17:58:52,20261002,24,2,1-6-2,193.6
2026-10-02 17:58:52,20261002,24,2,1-6-3,180.1
2026-10-02 17:58:52,20261002,24,2,1-6-4,182.6
2026-10-02 17:58:52,20261002,24,2,1-6-5,352.8
2026-10-02 17:58:52,20261002,24,2,2-1-3,34.5
2026-10-02 17:58:52,20261002,24,2,2-1-4,27.4
2026-10-02 17:58:52,20261002,24,2,2-1-5,83.3
2026-10-02 17:58:52,20261002,24,2,2-1-6,138.4
2026-10-02 17:58:52,20261002,24,2,2-3-1,55.3
2026-10-02 17:58:52,20261002,24,2,2-3-4,33.5
2026-10-02 17:58:52,20261002,24,2,2-3-5,89.4
2026-10-02 17:58:52,20261002,24,2,2-3-6,207.7
2026-10-02 17:58:52,20261002,24,2,2-4-1,43.1
2026-10-02 17:58:52,20261002,24,2,2-4-3,35.4
2026-10-02 17:58:52,20261002,24,2,2-4-5,61.7
2026-10-02 17:58:52,20261002,24,2,2-4-6,125.0
2026-10-02 17:58:52,20261002,24,2,2-5-1,195.1
2026-10-02 17:58:52,20261002,24,2,2-5-3,141.5
2026-10-02 17:58:52,20261002,24,2,2-5-4,114.4
2026-10-02 17:58:52,20261002,24,2,2-5-6,250.0
2026-10-02 17:58:52,20261002,24,2,2-6-1,326.0
2026-10-02 17:58:52,20261002,24,2,2-6-3,429.2
2026-10-02 17:58:52,20261002,24,2,2-6-4,247.6
2026-10-02 17:58:52,20261002,24,2,2-6-5,326.0
2026-10-02 17:58:52,20261002,24,2,3-1-2,56.7
2026-10-02 17:58:52,20261002,24,2,3-1-4,55.9
2026-10-02 17:58:52,20261002,24,2,3-1-5,81.7
2026-10-02 17:58:52,20261002,24,2,3-1-6,131.4
2026-10-02 17:58:52,20261002,24,2,3-2-1,81.7
2026-10-02 17:58:52,20261002,24,2,3-2-4,62.0
2026-10-02 17:58:52,20261002,24,2,3-2-5,134.1
2026-10-02 17:58:52,20261002,24,2,3-2-6,201.2
2026-10-02 17:58:52,20261002,24,2,3-4-1,73.3
2026-10-02 17:58:52,20261002,24,2,3-4-2,61.6
2026-10-02 17:58:52,20261002,24,2,3-4-5,105.1
2026-10-02 17:58:52,20261002,24,2,3-4-6,120.3
2026-10-02 17:58:52,20261002,24,2,3-5-1,151.5
2026-10-02 17:58:52,20261002,24,2,3-5-2,189.3
2026-10-02 17:58:52,20261002,24,2,3-5-4,183.9
2026-10-02 17:58:52,20261002,24,2,3-5-6,408.8
2026-10-02 17:58:52,20261002,24,2,3-6-1,296.0
2026-10-02 17:58:52,20261002,24,2,3-6-2,422.2
2026-10-02 17:58:52,20261002,24,2,3-6-4,164.0
2026-10-02 17:58:52,20261002,24,2,3-6-5,525.6
2026-10-02 17:58:52,20261002,24,2,4-1-2,37.0
2026-10-02 17:58:52,20261002,24,2,4-1-3,46.1
2026-10-02 17:58:52,20261002,24,2,4-1-5,76.2
2026-10-02 17:58:52,20261002,24,2,4-1-6,142.2
2026-10-02 17:58:52,20261002,24,2,4-2-1,54.7
2026-10-02 17:58:52,20261002,24,2,4-2-3,49.7
2026-10-02 17:58:52,20261002,24,2,4-2-5,84.7
2026-10-02 17:58:52,20261002,24,2,4-2-6,160.9
2026-10-02 17:58:52,20261002,24,2,4-3-1,68.3
2026-10-02 17:58:52,20261002,24,2,4-3-2,67.2
2026-10-02 17:58:52,20261002,24,2,4-3-5,115.4
2026-10-02 17:58:52,20261002,24,2,4-3-6,141.5
2026-10-02 17:58:52,20261002,24,2,4-5-1,95.3
2026-10-02 17:58:52,20261002,24,2,4-5-2,87.3
2026-10-02 17:58:52,20261002,24,2,4-5-3,114.4
2026-10-02 17:58:52,20261002,24,2,4-5-6,153.3
2026-10-02 17:58:52,20261002,24,2,4-6-1,212.8
2026-10-02 17:58:52,20261002,24,2,4-6-2,260.1
2026-10-02 17:58:52,20261002,24,2,4-6-3,170.5
2026-10-02 17:58:52,20261002,24,2,4-6-5,348.0
2026-10-02 17:58:52,20261002,24,2,5-1-2,211.1
2026-10-02 17:58:52,20261002,24,2,5-1-3,167.2
2026-10-02 17:58:52,20261002,24,2,5-1-4,276.9
2026-10-02 17:58:52,20261002,24,2,5-1-6,286.1
2026-10-02 17:58:52,20261002,24,2,5-2-1,255.0
2026-10-02 17:58:52,20261002,24,2,5-2-3,209.3
2026-10-02 17:58:52,20261002,24,2,5-2-4,192.2
2026-10-02 17:58:52,20261002,24,2,5-2-6,402.4
2026-10-02 17:58:52,20261002,24,2,5-3-1,207.7
2026-10-02 17:58:52,20261002,24,2,5-3-2,338.8
2026-10-02 17:58:52,20261002,24,2,5-3-4,247.6
2026-10-02 17:58:52,20261002,24,2,5-3-6,559.9
2026-10-02 17:58:52,20261002,24,2,5-4-1,212.8
2026-10-02 17:58:52,20261002,24,2,5-4-2,172.8
2026-10-02 17:58:52,20261002,24,2,5-4-3,190.7
2026-10-02 17:58:52,20261002,24,2,5-4-6,299.4
2026-10-02 17:58:52,20261002,24,2,5-6-1,547.9
2026-10-02 17:58:52,20261002,24,2,5-6-2,572.3
2026-10-02 17:58:52,20261002,24,2,5-6-3,476.9
2026-10-02 17:58:52,20261002,24,2,5-6-4,696.1
2026-10-02 17:58:52,20261002,24,2,6-1-2,149.7
2026-10-02 17:58:52,20261002,24,2,6-1-3,286.1
2026-10-02 17:58:52,20261002,24,2,6-1-4,273.9
2026-10-02 17:58:52,20261002,24,2,6-1-5,525.6
2026-10-02 17:58:52,20261002,24,2,6-2-1,276.9
2026-10-02 17:58:52,20261002,24,2,6-2-3,436.5
2026-10-02 17:58:52,20261002,24,2,6-2-4,384.4
2026-10-02 17:58:52,20261002,24,2,6-2-5,505.0
2026-10-02 17:58:52,20261002,24,2,6-3-1,326.0
2026-10-02 17:58:52,20261002,24,2,6-3-2,696.1
2026-10-02 17:58:52,20261002,24,2,6-3-4,163.0
2026-10-02 17:58:52,20261002,24,2,6-3-5,696.1
2026-10-02 17:58:52,20261002,24,2,6-4-1,286.1
2026-10-02 17:58:52,20261002,24,2,6-4-2,476.9
2026-10-02 17:58:52,20261002,24,2,6-4-3,214.6
2026-10-02 17:58:52,20261002,24,2,6-4-5,598.9
2026-10-02 17:58:52,20261002,24,2,6-5-1,572.3
2026-10-02 17:58:52,20261002,24,2,6-5-2,585.3
2026-10-02 17:58:52,20261002,24,2,6-5-3,628.1
2026-10-02 17:58:52,20261002,24,2,6-5-4,757.5
2026-10-02 18:03:15,20261002,19,7,1-2-3,39.2
2026-10-02 18:03:15,20261002,19,7,1-2-4,41.7
2026-10-02 18:03:15,20261002,19,7,1-2-5,13.4
2026-10-02 18:03:15,20261002,19,7,1-2-6,165.3
2026-10-02 18:03:15,20261002,19,7,1-3-2,71.9
2026-10-02 18:03:15,20261002,19,7,1-3-4,125.4
2026-10-02 18:03:15,20261002,19,7,1-3-5,56.5
2026-10-02 18:03:15,20261002,19,7,1-3-6,376.3
2026-10-02 18:03:15,20261002,19,7,1-4-2,86.4
2026-10-02 18:03:15,20261002,19,7,1-4-3,183.9
2026-10-02 18:03:15,20261002,19,7,1-4-5,74.2
2026-10-02 18:03:15,20261002,19,7,1-4-6,391.4
2026-10-02 18:03:15,20261002,19,7,1-5-2,15.1
2026-10-02 18:03:15,20261002,19,7,1-5-3,48.3
2026-10-02 18:03:15,20261002,19,7,1-5-4,52.9
2026-10-02 18:03:15,20261002,19,7,1-5-6,244.6
2026-10-02 18:03:15,20261002,19,7,1-6-2,303.9
2026-10-02 18:03:15,20261002,19,7,1-6-3,643.8
2026-10-02 18:03:15,20261002,19,7,1-6-4,764.5
2026-10-02 18:03:15,20261002,19,7,1-6-5,627.3
2026-10-02 18:03:15,20261002,19,7,2-1-3,52.8
2026-10-02 18:03:15,20261002,19,7,2-1-4,43.8
2026-10-02 18:03:15,20261002,19,7,2-1-5,13.7
2026-10-02 18:03:15,20261002,19,7,2-1-6,236.3
2026-10-02 18:03:15,20261002,19,7,2-3-1,107.5
2026-10-02 18:03:15,20261002,19,7,2-3-4,156.3
2026-10-02 18:03:15,20261002,19,7,2-3-5,49.1
2026-10-02 18:03:15,20261002,19,7,2-3-6,440.8
2026-10-02 18:03:15,20261002,19,7,2-4-1,79.3
2026-10-02 18:03:15,20261002,19,7,2-4-3,170.4
2026-10-02 18:03:15,20261002,19,7,2-4-5,26.6
2026-10-02 18:03:15,20261002,19,7,2-4-6,479.7
2026-10-02 18:03:15,20261002,19,7,2-5-1,9.9
2026-10-02 18:03:15,20261002,19,7,2-5-3,23.7
2026-10-02 18:03:15,20261002,19,7,2-5-4,12.9
2026-10-02 18:03:15,20261002,19,7,2-5-6,103.2
2026-10-02 18:03:15,20261002,19,7,2-6-1,494.2
2026-10-02 18:03:15,20261002,19,7,2-6-3,829.3
2026-10-02 18:03:15,20261002,19,7,2-6-4,604.0
2026-10-02 18:03:15,20261002,19,7,2-6-5,342.1
2026-10-02 18:03:15,20261002,19,7,3-1-2,198.9
2026-10-02 18:03:15,20261002,19,7,3-1-4,210.0
2026-10-02 18:03:15,20261002,19,7,3-1-5,104.1
2026-10-02 18:03:15,20261002,19,7,3-1-6,385.2
2026-10-02 18:03:15,20261002,19,7,3-2-1,224.4
2026-10-02 18:03:15,20261002,19,7,3-2-4,182.5
2026-10-02 18:03:15,20261002,19,7,3-2-5,99.0
2026-10-02 18:03:15,20261002,19,7,3-2-6,453.0
2026-10-02 18:03:15,20261002,19,7,3-4-1,475.0
2026-10-02 18:03:15,20261002,19,7,3-4-2,436.8
2026-10-02 18:03:15,20261002,19,7,3-4-5,330.6
2026-10-02 18:03:15,20261002,19,7,3-4-6,526.1
2026-10-02 18:03:15,20261002,19,7,3-5-1,139.8
2026-10-02 18:03:15,20261002,19,7,3-5-2,93.3
2026-10-02 18:03:15,20261002,19,7,3-5-4,287.8
2026-10-02 18:03:15,20261002,19,7,3-5-6,421.8
2026-10-02 18:03:15,20261002,19,7,3-6-1,1223.0
2026-10-02 18:03:15,20261002,19,7,3-6-2,873.7
2026-10-02 18:03:15,20261002,19,7,3-6-4,843.6
2026-10-02 18:03:15,20261002,19,7,3-6-5,1041.0
2026-10-02 18:03:15,20261002,19,7,4-1-2,237.5
2026-10-02 18:03:15,20261002,19,7,4-1-3,281.2
2026-10-02 18:03:15,20261002,19,7,4-1-5,168.1
2026-10-02 18:03:15,20261002,19,7,4-1-6,815.5
2026-10-02 18:03:15,20261002,19,7,4-2-1,278.0
2026-10-02 18:03:15,20261002,19,7,4-2-3,367.9
2026-10-02 18:03:15,20261002,19,7,4-2-5,75.6
2026-10-02 18:03:15,20261002,19,7,4-2-6,401.0
2026-10-02 18:03:15,20261002,19,7,4-3-1,596.7
2026-10-02 18:03:15,20261002,19,7,4-3-2,752.7
2026-10-02 18:03:15,20261002,19,7,4-3-5,494.2
2026-10-02 18:03:15,20261002,19,7,4-3-6,635.4
2026-10-02 18:03:15,20261002,19,7,4-5-1,141.4
2026-10-02 18:03:15,20261002,19,7,4-5-2,62.6
2026-10-02 18:03:15,20261002,19,7,4-5-3,321.9
2026-10-02 18:03:15,20261002,19,7,4-5-6,391.4
2026-10-02 18:03:15,20261002,19,7,4-6-1,1137.0
2026-10-02 18:03:15,20261002,19,7,4-6-2,815.5
2026-10-02 18:03:15,20261002,19,7,4-6-3,906.1
2026-10-02 18:03:15,20261002,19,7,4-6-5,1019.0
2026-10-02 18:03:15,20261002,19,7,5-1-2,18.2
2026-10-02 18:03:15,20261002,19,7,5-1-3,57.1
2026-10-02 18:03:15,20261002,19,7,5-1-4,51.0
2026-10-02 18:03:15,20261002,19,7,5-1-6,149.1
2026-10-02 18:03:15,20261002,19,7,5-2-1,12.2
2026-10-02 18:03:15,20261002,19,7,5-2-3,27.1
2026-10-02 18:03:15,20261002,19,7,5-2-4,16.5
2026-10-02 18:03:15,20261002,19,7,5-2-6,89.7
2026-10-02 18:03:15,20261002,19,7,5-3-1,91.4
2026-10-02 18:03:15,20261002,19,7,5-3-2,70.5
2026-10-02 18:03:15,20261002,19,7,5-3-4,177.9
2026-10-02 18:03:15,20261002,19,7,5-3-6,429.2
2026-10-02 18:03:15,20261002,19,7,5-4-1,74.9
2026-10-02 18:03:15,20261002,19,7,5-4-2,35.3
2026-10-02 18:03:15,20261002,19,7,5-4-3,164.7
2026-10-02 18:03:15,20261002,19,7,5-4-6,250.9
2026-10-02 18:03:15,20261002,19,7,5-6-1,278.0
2026-10-02 18:03:15,20261002,19,7,5-6-2,287.8
2026-10-02 18:03:15,20261002,19,7,5-6-3,489.3
2026-10-02 18:03:15,20261002,19,7,5-6-4,479.7
2026-10-02 18:03:15,20261002,19,7,6-1-2,479.7
2026-10-02 18:03:15,20261002,19,7,6-1-3,1193.0
2026-10-02 18:03:15,20261002,19,7,6-1-4,1631.0
2026-10-02 18:03:15,20261002,19,7,6-1-5,1165.0
2026-10-02 18:03:15,20261002,19,7,6-2-1,1254.0
2026-10-02 18:03:15,20261002,19,7,6-2-3,1529.0
2026-10-02 18:03:15,20261002,19,7,6-2-4,1223.0
2026-10-02 18:03:15,20261002,19,7,6-2-5,689.1
2026-10-02 18:03:15,20261002,19,7,6-3-1,2224.0
2026-10-02 18:03:15,20261002,19,7,6-3-2,1747.0
2026-10-02 18:03:15,20261002,19,7,6-3-4,2038.0
2026-10-02 18:03:15,20261002,19,7,6-3-5,1957.0
2026-10-02 18:03:15,20261002,19,7,6-4-1,1482.0
2026-10-02 18:03:15,20261002,19,7,6-4-2,1578.0
2026-10-02 18:03:15,20261002,19,7,6-4-3,2127.0
2026-10-02 18:03:15,20261002,19,7,6-4-5,1322.0
2026-10-02 18:03:15,20261002,19,7,6-5-1,1631.0
2026-10-02 18:03:15,20261002,19,7,6-5-2,802.1
2026-10-02 18:03:15,20261002,19,7,6-5-3,1578.0
2026-10-02 18:03:15,20261002,19,7,6-5-4,1359.0
2026-10-02 18:10:13,20261002,12,8,1-2-3,15.5
2026-10-02 18:10:13,20261002,12,8,1-2-4,49.7
2026-10-02 18:10:13,20261002,12,8,1-2-5,15.3
2026-10-02 18:10:13,20261002,12,8,1-2-6,72.3
2026-10-02 18:10:13,20261002,12,8,1-3-2,24.7
2026-10-02 18:10:13,20261002,12,8,1-3-4,57.5
2026-10-02 18:10:13,20261002,12,8,1-3-5,18.9
2026-10-02 18:10:13,20261002,12,8,1-3-6,112.1
2026-10-02 18:10:13,20261002,12,8,1-4-2,97.2
2026-10-02 18:10:13,20261002,12,8,1-4-3,87.0
2026-10-02 18:10:13,20261002,12,8,1-4-5,89.4
2026-10-02 18:10:13,20261002,12,8,1-4-6,200.5
2026-10-02 18:10:13,20261002,12,8,1-5-2,25.3
2026-10-02 18:10:13,20261002,12,8,1-5-3,31.1
2026-10-02 18:10:13,20261002,12,8,1-5-4,110.1
2026-10-02 18:10:13,20261002,12,8,1-5-6,99.8
2026-10-02 18:10:13,20261002,12,8,1-6-2,158.4
2026-10-02 18:10:13,20261002,12,8,1-6-3,249.2
2026-10-02 18:10:13,20261002,12,8,1-6-4,221.3
2026-10-02 18:10:13,20261002,12,8,1-6-5,324.9
2026-10-02 18:10:13,20261002,12,8,2-1-3,19.0
2026-10-02 18:10:13,20261002,12,8,2-1-4,77.3
2026-10-02 18:10:13,20261002,12,8,2-1-5,16.4
2026-10-02 18:10:13,20261002,12,8,2-1-6,77.3
2026-10-02 18:10:13,20261002,12,8,2-3-1,26.4
2026-10-02 18:10:13,20261002,12,8,2-3-4,71.9
2026-10-02 18:10:13,20261002,12,8,2-3-5,16.5
2026-10-02 18:10:13,20261002,12,8,2-3-6,89.7
2026-10-02 18:10:13,20261002,12,8,2-4-1,200.5
2026-10-02 18:10:13,20261002,12,8,2-4-3,193.0
2026-10-02 18:10:13,20261002,12,8,2-4-5,166.7
2026-10-02 18:10:13,20261002,12,8,2-4-6,305.6
2026-10-02 18:10:13,20261002,12,8,2-5-1,29.6
2026-10-02 18:10:13,20261002,12,8,2-5-3,23.2
2026-10-02 18:10:13,20261002,12,8,2-5-4,106.5
2026-10-02 18:10:13,20261002,12,8,2-5-6,94.7
2026-10-02 18:10:13,20261002,12,8,2-6-1,175.8
2026-10-02 18:10:13,20261002,12,8,2-6-3,242.2
2026-10-02 18:10:13,20261002,12,8,2-6-4,285.2
2026-10-02 18:10:13,20261002,12,8,2-6-5,147.5
2026-10-02 18:10:13,20261002,12,8,3-1-2,39.9
2026-10-02 18:10:13,20261002,12,8,3-1-4,77.3
2026-10-02 18:10:13,20261002,12,8,3-1-5,39.7
2026-10-02 18:10:13,20261002,12,8,3-1-6,145.8
2026-10-02 18:10:13,20261002,12,8,3-2-1,54.8
2026-10-02 18:10:13,20261002,12,8,3-2-4,89.1
2026-10-02 18:10:13,20261002,12,8,3-2-5,33.3
2026-10-02 18:10:13,20261002,12,8,3-2-6,141.8
2026-10-02 18:10:13,20261002,12,8,3-4-1,168.9
2026-10-02 18:10:13,20261002,12,8,3-4-2,171.1
2026-10-02 18:10:13,20261002,12,8,3-4-5,264.6
2026-10-02 18:10:13,20261002,12,8,3-4-6,356.5
2026-10-02 18:10:13,20261002,12,8,3-5-1,60.9
2026-10-02 18:10:13,20261002,12,8,3-5-2,43.8
2026-10-02 18:10:13,20261002,12,8,3-5-4,166.7
2026-10-02 18:10:13,20261002,12,8,3-5-6,179.5
2026-10-02 18:10:13,20261002,12,8,3-6-1,493.7
2026-10-02 18:10:13,20261002,12,8,3-6-2,329.1
2026-10-02 18:10:13,20261002,12,8,3-6-4,534.8
2026-10-02 18:10:13,20261002,12,8,3-6-5,420.8
2026-10-02 18:10:13,20261002,12,8,4-1-2,313.0
2026-10-02 18:10:13,20261002,12,8,4-1-3,221.3
2026-10-02 18:10:13,20261002,12,8,4-1-5,145.0
2026-10-02 18:10:13,20261002,12,8,4-1-6,295.1
2026-10-02 18:10:13,20261002,12,8,4-2-1,450.4
2026-10-02 18:10:13,20261002,12,8,4-2-3,305.6
2026-10-02 18:10:13,20261002,12,8,4-2-5,177.0
2026-10-02 18:10:13,20261002,12,8,4-2-6,267.4
2026-10-02 18:10:13,20261002,12,8,4-3-1,346.9
2026-10-02 18:10:13,20261002,12,8,4-3-2,309.3
2026-10-02 18:10:13,20261002,12,8,4-3-5,346.9
2026-10-02 18:10:13,20261002,12,8,4-3-6,523.9
2026-10-02 18:10:13,20261002,12,8,4-5-1,205.3
2026-10-02 18:10:13,20261002,12,8,4-5-2,193.0
2026-10-02 18:10:13,20261002,12,8,4-5-3,389.0
2026-10-02 18:10:13,20261002,12,8,4-5-6,420.8
2026-10-02 18:10:13,20261002,12,8,4-6-1,389.0
2026-10-02 18:10:13,20261002,12,8,4-6-2,309.3
2026-10-02 18:10:13,20261002,12,8,4-6-3,534.8
2026-10-02 18:10:13,20261002,12,8,4-6-5,420.8
2026-10-02 18:10:13,20261002,12,8,5-1-2,56.1
2026-10-02 18:10:13,20261002,12,8,5-1-3,61.7
2026-10-02 18:10:13,20261002,12,8,5-1-4,142.6
2026-10-02 18:10:13,20261002,12,8,5-1-6,109.7
2026-10-02 18:10:13,20261002,12,8,5-2-1,62.7
2026-10-02 18:10:13,20261002,12,8,5-2-3,36.5
2026-10-02 18:10:13,20261002,12,8,5-2-4,135.1
2026-10-02 18:10:13,20261002,12,8,5-2-6,103.5
2026-10-02 18:10:13,20261002,12,8,5-3-1,74.4
2026-10-02 18:10:13,20261002,12,8,5-3-2,55.2
2026-10-02 18:10:13,20261002,12,8,5-3-4,215.7
2026-10-02 18:10:13,20261002,12,8,5-3-6,173.4
2026-10-02 18:10:13,20261002,12,8,5-4-1,213.9
2026-10-02 18:10:13,20261002,12,8,5-4-2,205.3
2026-10-02 18:10:13,20261002,12,8,5-4-3,295.1
2026-10-02 18:10:13,20261002,12,8,5-4-6,333.4
2026-10-02 18:10:13,20261002,12,8,5-6-1,351.6
2026-10-02 18:10:13,20261002,12,8,5-6-2,229.2
2026-10-02 18:10:13,20261002,12,8,5-6-3,219.4
2026-10-02 18:10:13,20261002,12,8,5-6-4,356.5
2026-10-02 18:10:13,20261002,12,8,6-1-2,207.0
2026-10-02 18:10:13,20261002,12,8,6-1-3,523.9
2026-10-02 18:10:13,20261002,12,8,6-1-4,626.1
2026-10-02 18:10:13,20261002,12,8,6-1-5,611.2
2026-10-02 18:10:13,20261002,12,8,6-2-1,407.5
2026-10-02 18:10:13,20261002,12,8,6-2-3,475.4
2026-10-02 18:10:13,20261002,12,8,6-2-4,675.6
2026-10-02 18:10:13,20261002,12,8,6-2-5,383.1
2026-10-02 18:10:13,20261002,12,8,6-3-1,493.7
2026-10-02 18:10:13,20261002,12,8,6-3-2,570.5
2026-10-02 18:10:13,20261002,12,8,6-3-4,755.1
2026-10-02 18:10:13,20261002,12,8,6-3-5,755.1
2026-10-02 18:10:13,20261002,12,8,6-4-1,675.6
2026-10-02 18:10:13,20261002,12,8,6-4-2,916.9
2026-10-02 18:10:13,20261002,12,8,6-4-3,855.8
2026-10-02 18:10:13,20261002,12,8,6-4-5,361.6
2026-10-02 18:10:13,20261002,12,8,6-5-1,802.3
2026-10-02 18:10:13,20261002,12,8,6-5-2,503.4
2026-10-02 18:10:13,20261002,12,8,6-5-3,513.4
2026-10-02 18:10:13,20261002,12,8,6-5-4,713.1
2026-10-02 18:22:21,20261002,15,8,1-2-3,80.1
2026-10-02 18:22:21,20261002,15,8,1-2-4,105.6
2026-10-02 18:22:21,20261002,15,8,1-2-5,
2026-10-02 18:22:21,20261002,15,8,1-2-6,91.5
2026-10-02 18:22:21,20261002,15,8,1-3-2,91.1
2026-10-02 18:22:21,20261002,15,8,1-3-4,30.0
2026-10-02 18:22:21,20261002,15,8,1-3-5,
2026-10-02 18:22:21,20261002,15,8,1-3-6,26.4
2026-10-02 18:22:21,20261002,15,8,1-4-2,83.3
2026-10-02 18:22:21,20261002,15,8,1-4-3,33.7
2026-10-02 18:22:21,20261002,15,8,1-4-5,
2026-10-02 18:22:21,20261002,15,8,1-4-6,15.2
2026-10-02 18:22:21,20261002,15,8,1-5-2,
2026-10-02 18:22:21,20261002,15,8,1-5-3,
2026-10-02 18:22:21,20261002,15,8,1-5-4,
2026-10-02 18:22:21,20261002,15,8,1-5-6,
2026-10-02 18:22:21,20261002,15,8,1-6-2,75.1
2026-10-02 18:22:21,20261002,15,8,1-6-3,25.2
2026-10-02 18:22:21,20261002,15,8,1-6-4,16.8
2026-10-02 18:22:21,20261002,15,8,1-6-5,
2026-10-02 18:22:21,20261002,15,8,2-1-3,165.8
2026-10-02 18:22:21,20261002,15,8,2-1-4,202.1
2026-10-02 18:22:21,20261002,15,8,2-1-5,
2026-10-02 18:22:21,20261002,15,8,2-1-6,182.8
2026-10-02 18:22:21,20261002,15,8,2-3-1,250.3
2026-10-02 18:22:21,20261002,15,8,2-3-4,300.9
2026-10-02 18:22:21,20261002,15,8,2-3-5,
2026-10-02 18:22:21,20261002,15,8,2-3-6,228.9
2026-10-02 18:22:21,20261002,15,8,2-4-1,292.7
2026-10-02 18:22:21,20261002,15,8,2-4-3,263.8
2026-10-02 18:22:21,20261002,15,8,2-4-5,
2026-10-02 18:22:21,20261002,15,8,2-4-6,133.2
2026-10-02 18:22:21,20261002,15,8,2-5-1,
2026-10-02 18:22:21,20261002,15,8,2-5-3,
2026-10-02 18:22:21,20261002,15,8,2-5-4,
2026-10-02 18:22:21,20261002,15,8,2-5-6,
2026-10-02 18:22:21,20261002,15,8,2-6-1,281.9
2026-10-02 18:22:21,20261002,15,8,2-6-3,238.0
2026-10-02 18:22:21,20261002,15,8,2-6-4,179.7
2026-10-02 18:22:21,20261002,15,8,2-6-5,
2026-10-02 18:22:21,20261002,15,8,3-1-2,127.2
2026-10-02 18:22:21,20261002,15,8,3-1-4,59.6
2026-10-02 18:22:21,20261002,15,8,3-1-5,
2026-10-02 18:22:21,20261002,15,8,3-1-6,49.2
2026-10-02 18:22:21,20261002,15,8,3-2-1,283.4
2026-10-02 18:22:21,20261002,15,8,3-2-4,231.8
2026-10-02 18:22:21,20261002,15,8,3-2-5,
2026-10-02 18:22:21,20261002,15,8,3-2-6,173.9
2026-10-02 18:22:21,20261002,15,8,3-4-1,59.9
2026-10-02 18:22:21,20261002,15,8,3-4-2,188.6
2026-10-02 18:22:21,20261002,15,8,3-4-5,
2026-10-02 18:22:21,20261002,15,8,3-4-6,23.8
2026-10-02 18:22:21,20261002,15,8,3-5-1,
2026-10-02 18:22:21,20261002,15,8,3-5-2,
2026-10-02 18:22:21,20261002,15,8,3-5-4,
2026-10-02 18:22:21,20261002,15,8,3-5-6,
2026-10-02 18:22:21,20261002,15,8,3-6-1,50.2
2026-10-02 18:22:21,20261002,15,8,3-6-2,133.2
2026-10-02 18:22:21,20261002,15,8,3-6-4,28.6
2026-10-02 18:22:21,20261002,15,8,3-6-5,
2026-10-02 18:22:21,20261002,15,8,4-1-2,103.0
2026-10-02 18:22:21,20261002,15,8,4-1-3,35.0
2026-10-02 18:22:21,20261002,15,8,4-1-5,
2026-10-02 18:22:21,20261002,15,8,4-1-6,15.7
2026-10-02 18:22:21,20261002,15,8,4-2-1,244.6
2026-10-02 18:22:21,20261002,15,8,4-2-3,202.1
2026-10-02 18:22:21,20261002,15,8,4-2-5,
2026-10-02 18:22:21,20261002,15,8,4-2-6,114.9
2026-10-02 18:22:21,20261002,15,8,4-3-1,51.0
2026-10-02 18:22:21,20261002,15,8,4-3-2,173.9
2026-10-02 18:22:21,20261002,15,8,4-3-5,
2026-10-02 18:22:21,20261002,15,8,4-3-6,22.3
2026-10-02 18:22:21,20261002,15,8,4-5-1,
2026-10-02 18:22:21,20261002,15,8,4-5-2,
2026-10-02 18:22:21,20261002,15,8,4-5-3,
2026-10-02 18:22:21,20261002,15,8,4-5-6,
2026-10-02 18:22:21,20261002,15,8,4-6-1,11.0
2026-10-02 18:22:21,20261002,15,8,4-6-2,36.4
2026-10-02 18:22:21,20261002,15,8,4-6-3,10.4
2026-10-02 18:22:21,20261002,15,8,4-6-5,
2026-10-02 18:22:21,20261002,15,8,5-1-2,
2026-10-02 18:22:21,20261002,15,8,5-1-3,
2026-10-02 18:22:21,20261002,15,8,5-1-4,
2026-10-02 18:22:21,20261002,15,8,5-1-6,
2026-10-02 18:22:21,20261002,15,8,5-2-1,
2026-10-02 18:22:21,20261002,15,8,5-2-3,
2026-10-02 18:22:21,20261002,15,8,5-2-4,
2026-10-02 18:22:21,20261002,15,8,5-2-6,
2026-10-02 18:22:21,20261002,15,8,5-3-1,
2026-10-02 18:22:21,20261002,15,8,5-3-2,
2026-10-02 18:22:21,20261002,15,8,5-3-4,
2026-10-02 18:22:21,20261002,15,8,5-3-6,
2026-10-02 18:22:21,20261002,15,8,5-4-1,
2026-10-02 18:22:21,20261002,15,8,5-4-2,
2026-10-02 18:22:21,20261002,15,8,5-4-3,
2026-10-02 18:22:21,20261002,15,8,5-4-6,
2026-10-02 18:22:21,20261002,15,8,5-6-1,
2026-10-02 18:22:21,20261002,15,8,5-6-2,
2026-10-02 18:22:21,20261002,15,8,5-6-3,
2026-10-02 18:22:21,20261002,15,8,5-6-4,
2026-10-02 18:22:21,20261002,15,8,6-1-2,59.0
2026-10-02 18:22:21,20261002,15,8,6-1-3,27.2
2026-10-02 18:22:21,20261002,15,8,6-1-4,20.3
2026-10-02 18:22:21,20261002,15,8,6-1-5,
2026-10-02 18:22:21,20261002,15,8,6-2-1,122.0
2026-10-02 18:22:21,20261002,15,8,6-2-3,117.7
2026-10-02 18:22:21,20261002,15,8,6-2-4,121.4
2026-10-02 18:22:21,20261002,15,8,6-2-5,
2026-10-02 18:22:21,20261002,15,8,6-3-1,42.7
2026-10-02 18:22:21,20261002,15,8,6-3-2,112.0
2026-10-02 18:22:21,20261002,15,8,6-3-4,27.5
2026-10-02 18:22:21,20261002,15,8,6-3-5,
2026-10-02 18:22:21,20261002,15,8,6-4-1,14.2
2026-10-02 18:22:21,20261002,15,8,6-4-2,43.0
2026-10-02 18:22:21,20261002,15,8,6-4-3,15.3
2026-10-02 18:22:21,20261002,15,8,6-4-5,
2026-10-02 18:22:21,20261002,15,8,6-5-1,
2026-10-02 18:22:21,20261002,15,8,6-5-2,
2026-10-02 18:22:21,20261002,15,8,6-5-3,
2026-10-02 18:22:21,20261002,15,8,6-5-4,
2026-10-02 18:22:29,20261002,24,3,1-2-3,19.3
2026-10-02 18:22:29,20261002,24,3,1-2-4,29.7
2026-10-02 18:22:29,20261002,24,3,1-2-5,30.4
2026-10-02 18:22:29,20261002,24,3,1-2-6,79.9
2026-10-02 18:22:29,20261002,24,3,1-3-2,22.6
2026-10-02 18:22:29,20261002,24,3,1-3-4,9.8
2026-10-02 18:22:29,20261002,24,3,1-3-5,11.3
2026-10-02 18:22:29,20261002,24,3,1-3-6,162.2
2026-10-02 18:22:29,20261002,24,3,1-4-2,33.2
2026-10-02 18:22:29,20261002,24,3,1-4-3,18.0
2026-10-02 18:22:29,20261002,24,3,1-4-5,18.4
2026-10-02 18:22:29,20261002,24,3,1-4-6,125.5
2026-10-02 18:22:29,20261002,24,3,1-5-2,45.9
2026-10-02 18:22:29,20261002,24,3,1-5-3,22.5
2026-10-02 18:22:29,20261002,24,3,1-5-4,30.5
2026-10-02 18:22:29,20261002,24,3,1-5-6,117.0
2026-10-02 18:22:29,20261002,24,3,1-6-2,190.0
2026-10-02 18:22:29,20261002,24,3,1-6-3,177.8
2026-10-02 18:22:29,20261002,24,3,1-6-4,217.9
2026-10-02 18:22:29,20261002,24,3,1-6-5,229.1
2026-10-02 18:22:29,20261002,24,3,2-1-3,101.5
2026-10-02 18:22:29,20261002,24,3,2-1-4,97.5
2026-10-02 18:22:29,20261002,24,3,2-1-5,112.8
2026-10-02 18:22:29,20261002,24,3,2-1-6,195.0
2026-10-02 18:22:29,20261002,24,3,2-3-1,163.4
2026-10-02 18:22:29,20261002,24,3,2-3-4,163.4
2026-10-02 18:22:29,20261002,24,3,2-3-5,156.5
2026-10-02 18:22:29,20261002,24,3,2-3-6,411.6
2026-10-02 18:22:29,20261002,24,3,2-4-1,162.2
2026-10-02 18:22:29,20261002,24,3,2-4-3,220.1
2026-10-02 18:22:29,20261002,24,3,2-4-5,193.3
2026-10-02 18:22:29,20261002,24,3,2-4-6,453.6
2026-10-02 18:22:29,20261002,24,3,2-5-1,261.5
2026-10-02 18:22:29,20261002,24,3,2-5-3,264.6
2026-10-02 18:22:29,20261002,24,3,2-5-4,331.8
2026-10-02 18:22:29,20261002,24,3,2-5-6,542.2
2026-10-02 18:22:29,20261002,24,3,2-6-1,529.3
2026-10-02 18:22:29,20261002,24,3,2-6-3,926.2
2026-10-02 18:22:29,20261002,24,3,2-6-4,653.8
2026-10-02 18:22:29,20261002,24,3,2-6-5,585.0
2026-10-02 18:22:29,20261002,24,3,3-1-2,63.3
2026-10-02 18:22:29,20261002,24,3,3-1-4,17.2
2026-10-02 18:22:29,20261002,24,3,3-1-5,22.0
2026-10-02 18:22:29,20261002,24,3,3-1-6,122.1
2026-10-02 18:22:29,20261002,24,3,3-2-1,121.4
2026-10-02 18:22:29,20261002,24,3,3-2-4,102.4
2026-10-02 18:22:29,20261002,24,3,3-2-5,131.5
2026-10-02 18:22:29,20261002,24,3,3-2-6,252.6
2026-10-02 18:22:29,20261002,24,3,3-4-1,53.1
2026-10-02 18:22:29,20261002,24,3,3-4-2,103.3
2026-10-02 18:22:29,20261002,24,3,3-4-5,57.4
2026-10-02 18:22:29,20261002,24,3,3-4-6,215.8
2026-10-02 18:22:29,20261002,24,3,3-5-1,43.6
2026-10-02 18:22:29,20261002,24,3,3-5-2,58.5
2026-10-02 18:22:29,20261002,24,3,3-5-4,47.4
2026-10-02 18:22:29,20261002,24,3,3-5-6,331.8
2026-10-02 18:22:29,20261002,24,3,3-6-1,585.0
2026-10-02 18:22:29,20261002,24,3,3-6-2,505.2
2026-10-02 18:22:29,20261002,24,3,3-6-4,585.0
2026-10-02 18:22:29,20261002,24,3,3-6-5,570.0
2026-10-02 18:22:29,20261002,24,3,4-1-2,88.2
2026-10-02 18:22:29,20261002,24,3,4-1-3,38.6
2026-10-02 18:22:29,20261002,24,3,4-1-5,46.4
2026-10-02 18:22:29,20261002,24,3,4-1-6,185.2
2026-10-02 18:22:29,20261002,24,3,4-2-1,177.8
2026-10-02 18:22:29,20261002,24,3,4-2-3,155.4
2026-10-02 18:22:29,20261002,24,3,4-2-5,126.3
2026-10-02 18:22:29,20261002,24,3,4-2-6,285.0
2026-10-02 18:22:29,20261002,24,3,4-3-1,69.4
2026-10-02 18:22:29,20261002,24,3,4-3-2,171.0
2026-10-02 18:22:29,20261002,24,3,4-3-5,84.5
2026-10-02 18:22:29,20261002,24,3,4-3-6,322.1
2026-10-02 18:22:29,20261002,24,3,4-5-1,59.1
2026-10-02 18:22:29,20261002,24,3,4-5-2,101.0
2026-10-02 18:22:29,20261002,24,3,4-5-3,68.1
2026-10-02 18:22:29,20261002,24,3,4-5-6,304.5
2026-10-02 18:22:29,20261002,24,3,4-6-1,370.5
2026-10-02 18:22:29,20261002,24,3,4-6-2,694.7
2026-10-02 18:22:29,20261002,24,3,4-6-3,793.9
2026-10-02 18:22:29,20261002,24,3,4-6-5,529.3
2026-10-02 18:22:29,20261002,24,3,5-1-2,142.5
2026-10-02 18:22:29,20261002,24,3,5-1-3,64.6
2026-10-02 18:22:29,20261002,24,3,5-1-4,81.1
2026-10-02 18:22:29,20261002,24,3,5-1-6,213.7
2026-10-02 18:22:29,20261002,24,3,5-2-1,322.1
2026-10-02 18:22:29,20261002,24,3,5-2-3,274.4
2026-10-02 18:22:29,20261002,24,3,5-2-4,224.5
2026-10-02 18:22:29,20261002,24,3,5-2-6,264.6
2026-10-02 18:22:29,20261002,24,3,5-3-1,109.5
2026-10-02 18:22:29,20261002,24,3,5-3-2,239.0
2026-10-02 18:22:29,20261002,24,3,5-3-4,124.1
2026-10-02 18:22:29,20261002,24,3,5-3-6,483.2
2026-10-02 18:22:29,20261002,24,3,5-4-1,114.0
2026-10-02 18:22:29,20261002,24,3,5-4-2,211.7
2026-10-02 18:22:29,20261002,24,3,5-4-3,138.9
2026-10-02 18:22:29,20261002,24,3,5-4-6,453.6
2026-10-02 18:22:29,20261002,24,3,5-6-1,435.8
2026-10-02 18:22:29,20261002,24,3,5-6-2,585.0
2026-10-02 18:22:29,20261002,24,3,5-6-3,444.6
2026-10-02 18:22:29,20261002,24,3,5-6-4,926.2
2026-10-02 18:22:29,20261002,24,3,6-1-2,207.7
2026-10-02 18:22:29,20261002,24,3,6-1-3,396.9
2026-10-02 18:22:29,20261002,24,3,6-1-4,585.0
2026-10-02 18:22:29,20261002,24,3,6-1-5,889.2
2026-10-02 18:22:29,20261002,24,3,6-2-1,600.8
2026-10-02 18:22:29,20261002,24,3,6-2-3,600.8
2026-10-02 18:22:29,20261002,24,3,6-2-4,570.0
2026-10-02 18:22:29,20261002,24,3,6-2-5,542.2
2026-10-02 18:22:29,20261002,24,3,6-3-1,966.5
2026-10-02 18:22:29,20261002,24,3,6-3-2,926.2
2026-10-02 18:22:29,20261002,24,3,6-3-4,717.1
2026-10-02 18:22:29,20261002,24,3,6-3-5,966.5
2026-10-02 18:22:29,20261002,24,3,6-4-1,600.8
2026-10-02 18:22:29,20261002,24,3,6-4-2,600.8
2026-10-02 18:22:29,20261002,24,3,6-4-3,966.5
2026-10-02 18:22:29,20261002,24,3,6-4-5,889.2
2026-10-02 18:22:29,20261002,24,3,6-5-1,889.2
2026-10-02 18:22:29,20261002,24,3,6-5-2,336.8
2026-10-02 18:22:29,20261002,24,3,6-5-3,653.8
2026-10-02 18:22:29,20261002,24,3,6-5-4,1058.0
2026-10-02 18:27:45,20261002,7,8,1-2-3,60.6
2026-10-02 18:27:45,20261002,7,8,1-2-4,142.3
2026-10-02 18:27:45,20261002,7,8,1-2-5,174.0
2026-10-02 18:27:45,20261002,7,8,1-2-6,124.8
2026-10-02 18:27:45,20261002,7,8,1-3-2,21.6
2026-10-02 18:27:45,20261002,7,8,1-3-4,15.8
2026-10-02 18:27:45,20261002,7,8,1-3-5,21.3
2026-10-02 18:27:45,20261002,7,8,1-3-6,15.0
2026-10-02 18:27:45,20261002,7,8,1-4-2,194.4
2026-10-02 18:27:45,20261002,7,8,1-4-3,77.0
2026-10-02 18:27:45,20261002,7,8,1-4-5,147.6
2026-10-02 18:27:45,20261002,7,8,1-4-6,140.6
2026-10-02 18:27:45,20261002,7,8,1-5-2,266.5
2026-10-02 18:27:45,20261002,7,8,1-5-3,64.0
2026-10-02 18:27:45,20261002,7,8,1-5-4,228.1
2026-10-02 18:27:45,20261002,7,8,1-5-6,147.0
2026-10-02 18:27:45,20261002,7,8,1-6-2,162.8
2026-10-02 18:27:45,20261002,7,8,1-6-3,72.1
2026-10-02 18:27:45,20261002,7,8,1-6-4,189.3
2026-10-02 18:27:45,20261002,7,8,1-6-5,222.4
2026-10-02 18:27:45,20261002,7,8,2-1-3,160.3
2026-10-02 18:27:45,20261002,7,8,2-1-4,323.5
2026-10-02 18:27:45,20261002,7,8,2-1-5,338.9
2026-10-02 18:27:45,20261002,7,8,2-1-6,264.6
2026-10-02 18:27:45,20261002,7,8,2-3-1,158.1
2026-10-02 18:27:45,20261002,7,8,2-3-4,266.5
2026-10-02 18:27:45,20261002,7,8,2-3-5,219.6
2026-10-02 18:27:45,20261002,7,8,2-3-6,241.2
2026-10-02 18:27:45,20261002,7,8,2-4-1,569.4
2026-10-02 18:27:45,20261002,7,8,2-4-3,442.0
2026-10-02 18:27:45,20261002,7,8,2-4-5,504.8
2026-10-02 18:27:45,20261002,7,8,2-4-6,653.0
2026-10-02 18:27:45,20261002,7,8,2-5-1,749.2
2026-10-02 18:27:45,20261002,7,8,2-5-3,411.4
2026-10-02 18:27:45,20261002,7,8,2-5-4,477.7
2026-10-02 18:27:45,20261002,7,8,2-5-6,691.0
2026-10-02 18:27:45,20261002,7,8,2-6-1,547.5
2026-10-02 18:27:45,20261002,7,8,2-6-3,447.6
2026-10-02 18:27:45,20261002,7,8,2-6-4,718.9
2026-10-02 18:27:45,20261002,7,8,2-6-5,718.9
2026-10-02 18:27:45,20261002,7,8,3-1-2,15.1
2026-10-02 18:27:45,20261002,7,8,3-1-4,9.9
2026-10-02 18:27:45,20261002,7,8,3-1-5,17.8
2026-10-02 18:27:45,20261002,7,8,3-1-6,8.9
2026-10-02 18:27:45,20261002,7,8,3-2-1,54.1
2026-10-02 18:27:45,20261002,7,8,3-2-4,91.9
2026-10-02 18:27:45,20261002,7,8,3-2-5,83.1
2026-10-02 18:27:45,20261002,7,8,3-2-6,55.7
2026-10-02 18:27:45,20261002,7,8,3-4-1,24.3
2026-10-02 18:27:45,20261002,7,8,3-4-2,71.1
2026-10-02 18:27:45,20261002,7,8,3-4-5,36.2
2026-10-02 18:27:45,20261002,7,8,3-4-6,20.0
2026-10-02 18:27:45,20261002,7,8,3-5-1,40.2
2026-10-02 18:27:45,20261002,7,8,3-5-2,79.0
2026-10-02 18:27:45,20261002,7,8,3-5-4,51.3
2026-10-02 18:27:45,20261002,7,8,3-5-6,33.5
2026-10-02 18:27:45,20261002,7,8,3-6-1,22.0
2026-10-02 18:27:45,20261002,7,8,3-6-2,51.7
2026-10-02 18:27:45,20261002,7,8,3-6-4,30.8
2026-10-02 18:27:45,20261002,7,8,3-6-5,40.1
2026-10-02 18:27:45,20261002,7,8,4-1-2,365.0
2026-10-02 18:27:45,20261002,7,8,4-1-3,120.4
2026-10-02 18:27:45,20261002,7,8,4-1-5,181.5
2026-10-02 18:27:45,20261002,7,8,4-1-6,281.3
2026-10-02 18:27:45,20261002,7,8,4-2-1,504.8
2026-10-02 18:27:45,20261002,7,8,4-2-3,397.6
2026-10-02 18:27:45,20261002,7,8,4-2-5,402.1
2026-10-02 18:27:45,20261002,7,8,4-2-6,428.7
2026-10-02 18:27:45,20261002,7,8,4-3-1,114.9
2026-10-02 18:27:45,20261002,7,8,4-3-2,259.7
2026-10-02 18:27:45,20261002,7,8,4-3-5,165.1
2026-10-02 18:27:45,20261002,7,8,4-3-6,106.7
2026-10-02 18:27:45,20261002,7,8,4-5-1,266.5
2026-10-02 18:27:45,20261002,7,8,4-5-2,444.8
2026-10-02 18:27:45,20261002,7,8,4-5-3,231.0
2026-10-02 18:27:45,20261002,7,8,4-5-6,312.1
2026-10-02 18:27:45,20261002,7,8,4-6-1,340.5
2026-10-02 18:27:45,20261002,7,8,4-6-2,393.2
2026-10-02 18:27:45,20261002,7,8,4-6-3,191.8
2026-10-02 18:27:45,20261002,7,8,4-6-5,376.6
2026-10-02 18:27:45,20261002,7,8,5-1-2,477.7
2026-10-02 18:27:45,20261002,7,8,5-1-3,188.3
2026-10-02 18:27:45,20261002,7,8,5-1-4,316.3
2026-10-02 18:27:45,20261002,7,8,5-1-6,459.2
2026-10-02 18:27:45,20261002,7,8,5-2-1,535.1
2026-10-02 18:27:45,20261002,7,8,5-2-3,539.2
2026-10-02 18:27:45,20261002,7,8,5-2-4,535.1
2026-10-02 18:27:45,20261002,7,8,5-2-6,765.3
2026-10-02 18:27:45,20261002,7,8,5-3-1,201.6
2026-10-02 18:27:45,20261002,7,8,5-3-2,380.6
2026-10-02 18:27:45,20261002,7,8,5-3-4,269.6
2026-10-02 18:27:45,20261002,7,8,5-3-6,242.9
2026-10-02 18:27:45,20261002,7,8,5-4-1,370.7
2026-10-02 18:27:45,20261002,7,8,5-4-2,641.2
2026-10-02 18:27:45,20261002,7,8,5-4-3,361.3
2026-10-02 18:27:45,20261002,7,8,5-4-6,465.2
2026-10-02 18:27:45,20261002,7,8,5-6-1,569.4
2026-10-02 18:27:45,20261002,7,8,5-6-2,837.3
2026-10-02 18:27:45,20261002,7,8,5-6-3,308.1
2026-10-02 18:27:45,20261002,7,8,5-6-4,641.2
2026-10-02 18:27:45,20261002,7,8,6-1-2,269.6
2026-10-02 18:27:45,20261002,7,8,6-1-3,143.5
2026-10-02 18:27:45,20261002,7,8,6-1-4,508.4
2026-10-02 18:27:45,20261002,7,8,6-1-5,501.2
2026-10-02 18:27:45,20261002,7,8,6-2-1,519.5
2026-10-02 18:27:45,20261002,7,8,6-2-3,527.2
2026-10-02 18:27:45,20261002,7,8,6-2-4,808.8
2026-10-02 18:27:45,20261002,7,8,6-2-5,975.0
2026-10-02 18:27:45,20261002,7,8,6-3-1,144.0
2026-10-02 18:27:45,20261002,7,8,6-3-2,302.8
2026-10-02 18:27:45,20261002,7,8,6-3-4,223.8
2026-10-02 18:27:45,20261002,7,8,6-3-5,271.6
2026-10-02 18:27:45,20261002,7,8,6-4-1,647.0
2026-10-02 18:27:45,20261002,7,8,6-4-2,603.2
2026-10-02 18:27:45,20261002,7,8,6-4-3,282.4
2026-10-02 18:27:45,20261002,7,8,6-4-5,647.0
2026-10-02 18:27:45,20261002,7,8,6-5-1,799.7
2026-10-02 18:27:45,20261002,7,8,6-5-2,1002.0
2026-10-02 18:27:45,20261002,7,8,6-5-3,355.8
2026-10-02 18:27:45,20261002,7,8,6-5-4,684.4
2026-10-02 18:33:10,20261002,19,8,1-2-3,2.7
2026-10-02 18:33:10,20261002,19,8,1-2-4,7.9
2026-10-02 18:33:10,20261002,19,8,1-2-5,80.8
2026-10-02 18:33:10,20261002,19,8,1-2-6,52.9
2026-10-02 18:33:10,20261002,19,8,1-3-2,6.8
2026-10-02 18:33:10,20261002,19,8,1-3-4,17.6
2026-10-02 18:33:10,20261002,19,8,1-3-5,103.5
2026-10-02 18:33:10,20261002,19,8,1-3-6,64.2
2026-10-02 18:33:10,20261002,19,8,1-4-2,32.5
2026-10-02 18:33:10,20261002,19,8,1-4-3,40.6
2026-10-02 18:33:10,20261002,19,8,1-4-5,236.6
2026-10-02 18:33:10,20261002,19,8,1-4-6,156.4
2026-10-02 18:33:10,20261002,19,8,1-5-2,235.6
2026-10-02 18:33:10,20261002,19,8,1-5-3,224.7
2026-10-02 18:33:10,20261002,19,8,1-5-4,346.4
2026-10-02 18:33:10,20261002,19,8,1-5-6,632.6
2026-10-02 18:33:10,20261002,19,8,1-6-2,177.4
2026-10-02 18:33:10,20261002,19,8,1-6-3,241.5
2026-10-02 18:33:10,20261002,19,8,1-6-4,295.4
2026-10-02 18:33:10,20261002,19,8,1-6-5,654.0
2026-10-02 18:33:10,20261002,19,8,2-1-3,9.9
2026-10-02 18:33:10,20261002,19,8,2-1-4,23.7
2026-10-02 18:33:10,20261002,19,8,2-1-5,118.7
2026-10-02 18:33:10,20261002,19,8,2-1-6,96.5
2026-10-02 18:33:10,20261002,19,8,2-3-1,26.1
2026-10-02 18:33:10,20261002,19,8,2-3-4,66.2
2026-10-02 18:33:10,20261002,19,8,2-3-5,259.8
2026-10-02 18:33:10,20261002,19,8,2-3-6,204.9
2026-10-02 18:33:10,20261002,19,8,2-4-1,78.4
2026-10-02 18:33:10,20261002,19,8,2-4-3,109.4
2026-10-02 18:33:10,20261002,19,8,2-4-5,366.0
2026-10-02 18:33:10,20261002,19,8,2-4-6,292.5
2026-10-02 18:33:10,20261002,19,8,2-5-1,368.4
2026-10-02 18:33:10,20261002,19,8,2-5-3,501.7
2026-10-02 18:33:10,20261002,19,8,2-5-4,612.7
2026-10-02 18:33:10,20261002,19,8,2-5-6,1077.0
2026-10-02 18:33:10,20261002,19,8,2-6-1,477.1
2026-10-02 18:33:10,20261002,19,8,2-6-3,684.7
2026-10-02 18:33:10,20261002,19,8,2-6-4,454.7
2026-10-02 18:33:10,20261002,19,8,2-6-5,1077.0
2026-10-02 18:33:10,20261002,19,8,3-1-2,30.6
2026-10-02 18:33:10,20261002,19,8,3-1-4,67.3
2026-10-02 18:33:10,20261002,19,8,3-1-5,206.4
2026-10-02 18:33:10,20261002,19,8,3-1-6,174.2
2026-10-02 18:33:10,20261002,19,8,3-2-1,42.7
2026-10-02 18:33:10,20261002,19,8,3-2-4,101.9
2026-10-02 18:33:10,20261002,19,8,3-2-5,311.2
2026-10-02 18:33:10,20261002,19,8,3-2-6,221.3
2026-10-02 18:33:10,20261002,19,8,3-4-1,159.9
2026-10-02 18:33:10,20261002,19,8,3-4-2,163.5
2026-10-02 18:33:10,20261002,19,8,3-4-5,538.9
2026-10-02 18:33:10,20261002,19,8,3-4-6,307.9
2026-10-02 18:33:10,20261002,19,8,3-5-1,506.1
2026-10-02 18:33:10,20261002,19,8,3-5-2,336.4
2026-10-02 18:33:10,20261002,19,8,3-5-4,819.8
2026-10-02 18:33:10,20261002,19,8,3-5-6,831.5
2026-10-02 18:33:10,20261002,19,8,3-6-1,501.7
2026-10-02 18:33:10,20261002,19,8,3-6-2,587.9
2026-10-02 18:33:10,20261002,19,8,3-6-4,554.3
2026-10-02 18:33:10,20261002,19,8,3-6-5,1353.0
2026-10-02 18:33:10,20261002,19,8,4-1-2,131.9
2026-10-02 18:33:10,20261002,19,8,4-1-3,155.2
2026-10-02 18:33:10,20261002,19,8,4-1-5,375.5
2026-10-02 18:33:10,20261002,19,8,4-1-6,328.8
2026-10-02 18:33:10,20261002,19,8,4-2-1,174.7
2026-10-02 18:33:10,20261002,19,8,4-2-3,202.1
2026-10-02 18:33:10,20261002,19,8,4-2-5,543.9
2026-10-02 18:33:10,20261002,19,8,4-2-6,307.9
2026-10-02 18:33:10,20261002,19,8,4-3-1,251.9
2026-10-02 18:33:10,20261002,19,8,4-3-2,281.1
2026-10-02 18:33:10,20261002,19,8,4-3-5,786.5
2026-10-02 18:33:10,20261002,19,8,4-3-6,501.7
2026-10-02 18:33:10,20261002,19,8,4-5-1,565.1
2026-10-02 18:33:10,20261002,19,8,4-5-2,570.6
2026-10-02 18:33:10,20261002,19,8,4-5-3,661.4
2026-10-02 18:33:10,20261002,19,8,4-5-6,855.9
2026-10-02 18:33:10,20261002,19,8,4-6-1,593.9
2026-10-02 18:33:10,20261002,19,8,4-6-2,477.1
2026-10-02 18:33:10,20261002,19,8,4-6-3,593.9
2026-10-02 18:33:10,20261002,19,8,4-6-5,1098.0
2026-10-02 18:33:10,20261002,19,8,5-1-2,582.0
2026-10-02 18:33:10,20261002,19,8,5-1-3,554.3
2026-10-02 18:33:10,20261002,19,8,5-1-4,587.9
2026-10-02 18:33:10,20261002,19,8,5-1-6,493.2
2026-10-02 18:33:10,20261002,19,8,5-2-1,797.3
2026-10-02 18:33:10,20261002,19,8,5-2-3,786.5
2026-10-02 18:33:10,20261002,19,8,5-2-4,625.8
2026-10-02 18:33:10,20261002,19,8,5-2-6,909.4
2026-10-02 18:33:10,20261002,19,8,5-3-1,646.7
2026-10-02 18:33:10,20261002,19,8,5-3-2,855.9
2026-10-02 18:33:10,20261002,19,8,5-3-4,1077.0
2026-10-02 18:33:10,20261002,19,8,5-3-6,1531.0
2026-10-02 18:33:10,20261002,19,8,5-4-1,718.6
2026-10-02 18:33:10,20261002,19,8,5-4-2,786.5
2026-10-02 18:33:10,20261002,19,8,5-4-3,1164.0
2026-10-02 18:33:10,20261002,19,8,5-4-6,1385.0
2026-10-02 18:33:10,20261002,19,8,5-6-1,1616.0
2026-10-02 18:33:10,20261002,19,8,5-6-2,1455.0
2026-10-02 18:33:10,20261002,19,8,5-6-3,1455.0
2026-10-02 18:33:10,20261002,19,8,5-6-4,1455.0
2026-10-02 18:33:10,20261002,19,8,6-1-2,401.4
2026-10-02 18:33:10,20261002,19,8,6-1-3,718.6
2026-10-02 18:33:10,20261002,19,8,6-1-4,1322.0
2026-10-02 18:33:10,20261002,19,8,6-1-5,1492.0
2026-10-02 18:33:10,20261002,19,8,6-2-1,895.5
2026-10-02 18:33:10,20261002,19,8,6-2-3,881.9
2026-10-02 18:33:10,20261002,19,8,6-2-4,718.6
2026-10-02 18:33:10,20261002,19,8,6-2-5,1531.0
2026-10-02 18:33:10,20261002,19,8,6-3-1,1119.0
2026-10-02 18:33:10,20261002,19,8,6-3-2,1212.0
2026-10-02 18:33:10,20261002,19,8,6-3-4,1322.0
2026-10-02 18:33:10,20261002,19,8,6-3-5,2155.0
2026-10-02 18:33:10,20261002,19,8,6-4-1,1058.0
2026-10-02 18:33:10,20261002,19,8,6-4-2,797.3
2026-10-02 18:33:10,20261002,19,8,6-4-3,1322.0
2026-10-02 18:33:10,20261002,19,8,6-4-5,2078.0
2026-10-02 18:33:10,20261002,19,8,6-5-1,2328.0
2026-10-02 18:33:10,20261002,19,8,6-5-2,2155.0
2026-10-02 18:33:10,20261002,19,8,6-5-3,2155.0
2026-10-02 18:33:10,20261002,19,8,6-5-4,1877.0
2026-10-02 18:42:19,20261002,12,9,1-2-3,18.1
2026-10-02 18:42:19,20261002,12,9,1-2-4,20.5
2026-10-02 18:42:19,20261002,12,9,1-2-5,91.6
2026-10-02 18:42:19,20261002,12,9,1-2-6,106.7
2026-10-02 18:42:19,20261002,12,9,1-3-2,8.8
2026-10-02 18:42:19,20261002,12,9,1-3-4,5.4
2026-10-02 18:42:19,20261002,12,9,1-3-5,17.6
2026-10-02 18:42:19,20261002,12,9,1-3-6,57.7
2026-10-02 18:42:19,20261002,12,9,1-4-2,21.6
2026-10-02 18:42:19,20261002,12,9,1-4-3,10.2
2026-10-02 18:42:19,20261002,12,9,1-4-5,55.0
2026-10-02 18:42:19,20261002,12,9,1-4-6,105.3
2026-10-02 18:42:19,20261002,12,9,1-5-2,120.5
2026-10-02 18:42:19,20261002,12,9,1-5-3,65.6
2026-10-02 18:42:19,20261002,12,9,1-5-4,152.1
2026-10-02 18:42:19,20261002,12,9,1-5-6,278.2
2026-10-02 18:42:19,20261002,12,9,1-6-2,149.3
2026-10-02 18:42:19,20261002,12,9,1-6-3,199.6
2026-10-02 18:42:19,20261002,12,9,1-6-4,193.7
2026-10-02 18:42:19,20261002,12,9,1-6-5,285.5
2026-10-02 18:42:19,20261002,12,9,2-1-3,77.8
2026-10-02 18:42:19,20261002,12,9,2-1-4,142.1
2026-10-02 18:42:19,20261002,12,9,2-1-5,157.2
2026-10-02 18:42:19,20261002,12,9,2-1-6,171.3
2026-10-02 18:42:19,20261002,12,9,2-3-1,84.3
2026-10-02 18:42:19,20261002,12,9,2-3-4,186.0
2026-10-02 18:42:19,20261002,12,9,2-3-5,193.7
2026-10-02 18:42:19,20261002,12,9,2-3-6,458.4
2026-10-02 18:42:19,20261002,12,9,2-4-1,212.7
2026-10-02 18:42:19,20261002,12,9,2-4-3,258.3
2026-10-02 18:42:19,20261002,12,9,2-4-5,422.7
2026-10-02 18:42:19,20261002,12,9,2-4-6,445.8
2026-10-02 18:42:19,20261002,12,9,2-5-1,262.5
2026-10-02 18:42:19,20261002,12,9,2-5-3,298.6
2026-10-02 18:42:19,20261002,12,9,2-5-4,551.6
2026-10-02 18:42:19,20261002,12,9,2-5-6,551.6
2026-10-02 18:42:19,20261002,12,9,2-6-1,250.3
2026-10-02 18:42:19,20261002,12,9,2-6-3,571.0
2026-10-02 18:42:19,20261002,12,9,2-6-4,493.1
2026-10-02 18:42:19,20261002,12,9,2-6-5,493.1
2026-10-02 18:42:19,20261002,12,9,3-1-2,24.7
2026-10-02 18:42:19,20261002,12,9,3-1-4,10.3
2026-10-02 18:42:19,20261002,12,9,3-1-5,31.6
2026-10-02 18:42:19,20261002,12,9,3-1-6,120.5
2026-10-02 18:42:19,20261002,12,9,3-2-1,55.1
2026-10-02 18:42:19,20261002,12,9,3-2-4,55.5
2026-10-02 18:42:19,20261002,12,9,3-2-5,112.6
2026-10-02 18:42:19,20261002,12,9,3-2-6,278.2
2026-10-02 18:42:19,20261002,12,9,3-4-1,30.0
2026-10-02 18:42:19,20261002,12,9,3-4-2,76.2
2026-10-02 18:42:19,20261002,12,9,3-4-5,99.5
2026-10-02 18:42:19,20261002,12,9,3-4-6,192.6
2026-10-02 18:42:19,20261002,12,9,3-5-1,80.7
2026-10-02 18:42:19,20261002,12,9,3-5-2,131.7
2026-10-02 18:42:19,20261002,12,9,3-5-4,198.4
2026-10-02 18:42:19,20261002,12,9,3-5-6,417.3
2026-10-02 18:42:19,20261002,12,9,3-6-1,401.8
2026-10-02 18:42:19,20261002,12,9,3-6-2,516.6
2026-10-02 18:42:19,20261002,12,9,3-6-4,434.0
2026-10-02 18:42:19,20261002,12,9,3-6-5,500.7
2026-10-02 18:42:19,20261002,12,9,4-1-2,135.6
2026-10-02 18:42:19,20261002,12,9,4-1-3,49.7
2026-10-02 18:42:19,20261002,12,9,4-1-5,111.4
2026-10-02 18:42:19,20261002,12,9,4-1-6,266.8
2026-10-02 18:42:19,20261002,12,9,4-2-1,256.2
2026-10-02 18:42:19,20261002,12,9,4-2-3,203.4
2026-10-02 18:42:19,20261002,12,9,4-2-5,361.6
2026-10-02 18:42:19,20261002,12,9,4-2-6,280.6
2026-10-02 18:42:19,20261002,12,9,4-3-1,67.6
2026-10-02 18:42:19,20261002,12,9,4-3-2,174.0
2026-10-02 18:42:19,20261002,12,9,4-3-5,232.5
2026-10-02 18:42:19,20261002,12,9,4-3-6,369.8
2026-10-02 18:42:19,20261002,12,9,4-5-1,214.1
2026-10-02 18:42:19,20261002,12,9,4-5-2,378.4
2026-10-02 18:42:19,20261002,12,9,4-5-3,295.9
2026-10-02 18:42:19,20261002,12,9,4-5-6,422.7
2026-10-02 18:42:19,20261002,12,9,4-6-1,412.0
2026-10-02 18:42:19,20261002,12,9,4-6-2,374.1
2026-10-02 18:42:19,20261002,12,9,4-6-3,485.8
2026-10-02 18:42:19,20261002,12,9,4-6-5,382.9
2026-10-02 18:42:19,20261002,12,9,5-1-2,325.5
2026-10-02 18:42:19,20261002,12,9,5-1-3,137.9
2026-10-02 18:42:19,20261002,12,9,5-1-4,218.4
2026-10-02 18:42:19,20261002,12,9,5-1-6,332.1
2026-10-02 18:42:19,20261002,12,9,5-2-1,346.2
2026-10-02 18:42:19,20261002,12,9,5-2-3,325.5
2026-10-02 18:42:19,20261002,12,9,5-2-4,269.0
2026-10-02 18:42:19,20261002,12,9,5-2-6,465.0
2026-10-02 18:42:19,20261002,12,9,5-3-1,158.7
2026-10-02 18:42:19,20261002,12,9,5-3-2,382.9
2026-10-02 18:42:19,20261002,12,9,5-3-4,374.1
2026-10-02 18:42:19,20261002,12,9,5-3-6,581.2
2026-10-02 18:42:19,20261002,12,9,5-4-1,307.0
2026-10-02 18:42:19,20261002,12,9,5-4-2,485.8
2026-10-02 18:42:19,20261002,12,9,5-4-3,387.5
2026-10-02 18:42:19,20261002,12,9,5-4-6,458.4
2026-10-02 18:42:19,20261002,12,9,5-6-1,551.6
2026-10-02 18:42:19,20261002,12,9,5-6-2,775.0
2026-10-02 18:42:19,20261002,12,9,5-6-3,707.6
2026-10-02 18:42:19,20261002,12,9,5-6-4,651.0
2026-10-02 18:42:19,20261002,12,9,6-1-2,207.3
2026-10-02 18:42:19,20261002,12,9,6-1-3,288.0
2026-10-02 18:42:19,20261002,12,9,6-1-4,561.2
2026-10-02 18:42:19,20261002,12,9,6-1-5,581.2
2026-10-02 18:42:19,20261002,12,9,6-2-1,417.3
2026-10-02 18:42:19,20261002,12,9,6-2-3,692.5
2026-10-02 18:42:19,20261002,12,9,6-2-4,1122.0
2026-10-02 18:42:19,20261002,12,9,6-2-5,793.9
2026-10-02 18:42:19,20261002,12,9,6-3-1,465.0
2026-10-02 18:42:19,20261002,12,9,6-3-2,664.2
2026-10-02 18:42:19,20261002,12,9,6-3-4,813.7
2026-10-02 18:42:19,20261002,12,9,6-3-5,471.7
2026-10-02 18:42:19,20261002,12,9,6-4-1,904.1
2026-10-02 18:42:19,20261002,12,9,6-4-2,1251.0
2026-10-02 18:42:19,20261002,12,9,6-4-3,856.5
2026-10-02 18:42:19,20261002,12,9,6-4-5,1356.0
2026-10-02 18:42:19,20261002,12,9,6-5-1,664.2
2026-10-02 18:42:19,20261002,12,9,6-5-2,1205.0
2026-10-02 18:42:19,20261002,12,9,6-5-3,471.7
2026-10-02 18:42:19,20261002,12,9,6-5-4,1251.0
2026-10-02 18:46:08,20261002,15,9,1-2-3,18.6
2026-10-02 18:46:08,20261002,15,9,1-2-4,17.8
2026-10-02 18:46:08,20261002,15,9,1-2-5,15.0
2026-10-02 18:46:08,20261002,15,9,1-2-6,14.5
2026-10-02 18:46:08,20261002,15,9,1-3-2,34.9
2026-10-02 18:46:08,20261002,15,9,1-3-4,33.2
2026-10-02 18:46:08,20261002,15,9,1-3-5,26.9
2026-10-02 18:46:08,20261002,15,9,1-3-6,31.3
2026-10-02 18:46:08,20261002,15,9,1-4-2,31.7
2026-10-02 18:46:08,20261002,15,9,1-4-3,53.6
2026-10-02 18:46:08,20261002,15,9,1-4-5,25.8
2026-10-02 18:46:08,20261002,15,9,1-4-6,20.4
2026-10-02 18:46:08,20261002,15,9,1-5-2,16.5
2026-10-02 18:46:08,20261002,15,9,1-5-3,31.3
2026-10-02 18:46:08,20261002,15,9,1-5-4,35.5
2026-10-02 18:46:08,20261002,15,9,1-5-6,24.8
2026-10-02 18:46:08,20261002,15,9,1-6-2,23.2
2026-10-02 18:46:08,20261002,15,9,1-6-3,33.7
2026-10-02 18:46:08,20261002,15,9,1-6-4,23.3
2026-10-02 18:46:08,20261002,15,9,1-6-5,25.2
2026-10-02 18:46:08,20261002,15,9,2-1-3,95.1
2026-10-02 18:46:08,20261002,15,9,2-1-4,107.3
2026-10-02 18:46:08,20261002,15,9,2-1-5,105.3
2026-10-02 18:46:08,20261002,15,9,2-1-6,79.9
2026-10-02 18:46:08,20261002,15,9,2-3-1,170.3
2026-10-02 18:46:08,20261002,15,9,2-3-4,215.5
2026-10-02 18:46:08,20261002,15,9,2-3-5,306.5
2026-10-02 18:46:08,20261002,15,9,2-3-6,388.5
2026-10-02 18:46:08,20261002,15,9,2-4-1,210.6
2026-10-02 18:46:08,20261002,15,9,2-4-3,287.3
2026-10-02 18:46:08,20261002,15,9,2-4-5,237.8
2026-10-02 18:46:08,20261002,15,9,2-4-6,467.6
2026-10-02 18:46:08,20261002,15,9,2-5-1,215.5
2026-10-02 18:46:08,20261002,15,9,2-5-3,358.3
2026-10-02 18:46:08,20261002,15,9,2-5-4,324.5
2026-10-02 18:46:08,20261002,15,9,2-5-6,377.9
2026-10-02 18:46:08,20261002,15,9,2-6-1,231.8
2026-10-02 18:46:08,20261002,15,9,2-6-3,431.0
2026-10-02 18:46:08,20261002,15,9,2-6-4,363.0
2026-10-02 18:46:08,20261002,15,9,2-6-5,424.4
2026-10-02 18:46:08,20261002,15,9,3-1-2,91.9
2026-10-02 18:46:08,20261002,15,9,3-1-4,112.1
2026-10-02 18:46:08,20261002,15,9,3-1-5,83.3
2026-10-02 18:46:08,20261002,15,9,3-1-6,106.1
2026-10-02 18:46:08,20261002,15,9,3-2-1,179.1
2026-10-02 18:46:08,20261002,15,9,3-2-4,164.2
2026-10-02 18:46:08,20261002,15,9,3-2-5,303.1
2026-10-02 18:46:08,20261002,15,9,3-2-6,250.8
2026-10-02 18:46:08,20261002,15,9,3-4-1,170.3
2026-10-02 18:46:08,20261002,15,9,3-4-2,340.6
2026-10-02 18:46:08,20261002,15,9,3-4-5,492.6
2026-10-02 18:46:08,20261002,15,9,3-4-6,262.7
2026-10-02 18:46:08,20261002,15,9,3-5-1,242.0
2026-10-02 18:46:08,20261002,15,9,3-5-2,287.3
2026-10-02 18:46:08,20261002,15,9,3-5-4,383.1
2026-10-02 18:46:08,20261002,15,9,3-5-6,383.1
2026-10-02 18:46:08,20261002,15,9,3-6-1,299.8
2026-10-02 18:46:08,20261002,15,9,3-6-2,411.7
2026-10-02 18:46:08,20261002,15,9,3-6-4,344.8
2026-10-02 18:46:08,20261002,15,9,3-6-5,574.7
2026-10-02 18:46:08,20261002,15,9,4-1-2,150.7
2026-10-02 18:46:08,20261002,15,9,4-1-3,167.2
2026-10-02 18:46:08,20261002,15,9,4-1-5,68.1
2026-10-02 18:46:08,20261002,15,9,4-1-6,77.2
2026-10-02 18:46:08,20261002,15,9,4-2-1,228.0
2026-10-02 18:46:08,20261002,15,9,4-2-3,336.4
2026-10-02 18:46:08,20261002,15,9,4-2-5,126.5
2026-10-02 18:46:08,20261002,15,9,4-2-6,246.3
2026-10-02 18:46:08,20261002,15,9,4-3-1,253.1
2026-10-02 18:46:08,20261002,15,9,4-3-2,599.7
2026-10-02 18:46:08,20261002,15,9,4-3-5,313.5
2026-10-02 18:46:08,20261002,15,9,4-3-6,313.5
2026-10-02 18:46:08,20261002,15,9,4-5-1,97.4
2026-10-02 18:46:08,20261002,15,9,4-5-2,244.1
2026-10-02 18:46:08,20261002,15,9,4-5-3,284.4
2026-10-02 18:46:08,20261002,15,9,4-5-6,130.7
2026-10-02 18:46:08,20261002,15,9,4-6-1,94.4
2026-10-02 18:46:08,20261002,15,9,4-6-2,290.4
2026-10-02 18:46:08,20261002,15,9,4-6-3,324.5
2026-10-02 18:46:08,20261002,15,9,4-6-5,159.4
2026-10-02 18:46:08,20261002,15,9,5-1-2,104.9
2026-10-02 18:46:08,20261002,15,9,5-1-3,127.7
2026-10-02 18:46:08,20261002,15,9,5-1-4,99.2
2026-10-02 18:46:08,20261002,15,9,5-1-6,65.5
2026-10-02 18:46:08,20261002,15,9,5-2-1,226.1
2026-10-02 18:46:08,20261002,15,9,5-2-3,296.6
2026-10-02 18:46:08,20261002,15,9,5-2-4,273.1
2026-10-02 18:46:08,20261002,15,9,5-2-6,260.2
2026-10-02 18:46:08,20261002,15,9,5-3-1,267.8
2026-10-02 18:46:08,20261002,15,9,5-3-2,551.8
2026-10-02 18:46:08,20261002,15,9,5-3-4,437.9
2026-10-02 18:46:08,20261002,15,9,5-3-6,452.2
2026-10-02 18:46:08,20261002,15,9,5-4-1,192.9
2026-10-02 18:46:08,20261002,15,9,5-4-2,293.5
2026-10-02 18:46:08,20261002,15,9,5-4-3,484.0
2026-10-02 18:46:08,20261002,15,9,5-4-6,237.8
2026-10-02 18:46:08,20261002,15,9,5-6-1,145.9
2026-10-02 18:46:08,20261002,15,9,5-6-2,377.9
2026-10-02 18:46:08,20261002,15,9,5-6-3,431.0
2026-10-02 18:46:08,20261002,15,9,5-6-4,344.8
2026-10-02 18:46:08,20261002,15,9,6-1-2,77.9
2026-10-02 18:46:08,20261002,15,9,6-1-3,108.6
2026-10-02 18:46:08,20261002,15,9,6-1-4,89.2
2026-10-02 18:46:08,20261002,15,9,6-1-5,102.5
2026-10-02 18:46:08,20261002,15,9,6-2-1,169.2
2026-10-02 18:46:08,20261002,15,9,6-2-3,358.3
2026-10-02 18:46:08,20261002,15,9,6-2-4,399.8
2026-10-02 18:46:08,20261002,15,9,6-2-5,353.7
2026-10-02 18:46:08,20261002,15,9,6-3-1,296.6
2026-10-02 18:46:08,20261002,15,9,6-3-2,445.0
2026-10-02 18:46:08,20261002,15,9,6-3-4,475.6
2026-10-02 18:46:08,20261002,15,9,6-3-5,672.9
2026-10-02 18:46:08,20261002,15,9,6-4-1,130.7
2026-10-02 18:46:08,20261002,15,9,6-4-2,627.0
2026-10-02 18:46:08,20261002,15,9,6-4-3,332.4
2026-10-02 18:46:08,20261002,15,9,6-4-5,388.5
2026-10-02 18:46:08,20261002,15,9,6-5-1,155.8
2026-10-02 18:46:08,20261002,15,9,6-5-2,492.6
2026-10-02 18:46:08,20261002,15,9,6-5-3,689.7
2026-10-02 18:46:08,20261002,15,9,6-5-4,367.8
2026-10-02 18:51:41,20261002,24,4,1-2-3,17.5
2026-10-02 18:51:41,20261002,24,4,1-2-4,12.7
2026-10-02 18:51:41,20261002,24,4,1-2-5,25.8
2026-10-02 18:51:41,20261002,24,4,1-2-6,27.2
2026-10-02 18:51:41,20261002,24,4,1-3-2,26.6
2026-10-02 18:51:41,20261002,24,4,1-3-4,26.0
2026-10-02 18:51:41,20261002,24,4,1-3-5,43.5
2026-10-02 18:51:41,20261002,24,4,1-3-6,58.0
2026-10-02 18:51:41,20261002,24,4,1-4-2,18.4
2026-10-02 18:51:41,20261002,24,4,1-4-3,37.4
2026-10-02 18:51:41,20261002,24,4,1-4-5,23.5
2026-10-02 18:51:41,20261002,24,4,1-4-6,29.7
2026-10-02 18:51:41,20261002,24,4,1-5-2,53.9
2026-10-02 18:51:41,20261002,24,4,1-5-3,80.8
2026-10-02 18:51:41,20261002,24,4,1-5-4,57.8
2026-10-02 18:51:41,20261002,24,4,1-5-6,78.7
2026-10-02 18:51:41,20261002,24,4,1-6-2,72.8
2026-10-02 18:51:41,20261002,24,4,1-6-3,103.2
2026-10-02 18:51:41,20261002,24,4,1-6-4,77.0
2026-10-02 18:51:41,20261002,24,4,1-6-5,99.2
2026-10-02 18:51:41,20261002,24,4,2-1-3,63.6
2026-10-02 18:51:41,20261002,24,4,2-1-4,39.9
2026-10-02 18:51:41,20261002,24,4,2-1-5,57.4
2026-10-02 18:51:41,20261002,24,4,2-1-6,61.8
2026-10-02 18:51:41,20261002,24,4,2-3-1,137.1
2026-10-02 18:51:41,20261002,24,4,2-3-4,109.3
2026-10-02 18:51:41,20261002,24,4,2-3-5,156.3
2026-10-02 18:51:41,20261002,24,4,2-3-6,212.7
2026-10-02 18:51:41,20261002,24,4,2-4-1,80.8
2026-10-02 18:51:41,20261002,24,4,2-4-3,130.8
2026-10-02 18:51:41,20261002,24,4,2-4-5,69.8
2026-10-02 18:51:41,20261002,24,4,2-4-6,82.5
2026-10-02 18:51:41,20261002,24,4,2-5-1,181.8
2026-10-02 18:51:41,20261002,24,4,2-5-3,262.7
2026-10-02 18:51:41,20261002,24,4,2-5-4,114.5
2026-10-02 18:51:41,20261002,24,4,2-5-6,169.0
2026-10-02 18:51:41,20261002,24,4,2-6-1,223.3
2026-10-02 18:51:41,20261002,24,4,2-6-3,339.9
2026-10-02 18:51:41,20261002,24,4,2-6-4,152.5
2026-10-02 18:51:41,20261002,24,4,2-6-5,169.9
2026-10-02 18:51:41,20261002,24,4,3-1-2,122.6
2026-10-02 18:51:41,20261002,24,4,3-1-4,82.5
2026-10-02 18:51:41,20261002,24,4,3-1-5,100.2
2026-10-02 18:51:41,20261002,24,4,3-1-6,125.0
2026-10-02 18:51:41,20261002,24,4,3-2-1,185.0
2026-10-02 18:51:41,20261002,24,4,3-2-4,153.2
2026-10-02 18:51:41,20261002,24,4,3-2-5,205.7
2026-10-02 18:51:41,20261002,24,4,3-2-6,212.7
2026-10-02 18:51:41,20261002,24,4,3-4-1,171.8
2026-10-02 18:51:41,20261002,24,4,3-4-2,205.7
2026-10-02 18:51:41,20261002,24,4,3-4-5,193.0
2026-10-02 18:51:41,20261002,24,4,3-4-6,188.3
2026-10-02 18:51:41,20261002,24,4,3-5-1,256.3
2026-10-02 18:51:41,20261002,24,4,3-5-2,238.7
2026-10-02 18:51:41,20261002,24,4,3-5-4,292.2
2026-10-02 18:51:41,20261002,24,4,3-5-6,336.2
2026-10-02 18:51:41,20261002,24,4,3-6-1,390.9
2026-10-02 18:51:41,20261002,24,4,3-6-2,381.3
2026-10-02 18:51:41,20261002,24,4,3-6-4,386.0
2026-10-02 18:51:41,20261002,24,4,3-6-5,367.9
2026-10-02 18:51:41,20261002,24,4,4-1-2,50.1
2026-10-02 18:51:41,20261002,24,4,4-1-3,92.7
2026-10-02 18:51:41,20261002,24,4,4-1-5,42.0
2026-10-02 18:51:41,20261002,24,4,4-1-6,54.1
2026-10-02 18:51:41,20261002,24,4,4-2-1,71.7
2026-10-02 18:51:41,20261002,24,4,4-2-3,152.5
2026-10-02 18:51:41,20261002,24,4,4-2-5,67.5
2026-10-02 18:51:41,20261002,24,4,4-2-6,76.2
2026-10-02 18:51:41,20261002,24,4,4-3-1,162.8
2026-10-02 18:51:41,20261002,24,4,4-3-2,309.6
2026-10-02 18:51:41,20261002,24,4,4-3-5,164.5
2026-10-02 18:51:41,20261002,24,4,4-3-6,197.9
2026-10-02 18:51:41,20261002,24,4,4-5-1,69.6
2026-10-02 18:51:41,20261002,24,4,4-5-2,64.0
2026-10-02 18:51:41,20261002,24,4,4-5-3,142.1
2026-10-02 18:51:41,20261002,24,4,4-5-6,48.4
2026-10-02 18:51:41,20261002,24,4,4-6-1,97.4
2026-10-02 18:51:41,20261002,24,4,4-6-2,80.5
2026-10-02 18:51:41,20261002,24,4,4-6-3,151.8
2026-10-02 18:51:41,20261002,24,4,4-6-5,55.1
2026-10-02 18:51:41,20261002,24,4,5-1-2,171.8
2026-10-02 18:51:41,20261002,24,4,5-1-3,193.0
2026-10-02 18:51:41,20261002,24,4,5-1-4,139.6
2026-10-02 18:51:41,20261002,24,4,5-1-6,144.1
2026-10-02 18:51:41,20261002,24,4,5-2-1,233.3
2026-10-02 18:51:41,20261002,24,4,5-2-3,306.5
2026-10-02 18:51:41,20261002,24,4,5-2-4,133.6
2026-10-02 18:51:41,20261002,24,4,5-2-6,171.8
2026-10-02 18:51:41,20261002,24,4,5-3-1,306.5
2026-10-02 18:51:41,20261002,24,4,5-3-2,411.4
2026-10-02 18:51:41,20261002,24,4,5-3-4,250.1
2026-10-02 18:51:41,20261002,24,4,5-3-6,351.3
2026-10-02 18:51:41,20261002,24,4,5-4-1,126.0
2026-10-02 18:51:41,20261002,24,4,5-4-2,129.7
2026-10-02 18:51:41,20261002,24,4,5-4-3,220.2
2026-10-02 18:51:41,20261002,24,4,5-4-6,110.8
2026-10-02 18:51:41,20261002,24,4,5-6-1,254.2
2026-10-02 18:51:41,20261002,24,4,5-6-2,226.6
2026-10-02 18:51:41,20261002,24,4,5-6-3,303.6
2026-10-02 18:51:41,20261002,24,4,5-6-4,157.9
2026-10-02 18:51:41,20261002,24,4,6-1-2,112.4
2026-10-02 18:51:41,20261002,24,4,6-1-3,196.6
2026-10-02 18:51:41,20261002,24,4,6-1-4,140.8
2026-10-02 18:51:41,20261002,24,4,6-1-5,201.7
2026-10-02 18:51:41,20261002,24,4,6-2-1,165.4
2026-10-02 18:51:41,20261002,24,4,6-2-3,386.0
2026-10-02 18:51:41,20261002,24,4,6-2-4,166.3
2026-10-02 18:51:41,20261002,24,4,6-2-5,224.9
2026-10-02 18:51:41,20261002,24,4,6-3-1,481.1
2026-10-02 18:51:41,20261002,24,4,6-3-2,679.8
2026-10-02 18:51:41,20261002,24,4,6-3-4,359.4
2026-10-02 18:51:41,20261002,24,4,6-3-5,488.6
2026-10-02 18:51:41,20261002,24,4,6-4-1,190.6
2026-10-02 18:51:41,20261002,24,4,6-4-2,159.5
2026-10-02 18:51:41,20261002,24,4,6-4-3,297.8
2026-10-02 18:51:41,20261002,24,4,6-4-5,125.5
2026-10-02 18:51:41,20261002,24,4,6-5-1,325.7
2026-10-02 18:51:41,20261002,24,4,6-5-2,252.1
2026-10-02 18:51:41,20261002,24,4,6-5-3,381.3
2026-10-02 18:51:41,20261002,24,4,6-5-4,181.8
2026-10-02 18:58:49,20261002,7,9,1-2-3,51.0
2026-10-02 18:58:49,20261002,7,9,1-2-4,42.3
2026-10-02 18:58:49,20261002,7,9,1-2-5,41.2
2026-10-02 18:58:49,20261002,7,9,1-2-6,69.2
2026-10-02 18:58:49,20261002,7,9,1-3-2,46.2
2026-10-02 18:58:49,20261002,7,9,1-3-4,18.8
2026-10-02 18:58:49,20261002,7,9,1-3-5,16.8
2026-10-02 18:58:49,20261002,7,9,1-3-6,47.8
2026-10-02 18:58:49,20261002,7,9,1-4-2,36.0
2026-10-02 18:58:49,20261002,7,9,1-4-3,20.6
2026-10-02 18:58:49,20261002,7,9,1-4-5,11.4
2026-10-02 18:58:49,20261002,7,9,1-4-6,38.0
2026-10-02 18:58:49,20261002,7,9,1-5-2,39.5
2026-10-02 18:58:49,20261002,7,9,1-5-3,20.1
2026-10-02 18:58:49,20261002,7,9,1-5-4,14.8
2026-10-02 18:58:49,20261002,7,9,1-5-6,40.7
2026-10-02 18:58:49,20261002,7,9,1-6-2,141.2
2026-10-02 18:58:49,20261002,7,9,1-6-3,105.3
2026-10-02 18:58:49,20261002,7,9,1-6-4,119.0
2026-10-02 18:58:49,20261002,7,9,1-6-5,122.8
2026-10-02 18:58:49,20261002,7,9,2-1-3,172.4
2026-10-02 18:58:49,20261002,7,9,2-1-4,153.0
2026-10-02 18:58:49,20261002,7,9,2-1-5,123.8
2026-10-02 18:58:49,20261002,7,9,2-1-6,194.6
2026-10-02 18:58:49,20261002,7,9,2-3-1,240.0
2026-10-02 18:58:49,20261002,7,9,2-3-4,391.1
2026-10-02 18:58:49,20261002,7,9,2-3-5,227.1
2026-10-02 18:58:49,20261002,7,9,2-3-6,521.5
2026-10-02 18:58:49,20261002,7,9,2-4-1,237.3
2026-10-02 18:58:49,20261002,7,9,2-4-3,343.4
2026-10-02 18:58:49,20261002,7,9,2-4-5,179.0
2026-10-02 18:58:49,20261002,7,9,2-4-6,394.8
2026-10-02 18:58:49,20261002,7,9,2-5-1,141.7
2026-10-02 18:58:49,20261002,7,9,2-5-3,144.6
2026-10-02 18:58:49,20261002,7,9,2-5-4,224.7
2026-10-02 18:58:49,20261002,7,9,2-5-6,306.1
2026-10-02 18:58:49,20261002,7,9,2-6-1,426.7
2026-10-02 18:58:49,20261002,7,9,2-6-3,474.6
2026-10-02 18:58:49,20261002,7,9,2-6-4,431.0
2026-10-02 18:58:49,20261002,7,9,2-6-5,440.0
2026-10-02 18:58:49,20261002,7,9,3-1-2,136.7
2026-10-02 18:58:49,20261002,7,9,3-1-4,44.7
2026-10-02 18:58:49,20261002,7,9,3-1-5,35.7
2026-10-02 18:58:49,20261002,7,9,3-1-6,117.3
2026-10-02 18:58:49,20261002,7,9,3-2-1,240.0
2026-10-02 18:58:49,20261002,7,9,3-2-4,203.1
2026-10-02 18:58:49,20261002,7,9,3-2-5,175.3
2026-10-02 18:58:49,20261002,7,9,3-2-6,276.1
2026-10-02 18:58:49,20261002,7,9,3-4-1,88.0
2026-10-02 18:58:49,20261002,7,9,3-4-2,237.3
2026-10-02 18:58:49,20261002,7,9,3-4-5,93.0
2026-10-02 18:58:49,20261002,7,9,3-4-6,190.3
2026-10-02 18:58:49,20261002,7,9,3-5-1,62.7
2026-10-02 18:58:49,20261002,7,9,3-5-2,137.1
2026-10-02 18:58:49,20261002,7,9,3-5-4,74.6
2026-10-02 18:58:49,20261002,7,9,3-5-6,166.9
2026-10-02 18:58:49,20261002,7,9,3-6-1,297.5
2026-10-02 18:58:49,20261002,7,9,3-6-2,402.3
2026-10-02 18:58:49,20261002,7,9,3-6-4,265.7
2026-10-02 18:58:49,20261002,7,9,3-6-5,352.0
2026-10-02 18:58:49,20261002,7,9,4-1-2,111.4
2026-10-02 18:58:49,20261002,7,9,4-1-3,65.3
2026-10-02 18:58:49,20261002,7,9,4-1-5,30.2
2026-10-02 18:58:49,20261002,7,9,4-1-6,107.2
2026-10-02 18:58:49,20261002,7,9,4-2-1,140.3
2026-10-02 18:58:49,20261002,7,9,4-2-3,303.9
2026-10-02 18:58:49,20261002,7,9,4-2-5,113.8
2026-10-02 18:58:49,20261002,7,9,4-2-6,227.1
2026-10-02 18:58:49,20261002,7,9,4-3-1,105.3
2026-10-02 18:58:49,20261002,7,9,4-3-2,301.7
2026-10-02 18:58:49,20261002,7,9,4-3-5,112.9
2026-10-02 18:58:49,20261002,7,9,4-3-6,200.2
2026-10-02 18:58:49,20261002,7,9,4-5-1,33.0
2026-10-02 18:58:49,20261002,7,9,4-5-2,98.9
2026-10-02 18:58:49,20261002,7,9,4-5-3,72.8
2026-10-02 18:58:49,20261002,7,9,4-5-6,70.0
2026-10-02 18:58:49,20261002,7,9,4-6-1,215.5
2026-10-02 18:58:49,20261002,7,9,4-6-2,306.1
2026-10-02 18:58:49,20261002,7,9,4-6-3,317.6
2026-10-02 18:58:49,20261002,7,9,4-6-5,193.7
2026-10-02 18:58:49,20261002,7,9,5-1-2,87.6
2026-10-02 18:58:49,20261002,7,9,5-1-3,51.0
2026-10-02 18:58:49,20261002,7,9,5-1-4,33.6
2026-10-02 18:58:49,20261002,7,9,5-1-6,87.2
2026-10-02 18:58:49,20261002,7,9,5-2-1,156.4
2026-10-02 18:58:49,20261002,7,9,5-2-3,124.2
2026-10-02 18:58:49,20261002,7,9,5-2-4,147.2
2026-10-02 18:58:49,20261002,7,9,5-2-6,232.1
2026-10-02 18:58:49,20261002,7,9,5-3-1,70.7
2026-10-02 18:58:49,20261002,7,9,5-3-2,159.4
2026-10-02 18:58:49,20261002,7,9,5-3-4,83.3
2026-10-02 18:58:49,20261002,7,9,5-3-6,198.3
2026-10-02 18:58:49,20261002,7,9,5-4-1,39.2
2026-10-02 18:58:49,20261002,7,9,5-4-2,135.8
2026-10-02 18:58:49,20261002,7,9,5-4-3,85.5
2026-10-02 18:58:49,20261002,7,9,5-4-6,106.4
2026-10-02 18:58:49,20261002,7,9,5-6-1,186.1
2026-10-02 18:58:49,20261002,7,9,5-6-2,293.3
2026-10-02 18:58:49,20261002,7,9,5-6-3,232.1
2026-10-02 18:58:49,20261002,7,9,5-6-4,211.2
2026-10-02 18:58:49,20261002,7,9,6-1-2,215.5
2026-10-02 18:58:49,20261002,7,9,6-1-3,414.1
2026-10-02 18:58:49,20261002,7,9,6-1-4,509.0
2026-10-02 18:58:49,20261002,7,9,6-1-5,377.2
2026-10-02 18:58:49,20261002,7,9,6-2-1,380.6
2026-10-02 18:58:49,20261002,7,9,6-2-3,528.0
2026-10-02 18:58:49,20261002,7,9,6-2-4,586.7
2026-10-02 18:58:49,20261002,7,9,6-2-5,509.0
2026-10-02 18:58:49,20261002,7,9,6-3-1,502.9
2026-10-02 18:58:49,20261002,7,9,6-3-2,548.6
2026-10-02 18:58:49,20261002,7,9,6-3-4,595.0
2026-10-02 18:58:49,20261002,7,9,6-3-5,548.6
2026-10-02 18:58:49,20261002,7,9,6-4-1,630.5
2026-10-02 18:58:49,20261002,7,9,6-4-2,603.5
2026-10-02 18:58:49,20261002,7,9,6-4-3,741.1
2026-10-02 18:58:49,20261002,7,9,6-4-5,480.0
2026-10-02 18:58:49,20261002,7,9,6-5-1,469.4
2026-10-02 18:58:49,20261002,7,9,6-5-2,406.2
2026-10-02 18:58:49,20261002,7,9,6-5-3,491.2
2026-10-02 18:58:49,20261002,7,9,6-5-4,373.8
2026-10-02 19:05:38,20261002,19,9,1-2-3,21.3
2026-10-02 19:05:38,20261002,19,9,1-2-4,16.9
2026-10-02 19:05:38,20261002,19,9,1-2-5,22.9
2026-10-02 19:05:38,20261002,19,9,1-2-6,94.2
2026-10-02 19:05:38,20261002,19,9,1-3-2,45.8
2026-10-02 19:05:38,20261002,19,9,1-3-4,75.4
2026-10-02 19:05:38,20261002,19,9,1-3-5,81.4
2026-10-02 19:05:38,20261002,19,9,1-3-6,223.3
2026-10-02 19:05:38,20261002,19,9,1-4-2,40.0
2026-10-02 19:05:38,20261002,19,9,1-4-3,85.8
2026-10-02 19:05:38,20261002,19,9,1-4-5,64.5
2026-10-02 19:05:38,20261002,19,9,1-4-6,218.7
2026-10-02 19:05:38,20261002,19,9,1-5-2,86.2
2026-10-02 19:05:38,20261002,19,9,1-5-3,149.8
2026-10-02 19:05:38,20261002,19,9,1-5-4,159.6
2026-10-02 19:05:38,20261002,19,9,1-5-6,371.4
2026-10-02 19:05:38,20261002,19,9,1-6-2,253.6
2026-10-02 19:05:38,20261002,19,9,1-6-3,566.2
2026-10-02 19:05:38,20261002,19,9,1-6-4,399.8
2026-10-02 19:05:38,20261002,19,9,1-6-5,465.6
2026-10-02 19:05:38,20261002,19,9,2-1-3,19.8
2026-10-02 19:05:38,20261002,19,9,2-1-4,14.3
2026-10-02 19:05:38,20261002,19,9,2-1-5,20.9
2026-10-02 19:05:38,20261002,19,9,2-1-6,90.4
2026-10-02 19:05:38,20261002,19,9,2-3-1,32.8
2026-10-02 19:05:38,20261002,19,9,2-3-4,16.9
2026-10-02 19:05:38,20261002,19,9,2-3-5,22.5
2026-10-02 19:05:38,20261002,19,9,2-3-6,107.5
2026-10-02 19:05:38,20261002,19,9,2-4-1,17.2
2026-10-02 19:05:38,20261002,19,9,2-4-3,16.0
2026-10-02 19:05:38,20261002,19,9,2-4-5,10.8
2026-10-02 19:05:38,20261002,19,9,2-4-6,49.9
2026-10-02 19:05:38,20261002,19,9,2-5-1,44.0
2026-10-02 19:05:38,20261002,19,9,2-5-3,37.4
2026-10-02 19:05:38,20261002,19,9,2-5-4,22.7
2026-10-02 19:05:38,20261002,19,9,2-5-6,92.0
2026-10-02 19:05:38,20261002,19,9,2-6-1,299.3
2026-10-02 19:05:38,20261002,19,9,2-6-3,332.5
2026-10-02 19:05:38,20261002,19,9,2-6-4,181.2
2026-10-02 19:05:38,20261002,19,9,2-6-5,217.8
2026-10-02 19:05:38,20261002,19,9,3-1-2,115.6
2026-10-02 19:05:38,20261002,19,9,3-1-4,150.5
2026-10-02 19:05:38,20261002,19,9,3-1-5,170.9
2026-10-02 19:05:38,20261002,19,9,3-1-6,372.8
2026-10-02 19:05:38,20261002,19,9,3-2-1,105.7
2026-10-02 19:05:38,20261002,19,9,3-2-4,59.2
2026-10-02 19:05:38,20261002,19,9,3-2-5,86.2
2026-10-02 19:05:38,20261002,19,9,3-2-6,272.8
2026-10-02 19:05:38,20261002,19,9,3-4-1,244.2
2026-10-02 19:05:38,20261002,19,9,3-4-2,88.8
2026-10-02 19:05:38,20261002,19,9,3-4-5,166.5
2026-10-02 19:05:38,20261002,19,9,3-4-6,242.5
2026-10-02 19:05:38,20261002,19,9,3-5-1,291.0
2026-10-02 19:05:38,20261002,19,9,3-5-2,152.7
2026-10-02 19:05:38,20261002,19,9,3-5-4,285.4
2026-10-02 19:05:38,20261002,19,9,3-5-6,372.8
2026-10-02 19:05:38,20261002,19,9,3-6-1,1080.0
2026-10-02 19:05:38,20261002,19,9,3-6-2,554.2
2026-10-02 19:05:38,20261002,19,9,3-6-4,602.0
2026-10-02 19:05:38,20261002,19,9,3-6-5,1262.0
2026-10-02 19:05:38,20261002,19,9,4-1-2,97.0
2026-10-02 19:05:38,20261002,19,9,4-1-3,202.6
2026-10-02 19:05:38,20261002,19,9,4-1-5,140.6
2026-10-02 19:05:38,20261002,19,9,4-1-6,380.9
2026-10-02 19:05:38,20261002,19,9,4-2-1,66.9
2026-10-02 19:05:38,20261002,19,9,4-2-3,58.6
2026-10-02 19:05:38,20261002,19,9,4-2-5,39.5
2026-10-02 19:05:38,20261002,19,9,4-2-6,140.8
2026-10-02 19:05:38,20261002,19,9,4-3-1,311.7
2026-10-02 19:05:38,20261002,19,9,4-3-2,122.9
2026-10-02 19:05:38,20261002,19,9,4-3-5,240.2
2026-10-02 19:05:38,20261002,19,9,4-3-6,429.3
2026-10-02 19:05:38,20261002,19,9,4-5-1,167.3
2026-10-02 19:05:38,20261002,19,9,4-5-2,64.3
2026-10-02 19:05:38,20261002,19,9,4-5-3,201.0
2026-10-02 19:05:38,20261002,19,9,4-5-6,250.6
2026-10-02 19:05:38,20261002,19,9,4-6-1,812.1
2026-10-02 19:05:38,20261002,19,9,4-6-2,335.7
2026-10-02 19:05:38,20261002,19,9,4-6-3,563.2
2026-10-02 19:05:38,20261002,19,9,4-6-5,588.5
2026-10-02 19:05:38,20261002,19,9,5-1-2,175.4
2026-10-02 19:05:38,20261002,19,9,5-1-3,314.6
2026-10-02 19:05:38,20261002,19,9,5-1-4,295.9
2026-10-02 19:05:38,20261002,19,9,5-1-6,356.3
2026-10-02 19:05:38,20261002,19,9,5-2-1,158.9
2026-10-02 19:05:38,20261002,19,9,5-2-3,152.7
2026-10-02 19:05:38,20261002,19,9,5-2-4,78.4
2026-10-02 19:05:38,20261002,19,9,5-2-6,259.9
2026-10-02 19:05:38,20261002,19,9,5-3-1,438.3
2026-10-02 19:05:38,20261002,19,9,5-3-2,213.8
2026-10-02 19:05:38,20261002,19,9,5-3-4,467.6
2026-10-02 19:05:38,20261002,19,9,5-3-6,812.1
2026-10-02 19:05:38,20261002,19,9,5-4-1,333.6
2026-10-02 19:05:38,20261002,19,9,5-4-2,106.4
2026-10-02 19:05:38,20261002,19,9,5-4-3,406.0
2026-10-02 19:05:38,20261002,19,9,5-4-6,447.7
2026-10-02 19:05:38,20261002,19,9,5-6-1,844.8
2026-10-02 19:05:38,20261002,19,9,5-6-2,511.0
2026-10-02 19:05:38,20261002,19,9,5-6-3,770.3
2026-10-02 19:05:38,20261002,19,9,5-6-4,722.4
2026-10-02 19:05:38,20261002,19,9,6-1-2,671.5
2026-10-02 19:05:38,20261002,19,9,6-1-3,1396.0
2026-10-02 19:05:38,20261002,19,9,6-1-4,1496.0
2026-10-02 19:05:38,20261002,19,9,6-1-5,1563.0
2026-10-02 19:05:38,20261002,19,9,6-2-1,1126.0
2026-10-02 19:05:38,20261002,19,9,6-2-3,943.8
2026-10-02 19:05:38,20261002,19,9,6-2-4,591.8
2026-10-02 19:05:38,20261002,19,9,6-2-5,943.8
2026-10-02 19:05:38,20261002,19,9,6-3-1,2095.0
2026-10-02 19:05:38,20261002,19,9,6-3-2,1091.0
2026-10-02 19:05:38,20261002,19,9,6-3-4,1080.0
2026-10-02 19:05:38,20261002,19,9,6-3-5,1806.0
2026-10-02 19:05:38,20261002,19,9,6-4-1,1870.0
2026-10-02 19:05:38,20261002,19,9,6-4-2,658.8
2026-10-02 19:05:38,20261002,19,9,6-4-3,1396.0
2026-10-02 19:05:38,20261002,19,9,6-4-5,1218.0
2026-10-02 19:05:38,20261002,19,9,6-5-1,1904.0
2026-10-02 19:05:38,20261002,19,9,6-5-2,1138.0
2026-10-02 19:05:38,20261002,19,9,6-5-3,1563.0
2026-10-02 19:05:38,20261002,19,9,6-5-4,1164.0
2026-10-02 19:12:01,20261002,12,10,1-2-3,25.2
2026-10-02 19:12:01,20261002,12,10,1-2-4,30.8
2026-10-02 19:12:01,20261002,12,10,1-2-5,7.5
2026-10-02 19:12:01,20261002,12,10,1-2-6,24.2
2026-10-02 19:12:01,20261002,12,10,1-3-2,38.3
2026-10-02 19:12:01,20261002,12,10,1-3-4,39.0
2026-10-02 19:12:01,20261002,12,10,1-3-5,19.3
2026-10-02 19:12:01,20261002,12,10,1-3-6,64.4
2026-10-02 19:12:01,20261002,12,10,1-4-2,59.1
2026-10-02 19:12:01,20261002,12,10,1-4-3,66.5
2026-10-02 19:12:01,20261002,12,10,1-4-5,34.5
2026-10-02 19:12:01,20261002,12,10,1-4-6,76.8
2026-10-02 19:12:01,20261002,12,10,1-5-2,6.8
2026-10-02 19:12:01,20261002,12,10,1-5-3,15.4
2026-10-02 19:12:01,20261002,12,10,1-5-4,26.9
2026-10-02 19:12:01,20261002,12,10,1-5-6,11.4
2026-10-02 19:12:01,20261002,12,10,1-6-2,52.2
2026-10-02 19:12:01,20261002,12,10,1-6-3,137.5
2026-10-02 19:12:01,20261002,12,10,1-6-4,112.0
2026-10-02 19:12:01,20261002,12,10,1-6-5,39.9
2026-10-02 19:12:01,20261002,12,10,2-1-3,159.4
2026-10-02 19:12:01,20261002,12,10,2-1-4,184.9
2026-10-02 19:12:01,20261002,12,10,2-1-5,54.6
2026-10-02 19:12:01,20261002,12,10,2-1-6,119.9
2026-10-02 19:12:01,20261002,12,10,2-3-1,208.5
2026-10-02 19:12:01,20261002,12,10,2-3-4,340.9
2026-10-02 19:12:01,20261002,12,10,2-3-5,276.1
2026-10-02 19:12:01,20261002,12,10,2-3-6,522.8
2026-10-02 19:12:01,20261002,12,10,2-4-1,268.5
2026-10-02 19:12:01,20261002,12,10,2-4-3,455.9
2026-10-02 19:12:01,20261002,12,10,2-4-5,363.0
2026-10-02 19:12:01,20261002,12,10,2-4-6,502.7
2026-10-02 19:12:01,20261002,12,10,2-5-1,87.5
2026-10-02 19:12:01,20261002,12,10,2-5-3,280.0
2026-10-02 19:12:01,20261002,12,10,2-5-4,366.4
2026-10-02 19:12:01,20261002,12,10,2-5-6,194.1
2026-10-02 19:12:01,20261002,12,10,2-6-1,232.0
2026-10-02 19:12:01,20261002,12,10,2-6-3,784.2
2026-10-02 19:12:01,20261002,12,10,2-6-4,768.8
2026-10-02 19:12:01,20261002,12,10,2-6-5,421.6
2026-10-02 19:12:01,20261002,12,10,3-1-2,171.2
2026-10-02 19:12:01,20261002,12,10,3-1-4,215.4
2026-10-02 19:12:01,20261002,12,10,3-1-5,99.0
2026-10-02 19:12:01,20261002,12,10,3-1-6,237.6
2026-10-02 19:12:01,20261002,12,10,3-2-1,243.5
2026-10-02 19:12:01,20261002,12,10,3-2-4,207.4
2026-10-02 19:12:01,20261002,12,10,3-2-5,270.4
2026-10-02 19:12:01,20261002,12,10,3-2-6,502.7
2026-10-02 19:12:01,20261002,12,10,3-4-1,455.9
2026-10-02 19:12:01,20261002,12,10,3-4-2,396.0
2026-10-02 19:12:01,20261002,12,10,3-4-5,496.3
2026-10-02 19:12:01,20261002,12,10,3-4-6,478.2
2026-10-02 19:12:01,20261002,12,10,3-5-1,144.1
2026-10-02 19:12:01,20261002,12,10,3-5-2,256.2
2026-10-02 19:12:01,20261002,12,10,3-5-4,603.2
2026-10-02 19:12:01,20261002,12,10,3-5-6,544.6
2026-10-02 19:12:01,20261002,12,10,3-6-1,687.9
2026-10-02 19:12:01,20261002,12,10,3-6-2,726.1
2026-10-02 19:12:01,20261002,12,10,3-6-4,687.9
2026-10-02 19:12:01,20261002,12,10,3-6-5,980.3
2026-10-02 19:12:01,20261002,12,10,4-1-2,335.1
2026-10-02 19:12:01,20261002,12,10,4-1-3,284.1
2026-10-02 19:12:01,20261002,12,10,4-1-5,111.4
2026-10-02 19:12:01,20261002,12,10,4-1-6,268.5
2026-10-02 19:12:01,20261002,12,10,4-2-1,478.2
2026-10-02 19:12:01,20261002,12,10,4-2-3,369.9
2026-10-02 19:12:01,20261002,12,10,4-2-5,340.9
2026-10-02 19:12:01,20261002,12,10,4-2-6,340.9
2026-10-02 19:12:01,20261002,12,10,4-3-1,445.6
2026-10-02 19:12:01,20261002,12,10,4-3-2,430.9
2026-10-02 19:12:01,20261002,12,10,4-3-5,496.3
2026-10-02 19:12:01,20261002,12,10,4-3-6,568.3
2026-10-02 19:12:01,20261002,12,10,4-5-1,156.2
2026-10-02 19:12:01,20261002,12,10,4-5-2,340.9
2026-10-02 19:12:01,20261002,12,10,4-5-3,206.3
2026-10-02 19:12:01,20261002,12,10,4-5-6,313.7
2026-10-02 19:12:01,20261002,12,10,4-6-1,426.2
2026-10-02 19:12:01,20261002,12,10,4-6-2,466.8
2026-10-02 19:12:01,20261002,12,10,4-6-3,726.1
2026-10-02 19:12:01,20261002,12,10,4-6-5,404.2
2026-10-02 19:12:01,20261002,12,10,5-1-2,22.2
2026-10-02 19:12:01,20261002,12,10,5-1-3,45.7
2026-10-02 19:12:01,20261002,12,10,5-1-4,62.8
2026-10-02 19:12:01,20261002,12,10,5-1-6,25.0
2026-10-02 19:12:01,20261002,12,10,5-2-1,61.6
2026-10-02 19:12:01,20261002,12,10,5-2-3,204.2
2026-10-02 19:12:01,20261002,12,10,5-2-4,222.8
2026-10-02 19:12:01,20261002,12,10,5-2-6,113.9
2026-10-02 19:12:01,20261002,12,10,5-3-1,136.6
2026-10-02 19:12:01,20261002,12,10,5-3-2,259.6
2026-10-02 19:12:01,20261002,12,10,5-3-4,412.7
2026-10-02 19:12:01,20261002,12,10,5-3-6,369.9
2026-10-02 19:12:01,20261002,12,10,5-4-1,143.1
2026-10-02 19:12:01,20261002,12,10,5-4-2,280.0
2026-10-02 19:12:01,20261002,12,10,5-4-3,430.9
2026-10-02 19:12:01,20261002,12,10,5-4-6,186.7
2026-10-02 19:12:01,20261002,12,10,5-6-1,58.0
2026-10-02 19:12:01,20261002,12,10,5-6-2,94.9
2026-10-02 19:12:01,20261002,12,10,5-6-3,234.8
2026-10-02 19:12:01,20261002,12,10,5-6-4,236.2
2026-10-02 19:12:01,20261002,12,10,6-1-2,178.2
2026-10-02 19:12:01,20261002,12,10,6-1-3,450.7
2026-10-02 19:12:01,20261002,12,10,6-1-4,450.7
2026-10-02 19:12:01,20261002,12,10,6-1-5,169.0
2026-10-02 19:12:01,20261002,12,10,6-2-1,324.0
2026-10-02 19:12:01,20261002,12,10,6-2-3,676.0
2026-10-02 19:12:01,20261002,12,10,6-2-4,1059.0
2026-10-02 19:12:01,20261002,12,10,6-2-5,392.1
2026-10-02 19:12:01,20261002,12,10,6-3-1,560.1
2026-10-02 19:12:01,20261002,12,10,6-3-2,739.8
2026-10-02 19:12:01,20261002,12,10,6-3-4,784.2
2026-10-02 19:12:01,20261002,12,10,6-3-5,1059.0
2026-10-02 19:12:01,20261002,12,10,6-4-1,700.2
2026-10-02 19:12:01,20261002,12,10,6-4-2,1031.0
2026-10-02 19:12:01,20261002,12,10,6-4-3,956.4
2026-10-02 19:12:01,20261002,12,10,6-4-5,676.0
2026-10-02 19:12:01,20261002,12,10,6-5-1,169.0
2026-10-02 19:12:01,20261002,12,10,6-5-2,366.4
2026-10-02 19:12:01,20261002,12,10,6-5-3,515.9
2026-10-02 19:12:01,20261002,12,10,6-5-4,529.9
2026-10-02 19:19:53,20261002,24,5,1-2-3,28.2
2026-10-02 19:19:53,20261002,24,5,1-2-4,11.6
2026-10-02 19:19:53,20261002,24,5,1-2-5,60.8
2026-10-02 19:19:53,20261002,24,5,1-2-6,31.9
2026-10-02 19:19:53,20261002,24,5,1-3-2,39.1
2026-10-02 19:19:53,20261002,24,5,1-3-4,28.5
2026-10-02 19:19:53,20261002,24,5,1-3-5,87.1
2026-10-02 19:19:53,20261002,24,5,1-3-6,79.2
2026-10-02 19:19:53,20261002,24,5,1-4-2,10.2
2026-10-02 19:19:53,20261002,24,5,1-4-3,22.1
2026-10-02 19:19:53,20261002,24,5,1-4-5,30.0
2026-10-02 19:19:53,20261002,24,5,1-4-6,10.4
2026-10-02 19:19:53,20261002,24,5,1-5-2,118.4
2026-10-02 19:19:53,20261002,24,5,1-5-3,139.3
2026-10-02 19:19:53,20261002,24,5,1-5-4,98.5
2026-10-02 19:19:53,20261002,24,5,1-5-6,151.3
2026-10-02 19:19:53,20261002,24,5,1-6-2,74.0
2026-10-02 19:19:53,20261002,24,5,1-6-3,96.4
2026-10-02 19:19:53,20261002,24,5,1-6-4,29.1
2026-10-02 19:19:53,20261002,24,5,1-6-5,183.8
2026-10-02 19:19:53,20261002,24,5,2-1-3,125.4
2026-10-02 19:19:53,20261002,24,5,2-1-4,51.9
2026-10-02 19:19:53,20261002,24,5,2-1-5,147.7
2026-10-02 19:19:53,20261002,24,5,2-1-6,91.9
2026-10-02 19:19:53,20261002,24,5,2-3-1,209.4
2026-10-02 19:19:53,20261002,24,5,2-3-4,208.0
2026-10-02 19:19:53,20261002,24,5,2-3-5,282.3
2026-10-02 19:19:53,20261002,24,5,2-3-6,380.9
2026-10-02 19:19:53,20261002,24,5,2-4-1,73.0
2026-10-02 19:19:53,20261002,24,5,2-4-3,200.1
2026-10-02 19:19:53,20261002,24,5,2-4-5,245.1
2026-10-02 19:19:53,20261002,24,5,2-4-6,99.7
2026-10-02 19:19:53,20261002,24,5,2-5-1,465.0
2026-10-02 19:19:53,20261002,24,5,2-5-3,390.3
2026-10-02 19:19:53,20261002,24,5,2-5-4,427.3
2026-10-02 19:19:53,20261002,24,5,2-5-6,451.7
2026-10-02 19:19:53,20261002,24,5,2-6-1,274.9
2026-10-02 19:19:53,20261002,24,5,2-6-3,632.4
2026-10-02 19:19:53,20261002,24,5,2-6-4,159.7
2026-10-02 19:19:53,20261002,24,5,2-6-5,421.6
2026-10-02 19:19:53,20261002,24,5,3-1-2,141.8
2026-10-02 19:19:53,20261002,24,5,3-1-4,59.7
2026-10-02 19:19:53,20261002,24,5,3-1-5,123.5
2026-10-02 19:19:53,20261002,24,5,3-1-6,74.9
2026-10-02 19:19:53,20261002,24,5,3-2-1,307.0
2026-10-02 19:19:53,20261002,24,5,3-2-4,190.4
2026-10-02 19:19:53,20261002,24,5,3-2-5,257.0
2026-10-02 19:19:53,20261002,24,5,3-2-6,201.4
2026-10-02 19:19:53,20261002,24,5,3-4-1,149.8
2026-10-02 19:19:53,20261002,24,5,3-4-2,250.9
2026-10-02 19:19:53,20261002,24,5,3-4-5,277.3
2026-10-02 19:19:53,20261002,24,5,3-4-6,138.6
2026-10-02 19:19:53,20261002,24,5,3-5-1,405.4
2026-10-02 19:19:53,20261002,24,5,3-5-2,292.7
2026-10-02 19:19:53,20261002,24,5,3-5-4,427.3
2026-10-02 19:19:53,20261002,24,5,3-5-6,405.4
2026-10-02 19:19:53,20261002,24,5,3-6-1,376.4
2026-10-02 19:19:53,20261002,24,5,3-6-2,510.0
2026-10-02 19:19:53,20261002,24,5,3-6-4,322.6
2026-10-02 19:19:53,20261002,24,5,3-6-5,645.3
2026-10-02 19:19:53,20261002,24,5,4-1-2,23.7
2026-10-02 19:19:53,20261002,24,5,4-1-3,52.7
2026-10-02 19:19:53,20261002,24,5,4-1-5,48.9
2026-10-02 19:19:53,20261002,24,5,4-1-6,15.9
2026-10-02 19:19:53,20261002,24,5,4-2-1,52.7
2026-10-02 19:19:53,20261002,24,5,4-2-3,142.4
2026-10-02 19:19:53,20261002,24,5,4-2-5,116.2
2026-10-02 19:19:53,20261002,24,5,4-2-6,47.8
2026-10-02 19:19:53,20261002,24,5,4-3-1,109.4
2026-10-02 19:19:53,20261002,24,5,4-3-2,287.4
2026-10-02 19:19:53,20261002,24,5,4-3-5,235.9
2026-10-02 19:19:53,20261002,24,5,4-3-6,138.6
2026-10-02 19:19:53,20261002,24,5,4-5-1,81.5
2026-10-02 19:19:53,20261002,24,5,4-5-2,110.9
2026-10-02 19:19:53,20261002,24,5,4-5-3,222.6
2026-10-02 19:19:53,20261002,24,5,4-5-6,72.1
2026-10-02 19:19:53,20261002,24,5,4-6-1,23.9
2026-10-02 19:19:53,20261002,24,5,4-6-2,46.4
2026-10-02 19:19:53,20261002,24,5,4-6-3,106.1
2026-10-02 19:19:53,20261002,24,5,4-6-5,76.0
2026-10-02 19:19:53,20261002,24,5,5-1-2,307.0
2026-10-02 19:19:53,20261002,24,5,5-1-3,292.7
2026-10-02 19:19:53,20261002,24,5,5-1-4,204.0
2026-10-02 19:19:53,20261002,24,5,5-1-6,201.4
2026-10-02 19:19:53,20261002,24,5,5-2-1,545.2
2026-10-02 19:19:53,20261002,24,5,5-2-3,416.0
2026-10-02 19:19:53,20261002,24,5,5-2-4,351.3
2026-10-02 19:19:53,20261002,24,5,5-2-6,359.3
2026-10-02 19:19:53,20261002,24,5,5-3-1,574.9
2026-10-02 19:19:53,20261002,24,5,5-3-2,421.6
2026-10-02 19:19:53,20261002,24,5,5-3-4,479.1
2026-10-02 19:19:53,20261002,24,5,5-3-6,810.8
2026-10-02 19:19:53,20261002,24,5,5-4-1,237.7
2026-10-02 19:19:53,20261002,24,5,5-4-2,410.6
2026-10-02 19:19:53,20261002,24,5,5-4-3,608.1
2026-10-02 19:19:53,20261002,24,5,5-4-6,272.6
2026-10-02 19:19:53,20261002,24,5,5-6-1,390.3
2026-10-02 19:19:53,20261002,24,5,5-6-2,494.0
2026-10-02 19:19:53,20261002,24,5,5-6-3,545.2
2026-10-02 19:19:53,20261002,24,5,5-6-4,310.0
2026-10-02 19:19:53,20261002,24,5,6-1-2,149.1
2026-10-02 19:19:53,20261002,24,5,6-1-3,229.1
2026-10-02 19:19:53,20261002,24,5,6-1-4,85.0
2026-10-02 19:19:53,20261002,24,5,6-1-5,445.3
2026-10-02 19:19:53,20261002,24,5,6-2-1,263.5
2026-10-02 19:19:53,20261002,24,5,6-2-3,332.8
2026-10-02 19:19:53,20261002,24,5,6-2-4,175.6
2026-10-02 19:19:53,20261002,24,5,6-2-5,433.1
2026-10-02 19:19:53,20261002,24,5,6-3-1,390.3
2026-10-02 19:19:53,20261002,24,5,6-3-2,574.9
2026-10-02 19:19:53,20261002,24,5,6-3-4,313.0
2026-10-02 19:19:53,20261002,24,5,6-3-5,771.2
2026-10-02 19:19:53,20261002,24,5,6-4-1,68.5
2026-10-02 19:19:53,20261002,24,5,6-4-2,139.9
2026-10-02 19:19:53,20261002,24,5,6-4-3,301.1
2026-10-02 19:19:53,20261002,24,5,6-4-5,282.3
2026-10-02 19:19:53,20261002,24,5,6-5-1,518.3
2026-10-02 19:19:53,20261002,24,5,6-5-2,471.9
2026-10-02 19:19:53,20261002,24,5,6-5-3,620.0
2026-10-02 19:19:53,20261002,24,5,6-5-4,355.3
2026-10-02 19:23:24,20261002,15,10,1-2-3,10.4
2026-10-02 19:23:24,20261002,15,10,1-2-4,9.9
2026-10-02 19:23:24,20261002,15,10,1-2-5,17.7
2026-10-02 19:23:24,20261002,15,10,1-2-6,25.7
2026-10-02 19:23:24,20261002,15,10,1-3-2,24.4
2026-10-02 19:23:24,20261002,15,10,1-3-4,23.7
2026-10-02 19:23:24,20261002,15,10,1-3-5,35.8
2026-10-02 19:23:24,20261002,15,10,1-3-6,39.5
2026-10-02 19:23:24,20261002,15,10,1-4-2,16.9
2026-10-02 19:23:24,20261002,15,10,1-4-3,33.9
2026-10-02 19:23:24,20261002,15,10,1-4-5,33.7
2026-10-02 19:23:24,20261002,15,10,1-4-6,32.8
2026-10-02 19:23:24,20261002,15,10,1-5-2,36.0
2026-10-02 19:23:24,20261002,15,10,1-5-3,48.3
2026-10-02 19:23:24,20261002,15,10,1-5-4,51.6
2026-10-02 19:23:24,20261002,15,10,1-5-6,86.7
2026-10-02 19:23:24,20261002,15,10,1-6-2,63.1
2026-10-02 19:23:24,20261002,15,10,1-6-3,74.5
2026-10-02 19:23:24,20261002,15,10,1-6-4,64.0
2026-10-02 19:23:24,20261002,15,10,1-6-5,126.1
2026-10-02 19:23:24,20261002,15,10,2-1-3,30.4
2026-10-02 19:23:24,20261002,15,10,2-1-4,25.0
2026-10-02 19:23:24,20261002,15,10,2-1-5,40.5
2026-10-02 19:23:24,20261002,15,10,2-1-6,45.6
2026-10-02 19:23:24,20261002,15,10,2-3-1,97.8
2026-10-02 19:23:24,20261002,15,10,2-3-4,86.4
2026-10-02 19:23:24,20261002,15,10,2-3-5,139.1
2026-10-02 19:23:24,20261002,15,10,2-3-6,161.1
2026-10-02 19:23:24,20261002,15,10,2-4-1,64.4
2026-10-02 19:23:24,20261002,15,10,2-4-3,111.5
2026-10-02 19:23:24,20261002,15,10,2-4-5,125.3
2026-10-02 19:23:24,20261002,15,10,2-4-6,131.0
2026-10-02 19:23:24,20261002,15,10,2-5-1,139.5
2026-10-02 19:23:24,20261002,15,10,2-5-3,253.8
2026-10-02 19:23:24,20261002,15,10,2-5-4,200.1
2026-10-02 19:23:24,20261002,15,10,2-5-6,359.4
2026-10-02 19:23:24,20261002,15,10,2-6-1,188.0
2026-10-02 19:23:24,20261002,15,10,2-6-3,284.0
2026-10-02 19:23:24,20261002,15,10,2-6-4,194.3
2026-10-02 19:23:24,20261002,15,10,2-6-5,327.5
2026-10-02 19:23:24,20261002,15,10,3-1-2,68.3
2026-10-02 19:23:24,20261002,15,10,3-1-4,70.6
2026-10-02 19:23:24,20261002,15,10,3-1-5,85.6
2026-10-02 19:23:24,20261002,15,10,3-1-6,81.4
2026-10-02 19:23:24,20261002,15,10,3-2-1,112.2
2026-10-02 19:23:24,20261002,15,10,3-2-4,100.7
2026-10-02 19:23:24,20261002,15,10,3-2-5,190.7
2026-10-02 19:23:24,20261002,15,10,3-2-6,153.8
2026-10-02 19:23:24,20261002,15,10,3-4-1,94.4
2026-10-02 19:23:24,20261002,15,10,3-4-2,123.4
2026-10-02 19:23:24,20261002,15,10,3-4-5,213.7
2026-10-02 19:23:24,20261002,15,10,3-4-6,113.4
2026-10-02 19:23:24,20261002,15,10,3-5-1,288.0
2026-10-02 19:23:24,20261002,15,10,3-5-2,265.5
2026-10-02 19:23:24,20261002,15,10,3-5-4,362.6
2026-10-02 19:23:24,20261002,15,10,3-5-6,341.3
2026-10-02 19:23:24,20261002,15,10,3-6-1,188.0
2026-10-02 19:23:24,20261002,15,10,3-6-2,229.5
2026-10-02 19:23:24,20261002,15,10,3-6-4,192.5
2026-10-02 19:23:24,20261002,15,10,3-6-5,359.4
2026-10-02 19:23:24,20261002,15,10,4-1-2,66.8
2026-10-02 19:23:24,20261002,15,10,4-1-3,98.8
2026-10-02 19:23:24,20261002,15,10,4-1-5,94.0
2026-10-02 19:23:24,20261002,15,10,4-1-6,100.5
2026-10-02 19:23:24,20261002,15,10,4-2-1,101.0
2026-10-02 19:23:24,20261002,15,10,4-2-3,205.1
2026-10-02 19:23:24,20261002,15,10,4-2-5,131.8
2026-10-02 19:23:24,20261002,15,10,4-2-6,151.5
2026-10-02 19:23:24,20261002,15,10,4-3-1,156.2
2026-10-02 19:23:24,20261002,15,10,4-3-2,219.5
2026-10-02 19:23:24,20261002,15,10,4-3-5,282.0
2026-10-02 19:23:24,20261002,15,10,4-3-6,148.7
2026-10-02 19:23:24,20261002,15,10,4-5-1,160.5
2026-10-02 19:23:24,20261002,15,10,4-5-2,276.3
2026-10-02 19:23:24,20261002,15,10,4-5-3,406.2
2026-10-02 19:23:24,20261002,15,10,4-5-6,319.8
2026-10-02 19:23:24,20261002,15,10,4-6-1,205.1
2026-10-02 19:23:24,20261002,15,10,4-6-2,196.2
2026-10-02 19:23:24,20261002,15,10,4-6-3,265.5
2026-10-02 19:23:24,20261002,15,10,4-6-5,527.5
2026-10-02 19:23:24,20261002,15,10,5-1-2,138.1
2026-10-02 19:23:24,20261002,15,10,5-1-3,169.2
2026-10-02 19:23:24,20261002,15,10,5-1-4,139.5
2026-10-02 19:23:24,20261002,15,10,5-1-6,161.8
2026-10-02 19:23:24,20261002,15,10,5-2-1,232.1
2026-10-02 19:23:24,20261002,15,10,5-2-3,255.4
2026-10-02 19:23:24,20261002,15,10,5-2-4,282.0
2026-10-02 19:23:24,20261002,15,10,5-2-6,344.2
2026-10-02 19:23:24,20261002,15,10,5-3-1,347.1
2026-10-02 19:23:24,20261002,15,10,5-3-2,383.2
2026-10-02 19:23:24,20261002,15,10,5-3-4,472.3
2026-10-02 19:23:24,20261002,15,10,5-3-6,507.7
2026-10-02 19:23:24,20261002,15,10,5-4-1,267.2
2026-10-02 19:23:24,20261002,15,10,5-4-2,312.4
2026-10-02 19:23:24,20261002,15,10,5-4-3,489.4
2026-10-02 19:23:24,20261002,15,10,5-4-6,362.6
2026-10-02 19:23:24,20261002,15,10,5-6-1,556.4
2026-10-02 19:23:24,20261002,15,10,5-6-2,634.7
2026-10-02 19:23:24,20261002,15,10,5-6-3,520.7
2026-10-02 19:23:24,20261002,15,10,5-6-4,634.7
2026-10-02 19:23:24,20261002,15,10,6-1-2,149.3
2026-10-02 19:23:24,20261002,15,10,6-1-3,300.9
2026-10-02 19:23:24,20261002,15,10,6-1-4,319.8
2026-10-02 19:23:24,20261002,15,10,6-1-5,446.3
2026-10-02 19:23:24,20261002,15,10,6-2-1,211.5
2026-10-02 19:23:24,20261002,15,10,6-2-3,369.2
2026-10-02 19:23:24,20261002,15,10,6-2-4,265.5
2026-10-02 19:23:24,20261002,15,10,6-2-5,514.1
2026-10-02 19:23:24,20261002,15,10,6-3-1,423.1
2026-10-02 19:23:24,20261002,15,10,6-3-2,514.1
2026-10-02 19:23:24,20261002,15,10,6-3-4,356.3
2026-10-02 19:23:24,20261002,15,10,6-3-5,688.5
2026-10-02 19:23:24,20261002,15,10,6-4-1,394.3
2026-10-02 19:23:24,20261002,15,10,6-4-2,307.7
2026-10-02 19:23:24,20261002,15,10,6-4-3,461.6
2026-10-02 19:23:24,20261002,15,10,6-4-5,655.1
2026-10-02 19:23:24,20261002,15,10,6-5-1,624.9
2026-10-02 19:23:24,20261002,15,10,6-5-2,781.1
2026-10-02 19:23:24,20261002,15,10,6-5-3,829.0
2026-10-02 19:23:24,20261002,15,10,6-5-4,700.3
2026-10-02 19:35:57,20261002,7,10,1-2-3,26.4
2026-10-02 19:35:57,20261002,7,10,1-2-4,9.9
2026-10-02 19:35:57,20261002,7,10,1-2-5,19.5
2026-10-02 19:35:57,20261002,7,10,1-2-6,
2026-10-02 19:35:57,20261002,7,10,1-3-2,34.8
2026-10-02 19:35:57,20261002,7,10,1-3-4,19.2
2026-10-02 19:35:57,20261002,7,10,1-3-5,35.4
2026-10-02 19:35:57,20261002,7,10,1-3-6,
2026-10-02 19:35:57,20261002,7,10,1-4-2,6.7
2026-10-02 19:35:57,20261002,7,10,1-4-3,10.9
2026-10-02 19:35:57,20261002,7,10,1-4-5,5.1
2026-10-02 19:35:57,20261002,7,10,1-4-6,
2026-10-02 19:35:57,20261002,7,10,1-5-2,22.5
2026-10-02 19:35:57,20261002,7,10,1-5-3,35.0
2026-10-02 19:35:57,20261002,7,10,1-5-4,13.6
2026-10-02 19:35:57,20261002,7,10,1-5-6,
2026-10-02 19:35:57,20261002,7,10,1-6-2,
2026-10-02 19:35:57,20261002,7,10,1-6-3,
2026-10-02 19:35:57,20261002,7,10,1-6-4,
2026-10-02 19:35:57,20261002,7,10,1-6-5,
2026-10-02 19:35:57,20261002,7,10,2-1-3,130.5
2026-10-02 19:35:57,20261002,7,10,2-1-4,87.2
2026-10-02 19:35:57,20261002,7,10,2-1-5,132.8
2026-10-02 19:35:57,20261002,7,10,2-1-6,
2026-10-02 19:35:57,20261002,7,10,2-3-1,238.3
2026-10-02 19:35:57,20261002,7,10,2-3-4,341.7
2026-10-02 19:35:57,20261002,7,10,2-3-5,356.5
2026-10-02 19:35:57,20261002,7,10,2-3-6,
2026-10-02 19:35:57,20261002,7,10,2-4-1,138.9
2026-10-02 19:35:57,20261002,7,10,2-4-3,340.5
2026-10-02 19:35:57,20261002,7,10,2-4-5,256.5
2026-10-02 19:35:57,20261002,7,10,2-4-6,
2026-10-02 19:35:57,20261002,7,10,2-5-1,246.1
2026-10-02 19:35:57,20261002,7,10,2-5-3,339.2
2026-10-02 19:35:57,20261002,7,10,2-5-4,276.1
2026-10-02 19:35:57,20261002,7,10,2-5-6,
2026-10-02 19:35:57,20261002,7,10,2-6-1,
2026-10-02 19:35:57,20261002,7,10,2-6-3,
2026-10-02 19:35:57,20261002,7,10,2-6-4,
2026-10-02 19:35:57,20261002,7,10,2-6-5,
2026-10-02 19:35:57,20261002,7,10,3-1-2,133.9
2026-10-02 19:35:57,20261002,7,10,3-1-4,94.5
2026-10-02 19:35:57,20261002,7,10,3-1-5,139.3
2026-10-02 19:35:57,20261002,7,10,3-1-6,
2026-10-02 19:35:57,20261002,7,10,3-2-1,239.6
2026-10-02 19:35:57,20261002,7,10,3-2-4,226.4
2026-10-02 19:35:57,20261002,7,10,3-2-5,347.0
2026-10-02 19:35:57,20261002,7,10,3-2-6,
2026-10-02 19:35:57,20261002,7,10,3-4-1,174.5
2026-10-02 19:35:57,20261002,7,10,3-4-2,297.9
2026-10-02 19:35:57,20261002,7,10,3-4-5,294.0
2026-10-02 19:35:57,20261002,7,10,3-4-6,
2026-10-02 19:35:57,20261002,7,10,3-5-1,301.9
2026-10-02 19:35:57,20261002,7,10,3-5-2,295.9
2026-10-02 19:35:57,20261002,7,10,3-5-4,341.7
2026-10-02 19:35:57,20261002,7,10,3-5-6,
2026-10-02 19:35:57,20261002,7,10,3-6-1,
2026-10-02 19:35:57,20261002,7,10,3-6-2,
2026-10-02 19:35:57,20261002,7,10,3-6-4,
2026-10-02 19:35:57,20261002,7,10,3-6-5,
2026-10-02 19:35:57,20261002,7,10,4-1-2,27.9
2026-10-02 19:35:57,20261002,7,10,4-1-3,36.5
2026-10-02 19:35:57,20261002,7,10,4-1-5,16.6
2026-10-02 19:35:57,20261002,7,10,4-1-6,
2026-10-02 19:35:57,20261002,7,10,4-2-1,89.5
2026-10-02 19:35:57,20261002,7,10,4-2-3,150.7
2026-10-02 19:35:57,20261002,7,10,4-2-5,99.2
2026-10-02 19:35:57,20261002,7,10,4-2-6,
2026-10-02 19:35:57,20261002,7,10,4-3-1,122.8
2026-10-02 19:35:57,20261002,7,10,4-3-2,236.4
2026-10-02 19:35:57,20261002,7,10,4-3-5,181.5
2026-10-02 19:35:57,20261002,7,10,4-3-6,
2026-10-02 19:35:57,20261002,7,10,4-5-1,24.5
2026-10-02 19:35:57,20261002,7,10,4-5-2,54.8
2026-10-02 19:35:57,20261002,7,10,4-5-3,90.1
2026-10-02 19:35:57,20261002,7,10,4-5-6,
2026-10-02 19:35:57,20261002,7,10,4-6-1,
2026-10-02 19:35:57,20261002,7,10,4-6-2,
2026-10-02 19:35:57,20261002,7,10,4-6-3,
2026-10-02 19:35:57,20261002,7,10,4-6-5,
2026-10-02 19:35:57,20261002,7,10,5-1-2,66.4
2026-10-02 19:35:57,20261002,7,10,5-1-3,128.2
2026-10-02 19:35:57,20261002,7,10,5-1-4,47.2
2026-10-02 19:35:57,20261002,7,10,5-1-6,
2026-10-02 19:35:57,20261002,7,10,5-2-1,193.9
2026-10-02 19:35:57,20261002,7,10,5-2-3,337.9
2026-10-02 19:35:57,20261002,7,10,5-2-4,231.6
2026-10-02 19:35:57,20261002,7,10,5-2-6,
2026-10-02 19:35:57,20261002,7,10,5-3-1,339.2
2026-10-02 19:35:57,20261002,7,10,5-3-2,387.0
2026-10-02 19:35:57,20261002,7,10,5-3-4,369.6
2026-10-02 19:35:57,20261002,7,10,5-3-6,
2026-10-02 19:35:57,20261002,7,10,5-4-1,52.7
2026-10-02 19:35:57,20261002,7,10,5-4-2,137.6
2026-10-02 19:35:57,20261002,7,10,5-4-3,214.1
2026-10-02 19:35:57,20261002,7,10,5-4-6,
2026-10-02 19:35:57,20261002,7,10,5-6-1,
2026-10-02 19:35:57,20261002,7,10,5-6-2,
2026-10-02 19:35:57,20261002,7,10,5-6-3,
2026-10-02 19:35:57,20261002,7,10,5-6-4,
2026-10-02 19:35:57,20261002,7,10,6-1-2,
2026-10-02 19:35:57,20261002,7,10,6-1-3,
2026-10-02 19:35:57,20261002,7,10,6-1-4,
2026-10-02 19:35:57,20261002,7,10,6-1-5,
2026-10-02 19:35:57,20261002,7,10,6-2-1,
2026-10-02 19:35:57,20261002,7,10,6-2-3,
2026-10-02 19:35:57,20261002,7,10,6-2-4,
2026-10-02 19:35:57,20261002,7,10,6-2-5,
2026-10-02 19:35:57,20261002,7,10,6-3-1,
2026-10-02 19:35:57,20261002,7,10,6-3-2,
2026-10-02 19:35:57,20261002,7,10,6-3-4,
2026-10-02 19:35:57,20261002,7,10,6-3-5,
2026-10-02 19:35:57,20261002,7,10,6-4-1,
2026-10-02 19:35:57,20261002,7,10,6-4-2,
2026-10-02 19:35:57,20261002,7,10,6-4-3,
2026-10-02 19:35:57,20261002,7,10,6-4-5,
2026-10-02 19:35:57,20261002,7,10,6-5-1,
2026-10-02 19:35:57,20261002,7,10,6-5-2,
2026-10-02 19:35:57,20261002,7,10,6-5-3,
2026-10-02 19:35:57,20261002,7,10,6-5-4,
2026-10-02 19:37:21,20261002,19,10,1-2-3,18.7
2026-10-02 19:37:21,20261002,19,10,1-2-4,36.9
2026-10-02 19:37:21,20261002,19,10,1-2-5,21.4
2026-10-02 19:37:21,20261002,19,10,1-2-6,35.8
2026-10-02 19:37:21,20261002,19,10,1-3-2,15.3
2026-10-02 19:37:21,20261002,19,10,1-3-4,16.6
2026-10-02 19:37:21,20261002,19,10,1-3-5,6.5
2026-10-02 19:37:21,20261002,19,10,1-3-6,12.7
2026-10-02 19:37:21,20261002,19,10,1-4-2,51.1
2026-10-02 19:37:21,20261002,19,10,1-4-3,36.8
2026-10-02 19:37:21,20261002,19,10,1-4-5,37.4
2026-10-02 19:37:21,20261002,19,10,1-4-6,50.2
2026-10-02 19:37:21,20261002,19,10,1-5-2,24.2
2026-10-02 19:37:21,20261002,19,10,1-5-3,10.2
2026-10-02 19:37:21,20261002,19,10,1-5-4,36.4
2026-10-02 19:37:21,20261002,19,10,1-5-6,13.1
2026-10-02 19:37:21,20261002,19,10,1-6-2,54.7
2026-10-02 19:37:21,20261002,19,10,1-6-3,32.0
2026-10-02 19:37:21,20261002,19,10,1-6-4,76.4
2026-10-02 19:37:21,20261002,19,10,1-6-5,28.6
2026-10-02 19:37:21,20261002,19,10,2-1-3,99.8
2026-10-02 19:37:21,20261002,19,10,2-1-4,174.9
2026-10-02 19:37:21,20261002,19,10,2-1-5,117.9
2026-10-02 19:37:21,20261002,19,10,2-1-6,154.7
2026-10-02 19:37:21,20261002,19,10,2-3-1,187.2
2026-10-02 19:37:21,20261002,19,10,2-3-4,365.3
2026-10-02 19:37:21,20261002,19,10,2-3-5,310.7
2026-10-02 19:37:21,20261002,19,10,2-3-6,483.2
2026-10-02 19:37:21,20261002,19,10,2-4-1,321.4
2026-10-02 19:37:21,20261002,19,10,2-4-3,430.4
2026-10-02 19:37:21,20261002,19,10,2-4-5,538.8
2026-10-02 19:37:21,20261002,19,10,2-4-6,576.1
2026-10-02 19:37:21,20261002,19,10,2-5-1,279.4
2026-10-02 19:37:21,20261002,19,10,2-5-3,427.9
2026-10-02 19:37:21,20261002,19,10,2-5-4,645.6
2026-10-02 19:37:21,20261002,19,10,2-5-6,554.7
2026-10-02 19:37:21,20261002,19,10,2-6-1,390.0
2026-10-02 19:37:21,20261002,19,10,2-6-3,832.1
2026-10-02 19:37:21,20261002,19,10,2-6-4,734.2
2026-10-02 19:37:21,20261002,19,10,2-6-5,881.1
2026-10-02 19:37:21,20261002,19,10,3-1-2,102.3
2026-10-02 19:37:21,20261002,19,10,3-1-4,82.3
2026-10-02 19:37:21,20261002,19,10,3-1-5,35.8
2026-10-02 19:37:21,20261002,19,10,3-1-6,67.9
2026-10-02 19:37:21,20261002,19,10,3-2-1,160.7
2026-10-02 19:37:21,20261002,19,10,3-2-4,263.7
2026-10-02 19:37:21,20261002,19,10,3-2-5,271.3
2026-10-02 19:37:21,20261002,19,10,3-2-6,430.4
2026-10-02 19:37:21,20261002,19,10,3-4-1,214.6
2026-10-02 19:37:21,20261002,19,10,3-4-2,396.2
2026-10-02 19:37:21,20261002,19,10,3-4-5,305.7
2026-10-02 19:37:21,20261002,19,10,3-4-6,285.8
2026-10-02 19:37:21,20261002,19,10,3-5-1,73.7
2026-10-02 19:37:21,20261002,19,10,3-5-2,220.2
2026-10-02 19:37:21,20261002,19,10,3-5-4,262.7
2026-10-02 19:37:21,20261002,19,10,3-5-6,171.3
2026-10-02 19:37:21,20261002,19,10,3-6-1,245.5
2026-10-02 19:37:21,20261002,19,10,3-6-2,531.1
2026-10-02 19:37:21,20261002,19,10,3-6-4,520.1
2026-10-02 19:37:21,20261002,19,10,3-6-5,354.9
2026-10-02 19:37:21,20261002,19,10,4-1-2,361.8
2026-10-02 19:37:21,20261002,19,10,4-1-3,224.9
2026-10-02 19:37:21,20261002,19,10,4-1-5,192.0
2026-10-02 19:37:21,20261002,19,10,4-1-6,299.5
2026-10-02 19:37:21,20261002,19,10,4-2-1,550.7
2026-10-02 19:37:21,20261002,19,10,4-2-3,613.9
2026-10-02 19:37:21,20261002,19,10,4-2-5,674.7
2026-10-02 19:37:21,20261002,19,10,4-2-6,523.7
2026-10-02 19:37:21,20261002,19,10,4-3-1,396.2
2026-10-02 19:37:21,20261002,19,10,4-3-2,881.1
2026-10-02 19:37:21,20261002,19,10,4-3-5,713.3
2026-10-02 19:37:21,20261002,19,10,4-3-6,576.1
2026-10-02 19:37:21,20261002,19,10,4-5-1,316.0
2026-10-02 19:37:21,20261002,19,10,4-5-2,608.9
2026-10-02 19:37:21,20261002,19,10,4-5-3,563.1
2026-10-02 19:37:21,20261002,19,10,4-5-6,496.0
2026-10-02 19:37:21,20261002,19,10,4-6-1,604.0
2026-10-02 19:37:21,20261002,19,10,4-6-2,748.9
2026-10-02 19:37:21,20261002,19,10,4-6-3,656.9
2026-10-02 19:37:21,20261002,19,10,4-6-5,788.3
2026-10-02 19:37:21,20261002,19,10,5-1-2,125.2
2026-10-02 19:37:21,20261002,19,10,5-1-3,60.8
2026-10-02 19:37:21,20261002,19,10,5-1-4,151.9
2026-10-02 19:37:21,20261002,19,10,5-1-6,66.1
2026-10-02 19:37:21,20261002,19,10,5-2-1,309.4
2026-10-02 19:37:21,20261002,19,10,5-2-3,451.1
2026-10-02 19:37:21,20261002,19,10,5-2-4,542.7
2026-10-02 19:37:21,20261002,19,10,5-2-6,563.1
2026-10-02 19:37:21,20261002,19,10,5-3-1,115.5
2026-10-02 19:37:21,20261002,19,10,5-3-2,440.5
2026-10-02 19:37:21,20261002,19,10,5-3-4,489.5
2026-10-02 19:37:21,20261002,19,10,5-3-6,297.2
2026-10-02 19:37:21,20261002,19,10,5-4-1,345.1
2026-10-02 19:37:21,20261002,19,10,5-4-2,699.9
2026-10-02 19:37:21,20261002,19,10,5-4-3,608.9
2026-10-02 19:37:21,20261002,19,10,5-4-6,594.4
2026-10-02 19:37:21,20261002,19,10,5-6-1,136.4
2026-10-02 19:37:21,20261002,19,10,5-6-2,608.9
2026-10-02 19:37:21,20261002,19,10,5-6-3,284.7
2026-10-02 19:37:21,20261002,19,10,5-6-4,594.4
2026-10-02 19:37:21,20261002,19,10,6-1-2,180.0
2026-10-02 19:37:21,20261002,19,10,6-1-3,160.3
2026-10-02 19:37:21,20261002,19,10,6-1-4,370.7
2026-10-02 19:37:21,20261002,19,10,6-1-5,119.6
2026-10-02 19:37:21,20261002,19,10,6-2-1,440.5
2026-10-02 19:37:21,20261002,19,10,6-2-3,814.0
2026-10-02 19:37:21,20261002,19,10,6-2-4,841.5
2026-10-02 19:37:21,20261002,19,10,6-2-5,772.1
2026-10-02 19:37:21,20261002,19,10,6-3-1,320.0
2026-10-02 19:37:21,20261002,19,10,6-3-2,772.1
2026-10-02 19:37:21,20261002,19,10,6-3-4,832.1
2026-10-02 19:37:21,20261002,19,10,6-3-5,468.1
2026-10-02 19:37:21,20261002,19,10,6-4-1,720.1
2026-10-02 19:37:21,20261002,19,10,6-4-2,1069.0
2026-10-02 19:37:21,20261002,19,10,6-4-3,1248.0
2026-10-02 19:37:21,20261002,19,10,6-4-5,1117.0
2026-10-02 19:37:21,20261002,19,10,6-5-1,190.5
2026-10-02 19:37:21,20261002,19,10,6-5-2,756.5
2026-10-02 19:37:21,20261002,19,10,6-5-3,420.7
2026-10-02 19:37:21,20261002,19,10,6-5-4,706.5
2026-10-02 19:47:33,20261002,24,6,1-2-3,9.9
2026-10-02 19:47:33,20261002,24,6,1-2-4,37.3
2026-10-02 19:47:33,20261002,24,6,1-2-5,10.9
2026-10-02 19:47:33,20261002,24,6,1-2-6,23.9
2026-10-02 19:47:33,20261002,24,6,1-3-2,8.9
2026-10-02 19:47:33,20261002,24,6,1-3-4,28.7
2026-10-02 19:47:33,20261002,24,6,1-3-5,8.8
2026-10-02 19:47:33,20261002,24,6,1-3-6,17.1
2026-10-02 19:47:33,20261002,24,6,1-4-2,56.7
2026-10-02 19:47:33,20261002,24,6,1-4-3,62.0
2026-10-02 19:47:33,20261002,24,6,1-4-5,65.1
2026-10-02 19:47:33,20261002,24,6,1-4-6,74.9
2026-10-02 19:47:33,20261002,24,6,1-5-2,19.0
2026-10-02 19:47:33,20261002,24,6,1-5-3,16.9
2026-10-02 19:47:33,20261002,24,6,1-5-4,55.7
2026-10-02 19:47:33,20261002,24,6,1-5-6,18.6
2026-10-02 19:47:33,20261002,24,6,1-6-2,51.9
2026-10-02 19:47:33,20261002,24,6,1-6-3,43.7
2026-10-02 19:47:33,20261002,24,6,1-6-4,102.9
2026-10-02 19:47:33,20261002,24,6,1-6-5,30.3
2026-10-02 19:47:33,20261002,24,6,2-1-3,86.7
2026-10-02 19:47:33,20261002,24,6,2-1-4,127.6
2026-10-02 19:47:33,20261002,24,6,2-1-5,91.7
2026-10-02 19:47:33,20261002,24,6,2-1-6,105.3
2026-10-02 19:47:33,20261002,24,6,2-3-1,172.4
2026-10-02 19:47:33,20261002,24,6,2-3-4,253.1
2026-10-02 19:47:33,20261002,24,6,2-3-5,263.8
2026-10-02 19:47:33,20261002,24,6,2-3-6,392.4
2026-10-02 19:47:33,20261002,24,6,2-4-1,268.3
2026-10-02 19:47:33,20261002,24,6,2-4-3,290.6
2026-10-02 19:47:33,20261002,24,6,2-4-5,402.4
2026-10-02 19:47:33,20261002,24,6,2-4-6,387.5
2026-10-02 19:47:33,20261002,24,6,2-5-1,232.5
2026-10-02 19:47:33,20261002,24,6,2-5-3,333.9
2026-10-02 19:47:33,20261002,24,6,2-5-4,454.9
2026-10-02 19:47:33,20261002,24,6,2-5-6,203.8
2026-10-02 19:47:33,20261002,24,6,2-6-1,378.2
2026-10-02 19:47:33,20261002,24,6,2-6-3,804.9
2026-10-02 19:47:33,20261002,24,6,2-6-4,442.1
2026-10-02 19:47:33,20261002,24,6,2-6-5,216.5
2026-10-02 19:47:33,20261002,24,6,3-1-2,75.8
2026-10-02 19:47:33,20261002,24,6,3-1-4,98.4
2026-10-02 19:47:33,20261002,24,6,3-1-5,61.0
2026-10-02 19:47:33,20261002,24,6,3-1-6,87.6
2026-10-02 19:47:33,20261002,24,6,3-2-1,184.6
2026-10-02 19:47:33,20261002,24,6,3-2-4,213.5
2026-10-02 19:47:33,20261002,24,6,3-2-5,201.2
2026-10-02 19:47:33,20261002,24,6,3-2-6,255.2
2026-10-02 19:47:33,20261002,24,6,3-4-1,313.9
2026-10-02 19:47:33,20261002,24,6,3-4-2,392.4
2026-10-02 19:47:33,20261002,24,6,3-4-5,356.7
2026-10-02 19:47:33,20261002,24,6,3-4-6,290.6
2026-10-02 19:47:33,20261002,24,6,3-5-1,181.4
2026-10-02 19:47:33,20261002,24,6,3-5-2,247.1
2026-10-02 19:47:33,20261002,24,6,3-5-4,407.7
2026-10-02 19:47:33,20261002,24,6,3-5-6,348.8
2026-10-02 19:47:33,20261002,24,6,3-6-1,320.3
2026-10-02 19:47:33,20261002,24,6,3-6-2,627.8
2026-10-02 19:47:33,20261002,24,6,3-6-4,682.4
2026-10-02 19:47:33,20261002,24,6,3-6-5,424.2
2026-10-02 19:47:33,20261002,24,6,4-1-2,164.3
2026-10-02 19:47:33,20261002,24,6,4-1-3,184.6
2026-10-02 19:47:33,20261002,24,6,4-1-5,99.3
2026-10-02 19:47:33,20261002,24,6,4-1-6,126.5
2026-10-02 19:47:33,20261002,24,6,4-2-1,360.8
2026-10-02 19:47:33,20261002,24,6,4-2-3,301.8
2026-10-02 19:47:33,20261002,24,6,4-2-5,290.6
2026-10-02 19:47:33,20261002,24,6,4-2-6,323.6
2026-10-02 19:47:33,20261002,24,6,4-3-1,307.7
2026-10-02 19:47:33,20261002,24,6,4-3-2,615.5
2026-10-02 19:47:33,20261002,24,6,4-3-5,402.4
2026-10-02 19:47:33,20261002,24,6,4-3-6,475.6
2026-10-02 19:47:33,20261002,24,6,4-5-1,268.3
2026-10-02 19:47:33,20261002,24,6,4-5-2,352.7
2026-10-02 19:47:33,20261002,24,6,4-5-3,498.3
2026-10-02 19:47:33,20261002,24,6,4-5-6,296.1
2026-10-02 19:47:33,20261002,24,6,4-6-1,266.0
2026-10-02 19:47:33,20261002,24,6,4-6-2,402.4
2026-10-02 19:47:33,20261002,24,6,4-6-3,747.4
2026-10-02 19:47:33,20261002,24,6,4-6-5,523.2
2026-10-02 19:47:33,20261002,24,6,5-1-2,122.6
2026-10-02 19:47:33,20261002,24,6,5-1-3,68.8
2026-10-02 19:47:33,20261002,24,6,5-1-4,209.2
2026-10-02 19:47:33,20261002,24,6,5-1-6,81.3
2026-10-02 19:47:33,20261002,24,6,5-2-1,227.4
2026-10-02 19:47:33,20261002,24,6,5-2-3,288.0
2026-10-02 19:47:33,20261002,24,6,5-2-4,298.9
2026-10-02 19:47:33,20261002,24,6,5-2-6,202.5
2026-10-02 19:47:33,20261002,24,6,5-3-1,224.2
2026-10-02 19:47:33,20261002,24,6,5-3-2,373.7
2026-10-02 19:47:33,20261002,24,6,5-3-4,369.3
2026-10-02 19:47:33,20261002,24,6,5-3-6,360.8
2026-10-02 19:47:33,20261002,24,6,5-4-1,296.1
2026-10-02 19:47:33,20261002,24,6,5-4-2,436.0
2026-10-02 19:47:33,20261002,24,6,5-4-3,514.6
2026-10-02 19:47:33,20261002,24,6,5-4-6,330.4
2026-10-02 19:47:33,20261002,24,6,5-6-1,166.9
2026-10-02 19:47:33,20261002,24,6,5-6-2,263.8
2026-10-02 19:47:33,20261002,24,6,5-6-3,337.5
2026-10-02 19:47:33,20261002,24,6,5-6-4,532.0
2026-10-02 19:47:33,20261002,24,6,6-1-2,133.5
2026-10-02 19:47:33,20261002,24,6,6-1-3,146.6
2026-10-02 19:47:33,20261002,24,6,6-1-4,468.5
2026-10-02 19:47:33,20261002,24,6,6-1-5,169.6
2026-10-02 19:47:33,20261002,24,6,6-2-1,323.6
2026-10-02 19:47:33,20261002,24,6,6-2-3,506.3
2026-10-02 19:47:33,20261002,24,6,6-2-4,615.5
2026-10-02 19:47:33,20261002,24,6,6-2-5,310.8
2026-10-02 19:47:33,20261002,24,6,6-3-1,229.1
2026-10-02 19:47:33,20261002,24,6,6-3-2,747.4
2026-10-02 19:47:33,20261002,24,6,6-3-4,654.0
2026-10-02 19:47:33,20261002,24,6,6-3-5,581.3
2026-10-02 19:47:33,20261002,24,6,6-4-1,640.6
2026-10-02 19:47:33,20261002,24,6,6-4-2,667.9
2026-10-02 19:47:33,20261002,24,6,6-4-3,1046.0
2026-10-02 19:47:33,20261002,24,6,6-4-5,765.6
2026-10-02 19:47:33,20261002,24,6,6-5-1,216.5
2026-10-02 19:47:33,20261002,24,6,6-5-2,301.8
2026-10-02 19:47:33,20261002,24,6,6-5-3,392.4
2026-10-02 19:47:33,20261002,24,6,6-5-4,570.7
2026-10-02 19:49:45,20261002,12,11,1-2-3,32.2
2026-10-02 19:49:45,20261002,12,11,1-2-4,19.7
2026-10-02 19:49:45,20261002,12,11,1-2-5,32.2
2026-10-02 19:49:45,20261002,12,11,1-2-6,65.1
2026-10-02 19:49:45,20261002,12,11,1-3-2,33.5
2026-10-02 19:49:45,20261002,12,11,1-3-4,12.3
2026-10-02 19:49:45,20261002,12,11,1-3-5,17.3
2026-10-02 19:49:45,20261002,12,11,1-3-6,45.4
2026-10-02 19:49:45,20261002,12,11,1-4-2,16.2
2026-10-02 19:49:45,20261002,12,11,1-4-3,11.5
2026-10-02 19:49:45,20261002,12,11,1-4-5,5.5
2026-10-02 19:49:45,20261002,12,11,1-4-6,13.9
2026-10-02 19:49:45,20261002,12,11,1-5-2,42.3
2026-10-02 19:49:45,20261002,12,11,1-5-3,28.0
2026-10-02 19:49:45,20261002,12,11,1-5-4,17.0
2026-10-02 19:49:45,20261002,12,11,1-5-6,31.4
2026-10-02 19:49:45,20261002,12,11,1-6-2,102.4
2026-10-02 19:49:45,20261002,12,11,1-6-3,104.5
2026-10-02 19:49:45,20261002,12,11,1-6-4,44.3
2026-10-02 19:49:45,20261002,12,11,1-6-5,67.0
2026-10-02 19:49:45,20261002,12,11,2-1-3,230.0
2026-10-02 19:49:45,20261002,12,11,2-1-4,228.3
2026-10-02 19:49:45,20261002,12,11,2-1-5,255.5
2026-10-02 19:49:45,20261002,12,11,2-1-6,278.5
2026-10-02 19:49:45,20261002,12,11,2-3-1,292.9
2026-10-02 19:49:45,20261002,12,11,2-3-4,540.0
2026-10-02 19:49:45,20261002,12,11,2-3-5,492.9
2026-10-02 19:49:45,20261002,12,11,2-3-6,1018.0
2026-10-02 19:49:45,20261002,12,11,2-4-1,318.5
2026-10-02 19:49:45,20261002,12,11,2-4-3,646.9
2026-10-02 19:49:45,20261002,12,11,2-4-5,535.4
2026-10-02 19:49:45,20261002,12,11,2-4-6,621.0
2026-10-02 19:49:45,20261002,12,11,2-5-1,431.3
2026-10-02 19:49:45,20261002,12,11,2-5-3,667.8
2026-10-02 19:49:45,20261002,12,11,2-5-4,713.9
2026-10-02 19:49:45,20261002,12,11,2-5-6,970.4
2026-10-02 19:49:45,20261002,12,11,2-6-1,395.6
2026-10-02 19:49:45,20261002,12,11,2-6-3,1109.0
2026-10-02 19:49:45,20261002,12,11,2-6-4,955.5
2026-10-02 19:49:45,20261002,12,11,2-6-5,1035.0
2026-10-02 19:49:45,20261002,12,11,3-1-2,226.6
2026-10-02 19:49:45,20261002,12,11,3-1-4,122.0
2026-10-02 19:49:45,20261002,12,11,3-1-5,118.3
2026-10-02 19:49:45,20261002,12,11,3-1-6,276.0
2026-10-02 19:49:45,20261002,12,11,3-2-1,345.0
2026-10-02 19:49:45,20261002,12,11,3-2-4,288.8
2026-10-02 19:49:45,20261002,12,11,3-2-5,416.8
2026-10-02 19:49:45,20261002,12,11,3-2-6,627.3
2026-10-02 19:49:45,20261002,12,11,3-4-1,227.5
2026-10-02 19:49:45,20261002,12,11,3-4-2,422.5
2026-10-02 19:49:45,20261002,12,11,3-4-5,257.7
2026-10-02 19:49:45,20261002,12,11,3-4-6,361.1
2026-10-02 19:49:45,20261002,12,11,3-5-1,240.7
2026-10-02 19:49:45,20261002,12,11,3-5-2,395.6
2026-10-02 19:49:45,20261002,12,11,3-5-4,316.8
2026-10-02 19:49:45,20261002,12,11,3-5-6,585.9
2026-10-02 19:49:45,20261002,12,11,3-6-1,653.7
2026-10-02 19:49:45,20261002,12,11,3-6-2,786.1
2026-10-02 19:49:45,20261002,12,11,3-6-4,682.5
2026-10-02 19:49:45,20261002,12,11,3-6-5,817.2
2026-10-02 19:49:45,20261002,12,11,4-1-2,111.7
2026-10-02 19:49:45,20261002,12,11,4-1-3,67.0
2026-10-02 19:49:45,20261002,12,11,4-1-5,29.2
2026-10-02 19:49:45,20261002,12,11,4-1-6,56.8
2026-10-02 19:49:45,20261002,12,11,4-2-1,217.9
2026-10-02 19:49:45,20261002,12,11,4-2-3,460.0
2026-10-02 19:49:45,20261002,12,11,4-2-5,474.1
2026-10-02 19:49:45,20261002,12,11,4-2-6,398.1
2026-10-02 19:49:45,20261002,12,11,4-3-1,194.0
2026-10-02 19:49:45,20261002,12,11,4-3-2,408.6
2026-10-02 19:49:45,20261002,12,11,4-3-5,240.7
2026-10-02 19:49:45,20261002,12,11,4-3-6,411.3
2026-10-02 19:49:45,20261002,12,11,4-5-1,49.8
2026-10-02 19:49:45,20261002,12,11,4-5-2,204.3
2026-10-02 19:49:45,20261002,12,11,4-5-3,133.8
2026-10-02 19:49:45,20261002,12,11,4-5-6,76.1
2026-10-02 19:49:45,20261002,12,11,4-6-1,162.5
2026-10-02 19:49:45,20261002,12,11,4-6-2,325.1
2026-10-02 19:49:45,20261002,12,11,4-6-3,352.8
2026-10-02 19:49:45,20261002,12,11,4-6-5,149.6
2026-10-02 19:49:45,20261002,12,11,5-1-2,187.0
2026-10-02 19:49:45,20261002,12,11,5-1-3,138.9
2026-10-02 19:49:45,20261002,12,11,5-1-4,60.4
2026-10-02 19:49:45,20261002,12,11,5-1-6,118.7
2026-10-02 19:49:45,20261002,12,11,5-2-1,354.9
2026-10-02 19:49:45,20261002,12,11,5-2-3,549.6
2026-10-02 19:49:45,20261002,12,11,5-2-4,450.0
2026-10-02 19:49:45,20261002,12,11,5-2-6,559.5
2026-10-02 19:49:45,20261002,12,11,5-3-1,226.6
2026-10-02 19:49:45,20261002,12,11,5-3-2,453.3
2026-10-02 19:49:45,20261002,12,11,5-3-4,288.8
2026-10-02 19:49:45,20261002,12,11,5-3-6,434.3
2026-10-02 19:49:45,20261002,12,11,5-4-1,76.3
2026-10-02 19:49:45,20261002,12,11,5-4-2,333.9
2026-10-02 19:49:45,20261002,12,11,5-4-3,262.0
2026-10-02 19:49:45,20261002,12,11,5-4-6,134.7
2026-10-02 19:49:45,20261002,12,11,5-6-1,246.4
2026-10-02 19:49:45,20261002,12,11,5-6-2,608.9
2026-10-02 19:49:45,20261002,12,11,5-6-3,530.8
2026-10-02 19:49:45,20261002,12,11,5-6-4,198.4
2026-10-02 19:49:45,20261002,12,11,6-1-2,304.4
2026-10-02 19:49:45,20261002,12,11,6-1-3,633.7
2026-10-02 19:49:45,20261002,12,11,6-1-4,348.9
2026-10-02 19:49:45,20261002,12,11,6-1-5,477.7
2026-10-02 19:49:45,20261002,12,11,6-2-1,621.0
2026-10-02 19:49:45,20261002,12,11,6-2-3,1001.0
2026-10-02 19:49:45,20261002,12,11,6-2-4,1242.0
2026-10-02 19:49:45,20261002,12,11,6-2-5,1217.0
2026-10-02 19:49:45,20261002,12,11,6-3-1,817.2
2026-10-02 19:49:45,20261002,12,11,6-3-2,900.1
2026-10-02 19:49:45,20261002,12,11,6-3-4,705.7
2026-10-02 19:49:45,20261002,12,11,6-3-5,927.0
2026-10-02 19:49:45,20261002,12,11,6-4-1,371.9
2026-10-02 19:49:45,20261002,12,11,6-4-2,913.3
2026-10-02 19:49:45,20261002,12,11,6-4-3,690.1
2026-10-02 19:49:45,20261002,12,11,6-4-5,309.0
2026-10-02 19:49:45,20261002,12,11,6-5-1,535.4
2026-10-02 19:49:45,20261002,12,11,6-5-2,817.2
2026-10-02 19:49:45,20261002,12,11,6-5-3,559.5
2026-10-02 19:49:45,20261002,12,11,6-5-4,282.3
2026-10-02 19:55:55,20261002,15,11,1-2-3,14.2
2026-10-02 19:55:55,20261002,15,11,1-2-4,17.0
2026-10-02 19:55:55,20261002,15,11,1-2-5,16.8
2026-10-02 19:55:55,20261002,15,11,1-2-6,35.0
2026-10-02 19:55:55,20261002,15,11,1-3-2,21.1
2026-10-02 19:55:55,20261002,15,11,1-3-4,12.5
2026-10-02 19:55:55,20261002,15,11,1-3-5,14.2
2026-10-02 19:55:55,20261002,15,11,1-3-6,30.7
2026-10-02 19:55:55,20261002,15,11,1-4-2,19.9
2026-10-02 19:55:55,20261002,15,11,1-4-3,14.5
2026-10-02 19:55:55,20261002,15,11,1-4-5,10.8
2026-10-02 19:55:55,20261002,15,11,1-4-6,18.7
2026-10-02 19:55:55,20261002,15,11,1-5-2,21.5
2026-10-02 19:55:55,20261002,15,11,1-5-3,19.0
2026-10-02 19:55:55,20261002,15,11,1-5-4,22.5
2026-10-02 19:55:55,20261002,15,11,1-5-6,37.3
2026-10-02 19:55:55,20261002,15,11,1-6-2,78.1
2026-10-02 19:55:55,20261002,15,11,1-6-3,76.1
2026-10-02 19:55:55,20261002,15,11,1-6-4,60.3
2026-10-02 19:55:55,20261002,15,11,1-6-5,84.9
2026-10-02 19:55:55,20261002,15,11,2-1-3,64.8
2026-10-02 19:55:55,20261002,15,11,2-1-4,105.1
2026-10-02 19:55:55,20261002,15,11,2-1-5,91.8
2026-10-02 19:55:55,20261002,15,11,2-1-6,150.9
2026-10-02 19:55:55,20261002,15,11,2-3-1,259.6
2026-10-02 19:55:55,20261002,15,11,2-3-4,358.1
2026-10-02 19:55:55,20261002,15,11,2-3-5,374.7
2026-10-02 19:55:55,20261002,15,11,2-3-6,698.6
2026-10-02 19:55:55,20261002,15,11,2-4-1,244.9
2026-10-02 19:55:55,20261002,15,11,2-4-3,445.6
2026-10-02 19:55:55,20261002,15,11,2-4-5,273.3
2026-10-02 19:55:55,20261002,15,11,2-4-6,549.4
2026-10-02 19:55:55,20261002,15,11,2-5-1,228.1
2026-10-02 19:55:55,20261002,15,11,2-5-3,456.3
2026-10-02 19:55:55,20261002,15,11,2-5-4,393.0
2026-10-02 19:55:55,20261002,15,11,2-5-6,690.1
2026-10-02 19:55:55,20261002,15,11,2-6-1,379.8
2026-10-02 19:55:55,20261002,15,11,2-6-3,1067.0
2026-10-02 19:55:55,20261002,15,11,2-6-4,725.5
2026-10-02 19:55:55,20261002,15,11,2-6-5,1154.0
2026-10-02 19:55:55,20261002,15,11,3-1-2,104.6
2026-10-02 19:55:55,20261002,15,11,3-1-4,91.2
2026-10-02 19:55:55,20261002,15,11,3-1-5,73.0
2026-10-02 19:55:55,20261002,15,11,3-1-6,99.9
2026-10-02 19:55:55,20261002,15,11,3-2-1,282.9
2026-10-02 19:55:55,20261002,15,11,3-2-4,249.3
2026-10-02 19:55:55,20261002,15,11,3-2-5,387.6
2026-10-02 19:55:55,20261002,15,11,3-2-6,505.2
2026-10-02 19:55:55,20261002,15,11,3-4-1,182.5
2026-10-02 19:55:55,20261002,15,11,3-4-2,338.8
2026-10-02 19:55:55,20261002,15,11,3-4-5,285.8
2026-10-02 19:55:55,20261002,15,11,3-4-6,345.0
2026-10-02 19:55:55,20261002,15,11,3-5-1,221.9
2026-10-02 19:55:55,20261002,15,11,3-5-2,293.2
2026-10-02 19:55:55,20261002,15,11,3-5-4,297.8
2026-10-02 19:55:55,20261002,15,11,3-5-6,479.6
2026-10-02 19:55:55,20261002,15,11,3-6-1,435.3
2026-10-02 19:55:55,20261002,15,11,3-6-2,797.0
2026-10-02 19:55:55,20261002,15,11,3-6-4,528.9
2026-10-02 19:55:55,20261002,15,11,3-6-5,1088.0
2026-10-02 19:55:55,20261002,15,11,4-1-2,121.1
2026-10-02 19:55:55,20261002,15,11,4-1-3,113.1
2026-10-02 19:55:55,20261002,15,11,4-1-5,53.8
2026-10-02 19:55:55,20261002,15,11,4-1-6,82.8
2026-10-02 19:55:55,20261002,15,11,4-2-1,262.0
2026-10-02 19:55:55,20261002,15,11,4-2-3,401.3
2026-10-02 19:55:55,20261002,15,11,4-2-5,179.0
2026-10-02 19:55:55,20261002,15,11,4-2-6,302.6
2026-10-02 19:55:55,20261002,15,11,4-3-1,250.4
2026-10-02 19:55:55,20261002,15,11,4-3-2,589.5
2026-10-02 19:55:55,20261002,15,11,4-3-5,281.5
2026-10-02 19:55:55,20261002,15,11,4-3-6,351.5
2026-10-02 19:55:55,20261002,15,11,4-5-1,116.4
2026-10-02 19:55:55,20261002,15,11,4-5-2,284.3
2026-10-02 19:55:55,20261002,15,11,4-5-3,278.7
2026-10-02 19:55:55,20261002,15,11,4-5-6,181.3
2026-10-02 19:55:55,20261002,15,11,4-6-1,204.3
2026-10-02 19:55:55,20261002,15,11,4-6-2,463.8
2026-10-02 19:55:55,20261002,15,11,4-6-3,544.1
2026-10-02 19:55:55,20261002,15,11,4-6-5,329.0
2026-10-02 19:55:55,20261002,15,11,5-1-2,92.0
2026-10-02 19:55:55,20261002,15,11,5-1-3,122.2
2026-10-02 19:55:55,20261002,15,11,5-1-4,110.3
2026-10-02 19:55:55,20261002,15,11,5-1-6,117.6
2026-10-02 19:55:55,20261002,15,11,5-2-1,160.3
2026-10-02 19:55:55,20261002,15,11,5-2-3,345.0
2026-10-02 19:55:55,20261002,15,11,5-2-4,330.9
2026-10-02 19:55:55,20261002,15,11,5-2-6,432.0
2026-10-02 19:55:55,20261002,15,11,5-3-1,274.7
2026-10-02 19:55:55,20261002,15,11,5-3-2,496.4
2026-10-02 19:55:55,20261002,15,11,5-3-4,393.0
2026-10-02 19:55:55,20261002,15,11,5-3-6,565.9
2026-10-02 19:55:55,20261002,15,11,5-4-1,182.5
2026-10-02 19:55:55,20261002,15,11,5-4-2,387.6
2026-10-02 19:55:55,20261002,15,11,5-4-3,362.7
2026-10-02 19:55:55,20261002,15,11,5-4-6,278.7
2026-10-02 19:55:55,20261002,15,11,5-6-1,345.0
2026-10-02 19:55:55,20261002,15,11,5-6-2,734.9
2026-10-02 19:55:55,20261002,15,11,5-6-3,681.8
2026-10-02 19:55:55,20261002,15,11,5-6-4,463.8
2026-10-02 19:55:55,20261002,15,11,6-1-2,274.7
2026-10-02 19:55:55,20261002,15,11,6-1-3,435.3
2026-10-02 19:55:55,20261002,15,11,6-1-4,299.4
2026-10-02 19:55:55,20261002,15,11,6-1-5,428.7
2026-10-02 19:55:55,20261002,15,11,6-2-1,533.9
2026-10-02 19:55:55,20261002,15,11,6-2-3,975.7
2026-10-02 19:55:55,20261002,15,11,6-2-4,571.6
2026-10-02 19:55:55,20261002,15,11,6-2-5,975.7
2026-10-02 19:55:55,20261002,15,11,6-3-1,707.4
2026-10-02 19:55:55,20261002,15,11,6-3-2,1316.0
2026-10-02 19:55:55,20261002,15,11,6-3-4,912.7
2026-10-02 19:55:55,20261002,15,11,6-3-5,1257.0
2026-10-02 19:55:55,20261002,15,11,6-4-1,401.3
2026-10-02 19:55:55,20261002,15,11,6-4-2,832.2
2026-10-02 19:55:55,20261002,15,11,6-4-3,1380.0
2026-10-02 19:55:55,20261002,15,11,6-4-5,577.4
2026-10-02 19:55:55,20261002,15,11,6-5-1,471.6
2026-10-02 19:55:55,20261002,15,11,6-5-2,870.6
2026-10-02 19:55:55,20261002,15,11,6-5-3,870.6
2026-10-02 19:55:55,20261002,15,11,6-5-4,560.3
2026-10-02 20:00:37,20261002,7,11,1-2-3,30.8
2026-10-02 20:00:37,20261002,7,11,1-2-4,36.0
2026-10-02 20:00:37,20261002,7,11,1-2-5,44.2
2026-10-02 20:00:37,20261002,7,11,1-2-6,81.4
2026-10-02 20:00:37,20261002,7,11,1-3-2,23.4
2026-10-02 20:00:37,20261002,7,11,1-3-4,6.6
2026-10-02 20:00:37,20261002,7,11,1-3-5,8.8
2026-10-02 20:00:37,20261002,7,11,1-3-6,47.7
2026-10-02 20:00:37,20261002,7,11,1-4-2,29.2
2026-10-02 20:00:37,20261002,7,11,1-4-3,12.2
2026-10-02 20:00:37,20261002,7,11,1-4-5,16.9
2026-10-02 20:00:37,20261002,7,11,1-4-6,58.5
2026-10-02 20:00:37,20261002,7,11,1-5-2,34.7
2026-10-02 20:00:37,20261002,7,11,1-5-3,18.5
2026-10-02 20:00:37,20261002,7,11,1-5-4,25.1
2026-10-02 20:00:37,20261002,7,11,1-5-6,74.4
2026-10-02 20:00:37,20261002,7,11,1-6-2,135.7
2026-10-02 20:00:37,20261002,7,11,1-6-3,143.4
2026-10-02 20:00:37,20261002,7,11,1-6-4,200.0
2026-10-02 20:00:37,20261002,7,11,1-6-5,214.7
2026-10-02 20:00:37,20261002,7,11,2-1-3,136.4
2026-10-02 20:00:37,20261002,7,11,2-1-4,166.5
2026-10-02 20:00:37,20261002,7,11,2-1-5,172.7
2026-10-02 20:00:37,20261002,7,11,2-1-6,261.3
2026-10-02 20:00:37,20261002,7,11,2-3-1,233.1
2026-10-02 20:00:37,20261002,7,11,2-3-4,293.7
2026-10-02 20:00:37,20261002,7,11,2-3-5,289.0
2026-10-02 20:00:37,20261002,7,11,2-3-6,489.5
2026-10-02 20:00:37,20261002,7,11,2-4-1,280.2
2026-10-02 20:00:37,20261002,7,11,2-4-3,311.1
2026-10-02 20:00:37,20261002,7,11,2-4-5,320.6
2026-10-02 20:00:37,20261002,7,11,2-4-6,419.5
2026-10-02 20:00:37,20261002,7,11,2-5-1,368.9
2026-10-02 20:00:37,20261002,7,11,2-5-3,372.7
2026-10-02 20:00:37,20261002,7,11,2-5-4,489.5
2026-10-02 20:00:37,20261002,7,11,2-5-6,844.0
2026-10-02 20:00:37,20261002,7,11,2-6-1,741.7
2026-10-02 20:00:37,20261002,7,11,2-6-3,853.8
2026-10-02 20:00:37,20261002,7,11,2-6-4,741.7
2026-10-02 20:00:37,20261002,7,11,2-6-5,1165.0
2026-10-02 20:00:37,20261002,7,11,3-1-2,69.7
2026-10-02 20:00:37,20261002,7,11,3-1-4,24.2
2026-10-02 20:00:37,20261002,7,11,3-1-5,28.2
2026-10-02 20:00:37,20261002,7,11,3-1-6,96.1
2026-10-02 20:00:37,20261002,7,11,3-2-1,177.7
2026-10-02 20:00:37,20261002,7,11,3-2-4,178.2
2026-10-02 20:00:37,20261002,7,11,3-2-5,205.6
2026-10-02 20:00:37,20261002,7,11,3-2-6,320.6
2026-10-02 20:00:37,20261002,7,11,3-4-1,45.6
2026-10-02 20:00:37,20261002,7,11,3-4-2,132.0
2026-10-02 20:00:37,20261002,7,11,3-4-5,50.9
2026-10-02 20:00:37,20261002,7,11,3-4-6,140.1
2026-10-02 20:00:37,20261002,7,11,3-5-1,72.7
2026-10-02 20:00:37,20261002,7,11,3-5-2,148.6
2026-10-02 20:00:37,20261002,7,11,3-5-4,73.2
2026-10-02 20:00:37,20261002,7,11,3-5-6,175.6
2026-10-02 20:00:37,20261002,7,11,3-6-1,410.2
2026-10-02 20:00:37,20261002,7,11,3-6-2,547.9
2026-10-02 20:00:37,20261002,7,11,3-6-4,287.9
2026-10-02 20:00:37,20261002,7,11,3-6-5,349.6
2026-10-02 20:00:37,20261002,7,11,4-1-2,136.9
2026-10-02 20:00:37,20261002,7,11,4-1-3,54.5
2026-10-02 20:00:37,20261002,7,11,4-1-5,54.0
2026-10-02 20:00:37,20261002,7,11,4-1-6,167.6
2026-10-02 20:00:37,20261002,7,11,4-2-1,282.4
2026-10-02 20:00:37,20261002,7,11,4-2-3,285.7
2026-10-02 20:00:37,20261002,7,11,4-2-5,209.1
2026-10-02 20:00:37,20261002,7,11,4-2-6,390.5
2026-10-02 20:00:37,20261002,7,11,4-3-1,93.7
2026-10-02 20:00:37,20261002,7,11,4-3-2,239.1
2026-10-02 20:00:37,20261002,7,11,4-3-5,87.4
2026-10-02 20:00:37,20261002,7,11,4-3-6,210.3
2026-10-02 20:00:37,20261002,7,11,4-5-1,82.5
2026-10-02 20:00:37,20261002,7,11,4-5-2,163.1
2026-10-02 20:00:37,20261002,7,11,4-5-3,94.7
2026-10-02 20:00:37,20261002,7,11,4-5-6,152.3
2026-10-02 20:00:37,20261002,7,11,4-6-1,349.6
2026-10-02 20:00:37,20261002,7,11,4-6-2,532.0
2026-10-02 20:00:37,20261002,7,11,4-6-3,396.9
2026-10-02 20:00:37,20261002,7,11,4-6-5,348.0
2026-10-02 20:00:37,20261002,7,11,5-1-2,123.4
2026-10-02 20:00:37,20261002,7,11,5-1-3,79.1
2026-10-02 20:00:37,20261002,7,11,5-1-4,87.2
2026-10-02 20:00:37,20261002,7,11,5-1-6,169.1
2026-10-02 20:00:37,20261002,7,11,5-2-1,228.0
2026-10-02 20:00:37,20261002,7,11,5-2-3,276.0
2026-10-02 20:00:37,20261002,7,11,5-2-4,293.7
2026-10-02 20:00:37,20261002,7,11,5-2-6,461.8
2026-10-02 20:00:37,20261002,7,11,5-3-1,134.7
2026-10-02 20:00:37,20261002,7,11,5-3-2,290.2
2026-10-02 20:00:37,20261002,7,11,5-3-4,171.5
2026-10-02 20:00:37,20261002,7,11,5-3-6,344.7
2026-10-02 20:00:37,20261002,7,11,5-4-1,116.7
2026-10-02 20:00:37,20261002,7,11,5-4-2,317.8
2026-10-02 20:00:37,20261002,7,11,5-4-3,162.8
2026-10-02 20:00:37,20261002,7,11,5-4-6,206.2
2026-10-02 20:00:37,20261002,7,11,5-6-1,376.5
2026-10-02 20:00:37,20261002,7,11,5-6-2,649.8
2026-10-02 20:00:37,20261002,7,11,5-6-3,453.2
2026-10-02 20:00:37,20261002,7,11,5-6-4,509.9
2026-10-02 20:00:37,20261002,7,11,6-1-2,335.2
2026-10-02 20:00:37,20261002,7,11,6-1-3,473.7
2026-10-02 20:00:37,20261002,7,11,6-1-4,749.2
2026-10-02 20:00:37,20261002,7,11,6-1-5,789.5
2026-10-02 20:00:37,20261002,7,11,6-2-1,573.6
2026-10-02 20:00:37,20261002,7,11,6-2-3,627.5
2026-10-02 20:00:37,20261002,7,11,6-2-4,679.8
2026-10-02 20:00:37,20261002,7,11,6-2-5,734.2
2026-10-02 20:00:37,20261002,7,11,6-3-1,667.5
2026-10-02 20:00:37,20261002,7,11,6-3-2,1064.0
2026-10-02 20:00:37,20261002,7,11,6-3-4,806.9
2026-10-02 20:00:37,20261002,7,11,6-3-5,686.2
2026-10-02 20:00:37,20261002,7,11,6-4-1,941.3
2026-10-02 20:00:37,20261002,7,11,6-4-2,764.8
2026-10-02 20:00:37,20261002,7,11,6-4-3,1048.0
2026-10-02 20:00:37,20261002,7,11,6-4-5,764.8
2026-10-02 20:00:37,20261002,7,11,6-5-1,863.8
2026-10-02 20:00:37,20261002,7,11,6-5-2,1064.0
2026-10-02 20:00:37,20261002,7,11,6-5-3,806.9
2026-10-02 20:00:37,20261002,7,11,6-5-4,789.5
2026-10-02 20:05:36,20261002,19,11,1-2-3,8.1
2026-10-02 20:05:36,20261002,19,11,1-2-4,39.4
2026-10-02 20:05:36,20261002,19,11,1-2-5,24.7
2026-10-02 20:05:36,20261002,19,11,1-2-6,26.3
2026-10-02 20:05:36,20261002,19,11,1-3-2,6.8
2026-10-02 20:05:36,20261002,19,11,1-3-4,19.7
2026-10-02 20:05:36,20261002,19,11,1-3-5,9.2
2026-10-02 20:05:36,20261002,19,11,1-3-6,11.2
2026-10-02 20:05:36,20261002,19,11,1-4-2,70.9
2026-10-02 20:05:36,20261002,19,11,1-4-3,64.7
2026-10-02 20:05:36,20261002,19,11,1-4-5,87.8
2026-10-02 20:05:36,20261002,19,11,1-4-6,97.3
2026-10-02 20:05:36,20261002,19,11,1-5-2,44.2
2026-10-02 20:05:36,20261002,19,11,1-5-3,33.2
2026-10-02 20:05:36,20261002,19,11,1-5-4,128.3
2026-10-02 20:05:36,20261002,19,11,1-5-6,64.1
2026-10-02 20:05:36,20261002,19,11,1-6-2,56.1
2026-10-02 20:05:36,20261002,19,11,1-6-3,39.4
2026-10-02 20:05:36,20261002,19,11,1-6-4,152.8
2026-10-02 20:05:36,20261002,19,11,1-6-5,91.3
2026-10-02 20:05:36,20261002,19,11,2-1-3,41.6
2026-10-02 20:05:36,20261002,19,11,2-1-4,149.1
2026-10-02 20:05:36,20261002,19,11,2-1-5,110.2
2026-10-02 20:05:36,20261002,19,11,2-1-6,97.1
2026-10-02 20:05:36,20261002,19,11,2-3-1,71.5
2026-10-02 20:05:36,20261002,19,11,2-3-4,279.7
2026-10-02 20:05:36,20261002,19,11,2-3-5,201.4
2026-10-02 20:05:36,20261002,19,11,2-3-6,182.5
2026-10-02 20:05:36,20261002,19,11,2-4-1,461.4
2026-10-02 20:05:36,20261002,19,11,2-4-3,685.4
2026-10-02 20:05:36,20261002,19,11,2-4-5,831.3
2026-10-02 20:05:36,20261002,19,11,2-4-6,616.9
2026-10-02 20:05:36,20261002,19,11,2-5-1,340.7
2026-10-02 20:05:36,20261002,19,11,2-5-3,393.3
2026-10-02 20:05:36,20261002,19,11,2-5-4,952.9
2026-10-02 20:05:36,20261002,19,11,2-5-6,530.3
2026-10-02 20:05:36,20261002,19,11,2-6-1,352.0
2026-10-02 20:05:36,20261002,19,11,2-6-3,589.0
2026-10-02 20:05:36,20261002,19,11,2-6-4,849.4
2026-10-02 20:05:36,20261002,19,11,2-6-5,837.2
2026-10-02 20:05:36,20261002,19,11,3-1-2,20.7
2026-10-02 20:05:36,20261002,19,11,3-1-4,42.0
2026-10-02 20:05:36,20261002,19,11,3-1-5,21.7
2026-10-02 20:05:36,20261002,19,11,3-1-6,25.7
2026-10-02 20:05:36,20261002,19,11,3-2-1,53.0
2026-10-02 20:05:36,20261002,19,11,3-2-4,168.1
2026-10-02 20:05:36,20261002,19,11,3-2-5,105.6
2026-10-02 20:05:36,20261002,19,11,3-2-6,123.7
2026-10-02 20:05:36,20261002,19,11,3-4-1,156.4
2026-10-02 20:05:36,20261002,19,11,3-4-2,209.3
2026-10-02 20:05:36,20261002,19,11,3-4-5,192.1
2026-10-02 20:05:36,20261002,19,11,3-4-6,198.6
2026-10-02 20:05:36,20261002,19,11,3-5-1,62.8
2026-10-02 20:05:36,20261002,19,11,3-5-2,108.6
2026-10-02 20:05:36,20261002,19,11,3-5-4,213.5
2026-10-02 20:05:36,20261002,19,11,3-5-6,100.1
2026-10-02 20:05:36,20261002,19,11,3-6-1,81.3
2026-10-02 20:05:36,20261002,19,11,3-6-2,167.6
2026-10-02 20:05:36,20261002,19,11,3-6-4,256.4
2026-10-02 20:05:36,20261002,19,11,3-6-5,151.2
2026-10-02 20:05:36,20261002,19,11,4-1-2,259.3
2026-10-02 20:05:36,20261002,19,11,4-1-3,231.1
2026-10-02 20:05:36,20261002,19,11,4-1-5,231.6
2026-10-02 20:05:36,20261002,19,11,4-1-6,288.0
2026-10-02 20:05:36,20261002,19,11,4-2-1,589.0
2026-10-02 20:05:36,20261002,19,11,4-2-3,697.7
2026-10-02 20:05:36,20261002,19,11,4-2-5,808.3
2026-10-02 20:05:36,20261002,19,11,4-2-6,577.4
2026-10-02 20:05:36,20261002,19,11,4-3-1,411.2
2026-10-02 20:05:36,20261002,19,11,4-3-2,685.4
2026-10-02 20:05:36,20261002,19,11,4-3-5,574.5
2026-10-02 20:05:36,20261002,19,11,4-3-6,482.3
2026-10-02 20:05:36,20261002,19,11,4-5-1,463.3
2026-10-02 20:05:36,20261002,19,11,4-5-2,626.8
2026-10-02 20:05:36,20261002,19,11,4-5-3,714.7
2026-10-02 20:05:36,20261002,19,11,4-5-6,792.0
2026-10-02 20:05:36,20261002,19,11,4-6-1,737.2
2026-10-02 20:05:36,20261002,19,11,4-6-2,814.0
2026-10-02 20:05:36,20261002,19,11,4-6-3,761.1
2026-10-02 20:05:36,20261002,19,11,4-6-5,1138.0
2026-10-02 20:05:36,20261002,19,11,5-1-2,151.6
2026-10-02 20:05:36,20261002,19,11,5-1-3,109.6
2026-10-02 20:05:36,20261002,19,11,5-1-4,283.8
2026-10-02 20:05:36,20261002,19,11,5-1-6,164.6
2026-10-02 20:05:36,20261002,19,11,5-2-1,427.8
2026-10-02 20:05:36,20261002,19,11,5-2-3,511.8
2026-10-02 20:05:36,20261002,19,11,5-2-4,819.7
2026-10-02 20:05:36,20261002,19,11,5-2-6,535.2
2026-10-02 20:05:36,20261002,19,11,5-3-1,177.8
2026-10-02 20:05:36,20261002,19,11,5-3-2,375.6
2026-10-02 20:05:36,20261002,19,11,5-3-4,637.0
2026-10-02 20:05:36,20261002,19,11,5-3-6,362.9
2026-10-02 20:05:36,20261002,19,11,5-4-1,592.0
2026-10-02 20:05:36,20261002,19,11,5-4-2,930.2
2026-10-02 20:05:36,20261002,19,11,5-4-3,1001.0
2026-10-02 20:05:36,20261002,19,11,5-4-6,888.0
2026-10-02 20:05:36,20261002,19,11,5-6-1,450.8
2026-10-02 20:05:36,20261002,19,11,5-6-2,623.4
2026-10-02 20:05:36,20261002,19,11,5-6-3,516.3
2026-10-02 20:05:36,20261002,19,11,5-6-4,1056.0
2026-10-02 20:05:36,20261002,19,11,6-1-2,190.9
2026-10-02 20:05:36,20261002,19,11,6-1-3,189.6
2026-10-02 20:05:36,20261002,19,11,6-1-4,746.6
2026-10-02 20:05:36,20261002,19,11,6-1-5,456.0
2026-10-02 20:05:36,20261002,19,11,6-2-1,352.0
2026-10-02 20:05:36,20261002,19,11,6-2-3,607.3
2026-10-02 20:05:36,20261002,19,11,6-2-4,945.3
2026-10-02 20:05:36,20261002,19,11,6-2-5,776.2
2026-10-02 20:05:36,20261002,19,11,6-3-1,247.2
2026-10-02 20:05:36,20261002,19,11,6-3-2,542.6
2026-10-02 20:05:36,20261002,19,11,6-3-4,792.0
2026-10-02 20:05:36,20261002,19,11,6-3-5,706.1
2026-10-02 20:05:36,20261002,19,11,6-4-1,1483.0
2026-10-02 20:05:36,20261002,19,11,6-4-2,1196.0
2026-10-02 20:05:36,20261002,19,11,6-4-3,1429.0
2026-10-02 20:05:36,20261002,19,11,6-4-5,1542.0
2026-10-02 20:05:36,20261002,19,11,6-5-1,719.1
2026-10-02 20:05:36,20261002,19,11,6-5-2,808.3
2026-10-02 20:05:36,20261002,19,11,6-5-3,751.3
2026-10-02 20:05:36,20261002,19,11,6-5-4,1362.0
2026-10-02 20:14:31,20261002,24,7,1-2-3,21.3
2026-10-02 20:14:31,20261002,24,7,1-2-4,9.3
2026-10-02 20:14:31,20261002,24,7,1-2-5,10.5
2026-10-02 20:14:31,20261002,24,7,1-2-6,7.1
2026-10-02 20:14:31,20261002,24,7,1-3-2,35.4
2026-10-02 20:14:31,20261002,24,7,1-3-4,51.0
2026-10-02 20:14:31,20261002,24,7,1-3-5,64.5
2026-10-02 20:14:31,20261002,24,7,1-3-6,52.1
2026-10-02 20:14:31,20261002,24,7,1-4-2,17.5
2026-10-02 20:14:31,20261002,24,7,1-4-3,64.8
2026-10-02 20:14:31,20261002,24,7,1-4-5,36.2
2026-10-02 20:14:31,20261002,24,7,1-4-6,20.1
2026-10-02 20:14:31,20261002,24,7,1-5-2,25.6
2026-10-02 20:14:31,20261002,24,7,1-5-3,59.5
2026-10-02 20:14:31,20261002,24,7,1-5-4,48.9
2026-10-02 20:14:31,20261002,24,7,1-5-6,30.0
2026-10-02 20:14:31,20261002,24,7,1-6-2,15.1
2026-10-02 20:14:31,20261002,24,7,1-6-3,64.3
2026-10-02 20:14:31,20261002,24,7,1-6-4,31.3
2026-10-02 20:14:31,20261002,24,7,1-6-5,35.7
2026-10-02 20:14:31,20261002,24,7,2-1-3,117.7
2026-10-02 20:14:31,20261002,24,7,2-1-4,56.4
2026-10-02 20:14:31,20261002,24,7,2-1-5,59.0
2026-10-02 20:14:31,20261002,24,7,2-1-6,30.0
2026-10-02 20:14:31,20261002,24,7,2-3-1,261.6
2026-10-02 20:14:31,20261002,24,7,2-3-4,345.0
2026-10-02 20:14:31,20261002,24,7,2-3-5,412.6
2026-10-02 20:14:31,20261002,24,7,2-3-6,526.6
2026-10-02 20:14:31,20261002,24,7,2-4-1,165.4
2026-10-02 20:14:31,20261002,24,7,2-4-3,320.2
2026-10-02 20:14:31,20261002,24,7,2-4-5,307.9
2026-10-02 20:14:31,20261002,24,7,2-4-6,212.9
2026-10-02 20:14:31,20261002,24,7,2-5-1,139.4
2026-10-02 20:14:31,20261002,24,7,2-5-3,333.5
2026-10-02 20:14:31,20261002,24,7,2-5-4,421.3
2026-10-02 20:14:31,20261002,24,7,2-5-6,241.1
2026-10-02 20:14:31,20261002,24,7,2-6-1,80.8
2026-10-02 20:14:31,20261002,24,7,2-6-3,597.4
2026-10-02 20:14:31,20261002,24,7,2-6-4,209.5
2026-10-02 20:14:31,20261002,24,7,2-6-5,247.0
2026-10-02 20:14:31,20261002,24,7,3-1-2,163.3
2026-10-02 20:14:31,20261002,24,7,3-1-4,122.7
2026-10-02 20:14:31,20261002,24,7,3-1-5,141.9
2026-10-02 20:14:31,20261002,24,7,3-1-6,160.1
2026-10-02 20:14:31,20261002,24,7,3-2-1,384.8
2026-10-02 20:14:31,20261002,24,7,3-2-4,336.3
2026-10-02 20:14:31,20261002,24,7,3-2-5,392.4
2026-10-02 20:14:31,20261002,24,7,3-2-6,367.2
2026-10-02 20:14:31,20261002,24,7,3-4-1,351.1
2026-10-02 20:14:31,20261002,24,7,3-4-2,412.6
2026-10-02 20:14:31,20261002,24,7,3-4-5,285.9
2026-10-02 20:14:31,20261002,24,7,3-4-6,360.6
2026-10-02 20:14:31,20261002,24,7,3-5-1,435.0
2026-10-02 20:14:31,20261002,24,7,3-5-2,370.6
2026-10-02 20:14:31,20261002,24,7,3-5-4,482.2
2026-10-02 20:14:31,20261002,24,7,3-5-6,563.7
2026-10-02 20:14:31,20261002,24,7,3-6-1,449.7
2026-10-02 20:14:31,20261002,24,7,3-6-2,606.5
2026-10-02 20:14:31,20261002,24,7,3-6-4,741.2
2026-10-02 20:14:31,20261002,24,7,3-6-5,667.1
2026-10-02 20:14:31,20261002,24,7,4-1-2,110.2
2026-10-02 20:14:31,20261002,24,7,4-1-3,214.0
2026-10-02 20:14:31,20261002,24,7,4-1-5,102.6
2026-10-02 20:14:31,20261002,24,7,4-1-6,89.3
2026-10-02 20:14:31,20261002,24,7,4-2-1,276.0
2026-10-02 20:14:31,20261002,24,7,4-2-3,412.6
2026-10-02 20:14:31,20261002,24,7,4-2-5,298.7
2026-10-02 20:14:31,20261002,24,7,4-2-6,272.3
2026-10-02 20:14:31,20261002,24,7,4-3-1,300.9
2026-10-02 20:14:31,20261002,24,7,4-3-2,533.7
2026-10-02 20:14:31,20261002,24,7,4-3-5,526.6
2026-10-02 20:14:31,20261002,24,7,4-3-6,597.4
2026-10-02 20:14:31,20261002,24,7,4-5-1,187.9
2026-10-02 20:14:31,20261002,24,7,4-5-2,256.5
2026-10-02 20:14:31,20261002,24,7,4-5-3,563.7
2026-10-02 20:14:31,20261002,24,7,4-5-6,198.1
2026-10-02 20:14:31,20261002,24,7,4-6-1,141.9
2026-10-02 20:14:31,20261002,24,7,4-6-2,232.7
2026-10-02 20:14:31,20261002,24,7,4-6-3,741.2
2026-10-02 20:14:31,20261002,24,7,4-6-5,224.8
2026-10-02 20:14:31,20261002,24,7,5-1-2,130.8
2026-10-02 20:14:31,20261002,24,7,5-1-3,294.3
2026-10-02 20:14:31,20261002,24,7,5-1-4,188.8
2026-10-02 20:14:31,20261002,24,7,5-1-6,125.4
2026-10-02 20:14:31,20261002,24,7,5-2-1,167.4
2026-10-02 20:14:31,20261002,24,7,5-2-3,500.3
2026-10-02 20:14:31,20261002,24,7,5-2-4,370.6
2026-10-02 20:14:31,20261002,24,7,5-2-6,235.4
2026-10-02 20:14:31,20261002,24,7,5-3-1,470.9
2026-10-02 20:14:31,20261002,24,7,5-3-2,615.8
2026-10-02 20:14:31,20261002,24,7,5-3-4,533.7
2026-10-02 20:14:31,20261002,24,7,5-3-6,727.8
2026-10-02 20:14:31,20261002,24,7,5-4-1,261.6
2026-10-02 20:14:31,20261002,24,7,5-4-2,430.4
2026-10-02 20:14:31,20261002,24,7,5-4-3,625.4
2026-10-02 20:14:31,20261002,24,7,5-4-6,348.0
2026-10-02 20:14:31,20261002,24,7,5-6-1,238.2
2026-10-02 20:14:31,20261002,24,7,5-6-2,345.0
2026-10-02 20:14:31,20261002,24,7,5-6-3,597.4
2026-10-02 20:14:31,20261002,24,7,5-6-4,370.6
2026-10-02 20:14:31,20261002,24,7,6-1-2,54.0
2026-10-02 20:14:31,20261002,24,7,6-1-3,202.1
2026-10-02 20:14:31,20261002,24,7,6-1-4,120.5
2026-10-02 20:14:31,20261002,24,7,6-1-5,125.8
2026-10-02 20:14:31,20261002,24,7,6-2-1,84.4
2026-10-02 20:14:31,20261002,24,7,6-2-3,425.8
2026-10-02 20:14:31,20261002,24,7,6-2-4,330.8
2026-10-02 20:14:31,20261002,24,7,6-2-5,168.8
2026-10-02 20:14:31,20261002,24,7,6-3-1,416.9
2026-10-02 20:14:31,20261002,24,7,6-3-2,755.2
2026-10-02 20:14:31,20261002,24,7,6-3-4,606.5
2026-10-02 20:14:31,20261002,24,7,6-3-5,563.7
2026-10-02 20:14:31,20261002,24,7,6-4-1,193.3
2026-10-02 20:14:31,20261002,24,7,6-4-2,354.2
2026-10-02 20:14:31,20261002,24,7,6-4-3,784.8
2026-10-02 20:14:31,20261002,24,7,6-4-5,367.2
2026-10-02 20:14:31,20261002,24,7,6-5-1,245.5
2026-10-02 20:14:31,20261002,24,7,6-5-2,277.9
2026-10-02 20:14:31,20261002,24,7,6-5-3,548.3
2026-10-02 20:14:31,20261002,24,7,6-5-4,408.4
2026-10-02 20:20:39,20261002,12,12,1-2-3,7.2
2026-10-02 20:20:39,20261002,12,12,1-2-4,16.2
2026-10-02 20:20:39,20261002,12,12,1-2-5,7.1
2026-10-02 20:20:39,20261002,12,12,1-2-6,56.7
2026-10-02 20:20:39,20261002,12,12,1-3-2,13.9
2026-10-02 20:20:39,20261002,12,12,1-3-4,22.5
2026-10-02 20:20:39,20261002,12,12,1-3-5,12.6
2026-10-02 20:20:39,20261002,12,12,1-3-6,83.3
2026-10-02 20:20:39,20261002,12,12,1-4-2,21.1
2026-10-02 20:20:39,20261002,12,12,1-4-3,30.1
2026-10-02 20:20:39,20261002,12,12,1-4-5,22.6
2026-10-02 20:20:39,20261002,12,12,1-4-6,84.4
2026-10-02 20:20:39,20261002,12,12,1-5-2,10.6
2026-10-02 20:20:39,20261002,12,12,1-5-3,14.4
2026-10-02 20:20:39,20261002,12,12,1-5-4,24.7
2026-10-02 20:20:39,20261002,12,12,1-5-6,72.2
2026-10-02 20:20:39,20261002,12,12,1-6-2,160.6
2026-10-02 20:20:39,20261002,12,12,1-6-3,267.5
2026-10-02 20:20:39,20261002,12,12,1-6-4,149.9
2026-10-02 20:20:39,20261002,12,12,1-6-5,254.1
2026-10-02 20:20:39,20261002,12,12,2-1-3,60.0
2026-10-02 20:20:39,20261002,12,12,2-1-4,87.2
2026-10-02 20:20:39,20261002,12,12,2-1-5,45.7
2026-10-02 20:20:39,20261002,12,12,2-1-6,189.2
2026-10-02 20:20:39,20261002,12,12,2-3-1,106.1
2026-10-02 20:20:39,20261002,12,12,2-3-4,311.5
2026-10-02 20:20:39,20261002,12,12,2-3-5,182.9
2026-10-02 20:20:39,20261002,12,12,2-3-6,578.5
2026-10-02 20:20:39,20261002,12,12,2-4-1,207.3
2026-10-02 20:20:39,20261002,12,12,2-4-3,410.4
2026-10-02 20:20:39,20261002,12,12,2-4-5,225.8
2026-10-02 20:20:39,20261002,12,12,2-4-6,601.4
2026-10-02 20:20:39,20261002,12,12,2-5-1,84.2
2026-10-02 20:20:39,20261002,12,12,2-5-3,192.2
2026-10-02 20:20:39,20261002,12,12,2-5-4,296.3
2026-10-02 20:20:39,20261002,12,12,2-5-6,723.1
2026-10-02 20:20:39,20261002,12,12,2-6-1,399.6
2026-10-02 20:20:39,20261002,12,12,2-6-3,1047.0
2026-10-02 20:20:39,20261002,12,12,2-6-4,855.5
2026-10-02 20:20:39,20261002,12,12,2-6-5,1065.0
2026-10-02 20:20:39,20261002,12,12,3-1-2,102.4
2026-10-02 20:20:39,20261002,12,12,3-1-4,132.0
2026-10-02 20:20:39,20261002,12,12,3-1-5,84.7
2026-10-02 20:20:39,20261002,12,12,3-1-6,372.6
2026-10-02 20:20:39,20261002,12,12,3-2-1,149.2
2026-10-02 20:20:39,20261002,12,12,3-2-4,245.9
2026-10-02 20:20:39,20261002,12,12,3-2-5,246.9
2026-10-02 20:20:39,20261002,12,12,3-2-6,619.8
2026-10-02 20:20:39,20261002,12,12,3-4-1,305.2
2026-10-02 20:20:39,20261002,12,12,3-4-2,424.7
2026-10-02 20:20:39,20261002,12,12,3-4-5,440.1
2026-10-02 20:20:39,20261002,12,12,3-4-6,653.1
2026-10-02 20:20:39,20261002,12,12,3-5-1,154.9
2026-10-02 20:20:39,20261002,12,12,3-5-2,255.2
2026-10-02 20:20:39,20261002,12,12,3-5-4,523.6
2026-10-02 20:20:39,20261002,12,12,3-5-6,995.7
2026-10-02 20:20:39,20261002,12,12,3-6-1,893.2
2026-10-02 20:20:39,20261002,12,12,3-6-2,920.3
2026-10-02 20:20:39,20261002,12,12,3-6-4,1029.0
2026-10-02 20:20:39,20261002,12,12,3-6-5,1146.0
2026-10-02 20:20:39,20261002,12,12,4-1-2,168.2
2026-10-02 20:20:39,20261002,12,12,4-1-3,241.0
2026-10-02 20:20:39,20261002,12,12,4-1-5,92.7
2026-10-02 20:20:39,20261002,12,12,4-1-6,345.1
2026-10-02 20:20:39,20261002,12,12,4-2-1,253.0
2026-10-02 20:20:39,20261002,12,12,4-2-3,478.2
2026-10-02 20:20:39,20261002,12,12,4-2-5,242.9
2026-10-02 20:20:39,20261002,12,12,4-2-6,351.1
2026-10-02 20:20:39,20261002,12,12,4-3-1,379.6
2026-10-02 20:20:39,20261002,12,12,4-3-2,519.1
2026-10-02 20:20:39,20261002,12,12,4-3-5,449.9
2026-10-02 20:20:39,20261002,12,12,4-3-6,731.8
2026-10-02 20:20:39,20261002,12,12,4-5-1,116.3
2026-10-02 20:20:39,20261002,12,12,4-5-2,242.9
2026-10-02 20:20:39,20261002,12,12,4-5-3,421.8
2026-10-02 20:20:39,20261002,12,12,4-5-6,430.7
2026-10-02 20:20:39,20261002,12,12,4-6-1,497.8
2026-10-02 20:20:39,20261002,12,12,4-6-2,567.6
2026-10-02 20:20:39,20261002,12,12,4-6-3,1012.0
2026-10-02 20:20:39,20261002,12,12,4-6-5,595.5
2026-10-02 20:20:39,20261002,12,12,5-1-2,46.0
2026-10-02 20:20:39,20261002,12,12,5-1-3,71.5
2026-10-02 20:20:39,20261002,12,12,5-1-4,100.4
2026-10-02 20:20:39,20261002,12,12,5-1-6,190.4
2026-10-02 20:20:39,20261002,12,12,5-2-1,85.0
2026-10-02 20:20:39,20261002,12,12,5-2-3,233.6
2026-10-02 20:20:39,20261002,12,12,5-2-4,248.9
2026-10-02 20:20:39,20261002,12,12,5-2-6,443.3
2026-10-02 20:20:39,20261002,12,12,5-3-1,151.1
2026-10-02 20:20:39,20261002,12,12,5-3-2,259.5
2026-10-02 20:20:39,20261002,12,12,5-3-4,433.8
2026-10-02 20:20:39,20261002,12,12,5-3-6,619.8
2026-10-02 20:20:39,20261002,12,12,5-4-1,148.8
2026-10-02 20:20:39,20261002,12,12,5-4-2,261.8
2026-10-02 20:20:39,20261002,12,12,5-4-3,433.8
2026-10-02 20:20:39,20261002,12,12,5-4-6,427.7
2026-10-02 20:20:39,20261002,12,12,5-6-1,528.1
2026-10-02 20:20:39,20261002,12,12,5-6-2,562.4
2026-10-02 20:20:39,20261002,12,12,5-6-3,674.9
2026-10-02 20:20:39,20261002,12,12,5-6-4,639.3
2026-10-02 20:20:39,20261002,12,12,6-1-2,341.2
2026-10-02 20:20:39,20261002,12,12,6-1-3,674.9
2026-10-02 20:20:39,20261002,12,12,6-1-4,653.1
2026-10-02 20:20:39,20261002,12,12,6-1-5,749.9
2026-10-02 20:20:39,20261002,12,12,6-2-1,578.5
2026-10-02 20:20:39,20261002,12,12,6-2-3,1124.0
2026-10-02 20:20:39,20261002,12,12,6-2-4,1047.0
2026-10-02 20:20:39,20261002,12,12,6-2-5,1065.0
2026-10-02 20:20:39,20261002,12,12,6-3-1,768.8
2026-10-02 20:20:39,20261002,12,12,6-3-2,867.7
2026-10-02 20:20:39,20261002,12,12,6-3-4,1214.0
2026-10-02 20:20:39,20261002,12,12,6-3-5,964.1
2026-10-02 20:20:39,20261002,12,12,6-4-1,759.2
2026-10-02 20:20:39,20261002,12,12,6-4-2,880.3
2026-10-02 20:20:39,20261002,12,12,6-4-3,920.3
2026-10-02 20:20:39,20261002,12,12,6-4-5,949.1
2026-10-02 20:20:39,20261002,12,12,6-5-1,832.0
2026-10-02 20:20:39,20261002,12,12,6-5-2,934.5
2026-10-02 20:20:39,20261002,12,12,6-5-3,855.5
2026-10-02 20:20:39,20261002,12,12,6-5-4,1191.0
2026-10-02 20:24:18,20261002,15,12,1-2-3,8.9
2026-10-02 20:24:18,20261002,15,12,1-2-4,14.4
2026-10-02 20:24:18,20261002,15,12,1-2-5,13.6
2026-10-02 20:24:18,20261002,15,12,1-2-6,31.8
2026-10-02 20:24:18,20261002,15,12,1-3-2,12.0
2026-10-02 20:24:18,20261002,15,12,1-3-4,13.7
2026-10-02 20:24:18,20261002,15,12,1-3-5,10.9
2026-10-02 20:24:18,20261002,15,12,1-3-6,30.7
2026-10-02 20:24:18,20261002,15,12,1-4-2,19.8
2026-10-02 20:24:18,20261002,15,12,1-4-3,22.6
2026-10-02 20:24:18,20261002,15,12,1-4-5,22.0
2026-10-02 20:24:18,20261002,15,12,1-4-6,33.5
2026-10-02 20:24:18,20261002,15,12,1-5-2,20.3
2026-10-02 20:24:18,20261002,15,12,1-5-3,21.2
2026-10-02 20:24:18,20261002,15,12,1-5-4,30.3
2026-10-02 20:24:18,20261002,15,12,1-5-6,34.9
2026-10-02 20:24:18,20261002,15,12,1-6-2,83.0
2026-10-02 20:24:18,20261002,15,12,1-6-3,89.2
2026-10-02 20:24:18,20261002,15,12,1-6-4,90.3
2026-10-02 20:24:18,20261002,15,12,1-6-5,88.5
2026-10-02 20:24:18,20261002,15,12,2-1-3,59.0
2026-10-02 20:24:18,20261002,15,12,2-1-4,85.6
2026-10-02 20:24:18,20261002,15,12,2-1-5,85.7
2026-10-02 20:24:18,20261002,15,12,2-1-6,142.3
2026-10-02 20:24:18,20261002,15,12,2-3-1,152.6
2026-10-02 20:24:18,20261002,15,12,2-3-4,339.1
2026-10-02 20:24:18,20261002,15,12,2-3-5,339.6
2026-10-02 20:24:18,20261002,15,12,2-3-6,581.2
2026-10-02 20:24:18,20261002,15,12,2-4-1,281.7
2026-10-02 20:24:18,20261002,15,12,2-4-3,459.4
2026-10-02 20:24:18,20261002,15,12,2-4-5,428.0
2026-10-02 20:24:18,20261002,15,12,2-4-6,532.0
2026-10-02 20:24:18,20261002,15,12,2-5-1,214.0
2026-10-02 20:24:18,20261002,15,12,2-5-3,406.6
2026-10-02 20:24:18,20261002,15,12,2-5-4,517.0
2026-10-02 20:24:18,20261002,15,12,2-5-6,523.9
2026-10-02 20:24:18,20261002,15,12,2-6-1,470.3
2026-10-02 20:24:18,20261002,15,12,2-6-3,935.9
2026-10-02 20:24:18,20261002,15,12,2-6-4,926.5
2026-10-02 20:24:18,20261002,15,12,2-6-5,982.5
2026-10-02 20:24:18,20261002,15,12,3-1-2,67.5
2026-10-02 20:24:18,20261002,15,12,3-1-4,54.2
2026-10-02 20:24:18,20261002,15,12,3-1-5,48.1
2026-10-02 20:24:18,20261002,15,12,3-1-6,86.5
2026-10-02 20:24:18,20261002,15,12,3-2-1,173.9
2026-10-02 20:24:18,20261002,15,12,3-2-4,308.1
2026-10-02 20:24:18,20261002,15,12,3-2-5,313.4
2026-10-02 20:24:18,20261002,15,12,3-2-6,441.7
2026-10-02 20:24:18,20261002,15,12,3-4-1,143.2
2026-10-02 20:24:18,20261002,15,12,3-4-2,303.0
2026-10-02 20:24:18,20261002,15,12,3-4-5,171.8
2026-10-02 20:24:18,20261002,15,12,3-4-6,249.1
2026-10-02 20:24:18,20261002,15,12,3-5-1,131.1
2026-10-02 20:24:18,20261002,15,12,3-5-2,286.1
2026-10-02 20:24:18,20261002,15,12,3-5-4,212.5
2026-10-02 20:24:18,20261002,15,12,3-5-6,244.5
2026-10-02 20:24:18,20261002,15,12,3-6-1,359.0
2026-10-02 20:24:18,20261002,15,12,3-6-2,775.5
2026-10-02 20:24:18,20261002,15,12,3-6-4,609.5
2026-10-02 20:24:18,20261002,15,12,3-6-5,569.2
2026-10-02 20:24:18,20261002,15,12,4-1-2,142.1
2026-10-02 20:24:18,20261002,15,12,4-1-3,130.9
2026-10-02 20:24:18,20261002,15,12,4-1-5,86.7
2026-10-02 20:24:18,20261002,15,12,4-1-6,130.7
2026-10-02 20:24:18,20261002,15,12,4-2-1,300.1
2026-10-02 20:24:18,20261002,15,12,4-2-3,471.9
2026-10-02 20:24:18,20261002,15,12,4-2-5,306.7
2026-10-02 20:24:18,20261002,15,12,4-2-6,410.2
2026-10-02 20:24:18,20261002,15,12,4-3-1,266.2
2026-10-02 20:24:18,20261002,15,12,4-3-2,528.9
2026-10-02 20:24:18,20261002,15,12,4-3-5,352.1
2026-10-02 20:24:18,20261002,15,12,4-3-6,431.4
2026-10-02 20:24:18,20261002,15,12,4-5-1,154.1
2026-10-02 20:24:18,20261002,15,12,4-5-2,295.6
2026-10-02 20:24:18,20261002,15,12,4-5-3,315.9
2026-10-02 20:24:18,20261002,15,12,4-5-6,277.7
2026-10-02 20:24:18,20261002,15,12,4-6-1,299.1
2026-10-02 20:24:18,20261002,15,12,4-6-2,566.9
2026-10-02 20:24:18,20261002,15,12,4-6-3,575.2
2026-10-02 20:24:18,20261002,15,12,4-6-5,492.1
2026-10-02 20:24:18,20261002,15,12,5-1-2,109.6
2026-10-02 20:24:18,20261002,15,12,5-1-3,114.9
2026-10-02 20:24:18,20261002,15,12,5-1-4,157.8
2026-10-02 20:24:18,20261002,15,12,5-1-6,151.7
2026-10-02 20:24:18,20261002,15,12,5-2-1,205.8
2026-10-02 20:24:18,20261002,15,12,5-2-3,370.6
2026-10-02 20:24:18,20261002,15,12,5-2-4,485.2
2026-10-02 20:24:18,20261002,15,12,5-2-6,428.0
2026-10-02 20:24:18,20261002,15,12,5-3-1,231.2
2026-10-02 20:24:18,20261002,15,12,5-3-2,482.7
2026-10-02 20:24:18,20261002,15,12,5-3-4,460.9
2026-10-02 20:24:18,20261002,15,12,5-3-6,483.5
2026-10-02 20:24:18,20261002,15,12,5-4-1,254.9
2026-10-02 20:24:18,20261002,15,12,5-4-2,456.3
2026-10-02 20:24:18,20261002,15,12,5-4-3,459.4
2026-10-02 20:24:18,20261002,15,12,5-4-6,438.2
2026-10-02 20:24:18,20261002,15,12,5-6-1,393.3
2026-10-02 20:24:18,20261002,15,12,5-6-2,628.9
2026-10-02 20:24:18,20261002,15,12,5-6-3,665.3
2026-10-02 20:24:18,20261002,15,12,5-6-4,695.4
2026-10-02 20:24:18,20261002,15,12,6-1-2,332.6
2026-10-02 20:24:18,20261002,15,12,6-1-3,454.1
2026-10-02 20:24:18,20261002,15,12,6-1-4,446.0
2026-10-02 20:24:18,20261002,15,12,6-1-5,490.4
2026-10-02 20:24:18,20261002,15,12,6-2-1,546.7
2026-10-02 20:24:18,20261002,15,12,6-2-3,1004.0
2026-10-02 20:24:18,20261002,15,12,6-2-4,1061.0
2026-10-02 20:24:18,20261002,15,12,6-2-5,1061.0
2026-10-02 20:24:18,20261002,15,12,6-3-1,724.6
2026-10-02 20:24:18,20261002,15,12,6-3-2,1057.0
2026-10-02 20:24:18,20261002,15,12,6-3-4,1011.0
2026-10-02 20:24:18,20261002,15,12,6-3-5,1078.0
2026-10-02 20:24:18,20261002,15,12,6-4-1,562.3
2026-10-02 20:24:18,20261002,15,12,6-4-2,1160.0
2026-10-02 20:24:18,20261002,15,12,6-4-3,1078.0
2026-10-02 20:24:18,20261002,15,12,6-4-5,1091.0
2026-10-02 20:24:18,20261002,15,12,6-5-1,678.3
2026-10-02 20:24:18,20261002,15,12,6-5-2,1100.0
2026-10-02 20:24:18,20261002,15,12,6-5-3,1011.0
2026-10-02 20:24:18,20261002,15,12,6-5-4,1022.0
2026-10-02 20:29:00,20261002,7,12,1-2-3,24.8
2026-10-02 20:29:00,20261002,7,12,1-2-4,31.1
2026-10-02 20:29:00,20261002,7,12,1-2-5,25.0
2026-10-02 20:29:00,20261002,7,12,1-2-6,51.6
2026-10-02 20:29:00,20261002,7,12,1-3-2,22.6
2026-10-02 20:29:00,20261002,7,12,1-3-4,8.5
2026-10-02 20:29:00,20261002,7,12,1-3-5,7.0
2026-10-02 20:29:00,20261002,7,12,1-3-6,23.9
2026-10-02 20:29:00,20261002,7,12,1-4-2,24.8
2026-10-02 20:29:00,20261002,7,12,1-4-3,11.7
2026-10-02 20:29:00,20261002,7,12,1-4-5,9.8
2026-10-02 20:29:00,20261002,7,12,1-4-6,27.1
2026-10-02 20:29:00,20261002,7,12,1-5-2,24.8
2026-10-02 20:29:00,20261002,7,12,1-5-3,11.3
2026-10-02 20:29:00,20261002,7,12,1-5-4,15.5
2026-10-02 20:29:00,20261002,7,12,1-5-6,28.4
2026-10-02 20:29:00,20261002,7,12,1-6-2,97.3
2026-10-02 20:29:00,20261002,7,12,1-6-3,77.2
2026-10-02 20:29:00,20261002,7,12,1-6-4,76.8
2026-10-02 20:29:00,20261002,7,12,1-6-5,73.5
2026-10-02 20:29:00,20261002,7,12,2-1-3,220.7
2026-10-02 20:29:00,20261002,7,12,2-1-4,255.6
2026-10-02 20:29:00,20261002,7,12,2-1-5,210.5
2026-10-02 20:29:00,20261002,7,12,2-1-6,322.6
2026-10-02 20:29:00,20261002,7,12,2-3-1,330.3
2026-10-02 20:29:00,20261002,7,12,2-3-4,672.9
2026-10-02 20:29:00,20261002,7,12,2-3-5,623.2
2026-10-02 20:29:00,20261002,7,12,2-3-6,1064.0
2026-10-02 20:29:00,20261002,7,12,2-4-1,356.1
2026-10-02 20:29:00,20261002,7,12,2-4-3,761.7
2026-10-02 20:29:00,20261002,7,12,2-4-5,806.5
2026-10-02 20:29:00,20261002,7,12,2-4-6,1044.0
2026-10-02 20:29:00,20261002,7,12,2-5-1,329.3
2026-10-02 20:29:00,20261002,7,12,2-5-3,660.7
2026-10-02 20:29:00,20261002,7,12,2-5-4,698.6
2026-10-02 20:29:00,20261002,7,12,2-5-6,1044.0
2026-10-02 20:29:00,20261002,7,12,2-6-1,850.3
2026-10-02 20:29:00,20261002,7,12,2-6-3,1154.0
2026-10-02 20:29:00,20261002,7,12,2-6-4,1275.0
2026-10-02 20:29:00,20261002,7,12,2-6-5,1305.0
2026-10-02 20:29:00,20261002,7,12,3-1-2,135.0
2026-10-02 20:29:00,20261002,7,12,3-1-4,65.8
2026-10-02 20:29:00,20261002,7,12,3-1-5,52.7
2026-10-02 20:29:00,20261002,7,12,3-1-6,159.6
2026-10-02 20:29:00,20261002,7,12,3-2-1,303.0
2026-10-02 20:29:00,20261002,7,12,3-2-4,382.1
2026-10-02 20:29:00,20261002,7,12,3-2-5,406.2
2026-10-02 20:29:00,20261002,7,12,3-2-6,698.6
2026-10-02 20:29:00,20261002,7,12,3-4-1,141.7
2026-10-02 20:29:00,20261002,7,12,3-4-2,447.7
2026-10-02 20:29:00,20261002,7,12,3-4-5,147.2
2026-10-02 20:29:00,20261002,7,12,3-4-6,430.1
2026-10-02 20:29:00,20261002,7,12,3-5-1,115.2
2026-10-02 20:29:00,20261002,7,12,3-5-2,321.6
2026-10-02 20:29:00,20261002,7,12,3-5-4,171.9
2026-10-02 20:29:00,20261002,7,12,3-5-6,342.7
2026-10-02 20:29:00,20261002,7,12,3-6-1,522.3
2026-10-02 20:29:00,20261002,7,12,3-6-2,1232.0
2026-10-02 20:29:00,20261002,7,12,3-6-4,577.3
2026-10-02 20:29:00,20261002,7,12,3-6-5,746.1
2026-10-02 20:29:00,20261002,7,12,4-1-2,170.0
2026-10-02 20:29:00,20261002,7,12,4-1-3,115.2
2026-10-02 20:29:00,20261002,7,12,4-1-5,80.0
2026-10-02 20:29:00,20261002,7,12,4-1-6,221.5
2026-10-02 20:29:00,20261002,7,12,4-2-1,350.4
2026-10-02 20:29:00,20261002,7,12,4-2-3,672.9
2026-10-02 20:29:00,20261002,7,12,4-2-5,393.1
2026-10-02 20:29:00,20261002,7,12,4-2-6,731.2
2026-10-02 20:29:00,20261002,7,12,4-3-1,243.7
2026-10-02 20:29:00,20261002,7,12,4-3-2,664.7
2026-10-02 20:29:00,20261002,7,12,4-3-5,265.5
2026-10-02 20:29:00,20261002,7,12,4-3-6,630.4
2026-10-02 20:29:00,20261002,7,12,4-5-1,121.7
2026-10-02 20:29:00,20261002,7,12,4-5-2,306.3
2026-10-02 20:29:00,20261002,7,12,4-5-3,224.3
2026-10-02 20:29:00,20261002,7,12,4-5-6,211.3
2026-10-02 20:29:00,20261002,7,12,4-6-1,445.8
2026-10-02 20:29:00,20261002,7,12,4-6-2,870.5
2026-10-02 20:29:00,20261002,7,12,4-6-3,824.7
2026-10-02 20:29:00,20261002,7,12,4-6-5,407.7
2026-10-02 20:29:00,20261002,7,12,5-1-2,174.6
2026-10-02 20:29:00,20261002,7,12,5-1-3,113.6
2026-10-02 20:29:00,20261002,7,12,5-1-4,111.0
2026-10-02 20:29:00,20261002,7,12,5-1-6,224.3
2026-10-02 20:29:00,20261002,7,12,5-2-1,264.9
2026-10-02 20:29:00,20261002,7,12,5-2-3,545.7
2026-10-02 20:29:00,20261002,7,12,5-2-4,596.1
2026-10-02 20:29:00,20261002,7,12,5-2-6,681.3
2026-10-02 20:29:00,20261002,7,12,5-3-1,179.5
2026-10-02 20:29:00,20261002,7,12,5-3-2,500.8
2026-10-02 20:29:00,20261002,7,12,5-3-4,294.8
2026-10-02 20:29:00,20261002,7,12,5-3-6,746.1
2026-10-02 20:29:00,20261002,7,12,5-4-1,175.5
2026-10-02 20:29:00,20261002,7,12,5-4-2,522.3
2026-10-02 20:29:00,20261002,7,12,5-4-3,315.2
2026-10-02 20:29:00,20261002,7,12,5-4-6,307.2
2026-10-02 20:29:00,20261002,7,12,5-6-1,478.9
2026-10-02 20:29:00,20261002,7,12,5-6-2,634.0
2026-10-02 20:29:00,20261002,7,12,5-6-3,568.3
2026-10-02 20:29:00,20261002,7,12,5-6-4,403.2
2026-10-02 20:29:00,20261002,7,12,6-1-2,466.7
2026-10-02 20:29:00,20261002,7,12,6-1-3,685.5
2026-10-02 20:29:00,20261002,7,12,6-1-4,574.2
2026-10-02 20:29:00,20261002,7,12,6-1-5,694.2
2026-10-02 20:29:00,20261002,7,12,6-2-1,824.7
2026-10-02 20:29:00,20261002,7,12,6-2-3,1321.0
2026-10-02 20:29:00,20261002,7,12,6-2-4,1354.0
2026-10-02 20:29:00,20261002,7,12,6-2-5,1044.0
2026-10-02 20:29:00,20261002,7,12,6-3-1,850.3
2026-10-02 20:29:00,20261002,7,12,6-3-2,1260.0
2026-10-02 20:29:00,20261002,7,12,6-3-4,979.3
2026-10-02 20:29:00,20261002,7,12,6-3-5,1232.0
2026-10-02 20:29:00,20261002,7,12,6-4-1,979.3
2026-10-02 20:29:00,20261002,7,12,6-4-2,1321.0
2026-10-02 20:29:00,20261002,7,12,6-4-3,1321.0
2026-10-02 20:29:00,20261002,7,12,6-4-5,606.0
2026-10-02 20:29:00,20261002,7,12,6-5-1,906.5
2026-10-02 20:29:00,20261002,7,12,6-5-2,1107.0
2026-10-02 20:29:00,20261002,7,12,6-5-3,1321.0
2026-10-02 20:29:00,20261002,7,12,6-5-4,545.7
2026-10-02 20:35:01,20261002,19,12,1-2-3,6.8
2026-10-02 20:35:01,20261002,19,12,1-2-4,19.8
2026-10-02 20:35:01,20261002,19,12,1-2-5,40.0
2026-10-02 20:35:01,20261002,19,12,1-2-6,60.4
2026-10-02 20:35:01,20261002,19,12,1-3-2,6.1
2026-10-02 20:35:01,20261002,19,12,1-3-4,8.9
2026-10-02 20:35:01,20261002,19,12,1-3-5,19.0
2026-10-02 20:35:01,20261002,19,12,1-3-6,36.4
2026-10-02 20:35:01,20261002,19,12,1-4-2,33.9
2026-10-02 20:35:01,20261002,19,12,1-4-3,30.2
2026-10-02 20:35:01,20261002,19,12,1-4-5,85.6
2026-10-02 20:35:01,20261002,19,12,1-4-6,92.6
2026-10-02 20:35:01,20261002,19,12,1-5-2,89.3
2026-10-02 20:35:01,20261002,19,12,1-5-3,68.5
2026-10-02 20:35:01,20261002,19,12,1-5-4,147.6
2026-10-02 20:35:01,20261002,19,12,1-5-6,172.8
2026-10-02 20:35:01,20261002,19,12,1-6-2,170.3
2026-10-02 20:35:01,20261002,19,12,1-6-3,163.7
2026-10-02 20:35:01,20261002,19,12,1-6-4,227.2
2026-10-02 20:35:01,20261002,19,12,1-6-5,284.7
2026-10-02 20:35:01,20261002,19,12,2-1-3,20.4
2026-10-02 20:35:01,20261002,19,12,2-1-4,57.7
2026-10-02 20:35:01,20261002,19,12,2-1-5,96.1
2026-10-02 20:35:01,20261002,19,12,2-1-6,138.7
2026-10-02 20:35:01,20261002,19,12,2-3-1,31.1
2026-10-02 20:35:01,20261002,19,12,2-3-4,84.2
2026-10-02 20:35:01,20261002,19,12,2-3-5,126.6
2026-10-02 20:35:01,20261002,19,12,2-3-6,226.9
2026-10-02 20:35:01,20261002,19,12,2-4-1,179.9
2026-10-02 20:35:01,20261002,19,12,2-4-3,188.8
2026-10-02 20:35:01,20261002,19,12,2-4-5,431.0
2026-10-02 20:35:01,20261002,19,12,2-4-6,435.3
2026-10-02 20:35:01,20261002,19,12,2-5-1,387.2
2026-10-02 20:35:01,20261002,19,12,2-5-3,325.4
2026-10-02 20:35:01,20261002,19,12,2-5-4,647.3
2026-10-02 20:35:01,20261002,19,12,2-5-6,737.0
2026-10-02 20:35:01,20261002,19,12,2-6-1,549.9
2026-10-02 20:35:01,20261002,19,12,2-6-3,756.1
2026-10-02 20:35:01,20261002,19,12,2-6-4,776.2
2026-10-02 20:35:01,20261002,19,12,2-6-5,1185.0
2026-10-02 20:35:01,20261002,19,12,3-1-2,14.6
2026-10-02 20:35:01,20261002,19,12,3-1-4,18.8
2026-10-02 20:35:01,20261002,19,12,3-1-5,31.5
2026-10-02 20:35:01,20261002,19,12,3-1-6,62.3
2026-10-02 20:35:01,20261002,19,12,3-2-1,29.6
2026-10-02 20:35:01,20261002,19,12,3-2-4,62.6
2026-10-02 20:35:01,20261002,19,12,3-2-5,95.8
2026-10-02 20:35:01,20261002,19,12,3-2-6,160.9
2026-10-02 20:35:01,20261002,19,12,3-4-1,48.5
2026-10-02 20:35:01,20261002,19,12,3-4-2,73.1
2026-10-02 20:35:01,20261002,19,12,3-4-5,99.5
2026-10-02 20:35:01,20261002,19,12,3-4-6,131.9
2026-10-02 20:35:01,20261002,19,12,3-5-1,104.8
2026-10-02 20:35:01,20261002,19,12,3-5-2,151.2
2026-10-02 20:35:01,20261002,19,12,3-5-4,197.1
2026-10-02 20:35:01,20261002,19,12,3-5-6,267.8
2026-10-02 20:35:01,20261002,19,12,3-6-1,267.8
2026-10-02 20:35:01,20261002,19,12,3-6-2,377.2
2026-10-02 20:35:01,20261002,19,12,3-6-4,301.9
2026-10-02 20:35:01,20261002,19,12,3-6-5,425.7
2026-10-02 20:35:01,20261002,19,12,4-1-2,172.1
2026-10-02 20:35:01,20261002,19,12,4-1-3,119.1
2026-10-02 20:35:01,20261002,19,12,4-1-5,234.8
2026-10-02 20:35:01,20261002,19,12,4-1-6,353.6
2026-10-02 20:35:01,20261002,19,12,4-2-1,288.5
2026-10-02 20:35:01,20261002,19,12,4-2-3,255.7
2026-10-02 20:35:01,20261002,19,12,4-2-5,526.8
2026-10-02 20:35:01,20261002,19,12,4-2-6,494.1
2026-10-02 20:35:01,20261002,19,12,4-3-1,161.3
2026-10-02 20:35:01,20261002,19,12,4-3-2,267.4
2026-10-02 20:35:01,20261002,19,12,4-3-5,379.7
2026-10-02 20:35:01,20261002,19,12,4-3-6,414.7
2026-10-02 20:35:01,20261002,19,12,4-5-1,443.0
2026-10-02 20:35:01,20261002,19,12,4-5-2,674.7
2026-10-02 20:35:01,20261002,19,12,4-5-3,649.7
2026-10-02 20:35:01,20261002,19,12,4-5-6,839.3
2026-10-02 20:35:01,20261002,19,12,4-6-1,985.5
2026-10-02 20:35:01,20261002,19,12,4-6-2,827.4
2026-10-02 20:35:01,20261002,19,12,4-6-3,881.5
2026-10-02 20:35:01,20261002,19,12,4-6-5,1146.0
2026-10-02 20:35:01,20261002,19,12,5-1-2,401.4
2026-10-02 20:35:01,20261002,19,12,5-1-3,275.8
2026-10-02 20:35:01,20261002,19,12,5-1-4,470.3
2026-10-02 20:35:01,20261002,19,12,5-1-6,523.6
2026-10-02 20:35:01,20261002,19,12,5-2-1,669.5
2026-10-02 20:35:01,20261002,19,12,5-2-3,588.6
2026-10-02 20:35:01,20261002,19,12,5-2-4,827.4
2026-10-02 20:35:01,20261002,19,12,5-2-6,1044.0
2026-10-02 20:35:01,20261002,19,12,5-3-1,300.3
2026-10-02 20:35:01,20261002,19,12,5-3-2,617.7
2026-10-02 20:35:01,20261002,19,12,5-3-4,790.2
2026-10-02 20:35:01,20261002,19,12,5-3-6,991.1
2026-10-02 20:35:01,20261002,19,12,5-4-1,685.2
2026-10-02 20:35:01,20261002,19,12,5-4-2,969.2
2026-10-02 20:35:01,20261002,19,12,5-4-3,943.1
2026-10-02 20:35:01,20261002,19,12,5-4-6,1025.0
2026-10-02 20:35:01,20261002,19,12,5-6-1,1185.0
2026-10-02 20:35:01,20261002,19,12,5-6-2,1309.0
2026-10-02 20:35:01,20261002,19,12,5-6-3,1262.0
2026-10-02 20:35:01,20261002,19,12,5-6-4,1512.0
2026-10-02 20:35:01,20261002,19,12,6-1-2,696.1
2026-10-02 20:35:01,20261002,19,12,6-1-3,762.7
2026-10-02 20:35:01,20261002,19,12,6-1-4,1414.0
2026-10-02 20:35:01,20261002,19,12,6-1-5,1280.0
2026-10-02 20:35:01,20261002,19,12,6-2-1,1019.0
2026-10-02 20:35:01,20261002,19,12,6-2-3,1025.0
2026-10-02 20:35:01,20261002,19,12,6-2-4,1262.0
2026-10-02 20:35:01,20261002,19,12,6-2-5,1808.0
2026-10-02 20:35:01,20261002,19,12,6-3-1,881.5
2026-10-02 20:35:01,20261002,19,12,6-3-2,1218.0
2026-10-02 20:35:01,20261002,19,12,6-3-4,1019.0
2026-10-02 20:35:01,20261002,19,12,6-3-5,1566.0
2026-10-02 20:35:01,20261002,19,12,6-4-1,1381.0
2026-10-02 20:35:01,20261002,19,12,6-4-2,1359.0
2026-10-02 20:35:01,20261002,19,12,6-4-3,1772.0
2026-10-02 20:35:01,20261002,19,12,6-4-5,1993.0
2026-10-02 20:35:01,20261002,19,12,6-5-1,1971.0
2026-10-02 20:35:01,20261002,19,12,6-5-2,2039.0
2026-10-02 20:35:01,20261002,19,12,6-5-3,1703.0
2026-10-02 20:35:01,20261002,19,12,6-5-4,1846.0
2026-10-02 20:46:48,20261002,24,8,1-2-3,16.8
2026-10-02 20:46:48,20261002,24,8,1-2-4,13.1
2026-10-02 20:46:48,20261002,24,8,1-2-5,33.3
2026-10-02 20:46:48,20261002,24,8,1-2-6,44.6
2026-10-02 20:46:48,20261002,24,8,1-3-2,14.2
2026-10-02 20:46:48,20261002,24,8,1-3-4,8.3
2026-10-02 20:46:48,20261002,24,8,1-3-5,19.9
2026-10-02 20:46:48,20261002,24,8,1-3-6,31.8
2026-10-02 20:46:48,20261002,24,8,1-4-2,11.0
2026-10-02 20:46:48,20261002,24,8,1-4-3,10.4
2026-10-02 20:46:48,20261002,24,8,1-4-5,14.6
2026-10-02 20:46:48,20261002,24,8,1-4-6,18.0
2026-10-02 20:46:48,20261002,24,8,1-5-2,41.7
2026-10-02 20:46:48,20261002,24,8,1-5-3,43.2
2026-10-02 20:46:48,20261002,24,8,1-5-4,35.0
2026-10-02 20:46:48,20261002,24,8,1-5-6,48.2
2026-10-02 20:46:48,20261002,24,8,1-6-2,77.5
2026-10-02 20:46:48,20261002,24,8,1-6-3,84.3
2026-10-02 20:46:48,20261002,24,8,1-6-4,62.7
2026-10-02 20:46:48,20261002,24,8,1-6-5,69.1
2026-10-02 20:46:48,20261002,24,8,2-1-3,111.8
2026-10-02 20:46:48,20261002,24,8,2-1-4,112.9
2026-10-02 20:46:48,20261002,24,8,2-1-5,151.4
2026-10-02 20:46:48,20261002,24,8,2-1-6,140.5
2026-10-02 20:46:48,20261002,24,8,2-3-1,255.6
2026-10-02 20:46:48,20261002,24,8,2-3-4,350.9
2026-10-02 20:46:48,20261002,24,8,2-3-5,466.9
2026-10-02 20:46:48,20261002,24,8,2-3-6,620.8
2026-10-02 20:46:48,20261002,24,8,2-4-1,220.6
2026-10-02 20:46:48,20261002,24,8,2-4-3,371.7
2026-10-02 20:46:48,20261002,24,8,2-4-5,495.6
2026-10-02 20:46:48,20261002,24,8,2-4-6,470.8
2026-10-02 20:46:48,20261002,24,8,2-5-1,275.6
2026-10-02 20:46:48,20261002,24,8,2-5-3,664.6
2026-10-02 20:46:48,20261002,24,8,2-5-4,724.3
2026-10-02 20:46:48,20261002,24,8,2-5-6,784.7
2026-10-02 20:46:48,20261002,24,8,2-6-1,538.0
2026-10-02 20:46:48,20261002,24,8,2-6-3,843.2
2026-10-02 20:46:48,20261002,24,8,2-6-4,642.0
2026-10-02 20:46:48,20261002,24,8,2-6-5,818.8
2026-10-02 20:46:48,20261002,24,8,3-1-2,106.6
2026-10-02 20:46:48,20261002,24,8,3-1-4,51.8
2026-10-02 20:46:48,20261002,24,8,3-1-5,87.7
2026-10-02 20:46:48,20261002,24,8,3-1-6,157.3
2026-10-02 20:46:48,20261002,24,8,3-2-1,292.7
2026-10-02 20:46:48,20261002,24,8,3-2-4,308.7
2026-10-02 20:46:48,20261002,24,8,3-2-5,395.0
2026-10-02 20:46:48,20261002,24,8,3-2-6,415.4
2026-10-02 20:46:48,20261002,24,8,3-4-1,136.1
2026-10-02 20:46:48,20261002,24,8,3-4-2,324.7
2026-10-02 20:46:48,20261002,24,8,3-4-5,185.8
2026-10-02 20:46:48,20261002,24,8,3-4-6,286.7
2026-10-02 20:46:48,20261002,24,8,3-5-1,283.9
2026-10-02 20:46:48,20261002,24,8,3-5-2,474.7
2026-10-02 20:46:48,20261002,24,8,3-5-4,362.1
2026-10-02 20:46:48,20261002,24,8,3-5-6,656.9
2026-10-02 20:46:48,20261002,24,8,3-6-1,601.0
2026-10-02 20:46:48,20261002,24,8,3-6-2,649.4
2026-10-02 20:46:48,20261002,24,8,3-6-4,601.0
2026-10-02 20:46:48,20261002,24,8,3-6-5,656.9
2026-10-02 20:46:48,20261002,24,8,4-1-2,62.4
2026-10-02 20:46:48,20261002,24,8,4-1-3,53.9
2026-10-02 20:46:48,20261002,24,8,4-1-5,43.7
2026-10-02 20:46:48,20261002,24,8,4-1-6,57.2
2026-10-02 20:46:48,20261002,24,8,4-2-1,206.2
2026-10-02 20:46:48,20261002,24,8,4-2-3,307.0
2026-10-02 20:46:48,20261002,24,8,4-2-5,271.6
2026-10-02 20:46:48,20261002,24,8,4-2-6,240.4
2026-10-02 20:46:48,20261002,24,8,4-3-1,126.3
2026-10-02 20:46:48,20261002,24,8,4-3-2,334.3
2026-10-02 20:46:48,20261002,24,8,4-3-5,233.4
2026-10-02 20:46:48,20261002,24,8,4-3-6,300.5
2026-10-02 20:46:48,20261002,24,8,4-5-1,94.3
2026-10-02 20:46:48,20261002,24,8,4-5-2,201.0
2026-10-02 20:46:48,20261002,24,8,4-5-3,215.6
2026-10-02 20:46:48,20261002,24,8,4-5-6,124.9
2026-10-02 20:46:48,20261002,24,8,4-6-1,149.8
2026-10-02 20:46:48,20261002,24,8,4-6-2,300.5
2026-10-02 20:46:48,20261002,24,8,4-6-3,369.2
2026-10-02 20:46:48,20261002,24,8,4-6-5,215.6
2026-10-02 20:46:48,20261002,24,8,5-1-2,173.3
2026-10-02 20:46:48,20261002,24,8,5-1-3,232.5
2026-10-02 20:46:48,20261002,24,8,5-1-4,200.3
2026-10-02 20:46:48,20261002,24,8,5-1-6,178.7
2026-10-02 20:46:48,20261002,24,8,5-2-1,262.7
2026-10-02 20:46:48,20261002,24,8,5-2-3,642.0
2026-10-02 20:46:48,20261002,24,8,5-2-4,474.7
2026-10-02 20:46:48,20261002,24,8,5-2-6,441.3
2026-10-02 20:46:48,20261002,24,8,5-3-1,350.9
2026-10-02 20:46:48,20261002,24,8,5-3-2,601.0
2026-10-02 20:46:48,20261002,24,8,5-3-4,434.6
2026-10-02 20:46:48,20261002,24,8,5-3-6,830.8
2026-10-02 20:46:48,20261002,24,8,5-4-1,234.4
2026-10-02 20:46:48,20261002,24,8,5-4-2,463.1
2026-10-02 20:46:48,20261002,24,8,5-4-3,482.8
2026-10-02 20:46:48,20261002,24,8,5-4-6,379.1
2026-10-02 20:46:48,20261002,24,8,5-6-1,444.8
2026-10-02 20:46:48,20261002,24,8,5-6-2,614.1
2026-10-02 20:46:48,20261002,24,8,5-6-3,795.7
2026-10-02 20:46:48,20261002,24,8,5-6-4,523.1
2026-10-02 20:46:48,20261002,24,8,6-1-2,234.4
2026-10-02 20:46:48,20261002,24,8,6-1-3,409.4
2026-10-02 20:46:48,20261002,24,8,6-1-4,307.0
2026-10-02 20:46:48,20261002,24,8,6-1-5,403.5
2026-10-02 20:46:48,20261002,24,8,6-2-1,389.6
2026-10-02 20:46:48,20261002,24,8,6-2-3,634.8
2026-10-02 20:46:48,20261002,24,8,6-2-4,656.9
2026-10-02 20:46:48,20261002,24,8,6-2-5,664.6
2026-10-02 20:46:48,20261002,24,8,6-3-1,478.8
2026-10-02 20:46:48,20261002,24,8,6-3-2,570.6
2026-10-02 20:46:48,20261002,24,8,6-3-4,538.0
2026-10-02 20:46:48,20261002,24,8,6-3-5,1027.0
2026-10-02 20:46:48,20261002,24,8,6-4-1,328.4
2026-10-02 20:46:48,20261002,24,8,6-4-2,543.2
2026-10-02 20:46:48,20261002,24,8,6-4-3,620.8
2026-10-02 20:46:48,20261002,24,8,6-4-5,570.6
2026-10-02 20:46:48,20261002,24,8,6-5-1,424.8
2026-10-02 20:46:48,20261002,24,8,6-5-2,743.4
2026-10-02 20:46:48,20261002,24,8,6-5-3,763.5
2026-10-02 20:46:48,20261002,24,8,6-5-4,614.1
2026-10-02 21:18:27,20261002,24,9,1-2-3,6.9
2026-10-02 21:18:27,20261002,24,9,1-2-4,6.3
2026-10-02 21:18:27,20261002,24,9,1-2-5,
2026-10-02 21:18:27,20261002,24,9,1-2-6,16.3
2026-10-02 21:18:27,20261002,24,9,1-3-2,9.6
2026-10-02 21:18:27,20261002,24,9,1-3-4,9.9
2026-10-02 21:18:27,20261002,24,9,1-3-5,
2026-10-02 21:18:27,20261002,24,9,1-3-6,19.3
2026-10-02 21:18:27,20261002,24,9,1-4-2,10.0
2026-10-02 21:18:27,20261002,24,9,1-4-3,13.7
2026-10-02 21:18:27,20261002,24,9,1-4-5,
2026-10-02 21:18:27,20261002,24,9,1-4-6,16.8
2026-10-02 21:18:27,20261002,24,9,1-5-2,
2026-10-02 21:18:27,20261002,24,9,1-5-3,
2026-10-02 21:18:27,20261002,24,9,1-5-4,
2026-10-02 21:18:27,20261002,24,9,1-5-6,
2026-10-02 21:18:27,20261002,24,9,1-6-2,36.8
2026-10-02 21:18:27,20261002,24,9,1-6-3,45.3
2026-10-02 21:18:27,20261002,24,9,1-6-4,40.3
2026-10-02 21:18:27,20261002,24,9,1-6-5,
2026-10-02 21:18:27,20261002,24,9,2-1-3,34.9
2026-10-02 21:18:27,20261002,24,9,2-1-4,30.6
2026-10-02 21:18:27,20261002,24,9,2-1-5,
2026-10-02 21:18:27,20261002,24,9,2-1-6,50.5
2026-10-02 21:18:27,20261002,24,9,2-3-1,83.5
2026-10-02 21:18:27,20261002,24,9,2-3-4,110.5
2026-10-02 21:18:27,20261002,24,9,2-3-5,
2026-10-02 21:18:27,20261002,24,9,2-3-6,174.3
2026-10-02 21:18:27,20261002,24,9,2-4-1,64.7
2026-10-02 21:18:27,20261002,24,9,2-4-3,122.7
2026-10-02 21:18:27,20261002,24,9,2-4-5,
2026-10-02 21:18:27,20261002,24,9,2-4-6,120.7
2026-10-02 21:18:27,20261002,24,9,2-5-1,
2026-10-02 21:18:27,20261002,24,9,2-5-3,
2026-10-02 21:18:27,20261002,24,9,2-5-4,
2026-10-02 21:18:27,20261002,24,9,2-5-6,
2026-10-02 21:18:27,20261002,24,9,2-6-1,155.5
2026-10-02 21:18:27,20261002,24,9,2-6-3,285.6
2026-10-02 21:18:27,20261002,24,9,2-6-4,243.1
2026-10-02 21:18:27,20261002,24,9,2-6-5,
2026-10-02 21:18:27,20261002,24,9,3-1-2,63.3
2026-10-02 21:18:27,20261002,24,9,3-1-4,60.0
2026-10-02 21:18:27,20261002,24,9,3-1-5,
2026-10-02 21:18:27,20261002,24,9,3-1-6,93.6
2026-10-02 21:18:27,20261002,24,9,3-2-1,113.7
2026-10-02 21:18:27,20261002,24,9,3-2-4,162.9
2026-10-02 21:18:27,20261002,24,9,3-2-5,
2026-10-02 21:18:27,20261002,24,9,3-2-6,233.5
2026-10-02 21:18:27,20261002,24,9,3-4-1,121.9
2026-10-02 21:18:27,20261002,24,9,3-4-2,181.0
2026-10-02 21:18:27,20261002,24,9,3-4-5,
2026-10-02 21:18:27,20261002,24,9,3-4-6,237.6
2026-10-02 21:18:27,20261002,24,9,3-5-1,
2026-10-02 21:18:27,20261002,24,9,3-5-2,
2026-10-02 21:18:27,20261002,24,9,3-5-4,
2026-10-02 21:18:27,20261002,24,9,3-5-6,
2026-10-02 21:18:27,20261002,24,9,3-6-1,256.4
2026-10-02 21:18:27,20261002,24,9,3-6-2,376.9
2026-10-02 21:18:27,20261002,24,9,3-6-4,401.1
2026-10-02 21:18:27,20261002,24,9,3-6-5,
2026-10-02 21:18:27,20261002,24,9,4-1-2,41.1
2026-10-02 21:18:27,20261002,24,9,4-1-3,63.7
2026-10-02 21:18:27,20261002,24,9,4-1-5,
2026-10-02 21:18:27,20261002,24,9,4-1-6,57.9
2026-10-02 21:18:27,20261002,24,9,4-2-1,72.6
2026-10-02 21:18:27,20261002,24,9,4-2-3,156.3
2026-10-02 21:18:27,20261002,24,9,4-2-5,
2026-10-02 21:18:27,20261002,24,9,4-2-6,131.6
2026-10-02 21:18:27,20261002,24,9,4-3-1,136.5
2026-10-02 21:18:27,20261002,24,9,4-3-2,193.3
2026-10-02 21:18:27,20261002,24,9,4-3-5,
2026-10-02 21:18:27,20261002,24,9,4-3-6,252.9
2026-10-02 21:18:27,20261002,24,9,4-5-1,
2026-10-02 21:18:27,20261002,24,9,4-5-2,
2026-10-02 21:18:27,20261002,24,9,4-5-3,
2026-10-02 21:18:27,20261002,24,9,4-5-6,
2026-10-02 21:18:27,20261002,24,9,4-6-1,96.5
2026-10-02 21:18:27,20261002,24,9,4-6-2,144.2
2026-10-02 21:18:27,20261002,24,9,4-6-3,233.3
2026-10-02 21:18:27,20261002,24,9,4-6-5,
2026-10-02 21:18:27,20261002,24,9,5-1-2,
2026-10-02 21:18:27,20261002,24,9,5-1-3,
2026-10-02 21:18:27,20261002,24,9,5-1-4,
2026-10-02 21:18:27,20261002,24,9,5-1-6,
2026-10-02 21:18:27,20261002,24,9,5-2-1,
2026-10-02 21:18:27,20261002,24,9,5-2-3,
2026-10-02 21:18:27,20261002,24,9,5-2-4,
2026-10-02 21:18:27,20261002,24,9,5-2-6,
2026-10-02 21:18:27,20261002,24,9,5-3-1,
2026-10-02 21:18:27,20261002,24,9,5-3-2,
2026-10-02 21:18:27,20261002,24,9,5-3-4,
2026-10-02 21:18:27,20261002,24,9,5-3-6,
2026-10-02 21:18:27,20261002,24,9,5-4-1,
2026-10-02 21:18:27,20261002,24,9,5-4-2,
2026-10-02 21:18:27,20261002,24,9,5-4-3,
2026-10-02 21:18:27,20261002,24,9,5-4-6,
2026-10-02 21:18:27,20261002,24,9,5-6-1,
2026-10-02 21:18:27,20261002,24,9,5-6-2,
2026-10-02 21:18:27,20261002,24,9,5-6-3,
2026-10-02 21:18:27,20261002,24,9,5-6-4,
2026-10-02 21:18:27,20261002,24,9,6-1-2,134.9
2026-10-02 21:18:27,20261002,24,9,6-1-3,223.0
2026-10-02 21:18:27,20261002,24,9,6-1-4,186.1
2026-10-02 21:18:27,20261002,24,9,6-1-5,
2026-10-02 21:18:27,20261002,24,9,6-2-1,207.7
2026-10-02 21:18:27,20261002,24,9,6-2-3,448.5
2026-10-02 21:18:27,20261002,24,9,6-2-4,339.0
2026-10-02 21:18:27,20261002,24,9,6-2-5,
2026-10-02 21:18:27,20261002,24,9,6-3-1,407.2
2026-10-02 21:18:27,20261002,24,9,6-3-2,517.2
2026-10-02 21:18:27,20261002,24,9,6-3-4,539.0
2026-10-02 21:18:27,20261002,24,9,6-3-5,
2026-10-02 21:18:27,20261002,24,9,6-4-1,250.1
2026-10-02 21:18:27,20261002,24,9,6-4-2,299.7
2026-10-02 21:18:27,20261002,24,9,6-4-3,473.8
2026-10-02 21:18:27,20261002,24,9,6-4-5,
2026-10-02 21:18:27,20261002,24,9,6-5-1,
2026-10-02 21:18:27,20261002,24,9,6-5-2,
2026-10-02 21:18:27,20261002,24,9,6-5-3,
2026-10-02 21:18:27,20261002,24,9,6-5-4,
2026-10-02 21:40:39,20261002,24,10,1-2-3,14.9
2026-10-02 21:40:39,20261002,24,10,1-2-4,24.1
2026-10-02 21:40:39,20261002,24,10,1-2-5,54.8
2026-10-02 21:40:39,20261002,24,10,1-2-6,82.7
2026-10-02 21:40:39,20261002,24,10,1-3-2,9.6
2026-10-02 21:40:39,20261002,24,10,1-3-4,7.0
2026-10-02 21:40:39,20261002,24,10,1-3-5,24.2
2026-10-02 21:40:39,20261002,24,10,1-3-6,38.9
2026-10-02 21:40:39,20261002,24,10,1-4-2,20.9
2026-10-02 21:40:39,20261002,24,10,1-4-3,14.6
2026-10-02 21:40:39,20261002,24,10,1-4-5,50.2
2026-10-02 21:40:39,20261002,24,10,1-4-6,58.8
2026-10-02 21:40:39,20261002,24,10,1-5-2,89.1
2026-10-02 21:40:39,20261002,24,10,1-5-3,86.0
2026-10-02 21:40:39,20261002,24,10,1-5-4,131.4
2026-10-02 21:40:39,20261002,24,10,1-5-6,216.4
2026-10-02 21:40:39,20261002,24,10,1-6-2,171.9
2026-10-02 21:40:39,20261002,24,10,1-6-3,154.5
2026-10-02 21:40:39,20261002,24,10,1-6-4,175.5
2026-10-02 21:40:39,20261002,24,10,1-6-5,289.6
2026-10-02 21:40:39,20261002,24,10,2-1-3,70.0
2026-10-02 21:40:39,20261002,24,10,2-1-4,79.6
2026-10-02 21:40:39,20261002,24,10,2-1-5,212.6
2026-10-02 21:40:39,20261002,24,10,2-1-6,256.1
2026-10-02 21:40:39,20261002,24,10,2-3-1,92.6
2026-10-02 21:40:39,20261002,24,10,2-3-4,92.8
2026-10-02 21:40:39,20261002,24,10,2-3-5,318.5
2026-10-02 21:40:39,20261002,24,10,2-3-6,408.5
2026-10-02 21:40:39,20261002,24,10,2-4-1,178.4
2026-10-02 21:40:39,20261002,24,10,2-4-3,165.1
2026-10-02 21:40:39,20261002,24,10,2-4-5,429.6
2026-10-02 21:40:39,20261002,24,10,2-4-6,311.3
2026-10-02 21:40:39,20261002,24,10,2-5-1,412.5
2026-10-02 21:40:39,20261002,24,10,2-5-3,662.4
2026-10-02 21:40:39,20261002,24,10,2-5-4,707.5
2026-10-02 21:40:39,20261002,24,10,2-5-6,972.3
2026-10-02 21:40:39,20261002,24,10,2-6-1,898.7
2026-10-02 21:40:39,20261002,24,10,2-6-3,815.0
2026-10-02 21:40:39,20261002,24,10,2-6-4,503.8
2026-10-02 21:40:39,20261002,24,10,2-6-5,1170.0
2026-10-02 21:40:39,20261002,24,10,3-1-2,28.3
2026-10-02 21:40:39,20261002,24,10,3-1-4,12.8
2026-10-02 21:40:39,20261002,24,10,3-1-5,35.7
2026-10-02 21:40:39,20261002,24,10,3-1-6,52.3
2026-10-02 21:40:39,20261002,24,10,3-2-1,88.3
2026-10-02 21:40:39,20261002,24,10,3-2-4,73.8
2026-10-02 21:40:39,20261002,24,10,3-2-5,141.5
2026-10-02 21:40:39,20261002,24,10,3-2-6,160.8
2026-10-02 21:40:39,20261002,24,10,3-4-1,21.7
2026-10-02 21:40:39,20261002,24,10,3-4-2,39.8
2026-10-02 21:40:39,20261002,24,10,3-4-5,42.6
2026-10-02 21:40:39,20261002,24,10,3-4-6,42.3
2026-10-02 21:40:39,20261002,24,10,3-5-1,125.3
2026-10-02 21:40:39,20261002,24,10,3-5-2,190.8
2026-10-02 21:40:39,20261002,24,10,3-5-4,111.5
2026-10-02 21:40:39,20261002,24,10,3-5-6,161.8
2026-10-02 21:40:39,20261002,24,10,3-6-1,193.1
2026-10-02 21:40:39,20261002,24,10,3-6-2,292.2
2026-10-02 21:40:39,20261002,24,10,3-6-4,142.7
2026-10-02 21:40:39,20261002,24,10,3-6-5,240.2
2026-10-02 21:40:39,20261002,24,10,4-1-2,73.5
2026-10-02 21:40:39,20261002,24,10,4-1-3,49.2
2026-10-02 21:40:39,20261002,24,10,4-1-5,119.9
2026-10-02 21:40:39,20261002,24,10,4-1-6,137.3
2026-10-02 21:40:39,20261002,24,10,4-2-1,165.9
2026-10-02 21:40:39,20261002,24,10,4-2-3,135.7
2026-10-02 21:40:39,20261002,24,10,4-2-5,353.0
2026-10-02 21:40:39,20261002,24,10,4-2-6,255.8
2026-10-02 21:40:39,20261002,24,10,4-3-1,48.1
2026-10-02 21:40:39,20261002,24,10,4-3-2,79.0
2026-10-02 21:40:39,20261002,24,10,4-3-5,105.8
2026-10-02 21:40:39,20261002,24,10,4-3-6,107.2
2026-10-02 21:40:39,20261002,24,10,4-5-1,226.2
2026-10-02 21:40:39,20261002,24,10,4-5-2,320.3
2026-10-02 21:40:39,20261002,24,10,4-5-3,194.2
2026-10-02 21:40:39,20261002,24,10,4-5-6,227.4
2026-10-02 21:40:39,20261002,24,10,4-6-1,334.5
2026-10-02 21:40:39,20261002,24,10,4-6-2,367.0
2026-10-02 21:40:39,20261002,24,10,4-6-3,218.7
2026-10-02 21:40:39,20261002,24,10,4-6-5,359.8
2026-10-02 21:40:39,20261002,24,10,5-1-2,331.2
2026-10-02 21:40:39,20261002,24,10,5-1-3,323.4
2026-10-02 21:40:39,20261002,24,10,5-1-4,402.5
2026-10-02 21:40:39,20261002,24,10,5-1-6,408.5
2026-10-02 21:40:39,20261002,24,10,5-2-1,438.7
2026-10-02 21:40:39,20261002,24,10,5-2-3,695.6
2026-10-02 21:40:39,20261002,24,10,5-2-4,704.5
2026-10-02 21:40:39,20261002,24,10,5-2-6,707.5
2026-10-02 21:40:39,20261002,24,10,5-3-1,417.7
2026-10-02 21:40:39,20261002,24,10,5-3-2,652.0
2026-10-02 21:40:39,20261002,24,10,5-3-4,389.3
2026-10-02 21:40:39,20261002,24,10,5-3-6,644.4
2026-10-02 21:40:39,20261002,24,10,5-4-1,589.6
2026-10-02 21:40:39,20261002,24,10,5-4-2,755.7
2026-10-02 21:40:39,20261002,24,10,5-4-3,483.3
2026-10-02 21:40:39,20261002,24,10,5-4-6,587.5
2026-10-02 21:40:39,20261002,24,10,5-6-1,1032.0
2026-10-02 21:40:39,20261002,24,10,5-6-2,1269.0
2026-10-02 21:40:39,20261002,24,10,5-6-3,861.5
2026-10-02 21:40:39,20261002,24,10,5-6-4,839.7
2026-10-02 21:40:39,20261002,24,10,6-1-2,546.9
2026-10-02 21:40:39,20261002,24,10,6-1-3,511.6
2026-10-02 21:40:39,20261002,24,10,6-1-4,563.6
2026-10-02 21:40:39,20261002,24,10,6-1-5,972.3
2026-10-02 21:40:39,20261002,24,10,6-2-1,827.2
2026-10-02 21:40:39,20261002,24,10,6-2-3,983.8
2026-10-02 21:40:39,20261002,24,10,6-2-4,803.2
2026-10-02 21:40:39,20261002,24,10,6-2-5,1101.0
2026-10-02 21:40:39,20261002,24,10,6-3-1,629.8
2026-10-02 21:40:39,20261002,24,10,6-3-2,972.3
2026-10-02 21:40:39,20261002,24,10,6-3-4,356.8
2026-10-02 21:40:39,20261002,24,10,6-3-5,815.0
2026-10-02 21:40:39,20261002,24,10,6-4-1,698.6
2026-10-02 21:40:39,20261002,24,10,6-4-2,879.7
2026-10-02 21:40:39,20261002,24,10,6-4-3,416.7
2026-10-02 21:40:39,20261002,24,10,6-4-5,729.2
2026-10-02 21:40:39,20261002,24,10,6-5-1,1154.0
2026-10-02 21:40:39,20261002,24,10,6-5-2,1052.0
2026-10-02 21:40:39,20261002,24,10,6-5-3,807.1
2026-10-02 21:40:39,20261002,24,10,6-5-4,791.7
2026-10-02 22:07:58,20261002,24,11,1-2-3,7.4
2026-10-02 22:07:58,20261002,24,11,1-2-4,6.7
2026-10-02 22:07:58,20261002,24,11,1-2-5,18.7
2026-10-02 22:07:58,20261002,24,11,1-2-6,33.4
2026-10-02 22:07:58,20261002,24,11,1-3-2,13.2
2026-10-02 22:07:58,20261002,24,11,1-3-4,13.4
2026-10-02 22:07:58,20261002,24,11,1-3-5,26.7
2026-10-02 22:07:58,20261002,24,11,1-3-6,42.2
2026-10-02 22:07:58,20261002,24,11,1-4-2,11.4
2026-10-02 22:07:58,20261002,24,11,1-4-3,20.0
2026-10-02 22:07:58,20261002,24,11,1-4-5,23.8
2026-10-02 22:07:58,20261002,24,11,1-4-6,33.7
2026-10-02 22:07:58,20261002,24,11,1-5-2,40.2
2026-10-02 22:07:58,20261002,24,11,1-5-3,53.0
2026-10-02 22:07:58,20261002,24,11,1-5-4,53.6
2026-10-02 22:07:58,20261002,24,11,1-5-6,80.1
2026-10-02 22:07:58,20261002,24,11,1-6-2,95.2
2026-10-02 22:07:58,20261002,24,11,1-6-3,126.3
2026-10-02 22:07:58,20261002,24,11,1-6-4,102.5
2026-10-02 22:07:58,20261002,24,11,1-6-5,144.2
2026-10-02 22:07:58,20261002,24,11,2-1-3,33.8
2026-10-02 22:07:58,20261002,24,11,2-1-4,26.0
2026-10-02 22:07:58,20261002,24,11,2-1-5,58.4
2026-10-02 22:07:58,20261002,24,11,2-1-6,90.3
2026-10-02 22:07:58,20261002,24,11,2-3-1,88.2
2026-10-02 22:07:58,20261002,24,11,2-3-4,106.8
2026-10-02 22:07:58,20261002,24,11,2-3-5,232.5
2026-10-02 22:07:58,20261002,24,11,2-3-6,271.7
2026-10-02 22:07:58,20261002,24,11,2-4-1,78.1
2026-10-02 22:07:58,20261002,24,11,2-4-3,137.9
2026-10-02 22:07:58,20261002,24,11,2-4-5,196.3
2026-10-02 22:07:58,20261002,24,11,2-4-6,220.0
2026-10-02 22:07:58,20261002,24,11,2-5-1,201.6
2026-10-02 22:07:58,20261002,24,11,2-5-3,391.6
2026-10-02 22:07:58,20261002,24,11,2-5-4,341.1
2026-10-02 22:07:58,20261002,24,11,2-5-6,475.5
2026-10-02 22:07:58,20261002,24,11,2-6-1,408.6
2026-10-02 22:07:58,20261002,24,11,2-6-3,500.3
2026-10-02 22:07:58,20261002,24,11,2-6-4,438.9
2026-10-02 22:07:58,20261002,24,11,2-6-5,689.8
2026-10-02 22:07:58,20261002,24,11,3-1-2,73.2
2026-10-02 22:07:58,20261002,24,11,3-1-4,69.5
2026-10-02 22:07:58,20261002,24,11,3-1-5,108.0
2026-10-02 22:07:58,20261002,24,11,3-1-6,138.9
2026-10-02 22:07:58,20261002,24,11,3-2-1,145.5
2026-10-02 22:07:58,20261002,24,11,3-2-4,185.5
2026-10-02 22:07:58,20261002,24,11,3-2-5,325.5
2026-10-02 22:07:58,20261002,24,11,3-2-6,330.7
2026-10-02 22:07:58,20261002,24,11,3-4-1,159.7
2026-10-02 22:07:58,20261002,24,11,3-4-2,196.3
2026-10-02 22:07:58,20261002,24,11,3-4-5,267.6
2026-10-02 22:07:58,20261002,24,11,3-4-6,272.9
2026-10-02 22:07:58,20261002,24,11,3-5-1,337.4
2026-10-02 22:07:58,20261002,24,11,3-5-2,473.2
2026-10-02 22:07:58,20261002,24,11,3-5-4,475.0
2026-10-02 22:07:58,20261002,24,11,3-5-6,537.7
2026-10-02 22:07:58,20261002,24,11,3-6-1,461.8
2026-10-02 22:07:58,20261002,24,11,3-6-2,590.0
2026-10-02 22:07:58,20261002,24,11,3-6-4,562.0
2026-10-02 22:07:58,20261002,24,11,3-6-5,816.7
2026-10-02 22:07:58,20261002,24,11,4-1-2,67.4
2026-10-02 22:07:58,20261002,24,11,4-1-3,114.5
2026-10-02 22:07:58,20261002,24,11,4-1-5,93.3
2026-10-02 22:07:58,20261002,24,11,4-1-6,121.4
2026-10-02 22:07:58,20261002,24,11,4-2-1,125.0
2026-10-02 22:07:58,20261002,24,11,4-2-3,213.7
2026-10-02 22:07:58,20261002,24,11,4-2-5,239.8
2026-10-02 22:07:58,20261002,24,11,4-2-6,274.7
2026-10-02 22:07:58,20261002,24,11,4-3-1,219.1
2026-10-02 22:07:58,20261002,24,11,4-3-2,291.5
2026-10-02 22:07:58,20261002,24,11,4-3-5,398.5
2026-10-02 22:07:58,20261002,24,11,4-3-6,411.3
2026-10-02 22:07:58,20261002,24,11,4-5-1,161.2
2026-10-02 22:07:58,20261002,24,11,4-5-2,221.1
2026-10-02 22:07:58,20261002,24,11,4-5-3,300.8
2026-10-02 22:07:58,20261002,24,11,4-5-6,212.1
2026-10-02 22:07:58,20261002,24,11,4-6-1,277.0
2026-10-02 22:07:58,20261002,24,11,4-6-2,401.4
2026-10-02 22:07:58,20261002,24,11,4-6-3,500.3
2026-10-02 22:07:58,20261002,24,11,4-6-5,375.3
2026-10-02 22:07:58,20261002,24,11,5-1-2,219.0
2026-10-02 22:07:58,20261002,24,11,5-1-3,339.2
2026-10-02 22:07:58,20261002,24,11,5-1-4,280.6
2026-10-02 22:07:58,20261002,24,11,5-1-6,378.8
2026-10-02 22:07:58,20261002,24,11,5-2-1,330.9
2026-10-02 22:07:58,20261002,24,11,5-2-3,693.6
2026-10-02 22:07:58,20261002,24,11,5-2-4,594.2
2026-10-02 22:07:58,20261002,24,11,5-2-6,681.3
2026-10-02 22:07:58,20261002,24,11,5-3-1,528.5
2026-10-02 22:07:58,20261002,24,11,5-3-2,824.8
2026-10-02 22:07:58,20261002,24,11,5-3-4,616.3
2026-10-02 22:07:58,20261002,24,11,5-3-6,826.2
2026-10-02 22:07:58,20261002,24,11,5-4-1,390.4
2026-10-02 22:07:58,20261002,24,11,5-4-2,549.5
2026-10-02 22:07:58,20261002,24,11,5-4-3,550.1
2026-10-02 22:07:58,20261002,24,11,5-4-6,443.6
2026-10-02 22:07:58,20261002,24,11,5-6-1,826.2
2026-10-02 22:07:58,20261002,24,11,5-6-2,986.8
2026-10-02 22:07:58,20261002,24,11,5-6-3,885.0
2026-10-02 22:07:58,20261002,24,11,5-6-4,768.7
2026-10-02 22:07:58,20261002,24,11,6-1-2,577.6
2026-10-02 22:07:58,20261002,24,11,6-1-3,835.9
2026-10-02 22:07:58,20261002,24,11,6-1-4,653.5
2026-10-02 22:07:58,20261002,24,11,6-1-5,1049.0
2026-10-02 22:07:58,20261002,24,11,6-2-1,907.6
2026-10-02 22:07:58,20261002,24,11,6-2-3,1140.0
2026-10-02 22:07:58,20261002,24,11,6-2-4,915.9
2026-10-02 22:07:58,20261002,24,11,6-2-5,1078.0
2026-10-02 22:07:58,20261002,24,11,6-3-1,1112.0
2026-10-02 22:07:58,20261002,24,11,6-3-2,1234.0
2026-10-02 22:07:58,20261002,24,11,6-3-4,984.9
2026-10-02 22:07:58,20261002,24,11,6-3-5,1305.0
2026-10-02 22:07:58,20261002,24,11,6-4-1,929.6
2026-10-02 22:07:58,20261002,24,11,6-4-2,1002.0
2026-10-02 22:07:58,20261002,24,11,6-4-3,1148.0
2026-10-02 22:07:58,20261002,24,11,6-4-5,1305.0
2026-10-02 22:07:58,20261002,24,11,6-5-1,1195.0
2026-10-02 22:07:58,20261002,24,11,6-5-2,1234.0
2026-10-02 22:07:58,20261002,24,11,6-5-3,1285.0
2026-10-02 22:07:58,20261002,24,11,6-5-4,1210.0
2026-10-02 22:36:36,20261002,24,12,1-2-3,10.1
2026-10-02 22:36:36,20261002,24,12,1-2-4,14.3
2026-10-02 22:36:36,20261002,24,12,1-2-5,21.1
2026-10-02 22:36:36,20261002,24,12,1-2-6,45.0
2026-10-02 22:36:36,20261002,24,12,1-3-2,14.4
2026-10-02 22:36:36,20261002,24,12,1-3-4,12.8
2026-10-02 22:36:36,20261002,24,12,1-3-5,14.7
2026-10-02 22:36:36,20261002,24,12,1-3-6,35.9
2026-10-02 22:36:36,20261002,24,12,1-4-2,21.4
2026-10-02 22:36:36,20261002,24,12,1-4-3,21.8
2026-10-02 22:36:36,20261002,24,12,1-4-5,21.8
2026-10-02 22:36:36,20261002,24,12,1-4-6,38.1
2026-10-02 22:36:36,20261002,24,12,1-5-2,31.0
2026-10-02 22:36:36,20261002,24,12,1-5-3,26.8
2026-10-02 22:36:36,20261002,24,12,1-5-4,33.9
2026-10-02 22:36:36,20261002,24,12,1-5-6,40.9
2026-10-02 22:36:36,20261002,24,12,1-6-2,94.1
2026-10-02 22:36:36,20261002,24,12,1-6-3,92.5
2026-10-02 22:36:36,20261002,24,12,1-6-4,87.9
2026-10-02 22:36:36,20261002,24,12,1-6-5,83.1
2026-10-02 22:36:36,20261002,24,12,2-1-3,70.4
2026-10-02 22:36:36,20261002,24,12,2-1-4,92.8
2026-10-02 22:36:36,20261002,24,12,2-1-5,114.1
2026-10-02 22:36:36,20261002,24,12,2-1-6,177.8
2026-10-02 22:36:36,20261002,24,12,2-3-1,141.8
2026-10-02 22:36:36,20261002,24,12,2-3-4,236.2
2026-10-02 22:36:36,20261002,24,12,2-3-5,262.5
2026-10-02 22:36:36,20261002,24,12,2-3-6,414.2
2026-10-02 22:36:36,20261002,24,12,2-4-1,221.6
2026-10-02 22:36:36,20261002,24,12,2-4-3,315.0
2026-10-02 22:36:36,20261002,24,12,2-4-5,248.8
2026-10-02 22:36:36,20261002,24,12,2-4-6,289.8
2026-10-02 22:36:36,20261002,24,12,2-5-1,280.1
2026-10-02 22:36:36,20261002,24,12,2-5-3,365.2
2026-10-02 22:36:36,20261002,24,12,2-5-4,322.2
2026-10-02 22:36:36,20261002,24,12,2-5-6,502.4
2026-10-02 22:36:36,20261002,24,12,2-6-1,523.7
2026-10-02 22:36:36,20261002,24,12,2-6-3,605.9
2026-10-02 22:36:36,20261002,24,12,2-6-4,553.7
2026-10-02 22:36:36,20261002,24,12,2-6-5,621.7
2026-10-02 22:36:36,20261002,24,12,3-1-2,78.0
2026-10-02 22:36:36,20261002,24,12,3-1-4,74.5
2026-10-02 22:36:36,20261002,24,12,3-1-5,71.5
2026-10-02 22:36:36,20261002,24,12,3-1-6,132.9
2026-10-02 22:36:36,20261002,24,12,3-2-1,166.8
2026-10-02 22:36:36,20261002,24,12,3-2-4,249.4
2026-10-02 22:36:36,20261002,24,12,3-2-5,190.6
2026-10-02 22:36:36,20261002,24,12,3-2-6,401.3
2026-10-02 22:36:36,20261002,24,12,3-4-1,153.5
2026-10-02 22:36:36,20261002,24,12,3-4-2,252.0
2026-10-02 22:36:36,20261002,24,12,3-4-5,183.5
2026-10-02 22:36:36,20261002,24,12,3-4-6,253.9
2026-10-02 22:36:36,20261002,24,12,3-5-1,163.9
2026-10-02 22:36:36,20261002,24,12,3-5-2,278.3
2026-10-02 22:36:36,20261002,24,12,3-5-4,211.3
2026-10-02 22:36:36,20261002,24,12,3-5-6,326.6
2026-10-02 22:36:36,20261002,24,12,3-6-1,378.2
2026-10-02 22:36:36,20261002,24,12,3-6-2,600.0
2026-10-02 22:36:36,20261002,24,12,3-6-4,437.7
2026-10-02 22:36:36,20261002,24,12,3-6-5,500.8
2026-10-02 22:36:36,20261002,24,12,4-1-2,106.3
2026-10-02 22:36:36,20261002,24,12,4-1-3,120.0
2026-10-02 22:36:36,20261002,24,12,4-1-5,67.3
2026-10-02 22:36:36,20261002,24,12,4-1-6,116.9
2026-10-02 22:36:36,20261002,24,12,4-2-1,229.4
2026-10-02 22:36:36,20261002,24,12,4-2-3,332.2
2026-10-02 22:36:36,20261002,24,12,4-2-5,240.6
2026-10-02 22:36:36,20261002,24,12,4-2-6,289.6
2026-10-02 22:36:36,20261002,24,12,4-3-1,191.6
2026-10-02 22:36:36,20261002,24,12,4-3-2,368.7
2026-10-02 22:36:36,20261002,24,12,4-3-5,240.1
2026-10-02 22:36:36,20261002,24,12,4-3-6,317.9
2026-10-02 22:36:36,20261002,24,12,4-5-1,83.2
2026-10-02 22:36:36,20261002,24,12,4-5-2,169.6
2026-10-02 22:36:36,20261002,24,12,4-5-3,170.0
2026-10-02 22:36:36,20261002,24,12,4-5-6,70.7
2026-10-02 22:36:36,20261002,24,12,4-6-1,219.3
2026-10-02 22:36:36,20261002,24,12,4-6-2,358.9
2026-10-02 22:36:36,20261002,24,12,4-6-3,377.7
2026-10-02 22:36:36,20261002,24,12,4-6-5,121.8
2026-10-02 22:36:36,20261002,24,12,5-1-2,121.7
2026-10-02 22:36:36,20261002,24,12,5-1-3,94.2
2026-10-02 22:36:36,20261002,24,12,5-1-4,88.7
2026-10-02 22:36:36,20261002,24,12,5-1-6,91.9
2026-10-02 22:36:36,20261002,24,12,5-2-1,214.1
2026-10-02 22:36:36,20261002,24,12,5-2-3,305.0
2026-10-02 22:36:36,20261002,24,12,5-2-4,287.7
2026-10-02 22:36:36,20261002,24,12,5-2-6,340.7
2026-10-02 22:36:36,20261002,24,12,5-3-1,176.6
2026-10-02 22:36:36,20261002,24,12,5-3-2,318.9
2026-10-02 22:36:36,20261002,24,12,5-3-4,257.3
2026-10-02 22:36:36,20261002,24,12,5-3-6,302.0
2026-10-02 22:36:36,20261002,24,12,5-4-1,127.5
2026-10-02 22:36:36,20261002,24,12,5-4-2,222.7
2026-10-02 22:36:36,20261002,24,12,5-4-3,218.6
2026-10-02 22:36:36,20261002,24,12,5-4-6,106.3
2026-10-02 22:36:36,20261002,24,12,5-6-1,167.3
2026-10-02 22:36:36,20261002,24,12,5-6-2,352.3
2026-10-02 22:36:36,20261002,24,12,5-6-3,273.2
2026-10-02 22:36:36,20261002,24,12,5-6-4,141.1
2026-10-02 22:36:36,20261002,24,12,6-1-2,184.1
2026-10-02 22:36:36,20261002,24,12,6-1-3,212.3
2026-10-02 22:36:36,20261002,24,12,6-1-4,202.6
2026-10-02 22:36:36,20261002,24,12,6-1-5,199.8
2026-10-02 22:36:36,20261002,24,12,6-2-1,265.0
2026-10-02 22:36:36,20261002,24,12,6-2-3,346.8
2026-10-02 22:36:36,20261002,24,12,6-2-4,327.3
2026-10-02 22:36:36,20261002,24,12,6-2-5,347.6
2026-10-02 22:36:36,20261002,24,12,6-3-1,329.7
2026-10-02 22:36:36,20261002,24,12,6-3-2,434.0
2026-10-02 22:36:36,20261002,24,12,6-3-4,387.2
2026-10-02 22:36:36,20261002,24,12,6-3-5,421.0
2026-10-02 22:36:36,20261002,24,12,6-4-1,279.1
2026-10-02 22:36:36,20261002,24,12,6-4-2,359.7
2026-10-02 22:36:36,20261002,24,12,6-4-3,381.0
2026-10-02 22:36:36,20261002,24,12,6-4-5,179.4
2026-10-02 22:36:36,20261002,24,12,6-5-1,226.0
2026-10-02 22:36:36,20261002,24,12,6-5-2,353.5
2026-10-02 22:36:36,20261002,24,12,6-5-3,333.7
2026-10-02 22:36:36,20261002,24,12,6-5-4,158.1
