ts,date,jcd,rno,combo,odds
2026-09-21 08:22:33,20260921,10,1,1-2-3,17.1
2026-09-21 08:22:33,20260921,10,1,1-2-4,18.9
2026-09-21 08:22:33,20260921,10,1,1-2-5,29.7
2026-09-21 08:22:33,20260921,10,1,1-2-6,149.3
2026-09-21 08:22:33,20260921,10,1,1-3-2,14.1
2026-09-21 08:22:33,20260921,10,1,1-3-4,6.7
2026-09-21 08:22:33,20260921,10,1,1-3-5,10.4
2026-09-21 08:22:33,20260921,10,1,1-3-6,103.0
2026-09-21 08:22:33,20260921,10,1,1-4-2,15.8
2026-09-21 08:22:33,20260921,10,1,1-4-3,9.2
2026-09-21 08:22:33,20260921,10,1,1-4-5,11.4
2026-09-21 08:22:33,20260921,10,1,1-4-6,116.3
2026-09-21 08:22:33,20260921,10,1,1-5-2,40.0
2026-09-21 08:22:33,20260921,10,1,1-5-3,23.2
2026-09-21 08:22:33,20260921,10,1,1-5-4,22.9
2026-09-21 08:22:33,20260921,10,1,1-5-6,158.8
2026-09-21 08:22:33,20260921,10,1,1-6-2,211.1
2026-09-21 08:22:33,20260921,10,1,1-6-3,255.4
2026-09-21 08:22:33,20260921,10,1,1-6-4,269.1
2026-09-21 08:22:33,20260921,10,1,1-6-5,291.3
2026-09-21 08:22:33,20260921,10,1,2-1-3,105.5
2026-09-21 08:22:33,20260921,10,1,2-1-4,127.7
2026-09-21 08:22:33,20260921,10,1,2-1-5,193.7
2026-09-21 08:22:33,20260921,10,1,2-1-6,510.9
2026-09-21 08:22:33,20260921,10,1,2-3-1,202.6
2026-09-21 08:22:33,20260921,10,1,2-3-4,233.4
2026-09-21 08:22:33,20260921,10,1,2-3-5,387.4
2026-09-21 08:22:33,20260921,10,1,2-3-6,1855.0
2026-09-21 08:22:33,20260921,10,1,2-4-1,220.3
2026-09-21 08:22:33,20260921,10,1,2-4-3,214.9
2026-09-21 08:22:33,20260921,10,1,2-4-5,391.7
2026-09-21 08:22:33,20260921,10,1,2-4-6,750.1
2026-09-21 08:22:33,20260921,10,1,2-5-1,356.1
2026-09-21 08:22:33,20260921,10,1,2-5-3,503.6
2026-09-21 08:22:33,20260921,10,1,2-5-4,568.6
2026-09-21 08:22:33,20260921,10,1,2-5-6,1215.0
2026-09-21 08:22:33,20260921,10,1,2-6-1,1356.0
2026-09-21 08:22:33,20260921,10,1,2-6-3,1602.0
2026-09-21 08:22:33,20260921,10,1,2-6-4,2074.0
2026-09-21 08:22:33,20260921,10,1,2-6-5,979.3
2026-09-21 08:22:33,20260921,10,1,3-1-2,68.1
2026-09-21 08:22:33,20260921,10,1,3-1-4,28.0
2026-09-21 08:22:33,20260921,10,1,3-1-5,38.8
2026-09-21 08:22:33,20260921,10,1,3-1-6,244.8
2026-09-21 08:22:33,20260921,10,1,3-2-1,161.7
2026-09-21 08:22:33,20260921,10,1,3-2-4,165.5
2026-09-21 08:22:33,20260921,10,1,3-2-5,296.2
2026-09-21 08:22:33,20260921,10,1,3-2-6,952.9
2026-09-21 08:22:33,20260921,10,1,3-4-1,56.7
2026-09-21 08:22:33,20260921,10,1,3-4-2,157.4
2026-09-21 08:22:33,20260921,10,1,3-4-5,81.0
2026-09-21 08:22:33,20260921,10,1,3-4-6,375.0
2026-09-21 08:22:33,20260921,10,1,3-5-1,91.3
2026-09-21 08:22:33,20260921,10,1,3-5-2,214.9
2026-09-21 08:22:33,20260921,10,1,3-5-4,100.4
2026-09-21 08:22:33,20260921,10,1,3-5-6,618.5
2026-09-21 08:22:33,20260921,10,1,3-6-1,783.5
2026-09-21 08:22:33,20260921,10,1,3-6-2,1602.0
2026-09-21 08:22:33,20260921,10,1,3-6-4,607.9
2026-09-21 08:22:33,20260921,10,1,3-6-5,952.9
2026-09-21 08:22:33,20260921,10,1,4-1-2,70.9
2026-09-21 08:22:33,20260921,10,1,4-1-3,51.3
2026-09-21 08:22:33,20260921,10,1,4-1-5,43.9
2026-09-21 08:22:33,20260921,10,1,4-1-6,314.8
2026-09-21 08:22:33,20260921,10,1,4-2-1,176.2
2026-09-21 08:22:33,20260921,10,1,4-2-3,228.9
2026-09-21 08:22:33,20260921,10,1,4-2-5,267.1
2026-09-21 08:22:33,20260921,10,1,4-2-6,859.9
2026-09-21 08:22:33,20260921,10,1,4-3-1,76.1
2026-09-21 08:22:33,20260921,10,1,4-3-2,207.4
2026-09-21 08:22:33,20260921,10,1,4-3-5,153.9
2026-09-21 08:22:33,20260921,10,1,4-3-6,719.5
2026-09-21 08:22:33,20260921,10,1,4-5-1,61.4
2026-09-21 08:22:33,20260921,10,1,4-5-2,235.0
2026-09-21 08:22:33,20260921,10,1,4-5-3,160.9
2026-09-21 08:22:33,20260921,10,1,4-5-6,419.7
2026-09-21 08:22:33,20260921,10,1,4-6-1,1215.0
2026-09-21 08:22:33,20260921,10,1,4-6-2,1175.0
2026-09-21 08:22:33,20260921,10,1,4-6-3,1175.0
2026-09-21 08:22:33,20260921,10,1,4-6-5,979.3
2026-09-21 08:22:33,20260921,10,1,5-1-2,166.3
2026-09-21 08:22:33,20260921,10,1,5-1-3,108.1
2026-09-21 08:22:33,20260921,10,1,5-1-4,73.4
2026-09-21 08:22:33,20260921,10,1,5-1-6,383.2
2026-09-21 08:22:33,20260921,10,1,5-2-1,314.8
2026-09-21 08:22:33,20260921,10,1,5-2-3,289.0
2026-09-21 08:22:33,20260921,10,1,5-2-4,291.3
2026-09-21 08:22:33,20260921,10,1,5-2-6,705.1
2026-09-21 08:22:33,20260921,10,1,5-3-1,165.5
2026-09-21 08:22:33,20260921,10,1,5-3-2,342.3
2026-09-21 08:22:33,20260921,10,1,5-3-4,159.5
2026-09-21 08:22:33,20260921,10,1,5-3-6,1007.0
2026-09-21 08:22:33,20260921,10,1,5-4-1,109.4
2026-09-21 08:22:33,20260921,10,1,5-4-2,329.5
2026-09-21 08:22:33,20260921,10,1,5-4-3,170.3
2026-09-21 08:22:33,20260921,10,1,5-4-6,705.1
2026-09-21 08:22:33,20260921,10,1,5-6-1,801.3
2026-09-21 08:22:33,20260921,10,1,5-6-2,952.9
2026-09-21 08:22:33,20260921,10,1,5-6-3,1678.0
2026-09-21 08:22:33,20260921,10,1,5-6-4,881.4
2026-09-21 08:22:33,20260921,10,1,6-1-2,652.9
2026-09-21 08:22:33,20260921,10,1,6-1-3,1101.0
2026-09-21 08:22:33,20260921,10,1,6-1-4,1305.0
2026-09-21 08:22:33,20260921,10,1,6-1-5,1007.0
2026-09-21 08:22:33,20260921,10,1,6-2-1,1469.0
2026-09-21 08:22:33,20260921,10,1,6-2-3,1175.0
2026-09-21 08:22:33,20260921,10,1,6-2-4,2074.0
2026-09-21 08:22:33,20260921,10,1,6-2-5,1958.0
2026-09-21 08:22:33,20260921,10,1,6-3-1,1532.0
2026-09-21 08:22:33,20260921,10,1,6-3-2,2712.0
2026-09-21 08:22:33,20260921,10,1,6-3-4,1037.0
2026-09-21 08:22:33,20260921,10,1,6-3-5,1958.0
2026-09-21 08:22:33,20260921,10,1,6-4-1,2938.0
2026-09-21 08:22:33,20260921,10,1,6-4-2,3205.0
2026-09-21 08:22:33,20260921,10,1,6-4-3,2350.0
2026-09-21 08:22:33,20260921,10,1,6-4-5,1762.0
2026-09-21 08:22:33,20260921,10,1,6-5-1,1602.0
2026-09-21 08:22:33,20260921,10,1,6-5-2,1678.0
2026-09-21 08:22:33,20260921,10,1,6-5-3,2350.0
2026-09-21 08:22:33,20260921,10,1,6-5-4,1305.0
2026-09-21 08:32:57,20260921,18,1,1-2-3,6.2
2026-09-21 08:32:57,20260921,18,1,1-2-4,10.0
2026-09-21 08:32:57,20260921,18,1,1-2-5,17.8
2026-09-21 08:32:57,20260921,18,1,1-2-6,53.5
2026-09-21 08:32:57,20260921,18,1,1-3-2,12.0
2026-09-21 08:32:57,20260921,18,1,1-3-4,9.8
2026-09-21 08:32:57,20260921,18,1,1-3-5,11.0
2026-09-21 08:32:57,20260921,18,1,1-3-6,57.5
2026-09-21 08:32:57,20260921,18,1,1-4-2,21.0
2026-09-21 08:32:57,20260921,18,1,1-4-3,16.0
2026-09-21 08:32:57,20260921,18,1,1-4-5,19.7
2026-09-21 08:32:57,20260921,18,1,1-4-6,55.0
2026-09-21 08:32:57,20260921,18,1,1-5-2,32.2
2026-09-21 08:32:57,20260921,18,1,1-5-3,27.6
2026-09-21 08:32:57,20260921,18,1,1-5-4,34.1
2026-09-21 08:32:57,20260921,18,1,1-5-6,78.6
2026-09-21 08:32:57,20260921,18,1,1-6-2,88.2
2026-09-21 08:32:57,20260921,18,1,1-6-3,106.1
2026-09-21 08:32:57,20260921,18,1,1-6-4,113.8
2026-09-21 08:32:57,20260921,18,1,1-6-5,117.5
2026-09-21 08:32:57,20260921,18,1,2-1-3,65.6
2026-09-21 08:32:57,20260921,18,1,2-1-4,85.3
2026-09-21 08:32:57,20260921,18,1,2-1-5,106.4
2026-09-21 08:32:57,20260921,18,1,2-1-6,206.2
2026-09-21 08:32:57,20260921,18,1,2-3-1,143.2
2026-09-21 08:32:57,20260921,18,1,2-3-4,337.3
2026-09-21 08:32:57,20260921,18,1,2-3-5,372.1
2026-09-21 08:32:57,20260921,18,1,2-3-6,820.3
2026-09-21 08:32:57,20260921,18,1,2-4-1,166.3
2026-09-21 08:32:57,20260921,18,1,2-4-3,376.0
2026-09-21 08:32:57,20260921,18,1,2-4-5,360.9
2026-09-21 08:32:57,20260921,18,1,2-4-6,564.0
2026-09-21 08:32:57,20260921,18,1,2-5-1,199.4
2026-09-21 08:32:57,20260921,18,1,2-5-3,501.3
2026-09-21 08:32:57,20260921,18,1,2-5-4,481.2
2026-09-21 08:32:57,20260921,18,1,2-5-6,633.2
2026-09-21 08:32:57,20260921,18,1,2-6-1,508.3
2026-09-21 08:32:57,20260921,18,1,2-6-3,839.4
2026-09-21 08:32:57,20260921,18,1,2-6-4,925.5
2026-09-21 08:32:57,20260921,18,1,2-6-5,975.5
2026-09-21 08:32:57,20260921,18,1,3-1-2,77.6
2026-09-21 08:32:57,20260921,18,1,3-1-4,50.5
2026-09-21 08:32:57,20260921,18,1,3-1-5,52.6
2026-09-21 08:32:57,20260921,18,1,3-1-6,194.0
2026-09-21 08:32:57,20260921,18,1,3-2-1,167.8
2026-09-21 08:32:57,20260921,18,1,3-2-4,308.5
2026-09-21 08:32:57,20260921,18,1,3-2-5,405.5
2026-09-21 08:32:57,20260921,18,1,3-2-6,839.4
2026-09-21 08:32:57,20260921,18,1,3-4-1,109.3
2026-09-21 08:32:57,20260921,18,1,3-4-2,279.8
2026-09-21 08:32:57,20260921,18,1,3-4-5,207.4
2026-09-21 08:32:57,20260921,18,1,3-4-6,343.7
2026-09-21 08:32:57,20260921,18,1,3-5-1,138.8
2026-09-21 08:32:57,20260921,18,1,3-5-2,340.5
2026-09-21 08:32:57,20260921,18,1,3-5-4,242.2
2026-09-21 08:32:57,20260921,18,1,3-5-6,572.9
2026-09-21 08:32:57,20260921,18,1,3-6-1,487.7
2026-09-21 08:32:57,20260921,18,1,3-6-2,1128.0
2026-09-21 08:32:57,20260921,18,1,3-6-4,839.4
2026-09-21 08:32:57,20260921,18,1,3-6-5,880.3
2026-09-21 08:32:57,20260921,18,1,4-1-2,100.2
2026-09-21 08:32:57,20260921,18,1,4-1-3,84.9
2026-09-21 08:32:57,20260921,18,1,4-1-5,63.4
2026-09-21 08:32:57,20260921,18,1,4-1-6,197.2
2026-09-21 08:32:57,20260921,18,1,4-2-1,189.9
2026-09-21 08:32:57,20260921,18,1,4-2-3,451.2
2026-09-21 08:32:57,20260921,18,1,4-2-5,308.5
2026-09-21 08:32:57,20260921,18,1,4-2-6,564.0
2026-09-21 08:32:57,20260921,18,1,4-3-1,169.4
2026-09-21 08:32:57,20260921,18,1,4-3-2,644.5
2026-09-21 08:32:57,20260921,18,1,4-3-5,295.8
2026-09-21 08:32:57,20260921,18,1,4-3-6,555.3
2026-09-21 08:32:57,20260921,18,1,4-5-1,104.0
2026-09-21 08:32:57,20260921,18,1,4-5-2,282.0
2026-09-21 08:32:57,20260921,18,1,4-5-3,267.3
2026-09-21 08:32:57,20260921,18,1,4-5-6,305.8
2026-09-21 08:32:57,20260921,18,1,4-6-1,445.6
2026-09-21 08:32:57,20260921,18,1,4-6-2,859.4
2026-09-21 08:32:57,20260921,18,1,4-6-3,1093.0
2026-09-21 08:32:57,20260921,18,1,4-6-5,752.0
2026-09-21 08:32:57,20260921,18,1,5-1-2,141.5
2026-09-21 08:32:57,20260921,18,1,5-1-3,123.6
2026-09-21 08:32:57,20260921,18,1,5-1-4,105.5
2026-09-21 08:32:57,20260921,18,1,5-1-6,245.5
2026-09-21 08:32:57,20260921,18,1,5-2-1,293.4
2026-09-21 08:32:57,20260921,18,1,5-2-3,523.1
2026-09-21 08:32:57,20260921,18,1,5-2-4,434.8
2026-09-21 08:32:57,20260921,18,1,5-2-6,515.6
2026-09-21 08:32:57,20260921,18,1,5-3-1,222.8
2026-09-21 08:32:57,20260921,18,1,5-3-2,681.0
2026-09-21 08:32:57,20260921,18,1,5-3-4,462.7
2026-09-21 08:32:57,20260921,18,1,5-3-6,880.3
2026-09-21 08:32:57,20260921,18,1,5-4-1,141.0
2026-09-21 08:32:57,20260921,18,1,5-4-2,538.7
2026-09-21 08:32:57,20260921,18,1,5-4-3,445.6
2026-09-21 08:32:57,20260921,18,1,5-4-6,555.3
2026-09-21 08:32:57,20260921,18,1,5-6-1,530.8
2026-09-21 08:32:57,20260921,18,1,5-6-2,694.1
2026-09-21 08:32:57,20260921,18,1,5-6-3,721.9
2026-09-21 08:32:57,20260921,18,1,5-6-4,752.0
2026-09-21 08:32:57,20260921,18,1,6-1-2,410.1
2026-09-21 08:32:57,20260921,18,1,6-1-3,572.9
2026-09-21 08:32:57,20260921,18,1,6-1-4,462.7
2026-09-21 08:32:57,20260921,18,1,6-1-5,591.7
2026-09-21 08:32:57,20260921,18,1,6-2-1,694.1
2026-09-21 08:32:57,20260921,18,1,6-2-3,949.8
2026-09-21 08:32:57,20260921,18,1,6-2-4,721.9
2026-09-21 08:32:57,20260921,18,1,6-2-5,949.8
2026-09-21 08:32:57,20260921,18,1,6-3-1,839.4
2026-09-21 08:32:57,20260921,18,1,6-3-2,925.5
2026-09-21 08:32:57,20260921,18,1,6-3-4,802.1
2026-09-21 08:32:57,20260921,18,1,6-3-5,1203.0
2026-09-21 08:32:57,20260921,18,1,6-4-1,564.0
2026-09-21 08:32:57,20260921,18,1,6-4-2,1164.0
2026-09-21 08:32:57,20260921,18,1,6-4-3,1031.0
2026-09-21 08:32:57,20260921,18,1,6-4-5,1031.0
2026-09-21 08:32:57,20260921,18,1,6-5-1,707.7
2026-09-21 08:32:57,20260921,18,1,6-5-2,975.5
2026-09-21 08:32:57,20260921,18,1,6-5-3,1244.0
2026-09-21 08:32:57,20260921,18,1,6-5-4,949.8
2026-09-21 08:48:22,20260921,10,2,1-2-3,10.3
2026-09-21 08:48:22,20260921,10,2,1-2-4,7.4
2026-09-21 08:48:22,20260921,10,2,1-2-5,13.0
2026-09-21 08:48:22,20260921,10,2,1-2-6,64.8
2026-09-21 08:48:22,20260921,10,2,1-3-2,26.8
2026-09-21 08:48:22,20260921,10,2,1-3-4,40.5
2026-09-21 08:48:22,20260921,10,2,1-3-5,52.4
2026-09-21 08:48:22,20260921,10,2,1-3-6,265.2
2026-09-21 08:48:22,20260921,10,2,1-4-2,23.0
2026-09-21 08:48:22,20260921,10,2,1-4-3,47.7
2026-09-21 08:48:22,20260921,10,2,1-4-5,54.1
2026-09-21 08:48:22,20260921,10,2,1-4-6,277.5
2026-09-21 08:48:22,20260921,10,2,1-5-2,47.4
2026-09-21 08:48:22,20260921,10,2,1-5-3,76.5
2026-09-21 08:48:22,20260921,10,2,1-5-4,107.5
2026-09-21 08:48:22,20260921,10,2,1-5-6,287.6
2026-09-21 08:48:22,20260921,10,2,1-6-2,229.5
2026-09-21 08:48:22,20260921,10,2,1-6-3,442.0
2026-09-21 08:48:22,20260921,10,2,1-6-4,361.6
2026-09-21 08:48:22,20260921,10,2,1-6-5,507.9
2026-09-21 08:48:22,20260921,10,2,2-1-3,13.1
2026-09-21 08:48:22,20260921,10,2,2-1-4,9.2
2026-09-21 08:48:22,20260921,10,2,2-1-5,15.7
2026-09-21 08:48:22,20260921,10,2,2-1-6,84.0
2026-09-21 08:48:22,20260921,10,2,2-3-1,46.1
2026-09-21 08:48:22,20260921,10,2,2-3-4,68.7
2026-09-21 08:48:22,20260921,10,2,2-3-5,101.1
2026-09-21 08:48:22,20260921,10,2,2-3-6,331.5
2026-09-21 08:48:22,20260921,10,2,2-4-1,27.5
2026-09-21 08:48:22,20260921,10,2,2-4-3,48.9
2026-09-21 08:48:22,20260921,10,2,2-4-5,63.3
2026-09-21 08:48:22,20260921,10,2,2-4-6,215.0
2026-09-21 08:48:22,20260921,10,2,2-5-1,58.5
2026-09-21 08:48:22,20260921,10,2,2-5-3,142.0
2026-09-21 08:48:22,20260921,10,2,2-5-4,104.2
2026-09-21 08:48:22,20260921,10,2,2-5-6,345.9
2026-09-21 08:48:22,20260921,10,2,2-6-1,298.3
2026-09-21 08:48:22,20260921,10,2,2-6-3,628.2
2026-09-21 08:48:22,20260921,10,2,2-6-4,378.9
2026-09-21 08:48:22,20260921,10,2,2-6-5,682.0
2026-09-21 08:48:22,20260921,10,2,3-1-2,83.1
2026-09-21 08:48:22,20260921,10,2,3-1-4,87.4
2026-09-21 08:48:22,20260921,10,2,3-1-5,90.0
2026-09-21 08:48:22,20260921,10,2,3-1-6,351.0
2026-09-21 08:48:22,20260921,10,2,3-2-1,107.5
2026-09-21 08:48:22,20260921,10,2,3-2-4,109.0
2026-09-21 08:48:22,20260921,10,2,3-2-5,157.0
2026-09-21 08:48:22,20260921,10,2,3-2-6,361.6
2026-09-21 08:48:22,20260921,10,2,3-4-1,169.3
2026-09-21 08:48:22,20260921,10,2,3-4-2,161.2
2026-09-21 08:48:22,20260921,10,2,3-4-5,256.6
2026-09-21 08:48:22,20260921,10,2,3-4-6,1037.0
2026-09-21 08:48:22,20260921,10,2,3-5-1,190.9
2026-09-21 08:48:22,20260921,10,2,3-5-2,207.5
2026-09-21 08:48:22,20260921,10,2,3-5-4,322.5
2026-09-21 08:48:22,20260921,10,2,3-5-6,770.0
2026-09-21 08:48:22,20260921,10,2,3-6-1,954.8
2026-09-21 08:48:22,20260921,10,2,3-6-2,507.9
2026-09-21 08:48:22,20260921,10,2,3-6-4,1136.0
2026-09-21 08:48:22,20260921,10,2,3-6-5,1256.0
2026-09-21 08:48:22,20260921,10,2,4-1-2,43.2
2026-09-21 08:48:22,20260921,10,2,4-1-3,115.3
2026-09-21 08:48:22,20260921,10,2,4-1-5,78.0
2026-09-21 08:48:22,20260921,10,2,4-1-6,351.0
2026-09-21 08:48:22,20260921,10,2,4-2-1,50.1
2026-09-21 08:48:22,20260921,10,2,4-2-3,126.9
2026-09-21 08:48:22,20260921,10,2,4-2-5,80.9
2026-09-21 08:48:22,20260921,10,2,4-2-6,310.0
2026-09-21 08:48:22,20260921,10,2,4-3-1,152.0
2026-09-21 08:48:22,20260921,10,2,4-3-2,195.6
2026-09-21 08:48:22,20260921,10,2,4-3-5,223.1
2026-09-21 08:48:22,20260921,10,2,4-3-6,823.1
2026-09-21 08:48:22,20260921,10,2,4-5-1,97.8
2026-09-21 08:48:22,20260921,10,2,4-5-2,94.7
2026-09-21 08:48:22,20260921,10,2,4-5-3,243.5
2026-09-21 08:48:22,20260921,10,2,4-5-6,271.2
2026-09-21 08:48:22,20260921,10,2,4-6-1,397.8
2026-09-21 08:48:22,20260921,10,2,4-6-2,356.2
2026-09-21 08:48:22,20260921,10,2,4-6-3,1256.0
2026-09-21 08:48:22,20260921,10,2,4-6-5,487.1
2026-09-21 08:48:22,20260921,10,2,5-1-2,107.0
2026-09-21 08:48:22,20260921,10,2,5-1-3,152.0
2026-09-21 08:48:22,20260921,10,2,5-1-4,164.6
2026-09-21 08:48:22,20260921,10,2,5-1-6,391.3
2026-09-21 08:48:22,20260921,10,2,5-2-1,135.6
2026-09-21 08:48:22,20260921,10,2,5-2-3,151.0
2026-09-21 08:48:22,20260921,10,2,5-2-4,161.2
2026-09-21 08:48:22,20260921,10,2,5-2-6,361.6
2026-09-21 08:48:22,20260921,10,2,5-3-1,231.7
2026-09-21 08:48:22,20260921,10,2,5-3-2,268.2
2026-09-21 08:48:22,20260921,10,2,5-3-4,318.2
2026-09-21 08:48:22,20260921,10,2,5-3-6,795.7
2026-09-21 08:48:22,20260921,10,2,5-4-1,194.0
2026-09-21 08:48:22,20260921,10,2,5-4-2,189.4
2026-09-21 08:48:22,20260921,10,2,5-4-3,310.0
2026-09-21 08:48:22,20260921,10,2,5-4-6,555.1
2026-09-21 08:48:22,20260921,10,2,5-6-1,918.1
2026-09-21 08:48:22,20260921,10,2,5-6-2,530.4
2026-09-21 08:48:22,20260921,10,2,5-6-3,596.7
2026-09-21 08:48:22,20260921,10,2,5-6-4,518.9
2026-09-21 08:48:22,20260921,10,2,6-1-2,404.6
2026-09-21 08:48:22,20260921,10,2,6-1-3,994.6
2026-09-21 08:48:22,20260921,10,2,6-1-4,954.8
2026-09-21 08:48:22,20260921,10,2,6-1-5,852.5
2026-09-21 08:48:22,20260921,10,2,6-2-1,702.1
2026-09-21 08:48:22,20260921,10,2,6-2-3,582.2
2026-09-21 08:48:22,20260921,10,2,6-2-4,994.6
2026-09-21 08:48:22,20260921,10,2,6-2-5,1404.0
2026-09-21 08:48:22,20260921,10,2,6-3-1,1404.0
2026-09-21 08:48:22,20260921,10,2,6-3-2,795.7
2026-09-21 08:48:22,20260921,10,2,6-3-4,918.1
2026-09-21 08:48:22,20260921,10,2,6-3-5,954.8
2026-09-21 08:48:22,20260921,10,2,6-4-1,1037.0
2026-09-21 08:48:22,20260921,10,2,6-4-2,1037.0
2026-09-21 08:48:22,20260921,10,2,6-4-3,1085.0
2026-09-21 08:48:22,20260921,10,2,6-4-5,1404.0
2026-09-21 08:48:22,20260921,10,2,6-5-1,1705.0
2026-09-21 08:48:22,20260921,10,2,6-5-2,1256.0
2026-09-21 08:48:22,20260921,10,2,6-5-3,954.8
2026-09-21 08:48:22,20260921,10,2,6-5-4,918.1
2026-09-21 09:01:17,20260921,18,2,1-2-3,5.9
2026-09-21 09:01:17,20260921,18,2,1-2-4,23.5
2026-09-21 09:01:17,20260921,18,2,1-2-5,10.9
2026-09-21 09:01:17,20260921,18,2,1-2-6,91.4
2026-09-21 09:01:17,20260921,18,2,1-3-2,7.3
2026-09-21 09:01:17,20260921,18,2,1-3-4,19.4
2026-09-21 09:01:17,20260921,18,2,1-3-5,7.8
2026-09-21 09:01:17,20260921,18,2,1-3-6,70.7
2026-09-21 09:01:17,20260921,18,2,1-4-2,36.7
2026-09-21 09:01:17,20260921,18,2,1-4-3,40.7
2026-09-21 09:01:17,20260921,18,2,1-4-5,46.9
2026-09-21 09:01:17,20260921,18,2,1-4-6,153.5
2026-09-21 09:01:17,20260921,18,2,1-5-2,15.5
2026-09-21 09:01:17,20260921,18,2,1-5-3,14.6
2026-09-21 09:01:17,20260921,18,2,1-5-4,51.3
2026-09-21 09:01:17,20260921,18,2,1-5-6,94.7
2026-09-21 09:01:17,20260921,18,2,1-6-2,169.1
2026-09-21 09:01:17,20260921,18,2,1-6-3,201.7
2026-09-21 09:01:17,20260921,18,2,1-6-4,252.2
2026-09-21 09:01:17,20260921,18,2,1-6-5,235.4
2026-09-21 09:01:17,20260921,18,2,2-1-3,41.9
2026-09-21 09:01:17,20260921,18,2,2-1-4,92.3
2026-09-21 09:01:17,20260921,18,2,2-1-5,57.7
2026-09-21 09:01:17,20260921,18,2,2-1-6,317.3
2026-09-21 09:01:17,20260921,18,2,2-3-1,71.1
2026-09-21 09:01:17,20260921,18,2,2-3-4,207.7
2026-09-21 09:01:17,20260921,18,2,2-3-5,99.4
2026-09-21 09:01:17,20260921,18,2,2-3-6,487.0
2026-09-21 09:01:17,20260921,18,2,2-4-1,218.9
2026-09-21 09:01:17,20260921,18,2,2-4-3,381.7
2026-09-21 09:01:17,20260921,18,2,2-4-5,409.3
2026-09-21 09:01:17,20260921,18,2,2-4-6,564.9
2026-09-21 09:01:17,20260921,18,2,2-5-1,116.7
2026-09-21 09:01:17,20260921,18,2,2-5-3,164.2
2026-09-21 09:01:17,20260921,18,2,2-5-4,332.3
2026-09-21 09:01:17,20260921,18,2,2-5-6,455.6
2026-09-21 09:01:17,20260921,18,2,2-6-1,656.9
2026-09-21 09:01:17,20260921,18,2,2-6-3,1284.0
2026-09-21 09:01:17,20260921,18,2,2-6-4,1177.0
2026-09-21 09:01:17,20260921,18,2,2-6-5,1284.0
2026-09-21 09:01:17,20260921,18,2,3-1-2,49.0
2026-09-21 09:01:17,20260921,18,2,3-1-4,61.4
2026-09-21 09:01:17,20260921,18,2,3-1-5,35.8
2026-09-21 09:01:17,20260921,18,2,3-1-6,215.6
2026-09-21 09:01:17,20260921,18,2,3-2-1,89.9
2026-09-21 09:01:17,20260921,18,2,3-2-4,192.1
2026-09-21 09:01:17,20260921,18,2,3-2-5,109.0
2026-09-21 09:01:17,20260921,18,2,3-2-6,807.0
2026-09-21 09:01:17,20260921,18,2,3-4-1,142.6
2026-09-21 09:01:17,20260921,18,2,3-4-2,233.4
2026-09-21 09:01:17,20260921,18,2,3-4-5,177.6
2026-09-21 09:01:17,20260921,18,2,3-4-6,627.7
2026-09-21 09:01:17,20260921,18,2,3-5-1,76.5
2026-09-21 09:01:17,20260921,18,2,3-5-2,134.5
2026-09-21 09:01:17,20260921,18,2,3-5-4,172.2
2026-09-21 09:01:17,20260921,18,2,3-5-6,564.9
2026-09-21 09:01:17,20260921,18,2,3-6-1,576.4
2026-09-21 09:01:17,20260921,18,2,3-6-2,1284.0
2026-09-21 09:01:17,20260921,18,2,3-6-4,974.0
2026-09-21 09:01:17,20260921,18,2,3-6-5,941.6
2026-09-21 09:01:17,20260921,18,2,4-1-2,182.2
2026-09-21 09:01:17,20260921,18,2,4-1-3,162.3
2026-09-21 09:01:17,20260921,18,2,4-1-5,165.1
2026-09-21 09:01:17,20260921,18,2,4-1-6,421.6
2026-09-21 09:01:17,20260921,18,2,4-2-1,357.5
2026-09-21 09:01:17,20260921,18,2,4-2-3,470.8
2026-09-21 09:01:17,20260921,18,2,4-2-5,392.3
2026-09-21 09:01:17,20260921,18,2,4-2-6,532.9
2026-09-21 09:01:17,20260921,18,2,4-3-1,247.7
2026-09-21 09:01:17,20260921,18,2,4-3-2,911.2
2026-09-21 09:01:17,20260921,18,2,4-3-5,371.6
2026-09-21 09:01:17,20260921,18,2,4-3-6,576.4
2026-09-21 09:01:17,20260921,18,2,4-5-1,247.7
2026-09-21 09:01:17,20260921,18,2,4-5-2,455.6
2026-09-21 09:01:17,20260921,18,2,4-5-3,415.4
2026-09-21 09:01:17,20260921,18,2,4-5-6,441.3
2026-09-21 09:01:17,20260921,18,2,4-6-1,856.0
2026-09-21 09:01:17,20260921,18,2,4-6-2,656.9
2026-09-21 09:01:17,20260921,18,2,4-6-3,763.4
2026-09-21 09:01:17,20260921,18,2,4-6-5,882.7
2026-09-21 09:01:17,20260921,18,2,5-1-2,68.3
2026-09-21 09:01:17,20260921,18,2,5-1-3,63.4
2026-09-21 09:01:17,20260921,18,2,5-1-4,193.4
2026-09-21 09:01:17,20260921,18,2,5-1-6,229.6
2026-09-21 09:01:17,20260921,18,2,5-2-1,152.6
2026-09-21 09:01:17,20260921,18,2,5-2-3,197.5
2026-09-21 09:01:17,20260921,18,2,5-2-4,470.8
2026-09-21 09:01:17,20260921,18,2,5-2-6,656.9
2026-09-21 09:01:17,20260921,18,2,5-3-1,115.7
2026-09-21 09:01:17,20260921,18,2,5-3-2,201.7
2026-09-21 09:01:17,20260921,18,2,5-3-4,271.6
2026-09-21 09:01:17,20260921,18,2,5-3-6,706.2
2026-09-21 09:01:17,20260921,18,2,5-4-1,294.2
2026-09-21 09:01:17,20260921,18,2,5-4-2,386.9
2026-09-21 09:01:17,20260921,18,2,5-4-3,487.0
2026-09-21 09:01:17,20260921,18,2,5-4-6,856.0
2026-09-21 09:01:17,20260921,18,2,5-6-1,421.6
2026-09-21 09:01:17,20260921,18,2,5-6-2,656.9
2026-09-21 09:01:17,20260921,18,2,5-6-3,784.6
2026-09-21 09:01:17,20260921,18,2,5-6-4,523.1
2026-09-21 09:01:17,20260921,18,2,6-1-2,656.9
2026-09-21 09:01:17,20260921,18,2,6-1-3,974.0
2026-09-21 09:01:17,20260921,18,2,6-1-4,1046.0
2026-09-21 09:01:17,20260921,18,2,6-1-5,911.2
2026-09-21 09:01:17,20260921,18,2,6-2-1,1412.0
2026-09-21 09:01:17,20260921,18,2,6-2-3,1177.0
2026-09-21 09:01:17,20260921,18,2,6-2-4,1486.0
2026-09-21 09:01:17,20260921,18,2,6-2-5,2172.0
2026-09-21 09:01:17,20260921,18,2,6-3-1,1008.0
2026-09-21 09:01:17,20260921,18,2,6-3-2,2824.0
2026-09-21 09:01:17,20260921,18,2,6-3-4,743.3
2026-09-21 09:01:17,20260921,18,2,6-3-5,1765.0
2026-09-21 09:01:17,20260921,18,2,6-4-1,807.0
2026-09-21 09:01:17,20260921,18,2,6-4-2,2172.0
2026-09-21 09:01:17,20260921,18,2,6-4-3,1086.0
2026-09-21 09:01:17,20260921,18,2,6-4-5,1883.0
2026-09-21 09:01:17,20260921,18,2,6-5-1,656.9
2026-09-21 09:01:17,20260921,18,2,6-5-2,1129.0
2026-09-21 09:01:17,20260921,18,2,6-5-3,1228.0
2026-09-21 09:01:17,20260921,18,2,6-5-4,882.7
2026-09-21 09:19:11,20260921,10,3,1-2-3,8.9
2026-09-21 09:19:11,20260921,10,3,1-2-4,39.5
2026-09-21 09:19:11,20260921,10,3,1-2-5,15.9
2026-09-21 09:19:11,20260921,10,3,1-2-6,22.0
2026-09-21 09:19:11,20260921,10,3,1-3-2,7.6
2026-09-21 09:19:11,20260921,10,3,1-3-4,37.7
2026-09-21 09:19:11,20260921,10,3,1-3-5,8.2
2026-09-21 09:19:11,20260921,10,3,1-3-6,14.7
2026-09-21 09:19:11,20260921,10,3,1-4-2,94.7
2026-09-21 09:19:11,20260921,10,3,1-4-3,104.7
2026-09-21 09:19:11,20260921,10,3,1-4-5,139.8
2026-09-21 09:19:11,20260921,10,3,1-4-6,159.0
2026-09-21 09:19:11,20260921,10,3,1-5-2,23.0
2026-09-21 09:19:11,20260921,10,3,1-5-3,19.9
2026-09-21 09:19:11,20260921,10,3,1-5-4,119.4
2026-09-21 09:19:11,20260921,10,3,1-5-6,31.5
2026-09-21 09:19:11,20260921,10,3,1-6-2,49.7
2026-09-21 09:19:11,20260921,10,3,1-6-3,41.5
2026-09-21 09:19:11,20260921,10,3,1-6-4,192.4
2026-09-21 09:19:11,20260921,10,3,1-6-5,59.3
2026-09-21 09:19:11,20260921,10,3,2-1-3,41.3
2026-09-21 09:19:11,20260921,10,3,2-1-4,118.9
2026-09-21 09:19:11,20260921,10,3,2-1-5,46.3
2026-09-21 09:19:11,20260921,10,3,2-1-6,76.9
2026-09-21 09:19:11,20260921,10,3,2-3-1,81.3
2026-09-21 09:19:11,20260921,10,3,2-3-4,314.0
2026-09-21 09:19:11,20260921,10,3,2-3-5,156.7
2026-09-21 09:19:11,20260921,10,3,2-3-6,222.4
2026-09-21 09:19:11,20260921,10,3,2-4-1,343.7
2026-09-21 09:19:11,20260921,10,3,2-4-3,406.4
2026-09-21 09:19:11,20260921,10,3,2-4-5,547.0
2026-09-21 09:19:11,20260921,10,3,2-4-6,684.8
2026-09-21 09:19:11,20260921,10,3,2-5-1,124.2
2026-09-21 09:19:11,20260921,10,3,2-5-3,226.5
2026-09-21 09:19:11,20260921,10,3,2-5-4,406.4
2026-09-21 09:19:11,20260921,10,3,2-5-6,235.7
2026-09-21 09:19:11,20260921,10,3,2-6-1,243.6
2026-09-21 09:19:11,20260921,10,3,2-6-3,480.5
2026-09-21 09:19:11,20260921,10,3,2-6-4,730.9
2026-09-21 09:19:11,20260921,10,3,2-6-5,366.9
2026-09-21 09:19:11,20260921,10,3,3-1-2,43.3
2026-09-21 09:19:11,20260921,10,3,3-1-4,114.8
2026-09-21 09:19:11,20260921,10,3,3-1-5,32.9
2026-09-21 09:19:11,20260921,10,3,3-1-6,53.0
2026-09-21 09:19:11,20260921,10,3,3-2-1,95.8
2026-09-21 09:19:11,20260921,10,3,3-2-4,314.0
2026-09-21 09:19:11,20260921,10,3,3-2-5,143.5
2026-09-21 09:19:11,20260921,10,3,3-2-6,210.6
2026-09-21 09:19:11,20260921,10,3,3-4-1,283.3
2026-09-21 09:19:11,20260921,10,3,3-4-2,335.8
2026-09-21 09:19:11,20260921,10,3,3-4-5,345.1
2026-09-21 09:19:11,20260921,10,3,3-4-6,406.4
2026-09-21 09:19:11,20260921,10,3,3-5-1,81.0
2026-09-21 09:19:11,20260921,10,3,3-5-2,153.4
2026-09-21 09:19:11,20260921,10,3,3-5-4,309.5
2026-09-21 09:19:11,20260921,10,3,3-5-6,135.4
2026-09-21 09:19:11,20260921,10,3,3-6-1,127.5
2026-09-21 09:19:11,20260921,10,3,3-6-2,242.9
2026-09-21 09:19:11,20260921,10,3,3-6-4,453.0
2026-09-21 09:19:11,20260921,10,3,3-6-5,219.0
2026-09-21 09:19:11,20260921,10,3,4-1-2,373.2
2026-09-21 09:19:11,20260921,10,3,4-1-3,455.3
2026-09-21 09:19:11,20260921,10,3,4-1-5,356.4
2026-09-21 09:19:11,20260921,10,3,4-1-6,477.9
2026-09-21 09:19:11,20260921,10,3,4-2-1,540.2
2026-09-21 09:19:11,20260921,10,3,4-2-3,906.0
2026-09-21 09:19:11,20260921,10,3,4-2-5,737.1
2026-09-21 09:19:11,20260921,10,3,4-2-6,915.5
2026-09-21 09:19:11,20260921,10,3,4-3-1,663.9
2026-09-21 09:19:11,20260921,10,3,4-3-2,988.3
2026-09-21 09:19:11,20260921,10,3,4-3-5,1208.0
2026-09-21 09:19:11,20260921,10,3,4-3-6,1298.0
2026-09-21 09:19:11,20260921,10,3,4-5-1,616.8
2026-09-21 09:19:11,20260921,10,3,4-5-2,878.5
2026-09-21 09:19:11,20260921,10,3,4-5-3,1499.0
2026-09-21 09:19:11,20260921,10,3,4-5-6,608.2
2026-09-21 09:19:11,20260921,10,3,4-6-1,955.8
2026-09-21 09:19:11,20260921,10,3,4-6-2,1260.0
2026-09-21 09:19:11,20260921,10,3,4-6-3,1739.0
2026-09-21 09:19:11,20260921,10,3,4-6-5,988.3
2026-09-21 09:19:11,20260921,10,3,5-1-2,65.2
2026-09-21 09:19:11,20260921,10,3,5-1-3,61.5
2026-09-21 09:19:11,20260921,10,3,5-1-4,289.9
2026-09-21 09:19:11,20260921,10,3,5-1-6,60.5
2026-09-21 09:19:11,20260921,10,3,5-2-1,117.5
2026-09-21 09:19:11,20260921,10,3,5-2-3,191.5
2026-09-21 09:19:11,20260921,10,3,5-2-4,412.2
2026-09-21 09:19:11,20260921,10,3,5-2-6,158.4
2026-09-21 09:19:11,20260921,10,3,5-3-1,104.7
2026-09-21 09:19:11,20260921,10,3,5-3-2,190.3
2026-09-21 09:19:11,20260921,10,3,5-3-4,353.5
2026-09-21 09:19:11,20260921,10,3,5-3-6,163.4
2026-09-21 09:19:11,20260921,10,3,5-4-1,349.3
2026-09-21 09:19:11,20260921,10,3,5-4-2,412.2
2026-09-21 09:19:11,20260921,10,3,5-4-3,434.8
2026-09-21 09:19:11,20260921,10,3,5-4-6,379.8
2026-09-21 09:19:11,20260921,10,3,5-6-1,92.7
2026-09-21 09:19:11,20260921,10,3,5-6-2,138.0
2026-09-21 09:19:11,20260921,10,3,5-6-3,160.7
2026-09-21 09:19:11,20260921,10,3,5-6-4,316.2
2026-09-21 09:19:11,20260921,10,3,6-1-2,181.9
2026-09-21 09:19:11,20260921,10,3,6-1-3,153.1
2026-09-21 09:19:11,20260921,10,3,6-1-4,591.6
2026-09-21 09:19:11,20260921,10,3,6-1-5,225.3
2026-09-21 09:19:11,20260921,10,3,6-2-1,323.3
2026-09-21 09:19:11,20260921,10,3,6-2-3,450.6
2026-09-21 09:19:11,20260921,10,3,6-2-4,906.0
2026-09-21 09:19:11,20260921,10,3,6-2-5,491.4
2026-09-21 09:19:11,20260921,10,3,6-3-1,255.0
2026-09-21 09:19:11,20260921,10,3,6-3-2,483.2
2026-09-21 09:19:11,20260921,10,3,6-3-4,988.3
2026-09-21 09:19:11,20260921,10,3,6-3-5,494.1
2026-09-21 09:19:11,20260921,10,3,6-4-1,1474.0
2026-09-21 09:19:11,20260921,10,3,6-4-2,1705.0
2026-09-21 09:19:11,20260921,10,3,6-4-3,2121.0
2026-09-21 09:19:11,20260921,10,3,6-4-5,1641.0
2026-09-21 09:19:11,20260921,10,3,6-5-1,278.7
2026-09-21 09:19:11,20260921,10,3,6-5-2,391.7
2026-09-21 09:19:11,20260921,10,3,6-5-3,457.7
2026-09-21 09:19:11,20260921,10,3,6-5-4,935.2
2026-09-21 09:27:02,20260921,18,3,1-2-3,22.0
2026-09-21 09:27:02,20260921,18,3,1-2-4,44.0
2026-09-21 09:27:02,20260921,18,3,1-2-5,27.7
2026-09-21 09:27:02,20260921,18,3,1-2-6,283.5
2026-09-21 09:27:02,20260921,18,3,1-3-2,17.9
2026-09-21 09:27:02,20260921,18,3,1-3-4,14.3
2026-09-21 09:27:02,20260921,18,3,1-3-5,8.5
2026-09-21 09:27:02,20260921,18,3,1-3-6,186.5
2026-09-21 09:27:02,20260921,18,3,1-4-2,46.6
2026-09-21 09:27:02,20260921,18,3,1-4-3,25.9
2026-09-21 09:27:02,20260921,18,3,1-4-5,20.9
2026-09-21 09:27:02,20260921,18,3,1-4-6,237.8
2026-09-21 09:27:02,20260921,18,3,1-5-2,20.2
2026-09-21 09:27:02,20260921,18,3,1-5-3,9.8
2026-09-21 09:27:02,20260921,18,3,1-5-4,16.3
2026-09-21 09:27:02,20260921,18,3,1-5-6,123.0
2026-09-21 09:27:02,20260921,18,3,1-6-2,319.3
2026-09-21 09:27:02,20260921,18,3,1-6-3,437.6
2026-09-21 09:27:02,20260921,18,3,1-6-4,466.3
2026-09-21 09:27:02,20260921,18,3,1-6-5,472.6
2026-09-21 09:27:02,20260921,18,3,2-1-3,115.4
2026-09-21 09:27:02,20260921,18,3,2-1-4,142.3
2026-09-21 09:27:02,20260921,18,3,2-1-5,92.3
2026-09-21 09:27:02,20260921,18,3,2-1-6,485.5
2026-09-21 09:27:02,20260921,18,3,2-3-1,233.1
2026-09-21 09:27:02,20260921,18,3,2-3-4,417.0
2026-09-21 09:27:02,20260921,18,3,2-3-5,260.6
2026-09-21 09:27:02,20260921,18,3,2-3-6,1611.0
2026-09-21 09:27:02,20260921,18,3,2-4-1,152.1
2026-09-21 09:27:02,20260921,18,3,2-4-3,216.1
2026-09-21 09:27:02,20260921,18,3,2-4-5,191.5
2026-09-21 09:27:02,20260921,18,3,2-4-6,244.4
2026-09-21 09:27:02,20260921,18,3,2-5-1,132.2
2026-09-21 09:27:02,20260921,18,3,2-5-3,165.6
2026-09-21 09:27:02,20260921,18,3,2-5-4,192.6
2026-09-21 09:27:02,20260921,18,3,2-5-6,244.4
2026-09-21 09:27:02,20260921,18,3,2-6-1,249.6
2026-09-21 09:27:02,20260921,18,3,2-6-3,297.8
2026-09-21 09:27:02,20260921,18,3,2-6-4,281.3
2026-09-21 09:27:02,20260921,18,3,2-6-5,297.8
2026-09-21 09:27:02,20260921,18,3,3-1-2,109.0
2026-09-21 09:27:02,20260921,18,3,3-1-4,53.8
2026-09-21 09:27:02,20260921,18,3,3-1-5,28.0
2026-09-21 09:27:02,20260921,18,3,3-1-6,285.8
2026-09-21 09:27:02,20260921,18,3,3-2-1,200.2
2026-09-21 09:27:02,20260921,18,3,3-2-4,262.5
2026-09-21 09:27:02,20260921,18,3,3-2-5,195.8
2026-09-21 09:27:02,20260921,18,3,3-2-6,886.1
2026-09-21 09:27:02,20260921,18,3,3-4-1,116.2
2026-09-21 09:27:02,20260921,18,3,3-4-2,302.9
2026-09-21 09:27:02,20260921,18,3,3-4-5,85.4
2026-09-21 09:27:02,20260921,18,3,3-4-6,805.5
2026-09-21 09:27:02,20260921,18,3,3-5-1,41.4
2026-09-21 09:27:02,20260921,18,3,3-5-2,152.7
2026-09-21 09:27:02,20260921,18,3,3-5-4,82.4
2026-09-21 09:27:02,20260921,18,3,3-5-6,427.0
2026-09-21 09:27:02,20260921,18,3,3-6-1,984.6
2026-09-21 09:27:02,20260921,18,3,3-6-2,1417.0
2026-09-21 09:27:02,20260921,18,3,3-6-4,1222.0
2026-09-21 09:27:02,20260921,18,3,3-6-5,1265.0
2026-09-21 09:27:02,20260921,18,3,4-1-2,167.9
2026-09-21 09:27:02,20260921,18,3,4-1-3,89.2
2026-09-21 09:27:02,20260921,18,3,4-1-5,56.7
2026-09-21 09:27:02,20260921,18,3,4-1-6,325.1
2026-09-21 09:27:02,20260921,18,3,4-2-1,159.6
2026-09-21 09:27:02,20260921,18,3,4-2-3,188.5
2026-09-21 09:27:02,20260921,18,3,4-2-5,161.8
2026-09-21 09:27:02,20260921,18,3,4-2-6,221.5
2026-09-21 09:27:02,20260921,18,3,4-3-1,132.7
2026-09-21 09:27:02,20260921,18,3,4-3-2,417.0
2026-09-21 09:27:02,20260921,18,3,4-3-5,127.5
2026-09-21 09:27:02,20260921,18,3,4-3-6,668.7
2026-09-21 09:27:02,20260921,18,3,4-5-1,50.8
2026-09-21 09:27:02,20260921,18,3,4-5-2,113.6
2026-09-21 09:27:02,20260921,18,3,4-5-3,76.5
2026-09-21 09:27:02,20260921,18,3,4-5-6,158.9
2026-09-21 09:27:02,20260921,18,3,4-6-1,260.6
2026-09-21 09:27:02,20260921,18,3,4-6-2,253.1
2026-09-21 09:27:02,20260921,18,3,4-6-3,260.6
2026-09-21 09:27:02,20260921,18,3,4-6-5,247.8
2026-09-21 09:27:02,20260921,18,3,5-1-2,47.3
2026-09-21 09:27:02,20260921,18,3,5-1-3,20.9
2026-09-21 09:27:02,20260921,18,3,5-1-4,29.3
2026-09-21 09:27:02,20260921,18,3,5-1-6,166.4
2026-09-21 09:27:02,20260921,18,3,5-2-1,128.4
2026-09-21 09:27:02,20260921,18,3,5-2-3,179.9
2026-09-21 09:27:02,20260921,18,3,5-2-4,234.7
2026-09-21 09:27:02,20260921,18,3,5-2-6,407.4
2026-09-21 09:27:02,20260921,18,3,5-3-1,41.6
2026-09-21 09:27:02,20260921,18,3,5-3-2,136.3
2026-09-21 09:27:02,20260921,18,3,5-3-4,69.9
2026-09-21 09:27:02,20260921,18,3,5-3-6,421.9
2026-09-21 09:27:02,20260921,18,3,5-4-1,55.8
2026-09-21 09:27:02,20260921,18,3,5-4-2,168.7
2026-09-21 09:27:02,20260921,18,3,5-4-3,77.9
2026-09-21 09:27:02,20260921,18,3,5-4-6,290.5
2026-09-21 09:27:02,20260921,18,3,5-6-1,432.2
2026-09-21 09:27:02,20260921,18,3,5-6-2,562.6
2026-09-21 09:27:02,20260921,18,3,5-6-3,632.9
2026-09-21 09:27:02,20260921,18,3,5-6-4,472.6
2026-09-21 09:27:02,20260921,18,3,6-1-2,805.5
2026-09-21 09:27:02,20260921,18,3,6-1-3,1107.0
2026-09-21 09:27:02,20260921,18,3,6-1-4,1363.0
2026-09-21 09:27:02,20260921,18,3,6-1-5,957.9
2026-09-21 09:27:02,20260921,18,3,6-2-1,1312.0
2026-09-21 09:27:02,20260921,18,3,6-2-3,1107.0
2026-09-21 09:27:02,20260921,18,3,6-2-4,1476.0
2026-09-21 09:27:02,20260921,18,3,6-2-5,2215.0
2026-09-21 09:27:02,20260921,18,3,6-3-1,1541.0
2026-09-21 09:27:02,20260921,18,3,6-3-2,2085.0
2026-09-21 09:27:02,20260921,18,3,6-3-4,1265.0
2026-09-21 09:27:02,20260921,18,3,6-3-5,1969.0
2026-09-21 09:27:02,20260921,18,3,6-4-1,1265.0
2026-09-21 09:27:02,20260921,18,3,6-4-2,1865.0
2026-09-21 09:27:02,20260921,18,3,6-4-3,2363.0
2026-09-21 09:27:02,20260921,18,3,6-4-5,2215.0
2026-09-21 09:27:02,20260921,18,3,6-5-1,787.6
2026-09-21 09:27:02,20260921,18,3,6-5-2,1417.0
2026-09-21 09:27:02,20260921,18,3,6-5-3,1312.0
2026-09-21 09:27:02,20260921,18,3,6-5-4,1074.0
2026-09-21 09:37:24,20260921,10,4,1-2-3,35.8
2026-09-21 09:37:24,20260921,10,4,1-2-4,42.3
2026-09-21 09:37:24,20260921,10,4,1-2-5,148.1
2026-09-21 09:37:24,20260921,10,4,1-2-6,59.4
2026-09-21 09:37:24,20260921,10,4,1-3-2,23.7
2026-09-21 09:37:24,20260921,10,4,1-3-4,9.0
2026-09-21 09:37:24,20260921,10,4,1-3-5,63.3
2026-09-21 09:37:24,20260921,10,4,1-3-6,10.8
2026-09-21 09:37:24,20260921,10,4,1-4-2,31.8
2026-09-21 09:37:24,20260921,10,4,1-4-3,13.3
2026-09-21 09:37:24,20260921,10,4,1-4-5,71.6
2026-09-21 09:37:24,20260921,10,4,1-4-6,13.9
2026-09-21 09:37:24,20260921,10,4,1-5-2,130.1
2026-09-21 09:37:24,20260921,10,4,1-5-3,83.0
2026-09-21 09:37:24,20260921,10,4,1-5-4,143.7
2026-09-21 09:37:24,20260921,10,4,1-5-6,129.2
2026-09-21 09:37:24,20260921,10,4,1-6-2,56.9
2026-09-21 09:37:24,20260921,10,4,1-6-3,22.0
2026-09-21 09:37:24,20260921,10,4,1-6-4,27.4
2026-09-21 09:37:24,20260921,10,4,1-6-5,154.0
2026-09-21 09:37:24,20260921,10,4,2-1-3,84.4
2026-09-21 09:37:24,20260921,10,4,2-1-4,105.8
2026-09-21 09:37:24,20260921,10,4,2-1-5,198.5
2026-09-21 09:37:24,20260921,10,4,2-1-6,136.6
2026-09-21 09:37:24,20260921,10,4,2-3-1,148.1
2026-09-21 09:37:24,20260921,10,4,2-3-4,229.3
2026-09-21 09:37:24,20260921,10,4,2-3-5,343.9
2026-09-21 09:37:24,20260921,10,4,2-3-6,321.0
2026-09-21 09:37:24,20260921,10,4,2-4-1,214.0
2026-09-21 09:37:24,20260921,10,4,2-4-3,148.1
2026-09-21 09:37:24,20260921,10,4,2-4-5,305.7
2026-09-21 09:37:24,20260921,10,4,2-4-6,253.4
2026-09-21 09:37:24,20260921,10,4,2-5-1,393.0
2026-09-21 09:37:24,20260921,10,4,2-5-3,493.8
2026-09-21 09:37:24,20260921,10,4,2-5-4,583.6
2026-09-21 09:37:24,20260921,10,4,2-5-6,469.7
2026-09-21 09:37:24,20260921,10,4,2-6-1,275.1
2026-09-21 09:37:24,20260921,10,4,2-6-3,506.8
2026-09-21 09:37:24,20260921,10,4,2-6-4,458.6
2026-09-21 09:37:24,20260921,10,4,2-6-5,535.0
2026-09-21 09:37:24,20260921,10,4,3-1-2,45.2
2026-09-21 09:37:24,20260921,10,4,3-1-4,19.7
2026-09-21 09:37:24,20260921,10,4,3-1-5,64.2
2026-09-21 09:37:24,20260921,10,4,3-1-6,24.9
2026-09-21 09:37:24,20260921,10,4,3-2-1,125.8
2026-09-21 09:37:24,20260921,10,4,3-2-4,124.2
2026-09-21 09:37:24,20260921,10,4,3-2-5,218.8
2026-09-21 09:37:24,20260921,10,4,3-2-6,178.3
2026-09-21 09:37:24,20260921,10,4,3-4-1,38.9
2026-09-21 09:37:24,20260921,10,4,3-4-2,107.6
2026-09-21 09:37:24,20260921,10,4,3-4-5,154.0
2026-09-21 09:37:24,20260921,10,4,3-4-6,46.6
2026-09-21 09:37:24,20260921,10,4,3-5-1,237.7
2026-09-21 09:37:24,20260921,10,4,3-5-2,223.9
2026-09-21 09:37:24,20260921,10,4,3-5-4,315.7
2026-09-21 09:37:24,20260921,10,4,3-5-6,291.8
2026-09-21 09:37:24,20260921,10,4,3-6-1,60.7
2026-09-21 09:37:24,20260921,10,4,3-6-2,176.7
2026-09-21 09:37:24,20260921,10,4,3-6-4,81.2
2026-09-21 09:37:24,20260921,10,4,3-6-5,279.1
2026-09-21 09:37:24,20260921,10,4,4-1-2,69.7
2026-09-21 09:37:24,20260921,10,4,4-1-3,39.1
2026-09-21 09:37:24,20260921,10,4,4-1-5,111.9
2026-09-21 09:37:24,20260921,10,4,4-1-6,40.7
2026-09-21 09:37:24,20260921,10,4,4-2-1,168.9
2026-09-21 09:37:24,20260921,10,4,4-2-3,246.9
2026-09-21 09:37:24,20260921,10,4,4-2-5,337.9
2026-09-21 09:37:24,20260921,10,4,4-2-6,229.3
2026-09-21 09:37:24,20260921,10,4,4-3-1,56.4
2026-09-21 09:37:24,20260921,10,4,4-3-2,204.9
2026-09-21 09:37:24,20260921,10,4,4-3-5,253.4
2026-09-21 09:37:24,20260921,10,4,4-3-6,73.7
2026-09-21 09:37:24,20260921,10,4,4-5-1,296.3
2026-09-21 09:37:24,20260921,10,4,4-5-2,343.9
2026-09-21 09:37:24,20260921,10,4,4-5-3,377.6
2026-09-21 09:37:24,20260921,10,4,4-5-6,223.9
2026-09-21 09:37:24,20260921,10,4,4-6-1,68.7
2026-09-21 09:37:24,20260921,10,4,4-6-2,163.2
2026-09-21 09:37:24,20260921,10,4,4-6-3,83.3
2026-09-21 09:37:24,20260921,10,4,4-6-5,202.7
2026-09-21 09:37:24,20260921,10,4,5-1-2,401.2
2026-09-21 09:37:24,20260921,10,4,5-1-3,279.1
2026-09-21 09:37:24,20260921,10,4,5-1-4,437.7
2026-09-21 09:37:24,20260921,10,4,5-1-6,260.2
2026-09-21 09:37:24,20260921,10,4,5-2-1,642.0
2026-09-21 09:37:24,20260921,10,4,5-2-3,256.8
2026-09-21 09:37:24,20260921,10,4,5-2-4,363.4
2026-09-21 09:37:24,20260921,10,4,5-2-6,350.2
2026-09-21 09:37:24,20260921,10,4,5-3-1,469.7
2026-09-21 09:37:24,20260921,10,4,5-3-2,337.9
2026-09-21 09:37:24,20260921,10,4,5-3-4,601.9
2026-09-21 09:37:24,20260921,10,4,5-3-6,481.5
2026-09-21 09:37:24,20260921,10,4,5-4-1,642.0
2026-09-21 09:37:24,20260921,10,4,5-4-2,621.3
2026-09-21 09:37:24,20260921,10,4,5-4-3,770.4
2026-09-21 09:37:24,20260921,10,4,5-4-6,437.7
2026-09-21 09:37:24,20260921,10,4,5-6-1,583.6
2026-09-21 09:37:24,20260921,10,4,5-6-2,437.7
2026-09-21 09:37:24,20260921,10,4,5-6-3,713.3
2026-09-21 09:37:24,20260921,10,4,5-6-4,428.0
2026-09-21 09:37:24,20260921,10,4,6-1-2,175.1
2026-09-21 09:37:24,20260921,10,4,6-1-3,82.6
2026-09-21 09:37:24,20260921,10,4,6-1-4,118.1
2026-09-21 09:37:24,20260921,10,4,6-1-5,377.6
2026-09-21 09:37:24,20260921,10,4,6-2-1,350.2
2026-09-21 09:37:24,20260921,10,4,6-2-3,550.3
2026-09-21 09:37:24,20260921,10,4,6-2-4,447.9
2026-09-21 09:37:24,20260921,10,4,6-2-5,875.5
2026-09-21 09:37:24,20260921,10,4,6-3-1,124.2
2026-09-21 09:37:24,20260921,10,4,6-3-2,481.5
2026-09-21 09:37:24,20260921,10,4,6-3-4,155.3
2026-09-21 09:37:24,20260921,10,4,6-3-5,601.9
2026-09-21 09:37:24,20260921,10,4,6-4-1,159.1
2026-09-21 09:37:24,20260921,10,4,6-4-2,385.2
2026-09-21 09:37:24,20260921,10,4,6-4-3,183.4
2026-09-21 09:37:24,20260921,10,4,6-4-5,493.8
2026-09-21 09:37:24,20260921,10,4,6-5-1,535.0
2026-09-21 09:37:24,20260921,10,4,6-5-2,802.5
2026-09-21 09:37:24,20260921,10,4,6-5-3,506.8
2026-09-21 09:37:24,20260921,10,4,6-5-4,469.7
2026-09-21 09:55:19,20260921,18,4,1-2-3,9.2
2026-09-21 09:55:19,20260921,18,4,1-2-4,6.7
2026-09-21 09:55:19,20260921,18,4,1-2-5,5.3
2026-09-21 09:55:19,20260921,18,4,1-2-6,30.7
2026-09-21 09:55:19,20260921,18,4,1-3-2,24.8
2026-09-21 09:55:19,20260921,18,4,1-3-4,53.1
2026-09-21 09:55:19,20260921,18,4,1-3-5,39.8
2026-09-21 09:55:19,20260921,18,4,1-3-6,109.8
2026-09-21 09:55:19,20260921,18,4,1-4-2,17.0
2026-09-21 09:55:19,20260921,18,4,1-4-3,55.8
2026-09-21 09:55:19,20260921,18,4,1-4-5,25.6
2026-09-21 09:55:19,20260921,18,4,1-4-6,69.6
2026-09-21 09:55:19,20260921,18,4,1-5-2,10.9
2026-09-21 09:55:19,20260921,18,4,1-5-3,36.7
2026-09-21 09:55:19,20260921,18,4,1-5-4,23.1
2026-09-21 09:55:19,20260921,18,4,1-5-6,51.6
2026-09-21 09:55:19,20260921,18,4,1-6-2,93.7
2026-09-21 09:55:19,20260921,18,4,1-6-3,236.1
2026-09-21 09:55:19,20260921,18,4,1-6-4,165.6
2026-09-21 09:55:19,20260921,18,4,1-6-5,171.6
2026-09-21 09:55:19,20260921,18,4,2-1-3,47.2
2026-09-21 09:55:19,20260921,18,4,2-1-4,32.1
2026-09-21 09:55:19,20260921,18,4,2-1-5,20.2
2026-09-21 09:55:19,20260921,18,4,2-1-6,93.7
2026-09-21 09:55:19,20260921,18,4,2-3-1,178.0
2026-09-21 09:55:19,20260921,18,4,2-3-4,378.3
2026-09-21 09:55:19,20260921,18,4,2-3-5,254.1
2026-09-21 09:55:19,20260921,18,4,2-3-6,449.9
2026-09-21 09:55:19,20260921,18,4,2-4-1,104.3
2026-09-21 09:55:19,20260921,18,4,2-4-3,382.6
2026-09-21 09:55:19,20260921,18,4,2-4-5,183.9
2026-09-21 09:55:19,20260921,18,4,2-4-6,387.1
2026-09-21 09:55:19,20260921,18,4,2-5-1,49.4
2026-09-21 09:55:19,20260921,18,4,2-5-3,248.4
2026-09-21 09:55:19,20260921,18,4,2-5-4,144.1
2026-09-21 09:55:19,20260921,18,4,2-5-6,365.8
2026-09-21 09:55:19,20260921,18,4,2-6-1,382.6
2026-09-21 09:55:19,20260921,18,4,2-6-3,832.3
2026-09-21 09:55:19,20260921,18,4,2-6-4,708.3
2026-09-21 09:55:19,20260921,18,4,2-6-5,774.2
2026-09-21 09:55:19,20260921,18,4,3-1-2,208.0
2026-09-21 09:55:19,20260921,18,4,3-1-4,260.1
2026-09-21 09:55:19,20260921,18,4,3-1-5,164.8
2026-09-21 09:55:19,20260921,18,4,3-1-6,374.0
2026-09-21 09:55:19,20260921,18,4,3-2-1,268.5
2026-09-21 09:55:19,20260921,18,4,3-2-4,449.9
2026-09-21 09:55:19,20260921,18,4,3-2-5,396.3
2026-09-21 09:55:19,20260921,18,4,3-2-6,853.7
2026-09-21 09:55:19,20260921,18,4,3-4-1,792.7
2026-09-21 09:55:19,20260921,18,4,3-4-2,679.4
2026-09-21 09:55:19,20260921,18,4,3-4-5,1148.0
2026-09-21 09:55:19,20260921,18,4,3-4-6,1189.0
2026-09-21 09:55:19,20260921,18,4,3-5-1,320.1
2026-09-21 09:55:19,20260921,18,4,3-5-2,537.0
2026-09-21 09:55:19,20260921,18,4,3-5-4,924.8
2026-09-21 09:55:19,20260921,18,4,3-5-6,1074.0
2026-09-21 09:55:19,20260921,18,4,3-6-1,1008.0
2026-09-21 09:55:19,20260921,18,4,3-6-2,1447.0
2026-09-21 09:55:19,20260921,18,4,3-6-4,1331.0
2026-09-21 09:55:19,20260921,18,4,3-6-5,1585.0
2026-09-21 09:55:19,20260921,18,4,4-1-2,106.0
2026-09-21 09:55:19,20260921,18,4,4-1-3,382.6
2026-09-21 09:55:19,20260921,18,4,4-1-5,120.1
2026-09-21 09:55:19,20260921,18,4,4-1-6,277.4
2026-09-21 09:55:19,20260921,18,4,4-2-1,172.5
2026-09-21 09:55:19,20260921,18,4,4-2-3,554.9
2026-09-21 09:55:19,20260921,18,4,4-2-5,228.0
2026-09-21 09:55:19,20260921,18,4,4-2-6,416.1
2026-09-21 09:55:19,20260921,18,4,4-3-1,832.3
2026-09-21 09:55:19,20260921,18,4,4-3-2,1447.0
2026-09-21 09:55:19,20260921,18,4,4-3-5,679.4
2026-09-21 09:55:19,20260921,18,4,4-3-6,1008.0
2026-09-21 09:55:19,20260921,18,4,4-5-1,182.9
2026-09-21 09:55:19,20260921,18,4,4-5-2,194.7
2026-09-21 09:55:19,20260921,18,4,4-5-3,475.6
2026-09-21 09:55:19,20260921,18,4,4-5-6,323.2
2026-09-21 09:55:19,20260921,18,4,4-6-1,899.8
2026-09-21 09:55:19,20260921,18,4,4-6-2,616.5
2026-09-21 09:55:19,20260921,18,4,4-6-3,1040.0
2026-09-21 09:55:19,20260921,18,4,4-6-5,1148.0
2026-09-21 09:55:19,20260921,18,4,5-1-2,34.8
2026-09-21 09:55:19,20260921,18,4,5-1-3,107.0
2026-09-21 09:55:19,20260921,18,4,5-1-4,99.0
2026-09-21 09:55:19,20260921,18,4,5-1-6,149.3
2026-09-21 09:55:19,20260921,18,4,5-2-1,56.7
2026-09-21 09:55:19,20260921,18,4,5-2-3,268.5
2026-09-21 09:55:19,20260921,18,4,5-2-4,192.4
2026-09-21 09:55:19,20260921,18,4,5-2-6,279.7
2026-09-21 09:55:19,20260921,18,4,5-3-1,401.1
2026-09-21 09:55:19,20260921,18,4,5-3-2,679.4
2026-09-21 09:55:19,20260921,18,4,5-3-4,979.2
2026-09-21 09:55:19,20260921,18,4,5-3-6,1447.0
2026-09-21 09:55:19,20260921,18,4,5-4-1,200.5
2026-09-21 09:55:19,20260921,18,4,5-4-2,241.2
2026-09-21 09:55:19,20260921,18,4,5-4-3,832.3
2026-09-21 09:55:19,20260921,18,4,5-4-6,537.0
2026-09-21 09:55:19,20260921,18,4,5-6-1,358.0
2026-09-21 09:55:19,20260921,18,4,5-6-2,421.4
2026-09-21 09:55:19,20260921,18,4,5-6-3,832.3
2026-09-21 09:55:19,20260921,18,4,5-6-4,628.2
2026-09-21 09:55:19,20260921,18,4,6-1-2,378.3
2026-09-21 09:55:19,20260921,18,4,6-1-3,853.7
2026-09-21 09:55:19,20260921,18,4,6-1-4,723.7
2026-09-21 09:55:19,20260921,18,4,6-1-5,564.3
2026-09-21 09:55:19,20260921,18,4,6-2-1,693.6
2026-09-21 09:55:19,20260921,18,4,6-2-3,792.7
2026-09-21 09:55:19,20260921,18,4,6-2-4,1008.0
2026-09-21 09:55:19,20260921,18,4,6-2-5,1189.0
2026-09-21 09:55:19,20260921,18,4,6-3-1,1447.0
2026-09-21 09:55:19,20260921,18,4,6-3-2,1109.0
2026-09-21 09:55:19,20260921,18,4,6-3-4,1148.0
2026-09-21 09:55:19,20260921,18,4,6-3-5,1849.0
2026-09-21 09:55:19,20260921,18,4,6-4-1,812.0
2026-09-21 09:55:19,20260921,18,4,6-4-2,1148.0
2026-09-21 09:55:19,20260921,18,4,6-4-3,1664.0
2026-09-21 09:55:19,20260921,18,4,6-4-5,1513.0
2026-09-21 09:55:19,20260921,18,4,6-5-1,616.5
2026-09-21 09:55:19,20260921,18,4,6-5-2,899.8
2026-09-21 09:55:19,20260921,18,4,6-5-3,1074.0
2026-09-21 09:55:19,20260921,18,4,6-5-4,853.7
2026-09-21 10:05:44,20260921,10,5,1-2-3,8.1
2026-09-21 10:05:44,20260921,10,5,1-2-4,12.1
2026-09-21 10:05:44,20260921,10,5,1-2-5,60.3
2026-09-21 10:05:44,20260921,10,5,1-2-6,156.3
2026-09-21 10:05:44,20260921,10,5,1-3-2,15.6
2026-09-21 10:05:44,20260921,10,5,1-3-4,32.0
2026-09-21 10:05:44,20260921,10,5,1-3-5,99.0
2026-09-21 10:05:44,20260921,10,5,1-3-6,273.1
2026-09-21 10:05:44,20260921,10,5,1-4-2,20.7
2026-09-21 10:05:44,20260921,10,5,1-4-3,47.8
2026-09-21 10:05:44,20260921,10,5,1-4-5,99.0
2026-09-21 10:05:44,20260921,10,5,1-4-6,207.3
2026-09-21 10:05:44,20260921,10,5,1-5-2,105.5
2026-09-21 10:05:44,20260921,10,5,1-5-3,115.5
2026-09-21 10:05:44,20260921,10,5,1-5-4,216.5
2026-09-21 10:05:44,20260921,10,5,1-5-6,487.2
2026-09-21 10:05:44,20260921,10,5,1-6-2,256.4
2026-09-21 10:05:44,20260921,10,5,1-6-3,411.7
2026-09-21 10:05:44,20260921,10,5,1-6-4,531.4
2026-09-21 10:05:44,20260921,10,5,1-6-5,621.9
2026-09-21 10:05:44,20260921,10,5,2-1-3,7.0
2026-09-21 10:05:44,20260921,10,5,2-1-4,11.1
2026-09-21 10:05:44,20260921,10,5,2-1-5,56.0
2026-09-21 10:05:44,20260921,10,5,2-1-6,130.5
2026-09-21 10:05:44,20260921,10,5,2-3-1,13.6
2026-09-21 10:05:44,20260921,10,5,2-3-4,21.0
2026-09-21 10:05:44,20260921,10,5,2-3-5,77.3
2026-09-21 10:05:44,20260921,10,5,2-3-6,275.7
2026-09-21 10:05:44,20260921,10,5,2-4-1,24.5
2026-09-21 10:05:44,20260921,10,5,2-4-3,29.3
2026-09-21 10:05:44,20260921,10,5,2-4-5,103.6
2026-09-21 10:05:44,20260921,10,5,2-4-6,208.8
2026-09-21 10:05:44,20260921,10,5,2-5-1,143.2
2026-09-21 10:05:44,20260921,10,5,2-5-3,189.8
2026-09-21 10:05:44,20260921,10,5,2-5-4,216.5
2026-09-21 10:05:44,20260921,10,5,2-5-6,406.0
2026-09-21 10:05:44,20260921,10,5,2-6-1,314.3
2026-09-21 10:05:44,20260921,10,5,2-6-3,679.8
2026-09-21 10:05:44,20260921,10,5,2-6-4,541.3
2026-09-21 10:05:44,20260921,10,5,2-6-5,696.0
2026-09-21 10:05:44,20260921,10,5,3-1-2,27.0
2026-09-21 10:05:44,20260921,10,5,3-1-4,69.1
2026-09-21 10:05:44,20260921,10,5,3-1-5,112.0
2026-09-21 10:05:44,20260921,10,5,3-1-6,400.4
2026-09-21 10:05:44,20260921,10,5,3-2-1,33.7
2026-09-21 10:05:44,20260921,10,5,3-2-4,55.6
2026-09-21 10:05:44,20260921,10,5,3-2-5,144.7
2026-09-21 10:05:44,20260921,10,5,3-2-6,395.0
2026-09-21 10:05:44,20260921,10,5,3-4-1,122.8
2026-09-21 10:05:44,20260921,10,5,3-4-2,86.2
2026-09-21 10:05:44,20260921,10,5,3-4-5,301.3
2026-09-21 10:05:44,20260921,10,5,3-4-6,835.2
2026-09-21 10:05:44,20260921,10,5,3-5-1,275.7
2026-09-21 10:05:44,20260921,10,5,3-5-2,265.7
2026-09-21 10:05:44,20260921,10,5,3-5-4,442.9
2026-09-21 10:05:44,20260921,10,5,3-5-6,562.1
2026-09-21 10:05:44,20260921,10,5,3-6-1,812.0
2026-09-21 10:05:44,20260921,10,5,3-6-2,649.6
2026-09-21 10:05:44,20260921,10,5,3-6-4,1169.0
2026-09-21 10:05:44,20260921,10,5,3-6-5,1082.0
2026-09-21 10:05:44,20260921,10,5,4-1-2,41.6
2026-09-21 10:05:44,20260921,10,5,4-1-3,76.9
2026-09-21 10:05:44,20260921,10,5,4-1-5,107.4
2026-09-21 10:05:44,20260921,10,5,4-1-6,232.0
2026-09-21 10:05:44,20260921,10,5,4-2-1,44.9
2026-09-21 10:05:44,20260921,10,5,4-2-3,57.2
2026-09-21 10:05:44,20260921,10,5,4-2-5,110.7
2026-09-21 10:05:44,20260921,10,5,4-2-6,239.6
2026-09-21 10:05:44,20260921,10,5,4-3-1,135.3
2026-09-21 10:05:44,20260921,10,5,4-3-2,100.4
2026-09-21 10:05:44,20260921,10,5,4-3-5,400.4
2026-09-21 10:05:44,20260921,10,5,4-3-6,1124.0
2026-09-21 10:05:44,20260921,10,5,4-5-1,180.4
2026-09-21 10:05:44,20260921,10,5,4-5-2,150.6
2026-09-21 10:05:44,20260921,10,5,4-5-3,442.9
2026-09-21 10:05:44,20260921,10,5,4-5-6,295.2
2026-09-21 10:05:44,20260921,10,5,4-6-1,1218.0
2026-09-21 10:05:44,20260921,10,5,4-6-2,411.7
2026-09-21 10:05:44,20260921,10,5,4-6-3,769.2
2026-09-21 10:05:44,20260921,10,5,4-6-5,1218.0
2026-09-21 10:05:44,20260921,10,5,5-1-2,286.5
2026-09-21 10:05:44,20260921,10,5,5-1-3,304.5
2026-09-21 10:05:44,20260921,10,5,5-1-4,573.1
2026-09-21 10:05:44,20260921,10,5,5-1-6,495.4
2026-09-21 10:05:44,20260921,10,5,5-2-1,456.7
2026-09-21 10:05:44,20260921,10,5,5-2-3,256.4
2026-09-21 10:05:44,20260921,10,5,5-2-4,304.5
2026-09-21 10:05:44,20260921,10,5,5-2-6,471.4
2026-09-21 10:05:44,20260921,10,5,5-3-1,479.2
2026-09-21 10:05:44,20260921,10,5,5-3-2,464.0
2026-09-21 10:05:44,20260921,10,5,5-3-4,885.8
2026-09-21 10:05:44,20260921,10,5,5-3-6,1044.0
2026-09-21 10:05:44,20260921,10,5,5-4-1,664.3
2026-09-21 10:05:44,20260921,10,5,5-4-2,429.8
2026-09-21 10:05:44,20260921,10,5,5-4-3,1218.0
2026-09-21 10:05:44,20260921,10,5,5-4-6,635.4
2026-09-21 10:05:44,20260921,10,5,5-6-1,1044.0
2026-09-21 10:05:44,20260921,10,5,5-6-2,531.4
2026-09-21 10:05:44,20260921,10,5,5-6-3,1082.0
2026-09-21 10:05:44,20260921,10,5,5-6-4,609.0
2026-09-21 10:05:44,20260921,10,5,6-1-2,417.6
2026-09-21 10:05:44,20260921,10,5,6-1-3,790.0
2026-09-21 10:05:44,20260921,10,5,6-1-4,1124.0
2026-09-21 10:05:44,20260921,10,5,6-1-5,885.8
2026-09-21 10:05:44,20260921,10,5,6-2-1,942.9
2026-09-21 10:05:44,20260921,10,5,6-2-3,696.0
2026-09-21 10:05:44,20260921,10,5,6-2-4,649.6
2026-09-21 10:05:44,20260921,10,5,6-2-5,1461.0
2026-09-21 10:05:44,20260921,10,5,6-3-1,1124.0
2026-09-21 10:05:44,20260921,10,5,6-3-2,1169.0
2026-09-21 10:05:44,20260921,10,5,6-3-4,1008.0
2026-09-21 10:05:44,20260921,10,5,6-3-5,1169.0
2026-09-21 10:05:44,20260921,10,5,6-4-1,1270.0
2026-09-21 10:05:44,20260921,10,5,6-4-2,812.0
2026-09-21 10:05:44,20260921,10,5,6-4-3,1624.0
2026-09-21 10:05:44,20260921,10,5,6-4-5,1328.0
2026-09-21 10:05:44,20260921,10,5,6-5-1,1218.0
2026-09-21 10:05:44,20260921,10,5,6-5-2,1328.0
2026-09-21 10:05:44,20260921,10,5,6-5-3,1461.0
2026-09-21 10:05:44,20260921,10,5,6-5-4,1218.0
2026-09-21 10:21:37,20260921,5,1,1-2-3,15.8
2026-09-21 10:21:37,20260921,5,1,1-2-4,12.1
2026-09-21 10:21:37,20260921,5,1,1-2-5,42.3
2026-09-21 10:21:37,20260921,5,1,1-2-6,32.2
2026-09-21 10:21:37,20260921,5,1,1-3-2,18.7
2026-09-21 10:21:37,20260921,5,1,1-3-4,14.8
2026-09-21 10:21:37,20260921,5,1,1-3-5,30.9
2026-09-21 10:21:37,20260921,5,1,1-3-6,40.2
2026-09-21 10:21:37,20260921,5,1,1-4-2,12.4
2026-09-21 10:21:37,20260921,5,1,1-4-3,18.2
2026-09-21 10:21:37,20260921,5,1,1-4-5,19.0
2026-09-21 10:21:37,20260921,5,1,1-4-6,16.1
2026-09-21 10:21:37,20260921,5,1,1-5-2,63.0
2026-09-21 10:21:37,20260921,5,1,1-5-3,62.2
2026-09-21 10:21:37,20260921,5,1,1-5-4,38.1
2026-09-21 10:21:37,20260921,5,1,1-5-6,68.5
2026-09-21 10:21:37,20260921,5,1,1-6-2,75.5
2026-09-21 10:21:37,20260921,5,1,1-6-3,94.4
2026-09-21 10:21:37,20260921,5,1,1-6-4,52.6
2026-09-21 10:21:37,20260921,5,1,1-6-5,120.4
2026-09-21 10:21:37,20260921,5,1,2-1-3,60.8
2026-09-21 10:21:37,20260921,5,1,2-1-4,45.3
2026-09-21 10:21:37,20260921,5,1,2-1-5,131.8
2026-09-21 10:21:37,20260921,5,1,2-1-6,94.6
2026-09-21 10:21:37,20260921,5,1,2-3-1,132.4
2026-09-21 10:21:37,20260921,5,1,2-3-4,192.5
2026-09-21 10:21:37,20260921,5,1,2-3-5,328.0
2026-09-21 10:21:37,20260921,5,1,2-3-6,236.5
2026-09-21 10:21:37,20260921,5,1,2-4-1,81.1
2026-09-21 10:21:37,20260921,5,1,2-4-3,197.8
2026-09-21 10:21:37,20260921,5,1,2-4-5,262.1
2026-09-21 10:21:37,20260921,5,1,2-4-6,154.7
2026-09-21 10:21:37,20260921,5,1,2-5-1,280.1
2026-09-21 10:21:37,20260921,5,1,2-5-3,450.2
2026-09-21 10:21:37,20260921,5,1,2-5-4,338.2
2026-09-21 10:21:37,20260921,5,1,2-5-6,435.2
2026-09-21 10:21:37,20260921,5,1,2-6-1,233.1
2026-09-21 10:21:37,20260921,5,1,2-6-3,341.8
2026-09-21 10:21:37,20260921,5,1,2-6-4,277.8
2026-09-21 10:21:37,20260921,5,1,2-6-5,498.3
2026-09-21 10:21:37,20260921,5,1,3-1-2,86.2
2026-09-21 10:21:37,20260921,5,1,3-1-4,78.2
2026-09-21 10:21:37,20260921,5,1,3-1-5,79.0
2026-09-21 10:21:37,20260921,5,1,3-1-6,151.8
2026-09-21 10:21:37,20260921,5,1,3-2-1,173.6
2026-09-21 10:21:37,20260921,5,1,3-2-4,190.8
2026-09-21 10:21:37,20260921,5,1,3-2-5,253.0
2026-09-21 10:21:37,20260921,5,1,3-2-6,240.9
2026-09-21 10:21:37,20260921,5,1,3-4-1,136.8
2026-09-21 10:21:37,20260921,5,1,3-4-2,251.0
2026-09-21 10:21:37,20260921,5,1,3-4-5,243.5
2026-09-21 10:21:37,20260921,5,1,3-4-6,258.0
2026-09-21 10:21:37,20260921,5,1,3-5-1,211.9
2026-09-21 10:21:37,20260921,5,1,3-5-2,336.5
2026-09-21 10:21:37,20260921,5,1,3-5-4,438.1
2026-09-21 10:21:37,20260921,5,1,3-5-6,450.2
2026-09-21 10:21:37,20260921,5,1,3-6-1,283.8
2026-09-21 10:21:37,20260921,5,1,3-6-2,328.0
2026-09-21 10:21:37,20260921,5,1,3-6-4,480.0
2026-09-21 10:21:37,20260921,5,1,3-6-5,487.1
2026-09-21 10:21:37,20260921,5,1,4-1-2,33.8
2026-09-21 10:21:37,20260921,5,1,4-1-3,72.5
2026-09-21 10:21:37,20260921,5,1,4-1-5,41.1
2026-09-21 10:21:37,20260921,5,1,4-1-6,34.3
2026-09-21 10:21:37,20260921,5,1,4-2-1,58.9
2026-09-21 10:21:37,20260921,5,1,4-2-3,222.8
2026-09-21 10:21:37,20260921,5,1,4-2-5,188.1
2026-09-21 10:21:37,20260921,5,1,4-2-6,91.6
2026-09-21 10:21:37,20260921,5,1,4-3-1,134.6
2026-09-21 10:21:37,20260921,5,1,4-3-2,246.3
2026-09-21 10:21:37,20260921,5,1,4-3-5,233.9
2026-09-21 10:21:37,20260921,5,1,4-3-6,228.2
2026-09-21 10:21:37,20260921,5,1,4-5-1,59.9
2026-09-21 10:21:37,20260921,5,1,4-5-2,131.3
2026-09-21 10:21:37,20260921,5,1,4-5-3,228.2
2026-09-21 10:21:37,20260921,5,1,4-5-6,68.9
2026-09-21 10:21:37,20260921,5,1,4-6-1,66.7
2026-09-21 10:21:37,20260921,5,1,4-6-2,98.6
2026-09-21 10:21:37,20260921,5,1,4-6-3,234.8
2026-09-21 10:21:37,20260921,5,1,4-6-5,98.4
2026-09-21 10:21:37,20260921,5,1,5-1-2,229.8
2026-09-21 10:21:37,20260921,5,1,5-1-3,192.0
2026-09-21 10:21:37,20260921,5,1,5-1-4,135.7
2026-09-21 10:21:37,20260921,5,1,5-1-6,166.5
2026-09-21 10:21:37,20260921,5,1,5-2-1,375.1
2026-09-21 10:21:37,20260921,5,1,5-2-3,413.1
2026-09-21 10:21:37,20260921,5,1,5-2-4,384.0
2026-09-21 10:21:37,20260921,5,1,5-2-6,244.5
2026-09-21 10:21:37,20260921,5,1,5-3-1,329.7
2026-09-21 10:21:37,20260921,5,1,5-3-2,514.0
2026-09-21 10:21:37,20260921,5,1,5-3-4,610.1
2026-09-21 10:21:37,20260921,5,1,5-3-6,588.1
2026-09-21 10:21:37,20260921,5,1,5-4-1,148.7
2026-09-21 10:21:37,20260921,5,1,5-4-2,315.3
2026-09-21 10:21:37,20260921,5,1,5-4-3,410.5
2026-09-21 10:21:37,20260921,5,1,5-4-6,178.8
2026-09-21 10:21:37,20260921,5,1,5-6-1,400.5
2026-09-21 10:21:37,20260921,5,1,5-6-2,557.9
2026-09-21 10:21:37,20260921,5,1,5-6-3,919.5
2026-09-21 10:21:37,20260921,5,1,5-6-4,360.6
2026-09-21 10:21:37,20260921,5,1,6-1-2,276.6
2026-09-21 10:21:37,20260921,5,1,6-1-3,476.5
2026-09-21 10:21:37,20260921,5,1,6-1-4,231.5
2026-09-21 10:21:37,20260921,5,1,6-1-5,577.7
2026-09-21 10:21:37,20260921,5,1,6-2-1,510.0
2026-09-21 10:21:37,20260921,5,1,6-2-3,487.1
2026-09-21 10:21:37,20260921,5,1,6-2-4,381.7
2026-09-21 10:21:37,20260921,5,1,6-2-5,870.4
2026-09-21 10:21:37,20260921,5,1,6-3-1,741.8
2026-09-21 10:21:37,20260921,5,1,6-3-2,553.2
2026-09-21 10:21:37,20260921,5,1,6-3-4,725.3
2026-09-21 10:21:37,20260921,5,1,6-3-5,1165.0
2026-09-21 10:21:37,20260921,5,1,6-4-1,208.5
2026-09-21 10:21:37,20260921,5,1,6-4-2,303.6
2026-09-21 10:21:37,20260921,5,1,6-4-3,687.2
2026-09-21 10:21:37,20260921,5,1,6-4-5,398.0
2026-09-21 10:21:37,20260921,5,1,6-5-1,826.3
2026-09-21 10:21:37,20260921,5,1,6-5-2,906.7
2026-09-21 10:21:37,20260921,5,1,6-5-3,759.1
2026-09-21 10:21:37,20260921,5,1,6-5-4,476.5
2026-09-21 10:21:47,20260921,18,5,1-2-3,16.9
2026-09-21 10:21:47,20260921,18,5,1-2-4,36.8
2026-09-21 10:21:47,20260921,18,5,1-2-5,18.1
2026-09-21 10:21:47,20260921,18,5,1-2-6,125.3
2026-09-21 10:21:47,20260921,18,5,1-3-2,11.3
2026-09-21 10:21:47,20260921,18,5,1-3-4,13.6
2026-09-21 10:21:47,20260921,18,5,1-3-5,5.2
2026-09-21 10:21:47,20260921,18,5,1-3-6,67.5
2026-09-21 10:21:47,20260921,18,5,1-4-2,37.8
2026-09-21 10:21:47,20260921,18,5,1-4-3,26.9
2026-09-21 10:21:47,20260921,18,5,1-4-5,24.3
2026-09-21 10:21:47,20260921,18,5,1-4-6,103.7
2026-09-21 10:21:47,20260921,18,5,1-5-2,16.9
2026-09-21 10:21:47,20260921,18,5,1-5-3,7.5
2026-09-21 10:21:47,20260921,18,5,1-5-4,23.8
2026-09-21 10:21:47,20260921,18,5,1-5-6,85.8
2026-09-21 10:21:47,20260921,18,5,1-6-2,183.2
2026-09-21 10:21:47,20260921,18,5,1-6-3,172.9
2026-09-21 10:21:47,20260921,18,5,1-6-4,203.1
2026-09-21 10:21:47,20260921,18,5,1-6-5,194.9
2026-09-21 10:21:47,20260921,18,5,2-1-3,87.5
2026-09-21 10:21:47,20260921,18,5,2-1-4,159.0
2026-09-21 10:21:47,20260921,18,5,2-1-5,119.1
2026-09-21 10:21:47,20260921,18,5,2-1-6,426.9
2026-09-21 10:21:47,20260921,18,5,2-3-1,169.4
2026-09-21 10:21:47,20260921,18,5,2-3-4,370.6
2026-09-21 10:21:47,20260921,18,5,2-3-5,295.8
2026-09-21 10:21:47,20260921,18,5,2-3-6,1297.0
2026-09-21 10:21:47,20260921,18,5,2-4-1,242.6
2026-09-21 10:21:47,20260921,18,5,2-4-3,392.1
2026-09-21 10:21:47,20260921,18,5,2-4-5,661.2
2026-09-21 10:21:47,20260921,18,5,2-4-6,562.0
2026-09-21 10:21:47,20260921,18,5,2-5-1,234.2
2026-09-21 10:21:47,20260921,18,5,2-5-3,344.1
2026-09-21 10:21:47,20260921,18,5,2-5-4,591.6
2026-09-21 10:21:47,20260921,18,5,2-5-6,591.6
2026-09-21 10:21:47,20260921,18,5,2-6-1,1053.0
2026-09-21 10:21:47,20260921,18,5,2-6-3,1204.0
2026-09-21 10:21:47,20260921,18,5,2-6-4,1087.0
2026-09-21 10:21:47,20260921,18,5,2-6-5,1605.0
2026-09-21 10:21:47,20260921,18,5,3-1-2,58.1
2026-09-21 10:21:47,20260921,18,5,3-1-4,56.3
2026-09-21 10:21:47,20260921,18,5,3-1-5,21.2
2026-09-21 10:21:47,20260921,18,5,3-1-6,208.1
2026-09-21 10:21:47,20260921,18,5,3-2-1,148.5
2026-09-21 10:21:47,20260921,18,5,3-2-4,312.2
2026-09-21 10:21:47,20260921,18,5,3-2-5,180.3
2026-09-21 10:21:47,20260921,18,5,3-2-6,552.8
2026-09-21 10:21:47,20260921,18,5,3-4-1,161.3
2026-09-21 10:21:47,20260921,18,5,3-4-2,330.6
2026-09-21 10:21:47,20260921,18,5,3-4-5,198.3
2026-09-21 10:21:47,20260921,18,5,3-4-6,636.3
2026-09-21 10:21:47,20260921,18,5,3-5-1,42.2
2026-09-21 10:21:47,20260921,18,5,3-5-2,160.5
2026-09-21 10:21:47,20260921,18,5,3-5-4,161.3
2026-09-21 10:21:47,20260921,18,5,3-5-6,396.7
2026-09-21 10:21:47,20260921,18,5,3-6-1,674.5
2026-09-21 10:21:47,20260921,18,5,3-6-2,1204.0
2026-09-21 10:21:47,20260921,18,5,3-6-4,1124.0
2026-09-21 10:21:47,20260921,18,5,3-6-5,784.3
2026-09-21 10:21:47,20260921,18,5,4-1-2,204.3
2026-09-21 10:21:47,20260921,18,5,4-1-3,143.5
2026-09-21 10:21:47,20260921,18,5,4-1-5,107.7
2026-09-21 10:21:47,20260921,18,5,4-1-6,358.7
2026-09-21 10:21:47,20260921,18,5,4-2-1,401.4
2026-09-21 10:21:47,20260921,18,5,4-2-3,503.3
2026-09-21 10:21:47,20260921,18,5,4-2-5,543.9
2026-09-21 10:21:47,20260921,18,5,4-2-6,591.6
2026-09-21 10:21:47,20260921,18,5,4-3-1,227.8
2026-09-21 10:21:47,20260921,18,5,4-3-2,591.6
2026-09-21 10:21:47,20260921,18,5,4-3-5,283.4
2026-09-21 10:21:47,20260921,18,5,4-3-6,717.5
2026-09-21 10:21:47,20260921,18,5,4-5-1,166.9
2026-09-21 10:21:47,20260921,18,5,4-5-2,337.2
2026-09-21 10:21:47,20260921,18,5,4-5-3,351.3
2026-09-21 10:21:47,20260921,18,5,4-5-6,443.7
2026-09-21 10:21:47,20260921,18,5,4-6-1,717.5
2026-09-21 10:21:47,20260921,18,5,4-6-2,749.4
2026-09-21 10:21:47,20260921,18,5,4-6-3,887.5
2026-09-21 10:21:47,20260921,18,5,4-6-5,1124.0
2026-09-21 10:21:47,20260921,18,5,5-1-2,73.9
2026-09-21 10:21:47,20260921,18,5,5-1-3,32.3
2026-09-21 10:21:47,20260921,18,5,5-1-4,95.8
2026-09-21 10:21:47,20260921,18,5,5-1-6,209.4
2026-09-21 10:21:47,20260921,18,5,5-2-1,161.3
2026-09-21 10:21:47,20260921,18,5,5-2-3,234.2
2026-09-21 10:21:47,20260921,18,5,5-2-4,358.7
2026-09-21 10:21:47,20260921,18,5,5-2-6,355.0
2026-09-21 10:21:47,20260921,18,5,5-3-1,53.3
2026-09-21 10:21:47,20260921,18,5,5-3-2,218.9
2026-09-21 10:21:47,20260921,18,5,5-3-4,200.7
2026-09-21 10:21:47,20260921,18,5,5-3-6,437.9
2026-09-21 10:21:47,20260921,18,5,5-4-1,216.1
2026-09-21 10:21:47,20260921,18,5,5-4-2,510.9
2026-09-21 10:21:47,20260921,18,5,5-4-3,406.3
2026-09-21 10:21:47,20260921,18,5,5-4-6,911.4
2026-09-21 10:21:47,20260921,18,5,5-6-1,411.2
2026-09-21 10:21:47,20260921,18,5,5-6-2,571.6
2026-09-21 10:21:47,20260921,18,5,5-6-3,661.2
2026-09-21 10:21:47,20260921,18,5,5-6-4,766.4
2026-09-21 10:21:47,20260921,18,5,6-1-2,495.9
2026-09-21 10:21:47,20260921,18,5,6-1-3,648.5
2026-09-21 10:21:47,20260921,18,5,6-1-4,581.4
2026-09-21 10:21:47,20260921,18,5,6-1-5,488.7
2026-09-21 10:21:47,20260921,18,5,6-2-1,963.5
2026-09-21 10:21:47,20260921,18,5,6-2-3,1249.0
2026-09-21 10:21:47,20260921,18,5,6-2-4,1405.0
2026-09-21 10:21:47,20260921,18,5,6-2-5,1466.0
2026-09-21 10:21:47,20260921,18,5,6-3-1,766.4
2026-09-21 10:21:47,20260921,18,5,6-3-2,1532.0
2026-09-21 10:21:47,20260921,18,5,6-3-4,887.5
2026-09-21 10:21:47,20260921,18,5,6-3-5,1053.0
2026-09-21 10:21:47,20260921,18,5,6-4-1,674.5
2026-09-21 10:21:47,20260921,18,5,6-4-2,1349.0
2026-09-21 10:21:47,20260921,18,5,6-4-3,1405.0
2026-09-21 10:21:47,20260921,18,5,6-4-5,1466.0
2026-09-21 10:21:47,20260921,18,5,6-5-1,535.3
2026-09-21 10:21:47,20260921,18,5,6-5-2,911.4
2026-09-21 10:21:47,20260921,18,5,6-5-3,822.5
2026-09-21 10:21:47,20260921,18,5,6-5-4,887.5
2026-09-21 10:27:10,20260921,9,1,1-2-3,5.3
2026-09-21 10:27:10,20260921,9,1,1-2-4,11.1
2026-09-21 10:27:10,20260921,9,1,1-2-5,19.7
2026-09-21 10:27:10,20260921,9,1,1-2-6,83.6
2026-09-21 10:27:10,20260921,9,1,1-3-2,8.3
2026-09-21 10:27:10,20260921,9,1,1-3-4,15.6
2026-09-21 10:27:10,20260921,9,1,1-3-5,19.3
2026-09-21 10:27:10,20260921,9,1,1-3-6,94.1
2026-09-21 10:27:10,20260921,9,1,1-4-2,20.9
2026-09-21 10:27:10,20260921,9,1,1-4-3,25.3
2026-09-21 10:27:10,20260921,9,1,1-4-5,49.1
2026-09-21 10:27:10,20260921,9,1,1-4-6,170.1
2026-09-21 10:27:10,20260921,9,1,1-5-2,35.2
2026-09-21 10:27:10,20260921,9,1,1-5-3,39.0
2026-09-21 10:27:10,20260921,9,1,1-5-4,66.6
2026-09-21 10:27:10,20260921,9,1,1-5-6,170.1
2026-09-21 10:27:10,20260921,9,1,1-6-2,132.3
2026-09-21 10:27:10,20260921,9,1,1-6-3,173.0
2026-09-21 10:27:10,20260921,9,1,1-6-4,187.5
2026-09-21 10:27:10,20260921,9,1,1-6-5,349.1
2026-09-21 10:27:10,20260921,9,1,2-1-3,28.9
2026-09-21 10:27:10,20260921,9,1,2-1-4,37.9
2026-09-21 10:27:10,20260921,9,1,2-1-5,64.7
2026-09-21 10:27:10,20260921,9,1,2-1-6,148.9
2026-09-21 10:27:10,20260921,9,1,2-3-1,61.5
2026-09-21 10:27:10,20260921,9,1,2-3-4,113.1
2026-09-21 10:27:10,20260921,9,1,2-3-5,141.6
2026-09-21 10:27:10,20260921,9,1,2-3-6,289.3
2026-09-21 10:27:10,20260921,9,1,2-4-1,87.2
2026-09-21 10:27:10,20260921,9,1,2-4-3,163.3
2026-09-21 10:27:10,20260921,9,1,2-4-5,213.1
2026-09-21 10:27:10,20260921,9,1,2-4-6,493.9
2026-09-21 10:27:10,20260921,9,1,2-5-1,144.6
2026-09-21 10:27:10,20260921,9,1,2-5-3,311.5
2026-09-21 10:27:10,20260921,9,1,2-5-4,277.4
2026-09-21 10:27:10,20260921,9,1,2-5-6,460.2
2026-09-21 10:27:10,20260921,9,1,2-6-1,361.6
2026-09-21 10:27:10,20260921,9,1,2-6-3,450.0
2026-09-21 10:27:10,20260921,9,1,2-6-4,632.8
2026-09-21 10:27:10,20260921,9,1,2-6-5,440.2
2026-09-21 10:27:10,20260921,9,1,3-1-2,42.7
2026-09-21 10:27:10,20260921,9,1,3-1-4,49.2
2026-09-21 10:27:10,20260921,9,1,3-1-5,58.7
2026-09-21 10:27:10,20260921,9,1,3-1-6,235.4
2026-09-21 10:27:10,20260921,9,1,3-2-1,72.3
2026-09-21 10:27:10,20260921,9,1,3-2-4,150.0
2026-09-21 10:27:10,20260921,9,1,3-2-5,148.9
2026-09-21 10:27:10,20260921,9,1,3-2-6,349.1
2026-09-21 10:27:10,20260921,9,1,3-4-1,91.6
2026-09-21 10:27:10,20260921,9,1,3-4-2,177.6
2026-09-21 10:27:10,20260921,9,1,3-4-5,177.6
2026-09-21 10:27:10,20260921,9,1,3-4-6,389.4
2026-09-21 10:27:10,20260921,9,1,3-5-1,129.8
2026-09-21 10:27:10,20260921,9,1,3-5-2,202.5
2026-09-21 10:27:10,20260921,9,1,3-5-4,235.4
2026-09-21 10:27:10,20260921,9,1,3-5-6,460.2
2026-09-21 10:27:10,20260921,9,1,3-6-1,493.9
2026-09-21 10:27:10,20260921,9,1,3-6-2,547.3
2026-09-21 10:27:10,20260921,9,1,3-6-4,613.7
2026-09-21 10:27:10,20260921,9,1,3-6-5,430.8
2026-09-21 10:27:10,20260921,9,1,4-1-2,61.3
2026-09-21 10:27:10,20260921,9,1,4-1-3,73.3
2026-09-21 10:27:10,20260921,9,1,4-1-5,100.2
2026-09-21 10:27:10,20260921,9,1,4-1-6,244.0
2026-09-21 10:27:10,20260921,9,1,4-2-1,92.4
2026-09-21 10:27:10,20260921,9,1,4-2-3,176.1
2026-09-21 10:27:10,20260921,9,1,4-2-5,192.8
2026-09-21 10:27:10,20260921,9,1,4-2-6,349.1
2026-09-21 10:27:10,20260921,9,1,4-3-1,119.8
2026-09-21 10:27:10,20260921,9,1,4-3-2,202.5
2026-09-21 10:27:10,20260921,9,1,4-3-5,210.9
2026-09-21 10:27:10,20260921,9,1,4-3-6,281.2
2026-09-21 10:27:10,20260921,9,1,4-5-1,129.8
2026-09-21 10:27:10,20260921,9,1,4-5-2,217.7
2026-09-21 10:27:10,20260921,9,1,4-5-3,250.0
2026-09-21 10:27:10,20260921,9,1,4-5-6,343.2
2026-09-21 10:27:10,20260921,9,1,4-6-1,460.2
2026-09-21 10:27:10,20260921,9,1,4-6-2,343.2
2026-09-21 10:27:10,20260921,9,1,4-6-3,355.3
2026-09-21 10:27:10,20260921,9,1,4-6-5,519.2
2026-09-21 10:27:10,20260921,9,1,5-1-2,112.5
2026-09-21 10:27:10,20260921,9,1,5-1-3,129.8
2026-09-21 10:27:10,20260921,9,1,5-1-4,179.2
2026-09-21 10:27:10,20260921,9,1,5-1-6,311.5
2026-09-21 10:27:10,20260921,9,1,5-2-1,160.7
2026-09-21 10:27:10,20260921,9,1,5-2-3,215.4
2026-09-21 10:27:10,20260921,9,1,5-2-4,241.0
2026-09-21 10:27:10,20260921,9,1,5-2-6,316.4
2026-09-21 10:27:10,20260921,9,1,5-3-1,210.9
2026-09-21 10:27:10,20260921,9,1,5-3-2,311.5
2026-09-21 10:27:10,20260921,9,1,5-3-4,332.0
2026-09-21 10:27:10,20260921,9,1,5-3-6,595.6
2026-09-21 10:27:10,20260921,9,1,5-4-1,227.5
2026-09-21 10:27:10,20260921,9,1,5-4-2,382.1
2026-09-21 10:27:10,20260921,9,1,5-4-3,337.5
2026-09-21 10:27:10,20260921,9,1,5-4-6,532.9
2026-09-21 10:27:10,20260921,9,1,5-6-1,595.6
2026-09-21 10:27:10,20260921,9,1,5-6-2,430.8
2026-09-21 10:27:10,20260921,9,1,5-6-3,653.2
2026-09-21 10:27:10,20260921,9,1,5-6-4,532.9
2026-09-21 10:27:10,20260921,9,1,6-1-2,293.5
2026-09-21 10:27:10,20260921,9,1,6-1-3,519.2
2026-09-21 10:27:10,20260921,9,1,6-1-4,595.6
2026-09-21 10:27:10,20260921,9,1,6-1-5,698.3
2026-09-21 10:27:10,20260921,9,1,6-2-1,421.9
2026-09-21 10:27:10,20260921,9,1,6-2-3,698.3
2026-09-21 10:27:10,20260921,9,1,6-2-4,675.0
2026-09-21 10:27:10,20260921,9,1,6-2-5,810.0
2026-09-21 10:27:10,20260921,9,1,6-3-1,1012.0
2026-09-21 10:27:10,20260921,9,1,6-3-2,778.9
2026-09-21 10:27:10,20260921,9,1,6-3-4,493.9
2026-09-21 10:27:10,20260921,9,1,6-3-5,1191.0
2026-09-21 10:27:10,20260921,9,1,6-4-1,1065.0
2026-09-21 10:27:10,20260921,9,1,6-4-2,880.5
2026-09-21 10:27:10,20260921,9,1,6-4-3,675.0
2026-09-21 10:27:10,20260921,9,1,6-4-5,1065.0
2026-09-21 10:27:10,20260921,9,1,6-5-1,880.5
2026-09-21 10:27:10,20260921,9,1,6-5-2,964.3
2026-09-21 10:27:10,20260921,9,1,6-5-3,698.3
2026-09-21 10:27:10,20260921,9,1,6-5-4,1125.0
2026-09-21 10:27:20,20260921,13,1,1-2-3,10.2
2026-09-21 10:27:20,20260921,13,1,1-2-4,26.5
2026-09-21 10:27:20,20260921,13,1,1-2-5,73.0
2026-09-21 10:27:20,20260921,13,1,1-2-6,110.6
2026-09-21 10:27:20,20260921,13,1,1-3-2,9.4
2026-09-21 10:27:20,20260921,13,1,1-3-4,8.9
2026-09-21 10:27:20,20260921,13,1,1-3-5,33.8
2026-09-21 10:27:20,20260921,13,1,1-3-6,59.8
2026-09-21 10:27:20,20260921,13,1,1-4-2,33.4
2026-09-21 10:27:20,20260921,13,1,1-4-3,22.0
2026-09-21 10:27:20,20260921,13,1,1-4-5,98.0
2026-09-21 10:27:20,20260921,13,1,1-4-6,183.4
2026-09-21 10:27:20,20260921,13,1,1-5-2,109.4
2026-09-21 10:27:20,20260921,13,1,1-5-3,76.4
2026-09-21 10:27:20,20260921,13,1,1-5-4,140.4
2026-09-21 10:27:20,20260921,13,1,1-5-6,300.1
2026-09-21 10:27:20,20260921,13,1,1-6-2,154.7
2026-09-21 10:27:20,20260921,13,1,1-6-3,152.3
2026-09-21 10:27:20,20260921,13,1,1-6-4,144.5
2026-09-21 10:27:20,20260921,13,1,1-6-5,235.8
2026-09-21 10:27:20,20260921,13,1,2-1-3,22.5
2026-09-21 10:27:20,20260921,13,1,2-1-4,53.9
2026-09-21 10:27:20,20260921,13,1,2-1-5,161.0
2026-09-21 10:27:20,20260921,13,1,2-1-6,185.1
2026-09-21 10:27:20,20260921,13,1,2-3-1,33.9
2026-09-21 10:27:20,20260921,13,1,2-3-4,68.3
2026-09-21 10:27:20,20260921,13,1,2-3-5,150.0
2026-09-21 10:27:20,20260921,13,1,2-3-6,275.1
2026-09-21 10:27:20,20260921,13,1,2-4-1,102.1
2026-09-21 10:27:20,20260921,13,1,2-4-3,106.5
2026-09-21 10:27:20,20260921,13,1,2-4-5,295.6
2026-09-21 10:27:20,20260921,13,1,2-4-6,353.7
2026-09-21 10:27:20,20260921,13,1,2-5-1,244.5
2026-09-21 10:27:20,20260921,13,1,2-5-3,257.2
2026-09-21 10:27:20,20260921,13,1,2-5-4,507.9
2026-09-21 10:27:20,20260921,13,1,2-5-6,483.1
2026-09-21 10:27:20,20260921,13,1,2-6-1,396.1
2026-09-21 10:27:20,20260921,13,1,2-6-3,825.3
2026-09-21 10:27:20,20260921,13,1,2-6-4,707.4
2026-09-21 10:27:20,20260921,13,1,2-6-5,1100.0
2026-09-21 10:27:20,20260921,13,1,3-1-2,14.2
2026-09-21 10:27:20,20260921,13,1,3-1-4,13.4
2026-09-21 10:27:20,20260921,13,1,3-1-5,38.6
2026-09-21 10:27:20,20260921,13,1,3-1-6,73.9
2026-09-21 10:27:20,20260921,13,1,3-2-1,24.8
2026-09-21 10:27:20,20260921,13,1,3-2-4,38.8
2026-09-21 10:27:20,20260921,13,1,3-2-5,100.5
2026-09-21 10:27:20,20260921,13,1,3-2-6,134.7
2026-09-21 10:27:20,20260921,13,1,3-4-1,27.9
2026-09-21 10:27:20,20260921,13,1,3-4-2,35.7
2026-09-21 10:27:20,20260921,13,1,3-4-5,68.5
2026-09-21 10:27:20,20260921,13,1,3-4-6,137.5
2026-09-21 10:27:20,20260921,13,1,3-5-1,81.5
2026-09-21 10:27:20,20260921,13,1,3-5-2,143.5
2026-09-21 10:27:20,20260921,13,1,3-5-4,117.9
2026-09-21 10:27:20,20260921,13,1,3-5-6,366.8
2026-09-21 10:27:20,20260921,13,1,3-6-1,235.8
2026-09-21 10:27:20,20260921,13,1,3-6-2,683.0
2026-09-21 10:27:20,20260921,13,1,3-6-4,279.0
2026-09-21 10:27:20,20260921,13,1,3-6-5,582.6
2026-09-21 10:27:20,20260921,13,1,4-1-2,85.0
2026-09-21 10:27:20,20260921,13,1,4-1-3,62.6
2026-09-21 10:27:20,20260921,13,1,4-1-5,126.1
2026-09-21 10:27:20,20260921,13,1,4-1-6,319.5
2026-09-21 10:27:20,20260921,13,1,4-2-1,104.2
2026-09-21 10:27:20,20260921,13,1,4-2-3,144.5
2026-09-21 10:27:20,20260921,13,1,4-2-5,267.6
2026-09-21 10:27:20,20260921,13,1,4-2-6,460.6
2026-09-21 10:27:20,20260921,13,1,4-3-1,62.6
2026-09-21 10:27:20,20260921,13,1,4-3-2,71.2
2026-09-21 10:27:20,20260921,13,1,4-3-5,143.5
2026-09-21 10:27:20,20260921,13,1,4-3-6,295.6
2026-09-21 10:27:20,20260921,13,1,4-5-1,291.3
2026-09-21 10:27:20,20260921,13,1,4-5-2,279.0
2026-09-21 10:27:20,20260921,13,1,4-5-3,225.1
2026-09-21 10:27:20,20260921,13,1,4-5-6,309.5
2026-09-21 10:27:20,20260921,13,1,4-6-1,900.4
2026-09-21 10:27:20,20260921,13,1,4-6-2,600.2
2026-09-21 10:27:20,20260921,13,1,4-6-3,683.0
2026-09-21 10:27:20,20260921,13,1,4-6-5,990.4
2026-09-21 10:27:20,20260921,13,1,5-1-2,366.8
2026-09-21 10:27:20,20260921,13,1,5-1-3,162.3
2026-09-21 10:27:20,20260921,13,1,5-1-4,347.5
2026-09-21 10:27:20,20260921,13,1,5-1-6,396.1
2026-09-21 10:27:20,20260921,13,1,5-2-1,421.4
2026-09-21 10:27:20,20260921,13,1,5-2-3,388.4
2026-09-21 10:27:20,20260921,13,1,5-2-4,550.2
2026-09-21 10:27:20,20260921,13,1,5-2-6,535.3
2026-09-21 10:27:20,20260921,13,1,5-3-1,170.7
2026-09-21 10:27:20,20260921,13,1,5-3-2,388.4
2026-09-21 10:27:20,20260921,13,1,5-3-4,324.7
2026-09-21 10:27:20,20260921,13,1,5-3-6,565.9
2026-09-21 10:27:20,20260921,13,1,5-4-1,483.1
2026-09-21 10:27:20,20260921,13,1,5-4-2,660.3
2026-09-21 10:27:20,20260921,13,1,5-4-3,565.9
2026-09-21 10:27:20,20260921,13,1,5-4-6,396.1
2026-09-21 10:27:20,20260921,13,1,5-6-1,792.3
2026-09-21 10:27:20,20260921,13,1,5-6-2,660.3
2026-09-21 10:27:20,20260921,13,1,5-6-3,900.4
2026-09-21 10:27:20,20260921,13,1,5-6-4,792.3
2026-09-21 10:27:20,20260921,13,1,6-1-2,440.2
2026-09-21 10:27:20,20260921,13,1,6-1-3,440.2
2026-09-21 10:27:20,20260921,13,1,6-1-4,619.0
2026-09-21 10:27:20,20260921,13,1,6-1-5,761.8
2026-09-21 10:27:20,20260921,13,1,6-2-1,639.0
2026-09-21 10:27:20,20260921,13,1,6-2-3,550.2
2026-09-21 10:27:20,20260921,13,1,6-2-4,483.1
2026-09-21 10:27:20,20260921,13,1,6-2-5,1100.0
2026-09-21 10:27:20,20260921,13,1,6-3-1,761.8
2026-09-21 10:27:20,20260921,13,1,6-3-2,1165.0
2026-09-21 10:27:20,20260921,13,1,6-3-4,360.1
2026-09-21 10:27:20,20260921,13,1,6-3-5,1980.0
2026-09-21 10:27:20,20260921,13,1,6-4-1,1320.0
2026-09-21 10:27:20,20260921,13,1,6-4-2,990.4
2026-09-21 10:27:20,20260921,13,1,6-4-3,861.2
2026-09-21 10:27:20,20260921,13,1,6-4-5,1238.0
2026-09-21 10:27:20,20260921,13,1,6-5-1,1414.0
2026-09-21 10:27:20,20260921,13,1,6-5-2,1238.0
2026-09-21 10:27:20,20260921,13,1,6-5-3,1523.0
2026-09-21 10:27:20,20260921,13,1,6-5-4,1165.0
2026-09-21 10:30:00,20260921,17,1,1-2-3,7.5
2026-09-21 10:30:00,20260921,17,1,1-2-4,9.2
2026-09-21 10:30:00,20260921,17,1,1-2-5,93.1
2026-09-21 10:30:00,20260921,17,1,1-2-6,22.3
2026-09-21 10:30:00,20260921,17,1,1-3-2,7.4
2026-09-21 10:30:00,20260921,17,1,1-3-4,8.3
2026-09-21 10:30:00,20260921,17,1,1-3-5,76.9
2026-09-21 10:30:00,20260921,17,1,1-3-6,22.4
2026-09-21 10:30:00,20260921,17,1,1-4-2,12.8
2026-09-21 10:30:00,20260921,17,1,1-4-3,14.5
2026-09-21 10:30:00,20260921,17,1,1-4-5,105.0
2026-09-21 10:30:00,20260921,17,1,1-4-6,24.7
2026-09-21 10:30:00,20260921,17,1,1-5-2,244.6
2026-09-21 10:30:00,20260921,17,1,1-5-3,252.1
2026-09-21 10:30:00,20260921,17,1,1-5-4,266.8
2026-09-21 10:30:00,20260921,17,1,1-5-6,339.6
2026-09-21 10:30:00,20260921,17,1,1-6-2,48.2
2026-09-21 10:30:00,20260921,17,1,1-6-3,59.7
2026-09-21 10:30:00,20260921,17,1,1-6-4,58.7
2026-09-21 10:30:00,20260921,17,1,1-6-5,215.1
2026-09-21 10:30:00,20260921,17,1,2-1-3,35.5
2026-09-21 10:30:00,20260921,17,1,2-1-4,43.8
2026-09-21 10:30:00,20260921,17,1,2-1-5,297.7
2026-09-21 10:30:00,20260921,17,1,2-1-6,97.3
2026-09-21 10:30:00,20260921,17,1,2-3-1,63.0
2026-09-21 10:30:00,20260921,17,1,2-3-4,99.2
2026-09-21 10:30:00,20260921,17,1,2-3-5,446.6
2026-09-21 10:30:00,20260921,17,1,2-3-6,164.3
2026-09-21 10:30:00,20260921,17,1,2-4-1,75.1
2026-09-21 10:30:00,20260921,17,1,2-4-3,134.2
2026-09-21 10:30:00,20260921,17,1,2-4-5,578.7
2026-09-21 10:30:00,20260921,17,1,2-4-6,161.7
2026-09-21 10:30:00,20260921,17,1,2-5-1,533.6
2026-09-21 10:30:00,20260921,17,1,2-5-3,733.8
2026-09-21 10:30:00,20260921,17,1,2-5-4,805.7
2026-09-21 10:30:00,20260921,17,1,2-5-6,933.9
2026-09-21 10:30:00,20260921,17,1,2-6-1,253.6
2026-09-21 10:30:00,20260921,17,1,2-6-3,398.9
2026-09-21 10:30:00,20260921,17,1,2-6-4,336.8
2026-09-21 10:30:00,20260921,17,1,2-6-5,1174.0
2026-09-21 10:30:00,20260921,17,1,3-1-2,38.3
2026-09-21 10:30:00,20260921,17,1,3-1-4,39.7
2026-09-21 10:30:00,20260921,17,1,3-1-5,190.2
2026-09-21 10:30:00,20260921,17,1,3-1-6,99.4
2026-09-21 10:30:00,20260921,17,1,3-2-1,72.9
2026-09-21 10:30:00,20260921,17,1,3-2-4,115.7
2026-09-21 10:30:00,20260921,17,1,3-2-5,562.9
2026-09-21 10:30:00,20260921,17,1,3-2-6,192.0
2026-09-21 10:30:00,20260921,17,1,3-4-1,75.8
2026-09-21 10:30:00,20260921,17,1,3-4-2,139.7
2026-09-21 10:30:00,20260921,17,1,3-4-5,805.7
2026-09-21 10:30:00,20260921,17,1,3-4-6,198.5
2026-09-21 10:30:00,20260921,17,1,3-5-1,489.2
2026-09-21 10:30:00,20260921,17,1,3-5-2,495.0
2026-09-21 10:30:00,20260921,17,1,3-5-4,913.1
2026-09-21 10:30:00,20260921,17,1,3-5-6,1053.0
2026-09-21 10:30:00,20260921,17,1,3-6-1,270.3
2026-09-21 10:30:00,20260921,17,1,3-6-2,241.7
2026-09-21 10:30:00,20260921,17,1,3-6-4,342.4
2026-09-21 10:30:00,20260921,17,1,3-6-5,1369.0
2026-09-21 10:30:00,20260921,17,1,4-1-2,46.6
2026-09-21 10:30:00,20260921,17,1,4-1-3,65.8
2026-09-21 10:30:00,20260921,17,1,4-1-5,266.8
2026-09-21 10:30:00,20260921,17,1,4-1-6,109.5
2026-09-21 10:30:00,20260921,17,1,4-2-1,81.8
2026-09-21 10:30:00,20260921,17,1,4-2-3,204.4
2026-09-21 10:30:00,20260921,17,1,4-2-5,578.7
2026-09-21 10:30:00,20260921,17,1,4-2-6,173.3
2026-09-21 10:30:00,20260921,17,1,4-3-1,102.9
2026-09-21 10:30:00,20260921,17,1,4-3-2,228.2
2026-09-21 10:30:00,20260921,17,1,4-3-5,893.3
2026-09-21 10:30:00,20260921,17,1,4-3-6,293.5
2026-09-21 10:30:00,20260921,17,1,4-5-1,533.6
2026-09-21 10:30:00,20260921,17,1,4-5-2,708.5
2026-09-21 10:30:00,20260921,17,1,4-5-3,913.1
2026-09-21 10:30:00,20260921,17,1,4-5-6,570.7
2026-09-21 10:30:00,20260921,17,1,4-6-1,220.9
2026-09-21 10:30:00,20260921,17,1,4-6-2,263.4
2026-09-21 10:30:00,20260921,17,1,4-6-3,441.8
2026-09-21 10:30:00,20260921,17,1,4-6-5,775.3
2026-09-21 10:30:00,20260921,17,1,5-1-2,604.3
2026-09-21 10:30:00,20260921,17,1,5-1-3,595.5
2026-09-21 10:30:00,20260921,17,1,5-1-4,555.3
2026-09-21 10:30:00,20260921,17,1,5-1-6,684.8
2026-09-21 10:30:00,20260921,17,1,5-2-1,570.7
2026-09-21 10:30:00,20260921,17,1,5-2-3,856.1
2026-09-21 10:30:00,20260921,17,1,5-2-4,708.5
2026-09-21 10:30:00,20260921,17,1,5-2-6,805.7
2026-09-21 10:30:00,20260921,17,1,5-3-1,760.9
2026-09-21 10:30:00,20260921,17,1,5-3-2,1369.0
2026-09-21 10:30:00,20260921,17,1,5-3-4,1521.0
2026-09-21 10:30:00,20260921,17,1,5-3-6,1284.0
2026-09-21 10:30:00,20260921,17,1,5-4-1,856.1
2026-09-21 10:30:00,20260921,17,1,5-4-2,1053.0
2026-09-21 10:30:00,20260921,17,1,5-4-3,1643.0
2026-09-21 10:30:00,20260921,17,1,5-4-6,720.9
2026-09-21 10:30:00,20260921,17,1,5-6-1,955.6
2026-09-21 10:30:00,20260921,17,1,5-6-2,933.9
2026-09-21 10:30:00,20260921,17,1,5-6-3,1110.0
2026-09-21 10:30:00,20260921,17,1,5-6-4,775.3
2026-09-21 10:30:00,20260921,17,1,6-1-2,171.9
2026-09-21 10:30:00,20260921,17,1,6-1-3,304.3
2026-09-21 10:30:00,20260921,17,1,6-1-4,357.3
2026-09-21 10:30:00,20260921,17,1,6-1-5,933.9
2026-09-21 10:30:00,20260921,17,1,6-2-1,334.0
2026-09-21 10:30:00,20260921,17,1,6-2-3,747.1
2026-09-21 10:30:00,20260921,17,1,6-2-4,622.6
2026-09-21 10:30:00,20260921,17,1,6-2-5,1208.0
2026-09-21 10:30:00,20260921,17,1,6-3-1,520.1
2026-09-21 10:30:00,20260921,17,1,6-3-2,533.6
2026-09-21 10:30:00,20260921,17,1,6-3-4,432.5
2026-09-21 10:30:00,20260921,17,1,6-3-5,1325.0
2026-09-21 10:30:00,20260921,17,1,6-4-1,466.9
2026-09-21 10:30:00,20260921,17,1,6-4-2,562.9
2026-09-21 10:30:00,20260921,17,1,6-4-3,595.5
2026-09-21 10:30:00,20260921,17,1,6-4-5,1284.0
2026-09-21 10:30:00,20260921,17,1,6-5-1,1081.0
2026-09-21 10:30:00,20260921,17,1,6-5-2,1110.0
2026-09-21 10:30:00,20260921,17,1,6-5-3,955.6
2026-09-21 10:30:00,20260921,17,1,6-5-4,933.9
2026-09-21 10:37:57,20260921,10,6,1-2-3,65.4
2026-09-21 10:37:57,20260921,10,6,1-2-4,91.3
2026-09-21 10:37:57,20260921,10,6,1-2-5,39.8
2026-09-21 10:37:57,20260921,10,6,1-2-6,22.5
2026-09-21 10:37:57,20260921,10,6,1-3-2,86.7
2026-09-21 10:37:57,20260921,10,6,1-3-4,151.0
2026-09-21 10:37:57,20260921,10,6,1-3-5,88.0
2026-09-21 10:37:57,20260921,10,6,1-3-6,78.4
2026-09-21 10:37:57,20260921,10,6,1-4-2,135.9
2026-09-21 10:37:57,20260921,10,6,1-4-3,186.7
2026-09-21 10:37:57,20260921,10,6,1-4-5,166.4
2026-09-21 10:37:57,20260921,10,6,1-4-6,135.9
2026-09-21 10:37:57,20260921,10,6,1-5-2,57.7
2026-09-21 10:37:57,20260921,10,6,1-5-3,69.9
2026-09-21 10:37:57,20260921,10,6,1-5-4,151.0
2026-09-21 10:37:57,20260921,10,6,1-5-6,28.4
2026-09-21 10:37:57,20260921,10,6,1-6-2,20.4
2026-09-21 10:37:57,20260921,10,6,1-6-3,60.5
2026-09-21 10:37:57,20260921,10,6,1-6-4,97.8
2026-09-21 10:37:57,20260921,10,6,1-6-5,18.9
2026-09-21 10:37:57,20260921,10,6,2-1-3,89.6
2026-09-21 10:37:57,20260921,10,6,2-1-4,140.6
2026-09-21 10:37:57,20260921,10,6,2-1-5,59.1
2026-09-21 10:37:57,20260921,10,6,2-1-6,33.2
2026-09-21 10:37:57,20260921,10,6,2-3-1,148.2
2026-09-21 10:37:57,20260921,10,6,2-3-4,216.5
2026-09-21 10:37:57,20260921,10,6,2-3-5,192.6
2026-09-21 10:37:57,20260921,10,6,2-3-6,153.8
2026-09-21 10:37:57,20260921,10,6,2-4-1,271.8
2026-09-21 10:37:57,20260921,10,6,2-4-3,181.2
2026-09-21 10:37:57,20260921,10,6,2-4-5,394.6
2026-09-21 10:37:57,20260921,10,6,2-4-6,182.6
2026-09-21 10:37:57,20260921,10,6,2-5-1,87.7
2026-09-21 10:37:57,20260921,10,6,2-5-3,186.7
2026-09-21 10:37:57,20260921,10,6,2-5-4,233.0
2026-09-21 10:37:57,20260921,10,6,2-5-6,31.6
2026-09-21 10:37:57,20260921,10,6,2-6-1,45.2
2026-09-21 10:37:57,20260921,10,6,2-6-3,118.7
2026-09-21 10:37:57,20260921,10,6,2-6-4,117.0
2026-09-21 10:37:57,20260921,10,6,2-6-5,26.8
2026-09-21 10:37:57,20260921,10,6,3-1-2,152.9
2026-09-21 10:37:57,20260921,10,6,3-1-4,167.5
2026-09-21 10:37:57,20260921,10,6,3-1-5,83.7
2026-09-21 10:37:57,20260921,10,6,3-1-6,124.2
2026-09-21 10:37:57,20260921,10,6,3-2-1,218.4
2026-09-21 10:37:57,20260921,10,6,3-2-4,172.3
2026-09-21 10:37:57,20260921,10,6,3-2-5,157.8
2026-09-21 10:37:57,20260921,10,6,3-2-6,152.9
2026-09-21 10:37:57,20260921,10,6,3-4-1,421.8
2026-09-21 10:37:57,20260921,10,6,3-4-2,335.1
2026-09-21 10:37:57,20260921,10,6,3-4-5,582.5
2026-09-21 10:37:57,20260921,10,6,3-4-6,479.7
2026-09-21 10:37:57,20260921,10,6,3-5-1,121.7
2026-09-21 10:37:57,20260921,10,6,3-5-2,194.1
2026-09-21 10:37:57,20260921,10,6,3-5-4,359.8
2026-09-21 10:37:57,20260921,10,6,3-5-6,111.2
2026-09-21 10:37:57,20260921,10,6,3-6-1,127.4
2026-09-21 10:37:57,20260921,10,6,3-6-2,124.2
2026-09-21 10:37:57,20260921,10,6,3-6-4,326.2
2026-09-21 10:37:57,20260921,10,6,3-6-5,97.0
2026-09-21 10:37:57,20260921,10,6,4-1-2,237.5
2026-09-21 10:37:57,20260921,10,6,4-1-3,339.8
2026-09-21 10:37:57,20260921,10,6,4-1-5,169.9
2026-09-21 10:37:57,20260921,10,6,4-1-6,359.8
2026-09-21 10:37:57,20260921,10,6,4-2-1,444.8
2026-09-21 10:37:57,20260921,10,6,4-2-3,394.6
2026-09-21 10:37:57,20260921,10,6,4-2-5,388.3
2026-09-21 10:37:57,20260921,10,6,4-2-6,198.9
2026-09-21 10:37:57,20260921,10,6,4-3-1,461.6
2026-09-21 10:37:57,20260921,10,6,4-3-2,499.3
2026-09-21 10:37:57,20260921,10,6,4-3-5,679.6
2026-09-21 10:37:57,20260921,10,6,4-3-6,719.6
2026-09-21 10:37:57,20260921,10,6,4-5-1,252.2
2026-09-21 10:37:57,20260921,10,6,4-5-2,407.8
2026-09-21 10:37:57,20260921,10,6,4-5-3,453.1
2026-09-21 10:37:57,20260921,10,6,4-5-6,226.5
2026-09-21 10:37:57,20260921,10,6,4-6-1,388.3
2026-09-21 10:37:57,20260921,10,6,4-6-2,200.5
2026-09-21 10:37:57,20260921,10,6,4-6-3,509.7
2026-09-21 10:37:57,20260921,10,6,4-6-5,294.8
2026-09-21 10:37:57,20260921,10,6,5-1-2,103.6
2026-09-21 10:37:57,20260921,10,6,5-1-3,118.7
2026-09-21 10:37:57,20260921,10,6,5-1-4,205.6
2026-09-21 10:37:57,20260921,10,6,5-1-6,45.1
2026-09-21 10:37:57,20260921,10,6,5-2-1,121.1
2026-09-21 10:37:57,20260921,10,6,5-2-3,164.2
2026-09-21 10:37:57,20260921,10,6,5-2-4,214.6
2026-09-21 10:37:57,20260921,10,6,5-2-6,42.1
2026-09-21 10:37:57,20260921,10,6,5-3-1,145.6
2026-09-21 10:37:57,20260921,10,6,5-3-2,249.6
2026-09-21 10:37:57,20260921,10,6,5-3-4,479.7
2026-09-21 10:37:57,20260921,10,6,5-3-6,134.4
2026-09-21 10:37:57,20260921,10,6,5-4-1,278.0
2026-09-21 10:37:57,20260921,10,6,5-4-2,453.1
2026-09-21 10:37:57,20260921,10,6,5-4-3,815.6
2026-09-21 10:37:57,20260921,10,6,5-4-6,216.5
2026-09-21 10:37:57,20260921,10,6,5-6-1,35.4
2026-09-21 10:37:57,20260921,10,6,5-6-2,30.1
2026-09-21 10:37:57,20260921,10,6,5-6-3,78.6
2026-09-21 10:37:57,20260921,10,6,5-6-4,117.6
2026-09-21 10:37:57,20260921,10,6,6-1-2,23.0
2026-09-21 10:37:57,20260921,10,6,6-1-3,67.5
2026-09-21 10:37:57,20260921,10,6,6-1-4,128.7
2026-09-21 10:37:57,20260921,10,6,6-1-5,23.6
2026-09-21 10:37:57,20260921,10,6,6-2-1,37.2
2026-09-21 10:37:57,20260921,10,6,6-2-3,83.5
2026-09-21 10:37:57,20260921,10,6,6-2-4,100.2
2026-09-21 10:37:57,20260921,10,6,6-2-5,25.5
2026-09-21 10:37:57,20260921,10,6,6-3-1,130.8
2026-09-21 10:37:57,20260921,10,6,6-3-2,173.5
2026-09-21 10:37:57,20260921,10,6,6-3-4,244.6
2026-09-21 10:37:57,20260921,10,6,6-3-5,113.8
2026-09-21 10:37:57,20260921,10,6,6-4-1,263.1
2026-09-21 10:37:57,20260921,10,6,6-4-2,192.6
2026-09-21 10:37:57,20260921,10,6,6-4-3,344.6
2026-09-21 10:37:57,20260921,10,6,6-4-5,195.7
2026-09-21 10:37:57,20260921,10,6,6-5-1,23.9
2026-09-21 10:37:57,20260921,10,6,6-5-2,23.1
2026-09-21 10:37:57,20260921,10,6,6-5-3,64.7
2026-09-21 10:37:57,20260921,10,6,6-5-4,95.9
2026-09-21 10:43:31,20260921,16,1,1-2-3,13.1
2026-09-21 10:43:31,20260921,16,1,1-2-4,7.3
2026-09-21 10:43:31,20260921,16,1,1-2-5,16.9
2026-09-21 10:43:31,20260921,16,1,1-2-6,25.5
2026-09-21 10:43:31,20260921,16,1,1-3-2,28.3
2026-09-21 10:43:31,20260921,16,1,1-3-4,35.0
2026-09-21 10:43:31,20260921,16,1,1-3-5,46.2
2026-09-21 10:43:31,20260921,16,1,1-3-6,95.1
2026-09-21 10:43:31,20260921,16,1,1-4-2,11.7
2026-09-21 10:43:31,20260921,16,1,1-4-3,34.2
2026-09-21 10:43:31,20260921,16,1,1-4-5,25.8
2026-09-21 10:43:31,20260921,16,1,1-4-6,34.7
2026-09-21 10:43:31,20260921,16,1,1-5-2,37.6
2026-09-21 10:43:31,20260921,16,1,1-5-3,79.3
2026-09-21 10:43:31,20260921,16,1,1-5-4,61.5
2026-09-21 10:43:31,20260921,16,1,1-5-6,70.9
2026-09-21 10:43:31,20260921,16,1,1-6-2,36.8
2026-09-21 10:43:31,20260921,16,1,1-6-3,94.5
2026-09-21 10:43:31,20260921,16,1,1-6-4,52.8
2026-09-21 10:43:31,20260921,16,1,1-6-5,72.7
2026-09-21 10:43:31,20260921,16,1,2-1-3,68.8
2026-09-21 10:43:31,20260921,16,1,2-1-4,33.5
2026-09-21 10:43:31,20260921,16,1,2-1-5,48.7
2026-09-21 10:43:31,20260921,16,1,2-1-6,89.5
2026-09-21 10:43:31,20260921,16,1,2-3-1,185.9
2026-09-21 10:43:31,20260921,16,1,2-3-4,209.2
2026-09-21 10:43:31,20260921,16,1,2-3-5,304.3
2026-09-21 10:43:31,20260921,16,1,2-3-6,492.2
2026-09-21 10:43:31,20260921,16,1,2-4-1,85.8
2026-09-21 10:43:31,20260921,16,1,2-4-3,157.9
2026-09-21 10:43:31,20260921,16,1,2-4-5,223.1
2026-09-21 10:43:31,20260921,16,1,2-4-6,170.7
2026-09-21 10:43:31,20260921,16,1,2-5-1,223.1
2026-09-21 10:43:31,20260921,16,1,2-5-3,321.8
2026-09-21 10:43:31,20260921,16,1,2-5-4,298.8
2026-09-21 10:43:31,20260921,16,1,2-5-6,371.9
2026-09-21 10:43:31,20260921,16,1,2-6-1,165.7
2026-09-21 10:43:31,20260921,16,1,2-6-3,577.1
2026-09-21 10:43:31,20260921,16,1,2-6-4,235.7
2026-09-21 10:43:31,20260921,16,1,2-6-5,429.1
2026-09-21 10:43:31,20260921,16,1,3-1-2,169.0
2026-09-21 10:43:31,20260921,16,1,3-1-4,165.7
2026-09-21 10:43:31,20260921,16,1,3-1-5,125.8
2026-09-21 10:43:31,20260921,16,1,3-1-6,321.8
2026-09-21 10:43:31,20260921,16,1,3-2-1,261.5
2026-09-21 10:43:31,20260921,16,1,3-2-4,235.7
2026-09-21 10:43:31,20260921,16,1,3-2-5,283.6
2026-09-21 10:43:31,20260921,16,1,3-2-6,577.1
2026-09-21 10:43:31,20260921,16,1,3-4-1,341.5
2026-09-21 10:43:31,20260921,16,1,3-4-2,341.5
2026-09-21 10:43:31,20260921,16,1,3-4-5,283.6
2026-09-21 10:43:31,20260921,16,1,3-4-6,341.5
2026-09-21 10:43:31,20260921,16,1,3-5-1,226.1
2026-09-21 10:43:31,20260921,16,1,3-5-2,293.6
2026-09-21 10:43:31,20260921,16,1,3-5-4,304.3
2026-09-21 10:43:31,20260921,16,1,3-5-6,539.9
2026-09-21 10:43:31,20260921,16,1,3-6-1,341.5
2026-09-21 10:43:31,20260921,16,1,3-6-2,797.0
2026-09-21 10:43:31,20260921,16,1,3-6-4,492.2
2026-09-21 10:43:31,20260921,16,1,3-6-5,760.8
2026-09-21 10:43:31,20260921,16,1,4-1-2,53.1
2026-09-21 10:43:31,20260921,16,1,4-1-3,136.0
2026-09-21 10:43:31,20260921,16,1,4-1-5,96.1
2026-09-21 10:43:31,20260921,16,1,4-1-6,107.2
2026-09-21 10:43:31,20260921,16,1,4-2-1,90.9
2026-09-21 10:43:31,20260921,16,1,4-2-3,257.5
2026-09-21 10:43:31,20260921,16,1,4-2-5,242.5
2026-09-21 10:43:31,20260921,16,1,4-2-6,194.6
2026-09-21 10:43:31,20260921,16,1,4-3-1,199.2
2026-09-21 10:43:31,20260921,16,1,4-3-2,380.4
2026-09-21 10:43:31,20260921,16,1,4-3-5,261.5
2026-09-21 10:43:31,20260921,16,1,4-3-6,309.9
2026-09-21 10:43:31,20260921,16,1,4-5-1,150.7
2026-09-21 10:43:31,20260921,16,1,4-5-2,232.4
2026-09-21 10:43:31,20260921,16,1,4-5-3,341.5
2026-09-21 10:43:31,20260921,16,1,4-5-6,176.1
2026-09-21 10:43:31,20260921,16,1,4-6-1,145.5
2026-09-21 10:43:31,20260921,16,1,4-6-2,194.6
2026-09-21 10:43:31,20260921,16,1,4-6-3,190.2
2026-09-21 10:43:31,20260921,16,1,4-6-5,179.9
2026-09-21 10:43:31,20260921,16,1,5-1-2,201.6
2026-09-21 10:43:31,20260921,16,1,5-1-3,174.3
2026-09-21 10:43:31,20260921,16,1,5-1-4,274.3
2026-09-21 10:43:31,20260921,16,1,5-1-6,204.1
2026-09-21 10:43:31,20260921,16,1,5-2-1,288.5
2026-09-21 10:43:31,20260921,16,1,5-2-3,408.2
2026-09-21 10:43:31,20260921,16,1,5-2-4,278.9
2026-09-21 10:43:31,20260921,16,1,5-2-6,309.9
2026-09-21 10:43:31,20260921,16,1,5-3-1,278.9
2026-09-21 10:43:31,20260921,16,1,5-3-2,643.7
2026-09-21 10:43:31,20260921,16,1,5-3-4,341.5
2026-09-21 10:43:31,20260921,16,1,5-3-6,429.1
2026-09-21 10:43:31,20260921,16,1,5-4-1,223.1
2026-09-21 10:43:31,20260921,16,1,5-4-2,356.1
2026-09-21 10:43:31,20260921,16,1,5-4-3,429.1
2026-09-21 10:43:31,20260921,16,1,5-4-6,348.7
2026-09-21 10:43:31,20260921,16,1,5-6-1,348.7
2026-09-21 10:43:31,20260921,16,1,5-6-2,348.7
2026-09-21 10:43:31,20260921,16,1,5-6-3,597.7
2026-09-21 10:43:31,20260921,16,1,5-6-4,380.4
2026-09-21 10:43:31,20260921,16,1,6-1-2,33.0
2026-09-21 10:43:31,20260921,16,1,6-1-3,77.1
2026-09-21 10:43:31,20260921,16,1,6-1-4,41.2
2026-09-21 10:43:31,20260921,16,1,6-1-5,69.1
2026-09-21 10:43:31,20260921,16,1,6-2-1,51.8
2026-09-21 10:43:31,20260921,16,1,6-2-3,130.7
2026-09-21 10:43:31,20260921,16,1,6-2-4,90.4
2026-09-21 10:43:31,20260921,16,1,6-2-5,162.5
2026-09-21 10:43:31,20260921,16,1,6-3-1,226.1
2026-09-21 10:43:31,20260921,16,1,6-3-2,261.5
2026-09-21 10:43:31,20260921,16,1,6-3-4,249.8
2026-09-21 10:43:31,20260921,16,1,6-3-5,321.8
2026-09-21 10:43:31,20260921,16,1,6-4-1,76.0
2026-09-21 10:43:31,20260921,16,1,6-4-2,109.3
2026-09-21 10:43:31,20260921,16,1,6-4-3,152.1
2026-09-21 10:43:31,20260921,16,1,6-4-5,162.5
2026-09-21 10:43:31,20260921,16,1,6-5-1,134.9
2026-09-21 10:43:31,20260921,16,1,6-5-2,194.6
2026-09-21 10:43:31,20260921,16,1,6-5-3,257.5
2026-09-21 10:43:31,20260921,16,1,6-5-4,223.1
2026-09-21 10:49:18,20260921,18,6,1-2-3,27.2
2026-09-21 10:49:18,20260921,18,6,1-2-4,65.3
2026-09-21 10:49:18,20260921,18,6,1-2-5,45.9
2026-09-21 10:49:18,20260921,18,6,1-2-6,112.1
2026-09-21 10:49:18,20260921,18,6,1-3-2,27.4
2026-09-21 10:49:18,20260921,18,6,1-3-4,64.9
2026-09-21 10:49:18,20260921,18,6,1-3-5,31.4
2026-09-21 10:49:18,20260921,18,6,1-3-6,84.1
2026-09-21 10:49:18,20260921,18,6,1-4-2,102.6
2026-09-21 10:49:18,20260921,18,6,1-4-3,124.4
2026-09-21 10:49:18,20260921,18,6,1-4-5,191.8
2026-09-21 10:49:18,20260921,18,6,1-4-6,228.0
2026-09-21 10:49:18,20260921,18,6,1-5-2,70.7
2026-09-21 10:49:18,20260921,18,6,1-5-3,78.9
2026-09-21 10:49:18,20260921,18,6,1-5-4,159.1
2026-09-21 10:49:18,20260921,18,6,1-5-6,247.3
2026-09-21 10:49:18,20260921,18,6,1-6-2,156.7
2026-09-21 10:49:18,20260921,18,6,1-6-3,178.5
2026-09-21 10:49:18,20260921,18,6,1-6-4,180.0
2026-09-21 10:49:18,20260921,18,6,1-6-5,281.2
2026-09-21 10:49:18,20260921,18,6,2-1-3,37.8
2026-09-21 10:49:18,20260921,18,6,2-1-4,103.6
2026-09-21 10:49:18,20260921,18,6,2-1-5,69.5
2026-09-21 10:49:18,20260921,18,6,2-1-6,122.1
2026-09-21 10:49:18,20260921,18,6,2-3-1,38.8
2026-09-21 10:49:18,20260921,18,6,2-3-4,52.2
2026-09-21 10:49:18,20260921,18,6,2-3-5,16.3
2026-09-21 10:49:18,20260921,18,6,2-3-6,32.4
2026-09-21 10:49:18,20260921,18,6,2-4-1,173.9
2026-09-21 10:49:18,20260921,18,6,2-4-3,127.5
2026-09-21 10:49:18,20260921,18,6,2-4-5,211.6
2026-09-21 10:49:18,20260921,18,6,2-4-6,223.1
2026-09-21 10:49:18,20260921,18,6,2-5-1,155.5
2026-09-21 10:49:18,20260921,18,6,2-5-3,40.6
2026-09-21 10:49:18,20260921,18,6,2-5-4,223.1
2026-09-21 10:49:18,20260921,18,6,2-5-6,95.9
2026-09-21 10:49:18,20260921,18,6,2-6-1,205.2
2026-09-21 10:49:18,20260921,18,6,2-6-3,89.6
2026-09-21 10:49:18,20260921,18,6,2-6-4,266.6
2026-09-21 10:49:18,20260921,18,6,2-6-5,143.5
2026-09-21 10:49:18,20260921,18,6,3-1-2,30.1
2026-09-21 10:49:18,20260921,18,6,3-1-4,78.9
2026-09-21 10:49:18,20260921,18,6,3-1-5,36.6
2026-09-21 10:49:18,20260921,18,6,3-1-6,73.3
2026-09-21 10:49:18,20260921,18,6,3-2-1,27.5
2026-09-21 10:49:18,20260921,18,6,3-2-4,43.4
2026-09-21 10:49:18,20260921,18,6,3-2-5,11.0
2026-09-21 10:49:18,20260921,18,6,3-2-6,19.4
2026-09-21 10:49:18,20260921,18,6,3-4-1,155.5
2026-09-21 10:49:18,20260921,18,6,3-4-2,80.1
2026-09-21 10:49:18,20260921,18,6,3-4-5,106.3
2026-09-21 10:49:18,20260921,18,6,3-4-6,106.9
2026-09-21 10:49:18,20260921,18,6,3-5-1,44.6
2026-09-21 10:49:18,20260921,18,6,3-5-2,15.9
2026-09-21 10:49:18,20260921,18,6,3-5-4,74.6
2026-09-21 10:49:18,20260921,18,6,3-5-6,24.9
2026-09-21 10:49:18,20260921,18,6,3-6-1,97.2
2026-09-21 10:49:18,20260921,18,6,3-6-2,42.0
2026-09-21 10:49:18,20260921,18,6,3-6-4,162.9
2026-09-21 10:49:18,20260921,18,6,3-6-5,45.3
2026-09-21 10:49:18,20260921,18,6,4-1-2,315.8
2026-09-21 10:49:18,20260921,18,6,4-1-3,253.4
2026-09-21 10:49:18,20260921,18,6,4-1-5,253.4
2026-09-21 10:49:18,20260921,18,6,4-1-6,394.7
2026-09-21 10:49:18,20260921,18,6,4-2-1,320.7
2026-09-21 10:49:18,20260921,18,6,4-2-3,190.0
2026-09-21 10:49:18,20260921,18,6,4-2-5,336.5
2026-09-21 10:49:18,20260921,18,6,4-2-6,281.2
2026-09-21 10:49:18,20260921,18,6,4-3-1,315.8
2026-09-21 10:49:18,20260921,18,6,4-3-2,253.4
2026-09-21 10:49:18,20260921,18,6,4-3-5,250.3
2026-09-21 10:49:18,20260921,18,6,4-3-6,250.3
2026-09-21 10:49:18,20260921,18,6,4-5-1,418.9
2026-09-21 10:49:18,20260921,18,6,4-5-2,366.5
2026-09-21 10:49:18,20260921,18,6,4-5-3,293.2
2026-09-21 10:49:18,20260921,18,6,4-5-6,270.1
2026-09-21 10:49:18,20260921,18,6,4-6-1,622.0
2026-09-21 10:49:18,20260921,18,6,4-6-2,270.1
2026-09-21 10:49:18,20260921,18,6,4-6-3,380.1
2026-09-21 10:49:18,20260921,18,6,4-6-5,366.5
2026-09-21 10:49:18,20260921,18,6,5-1-2,188.3
2026-09-21 10:49:18,20260921,18,6,5-1-3,155.5
2026-09-21 10:49:18,20260921,18,6,5-1-4,293.2
2026-09-21 10:49:18,20260921,18,6,5-1-6,256.6
2026-09-21 10:49:18,20260921,18,6,5-2-1,225.5
2026-09-21 10:49:18,20260921,18,6,5-2-3,56.8
2026-09-21 10:49:18,20260921,18,6,5-2-4,306.3
2026-09-21 10:49:18,20260921,18,6,5-2-6,137.7
2026-09-21 10:49:18,20260921,18,6,5-3-1,154.3
2026-09-21 10:49:18,20260921,18,6,5-3-2,57.0
2026-09-21 10:49:18,20260921,18,6,5-3-4,218.3
2026-09-21 10:49:18,20260921,18,6,5-3-6,92.4
2026-09-21 10:49:18,20260921,18,6,5-4-1,477.4
2026-09-21 10:49:18,20260921,18,6,5-4-2,488.7
2026-09-21 10:49:18,20260921,18,6,5-4-3,446.2
2026-09-21 10:49:18,20260921,18,6,5-4-6,513.2
2026-09-21 10:49:18,20260921,18,6,5-6-1,325.8
2026-09-21 10:49:18,20260921,18,6,5-6-2,143.5
2026-09-21 10:49:18,20260921,18,6,5-6-3,97.2
2026-09-21 10:49:18,20260921,18,6,5-6-4,273.7
2026-09-21 10:49:18,20260921,18,6,6-1-2,273.7
2026-09-21 10:49:18,20260921,18,6,6-1-3,270.1
2026-09-21 10:49:18,20260921,18,6,6-1-4,641.5
2026-09-21 10:49:18,20260921,18,6,6-1-5,526.3
2026-09-21 10:49:18,20260921,18,6,6-2-1,427.6
2026-09-21 10:49:18,20260921,18,6,6-2-3,183.2
2026-09-21 10:49:18,20260921,18,6,6-2-4,554.8
2026-09-21 10:49:18,20260921,18,6,6-2-5,293.2
2026-09-21 10:49:18,20260921,18,6,6-3-1,353.9
2026-09-21 10:49:18,20260921,18,6,6-3-2,169.6
2026-09-21 10:49:18,20260921,18,6,6-3-4,436.7
2026-09-21 10:49:18,20260921,18,6,6-3-5,168.2
2026-09-21 10:49:18,20260921,18,6,6-4-1,603.7
2026-09-21 10:49:18,20260921,18,6,6-4-2,733.1
2026-09-21 10:49:18,20260921,18,6,6-4-3,684.2
2026-09-21 10:49:18,20260921,18,6,6-4-5,855.3
2026-09-21 10:49:18,20260921,18,6,6-5-1,387.3
2026-09-21 10:49:18,20260921,18,6,6-5-2,228.0
2026-09-21 10:49:18,20260921,18,6,6-5-3,152.0
2026-09-21 10:49:18,20260921,18,6,6-5-4,477.4
2026-09-21 10:52:07,20260921,5,2,1-2-3,18.6
2026-09-21 10:52:07,20260921,5,2,1-2-4,23.3
2026-09-21 10:52:07,20260921,5,2,1-2-5,40.0
2026-09-21 10:52:07,20260921,5,2,1-2-6,48.1
2026-09-21 10:52:07,20260921,5,2,1-3-2,16.2
2026-09-21 10:52:07,20260921,5,2,1-3-4,7.5
2026-09-21 10:52:07,20260921,5,2,1-3-5,9.4
2026-09-21 10:52:07,20260921,5,2,1-3-6,22.3
2026-09-21 10:52:07,20260921,5,2,1-4-2,26.5
2026-09-21 10:52:07,20260921,5,2,1-4-3,12.3
2026-09-21 10:52:07,20260921,5,2,1-4-5,16.2
2026-09-21 10:52:07,20260921,5,2,1-4-6,23.6
2026-09-21 10:52:07,20260921,5,2,1-5-2,46.3
2026-09-21 10:52:07,20260921,5,2,1-5-3,21.8
2026-09-21 10:52:07,20260921,5,2,1-5-4,25.6
2026-09-21 10:52:07,20260921,5,2,1-5-6,40.8
2026-09-21 10:52:07,20260921,5,2,1-6-2,108.1
2026-09-21 10:52:07,20260921,5,2,1-6-3,77.0
2026-09-21 10:52:07,20260921,5,2,1-6-4,70.3
2026-09-21 10:52:07,20260921,5,2,1-6-5,89.6
2026-09-21 10:52:07,20260921,5,2,2-1-3,146.7
2026-09-21 10:52:07,20260921,5,2,2-1-4,216.7
2026-09-21 10:52:07,20260921,5,2,2-1-5,258.5
2026-09-21 10:52:07,20260921,5,2,2-1-6,279.2
2026-09-21 10:52:07,20260921,5,2,2-3-1,259.1
2026-09-21 10:52:07,20260921,5,2,2-3-4,456.1
2026-09-21 10:52:07,20260921,5,2,2-3-5,450.2
2026-09-21 10:52:07,20260921,5,2,2-3-6,885.2
2026-09-21 10:52:07,20260921,5,2,2-4-1,400.2
2026-09-21 10:52:07,20260921,5,2,2-4-3,636.9
2026-09-21 10:52:07,20260921,5,2,2-4-5,720.3
2026-09-21 10:52:07,20260921,5,2,2-4-6,710.5
2026-09-21 10:52:07,20260921,5,2,2-5-1,514.5
2026-09-21 10:52:07,20260921,5,2,2-5-3,541.2
2026-09-21 10:52:07,20260921,5,2,2-5-4,822.4
2026-09-21 10:52:07,20260921,5,2,2-5-6,691.7
2026-09-21 10:52:07,20260921,5,2,2-6-1,740.8
2026-09-21 10:52:07,20260921,5,2,2-6-3,1055.0
2026-09-21 10:52:07,20260921,5,2,2-6-4,1200.0
2026-09-21 10:52:07,20260921,5,2,2-6-5,976.2
2026-09-21 10:52:07,20260921,5,2,3-1-2,77.6
2026-09-21 10:52:07,20260921,5,2,3-1-4,37.6
2026-09-21 10:52:07,20260921,5,2,3-1-5,37.6
2026-09-21 10:52:07,20260921,5,2,3-1-6,79.4
2026-09-21 10:52:07,20260921,5,2,3-2-1,224.6
2026-09-21 10:52:07,20260921,5,2,3-2-4,286.1
2026-09-21 10:52:07,20260921,5,2,3-2-5,332.6
2026-09-21 10:52:07,20260921,5,2,3-2-6,514.5
2026-09-21 10:52:07,20260921,5,2,3-4-1,81.1
2026-09-21 10:52:07,20260921,5,2,3-4-2,277.8
2026-09-21 10:52:07,20260921,5,2,3-4-5,129.4
2026-09-21 10:52:07,20260921,5,2,3-4-6,167.9
2026-09-21 10:52:07,20260921,5,2,3-5-1,105.2
2026-09-21 10:52:07,20260921,5,2,3-5-2,285.3
2026-09-21 10:52:07,20260921,5,2,3-5-4,172.3
2026-09-21 10:52:07,20260921,5,2,3-5-6,222.7
2026-09-21 10:52:07,20260921,5,2,3-6-1,366.5
2026-09-21 10:52:07,20260921,5,2,3-6-2,924.3
2026-09-21 10:52:07,20260921,5,2,3-6-4,406.4
2026-09-21 10:52:07,20260921,5,2,3-6-5,426.3
2026-09-21 10:52:07,20260921,5,2,4-1-2,109.7
2026-09-21 10:52:07,20260921,5,2,4-1-3,61.8
2026-09-21 10:52:07,20260921,5,2,4-1-5,52.8
2026-09-21 10:52:07,20260921,5,2,4-1-6,92.5
2026-09-21 10:52:07,20260921,5,2,4-2-1,303.6
2026-09-21 10:52:07,20260921,5,2,4-2-3,438.8
2026-09-21 10:52:07,20260921,5,2,4-2-5,391.2
2026-09-21 10:52:07,20260921,5,2,4-2-6,470.5
2026-09-21 10:52:07,20260921,5,2,4-3-1,108.8
2026-09-21 10:52:07,20260921,5,2,4-3-2,397.1
2026-09-21 10:52:07,20260921,5,2,4-3-5,171.8
2026-09-21 10:52:07,20260921,5,2,4-3-6,190.6
2026-09-21 10:52:07,20260921,5,2,4-5-1,74.6
2026-09-21 10:52:07,20260921,5,2,4-5-2,218.9
2026-09-21 10:52:07,20260921,5,2,4-5-3,185.5
2026-09-21 10:52:07,20260921,5,2,4-5-6,102.2
2026-09-21 10:52:07,20260921,5,2,4-6-1,191.6
2026-09-21 10:52:07,20260921,5,2,4-6-2,360.1
2026-09-21 10:52:07,20260921,5,2,4-6-3,265.1
2026-09-21 10:52:07,20260921,5,2,4-6-5,152.4
2026-09-21 10:52:07,20260921,5,2,5-1-2,165.5
2026-09-21 10:52:07,20260921,5,2,5-1-3,96.8
2026-09-21 10:52:07,20260921,5,2,5-1-4,94.7
2026-09-21 10:52:07,20260921,5,2,5-1-6,136.0
2026-09-21 10:52:07,20260921,5,2,5-2-1,403.3
2026-09-21 10:52:07,20260921,5,2,5-2-3,411.2
2026-09-21 10:52:07,20260921,5,2,5-2-4,470.5
2026-09-21 10:52:07,20260921,5,2,5-2-6,378.4
2026-09-21 10:52:07,20260921,5,2,5-3-1,158.2
2026-09-21 10:52:07,20260921,5,2,5-3-2,411.2
2026-09-21 10:52:07,20260921,5,2,5-3-4,290.1
2026-09-21 10:52:07,20260921,5,2,5-3-6,314.6
2026-09-21 10:52:07,20260921,5,2,5-4-1,146.9
2026-09-21 10:52:07,20260921,5,2,5-4-2,431.6
2026-09-21 10:52:07,20260921,5,2,5-4-3,277.0
2026-09-21 10:52:07,20260921,5,2,5-4-6,241.2
2026-09-21 10:52:07,20260921,5,2,5-6-1,321.3
2026-09-21 10:52:07,20260921,5,2,5-6-2,567.6
2026-09-21 10:52:07,20260921,5,2,5-6-3,404.8
2026-09-21 10:52:07,20260921,5,2,5-6-4,361.4
2026-09-21 10:52:07,20260921,5,2,6-1-2,621.7
2026-09-21 10:52:07,20260921,5,2,6-1-3,678.2
2026-09-21 10:52:07,20260921,5,2,6-1-4,570.7
2026-09-21 10:52:07,20260921,5,2,6-1-5,779.5
2026-09-21 10:52:07,20260921,5,2,6-2-1,1339.0
2026-09-21 10:52:07,20260921,5,2,6-2-3,1492.0
2026-09-21 10:52:07,20260921,5,2,6-2-4,1800.0
2026-09-21 10:52:07,20260921,5,2,6-2-5,1559.0
2026-09-21 10:52:07,20260921,5,2,6-3-1,985.4
2026-09-21 10:52:07,20260921,5,2,6-3-2,1559.0
2026-09-21 10:52:07,20260921,5,2,6-3-4,797.3
2026-09-21 10:52:07,20260921,5,2,6-3-5,1258.0
2026-09-21 10:52:07,20260921,5,2,6-4-1,669.5
2026-09-21 10:52:07,20260921,5,2,6-4-2,1160.0
2026-09-21 10:52:07,20260921,5,2,6-4-3,900.4
2026-09-21 10:52:07,20260921,5,2,6-4-5,885.2
2026-09-21 10:52:07,20260921,5,2,6-5-1,967.1
2026-09-21 10:52:07,20260921,5,2,6-5-2,1305.0
2026-09-21 10:52:07,20260921,5,2,6-5-3,1450.0
2026-09-21 10:52:07,20260921,5,2,6-5-4,877.7
2026-09-21 10:52:18,20260921,9,2,1-2-3,7.2
2026-09-21 10:52:18,20260921,9,2,1-2-4,44.9
2026-09-21 10:52:18,20260921,9,2,1-2-5,46.8
2026-09-21 10:52:18,20260921,9,2,1-2-6,45.2
2026-09-21 10:52:18,20260921,9,2,1-3-2,8.8
2026-09-21 10:52:18,20260921,9,2,1-3-4,38.0
2026-09-21 10:52:18,20260921,9,2,1-3-5,35.8
2026-09-21 10:52:18,20260921,9,2,1-3-6,42.5
2026-09-21 10:52:18,20260921,9,2,1-4-2,77.3
2026-09-21 10:52:18,20260921,9,2,1-4-3,74.6
2026-09-21 10:52:18,20260921,9,2,1-4-5,133.8
2026-09-21 10:52:18,20260921,9,2,1-4-6,160.5
2026-09-21 10:52:18,20260921,9,2,1-5-2,55.8
2026-09-21 10:52:18,20260921,9,2,1-5-3,70.5
2026-09-21 10:52:18,20260921,9,2,1-5-4,116.7
2026-09-21 10:52:18,20260921,9,2,1-5-6,123.5
2026-09-21 10:52:18,20260921,9,2,1-6-2,66.2
2026-09-21 10:52:18,20260921,9,2,1-6-3,93.0
2026-09-21 10:52:18,20260921,9,2,1-6-4,75.5
2026-09-21 10:52:18,20260921,9,2,1-6-5,160.5
2026-09-21 10:52:18,20260921,9,2,2-1-3,13.9
2026-09-21 10:52:18,20260921,9,2,2-1-4,76.4
2026-09-21 10:52:18,20260921,9,2,2-1-5,53.5
2026-09-21 10:52:18,20260921,9,2,2-1-6,64.8
2026-09-21 10:52:18,20260921,9,2,2-3-1,16.6
2026-09-21 10:52:18,20260921,9,2,2-3-4,108.8
2026-09-21 10:52:18,20260921,9,2,2-3-5,42.2
2026-09-21 10:52:18,20260921,9,2,2-3-6,69.0
2026-09-21 10:52:18,20260921,9,2,2-4-1,169.0
2026-09-21 10:52:18,20260921,9,2,2-4-3,247.0
2026-09-21 10:52:18,20260921,9,2,2-4-5,237.9
2026-09-21 10:52:18,20260921,9,2,2-4-6,279.2
2026-09-21 10:52:18,20260921,9,2,2-5-1,156.6
2026-09-21 10:52:18,20260921,9,2,2-5-3,156.6
2026-09-21 10:52:18,20260921,9,2,2-5-4,229.4
2026-09-21 10:52:18,20260921,9,2,2-5-6,152.9
2026-09-21 10:52:18,20260921,9,2,2-6-1,229.4
2026-09-21 10:52:18,20260921,9,2,2-6-3,237.9
2026-09-21 10:52:18,20260921,9,2,2-6-4,256.9
2026-09-21 10:52:18,20260921,9,2,2-6-5,152.9
2026-09-21 10:52:18,20260921,9,2,3-1-2,18.4
2026-09-21 10:52:18,20260921,9,2,3-1-4,59.4
2026-09-21 10:52:18,20260921,9,2,3-1-5,41.1
2026-09-21 10:52:18,20260921,9,2,3-1-6,74.6
2026-09-21 10:52:18,20260921,9,2,3-2-1,14.5
2026-09-21 10:52:18,20260921,9,2,3-2-4,93.0
2026-09-21 10:52:18,20260921,9,2,3-2-5,40.6
2026-09-21 10:52:18,20260921,9,2,3-2-6,90.4
2026-09-21 10:52:18,20260921,9,2,3-4-1,152.9
2026-09-21 10:52:18,20260921,9,2,3-4-2,247.0
2026-09-21 10:52:18,20260921,9,2,3-4-5,188.9
2026-09-21 10:52:18,20260921,9,2,3-4-6,305.8
2026-09-21 10:52:18,20260921,9,2,3-5-1,95.8
2026-09-21 10:52:18,20260921,9,2,3-5-2,93.0
2026-09-21 10:52:18,20260921,9,2,3-5-4,305.8
2026-09-21 10:52:18,20260921,9,2,3-5-6,173.6
2026-09-21 10:52:18,20260921,9,2,3-6-1,214.1
2026-09-21 10:52:18,20260921,9,2,3-6-2,291.9
2026-09-21 10:52:18,20260921,9,2,3-6-4,458.8
2026-09-21 10:52:18,20260921,9,2,3-6-5,164.7
2026-09-21 10:52:18,20260921,9,2,4-1-2,207.2
2026-09-21 10:52:18,20260921,9,2,4-1-3,152.9
2026-09-21 10:52:18,20260921,9,2,4-1-5,256.9
2026-09-21 10:52:18,20260921,9,2,4-1-6,221.5
2026-09-21 10:52:18,20260921,9,2,4-2-1,256.9
2026-09-21 10:52:18,20260921,9,2,4-2-3,321.1
2026-09-21 10:52:18,20260921,9,2,4-2-5,279.2
2026-09-21 10:52:18,20260921,9,2,4-2-6,279.2
2026-09-21 10:52:18,20260921,9,2,4-3-1,207.2
2026-09-21 10:52:18,20260921,9,2,4-3-2,428.2
2026-09-21 10:52:18,20260921,9,2,4-3-5,256.9
2026-09-21 10:52:18,20260921,9,2,4-3-6,305.8
2026-09-21 10:52:18,20260921,9,2,4-5-1,291.9
2026-09-21 10:52:18,20260921,9,2,4-5-2,305.8
2026-09-21 10:52:18,20260921,9,2,4-5-3,338.0
2026-09-21 10:52:18,20260921,9,2,4-5-6,214.1
2026-09-21 10:52:18,20260921,9,2,4-6-1,356.8
2026-09-21 10:52:18,20260921,9,2,4-6-2,173.6
2026-09-21 10:52:18,20260921,9,2,4-6-3,338.0
2026-09-21 10:52:18,20260921,9,2,4-6-5,583.9
2026-09-21 10:52:18,20260921,9,2,5-1-2,149.3
2026-09-21 10:52:18,20260921,9,2,5-1-3,156.6
2026-09-21 10:52:18,20260921,9,2,5-1-4,305.8
2026-09-21 10:52:18,20260921,9,2,5-1-6,247.0
2026-09-21 10:52:18,20260921,9,2,5-2-1,183.5
2026-09-21 10:52:18,20260921,9,2,5-2-3,114.7
2026-09-21 10:52:18,20260921,9,2,5-2-4,207.2
2026-09-21 10:52:18,20260921,9,2,5-2-6,152.9
2026-09-21 10:52:18,20260921,9,2,5-3-1,229.4
2026-09-21 10:52:18,20260921,9,2,5-3-2,200.7
2026-09-21 10:52:18,20260921,9,2,5-3-4,214.1
2026-09-21 10:52:18,20260921,9,2,5-3-6,229.4
2026-09-21 10:52:18,20260921,9,2,5-4-1,247.0
2026-09-21 10:52:18,20260921,9,2,5-4-2,377.8
2026-09-21 10:52:18,20260921,9,2,5-4-3,356.8
2026-09-21 10:52:18,20260921,9,2,5-4-6,428.2
2026-09-21 10:52:18,20260921,9,2,5-6-1,267.6
2026-09-21 10:52:18,20260921,9,2,5-6-2,152.9
2026-09-21 10:52:18,20260921,9,2,5-6-3,229.4
2026-09-21 10:52:18,20260921,9,2,5-6-4,221.5
2026-09-21 10:52:18,20260921,9,2,6-1-2,123.5
2026-09-21 10:52:18,20260921,9,2,6-1-3,401.4
2026-09-21 10:52:18,20260921,9,2,6-1-4,237.9
2026-09-21 10:52:18,20260921,9,2,6-1-5,458.8
2026-09-21 10:52:18,20260921,9,2,6-2-1,247.0
2026-09-21 10:52:18,20260921,9,2,6-2-3,356.8
2026-09-21 10:52:18,20260921,9,2,6-2-4,401.4
2026-09-21 10:52:18,20260921,9,2,6-2-5,428.2
2026-09-21 10:52:18,20260921,9,2,6-3-1,802.9
2026-09-21 10:52:18,20260921,9,2,6-3-2,583.9
2026-09-21 10:52:18,20260921,9,2,6-3-4,305.8
2026-09-21 10:52:18,20260921,9,2,6-3-5,642.3
2026-09-21 10:52:18,20260921,9,2,6-4-1,338.0
2026-09-21 10:52:18,20260921,9,2,6-4-2,428.2
2026-09-21 10:52:18,20260921,9,2,6-4-3,535.3
2026-09-21 10:52:18,20260921,9,2,6-4-5,713.7
2026-09-21 10:52:18,20260921,9,2,6-5-1,305.8
2026-09-21 10:52:18,20260921,9,2,6-5-2,305.8
2026-09-21 10:52:18,20260921,9,2,6-5-3,267.6
2026-09-21 10:52:18,20260921,9,2,6-5-4,356.8
2026-09-21 10:52:28,20260921,13,2,1-2-3,16.1
2026-09-21 10:52:28,20260921,13,2,1-2-4,20.8
2026-09-21 10:52:28,20260921,13,2,1-2-5,33.6
2026-09-21 10:52:28,20260921,13,2,1-2-6,86.3
2026-09-21 10:52:28,20260921,13,2,1-3-2,18.0
2026-09-21 10:52:28,20260921,13,2,1-3-4,24.1
2026-09-21 10:52:28,20260921,13,2,1-3-5,29.4
2026-09-21 10:52:28,20260921,13,2,1-3-6,77.2
2026-09-21 10:52:28,20260921,13,2,1-4-2,33.0
2026-09-21 10:52:28,20260921,13,2,1-4-3,46.2
2026-09-21 10:52:28,20260921,13,2,1-4-5,52.9
2026-09-21 10:52:28,20260921,13,2,1-4-6,124.5
2026-09-21 10:52:28,20260921,13,2,1-5-2,31.1
2026-09-21 10:52:28,20260921,13,2,1-5-3,46.2
2026-09-21 10:52:28,20260921,13,2,1-5-4,46.2
2026-09-21 10:52:28,20260921,13,2,1-5-6,91.3
2026-09-21 10:52:28,20260921,13,2,1-6-2,110.7
2026-09-21 10:52:28,20260921,13,2,1-6-3,108.5
2026-09-21 10:52:28,20260921,13,2,1-6-4,101.5
2026-09-21 10:52:28,20260921,13,2,1-6-5,130.5
2026-09-21 10:52:28,20260921,13,2,2-1-3,52.7
2026-09-21 10:52:28,20260921,13,2,2-1-4,46.0
2026-09-21 10:52:28,20260921,13,2,2-1-5,54.5
2026-09-21 10:52:28,20260921,13,2,2-1-6,176.8
2026-09-21 10:52:28,20260921,13,2,2-3-1,78.8
2026-09-21 10:52:28,20260921,13,2,2-3-4,58.0
2026-09-21 10:52:28,20260921,13,2,2-3-5,58.3
2026-09-21 10:52:28,20260921,13,2,2-3-6,281.1
2026-09-21 10:52:28,20260921,13,2,2-4-1,73.0
2026-09-21 10:52:28,20260921,13,2,2-4-3,69.3
2026-09-21 10:52:28,20260921,13,2,2-4-5,44.7
2026-09-21 10:52:28,20260921,13,2,2-4-6,146.1
2026-09-21 10:52:28,20260921,13,2,2-5-1,40.1
2026-09-21 10:52:28,20260921,13,2,2-5-3,55.6
2026-09-21 10:52:28,20260921,13,2,2-5-4,50.0
2026-09-21 10:52:28,20260921,13,2,2-5-6,128.9
2026-09-21 10:52:28,20260921,13,2,2-6-1,238.3
2026-09-21 10:52:28,20260921,13,2,2-6-3,353.6
2026-09-21 10:52:28,20260921,13,2,2-6-4,288.5
2026-09-21 10:52:28,20260921,13,2,2-6-5,249.1
2026-09-21 10:52:28,20260921,13,2,3-1-2,80.6
2026-09-21 10:52:28,20260921,13,2,3-1-4,80.6
2026-09-21 10:52:28,20260921,13,2,3-1-5,38.4
2026-09-21 10:52:28,20260921,13,2,3-1-6,195.7
2026-09-21 10:52:28,20260921,13,2,3-2-1,121.8
2026-09-21 10:52:28,20260921,13,2,3-2-4,76.6
2026-09-21 10:52:28,20260921,13,2,3-2-5,77.7
2026-09-21 10:52:28,20260921,13,2,3-2-6,233.2
2026-09-21 10:52:28,20260921,13,2,3-4-1,111.8
2026-09-21 10:52:28,20260921,13,2,3-4-2,100.5
2026-09-21 10:52:28,20260921,13,2,3-4-5,65.6
2026-09-21 10:52:28,20260921,13,2,3-4-6,261.0
2026-09-21 10:52:28,20260921,13,2,3-5-1,100.5
2026-09-21 10:52:28,20260921,13,2,3-5-2,74.0
2026-09-21 10:52:28,20260921,13,2,3-5-4,68.5
2026-09-21 10:52:28,20260921,13,2,3-5-6,138.7
2026-09-21 10:52:28,20260921,13,2,3-6-1,313.2
2026-09-21 10:52:28,20260921,13,2,3-6-2,406.0
2026-09-21 10:52:28,20260921,13,2,3-6-4,548.1
2026-09-21 10:52:28,20260921,13,2,3-6-5,332.2
2026-09-21 10:52:28,20260921,13,2,4-1-2,81.8
2026-09-21 10:52:28,20260921,13,2,4-1-3,81.8
2026-09-21 10:52:28,20260921,13,2,4-1-5,50.9
2026-09-21 10:52:28,20260921,13,2,4-1-6,203.0
2026-09-21 10:52:28,20260921,13,2,4-2-1,106.4
2026-09-21 10:52:28,20260921,13,2,4-2-3,105.4
2026-09-21 10:52:28,20260921,13,2,4-2-5,70.2
2026-09-21 10:52:28,20260921,13,2,4-2-6,195.7
2026-09-21 10:52:28,20260921,13,2,4-3-1,92.1
2026-09-21 10:52:28,20260921,13,2,4-3-2,114.2
2026-09-21 10:52:28,20260921,13,2,4-3-5,69.3
2026-09-21 10:52:28,20260921,13,2,4-3-6,228.4
2026-09-21 10:52:28,20260921,13,2,4-5-1,67.2
2026-09-21 10:52:28,20260921,13,2,4-5-2,69.3
2026-09-21 10:52:28,20260921,13,2,4-5-3,69.8
2026-09-21 10:52:28,20260921,13,2,4-5-6,150.1
2026-09-21 10:52:28,20260921,13,2,4-6-1,313.2
2026-09-21 10:52:28,20260921,13,2,4-6-2,274.0
2026-09-21 10:52:28,20260921,13,2,4-6-3,522.0
2026-09-21 10:52:28,20260921,13,2,4-6-5,522.0
2026-09-21 10:52:28,20260921,13,2,5-1-2,99.6
2026-09-21 10:52:28,20260921,13,2,5-1-3,121.8
2026-09-21 10:52:28,20260921,13,2,5-1-4,121.8
2026-09-21 10:52:28,20260921,13,2,5-1-6,138.7
2026-09-21 10:52:28,20260921,13,2,5-2-1,55.9
2026-09-21 10:52:28,20260921,13,2,5-2-3,89.1
2026-09-21 10:52:28,20260921,13,2,5-2-4,68.5
2026-09-21 10:52:28,20260921,13,2,5-2-6,117.8
2026-09-21 10:52:28,20260921,13,2,5-3-1,174.0
2026-09-21 10:52:28,20260921,13,2,5-3-2,108.5
2026-09-21 10:52:28,20260921,13,2,5-3-4,81.2
2026-09-21 10:52:28,20260921,13,2,5-3-6,206.8
2026-09-21 10:52:28,20260921,13,2,5-4-1,156.6
2026-09-21 10:52:28,20260921,13,2,5-4-2,98.7
2026-09-21 10:52:28,20260921,13,2,5-4-3,92.1
2026-09-21 10:52:28,20260921,13,2,5-4-6,195.7
2026-09-21 10:52:28,20260921,13,2,5-6-1,332.2
2026-09-21 10:52:28,20260921,13,2,5-6-2,189.0
2026-09-21 10:52:28,20260921,13,2,5-6-3,223.7
2026-09-21 10:52:28,20260921,13,2,5-6-4,243.6
2026-09-21 10:52:28,20260921,13,2,6-1-2,228.4
2026-09-21 10:52:28,20260921,13,2,6-1-3,353.6
2026-09-21 10:52:28,20260921,13,2,6-1-4,498.3
2026-09-21 10:52:28,20260921,13,2,6-1-5,609.0
2026-09-21 10:52:28,20260921,13,2,6-2-1,378.0
2026-09-21 10:52:28,20260921,13,2,6-2-3,609.0
2026-09-21 10:52:28,20260921,13,2,6-2-4,522.0
2026-09-21 10:52:28,20260921,13,2,6-2-5,522.0
2026-09-21 10:52:28,20260921,13,2,6-3-1,609.0
2026-09-21 10:52:28,20260921,13,2,6-3-2,1096.0
2026-09-21 10:52:28,20260921,13,2,6-3-4,577.0
2026-09-21 10:52:28,20260921,13,2,6-3-5,577.0
2026-09-21 10:52:28,20260921,13,2,6-4-1,577.0
2026-09-21 10:52:28,20260921,13,2,6-4-2,522.0
2026-09-21 10:52:28,20260921,13,2,6-4-3,913.6
2026-09-21 10:52:28,20260921,13,2,6-4-5,685.2
2026-09-21 10:52:28,20260921,13,2,6-5-1,644.9
2026-09-21 10:52:28,20260921,13,2,6-5-2,498.3
2026-09-21 10:52:28,20260921,13,2,6-5-3,577.0
2026-09-21 10:52:28,20260921,13,2,6-5-4,685.2
2026-09-21 10:55:08,20260921,17,2,1-2-3,36.2
2026-09-21 10:55:08,20260921,17,2,1-2-4,10.9
2026-09-21 10:55:08,20260921,17,2,1-2-5,193.2
2026-09-21 10:55:08,20260921,17,2,1-2-6,19.7
2026-09-21 10:55:08,20260921,17,2,1-3-2,53.4
2026-09-21 10:55:08,20260921,17,2,1-3-4,51.8
2026-09-21 10:55:08,20260921,17,2,1-3-5,215.4
2026-09-21 10:55:08,20260921,17,2,1-3-6,74.8
2026-09-21 10:55:08,20260921,17,2,1-4-2,12.2
2026-09-21 10:55:08,20260921,17,2,1-4-3,43.4
2026-09-21 10:55:08,20260921,17,2,1-4-5,167.6
2026-09-21 10:55:08,20260921,17,2,1-4-6,14.3
2026-09-21 10:55:08,20260921,17,2,1-5-2,374.2
2026-09-21 10:55:08,20260921,17,2,1-5-3,530.5
2026-09-21 10:55:08,20260921,17,2,1-5-4,374.2
2026-09-21 10:55:08,20260921,17,2,1-5-6,455.7
2026-09-21 10:55:08,20260921,17,2,1-6-2,40.3
2026-09-21 10:55:08,20260921,17,2,1-6-3,101.5
2026-09-21 10:55:08,20260921,17,2,1-6-4,30.6
2026-09-21 10:55:08,20260921,17,2,1-6-5,564.2
2026-09-21 10:55:08,20260921,17,2,2-1-3,60.9
2026-09-21 10:55:08,20260921,17,2,2-1-4,19.5
2026-09-21 10:55:08,20260921,17,2,2-1-5,314.5
2026-09-21 10:55:08,20260921,17,2,2-1-6,30.6
2026-09-21 10:55:08,20260921,17,2,2-3-1,106.1
2026-09-21 10:55:08,20260921,17,2,2-3-4,103.6
2026-09-21 10:55:08,20260921,17,2,2-3-5,582.7
2026-09-21 10:55:08,20260921,17,2,2-3-6,123.4
2026-09-21 10:55:08,20260921,17,2,2-4-1,25.0
2026-09-21 10:55:08,20260921,17,2,2-4-3,69.1
2026-09-21 10:55:08,20260921,17,2,2-4-5,267.2
2026-09-21 10:55:08,20260921,17,2,2-4-6,21.6
2026-09-21 10:55:08,20260921,17,2,2-5-1,564.2
2026-09-21 10:55:08,20260921,17,2,2-5-3,888.7
2026-09-21 10:55:08,20260921,17,2,2-5-4,710.9
2026-09-21 10:55:08,20260921,17,2,2-5-6,612.9
2026-09-21 10:55:08,20260921,17,2,2-6-1,61.3
2026-09-21 10:55:08,20260921,17,2,2-6-3,147.5
2026-09-21 10:55:08,20260921,17,2,2-6-4,41.6
2026-09-21 10:55:08,20260921,17,2,2-6-5,646.3
2026-09-21 10:55:08,20260921,17,2,3-1-2,133.1
2026-09-21 10:55:08,20260921,17,2,3-1-4,121.7
2026-09-21 10:55:08,20260921,17,2,3-1-5,317.4
2026-09-21 10:55:08,20260921,17,2,3-1-6,219.4
2026-09-21 10:55:08,20260921,17,2,3-2-1,193.2
2026-09-21 10:55:08,20260921,17,2,3-2-4,167.6
2026-09-21 10:55:08,20260921,17,2,3-2-5,564.2
2026-09-21 10:55:08,20260921,17,2,3-2-6,177.7
2026-09-21 10:55:08,20260921,17,2,3-4-1,170.9
2026-09-21 10:55:08,20260921,17,2,3-4-2,220.8
2026-09-21 10:55:08,20260921,17,2,3-4-5,867.0
2026-09-21 10:55:08,20260921,17,2,3-4-6,152.5
2026-09-21 10:55:08,20260921,17,2,3-5-1,960.7
2026-09-21 10:55:08,20260921,17,2,3-5-2,444.3
2026-09-21 10:55:08,20260921,17,2,3-5-4,807.9
2026-09-21 10:55:08,20260921,17,2,3-5-6,987.4
2026-09-21 10:55:08,20260921,17,2,3-6-1,507.8
2026-09-21 10:55:08,20260921,17,2,3-6-2,403.9
2026-09-21 10:55:08,20260921,17,2,3-6-4,317.4
2026-09-21 10:55:08,20260921,17,2,3-6-5,1110.0
2026-09-21 10:55:08,20260921,17,2,4-1-2,18.7
2026-09-21 10:55:08,20260921,17,2,4-1-3,69.5
2026-09-21 10:55:08,20260921,17,2,4-1-5,248.5
2026-09-21 10:55:08,20260921,17,2,4-1-6,21.7
2026-09-21 10:55:08,20260921,17,2,4-2-1,26.1
2026-09-21 10:55:08,20260921,17,2,4-2-3,82.0
2026-09-21 10:55:08,20260921,17,2,4-2-5,293.7
2026-09-21 10:55:08,20260921,17,2,4-2-6,23.3
2026-09-21 10:55:08,20260921,17,2,4-3-1,132.1
2026-09-21 10:55:08,20260921,17,2,4-3-2,125.6
2026-09-21 10:55:08,20260921,17,2,4-3-5,670.7
2026-09-21 10:55:08,20260921,17,2,4-3-6,127.4
2026-09-21 10:55:08,20260921,17,2,4-5-1,461.6
2026-09-21 10:55:08,20260921,17,2,4-5-2,433.5
2026-09-21 10:55:08,20260921,17,2,4-5-3,658.3
2026-09-21 10:55:08,20260921,17,2,4-5-6,359.0
2026-09-21 10:55:08,20260921,17,2,4-6-1,23.0
2026-09-21 10:55:08,20260921,17,2,4-6-2,22.1
2026-09-21 10:55:08,20260921,17,2,4-6-3,74.9
2026-09-21 10:55:08,20260921,17,2,4-6-5,211.6
2026-09-21 10:55:08,20260921,17,2,5-1-2,888.7
2026-09-21 10:55:08,20260921,17,2,5-1-3,1045.0
2026-09-21 10:55:08,20260921,17,2,5-1-4,564.2
2026-09-21 10:55:08,20260921,17,2,5-1-6,725.4
2026-09-21 10:55:08,20260921,17,2,5-2-1,789.9
2026-09-21 10:55:08,20260921,17,2,5-2-3,1077.0
2026-09-21 10:55:08,20260921,17,2,5-2-4,710.9
2026-09-21 10:55:08,20260921,17,2,5-2-6,646.3
2026-09-21 10:55:08,20260921,17,2,5-3-1,1225.0
2026-09-21 10:55:08,20260921,17,2,5-3-2,1615.0
2026-09-21 10:55:08,20260921,17,2,5-3-4,1692.0
2026-09-21 10:55:08,20260921,17,2,5-3-6,1545.0
2026-09-21 10:55:08,20260921,17,2,5-4-1,1045.0
2026-09-21 10:55:08,20260921,17,2,5-4-2,987.4
2026-09-21 10:55:08,20260921,17,2,5-4-3,1316.0
2026-09-21 10:55:08,20260921,17,2,5-4-6,1110.0
2026-09-21 10:55:08,20260921,17,2,5-6-1,1015.0
2026-09-21 10:55:08,20260921,17,2,5-6-2,697.0
2026-09-21 10:55:08,20260921,17,2,5-6-3,911.5
2026-09-21 10:55:08,20260921,17,2,5-6-4,725.4
2026-09-21 10:55:08,20260921,17,2,6-1-2,97.9
2026-09-21 10:55:08,20260921,17,2,6-1-3,284.3
2026-09-21 10:55:08,20260921,17,2,6-1-4,80.4
2026-09-21 10:55:08,20260921,17,2,6-1-5,1184.0
2026-09-21 10:55:08,20260921,17,2,6-2-1,126.5
2026-09-21 10:55:08,20260921,17,2,6-2-3,230.8
2026-09-21 10:55:08,20260921,17,2,6-2-4,70.9
2026-09-21 10:55:08,20260921,17,2,6-2-5,826.7
2026-09-21 10:55:08,20260921,17,2,6-3-1,623.6
2026-09-21 10:55:08,20260921,17,2,6-3-2,461.6
2026-09-21 10:55:08,20260921,17,2,6-3-4,332.2
2026-09-21 10:55:08,20260921,17,2,6-3-5,1225.0
2026-09-21 10:55:08,20260921,17,2,6-4-1,71.9
2026-09-21 10:55:08,20260921,17,2,6-4-2,64.7
2026-09-21 10:55:08,20260921,17,2,6-4-3,188.0
2026-09-21 10:55:08,20260921,17,2,6-4-5,772.8
2026-09-21 10:55:08,20260921,17,2,6-5-1,438.8
2026-09-21 10:55:08,20260921,17,2,6-5-2,1045.0
2026-09-21 10:55:08,20260921,17,2,6-5-3,1146.0
2026-09-21 10:55:08,20260921,17,2,6-5-4,1015.0
2026-09-21 11:08:28,20260921,10,7,1-2-3,59.6
2026-09-21 11:08:28,20260921,10,7,1-2-4,29.3
2026-09-21 11:08:28,20260921,10,7,1-2-5,128.8
2026-09-21 11:08:28,20260921,10,7,1-2-6,53.5
2026-09-21 11:08:28,20260921,10,7,1-3-2,70.9
2026-09-21 11:08:28,20260921,10,7,1-3-4,74.5
2026-09-21 11:08:28,20260921,10,7,1-3-5,187.3
2026-09-21 11:08:28,20260921,10,7,1-3-6,118.4
2026-09-21 11:08:28,20260921,10,7,1-4-2,36.6
2026-09-21 11:08:28,20260921,10,7,1-4-3,70.0
2026-09-21 11:08:28,20260921,10,7,1-4-5,156.4
2026-09-21 11:08:28,20260921,10,7,1-4-6,51.9
2026-09-21 11:08:28,20260921,10,7,1-5-2,203.9
2026-09-21 11:08:28,20260921,10,7,1-5-3,175.1
2026-09-21 11:08:28,20260921,10,7,1-5-4,298.3
2026-09-21 11:08:28,20260921,10,7,1-5-6,335.6
2026-09-21 11:08:28,20260921,10,7,1-6-2,88.5
2026-09-21 11:08:28,20260921,10,7,1-6-3,171.3
2026-09-21 11:08:28,20260921,10,7,1-6-4,106.6
2026-09-21 11:08:28,20260921,10,7,1-6-5,402.7
2026-09-21 11:08:28,20260921,10,7,2-1-3,46.6
2026-09-21 11:08:28,20260921,10,7,2-1-4,27.6
2026-09-21 11:08:28,20260921,10,7,2-1-5,171.3
2026-09-21 11:08:28,20260921,10,7,2-1-6,47.1
2026-09-21 11:08:28,20260921,10,7,2-3-1,75.9
2026-09-21 11:08:28,20260921,10,7,2-3-4,28.6
2026-09-21 11:08:28,20260921,10,7,2-3-5,226.8
2026-09-21 11:08:28,20260921,10,7,2-3-6,48.8
2026-09-21 11:08:28,20260921,10,7,2-4-1,27.9
2026-09-21 11:08:28,20260921,10,7,2-4-3,19.6
2026-09-21 11:08:28,20260921,10,7,2-4-5,136.5
2026-09-21 11:08:28,20260921,10,7,2-4-6,11.7
2026-09-21 11:08:28,20260921,10,7,2-5-1,335.6
2026-09-21 11:08:28,20260921,10,7,2-5-3,175.1
2026-09-21 11:08:28,20260921,10,7,2-5-4,303.9
2026-09-21 11:08:28,20260921,10,7,2-5-6,264.0
2026-09-21 11:08:28,20260921,10,7,2-6-1,84.3
2026-09-21 11:08:28,20260921,10,7,2-6-3,68.2
2026-09-21 11:08:28,20260921,10,7,2-6-4,23.4
2026-09-21 11:08:28,20260921,10,7,2-6-5,287.6
2026-09-21 11:08:28,20260921,10,7,3-1-2,123.9
2026-09-21 11:08:28,20260921,10,7,3-1-4,84.7
2026-09-21 11:08:28,20260921,10,7,3-1-5,121.1
2026-09-21 11:08:28,20260921,10,7,3-1-6,129.9
2026-09-21 11:08:28,20260921,10,7,3-2-1,122.9
2026-09-21 11:08:28,20260921,10,7,3-2-4,40.8
2026-09-21 11:08:28,20260921,10,7,3-2-5,185.1
2026-09-21 11:08:28,20260921,10,7,3-2-6,71.9
2026-09-21 11:08:28,20260921,10,7,3-4-1,122.9
2026-09-21 11:08:28,20260921,10,7,3-4-2,39.5
2026-09-21 11:08:28,20260921,10,7,3-4-5,309.7
2026-09-21 11:08:28,20260921,10,7,3-4-6,61.9
2026-09-21 11:08:28,20260921,10,7,3-5-1,342.7
2026-09-21 11:08:28,20260921,10,7,3-5-2,264.0
2026-09-21 11:08:28,20260921,10,7,3-5-4,435.3
2026-09-21 11:08:28,20260921,10,7,3-5-6,350.2
2026-09-21 11:08:28,20260921,10,7,3-6-1,309.7
2026-09-21 11:08:28,20260921,10,7,3-6-2,120.2
2026-09-21 11:08:28,20260921,10,7,3-6-4,115.0
2026-09-21 11:08:28,20260921,10,7,3-6-5,460.2
2026-09-21 11:08:28,20260921,10,7,4-1-2,42.1
2026-09-21 11:08:28,20260921,10,7,4-1-3,115.8
2026-09-21 11:08:28,20260921,10,7,4-1-5,185.1
2026-09-21 11:08:28,20260921,10,7,4-1-6,67.1
2026-09-21 11:08:28,20260921,10,7,4-2-1,39.1
2026-09-21 11:08:28,20260921,10,7,4-2-3,26.9
2026-09-21 11:08:28,20260921,10,7,4-2-5,177.0
2026-09-21 11:08:28,20260921,10,7,4-2-6,13.1
2026-09-21 11:08:28,20260921,10,7,4-3-1,147.7
2026-09-21 11:08:28,20260921,10,7,4-3-2,54.9
2026-09-21 11:08:28,20260921,10,7,4-3-5,447.4
2026-09-21 11:08:28,20260921,10,7,4-3-6,59.8
2026-09-21 11:08:28,20260921,10,7,4-5-1,519.6
2026-09-21 11:08:28,20260921,10,7,4-5-2,357.9
2026-09-21 11:08:28,20260921,10,7,4-5-3,519.6
2026-09-21 11:08:28,20260921,10,7,4-5-6,244.0
2026-09-21 11:08:28,20260921,10,7,4-6-1,65.2
2026-09-21 11:08:28,20260921,10,7,4-6-2,18.9
2026-09-21 11:08:28,20260921,10,7,4-6-3,48.3
2026-09-21 11:08:28,20260921,10,7,4-6-5,264.0
2026-09-21 11:08:28,20260921,10,7,5-1-2,402.7
2026-09-21 11:08:28,20260921,10,7,5-1-3,335.6
2026-09-21 11:08:28,20260921,10,7,5-1-4,596.6
2026-09-21 11:08:28,20260921,10,7,5-1-6,287.6
2026-09-21 11:08:28,20260921,10,7,5-2-1,460.2
2026-09-21 11:08:28,20260921,10,7,5-2-3,374.6
2026-09-21 11:08:28,20260921,10,7,5-2-4,247.8
2026-09-21 11:08:28,20260921,10,7,5-2-6,187.3
2026-09-21 11:08:28,20260921,10,7,5-3-1,700.4
2026-09-21 11:08:28,20260921,10,7,5-3-2,619.5
2026-09-21 11:08:28,20260921,10,7,5-3-4,413.0
2026-09-21 11:08:28,20260921,10,7,5-3-6,732.2
2026-09-21 11:08:28,20260921,10,7,5-4-1,732.2
2026-09-21 11:08:28,20260921,10,7,5-4-2,596.6
2026-09-21 11:08:28,20260921,10,7,5-4-3,947.6
2026-09-21 11:08:28,20260921,10,7,5-4-6,342.7
2026-09-21 11:08:28,20260921,10,7,5-6-1,894.9
2026-09-21 11:08:28,20260921,10,7,5-6-2,309.7
2026-09-21 11:08:28,20260921,10,7,5-6-3,596.6
2026-09-21 11:08:28,20260921,10,7,5-6-4,536.9
2026-09-21 11:08:28,20260921,10,7,6-1-2,138.8
2026-09-21 11:08:28,20260921,10,7,6-1-3,328.7
2026-09-21 11:08:28,20260921,10,7,6-1-4,236.9
2026-09-21 11:08:28,20260921,10,7,6-1-5,473.8
2026-09-21 11:08:28,20260921,10,7,6-2-1,154.8
2026-09-21 11:08:28,20260921,10,7,6-2-3,138.8
2026-09-21 11:08:28,20260921,10,7,6-2-4,46.2
2026-09-21 11:08:28,20260921,10,7,6-2-5,460.2
2026-09-21 11:08:28,20260921,10,7,6-3-1,488.1
2026-09-21 11:08:28,20260921,10,7,6-3-2,185.1
2026-09-21 11:08:28,20260921,10,7,6-3-4,157.9
2026-09-21 11:08:28,20260921,10,7,6-3-5,767.1
2026-09-21 11:08:28,20260921,10,7,6-4-1,167.8
2026-09-21 11:08:28,20260921,10,7,6-4-2,46.8
2026-09-21 11:08:28,20260921,10,7,6-4-3,143.8
2026-09-21 11:08:28,20260921,10,7,6-4-5,671.2
2026-09-21 11:08:28,20260921,10,7,6-5-1,947.6
2026-09-21 11:08:28,20260921,10,7,6-5-2,596.6
2026-09-21 11:08:28,20260921,10,7,6-5-3,894.9
2026-09-21 11:08:28,20260921,10,7,6-5-4,503.4
2026-09-21 11:14:06,20260921,16,2,1-2-3,7.6
2026-09-21 11:14:06,20260921,16,2,1-2-4,12.9
2026-09-21 11:14:06,20260921,16,2,1-2-5,19.0
2026-09-21 11:14:06,20260921,16,2,1-2-6,40.4
2026-09-21 11:14:06,20260921,16,2,1-3-2,12.2
2026-09-21 11:14:06,20260921,16,2,1-3-4,24.9
2026-09-21 11:14:06,20260921,16,2,1-3-5,41.6
2026-09-21 11:14:06,20260921,16,2,1-3-6,129.7
2026-09-21 11:14:06,20260921,16,2,1-4-2,29.5
2026-09-21 11:14:06,20260921,16,2,1-4-3,59.1
2026-09-21 11:14:06,20260921,16,2,1-4-5,64.8
2026-09-21 11:14:06,20260921,16,2,1-4-6,115.2
2026-09-21 11:14:06,20260921,16,2,1-5-2,53.2
2026-09-21 11:14:06,20260921,16,2,1-5-3,63.7
2026-09-21 11:14:06,20260921,16,2,1-5-4,71.4
2026-09-21 11:14:06,20260921,16,2,1-5-6,96.5
2026-09-21 11:14:06,20260921,16,2,1-6-2,84.2
2026-09-21 11:14:06,20260921,16,2,1-6-3,79.5
2026-09-21 11:14:06,20260921,16,2,1-6-4,148.5
2026-09-21 11:14:06,20260921,16,2,1-6-5,152.5
2026-09-21 11:14:06,20260921,16,2,2-1-3,15.9
2026-09-21 11:14:06,20260921,16,2,2-1-4,19.0
2026-09-21 11:14:06,20260921,16,2,2-1-5,28.6
2026-09-21 11:14:06,20260921,16,2,2-1-6,55.6
2026-09-21 11:14:06,20260921,16,2,2-3-1,54.5
2026-09-21 11:14:06,20260921,16,2,2-3-4,76.2
2026-09-21 11:14:06,20260921,16,2,2-3-5,104.5
2026-09-21 11:14:06,20260921,16,2,2-3-6,142.9
2026-09-21 11:14:06,20260921,16,2,2-4-1,80.6
2026-09-21 11:14:06,20260921,16,2,2-4-3,88.9
2026-09-21 11:14:06,20260921,16,2,2-4-5,198.0
2026-09-21 11:14:06,20260921,16,2,2-4-6,121.4
2026-09-21 11:14:06,20260921,16,2,2-5-1,83.0
2026-09-21 11:14:06,20260921,16,2,2-5-3,137.6
2026-09-21 11:14:06,20260921,16,2,2-5-4,205.2
2026-09-21 11:14:06,20260921,16,2,2-5-6,146.6
2026-09-21 11:14:06,20260921,16,2,2-6-1,150.5
2026-09-21 11:14:06,20260921,16,2,2-6-3,289.5
2026-09-21 11:14:06,20260921,16,2,2-6-4,256.6
2026-09-21 11:14:06,20260921,16,2,2-6-5,256.6
2026-09-21 11:14:06,20260921,16,2,3-1-2,66.8
2026-09-21 11:14:06,20260921,16,2,3-1-4,99.0
2026-09-21 11:14:06,20260921,16,2,3-1-5,58.8
2026-09-21 11:14:06,20260921,16,2,3-1-6,262.5
2026-09-21 11:14:06,20260921,16,2,3-2-1,73.7
2026-09-21 11:14:06,20260921,16,2,3-2-4,94.8
2026-09-21 11:14:06,20260921,16,2,3-2-5,126.8
2026-09-21 11:14:06,20260921,16,2,3-2-6,240.2
2026-09-21 11:14:06,20260921,16,2,3-4-1,173.7
2026-09-21 11:14:06,20260921,16,2,3-4-2,156.8
2026-09-21 11:14:06,20260921,16,2,3-4-5,209.0
2026-09-21 11:14:06,20260921,16,2,3-4-6,282.2
2026-09-21 11:14:06,20260921,16,2,3-5-1,94.8
2026-09-21 11:14:06,20260921,16,2,3-5-2,163.6
2026-09-21 11:14:06,20260921,16,2,3-5-4,235.2
2026-09-21 11:14:06,20260921,16,2,3-5-6,205.2
2026-09-21 11:14:06,20260921,16,2,3-6-1,322.6
2026-09-21 11:14:06,20260921,16,2,3-6-2,364.2
2026-09-21 11:14:06,20260921,16,2,3-6-4,513.2
2026-09-21 11:14:06,20260921,16,2,3-6-5,313.6
2026-09-21 11:14:06,20260921,16,2,4-1-2,62.0
2026-09-21 11:14:06,20260921,16,2,4-1-3,122.7
2026-09-21 11:14:06,20260921,16,2,4-1-5,71.0
2026-09-21 11:14:06,20260921,16,2,4-1-6,205.2
2026-09-21 11:14:06,20260921,16,2,4-2-1,99.0
2026-09-21 11:14:06,20260921,16,2,4-2-3,126.8
2026-09-21 11:14:06,20260921,16,2,4-2-5,139.3
2026-09-21 11:14:06,20260921,16,2,4-2-6,194.6
2026-09-21 11:14:06,20260921,16,2,4-3-1,182.1
2026-09-21 11:14:06,20260921,16,2,4-3-2,198.0
2026-09-21 11:14:06,20260921,16,2,4-3-5,209.0
2026-09-21 11:14:06,20260921,16,2,4-3-6,434.2
2026-09-21 11:14:06,20260921,16,2,4-5-1,86.8
2026-09-21 11:14:06,20260921,16,2,4-5-2,256.6
2026-09-21 11:14:06,20260921,16,2,4-5-3,217.1
2026-09-21 11:14:06,20260921,16,2,4-5-6,152.5
2026-09-21 11:14:06,20260921,16,2,4-6-1,282.2
2026-09-21 11:14:06,20260921,16,2,4-6-2,289.5
2026-09-21 11:14:06,20260921,16,2,4-6-3,564.5
2026-09-21 11:14:06,20260921,16,2,4-6-5,289.5
2026-09-21 11:14:06,20260921,16,2,5-1-2,116.4
2026-09-21 11:14:06,20260921,16,2,5-1-3,88.9
2026-09-21 11:14:06,20260921,16,2,5-1-4,109.6
2026-09-21 11:14:06,20260921,16,2,5-1-6,146.6
2026-09-21 11:14:06,20260921,16,2,5-2-1,188.1
2026-09-21 11:14:06,20260921,16,2,5-2-3,201.6
2026-09-21 11:14:06,20260921,16,2,5-2-4,201.6
2026-09-21 11:14:06,20260921,16,2,5-2-6,188.1
2026-09-21 11:14:06,20260921,16,2,5-3-1,107.5
2026-09-21 11:14:06,20260921,16,2,5-3-2,332.0
2026-09-21 11:14:06,20260921,16,2,5-3-4,235.2
2026-09-21 11:14:06,20260921,16,2,5-3-6,313.6
2026-09-21 11:14:06,20260921,16,2,5-4-1,134.4
2026-09-21 11:14:06,20260921,16,2,5-4-2,313.6
2026-09-21 11:14:06,20260921,16,2,5-4-3,352.8
2026-09-21 11:14:06,20260921,16,2,5-4-6,289.5
2026-09-21 11:14:06,20260921,16,2,5-6-1,213.0
2026-09-21 11:14:06,20260921,16,2,5-6-2,268.8
2026-09-21 11:14:06,20260921,16,2,5-6-3,352.8
2026-09-21 11:14:06,20260921,16,2,5-6-4,275.3
2026-09-21 11:14:06,20260921,16,2,6-1-2,282.2
2026-09-21 11:14:06,20260921,16,2,6-1-3,490.9
2026-09-21 11:14:06,20260921,16,2,6-1-4,594.2
2026-09-21 11:14:06,20260921,16,2,6-1-5,305.1
2026-09-21 11:14:06,20260921,16,2,6-2-1,451.6
2026-09-21 11:14:06,20260921,16,2,6-2-3,342.1
2026-09-21 11:14:06,20260921,16,2,6-2-4,537.6
2026-09-21 11:14:06,20260921,16,2,6-2-5,537.6
2026-09-21 11:14:06,20260921,16,2,6-3-1,705.7
2026-09-21 11:14:06,20260921,16,2,6-3-2,513.2
2026-09-21 11:14:06,20260921,16,2,6-3-4,513.2
2026-09-21 11:14:06,20260921,16,2,6-3-5,564.5
2026-09-21 11:14:06,20260921,16,2,6-4-1,940.9
2026-09-21 11:14:06,20260921,16,2,6-4-2,451.6
2026-09-21 11:14:06,20260921,16,2,6-4-3,594.2
2026-09-21 11:14:06,20260921,16,2,6-4-5,389.3
2026-09-21 11:14:06,20260921,16,2,6-5-1,332.0
2026-09-21 11:14:06,20260921,16,2,6-5-2,418.1
2026-09-21 11:14:06,20260921,16,2,6-5-3,352.8
2026-09-21 11:14:06,20260921,16,2,6-5-4,313.6
2026-09-21 11:14:56,20260921,5,3,1-2-3,29.7
2026-09-21 11:14:56,20260921,5,3,1-2-4,27.0
2026-09-21 11:14:56,20260921,5,3,1-2-5,17.7
2026-09-21 11:14:56,20260921,5,3,1-2-6,27.9
2026-09-21 11:14:56,20260921,5,3,1-3-2,54.8
2026-09-21 11:14:56,20260921,5,3,1-3-4,62.1
2026-09-21 11:14:56,20260921,5,3,1-3-5,58.1
2026-09-21 11:14:56,20260921,5,3,1-3-6,81.7
2026-09-21 11:14:56,20260921,5,3,1-4-2,50.8
2026-09-21 11:14:56,20260921,5,3,1-4-3,101.0
2026-09-21 11:14:56,20260921,5,3,1-4-5,60.7
2026-09-21 11:14:56,20260921,5,3,1-4-6,80.0
2026-09-21 11:14:56,20260921,5,3,1-5-2,19.8
2026-09-21 11:14:56,20260921,5,3,1-5-3,59.5
2026-09-21 11:14:56,20260921,5,3,1-5-4,43.5
2026-09-21 11:14:56,20260921,5,3,1-5-6,38.1
2026-09-21 11:14:56,20260921,5,3,1-6-2,66.3
2026-09-21 11:14:56,20260921,5,3,1-6-3,135.0
2026-09-21 11:14:56,20260921,5,3,1-6-4,117.6
2026-09-21 11:14:56,20260921,5,3,1-6-5,89.5
2026-09-21 11:14:56,20260921,5,3,2-1-3,116.4
2026-09-21 11:14:56,20260921,5,3,2-1-4,98.9
2026-09-21 11:14:56,20260921,5,3,2-1-5,45.8
2026-09-21 11:14:56,20260921,5,3,2-1-6,91.5
2026-09-21 11:14:56,20260921,5,3,2-3-1,272.0
2026-09-21 11:14:56,20260921,5,3,2-3-4,274.5
2026-09-21 11:14:56,20260921,5,3,2-3-5,316.1
2026-09-21 11:14:56,20260921,5,3,2-3-6,392.4
2026-09-21 11:14:56,20260921,5,3,2-4-1,193.6
2026-09-21 11:14:56,20260921,5,3,2-4-3,330.4
2026-09-21 11:14:56,20260921,5,3,2-4-5,282.5
2026-09-21 11:14:56,20260921,5,3,2-4-6,236.7
2026-09-21 11:14:56,20260921,5,3,2-5-1,66.6
2026-09-21 11:14:56,20260921,5,3,2-5-3,231.1
2026-09-21 11:14:56,20260921,5,3,2-5-4,190.4
2026-09-21 11:14:56,20260921,5,3,2-5-6,115.5
2026-09-21 11:14:56,20260921,5,3,2-6-1,206.6
2026-09-21 11:14:56,20260921,5,3,2-6-3,387.2
2026-09-21 11:14:56,20260921,5,3,2-6-4,344.0
2026-09-21 11:14:56,20260921,5,3,2-6-5,196.2
2026-09-21 11:14:56,20260921,5,3,3-1-2,240.6
2026-09-21 11:14:56,20260921,5,3,3-1-4,267.0
2026-09-21 11:14:56,20260921,5,3,3-1-5,140.2
2026-09-21 11:14:56,20260921,5,3,3-1-6,292.4
2026-09-21 11:14:56,20260921,5,3,3-2-1,453.3
2026-09-21 11:14:56,20260921,5,3,3-2-4,242.6
2026-09-21 11:14:56,20260921,5,3,3-2-5,328.5
2026-09-21 11:14:56,20260921,5,3,3-2-6,406.1
2026-09-21 11:14:56,20260921,5,3,3-4-1,352.2
2026-09-21 11:14:56,20260921,5,3,3-4-2,338.0
2026-09-21 11:14:56,20260921,5,3,3-4-5,517.5
2026-09-21 11:14:56,20260921,5,3,3-4-6,382.2
2026-09-21 11:14:56,20260921,5,3,3-5-1,389.8
2026-09-21 11:14:56,20260921,5,3,3-5-2,363.2
2026-09-21 11:14:56,20260921,5,3,3-5-4,649.7
2026-09-21 11:14:56,20260921,5,3,3-5-6,433.1
2026-09-21 11:14:56,20260921,5,3,3-6-1,596.7
2026-09-21 11:14:56,20260921,5,3,3-6-2,536.5
2026-09-21 11:14:56,20260921,5,3,3-6-4,740.2
2026-09-21 11:14:56,20260921,5,3,3-6-5,584.8
2026-09-21 11:14:56,20260921,5,3,4-1-2,166.6
2026-09-21 11:14:56,20260921,5,3,4-1-3,340.0
2026-09-21 11:14:56,20260921,5,3,4-1-5,114.4
2026-09-21 11:14:56,20260921,5,3,4-1-6,234.8
2026-09-21 11:14:56,20260921,5,3,4-2-1,206.6
2026-09-21 11:14:56,20260921,5,3,4-2-3,400.5
2026-09-21 11:14:56,20260921,5,3,4-2-5,326.7
2026-09-21 11:14:56,20260921,5,3,4-2-6,263.4
2026-09-21 11:14:56,20260921,5,3,4-3-1,379.7
2026-09-21 11:14:56,20260921,5,3,4-3-2,499.8
2026-09-21 11:14:56,20260921,5,3,4-3-5,562.3
2026-09-21 11:14:56,20260921,5,3,4-3-6,403.3
2026-09-21 11:14:56,20260921,5,3,4-5-1,141.2
2026-09-21 11:14:56,20260921,5,3,4-5-2,211.8
2026-09-21 11:14:56,20260921,5,3,4-5-3,420.7
2026-09-21 11:14:56,20260921,5,3,4-5-6,169.0
2026-09-21 11:14:56,20260921,5,3,4-6-1,363.2
2026-09-21 11:14:56,20260921,5,3,4-6-2,270.7
2026-09-21 11:14:56,20260921,5,3,4-6-3,475.4
2026-09-21 11:14:56,20260921,5,3,4-6-5,307.7
2026-09-21 11:14:56,20260921,5,3,5-1-2,13.0
2026-09-21 11:14:56,20260921,5,3,5-1-3,38.7
2026-09-21 11:14:56,20260921,5,3,5-1-4,30.9
2026-09-21 11:14:56,20260921,5,3,5-1-6,19.6
2026-09-21 11:14:56,20260921,5,3,5-2-1,17.4
2026-09-21 11:14:56,20260921,5,3,5-2-3,50.0
2026-09-21 11:14:56,20260921,5,3,5-2-4,36.6
2026-09-21 11:14:56,20260921,5,3,5-2-6,22.3
2026-09-21 11:14:56,20260921,5,3,5-3-1,134.1
2026-09-21 11:14:56,20260921,5,3,5-3-2,131.1
2026-09-21 11:14:56,20260921,5,3,5-3-4,216.5
2026-09-21 11:14:56,20260921,5,3,5-3-6,152.6
2026-09-21 11:14:56,20260921,5,3,5-4-1,38.1
2026-09-21 11:14:56,20260921,5,3,5-4-2,41.5
2026-09-21 11:14:56,20260921,5,3,5-4-3,115.1
2026-09-21 11:14:56,20260921,5,3,5-4-6,35.8
2026-09-21 11:14:56,20260921,5,3,5-6-1,26.3
2026-09-21 11:14:56,20260921,5,3,5-6-2,23.9
2026-09-21 11:14:56,20260921,5,3,5-6-3,78.8
2026-09-21 11:14:56,20260921,5,3,5-6-4,42.1
2026-09-21 11:14:56,20260921,5,3,6-1-2,173.0
2026-09-21 11:14:56,20260921,5,3,6-1-3,517.5
2026-09-21 11:14:56,20260921,5,3,6-1-4,475.4
2026-09-21 11:14:56,20260921,5,3,6-1-5,206.6
2026-09-21 11:14:56,20260921,5,3,6-2-1,261.0
2026-09-21 11:14:56,20260921,5,3,6-2-3,508.5
2026-09-21 11:14:56,20260921,5,3,6-2-4,408.9
2026-09-21 11:14:56,20260921,5,3,6-2-5,267.0
2026-09-21 11:14:56,20260921,5,3,6-3-1,628.8
2026-09-21 11:14:56,20260921,5,3,6-3-2,546.5
2026-09-21 11:14:56,20260921,5,3,6-3-4,672.1
2026-09-21 11:14:56,20260921,5,3,6-3-5,958.7
2026-09-21 11:14:56,20260921,5,3,6-4-1,491.4
2026-09-21 11:14:56,20260921,5,3,6-4-2,395.1
2026-09-21 11:14:56,20260921,5,3,6-4-3,759.4
2026-09-21 11:14:56,20260921,5,3,6-4-5,370.1
2026-09-21 11:14:56,20260921,5,3,6-5-1,137.6
2026-09-21 11:14:56,20260921,5,3,6-5-2,146.2
2026-09-21 11:14:56,20260921,5,3,6-5-3,323.1
2026-09-21 11:14:56,20260921,5,3,6-5-4,206.6
2026-09-21 11:15:05,20260921,13,3,1-2-3,16.9
2026-09-21 11:15:05,20260921,13,3,1-2-4,7.0
2026-09-21 11:15:05,20260921,13,3,1-2-5,55.1
2026-09-21 11:15:05,20260921,13,3,1-2-6,15.8
2026-09-21 11:15:05,20260921,13,3,1-3-2,40.7
2026-09-21 11:15:05,20260921,13,3,1-3-4,31.5
2026-09-21 11:15:05,20260921,13,3,1-3-5,88.8
2026-09-21 11:15:05,20260921,13,3,1-3-6,62.1
2026-09-21 11:15:05,20260921,13,3,1-4-2,10.3
2026-09-21 11:15:05,20260921,13,3,1-4-3,30.4
2026-09-21 11:15:05,20260921,13,3,1-4-5,62.1
2026-09-21 11:15:05,20260921,13,3,1-4-6,23.3
2026-09-21 11:15:05,20260921,13,3,1-5-2,128.8
2026-09-21 11:15:05,20260921,13,3,1-5-3,206.4
2026-09-21 11:15:05,20260921,13,3,1-5-4,146.5
2026-09-21 11:15:05,20260921,13,3,1-5-6,204.2
2026-09-21 11:15:05,20260921,13,3,1-6-2,55.0
2026-09-21 11:15:05,20260921,13,3,1-6-3,109.7
2026-09-21 11:15:05,20260921,13,3,1-6-4,46.3
2026-09-21 11:15:05,20260921,13,3,1-6-5,169.9
2026-09-21 11:15:05,20260921,13,3,2-1-3,54.5
2026-09-21 11:15:05,20260921,13,3,2-1-4,28.6
2026-09-21 11:15:05,20260921,13,3,2-1-5,181.1
2026-09-21 11:15:05,20260921,13,3,2-1-6,26.5
2026-09-21 11:15:05,20260921,13,3,2-3-1,89.2
2026-09-21 11:15:05,20260921,13,3,2-3-4,77.1
2026-09-21 11:15:05,20260921,13,3,2-3-5,111.6
2026-09-21 11:15:05,20260921,13,3,2-3-6,125.4
2026-09-21 11:15:05,20260921,13,3,2-4-1,58.7
2026-09-21 11:15:05,20260921,13,3,2-4-3,100.5
2026-09-21 11:15:05,20260921,13,3,2-4-5,184.6
2026-09-21 11:15:05,20260921,13,3,2-4-6,25.6
2026-09-21 11:15:05,20260921,13,3,2-5-1,110.9
2026-09-21 11:15:05,20260921,13,3,2-5-3,127.9
2026-09-21 11:15:05,20260921,13,3,2-5-4,119.2
2026-09-21 11:15:05,20260921,13,3,2-5-6,131.5
2026-09-21 11:15:05,20260921,13,3,2-6-1,102.6
2026-09-21 11:15:05,20260921,13,3,2-6-3,134.2
2026-09-21 11:15:05,20260921,13,3,2-6-4,73.2
2026-09-21 11:15:05,20260921,13,3,2-6-5,130.6
2026-09-21 11:15:05,20260921,13,3,3-1-2,176.1
2026-09-21 11:15:05,20260921,13,3,3-1-4,103.7
2026-09-21 11:15:05,20260921,13,3,3-1-5,168.4
2026-09-21 11:15:05,20260921,13,3,3-1-6,225.8
2026-09-21 11:15:05,20260921,13,3,3-2-1,113.6
2026-09-21 11:15:05,20260921,13,3,3-2-4,85.3
2026-09-21 11:15:05,20260921,13,3,3-2-5,115.6
2026-09-21 11:15:05,20260921,13,3,3-2-6,128.8
2026-09-21 11:15:05,20260921,13,3,3-4-1,193.9
2026-09-21 11:15:05,20260921,13,3,3-4-2,190.0
2026-09-21 11:15:05,20260921,13,3,3-4-5,457.1
2026-09-21 11:15:05,20260921,13,3,3-4-6,325.4
2026-09-21 11:15:05,20260921,13,3,3-5-1,125.4
2026-09-21 11:15:05,20260921,13,3,3-5-2,115.6
2026-09-21 11:15:05,20260921,13,3,3-5-4,134.2
2026-09-21 11:15:05,20260921,13,3,3-5-6,131.5
2026-09-21 11:15:05,20260921,13,3,3-6-1,139.1
2026-09-21 11:15:05,20260921,13,3,3-6-2,156.0
2026-09-21 11:15:05,20260921,13,3,3-6-4,136.1
2026-09-21 11:15:05,20260921,13,3,3-6-5,161.3
2026-09-21 11:15:05,20260921,13,3,4-1-2,35.3
2026-09-21 11:15:05,20260921,13,3,4-1-3,83.4
2026-09-21 11:15:05,20260921,13,3,4-1-5,90.5
2026-09-21 11:15:05,20260921,13,3,4-1-6,80.6
2026-09-21 11:15:05,20260921,13,3,4-2-1,69.3
2026-09-21 11:15:05,20260921,13,3,4-2-3,127.9
2026-09-21 11:15:05,20260921,13,3,4-2-5,191.9
2026-09-21 11:15:05,20260921,13,3,4-2-6,25.9
2026-09-21 11:15:05,20260921,13,3,4-3-1,174.5
2026-09-21 11:15:05,20260921,13,3,4-3-2,199.9
2026-09-21 11:15:05,20260921,13,3,4-3-5,336.8
2026-09-21 11:15:05,20260921,13,3,4-3-6,266.6
2026-09-21 11:15:05,20260921,13,3,4-5-1,204.2
2026-09-21 11:15:05,20260921,13,3,4-5-2,191.9
2026-09-21 11:15:05,20260921,13,3,4-5-3,290.8
2026-09-21 11:15:05,20260921,13,3,4-5-6,146.5
2026-09-21 11:15:05,20260921,13,3,4-6-1,128.8
2026-09-21 11:15:05,20260921,13,3,4-6-2,96.9
2026-09-21 11:15:05,20260921,13,3,4-6-3,263.0
2026-09-21 11:15:05,20260921,13,3,4-6-5,266.6
2026-09-21 11:15:05,20260921,13,3,5-1-2,255.9
2026-09-21 11:15:05,20260921,13,3,5-1-3,342.8
2026-09-21 11:15:05,20260921,13,3,5-1-4,417.3
2026-09-21 11:15:05,20260921,13,3,5-1-6,274.2
2026-09-21 11:15:05,20260921,13,3,5-2-1,426.6
2026-09-21 11:15:05,20260921,13,3,5-2-3,417.3
2026-09-21 11:15:05,20260921,13,3,5-2-4,492.2
2026-09-21 11:15:05,20260921,13,3,5-2-6,342.8
2026-09-21 11:15:05,20260921,13,3,5-3-1,446.4
2026-09-21 11:15:05,20260921,13,3,5-3-2,492.2
2026-09-21 11:15:05,20260921,13,3,5-3-4,1476.0
2026-09-21 11:15:05,20260921,13,3,5-3-6,959.9
2026-09-21 11:15:05,20260921,13,3,5-4-1,533.3
2026-09-21 11:15:05,20260921,13,3,5-4-2,619.3
2026-09-21 11:15:05,20260921,13,3,5-4-3,959.9
2026-09-21 11:15:05,20260921,13,3,5-4-6,290.8
2026-09-21 11:15:05,20260921,13,3,5-6-1,767.9
2026-09-21 11:15:05,20260921,13,3,5-6-2,505.2
2026-09-21 11:15:05,20260921,13,3,5-6-3,685.6
2026-09-21 11:15:05,20260921,13,3,5-6-4,468.2
2026-09-21 11:15:05,20260921,13,3,6-1-2,249.3
2026-09-21 11:15:05,20260921,13,3,6-1-3,457.1
2026-09-21 11:15:05,20260921,13,3,6-1-4,191.9
2026-09-21 11:15:05,20260921,13,3,6-1-5,799.9
2026-09-21 11:15:05,20260921,13,3,6-2-1,446.4
2026-09-21 11:15:05,20260921,13,3,6-2-3,505.2
2026-09-21 11:15:05,20260921,13,3,6-2-4,186.4
2026-09-21 11:15:05,20260921,13,3,6-2-5,959.9
2026-09-21 11:15:05,20260921,13,3,6-3-1,711.0
2026-09-21 11:15:05,20260921,13,3,6-3-2,1371.0
2026-09-21 11:15:05,20260921,13,3,6-3-4,304.7
2026-09-21 11:15:05,20260921,13,3,6-3-5,1371.0
2026-09-21 11:15:05,20260921,13,3,6-4-1,325.4
2026-09-21 11:15:05,20260921,13,3,6-4-2,208.6
2026-09-21 11:15:05,20260921,13,3,6-4-3,446.4
2026-09-21 11:15:05,20260921,13,3,6-4-5,639.9
2026-09-21 11:15:05,20260921,13,3,6-5-1,914.2
2026-09-21 11:15:05,20260921,13,3,6-5-2,1066.0
2026-09-21 11:15:05,20260921,13,3,6-5-3,1199.0
2026-09-21 11:15:05,20260921,13,3,6-5-4,376.4
2026-09-21 11:20:25,20260921,6,1,1-2-3,32.3
2026-09-21 11:20:25,20260921,6,1,1-2-4,57.9
2026-09-21 11:20:25,20260921,6,1,1-2-5,65.5
2026-09-21 11:20:25,20260921,6,1,1-2-6,123.3
2026-09-21 11:20:25,20260921,6,1,1-3-2,53.7
2026-09-21 11:20:25,20260921,6,1,1-3-4,34.6
2026-09-21 11:20:25,20260921,6,1,1-3-5,27.7
2026-09-21 11:20:25,20260921,6,1,1-3-6,81.1
2026-09-21 11:20:25,20260921,6,1,1-4-2,37.8
2026-09-21 11:20:25,20260921,6,1,1-4-3,21.9
2026-09-21 11:20:25,20260921,6,1,1-4-5,21.0
2026-09-21 11:20:25,20260921,6,1,1-4-6,95.7
2026-09-21 11:20:25,20260921,6,1,1-5-2,82.8
2026-09-21 11:20:25,20260921,6,1,1-5-3,52.7
2026-09-21 11:20:25,20260921,6,1,1-5-4,50.3
2026-09-21 11:20:25,20260921,6,1,1-5-6,88.0
2026-09-21 11:20:25,20260921,6,1,1-6-2,175.1
2026-09-21 11:20:25,20260921,6,1,1-6-3,140.1
2026-09-21 11:20:25,20260921,6,1,1-6-4,202.8
2026-09-21 11:20:25,20260921,6,1,1-6-5,208.2
2026-09-21 11:20:25,20260921,6,1,2-1-3,112.5
2026-09-21 11:20:25,20260921,6,1,2-1-4,91.7
2026-09-21 11:20:25,20260921,6,1,2-1-5,126.3
2026-09-21 11:20:25,20260921,6,1,2-1-6,192.6
2026-09-21 11:20:25,20260921,6,1,2-3-1,131.7
2026-09-21 11:20:25,20260921,6,1,2-3-4,91.7
2026-09-21 11:20:25,20260921,6,1,2-3-5,66.7
2026-09-21 11:20:25,20260921,6,1,2-3-6,158.9
2026-09-21 11:20:25,20260921,6,1,2-4-1,113.3
2026-09-21 11:20:25,20260921,6,1,2-4-3,115.8
2026-09-21 11:20:25,20260921,6,1,2-4-5,82.8
2026-09-21 11:20:25,20260921,6,1,2-4-6,177.1
2026-09-21 11:20:25,20260921,6,1,2-5-1,187.9
2026-09-21 11:20:25,20260921,6,1,2-5-3,100.7
2026-09-21 11:20:25,20260921,6,1,2-5-4,109.3
2026-09-21 11:20:25,20260921,6,1,2-5-6,211.1
2026-09-21 11:20:25,20260921,6,1,2-6-1,285.4
2026-09-21 11:20:25,20260921,6,1,2-6-3,226.6
2026-09-21 11:20:25,20260921,6,1,2-6-4,296.4
2026-09-21 11:20:25,20260921,6,1,2-6-5,302.2
2026-09-21 11:20:25,20260921,6,1,3-1-2,70.0
2026-09-21 11:20:25,20260921,6,1,3-1-4,39.1
2026-09-21 11:20:25,20260921,6,1,3-1-5,32.9
2026-09-21 11:20:25,20260921,6,1,3-1-6,79.4
2026-09-21 11:20:25,20260921,6,1,3-2-1,96.9
2026-09-21 11:20:25,20260921,6,1,3-2-4,72.3
2026-09-21 11:20:25,20260921,6,1,3-2-5,58.1
2026-09-21 11:20:25,20260921,6,1,3-2-6,102.7
2026-09-21 11:20:25,20260921,6,1,3-4-1,58.1
2026-09-21 11:20:25,20260921,6,1,3-4-2,77.0
2026-09-21 11:20:25,20260921,6,1,3-4-5,36.4
2026-09-21 11:20:25,20260921,6,1,3-4-6,59.7
2026-09-21 11:20:25,20260921,6,1,3-5-1,39.4
2026-09-21 11:20:25,20260921,6,1,3-5-2,44.4
2026-09-21 11:20:25,20260921,6,1,3-5-4,44.4
2026-09-21 11:20:25,20260921,6,1,3-5-6,55.4
2026-09-21 11:20:25,20260921,6,1,3-6-1,165.7
2026-09-21 11:20:25,20260921,6,1,3-6-2,144.0
2026-09-21 11:20:25,20260921,6,1,3-6-4,92.8
2026-09-21 11:20:25,20260921,6,1,3-6-5,97.5
2026-09-21 11:20:25,20260921,6,1,4-1-2,94.5
2026-09-21 11:20:25,20260921,6,1,4-1-3,95.7
2026-09-21 11:20:25,20260921,6,1,4-1-5,49.0
2026-09-21 11:20:25,20260921,6,1,4-1-6,165.7
2026-09-21 11:20:25,20260921,6,1,4-2-1,144.0
2026-09-21 11:20:25,20260921,6,1,4-2-3,152.6
2026-09-21 11:20:25,20260921,6,1,4-2-5,114.1
2026-09-21 11:20:25,20260921,6,1,4-2-6,190.2
2026-09-21 11:20:25,20260921,6,1,4-3-1,111.6
2026-09-21 11:20:25,20260921,6,1,4-3-2,141.4
2026-09-21 11:20:25,20260921,6,1,4-3-5,67.6
2026-09-21 11:20:25,20260921,6,1,4-3-6,98.8
2026-09-21 11:20:25,20260921,6,1,4-5-1,51.8
2026-09-21 11:20:25,20260921,6,1,4-5-2,85.1
2026-09-21 11:20:25,20260921,6,1,4-5-3,66.7
2026-09-21 11:20:25,20260921,6,1,4-5-6,71.3
2026-09-21 11:20:25,20260921,6,1,4-6-1,285.4
2026-09-21 11:20:25,20260921,6,1,4-6-2,220.2
2026-09-21 11:20:25,20260921,6,1,4-6-3,144.0
2026-09-21 11:20:25,20260921,6,1,4-6-5,121.3
2026-09-21 11:20:25,20260921,6,1,5-1-2,140.1
2026-09-21 11:20:25,20260921,6,1,5-1-3,115.0
2026-09-21 11:20:25,20260921,6,1,5-1-4,89.6
2026-09-21 11:20:25,20260921,6,1,5-1-6,95.7
2026-09-21 11:20:25,20260921,6,1,5-2-1,169.3
2026-09-21 11:20:25,20260921,6,1,5-2-3,117.6
2026-09-21 11:20:25,20260921,6,1,5-2-4,120.4
2026-09-21 11:20:25,20260921,6,1,5-2-6,154.1
2026-09-21 11:20:25,20260921,6,1,5-3-1,75.9
2026-09-21 11:20:25,20260921,6,1,5-3-2,99.4
2026-09-21 11:20:25,20260921,6,1,5-3-4,83.3
2026-09-21 11:20:25,20260921,6,1,5-3-6,114.1
2026-09-21 11:20:25,20260921,6,1,5-4-1,76.3
2026-09-21 11:20:25,20260921,6,1,5-4-2,126.3
2026-09-21 11:20:25,20260921,6,1,5-4-3,92.2
2026-09-21 11:20:25,20260921,6,1,5-4-6,91.7
2026-09-21 11:20:25,20260921,6,1,5-6-1,94.5
2026-09-21 11:20:25,20260921,6,1,5-6-2,163.9
2026-09-21 11:20:25,20260921,6,1,5-6-3,115.8
2026-09-21 11:20:25,20260921,6,1,5-6-4,72.3
2026-09-21 11:20:25,20260921,6,1,6-1-2,265.7
2026-09-21 11:20:25,20260921,6,1,6-1-3,358.4
2026-09-21 11:20:25,20260921,6,1,6-1-4,453.3
2026-09-21 11:20:25,20260921,6,1,6-1-5,302.2
2026-09-21 11:20:25,20260921,6,1,6-2-1,314.5
2026-09-21 11:20:25,20260921,6,1,6-2-3,290.8
2026-09-21 11:20:25,20260921,6,1,6-2-4,197.6
2026-09-21 11:20:25,20260921,6,1,6-2-5,405.6
2026-09-21 11:20:25,20260921,6,1,6-3-1,290.8
2026-09-21 11:20:25,20260921,6,1,6-3-2,252.6
2026-09-21 11:20:25,20260921,6,1,6-3-4,145.4
2026-09-21 11:20:25,20260921,6,1,6-3-5,261.2
2026-09-21 11:20:25,20260921,6,1,6-4-1,367.0
2026-09-21 11:20:25,20260921,6,1,6-4-2,327.9
2026-09-21 11:20:25,20260921,6,1,6-4-3,202.8
2026-09-21 11:20:25,20260921,6,1,6-4-5,175.1
2026-09-21 11:20:25,20260921,6,1,6-5-1,302.2
2026-09-21 11:20:25,20260921,6,1,6-5-2,302.2
2026-09-21 11:20:25,20260921,6,1,6-5-3,220.2
2026-09-21 11:20:25,20260921,6,1,6-5-4,173.1
2026-09-21 11:20:36,20260921,9,3,1-2-3,57.8
2026-09-21 11:20:36,20260921,9,3,1-2-4,113.8
2026-09-21 11:20:36,20260921,9,3,1-2-5,300.6
2026-09-21 11:20:36,20260921,9,3,1-2-6,102.9
2026-09-21 11:20:36,20260921,9,3,1-3-2,42.2
2026-09-21 11:20:36,20260921,9,3,1-3-4,35.1
2026-09-21 11:20:36,20260921,9,3,1-3-5,98.9
2026-09-21 11:20:36,20260921,9,3,1-3-6,21.6
2026-09-21 11:20:36,20260921,9,3,1-4-2,127.4
2026-09-21 11:20:36,20260921,9,3,1-4-3,67.7
2026-09-21 11:20:36,20260921,9,3,1-4-5,221.0
2026-09-21 11:20:36,20260921,9,3,1-4-6,85.4
2026-09-21 11:20:36,20260921,9,3,1-5-2,178.9
2026-09-21 11:20:36,20260921,9,3,1-5-3,227.7
2026-09-21 11:20:36,20260921,9,3,1-5-4,187.9
2026-09-21 11:20:36,20260921,9,3,1-5-6,221.0
2026-09-21 11:20:36,20260921,9,3,1-6-2,59.1
2026-09-21 11:20:36,20260921,9,3,1-6-3,32.1
2026-09-21 11:20:36,20260921,9,3,1-6-4,45.2
2026-09-21 11:20:36,20260921,9,3,1-6-5,192.7
2026-09-21 11:20:36,20260921,9,3,2-1-3,72.9
2026-09-21 11:20:36,20260921,9,3,2-1-4,139.2
2026-09-21 11:20:36,20260921,9,3,2-1-5,357.9
2026-09-21 11:20:36,20260921,9,3,2-1-6,96.3
2026-09-21 11:20:36,20260921,9,3,2-3-1,127.4
2026-09-21 11:20:36,20260921,9,3,2-3-4,129.6
2026-09-21 11:20:36,20260921,9,3,2-3-5,259.2
2026-09-21 11:20:36,20260921,9,3,2-3-6,117.4
2026-09-21 11:20:36,20260921,9,3,2-4-1,170.8
2026-09-21 11:20:36,20260921,9,3,2-4-3,159.9
2026-09-21 11:20:36,20260921,9,3,2-4-5,313.2
2026-09-21 11:20:36,20260921,9,3,2-4-6,187.9
2026-09-21 11:20:36,20260921,9,3,2-5-1,326.8
2026-09-21 11:20:36,20260921,9,3,2-5-3,578.2
2026-09-21 11:20:36,20260921,9,3,2-5-4,300.6
2026-09-21 11:20:36,20260921,9,3,2-5-6,250.5
2026-09-21 11:20:36,20260921,9,3,2-6-1,134.2
2026-09-21 11:20:36,20260921,9,3,2-6-3,102.9
2026-09-21 11:20:36,20260921,9,3,2-6-4,159.9
2026-09-21 11:20:36,20260921,9,3,2-6-5,214.7
2026-09-21 11:20:36,20260921,9,3,3-1-2,59.1
2026-09-21 11:20:36,20260921,9,3,3-1-4,26.0
2026-09-21 11:20:36,20260921,9,3,3-1-5,98.9
2026-09-21 11:20:36,20260921,9,3,3-1-6,17.1
2026-09-21 11:20:36,20260921,9,3,3-2-1,98.9
2026-09-21 11:20:36,20260921,9,3,3-2-4,95.1
2026-09-21 11:20:36,20260921,9,3,3-2-5,144.5
2026-09-21 11:20:36,20260921,9,3,3-2-6,83.5
2026-09-21 11:20:36,20260921,9,3,3-4-1,38.3
2026-09-21 11:20:36,20260921,9,3,3-4-2,113.8
2026-09-21 11:20:36,20260921,9,3,3-4-5,141.8
2026-09-21 11:20:36,20260921,9,3,3-4-6,23.7
2026-09-21 11:20:36,20260921,9,3,3-5-1,250.5
2026-09-21 11:20:36,20260921,9,3,3-5-2,250.5
2026-09-21 11:20:36,20260921,9,3,3-5-4,501.1
2026-09-21 11:20:36,20260921,9,3,3-5-6,187.9
2026-09-21 11:20:36,20260921,9,3,3-6-1,10.1
2026-09-21 11:20:36,20260921,9,3,3-6-2,42.4
2026-09-21 11:20:36,20260921,9,3,3-6-4,11.4
2026-09-21 11:20:36,20260921,9,3,3-6-5,91.6
2026-09-21 11:20:36,20260921,9,3,4-1-2,192.7
2026-09-21 11:20:36,20260921,9,3,4-1-3,110.5
2026-09-21 11:20:36,20260921,9,3,4-1-5,300.6
2026-09-21 11:20:36,20260921,9,3,4-1-6,119.3
2026-09-21 11:20:36,20260921,9,3,4-2-1,326.8
2026-09-21 11:20:36,20260921,9,3,4-2-3,289.1
2026-09-21 11:20:36,20260921,9,3,4-2-5,259.2
2026-09-21 11:20:36,20260921,9,3,4-2-6,234.9
2026-09-21 11:20:36,20260921,9,3,4-3-1,110.5
2026-09-21 11:20:36,20260921,9,3,4-3-2,268.4
2026-09-21 11:20:36,20260921,9,3,4-3-5,300.6
2026-09-21 11:20:36,20260921,9,3,4-3-6,67.1
2026-09-21 11:20:36,20260921,9,3,4-5-1,313.2
2026-09-21 11:20:36,20260921,9,3,4-5-2,313.2
2026-09-21 11:20:36,20260921,9,3,4-5-3,326.8
2026-09-21 11:20:36,20260921,9,3,4-5-6,242.4
2026-09-21 11:20:36,20260921,9,3,4-6-1,129.6
2026-09-21 11:20:36,20260921,9,3,4-6-2,153.4
2026-09-21 11:20:36,20260921,9,3,4-6-3,71.5
2026-09-21 11:20:36,20260921,9,3,4-6-5,395.6
2026-09-21 11:20:36,20260921,9,3,5-1-2,375.8
2026-09-21 11:20:36,20260921,9,3,5-1-3,341.6
2026-09-21 11:20:36,20260921,9,3,5-1-4,313.2
2026-09-21 11:20:36,20260921,9,3,5-1-6,259.2
2026-09-21 11:20:36,20260921,9,3,5-2-1,375.8
2026-09-21 11:20:36,20260921,9,3,5-2-3,183.3
2026-09-21 11:20:36,20260921,9,3,5-2-4,221.0
2026-09-21 11:20:36,20260921,9,3,5-2-6,156.6
2026-09-21 11:20:36,20260921,9,3,5-3-1,536.9
2026-09-21 11:20:36,20260921,9,3,5-3-2,313.2
2026-09-21 11:20:36,20260921,9,3,5-3-4,357.9
2026-09-21 11:20:36,20260921,9,3,5-3-6,278.4
2026-09-21 11:20:36,20260921,9,3,5-4-1,278.4
2026-09-21 11:20:36,20260921,9,3,5-4-2,395.6
2026-09-21 11:20:36,20260921,9,3,5-4-3,469.8
2026-09-21 11:20:36,20260921,9,3,5-4-6,375.8
2026-09-21 11:20:36,20260921,9,3,5-6-1,313.2
2026-09-21 11:20:36,20260921,9,3,5-6-2,167.0
2026-09-21 11:20:36,20260921,9,3,5-6-3,259.2
2026-09-21 11:20:36,20260921,9,3,5-6-4,197.8
2026-09-21 11:20:36,20260921,9,3,6-1-2,88.4
2026-09-21 11:20:36,20260921,9,3,6-1-3,42.2
2026-09-21 11:20:36,20260921,9,3,6-1-4,58.7
2026-09-21 11:20:36,20260921,9,3,6-1-5,214.7
2026-09-21 11:20:36,20260921,9,3,6-2-1,127.4
2026-09-21 11:20:36,20260921,9,3,6-2-3,100.2
2026-09-21 11:20:36,20260921,9,3,6-2-4,163.4
2026-09-21 11:20:36,20260921,9,3,6-2-5,395.6
2026-09-21 11:20:36,20260921,9,3,6-3-1,29.0
2026-09-21 11:20:36,20260921,9,3,6-3-2,69.6
2026-09-21 11:20:36,20260921,9,3,6-3-4,13.9
2026-09-21 11:20:36,20260921,9,3,6-3-5,170.8
2026-09-21 11:20:36,20260921,9,3,6-4-1,115.6
2026-09-21 11:20:36,20260921,9,3,6-4-2,174.8
2026-09-21 11:20:36,20260921,9,3,6-4-3,59.1
2026-09-21 11:20:36,20260921,9,3,6-4-5,395.6
2026-09-21 11:20:36,20260921,9,3,6-5-1,227.7
2026-09-21 11:20:36,20260921,9,3,6-5-2,375.8
2026-09-21 11:20:36,20260921,9,3,6-5-3,234.9
2026-09-21 11:20:36,20260921,9,3,6-5-4,259.2
2026-09-21 11:23:31,20260921,18,7,1-2-3,46.1
2026-09-21 11:23:31,20260921,18,7,1-2-4,20.5
2026-09-21 11:23:31,20260921,18,7,1-2-5,78.3
2026-09-21 11:23:31,20260921,18,7,1-2-6,35.5
2026-09-21 11:23:31,20260921,18,7,1-3-2,51.0
2026-09-21 11:23:31,20260921,18,7,1-3-4,44.1
2026-09-21 11:23:31,20260921,18,7,1-3-5,77.5
2026-09-21 11:23:31,20260921,18,7,1-3-6,49.9
2026-09-21 11:23:31,20260921,18,7,1-4-2,24.7
2026-09-21 11:23:31,20260921,18,7,1-4-3,45.0
2026-09-21 11:23:31,20260921,18,7,1-4-5,80.6
2026-09-21 11:23:31,20260921,18,7,1-4-6,19.5
2026-09-21 11:23:31,20260921,18,7,1-5-2,88.3
2026-09-21 11:23:31,20260921,18,7,1-5-3,143.6
2026-09-21 11:23:31,20260921,18,7,1-5-4,101.1
2026-09-21 11:23:31,20260921,18,7,1-5-6,116.5
2026-09-21 11:23:31,20260921,18,7,1-6-2,48.1
2026-09-21 11:23:31,20260921,18,7,1-6-3,71.5
2026-09-21 11:23:31,20260921,18,7,1-6-4,32.3
2026-09-21 11:23:31,20260921,18,7,1-6-5,116.5
2026-09-21 11:23:31,20260921,18,7,2-1-3,97.2
2026-09-21 11:23:31,20260921,18,7,2-1-4,48.0
2026-09-21 11:23:31,20260921,18,7,2-1-5,120.9
2026-09-21 11:23:31,20260921,18,7,2-1-6,65.4
2026-09-21 11:23:31,20260921,18,7,2-3-1,142.6
2026-09-21 11:23:31,20260921,18,7,2-3-4,109.1
2026-09-21 11:23:31,20260921,18,7,2-3-5,229.4
2026-09-21 11:23:31,20260921,18,7,2-3-6,131.7
2026-09-21 11:23:31,20260921,18,7,2-4-1,72.2
2026-09-21 11:23:31,20260921,18,7,2-4-3,110.7
2026-09-21 11:23:31,20260921,18,7,2-4-5,146.4
2026-09-21 11:23:31,20260921,18,7,2-4-6,42.4
2026-09-21 11:23:31,20260921,18,7,2-5-1,322.5
2026-09-21 11:23:31,20260921,18,7,2-5-3,309.1
2026-09-21 11:23:31,20260921,18,7,2-5-4,268.1
2026-09-21 11:23:31,20260921,18,7,2-5-6,209.9
2026-09-21 11:23:31,20260921,18,7,2-6-1,135.7
2026-09-21 11:23:31,20260921,18,7,2-6-3,142.6
2026-09-21 11:23:31,20260921,18,7,2-6-4,55.3
2026-09-21 11:23:31,20260921,18,7,2-6-5,224.8
2026-09-21 11:23:31,20260921,18,7,3-1-2,87.2
2026-09-21 11:23:31,20260921,18,7,3-1-4,71.1
2026-09-21 11:23:31,20260921,18,7,3-1-5,108.5
2026-09-21 11:23:31,20260921,18,7,3-1-6,80.3
2026-09-21 11:23:31,20260921,18,7,3-2-1,180.9
2026-09-21 11:23:31,20260921,18,7,3-2-4,125.7
2026-09-21 11:23:31,20260921,18,7,3-2-5,191.8
2026-09-21 11:23:31,20260921,18,7,3-2-6,161.2
2026-09-21 11:23:31,20260921,18,7,3-4-1,104.5
2026-09-21 11:23:31,20260921,18,7,3-4-2,122.9
2026-09-21 11:23:31,20260921,18,7,3-4-5,142.6
2026-09-21 11:23:31,20260921,18,7,3-4-6,53.2
2026-09-21 11:23:31,20260921,18,7,3-5-1,195.2
2026-09-21 11:23:31,20260921,18,7,3-5-2,241.9
2026-09-21 11:23:31,20260921,18,7,3-5-4,196.9
2026-09-21 11:23:31,20260921,18,7,3-5-6,154.5
2026-09-21 11:23:31,20260921,18,7,3-6-1,144.5
2026-09-21 11:23:31,20260921,18,7,3-6-2,173.9
2026-09-21 11:23:31,20260921,18,7,3-6-4,77.0
2026-09-21 11:23:31,20260921,18,7,3-6-5,164.8
2026-09-21 11:23:31,20260921,18,7,4-1-2,36.3
2026-09-21 11:23:31,20260921,18,7,4-1-3,73.2
2026-09-21 11:23:31,20260921,18,7,4-1-5,90.1
2026-09-21 11:23:31,20260921,18,7,4-1-6,32.1
2026-09-21 11:23:31,20260921,18,7,4-2-1,47.3
2026-09-21 11:23:31,20260921,18,7,4-2-3,91.9
2026-09-21 11:23:31,20260921,18,7,4-2-5,98.4
2026-09-21 11:23:31,20260921,18,7,4-2-6,29.0
2026-09-21 11:23:31,20260921,18,7,4-3-1,106.5
2026-09-21 11:23:31,20260921,18,7,4-3-2,137.4
2026-09-21 11:23:31,20260921,18,7,4-3-5,160.1
2026-09-21 11:23:31,20260921,18,7,4-3-6,58.8
2026-09-21 11:23:31,20260921,18,7,4-5-1,151.4
2026-09-21 11:23:31,20260921,18,7,4-5-2,146.4
2026-09-21 11:23:31,20260921,18,7,4-5-3,209.9
2026-09-21 11:23:31,20260921,18,7,4-5-6,59.2
2026-09-21 11:23:31,20260921,18,7,4-6-1,36.9
2026-09-21 11:23:31,20260921,18,7,4-6-2,25.4
2026-09-21 11:23:31,20260921,18,7,4-6-3,52.7
2026-09-21 11:23:31,20260921,18,7,4-6-5,55.3
2026-09-21 11:23:31,20260921,18,7,5-1-2,214.0
2026-09-21 11:23:31,20260921,18,7,5-1-3,231.8
2026-09-21 11:23:31,20260921,18,7,5-1-4,255.8
2026-09-21 11:23:31,20260921,18,7,5-1-6,200.5
2026-09-21 11:23:31,20260921,18,7,5-2-1,304.9
2026-09-21 11:23:31,20260921,18,7,5-2-3,327.3
2026-09-21 11:23:31,20260921,18,7,5-2-4,285.3
2026-09-21 11:23:31,20260921,18,7,5-2-6,250.1
2026-09-21 11:23:31,20260921,18,7,5-3-1,397.4
2026-09-21 11:23:31,20260921,18,7,5-3-2,473.6
2026-09-21 11:23:31,20260921,18,7,5-3-4,428.0
2026-09-21 11:23:31,20260921,18,7,5-3-6,327.3
2026-09-21 11:23:31,20260921,18,7,5-4-1,285.3
2026-09-21 11:23:31,20260921,18,7,5-4-2,317.9
2026-09-21 11:23:31,20260921,18,7,5-4-3,454.2
2026-09-21 11:23:31,20260921,18,7,5-4-6,138.2
2026-09-21 11:23:31,20260921,18,7,5-6-1,268.1
2026-09-21 11:23:31,20260921,18,7,5-6-2,234.3
2026-09-21 11:23:31,20260921,18,7,5-6-3,268.1
2026-09-21 11:23:31,20260921,18,7,5-6-4,116.5
2026-09-21 11:23:31,20260921,18,7,6-1-2,137.4
2026-09-21 11:23:31,20260921,18,7,6-1-3,236.8
2026-09-21 11:23:31,20260921,18,7,6-1-4,74.1
2026-09-21 11:23:31,20260921,18,7,6-1-5,244.6
2026-09-21 11:23:31,20260921,18,7,6-2-1,229.4
2026-09-21 11:23:31,20260921,18,7,6-2-3,164.8
2026-09-21 11:23:31,20260921,18,7,6-2-4,74.4
2026-09-21 11:23:31,20260921,18,7,6-2-5,359.0
2026-09-21 11:23:31,20260921,18,7,6-3-1,327.3
2026-09-21 11:23:31,20260921,18,7,6-3-2,255.8
2026-09-21 11:23:31,20260921,18,7,6-3-4,119.6
2026-09-21 11:23:31,20260921,18,7,6-3-5,347.8
2026-09-21 11:23:31,20260921,18,7,6-4-1,69.9
2026-09-21 11:23:31,20260921,18,7,6-4-2,70.4
2026-09-21 11:23:31,20260921,18,7,6-4-3,117.7
2026-09-21 11:23:31,20260921,18,7,6-4-5,109.1
2026-09-21 11:23:31,20260921,18,7,6-5-1,300.8
2026-09-21 11:23:31,20260921,18,7,6-5-2,404.7
2026-09-21 11:23:31,20260921,18,7,6-5-3,255.8
2026-09-21 11:23:31,20260921,18,7,6-5-4,124.3
2026-09-21 11:26:11,20260921,17,3,1-2-3,18.4
2026-09-21 11:26:11,20260921,17,3,1-2-4,23.2
2026-09-21 11:26:11,20260921,17,3,1-2-5,338.2
2026-09-21 11:26:11,20260921,17,3,1-2-6,50.1
2026-09-21 11:26:11,20260921,17,3,1-3-2,30.5
2026-09-21 11:26:11,20260921,17,3,1-3-4,53.6
2026-09-21 11:26:11,20260921,17,3,1-3-5,299.8
2026-09-21 11:26:11,20260921,17,3,1-3-6,105.1
2026-09-21 11:26:11,20260921,17,3,1-4-2,38.7
2026-09-21 11:26:11,20260921,17,3,1-4-3,65.0
2026-09-21 11:26:11,20260921,17,3,1-4-5,555.5
2026-09-21 11:26:11,20260921,17,3,1-4-6,99.0
2026-09-21 11:26:11,20260921,17,3,1-5-2,471.1
2026-09-21 11:26:11,20260921,17,3,1-5-3,694.3
2026-09-21 11:26:11,20260921,17,3,1-5-4,764.8
2026-09-21 11:26:11,20260921,17,3,1-5-6,1014.0
2026-09-21 11:26:11,20260921,17,3,1-6-2,136.7
2026-09-21 11:26:11,20260921,17,3,1-6-3,211.9
2026-09-21 11:26:11,20260921,17,3,1-6-4,235.5
2026-09-21 11:26:11,20260921,17,3,1-6-5,1172.0
2026-09-21 11:26:11,20260921,17,3,2-1-3,16.9
2026-09-21 11:26:11,20260921,17,3,2-1-4,18.9
2026-09-21 11:26:11,20260921,17,3,2-1-5,334.0
2026-09-21 11:26:11,20260921,17,3,2-1-6,43.6
2026-09-21 11:26:11,20260921,17,3,2-3-1,15.8
2026-09-21 11:26:11,20260921,17,3,2-3-4,8.3
2026-09-21 11:26:11,20260921,17,3,2-3-5,185.8
2026-09-21 11:26:11,20260921,17,3,2-3-6,19.0
2026-09-21 11:26:11,20260921,17,3,2-4-1,21.8
2026-09-21 11:26:11,20260921,17,3,2-4-3,12.2
2026-09-21 11:26:11,20260921,17,3,2-4-5,280.7
2026-09-21 11:26:11,20260921,17,3,2-4-6,23.6
2026-09-21 11:26:11,20260921,17,3,2-5-1,659.6
2026-09-21 11:26:11,20260921,17,3,2-5-3,533.0
2026-09-21 11:26:11,20260921,17,3,2-5-4,685.3
2026-09-21 11:26:11,20260921,17,3,2-5-6,620.8
2026-09-21 11:26:11,20260921,17,3,2-6-1,112.5
2026-09-21 11:26:11,20260921,17,3,2-6-3,62.3
2026-09-21 11:26:11,20260921,17,3,2-6-4,68.9
2026-09-21 11:26:11,20260921,17,3,2-6-5,894.4
2026-09-21 11:26:11,20260921,17,3,3-1-2,48.7
2026-09-21 11:26:11,20260921,17,3,3-1-4,78.4
2026-09-21 11:26:11,20260921,17,3,3-1-5,331.9
2026-09-21 11:26:11,20260921,17,3,3-1-6,154.7
2026-09-21 11:26:11,20260921,17,3,3-2-1,34.9
2026-09-21 11:26:11,20260921,17,3,3-2-4,20.5
2026-09-21 11:26:11,20260921,17,3,3-2-5,265.1
2026-09-21 11:26:11,20260921,17,3,3-2-6,38.1
2026-09-21 11:26:11,20260921,17,3,3-4-1,84.3
2026-09-21 11:26:11,20260921,17,3,3-4-2,33.5
2026-09-21 11:26:11,20260921,17,3,3-4-5,567.4
2026-09-21 11:26:11,20260921,17,3,3-4-6,80.8
2026-09-21 11:26:11,20260921,17,3,3-5-1,1256.0
2026-09-21 11:26:11,20260921,17,3,3-5-2,502.6
2026-09-21 11:26:11,20260921,17,3,3-5-4,1055.0
2026-09-21 11:26:11,20260921,17,3,3-5-6,1256.0
2026-09-21 11:26:11,20260921,17,3,3-6-1,273.4
2026-09-21 11:26:11,20260921,17,3,3-6-2,107.0
2026-09-21 11:26:11,20260921,17,3,3-6-4,179.5
2026-09-21 11:26:11,20260921,17,3,3-6-5,1077.0
2026-09-21 11:26:11,20260921,17,3,4-1-2,54.1
2026-09-21 11:26:11,20260921,17,3,4-1-3,95.9
2026-09-21 11:26:11,20260921,17,3,4-1-5,502.6
2026-09-21 11:26:11,20260921,17,3,4-1-6,119.6
2026-09-21 11:26:11,20260921,17,3,4-2-1,43.9
2026-09-21 11:26:11,20260921,17,3,4-2-3,27.8
2026-09-21 11:26:11,20260921,17,3,4-2-5,425.5
2026-09-21 11:26:11,20260921,17,3,4-2-6,51.5
2026-09-21 11:26:11,20260921,17,3,4-3-1,129.3
2026-09-21 11:26:11,20260921,17,3,4-3-2,45.4
2026-09-21 11:26:11,20260921,17,3,4-3-5,925.8
2026-09-21 11:26:11,20260921,17,3,4-3-6,122.1
2026-09-21 11:26:11,20260921,17,3,4-5-1,1227.0
2026-09-21 11:26:11,20260921,17,3,4-5-2,925.8
2026-09-21 11:26:11,20260921,17,3,4-5-3,776.0
2026-09-21 11:26:11,20260921,17,3,4-5-6,824.5
2026-09-21 11:26:11,20260921,17,3,4-6-1,168.6
2026-09-21 11:26:11,20260921,17,3,4-6-2,80.3
2026-09-21 11:26:11,20260921,17,3,4-6-3,149.5
2026-09-21 11:26:11,20260921,17,3,4-6-5,942.3
2026-09-21 11:26:11,20260921,17,3,5-1-2,1034.0
2026-09-21 11:26:11,20260921,17,3,5-1-3,1256.0
2026-09-21 11:26:11,20260921,17,3,5-1-4,909.8
2026-09-21 11:26:11,20260921,17,3,5-1-6,1099.0
2026-09-21 11:26:11,20260921,17,3,5-2-1,959.5
2026-09-21 11:26:11,20260921,17,3,5-2-3,1122.0
2026-09-21 11:26:11,20260921,17,3,5-2-4,837.6
2026-09-21 11:26:11,20260921,17,3,5-2-6,1077.0
2026-09-21 11:26:11,20260921,17,3,5-3-1,1819.0
2026-09-21 11:26:11,20260921,17,3,5-3-2,1465.0
2026-09-21 11:26:11,20260921,17,3,5-3-4,1954.0
2026-09-21 11:26:11,20260921,17,3,5-3-6,1599.0
2026-09-21 11:26:11,20260921,17,3,5-4-1,1819.0
2026-09-21 11:26:11,20260921,17,3,5-4-2,1172.0
2026-09-21 11:26:11,20260921,17,3,5-4-3,2513.0
2026-09-21 11:26:11,20260921,17,3,5-4-6,1507.0
2026-09-21 11:26:11,20260921,17,3,5-6-1,2110.0
2026-09-21 11:26:11,20260921,17,3,5-6-2,1099.0
2026-09-21 11:26:11,20260921,17,3,5-6-3,1649.0
2026-09-21 11:26:11,20260921,17,3,5-6-4,977.2
2026-09-21 11:26:11,20260921,17,3,6-1-2,356.5
2026-09-21 11:26:11,20260921,17,3,6-1-3,651.5
2026-09-21 11:26:11,20260921,17,3,6-1-4,851.1
2026-09-21 11:26:11,20260921,17,3,6-1-5,2198.0
2026-09-21 11:26:11,20260921,17,3,6-2-1,379.6
2026-09-21 11:26:11,20260921,17,3,6-2-3,179.5
2026-09-21 11:26:11,20260921,17,3,6-2-4,207.7
2026-09-21 11:26:11,20260921,17,3,6-2-5,1465.0
2026-09-21 11:26:11,20260921,17,3,6-3-1,732.9
2026-09-21 11:26:11,20260921,17,3,6-3-2,213.6
2026-09-21 11:26:11,20260921,17,3,6-3-4,331.9
2026-09-21 11:26:11,20260921,17,3,6-3-5,2294.0
2026-09-21 11:26:11,20260921,17,3,6-4-1,713.1
2026-09-21 11:26:11,20260921,17,3,6-4-2,273.4
2026-09-21 11:26:11,20260921,17,3,6-4-3,439.7
2026-09-21 11:26:11,20260921,17,3,6-4-5,1256.0
2026-09-21 11:26:11,20260921,17,3,6-5-1,2198.0
2026-09-21 11:26:11,20260921,17,3,6-5-2,1759.0
2026-09-21 11:26:11,20260921,17,3,6-5-3,1884.0
2026-09-21 11:26:11,20260921,17,3,6-5-4,1388.0
2026-09-21 11:36:45,20260921,13,4,1-2-3,15.4
2026-09-21 11:36:45,20260921,13,4,1-2-4,11.2
2026-09-21 11:36:45,20260921,13,4,1-2-5,63.8
2026-09-21 11:36:45,20260921,13,4,1-2-6,6.8
2026-09-21 11:36:45,20260921,13,4,1-3-2,28.5
2026-09-21 11:36:45,20260921,13,4,1-3-4,37.6
2026-09-21 11:36:45,20260921,13,4,1-3-5,69.2
2026-09-21 11:36:45,20260921,13,4,1-3-6,38.5
2026-09-21 11:36:45,20260921,13,4,1-4-2,17.5
2026-09-21 11:36:45,20260921,13,4,1-4-3,59.1
2026-09-21 11:36:45,20260921,13,4,1-4-5,67.1
2026-09-21 11:36:45,20260921,13,4,1-4-6,20.6
2026-09-21 11:36:45,20260921,13,4,1-5-2,60.8
2026-09-21 11:36:45,20260921,13,4,1-5-3,116.2
2026-09-21 11:36:45,20260921,13,4,1-5-4,104.9
2026-09-21 11:36:45,20260921,13,4,1-5-6,100.1
2026-09-21 11:36:45,20260921,13,4,1-6-2,11.3
2026-09-21 11:36:45,20260921,13,4,1-6-3,39.4
2026-09-21 11:36:45,20260921,13,4,1-6-4,20.7
2026-09-21 11:36:45,20260921,13,4,1-6-5,79.3
2026-09-21 11:36:45,20260921,13,4,2-1-3,81.3
2026-09-21 11:36:45,20260921,13,4,2-1-4,56.1
2026-09-21 11:36:45,20260921,13,4,2-1-5,197.2
2026-09-21 11:36:45,20260921,13,4,2-1-6,38.0
2026-09-21 11:36:45,20260921,13,4,2-3-1,283.0
2026-09-21 11:36:45,20260921,13,4,2-3-4,260.3
2026-09-21 11:36:45,20260921,13,4,2-3-5,191.4
2026-09-21 11:36:45,20260921,13,4,2-3-6,295.8
2026-09-21 11:36:45,20260921,13,4,2-4-1,162.7
2026-09-21 11:36:45,20260921,13,4,2-4-3,283.0
2026-09-21 11:36:45,20260921,13,4,2-4-5,283.0
2026-09-21 11:36:45,20260921,13,4,2-4-6,151.3
2026-09-21 11:36:45,20260921,13,4,2-5-1,191.4
2026-09-21 11:36:45,20260921,13,4,2-5-3,191.4
2026-09-21 11:36:45,20260921,13,4,2-5-4,250.3
2026-09-21 11:36:45,20260921,13,4,2-5-6,232.4
2026-09-21 11:36:45,20260921,13,4,2-6-1,80.3
2026-09-21 11:36:45,20260921,13,4,2-6-3,361.6
2026-09-21 11:36:45,20260921,13,4,2-6-4,175.9
2026-09-21 11:36:45,20260921,13,4,2-6-5,382.8
2026-09-21 11:36:45,20260921,13,4,3-1-2,162.7
2026-09-21 11:36:45,20260921,13,4,3-1-4,132.8
2026-09-21 11:36:45,20260921,13,4,3-1-5,92.9
2026-09-21 11:36:45,20260921,13,4,3-1-6,151.3
2026-09-21 11:36:45,20260921,13,4,3-2-1,260.3
2026-09-21 11:36:45,20260921,13,4,3-2-4,141.5
2026-09-21 11:36:45,20260921,13,4,3-2-5,151.3
2026-09-21 11:36:45,20260921,13,4,3-2-6,185.9
2026-09-21 11:36:45,20260921,13,4,3-4-1,216.9
2026-09-21 11:36:45,20260921,13,4,3-4-2,295.8
2026-09-21 11:36:45,20260921,13,4,3-4-5,309.9
2026-09-21 11:36:45,20260921,13,4,3-4-6,406.8
2026-09-21 11:36:45,20260921,13,4,3-5-1,166.9
2026-09-21 11:36:45,20260921,13,4,3-5-2,158.7
2026-09-21 11:36:45,20260921,13,4,3-5-4,283.0
2026-09-21 11:36:45,20260921,13,4,3-5-6,180.8
2026-09-21 11:36:45,20260921,13,4,3-6-1,271.2
2026-09-21 11:36:45,20260921,13,4,3-6-2,650.9
2026-09-21 11:36:45,20260921,13,4,3-6-4,591.7
2026-09-21 11:36:45,20260921,13,4,3-6-5,542.4
2026-09-21 11:36:45,20260921,13,4,4-1-2,85.6
2026-09-21 11:36:45,20260921,13,4,4-1-3,90.4
2026-09-21 11:36:45,20260921,13,4,4-1-5,63.1
2026-09-21 11:36:45,20260921,13,4,4-1-6,64.4
2026-09-21 11:36:45,20260921,13,4,4-2-1,162.7
2026-09-21 11:36:45,20260921,13,4,4-2-3,209.9
2026-09-21 11:36:45,20260921,13,4,4-2-5,175.9
2026-09-21 11:36:45,20260921,13,4,4-2-6,84.5
2026-09-21 11:36:45,20260921,13,4,4-3-1,175.9
2026-09-21 11:36:45,20260921,13,4,4-3-2,325.4
2026-09-21 11:36:45,20260921,13,4,4-3-5,283.0
2026-09-21 11:36:45,20260921,13,4,4-3-6,216.9
2026-09-21 11:36:45,20260921,13,4,4-5-1,166.9
2026-09-21 11:36:45,20260921,13,4,4-5-2,209.9
2026-09-21 11:36:45,20260921,13,4,4-5-3,260.3
2026-09-21 11:36:45,20260921,13,4,4-5-6,120.5
2026-09-21 11:36:45,20260921,13,4,4-6-1,103.3
2026-09-21 11:36:45,20260921,13,4,4-6-2,104.9
2026-09-21 11:36:45,20260921,13,4,4-6-3,309.9
2026-09-21 11:36:45,20260921,13,4,4-6-5,203.4
2026-09-21 11:36:45,20260921,13,4,5-1-2,295.8
2026-09-21 11:36:45,20260921,13,4,5-1-3,180.8
2026-09-21 11:36:45,20260921,13,4,5-1-4,271.2
2026-09-21 11:36:45,20260921,13,4,5-1-6,125.1
2026-09-21 11:36:45,20260921,13,4,5-2-1,406.8
2026-09-21 11:36:45,20260921,13,4,5-2-3,197.2
2026-09-21 11:36:45,20260921,13,4,5-2-4,197.2
2026-09-21 11:36:45,20260921,13,4,5-2-6,185.9
2026-09-21 11:36:45,20260921,13,4,5-3-1,260.3
2026-09-21 11:36:45,20260921,13,4,5-3-2,232.4
2026-09-21 11:36:45,20260921,13,4,5-3-4,500.7
2026-09-21 11:36:45,20260921,13,4,5-3-6,325.4
2026-09-21 11:36:45,20260921,13,4,5-4-1,295.8
2026-09-21 11:36:45,20260921,13,4,5-4-2,232.4
2026-09-21 11:36:45,20260921,13,4,5-4-3,542.4
2026-09-21 11:36:45,20260921,13,4,5-4-6,295.8
2026-09-21 11:36:45,20260921,13,4,5-6-1,500.7
2026-09-21 11:36:45,20260921,13,4,5-6-2,325.4
2026-09-21 11:36:45,20260921,13,4,5-6-3,361.6
2026-09-21 11:36:45,20260921,13,4,5-6-4,361.6
2026-09-21 11:36:45,20260921,13,4,6-1-2,51.2
2026-09-21 11:36:45,20260921,13,4,6-1-3,138.4
2026-09-21 11:36:45,20260921,13,4,6-1-4,108.4
2026-09-21 11:36:45,20260921,13,4,6-1-5,342.5
2026-09-21 11:36:45,20260921,13,4,6-2-1,72.3
2026-09-21 11:36:45,20260921,13,4,6-2-3,361.6
2026-09-21 11:36:45,20260921,13,4,6-2-4,154.9
2026-09-21 11:36:45,20260921,13,4,6-2-5,500.7
2026-09-21 11:36:45,20260921,13,4,6-3-1,325.4
2026-09-21 11:36:45,20260921,13,4,6-3-2,542.4
2026-09-21 11:36:45,20260921,13,4,6-3-4,361.6
2026-09-21 11:36:45,20260921,13,4,6-3-5,591.7
2026-09-21 11:36:45,20260921,13,4,6-4-1,147.9
2026-09-21 11:36:45,20260921,13,4,6-4-2,147.9
2026-09-21 11:36:45,20260921,13,4,6-4-3,650.9
2026-09-21 11:36:45,20260921,13,4,6-4-5,542.4
2026-09-21 11:36:45,20260921,13,4,6-5-1,591.7
2026-09-21 11:36:45,20260921,13,4,6-5-2,1084.0
2026-09-21 11:36:45,20260921,13,4,6-5-3,650.9
2026-09-21 11:36:45,20260921,13,4,6-5-4,464.9
2026-09-21 11:39:00,20260921,10,8,1-2-3,60.2
2026-09-21 11:39:00,20260921,10,8,1-2-4,107.7
2026-09-21 11:39:00,20260921,10,8,1-2-5,90.2
2026-09-21 11:39:00,20260921,10,8,1-2-6,123.7
2026-09-21 11:39:00,20260921,10,8,1-3-2,58.1
2026-09-21 11:39:00,20260921,10,8,1-3-4,89.7
2026-09-21 11:39:00,20260921,10,8,1-3-5,64.0
2026-09-21 11:39:00,20260921,10,8,1-3-6,156.5
2026-09-21 11:39:00,20260921,10,8,1-4-2,121.2
2026-09-21 11:39:00,20260921,10,8,1-4-3,128.0
2026-09-21 11:39:00,20260921,10,8,1-4-5,176.0
2026-09-21 11:39:00,20260921,10,8,1-4-6,212.9
2026-09-21 11:39:00,20260921,10,8,1-5-2,111.6
2026-09-21 11:39:00,20260921,10,8,1-5-3,84.3
2026-09-21 11:39:00,20260921,10,8,1-5-4,226.0
2026-09-21 11:39:00,20260921,10,8,1-5-6,244.1
2026-09-21 11:39:00,20260921,10,8,1-6-2,176.0
2026-09-21 11:39:00,20260921,10,8,1-6-3,250.8
2026-09-21 11:39:00,20260921,10,8,1-6-4,366.2
2026-09-21 11:39:00,20260921,10,8,1-6-5,435.9
2026-09-21 11:39:00,20260921,10,8,2-1-3,41.8
2026-09-21 11:39:00,20260921,10,8,2-1-4,105.8
2026-09-21 11:39:00,20260921,10,8,2-1-5,85.1
2026-09-21 11:39:00,20260921,10,8,2-1-6,119.6
2026-09-21 11:39:00,20260921,10,8,2-3-1,38.6
2026-09-21 11:39:00,20260921,10,8,2-3-4,24.3
2026-09-21 11:39:00,20260921,10,8,2-3-5,10.1
2026-09-21 11:39:00,20260921,10,8,2-3-6,68.3
2026-09-21 11:39:00,20260921,10,8,2-4-1,153.8
2026-09-21 11:39:00,20260921,10,8,2-4-3,48.9
2026-09-21 11:39:00,20260921,10,8,2-4-5,67.0
2026-09-21 11:39:00,20260921,10,8,2-4-6,128.9
2026-09-21 11:39:00,20260921,10,8,2-5-1,97.4
2026-09-21 11:39:00,20260921,10,8,2-5-3,16.5
2026-09-21 11:39:00,20260921,10,8,2-5-4,59.2
2026-09-21 11:39:00,20260921,10,8,2-5-6,83.6
2026-09-21 11:39:00,20260921,10,8,2-6-1,194.8
2026-09-21 11:39:00,20260921,10,8,2-6-3,171.1
2026-09-21 11:39:00,20260921,10,8,2-6-4,237.8
2026-09-21 11:39:00,20260921,10,8,2-6-5,166.4
2026-09-21 11:39:00,20260921,10,8,3-1-2,51.7
2026-09-21 11:39:00,20260921,10,8,3-1-4,78.2
2026-09-21 11:39:00,20260921,10,8,3-1-5,42.3
2026-09-21 11:39:00,20260921,10,8,3-1-6,139.7
2026-09-21 11:39:00,20260921,10,8,3-2-1,41.5
2026-09-21 11:39:00,20260921,10,8,3-2-4,29.7
2026-09-21 11:39:00,20260921,10,8,3-2-5,10.0
2026-09-21 11:39:00,20260921,10,8,3-2-6,52.3
2026-09-21 11:39:00,20260921,10,8,3-4-1,166.4
2026-09-21 11:39:00,20260921,10,8,3-4-2,71.5
2026-09-21 11:39:00,20260921,10,8,3-4-5,69.0
2026-09-21 11:39:00,20260921,10,8,3-4-6,152.5
2026-09-21 11:39:00,20260921,10,8,3-5-1,55.8
2026-09-21 11:39:00,20260921,10,8,3-5-2,12.3
2026-09-21 11:39:00,20260921,10,8,3-5-4,47.3
2026-09-21 11:39:00,20260921,10,8,3-5-6,61.8
2026-09-21 11:39:00,20260921,10,8,3-6-1,508.6
2026-09-21 11:39:00,20260921,10,8,3-6-2,179.5
2026-09-21 11:39:00,20260921,10,8,3-6-4,269.2
2026-09-21 11:39:00,20260921,10,8,3-6-5,179.5
2026-09-21 11:39:00,20260921,10,8,4-1-2,166.4
2026-09-21 11:39:00,20260921,10,8,4-1-3,217.9
2026-09-21 11:39:00,20260921,10,8,4-1-5,169.5
2026-09-21 11:39:00,20260921,10,8,4-1-6,305.1
2026-09-21 11:39:00,20260921,10,8,4-2-1,261.5
2026-09-21 11:39:00,20260921,10,8,4-2-3,124.5
2026-09-21 11:39:00,20260921,10,8,4-2-5,129.8
2026-09-21 11:39:00,20260921,10,8,4-2-6,201.2
2026-09-21 11:39:00,20260921,10,8,4-3-1,231.7
2026-09-21 11:39:00,20260921,10,8,4-3-2,146.4
2026-09-21 11:39:00,20260921,10,8,4-3-5,141.9
2026-09-21 11:39:00,20260921,10,8,4-3-6,261.5
2026-09-21 11:39:00,20260921,10,8,4-5-1,215.4
2026-09-21 11:39:00,20260921,10,8,4-5-2,147.6
2026-09-21 11:39:00,20260921,10,8,4-5-3,126.2
2026-09-21 11:39:00,20260921,10,8,4-5-6,183.1
2026-09-21 11:39:00,20260921,10,8,4-6-1,610.3
2026-09-21 11:39:00,20260921,10,8,4-6-2,228.8
2026-09-21 11:39:00,20260921,10,8,4-6-3,286.1
2026-09-21 11:39:00,20260921,10,8,4-6-5,321.2
2026-09-21 11:39:00,20260921,10,8,5-1-2,192.7
2026-09-21 11:39:00,20260921,10,8,5-1-3,117.3
2026-09-21 11:39:00,20260921,10,8,5-1-4,254.3
2026-09-21 11:39:00,20260921,10,8,5-1-6,203.4
2026-09-21 11:39:00,20260921,10,8,5-2-1,143.0
2026-09-21 11:39:00,20260921,10,8,5-2-3,28.3
2026-09-21 11:39:00,20260921,10,8,5-2-4,101.1
2026-09-21 11:39:00,20260921,10,8,5-2-6,95.3
2026-09-21 11:39:00,20260921,10,8,5-3-1,115.8
2026-09-21 11:39:00,20260921,10,8,5-3-2,32.0
2026-09-21 11:39:00,20260921,10,8,5-3-4,108.3
2026-09-21 11:39:00,20260921,10,8,5-3-6,134.6
2026-09-21 11:39:00,20260921,10,8,5-4-1,332.9
2026-09-21 11:39:00,20260921,10,8,5-4-2,183.1
2026-09-21 11:39:00,20260921,10,8,5-4-3,171.1
2026-09-21 11:39:00,20260921,10,8,5-4-6,179.5
2026-09-21 11:39:00,20260921,10,8,5-6-1,373.6
2026-09-21 11:39:00,20260921,10,8,5-6-2,139.7
2026-09-21 11:39:00,20260921,10,8,5-6-3,162.0
2026-09-21 11:39:00,20260921,10,8,5-6-4,281.7
2026-09-21 11:39:00,20260921,10,8,6-1-2,244.1
2026-09-21 11:39:00,20260921,10,8,6-1-3,572.2
2026-09-21 11:39:00,20260921,10,8,6-1-4,762.9
2026-09-21 11:39:00,20260921,10,8,6-1-5,494.8
2026-09-21 11:39:00,20260921,10,8,6-2-1,508.6
2026-09-21 11:39:00,20260921,10,8,6-2-3,257.9
2026-09-21 11:39:00,20260921,10,8,6-2-4,345.4
2026-09-21 11:39:00,20260921,10,8,6-2-5,425.8
2026-09-21 11:39:00,20260921,10,8,6-3-1,631.4
2026-09-21 11:39:00,20260921,10,8,6-3-2,345.4
2026-09-21 11:39:00,20260921,10,8,6-3-4,398.0
2026-09-21 11:39:00,20260921,10,8,6-3-5,373.6
2026-09-21 11:39:00,20260921,10,8,6-4-1,963.7
2026-09-21 11:39:00,20260921,10,8,6-4-2,610.3
2026-09-21 11:39:00,20260921,10,8,6-4-3,554.8
2026-09-21 11:39:00,20260921,10,8,6-4-5,523.1
2026-09-21 11:39:00,20260921,10,8,6-5-1,554.8
2026-09-21 11:39:00,20260921,10,8,6-5-2,381.4
2026-09-21 11:39:00,20260921,10,8,6-5-3,398.0
2026-09-21 11:39:00,20260921,10,8,6-5-4,373.6
2026-09-21 11:44:31,20260921,6,2,1-2-3,60.6
2026-09-21 11:44:31,20260921,6,2,1-2-4,32.4
2026-09-21 11:44:31,20260921,6,2,1-2-5,96.5
2026-09-21 11:44:31,20260921,6,2,1-2-6,58.5
2026-09-21 11:44:31,20260921,6,2,1-3-2,97.6
2026-09-21 11:44:31,20260921,6,2,1-3-4,98.7
2026-09-21 11:44:31,20260921,6,2,1-3-5,126.7
2026-09-21 11:44:31,20260921,6,2,1-3-6,146.4
2026-09-21 11:44:31,20260921,6,2,1-4-2,44.0
2026-09-21 11:44:31,20260921,6,2,1-4-3,117.9
2026-09-21 11:44:31,20260921,6,2,1-4-5,103.6
2026-09-21 11:44:31,20260921,6,2,1-4-6,64.8
2026-09-21 11:44:31,20260921,6,2,1-5-2,151.7
2026-09-21 11:44:31,20260921,6,2,1-5-3,173.3
2026-09-21 11:44:31,20260921,6,2,1-5-4,141.5
2026-09-21 11:44:31,20260921,6,2,1-5-6,265.4
2026-09-21 11:44:31,20260921,6,2,1-6-2,134.8
2026-09-21 11:44:31,20260921,6,2,1-6-3,180.7
2026-09-21 11:44:31,20260921,6,2,1-6-4,132.7
2026-09-21 11:44:31,20260921,6,2,1-6-5,339.8
2026-09-21 11:44:31,20260921,6,2,2-1-3,31.1
2026-09-21 11:44:31,20260921,6,2,2-1-4,17.1
2026-09-21 11:44:31,20260921,6,2,2-1-5,61.1
2026-09-21 11:44:31,20260921,6,2,2-1-6,30.0
2026-09-21 11:44:31,20260921,6,2,2-3-1,85.8
2026-09-21 11:44:31,20260921,6,2,2-3-4,30.0
2026-09-21 11:44:31,20260921,6,2,2-3-5,95.4
2026-09-21 11:44:31,20260921,6,2,2-3-6,65.8
2026-09-21 11:44:31,20260921,6,2,2-4-1,18.3
2026-09-21 11:44:31,20260921,6,2,2-4-3,20.9
2026-09-21 11:44:31,20260921,6,2,2-4-5,33.4
2026-09-21 11:44:31,20260921,6,2,2-4-6,13.9
2026-09-21 11:44:31,20260921,6,2,2-5-1,141.5
2026-09-21 11:44:31,20260921,6,2,2-5-3,173.3
2026-09-21 11:44:31,20260921,6,2,2-5-4,84.1
2026-09-21 11:44:31,20260921,6,2,2-5-6,96.5
2026-09-21 11:44:31,20260921,6,2,2-6-1,91.3
2026-09-21 11:44:31,20260921,6,2,2-6-3,117.9
2026-09-21 11:44:31,20260921,6,2,2-6-4,33.5
2026-09-21 11:44:31,20260921,6,2,2-6-5,110.3
2026-09-21 11:44:31,20260921,6,2,3-1-2,217.8
2026-09-21 11:44:31,20260921,6,2,3-1-4,134.8
2026-09-21 11:44:31,20260921,6,2,3-1-5,154.4
2026-09-21 11:44:31,20260921,6,2,3-1-6,229.6
2026-09-21 11:44:31,20260921,6,2,3-2-1,188.7
2026-09-21 11:44:31,20260921,6,2,3-2-4,60.6
2026-09-21 11:44:31,20260921,6,2,3-2-5,101.1
2026-09-21 11:44:31,20260921,6,2,3-2-6,103.6
2026-09-21 11:44:31,20260921,6,2,3-4-1,202.2
2026-09-21 11:44:31,20260921,6,2,3-4-2,94.3
2026-09-21 11:44:31,20260921,6,2,3-4-5,176.9
2026-09-21 11:44:31,20260921,6,2,3-4-6,169.9
2026-09-21 11:44:31,20260921,6,2,3-5-1,265.4
2026-09-21 11:44:31,20260921,6,2,3-5-2,154.4
2026-09-21 11:44:31,20260921,6,2,3-5-4,146.4
2026-09-21 11:44:31,20260921,6,2,3-5-6,163.3
2026-09-21 11:44:31,20260921,6,2,3-6-1,404.5
2026-09-21 11:44:31,20260921,6,2,3-6-2,188.7
2026-09-21 11:44:31,20260921,6,2,3-6-4,369.3
2026-09-21 11:44:31,20260921,6,2,3-6-5,257.4
2026-09-21 11:44:31,20260921,6,2,4-1-2,47.7
2026-09-21 11:44:31,20260921,6,2,4-1-3,176.9
2026-09-21 11:44:31,20260921,6,2,4-1-5,83.2
2026-09-21 11:44:31,20260921,6,2,4-1-6,119.6
2026-09-21 11:44:31,20260921,6,2,4-2-1,45.9
2026-09-21 11:44:31,20260921,6,2,4-2-3,32.6
2026-09-21 11:44:31,20260921,6,2,4-2-5,42.4
2026-09-21 11:44:31,20260921,6,2,4-2-6,22.3
2026-09-21 11:44:31,20260921,6,2,4-3-1,166.5
2026-09-21 11:44:31,20260921,6,2,4-3-2,75.1
2026-09-21 11:44:31,20260921,6,2,4-3-5,166.5
2026-09-21 11:44:31,20260921,6,2,4-3-6,83.2
2026-09-21 11:44:31,20260921,6,2,4-5-1,121.3
2026-09-21 11:44:31,20260921,6,2,4-5-2,63.3
2026-09-21 11:44:31,20260921,6,2,4-5-3,143.9
2026-09-21 11:44:31,20260921,6,2,4-5-6,62.4
2026-09-21 11:44:31,20260921,6,2,4-6-1,202.2
2026-09-21 11:44:31,20260921,6,2,4-6-2,40.8
2026-09-21 11:44:31,20260921,6,2,4-6-3,157.3
2026-09-21 11:44:31,20260921,6,2,4-6-5,102.3
2026-09-21 11:44:31,20260921,6,2,5-1-2,223.5
2026-09-21 11:44:31,20260921,6,2,5-1-3,257.4
2026-09-21 11:44:31,20260921,6,2,5-1-4,314.6
2026-09-21 11:44:31,20260921,6,2,5-1-6,184.6
2026-09-21 11:44:31,20260921,6,2,5-2-1,242.7
2026-09-21 11:44:31,20260921,6,2,5-2-3,169.9
2026-09-21 11:44:31,20260921,6,2,5-2-4,96.5
2026-09-21 11:44:31,20260921,6,2,5-2-6,116.3
2026-09-21 11:44:31,20260921,6,2,5-3-1,292.9
2026-09-21 11:44:31,20260921,6,2,5-3-2,217.8
2026-09-21 11:44:31,20260921,6,2,5-3-4,212.3
2026-09-21 11:44:31,20260921,6,2,5-3-6,212.3
2026-09-21 11:44:31,20260921,6,2,5-4-1,314.6
2026-09-21 11:44:31,20260921,6,2,5-4-2,114.8
2026-09-21 11:44:31,20260921,6,2,5-4-3,235.9
2026-09-21 11:44:31,20260921,6,2,5-4-6,151.7
2026-09-21 11:44:31,20260921,6,2,5-6-1,326.7
2026-09-21 11:44:31,20260921,6,2,5-6-2,146.4
2026-09-21 11:44:31,20260921,6,2,5-6-3,202.2
2026-09-21 11:44:31,20260921,6,2,5-6-4,188.7
2026-09-21 11:44:31,20260921,6,2,6-1-2,184.6
2026-09-21 11:44:31,20260921,6,2,6-1-3,530.9
2026-09-21 11:44:31,20260921,6,2,6-1-4,447.1
2026-09-21 11:44:31,20260921,6,2,6-1-5,606.8
2026-09-21 11:44:31,20260921,6,2,6-2-1,217.8
2026-09-21 11:44:31,20260921,6,2,6-2-3,242.7
2026-09-21 11:44:31,20260921,6,2,6-2-4,69.0
2026-09-21 11:44:31,20260921,6,2,6-2-5,235.9
2026-09-21 11:44:31,20260921,6,2,6-3-1,653.4
2026-09-21 11:44:31,20260921,6,2,6-3-2,326.7
2026-09-21 11:44:31,20260921,6,2,6-3-4,369.3
2026-09-21 11:44:31,20260921,6,2,6-3-5,653.4
2026-09-21 11:44:31,20260921,6,2,6-4-1,499.7
2026-09-21 11:44:31,20260921,6,2,6-4-2,71.3
2026-09-21 11:44:31,20260921,6,2,6-4-3,471.9
2026-09-21 11:44:31,20260921,6,2,6-4-5,274.0
2026-09-21 11:44:31,20260921,6,2,6-5-1,653.4
2026-09-21 11:44:31,20260921,6,2,6-5-2,283.1
2026-09-21 11:44:31,20260921,6,2,6-5-3,386.1
2026-09-21 11:44:31,20260921,6,2,6-5-4,274.0
2026-09-21 11:44:41,20260921,16,3,1-2-3,15.4
2026-09-21 11:44:41,20260921,16,3,1-2-4,17.3
2026-09-21 11:44:41,20260921,16,3,1-2-5,56.7
2026-09-21 11:44:41,20260921,16,3,1-2-6,71.2
2026-09-21 11:44:41,20260921,16,3,1-3-2,12.8
2026-09-21 11:44:41,20260921,16,3,1-3-4,7.4
2026-09-21 11:44:41,20260921,16,3,1-3-5,26.4
2026-09-21 11:44:41,20260921,16,3,1-3-6,31.8
2026-09-21 11:44:41,20260921,16,3,1-4-2,16.5
2026-09-21 11:44:41,20260921,16,3,1-4-3,13.4
2026-09-21 11:44:41,20260921,16,3,1-4-5,49.2
2026-09-21 11:44:41,20260921,16,3,1-4-6,48.5
2026-09-21 11:44:41,20260921,16,3,1-5-2,54.4
2026-09-21 11:44:41,20260921,16,3,1-5-3,48.3
2026-09-21 11:44:41,20260921,16,3,1-5-4,88.0
2026-09-21 11:44:41,20260921,16,3,1-5-6,154.7
2026-09-21 11:44:41,20260921,16,3,1-6-2,82.7
2026-09-21 11:44:41,20260921,16,3,1-6-3,50.6
2026-09-21 11:44:41,20260921,16,3,1-6-4,86.6
2026-09-21 11:44:41,20260921,16,3,1-6-5,140.7
2026-09-21 11:44:41,20260921,16,3,2-1-3,56.7
2026-09-21 11:44:41,20260921,16,3,2-1-4,65.2
2026-09-21 11:44:41,20260921,16,3,2-1-5,112.8
2026-09-21 11:44:41,20260921,16,3,2-1-6,171.9
2026-09-21 11:44:41,20260921,16,3,2-3-1,119.0
2026-09-21 11:44:41,20260921,16,3,2-3-4,114.0
2026-09-21 11:44:41,20260921,16,3,2-3-5,240.7
2026-09-21 11:44:41,20260921,16,3,2-3-6,451.4
2026-09-21 11:44:41,20260921,16,3,2-4-1,105.1
2026-09-21 11:44:41,20260921,16,3,2-4-3,100.3
2026-09-21 11:44:41,20260921,16,3,2-4-5,251.9
2026-09-21 11:44:41,20260921,16,3,2-4-6,164.1
2026-09-21 11:44:41,20260921,16,3,2-5-1,240.7
2026-09-21 11:44:41,20260921,16,3,2-5-3,349.5
2026-09-21 11:44:41,20260921,16,3,2-5-4,338.5
2026-09-21 11:44:41,20260921,16,3,2-5-6,309.5
2026-09-21 11:44:41,20260921,16,3,2-6-1,349.5
2026-09-21 11:44:41,20260921,16,3,2-6-3,570.2
2026-09-21 11:44:41,20260921,16,3,2-6-4,492.4
2026-09-21 11:44:41,20260921,16,3,2-6-5,433.3
2026-09-21 11:44:41,20260921,16,3,3-1-2,61.5
2026-09-21 11:44:41,20260921,16,3,3-1-4,31.2
2026-09-21 11:44:41,20260921,16,3,3-1-5,64.4
2026-09-21 11:44:41,20260921,16,3,3-1-6,58.8
2026-09-21 11:44:41,20260921,16,3,3-2-1,125.9
2026-09-21 11:44:41,20260921,16,3,3-2-4,104.1
2026-09-21 11:44:41,20260921,16,3,3-2-5,180.5
2026-09-21 11:44:41,20260921,16,3,3-2-6,264.2
2026-09-21 11:44:41,20260921,16,3,3-4-1,62.9
2026-09-21 11:44:41,20260921,16,3,3-4-2,86.6
2026-09-21 11:44:41,20260921,16,3,3-4-5,106.2
2026-09-21 11:44:41,20260921,16,3,3-4-6,91.0
2026-09-21 11:44:41,20260921,16,3,3-5-1,148.4
2026-09-21 11:44:41,20260921,16,3,3-5-2,183.6
2026-09-21 11:44:41,20260921,16,3,3-5-4,204.4
2026-09-21 11:44:41,20260921,16,3,3-5-6,190.0
2026-09-21 11:44:41,20260921,16,3,3-6-1,221.1
2026-09-21 11:44:41,20260921,16,3,3-6-2,386.9
2026-09-21 11:44:41,20260921,16,3,3-6-4,200.6
2026-09-21 11:44:41,20260921,16,3,3-6-5,285.1
2026-09-21 11:44:41,20260921,16,3,4-1-2,57.0
2026-09-21 11:44:41,20260921,16,3,4-1-3,68.1
2026-09-21 11:44:41,20260921,16,3,4-1-5,82.7
2026-09-21 11:44:41,20260921,16,3,4-1-6,150.4
2026-09-21 11:44:41,20260921,16,3,4-2-1,112.8
2026-09-21 11:44:41,20260921,16,3,4-2-3,154.7
2026-09-21 11:44:41,20260921,16,3,4-2-5,174.7
2026-09-21 11:44:41,20260921,16,3,4-2-6,200.6
2026-09-21 11:44:41,20260921,16,3,4-3-1,103.1
2026-09-21 11:44:41,20260921,16,3,4-3-2,159.3
2026-09-21 11:44:41,20260921,16,3,4-3-5,169.2
2026-09-21 11:44:41,20260921,16,3,4-3-6,277.8
2026-09-21 11:44:41,20260921,16,3,4-5-1,112.8
2026-09-21 11:44:41,20260921,16,3,4-5-2,221.1
2026-09-21 11:44:41,20260921,16,3,4-5-3,200.6
2026-09-21 11:44:41,20260921,16,3,4-5-6,125.9
2026-09-21 11:44:41,20260921,16,3,4-6-1,361.1
2026-09-21 11:44:41,20260921,16,3,4-6-2,373.6
2026-09-21 11:44:41,20260921,16,3,4-6-3,416.7
2026-09-21 11:44:41,20260921,16,3,4-6-5,361.1
2026-09-21 11:44:41,20260921,16,3,5-1-2,79.6
2026-09-21 11:44:41,20260921,16,3,5-1-3,68.5
2026-09-21 11:44:41,20260921,16,3,5-1-4,161.7
2026-09-21 11:44:41,20260921,16,3,5-1-6,116.5
2026-09-21 11:44:41,20260921,16,3,5-2-1,328.3
2026-09-21 11:44:41,20260921,16,3,5-2-3,318.6
2026-09-21 11:44:41,20260921,16,3,5-2-4,216.6
2026-09-21 11:44:41,20260921,16,3,5-2-6,204.4
2026-09-21 11:44:41,20260921,16,3,5-3-1,78.5
2026-09-21 11:44:41,20260921,16,3,5-3-2,104.1
2026-09-21 11:44:41,20260921,16,3,5-3-4,240.7
2026-09-21 11:44:41,20260921,16,3,5-3-6,285.1
2026-09-21 11:44:41,20260921,16,3,5-4-1,183.6
2026-09-21 11:44:41,20260921,16,3,5-4-2,318.6
2026-09-21 11:44:41,20260921,16,3,5-4-3,338.5
2026-09-21 11:44:41,20260921,16,3,5-4-6,230.5
2026-09-21 11:44:41,20260921,16,3,5-6-1,300.9
2026-09-21 11:44:41,20260921,16,3,5-6-2,285.1
2026-09-21 11:44:41,20260921,16,3,5-6-3,328.3
2026-09-21 11:44:41,20260921,16,3,5-6-4,230.5
2026-09-21 11:44:41,20260921,16,3,6-1-2,433.3
2026-09-21 11:44:41,20260921,16,3,6-1-3,361.1
2026-09-21 11:44:41,20260921,16,3,6-1-4,541.7
2026-09-21 11:44:41,20260921,16,3,6-1-5,309.5
2026-09-21 11:44:41,20260921,16,3,6-2-1,677.1
2026-09-21 11:44:41,20260921,16,3,6-2-3,677.1
2026-09-21 11:44:41,20260921,16,3,6-2-4,773.8
2026-09-21 11:44:41,20260921,16,3,6-2-5,601.9
2026-09-21 11:44:41,20260921,16,3,6-3-1,471.0
2026-09-21 11:44:41,20260921,16,3,6-3-2,984.9
2026-09-21 11:44:41,20260921,16,3,6-3-4,416.7
2026-09-21 11:44:41,20260921,16,3,6-3-5,492.4
2026-09-21 11:44:41,20260921,16,3,6-4-1,902.8
2026-09-21 11:44:41,20260921,16,3,6-4-2,515.9
2026-09-21 11:44:41,20260921,16,3,6-4-3,541.7
2026-09-21 11:44:41,20260921,16,3,6-4-5,471.0
2026-09-21 11:44:41,20260921,16,3,6-5-1,292.8
2026-09-21 11:44:41,20260921,16,3,6-5-2,433.3
2026-09-21 11:44:41,20260921,16,3,6-5-3,349.5
2026-09-21 11:44:41,20260921,16,3,6-5-4,270.8
2026-09-21 11:47:31,20260921,5,4,1-2-3,7.2
2026-09-21 11:47:31,20260921,5,4,1-2-4,10.8
2026-09-21 11:47:31,20260921,5,4,1-2-5,13.2
2026-09-21 11:47:31,20260921,5,4,1-2-6,12.9
2026-09-21 11:47:31,20260921,5,4,1-3-2,14.2
2026-09-21 11:47:31,20260921,5,4,1-3-4,23.2
2026-09-21 11:47:31,20260921,5,4,1-3-5,31.9
2026-09-21 11:47:31,20260921,5,4,1-3-6,30.9
2026-09-21 11:47:31,20260921,5,4,1-4-2,27.5
2026-09-21 11:47:31,20260921,5,4,1-4-3,42.4
2026-09-21 11:47:31,20260921,5,4,1-4-5,59.6
2026-09-21 11:47:31,20260921,5,4,1-4-6,54.2
2026-09-21 11:47:31,20260921,5,4,1-5-2,37.1
2026-09-21 11:47:31,20260921,5,4,1-5-3,66.5
2026-09-21 11:47:31,20260921,5,4,1-5-4,82.1
2026-09-21 11:47:31,20260921,5,4,1-5-6,69.6
2026-09-21 11:47:31,20260921,5,4,1-6-2,47.5
2026-09-21 11:47:31,20260921,5,4,1-6-3,79.8
2026-09-21 11:47:31,20260921,5,4,1-6-4,100.7
2026-09-21 11:47:31,20260921,5,4,1-6-5,101.1
2026-09-21 11:47:31,20260921,5,4,2-1-3,21.6
2026-09-21 11:47:31,20260921,5,4,2-1-4,24.2
2026-09-21 11:47:31,20260921,5,4,2-1-5,32.6
2026-09-21 11:47:31,20260921,5,4,2-1-6,31.8
2026-09-21 11:47:31,20260921,5,4,2-3-1,61.4
2026-09-21 11:47:31,20260921,5,4,2-3-4,117.5
2026-09-21 11:47:31,20260921,5,4,2-3-5,121.8
2026-09-21 11:47:31,20260921,5,4,2-3-6,90.5
2026-09-21 11:47:31,20260921,5,4,2-4-1,114.4
2026-09-21 11:47:31,20260921,5,4,2-4-3,166.7
2026-09-21 11:47:31,20260921,5,4,2-4-5,215.2
2026-09-21 11:47:31,20260921,5,4,2-4-6,134.0
2026-09-21 11:47:31,20260921,5,4,2-5-1,95.5
2026-09-21 11:47:31,20260921,5,4,2-5-3,173.4
2026-09-21 11:47:31,20260921,5,4,2-5-4,258.9
2026-09-21 11:47:31,20260921,5,4,2-5-6,124.9
2026-09-21 11:47:31,20260921,5,4,2-6-1,107.1
2026-09-21 11:47:31,20260921,5,4,2-6-3,175.9
2026-09-21 11:47:31,20260921,5,4,2-6-4,209.0
2026-09-21 11:47:31,20260921,5,4,2-6-5,152.4
2026-09-21 11:47:31,20260921,5,4,3-1-2,66.8
2026-09-21 11:47:31,20260921,5,4,3-1-4,103.9
2026-09-21 11:47:31,20260921,5,4,3-1-5,114.5
2026-09-21 11:47:31,20260921,5,4,3-1-6,109.3
2026-09-21 11:47:31,20260921,5,4,3-2-1,119.5
2026-09-21 11:47:31,20260921,5,4,3-2-4,170.9
2026-09-21 11:47:31,20260921,5,4,3-2-5,226.4
2026-09-21 11:47:31,20260921,5,4,3-2-6,186.2
2026-09-21 11:47:31,20260921,5,4,3-4-1,258.9
2026-09-21 11:47:31,20260921,5,4,3-4-2,263.9
2026-09-21 11:47:31,20260921,5,4,3-4-5,497.6
2026-09-21 11:47:31,20260921,5,4,3-4-6,241.9
2026-09-21 11:47:31,20260921,5,4,3-5-1,376.2
2026-09-21 11:47:31,20260921,5,4,3-5-2,284.3
2026-09-21 11:47:31,20260921,5,4,3-5-4,692.4
2026-09-21 11:47:31,20260921,5,4,3-5-6,292.2
2026-09-21 11:47:31,20260921,5,4,3-6-1,293.1
2026-09-21 11:47:31,20260921,5,4,3-6-2,290.4
2026-09-21 11:47:31,20260921,5,4,3-6-4,340.0
2026-09-21 11:47:31,20260921,5,4,3-6-5,360.5
2026-09-21 11:47:31,20260921,5,4,4-1-2,133.0
2026-09-21 11:47:31,20260921,5,4,4-1-3,236.5
2026-09-21 11:47:31,20260921,5,4,4-1-5,165.6
2026-09-21 11:47:31,20260921,5,4,4-1-6,187.0
2026-09-21 11:47:31,20260921,5,4,4-2-1,195.4
2026-09-21 11:47:31,20260921,5,4,4-2-3,368.9
2026-09-21 11:47:31,20260921,5,4,4-2-5,356.5
2026-09-21 11:47:31,20260921,5,4,4-2-6,235.9
2026-09-21 11:47:31,20260921,5,4,4-3-1,386.8
2026-09-21 11:47:31,20260921,5,4,4-3-2,428.5
2026-09-21 11:47:31,20260921,5,4,4-3-5,582.6
2026-09-21 11:47:31,20260921,5,4,4-3-6,346.2
2026-09-21 11:47:31,20260921,5,4,4-5-1,263.9
2026-09-21 11:47:31,20260921,5,4,4-5-2,280.2
2026-09-21 11:47:31,20260921,5,4,4-5-3,477.7
2026-09-21 11:47:31,20260921,5,4,4-5-6,231.9
2026-09-21 11:47:31,20260921,5,4,4-6-1,278.5
2026-09-21 11:47:31,20260921,5,4,4-6-2,257.5
2026-09-21 11:47:31,20260921,5,4,4-6-3,325.0
2026-09-21 11:47:31,20260921,5,4,4-6-5,277.7
2026-09-21 11:47:31,20260921,5,4,5-1-2,149.3
2026-09-21 11:47:31,20260921,5,4,5-1-3,319.5
2026-09-21 11:47:31,20260921,5,4,5-1-4,309.2
2026-09-21 11:47:31,20260921,5,4,5-1-6,185.9
2026-09-21 11:47:31,20260921,5,4,5-2-1,182.0
2026-09-21 11:47:31,20260921,5,4,5-2-3,301.4
2026-09-21 11:47:31,20260921,5,4,5-2-4,490.0
2026-09-21 11:47:31,20260921,5,4,5-2-6,170.0
2026-09-21 11:47:31,20260921,5,4,5-3-1,542.9
2026-09-21 11:47:31,20260921,5,4,5-3-2,480.1
2026-09-21 11:47:31,20260921,5,4,5-3-4,1111.0
2026-09-21 11:47:31,20260921,5,4,5-3-6,415.4
2026-09-21 11:47:31,20260921,5,4,5-4-1,382.2
2026-09-21 11:47:31,20260921,5,4,5-4-2,490.0
2026-09-21 11:47:31,20260921,5,4,5-4-3,604.7
2026-09-21 11:47:31,20260921,5,4,5-4-6,295.8
2026-09-21 11:47:31,20260921,5,4,5-6-1,326.1
2026-09-21 11:47:31,20260921,5,4,5-6-2,266.1
2026-09-21 11:47:31,20260921,5,4,5-6-3,424.7
2026-09-21 11:47:31,20260921,5,4,5-6-4,434.3
2026-09-21 11:47:31,20260921,5,4,6-1-2,166.1
2026-09-21 11:47:31,20260921,5,4,6-1-3,490.0
2026-09-21 11:47:31,20260921,5,4,6-1-4,502.9
2026-09-21 11:47:31,20260921,5,4,6-1-5,628.6
2026-09-21 11:47:31,20260921,5,4,6-2-1,223.7
2026-09-21 11:47:31,20260921,5,4,6-2-3,385.3
2026-09-21 11:47:31,20260921,5,4,6-2-4,497.6
2026-09-21 11:47:31,20260921,5,4,6-2-5,396.5
2026-09-21 11:47:31,20260921,5,4,6-3-1,723.9
2026-09-21 11:47:31,20260921,5,4,6-3-2,533.8
2026-09-21 11:47:31,20260921,5,4,6-3-4,910.0
2026-09-21 11:47:31,20260921,5,4,6-3-5,1016.0
2026-09-21 11:47:31,20260921,5,4,6-4-1,965.2
2026-09-21 11:47:31,20260921,5,4,6-4-2,542.9
2026-09-21 11:47:31,20260921,5,4,6-4-3,1209.0
2026-09-21 11:47:31,20260921,5,4,6-4-5,910.0
2026-09-21 11:47:31,20260921,5,4,6-5-1,718.4
2026-09-21 11:47:31,20260921,5,4,6-5-2,440.3
2026-09-21 11:47:31,20260921,5,4,6-5-3,1241.0
2026-09-21 11:47:31,20260921,5,4,6-5-4,946.1
2026-09-21 11:55:23,20260921,9,4,1-2-3,97.1
2026-09-21 11:55:23,20260921,9,4,1-2-4,39.3
2026-09-21 11:55:23,20260921,9,4,1-2-5,69.9
2026-09-21 11:55:23,20260921,9,4,1-2-6,159.1
2026-09-21 11:55:23,20260921,9,4,1-3-2,83.1
2026-09-21 11:55:23,20260921,9,4,1-3-4,87.0
2026-09-21 11:55:23,20260921,9,4,1-3-5,149.6
2026-09-21 11:55:23,20260921,9,4,1-3-6,202.2
2026-09-21 11:55:23,20260921,9,4,1-4-2,24.8
2026-09-21 11:55:23,20260921,9,4,1-4-3,61.8
2026-09-21 11:55:23,20260921,9,4,1-4-5,25.9
2026-09-21 11:55:23,20260921,9,4,1-4-6,202.2
2026-09-21 11:55:23,20260921,9,4,1-5-2,65.0
2026-09-21 11:55:23,20260921,9,4,1-5-3,138.5
2026-09-21 11:55:23,20260921,9,4,1-5-4,56.6
2026-09-21 11:55:23,20260921,9,4,1-5-6,220.0
2026-09-21 11:55:23,20260921,9,4,1-6-2,108.4
2026-09-21 11:55:23,20260921,9,4,1-6-3,202.2
2026-09-21 11:55:23,20260921,9,4,1-6-4,98.4
2026-09-21 11:55:23,20260921,9,4,1-6-5,241.3
2026-09-21 11:55:23,20260921,9,4,2-1-3,76.3
2026-09-21 11:55:23,20260921,9,4,2-1-4,38.1
2026-09-21 11:55:23,20260921,9,4,2-1-5,63.4
2026-09-21 11:55:23,20260921,9,4,2-1-6,136.0
2026-09-21 11:55:23,20260921,9,4,2-3-1,159.1
2026-09-21 11:55:23,20260921,9,4,2-3-4,101.1
2026-09-21 11:55:23,20260921,9,4,2-3-5,166.2
2026-09-21 11:55:23,20260921,9,4,2-3-6,299.2
2026-09-21 11:55:23,20260921,9,4,2-4-1,32.8
2026-09-21 11:55:23,20260921,9,4,2-4-3,80.4
2026-09-21 11:55:23,20260921,9,4,2-4-5,24.3
2026-09-21 11:55:23,20260921,9,4,2-4-6,202.2
2026-09-21 11:55:23,20260921,9,4,2-5-1,91.2
2026-09-21 11:55:23,20260921,9,4,2-5-3,191.8
2026-09-21 11:55:23,20260921,9,4,2-5-4,47.3
2026-09-21 11:55:23,20260921,9,4,2-5-6,213.7
2026-09-21 11:55:23,20260921,9,4,2-6-1,311.7
2026-09-21 11:55:23,20260921,9,4,2-6-3,311.7
2026-09-21 11:55:23,20260921,9,4,2-6-4,393.7
2026-09-21 11:55:23,20260921,9,4,2-6-5,202.2
2026-09-21 11:55:23,20260921,9,4,3-1-2,220.0
2026-09-21 11:55:23,20260921,9,4,3-1-4,86.0
2026-09-21 11:55:23,20260921,9,4,3-1-5,115.1
2026-09-21 11:55:23,20260921,9,4,3-1-6,207.8
2026-09-21 11:55:23,20260921,9,4,3-2-1,249.4
2026-09-21 11:55:23,20260921,9,4,3-2-4,108.4
2026-09-21 11:55:23,20260921,9,4,3-2-5,131.2
2026-09-21 11:55:23,20260921,9,4,3-2-6,249.4
2026-09-21 11:55:23,20260921,9,4,3-4-1,162.6
2026-09-21 11:55:23,20260921,9,4,3-4-2,149.6
2026-09-21 11:55:23,20260921,9,4,3-4-5,162.6
2026-09-21 11:55:23,20260921,9,4,3-4-6,340.0
2026-09-21 11:55:23,20260921,9,4,3-5-1,299.2
2026-09-21 11:55:23,20260921,9,4,3-5-2,174.0
2026-09-21 11:55:23,20260921,9,4,3-5-4,182.4
2026-09-21 11:55:23,20260921,9,4,3-5-6,233.8
2026-09-21 11:55:23,20260921,9,4,3-6-1,356.2
2026-09-21 11:55:23,20260921,9,4,3-6-2,374.1
2026-09-21 11:55:23,20260921,9,4,3-6-4,415.6
2026-09-21 11:55:23,20260921,9,4,3-6-5,207.8
2026-09-21 11:55:23,20260921,9,4,4-1-2,18.1
2026-09-21 11:55:23,20260921,9,4,4-1-3,59.3
2026-09-21 11:55:23,20260921,9,4,4-1-5,17.3
2026-09-21 11:55:23,20260921,9,4,4-1-6,207.8
2026-09-21 11:55:23,20260921,9,4,4-2-1,18.8
2026-09-21 11:55:23,20260921,9,4,4-2-3,44.8
2026-09-21 11:55:23,20260921,9,4,4-2-5,12.5
2026-09-21 11:55:23,20260921,9,4,4-2-6,122.6
2026-09-21 11:55:23,20260921,9,4,4-3-1,120.6
2026-09-21 11:55:23,20260921,9,4,4-3-2,97.1
2026-09-21 11:55:23,20260921,9,4,4-3-5,116.9
2026-09-21 11:55:23,20260921,9,4,4-3-6,287.7
2026-09-21 11:55:23,20260921,9,4,4-5-1,17.1
2026-09-21 11:55:23,20260921,9,4,4-5-2,11.3
2026-09-21 11:55:23,20260921,9,4,4-5-3,47.3
2026-09-21 11:55:23,20260921,9,4,4-5-6,85.0
2026-09-21 11:55:23,20260921,9,4,4-6-1,374.1
2026-09-21 11:55:23,20260921,9,4,4-6-2,170.0
2026-09-21 11:55:23,20260921,9,4,4-6-3,287.7
2026-09-21 11:55:23,20260921,9,4,4-6-5,311.7
2026-09-21 11:55:23,20260921,9,4,5-1-2,110.0
2026-09-21 11:55:23,20260921,9,4,5-1-3,196.8
2026-09-21 11:55:23,20260921,9,4,5-1-4,72.6
2026-09-21 11:55:23,20260921,9,4,5-1-6,213.7
2026-09-21 11:55:23,20260921,9,4,5-2-1,105.3
2026-09-21 11:55:23,20260921,9,4,5-2-3,141.1
2026-09-21 11:55:23,20260921,9,4,5-2-4,44.2
2026-09-21 11:55:23,20260921,9,4,5-2-6,159.1
2026-09-21 11:55:23,20260921,9,4,5-3-1,534.4
2026-09-21 11:55:23,20260921,9,4,5-3-2,226.7
2026-09-21 11:55:23,20260921,9,4,5-3-4,241.3
2026-09-21 11:55:23,20260921,9,4,5-3-6,374.1
2026-09-21 11:55:23,20260921,9,4,5-4-1,55.4
2026-09-21 11:55:23,20260921,9,4,5-4-2,40.6
2026-09-21 11:55:23,20260921,9,4,5-4-3,170.0
2026-09-21 11:55:23,20260921,9,4,5-4-6,287.7
2026-09-21 11:55:23,20260921,9,4,5-6-1,415.6
2026-09-21 11:55:23,20260921,9,4,5-6-2,187.0
2026-09-21 11:55:23,20260921,9,4,5-6-3,287.7
2026-09-21 11:55:23,20260921,9,4,5-6-4,191.8
2026-09-21 11:55:23,20260921,9,4,6-1-2,196.8
2026-09-21 11:55:23,20260921,9,4,6-1-3,575.5
2026-09-21 11:55:23,20260921,9,4,6-1-4,415.6
2026-09-21 11:55:23,20260921,9,4,6-1-5,623.5
2026-09-21 11:55:23,20260921,9,4,6-2-1,356.2
2026-09-21 11:55:23,20260921,9,4,6-2-3,440.1
2026-09-21 11:55:23,20260921,9,4,6-2-4,415.6
2026-09-21 11:55:23,20260921,9,4,6-2-5,680.1
2026-09-21 11:55:23,20260921,9,4,6-3-1,534.4
2026-09-21 11:55:23,20260921,9,4,6-3-2,748.2
2026-09-21 11:55:23,20260921,9,4,6-3-4,356.2
2026-09-21 11:55:23,20260921,9,4,6-3-5,831.3
2026-09-21 11:55:23,20260921,9,4,6-4-1,440.1
2026-09-21 11:55:23,20260921,9,4,6-4-2,498.8
2026-09-21 11:55:23,20260921,9,4,6-4-3,623.5
2026-09-21 11:55:23,20260921,9,4,6-4-5,498.8
2026-09-21 11:55:23,20260921,9,4,6-5-1,415.6
2026-09-21 11:55:23,20260921,9,4,6-5-2,374.1
2026-09-21 11:55:23,20260921,9,4,6-5-3,325.3
2026-09-21 11:55:23,20260921,9,4,6-5-4,393.7
2026-09-21 11:55:33,20260921,17,4,1-2-3,36.4
2026-09-21 11:55:33,20260921,17,4,1-2-4,14.4
2026-09-21 11:55:33,20260921,17,4,1-2-5,97.4
2026-09-21 11:55:33,20260921,17,4,1-2-6,240.1
2026-09-21 11:55:33,20260921,17,4,1-3-2,59.7
2026-09-21 11:55:33,20260921,17,4,1-3-4,72.1
2026-09-21 11:55:33,20260921,17,4,1-3-5,213.5
2026-09-21 11:55:33,20260921,17,4,1-3-6,612.0
2026-09-21 11:55:33,20260921,17,4,1-4-2,20.8
2026-09-21 11:55:33,20260921,17,4,1-4-3,62.1
2026-09-21 11:55:33,20260921,17,4,1-4-5,120.0
2026-09-21 11:55:33,20260921,17,4,1-4-6,293.4
2026-09-21 11:55:33,20260921,17,4,1-5-2,281.9
2026-09-21 11:55:33,20260921,17,4,1-5-3,496.8
2026-09-21 11:55:33,20260921,17,4,1-5-4,348.5
2026-09-21 11:55:33,20260921,17,4,1-5-6,1045.0
2026-09-21 11:55:33,20260921,17,4,1-6-2,506.9
2026-09-21 11:55:33,20260921,17,4,1-6-3,1320.0
2026-09-21 11:55:33,20260921,17,4,1-6-4,597.4
2026-09-21 11:55:33,20260921,17,4,1-6-5,1254.0
2026-09-21 11:55:33,20260921,17,4,2-1-3,28.5
2026-09-21 11:55:33,20260921,17,4,2-1-4,11.6
2026-09-21 11:55:33,20260921,17,4,2-1-5,66.1
2026-09-21 11:55:33,20260921,17,4,2-1-6,264.1
2026-09-21 11:55:33,20260921,17,4,2-3-1,48.5
2026-09-21 11:55:33,20260921,17,4,2-3-4,17.1
2026-09-21 11:55:33,20260921,17,4,2-3-5,90.7
2026-09-21 11:55:33,20260921,17,4,2-3-6,268.3
2026-09-21 11:55:33,20260921,17,4,2-4-1,7.7
2026-09-21 11:55:33,20260921,17,4,2-4-3,7.4
2026-09-21 11:55:33,20260921,17,4,2-4-5,15.2
2026-09-21 11:55:33,20260921,17,4,2-4-6,82.2
2026-09-21 11:55:33,20260921,17,4,2-5-1,221.0
2026-09-21 11:55:33,20260921,17,4,2-5-3,199.9
2026-09-21 11:55:33,20260921,17,4,2-5-4,97.6
2026-09-21 11:55:33,20260921,17,4,2-5-6,557.6
2026-09-21 11:55:33,20260921,17,4,2-6-1,687.4
2026-09-21 11:55:33,20260921,17,4,2-6-3,697.0
2026-09-21 11:55:33,20260921,17,4,2-6-4,389.0
2026-09-21 11:55:33,20260921,17,4,2-6-5,912.4
2026-09-21 11:55:33,20260921,17,4,3-1-2,162.9
2026-09-21 11:55:33,20260921,17,4,3-1-4,134.5
2026-09-21 11:55:33,20260921,17,4,3-1-5,291.7
2026-09-21 11:55:33,20260921,17,4,3-1-6,660.3
2026-09-21 11:55:33,20260921,17,4,3-2-1,126.4
2026-09-21 11:55:33,20260921,17,4,3-2-4,47.7
2026-09-21 11:55:33,20260921,17,4,3-2-5,238.9
2026-09-21 11:55:33,20260921,17,4,3-2-6,421.7
2026-09-21 11:55:33,20260921,17,4,3-4-1,153.4
2026-09-21 11:55:33,20260921,17,4,3-4-2,63.3
2026-09-21 11:55:33,20260921,17,4,3-4-5,307.8
2026-09-21 11:55:33,20260921,17,4,3-4-6,557.6
2026-09-21 11:55:33,20260921,17,4,3-5-1,1024.0
2026-09-21 11:55:33,20260921,17,4,3-5-2,452.1
2026-09-21 11:55:33,20260921,17,4,3-5-4,635.2
2026-09-21 11:55:33,20260921,17,4,3-5-6,1320.0
2026-09-21 11:55:33,20260921,17,4,3-6-1,2281.0
2026-09-21 11:55:33,20260921,17,4,3-6-2,1224.0
2026-09-21 11:55:33,20260921,17,4,3-6-4,1672.0
2026-09-21 11:55:33,20260921,17,4,3-6-5,1930.0
2026-09-21 11:55:33,20260921,17,4,4-1-2,22.8
2026-09-21 11:55:33,20260921,17,4,4-1-3,66.1
2026-09-21 11:55:33,20260921,17,4,4-1-5,98.2
2026-09-21 11:55:33,20260921,17,4,4-1-6,321.7
2026-09-21 11:55:33,20260921,17,4,4-2-1,12.7
2026-09-21 11:55:33,20260921,17,4,4-2-3,12.4
2026-09-21 11:55:33,20260921,17,4,4-2-5,21.4
2026-09-21 11:55:33,20260921,17,4,4-2-6,102.8
2026-09-21 11:55:33,20260921,17,4,4-3-1,112.0
2026-09-21 11:55:33,20260921,17,4,4-3-2,36.5
2026-09-21 11:55:33,20260921,17,4,4-3-5,151.1
2026-09-21 11:55:33,20260921,17,4,4-3-6,408.0
2026-09-21 11:55:33,20260921,17,4,4-5-1,187.2
2026-09-21 11:55:33,20260921,17,4,4-5-2,69.7
2026-09-21 11:55:33,20260921,17,4,4-5-3,162.9
2026-09-21 11:55:33,20260921,17,4,4-5-6,421.7
2026-09-21 11:55:33,20260921,17,4,4-6-1,583.5
2026-09-21 11:55:33,20260921,17,4,4-6-2,346.1
2026-09-21 11:55:33,20260921,17,4,4-6-3,796.5
2026-09-21 11:55:33,20260921,17,4,4-6-5,912.4
2026-09-21 11:55:33,20260921,17,4,5-1-2,687.4
2026-09-21 11:55:33,20260921,17,4,5-1-3,1286.0
2026-09-21 11:55:33,20260921,17,4,5-1-4,678.1
2026-09-21 11:55:33,20260921,17,4,5-1-6,1394.0
2026-09-21 11:55:33,20260921,17,4,5-2-1,643.4
2026-09-21 11:55:33,20260921,17,4,5-2-3,706.8
2026-09-21 11:55:33,20260921,17,4,5-2-4,258.6
2026-09-21 11:55:33,20260921,17,4,5-2-6,1024.0
2026-09-21 11:55:33,20260921,17,4,5-3-1,1224.0
2026-09-21 11:55:33,20260921,17,4,5-3-2,1286.0
2026-09-21 11:55:33,20260921,17,4,5-3-4,1167.0
2026-09-21 11:55:33,20260921,17,4,5-3-6,1730.0
2026-09-21 11:55:33,20260921,17,4,5-4-1,1090.0
2026-09-21 11:55:33,20260921,17,4,5-4-2,325.8
2026-09-21 11:55:33,20260921,17,4,5-4-3,984.0
2026-09-21 11:55:33,20260921,17,4,5-4-6,1520.0
2026-09-21 11:55:33,20260921,17,4,5-6-1,2091.0
2026-09-21 11:55:33,20260921,17,4,5-6-2,1520.0
2026-09-21 11:55:33,20260921,17,4,5-6-3,1858.0
2026-09-21 11:55:33,20260921,17,4,5-6-4,1024.0
2026-09-21 11:55:33,20260921,17,4,6-1-2,1140.0
2026-09-21 11:55:33,20260921,17,4,6-1-3,2389.0
2026-09-21 11:55:33,20260921,17,4,6-1-4,2091.0
2026-09-21 11:55:33,20260921,17,4,6-1-5,2788.0
2026-09-21 11:55:33,20260921,17,4,6-2-1,1618.0
2026-09-21 11:55:33,20260921,17,4,6-2-3,1090.0
2026-09-21 11:55:33,20260921,17,4,6-2-4,1194.0
2026-09-21 11:55:33,20260921,17,4,6-2-5,2181.0
2026-09-21 11:55:33,20260921,17,4,6-3-1,2952.0
2026-09-21 11:55:33,20260921,17,4,6-3-2,1520.0
2026-09-21 11:55:33,20260921,17,4,6-3-4,1320.0
2026-09-21 11:55:33,20260921,17,4,6-3-5,2091.0
2026-09-21 11:55:33,20260921,17,4,6-4-1,1792.0
2026-09-21 11:55:33,20260921,17,4,6-4-2,1067.0
2026-09-21 11:55:33,20260921,17,4,6-4-3,1730.0
2026-09-21 11:55:33,20260921,17,4,6-4-5,2509.0
2026-09-21 11:55:33,20260921,17,4,6-5-1,1394.0
2026-09-21 11:55:33,20260921,17,4,6-5-2,2509.0
2026-09-21 11:55:33,20260921,17,4,6-5-3,1930.0
2026-09-21 11:55:33,20260921,17,4,6-5-4,1568.0
2026-09-21 11:58:20,20260921,18,8,1-2-3,80.9
2026-09-21 11:58:20,20260921,18,8,1-2-4,35.1
2026-09-21 11:58:20,20260921,18,8,1-2-5,55.6
2026-09-21 11:58:20,20260921,18,8,1-2-6,101.0
2026-09-21 11:58:20,20260921,18,8,1-3-2,81.2
2026-09-21 11:58:20,20260921,18,8,1-3-4,86.6
2026-09-21 11:58:20,20260921,18,8,1-3-5,87.6
2026-09-21 11:58:20,20260921,18,8,1-3-6,173.8
2026-09-21 11:58:20,20260921,18,8,1-4-2,23.8
2026-09-21 11:58:20,20260921,18,8,1-4-3,35.5
2026-09-21 11:58:20,20260921,18,8,1-4-5,20.9
2026-09-21 11:58:20,20260921,18,8,1-4-6,42.7
2026-09-21 11:58:20,20260921,18,8,1-5-2,63.9
2026-09-21 11:58:20,20260921,18,8,1-5-3,130.4
2026-09-21 11:58:20,20260921,18,8,1-5-4,46.1
2026-09-21 11:58:20,20260921,18,8,1-5-6,173.8
2026-09-21 11:58:20,20260921,18,8,1-6-2,215.6
2026-09-21 11:58:20,20260921,18,8,1-6-3,325.0
2026-09-21 11:58:20,20260921,18,8,1-6-4,168.6
2026-09-21 11:58:20,20260921,18,8,1-6-5,320.4
2026-09-21 11:58:20,20260921,18,8,2-1-3,84.9
2026-09-21 11:58:20,20260921,18,8,2-1-4,57.8
2026-09-21 11:58:20,20260921,18,8,2-1-5,89.3
2026-09-21 11:58:20,20260921,18,8,2-1-6,260.8
2026-09-21 11:58:20,20260921,18,8,2-3-1,166.1
2026-09-21 11:58:20,20260921,18,8,2-3-4,87.2
2026-09-21 11:58:20,20260921,18,8,2-3-5,98.8
2026-09-21 11:58:20,20260921,18,8,2-3-6,209.6
2026-09-21 11:58:20,20260921,18,8,2-4-1,61.2
2026-09-21 11:58:20,20260921,18,8,2-4-3,76.8
2026-09-21 11:58:20,20260921,18,8,2-4-5,40.4
2026-09-21 11:58:20,20260921,18,8,2-4-6,98.8
2026-09-21 11:58:20,20260921,18,8,2-5-1,133.5
2026-09-21 11:58:20,20260921,18,8,2-5-3,106.3
2026-09-21 11:58:20,20260921,18,8,2-5-4,53.5
2026-09-21 11:58:20,20260921,18,8,2-5-6,130.4
2026-09-21 11:58:20,20260921,18,8,2-6-1,448.6
2026-09-21 11:58:20,20260921,18,8,2-6-3,345.1
2026-09-21 11:58:20,20260921,18,8,2-6-4,200.2
2026-09-21 11:58:20,20260921,18,8,2-6-5,213.6
2026-09-21 11:58:20,20260921,18,8,3-1-2,159.0
2026-09-21 11:58:20,20260921,18,8,3-1-4,118.6
2026-09-21 11:58:20,20260921,18,8,3-1-5,101.9
2026-09-21 11:58:20,20260921,18,8,3-1-6,226.5
2026-09-21 11:58:20,20260921,18,8,3-2-1,257.8
2026-09-21 11:58:20,20260921,18,8,3-2-4,120.6
2026-09-21 11:58:20,20260921,18,8,3-2-5,121.2
2026-09-21 11:58:20,20260921,18,8,3-2-6,257.8
2026-09-21 11:58:20,20260921,18,8,3-4-1,137.6
2026-09-21 11:58:20,20260921,18,8,3-4-2,118.0
2026-09-21 11:58:20,20260921,18,8,3-4-5,97.1
2026-09-21 11:58:20,20260921,18,8,3-4-6,207.7
2026-09-21 11:58:20,20260921,18,8,3-5-1,106.8
2026-09-21 11:58:20,20260921,18,8,3-5-2,107.8
2026-09-21 11:58:20,20260921,18,8,3-5-4,81.5
2026-09-21 11:58:20,20260921,18,8,3-5-6,121.2
2026-09-21 11:58:20,20260921,18,8,3-6-1,431.3
2026-09-21 11:58:20,20260921,18,8,3-6-2,423.2
2026-09-21 11:58:20,20260921,18,8,3-6-4,415.4
2026-09-21 11:58:20,20260921,18,8,3-6-5,243.8
2026-09-21 11:58:20,20260921,18,8,4-1-2,19.9
2026-09-21 11:58:20,20260921,18,8,4-1-3,57.9
2026-09-21 11:58:20,20260921,18,8,4-1-5,14.3
2026-09-21 11:58:20,20260921,18,8,4-1-6,67.3
2026-09-21 11:58:20,20260921,18,8,4-2-1,32.5
2026-09-21 11:58:20,20260921,18,8,4-2-3,62.6
2026-09-21 11:58:20,20260921,18,8,4-2-5,17.2
2026-09-21 11:58:20,20260921,18,8,4-2-6,63.0
2026-09-21 11:58:20,20260921,18,8,4-3-1,115.6
2026-09-21 11:58:20,20260921,18,8,4-3-2,98.3
2026-09-21 11:58:20,20260921,18,8,4-3-5,73.7
2026-09-21 11:58:20,20260921,18,8,4-3-6,150.5
2026-09-21 11:58:20,20260921,18,8,4-5-1,23.4
2026-09-21 11:58:20,20260921,18,8,4-5-2,20.9
2026-09-21 11:58:20,20260921,18,8,4-5-3,59.9
2026-09-21 11:58:20,20260921,18,8,4-5-6,33.0
2026-09-21 11:58:20,20260921,18,8,4-6-1,200.2
2026-09-21 11:58:20,20260921,18,8,4-6-2,124.6
2026-09-21 11:58:20,20260921,18,8,4-6-3,280.3
2026-09-21 11:58:20,20260921,18,8,4-6-5,94.2
2026-09-21 11:58:20,20260921,18,8,5-1-2,113.2
2026-09-21 11:58:20,20260921,18,8,5-1-3,150.5
2026-09-21 11:58:20,20260921,18,8,5-1-4,76.5
2026-09-21 11:58:20,20260921,18,8,5-1-6,163.7
2026-09-21 11:58:20,20260921,18,8,5-2-1,159.0
2026-09-21 11:58:20,20260921,18,8,5-2-3,164.9
2026-09-21 11:58:20,20260921,18,8,5-2-4,66.1
2026-09-21 11:58:20,20260921,18,8,5-2-6,142.8
2026-09-21 11:58:20,20260921,18,8,5-3-1,198.5
2026-09-21 11:58:20,20260921,18,8,5-3-2,182.3
2026-09-21 11:58:20,20260921,18,8,5-3-4,131.1
2026-09-21 11:58:20,20260921,18,8,5-3-6,213.6
2026-09-21 11:58:20,20260921,18,8,5-4-1,61.4
2026-09-21 11:58:20,20260921,18,8,5-4-2,57.3
2026-09-21 11:58:20,20260921,18,8,5-4-3,123.9
2026-09-21 11:58:20,20260921,18,8,5-4-6,93.8
2026-09-21 11:58:20,20260921,18,8,5-6-1,283.9
2026-09-21 11:58:20,20260921,18,8,5-6-2,196.7
2026-09-21 11:58:20,20260921,18,8,5-6-3,299.0
2026-09-21 11:58:20,20260921,18,8,5-6-4,135.9
2026-09-21 11:58:20,20260921,18,8,6-1-2,547.1
2026-09-21 11:58:20,20260921,18,8,6-1-3,509.8
2026-09-21 11:58:20,20260921,18,8,6-1-4,640.9
2026-09-21 11:58:20,20260921,18,8,6-1-5,606.2
2026-09-21 11:58:20,20260921,18,8,6-2-1,830.8
2026-09-21 11:58:20,20260921,18,8,6-2-3,659.7
2026-09-21 11:58:20,20260921,18,8,6-2-4,325.0
2026-09-21 11:58:20,20260921,18,8,6-2-5,521.6
2026-09-21 11:58:20,20260921,18,8,6-3-1,723.6
2026-09-21 11:58:20,20260921,18,8,6-3-2,1019.0
2026-09-21 11:58:20,20260921,18,8,6-3-4,623.1
2026-09-21 11:58:20,20260921,18,8,6-3-5,623.1
2026-09-21 11:58:20,20260921,18,8,6-4-1,498.4
2026-09-21 11:58:20,20260921,18,8,6-4-2,339.8
2026-09-21 11:58:20,20260921,18,8,6-4-3,862.7
2026-09-21 11:58:20,20260921,18,8,6-4-5,257.8
2026-09-21 11:58:20,20260921,18,8,6-5-1,439.8
2026-09-21 11:58:20,20260921,18,8,6-5-2,361.8
2026-09-21 11:58:20,20260921,18,8,6-5-3,448.6
2026-09-21 11:58:20,20260921,18,8,6-5-4,207.7
2026-09-21 12:06:47,20260921,13,5,1-2-3,51.1
2026-09-21 12:06:47,20260921,13,5,1-2-4,27.8
2026-09-21 12:06:47,20260921,13,5,1-2-5,106.1
2026-09-21 12:06:47,20260921,13,5,1-2-6,21.5
2026-09-21 12:06:47,20260921,13,5,1-3-2,35.2
2026-09-21 12:06:47,20260921,13,5,1-3-4,21.9
2026-09-21 12:06:47,20260921,13,5,1-3-5,76.1
2026-09-21 12:06:47,20260921,13,5,1-3-6,30.0
2026-09-21 12:06:47,20260921,13,5,1-4-2,28.1
2026-09-21 12:06:47,20260921,13,5,1-4-3,33.1
2026-09-21 12:06:47,20260921,13,5,1-4-5,41.6
2026-09-21 12:06:47,20260921,13,5,1-4-6,9.3
2026-09-21 12:06:47,20260921,13,5,1-5-2,105.1
2026-09-21 12:06:47,20260921,13,5,1-5-3,125.4
2026-09-21 12:06:47,20260921,13,5,1-5-4,91.9
2026-09-21 12:06:47,20260921,13,5,1-5-6,62.0
2026-09-21 12:06:47,20260921,13,5,1-6-2,22.2
2026-09-21 12:06:47,20260921,13,5,1-6-3,35.3
2026-09-21 12:06:47,20260921,13,5,1-6-4,12.2
2026-09-21 12:06:47,20260921,13,5,1-6-5,52.5
2026-09-21 12:06:47,20260921,13,5,2-1-3,128.3
2026-09-21 12:06:47,20260921,13,5,2-1-4,94.3
2026-09-21 12:06:47,20260921,13,5,2-1-5,193.6
2026-09-21 12:06:47,20260921,13,5,2-1-6,105.1
2026-09-21 12:06:47,20260921,13,5,2-3-1,344.9
2026-09-21 12:06:47,20260921,13,5,2-3-4,283.0
2026-09-21 12:06:47,20260921,13,5,2-3-5,256.6
2026-09-21 12:06:47,20260921,13,5,2-3-6,459.9
2026-09-21 12:06:47,20260921,13,5,2-4-1,245.2
2026-09-21 12:06:47,20260921,13,5,2-4-3,290.4
2026-09-21 12:06:47,20260921,13,5,2-4-5,367.9
2026-09-21 12:06:47,20260921,13,5,2-4-6,114.9
2026-09-21 12:06:47,20260921,13,5,2-5-1,306.6
2026-09-21 12:06:47,20260921,13,5,2-5-3,275.9
2026-09-21 12:06:47,20260921,13,5,2-5-4,356.0
2026-09-21 12:06:47,20260921,13,5,2-5-6,380.6
2026-09-21 12:06:47,20260921,13,5,2-6-1,208.2
2026-09-21 12:06:47,20260921,13,5,2-6-3,394.2
2026-09-21 12:06:47,20260921,13,5,2-6-4,147.1
2026-09-21 12:06:47,20260921,13,5,2-6-5,459.9
2026-09-21 12:06:47,20260921,13,5,3-1-2,129.8
2026-09-21 12:06:47,20260921,13,5,3-1-4,69.4
2026-09-21 12:06:47,20260921,13,5,3-1-5,106.1
2026-09-21 12:06:47,20260921,13,5,3-1-6,94.3
2026-09-21 12:06:47,20260921,13,5,3-2-1,245.2
2026-09-21 12:06:47,20260921,13,5,3-2-4,200.6
2026-09-21 12:06:47,20260921,13,5,3-2-5,153.3
2026-09-21 12:06:47,20260921,13,5,3-2-6,212.2
2026-09-21 12:06:47,20260921,13,5,3-4-1,116.1
2026-09-21 12:06:47,20260921,13,5,3-4-2,334.4
2026-09-21 12:06:47,20260921,13,5,3-4-5,229.9
2026-09-21 12:06:47,20260921,13,5,3-4-6,79.9
2026-09-21 12:06:47,20260921,13,5,3-5-1,250.8
2026-09-21 12:06:47,20260921,13,5,3-5-2,180.9
2026-09-21 12:06:47,20260921,13,5,3-5-4,324.6
2026-09-21 12:06:47,20260921,13,5,3-5-6,220.7
2026-09-21 12:06:47,20260921,13,5,3-6-1,164.7
2026-09-21 12:06:47,20260921,13,5,3-6-2,424.5
2026-09-21 12:06:47,20260921,13,5,3-6-4,129.8
2026-09-21 12:06:47,20260921,13,5,3-6-5,408.8
2026-09-21 12:06:47,20260921,13,5,4-1-2,99.4
2026-09-21 12:06:47,20260921,13,5,4-1-3,91.2
2026-09-21 12:06:47,20260921,13,5,4-1-5,75.0
2026-09-21 12:06:47,20260921,13,5,4-1-6,27.5
2026-09-21 12:06:47,20260921,13,5,4-2-1,183.9
2026-09-21 12:06:47,20260921,13,5,4-2-3,250.8
2026-09-21 12:06:47,20260921,13,5,4-2-5,172.4
2026-09-21 12:06:47,20260921,13,5,4-2-6,94.3
2026-09-21 12:06:47,20260921,13,5,4-3-1,102.2
2026-09-21 12:06:47,20260921,13,5,4-3-2,334.4
2026-09-21 12:06:47,20260921,13,5,4-3-5,245.2
2026-09-21 12:06:47,20260921,13,5,4-3-6,73.5
2026-09-21 12:06:47,20260921,13,5,4-5-1,190.3
2026-09-21 12:06:47,20260921,13,5,4-5-2,187.0
2026-09-21 12:06:47,20260921,13,5,4-5-3,290.4
2026-09-21 12:06:47,20260921,13,5,4-5-6,82.3
2026-09-21 12:06:47,20260921,13,5,4-6-1,30.6
2026-09-21 12:06:47,20260921,13,5,4-6-2,56.8
2026-09-21 12:06:47,20260921,13,5,4-6-3,50.8
2026-09-21 12:06:47,20260921,13,5,4-6-5,60.3
2026-09-21 12:06:47,20260921,13,5,5-1-2,479.9
2026-09-21 12:06:47,20260921,13,5,5-1-3,290.4
2026-09-21 12:06:47,20260921,13,5,5-1-4,324.6
2026-09-21 12:06:47,20260921,13,5,5-1-6,169.8
2026-09-21 12:06:47,20260921,13,5,5-2-1,394.2
2026-09-21 12:06:47,20260921,13,5,5-2-3,298.3
2026-09-21 12:06:47,20260921,13,5,5-2-4,356.0
2026-09-21 12:06:47,20260921,13,5,5-2-6,262.8
2026-09-21 12:06:47,20260921,13,5,5-3-1,380.6
2026-09-21 12:06:47,20260921,13,5,5-3-2,269.2
2026-09-21 12:06:47,20260921,13,5,5-3-4,441.5
2026-09-21 12:06:47,20260921,13,5,5-3-6,380.6
2026-09-21 12:06:47,20260921,13,5,5-4-1,315.3
2026-09-21 12:06:47,20260921,13,5,5-4-2,334.4
2026-09-21 12:06:47,20260921,13,5,5-4-3,613.2
2026-09-21 12:06:47,20260921,13,5,5-4-6,183.9
2026-09-21 12:06:47,20260921,13,5,5-6-1,394.2
2026-09-21 12:06:47,20260921,13,5,5-6-2,380.6
2026-09-21 12:06:47,20260921,13,5,5-6-3,479.9
2026-09-21 12:06:47,20260921,13,5,5-6-4,169.8
2026-09-21 12:06:47,20260921,13,5,6-1-2,64.1
2026-09-21 12:06:47,20260921,13,5,6-1-3,86.9
2026-09-21 12:06:47,20260921,13,5,6-1-4,41.9
2026-09-21 12:06:47,20260921,13,5,6-1-5,164.7
2026-09-21 12:06:47,20260921,13,5,6-2-1,132.9
2026-09-21 12:06:47,20260921,13,5,6-2-3,344.9
2026-09-21 12:06:47,20260921,13,5,6-2-4,128.3
2026-09-21 12:06:47,20260921,13,5,6-2-5,580.9
2026-09-21 12:06:47,20260921,13,5,6-3-1,137.9
2026-09-21 12:06:47,20260921,13,5,6-3-2,367.9
2026-09-21 12:06:47,20260921,13,5,6-3-4,86.2
2026-09-21 12:06:47,20260921,13,5,6-3-5,424.5
2026-09-21 12:06:47,20260921,13,5,6-4-1,44.8
2026-09-21 12:06:47,20260921,13,5,6-4-2,106.1
2026-09-21 12:06:47,20260921,13,5,6-4-3,95.9
2026-09-21 12:06:47,20260921,13,5,6-4-5,122.6
2026-09-21 12:06:47,20260921,13,5,6-5-1,269.2
2026-09-21 12:06:47,20260921,13,5,6-5-2,849.0
2026-09-21 12:06:47,20260921,13,5,6-5-3,580.9
2026-09-21 12:06:47,20260921,13,5,6-5-4,193.6
2026-09-21 12:12:33,20260921,6,3,1-2-3,60.7
2026-09-21 12:12:33,20260921,6,3,1-2-4,138.5
2026-09-21 12:12:33,20260921,6,3,1-2-5,87.0
2026-09-21 12:12:33,20260921,6,3,1-2-6,214.6
2026-09-21 12:12:33,20260921,6,3,1-3-2,50.1
2026-09-21 12:12:33,20260921,6,3,1-3-4,128.8
2026-09-21 12:12:33,20260921,6,3,1-3-5,58.0
2026-09-21 12:12:33,20260921,6,3,1-3-6,161.0
2026-09-21 12:12:33,20260921,6,3,1-4-2,141.5
2026-09-21 12:12:33,20260921,6,3,1-4-3,195.1
2026-09-21 12:12:33,20260921,6,3,1-4-5,247.7
2026-09-21 12:12:33,20260921,6,3,1-4-6,306.6
2026-09-21 12:12:33,20260921,6,3,1-5-2,96.1
2026-09-21 12:12:33,20260921,6,3,1-5-3,144.7
2026-09-21 12:12:33,20260921,6,3,1-5-4,268.3
2026-09-21 12:12:33,20260921,6,3,1-5-6,207.7
2026-09-21 12:12:33,20260921,6,3,1-6-2,338.9
2026-09-21 12:12:33,20260921,6,3,1-6-3,225.9
2026-09-21 12:12:33,20260921,6,3,1-6-4,330.2
2026-09-21 12:12:33,20260921,6,3,1-6-5,234.1
2026-09-21 12:12:33,20260921,6,3,2-1-3,60.1
2026-09-21 12:12:33,20260921,6,3,2-1-4,105.5
2026-09-21 12:12:33,20260921,6,3,2-1-5,90.0
2026-09-21 12:12:33,20260921,6,3,2-1-6,184.0
2026-09-21 12:12:33,20260921,6,3,2-3-1,54.8
2026-09-21 12:12:33,20260921,6,3,2-3-4,19.7
2026-09-21 12:12:33,20260921,6,3,2-3-5,11.7
2026-09-21 12:12:33,20260921,6,3,2-3-6,54.1
2026-09-21 12:12:33,20260921,6,3,2-4-1,134.1
2026-09-21 12:12:33,20260921,6,3,2-4-3,44.7
2026-09-21 12:12:33,20260921,6,3,2-4-5,43.9
2026-09-21 12:12:33,20260921,6,3,2-4-6,126.2
2026-09-21 12:12:33,20260921,6,3,2-5-1,92.6
2026-09-21 12:12:33,20260921,6,3,2-5-3,18.9
2026-09-21 12:12:33,20260921,6,3,2-5-4,47.0
2026-09-21 12:12:33,20260921,6,3,2-5-6,61.3
2026-09-21 12:12:33,20260921,6,3,2-6-1,314.1
2026-09-21 12:12:33,20260921,6,3,2-6-3,169.4
2026-09-21 12:12:33,20260921,6,3,2-6-4,268.3
2026-09-21 12:12:33,20260921,6,3,2-6-5,153.3
2026-09-21 12:12:33,20260921,6,3,3-1-2,51.9
2026-09-21 12:12:33,20260921,6,3,3-1-4,85.8
2026-09-21 12:12:33,20260921,6,3,3-1-5,62.5
2026-09-21 12:12:33,20260921,6,3,3-1-6,111.0
2026-09-21 12:12:33,20260921,6,3,3-2-1,60.4
2026-09-21 12:12:33,20260921,6,3,3-2-4,27.8
2026-09-21 12:12:33,20260921,6,3,3-2-5,15.8
2026-09-21 12:12:33,20260921,6,3,3-2-6,58.5
2026-09-21 12:12:33,20260921,6,3,3-4-1,178.8
2026-09-21 12:12:33,20260921,6,3,3-4-2,40.5
2026-09-21 12:12:33,20260921,6,3,3-4-5,55.7
2026-09-21 12:12:33,20260921,6,3,3-4-6,96.8
2026-09-21 12:12:33,20260921,6,3,3-5-1,67.4
2026-09-21 12:12:33,20260921,6,3,3-5-2,17.6
2026-09-21 12:12:33,20260921,6,3,3-5-4,35.3
2026-09-21 12:12:33,20260921,6,3,3-5-6,46.0
2026-09-21 12:12:33,20260921,6,3,3-6-1,378.8
2026-09-21 12:12:33,20260921,6,3,3-6-2,257.6
2026-09-21 12:12:33,20260921,6,3,3-6-4,230.0
2026-09-21 12:12:33,20260921,6,3,3-6-5,211.1
2026-09-21 12:12:33,20260921,6,3,4-1-2,322.0
2026-09-21 12:12:33,20260921,6,3,4-1-3,402.5
2026-09-21 12:12:33,20260921,6,3,4-1-5,171.7
2026-09-21 12:12:33,20260921,6,3,4-1-6,613.3
2026-09-21 12:12:33,20260921,6,3,4-2-1,495.4
2026-09-21 12:12:33,20260921,6,3,4-2-3,84.7
2026-09-21 12:12:33,20260921,6,3,4-2-5,95.4
2026-09-21 12:12:33,20260921,6,3,4-2-6,184.0
2026-09-21 12:12:33,20260921,6,3,4-3-1,314.1
2026-09-21 12:12:33,20260921,6,3,4-3-2,75.3
2026-09-21 12:12:33,20260921,6,3,4-3-5,118.1
2026-09-21 12:12:33,20260921,6,3,4-3-6,257.6
2026-09-21 12:12:33,20260921,6,3,4-5-1,402.5
2026-09-21 12:12:33,20260921,6,3,4-5-2,131.4
2026-09-21 12:12:33,20260921,6,3,4-5-3,120.3
2026-09-21 12:12:33,20260921,6,3,4-5-6,211.1
2026-09-21 12:12:33,20260921,6,3,4-6-1,757.6
2026-09-21 12:12:33,20260921,6,3,4-6-2,252.5
2026-09-21 12:12:33,20260921,6,3,4-6-3,444.1
2026-09-21 12:12:33,20260921,6,3,4-6-5,402.5
2026-09-21 12:12:33,20260921,6,3,5-1-2,106.4
2026-09-21 12:12:33,20260921,6,3,5-1-3,176.4
2026-09-21 12:12:33,20260921,6,3,5-1-4,314.1
2026-09-21 12:12:33,20260921,6,3,5-1-6,151.5
2026-09-21 12:12:33,20260921,6,3,5-2-1,97.5
2026-09-21 12:12:33,20260921,6,3,5-2-3,21.0
2026-09-21 12:12:33,20260921,6,3,5-2-4,58.2
2026-09-21 12:12:33,20260921,6,3,5-2-6,71.9
2026-09-21 12:12:33,20260921,6,3,5-3-1,125.0
2026-09-21 12:12:33,20260921,6,3,5-3-2,22.5
2026-09-21 12:12:33,20260921,6,3,5-3-4,63.7
2026-09-21 12:12:33,20260921,6,3,5-3-6,61.6
2026-09-21 12:12:33,20260921,6,3,5-4-1,460.0
2026-09-21 12:12:33,20260921,6,3,5-4-2,115.0
2026-09-21 12:12:33,20260921,6,3,5-4-3,98.3
2026-09-21 12:12:33,20260921,6,3,5-4-6,234.1
2026-09-21 12:12:33,20260921,6,3,5-6-1,198.1
2026-09-21 12:12:33,20260921,6,3,5-6-2,107.3
2026-09-21 12:12:33,20260921,6,3,5-6-3,143.1
2026-09-21 12:12:33,20260921,6,3,5-6-4,218.3
2026-09-21 12:12:33,20260921,6,3,6-1-2,429.3
2026-09-21 12:12:33,20260921,6,3,6-1-3,677.9
2026-09-21 12:12:33,20260921,6,3,6-1-4,1288.0
2026-09-21 12:12:33,20260921,6,3,6-1-5,429.3
2026-09-21 12:12:33,20260921,6,3,6-2-1,805.0
2026-09-21 12:12:33,20260921,6,3,6-2-3,415.5
2026-09-21 12:12:33,20260921,6,3,6-2-4,429.3
2026-09-21 12:12:33,20260921,6,3,6-2-5,243.0
2026-09-21 12:12:33,20260921,6,3,6-3-1,920.0
2026-09-21 12:12:33,20260921,6,3,6-3-2,560.0
2026-09-21 12:12:33,20260921,6,3,6-3-4,429.3
2026-09-21 12:12:33,20260921,6,3,6-3-5,225.9
2026-09-21 12:12:33,20260921,6,3,6-4-1,1431.0
2026-09-21 12:12:33,20260921,6,3,6-4-2,495.4
2026-09-21 12:12:33,20260921,6,3,6-4-3,585.4
2026-09-21 12:12:33,20260921,6,3,6-4-5,560.0
2026-09-21 12:12:33,20260921,6,3,6-5-1,338.9
2026-09-21 12:12:33,20260921,6,3,6-5-2,234.1
2026-09-21 12:12:33,20260921,6,3,6-5-3,163.0
2026-09-21 12:12:33,20260921,6,3,6-5-4,444.1
2026-09-21 12:12:42,20260921,16,4,1-2-3,54.0
2026-09-21 12:12:42,20260921,16,4,1-2-4,65.6
2026-09-21 12:12:42,20260921,16,4,1-2-5,171.8
2026-09-21 12:12:42,20260921,16,4,1-2-6,116.3
2026-09-21 12:12:42,20260921,16,4,1-3-2,43.6
2026-09-21 12:12:42,20260921,16,4,1-3-4,12.0
2026-09-21 12:12:42,20260921,16,4,1-3-5,22.7
2026-09-21 12:12:42,20260921,16,4,1-3-6,42.4
2026-09-21 12:12:42,20260921,16,4,1-4-2,65.9
2026-09-21 12:12:42,20260921,16,4,1-4-3,16.0
2026-09-21 12:12:42,20260921,16,4,1-4-5,38.0
2026-09-21 12:12:42,20260921,16,4,1-4-6,44.6
2026-09-21 12:12:42,20260921,16,4,1-5-2,145.7
2026-09-21 12:12:42,20260921,16,4,1-5-3,54.6
2026-09-21 12:12:42,20260921,16,4,1-5-4,65.6
2026-09-21 12:12:42,20260921,16,4,1-5-6,82.0
2026-09-21 12:12:42,20260921,16,4,1-6-2,113.6
2026-09-21 12:12:42,20260921,16,4,1-6-3,57.2
2026-09-21 12:12:42,20260921,16,4,1-6-4,82.0
2026-09-21 12:12:42,20260921,16,4,1-6-5,112.7
2026-09-21 12:12:42,20260921,16,4,2-1-3,218.6
2026-09-21 12:12:42,20260921,16,4,2-1-4,134.8
2026-09-21 12:12:42,20260921,16,4,2-1-5,176.0
2026-09-21 12:12:42,20260921,16,4,2-1-6,288.6
2026-09-21 12:12:42,20260921,16,4,2-3-1,240.5
2026-09-21 12:12:42,20260921,16,4,2-3-4,133.6
2026-09-21 12:12:42,20260921,16,4,2-3-5,167.8
2026-09-21 12:12:42,20260921,16,4,2-3-6,253.2
2026-09-21 12:12:42,20260921,16,4,2-4-1,352.0
2026-09-21 12:12:42,20260921,16,4,2-4-3,164.0
2026-09-21 12:12:42,20260921,16,4,2-4-5,320.7
2026-09-21 12:12:42,20260921,16,4,2-4-6,200.4
2026-09-21 12:12:42,20260921,16,4,2-5-1,343.6
2026-09-21 12:12:42,20260921,16,4,2-5-3,370.0
2026-09-21 12:12:42,20260921,16,4,2-5-4,379.8
2026-09-21 12:12:42,20260921,16,4,2-5-6,283.0
2026-09-21 12:12:42,20260921,16,4,2-6-1,390.0
2026-09-21 12:12:42,20260921,16,4,2-6-3,465.5
2026-09-21 12:12:42,20260921,16,4,2-6-4,360.8
2026-09-21 12:12:42,20260921,16,4,2-6-5,360.8
2026-09-21 12:12:42,20260921,16,4,3-1-2,81.0
2026-09-21 12:12:42,20260921,16,4,3-1-4,19.3
2026-09-21 12:12:42,20260921,16,4,3-1-5,21.5
2026-09-21 12:12:42,20260921,16,4,3-1-6,48.7
2026-09-21 12:12:42,20260921,16,4,3-2-1,192.4
2026-09-21 12:12:42,20260921,16,4,3-2-4,99.5
2026-09-21 12:12:42,20260921,16,4,3-2-5,117.3
2026-09-21 12:12:42,20260921,16,4,3-2-6,156.8
2026-09-21 12:12:42,20260921,16,4,3-4-1,34.4
2026-09-21 12:12:42,20260921,16,4,3-4-2,89.0
2026-09-21 12:12:42,20260921,16,4,3-4-5,27.9
2026-09-21 12:12:42,20260921,16,4,3-4-6,43.8
2026-09-21 12:12:42,20260921,16,4,3-5-1,49.9
2026-09-21 12:12:42,20260921,16,4,3-5-2,125.5
2026-09-21 12:12:42,20260921,16,4,3-5-4,51.3
2026-09-21 12:12:42,20260921,16,4,3-5-6,66.2
2026-09-21 12:12:42,20260921,16,4,3-6-1,123.3
2026-09-21 12:12:42,20260921,16,4,3-6-2,189.9
2026-09-21 12:12:42,20260921,16,4,3-6-4,80.1
2026-09-21 12:12:42,20260921,16,4,3-6-5,81.0
2026-09-21 12:12:42,20260921,16,4,4-1-2,116.3
2026-09-21 12:12:42,20260921,16,4,4-1-3,50.4
2026-09-21 12:12:42,20260921,16,4,4-1-5,57.2
2026-09-21 12:12:42,20260921,16,4,4-1-6,93.1
2026-09-21 12:12:42,20260921,16,4,4-2-1,288.6
2026-09-21 12:12:42,20260921,16,4,4-2-3,203.2
2026-09-21 12:12:42,20260921,16,4,4-2-5,236.6
2026-09-21 12:12:42,20260921,16,4,4-2-6,212.2
2026-09-21 12:12:42,20260921,16,4,4-3-1,72.5
2026-09-21 12:12:42,20260921,16,4,4-3-2,165.8
2026-09-21 12:12:42,20260921,16,4,4-3-5,69.3
2026-09-21 12:12:42,20260921,16,4,4-3-6,124.4
2026-09-21 12:12:42,20260921,16,4,4-5-1,86.4
2026-09-21 12:12:42,20260921,16,4,4-5-2,189.9
2026-09-21 12:12:42,20260921,16,4,4-5-3,89.6
2026-09-21 12:12:42,20260921,16,4,4-5-6,78.0
2026-09-21 12:12:42,20260921,16,4,4-6-1,127.7
2026-09-21 12:12:42,20260921,16,4,4-6-2,200.4
2026-09-21 12:12:42,20260921,16,4,4-6-3,126.6
2026-09-21 12:12:42,20260921,16,4,4-6-5,99.5
2026-09-21 12:12:42,20260921,16,4,5-1-2,209.1
2026-09-21 12:12:42,20260921,16,4,5-1-3,78.4
2026-09-21 12:12:42,20260921,16,4,5-1-4,145.7
2026-09-21 12:12:42,20260921,16,4,5-1-6,119.2
2026-09-21 12:12:42,20260921,16,4,5-2-1,343.6
2026-09-21 12:12:42,20260921,16,4,5-2-3,320.7
2026-09-21 12:12:42,20260921,16,4,5-2-4,294.5
2026-09-21 12:12:42,20260921,16,4,5-2-6,215.4
2026-09-21 12:12:42,20260921,16,4,5-3-1,89.6
2026-09-21 12:12:42,20260921,16,4,5-3-2,294.5
2026-09-21 12:12:42,20260921,16,4,5-3-4,101.6
2026-09-21 12:12:42,20260921,16,4,5-3-6,142.9
2026-09-21 12:12:42,20260921,16,4,5-4-1,169.8
2026-09-21 12:12:42,20260921,16,4,5-4-2,320.7
2026-09-21 12:12:42,20260921,16,4,5-4-3,121.2
2026-09-21 12:12:42,20260921,16,4,5-4-6,109.3
2026-09-21 12:12:42,20260921,16,4,5-6-1,229.0
2026-09-21 12:12:42,20260921,16,4,5-6-2,253.2
2026-09-21 12:12:42,20260921,16,4,5-6-3,173.8
2026-09-21 12:12:42,20260921,16,4,5-6-4,115.4
2026-09-21 12:12:42,20260921,16,4,6-1-2,176.0
2026-09-21 12:12:42,20260921,16,4,6-1-3,123.3
2026-09-21 12:12:42,20260921,16,4,6-1-4,144.3
2026-09-21 12:12:42,20260921,16,4,6-1-5,150.3
2026-09-21 12:12:42,20260921,16,4,6-2-1,277.5
2026-09-21 12:12:42,20260921,16,4,6-2-3,300.6
2026-09-21 12:12:42,20260921,16,4,6-2-4,307.0
2026-09-21 12:12:42,20260921,16,4,6-2-5,262.4
2026-09-21 12:12:42,20260921,16,4,6-3-1,145.7
2026-09-21 12:12:42,20260921,16,4,6-3-2,225.5
2026-09-21 12:12:42,20260921,16,4,6-3-4,84.4
2026-09-21 12:12:42,20260921,16,4,6-3-5,126.6
2026-09-21 12:12:42,20260921,16,4,6-4-1,164.0
2026-09-21 12:12:42,20260921,16,4,6-4-2,232.7
2026-09-21 12:12:42,20260921,16,4,6-4-3,128.8
2026-09-21 12:12:42,20260921,16,4,6-4-5,111.0
2026-09-21 12:12:42,20260921,16,4,6-5-1,153.5
2026-09-21 12:12:42,20260921,16,4,6-5-2,197.7
2026-09-21 12:12:42,20260921,16,4,6-5-3,131.2
2026-09-21 12:12:42,20260921,16,4,6-5-4,103.0
2026-09-21 12:14:11,20260921,5,5,1-2-3,9.6
2026-09-21 12:14:11,20260921,5,5,1-2-4,14.0
2026-09-21 12:14:11,20260921,5,5,1-2-5,23.6
2026-09-21 12:14:11,20260921,5,5,1-2-6,27.7
2026-09-21 12:14:11,20260921,5,5,1-3-2,12.1
2026-09-21 12:14:11,20260921,5,5,1-3-4,9.8
2026-09-21 12:14:11,20260921,5,5,1-3-5,14.0
2026-09-21 12:14:11,20260921,5,5,1-3-6,26.3
2026-09-21 12:14:11,20260921,5,5,1-4-2,20.6
2026-09-21 12:14:11,20260921,5,5,1-4-3,17.9
2026-09-21 12:14:11,20260921,5,5,1-4-5,22.1
2026-09-21 12:14:11,20260921,5,5,1-4-6,32.6
2026-09-21 12:14:11,20260921,5,5,1-5-2,41.7
2026-09-21 12:14:11,20260921,5,5,1-5-3,34.8
2026-09-21 12:14:11,20260921,5,5,1-5-4,35.7
2026-09-21 12:14:11,20260921,5,5,1-5-6,47.4
2026-09-21 12:14:11,20260921,5,5,1-6-2,72.3
2026-09-21 12:14:11,20260921,5,5,1-6-3,69.7
2026-09-21 12:14:11,20260921,5,5,1-6-4,77.2
2026-09-21 12:14:11,20260921,5,5,1-6-5,86.2
2026-09-21 12:14:11,20260921,5,5,2-1-3,44.6
2026-09-21 12:14:11,20260921,5,5,2-1-4,62.4
2026-09-21 12:14:11,20260921,5,5,2-1-5,90.8
2026-09-21 12:14:11,20260921,5,5,2-1-6,93.0
2026-09-21 12:14:11,20260921,5,5,2-3-1,99.8
2026-09-21 12:14:11,20260921,5,5,2-3-4,155.2
2026-09-21 12:14:11,20260921,5,5,2-3-5,193.6
2026-09-21 12:14:11,20260921,5,5,2-3-6,263.2
2026-09-21 12:14:11,20260921,5,5,2-4-1,172.5
2026-09-21 12:14:11,20260921,5,5,2-4-3,227.5
2026-09-21 12:14:11,20260921,5,5,2-4-5,269.4
2026-09-21 12:14:11,20260921,5,5,2-4-6,292.9
2026-09-21 12:14:11,20260921,5,5,2-5-1,271.9
2026-09-21 12:14:11,20260921,5,5,2-5-3,302.2
2026-09-21 12:14:11,20260921,5,5,2-5-4,383.3
2026-09-21 12:14:11,20260921,5,5,2-5-6,416.9
2026-09-21 12:14:11,20260921,5,5,2-6-1,291.4
2026-09-21 12:14:11,20260921,5,5,2-6-3,393.9
2026-09-21 12:14:11,20260921,5,5,2-6-4,627.6
2026-09-21 12:14:11,20260921,5,5,2-6-5,460.6
2026-09-21 12:14:11,20260921,5,5,3-1-2,88.6
2026-09-21 12:14:11,20260921,5,5,3-1-4,88.4
2026-09-21 12:14:11,20260921,5,5,3-1-5,82.3
2026-09-21 12:14:11,20260921,5,5,3-1-6,143.8
2026-09-21 12:14:11,20260921,5,5,3-2-1,146.0
2026-09-21 12:14:11,20260921,5,5,3-2-4,153.5
2026-09-21 12:14:11,20260921,5,5,3-2-5,225.7
2026-09-21 12:14:11,20260921,5,5,3-2-6,285.5
2026-09-21 12:14:11,20260921,5,5,3-4-1,173.6
2026-09-21 12:14:11,20260921,5,5,3-4-2,247.2
2026-09-21 12:14:11,20260921,5,5,3-4-5,288.4
2026-09-21 12:14:11,20260921,5,5,3-4-6,352.5
2026-09-21 12:14:11,20260921,5,5,3-5-1,253.8
2026-09-21 12:14:11,20260921,5,5,3-5-2,295.9
2026-09-21 12:14:11,20260921,5,5,3-5-4,407.9
2026-09-21 12:14:11,20260921,5,5,3-5-6,350.4
2026-09-21 12:14:11,20260921,5,5,3-6-1,432.7
2026-09-21 12:14:11,20260921,5,5,3-6-2,519.2
2026-09-21 12:14:11,20260921,5,5,3-6-4,594.9
2026-09-21 12:14:11,20260921,5,5,3-6-5,505.4
2026-09-21 12:14:11,20260921,5,5,4-1-2,106.3
2026-09-21 12:14:11,20260921,5,5,4-1-3,119.4
2026-09-21 12:14:11,20260921,5,5,4-1-5,70.6
2026-09-21 12:14:11,20260921,5,5,4-1-6,106.7
2026-09-21 12:14:11,20260921,5,5,4-2-1,209.9
2026-09-21 12:14:11,20260921,5,5,4-2-3,269.4
2026-09-21 12:14:11,20260921,5,5,4-2-5,248.3
2026-09-21 12:14:11,20260921,5,5,4-2-6,278.6
2026-09-21 12:14:11,20260921,5,5,4-3-1,201.1
2026-09-21 12:14:11,20260921,5,5,4-3-2,361.5
2026-09-21 12:14:11,20260921,5,5,4-3-5,297.4
2026-09-21 12:14:11,20260921,5,5,4-3-6,334.0
2026-09-21 12:14:11,20260921,5,5,4-5-1,101.0
2026-09-21 12:14:11,20260921,5,5,4-5-2,203.9
2026-09-21 12:14:11,20260921,5,5,4-5-3,242.0
2026-09-21 12:14:11,20260921,5,5,4-5-6,129.8
2026-09-21 12:14:11,20260921,5,5,4-6-1,203.9
2026-09-21 12:14:11,20260921,5,5,4-6-2,242.0
2026-09-21 12:14:11,20260921,5,5,4-6-3,402.2
2026-09-21 12:14:11,20260921,5,5,4-6-5,209.9
2026-09-21 12:14:11,20260921,5,5,5-1-2,166.0
2026-09-21 12:14:11,20260921,5,5,5-1-3,173.0
2026-09-21 12:14:11,20260921,5,5,5-1-4,134.0
2026-09-21 12:14:11,20260921,5,5,5-1-6,160.8
2026-09-21 12:14:11,20260921,5,5,5-2-1,232.1
2026-09-21 12:14:11,20260921,5,5,5-2-3,281.3
2026-09-21 12:14:11,20260921,5,5,5-2-4,366.1
2026-09-21 12:14:11,20260921,5,5,5-2-6,215.5
2026-09-21 12:14:11,20260921,5,5,5-3-1,326.3
2026-09-21 12:14:11,20260921,5,5,5-3-2,416.9
2026-09-21 12:14:11,20260921,5,5,5-3-4,576.9
2026-09-21 12:14:11,20260921,5,5,5-3-6,533.8
2026-09-21 12:14:11,20260921,5,5,5-4-1,138.2
2026-09-21 12:14:11,20260921,5,5,5-4-2,322.6
2026-09-21 12:14:11,20260921,5,5,5-4-3,303.8
2026-09-21 12:14:11,20260921,5,5,5-4-6,225.7
2026-09-21 12:14:11,20260921,5,5,5-6-1,335.9
2026-09-21 12:14:11,20260921,5,5,5-6-2,399.4
2026-09-21 12:14:11,20260921,5,5,5-6-3,456.9
2026-09-21 12:14:11,20260921,5,5,5-6-4,332.0
2026-09-21 12:14:11,20260921,5,5,6-1-2,263.2
2026-09-21 12:14:11,20260921,5,5,6-1-3,380.7
2026-09-21 12:14:11,20260921,5,5,6-1-4,472.0
2026-09-21 12:14:11,20260921,5,5,6-1-5,559.9
2026-09-21 12:14:11,20260921,5,5,6-2-1,582.8
2026-09-21 12:14:11,20260921,5,5,6-2-3,519.2
2026-09-21 12:14:11,20260921,5,5,6-2-4,751.5
2026-09-21 12:14:11,20260921,5,5,6-2-5,732.2
2026-09-21 12:14:11,20260921,5,5,6-3-1,656.5
2026-09-21 12:14:11,20260921,5,5,6-3-2,634.6
2026-09-21 12:14:11,20260921,5,5,6-3-4,656.5
2026-09-21 12:14:11,20260921,5,5,6-3-5,839.9
2026-09-21 12:14:11,20260921,5,5,6-4-1,538.8
2026-09-21 12:14:11,20260921,5,5,6-4-2,641.7
2026-09-21 12:14:11,20260921,5,5,6-4-3,732.2
2026-09-21 12:14:11,20260921,5,5,6-4-5,543.9
2026-09-21 12:14:11,20260921,5,5,6-5-1,496.6
2026-09-21 12:14:11,20260921,5,5,6-5-2,671.9
2026-09-21 12:14:11,20260921,5,5,6-5-3,804.4
2026-09-21 12:14:11,20260921,5,5,6-5-4,492.3
2026-09-21 12:14:22,20260921,10,9,1-2-3,110.6
2026-09-21 12:14:22,20260921,10,9,1-2-4,114.8
2026-09-21 12:14:22,20260921,10,9,1-2-5,192.2
2026-09-21 12:14:22,20260921,10,9,1-2-6,96.7
2026-09-21 12:14:22,20260921,10,9,1-3-2,70.2
2026-09-21 12:14:22,20260921,10,9,1-3-4,20.7
2026-09-21 12:14:22,20260921,10,9,1-3-5,111.4
2026-09-21 12:14:22,20260921,10,9,1-3-6,20.9
2026-09-21 12:14:22,20260921,10,9,1-4-2,87.4
2026-09-21 12:14:22,20260921,10,9,1-4-3,41.1
2026-09-21 12:14:22,20260921,10,9,1-4-5,147.9
2026-09-21 12:14:22,20260921,10,9,1-4-6,34.6
2026-09-21 12:14:22,20260921,10,9,1-5-2,210.7
2026-09-21 12:14:22,20260921,10,9,1-5-3,167.2
2026-09-21 12:14:22,20260921,10,9,1-5-4,301.6
2026-09-21 12:14:22,20260921,10,9,1-5-6,274.7
2026-09-21 12:14:22,20260921,10,9,1-6-2,90.4
2026-09-21 12:14:22,20260921,10,9,1-6-3,40.6
2026-09-21 12:14:22,20260921,10,9,1-6-4,46.0
2026-09-21 12:14:22,20260921,10,9,1-6-5,229.6
2026-09-21 12:14:22,20260921,10,9,2-1-3,113.9
2026-09-21 12:14:22,20260921,10,9,2-1-4,138.5
2026-09-21 12:14:22,20260921,10,9,2-1-5,197.2
2026-09-21 12:14:22,20260921,10,9,2-1-6,119.2
2026-09-21 12:14:22,20260921,10,9,2-3-1,222.9
2026-09-21 12:14:22,20260921,10,9,2-3-4,169.0
2026-09-21 12:14:22,20260921,10,9,2-3-5,248.1
2026-09-21 12:14:22,20260921,10,9,2-3-6,236.6
2026-09-21 12:14:22,20260921,10,9,2-4-1,213.6
2026-09-21 12:14:22,20260921,10,9,2-4-3,128.1
2026-09-21 12:14:22,20260921,10,9,2-4-5,301.6
2026-09-21 12:14:22,20260921,10,9,2-4-6,185.3
2026-09-21 12:14:22,20260921,10,9,2-5-1,349.6
2026-09-21 12:14:22,20260921,10,9,2-5-3,172.8
2026-09-21 12:14:22,20260921,10,9,2-5-4,404.8
2026-09-21 12:14:22,20260921,10,9,2-5-6,290.2
2026-09-21 12:14:22,20260921,10,9,2-6-1,295.8
2026-09-21 12:14:22,20260921,10,9,2-6-3,334.4
2026-09-21 12:14:22,20260921,10,9,2-6-4,269.8
2026-09-21 12:14:22,20260921,10,9,2-6-5,480.7
2026-09-21 12:14:22,20260921,10,9,3-1-2,82.7
2026-09-21 12:14:22,20260921,10,9,3-1-4,16.7
2026-09-21 12:14:22,20260921,10,9,3-1-5,75.4
2026-09-21 12:14:22,20260921,10,9,3-1-6,19.9
2026-09-21 12:14:22,20260921,10,9,3-2-1,197.2
2026-09-21 12:14:22,20260921,10,9,3-2-4,92.6
2026-09-21 12:14:22,20260921,10,9,3-2-5,131.4
2026-09-21 12:14:22,20260921,10,9,3-2-6,122.0
2026-09-21 12:14:22,20260921,10,9,3-4-1,25.9
2026-09-21 12:14:22,20260921,10,9,3-4-2,85.9
2026-09-21 12:14:22,20260921,10,9,3-4-5,102.5
2026-09-21 12:14:22,20260921,10,9,3-4-6,11.4
2026-09-21 12:14:22,20260921,10,9,3-5-1,219.7
2026-09-21 12:14:22,20260921,10,9,3-5-2,205.1
2026-09-21 12:14:22,20260921,10,9,3-5-4,210.7
2026-09-21 12:14:22,20260921,10,9,3-5-6,149.3
2026-09-21 12:14:22,20260921,10,9,3-6-1,27.7
2026-09-21 12:14:22,20260921,10,9,3-6-2,88.4
2026-09-21 12:14:22,20260921,10,9,3-6-4,14.8
2026-09-21 12:14:22,20260921,10,9,3-6-5,124.0
2026-09-21 12:14:22,20260921,10,9,4-1-2,155.3
2026-09-21 12:14:22,20260921,10,9,4-1-3,70.5
2026-09-21 12:14:22,20260921,10,9,4-1-5,167.2
2026-09-21 12:14:22,20260921,10,9,4-1-6,65.7
2026-09-21 12:14:22,20260921,10,9,4-2-1,240.3
2026-09-21 12:14:22,20260921,10,9,4-2-3,183.1
2026-09-21 12:14:22,20260921,10,9,4-2-5,269.8
2026-09-21 12:14:22,20260921,10,9,4-2-6,133.7
2026-09-21 12:14:22,20260921,10,9,4-3-1,57.1
2026-09-21 12:14:22,20260921,10,9,4-3-2,152.3
2026-09-21 12:14:22,20260921,10,9,4-3-5,183.1
2026-09-21 12:14:22,20260921,10,9,4-3-6,25.3
2026-09-21 12:14:22,20260921,10,9,4-5-1,341.8
2026-09-21 12:14:22,20260921,10,9,4-5-2,274.7
2026-09-21 12:14:22,20260921,10,9,4-5-3,349.6
2026-09-21 12:14:22,20260921,10,9,4-5-6,265.2
2026-09-21 12:14:22,20260921,10,9,4-6-1,72.2
2026-09-21 12:14:22,20260921,10,9,4-6-2,111.4
2026-09-21 12:14:22,20260921,10,9,4-6-3,30.5
2026-09-21 12:14:22,20260921,10,9,4-6-5,236.6
2026-09-21 12:14:22,20260921,10,9,5-1-2,295.8
2026-09-21 12:14:22,20260921,10,9,5-1-3,279.6
2026-09-21 12:14:22,20260921,10,9,5-1-4,466.1
2026-09-21 12:14:22,20260921,10,9,5-1-6,213.6
2026-09-21 12:14:22,20260921,10,9,5-2-1,384.5
2026-09-21 12:14:22,20260921,10,9,5-2-3,219.7
2026-09-21 12:14:22,20260921,10,9,5-2-4,236.6
2026-09-21 12:14:22,20260921,10,9,5-2-6,180.9
2026-09-21 12:14:22,20260921,10,9,5-3-1,512.7
2026-09-21 12:14:22,20260921,10,9,5-3-2,512.7
2026-09-21 12:14:22,20260921,10,9,5-3-4,415.7
2026-09-21 12:14:22,20260921,10,9,5-3-6,357.7
2026-09-21 12:14:22,20260921,10,9,5-4-1,615.3
2026-09-21 12:14:22,20260921,10,9,5-4-2,427.3
2026-09-21 12:14:22,20260921,10,9,5-4-3,466.1
2026-09-21 12:14:22,20260921,10,9,5-4-6,284.8
2026-09-21 12:14:22,20260921,10,9,5-6-1,466.1
2026-09-21 12:14:22,20260921,10,9,5-6-2,279.6
2026-09-21 12:14:22,20260921,10,9,5-6-3,439.5
2026-09-21 12:14:22,20260921,10,9,5-6-4,452.4
2026-09-21 12:14:22,20260921,10,9,6-1-2,100.5
2026-09-21 12:14:22,20260921,10,9,6-1-3,53.7
2026-09-21 12:14:22,20260921,10,9,6-1-4,63.8
2026-09-21 12:14:22,20260921,10,9,6-1-5,222.9
2026-09-21 12:14:22,20260921,10,9,6-2-1,341.8
2026-09-21 12:14:22,20260921,10,9,6-2-3,260.7
2026-09-21 12:14:22,20260921,10,9,6-2-4,226.2
2026-09-21 12:14:22,20260921,10,9,6-2-5,549.4
2026-09-21 12:14:22,20260921,10,9,6-3-1,41.9
2026-09-21 12:14:22,20260921,10,9,6-3-2,143.7
2026-09-21 12:14:22,20260921,10,9,6-3-4,18.3
2026-09-21 12:14:22,20260921,10,9,6-3-5,274.7
2026-09-21 12:14:22,20260921,10,9,6-4-1,79.7
2026-09-21 12:14:22,20260921,10,9,6-4-2,163.6
2026-09-21 12:14:22,20260921,10,9,6-4-3,32.6
2026-09-21 12:14:22,20260921,10,9,6-4-5,265.2
2026-09-21 12:14:22,20260921,10,9,6-5-1,480.7
2026-09-21 12:14:22,20260921,10,9,6-5-2,512.7
2026-09-21 12:14:22,20260921,10,9,6-5-3,466.1
2026-09-21 12:14:22,20260921,10,9,6-5-4,427.3
2026-09-21 12:25:17,20260921,17,5,1-2-3,57.3
2026-09-21 12:25:17,20260921,17,5,1-2-4,32.6
2026-09-21 12:25:17,20260921,17,5,1-2-5,92.9
2026-09-21 12:25:17,20260921,17,5,1-2-6,68.8
2026-09-21 12:25:17,20260921,17,5,1-3-2,53.9
2026-09-21 12:25:17,20260921,17,5,1-3-4,15.4
2026-09-21 12:25:17,20260921,17,5,1-3-5,47.6
2026-09-21 12:25:17,20260921,17,5,1-3-6,39.1
2026-09-21 12:25:17,20260921,17,5,1-4-2,24.1
2026-09-21 12:25:17,20260921,17,5,1-4-3,12.5
2026-09-21 12:25:17,20260921,17,5,1-4-5,8.9
2026-09-21 12:25:17,20260921,17,5,1-4-6,6.9
2026-09-21 12:25:17,20260921,17,5,1-5-2,124.0
2026-09-21 12:25:17,20260921,17,5,1-5-3,94.9
2026-09-21 12:25:17,20260921,17,5,1-5-4,26.1
2026-09-21 12:25:17,20260921,17,5,1-5-6,37.3
2026-09-21 12:25:17,20260921,17,5,1-6-2,85.8
2026-09-21 12:25:17,20260921,17,5,1-6-3,67.0
2026-09-21 12:25:17,20260921,17,5,1-6-4,18.9
2026-09-21 12:25:17,20260921,17,5,1-6-5,43.8
2026-09-21 12:25:17,20260921,17,5,2-1-3,168.3
2026-09-21 12:25:17,20260921,17,5,2-1-4,134.1
2026-09-21 12:25:17,20260921,17,5,2-1-5,293.5
2026-09-21 12:25:17,20260921,17,5,2-1-6,308.6
2026-09-21 12:25:17,20260921,17,5,2-3-1,241.9
2026-09-21 12:25:17,20260921,17,5,2-3-4,201.4
2026-09-21 12:25:17,20260921,17,5,2-3-5,426.1
2026-09-21 12:25:17,20260921,17,5,2-3-6,517.7
2026-09-21 12:25:17,20260921,17,5,2-4-1,167.7
2026-09-21 12:25:17,20260921,17,5,2-4-3,220.8
2026-09-21 12:25:17,20260921,17,5,2-4-5,261.6
2026-09-21 12:25:17,20260921,17,5,2-4-6,228.1
2026-09-21 12:25:17,20260921,17,5,2-5-1,625.3
2026-09-21 12:25:17,20260921,17,5,2-5-3,891.6
2026-09-21 12:25:17,20260921,17,5,2-5-4,529.1
2026-09-21 12:25:17,20260921,17,5,2-5-6,678.1
2026-09-21 12:25:17,20260921,17,5,2-6-1,830.1
2026-09-21 12:25:17,20260921,17,5,2-6-3,1174.0
2026-09-21 12:25:17,20260921,17,5,2-6-4,506.8
2026-09-21 12:25:17,20260921,17,5,2-6-5,1070.0
2026-09-21 12:25:17,20260921,17,5,3-1-2,191.8
2026-09-21 12:25:17,20260921,17,5,3-1-4,71.4
2026-09-21 12:25:17,20260921,17,5,3-1-5,169.5
2026-09-21 12:25:17,20260921,17,5,3-1-6,167.1
2026-09-21 12:25:17,20260921,17,5,3-2-1,332.0
2026-09-21 12:25:17,20260921,17,5,3-2-4,261.6
2026-09-21 12:25:17,20260921,17,5,3-2-5,547.1
2026-09-21 12:25:17,20260921,17,5,3-2-6,587.1
2026-09-21 12:25:17,20260921,17,5,3-4-1,94.4
2026-09-21 12:25:17,20260921,17,5,3-4-2,270.5
2026-09-21 12:25:17,20260921,17,5,3-4-5,193.3
2026-09-21 12:25:17,20260921,17,5,3-4-6,135.6
2026-09-21 12:25:17,20260921,17,5,3-5-1,491.3
2026-09-21 12:25:17,20260921,17,5,3-5-2,481.5
2026-09-21 12:25:17,20260921,17,5,3-5-4,437.7
2026-09-21 12:25:17,20260921,17,5,3-5-6,617.3
2026-09-21 12:25:17,20260921,17,5,3-6-1,401.2
2026-09-21 12:25:17,20260921,17,5,3-6-2,925.9
2026-09-21 12:25:17,20260921,17,5,3-6-4,341.4
2026-09-21 12:25:17,20260921,17,5,3-6-5,580.1
2026-09-21 12:25:17,20260921,17,5,4-1-2,63.6
2026-09-21 12:25:17,20260921,17,5,4-1-3,40.8
2026-09-21 12:25:17,20260921,17,5,4-1-5,22.6
2026-09-21 12:25:17,20260921,17,5,4-1-6,17.6
2026-09-21 12:25:17,20260921,17,5,4-2-1,172.5
2026-09-21 12:25:17,20260921,17,5,4-2-3,264.5
2026-09-21 12:25:17,20260921,17,5,4-2-5,270.5
2026-09-21 12:25:17,20260921,17,5,4-2-6,191.0
2026-09-21 12:25:17,20260921,17,5,4-3-1,95.5
2026-09-21 12:25:17,20260921,17,5,4-3-2,261.6
2026-09-21 12:25:17,20260921,17,5,4-3-5,236.0
2026-09-21 12:25:17,20260921,17,5,4-3-6,149.5
2026-09-21 12:25:17,20260921,17,5,4-5-1,48.4
2026-09-21 12:25:17,20260921,17,5,4-5-2,227.1
2026-09-21 12:25:17,20260921,17,5,4-5-3,188.8
2026-09-21 12:25:17,20260921,17,5,4-5-6,49.2
2026-09-21 12:25:17,20260921,17,5,4-6-1,34.7
2026-09-21 12:25:17,20260921,17,5,4-6-2,189.5
2026-09-21 12:25:17,20260921,17,5,4-6-3,132.6
2026-09-21 12:25:17,20260921,17,5,4-6-5,62.5
2026-09-21 12:25:17,20260921,17,5,5-1-2,364.7
2026-09-21 12:25:17,20260921,17,5,5-1-3,332.0
2026-09-21 12:25:17,20260921,17,5,5-1-4,88.5
2026-09-21 12:25:17,20260921,17,5,5-1-6,154.8
2026-09-21 12:25:17,20260921,17,5,5-2-1,523.3
2026-09-21 12:25:17,20260921,17,5,5-2-3,1003.0
2026-09-21 12:25:17,20260921,17,5,5-2-4,476.7
2026-09-21 12:25:17,20260921,17,5,5-2-6,687.8
2026-09-21 12:25:17,20260921,17,5,5-3-1,566.4
2026-09-21 12:25:17,20260921,17,5,5-3-2,1234.0
2026-09-21 12:25:17,20260921,17,5,5-3-4,729.5
2026-09-21 12:25:17,20260921,17,5,5-3-6,1146.0
2026-09-21 12:25:17,20260921,17,5,5-4-1,110.4
2026-09-21 12:25:17,20260921,17,5,5-4-2,467.4
2026-09-21 12:25:17,20260921,17,5,5-4-3,541.0
2026-09-21 12:25:17,20260921,17,5,5-4-6,145.9
2026-09-21 12:25:17,20260921,17,5,5-6-1,243.1
2026-09-21 12:25:17,20260921,17,5,5-6-2,609.4
2026-09-21 12:25:17,20260921,17,5,5-6-3,752.3
2026-09-21 12:25:17,20260921,17,5,5-6-4,160.5
2026-09-21 12:25:17,20260921,17,5,6-1-2,299.0
2026-09-21 12:25:17,20260921,17,5,6-1-3,276.7
2026-09-21 12:25:17,20260921,17,5,6-1-4,84.3
2026-09-21 12:25:17,20260921,17,5,6-1-5,236.0
2026-09-21 12:25:17,20260921,17,5,6-2-1,802.5
2026-09-21 12:25:17,20260921,17,5,6-2-3,1783.0
2026-09-21 12:25:17,20260921,17,5,6-2-4,740.7
2026-09-21 12:25:17,20260921,17,5,6-2-5,1174.0
2026-09-21 12:25:17,20260921,17,5,6-3-1,573.2
2026-09-21 12:25:17,20260921,17,5,6-3-2,1301.0
2026-09-21 12:25:17,20260921,17,5,6-3-4,454.2
2026-09-21 12:25:17,20260921,17,5,6-3-5,1301.0
2026-09-21 12:25:17,20260921,17,5,6-4-1,95.5
2026-09-21 12:25:17,20260921,17,5,6-4-2,547.1
2026-09-21 12:25:17,20260921,17,5,6-4-3,418.6
2026-09-21 12:25:17,20260921,17,5,6-4-5,231.4
2026-09-21 12:25:17,20260921,17,5,6-5-1,297.2
2026-09-21 12:25:17,20260921,17,5,6-5-2,1267.0
2026-09-21 12:25:17,20260921,17,5,6-5-3,1146.0
2026-09-21 12:25:17,20260921,17,5,6-5-4,256.1
2026-09-21 12:31:35,20260921,18,9,1-2-3,11.3
2026-09-21 12:31:35,20260921,18,9,1-2-4,50.9
2026-09-21 12:31:35,20260921,18,9,1-2-5,34.6
2026-09-21 12:31:35,20260921,18,9,1-2-6,27.3
2026-09-21 12:31:35,20260921,18,9,1-3-2,7.4
2026-09-21 12:31:35,20260921,18,9,1-3-4,28.2
2026-09-21 12:31:35,20260921,18,9,1-3-5,12.2
2026-09-21 12:31:35,20260921,18,9,1-3-6,7.8
2026-09-21 12:31:35,20260921,18,9,1-4-2,66.9
2026-09-21 12:31:35,20260921,18,9,1-4-3,76.4
2026-09-21 12:31:35,20260921,18,9,1-4-5,117.5
2026-09-21 12:31:35,20260921,18,9,1-4-6,86.8
2026-09-21 12:31:35,20260921,18,9,1-5-2,54.3
2026-09-21 12:31:35,20260921,18,9,1-5-3,42.6
2026-09-21 12:31:35,20260921,18,9,1-5-4,136.0
2026-09-21 12:31:35,20260921,18,9,1-5-6,82.6
2026-09-21 12:31:35,20260921,18,9,1-6-2,55.5
2026-09-21 12:31:35,20260921,18,9,1-6-3,24.9
2026-09-21 12:31:35,20260921,18,9,1-6-4,137.1
2026-09-21 12:31:35,20260921,18,9,1-6-5,92.3
2026-09-21 12:31:35,20260921,18,9,2-1-3,47.8
2026-09-21 12:31:35,20260921,18,9,2-1-4,115.1
2026-09-21 12:31:35,20260921,18,9,2-1-5,85.5
2026-09-21 12:31:35,20260921,18,9,2-1-6,118.3
2026-09-21 12:31:35,20260921,18,9,2-3-1,77.8
2026-09-21 12:31:35,20260921,18,9,2-3-4,246.8
2026-09-21 12:31:35,20260921,18,9,2-3-5,179.9
2026-09-21 12:31:35,20260921,18,9,2-3-6,213.3
2026-09-21 12:31:35,20260921,18,9,2-4-1,187.8
2026-09-21 12:31:35,20260921,18,9,2-4-3,269.9
2026-09-21 12:31:35,20260921,18,9,2-4-5,493.6
2026-09-21 12:31:35,20260921,18,9,2-4-6,352.6
2026-09-21 12:31:35,20260921,18,9,2-5-1,196.3
2026-09-21 12:31:35,20260921,18,9,2-5-3,265.8
2026-09-21 12:31:35,20260921,18,9,2-5-4,411.3
2026-09-21 12:31:35,20260921,18,9,2-5-6,236.6
2026-09-21 12:31:35,20260921,18,9,2-6-1,254.0
2026-09-21 12:31:35,20260921,18,9,2-6-3,345.5
2026-09-21 12:31:35,20260921,18,9,2-6-4,523.5
2026-09-21 12:31:35,20260921,18,9,2-6-5,319.9
2026-09-21 12:31:35,20260921,18,9,3-1-2,24.1
2026-09-21 12:31:35,20260921,18,9,3-1-4,47.9
2026-09-21 12:31:35,20260921,18,9,3-1-5,29.2
2026-09-21 12:31:35,20260921,18,9,3-1-6,18.0
2026-09-21 12:31:35,20260921,18,9,3-2-1,71.6
2026-09-21 12:31:35,20260921,18,9,3-2-4,171.0
2026-09-21 12:31:35,20260921,18,9,3-2-5,137.1
2026-09-21 12:31:35,20260921,18,9,3-2-6,122.5
2026-09-21 12:31:35,20260921,18,9,3-4-1,161.4
2026-09-21 12:31:35,20260921,18,9,3-4-2,194.1
2026-09-21 12:31:35,20260921,18,9,3-4-5,278.6
2026-09-21 12:31:35,20260921,18,9,3-4-6,171.0
2026-09-21 12:31:35,20260921,18,9,3-5-1,100.4
2026-09-21 12:31:35,20260921,18,9,3-5-2,181.8
2026-09-21 12:31:35,20260921,18,9,3-5-4,292.8
2026-09-21 12:31:35,20260921,18,9,3-5-6,117.5
2026-09-21 12:31:35,20260921,18,9,3-6-1,48.5
2026-09-21 12:31:35,20260921,18,9,3-6-2,162.9
2026-09-21 12:31:35,20260921,18,9,3-6-4,338.7
2026-09-21 12:31:35,20260921,18,9,3-6-5,159.9
2026-09-21 12:31:35,20260921,18,9,4-1-2,166.1
2026-09-21 12:31:35,20260921,18,9,4-1-3,233.4
2026-09-21 12:31:35,20260921,18,9,4-1-5,174.5
2026-09-21 12:31:35,20260921,18,9,4-1-6,239.9
2026-09-21 12:31:35,20260921,18,9,4-2-1,236.6
2026-09-21 12:31:35,20260921,18,9,4-2-3,261.7
2026-09-21 12:31:35,20260921,18,9,4-2-5,319.9
2026-09-21 12:31:35,20260921,18,9,4-2-6,257.8
2026-09-21 12:31:35,20260921,18,9,4-3-1,303.1
2026-09-21 12:31:35,20260921,18,9,4-3-2,493.6
2026-09-21 12:31:35,20260921,18,9,4-3-5,345.5
2026-09-21 12:31:35,20260921,18,9,4-3-6,359.9
2026-09-21 12:31:35,20260921,18,9,4-5-1,375.6
2026-09-21 12:31:35,20260921,18,9,4-5-2,431.9
2026-09-21 12:31:35,20260921,18,9,4-5-3,523.5
2026-09-21 12:31:35,20260921,18,9,4-5-6,297.8
2026-09-21 12:31:35,20260921,18,9,4-6-1,617.0
2026-09-21 12:31:35,20260921,18,9,4-6-2,338.7
2026-09-21 12:31:35,20260921,18,9,4-6-3,493.6
2026-09-21 12:31:35,20260921,18,9,4-6-5,508.1
2026-09-21 12:31:35,20260921,18,9,5-1-2,152.9
2026-09-21 12:31:35,20260921,18,9,5-1-3,125.2
2026-09-21 12:31:35,20260921,18,9,5-1-4,338.7
2026-09-21 12:31:35,20260921,18,9,5-1-6,172.7
2026-09-21 12:31:35,20260921,18,9,5-2-1,224.3
2026-09-21 12:31:35,20260921,18,9,5-2-3,283.2
2026-09-21 12:31:35,20260921,18,9,5-2-4,345.5
2026-09-21 12:31:35,20260921,18,9,5-2-6,246.8
2026-09-21 12:31:35,20260921,18,9,5-3-1,179.9
2026-09-21 12:31:35,20260921,18,9,5-3-2,421.4
2026-09-21 12:31:35,20260921,18,9,5-3-4,575.9
2026-09-21 12:31:35,20260921,18,9,5-3-6,352.6
2026-09-21 12:31:35,20260921,18,9,5-4-1,401.8
2026-09-21 12:31:35,20260921,18,9,5-4-2,421.4
2026-09-21 12:31:35,20260921,18,9,5-4-3,557.3
2026-09-21 12:31:35,20260921,18,9,5-4-6,557.3
2026-09-21 12:31:35,20260921,18,9,5-6-1,325.9
2026-09-21 12:31:35,20260921,18,9,5-6-2,265.8
2026-09-21 12:31:35,20260921,18,9,5-6-3,338.7
2026-09-21 12:31:35,20260921,18,9,5-6-4,359.9
2026-09-21 12:31:35,20260921,18,9,6-1-2,174.5
2026-09-21 12:31:35,20260921,18,9,6-1-3,71.1
2026-09-21 12:31:35,20260921,18,9,6-1-4,479.9
2026-09-21 12:31:35,20260921,18,9,6-1-5,383.9
2026-09-21 12:31:35,20260921,18,9,6-2-1,308.5
2026-09-21 12:31:35,20260921,18,9,6-2-3,359.9
2026-09-21 12:31:35,20260921,18,9,6-2-4,539.9
2026-09-21 12:31:35,20260921,18,9,6-2-5,345.5
2026-09-21 12:31:35,20260921,18,9,6-3-1,83.4
2026-09-21 12:31:35,20260921,18,9,6-3-2,539.9
2026-09-21 12:31:35,20260921,18,9,6-3-4,443.0
2026-09-21 12:31:35,20260921,18,9,6-3-5,493.6
2026-09-21 12:31:35,20260921,18,9,6-4-1,508.1
2026-09-21 12:31:35,20260921,18,9,6-4-2,751.2
2026-09-21 12:31:35,20260921,18,9,6-4-3,959.8
2026-09-21 12:31:35,20260921,18,9,6-4-5,785.3
2026-09-21 12:31:35,20260921,18,9,6-5-1,375.6
2026-09-21 12:31:35,20260921,18,9,6-5-2,367.6
2026-09-21 12:31:35,20260921,18,9,6-5-3,411.3
2026-09-21 12:31:35,20260921,18,9,6-5-4,493.6
2026-09-21 12:37:03,20260921,6,4,1-2-3,7.4
2026-09-21 12:37:03,20260921,6,4,1-2-4,9.5
2026-09-21 12:37:03,20260921,6,4,1-2-5,13.0
2026-09-21 12:37:03,20260921,6,4,1-2-6,125.2
2026-09-21 12:37:03,20260921,6,4,1-3-2,9.9
2026-09-21 12:37:03,20260921,6,4,1-3-4,13.6
2026-09-21 12:37:03,20260921,6,4,1-3-5,23.6
2026-09-21 12:37:03,20260921,6,4,1-3-6,119.6
2026-09-21 12:37:03,20260921,6,4,1-4-2,11.6
2026-09-21 12:37:03,20260921,6,4,1-4-3,16.2
2026-09-21 12:37:03,20260921,6,4,1-4-5,31.3
2026-09-21 12:37:03,20260921,6,4,1-4-6,118.3
2026-09-21 12:37:03,20260921,6,4,1-5-2,30.8
2026-09-21 12:37:03,20260921,6,4,1-5-3,40.4
2026-09-21 12:37:03,20260921,6,4,1-5-4,43.2
2026-09-21 12:37:03,20260921,6,4,1-5-6,117.0
2026-09-21 12:37:03,20260921,6,4,1-6-2,156.0
2026-09-21 12:37:03,20260921,6,4,1-6-3,188.9
2026-09-21 12:37:03,20260921,6,4,1-6-4,250.4
2026-09-21 12:37:03,20260921,6,4,1-6-5,215.3
2026-09-21 12:37:03,20260921,6,4,2-1-3,90.4
2026-09-21 12:37:03,20260921,6,4,2-1-4,86.1
2026-09-21 12:37:03,20260921,6,4,2-1-5,99.7
2026-09-21 12:37:03,20260921,6,4,2-1-6,336.5
2026-09-21 12:37:03,20260921,6,4,2-3-1,192.2
2026-09-21 12:37:03,20260921,6,4,2-3-4,138.0
2026-09-21 12:37:03,20260921,6,4,2-3-5,207.0
2026-09-21 12:37:03,20260921,6,4,2-3-6,291.0
2026-09-21 12:37:03,20260921,6,4,2-4-1,129.7
2026-09-21 12:37:03,20260921,6,4,2-4-3,168.2
2026-09-21 12:37:03,20260921,6,4,2-4-5,234.0
2026-09-21 12:37:03,20260921,6,4,2-4-6,358.9
2026-09-21 12:37:03,20260921,6,4,2-5-1,192.2
2026-09-21 12:37:03,20260921,6,4,2-5-3,244.7
2026-09-21 12:37:03,20260921,6,4,2-5-4,326.3
2026-09-21 12:37:03,20260921,6,4,2-5-6,269.2
2026-09-21 12:37:03,20260921,6,4,2-6-1,448.6
2026-09-21 12:37:03,20260921,6,4,2-6-3,448.6
2026-09-21 12:37:03,20260921,6,4,2-6-4,512.7
2026-09-21 12:37:03,20260921,6,4,2-6-5,316.7
2026-09-21 12:37:03,20260921,6,4,3-1-2,70.8
2026-09-21 12:37:03,20260921,6,4,3-1-4,81.5
2026-09-21 12:37:03,20260921,6,4,3-1-5,102.5
2026-09-21 12:37:03,20260921,6,4,3-1-6,299.1
2026-09-21 12:37:03,20260921,6,4,3-2-1,211.1
2026-09-21 12:37:03,20260921,6,4,3-2-4,106.6
2026-09-21 12:37:03,20260921,6,4,3-2-5,170.9
2026-09-21 12:37:03,20260921,6,4,3-2-6,229.1
2026-09-21 12:37:03,20260921,6,4,3-4-1,139.8
2026-09-21 12:37:03,20260921,6,4,3-4-2,173.6
2026-09-21 12:37:03,20260921,6,4,3-4-5,316.7
2026-09-21 12:37:03,20260921,6,4,3-4-6,262.6
2026-09-21 12:37:03,20260921,6,4,3-5-1,203.1
2026-09-21 12:37:03,20260921,6,4,3-5-2,153.8
2026-09-21 12:37:03,20260921,6,4,3-5-4,326.3
2026-09-21 12:37:03,20260921,6,4,3-5-6,211.1
2026-09-21 12:37:03,20260921,6,4,3-6-1,512.7
2026-09-21 12:37:03,20260921,6,4,3-6-2,538.4
2026-09-21 12:37:03,20260921,6,4,3-6-4,430.7
2026-09-21 12:37:03,20260921,6,4,3-6-5,430.7
2026-09-21 12:37:03,20260921,6,4,4-1-2,35.5
2026-09-21 12:37:03,20260921,6,4,4-1-3,73.7
2026-09-21 12:37:03,20260921,6,4,4-1-5,36.2
2026-09-21 12:37:03,20260921,6,4,4-1-6,185.6
2026-09-21 12:37:03,20260921,6,4,4-2-1,109.8
2026-09-21 12:37:03,20260921,6,4,4-2-3,179.4
2026-09-21 12:37:03,20260921,6,4,4-2-5,195.7
2026-09-21 12:37:03,20260921,6,4,4-2-6,224.3
2026-09-21 12:37:03,20260921,6,4,4-3-1,108.7
2026-09-21 12:37:03,20260921,6,4,4-3-2,153.8
2026-09-21 12:37:03,20260921,6,4,4-3-5,276.1
2026-09-21 12:37:03,20260921,6,4,4-3-6,299.1
2026-09-21 12:37:03,20260921,6,4,4-5-1,87.5
2026-09-21 12:37:03,20260921,6,4,4-5-2,109.8
2026-09-21 12:37:03,20260921,6,4,4-5-3,134.6
2026-09-21 12:37:03,20260921,6,4,4-5-6,156.0
2026-09-21 12:37:03,20260921,6,4,4-6-1,269.2
2026-09-21 12:37:03,20260921,6,4,4-6-2,299.1
2026-09-21 12:37:03,20260921,6,4,4-6-3,489.4
2026-09-21 12:37:03,20260921,6,4,4-6-5,468.1
2026-09-21 12:37:03,20260921,6,4,5-1-2,123.7
2026-09-21 12:37:03,20260921,6,4,5-1-3,192.2
2026-09-21 12:37:03,20260921,6,4,5-1-4,151.6
2026-09-21 12:37:03,20260921,6,4,5-1-6,188.9
2026-09-21 12:37:03,20260921,6,4,5-2-1,182.5
2026-09-21 12:37:03,20260921,6,4,5-2-3,336.5
2026-09-21 12:37:03,20260921,6,4,5-2-4,299.1
2026-09-21 12:37:03,20260921,6,4,5-2-6,195.7
2026-09-21 12:37:03,20260921,6,4,5-3-1,215.3
2026-09-21 12:37:03,20260921,6,4,5-3-2,307.6
2026-09-21 12:37:03,20260921,6,4,5-3-4,371.3
2026-09-21 12:37:03,20260921,6,4,5-3-6,347.3
2026-09-21 12:37:03,20260921,6,4,5-4-1,165.6
2026-09-21 12:37:03,20260921,6,4,5-4-2,448.6
2026-09-21 12:37:03,20260921,6,4,5-4-3,489.4
2026-09-21 12:37:03,20260921,6,4,5-4-6,398.8
2026-09-21 12:37:03,20260921,6,4,5-6-1,468.1
2026-09-21 12:37:03,20260921,6,4,5-6-2,276.1
2026-09-21 12:37:03,20260921,6,4,5-6-3,336.5
2026-09-21 12:37:03,20260921,6,4,5-6-4,398.8
2026-09-21 12:37:03,20260921,6,4,6-1-2,384.5
2026-09-21 12:37:03,20260921,6,4,6-1-3,717.9
2026-09-21 12:37:03,20260921,6,4,6-1-4,769.1
2026-09-21 12:37:03,20260921,6,4,6-1-5,828.3
2026-09-21 12:37:03,20260921,6,4,6-2-1,897.3
2026-09-21 12:37:03,20260921,6,4,6-2-3,769.1
2026-09-21 12:37:03,20260921,6,4,6-2-4,673.0
2026-09-21 12:37:03,20260921,6,4,6-2-5,673.0
2026-09-21 12:37:03,20260921,6,4,6-3-1,673.0
2026-09-21 12:37:03,20260921,6,4,6-3-2,978.9
2026-09-21 12:37:03,20260921,6,4,6-3-4,598.2
2026-09-21 12:37:03,20260921,6,4,6-3-5,897.3
2026-09-21 12:37:03,20260921,6,4,6-4-1,1538.0
2026-09-21 12:37:03,20260921,6,4,6-4-2,897.3
2026-09-21 12:37:03,20260921,6,4,6-4-3,1076.0
2026-09-21 12:37:03,20260921,6,4,6-4-5,1196.0
2026-09-21 12:37:03,20260921,6,4,6-5-1,769.1
2026-09-21 12:37:03,20260921,6,4,6-5-2,489.4
2026-09-21 12:37:03,20260921,6,4,6-5-3,598.2
2026-09-21 12:37:03,20260921,6,4,6-5-4,717.9
2026-09-21 12:37:13,20260921,9,5,1-2-3,7.3
2026-09-21 12:37:13,20260921,9,5,1-2-4,3.4
2026-09-21 12:37:13,20260921,9,5,1-2-5,19.5
2026-09-21 12:37:13,20260921,9,5,1-2-6,37.9
2026-09-21 12:37:13,20260921,9,5,1-3-2,17.1
2026-09-21 12:37:13,20260921,9,5,1-3-4,21.1
2026-09-21 12:37:13,20260921,9,5,1-3-5,38.8
2026-09-21 12:37:13,20260921,9,5,1-3-6,83.4
2026-09-21 12:37:13,20260921,9,5,1-4-2,8.0
2026-09-21 12:37:13,20260921,9,5,1-4-3,17.2
2026-09-21 12:37:13,20260921,9,5,1-4-5,34.2
2026-09-21 12:37:13,20260921,9,5,1-4-6,72.8
2026-09-21 12:37:13,20260921,9,5,1-5-2,63.9
2026-09-21 12:37:13,20260921,9,5,1-5-3,92.6
2026-09-21 12:37:13,20260921,9,5,1-5-4,64.1
2026-09-21 12:37:13,20260921,9,5,1-5-6,182.0
2026-09-21 12:37:13,20260921,9,5,1-6-2,90.6
2026-09-21 12:37:13,20260921,9,5,1-6-3,178.7
2026-09-21 12:37:13,20260921,9,5,1-6-4,136.2
2026-09-21 12:37:13,20260921,9,5,1-6-5,256.7
2026-09-21 12:37:13,20260921,9,5,2-1-3,53.3
2026-09-21 12:37:13,20260921,9,5,2-1-4,34.8
2026-09-21 12:37:13,20260921,9,5,2-1-5,104.8
2026-09-21 12:37:13,20260921,9,5,2-1-6,154.0
2026-09-21 12:37:13,20260921,9,5,2-3-1,168.2
2026-09-21 12:37:13,20260921,9,5,2-3-4,117.0
2026-09-21 12:37:13,20260921,9,5,2-3-5,274.2
2026-09-21 12:37:13,20260921,9,5,2-3-6,800.9
2026-09-21 12:37:13,20260921,9,5,2-4-1,94.0
2026-09-21 12:37:13,20260921,9,5,2-4-3,115.0
2026-09-21 12:37:13,20260921,9,5,2-4-5,290.1
2026-09-21 12:37:13,20260921,9,5,2-4-6,741.5
2026-09-21 12:37:13,20260921,9,5,2-5-1,172.6
2026-09-21 12:37:13,20260921,9,5,2-5-3,339.3
2026-09-21 12:37:13,20260921,9,5,2-5-4,385.0
2026-09-21 12:37:13,20260921,9,5,2-5-6,476.7
2026-09-21 12:37:13,20260921,9,5,2-6-1,513.4
2026-09-21 12:37:13,20260921,9,5,2-6-3,645.8
2026-09-21 12:37:13,20260921,9,5,2-6-4,1001.0
2026-09-21 12:37:13,20260921,9,5,2-6-5,476.7
2026-09-21 12:37:13,20260921,9,5,3-1-2,114.4
2026-09-21 12:37:13,20260921,9,5,3-1-4,137.1
2026-09-21 12:37:13,20260921,9,5,3-1-5,154.0
2026-09-21 12:37:13,20260921,9,5,3-1-6,339.3
2026-09-21 12:37:13,20260921,9,5,3-2-1,213.0
2026-09-21 12:37:13,20260921,9,5,3-2-4,128.3
2026-09-21 12:37:13,20260921,9,5,3-2-5,286.0
2026-09-21 12:37:13,20260921,9,5,3-2-6,541.1
2026-09-21 12:37:13,20260921,9,5,3-4-1,274.2
2026-09-21 12:37:13,20260921,9,5,3-4-2,140.0
2026-09-21 12:37:13,20260921,9,5,3-4-5,541.1
2026-09-21 12:37:13,20260921,9,5,3-4-6,572.0
2026-09-21 12:37:13,20260921,9,5,3-5-1,294.4
2026-09-21 12:37:13,20260921,9,5,3-5-2,408.6
2026-09-21 12:37:13,20260921,9,5,3-5-4,715.0
2026-09-21 12:37:13,20260921,9,5,3-5-6,465.6
2026-09-21 12:37:13,20260921,9,5,3-6-1,667.4
2026-09-21 12:37:13,20260921,9,5,3-6-2,834.2
2026-09-21 12:37:13,20260921,9,5,3-6-4,953.4
2026-09-21 12:37:13,20260921,9,5,3-6-5,500.5
2026-09-21 12:37:13,20260921,9,5,4-1-2,40.4
2026-09-21 12:37:13,20260921,9,5,4-1-3,113.1
2026-09-21 12:37:13,20260921,9,5,4-1-5,115.7
2026-09-21 12:37:13,20260921,9,5,4-1-6,227.5
2026-09-21 12:37:13,20260921,9,5,4-2-1,63.7
2026-09-21 12:37:13,20260921,9,5,4-2-3,112.4
2026-09-21 12:37:13,20260921,9,5,4-2-5,235.5
2026-09-21 12:37:13,20260921,9,5,4-2-6,364.0
2026-09-21 12:37:13,20260921,9,5,4-3-1,220.0
2026-09-21 12:37:13,20260921,9,5,4-3-2,131.7
2026-09-21 12:37:13,20260921,9,5,4-3-5,417.1
2026-09-21 12:37:13,20260921,9,5,4-3-6,690.4
2026-09-21 12:37:13,20260921,9,5,4-5-1,175.6
2026-09-21 12:37:13,20260921,9,5,4-5-2,290.1
2026-09-21 12:37:13,20260921,9,5,4-5-3,444.9
2026-09-21 12:37:13,20260921,9,5,4-5-6,322.9
2026-09-21 12:37:13,20260921,9,5,4-6-1,455.0
2026-09-21 12:37:13,20260921,9,5,4-6-2,465.6
2026-09-21 12:37:13,20260921,9,5,4-6-3,645.8
2026-09-21 12:37:13,20260921,9,5,4-6-5,606.7
2026-09-21 12:37:13,20260921,9,5,5-1-2,256.7
2026-09-21 12:37:13,20260921,9,5,5-1-3,322.9
2026-09-21 12:37:13,20260921,9,5,5-1-4,282.0
2026-09-21 12:37:13,20260921,9,5,5-1-6,322.9
2026-09-21 12:37:13,20260921,9,5,5-2-1,333.7
2026-09-21 12:37:13,20260921,9,5,5-2-3,513.4
2026-09-21 12:37:13,20260921,9,5,5-2-4,400.4
2026-09-21 12:37:13,20260921,9,5,5-2-6,364.0
2026-09-21 12:37:13,20260921,9,5,5-3-1,364.0
2026-09-21 12:37:13,20260921,9,5,5-3-2,741.5
2026-09-21 12:37:13,20260921,9,5,5-3-4,770.1
2026-09-21 12:37:13,20260921,9,5,5-3-6,741.5
2026-09-21 12:37:13,20260921,9,5,5-4-1,317.8
2026-09-21 12:37:13,20260921,9,5,5-4-2,572.0
2026-09-21 12:37:13,20260921,9,5,5-4-3,834.2
2026-09-21 12:37:13,20260921,9,5,5-4-6,910.1
2026-09-21 12:37:13,20260921,9,5,5-6-1,572.0
2026-09-21 12:37:13,20260921,9,5,5-6-2,417.1
2026-09-21 12:37:13,20260921,9,5,5-6-3,690.4
2026-09-21 12:37:13,20260921,9,5,5-6-4,588.9
2026-09-21 12:37:13,20260921,9,5,6-1-2,385.0
2026-09-21 12:37:13,20260921,9,5,6-1-3,715.0
2026-09-21 12:37:13,20260921,9,5,6-1-4,1001.0
2026-09-21 12:37:13,20260921,9,5,6-1-5,715.0
2026-09-21 12:37:13,20260921,9,5,6-2-1,715.0
2026-09-21 12:37:13,20260921,9,5,6-2-3,1177.0
2026-09-21 12:37:13,20260921,9,5,6-2-4,1177.0
2026-09-21 12:37:13,20260921,9,5,6-2-5,1112.0
2026-09-21 12:37:13,20260921,9,5,6-3-1,1001.0
2026-09-21 12:37:13,20260921,9,5,6-3-2,1668.0
2026-09-21 12:37:13,20260921,9,5,6-3-4,834.2
2026-09-21 12:37:13,20260921,9,5,6-3-5,1251.0
2026-09-21 12:37:13,20260921,9,5,6-4-1,1053.0
2026-09-21 12:37:13,20260921,9,5,6-4-2,1334.0
2026-09-21 12:37:13,20260921,9,5,6-4-3,1334.0
2026-09-21 12:37:13,20260921,9,5,6-4-5,1668.0
2026-09-21 12:37:13,20260921,9,5,6-5-1,690.4
2026-09-21 12:37:13,20260921,9,5,6-5-2,1053.0
2026-09-21 12:37:13,20260921,9,5,6-5-3,800.9
2026-09-21 12:37:13,20260921,9,5,6-5-4,1001.0
2026-09-21 12:40:03,20260921,13,6,1-2-3,24.7
2026-09-21 12:40:03,20260921,13,6,1-2-4,13.3
2026-09-21 12:40:03,20260921,13,6,1-2-5,97.4
2026-09-21 12:40:03,20260921,13,6,1-2-6,94.1
2026-09-21 12:40:03,20260921,13,6,1-3-2,23.7
2026-09-21 12:40:03,20260921,13,6,1-3-4,11.4
2026-09-21 12:40:03,20260921,13,6,1-3-5,80.3
2026-09-21 12:40:03,20260921,13,6,1-3-6,94.1
2026-09-21 12:40:03,20260921,13,6,1-4-2,8.0
2026-09-21 12:40:03,20260921,13,6,1-4-3,7.5
2026-09-21 12:40:03,20260921,13,6,1-4-5,23.9
2026-09-21 12:40:03,20260921,13,6,1-4-6,32.4
2026-09-21 12:40:03,20260921,13,6,1-5-2,123.6
2026-09-21 12:40:03,20260921,13,6,1-5-3,154.3
2026-09-21 12:40:03,20260921,13,6,1-5-4,82.1
2026-09-21 12:40:03,20260921,13,6,1-5-6,183.7
2026-09-21 12:40:03,20260921,13,6,1-6-2,117.6
2026-09-21 12:40:03,20260921,13,6,1-6-3,143.9
2026-09-21 12:40:03,20260921,13,6,1-6-4,61.0
2026-09-21 12:40:03,20260921,13,6,1-6-5,214.3
2026-09-21 12:40:03,20260921,13,6,2-1-3,69.4
2026-09-21 12:40:03,20260921,13,6,2-1-4,51.5
2026-09-21 12:40:03,20260921,13,6,2-1-5,221.7
2026-09-21 12:40:03,20260921,13,6,2-1-6,311.2
2026-09-21 12:40:03,20260921,13,6,2-3-1,170.7
2026-09-21 12:40:03,20260921,13,6,2-3-4,122.1
2026-09-21 12:40:03,20260921,13,6,2-3-5,350.8
2026-09-21 12:40:03,20260921,13,6,2-3-6,665.3
2026-09-21 12:40:03,20260921,13,6,2-4-1,76.2
2026-09-21 12:40:03,20260921,13,6,2-4-3,113.4
2026-09-21 12:40:03,20260921,13,6,2-4-5,338.5
2026-09-21 12:40:03,20260921,13,6,2-4-6,327.0
2026-09-21 12:40:03,20260921,13,6,2-5-1,332.6
2026-09-21 12:40:03,20260921,13,6,2-5-3,296.8
2026-09-21 12:40:03,20260921,13,6,2-5-4,410.5
2026-09-21 12:40:03,20260921,13,6,2-5-6,448.7
2026-09-21 12:40:03,20260921,13,6,2-6-1,507.7
2026-09-21 12:40:03,20260921,13,6,2-6-3,689.0
2026-09-21 12:40:03,20260921,13,6,2-6-4,385.8
2026-09-21 12:40:03,20260921,13,6,2-6-5,714.6
2026-09-21 12:40:03,20260921,13,6,3-1-2,122.8
2026-09-21 12:40:03,20260921,13,6,3-1-4,40.3
2026-09-21 12:40:03,20260921,13,6,3-1-5,135.8
2026-09-21 12:40:03,20260921,13,6,3-1-6,250.5
2026-09-21 12:40:03,20260921,13,6,3-2-1,175.4
2026-09-21 12:40:03,20260921,13,6,3-2-4,119.8
2026-09-21 12:40:03,20260921,13,6,3-2-5,264.3
2026-09-21 12:40:03,20260921,13,6,3-2-6,327.0
2026-09-21 12:40:03,20260921,13,6,3-4-1,50.7
2026-09-21 12:40:03,20260921,13,6,3-4-2,116.9
2026-09-21 12:40:03,20260921,13,6,3-4-5,185.5
2026-09-21 12:40:03,20260921,13,6,3-4-6,253.8
2026-09-21 12:40:03,20260921,13,6,3-5-1,301.4
2026-09-21 12:40:03,20260921,13,6,3-5-2,267.9
2026-09-21 12:40:03,20260921,13,6,3-5-4,371.0
2026-09-21 12:40:03,20260921,13,6,3-5-6,321.5
2026-09-21 12:40:03,20260921,13,6,3-6-1,279.6
2026-09-21 12:40:03,20260921,13,6,3-6-2,482.3
2026-09-21 12:40:03,20260921,13,6,3-6-4,378.3
2026-09-21 12:40:03,20260921,13,6,3-6-5,521.4
2026-09-21 12:40:03,20260921,13,6,4-1-2,16.7
2026-09-21 12:40:03,20260921,13,6,4-1-3,16.1
2026-09-21 12:40:03,20260921,13,6,4-1-5,35.6
2026-09-21 12:40:03,20260921,13,6,4-1-6,51.8
2026-09-21 12:40:03,20260921,13,6,4-2-1,41.8
2026-09-21 12:40:03,20260921,13,6,4-2-3,80.0
2026-09-21 12:40:03,20260921,13,6,4-2-5,146.1
2026-09-21 12:40:03,20260921,13,6,4-2-6,170.7
2026-09-21 12:40:03,20260921,13,6,4-3-1,33.9
2026-09-21 12:40:03,20260921,13,6,4-3-2,75.0
2026-09-21 12:40:03,20260921,13,6,4-3-5,124.4
2026-09-21 12:40:03,20260921,13,6,4-3-6,166.3
2026-09-21 12:40:03,20260921,13,6,4-5-1,66.9
2026-09-21 12:40:03,20260921,13,6,4-5-2,124.4
2026-09-21 12:40:03,20260921,13,6,4-5-3,180.3
2026-09-21 12:40:03,20260921,13,6,4-5-6,88.5
2026-09-21 12:40:03,20260921,13,6,4-6-1,107.7
2026-09-21 12:40:03,20260921,13,6,4-6-2,164.9
2026-09-21 12:40:03,20260921,13,6,4-6-3,238.2
2026-09-21 12:40:03,20260921,13,6,4-6-5,129.4
2026-09-21 12:40:03,20260921,13,6,5-1-2,448.7
2026-09-21 12:40:03,20260921,13,6,5-1-3,371.0
2026-09-21 12:40:03,20260921,13,6,5-1-4,224.3
2026-09-21 12:40:03,20260921,13,6,5-1-6,306.2
2026-09-21 12:40:03,20260921,13,6,5-2-1,470.5
2026-09-21 12:40:03,20260921,13,6,5-2-3,470.5
2026-09-21 12:40:03,20260921,13,6,5-2-4,689.0
2026-09-21 12:40:03,20260921,13,6,5-2-6,428.7
2026-09-21 12:40:03,20260921,13,6,5-3-1,428.7
2026-09-21 12:40:03,20260921,13,6,5-3-2,622.4
2026-09-21 12:40:03,20260921,13,6,5-3-4,918.7
2026-09-21 12:40:03,20260921,13,6,5-3-6,918.7
2026-09-21 12:40:03,20260921,13,6,5-4-1,207.4
2026-09-21 12:40:03,20260921,13,6,5-4-2,385.8
2026-09-21 12:40:03,20260921,13,6,5-4-3,877.0
2026-09-21 12:40:03,20260921,13,6,5-4-6,448.7
2026-09-21 12:40:03,20260921,13,6,5-6-1,1134.0
2026-09-21 12:40:03,20260921,13,6,5-6-2,689.0
2026-09-21 12:40:03,20260921,13,6,5-6-3,964.7
2026-09-21 12:40:03,20260921,13,6,5-6-4,622.4
2026-09-21 12:40:03,20260921,13,6,6-1-2,401.9
2026-09-21 12:40:03,20260921,13,6,6-1-3,482.3
2026-09-21 12:40:03,20260921,13,6,6-1-4,470.5
2026-09-21 12:40:03,20260921,13,6,6-1-5,838.8
2026-09-21 12:40:03,20260921,13,6,6-2-1,622.4
2026-09-21 12:40:03,20260921,13,6,6-2-3,1015.0
2026-09-21 12:40:03,20260921,13,6,6-2-4,584.6
2026-09-21 12:40:03,20260921,13,6,6-2-5,1205.0
2026-09-21 12:40:03,20260921,13,6,6-3-1,494.7
2026-09-21 12:40:03,20260921,13,6,6-3-2,1205.0
2026-09-21 12:40:03,20260921,13,6,6-3-4,602.9
2026-09-21 12:40:03,20260921,13,6,6-3-5,1607.0
2026-09-21 12:40:03,20260921,13,6,6-4-1,378.3
2026-09-21 12:40:03,20260921,13,6,6-4-2,535.9
2026-09-21 12:40:03,20260921,13,6,6-4-3,877.0
2026-09-21 12:40:03,20260921,13,6,6-4-5,964.7
2026-09-21 12:40:03,20260921,13,6,6-5-1,1484.0
2026-09-21 12:40:03,20260921,13,6,6-5-2,877.0
2026-09-21 12:40:03,20260921,13,6,6-5-3,1205.0
2026-09-21 12:40:03,20260921,13,6,6-5-4,803.9
2026-09-21 12:42:52,20260921,16,5,1-2-3,30.9
2026-09-21 12:42:52,20260921,16,5,1-2-4,93.3
2026-09-21 12:42:52,20260921,16,5,1-2-5,19.5
2026-09-21 12:42:52,20260921,16,5,1-2-6,74.9
2026-09-21 12:42:52,20260921,16,5,1-3-2,30.7
2026-09-21 12:42:52,20260921,16,5,1-3-4,50.3
2026-09-21 12:42:52,20260921,16,5,1-3-5,11.6
2026-09-21 12:42:52,20260921,16,5,1-3-6,44.7
2026-09-21 12:42:52,20260921,16,5,1-4-2,100.0
2026-09-21 12:42:52,20260921,16,5,1-4-3,117.7
2026-09-21 12:42:52,20260921,16,5,1-4-5,64.8
2026-09-21 12:42:52,20260921,16,5,1-4-6,99.3
2026-09-21 12:42:52,20260921,16,5,1-5-2,14.1
2026-09-21 12:42:52,20260921,16,5,1-5-3,10.8
2026-09-21 12:42:52,20260921,16,5,1-5-4,62.2
2026-09-21 12:42:52,20260921,16,5,1-5-6,22.4
2026-09-21 12:42:52,20260921,16,5,1-6-2,106.9
2026-09-21 12:42:52,20260921,16,5,1-6-3,60.1
2026-09-21 12:42:52,20260921,16,5,1-6-4,119.7
2026-09-21 12:42:52,20260921,16,5,1-6-5,60.6
2026-09-21 12:42:52,20260921,16,5,2-1-3,82.3
2026-09-21 12:42:52,20260921,16,5,2-1-4,166.7
2026-09-21 12:42:52,20260921,16,5,2-1-5,49.8
2026-09-21 12:42:52,20260921,16,5,2-1-6,153.9
2026-09-21 12:42:52,20260921,16,5,2-3-1,102.2
2026-09-21 12:42:52,20260921,16,5,2-3-4,194.5
2026-09-21 12:42:52,20260921,16,5,2-3-5,91.5
2026-09-21 12:42:52,20260921,16,5,2-3-6,280.1
2026-09-21 12:42:52,20260921,16,5,2-4-1,254.6
2026-09-21 12:42:52,20260921,16,5,2-4-3,203.0
2026-09-21 12:42:52,20260921,16,5,2-4-5,269.3
2026-09-21 12:42:52,20260921,16,5,2-4-6,269.3
2026-09-21 12:42:52,20260921,16,5,2-5-1,69.3
2026-09-21 12:42:52,20260921,16,5,2-5-3,100.0
2026-09-21 12:42:52,20260921,16,5,2-5-4,304.5
2026-09-21 12:42:52,20260921,16,5,2-5-6,166.7
2026-09-21 12:42:52,20260921,16,5,2-6-1,285.8
2026-09-21 12:42:52,20260921,16,5,2-6-3,518.8
2026-09-21 12:42:52,20260921,16,5,2-6-4,500.2
2026-09-21 12:42:52,20260921,16,5,2-6-5,341.6
2026-09-21 12:42:52,20260921,16,5,3-1-2,76.1
2026-09-21 12:42:52,20260921,16,5,3-1-4,104.5
2026-09-21 12:42:52,20260921,16,5,3-1-5,24.0
2026-09-21 12:42:52,20260921,16,5,3-1-6,82.3
2026-09-21 12:42:52,20260921,16,5,3-2-1,115.7
2026-09-21 12:42:52,20260921,16,5,3-2-4,172.9
2026-09-21 12:42:52,20260921,16,5,3-2-5,92.1
2026-09-21 12:42:52,20260921,16,5,3-2-6,215.5
2026-09-21 12:42:52,20260921,16,5,3-4-1,164.7
2026-09-21 12:42:52,20260921,16,5,3-4-2,225.9
2026-09-21 12:42:52,20260921,16,5,3-4-5,128.5
2026-09-21 12:42:52,20260921,16,5,3-4-6,197.2
2026-09-21 12:42:52,20260921,16,5,3-5-1,32.2
2026-09-21 12:42:52,20260921,16,5,3-5-2,68.6
2026-09-21 12:42:52,20260921,16,5,3-5-4,141.4
2026-09-21 12:42:52,20260921,16,5,3-5-6,69.3
2026-09-21 12:42:52,20260921,16,5,3-6-1,222.3
2026-09-21 12:42:52,20260921,16,5,3-6-2,389.1
2026-09-21 12:42:52,20260921,16,5,3-6-4,359.1
2026-09-21 12:42:52,20260921,16,5,3-6-5,194.5
2026-09-21 12:42:52,20260921,16,5,4-1-2,225.9
2026-09-21 12:42:52,20260921,16,5,4-1-3,259.4
2026-09-21 12:42:52,20260921,16,5,4-1-5,155.6
2026-09-21 12:42:52,20260921,16,5,4-1-6,241.5
2026-09-21 12:42:52,20260921,16,5,4-2-1,359.1
2026-09-21 12:42:52,20260921,16,5,4-2-3,325.7
2026-09-21 12:42:52,20260921,16,5,4-2-5,285.8
2026-09-21 12:42:52,20260921,16,5,4-2-6,245.7
2026-09-21 12:42:52,20260921,16,5,4-3-1,311.2
2026-09-21 12:42:52,20260921,16,5,4-3-2,341.6
2026-09-21 12:42:52,20260921,16,5,4-3-5,215.5
2026-09-21 12:42:52,20260921,16,5,4-3-6,437.7
2026-09-21 12:42:52,20260921,16,5,4-5-1,205.9
2026-09-21 12:42:52,20260921,16,5,4-5-2,325.7
2026-09-21 12:42:52,20260921,16,5,4-5-3,222.3
2026-09-21 12:42:52,20260921,16,5,4-5-6,166.7
2026-09-21 12:42:52,20260921,16,5,4-6-1,274.6
2026-09-21 12:42:52,20260921,16,5,4-6-2,389.1
2026-09-21 12:42:52,20260921,16,5,4-6-3,538.7
2026-09-21 12:42:52,20260921,16,5,4-6-5,274.6
2026-09-21 12:42:52,20260921,16,5,5-1-2,30.9
2026-09-21 12:42:52,20260921,16,5,5-1-3,21.0
2026-09-21 12:42:52,20260921,16,5,5-1-4,105.3
2026-09-21 12:42:52,20260921,16,5,5-1-6,35.7
2026-09-21 12:42:52,20260921,16,5,5-2-1,63.3
2026-09-21 12:42:52,20260921,16,5,5-2-3,101.5
2026-09-21 12:42:52,20260921,16,5,5-2-4,254.6
2026-09-21 12:42:52,20260921,16,5,5-2-6,118.7
2026-09-21 12:42:52,20260921,16,5,5-3-1,32.0
2026-09-21 12:42:52,20260921,16,5,5-3-2,88.0
2026-09-21 12:42:52,20260921,16,5,5-3-4,175.0
2026-09-21 12:42:52,20260921,16,5,5-3-6,67.0
2026-09-21 12:42:52,20260921,16,5,5-4-1,191.8
2026-09-21 12:42:52,20260921,16,5,5-4-2,411.9
2026-09-21 12:42:52,20260921,16,5,5-4-3,241.5
2026-09-21 12:42:52,20260921,16,5,5-4-6,245.7
2026-09-21 12:42:52,20260921,16,5,5-6-1,87.5
2026-09-21 12:42:52,20260921,16,5,5-6-2,209.0
2026-09-21 12:42:52,20260921,16,5,5-6-3,116.7
2026-09-21 12:42:52,20260921,16,5,5-6-4,203.0
2026-09-21 12:42:52,20260921,16,5,6-1-2,311.2
2026-09-21 12:42:52,20260921,16,5,6-1-3,298.0
2026-09-21 12:42:52,20260921,16,5,6-1-4,424.4
2026-09-21 12:42:52,20260921,16,5,6-1-5,197.2
2026-09-21 12:42:52,20260921,16,5,6-2-1,737.2
2026-09-21 12:42:52,20260921,16,5,6-2-3,609.0
2026-09-21 12:42:52,20260921,16,5,6-2-4,437.7
2026-09-21 12:42:52,20260921,16,5,6-2-5,466.9
2026-09-21 12:42:52,20260921,16,5,6-3-1,400.2
2026-09-21 12:42:52,20260921,16,5,6-3-2,609.0
2026-09-21 12:42:52,20260921,16,5,6-3-4,378.5
2026-09-21 12:42:52,20260921,16,5,6-3-5,225.9
2026-09-21 12:42:52,20260921,16,5,6-4-1,483.0
2026-09-21 12:42:52,20260921,16,5,6-4-2,518.8
2026-09-21 12:42:52,20260921,16,5,6-4-3,538.7
2026-09-21 12:42:52,20260921,16,5,6-4-5,269.3
2026-09-21 12:42:52,20260921,16,5,6-5-1,184.3
2026-09-21 12:42:52,20260921,16,5,6-5-2,411.9
2026-09-21 12:42:52,20260921,16,5,6-5-3,218.8
2026-09-21 12:42:52,20260921,16,5,6-5-4,135.9
2026-09-21 12:45:40,20260921,5,6,1-2-3,27.3
2026-09-21 12:45:40,20260921,5,6,1-2-4,18.9
2026-09-21 12:45:40,20260921,5,6,1-2-5,29.1
2026-09-21 12:45:40,20260921,5,6,1-2-6,40.4
2026-09-21 12:45:40,20260921,5,6,1-3-2,34.2
2026-09-21 12:45:40,20260921,5,6,1-3-4,13.6
2026-09-21 12:45:40,20260921,5,6,1-3-5,23.5
2026-09-21 12:45:40,20260921,5,6,1-3-6,33.3
2026-09-21 12:45:40,20260921,5,6,1-4-2,17.4
2026-09-21 12:45:40,20260921,5,6,1-4-3,14.9
2026-09-21 12:45:40,20260921,5,6,1-4-5,7.5
2026-09-21 12:45:40,20260921,5,6,1-4-6,10.0
2026-09-21 12:45:40,20260921,5,6,1-5-2,34.2
2026-09-21 12:45:40,20260921,5,6,1-5-3,33.0
2026-09-21 12:45:40,20260921,5,6,1-5-4,13.0
2026-09-21 12:45:40,20260921,5,6,1-5-6,18.3
2026-09-21 12:45:40,20260921,5,6,1-6-2,86.8
2026-09-21 12:45:40,20260921,5,6,1-6-3,78.3
2026-09-21 12:45:40,20260921,5,6,1-6-4,30.4
2026-09-21 12:45:40,20260921,5,6,1-6-5,37.3
2026-09-21 12:45:40,20260921,5,6,2-1-3,264.6
2026-09-21 12:45:40,20260921,5,6,2-1-4,242.6
2026-09-21 12:45:40,20260921,5,6,2-1-5,282.6
2026-09-21 12:45:40,20260921,5,6,2-1-6,304.1
2026-09-21 12:45:40,20260921,5,6,2-3-1,456.2
2026-09-21 12:45:40,20260921,5,6,2-3-4,323.2
2026-09-21 12:45:40,20260921,5,6,2-3-5,595.9
2026-09-21 12:45:40,20260921,5,6,2-3-6,775.2
2026-09-21 12:45:40,20260921,5,6,2-4-1,380.8
2026-09-21 12:45:40,20260921,5,6,2-4-3,431.5
2026-09-21 12:45:40,20260921,5,6,2-4-5,608.3
2026-09-21 12:45:40,20260921,5,6,2-4-6,608.3
2026-09-21 12:45:40,20260921,5,6,2-5-1,463.5
2026-09-21 12:45:40,20260921,5,6,2-5-3,639.4
2026-09-21 12:45:40,20260921,5,6,2-5-4,834.3
2026-09-21 12:45:40,20260921,5,6,2-5-6,730.0
2026-09-21 12:45:40,20260921,5,6,2-6-1,668.7
2026-09-21 12:45:40,20260921,5,6,2-6-3,811.1
2026-09-21 12:45:40,20260921,5,6,2-6-4,942.0
2026-09-21 12:45:40,20260921,5,6,2-6-5,803.7
2026-09-21 12:45:40,20260921,5,6,3-1-2,251.7
2026-09-21 12:45:40,20260921,5,6,3-1-4,142.4
2026-09-21 12:45:40,20260921,5,6,3-1-5,145.5
2026-09-21 12:45:40,20260921,5,6,3-1-6,248.1
2026-09-21 12:45:40,20260921,5,6,3-2-1,540.7
2026-09-21 12:45:40,20260921,5,6,3-2-4,260.7
2026-09-21 12:45:40,20260921,5,6,3-2-5,527.7
2026-09-21 12:45:40,20260921,5,6,3-2-6,621.3
2026-09-21 12:45:40,20260921,5,6,3-4-1,216.3
2026-09-21 12:45:40,20260921,5,6,3-4-2,311.7
2026-09-21 12:45:40,20260921,5,6,3-4-5,363.5
2026-09-21 12:45:40,20260921,5,6,3-4-6,389.3
2026-09-21 12:45:40,20260921,5,6,3-5-1,385.9
2026-09-21 12:45:40,20260921,5,6,3-5-2,518.3
2026-09-21 12:45:40,20260921,5,6,3-5-4,591.9
2026-09-21 12:45:40,20260921,5,6,3-5-6,558.0
2026-09-21 12:45:40,20260921,5,6,3-6-1,695.2
2026-09-21 12:45:40,20260921,5,6,3-6-2,903.1
2026-09-21 12:45:40,20260921,5,6,3-6-4,775.2
2026-09-21 12:45:40,20260921,5,6,3-6-5,789.2
2026-09-21 12:45:40,20260921,5,6,4-1-2,107.2
2026-09-21 12:45:40,20260921,5,6,4-1-3,117.2
2026-09-21 12:45:40,20260921,5,6,4-1-5,32.1
2026-09-21 12:45:40,20260921,5,6,4-1-6,50.9
2026-09-21 12:45:40,20260921,5,6,4-2-1,292.0
2026-09-21 12:45:40,20260921,5,6,4-2-3,409.3
2026-09-21 12:45:40,20260921,5,6,4-2-5,405.5
2026-09-21 12:45:40,20260921,5,6,4-2-6,369.6
2026-09-21 12:45:40,20260921,5,6,4-3-1,193.3
2026-09-21 12:45:40,20260921,5,6,4-3-2,387.6
2026-09-21 12:45:40,20260921,5,6,4-3-5,320.9
2026-09-21 12:45:40,20260921,5,6,4-3-6,363.5
2026-09-21 12:45:40,20260921,5,6,4-5-1,48.6
2026-09-21 12:45:40,20260921,5,6,4-5-2,206.1
2026-09-21 12:45:40,20260921,5,6,4-5-3,217.9
2026-09-21 12:45:40,20260921,5,6,4-5-6,54.2
2026-09-21 12:45:40,20260921,5,6,4-6-1,112.1
2026-09-21 12:45:40,20260921,5,6,4-6-2,384.2
2026-09-21 12:45:40,20260921,5,6,4-6-3,438.0
2026-09-21 12:45:40,20260921,5,6,4-6-5,106.5
2026-09-21 12:45:40,20260921,5,6,5-1-2,224.6
2026-09-21 12:45:40,20260921,5,6,5-1-3,267.0
2026-09-21 12:45:40,20260921,5,6,5-1-4,75.1
2026-09-21 12:45:40,20260921,5,6,5-1-6,111.4
2026-09-21 12:45:40,20260921,5,6,5-2-1,444.7
2026-09-21 12:45:40,20260921,5,6,5-2-3,630.2
2026-09-21 12:45:40,20260921,5,6,5-2-4,718.0
2026-09-21 12:45:40,20260921,5,6,5-2-6,363.5
2026-09-21 12:45:40,20260921,5,6,5-3-1,565.2
2026-09-21 12:45:40,20260921,5,6,5-3-2,842.3
2026-09-21 12:45:40,20260921,5,6,5-3-4,803.7
2026-09-21 12:45:40,20260921,5,6,5-3-6,858.8
2026-09-21 12:45:40,20260921,5,6,5-4-1,89.8
2026-09-21 12:45:40,20260921,5,6,5-4-2,444.7
2026-09-21 12:45:40,20260921,5,6,5-4-3,421.1
2026-09-21 12:45:40,20260921,5,6,5-4-6,133.5
2026-09-21 12:45:40,20260921,5,6,5-6-1,253.1
2026-09-21 12:45:40,20260921,5,6,5-6-2,695.2
2026-09-21 12:45:40,20260921,5,6,5-6-3,663.6
2026-09-21 12:45:40,20260921,5,6,5-6-4,196.8
2026-09-21 12:45:40,20260921,5,6,6-1-2,442.4
2026-09-21 12:45:40,20260921,5,6,6-1-3,782.2
2026-09-21 12:45:40,20260921,5,6,6-1-4,263.8
2026-09-21 12:45:40,20260921,5,6,6-1-5,310.6
2026-09-21 12:45:40,20260921,5,6,6-2-1,984.3
2026-09-21 12:45:40,20260921,5,6,6-2-3,1018.0
2026-09-21 12:45:40,20260921,5,6,6-2-4,973.4
2026-09-21 12:45:40,20260921,5,6,6-2-5,1216.0
2026-09-21 12:45:40,20260921,5,6,6-3-1,984.3
2026-09-21 12:45:40,20260921,5,6,6-3-2,1123.0
2026-09-21 12:45:40,20260921,5,6,6-3-4,818.7
2026-09-21 12:45:40,20260921,5,6,6-3-5,1095.0
2026-09-21 12:45:40,20260921,5,6,6-4-1,326.8
2026-09-21 12:45:40,20260921,5,6,6-4-2,912.5
2026-09-21 12:45:40,20260921,5,6,6-4-3,1137.0
2026-09-21 12:45:40,20260921,5,6,6-4-5,281.6
2026-09-21 12:45:40,20260921,5,6,6-5-1,366.5
2026-09-21 12:45:40,20260921,5,6,6-5-2,1081.0
2026-09-21 12:45:40,20260921,5,6,6-5-3,1307.0
2026-09-21 12:45:40,20260921,5,6,6-5-4,258.4
2026-09-21 12:48:20,20260921,10,10,1-2-3,45.3
2026-09-21 12:48:20,20260921,10,10,1-2-4,65.1
2026-09-21 12:48:20,20260921,10,10,1-2-5,54.3
2026-09-21 12:48:20,20260921,10,10,1-2-6,105.6
2026-09-21 12:48:20,20260921,10,10,1-3-2,56.7
2026-09-21 12:48:20,20260921,10,10,1-3-4,51.3
2026-09-21 12:48:20,20260921,10,10,1-3-5,46.1
2026-09-21 12:48:20,20260921,10,10,1-3-6,109.4
2026-09-21 12:48:20,20260921,10,10,1-4-2,96.5
2026-09-21 12:48:20,20260921,10,10,1-4-3,107.9
2026-09-21 12:48:20,20260921,10,10,1-4-5,80.9
2026-09-21 12:48:20,20260921,10,10,1-4-6,113.9
2026-09-21 12:48:20,20260921,10,10,1-5-2,70.7
2026-09-21 12:48:20,20260921,10,10,1-5-3,58.0
2026-09-21 12:48:20,20260921,10,10,1-5-4,100.4
2026-09-21 12:48:20,20260921,10,10,1-5-6,85.1
2026-09-21 12:48:20,20260921,10,10,1-6-2,193.8
2026-09-21 12:48:20,20260921,10,10,1-6-3,179.7
2026-09-21 12:48:20,20260921,10,10,1-6-4,192.3
2026-09-21 12:48:20,20260921,10,10,1-6-5,230.0
2026-09-21 12:48:20,20260921,10,10,2-1-3,41.8
2026-09-21 12:48:20,20260921,10,10,2-1-4,52.7
2026-09-21 12:48:20,20260921,10,10,2-1-5,44.6
2026-09-21 12:48:20,20260921,10,10,2-1-6,95.4
2026-09-21 12:48:20,20260921,10,10,2-3-1,57.9
2026-09-21 12:48:20,20260921,10,10,2-3-4,50.0
2026-09-21 12:48:20,20260921,10,10,2-3-5,29.1
2026-09-21 12:48:20,20260921,10,10,2-3-6,75.7
2026-09-21 12:48:20,20260921,10,10,2-4-1,96.5
2026-09-21 12:48:20,20260921,10,10,2-4-3,66.7
2026-09-21 12:48:20,20260921,10,10,2-4-5,41.1
2026-09-21 12:48:20,20260921,10,10,2-4-6,82.3
2026-09-21 12:48:20,20260921,10,10,2-5-1,64.9
2026-09-21 12:48:20,20260921,10,10,2-5-3,34.1
2026-09-21 12:48:20,20260921,10,10,2-5-4,46.2
2026-09-21 12:48:20,20260921,10,10,2-5-6,49.2
2026-09-21 12:48:20,20260921,10,10,2-6-1,267.6
2026-09-21 12:48:20,20260921,10,10,2-6-3,234.4
2026-09-21 12:48:20,20260921,10,10,2-6-4,181.0
2026-09-21 12:48:20,20260921,10,10,2-6-5,114.5
2026-09-21 12:48:20,20260921,10,10,3-1-2,74.1
2026-09-21 12:48:20,20260921,10,10,3-1-4,66.0
2026-09-21 12:48:20,20260921,10,10,3-1-5,42.5
2026-09-21 12:48:20,20260921,10,10,3-1-6,106.1
2026-09-21 12:48:20,20260921,10,10,3-2-1,100.8
2026-09-21 12:48:20,20260921,10,10,3-2-4,51.7
2026-09-21 12:48:20,20260921,10,10,3-2-5,36.3
2026-09-21 12:48:20,20260921,10,10,3-2-6,99.6
2026-09-21 12:48:20,20260921,10,10,3-4-1,117.7
2026-09-21 12:48:20,20260921,10,10,3-4-2,79.9
2026-09-21 12:48:20,20260921,10,10,3-4-5,31.2
2026-09-21 12:48:20,20260921,10,10,3-4-6,85.7
2026-09-21 12:48:20,20260921,10,10,3-5-1,66.3
2026-09-21 12:48:20,20260921,10,10,3-5-2,49.8
2026-09-21 12:48:20,20260921,10,10,3-5-4,33.0
2026-09-21 12:48:20,20260921,10,10,3-5-6,49.4
2026-09-21 12:48:20,20260921,10,10,3-6-1,332.6
2026-09-21 12:48:20,20260921,10,10,3-6-2,183.7
2026-09-21 12:48:20,20260921,10,10,3-6-4,139.0
2026-09-21 12:48:20,20260921,10,10,3-6-5,116.6
2026-09-21 12:48:20,20260921,10,10,4-1-2,223.8
2026-09-21 12:48:20,20260921,10,10,4-1-3,183.7
2026-09-21 12:48:20,20260921,10,10,4-1-5,111.4
2026-09-21 12:48:20,20260921,10,10,4-1-6,200.1
2026-09-21 12:48:20,20260921,10,10,4-2-1,232.2
2026-09-21 12:48:20,20260921,10,10,4-2-3,142.3
2026-09-21 12:48:20,20260921,10,10,4-2-5,80.4
2026-09-21 12:48:20,20260921,10,10,4-2-6,137.5
2026-09-21 12:48:20,20260921,10,10,4-3-1,185.1
2026-09-21 12:48:20,20260921,10,10,4-3-2,128.8
2026-09-21 12:48:20,20260921,10,10,4-3-5,52.0
2026-09-21 12:48:20,20260921,10,10,4-3-6,102.1
2026-09-21 12:48:20,20260921,10,10,4-5-1,152.9
2026-09-21 12:48:20,20260921,10,10,4-5-2,92.9
2026-09-21 12:48:20,20260921,10,10,4-5-3,55.9
2026-09-21 12:48:20,20260921,10,10,4-5-6,48.6
2026-09-21 12:48:20,20260921,10,10,4-6-1,346.7
2026-09-21 12:48:20,20260921,10,10,4-6-2,169.7
2026-09-21 12:48:20,20260921,10,10,4-6-3,144.8
2026-09-21 12:48:20,20260921,10,10,4-6-5,73.0
2026-09-21 12:48:20,20260921,10,10,5-1-2,123.0
2026-09-21 12:48:20,20260921,10,10,5-1-3,101.7
2026-09-21 12:48:20,20260921,10,10,5-1-4,136.0
2026-09-21 12:48:20,20260921,10,10,5-1-6,123.7
2026-09-21 12:48:20,20260921,10,10,5-2-1,142.3
2026-09-21 12:48:20,20260921,10,10,5-2-3,83.4
2026-09-21 12:48:20,20260921,10,10,5-2-4,88.5
2026-09-21 12:48:20,20260921,10,10,5-2-6,84.0
2026-09-21 12:48:20,20260921,10,10,5-3-1,102.1
2026-09-21 12:48:20,20260921,10,10,5-3-2,86.3
2026-09-21 12:48:20,20260921,10,10,5-3-4,51.9
2026-09-21 12:48:20,20260921,10,10,5-3-6,72.6
2026-09-21 12:48:20,20260921,10,10,5-4-1,178.4
2026-09-21 12:48:20,20260921,10,10,5-4-2,103.4
2026-09-21 12:48:20,20260921,10,10,5-4-3,62.8
2026-09-21 12:48:20,20260921,10,10,5-4-6,62.8
2026-09-21 12:48:20,20260921,10,10,5-6-1,177.1
2026-09-21 12:48:20,20260921,10,10,5-6-2,107.9
2026-09-21 12:48:20,20260921,10,10,5-6-3,109.4
2026-09-21 12:48:20,20260921,10,10,5-6-4,77.1
2026-09-21 12:48:20,20260921,10,10,6-1-2,410.3
2026-09-21 12:48:20,20260921,10,10,6-1-3,724.1
2026-09-21 12:48:20,20260921,10,10,6-1-4,703.4
2026-09-21 12:48:20,20260921,10,10,6-1-5,455.9
2026-09-21 12:48:20,20260921,10,10,6-2-1,703.4
2026-09-21 12:48:20,20260921,10,10,6-2-3,492.3
2026-09-21 12:48:20,20260921,10,10,6-2-4,378.7
2026-09-21 12:48:20,20260921,10,10,6-2-5,279.7
2026-09-21 12:48:20,20260921,10,10,6-3-1,746.0
2026-09-21 12:48:20,20260921,10,10,6-3-2,473.4
2026-09-21 12:48:20,20260921,10,10,6-3-4,384.6
2026-09-21 12:48:20,20260921,10,10,6-3-5,286.2
2026-09-21 12:48:20,20260921,10,10,6-4-1,492.3
2026-09-21 12:48:20,20260921,10,10,6-4-2,417.2
2026-09-21 12:48:20,20260921,10,10,6-4-3,447.6
2026-09-21 12:48:20,20260921,10,10,6-4-5,159.8
2026-09-21 12:48:20,20260921,10,10,6-5-1,390.7
2026-09-21 12:48:20,20260921,10,10,6-5-2,307.7
2026-09-21 12:48:20,20260921,10,10,6-5-3,286.2
2026-09-21 12:48:20,20260921,10,10,6-5-4,143.9
2026-09-21 12:56:12,20260921,17,6,1-2-3,44.8
2026-09-21 12:56:12,20260921,17,6,1-2-4,67.7
2026-09-21 12:56:12,20260921,17,6,1-2-5,25.5
2026-09-21 12:56:12,20260921,17,6,1-2-6,47.0
2026-09-21 12:56:12,20260921,17,6,1-3-2,43.1
2026-09-21 12:56:12,20260921,17,6,1-3-4,39.3
2026-09-21 12:56:12,20260921,17,6,1-3-5,11.2
2026-09-21 12:56:12,20260921,17,6,1-3-6,19.5
2026-09-21 12:56:12,20260921,17,6,1-4-2,69.0
2026-09-21 12:56:12,20260921,17,6,1-4-3,54.5
2026-09-21 12:56:12,20260921,17,6,1-4-5,17.9
2026-09-21 12:56:12,20260921,17,6,1-4-6,25.2
2026-09-21 12:56:12,20260921,17,6,1-5-2,21.5
2026-09-21 12:56:12,20260921,17,6,1-5-3,9.8
2026-09-21 12:56:12,20260921,17,6,1-5-4,15.3
2026-09-21 12:56:12,20260921,17,6,1-5-6,4.8
2026-09-21 12:56:12,20260921,17,6,1-6-2,58.2
2026-09-21 12:56:12,20260921,17,6,1-6-3,26.4
2026-09-21 12:56:12,20260921,17,6,1-6-4,33.5
2026-09-21 12:56:12,20260921,17,6,1-6-5,9.1
2026-09-21 12:56:12,20260921,17,6,2-1-3,287.6
2026-09-21 12:56:12,20260921,17,6,2-1-4,533.9
2026-09-21 12:56:12,20260921,17,6,2-1-5,362.0
2026-09-21 12:56:12,20260921,17,6,2-1-6,757.3
2026-09-21 12:56:12,20260921,17,6,2-3-1,488.2
2026-09-21 12:56:12,20260921,17,6,2-3-4,773.0
2026-09-21 12:56:12,20260921,17,6,2-3-5,976.5
2026-09-21 12:56:12,20260921,17,6,2-3-6,1649.0
2026-09-21 12:56:12,20260921,17,6,2-4-1,1124.0
2026-09-21 12:56:12,20260921,17,6,2-4-3,1060.0
2026-09-21 12:56:12,20260921,17,6,2-4-5,1514.0
2026-09-21 12:56:12,20260921,17,6,2-4-6,1767.0
2026-09-21 12:56:12,20260921,17,6,2-5-1,693.6
2026-09-21 12:56:12,20260921,17,6,2-5-3,1124.0
2026-09-21 12:56:12,20260921,17,6,2-5-4,1455.0
2026-09-21 12:56:12,20260921,17,6,2-5-6,1124.0
2026-09-21 12:56:12,20260921,17,6,2-6-1,1649.0
2026-09-21 12:56:12,20260921,17,6,2-6-3,2061.0
2026-09-21 12:56:12,20260921,17,6,2-6-4,2559.0
2026-09-21 12:56:12,20260921,17,6,2-6-5,1484.0
2026-09-21 12:56:12,20260921,17,6,3-1-2,300.4
2026-09-21 12:56:12,20260921,17,6,3-1-4,313.1
2026-09-21 12:56:12,20260921,17,6,3-1-5,149.0
2026-09-21 12:56:12,20260921,17,6,3-1-6,324.0
2026-09-21 12:56:12,20260921,17,6,3-2-1,519.0
2026-09-21 12:56:12,20260921,17,6,3-2-4,598.5
2026-09-21 12:56:12,20260921,17,6,3-2-5,798.0
2026-09-21 12:56:12,20260921,17,6,3-2-6,1030.0
2026-09-21 12:56:12,20260921,17,6,3-4-1,765.1
2026-09-21 12:56:12,20260921,17,6,3-4-2,939.4
2026-09-21 12:56:12,20260921,17,6,3-4-5,989.5
2026-09-21 12:56:12,20260921,17,6,3-4-6,951.5
2026-09-21 12:56:12,20260921,17,6,3-5-1,217.6
2026-09-21 12:56:12,20260921,17,6,3-5-2,662.6
2026-09-21 12:56:12,20260921,17,6,3-5-4,1141.0
2026-09-21 12:56:12,20260921,17,6,3-5-6,351.7
2026-09-21 12:56:12,20260921,17,6,3-6-1,618.4
2026-09-21 12:56:12,20260921,17,6,3-6-2,1579.0
2026-09-21 12:56:12,20260921,17,6,3-6-4,1546.0
2026-09-21 12:56:12,20260921,17,6,3-6-5,530.1
2026-09-21 12:56:12,20260921,17,6,4-1-2,656.7
2026-09-21 12:56:12,20260921,17,6,4-1-3,508.3
2026-09-21 12:56:12,20260921,17,6,4-1-5,182.3
2026-09-21 12:56:12,20260921,17,6,4-1-6,224.2
2026-09-21 12:56:12,20260921,17,6,4-2-1,1236.0
2026-09-21 12:56:12,20260921,17,6,4-2-3,765.1
2026-09-21 12:56:12,20260921,17,6,4-2-5,1400.0
2026-09-21 12:56:12,20260921,17,6,4-2-6,951.5
2026-09-21 12:56:12,20260921,17,6,4-3-1,1030.0
2026-09-21 12:56:12,20260921,17,6,4-3-2,1374.0
2026-09-21 12:56:12,20260921,17,6,4-3-5,1455.0
2026-09-21 12:56:12,20260921,17,6,4-3-6,1349.0
2026-09-21 12:56:12,20260921,17,6,4-5-1,286.5
2026-09-21 12:56:12,20260921,17,6,4-5-2,1325.0
2026-09-21 12:56:12,20260921,17,6,4-5-3,1045.0
2026-09-21 12:56:12,20260921,17,6,4-5-6,332.8
2026-09-21 12:56:12,20260921,17,6,4-6-1,394.7
2026-09-21 12:56:12,20260921,17,6,4-6-2,1649.0
2026-09-21 12:56:12,20260921,17,6,4-6-3,1546.0
2026-09-21 12:56:12,20260921,17,6,4-6-5,498.1
2026-09-21 12:56:12,20260921,17,6,5-1-2,101.5
2026-09-21 12:56:12,20260921,17,6,5-1-3,64.9
2026-09-21 12:56:12,20260921,17,6,5-1-4,84.9
2026-09-21 12:56:12,20260921,17,6,5-1-6,25.5
2026-09-21 12:56:12,20260921,17,6,5-2-1,218.2
2026-09-21 12:56:12,20260921,17,6,5-2-3,1091.0
2026-09-21 12:56:12,20260921,17,6,5-2-4,1236.0
2026-09-21 12:56:12,20260921,17,6,5-2-6,873.1
2026-09-21 12:56:12,20260921,17,6,5-3-1,126.4
2026-09-21 12:56:12,20260921,17,6,5-3-2,963.8
2026-09-21 12:56:12,20260921,17,6,5-3-4,1075.0
2026-09-21 12:56:12,20260921,17,6,5-3-6,382.5
2026-09-21 12:56:12,20260921,17,6,5-4-1,161.3
2026-09-21 12:56:12,20260921,17,6,5-4-2,1514.0
2026-09-21 12:56:12,20260921,17,6,5-4-3,1279.0
2026-09-21 12:56:12,20260921,17,6,5-4-6,412.3
2026-09-21 12:56:12,20260921,17,6,5-6-1,37.2
2026-09-21 12:56:12,20260921,17,6,5-6-2,382.5
2026-09-21 12:56:12,20260921,17,6,5-6-3,202.2
2026-09-21 12:56:12,20260921,17,6,5-6-4,213.8
2026-09-21 12:56:12,20260921,17,6,6-1-2,351.7
2026-09-21 12:56:12,20260921,17,6,6-1-3,268.9
2026-09-21 12:56:12,20260921,17,6,6-1-4,338.8
2026-09-21 12:56:12,20260921,17,6,6-1-5,55.3
2026-09-21 12:56:12,20260921,17,6,6-2-1,1302.0
2026-09-21 12:56:12,20260921,17,6,6-2-3,2120.0
2026-09-21 12:56:12,20260921,17,6,6-2-4,2854.0
2026-09-21 12:56:12,20260921,17,6,6-2-5,1649.0
2026-09-21 12:56:12,20260921,17,6,6-3-1,623.6
2026-09-21 12:56:12,20260921,17,6,6-3-2,2120.0
2026-09-21 12:56:12,20260921,17,6,6-3-4,1374.0
2026-09-21 12:56:12,20260921,17,6,6-3-5,628.9
2026-09-21 12:56:12,20260921,17,6,6-4-1,511.8
2026-09-21 12:56:12,20260921,17,6,6-4-2,2650.0
2026-09-21 12:56:12,20260921,17,6,6-4-3,2005.0
2026-09-21 12:56:12,20260921,17,6,6-4-5,853.0
2026-09-21 12:56:12,20260921,17,6,6-5-1,60.2
2026-09-21 12:56:12,20260921,17,6,6-5-2,749.6
2026-09-21 12:56:12,20260921,17,6,6-5-3,407.7
2026-09-21 12:56:12,20260921,17,6,6-5-4,455.3
2026-09-21 13:04:11,20260921,18,10,1-2-3,24.9
2026-09-21 13:04:11,20260921,18,10,1-2-4,30.7
2026-09-21 13:04:11,20260921,18,10,1-2-5,69.0
2026-09-21 13:04:11,20260921,18,10,1-2-6,44.8
2026-09-21 13:04:11,20260921,18,10,1-3-2,34.3
2026-09-21 13:04:11,20260921,18,10,1-3-4,53.0
2026-09-21 13:04:11,20260921,18,10,1-3-5,67.1
2026-09-21 13:04:11,20260921,18,10,1-3-6,55.2
2026-09-21 13:04:11,20260921,18,10,1-4-2,43.9
2026-09-21 13:04:11,20260921,18,10,1-4-3,69.2
2026-09-21 13:04:11,20260921,18,10,1-4-5,93.7
2026-09-21 13:04:11,20260921,18,10,1-4-6,70.2
2026-09-21 13:04:11,20260921,18,10,1-5-2,78.5
2026-09-21 13:04:11,20260921,18,10,1-5-3,110.4
2026-09-21 13:04:11,20260921,18,10,1-5-4,145.1
2026-09-21 13:04:11,20260921,18,10,1-5-6,191.1
2026-09-21 13:04:11,20260921,18,10,1-6-2,83.8
2026-09-21 13:04:11,20260921,18,10,1-6-3,108.0
2026-09-21 13:04:11,20260921,18,10,1-6-4,103.5
2026-09-21 13:04:11,20260921,18,10,1-6-5,223.4
2026-09-21 13:04:11,20260921,18,10,2-1-3,39.7
2026-09-21 13:04:11,20260921,18,10,2-1-4,39.3
2026-09-21 13:04:11,20260921,18,10,2-1-5,92.4
2026-09-21 13:04:11,20260921,18,10,2-1-6,60.6
2026-09-21 13:04:11,20260921,18,10,2-3-1,40.4
2026-09-21 13:04:11,20260921,18,10,2-3-4,27.5
2026-09-21 13:04:11,20260921,18,10,2-3-5,70.5
2026-09-21 13:04:11,20260921,18,10,2-3-6,25.5
2026-09-21 13:04:11,20260921,18,10,2-4-1,43.9
2026-09-21 13:04:11,20260921,18,10,2-4-3,39.7
2026-09-21 13:04:11,20260921,18,10,2-4-5,123.5
2026-09-21 13:04:11,20260921,18,10,2-4-6,31.2
2026-09-21 13:04:11,20260921,18,10,2-5-1,116.2
2026-09-21 13:04:11,20260921,18,10,2-5-3,180.7
2026-09-21 13:04:11,20260921,18,10,2-5-4,175.9
2026-09-21 13:04:11,20260921,18,10,2-5-6,161.6
2026-09-21 13:04:11,20260921,18,10,2-6-1,95.1
2026-09-21 13:04:11,20260921,18,10,2-6-3,39.8
2026-09-21 13:04:11,20260921,18,10,2-6-4,42.4
2026-09-21 13:04:11,20260921,18,10,2-6-5,189.3
2026-09-21 13:04:11,20260921,18,10,3-1-2,59.1
2026-09-21 13:04:11,20260921,18,10,3-1-4,66.9
2026-09-21 13:04:11,20260921,18,10,3-1-5,96.5
2026-09-21 13:04:11,20260921,18,10,3-1-6,77.0
2026-09-21 13:04:11,20260921,18,10,3-2-1,71.5
2026-09-21 13:04:11,20260921,18,10,3-2-4,39.2
2026-09-21 13:04:11,20260921,18,10,3-2-5,83.5
2026-09-21 13:04:11,20260921,18,10,3-2-6,37.7
2026-09-21 13:04:11,20260921,18,10,3-4-1,77.0
2026-09-21 13:04:11,20260921,18,10,3-4-2,62.7
2026-09-21 13:04:11,20260921,18,10,3-4-5,127.4
2026-09-21 13:04:11,20260921,18,10,3-4-6,81.8
2026-09-21 13:04:11,20260921,18,10,3-5-1,172.9
2026-09-21 13:04:11,20260921,18,10,3-5-2,157.8
2026-09-21 13:04:11,20260921,18,10,3-5-4,185.8
2026-09-21 13:04:11,20260921,18,10,3-5-6,242.4
2026-09-21 13:04:11,20260921,18,10,3-6-1,152.9
2026-09-21 13:04:11,20260921,18,10,3-6-2,49.8
2026-09-21 13:04:11,20260921,18,10,3-6-4,105.7
2026-09-21 13:04:11,20260921,18,10,3-6-5,231.2
2026-09-21 13:04:11,20260921,18,10,4-1-2,87.2
2026-09-21 13:04:11,20260921,18,10,4-1-3,127.4
2026-09-21 13:04:11,20260921,18,10,4-1-5,125.8
2026-09-21 13:04:11,20260921,18,10,4-1-6,111.0
2026-09-21 13:04:11,20260921,18,10,4-2-1,92.4
2026-09-21 13:04:11,20260921,18,10,4-2-3,54.7
2026-09-21 13:04:11,20260921,18,10,4-2-5,144.0
2026-09-21 13:04:11,20260921,18,10,4-2-6,46.8
2026-09-21 13:04:11,20260921,18,10,4-3-1,144.0
2026-09-21 13:04:11,20260921,18,10,4-3-2,87.2
2026-09-21 13:04:11,20260921,18,10,4-3-5,159.0
2026-09-21 13:04:11,20260921,18,10,4-3-6,104.6
2026-09-21 13:04:11,20260921,18,10,4-5-1,193.0
2026-09-21 13:04:11,20260921,18,10,4-5-2,171.4
2026-09-21 13:04:11,20260921,18,10,4-5-3,211.5
2026-09-21 13:04:11,20260921,18,10,4-5-6,125.8
2026-09-21 13:04:11,20260921,18,10,4-6-1,156.5
2026-09-21 13:04:11,20260921,18,10,4-6-2,61.5
2026-09-21 13:04:11,20260921,18,10,4-6-3,134.3
2026-09-21 13:04:11,20260921,18,10,4-6-5,155.3
2026-09-21 13:04:11,20260921,18,10,5-1-2,121.2
2026-09-21 13:04:11,20260921,18,10,5-1-3,172.9
2026-09-21 13:04:11,20260921,18,10,5-1-4,185.8
2026-09-21 13:04:11,20260921,18,10,5-1-6,174.4
2026-09-21 13:04:11,20260921,18,10,5-2-1,160.3
2026-09-21 13:04:11,20260921,18,10,5-2-3,231.2
2026-09-21 13:04:11,20260921,18,10,5-2-4,225.9
2026-09-21 13:04:11,20260921,18,10,5-2-6,236.7
2026-09-21 13:04:11,20260921,18,10,5-3-1,292.4
2026-09-21 13:04:11,20260921,18,10,5-3-2,320.7
2026-09-21 13:04:11,20260921,18,10,5-3-4,272.3
2026-09-21 13:04:11,20260921,18,10,5-3-6,397.6
2026-09-21 13:04:11,20260921,18,10,5-4-1,254.9
2026-09-21 13:04:11,20260921,18,10,5-4-2,280.0
2026-09-21 13:04:11,20260921,18,10,5-4-3,320.7
2026-09-21 13:04:11,20260921,18,10,5-4-6,245.4
2026-09-21 13:04:11,20260921,18,10,5-6-1,320.7
2026-09-21 13:04:11,20260921,18,10,5-6-2,216.1
2026-09-21 13:04:11,20260921,18,10,5-6-3,320.7
2026-09-21 13:04:11,20260921,18,10,5-6-4,196.8
2026-09-21 13:04:11,20260921,18,10,6-1-2,149.5
2026-09-21 13:04:11,20260921,18,10,6-1-3,211.5
2026-09-21 13:04:11,20260921,18,10,6-1-4,231.2
2026-09-21 13:04:11,20260921,18,10,6-1-5,361.5
2026-09-21 13:04:11,20260921,18,10,6-2-1,162.9
2026-09-21 13:04:11,20260921,18,10,6-2-3,68.8
2026-09-21 13:04:11,20260921,18,10,6-2-4,70.7
2026-09-21 13:04:11,20260921,18,10,6-2-5,236.7
2026-09-21 13:04:11,20260921,18,10,6-3-1,228.5
2026-09-21 13:04:11,20260921,18,10,6-3-2,112.9
2026-09-21 13:04:11,20260921,18,10,6-3-4,157.8
2026-09-21 13:04:11,20260921,18,10,6-3-5,389.8
2026-09-21 13:04:11,20260921,18,10,6-4-1,204.9
2026-09-21 13:04:11,20260921,18,10,6-4-2,81.8
2026-09-21 13:04:11,20260921,18,10,6-4-3,151.7
2026-09-21 13:04:11,20260921,18,10,6-4-5,265.1
2026-09-21 13:04:11,20260921,18,10,6-5-1,305.9
2026-09-21 13:04:11,20260921,18,10,6-5-2,261.6
2026-09-21 13:04:11,20260921,18,10,6-5-3,348.8
2026-09-21 13:04:11,20260921,18,10,6-5-4,236.7
2026-09-21 13:09:42,20260921,6,5,1-2-3,48.8
2026-09-21 13:09:42,20260921,6,5,1-2-4,85.4
2026-09-21 13:09:42,20260921,6,5,1-2-5,186.4
2026-09-21 13:09:42,20260921,6,5,1-2-6,210.4
2026-09-21 13:09:42,20260921,6,5,1-3-2,30.1
2026-09-21 13:09:42,20260921,6,5,1-3-4,13.0
2026-09-21 13:09:42,20260921,6,5,1-3-5,60.2
2026-09-21 13:09:42,20260921,6,5,1-3-6,29.8
2026-09-21 13:09:42,20260921,6,5,1-4-2,86.7
2026-09-21 13:09:42,20260921,6,5,1-4-3,28.1
2026-09-21 13:09:42,20260921,6,5,1-4-5,138.1
2026-09-21 13:09:42,20260921,6,5,1-4-6,81.9
2026-09-21 13:09:42,20260921,6,5,1-5-2,237.3
2026-09-21 13:09:42,20260921,6,5,1-5-3,152.6
2026-09-21 13:09:42,20260921,6,5,1-5-4,207.2
2026-09-21 13:09:42,20260921,6,5,1-5-6,280.5
2026-09-21 13:09:42,20260921,6,5,1-6-2,267.0
2026-09-21 13:09:42,20260921,6,5,1-6-3,95.7
2026-09-21 13:09:42,20260921,6,5,1-6-4,157.8
2026-09-21 13:09:42,20260921,6,5,1-6-5,338.7
2026-09-21 13:09:42,20260921,6,5,2-1-3,129.7
2026-09-21 13:09:42,20260921,6,5,2-1-4,218.7
2026-09-21 13:09:42,20260921,6,5,2-1-5,272.3
2026-09-21 13:09:42,20260921,6,5,2-1-6,338.7
2026-09-21 13:09:42,20260921,6,5,2-3-1,129.1
2026-09-21 13:09:42,20260921,6,5,2-3-4,71.2
2026-09-21 13:09:42,20260921,6,5,2-3-5,181.5
2026-09-21 13:09:42,20260921,6,5,2-3-6,91.9
2026-09-21 13:09:42,20260921,6,5,2-4-1,275.0
2026-09-21 13:09:42,20260921,6,5,2-4-3,82.9
2026-09-21 13:09:42,20260921,6,5,2-4-5,334.6
2026-09-21 13:09:42,20260921,6,5,2-4-6,180.3
2026-09-21 13:09:42,20260921,6,5,2-5-1,365.4
2026-09-21 13:09:42,20260921,6,5,2-5-3,295.4
2026-09-21 13:09:42,20260921,6,5,2-5-4,440.8
2026-09-21 13:09:42,20260921,6,5,2-5-6,277.7
2026-09-21 13:09:42,20260921,6,5,2-6-1,223.9
2026-09-21 13:09:42,20260921,6,5,2-6-3,105.2
2026-09-21 13:09:42,20260921,6,5,2-6-4,154.3
2026-09-21 13:09:42,20260921,6,5,2-6-5,169.3
2026-09-21 13:09:42,20260921,6,5,3-1-2,30.5
2026-09-21 13:09:42,20260921,6,5,3-1-4,9.0
2026-09-21 13:09:42,20260921,6,5,3-1-5,51.5
2026-09-21 13:09:42,20260921,6,5,3-1-6,20.6
2026-09-21 13:09:42,20260921,6,5,3-2-1,74.4
2026-09-21 13:09:42,20260921,6,5,3-2-4,47.3
2026-09-21 13:09:42,20260921,6,5,3-2-5,129.7
2026-09-21 13:09:42,20260921,6,5,3-2-6,71.2
2026-09-21 13:09:42,20260921,6,5,3-4-1,11.1
2026-09-21 13:09:42,20260921,6,5,3-4-2,30.2
2026-09-21 13:09:42,20260921,6,5,3-4-5,53.6
2026-09-21 13:09:42,20260921,6,5,3-4-6,13.1
2026-09-21 13:09:42,20260921,6,5,3-5-1,124.5
2026-09-21 13:09:42,20260921,6,5,3-5-2,143.9
2026-09-21 13:09:42,20260921,6,5,3-5-4,98.4
2026-09-21 13:09:42,20260921,6,5,3-5-6,119.7
2026-09-21 13:09:42,20260921,6,5,3-6-1,54.2
2026-09-21 13:09:42,20260921,6,5,3-6-2,64.7
2026-09-21 13:09:42,20260921,6,5,3-6-4,35.3
2026-09-21 13:09:42,20260921,6,5,3-6-5,104.4
2026-09-21 13:09:42,20260921,6,5,4-1-2,179.1
2026-09-21 13:09:42,20260921,6,5,4-1-3,52.1
2026-09-21 13:09:42,20260921,6,5,4-1-5,204.2
2026-09-21 13:09:42,20260921,6,5,4-1-6,116.7
2026-09-21 13:09:42,20260921,6,5,4-2-1,308.6
2026-09-21 13:09:42,20260921,6,5,4-2-3,83.1
2026-09-21 13:09:42,20260921,6,5,4-2-5,487.2
2026-09-21 13:09:42,20260921,6,5,4-2-6,205.7
2026-09-21 13:09:42,20260921,6,5,4-3-1,35.8
2026-09-21 13:09:42,20260921,6,5,4-3-2,58.8
2026-09-21 13:09:42,20260921,6,5,4-3-5,124.5
2026-09-21 13:09:42,20260921,6,5,4-3-6,36.7
2026-09-21 13:09:42,20260921,6,5,4-5-1,326.7
2026-09-21 13:09:42,20260921,6,5,4-5-2,247.9
2026-09-21 13:09:42,20260921,6,5,4-5-3,185.1
2026-09-21 13:09:42,20260921,6,5,4-5-6,277.7
2026-09-21 13:09:42,20260921,6,5,4-6-1,154.3
2026-09-21 13:09:42,20260921,6,5,4-6-2,190.2
2026-09-21 13:09:42,20260921,6,5,4-6-3,61.8
2026-09-21 13:09:42,20260921,6,5,4-6-5,235.3
2026-09-21 13:09:42,20260921,6,5,5-1-2,322.9
2026-09-21 13:09:42,20260921,6,5,5-1-3,330.6
2026-09-21 13:09:42,20260921,6,5,5-1-4,375.3
2026-09-21 13:09:42,20260921,6,5,5-1-6,440.8
2026-09-21 13:09:42,20260921,6,5,5-2-1,408.4
2026-09-21 13:09:42,20260921,6,5,5-2-3,385.7
2026-09-21 13:09:42,20260921,6,5,5-2-4,578.6
2026-09-21 13:09:42,20260921,6,5,5-2-6,402.5
2026-09-21 13:09:42,20260921,6,5,5-3-1,356.0
2026-09-21 13:09:42,20260921,6,5,5-3-2,305.2
2026-09-21 13:09:42,20260921,6,5,5-3-4,298.6
2026-09-21 13:09:42,20260921,6,5,5-3-6,356.0
2026-09-21 13:09:42,20260921,6,5,5-4-1,396.7
2026-09-21 13:09:42,20260921,6,5,5-4-2,750.6
2026-09-21 13:09:42,20260921,6,5,5-4-3,330.6
2026-09-21 13:09:42,20260921,6,5,5-4-6,462.9
2026-09-21 13:09:42,20260921,6,5,5-6-1,1068.0
2026-09-21 13:09:42,20260921,6,5,5-6-2,315.6
2026-09-21 13:09:42,20260921,6,5,5-6-3,440.8
2026-09-21 13:09:42,20260921,6,5,5-6-4,534.1
2026-09-21 13:09:42,20260921,6,5,6-1-2,478.8
2026-09-21 13:09:42,20260921,6,5,6-1-3,227.6
2026-09-21 13:09:42,20260921,6,5,6-1-4,433.9
2026-09-21 13:09:42,20260921,6,5,6-1-5,841.6
2026-09-21 13:09:42,20260921,6,5,6-2-1,505.0
2026-09-21 13:09:42,20260921,6,5,6-2-3,227.6
2026-09-21 13:09:42,20260921,6,5,6-2-4,370.3
2026-09-21 13:09:42,20260921,6,5,6-2-5,487.2
2026-09-21 13:09:42,20260921,6,5,6-3-1,171.4
2026-09-21 13:09:42,20260921,6,5,6-3-2,213.6
2026-09-21 13:09:42,20260921,6,5,6-3-4,76.3
2026-09-21 13:09:42,20260921,6,5,6-3-5,402.5
2026-09-21 13:09:42,20260921,6,5,6-4-1,289.3
2026-09-21 13:09:42,20260921,6,5,6-4-2,342.9
2026-09-21 13:09:42,20260921,6,5,6-4-3,96.7
2026-09-21 13:09:42,20260921,6,5,6-4-5,360.7
2026-09-21 13:09:42,20260921,6,5,6-5-1,925.8
2026-09-21 13:09:42,20260921,6,5,6-5-2,578.6
2026-09-21 13:09:42,20260921,6,5,6-5-3,617.2
2026-09-21 13:09:42,20260921,6,5,6-5-4,433.9
2026-09-21 13:12:31,20260921,16,6,1-2-3,49.4
2026-09-21 13:12:31,20260921,16,6,1-2-4,126.9
2026-09-21 13:12:31,20260921,16,6,1-2-5,174.8
2026-09-21 13:12:31,20260921,16,6,1-2-6,196.4
2026-09-21 13:12:31,20260921,16,6,1-3-2,107.8
2026-09-21 13:12:31,20260921,16,6,1-3-4,14.7
2026-09-21 13:12:31,20260921,16,6,1-3-5,55.3
2026-09-21 13:12:31,20260921,16,6,1-3-6,28.4
2026-09-21 13:12:31,20260921,16,6,1-4-2,116.5
2026-09-21 13:12:31,20260921,16,6,1-4-3,26.0
2026-09-21 13:12:31,20260921,16,6,1-4-5,112.0
2026-09-21 13:12:31,20260921,16,6,1-4-6,40.1
2026-09-21 13:12:31,20260921,16,6,1-5-2,137.8
2026-09-21 13:12:31,20260921,16,6,1-5-3,74.3
2026-09-21 13:12:31,20260921,16,6,1-5-4,155.8
2026-09-21 13:12:31,20260921,16,6,1-5-6,125.8
2026-09-21 13:12:31,20260921,16,6,1-6-2,121.5
2026-09-21 13:12:31,20260921,16,6,1-6-3,42.0
2026-09-21 13:12:31,20260921,16,6,1-6-4,80.1
2026-09-21 13:12:31,20260921,16,6,1-6-5,104.6
2026-09-21 13:12:31,20260921,16,6,2-1-3,217.2
2026-09-21 13:12:31,20260921,16,6,2-1-4,231.3
2026-09-21 13:12:31,20260921,16,6,2-1-5,157.5
2026-09-21 13:12:31,20260921,16,6,2-1-6,243.0
2026-09-21 13:12:31,20260921,16,6,2-3-1,204.8
2026-09-21 13:12:31,20260921,16,6,2-3-4,152.5
2026-09-21 13:12:31,20260921,16,6,2-3-5,265.5
2026-09-21 13:12:31,20260921,16,6,2-3-6,256.0
2026-09-21 13:12:31,20260921,16,6,2-4-1,239.0
2026-09-21 13:12:31,20260921,16,6,2-4-3,136.5
2026-09-21 13:12:31,20260921,16,6,2-4-5,243.0
2026-09-21 13:12:31,20260921,16,6,2-4-6,140.6
2026-09-21 13:12:31,20260921,16,6,2-5-1,275.7
2026-09-21 13:12:31,20260921,16,6,2-5-3,318.7
2026-09-21 13:12:31,20260921,16,6,2-5-4,260.7
2026-09-21 13:12:31,20260921,16,6,2-5-6,217.2
2026-09-21 13:12:31,20260921,16,6,2-6-1,298.7
2026-09-21 13:12:31,20260921,16,6,2-6-3,358.5
2026-09-21 13:12:31,20260921,16,6,2-6-4,235.1
2026-09-21 13:12:31,20260921,16,6,2-6-5,239.0
2026-09-21 13:12:31,20260921,16,6,3-1-2,90.7
2026-09-21 13:12:31,20260921,16,6,3-1-4,16.0
2026-09-21 13:12:31,20260921,16,6,3-1-5,47.3
2026-09-21 13:12:31,20260921,16,6,3-1-6,25.5
2026-09-21 13:12:31,20260921,16,6,3-2-1,174.8
2026-09-21 13:12:31,20260921,16,6,3-2-4,105.4
2026-09-21 13:12:31,20260921,16,6,3-2-5,157.5
2026-09-21 13:12:31,20260921,16,6,3-2-6,139.2
2026-09-21 13:12:31,20260921,16,6,3-4-1,17.1
2026-09-21 13:12:31,20260921,16,6,3-4-2,60.5
2026-09-21 13:12:31,20260921,16,6,3-4-5,45.6
2026-09-21 13:12:31,20260921,16,6,3-4-6,10.7
2026-09-21 13:12:31,20260921,16,6,3-5-1,100.9
2026-09-21 13:12:31,20260921,16,6,3-5-2,147.8
2026-09-21 13:12:31,20260921,16,6,3-5-4,112.9
2026-09-21 13:12:31,20260921,16,6,3-5-6,94.9
2026-09-21 13:12:31,20260921,16,6,3-6-1,41.9
2026-09-21 13:12:31,20260921,16,6,3-6-2,122.5
2026-09-21 13:12:31,20260921,16,6,3-6-4,20.5
2026-09-21 13:12:31,20260921,16,6,3-6-5,83.3
2026-09-21 13:12:31,20260921,16,6,4-1-2,170.7
2026-09-21 13:12:31,20260921,16,6,4-1-3,46.8
2026-09-21 13:12:31,20260921,16,6,4-1-5,139.2
2026-09-21 13:12:31,20260921,16,6,4-1-6,67.0
2026-09-21 13:12:31,20260921,16,6,4-2-1,298.7
2026-09-21 13:12:31,20260921,16,6,4-2-3,204.8
2026-09-21 13:12:31,20260921,16,6,4-2-5,341.4
2026-09-21 13:12:31,20260921,16,6,4-2-6,174.8
2026-09-21 13:12:31,20260921,16,6,4-3-1,36.1
2026-09-21 13:12:31,20260921,16,6,4-3-2,98.2
2026-09-21 13:12:31,20260921,16,6,4-3-5,76.2
2026-09-21 13:12:31,20260921,16,6,4-3-6,21.9
2026-09-21 13:12:31,20260921,16,6,4-5-1,191.2
2026-09-21 13:12:31,20260921,16,6,4-5-2,341.4
2026-09-21 13:12:31,20260921,16,6,4-5-3,170.7
2026-09-21 13:12:31,20260921,16,6,4-5-6,129.2
2026-09-21 13:12:31,20260921,16,6,4-6-1,89.6
2026-09-21 13:12:31,20260921,16,6,4-6-2,183.8
2026-09-21 13:12:31,20260921,16,6,4-6-3,37.0
2026-09-21 13:12:31,20260921,16,6,4-6-5,150.9
2026-09-21 13:12:31,20260921,16,6,5-1-2,243.0
2026-09-21 13:12:31,20260921,16,6,5-1-3,132.7
2026-09-21 13:12:31,20260921,16,6,5-1-4,247.2
2026-09-21 13:12:31,20260921,16,6,5-1-6,134.0
2026-09-21 13:12:31,20260921,16,6,5-2-1,462.6
2026-09-21 13:12:31,20260921,16,6,5-2-3,349.7
2026-09-21 13:12:31,20260921,16,6,5-2-4,349.7
2026-09-21 13:12:31,20260921,16,6,5-2-6,275.7
2026-09-21 13:12:31,20260921,16,6,5-3-1,162.9
2026-09-21 13:12:31,20260921,16,6,5-3-2,377.4
2026-09-21 13:12:31,20260921,16,6,5-3-4,196.4
2026-09-21 13:12:31,20260921,16,6,5-3-6,227.6
2026-09-21 13:12:31,20260921,16,6,5-4-1,318.7
2026-09-21 13:12:31,20260921,16,6,5-4-2,623.5
2026-09-21 13:12:31,20260921,16,6,5-4-3,220.6
2026-09-21 13:12:31,20260921,16,6,5-4-6,227.6
2026-09-21 13:12:31,20260921,16,6,5-6-1,256.0
2026-09-21 13:12:31,20260921,16,6,5-6-2,367.7
2026-09-21 13:12:31,20260921,16,6,5-6-3,235.1
2026-09-21 13:12:31,20260921,16,6,5-6-4,183.8
2026-09-21 13:12:31,20260921,16,6,6-1-2,409.7
2026-09-21 13:12:31,20260921,16,6,6-1-3,130.3
2026-09-21 13:12:31,20260921,16,6,6-1-4,210.9
2026-09-21 13:12:31,20260921,16,6,6-1-5,349.7
2026-09-21 13:12:31,20260921,16,6,6-2-1,717.0
2026-09-21 13:12:31,20260921,16,6,6-2-3,448.1
2026-09-21 13:12:31,20260921,16,6,6-2-4,597.5
2026-09-21 13:12:31,20260921,16,6,6-2-5,717.0
2026-09-21 13:12:31,20260921,16,6,6-3-1,139.2
2026-09-21 13:12:31,20260921,16,6,6-3-2,494.5
2026-09-21 13:12:31,20260921,16,6,6-3-4,45.8
2026-09-21 13:12:31,20260921,16,6,6-3-5,247.2
2026-09-21 13:12:31,20260921,16,6,6-4-1,207.8
2026-09-21 13:12:31,20260921,16,6,6-4-2,349.7
2026-09-21 13:12:31,20260921,16,6,6-4-3,50.8
2026-09-21 13:12:31,20260921,16,6,6-4-5,220.6
2026-09-21 13:12:31,20260921,16,6,6-5-1,305.1
2026-09-21 13:12:31,20260921,16,6,6-5-2,434.5
2026-09-21 13:12:31,20260921,16,6,6-5-3,281.2
2026-09-21 13:12:31,20260921,16,6,6-5-4,224.0
2026-09-21 13:15:23,20260921,13,7,1-2-3,6.5
2026-09-21 13:15:23,20260921,13,7,1-2-4,4.5
2026-09-21 13:15:23,20260921,13,7,1-2-5,18.3
2026-09-21 13:15:23,20260921,13,7,1-2-6,8.0
2026-09-21 13:15:23,20260921,13,7,1-3-2,13.4
2026-09-21 13:15:23,20260921,13,7,1-3-4,25.2
2026-09-21 13:15:23,20260921,13,7,1-3-5,48.6
2026-09-21 13:15:23,20260921,13,7,1-3-6,41.6
2026-09-21 13:15:23,20260921,13,7,1-4-2,8.8
2026-09-21 13:15:23,20260921,13,7,1-4-3,23.7
2026-09-21 13:15:23,20260921,13,7,1-4-5,33.4
2026-09-21 13:15:23,20260921,13,7,1-4-6,18.0
2026-09-21 13:15:23,20260921,13,7,1-5-2,38.6
2026-09-21 13:15:23,20260921,13,7,1-5-3,69.3
2026-09-21 13:15:23,20260921,13,7,1-5-4,74.4
2026-09-21 13:15:23,20260921,13,7,1-5-6,67.1
2026-09-21 13:15:23,20260921,13,7,1-6-2,19.4
2026-09-21 13:15:23,20260921,13,7,1-6-3,62.5
2026-09-21 13:15:23,20260921,13,7,1-6-4,35.3
2026-09-21 13:15:23,20260921,13,7,1-6-5,75.3
2026-09-21 13:15:23,20260921,13,7,2-1-3,116.7
2026-09-21 13:15:23,20260921,13,7,2-1-4,81.6
2026-09-21 13:15:23,20260921,13,7,2-1-5,186.5
2026-09-21 13:15:23,20260921,13,7,2-1-6,78.9
2026-09-21 13:15:23,20260921,13,7,2-3-1,393.4
2026-09-21 13:15:23,20260921,13,7,2-3-4,503.9
2026-09-21 13:15:23,20260921,13,7,2-3-5,512.9
2026-09-21 13:15:23,20260921,13,7,2-3-6,844.8
2026-09-21 13:15:23,20260921,13,7,2-4-1,231.6
2026-09-21 13:15:23,20260921,13,7,2-4-3,470.9
2026-09-21 13:15:23,20260921,13,7,2-4-5,897.6
2026-09-21 13:15:23,20260921,13,7,2-4-6,486.8
2026-09-21 13:15:23,20260921,13,7,2-5-1,470.9
2026-09-21 13:15:23,20260921,13,7,2-5-3,541.9
2026-09-21 13:15:23,20260921,13,7,2-5-4,820.7
2026-09-21 13:15:23,20260921,13,7,2-5-6,668.0
2026-09-21 13:15:23,20260921,13,7,2-6-1,299.2
2026-09-21 13:15:23,20260921,13,7,2-6-3,1511.0
2026-09-21 13:15:23,20260921,13,7,2-6-4,718.1
2026-09-21 13:15:23,20260921,13,7,2-6-5,1025.0
2026-09-21 13:15:23,20260921,13,7,3-1-2,217.6
2026-09-21 13:15:23,20260921,13,7,3-1-4,315.6
2026-09-21 13:15:23,20260921,13,7,3-1-5,237.3
2026-09-21 13:15:23,20260921,13,7,3-1-6,422.4
2026-09-21 13:15:23,20260921,13,7,3-2-1,373.0
2026-09-21 13:15:23,20260921,13,7,3-2-4,495.2
2026-09-21 13:15:23,20260921,13,7,3-2-5,495.2
2026-09-21 13:15:23,20260921,13,7,3-2-6,652.8
2026-09-21 13:15:23,20260921,13,7,3-4-1,638.3
2026-09-21 13:15:23,20260921,13,7,3-4-2,638.3
2026-09-21 13:15:23,20260921,13,7,3-4-5,1595.0
2026-09-21 13:15:23,20260921,13,7,3-4-6,1196.0
2026-09-21 13:15:23,20260921,13,7,3-5-1,455.9
2026-09-21 13:15:23,20260921,13,7,3-5-2,503.9
2026-09-21 13:15:23,20260921,13,7,3-5-4,1367.0
2026-09-21 13:15:23,20260921,13,7,3-5-6,718.1
2026-09-21 13:15:23,20260921,13,7,3-6-1,797.9
2026-09-21 13:15:23,20260921,13,7,3-6-2,870.4
2026-09-21 13:15:23,20260921,13,7,3-6-4,1915.0
2026-09-21 13:15:23,20260921,13,7,3-6-5,1689.0
2026-09-21 13:15:23,20260921,13,7,4-1-2,121.7
2026-09-21 13:15:23,20260921,13,7,4-1-3,276.2
2026-09-21 13:15:23,20260921,13,7,4-1-5,159.5
2026-09-21 13:15:23,20260921,13,7,4-1-6,211.2
2026-09-21 13:15:23,20260921,13,7,4-2-1,254.2
2026-09-21 13:15:23,20260921,13,7,4-2-3,870.4
2026-09-21 13:15:23,20260921,13,7,4-2-5,668.0
2026-09-21 13:15:23,20260921,13,7,4-2-6,398.9
2026-09-21 13:15:23,20260921,13,7,4-3-1,718.1
2026-09-21 13:15:23,20260921,13,7,4-3-2,1063.0
2026-09-21 13:15:23,20260921,13,7,4-3-5,1367.0
2026-09-21 13:15:23,20260921,13,7,4-3-6,926.6
2026-09-21 13:15:23,20260921,13,7,4-5-1,416.3
2026-09-21 13:15:23,20260921,13,7,4-5-2,844.8
2026-09-21 13:15:23,20260921,13,7,4-5-3,897.6
2026-09-21 13:15:23,20260921,13,7,4-5-6,512.9
2026-09-21 13:15:23,20260921,13,7,4-6-1,552.4
2026-09-21 13:15:23,20260921,13,7,4-6-2,486.8
2026-09-21 13:15:23,20260921,13,7,4-6-3,1689.0
2026-09-21 13:15:23,20260921,13,7,4-6-5,1305.0
2026-09-21 13:15:23,20260921,13,7,5-1-2,377.9
2026-09-21 13:15:23,20260921,13,7,5-1-3,398.9
2026-09-21 13:15:23,20260921,13,7,5-1-4,368.2
2026-09-21 13:15:23,20260921,13,7,5-1-6,354.6
2026-09-21 13:15:23,20260921,13,7,5-2-1,611.1
2026-09-21 13:15:23,20260921,13,7,5-2-3,668.0
2026-09-21 13:15:23,20260921,13,7,5-2-4,897.6
2026-09-21 13:15:23,20260921,13,7,5-2-6,683.9
2026-09-21 13:15:23,20260921,13,7,5-3-1,820.7
2026-09-21 13:15:23,20260921,13,7,5-3-2,897.6
2026-09-21 13:15:23,20260921,13,7,5-3-4,1795.0
2026-09-21 13:15:23,20260921,13,7,5-3-6,1915.0
2026-09-21 13:15:23,20260921,13,7,5-4-1,512.9
2026-09-21 13:15:23,20260921,13,7,5-4-2,1305.0
2026-09-21 13:15:23,20260921,13,7,5-4-3,1915.0
2026-09-21 13:15:23,20260921,13,7,5-4-6,1248.0
2026-09-21 13:15:23,20260921,13,7,5-6-1,1063.0
2026-09-21 13:15:23,20260921,13,7,5-6-2,844.8
2026-09-21 13:15:23,20260921,13,7,5-6-3,1248.0
2026-09-21 13:15:23,20260921,13,7,5-6-4,1196.0
2026-09-21 13:15:23,20260921,13,7,6-1-2,191.5
2026-09-21 13:15:23,20260921,13,7,6-1-3,755.9
2026-09-21 13:15:23,20260921,13,7,6-1-4,718.1
2026-09-21 13:15:23,20260921,13,7,6-1-5,820.7
2026-09-21 13:15:23,20260921,13,7,6-2-1,377.9
2026-09-21 13:15:23,20260921,13,7,6-2-3,1367.0
2026-09-21 13:15:23,20260921,13,7,6-2-4,797.9
2026-09-21 13:15:23,20260921,13,7,6-2-5,1305.0
2026-09-21 13:15:23,20260921,13,7,6-3-1,1511.0
2026-09-21 13:15:23,20260921,13,7,6-3-2,1595.0
2026-09-21 13:15:23,20260921,13,7,6-3-4,1436.0
2026-09-21 13:15:23,20260921,13,7,6-3-5,2393.0
2026-09-21 13:15:23,20260921,13,7,6-4-1,820.7
2026-09-21 13:15:23,20260921,13,7,6-4-2,926.6
2026-09-21 13:15:23,20260921,13,7,6-4-3,1595.0
2026-09-21 13:15:23,20260921,13,7,6-4-5,2393.0
2026-09-21 13:15:23,20260921,13,7,6-5-1,1104.0
2026-09-21 13:15:23,20260921,13,7,6-5-2,683.9
2026-09-21 13:15:23,20260921,13,7,6-5-3,2393.0
2026-09-21 13:15:23,20260921,13,7,6-5-4,2393.0
2026-09-21 13:18:15,20260921,5,7,1-2-3,22.6
2026-09-21 13:18:15,20260921,5,7,1-2-4,8.4
2026-09-21 13:18:15,20260921,5,7,1-2-5,17.4
2026-09-21 13:18:15,20260921,5,7,1-2-6,31.1
2026-09-21 13:18:15,20260921,5,7,1-3-2,32.5
2026-09-21 13:18:15,20260921,5,7,1-3-4,18.1
2026-09-21 13:18:15,20260921,5,7,1-3-5,34.1
2026-09-21 13:18:15,20260921,5,7,1-3-6,39.9
2026-09-21 13:18:15,20260921,5,7,1-4-2,8.8
2026-09-21 13:18:15,20260921,5,7,1-4-3,21.7
2026-09-21 13:18:15,20260921,5,7,1-4-5,11.8
2026-09-21 13:18:15,20260921,5,7,1-4-6,21.3
2026-09-21 13:18:15,20260921,5,7,1-5-2,29.9
2026-09-21 13:18:15,20260921,5,7,1-5-3,48.5
2026-09-21 13:18:15,20260921,5,7,1-5-4,24.3
2026-09-21 13:18:15,20260921,5,7,1-5-6,46.0
2026-09-21 13:18:15,20260921,5,7,1-6-2,88.5
2026-09-21 13:18:15,20260921,5,7,1-6-3,98.2
2026-09-21 13:18:15,20260921,5,7,1-6-4,70.5
2026-09-21 13:18:15,20260921,5,7,1-6-5,95.8
2026-09-21 13:18:15,20260921,5,7,2-1-3,106.9
2026-09-21 13:18:15,20260921,5,7,2-1-4,46.3
2026-09-21 13:18:15,20260921,5,7,2-1-5,81.6
2026-09-21 13:18:15,20260921,5,7,2-1-6,100.9
2026-09-21 13:18:15,20260921,5,7,2-3-1,300.9
2026-09-21 13:18:15,20260921,5,7,2-3-4,303.8
2026-09-21 13:18:15,20260921,5,7,2-3-5,431.7
2026-09-21 13:18:15,20260921,5,7,2-3-6,450.6
2026-09-21 13:18:15,20260921,5,7,2-4-1,84.7
2026-09-21 13:18:15,20260921,5,7,2-4-3,323.0
2026-09-21 13:18:15,20260921,5,7,2-4-5,197.8
2026-09-21 13:18:15,20260921,5,7,2-4-6,213.8
2026-09-21 13:18:15,20260921,5,7,2-5-1,228.1
2026-09-21 13:18:15,20260921,5,7,2-5-3,464.2
2026-09-21 13:18:15,20260921,5,7,2-5-4,308.9
2026-09-21 13:18:15,20260921,5,7,2-5-6,332.3
2026-09-21 13:18:15,20260921,5,7,2-6-1,418.0
2026-09-21 13:18:15,20260921,5,7,2-6-3,615.8
2026-09-21 13:18:15,20260921,5,7,2-6-4,408.7
2026-09-21 13:18:15,20260921,5,7,2-6-5,461.9
2026-09-21 13:18:15,20260921,5,7,3-1-2,219.9
2026-09-21 13:18:15,20260921,5,7,3-1-4,162.0
2026-09-21 13:18:15,20260921,5,7,3-1-5,156.5
2026-09-21 13:18:15,20260921,5,7,3-1-6,221.0
2026-09-21 13:18:15,20260921,5,7,3-2-1,459.6
2026-09-21 13:18:15,20260921,5,7,3-2-4,286.0
2026-09-21 13:18:15,20260921,5,7,3-2-5,442.0
2026-09-21 13:18:15,20260921,5,7,3-2-6,563.3
2026-09-21 13:18:15,20260921,5,7,3-4-1,269.3
2026-09-21 13:18:15,20260921,5,7,3-4-2,388.1
2026-09-21 13:18:15,20260921,5,7,3-4-5,394.8
2026-09-21 13:18:15,20260921,5,7,3-4-6,406.9
2026-09-21 13:18:15,20260921,5,7,3-5-1,488.8
2026-09-21 13:18:15,20260921,5,7,3-5-2,494.0
2026-09-21 13:18:15,20260921,5,7,3-5-4,603.8
2026-09-21 13:18:15,20260921,5,7,3-5-6,563.3
2026-09-21 13:18:15,20260921,5,7,3-6-1,507.6
2026-09-21 13:18:15,20260921,5,7,3-6-2,745.0
2026-09-21 13:18:15,20260921,5,7,3-6-4,607.7
2026-09-21 13:18:15,20260921,5,7,3-6-5,659.8
2026-09-21 13:18:15,20260921,5,7,4-1-2,35.4
2026-09-21 13:18:15,20260921,5,7,4-1-3,105.2
2026-09-21 13:18:15,20260921,5,7,4-1-5,31.4
2026-09-21 13:18:15,20260921,5,7,4-1-6,61.1
2026-09-21 13:18:15,20260921,5,7,4-2-1,73.8
2026-09-21 13:18:15,20260921,5,7,4-2-3,280.8
2026-09-21 13:18:15,20260921,5,7,4-2-5,137.6
2026-09-21 13:18:15,20260921,5,7,4-2-6,177.6
2026-09-21 13:18:15,20260921,5,7,4-3-1,235.0
2026-09-21 13:18:15,20260921,5,7,4-3-2,388.1
2026-09-21 13:18:15,20260921,5,7,4-3-5,306.9
2026-09-21 13:18:15,20260921,5,7,4-3-6,372.5
2026-09-21 13:18:15,20260921,5,7,4-5-1,40.9
2026-09-21 13:18:15,20260921,5,7,4-5-2,90.3
2026-09-21 13:18:15,20260921,5,7,4-5-3,189.3
2026-09-21 13:18:15,20260921,5,7,4-5-6,48.9
2026-09-21 13:18:15,20260921,5,7,4-6-1,141.6
2026-09-21 13:18:15,20260921,5,7,4-6-2,185.1
2026-09-21 13:18:15,20260921,5,7,4-6-3,363.7
2026-09-21 13:18:15,20260921,5,7,4-6-5,99.7
2026-09-21 13:18:15,20260921,5,7,5-1-2,148.2
2026-09-21 13:18:15,20260921,5,7,5-1-3,283.3
2026-09-21 13:18:15,20260921,5,7,5-1-4,114.0
2026-09-21 13:18:15,20260921,5,7,5-1-6,168.2
2026-09-21 13:18:15,20260921,5,7,5-2-1,297.0
2026-09-21 13:18:15,20260921,5,7,5-2-3,553.1
2026-09-21 13:18:15,20260921,5,7,5-2-4,353.9
2026-09-21 13:18:15,20260921,5,7,5-2-6,305.9
2026-09-21 13:18:15,20260921,5,7,5-3-1,745.0
2026-09-21 13:18:15,20260921,5,7,5-3-2,824.8
2026-09-21 13:18:15,20260921,5,7,5-3-4,769.8
2026-09-21 13:18:15,20260921,5,7,5-3-6,727.4
2026-09-21 13:18:15,20260921,5,7,5-4-1,95.0
2026-09-21 13:18:15,20260921,5,7,5-4-2,235.0
2026-09-21 13:18:15,20260921,5,7,5-4-3,359.4
2026-09-21 13:18:15,20260921,5,7,5-4-6,126.2
2026-09-21 13:18:15,20260921,5,7,5-6-1,442.0
2026-09-21 13:18:15,20260921,5,7,5-6-2,468.9
2026-09-21 13:18:15,20260921,5,7,5-6-3,674.3
2026-09-21 13:18:15,20260921,5,7,5-6-4,388.1
2026-09-21 13:18:15,20260921,5,7,6-1-2,365.1
2026-09-21 13:18:15,20260921,5,7,6-1-3,592.2
2026-09-21 13:18:15,20260921,5,7,6-1-4,464.2
2026-09-21 13:18:15,20260921,5,7,6-1-5,637.1
2026-09-21 13:18:15,20260921,5,7,6-2-1,716.1
2026-09-21 13:18:15,20260921,5,7,6-2-3,942.6
2026-09-21 13:18:15,20260921,5,7,6-2-4,699.8
2026-09-21 13:18:15,20260921,5,7,6-2-5,694.6
2026-09-21 13:18:15,20260921,5,7,6-3-1,669.4
2026-09-21 13:18:15,20260921,5,7,6-3-2,796.4
2026-09-21 13:18:15,20260921,5,7,6-3-4,745.0
2026-09-21 13:18:15,20260921,5,7,6-3-5,942.6
2026-09-21 13:18:15,20260921,5,7,6-4-1,399.9
2026-09-21 13:18:15,20260921,5,7,6-4-2,543.4
2026-09-21 13:18:15,20260921,5,7,6-4-3,923.8
2026-09-21 13:18:15,20260921,5,7,6-4-5,581.0
2026-09-21 13:18:15,20260921,5,7,6-5-1,727.4
2026-09-21 13:18:15,20260921,5,7,6-5-2,796.4
2026-09-21 13:18:15,20260921,5,7,6-5-3,1199.0
2026-09-21 13:18:15,20260921,5,7,6-5-4,615.8
2026-09-21 13:28:38,20260921,17,7,1-2-3,17.9
2026-09-21 13:28:38,20260921,17,7,1-2-4,72.2
2026-09-21 13:28:38,20260921,17,7,1-2-5,203.6
2026-09-21 13:28:38,20260921,17,7,1-2-6,34.1
2026-09-21 13:28:38,20260921,17,7,1-3-2,9.3
2026-09-21 13:28:38,20260921,17,7,1-3-4,18.9
2026-09-21 13:28:38,20260921,17,7,1-3-5,91.2
2026-09-21 13:28:38,20260921,17,7,1-3-6,6.8
2026-09-21 13:28:38,20260921,17,7,1-4-2,121.3
2026-09-21 13:28:38,20260921,17,7,1-4-3,65.6
2026-09-21 13:28:38,20260921,17,7,1-4-5,239.2
2026-09-21 13:28:38,20260921,17,7,1-4-6,93.5
2026-09-21 13:28:38,20260921,17,7,1-5-2,372.2
2026-09-21 13:28:38,20260921,17,7,1-5-3,313.0
2026-09-21 13:28:38,20260921,17,7,1-5-4,273.4
2026-09-21 13:28:38,20260921,17,7,1-5-6,401.1
2026-09-21 13:28:38,20260921,17,7,1-6-2,34.8
2026-09-21 13:28:38,20260921,17,7,1-6-3,15.2
2026-09-21 13:28:38,20260921,17,7,1-6-4,63.3
2026-09-21 13:28:38,20260921,17,7,1-6-5,264.8
2026-09-21 13:28:38,20260921,17,7,2-1-3,70.6
2026-09-21 13:28:38,20260921,17,7,2-1-4,227.8
2026-09-21 13:28:38,20260921,17,7,2-1-5,572.6
2026-09-21 13:28:38,20260921,17,7,2-1-6,150.5
2026-09-21 13:28:38,20260921,17,7,2-3-1,89.6
2026-09-21 13:28:38,20260921,17,7,2-3-4,295.1
2026-09-21 13:28:38,20260921,17,7,2-3-5,663.3
2026-09-21 13:28:38,20260921,17,7,2-3-6,161.4
2026-09-21 13:28:38,20260921,17,7,2-4-1,519.3
2026-09-21 13:28:38,20260921,17,7,2-4-3,418.7
2026-09-21 13:28:38,20260921,17,7,2-4-5,905.4
2026-09-21 13:28:38,20260921,17,7,2-4-6,418.7
2026-09-21 13:28:38,20260921,17,7,2-5-1,1135.0
2026-09-21 13:28:38,20260921,17,7,2-5-3,999.9
2026-09-21 13:28:38,20260921,17,7,2-5-4,1595.0
2026-09-21 13:28:38,20260921,17,7,2-5-6,1522.0
2026-09-21 13:28:38,20260921,17,7,2-6-1,261.7
2026-09-21 13:28:38,20260921,17,7,2-6-3,218.9
2026-09-21 13:28:38,20260921,17,7,2-6-4,485.5
2026-09-21 13:28:38,20260921,17,7,2-6-5,999.9
2026-09-21 13:28:38,20260921,17,7,3-1-2,15.9
2026-09-21 13:28:38,20260921,17,7,3-1-4,25.8
2026-09-21 13:28:38,20260921,17,7,3-1-5,90.6
2026-09-21 13:28:38,20260921,17,7,3-1-6,8.9
2026-09-21 13:28:38,20260921,17,7,3-2-1,42.2
2026-09-21 13:28:38,20260921,17,7,3-2-4,162.6
2026-09-21 13:28:38,20260921,17,7,3-2-5,403.6
2026-09-21 13:28:38,20260921,17,7,3-2-6,64.9
2026-09-21 13:28:38,20260921,17,7,3-4-1,88.6
2026-09-21 13:28:38,20260921,17,7,3-4-2,218.9
2026-09-21 13:28:38,20260921,17,7,3-4-5,354.4
2026-09-21 13:28:38,20260921,17,7,3-4-6,75.7
2026-09-21 13:28:38,20260921,17,7,3-5-1,378.5
2026-09-21 13:28:38,20260921,17,7,3-5-2,489.0
2026-09-21 13:28:38,20260921,17,7,3-5-4,572.6
2026-09-21 13:28:38,20260921,17,7,3-5-6,316.0
2026-09-21 13:28:38,20260921,17,7,3-6-1,14.8
2026-09-21 13:28:38,20260921,17,7,3-6-2,35.8
2026-09-21 13:28:38,20260921,17,7,3-6-4,50.1
2026-09-21 13:28:38,20260921,17,7,3-6-5,151.9
2026-09-21 13:28:38,20260921,17,7,4-1-2,503.7
2026-09-21 13:28:38,20260921,17,7,4-1-3,204.8
2026-09-21 13:28:38,20260921,17,7,4-1-5,587.7
2026-09-21 13:28:38,20260921,17,7,4-1-6,293.8
2026-09-21 13:28:38,20260921,17,7,4-2-1,807.2
2026-09-21 13:28:38,20260921,17,7,4-2-3,492.6
2026-09-21 13:28:38,20260921,17,7,4-2-5,999.9
2026-09-21 13:28:38,20260921,17,7,4-2-6,418.7
2026-09-21 13:28:38,20260921,17,7,4-3-1,249.9
2026-09-21 13:28:38,20260921,17,7,4-3-2,587.7
2026-09-21 13:28:38,20260921,17,7,4-3-5,1155.0
2026-09-21 13:28:38,20260921,17,7,4-3-6,264.8
2026-09-21 13:28:38,20260921,17,7,4-5-1,1595.0
2026-09-21 13:28:38,20260921,17,7,4-5-2,1488.0
2026-09-21 13:28:38,20260921,17,7,4-5-3,1522.0
2026-09-21 13:28:38,20260921,17,7,4-5-6,1135.0
2026-09-21 13:28:38,20260921,17,7,4-6-1,507.5
2026-09-21 13:28:38,20260921,17,7,4-6-2,489.0
2026-09-21 13:28:38,20260921,17,7,4-6-3,328.4
2026-09-21 13:28:38,20260921,17,7,4-6-5,1030.0
2026-09-21 13:28:38,20260921,17,7,5-1-2,1264.0
2026-09-21 13:28:38,20260921,17,7,5-1-3,744.4
2026-09-21 13:28:38,20260921,17,7,5-1-4,881.5
2026-09-21 13:28:38,20260921,17,7,5-1-6,837.4
2026-09-21 13:28:38,20260921,17,7,5-2-1,1135.0
2026-09-21 13:28:38,20260921,17,7,5-2-3,1288.0
2026-09-21 13:28:38,20260921,17,7,5-2-4,563.0
2026-09-21 13:28:38,20260921,17,7,5-2-6,1367.0
2026-09-21 13:28:38,20260921,17,7,5-3-1,999.9
2026-09-21 13:28:38,20260921,17,7,5-3-2,1488.0
2026-09-21 13:28:38,20260921,17,7,5-3-4,1717.0
2026-09-21 13:28:38,20260921,17,7,5-3-6,1313.0
2026-09-21 13:28:38,20260921,17,7,5-4-1,2093.0
2026-09-21 13:28:38,20260921,17,7,5-4-2,2233.0
2026-09-21 13:28:38,20260921,17,7,5-4-3,2576.0
2026-09-21 13:28:38,20260921,17,7,5-4-6,2233.0
2026-09-21 13:28:38,20260921,17,7,5-6-1,1175.0
2026-09-21 13:28:38,20260921,17,7,5-6-2,1218.0
2026-09-21 13:28:38,20260921,17,7,5-6-3,957.1
2026-09-21 13:28:38,20260921,17,7,5-6-4,1240.0
2026-09-21 13:28:38,20260921,17,7,6-1-2,52.2
2026-09-21 13:28:38,20260921,17,7,6-1-3,25.0
2026-09-21 13:28:38,20260921,17,7,6-1-4,116.9
2026-09-21 13:28:38,20260921,17,7,6-1-5,222.5
2026-09-21 13:28:38,20260921,17,7,6-2-1,106.0
2026-09-21 13:28:38,20260921,17,7,6-2-3,96.2
2026-09-21 13:28:38,20260921,17,7,6-2-4,220.3
2026-09-21 13:28:38,20260921,17,7,6-2-5,503.7
2026-09-21 13:28:38,20260921,17,7,6-3-1,27.8
2026-09-21 13:28:38,20260921,17,7,6-3-2,58.6
2026-09-21 13:28:38,20260921,17,7,6-3-4,95.1
2026-09-21 13:28:38,20260921,17,7,6-3-5,248.1
2026-09-21 13:28:38,20260921,17,7,6-4-1,281.5
2026-09-21 13:28:38,20260921,17,7,6-4-2,378.5
2026-09-21 13:28:38,20260921,17,7,6-4-3,216.1
2026-09-21 13:28:38,20260921,17,7,6-4-5,761.3
2026-09-21 13:28:38,20260921,17,7,6-5-1,372.2
2026-09-21 13:28:38,20260921,17,7,6-5-2,676.7
2026-09-21 13:28:38,20260921,17,7,6-5-3,416.1
2026-09-21 13:28:38,20260921,17,7,6-5-4,632.0
2026-09-21 13:36:40,20260921,18,11,1-2-3,35.1
2026-09-21 13:36:40,20260921,18,11,1-2-4,35.1
2026-09-21 13:36:40,20260921,18,11,1-2-5,25.0
2026-09-21 13:36:40,20260921,18,11,1-2-6,41.1
2026-09-21 13:36:40,20260921,18,11,1-3-2,51.7
2026-09-21 13:36:40,20260921,18,11,1-3-4,58.3
2026-09-21 13:36:40,20260921,18,11,1-3-5,35.4
2026-09-21 13:36:40,20260921,18,11,1-3-6,51.8
2026-09-21 13:36:40,20260921,18,11,1-4-2,37.2
2026-09-21 13:36:40,20260921,18,11,1-4-3,58.3
2026-09-21 13:36:40,20260921,18,11,1-4-5,13.0
2026-09-21 13:36:40,20260921,18,11,1-4-6,22.9
2026-09-21 13:36:40,20260921,18,11,1-5-2,28.5
2026-09-21 13:36:40,20260921,18,11,1-5-3,47.2
2026-09-21 13:36:40,20260921,18,11,1-5-4,16.0
2026-09-21 13:36:40,20260921,18,11,1-5-6,20.9
2026-09-21 13:36:40,20260921,18,11,1-6-2,98.0
2026-09-21 13:36:40,20260921,18,11,1-6-3,137.0
2026-09-21 13:36:40,20260921,18,11,1-6-4,51.1
2026-09-21 13:36:40,20260921,18,11,1-6-5,45.2
2026-09-21 13:36:40,20260921,18,11,2-1-3,105.6
2026-09-21 13:36:40,20260921,18,11,2-1-4,91.3
2026-09-21 13:36:40,20260921,18,11,2-1-5,100.4
2026-09-21 13:36:40,20260921,18,11,2-1-6,163.6
2026-09-21 13:36:40,20260921,18,11,2-3-1,253.6
2026-09-21 13:36:40,20260921,18,11,2-3-4,349.8
2026-09-21 13:36:40,20260921,18,11,2-3-5,274.1
2026-09-21 13:36:40,20260921,18,11,2-3-6,375.7
2026-09-21 13:36:40,20260921,18,11,2-4-1,162.3
2026-09-21 13:36:40,20260921,18,11,2-4-3,285.7
2026-09-21 13:36:40,20260921,18,11,2-4-5,241.5
2026-09-21 13:36:40,20260921,18,11,2-4-6,215.8
2026-09-21 13:36:40,20260921,18,11,2-5-1,166.3
2026-09-21 13:36:40,20260921,18,11,2-5-3,312.1
2026-09-21 13:36:40,20260921,18,11,2-5-4,220.5
2026-09-21 13:36:40,20260921,18,11,2-5-6,145.9
2026-09-21 13:36:40,20260921,18,11,2-6-1,414.0
2026-09-21 13:36:40,20260921,18,11,2-6-3,563.6
2026-09-21 13:36:40,20260921,18,11,2-6-4,327.2
2026-09-21 13:36:40,20260921,18,11,2-6-5,298.3
2026-09-21 13:36:40,20260921,18,11,3-1-2,141.8
2026-09-21 13:36:40,20260921,18,11,3-1-4,132.6
2026-09-21 13:36:40,20260921,18,11,3-1-5,121.5
2026-09-21 13:36:40,20260921,18,11,3-1-6,186.1
2026-09-21 13:36:40,20260921,18,11,3-2-1,302.8
2026-09-21 13:36:40,20260921,18,11,3-2-4,289.8
2026-09-21 13:36:40,20260921,18,11,3-2-5,247.4
2026-09-21 13:36:40,20260921,18,11,3-2-6,375.7
2026-09-21 13:36:40,20260921,18,11,3-4-1,274.1
2026-09-21 13:36:40,20260921,18,11,3-4-2,277.9
2026-09-21 13:36:40,20260921,18,11,3-4-5,274.1
2026-09-21 13:36:40,20260921,18,11,3-4-6,327.2
2026-09-21 13:36:40,20260921,18,11,3-5-1,187.8
2026-09-21 13:36:40,20260921,18,11,3-5-2,285.7
2026-09-21 13:36:40,20260921,18,11,3-5-4,307.4
2026-09-21 13:36:40,20260921,18,11,3-5-6,260.1
2026-09-21 13:36:40,20260921,18,11,3-6-1,483.1
2026-09-21 13:36:40,20260921,18,11,3-6-2,579.7
2026-09-21 13:36:40,20260921,18,11,3-6-4,634.0
2026-09-21 13:36:40,20260921,18,11,3-6-5,483.1
2026-09-21 13:36:40,20260921,18,11,4-1-2,78.0
2026-09-21 13:36:40,20260921,18,11,4-1-3,184.4
2026-09-21 13:36:40,20260921,18,11,4-1-5,30.1
2026-09-21 13:36:40,20260921,18,11,4-1-6,60.5
2026-09-21 13:36:40,20260921,18,11,4-2-1,138.0
2026-09-21 13:36:40,20260921,18,11,4-2-3,235.9
2026-09-21 13:36:40,20260921,18,11,4-2-5,193.2
2026-09-21 13:36:40,20260921,18,11,4-2-6,184.4
2026-09-21 13:36:40,20260921,18,11,4-3-1,270.5
2026-09-21 13:36:40,20260921,18,11,4-3-2,483.1
2026-09-21 13:36:40,20260921,18,11,4-3-5,270.5
2026-09-21 13:36:40,20260921,18,11,4-3-6,332.6
2026-09-21 13:36:40,20260921,18,11,4-5-1,44.8
2026-09-21 13:36:40,20260921,18,11,4-5-2,154.8
2026-09-21 13:36:40,20260921,18,11,4-5-3,233.2
2026-09-21 13:36:40,20260921,18,11,4-5-6,31.7
2026-09-21 13:36:40,20260921,18,11,4-6-1,126.8
2026-09-21 13:36:40,20260921,18,11,4-6-2,177.9
2026-09-21 13:36:40,20260921,18,11,4-6-3,266.9
2026-09-21 13:36:40,20260921,18,11,4-6-5,53.1
2026-09-21 13:36:40,20260921,18,11,5-1-2,57.6
2026-09-21 13:36:40,20260921,18,11,5-1-3,81.1
2026-09-21 13:36:40,20260921,18,11,5-1-4,26.3
2026-09-21 13:36:40,20260921,18,11,5-1-6,30.6
2026-09-21 13:36:40,20260921,18,11,5-2-1,100.9
2026-09-21 13:36:40,20260921,18,11,5-2-3,202.9
2026-09-21 13:36:40,20260921,18,11,5-2-4,167.6
2026-09-21 13:36:40,20260921,18,11,5-2-6,134.3
2026-09-21 13:36:40,20260921,18,11,5-3-1,174.9
2026-09-21 13:36:40,20260921,18,11,5-3-2,338.1
2026-09-21 13:36:40,20260921,18,11,5-3-4,238.7
2026-09-21 13:36:40,20260921,18,11,5-3-6,213.5
2026-09-21 13:36:40,20260921,18,11,5-4-1,34.3
2026-09-21 13:36:40,20260921,18,11,5-4-2,147.0
2026-09-21 13:36:40,20260921,18,11,5-4-3,207.0
2026-09-21 13:36:40,20260921,18,11,5-4-6,25.1
2026-09-21 13:36:40,20260921,18,11,5-6-1,59.3
2026-09-21 13:36:40,20260921,18,11,5-6-2,148.1
2026-09-21 13:36:40,20260921,18,11,5-6-3,195.1
2026-09-21 13:36:40,20260921,18,11,5-6-4,38.9
2026-09-21 13:36:40,20260921,18,11,6-1-2,263.5
2026-09-21 13:36:40,20260921,18,11,6-1-3,355.9
2026-09-21 13:36:40,20260921,18,11,6-1-4,182.7
2026-09-21 13:36:40,20260921,18,11,6-1-5,166.3
2026-09-21 13:36:40,20260921,18,11,6-2-1,548.3
2026-09-21 13:36:40,20260921,18,11,6-2-3,422.7
2026-09-21 13:36:40,20260921,18,11,6-2-4,494.8
2026-09-21 13:36:40,20260921,18,11,6-2-5,422.7
2026-09-21 13:36:40,20260921,18,11,6-3-1,483.1
2026-09-21 13:36:40,20260921,18,11,6-3-2,724.6
2026-09-21 13:36:40,20260921,18,11,6-3-4,520.2
2026-09-21 13:36:40,20260921,18,11,6-3-5,414.0
2026-09-21 13:36:40,20260921,18,11,6-4-1,213.5
2026-09-21 13:36:40,20260921,18,11,6-4-2,579.7
2026-09-21 13:36:40,20260921,18,11,6-4-3,596.7
2026-09-21 13:36:40,20260921,18,11,6-4-5,98.9
2026-09-21 13:36:40,20260921,18,11,6-5-1,141.8
2026-09-21 13:36:40,20260921,18,11,6-5-2,343.9
2026-09-21 13:36:40,20260921,18,11,6-5-3,375.7
2026-09-21 13:36:40,20260921,18,11,6-5-4,85.9
2026-09-21 13:39:33,20260921,6,6,1-2-3,28.3
2026-09-21 13:39:33,20260921,6,6,1-2-4,35.7
2026-09-21 13:39:33,20260921,6,6,1-2-5,64.2
2026-09-21 13:39:33,20260921,6,6,1-2-6,114.5
2026-09-21 13:39:33,20260921,6,6,1-3-2,39.6
2026-09-21 13:39:33,20260921,6,6,1-3-4,45.5
2026-09-21 13:39:33,20260921,6,6,1-3-5,59.8
2026-09-21 13:39:33,20260921,6,6,1-3-6,132.2
2026-09-21 13:39:33,20260921,6,6,1-4-2,61.5
2026-09-21 13:39:33,20260921,6,6,1-4-3,62.9
2026-09-21 13:39:33,20260921,6,6,1-4-5,108.3
2026-09-21 13:39:33,20260921,6,6,1-4-6,126.9
2026-09-21 13:39:33,20260921,6,6,1-5-2,80.4
2026-09-21 13:39:33,20260921,6,6,1-5-3,81.6
2026-09-21 13:39:33,20260921,6,6,1-5-4,112.7
2026-09-21 13:39:33,20260921,6,6,1-5-6,150.1
2026-09-21 13:39:33,20260921,6,6,1-6-2,193.1
2026-09-21 13:39:33,20260921,6,6,1-6-3,201.9
2026-09-21 13:39:33,20260921,6,6,1-6-4,209.5
2026-09-21 13:39:33,20260921,6,6,1-6-5,255.3
2026-09-21 13:39:33,20260921,6,6,2-1-3,33.0
2026-09-21 13:39:33,20260921,6,6,2-1-4,26.7
2026-09-21 13:39:33,20260921,6,6,2-1-5,54.4
2026-09-21 13:39:33,20260921,6,6,2-1-6,120.7
2026-09-21 13:39:33,20260921,6,6,2-3-1,46.4
2026-09-21 13:39:33,20260921,6,6,2-3-4,17.9
2026-09-21 13:39:33,20260921,6,6,2-3-5,43.7
2026-09-21 13:39:33,20260921,6,6,2-3-6,68.3
2026-09-21 13:39:33,20260921,6,6,2-4-1,47.9
2026-09-21 13:39:33,20260921,6,6,2-4-3,17.4
2026-09-21 13:39:33,20260921,6,6,2-4-5,47.4
2026-09-21 13:39:33,20260921,6,6,2-4-6,37.9
2026-09-21 13:39:33,20260921,6,6,2-5-1,93.3
2026-09-21 13:39:33,20260921,6,6,2-5-3,67.3
2026-09-21 13:39:33,20260921,6,6,2-5-4,68.9
2026-09-21 13:39:33,20260921,6,6,2-5-6,119.4
2026-09-21 13:39:33,20260921,6,6,2-6-1,189.8
2026-09-21 13:39:33,20260921,6,6,2-6-3,108.9
2026-09-21 13:39:33,20260921,6,6,2-6-4,92.5
2026-09-21 13:39:33,20260921,6,6,2-6-5,149.1
2026-09-21 13:39:33,20260921,6,6,3-1-2,65.9
2026-09-21 13:39:33,20260921,6,6,3-1-4,62.7
2026-09-21 13:39:33,20260921,6,6,3-1-5,98.3
2026-09-21 13:39:33,20260921,6,6,3-1-6,170.8
2026-09-21 13:39:33,20260921,6,6,3-2-1,76.3
2026-09-21 13:39:33,20260921,6,6,3-2-4,31.2
2026-09-21 13:39:33,20260921,6,6,3-2-5,61.2
2026-09-21 13:39:33,20260921,6,6,3-2-6,101.4
2026-09-21 13:39:33,20260921,6,6,3-4-1,104.7
2026-09-21 13:39:33,20260921,6,6,3-4-2,28.7
2026-09-21 13:39:33,20260921,6,6,3-4-5,94.1
2026-09-21 13:39:33,20260921,6,6,3-4-6,133.8
2026-09-21 13:39:33,20260921,6,6,3-5-1,138.8
2026-09-21 13:39:33,20260921,6,6,3-5-2,83.8
2026-09-21 13:39:33,20260921,6,6,3-5-4,123.4
2026-09-21 13:39:33,20260921,6,6,3-5-6,115.1
2026-09-21 13:39:33,20260921,6,6,3-6-1,308.5
2026-09-21 13:39:33,20260921,6,6,3-6-2,152.1
2026-09-21 13:39:33,20260921,6,6,3-6-4,213.6
2026-09-21 13:39:33,20260921,6,6,3-6-5,205.7
2026-09-21 13:39:33,20260921,6,6,4-1-2,124.8
2026-09-21 13:39:33,20260921,6,6,4-1-3,157.5
2026-09-21 13:39:33,20260921,6,6,4-1-5,100.9
2026-09-21 13:39:33,20260921,6,6,4-1-6,255.3
2026-09-21 13:39:33,20260921,6,6,4-2-1,97.0
2026-09-21 13:39:33,20260921,6,6,4-2-3,36.2
2026-09-21 13:39:33,20260921,6,6,4-2-5,75.0
2026-09-21 13:39:33,20260921,6,6,4-2-6,69.4
2026-09-21 13:39:33,20260921,6,6,4-3-1,124.8
2026-09-21 13:39:33,20260921,6,6,4-3-2,30.6
2026-09-21 13:39:33,20260921,6,6,4-3-5,123.4
2026-09-21 13:39:33,20260921,6,6,4-3-6,64.0
2026-09-21 13:39:33,20260921,6,6,4-5-1,170.8
2026-09-21 13:39:33,20260921,6,6,4-5-2,94.5
2026-09-21 13:39:33,20260921,6,6,4-5-3,119.4
2026-09-21 13:39:33,20260921,6,6,4-5-6,120.7
2026-09-21 13:39:33,20260921,6,6,4-6-1,233.8
2026-09-21 13:39:33,20260921,6,6,4-6-2,110.5
2026-09-21 13:39:33,20260921,6,6,4-6-3,186.6
2026-09-21 13:39:33,20260921,6,6,4-6-5,160.9
2026-09-21 13:39:33,20260921,6,6,5-1-2,109.9
2026-09-21 13:39:33,20260921,6,6,5-1-3,95.7
2026-09-21 13:39:33,20260921,6,6,5-1-4,158.6
2026-09-21 13:39:33,20260921,6,6,5-1-6,169.5
2026-09-21 13:39:33,20260921,6,6,5-2-1,113.9
2026-09-21 13:39:33,20260921,6,6,5-2-3,81.6
2026-09-21 13:39:33,20260921,6,6,5-2-4,76.0
2026-09-21 13:39:33,20260921,6,6,5-2-6,127.6
2026-09-21 13:39:33,20260921,6,6,5-3-1,172.2
2026-09-21 13:39:33,20260921,6,6,5-3-2,115.7
2026-09-21 13:39:33,20260921,6,6,5-3-4,120.7
2026-09-21 13:39:33,20260921,6,6,5-3-6,182.1
2026-09-21 13:39:33,20260921,6,6,5-4-1,183.6
2026-09-21 13:39:33,20260921,6,6,5-4-2,123.4
2026-09-21 13:39:33,20260921,6,6,5-4-3,150.1
2026-09-21 13:39:33,20260921,6,6,5-4-6,180.6
2026-09-21 13:39:33,20260921,6,6,5-6-1,267.6
2026-09-21 13:39:33,20260921,6,6,5-6-2,209.5
2026-09-21 13:39:33,20260921,6,6,5-6-3,244.1
2026-09-21 13:39:33,20260921,6,6,5-6-4,185.1
2026-09-21 13:39:33,20260921,6,6,6-1-2,364.2
2026-09-21 13:39:33,20260921,6,6,6-1-3,555.4
2026-09-21 13:39:33,20260921,6,6,6-1-4,694.2
2026-09-21 13:39:33,20260921,6,6,6-1-5,600.4
2026-09-21 13:39:33,20260921,6,6,6-2-1,453.3
2026-09-21 13:39:33,20260921,6,6,6-2-3,277.7
2026-09-21 13:39:33,20260921,6,6,6-2-4,179.1
2026-09-21 13:39:33,20260921,6,6,6-2-5,462.8
2026-09-21 13:39:33,20260921,6,6,6-3-1,716.6
2026-09-21 13:39:33,20260921,6,6,6-3-2,281.2
2026-09-21 13:39:33,20260921,6,6,6-3-4,300.2
2026-09-21 13:39:33,20260921,6,6,6-3-5,584.6
2026-09-21 13:39:33,20260921,6,6,6-4-1,472.6
2026-09-21 13:39:33,20260921,6,6,6-4-2,189.8
2026-09-21 13:39:33,20260921,6,6,6-4-3,403.9
2026-09-21 13:39:33,20260921,6,6,6-4-5,331.5
2026-09-21 13:39:33,20260921,6,6,6-5-1,504.9
2026-09-21 13:39:33,20260921,6,6,6-5-2,472.6
2026-09-21 13:39:33,20260921,6,6,6-5-3,453.3
2026-09-21 13:39:33,20260921,6,6,6-5-4,376.5
2026-09-21 13:43:40,20260921,13,8,1-2-3,18.8
2026-09-21 13:43:40,20260921,13,8,1-2-4,19.9
2026-09-21 13:43:40,20260921,13,8,1-2-5,15.2
2026-09-21 13:43:40,20260921,13,8,1-2-6,43.4
2026-09-21 13:43:40,20260921,13,8,1-3-2,27.3
2026-09-21 13:43:40,20260921,13,8,1-3-4,19.8
2026-09-21 13:43:40,20260921,13,8,1-3-5,12.2
2026-09-21 13:43:40,20260921,13,8,1-3-6,46.1
2026-09-21 13:43:40,20260921,13,8,1-4-2,30.2
2026-09-21 13:43:40,20260921,13,8,1-4-3,28.0
2026-09-21 13:43:40,20260921,13,8,1-4-5,19.3
2026-09-21 13:43:40,20260921,13,8,1-4-6,40.7
2026-09-21 13:43:40,20260921,13,8,1-5-2,13.8
2026-09-21 13:43:40,20260921,13,8,1-5-3,14.4
2026-09-21 13:43:40,20260921,13,8,1-5-4,15.2
2026-09-21 13:43:40,20260921,13,8,1-5-6,14.6
2026-09-21 13:43:40,20260921,13,8,1-6-2,67.5
2026-09-21 13:43:40,20260921,13,8,1-6-3,81.1
2026-09-21 13:43:40,20260921,13,8,1-6-4,54.0
2026-09-21 13:43:40,20260921,13,8,1-6-5,41.1
2026-09-21 13:43:40,20260921,13,8,2-1-3,133.3
2026-09-21 13:43:40,20260921,13,8,2-1-4,173.2
2026-09-21 13:43:40,20260921,13,8,2-1-5,124.5
2026-09-21 13:43:40,20260921,13,8,2-1-6,200.6
2026-09-21 13:43:40,20260921,13,8,2-3-1,317.7
2026-09-21 13:43:40,20260921,13,8,2-3-4,405.5
2026-09-21 13:43:40,20260921,13,8,2-3-5,288.8
2026-09-21 13:43:40,20260921,13,8,2-3-6,657.3
2026-09-21 13:43:40,20260921,13,8,2-4-1,443.3
2026-09-21 13:43:40,20260921,13,8,2-4-3,476.5
2026-09-21 13:43:40,20260921,13,8,2-4-5,476.5
2026-09-21 13:43:40,20260921,13,8,2-4-6,453.8
2026-09-21 13:43:40,20260921,13,8,2-5-1,173.2
2026-09-21 13:43:40,20260921,13,8,2-5-3,288.8
2026-09-21 13:43:40,20260921,13,8,2-5-4,328.6
2026-09-21 13:43:40,20260921,13,8,2-5-6,118.4
2026-09-21 13:43:40,20260921,13,8,2-6-1,529.5
2026-09-21 13:43:40,20260921,13,8,2-6-3,1003.0
2026-09-21 13:43:40,20260921,13,8,2-6-4,657.3
2026-09-21 13:43:40,20260921,13,8,2-6-5,657.3
2026-09-21 13:43:40,20260921,13,8,3-1-2,158.8
2026-09-21 13:43:40,20260921,13,8,3-1-4,101.3
2026-09-21 13:43:40,20260921,13,8,3-1-5,62.0
2026-09-21 13:43:40,20260921,13,8,3-1-6,147.7
2026-09-21 13:43:40,20260921,13,8,3-2-1,280.3
2026-09-21 13:43:40,20260921,13,8,3-2-4,276.2
2026-09-21 13:43:40,20260921,13,8,3-2-5,229.6
2026-09-21 13:43:40,20260921,13,8,3-2-6,501.6
2026-09-21 13:43:40,20260921,13,8,3-4-1,183.2
2026-09-21 13:43:40,20260921,13,8,3-4-2,423.6
2026-09-21 13:43:40,20260921,13,8,3-4-5,276.2
2026-09-21 13:43:40,20260921,13,8,3-4-6,733.1
2026-09-21 13:43:40,20260921,13,8,3-5-1,100.8
2026-09-21 13:43:40,20260921,13,8,3-5-2,186.8
2026-09-21 13:43:40,20260921,13,8,3-5-4,317.7
2026-09-21 13:43:40,20260921,13,8,3-5-6,226.9
2026-09-21 13:43:40,20260921,13,8,3-6-1,381.2
2026-09-21 13:43:40,20260921,13,8,3-6-2,762.5
2026-09-21 13:43:40,20260921,13,8,3-6-4,529.5
2026-09-21 13:43:40,20260921,13,8,3-6-5,577.6
2026-09-21 13:43:40,20260921,13,8,4-1-2,198.5
2026-09-21 13:43:40,20260921,13,8,4-1-3,161.5
2026-09-21 13:43:40,20260921,13,8,4-1-5,77.4
2026-09-21 13:43:40,20260921,13,8,4-1-6,194.5
2026-09-21 13:43:40,20260921,13,8,4-2-1,353.0
2026-09-21 13:43:40,20260921,13,8,4-2-3,529.5
2026-09-21 13:43:40,20260921,13,8,4-2-5,443.3
2026-09-21 13:43:40,20260921,13,8,4-2-6,340.4
2026-09-21 13:43:40,20260921,13,8,4-3-1,443.3
2026-09-21 13:43:40,20260921,13,8,4-3-2,657.3
2026-09-21 13:43:40,20260921,13,8,4-3-5,488.7
2026-09-21 13:43:40,20260921,13,8,4-3-6,544.6
2026-09-21 13:43:40,20260921,13,8,4-5-1,173.2
2026-09-21 13:43:40,20260921,13,8,4-5-2,297.8
2026-09-21 13:43:40,20260921,13,8,4-5-3,359.6
2026-09-21 13:43:40,20260921,13,8,4-5-6,171.7
2026-09-21 13:43:40,20260921,13,8,4-6-1,560.6
2026-09-21 13:43:40,20260921,13,8,4-6-2,443.3
2026-09-21 13:43:40,20260921,13,8,4-6-3,762.5
2026-09-21 13:43:40,20260921,13,8,4-6-5,453.8
2026-09-21 13:43:40,20260921,13,8,5-1-2,44.2
2026-09-21 13:43:40,20260921,13,8,5-1-3,65.5
2026-09-21 13:43:40,20260921,13,8,5-1-4,62.9
2026-09-21 13:43:40,20260921,13,8,5-1-6,29.3
2026-09-21 13:43:40,20260921,13,8,5-2-1,152.5
2026-09-21 13:43:40,20260921,13,8,5-2-3,196.5
2026-09-21 13:43:40,20260921,13,8,5-2-4,297.8
2026-09-21 13:43:40,20260921,13,8,5-2-6,97.2
2026-09-21 13:43:40,20260921,13,8,5-3-1,135.1
2026-09-21 13:43:40,20260921,13,8,5-3-2,381.2
2026-09-21 13:43:40,20260921,13,8,5-3-4,476.5
2026-09-21 13:43:40,20260921,13,8,5-3-6,373.7
2026-09-21 13:43:40,20260921,13,8,5-4-1,114.1
2026-09-21 13:43:40,20260921,13,8,5-4-2,334.4
2026-09-21 13:43:40,20260921,13,8,5-4-3,464.9
2026-09-21 13:43:40,20260921,13,8,5-4-6,179.8
2026-09-21 13:43:40,20260921,13,8,5-6-1,58.1
2026-09-21 13:43:40,20260921,13,8,5-6-2,198.5
2026-09-21 13:43:40,20260921,13,8,5-6-3,202.7
2026-09-21 13:43:40,20260921,13,8,5-6-4,126.2
2026-09-21 13:43:40,20260921,13,8,6-1-2,268.4
2026-09-21 13:43:40,20260921,13,8,6-1-3,560.6
2026-09-21 13:43:40,20260921,13,8,6-1-4,560.6
2026-09-21 13:43:40,20260921,13,8,6-1-5,156.2
2026-09-21 13:43:40,20260921,13,8,6-2-1,501.6
2026-09-21 13:43:40,20260921,13,8,6-2-3,794.2
2026-09-21 13:43:40,20260921,13,8,6-2-4,706.0
2026-09-21 13:43:40,20260921,13,8,6-2-5,680.8
2026-09-21 13:43:40,20260921,13,8,6-3-1,828.8
2026-09-21 13:43:40,20260921,13,8,6-3-2,1361.0
2026-09-21 13:43:40,20260921,13,8,6-3-4,794.2
2026-09-21 13:43:40,20260921,13,8,6-3-5,1003.0
2026-09-21 13:43:40,20260921,13,8,6-4-1,866.4
2026-09-21 13:43:40,20260921,13,8,6-4-2,762.5
2026-09-21 13:43:40,20260921,13,8,6-4-3,1121.0
2026-09-21 13:43:40,20260921,13,8,6-4-5,635.4
2026-09-21 13:43:40,20260921,13,8,6-5-1,264.7
2026-09-21 13:43:40,20260921,13,8,6-5-2,476.5
2026-09-21 13:43:40,20260921,13,8,6-5-3,828.8
2026-09-21 13:43:40,20260921,13,8,6-5-4,397.1
2026-09-21 13:49:18,20260921,5,8,1-2-3,10.7
2026-09-21 13:49:18,20260921,5,8,1-2-4,10.7
2026-09-21 13:49:18,20260921,5,8,1-2-5,42.1
2026-09-21 13:49:18,20260921,5,8,1-2-6,43.0
2026-09-21 13:49:18,20260921,5,8,1-3-2,13.8
2026-09-21 13:49:18,20260921,5,8,1-3-4,7.0
2026-09-21 13:49:18,20260921,5,8,1-3-5,26.4
2026-09-21 13:49:18,20260921,5,8,1-3-6,36.1
2026-09-21 13:49:18,20260921,5,8,1-4-2,10.0
2026-09-21 13:49:18,20260921,5,8,1-4-3,8.9
2026-09-21 13:49:18,20260921,5,8,1-4-5,20.7
2026-09-21 13:49:18,20260921,5,8,1-4-6,28.1
2026-09-21 13:49:18,20260921,5,8,1-5-2,82.1
2026-09-21 13:49:18,20260921,5,8,1-5-3,75.0
2026-09-21 13:49:18,20260921,5,8,1-5-4,57.4
2026-09-21 13:49:18,20260921,5,8,1-5-6,126.7
2026-09-21 13:49:18,20260921,5,8,1-6-2,110.5
2026-09-21 13:49:18,20260921,5,8,1-6-3,118.5
2026-09-21 13:49:18,20260921,5,8,1-6-4,84.6
2026-09-21 13:49:18,20260921,5,8,1-6-5,195.4
2026-09-21 13:49:18,20260921,5,8,2-1-3,64.0
2026-09-21 13:49:18,20260921,5,8,2-1-4,58.5
2026-09-21 13:49:18,20260921,5,8,2-1-5,148.1
2026-09-21 13:49:18,20260921,5,8,2-1-6,130.4
2026-09-21 13:49:18,20260921,5,8,2-3-1,155.3
2026-09-21 13:49:18,20260921,5,8,2-3-4,182.7
2026-09-21 13:49:18,20260921,5,8,2-3-5,453.0
2026-09-21 13:49:18,20260921,5,8,2-3-6,430.6
2026-09-21 13:49:18,20260921,5,8,2-4-1,134.0
2026-09-21 13:49:18,20260921,5,8,2-4-3,209.5
2026-09-21 13:49:18,20260921,5,8,2-4-5,517.7
2026-09-21 13:49:18,20260921,5,8,2-4-6,330.7
2026-09-21 13:49:18,20260921,5,8,2-5-1,497.0
2026-09-21 13:49:18,20260921,5,8,2-5-3,630.3
2026-09-21 13:49:18,20260921,5,8,2-5-4,776.6
2026-09-21 13:49:18,20260921,5,8,2-5-6,690.3
2026-09-21 13:49:18,20260921,5,8,2-6-1,514.6
2026-09-21 13:49:18,20260921,5,8,2-6-3,625.7
2026-09-21 13:49:18,20260921,5,8,2-6-4,679.5
2026-09-21 13:49:18,20260921,5,8,2-6-5,730.9
2026-09-21 13:49:18,20260921,5,8,3-1-2,66.6
2026-09-21 13:49:18,20260921,5,8,3-1-4,32.9
2026-09-21 13:49:18,20260921,5,8,3-1-5,83.8
2026-09-21 13:49:18,20260921,5,8,3-1-6,126.2
2026-09-21 13:49:18,20260921,5,8,3-2-1,148.6
2026-09-21 13:49:18,20260921,5,8,3-2-4,132.7
2026-09-21 13:49:18,20260921,5,8,3-2-5,327.0
2026-09-21 13:49:18,20260921,5,8,3-2-6,391.8
2026-09-21 13:49:18,20260921,5,8,3-4-1,58.1
2026-09-21 13:49:18,20260921,5,8,3-4-2,137.1
2026-09-21 13:49:18,20260921,5,8,3-4-5,155.6
2026-09-21 13:49:18,20260921,5,8,3-4-6,184.2
2026-09-21 13:49:18,20260921,5,8,3-5-1,262.7
2026-09-21 13:49:18,20260921,5,8,3-5-2,460.2
2026-09-21 13:49:18,20260921,5,8,3-5-4,331.9
2026-09-21 13:49:18,20260921,5,8,3-5-6,499.9
2026-09-21 13:49:18,20260921,5,8,3-6-1,399.0
2026-09-21 13:49:18,20260921,5,8,3-6-2,644.3
2026-09-21 13:49:18,20260921,5,8,3-6-4,608.2
2026-09-21 13:49:18,20260921,5,8,3-6-5,756.3
2026-09-21 13:49:18,20260921,5,8,4-1-2,51.3
2026-09-21 13:49:18,20260921,5,8,4-1-3,44.0
2026-09-21 13:49:18,20260921,5,8,4-1-5,74.5
2026-09-21 13:49:18,20260921,5,8,4-1-6,112.9
2026-09-21 13:49:18,20260921,5,8,4-2-1,102.5
2026-09-21 13:49:18,20260921,5,8,4-2-3,177.8
2026-09-21 13:49:18,20260921,5,8,4-2-5,337.1
2026-09-21 13:49:18,20260921,5,8,4-2-6,288.0
2026-09-21 13:49:18,20260921,5,8,4-3-1,64.4
2026-09-21 13:49:18,20260921,5,8,4-3-2,172.5
2026-09-21 13:49:18,20260921,5,8,4-3-5,196.3
2026-09-21 13:49:18,20260921,5,8,4-3-6,237.0
2026-09-21 13:49:18,20260921,5,8,4-5-1,144.7
2026-09-21 13:49:18,20260921,5,8,4-5-2,357.9
2026-09-21 13:49:18,20260921,5,8,4-5-3,258.1
2026-09-21 13:49:18,20260921,5,8,4-5-6,253.5
2026-09-21 13:49:18,20260921,5,8,4-6-1,287.0
2026-09-21 13:49:18,20260921,5,8,4-6-2,388.3
2026-09-21 13:49:18,20260921,5,8,4-6-3,505.7
2026-09-21 13:49:18,20260921,5,8,4-6-5,467.6
2026-09-21 13:49:18,20260921,5,8,5-1-2,359.4
2026-09-21 13:49:18,20260921,5,8,5-1-3,307.3
2026-09-21 13:49:18,20260921,5,8,5-1-4,203.7
2026-09-21 13:49:18,20260921,5,8,5-1-6,320.9
2026-09-21 13:49:18,20260921,5,8,5-2-1,583.7
2026-09-21 13:49:18,20260921,5,8,5-2-3,669.0
2026-09-21 13:49:18,20260921,5,8,5-2-4,925.3
2026-09-21 13:49:18,20260921,5,8,5-2-6,404.5
2026-09-21 13:49:18,20260921,5,8,5-3-1,550.5
2026-09-21 13:49:18,20260921,5,8,5-3-2,812.9
2026-09-21 13:49:18,20260921,5,8,5-3-4,644.3
2026-09-21 13:49:18,20260921,5,8,5-3-6,1023.0
2026-09-21 13:49:18,20260921,5,8,5-4-1,264.3
2026-09-21 13:49:18,20260921,5,8,5-4-2,945.4
2026-09-21 13:49:18,20260921,5,8,5-4-3,448.3
2026-09-21 13:49:18,20260921,5,8,5-4-6,564.8
2026-09-21 13:49:18,20260921,5,8,5-6-1,844.4
2026-09-21 13:49:18,20260921,5,8,5-6-2,977.3
2026-09-21 13:49:18,20260921,5,8,5-6-3,988.4
2026-09-21 13:49:18,20260921,5,8,5-6-4,743.4
2026-09-21 13:49:18,20260921,5,8,6-1-2,412.2
2026-09-21 13:49:18,20260921,5,8,6-1-3,485.9
2026-09-21 13:49:18,20260921,5,8,6-1-4,530.3
2026-09-21 13:49:18,20260921,5,8,6-1-5,1047.0
2026-09-21 13:49:18,20260921,5,8,6-2-1,955.8
2026-09-21 13:49:18,20260921,5,8,6-2-3,955.8
2026-09-21 13:49:18,20260921,5,8,6-2-4,915.6
2026-09-21 13:49:18,20260921,5,8,6-2-5,1279.0
2026-09-21 13:49:18,20260921,5,8,6-3-1,616.8
2026-09-21 13:49:18,20260921,5,8,6-3-2,836.3
2026-09-21 13:49:18,20260921,5,8,6-3-4,906.0
2026-09-21 13:49:18,20260921,5,8,6-3-5,1380.0
2026-09-21 13:49:18,20260921,5,8,6-4-1,612.5
2026-09-21 13:49:18,20260921,5,8,6-4-2,820.5
2026-09-21 13:49:18,20260921,5,8,6-4-3,1191.0
2026-09-21 13:49:18,20260921,5,8,6-4-5,955.8
2026-09-21 13:49:18,20260921,5,8,6-5-1,955.8
2026-09-21 13:49:18,20260921,5,8,6-5-2,1474.0
2026-09-21 13:49:18,20260921,5,8,6-5-3,1641.0
2026-09-21 13:49:18,20260921,5,8,6-5-4,945.4
2026-09-21 13:49:28,20260921,16,7,1-2-3,55.9
2026-09-21 13:49:28,20260921,16,7,1-2-4,106.5
2026-09-21 13:49:28,20260921,16,7,1-2-5,26.9
2026-09-21 13:49:28,20260921,16,7,1-2-6,26.0
2026-09-21 13:49:28,20260921,16,7,1-3-2,68.6
2026-09-21 13:49:28,20260921,16,7,1-3-4,85.2
2026-09-21 13:49:28,20260921,16,7,1-3-5,95.3
2026-09-21 13:49:28,20260921,16,7,1-3-6,83.0
2026-09-21 13:49:28,20260921,16,7,1-4-2,138.3
2026-09-21 13:49:28,20260921,16,7,1-4-3,216.5
2026-09-21 13:49:28,20260921,16,7,1-4-5,116.3
2026-09-21 13:49:28,20260921,16,7,1-4-6,112.4
2026-09-21 13:49:28,20260921,16,7,1-5-2,31.5
2026-09-21 13:49:28,20260921,16,7,1-5-3,66.7
2026-09-21 13:49:28,20260921,16,7,1-5-4,79.8
2026-09-21 13:49:28,20260921,16,7,1-5-6,15.8
2026-09-21 13:49:28,20260921,16,7,1-6-2,23.7
2026-09-21 13:49:28,20260921,16,7,1-6-3,39.9
2026-09-21 13:49:28,20260921,16,7,1-6-4,60.6
2026-09-21 13:49:28,20260921,16,7,1-6-5,15.1
2026-09-21 13:49:28,20260921,16,7,2-1-3,119.0
2026-09-21 13:49:28,20260921,16,7,2-1-4,166.1
2026-09-21 13:49:28,20260921,16,7,2-1-5,53.2
2026-09-21 13:49:28,20260921,16,7,2-1-6,53.4
2026-09-21 13:49:28,20260921,16,7,2-3-1,195.7
2026-09-21 13:49:28,20260921,16,7,2-3-4,204.8
2026-09-21 13:49:28,20260921,16,7,2-3-5,213.0
2026-09-21 13:49:28,20260921,16,7,2-3-6,198.6
2026-09-21 13:49:28,20260921,16,7,2-4-1,261.6
2026-09-21 13:49:28,20260921,16,7,2-4-3,249.2
2026-09-21 13:49:28,20260921,16,7,2-4-5,238.0
2026-09-21 13:49:28,20260921,16,7,2-4-6,249.2
2026-09-21 13:49:28,20260921,16,7,2-5-1,79.5
2026-09-21 13:49:28,20260921,16,7,2-5-3,203.2
2026-09-21 13:49:28,20260921,16,7,2-5-4,177.3
2026-09-21 13:49:28,20260921,16,7,2-5-6,58.8
2026-09-21 13:49:28,20260921,16,7,2-6-1,72.3
2026-09-21 13:49:28,20260921,16,7,2-6-3,194.2
2026-09-21 13:49:28,20260921,16,7,2-6-4,254.0
2026-09-21 13:49:28,20260921,16,7,2-6-5,65.4
2026-09-21 13:49:28,20260921,16,7,3-1-2,155.4
2026-09-21 13:49:28,20260921,16,7,3-1-4,144.3
2026-09-21 13:49:28,20260921,16,7,3-1-5,105.2
2026-09-21 13:49:28,20260921,16,7,3-1-6,139.7
2026-09-21 13:49:28,20260921,16,7,3-2-1,203.2
2026-09-21 13:49:28,20260921,16,7,3-2-4,231.7
2026-09-21 13:49:28,20260921,16,7,3-2-5,213.0
2026-09-21 13:49:28,20260921,16,7,3-2-6,183.4
2026-09-21 13:49:28,20260921,16,7,3-4-1,220.1
2026-09-21 13:49:28,20260921,16,7,3-4-2,242.4
2026-09-21 13:49:28,20260921,16,7,3-4-5,249.2
2026-09-21 13:49:28,20260921,16,7,3-4-6,264.2
2026-09-21 13:49:28,20260921,16,7,3-5-1,184.7
2026-09-21 13:49:28,20260921,16,7,3-5-2,213.0
2026-09-21 13:49:28,20260921,16,7,3-5-4,275.2
2026-09-21 13:49:28,20260921,16,7,3-5-6,134.1
2026-09-21 13:49:28,20260921,16,7,3-6-1,157.2
2026-09-21 13:49:28,20260921,16,7,3-6-2,222.0
2026-09-21 13:49:28,20260921,16,7,3-6-4,272.3
2026-09-21 13:49:28,20260921,16,7,3-6-5,174.9
2026-09-21 13:49:28,20260921,16,7,4-1-2,225.8
2026-09-21 13:49:28,20260921,16,7,4-1-3,290.3
2026-09-21 13:49:28,20260921,16,7,4-1-5,182.2
2026-09-21 13:49:28,20260921,16,7,4-1-6,218.3
2026-09-21 13:49:28,20260921,16,7,4-2-1,300.2
2026-09-21 13:49:28,20260921,16,7,4-2-3,352.2
2026-09-21 13:49:28,20260921,16,7,4-2-5,357.0
2026-09-21 13:49:28,20260921,16,7,4-2-6,314.5
2026-09-21 13:49:28,20260921,16,7,4-3-1,314.5
2026-09-21 13:49:28,20260921,16,7,4-3-2,455.5
2026-09-21 13:49:28,20260921,16,7,4-3-5,310.8
2026-09-21 13:49:28,20260921,16,7,4-3-6,264.2
2026-09-21 13:49:28,20260921,16,7,4-5-1,235.9
2026-09-21 13:49:28,20260921,16,7,4-5-2,275.2
2026-09-21 13:49:28,20260921,16,7,4-5-3,246.9
2026-09-21 13:49:28,20260921,16,7,4-5-6,134.1
2026-09-21 13:49:28,20260921,16,7,4-6-1,227.7
2026-09-21 13:49:28,20260921,16,7,4-6-2,266.8
2026-09-21 13:49:28,20260921,16,7,4-6-3,251.6
2026-09-21 13:49:28,20260921,16,7,4-6-5,167.2
2026-09-21 13:49:28,20260921,16,7,5-1-2,49.1
2026-09-21 13:49:28,20260921,16,7,5-1-3,97.1
2026-09-21 13:49:28,20260921,16,7,5-1-4,109.1
2026-09-21 13:49:28,20260921,16,7,5-1-6,25.0
2026-09-21 13:49:28,20260921,16,7,5-2-1,72.7
2026-09-21 13:49:28,20260921,16,7,5-2-3,142.8
2026-09-21 13:49:28,20260921,16,7,5-2-4,156.3
2026-09-21 13:49:28,20260921,16,7,5-2-6,58.9
2026-09-21 13:49:28,20260921,16,7,5-3-1,197.1
2026-09-21 13:49:28,20260921,16,7,5-3-2,240.1
2026-09-21 13:49:28,20260921,16,7,5-3-4,275.2
2026-09-21 13:49:28,20260921,16,7,5-3-6,132.7
2026-09-21 13:49:28,20260921,16,7,5-4-1,211.3
2026-09-21 13:49:28,20260921,16,7,5-4-2,231.7
2026-09-21 13:49:28,20260921,16,7,5-4-3,330.2
2026-09-21 13:49:28,20260921,16,7,5-4-6,163.0
2026-09-21 13:49:28,20260921,16,7,5-6-1,25.1
2026-09-21 13:49:28,20260921,16,7,5-6-2,39.6
2026-09-21 13:49:28,20260921,16,7,5-6-3,72.5
2026-09-21 13:49:28,20260921,16,7,5-6-4,97.1
2026-09-21 13:49:28,20260921,16,7,6-1-2,36.5
2026-09-21 13:49:28,20260921,16,7,6-1-3,74.4
2026-09-21 13:49:28,20260921,16,7,6-1-4,88.6
2026-09-21 13:49:28,20260921,16,7,6-1-5,21.7
2026-09-21 13:49:28,20260921,16,7,6-2-1,67.4
2026-09-21 13:49:28,20260921,16,7,6-2-3,153.6
2026-09-21 13:49:28,20260921,16,7,6-2-4,165.1
2026-09-21 13:49:28,20260921,16,7,6-2-5,67.9
2026-09-21 13:49:28,20260921,16,7,6-3-1,171.5
2026-09-21 13:49:28,20260921,16,7,6-3-2,203.2
2026-09-21 13:49:28,20260921,16,7,6-3-4,204.8
2026-09-21 13:49:28,20260921,16,7,6-3-5,166.1
2026-09-21 13:49:28,20260921,16,7,6-4-1,157.2
2026-09-21 13:49:28,20260921,16,7,6-4-2,208.0
2026-09-21 13:49:28,20260921,16,7,6-4-3,275.2
2026-09-21 13:49:28,20260921,16,7,6-4-5,157.2
2026-09-21 13:49:28,20260921,16,7,6-5-1,23.4
2026-09-21 13:49:28,20260921,16,7,6-5-2,40.0
2026-09-21 13:49:28,20260921,16,7,6-5-3,79.8
2026-09-21 13:49:28,20260921,16,7,6-5-4,77.4
2026-09-21 13:59:52,20260921,17,8,1-2-3,10.3
2026-09-21 13:59:52,20260921,17,8,1-2-4,29.7
2026-09-21 13:59:52,20260921,17,8,1-2-5,153.6
2026-09-21 13:59:52,20260921,17,8,1-2-6,41.9
2026-09-21 13:59:52,20260921,17,8,1-3-2,12.5
2026-09-21 13:59:52,20260921,17,8,1-3-4,29.5
2026-09-21 13:59:52,20260921,17,8,1-3-5,126.2
2026-09-21 13:59:52,20260921,17,8,1-3-6,38.6
2026-09-21 13:59:52,20260921,17,8,1-4-2,48.5
2026-09-21 13:59:52,20260921,17,8,1-4-3,55.3
2026-09-21 13:59:52,20260921,17,8,1-4-5,276.6
2026-09-21 13:59:52,20260921,17,8,1-4-6,101.0
2026-09-21 13:59:52,20260921,17,8,1-5-2,309.4
2026-09-21 13:59:52,20260921,17,8,1-5-3,296.7
2026-09-21 13:59:52,20260921,17,8,1-5-4,441.1
2026-09-21 13:59:52,20260921,17,8,1-5-6,483.6
2026-09-21 13:59:52,20260921,17,8,1-6-2,97.3
2026-09-21 13:59:52,20260921,17,8,1-6-3,126.7
2026-09-21 13:59:52,20260921,17,8,1-6-4,187.6
2026-09-21 13:59:52,20260921,17,8,1-6-5,469.7
2026-09-21 13:59:52,20260921,17,8,2-1-3,14.5
2026-09-21 13:59:52,20260921,17,8,2-1-4,34.0
2026-09-21 13:59:52,20260921,17,8,2-1-5,187.6
2026-09-21 13:59:52,20260921,17,8,2-1-6,53.6
2026-09-21 13:59:52,20260921,17,8,2-3-1,14.9
2026-09-21 13:59:52,20260921,17,8,2-3-4,16.2
2026-09-21 13:59:52,20260921,17,8,2-3-5,126.5
2026-09-21 13:59:52,20260921,17,8,2-3-6,22.7
2026-09-21 13:59:52,20260921,17,8,2-4-1,58.3
2026-09-21 13:59:52,20260921,17,8,2-4-3,32.4
2026-09-21 13:59:52,20260921,17,8,2-4-5,260.1
2026-09-21 13:59:52,20260921,17,8,2-4-6,61.4
2026-09-21 13:59:52,20260921,17,8,2-5-1,441.1
2026-09-21 13:59:52,20260921,17,8,2-5-3,326.4
2026-09-21 13:59:52,20260921,17,8,2-5-4,476.5
2026-09-21 13:59:52,20260921,17,8,2-5-6,418.5
2026-09-21 13:59:52,20260921,17,8,2-6-1,124.5
2026-09-21 13:59:52,20260921,17,8,2-6-3,73.0
2026-09-21 13:59:52,20260921,17,8,2-6-4,120.0
2026-09-21 13:59:52,20260921,17,8,2-6-5,386.3
2026-09-21 13:59:52,20260921,17,8,3-1-2,21.8
2026-09-21 13:59:52,20260921,17,8,3-1-4,42.0
2026-09-21 13:59:52,20260921,17,8,3-1-5,174.1
2026-09-21 13:59:52,20260921,17,8,3-1-6,58.4
2026-09-21 13:59:52,20260921,17,8,3-2-1,22.6
2026-09-21 13:59:52,20260921,17,8,3-2-4,24.1
2026-09-21 13:59:52,20260921,17,8,3-2-5,148.0
2026-09-21 13:59:52,20260921,17,8,3-2-6,31.8
2026-09-21 13:59:52,20260921,17,8,3-4-1,69.3
2026-09-21 13:59:52,20260921,17,8,3-4-2,37.5
2026-09-21 13:59:52,20260921,17,8,3-4-5,253.0
2026-09-21 13:59:52,20260921,17,8,3-4-6,74.1
2026-09-21 13:59:52,20260921,17,8,3-5-1,400.5
2026-09-21 13:59:52,20260921,17,8,3-5-2,268.6
2026-09-21 13:59:52,20260921,17,8,3-5-4,459.7
2026-09-21 13:59:52,20260921,17,8,3-5-6,395.6
2026-09-21 13:59:52,20260921,17,8,3-6-1,82.8
2026-09-21 13:59:52,20260921,17,8,3-6-2,78.8
2026-09-21 13:59:52,20260921,17,8,3-6-4,133.2
2026-09-21 13:59:52,20260921,17,8,3-6-5,393.3
2026-09-21 13:59:52,20260921,17,8,4-1-2,90.9
2026-09-21 13:59:52,20260921,17,8,4-1-3,105.9
2026-09-21 13:59:52,20260921,17,8,4-1-5,331.4
2026-09-21 13:59:52,20260921,17,8,4-1-6,147.0
2026-09-21 13:59:52,20260921,17,8,4-2-1,103.6
2026-09-21 13:59:52,20260921,17,8,4-2-3,57.6
2026-09-21 13:59:52,20260921,17,8,4-2-5,309.4
2026-09-21 13:59:52,20260921,17,8,4-2-6,106.3
2026-09-21 13:59:52,20260921,17,8,4-3-1,126.0
2026-09-21 13:59:52,20260921,17,8,4-3-2,67.4
2026-09-21 13:59:52,20260921,17,8,4-3-5,450.2
2026-09-21 13:59:52,20260921,17,8,4-3-6,162.0
2026-09-21 13:59:52,20260921,17,8,4-5-1,386.3
2026-09-21 13:59:52,20260921,17,8,4-5-2,362.7
2026-09-21 13:59:52,20260921,17,8,4-5-3,390.9
2026-09-21 13:59:52,20260921,17,8,4-5-6,351.0
2026-09-21 13:59:52,20260921,17,8,4-6-1,175.5
2026-09-21 13:59:52,20260921,17,8,4-6-2,132.1
2026-09-21 13:59:52,20260921,17,8,4-6-3,165.2
2026-09-21 13:59:52,20260921,17,8,4-6-5,340.0
2026-09-21 13:59:52,20260921,17,8,5-1-2,673.0
2026-09-21 13:59:52,20260921,17,8,5-1-3,725.4
2026-09-21 13:59:52,20260921,17,8,5-1-4,768.1
2026-09-21 13:59:52,20260921,17,8,5-1-6,768.1
2026-09-21 13:59:52,20260921,17,8,5-2-1,687.2
2026-09-21 13:59:52,20260921,17,8,5-2-3,598.9
2026-09-21 13:59:52,20260921,17,8,5-2-4,463.0
2026-09-21 13:59:52,20260921,17,8,5-2-6,826.4
2026-09-21 13:59:52,20260921,17,8,5-3-1,906.7
2026-09-21 13:59:52,20260921,17,8,5-3-2,777.2
2026-09-21 13:59:52,20260921,17,8,5-3-4,1483.0
2026-09-21 13:59:52,20260921,17,8,5-3-6,1518.0
2026-09-21 13:59:52,20260921,17,8,5-4-1,1088.0
2026-09-21 13:59:52,20260921,17,8,5-4-2,816.1
2026-09-21 13:59:52,20260921,17,8,5-4-3,1145.0
2026-09-21 13:59:52,20260921,17,8,5-4-6,1070.0
2026-09-21 13:59:52,20260921,17,8,5-6-1,1070.0
2026-09-21 13:59:52,20260921,17,8,5-6-2,882.2
2026-09-21 13:59:52,20260921,17,8,5-6-3,1209.0
2026-09-21 13:59:52,20260921,17,8,5-6-4,946.2
2026-09-21 13:59:52,20260921,17,8,6-1-2,216.9
2026-09-21 13:59:52,20260921,17,8,6-1-3,338.2
2026-09-21 13:59:52,20260921,17,8,6-1-4,621.8
2026-09-21 13:59:52,20260921,17,8,6-1-5,1125.0
2026-09-21 13:59:52,20260921,17,8,6-2-1,294.0
2026-09-21 13:59:52,20260921,17,8,6-2-3,153.6
2026-09-21 13:59:52,20260921,17,8,6-2-4,368.8
2026-09-21 13:59:52,20260921,17,8,6-2-5,1004.0
2026-09-21 13:59:52,20260921,17,8,6-3-1,393.3
2026-09-21 13:59:52,20260921,17,8,6-3-2,187.6
2026-09-21 13:59:52,20260921,17,8,6-3-4,306.5
2026-09-21 13:59:52,20260921,17,8,6-3-5,1483.0
2026-09-21 13:59:52,20260921,17,8,6-4-1,598.9
2026-09-21 13:59:52,20260921,17,8,6-4-2,410.6
2026-09-21 13:59:52,20260921,17,8,6-4-3,473.1
2026-09-21 13:59:52,20260921,17,8,6-4-5,1209.0
2026-09-21 13:59:52,20260921,17,8,6-5-1,1070.0
2026-09-21 13:59:52,20260921,17,8,6-5-2,1004.0
2026-09-21 13:59:52,20260921,17,8,6-5-3,1360.0
2026-09-21 13:59:52,20260921,17,8,6-5-4,1036.0
2026-09-21 14:10:41,20260921,6,7,1-2-3,42.5
2026-09-21 14:10:41,20260921,6,7,1-2-4,94.9
2026-09-21 14:10:41,20260921,6,7,1-2-5,22.7
2026-09-21 14:10:41,20260921,6,7,1-2-6,147.1
2026-09-21 14:10:41,20260921,6,7,1-3-2,71.6
2026-09-21 14:10:41,20260921,6,7,1-3-4,167.0
2026-09-21 14:10:41,20260921,6,7,1-3-5,74.5
2026-09-21 14:10:41,20260921,6,7,1-3-6,317.4
2026-09-21 14:10:41,20260921,6,7,1-4-2,169.6
2026-09-21 14:10:41,20260921,6,7,1-4-3,288.6
2026-09-21 14:10:41,20260921,6,7,1-4-5,172.2
2026-09-21 14:10:41,20260921,6,7,1-4-6,336.7
2026-09-21 14:10:41,20260921,6,7,1-5-2,26.9
2026-09-21 14:10:41,20260921,6,7,1-5-3,57.5
2026-09-21 14:10:41,20260921,6,7,1-5-4,149.1
2026-09-21 14:10:41,20260921,6,7,1-5-6,143.3
2026-09-21 14:10:41,20260921,6,7,1-6-2,226.7
2026-09-21 14:10:41,20260921,6,7,1-6-3,444.4
2026-09-21 14:10:41,20260921,6,7,1-6-4,444.4
2026-09-21 14:10:41,20260921,6,7,1-6-5,238.9
2026-09-21 14:10:41,20260921,6,7,2-1-3,49.6
2026-09-21 14:10:41,20260921,6,7,2-1-4,63.6
2026-09-21 14:10:41,20260921,6,7,2-1-5,18.3
2026-09-21 14:10:41,20260921,6,7,2-1-6,91.8
2026-09-21 14:10:41,20260921,6,7,2-3-1,71.4
2026-09-21 14:10:41,20260921,6,7,2-3-4,71.6
2026-09-21 14:10:41,20260921,6,7,2-3-5,30.0
2026-09-21 14:10:41,20260921,6,7,2-3-6,156.5
2026-09-21 14:10:41,20260921,6,7,2-4-1,103.8
2026-09-21 14:10:41,20260921,6,7,2-4-3,89.2
2026-09-21 14:10:41,20260921,6,7,2-4-5,44.3
2026-09-21 14:10:41,20260921,6,7,2-4-6,147.1
2026-09-21 14:10:41,20260921,6,7,2-5-1,13.9
2026-09-21 14:10:41,20260921,6,7,2-5-3,14.8
2026-09-21 14:10:41,20260921,6,7,2-5-4,22.4
2026-09-21 14:10:41,20260921,6,7,2-5-6,25.1
2026-09-21 14:10:41,20260921,6,7,2-6-1,198.4
2026-09-21 14:10:41,20260921,6,7,2-6-3,196.6
2026-09-21 14:10:41,20260921,6,7,2-6-4,186.7
2026-09-21 14:10:41,20260921,6,7,2-6-5,76.3
2026-09-21 14:10:41,20260921,6,7,3-1-2,188.3
2026-09-21 14:10:41,20260921,6,7,3-1-4,191.5
2026-09-21 14:10:41,20260921,6,7,3-1-5,167.0
2026-09-21 14:10:41,20260921,6,7,3-1-6,322.0
2026-09-21 14:10:41,20260921,6,7,3-2-1,182.1
2026-09-21 14:10:41,20260921,6,7,3-2-4,89.9
2026-09-21 14:10:41,20260921,6,7,3-2-5,62.7
2026-09-21 14:10:41,20260921,6,7,3-2-6,241.5
2026-09-21 14:10:41,20260921,6,7,3-4-1,331.7
2026-09-21 14:10:41,20260921,6,7,3-4-2,112.2
2026-09-21 14:10:41,20260921,6,7,3-4-5,288.6
2026-09-21 14:10:41,20260921,6,7,3-4-6,331.7
2026-09-21 14:10:41,20260921,6,7,3-5-1,222.2
2026-09-21 14:10:41,20260921,6,7,3-5-2,71.2
2026-09-21 14:10:41,20260921,6,7,3-5-4,244.2
2026-09-21 14:10:41,20260921,6,7,3-5-6,189.9
2026-09-21 14:10:41,20260921,6,7,3-6-1,419.3
2026-09-21 14:10:41,20260921,6,7,3-6-2,331.7
2026-09-21 14:10:41,20260921,6,7,3-6-4,419.3
2026-09-21 14:10:41,20260921,6,7,3-6-5,288.6
2026-09-21 14:10:41,20260921,6,7,4-1-2,244.2
2026-09-21 14:10:41,20260921,6,7,4-1-3,292.4
2026-09-21 14:10:41,20260921,6,7,4-1-5,115.7
2026-09-21 14:10:41,20260921,6,7,4-1-6,358.4
2026-09-21 14:10:41,20260921,6,7,4-2-1,161.0
2026-09-21 14:10:41,20260921,6,7,4-2-3,104.3
2026-09-21 14:10:41,20260921,6,7,4-2-5,49.1
2026-09-21 14:10:41,20260921,6,7,4-2-6,138.9
2026-09-21 14:10:41,20260921,6,7,4-3-1,370.4
2026-09-21 14:10:41,20260921,6,7,4-3-2,118.2
2026-09-21 14:10:41,20260921,6,7,4-3-5,304.4
2026-09-21 14:10:41,20260921,6,7,4-3-6,376.6
2026-09-21 14:10:41,20260921,6,7,4-5-1,110.0
2026-09-21 14:10:41,20260921,6,7,4-5-2,55.5
2026-09-21 14:10:41,20260921,6,7,4-5-3,182.1
2026-09-21 14:10:41,20260921,6,7,4-5-6,93.3
2026-09-21 14:10:41,20260921,6,7,4-6-1,427.3
2026-09-21 14:10:41,20260921,6,7,4-6-2,112.2
2026-09-21 14:10:41,20260921,6,7,4-6-3,493.8
2026-09-21 14:10:41,20260921,6,7,4-6-5,229.1
2026-09-21 14:10:41,20260921,6,7,5-1-2,30.9
2026-09-21 14:10:41,20260921,6,7,5-1-3,77.1
2026-09-21 14:10:41,20260921,6,7,5-1-4,104.8
2026-09-21 14:10:41,20260921,6,7,5-1-6,96.6
2026-09-21 14:10:41,20260921,6,7,5-2-1,18.5
2026-09-21 14:10:41,20260921,6,7,5-2-3,22.4
2026-09-21 14:10:41,20260921,6,7,5-2-4,30.4
2026-09-21 14:10:41,20260921,6,7,5-2-6,31.2
2026-09-21 14:10:41,20260921,6,7,5-3-1,137.1
2026-09-21 14:10:41,20260921,6,7,5-3-2,57.4
2026-09-21 14:10:41,20260921,6,7,5-3-4,236.4
2026-09-21 14:10:41,20260921,6,7,5-3-6,200.2
2026-09-21 14:10:41,20260921,6,7,5-4-1,101.9
2026-09-21 14:10:41,20260921,6,7,5-4-2,51.9
2026-09-21 14:10:41,20260921,6,7,5-4-3,222.2
2026-09-21 14:10:41,20260921,6,7,5-4-6,101.0
2026-09-21 14:10:41,20260921,6,7,5-6-1,153.2
2026-09-21 14:10:41,20260921,6,7,5-6-2,74.3
2026-09-21 14:10:41,20260921,6,7,5-6-3,188.3
2026-09-21 14:10:41,20260921,6,7,5-6-4,159.8
2026-09-21 14:10:41,20260921,6,7,6-1-2,419.3
2026-09-21 14:10:41,20260921,6,7,6-1-3,1058.0
2026-09-21 14:10:41,20260921,6,7,6-1-4,1010.0
2026-09-21 14:10:41,20260921,6,7,6-1-5,427.3
2026-09-21 14:10:41,20260921,6,7,6-2-1,383.1
2026-09-21 14:10:41,20260921,6,7,6-2-3,358.4
2026-09-21 14:10:41,20260921,6,7,6-2-4,427.3
2026-09-21 14:10:41,20260921,6,7,6-2-5,87.8
2026-09-21 14:10:41,20260921,6,7,6-3-1,694.5
2026-09-21 14:10:41,20260921,6,7,6-3-2,493.8
2026-09-21 14:10:41,20260921,6,7,6-3-4,673.4
2026-09-21 14:10:41,20260921,6,7,6-3-5,493.8
2026-09-21 14:10:41,20260921,6,7,6-4-1,1307.0
2026-09-21 14:10:41,20260921,6,7,6-4-2,555.6
2026-09-21 14:10:41,20260921,6,7,6-4-3,1307.0
2026-09-21 14:10:41,20260921,6,7,6-4-5,463.0
2026-09-21 14:10:41,20260921,6,7,6-5-1,483.1
2026-09-21 14:10:41,20260921,6,7,6-5-2,183.6
2026-09-21 14:10:41,20260921,6,7,6-5-3,516.8
2026-09-21 14:10:41,20260921,6,7,6-5-4,427.3
2026-09-21 14:10:52,20260921,13,9,1-2-3,20.9
2026-09-21 14:10:52,20260921,13,9,1-2-4,15.2
2026-09-21 14:10:52,20260921,13,9,1-2-5,32.4
2026-09-21 14:10:52,20260921,13,9,1-2-6,10.9
2026-09-21 14:10:52,20260921,13,9,1-3-2,31.7
2026-09-21 14:10:52,20260921,13,9,1-3-4,32.6
2026-09-21 14:10:52,20260921,13,9,1-3-5,36.3
2026-09-21 14:10:52,20260921,13,9,1-3-6,20.0
2026-09-21 14:10:52,20260921,13,9,1-4-2,26.9
2026-09-21 14:10:52,20260921,13,9,1-4-3,37.6
2026-09-21 14:10:52,20260921,13,9,1-4-5,52.6
2026-09-21 14:10:52,20260921,13,9,1-4-6,19.5
2026-09-21 14:10:52,20260921,13,9,1-5-2,63.4
2026-09-21 14:10:52,20260921,13,9,1-5-3,48.9
2026-09-21 14:10:52,20260921,13,9,1-5-4,78.6
2026-09-21 14:10:52,20260921,13,9,1-5-6,33.2
2026-09-21 14:10:52,20260921,13,9,1-6-2,14.9
2026-09-21 14:10:52,20260921,13,9,1-6-3,21.9
2026-09-21 14:10:52,20260921,13,9,1-6-4,17.2
2026-09-21 14:10:52,20260921,13,9,1-6-5,28.2
2026-09-21 14:10:52,20260921,13,9,2-1-3,101.0
2026-09-21 14:10:52,20260921,13,9,2-1-4,63.1
2026-09-21 14:10:52,20260921,13,9,2-1-5,172.2
2026-09-21 14:10:52,20260921,13,9,2-1-6,51.3
2026-09-21 14:10:52,20260921,13,9,2-3-1,268.2
2026-09-21 14:10:52,20260921,13,9,2-3-4,277.3
2026-09-21 14:10:52,20260921,13,9,2-3-5,348.2
2026-09-21 14:10:52,20260921,13,9,2-3-6,348.2
2026-09-21 14:10:52,20260921,13,9,2-4-1,380.5
2026-09-21 14:10:52,20260921,13,9,2-4-3,355.7
2026-09-21 14:10:52,20260921,13,9,2-4-5,430.6
2026-09-21 14:10:52,20260921,13,9,2-4-6,221.1
2026-09-21 14:10:52,20260921,13,9,2-5-1,268.2
2026-09-21 14:10:52,20260921,13,9,2-5-3,292.2
2026-09-21 14:10:52,20260921,13,9,2-5-4,371.9
2026-09-21 14:10:52,20260921,13,9,2-5-6,292.2
2026-09-21 14:10:52,20260921,13,9,2-6-1,52.2
2026-09-21 14:10:52,20260921,13,9,2-6-3,209.8
2026-09-21 14:10:52,20260921,13,9,2-6-4,177.8
2026-09-21 14:10:52,20260921,13,9,2-6-5,320.8
2026-09-21 14:10:52,20260921,13,9,3-1-2,143.5
2026-09-21 14:10:52,20260921,13,9,3-1-4,162.0
2026-09-21 14:10:52,20260921,13,9,3-1-5,133.0
2026-09-21 14:10:52,20260921,13,9,3-1-6,146.1
2026-09-21 14:10:52,20260921,13,9,3-2-1,259.7
2026-09-21 14:10:52,20260921,13,9,3-2-4,215.3
2026-09-21 14:10:52,20260921,13,9,3-2-5,259.7
2026-09-21 14:10:52,20260921,13,9,3-2-6,259.7
2026-09-21 14:10:52,20260921,13,9,3-4-1,348.2
2026-09-21 14:10:52,20260921,13,9,3-4-2,340.9
2026-09-21 14:10:52,20260921,13,9,3-4-5,511.4
2026-09-21 14:10:52,20260921,13,9,3-4-6,340.9
2026-09-21 14:10:52,20260921,13,9,3-5-1,333.9
2026-09-21 14:10:52,20260921,13,9,3-5-2,230.5
2026-09-21 14:10:52,20260921,13,9,3-5-4,419.6
2026-09-21 14:10:52,20260921,13,9,3-5-6,244.2
2026-09-21 14:10:52,20260921,13,9,3-6-1,202.0
2026-09-21 14:10:52,20260921,13,9,3-6-2,272.7
2026-09-21 14:10:52,20260921,13,9,3-6-4,308.7
2026-09-21 14:10:52,20260921,13,9,3-6-5,308.7
2026-09-21 14:10:52,20260921,13,9,4-1-2,147.4
2026-09-21 14:10:52,20260921,13,9,4-1-3,202.0
2026-09-21 14:10:52,20260921,13,9,4-1-5,115.2
2026-09-21 14:10:52,20260921,13,9,4-1-6,72.4
2026-09-21 14:10:52,20260921,13,9,4-2-1,292.2
2026-09-21 14:10:52,20260921,13,9,4-2-3,259.7
2026-09-21 14:10:52,20260921,13,9,4-2-5,399.1
2026-09-21 14:10:52,20260921,13,9,4-2-6,212.5
2026-09-21 14:10:52,20260921,13,9,4-3-1,419.6
2026-09-21 14:10:52,20260921,13,9,4-3-2,495.9
2026-09-21 14:10:52,20260921,13,9,4-3-5,654.6
2026-09-21 14:10:52,20260921,13,9,4-3-6,355.7
2026-09-21 14:10:52,20260921,13,9,4-5-1,308.7
2026-09-21 14:10:52,20260921,13,9,4-5-2,467.5
2026-09-21 14:10:52,20260921,13,9,4-5-3,371.9
2026-09-21 14:10:52,20260921,13,9,4-5-6,155.8
2026-09-21 14:10:52,20260921,13,9,4-6-1,69.0
2026-09-21 14:10:52,20260921,13,9,4-6-2,111.3
2026-09-21 14:10:52,20260921,13,9,4-6-3,327.3
2026-09-21 14:10:52,20260921,13,9,4-6-5,194.8
2026-09-21 14:10:52,20260921,13,9,5-1-2,348.2
2026-09-21 14:10:52,20260921,13,9,5-1-3,282.1
2026-09-21 14:10:52,20260921,13,9,5-1-4,268.2
2026-09-21 14:10:52,20260921,13,9,5-1-6,138.6
2026-09-21 14:10:52,20260921,13,9,5-2-1,409.1
2026-09-21 14:10:52,20260921,13,9,5-2-3,399.1
2026-09-21 14:10:52,20260921,13,9,5-2-4,430.6
2026-09-21 14:10:52,20260921,13,9,5-2-6,263.9
2026-09-21 14:10:52,20260921,13,9,5-3-1,454.6
2026-09-21 14:10:52,20260921,13,9,5-3-2,454.6
2026-09-21 14:10:52,20260921,13,9,5-3-4,909.2
2026-09-21 14:10:52,20260921,13,9,5-3-6,711.5
2026-09-21 14:10:52,20260921,13,9,5-4-1,277.3
2026-09-21 14:10:52,20260921,13,9,5-4-2,527.9
2026-09-21 14:10:52,20260921,13,9,5-4-3,1091.0
2026-09-21 14:10:52,20260921,13,9,5-4-6,481.3
2026-09-21 14:10:52,20260921,13,9,5-6-1,268.2
2026-09-21 14:10:52,20260921,13,9,5-6-2,314.7
2026-09-21 14:10:52,20260921,13,9,5-6-3,511.4
2026-09-21 14:10:52,20260921,13,9,5-6-4,363.6
2026-09-21 14:10:52,20260921,13,9,6-1-2,37.5
2026-09-21 14:10:52,20260921,13,9,6-1-3,87.5
2026-09-21 14:10:52,20260921,13,9,6-1-4,44.9
2026-09-21 14:10:52,20260921,13,9,6-1-5,101.0
2026-09-21 14:10:52,20260921,13,9,6-2-1,47.4
2026-09-21 14:10:52,20260921,13,9,6-2-3,146.1
2026-09-21 14:10:52,20260921,13,9,6-2-4,116.8
2026-09-21 14:10:52,20260921,13,9,6-2-5,188.1
2026-09-21 14:10:52,20260921,13,9,6-3-1,126.8
2026-09-21 14:10:52,20260921,13,9,6-3-2,163.6
2026-09-21 14:10:52,20260921,13,9,6-3-4,190.2
2026-09-21 14:10:52,20260921,13,9,6-3-5,355.7
2026-09-21 14:10:52,20260921,13,9,6-4-1,68.4
2026-09-21 14:10:52,20260921,13,9,6-4-2,124.9
2026-09-21 14:10:52,20260921,13,9,6-4-3,442.3
2026-09-21 14:10:52,20260921,13,9,6-4-5,263.9
2026-09-21 14:10:52,20260921,13,9,6-5-1,185.9
2026-09-21 14:10:52,20260921,13,9,6-5-2,419.6
2026-09-21 14:10:52,20260921,13,9,6-5-3,545.5
2026-09-21 14:10:52,20260921,13,9,6-5-4,263.9
2026-09-21 14:16:12,20260921,18,12,1-2-3,9.7
2026-09-21 14:16:12,20260921,18,12,1-2-4,8.0
2026-09-21 14:16:12,20260921,18,12,1-2-5,9.6
2026-09-21 14:16:12,20260921,18,12,1-2-6,32.0
2026-09-21 14:16:12,20260921,18,12,1-3-2,17.2
2026-09-21 14:16:12,20260921,18,12,1-3-4,20.9
2026-09-21 14:16:12,20260921,18,12,1-3-5,18.0
2026-09-21 14:16:12,20260921,18,12,1-3-6,53.9
2026-09-21 14:16:12,20260921,18,12,1-4-2,15.5
2026-09-21 14:16:12,20260921,18,12,1-4-3,25.9
2026-09-21 14:16:12,20260921,18,12,1-4-5,18.6
2026-09-21 14:16:12,20260921,18,12,1-4-6,41.7
2026-09-21 14:16:12,20260921,18,12,1-5-2,18.3
2026-09-21 14:16:12,20260921,18,12,1-5-3,21.5
2026-09-21 14:16:12,20260921,18,12,1-5-4,23.4
2026-09-21 14:16:12,20260921,18,12,1-5-6,34.7
2026-09-21 14:16:12,20260921,18,12,1-6-2,82.5
2026-09-21 14:16:12,20260921,18,12,1-6-3,131.3
2026-09-21 14:16:12,20260921,18,12,1-6-4,107.7
2026-09-21 14:16:12,20260921,18,12,1-6-5,82.8
2026-09-21 14:16:12,20260921,18,12,2-1-3,66.1
2026-09-21 14:16:12,20260921,18,12,2-1-4,66.5
2026-09-21 14:16:12,20260921,18,12,2-1-5,72.0
2026-09-21 14:16:12,20260921,18,12,2-1-6,144.1
2026-09-21 14:16:12,20260921,18,12,2-3-1,192.5
2026-09-21 14:16:12,20260921,18,12,2-3-4,346.0
2026-09-21 14:16:12,20260921,18,12,2-3-5,322.8
2026-09-21 14:16:12,20260921,18,12,2-3-6,634.9
2026-09-21 14:16:12,20260921,18,12,2-4-1,165.5
2026-09-21 14:16:12,20260921,18,12,2-4-3,309.7
2026-09-21 14:16:12,20260921,18,12,2-4-5,355.6
2026-09-21 14:16:12,20260921,18,12,2-4-6,495.6
2026-09-21 14:16:12,20260921,18,12,2-5-1,172.2
2026-09-21 14:16:12,20260921,18,12,2-5-3,422.1
2026-09-21 14:16:12,20260921,18,12,2-5-4,374.7
2026-09-21 14:16:12,20260921,18,12,2-5-6,402.2
2026-09-21 14:16:12,20260921,18,12,2-6-1,465.6
2026-09-21 14:16:12,20260921,18,12,2-6-3,760.6
2026-09-21 14:16:12,20260921,18,12,2-6-4,711.3
2026-09-21 14:16:12,20260921,18,12,2-6-5,604.9
2026-09-21 14:16:12,20260921,18,12,3-1-2,119.6
2026-09-21 14:16:12,20260921,18,12,3-1-4,124.5
2026-09-21 14:16:12,20260921,18,12,3-1-5,106.5
2026-09-21 14:16:12,20260921,18,12,3-1-6,222.0
2026-09-21 14:16:12,20260921,18,12,3-2-1,255.2
2026-09-21 14:16:12,20260921,18,12,3-2-4,460.0
2026-09-21 14:16:12,20260921,18,12,3-2-5,451.9
2026-09-21 14:16:12,20260921,18,12,3-2-6,645.6
2026-09-21 14:16:12,20260921,18,12,3-4-1,316.1
2026-09-21 14:16:12,20260921,18,12,3-4-2,474.2
2026-09-21 14:16:12,20260921,18,12,3-4-5,372.9
2026-09-21 14:16:12,20260921,18,12,3-4-6,577.6
2026-09-21 14:16:12,20260921,18,12,3-5-1,203.2
2026-09-21 14:16:12,20260921,18,12,3-5-2,451.9
2026-09-21 14:16:12,20260921,18,12,3-5-4,382.2
2026-09-21 14:16:12,20260921,18,12,3-5-6,548.7
2026-09-21 14:16:12,20260921,18,12,3-6-1,800.3
2026-09-21 14:16:12,20260921,18,12,3-6-2,984.9
2026-09-21 14:16:12,20260921,18,12,3-6-4,718.0
2026-09-21 14:16:12,20260921,18,12,3-6-5,960.3
2026-09-21 14:16:12,20260921,18,12,4-1-2,86.5
2026-09-21 14:16:12,20260921,18,12,4-1-3,159.3
2026-09-21 14:16:12,20260921,18,12,4-1-5,66.2
2026-09-21 14:16:12,20260921,18,12,4-1-6,146.6
2026-09-21 14:16:12,20260921,18,12,4-2-1,191.5
2026-09-21 14:16:12,20260921,18,12,4-2-3,400.1
2026-09-21 14:16:12,20260921,18,12,4-2-5,279.3
2026-09-21 14:16:12,20260921,18,12,4-2-6,386.0
2026-09-21 14:16:12,20260921,18,12,4-3-1,316.1
2026-09-21 14:16:12,20260921,18,12,4-3-2,619.5
2026-09-21 14:16:12,20260921,18,12,4-3-5,402.2
2026-09-21 14:16:12,20260921,18,12,4-3-6,619.5
2026-09-21 14:16:12,20260921,18,12,4-5-1,106.5
2026-09-21 14:16:12,20260921,18,12,4-5-2,213.4
2026-09-21 14:16:12,20260921,18,12,4-5-3,362.4
2026-09-21 14:16:12,20260921,18,12,4-5-6,162.7
2026-09-21 14:16:12,20260921,18,12,4-6-1,400.1
2026-09-21 14:16:12,20260921,18,12,4-6-2,552.7
2026-09-21 14:16:12,20260921,18,12,4-6-3,776.0
2026-09-21 14:16:12,20260921,18,12,4-6-5,322.8
2026-09-21 14:16:12,20260921,18,12,5-1-2,56.7
2026-09-21 14:16:12,20260921,18,12,5-1-3,73.3
2026-09-21 14:16:12,20260921,18,12,5-1-4,73.2
2026-09-21 14:16:12,20260921,18,12,5-1-6,93.5
2026-09-21 14:16:12,20260921,18,12,5-2-1,133.6
2026-09-21 14:16:12,20260921,18,12,5-2-3,344.5
2026-09-21 14:16:12,20260921,18,12,5-2-4,283.5
2026-09-21 14:16:12,20260921,18,12,5-2-6,278.3
2026-09-21 14:16:12,20260921,18,12,5-3-1,222.0
2026-09-21 14:16:12,20260921,18,12,5-3-2,498.8
2026-09-21 14:16:12,20260921,18,12,5-3-4,492.4
2026-09-21 14:16:12,20260921,18,12,5-3-6,711.3
2026-09-21 14:16:12,20260921,18,12,5-4-1,145.5
2026-09-21 14:16:12,20260921,18,12,5-4-2,261.3
2026-09-21 14:16:12,20260921,18,12,5-4-3,393.9
2026-09-21 14:16:12,20260921,18,12,5-4-6,232.8
2026-09-21 14:16:12,20260921,18,12,5-6-1,245.4
2026-09-21 14:16:12,20260921,18,12,5-6-2,372.9
2026-09-21 14:16:12,20260921,18,12,5-6-3,645.6
2026-09-21 14:16:12,20260921,18,12,5-6-4,347.6
2026-09-21 14:16:12,20260921,18,12,6-1-2,444.0
2026-09-21 14:16:12,20260921,18,12,6-1-3,651.0
2026-09-21 14:16:12,20260921,18,12,6-1-4,564.9
2026-09-21 14:16:12,20260921,18,12,6-1-5,541.0
2026-09-21 14:16:12,20260921,18,12,6-2-1,776.0
2026-09-21 14:16:12,20260921,18,12,6-2-3,948.5
2026-09-21 14:16:12,20260921,18,12,6-2-4,1024.0
2026-09-21 14:16:12,20260921,18,12,6-2-5,760.6
2026-09-21 14:16:12,20260921,18,12,6-3-1,972.5
2026-09-21 14:16:12,20260921,18,12,6-3-2,893.3
2026-09-21 14:16:12,20260921,18,12,6-3-4,863.2
2026-09-21 14:16:12,20260921,18,12,6-3-5,1010.0
2026-09-21 14:16:12,20260921,18,12,6-4-1,745.9
2026-09-21 14:16:12,20260921,18,12,6-4-2,914.6
2026-09-21 14:16:12,20260921,18,12,6-4-3,1219.0
2026-09-21 14:16:12,20260921,18,12,6-4-5,645.6
2026-09-21 14:16:12,20260921,18,12,6-5-1,564.9
2026-09-21 14:16:12,20260921,18,12,6-5-2,731.7
2026-09-21 14:16:12,20260921,18,12,6-5-3,948.5
2026-09-21 14:16:12,20260921,18,12,6-5-4,446.6
2026-09-21 14:21:31,20260921,16,8,1-2-3,23.5
2026-09-21 14:21:31,20260921,16,8,1-2-4,37.4
2026-09-21 14:21:31,20260921,16,8,1-2-5,25.3
2026-09-21 14:21:31,20260921,16,8,1-2-6,29.2
2026-09-21 14:21:31,20260921,16,8,1-3-2,22.1
2026-09-21 14:21:31,20260921,16,8,1-3-4,21.5
2026-09-21 14:21:31,20260921,16,8,1-3-5,11.5
2026-09-21 14:21:31,20260921,16,8,1-3-6,16.2
2026-09-21 14:21:31,20260921,16,8,1-4-2,37.3
2026-09-21 14:21:31,20260921,16,8,1-4-3,33.3
2026-09-21 14:21:31,20260921,16,8,1-4-5,21.9
2026-09-21 14:21:31,20260921,16,8,1-4-6,25.3
2026-09-21 14:21:31,20260921,16,8,1-5-2,26.3
2026-09-21 14:21:31,20260921,16,8,1-5-3,15.6
2026-09-21 14:21:31,20260921,16,8,1-5-4,30.3
2026-09-21 14:21:31,20260921,16,8,1-5-6,14.0
2026-09-21 14:21:31,20260921,16,8,1-6-2,38.2
2026-09-21 14:21:31,20260921,16,8,1-6-3,23.0
2026-09-21 14:21:31,20260921,16,8,1-6-4,51.9
2026-09-21 14:21:31,20260921,16,8,1-6-5,28.2
2026-09-21 14:21:31,20260921,16,8,2-1-3,118.7
2026-09-21 14:21:31,20260921,16,8,2-1-4,170.4
2026-09-21 14:21:31,20260921,16,8,2-1-5,132.9
2026-09-21 14:21:31,20260921,16,8,2-1-6,192.1
2026-09-21 14:21:31,20260921,16,8,2-3-1,203.2
2026-09-21 14:21:31,20260921,16,8,2-3-4,195.7
2026-09-21 14:21:31,20260921,16,8,2-3-5,358.3
2026-09-21 14:21:31,20260921,16,8,2-3-6,542.0
2026-09-21 14:21:31,20260921,16,8,2-4-1,234.9
2026-09-21 14:21:31,20260921,16,8,2-4-3,229.8
2026-09-21 14:21:31,20260921,16,8,2-4-5,556.3
2026-09-21 14:21:31,20260921,16,8,2-4-6,325.2
2026-09-21 14:21:31,20260921,16,8,2-5-1,267.6
2026-09-21 14:21:31,20260921,16,8,2-5-3,480.4
2026-09-21 14:21:31,20260921,16,8,2-5-4,515.6
2026-09-21 14:21:31,20260921,16,8,2-5-6,377.5
2026-09-21 14:21:31,20260921,16,8,2-6-1,364.5
2026-09-21 14:21:31,20260921,16,8,2-6-3,449.8
2026-09-21 14:21:31,20260921,16,8,2-6-4,813.1
2026-09-21 14:21:31,20260921,16,8,2-6-5,491.6
2026-09-21 14:21:31,20260921,16,8,3-1-2,100.6
2026-09-21 14:21:31,20260921,16,8,3-1-4,90.7
2026-09-21 14:21:31,20260921,16,8,3-1-5,59.2
2026-09-21 14:21:31,20260921,16,8,3-1-6,108.4
2026-09-21 14:21:31,20260921,16,8,3-2-1,203.2
2026-09-21 14:21:31,20260921,16,8,3-2-4,193.9
2026-09-21 14:21:31,20260921,16,8,3-2-5,285.6
2026-09-21 14:21:31,20260921,16,8,3-2-6,267.6
2026-09-21 14:21:31,20260921,16,8,3-4-1,201.3
2026-09-21 14:21:31,20260921,16,8,3-4-2,215.7
2026-09-21 14:21:31,20260921,16,8,3-4-5,197.5
2026-09-21 14:21:31,20260921,16,8,3-4-6,205.2
2026-09-21 14:21:31,20260921,16,8,3-5-1,127.3
2026-09-21 14:21:31,20260921,16,8,3-5-2,234.9
2026-09-21 14:21:31,20260921,16,8,3-5-4,264.2
2026-09-21 14:21:31,20260921,16,8,3-5-6,166.4
2026-09-21 14:21:31,20260921,16,8,3-6-1,257.8
2026-09-21 14:21:31,20260921,16,8,3-6-2,515.6
2026-09-21 14:21:31,20260921,16,8,3-6-4,364.5
2026-09-21 14:21:31,20260921,16,8,3-6-5,384.3
2026-09-21 14:21:31,20260921,16,8,4-1-2,111.8
2026-09-21 14:21:31,20260921,16,8,4-1-3,149.9
2026-09-21 14:21:31,20260921,16,8,4-1-5,84.5
2026-09-21 14:21:31,20260921,16,8,4-1-6,122.2
2026-09-21 14:21:31,20260921,16,8,4-2-1,335.5
2026-09-21 14:21:31,20260921,16,8,4-2-3,261.0
2026-09-21 14:21:31,20260921,16,8,4-2-5,261.0
2026-09-21 14:21:31,20260921,16,8,4-2-6,281.8
2026-09-21 14:21:31,20260921,16,8,4-3-1,209.3
2026-09-21 14:21:31,20260921,16,8,4-3-2,285.6
2026-09-21 14:21:31,20260921,16,8,4-3-5,248.7
2026-09-21 14:21:31,20260921,16,8,4-3-6,281.8
2026-09-21 14:21:31,20260921,16,8,4-5-1,110.6
2026-09-21 14:21:31,20260921,16,8,4-5-2,384.3
2026-09-21 14:21:31,20260921,16,8,4-5-3,254.7
2026-09-21 14:21:31,20260921,16,8,4-5-6,108.9
2026-09-21 14:21:31,20260921,16,8,4-6-1,151.0
2026-09-21 14:21:31,20260921,16,8,4-6-2,384.3
2026-09-21 14:21:31,20260921,16,8,4-6-3,352.3
2026-09-21 14:21:31,20260921,16,8,4-6-5,146.8
2026-09-21 14:21:31,20260921,16,8,5-1-2,111.2
2026-09-21 14:21:31,20260921,16,8,5-1-3,66.4
2026-09-21 14:21:31,20260921,16,8,5-1-4,130.5
2026-09-21 14:21:31,20260921,16,8,5-1-6,54.7
2026-09-21 14:21:31,20260921,16,8,5-2-1,243.0
2026-09-21 14:21:31,20260921,16,8,5-2-3,480.4
2026-09-21 14:21:31,20260921,16,8,5-2-4,571.3
2026-09-21 14:21:31,20260921,16,8,5-2-6,289.6
2026-09-21 14:21:31,20260921,16,8,5-3-1,148.8
2026-09-21 14:21:31,20260921,16,8,5-3-2,335.5
2026-09-21 14:21:31,20260921,16,8,5-3-4,315.5
2026-09-21 14:21:31,20260921,16,8,5-3-6,330.3
2026-09-21 14:21:31,20260921,16,8,5-4-1,161.3
2026-09-21 14:21:31,20260921,16,8,5-4-2,469.8
2026-09-21 14:21:31,20260921,16,8,5-4-3,422.8
2026-09-21 14:21:31,20260921,16,8,5-4-6,174.7
2026-09-21 14:21:31,20260921,16,8,5-6-1,101.6
2026-09-21 14:21:31,20260921,16,8,5-6-2,289.6
2026-09-21 14:21:31,20260921,16,8,5-6-3,271.0
2026-09-21 14:21:31,20260921,16,8,5-6-4,220.2
2026-09-21 14:21:31,20260921,16,8,6-1-2,151.0
2026-09-21 14:21:31,20260921,16,8,6-1-3,213.5
2026-09-21 14:21:31,20260921,16,8,6-1-4,310.9
2026-09-21 14:21:31,20260921,16,8,6-1-5,123.6
2026-09-21 14:21:31,20260921,16,8,6-2-1,459.6
2026-09-21 14:21:31,20260921,16,8,6-2-3,503.3
2026-09-21 14:21:31,20260921,16,8,6-2-4,621.8
2026-09-21 14:21:31,20260921,16,8,6-2-5,621.8
2026-09-21 14:21:31,20260921,16,8,6-3-1,358.3
2026-09-21 14:21:31,20260921,16,8,6-3-2,604.0
2026-09-21 14:21:31,20260921,16,8,6-3-4,391.5
2026-09-21 14:21:31,20260921,16,8,6-3-5,556.3
2026-09-21 14:21:31,20260921,16,8,6-4-1,431.4
2026-09-21 14:21:31,20260921,16,8,6-4-2,704.7
2026-09-21 14:21:31,20260921,16,8,6-4-3,528.5
2026-09-21 14:21:31,20260921,16,8,6-4-5,398.9
2026-09-21 14:21:31,20260921,16,8,6-5-1,128.1
2026-09-21 14:21:31,20260921,16,8,6-5-2,528.5
2026-09-21 14:21:31,20260921,16,8,6-5-3,254.7
2026-09-21 14:21:31,20260921,16,8,6-5-4,267.6
2026-09-21 14:26:53,20260921,5,9,1-2-3,26.3
2026-09-21 14:26:53,20260921,5,9,1-2-4,33.8
2026-09-21 14:26:53,20260921,5,9,1-2-5,69.0
2026-09-21 14:26:53,20260921,5,9,1-2-6,37.3
2026-09-21 14:26:53,20260921,5,9,1-3-2,27.7
2026-09-21 14:26:53,20260921,5,9,1-3-4,12.8
2026-09-21 14:26:53,20260921,5,9,1-3-5,24.4
2026-09-21 14:26:53,20260921,5,9,1-3-6,18.8
2026-09-21 14:26:53,20260921,5,9,1-4-2,39.1
2026-09-21 14:26:53,20260921,5,9,1-4-3,18.4
2026-09-21 14:26:53,20260921,5,9,1-4-5,20.4
2026-09-21 14:26:53,20260921,5,9,1-4-6,15.2
2026-09-21 14:26:53,20260921,5,9,1-5-2,79.5
2026-09-21 14:26:53,20260921,5,9,1-5-3,45.0
2026-09-21 14:26:53,20260921,5,9,1-5-4,35.9
2026-09-21 14:26:53,20260921,5,9,1-5-6,38.1
2026-09-21 14:26:53,20260921,5,9,1-6-2,53.7
2026-09-21 14:26:53,20260921,5,9,1-6-3,38.3
2026-09-21 14:26:53,20260921,5,9,1-6-4,30.2
2026-09-21 14:26:53,20260921,5,9,1-6-5,47.2
2026-09-21 14:26:53,20260921,5,9,2-1-3,39.7
2026-09-21 14:26:53,20260921,5,9,2-1-4,45.5
2026-09-21 14:26:53,20260921,5,9,2-1-5,68.9
2026-09-21 14:26:53,20260921,5,9,2-1-6,43.7
2026-09-21 14:26:53,20260921,5,9,2-3-1,60.0
2026-09-21 14:26:53,20260921,5,9,2-3-4,76.0
2026-09-21 14:26:53,20260921,5,9,2-3-5,113.5
2026-09-21 14:26:53,20260921,5,9,2-3-6,76.5
2026-09-21 14:26:53,20260921,5,9,2-4-1,83.4
2026-09-21 14:26:53,20260921,5,9,2-4-3,109.6
2026-09-21 14:26:53,20260921,5,9,2-4-5,130.5
2026-09-21 14:26:53,20260921,5,9,2-4-6,66.6
2026-09-21 14:26:53,20260921,5,9,2-5-1,125.9
2026-09-21 14:26:53,20260921,5,9,2-5-3,152.1
2026-09-21 14:26:53,20260921,5,9,2-5-4,155.7
2026-09-21 14:26:53,20260921,5,9,2-5-6,116.5
2026-09-21 14:26:53,20260921,5,9,2-6-1,68.6
2026-09-21 14:26:53,20260921,5,9,2-6-3,91.4
2026-09-21 14:26:53,20260921,5,9,2-6-4,84.0
2026-09-21 14:26:53,20260921,5,9,2-6-5,96.9
2026-09-21 14:26:53,20260921,5,9,3-1-2,93.5
2026-09-21 14:26:53,20260921,5,9,3-1-4,54.2
2026-09-21 14:26:53,20260921,5,9,3-1-5,87.9
2026-09-21 14:26:53,20260921,5,9,3-1-6,81.0
2026-09-21 14:26:53,20260921,5,9,3-2-1,165.5
2026-09-21 14:26:53,20260921,5,9,3-2-4,179.7
2026-09-21 14:26:53,20260921,5,9,3-2-5,287.5
2026-09-21 14:26:53,20260921,5,9,3-2-6,201.4
2026-09-21 14:26:53,20260921,5,9,3-4-1,112.0
2026-09-21 14:26:53,20260921,5,9,3-4-2,212.4
2026-09-21 14:26:53,20260921,5,9,3-4-5,186.2
2026-09-21 14:26:53,20260921,5,9,3-4-6,107.4
2026-09-21 14:26:53,20260921,5,9,3-5-1,228.9
2026-09-21 14:26:53,20260921,5,9,3-5-2,317.1
2026-09-21 14:26:53,20260921,5,9,3-5-4,331.8
2026-09-21 14:26:53,20260921,5,9,3-5-6,267.1
2026-09-21 14:26:53,20260921,5,9,3-6-1,215.5
2026-09-21 14:26:53,20260921,5,9,3-6-2,313.2
2026-09-21 14:26:53,20260921,5,9,3-6-4,225.1
2026-09-21 14:26:53,20260921,5,9,3-6-5,355.3
2026-09-21 14:26:53,20260921,5,9,4-1-2,134.6
2026-09-21 14:26:53,20260921,5,9,4-1-3,111.5
2026-09-21 14:26:53,20260921,5,9,4-1-5,96.2
2026-09-21 14:26:53,20260921,5,9,4-1-6,72.2
2026-09-21 14:26:53,20260921,5,9,4-2-1,213.9
2026-09-21 14:26:53,20260921,5,9,4-2-3,341.6
2026-09-21 14:26:53,20260921,5,9,4-2-5,421.9
2026-09-21 14:26:53,20260921,5,9,4-2-6,206.0
2026-09-21 14:26:53,20260921,5,9,4-3-1,169.0
2026-09-21 14:26:53,20260921,5,9,4-3-2,380.4
2026-09-21 14:26:53,20260921,5,9,4-3-5,342.3
2026-09-21 14:26:53,20260921,5,9,4-3-6,211.2
2026-09-21 14:26:53,20260921,5,9,4-5-1,204.9
2026-09-21 14:26:53,20260921,5,9,4-5-2,382.3
2026-09-21 14:26:53,20260921,5,9,4-5-3,340.8
2026-09-21 14:26:53,20260921,5,9,4-5-6,114.7
2026-09-21 14:26:53,20260921,5,9,4-6-1,149.3
2026-09-21 14:26:53,20260921,5,9,4-6-2,201.9
2026-09-21 14:26:53,20260921,5,9,4-6-3,252.3
2026-09-21 14:26:53,20260921,5,9,4-6-5,201.6
2026-09-21 14:26:53,20260921,5,9,5-1-2,309.3
2026-09-21 14:26:53,20260921,5,9,5-1-3,236.1
2026-09-21 14:26:53,20260921,5,9,5-1-4,269.5
2026-09-21 14:26:53,20260921,5,9,5-1-6,220.2
2026-09-21 14:26:53,20260921,5,9,5-2-1,382.3
2026-09-21 14:26:53,20260921,5,9,5-2-3,479.7
2026-09-21 14:26:53,20260921,5,9,5-2-4,657.8
2026-09-21 14:26:53,20260921,5,9,5-2-6,284.2
2026-09-21 14:26:53,20260921,5,9,5-3-1,373.8
2026-09-21 14:26:53,20260921,5,9,5-3-2,600.2
2026-09-21 14:26:53,20260921,5,9,5-3-4,713.9
2026-09-21 14:26:53,20260921,5,9,5-3-6,570.6
2026-09-21 14:26:53,20260921,5,9,5-4-1,354.4
2026-09-21 14:26:53,20260921,5,9,5-4-2,687.9
2026-09-21 14:26:53,20260921,5,9,5-4-3,498.8
2026-09-21 14:26:53,20260921,5,9,5-4-6,303.1
2026-09-21 14:26:53,20260921,5,9,5-6-1,341.6
2026-09-21 14:26:53,20260921,5,9,5-6-2,313.8
2026-09-21 14:26:53,20260921,5,9,5-6-3,467.8
2026-09-21 14:26:53,20260921,5,9,5-6-4,305.5
2026-09-21 14:26:53,20260921,5,9,6-1-2,144.7
2026-09-21 14:26:53,20260921,5,9,6-1-3,168.1
2026-09-21 14:26:53,20260921,5,9,6-1-4,127.5
2026-09-21 14:26:53,20260921,5,9,6-1-5,227.9
2026-09-21 14:26:53,20260921,5,9,6-2-1,163.2
2026-09-21 14:26:53,20260921,5,9,6-2-3,258.8
2026-09-21 14:26:53,20260921,5,9,6-2-4,216.4
2026-09-21 14:26:53,20260921,5,9,6-2-5,267.1
2026-09-21 14:26:53,20260921,5,9,6-3-1,268.0
2026-09-21 14:26:53,20260921,5,9,6-3-2,427.9
2026-09-21 14:26:53,20260921,5,9,6-3-4,321.2
2026-09-21 14:26:53,20260921,5,9,6-3-5,545.8
2026-09-21 14:26:53,20260921,5,9,6-4-1,200.0
2026-09-21 14:26:53,20260921,5,9,6-4-2,273.4
2026-09-21 14:26:53,20260921,5,9,6-4-3,321.2
2026-09-21 14:26:53,20260921,5,9,6-4-5,285.3
2026-09-21 14:26:53,20260921,5,9,6-5-1,303.1
2026-09-21 14:26:53,20260921,5,9,6-5-2,333.3
2026-09-21 14:26:53,20260921,5,9,6-5-3,470.7
2026-09-21 14:26:53,20260921,5,9,6-5-4,274.9
2026-09-21 14:34:45,20260921,17,9,1-2-3,14.7
2026-09-21 14:34:45,20260921,17,9,1-2-4,195.6
2026-09-21 14:34:45,20260921,17,9,1-2-5,144.4
2026-09-21 14:34:45,20260921,17,9,1-2-6,85.4
2026-09-21 14:34:45,20260921,17,9,1-3-2,13.0
2026-09-21 14:34:45,20260921,17,9,1-3-4,107.2
2026-09-21 14:34:45,20260921,17,9,1-3-5,69.9
2026-09-21 14:34:45,20260921,17,9,1-3-6,40.4
2026-09-21 14:34:45,20260921,17,9,1-4-2,310.2
2026-09-21 14:34:45,20260921,17,9,1-4-3,393.3
2026-09-21 14:34:45,20260921,17,9,1-4-5,585.5
2026-09-21 14:34:45,20260921,17,9,1-4-6,572.6
2026-09-21 14:34:45,20260921,17,9,1-5-2,314.0
2026-09-21 14:34:45,20260921,17,9,1-5-3,251.2
2026-09-21 14:34:45,20260921,17,9,1-5-4,695.3
2026-09-21 14:34:45,20260921,17,9,1-5-6,643.5
2026-09-21 14:34:45,20260921,17,9,1-6-2,200.1
2026-09-21 14:34:45,20260921,17,9,1-6-3,193.2
2026-09-21 14:34:45,20260921,17,9,1-6-4,786.6
2026-09-21 14:34:45,20260921,17,9,1-6-5,828.4
2026-09-21 14:34:45,20260921,17,9,2-1-3,16.1
2026-09-21 14:34:45,20260921,17,9,2-1-4,205.4
2026-09-21 14:34:45,20260921,17,9,2-1-5,140.3
2026-09-21 14:34:45,20260921,17,9,2-1-6,67.5
2026-09-21 14:34:45,20260921,17,9,2-3-1,10.2
2026-09-21 14:34:45,20260921,17,9,2-3-4,69.0
2026-09-21 14:34:45,20260921,17,9,2-3-5,34.0
2026-09-21 14:34:45,20260921,17,9,2-3-6,18.0
2026-09-21 14:34:45,20260921,17,9,2-4-1,403.4
2026-09-21 14:34:45,20260921,17,9,2-4-3,266.6
2026-09-21 14:34:45,20260921,17,9,2-4-5,628.0
2026-09-21 14:34:45,20260921,17,9,2-4-6,395.3
2026-09-21 14:34:45,20260921,17,9,2-5-1,343.0
2026-09-21 14:34:45,20260921,17,9,2-5-3,161.5
2026-09-21 14:34:45,20260921,17,9,2-5-4,727.8
2026-09-21 14:34:45,20260921,17,9,2-5-6,323.1
2026-09-21 14:34:45,20260921,17,9,2-6-1,178.6
2026-09-21 14:34:45,20260921,17,9,2-6-3,77.1
2026-09-21 14:34:45,20260921,17,9,2-6-4,474.8
2026-09-21 14:34:45,20260921,17,9,2-6-5,344.5
2026-09-21 14:34:45,20260921,17,9,3-1-2,7.9
2026-09-21 14:34:45,20260921,17,9,3-1-4,75.3
2026-09-21 14:34:45,20260921,17,9,3-1-5,41.3
2026-09-21 14:34:45,20260921,17,9,3-1-6,22.7
2026-09-21 14:34:45,20260921,17,9,3-2-1,6.7
2026-09-21 14:34:45,20260921,17,9,3-2-4,45.2
2026-09-21 14:34:45,20260921,17,9,3-2-5,21.8
2026-09-21 14:34:45,20260921,17,9,3-2-6,10.9
2026-09-21 14:34:45,20260921,17,9,3-4-1,151.2
2026-09-21 14:34:45,20260921,17,9,3-4-2,116.5
2026-09-21 14:34:45,20260921,17,9,3-4-5,197.1
2026-09-21 14:34:45,20260921,17,9,3-4-6,143.1
2026-09-21 14:34:45,20260921,17,9,3-5-1,83.5
2026-09-21 14:34:45,20260921,17,9,3-5-2,51.6
2026-09-21 14:34:45,20260921,17,9,3-5-4,219.9
2026-09-21 14:34:45,20260921,17,9,3-5-6,68.9
2026-09-21 14:34:45,20260921,17,9,3-6-1,43.5
2026-09-21 14:34:45,20260921,17,9,3-6-2,27.3
2026-09-21 14:34:45,20260921,17,9,3-6-4,153.2
2026-09-21 14:34:45,20260921,17,9,3-6-5,70.8
2026-09-21 14:34:45,20260921,17,9,4-1-2,585.5
2026-09-21 14:34:45,20260921,17,9,4-1-3,552.3
2026-09-21 14:34:45,20260921,17,9,4-1-5,998.3
2026-09-21 14:34:45,20260921,17,9,4-1-6,938.2
2026-09-21 14:34:45,20260921,17,9,4-2-1,671.3
2026-09-21 14:34:45,20260921,17,9,4-2-3,463.5
2026-09-21 14:34:45,20260921,17,9,4-2-5,1066.0
2026-09-21 14:34:45,20260921,17,9,4-2-6,638.3
2026-09-21 14:34:45,20260921,17,9,4-3-1,748.7
2026-09-21 14:34:45,20260921,17,9,4-3-2,537.0
2026-09-21 14:34:45,20260921,17,9,4-3-5,1024.0
2026-09-21 14:34:45,20260921,17,9,4-3-6,608.3
2026-09-21 14:34:45,20260921,17,9,4-5-1,1946.0
2026-09-21 14:34:45,20260921,17,9,4-5-2,1297.0
2026-09-21 14:34:45,20260921,17,9,4-5-3,1145.0
2026-09-21 14:34:45,20260921,17,9,4-5-6,2163.0
2026-09-21 14:34:45,20260921,17,9,4-6-1,1342.0
2026-09-21 14:34:45,20260921,17,9,4-6-2,949.6
2026-09-21 14:34:45,20260921,17,9,4-6-3,1096.0
2026-09-21 14:34:45,20260921,17,9,4-6-5,2359.0
2026-09-21 14:34:45,20260921,17,9,5-1-2,654.4
2026-09-21 14:34:45,20260921,17,9,5-1-3,425.5
2026-09-21 14:34:45,20260921,17,9,5-1-4,1179.0
2026-09-21 14:34:45,20260921,17,9,5-1-6,865.2
2026-09-21 14:34:45,20260921,17,9,5-2-1,846.4
2026-09-21 14:34:45,20260921,17,9,5-2-3,399.3
2026-09-21 14:34:45,20260921,17,9,5-2-4,701.5
2026-09-21 14:34:45,20260921,17,9,5-2-6,927.0
2026-09-21 14:34:45,20260921,17,9,5-3-1,576.8
2026-09-21 14:34:45,20260921,17,9,5-3-2,412.0
2026-09-21 14:34:45,20260921,17,9,5-3-4,1769.0
2026-09-21 14:34:45,20260921,17,9,5-3-6,778.7
2026-09-21 14:34:45,20260921,17,9,5-4-1,2163.0
2026-09-21 14:34:45,20260921,17,9,5-4-2,1769.0
2026-09-21 14:34:45,20260921,17,9,5-4-3,2163.0
2026-09-21 14:34:45,20260921,17,9,5-4-6,2290.0
2026-09-21 14:34:45,20260921,17,9,5-6-1,1256.0
2026-09-21 14:34:45,20260921,17,9,5-6-2,961.4
2026-09-21 14:34:45,20260921,17,9,5-6-3,855.7
2026-09-21 14:34:45,20260921,17,9,5-6-4,1390.0
2026-09-21 14:34:45,20260921,17,9,6-1-2,499.1
2026-09-21 14:34:45,20260921,17,9,6-1-3,387.4
2026-09-21 14:34:45,20260921,17,9,6-1-4,1497.0
2026-09-21 14:34:45,20260921,17,9,6-1-5,1622.0
2026-09-21 14:34:45,20260921,17,9,6-2-1,533.3
2026-09-21 14:34:45,20260921,17,9,6-2-3,175.7
2026-09-21 14:34:45,20260921,17,9,6-2-4,998.3
2026-09-21 14:34:45,20260921,17,9,6-2-5,1179.0
2026-09-21 14:34:45,20260921,17,9,6-3-1,331.3
2026-09-21 14:34:45,20260921,17,9,6-3-2,158.2
2026-09-21 14:34:45,20260921,17,9,6-3-4,734.6
2026-09-21 14:34:45,20260921,17,9,6-3-5,811.1
2026-09-21 14:34:45,20260921,17,9,6-4-1,2512.0
2026-09-21 14:34:45,20260921,17,9,6-4-2,1769.0
2026-09-21 14:34:45,20260921,17,9,6-4-3,1342.0
2026-09-21 14:34:45,20260921,17,9,6-4-5,2359.0
2026-09-21 14:34:45,20260921,17,9,6-5-1,1179.0
2026-09-21 14:34:45,20260921,17,9,6-5-2,1366.0
2026-09-21 14:34:45,20260921,17,9,6-5-3,938.2
2026-09-21 14:34:45,20260921,17,9,6-5-4,1946.0
2026-09-21 14:43:19,20260921,6,8,1-2-3,83.5
2026-09-21 14:43:19,20260921,6,8,1-2-4,37.8
2026-09-21 14:43:19,20260921,6,8,1-2-5,119.9
2026-09-21 14:43:19,20260921,6,8,1-2-6,171.3
2026-09-21 14:43:19,20260921,6,8,1-3-2,69.5
2026-09-21 14:43:19,20260921,6,8,1-3-4,19.6
2026-09-21 14:43:19,20260921,6,8,1-3-5,61.1
2026-09-21 14:43:19,20260921,6,8,1-3-6,90.3
2026-09-21 14:43:19,20260921,6,8,1-4-2,22.5
2026-09-21 14:43:19,20260921,6,8,1-4-3,10.5
2026-09-21 14:43:19,20260921,6,8,1-4-5,10.4
2026-09-21 14:43:19,20260921,6,8,1-4-6,14.1
2026-09-21 14:43:19,20260921,6,8,1-5-2,128.7
2026-09-21 14:43:19,20260921,6,8,1-5-3,107.3
2026-09-21 14:43:19,20260921,6,8,1-5-4,47.6
2026-09-21 14:43:19,20260921,6,8,1-5-6,98.7
2026-09-21 14:43:19,20260921,6,8,1-6-2,157.3
2026-09-21 14:43:19,20260921,6,8,1-6-3,135.3
2026-09-21 14:43:19,20260921,6,8,1-6-4,50.1
2026-09-21 14:43:19,20260921,6,8,1-6-5,126.9
2026-09-21 14:43:19,20260921,6,8,2-1-3,197.5
2026-09-21 14:43:19,20260921,6,8,2-1-4,132.7
2026-09-21 14:43:19,20260921,6,8,2-1-5,197.5
2026-09-21 14:43:19,20260921,6,8,2-1-6,287.3
2026-09-21 14:43:19,20260921,6,8,2-3-1,246.6
2026-09-21 14:43:19,20260921,6,8,2-3-4,139.6
2026-09-21 14:43:19,20260921,6,8,2-3-5,351.2
2026-09-21 14:43:19,20260921,6,8,2-3-6,382.1
2026-09-21 14:43:19,20260921,6,8,2-4-1,155.2
2026-09-21 14:43:19,20260921,6,8,2-4-3,141.9
2026-09-21 14:43:19,20260921,6,8,2-4-5,282.7
2026-09-21 14:43:19,20260921,6,8,2-4-6,195.3
2026-09-21 14:43:19,20260921,6,8,2-5-1,321.9
2026-09-21 14:43:19,20260921,6,8,2-5-3,366.0
2026-09-21 14:43:19,20260921,6,8,2-5-4,382.1
2026-09-21 14:43:19,20260921,6,8,2-5-6,386.3
2026-09-21 14:43:19,20260921,6,8,2-6-1,418.9
2026-09-21 14:43:19,20260921,6,8,2-6-3,434.6
2026-09-21 14:43:19,20260921,6,8,2-6-4,257.5
2026-09-21 14:43:19,20260921,6,8,2-6-5,526.8
2026-09-21 14:43:19,20260921,6,8,3-1-2,193.1
2026-09-21 14:43:19,20260921,6,8,3-1-4,62.0
2026-09-21 14:43:19,20260921,6,8,3-1-5,173.0
2026-09-21 14:43:19,20260921,6,8,3-1-6,234.9
2026-09-21 14:43:19,20260921,6,8,3-2-1,287.3
2026-09-21 14:43:19,20260921,6,8,3-2-4,138.5
2026-09-21 14:43:19,20260921,6,8,3-2-5,340.9
2026-09-21 14:43:19,20260921,6,8,3-2-6,377.9
2026-09-21 14:43:19,20260921,6,8,3-4-1,68.0
2026-09-21 14:43:19,20260921,6,8,3-4-2,128.7
2026-09-21 14:43:19,20260921,6,8,3-4-5,155.9
2026-09-21 14:43:19,20260921,6,8,3-4-6,157.3
2026-09-21 14:43:19,20260921,6,8,3-5-1,354.8
2026-09-21 14:43:19,20260921,6,8,3-5-2,248.3
2026-09-21 14:43:19,20260921,6,8,3-5-4,305.0
2026-09-21 14:43:19,20260921,6,8,3-5-6,257.5
2026-09-21 14:43:19,20260921,6,8,3-6-1,451.6
2026-09-21 14:43:19,20260921,6,8,3-6-2,570.0
2026-09-21 14:43:19,20260921,6,8,3-6-4,321.9
2026-09-21 14:43:19,20260921,6,8,3-6-5,386.3
2026-09-21 14:43:19,20260921,6,8,4-1-2,30.3
2026-09-21 14:43:19,20260921,6,8,4-1-3,16.0
2026-09-21 14:43:19,20260921,6,8,4-1-5,12.0
2026-09-21 14:43:19,20260921,6,8,4-1-6,16.3
2026-09-21 14:43:19,20260921,6,8,4-2-1,82.7
2026-09-21 14:43:19,20260921,6,8,4-2-3,97.4
2026-09-21 14:43:19,20260921,6,8,4-2-5,136.9
2026-09-21 14:43:19,20260921,6,8,4-2-6,133.7
2026-09-21 14:43:19,20260921,6,8,4-3-1,45.5
2026-09-21 14:43:19,20260921,6,8,4-3-2,114.0
2026-09-21 14:43:19,20260921,6,8,4-3-5,115.1
2026-09-21 14:43:19,20260921,6,8,4-3-6,101.3
2026-09-21 14:43:19,20260921,6,8,4-5-1,25.6
2026-09-21 14:43:19,20260921,6,8,4-5-2,91.0
2026-09-21 14:43:19,20260921,6,8,4-5-3,88.0
2026-09-21 14:43:19,20260921,6,8,4-5-6,35.9
2026-09-21 14:43:19,20260921,6,8,4-6-1,37.5
2026-09-21 14:43:19,20260921,6,8,4-6-2,129.2
2026-09-21 14:43:19,20260921,6,8,4-6-3,106.6
2026-09-21 14:43:19,20260921,6,8,4-6-5,58.2
2026-09-21 14:43:19,20260921,6,8,5-1-2,221.4
2026-09-21 14:43:19,20260921,6,8,5-1-3,267.5
2026-09-21 14:43:19,20260921,6,8,5-1-4,119.0
2026-09-21 14:43:19,20260921,6,8,5-1-6,265.4
2026-09-21 14:43:19,20260921,6,8,5-2-1,278.2
2026-09-21 14:43:19,20260921,6,8,5-2-3,390.7
2026-09-21 14:43:19,20260921,6,8,5-2-4,358.5
2026-09-21 14:43:19,20260921,6,8,5-2-6,463.6
2026-09-21 14:43:19,20260921,6,8,5-3-1,390.7
2026-09-21 14:43:19,20260921,6,8,5-3-2,526.8
2026-09-21 14:43:19,20260921,6,8,5-3-4,321.9
2026-09-21 14:43:19,20260921,6,8,5-3-6,535.0
2026-09-21 14:43:19,20260921,6,8,5-4-1,118.2
2026-09-21 14:43:19,20260921,6,8,5-4-2,351.2
2026-09-21 14:43:19,20260921,6,8,5-4-3,305.0
2026-09-21 14:43:19,20260921,6,8,5-4-6,141.9
2026-09-21 14:43:19,20260921,6,8,5-6-1,399.7
2026-09-21 14:43:19,20260921,6,8,5-6-2,551.9
2026-09-21 14:43:19,20260921,6,8,5-6-3,543.3
2026-09-21 14:43:19,20260921,6,8,5-6-4,199.8
2026-09-21 14:43:19,20260921,6,8,6-1-2,377.9
2026-09-21 14:43:19,20260921,6,8,6-1-3,413.9
2026-09-21 14:43:19,20260921,6,8,6-1-4,136.9
2026-09-21 14:43:19,20260921,6,8,6-1-5,331.1
2026-09-21 14:43:19,20260921,6,8,6-2-1,681.8
2026-09-21 14:43:19,20260921,6,8,6-2-3,632.2
2026-09-21 14:43:19,20260921,6,8,6-2-4,511.4
2026-09-21 14:43:19,20260921,6,8,6-2-5,848.1
2026-09-21 14:43:19,20260921,6,8,6-3-1,668.7
2026-09-21 14:43:19,20260921,6,8,6-3-2,848.1
2026-09-21 14:43:19,20260921,6,8,6-3-4,413.9
2026-09-21 14:43:19,20260921,6,8,6-3-5,724.4
2026-09-21 14:43:19,20260921,6,8,6-4-1,128.7
2026-09-21 14:43:19,20260921,6,8,6-4-2,469.9
2026-09-21 14:43:19,20260921,6,8,6-4-3,358.5
2026-09-21 14:43:19,20260921,6,8,6-4-5,185.9
2026-09-21 14:43:19,20260921,6,8,6-5-1,366.0
2026-09-21 14:43:19,20260921,6,8,6-5-2,790.3
2026-09-21 14:43:19,20260921,6,8,6-5-3,589.4
2026-09-21 14:43:19,20260921,6,8,6-5-4,212.0
2026-09-21 14:48:41,20260921,13,10,1-2-3,7.6
2026-09-21 14:48:41,20260921,13,10,1-2-4,4.6
2026-09-21 14:48:41,20260921,13,10,1-2-5,9.1
2026-09-21 14:48:41,20260921,13,10,1-2-6,51.5
2026-09-21 14:48:41,20260921,13,10,1-3-2,19.4
2026-09-21 14:48:41,20260921,13,10,1-3-4,22.5
2026-09-21 14:48:41,20260921,13,10,1-3-5,41.2
2026-09-21 14:48:41,20260921,13,10,1-3-6,104.0
2026-09-21 14:48:41,20260921,13,10,1-4-2,7.8
2026-09-21 14:48:41,20260921,13,10,1-4-3,21.1
2026-09-21 14:48:41,20260921,13,10,1-4-5,15.7
2026-09-21 14:48:41,20260921,13,10,1-4-6,64.2
2026-09-21 14:48:41,20260921,13,10,1-5-2,18.5
2026-09-21 14:48:41,20260921,13,10,1-5-3,45.4
2026-09-21 14:48:41,20260921,13,10,1-5-4,29.6
2026-09-21 14:48:41,20260921,13,10,1-5-6,78.3
2026-09-21 14:48:41,20260921,13,10,1-6-2,127.6
2026-09-21 14:48:41,20260921,13,10,1-6-3,170.4
2026-09-21 14:48:41,20260921,13,10,1-6-4,134.9
2026-09-21 14:48:41,20260921,13,10,1-6-5,176.7
2026-09-21 14:48:41,20260921,13,10,2-1-3,52.4
2026-09-21 14:48:41,20260921,13,10,2-1-4,29.1
2026-09-21 14:48:41,20260921,13,10,2-1-5,52.2
2026-09-21 14:48:41,20260921,13,10,2-1-6,156.1
2026-09-21 14:48:41,20260921,13,10,2-3-1,227.5
2026-09-21 14:48:41,20260921,13,10,2-3-4,347.7
2026-09-21 14:48:41,20260921,13,10,2-3-5,436.5
2026-09-21 14:48:41,20260921,13,10,2-3-6,1222.0
2026-09-21 14:48:41,20260921,13,10,2-4-1,96.7
2026-09-21 14:48:41,20260921,13,10,2-4-3,277.7
2026-09-21 14:48:41,20260921,13,10,2-4-5,236.3
2026-09-21 14:48:41,20260921,13,10,2-4-6,763.9
2026-09-21 14:48:41,20260921,13,10,2-5-1,196.2
2026-09-21 14:48:41,20260921,13,10,2-5-3,475.3
2026-09-21 14:48:41,20260921,13,10,2-5-4,307.7
2026-09-21 14:48:41,20260921,13,10,2-5-6,712.9
2026-09-21 14:48:41,20260921,13,10,2-6-1,503.2
2026-09-21 14:48:41,20260921,13,10,2-6-3,1188.0
2026-09-21 14:48:41,20260921,13,10,2-6-4,1296.0
2026-09-21 14:48:41,20260921,13,10,2-6-5,929.9
2026-09-21 14:48:41,20260921,13,10,3-1-2,203.7
2026-09-21 14:48:41,20260921,13,10,3-1-4,227.5
2026-09-21 14:48:41,20260921,13,10,3-1-5,259.2
2026-09-21 14:48:41,20260921,13,10,3-1-6,541.5
2026-09-21 14:48:41,20260921,13,10,3-2-1,285.1
2026-09-21 14:48:41,20260921,13,10,3-2-4,432.1
2026-09-21 14:48:41,20260921,13,10,3-2-5,411.3
2026-09-21 14:48:41,20260921,13,10,3-2-6,807.1
2026-09-21 14:48:41,20260921,13,10,3-4-1,427.7
2026-09-21 14:48:41,20260921,13,10,3-4-2,515.4
2026-09-21 14:48:41,20260921,13,10,3-4-5,1069.0
2026-09-21 14:48:41,20260921,13,10,3-4-6,1188.0
2026-09-21 14:48:41,20260921,13,10,3-5-1,619.9
2026-09-21 14:48:41,20260921,13,10,3-5-2,375.2
2026-09-21 14:48:41,20260921,13,10,3-5-4,1096.0
2026-09-21 14:48:41,20260921,13,10,3-5-6,777.8
2026-09-21 14:48:41,20260921,13,10,3-6-1,1336.0
2026-09-21 14:48:41,20260921,13,10,3-6-2,1711.0
2026-09-21 14:48:41,20260921,13,10,3-6-4,1944.0
2026-09-21 14:48:41,20260921,13,10,3-6-5,1336.0
2026-09-21 14:48:41,20260921,13,10,4-1-2,50.5
2026-09-21 14:48:41,20260921,13,10,4-1-3,151.6
2026-09-21 14:48:41,20260921,13,10,4-1-5,65.7
2026-09-21 14:48:41,20260921,13,10,4-1-6,212.8
2026-09-21 14:48:41,20260921,13,10,4-2-1,92.3
2026-09-21 14:48:41,20260921,13,10,4-2-3,396.1
2026-09-21 14:48:41,20260921,13,10,4-2-5,229.9
2026-09-21 14:48:41,20260921,13,10,4-2-6,464.9
2026-09-21 14:48:41,20260921,13,10,4-3-1,541.5
2026-09-21 14:48:41,20260921,13,10,4-3-2,750.5
2026-09-21 14:48:41,20260921,13,10,4-3-5,929.9
2026-09-21 14:48:41,20260921,13,10,4-3-6,855.5
2026-09-21 14:48:41,20260921,13,10,4-5-1,120.5
2026-09-21 14:48:41,20260921,13,10,4-5-2,160.2
2026-09-21 14:48:41,20260921,13,10,4-5-3,611.1
2026-09-21 14:48:41,20260921,13,10,4-5-6,218.2
2026-09-21 14:48:41,20260921,13,10,4-6-1,679.0
2026-09-21 14:48:41,20260921,13,10,4-6-2,648.1
2026-09-21 14:48:41,20260921,13,10,4-6-3,1258.0
2026-09-21 14:48:41,20260921,13,10,4-6-5,763.9
2026-09-21 14:48:41,20260921,13,10,5-1-2,156.1
2026-09-21 14:48:41,20260921,13,10,5-1-3,344.9
2026-09-21 14:48:41,20260921,13,10,5-1-4,167.1
2026-09-21 14:48:41,20260921,13,10,5-1-6,321.6
2026-09-21 14:48:41,20260921,13,10,5-2-1,297.0
2026-09-21 14:48:41,20260921,13,10,5-2-3,648.1
2026-09-21 14:48:41,20260921,13,10,5-2-4,385.3
2026-09-21 14:48:41,20260921,13,10,5-2-6,497.4
2026-09-21 14:48:41,20260921,13,10,5-3-1,594.1
2026-09-21 14:48:41,20260921,13,10,5-3-2,668.4
2026-09-21 14:48:41,20260921,13,10,5-3-4,1475.0
2026-09-21 14:48:41,20260921,13,10,5-3-6,1222.0
2026-09-21 14:48:41,20260921,13,10,5-4-1,203.7
2026-09-21 14:48:41,20260921,13,10,5-4-2,329.0
2026-09-21 14:48:41,20260921,13,10,5-4-3,1018.0
2026-09-21 14:48:41,20260921,13,10,5-4-6,445.6
2026-09-21 14:48:41,20260921,13,10,5-6-1,1018.0
2026-09-21 14:48:41,20260921,13,10,5-6-2,701.2
2026-09-21 14:48:41,20260921,13,10,5-6-3,1336.0
2026-09-21 14:48:41,20260921,13,10,5-6-4,792.2
2026-09-21 14:48:41,20260921,13,10,6-1-2,570.3
2026-09-21 14:48:41,20260921,13,10,6-1-3,737.5
2026-09-21 14:48:41,20260921,13,10,6-1-4,1944.0
2026-09-21 14:48:41,20260921,13,10,6-1-5,1379.0
2026-09-21 14:48:41,20260921,13,10,6-2-1,873.0
2026-09-21 14:48:41,20260921,13,10,6-2-3,1711.0
2026-09-21 14:48:41,20260921,13,10,6-2-4,1296.0
2026-09-21 14:48:41,20260921,13,10,6-2-5,1258.0
2026-09-21 14:48:41,20260921,13,10,6-3-1,1944.0
2026-09-21 14:48:41,20260921,13,10,6-3-2,2138.0
2026-09-21 14:48:41,20260921,13,10,6-3-4,1859.0
2026-09-21 14:48:41,20260921,13,10,6-3-5,2138.0
2026-09-21 14:48:41,20260921,13,10,6-4-1,2673.0
2026-09-21 14:48:41,20260921,13,10,6-4-2,1711.0
2026-09-21 14:48:41,20260921,13,10,6-4-3,2138.0
2026-09-21 14:48:41,20260921,13,10,6-4-5,1584.0
2026-09-21 14:48:41,20260921,13,10,6-5-1,1156.0
2026-09-21 14:48:41,20260921,13,10,6-5-2,994.8
2026-09-21 14:48:41,20260921,13,10,6-5-3,2376.0
2026-09-21 14:48:41,20260921,13,10,6-5-4,1425.0
2026-09-21 14:54:18,20260921,16,9,1-2-3,15.2
2026-09-21 14:54:18,20260921,16,9,1-2-4,18.7
2026-09-21 14:54:18,20260921,16,9,1-2-5,40.3
2026-09-21 14:54:18,20260921,16,9,1-2-6,33.9
2026-09-21 14:54:18,20260921,16,9,1-3-2,12.8
2026-09-21 14:54:18,20260921,16,9,1-3-4,10.8
2026-09-21 14:54:18,20260921,16,9,1-3-5,22.3
2026-09-21 14:54:18,20260921,16,9,1-3-6,15.0
2026-09-21 14:54:18,20260921,16,9,1-4-2,19.1
2026-09-21 14:54:18,20260921,16,9,1-4-3,16.7
2026-09-21 14:54:18,20260921,16,9,1-4-5,32.0
2026-09-21 14:54:18,20260921,16,9,1-4-6,22.0
2026-09-21 14:54:18,20260921,16,9,1-5-2,73.2
2026-09-21 14:54:18,20260921,16,9,1-5-3,58.6
2026-09-21 14:54:18,20260921,16,9,1-5-4,58.9
2026-09-21 14:54:18,20260921,16,9,1-5-6,53.5
2026-09-21 14:54:18,20260921,16,9,1-6-2,63.8
2026-09-21 14:54:18,20260921,16,9,1-6-3,29.8
2026-09-21 14:54:18,20260921,16,9,1-6-4,64.7
2026-09-21 14:54:18,20260921,16,9,1-6-5,96.2
2026-09-21 14:54:18,20260921,16,9,2-1-3,78.3
2026-09-21 14:54:18,20260921,16,9,2-1-4,73.7
2026-09-21 14:54:18,20260921,16,9,2-1-5,123.3
2026-09-21 14:54:18,20260921,16,9,2-1-6,119.8
2026-09-21 14:54:18,20260921,16,9,2-3-1,113.7
2026-09-21 14:54:18,20260921,16,9,2-3-4,149.2
2026-09-21 14:54:18,20260921,16,9,2-3-5,315.4
2026-09-21 14:54:18,20260921,16,9,2-3-6,273.8
2026-09-21 14:54:18,20260921,16,9,2-4-1,161.8
2026-09-21 14:54:18,20260921,16,9,2-4-3,191.6
2026-09-21 14:54:18,20260921,16,9,2-4-5,437.1
2026-09-21 14:54:18,20260921,16,9,2-4-6,265.1
2026-09-21 14:54:18,20260921,16,9,2-5-1,265.1
2026-09-21 14:54:18,20260921,16,9,2-5-3,453.0
2026-09-21 14:54:18,20260921,16,9,2-5-4,408.5
2026-09-21 14:54:18,20260921,16,9,2-5-6,356.0
2026-09-21 14:54:18,20260921,16,9,2-6-1,254.2
2026-09-21 14:54:18,20260921,16,9,2-6-3,366.4
2026-09-21 14:54:18,20260921,16,9,2-6-4,470.1
2026-09-21 14:54:18,20260921,16,9,2-6-5,366.4
2026-09-21 14:54:18,20260921,16,9,3-1-2,57.6
2026-09-21 14:54:18,20260921,16,9,3-1-4,42.2
2026-09-21 14:54:18,20260921,16,9,3-1-5,56.1
2026-09-21 14:54:18,20260921,16,9,3-1-6,46.2
2026-09-21 14:54:18,20260921,16,9,3-2-1,102.5
2026-09-21 14:54:18,20260921,16,9,3-2-4,170.6
2026-09-21 14:54:18,20260921,16,9,3-2-5,197.7
2026-09-21 14:54:18,20260921,16,9,3-2-6,205.9
2026-09-21 14:54:18,20260921,16,9,3-4-1,94.7
2026-09-21 14:54:18,20260921,16,9,3-4-2,142.4
2026-09-21 14:54:18,20260921,16,9,3-4-5,144.0
2026-09-21 14:54:18,20260921,16,9,3-4-6,135.4
2026-09-21 14:54:18,20260921,16,9,3-5-1,179.2
2026-09-21 14:54:18,20260921,16,9,3-5-2,237.3
2026-09-21 14:54:18,20260921,16,9,3-5-4,283.1
2026-09-21 14:54:18,20260921,16,9,3-5-6,200.9
2026-09-21 14:54:18,20260921,16,9,3-6-1,102.1
2026-09-21 14:54:18,20260921,16,9,3-6-2,256.9
2026-09-21 14:54:18,20260921,16,9,3-6-4,232.8
2026-09-21 14:54:18,20260921,16,9,3-6-5,315.4
2026-09-21 14:54:18,20260921,16,9,4-1-2,70.9
2026-09-21 14:54:18,20260921,16,9,4-1-3,67.9
2026-09-21 14:54:18,20260921,16,9,4-1-5,88.0
2026-09-21 14:54:18,20260921,16,9,4-1-6,74.1
2026-09-21 14:54:18,20260921,16,9,4-2-1,173.0
2026-09-21 14:54:18,20260921,16,9,4-2-3,289.7
2026-09-21 14:54:18,20260921,16,9,4-2-5,332.2
2026-09-21 14:54:18,20260921,16,9,4-2-6,244.3
2026-09-21 14:54:18,20260921,16,9,4-3-1,136.9
2026-09-21 14:54:18,20260921,16,9,4-3-2,232.8
2026-09-21 14:54:18,20260921,16,9,4-3-5,286.4
2026-09-21 14:54:18,20260921,16,9,4-3-6,273.8
2026-09-21 14:54:18,20260921,16,9,4-5-1,138.4
2026-09-21 14:54:18,20260921,16,9,4-5-2,256.9
2026-09-21 14:54:18,20260921,16,9,4-5-3,265.1
2026-09-21 14:54:18,20260921,16,9,4-5-6,173.0
2026-09-21 14:54:18,20260921,16,9,4-6-1,157.7
2026-09-21 14:54:18,20260921,16,9,4-6-2,280.0
2026-09-21 14:54:18,20260921,16,9,4-6-3,239.6
2026-09-21 14:54:18,20260921,16,9,4-6-5,265.1
2026-09-21 14:54:18,20260921,16,9,5-1-2,199.3
2026-09-21 14:54:18,20260921,16,9,5-1-3,145.7
2026-09-21 14:54:18,20260921,16,9,5-1-4,230.7
2026-09-21 14:54:18,20260921,16,9,5-1-6,131.8
2026-09-21 14:54:18,20260921,16,9,5-2-1,319.4
2026-09-21 14:54:18,20260921,16,9,5-2-3,415.3
2026-09-21 14:54:18,20260921,16,9,5-2-4,445.0
2026-09-21 14:54:18,20260921,16,9,5-2-6,422.3
2026-09-21 14:54:18,20260921,16,9,5-3-1,235.0
2026-09-21 14:54:18,20260921,16,9,5-3-2,445.0
2026-09-21 14:54:18,20260921,16,9,5-3-4,488.6
2026-09-21 14:54:18,20260921,16,9,5-3-6,415.3
2026-09-21 14:54:18,20260921,16,9,5-4-1,315.4
2026-09-21 14:54:18,20260921,16,9,5-4-2,607.8
2026-09-21 14:54:18,20260921,16,9,5-4-3,530.2
2026-09-21 14:54:18,20260921,16,9,5-4-6,341.3
2026-09-21 14:54:18,20260921,16,9,5-6-1,211.1
2026-09-21 14:54:18,20260921,16,9,5-6-2,315.4
2026-09-21 14:54:18,20260921,16,9,5-6-3,341.3
2026-09-21 14:54:18,20260921,16,9,5-6-4,350.9
2026-09-21 14:54:18,20260921,16,9,6-1-2,176.7
2026-09-21 14:54:18,20260921,16,9,6-1-3,95.8
2026-09-21 14:54:18,20260921,16,9,6-1-4,218.5
2026-09-21 14:54:18,20260921,16,9,6-1-5,259.5
2026-09-21 14:54:18,20260921,16,9,6-2-1,319.4
2026-09-21 14:54:18,20260921,16,9,6-2-3,346.1
2026-09-21 14:54:18,20260921,16,9,6-2-4,445.0
2026-09-21 14:54:18,20260921,16,9,6-2-5,692.2
2026-09-21 14:54:18,20260921,16,9,6-3-1,127.7
2026-09-21 14:54:18,20260921,16,9,6-3-2,429.6
2026-09-21 14:54:18,20260921,16,9,6-3-4,262.3
2026-09-21 14:54:18,20260921,16,9,6-3-5,470.1
2026-09-21 14:54:18,20260921,16,9,6-4-1,315.4
2026-09-21 14:54:18,20260921,16,9,6-4-2,593.3
2026-09-21 14:54:18,20260921,16,9,6-4-3,401.9
2026-09-21 14:54:18,20260921,16,9,6-4-5,453.0
2026-09-21 14:54:18,20260921,16,9,6-5-1,262.3
2026-09-21 14:54:18,20260921,16,9,6-5-2,479.2
2026-09-21 14:54:18,20260921,16,9,6-5-3,445.0
2026-09-21 14:54:18,20260921,16,9,6-5-4,346.1
2026-09-21 14:54:46,20260921,16,9,1-2-3,15.2
2026-09-21 14:54:46,20260921,16,9,1-2-4,18.7
2026-09-21 14:54:46,20260921,16,9,1-2-5,40.3
2026-09-21 14:54:46,20260921,16,9,1-2-6,33.9
2026-09-21 14:54:46,20260921,16,9,1-3-2,12.8
2026-09-21 14:54:46,20260921,16,9,1-3-4,10.8
2026-09-21 14:54:46,20260921,16,9,1-3-5,22.3
2026-09-21 14:54:46,20260921,16,9,1-3-6,15.0
2026-09-21 14:54:46,20260921,16,9,1-4-2,19.1
2026-09-21 14:54:46,20260921,16,9,1-4-3,16.7
2026-09-21 14:54:46,20260921,16,9,1-4-5,32.0
2026-09-21 14:54:46,20260921,16,9,1-4-6,22.0
2026-09-21 14:54:46,20260921,16,9,1-5-2,73.2
2026-09-21 14:54:46,20260921,16,9,1-5-3,58.6
2026-09-21 14:54:46,20260921,16,9,1-5-4,58.9
2026-09-21 14:54:46,20260921,16,9,1-5-6,53.5
2026-09-21 14:54:46,20260921,16,9,1-6-2,63.8
2026-09-21 14:54:46,20260921,16,9,1-6-3,29.8
2026-09-21 14:54:46,20260921,16,9,1-6-4,64.7
2026-09-21 14:54:46,20260921,16,9,1-6-5,96.2
2026-09-21 14:54:46,20260921,16,9,2-1-3,78.3
2026-09-21 14:54:46,20260921,16,9,2-1-4,73.7
2026-09-21 14:54:46,20260921,16,9,2-1-5,123.3
2026-09-21 14:54:46,20260921,16,9,2-1-6,119.8
2026-09-21 14:54:46,20260921,16,9,2-3-1,113.7
2026-09-21 14:54:46,20260921,16,9,2-3-4,149.2
2026-09-21 14:54:46,20260921,16,9,2-3-5,315.4
2026-09-21 14:54:46,20260921,16,9,2-3-6,273.8
2026-09-21 14:54:46,20260921,16,9,2-4-1,161.8
2026-09-21 14:54:46,20260921,16,9,2-4-3,191.6
2026-09-21 14:54:46,20260921,16,9,2-4-5,437.1
2026-09-21 14:54:46,20260921,16,9,2-4-6,265.1
2026-09-21 14:54:46,20260921,16,9,2-5-1,265.1
2026-09-21 14:54:46,20260921,16,9,2-5-3,453.0
2026-09-21 14:54:46,20260921,16,9,2-5-4,408.5
2026-09-21 14:54:46,20260921,16,9,2-5-6,356.0
2026-09-21 14:54:46,20260921,16,9,2-6-1,254.2
2026-09-21 14:54:46,20260921,16,9,2-6-3,366.4
2026-09-21 14:54:46,20260921,16,9,2-6-4,470.1
2026-09-21 14:54:46,20260921,16,9,2-6-5,366.4
2026-09-21 14:54:46,20260921,16,9,3-1-2,57.6
2026-09-21 14:54:46,20260921,16,9,3-1-4,42.2
2026-09-21 14:54:46,20260921,16,9,3-1-5,56.1
2026-09-21 14:54:46,20260921,16,9,3-1-6,46.2
2026-09-21 14:54:46,20260921,16,9,3-2-1,102.5
2026-09-21 14:54:46,20260921,16,9,3-2-4,170.6
2026-09-21 14:54:46,20260921,16,9,3-2-5,197.7
2026-09-21 14:54:46,20260921,16,9,3-2-6,205.9
2026-09-21 14:54:46,20260921,16,9,3-4-1,94.7
2026-09-21 14:54:46,20260921,16,9,3-4-2,142.4
2026-09-21 14:54:46,20260921,16,9,3-4-5,144.0
2026-09-21 14:54:46,20260921,16,9,3-4-6,135.4
2026-09-21 14:54:46,20260921,16,9,3-5-1,179.2
2026-09-21 14:54:46,20260921,16,9,3-5-2,237.3
2026-09-21 14:54:46,20260921,16,9,3-5-4,283.1
2026-09-21 14:54:46,20260921,16,9,3-5-6,200.9
2026-09-21 14:54:46,20260921,16,9,3-6-1,102.1
2026-09-21 14:54:46,20260921,16,9,3-6-2,256.9
2026-09-21 14:54:46,20260921,16,9,3-6-4,232.8
2026-09-21 14:54:46,20260921,16,9,3-6-5,315.4
2026-09-21 14:54:46,20260921,16,9,4-1-2,70.9
2026-09-21 14:54:46,20260921,16,9,4-1-3,67.9
2026-09-21 14:54:46,20260921,16,9,4-1-5,88.0
2026-09-21 14:54:46,20260921,16,9,4-1-6,74.1
2026-09-21 14:54:46,20260921,16,9,4-2-1,173.0
2026-09-21 14:54:46,20260921,16,9,4-2-3,289.7
2026-09-21 14:54:46,20260921,16,9,4-2-5,332.2
2026-09-21 14:54:46,20260921,16,9,4-2-6,244.3
2026-09-21 14:54:46,20260921,16,9,4-3-1,136.9
2026-09-21 14:54:46,20260921,16,9,4-3-2,232.8
2026-09-21 14:54:46,20260921,16,9,4-3-5,286.4
2026-09-21 14:54:46,20260921,16,9,4-3-6,273.8
2026-09-21 14:54:46,20260921,16,9,4-5-1,138.4
2026-09-21 14:54:46,20260921,16,9,4-5-2,256.9
2026-09-21 14:54:46,20260921,16,9,4-5-3,265.1
2026-09-21 14:54:46,20260921,16,9,4-5-6,173.0
2026-09-21 14:54:46,20260921,16,9,4-6-1,157.7
2026-09-21 14:54:46,20260921,16,9,4-6-2,280.0
2026-09-21 14:54:46,20260921,16,9,4-6-3,239.6
2026-09-21 14:54:46,20260921,16,9,4-6-5,265.1
2026-09-21 14:54:46,20260921,16,9,5-1-2,199.3
2026-09-21 14:54:46,20260921,16,9,5-1-3,145.7
2026-09-21 14:54:46,20260921,16,9,5-1-4,230.7
2026-09-21 14:54:46,20260921,16,9,5-1-6,131.8
2026-09-21 14:54:46,20260921,16,9,5-2-1,319.4
2026-09-21 14:54:46,20260921,16,9,5-2-3,415.3
2026-09-21 14:54:46,20260921,16,9,5-2-4,445.0
2026-09-21 14:54:46,20260921,16,9,5-2-6,422.3
2026-09-21 14:54:46,20260921,16,9,5-3-1,235.0
2026-09-21 14:54:46,20260921,16,9,5-3-2,445.0
2026-09-21 14:54:46,20260921,16,9,5-3-4,488.6
2026-09-21 14:54:46,20260921,16,9,5-3-6,415.3
2026-09-21 14:54:46,20260921,16,9,5-4-1,315.4
2026-09-21 14:54:46,20260921,16,9,5-4-2,607.8
2026-09-21 14:54:46,20260921,16,9,5-4-3,530.2
2026-09-21 14:54:46,20260921,16,9,5-4-6,341.3
2026-09-21 14:54:46,20260921,16,9,5-6-1,211.1
2026-09-21 14:54:46,20260921,16,9,5-6-2,315.4
2026-09-21 14:54:46,20260921,16,9,5-6-3,341.3
2026-09-21 14:54:46,20260921,16,9,5-6-4,350.9
2026-09-21 14:54:46,20260921,16,9,6-1-2,176.7
2026-09-21 14:54:46,20260921,16,9,6-1-3,95.8
2026-09-21 14:54:46,20260921,16,9,6-1-4,218.5
2026-09-21 14:54:46,20260921,16,9,6-1-5,259.5
2026-09-21 14:54:46,20260921,16,9,6-2-1,319.4
2026-09-21 14:54:46,20260921,16,9,6-2-3,346.1
2026-09-21 14:54:46,20260921,16,9,6-2-4,445.0
2026-09-21 14:54:46,20260921,16,9,6-2-5,692.2
2026-09-21 14:54:46,20260921,16,9,6-3-1,127.7
2026-09-21 14:54:46,20260921,16,9,6-3-2,429.6
2026-09-21 14:54:46,20260921,16,9,6-3-4,262.3
2026-09-21 14:54:46,20260921,16,9,6-3-5,470.1
2026-09-21 14:54:46,20260921,16,9,6-4-1,315.4
2026-09-21 14:54:46,20260921,16,9,6-4-2,593.3
2026-09-21 14:54:46,20260921,16,9,6-4-3,401.9
2026-09-21 14:54:46,20260921,16,9,6-4-5,453.0
2026-09-21 14:54:46,20260921,16,9,6-5-1,262.3
2026-09-21 14:54:46,20260921,16,9,6-5-2,479.2
2026-09-21 14:54:46,20260921,16,9,6-5-3,445.0
2026-09-21 14:54:46,20260921,16,9,6-5-4,346.1
2026-09-21 15:03:04,20260921,5,10,1-2-3,6.5
2026-09-21 15:03:04,20260921,5,10,1-2-4,17.1
2026-09-21 15:03:04,20260921,5,10,1-2-5,16.8
2026-09-21 15:03:04,20260921,5,10,1-2-6,20.3
2026-09-21 15:03:04,20260921,5,10,1-3-2,8.2
2026-09-21 15:03:04,20260921,5,10,1-3-4,12.2
2026-09-21 15:03:04,20260921,5,10,1-3-5,11.8
2026-09-21 15:03:04,20260921,5,10,1-3-6,15.3
2026-09-21 15:03:04,20260921,5,10,1-4-2,33.8
2026-09-21 15:03:04,20260921,5,10,1-4-3,33.5
2026-09-21 15:03:04,20260921,5,10,1-4-5,50.3
2026-09-21 15:03:04,20260921,5,10,1-4-6,52.2
2026-09-21 15:03:04,20260921,5,10,1-5-2,34.0
2026-09-21 15:03:04,20260921,5,10,1-5-3,30.4
2026-09-21 15:03:04,20260921,5,10,1-5-4,60.9
2026-09-21 15:03:04,20260921,5,10,1-5-6,51.5
2026-09-21 15:03:04,20260921,5,10,1-6-2,57.4
2026-09-21 15:03:04,20260921,5,10,1-6-3,51.5
2026-09-21 15:03:04,20260921,5,10,1-6-4,93.9
2026-09-21 15:03:04,20260921,5,10,1-6-5,83.2
2026-09-21 15:03:04,20260921,5,10,2-1-3,35.8
2026-09-21 15:03:04,20260921,5,10,2-1-4,66.0
2026-09-21 15:03:04,20260921,5,10,2-1-5,66.1
2026-09-21 15:03:04,20260921,5,10,2-1-6,73.9
2026-09-21 15:03:04,20260921,5,10,2-3-1,77.6
2026-09-21 15:03:04,20260921,5,10,2-3-4,216.5
2026-09-21 15:03:04,20260921,5,10,2-3-5,235.3
2026-09-21 15:03:04,20260921,5,10,2-3-6,279.5
2026-09-21 15:03:04,20260921,5,10,2-4-1,219.4
2026-09-21 15:03:04,20260921,5,10,2-4-3,340.0
2026-09-21 15:03:04,20260921,5,10,2-4-5,452.8
2026-09-21 15:03:04,20260921,5,10,2-4-6,356.3
2026-09-21 15:03:04,20260921,5,10,2-5-1,206.3
2026-09-21 15:03:04,20260921,5,10,2-5-3,355.6
2026-09-21 15:03:04,20260921,5,10,2-5-4,520.0
2026-09-21 15:03:04,20260921,5,10,2-5-6,375.0
2026-09-21 15:03:04,20260921,5,10,2-6-1,246.0
2026-09-21 15:03:04,20260921,5,10,2-6-3,416.0
2026-09-21 15:03:04,20260921,5,10,2-6-4,543.7
2026-09-21 15:03:04,20260921,5,10,2-6-5,441.6
2026-09-21 15:03:04,20260921,5,10,3-1-2,40.9
2026-09-21 15:03:04,20260921,5,10,3-1-4,55.5
2026-09-21 15:03:04,20260921,5,10,3-1-5,48.6
2026-09-21 15:03:04,20260921,5,10,3-1-6,57.3
2026-09-21 15:03:04,20260921,5,10,3-2-1,88.2
2026-09-21 15:03:04,20260921,5,10,3-2-4,208.0
2026-09-21 15:03:04,20260921,5,10,3-2-5,220.5
2026-09-21 15:03:04,20260921,5,10,3-2-6,231.4
2026-09-21 15:03:04,20260921,5,10,3-4-1,139.4
2026-09-21 15:03:04,20260921,5,10,3-4-2,245.7
2026-09-21 15:03:04,20260921,5,10,3-4-5,233.2
2026-09-21 15:03:04,20260921,5,10,3-4-6,207.2
2026-09-21 15:03:04,20260921,5,10,3-5-1,133.5
2026-09-21 15:03:04,20260921,5,10,3-5-2,251.5
2026-09-21 15:03:04,20260921,5,10,3-5-4,287.1
2026-09-21 15:03:04,20260921,5,10,3-5-6,232.9
2026-09-21 15:03:04,20260921,5,10,3-6-1,168.4
2026-09-21 15:03:04,20260921,5,10,3-6-2,388.8
2026-09-21 15:03:04,20260921,5,10,3-6-4,334.3
2026-09-21 15:03:04,20260921,5,10,3-6-5,357.7
2026-09-21 15:03:04,20260921,5,10,4-1-2,232.3
2026-09-21 15:03:04,20260921,5,10,4-1-3,244.7
2026-09-21 15:03:04,20260921,5,10,4-1-5,263.8
2026-09-21 15:03:04,20260921,5,10,4-1-6,311.1
2026-09-21 15:03:04,20260921,5,10,4-2-1,398.4
2026-09-21 15:03:04,20260921,5,10,4-2-3,667.4
2026-09-21 15:03:04,20260921,5,10,4-2-5,917.3
2026-09-21 15:03:04,20260921,5,10,4-2-6,657.6
2026-09-21 15:03:04,20260921,5,10,4-3-1,361.3
2026-09-21 15:03:04,20260921,5,10,4-3-2,667.4
2026-09-21 15:03:04,20260921,5,10,4-3-5,537.1
2026-09-21 15:03:04,20260921,5,10,4-3-6,477.0
2026-09-21 15:03:04,20260921,5,10,4-5-1,435.2
2026-09-21 15:03:04,20260921,5,10,4-5-2,767.7
2026-09-21 15:03:04,20260921,5,10,4-5-3,742.2
2026-09-21 15:03:04,20260921,5,10,4-5-6,693.3
2026-09-21 15:03:04,20260921,5,10,4-6-1,665.0
2026-09-21 15:03:04,20260921,5,10,4-6-2,816.8
2026-09-21 15:03:04,20260921,5,10,4-6-3,813.1
2026-09-21 15:03:04,20260921,5,10,4-6-5,1315.0
2026-09-21 15:03:04,20260921,5,10,5-1-2,194.4
2026-09-21 15:03:04,20260921,5,10,5-1-3,186.5
2026-09-21 15:03:04,20260921,5,10,5-1-4,338.1
2026-09-21 15:03:04,20260921,5,10,5-1-6,202.1
2026-09-21 15:03:04,20260921,5,10,5-2-1,325.2
2026-09-21 15:03:04,20260921,5,10,5-2-3,618.9
2026-09-21 15:03:04,20260921,5,10,5-2-4,941.5
2026-09-21 15:03:04,20260921,5,10,5-2-6,491.4
2026-09-21 15:03:04,20260921,5,10,5-3-1,311.1
2026-09-21 15:03:04,20260921,5,10,5-3-2,757.9
2026-09-21 15:03:04,20260921,5,10,5-3-4,1010.0
2026-09-21 15:03:04,20260921,5,10,5-3-6,742.2
2026-09-21 15:03:04,20260921,5,10,5-4-1,594.3
2026-09-21 15:03:04,20260921,5,10,5-4-2,1184.0
2026-09-21 15:03:04,20260921,5,10,5-4-3,707.0
2026-09-21 15:03:04,20260921,5,10,5-4-6,1016.0
2026-09-21 15:03:04,20260921,5,10,5-6-1,421.8
2026-09-21 15:03:04,20260921,5,10,5-6-2,843.7
2026-09-21 15:03:04,20260921,5,10,5-6-3,941.5
2026-09-21 15:03:04,20260921,5,10,5-6-4,1077.0
2026-09-21 15:03:04,20260921,5,10,6-1-2,248.4
2026-09-21 15:03:04,20260921,5,10,6-1-3,288.5
2026-09-21 15:03:04,20260921,5,10,6-1-4,667.4
2026-09-21 15:03:04,20260921,5,10,6-1-5,459.8
2026-09-21 15:03:04,20260921,5,10,6-2-1,418.9
2026-09-21 15:03:04,20260921,5,10,6-2-3,824.3
2026-09-21 15:03:04,20260921,5,10,6-2-4,1104.0
2026-09-21 15:03:04,20260921,5,10,6-2-5,1200.0
2026-09-21 15:03:04,20260921,5,10,6-3-1,437.3
2026-09-21 15:03:04,20260921,5,10,6-3-2,941.5
2026-09-21 15:03:04,20260921,5,10,6-3-4,961.7
2026-09-21 15:03:04,20260921,5,10,6-3-5,1242.0
2026-09-21 15:03:04,20260921,5,10,6-4-1,1118.0
2026-09-21 15:03:04,20260921,5,10,6-4-2,1325.0
2026-09-21 15:03:04,20260921,5,10,6-4-3,1259.0
2026-09-21 15:03:04,20260921,5,10,6-4-5,1077.0
2026-09-21 15:03:04,20260921,5,10,6-5-1,584.5
2026-09-21 15:03:04,20260921,5,10,6-5-2,1176.0
2026-09-21 15:03:04,20260921,5,10,6-5-3,1296.0
2026-09-21 15:03:04,20260921,5,10,6-5-4,1345.0
2026-09-21 15:11:31,20260921,12,1,1-2-3,29.6
2026-09-21 15:11:31,20260921,12,1,1-2-4,5.8
2026-09-21 15:11:31,20260921,12,1,1-2-5,9.2
2026-09-21 15:11:31,20260921,12,1,1-2-6,21.1
2026-09-21 15:11:31,20260921,12,1,1-3-2,63.3
2026-09-21 15:11:31,20260921,12,1,1-3-4,74.0
2026-09-21 15:11:31,20260921,12,1,1-3-5,117.8
2026-09-21 15:11:31,20260921,12,1,1-3-6,133.2
2026-09-21 15:11:31,20260921,12,1,1-4-2,8.6
2026-09-21 15:11:31,20260921,12,1,1-4-3,59.0
2026-09-21 15:11:31,20260921,12,1,1-4-5,13.8
2026-09-21 15:11:31,20260921,12,1,1-4-6,25.9
2026-09-21 15:11:31,20260921,12,1,1-5-2,19.4
2026-09-21 15:11:31,20260921,12,1,1-5-3,101.1
2026-09-21 15:11:31,20260921,12,1,1-5-4,23.1
2026-09-21 15:11:31,20260921,12,1,1-5-6,54.7
2026-09-21 15:11:31,20260921,12,1,1-6-2,52.2
2026-09-21 15:11:31,20260921,12,1,1-6-3,179.3
2026-09-21 15:11:31,20260921,12,1,1-6-4,59.9
2026-09-21 15:11:31,20260921,12,1,1-6-5,100.7
2026-09-21 15:11:31,20260921,12,1,2-1-3,83.6
2026-09-21 15:11:31,20260921,12,1,2-1-4,26.0
2026-09-21 15:11:31,20260921,12,1,2-1-5,38.6
2026-09-21 15:11:31,20260921,12,1,2-1-6,65.4
2026-09-21 15:11:31,20260921,12,1,2-3-1,279.5
2026-09-21 15:11:31,20260921,12,1,2-3-4,186.3
2026-09-21 15:11:31,20260921,12,1,2-3-5,206.6
2026-09-21 15:11:31,20260921,12,1,2-3-6,380.2
2026-09-21 15:11:31,20260921,12,1,2-4-1,70.0
2026-09-21 15:11:31,20260921,12,1,2-4-3,206.6
2026-09-21 15:11:31,20260921,12,1,2-4-5,111.8
2026-09-21 15:11:31,20260921,12,1,2-4-6,141.8
2026-09-21 15:11:31,20260921,12,1,2-5-1,121.8
2026-09-21 15:11:31,20260921,12,1,2-5-3,327.7
2026-09-21 15:11:31,20260921,12,1,2-5-4,173.8
2026-09-21 15:11:31,20260921,12,1,2-5-6,241.6
2026-09-21 15:11:31,20260921,12,1,2-6-1,203.7
2026-09-21 15:11:31,20260921,12,1,2-6-3,538.0
2026-09-21 15:11:31,20260921,12,1,2-6-4,264.0
2026-09-21 15:11:31,20260921,12,1,2-6-5,452.6
2026-09-21 15:11:31,20260921,12,1,3-1-2,221.0
2026-09-21 15:11:31,20260921,12,1,3-1-4,266.5
2026-09-21 15:11:31,20260921,12,1,3-1-5,194.0
2026-09-21 15:11:31,20260921,12,1,3-1-6,419.3
2026-09-21 15:11:31,20260921,12,1,3-2-1,390.6
2026-09-21 15:11:31,20260921,12,1,3-2-4,347.7
2026-09-21 15:11:31,20260921,12,1,3-2-5,419.3
2026-09-21 15:11:31,20260921,12,1,3-2-6,425.6
2026-09-21 15:11:31,20260921,12,1,3-4-1,518.5
2026-09-21 15:11:31,20260921,12,1,3-4-2,352.0
2026-09-21 15:11:31,20260921,12,1,3-4-5,606.7
2026-09-21 15:11:31,20260921,12,1,3-4-6,500.3
2026-09-21 15:11:31,20260921,12,1,3-5-1,375.2
2026-09-21 15:11:31,20260921,12,1,3-5-2,343.5
2026-09-21 15:11:31,20260921,12,1,3-5-4,594.1
2026-09-21 15:11:31,20260921,12,1,3-5-6,648.1
2026-09-21 15:11:31,20260921,12,1,3-6-1,594.1
2026-09-21 15:11:31,20260921,12,1,3-6-2,712.9
2026-09-21 15:11:31,20260921,12,1,3-6-4,594.1
2026-09-21 15:11:31,20260921,12,1,3-6-5,731.2
2026-09-21 15:11:31,20260921,12,1,4-1-2,35.2
2026-09-21 15:11:31,20260921,12,1,4-1-3,203.7
2026-09-21 15:11:31,20260921,12,1,4-1-5,33.3
2026-09-21 15:11:31,20260921,12,1,4-1-6,79.6
2026-09-21 15:11:31,20260921,12,1,4-2-1,74.2
2026-09-21 15:11:31,20260921,12,1,4-2-3,365.6
2026-09-21 15:11:31,20260921,12,1,4-2-5,148.5
2026-09-21 15:11:31,20260921,12,1,4-2-6,177.1
2026-09-21 15:11:31,20260921,12,1,4-3-1,548.4
2026-09-21 15:11:31,20260921,12,1,4-3-2,559.1
2026-09-21 15:11:31,20260921,12,1,4-3-5,695.5
2026-09-21 15:11:31,20260921,12,1,4-3-6,582.0
2026-09-21 15:11:31,20260921,12,1,4-5-1,82.4
2026-09-21 15:11:31,20260921,12,1,4-5-2,129.0
2026-09-21 15:11:31,20260921,12,1,4-5-3,413.3
2026-09-21 15:11:31,20260921,12,1,4-5-6,152.5
2026-09-21 15:11:31,20260921,12,1,4-6-1,177.1
2026-09-21 15:11:31,20260921,12,1,4-6-2,164.8
2026-09-21 15:11:31,20260921,12,1,4-6-3,548.4
2026-09-21 15:11:31,20260921,12,1,4-6-5,276.8
2026-09-21 15:11:31,20260921,12,1,5-1-2,86.6
2026-09-21 15:11:31,20260921,12,1,5-1-3,191.3
2026-09-21 15:11:31,20260921,12,1,5-1-4,101.8
2026-09-21 15:11:31,20260921,12,1,5-1-6,132.0
2026-09-21 15:11:31,20260921,12,1,5-2-1,162.9
2026-09-21 15:11:31,20260921,12,1,5-2-3,401.6
2026-09-21 15:11:31,20260921,12,1,5-2-4,205.1
2026-09-21 15:11:31,20260921,12,1,5-2-6,352.0
2026-09-21 15:11:31,20260921,12,1,5-3-1,712.9
2026-09-21 15:11:31,20260921,12,1,5-3-2,648.1
2026-09-21 15:11:31,20260921,12,1,5-3-4,679.0
2026-09-21 15:11:31,20260921,12,1,5-3-6,770.7
2026-09-21 15:11:31,20260921,12,1,5-4-1,154.9
2026-09-21 15:11:31,20260921,12,1,5-4-2,203.7
2026-09-21 15:11:31,20260921,12,1,5-4-3,712.9
2026-09-21 15:11:31,20260921,12,1,5-4-6,294.0
2026-09-21 15:11:31,20260921,12,1,5-6-1,380.2
2026-09-21 15:11:31,20260921,12,1,5-6-2,445.5
2026-09-21 15:11:31,20260921,12,1,5-6-3,648.1
2026-09-21 15:11:31,20260921,12,1,5-6-4,538.0
2026-09-21 15:11:31,20260921,12,1,6-1-2,133.8
2026-09-21 15:11:31,20260921,12,1,6-1-3,445.5
2026-09-21 15:11:31,20260921,12,1,6-1-4,297.0
2026-09-21 15:11:31,20260921,12,1,6-1-5,370.3
2026-09-21 15:11:31,20260921,12,1,6-2-1,300.1
2026-09-21 15:11:31,20260921,12,1,6-2-3,582.0
2026-09-21 15:11:31,20260921,12,1,6-2-4,327.7
2026-09-21 15:11:31,20260921,12,1,6-2-5,538.0
2026-09-21 15:11:31,20260921,12,1,6-3-1,594.1
2026-09-21 15:11:31,20260921,12,1,6-3-2,731.2
2026-09-21 15:11:31,20260921,12,1,6-3-4,425.6
2026-09-21 15:11:31,20260921,12,1,6-3-5,950.6
2026-09-21 15:11:31,20260921,12,1,6-4-1,401.6
2026-09-21 15:11:31,20260921,12,1,6-4-2,320.4
2026-09-21 15:11:31,20260921,12,1,6-4-3,731.2
2026-09-21 15:11:31,20260921,12,1,6-4-5,679.0
2026-09-21 15:11:31,20260921,12,1,6-5-1,483.3
2026-09-21 15:11:31,20260921,12,1,6-5-2,606.7
2026-09-21 15:11:31,20260921,12,1,6-5-3,814.8
2026-09-21 15:11:31,20260921,12,1,6-5-4,695.5
2026-09-21 15:11:42,20260921,15,1,1-2-3,17.7
2026-09-21 15:11:42,20260921,15,1,1-2-4,13.1
2026-09-21 15:11:42,20260921,15,1,1-2-5,55.3
2026-09-21 15:11:42,20260921,15,1,1-2-6,19.6
2026-09-21 15:11:42,20260921,15,1,1-3-2,27.0
2026-09-21 15:11:42,20260921,15,1,1-3-4,23.9
2026-09-21 15:11:42,20260921,15,1,1-3-5,39.5
2026-09-21 15:11:42,20260921,15,1,1-3-6,24.8
2026-09-21 15:11:42,20260921,15,1,1-4-2,20.2
2026-09-21 15:11:42,20260921,15,1,1-4-3,23.4
2026-09-21 15:11:42,20260921,15,1,1-4-5,36.0
2026-09-21 15:11:42,20260921,15,1,1-4-6,17.4
2026-09-21 15:11:42,20260921,15,1,1-5-2,69.2
2026-09-21 15:11:42,20260921,15,1,1-5-3,71.6
2026-09-21 15:11:42,20260921,15,1,1-5-4,75.2
2026-09-21 15:11:42,20260921,15,1,1-5-6,59.7
2026-09-21 15:11:42,20260921,15,1,1-6-2,30.8
2026-09-21 15:11:42,20260921,15,1,1-6-3,41.0
2026-09-21 15:11:42,20260921,15,1,1-6-4,27.5
2026-09-21 15:11:42,20260921,15,1,1-6-5,63.0
2026-09-21 15:11:42,20260921,15,1,2-1-3,83.5
2026-09-21 15:11:42,20260921,15,1,2-1-4,62.8
2026-09-21 15:11:42,20260921,15,1,2-1-5,120.5
2026-09-21 15:11:42,20260921,15,1,2-1-6,52.4
2026-09-21 15:11:42,20260921,15,1,2-3-1,134.1
2026-09-21 15:11:42,20260921,15,1,2-3-4,157.4
2026-09-21 15:11:42,20260921,15,1,2-3-5,328.4
2026-09-21 15:11:42,20260921,15,1,2-3-6,241.1
2026-09-21 15:11:42,20260921,15,1,2-4-1,120.5
2026-09-21 15:11:42,20260921,15,1,2-4-3,218.9
2026-09-21 15:11:42,20260921,15,1,2-4-5,288.6
2026-09-21 15:11:42,20260921,15,1,2-4-6,167.1
2026-09-21 15:11:42,20260921,15,1,2-5-1,280.1
2026-09-21 15:11:42,20260921,15,1,2-5-3,165.6
2026-09-21 15:11:42,20260921,15,1,2-5-4,366.3
2026-09-21 15:11:42,20260921,15,1,2-5-6,373.5
2026-09-21 15:11:42,20260921,15,1,2-6-1,156.1
2026-09-21 15:11:42,20260921,15,1,2-6-3,307.2
2026-09-21 15:11:42,20260921,15,1,2-6-4,293.0
2026-09-21 15:11:42,20260921,15,1,2-6-5,443.0
2026-09-21 15:11:42,20260921,15,1,3-1-2,72.4
2026-09-21 15:11:42,20260921,15,1,3-1-4,66.6
2026-09-21 15:11:42,20260921,15,1,3-1-5,59.1
2026-09-21 15:11:42,20260921,15,1,3-1-6,55.3
2026-09-21 15:11:42,20260921,15,1,3-2-1,132.2
2026-09-21 15:11:42,20260921,15,1,3-2-4,160.0
2026-09-21 15:11:42,20260921,15,1,3-2-5,352.7
2026-09-21 15:11:42,20260921,15,1,3-2-6,250.6
2026-09-21 15:11:42,20260921,15,1,3-4-1,101.8
2026-09-21 15:11:42,20260921,15,1,3-4-2,209.3
2026-09-21 15:11:42,20260921,15,1,3-4-5,202.6
2026-09-21 15:11:42,20260921,15,1,3-4-6,147.6
2026-09-21 15:11:42,20260921,15,1,3-5-1,151.1
2026-09-21 15:11:42,20260921,15,1,3-5-2,280.1
2026-09-21 15:11:42,20260921,15,1,3-5-4,284.3
2026-09-21 15:11:42,20260921,15,1,3-5-6,244.2
2026-09-21 15:11:42,20260921,15,1,3-6-1,183.1
2026-09-21 15:11:42,20260921,15,1,3-6-2,501.3
2026-09-21 15:11:42,20260921,15,1,3-6-4,186.7
2026-09-21 15:11:42,20260921,15,1,3-6-5,288.6
2026-09-21 15:11:42,20260921,15,1,4-1-2,51.6
2026-09-21 15:11:42,20260921,15,1,4-1-3,86.9
2026-09-21 15:11:42,20260921,15,1,4-1-5,52.3
2026-09-21 15:11:42,20260921,15,1,4-1-6,35.9
2026-09-21 15:11:42,20260921,15,1,4-2-1,112.7
2026-09-21 15:11:42,20260921,15,1,4-2-3,257.4
2026-09-21 15:11:42,20260921,15,1,4-2-5,218.9
2026-09-21 15:11:42,20260921,15,1,4-2-6,167.1
2026-09-21 15:11:42,20260921,15,1,4-3-1,164.2
2026-09-21 15:11:42,20260921,15,1,4-3-2,373.5
2026-09-21 15:11:42,20260921,15,1,4-3-5,414.1
2026-09-21 15:11:42,20260921,15,1,4-3-6,188.6
2026-09-21 15:11:42,20260921,15,1,4-5-1,98.7
2026-09-21 15:11:42,20260921,15,1,4-5-2,188.6
2026-09-21 15:11:42,20260921,15,1,4-5-3,241.1
2026-09-21 15:11:42,20260921,15,1,4-5-6,82.8
2026-09-21 15:11:42,20260921,15,1,4-6-1,54.9
2026-09-21 15:11:42,20260921,15,1,4-6-2,74.4
2026-09-21 15:11:42,20260921,15,1,4-6-3,181.4
2026-09-21 15:11:42,20260921,15,1,4-6-5,110.7
2026-09-21 15:11:42,20260921,15,1,5-1-2,179.7
2026-09-21 15:11:42,20260921,15,1,5-1-3,190.5
2026-09-21 15:11:42,20260921,15,1,5-1-4,139.0
2026-09-21 15:11:42,20260921,15,1,5-1-6,91.1
2026-09-21 15:11:42,20260921,15,1,5-2-1,346.3
2026-09-21 15:11:42,20260921,15,1,5-2-3,432.9
2026-09-21 15:11:42,20260921,15,1,5-2-4,328.4
2026-09-21 15:11:42,20260921,15,1,5-2-6,257.4
2026-09-21 15:11:42,20260921,15,1,5-3-1,322.8
2026-09-21 15:11:42,20260921,15,1,5-3-2,865.9
2026-09-21 15:11:42,20260921,15,1,5-3-4,577.2
2026-09-21 15:11:42,20260921,15,1,5-3-6,529.1
2026-09-21 15:11:42,20260921,15,1,5-4-1,216.4
2026-09-21 15:11:42,20260921,15,1,5-4-2,396.8
2026-09-21 15:11:42,20260921,15,1,5-4-3,656.9
2026-09-21 15:11:42,20260921,15,1,5-4-6,173.1
2026-09-21 15:11:42,20260921,15,1,5-6-1,167.1
2026-09-21 15:11:42,20260921,15,1,5-6-2,302.3
2026-09-21 15:11:42,20260921,15,1,5-6-3,432.9
2026-09-21 15:11:42,20260921,15,1,5-6-4,198.4
2026-09-21 15:11:42,20260921,15,1,6-1-2,85.4
2026-09-21 15:11:42,20260921,15,1,6-1-3,154.8
2026-09-21 15:11:42,20260921,15,1,6-1-4,76.2
2026-09-21 15:11:42,20260921,15,1,6-1-5,142.1
2026-09-21 15:11:42,20260921,15,1,6-2-1,176.3
2026-09-21 15:11:42,20260921,15,1,6-2-3,432.9
2026-09-21 15:11:42,20260921,15,1,6-2-4,268.3
2026-09-21 15:11:42,20260921,15,1,6-2-5,501.3
2026-09-21 15:11:42,20260921,15,1,6-3-1,381.0
2026-09-21 15:11:42,20260921,15,1,6-3-2,501.3
2026-09-21 15:11:42,20260921,15,1,6-3-4,280.1
2026-09-21 15:11:42,20260921,15,1,6-3-5,865.9
2026-09-21 15:11:42,20260921,15,1,6-4-1,108.2
2026-09-21 15:11:42,20260921,15,1,6-4-2,238.1
2026-09-21 15:11:42,20260921,15,1,6-4-3,268.3
2026-09-21 15:11:42,20260921,15,1,6-4-5,247.4
2026-09-21 15:11:42,20260921,15,1,6-5-1,229.5
2026-09-21 15:11:42,20260921,15,1,6-5-2,366.3
2026-09-21 15:11:42,20260921,15,1,6-5-3,656.9
2026-09-21 15:11:42,20260921,15,1,6-5-4,352.7
2026-09-21 15:11:52,20260921,17,10,1-2-3,12.3
2026-09-21 15:11:52,20260921,17,10,1-2-4,53.1
2026-09-21 15:11:52,20260921,17,10,1-2-5,8.3
2026-09-21 15:11:52,20260921,17,10,1-2-6,199.3
2026-09-21 15:11:52,20260921,17,10,1-3-2,24.1
2026-09-21 15:11:52,20260921,17,10,1-3-4,96.3
2026-09-21 15:11:52,20260921,17,10,1-3-5,29.4
2026-09-21 15:11:52,20260921,17,10,1-3-6,355.2
2026-09-21 15:11:52,20260921,17,10,1-4-2,122.3
2026-09-21 15:11:52,20260921,17,10,1-4-3,204.4
2026-09-21 15:11:52,20260921,17,10,1-4-5,167.1
2026-09-21 15:11:52,20260921,17,10,1-4-6,417.5
2026-09-21 15:11:52,20260921,17,10,1-5-2,17.3
2026-09-21 15:11:52,20260921,17,10,1-5-3,43.6
2026-09-21 15:11:52,20260921,17,10,1-5-4,133.4
2026-09-21 15:11:52,20260921,17,10,1-5-6,365.5
2026-09-21 15:11:52,20260921,17,10,1-6-2,367.0
2026-09-21 15:11:52,20260921,17,10,1-6-3,672.4
2026-09-21 15:11:52,20260921,17,10,1-6-4,537.1
2026-09-21 15:11:52,20260921,17,10,1-6-5,1087.0
2026-09-21 15:11:52,20260921,17,10,2-1-3,12.0
2026-09-21 15:11:52,20260921,17,10,2-1-4,53.7
2026-09-21 15:11:52,20260921,17,10,2-1-5,7.6
2026-09-21 15:11:52,20260921,17,10,2-1-6,164.3
2026-09-21 15:11:52,20260921,17,10,2-3-1,25.0
2026-09-21 15:11:52,20260921,17,10,2-3-4,110.5
2026-09-21 15:11:52,20260921,17,10,2-3-5,21.3
2026-09-21 15:11:52,20260921,17,10,2-3-6,265.3
2026-09-21 15:11:52,20260921,17,10,2-4-1,143.4
2026-09-21 15:11:52,20260921,17,10,2-4-3,223.0
2026-09-21 15:11:52,20260921,17,10,2-4-5,158.4
2026-09-21 15:11:52,20260921,17,10,2-4-6,530.7
2026-09-21 15:11:52,20260921,17,10,2-5-1,11.6
2026-09-21 15:11:52,20260921,17,10,2-5-3,19.7
2026-09-21 15:11:52,20260921,17,10,2-5-4,96.4
2026-09-21 15:11:52,20260921,17,10,2-5-6,199.3
2026-09-21 15:11:52,20260921,17,10,2-6-1,540.4
2026-09-21 15:11:52,20260921,17,10,2-6-3,643.0
2026-09-21 15:11:52,20260921,17,10,2-6-4,855.3
2026-09-21 15:11:52,20260921,17,10,2-6-5,583.4
2026-09-21 15:11:52,20260921,17,10,3-1-2,55.3
2026-09-21 15:11:52,20260921,17,10,3-1-4,199.7
2026-09-21 15:11:52,20260921,17,10,3-1-5,84.7
2026-09-21 15:11:52,20260921,17,10,3-1-6,471.1
2026-09-21 15:11:52,20260921,17,10,3-2-1,67.8
2026-09-21 15:11:52,20260921,17,10,3-2-4,194.4
2026-09-21 15:11:52,20260921,17,10,3-2-5,63.2
2026-09-21 15:11:52,20260921,17,10,3-2-6,444.9
2026-09-21 15:11:52,20260921,17,10,3-4-1,458.8
2026-09-21 15:11:52,20260921,17,10,3-4-2,336.2
2026-09-21 15:11:52,20260921,17,10,3-4-5,384.7
2026-09-21 15:11:52,20260921,17,10,3-4-6,927.3
2026-09-21 15:11:52,20260921,17,10,3-5-1,112.0
2026-09-21 15:11:52,20260921,17,10,3-5-2,68.8
2026-09-21 15:11:52,20260921,17,10,3-5-4,323.8
2026-09-21 15:11:52,20260921,17,10,3-5-6,607.5
2026-09-21 15:11:52,20260921,17,10,3-6-1,1223.0
2026-09-21 15:11:52,20260921,17,10,3-6-2,662.3
2026-09-21 15:11:52,20260921,17,10,3-6-4,1334.0
2026-09-21 15:11:52,20260921,17,10,3-6-5,1036.0
2026-09-21 15:11:52,20260921,17,10,4-1-2,197.9
2026-09-21 15:11:52,20260921,17,10,4-1-3,322.6
2026-09-21 15:11:52,20260921,17,10,4-1-5,195.3
2026-09-21 15:11:52,20260921,17,10,4-1-6,492.1
2026-09-21 15:11:52,20260921,17,10,4-2-1,215.3
2026-09-21 15:11:52,20260921,17,10,4-2-3,322.6
2026-09-21 15:11:52,20260921,17,10,4-2-5,164.0
2026-09-21 15:11:52,20260921,17,10,4-2-6,503.4
2026-09-21 15:11:52,20260921,17,10,4-3-1,572.0
2026-09-21 15:11:52,20260921,17,10,4-3-2,427.6
2026-09-21 15:11:52,20260921,17,10,4-3-5,484.0
2026-09-21 15:11:52,20260921,17,10,4-3-6,908.2
2026-09-21 15:11:52,20260921,17,10,4-5-1,171.3
2026-09-21 15:11:52,20260921,17,10,4-5-2,129.3
2026-09-21 15:11:52,20260921,17,10,4-5-3,266.9
2026-09-21 15:11:52,20260921,17,10,4-5-6,327.4
2026-09-21 15:11:52,20260921,17,10,4-6-1,927.3
2026-09-21 15:11:52,20260921,17,10,4-6-2,766.0
2026-09-21 15:11:52,20260921,17,10,4-6-3,1087.0
2026-09-21 15:11:52,20260921,17,10,4-6-5,831.0
2026-09-21 15:11:52,20260921,17,10,5-1-2,24.4
2026-09-21 15:11:52,20260921,17,10,5-1-3,64.6
2026-09-21 15:11:52,20260921,17,10,5-1-4,171.0
2026-09-21 15:11:52,20260921,17,10,5-1-6,293.6
2026-09-21 15:11:52,20260921,17,10,5-2-1,22.6
2026-09-21 15:11:52,20260921,17,10,5-2-3,39.1
2026-09-21 15:11:52,20260921,17,10,5-2-4,119.2
2026-09-21 15:11:52,20260921,17,10,5-2-6,275.3
2026-09-21 15:11:52,20260921,17,10,5-3-1,127.4
2026-09-21 15:11:52,20260921,17,10,5-3-2,81.2
2026-09-21 15:11:52,20260921,17,10,5-3-4,383.0
2026-09-21 15:11:52,20260921,17,10,5-3-6,652.5
2026-09-21 15:11:52,20260921,17,10,5-4-1,225.3
2026-09-21 15:11:52,20260921,17,10,5-4-2,172.0
2026-09-21 15:11:52,20260921,17,10,5-4-3,370.1
2026-09-21 15:11:52,20260921,17,10,5-4-6,405.9
2026-09-21 15:11:52,20260921,17,10,5-6-1,688.2
2026-09-21 15:11:52,20260921,17,10,5-6-2,518.2
2026-09-21 15:11:52,20260921,17,10,5-6-3,957.5
2026-09-21 15:11:52,20260921,17,10,5-6-4,677.6
2026-09-21 15:11:52,20260921,17,10,6-1-2,947.2
2026-09-21 15:11:52,20260921,17,10,6-1-3,1545.0
2026-09-21 15:11:52,20260921,17,10,6-1-4,1398.0
2026-09-21 15:11:52,20260921,17,10,6-1-5,1835.0
2026-09-21 15:11:52,20260921,17,10,6-2-1,1314.0
2026-09-21 15:11:52,20260921,17,10,6-2-3,1295.0
2026-09-21 15:11:52,20260921,17,10,6-2-4,1334.0
2026-09-21 15:11:52,20260921,17,10,6-2-5,1295.0
2026-09-21 15:11:52,20260921,17,10,6-3-1,2669.0
2026-09-21 15:11:52,20260921,17,10,6-3-2,1518.0
2026-09-21 15:11:52,20260921,17,10,6-3-4,1727.0
2026-09-21 15:11:52,20260921,17,10,6-3-5,2517.0
2026-09-21 15:11:52,20260921,17,10,6-4-1,2380.0
2026-09-21 15:11:52,20260921,17,10,6-4-2,2002.0
2026-09-21 15:11:52,20260921,17,10,6-4-3,2447.0
2026-09-21 15:11:52,20260921,17,10,6-4-5,1957.0
2026-09-21 15:11:52,20260921,17,10,6-5-1,1874.0
2026-09-21 15:11:52,20260921,17,10,6-5-2,1662.0
2026-09-21 15:11:52,20260921,17,10,6-5-3,2517.0
2026-09-21 15:11:52,20260921,17,10,6-5-4,1420.0
2026-09-21 15:14:32,20260921,1,1,1-2-3,34.1
2026-09-21 15:14:32,20260921,1,1,1-2-4,18.4
2026-09-21 15:14:32,20260921,1,1,1-2-5,77.5
2026-09-21 15:14:32,20260921,1,1,1-2-6,30.1
2026-09-21 15:14:32,20260921,1,1,1-3-2,44.9
2026-09-21 15:14:32,20260921,1,1,1-3-4,26.4
2026-09-21 15:14:32,20260921,1,1,1-3-5,122.7
2026-09-21 15:14:32,20260921,1,1,1-3-6,46.0
2026-09-21 15:14:32,20260921,1,1,1-4-2,17.5
2026-09-21 15:14:32,20260921,1,1,1-4-3,31.5
2026-09-21 15:14:32,20260921,1,1,1-4-5,49.4
2026-09-21 15:14:32,20260921,1,1,1-4-6,16.5
2026-09-21 15:14:32,20260921,1,1,1-5-2,158.1
2026-09-21 15:14:32,20260921,1,1,1-5-3,144.4
2026-09-21 15:14:32,20260921,1,1,1-5-4,112.8
2026-09-21 15:14:32,20260921,1,1,1-5-6,174.7
2026-09-21 15:14:32,20260921,1,1,1-6-2,39.9
2026-09-21 15:14:32,20260921,1,1,1-6-3,62.1
2026-09-21 15:14:32,20260921,1,1,1-6-4,29.0
2026-09-21 15:14:32,20260921,1,1,1-6-5,131.5
2026-09-21 15:14:32,20260921,1,1,2-1-3,63.2
2026-09-21 15:14:32,20260921,1,1,2-1-4,47.8
2026-09-21 15:14:32,20260921,1,1,2-1-5,141.6
2026-09-21 15:14:32,20260921,1,1,2-1-6,54.0
2026-09-21 15:14:32,20260921,1,1,2-3-1,88.4
2026-09-21 15:14:32,20260921,1,1,2-3-4,76.7
2026-09-21 15:14:32,20260921,1,1,2-3-5,239.8
2026-09-21 15:14:32,20260921,1,1,2-3-6,81.3
2026-09-21 15:14:32,20260921,1,1,2-4-1,65.0
2026-09-21 15:14:32,20260921,1,1,2-4-3,79.7
2026-09-21 15:14:32,20260921,1,1,2-4-5,198.3
2026-09-21 15:14:32,20260921,1,1,2-4-6,50.6
2026-09-21 15:14:32,20260921,1,1,2-5-1,227.8
2026-09-21 15:14:32,20260921,1,1,2-5-3,342.8
2026-09-21 15:14:32,20260921,1,1,2-5-4,310.9
2026-09-21 15:14:32,20260921,1,1,2-5-6,239.8
2026-09-21 15:14:32,20260921,1,1,2-6-1,104.5
2026-09-21 15:14:32,20260921,1,1,2-6-3,102.7
2026-09-21 15:14:32,20260921,1,1,2-6-4,101.0
2026-09-21 15:14:32,20260921,1,1,2-6-5,229.3
2026-09-21 15:14:32,20260921,1,1,3-1-2,103.6
2026-09-21 15:14:32,20260921,1,1,3-1-4,92.1
2026-09-21 15:14:32,20260921,1,1,3-1-5,196.2
2026-09-21 15:14:32,20260921,1,1,3-1-6,103.6
2026-09-21 15:14:32,20260921,1,1,3-2-1,115.0
2026-09-21 15:14:32,20260921,1,1,3-2-4,101.6
2026-09-21 15:14:32,20260921,1,1,3-2-5,244.6
2026-09-21 15:14:32,20260921,1,1,3-2-6,96.5
2026-09-21 15:14:32,20260921,1,1,3-4-1,124.3
2026-09-21 15:14:32,20260921,1,1,3-4-2,118.3
2026-09-21 15:14:32,20260921,1,1,3-4-5,447.4
2026-09-21 15:14:32,20260921,1,1,3-4-6,113.5
2026-09-21 15:14:32,20260921,1,1,3-5-1,286.6
2026-09-21 15:14:32,20260921,1,1,3-5-2,305.7
2026-09-21 15:14:32,20260921,1,1,3-5-4,382.1
2026-09-21 15:14:32,20260921,1,1,3-5-6,265.8
2026-09-21 15:14:32,20260921,1,1,3-6-1,140.5
2026-09-21 15:14:32,20260921,1,1,3-6-2,134.8
2026-09-21 15:14:32,20260921,1,1,3-6-4,160.2
2026-09-21 15:14:32,20260921,1,1,3-6-5,573.2
2026-09-21 15:14:32,20260921,1,1,4-1-2,30.1
2026-09-21 15:14:32,20260921,1,1,4-1-3,57.7
2026-09-21 15:14:32,20260921,1,1,4-1-5,71.1
2026-09-21 15:14:32,20260921,1,1,4-1-6,24.4
2026-09-21 15:14:32,20260921,1,1,4-2-1,52.1
2026-09-21 15:14:32,20260921,1,1,4-2-3,93.1
2026-09-21 15:14:32,20260921,1,1,4-2-5,153.5
2026-09-21 15:14:32,20260921,1,1,4-2-6,47.8
2026-09-21 15:14:32,20260921,1,1,4-3-1,102.2
2026-09-21 15:14:32,20260921,1,1,4-3-2,124.3
2026-09-21 15:14:32,20260921,1,1,4-3-5,327.5
2026-09-21 15:14:32,20260921,1,1,4-3-6,91.2
2026-09-21 15:14:32,20260921,1,1,4-5-1,91.7
2026-09-21 15:14:32,20260921,1,1,4-5-2,157.4
2026-09-21 15:14:32,20260921,1,1,4-5-3,227.8
2026-09-21 15:14:32,20260921,1,1,4-5-6,98.6
2026-09-21 15:14:32,20260921,1,1,4-6-1,29.9
2026-09-21 15:14:32,20260921,1,1,4-6-2,38.2
2026-09-21 15:14:32,20260921,1,1,4-6-3,74.1
2026-09-21 15:14:32,20260921,1,1,4-6-5,98.3
2026-09-21 15:14:32,20260921,1,1,5-1-2,260.2
2026-09-21 15:14:32,20260921,1,1,5-1-3,349.4
2026-09-21 15:14:32,20260921,1,1,5-1-4,196.2
2026-09-21 15:14:32,20260921,1,1,5-1-6,168.3
2026-09-21 15:14:32,20260921,1,1,5-2-1,403.1
2026-09-21 15:14:32,20260921,1,1,5-2-3,412.2
2026-09-21 15:14:32,20260921,1,1,5-2-4,407.6
2026-09-21 15:14:32,20260921,1,1,5-2-6,394.5
2026-09-21 15:14:32,20260921,1,1,5-3-1,464.4
2026-09-21 15:14:32,20260921,1,1,5-3-2,431.6
2026-09-21 15:14:32,20260921,1,1,5-3-4,582.3
2026-09-21 15:14:32,20260921,1,1,5-3-6,591.7
2026-09-21 15:14:32,20260921,1,1,5-4-1,249.5
2026-09-21 15:14:32,20260921,1,1,5-4-2,374.3
2026-09-21 15:14:32,20260921,1,1,5-4-3,667.0
2026-09-21 15:14:32,20260921,1,1,5-4-6,249.5
2026-09-21 15:14:32,20260921,1,1,5-6-1,403.1
2026-09-21 15:14:32,20260921,1,1,5-6-2,482.7
2026-09-21 15:14:32,20260921,1,1,5-6-3,655.1
2026-09-21 15:14:32,20260921,1,1,5-6-4,346.1
2026-09-21 15:14:32,20260921,1,1,6-1-2,74.8
2026-09-21 15:14:32,20260921,1,1,6-1-3,135.8
2026-09-21 15:14:32,20260921,1,1,6-1-4,79.0
2026-09-21 15:14:32,20260921,1,1,6-1-5,310.9
2026-09-21 15:14:32,20260921,1,1,6-2-1,117.9
2026-09-21 15:14:32,20260921,1,1,6-2-3,105.7
2026-09-21 15:14:32,20260921,1,1,6-2-4,90.1
2026-09-21 15:14:32,20260921,1,1,6-2-5,470.3
2026-09-21 15:14:32,20260921,1,1,6-3-1,229.3
2026-09-21 15:14:32,20260921,1,1,6-3-2,140.5
2026-09-21 15:14:32,20260921,1,1,6-3-4,191.0
2026-09-21 15:14:32,20260921,1,1,6-3-5,667.0
2026-09-21 15:14:32,20260921,1,1,6-4-1,71.8
2026-09-21 15:14:32,20260921,1,1,6-4-2,79.2
2026-09-21 15:14:32,20260921,1,1,6-4-3,151.6
2026-09-21 15:14:32,20260921,1,1,6-4-5,230.7
2026-09-21 15:14:32,20260921,1,1,6-5-1,489.2
2026-09-21 15:14:32,20260921,1,1,6-5-2,655.1
2026-09-21 15:14:32,20260921,1,1,6-5-3,667.0
2026-09-21 15:14:32,20260921,1,1,6-5-4,327.5
2026-09-21 15:17:36,20260921,6,9,1-2-3,34.7
2026-09-21 15:17:36,20260921,6,9,1-2-4,13.4
2026-09-21 15:17:36,20260921,6,9,1-2-5,6.4
2026-09-21 15:17:36,20260921,6,9,1-2-6,34.2
2026-09-21 15:17:36,20260921,6,9,1-3-2,58.1
2026-09-21 15:17:36,20260921,6,9,1-3-4,90.7
2026-09-21 15:17:36,20260921,6,9,1-3-5,73.1
2026-09-21 15:17:36,20260921,6,9,1-3-6,158.8
2026-09-21 15:17:36,20260921,6,9,1-4-2,25.4
2026-09-21 15:17:36,20260921,6,9,1-4-3,85.7
2026-09-21 15:17:36,20260921,6,9,1-4-5,25.6
2026-09-21 15:17:36,20260921,6,9,1-4-6,70.2
2026-09-21 15:17:36,20260921,6,9,1-5-2,10.4
2026-09-21 15:17:36,20260921,6,9,1-5-3,67.9
2026-09-21 15:17:36,20260921,6,9,1-5-4,24.8
2026-09-21 15:17:36,20260921,6,9,1-5-6,40.7
2026-09-21 15:17:36,20260921,6,9,1-6-2,78.2
2026-09-21 15:17:36,20260921,6,9,1-6-3,233.4
2026-09-21 15:17:36,20260921,6,9,1-6-4,181.4
2026-09-21 15:17:36,20260921,6,9,1-6-5,147.5
2026-09-21 15:17:36,20260921,6,9,2-1-3,77.3
2026-09-21 15:17:36,20260921,6,9,2-1-4,35.1
2026-09-21 15:17:36,20260921,6,9,2-1-5,16.0
2026-09-21 15:17:36,20260921,6,9,2-1-6,60.2
2026-09-21 15:17:36,20260921,6,9,2-3-1,175.5
2026-09-21 15:17:36,20260921,6,9,2-3-4,108.7
2026-09-21 15:17:36,20260921,6,9,2-3-5,179.0
2026-09-21 15:17:36,20260921,6,9,2-3-6,231.4
2026-09-21 15:17:36,20260921,6,9,2-4-1,91.9
2026-09-21 15:17:36,20260921,6,9,2-4-3,120.9
2026-09-21 15:17:36,20260921,6,9,2-4-5,113.2
2026-09-21 15:17:36,20260921,6,9,2-4-6,182.6
2026-09-21 15:17:36,20260921,6,9,2-5-1,29.2
2026-09-21 15:17:36,20260921,6,9,2-5-3,138.4
2026-09-21 15:17:36,20260921,6,9,2-5-4,71.4
2026-09-21 15:17:36,20260921,6,9,2-5-6,87.4
2026-09-21 15:17:36,20260921,6,9,2-6-1,194.5
2026-09-21 15:17:36,20260921,6,9,2-6-3,288.7
2026-09-21 15:17:36,20260921,6,9,2-6-4,273.9
2026-09-21 15:17:36,20260921,6,9,2-6-5,164.7
2026-09-21 15:17:36,20260921,6,9,3-1-2,155.2
2026-09-21 15:17:36,20260921,6,9,3-1-4,146.7
2026-09-21 15:17:36,20260921,6,9,3-1-5,185.1
2026-09-21 15:17:36,20260921,6,9,3-1-6,305.1
2026-09-21 15:17:36,20260921,6,9,3-2-1,235.5
2026-09-21 15:17:36,20260921,6,9,3-2-4,120.4
2026-09-21 15:17:36,20260921,6,9,3-2-5,209.7
2026-09-21 15:17:36,20260921,6,9,3-2-6,319.6
2026-09-21 15:17:36,20260921,6,9,3-4-1,225.6
2026-09-21 15:17:36,20260921,6,9,3-4-2,130.9
2026-09-21 15:17:36,20260921,6,9,3-4-5,246.3
2026-09-21 15:17:36,20260921,6,9,3-4-6,315.9
2026-09-21 15:17:36,20260921,6,9,3-5-1,319.6
2026-09-21 15:17:36,20260921,6,9,3-5-2,191.7
2026-09-21 15:17:36,20260921,6,9,3-5-4,344.2
2026-09-21 15:17:36,20260921,6,9,3-5-6,206.5
2026-09-21 15:17:36,20260921,6,9,3-6-1,497.2
2026-09-21 15:17:36,20260921,6,9,3-6-2,537.0
2026-09-21 15:17:36,20260921,6,9,3-6-4,394.8
2026-09-21 15:17:36,20260921,6,9,3-6-5,389.1
2026-09-21 15:17:36,20260921,6,9,4-1-2,77.8
2026-09-21 15:17:36,20260921,6,9,4-1-3,182.6
2026-09-21 15:17:36,20260921,6,9,4-1-5,86.8
2026-09-21 15:17:36,20260921,6,9,4-1-6,191.7
2026-09-21 15:17:36,20260921,6,9,4-2-1,139.8
2026-09-21 15:17:36,20260921,6,9,4-2-3,123.7
2026-09-21 15:17:36,20260921,6,9,4-2-5,152.5
2026-09-21 15:17:36,20260921,6,9,4-2-6,231.4
2026-09-21 15:17:36,20260921,6,9,4-3-1,248.6
2026-09-21 15:17:36,20260921,6,9,4-3-2,158.8
2026-09-21 15:17:36,20260921,6,9,4-3-5,419.5
2026-09-21 15:17:36,20260921,6,9,4-3-6,433.0
2026-09-21 15:17:36,20260921,6,9,4-5-1,96.5
2026-09-21 15:17:36,20260921,6,9,4-5-2,104.4
2026-09-21 15:17:36,20260921,6,9,4-5-3,279.7
2026-09-21 15:17:36,20260921,6,9,4-5-6,151.7
2026-09-21 15:17:36,20260921,6,9,4-6-1,315.9
2026-09-21 15:17:36,20260921,6,9,4-6-2,268.5
2026-09-21 15:17:36,20260921,6,9,4-6-3,406.8
2026-09-21 15:17:36,20260921,6,9,4-6-5,312.2
2026-09-21 15:17:36,20260921,6,9,5-1-2,25.2
2026-09-21 15:17:36,20260921,6,9,5-1-3,159.8
2026-09-21 15:17:36,20260921,6,9,5-1-4,80.8
2026-09-21 15:17:36,20260921,6,9,5-1-6,96.5
2026-09-21 15:17:36,20260921,6,9,5-2-1,33.0
2026-09-21 15:17:36,20260921,6,9,5-2-3,229.5
2026-09-21 15:17:36,20260921,6,9,5-2-4,96.2
2026-09-21 15:17:36,20260921,6,9,5-2-6,127.2
2026-09-21 15:17:36,20260921,6,9,5-3-1,250.9
2026-09-21 15:17:36,20260921,6,9,5-3-2,250.9
2026-09-21 15:17:36,20260921,6,9,5-3-4,323.5
2026-09-21 15:17:36,20260921,6,9,5-3-6,319.6
2026-09-21 15:17:36,20260921,6,9,5-4-1,108.2
2026-09-21 15:17:36,20260921,6,9,5-4-2,157.9
2026-09-21 15:17:36,20260921,6,9,5-4-3,394.8
2026-09-21 15:17:36,20260921,6,9,5-4-6,191.7
2026-09-21 15:17:36,20260921,6,9,5-6-1,163.7
2026-09-21 15:17:36,20260921,6,9,5-6-2,164.7
2026-09-21 15:17:36,20260921,6,9,5-6-3,323.5
2026-09-21 15:17:36,20260921,6,9,5-6-4,250.9
2026-09-21 15:17:36,20260921,6,9,6-1-2,276.8
2026-09-21 15:17:36,20260921,6,9,6-1-3,671.2
2026-09-21 15:17:36,20260921,6,9,6-1-4,471.0
2026-09-21 15:17:36,20260921,6,9,6-1-5,335.6
2026-09-21 15:17:36,20260921,6,9,6-2-1,394.8
2026-09-21 15:17:36,20260921,6,9,6-2-3,671.2
2026-09-21 15:17:36,20260921,6,9,6-2-4,479.4
2026-09-21 15:17:36,20260921,6,9,6-2-5,400.7
2026-09-21 15:17:36,20260921,6,9,6-3-1,839.1
2026-09-21 15:17:36,20260921,6,9,6-3-2,866.1
2026-09-21 15:17:36,20260921,6,9,6-3-4,537.0
2026-09-21 15:17:36,20260921,6,9,6-3-5,639.3
2026-09-21 15:17:36,20260921,6,9,6-4-1,559.4
2026-09-21 15:17:36,20260921,6,9,6-4-2,479.4
2026-09-21 15:17:36,20260921,6,9,6-4-3,925.9
2026-09-21 15:17:36,20260921,6,9,6-4-5,583.7
2026-09-21 15:17:36,20260921,6,9,6-5-1,348.7
2026-09-21 15:17:36,20260921,6,9,6-5-2,433.0
2026-09-21 15:17:36,20260921,6,9,6-5-3,547.9
2026-09-21 15:17:36,20260921,6,9,6-5-4,455.1
2026-09-21 15:23:27,20260921,13,11,1-2-3,4.7
2026-09-21 15:23:27,20260921,13,11,1-2-4,21.5
2026-09-21 15:23:27,20260921,13,11,1-2-5,17.4
2026-09-21 15:23:27,20260921,13,11,1-2-6,32.5
2026-09-21 15:23:27,20260921,13,11,1-3-2,4.8
2026-09-21 15:23:27,20260921,13,11,1-3-4,13.6
2026-09-21 15:23:27,20260921,13,11,1-3-5,9.2
2026-09-21 15:23:27,20260921,13,11,1-3-6,25.2
2026-09-21 15:23:27,20260921,13,11,1-4-2,46.8
2026-09-21 15:23:27,20260921,13,11,1-4-3,43.5
2026-09-21 15:23:27,20260921,13,11,1-4-5,75.9
2026-09-21 15:23:27,20260921,13,11,1-4-6,95.6
2026-09-21 15:23:27,20260921,13,11,1-5-2,43.8
2026-09-21 15:23:27,20260921,13,11,1-5-3,37.2
2026-09-21 15:23:27,20260921,13,11,1-5-4,108.2
2026-09-21 15:23:27,20260921,13,11,1-5-6,89.2
2026-09-21 15:23:27,20260921,13,11,1-6-2,101.8
2026-09-21 15:23:27,20260921,13,11,1-6-3,84.7
2026-09-21 15:23:27,20260921,13,11,1-6-4,114.8
2026-09-21 15:23:27,20260921,13,11,1-6-5,114.0
2026-09-21 15:23:27,20260921,13,11,2-1-3,33.8
2026-09-21 15:23:27,20260921,13,11,2-1-4,123.7
2026-09-21 15:23:27,20260921,13,11,2-1-5,153.8
2026-09-21 15:23:27,20260921,13,11,2-1-6,206.8
2026-09-21 15:23:27,20260921,13,11,2-3-1,63.9
2026-09-21 15:23:27,20260921,13,11,2-3-4,279.9
2026-09-21 15:23:27,20260921,13,11,2-3-5,224.8
2026-09-21 15:23:27,20260921,13,11,2-3-6,502.7
2026-09-21 15:23:27,20260921,13,11,2-4-1,286.8
2026-09-21 15:23:27,20260921,13,11,2-4-3,502.7
2026-09-21 15:23:27,20260921,13,11,2-4-5,974.1
2026-09-21 15:23:27,20260921,13,11,2-4-6,935.1
2026-09-21 15:23:27,20260921,13,11,2-5-1,343.8
2026-09-21 15:23:27,20260921,13,11,2-5-3,346.3
2026-09-21 15:23:27,20260921,13,11,2-5-4,779.3
2026-09-21 15:23:27,20260921,13,11,2-5-6,570.2
2026-09-21 15:23:27,20260921,13,11,2-6-1,519.5
2026-09-21 15:23:27,20260921,13,11,2-6-3,563.3
2026-09-21 15:23:27,20260921,13,11,2-6-4,994.8
2026-09-21 15:23:27,20260921,13,11,2-6-5,954.2
2026-09-21 15:23:27,20260921,13,11,3-1-2,26.9
2026-09-21 15:23:27,20260921,13,11,3-1-4,41.4
2026-09-21 15:23:27,20260921,13,11,3-1-5,36.0
2026-09-21 15:23:27,20260921,13,11,3-1-6,75.1
2026-09-21 15:23:27,20260921,13,11,3-2-1,54.7
2026-09-21 15:23:27,20260921,13,11,3-2-4,203.2
2026-09-21 15:23:27,20260921,13,11,3-2-5,144.3
2026-09-21 15:23:27,20260921,13,11,3-2-6,322.4
2026-09-21 15:23:27,20260921,13,11,3-4-1,153.8
2026-09-21 15:23:27,20260921,13,11,3-4-2,261.2
2026-09-21 15:23:27,20260921,13,11,3-4-5,252.7
2026-09-21 15:23:27,20260921,13,11,3-4-6,217.4
2026-09-21 15:23:27,20260921,13,11,3-5-1,133.2
2026-09-21 15:23:27,20260921,13,11,3-5-2,181.9
2026-09-21 15:23:27,20260921,13,11,3-5-4,283.3
2026-09-21 15:23:27,20260921,13,11,3-5-6,228.0
2026-09-21 15:23:27,20260921,13,11,3-6-1,333.9
2026-09-21 15:23:27,20260921,13,11,3-6-2,508.2
2026-09-21 15:23:27,20260921,13,11,3-6-4,607.2
2026-09-21 15:23:27,20260921,13,11,3-6-5,462.9
2026-09-21 15:23:27,20260921,13,11,4-1-2,231.4
2026-09-21 15:23:27,20260921,13,11,4-1-3,252.7
2026-09-21 15:23:27,20260921,13,11,4-1-5,247.4
2026-09-21 15:23:27,20260921,13,11,4-1-6,445.3
2026-09-21 15:23:27,20260921,13,11,4-2-1,331.6
2026-09-21 15:23:27,20260921,13,11,4-2-3,563.3
2026-09-21 15:23:27,20260921,13,11,4-2-5,687.6
2026-09-21 15:23:27,20260921,13,11,4-2-6,658.5
2026-09-21 15:23:27,20260921,13,11,4-3-1,297.8
2026-09-21 15:23:27,20260921,13,11,4-3-2,492.1
2026-09-21 15:23:27,20260921,13,11,4-3-5,584.4
2026-09-21 15:23:27,20260921,13,11,4-3-6,320.2
2026-09-21 15:23:27,20260921,13,11,4-5-1,577.2
2026-09-21 15:23:27,20260921,13,11,4-5-2,719.3
2026-09-21 15:23:27,20260921,13,11,4-5-3,687.6
2026-09-21 15:23:27,20260921,13,11,4-5-6,477.1
2026-09-21 15:23:27,20260921,13,11,4-6-1,974.1
2026-09-21 15:23:27,20260921,13,11,4-6-2,1039.0
2026-09-21 15:23:27,20260921,13,11,4-6-3,1016.0
2026-09-21 15:23:27,20260921,13,11,4-6-5,1198.0
2026-09-21 15:23:27,20260921,13,11,5-1-2,276.6
2026-09-21 15:23:27,20260921,13,11,5-1-3,181.2
2026-09-21 15:23:27,20260921,13,11,5-1-4,441.1
2026-09-21 15:23:27,20260921,13,11,5-1-6,292.2
2026-09-21 15:23:27,20260921,13,11,5-2-1,428.9
2026-09-21 15:23:27,20260921,13,11,5-2-3,556.6
2026-09-21 15:23:27,20260921,13,11,5-2-4,899.2
2026-09-21 15:23:27,20260921,13,11,5-2-6,766.5
2026-09-21 15:23:27,20260921,13,11,5-3-1,301.6
2026-09-21 15:23:27,20260921,13,11,5-3-2,519.5
2026-09-21 15:23:27,20260921,13,11,5-3-4,994.8
2026-09-21 15:23:27,20260921,13,11,5-3-6,577.2
2026-09-21 15:23:27,20260921,13,11,5-4-1,577.2
2026-09-21 15:23:27,20260921,13,11,5-4-2,1230.0
2026-09-21 15:23:27,20260921,13,11,5-4-3,974.1
2026-09-21 15:23:27,20260921,13,11,5-4-6,899.2
2026-09-21 15:23:27,20260921,13,11,5-6-1,599.4
2026-09-21 15:23:27,20260921,13,11,5-6-2,916.8
2026-09-21 15:23:27,20260921,13,11,5-6-3,806.1
2026-09-21 15:23:27,20260921,13,11,5-6-4,1062.0
2026-09-21 15:23:27,20260921,13,11,6-1-2,577.2
2026-09-21 15:23:27,20260921,13,11,6-1-3,513.8
2026-09-21 15:23:27,20260921,13,11,6-1-4,1168.0
2026-09-21 15:23:27,20260921,13,11,6-1-5,865.9
2026-09-21 15:23:27,20260921,13,11,6-2-1,994.8
2026-09-21 15:23:27,20260921,13,11,6-2-3,1335.0
2026-09-21 15:23:27,20260921,13,11,6-2-4,1016.0
2026-09-21 15:23:27,20260921,13,11,6-2-5,1113.0
2026-09-21 15:23:27,20260921,13,11,6-3-1,899.2
2026-09-21 15:23:27,20260921,13,11,6-3-2,1461.0
2026-09-21 15:23:27,20260921,13,11,6-3-4,472.3
2026-09-21 15:23:27,20260921,13,11,6-3-5,1298.0
2026-09-21 15:23:27,20260921,13,11,6-4-1,1198.0
2026-09-21 15:23:27,20260921,13,11,6-4-2,1669.0
2026-09-21 15:23:27,20260921,13,11,6-4-3,537.4
2026-09-21 15:23:27,20260921,13,11,6-4-5,1298.0
2026-09-21 15:23:27,20260921,13,11,6-5-1,792.5
2026-09-21 15:23:27,20260921,13,11,6-5-2,1016.0
2026-09-21 15:23:27,20260921,13,11,6-5-3,1263.0
2026-09-21 15:23:27,20260921,13,11,6-5-4,1263.0
2026-09-21 15:29:02,20260921,16,10,1-2-3,13.3
2026-09-21 15:29:02,20260921,16,10,1-2-4,13.2
2026-09-21 15:29:02,20260921,16,10,1-2-5,44.2
2026-09-21 15:29:02,20260921,16,10,1-2-6,63.6
2026-09-21 15:29:02,20260921,16,10,1-3-2,11.9
2026-09-21 15:29:02,20260921,16,10,1-3-4,9.4
2026-09-21 15:29:02,20260921,16,10,1-3-5,36.7
2026-09-21 15:29:02,20260921,16,10,1-3-6,63.8
2026-09-21 15:29:02,20260921,16,10,1-4-2,23.7
2026-09-21 15:29:02,20260921,16,10,1-4-3,20.8
2026-09-21 15:29:02,20260921,16,10,1-4-5,51.1
2026-09-21 15:29:02,20260921,16,10,1-4-6,72.4
2026-09-21 15:29:02,20260921,16,10,1-5-2,93.8
2026-09-21 15:29:02,20260921,16,10,1-5-3,86.7
2026-09-21 15:29:02,20260921,16,10,1-5-4,137.2
2026-09-21 15:29:02,20260921,16,10,1-5-6,149.0
2026-09-21 15:29:02,20260921,16,10,1-6-2,113.6
2026-09-21 15:29:02,20260921,16,10,1-6-3,95.2
2026-09-21 15:29:02,20260921,16,10,1-6-4,126.1
2026-09-21 15:29:02,20260921,16,10,1-6-5,227.3
2026-09-21 15:29:02,20260921,16,10,2-1-3,30.8
2026-09-21 15:29:02,20260921,16,10,2-1-4,29.8
2026-09-21 15:29:02,20260921,16,10,2-1-5,79.4
2026-09-21 15:29:02,20260921,16,10,2-1-6,146.9
2026-09-21 15:29:02,20260921,16,10,2-3-1,52.3
2026-09-21 15:29:02,20260921,16,10,2-3-4,44.0
2026-09-21 15:29:02,20260921,16,10,2-3-5,119.3
2026-09-21 15:29:02,20260921,16,10,2-3-6,216.3
2026-09-21 15:29:02,20260921,16,10,2-4-1,70.4
2026-09-21 15:29:02,20260921,16,10,2-4-3,64.2
2026-09-21 15:29:02,20260921,16,10,2-4-5,149.0
2026-09-21 15:29:02,20260921,16,10,2-4-6,171.1
2026-09-21 15:29:02,20260921,16,10,2-5-1,198.3
2026-09-21 15:29:02,20260921,16,10,2-5-3,280.6
2026-09-21 15:29:02,20260921,16,10,2-5-4,234.1
2026-09-21 15:29:02,20260921,16,10,2-5-6,229.0
2026-09-21 15:29:02,20260921,16,10,2-6-1,334.9
2026-09-21 15:29:02,20260921,16,10,2-6-3,426.6
2026-09-21 15:29:02,20260921,16,10,2-6-4,321.1
2026-09-21 15:29:02,20260921,16,10,2-6-5,358.0
2026-09-21 15:29:02,20260921,16,10,3-1-2,27.4
2026-09-21 15:29:02,20260921,16,10,3-1-4,24.4
2026-09-21 15:29:02,20260921,16,10,3-1-5,59.5
2026-09-21 15:29:02,20260921,16,10,3-1-6,113.6
2026-09-21 15:29:02,20260921,16,10,3-2-1,59.7
2026-09-21 15:29:02,20260921,16,10,3-2-4,50.2
2026-09-21 15:29:02,20260921,16,10,3-2-5,137.8
2026-09-21 15:29:02,20260921,16,10,3-2-6,171.1
2026-09-21 15:29:02,20260921,16,10,3-4-1,44.8
2026-09-21 15:29:02,20260921,16,10,3-4-2,49.4
2026-09-21 15:29:02,20260921,16,10,3-4-5,81.3
2026-09-21 15:29:02,20260921,16,10,3-4-6,112.8
2026-09-21 15:29:02,20260921,16,10,3-5-1,170.2
2026-09-21 15:29:02,20260921,16,10,3-5-2,165.6
2026-09-21 15:29:02,20260921,16,10,3-5-4,150.4
2026-09-21 15:29:02,20260921,16,10,3-5-6,166.5
2026-09-21 15:29:02,20260921,16,10,3-6-1,296.6
2026-09-21 15:29:02,20260921,16,10,3-6-2,331.3
2026-09-21 15:29:02,20260921,16,10,3-6-4,235.9
2026-09-21 15:29:02,20260921,16,10,3-6-5,200.9
2026-09-21 15:29:02,20260921,16,10,4-1-2,54.0
2026-09-21 15:29:02,20260921,16,10,4-1-3,46.1
2026-09-21 15:29:02,20260921,16,10,4-1-5,115.3
2026-09-21 15:29:02,20260921,16,10,4-1-6,192.2
2026-09-21 15:29:02,20260921,16,10,4-2-1,108.1
2026-09-21 15:29:02,20260921,16,10,4-2-3,86.0
2026-09-21 15:29:02,20260921,16,10,4-2-5,176.9
2026-09-21 15:29:02,20260921,16,10,4-2-6,181.0
2026-09-21 15:29:02,20260921,16,10,4-3-1,77.8
2026-09-21 15:29:02,20260921,16,10,4-3-2,79.0
2026-09-21 15:29:02,20260921,16,10,4-3-5,146.2
2026-09-21 15:29:02,20260921,16,10,4-3-6,193.4
2026-09-21 15:29:02,20260921,16,10,4-5-1,182.1
2026-09-21 15:29:02,20260921,16,10,4-5-2,206.2
2026-09-21 15:29:02,20260921,16,10,4-5-3,172.0
2026-09-21 15:29:02,20260921,16,10,4-5-6,232.4
2026-09-21 15:29:02,20260921,16,10,4-6-1,293.8
2026-09-21 15:29:02,20260921,16,10,4-6-2,296.6
2026-09-21 15:29:02,20260921,16,10,4-6-3,302.4
2026-09-21 15:29:02,20260921,16,10,4-6-5,331.3
2026-09-21 15:29:02,20260921,16,10,5-1-2,255.3
2026-09-21 15:29:02,20260921,16,10,5-1-3,214.8
2026-09-21 15:29:02,20260921,16,10,5-1-4,308.3
2026-09-21 15:29:02,20260921,16,10,5-1-6,331.3
2026-09-21 15:29:02,20260921,16,10,5-2-1,308.3
2026-09-21 15:29:02,20260921,16,10,5-2-3,334.9
2026-09-21 15:29:02,20260921,16,10,5-2-4,404.5
2026-09-21 15:29:02,20260921,16,10,5-2-6,291.0
2026-09-21 15:29:02,20260921,16,10,5-3-1,251.1
2026-09-21 15:29:02,20260921,16,10,5-3-2,362.1
2026-09-21 15:29:02,20260921,16,10,5-3-4,338.5
2026-09-21 15:29:02,20260921,16,10,5-3-6,389.3
2026-09-21 15:29:02,20260921,16,10,5-4-1,375.2
2026-09-21 15:29:02,20260921,16,10,5-4-2,556.2
2026-09-21 15:29:02,20260921,16,10,5-4-3,358.0
2026-09-21 15:29:02,20260921,16,10,5-4-6,404.5
2026-09-21 15:29:02,20260921,16,10,5-6-1,622.9
2026-09-21 15:29:02,20260921,16,10,5-6-2,280.6
2026-09-21 15:29:02,20260921,16,10,5-6-3,346.0
2026-09-21 15:29:02,20260921,16,10,5-6-4,537.0
2026-09-21 15:29:02,20260921,16,10,6-1-2,404.5
2026-09-21 15:29:02,20260921,16,10,6-1-3,537.0
2026-09-21 15:29:02,20260921,16,10,6-1-4,587.6
2026-09-21 15:29:02,20260921,16,10,6-1-5,610.7
2026-09-21 15:29:02,20260921,16,10,6-2-1,677.1
2026-09-21 15:29:02,20260921,16,10,6-2-3,556.2
2026-09-21 15:29:02,20260921,16,10,6-2-4,537.0
2026-09-21 15:29:02,20260921,16,10,6-2-5,464.8
2026-09-21 15:29:02,20260921,16,10,6-3-1,692.1
2026-09-21 15:29:02,20260921,16,10,6-3-2,707.8
2026-09-21 15:29:02,20260921,16,10,6-3-4,404.5
2026-09-21 15:29:02,20260921,16,10,6-3-5,420.9
2026-09-21 15:29:02,20260921,16,10,6-4-1,622.9
2026-09-21 15:29:02,20260921,16,10,6-4-2,587.6
2026-09-21 15:29:02,20260921,16,10,6-4-3,576.8
2026-09-21 15:29:02,20260921,16,10,6-4-5,537.0
2026-09-21 15:29:02,20260921,16,10,6-5-1,648.9
2026-09-21 15:29:02,20260921,16,10,6-5-2,510.6
2026-09-21 15:29:02,20260921,16,10,6-5-3,327.8
2026-09-21 15:29:02,20260921,16,10,6-5-4,537.0
2026-09-21 15:35:09,20260921,12,2,1-2-3,31.9
2026-09-21 15:35:09,20260921,12,2,1-2-4,29.8
2026-09-21 15:35:09,20260921,12,2,1-2-5,14.9
2026-09-21 15:35:09,20260921,12,2,1-2-6,107.0
2026-09-21 15:35:09,20260921,12,2,1-3-2,52.2
2026-09-21 15:35:09,20260921,12,2,1-3-4,90.6
2026-09-21 15:35:09,20260921,12,2,1-3-5,97.7
2026-09-21 15:35:09,20260921,12,2,1-3-6,187.2
2026-09-21 15:35:09,20260921,12,2,1-4-2,37.5
2026-09-21 15:35:09,20260921,12,2,1-4-3,79.1
2026-09-21 15:35:09,20260921,12,2,1-4-5,65.3
2026-09-21 15:35:09,20260921,12,2,1-4-6,181.2
2026-09-21 15:35:09,20260921,12,2,1-5-2,22.5
2026-09-21 15:35:09,20260921,12,2,1-5-3,52.7
2026-09-21 15:35:09,20260921,12,2,1-5-4,56.4
2026-09-21 15:35:09,20260921,12,2,1-5-6,110.1
2026-09-21 15:35:09,20260921,12,2,1-6-2,140.4
2026-09-21 15:35:09,20260921,12,2,1-6-3,234.1
2026-09-21 15:35:09,20260921,12,2,1-6-4,145.9
2026-09-21 15:35:09,20260921,12,2,1-6-5,244.2
2026-09-21 15:35:09,20260921,12,2,2-1-3,26.1
2026-09-21 15:35:09,20260921,12,2,2-1-4,26.0
2026-09-21 15:35:09,20260921,12,2,2-1-5,12.5
2026-09-21 15:35:09,20260921,12,2,2-1-6,103.0
2026-09-21 15:35:09,20260921,12,2,2-3-1,50.6
2026-09-21 15:35:09,20260921,12,2,2-3-4,114.6
2026-09-21 15:35:09,20260921,12,2,2-3-5,39.5
2026-09-21 15:35:09,20260921,12,2,2-3-6,193.7
2026-09-21 15:35:09,20260921,12,2,2-4-1,63.8
2026-09-21 15:35:09,20260921,12,2,2-4-3,135.3
2026-09-21 15:35:09,20260921,12,2,2-4-5,59.7
2026-09-21 15:35:09,20260921,12,2,2-4-6,129.1
2026-09-21 15:35:09,20260921,12,2,2-5-1,18.2
2026-09-21 15:35:09,20260921,12,2,2-5-3,33.0
2026-09-21 15:35:09,20260921,12,2,2-5-4,37.9
2026-09-21 15:35:09,20260921,12,2,2-5-6,74.9
2026-09-21 15:35:09,20260921,12,2,2-6-1,288.1
2026-09-21 15:35:09,20260921,12,2,2-6-3,535.1
2026-09-21 15:35:09,20260921,12,2,2-6-4,340.5
2026-09-21 15:35:09,20260921,12,2,2-6-5,197.1
2026-09-21 15:35:09,20260921,12,2,3-1-2,54.2
2026-09-21 15:35:09,20260921,12,2,3-1-4,89.1
2026-09-21 15:35:09,20260921,12,2,3-1-5,60.4
2026-09-21 15:35:09,20260921,12,2,3-1-6,124.8
2026-09-21 15:35:09,20260921,12,2,3-2-1,106.0
2026-09-21 15:35:09,20260921,12,2,3-2-4,132.2
2026-09-21 15:35:09,20260921,12,2,3-2-5,74.9
2026-09-21 15:35:09,20260921,12,2,3-2-6,175.5
2026-09-21 15:35:09,20260921,12,2,3-4-1,170.2
2026-09-21 15:35:09,20260921,12,2,3-4-2,142.2
2026-09-21 15:35:09,20260921,12,2,3-4-5,234.1
2026-09-21 15:35:09,20260921,12,2,3-4-6,249.7
2026-09-21 15:35:09,20260921,12,2,3-5-1,135.3
2026-09-21 15:35:09,20260921,12,2,3-5-2,89.1
2026-09-21 15:35:09,20260921,12,2,3-5-4,216.1
2026-09-21 15:35:09,20260921,12,2,3-5-6,267.5
2026-09-21 15:35:09,20260921,12,2,3-6-1,274.0
2026-09-21 15:35:09,20260921,12,2,3-6-2,661.0
2026-09-21 15:35:09,20260921,12,2,3-6-4,280.9
2026-09-21 15:35:09,20260921,12,2,3-6-5,510.7
2026-09-21 15:35:09,20260921,12,2,4-1-2,87.7
2026-09-21 15:35:09,20260921,12,2,4-1-3,167.7
2026-09-21 15:35:09,20260921,12,2,4-1-5,98.5
2026-09-21 15:35:09,20260921,12,2,4-1-6,261.3
2026-09-21 15:35:09,20260921,12,2,4-2-1,110.1
2026-09-21 15:35:09,20260921,12,2,4-2-3,178.3
2026-09-21 15:35:09,20260921,12,2,4-2-5,91.3
2026-09-21 15:35:09,20260921,12,2,4-2-6,229.3
2026-09-21 15:35:09,20260921,12,2,4-3-1,197.1
2026-09-21 15:35:09,20260921,12,2,4-3-2,416.1
2026-09-21 15:35:09,20260921,12,2,4-3-5,274.0
2026-09-21 15:35:09,20260921,12,2,4-3-6,330.5
2026-09-21 15:35:09,20260921,12,2,4-5-1,120.8
2026-09-21 15:35:09,20260921,12,2,4-5-2,79.1
2026-09-21 15:35:09,20260921,12,2,4-5-3,149.8
2026-09-21 15:35:09,20260921,12,2,4-5-6,127.6
2026-09-21 15:35:09,20260921,12,2,4-6-1,351.1
2026-09-21 15:35:09,20260921,12,2,4-6-2,216.1
2026-09-21 15:35:09,20260921,12,2,4-6-3,330.5
2026-09-21 15:35:09,20260921,12,2,4-6-5,374.5
2026-09-21 15:35:09,20260921,12,2,5-1-2,30.7
2026-09-21 15:35:09,20260921,12,2,5-1-3,56.4
2026-09-21 15:35:09,20260921,12,2,5-1-4,51.7
2026-09-21 15:35:09,20260921,12,2,5-1-6,100.3
2026-09-21 15:35:09,20260921,12,2,5-2-1,25.9
2026-09-21 15:35:09,20260921,12,2,5-2-3,43.5
2026-09-21 15:35:09,20260921,12,2,5-2-4,47.8
2026-09-21 15:35:09,20260921,12,2,5-2-6,82.6
2026-09-21 15:35:09,20260921,12,2,5-3-1,138.7
2026-09-21 15:35:09,20260921,12,2,5-3-2,94.4
2026-09-21 15:35:09,20260921,12,2,5-3-4,249.7
2026-09-21 15:35:09,20260921,12,2,5-3-6,351.1
2026-09-21 15:35:09,20260921,12,2,5-4-1,82.0
2026-09-21 15:35:09,20260921,12,2,5-4-2,67.2
2026-09-21 15:35:09,20260921,12,2,5-4-3,220.3
2026-09-21 15:35:09,20260921,12,2,5-4-6,208.0
2026-09-21 15:35:09,20260921,12,2,5-6-1,295.7
2026-09-21 15:35:09,20260921,12,2,5-6-2,118.2
2026-09-21 15:35:09,20260921,12,2,5-6-3,303.7
2026-09-21 15:35:09,20260921,12,2,5-6-4,387.4
2026-09-21 15:35:09,20260921,12,2,6-1-2,340.5
2026-09-21 15:35:09,20260921,12,2,6-1-3,561.8
2026-09-21 15:35:09,20260921,12,2,6-1-4,864.4
2026-09-21 15:35:09,20260921,12,2,6-1-5,432.2
2026-09-21 15:35:09,20260921,12,2,6-2-1,749.1
2026-09-21 15:35:09,20260921,12,2,6-2-3,535.1
2026-09-21 15:35:09,20260921,12,2,6-2-4,561.8
2026-09-21 15:35:09,20260921,12,2,6-2-5,362.4
2026-09-21 15:35:09,20260921,12,2,6-3-1,401.3
2026-09-21 15:35:09,20260921,12,2,6-3-2,936.4
2026-09-21 15:35:09,20260921,12,2,6-3-4,387.4
2026-09-21 15:35:09,20260921,12,2,6-3-5,936.4
2026-09-21 15:35:09,20260921,12,2,6-4-1,1248.0
2026-09-21 15:35:09,20260921,12,2,6-4-2,488.5
2026-09-21 15:35:09,20260921,12,2,6-4-3,864.4
2026-09-21 15:35:09,20260921,12,2,6-4-5,802.6
2026-09-21 15:35:09,20260921,12,2,6-5-1,362.4
2026-09-21 15:35:09,20260921,12,2,6-5-2,274.0
2026-09-21 15:35:09,20260921,12,2,6-5-3,591.4
2026-09-21 15:35:09,20260921,12,2,6-5-4,802.6
2026-09-21 15:35:20,20260921,15,2,1-2-3,46.7
2026-09-21 15:35:20,20260921,15,2,1-2-4,58.6
2026-09-21 15:35:20,20260921,15,2,1-2-5,134.6
2026-09-21 15:35:20,20260921,15,2,1-2-6,112.9
2026-09-21 15:35:20,20260921,15,2,1-3-2,22.9
2026-09-21 15:35:20,20260921,15,2,1-3-4,14.5
2026-09-21 15:35:20,20260921,15,2,1-3-5,46.4
2026-09-21 15:35:20,20260921,15,2,1-3-6,39.5
2026-09-21 15:35:20,20260921,15,2,1-4-2,40.0
2026-09-21 15:35:20,20260921,15,2,1-4-3,22.2
2026-09-21 15:35:20,20260921,15,2,1-4-5,91.9
2026-09-21 15:35:20,20260921,15,2,1-4-6,67.0
2026-09-21 15:35:20,20260921,15,2,1-5-2,158.7
2026-09-21 15:35:20,20260921,15,2,1-5-3,117.6
2026-09-21 15:35:20,20260921,15,2,1-5-4,180.9
2026-09-21 15:35:20,20260921,15,2,1-5-6,207.7
2026-09-21 15:35:20,20260921,15,2,1-6-2,60.7
2026-09-21 15:35:20,20260921,15,2,1-6-3,59.0
2026-09-21 15:35:20,20260921,15,2,1-6-4,121.0
2026-09-21 15:35:20,20260921,15,2,1-6-5,177.1
2026-09-21 15:35:20,20260921,15,2,2-1-3,72.8
2026-09-21 15:35:20,20260921,15,2,2-1-4,100.7
2026-09-21 15:35:20,20260921,15,2,2-1-5,193.4
2026-09-21 15:35:20,20260921,15,2,2-1-6,94.0
2026-09-21 15:35:20,20260921,15,2,2-3-1,106.5
2026-09-21 15:35:20,20260921,15,2,2-3-4,135.7
2026-09-21 15:35:20,20260921,15,2,2-3-5,213.0
2026-09-21 15:35:20,20260921,15,2,2-3-6,36.8
2026-09-21 15:35:20,20260921,15,2,2-4-1,157.2
2026-09-21 15:35:20,20260921,15,2,2-4-3,163.4
2026-09-21 15:35:20,20260921,15,2,2-4-5,467.5
2026-09-21 15:35:20,20260921,15,2,2-4-6,91.9
2026-09-21 15:35:20,20260921,15,2,2-5-1,410.5
2026-09-21 15:35:20,20260921,15,2,2-5-3,160.2
2026-09-21 15:35:20,20260921,15,2,2-5-4,510.0
2026-09-21 15:35:20,20260921,15,2,2-5-6,247.5
2026-09-21 15:35:20,20260921,15,2,2-6-1,300.5
2026-09-21 15:35:20,20260921,15,2,2-6-3,80.9
2026-09-21 15:35:20,20260921,15,2,2-6-4,97.2
2026-09-21 15:35:20,20260921,15,2,2-6-5,306.0
2026-09-21 15:35:20,20260921,15,2,3-1-2,57.2
2026-09-21 15:35:20,20260921,15,2,3-1-4,24.5
2026-09-21 15:35:20,20260921,15,2,3-1-5,83.3
2026-09-21 15:35:20,20260921,15,2,3-1-6,67.3
2026-09-21 15:35:20,20260921,15,2,3-2-1,91.9
2026-09-21 15:35:20,20260921,15,2,3-2-4,32.8
2026-09-21 15:35:20,20260921,15,2,3-2-5,258.9
2026-09-21 15:35:20,20260921,15,2,3-2-6,23.9
2026-09-21 15:35:20,20260921,15,2,3-4-1,40.2
2026-09-21 15:35:20,20260921,15,2,3-4-2,27.6
2026-09-21 15:35:20,20260921,15,2,3-4-5,22.4
2026-09-21 15:35:20,20260921,15,2,3-4-6,100.1
2026-09-21 15:35:20,20260921,15,2,3-5-1,221.4
2026-09-21 15:35:20,20260921,15,2,3-5-2,198.0
2026-09-21 15:35:20,20260921,15,2,3-5-4,44.5
2026-09-21 15:35:20,20260921,15,2,3-5-6,72.2
2026-09-21 15:35:20,20260921,15,2,3-6-1,195.7
2026-09-21 15:35:20,20260921,15,2,3-6-2,85.8
2026-09-21 15:35:20,20260921,15,2,3-6-4,205.2
2026-09-21 15:35:20,20260921,15,2,3-6-5,79.7
2026-09-21 15:35:20,20260921,15,2,4-1-2,155.8
2026-09-21 15:35:20,20260921,15,2,4-1-3,74.8
2026-09-21 15:35:20,20260921,15,2,4-1-5,202.7
2026-09-21 15:35:20,20260921,15,2,4-1-6,150.2
2026-09-21 15:35:20,20260921,15,2,4-2-1,240.4
2026-09-21 15:35:20,20260921,15,2,4-2-3,195.7
2026-09-21 15:35:20,20260921,15,2,4-2-5,262.9
2026-09-21 15:35:20,20260921,15,2,4-2-6,50.3
2026-09-21 15:35:20,20260921,15,2,4-3-1,67.3
2026-09-21 15:35:20,20260921,15,2,4-3-2,86.3
2026-09-21 15:35:20,20260921,15,2,4-3-5,34.9
2026-09-21 15:35:20,20260921,15,2,4-3-6,20.2
2026-09-21 15:35:20,20260921,15,2,4-5-1,365.8
2026-09-21 15:35:20,20260921,15,2,4-5-2,454.8
2026-09-21 15:35:20,20260921,15,2,4-5-3,100.1
2026-09-21 15:35:20,20260921,15,2,4-5-6,179.0
2026-09-21 15:35:20,20260921,15,2,4-6-1,198.0
2026-09-21 15:35:20,20260921,15,2,4-6-2,62.3
2026-09-21 15:35:20,20260921,15,2,4-6-3,215.7
2026-09-21 15:35:20,20260921,15,2,4-6-5,285.2
2026-09-21 15:35:20,20260921,15,2,5-1-2,230.5
2026-09-21 15:35:20,20260921,15,2,5-1-3,218.5
2026-09-21 15:35:20,20260921,15,2,5-1-4,215.7
2026-09-21 15:35:20,20260921,15,2,5-1-6,180.9
2026-09-21 15:35:20,20260921,15,2,5-2-1,251.2
2026-09-21 15:35:20,20260921,15,2,5-2-3,285.2
2026-09-21 15:35:20,20260921,15,2,5-2-4,280.5
2026-09-21 15:35:20,20260921,15,2,5-2-6,155.8
2026-09-21 15:35:20,20260921,15,2,5-3-1,300.5
2026-09-21 15:35:20,20260921,15,2,5-3-2,374.0
2026-09-21 15:35:20,20260921,15,2,5-3-4,45.6
2026-09-21 15:35:20,20260921,15,2,5-3-6,343.4
2026-09-21 15:35:20,20260921,15,2,5-4-1,350.6
2026-09-21 15:35:20,20260921,15,2,5-4-2,311.6
2026-09-21 15:35:20,20260921,15,2,5-4-3,63.0
2026-09-21 15:35:20,20260921,15,2,5-4-6,267.1
2026-09-21 15:35:20,20260921,15,2,5-6-1,374.0
2026-09-21 15:35:20,20260921,15,2,5-6-2,191.2
2026-09-21 15:35:20,20260921,15,2,5-6-3,374.0
2026-09-21 15:35:20,20260921,15,2,5-6-4,213.0
2026-09-21 15:35:20,20260921,15,2,6-1-2,200.3
2026-09-21 15:35:20,20260921,15,2,6-1-3,184.9
2026-09-21 15:35:20,20260921,15,2,6-1-4,285.2
2026-09-21 15:35:20,20260921,15,2,6-1-5,251.2
2026-09-21 15:35:20,20260921,15,2,6-2-1,330.0
2026-09-21 15:35:20,20260921,15,2,6-2-3,86.3
2026-09-21 15:35:20,20260921,15,2,6-2-4,100.7
2026-09-21 15:35:20,20260921,15,2,6-2-5,267.1
2026-09-21 15:35:20,20260921,15,2,6-3-1,255.0
2026-09-21 15:35:20,20260921,15,2,6-3-2,77.9
2026-09-21 15:35:20,20260921,15,2,6-3-4,255.0
2026-09-21 15:35:20,20260921,15,2,6-3-5,317.5
2026-09-21 15:35:20,20260921,15,2,6-4-1,382.5
2026-09-21 15:35:20,20260921,15,2,6-4-2,105.1
2026-09-21 15:35:20,20260921,15,2,6-4-3,343.4
2026-09-21 15:35:20,20260921,15,2,6-4-5,400.7
2026-09-21 15:35:20,20260921,15,2,6-5-1,391.4
2026-09-21 15:35:20,20260921,15,2,6-5-2,247.5
2026-09-21 15:35:20,20260921,15,2,6-5-3,410.5
2026-09-21 15:35:20,20260921,15,2,6-5-4,306.0
2026-09-21 15:40:49,20260921,5,11,1-2-3,11.3
2026-09-21 15:40:49,20260921,5,11,1-2-4,16.2
2026-09-21 15:40:49,20260921,5,11,1-2-5,23.1
2026-09-21 15:40:49,20260921,5,11,1-2-6,17.0
2026-09-21 15:40:49,20260921,5,11,1-3-2,10.5
2026-09-21 15:40:49,20260921,5,11,1-3-4,10.2
2026-09-21 15:40:49,20260921,5,11,1-3-5,14.8
2026-09-21 15:40:49,20260921,5,11,1-3-6,11.5
2026-09-21 15:40:49,20260921,5,11,1-4-2,21.2
2026-09-21 15:40:49,20260921,5,11,1-4-3,16.9
2026-09-21 15:40:49,20260921,5,11,1-4-5,35.2
2026-09-21 15:40:49,20260921,5,11,1-4-6,23.3
2026-09-21 15:40:49,20260921,5,11,1-5-2,29.7
2026-09-21 15:40:49,20260921,5,11,1-5-3,30.3
2026-09-21 15:40:49,20260921,5,11,1-5-4,50.4
2026-09-21 15:40:49,20260921,5,11,1-5-6,34.7
2026-09-21 15:40:49,20260921,5,11,1-6-2,30.8
2026-09-21 15:40:49,20260921,5,11,1-6-3,29.6
2026-09-21 15:40:49,20260921,5,11,1-6-4,41.3
2026-09-21 15:40:49,20260921,5,11,1-6-5,50.8
2026-09-21 15:40:49,20260921,5,11,2-1-3,70.3
2026-09-21 15:40:49,20260921,5,11,2-1-4,83.3
2026-09-21 15:40:49,20260921,5,11,2-1-5,117.7
2026-09-21 15:40:49,20260921,5,11,2-1-6,84.6
2026-09-21 15:40:49,20260921,5,11,2-3-1,184.3
2026-09-21 15:40:49,20260921,5,11,2-3-4,426.6
2026-09-21 15:40:49,20260921,5,11,2-3-5,657.5
2026-09-21 15:40:49,20260921,5,11,2-3-6,516.5
2026-09-21 15:40:49,20260921,5,11,2-4-1,275.0
2026-09-21 15:40:49,20260921,5,11,2-4-3,483.5
2026-09-21 15:40:49,20260921,5,11,2-4-5,824.4
2026-09-21 15:40:49,20260921,5,11,2-4-6,428.6
2026-09-21 15:40:49,20260921,5,11,2-5-1,436.0
2026-09-21 15:40:49,20260921,5,11,2-5-3,898.6
2026-09-21 15:40:49,20260921,5,11,2-5-4,1150.0
2026-09-21 15:40:49,20260921,5,11,2-5-6,741.3
2026-09-21 15:40:49,20260921,5,11,2-6-1,259.9
2026-09-21 15:40:49,20260921,5,11,2-6-3,616.9
2026-09-21 15:40:49,20260921,5,11,2-6-4,691.7
2026-09-21 15:40:49,20260921,5,11,2-6-5,812.4
2026-09-21 15:40:49,20260921,5,11,3-1-2,77.9
2026-09-21 15:40:49,20260921,5,11,3-1-4,60.0
2026-09-21 15:40:49,20260921,5,11,3-1-5,63.4
2026-09-21 15:40:49,20260921,5,11,3-1-6,57.6
2026-09-21 15:40:49,20260921,5,11,3-2-1,193.8
2026-09-21 15:40:49,20260921,5,11,3-2-4,330.7
2026-09-21 15:40:49,20260921,5,11,3-2-5,391.4
2026-09-21 15:40:49,20260921,5,11,3-2-6,339.5
2026-09-21 15:40:49,20260921,5,11,3-4-1,141.7
2026-09-21 15:40:49,20260921,5,11,3-4-2,316.5
2026-09-21 15:40:49,20260921,5,11,3-4-5,231.5
2026-09-21 15:40:49,20260921,5,11,3-4-6,158.5
2026-09-21 15:40:49,20260921,5,11,3-5-1,251.3
2026-09-21 15:40:49,20260921,5,11,3-5-2,436.0
2026-09-21 15:40:49,20260921,5,11,3-5-4,387.0
2026-09-21 15:40:49,20260921,5,11,3-5-6,283.7
2026-09-21 15:40:49,20260921,5,11,3-6-1,203.9
2026-09-21 15:40:49,20260921,5,11,3-6-2,465.7
2026-09-21 15:40:49,20260921,5,11,3-6-4,324.2
2026-09-21 15:40:49,20260921,5,11,3-6-5,411.6
2026-09-21 15:40:49,20260921,5,11,4-1-2,164.1
2026-09-21 15:40:49,20260921,5,11,4-1-3,166.7
2026-09-21 15:40:49,20260921,5,11,4-1-5,190.2
2026-09-21 15:40:49,20260921,5,11,4-1-6,159.1
2026-09-21 15:40:49,20260921,5,11,4-2-1,345.0
2026-09-21 15:40:49,20260921,5,11,4-2-3,554.5
2026-09-21 15:40:49,20260921,5,11,4-2-5,703.9
2026-09-21 15:40:49,20260921,5,11,4-2-6,461.9
2026-09-21 15:40:49,20260921,5,11,4-3-1,271.6
2026-09-21 15:40:49,20260921,5,11,4-3-2,541.6
2026-09-21 15:40:49,20260921,5,11,4-3-5,561.2
2026-09-21 15:40:49,20260921,5,11,4-3-6,338.3
2026-09-21 15:40:49,20260921,5,11,4-5-1,387.0
2026-09-21 15:40:49,20260921,5,11,4-5-2,725.9
2026-09-21 15:40:49,20260921,5,11,4-5-3,698.6
2026-09-21 15:40:49,20260921,5,11,4-5-6,402.1
2026-09-21 15:40:49,20260921,5,11,4-6-1,297.9
2026-09-21 15:40:49,20260921,5,11,4-6-2,456.6
2026-09-21 15:40:49,20260921,5,11,4-6-3,486.8
2026-09-21 15:40:49,20260921,5,11,4-6-5,460.4
2026-09-21 15:40:49,20260921,5,11,5-1-2,243.2
2026-09-21 15:40:49,20260921,5,11,5-1-3,254.0
2026-09-21 15:40:49,20260921,5,11,5-1-4,342.9
2026-09-21 15:40:49,20260921,5,11,5-1-6,224.8
2026-09-21 15:40:49,20260921,5,11,5-2-1,509.0
2026-09-21 15:40:49,20260921,5,11,5-2-3,1016.0
2026-09-21 15:40:49,20260921,5,11,5-2-4,1220.0
2026-09-21 15:40:49,20260921,5,11,5-2-6,636.6
2026-09-21 15:40:49,20260921,5,11,5-3-1,550.1
2026-09-21 15:40:49,20260921,5,11,5-3-2,1253.0
2026-09-21 15:40:49,20260921,5,11,5-3-4,1169.0
2026-09-21 15:40:49,20260921,5,11,5-3-6,919.3
2026-09-21 15:40:49,20260921,5,11,5-4-1,614.2
2026-09-21 15:40:49,20260921,5,11,5-4-2,1305.0
2026-09-21 15:40:49,20260921,5,11,5-4-3,984.0
2026-09-21 15:40:49,20260921,5,11,5-4-6,747.2
2026-09-21 15:40:49,20260921,5,11,5-6-1,509.0
2026-09-21 15:40:49,20260921,5,11,5-6-2,720.3
2026-09-21 15:40:49,20260921,5,11,5-6-3,834.2
2026-09-21 15:40:49,20260921,5,11,5-6-4,904.4
2026-09-21 15:40:49,20260921,5,11,6-1-2,198.9
2026-09-21 15:40:49,20260921,5,11,6-1-3,234.4
2026-09-21 15:40:49,20260921,5,11,6-1-4,375.1
2026-09-21 15:40:49,20260921,5,11,6-1-5,406.2
2026-09-21 15:40:49,20260921,5,11,6-2-1,330.3
2026-09-21 15:40:49,20260921,5,11,6-2-3,944.1
2026-09-21 15:40:49,20260921,5,11,6-2-4,963.7
2026-09-21 15:40:49,20260921,5,11,6-2-5,1083.0
2026-09-21 15:40:49,20260921,5,11,6-3-1,375.6
2026-09-21 15:40:49,20260921,5,11,6-3-2,1023.0
2026-09-21 15:40:49,20260921,5,11,6-3-4,731.6
2026-09-21 15:40:49,20260921,5,11,6-3-5,944.1
2026-09-21 15:40:49,20260921,5,11,6-4-1,618.3
2026-09-21 15:40:49,20260921,5,11,6-4-2,846.9
2026-09-21 15:40:49,20260921,5,11,6-4-3,846.9
2026-09-21 15:40:49,20260921,5,11,6-4-5,1131.0
2026-09-21 15:40:49,20260921,5,11,6-5-1,665.4
2026-09-21 15:40:49,20260921,5,11,6-5-2,1050.0
2026-09-21 15:40:49,20260921,5,11,6-5-3,931.5
2026-09-21 15:40:49,20260921,5,11,6-5-4,1062.0
2026-09-21 15:46:49,20260921,1,2,1-2-3,91.0
2026-09-21 15:46:49,20260921,1,2,1-2-4,90.7
2026-09-21 15:46:49,20260921,1,2,1-2-5,115.0
2026-09-21 15:46:49,20260921,1,2,1-2-6,210.5
2026-09-21 15:46:49,20260921,1,2,1-3-2,77.2
2026-09-21 15:46:49,20260921,1,2,1-3-4,15.2
2026-09-21 15:46:49,20260921,1,2,1-3-5,29.1
2026-09-21 15:46:49,20260921,1,2,1-3-6,121.6
2026-09-21 15:46:49,20260921,1,2,1-4-2,93.3
2026-09-21 15:46:49,20260921,1,2,1-4-3,28.0
2026-09-21 15:46:49,20260921,1,2,1-4-5,48.7
2026-09-21 15:46:49,20260921,1,2,1-4-6,146.9
2026-09-21 15:46:49,20260921,1,2,1-5-2,166.7
2026-09-21 15:46:49,20260921,1,2,1-5-3,68.8
2026-09-21 15:46:49,20260921,1,2,1-5-4,96.3
2026-09-21 15:46:49,20260921,1,2,1-5-6,380.5
2026-09-21 15:46:49,20260921,1,2,1-6-2,237.4
2026-09-21 15:46:49,20260921,1,2,1-6-3,262.6
2026-09-21 15:46:49,20260921,1,2,1-6-4,175.6
2026-09-21 15:46:49,20260921,1,2,1-6-5,539.6
2026-09-21 15:46:49,20260921,1,2,2-1-3,124.7
2026-09-21 15:46:49,20260921,1,2,2-1-4,171.5
2026-09-21 15:46:49,20260921,1,2,2-1-5,160.4
2026-09-21 15:46:49,20260921,1,2,2-1-6,206.1
2026-09-21 15:46:49,20260921,1,2,2-3-1,200.5
2026-09-21 15:46:49,20260921,1,2,2-3-4,119.6
2026-09-21 15:46:49,20260921,1,2,2-3-5,213.5
2026-09-21 15:46:49,20260921,1,2,2-3-6,401.0
2026-09-21 15:46:49,20260921,1,2,2-4-1,176.6
2026-09-21 15:46:49,20260921,1,2,2-4-3,73.6
2026-09-21 15:46:49,20260921,1,2,2-4-5,221.5
2026-09-21 15:46:49,20260921,1,2,2-4-6,156.2
2026-09-21 15:46:49,20260921,1,2,2-5-1,192.7
2026-09-21 15:46:49,20260921,1,2,2-5-3,312.4
2026-09-21 15:46:49,20260921,1,2,2-5-4,285.3
2026-09-21 15:46:49,20260921,1,2,2-5-6,253.6
2026-09-21 15:46:49,20260921,1,2,2-6-1,247.3
2026-09-21 15:46:49,20260921,1,2,2-6-3,631.5
2026-09-21 15:46:49,20260921,1,2,2-6-4,345.1
2026-09-21 15:46:49,20260921,1,2,2-6-5,94.2
2026-09-21 15:46:49,20260921,1,2,3-1-2,74.0
2026-09-21 15:46:49,20260921,1,2,3-1-4,16.8
2026-09-21 15:46:49,20260921,1,2,3-1-5,22.8
2026-09-21 15:46:49,20260921,1,2,3-1-6,88.3
2026-09-21 15:46:49,20260921,1,2,3-2-1,128.4
2026-09-21 15:46:49,20260921,1,2,3-2-4,86.2
2026-09-21 15:46:49,20260921,1,2,3-2-5,101.6
2026-09-21 15:46:49,20260921,1,2,3-2-6,235.5
2026-09-21 15:46:49,20260921,1,2,3-4-1,15.5
2026-09-21 15:46:49,20260921,1,2,3-4-2,45.8
2026-09-21 15:46:49,20260921,1,2,3-4-5,9.3
2026-09-21 15:46:49,20260921,1,2,3-4-6,36.9
2026-09-21 15:46:49,20260921,1,2,3-5-1,35.6
2026-09-21 15:46:49,20260921,1,2,3-5-2,77.6
2026-09-21 15:46:49,20260921,1,2,3-5-4,18.1
2026-09-21 15:46:49,20260921,1,2,3-5-6,67.9
2026-09-21 15:46:49,20260921,1,2,3-6-1,247.3
2026-09-21 15:46:49,20260921,1,2,3-6-2,353.3
2026-09-21 15:46:49,20260921,1,2,3-6-4,168.6
2026-09-21 15:46:49,20260921,1,2,3-6-5,219.8
2026-09-21 15:46:49,20260921,1,2,4-1-2,110.3
2026-09-21 15:46:49,20260921,1,2,4-1-3,43.8
2026-09-21 15:46:49,20260921,1,2,4-1-5,49.3
2026-09-21 15:46:49,20260921,1,2,4-1-6,112.0
2026-09-21 15:46:49,20260921,1,2,4-2-1,174.5
2026-09-21 15:46:49,20260921,1,2,4-2-3,152.9
2026-09-21 15:46:49,20260921,1,2,4-2-5,175.6
2026-09-21 15:46:49,20260921,1,2,4-2-6,140.0
2026-09-21 15:46:49,20260921,1,2,4-3-1,32.5
2026-09-21 15:46:49,20260921,1,2,4-3-2,80.6
2026-09-21 15:46:49,20260921,1,2,4-3-5,19.4
2026-09-21 15:46:49,20260921,1,2,4-3-6,56.1
2026-09-21 15:46:49,20260921,1,2,4-5-1,56.1
2026-09-21 15:46:49,20260921,1,2,4-5-2,125.2
2026-09-21 15:46:49,20260921,1,2,4-5-3,32.2
2026-09-21 15:46:49,20260921,1,2,4-5-6,95.7
2026-09-21 15:46:49,20260921,1,2,4-6-1,293.8
2026-09-21 15:46:49,20260921,1,2,4-6-2,216.6
2026-09-21 15:46:49,20260921,1,2,4-6-3,197.8
2026-09-21 15:46:49,20260921,1,2,4-6-5,212.0
2026-09-21 15:46:49,20260921,1,2,5-1-2,247.3
2026-09-21 15:46:49,20260921,1,2,5-1-3,124.1
2026-09-21 15:46:49,20260921,1,2,5-1-4,125.7
2026-09-21 15:46:49,20260921,1,2,5-1-6,251.5
2026-09-21 15:46:49,20260921,1,2,5-2-1,319.1
2026-09-21 15:46:49,20260921,1,2,5-2-3,251.5
2026-09-21 15:46:49,20260921,1,2,5-2-4,315.7
2026-09-21 15:46:49,20260921,1,2,5-2-6,406.5
2026-09-21 15:46:49,20260921,1,2,5-3-1,114.5
2026-09-21 15:46:49,20260921,1,2,5-3-2,191.4
2026-09-21 15:46:49,20260921,1,2,5-3-4,54.5
2026-09-21 15:46:49,20260921,1,2,5-3-6,277.3
2026-09-21 15:46:49,20260921,1,2,5-4-1,138.6
2026-09-21 15:46:49,20260921,1,2,5-4-2,309.1
2026-09-21 15:46:49,20260921,1,2,5-4-3,60.8
2026-09-21 15:46:49,20260921,1,2,5-4-6,258.0
2026-09-21 15:46:49,20260921,1,2,5-6-1,456.6
2026-09-21 15:46:49,20260921,1,2,5-6-2,390.5
2026-09-21 15:46:49,20260921,1,2,5-6-3,412.2
2026-09-21 15:46:49,20260921,1,2,5-6-4,230.0
2026-09-21 15:46:49,20260921,1,2,6-1-2,449.7
2026-09-21 15:46:49,20260921,1,2,6-1-3,570.7
2026-09-21 15:46:49,20260921,1,2,6-1-4,690.2
2026-09-21 15:46:49,20260921,1,2,6-1-5,802.1
2026-09-21 15:46:49,20260921,1,2,6-2-1,463.7
2026-09-21 15:46:49,20260921,1,2,6-2-3,560.0
2026-09-21 15:46:49,20260921,1,2,6-2-4,430.1
2026-09-21 15:46:49,20260921,1,2,6-2-5,690.2
2026-09-21 15:46:49,20260921,1,2,6-3-1,927.5
2026-09-21 15:46:49,20260921,1,2,6-3-2,549.6
2026-09-21 15:46:49,20260921,1,2,6-3-4,302.8
2026-09-21 15:46:49,20260921,1,2,6-3-5,761.0
2026-09-21 15:46:49,20260921,1,2,6-4-1,802.1
2026-09-21 15:46:49,20260921,1,2,6-4-2,449.7
2026-09-21 15:46:49,20260921,1,2,6-4-3,371.0
2026-09-21 15:46:49,20260921,1,2,6-4-5,395.7
2026-09-21 15:46:49,20260921,1,2,6-5-1,723.9
2026-09-21 15:46:49,20260921,1,2,6-5-2,927.5
2026-09-21 15:46:49,20260921,1,2,6-5-3,690.2
2026-09-21 15:46:49,20260921,1,2,6-5-4,503.0
2026-09-21 15:49:48,20260921,6,10,1-2-3,19.6
2026-09-21 15:49:48,20260921,6,10,1-2-4,65.0
2026-09-21 15:49:48,20260921,6,10,1-2-5,16.1
2026-09-21 15:49:48,20260921,6,10,1-2-6,91.4
2026-09-21 15:49:48,20260921,6,10,1-3-2,25.8
2026-09-21 15:49:48,20260921,6,10,1-3-4,86.8
2026-09-21 15:49:48,20260921,6,10,1-3-5,24.1
2026-09-21 15:49:48,20260921,6,10,1-3-6,137.3
2026-09-21 15:49:48,20260921,6,10,1-4-2,133.0
2026-09-21 15:49:48,20260921,6,10,1-4-3,174.1
2026-09-21 15:49:48,20260921,6,10,1-4-5,80.1
2026-09-21 15:49:48,20260921,6,10,1-4-6,239.8
2026-09-21 15:49:48,20260921,6,10,1-5-2,15.7
2026-09-21 15:49:48,20260921,6,10,1-5-3,17.8
2026-09-21 15:49:48,20260921,6,10,1-5-4,55.4
2026-09-21 15:49:48,20260921,6,10,1-5-6,52.7
2026-09-21 15:49:48,20260921,6,10,1-6-2,120.9
2026-09-21 15:49:48,20260921,6,10,1-6-3,169.1
2026-09-21 15:49:48,20260921,6,10,1-6-4,239.8
2026-09-21 15:49:48,20260921,6,10,1-6-5,150.8
2026-09-21 15:49:48,20260921,6,10,2-1-3,77.4
2026-09-21 15:49:48,20260921,6,10,2-1-4,133.0
2026-09-21 15:49:48,20260921,6,10,2-1-5,33.8
2026-09-21 15:49:48,20260921,6,10,2-1-6,177.3
2026-09-21 15:49:48,20260921,6,10,2-3-1,98.8
2026-09-21 15:49:48,20260921,6,10,2-3-4,118.4
2026-09-21 15:49:48,20260921,6,10,2-3-5,60.4
2026-09-21 15:49:48,20260921,6,10,2-3-6,195.0
2026-09-21 15:49:48,20260921,6,10,2-4-1,203.2
2026-09-21 15:49:48,20260921,6,10,2-4-3,140.6
2026-09-21 15:49:48,20260921,6,10,2-4-5,117.9
2026-09-21 15:49:48,20260921,6,10,2-4-6,256.6
2026-09-21 15:49:48,20260921,6,10,2-5-1,50.7
2026-09-21 15:49:48,20260921,6,10,2-5-3,57.8
2026-09-21 15:49:48,20260921,6,10,2-5-4,98.5
2026-09-21 15:49:48,20260921,6,10,2-5-6,91.1
2026-09-21 15:49:48,20260921,6,10,2-6-1,340.2
2026-09-21 15:49:48,20260921,6,10,2-6-3,273.4
2026-09-21 15:49:48,20260921,6,10,2-6-4,352.5
2026-09-21 15:49:48,20260921,6,10,2-6-5,148.5
2026-09-21 15:49:48,20260921,6,10,3-1-2,79.5
2026-09-21 15:49:48,20260921,6,10,3-1-4,141.3
2026-09-21 15:49:48,20260921,6,10,3-1-5,41.9
2026-09-21 15:49:48,20260921,6,10,3-1-6,210.5
2026-09-21 15:49:48,20260921,6,10,3-2-1,123.9
2026-09-21 15:49:48,20260921,6,10,3-2-4,112.1
2026-09-21 15:49:48,20260921,6,10,3-2-5,74.6
2026-09-21 15:49:48,20260921,6,10,3-2-6,212.0
2026-09-21 15:49:48,20260921,6,10,3-4-1,328.8
2026-09-21 15:49:48,20260921,6,10,3-4-2,147.0
2026-09-21 15:49:48,20260921,6,10,3-4-5,174.1
2026-09-21 15:49:48,20260921,6,10,3-4-6,436.7
2026-09-21 15:49:48,20260921,6,10,3-5-1,39.4
2026-09-21 15:49:48,20260921,6,10,3-5-2,57.2
2026-09-21 15:49:48,20260921,6,10,3-5-4,99.5
2026-09-21 15:49:48,20260921,6,10,3-5-6,72.6
2026-09-21 15:49:48,20260921,6,10,3-6-1,370.4
2026-09-21 15:49:48,20260921,6,10,3-6-2,332.5
2026-09-21 15:49:48,20260921,6,10,3-6-4,504.5
2026-09-21 15:49:48,20260921,6,10,3-6-5,153.2
2026-09-21 15:49:48,20260921,6,10,4-1-2,295.5
2026-09-21 15:49:48,20260921,6,10,4-1-3,400.8
2026-09-21 15:49:48,20260921,6,10,4-1-5,146.3
2026-09-21 15:49:48,20260921,6,10,4-1-6,665.0
2026-09-21 15:49:48,20260921,6,10,4-2-1,375.1
2026-09-21 15:49:48,20260921,6,10,4-2-3,156.4
2026-09-21 15:49:48,20260921,6,10,4-2-5,140.0
2026-09-21 15:49:48,20260921,6,10,4-2-6,365.7
2026-09-21 15:49:48,20260921,6,10,4-3-1,356.8
2026-09-21 15:49:48,20260921,6,10,4-3-2,171.1
2026-09-21 15:49:48,20260921,6,10,4-3-5,256.6
2026-09-21 15:49:48,20260921,6,10,4-3-6,541.9
2026-09-21 15:49:48,20260921,6,10,4-5-1,152.4
2026-09-21 15:49:48,20260921,6,10,4-5-2,135.4
2026-09-21 15:49:48,20260921,6,10,4-5-3,206.0
2026-09-21 15:49:48,20260921,6,10,4-5-6,186.3
2026-09-21 15:49:48,20260921,6,10,4-6-1,696.7
2026-09-21 15:49:48,20260921,6,10,4-6-2,365.7
2026-09-21 15:49:48,20260921,6,10,4-6-3,650.3
2026-09-21 15:49:48,20260921,6,10,4-6-5,348.3
2026-09-21 15:49:48,20260921,6,10,5-1-2,16.7
2026-09-21 15:49:48,20260921,6,10,5-1-3,21.5
2026-09-21 15:49:48,20260921,6,10,5-1-4,63.8
2026-09-21 15:49:48,20260921,6,10,5-1-6,53.4
2026-09-21 15:49:48,20260921,6,10,5-2-1,25.0
2026-09-21 15:49:48,20260921,6,10,5-2-3,44.8
2026-09-21 15:49:48,20260921,6,10,5-2-4,73.7
2026-09-21 15:49:48,20260921,6,10,5-2-6,75.8
2026-09-21 15:49:48,20260921,6,10,5-3-1,33.9
2026-09-21 15:49:48,20260921,6,10,5-3-2,41.5
2026-09-21 15:49:48,20260921,6,10,5-3-4,79.9
2026-09-21 15:49:48,20260921,6,10,5-3-6,62.9
2026-09-21 15:49:48,20260921,6,10,5-4-1,108.7
2026-09-21 15:49:48,20260921,6,10,5-4-2,83.8
2026-09-21 15:49:48,20260921,6,10,5-4-3,132.4
2026-09-21 15:49:48,20260921,6,10,5-4-6,134.2
2026-09-21 15:49:48,20260921,6,10,5-6-1,108.7
2026-09-21 15:49:48,20260921,6,10,5-6-2,94.3
2026-09-21 15:49:48,20260921,6,10,5-6-3,102.3
2026-09-21 15:49:48,20260921,6,10,5-6-4,185.2
2026-09-21 15:49:48,20260921,6,10,6-1-2,464.5
2026-09-21 15:49:48,20260921,6,10,6-1-3,680.5
2026-09-21 15:49:48,20260921,6,10,6-1-4,914.4
2026-09-21 15:49:48,20260921,6,10,6-1-5,336.3
2026-09-21 15:49:48,20260921,6,10,6-2-1,562.7
2026-09-21 15:49:48,20260921,6,10,6-2-3,541.9
2026-09-21 15:49:48,20260921,6,10,6-2-4,562.7
2026-09-21 15:49:48,20260921,6,10,6-2-5,256.6
2026-09-21 15:49:48,20260921,6,10,6-3-1,680.5
2026-09-21 15:49:48,20260921,6,10,6-3-2,770.0
2026-09-21 15:49:48,20260921,6,10,6-3-4,636.1
2026-09-21 15:49:48,20260921,6,10,6-3-5,234.1
2026-09-21 15:49:48,20260921,6,10,6-4-1,1009.0
2026-09-21 15:49:48,20260921,6,10,6-4-2,790.9
2026-09-21 15:49:48,20260921,6,10,6-4-3,886.7
2026-09-21 15:49:48,20260921,6,10,6-4-5,532.0
2026-09-21 15:49:48,20260921,6,10,6-5-1,332.5
2026-09-21 15:49:48,20260921,6,10,6-5-2,245.9
2026-09-21 15:49:48,20260921,6,10,6-5-3,220.0
2026-09-21 15:49:48,20260921,6,10,6-5-4,424.1
2026-09-21 15:51:41,20260921,17,11,1-2-3,8.7
2026-09-21 15:51:41,20260921,17,11,1-2-4,12.9
2026-09-21 15:51:41,20260921,17,11,1-2-5,44.4
2026-09-21 15:51:41,20260921,17,11,1-2-6,140.0
2026-09-21 15:51:41,20260921,17,11,1-3-2,7.3
2026-09-21 15:51:41,20260921,17,11,1-3-4,5.7
2026-09-21 15:51:41,20260921,17,11,1-3-5,14.2
2026-09-21 15:51:41,20260921,17,11,1-3-6,77.7
2026-09-21 15:51:41,20260921,17,11,1-4-2,18.0
2026-09-21 15:51:41,20260921,17,11,1-4-3,12.8
2026-09-21 15:51:41,20260921,17,11,1-4-5,37.6
2026-09-21 15:51:41,20260921,17,11,1-4-6,140.4
2026-09-21 15:51:41,20260921,17,11,1-5-2,109.9
2026-09-21 15:51:41,20260921,17,11,1-5-3,54.7
2026-09-21 15:51:41,20260921,17,11,1-5-4,101.0
2026-09-21 15:51:41,20260921,17,11,1-5-6,303.6
2026-09-21 15:51:41,20260921,17,11,1-6-2,332.5
2026-09-21 15:51:41,20260921,17,11,1-6-3,334.6
2026-09-21 15:51:41,20260921,17,11,1-6-4,400.3
2026-09-21 15:51:41,20260921,17,11,1-6-5,616.6
2026-09-21 15:51:41,20260921,17,11,2-1-3,26.4
2026-09-21 15:51:41,20260921,17,11,2-1-4,37.0
2026-09-21 15:51:41,20260921,17,11,2-1-5,107.1
2026-09-21 15:51:41,20260921,17,11,2-1-6,217.7
2026-09-21 15:51:41,20260921,17,11,2-3-1,48.8
2026-09-21 15:51:41,20260921,17,11,2-3-4,81.5
2026-09-21 15:51:41,20260921,17,11,2-3-5,175.8
2026-09-21 15:51:41,20260921,17,11,2-3-6,426.9
2026-09-21 15:51:41,20260921,17,11,2-4-1,98.1
2026-09-21 15:51:41,20260921,17,11,2-4-3,135.0
2026-09-21 15:51:41,20260921,17,11,2-4-5,332.5
2026-09-21 15:51:41,20260921,17,11,2-4-6,458.5
2026-09-21 15:51:41,20260921,17,11,2-5-1,433.8
2026-09-21 15:51:41,20260921,17,11,2-5-3,487.7
2026-09-21 15:51:41,20260921,17,11,2-5-4,696.7
2026-09-21 15:51:41,20260921,17,11,2-5-6,904.1
2026-09-21 15:51:41,20260921,17,11,2-6-1,804.7
2026-09-21 15:51:41,20260921,17,11,2-6-3,1341.0
2026-09-21 15:51:41,20260921,17,11,2-6-4,842.6
2026-09-21 15:51:41,20260921,17,11,2-6-5,1277.0
2026-09-21 15:51:41,20260921,17,11,3-1-2,24.8
2026-09-21 15:51:41,20260921,17,11,3-1-4,16.8
2026-09-21 15:51:41,20260921,17,11,3-1-5,34.9
2026-09-21 15:51:41,20260921,17,11,3-1-6,160.1
2026-09-21 15:51:41,20260921,17,11,3-2-1,65.3
2026-09-21 15:51:41,20260921,17,11,3-2-4,102.2
2026-09-21 15:51:41,20260921,17,11,3-2-5,210.6
2026-09-21 15:51:41,20260921,17,11,3-2-6,442.1
2026-09-21 15:51:41,20260921,17,11,3-4-1,41.5
2026-09-21 15:51:41,20260921,17,11,3-4-2,103.4
2026-09-21 15:51:41,20260921,17,11,3-4-5,95.1
2026-09-21 15:51:41,20260921,17,11,3-4-6,313.7
2026-09-21 15:51:41,20260921,17,11,3-5-1,127.1
2026-09-21 15:51:41,20260921,17,11,3-5-2,296.3
2026-09-21 15:51:41,20260921,17,11,3-5-4,198.4
2026-09-21 15:51:41,20260921,17,11,3-5-6,510.9
2026-09-21 15:51:41,20260921,17,11,3-6-1,667.8
2026-09-21 15:51:41,20260921,17,11,3-6-2,1051.0
2026-09-21 15:51:41,20260921,17,11,3-6-4,842.6
2026-09-21 15:51:41,20260921,17,11,3-6-5,914.4
2026-09-21 15:51:41,20260921,17,11,4-1-2,88.1
2026-09-21 15:51:41,20260921,17,11,4-1-3,58.2
2026-09-21 15:51:41,20260921,17,11,4-1-5,152.5
2026-09-21 15:51:41,20260921,17,11,4-1-6,420.2
2026-09-21 15:51:41,20260921,17,11,4-2-1,173.0
2026-09-21 15:51:41,20260921,17,11,4-2-3,277.4
2026-09-21 15:51:41,20260921,17,11,4-2-5,600.5
2026-09-21 15:51:41,20260921,17,11,4-2-6,616.6
2026-09-21 15:51:41,20260921,17,11,4-3-1,94.7
2026-09-21 15:51:41,20260921,17,11,4-3-2,257.1
2026-09-21 15:51:41,20260921,17,11,4-3-5,352.1
2026-09-21 15:51:41,20260921,17,11,4-3-6,741.6
2026-09-21 15:51:41,20260921,17,11,4-5-1,393.5
2026-09-21 15:51:41,20260921,17,11,4-5-2,752.0
2026-09-21 15:51:41,20260921,17,11,4-5-3,524.2
2026-09-21 15:51:41,20260921,17,11,4-5-6,1287.0
2026-09-21 15:51:41,20260921,17,11,4-6-1,1058.0
2026-09-21 15:51:41,20260921,17,11,4-6-2,1087.0
2026-09-21 15:51:41,20260921,17,11,4-6-3,1287.0
2026-09-21 15:51:41,20260921,17,11,4-6-5,1893.0
2026-09-21 15:51:41,20260921,17,11,5-1-2,459.8
2026-09-21 15:51:41,20260921,17,11,5-1-3,243.8
2026-09-21 15:51:41,20260921,17,11,5-1-4,449.5
2026-09-21 15:51:41,20260921,17,11,5-1-6,738.2
2026-09-21 15:51:41,20260921,17,11,5-2-1,999.6
2026-09-21 15:51:41,20260921,17,11,5-2-3,975.4
2026-09-21 15:51:41,20260921,17,11,5-2-4,1012.0
2026-09-21 15:51:41,20260921,17,11,5-2-6,1893.0
2026-09-21 15:51:41,20260921,17,11,5-3-1,318.0
2026-09-21 15:51:41,20260921,17,11,5-3-2,1363.0
2026-09-21 15:51:41,20260921,17,11,5-3-4,909.2
2026-09-21 15:51:41,20260921,17,11,5-3-6,2011.0
2026-09-21 15:51:41,20260921,17,11,5-4-1,748.5
2026-09-21 15:51:41,20260921,17,11,5-4-2,1532.0
2026-09-21 15:51:41,20260921,17,11,5-4-3,1058.0
2026-09-21 15:51:41,20260921,17,11,5-4-6,2332.0
2026-09-21 15:51:41,20260921,17,11,5-6-1,1562.0
2026-09-21 15:51:41,20260921,17,11,5-6-2,1297.0
2026-09-21 15:51:41,20260921,17,11,5-6-3,1916.0
2026-09-21 15:51:41,20260921,17,11,5-6-4,2638.0
2026-09-21 15:51:41,20260921,17,11,6-1-2,1476.0
2026-09-21 15:51:41,20260921,17,11,6-1-3,1308.0
2026-09-21 15:51:41,20260921,17,11,6-1-4,1962.0
2026-09-21 15:51:41,20260921,17,11,6-1-5,2299.0
2026-09-21 15:51:41,20260921,17,11,6-2-1,2011.0
2026-09-21 15:51:41,20260921,17,11,6-2-3,1893.0
2026-09-21 15:51:41,20260921,17,11,6-2-4,1625.0
2026-09-21 15:51:41,20260921,17,11,6-2-5,2037.0
2026-09-21 15:51:41,20260921,17,11,6-3-1,2090.0
2026-09-21 15:51:41,20260921,17,11,6-3-2,2980.0
2026-09-21 15:51:41,20260921,17,11,6-3-4,2011.0
2026-09-21 15:51:41,20260921,17,11,6-3-5,2476.0
2026-09-21 15:51:41,20260921,17,11,6-4-1,2476.0
2026-09-21 15:51:41,20260921,17,11,6-4-2,2063.0
2026-09-21 15:51:41,20260921,17,11,6-4-3,2476.0
2026-09-21 15:51:41,20260921,17,11,6-4-5,3284.0
2026-09-21 15:51:41,20260921,17,11,6-5-1,3036.0
2026-09-21 15:51:41,20260921,17,11,6-5-2,3284.0
2026-09-21 15:51:41,20260921,17,11,6-5-3,2874.0
2026-09-21 15:51:41,20260921,17,11,6-5-4,1712.0
2026-09-21 15:57:44,20260921,13,12,1-2-3,6.9
2026-09-21 15:57:44,20260921,13,12,1-2-4,14.7
2026-09-21 15:57:44,20260921,13,12,1-2-5,26.7
2026-09-21 15:57:44,20260921,13,12,1-2-6,33.7
2026-09-21 15:57:44,20260921,13,12,1-3-2,6.2
2026-09-21 15:57:44,20260921,13,12,1-3-4,7.1
2026-09-21 15:57:44,20260921,13,12,1-3-5,14.5
2026-09-21 15:57:44,20260921,13,12,1-3-6,16.0
2026-09-21 15:57:44,20260921,13,12,1-4-2,25.5
2026-09-21 15:57:44,20260921,13,12,1-4-3,21.6
2026-09-21 15:57:44,20260921,13,12,1-4-5,44.9
2026-09-21 15:57:44,20260921,13,12,1-4-6,45.2
2026-09-21 15:57:44,20260921,13,12,1-5-2,54.4
2026-09-21 15:57:44,20260921,13,12,1-5-3,41.8
2026-09-21 15:57:44,20260921,13,12,1-5-4,86.4
2026-09-21 15:57:44,20260921,13,12,1-5-6,87.4
2026-09-21 15:57:44,20260921,13,12,1-6-2,97.3
2026-09-21 15:57:44,20260921,13,12,1-6-3,77.5
2026-09-21 15:57:44,20260921,13,12,1-6-4,124.0
2026-09-21 15:57:44,20260921,13,12,1-6-5,155.1
2026-09-21 15:57:44,20260921,13,12,2-1-3,45.4
2026-09-21 15:57:44,20260921,13,12,2-1-4,82.3
2026-09-21 15:57:44,20260921,13,12,2-1-5,148.4
2026-09-21 15:57:44,20260921,13,12,2-1-6,150.9
2026-09-21 15:57:44,20260921,13,12,2-3-1,81.5
2026-09-21 15:57:44,20260921,13,12,2-3-4,221.0
2026-09-21 15:57:44,20260921,13,12,2-3-5,321.1
2026-09-21 15:57:44,20260921,13,12,2-3-6,342.4
2026-09-21 15:57:44,20260921,13,12,2-4-1,204.9
2026-09-21 15:57:44,20260921,13,12,2-4-3,406.3
2026-09-21 15:57:44,20260921,13,12,2-4-5,941.6
2026-09-21 15:57:44,20260921,13,12,2-4-6,734.9
2026-09-21 15:57:44,20260921,13,12,2-5-1,461.2
2026-09-21 15:57:44,20260921,13,12,2-5-3,617.0
2026-09-21 15:57:44,20260921,13,12,2-5-4,723.2
2026-09-21 15:57:44,20260921,13,12,2-5-6,833.2
2026-09-21 15:57:44,20260921,13,12,2-6-1,565.0
2026-09-21 15:57:44,20260921,13,12,2-6-3,881.9
2026-09-21 15:57:44,20260921,13,12,2-6-4,1197.0
2026-09-21 15:57:44,20260921,13,12,2-6-5,1130.0
2026-09-21 15:57:44,20260921,13,12,3-1-2,23.5
2026-09-21 15:57:44,20260921,13,12,3-1-4,23.2
2026-09-21 15:57:44,20260921,13,12,3-1-5,41.5
2026-09-21 15:57:44,20260921,13,12,3-1-6,47.6
2026-09-21 15:57:44,20260921,13,12,3-2-1,64.0
2026-09-21 15:57:44,20260921,13,12,3-2-4,139.4
2026-09-21 15:57:44,20260921,13,12,3-2-5,243.6
2026-09-21 15:57:44,20260921,13,12,3-2-6,222.3
2026-09-21 15:57:44,20260921,13,12,3-4-1,78.7
2026-09-21 15:57:44,20260921,13,12,3-4-2,144.7
2026-09-21 15:57:44,20260921,13,12,3-4-5,229.1
2026-09-21 15:57:44,20260921,13,12,3-4-6,175.0
2026-09-21 15:57:44,20260921,13,12,3-5-1,208.5
2026-09-21 15:57:44,20260921,13,12,3-5-2,353.8
2026-09-21 15:57:44,20260921,13,12,3-5-4,427.4
2026-09-21 15:57:44,20260921,13,12,3-5-6,342.4
2026-09-21 15:57:44,20260921,13,12,3-6-1,261.2
2026-09-21 15:57:44,20260921,13,12,3-6-2,444.2
2026-09-21 15:57:44,20260921,13,12,3-6-4,386.3
2026-09-21 15:57:44,20260921,13,12,3-6-5,463.6
2026-09-21 15:57:44,20260921,13,12,4-1-2,167.7
2026-09-21 15:57:44,20260921,13,12,4-1-3,153.7
2026-09-21 15:57:44,20260921,13,12,4-1-5,343.0
2026-09-21 15:57:44,20260921,13,12,4-1-6,331.7
2026-09-21 15:57:44,20260921,13,12,4-2-1,242.3
2026-09-21 15:57:44,20260921,13,12,4-2-3,524.0
2026-09-21 15:57:44,20260921,13,12,4-2-5,966.8
2026-09-21 15:57:44,20260921,13,12,4-2-6,873.4
2026-09-21 15:57:44,20260921,13,12,4-3-1,200.0
2026-09-21 15:57:44,20260921,13,12,4-3-2,439.9
2026-09-21 15:57:44,20260921,13,12,4-3-5,744.0
2026-09-21 15:57:44,20260921,13,12,4-3-6,552.9
2026-09-21 15:57:44,20260921,13,12,4-5-1,753.3
2026-09-21 15:57:44,20260921,13,12,4-5-2,1051.0
2026-09-21 15:57:44,20260921,13,12,4-5-3,917.7
2026-09-21 15:57:44,20260921,13,12,4-5-6,856.8
2026-09-21 15:57:44,20260921,13,12,4-6-1,810.7
2026-09-21 15:57:44,20260921,13,12,4-6-2,1586.0
2026-09-21 15:57:44,20260921,13,12,4-6-3,1063.0
2026-09-21 15:57:44,20260921,13,12,4-6-5,1349.0
2026-09-21 15:57:44,20260921,13,12,5-1-2,404.4
2026-09-21 15:57:44,20260921,13,12,5-1-3,273.5
2026-09-21 15:57:44,20260921,13,12,5-1-4,538.1
2026-09-21 15:57:44,20260921,13,12,5-1-6,518.0
2026-09-21 15:57:44,20260921,13,12,5-2-1,714.6
2026-09-21 15:57:44,20260921,13,12,5-2-3,904.0
2026-09-21 15:57:44,20260921,13,12,5-2-4,1197.0
2026-09-21 15:57:44,20260921,13,12,5-2-6,1082.0
2026-09-21 15:57:44,20260921,13,12,5-3-1,423.4
2026-09-21 15:57:44,20260921,13,12,5-3-2,917.7
2026-09-21 15:57:44,20260921,13,12,5-3-4,1137.0
2026-09-21 15:57:44,20260921,13,12,5-3-6,1130.0
2026-09-21 15:57:44,20260921,13,12,5-4-1,1063.0
2026-09-21 15:57:44,20260921,13,12,5-4-2,1658.0
2026-09-21 15:57:44,20260921,13,12,5-4-3,1434.0
2026-09-21 15:57:44,20260921,13,12,5-4-6,1380.0
2026-09-21 15:57:44,20260921,13,12,5-6-1,1264.0
2026-09-21 15:57:44,20260921,13,12,5-6-2,1197.0
2026-09-21 15:57:44,20260921,13,12,5-6-3,1558.0
2026-09-21 15:57:44,20260921,13,12,5-6-4,1705.0
2026-09-21 15:57:44,20260921,13,12,6-1-2,720.3
2026-09-21 15:57:44,20260921,13,12,6-1-3,717.4
2026-09-21 15:57:44,20260921,13,12,6-1-4,1174.0
2026-09-21 15:57:44,20260921,13,12,6-1-5,1844.0
2026-09-21 15:57:44,20260921,13,12,6-2-1,1221.0
2026-09-21 15:57:44,20260921,13,12,6-2-3,1423.0
2026-09-21 15:57:44,20260921,13,12,6-2-4,2008.0
2026-09-21 15:57:44,20260921,13,12,6-2-5,1738.0
2026-09-21 15:57:44,20260921,13,12,6-3-1,825.5
2026-09-21 15:57:44,20260921,13,12,6-3-2,1482.0
2026-09-21 15:57:44,20260921,13,12,6-3-4,1238.0
2026-09-21 15:57:44,20260921,13,12,6-3-5,2054.0
2026-09-21 15:57:44,20260921,13,12,6-4-1,1586.0
2026-09-21 15:57:44,20260921,13,12,6-4-2,2511.0
2026-09-21 15:57:44,20260921,13,12,6-4-3,1863.0
2026-09-21 15:57:44,20260921,13,12,6-4-5,2511.0
2026-09-21 15:57:44,20260921,13,12,6-5-1,2078.0
2026-09-21 15:57:44,20260921,13,12,6-5-2,1600.0
2026-09-21 15:57:44,20260921,13,12,6-5-3,2348.0
2026-09-21 15:57:44,20260921,13,12,6-5-4,2078.0
2026-09-21 16:00:14,20260921,12,3,1-2-3,45.9
2026-09-21 16:00:14,20260921,12,3,1-2-4,31.3
2026-09-21 16:00:14,20260921,12,3,1-2-5,53.6
2026-09-21 16:00:14,20260921,12,3,1-2-6,108.2
2026-09-21 16:00:14,20260921,12,3,1-3-2,31.2
2026-09-21 16:00:14,20260921,12,3,1-3-4,14.0
2026-09-21 16:00:14,20260921,12,3,1-3-5,17.8
2026-09-21 16:00:14,20260921,12,3,1-3-6,119.4
2026-09-21 16:00:14,20260921,12,3,1-4-2,30.5
2026-09-21 16:00:14,20260921,12,3,1-4-3,17.7
2026-09-21 16:00:14,20260921,12,3,1-4-5,23.8
2026-09-21 16:00:14,20260921,12,3,1-4-6,150.3
2026-09-21 16:00:14,20260921,12,3,1-5-2,70.5
2026-09-21 16:00:14,20260921,12,3,1-5-3,44.0
2026-09-21 16:00:14,20260921,12,3,1-5-4,49.5
2026-09-21 16:00:14,20260921,12,3,1-5-6,206.0
2026-09-21 16:00:14,20260921,12,3,1-6-2,121.6
2026-09-21 16:00:14,20260921,12,3,1-6-3,172.6
2026-09-21 16:00:14,20260921,12,3,1-6-4,135.9
2026-09-21 16:00:14,20260921,12,3,1-6-5,319.4
2026-09-21 16:00:14,20260921,12,3,2-1-3,76.5
2026-09-21 16:00:14,20260921,12,3,2-1-4,85.1
2026-09-21 16:00:14,20260921,12,3,2-1-5,121.6
2026-09-21 16:00:14,20260921,12,3,2-1-6,212.9
2026-09-21 16:00:14,20260921,12,3,2-3-1,143.5
2026-09-21 16:00:14,20260921,12,3,2-3-4,125.2
2026-09-21 16:00:14,20260921,12,3,2-3-5,135.9
2026-09-21 16:00:14,20260921,12,3,2-3-6,365.0
2026-09-21 16:00:14,20260921,12,3,2-4-1,140.3
2026-09-21 16:00:14,20260921,12,3,2-4-3,121.6
2026-09-21 16:00:14,20260921,12,3,2-4-5,199.6
2026-09-21 16:00:14,20260921,12,3,2-4-6,199.6
2026-09-21 16:00:14,20260921,12,3,2-5-1,69.4
2026-09-21 16:00:14,20260921,12,3,2-5-3,175.0
2026-09-21 16:00:14,20260921,12,3,2-5-4,199.6
2026-09-21 16:00:14,20260921,12,3,2-5-6,260.7
2026-09-21 16:00:14,20260921,12,3,2-6-1,336.2
2026-09-21 16:00:14,20260921,12,3,2-6-3,491.3
2026-09-21 16:00:14,20260921,12,3,2-6-4,425.8
2026-09-21 16:00:14,20260921,12,3,2-6-5,327.5
2026-09-21 16:00:14,20260921,12,3,3-1-2,51.1
2026-09-21 16:00:14,20260921,12,3,3-1-4,24.9
2026-09-21 16:00:14,20260921,12,3,3-1-5,27.9
2026-09-21 16:00:14,20260921,12,3,3-1-6,127.7
2026-09-21 16:00:14,20260921,12,3,3-2-1,110.1
2026-09-21 16:00:14,20260921,12,3,3-2-4,88.7
2026-09-21 16:00:14,20260921,12,3,3-2-5,110.1
2026-09-21 16:00:14,20260921,12,3,3-2-6,202.7
2026-09-21 16:00:14,20260921,12,3,3-4-1,36.0
2026-09-21 16:00:14,20260921,12,3,3-4-2,64.2
2026-09-21 16:00:14,20260921,12,3,3-4-5,31.1
2026-09-21 16:00:14,20260921,12,3,3-4-6,86.9
2026-09-21 16:00:14,20260921,12,3,3-5-1,43.0
2026-09-21 16:00:14,20260921,12,3,3-5-2,82.9
2026-09-21 16:00:14,20260921,12,3,3-5-4,39.5
2026-09-21 16:00:14,20260921,12,3,3-5-6,96.0
2026-09-21 16:00:14,20260921,12,3,3-6-1,297.1
2026-09-21 16:00:14,20260921,12,3,3-6-2,399.2
2026-09-21 16:00:14,20260921,12,3,3-6-4,216.5
2026-09-21 16:00:14,20260921,12,3,3-6-5,375.7
2026-09-21 16:00:14,20260921,12,3,4-1-2,74.2
2026-09-21 16:00:14,20260921,12,3,4-1-3,27.7
2026-09-21 16:00:14,20260921,12,3,4-1-5,38.9
2026-09-21 16:00:14,20260921,12,3,4-1-6,175.0
2026-09-21 16:00:14,20260921,12,3,4-2-1,148.5
2026-09-21 16:00:14,20260921,12,3,4-2-3,129.0
2026-09-21 16:00:14,20260921,12,3,4-2-5,150.3
2026-09-21 16:00:14,20260921,12,3,4-2-6,209.4
2026-09-21 16:00:14,20260921,12,3,4-3-1,35.1
2026-09-21 16:00:14,20260921,12,3,4-3-2,115.1
2026-09-21 16:00:14,20260921,12,3,4-3-5,41.0
2026-09-21 16:00:14,20260921,12,3,4-3-6,129.0
2026-09-21 16:00:14,20260921,12,3,4-5-1,50.9
2026-09-21 16:00:14,20260921,12,3,4-5-2,114.0
2026-09-21 16:00:14,20260921,12,3,4-5-3,45.7
2026-09-21 16:00:14,20260921,12,3,4-5-6,141.9
2026-09-21 16:00:14,20260921,12,3,4-6-1,375.7
2026-09-21 16:00:14,20260921,12,3,4-6-2,260.7
2026-09-21 16:00:14,20260921,12,3,4-6-3,297.1
2026-09-21 16:00:14,20260921,12,3,4-6-5,440.5
2026-09-21 16:00:14,20260921,12,3,5-1-2,172.6
2026-09-21 16:00:14,20260921,12,3,5-1-3,49.7
2026-09-21 16:00:14,20260921,12,3,5-1-4,127.7
2026-09-21 16:00:14,20260921,12,3,5-1-6,165.9
2026-09-21 16:00:14,20260921,12,3,5-2-1,85.1
2026-09-21 16:00:14,20260921,12,3,5-2-3,220.2
2026-09-21 16:00:14,20260921,12,3,5-2-4,260.7
2026-09-21 16:00:14,20260921,12,3,5-2-6,297.1
2026-09-21 16:00:14,20260921,12,3,5-3-1,75.1
2026-09-21 16:00:14,20260921,12,3,5-3-2,283.9
2026-09-21 16:00:14,20260921,12,3,5-3-4,77.4
2026-09-21 16:00:14,20260921,12,3,5-3-6,290.3
2026-09-21 16:00:14,20260921,12,3,5-4-1,69.0
2026-09-21 16:00:14,20260921,12,3,5-4-2,196.5
2026-09-21 16:00:14,20260921,12,3,5-4-3,75.1
2026-09-21 16:00:14,20260921,12,3,5-4-6,555.4
2026-09-21 16:00:14,20260921,12,3,5-6-1,399.2
2026-09-21 16:00:14,20260921,12,3,5-6-2,250.5
2026-09-21 16:00:14,20260921,12,3,5-6-3,345.3
2026-09-21 16:00:14,20260921,12,3,5-6-4,491.3
2026-09-21 16:00:14,20260921,12,3,6-1-2,412.1
2026-09-21 16:00:14,20260921,12,3,6-1-3,580.7
2026-09-21 16:00:14,20260921,12,3,6-1-4,851.7
2026-09-21 16:00:14,20260921,12,3,6-1-5,491.3
2026-09-21 16:00:14,20260921,12,3,6-2-1,751.5
2026-09-21 16:00:14,20260921,12,3,6-2-3,491.3
2026-09-21 16:00:14,20260921,12,3,6-2-4,798.5
2026-09-21 16:00:14,20260921,12,3,6-2-5,580.7
2026-09-21 16:00:14,20260921,12,3,6-3-1,532.3
2026-09-21 16:00:14,20260921,12,3,6-3-2,555.4
2026-09-21 16:00:14,20260921,12,3,6-3-4,304.1
2026-09-21 16:00:14,20260921,12,3,6-3-5,555.4
2026-09-21 16:00:14,20260921,12,3,6-4-1,1064.0
2026-09-21 16:00:14,20260921,12,3,6-4-2,638.8
2026-09-21 16:00:14,20260921,12,3,6-4-3,511.0
2026-09-21 16:00:14,20260921,12,3,6-4-5,672.4
2026-09-21 16:00:14,20260921,12,3,6-5-1,440.5
2026-09-21 16:00:14,20260921,12,3,6-5-2,511.0
2026-09-21 16:00:14,20260921,12,3,6-5-3,511.0
2026-09-21 16:00:14,20260921,12,3,6-5-4,709.7
2026-09-21 16:00:24,20260921,16,11,1-2-3,29.7
2026-09-21 16:00:24,20260921,16,11,1-2-4,20.5
2026-09-21 16:00:24,20260921,16,11,1-2-5,57.2
2026-09-21 16:00:24,20260921,16,11,1-2-6,58.1
2026-09-21 16:00:24,20260921,16,11,1-3-2,30.6
2026-09-21 16:00:24,20260921,16,11,1-3-4,10.0
2026-09-21 16:00:24,20260921,16,11,1-3-5,28.6
2026-09-21 16:00:24,20260921,16,11,1-3-6,45.4
2026-09-21 16:00:24,20260921,16,11,1-4-2,16.2
2026-09-21 16:00:24,20260921,16,11,1-4-3,9.4
2026-09-21 16:00:24,20260921,16,11,1-4-5,19.6
2026-09-21 16:00:24,20260921,16,11,1-4-6,19.4
2026-09-21 16:00:24,20260921,16,11,1-5-2,80.4
2026-09-21 16:00:24,20260921,16,11,1-5-3,75.8
2026-09-21 16:00:24,20260921,16,11,1-5-4,61.0
2026-09-21 16:00:24,20260921,16,11,1-5-6,98.9
2026-09-21 16:00:24,20260921,16,11,1-6-2,68.3
2026-09-21 16:00:24,20260921,16,11,1-6-3,67.1
2026-09-21 16:00:24,20260921,16,11,1-6-4,57.3
2026-09-21 16:00:24,20260921,16,11,1-6-5,134.9
2026-09-21 16:00:24,20260921,16,11,2-1-3,59.3
2026-09-21 16:00:24,20260921,16,11,2-1-4,43.8
2026-09-21 16:00:24,20260921,16,11,2-1-5,99.2
2026-09-21 16:00:24,20260921,16,11,2-1-6,104.4
2026-09-21 16:00:24,20260921,16,11,2-3-1,117.5
2026-09-21 16:00:24,20260921,16,11,2-3-4,127.9
2026-09-21 16:00:24,20260921,16,11,2-3-5,180.9
2026-09-21 16:00:24,20260921,16,11,2-3-6,216.6
2026-09-21 16:00:24,20260921,16,11,2-4-1,78.2
2026-09-21 16:00:24,20260921,16,11,2-4-3,125.8
2026-09-21 16:00:24,20260921,16,11,2-4-5,166.7
2026-09-21 16:00:24,20260921,16,11,2-4-6,115.8
2026-09-21 16:00:24,20260921,16,11,2-5-1,199.0
2026-09-21 16:00:24,20260921,16,11,2-5-3,286.9
2026-09-21 16:00:24,20260921,16,11,2-5-4,265.3
2026-09-21 16:00:24,20260921,16,11,2-5-6,208.1
2026-09-21 16:00:24,20260921,16,11,2-6-1,265.3
2026-09-21 16:00:24,20260921,16,11,2-6-3,300.4
2026-09-21 16:00:24,20260921,16,11,2-6-4,202.8
2026-09-21 16:00:24,20260921,16,11,2-6-5,258.9
2026-09-21 16:00:24,20260921,16,11,3-1-2,94.2
2026-09-21 16:00:24,20260921,16,11,3-1-4,37.4
2026-09-21 16:00:24,20260921,16,11,3-1-5,84.4
2026-09-21 16:00:24,20260921,16,11,3-1-6,120.6
2026-09-21 16:00:24,20260921,16,11,3-2-1,197.8
2026-09-21 16:00:24,20260921,16,11,3-2-4,174.9
2026-09-21 16:00:24,20260921,16,11,3-2-5,243.1
2026-09-21 16:00:24,20260921,16,11,3-2-6,349.9
2026-09-21 16:00:24,20260921,16,11,3-4-1,49.9
2026-09-21 16:00:24,20260921,16,11,3-4-2,175.9
2026-09-21 16:00:24,20260921,16,11,3-4-5,129.4
2026-09-21 16:00:24,20260921,16,11,3-4-6,137.2
2026-09-21 16:00:24,20260921,16,11,3-5-1,195.3
2026-09-21 16:00:24,20260921,16,11,3-5-2,267.6
2026-09-21 16:00:24,20260921,16,11,3-5-4,222.7
2026-09-21 16:00:24,20260921,16,11,3-5-6,274.5
2026-09-21 16:00:24,20260921,16,11,3-6-1,379.1
2026-09-21 16:00:24,20260921,16,11,3-6-2,408.2
2026-09-21 16:00:24,20260921,16,11,3-6-4,361.9
2026-09-21 16:00:24,20260921,16,11,3-6-5,436.2
2026-09-21 16:00:24,20260921,16,11,4-1-2,43.6
2026-09-21 16:00:24,20260921,16,11,4-1-3,29.2
2026-09-21 16:00:24,20260921,16,11,4-1-5,42.4
2026-09-21 16:00:24,20260921,16,11,4-1-6,40.4
2026-09-21 16:00:24,20260921,16,11,4-2-1,88.4
2026-09-21 16:00:24,20260921,16,11,4-2-3,159.2
2026-09-21 16:00:24,20260921,16,11,4-2-5,210.9
2026-09-21 16:00:24,20260921,16,11,4-2-6,140.2
2026-09-21 16:00:24,20260921,16,11,4-3-1,54.8
2026-09-21 16:00:24,20260921,16,11,4-3-2,175.9
2026-09-21 16:00:24,20260921,16,11,4-3-5,128.4
2026-09-21 16:00:24,20260921,16,11,4-3-6,169.4
2026-09-21 16:00:24,20260921,16,11,4-5-1,89.4
2026-09-21 16:00:24,20260921,16,11,4-5-2,185.1
2026-09-21 16:00:24,20260921,16,11,4-5-3,162.4
2026-09-21 16:00:24,20260921,16,11,4-5-6,152.3
2026-09-21 16:00:24,20260921,16,11,4-6-1,119.2
2026-09-21 16:00:24,20260921,16,11,4-6-2,195.3
2026-09-21 16:00:24,20260921,16,11,4-6-3,297.6
2026-09-21 16:00:24,20260921,16,11,4-6-5,215.1
2026-09-21 16:00:24,20260921,16,11,5-1-2,171.2
2026-09-21 16:00:24,20260921,16,11,5-1-3,181.9
2026-09-21 16:00:24,20260921,16,11,5-1-4,168.5
2026-09-21 16:00:24,20260921,16,11,5-1-6,168.5
2026-09-21 16:00:24,20260921,16,11,5-2-1,331.7
2026-09-21 16:00:24,20260921,16,11,5-2-3,357.8
2026-09-21 16:00:24,20260921,16,11,5-2-4,398.0
2026-09-21 16:00:24,20260921,16,11,5-2-6,263.2
2026-09-21 16:00:24,20260921,16,11,5-3-1,265.3
2026-09-21 16:00:24,20260921,16,11,5-3-2,497.6
2026-09-21 16:00:24,20260921,16,11,5-3-4,335.2
2026-09-21 16:00:24,20260921,16,11,5-3-6,430.3
2026-09-21 16:00:24,20260921,16,11,5-4-1,222.7
2026-09-21 16:00:24,20260921,16,11,5-4-2,482.5
2026-09-21 16:00:24,20260921,16,11,5-4-3,318.4
2026-09-21 16:00:24,20260921,16,11,5-4-6,263.2
2026-09-21 16:00:24,20260921,16,11,5-6-1,321.6
2026-09-21 16:00:24,20260921,16,11,5-6-2,246.8
2026-09-21 16:00:24,20260921,16,11,5-6-3,468.3
2026-09-21 16:00:24,20260921,16,11,5-6-4,349.9
2026-09-21 16:00:24,20260921,16,11,6-1-2,178.9
2026-09-21 16:00:24,20260921,16,11,6-1-3,289.5
2026-09-21 16:00:24,20260921,16,11,6-1-4,187.3
2026-09-21 16:00:24,20260921,16,11,6-1-5,374.6
2026-09-21 16:00:24,20260921,16,11,6-2-1,328.3
2026-09-21 16:00:24,20260921,16,11,6-2-3,383.7
2026-09-21 16:00:24,20260921,16,11,6-2-4,274.5
2026-09-21 16:00:24,20260921,16,11,6-2-5,374.6
2026-09-21 16:00:24,20260921,16,11,6-3-1,513.6
2026-09-21 16:00:24,20260921,16,11,6-3-2,468.3
2026-09-21 16:00:24,20260921,16,11,6-3-4,408.2
2026-09-21 16:00:24,20260921,16,11,6-3-5,612.4
2026-09-21 16:00:24,20260921,16,11,6-4-1,219.6
2026-09-21 16:00:24,20260921,16,11,6-4-2,324.9
2026-09-21 16:00:24,20260921,16,11,6-4-3,505.5
2026-09-21 16:00:24,20260921,16,11,6-4-5,475.3
2026-09-21 16:00:24,20260921,16,11,6-5-1,489.9
2026-09-21 16:00:24,20260921,16,11,6-5-2,388.3
2026-09-21 16:00:24,20260921,16,11,6-5-3,549.0
2026-09-21 16:00:24,20260921,16,11,6-5-4,370.3
2026-09-21 16:03:14,20260921,15,3,1-2-3,50.7
2026-09-21 16:03:14,20260921,15,3,1-2-4,92.7
2026-09-21 16:03:14,20260921,15,3,1-2-5,66.7
2026-09-21 16:03:14,20260921,15,3,1-2-6,68.0
2026-09-21 16:03:14,20260921,15,3,1-3-2,39.2
2026-09-21 16:03:14,20260921,15,3,1-3-4,59.3
2026-09-21 16:03:14,20260921,15,3,1-3-5,25.8
2026-09-21 16:03:14,20260921,15,3,1-3-6,39.2
2026-09-21 16:03:14,20260921,15,3,1-4-2,118.7
2026-09-21 16:03:14,20260921,15,3,1-4-3,109.2
2026-09-21 16:03:14,20260921,15,3,1-4-5,120.9
2026-09-21 16:03:14,20260921,15,3,1-4-6,111.9
2026-09-21 16:03:14,20260921,15,3,1-5-2,62.1
2026-09-21 16:03:14,20260921,15,3,1-5-3,40.7
2026-09-21 16:03:14,20260921,15,3,1-5-4,111.0
2026-09-21 16:03:14,20260921,15,3,1-5-6,47.6
2026-09-21 16:03:14,20260921,15,3,1-6-2,72.4
2026-09-21 16:03:14,20260921,15,3,1-6-3,74.8
2026-09-21 16:03:14,20260921,15,3,1-6-4,130.2
2026-09-21 16:03:14,20260921,15,3,1-6-5,83.0
2026-09-21 16:03:14,20260921,15,3,2-1-3,63.2
2026-09-21 16:03:14,20260921,15,3,2-1-4,92.1
2026-09-21 16:03:14,20260921,15,3,2-1-5,85.7
2026-09-21 16:03:14,20260921,15,3,2-1-6,63.8
2026-09-21 16:03:14,20260921,15,3,2-3-1,89.0
2026-09-21 16:03:14,20260921,15,3,2-3-4,145.6
2026-09-21 16:03:14,20260921,15,3,2-3-5,57.6
2026-09-21 16:03:14,20260921,15,3,2-3-6,83.0
2026-09-21 16:03:14,20260921,15,3,2-4-1,237.5
2026-09-21 16:03:14,20260921,15,3,2-4-3,255.5
2026-09-21 16:03:14,20260921,15,3,2-4-5,222.0
2026-09-21 16:03:14,20260921,15,3,2-4-6,229.5
2026-09-21 16:03:14,20260921,15,3,2-5-1,84.6
2026-09-21 16:03:14,20260921,15,3,2-5-3,59.6
2026-09-21 16:03:14,20260921,15,3,2-5-4,241.8
2026-09-21 16:03:14,20260921,15,3,2-5-6,101.0
2026-09-21 16:03:14,20260921,15,3,2-6-1,193.4
2026-09-21 16:03:14,20260921,15,3,2-6-3,157.4
2026-09-21 16:03:14,20260921,15,3,2-6-4,330.3
2026-09-21 16:03:14,20260921,15,3,2-6-5,161.2
2026-09-21 16:03:14,20260921,15,3,3-1-2,44.9
2026-09-21 16:03:14,20260921,15,3,3-1-4,75.2
2026-09-21 16:03:14,20260921,15,3,3-1-5,24.9
2026-09-21 16:03:14,20260921,15,3,3-1-6,44.9
2026-09-21 16:03:14,20260921,15,3,3-2-1,42.1
2026-09-21 16:03:14,20260921,15,3,3-2-4,98.8
2026-09-21 16:03:14,20260921,15,3,3-2-5,34.2
2026-09-21 16:03:14,20260921,15,3,3-2-6,53.5
2026-09-21 16:03:14,20260921,15,3,3-4-1,120.9
2026-09-21 16:03:14,20260921,15,3,3-4-2,157.4
2026-09-21 16:03:14,20260921,15,3,3-4-5,95.3
2026-09-21 16:03:14,20260921,15,3,3-4-6,122.0
2026-09-21 16:03:14,20260921,15,3,3-5-1,33.8
2026-09-21 16:03:14,20260921,15,3,3-5-2,28.2
2026-09-21 16:03:14,20260921,15,3,3-5-4,61.8
2026-09-21 16:03:14,20260921,15,3,3-5-6,21.1
2026-09-21 16:03:14,20260921,15,3,3-6-1,90.2
2026-09-21 16:03:14,20260921,15,3,3-6-2,109.2
2026-09-21 16:03:14,20260921,15,3,3-6-4,169.2
2026-09-21 16:03:14,20260921,15,3,3-6-5,37.2
2026-09-21 16:03:14,20260921,15,3,4-1-2,241.8
2026-09-21 16:03:14,20260921,15,3,4-1-3,211.6
2026-09-21 16:03:14,20260921,15,3,4-1-5,193.4
2026-09-21 16:03:14,20260921,15,3,4-1-6,193.4
2026-09-21 16:03:14,20260921,15,3,4-2-1,250.7
2026-09-21 16:03:14,20260921,15,3,4-2-3,300.9
2026-09-21 16:03:14,20260921,15,3,4-2-5,185.5
2026-09-21 16:03:14,20260921,15,3,4-2-6,260.4
2026-09-21 16:03:14,20260921,15,3,4-3-1,142.5
2026-09-21 16:03:14,20260921,15,3,4-3-2,386.9
2026-09-21 16:03:14,20260921,15,3,4-3-5,183.0
2026-09-21 16:03:14,20260921,15,3,4-3-6,173.6
2026-09-21 16:03:14,20260921,15,3,4-5-1,208.3
2026-09-21 16:03:14,20260921,15,3,4-5-2,255.5
2026-09-21 16:03:14,20260921,15,3,4-5-3,225.7
2026-09-21 16:03:14,20260921,15,3,4-5-6,128.9
2026-09-21 16:03:14,20260921,15,3,4-6-1,202.1
2026-09-21 16:03:14,20260921,15,3,4-6-2,90.2
2026-09-21 16:03:14,20260921,15,3,4-6-3,376.1
2026-09-21 16:03:14,20260921,15,3,4-6-5,183.0
2026-09-21 16:03:14,20260921,15,3,5-1-2,69.4
2026-09-21 16:03:14,20260921,15,3,5-1-3,51.2
2026-09-21 16:03:14,20260921,15,3,5-1-4,136.7
2026-09-21 16:03:14,20260921,15,3,5-1-6,64.7
2026-09-21 16:03:14,20260921,15,3,5-2-1,85.7
2026-09-21 16:03:14,20260921,15,3,5-2-3,59.9
2026-09-21 16:03:14,20260921,15,3,5-2-4,153.8
2026-09-21 16:03:14,20260921,15,3,5-2-6,85.1
2026-09-21 16:03:14,20260921,15,3,5-3-1,58.6
2026-09-21 16:03:14,20260921,15,3,5-3-2,40.3
2026-09-21 16:03:14,20260921,15,3,5-3-4,88.5
2026-09-21 16:03:14,20260921,15,3,5-3-6,34.6
2026-09-21 16:03:14,20260921,15,3,5-4-1,237.5
2026-09-21 16:03:14,20260921,15,3,5-4-2,229.5
2026-09-21 16:03:14,20260921,15,3,5-4-3,199.1
2026-09-21 16:03:14,20260921,15,3,5-4-6,222.0
2026-09-21 16:03:14,20260921,15,3,5-6-1,112.8
2026-09-21 16:03:14,20260921,15,3,5-6-2,109.2
2026-09-21 16:03:14,20260921,15,3,5-6-3,51.8
2026-09-21 16:03:14,20260921,15,3,5-6-4,128.9
2026-09-21 16:03:14,20260921,15,3,6-1-2,222.0
2026-09-21 16:03:14,20260921,15,3,6-1-3,225.7
2026-09-21 16:03:14,20260921,15,3,6-1-4,330.3
2026-09-21 16:03:14,20260921,15,3,6-1-5,282.1
2026-09-21 16:03:14,20260921,15,3,6-2-1,347.2
2026-09-21 16:03:14,20260921,15,3,6-2-3,218.4
2026-09-21 16:03:14,20260921,15,3,6-2-4,451.4
2026-09-21 16:03:14,20260921,15,3,6-2-5,282.1
2026-09-21 16:03:14,20260921,15,3,6-3-1,214.9
2026-09-21 16:03:14,20260921,15,3,6-3-2,190.7
2026-09-21 16:03:14,20260921,15,3,6-3-4,451.4
2026-09-21 16:03:14,20260921,15,3,6-3-5,72.0
2026-09-21 16:03:14,20260921,15,3,6-4-1,398.3
2026-09-21 16:03:14,20260921,15,3,6-4-2,466.9
2026-09-21 16:03:14,20260921,15,3,6-4-3,644.8
2026-09-21 16:03:14,20260921,15,3,6-4-5,501.5
2026-09-21 16:03:14,20260921,15,3,6-5-1,282.1
2026-09-21 16:03:14,20260921,15,3,6-5-2,229.5
2026-09-21 16:03:14,20260921,15,3,6-5-3,70.5
2026-09-21 16:03:14,20260921,15,3,6-5-4,276.3
2026-09-21 16:17:03,20260921,1,3,1-2-3,21.3
2026-09-21 16:17:03,20260921,1,3,1-2-4,174.7
2026-09-21 16:17:03,20260921,1,3,1-2-5,55.0
2026-09-21 16:17:03,20260921,1,3,1-2-6,29.6
2026-09-21 16:17:03,20260921,1,3,1-3-2,18.6
2026-09-21 16:17:03,20260921,1,3,1-3-4,55.1
2026-09-21 16:17:03,20260921,1,3,1-3-5,28.2
2026-09-21 16:17:03,20260921,1,3,1-3-6,17.1
2026-09-21 16:17:03,20260921,1,3,1-4-2,137.9
2026-09-21 16:17:03,20260921,1,3,1-4-3,141.9
2026-09-21 16:17:03,20260921,1,3,1-4-5,144.3
2026-09-21 16:17:03,20260921,1,3,1-4-6,178.4
2026-09-21 16:17:03,20260921,1,3,1-5-2,84.3
2026-09-21 16:17:03,20260921,1,3,1-5-3,65.7
2026-09-21 16:17:03,20260921,1,3,1-5-4,171.2
2026-09-21 16:17:03,20260921,1,3,1-5-6,72.1
2026-09-21 16:17:03,20260921,1,3,1-6-2,45.9
2026-09-21 16:17:03,20260921,1,3,1-6-3,39.9
2026-09-21 16:17:03,20260921,1,3,1-6-4,150.1
2026-09-21 16:17:03,20260921,1,3,1-6-5,75.0
2026-09-21 16:17:03,20260921,1,3,2-1-3,35.9
2026-09-21 16:17:03,20260921,1,3,2-1-4,250.5
2026-09-21 16:17:03,20260921,1,3,2-1-5,73.2
2026-09-21 16:17:03,20260921,1,3,2-1-6,42.9
2026-09-21 16:17:03,20260921,1,3,2-3-1,39.8
2026-09-21 16:17:03,20260921,1,3,2-3-4,179.3
2026-09-21 16:17:03,20260921,1,3,2-3-5,44.9
2026-09-21 16:17:03,20260921,1,3,2-3-6,22.2
2026-09-21 16:17:03,20260921,1,3,2-4-1,260.1
2026-09-21 16:17:03,20260921,1,3,2-4-3,270.4
2026-09-21 16:17:03,20260921,1,3,2-4-5,344.1
2026-09-21 16:17:03,20260921,1,3,2-4-6,210.3
2026-09-21 16:17:03,20260921,1,3,2-5-1,108.5
2026-09-21 16:17:03,20260921,1,3,2-5-3,92.3
2026-09-21 16:17:03,20260921,1,3,2-5-4,405.6
2026-09-21 16:17:03,20260921,1,3,2-5-6,84.7
2026-09-21 16:17:03,20260921,1,3,2-6-1,63.1
2026-09-21 16:17:03,20260921,1,3,2-6-3,39.6
2026-09-21 16:17:03,20260921,1,3,2-6-4,337.3
2026-09-21 16:17:03,20260921,1,3,2-6-5,77.0
2026-09-21 16:17:03,20260921,1,3,3-1-2,31.7
2026-09-21 16:17:03,20260921,1,3,3-1-4,92.0
2026-09-21 16:17:03,20260921,1,3,3-1-5,36.5
2026-09-21 16:17:03,20260921,1,3,3-1-6,25.3
2026-09-21 16:17:03,20260921,1,3,3-2-1,46.2
2026-09-21 16:17:03,20260921,1,3,3-2-4,123.9
2026-09-21 16:17:03,20260921,1,3,3-2-5,42.0
2026-09-21 16:17:03,20260921,1,3,3-2-6,25.4
2026-09-21 16:17:03,20260921,1,3,3-4-1,199.2
2026-09-21 16:17:03,20260921,1,3,3-4-2,218.4
2026-09-21 16:17:03,20260921,1,3,3-4-5,183.1
2026-09-21 16:17:03,20260921,1,3,3-4-6,315.5
2026-09-21 16:17:03,20260921,1,3,3-5-1,62.2
2026-09-21 16:17:03,20260921,1,3,3-5-2,63.8
2026-09-21 16:17:03,20260921,1,3,3-5-4,236.6
2026-09-21 16:17:03,20260921,1,3,3-5-6,46.8
2026-09-21 16:17:03,20260921,1,3,3-6-1,45.0
2026-09-21 16:17:03,20260921,1,3,3-6-2,32.5
2026-09-21 16:17:03,20260921,1,3,3-6-4,228.6
2026-09-21 16:17:03,20260921,1,3,3-6-5,49.4
2026-09-21 16:17:03,20260921,1,3,4-1-2,327.6
2026-09-21 16:17:03,20260921,1,3,4-1-3,239.9
2026-09-21 16:17:03,20260921,1,3,4-1-5,159.9
2026-09-21 16:17:03,20260921,1,3,4-1-6,206.5
2026-09-21 16:17:03,20260921,1,3,4-2-1,597.8
2026-09-21 16:17:03,20260921,1,3,4-2-3,382.8
2026-09-21 16:17:03,20260921,1,3,4-2-5,309.7
2026-09-21 16:17:03,20260921,1,3,4-2-6,221.2
2026-09-21 16:17:03,20260921,1,3,4-3-1,281.6
2026-09-21 16:17:03,20260921,1,3,4-3-2,486.7
2026-09-21 16:17:03,20260921,1,3,4-3-5,410.5
2026-09-21 16:17:03,20260921,1,3,4-3-6,479.9
2026-09-21 16:17:03,20260921,1,3,4-5-1,185.1
2026-09-21 16:17:03,20260921,1,3,4-5-2,354.9
2026-09-21 16:17:03,20260921,1,3,4-5-3,405.6
2026-09-21 16:17:03,20260921,1,3,4-5-6,254.2
2026-09-21 16:17:03,20260921,1,3,4-6-1,354.9
2026-09-21 16:17:03,20260921,1,3,4-6-2,324.5
2026-09-21 16:17:03,20260921,1,3,4-6-3,460.4
2026-09-21 16:17:03,20260921,1,3,4-6-5,378.6
2026-09-21 16:17:03,20260921,1,3,5-1-2,200.4
2026-09-21 16:17:03,20260921,1,3,5-1-3,160.7
2026-09-21 16:17:03,20260921,1,3,5-1-4,281.6
2026-09-21 16:17:03,20260921,1,3,5-1-6,127.6
2026-09-21 16:17:03,20260921,1,3,5-2-1,209.0
2026-09-21 16:17:03,20260921,1,3,5-2-3,143.1
2026-09-21 16:17:03,20260921,1,3,5-2-4,387.2
2026-09-21 16:17:03,20260921,1,3,5-2-6,154.8
2026-09-21 16:17:03,20260921,1,3,5-3-1,152.8
2026-09-21 16:17:03,20260921,1,3,5-3-2,146.8
2026-09-21 16:17:03,20260921,1,3,5-3-4,558.6
2026-09-21 16:17:03,20260921,1,3,5-3-6,119.1
2026-09-21 16:17:03,20260921,1,3,5-4-1,318.4
2026-09-21 16:17:03,20260921,1,3,5-4-2,508.5
2026-09-21 16:17:03,20260921,1,3,5-4-3,757.2
2026-09-21 16:17:03,20260921,1,3,5-4-6,567.9
2026-09-21 16:17:03,20260921,1,3,5-6-1,178.4
2026-09-21 16:17:03,20260921,1,3,5-6-2,135.2
2026-09-21 16:17:03,20260921,1,3,5-6-3,127.6
2026-09-21 16:17:03,20260921,1,3,5-6-4,501.0
2026-09-21 16:17:03,20260921,1,3,6-1-2,97.0
2026-09-21 16:17:03,20260921,1,3,6-1-3,91.3
2026-09-21 16:17:03,20260921,1,3,6-1-4,442.5
2026-09-21 16:17:03,20260921,1,3,6-1-5,204.0
2026-09-21 16:17:03,20260921,1,3,6-2-1,119.1
2026-09-21 16:17:03,20260921,1,3,6-2-3,48.4
2026-09-21 16:17:03,20260921,1,3,6-2-4,354.9
2026-09-21 16:17:03,20260921,1,3,6-2-5,131.0
2026-09-21 16:17:03,20260921,1,3,6-3-1,117.4
2026-09-21 16:17:03,20260921,1,3,6-3-2,66.1
2026-09-21 16:17:03,20260921,1,3,6-3-4,306.9
2026-09-21 16:17:03,20260921,1,3,6-3-5,110.9
2026-09-21 16:17:03,20260921,1,3,6-4-1,642.9
2026-09-21 16:17:03,20260921,1,3,6-4-2,466.7
2026-09-21 16:17:03,20260921,1,3,6-4-3,558.6
2026-09-21 16:17:03,20260921,1,3,6-4-5,532.4
2026-09-21 16:17:03,20260921,1,3,6-5-1,225.6
2026-09-21 16:17:03,20260921,1,3,6-5-2,184.1
2026-09-21 16:17:03,20260921,1,3,6-5-3,117.9
2026-09-21 16:17:03,20260921,1,3,6-5-4,558.6
2026-09-21 16:17:13,20260921,6,11,1-2-3,7.5
2026-09-21 16:17:13,20260921,6,11,1-2-4,27.6
2026-09-21 16:17:13,20260921,6,11,1-2-5,36.0
2026-09-21 16:17:13,20260921,6,11,1-2-6,46.2
2026-09-21 16:17:13,20260921,6,11,1-3-2,9.0
2026-09-21 16:17:13,20260921,6,11,1-3-4,31.5
2026-09-21 16:17:13,20260921,6,11,1-3-5,36.5
2026-09-21 16:17:13,20260921,6,11,1-3-6,43.6
2026-09-21 16:17:13,20260921,6,11,1-4-2,62.1
2026-09-21 16:17:13,20260921,6,11,1-4-3,76.4
2026-09-21 16:17:13,20260921,6,11,1-4-5,106.4
2026-09-21 16:17:13,20260921,6,11,1-4-6,125.8
2026-09-21 16:17:13,20260921,6,11,1-5-2,63.1
2026-09-21 16:17:13,20260921,6,11,1-5-3,65.9
2026-09-21 16:17:13,20260921,6,11,1-5-4,134.0
2026-09-21 16:17:13,20260921,6,11,1-5-6,149.5
2026-09-21 16:17:13,20260921,6,11,1-6-2,72.1
2026-09-21 16:17:13,20260921,6,11,1-6-3,78.7
2026-09-21 16:17:13,20260921,6,11,1-6-4,112.7
2026-09-21 16:17:13,20260921,6,11,1-6-5,158.7
2026-09-21 16:17:13,20260921,6,11,2-1-3,23.1
2026-09-21 16:17:13,20260921,6,11,2-1-4,42.9
2026-09-21 16:17:13,20260921,6,11,2-1-5,65.3
2026-09-21 16:17:13,20260921,6,11,2-1-6,69.0
2026-09-21 16:17:13,20260921,6,11,2-3-1,25.7
2026-09-21 16:17:13,20260921,6,11,2-3-4,41.6
2026-09-21 16:17:13,20260921,6,11,2-3-5,65.1
2026-09-21 16:17:13,20260921,6,11,2-3-6,59.4
2026-09-21 16:17:13,20260921,6,11,2-4-1,47.1
2026-09-21 16:17:13,20260921,6,11,2-4-3,71.4
2026-09-21 16:17:13,20260921,6,11,2-4-5,146.3
2026-09-21 16:17:13,20260921,6,11,2-4-6,118.6
2026-09-21 16:17:13,20260921,6,11,2-5-1,145.3
2026-09-21 16:17:13,20260921,6,11,2-5-3,120.7
2026-09-21 16:17:13,20260921,6,11,2-5-4,187.6
2026-09-21 16:17:13,20260921,6,11,2-5-6,134.0
2026-09-21 16:17:13,20260921,6,11,2-6-1,135.8
2026-09-21 16:17:13,20260921,6,11,2-6-3,110.9
2026-09-21 16:17:13,20260921,6,11,2-6-4,196.5
2026-09-21 16:17:13,20260921,6,11,2-6-5,187.6
2026-09-21 16:17:13,20260921,6,11,3-1-2,26.9
2026-09-21 16:17:13,20260921,6,11,3-1-4,44.3
2026-09-21 16:17:13,20260921,6,11,3-1-5,69.7
2026-09-21 16:17:13,20260921,6,11,3-1-6,79.0
2026-09-21 16:17:13,20260921,6,11,3-2-1,43.3
2026-09-21 16:17:13,20260921,6,11,3-2-4,50.4
2026-09-21 16:17:13,20260921,6,11,3-2-5,83.9
2026-09-21 16:17:13,20260921,6,11,3-2-6,87.4
2026-09-21 16:17:13,20260921,6,11,3-4-1,114.0
2026-09-21 16:17:13,20260921,6,11,3-4-2,45.9
2026-09-21 16:17:13,20260921,6,11,3-4-5,169.1
2026-09-21 16:17:13,20260921,6,11,3-4-6,166.4
2026-09-21 16:17:13,20260921,6,11,3-5-1,187.6
2026-09-21 16:17:13,20260921,6,11,3-5-2,111.5
2026-09-21 16:17:13,20260921,6,11,3-5-4,198.4
2026-09-21 16:17:13,20260921,6,11,3-5-6,134.9
2026-09-21 16:17:13,20260921,6,11,3-6-1,215.0
2026-09-21 16:17:13,20260921,6,11,3-6-2,137.6
2026-09-21 16:17:13,20260921,6,11,3-6-4,294.8
2026-09-21 16:17:13,20260921,6,11,3-6-5,206.4
2026-09-21 16:17:13,20260921,6,11,4-1-2,113.4
2026-09-21 16:17:13,20260921,6,11,4-1-3,129.0
2026-09-21 16:17:13,20260921,6,11,4-1-5,123.6
2026-09-21 16:17:13,20260921,6,11,4-1-6,219.5
2026-09-21 16:17:13,20260921,6,11,4-2-1,141.3
2026-09-21 16:17:13,20260921,6,11,4-2-3,79.3
2026-09-21 16:17:13,20260921,6,11,4-2-5,147.4
2026-09-21 16:17:13,20260921,6,11,4-2-6,156.3
2026-09-21 16:17:13,20260921,6,11,4-3-1,146.3
2026-09-21 16:17:13,20260921,6,11,4-3-2,100.2
2026-09-21 16:17:13,20260921,6,11,4-3-5,221.9
2026-09-21 16:17:13,20260921,6,11,4-3-6,286.6
2026-09-21 16:17:13,20260921,6,11,4-5-1,251.7
2026-09-21 16:17:13,20260921,6,11,4-5-2,251.7
2026-09-21 16:17:13,20260921,6,11,4-5-3,303.5
2026-09-21 16:17:13,20260921,6,11,4-5-6,290.7
2026-09-21 16:17:13,20260921,6,11,4-6-1,362.1
2026-09-21 16:17:13,20260921,6,11,4-6-2,237.2
2026-09-21 16:17:13,20260921,6,11,4-6-3,375.3
2026-09-21 16:17:13,20260921,6,11,4-6-5,286.6
2026-09-21 16:17:13,20260921,6,11,5-1-2,125.1
2026-09-21 16:17:13,20260921,6,11,5-1-3,208.5
2026-09-21 16:17:13,20260921,6,11,5-1-4,275.2
2026-09-21 16:17:13,20260921,6,11,5-1-6,303.5
2026-09-21 16:17:13,20260921,6,11,5-2-1,185.9
2026-09-21 16:17:13,20260921,6,11,5-2-3,161.2
2026-09-21 16:17:13,20260921,6,11,5-2-4,251.7
2026-09-21 16:17:13,20260921,6,11,5-2-6,261.2
2026-09-21 16:17:13,20260921,6,11,5-3-1,258.0
2026-09-21 16:17:13,20260921,6,11,5-3-2,202.3
2026-09-21 16:17:13,20260921,6,11,5-3-4,312.7
2026-09-21 16:17:13,20260921,6,11,5-3-6,282.7
2026-09-21 16:17:13,20260921,6,11,5-4-1,286.6
2026-09-21 16:17:13,20260921,6,11,5-4-2,382.2
2026-09-21 16:17:13,20260921,6,11,5-4-3,362.1
2026-09-21 16:17:13,20260921,6,11,5-4-6,362.1
2026-09-21 16:17:13,20260921,6,11,5-6-1,368.6
2026-09-21 16:17:13,20260921,6,11,5-6-2,242.8
2026-09-21 16:17:13,20260921,6,11,5-6-3,303.5
2026-09-21 16:17:13,20260921,6,11,5-6-4,322.5
2026-09-21 16:17:13,20260921,6,11,6-1-2,248.7
2026-09-21 16:17:13,20260921,6,11,6-1-3,278.9
2026-09-21 16:17:13,20260921,6,11,6-1-4,404.7
2026-09-21 16:17:13,20260921,6,11,6-1-5,625.5
2026-09-21 16:17:13,20260921,6,11,6-2-1,312.7
2026-09-21 16:17:13,20260921,6,11,6-2-3,177.9
2026-09-21 16:17:13,20260921,6,11,6-2-4,248.7
2026-09-21 16:17:13,20260921,6,11,6-2-5,430.0
2026-09-21 16:17:13,20260921,6,11,6-3-1,317.5
2026-09-21 16:17:13,20260921,6,11,6-3-2,231.9
2026-09-21 16:17:13,20260921,6,11,6-3-4,396.9
2026-09-21 16:17:13,20260921,6,11,6-3-5,317.5
2026-09-21 16:17:13,20260921,6,11,6-4-1,665.8
2026-09-21 16:17:13,20260921,6,11,6-4-2,327.6
2026-09-21 16:17:13,20260921,6,11,6-4-3,665.8
2026-09-21 16:17:13,20260921,6,11,6-4-5,430.0
2026-09-21 16:17:13,20260921,6,11,6-5-1,589.7
2026-09-21 16:17:13,20260921,6,11,6-5-2,529.2
2026-09-21 16:17:13,20260921,6,11,6-5-3,382.2
2026-09-21 16:17:13,20260921,6,11,6-5-4,332.9
2026-09-21 16:20:02,20260921,5,12,1-2-3,9.2
2026-09-21 16:20:02,20260921,5,12,1-2-4,13.3
2026-09-21 16:20:02,20260921,5,12,1-2-5,18.0
2026-09-21 16:20:02,20260921,5,12,1-2-6,53.8
2026-09-21 16:20:02,20260921,5,12,1-3-2,8.7
2026-09-21 16:20:02,20260921,5,12,1-3-4,9.3
2026-09-21 16:20:02,20260921,5,12,1-3-5,11.5
2026-09-21 16:20:02,20260921,5,12,1-3-6,41.9
2026-09-21 16:20:02,20260921,5,12,1-4-2,19.0
2026-09-21 16:20:02,20260921,5,12,1-4-3,20.7
2026-09-21 16:20:02,20260921,5,12,1-4-5,27.2
2026-09-21 16:20:02,20260921,5,12,1-4-6,62.7
2026-09-21 16:20:02,20260921,5,12,1-5-2,29.6
2026-09-21 16:20:02,20260921,5,12,1-5-3,26.6
2026-09-21 16:20:02,20260921,5,12,1-5-4,42.5
2026-09-21 16:20:02,20260921,5,12,1-5-6,65.9
2026-09-21 16:20:02,20260921,5,12,1-6-2,168.5
2026-09-21 16:20:02,20260921,5,12,1-6-3,167.1
2026-09-21 16:20:02,20260921,5,12,1-6-4,179.3
2026-09-21 16:20:02,20260921,5,12,1-6-5,167.9
2026-09-21 16:20:02,20260921,5,12,2-1-3,37.5
2026-09-21 16:20:02,20260921,5,12,2-1-4,46.5
2026-09-21 16:20:02,20260921,5,12,2-1-5,59.4
2026-09-21 16:20:02,20260921,5,12,2-1-6,131.7
2026-09-21 16:20:02,20260921,5,12,2-3-1,80.4
2026-09-21 16:20:02,20260921,5,12,2-3-4,126.9
2026-09-21 16:20:02,20260921,5,12,2-3-5,145.2
2026-09-21 16:20:02,20260921,5,12,2-3-6,380.3
2026-09-21 16:20:02,20260921,5,12,2-4-1,139.5
2026-09-21 16:20:02,20260921,5,12,2-4-3,180.5
2026-09-21 16:20:02,20260921,5,12,2-4-5,242.9
2026-09-21 16:20:02,20260921,5,12,2-4-6,421.8
2026-09-21 16:20:02,20260921,5,12,2-5-1,202.2
2026-09-21 16:20:02,20260921,5,12,2-5-3,246.9
2026-09-21 16:20:02,20260921,5,12,2-5-4,374.7
2026-09-21 16:20:02,20260921,5,12,2-5-6,482.4
2026-09-21 16:20:02,20260921,5,12,2-6-1,672.1
2026-09-21 16:20:02,20260921,5,12,2-6-3,1000.0
2026-09-21 16:20:02,20260921,5,12,2-6-4,1008.0
2026-09-21 16:20:02,20260921,5,12,2-6-5,909.8
2026-09-21 16:20:02,20260921,5,12,3-1-2,36.2
2026-09-21 16:20:02,20260921,5,12,3-1-4,31.7
2026-09-21 16:20:02,20260921,5,12,3-1-5,33.9
2026-09-21 16:20:02,20260921,5,12,3-1-6,96.5
2026-09-21 16:20:02,20260921,5,12,3-2-1,89.9
2026-09-21 16:20:02,20260921,5,12,3-2-4,121.7
2026-09-21 16:20:02,20260921,5,12,3-2-5,134.9
2026-09-21 16:20:02,20260921,5,12,3-2-6,360.6
2026-09-21 16:20:02,20260921,5,12,3-4-1,87.8
2026-09-21 16:20:02,20260921,5,12,3-4-2,123.5
2026-09-21 16:20:02,20260921,5,12,3-4-5,108.1
2026-09-21 16:20:02,20260921,5,12,3-4-6,259.7
2026-09-21 16:20:02,20260921,5,12,3-5-1,102.1
2026-09-21 16:20:02,20260921,5,12,3-5-2,159.3
2026-09-21 16:20:02,20260921,5,12,3-5-4,163.3
2026-09-21 16:20:02,20260921,5,12,3-5-6,274.4
2026-09-21 16:20:02,20260921,5,12,3-6-1,530.7
2026-09-21 16:20:02,20260921,5,12,3-6-2,784.9
2026-09-21 16:20:02,20260921,5,12,3-6-4,649.4
2026-09-21 16:20:02,20260921,5,12,3-6-5,564.6
2026-09-21 16:20:02,20260921,5,12,4-1-2,142.1
2026-09-21 16:20:02,20260921,5,12,4-1-3,156.2
2026-09-21 16:20:02,20260921,5,12,4-1-5,177.5
2026-09-21 16:20:02,20260921,5,12,4-1-6,296.7
2026-09-21 16:20:02,20260921,5,12,4-2-1,236.3
2026-09-21 16:20:02,20260921,5,12,4-2-3,286.8
2026-09-21 16:20:02,20260921,5,12,4-2-5,392.7
2026-09-21 16:20:02,20260921,5,12,4-2-6,633.7
2026-09-21 16:20:02,20260921,5,12,4-3-1,232.1
2026-09-21 16:20:02,20260921,5,12,4-3-2,289.4
2026-09-21 16:20:02,20260921,5,12,4-3-5,307.4
2026-09-21 16:20:02,20260921,5,12,4-3-6,615.2
2026-09-21 16:20:02,20260921,5,12,4-5-1,308.7
2026-09-21 16:20:02,20260921,5,12,4-5-2,408.9
2026-09-21 16:20:02,20260921,5,12,4-5-3,369.8
2026-09-21 16:20:02,20260921,5,12,4-5-6,459.2
2026-09-21 16:20:02,20260921,5,12,4-6-1,679.8
2026-09-21 16:20:02,20260921,5,12,4-6-2,1010.0
2026-09-21 16:20:02,20260921,5,12,4-6-3,1093.0
2026-09-21 16:20:02,20260921,5,12,4-6-5,812.2
2026-09-21 16:20:02,20260921,5,12,5-1-2,167.9
2026-09-21 16:20:02,20260921,5,12,5-1-3,146.2
2026-09-21 16:20:02,20260921,5,12,5-1-4,253.7
2026-09-21 16:20:02,20260921,5,12,5-1-6,292.6
2026-09-21 16:20:02,20260921,5,12,5-2-1,318.3
2026-09-21 16:20:02,20260921,5,12,5-2-3,362.3
2026-09-21 16:20:02,20260921,5,12,5-2-4,615.8
2026-09-21 16:20:02,20260921,5,12,5-2-6,654.9
2026-09-21 16:20:02,20260921,5,12,5-3-1,224.8
2026-09-21 16:20:02,20260921,5,12,5-3-2,356.5
2026-09-21 16:20:02,20260921,5,12,5-3-4,431.5
2026-09-21 16:20:02,20260921,5,12,5-3-6,687.3
2026-09-21 16:20:02,20260921,5,12,5-4-1,522.6
2026-09-21 16:20:02,20260921,5,12,5-4-2,703.1
2026-09-21 16:20:02,20260921,5,12,5-4-3,515.2
2026-09-21 16:20:02,20260921,5,12,5-4-6,779.3
2026-09-21 16:20:02,20260921,5,12,5-6-1,584.7
2026-09-21 16:20:02,20260921,5,12,5-6-2,885.2
2026-09-21 16:20:02,20260921,5,12,5-6-3,1050.0
2026-09-21 16:20:02,20260921,5,12,5-6-4,1035.0
2026-09-21 16:20:02,20260921,5,12,6-1-2,1026.0
2026-09-21 16:20:02,20260921,5,12,6-1-3,1189.0
2026-09-21 16:20:02,20260921,5,12,6-1-4,1289.0
2026-09-21 16:20:02,20260921,5,12,6-1-5,1158.0
2026-09-21 16:20:02,20260921,5,12,6-2-1,1352.0
2026-09-21 16:20:02,20260921,5,12,6-2-3,2167.0
2026-09-21 16:20:02,20260921,5,12,6-2-4,1971.0
2026-09-21 16:20:02,20260921,5,12,6-2-5,1474.0
2026-09-21 16:20:02,20260921,5,12,6-3-1,1638.0
2026-09-21 16:20:02,20260921,5,12,6-3-2,2234.0
2026-09-21 16:20:02,20260921,5,12,6-3-4,1892.0
2026-09-21 16:20:02,20260921,5,12,6-3-5,1630.0
2026-09-21 16:20:02,20260921,5,12,6-4-1,1522.0
2026-09-21 16:20:02,20260921,5,12,6-4-2,2061.0
2026-09-21 16:20:02,20260921,5,12,6-4-3,2301.0
2026-09-21 16:20:02,20260921,5,12,6-4-5,1678.0
2026-09-21 16:20:02,20260921,5,12,6-5-1,1378.0
2026-09-21 16:20:02,20260921,5,12,6-5-2,1513.0
2026-09-21 16:20:02,20260921,5,12,6-5-3,1649.0
2026-09-21 16:20:02,20260921,5,12,6-5-4,1520.0
2026-09-21 16:31:01,20260921,12,4,1-2-3,23.5
2026-09-21 16:31:01,20260921,12,4,1-2-4,14.2
2026-09-21 16:31:01,20260921,12,4,1-2-5,46.7
2026-09-21 16:31:01,20260921,12,4,1-2-6,151.2
2026-09-21 16:31:01,20260921,12,4,1-3-2,33.2
2026-09-21 16:31:01,20260921,12,4,1-3-4,28.1
2026-09-21 16:31:01,20260921,12,4,1-3-5,70.7
2026-09-21 16:31:01,20260921,12,4,1-3-6,292.8
2026-09-21 16:31:01,20260921,12,4,1-4-2,14.4
2026-09-21 16:31:01,20260921,12,4,1-4-3,24.0
2026-09-21 16:31:01,20260921,12,4,1-4-5,36.7
2026-09-21 16:31:01,20260921,12,4,1-4-6,125.1
2026-09-21 16:31:01,20260921,12,4,1-5-2,80.9
2026-09-21 16:31:01,20260921,12,4,1-5-3,109.6
2026-09-21 16:31:01,20260921,12,4,1-5-4,65.3
2026-09-21 16:31:01,20260921,12,4,1-5-6,202.4
2026-09-21 16:31:01,20260921,12,4,1-6-2,227.5
2026-09-21 16:31:01,20260921,12,4,1-6-3,339.8
2026-09-21 16:31:01,20260921,12,4,1-6-4,216.7
2026-09-21 16:31:01,20260921,12,4,1-6-5,323.8
2026-09-21 16:31:01,20260921,12,4,2-1-3,50.5
2026-09-21 16:31:01,20260921,12,4,2-1-4,27.9
2026-09-21 16:31:01,20260921,12,4,2-1-5,94.9
2026-09-21 16:31:01,20260921,12,4,2-1-6,254.9
2026-09-21 16:31:01,20260921,12,4,2-3-1,76.0
2026-09-21 16:31:01,20260921,12,4,2-3-4,39.1
2026-09-21 16:31:01,20260921,12,4,2-3-5,99.7
2026-09-21 16:31:01,20260921,12,4,2-3-6,344.1
2026-09-21 16:31:01,20260921,12,4,2-4-1,29.4
2026-09-21 16:31:01,20260921,12,4,2-4-3,30.7
2026-09-21 16:31:01,20260921,12,4,2-4-5,38.3
2026-09-21 16:31:01,20260921,12,4,2-4-6,141.1
2026-09-21 16:31:01,20260921,12,4,2-5-1,135.6
2026-09-21 16:31:01,20260921,12,4,2-5-3,162.9
2026-09-21 16:31:01,20260921,12,4,2-5-4,62.0
2026-09-21 16:31:01,20260921,12,4,2-5-6,323.8
2026-09-21 16:31:01,20260921,12,4,2-6-1,655.5
2026-09-21 16:31:01,20260921,12,4,2-6-3,705.9
2026-09-21 16:31:01,20260921,12,4,2-6-4,529.4
2026-09-21 16:31:01,20260921,12,4,2-6-5,809.7
2026-09-21 16:31:01,20260921,12,4,3-1-2,90.2
2026-09-21 16:31:01,20260921,12,4,3-1-4,72.8
2026-09-21 16:31:01,20260921,12,4,3-1-5,115.6
2026-09-21 16:31:01,20260921,12,4,3-1-6,410.9
2026-09-21 16:31:01,20260921,12,4,3-2-1,136.2
2026-09-21 16:31:01,20260921,12,4,3-2-4,54.7
2026-09-21 16:31:01,20260921,12,4,3-2-5,139.7
2026-09-21 16:31:01,20260921,12,4,3-2-6,312.8
2026-09-21 16:31:01,20260921,12,4,3-4-1,74.8
2026-09-21 16:31:01,20260921,12,4,3-4-2,46.9
2026-09-21 16:31:01,20260921,12,4,3-4-5,96.2
2026-09-21 16:31:01,20260921,12,4,3-4-6,280.9
2026-09-21 16:31:01,20260921,12,4,3-5-1,191.1
2026-09-21 16:31:01,20260921,12,4,3-5-2,149.6
2026-09-21 16:31:01,20260921,12,4,3-5-4,154.6
2026-09-21 16:31:01,20260921,12,4,3-5-6,519.4
2026-09-21 16:31:01,20260921,12,4,3-6-1,724.5
2026-09-21 16:31:01,20260921,12,4,3-6-2,809.7
2026-09-21 16:31:01,20260921,12,4,3-6-4,423.5
2026-09-21 16:31:01,20260921,12,4,3-6-5,888.0
2026-09-21 16:31:01,20260921,12,4,4-1-2,23.2
2026-09-21 16:31:01,20260921,12,4,4-1-3,44.0
2026-09-21 16:31:01,20260921,12,4,4-1-5,44.1
2026-09-21 16:31:01,20260921,12,4,4-1-6,133.6
2026-09-21 16:31:01,20260921,12,4,4-2-1,27.1
2026-09-21 16:31:01,20260921,12,4,4-2-3,22.3
2026-09-21 16:31:01,20260921,12,4,4-2-5,28.2
2026-09-21 16:31:01,20260921,12,4,4-2-6,153.8
2026-09-21 16:31:01,20260921,12,4,4-3-1,59.5
2026-09-21 16:31:01,20260921,12,4,4-3-2,39.4
2026-09-21 16:31:01,20260921,12,4,4-3-5,71.6
2026-09-21 16:31:01,20260921,12,4,4-3-6,404.8
2026-09-21 16:31:01,20260921,12,4,4-5-1,49.5
2026-09-21 16:31:01,20260921,12,4,4-5-2,31.4
2026-09-21 16:31:01,20260921,12,4,4-5-3,54.4
2026-09-21 16:31:01,20260921,12,4,4-5-6,97.2
2026-09-21 16:31:01,20260921,12,4,4-6-1,252.5
2026-09-21 16:31:01,20260921,12,4,4-6-2,199.5
2026-09-21 16:31:01,20260921,12,4,4-6-3,257.2
2026-09-21 16:31:01,20260921,12,4,4-6-5,215.0
2026-09-21 16:31:01,20260921,12,4,5-1-2,199.5
2026-09-21 16:31:01,20260921,12,4,5-1-3,175.3
2026-09-21 16:31:01,20260921,12,4,5-1-4,168.9
2026-09-21 16:31:01,20260921,12,4,5-1-6,269.9
2026-09-21 16:31:01,20260921,12,4,5-2-1,250.2
2026-09-21 16:31:01,20260921,12,4,5-2-3,227.5
2026-09-21 16:31:01,20260921,12,4,5-2-4,76.0
2026-09-21 16:31:01,20260921,12,4,5-2-6,377.1
2026-09-21 16:31:01,20260921,12,4,5-3-1,430.1
2026-09-21 16:31:01,20260921,12,4,5-3-2,316.4
2026-09-21 16:31:01,20260921,12,4,5-3-4,257.2
2026-09-21 16:31:01,20260921,12,4,5-3-6,949.3
2026-09-21 16:31:01,20260921,12,4,5-4-1,116.6
2026-09-21 16:31:01,20260921,12,4,5-4-2,61.0
2026-09-21 16:31:01,20260921,12,4,5-4-3,147.2
2026-09-21 16:31:01,20260921,12,4,5-4-6,193.8
2026-09-21 16:31:01,20260921,12,4,5-6-1,550.6
2026-09-21 16:31:01,20260921,12,4,5-6-2,430.1
2026-09-21 16:31:01,20260921,12,4,5-6-3,705.9
2026-09-21 16:31:01,20260921,12,4,5-6-4,377.1
2026-09-21 16:31:01,20260921,12,4,6-1-2,764.7
2026-09-21 16:31:01,20260921,12,4,6-1-3,1376.0
2026-09-21 16:31:01,20260921,12,4,6-1-4,809.7
2026-09-21 16:31:01,20260921,12,4,6-1-5,1058.0
2026-09-21 16:31:01,20260921,12,4,6-2-1,1251.0
2026-09-21 16:31:01,20260921,12,4,6-2-3,949.3
2026-09-21 16:31:01,20260921,12,4,6-2-4,474.6
2026-09-21 16:31:01,20260921,12,4,6-2-5,1966.0
2026-09-21 16:31:01,20260921,12,4,6-3-1,1058.0
2026-09-21 16:31:01,20260921,12,4,6-3-2,1376.0
2026-09-21 16:31:01,20260921,12,4,6-3-4,519.4
2026-09-21 16:31:01,20260921,12,4,6-3-5,1720.0
2026-09-21 16:31:01,20260921,12,4,6-4-1,1019.0
2026-09-21 16:31:01,20260921,12,4,6-4-2,451.3
2026-09-21 16:31:01,20260921,12,4,6-4-3,834.2
2026-09-21 16:31:01,20260921,12,4,6-4-5,744.0
2026-09-21 16:31:01,20260921,12,4,6-5-1,625.7
2026-09-21 16:31:01,20260921,12,4,6-5-2,744.0
2026-09-21 16:31:01,20260921,12,4,6-5-3,1449.0
2026-09-21 16:31:01,20260921,12,4,6-5-4,724.5
2026-09-21 16:31:11,20260921,15,4,1-2-3,34.1
2026-09-21 16:31:11,20260921,15,4,1-2-4,24.1
2026-09-21 16:31:11,20260921,15,4,1-2-5,15.8
2026-09-21 16:31:11,20260921,15,4,1-2-6,26.4
2026-09-21 16:31:11,20260921,15,4,1-3-2,78.0
2026-09-21 16:31:11,20260921,15,4,1-3-4,71.5
2026-09-21 16:31:11,20260921,15,4,1-3-5,75.2
2026-09-21 16:31:11,20260921,15,4,1-3-6,116.8
2026-09-21 16:31:11,20260921,15,4,1-4-2,40.6
2026-09-21 16:31:11,20260921,15,4,1-4-3,83.9
2026-09-21 16:31:11,20260921,15,4,1-4-5,38.7
2026-09-21 16:31:11,20260921,15,4,1-4-6,51.2
2026-09-21 16:31:11,20260921,15,4,1-5-2,17.7
2026-09-21 16:31:11,20260921,15,4,1-5-3,69.8
2026-09-21 16:31:11,20260921,15,4,1-5-4,39.6
2026-09-21 16:31:11,20260921,15,4,1-5-6,27.0
2026-09-21 16:31:11,20260921,15,4,1-6-2,66.6
2026-09-21 16:31:11,20260921,15,4,1-6-3,130.3
2026-09-21 16:31:11,20260921,15,4,1-6-4,86.3
2026-09-21 16:31:11,20260921,15,4,1-6-5,77.6
2026-09-21 16:31:11,20260921,15,4,2-1-3,69.5
2026-09-21 16:31:11,20260921,15,4,2-1-4,47.5
2026-09-21 16:31:11,20260921,15,4,2-1-5,33.2
2026-09-21 16:31:11,20260921,15,4,2-1-6,41.8
2026-09-21 16:31:11,20260921,15,4,2-3-1,153.6
2026-09-21 16:31:11,20260921,15,4,2-3-4,148.9
2026-09-21 16:31:11,20260921,15,4,2-3-5,128.0
2026-09-21 16:31:11,20260921,15,4,2-3-6,211.5
2026-09-21 16:31:11,20260921,15,4,2-4-1,73.7
2026-09-21 16:31:11,20260921,15,4,2-4-3,173.8
2026-09-21 16:31:11,20260921,15,4,2-4-5,59.1
2026-09-21 16:31:11,20260921,15,4,2-4-6,78.0
2026-09-21 16:31:11,20260921,15,4,2-5-1,55.7
2026-09-21 16:31:11,20260921,15,4,2-5-3,97.9
2026-09-21 16:31:11,20260921,15,4,2-5-4,66.9
2026-09-21 16:31:11,20260921,15,4,2-5-6,36.8
2026-09-21 16:31:11,20260921,15,4,2-6-1,173.8
2026-09-21 16:31:11,20260921,15,4,2-6-3,260.7
2026-09-21 16:31:11,20260921,15,4,2-6-4,140.3
2026-09-21 16:31:11,20260921,15,4,2-6-5,61.3
2026-09-21 16:31:11,20260921,15,4,3-1-2,121.6
2026-09-21 16:31:11,20260921,15,4,3-1-4,119.6
2026-09-21 16:31:11,20260921,15,4,3-1-5,102.0
2026-09-21 16:31:11,20260921,15,4,3-1-6,155.3
2026-09-21 16:31:11,20260921,15,4,3-2-1,131.5
2026-09-21 16:31:11,20260921,15,4,3-2-4,165.9
2026-09-21 16:31:11,20260921,15,4,3-2-5,156.9
2026-09-21 16:31:11,20260921,15,4,3-2-6,214.7
2026-09-21 16:31:11,20260921,15,4,3-4-1,208.5
2026-09-21 16:31:11,20260921,15,4,3-4-2,194.6
2026-09-21 16:31:11,20260921,15,4,3-4-5,202.7
2026-09-21 16:31:11,20260921,15,4,3-4-6,211.5
2026-09-21 16:31:11,20260921,15,4,3-5-1,239.3
2026-09-21 16:31:11,20260921,15,4,3-5-2,139.0
2026-09-21 16:31:11,20260921,15,4,3-5-4,208.5
2026-09-21 16:31:11,20260921,15,4,3-5-6,187.1
2026-09-21 16:31:11,20260921,15,4,3-6-1,356.1
2026-09-21 16:31:11,20260921,15,4,3-6-2,292.0
2026-09-21 16:31:11,20260921,15,4,3-6-4,310.6
2026-09-21 16:31:11,20260921,15,4,3-6-5,310.6
2026-09-21 16:31:11,20260921,15,4,4-1-2,101.3
2026-09-21 16:31:11,20260921,15,4,4-1-3,173.8
2026-09-21 16:31:11,20260921,15,4,4-1-5,87.9
2026-09-21 16:31:11,20260921,15,4,4-1-6,101.3
2026-09-21 16:31:11,20260921,15,4,4-2-1,129.2
2026-09-21 16:31:11,20260921,15,4,4-2-3,211.5
2026-09-21 16:31:11,20260921,15,4,4-2-5,74.1
2026-09-21 16:31:11,20260921,15,4,4-2-6,96.0
2026-09-21 16:31:11,20260921,15,4,4-3-1,197.3
2026-09-21 16:31:11,20260921,15,4,4-3-2,286.2
2026-09-21 16:31:11,20260921,15,4,4-3-5,221.2
2026-09-21 16:31:11,20260921,15,4,4-3-6,265.4
2026-09-21 16:31:11,20260921,15,4,4-5-1,123.7
2026-09-21 16:31:11,20260921,15,4,4-5-2,84.8
2026-09-21 16:31:11,20260921,15,4,4-5-3,187.1
2026-09-21 16:31:11,20260921,15,4,4-5-6,64.3
2026-09-21 16:31:11,20260921,15,4,4-6-1,187.1
2026-09-21 16:31:11,20260921,15,4,4-6-2,65.4
2026-09-21 16:31:11,20260921,15,4,4-6-3,297.9
2026-09-21 16:31:11,20260921,15,4,4-6-5,105.7
2026-09-21 16:31:11,20260921,15,4,5-1-2,46.3
2026-09-21 16:31:11,20260921,15,4,5-1-3,173.8
2026-09-21 16:31:11,20260921,15,4,5-1-4,80.6
2026-09-21 16:31:11,20260921,15,4,5-1-6,42.9
2026-09-21 16:31:11,20260921,15,4,5-2-1,75.2
2026-09-21 16:31:11,20260921,15,4,5-2-3,158.6
2026-09-21 16:31:11,20260921,15,4,5-2-4,66.6
2026-09-21 16:31:11,20260921,15,4,5-2-6,41.8
2026-09-21 16:31:11,20260921,15,4,5-3-1,310.6
2026-09-21 16:31:11,20260921,15,4,5-3-2,239.3
2026-09-21 16:31:11,20260921,15,4,5-3-4,275.4
2026-09-21 16:31:11,20260921,15,4,5-3-6,275.4
2026-09-21 16:31:11,20260921,15,4,5-4-1,136.4
2026-09-21 16:31:11,20260921,15,4,5-4-2,78.9
2026-09-21 16:31:11,20260921,15,4,5-4-3,235.4
2026-09-21 16:31:11,20260921,15,4,5-4-6,75.6
2026-09-21 16:31:11,20260921,15,4,5-6-1,98.6
2026-09-21 16:31:11,20260921,15,4,5-6-2,50.8
2026-09-21 16:31:11,20260921,15,4,5-6-3,292.0
2026-09-21 16:31:11,20260921,15,4,5-6-4,84.3
2026-09-21 16:31:11,20260921,15,4,6-1-2,211.5
2026-09-21 16:31:11,20260921,15,4,6-1-3,442.4
2026-09-21 16:31:11,20260921,15,4,6-1-4,317.3
2026-09-21 16:31:11,20260921,15,4,6-1-5,200.0
2026-09-21 16:31:11,20260921,15,4,6-2-1,231.7
2026-09-21 16:31:11,20260921,15,4,6-2-3,456.2
2026-09-21 16:31:11,20260921,15,4,6-2-4,200.0
2026-09-21 16:31:11,20260921,15,4,6-2-5,80.6
2026-09-21 16:31:11,20260921,15,4,6-3-1,584.0
2026-09-21 16:31:11,20260921,15,4,6-3-2,442.4
2026-09-21 16:31:11,20260921,15,4,6-3-4,561.5
2026-09-21 16:31:11,20260921,15,4,6-3-5,394.6
2026-09-21 16:31:11,20260921,15,4,6-4-1,331.8
2026-09-21 16:31:11,20260921,15,4,6-4-2,208.5
2026-09-21 16:31:11,20260921,15,4,6-4-3,663.6
2026-09-21 16:31:11,20260921,15,4,6-4-5,182.5
2026-09-21 16:31:11,20260921,15,4,6-5-1,167.8
2026-09-21 16:31:11,20260921,15,4,6-5-2,75.2
2026-09-21 16:31:11,20260921,15,4,6-5-3,470.9
2026-09-21 16:31:11,20260921,15,4,6-5-4,155.3
2026-09-21 16:34:00,20260921,17,12,1-2-3,7.4
2026-09-21 16:34:00,20260921,17,12,1-2-4,15.6
2026-09-21 16:34:00,20260921,17,12,1-2-5,22.7
2026-09-21 16:34:00,20260921,17,12,1-2-6,38.1
2026-09-21 16:34:00,20260921,17,12,1-3-2,6.5
2026-09-21 16:34:00,20260921,17,12,1-3-4,8.1
2026-09-21 16:34:00,20260921,17,12,1-3-5,10.6
2026-09-21 16:34:00,20260921,17,12,1-3-6,23.3
2026-09-21 16:34:00,20260921,17,12,1-4-2,24.0
2026-09-21 16:34:00,20260921,17,12,1-4-3,19.9
2026-09-21 16:34:00,20260921,17,12,1-4-5,32.3
2026-09-21 16:34:00,20260921,17,12,1-4-6,51.3
2026-09-21 16:34:00,20260921,17,12,1-5-2,52.4
2026-09-21 16:34:00,20260921,17,12,1-5-3,32.9
2026-09-21 16:34:00,20260921,17,12,1-5-4,60.2
2026-09-21 16:34:00,20260921,17,12,1-5-6,83.9
2026-09-21 16:34:00,20260921,17,12,1-6-2,103.2
2026-09-21 16:34:00,20260921,17,12,1-6-3,96.2
2026-09-21 16:34:00,20260921,17,12,1-6-4,147.5
2026-09-21 16:34:00,20260921,17,12,1-6-5,179.8
2026-09-21 16:34:00,20260921,17,12,2-1-3,33.3
2026-09-21 16:34:00,20260921,17,12,2-1-4,57.5
2026-09-21 16:34:00,20260921,17,12,2-1-5,83.9
2026-09-21 16:34:00,20260921,17,12,2-1-6,121.6
2026-09-21 16:34:00,20260921,17,12,2-3-1,67.5
2026-09-21 16:34:00,20260921,17,12,2-3-4,220.3
2026-09-21 16:34:00,20260921,17,12,2-3-5,272.8
2026-09-21 16:34:00,20260921,17,12,2-3-6,425.3
2026-09-21 16:34:00,20260921,17,12,2-4-1,198.6
2026-09-21 16:34:00,20260921,17,12,2-4-3,339.2
2026-09-21 16:34:00,20260921,17,12,2-4-5,509.8
2026-09-21 16:34:00,20260921,17,12,2-4-6,537.6
2026-09-21 16:34:00,20260921,17,12,2-5-1,316.6
2026-09-21 16:34:00,20260921,17,12,2-5-3,473.1
2026-09-21 16:34:00,20260921,17,12,2-5-4,644.3
2026-09-21 16:34:00,20260921,17,12,2-5-6,798.9
2026-09-21 16:34:00,20260921,17,12,2-6-1,494.1
2026-09-21 16:34:00,20260921,17,12,2-6-3,912.6
2026-09-21 16:34:00,20260921,17,12,2-6-4,1082.0
2026-09-21 16:34:00,20260921,17,12,2-6-5,1124.0
2026-09-21 16:34:00,20260921,17,12,3-1-2,33.5
2026-09-21 16:34:00,20260921,17,12,3-1-4,40.0
2026-09-21 16:34:00,20260921,17,12,3-1-5,42.9
2026-09-21 16:34:00,20260921,17,12,3-1-6,95.8
2026-09-21 16:34:00,20260921,17,12,3-2-1,77.6
2026-09-21 16:34:00,20260921,17,12,3-2-4,220.1
2026-09-21 16:34:00,20260921,17,12,3-2-5,246.5
2026-09-21 16:34:00,20260921,17,12,3-2-6,410.3
2026-09-21 16:34:00,20260921,17,12,3-4-1,107.4
2026-09-21 16:34:00,20260921,17,12,3-4-2,270.2
2026-09-21 16:34:00,20260921,17,12,3-4-5,224.5
2026-09-21 16:34:00,20260921,17,12,3-4-6,331.3
2026-09-21 16:34:00,20260921,17,12,3-5-1,132.2
2026-09-21 16:34:00,20260921,17,12,3-5-2,304.5
2026-09-21 16:34:00,20260921,17,12,3-5-4,351.3
2026-09-21 16:34:00,20260921,17,12,3-5-6,439.8
2026-09-21 16:34:00,20260921,17,12,3-6-1,401.3
2026-09-21 16:34:00,20260921,17,12,3-6-2,872.3
2026-09-21 16:34:00,20260921,17,12,3-6-4,724.4
2026-09-21 16:34:00,20260921,17,12,3-6-5,816.7
2026-09-21 16:34:00,20260921,17,12,4-1-2,115.0
2026-09-21 16:34:00,20260921,17,12,4-1-3,96.6
2026-09-21 16:34:00,20260921,17,12,4-1-5,129.3
2026-09-21 16:34:00,20260921,17,12,4-1-6,223.0
2026-09-21 16:34:00,20260921,17,12,4-2-1,247.0
2026-09-21 16:34:00,20260921,17,12,4-2-3,431.7
2026-09-21 16:34:00,20260921,17,12,4-2-5,549.1
2026-09-21 16:34:00,20260921,17,12,4-2-6,622.4
2026-09-21 16:34:00,20260921,17,12,4-3-1,193.2
2026-09-21 16:34:00,20260921,17,12,4-3-2,449.1
2026-09-21 16:34:00,20260921,17,12,4-3-5,447.5
2026-09-21 16:34:00,20260921,17,12,4-3-6,571.1
2026-09-21 16:34:00,20260921,17,12,4-5-1,226.1
2026-09-21 16:34:00,20260921,17,12,4-5-2,433.9
2026-09-21 16:34:00,20260921,17,12,4-5-3,407.7
2026-09-21 16:34:00,20260921,17,12,4-5-6,282.1
2026-09-21 16:34:00,20260921,17,12,4-6-1,580.2
2026-09-21 16:34:00,20260921,17,12,4-6-2,732.7
2026-09-21 16:34:00,20260921,17,12,4-6-3,857.7
2026-09-21 16:34:00,20260921,17,12,4-6-5,541.0
2026-09-21 16:34:00,20260921,17,12,5-1-2,292.0
2026-09-21 16:34:00,20260921,17,12,5-1-3,173.4
2026-09-21 16:34:00,20260921,17,12,5-1-4,305.6
2026-09-21 16:34:00,20260921,17,12,5-1-6,464.6
2026-09-21 16:34:00,20260921,17,12,5-2-1,526.6
2026-09-21 16:34:00,20260921,17,12,5-2-3,749.8
2026-09-21 16:34:00,20260921,17,12,5-2-4,896.7
2026-09-21 16:34:00,20260921,17,12,5-2-6,1257.0
2026-09-21 16:34:00,20260921,17,12,5-3-1,261.9
2026-09-21 16:34:00,20260921,17,12,5-3-2,758.7
2026-09-21 16:34:00,20260921,17,12,5-3-4,770.1
2026-09-21 16:34:00,20260921,17,12,5-3-6,1082.0
2026-09-21 16:34:00,20260921,17,12,5-4-1,445.2
2026-09-21 16:34:00,20260921,17,12,5-4-2,899.8
2026-09-21 16:34:00,20260921,17,12,5-4-3,678.4
2026-09-21 16:34:00,20260921,17,12,5-4-6,622.4
2026-09-21 16:34:00,20260921,17,12,5-6-1,942.8
2026-09-21 16:34:00,20260921,17,12,5-6-2,1198.0
2026-09-21 16:34:00,20260921,17,12,5-6-3,1165.0
2026-09-21 16:34:00,20260921,17,12,5-6-4,932.5
2026-09-21 16:34:00,20260921,17,12,6-1-2,524.4
2026-09-21 16:34:00,20260921,17,12,6-1-3,506.8
2026-09-21 16:34:00,20260921,17,12,6-1-4,939.4
2026-09-21 16:34:00,20260921,17,12,6-1-5,1095.0
2026-09-21 16:34:00,20260921,17,12,6-2-1,789.1
2026-09-21 16:34:00,20260921,17,12,6-2-3,1386.0
2026-09-21 16:34:00,20260921,17,12,6-2-4,1858.0
2026-09-21 16:34:00,20260921,17,12,6-2-5,2051.0
2026-09-21 16:34:00,20260921,17,12,6-3-1,749.8
2026-09-21 16:34:00,20260921,17,12,6-3-2,1687.0
2026-09-21 16:34:00,20260921,17,12,6-3-4,1440.0
2026-09-21 16:34:00,20260921,17,12,6-3-5,1676.0
2026-09-21 16:34:00,20260921,17,12,6-4-1,1473.0
2026-09-21 16:34:00,20260921,17,12,6-4-2,1845.0
2026-09-21 16:34:00,20260921,17,12,6-4-3,1687.0
2026-09-21 16:34:00,20260921,17,12,6-4-5,1209.0
2026-09-21 16:34:00,20260921,17,12,6-5-1,1526.0
2026-09-21 16:34:00,20260921,17,12,6-5-2,2155.0
2026-09-21 16:34:00,20260921,17,12,6-5-3,1780.0
2026-09-21 16:34:00,20260921,17,12,6-5-4,1073.0
2026-09-21 16:39:38,20260921,1,4,1-2-3,32.3
2026-09-21 16:39:38,20260921,1,4,1-2-4,42.7
2026-09-21 16:39:38,20260921,1,4,1-2-5,97.9
2026-09-21 16:39:38,20260921,1,4,1-2-6,83.7
2026-09-21 16:39:38,20260921,1,4,1-3-2,27.5
2026-09-21 16:39:38,20260921,1,4,1-3-4,14.9
2026-09-21 16:39:38,20260921,1,4,1-3-5,73.5
2026-09-21 16:39:38,20260921,1,4,1-3-6,57.9
2026-09-21 16:39:38,20260921,1,4,1-4-2,36.0
2026-09-21 16:39:38,20260921,1,4,1-4-3,24.5
2026-09-21 16:39:38,20260921,1,4,1-4-5,77.0
2026-09-21 16:39:38,20260921,1,4,1-4-6,59.7
2026-09-21 16:39:38,20260921,1,4,1-5-2,166.2
2026-09-21 16:39:38,20260921,1,4,1-5-3,125.5
2026-09-21 16:39:38,20260921,1,4,1-5-4,102.7
2026-09-21 16:39:38,20260921,1,4,1-5-6,320.9
2026-09-21 16:39:38,20260921,1,4,1-6-2,171.1
2026-09-21 16:39:38,20260921,1,4,1-6-3,130.5
2026-09-21 16:39:38,20260921,1,4,1-6-4,96.6
2026-09-21 16:39:38,20260921,1,4,1-6-5,312.2
2026-09-21 16:39:38,20260921,1,4,2-1-3,59.2
2026-09-21 16:39:38,20260921,1,4,2-1-4,68.9
2026-09-21 16:39:38,20260921,1,4,2-1-5,115.5
2026-09-21 16:39:38,20260921,1,4,2-1-6,143.5
2026-09-21 16:39:38,20260921,1,4,2-3-1,94.7
2026-09-21 16:39:38,20260921,1,4,2-3-4,37.6
2026-09-21 16:39:38,20260921,1,4,2-3-5,129.0
2026-09-21 16:39:38,20260921,1,4,2-3-6,179.1
2026-09-21 16:39:38,20260921,1,4,2-4-1,83.7
2026-09-21 16:39:38,20260921,1,4,2-4-3,48.5
2026-09-21 16:39:38,20260921,1,4,2-4-5,126.9
2026-09-21 16:39:38,20260921,1,4,2-4-6,100.0
2026-09-21 16:39:38,20260921,1,4,2-5-1,168.6
2026-09-21 16:39:38,20260921,1,4,2-5-3,206.3
2026-09-21 16:39:38,20260921,1,4,2-5-4,213.9
2026-09-21 16:39:38,20260921,1,4,2-5-6,199.2
2026-09-21 16:39:38,20260921,1,4,2-6-1,184.8
2026-09-21 16:39:38,20260921,1,4,2-6-3,275.0
2026-09-21 16:39:38,20260921,1,4,2-6-4,233.4
2026-09-21 16:39:38,20260921,1,4,2-6-5,208.1
2026-09-21 16:39:38,20260921,1,4,3-1-2,49.5
2026-09-21 16:39:38,20260921,1,4,3-1-4,21.8
2026-09-21 16:39:38,20260921,1,4,3-1-5,56.6
2026-09-21 16:39:38,20260921,1,4,3-1-6,77.8
2026-09-21 16:39:38,20260921,1,4,3-2-1,74.3
2026-09-21 16:39:38,20260921,1,4,3-2-4,32.5
2026-09-21 16:39:38,20260921,1,4,3-2-5,101.3
2026-09-21 16:39:38,20260921,1,4,3-2-6,117.3
2026-09-21 16:39:38,20260921,1,4,3-4-1,25.9
2026-09-21 16:39:38,20260921,1,4,3-4-2,28.6
2026-09-21 16:39:38,20260921,1,4,3-4-5,64.5
2026-09-21 16:39:38,20260921,1,4,3-4-6,34.4
2026-09-21 16:39:38,20260921,1,4,3-5-1,129.8
2026-09-21 16:39:38,20260921,1,4,3-5-2,133.5
2026-09-21 16:39:38,20260921,1,4,3-5-4,110.5
2026-09-21 16:39:38,20260921,1,4,3-5-6,218.0
2026-09-21 16:39:38,20260921,1,4,3-6-1,166.2
2026-09-21 16:39:38,20260921,1,4,3-6-2,168.6
2026-09-21 16:39:38,20260921,1,4,3-6-4,97.0
2026-09-21 16:39:38,20260921,1,4,3-6-5,304.0
2026-09-21 16:39:38,20260921,1,4,4-1-2,49.4
2026-09-21 16:39:38,20260921,1,4,4-1-3,33.8
2026-09-21 16:39:38,20260921,1,4,4-1-5,62.4
2026-09-21 16:39:38,20260921,1,4,4-1-6,62.7
2026-09-21 16:39:38,20260921,1,4,4-2-1,84.6
2026-09-21 16:39:38,20260921,1,4,4-2-3,44.2
2026-09-21 16:39:38,20260921,1,4,4-2-5,93.5
2026-09-21 16:39:38,20260921,1,4,4-2-6,70.6
2026-09-21 16:39:38,20260921,1,4,4-3-1,42.9
2026-09-21 16:39:38,20260921,1,4,4-3-2,44.1
2026-09-21 16:39:38,20260921,1,4,4-3-5,79.9
2026-09-21 16:39:38,20260921,1,4,4-3-6,51.5
2026-09-21 16:39:38,20260921,1,4,4-5-1,55.6
2026-09-21 16:39:38,20260921,1,4,4-5-2,87.8
2026-09-21 16:39:38,20260921,1,4,4-5-3,95.8
2026-09-21 16:39:38,20260921,1,4,4-5-6,70.8
2026-09-21 16:39:38,20260921,1,4,4-6-1,103.6
2026-09-21 16:39:38,20260921,1,4,4-6-2,78.3
2026-09-21 16:39:38,20260921,1,4,4-6-3,89.2
2026-09-21 16:39:38,20260921,1,4,4-6-5,97.9
2026-09-21 16:39:38,20260921,1,4,5-1-2,213.9
2026-09-21 16:39:38,20260921,1,4,5-1-3,220.0
2026-09-21 16:39:38,20260921,1,4,5-1-4,139.2
2026-09-21 16:39:38,20260921,1,4,5-1-6,213.9
2026-09-21 16:39:38,20260921,1,4,5-2-1,281.8
2026-09-21 16:39:38,20260921,1,4,5-2-3,189.4
2026-09-21 16:39:38,20260921,1,4,5-2-4,248.4
2026-09-21 16:39:38,20260921,1,4,5-2-6,372.7
2026-09-21 16:39:38,20260921,1,4,5-3-1,292.5
2026-09-21 16:39:38,20260921,1,4,5-3-2,208.1
2026-09-21 16:39:38,20260921,1,4,5-3-4,259.6
2026-09-21 16:39:38,20260921,1,4,5-3-6,398.4
2026-09-21 16:39:38,20260921,1,4,5-4-1,133.5
2026-09-21 16:39:38,20260921,1,4,5-4-2,192.5
2026-09-21 16:39:38,20260921,1,4,5-4-3,210.0
2026-09-21 16:39:38,20260921,1,4,5-4-6,160.4
2026-09-21 16:39:38,20260921,1,4,5-6-1,391.6
2026-09-21 16:39:38,20260921,1,4,5-6-2,330.1
2026-09-21 16:39:38,20260921,1,4,5-6-3,444.3
2026-09-21 16:39:38,20260921,1,4,5-6-4,292.5
2026-09-21 16:39:38,20260921,1,4,6-1-2,344.8
2026-09-21 16:39:38,20260921,1,4,6-1-3,412.6
2026-09-21 16:39:38,20260921,1,4,6-1-4,420.1
2026-09-21 16:39:38,20260921,1,4,6-1-5,641.8
2026-09-21 16:39:38,20260921,1,4,6-2-1,391.6
2026-09-21 16:39:38,20260921,1,4,6-2-3,251.1
2026-09-21 16:39:38,20260921,1,4,6-2-4,436.0
2026-09-21 16:39:38,20260921,1,4,6-2-5,537.4
2026-09-21 16:39:38,20260921,1,4,6-3-1,436.0
2026-09-21 16:39:38,20260921,1,4,6-3-2,420.1
2026-09-21 16:39:38,20260921,1,4,6-3-4,218.0
2026-09-21 16:39:38,20260921,1,4,6-3-5,700.2
2026-09-21 16:39:38,20260921,1,4,6-4-1,366.7
2026-09-21 16:39:38,20260921,1,4,6-4-2,372.7
2026-09-21 16:39:38,20260921,1,4,6-4-3,218.0
2026-09-21 16:39:38,20260921,1,4,6-4-5,268.7
2026-09-21 16:39:38,20260921,1,4,6-5-1,796.8
2026-09-21 16:39:38,20260921,1,4,6-5-2,796.8
2026-09-21 16:39:38,20260921,1,4,6-5-3,825.2
2026-09-21 16:39:38,20260921,1,4,6-5-4,436.0
2026-09-21 16:39:47,20260921,16,12,1-2-3,6.8
2026-09-21 16:39:47,20260921,16,12,1-2-4,9.5
2026-09-21 16:39:47,20260921,16,12,1-2-5,30.7
2026-09-21 16:39:47,20260921,16,12,1-2-6,23.3
2026-09-21 16:39:47,20260921,16,12,1-3-2,11.1
2026-09-21 16:39:47,20260921,16,12,1-3-4,12.8
2026-09-21 16:39:47,20260921,16,12,1-3-5,29.2
2026-09-21 16:39:47,20260921,16,12,1-3-6,28.6
2026-09-21 16:39:47,20260921,16,12,1-4-2,23.0
2026-09-21 16:39:47,20260921,16,12,1-4-3,25.9
2026-09-21 16:39:47,20260921,16,12,1-4-5,54.0
2026-09-21 16:39:47,20260921,16,12,1-4-6,44.3
2026-09-21 16:39:47,20260921,16,12,1-5-2,65.0
2026-09-21 16:39:47,20260921,16,12,1-5-3,71.1
2026-09-21 16:39:47,20260921,16,12,1-5-4,100.1
2026-09-21 16:39:47,20260921,16,12,1-5-6,85.9
2026-09-21 16:39:47,20260921,16,12,1-6-2,60.3
2026-09-21 16:39:47,20260921,16,12,1-6-3,65.6
2026-09-21 16:39:47,20260921,16,12,1-6-4,93.7
2026-09-21 16:39:47,20260921,16,12,1-6-5,126.3
2026-09-21 16:39:47,20260921,16,12,2-1-3,25.3
2026-09-21 16:39:47,20260921,16,12,2-1-4,36.0
2026-09-21 16:39:47,20260921,16,12,2-1-5,71.5
2026-09-21 16:39:47,20260921,16,12,2-1-6,61.2
2026-09-21 16:39:47,20260921,16,12,2-3-1,60.6
2026-09-21 16:39:47,20260921,16,12,2-3-4,88.8
2026-09-21 16:39:47,20260921,16,12,2-3-5,156.9
2026-09-21 16:39:47,20260921,16,12,2-3-6,130.6
2026-09-21 16:39:47,20260921,16,12,2-4-1,92.5
2026-09-21 16:39:47,20260921,16,12,2-4-3,124.2
2026-09-21 16:39:47,20260921,16,12,2-4-5,214.6
2026-09-21 16:39:47,20260921,16,12,2-4-6,147.0
2026-09-21 16:39:47,20260921,16,12,2-5-1,237.3
2026-09-21 16:39:47,20260921,16,12,2-5-3,356.0
2026-09-21 16:39:47,20260921,16,12,2-5-4,351.7
2026-09-21 16:39:47,20260921,16,12,2-5-6,242.2
2026-09-21 16:39:47,20260921,16,12,2-6-1,190.8
2026-09-21 16:39:47,20260921,16,12,2-6-3,217.8
2026-09-21 16:39:47,20260921,16,12,2-6-4,223.7
2026-09-21 16:39:47,20260921,16,12,2-6-5,379.1
2026-09-21 16:39:47,20260921,16,12,3-1-2,45.8
2026-09-21 16:39:47,20260921,16,12,3-1-4,52.5
2026-09-21 16:39:47,20260921,16,12,3-1-5,88.0
2026-09-21 16:39:47,20260921,16,12,3-1-6,113.1
2026-09-21 16:39:47,20260921,16,12,3-2-1,76.9
2026-09-21 16:39:47,20260921,16,12,3-2-4,125.8
2026-09-21 16:39:47,20260921,16,12,3-2-5,249.5
2026-09-21 16:39:47,20260921,16,12,3-2-6,193.9
2026-09-21 16:39:47,20260921,16,12,3-4-1,102.0
2026-09-21 16:39:47,20260921,16,12,3-4-2,141.7
2026-09-21 16:39:47,20260921,16,12,3-4-5,202.0
2026-09-21 16:39:47,20260921,16,12,3-4-6,186.5
2026-09-21 16:39:47,20260921,16,12,3-5-1,210.7
2026-09-21 16:39:47,20260921,16,12,3-5-2,276.7
2026-09-21 16:39:47,20260921,16,12,3-5-4,279.3
2026-09-21 16:39:47,20260921,16,12,3-5-6,290.4
2026-09-21 16:39:47,20260921,16,12,3-6-1,248.4
2026-09-21 16:39:47,20260921,16,12,3-6-2,257.2
2026-09-21 16:39:47,20260921,16,12,3-6-4,313.9
2026-09-21 16:39:47,20260921,16,12,3-6-5,317.3
2026-09-21 16:39:47,20260921,16,12,4-1-2,112.9
2026-09-21 16:39:47,20260921,16,12,4-1-3,120.8
2026-09-21 16:39:47,20260921,16,12,4-1-5,205.5
2026-09-21 16:39:47,20260921,16,12,4-1-6,192.0
2026-09-21 16:39:47,20260921,16,12,4-2-1,160.4
2026-09-21 16:39:47,20260921,16,12,4-2-3,193.9
2026-09-21 16:39:47,20260921,16,12,4-2-5,300.9
2026-09-21 16:39:47,20260921,16,12,4-2-6,204.1
2026-09-21 16:39:47,20260921,16,12,4-3-1,158.6
2026-09-21 16:39:47,20260921,16,12,4-3-2,210.0
2026-09-21 16:39:47,20260921,16,12,4-3-5,276.7
2026-09-21 16:39:47,20260921,16,12,4-3-6,264.2
2026-09-21 16:39:47,20260921,16,12,4-5-1,278.0
2026-09-21 16:39:47,20260921,16,12,4-5-2,374.2
2026-09-21 16:39:47,20260921,16,12,4-5-3,297.8
2026-09-21 16:39:47,20260921,16,12,4-5-6,210.7
2026-09-21 16:39:47,20260921,16,12,4-6-1,347.5
2026-09-21 16:39:47,20260921,16,12,4-6-2,228.0
2026-09-21 16:39:47,20260921,16,12,4-6-3,337.5
2026-09-21 16:39:47,20260921,16,12,4-6-5,272.8
2026-09-21 16:39:47,20260921,16,12,5-1-2,223.7
2026-09-21 16:39:47,20260921,16,12,5-1-3,233.5
2026-09-21 16:39:47,20260921,16,12,5-1-4,351.7
2026-09-21 16:39:47,20260921,16,12,5-1-6,286.2
2026-09-21 16:39:47,20260921,16,12,5-2-1,322.5
2026-09-21 16:39:47,20260921,16,12,5-2-3,439.0
2026-09-21 16:39:47,20260921,16,12,5-2-4,405.4
2026-09-21 16:39:47,20260921,16,12,5-2-6,423.1
2026-09-21 16:39:47,20260921,16,12,5-3-1,326.1
2026-09-21 16:39:47,20260921,16,12,5-3-2,494.8
2026-09-21 16:39:47,20260921,16,12,5-3-4,432.5
2026-09-21 16:39:47,20260921,16,12,5-3-6,470.8
2026-09-21 16:39:47,20260921,16,12,5-4-1,439.0
2026-09-21 16:39:47,20260921,16,12,5-4-2,452.6
2026-09-21 16:39:47,20260921,16,12,5-4-3,442.3
2026-09-21 16:39:47,20260921,16,12,5-4-6,260.6
2026-09-21 16:39:47,20260921,16,12,5-6-1,456.1
2026-09-21 16:39:47,20260921,16,12,5-6-2,381.6
2026-09-21 16:39:47,20260921,16,12,5-6-3,490.6
2026-09-21 16:39:47,20260921,16,12,5-6-4,337.5
2026-09-21 16:39:47,20260921,16,12,6-1-2,246.3
2026-09-21 16:39:47,20260921,16,12,6-1-3,341.4
2026-09-21 16:39:47,20260921,16,12,6-1-4,399.9
2026-09-21 16:39:47,20260921,16,12,6-1-5,507.7
2026-09-21 16:39:47,20260921,16,12,6-2-1,356.0
2026-09-21 16:39:47,20260921,16,12,6-2-3,374.2
2026-09-21 16:39:47,20260921,16,12,6-2-4,374.2
2026-09-21 16:39:47,20260921,16,12,6-2-5,550.8
2026-09-21 16:39:47,20260921,16,12,6-3-1,432.5
2026-09-21 16:39:47,20260921,16,12,6-3-2,449.1
2026-09-21 16:39:47,20260921,16,12,6-3-4,420.0
2026-09-21 16:39:47,20260921,16,12,6-3-5,530.8
2026-09-21 16:39:47,20260921,16,12,6-4-1,452.6
2026-09-21 16:39:47,20260921,16,12,6-4-2,369.5
2026-09-21 16:39:47,20260921,16,12,6-4-3,490.6
2026-09-21 16:39:47,20260921,16,12,6-4-5,371.8
2026-09-21 16:39:47,20260921,16,12,6-5-1,452.6
2026-09-21 16:39:47,20260921,16,12,6-5-2,583.8
2026-09-21 16:39:47,20260921,16,12,6-5-3,516.7
2026-09-21 16:39:47,20260921,16,12,6-5-4,324.3
2026-09-21 16:53:18,20260921,6,12,1-2-3,31.0
2026-09-21 16:53:18,20260921,6,12,1-2-4,46.1
2026-09-21 16:53:18,20260921,6,12,1-2-5,80.2
2026-09-21 16:53:18,20260921,6,12,1-2-6,109.2
2026-09-21 16:53:18,20260921,6,12,1-3-2,15.2
2026-09-21 16:53:18,20260921,6,12,1-3-4,5.8
2026-09-21 16:53:18,20260921,6,12,1-3-5,8.3
2026-09-21 16:53:18,20260921,6,12,1-3-6,14.2
2026-09-21 16:53:18,20260921,6,12,1-4-2,63.8
2026-09-21 16:53:18,20260921,6,12,1-4-3,15.9
2026-09-21 16:53:18,20260921,6,12,1-4-5,29.0
2026-09-21 16:53:18,20260921,6,12,1-4-6,55.1
2026-09-21 16:53:18,20260921,6,12,1-5-2,123.6
2026-09-21 16:53:18,20260921,6,12,1-5-3,34.6
2026-09-21 16:53:18,20260921,6,12,1-5-4,74.8
2026-09-21 16:53:18,20260921,6,12,1-5-6,80.3
2026-09-21 16:53:18,20260921,6,12,1-6-2,112.9
2026-09-21 16:53:18,20260921,6,12,1-6-3,41.3
2026-09-21 16:53:18,20260921,6,12,1-6-4,104.7
2026-09-21 16:53:18,20260921,6,12,1-6-5,85.0
2026-09-21 16:53:18,20260921,6,12,2-1-3,127.8
2026-09-21 16:53:18,20260921,6,12,2-1-4,208.7
2026-09-21 16:53:18,20260921,6,12,2-1-5,177.9
2026-09-21 16:53:18,20260921,6,12,2-1-6,250.3
2026-09-21 16:53:18,20260921,6,12,2-3-1,194.9
2026-09-21 16:53:18,20260921,6,12,2-3-4,184.0
2026-09-21 16:53:18,20260921,6,12,2-3-5,288.2
2026-09-21 16:53:18,20260921,6,12,2-3-6,454.4
2026-09-21 16:53:18,20260921,6,12,2-4-1,454.4
2026-09-21 16:53:18,20260921,6,12,2-4-3,263.7
2026-09-21 16:53:18,20260921,6,12,2-4-5,476.4
2026-09-21 16:53:18,20260921,6,12,2-4-6,573.6
2026-09-21 16:53:18,20260921,6,12,2-5-1,422.0
2026-09-21 16:53:18,20260921,6,12,2-5-3,480.3
2026-09-21 16:53:18,20260921,6,12,2-5-4,720.5
2026-09-21 16:53:18,20260921,6,12,2-5-6,547.0
2026-09-21 16:53:18,20260921,6,12,2-6-1,527.5
2026-09-21 16:53:18,20260921,6,12,2-6-3,492.3
2026-09-21 16:53:18,20260921,6,12,2-6-4,635.2
2026-09-21 16:53:18,20260921,6,12,2-6-5,480.3
2026-09-21 16:53:18,20260921,6,12,3-1-2,37.4
2026-09-21 16:53:18,20260921,6,12,3-1-4,16.9
2026-09-21 16:53:18,20260921,6,12,3-1-5,18.0
2026-09-21 16:53:18,20260921,6,12,3-1-6,31.5
2026-09-21 16:53:18,20260921,6,12,3-2-1,127.8
2026-09-21 16:53:18,20260921,6,12,3-2-4,153.8
2026-09-21 16:53:18,20260921,6,12,3-2-5,151.1
2026-09-21 16:53:18,20260921,6,12,3-2-6,286.8
2026-09-21 16:53:18,20260921,6,12,3-4-1,44.3
2026-09-21 16:53:18,20260921,6,12,3-4-2,119.8
2026-09-21 16:53:18,20260921,6,12,3-4-5,60.9
2026-09-21 16:53:18,20260921,6,12,3-4-6,82.0
2026-09-21 16:53:18,20260921,6,12,3-5-1,73.2
2026-09-21 16:53:18,20260921,6,12,3-5-2,180.6
2026-09-21 16:53:18,20260921,6,12,3-5-4,92.7
2026-09-21 16:53:18,20260921,6,12,3-5-6,111.6
2026-09-21 16:53:18,20260921,6,12,3-6-1,101.3
2026-09-21 16:53:18,20260921,6,12,3-6-2,298.3
2026-09-21 16:53:18,20260921,6,12,3-6-4,166.9
2026-09-21 16:53:18,20260921,6,12,3-6-5,151.8
2026-09-21 16:53:18,20260921,6,12,4-1-2,245.1
2026-09-21 16:53:18,20260921,6,12,4-1-3,61.2
2026-09-21 16:53:18,20260921,6,12,4-1-5,94.2
2026-09-21 16:53:18,20260921,6,12,4-1-6,157.9
2026-09-21 16:53:18,20260921,6,12,4-2-1,679.1
2026-09-21 16:53:18,20260921,6,12,4-2-3,269.7
2026-09-21 16:53:18,20260921,6,12,4-2-5,472.6
2026-09-21 16:53:18,20260921,6,12,4-2-6,568.1
2026-09-21 16:53:18,20260921,6,12,4-3-1,67.4
2026-09-21 16:53:18,20260921,6,12,4-3-2,208.0
2026-09-21 16:53:18,20260921,6,12,4-3-5,137.4
2026-09-21 16:53:18,20260921,6,12,4-3-6,205.8
2026-09-21 16:53:18,20260921,6,12,4-5-1,177.9
2026-09-21 16:53:18,20260921,6,12,4-5-2,407.4
2026-09-21 16:53:18,20260921,6,12,4-5-3,183.4
2026-09-21 16:53:18,20260921,6,12,4-5-6,235.3
2026-09-21 16:53:18,20260921,6,12,4-6-1,261.4
2026-09-21 16:53:18,20260921,6,12,4-6-2,562.6
2026-09-21 16:53:18,20260921,6,12,4-6-3,422.0
2026-09-21 16:53:18,20260921,6,12,4-6-5,328.2
2026-09-21 16:53:18,20260921,6,12,5-1-2,233.5
2026-09-21 16:53:18,20260921,6,12,5-1-3,153.0
2026-09-21 16:53:18,20260921,6,12,5-1-4,333.8
2026-09-21 16:53:18,20260921,6,12,5-1-6,381.1
2026-09-21 16:53:18,20260921,6,12,5-2-1,345.5
2026-09-21 16:53:18,20260921,6,12,5-2-3,468.9
2026-09-21 16:53:18,20260921,6,12,5-2-4,642.2
2026-09-21 16:53:18,20260921,6,12,5-2-6,584.9
2026-09-21 16:53:18,20260921,6,12,5-3-1,173.7
2026-09-21 16:53:18,20260921,6,12,5-3-2,465.2
2026-09-21 16:53:18,20260921,6,12,5-3-4,249.2
2026-09-21 16:53:18,20260921,6,12,5-3-6,383.6
2026-09-21 16:53:18,20260921,6,12,5-4-1,364.7
2026-09-21 16:53:18,20260921,6,12,5-4-2,832.1
2026-09-21 16:53:18,20260921,6,12,5-4-3,261.4
2026-09-21 16:53:18,20260921,6,12,5-4-6,472.6
2026-09-21 16:53:18,20260921,6,12,5-6-1,484.2
2026-09-21 16:53:18,20260921,6,12,5-6-2,557.3
2026-09-21 16:53:18,20260921,6,12,5-6-3,428.1
2026-09-21 16:53:18,20260921,6,12,5-6-4,596.7
2026-09-21 16:53:18,20260921,6,12,6-1-2,434.4
2026-09-21 16:53:18,20260921,6,12,6-1-3,213.2
2026-09-21 16:53:18,20260921,6,12,6-1-4,590.8
2026-09-21 16:53:18,20260921,6,12,6-1-5,663.8
2026-09-21 16:53:18,20260921,6,12,6-2-1,747.8
2026-09-21 16:53:18,20260921,6,12,6-2-3,757.4
2026-09-21 16:53:18,20260921,6,12,6-2-4,952.9
2026-09-21 16:53:18,20260921,6,12,6-2-5,908.9
2026-09-21 16:53:18,20260921,6,12,6-3-1,253.5
2026-09-21 16:53:18,20260921,6,12,6-3-2,856.2
2026-09-21 16:53:18,20260921,6,12,6-3-4,413.1
2026-09-21 16:53:18,20260921,6,12,6-3-5,513.7
2026-09-21 16:53:18,20260921,6,12,6-4-1,757.4
2026-09-21 16:53:18,20260921,6,12,6-4-2,952.9
2026-09-21 16:53:18,20260921,6,12,6-4-3,787.7
2026-09-21 16:53:18,20260921,6,12,6-4-5,757.4
2026-09-21 16:53:18,20260921,6,12,6-5-1,711.8
2026-09-21 16:53:18,20260921,6,12,6-5-2,952.9
2026-09-21 16:53:18,20260921,6,12,6-5-3,663.8
2026-09-21 16:53:18,20260921,6,12,6-5-4,809.3
2026-09-21 16:56:07,20260921,12,5,1-2-3,32.9
2026-09-21 16:56:07,20260921,12,5,1-2-4,18.4
2026-09-21 16:56:07,20260921,12,5,1-2-5,68.0
2026-09-21 16:56:07,20260921,12,5,1-2-6,12.7
2026-09-21 16:56:07,20260921,12,5,1-3-2,43.2
2026-09-21 16:56:07,20260921,12,5,1-3-4,42.6
2026-09-21 16:56:07,20260921,12,5,1-3-5,95.7
2026-09-21 16:56:07,20260921,12,5,1-3-6,32.3
2026-09-21 16:56:07,20260921,12,5,1-4-2,26.2
2026-09-21 16:56:07,20260921,12,5,1-4-3,42.4
2026-09-21 16:56:07,20260921,12,5,1-4-5,81.7
2026-09-21 16:56:07,20260921,12,5,1-4-6,12.4
2026-09-21 16:56:07,20260921,12,5,1-5-2,123.3
2026-09-21 16:56:07,20260921,12,5,1-5-3,168.6
2026-09-21 16:56:07,20260921,12,5,1-5-4,157.8
2026-09-21 16:56:07,20260921,12,5,1-5-6,80.5
2026-09-21 16:56:07,20260921,12,5,1-6-2,13.1
2026-09-21 16:56:07,20260921,12,5,1-6-3,29.9
2026-09-21 16:56:07,20260921,12,5,1-6-4,12.1
2026-09-21 16:56:07,20260921,12,5,1-6-5,49.0
2026-09-21 16:56:07,20260921,12,5,2-1-3,100.9
2026-09-21 16:56:07,20260921,12,5,2-1-4,82.9
2026-09-21 16:56:07,20260921,12,5,2-1-5,246.6
2026-09-21 16:56:07,20260921,12,5,2-1-6,57.0
2026-09-21 16:56:07,20260921,12,5,2-3-1,216.8
2026-09-21 16:56:07,20260921,12,5,2-3-4,207.6
2026-09-21 16:56:07,20260921,12,5,2-3-5,398.5
2026-09-21 16:56:07,20260921,12,5,2-3-6,259.6
2026-09-21 16:56:07,20260921,12,5,2-4-1,136.0
2026-09-21 16:56:07,20260921,12,5,2-4-3,209.9
2026-09-21 16:56:07,20260921,12,5,2-4-5,499.5
2026-09-21 16:56:07,20260921,12,5,2-4-6,90.5
2026-09-21 16:56:07,20260921,12,5,2-5-1,365.3
2026-09-21 16:56:07,20260921,12,5,2-5-3,424.3
2026-09-21 16:56:07,20260921,12,5,2-5-4,597.8
2026-09-21 16:56:07,20260921,12,5,2-5-6,176.9
2026-09-21 16:56:07,20260921,12,5,2-6-1,85.4
2026-09-21 16:56:07,20260921,12,5,2-6-3,219.2
2026-09-21 16:56:07,20260921,12,5,2-6-4,109.6
2026-09-21 16:56:07,20260921,12,5,2-6-5,157.2
2026-09-21 16:56:07,20260921,12,5,3-1-2,136.5
2026-09-21 16:56:07,20260921,12,5,3-1-4,124.0
2026-09-21 16:56:07,20260921,12,5,3-1-5,166.5
2026-09-21 16:56:07,20260921,12,5,3-1-6,108.4
2026-09-21 16:56:07,20260921,12,5,3-2-1,229.4
2026-09-21 16:56:07,20260921,12,5,3-2-4,221.6
2026-09-21 16:56:07,20260921,12,5,3-2-5,358.7
2026-09-21 16:56:07,20260921,12,5,3-2-6,226.7
2026-09-21 16:56:07,20260921,12,5,3-4-1,218.0
2026-09-21 16:56:07,20260921,12,5,3-4-2,205.5
2026-09-21 16:56:07,20260921,12,5,3-4-5,296.7
2026-09-21 16:56:07,20260921,12,5,3-4-6,141.9
2026-09-21 16:56:07,20260921,12,5,3-5-1,331.6
2026-09-21 16:56:07,20260921,12,5,3-5-2,334.4
2026-09-21 16:56:07,20260921,12,5,3-5-4,315.6
2026-09-21 16:56:07,20260921,12,5,3-5-6,292.3
2026-09-21 16:56:07,20260921,12,5,3-6-1,171.5
2026-09-21 16:56:07,20260921,12,5,3-6-2,242.0
2026-09-21 16:56:07,20260921,12,5,3-6-4,151.7
2026-09-21 16:56:07,20260921,12,5,3-6-5,303.5
2026-09-21 16:56:07,20260921,12,5,4-1-2,115.0
2026-09-21 16:56:07,20260921,12,5,4-1-3,157.8
2026-09-21 16:56:07,20260921,12,5,4-1-5,153.5
2026-09-21 16:56:07,20260921,12,5,4-1-6,37.7
2026-09-21 16:56:07,20260921,12,5,4-2-1,149.4
2026-09-21 16:56:07,20260921,12,5,4-2-3,249.7
2026-09-21 16:56:07,20260921,12,5,4-2-5,256.2
2026-09-21 16:56:07,20260921,12,5,4-2-6,85.4
2026-09-21 16:56:07,20260921,12,5,4-3-1,234.8
2026-09-21 16:56:07,20260921,12,5,4-3-2,230.7
2026-09-21 16:56:07,20260921,12,5,4-3-5,386.8
2026-09-21 16:56:07,20260921,12,5,4-3-6,187.9
2026-09-21 16:56:07,20260921,12,5,4-5-1,256.2
2026-09-21 16:56:07,20260921,12,5,4-5-2,343.1
2026-09-21 16:56:07,20260921,12,5,4-5-3,386.8
2026-09-21 16:56:07,20260921,12,5,4-5-6,119.2
2026-09-21 16:56:07,20260921,12,5,4-6-1,32.5
2026-09-21 16:56:07,20260921,12,5,4-6-2,64.6
2026-09-21 16:56:07,20260921,12,5,4-6-3,133.3
2026-09-21 16:56:07,20260921,12,5,4-6-5,91.3
2026-09-21 16:56:07,20260921,12,5,5-1-2,352.3
2026-09-21 16:56:07,20260921,12,5,5-1-3,259.6
2026-09-21 16:56:07,20260921,12,5,5-1-4,438.4
2026-09-21 16:56:07,20260921,12,5,5-1-6,191.5
2026-09-21 16:56:07,20260921,12,5,5-2-1,448.4
2026-09-21 16:56:07,20260921,12,5,5-2-3,657.6
2026-09-21 16:56:07,20260921,12,5,5-2-4,730.7
2026-09-21 16:56:07,20260921,12,5,5-2-6,200.3
2026-09-21 16:56:07,20260921,12,5,5-3-1,597.8
2026-09-21 16:56:07,20260921,12,5,5-3-2,822.1
2026-09-21 16:56:07,20260921,12,5,5-3-4,571.9
2026-09-21 16:56:07,20260921,12,5,5-3-6,519.2
2026-09-21 16:56:07,20260921,12,5,5-4-1,481.2
2026-09-21 16:56:07,20260921,12,5,5-4-2,519.2
2026-09-21 16:56:07,20260921,12,5,5-4-3,730.7
2026-09-21 16:56:07,20260921,12,5,5-4-6,208.7
2026-09-21 16:56:07,20260921,12,5,5-6-1,224.2
2026-09-21 16:56:07,20260921,12,5,5-6-2,182.6
2026-09-21 16:56:07,20260921,12,5,5-6-3,443.3
2026-09-21 16:56:07,20260921,12,5,5-6-4,167.9
2026-09-21 16:56:07,20260921,12,5,6-1-2,38.0
2026-09-21 16:56:07,20260921,12,5,6-1-3,83.9
2026-09-21 16:56:07,20260921,12,5,6-1-4,35.6
2026-09-21 16:56:07,20260921,12,5,6-1-5,111.4
2026-09-21 16:56:07,20260921,12,5,6-2-1,66.5
2026-09-21 16:56:07,20260921,12,5,6-2-3,193.4
2026-09-21 16:56:07,20260921,12,5,6-2-4,71.8
2026-09-21 16:56:07,20260921,12,5,6-2-5,137.0
2026-09-21 16:56:07,20260921,12,5,6-3-1,174.6
2026-09-21 16:56:07,20260921,12,5,6-3-2,251.3
2026-09-21 16:56:07,20260921,12,5,6-3-4,156.5
2026-09-21 16:56:07,20260921,12,5,6-3-5,290.1
2026-09-21 16:56:07,20260921,12,5,6-4-1,44.6
2026-09-21 16:56:07,20260921,12,5,6-4-2,71.2
2026-09-21 16:56:07,20260921,12,5,6-4-3,139.4
2026-09-21 16:56:07,20260921,12,5,6-4-5,125.2
2026-09-21 16:56:07,20260921,12,5,6-5-1,177.7
2026-09-21 16:56:07,20260921,12,5,6-5-2,172.3
2026-09-21 16:56:07,20260921,12,5,6-5-3,411.0
2026-09-21 16:56:07,20260921,12,5,6-5-4,153.5
2026-09-21 16:58:55,20260921,15,5,1-2-3,26.3
2026-09-21 16:58:55,20260921,15,5,1-2-4,85.0
2026-09-21 16:58:55,20260921,15,5,1-2-5,26.9
2026-09-21 16:58:55,20260921,15,5,1-2-6,57.0
2026-09-21 16:58:55,20260921,15,5,1-3-2,24.7
2026-09-21 16:58:55,20260921,15,5,1-3-4,54.6
2026-09-21 16:58:55,20260921,15,5,1-3-5,13.6
2026-09-21 16:58:55,20260921,15,5,1-3-6,40.9
2026-09-21 16:58:55,20260921,15,5,1-4-2,108.1
2026-09-21 16:58:55,20260921,15,5,1-4-3,89.6
2026-09-21 16:58:55,20260921,15,5,1-4-5,113.0
2026-09-21 16:58:55,20260921,15,5,1-4-6,120.2
2026-09-21 16:58:55,20260921,15,5,1-5-2,27.4
2026-09-21 16:58:55,20260921,15,5,1-5-3,16.1
2026-09-21 16:58:55,20260921,15,5,1-5-4,73.3
2026-09-21 16:58:55,20260921,15,5,1-5-6,32.1
2026-09-21 16:58:55,20260921,15,5,1-6-2,94.8
2026-09-21 16:58:55,20260921,15,5,1-6-3,95.9
2026-09-21 16:58:55,20260921,15,5,1-6-4,133.9
2026-09-21 16:58:55,20260921,15,5,1-6-5,78.0
2026-09-21 16:58:55,20260921,15,5,2-1-3,54.0
2026-09-21 16:58:55,20260921,15,5,2-1-4,115.7
2026-09-21 16:58:55,20260921,15,5,2-1-5,65.0
2026-09-21 16:58:55,20260921,15,5,2-1-6,72.5
2026-09-21 16:58:55,20260921,15,5,2-3-1,63.2
2026-09-21 16:58:55,20260921,15,5,2-3-4,185.3
2026-09-21 16:58:55,20260921,15,5,2-3-5,69.2
2026-09-21 16:58:55,20260921,15,5,2-3-6,116.8
2026-09-21 16:58:55,20260921,15,5,2-4-1,244.0
2026-09-21 16:58:55,20260921,15,5,2-4-3,347.1
2026-09-21 16:58:55,20260921,15,5,2-4-5,347.1
2026-09-21 16:58:55,20260921,15,5,2-4-6,226.1
2026-09-21 16:58:55,20260921,15,5,2-5-1,91.9
2026-09-21 16:58:55,20260921,15,5,2-5-3,79.0
2026-09-21 16:58:55,20260921,15,5,2-5-4,244.0
2026-09-21 16:58:55,20260921,15,5,2-5-6,82.7
2026-09-21 16:58:55,20260921,15,5,2-6-1,203.7
2026-09-21 16:58:55,20260921,15,5,2-6-3,228.2
2026-09-21 16:58:55,20260921,15,5,2-6-4,320.1
2026-09-21 16:58:55,20260921,15,5,2-6-5,148.5
2026-09-21 16:58:55,20260921,15,5,3-1-2,44.6
2026-09-21 16:58:55,20260921,15,5,3-1-4,85.5
2026-09-21 16:58:55,20260921,15,5,3-1-5,21.0
2026-09-21 16:58:55,20260921,15,5,3-1-6,43.4
2026-09-21 16:58:55,20260921,15,5,3-2-1,65.7
2026-09-21 16:58:55,20260921,15,5,3-2-4,191.0
2026-09-21 16:58:55,20260921,15,5,3-2-5,61.3
2026-09-21 16:58:55,20260921,15,5,3-2-6,98.2
2026-09-21 16:58:55,20260921,15,5,3-4-1,241.6
2026-09-21 16:58:55,20260921,15,5,3-4-2,276.9
2026-09-21 16:58:55,20260921,15,5,3-4-5,194.1
2026-09-21 16:58:55,20260921,15,5,3-4-6,203.7
2026-09-21 16:58:55,20260921,15,5,3-5-1,27.5
2026-09-21 16:58:55,20260921,15,5,3-5-2,40.5
2026-09-21 16:58:55,20260921,15,5,3-5-4,119.0
2026-09-21 16:58:55,20260921,15,5,3-5-6,23.3
2026-09-21 16:58:55,20260921,15,5,3-6-1,79.2
2026-09-21 16:58:55,20260921,15,5,3-6-2,103.5
2026-09-21 16:58:55,20260921,15,5,3-6-4,163.2
2026-09-21 16:58:55,20260921,15,5,3-6-5,42.7
2026-09-21 16:58:55,20260921,15,5,4-1-2,312.0
2026-09-21 16:58:55,20260921,15,5,4-1-3,256.7
2026-09-21 16:58:55,20260921,15,5,4-1-5,155.0
2026-09-21 16:58:55,20260921,15,5,4-1-6,155.0
2026-09-21 16:58:55,20260921,15,5,4-2-1,333.1
2026-09-21 16:58:55,20260921,15,5,4-2-3,385.1
2026-09-21 16:58:55,20260921,15,5,4-2-5,324.3
2026-09-21 16:58:55,20260921,15,5,4-2-6,342.3
2026-09-21 16:58:55,20260921,15,5,4-3-1,270.8
2026-09-21 16:58:55,20260921,15,5,4-3-2,616.2
2026-09-21 16:58:55,20260921,15,5,4-3-5,357.2
2026-09-21 16:58:55,20260921,15,5,4-3-6,352.1
2026-09-21 16:58:55,20260921,15,5,4-5-1,362.5
2026-09-21 16:58:55,20260921,15,5,4-5-2,465.1
2026-09-21 16:58:55,20260921,15,5,4-5-3,425.0
2026-09-21 16:58:55,20260921,15,5,4-5-6,249.0
2026-09-21 16:58:55,20260921,15,5,4-6-1,397.5
2026-09-21 16:58:55,20260921,15,5,4-6-2,141.6
2026-09-21 16:58:55,20260921,15,5,4-6-3,560.2
2026-09-21 16:58:55,20260921,15,5,4-6-5,385.1
2026-09-21 16:58:55,20260921,15,5,5-1-2,64.5
2026-09-21 16:58:55,20260921,15,5,5-1-3,38.6
2026-09-21 16:58:55,20260921,15,5,5-1-4,153.1
2026-09-21 16:58:55,20260921,15,5,5-1-6,54.9
2026-09-21 16:58:55,20260921,15,5,5-2-1,118.5
2026-09-21 16:58:55,20260921,15,5,5-2-3,100.2
2026-09-21 16:58:55,20260921,15,5,5-2-4,290.0
2026-09-21 16:58:55,20260921,15,5,5-2-6,88.0
2026-09-21 16:58:55,20260921,15,5,5-3-1,53.3
2026-09-21 16:58:55,20260921,15,5,5-3-2,112.5
2026-09-21 16:58:55,20260921,15,5,5-3-4,308.1
2026-09-21 16:58:55,20260921,15,5,5-3-6,55.0
2026-09-21 16:58:55,20260921,15,5,5-4-1,342.3
2026-09-21 16:58:55,20260921,15,5,5-4-2,316.0
2026-09-21 16:58:55,20260921,15,5,5-4-3,404.1
2026-09-21 16:58:55,20260921,15,5,5-4-6,352.1
2026-09-21 16:58:55,20260921,15,5,5-6-1,95.5
2026-09-21 16:58:55,20260921,15,5,5-6-2,91.3
2026-09-21 16:58:55,20260921,15,5,5-6-3,76.5
2026-09-21 16:58:55,20260921,15,5,5-6-4,220.0
2026-09-21 16:58:55,20260921,15,5,6-1-2,241.6
2026-09-21 16:58:55,20260921,15,5,6-1-3,286.6
2026-09-21 16:58:55,20260921,15,5,6-1-4,425.0
2026-09-21 16:58:55,20260921,15,5,6-1-5,160.0
2026-09-21 16:58:55,20260921,15,5,6-2-1,333.1
2026-09-21 16:58:55,20260921,15,5,6-2-3,347.1
2026-09-21 16:58:55,20260921,15,5,6-2-4,448.2
2026-09-21 16:58:55,20260921,15,5,6-2-5,152.1
2026-09-21 16:58:55,20260921,15,5,6-3-1,316.0
2026-09-21 16:58:55,20260921,15,5,6-3-2,342.3
2026-09-21 16:58:55,20260921,15,5,6-3-4,573.2
2026-09-21 16:58:55,20260921,15,5,6-3-5,137.7
2026-09-21 16:58:55,20260921,15,5,6-4-1,547.8
2026-09-21 16:58:55,20260921,15,5,6-4-2,586.9
2026-09-21 16:58:55,20260921,15,5,6-4-3,747.0
2026-09-21 16:58:55,20260921,15,5,6-4-5,601.2
2026-09-21 16:58:55,20260921,15,5,6-5-1,152.1
2026-09-21 16:58:55,20260921,15,5,6-5-2,129.0
2026-09-21 16:58:55,20260921,15,5,6-5-3,125.1
2026-09-21 16:58:55,20260921,15,5,6-5-4,448.2
2026-09-21 17:07:02,20260921,1,5,1-2-3,34.3
2026-09-21 17:07:02,20260921,1,5,1-2-4,28.4
2026-09-21 17:07:02,20260921,1,5,1-2-5,86.1
2026-09-21 17:07:02,20260921,1,5,1-2-6,20.2
2026-09-21 17:07:02,20260921,1,5,1-3-2,49.6
2026-09-21 17:07:02,20260921,1,5,1-3-4,49.7
2026-09-21 17:07:02,20260921,1,5,1-3-5,141.2
2026-09-21 17:07:02,20260921,1,5,1-3-6,55.8
2026-09-21 17:07:02,20260921,1,5,1-4-2,50.7
2026-09-21 17:07:02,20260921,1,5,1-4-3,70.8
2026-09-21 17:07:02,20260921,1,5,1-4-5,161.3
2026-09-21 17:07:02,20260921,1,5,1-4-6,48.3
2026-09-21 17:07:02,20260921,1,5,1-5-2,201.4
2026-09-21 17:07:02,20260921,1,5,1-5-3,199.9
2026-09-21 17:07:02,20260921,1,5,1-5-4,251.7
2026-09-21 17:07:02,20260921,1,5,1-5-6,183.1
2026-09-21 17:07:02,20260921,1,5,1-6-2,30.1
2026-09-21 17:07:02,20260921,1,5,1-6-3,56.0
2026-09-21 17:07:02,20260921,1,5,1-6-4,54.6
2026-09-21 17:07:02,20260921,1,5,1-6-5,153.6
2026-09-21 17:07:02,20260921,1,5,2-1-3,39.4
2026-09-21 17:07:02,20260921,1,5,2-1-4,34.6
2026-09-21 17:07:02,20260921,1,5,2-1-5,110.7
2026-09-21 17:07:02,20260921,1,5,2-1-6,11.9
2026-09-21 17:07:02,20260921,1,5,2-3-1,67.8
2026-09-21 17:07:02,20260921,1,5,2-3-4,69.6
2026-09-21 17:07:02,20260921,1,5,2-3-5,163.3
2026-09-21 17:07:02,20260921,1,5,2-3-6,45.5
2026-09-21 17:07:02,20260921,1,5,2-4-1,56.7
2026-09-21 17:07:02,20260921,1,5,2-4-3,75.1
2026-09-21 17:07:02,20260921,1,5,2-4-5,191.5
2026-09-21 17:07:02,20260921,1,5,2-4-6,25.3
2026-09-21 17:07:02,20260921,1,5,2-5-1,221.9
2026-09-21 17:07:02,20260921,1,5,2-5-3,228.5
2026-09-21 17:07:02,20260921,1,5,2-5-4,281.7
2026-09-21 17:07:02,20260921,1,5,2-5-6,164.8
2026-09-21 17:07:02,20260921,1,5,2-6-1,32.1
2026-09-21 17:07:02,20260921,1,5,2-6-3,44.5
2026-09-21 17:07:02,20260921,1,5,2-6-4,31.0
2026-09-21 17:07:02,20260921,1,5,2-6-5,129.1
2026-09-21 17:07:02,20260921,1,5,3-1-2,79.1
2026-09-21 17:07:02,20260921,1,5,3-1-4,78.8
2026-09-21 17:07:02,20260921,1,5,3-1-5,120.3
2026-09-21 17:07:02,20260921,1,5,3-1-6,77.6
2026-09-21 17:07:02,20260921,1,5,3-2-1,105.1
2026-09-21 17:07:02,20260921,1,5,3-2-4,102.0
2026-09-21 17:07:02,20260921,1,5,3-2-5,197.7
2026-09-21 17:07:02,20260921,1,5,3-2-6,73.2
2026-09-21 17:07:02,20260921,1,5,3-4-1,155.8
2026-09-21 17:07:02,20260921,1,5,3-4-2,131.6
2026-09-21 17:07:02,20260921,1,5,3-4-5,321.8
2026-09-21 17:07:02,20260921,1,5,3-4-6,101.4
2026-09-21 17:07:02,20260921,1,5,3-5-1,270.5
2026-09-21 17:07:02,20260921,1,5,3-5-2,314.3
2026-09-21 17:07:02,20260921,1,5,3-5-4,435.0
2026-09-21 17:07:02,20260921,1,5,3-5-6,375.0
2026-09-21 17:07:02,20260921,1,5,3-6-1,116.9
2026-09-21 17:07:02,20260921,1,5,3-6-2,81.7
2026-09-21 17:07:02,20260921,1,5,3-6-4,124.7
2026-09-21 17:07:02,20260921,1,5,3-6-5,346.4
2026-09-21 17:07:02,20260921,1,5,4-1-2,67.4
2026-09-21 17:07:02,20260921,1,5,4-1-3,121.6
2026-09-21 17:07:02,20260921,1,5,4-1-5,121.6
2026-09-21 17:07:02,20260921,1,5,4-1-6,50.6
2026-09-21 17:07:02,20260921,1,5,4-2-1,75.6
2026-09-21 17:07:02,20260921,1,5,4-2-3,114.7
2026-09-21 17:07:02,20260921,1,5,4-2-5,189.5
2026-09-21 17:07:02,20260921,1,5,4-2-6,33.4
2026-09-21 17:07:02,20260921,1,5,4-3-1,194.2
2026-09-21 17:07:02,20260921,1,5,4-3-2,164.8
2026-09-21 17:07:02,20260921,1,5,4-3-5,380.3
2026-09-21 17:07:02,20260921,1,5,4-3-6,132.6
2026-09-21 17:07:02,20260921,1,5,4-5-1,189.5
2026-09-21 17:07:02,20260921,1,5,4-5-2,254.1
2026-09-21 17:07:02,20260921,1,5,4-5-3,477.0
2026-09-21 17:07:02,20260921,1,5,4-5-6,123.8
2026-09-21 17:07:02,20260921,1,5,4-6-1,53.8
2026-09-21 17:07:02,20260921,1,5,4-6-2,33.2
2026-09-21 17:07:02,20260921,1,5,4-6-3,88.0
2026-09-21 17:07:02,20260921,1,5,4-6-5,111.4
2026-09-21 17:07:02,20260921,1,5,5-1-2,402.8
2026-09-21 17:07:02,20260921,1,5,5-1-3,394.1
2026-09-21 17:07:02,20260921,1,5,5-1-4,312.5
2026-09-21 17:07:02,20260921,1,5,5-1-6,239.5
2026-09-21 17:07:02,20260921,1,5,5-2-1,549.3
2026-09-21 17:07:02,20260921,1,5,5-2-3,449.4
2026-09-21 17:07:02,20260921,1,5,5-2-4,485.5
2026-09-21 17:07:02,20260921,1,5,5-2-6,494.4
2026-09-21 17:07:02,20260921,1,5,5-3-1,566.5
2026-09-21 17:07:02,20260921,1,5,5-3-2,597.6
2026-09-21 17:07:02,20260921,1,5,5-3-4,921.8
2026-09-21 17:07:02,20260921,1,5,5-3-6,824.0
2026-09-21 17:07:02,20260921,1,5,5-4-1,421.6
2026-09-21 17:07:02,20260921,1,5,5-4-2,554.9
2026-09-21 17:07:02,20260921,1,5,5-4-3,1045.0
2026-09-21 17:07:02,20260921,1,5,5-4-6,435.0
2026-09-21 17:07:02,20260921,1,5,5-6-1,273.3
2026-09-21 17:07:02,20260921,1,5,5-6-2,513.0
2026-09-21 17:07:02,20260921,1,5,5-6-3,937.7
2026-09-21 17:07:02,20260921,1,5,5-6-4,445.7
2026-09-21 17:07:02,20260921,1,5,6-1-2,44.8
2026-09-21 17:07:02,20260921,1,5,6-1-3,79.8
2026-09-21 17:07:02,20260921,1,5,6-1-4,87.0
2026-09-21 17:07:02,20260921,1,5,6-1-5,169.9
2026-09-21 17:07:02,20260921,1,5,6-2-1,55.4
2026-09-21 17:07:02,20260921,1,5,6-2-3,73.9
2026-09-21 17:07:02,20260921,1,5,6-2-4,55.1
2026-09-21 17:07:02,20260921,1,5,6-2-5,146.5
2026-09-21 17:07:02,20260921,1,5,6-3-1,153.2
2026-09-21 17:07:02,20260921,1,5,6-3-2,114.2
2026-09-21 17:07:02,20260921,1,5,6-3-4,177.7
2026-09-21 17:07:02,20260921,1,5,6-3-5,468.8
2026-09-21 17:07:02,20260921,1,5,6-4-1,99.6
2026-09-21 17:07:02,20260921,1,5,6-4-2,59.1
2026-09-21 17:07:02,20260921,1,5,6-4-3,156.2
2026-09-21 17:07:02,20260921,1,5,6-4-5,213.2
2026-09-21 17:07:02,20260921,1,5,6-5-1,321.8
2026-09-21 17:07:02,20260921,1,5,6-5-2,477.0
2026-09-21 17:07:02,20260921,1,5,6-5-3,697.2
2026-09-21 17:07:02,20260921,1,5,6-5-4,339.9
2026-09-21 17:17:33,20260921,12,6,1-2-3,81.0
2026-09-21 17:17:33,20260921,12,6,1-2-4,119.4
2026-09-21 17:17:33,20260921,12,6,1-2-5,79.0
2026-09-21 17:17:33,20260921,12,6,1-2-6,150.7
2026-09-21 17:17:33,20260921,12,6,1-3-2,86.4
2026-09-21 17:17:33,20260921,12,6,1-3-4,103.7
2026-09-21 17:17:33,20260921,12,6,1-3-5,51.5
2026-09-21 17:17:33,20260921,12,6,1-3-6,145.9
2026-09-21 17:17:33,20260921,12,6,1-4-2,122.6
2026-09-21 17:17:33,20260921,12,6,1-4-3,171.5
2026-09-21 17:17:33,20260921,12,6,1-4-5,187.5
2026-09-21 17:17:33,20260921,12,6,1-4-6,188.6
2026-09-21 17:17:33,20260921,12,6,1-5-2,95.7
2026-09-21 17:17:33,20260921,12,6,1-5-3,80.8
2026-09-21 17:17:33,20260921,12,6,1-5-4,174.3
2026-09-21 17:17:33,20260921,12,6,1-5-6,152.8
2026-09-21 17:17:33,20260921,12,6,1-6-2,253.9
2026-09-21 17:17:33,20260921,12,6,1-6-3,182.2
2026-09-21 17:17:33,20260921,12,6,1-6-4,201.5
2026-09-21 17:17:33,20260921,12,6,1-6-5,282.9
2026-09-21 17:17:33,20260921,12,6,2-1-3,116.0
2026-09-21 17:17:33,20260921,12,6,2-1-4,162.0
2026-09-21 17:17:33,20260921,12,6,2-1-5,142.7
2026-09-21 17:17:33,20260921,12,6,2-1-6,199.0
2026-09-21 17:17:33,20260921,12,6,2-3-1,107.8
2026-09-21 17:17:33,20260921,12,6,2-3-4,59.2
2026-09-21 17:17:33,20260921,12,6,2-3-5,17.8
2026-09-21 17:17:33,20260921,12,6,2-3-6,83.3
2026-09-21 17:17:33,20260921,12,6,2-4-1,266.5
2026-09-21 17:17:33,20260921,12,6,2-4-3,91.3
2026-09-21 17:17:33,20260921,12,6,2-4-5,88.3
2026-09-21 17:17:33,20260921,12,6,2-4-6,213.6
2026-09-21 17:17:33,20260921,12,6,2-5-1,122.1
2026-09-21 17:17:33,20260921,12,6,2-5-3,20.6
2026-09-21 17:17:33,20260921,12,6,2-5-4,89.3
2026-09-21 17:17:33,20260921,12,6,2-5-6,72.3
2026-09-21 17:17:33,20260921,12,6,2-6-1,586.4
2026-09-21 17:17:33,20260921,12,6,2-6-3,255.9
2026-09-21 17:17:33,20260921,12,6,2-6-4,346.8
2026-09-21 17:17:33,20260921,12,6,2-6-5,220.9
2026-09-21 17:17:33,20260921,12,6,3-1-2,103.3
2026-09-21 17:17:33,20260921,12,6,3-1-4,130.5
2026-09-21 17:17:33,20260921,12,6,3-1-5,45.4
2026-09-21 17:17:33,20260921,12,6,3-1-6,189.7
2026-09-21 17:17:33,20260921,12,6,3-2-1,106.4
2026-09-21 17:17:33,20260921,12,6,3-2-4,49.1
2026-09-21 17:17:33,20260921,12,6,3-2-5,14.1
2026-09-21 17:17:33,20260921,12,6,3-2-6,74.3
2026-09-21 17:17:33,20260921,12,6,3-4-1,220.9
2026-09-21 17:17:33,20260921,12,6,3-4-2,80.2
2026-09-21 17:17:33,20260921,12,6,3-4-5,36.6
2026-09-21 17:17:33,20260921,12,6,3-4-6,107.8
2026-09-21 17:17:33,20260921,12,6,3-5-1,47.9
2026-09-21 17:17:33,20260921,12,6,3-5-2,10.8
2026-09-21 17:17:33,20260921,12,6,3-5-4,20.3
2026-09-21 17:17:33,20260921,12,6,3-5-6,17.7
2026-09-21 17:17:33,20260921,12,6,3-6-1,250.0
2026-09-21 17:17:33,20260921,12,6,3-6-2,144.6
2026-09-21 17:17:33,20260921,12,6,3-6-4,159.6
2026-09-21 17:17:33,20260921,12,6,3-6-5,60.9
2026-09-21 17:17:33,20260921,12,6,4-1-2,310.1
2026-09-21 17:17:33,20260921,12,6,4-1-3,266.5
2026-09-21 17:17:33,20260921,12,6,4-1-5,285.4
2026-09-21 17:17:33,20260921,12,6,4-1-6,354.4
2026-09-21 17:17:33,20260921,12,6,4-2-1,379.4
2026-09-21 17:17:33,20260921,12,6,4-2-3,260.1
2026-09-21 17:17:33,20260921,12,6,4-2-5,189.7
2026-09-21 17:17:33,20260921,12,6,4-2-6,258.0
2026-09-21 17:17:33,20260921,12,6,4-3-1,350.5
2026-09-21 17:17:33,20260921,12,6,4-3-2,248.1
2026-09-21 17:17:33,20260921,12,6,4-3-5,86.2
2026-09-21 17:17:33,20260921,12,6,4-3-6,275.6
2026-09-21 17:17:33,20260921,12,6,4-5-1,366.5
2026-09-21 17:17:33,20260921,12,6,4-5-2,178.1
2026-09-21 17:17:33,20260921,12,6,4-5-3,92.1
2026-09-21 17:17:33,20260921,12,6,4-5-6,136.6
2026-09-21 17:17:33,20260921,12,6,4-6-1,575.9
2026-09-21 17:17:33,20260921,12,6,4-6-2,316.2
2026-09-21 17:17:33,20260921,12,6,4-6-3,383.9
2026-09-21 17:17:33,20260921,12,6,4-6-5,273.3
2026-09-21 17:17:33,20260921,12,6,5-1-2,176.2
2026-09-21 17:17:33,20260921,12,6,5-1-3,92.1
2026-09-21 17:17:33,20260921,12,6,5-1-4,313.1
2026-09-21 17:17:33,20260921,12,6,5-1-6,141.4
2026-09-21 17:17:33,20260921,12,6,5-2-1,156.5
2026-09-21 17:17:33,20260921,12,6,5-2-3,25.7
2026-09-21 17:17:33,20260921,12,6,5-2-4,105.4
2026-09-21 17:17:33,20260921,12,6,5-2-6,83.7
2026-09-21 17:17:33,20260921,12,6,5-3-1,66.7
2026-09-21 17:17:33,20260921,12,6,5-3-2,18.3
2026-09-21 17:17:33,20260921,12,6,5-3-4,30.2
2026-09-21 17:17:33,20260921,12,6,5-3-6,21.8
2026-09-21 17:17:33,20260921,12,6,5-4-1,287.9
2026-09-21 17:17:33,20260921,12,6,5-4-2,144.6
2026-09-21 17:17:33,20260921,12,6,5-4-3,58.8
2026-09-21 17:17:33,20260921,12,6,5-4-6,155.0
2026-09-21 17:17:33,20260921,12,6,5-6-1,167.1
2026-09-21 17:17:33,20260921,12,6,5-6-2,114.3
2026-09-21 17:17:33,20260921,12,6,5-6-3,45.6
2026-09-21 17:17:33,20260921,12,6,5-6-4,135.5
2026-09-21 17:17:33,20260921,12,6,6-1-2,537.5
2026-09-21 17:17:33,20260921,12,6,6-1-3,546.6
2026-09-21 17:17:33,20260921,12,6,6-1-4,645.0
2026-09-21 17:17:33,20260921,12,6,6-1-5,435.8
2026-09-21 17:17:33,20260921,12,6,6-2-1,895.9
2026-09-21 17:17:33,20260921,12,6,6-2-3,546.6
2026-09-21 17:17:33,20260921,12,6,6-2-4,671.9
2026-09-21 17:17:33,20260921,12,6,6-2-5,447.9
2026-09-21 17:17:33,20260921,12,6,6-3-1,388.5
2026-09-21 17:17:33,20260921,12,6,6-3-2,511.9
2026-09-21 17:17:33,20260921,12,6,6-3-4,503.9
2026-09-21 17:17:33,20260921,12,6,6-3-5,173.4
2026-09-21 17:17:33,20260921,12,6,6-4-1,1040.0
2026-09-21 17:17:33,20260921,12,6,6-4-2,686.2
2026-09-21 17:17:33,20260921,12,6,6-4-3,871.7
2026-09-21 17:17:33,20260921,12,6,6-4-5,379.4
2026-09-21 17:17:33,20260921,12,6,6-5-1,339.5
2026-09-21 17:17:33,20260921,12,6,6-5-2,316.2
2026-09-21 17:17:33,20260921,12,6,6-5-3,131.6
2026-09-21 17:17:33,20260921,12,6,6-5-4,316.2
2026-09-21 17:28:06,20260921,15,6,1-2-3,24.4
2026-09-21 17:28:06,20260921,15,6,1-2-4,32.2
2026-09-21 17:28:06,20260921,15,6,1-2-5,100.1
2026-09-21 17:28:06,20260921,15,6,1-2-6,122.8
2026-09-21 17:28:06,20260921,15,6,1-3-2,18.7
2026-09-21 17:28:06,20260921,15,6,1-3-4,7.9
2026-09-21 17:28:06,20260921,15,6,1-3-5,53.0
2026-09-21 17:28:06,20260921,15,6,1-3-6,69.8
2026-09-21 17:28:06,20260921,15,6,1-4-2,31.0
2026-09-21 17:28:06,20260921,15,6,1-4-3,11.8
2026-09-21 17:28:06,20260921,15,6,1-4-5,121.2
2026-09-21 17:28:06,20260921,15,6,1-4-6,88.0
2026-09-21 17:28:06,20260921,15,6,1-5-2,213.5
2026-09-21 17:28:06,20260921,15,6,1-5-3,138.6
2026-09-21 17:28:06,20260921,15,6,1-5-4,229.8
2026-09-21 17:28:06,20260921,15,6,1-5-6,377.0
2026-09-21 17:28:06,20260921,15,6,1-6-2,238.9
2026-09-21 17:28:06,20260921,15,6,1-6-3,199.4
2026-09-21 17:28:06,20260921,15,6,1-6-4,212.6
2026-09-21 17:28:06,20260921,15,6,1-6-5,473.1
2026-09-21 17:28:06,20260921,15,6,2-1-3,83.3
2026-09-21 17:28:06,20260921,15,6,2-1-4,86.8
2026-09-21 17:28:06,20260921,15,6,2-1-5,265.1
2026-09-21 17:28:06,20260921,15,6,2-1-6,167.5
2026-09-21 17:28:06,20260921,15,6,2-3-1,109.4
2026-09-21 17:28:06,20260921,15,6,2-3-4,89.7
2026-09-21 17:28:06,20260921,15,6,2-3-5,194.6
2026-09-21 17:28:06,20260921,15,6,2-3-6,271.1
2026-09-21 17:28:06,20260921,15,6,2-4-1,125.6
2026-09-21 17:28:06,20260921,15,6,2-4-3,112.7
2026-09-21 17:28:06,20260921,15,6,2-4-5,412.5
2026-09-21 17:28:06,20260921,15,6,2-4-6,230.9
2026-09-21 17:28:06,20260921,15,6,2-5-1,574.5
2026-09-21 17:28:06,20260921,15,6,2-5-3,256.7
2026-09-21 17:28:06,20260921,15,6,2-5-4,689.5
2026-09-21 17:28:06,20260921,15,6,2-5-6,459.6
2026-09-21 17:28:06,20260921,15,6,2-6-1,861.8
2026-09-21 17:28:06,20260921,15,6,2-6-3,595.8
2026-09-21 17:28:06,20260921,15,6,2-6-4,451.0
2026-09-21 17:28:06,20260921,15,6,2-6-5,679.7
2026-09-21 17:28:06,20260921,15,6,3-1-2,29.7
2026-09-21 17:28:06,20260921,15,6,3-1-4,9.8
2026-09-21 17:28:06,20260921,15,6,3-1-5,69.0
2026-09-21 17:28:06,20260921,15,6,3-1-6,59.0
2026-09-21 17:28:06,20260921,15,6,3-2-1,54.4
2026-09-21 17:28:06,20260921,15,6,3-2-4,38.0
2026-09-21 17:28:06,20260921,15,6,3-2-5,134.8
2026-09-21 17:28:06,20260921,15,6,3-2-6,146.7
2026-09-21 17:28:06,20260921,15,6,3-4-1,11.5
2026-09-21 17:28:06,20260921,15,6,3-4-2,24.4
2026-09-21 17:28:06,20260921,15,6,3-4-5,47.2
2026-09-21 17:28:06,20260921,15,6,3-4-6,34.9
2026-09-21 17:28:06,20260921,15,6,3-5-1,177.4
2026-09-21 17:28:06,20260921,15,6,3-5-2,187.0
2026-09-21 17:28:06,20260921,15,6,3-5-4,132.2
2026-09-21 17:28:06,20260921,15,6,3-5-6,211.6
2026-09-21 17:28:06,20260921,15,6,3-6-1,227.6
2026-09-21 17:28:06,20260921,15,6,3-6-2,294.3
2026-09-21 17:28:06,20260921,15,6,3-6-4,115.4
2026-09-21 17:28:06,20260921,15,6,3-6-5,280.6
2026-09-21 17:28:06,20260921,15,6,4-1-2,52.9
2026-09-21 17:28:06,20260921,15,6,4-1-3,20.0
2026-09-21 17:28:06,20260921,15,6,4-1-5,153.2
2026-09-21 17:28:06,20260921,15,6,4-1-6,97.9
2026-09-21 17:28:06,20260921,15,6,4-2-1,97.3
2026-09-21 17:28:06,20260921,15,6,4-2-3,70.4
2026-09-21 17:28:06,20260921,15,6,4-2-5,225.5
2026-09-21 17:28:06,20260921,15,6,4-2-6,185.6
2026-09-21 17:28:06,20260921,15,6,4-3-1,19.4
2026-09-21 17:28:06,20260921,15,6,4-3-2,49.4
2026-09-21 17:28:06,20260921,15,6,4-3-5,92.6
2026-09-21 17:28:06,20260921,15,6,4-3-6,61.0
2026-09-21 17:28:06,20260921,15,6,4-5-1,285.5
2026-09-21 17:28:06,20260921,15,6,4-5-2,405.5
2026-09-21 17:28:06,20260921,15,6,4-5-3,207.1
2026-09-21 17:28:06,20260921,15,6,4-5-6,241.3
2026-09-21 17:28:06,20260921,15,6,4-6-1,274.2
2026-09-21 17:28:06,20260921,15,6,4-6-2,196.2
2026-09-21 17:28:06,20260921,15,6,4-6-3,187.0
2026-09-21 17:28:06,20260921,15,6,4-6-5,357.5
2026-09-21 17:28:06,20260921,15,6,5-1-2,518.9
2026-09-21 17:28:06,20260921,15,6,5-1-3,464.0
2026-09-21 17:28:06,20260921,15,6,5-1-4,542.3
2026-09-21 17:28:06,20260921,15,6,5-1-6,497.5
2026-09-21 17:28:06,20260921,15,6,5-2-1,791.2
2026-09-21 17:28:06,20260921,15,6,5-2-3,518.9
2026-09-21 17:28:06,20260921,15,6,5-2-4,754.1
2026-09-21 17:28:06,20260921,15,6,5-2-6,554.7
2026-09-21 17:28:06,20260921,15,6,5-3-1,502.7
2026-09-21 17:28:06,20260921,15,6,5-3-2,588.6
2026-09-21 17:28:06,20260921,15,6,5-3-4,459.6
2026-09-21 17:28:06,20260921,15,6,5-3-6,581.5
2026-09-21 17:28:06,20260921,15,6,5-4-1,709.7
2026-09-21 17:28:06,20260921,15,6,5-4-2,766.1
2026-09-21 17:28:06,20260921,15,6,5-4-3,482.6
2026-09-21 17:28:06,20260921,15,6,5-4-6,626.8
2026-09-21 17:28:06,20260921,15,6,5-6-1,832.1
2026-09-21 17:28:06,20260921,15,6,5-6-2,635.0
2026-09-21 17:28:06,20260921,15,6,5-6-3,574.5
2026-09-21 17:28:06,20260921,15,6,5-6-4,603.3
2026-09-21 17:28:06,20260921,15,6,6-1-2,861.8
2026-09-21 17:28:06,20260921,15,6,6-1-3,626.8
2026-09-21 17:28:06,20260921,15,6,6-1-4,679.7
2026-09-21 17:28:06,20260921,15,6,6-1-5,1026.0
2026-09-21 17:28:06,20260921,15,6,6-2-1,1049.0
2026-09-21 17:28:06,20260921,15,6,6-2-3,928.1
2026-09-21 17:28:06,20260921,15,6,6-2-4,720.3
2026-09-21 17:28:06,20260921,15,6,6-2-5,965.3
2026-09-21 17:28:06,20260921,15,6,6-3-1,893.8
2026-09-21 17:28:06,20260921,15,6,6-3-2,818.0
2026-09-21 17:28:06,20260921,15,6,6-3-4,309.3
2026-09-21 17:28:06,20260921,15,6,6-3-5,910.6
2026-09-21 17:28:06,20260921,15,6,6-4-1,832.1
2026-09-21 17:28:06,20260921,15,6,6-4-2,709.7
2026-09-21 17:28:06,20260921,15,6,6-4-3,427.1
2026-09-21 17:28:06,20260921,15,6,6-4-5,832.1
2026-09-21 17:28:06,20260921,15,6,6-5-1,1556.0
2026-09-21 17:28:06,20260921,15,6,6-5-2,928.1
2026-09-21 17:28:06,20260921,15,6,6-5-3,946.3
2026-09-21 17:28:06,20260921,15,6,6-5-4,778.4
2026-09-21 17:33:34,20260921,1,6,1-2-3,26.5
2026-09-21 17:33:34,20260921,1,6,1-2-4,52.8
2026-09-21 17:33:34,20260921,1,6,1-2-5,57.8
2026-09-21 17:33:34,20260921,1,6,1-2-6,44.7
2026-09-21 17:33:34,20260921,1,6,1-3-2,14.2
2026-09-21 17:33:34,20260921,1,6,1-3-4,7.0
2026-09-21 17:33:34,20260921,1,6,1-3-5,7.4
2026-09-21 17:33:34,20260921,1,6,1-3-6,12.9
2026-09-21 17:33:34,20260921,1,6,1-4-2,51.7
2026-09-21 17:33:34,20260921,1,6,1-4-3,18.2
2026-09-21 17:33:34,20260921,1,6,1-4-5,33.8
2026-09-21 17:33:34,20260921,1,6,1-4-6,31.7
2026-09-21 17:33:34,20260921,1,6,1-5-2,81.8
2026-09-21 17:33:34,20260921,1,6,1-5-3,23.0
2026-09-21 17:33:34,20260921,1,6,1-5-4,47.8
2026-09-21 17:33:34,20260921,1,6,1-5-6,53.1
2026-09-21 17:33:34,20260921,1,6,1-6-2,82.4
2026-09-21 17:33:34,20260921,1,6,1-6-3,49.2
2026-09-21 17:33:34,20260921,1,6,1-6-4,69.3
2026-09-21 17:33:34,20260921,1,6,1-6-5,97.1
2026-09-21 17:33:34,20260921,1,6,2-1-3,100.7
2026-09-21 17:33:34,20260921,1,6,2-1-4,188.0
2026-09-21 17:33:34,20260921,1,6,2-1-5,151.4
2026-09-21 17:33:34,20260921,1,6,2-1-6,165.8
2026-09-21 17:33:34,20260921,1,6,2-3-1,213.8
2026-09-21 17:33:34,20260921,1,6,2-3-4,277.8
2026-09-21 17:33:34,20260921,1,6,2-3-5,296.7
2026-09-21 17:33:34,20260921,1,6,2-3-6,316.0
2026-09-21 17:33:34,20260921,1,6,2-4-1,346.1
2026-09-21 17:33:34,20260921,1,6,2-4-3,372.7
2026-09-21 17:33:34,20260921,1,6,2-4-5,419.3
2026-09-21 17:33:34,20260921,1,6,2-4-6,234.4
2026-09-21 17:33:34,20260921,1,6,2-5-1,233.2
2026-09-21 17:33:34,20260921,1,6,2-5-3,354.6
2026-09-21 17:33:34,20260921,1,6,2-5-4,389.4
2026-09-21 17:33:34,20260921,1,6,2-5-6,270.9
2026-09-21 17:33:34,20260921,1,6,2-6-1,267.5
2026-09-21 17:33:34,20260921,1,6,2-6-3,396.5
2026-09-21 17:33:34,20260921,1,6,2-6-4,427.6
2026-09-21 17:33:34,20260921,1,6,2-6-5,360.4
2026-09-21 17:33:34,20260921,1,6,3-1-2,51.7
2026-09-21 17:33:34,20260921,1,6,3-1-4,28.9
2026-09-21 17:33:34,20260921,1,6,3-1-5,25.4
2026-09-21 17:33:34,20260921,1,6,3-1-6,46.4
2026-09-21 17:33:34,20260921,1,6,3-2-1,144.4
2026-09-21 17:33:34,20260921,1,6,3-2-4,214.8
2026-09-21 17:33:34,20260921,1,6,3-2-5,167.7
2026-09-21 17:33:34,20260921,1,6,3-2-6,229.5
2026-09-21 17:33:34,20260921,1,6,3-4-1,80.6
2026-09-21 17:33:34,20260921,1,6,3-4-2,191.2
2026-09-21 17:33:34,20260921,1,6,3-4-5,102.8
2026-09-21 17:33:34,20260921,1,6,3-4-6,127.5
2026-09-21 17:33:34,20260921,1,6,3-5-1,73.8
2026-09-21 17:33:34,20260921,1,6,3-5-2,193.8
2026-09-21 17:33:34,20260921,1,6,3-5-4,123.5
2026-09-21 17:33:34,20260921,1,6,3-5-6,138.0
2026-09-21 17:33:34,20260921,1,6,3-6-1,145.3
2026-09-21 17:33:34,20260921,1,6,3-6-2,313.7
2026-09-21 17:33:34,20260921,1,6,3-6-4,220.2
2026-09-21 17:33:34,20260921,1,6,3-6-5,245.0
2026-09-21 17:33:34,20260921,1,6,4-1-2,203.8
2026-09-21 17:33:34,20260921,1,6,4-1-3,92.0
2026-09-21 17:33:34,20260921,1,6,4-1-5,109.3
2026-09-21 17:33:34,20260921,1,6,4-1-6,114.4
2026-09-21 17:33:34,20260921,1,6,4-2-1,316.0
2026-09-21 17:33:34,20260921,1,6,4-2-3,474.0
2026-09-21 17:33:34,20260921,1,6,4-2-5,366.5
2026-09-21 17:33:34,20260921,1,6,4-2-6,203.8
2026-09-21 17:33:34,20260921,1,6,4-3-1,144.9
2026-09-21 17:33:34,20260921,1,6,4-3-2,513.1
2026-09-21 17:33:34,20260921,1,6,4-3-5,211.7
2026-09-21 17:33:34,20260921,1,6,4-3-6,202.8
2026-09-21 17:33:34,20260921,1,6,4-5-1,132.1
2026-09-21 17:33:34,20260921,1,6,4-5-2,411.4
2026-09-21 17:33:34,20260921,1,6,4-5-3,249.2
2026-09-21 17:33:34,20260921,1,6,4-5-6,167.1
2026-09-21 17:33:34,20260921,1,6,4-6-1,252.1
2026-09-21 17:33:34,20260921,1,6,4-6-2,245.0
2026-09-21 17:33:34,20260921,1,6,4-6-3,338.1
2026-09-21 17:33:34,20260921,1,6,4-6-5,300.8
2026-09-21 17:33:34,20260921,1,6,5-1-2,205.7
2026-09-21 17:33:34,20260921,1,6,5-1-3,101.9
2026-09-21 17:33:34,20260921,1,6,5-1-4,165.2
2026-09-21 17:33:34,20260921,1,6,5-1-6,134.6
2026-09-21 17:33:34,20260921,1,6,5-2-1,283.2
2026-09-21 17:33:34,20260921,1,6,5-2-3,382.5
2026-09-21 17:33:34,20260921,1,6,5-2-4,552.1
2026-09-21 17:33:34,20260921,1,6,5-2-6,348.9
2026-09-21 17:33:34,20260921,1,6,5-3-1,152.5
2026-09-21 17:33:34,20260921,1,6,5-3-2,431.8
2026-09-21 17:33:34,20260921,1,6,5-3-4,267.5
2026-09-21 17:33:34,20260921,1,6,5-3-6,283.2
2026-09-21 17:33:34,20260921,1,6,5-4-1,227.1
2026-09-21 17:33:34,20260921,1,6,5-4-2,531.9
2026-09-21 17:33:34,20260921,1,6,5-4-3,330.4
2026-09-21 17:33:34,20260921,1,6,5-4-6,264.3
2026-09-21 17:33:34,20260921,1,6,5-6-1,264.3
2026-09-21 17:33:34,20260921,1,6,5-6-2,343.4
2026-09-21 17:33:34,20260921,1,6,5-6-3,376.0
2026-09-21 17:33:34,20260921,1,6,5-6-4,366.5
2026-09-21 17:33:34,20260921,1,6,6-1-2,300.8
2026-09-21 17:33:34,20260921,1,6,6-1-3,228.3
2026-09-21 17:33:34,20260921,1,6,6-1-4,323.0
2026-09-21 17:33:34,20260921,1,6,6-1-5,392.9
2026-09-21 17:33:34,20260921,1,6,6-2-1,431.8
2026-09-21 17:33:34,20260921,1,6,6-2-3,431.8
2026-09-21 17:33:34,20260921,1,6,6-2-4,545.2
2026-09-21 17:33:34,20260921,1,6,6-2-5,436.1
2026-09-21 17:33:34,20260921,1,6,6-3-1,343.4
2026-09-21 17:33:34,20260921,1,6,6-3-2,623.0
2026-09-21 17:33:34,20260921,1,6,6-3-4,396.5
2026-09-21 17:33:34,20260921,1,6,6-3-5,597.4
2026-09-21 17:33:34,20260921,1,6,6-4-1,495.6
2026-09-21 17:33:34,20260921,1,6,6-4-2,559.1
2026-09-21 17:33:34,20260921,1,6,6-4-3,559.1
2026-09-21 17:33:34,20260921,1,6,6-4-5,566.4
2026-09-21 17:33:34,20260921,1,6,6-5-1,589.4
2026-09-21 17:33:34,20260921,1,6,6-5-2,928.0
2026-09-21 17:33:34,20260921,1,6,6-5-3,614.3
2026-09-21 17:33:34,20260921,1,6,6-5-4,614.3
2026-09-21 17:49:13,20260921,12,7,1-2-3,24.2
2026-09-21 17:49:13,20260921,12,7,1-2-4,8.8
2026-09-21 17:49:13,20260921,12,7,1-2-5,24.4
2026-09-21 17:49:13,20260921,12,7,1-2-6,42.6
2026-09-21 17:49:13,20260921,12,7,1-3-2,90.7
2026-09-21 17:49:13,20260921,12,7,1-3-4,121.3
2026-09-21 17:49:13,20260921,12,7,1-3-5,146.5
2026-09-21 17:49:13,20260921,12,7,1-3-6,289.1
2026-09-21 17:49:13,20260921,12,7,1-4-2,21.7
2026-09-21 17:49:13,20260921,12,7,1-4-3,79.6
2026-09-21 17:49:13,20260921,12,7,1-4-5,73.4
2026-09-21 17:49:13,20260921,12,7,1-4-6,105.4
2026-09-21 17:49:13,20260921,12,7,1-5-2,83.7
2026-09-21 17:49:13,20260921,12,7,1-5-3,221.7
2026-09-21 17:49:13,20260921,12,7,1-5-4,152.7
2026-09-21 17:49:13,20260921,12,7,1-5-6,303.0
2026-09-21 17:49:13,20260921,12,7,1-6-2,210.1
2026-09-21 17:49:13,20260921,12,7,1-6-3,372.8
2026-09-21 17:49:13,20260921,12,7,1-6-4,288.0
2026-09-21 17:49:13,20260921,12,7,1-6-5,679.0
2026-09-21 17:49:13,20260921,12,7,2-1-3,19.7
2026-09-21 17:49:13,20260921,12,7,2-1-4,5.7
2026-09-21 17:49:13,20260921,12,7,2-1-5,16.5
2026-09-21 17:49:13,20260921,12,7,2-1-6,32.4
2026-09-21 17:49:13,20260921,12,7,2-3-1,63.1
2026-09-21 17:49:13,20260921,12,7,2-3-4,40.9
2026-09-21 17:49:13,20260921,12,7,2-3-5,100.7
2026-09-21 17:49:13,20260921,12,7,2-3-6,170.9
2026-09-21 17:49:13,20260921,12,7,2-4-1,8.6
2026-09-21 17:49:13,20260921,12,7,2-4-3,24.5
2026-09-21 17:49:13,20260921,12,7,2-4-5,16.7
2026-09-21 17:49:13,20260921,12,7,2-4-6,23.6
2026-09-21 17:49:13,20260921,12,7,2-5-1,52.3
2026-09-21 17:49:13,20260921,12,7,2-5-3,110.3
2026-09-21 17:49:13,20260921,12,7,2-5-4,42.4
2026-09-21 17:49:13,20260921,12,7,2-5-6,112.5
2026-09-21 17:49:13,20260921,12,7,2-6-1,163.5
2026-09-21 17:49:13,20260921,12,7,2-6-3,326.4
2026-09-21 17:49:13,20260921,12,7,2-6-4,139.0
2026-09-21 17:49:13,20260921,12,7,2-6-5,288.0
2026-09-21 17:49:13,20260921,12,7,3-1-2,273.5
2026-09-21 17:49:13,20260921,12,7,3-1-4,306.6
2026-09-21 17:49:13,20260921,12,7,3-1-5,371.0
2026-09-21 17:49:13,20260921,12,7,3-1-6,753.0
2026-09-21 17:49:13,20260921,12,7,3-2-1,367.4
2026-09-21 17:49:13,20260921,12,7,3-2-4,295.9
2026-09-21 17:49:13,20260921,12,7,3-2-5,437.1
2026-09-21 17:49:13,20260921,12,7,3-2-6,679.0
2026-09-21 17:49:13,20260921,12,7,3-4-1,655.6
2026-09-21 17:49:13,20260921,12,7,3-4-2,251.8
2026-09-21 17:49:13,20260921,12,7,3-4-5,950.7
2026-09-21 17:49:13,20260921,12,7,3-4-6,738.4
2026-09-21 17:49:13,20260921,12,7,3-5-1,655.6
2026-09-21 17:49:13,20260921,12,7,3-5-2,490.6
2026-09-21 17:49:13,20260921,12,7,3-5-4,1000.0
2026-09-21 17:49:13,20260921,12,7,3-5-6,905.4
2026-09-21 17:49:13,20260921,12,7,3-6-1,1521.0
2026-09-21 17:49:13,20260921,12,7,3-6-2,1188.0
2026-09-21 17:49:13,20260921,12,7,3-6-4,1226.0
2026-09-21 17:49:13,20260921,12,7,3-6-5,1728.0
2026-09-21 17:49:13,20260921,12,7,4-1-2,40.6
2026-09-21 17:49:13,20260921,12,7,4-1-3,184.1
2026-09-21 17:49:13,20260921,12,7,4-1-5,130.0
2026-09-21 17:49:13,20260921,12,7,4-1-6,167.1
2026-09-21 17:49:13,20260921,12,7,4-2-1,30.7
2026-09-21 17:49:13,20260921,12,7,4-2-3,108.4
2026-09-21 17:49:13,20260921,12,7,4-2-5,69.9
2026-09-21 17:49:13,20260921,12,7,4-2-6,90.7
2026-09-21 17:49:13,20260921,12,7,4-3-1,392.0
2026-09-21 17:49:13,20260921,12,7,4-3-2,257.8
2026-09-21 17:49:13,20260921,12,7,4-3-5,673.0
2026-09-21 17:49:13,20260921,12,7,4-3-6,760.5
2026-09-21 17:49:13,20260921,12,7,4-5-1,194.0
2026-09-21 17:49:13,20260921,12,7,4-5-2,131.3
2026-09-21 17:49:13,20260921,12,7,4-5-3,450.0
2026-09-21 17:49:13,20260921,12,7,4-5-6,259.5
2026-09-21 17:49:13,20260921,12,7,4-6-1,484.4
2026-09-21 17:49:13,20260921,12,7,4-6-2,255.2
2026-09-21 17:49:13,20260921,12,7,4-6-3,792.2
2026-09-21 17:49:13,20260921,12,7,4-6-5,490.6
2026-09-21 17:49:13,20260921,12,7,5-1-2,174.0
2026-09-21 17:49:13,20260921,12,7,5-1-3,382.1
2026-09-21 17:49:13,20260921,12,7,5-1-4,305.4
2026-09-21 17:49:13,20260921,12,7,5-1-6,439.6
2026-09-21 17:49:13,20260921,12,7,5-2-1,166.0
2026-09-21 17:49:13,20260921,12,7,5-2-3,358.7
2026-09-21 17:49:13,20260921,12,7,5-2-4,160.4
2026-09-21 17:49:13,20260921,12,7,5-2-6,291.4
2026-09-21 17:49:13,20260921,12,7,5-3-1,938.9
2026-09-21 17:49:13,20260921,12,7,5-3-2,717.5
2026-09-21 17:49:13,20260921,12,7,5-3-4,905.4
2026-09-21 17:49:13,20260921,12,7,5-3-6,1135.0
2026-09-21 17:49:13,20260921,12,7,5-4-1,347.2
2026-09-21 17:49:13,20260921,12,7,5-4-2,224.3
2026-09-21 17:49:13,20260921,12,7,5-4-3,679.0
2026-09-21 17:49:13,20260921,12,7,5-4-6,493.8
2026-09-21 17:49:13,20260921,12,7,5-6-1,975.0
2026-09-21 17:49:13,20260921,12,7,5-6-2,697.7
2026-09-21 17:49:13,20260921,12,7,5-6-3,1334.0
2026-09-21 17:49:13,20260921,12,7,5-6-4,835.7
2026-09-21 17:49:13,20260921,12,7,6-1-2,517.3
2026-09-21 17:49:13,20260921,12,7,6-1-3,1855.0
2026-09-21 17:49:13,20260921,12,7,6-1-4,1207.0
2026-09-21 17:49:13,20260921,12,7,6-1-5,2055.0
2026-09-21 17:49:13,20260921,12,7,6-2-1,623.4
2026-09-21 17:49:13,20260921,12,7,6-2-3,1382.0
2026-09-21 17:49:13,20260921,12,7,6-2-4,589.5
2026-09-21 17:49:13,20260921,12,7,6-2-5,1382.0
2026-09-21 17:49:13,20260921,12,7,6-3-1,2304.0
2026-09-21 17:49:13,20260921,12,7,6-3-2,1855.0
2026-09-21 17:49:13,20260921,12,7,6-3-4,1382.0
2026-09-21 17:49:13,20260921,12,7,6-3-5,2925.0
2026-09-21 17:49:13,20260921,12,7,6-4-1,1408.0
2026-09-21 17:49:13,20260921,12,7,6-4-2,628.5
2026-09-21 17:49:13,20260921,12,7,6-4-3,1810.0
2026-09-21 17:49:13,20260921,12,7,6-4-5,1267.0
2026-09-21 17:49:13,20260921,12,7,6-5-1,1950.0
2026-09-21 17:49:13,20260921,12,7,6-5-2,1358.0
2026-09-21 17:49:13,20260921,12,7,6-5-3,2622.0
2026-09-21 17:49:13,20260921,12,7,6-5-4,1289.0
2026-09-21 17:54:33,20260921,15,7,1-2-3,17.5
2026-09-21 17:54:33,20260921,15,7,1-2-4,11.7
2026-09-21 17:54:33,20260921,15,7,1-2-5,13.0
2026-09-21 17:54:33,20260921,15,7,1-2-6,9.1
2026-09-21 17:54:33,20260921,15,7,1-3-2,28.1
2026-09-21 17:54:33,20260921,15,7,1-3-4,43.1
2026-09-21 17:54:33,20260921,15,7,1-3-5,46.8
2026-09-21 17:54:33,20260921,15,7,1-3-6,35.8
2026-09-21 17:54:33,20260921,15,7,1-4-2,21.9
2026-09-21 17:54:33,20260921,15,7,1-4-3,59.6
2026-09-21 17:54:33,20260921,15,7,1-4-5,34.4
2026-09-21 17:54:33,20260921,15,7,1-4-6,26.9
2026-09-21 17:54:33,20260921,15,7,1-5-2,26.3
2026-09-21 17:54:33,20260921,15,7,1-5-3,65.1
2026-09-21 17:54:33,20260921,15,7,1-5-4,50.2
2026-09-21 17:54:33,20260921,15,7,1-5-6,23.9
2026-09-21 17:54:33,20260921,15,7,1-6-2,16.3
2026-09-21 17:54:33,20260921,15,7,1-6-3,50.1
2026-09-21 17:54:33,20260921,15,7,1-6-4,31.3
2026-09-21 17:54:33,20260921,15,7,1-6-5,27.0
2026-09-21 17:54:33,20260921,15,7,2-1-3,66.5
2026-09-21 17:54:33,20260921,15,7,2-1-4,50.1
2026-09-21 17:54:33,20260921,15,7,2-1-5,64.6
2026-09-21 17:54:33,20260921,15,7,2-1-6,41.2
2026-09-21 17:54:33,20260921,15,7,2-3-1,162.0
2026-09-21 17:54:33,20260921,15,7,2-3-4,309.8
2026-09-21 17:54:33,20260921,15,7,2-3-5,276.9
2026-09-21 17:54:33,20260921,15,7,2-3-6,293.5
2026-09-21 17:54:33,20260921,15,7,2-4-1,120.1
2026-09-21 17:54:33,20260921,15,7,2-4-3,314.8
2026-09-21 17:54:33,20260921,15,7,2-4-5,302.6
2026-09-21 17:54:33,20260921,15,7,2-4-6,192.3
2026-09-21 17:54:33,20260921,15,7,2-5-1,173.5
2026-09-21 17:54:33,20260921,15,7,2-5-3,339.5
2026-09-21 17:54:33,20260921,15,7,2-5-4,398.4
2026-09-21 17:54:33,20260921,15,7,2-5-6,179.1
2026-09-21 17:54:33,20260921,15,7,2-6-1,116.2
2026-09-21 17:54:33,20260921,15,7,2-6-3,271.1
2026-09-21 17:54:33,20260921,15,7,2-6-4,239.5
2026-09-21 17:54:33,20260921,15,7,2-6-5,171.2
2026-09-21 17:54:33,20260921,15,7,3-1-2,113.5
2026-09-21 17:54:33,20260921,15,7,3-1-4,123.1
2026-09-21 17:54:33,20260921,15,7,3-1-5,112.2
2026-09-21 17:54:33,20260921,15,7,3-1-6,102.2
2026-09-21 17:54:33,20260921,15,7,3-2-1,164.7
2026-09-21 17:54:33,20260921,15,7,3-2-4,235.2
2026-09-21 17:54:33,20260921,15,7,3-2-5,255.2
2026-09-21 17:54:33,20260921,15,7,3-2-6,216.9
2026-09-21 17:54:33,20260921,15,7,3-4-1,265.6
2026-09-21 17:54:33,20260921,15,7,3-4-2,345.5
2026-09-21 17:54:33,20260921,15,7,3-4-5,361.5
2026-09-21 17:54:33,20260921,15,7,3-4-6,233.8
2026-09-21 17:54:33,20260921,15,7,3-5-1,241.0
2026-09-21 17:54:33,20260921,15,7,3-5-2,262.0
2026-09-21 17:54:33,20260921,15,7,3-5-4,368.3
2026-09-21 17:54:33,20260921,15,7,3-5-6,227.0
2026-09-21 17:54:33,20260921,15,7,3-6-1,247.1
2026-09-21 17:54:33,20260921,15,7,3-6-2,339.5
2026-09-21 17:54:33,20260921,15,7,3-6-4,325.3
2026-09-21 17:54:33,20260921,15,7,3-6-5,309.8
2026-09-21 17:54:33,20260921,15,7,4-1-2,111.5
2026-09-21 17:54:33,20260921,15,7,4-1-3,248.7
2026-09-21 17:54:33,20260921,15,7,4-1-5,154.9
2026-09-21 17:54:33,20260921,15,7,4-1-6,101.1
2026-09-21 17:54:33,20260921,15,7,4-2-1,134.6
2026-09-21 17:54:33,20260921,15,7,4-2-3,375.4
2026-09-21 17:54:33,20260921,15,7,4-2-5,287.1
2026-09-21 17:54:33,20260921,15,7,4-2-6,269.2
2026-09-21 17:54:33,20260921,15,7,4-3-1,320.0
2026-09-21 17:54:33,20260921,15,7,4-3-2,619.7
2026-09-21 17:54:33,20260921,15,7,4-3-5,433.8
2026-09-21 17:54:33,20260921,15,7,4-3-6,379.0
2026-09-21 17:54:33,20260921,15,7,4-5-1,218.1
2026-09-21 17:54:33,20260921,15,7,4-5-2,300.3
2026-09-21 17:54:33,20260921,15,7,4-5-3,549.9
2026-09-21 17:54:33,20260921,15,7,4-5-6,189.5
2026-09-21 17:54:33,20260921,15,7,4-6-1,179.9
2026-09-21 17:54:33,20260921,15,7,4-6-2,152.5
2026-09-21 17:54:33,20260921,15,7,4-6-3,394.4
2026-09-21 17:54:33,20260921,15,7,4-6-5,218.1
2026-09-21 17:54:33,20260921,15,7,5-1-2,144.6
2026-09-21 17:54:33,20260921,15,7,5-1-3,208.8
2026-09-21 17:54:33,20260921,15,7,5-1-4,203.3
2026-09-21 17:54:33,20260921,15,7,5-1-6,92.7
2026-09-21 17:54:33,20260921,15,7,5-2-1,214.5
2026-09-21 17:54:33,20260921,15,7,5-2-3,371.8
2026-09-21 17:54:33,20260921,15,7,5-2-4,342.5
2026-09-21 17:54:33,20260921,15,7,5-2-6,199.2
2026-09-21 17:54:33,20260921,15,7,5-3-1,280.9
2026-09-21 17:54:33,20260921,15,7,5-3-2,454.0
2026-09-21 17:54:33,20260921,15,7,5-3-4,697.2
2026-09-21 17:54:33,20260921,15,7,5-3-6,415.3
2026-09-21 17:54:33,20260921,15,7,5-4-1,411.0
2026-09-21 17:54:33,20260921,15,7,5-4-2,591.6
2026-09-21 17:54:33,20260921,15,7,5-4-3,673.2
2026-09-21 17:54:33,20260921,15,7,5-4-6,328.1
2026-09-21 17:54:33,20260921,15,7,5-6-1,140.9
2026-09-21 17:54:33,20260921,15,7,5-6-2,238.0
2026-09-21 17:54:33,20260921,15,7,5-6-3,390.4
2026-09-21 17:54:33,20260921,15,7,5-6-4,322.6
2026-09-21 17:54:33,20260921,15,7,6-1-2,81.8
2026-09-21 17:54:33,20260921,15,7,6-1-3,174.3
2026-09-21 17:54:33,20260921,15,7,6-1-4,167.5
2026-09-21 17:54:33,20260921,15,7,6-1-5,100.6
2026-09-21 17:54:33,20260921,15,7,6-2-1,119.4
2026-09-21 17:54:33,20260921,15,7,6-2-3,424.4
2026-09-21 17:54:33,20260921,15,7,6-2-4,255.2
2026-09-21 17:54:33,20260921,15,7,6-2-5,247.1
2026-09-21 17:54:33,20260921,15,7,6-3-1,364.9
2026-09-21 17:54:33,20260921,15,7,6-3-2,459.3
2026-09-21 17:54:33,20260921,15,7,6-3-4,629.7
2026-09-21 17:54:33,20260921,15,7,6-3-5,565.8
2026-09-21 17:54:33,20260921,15,7,6-4-1,317.4
2026-09-21 17:54:33,20260921,15,7,6-4-2,429.0
2026-09-21 17:54:33,20260921,15,7,6-4-3,685.0
2026-09-21 17:54:33,20260921,15,7,6-4-5,494.2
2026-09-21 17:54:33,20260921,15,7,6-5-1,120.5
2026-09-21 17:54:33,20260921,15,7,6-5-2,223.1
2026-09-21 17:54:33,20260921,15,7,6-5-3,322.6
2026-09-21 17:54:33,20260921,15,7,6-5-4,295.8
2026-09-21 18:02:35,20260921,1,7,1-2-3,4.5
2026-09-21 18:02:35,20260921,1,7,1-2-4,47.8
2026-09-21 18:02:35,20260921,1,7,1-2-5,22.4
2026-09-21 18:02:35,20260921,1,7,1-2-6,115.8
2026-09-21 18:02:35,20260921,1,7,1-3-2,4.8
2026-09-21 18:02:35,20260921,1,7,1-3-4,35.5
2026-09-21 18:02:35,20260921,1,7,1-3-5,20.8
2026-09-21 18:02:35,20260921,1,7,1-3-6,110.2
2026-09-21 18:02:35,20260921,1,7,1-4-2,108.5
2026-09-21 18:02:35,20260921,1,7,1-4-3,147.4
2026-09-21 18:02:35,20260921,1,7,1-4-5,156.1
2026-09-21 18:02:35,20260921,1,7,1-4-6,309.2
2026-09-21 18:02:35,20260921,1,7,1-5-2,57.3
2026-09-21 18:02:35,20260921,1,7,1-5-3,57.5
2026-09-21 18:02:35,20260921,1,7,1-5-4,138.7
2026-09-21 18:02:35,20260921,1,7,1-5-6,368.5
2026-09-21 18:02:35,20260921,1,7,1-6-2,268.6
2026-09-21 18:02:35,20260921,1,7,1-6-3,288.1
2026-09-21 18:02:35,20260921,1,7,1-6-4,279.2
2026-09-21 18:02:35,20260921,1,7,1-6-5,592.4
2026-09-21 18:02:35,20260921,1,7,2-1-3,11.9
2026-09-21 18:02:35,20260921,1,7,2-1-4,86.4
2026-09-21 18:02:35,20260921,1,7,2-1-5,36.9
2026-09-21 18:02:35,20260921,1,7,2-1-6,184.2
2026-09-21 18:02:35,20260921,1,7,2-3-1,17.9
2026-09-21 18:02:35,20260921,1,7,2-3-4,130.9
2026-09-21 18:02:35,20260921,1,7,2-3-5,64.1
2026-09-21 18:02:35,20260921,1,7,2-3-6,292.1
2026-09-21 18:02:35,20260921,1,7,2-4-1,261.9
2026-09-21 18:02:35,20260921,1,7,2-4-3,344.5
2026-09-21 18:02:35,20260921,1,7,2-4-5,321.8
2026-09-21 18:02:35,20260921,1,7,2-4-6,384.2
2026-09-21 18:02:35,20260921,1,7,2-5-1,84.3
2026-09-21 18:02:35,20260921,1,7,2-5-3,116.5
2026-09-21 18:02:35,20260921,1,7,2-5-4,280.5
2026-09-21 18:02:35,20260921,1,7,2-5-6,377.3
2026-09-21 18:02:35,20260921,1,7,2-6-1,446.4
2026-09-21 18:02:35,20260921,1,7,2-6-3,681.6
2026-09-21 18:02:35,20260921,1,7,2-6-4,773.1
2026-09-21 18:02:35,20260921,1,7,2-6-5,546.5
2026-09-21 18:02:35,20260921,1,7,3-1-2,11.3
2026-09-21 18:02:35,20260921,1,7,3-1-4,54.0
2026-09-21 18:02:35,20260921,1,7,3-1-5,32.6
2026-09-21 18:02:35,20260921,1,7,3-1-6,107.9
2026-09-21 18:02:35,20260921,1,7,3-2-1,18.6
2026-09-21 18:02:35,20260921,1,7,3-2-4,132.3
2026-09-21 18:02:35,20260921,1,7,3-2-5,72.2
2026-09-21 18:02:35,20260921,1,7,3-2-6,293.4
2026-09-21 18:02:35,20260921,1,7,3-4-1,231.3
2026-09-21 18:02:35,20260921,1,7,3-4-2,280.5
2026-09-21 18:02:35,20260921,1,7,3-4-5,354.1
2026-09-21 18:02:35,20260921,1,7,3-4-6,354.1
2026-09-21 18:02:35,20260921,1,7,3-5-1,100.6
2026-09-21 18:02:35,20260921,1,7,3-5-2,121.2
2026-09-21 18:02:35,20260921,1,7,3-5-4,288.1
2026-09-21 18:02:35,20260921,1,7,3-5-6,462.7
2026-09-21 18:02:35,20260921,1,7,3-6-1,576.3
2026-09-21 18:02:35,20260921,1,7,3-6-2,737.1
2026-09-21 18:02:35,20260921,1,7,3-6-4,653.5
2026-09-21 18:02:35,20260921,1,7,3-6-5,932.2
2026-09-21 18:02:35,20260921,1,7,4-1-2,224.0
2026-09-21 18:02:35,20260921,1,7,4-1-3,245.7
2026-09-21 18:02:35,20260921,1,7,4-1-5,174.1
2026-09-21 18:02:35,20260921,1,7,4-1-6,356.1
2026-09-21 18:02:35,20260921,1,7,4-2-1,264.1
2026-09-21 18:02:35,20260921,1,7,4-2-3,398.7
2026-09-21 18:02:35,20260921,1,7,4-2-5,238.3
2026-09-21 18:02:35,20260921,1,7,4-2-6,306.2
2026-09-21 18:02:35,20260921,1,7,4-3-1,276.8
2026-09-21 18:02:35,20260921,1,7,4-3-2,495.2
2026-09-21 18:02:35,20260921,1,7,4-3-5,456.0
2026-09-21 18:02:35,20260921,1,7,4-3-6,541.8
2026-09-21 18:02:35,20260921,1,7,4-5-1,207.8
2026-09-21 18:02:35,20260921,1,7,4-5-2,342.6
2026-09-21 18:02:35,20260921,1,7,4-5-3,667.3
2026-09-21 18:02:35,20260921,1,7,4-5-6,411.6
2026-09-21 18:02:35,20260921,1,7,4-6-1,603.7
2026-09-21 18:02:35,20260921,1,7,4-6-2,511.2
2026-09-21 18:02:35,20260921,1,7,4-6-3,792.4
2026-09-21 18:02:35,20260921,1,7,4-6-5,763.7
2026-09-21 18:02:35,20260921,1,7,5-1-2,103.5
2026-09-21 18:02:35,20260921,1,7,5-1-3,139.6
2026-09-21 18:02:35,20260921,1,7,5-1-4,289.4
2026-09-21 18:02:35,20260921,1,7,5-1-6,370.7
2026-09-21 18:02:35,20260921,1,7,5-2-1,112.6
2026-09-21 18:02:35,20260921,1,7,5-2-3,173.6
2026-09-21 18:02:35,20260921,1,7,5-2-4,391.3
2026-09-21 18:02:35,20260921,1,7,5-2-6,566.0
2026-09-21 18:02:35,20260921,1,7,5-3-1,165.0
2026-09-21 18:02:35,20260921,1,7,5-3-2,193.2
2026-09-21 18:02:35,20260921,1,7,5-3-4,802.4
2026-09-21 18:02:35,20260921,1,7,5-3-6,856.6
2026-09-21 18:02:35,20260921,1,7,5-4-1,396.2
2026-09-21 18:02:35,20260921,1,7,5-4-2,532.7
2026-09-21 18:02:35,20260921,1,7,5-4-3,1022.0
2026-09-21 18:02:35,20260921,1,7,5-4-6,653.5
2026-09-21 18:02:35,20260921,1,7,5-6-1,681.6
2026-09-21 18:02:35,20260921,1,7,5-6-2,720.4
2026-09-21 18:02:35,20260921,1,7,5-6-3,1006.0
2026-09-21 18:02:35,20260921,1,7,5-6-4,905.6
2026-09-21 18:02:35,20260921,1,7,6-1-2,812.7
2026-09-21 18:02:35,20260921,1,7,6-1-3,880.4
2026-09-21 18:02:35,20260921,1,7,6-1-4,1074.0
2026-09-21 18:02:35,20260921,1,7,6-1-5,1348.0
2026-09-21 18:02:35,20260921,1,7,6-2-1,834.1
2026-09-21 18:02:35,20260921,1,7,6-2-3,792.4
2026-09-21 18:02:35,20260921,1,7,6-2-4,946.1
2026-09-21 18:02:35,20260921,1,7,6-2-5,674.4
2026-09-21 18:02:35,20260921,1,7,6-3-1,1408.0
2026-09-21 18:02:35,20260921,1,7,6-3-2,1056.0
2026-09-21 18:02:35,20260921,1,7,6-3-4,696.6
2026-09-21 18:02:35,20260921,1,7,6-3-5,1584.0
2026-09-21 18:02:35,20260921,1,7,6-4-1,1378.0
2026-09-21 18:02:35,20260921,1,7,6-4-2,1173.0
2026-09-21 18:02:35,20260921,1,7,6-4-3,1093.0
2026-09-21 18:02:35,20260921,1,7,6-4-5,1243.0
2026-09-21 18:02:35,20260921,1,7,6-5-1,1584.0
2026-09-21 18:02:35,20260921,1,7,6-5-2,1668.0
2026-09-21 18:02:35,20260921,1,7,6-5-3,1760.0
2026-09-21 18:02:35,20260921,1,7,6-5-4,1378.0
2026-09-21 18:10:36,20260921,12,8,1-2-3,11.0
2026-09-21 18:10:36,20260921,12,8,1-2-4,26.1
2026-09-21 18:10:36,20260921,12,8,1-2-5,13.9
2026-09-21 18:10:36,20260921,12,8,1-2-6,62.7
2026-09-21 18:10:36,20260921,12,8,1-3-2,26.2
2026-09-21 18:10:36,20260921,12,8,1-3-4,68.6
2026-09-21 18:10:36,20260921,12,8,1-3-5,53.3
2026-09-21 18:10:36,20260921,12,8,1-3-6,163.4
2026-09-21 18:10:36,20260921,12,8,1-4-2,59.2
2026-09-21 18:10:36,20260921,12,8,1-4-3,121.7
2026-09-21 18:10:36,20260921,12,8,1-4-5,124.0
2026-09-21 18:10:36,20260921,12,8,1-4-6,178.6
2026-09-21 18:10:36,20260921,12,8,1-5-2,34.6
2026-09-21 18:10:36,20260921,12,8,1-5-3,72.3
2026-09-21 18:10:36,20260921,12,8,1-5-4,114.8
2026-09-21 18:10:36,20260921,12,8,1-5-6,215.5
2026-09-21 18:10:36,20260921,12,8,1-6-2,195.8
2026-09-21 18:10:36,20260921,12,8,1-6-3,236.7
2026-09-21 18:10:36,20260921,12,8,1-6-4,189.1
2026-09-21 18:10:36,20260921,12,8,1-6-5,464.8
2026-09-21 18:10:36,20260921,12,8,2-1-3,10.1
2026-09-21 18:10:36,20260921,12,8,2-1-4,26.5
2026-09-21 18:10:36,20260921,12,8,2-1-5,10.3
2026-09-21 18:10:36,20260921,12,8,2-1-6,60.6
2026-09-21 18:10:36,20260921,12,8,2-3-1,31.2
2026-09-21 18:10:36,20260921,12,8,2-3-4,42.5
2026-09-21 18:10:36,20260921,12,8,2-3-5,18.3
2026-09-21 18:10:36,20260921,12,8,2-3-6,146.1
2026-09-21 18:10:36,20260921,12,8,2-4-1,70.6
2026-09-21 18:10:36,20260921,12,8,2-4-3,63.4
2026-09-21 18:10:36,20260921,12,8,2-4-5,54.4
2026-09-21 18:10:36,20260921,12,8,2-4-6,143.9
2026-09-21 18:10:36,20260921,12,8,2-5-1,22.0
2026-09-21 18:10:36,20260921,12,8,2-5-3,19.4
2026-09-21 18:10:36,20260921,12,8,2-5-4,32.3
2026-09-21 18:10:36,20260921,12,8,2-5-6,79.2
2026-09-21 18:10:36,20260921,12,8,2-6-1,294.5
2026-09-21 18:10:36,20260921,12,8,2-6-3,341.4
2026-09-21 18:10:36,20260921,12,8,2-6-4,335.5
2026-09-21 18:10:36,20260921,12,8,2-6-5,238.1
2026-09-21 18:10:36,20260921,12,8,3-1-2,59.0
2026-09-21 18:10:36,20260921,12,8,3-1-4,138.7
2026-09-21 18:10:36,20260921,12,8,3-1-5,110.2
2026-09-21 18:10:36,20260921,12,8,3-1-6,382.0
2026-09-21 18:10:36,20260921,12,8,3-2-1,80.5
2026-09-21 18:10:36,20260921,12,8,3-2-4,108.6
2026-09-21 18:10:36,20260921,12,8,3-2-5,74.4
2026-09-21 18:10:36,20260921,12,8,3-2-6,273.6
2026-09-21 18:10:36,20260921,12,8,3-4-1,357.2
2026-09-21 18:10:36,20260921,12,8,3-4-2,172.2
2026-09-21 18:10:36,20260921,12,8,3-4-5,318.8
2026-09-21 18:10:36,20260921,12,8,3-4-6,378.2
2026-09-21 18:10:36,20260921,12,8,3-5-1,187.2
2026-09-21 18:10:36,20260921,12,8,3-5-2,109.6
2026-09-21 18:10:36,20260921,12,8,3-5-4,335.5
2026-09-21 18:10:36,20260921,12,8,3-5-6,367.4
2026-09-21 18:10:36,20260921,12,8,3-6-1,688.9
2026-09-21 18:10:36,20260921,12,8,3-6-2,665.2
2026-09-21 18:10:36,20260921,12,8,3-6-4,575.8
2026-09-21 18:10:36,20260921,12,8,3-6-5,838.7
2026-09-21 18:10:36,20260921,12,8,4-1-2,183.7
2026-09-21 18:10:36,20260921,12,8,4-1-3,232.4
2026-09-21 18:10:36,20260921,12,8,4-1-5,247.3
2026-09-21 18:10:36,20260921,12,8,4-1-6,318.8
2026-09-21 18:10:36,20260921,12,8,4-2-1,192.9
2026-09-21 18:10:36,20260921,12,8,4-2-3,220.4
2026-09-21 18:10:36,20260921,12,8,4-2-5,191.9
2026-09-21 18:10:36,20260921,12,8,4-2-6,301.4
2026-09-21 18:10:36,20260921,12,8,4-3-1,378.2
2026-09-21 18:10:36,20260921,12,8,4-3-2,290.0
2026-09-21 18:10:36,20260921,12,8,4-3-5,535.8
2026-09-21 18:10:36,20260921,12,8,4-3-6,507.6
2026-09-21 18:10:36,20260921,12,8,4-5-1,318.8
2026-09-21 18:10:36,20260921,12,8,4-5-2,250.5
2026-09-21 18:10:36,20260921,12,8,4-5-3,448.6
2026-09-21 18:10:36,20260921,12,8,4-5-6,389.7
2026-09-21 18:10:36,20260921,12,8,4-6-1,559.1
2026-09-21 18:10:36,20260921,12,8,4-6-2,353.9
2026-09-21 18:10:36,20260921,12,8,4-6-3,543.4
2026-09-21 18:10:36,20260921,12,8,4-6-5,838.7
2026-09-21 18:10:36,20260921,12,8,5-1-2,47.8
2026-09-21 18:10:36,20260921,12,8,5-1-3,129.4
2026-09-21 18:10:36,20260921,12,8,5-1-4,233.8
2026-09-21 18:10:36,20260921,12,8,5-1-6,262.4
2026-09-21 18:10:36,20260921,12,8,5-2-1,43.1
2026-09-21 18:10:36,20260921,12,8,5-2-3,45.0
2026-09-21 18:10:36,20260921,12,8,5-2-4,65.7
2026-09-21 18:10:36,20260921,12,8,5-2-6,157.4
2026-09-21 18:10:36,20260921,12,8,5-3-1,253.8
2026-09-21 18:10:36,20260921,12,8,5-3-2,61.5
2026-09-21 18:10:36,20260921,12,8,5-3-4,419.3
2026-09-21 18:10:36,20260921,12,8,5-3-6,551.1
2026-09-21 18:10:36,20260921,12,8,5-4-1,296.7
2026-09-21 18:10:36,20260921,12,8,5-4-2,224.3
2026-09-21 18:10:36,20260921,12,8,5-4-3,353.9
2026-09-21 18:10:36,20260921,12,8,5-4-6,419.3
2026-09-21 18:10:36,20260921,12,8,5-6-1,521.3
2026-09-21 18:10:36,20260921,12,8,5-6-2,374.5
2026-09-21 18:10:36,20260921,12,8,5-6-3,521.3
2026-09-21 18:10:36,20260921,12,8,5-6-4,535.8
2026-09-21 18:10:36,20260921,12,8,6-1-2,443.4
2026-09-21 18:10:36,20260921,12,8,6-1-3,1205.0
2026-09-21 18:10:36,20260921,12,8,6-1-4,1134.0
2026-09-21 18:10:36,20260921,12,8,6-1-5,1169.0
2026-09-21 18:10:36,20260921,12,8,6-2-1,653.9
2026-09-21 18:10:36,20260921,12,8,6-2-3,918.6
2026-09-21 18:10:36,20260921,12,8,6-2-4,727.9
2026-09-21 18:10:36,20260921,12,8,6-2-5,593.5
2026-09-21 18:10:36,20260921,12,8,6-3-1,1071.0
2026-09-21 18:10:36,20260921,12,8,6-3-2,1286.0
2026-09-21 18:10:36,20260921,12,8,6-3-4,771.6
2026-09-21 18:10:36,20260921,12,8,6-3-5,1677.0
2026-09-21 18:10:36,20260921,12,8,6-4-1,1071.0
2026-09-21 18:10:36,20260921,12,8,6-4-2,653.9
2026-09-21 18:10:36,20260921,12,8,6-4-3,989.3
2026-09-21 18:10:36,20260921,12,8,6-4-5,1286.0
2026-09-21 18:10:36,20260921,12,8,6-5-1,918.6
2026-09-21 18:10:36,20260921,12,8,6-5-2,632.5
2026-09-21 18:10:36,20260921,12,8,6-5-3,1330.0
2026-09-21 18:10:36,20260921,12,8,6-5-4,714.5
2026-09-21 18:21:06,20260921,15,8,1-2-3,43.6
2026-09-21 18:21:06,20260921,15,8,1-2-4,39.5
2026-09-21 18:21:06,20260921,15,8,1-2-5,96.4
2026-09-21 18:21:06,20260921,15,8,1-2-6,63.9
2026-09-21 18:21:06,20260921,15,8,1-3-2,38.0
2026-09-21 18:21:06,20260921,15,8,1-3-4,12.2
2026-09-21 18:21:06,20260921,15,8,1-3-5,47.0
2026-09-21 18:21:06,20260921,15,8,1-3-6,24.2
2026-09-21 18:21:06,20260921,15,8,1-4-2,25.5
2026-09-21 18:21:06,20260921,15,8,1-4-3,11.5
2026-09-21 18:21:06,20260921,15,8,1-4-5,22.2
2026-09-21 18:21:06,20260921,15,8,1-4-6,8.2
2026-09-21 18:21:06,20260921,15,8,1-5-2,99.6
2026-09-21 18:21:06,20260921,15,8,1-5-3,67.2
2026-09-21 18:21:06,20260921,15,8,1-5-4,71.0
2026-09-21 18:21:06,20260921,15,8,1-5-6,100.9
2026-09-21 18:21:06,20260921,15,8,1-6-2,80.1
2026-09-21 18:21:06,20260921,15,8,1-6-3,35.5
2026-09-21 18:21:06,20260921,15,8,1-6-4,18.3
2026-09-21 18:21:06,20260921,15,8,1-6-5,85.0
2026-09-21 18:21:06,20260921,15,8,2-1-3,156.3
2026-09-21 18:21:06,20260921,15,8,2-1-4,105.5
2026-09-21 18:21:06,20260921,15,8,2-1-5,288.6
2026-09-21 18:21:06,20260921,15,8,2-1-6,143.8
2026-09-21 18:21:06,20260921,15,8,2-3-1,269.7
2026-09-21 18:21:06,20260921,15,8,2-3-4,412.7
2026-09-21 18:21:06,20260921,15,8,2-3-5,322.4
2026-09-21 18:21:06,20260921,15,8,2-3-6,497.2
2026-09-21 18:21:06,20260921,15,8,2-4-1,217.2
2026-09-21 18:21:06,20260921,15,8,2-4-3,509.5
2026-09-21 18:21:06,20260921,15,8,2-4-5,429.9
2026-09-21 18:21:06,20260921,15,8,2-4-6,244.2
2026-09-21 18:21:06,20260921,15,8,2-5-1,408.6
2026-09-21 18:21:06,20260921,15,8,2-5-3,343.9
2026-09-21 18:21:06,20260921,15,8,2-5-4,522.4
2026-09-21 18:21:06,20260921,15,8,2-5-6,352.7
2026-09-21 18:21:06,20260921,15,8,2-6-1,393.0
2026-09-21 18:21:06,20260921,15,8,2-6-3,724.0
2026-09-21 18:21:06,20260921,15,8,2-6-4,458.5
2026-09-21 18:21:06,20260921,15,8,2-6-5,491.3
2026-09-21 18:21:06,20260921,15,8,3-1-2,112.1
2026-09-21 18:21:06,20260921,15,8,3-1-4,43.0
2026-09-21 18:21:06,20260921,15,8,3-1-5,96.6
2026-09-21 18:21:06,20260921,15,8,3-1-6,71.9
2026-09-21 18:21:06,20260921,15,8,3-2-1,233.1
2026-09-21 18:21:06,20260921,15,8,3-2-4,229.2
2026-09-21 18:21:06,20260921,15,8,3-2-5,237.2
2026-09-21 18:21:06,20260921,15,8,3-2-6,277.0
2026-09-21 18:21:06,20260921,15,8,3-4-1,73.0
2026-09-21 18:21:06,20260921,15,8,3-4-2,290.6
2026-09-21 18:21:06,20260921,15,8,3-4-5,206.3
2026-09-21 18:21:06,20260921,15,8,3-4-6,79.8
2026-09-21 18:21:06,20260921,15,8,3-5-1,203.3
2026-09-21 18:21:06,20260921,15,8,3-5-2,254.7
2026-09-21 18:21:06,20260921,15,8,3-5-4,273.3
2026-09-21 18:21:06,20260921,15,8,3-5-6,221.8
2026-09-21 18:21:06,20260921,15,8,3-6-1,159.9
2026-09-21 18:21:06,20260921,15,8,3-6-2,378.6
2026-09-21 18:21:06,20260921,15,8,3-6-4,136.2
2026-09-21 18:21:06,20260921,15,8,3-6-5,319.9
2026-09-21 18:21:06,20260921,15,8,4-1-2,73.0
2026-09-21 18:21:06,20260921,15,8,4-1-3,32.8
2026-09-21 18:21:06,20260921,15,8,4-1-5,51.5
2026-09-21 18:21:06,20260921,15,8,4-1-6,18.3
2026-09-21 18:21:06,20260921,15,8,4-2-1,169.8
2026-09-21 18:21:06,20260921,15,8,4-2-3,341.1
2026-09-21 18:21:06,20260921,15,8,4-2-5,167.7
2026-09-21 18:21:06,20260921,15,8,4-2-6,192.8
2026-09-21 18:21:06,20260921,15,8,4-3-1,63.8
2026-09-21 18:21:06,20260921,15,8,4-3-2,346.8
2026-09-21 18:21:06,20260921,15,8,4-3-5,218.3
2026-09-21 18:21:06,20260921,15,8,4-3-6,73.9
2026-09-21 18:21:06,20260921,15,8,4-5-1,110.9
2026-09-21 18:21:06,20260921,15,8,4-5-2,203.3
2026-09-21 18:21:06,20260921,15,8,4-5-3,234.5
2026-09-21 18:21:06,20260921,15,8,4-5-6,80.4
2026-09-21 18:21:06,20260921,15,8,4-6-1,36.7
2026-09-21 18:21:06,20260921,15,8,4-6-2,115.9
2026-09-21 18:21:06,20260921,15,8,4-6-3,84.2
2026-09-21 18:21:06,20260921,15,8,4-6-5,82.8
2026-09-21 18:21:06,20260921,15,8,5-1-2,319.9
2026-09-21 18:21:06,20260921,15,8,5-1-3,319.9
2026-09-21 18:21:06,20260921,15,8,5-1-4,209.5
2026-09-21 18:21:06,20260921,15,8,5-1-6,210.5
2026-09-21 18:21:06,20260921,15,8,5-2-1,485.5
2026-09-21 18:21:06,20260921,15,8,5-2-3,474.4
2026-09-21 18:21:06,20260921,15,8,5-2-4,474.4
2026-09-21 18:21:06,20260921,15,8,5-2-6,305.7
2026-09-21 18:21:06,20260921,15,8,5-3-1,416.9
2026-09-21 18:21:06,20260921,15,8,5-3-2,644.8
2026-09-21 18:21:06,20260921,15,8,5-3-4,573.2
2026-09-21 18:21:06,20260921,15,8,5-3-6,589.6
2026-09-21 18:21:06,20260921,15,8,5-4-1,275.1
2026-09-21 18:21:06,20260921,15,8,5-4-2,509.5
2026-09-21 18:21:06,20260921,15,8,5-4-3,589.6
2026-09-21 18:21:06,20260921,15,8,5-4-6,187.6
2026-09-21 18:21:06,20260921,15,8,5-6-1,324.9
2026-09-21 18:21:06,20260921,15,8,5-6-2,425.4
2026-09-21 18:21:06,20260921,15,8,5-6-3,557.7
2026-09-21 18:21:06,20260921,15,8,5-6-4,271.5
2026-09-21 18:21:06,20260921,15,8,6-1-2,191.0
2026-09-21 18:21:06,20260921,15,8,6-1-3,93.3
2026-09-21 18:21:06,20260921,15,8,6-1-4,44.9
2026-09-21 18:21:06,20260921,15,8,6-1-5,198.4
2026-09-21 18:21:06,20260921,15,8,6-2-1,412.7
2026-09-21 18:21:06,20260921,15,8,6-2-3,655.1
2026-09-21 18:21:06,20260921,15,8,6-2-4,371.8
2026-09-21 18:21:06,20260921,15,8,6-2-5,573.2
2026-09-21 18:21:06,20260921,15,8,6-3-1,158.1
2026-09-21 18:21:06,20260921,15,8,6-3-2,509.5
2026-09-21 18:21:06,20260921,15,8,6-3-4,178.6
2026-09-21 18:21:06,20260921,15,8,6-3-5,616.0
2026-09-21 18:21:06,20260921,15,8,6-4-1,58.4
2026-09-21 18:21:06,20260921,15,8,6-4-2,349.7
2026-09-21 18:21:06,20260921,15,8,6-4-3,145.8
2026-09-21 18:21:06,20260921,15,8,6-4-5,216.0
2026-09-21 18:21:06,20260921,15,8,6-5-1,536.0
2026-09-21 18:21:06,20260921,15,8,6-5-2,529.1
2026-09-21 18:21:06,20260921,15,8,6-5-3,634.9
2026-09-21 18:21:06,20260921,15,8,6-5-4,294.8
2026-09-21 18:31:40,20260921,1,8,1-2-3,54.0
2026-09-21 18:31:40,20260921,1,8,1-2-4,49.6
2026-09-21 18:31:40,20260921,1,8,1-2-5,27.8
2026-09-21 18:31:40,20260921,1,8,1-2-6,85.8
2026-09-21 18:31:40,20260921,1,8,1-3-2,58.6
2026-09-21 18:31:40,20260921,1,8,1-3-4,48.0
2026-09-21 18:31:40,20260921,1,8,1-3-5,27.7
2026-09-21 18:31:40,20260921,1,8,1-3-6,74.4
2026-09-21 18:31:40,20260921,1,8,1-4-2,49.9
2026-09-21 18:31:40,20260921,1,8,1-4-3,51.9
2026-09-21 18:31:40,20260921,1,8,1-4-5,12.7
2026-09-21 18:31:40,20260921,1,8,1-4-6,40.0
2026-09-21 18:31:40,20260921,1,8,1-5-2,23.2
2026-09-21 18:31:40,20260921,1,8,1-5-3,23.4
2026-09-21 18:31:40,20260921,1,8,1-5-4,11.5
2026-09-21 18:31:40,20260921,1,8,1-5-6,17.6
2026-09-21 18:31:40,20260921,1,8,1-6-2,118.6
2026-09-21 18:31:40,20260921,1,8,1-6-3,116.1
2026-09-21 18:31:40,20260921,1,8,1-6-4,77.7
2026-09-21 18:31:40,20260921,1,8,1-6-5,62.1
2026-09-21 18:31:40,20260921,1,8,2-1-3,150.3
2026-09-21 18:31:40,20260921,1,8,2-1-4,190.8
2026-09-21 18:31:40,20260921,1,8,2-1-5,107.6
2026-09-21 18:31:40,20260921,1,8,2-1-6,212.3
2026-09-21 18:31:40,20260921,1,8,2-3-1,301.4
2026-09-21 18:31:40,20260921,1,8,2-3-4,389.7
2026-09-21 18:31:40,20260921,1,8,2-3-5,378.9
2026-09-21 18:31:40,20260921,1,8,2-3-6,606.3
2026-09-21 18:31:40,20260921,1,8,2-4-1,389.7
2026-09-21 18:31:40,20260921,1,8,2-4-3,568.4
2026-09-21 18:31:40,20260921,1,8,2-4-5,338.9
2026-09-21 18:31:40,20260921,1,8,2-4-6,368.7
2026-09-21 18:31:40,20260921,1,8,2-5-1,139.2
2026-09-21 18:31:40,20260921,1,8,2-5-3,319.1
2026-09-21 18:31:40,20260921,1,8,2-5-4,266.1
2026-09-21 18:31:40,20260921,1,8,2-5-6,203.6
2026-09-21 18:31:40,20260921,1,8,2-6-1,311.8
2026-09-21 18:31:40,20260921,1,8,2-6-3,682.1
2026-09-21 18:31:40,20260921,1,8,2-6-4,649.6
2026-09-21 18:31:40,20260921,1,8,2-6-5,332.7
2026-09-21 18:31:40,20260921,1,8,3-1-2,147.4
2026-09-21 18:31:40,20260921,1,8,3-1-4,98.5
2026-09-21 18:31:40,20260921,1,8,3-1-5,61.8
2026-09-21 18:31:40,20260921,1,8,3-1-6,194.8
2026-09-21 18:31:40,20260921,1,8,3-2-1,270.1
2026-09-21 18:31:40,20260921,1,8,3-2-4,306.5
2026-09-21 18:31:40,20260921,1,8,3-2-5,258.6
2026-09-21 18:31:40,20260921,1,8,3-2-6,482.9
2026-09-21 18:31:40,20260921,1,8,3-4-1,235.2
2026-09-21 18:31:40,20260921,1,8,3-4-2,338.9
2026-09-21 18:31:40,20260921,1,8,3-4-5,238.2
2026-09-21 18:31:40,20260921,1,8,3-4-6,311.8
2026-09-21 18:31:40,20260921,1,8,3-5-1,127.7
2026-09-21 18:31:40,20260921,1,8,3-5-2,267.5
2026-09-21 18:31:40,20260921,1,8,3-5-4,213.1
2026-09-21 18:31:40,20260921,1,8,3-5-6,298.1
2026-09-21 18:31:40,20260921,1,8,3-6-1,440.0
2026-09-21 18:31:40,20260921,1,8,3-6-2,665.4
2026-09-21 18:31:40,20260921,1,8,3-6-4,447.2
2026-09-21 18:31:40,20260921,1,8,3-6-5,341.0
2026-09-21 18:31:40,20260921,1,8,4-1-2,116.6
2026-09-21 18:31:40,20260921,1,8,4-1-3,170.5
2026-09-21 18:31:40,20260921,1,8,4-1-5,30.1
2026-09-21 18:31:40,20260921,1,8,4-1-6,81.6
2026-09-21 18:31:40,20260921,1,8,4-2-1,311.8
2026-09-21 18:31:40,20260921,1,8,4-2-3,580.5
2026-09-21 18:31:40,20260921,1,8,4-2-5,231.2
2026-09-21 18:31:40,20260921,1,8,4-2-6,264.9
2026-09-21 18:31:40,20260921,1,8,4-3-1,285.7
2026-09-21 18:31:40,20260921,1,8,4-3-2,510.0
2026-09-21 18:31:40,20260921,1,8,4-3-5,290.2
2026-09-21 18:31:40,20260921,1,8,4-3-6,491.6
2026-09-21 18:31:40,20260921,1,8,4-5-1,29.6
2026-09-21 18:31:40,20260921,1,8,4-5-2,130.2
2026-09-21 18:31:40,20260921,1,8,4-5-3,188.8
2026-09-21 18:31:40,20260921,1,8,4-5-6,37.7
2026-09-21 18:31:40,20260921,1,8,4-6-1,199.1
2026-09-21 18:31:40,20260921,1,8,4-6-2,272.8
2026-09-21 18:31:40,20260921,1,8,4-6-3,496.0
2026-09-21 18:31:40,20260921,1,8,4-6-5,104.9
2026-09-21 18:31:40,20260921,1,8,5-1-2,30.5
2026-09-21 18:31:40,20260921,1,8,5-1-3,35.7
2026-09-21 18:31:40,20260921,1,8,5-1-4,15.7
2026-09-21 18:31:40,20260921,1,8,5-1-6,19.3
2026-09-21 18:31:40,20260921,1,8,5-2-1,113.6
2026-09-21 18:31:40,20260921,1,8,5-2-3,261.1
2026-09-21 18:31:40,20260921,1,8,5-2-4,214.8
2026-09-21 18:31:40,20260921,1,8,5-2-6,197.0
2026-09-21 18:31:40,20260921,1,8,5-3-1,102.0
2026-09-21 18:31:40,20260921,1,8,5-3-2,287.2
2026-09-21 18:31:40,20260921,1,8,5-3-4,266.1
2026-09-21 18:31:40,20260921,1,8,5-3-6,232.2
2026-09-21 18:31:40,20260921,1,8,5-4-1,28.8
2026-09-21 18:31:40,20260921,1,8,5-4-2,113.6
2026-09-21 18:31:40,20260921,1,8,5-4-3,158.1
2026-09-21 18:31:40,20260921,1,8,5-4-6,33.0
2026-09-21 18:31:40,20260921,1,8,5-6-1,54.6
2026-09-21 18:31:40,20260921,1,8,5-6-2,180.6
2026-09-21 18:31:40,20260921,1,8,5-6-3,172.6
2026-09-21 18:31:40,20260921,1,8,5-6-4,62.1
2026-09-21 18:31:40,20260921,1,8,6-1-2,319.1
2026-09-21 18:31:40,20260921,1,8,6-1-3,470.4
2026-09-21 18:31:40,20260921,1,8,6-1-4,324.8
2026-09-21 18:31:40,20260921,1,8,6-1-5,193.5
2026-09-21 18:31:40,20260921,1,8,6-2-1,768.5
2026-09-21 18:31:40,20260921,1,8,6-2-3,699.6
2026-09-21 18:31:40,20260921,1,8,6-2-4,665.4
2026-09-21 18:31:40,20260921,1,8,6-2-5,376.3
2026-09-21 18:31:40,20260921,1,8,6-3-1,768.5
2026-09-21 18:31:40,20260921,1,8,6-3-2,924.9
2026-09-21 18:31:40,20260921,1,8,6-3-4,580.5
2026-09-21 18:31:40,20260921,1,8,6-3-5,880.1
2026-09-21 18:31:40,20260921,1,8,6-4-1,398.3
2026-09-21 18:31:40,20260921,1,8,6-4-2,524.7
2026-09-21 18:31:40,20260921,1,8,6-4-3,747.5
2026-09-21 18:31:40,20260921,1,8,6-4-5,181.9
2026-09-21 18:31:40,20260921,1,8,6-5-1,214.0
2026-09-21 18:31:40,20260921,1,8,6-5-2,545.7
2026-09-21 18:31:40,20260921,1,8,6-5-3,737.4
2026-09-21 18:31:40,20260921,1,8,6-5-4,156.8
2026-09-21 18:42:11,20260921,12,9,1-2-3,58.6
2026-09-21 18:42:11,20260921,12,9,1-2-4,21.8
2026-09-21 18:42:11,20260921,12,9,1-2-5,26.1
2026-09-21 18:42:11,20260921,12,9,1-2-6,97.1
2026-09-21 18:42:11,20260921,12,9,1-3-2,106.1
2026-09-21 18:42:11,20260921,12,9,1-3-4,101.8
2026-09-21 18:42:11,20260921,12,9,1-3-5,108.3
2026-09-21 18:42:11,20260921,12,9,1-3-6,142.4
2026-09-21 18:42:11,20260921,12,9,1-4-2,24.6
2026-09-21 18:42:11,20260921,12,9,1-4-3,107.1
2026-09-21 18:42:11,20260921,12,9,1-4-5,25.5
2026-09-21 18:42:11,20260921,12,9,1-4-6,105.9
2026-09-21 18:42:11,20260921,12,9,1-5-2,40.6
2026-09-21 18:42:11,20260921,12,9,1-5-3,127.3
2026-09-21 18:42:11,20260921,12,9,1-5-4,39.5
2026-09-21 18:42:11,20260921,12,9,1-5-6,168.5
2026-09-21 18:42:11,20260921,12,9,1-6-2,196.0
2026-09-21 18:42:11,20260921,12,9,1-6-3,254.7
2026-09-21 18:42:11,20260921,12,9,1-6-4,158.4
2026-09-21 18:42:11,20260921,12,9,1-6-5,249.0
2026-09-21 18:42:11,20260921,12,9,2-1-3,111.9
2026-09-21 18:42:11,20260921,12,9,2-1-4,26.5
2026-09-21 18:42:11,20260921,12,9,2-1-5,40.4
2026-09-21 18:42:11,20260921,12,9,2-1-6,141.3
2026-09-21 18:42:11,20260921,12,9,2-3-1,239.3
2026-09-21 18:42:11,20260921,12,9,2-3-4,155.7
2026-09-21 18:42:11,20260921,12,9,2-3-5,199.5
2026-09-21 18:42:11,20260921,12,9,2-3-6,400.6
2026-09-21 18:42:11,20260921,12,9,2-4-1,37.9
2026-09-21 18:42:11,20260921,12,9,2-4-3,66.0
2026-09-21 18:42:11,20260921,12,9,2-4-5,14.0
2026-09-21 18:42:11,20260921,12,9,2-4-6,73.5
2026-09-21 18:42:11,20260921,12,9,2-5-1,58.3
2026-09-21 18:42:11,20260921,12,9,2-5-3,85.7
2026-09-21 18:42:11,20260921,12,9,2-5-4,30.7
2026-09-21 18:42:11,20260921,12,9,2-5-6,95.8
2026-09-21 18:42:11,20260921,12,9,2-6-1,394.8
2026-09-21 18:42:11,20260921,12,9,2-6-3,575.8
2026-09-21 18:42:11,20260921,12,9,2-6-4,276.4
2026-09-21 18:42:11,20260921,12,9,2-6-5,286.4
2026-09-21 18:42:11,20260921,12,9,3-1-2,210.2
2026-09-21 18:42:11,20260921,12,9,3-1-4,223.8
2026-09-21 18:42:11,20260921,12,9,3-1-5,196.0
2026-09-21 18:42:11,20260921,12,9,3-1-6,406.4
2026-09-21 18:42:11,20260921,12,9,3-2-1,305.4
2026-09-21 18:42:11,20260921,12,9,3-2-4,302.0
2026-09-21 18:42:11,20260921,12,9,3-2-5,265.7
2026-09-21 18:42:11,20260921,12,9,3-2-6,438.7
2026-09-21 18:42:11,20260921,12,9,3-4-1,456.8
2026-09-21 18:42:11,20260921,12,9,3-4-2,331.0
2026-09-21 18:42:11,20260921,12,9,3-4-5,378.6
2026-09-21 18:42:11,20260921,12,9,3-4-6,354.3
2026-09-21 18:42:11,20260921,12,9,3-5-1,345.5
2026-09-21 18:42:11,20260921,12,9,3-5-2,286.4
2026-09-21 18:42:11,20260921,12,9,3-5-4,415.6
2026-09-21 18:42:11,20260921,12,9,3-5-6,526.5
2026-09-21 18:42:11,20260921,12,9,3-6-1,682.5
2026-09-21 18:42:11,20260921,12,9,3-6-2,921.3
2026-09-21 18:42:11,20260921,12,9,3-6-4,456.8
2026-09-21 18:42:11,20260921,12,9,3-6-5,891.6
2026-09-21 18:42:11,20260921,12,9,4-1-2,35.6
2026-09-21 18:42:11,20260921,12,9,4-1-3,154.8
2026-09-21 18:42:11,20260921,12,9,4-1-5,23.0
2026-09-21 18:42:11,20260921,12,9,4-1-6,141.3
2026-09-21 18:42:11,20260921,12,9,4-2-1,40.7
2026-09-21 18:42:11,20260921,12,9,4-2-3,77.4
2026-09-21 18:42:11,20260921,12,9,4-2-5,14.7
2026-09-21 18:42:11,20260921,12,9,4-2-6,94.8
2026-09-21 18:42:11,20260921,12,9,4-3-1,371.0
2026-09-21 18:42:11,20260921,12,9,4-3-2,327.1
2026-09-21 18:42:11,20260921,12,9,4-3-5,312.3
2026-09-21 18:42:11,20260921,12,9,4-3-6,435.3
2026-09-21 18:42:11,20260921,12,9,4-5-1,19.4
2026-09-21 18:42:11,20260921,12,9,4-5-2,11.1
2026-09-21 18:42:11,20260921,12,9,4-5-3,64.1
2026-09-21 18:42:11,20260921,12,9,4-5-6,27.7
2026-09-21 18:42:11,20260921,12,9,4-6-1,312.3
2026-09-21 18:42:11,20260921,12,9,4-6-2,207.0
2026-09-21 18:42:11,20260921,12,9,4-6-3,392.0
2026-09-21 18:42:11,20260921,12,9,4-6-5,165.0
2026-09-21 18:42:11,20260921,12,9,5-1-2,119.1
2026-09-21 18:42:11,20260921,12,9,5-1-3,207.0
2026-09-21 18:42:11,20260921,12,9,5-1-4,66.1
2026-09-21 18:42:11,20260921,12,9,5-1-6,246.8
2026-09-21 18:42:11,20260921,12,9,5-2-1,124.7
2026-09-21 18:42:11,20260921,12,9,5-2-3,220.2
2026-09-21 18:42:11,20260921,12,9,5-2-4,31.8
2026-09-21 18:42:11,20260921,12,9,5-2-6,168.5
2026-09-21 18:42:11,20260921,12,9,5-3-1,438.7
2026-09-21 18:42:11,20260921,12,9,5-3-2,415.6
2026-09-21 18:42:11,20260921,12,9,5-3-4,484.9
2026-09-21 18:42:11,20260921,12,9,5-3-6,757.3
2026-09-21 18:42:11,20260921,12,9,5-4-1,43.5
2026-09-21 18:42:11,20260921,12,9,5-4-2,24.7
2026-09-21 18:42:11,20260921,12,9,5-4-3,158.4
2026-09-21 18:42:11,20260921,12,9,5-4-6,46.3
2026-09-21 18:42:11,20260921,12,9,5-6-1,425.2
2026-09-21 18:42:11,20260921,12,9,5-6-2,373.5
2026-09-21 18:42:11,20260921,12,9,5-6-3,778.6
2026-09-21 18:42:11,20260921,12,9,5-6-4,239.3
2026-09-21 18:42:11,20260921,12,9,6-1-2,547.3
2026-09-21 18:42:11,20260921,12,9,6-1-3,747.0
2026-09-21 18:42:11,20260921,12,9,6-1-4,891.6
2026-09-21 18:42:11,20260921,12,9,6-1-5,953.1
2026-09-21 18:42:11,20260921,12,9,6-2-1,825.1
2026-09-21 18:42:11,20260921,12,9,6-2-3,969.8
2026-09-21 18:42:11,20260921,12,9,6-2-4,526.5
2026-09-21 18:42:11,20260921,12,9,6-2-5,541.9
2026-09-21 18:42:11,20260921,12,9,6-3-1,1105.0
2026-09-21 18:42:11,20260921,12,9,6-3-2,1105.0
2026-09-21 18:42:11,20260921,12,9,6-3-4,412.5
2026-09-21 18:42:11,20260921,12,9,6-3-5,1382.0
2026-09-21 18:42:11,20260921,12,9,6-4-1,937.0
2026-09-21 18:42:11,20260921,12,9,6-4-2,493.6
2026-09-21 18:42:11,20260921,12,9,6-4-3,708.7
2026-09-21 18:42:11,20260921,12,9,6-4-5,412.5
2026-09-21 18:42:11,20260921,12,9,6-5-1,1005.0
2026-09-21 18:42:11,20260921,12,9,6-5-2,682.5
2026-09-21 18:42:11,20260921,12,9,6-5-3,1285.0
2026-09-21 18:42:11,20260921,12,9,6-5-4,354.3
2026-09-21 18:52:40,20260921,15,9,1-2-3,20.1
2026-09-21 18:52:40,20260921,15,9,1-2-4,9.0
2026-09-21 18:52:40,20260921,15,9,1-2-5,27.9
2026-09-21 18:52:40,20260921,15,9,1-2-6,74.5
2026-09-21 18:52:40,20260921,15,9,1-3-2,28.4
2026-09-21 18:52:40,20260921,15,9,1-3-4,23.1
2026-09-21 18:52:40,20260921,15,9,1-3-5,46.6
2026-09-21 18:52:40,20260921,15,9,1-3-6,102.5
2026-09-21 18:52:40,20260921,15,9,1-4-2,8.8
2026-09-21 18:52:40,20260921,15,9,1-4-3,20.3
2026-09-21 18:52:40,20260921,15,9,1-4-5,14.1
2026-09-21 18:52:40,20260921,15,9,1-4-6,54.0
2026-09-21 18:52:40,20260921,15,9,1-5-2,56.7
2026-09-21 18:52:40,20260921,15,9,1-5-3,59.2
2026-09-21 18:52:40,20260921,15,9,1-5-4,42.6
2026-09-21 18:52:40,20260921,15,9,1-5-6,152.9
2026-09-21 18:52:40,20260921,15,9,1-6-2,173.2
2026-09-21 18:52:40,20260921,15,9,1-6-3,199.1
2026-09-21 18:52:40,20260921,15,9,1-6-4,148.5
2026-09-21 18:52:40,20260921,15,9,1-6-5,303.4
2026-09-21 18:52:40,20260921,15,9,2-1-3,54.2
2026-09-21 18:52:40,20260921,15,9,2-1-4,26.4
2026-09-21 18:52:40,20260921,15,9,2-1-5,78.6
2026-09-21 18:52:40,20260921,15,9,2-1-6,112.8
2026-09-21 18:52:40,20260921,15,9,2-3-1,99.2
2026-09-21 18:52:40,20260921,15,9,2-3-4,60.4
2026-09-21 18:52:40,20260921,15,9,2-3-5,152.1
2026-09-21 18:52:40,20260921,15,9,2-3-6,318.5
2026-09-21 18:52:40,20260921,15,9,2-4-1,42.0
2026-09-21 18:52:40,20260921,15,9,2-4-3,52.0
2026-09-21 18:52:40,20260921,15,9,2-4-5,72.6
2026-09-21 18:52:40,20260921,15,9,2-4-6,191.1
2026-09-21 18:52:40,20260921,15,9,2-5-1,210.8
2026-09-21 18:52:40,20260921,15,9,2-5-3,225.7
2026-09-21 18:52:40,20260921,15,9,2-5-4,158.4
2026-09-21 18:52:40,20260921,15,9,2-5-6,335.3
2026-09-21 18:52:40,20260921,15,9,2-6-1,610.0
2026-09-21 18:52:40,20260921,15,9,2-6-3,455.1
2026-09-21 18:52:40,20260921,15,9,2-6-4,494.3
2026-09-21 18:52:40,20260921,15,9,2-6-5,597.3
2026-09-21 18:52:40,20260921,15,9,3-1-2,101.8
2026-09-21 18:52:40,20260921,15,9,3-1-4,72.6
2026-09-21 18:52:40,20260921,15,9,3-1-5,107.5
2026-09-21 18:52:40,20260921,15,9,3-1-6,218.0
2026-09-21 18:52:40,20260921,15,9,3-2-1,160.1
2026-09-21 18:52:40,20260921,15,9,3-2-4,87.1
2026-09-21 18:52:40,20260921,15,9,3-2-5,213.1
2026-09-21 18:52:40,20260921,15,9,3-2-6,303.4
2026-09-21 18:52:40,20260921,15,9,3-4-1,109.8
2026-09-21 18:52:40,20260921,15,9,3-4-2,79.9
2026-09-21 18:52:40,20260921,15,9,3-4-5,155.8
2026-09-21 18:52:40,20260921,15,9,3-4-6,261.8
2026-09-21 18:52:40,20260921,15,9,3-5-1,241.9
2026-09-21 18:52:40,20260921,15,9,3-5-2,252.6
2026-09-21 18:52:40,20260921,15,9,3-5-4,254.8
2026-09-21 18:52:40,20260921,15,9,3-5-6,353.9
2026-09-21 18:52:40,20260921,15,9,3-6-1,567.7
2026-09-21 18:52:40,20260921,15,9,3-6-2,406.7
2026-09-21 18:52:40,20260921,15,9,3-6-4,448.0
2026-09-21 18:52:40,20260921,15,9,3-6-5,610.0
2026-09-21 18:52:40,20260921,15,9,4-1-2,20.2
2026-09-21 18:52:40,20260921,15,9,4-1-3,55.5
2026-09-21 18:52:40,20260921,15,9,4-1-5,27.3
2026-09-21 18:52:40,20260921,15,9,4-1-6,101.4
2026-09-21 18:52:40,20260921,15,9,4-2-1,33.4
2026-09-21 18:52:40,20260921,15,9,4-2-3,60.3
2026-09-21 18:52:40,20260921,15,9,4-2-5,49.8
2026-09-21 18:52:40,20260921,15,9,4-2-6,224.0
2026-09-21 18:52:40,20260921,15,9,4-3-1,92.4
2026-09-21 18:52:40,20260921,15,9,4-3-2,84.9
2026-09-21 18:52:40,20260921,15,9,4-3-5,148.5
2026-09-21 18:52:40,20260921,15,9,4-3-6,270.5
2026-09-21 18:52:40,20260921,15,9,4-5-1,61.9
2026-09-21 18:52:40,20260921,15,9,4-5-2,84.5
2026-09-21 18:52:40,20260921,15,9,4-5-3,137.8
2026-09-21 18:52:40,20260921,15,9,4-5-6,136.5
2026-09-21 18:52:40,20260921,15,9,4-6-1,285.3
2026-09-21 18:52:40,20260921,15,9,4-6-2,226.6
2026-09-21 18:52:40,20260921,15,9,4-6-3,470.0
2026-09-21 18:52:40,20260921,15,9,4-6-5,301.8
2026-09-21 18:52:40,20260921,15,9,5-1-2,256.0
2026-09-21 18:52:40,20260921,15,9,5-1-3,335.3
2026-09-21 18:52:40,20260921,15,9,5-1-4,120.9
2026-09-21 18:52:40,20260921,15,9,5-1-6,369.9
2026-09-21 18:52:40,20260921,15,9,5-2-1,362.9
2026-09-21 18:52:40,20260921,15,9,5-2-3,431.1
2026-09-21 18:52:40,20260921,15,9,5-2-4,232.1
2026-09-21 18:52:40,20260921,15,9,5-2-6,384.8
2026-09-21 18:52:40,20260921,15,9,5-3-1,485.9
2026-09-21 18:52:40,20260921,15,9,5-3-2,597.3
2026-09-21 18:52:40,20260921,15,9,5-3-4,477.8
2026-09-21 18:52:40,20260921,15,9,5-3-6,819.2
2026-09-21 18:52:40,20260921,15,9,5-4-1,157.5
2026-09-21 18:52:40,20260921,15,9,5-4-2,210.0
2026-09-21 18:52:40,20260921,15,9,5-4-3,384.8
2026-09-21 18:52:40,20260921,15,9,5-4-6,335.3
2026-09-21 18:52:40,20260921,15,9,5-6-1,666.8
2026-09-21 18:52:40,20260921,15,9,5-6-2,659.1
2026-09-21 18:52:40,20260921,15,9,5-6-3,882.2
2026-09-21 18:52:40,20260921,15,9,5-6-4,470.0
2026-09-21 18:52:40,20260921,15,9,6-1-2,666.8
2026-09-21 18:52:40,20260921,15,9,6-1-3,1102.0
2026-09-21 18:52:40,20260921,15,9,6-1-4,481.9
2026-09-21 18:52:40,20260921,15,9,6-1-5,1082.0
2026-09-21 18:52:40,20260921,15,9,6-2-1,896.0
2026-09-21 18:52:40,20260921,15,9,6-2-3,630.1
2026-09-21 18:52:40,20260921,15,9,6-2-4,807.7
2026-09-21 18:52:40,20260921,15,9,6-2-5,819.2
2026-09-21 18:52:40,20260921,15,9,6-3-1,1102.0
2026-09-21 18:52:40,20260921,15,9,6-3-2,637.1
2026-09-21 18:52:40,20260921,15,9,6-3-4,831.1
2026-09-21 18:52:40,20260921,15,9,6-3-5,1246.0
2026-09-21 18:52:40,20260921,15,9,6-4-1,690.9
2026-09-21 18:52:40,20260921,15,9,6-4-2,644.3
2026-09-21 18:52:40,20260921,15,9,6-4-3,1061.0
2026-09-21 18:52:40,20260921,15,9,6-4-5,855.9
2026-09-21 18:52:40,20260921,15,9,6-5-1,1146.0
2026-09-21 18:52:40,20260921,15,9,6-5-2,807.7
2026-09-21 18:52:40,20260921,15,9,6-5-3,1303.0
2026-09-21 18:52:40,20260921,15,9,6-5-4,707.9
2026-09-21 19:03:12,20260921,1,9,1-2-3,17.1
2026-09-21 19:03:12,20260921,1,9,1-2-4,22.7
2026-09-21 19:03:12,20260921,1,9,1-2-5,175.8
2026-09-21 19:03:12,20260921,1,9,1-2-6,52.2
2026-09-21 19:03:12,20260921,1,9,1-3-2,9.6
2026-09-21 19:03:12,20260921,1,9,1-3-4,6.8
2026-09-21 19:03:12,20260921,1,9,1-3-5,121.1
2026-09-21 19:03:12,20260921,1,9,1-3-6,10.7
2026-09-21 19:03:12,20260921,1,9,1-4-2,18.0
2026-09-21 19:03:12,20260921,1,9,1-4-3,13.0
2026-09-21 19:03:12,20260921,1,9,1-4-5,188.3
2026-09-21 19:03:12,20260921,1,9,1-4-6,25.4
2026-09-21 19:03:12,20260921,1,9,1-5-2,307.9
2026-09-21 19:03:12,20260921,1,9,1-5-3,229.4
2026-09-21 19:03:12,20260921,1,9,1-5-4,297.0
2026-09-21 19:03:12,20260921,1,9,1-5-6,340.7
2026-09-21 19:03:12,20260921,1,9,1-6-2,68.2
2026-09-21 19:03:12,20260921,1,9,1-6-3,32.0
2026-09-21 19:03:12,20260921,1,9,1-6-4,57.2
2026-09-21 19:03:12,20260921,1,9,1-6-5,362.0
2026-09-21 19:03:12,20260921,1,9,2-1-3,64.0
2026-09-21 19:03:12,20260921,1,9,2-1-4,99.9
2026-09-21 19:03:12,20260921,1,9,2-1-5,351.0
2026-09-21 19:03:12,20260921,1,9,2-1-6,157.8
2026-09-21 19:03:12,20260921,1,9,2-3-1,97.5
2026-09-21 19:03:12,20260921,1,9,2-3-4,136.9
2026-09-21 19:03:12,20260921,1,9,2-3-5,475.2
2026-09-21 19:03:12,20260921,1,9,2-3-6,223.3
2026-09-21 19:03:12,20260921,1,9,2-4-1,146.1
2026-09-21 19:03:12,20260921,1,9,2-4-3,191.4
2026-09-21 19:03:12,20260921,1,9,2-4-5,696.8
2026-09-21 19:03:12,20260921,1,9,2-4-6,277.4
2026-09-21 19:03:12,20260921,1,9,2-5-1,526.6
2026-09-21 19:03:12,20260921,1,9,2-5-3,718.4
2026-09-21 19:03:12,20260921,1,9,2-5-4,778.8
2026-09-21 19:03:12,20260921,1,9,2-5-6,613.7
2026-09-21 19:03:12,20260921,1,9,2-6-1,314.1
2026-09-21 19:03:12,20260921,1,9,2-6-3,363.4
2026-09-21 19:03:12,20260921,1,9,2-6-4,447.7
2026-09-21 19:03:12,20260921,1,9,2-6-5,759.6
2026-09-21 19:03:12,20260921,1,9,3-1-2,25.4
2026-09-21 19:03:12,20260921,1,9,3-1-4,16.1
2026-09-21 19:03:12,20260921,1,9,3-1-5,137.3
2026-09-21 19:03:12,20260921,1,9,3-1-6,22.7
2026-09-21 19:03:12,20260921,1,9,3-2-1,71.8
2026-09-21 19:03:12,20260921,1,9,3-2-4,94.6
2026-09-21 19:03:12,20260921,1,9,3-2-5,332.1
2026-09-21 19:03:12,20260921,1,9,3-2-6,136.4
2026-09-21 19:03:12,20260921,1,9,3-4-1,31.6
2026-09-21 19:03:12,20260921,1,9,3-4-2,77.0
2026-09-21 19:03:12,20260921,1,9,3-4-5,353.7
2026-09-21 19:03:12,20260921,1,9,3-4-6,56.1
2026-09-21 19:03:12,20260921,1,9,3-5-1,410.1
2026-09-21 19:03:12,20260921,1,9,3-5-2,535.7
2026-09-21 19:03:12,20260921,1,9,3-5-4,523.6
2026-09-21 19:03:12,20260921,1,9,3-5-6,506.4
2026-09-21 19:03:12,20260921,1,9,3-6-1,57.5
2026-09-21 19:03:12,20260921,1,9,3-6-2,131.6
2026-09-21 19:03:12,20260921,1,9,3-6-4,85.5
2026-09-21 19:03:12,20260921,1,9,3-6-5,465.7
2026-09-21 19:03:12,20260921,1,9,4-1-2,71.0
2026-09-21 19:03:12,20260921,1,9,4-1-3,47.0
2026-09-21 19:03:12,20260921,1,9,4-1-5,239.4
2026-09-21 19:03:12,20260921,1,9,4-1-6,67.9
2026-09-21 19:03:12,20260921,1,9,4-2-1,143.9
2026-09-21 19:03:12,20260921,1,9,4-2-3,162.0
2026-09-21 19:03:12,20260921,1,9,4-2-5,480.2
2026-09-21 19:03:12,20260921,1,9,4-2-6,197.1
2026-09-21 19:03:12,20260921,1,9,4-3-1,70.2
2026-09-21 19:03:12,20260921,1,9,4-3-2,154.7
2026-09-21 19:03:12,20260921,1,9,4-3-5,509.2
2026-09-21 19:03:12,20260921,1,9,4-3-6,139.1
2026-09-21 19:03:12,20260921,1,9,4-5-1,298.0
2026-09-21 19:03:12,20260921,1,9,4-5-2,526.6
2026-09-21 19:03:12,20260921,1,9,4-5-3,590.3
2026-09-21 19:03:12,20260921,1,9,4-5-6,456.5
2026-09-21 19:03:12,20260921,1,9,4-6-1,130.7
2026-09-21 19:03:12,20260921,1,9,4-6-2,208.2
2026-09-21 19:03:12,20260921,1,9,4-6-3,156.0
2026-09-21 19:03:12,20260921,1,9,4-6-5,657.3
2026-09-21 19:03:12,20260921,1,9,5-1-2,648.1
2026-09-21 19:03:12,20260921,1,9,5-1-3,568.6
2026-09-21 19:03:12,20260921,1,9,5-1-4,558.3
2026-09-21 19:03:12,20260921,1,9,5-1-6,652.6
2026-09-21 19:03:12,20260921,1,9,5-2-1,735.5
2026-09-21 19:03:12,20260921,1,9,5-2-3,813.0
2026-09-21 19:03:12,20260921,1,9,5-2-4,820.2
2026-09-21 19:03:12,20260921,1,9,5-2-6,936.1
2026-09-21 19:03:12,20260921,1,9,5-3-1,676.5
2026-09-21 19:03:12,20260921,1,9,5-3-2,1053.0
2026-09-21 19:03:12,20260921,1,9,5-3-4,1305.0
2026-09-21 19:03:12,20260921,1,9,5-3-6,1188.0
2026-09-21 19:03:12,20260921,1,9,5-4-1,575.6
2026-09-21 19:03:12,20260921,1,9,5-4-2,785.4
2026-09-21 19:03:12,20260921,1,9,5-4-3,1144.0
2026-09-21 19:03:12,20260921,1,9,5-4-6,827.5
2026-09-21 19:03:12,20260921,1,9,5-6-1,975.6
2026-09-21 19:03:12,20260921,1,9,5-6-2,1252.0
2026-09-21 19:03:12,20260921,1,9,5-6-3,1252.0
2026-09-21 19:03:12,20260921,1,9,5-6-4,1305.0
2026-09-21 19:03:12,20260921,1,9,6-1-2,296.1
2026-09-21 19:03:12,20260921,1,9,6-1-3,117.6
2026-09-21 19:03:12,20260921,1,9,6-1-4,277.4
2026-09-21 19:03:12,20260921,1,9,6-1-5,996.5
2026-09-21 19:03:12,20260921,1,9,6-2-1,449.9
2026-09-21 19:03:12,20260921,1,9,6-2-3,477.7
2026-09-21 19:03:12,20260921,1,9,6-2-4,691.6
2026-09-21 19:03:12,20260921,1,9,6-2-5,850.3
2026-09-21 19:03:12,20260921,1,9,6-3-1,139.5
2026-09-21 19:03:12,20260921,1,9,6-3-2,512.0
2026-09-21 19:03:12,20260921,1,9,6-3-4,274.2
2026-09-21 19:03:12,20260921,1,9,6-3-5,1090.0
2026-09-21 19:03:12,20260921,1,9,6-4-1,342.0
2026-09-21 19:03:12,20260921,1,9,6-4-2,609.7
2026-09-21 19:03:12,20260921,1,9,6-4-3,356.4
2026-09-21 19:03:12,20260921,1,9,6-4-5,1116.0
2026-09-21 19:03:12,20260921,1,9,6-5-1,759.6
2026-09-21 19:03:12,20260921,1,9,6-5-2,1570.0
2026-09-21 19:03:12,20260921,1,9,6-5-3,1383.0
2026-09-21 19:03:12,20260921,1,9,6-5-4,1544.0
2026-09-21 19:13:41,20260921,12,10,1-2-3,5.1
2026-09-21 19:13:41,20260921,12,10,1-2-4,21.4
2026-09-21 19:13:41,20260921,12,10,1-2-5,15.0
2026-09-21 19:13:41,20260921,12,10,1-2-6,57.5
2026-09-21 19:13:41,20260921,12,10,1-3-2,7.5
2026-09-21 19:13:41,20260921,12,10,1-3-4,24.6
2026-09-21 19:13:41,20260921,12,10,1-3-5,16.6
2026-09-21 19:13:41,20260921,12,10,1-3-6,57.2
2026-09-21 19:13:41,20260921,12,10,1-4-2,51.1
2026-09-21 19:13:41,20260921,12,10,1-4-3,73.9
2026-09-21 19:13:41,20260921,12,10,1-4-5,99.7
2026-09-21 19:13:41,20260921,12,10,1-4-6,87.8
2026-09-21 19:13:41,20260921,12,10,1-5-2,42.0
2026-09-21 19:13:41,20260921,12,10,1-5-3,46.9
2026-09-21 19:13:41,20260921,12,10,1-5-4,115.0
2026-09-21 19:13:41,20260921,12,10,1-5-6,170.9
2026-09-21 19:13:41,20260921,12,10,1-6-2,167.2
2026-09-21 19:13:41,20260921,12,10,1-6-3,185.2
2026-09-21 19:13:41,20260921,12,10,1-6-4,216.0
2026-09-21 19:13:41,20260921,12,10,1-6-5,364.5
2026-09-21 19:13:41,20260921,12,10,2-1-3,12.8
2026-09-21 19:13:41,20260921,12,10,2-1-4,49.6
2026-09-21 19:13:41,20260921,12,10,2-1-5,30.9
2026-09-21 19:13:41,20260921,12,10,2-1-6,105.8
2026-09-21 19:13:41,20260921,12,10,2-3-1,20.1
2026-09-21 19:13:41,20260921,12,10,2-3-4,76.6
2026-09-21 19:13:41,20260921,12,10,2-3-5,36.7
2026-09-21 19:13:41,20260921,12,10,2-3-6,156.6
2026-09-21 19:13:41,20260921,12,10,2-4-1,188.2
2026-09-21 19:13:41,20260921,12,10,2-4-3,189.3
2026-09-21 19:13:41,20260921,12,10,2-4-5,244.3
2026-09-21 19:13:41,20260921,12,10,2-4-6,393.7
2026-09-21 19:13:41,20260921,12,10,2-5-1,99.2
2026-09-21 19:13:41,20260921,12,10,2-5-3,119.4
2026-09-21 19:13:41,20260921,12,10,2-5-4,252.4
2026-09-21 19:13:41,20260921,12,10,2-5-6,260.0
2026-09-21 19:13:41,20260921,12,10,2-6-1,459.3
2026-09-21 19:13:41,20260921,12,10,2-6-3,609.7
2026-09-21 19:13:41,20260921,12,10,2-6-4,682.2
2026-09-21 19:13:41,20260921,12,10,2-6-5,546.8
2026-09-21 19:13:41,20260921,12,10,3-1-2,21.7
2026-09-21 19:13:41,20260921,12,10,3-1-4,82.5
2026-09-21 19:13:41,20260921,12,10,3-1-5,44.9
2026-09-21 19:13:41,20260921,12,10,3-1-6,141.1
2026-09-21 19:13:41,20260921,12,10,3-2-1,31.7
2026-09-21 19:13:41,20260921,12,10,3-2-4,120.8
2026-09-21 19:13:41,20260921,12,10,3-2-5,69.0
2026-09-21 19:13:41,20260921,12,10,3-2-6,194.6
2026-09-21 19:13:41,20260921,12,10,3-4-1,272.3
2026-09-21 19:13:41,20260921,12,10,3-4-2,114.0
2026-09-21 19:13:41,20260921,12,10,3-4-5,391.5
2026-09-21 19:13:41,20260921,12,10,3-4-6,422.7
2026-09-21 19:13:41,20260921,12,10,3-5-1,126.2
2026-09-21 19:13:41,20260921,12,10,3-5-2,133.2
2026-09-21 19:13:41,20260921,12,10,3-5-4,366.5
2026-09-21 19:13:41,20260921,12,10,3-5-6,332.8
2026-09-21 19:13:41,20260921,12,10,3-6-1,546.8
2026-09-21 19:13:41,20260921,12,10,3-6-2,579.0
2026-09-21 19:13:41,20260921,12,10,3-6-4,546.8
2026-09-21 19:13:41,20260921,12,10,3-6-5,594.0
2026-09-21 19:13:41,20260921,12,10,4-1-2,159.8
2026-09-21 19:13:41,20260921,12,10,4-1-3,240.9
2026-09-21 19:13:41,20260921,12,10,4-1-5,181.3
2026-09-21 19:13:41,20260921,12,10,4-1-6,355.1
2026-09-21 19:13:41,20260921,12,10,4-2-1,287.1
2026-09-21 19:13:41,20260921,12,10,4-2-3,138.0
2026-09-21 19:13:41,20260921,12,10,4-2-5,321.9
2026-09-21 19:13:41,20260921,12,10,4-2-6,475.2
2026-09-21 19:13:41,20260921,12,10,4-3-1,396.0
2026-09-21 19:13:41,20260921,12,10,4-3-2,425.3
2026-09-21 19:13:41,20260921,12,10,4-3-5,542.5
2026-09-21 19:13:41,20260921,12,10,4-3-6,551.2
2026-09-21 19:13:41,20260921,12,10,4-5-1,226.6
2026-09-21 19:13:41,20260921,12,10,4-5-2,240.9
2026-09-21 19:13:41,20260921,12,10,4-5-3,441.7
2026-09-21 19:13:41,20260921,12,10,4-5-6,560.2
2026-09-21 19:13:41,20260921,12,10,4-6-1,957.0
2026-09-21 19:13:41,20260921,12,10,4-6-2,189.3
2026-09-21 19:13:41,20260921,12,10,4-6-3,638.0
2026-09-21 19:13:41,20260921,12,10,4-6-5,840.3
2026-09-21 19:13:41,20260921,12,10,5-1-2,129.0
2026-09-21 19:13:41,20260921,12,10,5-1-3,139.4
2026-09-21 19:13:41,20260921,12,10,5-1-4,249.6
2026-09-21 19:13:41,20260921,12,10,5-1-6,310.3
2026-09-21 19:13:41,20260921,12,10,5-2-1,178.9
2026-09-21 19:13:41,20260921,12,10,5-2-3,234.3
2026-09-21 19:13:41,20260921,12,10,5-2-4,453.3
2026-09-21 19:13:41,20260921,12,10,5-2-6,372.4
2026-09-21 19:13:41,20260921,12,10,5-3-1,233.5
2026-09-21 19:13:41,20260921,12,10,5-3-2,242.6
2026-09-21 19:13:41,20260921,12,10,5-3-4,588.9
2026-09-21 19:13:41,20260921,12,10,5-3-6,525.9
2026-09-21 19:13:41,20260921,12,10,5-4-1,295.7
2026-09-21 19:13:41,20260921,12,10,5-4-2,506.6
2026-09-21 19:13:41,20260921,12,10,5-4-3,538.3
2026-09-21 19:13:41,20260921,12,10,5-4-6,626.4
2026-09-21 19:13:41,20260921,12,10,5-6-1,792.0
2026-09-21 19:13:41,20260921,12,10,5-6-2,492.1
2026-09-21 19:13:41,20260921,12,10,5-6-3,931.1
2026-09-21 19:13:41,20260921,12,10,5-6-4,1028.0
2026-09-21 19:13:41,20260921,12,10,6-1-2,668.9
2026-09-21 19:13:41,20260921,12,10,6-1-3,957.0
2026-09-21 19:13:41,20260921,12,10,6-1-4,1188.0
2026-09-21 19:13:41,20260921,12,10,6-1-5,1148.0
2026-09-21 19:13:41,20260921,12,10,6-2-1,906.6
2026-09-21 19:13:41,20260921,12,10,6-2-3,1076.0
2026-09-21 19:13:41,20260921,12,10,6-2-4,1167.0
2026-09-21 19:13:41,20260921,12,10,6-2-5,1076.0
2026-09-21 19:13:41,20260921,12,10,6-3-1,1060.0
2026-09-21 19:13:41,20260921,12,10,6-3-2,1566.0
2026-09-21 19:13:41,20260921,12,10,6-3-4,662.5
2026-09-21 19:13:41,20260921,12,10,6-3-5,1325.0
2026-09-21 19:13:41,20260921,12,10,6-4-1,1276.0
2026-09-21 19:13:41,20260921,12,10,6-4-2,1028.0
2026-09-21 19:13:41,20260921,12,10,6-4-3,1148.0
2026-09-21 19:13:41,20260921,12,10,6-4-5,1566.0
2026-09-21 19:13:41,20260921,12,10,6-5-1,1208.0
2026-09-21 19:13:41,20260921,12,10,6-5-2,1300.0
2026-09-21 19:13:41,20260921,12,10,6-5-3,1351.0
2026-09-21 19:13:41,20260921,12,10,6-5-4,1230.0
2026-09-21 19:24:11,20260921,15,10,1-2-3,9.0
2026-09-21 19:24:11,20260921,15,10,1-2-4,12.1
2026-09-21 19:24:11,20260921,15,10,1-2-5,30.3
2026-09-21 19:24:11,20260921,15,10,1-2-6,37.9
2026-09-21 19:24:11,20260921,15,10,1-3-2,10.5
2026-09-21 19:24:11,20260921,15,10,1-3-4,8.7
2026-09-21 19:24:11,20260921,15,10,1-3-5,23.2
2026-09-21 19:24:11,20260921,15,10,1-3-6,41.0
2026-09-21 19:24:11,20260921,15,10,1-4-2,17.0
2026-09-21 19:24:11,20260921,15,10,1-4-3,13.5
2026-09-21 19:24:11,20260921,15,10,1-4-5,31.5
2026-09-21 19:24:11,20260921,15,10,1-4-6,37.6
2026-09-21 19:24:11,20260921,15,10,1-5-2,62.0
2026-09-21 19:24:11,20260921,15,10,1-5-3,58.3
2026-09-21 19:24:11,20260921,15,10,1-5-4,79.4
2026-09-21 19:24:11,20260921,15,10,1-5-6,103.3
2026-09-21 19:24:11,20260921,15,10,1-6-2,88.5
2026-09-21 19:24:11,20260921,15,10,1-6-3,94.6
2026-09-21 19:24:11,20260921,15,10,1-6-4,88.7
2026-09-21 19:24:11,20260921,15,10,1-6-5,130.3
2026-09-21 19:24:11,20260921,15,10,2-1-3,55.9
2026-09-21 19:24:11,20260921,15,10,2-1-4,62.7
2026-09-21 19:24:11,20260921,15,10,2-1-5,130.8
2026-09-21 19:24:11,20260921,15,10,2-1-6,113.2
2026-09-21 19:24:11,20260921,15,10,2-3-1,100.6
2026-09-21 19:24:11,20260921,15,10,2-3-4,160.6
2026-09-21 19:24:11,20260921,15,10,2-3-5,234.6
2026-09-21 19:24:11,20260921,15,10,2-3-6,400.2
2026-09-21 19:24:11,20260921,15,10,2-4-1,125.3
2026-09-21 19:24:11,20260921,15,10,2-4-3,170.4
2026-09-21 19:24:11,20260921,15,10,2-4-5,334.1
2026-09-21 19:24:11,20260921,15,10,2-4-6,230.3
2026-09-21 19:24:11,20260921,15,10,2-5-1,324.0
2026-09-21 19:24:11,20260921,15,10,2-5-3,300.5
2026-09-21 19:24:11,20260921,15,10,2-5-4,462.0
2026-09-21 19:24:11,20260921,15,10,2-5-6,354.7
2026-09-21 19:24:11,20260921,15,10,2-6-1,370.5
2026-09-21 19:24:11,20260921,15,10,2-6-3,523.4
2026-09-21 19:24:11,20260921,15,10,2-6-4,502.3
2026-09-21 19:24:11,20260921,15,10,2-6-5,523.4
2026-09-21 19:24:11,20260921,15,10,3-1-2,51.7
2026-09-21 19:24:11,20260921,15,10,3-1-4,30.4
2026-09-21 19:24:11,20260921,15,10,3-1-5,66.0
2026-09-21 19:24:11,20260921,15,10,3-1-6,110.8
2026-09-21 19:24:11,20260921,15,10,3-2-1,114.4
2026-09-21 19:24:11,20260921,15,10,3-2-4,133.6
2026-09-21 19:24:11,20260921,15,10,3-2-5,186.1
2026-09-21 19:24:11,20260921,15,10,3-2-6,297.0
2026-09-21 19:24:11,20260921,15,10,3-4-1,63.1
2026-09-21 19:24:11,20260921,15,10,3-4-2,114.0
2026-09-21 19:24:11,20260921,15,10,3-4-5,121.5
2026-09-21 19:24:11,20260921,15,10,3-4-6,136.5
2026-09-21 19:24:11,20260921,15,10,3-5-1,201.2
2026-09-21 19:24:11,20260921,15,10,3-5-2,201.2
2026-09-21 19:24:11,20260921,15,10,3-5-4,180.3
2026-09-21 19:24:11,20260921,15,10,3-5-6,299.3
2026-09-21 19:24:11,20260921,15,10,3-6-1,445.5
2026-09-21 19:24:11,20260921,15,10,3-6-2,502.3
2026-09-21 19:24:11,20260921,15,10,3-6-4,324.0
2026-09-21 19:24:11,20260921,15,10,3-6-5,470.7
2026-09-21 19:24:11,20260921,15,10,4-1-2,74.1
2026-09-21 19:24:11,20260921,15,10,4-1-3,48.1
2026-09-21 19:24:11,20260921,15,10,4-1-5,80.6
2026-09-21 19:24:11,20260921,15,10,4-1-6,80.6
2026-09-21 19:24:11,20260921,15,10,4-2-1,155.6
2026-09-21 19:24:11,20260921,15,10,4-2-3,205.6
2026-09-21 19:24:11,20260921,15,10,4-2-5,234.6
2026-09-21 19:24:11,20260921,15,10,4-2-6,299.3
2026-09-21 19:24:11,20260921,15,10,4-3-1,91.5
2026-09-21 19:24:11,20260921,15,10,4-3-2,213.2
2026-09-21 19:24:11,20260921,15,10,4-3-5,239.1
2026-09-21 19:24:11,20260921,15,10,4-3-6,231.7
2026-09-21 19:24:11,20260921,15,10,4-5-1,132.0
2026-09-21 19:24:11,20260921,15,10,4-5-2,222.7
2026-09-21 19:24:11,20260921,15,10,4-5-3,252.0
2026-09-21 19:24:11,20260921,15,10,4-5-6,145.3
2026-09-21 19:24:11,20260921,15,10,4-6-1,216.9
2026-09-21 19:24:11,20260921,15,10,4-6-2,212.6
2026-09-21 19:24:11,20260921,15,10,4-6-3,287.8
2026-09-21 19:24:11,20260921,15,10,4-6-5,263.5
2026-09-21 19:24:11,20260921,15,10,5-1-2,254.5
2026-09-21 19:24:11,20260921,15,10,5-1-3,225.4
2026-09-21 19:24:11,20260921,15,10,5-1-4,208.4
2026-09-21 19:24:11,20260921,15,10,5-1-6,233.9
2026-09-21 19:24:11,20260921,15,10,5-2-1,378.0
2026-09-21 19:24:11,20260921,15,10,5-2-3,368.7
2026-09-21 19:24:11,20260921,15,10,5-2-4,482.8
2026-09-21 19:24:11,20260921,15,10,5-2-6,374.2
2026-09-21 19:24:11,20260921,15,10,5-3-1,391.8
2026-09-21 19:24:11,20260921,15,10,5-3-2,516.2
2026-09-21 19:24:11,20260921,15,10,5-3-4,442.8
2026-09-21 19:24:11,20260921,15,10,5-3-6,699.5
2026-09-21 19:24:11,20260921,15,10,5-4-1,277.2
2026-09-21 19:24:11,20260921,15,10,5-4-2,440.2
2026-09-21 19:24:11,20260921,15,10,5-4-3,425.2
2026-09-21 19:24:11,20260921,15,10,5-4-6,309.2
2026-09-21 19:24:11,20260921,15,10,5-6-1,406.7
2026-09-21 19:24:11,20260921,15,10,5-6-2,381.8
2026-09-21 19:24:11,20260921,15,10,5-6-3,680.4
2026-09-21 19:24:11,20260921,15,10,5-6-4,492.4
2026-09-21 19:24:11,20260921,15,10,6-1-2,293.5
2026-09-21 19:24:11,20260921,15,10,6-1-3,354.7
2026-09-21 19:24:11,20260921,15,10,6-1-4,297.0
2026-09-21 19:24:11,20260921,15,10,6-1-5,527.1
2026-09-21 19:24:11,20260921,15,10,6-2-1,415.8
2026-09-21 19:24:11,20260921,15,10,6-2-3,645.2
2026-09-21 19:24:11,20260921,15,10,6-2-4,668.2
2026-09-21 19:24:11,20260921,15,10,6-2-5,628.9
2026-09-21 19:24:11,20260921,15,10,6-3-1,575.7
2026-09-21 19:24:11,20260921,15,10,6-3-2,779.6
2026-09-21 19:24:11,20260921,15,10,6-3-4,554.4
2026-09-21 19:24:11,20260921,15,10,6-3-5,860.3
2026-09-21 19:24:11,20260921,15,10,6-4-1,470.7
2026-09-21 19:24:11,20260921,15,10,6-4-2,668.2
2026-09-21 19:24:11,20260921,15,10,6-4-3,680.4
2026-09-21 19:24:11,20260921,15,10,6-4-5,662.3
2026-09-21 19:24:11,20260921,15,10,6-5-1,584.7
2026-09-21 19:24:11,20260921,15,10,6-5-2,534.6
2026-09-21 19:24:11,20260921,15,10,6-5-3,880.5
2026-09-21 19:24:11,20260921,15,10,6-5-4,623.7
2026-09-21 19:34:44,20260921,1,10,1-2-3,61.4
2026-09-21 19:34:44,20260921,1,10,1-2-4,59.2
2026-09-21 19:34:44,20260921,1,10,1-2-5,95.7
2026-09-21 19:34:44,20260921,1,10,1-2-6,72.5
2026-09-21 19:34:44,20260921,1,10,1-3-2,44.6
2026-09-21 19:34:44,20260921,1,10,1-3-4,12.6
2026-09-21 19:34:44,20260921,1,10,1-3-5,51.8
2026-09-21 19:34:44,20260921,1,10,1-3-6,17.2
2026-09-21 19:34:44,20260921,1,10,1-4-2,57.6
2026-09-21 19:34:44,20260921,1,10,1-4-3,14.1
2026-09-21 19:34:44,20260921,1,10,1-4-5,55.9
2026-09-21 19:34:44,20260921,1,10,1-4-6,15.7
2026-09-21 19:34:44,20260921,1,10,1-5-2,165.0
2026-09-21 19:34:44,20260921,1,10,1-5-3,114.8
2026-09-21 19:34:44,20260921,1,10,1-5-4,144.8
2026-09-21 19:34:44,20260921,1,10,1-5-6,140.1
2026-09-21 19:34:44,20260921,1,10,1-6-2,62.7
2026-09-21 19:34:44,20260921,1,10,1-6-3,27.7
2026-09-21 19:34:44,20260921,1,10,1-6-4,24.7
2026-09-21 19:34:44,20260921,1,10,1-6-5,71.4
2026-09-21 19:34:44,20260921,1,10,2-1-3,164.7
2026-09-21 19:34:44,20260921,1,10,2-1-4,238.5
2026-09-21 19:34:44,20260921,1,10,2-1-5,263.7
2026-09-21 19:34:44,20260921,1,10,2-1-6,221.5
2026-09-21 19:34:44,20260921,1,10,2-3-1,272.5
2026-09-21 19:34:44,20260921,1,10,2-3-4,355.5
2026-09-21 19:34:44,20260921,1,10,2-3-5,548.4
2026-09-21 19:34:44,20260921,1,10,2-3-6,410.7
2026-09-21 19:34:44,20260921,1,10,2-4-1,438.7
2026-09-21 19:34:44,20260921,1,10,2-4-3,418.3
2026-09-21 19:34:44,20260921,1,10,2-4-5,719.5
2026-09-21 19:34:44,20260921,1,10,2-4-6,257.7
2026-09-21 19:34:44,20260921,1,10,2-5-1,434.5
2026-09-21 19:34:44,20260921,1,10,2-5-3,599.6
2026-09-21 19:34:44,20260921,1,10,2-5-4,686.6
2026-09-21 19:34:44,20260921,1,10,2-5-6,468.4
2026-09-21 19:34:44,20260921,1,10,2-6-1,373.2
2026-09-21 19:34:44,20260921,1,10,2-6-3,434.5
2026-09-21 19:34:44,20260921,1,10,2-6-4,418.3
2026-09-21 19:34:44,20260921,1,10,2-6-5,519.9
2026-09-21 19:34:44,20260921,1,10,3-1-2,95.6
2026-09-21 19:34:44,20260921,1,10,3-1-4,30.8
2026-09-21 19:34:44,20260921,1,10,3-1-5,73.4
2026-09-21 19:34:44,20260921,1,10,3-1-6,35.7
2026-09-21 19:34:44,20260921,1,10,3-2-1,198.9
2026-09-21 19:34:44,20260921,1,10,3-2-4,203.9
2026-09-21 19:34:44,20260921,1,10,3-2-5,277.6
2026-09-21 19:34:44,20260921,1,10,3-2-6,245.0
2026-09-21 19:34:44,20260921,1,10,3-4-1,47.2
2026-09-21 19:34:44,20260921,1,10,3-4-2,145.5
2026-09-21 19:34:44,20260921,1,10,3-4-5,117.7
2026-09-21 19:34:44,20260921,1,10,3-4-6,36.4
2026-09-21 19:34:44,20260921,1,10,3-5-1,208.2
2026-09-21 19:34:44,20260921,1,10,3-5-2,312.3
2026-09-21 19:34:44,20260921,1,10,3-5-4,278.4
2026-09-21 19:34:44,20260921,1,10,3-5-6,254.8
2026-09-21 19:34:44,20260921,1,10,3-6-1,71.8
2026-09-21 19:34:44,20260921,1,10,3-6-2,202.5
2026-09-21 19:34:44,20260921,1,10,3-6-4,60.2
2026-09-21 19:34:44,20260921,1,10,3-6-5,155.8
2026-09-21 19:34:44,20260921,1,10,4-1-2,84.2
2026-09-21 19:34:44,20260921,1,10,4-1-3,38.0
2026-09-21 19:34:44,20260921,1,10,4-1-5,59.3
2026-09-21 19:34:44,20260921,1,10,4-1-6,23.7
2026-09-21 19:34:44,20260921,1,10,4-2-1,238.5
2026-09-21 19:34:44,20260921,1,10,4-2-3,254.8
2026-09-21 19:34:44,20260921,1,10,4-2-5,195.1
2026-09-21 19:34:44,20260921,1,10,4-2-6,131.8
2026-09-21 19:34:44,20260921,1,10,4-3-1,58.9
2026-09-21 19:34:44,20260921,1,10,4-3-2,199.8
2026-09-21 19:34:44,20260921,1,10,4-3-5,126.8
2026-09-21 19:34:44,20260921,1,10,4-3-6,42.2
2026-09-21 19:34:44,20260921,1,10,4-5-1,112.7
2026-09-21 19:34:44,20260921,1,10,4-5-2,201.6
2026-09-21 19:34:44,20260921,1,10,4-5-3,158.0
2026-09-21 19:34:44,20260921,1,10,4-5-6,70.9
2026-09-21 19:34:44,20260921,1,10,4-6-1,28.0
2026-09-21 19:34:44,20260921,1,10,4-6-2,82.7
2026-09-21 19:34:44,20260921,1,10,4-6-3,33.9
2026-09-21 19:34:44,20260921,1,10,4-6-5,39.7
2026-09-21 19:34:44,20260921,1,10,5-1-2,401.5
2026-09-21 19:34:44,20260921,1,10,5-1-3,325.8
2026-09-21 19:34:44,20260921,1,10,5-1-4,293.9
2026-09-21 19:34:44,20260921,1,10,5-1-6,340.7
2026-09-21 19:34:44,20260921,1,10,5-2-1,562.1
2026-09-21 19:34:44,20260921,1,10,5-2-3,691.8
2026-09-21 19:34:44,20260921,1,10,5-2-4,762.2
2026-09-21 19:34:44,20260921,1,10,5-2-6,713.8
2026-09-21 19:34:44,20260921,1,10,5-3-1,454.2
2026-09-21 19:34:44,20260921,1,10,5-3-2,840.6
2026-09-21 19:34:44,20260921,1,10,5-3-4,620.3
2026-09-21 19:34:44,20260921,1,10,5-3-6,628.9
2026-09-21 19:34:44,20260921,1,10,5-4-1,377.9
2026-09-21 19:34:44,20260921,1,10,5-4-2,702.6
2026-09-21 19:34:44,20260921,1,10,5-4-3,681.4
2026-09-21 19:34:44,20260921,1,10,5-4-6,231.2
2026-09-21 19:34:44,20260921,1,10,5-6-1,580.2
2026-09-21 19:34:44,20260921,1,10,5-6-2,565.6
2026-09-21 19:34:44,20260921,1,10,5-6-3,628.9
2026-09-21 19:34:44,20260921,1,10,5-6-4,281.9
2026-09-21 19:34:44,20260921,1,10,6-1-2,112.2
2026-09-21 19:34:44,20260921,1,10,6-1-3,63.7
2026-09-21 19:34:44,20260921,1,10,6-1-4,56.6
2026-09-21 19:34:44,20260921,1,10,6-1-5,103.8
2026-09-21 19:34:44,20260921,1,10,6-2-1,314.4
2026-09-21 19:34:44,20260921,1,10,6-2-3,310.1
2026-09-21 19:34:44,20260921,1,10,6-2-4,300.8
2026-09-21 19:34:44,20260921,1,10,6-2-5,316.7
2026-09-21 19:34:44,20260921,1,10,6-3-1,105.4
2026-09-21 19:34:44,20260921,1,10,6-3-2,305.9
2026-09-21 19:34:44,20260921,1,10,6-3-4,83.2
2026-09-21 19:34:44,20260921,1,10,6-3-5,213.1
2026-09-21 19:34:44,20260921,1,10,6-4-1,55.6
2026-09-21 19:34:44,20260921,1,10,6-4-2,167.1
2026-09-21 19:34:44,20260921,1,10,6-4-3,69.6
2026-09-21 19:34:44,20260921,1,10,6-4-5,71.2
2026-09-21 19:34:44,20260921,1,10,6-5-1,247.7
2026-09-21 19:34:44,20260921,1,10,6-5-2,466.0
2026-09-21 19:34:44,20260921,1,10,6-5-3,316.7
2026-09-21 19:34:44,20260921,1,10,6-5-4,168.1
2026-09-21 19:45:15,20260921,12,11,1-2-3,8.4
2026-09-21 19:45:15,20260921,12,11,1-2-4,6.6
2026-09-21 19:45:15,20260921,12,11,1-2-5,15.5
2026-09-21 19:45:15,20260921,12,11,1-2-6,7.9
2026-09-21 19:45:15,20260921,12,11,1-3-2,16.0
2026-09-21 19:45:15,20260921,12,11,1-3-4,21.9
2026-09-21 19:45:15,20260921,12,11,1-3-5,29.1
2026-09-21 19:45:15,20260921,12,11,1-3-6,19.5
2026-09-21 19:45:15,20260921,12,11,1-4-2,14.1
2026-09-21 19:45:15,20260921,12,11,1-4-3,31.7
2026-09-21 19:45:15,20260921,12,11,1-4-5,38.3
2026-09-21 19:45:15,20260921,12,11,1-4-6,18.7
2026-09-21 19:45:15,20260921,12,11,1-5-2,39.4
2026-09-21 19:45:15,20260921,12,11,1-5-3,57.0
2026-09-21 19:45:15,20260921,12,11,1-5-4,71.0
2026-09-21 19:45:15,20260921,12,11,1-5-6,46.9
2026-09-21 19:45:15,20260921,12,11,1-6-2,19.5
2026-09-21 19:45:15,20260921,12,11,1-6-3,35.6
2026-09-21 19:45:15,20260921,12,11,1-6-4,30.6
2026-09-21 19:45:15,20260921,12,11,1-6-5,50.2
2026-09-21 19:45:15,20260921,12,11,2-1-3,68.2
2026-09-21 19:45:15,20260921,12,11,2-1-4,65.3
2026-09-21 19:45:15,20260921,12,11,2-1-5,119.0
2026-09-21 19:45:15,20260921,12,11,2-1-6,67.0
2026-09-21 19:45:15,20260921,12,11,2-3-1,219.0
2026-09-21 19:45:15,20260921,12,11,2-3-4,294.2
2026-09-21 19:45:15,20260921,12,11,2-3-5,524.6
2026-09-21 19:45:15,20260921,12,11,2-3-6,608.7
2026-09-21 19:45:15,20260921,12,11,2-4-1,258.0
2026-09-21 19:45:15,20260921,12,11,2-4-3,483.3
2026-09-21 19:45:15,20260921,12,11,2-4-5,648.3
2026-09-21 19:45:15,20260921,12,11,2-4-6,337.9
2026-09-21 19:45:15,20260921,12,11,2-5-1,396.7
2026-09-21 19:45:15,20260921,12,11,2-5-3,718.4
2026-09-21 19:45:15,20260921,12,11,2-5-4,839.4
2026-09-21 19:45:15,20260921,12,11,2-5-6,443.0
2026-09-21 19:45:15,20260921,12,11,2-6-1,192.1
2026-09-21 19:45:15,20260921,12,11,2-6-3,731.6
2026-09-21 19:45:15,20260921,12,11,2-6-4,463.6
2026-09-21 19:45:15,20260921,12,11,2-6-5,613.4
2026-09-21 19:45:15,20260921,12,11,3-1-2,130.5
2026-09-21 19:45:15,20260921,12,11,3-1-4,166.4
2026-09-21 19:45:15,20260921,12,11,3-1-5,164.0
2026-09-21 19:45:15,20260921,12,11,3-1-6,146.5
2026-09-21 19:45:15,20260921,12,11,3-2-1,184.6
2026-09-21 19:45:15,20260921,12,11,3-2-4,324.1
2026-09-21 19:45:15,20260921,12,11,3-2-5,396.7
2026-09-21 19:45:15,20260921,12,11,3-2-6,514.5
2026-09-21 19:45:15,20260921,12,11,3-4-1,443.0
2026-09-21 19:45:15,20260921,12,11,3-4-2,394.7
2026-09-21 19:45:15,20260921,12,11,3-4-5,813.7
2026-09-21 19:45:15,20260921,12,11,3-4-6,466.3
2026-09-21 19:45:15,20260921,12,11,3-5-1,396.7
2026-09-21 19:45:15,20260921,12,11,3-5-2,381.5
2026-09-21 19:45:15,20260921,12,11,3-5-4,848.3
2026-09-21 19:45:15,20260921,12,11,3-5-6,613.4
2026-09-21 19:45:15,20260921,12,11,3-6-1,337.9
2026-09-21 19:45:15,20260921,12,11,3-6-2,712.0
2026-09-21 19:45:15,20260921,12,11,3-6-4,608.7
2026-09-21 19:45:15,20260921,12,11,3-6-5,866.8
2026-09-21 19:45:15,20260921,12,11,4-1-2,149.3
2026-09-21 19:45:15,20260921,12,11,4-1-3,303.2
2026-09-21 19:45:15,20260921,12,11,4-1-5,260.6
2026-09-21 19:45:15,20260921,12,11,4-1-6,154.8
2026-09-21 19:45:15,20260921,12,11,4-2-1,257.2
2026-09-21 19:45:15,20260921,12,11,4-2-3,495.3
2026-09-21 19:45:15,20260921,12,11,4-2-5,664.5
2026-09-21 19:45:15,20260921,12,11,4-2-6,318.9
2026-09-21 19:45:15,20260921,12,11,4-3-1,501.5
2026-09-21 19:45:15,20260921,12,11,4-3-2,648.3
2026-09-21 19:45:15,20260921,12,11,4-3-5,781.8
2026-09-21 19:45:15,20260921,12,11,4-3-6,553.8
2026-09-21 19:45:15,20260921,12,11,4-5-1,450.5
2026-09-21 19:45:15,20260921,12,11,4-5-2,675.8
2026-09-21 19:45:15,20260921,12,11,4-5-3,670.1
2026-09-21 19:45:15,20260921,12,11,4-5-6,458.3
2026-09-21 19:45:15,20260921,12,11,4-6-1,299.8
2026-09-21 19:45:15,20260921,12,11,4-6-2,332.2
2026-09-21 19:45:15,20260921,12,11,4-6-3,586.3
2026-09-21 19:45:15,20260921,12,11,4-6-5,613.4
2026-09-21 19:45:15,20260921,12,11,5-1-2,326.8
2026-09-21 19:45:15,20260921,12,11,5-1-3,348.2
2026-09-21 19:45:15,20260921,12,11,5-1-4,445.5
2026-09-21 19:45:15,20260921,12,11,5-1-6,305.5
2026-09-21 19:45:15,20260921,12,11,5-2-1,546.2
2026-09-21 19:45:15,20260921,12,11,5-2-3,797.4
2026-09-21 19:45:15,20260921,12,11,5-2-4,759.5
2026-09-21 19:45:15,20260921,12,11,5-2-6,504.7
2026-09-21 19:45:15,20260921,12,11,5-3-1,618.1
2026-09-21 19:45:15,20260921,12,11,5-3-2,996.8
2026-09-21 19:45:15,20260921,12,11,5-3-4,876.3
2026-09-21 19:45:15,20260921,12,11,5-3-6,1139.0
2026-09-21 19:45:15,20260921,12,11,5-4-1,613.4
2026-09-21 19:45:15,20260921,12,11,5-4-2,857.5
2026-09-21 19:45:15,20260921,12,11,5-4-3,896.0
2026-09-21 19:45:15,20260921,12,11,5-4-6,724.9
2026-09-21 19:45:15,20260921,12,11,5-6-1,604.1
2026-09-21 19:45:15,20260921,12,11,5-6-2,896.0
2026-09-21 19:45:15,20260921,12,11,5-6-3,1172.0
2026-09-21 19:45:15,20260921,12,11,5-6-4,1107.0
2026-09-21 19:45:15,20260921,12,11,6-1-2,110.9
2026-09-21 19:45:15,20260921,12,11,6-1-3,276.9
2026-09-21 19:45:15,20260921,12,11,6-1-4,283.7
2026-09-21 19:45:15,20260921,12,11,6-1-5,268.5
2026-09-21 19:45:15,20260921,12,11,6-2-1,182.4
2026-09-21 19:45:15,20260921,12,11,6-2-3,766.8
2026-09-21 19:45:15,20260921,12,11,6-2-4,501.5
2026-09-21 19:45:15,20260921,12,11,6-2-5,595.1
2026-09-21 19:45:15,20260921,12,11,6-3-1,424.1
2026-09-21 19:45:15,20260921,12,11,6-3-2,712.0
2026-09-21 19:45:15,20260921,12,11,6-3-4,599.6
2026-09-21 19:45:15,20260921,12,11,6-3-5,1077.0
2026-09-21 19:45:15,20260921,12,11,6-4-1,458.3
2026-09-21 19:45:15,20260921,12,11,6-4-2,608.7
2026-09-21 19:45:15,20260921,12,11,6-4-3,960.8
2026-09-21 19:45:15,20260921,12,11,6-4-5,1063.0
2026-09-21 19:45:15,20260921,12,11,6-5-1,653.6
2026-09-21 19:45:15,20260921,12,11,6-5-2,938.2
2026-09-21 19:45:15,20260921,12,11,6-5-3,1329.0
2026-09-21 19:45:15,20260921,12,11,6-5-4,1009.0
2026-09-21 19:55:48,20260921,15,11,1-2-3,6.3
2026-09-21 19:55:48,20260921,15,11,1-2-4,13.7
2026-09-21 19:55:48,20260921,15,11,1-2-5,33.6
2026-09-21 19:55:48,20260921,15,11,1-2-6,60.3
2026-09-21 19:55:48,20260921,15,11,1-3-2,9.9
2026-09-21 19:55:48,20260921,15,11,1-3-4,15.8
2026-09-21 19:55:48,20260921,15,11,1-3-5,37.3
2026-09-21 19:55:48,20260921,15,11,1-3-6,67.6
2026-09-21 19:55:48,20260921,15,11,1-4-2,29.5
2026-09-21 19:55:48,20260921,15,11,1-4-3,36.7
2026-09-21 19:55:48,20260921,15,11,1-4-5,67.2
2026-09-21 19:55:48,20260921,15,11,1-4-6,82.6
2026-09-21 19:55:48,20260921,15,11,1-5-2,65.8
2026-09-21 19:55:48,20260921,15,11,1-5-3,67.2
2026-09-21 19:55:48,20260921,15,11,1-5-4,111.7
2026-09-21 19:55:48,20260921,15,11,1-5-6,180.4
2026-09-21 19:55:48,20260921,15,11,1-6-2,127.9
2026-09-21 19:55:48,20260921,15,11,1-6-3,189.7
2026-09-21 19:55:48,20260921,15,11,1-6-4,140.2
2026-09-21 19:55:48,20260921,15,11,1-6-5,246.9
2026-09-21 19:55:48,20260921,15,11,2-1-3,16.0
2026-09-21 19:55:48,20260921,15,11,2-1-4,23.8
2026-09-21 19:55:48,20260921,15,11,2-1-5,60.3
2026-09-21 19:55:48,20260921,15,11,2-1-6,82.8
2026-09-21 19:55:48,20260921,15,11,2-3-1,25.0
2026-09-21 19:55:48,20260921,15,11,2-3-4,41.8
2026-09-21 19:55:48,20260921,15,11,2-3-5,103.7
2026-09-21 19:55:48,20260921,15,11,2-3-6,151.8
2026-09-21 19:55:48,20260921,15,11,2-4-1,75.7
2026-09-21 19:55:48,20260921,15,11,2-4-3,85.2
2026-09-21 19:55:48,20260921,15,11,2-4-5,221.8
2026-09-21 19:55:48,20260921,15,11,2-4-6,216.1
2026-09-21 19:55:48,20260921,15,11,2-5-1,191.7
2026-09-21 19:55:48,20260921,15,11,2-5-3,201.8
2026-09-21 19:55:48,20260921,15,11,2-5-4,282.6
2026-09-21 19:55:48,20260921,15,11,2-5-6,273.3
2026-09-21 19:55:48,20260921,15,11,2-6-1,413.7
2026-09-21 19:55:48,20260921,15,11,2-6-3,425.2
2026-09-21 19:55:48,20260921,15,11,2-6-4,480.9
2026-09-21 19:55:48,20260921,15,11,2-6-5,534.0
2026-09-21 19:55:48,20260921,15,11,3-1-2,20.8
2026-09-21 19:55:48,20260921,15,11,3-1-4,27.3
2026-09-21 19:55:48,20260921,15,11,3-1-5,52.9
2026-09-21 19:55:48,20260921,15,11,3-1-6,90.1
2026-09-21 19:55:48,20260921,15,11,3-2-1,35.6
2026-09-21 19:55:48,20260921,15,11,3-2-4,57.1
2026-09-21 19:55:48,20260921,15,11,3-2-5,105.2
2026-09-21 19:55:48,20260921,15,11,3-2-6,162.2
2026-09-21 19:55:48,20260921,15,11,3-4-1,77.4
2026-09-21 19:55:48,20260921,15,11,3-4-2,83.7
2026-09-21 19:55:48,20260921,15,11,3-4-5,158.6
2026-09-21 19:55:48,20260921,15,11,3-4-6,172.0
2026-09-21 19:55:48,20260921,15,11,3-5-1,190.1
2026-09-21 19:55:48,20260921,15,11,3-5-2,158.3
2026-09-21 19:55:48,20260921,15,11,3-5-4,264.7
2026-09-21 19:55:48,20260921,15,11,3-5-6,335.2
2026-09-21 19:55:48,20260921,15,11,3-6-1,397.6
2026-09-21 19:55:48,20260921,15,11,3-6-2,415.6
2026-09-21 19:55:48,20260921,15,11,3-6-4,406.4
2026-09-21 19:55:48,20260921,15,11,3-6-5,473.4
2026-09-21 19:55:48,20260921,15,11,4-1-2,96.0
2026-09-21 19:55:48,20260921,15,11,4-1-3,117.6
2026-09-21 19:55:48,20260921,15,11,4-1-5,150.3
2026-09-21 19:55:48,20260921,15,11,4-1-6,171.0
2026-09-21 19:55:48,20260921,15,11,4-2-1,133.3
2026-09-21 19:55:48,20260921,15,11,4-2-3,135.8
2026-09-21 19:55:48,20260921,15,11,4-2-5,211.1
2026-09-21 19:55:48,20260921,15,11,4-2-6,258.0
2026-09-21 19:55:48,20260921,15,11,4-3-1,158.3
2026-09-21 19:55:48,20260921,15,11,4-3-2,165.5
2026-09-21 19:55:48,20260921,15,11,4-3-5,311.3
2026-09-21 19:55:48,20260921,15,11,4-3-6,345.3
2026-09-21 19:55:48,20260921,15,11,4-5-1,207.8
2026-09-21 19:55:48,20260921,15,11,4-5-2,225.6
2026-09-21 19:55:48,20260921,15,11,4-5-3,334.0
2026-09-21 19:55:48,20260921,15,11,4-5-6,238.5
2026-09-21 19:55:48,20260921,15,11,4-6-1,356.0
2026-09-21 19:55:48,20260921,15,11,4-6-2,270.9
2026-09-21 19:55:48,20260921,15,11,4-6-3,530.9
2026-09-21 19:55:48,20260921,15,11,4-6-5,365.9
2026-09-21 19:55:48,20260921,15,11,5-1-2,167.3
2026-09-21 19:55:48,20260921,15,11,5-1-3,212.1
2026-09-21 19:55:48,20260921,15,11,5-1-4,228.4
2026-09-21 19:55:48,20260921,15,11,5-1-6,292.5
2026-09-21 19:55:48,20260921,15,11,5-2-1,264.7
2026-09-21 19:55:48,20260921,15,11,5-2-3,260.9
2026-09-21 19:55:48,20260921,15,11,5-2-4,315.6
2026-09-21 19:55:48,20260921,15,11,5-2-6,401.1
2026-09-21 19:55:48,20260921,15,11,5-3-1,361.6
2026-09-21 19:55:48,20260921,15,11,5-3-2,320.0
2026-09-21 19:55:48,20260921,15,11,5-3-4,504.6
2026-09-21 19:55:48,20260921,15,11,5-3-6,695.8
2026-09-21 19:55:48,20260921,15,11,5-4-1,392.5
2026-09-21 19:55:48,20260921,15,11,5-4-2,425.2
2026-09-21 19:55:48,20260921,15,11,5-4-3,507.4
2026-09-21 19:55:48,20260921,15,11,5-4-6,370.3
2026-09-21 19:55:48,20260921,15,11,5-6-1,712.0
2026-09-21 19:55:48,20260921,15,11,5-6-2,701.1
2026-09-21 19:55:48,20260921,15,11,5-6-3,778.4
2026-09-21 19:55:48,20260921,15,11,5-6-4,642.3
2026-09-21 19:55:48,20260921,15,11,6-1-2,504.6
2026-09-21 19:55:48,20260921,15,11,6-1-3,712.0
2026-09-21 19:55:48,20260921,15,11,6-1-4,752.8
2026-09-21 19:55:48,20260921,15,11,6-1-5,987.6
2026-09-21 19:55:48,20260921,15,11,6-2-1,560.0
2026-09-21 19:55:48,20260921,15,11,6-2-3,812.8
2026-09-21 19:55:48,20260921,15,11,6-2-4,835.0
2026-09-21 19:55:48,20260921,15,11,6-2-5,850.4
2026-09-21 19:55:48,20260921,15,11,6-3-1,805.7
2026-09-21 19:55:48,20260921,15,11,6-3-2,998.3
2026-09-21 19:55:48,20260921,15,11,6-3-4,1032.0
2026-09-21 19:55:48,20260921,15,11,6-3-5,1162.0
2026-09-21 19:55:48,20260921,15,11,6-4-1,765.4
2026-09-21 19:55:48,20260921,15,11,6-4-2,746.7
2026-09-21 19:55:48,20260921,15,11,6-4-3,1055.0
2026-09-21 19:55:48,20260921,15,11,6-4-5,820.1
2026-09-21 19:55:48,20260921,15,11,6-5-1,1055.0
2026-09-21 19:55:48,20260921,15,11,6-5-2,874.7
2026-09-21 19:55:48,20260921,15,11,6-5-3,1177.0
2026-09-21 19:55:48,20260921,15,11,6-5-4,900.5
2026-09-21 20:06:21,20260921,1,11,1-2-3,18.7
2026-09-21 20:06:21,20260921,1,11,1-2-4,13.4
2026-09-21 20:06:21,20260921,1,11,1-2-5,8.9
2026-09-21 20:06:21,20260921,1,11,1-2-6,27.0
2026-09-21 20:06:21,20260921,1,11,1-3-2,55.2
2026-09-21 20:06:21,20260921,1,11,1-3-4,116.8
2026-09-21 20:06:21,20260921,1,11,1-3-5,81.0
2026-09-21 20:06:21,20260921,1,11,1-3-6,137.3
2026-09-21 20:06:21,20260921,1,11,1-4-2,39.6
2026-09-21 20:06:21,20260921,1,11,1-4-3,119.9
2026-09-21 20:06:21,20260921,1,11,1-4-5,62.8
2026-09-21 20:06:21,20260921,1,11,1-4-6,96.2
2026-09-21 20:06:21,20260921,1,11,1-5-2,23.5
2026-09-21 20:06:21,20260921,1,11,1-5-3,75.7
2026-09-21 20:06:21,20260921,1,11,1-5-4,63.8
2026-09-21 20:06:21,20260921,1,11,1-5-6,60.8
2026-09-21 20:06:21,20260921,1,11,1-6-2,95.9
2026-09-21 20:06:21,20260921,1,11,1-6-3,180.4
2026-09-21 20:06:21,20260921,1,11,1-6-4,173.3
2026-09-21 20:06:21,20260921,1,11,1-6-5,145.2
2026-09-21 20:06:21,20260921,1,11,2-1-3,27.6
2026-09-21 20:06:21,20260921,1,11,2-1-4,16.7
2026-09-21 20:06:21,20260921,1,11,2-1-5,11.2
2026-09-21 20:06:21,20260921,1,11,2-1-6,31.9
2026-09-21 20:06:21,20260921,1,11,2-3-1,77.7
2026-09-21 20:06:21,20260921,1,11,2-3-4,91.0
2026-09-21 20:06:21,20260921,1,11,2-3-5,69.4
2026-09-21 20:06:21,20260921,1,11,2-3-6,203.8
2026-09-21 20:06:21,20260921,1,11,2-4-1,39.7
2026-09-21 20:06:21,20260921,1,11,2-4-3,100.2
2026-09-21 20:06:21,20260921,1,11,2-4-5,41.4
2026-09-21 20:06:21,20260921,1,11,2-4-6,71.6
2026-09-21 20:06:21,20260921,1,11,2-5-1,20.4
2026-09-21 20:06:21,20260921,1,11,2-5-3,56.1
2026-09-21 20:06:21,20260921,1,11,2-5-4,38.8
2026-09-21 20:06:21,20260921,1,11,2-5-6,45.6
2026-09-21 20:06:21,20260921,1,11,2-6-1,103.5
2026-09-21 20:06:21,20260921,1,11,2-6-3,294.4
2026-09-21 20:06:21,20260921,1,11,2-6-4,143.8
2026-09-21 20:06:21,20260921,1,11,2-6-5,119.9
2026-09-21 20:06:21,20260921,1,11,3-1-2,178.0
2026-09-21 20:06:21,20260921,1,11,3-1-4,233.8
2026-09-21 20:06:21,20260921,1,11,3-1-5,175.6
2026-09-21 20:06:21,20260921,1,11,3-1-6,308.1
2026-09-21 20:06:21,20260921,1,11,3-2-1,208.3
2026-09-21 20:06:21,20260921,1,11,3-2-4,306.7
2026-09-21 20:06:21,20260921,1,11,3-2-5,217.3
2026-09-21 20:06:21,20260921,1,11,3-2-6,474.4
2026-09-21 20:06:21,20260921,1,11,3-4-1,505.3
2026-09-21 20:06:21,20260921,1,11,3-4-2,386.8
2026-09-21 20:06:21,20260921,1,11,3-4-5,619.2
2026-09-21 20:06:21,20260921,1,11,3-4-6,643.4
2026-09-21 20:06:21,20260921,1,11,3-5-1,323.2
2026-09-21 20:06:21,20260921,1,11,3-5-2,336.4
2026-09-21 20:06:21,20260921,1,11,3-5-4,672.9
2026-09-21 20:06:21,20260921,1,11,3-5-6,594.1
2026-09-21 20:06:21,20260921,1,11,3-6-1,503.4
2026-09-21 20:06:21,20260921,1,11,3-6-2,809.2
2026-09-21 20:06:21,20260921,1,11,3-6-4,909.6
2026-09-21 20:06:21,20260921,1,11,3-6-5,1099.0
2026-09-21 20:06:21,20260921,1,11,4-1-2,74.5
2026-09-21 20:06:21,20260921,1,11,4-1-3,260.1
2026-09-21 20:06:21,20260921,1,11,4-1-5,93.4
2026-09-21 20:06:21,20260921,1,11,4-1-6,169.1
2026-09-21 20:06:21,20260921,1,11,4-2-1,80.8
2026-09-21 20:06:21,20260921,1,11,4-2-3,222.4
2026-09-21 20:06:21,20260921,1,11,4-2-5,84.6
2026-09-21 20:06:21,20260921,1,11,4-2-6,134.8
2026-09-21 20:06:21,20260921,1,11,4-3-1,469.4
2026-09-21 20:06:21,20260921,1,11,4-3-2,444.1
2026-09-21 20:06:21,20260921,1,11,4-3-5,549.5
2026-09-21 20:06:21,20260921,1,11,4-3-6,573.4
2026-09-21 20:06:21,20260921,1,11,4-5-1,91.9
2026-09-21 20:06:21,20260921,1,11,4-5-2,81.1
2026-09-21 20:06:21,20260921,1,11,4-5-3,330.5
2026-09-21 20:06:21,20260921,1,11,4-5-6,121.1
2026-09-21 20:06:21,20260921,1,11,4-6-1,289.2
2026-09-21 20:06:21,20260921,1,11,4-6-2,217.6
2026-09-21 20:06:21,20260921,1,11,4-6-3,578.5
2026-09-21 20:06:21,20260921,1,11,4-6-5,269.7
2026-09-21 20:06:21,20260921,1,11,5-1-2,40.2
2026-09-21 20:06:21,20260921,1,11,5-1-3,163.4
2026-09-21 20:06:21,20260921,1,11,5-1-4,122.4
2026-09-21 20:06:21,20260921,1,11,5-1-6,108.9
2026-09-21 20:06:21,20260921,1,11,5-2-1,47.1
2026-09-21 20:06:21,20260921,1,11,5-2-3,148.2
2026-09-21 20:06:21,20260921,1,11,5-2-4,100.3
2026-09-21 20:06:21,20260921,1,11,5-2-6,94.4
2026-09-21 20:06:21,20260921,1,11,5-3-1,268.6
2026-09-21 20:06:21,20260921,1,11,5-3-2,306.7
2026-09-21 20:06:21,20260921,1,11,5-3-4,640.2
2026-09-21 20:06:21,20260921,1,11,5-3-6,596.8
2026-09-21 20:06:21,20260921,1,11,5-4-1,152.1
2026-09-21 20:06:21,20260921,1,11,5-4-2,122.1
2026-09-21 20:06:21,20260921,1,11,5-4-3,513.2
2026-09-21 20:06:21,20260921,1,11,5-4-6,200.7
2026-09-21 20:06:21,20260921,1,11,5-6-1,206.0
2026-09-21 20:06:21,20260921,1,11,5-6-2,187.3
2026-09-21 20:06:21,20260921,1,11,5-6-3,573.4
2026-09-21 20:06:21,20260921,1,11,5-6-4,330.5
2026-09-21 20:06:21,20260921,1,11,6-1-2,309.6
2026-09-21 20:06:21,20260921,1,11,6-1-3,410.9
2026-09-21 20:06:21,20260921,1,11,6-1-4,804.2
2026-09-21 20:06:21,20260921,1,11,6-1-5,578.5
2026-09-21 20:06:21,20260921,1,11,6-2-1,333.0
2026-09-21 20:06:21,20260921,1,11,6-2-3,694.2
2026-09-21 20:06:21,20260921,1,11,6-2-4,488.5
2026-09-21 20:06:21,20260921,1,11,6-2-5,335.6
2026-09-21 20:06:21,20260921,1,11,6-3-1,666.1
2026-09-21 20:06:21,20260921,1,11,6-3-2,862.1
2026-09-21 20:06:21,20260921,1,11,6-3-4,1167.0
2026-09-21 20:06:21,20260921,1,11,6-3-5,1232.0
2026-09-21 20:06:21,20260921,1,11,6-4-1,862.1
2026-09-21 20:06:21,20260921,1,11,6-4-2,531.8
2026-09-21 20:06:21,20260921,1,11,6-4-3,1232.0
2026-09-21 20:06:21,20260921,1,11,6-4-5,789.8
2026-09-21 20:06:21,20260921,1,11,6-5-1,575.9
2026-09-21 20:06:21,20260921,1,11,6-5-2,466.0
2026-09-21 20:06:21,20260921,1,11,6-5-3,1117.0
2026-09-21 20:06:21,20260921,1,11,6-5-4,819.2
2026-09-21 20:19:31,20260921,12,12,1-2-3,7.4
2026-09-21 20:19:31,20260921,12,12,1-2-4,18.7
2026-09-21 20:19:31,20260921,12,12,1-2-5,27.1
2026-09-21 20:19:31,20260921,12,12,1-2-6,48.2
2026-09-21 20:19:31,20260921,12,12,1-3-2,6.5
2026-09-21 20:19:31,20260921,12,12,1-3-4,6.9
2026-09-21 20:19:31,20260921,12,12,1-3-5,11.5
2026-09-21 20:19:31,20260921,12,12,1-3-6,25.4
2026-09-21 20:19:31,20260921,12,12,1-4-2,25.4
2026-09-21 20:19:31,20260921,12,12,1-4-3,17.4
2026-09-21 20:19:31,20260921,12,12,1-4-5,44.4
2026-09-21 20:19:31,20260921,12,12,1-4-6,58.5
2026-09-21 20:19:31,20260921,12,12,1-5-2,61.5
2026-09-21 20:19:31,20260921,12,12,1-5-3,38.6
2026-09-21 20:19:31,20260921,12,12,1-5-4,85.6
2026-09-21 20:19:31,20260921,12,12,1-5-6,112.7
2026-09-21 20:19:31,20260921,12,12,1-6-2,145.6
2026-09-21 20:19:31,20260921,12,12,1-6-3,114.4
2026-09-21 20:19:31,20260921,12,12,1-6-4,147.1
2026-09-21 20:19:31,20260921,12,12,1-6-5,226.2
2026-09-21 20:19:31,20260921,12,12,2-1-3,63.7
2026-09-21 20:19:31,20260921,12,12,2-1-4,124.9
2026-09-21 20:19:31,20260921,12,12,2-1-5,170.2
2026-09-21 20:19:31,20260921,12,12,2-1-6,223.6
2026-09-21 20:19:31,20260921,12,12,2-3-1,116.8
2026-09-21 20:19:31,20260921,12,12,2-3-4,269.7
2026-09-21 20:19:31,20260921,12,12,2-3-5,419.6
2026-09-21 20:19:31,20260921,12,12,2-3-6,658.3
2026-09-21 20:19:31,20260921,12,12,2-4-1,271.3
2026-09-21 20:19:31,20260921,12,12,2-4-3,352.5
2026-09-21 20:19:31,20260921,12,12,2-4-5,501.4
2026-09-21 20:19:31,20260921,12,12,2-4-6,375.4
2026-09-21 20:19:31,20260921,12,12,2-5-1,339.6
2026-09-21 20:19:31,20260921,12,12,2-5-3,628.5
2026-09-21 20:19:31,20260921,12,12,2-5-4,890.4
2026-09-21 20:19:31,20260921,12,12,2-5-6,731.1
2026-09-21 20:19:31,20260921,12,12,2-6-1,712.3
2026-09-21 20:19:31,20260921,12,12,2-6-3,1044.0
2026-09-21 20:19:31,20260921,12,12,2-6-4,978.2
2026-09-21 20:19:31,20260921,12,12,2-6-5,1148.0
2026-09-21 20:19:31,20260921,12,12,3-1-2,28.7
2026-09-21 20:19:31,20260921,12,12,3-1-4,21.5
2026-09-21 20:19:31,20260921,12,12,3-1-5,37.2
2026-09-21 20:19:31,20260921,12,12,3-1-6,73.4
2026-09-21 20:19:31,20260921,12,12,3-2-1,81.6
2026-09-21 20:19:31,20260921,12,12,3-2-4,146.9
2026-09-21 20:19:31,20260921,12,12,3-2-5,233.8
2026-09-21 20:19:31,20260921,12,12,3-2-6,359.8
2026-09-21 20:19:31,20260921,12,12,3-4-1,67.9
2026-09-21 20:19:31,20260921,12,12,3-4-2,133.9
2026-09-21 20:19:31,20260921,12,12,3-4-5,140.1
2026-09-21 20:19:31,20260921,12,12,3-4-6,192.6
2026-09-21 20:19:31,20260921,12,12,3-5-1,106.3
2026-09-21 20:19:31,20260921,12,12,3-5-2,211.1
2026-09-21 20:19:31,20260921,12,12,3-5-4,234.2
2026-09-21 20:19:31,20260921,12,12,3-5-6,346.4
2026-09-21 20:19:31,20260921,12,12,3-6-1,338.8
2026-09-21 20:19:31,20260921,12,12,3-6-2,601.3
2026-09-21 20:19:31,20260921,12,12,3-6-4,439.5
2026-09-21 20:19:31,20260921,12,12,3-6-5,628.5
2026-09-21 20:19:31,20260921,12,12,4-1-2,126.5
2026-09-21 20:19:31,20260921,12,12,4-1-3,70.6
2026-09-21 20:19:31,20260921,12,12,4-1-5,157.1
2026-09-21 20:19:31,20260921,12,12,4-1-6,209.5
2026-09-21 20:19:31,20260921,12,12,4-2-1,211.1
2026-09-21 20:19:31,20260921,12,12,4-2-3,188.7
2026-09-21 20:19:31,20260921,12,12,4-2-5,363.6
2026-09-21 20:19:31,20260921,12,12,4-2-6,459.9
2026-09-21 20:19:31,20260921,12,12,4-3-1,97.9
2026-09-21 20:19:31,20260921,12,12,4-3-2,238.2
2026-09-21 20:19:31,20260921,12,12,4-3-5,242.0
2026-09-21 20:19:31,20260921,12,12,4-3-6,300.0
2026-09-21 20:19:31,20260921,12,12,4-5-1,228.8
2026-09-21 20:19:31,20260921,12,12,4-5-2,423.5
2026-09-21 20:19:31,20260921,12,12,4-5-3,280.6
2026-09-21 20:19:31,20260921,12,12,4-5-6,282.9
2026-09-21 20:19:31,20260921,12,12,4-6-1,598.7
2026-09-21 20:19:31,20260921,12,12,4-6-2,586.1
2026-09-21 20:19:31,20260921,12,12,4-6-3,569.2
2026-09-21 20:19:31,20260921,12,12,4-6-5,581.2
2026-09-21 20:19:31,20260921,12,12,5-1-2,259.6
2026-09-21 20:19:31,20260921,12,12,5-1-3,152.4
2026-09-21 20:19:31,20260921,12,12,5-1-4,342.1
2026-09-21 20:19:31,20260921,12,12,5-1-6,384.7
2026-09-21 20:19:31,20260921,12,12,5-2-1,358.9
2026-09-21 20:19:31,20260921,12,12,5-2-3,691.0
2026-09-21 20:19:31,20260921,12,12,5-2-4,664.6
2026-09-21 20:19:31,20260921,12,12,5-2-6,560.1
2026-09-21 20:19:31,20260921,12,12,5-3-1,209.2
2026-09-21 20:19:31,20260921,12,12,5-3-2,821.9
2026-09-21 20:19:31,20260921,12,12,5-3-4,553.4
2026-09-21 20:19:31,20260921,12,12,5-3-6,798.3
2026-09-21 20:19:31,20260921,12,12,5-4-1,469.2
2026-09-21 20:19:31,20260921,12,12,5-4-2,680.9
2026-09-21 20:19:31,20260921,12,12,5-4-3,482.3
2026-09-21 20:19:31,20260921,12,12,5-4-6,617.3
2026-09-21 20:19:31,20260921,12,12,5-6-1,793.7
2026-09-21 20:19:31,20260921,12,12,5-6-2,1013.0
2026-09-21 20:19:31,20260921,12,12,5-6-3,1148.0
2026-09-21 20:19:31,20260921,12,12,5-6-4,1111.0
2026-09-21 20:19:31,20260921,12,12,6-1-2,576.3
2026-09-21 20:19:31,20260921,12,12,6-1-3,731.1
2026-09-21 20:19:31,20260921,12,12,6-1-4,1060.0
2026-09-21 20:19:31,20260921,12,12,6-1-5,1085.0
2026-09-21 20:19:31,20260921,12,12,6-2-1,812.3
2026-09-21 20:19:31,20260921,12,12,6-2-3,1052.0
2026-09-21 20:19:31,20260921,12,12,6-2-4,603.9
2026-09-21 20:19:31,20260921,12,12,6-2-5,1197.0
2026-09-21 20:19:31,20260921,12,12,6-3-1,919.9
2026-09-21 20:19:31,20260921,12,12,6-3-2,1403.0
2026-09-21 20:19:31,20260921,12,12,6-3-4,793.7
2026-09-21 20:19:31,20260921,12,12,6-3-5,1694.0
2026-09-21 20:19:31,20260921,12,12,6-4-1,1177.0
2026-09-21 20:19:31,20260921,12,12,6-4-2,628.5
2026-09-21 20:19:31,20260921,12,12,6-4-3,1120.0
2026-09-21 20:19:31,20260921,12,12,6-4-5,1262.0
2026-09-21 20:19:31,20260921,12,12,6-5-1,1111.0
2026-09-21 20:19:31,20260921,12,12,6-5-2,1446.0
2026-09-21 20:19:31,20260921,12,12,6-5-3,1526.0
2026-09-21 20:19:31,20260921,12,12,6-5-4,1634.0
2026-09-21 20:27:32,20260921,15,12,1-2-3,11.1
2026-09-21 20:27:32,20260921,15,12,1-2-4,5.8
2026-09-21 20:27:32,20260921,15,12,1-2-5,19.2
2026-09-21 20:27:32,20260921,15,12,1-2-6,36.4
2026-09-21 20:27:32,20260921,15,12,1-3-2,20.9
2026-09-21 20:27:32,20260921,15,12,1-3-4,22.3
2026-09-21 20:27:32,20260921,15,12,1-3-5,42.4
2026-09-21 20:27:32,20260921,15,12,1-3-6,61.7
2026-09-21 20:27:32,20260921,15,12,1-4-2,10.1
2026-09-21 20:27:32,20260921,15,12,1-4-3,24.6
2026-09-21 20:27:32,20260921,15,12,1-4-5,23.4
2026-09-21 20:27:32,20260921,15,12,1-4-6,33.8
2026-09-21 20:27:32,20260921,15,12,1-5-2,47.0
2026-09-21 20:27:32,20260921,15,12,1-5-3,73.0
2026-09-21 20:27:32,20260921,15,12,1-5-4,56.7
2026-09-21 20:27:32,20260921,15,12,1-5-6,93.1
2026-09-21 20:27:32,20260921,15,12,1-6-2,135.5
2026-09-21 20:27:32,20260921,15,12,1-6-3,198.0
2026-09-21 20:27:32,20260921,15,12,1-6-4,117.5
2026-09-21 20:27:32,20260921,15,12,1-6-5,215.1
2026-09-21 20:27:32,20260921,15,12,2-1-3,34.2
2026-09-21 20:27:32,20260921,15,12,2-1-4,14.0
2026-09-21 20:27:32,20260921,15,12,2-1-5,41.3
2026-09-21 20:27:32,20260921,15,12,2-1-6,72.0
2026-09-21 20:27:32,20260921,15,12,2-3-1,107.2
2026-09-21 20:27:32,20260921,15,12,2-3-4,105.3
2026-09-21 20:27:32,20260921,15,12,2-3-5,205.6
2026-09-21 20:27:32,20260921,15,12,2-3-6,288.6
2026-09-21 20:27:32,20260921,15,12,2-4-1,28.5
2026-09-21 20:27:32,20260921,15,12,2-4-3,83.9
2026-09-21 20:27:32,20260921,15,12,2-4-5,55.0
2026-09-21 20:27:32,20260921,15,12,2-4-6,91.9
2026-09-21 20:27:32,20260921,15,12,2-5-1,150.7
2026-09-21 20:27:32,20260921,15,12,2-5-3,343.4
2026-09-21 20:27:32,20260921,15,12,2-5-4,133.9
2026-09-21 20:27:32,20260921,15,12,2-5-6,305.5
2026-09-21 20:27:32,20260921,15,12,2-6-1,356.5
2026-09-21 20:27:32,20260921,15,12,2-6-3,492.0
2026-09-21 20:27:32,20260921,15,12,2-6-4,261.9
2026-09-21 20:27:32,20260921,15,12,2-6-5,482.0
2026-09-21 20:27:32,20260921,15,12,3-1-2,141.5
2026-09-21 20:27:32,20260921,15,12,3-1-4,130.0
2026-09-21 20:27:32,20260921,15,12,3-1-5,214.8
2026-09-21 20:27:32,20260921,15,12,3-1-6,328.9
2026-09-21 20:27:32,20260921,15,12,3-2-1,232.0
2026-09-21 20:27:32,20260921,15,12,3-2-4,264.7
2026-09-21 20:27:32,20260921,15,12,3-2-5,408.2
2026-09-21 20:27:32,20260921,15,12,3-2-6,568.4
2026-09-21 20:27:32,20260921,15,12,3-4-1,269.5
2026-09-21 20:27:32,20260921,15,12,3-4-2,312.5
2026-09-21 20:27:32,20260921,15,12,3-4-5,498.3
2026-09-21 20:27:32,20260921,15,12,3-4-6,548.5
2026-09-21 20:27:32,20260921,15,12,3-5-1,563.3
2026-09-21 20:27:32,20260921,15,12,3-5-2,616.7
2026-09-21 20:27:32,20260921,15,12,3-5-4,709.1
2026-09-21 20:27:32,20260921,15,12,3-5-6,879.6
2026-09-21 20:27:32,20260921,15,12,3-6-1,1025.0
2026-09-21 20:27:32,20260921,15,12,3-6-2,1025.0
2026-09-21 20:27:32,20260921,15,12,3-6-4,849.7
2026-09-21 20:27:32,20260921,15,12,3-6-5,1006.0
2026-09-21 20:27:32,20260921,15,12,4-1-2,34.7
2026-09-21 20:27:32,20260921,15,12,4-1-3,96.3
2026-09-21 20:27:32,20260921,15,12,4-1-5,63.0
2026-09-21 20:27:32,20260921,15,12,4-1-6,97.0
2026-09-21 20:27:32,20260921,15,12,4-2-1,49.6
2026-09-21 20:27:32,20260921,15,12,4-2-3,142.3
2026-09-21 20:27:32,20260921,15,12,4-2-5,78.4
2026-09-21 20:27:32,20260921,15,12,4-2-6,129.7
2026-09-21 20:27:32,20260921,15,12,4-3-1,223.3
2026-09-21 20:27:32,20260921,15,12,4-3-2,265.2
2026-09-21 20:27:32,20260921,15,12,4-3-5,357.8
2026-09-21 20:27:32,20260921,15,12,4-3-6,434.8
2026-09-21 20:27:32,20260921,15,12,4-5-1,99.8
2026-09-21 20:27:32,20260921,15,12,4-5-2,92.6
2026-09-21 20:27:32,20260921,15,12,4-5-3,277.0
2026-09-21 20:27:32,20260921,15,12,4-5-6,126.5
2026-09-21 20:27:32,20260921,15,12,4-6-1,260.4
2026-09-21 20:27:32,20260921,15,12,4-6-2,228.4
2026-09-21 20:27:32,20260921,15,12,4-6-3,528.8
2026-09-21 20:27:32,20260921,15,12,4-6-5,272.1
2026-09-21 20:27:32,20260921,15,12,5-1-2,234.7
2026-09-21 20:27:32,20260921,15,12,5-1-3,440.1
2026-09-21 20:27:32,20260921,15,12,5-1-4,259.6
2026-09-21 20:27:32,20260921,15,12,5-1-6,375.2
2026-09-21 20:27:32,20260921,15,12,5-2-1,329.6
2026-09-21 20:27:32,20260921,15,12,5-2-3,683.0
2026-09-21 20:27:32,20260921,15,12,5-2-4,278.0
2026-09-21 20:27:32,20260921,15,12,5-2-6,567.1
2026-09-21 20:27:32,20260921,15,12,5-3-1,844.0
2026-09-21 20:27:32,20260921,15,12,5-3-2,945.9
2026-09-21 20:27:32,20260921,15,12,5-3-4,1082.0
2026-09-21 20:27:32,20260921,15,12,5-3-6,1199.0
2026-09-21 20:27:32,20260921,15,12,5-4-1,287.8
2026-09-21 20:27:32,20260921,15,12,5-4-2,239.2
2026-09-21 20:27:32,20260921,15,12,5-4-3,741.6
2026-09-21 20:27:32,20260921,15,12,5-4-6,362.2
2026-09-21 20:27:32,20260921,15,12,5-6-1,797.1
2026-09-21 20:27:32,20260921,15,12,5-6-2,747.2
2026-09-21 20:27:32,20260921,15,12,5-6-3,1193.0
2026-09-21 20:27:32,20260921,15,12,5-6-4,746.0
2026-09-21 20:27:32,20260921,15,12,6-1-2,816.5
2026-09-21 20:27:32,20260921,15,12,6-1-3,1237.0
2026-09-21 20:27:32,20260921,15,12,6-1-4,973.5
2026-09-21 20:27:32,20260921,15,12,6-1-5,1275.0
2026-09-21 20:27:32,20260921,15,12,6-2-1,1053.0
2026-09-21 20:27:32,20260921,15,12,6-2-3,1155.0
2026-09-21 20:27:32,20260921,15,12,6-2-4,688.7
2026-09-21 20:27:32,20260921,15,12,6-2-5,1174.0
2026-09-21 20:27:32,20260921,15,12,6-3-1,1444.0
2026-09-21 20:27:32,20260921,15,12,6-3-2,1487.0
2026-09-21 20:27:32,20260921,15,12,6-3-4,1208.0
2026-09-21 20:27:32,20260921,15,12,6-3-5,1836.0
2026-09-21 20:27:32,20260921,15,12,6-4-1,1087.0
2026-09-21 20:27:32,20260921,15,12,6-4-2,726.6
2026-09-21 20:27:32,20260921,15,12,6-4-3,1424.0
2026-09-21 20:27:32,20260921,15,12,6-4-5,1147.0
2026-09-21 20:27:32,20260921,15,12,6-5-1,1432.0
2026-09-21 20:27:32,20260921,15,12,6-5-2,1392.0
2026-09-21 20:27:32,20260921,15,12,6-5-3,1810.0
2026-09-21 20:27:32,20260921,15,12,6-5-4,1205.0
2026-09-21 20:35:34,20260921,1,12,1-2-3,16.8
2026-09-21 20:35:34,20260921,1,12,1-2-4,11.1
2026-09-21 20:35:34,20260921,1,12,1-2-5,12.2
2026-09-21 20:35:34,20260921,1,12,1-2-6,31.3
2026-09-21 20:35:34,20260921,1,12,1-3-2,23.0
2026-09-21 20:35:34,20260921,1,12,1-3-4,27.3
2026-09-21 20:35:34,20260921,1,12,1-3-5,25.2
2026-09-21 20:35:34,20260921,1,12,1-3-6,42.1
2026-09-21 20:35:34,20260921,1,12,1-4-2,19.2
2026-09-21 20:35:34,20260921,1,12,1-4-3,33.4
2026-09-21 20:35:34,20260921,1,12,1-4-5,19.9
2026-09-21 20:35:34,20260921,1,12,1-4-6,35.5
2026-09-21 20:35:34,20260921,1,12,1-5-2,16.9
2026-09-21 20:35:34,20260921,1,12,1-5-3,32.8
2026-09-21 20:35:34,20260921,1,12,1-5-4,27.0
2026-09-21 20:35:34,20260921,1,12,1-5-6,28.3
2026-09-21 20:35:34,20260921,1,12,1-6-2,72.1
2026-09-21 20:35:34,20260921,1,12,1-6-3,95.3
2026-09-21 20:35:34,20260921,1,12,1-6-4,85.9
2026-09-21 20:35:34,20260921,1,12,1-6-5,67.9
2026-09-21 20:35:34,20260921,1,12,2-1-3,60.3
2026-09-21 20:35:34,20260921,1,12,2-1-4,44.9
2026-09-21 20:35:34,20260921,1,12,2-1-5,41.1
2026-09-21 20:35:34,20260921,1,12,2-1-6,90.5
2026-09-21 20:35:34,20260921,1,12,2-3-1,134.4
2026-09-21 20:35:34,20260921,1,12,2-3-4,180.6
2026-09-21 20:35:34,20260921,1,12,2-3-5,184.4
2026-09-21 20:35:34,20260921,1,12,2-3-6,310.8
2026-09-21 20:35:34,20260921,1,12,2-4-1,107.5
2026-09-21 20:35:34,20260921,1,12,2-4-3,216.8
2026-09-21 20:35:34,20260921,1,12,2-4-5,138.1
2026-09-21 20:35:34,20260921,1,12,2-4-6,203.6
2026-09-21 20:35:34,20260921,1,12,2-5-1,88.0
2026-09-21 20:35:34,20260921,1,12,2-5-3,227.1
2026-09-21 20:35:34,20260921,1,12,2-5-4,163.8
2026-09-21 20:35:34,20260921,1,12,2-5-6,155.5
2026-09-21 20:35:34,20260921,1,12,2-6-1,306.4
2026-09-21 20:35:34,20260921,1,12,2-6-3,555.8
2026-09-21 20:35:34,20260921,1,12,2-6-4,422.6
2026-09-21 20:35:34,20260921,1,12,2-6-5,311.4
2026-09-21 20:35:34,20260921,1,12,3-1-2,106.5
2026-09-21 20:35:34,20260921,1,12,3-1-4,87.8
2026-09-21 20:35:34,20260921,1,12,3-1-5,78.7
2026-09-21 20:35:34,20260921,1,12,3-1-6,140.1
2026-09-21 20:35:34,20260921,1,12,3-2-1,170.8
2026-09-21 20:35:34,20260921,1,12,3-2-4,226.5
2026-09-21 20:35:34,20260921,1,12,3-2-5,249.7
2026-09-21 20:35:34,20260921,1,12,3-2-6,405.7
2026-09-21 20:35:34,20260921,1,12,3-4-1,213.9
2026-09-21 20:35:34,20260921,1,12,3-4-2,292.4
2026-09-21 20:35:34,20260921,1,12,3-4-5,380.7
2026-09-21 20:35:34,20260921,1,12,3-4-6,376.5
2026-09-21 20:35:34,20260921,1,12,3-5-1,188.2
2026-09-21 20:35:34,20260921,1,12,3-5-2,321.8
2026-09-21 20:35:34,20260921,1,12,3-5-4,390.1
2026-09-21 20:35:34,20260921,1,12,3-5-6,401.0
2026-09-21 20:35:34,20260921,1,12,3-6-1,352.7
2026-09-21 20:35:34,20260921,1,12,3-6-2,640.2
2026-09-21 20:35:34,20260921,1,12,3-6-4,626.2
2026-09-21 20:35:34,20260921,1,12,3-6-5,708.4
2026-09-21 20:35:34,20260921,1,12,4-1-2,72.4
2026-09-21 20:35:34,20260921,1,12,4-1-3,128.1
2026-09-21 20:35:34,20260921,1,12,4-1-5,57.5
2026-09-21 20:35:34,20260921,1,12,4-1-6,114.3
2026-09-21 20:35:34,20260921,1,12,4-2-1,138.6
2026-09-21 20:35:34,20260921,1,12,4-2-3,267.9
2026-09-21 20:35:34,20260921,1,12,4-2-5,175.3
2026-09-21 20:35:34,20260921,1,12,4-2-6,251.9
2026-09-21 20:35:34,20260921,1,12,4-3-1,238.4
2026-09-21 20:35:34,20260921,1,12,4-3-2,376.5
2026-09-21 20:35:34,20260921,1,12,4-3-5,386.7
2026-09-21 20:35:34,20260921,1,12,4-3-6,495.2
2026-09-21 20:35:34,20260921,1,12,4-5-1,87.8
2026-09-21 20:35:34,20260921,1,12,4-5-2,163.0
2026-09-21 20:35:34,20260921,1,12,4-5-3,241.4
2026-09-21 20:35:34,20260921,1,12,4-5-6,120.2
2026-09-21 20:35:34,20260921,1,12,4-6-1,292.4
2026-09-21 20:35:34,20260921,1,12,4-6-2,361.6
2026-09-21 20:35:34,20260921,1,12,4-6-3,559.4
2026-09-21 20:35:34,20260921,1,12,4-6-5,275.6
2026-09-21 20:35:34,20260921,1,12,5-1-2,52.6
2026-09-21 20:35:34,20260921,1,12,5-1-3,93.2
2026-09-21 20:35:34,20260921,1,12,5-1-4,74.2
2026-09-21 20:35:34,20260921,1,12,5-1-6,57.5
2026-09-21 20:35:34,20260921,1,12,5-2-1,92.5
2026-09-21 20:35:34,20260921,1,12,5-2-3,240.0
2026-09-21 20:35:34,20260921,1,12,5-2-4,200.7
2026-09-21 20:35:34,20260921,1,12,5-2-6,153.5
2026-09-21 20:35:34,20260921,1,12,5-3-1,205.2
2026-09-21 20:35:34,20260921,1,12,5-3-2,337.6
2026-09-21 20:35:34,20260921,1,12,5-3-4,452.5
2026-09-21 20:35:34,20260921,1,12,5-3-6,381.5
2026-09-21 20:35:34,20260921,1,12,5-4-1,130.9
2026-09-21 20:35:34,20260921,1,12,5-4-2,208.5
2026-09-21 20:35:34,20260921,1,12,5-4-3,384.9
2026-09-21 20:35:34,20260921,1,12,5-4-6,172.1
2026-09-21 20:35:34,20260921,1,12,5-6-1,121.2
2026-09-21 20:35:34,20260921,1,12,5-6-2,168.1
2026-09-21 20:35:34,20260921,1,12,5-6-3,326.7
2026-09-21 20:35:34,20260921,1,12,5-6-4,232.9
2026-09-21 20:35:34,20260921,1,12,6-1-2,327.3
2026-09-21 20:35:34,20260921,1,12,6-1-3,362.3
2026-09-21 20:35:34,20260921,1,12,6-1-4,528.6
2026-09-21 20:35:34,20260921,1,12,6-1-5,304.8
2026-09-21 20:35:34,20260921,1,12,6-2-1,499.5
2026-09-21 20:35:34,20260921,1,12,6-2-3,835.0
2026-09-21 20:35:34,20260921,1,12,6-2-4,669.9
2026-09-21 20:35:34,20260921,1,12,6-2-5,492.4
2026-09-21 20:35:34,20260921,1,12,6-3-1,501.0
2026-09-21 20:35:34,20260921,1,12,6-3-2,864.2
2026-09-21 20:35:34,20260921,1,12,6-3-4,851.5
2026-09-21 20:35:34,20260921,1,12,6-3-5,764.8
2026-09-21 20:35:34,20260921,1,12,6-4-1,545.2
2026-09-21 20:35:34,20260921,1,12,6-4-2,644.9
2026-09-21 20:35:34,20260921,1,12,6-4-3,886.4
2026-09-21 20:35:34,20260921,1,12,6-4-5,523.8
2026-09-21 20:35:34,20260921,1,12,6-5-1,298.5
2026-09-21 20:35:34,20260921,1,12,6-5-2,462.1
2026-09-21 20:35:34,20260921,1,12,6-5-3,732.4
2026-09-21 20:35:34,20260921,1,12,6-5-4,496.7
