ts,date,jcd,rno,combo,odds
2026-09-20 12:53:21,20260920,6,4,1-2-3,6.8
2026-09-20 12:53:21,20260920,6,4,1-2-4,17.0
2026-09-20 12:53:21,20260920,6,4,1-2-5,6.6
2026-09-20 12:53:21,20260920,6,4,1-2-6,60.1
2026-09-20 12:53:21,20260920,6,4,1-3-2,13.7
2026-09-20 12:53:21,20260920,6,4,1-3-4,27.2
2026-09-20 12:53:21,20260920,6,4,1-3-5,13.9
2026-09-20 12:53:21,20260920,6,4,1-3-6,71.2
2026-09-20 12:53:21,20260920,6,4,1-4-2,31.7
2026-09-20 12:53:21,20260920,6,4,1-4-3,42.9
2026-09-20 12:53:21,20260920,6,4,1-4-5,35.3
2026-09-20 12:53:21,20260920,6,4,1-4-6,57.3
2026-09-20 12:53:21,20260920,6,4,1-5-2,11.4
2026-09-20 12:53:21,20260920,6,4,1-5-3,15.4
2026-09-20 12:53:21,20260920,6,4,1-5-4,34.3
2026-09-20 12:53:21,20260920,6,4,1-5-6,95.3
2026-09-20 12:53:21,20260920,6,4,1-6-2,173.5
2026-09-20 12:53:21,20260920,6,4,1-6-3,142.5
2026-09-20 12:53:21,20260920,6,4,1-6-4,188.0
2026-09-20 12:53:21,20260920,6,4,1-6-5,161.1
2026-09-20 12:53:21,20260920,6,4,2-1-3,55.2
2026-09-20 12:53:21,20260920,6,4,2-1-4,102.5
2026-09-20 12:53:21,20260920,6,4,2-1-5,38.5
2026-09-20 12:53:21,20260920,6,4,2-1-6,347.1
2026-09-20 12:53:21,20260920,6,4,2-3-1,144.0
2026-09-20 12:53:21,20260920,6,4,2-3-4,237.5
2026-09-20 12:53:21,20260920,6,4,2-3-5,147.1
2026-09-20 12:53:21,20260920,6,4,2-3-6,300.8
2026-09-20 12:53:21,20260920,6,4,2-4-1,193.4
2026-09-20 12:53:21,20260920,6,4,2-4-3,376.1
2026-09-20 12:53:21,20260920,6,4,2-4-5,330.2
2026-09-20 12:53:21,20260920,6,4,2-4-6,588.6
2026-09-20 12:53:21,20260920,6,4,2-5-1,76.4
2026-09-20 12:53:21,20260920,6,4,2-5-3,165.1
2026-09-20 12:53:21,20260920,6,4,2-5-4,157.4
2026-09-20 12:53:21,20260920,6,4,2-5-6,386.8
2026-09-20 12:53:21,20260920,6,4,2-6-1,541.5
2026-09-20 12:53:21,20260920,6,4,2-6-3,588.6
2026-09-20 12:53:21,20260920,6,4,2-6-4,712.6
2026-09-20 12:53:21,20260920,6,4,2-6-5,451.3
2026-09-20 12:53:21,20260920,6,4,3-1-2,78.7
2026-09-20 12:53:21,20260920,6,4,3-1-4,107.4
2026-09-20 12:53:21,20260920,6,4,3-1-5,60.9
2026-09-20 12:53:21,20260920,6,4,3-1-6,307.7
2026-09-20 12:53:21,20260920,6,4,3-2-1,153.8
2026-09-20 12:53:21,20260920,6,4,3-2-4,288.0
2026-09-20 12:53:21,20260920,6,4,3-2-5,150.4
2026-09-20 12:53:21,20260920,6,4,3-2-6,294.3
2026-09-20 12:53:21,20260920,6,4,3-4-1,155.6
2026-09-20 12:53:21,20260920,6,4,3-4-2,294.3
2026-09-20 12:53:21,20260920,6,4,3-4-5,330.2
2026-09-20 12:53:21,20260920,6,4,3-4-6,307.7
2026-09-20 12:53:21,20260920,6,4,3-5-1,127.7
2026-09-20 12:53:21,20260920,6,4,3-5-2,135.3
2026-09-20 12:53:21,20260920,6,4,3-5-4,233.4
2026-09-20 12:53:21,20260920,6,4,3-5-6,300.8
2026-09-20 12:53:21,20260920,6,4,3-6-1,615.4
2026-09-20 12:53:21,20260920,6,4,3-6-2,386.8
2026-09-20 12:53:21,20260920,6,4,3-6-4,615.4
2026-09-20 12:53:21,20260920,6,4,3-6-5,398.2
2026-09-20 12:53:21,20260920,6,4,4-1-2,110.9
2026-09-20 12:53:21,20260920,6,4,4-1-3,159.2
2026-09-20 12:53:21,20260920,6,4,4-1-5,115.7
2026-09-20 12:53:21,20260920,6,4,4-1-6,196.2
2026-09-20 12:53:21,20260920,6,4,4-2-1,205.1
2026-09-20 12:53:21,20260920,6,4,4-2-3,398.2
2026-09-20 12:53:21,20260920,6,4,4-2-5,347.1
2026-09-20 12:53:21,20260920,6,4,4-2-6,483.5
2026-09-20 12:53:21,20260920,6,4,4-3-1,221.9
2026-09-20 12:53:21,20260920,6,4,4-3-2,564.1
2026-09-20 12:53:21,20260920,6,4,4-3-5,541.5
2026-09-20 12:53:21,20260920,6,4,4-3-6,423.1
2026-09-20 12:53:21,20260920,6,4,4-5-1,196.2
2026-09-20 12:53:21,20260920,6,4,4-5-2,276.3
2026-09-20 12:53:21,20260920,6,4,4-5-3,347.1
2026-09-20 12:53:21,20260920,6,4,4-5-6,501.4
2026-09-20 12:53:21,20260920,6,4,4-6-1,376.1
2026-09-20 12:53:21,20260920,6,4,4-6-2,564.1
2026-09-20 12:53:21,20260920,6,4,4-6-3,615.4
2026-09-20 12:53:21,20260920,6,4,4-6-5,902.6
2026-09-20 12:53:21,20260920,6,4,5-1-2,54.5
2026-09-20 12:53:21,20260920,6,4,5-1-3,71.6
2026-09-20 12:53:21,20260920,6,4,5-1-4,150.4
2026-09-20 12:53:21,20260920,6,4,5-1-6,218.3
2026-09-20 12:53:21,20260920,6,4,5-2-1,93.3
2026-09-20 12:53:21,20260920,6,4,5-2-3,165.1
2026-09-20 12:53:21,20260920,6,4,5-2-4,205.1
2026-09-20 12:53:21,20260920,6,4,5-2-6,208.3
2026-09-20 12:53:21,20260920,6,4,5-3-1,131.4
2026-09-20 12:53:21,20260920,6,4,5-3-2,190.7
2026-09-20 12:53:21,20260920,6,4,5-3-4,410.2
2026-09-20 12:53:21,20260920,6,4,5-3-6,229.4
2026-09-20 12:53:21,20260920,6,4,5-4-1,229.4
2026-09-20 12:53:21,20260920,6,4,5-4-2,376.1
2026-09-20 12:53:21,20260920,6,4,5-4-3,564.1
2026-09-20 12:53:21,20260920,6,4,5-4-6,365.9
2026-09-20 12:53:21,20260920,6,4,5-6-1,451.3
2026-09-20 12:53:21,20260920,6,4,5-6-2,451.3
2026-09-20 12:53:21,20260920,6,4,5-6-3,451.3
2026-09-20 12:53:21,20260920,6,4,5-6-4,615.4
2026-09-20 12:53:21,20260920,6,4,6-1-2,376.1
2026-09-20 12:53:21,20260920,6,4,6-1-3,386.8
2026-09-20 12:53:21,20260920,6,4,6-1-4,423.1
2026-09-20 12:53:21,20260920,6,4,6-1-5,676.9
2026-09-20 12:53:21,20260920,6,4,6-2-1,564.1
2026-09-20 12:53:21,20260920,6,4,6-2-3,644.7
2026-09-20 12:53:21,20260920,6,4,6-2-4,564.1
2026-09-20 12:53:21,20260920,6,4,6-2-5,796.4
2026-09-20 12:53:21,20260920,6,4,6-3-1,712.6
2026-09-20 12:53:21,20260920,6,4,6-3-2,676.9
2026-09-20 12:53:21,20260920,6,4,6-3-4,564.1
2026-09-20 12:53:21,20260920,6,4,6-3-5,846.2
2026-09-20 12:53:21,20260920,6,4,6-4-1,451.3
2026-09-20 12:53:21,20260920,6,4,6-4-2,564.1
2026-09-20 12:53:21,20260920,6,4,6-4-3,712.6
2026-09-20 12:53:21,20260920,6,4,6-4-5,1230.0
2026-09-20 12:53:21,20260920,6,4,6-5-1,644.7
2026-09-20 12:53:21,20260920,6,4,6-5-2,796.4
2026-09-20 12:53:21,20260920,6,4,6-5-3,752.2
2026-09-20 12:53:21,20260920,6,4,6-5-4,1128.0
2026-09-20 12:59:00,20260920,14,10,1-2-3,11.7
2026-09-20 12:59:00,20260920,14,10,1-2-4,7.6
2026-09-20 12:59:00,20260920,14,10,1-2-5,22.8
2026-09-20 12:59:00,20260920,14,10,1-2-6,22.5
2026-09-20 12:59:00,20260920,14,10,1-3-2,18.6
2026-09-20 12:59:00,20260920,14,10,1-3-4,18.0
2026-09-20 12:59:00,20260920,14,10,1-3-5,37.7
2026-09-20 12:59:00,20260920,14,10,1-3-6,52.3
2026-09-20 12:59:00,20260920,14,10,1-4-2,11.4
2026-09-20 12:59:00,20260920,14,10,1-4-3,19.9
2026-09-20 12:59:00,20260920,14,10,1-4-5,27.4
2026-09-20 12:59:00,20260920,14,10,1-4-6,25.1
2026-09-20 12:59:00,20260920,14,10,1-5-2,43.6
2026-09-20 12:59:00,20260920,14,10,1-5-3,57.9
2026-09-20 12:59:00,20260920,14,10,1-5-4,54.2
2026-09-20 12:59:00,20260920,14,10,1-5-6,87.0
2026-09-20 12:59:00,20260920,14,10,1-6-2,80.0
2026-09-20 12:59:00,20260920,14,10,1-6-3,134.9
2026-09-20 12:59:00,20260920,14,10,1-6-4,90.3
2026-09-20 12:59:00,20260920,14,10,1-6-5,177.0
2026-09-20 12:59:00,20260920,14,10,2-1-3,53.4
2026-09-20 12:59:00,20260920,14,10,2-1-4,38.1
2026-09-20 12:59:00,20260920,14,10,2-1-5,111.7
2026-09-20 12:59:00,20260920,14,10,2-1-6,97.9
2026-09-20 12:59:00,20260920,14,10,2-3-1,116.5
2026-09-20 12:59:00,20260920,14,10,2-3-4,144.2
2026-09-20 12:59:00,20260920,14,10,2-3-5,319.3
2026-09-20 12:59:00,20260920,14,10,2-3-6,268.9
2026-09-20 12:59:00,20260920,14,10,2-4-1,79.4
2026-09-20 12:59:00,20260920,14,10,2-4-3,174.4
2026-09-20 12:59:00,20260920,14,10,2-4-5,273.0
2026-09-20 12:59:00,20260920,14,10,2-4-6,152.2
2026-09-20 12:59:00,20260920,14,10,2-5-1,243.3
2026-09-20 12:59:00,20260920,14,10,2-5-3,388.7
2026-09-20 12:59:00,20260920,14,10,2-5-4,483.3
2026-09-20 12:59:00,20260920,14,10,2-5-6,328.1
2026-09-20 12:59:00,20260920,14,10,2-6-1,240.0
2026-09-20 12:59:00,20260920,14,10,2-6-3,415.9
2026-09-20 12:59:00,20260920,14,10,2-6-4,216.7
2026-09-20 12:59:00,20260920,14,10,2-6-5,401.8
2026-09-20 12:59:00,20260920,14,10,3-1-2,64.7
2026-09-20 12:59:00,20260920,14,10,3-1-4,56.5
2026-09-20 12:59:00,20260920,14,10,3-1-5,101.6
2026-09-20 12:59:00,20260920,14,10,3-1-6,166.3
2026-09-20 12:59:00,20260920,14,10,3-2-1,120.0
2026-09-20 12:59:00,20260920,14,10,3-2-4,114.2
2026-09-20 12:59:00,20260920,14,10,3-2-5,147.1
2026-09-20 12:59:00,20260920,14,10,3-2-6,209.1
2026-09-20 12:59:00,20260920,14,10,3-4-1,102.4
2026-09-20 12:59:00,20260920,14,10,3-4-2,120.0
2026-09-20 12:59:00,20260920,14,10,3-4-5,161.1
2026-09-20 12:59:00,20260920,14,10,3-4-6,143.6
2026-09-20 12:59:00,20260920,14,10,3-5-1,218.0
2026-09-20 12:59:00,20260920,14,10,3-5-2,199.8
2026-09-20 12:59:00,20260920,14,10,3-5-4,250.1
2026-09-20 12:59:00,20260920,14,10,3-5-6,311.0
2026-09-20 12:59:00,20260920,14,10,3-6-1,368.7
2026-09-20 12:59:00,20260920,14,10,3-6-2,354.1
2026-09-20 12:59:00,20260920,14,10,3-6-4,279.4
2026-09-20 12:59:00,20260920,14,10,3-6-5,576.9
2026-09-20 12:59:00,20260920,14,10,4-1-2,35.6
2026-09-20 12:59:00,20260920,14,10,4-1-3,58.4
2026-09-20 12:59:00,20260920,14,10,4-1-5,62.4
2026-09-20 12:59:00,20260920,14,10,4-1-6,68.2
2026-09-20 12:59:00,20260920,14,10,4-2-1,76.9
2026-09-20 12:59:00,20260920,14,10,4-2-3,123.3
2026-09-20 12:59:00,20260920,14,10,4-2-5,169.5
2026-09-20 12:59:00,20260920,14,10,4-2-6,109.7
2026-09-20 12:59:00,20260920,14,10,4-3-1,122.9
2026-09-20 12:59:00,20260920,14,10,4-3-2,145.9
2026-09-20 12:59:00,20260920,14,10,4-3-5,206.7
2026-09-20 12:59:00,20260920,14,10,4-3-6,180.6
2026-09-20 12:59:00,20260920,14,10,4-5-1,88.7
2026-09-20 12:59:00,20260920,14,10,4-5-2,153.5
2026-09-20 12:59:00,20260920,14,10,4-5-3,183.4
2026-09-20 12:59:00,20260920,14,10,4-5-6,172.7
2026-09-20 12:59:00,20260920,14,10,4-6-1,140.8
2026-09-20 12:59:00,20260920,14,10,4-6-2,138.6
2026-09-20 12:59:00,20260920,14,10,4-6-3,174.4
2026-09-20 12:59:00,20260920,14,10,4-6-5,250.1
2026-09-20 12:59:00,20260920,14,10,5-1-2,210.4
2026-09-20 12:59:00,20260920,14,10,5-1-3,240.0
2026-09-20 12:59:00,20260920,14,10,5-1-4,204.3
2026-09-20 12:59:00,20260920,14,10,5-1-6,273.0
2026-09-20 12:59:00,20260920,14,10,5-2-1,361.2
2026-09-20 12:59:00,20260920,14,10,5-2-3,430.9
2026-09-20 12:59:00,20260920,14,10,5-2-4,372.5
2026-09-20 12:59:00,20260920,14,10,5-2-6,361.2
2026-09-20 12:59:00,20260920,14,10,5-3-1,503.7
2026-09-20 12:59:00,20260920,14,10,5-3-2,606.2
2026-09-20 12:59:00,20260920,14,10,5-3-4,627.5
2026-09-20 12:59:00,20260920,14,10,5-3-6,616.6
2026-09-20 12:59:00,20260920,14,10,5-4-1,277.2
2026-09-20 12:59:00,20260920,14,10,5-4-2,503.7
2026-09-20 12:59:00,20260920,14,10,5-4-3,606.2
2026-09-20 12:59:00,20260920,14,10,5-4-6,388.7
2026-09-20 12:59:00,20260920,14,10,5-6-1,851.6
2026-09-20 12:59:00,20260920,14,10,5-6-2,650.3
2026-09-20 12:59:00,20260920,14,10,5-6-3,966.7
2026-09-20 12:59:00,20260920,14,10,5-6-4,662.3
2026-09-20 12:59:00,20260920,14,10,6-1-2,322.2
2026-09-20 12:59:00,20260920,14,10,6-1-3,558.8
2026-09-20 12:59:00,20260920,14,10,6-1-4,328.1
2026-09-20 12:59:00,20260920,14,10,6-1-5,761.0
2026-09-20 12:59:00,20260920,14,10,6-2-1,489.9
2026-09-20 12:59:00,20260920,14,10,6-2-3,567.7
2026-09-20 12:59:00,20260920,14,10,6-2-4,316.5
2026-09-20 12:59:00,20260920,14,10,6-2-5,687.8
2026-09-20 12:59:00,20260920,14,10,6-3-1,701.3
2026-09-20 12:59:00,20260920,14,10,6-3-2,745.1
2026-09-20 12:59:00,20260920,14,10,6-3-4,558.8
2026-09-20 12:59:00,20260920,14,10,6-3-5,1153.0
2026-09-20 12:59:00,20260920,14,10,6-4-1,420.8
2026-09-20 12:59:00,20260920,14,10,6-4-2,286.1
2026-09-20 12:59:00,20260920,14,10,6-4-3,586.3
2026-09-20 12:59:00,20260920,14,10,6-4-5,745.1
2026-09-20 12:59:00,20260920,14,10,6-5-1,917.1
2026-09-20 12:59:00,20260920,14,10,6-5-2,687.8
2026-09-20 12:59:00,20260920,14,10,6-5-3,1430.0
2026-09-20 12:59:00,20260920,14,10,6-5-4,851.6
2026-09-20 12:59:09,20260920,17,6,1-2-3,22.3
2026-09-20 12:59:09,20260920,17,6,1-2-4,151.5
2026-09-20 12:59:09,20260920,17,6,1-2-5,298.8
2026-09-20 12:59:09,20260920,17,6,1-2-6,19.5
2026-09-20 12:59:09,20260920,17,6,1-3-2,28.5
2026-09-20 12:59:09,20260920,17,6,1-3-4,128.4
2026-09-20 12:59:09,20260920,17,6,1-3-5,269.5
2026-09-20 12:59:09,20260920,17,6,1-3-6,27.8
2026-09-20 12:59:09,20260920,17,6,1-4-2,339.5
2026-09-20 12:59:09,20260920,17,6,1-4-3,240.9
2026-09-20 12:59:09,20260920,17,6,1-4-5,488.6
2026-09-20 12:59:09,20260920,17,6,1-4-6,360.6
2026-09-20 12:59:09,20260920,17,6,1-5-2,462.7
2026-09-20 12:59:09,20260920,17,6,1-5-3,287.3
2026-09-20 12:59:09,20260920,17,6,1-5-4,843.3
2026-09-20 12:59:09,20260920,17,6,1-5-6,661.8
2026-09-20 12:59:09,20260920,17,6,1-6-2,25.9
2026-09-20 12:59:09,20260920,17,6,1-6-3,34.8
2026-09-20 12:59:09,20260920,17,6,1-6-4,270.9
2026-09-20 12:59:09,20260920,17,6,1-6-5,498.0
2026-09-20 12:59:09,20260920,17,6,2-1-3,20.1
2026-09-20 12:59:09,20260920,17,6,2-1-4,156.0
2026-09-20 12:59:09,20260920,17,6,2-1-5,298.8
2026-09-20 12:59:09,20260920,17,6,2-1-6,16.7
2026-09-20 12:59:09,20260920,17,6,2-3-1,23.2
2026-09-20 12:59:09,20260920,17,6,2-3-4,148.9
2026-09-20 12:59:09,20260920,17,6,2-3-5,295.4
2026-09-20 12:59:09,20260920,17,6,2-3-6,14.4
2026-09-20 12:59:09,20260920,17,6,2-4-1,363.1
2026-09-20 12:59:09,20260920,17,6,2-4-3,341.7
2026-09-20 12:59:09,20260920,17,6,2-4-5,768.9
2026-09-20 12:59:09,20260920,17,6,2-4-6,250.1
2026-09-20 12:59:09,20260920,17,6,2-5-1,615.1
2026-09-20 12:59:09,20260920,17,6,2-5-3,493.3
2026-09-20 12:59:09,20260920,17,6,2-5-4,933.7
2026-09-20 12:59:09,20260920,17,6,2-5-6,539.0
2026-09-20 12:59:09,20260920,17,6,2-6-1,15.6
2026-09-20 12:59:09,20260920,17,6,2-6-3,13.0
2026-09-20 12:59:09,20260920,17,6,2-6-4,115.9
2026-09-20 12:59:09,20260920,17,6,2-6-5,258.8
2026-09-20 12:59:09,20260920,17,6,3-1-2,33.6
2026-09-20 12:59:09,20260920,17,6,3-1-4,184.7
2026-09-20 12:59:09,20260920,17,6,3-1-5,297.1
2026-09-20 12:59:09,20260920,17,6,3-1-6,32.4
2026-09-20 12:59:09,20260920,17,6,3-2-1,35.3
2026-09-20 12:59:09,20260920,17,6,3-2-4,205.0
2026-09-20 12:59:09,20260920,17,6,3-2-5,288.8
2026-09-20 12:59:09,20260920,17,6,3-2-6,21.2
2026-09-20 12:59:09,20260920,17,6,3-4-1,411.7
2026-09-20 12:59:09,20260920,17,6,3-4-2,408.5
2026-09-20 12:59:09,20260920,17,6,3-4-5,968.3
2026-09-20 12:59:09,20260920,17,6,3-4-6,344.0
2026-09-20 12:59:09,20260920,17,6,3-5-1,768.9
2026-09-20 12:59:09,20260920,17,6,3-5-2,344.0
2026-09-20 12:59:09,20260920,17,6,3-5-4,1067.0
2026-09-20 12:59:09,20260920,17,6,3-5-6,653.6
2026-09-20 12:59:09,20260920,17,6,3-6-1,30.9
2026-09-20 12:59:09,20260920,17,6,3-6-2,20.3
2026-09-20 12:59:09,20260920,17,6,3-6-4,173.7
2026-09-20 12:59:09,20260920,17,6,3-6-5,300.5
2026-09-20 12:59:09,20260920,17,6,4-1-2,622.5
2026-09-20 12:59:09,20260920,17,6,4-1-3,533.5
2026-09-20 12:59:09,20260920,17,6,4-1-5,533.5
2026-09-20 12:59:09,20260920,17,6,4-1-6,539.0
2026-09-20 12:59:09,20260920,17,6,4-2-1,645.5
2026-09-20 12:59:09,20260920,17,6,4-2-3,670.3
2026-09-20 12:59:09,20260920,17,6,4-2-5,679.0
2026-09-20 12:59:09,20260920,17,6,4-2-6,390.2
2026-09-20 12:59:09,20260920,17,6,4-3-1,539.0
2026-09-20 12:59:09,20260920,17,6,4-3-2,726.2
2026-09-20 12:59:09,20260920,17,6,4-3-5,1067.0
2026-09-20 12:59:09,20260920,17,6,4-3-6,594.2
2026-09-20 12:59:09,20260920,17,6,4-5-1,757.8
2026-09-20 12:59:09,20260920,17,6,4-5-2,1162.0
2026-09-20 12:59:09,20260920,17,6,4-5-3,1005.0
2026-09-20 12:59:09,20260920,17,6,4-5-6,1005.0
2026-09-20 12:59:09,20260920,17,6,4-6-1,630.0
2026-09-20 12:59:09,20260920,17,6,4-6-2,458.6
2026-09-20 12:59:09,20260920,17,6,4-6-3,661.8
2026-09-20 12:59:09,20260920,17,6,4-6-5,1452.0
2026-09-20 12:59:09,20260920,17,6,5-1-2,594.2
2026-09-20 12:59:09,20260920,17,6,5-1-3,747.0
2026-09-20 12:59:09,20260920,17,6,5-1-4,886.2
2026-09-20 12:59:09,20260920,17,6,5-1-6,688.0
2026-09-20 12:59:09,20260920,17,6,5-2-1,830.0
2026-09-20 12:59:09,20260920,17,6,5-2-3,533.5
2026-09-20 12:59:09,20260920,17,6,5-2-4,1025.0
2026-09-20 12:59:09,20260920,17,6,5-2-6,747.0
2026-09-20 12:59:09,20260920,17,6,5-3-1,968.3
2026-09-20 12:59:09,20260920,17,6,5-3-2,830.0
2026-09-20 12:59:09,20260920,17,6,5-3-4,1686.0
2026-09-20 12:59:09,20260920,17,6,5-3-6,1005.0
2026-09-20 12:59:09,20260920,17,6,5-4-1,1494.0
2026-09-20 12:59:09,20260920,17,6,5-4-2,1340.0
2026-09-20 12:59:09,20260920,17,6,5-4-3,1803.0
2026-09-20 12:59:09,20260920,17,6,5-4-6,1584.0
2026-09-20 12:59:09,20260920,17,6,5-6-1,1112.0
2026-09-20 12:59:09,20260920,17,6,5-6-2,1216.0
2026-09-20 12:59:09,20260920,17,6,5-6-3,757.8
2026-09-20 12:59:09,20260920,17,6,5-6-4,1136.0
2026-09-20 12:59:09,20260920,17,6,6-1-2,22.4
2026-09-20 12:59:09,20260920,17,6,6-1-3,30.8
2026-09-20 12:59:09,20260920,17,6,6-1-4,218.7
2026-09-20 12:59:09,20260920,17,6,6-1-5,307.5
2026-09-20 12:59:09,20260920,17,6,6-2-1,18.5
2026-09-20 12:59:09,20260920,17,6,6-2-3,14.8
2026-09-20 12:59:09,20260920,17,6,6-2-4,134.7
2026-09-20 12:59:09,20260920,17,6,6-2-5,256.3
2026-09-20 12:59:09,20260920,17,6,6-3-1,28.0
2026-09-20 12:59:09,20260920,17,6,6-3-2,18.7
2026-09-20 12:59:09,20260920,17,6,6-3-4,167.5
2026-09-20 12:59:09,20260920,17,6,6-3-5,231.3
2026-09-20 12:59:09,20260920,17,6,6-4-1,533.5
2026-09-20 12:59:09,20260920,17,6,6-4-2,418.3
2026-09-20 12:59:09,20260920,17,6,6-4-3,539.0
2026-09-20 12:59:09,20260920,17,6,6-4-5,950.7
2026-09-20 12:59:09,20260920,17,6,6-5-1,706.6
2026-09-20 12:59:09,20260920,17,6,6-5-2,706.6
2026-09-20 12:59:09,20260920,17,6,6-5-3,587.5
2026-09-20 12:59:09,20260920,17,6,6-5-4,986.6
2026-09-20 13:01:52,20260920,2,6,1-2-3,32.9
2026-09-20 13:01:52,20260920,2,6,1-2-4,117.2
2026-09-20 13:01:52,20260920,2,6,1-2-5,37.7
2026-09-20 13:01:52,20260920,2,6,1-2-6,218.9
2026-09-20 13:01:52,20260920,2,6,1-3-2,36.0
2026-09-20 13:01:52,20260920,2,6,1-3-4,152.2
2026-09-20 13:01:52,20260920,2,6,1-3-5,41.3
2026-09-20 13:01:52,20260920,2,6,1-3-6,304.4
2026-09-20 13:01:52,20260920,2,6,1-4-2,210.2
2026-09-20 13:01:52,20260920,2,6,1-4-3,202.2
2026-09-20 13:01:52,20260920,2,6,1-4-5,190.5
2026-09-20 13:01:52,20260920,2,6,1-4-6,499.7
2026-09-20 13:01:52,20260920,2,6,1-5-2,72.1
2026-09-20 13:01:52,20260920,2,6,1-5-3,77.2
2026-09-20 13:01:52,20260920,2,6,1-5-4,247.5
2026-09-20 13:01:52,20260920,2,6,1-5-6,427.2
2026-09-20 13:01:52,20260920,2,6,1-6-2,448.9
2026-09-20 13:01:52,20260920,2,6,1-6-3,389.5
2026-09-20 13:01:52,20260920,2,6,1-6-4,575.8
2026-09-20 13:01:52,20260920,2,6,1-6-5,854.4
2026-09-20 13:01:52,20260920,2,6,2-1-3,20.3
2026-09-20 13:01:52,20260920,2,6,2-1-4,102.2
2026-09-20 13:01:52,20260920,2,6,2-1-5,28.0
2026-09-20 13:01:52,20260920,2,6,2-1-6,196.2
2026-09-20 13:01:52,20260920,2,6,2-3-1,19.0
2026-09-20 13:01:52,20260920,2,6,2-3-4,46.3
2026-09-20 13:01:52,20260920,2,6,2-3-5,11.7
2026-09-20 13:01:52,20260920,2,6,2-3-6,114.6
2026-09-20 13:01:52,20260920,2,6,2-4-1,193.3
2026-09-20 13:01:52,20260920,2,6,2-4-3,80.5
2026-09-20 13:01:52,20260920,2,6,2-4-5,96.3
2026-09-20 13:01:52,20260920,2,6,2-4-6,395.3
2026-09-20 13:01:52,20260920,2,6,2-5-1,25.5
2026-09-20 13:01:52,20260920,2,6,2-5-3,17.8
2026-09-20 13:01:52,20260920,2,6,2-5-4,89.7
2026-09-20 13:01:52,20260920,2,6,2-5-6,183.9
2026-09-20 13:01:52,20260920,2,6,2-6-1,715.9
2026-09-20 13:01:52,20260920,2,6,2-6-3,249.8
2026-09-20 13:01:52,20260920,2,6,2-6-4,882.9
2026-09-20 13:01:52,20260920,2,6,2-6-5,602.0
2026-09-20 13:01:52,20260920,2,6,3-1-2,31.1
2026-09-20 13:01:52,20260920,2,6,3-1-4,118.7
2026-09-20 13:01:52,20260920,2,6,3-1-5,34.9
2026-09-20 13:01:52,20260920,2,6,3-1-6,245.2
2026-09-20 13:01:52,20260920,2,6,3-2-1,27.8
2026-09-20 13:01:52,20260920,2,6,3-2-4,49.6
2026-09-20 13:01:52,20260920,2,6,3-2-5,13.5
2026-09-20 13:01:52,20260920,2,6,3-2-6,119.8
2026-09-20 13:01:52,20260920,2,6,3-4-1,172.0
2026-09-20 13:01:52,20260920,2,6,3-4-2,68.8
2026-09-20 13:01:52,20260920,2,6,3-4-5,82.5
2026-09-20 13:01:52,20260920,2,6,3-4-6,301.0
2026-09-20 13:01:52,20260920,2,6,3-5-1,48.7
2026-09-20 13:01:52,20260920,2,6,3-5-2,21.2
2026-09-20 13:01:52,20260920,2,6,3-5-4,69.7
2026-09-20 13:01:52,20260920,2,6,3-5-6,108.1
2026-09-20 13:01:52,20260920,2,6,3-6-1,588.6
2026-09-20 13:01:52,20260920,2,6,3-6-2,284.8
2026-09-20 13:01:52,20260920,2,6,3-6-4,490.5
2026-09-20 13:01:52,20260920,2,6,3-6-5,238.6
2026-09-20 13:01:52,20260920,2,6,4-1-2,206.9
2026-09-20 13:01:52,20260920,2,6,4-1-3,197.6
2026-09-20 13:01:52,20260920,2,6,4-1-5,158.6
2026-09-20 13:01:52,20260920,2,6,4-1-6,383.9
2026-09-20 13:01:52,20260920,2,6,4-2-1,178.9
2026-09-20 13:01:52,20260920,2,6,4-2-3,76.5
2026-09-20 13:01:52,20260920,2,6,4-2-5,89.7
2026-09-20 13:01:52,20260920,2,6,4-2-6,264.8
2026-09-20 13:01:52,20260920,2,6,4-3-1,211.9
2026-09-20 13:01:52,20260920,2,6,4-3-2,98.1
2026-09-20 13:01:52,20260920,2,6,4-3-5,125.5
2026-09-20 13:01:52,20260920,2,6,4-3-6,291.0
2026-09-20 13:01:52,20260920,2,6,4-5-1,149.6
2026-09-20 13:01:52,20260920,2,6,4-5-2,84.0
2026-09-20 13:01:52,20260920,2,6,4-5-3,91.6
2026-09-20 13:01:52,20260920,2,6,4-5-6,182.6
2026-09-20 13:01:52,20260920,2,6,4-6-1,616.0
2026-09-20 13:01:52,20260920,2,6,4-6-2,473.0
2026-09-20 13:01:52,20260920,2,6,4-6-3,464.7
2026-09-20 13:01:52,20260920,2,6,4-6-5,499.7
2026-09-20 13:01:52,20260920,2,6,5-1-2,83.2
2026-09-20 13:01:52,20260920,2,6,5-1-3,101.1
2026-09-20 13:01:52,20260920,2,6,5-1-4,243.0
2026-09-20 13:01:52,20260920,2,6,5-1-6,234.4
2026-09-20 13:01:52,20260920,2,6,5-2-1,54.8
2026-09-20 13:01:52,20260920,2,6,5-2-3,20.4
2026-09-20 13:01:52,20260920,2,6,5-2-4,66.2
2026-09-20 13:01:52,20260920,2,6,5-2-6,161.5
2026-09-20 13:01:52,20260920,2,6,5-3-1,78.8
2026-09-20 13:01:52,20260920,2,6,5-3-2,27.2
2026-09-20 13:01:52,20260920,2,6,5-3-4,70.6
2026-09-20 13:01:52,20260920,2,6,5-3-6,232.3
2026-09-20 13:01:52,20260920,2,6,5-4-1,224.4
2026-09-20 13:01:52,20260920,2,6,5-4-2,80.7
2026-09-20 13:01:52,20260920,2,6,5-4-3,77.6
2026-09-20 13:01:52,20260920,2,6,5-4-6,275.9
2026-09-20 13:01:52,20260920,2,6,5-6-1,373.0
2026-09-20 13:01:52,20260920,2,6,5-6-2,297.6
2026-09-20 13:01:52,20260920,2,6,5-6-3,284.8
2026-09-20 13:01:52,20260920,2,6,5-6-4,348.5
2026-09-20 13:01:52,20260920,2,6,6-1-2,509.4
2026-09-20 13:01:52,20260920,2,6,6-1-3,679.2
2026-09-20 13:01:52,20260920,2,6,6-1-4,1558.0
2026-09-20 13:01:52,20260920,2,6,6-1-5,1261.0
2026-09-20 13:01:52,20260920,2,6,6-2-1,981.0
2026-09-20 13:01:52,20260920,2,6,6-2-3,735.8
2026-09-20 13:01:52,20260920,2,6,6-2-4,1151.0
2026-09-20 13:01:52,20260920,2,6,6-2-5,981.0
2026-09-20 13:01:52,20260920,2,6,6-3-1,1151.0
2026-09-20 13:01:52,20260920,2,6,6-3-2,575.8
2026-09-20 13:01:52,20260920,2,6,6-3-4,490.5
2026-09-20 13:01:52,20260920,2,6,6-3-5,756.8
2026-09-20 13:01:52,20260920,2,6,6-4-1,1324.0
2026-09-20 13:01:52,20260920,2,6,6-4-2,1261.0
2026-09-20 13:01:52,20260920,2,6,6-4-3,1018.0
2026-09-20 13:01:52,20260920,2,6,6-4-5,779.0
2026-09-20 13:01:52,20260920,2,6,6-5-1,1018.0
2026-09-20 13:01:52,20260920,2,6,6-5-2,1151.0
2026-09-20 13:01:52,20260920,2,6,6-5-3,981.0
2026-09-20 13:01:52,20260920,2,6,6-5-4,1204.0
2026-09-20 13:07:17,20260920,23,10,1-2-3,20.4
2026-09-20 13:07:17,20260920,23,10,1-2-4,13.8
2026-09-20 13:07:17,20260920,23,10,1-2-5,21.6
2026-09-20 13:07:17,20260920,23,10,1-2-6,40.3
2026-09-20 13:07:17,20260920,23,10,1-3-2,38.3
2026-09-20 13:07:17,20260920,23,10,1-3-4,35.7
2026-09-20 13:07:17,20260920,23,10,1-3-5,54.4
2026-09-20 13:07:17,20260920,23,10,1-3-6,67.1
2026-09-20 13:07:17,20260920,23,10,1-4-2,14.5
2026-09-20 13:07:17,20260920,23,10,1-4-3,26.6
2026-09-20 13:07:17,20260920,23,10,1-4-5,13.4
2026-09-20 13:07:17,20260920,23,10,1-4-6,32.7
2026-09-20 13:07:17,20260920,23,10,1-5-2,44.2
2026-09-20 13:07:17,20260920,23,10,1-5-3,59.5
2026-09-20 13:07:17,20260920,23,10,1-5-4,23.7
2026-09-20 13:07:17,20260920,23,10,1-5-6,51.9
2026-09-20 13:07:17,20260920,23,10,1-6-2,82.8
2026-09-20 13:07:17,20260920,23,10,1-6-3,82.8
2026-09-20 13:07:17,20260920,23,10,1-6-4,77.3
2026-09-20 13:07:17,20260920,23,10,1-6-5,81.1
2026-09-20 13:07:17,20260920,23,10,2-1-3,52.0
2026-09-20 13:07:17,20260920,23,10,2-1-4,42.6
2026-09-20 13:07:17,20260920,23,10,2-1-5,47.9
2026-09-20 13:07:17,20260920,23,10,2-1-6,74.8
2026-09-20 13:07:17,20260920,23,10,2-3-1,95.7
2026-09-20 13:07:17,20260920,23,10,2-3-4,133.4
2026-09-20 13:07:17,20260920,23,10,2-3-5,107.6
2026-09-20 13:07:17,20260920,23,10,2-3-6,129.0
2026-09-20 13:07:17,20260920,23,10,2-4-1,73.6
2026-09-20 13:07:17,20260920,23,10,2-4-3,178.3
2026-09-20 13:07:17,20260920,23,10,2-4-5,116.2
2026-09-20 13:07:17,20260920,23,10,2-4-6,138.2
2026-09-20 13:07:17,20260920,23,10,2-5-1,79.7
2026-09-20 13:07:17,20260920,23,10,2-5-3,174.3
2026-09-20 13:07:17,20260920,23,10,2-5-4,140.7
2026-09-20 13:07:17,20260920,23,10,2-5-6,109.6
2026-09-20 13:07:17,20260920,23,10,2-6-1,220.3
2026-09-20 13:07:17,20260920,23,10,2-6-3,288.3
2026-09-20 13:07:17,20260920,23,10,2-6-4,233.5
2026-09-20 13:07:17,20260920,23,10,2-6-5,197.9
2026-09-20 13:07:17,20260920,23,10,3-1-2,95.3
2026-09-20 13:07:17,20260920,23,10,3-1-4,73.9
2026-09-20 13:07:17,20260920,23,10,3-1-5,82.8
2026-09-20 13:07:17,20260920,23,10,3-1-6,131.2
2026-09-20 13:07:17,20260920,23,10,3-2-1,145.9
2026-09-20 13:07:17,20260920,23,10,3-2-4,134.2
2026-09-20 13:07:17,20260920,23,10,3-2-5,129.0
2026-09-20 13:07:17,20260920,23,10,3-2-6,161.1
2026-09-20 13:07:17,20260920,23,10,3-4-1,123.5
2026-09-20 13:07:17,20260920,23,10,3-4-2,212.3
2026-09-20 13:07:17,20260920,23,10,3-4-5,197.9
2026-09-20 13:07:17,20260920,23,10,3-4-6,203.1
2026-09-20 13:07:17,20260920,23,10,3-5-1,134.2
2026-09-20 13:07:17,20260920,23,10,3-5-2,143.3
2026-09-20 13:07:17,20260920,23,10,3-5-4,191.4
2026-09-20 13:07:17,20260920,23,10,3-5-6,147.8
2026-09-20 13:07:17,20260920,23,10,3-6-1,182.4
2026-09-20 13:07:17,20260920,23,10,3-6-2,240.8
2026-09-20 13:07:17,20260920,23,10,3-6-4,288.3
2026-09-20 13:07:17,20260920,23,10,3-6-5,216.2
2026-09-20 13:07:17,20260920,23,10,4-1-2,35.0
2026-09-20 13:07:17,20260920,23,10,4-1-3,66.1
2026-09-20 13:07:17,20260920,23,10,4-1-5,41.7
2026-09-20 13:07:17,20260920,23,10,4-1-6,67.3
2026-09-20 13:07:17,20260920,23,10,4-2-1,68.1
2026-09-20 13:07:17,20260920,23,10,4-2-3,168.0
2026-09-20 13:07:17,20260920,23,10,4-2-5,95.3
2026-09-20 13:07:17,20260920,23,10,4-2-6,141.5
2026-09-20 13:07:17,20260920,23,10,4-3-1,111.2
2026-09-20 13:07:17,20260920,23,10,4-3-2,233.5
2026-09-20 13:07:17,20260920,23,10,4-3-5,220.3
2026-09-20 13:07:17,20260920,23,10,4-3-6,311.4
2026-09-20 13:07:17,20260920,23,10,4-5-1,82.2
2026-09-20 13:07:17,20260920,23,10,4-5-2,147.8
2026-09-20 13:07:17,20260920,23,10,4-5-3,303.3
2026-09-20 13:07:17,20260920,23,10,4-5-6,77.8
2026-09-20 13:07:17,20260920,23,10,4-6-1,194.6
2026-09-20 13:07:17,20260920,23,10,4-6-2,189.9
2026-09-20 13:07:17,20260920,23,10,4-6-3,389.3
2026-09-20 13:07:17,20260920,23,10,4-6-5,188.3
2026-09-20 13:07:17,20260920,23,10,5-1-2,104.7
2026-09-20 13:07:17,20260920,23,10,5-1-3,176.9
2026-09-20 13:07:17,20260920,23,10,5-1-4,102.9
2026-09-20 13:07:17,20260920,23,10,5-1-6,103.3
2026-09-20 13:07:17,20260920,23,10,5-2-1,159.9
2026-09-20 13:07:17,20260920,23,10,5-2-3,329.0
2026-09-20 13:07:17,20260920,23,10,5-2-4,204.9
2026-09-20 13:07:17,20260920,23,10,5-2-6,157.8
2026-09-20 13:07:17,20260920,23,10,5-3-1,303.3
2026-09-20 13:07:17,20260920,23,10,5-3-2,389.3
2026-09-20 13:07:17,20260920,23,10,5-3-4,343.5
2026-09-20 13:07:17,20260920,23,10,5-3-6,268.5
2026-09-20 13:07:17,20260920,23,10,5-4-1,140.7
2026-09-20 13:07:17,20260920,23,10,5-4-2,278.0
2026-09-20 13:07:17,20260920,23,10,5-4-3,376.7
2026-09-20 13:07:17,20260920,23,10,5-4-6,145.0
2026-09-20 13:07:17,20260920,23,10,5-6-1,182.4
2026-09-20 13:07:17,20260920,23,10,5-6-2,251.1
2026-09-20 13:07:17,20260920,23,10,5-6-3,315.6
2026-09-20 13:07:17,20260920,23,10,5-6-4,201.3
2026-09-20 13:07:17,20260920,23,10,6-1-2,224.6
2026-09-20 13:07:17,20260920,23,10,6-1-3,364.9
2026-09-20 13:07:17,20260920,23,10,6-1-4,370.7
2026-09-20 13:07:17,20260920,23,10,6-1-5,376.7
2026-09-20 13:07:17,20260920,23,10,6-2-1,409.8
2026-09-20 13:07:17,20260920,23,10,6-2-3,543.2
2026-09-20 13:07:17,20260920,23,10,6-2-4,278.0
2026-09-20 13:07:17,20260920,23,10,6-2-5,315.6
2026-09-20 13:07:17,20260920,23,10,6-3-1,530.8
2026-09-20 13:07:17,20260920,23,10,6-3-2,569.7
2026-09-20 13:07:17,20260920,23,10,6-3-4,486.6
2026-09-20 13:07:17,20260920,23,10,6-3-5,497.0
2026-09-20 13:07:17,20260920,23,10,6-4-1,402.7
2026-09-20 13:07:17,20260920,23,10,6-4-2,424.7
2026-09-20 13:07:17,20260920,23,10,6-4-3,631.3
2026-09-20 13:07:17,20260920,23,10,6-4-5,319.9
2026-09-20 13:07:17,20260920,23,10,6-5-1,338.5
2026-09-20 13:07:17,20260920,23,10,6-5-2,288.3
2026-09-20 13:07:17,20260920,23,10,6-5-3,307.3
2026-09-20 13:07:17,20260920,23,10,6-5-4,274.8
2026-09-20 13:11:50,20260920,13,7,1-2-3,51.1
2026-09-20 13:11:50,20260920,13,7,1-2-4,11.5
2026-09-20 13:11:50,20260920,13,7,1-2-5,48.5
2026-09-20 13:11:50,20260920,13,7,1-2-6,158.0
2026-09-20 13:11:50,20260920,13,7,1-3-2,78.6
2026-09-20 13:11:50,20260920,13,7,1-3-4,26.7
2026-09-20 13:11:50,20260920,13,7,1-3-5,97.8
2026-09-20 13:11:50,20260920,13,7,1-3-6,147.2
2026-09-20 13:11:50,20260920,13,7,1-4-2,7.5
2026-09-20 13:11:50,20260920,13,7,1-4-3,17.9
2026-09-20 13:11:50,20260920,13,7,1-4-5,11.6
2026-09-20 13:11:50,20260920,13,7,1-4-6,36.4
2026-09-20 13:11:50,20260920,13,7,1-5-2,59.4
2026-09-20 13:11:50,20260920,13,7,1-5-3,114.8
2026-09-20 13:11:50,20260920,13,7,1-5-4,40.1
2026-09-20 13:11:50,20260920,13,7,1-5-6,136.7
2026-09-20 13:11:50,20260920,13,7,1-6-2,167.2
2026-09-20 13:11:50,20260920,13,7,1-6-3,193.5
2026-09-20 13:11:50,20260920,13,7,1-6-4,98.4
2026-09-20 13:11:50,20260920,13,7,1-6-5,202.6
2026-09-20 13:11:50,20260920,13,7,2-1-3,131.5
2026-09-20 13:11:50,20260920,13,7,2-1-4,54.0
2026-09-20 13:11:50,20260920,13,7,2-1-5,193.5
2026-09-20 13:11:50,20260920,13,7,2-1-6,453.3
2026-09-20 13:11:50,20260920,13,7,2-3-1,331.3
2026-09-20 13:11:50,20260920,13,7,2-3-4,191.4
2026-09-20 13:11:50,20260920,13,7,2-3-5,313.2
2026-09-20 13:11:50,20260920,13,7,2-3-6,717.8
2026-09-20 13:11:50,20260920,13,7,2-4-1,63.1
2026-09-20 13:11:50,20260920,13,7,2-4-3,232.8
2026-09-20 13:11:50,20260920,13,7,2-4-5,220.8
2026-09-20 13:11:50,20260920,13,7,2-4-6,297.0
2026-09-20 13:11:50,20260920,13,7,2-5-1,337.8
2026-09-20 13:11:50,20260920,13,7,2-5-3,420.2
2026-09-20 13:11:50,20260920,13,7,2-5-4,410.1
2026-09-20 13:11:50,20260920,13,7,2-5-6,538.3
2026-09-20 13:11:50,20260920,13,7,2-6-1,906.7
2026-09-20 13:11:50,20260920,13,7,2-6-3,861.4
2026-09-20 13:11:50,20260920,13,7,2-6-4,594.0
2026-09-20 13:11:50,20260920,13,7,2-6-5,783.1
2026-09-20 13:11:50,20260920,13,7,3-1-2,265.0
2026-09-20 13:11:50,20260920,13,7,3-1-4,132.5
2026-09-20 13:11:50,20260920,13,7,3-1-5,218.0
2026-09-20 13:11:50,20260920,13,7,3-1-6,689.1
2026-09-20 13:11:50,20260920,13,7,3-2-1,430.7
2026-09-20 13:11:50,20260920,13,7,3-2-4,374.5
2026-09-20 13:11:50,20260920,13,7,3-2-5,265.0
2026-09-20 13:11:50,20260920,13,7,3-2-6,1148.0
2026-09-20 13:11:50,20260920,13,7,3-4-1,218.0
2026-09-20 13:11:50,20260920,13,7,3-4-2,331.3
2026-09-20 13:11:50,20260920,13,7,3-4-5,492.2
2026-09-20 13:11:50,20260920,13,7,3-4-6,430.7
2026-09-20 13:11:50,20260920,13,7,3-5-1,594.0
2026-09-20 13:11:50,20260920,13,7,3-5-2,337.8
2026-09-20 13:11:50,20260920,13,7,3-5-4,453.3
2026-09-20 13:11:50,20260920,13,7,3-5-6,861.4
2026-09-20 13:11:50,20260920,13,7,3-6-1,1013.0
2026-09-20 13:11:50,20260920,13,7,3-6-2,1148.0
2026-09-20 13:11:50,20260920,13,7,3-6-4,555.7
2026-09-20 13:11:50,20260920,13,7,3-6-5,615.2
2026-09-20 13:11:50,20260920,13,7,4-1-2,9.1
2026-09-20 13:11:50,20260920,13,7,4-1-3,19.4
2026-09-20 13:11:50,20260920,13,7,4-1-5,12.1
2026-09-20 13:11:50,20260920,13,7,4-1-6,33.3
2026-09-20 13:11:50,20260920,13,7,4-2-1,25.0
2026-09-20 13:11:50,20260920,13,7,4-2-3,88.8
2026-09-20 13:11:50,20260920,13,7,4-2-5,56.4
2026-09-20 13:11:50,20260920,13,7,4-2-6,152.4
2026-09-20 13:11:50,20260920,13,7,4-3-1,85.2
2026-09-20 13:11:50,20260920,13,7,4-3-2,152.4
2026-09-20 13:11:50,20260920,13,7,4-3-5,207.5
2026-09-20 13:11:50,20260920,13,7,4-3-6,236.0
2026-09-20 13:11:50,20260920,13,7,4-5-1,26.8
2026-09-20 13:11:50,20260920,13,7,4-5-2,39.7
2026-09-20 13:11:50,20260920,13,7,4-5-3,79.0
2026-09-20 13:11:50,20260920,13,7,4-5-6,50.5
2026-09-20 13:11:50,20260920,13,7,4-6-1,103.1
2026-09-20 13:11:50,20260920,13,7,4-6-2,223.7
2026-09-20 13:11:50,20260920,13,7,4-6-3,277.8
2026-09-20 13:11:50,20260920,13,7,4-6-5,146.0
2026-09-20 13:11:50,20260920,13,7,5-1-2,136.7
2026-09-20 13:11:50,20260920,13,7,5-1-3,144.7
2026-09-20 13:11:50,20260920,13,7,5-1-4,84.4
2026-09-20 13:11:50,20260920,13,7,5-1-6,144.7
2026-09-20 13:11:50,20260920,13,7,5-2-1,522.0
2026-09-20 13:11:50,20260920,13,7,5-2-3,492.2
2026-09-20 13:11:50,20260920,13,7,5-2-4,331.3
2026-09-20 13:11:50,20260920,13,7,5-2-6,594.0
2026-09-20 13:11:50,20260920,13,7,5-3-1,906.7
2026-09-20 13:11:50,20260920,13,7,5-3-2,594.0
2026-09-20 13:11:50,20260920,13,7,5-3-4,615.2
2026-09-20 13:11:50,20260920,13,7,5-3-6,574.2
2026-09-20 13:11:50,20260920,13,7,5-4-1,77.9
2026-09-20 13:11:50,20260920,13,7,5-4-2,123.0
2026-09-20 13:11:50,20260920,13,7,5-4-3,162.5
2026-09-20 13:11:50,20260920,13,7,5-4-6,133.5
2026-09-20 13:11:50,20260920,13,7,5-6-1,638.0
2026-09-20 13:11:50,20260920,13,7,5-6-2,820.3
2026-09-20 13:11:50,20260920,13,7,5-6-3,957.1
2026-09-20 13:11:50,20260920,13,7,5-6-4,253.3
2026-09-20 13:11:50,20260920,13,7,6-1-2,522.0
2026-09-20 13:11:50,20260920,13,7,6-1-3,906.7
2026-09-20 13:11:50,20260920,13,7,6-1-4,574.2
2026-09-20 13:11:50,20260920,13,7,6-1-5,1076.0
2026-09-20 13:11:50,20260920,13,7,6-2-1,1435.0
2026-09-20 13:11:50,20260920,13,7,6-2-3,1914.0
2026-09-20 13:11:50,20260920,13,7,6-2-4,957.1
2026-09-20 13:11:50,20260920,13,7,6-2-5,1914.0
2026-09-20 13:11:50,20260920,13,7,6-3-1,1325.0
2026-09-20 13:11:50,20260920,13,7,6-3-2,2153.0
2026-09-20 13:11:50,20260920,13,7,6-3-4,717.8
2026-09-20 13:11:50,20260920,13,7,6-3-5,1435.0
2026-09-20 13:11:50,20260920,13,7,6-4-1,492.2
2026-09-20 13:11:50,20260920,13,7,6-4-2,861.4
2026-09-20 13:11:50,20260920,13,7,6-4-3,1148.0
2026-09-20 13:11:50,20260920,13,7,6-4-5,689.1
2026-09-20 13:11:50,20260920,13,7,6-5-1,1230.0
2026-09-20 13:11:50,20260920,13,7,6-5-2,2153.0
2026-09-20 13:11:50,20260920,13,7,6-5-3,1566.0
2026-09-20 13:11:50,20260920,13,7,6-5-4,506.7
2026-09-20 13:14:48,20260920,16,6,1-2-3,35.2
2026-09-20 13:14:48,20260920,16,6,1-2-4,96.2
2026-09-20 13:14:48,20260920,16,6,1-2-5,59.9
2026-09-20 13:14:48,20260920,16,6,1-2-6,85.0
2026-09-20 13:14:48,20260920,16,6,1-3-2,31.3
2026-09-20 13:14:48,20260920,16,6,1-3-4,133.8
2026-09-20 13:14:48,20260920,16,6,1-3-5,26.4
2026-09-20 13:14:48,20260920,16,6,1-3-6,100.6
2026-09-20 13:14:48,20260920,16,6,1-4-2,189.1
2026-09-20 13:14:48,20260920,16,6,1-4-3,166.2
2026-09-20 13:14:48,20260920,16,6,1-4-5,207.0
2026-09-20 13:14:48,20260920,16,6,1-4-6,313.5
2026-09-20 13:14:48,20260920,16,6,1-5-2,39.3
2026-09-20 13:14:48,20260920,16,6,1-5-3,27.2
2026-09-20 13:14:48,20260920,16,6,1-5-4,159.0
2026-09-20 13:14:48,20260920,16,6,1-5-6,76.7
2026-09-20 13:14:48,20260920,16,6,1-6-2,133.8
2026-09-20 13:14:48,20260920,16,6,1-6-3,140.6
2026-09-20 13:14:48,20260920,16,6,1-6-4,182.8
2026-09-20 13:14:48,20260920,16,6,1-6-5,121.9
2026-09-20 13:14:48,20260920,16,6,2-1-3,57.7
2026-09-20 13:14:48,20260920,16,6,2-1-4,140.6
2026-09-20 13:14:48,20260920,16,6,2-1-5,106.5
2026-09-20 13:14:48,20260920,16,6,2-1-6,215.1
2026-09-20 13:14:48,20260920,16,6,2-3-1,49.8
2026-09-20 13:14:48,20260920,16,6,2-3-4,94.5
2026-09-20 13:14:48,20260920,16,6,2-3-5,28.1
2026-09-20 13:14:48,20260920,16,6,2-3-6,108.6
2026-09-20 13:14:48,20260920,16,6,2-4-1,313.5
2026-09-20 13:14:48,20260920,16,6,2-4-3,176.9
2026-09-20 13:14:48,20260920,16,6,2-4-5,304.8
2026-09-20 13:14:48,20260920,16,6,2-4-6,406.4
2026-09-20 13:14:48,20260920,16,6,2-5-1,99.7
2026-09-20 13:14:48,20260920,16,6,2-5-3,33.7
2026-09-20 13:14:48,20260920,16,6,2-5-4,207.0
2026-09-20 13:14:48,20260920,16,6,2-5-6,121.9
2026-09-20 13:14:48,20260920,16,6,2-6-1,304.8
2026-09-20 13:14:48,20260920,16,6,2-6-3,267.6
2026-09-20 13:14:48,20260920,16,6,2-6-4,548.6
2026-09-20 13:14:48,20260920,16,6,2-6-5,219.4
2026-09-20 13:14:48,20260920,16,6,3-1-2,38.2
2026-09-20 13:14:48,20260920,16,6,3-1-4,113.1
2026-09-20 13:14:48,20260920,16,6,3-1-5,28.9
2026-09-20 13:14:48,20260920,16,6,3-1-6,98.8
2026-09-20 13:14:48,20260920,16,6,3-2-1,39.1
2026-09-20 13:14:48,20260920,16,6,3-2-4,100.6
2026-09-20 13:14:48,20260920,16,6,3-2-5,25.1
2026-09-20 13:14:48,20260920,16,6,3-2-6,88.4
2026-09-20 13:14:48,20260920,16,6,3-4-1,281.3
2026-09-20 13:14:48,20260920,16,6,3-4-2,182.8
2026-09-20 13:14:48,20260920,16,6,3-4-5,171.4
2026-09-20 13:14:48,20260920,16,6,3-4-6,332.5
2026-09-20 13:14:48,20260920,16,6,3-5-1,26.1
2026-09-20 13:14:48,20260920,16,6,3-5-2,15.8
2026-09-20 13:14:48,20260920,16,6,3-5-4,82.5
2026-09-20 13:14:48,20260920,16,6,3-5-6,20.9
2026-09-20 13:14:48,20260920,16,6,3-6-1,168.8
2026-09-20 13:14:48,20260920,16,6,3-6-2,138.9
2026-09-20 13:14:48,20260920,16,6,3-6-4,342.9
2026-09-20 13:14:48,20260920,16,6,3-6-5,64.9
2026-09-20 13:14:48,20260920,16,6,4-1-2,207.0
2026-09-20 13:14:48,20260920,16,6,4-1-3,267.6
2026-09-20 13:14:48,20260920,16,6,4-1-5,207.0
2026-09-20 13:14:48,20260920,16,6,4-1-6,422.0
2026-09-20 13:14:48,20260920,16,6,4-2-1,365.7
2026-09-20 13:14:48,20260920,16,6,4-2-3,243.8
2026-09-20 13:14:48,20260920,16,6,4-2-5,391.9
2026-09-20 13:14:48,20260920,16,6,4-2-6,438.9
2026-09-20 13:14:48,20260920,16,6,4-3-1,322.7
2026-09-20 13:14:48,20260920,16,6,4-3-2,332.5
2026-09-20 13:14:48,20260920,16,6,4-3-5,342.9
2026-09-20 13:14:48,20260920,16,6,4-3-6,731.5
2026-09-20 13:14:48,20260920,16,6,4-5-1,438.9
2026-09-20 13:14:48,20260920,16,6,4-5-2,391.9
2026-09-20 13:14:48,20260920,16,6,4-5-3,391.9
2026-09-20 13:14:48,20260920,16,6,4-5-6,353.9
2026-09-20 13:14:48,20260920,16,6,4-6-1,731.5
2026-09-20 13:14:48,20260920,16,6,4-6-2,438.9
2026-09-20 13:14:48,20260920,16,6,4-6-3,731.5
2026-09-20 13:14:48,20260920,16,6,4-6-5,457.2
2026-09-20 13:14:48,20260920,16,6,5-1-2,53.0
2026-09-20 13:14:48,20260920,16,6,5-1-3,24.3
2026-09-20 13:14:48,20260920,16,6,5-1-4,146.3
2026-09-20 13:14:48,20260920,16,6,5-1-6,63.0
2026-09-20 13:14:48,20260920,16,6,5-2-1,70.7
2026-09-20 13:14:48,20260920,16,6,5-2-3,28.5
2026-09-20 13:14:48,20260920,16,6,5-2-4,233.4
2026-09-20 13:14:48,20260920,16,6,5-2-6,77.2
2026-09-20 13:14:48,20260920,16,6,5-3-1,28.8
2026-09-20 13:14:48,20260920,16,6,5-3-2,17.3
2026-09-20 13:14:48,20260920,16,6,5-3-4,113.1
2026-09-20 13:14:48,20260920,16,6,5-3-6,18.3
2026-09-20 13:14:48,20260920,16,6,5-4-1,313.5
2026-09-20 13:14:48,20260920,16,6,5-4-2,353.9
2026-09-20 13:14:48,20260920,16,6,5-4-3,313.5
2026-09-20 13:14:48,20260920,16,6,5-4-6,215.1
2026-09-20 13:14:48,20260920,16,6,5-6-1,106.5
2026-09-20 13:14:48,20260920,16,6,5-6-2,67.3
2026-09-20 13:14:48,20260920,16,6,5-6-3,48.5
2026-09-20 13:14:48,20260920,16,6,5-6-4,189.1
2026-09-20 13:14:48,20260920,16,6,6-1-2,249.3
2026-09-20 13:14:48,20260920,16,6,6-1-3,365.7
2026-09-20 13:14:48,20260920,16,6,6-1-4,914.4
2026-09-20 13:14:48,20260920,16,6,6-1-5,378.3
2026-09-20 13:14:48,20260920,16,6,6-2-1,422.0
2026-09-20 13:14:48,20260920,16,6,6-2-3,365.7
2026-09-20 13:14:48,20260920,16,6,6-2-4,406.4
2026-09-20 13:14:48,20260920,16,6,6-2-5,332.5
2026-09-20 13:14:48,20260920,16,6,6-3-1,457.2
2026-09-20 13:14:48,20260920,16,6,6-3-2,422.0
2026-09-20 13:14:48,20260920,16,6,6-3-4,685.8
2026-09-20 13:14:48,20260920,16,6,6-3-5,121.9
2026-09-20 13:14:48,20260920,16,6,6-4-1,844.0
2026-09-20 13:14:48,20260920,16,6,6-4-2,548.6
2026-09-20 13:14:48,20260920,16,6,6-4-3,914.4
2026-09-20 13:14:48,20260920,16,6,6-4-5,783.8
2026-09-20 13:14:48,20260920,16,6,6-5-1,457.2
2026-09-20 13:14:48,20260920,16,6,6-5-2,332.5
2026-09-20 13:14:48,20260920,16,6,6-5-3,133.8
2026-09-20 13:14:48,20260920,16,6,6-5-4,609.6
2026-09-20 13:17:28,20260920,3,6,1-2-3,18.0
2026-09-20 13:17:28,20260920,3,6,1-2-4,11.1
2026-09-20 13:17:28,20260920,3,6,1-2-5,17.0
2026-09-20 13:17:28,20260920,3,6,1-2-6,54.0
2026-09-20 13:17:28,20260920,3,6,1-3-2,25.8
2026-09-20 13:17:28,20260920,3,6,1-3-4,26.4
2026-09-20 13:17:28,20260920,3,6,1-3-5,42.8
2026-09-20 13:17:28,20260920,3,6,1-3-6,84.8
2026-09-20 13:17:28,20260920,3,6,1-4-2,11.7
2026-09-20 13:17:28,20260920,3,6,1-4-3,21.5
2026-09-20 13:17:28,20260920,3,6,1-4-5,11.5
2026-09-20 13:17:28,20260920,3,6,1-4-6,56.8
2026-09-20 13:17:28,20260920,3,6,1-5-2,43.1
2026-09-20 13:17:28,20260920,3,6,1-5-3,85.4
2026-09-20 13:17:28,20260920,3,6,1-5-4,21.0
2026-09-20 13:17:28,20260920,3,6,1-5-6,119.2
2026-09-20 13:17:28,20260920,3,6,1-6-2,133.8
2026-09-20 13:17:28,20260920,3,6,1-6-3,115.8
2026-09-20 13:17:28,20260920,3,6,1-6-4,148.6
2026-09-20 13:17:28,20260920,3,6,1-6-5,133.8
2026-09-20 13:17:28,20260920,3,6,2-1-3,62.0
2026-09-20 13:17:28,20260920,3,6,2-1-4,32.3
2026-09-20 13:17:28,20260920,3,6,2-1-5,37.1
2026-09-20 13:17:28,20260920,3,6,2-1-6,83.0
2026-09-20 13:17:28,20260920,3,6,2-3-1,105.6
2026-09-20 13:17:28,20260920,3,6,2-3-4,126.7
2026-09-20 13:17:28,20260920,3,6,2-3-5,114.7
2026-09-20 13:17:28,20260920,3,6,2-3-6,223.0
2026-09-20 13:17:28,20260920,3,6,2-4-1,50.6
2026-09-20 13:17:28,20260920,3,6,2-4-3,129.5
2026-09-20 13:17:28,20260920,3,6,2-4-5,102.9
2026-09-20 13:17:28,20260920,3,6,2-4-6,197.4
2026-09-20 13:17:28,20260920,3,6,2-5-1,101.2
2026-09-20 13:17:28,20260920,3,6,2-5-3,194.2
2026-09-20 13:17:28,20260920,3,6,2-5-4,194.2
2026-09-20 13:17:28,20260920,3,6,2-5-6,194.2
2026-09-20 13:17:28,20260920,3,6,2-6-1,240.8
2026-09-20 13:17:28,20260920,3,6,2-6-3,388.5
2026-09-20 13:17:28,20260920,3,6,2-6-4,376.3
2026-09-20 13:17:28,20260920,3,6,2-6-5,167.2
2026-09-20 13:17:28,20260920,3,6,3-1-2,93.3
2026-09-20 13:17:28,20260920,3,6,3-1-4,61.1
2026-09-20 13:17:28,20260920,3,6,3-1-5,84.2
2026-09-20 13:17:28,20260920,3,6,3-1-6,200.7
2026-09-20 13:17:28,20260920,3,6,3-2-1,182.4
2026-09-20 13:17:28,20260920,3,6,3-2-4,160.5
2026-09-20 13:17:28,20260920,3,6,3-2-5,138.4
2026-09-20 13:17:28,20260920,3,6,3-2-6,267.6
2026-09-20 13:17:28,20260920,3,6,3-4-1,119.2
2026-09-20 13:17:28,20260920,3,6,3-4-2,174.5
2026-09-20 13:17:28,20260920,3,6,3-4-5,227.2
2026-09-20 13:17:28,20260920,3,6,3-4-6,261.8
2026-09-20 13:17:28,20260920,3,6,3-5-1,211.3
2026-09-20 13:17:28,20260920,3,6,3-5-2,172.0
2026-09-20 13:17:28,20260920,3,6,3-5-4,354.2
2026-09-20 13:17:28,20260920,3,6,3-5-6,334.5
2026-09-20 13:17:28,20260920,3,6,3-6-1,415.3
2026-09-20 13:17:28,20260920,3,6,3-6-2,388.5
2026-09-20 13:17:28,20260920,3,6,3-6-4,633.9
2026-09-20 13:17:28,20260920,3,6,3-6-5,204.1
2026-09-20 13:17:28,20260920,3,6,4-1-2,28.6
2026-09-20 13:17:28,20260920,3,6,4-1-3,62.4
2026-09-20 13:17:28,20260920,3,6,4-1-5,34.8
2026-09-20 13:17:28,20260920,3,6,4-1-6,111.5
2026-09-20 13:17:28,20260920,3,6,4-2-1,60.2
2026-09-20 13:17:28,20260920,3,6,4-2-3,194.2
2026-09-20 13:17:28,20260920,3,6,4-2-5,92.6
2026-09-20 13:17:28,20260920,3,6,4-2-6,211.3
2026-09-20 13:17:28,20260920,3,6,4-3-1,103.8
2026-09-20 13:17:28,20260920,3,6,4-3-2,172.0
2026-09-20 13:17:28,20260920,3,6,4-3-5,194.2
2026-09-20 13:17:28,20260920,3,6,4-3-6,354.2
2026-09-20 13:17:28,20260920,3,6,4-5-1,61.4
2026-09-20 13:17:28,20260920,3,6,4-5-2,82.4
2026-09-20 13:17:28,20260920,3,6,4-5-3,150.5
2026-09-20 13:17:28,20260920,3,6,4-5-6,135.3
2026-09-20 13:17:28,20260920,3,6,4-6-1,236.1
2026-09-20 13:17:28,20260920,3,6,4-6-2,261.8
2026-09-20 13:17:28,20260920,3,6,4-6-3,481.7
2026-09-20 13:17:28,20260920,3,6,4-6-5,354.2
2026-09-20 13:17:28,20260920,3,6,5-1-2,115.8
2026-09-20 13:17:28,20260920,3,6,5-1-3,182.4
2026-09-20 13:17:28,20260920,3,6,5-1-4,121.6
2026-09-20 13:17:28,20260920,3,6,5-1-6,273.7
2026-09-20 13:17:28,20260920,3,6,5-2-1,133.8
2026-09-20 13:17:28,20260920,3,6,5-2-3,227.2
2026-09-20 13:17:28,20260920,3,6,5-2-4,200.7
2026-09-20 13:17:28,20260920,3,6,5-2-6,236.1
2026-09-20 13:17:28,20260920,3,6,5-3-1,430.1
2026-09-20 13:17:28,20260920,3,6,5-3-2,334.5
2026-09-20 13:17:28,20260920,3,6,5-3-4,446.0
2026-09-20 13:17:28,20260920,3,6,5-3-6,256.2
2026-09-20 13:17:28,20260920,3,6,5-4-1,158.4
2026-09-20 13:17:28,20260920,3,6,5-4-2,267.6
2026-09-20 13:17:28,20260920,3,6,5-4-3,273.7
2026-09-20 13:17:28,20260920,3,6,5-4-6,308.8
2026-09-20 13:17:28,20260920,3,6,5-6-1,401.4
2026-09-20 13:17:28,20260920,3,6,5-6-2,401.4
2026-09-20 13:17:28,20260920,3,6,5-6-3,354.2
2026-09-20 13:17:28,20260920,3,6,5-6-4,308.8
2026-09-20 13:17:28,20260920,3,6,6-1-2,218.9
2026-09-20 13:17:28,20260920,3,6,6-1-3,463.2
2026-09-20 13:17:28,20260920,3,6,6-1-4,415.3
2026-09-20 13:17:28,20260920,3,6,6-1-5,481.7
2026-09-20 13:17:28,20260920,3,6,6-2-1,501.8
2026-09-20 13:17:28,20260920,3,6,6-2-3,1094.0
2026-09-20 13:17:28,20260920,3,6,6-2-4,708.4
2026-09-20 13:17:28,20260920,3,6,6-2-5,446.0
2026-09-20 13:17:28,20260920,3,6,6-3-1,708.4
2026-09-20 13:17:28,20260920,3,6,6-3-2,1094.0
2026-09-20 13:17:28,20260920,3,6,6-3-4,1094.0
2026-09-20 13:17:28,20260920,3,6,6-3-5,860.3
2026-09-20 13:17:28,20260920,3,6,6-4-1,430.1
2026-09-20 13:17:28,20260920,3,6,6-4-2,708.4
2026-09-20 13:17:28,20260920,3,6,6-4-3,1094.0
2026-09-20 13:17:28,20260920,3,6,6-4-5,633.9
2026-09-20 13:17:28,20260920,3,6,6-5-1,501.8
2026-09-20 13:17:28,20260920,3,6,6-5-2,523.6
2026-09-20 13:17:28,20260920,3,6,6-5-3,708.4
2026-09-20 13:17:28,20260920,3,6,6-5-4,573.5
2026-09-20 13:17:38,20260920,5,7,1-2-3,10.8
2026-09-20 13:17:38,20260920,5,7,1-2-4,7.7
2026-09-20 13:17:38,20260920,5,7,1-2-5,47.7
2026-09-20 13:17:38,20260920,5,7,1-2-6,23.2
2026-09-20 13:17:38,20260920,5,7,1-3-2,16.0
2026-09-20 13:17:38,20260920,5,7,1-3-4,14.0
2026-09-20 13:17:38,20260920,5,7,1-3-5,56.9
2026-09-20 13:17:38,20260920,5,7,1-3-6,32.6
2026-09-20 13:17:38,20260920,5,7,1-4-2,12.2
2026-09-20 13:17:38,20260920,5,7,1-4-3,18.4
2026-09-20 13:17:38,20260920,5,7,1-4-5,46.1
2026-09-20 13:17:38,20260920,5,7,1-4-6,28.9
2026-09-20 13:17:38,20260920,5,7,1-5-2,127.4
2026-09-20 13:17:38,20260920,5,7,1-5-3,129.5
2026-09-20 13:17:38,20260920,5,7,1-5-4,75.4
2026-09-20 13:17:38,20260920,5,7,1-5-6,127.2
2026-09-20 13:17:38,20260920,5,7,1-6-2,88.0
2026-09-20 13:17:38,20260920,5,7,1-6-3,97.6
2026-09-20 13:17:38,20260920,5,7,1-6-4,85.0
2026-09-20 13:17:38,20260920,5,7,1-6-5,198.4
2026-09-20 13:17:38,20260920,5,7,2-1-3,32.4
2026-09-20 13:17:38,20260920,5,7,2-1-4,25.3
2026-09-20 13:17:38,20260920,5,7,2-1-5,128.0
2026-09-20 13:17:38,20260920,5,7,2-1-6,67.3
2026-09-20 13:17:38,20260920,5,7,2-3-1,66.9
2026-09-20 13:17:38,20260920,5,7,2-3-4,68.9
2026-09-20 13:17:38,20260920,5,7,2-3-5,196.5
2026-09-20 13:17:38,20260920,5,7,2-3-6,145.4
2026-09-20 13:17:38,20260920,5,7,2-4-1,46.1
2026-09-20 13:17:38,20260920,5,7,2-4-3,68.8
2026-09-20 13:17:38,20260920,5,7,2-4-5,207.3
2026-09-20 13:17:38,20260920,5,7,2-4-6,122.3
2026-09-20 13:17:38,20260920,5,7,2-5-1,315.0
2026-09-20 13:17:38,20260920,5,7,2-5-3,372.7
2026-09-20 13:17:38,20260920,5,7,2-5-4,451.1
2026-09-20 13:17:38,20260920,5,7,2-5-6,351.3
2026-09-20 13:17:38,20260920,5,7,2-6-1,284.5
2026-09-20 13:17:38,20260920,5,7,2-6-3,352.8
2026-09-20 13:17:38,20260920,5,7,2-6-4,359.2
2026-09-20 13:17:38,20260920,5,7,2-6-5,625.1
2026-09-20 13:17:38,20260920,5,7,3-1-2,47.6
2026-09-20 13:17:38,20260920,5,7,3-1-4,39.3
2026-09-20 13:17:38,20260920,5,7,3-1-5,123.2
2026-09-20 13:17:38,20260920,5,7,3-1-6,80.9
2026-09-20 13:17:38,20260920,5,7,3-2-1,87.9
2026-09-20 13:17:38,20260920,5,7,3-2-4,72.3
2026-09-20 13:17:38,20260920,5,7,3-2-5,186.8
2026-09-20 13:17:38,20260920,5,7,3-2-6,142.0
2026-09-20 13:17:38,20260920,5,7,3-4-1,68.4
2026-09-20 13:17:38,20260920,5,7,3-4-2,86.8
2026-09-20 13:17:38,20260920,5,7,3-4-5,199.9
2026-09-20 13:17:38,20260920,5,7,3-4-6,128.6
2026-09-20 13:17:38,20260920,5,7,3-5-1,300.7
2026-09-20 13:17:38,20260920,5,7,3-5-2,294.0
2026-09-20 13:17:38,20260920,5,7,3-5-4,345.2
2026-09-20 13:17:38,20260920,5,7,3-5-6,429.1
2026-09-20 13:17:38,20260920,5,7,3-6-1,270.0
2026-09-20 13:17:38,20260920,5,7,3-6-2,332.2
2026-09-20 13:17:38,20260920,5,7,3-6-4,287.6
2026-09-20 13:17:38,20260920,5,7,3-6-5,522.3
2026-09-20 13:17:38,20260920,5,7,4-1-2,36.5
2026-09-20 13:17:38,20260920,5,7,4-1-3,58.7
2026-09-20 13:17:38,20260920,5,7,4-1-5,109.3
2026-09-20 13:17:38,20260920,5,7,4-1-6,77.9
2026-09-20 13:17:38,20260920,5,7,4-2-1,56.5
2026-09-20 13:17:38,20260920,5,7,4-2-3,93.1
2026-09-20 13:17:38,20260920,5,7,4-2-5,194.1
2026-09-20 13:17:38,20260920,5,7,4-2-6,127.2
2026-09-20 13:17:38,20260920,5,7,4-3-1,105.7
2026-09-20 13:17:38,20260920,5,7,4-3-2,136.4
2026-09-20 13:17:38,20260920,5,7,4-3-5,291.9
2026-09-20 13:17:38,20260920,5,7,4-3-6,180.0
2026-09-20 13:17:38,20260920,5,7,4-5-1,192.7
2026-09-20 13:17:38,20260920,5,7,4-5-2,313.8
2026-09-20 13:17:38,20260920,5,7,4-5-3,385.4
2026-09-20 13:17:38,20260920,5,7,4-5-6,351.3
2026-09-20 13:17:38,20260920,5,7,4-6-1,164.0
2026-09-20 13:17:38,20260920,5,7,4-6-2,214.5
2026-09-20 13:17:38,20260920,5,7,4-6-3,376.3
2026-09-20 13:17:38,20260920,5,7,4-6-5,438.6
2026-09-20 13:17:38,20260920,5,7,5-1-2,295.1
2026-09-20 13:17:38,20260920,5,7,5-1-3,443.5
2026-09-20 13:17:38,20260920,5,7,5-1-4,365.8
2026-09-20 13:17:38,20260920,5,7,5-1-6,499.3
2026-09-20 13:17:38,20260920,5,7,5-2-1,481.2
2026-09-20 13:17:38,20260920,5,7,5-2-3,387.3
2026-09-20 13:17:38,20260920,5,7,5-2-4,547.5
2026-09-20 13:17:38,20260920,5,7,5-2-6,426.8
2026-09-20 13:17:38,20260920,5,7,5-3-1,559.1
2026-09-20 13:17:38,20260920,5,7,5-3-2,625.1
2026-09-20 13:17:38,20260920,5,7,5-3-4,956.6
2026-09-20 13:17:38,20260920,5,7,5-3-6,956.6
2026-09-20 13:17:38,20260920,5,7,5-4-1,567.1
2026-09-20 13:17:38,20260920,5,7,5-4-2,902.2
2026-09-20 13:17:38,20260920,5,7,5-4-3,567.1
2026-09-20 13:17:38,20260920,5,7,5-4-6,696.4
2026-09-20 13:17:38,20260920,5,7,5-6-1,853.7
2026-09-20 13:17:38,20260920,5,7,5-6-2,778.4
2026-09-20 13:17:38,20260920,5,7,5-6-3,1185.0
2026-09-20 13:17:38,20260920,5,7,5-6-4,853.7
2026-09-20 13:17:38,20260920,5,7,6-1-2,354.4
2026-09-20 13:17:38,20260920,5,7,6-1-3,499.3
2026-09-20 13:17:38,20260920,5,7,6-1-4,481.2
2026-09-20 13:17:38,20260920,5,7,6-1-5,1102.0
2026-09-20 13:17:38,20260920,5,7,6-2-1,467.0
2026-09-20 13:17:38,20260920,5,7,6-2-3,575.3
2026-09-20 13:17:38,20260920,5,7,6-2-4,499.3
2026-09-20 13:17:38,20260920,5,7,6-2-5,863.0
2026-09-20 13:17:38,20260920,5,7,6-3-1,728.4
2026-09-20 13:17:38,20260920,5,7,6-3-2,749.0
2026-09-20 13:17:38,20260920,5,7,6-3-4,763.4
2026-09-20 13:17:38,20260920,5,7,6-3-5,1417.0
2026-09-20 13:17:38,20260920,5,7,6-4-1,499.3
2026-09-20 13:17:38,20260920,5,7,6-4-2,499.3
2026-09-20 13:17:38,20260920,5,7,6-4-3,902.2
2026-09-20 13:17:38,20260920,5,7,6-4-5,1368.0
2026-09-20 13:17:38,20260920,5,7,6-5-1,1118.0
2026-09-20 13:17:38,20260920,5,7,6-5-2,1072.0
2026-09-20 13:17:38,20260920,5,7,6-5-3,1689.0
2026-09-20 13:17:38,20260920,5,7,6-5-4,1240.0
2026-09-20 13:20:29,20260920,10,11,1-2-3,11.4
2026-09-20 13:20:29,20260920,10,11,1-2-4,10.5
2026-09-20 13:20:29,20260920,10,11,1-2-5,24.2
2026-09-20 13:20:29,20260920,10,11,1-2-6,55.8
2026-09-20 13:20:29,20260920,10,11,1-3-2,16.1
2026-09-20 13:20:29,20260920,10,11,1-3-4,9.5
2026-09-20 13:20:29,20260920,10,11,1-3-5,16.1
2026-09-20 13:20:29,20260920,10,11,1-3-6,54.9
2026-09-20 13:20:29,20260920,10,11,1-4-2,18.9
2026-09-20 13:20:29,20260920,10,11,1-4-3,15.7
2026-09-20 13:20:29,20260920,10,11,1-4-5,20.4
2026-09-20 13:20:29,20260920,10,11,1-4-6,73.7
2026-09-20 13:20:29,20260920,10,11,1-5-2,42.9
2026-09-20 13:20:29,20260920,10,11,1-5-3,35.7
2026-09-20 13:20:29,20260920,10,11,1-5-4,35.0
2026-09-20 13:20:29,20260920,10,11,1-5-6,85.1
2026-09-20 13:20:29,20260920,10,11,1-6-2,143.4
2026-09-20 13:20:29,20260920,10,11,1-6-3,178.9
2026-09-20 13:20:29,20260920,10,11,1-6-4,112.9
2026-09-20 13:20:29,20260920,10,11,1-6-5,142.2
2026-09-20 13:20:29,20260920,10,11,2-1-3,44.7
2026-09-20 13:20:29,20260920,10,11,2-1-4,35.4
2026-09-20 13:20:29,20260920,10,11,2-1-5,80.4
2026-09-20 13:20:29,20260920,10,11,2-1-6,128.4
2026-09-20 13:20:29,20260920,10,11,2-3-1,91.0
2026-09-20 13:20:29,20260920,10,11,2-3-4,104.1
2026-09-20 13:20:29,20260920,10,11,2-3-5,183.0
2026-09-20 13:20:29,20260920,10,11,2-3-6,353.9
2026-09-20 13:20:29,20260920,10,11,2-4-1,112.9
2026-09-20 13:20:29,20260920,10,11,2-4-3,125.4
2026-09-20 13:20:29,20260920,10,11,2-4-5,274.6
2026-09-20 13:20:29,20260920,10,11,2-4-6,388.4
2026-09-20 13:20:29,20260920,10,11,2-5-1,191.9
2026-09-20 13:20:29,20260920,10,11,2-5-3,227.5
2026-09-20 13:20:29,20260920,10,11,2-5-4,279.4
2026-09-20 13:20:29,20260920,10,11,2-5-6,201.6
2026-09-20 13:20:29,20260920,10,11,2-6-1,419.1
2026-09-20 13:20:29,20260920,10,11,2-6-3,442.4
2026-09-20 13:20:29,20260920,10,11,2-6-4,468.4
2026-09-20 13:20:29,20260920,10,11,2-6-5,230.8
2026-09-20 13:20:29,20260920,10,11,3-1-2,73.0
2026-09-20 13:20:29,20260920,10,11,3-1-4,44.8
2026-09-20 13:20:29,20260920,10,11,3-1-5,53.0
2026-09-20 13:20:29,20260920,10,11,3-1-6,146.1
2026-09-20 13:20:29,20260920,10,11,3-2-1,153.1
2026-09-20 13:20:29,20260920,10,11,3-2-4,82.1
2026-09-20 13:20:29,20260920,10,11,3-2-5,136.1
2026-09-20 13:20:29,20260920,10,11,3-2-6,218.1
2026-09-20 13:20:29,20260920,10,11,3-4-1,127.4
2026-09-20 13:20:29,20260920,10,11,3-4-2,124.4
2026-09-20 13:20:29,20260920,10,11,3-4-5,187.3
2026-09-20 13:20:29,20260920,10,11,3-4-6,346.2
2026-09-20 13:20:29,20260920,10,11,3-5-1,147.4
2026-09-20 13:20:29,20260920,10,11,3-5-2,137.3
2026-09-20 13:20:29,20260920,10,11,3-5-4,171.2
2026-09-20 13:20:29,20260920,10,11,3-5-6,274.6
2026-09-20 13:20:29,20260920,10,11,3-6-1,589.9
2026-09-20 13:20:29,20260920,10,11,3-6-2,318.5
2026-09-20 13:20:29,20260920,10,11,3-6-4,430.4
2026-09-20 13:20:29,20260920,10,11,3-6-5,442.4
2026-09-20 13:20:29,20260920,10,11,4-1-2,65.2
2026-09-20 13:20:29,20260920,10,11,4-1-3,77.3
2026-09-20 13:20:29,20260920,10,11,4-1-5,73.7
2026-09-20 13:20:29,20260920,10,11,4-1-6,230.8
2026-09-20 13:20:29,20260920,10,11,4-2-1,121.5
2026-09-20 13:20:29,20260920,10,11,4-2-3,144.7
2026-09-20 13:20:29,20260920,10,11,4-2-5,173.1
2026-09-20 13:20:29,20260920,10,11,4-2-6,325.0
2026-09-20 13:20:29,20260920,10,11,4-3-1,139.7
2026-09-20 13:20:29,20260920,10,11,4-3-2,162.5
2026-09-20 13:20:29,20260920,10,11,4-3-5,206.8
2026-09-20 13:20:29,20260920,10,11,4-3-6,612.6
2026-09-20 13:20:29,20260920,10,11,4-5-1,164.2
2026-09-20 13:20:29,20260920,10,11,4-5-2,196.6
2026-09-20 13:20:29,20260920,10,11,4-5-3,237.7
2026-09-20 13:20:29,20260920,10,11,4-5-6,442.4
2026-09-20 13:20:29,20260920,10,11,4-6-1,497.7
2026-09-20 13:20:29,20260920,10,11,4-6-2,398.1
2026-09-20 13:20:29,20260920,10,11,4-6-3,612.6
2026-09-20 13:20:29,20260920,10,11,4-6-5,884.8
2026-09-20 13:20:29,20260920,10,11,5-1-2,142.2
2026-09-20 13:20:29,20260920,10,11,5-1-3,115.4
2026-09-20 13:20:29,20260920,10,11,5-1-4,133.8
2026-09-20 13:20:29,20260920,10,11,5-1-6,241.3
2026-09-20 13:20:29,20260920,10,11,5-2-1,221.2
2026-09-20 13:20:29,20260920,10,11,5-2-3,162.5
2026-09-20 13:20:29,20260920,10,11,5-2-4,171.2
2026-09-20 13:20:29,20260920,10,11,5-2-6,176.9
2026-09-20 13:20:29,20260920,10,11,5-3-1,151.6
2026-09-20 13:20:29,20260920,10,11,5-3-2,137.3
2026-09-20 13:20:29,20260920,10,11,5-3-4,318.5
2026-09-20 13:20:29,20260920,10,11,5-3-6,306.3
2026-09-20 13:20:29,20260920,10,11,5-4-1,191.9
2026-09-20 13:20:29,20260920,10,11,5-4-2,279.4
2026-09-20 13:20:29,20260920,10,11,5-4-3,370.4
2026-09-20 13:20:29,20260920,10,11,5-4-6,455.0
2026-09-20 13:20:29,20260920,10,11,5-6-1,530.9
2026-09-20 13:20:29,20260920,10,11,5-6-2,269.9
2026-09-20 13:20:29,20260920,10,11,5-6-3,455.0
2026-09-20 13:20:29,20260920,10,11,5-6-4,530.9
2026-09-20 13:20:29,20260920,10,11,6-1-2,256.8
2026-09-20 13:20:29,20260920,10,11,6-1-3,379.2
2026-09-20 13:20:29,20260920,10,11,6-1-4,497.7
2026-09-20 13:20:29,20260920,10,11,6-1-5,723.9
2026-09-20 13:20:29,20260920,10,11,6-2-1,430.4
2026-09-20 13:20:29,20260920,10,11,6-2-3,530.9
2026-09-20 13:20:29,20260920,10,11,6-2-4,758.4
2026-09-20 13:20:29,20260920,10,11,6-2-5,419.1
2026-09-20 13:20:29,20260920,10,11,6-3-1,1137.0
2026-09-20 13:20:29,20260920,10,11,6-3-2,361.9
2026-09-20 13:20:29,20260920,10,11,6-3-4,530.9
2026-09-20 13:20:29,20260920,10,11,6-3-5,589.9
2026-09-20 13:20:29,20260920,10,11,6-4-1,1137.0
2026-09-20 13:20:29,20260920,10,11,6-4-2,612.6
2026-09-20 13:20:29,20260920,10,11,6-4-3,612.6
2026-09-20 13:20:29,20260920,10,11,6-4-5,1225.0
2026-09-20 13:20:29,20260920,10,11,6-5-1,455.0
2026-09-20 13:20:29,20260920,10,11,6-5-2,325.0
2026-09-20 13:20:29,20260920,10,11,6-5-3,838.3
2026-09-20 13:20:29,20260920,10,11,6-5-4,1137.0
2026-09-20 13:23:21,20260920,6,5,1-2-3,45.6
2026-09-20 13:23:21,20260920,6,5,1-2-4,99.9
2026-09-20 13:23:21,20260920,6,5,1-2-5,64.3
2026-09-20 13:23:21,20260920,6,5,1-2-6,56.5
2026-09-20 13:23:21,20260920,6,5,1-3-2,89.1
2026-09-20 13:23:21,20260920,6,5,1-3-4,93.4
2026-09-20 13:23:21,20260920,6,5,1-3-5,108.3
2026-09-20 13:23:21,20260920,6,5,1-3-6,65.1
2026-09-20 13:23:21,20260920,6,5,1-4-2,51.7
2026-09-20 13:23:21,20260920,6,5,1-4-3,75.7
2026-09-20 13:23:21,20260920,6,5,1-4-5,160.9
2026-09-20 13:23:21,20260920,6,5,1-4-6,21.3
2026-09-20 13:23:21,20260920,6,5,1-5-2,139.6
2026-09-20 13:23:21,20260920,6,5,1-5-3,143.0
2026-09-20 13:23:21,20260920,6,5,1-5-4,251.9
2026-09-20 13:23:21,20260920,6,5,1-5-6,257.5
2026-09-20 13:23:21,20260920,6,5,1-6-2,37.7
2026-09-20 13:23:21,20260920,6,5,1-6-3,38.7
2026-09-20 13:23:21,20260920,6,5,1-6-4,25.8
2026-09-20 13:23:21,20260920,6,5,1-6-5,141.3
2026-09-20 13:23:21,20260920,6,5,2-1-3,175.6
2026-09-20 13:23:21,20260920,6,5,2-1-4,175.6
2026-09-20 13:23:21,20260920,6,5,2-1-5,313.2
2026-09-20 13:23:21,20260920,6,5,2-1-6,163.2
2026-09-20 13:23:21,20260920,6,5,2-3-1,275.9
2026-09-20 13:23:21,20260920,6,5,2-3-4,206.9
2026-09-20 13:23:21,20260920,6,5,2-3-5,362.1
2026-09-20 13:23:21,20260920,6,5,2-3-6,152.4
2026-09-20 13:23:21,20260920,6,5,2-4-1,146.7
2026-09-20 13:23:21,20260920,6,5,2-4-3,203.3
2026-09-20 13:23:21,20260920,6,5,2-4-5,386.3
2026-09-20 13:23:21,20260920,6,5,2-4-6,71.9
2026-09-20 13:23:21,20260920,6,5,2-5-1,503.9
2026-09-20 13:23:21,20260920,6,5,2-5-3,429.2
2026-09-20 13:23:21,20260920,6,5,2-5-4,609.9
2026-09-20 13:23:21,20260920,6,5,2-5-6,373.8
2026-09-20 13:23:21,20260920,6,5,2-6-1,128.7
2026-09-20 13:23:21,20260920,6,5,2-6-3,170.4
2026-09-20 13:23:21,20260920,6,5,2-6-4,77.7
2026-09-20 13:23:21,20260920,6,5,2-6-5,373.8
2026-09-20 13:23:21,20260920,6,5,3-1-2,165.5
2026-09-20 13:23:21,20260920,6,5,3-1-4,115.8
2026-09-20 13:23:21,20260920,6,5,3-1-5,170.4
2026-09-20 13:23:21,20260920,6,5,3-1-6,154.5
2026-09-20 13:23:21,20260920,6,5,3-2-1,304.9
2026-09-20 13:23:21,20260920,6,5,3-2-4,196.4
2026-09-20 13:23:21,20260920,6,5,3-2-5,269.5
2026-09-20 13:23:21,20260920,6,5,3-2-6,119.4
2026-09-20 13:23:21,20260920,6,5,3-4-1,189.9
2026-09-20 13:23:21,20260920,6,5,3-4-2,167.9
2026-09-20 13:23:21,20260920,6,5,3-4-5,373.8
2026-09-20 13:23:21,20260920,6,5,3-4-6,71.9
2026-09-20 13:23:21,20260920,6,5,3-5-1,362.1
2026-09-20 13:23:21,20260920,6,5,3-5-2,231.7
2026-09-20 13:23:21,20260920,6,5,3-5-4,399.6
2026-09-20 13:23:21,20260920,6,5,3-5-6,236.5
2026-09-20 13:23:21,20260920,6,5,3-6-1,104.4
2026-09-20 13:23:21,20260920,6,5,3-6-2,80.4
2026-09-20 13:23:21,20260920,6,5,3-6-4,70.6
2026-09-20 13:23:21,20260920,6,5,3-6-5,275.9
2026-09-20 13:23:21,20260920,6,5,4-1-2,74.7
2026-09-20 13:23:21,20260920,6,5,4-1-3,119.4
2026-09-20 13:23:21,20260920,6,5,4-1-5,156.6
2026-09-20 13:23:21,20260920,6,5,4-1-6,35.8
2026-09-20 13:23:21,20260920,6,5,4-2-1,175.6
2026-09-20 13:23:21,20260920,6,5,4-2-3,163.2
2026-09-20 13:23:21,20260920,6,5,4-2-5,429.2
2026-09-20 13:23:21,20260920,6,5,4-2-6,50.1
2026-09-20 13:23:21,20260920,6,5,4-3-1,175.6
2026-09-20 13:23:21,20260920,6,5,4-3-2,189.9
2026-09-20 13:23:21,20260920,6,5,4-3-5,445.7
2026-09-20 13:23:21,20260920,6,5,4-3-6,87.1
2026-09-20 13:23:21,20260920,6,5,4-5-1,227.2
2026-09-20 13:23:21,20260920,6,5,4-5-2,193.1
2026-09-20 13:23:21,20260920,6,5,4-5-3,373.8
2026-09-20 13:23:21,20260920,6,5,4-5-6,152.4
2026-09-20 13:23:21,20260920,6,5,4-6-1,18.5
2026-09-20 13:23:21,20260920,6,5,4-6-2,23.9
2026-09-20 13:23:21,20260920,6,5,4-6-3,37.0
2026-09-20 13:23:21,20260920,6,5,4-6-5,104.4
2026-09-20 13:23:21,20260920,6,5,5-1-2,257.5
2026-09-20 13:23:21,20260920,6,5,5-1-3,227.2
2026-09-20 13:23:21,20260920,6,5,5-1-4,282.6
2026-09-20 13:23:21,20260920,6,5,5-1-6,241.4
2026-09-20 13:23:21,20260920,6,5,5-2-1,482.9
2026-09-20 13:23:21,20260920,6,5,5-2-3,351.2
2026-09-20 13:23:21,20260920,6,5,5-2-4,275.9
2026-09-20 13:23:21,20260920,6,5,5-2-6,231.7
2026-09-20 13:23:21,20260920,6,5,5-3-1,331.1
2026-09-20 13:23:21,20260920,6,5,5-3-2,386.3
2026-09-20 13:23:21,20260920,6,5,5-3-4,399.6
2026-09-20 13:23:21,20260920,6,5,5-3-6,196.4
2026-09-20 13:23:21,20260920,6,5,5-4-1,373.8
2026-09-20 13:23:21,20260920,6,5,5-4-2,321.9
2026-09-20 13:23:21,20260920,6,5,5-4-3,551.8
2026-09-20 13:23:21,20260920,6,5,5-4-6,289.7
2026-09-20 13:23:21,20260920,6,5,5-6-1,526.8
2026-09-20 13:23:21,20260920,6,5,5-6-2,503.9
2026-09-20 13:23:21,20260920,6,5,5-6-3,362.1
2026-09-20 13:23:21,20260920,6,5,5-6-4,373.8
2026-09-20 13:23:21,20260920,6,5,6-1-2,29.5
2026-09-20 13:23:21,20260920,6,5,6-1-3,43.4
2026-09-20 13:23:21,20260920,6,5,6-1-4,16.0
2026-09-20 13:23:21,20260920,6,5,6-1-5,154.5
2026-09-20 13:23:21,20260920,6,5,6-2-1,79.9
2026-09-20 13:23:21,20260920,6,5,6-2-3,69.8
2026-09-20 13:23:21,20260920,6,5,6-2-4,26.5
2026-09-20 13:23:21,20260920,6,5,6-2-5,304.9
2026-09-20 13:23:21,20260920,6,5,6-3-1,136.3
2026-09-20 13:23:21,20260920,6,5,6-3-2,72.8
2026-09-20 13:23:21,20260920,6,5,6-3-4,29.6
2026-09-20 13:23:21,20260920,6,5,6-3-5,340.8
2026-09-20 13:23:21,20260920,6,5,6-4-1,14.0
2026-09-20 13:23:21,20260920,6,5,6-4-2,15.2
2026-09-20 13:23:21,20260920,6,5,6-4-3,20.5
2026-09-20 13:23:21,20260920,6,5,6-4-5,113.6
2026-09-20 13:23:21,20260920,6,5,6-5-1,463.5
2026-09-20 13:23:21,20260920,6,5,6-5-2,551.8
2026-09-20 13:23:21,20260920,6,5,6-5-3,429.2
2026-09-20 13:23:21,20260920,6,5,6-5-4,340.8
2026-09-20 13:28:44,20260920,17,7,1-2-3,21.1
2026-09-20 13:28:44,20260920,17,7,1-2-4,115.9
2026-09-20 13:28:44,20260920,17,7,1-2-5,127.6
2026-09-20 13:28:44,20260920,17,7,1-2-6,137.1
2026-09-20 13:28:44,20260920,17,7,1-3-2,25.8
2026-09-20 13:28:44,20260920,17,7,1-3-4,110.5
2026-09-20 13:28:44,20260920,17,7,1-3-5,119.2
2026-09-20 13:28:44,20260920,17,7,1-3-6,141.4
2026-09-20 13:28:44,20260920,17,7,1-4-2,231.8
2026-09-20 13:28:44,20260920,17,7,1-4-3,231.0
2026-09-20 13:28:44,20260920,17,7,1-4-5,417.3
2026-09-20 13:28:44,20260920,17,7,1-4-6,667.7
2026-09-20 13:28:44,20260920,17,7,1-5-2,351.4
2026-09-20 13:28:44,20260920,17,7,1-5-3,221.1
2026-09-20 13:28:44,20260920,17,7,1-5-4,624.0
2026-09-20 13:28:44,20260920,17,7,1-5-6,890.3
2026-09-20 13:28:44,20260920,17,7,1-6-2,366.9
2026-09-20 13:28:44,20260920,17,7,1-6-3,454.2
2026-09-20 13:28:44,20260920,17,7,1-6-4,1027.0
2026-09-20 13:28:44,20260920,17,7,1-6-5,1451.0
2026-09-20 13:28:44,20260920,17,7,2-1-3,18.3
2026-09-20 13:28:44,20260920,17,7,2-1-4,88.7
2026-09-20 13:28:44,20260920,17,7,2-1-5,85.8
2026-09-20 13:28:44,20260920,17,7,2-1-6,98.3
2026-09-20 13:28:44,20260920,17,7,2-3-1,9.8
2026-09-20 13:28:44,20260920,17,7,2-3-4,14.4
2026-09-20 13:28:44,20260920,17,7,2-3-5,8.7
2026-09-20 13:28:44,20260920,17,7,2-3-6,12.6
2026-09-20 13:28:44,20260920,17,7,2-4-1,144.5
2026-09-20 13:28:44,20260920,17,7,2-4-3,57.0
2026-09-20 13:28:44,20260920,17,7,2-4-5,153.8
2026-09-20 13:28:44,20260920,17,7,2-4-6,201.7
2026-09-20 13:28:44,20260920,17,7,2-5-1,181.4
2026-09-20 13:28:44,20260920,17,7,2-5-3,49.2
2026-09-20 13:28:44,20260920,17,7,2-5-4,232.6
2026-09-20 13:28:44,20260920,17,7,2-5-6,174.3
2026-09-20 13:28:44,20260920,17,7,2-6-1,272.5
2026-09-20 13:28:44,20260920,17,7,2-6-3,71.1
2026-09-20 13:28:44,20260920,17,7,2-6-4,419.9
2026-09-20 13:28:44,20260920,17,7,2-6-5,252.9
2026-09-20 13:28:44,20260920,17,7,3-1-2,21.6
2026-09-20 13:28:44,20260920,17,7,3-1-4,78.0
2026-09-20 13:28:44,20260920,17,7,3-1-5,79.2
2026-09-20 13:28:44,20260920,17,7,3-1-6,106.8
2026-09-20 13:28:44,20260920,17,7,3-2-1,11.9
2026-09-20 13:28:44,20260920,17,7,3-2-4,16.5
2026-09-20 13:28:44,20260920,17,7,3-2-5,10.2
2026-09-20 13:28:44,20260920,17,7,3-2-6,15.4
2026-09-20 13:28:44,20260920,17,7,3-4-1,150.3
2026-09-20 13:28:44,20260920,17,7,3-4-2,53.6
2026-09-20 13:28:44,20260920,17,7,3-4-5,124.5
2026-09-20 13:28:44,20260920,17,7,3-4-6,180.4
2026-09-20 13:28:44,20260920,17,7,3-5-1,129.6
2026-09-20 13:28:44,20260920,17,7,3-5-2,41.6
2026-09-20 13:28:44,20260920,17,7,3-5-4,166.1
2026-09-20 13:28:44,20260920,17,7,3-5-6,125.9
2026-09-20 13:28:44,20260920,17,7,3-6-1,246.4
2026-09-20 13:28:44,20260920,17,7,3-6-2,62.9
2026-09-20 13:28:44,20260920,17,7,3-6-4,310.5
2026-09-20 13:28:44,20260920,17,7,3-6-5,187.0
2026-09-20 13:28:44,20260920,17,7,4-1-2,295.4
2026-09-20 13:28:44,20260920,17,7,4-1-3,366.9
2026-09-20 13:28:44,20260920,17,7,4-1-5,565.9
2026-09-20 13:28:44,20260920,17,7,4-1-6,867.2
2026-09-20 13:28:44,20260920,17,7,4-2-1,324.1
2026-09-20 13:28:44,20260920,17,7,4-2-3,133.8
2026-09-20 13:28:44,20260920,17,7,4-2-5,280.5
2026-09-20 13:28:44,20260920,17,7,4-2-6,377.2
2026-09-20 13:28:44,20260920,17,7,4-3-1,381.5
2026-09-20 13:28:44,20260920,17,7,4-3-2,136.5
2026-09-20 13:28:44,20260920,17,7,4-3-5,287.8
2026-09-20 13:28:44,20260920,17,7,4-3-6,407.1
2026-09-20 13:28:44,20260920,17,7,4-5-1,661.1
2026-09-20 13:28:44,20260920,17,7,4-5-2,349.6
2026-09-20 13:28:44,20260920,17,7,4-5-3,392.8
2026-09-20 13:28:44,20260920,17,7,4-5-6,476.9
2026-09-20 13:28:44,20260920,17,7,4-6-1,1552.0
2026-09-20 13:28:44,20260920,17,7,4-6-2,667.7
2026-09-20 13:28:44,20260920,17,7,4-6-3,1011.0
2026-09-20 13:28:44,20260920,17,7,4-6-5,914.7
2026-09-20 13:28:44,20260920,17,7,5-1-2,624.0
2026-09-20 13:28:44,20260920,17,7,5-1-3,556.4
2026-09-20 13:28:44,20260920,17,7,5-1-4,1112.0
2026-09-20 13:28:44,20260920,17,7,5-1-6,967.7
2026-09-20 13:28:44,20260920,17,7,5-2-1,681.3
2026-09-20 13:28:44,20260920,17,7,5-2-3,112.0
2026-09-20 13:28:44,20260920,17,7,5-2-4,480.4
2026-09-20 13:28:44,20260920,17,7,5-2-6,457.3
2026-09-20 13:28:44,20260920,17,7,5-3-1,494.6
2026-09-20 13:28:44,20260920,17,7,5-3-2,123.8
2026-09-20 13:28:44,20260920,17,7,5-3-4,648.3
2026-09-20 13:28:44,20260920,17,7,5-3-6,547.3
2026-09-20 13:28:44,20260920,17,7,5-4-1,1362.0
2026-09-20 13:28:44,20260920,17,7,5-4-2,648.3
2026-09-20 13:28:44,20260920,17,7,5-4-3,702.9
2026-09-20 13:28:44,20260920,17,7,5-4-6,845.2
2026-09-20 13:28:44,20260920,17,7,5-6-1,2023.0
2026-09-20 13:28:44,20260920,17,7,5-6-2,654.6
2026-09-20 13:28:44,20260920,17,7,5-6-3,725.8
2026-09-20 13:28:44,20260920,17,7,5-6-4,824.3
2026-09-20 13:28:44,20260920,17,7,6-1-2,767.5
2026-09-20 13:28:44,20260920,17,7,6-1-3,1171.0
2026-09-20 13:28:44,20260920,17,7,6-1-4,2225.0
2026-09-20 13:28:44,20260920,17,7,6-1-5,1628.0
2026-09-20 13:28:44,20260920,17,7,6-2-1,1011.0
2026-09-20 13:28:44,20260920,17,7,6-2-3,199.9
2026-09-20 13:28:44,20260920,17,7,6-2-4,867.2
2026-09-20 13:28:44,20260920,17,7,6-2-5,967.7
2026-09-20 13:28:44,20260920,17,7,6-3-1,834.7
2026-09-20 13:28:44,20260920,17,7,6-3-2,215.4
2026-09-20 13:28:44,20260920,17,7,6-3-4,1362.0
2026-09-20 13:28:44,20260920,17,7,6-3-5,1094.0
2026-09-20 13:28:44,20260920,17,7,6-4-1,2671.0
2026-09-20 13:28:44,20260920,17,7,6-4-2,1192.0
2026-09-20 13:28:44,20260920,17,7,6-4-3,2302.0
2026-09-20 13:28:44,20260920,17,7,6-4-5,1552.0
2026-09-20 13:28:44,20260920,17,7,6-5-1,2384.0
2026-09-20 13:28:44,20260920,17,7,6-5-2,1131.0
2026-09-20 13:28:44,20260920,17,7,6-5-3,1151.0
2026-09-20 13:28:44,20260920,17,7,6-5-4,1420.0
2026-09-20 13:34:11,20260920,2,7,1-2-3,9.5
2026-09-20 13:34:11,20260920,2,7,1-2-4,9.7
2026-09-20 13:34:11,20260920,2,7,1-2-5,12.5
2026-09-20 13:34:11,20260920,2,7,1-2-6,46.8
2026-09-20 13:34:11,20260920,2,7,1-3-2,9.9
2026-09-20 13:34:11,20260920,2,7,1-3-4,12.4
2026-09-20 13:34:11,20260920,2,7,1-3-5,15.1
2026-09-20 13:34:11,20260920,2,7,1-3-6,43.8
2026-09-20 13:34:11,20260920,2,7,1-4-2,16.9
2026-09-20 13:34:11,20260920,2,7,1-4-3,19.3
2026-09-20 13:34:11,20260920,2,7,1-4-5,24.7
2026-09-20 13:34:11,20260920,2,7,1-4-6,70.5
2026-09-20 13:34:11,20260920,2,7,1-5-2,28.3
2026-09-20 13:34:11,20260920,2,7,1-5-3,25.3
2026-09-20 13:34:11,20260920,2,7,1-5-4,40.7
2026-09-20 13:34:11,20260920,2,7,1-5-6,63.1
2026-09-20 13:34:11,20260920,2,7,1-6-2,106.8
2026-09-20 13:34:11,20260920,2,7,1-6-3,131.2
2026-09-20 13:34:11,20260920,2,7,1-6-4,160.8
2026-09-20 13:34:11,20260920,2,7,1-6-5,145.2
2026-09-20 13:34:11,20260920,2,7,2-1-3,53.3
2026-09-20 13:34:11,20260920,2,7,2-1-4,75.3
2026-09-20 13:34:11,20260920,2,7,2-1-5,74.4
2026-09-20 13:34:11,20260920,2,7,2-1-6,161.7
2026-09-20 13:34:11,20260920,2,7,2-3-1,92.3
2026-09-20 13:34:11,20260920,2,7,2-3-4,110.8
2026-09-20 13:34:11,20260920,2,7,2-3-5,251.4
2026-09-20 13:34:11,20260920,2,7,2-3-6,460.4
2026-09-20 13:34:11,20260920,2,7,2-4-1,203.5
2026-09-20 13:34:11,20260920,2,7,2-4-3,134.1
2026-09-20 13:34:11,20260920,2,7,2-4-5,287.7
2026-09-20 13:34:11,20260920,2,7,2-4-6,440.0
2026-09-20 13:34:11,20260920,2,7,2-5-1,199.5
2026-09-20 13:34:11,20260920,2,7,2-5-3,293.3
2026-09-20 13:34:11,20260920,2,7,2-5-4,453.4
2026-09-20 13:34:11,20260920,2,7,2-5-6,554.1
2026-09-20 13:34:11,20260920,2,7,2-6-1,636.7
2026-09-20 13:34:11,20260920,2,7,2-6-3,831.2
2026-09-20 13:34:11,20260920,2,7,2-6-4,880.1
2026-09-20 13:34:11,20260920,2,7,2-6-5,1301.0
2026-09-20 13:34:11,20260920,2,7,3-1-2,38.4
2026-09-20 13:34:11,20260920,2,7,3-1-4,39.6
2026-09-20 13:34:11,20260920,2,7,3-1-5,54.8
2026-09-20 13:34:11,20260920,2,7,3-1-6,109.6
2026-09-20 13:34:11,20260920,2,7,3-2-1,89.3
2026-09-20 13:34:11,20260920,2,7,3-2-4,69.1
2026-09-20 13:34:11,20260920,2,7,3-2-5,176.0
2026-09-20 13:34:11,20260920,2,7,3-2-6,264.8
2026-09-20 13:34:11,20260920,2,7,3-4-1,70.7
2026-09-20 13:34:11,20260920,2,7,3-4-2,116.4
2026-09-20 13:34:11,20260920,2,7,3-4-5,251.4
2026-09-20 13:34:11,20260920,2,7,3-4-6,374.0
2026-09-20 13:34:11,20260920,2,7,3-5-1,107.6
2026-09-20 13:34:11,20260920,2,7,3-5-2,162.6
2026-09-20 13:34:11,20260920,2,7,3-5-4,204.9
2026-09-20 13:34:11,20260920,2,7,3-5-6,209.2
2026-09-20 13:34:11,20260920,2,7,3-6-1,482.6
2026-09-20 13:34:11,20260920,2,7,3-6-2,399.0
2026-09-20 13:34:11,20260920,2,7,3-6-4,680.1
2026-09-20 13:34:11,20260920,2,7,3-6-5,467.6
2026-09-20 13:34:11,20260920,2,7,4-1-2,105.3
2026-09-20 13:34:11,20260920,2,7,4-1-3,145.2
2026-09-20 13:34:11,20260920,2,7,4-1-5,109.6
2026-09-20 13:34:11,20260920,2,7,4-1-6,267.2
2026-09-20 13:34:11,20260920,2,7,4-2-1,223.3
2026-09-20 13:34:11,20260920,2,7,4-2-3,149.6
2026-09-20 13:34:11,20260920,2,7,4-2-5,369.4
2026-09-20 13:34:11,20260920,2,7,4-2-6,544.1
2026-09-20 13:34:11,20260920,2,7,4-3-1,239.4
2026-09-20 13:34:11,20260920,2,7,4-3-2,151.9
2026-09-20 13:34:11,20260920,2,7,4-3-5,347.9
2026-09-20 13:34:11,20260920,2,7,4-3-6,453.4
2026-09-20 13:34:11,20260920,2,7,4-5-1,243.3
2026-09-20 13:34:11,20260920,2,7,4-5-2,378.8
2026-09-20 13:34:11,20260920,2,7,4-5-3,415.6
2026-09-20 13:34:11,20260920,2,7,4-5-6,399.0
2026-09-20 13:34:11,20260920,2,7,4-6-1,650.5
2026-09-20 13:34:11,20260920,2,7,4-6-2,935.2
2026-09-20 13:34:11,20260920,2,7,4-6-3,808.8
2026-09-20 13:34:11,20260920,2,7,4-6-5,997.5
2026-09-20 13:34:11,20260920,2,7,5-1-2,163.5
2026-09-20 13:34:11,20260920,2,7,5-1-3,152.6
2026-09-20 13:34:11,20260920,2,7,5-1-4,215.2
2026-09-20 13:34:11,20260920,2,7,5-1-6,308.5
2026-09-20 13:34:11,20260920,2,7,5-2-1,336.2
2026-09-20 13:34:11,20260920,2,7,5-2-3,433.7
2026-09-20 13:34:11,20260920,2,7,5-2-4,564.6
2026-09-20 13:34:11,20260920,2,7,5-2-6,369.4
2026-09-20 13:34:11,20260920,2,7,5-3-1,209.2
2026-09-20 13:34:11,20260920,2,7,5-3-2,340.0
2026-09-20 13:34:11,20260920,2,7,5-3-4,360.5
2026-09-20 13:34:11,20260920,2,7,5-3-6,393.7
2026-09-20 13:34:11,20260920,2,7,5-4-1,356.2
2026-09-20 13:34:11,20260920,2,7,5-4-2,665.0
2026-09-20 13:34:11,20260920,2,7,5-4-3,748.1
2026-09-20 13:34:11,20260920,2,7,5-4-6,767.3
2026-09-20 13:34:11,20260920,2,7,5-6-1,695.9
2026-09-20 13:34:11,20260920,2,7,5-6-2,965.3
2026-09-20 13:34:11,20260920,2,7,5-6-3,787.5
2026-09-20 13:34:11,20260920,2,7,5-6-4,855.0
2026-09-20 13:34:11,20260920,2,7,6-1-2,482.6
2026-09-20 13:34:11,20260920,2,7,6-1-3,636.7
2026-09-20 13:34:11,20260920,2,7,6-1-4,665.0
2026-09-20 13:34:11,20260920,2,7,6-1-5,787.5
2026-09-20 13:34:11,20260920,2,7,6-2-1,997.5
2026-09-20 13:34:11,20260920,2,7,6-2-3,965.3
2026-09-20 13:34:11,20260920,2,7,6-2-4,787.5
2026-09-20 13:34:11,20260920,2,7,6-2-5,1425.0
2026-09-20 13:34:11,20260920,2,7,6-3-1,906.8
2026-09-20 13:34:11,20260920,2,7,6-3-2,787.5
2026-09-20 13:34:11,20260920,2,7,6-3-4,446.6
2026-09-20 13:34:11,20260920,2,7,6-3-5,1197.0
2026-09-20 13:34:11,20260920,2,7,6-4-1,906.8
2026-09-20 13:34:11,20260920,2,7,6-4-2,1870.0
2026-09-20 13:34:11,20260920,2,7,6-4-3,1246.0
2026-09-20 13:34:11,20260920,2,7,6-4-5,1108.0
2026-09-20 13:34:11,20260920,2,7,6-5-1,997.5
2026-09-20 13:34:11,20260920,2,7,6-5-2,1301.0
2026-09-20 13:34:11,20260920,2,7,6-5-3,1760.0
2026-09-20 13:34:11,20260920,2,7,6-5-4,1575.0
2026-09-20 13:37:03,20260920,14,11,1-2-3,6.5
2026-09-20 13:37:03,20260920,14,11,1-2-4,8.4
2026-09-20 13:37:03,20260920,14,11,1-2-5,30.9
2026-09-20 13:37:03,20260920,14,11,1-2-6,41.2
2026-09-20 13:37:03,20260920,14,11,1-3-2,17.3
2026-09-20 13:37:03,20260920,14,11,1-3-4,12.3
2026-09-20 13:37:03,20260920,14,11,1-3-5,31.0
2026-09-20 13:37:03,20260920,14,11,1-3-6,50.6
2026-09-20 13:37:03,20260920,14,11,1-4-2,12.5
2026-09-20 13:37:03,20260920,14,11,1-4-3,15.8
2026-09-20 13:37:03,20260920,14,11,1-4-5,29.1
2026-09-20 13:37:03,20260920,14,11,1-4-6,42.0
2026-09-20 13:37:03,20260920,14,11,1-5-2,67.0
2026-09-20 13:37:03,20260920,14,11,1-5-3,78.1
2026-09-20 13:37:03,20260920,14,11,1-5-4,58.8
2026-09-20 13:37:03,20260920,14,11,1-5-6,117.1
2026-09-20 13:37:03,20260920,14,11,1-6-2,119.6
2026-09-20 13:37:03,20260920,14,11,1-6-3,142.6
2026-09-20 13:37:03,20260920,14,11,1-6-4,124.6
2026-09-20 13:37:03,20260920,14,11,1-6-5,246.1
2026-09-20 13:37:03,20260920,14,11,2-1-3,29.0
2026-09-20 13:37:03,20260920,14,11,2-1-4,27.2
2026-09-20 13:37:03,20260920,14,11,2-1-5,61.4
2026-09-20 13:37:03,20260920,14,11,2-1-6,87.1
2026-09-20 13:37:03,20260920,14,11,2-3-1,80.8
2026-09-20 13:37:03,20260920,14,11,2-3-4,100.9
2026-09-20 13:37:03,20260920,14,11,2-3-5,178.9
2026-09-20 13:37:03,20260920,14,11,2-3-6,223.7
2026-09-20 13:37:03,20260920,14,11,2-4-1,63.4
2026-09-20 13:37:03,20260920,14,11,2-4-3,111.2
2026-09-20 13:37:03,20260920,14,11,2-4-5,182.2
2026-09-20 13:37:03,20260920,14,11,2-4-6,148.5
2026-09-20 13:37:03,20260920,14,11,2-5-1,250.8
2026-09-20 13:37:03,20260920,14,11,2-5-3,298.3
2026-09-20 13:37:03,20260920,14,11,2-5-4,328.1
2026-09-20 13:37:03,20260920,14,11,2-5-6,351.5
2026-09-20 13:37:03,20260920,14,11,2-6-1,234.3
2026-09-20 13:37:03,20260920,14,11,2-6-3,405.9
2026-09-20 13:37:03,20260920,14,11,2-6-4,291.6
2026-09-20 13:37:03,20260920,14,11,2-6-5,414.4
2026-09-20 13:37:03,20260920,14,11,3-1-2,62.7
2026-09-20 13:37:03,20260920,14,11,3-1-4,47.0
2026-09-20 13:37:03,20260920,14,11,3-1-5,95.8
2026-09-20 13:37:03,20260920,14,11,3-1-6,160.0
2026-09-20 13:37:03,20260920,14,11,3-2-1,135.3
2026-09-20 13:37:03,20260920,14,11,3-2-4,127.8
2026-09-20 13:37:03,20260920,14,11,3-2-5,165.4
2026-09-20 13:37:03,20260920,14,11,3-2-6,246.1
2026-09-20 13:37:03,20260920,14,11,3-4-1,94.6
2026-09-20 13:37:03,20260920,14,11,3-4-2,163.3
2026-09-20 13:37:03,20260920,14,11,3-4-5,246.1
2026-09-20 13:37:03,20260920,14,11,3-4-6,271.5
2026-09-20 13:37:03,20260920,14,11,3-5-1,230.2
2026-09-20 13:37:03,20260920,14,11,3-5-2,226.3
2026-09-20 13:37:03,20260920,14,11,3-5-4,302.8
2026-09-20 13:37:03,20260920,14,11,3-5-6,339.4
2026-09-20 13:37:03,20260920,14,11,3-6-1,364.5
2026-09-20 13:37:03,20260920,14,11,3-6-2,325.4
2026-09-20 13:37:03,20260920,14,11,3-6-4,418.8
2026-09-20 13:37:03,20260920,14,11,3-6-5,635.1
2026-09-20 13:37:03,20260920,14,11,4-1-2,52.4
2026-09-20 13:37:03,20260920,14,11,4-1-3,63.7
2026-09-20 13:37:03,20260920,14,11,4-1-5,73.7
2026-09-20 13:37:03,20260920,14,11,4-1-6,121.9
2026-09-20 13:37:03,20260920,14,11,4-2-1,79.8
2026-09-20 13:37:03,20260920,14,11,4-2-3,163.3
2026-09-20 13:37:03,20260920,14,11,4-2-5,184.0
2026-09-20 13:37:03,20260920,14,11,4-2-6,202.9
2026-09-20 13:37:03,20260920,14,11,4-3-1,110.9
2026-09-20 13:37:03,20260920,14,11,4-3-2,197.8
2026-09-20 13:37:03,20260920,14,11,4-3-5,244.5
2026-09-20 13:37:03,20260920,14,11,4-3-6,267.8
2026-09-20 13:37:03,20260920,14,11,4-5-1,162.7
2026-09-20 13:37:03,20260920,14,11,4-5-2,296.0
2026-09-20 13:37:03,20260920,14,11,4-5-3,325.4
2026-09-20 13:37:03,20260920,14,11,4-5-6,259.0
2026-09-20 13:37:03,20260920,14,11,4-6-1,231.6
2026-09-20 13:37:03,20260920,14,11,4-6-2,244.5
2026-09-20 13:37:03,20260920,14,11,4-6-3,357.9
2026-09-20 13:37:03,20260920,14,11,4-6-5,375.0
2026-09-20 13:37:03,20260920,14,11,5-1-2,254.0
2026-09-20 13:37:03,20260920,14,11,5-1-3,279.2
2026-09-20 13:37:03,20260920,14,11,5-1-4,247.6
2026-09-20 13:37:03,20260920,14,11,5-1-6,389.8
2026-09-20 13:37:03,20260920,14,11,5-2-1,442.4
2026-09-20 13:37:03,20260920,14,11,5-2-3,480.2
2026-09-20 13:37:03,20260920,14,11,5-2-4,480.2
2026-09-20 13:37:03,20260920,14,11,5-2-6,423.4
2026-09-20 13:37:03,20260920,14,11,5-3-1,480.2
2026-09-20 13:37:03,20260920,14,11,5-3-2,562.5
2026-09-20 13:37:03,20260920,14,11,5-3-4,410.1
2026-09-20 13:37:03,20260920,14,11,5-3-6,554.5
2026-09-20 13:37:03,20260920,14,11,5-4-1,364.5
2026-09-20 13:37:03,20260920,14,11,5-4-2,605.7
2026-09-20 13:37:03,20260920,14,11,5-4-3,615.2
2026-09-20 13:37:03,20260920,14,11,5-4-6,428.0
2026-09-20 13:37:03,20260920,14,11,5-6-1,856.0
2026-09-20 13:37:03,20260920,14,11,5-6-2,625.0
2026-09-20 13:37:03,20260920,14,11,5-6-3,729.1
2026-09-20 13:37:03,20260920,14,11,5-6-4,605.7
2026-09-20 13:37:03,20260920,14,11,6-1-2,386.0
2026-09-20 13:37:03,20260920,14,11,6-1-3,480.2
2026-09-20 13:37:03,20260920,14,11,6-1-4,486.1
2026-09-20 13:37:03,20260920,14,11,6-1-5,894.9
2026-09-20 13:37:03,20260920,14,11,6-2-1,587.7
2026-09-20 13:37:03,20260920,14,11,6-2-3,690.8
2026-09-20 13:37:03,20260920,14,11,6-2-4,554.5
2026-09-20 13:37:03,20260920,14,11,6-2-5,1009.0
2026-09-20 13:37:03,20260920,14,11,6-3-1,703.1
2026-09-20 13:37:03,20260920,14,11,6-3-2,837.7
2026-09-20 13:37:03,20260920,14,11,6-3-4,803.6
2026-09-20 13:37:03,20260920,14,11,6-3-5,1458.0
2026-09-20 13:37:03,20260920,14,11,6-4-1,579.0
2026-09-20 13:37:03,20260920,14,11,6-4-2,492.2
2026-09-20 13:37:03,20260920,14,11,6-4-3,787.5
2026-09-20 13:37:03,20260920,14,11,6-4-5,894.9
2026-09-20 13:37:03,20260920,14,11,6-5-1,1093.0
2026-09-20 13:37:03,20260920,14,11,6-5-2,1158.0
2026-09-20 13:37:03,20260920,14,11,6-5-3,1514.0
2026-09-20 13:37:03,20260920,14,11,6-5-4,984.4
2026-09-20 13:40:58,20260920,23,11,1-2-3,12.6
2026-09-20 13:40:58,20260920,23,11,1-2-4,7.7
2026-09-20 13:40:58,20260920,23,11,1-2-5,29.6
2026-09-20 13:40:58,20260920,23,11,1-2-6,42.9
2026-09-20 13:40:58,20260920,23,11,1-3-2,27.3
2026-09-20 13:40:58,20260920,23,11,1-3-4,24.1
2026-09-20 13:40:58,20260920,23,11,1-3-5,37.1
2026-09-20 13:40:58,20260920,23,11,1-3-6,97.6
2026-09-20 13:40:58,20260920,23,11,1-4-2,8.7
2026-09-20 13:40:58,20260920,23,11,1-4-3,21.0
2026-09-20 13:40:58,20260920,23,11,1-4-5,18.5
2026-09-20 13:40:58,20260920,23,11,1-4-6,36.5
2026-09-20 13:40:58,20260920,23,11,1-5-2,36.9
2026-09-20 13:40:58,20260920,23,11,1-5-3,81.4
2026-09-20 13:40:58,20260920,23,11,1-5-4,39.3
2026-09-20 13:40:58,20260920,23,11,1-5-6,123.6
2026-09-20 13:40:58,20260920,23,11,1-6-2,105.1
2026-09-20 13:40:58,20260920,23,11,1-6-3,125.9
2026-09-20 13:40:58,20260920,23,11,1-6-4,133.2
2026-09-20 13:40:58,20260920,23,11,1-6-5,269.0
2026-09-20 13:40:58,20260920,23,11,2-1-3,42.4
2026-09-20 13:40:58,20260920,23,11,2-1-4,25.7
2026-09-20 13:40:58,20260920,23,11,2-1-5,74.9
2026-09-20 13:40:58,20260920,23,11,2-1-6,113.4
2026-09-20 13:40:58,20260920,23,11,2-3-1,51.2
2026-09-20 13:40:58,20260920,23,11,2-3-4,148.3
2026-09-20 13:40:58,20260920,23,11,2-3-5,291.9
2026-09-20 13:40:58,20260920,23,11,2-3-6,338.8
2026-09-20 13:40:58,20260920,23,11,2-4-1,46.4
2026-09-20 13:40:58,20260920,23,11,2-4-3,159.5
2026-09-20 13:40:58,20260920,23,11,2-4-5,144.4
2026-09-20 13:40:58,20260920,23,11,2-4-6,118.3
2026-09-20 13:40:58,20260920,23,11,2-5-1,204.8
2026-09-20 13:40:58,20260920,23,11,2-5-3,508.2
2026-09-20 13:40:58,20260920,23,11,2-5-4,247.2
2026-09-20 13:40:58,20260920,23,11,2-5-6,280.0
2026-09-20 13:40:58,20260920,23,11,2-6-1,304.9
2026-09-20 13:40:58,20260920,23,11,2-6-3,548.9
2026-09-20 13:40:58,20260920,23,11,2-6-4,238.6
2026-09-20 13:40:58,20260920,23,11,2-6-5,365.9
2026-09-20 13:40:58,20260920,23,11,3-1-2,112.4
2026-09-20 13:40:58,20260920,23,11,3-1-4,48.3
2026-09-20 13:40:58,20260920,23,11,3-1-5,149.9
2026-09-20 13:40:58,20260920,23,11,3-1-6,311.8
2026-09-20 13:40:58,20260920,23,11,3-2-1,172.6
2026-09-20 13:40:58,20260920,23,11,3-2-4,156.8
2026-09-20 13:40:58,20260920,23,11,3-2-5,311.8
2026-09-20 13:40:58,20260920,23,11,3-2-6,415.8
2026-09-20 13:40:58,20260920,23,11,3-4-1,181.7
2026-09-20 13:40:58,20260920,23,11,3-4-2,245.0
2026-09-20 13:40:58,20260920,23,11,3-4-5,435.6
2026-09-20 13:40:58,20260920,23,11,3-4-6,560.1
2026-09-20 13:40:58,20260920,23,11,3-5-1,251.8
2026-09-20 13:40:58,20260920,23,11,3-5-2,285.8
2026-09-20 13:40:58,20260920,23,11,3-5-4,583.9
2026-09-20 13:40:58,20260920,23,11,3-5-6,538.1
2026-09-20 13:40:58,20260920,23,11,3-6-1,517.8
2026-09-20 13:40:58,20260920,23,11,3-6-2,571.7
2026-09-20 13:40:58,20260920,23,11,3-6-4,686.1
2026-09-20 13:40:58,20260920,23,11,3-6-5,807.2
2026-09-20 13:40:58,20260920,23,11,4-1-2,20.2
2026-09-20 13:40:58,20260920,23,11,4-1-3,61.2
2026-09-20 13:40:58,20260920,23,11,4-1-5,44.5
2026-09-20 13:40:58,20260920,23,11,4-1-6,64.8
2026-09-20 13:40:58,20260920,23,11,4-2-1,36.9
2026-09-20 13:40:58,20260920,23,11,4-2-3,132.5
2026-09-20 13:40:58,20260920,23,11,4-2-5,47.5
2026-09-20 13:40:58,20260920,23,11,4-2-6,99.4
2026-09-20 13:40:58,20260920,23,11,4-3-1,134.5
2026-09-20 13:40:58,20260920,23,11,4-3-2,251.8
2026-09-20 13:40:58,20260920,23,11,4-3-5,381.1
2026-09-20 13:40:58,20260920,23,11,4-3-6,334.7
2026-09-20 13:40:58,20260920,23,11,4-5-1,82.1
2026-09-20 13:40:58,20260920,23,11,4-5-2,103.1
2026-09-20 13:40:58,20260920,23,11,4-5-3,230.6
2026-09-20 13:40:58,20260920,23,11,4-5-6,132.5
2026-09-20 13:40:58,20260920,23,11,4-6-1,175.9
2026-09-20 13:40:58,20260920,23,11,4-6-2,143.6
2026-09-20 13:40:58,20260920,23,11,4-6-3,334.7
2026-09-20 13:40:58,20260920,23,11,4-6-5,256.5
2026-09-20 13:40:58,20260920,23,11,5-1-2,214.4
2026-09-20 13:40:58,20260920,23,11,5-1-3,315.4
2026-09-20 13:40:58,20260920,23,11,5-1-4,172.6
2026-09-20 13:40:58,20260920,23,11,5-1-6,291.9
2026-09-20 13:40:58,20260920,23,11,5-2-1,315.4
2026-09-20 13:40:58,20260920,23,11,5-2-3,449.9
2026-09-20 13:40:58,20260920,23,11,5-2-4,254.1
2026-09-20 13:40:58,20260920,23,11,5-2-6,277.2
2026-09-20 13:40:58,20260920,23,11,5-3-1,442.6
2026-09-20 13:40:58,20260920,23,11,5-3-2,669.4
2026-09-20 13:40:58,20260920,23,11,5-3-4,669.4
2026-09-20 13:40:58,20260920,23,11,5-3-6,538.1
2026-09-20 13:40:58,20260920,23,11,5-4-1,181.7
2026-09-20 13:40:58,20260920,23,11,5-4-2,301.6
2026-09-20 13:40:58,20260920,23,11,5-4-3,403.6
2026-09-20 13:40:58,20260920,23,11,5-4-6,298.3
2026-09-20 13:40:58,20260920,23,11,5-6-1,499.0
2026-09-20 13:40:58,20260920,23,11,5-6-2,508.2
2026-09-20 13:40:58,20260920,23,11,5-6-3,571.7
2026-09-20 13:40:58,20260920,23,11,5-6-4,386.5
2026-09-20 13:40:58,20260920,23,11,6-1-2,361.1
2026-09-20 13:40:58,20260920,23,11,6-1-3,596.6
2026-09-20 13:40:58,20260920,23,11,6-1-4,490.1
2026-09-20 13:40:58,20260920,23,11,6-1-5,703.7
2026-09-20 13:40:58,20260920,23,11,6-2-1,560.1
2026-09-20 13:40:58,20260920,23,11,6-2-3,638.2
2026-09-20 13:40:58,20260920,23,11,6-2-4,315.4
2026-09-20 13:40:58,20260920,23,11,6-2-5,517.8
2026-09-20 13:40:58,20260920,23,11,6-3-1,807.2
2026-09-20 13:40:58,20260920,23,11,6-3-2,831.7
2026-09-20 13:40:58,20260920,23,11,6-3-4,885.3
2026-09-20 13:40:58,20260920,23,11,6-3-5,1306.0
2026-09-20 13:40:58,20260920,23,11,6-4-1,499.0
2026-09-20 13:40:58,20260920,23,11,6-4-2,361.1
2026-09-20 13:40:58,20260920,23,11,6-4-3,885.3
2026-09-20 13:40:58,20260920,23,11,6-4-5,508.2
2026-09-20 13:40:58,20260920,23,11,6-5-1,638.2
2026-09-20 13:40:58,20260920,23,11,6-5-2,560.1
2026-09-20 13:40:58,20260920,23,11,6-5-3,1097.0
2026-09-20 13:40:58,20260920,23,11,6-5-4,686.1
2026-09-20 13:43:37,20260920,13,8,1-2-3,53.2
2026-09-20 13:43:37,20260920,13,8,1-2-4,70.5
2026-09-20 13:43:37,20260920,13,8,1-2-5,65.8
2026-09-20 13:43:37,20260920,13,8,1-2-6,248.8
2026-09-20 13:43:37,20260920,13,8,1-3-2,57.8
2026-09-20 13:43:37,20260920,13,8,1-3-4,44.3
2026-09-20 13:43:37,20260920,13,8,1-3-5,51.6
2026-09-20 13:43:37,20260920,13,8,1-3-6,137.0
2026-09-20 13:43:37,20260920,13,8,1-4-2,35.0
2026-09-20 13:43:37,20260920,13,8,1-4-3,41.3
2026-09-20 13:43:37,20260920,13,8,1-4-5,12.5
2026-09-20 13:43:37,20260920,13,8,1-4-6,104.4
2026-09-20 13:43:37,20260920,13,8,1-5-2,42.4
2026-09-20 13:43:37,20260920,13,8,1-5-3,43.4
2026-09-20 13:43:37,20260920,13,8,1-5-4,14.3
2026-09-20 13:43:37,20260920,13,8,1-5-6,115.3
2026-09-20 13:43:37,20260920,13,8,1-6-2,136.0
2026-09-20 13:43:37,20260920,13,8,1-6-3,219.8
2026-09-20 13:43:37,20260920,13,8,1-6-4,180.1
2026-09-20 13:43:37,20260920,13,8,1-6-5,203.3
2026-09-20 13:43:37,20260920,13,8,2-1-3,158.9
2026-09-20 13:43:37,20260920,13,8,2-1-4,124.4
2026-09-20 13:43:37,20260920,13,8,2-1-5,130.4
2026-09-20 13:43:37,20260920,13,8,2-1-6,1050.0
2026-09-20 13:43:37,20260920,13,8,2-3-1,194.9
2026-09-20 13:43:37,20260920,13,8,2-3-4,270.1
2026-09-20 13:43:37,20260920,13,8,2-3-5,274.0
2026-09-20 13:43:37,20260920,13,8,2-3-6,900.5
2026-09-20 13:43:37,20260920,13,8,2-4-1,259.0
2026-09-20 13:43:37,20260920,13,8,2-4-3,286.5
2026-09-20 13:43:37,20260920,13,8,2-4-5,185.3
2026-09-20 13:43:37,20260920,13,8,2-4-6,484.8
2026-09-20 13:43:37,20260920,13,8,2-5-1,233.4
2026-09-20 13:43:37,20260920,13,8,2-5-3,255.5
2026-09-20 13:43:37,20260920,13,8,2-5-4,242.4
2026-09-20 13:43:37,20260920,13,8,2-5-6,540.3
2026-09-20 13:43:37,20260920,13,8,2-6-1,1575.0
2026-09-20 13:43:37,20260920,13,8,2-6-3,1181.0
2026-09-20 13:43:37,20260920,13,8,2-6-4,945.5
2026-09-20 13:43:37,20260920,13,8,2-6-5,900.5
2026-09-20 13:43:37,20260920,13,8,3-1-2,164.4
2026-09-20 13:43:37,20260920,13,8,3-1-4,128.6
2026-09-20 13:43:37,20260920,13,8,3-1-5,143.2
2026-09-20 13:43:37,20260920,13,8,3-1-6,429.7
2026-09-20 13:43:37,20260920,13,8,3-2-1,205.5
2026-09-20 13:43:37,20260920,13,8,3-2-4,255.5
2026-09-20 13:43:37,20260920,13,8,3-2-5,180.1
2026-09-20 13:43:37,20260920,13,8,3-2-6,787.9
2026-09-20 13:43:37,20260920,13,8,3-4-1,150.0
2026-09-20 13:43:37,20260920,13,8,3-4-2,219.8
2026-09-20 13:43:37,20260920,13,8,3-4-5,73.8
2026-09-20 13:43:37,20260920,13,8,3-4-6,326.0
2026-09-20 13:43:37,20260920,13,8,3-5-1,210.1
2026-09-20 13:43:37,20260920,13,8,3-5-2,205.5
2026-09-20 13:43:37,20260920,13,8,3-5-4,107.4
2026-09-20 13:43:37,20260920,13,8,3-5-6,497.6
2026-09-20 13:43:37,20260920,13,8,3-6-1,727.3
2026-09-20 13:43:37,20260920,13,8,3-6-2,945.5
2026-09-20 13:43:37,20260920,13,8,3-6-4,822.1
2026-09-20 13:43:37,20260920,13,8,3-6-5,610.0
2026-09-20 13:43:37,20260920,13,8,4-1-2,47.7
2026-09-20 13:43:37,20260920,13,8,4-1-3,53.4
2026-09-20 13:43:37,20260920,13,8,4-1-5,14.4
2026-09-20 13:43:37,20260920,13,8,4-1-6,84.4
2026-09-20 13:43:37,20260920,13,8,4-2-1,152.5
2026-09-20 13:43:37,20260920,13,8,4-2-3,252.1
2026-09-20 13:43:37,20260920,13,8,4-2-5,114.6
2026-09-20 13:43:37,20260920,13,8,4-2-6,370.7
2026-09-20 13:43:37,20260920,13,8,4-3-1,106.8
2026-09-20 13:43:37,20260920,13,8,4-3-2,217.3
2026-09-20 13:43:37,20260920,13,8,4-3-5,54.8
2026-09-20 13:43:37,20260920,13,8,4-3-6,356.8
2026-09-20 13:43:37,20260920,13,8,4-5-1,12.3
2026-09-20 13:43:37,20260920,13,8,4-5-2,35.2
2026-09-20 13:43:37,20260920,13,8,4-5-3,20.7
2026-09-20 13:43:37,20260920,13,8,4-5-6,29.5
2026-09-20 13:43:37,20260920,13,8,4-6-1,242.4
2026-09-20 13:43:37,20260920,13,8,4-6-2,337.6
2026-09-20 13:43:37,20260920,13,8,4-6-3,370.7
2026-09-20 13:43:37,20260920,13,8,4-6-5,125.2
2026-09-20 13:43:37,20260920,13,8,5-1-2,37.3
2026-09-20 13:43:37,20260920,13,8,5-1-3,51.3
2026-09-20 13:43:37,20260920,13,8,5-1-4,15.4
2026-09-20 13:43:37,20260920,13,8,5-1-6,90.4
2026-09-20 13:43:37,20260920,13,8,5-2-1,227.8
2026-09-20 13:43:37,20260920,13,8,5-2-3,187.2
2026-09-20 13:43:37,20260920,13,8,5-2-4,136.0
2026-09-20 13:43:37,20260920,13,8,5-2-6,378.2
2026-09-20 13:43:37,20260920,13,8,5-3-1,130.4
2026-09-20 13:43:37,20260920,13,8,5-3-2,245.5
2026-09-20 13:43:37,20260920,13,8,5-3-4,74.1
2026-09-20 13:43:37,20260920,13,8,5-3-6,290.9
2026-09-20 13:43:37,20260920,13,8,5-4-1,13.9
2026-09-20 13:43:37,20260920,13,8,5-4-2,34.2
2026-09-20 13:43:37,20260920,13,8,5-4-3,23.6
2026-09-20 13:43:37,20260920,13,8,5-4-6,42.8
2026-09-20 13:43:37,20260920,13,8,5-6-1,315.1
2026-09-20 13:43:37,20260920,13,8,5-6-2,511.0
2026-09-20 13:43:37,20260920,13,8,5-6-3,393.9
2026-09-20 13:43:37,20260920,13,8,5-6-4,125.2
2026-09-20 13:43:37,20260920,13,8,6-1-2,497.6
2026-09-20 13:43:37,20260920,13,8,6-1-3,727.3
2026-09-20 13:43:37,20260920,13,8,6-1-4,995.2
2026-09-20 13:43:37,20260920,13,8,6-1-5,1050.0
2026-09-20 13:43:37,20260920,13,8,6-2-1,1050.0
2026-09-20 13:43:37,20260920,13,8,6-2-3,1575.0
2026-09-20 13:43:37,20260920,13,8,6-2-4,945.5
2026-09-20 13:43:37,20260920,13,8,6-2-5,1260.0
2026-09-20 13:43:37,20260920,13,8,6-3-1,727.3
2026-09-20 13:43:37,20260920,13,8,6-3-2,1891.0
2026-09-20 13:43:37,20260920,13,8,6-3-4,1181.0
2026-09-20 13:43:37,20260920,13,8,6-3-5,1575.0
2026-09-20 13:43:37,20260920,13,8,6-4-1,525.2
2026-09-20 13:43:37,20260920,13,8,6-4-2,727.3
2026-09-20 13:43:37,20260920,13,8,6-4-3,1575.0
2026-09-20 13:43:37,20260920,13,8,6-4-5,343.8
2026-09-20 13:43:37,20260920,13,8,6-5-1,700.3
2026-09-20 13:43:37,20260920,13,8,6-5-2,1181.0
2026-09-20 13:43:37,20260920,13,8,6-5-3,1454.0
2026-09-20 13:43:37,20260920,13,8,6-5-4,326.0
2026-09-20 13:46:29,20260920,3,7,1-2-3,58.1
2026-09-20 13:46:29,20260920,3,7,1-2-4,146.5
2026-09-20 13:46:29,20260920,3,7,1-2-5,271.5
2026-09-20 13:46:29,20260920,3,7,1-2-6,138.0
2026-09-20 13:46:29,20260920,3,7,1-3-2,46.1
2026-09-20 13:46:29,20260920,3,7,1-3-4,43.3
2026-09-20 13:46:29,20260920,3,7,1-3-5,120.8
2026-09-20 13:46:29,20260920,3,7,1-3-6,35.6
2026-09-20 13:46:29,20260920,3,7,1-4-2,118.2
2026-09-20 13:46:29,20260920,3,7,1-4-3,81.1
2026-09-20 13:46:29,20260920,3,7,1-4-5,32.6
2026-09-20 13:46:29,20260920,3,7,1-4-6,163.9
2026-09-20 13:46:29,20260920,3,7,1-5-2,243.5
2026-09-20 13:46:29,20260920,3,7,1-5-3,192.5
2026-09-20 13:46:29,20260920,3,7,1-5-4,39.7
2026-09-20 13:46:29,20260920,3,7,1-5-6,306.6
2026-09-20 13:46:29,20260920,3,7,1-6-2,160.7
2026-09-20 13:46:29,20260920,3,7,1-6-3,46.9
2026-09-20 13:46:29,20260920,3,7,1-6-4,170.7
2026-09-20 13:46:29,20260920,3,7,1-6-5,331.2
2026-09-20 13:46:29,20260920,3,7,2-1-3,120.8
2026-09-20 13:46:29,20260920,3,7,2-1-4,176.1
2026-09-20 13:46:29,20260920,3,7,2-1-5,345.0
2026-09-20 13:46:29,20260920,3,7,2-1-6,145.2
2026-09-20 13:46:29,20260920,3,7,2-3-1,117.4
2026-09-20 13:46:29,20260920,3,7,2-3-4,83.6
2026-09-20 13:46:29,20260920,3,7,2-3-5,220.8
2026-09-20 13:46:29,20260920,3,7,2-3-6,91.5
2026-09-20 13:46:29,20260920,3,7,2-4-1,160.7
2026-09-20 13:46:29,20260920,3,7,2-4-3,104.1
2026-09-20 13:46:29,20260920,3,7,2-4-5,258.7
2026-09-20 13:46:29,20260920,3,7,2-4-6,157.7
2026-09-20 13:46:29,20260920,3,7,2-5-1,345.0
2026-09-20 13:46:29,20260920,3,7,2-5-3,435.8
2026-09-20 13:46:29,20260920,3,7,2-5-4,591.4
2026-09-20 13:46:29,20260920,3,7,2-5-6,368.0
2026-09-20 13:46:29,20260920,3,7,2-6-1,240.0
2026-09-20 13:46:29,20260920,3,7,2-6-3,151.9
2026-09-20 13:46:29,20260920,3,7,2-6-4,215.0
2026-09-20 13:46:29,20260920,3,7,2-6-5,360.0
2026-09-20 13:46:29,20260920,3,7,3-1-2,68.1
2026-09-20 13:46:29,20260920,3,7,3-1-4,18.5
2026-09-20 13:46:29,20260920,3,7,3-1-5,132.4
2026-09-20 13:46:29,20260920,3,7,3-1-6,31.3
2026-09-20 13:46:29,20260920,3,7,3-2-1,75.2
2026-09-20 13:46:29,20260920,3,7,3-2-4,20.7
2026-09-20 13:46:29,20260920,3,7,3-2-5,111.9
2026-09-20 13:46:29,20260920,3,7,3-2-6,40.2
2026-09-20 13:46:29,20260920,3,7,3-4-1,19.2
2026-09-20 13:46:29,20260920,3,7,3-4-2,14.3
2026-09-20 13:46:29,20260920,3,7,3-4-5,69.5
2026-09-20 13:46:29,20260920,3,7,3-4-6,9.1
2026-09-20 13:46:29,20260920,3,7,3-5-1,324.7
2026-09-20 13:46:29,20260920,3,7,3-5-2,197.1
2026-09-20 13:46:29,20260920,3,7,3-5-4,197.1
2026-09-20 13:46:29,20260920,3,7,3-5-6,197.1
2026-09-20 13:46:29,20260920,3,7,3-6-1,18.1
2026-09-20 13:46:29,20260920,3,7,3-6-2,36.6
2026-09-20 13:46:29,20260920,3,7,3-6-4,12.0
2026-09-20 13:46:29,20260920,3,7,3-6-5,82.3
2026-09-20 13:46:29,20260920,3,7,4-1-2,250.9
2026-09-20 13:46:29,20260920,3,7,4-1-3,128.3
2026-09-20 13:46:29,20260920,3,7,4-1-5,267.1
2026-09-20 13:46:29,20260920,3,7,4-1-6,290.5
2026-09-20 13:46:29,20260920,3,7,4-2-1,215.0
2026-09-20 13:46:29,20260920,3,7,4-2-3,125.4
2026-09-20 13:46:29,20260920,3,7,4-2-5,435.8
2026-09-20 13:46:29,20260920,3,7,4-2-6,220.8
2026-09-20 13:46:29,20260920,3,7,4-3-1,27.4
2026-09-20 13:46:29,20260920,3,7,4-3-2,81.1
2026-09-20 13:46:29,20260920,3,7,4-3-5,156.2
2026-09-20 13:46:29,20260920,3,7,4-3-6,20.8
2026-09-20 13:46:29,20260920,3,7,4-5-1,318.4
2026-09-20 13:46:29,20260920,3,7,4-5-2,414.0
2026-09-20 13:46:29,20260920,3,7,4-5-3,473.1
2026-09-20 13:46:29,20260920,3,7,4-5-6,460.0
2026-09-20 13:46:29,20260920,3,7,4-6-1,207.0
2026-09-20 13:46:29,20260920,3,7,4-6-2,157.7
2026-09-20 13:46:29,20260920,3,7,4-6-3,68.1
2026-09-20 13:46:29,20260920,3,7,4-6-5,368.0
2026-09-20 13:46:29,20260920,3,7,5-1-2,337.9
2026-09-20 13:46:29,20260920,3,7,5-1-3,501.8
2026-09-20 13:46:29,20260920,3,7,5-1-4,331.2
2026-09-20 13:46:29,20260920,3,7,5-1-6,403.9
2026-09-20 13:46:29,20260920,3,7,5-2-1,517.5
2026-09-20 13:46:29,20260920,3,7,5-2-3,414.0
2026-09-20 13:46:29,20260920,3,7,5-2-4,501.8
2026-09-20 13:46:29,20260920,3,7,5-2-6,414.0
2026-09-20 13:46:29,20260920,3,7,5-3-1,690.0
2026-09-20 13:46:29,20260920,3,7,5-3-2,591.4
2026-09-20 13:46:29,20260920,3,7,5-3-4,720.0
2026-09-20 13:46:29,20260920,3,7,5-3-6,295.7
2026-09-20 13:46:29,20260920,3,7,5-4-1,435.8
2026-09-20 13:46:29,20260920,3,7,5-4-2,591.4
2026-09-20 13:46:29,20260920,3,7,5-4-3,487.1
2026-09-20 13:46:29,20260920,3,7,5-4-6,752.7
2026-09-20 13:46:29,20260920,3,7,5-6-1,752.7
2026-09-20 13:46:29,20260920,3,7,5-6-2,636.9
2026-09-20 13:46:29,20260920,3,7,5-6-3,690.0
2026-09-20 13:46:29,20260920,3,7,5-6-4,534.2
2026-09-20 13:46:29,20260920,3,7,6-1-2,243.5
2026-09-20 13:46:29,20260920,3,7,6-1-3,85.8
2026-09-20 13:46:29,20260920,3,7,6-1-4,385.1
2026-09-20 13:46:29,20260920,3,7,6-1-5,920.0
2026-09-20 13:46:29,20260920,3,7,6-2-1,690.0
2026-09-20 13:46:29,20260920,3,7,6-2-3,178.0
2026-09-20 13:46:29,20260920,3,7,6-2-4,368.0
2026-09-20 13:46:29,20260920,3,7,6-2-5,662.4
2026-09-20 13:46:29,20260920,3,7,6-3-1,72.9
2026-09-20 13:46:29,20260920,3,7,6-3-2,82.8
2026-09-20 13:46:29,20260920,3,7,6-3-4,46.6
2026-09-20 13:46:29,20260920,3,7,6-3-5,435.8
2026-09-20 13:46:29,20260920,3,7,6-4-1,360.0
2026-09-20 13:46:29,20260920,3,7,6-4-2,240.0
2026-09-20 13:46:29,20260920,3,7,6-4-3,81.5
2026-09-20 13:46:29,20260920,3,7,6-4-5,517.5
2026-09-20 13:46:29,20260920,3,7,6-5-1,828.0
2026-09-20 13:46:29,20260920,3,7,6-5-2,720.0
2026-09-20 13:46:29,20260920,3,7,6-5-3,571.0
2026-09-20 13:46:29,20260920,3,7,6-5-4,788.6
2026-09-20 13:49:19,20260920,5,8,1-2-3,21.1
2026-09-20 13:49:19,20260920,5,8,1-2-4,33.1
2026-09-20 13:49:19,20260920,5,8,1-2-5,22.9
2026-09-20 13:49:19,20260920,5,8,1-2-6,30.1
2026-09-20 13:49:19,20260920,5,8,1-3-2,17.4
2026-09-20 13:49:19,20260920,5,8,1-3-4,14.2
2026-09-20 13:49:19,20260920,5,8,1-3-5,11.2
2026-09-20 13:49:19,20260920,5,8,1-3-6,18.0
2026-09-20 13:49:19,20260920,5,8,1-4-2,40.9
2026-09-20 13:49:19,20260920,5,8,1-4-3,28.9
2026-09-20 13:49:19,20260920,5,8,1-4-5,29.1
2026-09-20 13:49:19,20260920,5,8,1-4-6,30.1
2026-09-20 13:49:19,20260920,5,8,1-5-2,30.6
2026-09-20 13:49:19,20260920,5,8,1-5-3,21.5
2026-09-20 13:49:19,20260920,5,8,1-5-4,36.1
2026-09-20 13:49:19,20260920,5,8,1-5-6,31.3
2026-09-20 13:49:19,20260920,5,8,1-6-2,84.2
2026-09-20 13:49:19,20260920,5,8,1-6-3,59.3
2026-09-20 13:49:19,20260920,5,8,1-6-4,76.7
2026-09-20 13:49:19,20260920,5,8,1-6-5,71.1
2026-09-20 13:49:19,20260920,5,8,2-1-3,92.1
2026-09-20 13:49:19,20260920,5,8,2-1-4,128.7
2026-09-20 13:49:19,20260920,5,8,2-1-5,116.7
2026-09-20 13:49:19,20260920,5,8,2-1-6,120.3
2026-09-20 13:49:19,20260920,5,8,2-3-1,158.5
2026-09-20 13:49:19,20260920,5,8,2-3-4,280.2
2026-09-20 13:49:19,20260920,5,8,2-3-5,253.6
2026-09-20 13:49:19,20260920,5,8,2-3-6,298.8
2026-09-20 13:49:19,20260920,5,8,2-4-1,256.6
2026-09-20 13:49:19,20260920,5,8,2-4-3,393.8
2026-09-20 13:49:19,20260920,5,8,2-4-5,429.4
2026-09-20 13:49:19,20260920,5,8,2-4-6,359.1
2026-09-20 13:49:19,20260920,5,8,2-5-1,258.2
2026-09-20 13:49:19,20260920,5,8,2-5-3,328.7
2026-09-20 13:49:19,20260920,5,8,2-5-4,558.6
2026-09-20 13:49:19,20260920,5,8,2-5-6,310.7
2026-09-20 13:49:19,20260920,5,8,2-6-1,393.8
2026-09-20 13:49:19,20260920,5,8,2-6-3,449.8
2026-09-20 13:49:19,20260920,5,8,2-6-4,577.4
2026-09-20 13:49:19,20260920,5,8,2-6-5,461.9
2026-09-20 13:49:19,20260920,5,8,3-1-2,51.8
2026-09-20 13:49:19,20260920,5,8,3-1-4,35.6
2026-09-20 13:49:19,20260920,5,8,3-1-5,30.6
2026-09-20 13:49:19,20260920,5,8,3-1-6,47.2
2026-09-20 13:49:19,20260920,5,8,3-2-1,136.9
2026-09-20 13:49:19,20260920,5,8,3-2-4,183.0
2026-09-20 13:49:19,20260920,5,8,3-2-5,171.2
2026-09-20 13:49:19,20260920,5,8,3-2-6,202.0
2026-09-20 13:49:19,20260920,5,8,3-4-1,75.7
2026-09-20 13:49:19,20260920,5,8,3-4-2,173.7
2026-09-20 13:49:19,20260920,5,8,3-4-5,88.4
2026-09-20 13:49:19,20260920,5,8,3-4-6,95.6
2026-09-20 13:49:19,20260920,5,8,3-5-1,59.7
2026-09-20 13:49:19,20260920,5,8,3-5-2,155.3
2026-09-20 13:49:19,20260920,5,8,3-5-4,92.1
2026-09-20 13:49:19,20260920,5,8,3-5-6,88.1
2026-09-20 13:49:19,20260920,5,8,3-6-1,188.6
2026-09-20 13:49:19,20260920,5,8,3-6-2,294.7
2026-09-20 13:49:19,20260920,5,8,3-6-4,192.0
2026-09-20 13:49:19,20260920,5,8,3-6-5,171.2
2026-09-20 13:49:19,20260920,5,8,4-1-2,136.7
2026-09-20 13:49:19,20260920,5,8,4-1-3,80.3
2026-09-20 13:49:19,20260920,5,8,4-1-5,79.5
2026-09-20 13:49:19,20260920,5,8,4-1-6,95.0
2026-09-20 13:49:19,20260920,5,8,4-2-1,244.1
2026-09-20 13:49:19,20260920,5,8,4-2-3,346.0
2026-09-20 13:49:19,20260920,5,8,4-2-5,297.8
2026-09-20 13:49:19,20260920,5,8,4-2-6,222.5
2026-09-20 13:49:19,20260920,5,8,4-3-1,100.9
2026-09-20 13:49:19,20260920,5,8,4-3-2,262.9
2026-09-20 13:49:19,20260920,5,8,4-3-5,129.6
2026-09-20 13:49:19,20260920,5,8,4-3-6,127.3
2026-09-20 13:49:19,20260920,5,8,4-5-1,117.8
2026-09-20 13:49:19,20260920,5,8,4-5-2,267.0
2026-09-20 13:49:19,20260920,5,8,4-5-3,166.2
2026-09-20 13:49:19,20260920,5,8,4-5-6,118.7
2026-09-20 13:49:19,20260920,5,8,4-6-1,191.6
2026-09-20 13:49:19,20260920,5,8,4-6-2,360.6
2026-09-20 13:49:19,20260920,5,8,4-6-3,243.5
2026-09-20 13:49:19,20260920,5,8,4-6-5,214.7
2026-09-20 13:49:19,20260920,5,8,5-1-2,99.4
2026-09-20 13:49:19,20260920,5,8,5-1-3,64.3
2026-09-20 13:49:19,20260920,5,8,5-1-4,101.9
2026-09-20 13:49:19,20260920,5,8,5-1-6,104.7
2026-09-20 13:49:19,20260920,5,8,5-2-1,219.7
2026-09-20 13:49:19,20260920,5,8,5-2-3,245.6
2026-09-20 13:49:19,20260920,5,8,5-2-4,505.7
2026-09-20 13:49:19,20260920,5,8,5-2-6,283.0
2026-09-20 13:49:19,20260920,5,8,5-3-1,90.1
2026-09-20 13:49:19,20260920,5,8,5-3-2,272.1
2026-09-20 13:49:19,20260920,5,8,5-3-4,171.9
2026-09-20 13:49:19,20260920,5,8,5-3-6,216.3
2026-09-20 13:49:19,20260920,5,8,5-4-1,227.9
2026-09-20 13:49:19,20260920,5,8,5-4-2,589.4
2026-09-20 13:49:19,20260920,5,8,5-4-3,257.4
2026-09-20 13:49:19,20260920,5,8,5-4-6,234.1
2026-09-20 13:49:19,20260920,5,8,5-6-1,249.1
2026-09-20 13:49:19,20260920,5,8,5-6-2,418.9
2026-09-20 13:49:19,20260920,5,8,5-6-3,299.8
2026-09-20 13:49:19,20260920,5,8,5-6-4,300.9
2026-09-20 13:49:19,20260920,5,8,6-1-2,566.0
2026-09-20 13:49:19,20260920,5,8,6-1-3,477.4
2026-09-20 13:49:19,20260920,5,8,6-1-4,606.1
2026-09-20 13:49:19,20260920,5,8,6-1-5,521.1
2026-09-20 13:49:19,20260920,5,8,6-2-1,1017.0
2026-09-20 13:49:19,20260920,5,8,6-2-3,637.8
2026-09-20 13:49:19,20260920,5,8,6-2-4,929.0
2026-09-20 13:49:19,20260920,5,8,6-2-5,949.6
2026-09-20 13:49:19,20260920,5,8,6-3-1,601.8
2026-09-20 13:49:19,20260920,5,8,6-3-2,743.2
2026-09-20 13:49:19,20260920,5,8,6-3-4,482.8
2026-09-20 13:49:19,20260920,5,8,6-3-5,610.4
2026-09-20 13:49:19,20260920,5,8,6-4-1,662.5
2026-09-20 13:49:19,20260920,5,8,6-4-2,1139.0
2026-09-20 13:49:19,20260920,5,8,6-4-3,667.7
2026-09-20 13:49:19,20260920,5,8,6-4-5,730.5
2026-09-20 13:49:19,20260920,5,8,6-5-1,633.1
2026-09-20 13:49:19,20260920,5,8,6-5-2,1170.0
2026-09-20 13:49:19,20260920,5,8,6-5-3,743.2
2026-09-20 13:49:19,20260920,5,8,6-5-4,712.2
2026-09-20 13:49:28,20260920,16,7,1-2-3,56.9
2026-09-20 13:49:28,20260920,16,7,1-2-4,28.1
2026-09-20 13:49:28,20260920,16,7,1-2-5,24.1
2026-09-20 13:49:28,20260920,16,7,1-2-6,99.2
2026-09-20 13:49:28,20260920,16,7,1-3-2,67.1
2026-09-20 13:49:28,20260920,16,7,1-3-4,52.1
2026-09-20 13:49:28,20260920,16,7,1-3-5,41.8
2026-09-20 13:49:28,20260920,16,7,1-3-6,172.3
2026-09-20 13:49:28,20260920,16,7,1-4-2,24.6
2026-09-20 13:49:28,20260920,16,7,1-4-3,40.9
2026-09-20 13:49:28,20260920,16,7,1-4-5,11.1
2026-09-20 13:49:28,20260920,16,7,1-4-6,86.1
2026-09-20 13:49:28,20260920,16,7,1-5-2,16.2
2026-09-20 13:49:28,20260920,16,7,1-5-3,26.7
2026-09-20 13:49:28,20260920,16,7,1-5-4,11.1
2026-09-20 13:49:28,20260920,16,7,1-5-6,62.6
2026-09-20 13:49:28,20260920,16,7,1-6-2,163.7
2026-09-20 13:49:28,20260920,16,7,1-6-3,222.0
2026-09-20 13:49:28,20260920,16,7,1-6-4,163.7
2026-09-20 13:49:28,20260920,16,7,1-6-5,163.7
2026-09-20 13:49:28,20260920,16,7,2-1-3,128.4
2026-09-20 13:49:28,20260920,16,7,2-1-4,92.2
2026-09-20 13:49:28,20260920,16,7,2-1-5,80.3
2026-09-20 13:49:28,20260920,16,7,2-1-6,291.1
2026-09-20 13:49:28,20260920,16,7,2-3-1,238.2
2026-09-20 13:49:28,20260920,16,7,2-3-4,147.2
2026-09-20 13:49:28,20260920,16,7,2-3-5,319.5
2026-09-20 13:49:28,20260920,16,7,2-3-6,524.0
2026-09-20 13:49:28,20260920,16,7,2-4-1,131.0
2026-09-20 13:49:28,20260920,16,7,2-4-3,157.8
2026-09-20 13:49:28,20260920,16,7,2-4-5,132.3
2026-09-20 13:49:28,20260920,16,7,2-4-6,409.4
2026-09-20 13:49:28,20260920,16,7,2-5-1,113.9
2026-09-20 13:49:28,20260920,16,7,2-5-3,272.9
2026-09-20 13:49:28,20260920,16,7,2-5-4,159.7
2026-09-20 13:49:28,20260920,16,7,2-5-6,363.9
2026-09-20 13:49:28,20260920,16,7,2-6-1,451.7
2026-09-20 13:49:28,20260920,16,7,2-6-3,770.6
2026-09-20 13:49:28,20260920,16,7,2-6-4,873.4
2026-09-20 13:49:28,20260920,16,7,2-6-5,727.8
2026-09-20 13:49:28,20260920,16,7,3-1-2,131.0
2026-09-20 13:49:28,20260920,16,7,3-1-4,131.0
2026-09-20 13:49:28,20260920,16,7,3-1-5,62.9
2026-09-20 13:49:28,20260920,16,7,3-1-6,291.1
2026-09-20 13:49:28,20260920,16,7,3-2-1,172.3
2026-09-20 13:49:28,20260920,16,7,3-2-4,135.0
2026-09-20 13:49:28,20260920,16,7,3-2-5,233.9
2026-09-20 13:49:28,20260920,16,7,3-2-6,304.6
2026-09-20 13:49:28,20260920,16,7,3-4-1,272.9
2026-09-20 13:49:28,20260920,16,7,3-4-2,157.8
2026-09-20 13:49:28,20260920,16,7,3-4-5,174.6
2026-09-20 13:49:28,20260920,16,7,3-4-6,409.4
2026-09-20 13:49:28,20260920,16,7,3-5-1,109.1
2026-09-20 13:49:28,20260920,16,7,3-5-2,204.7
2026-09-20 13:49:28,20260920,16,7,3-5-4,159.7
2026-09-20 13:49:28,20260920,16,7,3-5-6,374.3
2026-09-20 13:49:28,20260920,16,7,3-6-1,689.5
2026-09-20 13:49:28,20260920,16,7,3-6-2,422.6
2026-09-20 13:49:28,20260920,16,7,3-6-4,485.2
2026-09-20 13:49:28,20260920,16,7,3-6-5,467.8
2026-09-20 13:49:28,20260920,16,7,4-1-2,68.9
2026-09-20 13:49:28,20260920,16,7,4-1-3,88.5
2026-09-20 13:49:28,20260920,16,7,4-1-5,17.4
2026-09-20 13:49:28,20260920,16,7,4-1-6,124.7
2026-09-20 13:49:28,20260920,16,7,4-2-1,115.9
2026-09-20 13:49:28,20260920,16,7,4-2-3,155.9
2026-09-20 13:49:28,20260920,16,7,4-2-5,96.3
2026-09-20 13:49:28,20260920,16,7,4-2-6,319.5
2026-09-20 13:49:28,20260920,16,7,4-3-1,192.6
2026-09-20 13:49:28,20260920,16,7,4-3-2,125.9
2026-09-20 13:49:28,20260920,16,7,4-3-5,154.1
2026-09-20 13:49:28,20260920,16,7,4-3-6,397.0
2026-09-20 13:49:28,20260920,16,7,4-5-1,20.0
2026-09-20 13:49:28,20260920,16,7,4-5-2,53.4
2026-09-20 13:49:28,20260920,16,7,4-5-3,81.8
2026-09-20 13:49:28,20260920,16,7,4-5-6,77.5
2026-09-20 13:49:28,20260920,16,7,4-6-1,354.0
2026-09-20 13:49:28,20260920,16,7,4-6-2,422.6
2026-09-20 13:49:28,20260920,16,7,4-6-3,451.7
2026-09-20 13:49:28,20260920,16,7,4-6-5,242.6
2026-09-20 13:49:28,20260920,16,7,5-1-2,31.7
2026-09-20 13:49:28,20260920,16,7,5-1-3,45.3
2026-09-20 13:49:28,20260920,16,7,5-1-4,17.5
2026-09-20 13:49:28,20260920,16,7,5-1-6,78.9
2026-09-20 13:49:28,20260920,16,7,5-2-1,76.6
2026-09-20 13:49:28,20260920,16,7,5-2-3,201.5
2026-09-20 13:49:28,20260920,16,7,5-2-4,90.3
2026-09-20 13:49:28,20260920,16,7,5-2-6,195.5
2026-09-20 13:49:28,20260920,16,7,5-3-1,111.9
2026-09-20 13:49:28,20260920,16,7,5-3-2,198.5
2026-09-20 13:49:28,20260920,16,7,5-3-4,172.3
2026-09-20 13:49:28,20260920,16,7,5-3-6,218.3
2026-09-20 13:49:28,20260920,16,7,5-4-1,20.2
2026-09-20 13:49:28,20260920,16,7,5-4-2,51.1
2026-09-20 13:49:28,20260920,16,7,5-4-3,92.2
2026-09-20 13:49:28,20260920,16,7,5-4-6,118.0
2026-09-20 13:49:28,20260920,16,7,5-6-1,256.8
2026-09-20 13:49:28,20260920,16,7,5-6-2,152.3
2026-09-20 13:49:28,20260920,16,7,5-6-3,363.9
2026-09-20 13:49:28,20260920,16,7,5-6-4,304.6
2026-09-20 13:49:28,20260920,16,7,6-1-2,291.1
2026-09-20 13:49:28,20260920,16,7,6-1-3,727.8
2026-09-20 13:49:28,20260920,16,7,6-1-4,689.5
2026-09-20 13:49:28,20260920,16,7,6-1-5,503.8
2026-09-20 13:49:28,20260920,16,7,6-2-1,569.6
2026-09-20 13:49:28,20260920,16,7,6-2-3,655.0
2026-09-20 13:49:28,20260920,16,7,6-2-4,467.8
2026-09-20 13:49:28,20260920,16,7,6-2-5,873.4
2026-09-20 13:49:28,20260920,16,7,6-3-1,1310.0
2026-09-20 13:49:28,20260920,16,7,6-3-2,595.5
2026-09-20 13:49:28,20260920,16,7,6-3-4,818.8
2026-09-20 13:49:28,20260920,16,7,6-3-5,1091.0
2026-09-20 13:49:28,20260920,16,7,6-4-1,655.0
2026-09-20 13:49:28,20260920,16,7,6-4-2,623.8
2026-09-20 13:49:28,20260920,16,7,6-4-3,873.4
2026-09-20 13:49:28,20260920,16,7,6-4-5,689.5
2026-09-20 13:49:28,20260920,16,7,6-5-1,503.8
2026-09-20 13:49:28,20260920,16,7,6-5-2,727.8
2026-09-20 13:49:28,20260920,16,7,6-5-3,935.7
2026-09-20 13:49:28,20260920,16,7,6-5-4,623.8
2026-09-20 13:55:00,20260920,6,6,1-2-3,38.7
2026-09-20 13:55:00,20260920,6,6,1-2-4,148.9
2026-09-20 13:55:00,20260920,6,6,1-2-5,52.7
2026-09-20 13:55:00,20260920,6,6,1-2-6,125.3
2026-09-20 13:55:00,20260920,6,6,1-3-2,36.9
2026-09-20 13:55:00,20260920,6,6,1-3-4,34.6
2026-09-20 13:55:00,20260920,6,6,1-3-5,11.3
2026-09-20 13:55:00,20260920,6,6,1-3-6,61.4
2026-09-20 13:55:00,20260920,6,6,1-4-2,148.9
2026-09-20 13:55:00,20260920,6,6,1-4-3,121.7
2026-09-20 13:55:00,20260920,6,6,1-4-5,102.1
2026-09-20 13:55:00,20260920,6,6,1-4-6,78.6
2026-09-20 13:55:00,20260920,6,6,1-5-2,48.3
2026-09-20 13:55:00,20260920,6,6,1-5-3,17.2
2026-09-20 13:55:00,20260920,6,6,1-5-4,80.1
2026-09-20 13:55:00,20260920,6,6,1-5-6,95.9
2026-09-20 13:55:00,20260920,6,6,1-6-2,248.3
2026-09-20 13:55:00,20260920,6,6,1-6-3,183.5
2026-09-20 13:55:00,20260920,6,6,1-6-4,263.8
2026-09-20 13:55:00,20260920,6,6,1-6-5,133.3
2026-09-20 13:55:00,20260920,6,6,2-1-3,44.4
2026-09-20 13:55:00,20260920,6,6,2-1-4,120.6
2026-09-20 13:55:00,20260920,6,6,2-1-5,71.5
2026-09-20 13:55:00,20260920,6,6,2-1-6,162.3
2026-09-20 13:55:00,20260920,6,6,2-3-1,50.8
2026-09-20 13:55:00,20260920,6,6,2-3-4,105.5
2026-09-20 13:55:00,20260920,6,6,2-3-5,35.6
2026-09-20 13:55:00,20260920,6,6,2-3-6,72.3
2026-09-20 13:55:00,20260920,6,6,2-4-1,316.5
2026-09-20 13:55:00,20260920,6,6,2-4-3,194.8
2026-09-20 13:55:00,20260920,6,6,2-4-5,230.2
2026-09-20 13:55:00,20260920,6,6,2-4-6,372.4
2026-09-20 13:55:00,20260920,6,6,2-5-1,133.3
2026-09-20 13:55:00,20260920,6,6,2-5-3,48.7
2026-09-20 13:55:00,20260920,6,6,2-5-4,263.8
2026-09-20 13:55:00,20260920,6,6,2-5-6,104.6
2026-09-20 13:55:00,20260920,6,6,2-6-1,194.8
2026-09-20 13:55:00,20260920,6,6,2-6-3,175.8
2026-09-20 13:55:00,20260920,6,6,2-6-4,361.8
2026-09-20 13:55:00,20260920,6,6,2-6-5,175.8
2026-09-20 13:55:00,20260920,6,6,3-1-2,27.6
2026-09-20 13:55:00,20260920,6,6,3-1-4,32.8
2026-09-20 13:55:00,20260920,6,6,3-1-5,11.2
2026-09-20 13:55:00,20260920,6,6,3-1-6,95.9
2026-09-20 13:55:00,20260920,6,6,3-2-1,56.0
2026-09-20 13:55:00,20260920,6,6,3-2-4,127.9
2026-09-20 13:55:00,20260920,6,6,3-2-5,29.1
2026-09-20 13:55:00,20260920,6,6,3-2-6,92.4
2026-09-20 13:55:00,20260920,6,6,3-4-1,80.1
2026-09-20 13:55:00,20260920,6,6,3-4-2,175.8
2026-09-20 13:55:00,20260920,6,6,3-4-5,98.9
2026-09-20 13:55:00,20260920,6,6,3-4-6,194.8
2026-09-20 13:55:00,20260920,6,6,3-5-1,14.0
2026-09-20 13:55:00,20260920,6,6,3-5-2,27.1
2026-09-20 13:55:00,20260920,6,6,3-5-4,74.0
2026-09-20 13:55:00,20260920,6,6,3-5-6,54.5
2026-09-20 13:55:00,20260920,6,6,3-6-1,269.4
2026-09-20 13:55:00,20260920,6,6,3-6-2,158.2
2026-09-20 13:55:00,20260920,6,6,3-6-4,275.2
2026-09-20 13:55:00,20260920,6,6,3-6-5,130.5
2026-09-20 13:55:00,20260920,6,6,4-1-2,173.4
2026-09-20 13:55:00,20260920,6,6,4-1-3,197.8
2026-09-20 13:55:00,20260920,6,6,4-1-5,175.8
2026-09-20 13:55:00,20260920,6,6,4-1-6,308.8
2026-09-20 13:55:00,20260920,6,6,4-2-1,575.6
2026-09-20 13:55:00,20260920,6,6,4-2-3,487.0
2026-09-20 13:55:00,20260920,6,6,4-2-5,207.6
2026-09-20 13:55:00,20260920,6,6,4-2-6,218.3
2026-09-20 13:55:00,20260920,6,6,4-3-1,230.2
2026-09-20 13:55:00,20260920,6,6,4-3-2,527.6
2026-09-20 13:55:00,20260920,6,6,4-3-5,287.8
2026-09-20 13:55:00,20260920,6,6,4-3-6,275.2
2026-09-20 13:55:00,20260920,6,6,4-5-1,287.8
2026-09-20 13:55:00,20260920,6,6,4-5-2,197.8
2026-09-20 13:55:00,20260920,6,6,4-5-3,222.1
2026-09-20 13:55:00,20260920,6,6,4-5-6,263.8
2026-09-20 13:55:00,20260920,6,6,4-6-1,324.7
2026-09-20 13:55:00,20260920,6,6,4-6-2,301.5
2026-09-20 13:55:00,20260920,6,6,4-6-3,452.2
2026-09-20 13:55:00,20260920,6,6,4-6-5,452.2
2026-09-20 13:55:00,20260920,6,6,5-1-2,62.0
2026-09-20 13:55:00,20260920,6,6,5-1-3,21.4
2026-09-20 13:55:00,20260920,6,6,5-1-4,150.7
2026-09-20 13:55:00,20260920,6,6,5-1-6,147.2
2026-09-20 13:55:00,20260920,6,6,5-2-1,134.7
2026-09-20 13:55:00,20260920,6,6,5-2-3,87.9
2026-09-20 13:55:00,20260920,6,6,5-2-4,263.8
2026-09-20 13:55:00,20260920,6,6,5-2-6,127.9
2026-09-20 13:55:00,20260920,6,6,5-3-1,22.7
2026-09-20 13:55:00,20260920,6,6,5-3-2,53.4
2026-09-20 13:55:00,20260920,6,6,5-3-4,201.0
2026-09-20 13:55:00,20260920,6,6,5-3-6,106.4
2026-09-20 13:55:00,20260920,6,6,5-4-1,324.7
2026-09-20 13:55:00,20260920,6,6,5-4-2,301.5
2026-09-20 13:55:00,20260920,6,6,5-4-3,333.2
2026-09-20 13:55:00,20260920,6,6,5-4-6,452.2
2026-09-20 13:55:00,20260920,6,6,5-6-1,281.4
2026-09-20 13:55:00,20260920,6,6,5-6-2,243.5
2026-09-20 13:55:00,20260920,6,6,5-6-3,222.1
2026-09-20 13:55:00,20260920,6,6,5-6-4,408.5
2026-09-20 13:55:00,20260920,6,6,6-1-2,308.8
2026-09-20 13:55:00,20260920,6,6,6-1-3,452.2
2026-09-20 13:55:00,20260920,6,6,6-1-4,469.0
2026-09-20 13:55:00,20260920,6,6,6-1-5,791.4
2026-09-20 13:55:00,20260920,6,6,6-2-1,487.0
2026-09-20 13:55:00,20260920,6,6,6-2-3,550.5
2026-09-20 13:55:00,20260920,6,6,6-2-4,506.5
2026-09-20 13:55:00,20260920,6,6,6-2-5,633.1
2026-09-20 13:55:00,20260920,6,6,6-3-1,506.5
2026-09-20 13:55:00,20260920,6,6,6-3-2,506.5
2026-09-20 13:55:00,20260920,6,6,6-3-4,395.7
2026-09-20 13:55:00,20260920,6,6,6-3-5,294.5
2026-09-20 13:55:00,20260920,6,6,6-4-1,436.6
2026-09-20 13:55:00,20260920,6,6,6-4-2,395.7
2026-09-20 13:55:00,20260920,6,6,6-4-3,791.4
2026-09-20 13:55:00,20260920,6,6,6-4-5,1407.0
2026-09-20 13:55:00,20260920,6,6,6-5-1,603.0
2026-09-20 13:55:00,20260920,6,6,6-5-2,575.6
2026-09-20 13:55:00,20260920,6,6,6-5-3,422.1
2026-09-20 13:55:00,20260920,6,6,6-5-4,408.5
2026-09-20 13:57:49,20260920,10,12,1-2-3,18.7
2026-09-20 13:57:49,20260920,10,12,1-2-4,10.5
2026-09-20 13:57:49,20260920,10,12,1-2-5,11.5
2026-09-20 13:57:49,20260920,10,12,1-2-6,24.2
2026-09-20 13:57:49,20260920,10,12,1-3-2,31.2
2026-09-20 13:57:49,20260920,10,12,1-3-4,24.1
2026-09-20 13:57:49,20260920,10,12,1-3-5,28.8
2026-09-20 13:57:49,20260920,10,12,1-3-6,41.4
2026-09-20 13:57:49,20260920,10,12,1-4-2,10.9
2026-09-20 13:57:49,20260920,10,12,1-4-3,20.8
2026-09-20 13:57:49,20260920,10,12,1-4-5,7.8
2026-09-20 13:57:49,20260920,10,12,1-4-6,18.1
2026-09-20 13:57:49,20260920,10,12,1-5-2,18.1
2026-09-20 13:57:49,20260920,10,12,1-5-3,29.1
2026-09-20 13:57:49,20260920,10,12,1-5-4,13.8
2026-09-20 13:57:49,20260920,10,12,1-5-6,25.1
2026-09-20 13:57:49,20260920,10,12,1-6-2,43.3
2026-09-20 13:57:49,20260920,10,12,1-6-3,66.1
2026-09-20 13:57:49,20260920,10,12,1-6-4,47.8
2026-09-20 13:57:49,20260920,10,12,1-6-5,38.0
2026-09-20 13:57:49,20260920,10,12,2-1-3,153.4
2026-09-20 13:57:49,20260920,10,12,2-1-4,98.0
2026-09-20 13:57:49,20260920,10,12,2-1-5,149.2
2026-09-20 13:57:49,20260920,10,12,2-1-6,241.4
2026-09-20 13:57:49,20260920,10,12,2-3-1,421.0
2026-09-20 13:57:49,20260920,10,12,2-3-4,390.7
2026-09-20 13:57:49,20260920,10,12,2-3-5,654.4
2026-09-20 13:57:49,20260920,10,12,2-3-6,810.7
2026-09-20 13:57:49,20260920,10,12,2-4-1,239.2
2026-09-20 13:57:49,20260920,10,12,2-4-3,452.6
2026-09-20 13:57:49,20260920,10,12,2-4-5,377.2
2026-09-20 13:57:49,20260920,10,12,2-4-6,596.9
2026-09-20 13:57:49,20260920,10,12,2-5-1,296.8
2026-09-20 13:57:49,20260920,10,12,2-5-3,631.6
2026-09-20 13:57:49,20260920,10,12,2-5-4,448.9
2026-09-20 13:57:49,20260920,10,12,2-5-6,402.3
2026-09-20 13:57:49,20260920,10,12,2-6-1,596.9
2026-09-20 13:57:49,20260920,10,12,2-6-3,1155.0
2026-09-20 13:57:49,20260920,10,12,2-6-4,1024.0
2026-09-20 13:57:49,20260920,10,12,2-6-5,662.4
2026-09-20 13:57:49,20260920,10,12,3-1-2,218.1
2026-09-20 13:57:49,20260920,10,12,3-1-4,172.4
2026-09-20 13:57:49,20260920,10,12,3-1-5,169.7
2026-09-20 13:57:49,20260920,10,12,3-1-6,367.0
2026-09-20 13:57:49,20260920,10,12,3-2-1,527.3
2026-09-20 13:57:49,20260920,10,12,3-2-4,293.6
2026-09-20 13:57:49,20260920,10,12,3-2-5,456.4
2026-09-20 13:57:49,20260920,10,12,3-2-6,577.8
2026-09-20 13:57:49,20260920,10,12,3-4-1,448.9
2026-09-20 13:57:49,20260920,10,12,3-4-2,476.4
2026-09-20 13:57:49,20260920,10,12,3-4-5,678.9
2026-09-20 13:57:49,20260920,10,12,3-4-6,775.9
2026-09-20 13:57:49,20260920,10,12,3-5-1,460.3
2026-09-20 13:57:49,20260920,10,12,3-5-2,484.9
2026-09-20 13:57:49,20260920,10,12,3-5-4,810.7
2026-09-20 13:57:49,20260920,10,12,3-5-6,765.0
2026-09-20 13:57:49,20260920,10,12,3-6-1,952.9
2026-09-20 13:57:49,20260920,10,12,3-6-2,823.0
2026-09-20 13:57:49,20260920,10,12,3-6-4,920.6
2026-09-20 13:57:49,20260920,10,12,3-6-5,1131.0
2026-09-20 13:57:49,20260920,10,12,4-1-2,74.9
2026-09-20 13:57:49,20260920,10,12,4-1-3,138.2
2026-09-20 13:57:49,20260920,10,12,4-1-5,46.7
2026-09-20 13:57:49,20260920,10,12,4-1-6,107.5
2026-09-20 13:57:49,20260920,10,12,4-2-1,196.8
2026-09-20 13:57:49,20260920,10,12,4-2-3,417.8
2026-09-20 13:57:49,20260920,10,12,4-2-5,303.4
2026-09-20 13:57:49,20260920,10,12,4-2-6,498.3
2026-09-20 13:57:49,20260920,10,12,4-3-1,414.6
2026-09-20 13:57:49,20260920,10,12,4-3-2,411.5
2026-09-20 13:57:49,20260920,10,12,4-3-5,631.6
2026-09-20 13:57:49,20260920,10,12,4-3-6,876.0
2026-09-20 13:57:49,20260920,10,12,4-5-1,83.6
2026-09-20 13:57:49,20260920,10,12,4-5-2,236.1
2026-09-20 13:57:49,20260920,10,12,4-5-3,441.6
2026-09-20 13:57:49,20260920,10,12,4-5-6,185.3
2026-09-20 13:57:49,20260920,10,12,4-6-1,284.3
2026-09-20 13:57:49,20260920,10,12,4-6-2,489.3
2026-09-20 13:57:49,20260920,10,12,4-6-3,670.5
2026-09-20 13:57:49,20260920,10,12,4-6-5,377.2
2026-09-20 13:57:49,20260920,10,12,5-1-2,122.3
2026-09-20 13:57:49,20260920,10,12,5-1-3,177.5
2026-09-20 13:57:49,20260920,10,12,5-1-4,84.4
2026-09-20 13:57:49,20260920,10,12,5-1-6,124.5
2026-09-20 13:57:49,20260920,10,12,5-2-1,278.5
2026-09-20 13:57:49,20260920,10,12,5-2-3,417.8
2026-09-20 13:57:49,20260920,10,12,5-2-4,348.1
2026-09-20 13:57:49,20260920,10,12,5-2-6,303.4
2026-09-20 13:57:49,20260920,10,12,5-3-1,452.6
2026-09-20 13:57:49,20260920,10,12,5-3-2,434.5
2026-09-20 13:57:49,20260920,10,12,5-3-4,876.0
2026-09-20 13:57:49,20260920,10,12,5-3-6,775.9
2026-09-20 13:57:49,20260920,10,12,5-4-1,141.8
2026-09-20 13:57:49,20260920,10,12,5-4-2,431.0
2026-09-20 13:57:49,20260920,10,12,5-4-3,765.0
2026-09-20 13:57:49,20260920,10,12,5-4-6,287.3
2026-09-20 13:57:49,20260920,10,12,5-6-1,321.4
2026-09-20 13:57:49,20260920,10,12,5-6-2,424.3
2026-09-20 13:57:49,20260920,10,12,5-6-3,862.1
2026-09-20 13:57:49,20260920,10,12,5-6-4,565.8
2026-09-20 13:57:49,20260920,10,12,6-1-2,313.9
2026-09-20 13:57:49,20260920,10,12,6-1-3,603.5
2026-09-20 13:57:49,20260920,10,12,6-1-4,374.6
2026-09-20 13:57:49,20260920,10,12,6-1-5,339.4
2026-09-20 13:57:49,20260920,10,12,6-2-1,678.9
2026-09-20 13:57:49,20260920,10,12,6-2-3,1086.0
2026-09-20 13:57:49,20260920,10,12,6-2-4,952.9
2026-09-20 13:57:49,20260920,10,12,6-2-5,765.0
2026-09-20 13:57:49,20260920,10,12,6-3-1,1108.0
2026-09-20 13:57:49,20260920,10,12,6-3-2,987.6
2026-09-20 13:57:49,20260920,10,12,6-3-4,920.6
2026-09-20 13:57:49,20260920,10,12,6-3-5,905.3
2026-09-20 13:57:49,20260920,10,12,6-4-1,696.3
2026-09-20 13:57:49,20260920,10,12,6-4-2,952.9
2026-09-20 13:57:49,20260920,10,12,6-4-3,1207.0
2026-09-20 13:57:49,20260920,10,12,6-4-5,905.3
2026-09-20 13:57:49,20260920,10,12,6-5-1,472.3
2026-09-20 13:57:49,20260920,10,12,6-5-2,724.2
2026-09-20 13:57:49,20260920,10,12,6-5-3,905.3
2026-09-20 13:57:49,20260920,10,12,6-5-4,876.0
2026-09-20 14:02:38,20260920,17,8,1-2-3,18.4
2026-09-20 14:02:38,20260920,17,8,1-2-4,20.5
2026-09-20 14:02:38,20260920,17,8,1-2-5,147.6
2026-09-20 14:02:38,20260920,17,8,1-2-6,134.6
2026-09-20 14:02:38,20260920,17,8,1-3-2,14.7
2026-09-20 14:02:38,20260920,17,8,1-3-4,8.5
2026-09-20 14:02:38,20260920,17,8,1-3-5,75.7
2026-09-20 14:02:38,20260920,17,8,1-3-6,82.2
2026-09-20 14:02:38,20260920,17,8,1-4-2,18.6
2026-09-20 14:02:38,20260920,17,8,1-4-3,11.0
2026-09-20 14:02:38,20260920,17,8,1-4-5,99.8
2026-09-20 14:02:38,20260920,17,8,1-4-6,83.5
2026-09-20 14:02:38,20260920,17,8,1-5-2,268.7
2026-09-20 14:02:38,20260920,17,8,1-5-3,181.7
2026-09-20 14:02:38,20260920,17,8,1-5-4,310.1
2026-09-20 14:02:38,20260920,17,8,1-5-6,551.3
2026-09-20 14:02:38,20260920,17,8,1-6-2,273.3
2026-09-20 14:02:38,20260920,17,8,1-6-3,366.5
2026-09-20 14:02:38,20260920,17,8,1-6-4,343.1
2026-09-20 14:02:38,20260920,17,8,1-6-5,651.5
2026-09-20 14:02:38,20260920,17,8,2-1-3,35.9
2026-09-20 14:02:38,20260920,17,8,2-1-4,39.0
2026-09-20 14:02:38,20260920,17,8,2-1-5,250.0
2026-09-20 14:02:38,20260920,17,8,2-1-6,255.9
2026-09-20 14:02:38,20260920,17,8,2-3-1,56.4
2026-09-20 14:02:38,20260920,17,8,2-3-4,49.1
2026-09-20 14:02:38,20260920,17,8,2-3-5,276.8
2026-09-20 14:02:38,20260920,17,8,2-3-6,291.8
2026-09-20 14:02:38,20260920,17,8,2-4-1,51.8
2026-09-20 14:02:38,20260920,17,8,2-4-3,44.8
2026-09-20 14:02:38,20260920,17,8,2-4-5,334.2
2026-09-20 14:02:38,20260920,17,8,2-4-6,212.8
2026-09-20 14:02:38,20260920,17,8,2-5-1,626.2
2026-09-20 14:02:38,20260920,17,8,2-5-3,416.1
2026-09-20 14:02:38,20260920,17,8,2-5-4,758.8
2026-09-20 14:02:38,20260920,17,8,2-5-6,816.5
2026-09-20 14:02:38,20260920,17,8,2-6-1,708.8
2026-09-20 14:02:38,20260920,17,8,2-6-3,767.9
2026-09-20 14:02:38,20260920,17,8,2-6-4,602.8
2026-09-20 14:02:38,20260920,17,8,2-6-5,1172.0
2026-09-20 14:02:38,20260920,17,8,3-1-2,26.8
2026-09-20 14:02:38,20260920,17,8,3-1-4,13.8
2026-09-20 14:02:38,20260920,17,8,3-1-5,103.2
2026-09-20 14:02:38,20260920,17,8,3-1-6,132.1
2026-09-20 14:02:38,20260920,17,8,3-2-1,49.5
2026-09-20 14:02:38,20260920,17,8,3-2-4,42.9
2026-09-20 14:02:38,20260920,17,8,3-2-5,183.7
2026-09-20 14:02:38,20260920,17,8,3-2-6,261.1
2026-09-20 14:02:38,20260920,17,8,3-4-1,16.1
2026-09-20 14:02:38,20260920,17,8,3-4-2,27.9
2026-09-20 14:02:38,20260920,17,8,3-4-5,87.2
2026-09-20 14:02:38,20260920,17,8,3-4-6,92.8
2026-09-20 14:02:38,20260920,17,8,3-5-1,346.7
2026-09-20 14:02:38,20260920,17,8,3-5-2,262.2
2026-09-20 14:02:38,20260920,17,8,3-5-4,298.6
2026-09-20 14:02:38,20260920,17,8,3-5-6,533.0
2026-09-20 14:02:38,20260920,17,8,3-6-1,444.8
2026-09-20 14:02:38,20260920,17,8,3-6-2,460.7
2026-09-20 14:02:38,20260920,17,8,3-6-4,383.9
2026-09-20 14:02:38,20260920,17,8,3-6-5,733.0
2026-09-20 14:02:38,20260920,17,8,4-1-2,26.6
2026-09-20 14:02:38,20260920,17,8,4-1-3,15.8
2026-09-20 14:02:38,20260920,17,8,4-1-5,103.5
2026-09-20 14:02:38,20260920,17,8,4-1-6,133.5
2026-09-20 14:02:38,20260920,17,8,4-2-1,48.1
2026-09-20 14:02:38,20260920,17,8,4-2-3,45.1
2026-09-20 14:02:38,20260920,17,8,4-2-5,248.0
2026-09-20 14:02:38,20260920,17,8,4-2-6,206.7
2026-09-20 14:02:38,20260920,17,8,4-3-1,21.0
2026-09-20 14:02:38,20260920,17,8,4-3-2,37.2
2026-09-20 14:02:38,20260920,17,8,4-3-5,126.7
2026-09-20 14:02:38,20260920,17,8,4-3-6,131.6
2026-09-20 14:02:38,20260920,17,8,4-5-1,272.1
2026-09-20 14:02:38,20260920,17,8,4-5-2,424.3
2026-09-20 14:02:38,20260920,17,8,4-5-3,284.1
2026-09-20 14:02:38,20260920,17,8,4-5-6,370.7
2026-09-20 14:02:38,20260920,17,8,4-6-1,330.7
2026-09-20 14:02:38,20260920,17,8,4-6-2,383.9
2026-09-20 14:02:38,20260920,17,8,4-6-3,332.4
2026-09-20 14:02:38,20260920,17,8,4-6-5,533.0
2026-09-20 14:02:38,20260920,17,8,5-1-2,560.9
2026-09-20 14:02:38,20260920,17,8,5-1-3,608.5
2026-09-20 14:02:38,20260920,17,8,5-1-4,447.9
2026-09-20 14:02:38,20260920,17,8,5-1-6,895.8
2026-09-20 14:02:38,20260920,17,8,5-2-1,645.0
2026-09-20 14:02:38,20260920,17,8,5-2-3,447.9
2026-09-20 14:02:38,20260920,17,8,5-2-4,777.1
2026-09-20 14:02:38,20260920,17,8,5-2-6,895.8
2026-09-20 14:02:38,20260920,17,8,5-3-1,686.2
2026-09-20 14:02:38,20260920,17,8,5-3-2,533.0
2026-09-20 14:02:38,20260920,17,8,5-3-4,708.8
2026-09-20 14:02:38,20260920,17,8,5-3-6,1290.0
2026-09-20 14:02:38,20260920,17,8,5-4-1,708.8
2026-09-20 14:02:38,20260920,17,8,5-4-2,977.3
2026-09-20 14:02:38,20260920,17,8,5-4-3,716.7
2026-09-20 14:02:38,20260920,17,8,5-4-6,1040.0
2026-09-20 14:02:38,20260920,17,8,5-6-1,1500.0
2026-09-20 14:02:38,20260920,17,8,5-6-2,1075.0
2026-09-20 14:02:38,20260920,17,8,5-6-3,1290.0
2026-09-20 14:02:38,20260920,17,8,5-6-4,921.4
2026-09-20 14:02:38,20260920,17,8,6-1-2,724.7
2026-09-20 14:02:38,20260920,17,8,6-1-3,816.5
2026-09-20 14:02:38,20260920,17,8,6-1-4,883.6
2026-09-20 14:02:38,20260920,17,8,6-1-5,1573.0
2026-09-20 14:02:38,20260920,17,8,6-2-1,1131.0
2026-09-20 14:02:38,20260920,17,8,6-2-3,992.3
2026-09-20 14:02:38,20260920,17,8,6-2-4,750.0
2026-09-20 14:02:38,20260920,17,8,6-2-5,1897.0
2026-09-20 14:02:38,20260920,17,8,6-3-1,895.8
2026-09-20 14:02:38,20260920,17,8,6-3-2,977.3
2026-09-20 14:02:38,20260920,17,8,6-3-4,962.7
2026-09-20 14:02:38,20260920,17,8,6-3-5,2080.0
2026-09-20 14:02:38,20260920,17,8,6-4-1,992.3
2026-09-20 14:02:38,20260920,17,8,6-4-2,860.0
2026-09-20 14:02:38,20260920,17,8,6-4-3,1151.0
2026-09-20 14:02:38,20260920,17,8,6-4-5,1697.0
2026-09-20 14:02:38,20260920,17,8,6-5-1,1697.0
2026-09-20 14:02:38,20260920,17,8,6-5-2,1743.0
2026-09-20 14:02:38,20260920,17,8,6-5-3,1697.0
2026-09-20 14:02:38,20260920,17,8,6-5-4,1372.0
2026-09-20 14:05:18,20260920,2,8,1-2-3,11.1
2026-09-20 14:05:18,20260920,2,8,1-2-4,37.8
2026-09-20 14:05:18,20260920,2,8,1-2-5,18.8
2026-09-20 14:05:18,20260920,2,8,1-2-6,17.8
2026-09-20 14:05:18,20260920,2,8,1-3-2,26.2
2026-09-20 14:05:18,20260920,2,8,1-3-4,115.2
2026-09-20 14:05:18,20260920,2,8,1-3-5,58.7
2026-09-20 14:05:18,20260920,2,8,1-3-6,61.9
2026-09-20 14:05:18,20260920,2,8,1-4-2,88.5
2026-09-20 14:05:18,20260920,2,8,1-4-3,212.7
2026-09-20 14:05:18,20260920,2,8,1-4-5,210.0
2026-09-20 14:05:18,20260920,2,8,1-4-6,203.6
2026-09-20 14:05:18,20260920,2,8,1-5-2,54.4
2026-09-20 14:05:18,20260920,2,8,1-5-3,98.4
2026-09-20 14:05:18,20260920,2,8,1-5-4,230.5
2026-09-20 14:05:18,20260920,2,8,1-5-6,130.1
2026-09-20 14:05:18,20260920,2,8,1-6-2,50.5
2026-09-20 14:05:18,20260920,2,8,1-6-3,131.7
2026-09-20 14:05:18,20260920,2,8,1-6-4,233.7
2026-09-20 14:05:18,20260920,2,8,1-6-5,161.9
2026-09-20 14:05:18,20260920,2,8,2-1-3,12.9
2026-09-20 14:05:18,20260920,2,8,2-1-4,41.5
2026-09-20 14:05:18,20260920,2,8,2-1-5,17.2
2026-09-20 14:05:18,20260920,2,8,2-1-6,20.0
2026-09-20 14:05:18,20260920,2,8,2-3-1,23.5
2026-09-20 14:05:18,20260920,2,8,2-3-4,64.3
2026-09-20 14:05:18,20260920,2,8,2-3-5,32.7
2026-09-20 14:05:18,20260920,2,8,2-3-6,41.0
2026-09-20 14:05:18,20260920,2,8,2-4-1,99.3
2026-09-20 14:05:18,20260920,2,8,2-4-3,107.4
2026-09-20 14:05:18,20260920,2,8,2-4-5,106.7
2026-09-20 14:05:18,20260920,2,8,2-4-6,118.1
2026-09-20 14:05:18,20260920,2,8,2-5-1,41.0
2026-09-20 14:05:18,20260920,2,8,2-5-3,51.7
2026-09-20 14:05:18,20260920,2,8,2-5-4,130.6
2026-09-20 14:05:18,20260920,2,8,2-5-6,69.4
2026-09-20 14:05:18,20260920,2,8,2-6-1,55.5
2026-09-20 14:05:18,20260920,2,8,2-6-3,84.2
2026-09-20 14:05:18,20260920,2,8,2-6-4,242.2
2026-09-20 14:05:18,20260920,2,8,2-6-5,97.6
2026-09-20 14:05:18,20260920,2,8,3-1-2,42.2
2026-09-20 14:05:18,20260920,2,8,3-1-4,148.1
2026-09-20 14:05:18,20260920,2,8,3-1-5,73.1
2026-09-20 14:05:18,20260920,2,8,3-1-6,99.3
2026-09-20 14:05:18,20260920,2,8,3-2-1,41.0
2026-09-20 14:05:18,20260920,2,8,3-2-4,69.1
2026-09-20 14:05:18,20260920,2,8,3-2-5,47.6
2026-09-20 14:05:18,20260920,2,8,3-2-6,73.9
2026-09-20 14:05:18,20260920,2,8,3-4-1,245.8
2026-09-20 14:05:18,20260920,2,8,3-4-2,114.8
2026-09-20 14:05:18,20260920,2,8,3-4-5,207.4
2026-09-20 14:05:18,20260920,2,8,3-4-6,235.4
2026-09-20 14:05:18,20260920,2,8,3-5-1,124.3
2026-09-20 14:05:18,20260920,2,8,3-5-2,78.2
2026-09-20 14:05:18,20260920,2,8,3-5-4,186.4
2026-09-20 14:05:18,20260920,2,8,3-5-6,155.1
2026-09-20 14:05:18,20260920,2,8,3-6-1,198.7
2026-09-20 14:05:18,20260920,2,8,3-6-2,142.4
2026-09-20 14:05:18,20260920,2,8,3-6-4,331.9
2026-09-20 14:05:18,20260920,2,8,3-6-5,272.0
2026-09-20 14:05:18,20260920,2,8,4-1-2,171.9
2026-09-20 14:05:18,20260920,2,8,4-1-3,353.1
2026-09-20 14:05:18,20260920,2,8,4-1-5,206.1
2026-09-20 14:05:18,20260920,2,8,4-1-6,304.5
2026-09-20 14:05:18,20260920,2,8,4-2-1,139.4
2026-09-20 14:05:18,20260920,2,8,4-2-3,149.5
2026-09-20 14:05:18,20260920,2,8,4-2-5,144.3
2026-09-20 14:05:18,20260920,2,8,4-2-6,238.8
2026-09-20 14:05:18,20260920,2,8,4-3-1,404.7
2026-09-20 14:05:18,20260920,2,8,4-3-2,176.5
2026-09-20 14:05:18,20260920,2,8,4-3-5,368.8
2026-09-20 14:05:18,20260920,2,8,4-3-6,395.1
2026-09-20 14:05:18,20260920,2,8,4-5-1,218.3
2026-09-20 14:05:18,20260920,2,8,4-5-2,164.3
2026-09-20 14:05:18,20260920,2,8,4-5-3,278.9
2026-09-20 14:05:18,20260920,2,8,4-5-6,212.7
2026-09-20 14:05:18,20260920,2,8,4-6-1,448.5
2026-09-20 14:05:18,20260920,2,8,4-6-2,360.7
2026-09-20 14:05:18,20260920,2,8,4-6-3,436.7
2026-09-20 14:05:18,20260920,2,8,4-6-5,535.3
2026-09-20 14:05:18,20260920,2,8,5-1-2,79.7
2026-09-20 14:05:18,20260920,2,8,5-1-3,168.4
2026-09-20 14:05:18,20260920,2,8,5-1-4,237.0
2026-09-20 14:05:18,20260920,2,8,5-1-6,172.8
2026-09-20 14:05:18,20260920,2,8,5-2-1,77.9
2026-09-20 14:05:18,20260920,2,8,5-2-3,111.3
2026-09-20 14:05:18,20260920,2,8,5-2-4,167.6
2026-09-20 14:05:18,20260920,2,8,5-2-6,108.1
2026-09-20 14:05:18,20260920,2,8,5-3-1,179.4
2026-09-20 14:05:18,20260920,2,8,5-3-2,148.8
2026-09-20 14:05:18,20260920,2,8,5-3-4,307.3
2026-09-20 14:05:18,20260920,2,8,5-3-6,259.3
2026-09-20 14:05:18,20260920,2,8,5-4-1,364.7
2026-09-20 14:05:18,20260920,2,8,5-4-2,310.2
2026-09-20 14:05:18,20260920,2,8,5-4-3,518.6
2026-09-20 14:05:18,20260920,2,8,5-4-6,399.9
2026-09-20 14:05:18,20260920,2,8,5-6-1,319.1
2026-09-20 14:05:18,20260920,2,8,5-6-2,261.3
2026-09-20 14:05:18,20260920,2,8,5-6-3,414.9
2026-09-20 14:05:18,20260920,2,8,5-6-4,638.3
2026-09-20 14:05:18,20260920,2,8,6-1-2,85.1
2026-09-20 14:05:18,20260920,2,8,6-1-3,189.6
2026-09-20 14:05:18,20260920,2,8,6-1-4,582.3
2026-09-20 14:05:18,20260920,2,8,6-1-5,431.0
2026-09-20 14:05:18,20260920,2,8,6-2-1,92.7
2026-09-20 14:05:18,20260920,2,8,6-2-3,189.6
2026-09-20 14:05:18,20260920,2,8,6-2-4,502.9
2026-09-20 14:05:18,20260920,2,8,6-2-5,338.7
2026-09-20 14:05:18,20260920,2,8,6-3-1,237.0
2026-09-20 14:05:18,20260920,2,8,6-3-2,196.4
2026-09-20 14:05:18,20260920,2,8,6-3-4,461.0
2026-09-20 14:05:18,20260920,2,8,6-3-5,706.2
2026-09-20 14:05:18,20260920,2,8,6-4-1,922.0
2026-09-20 14:05:18,20260920,2,8,6-4-2,948.3
2026-09-20 14:05:18,20260920,2,8,6-4-3,851.1
2026-09-20 14:05:18,20260920,2,8,6-4-5,976.2
2026-09-20 14:05:18,20260920,2,8,6-5-1,502.9
2026-09-20 14:05:18,20260920,2,8,6-5-2,526.8
2026-09-20 14:05:18,20260920,2,8,6-5-3,754.3
2026-09-20 14:05:18,20260920,2,8,6-5-4,1070.0
2026-09-20 14:08:11,20260920,14,12,1-2-3,8.9
2026-09-20 14:08:11,20260920,14,12,1-2-4,11.5
2026-09-20 14:08:11,20260920,14,12,1-2-5,30.5
2026-09-20 14:08:11,20260920,14,12,1-2-6,55.8
2026-09-20 14:08:11,20260920,14,12,1-3-2,10.6
2026-09-20 14:08:11,20260920,14,12,1-3-4,10.2
2026-09-20 14:08:11,20260920,14,12,1-3-5,25.0
2026-09-20 14:08:11,20260920,14,12,1-3-6,51.1
2026-09-20 14:08:11,20260920,14,12,1-4-2,14.8
2026-09-20 14:08:11,20260920,14,12,1-4-3,17.0
2026-09-20 14:08:11,20260920,14,12,1-4-5,31.8
2026-09-20 14:08:11,20260920,14,12,1-4-6,48.4
2026-09-20 14:08:11,20260920,14,12,1-5-2,75.6
2026-09-20 14:08:11,20260920,14,12,1-5-3,69.0
2026-09-20 14:08:11,20260920,14,12,1-5-4,79.3
2026-09-20 14:08:11,20260920,14,12,1-5-6,124.4
2026-09-20 14:08:11,20260920,14,12,1-6-2,149.1
2026-09-20 14:08:11,20260920,14,12,1-6-3,162.3
2026-09-20 14:08:11,20260920,14,12,1-6-4,153.5
2026-09-20 14:08:11,20260920,14,12,1-6-5,186.7
2026-09-20 14:08:11,20260920,14,12,2-1-3,41.7
2026-09-20 14:08:11,20260920,14,12,2-1-4,41.6
2026-09-20 14:08:11,20260920,14,12,2-1-5,102.4
2026-09-20 14:08:11,20260920,14,12,2-1-6,150.1
2026-09-20 14:08:11,20260920,14,12,2-3-1,78.3
2026-09-20 14:08:11,20260920,14,12,2-3-4,104.0
2026-09-20 14:08:11,20260920,14,12,2-3-5,212.9
2026-09-20 14:08:11,20260920,14,12,2-3-6,339.0
2026-09-20 14:08:11,20260920,14,12,2-4-1,84.6
2026-09-20 14:08:11,20260920,14,12,2-4-3,131.8
2026-09-20 14:08:11,20260920,14,12,2-4-5,230.7
2026-09-20 14:08:11,20260920,14,12,2-4-6,273.5
2026-09-20 14:08:11,20260920,14,12,2-5-1,289.0
2026-09-20 14:08:11,20260920,14,12,2-5-3,428.3
2026-09-20 14:08:11,20260920,14,12,2-5-4,458.5
2026-09-20 14:08:11,20260920,14,12,2-5-6,488.2
2026-09-20 14:08:11,20260920,14,12,2-6-1,522.1
2026-09-20 14:08:11,20260920,14,12,2-6-3,684.5
2026-09-20 14:08:11,20260920,14,12,2-6-4,591.2
2026-09-20 14:08:11,20260920,14,12,2-6-5,718.9
2026-09-20 14:08:11,20260920,14,12,3-1-2,32.7
2026-09-20 14:08:11,20260920,14,12,3-1-4,25.5
2026-09-20 14:08:11,20260920,14,12,3-1-5,50.1
2026-09-20 14:08:11,20260920,14,12,3-1-6,108.2
2026-09-20 14:08:11,20260920,14,12,3-2-1,73.0
2026-09-20 14:08:11,20260920,14,12,3-2-4,76.3
2026-09-20 14:08:11,20260920,14,12,3-2-5,129.9
2026-09-20 14:08:11,20260920,14,12,3-2-6,185.8
2026-09-20 14:08:11,20260920,14,12,3-4-1,47.8
2026-09-20 14:08:11,20260920,14,12,3-4-2,70.2
2026-09-20 14:08:11,20260920,14,12,3-4-5,83.7
2026-09-20 14:08:11,20260920,14,12,3-4-6,116.7
2026-09-20 14:08:11,20260920,14,12,3-5-1,173.0
2026-09-20 14:08:11,20260920,14,12,3-5-2,204.0
2026-09-20 14:08:11,20260920,14,12,3-5-4,197.6
2026-09-20 14:08:11,20260920,14,12,3-5-6,249.6
2026-09-20 14:08:11,20260920,14,12,3-6-1,389.8
2026-09-20 14:08:11,20260920,14,12,3-6-2,345.5
2026-09-20 14:08:11,20260920,14,12,3-6-4,317.2
2026-09-20 14:08:11,20260920,14,12,3-6-5,373.5
2026-09-20 14:08:11,20260920,14,12,4-1-2,51.0
2026-09-20 14:08:11,20260920,14,12,4-1-3,42.9
2026-09-20 14:08:11,20260920,14,12,4-1-5,84.2
2026-09-20 14:08:11,20260920,14,12,4-1-6,131.0
2026-09-20 14:08:11,20260920,14,12,4-2-1,83.8
2026-09-20 14:08:11,20260920,14,12,4-2-3,134.3
2026-09-20 14:08:11,20260920,14,12,4-2-5,159.6
2026-09-20 14:08:11,20260920,14,12,4-2-6,197.8
2026-09-20 14:08:11,20260920,14,12,4-3-1,49.9
2026-09-20 14:08:11,20260920,14,12,4-3-2,117.9
2026-09-20 14:08:11,20260920,14,12,4-3-5,157.5
2026-09-20 14:08:11,20260920,14,12,4-3-6,202.9
2026-09-20 14:08:11,20260920,14,12,4-5-1,174.0
2026-09-20 14:08:11,20260920,14,12,4-5-2,239.2
2026-09-20 14:08:11,20260920,14,12,4-5-3,249.2
2026-09-20 14:08:11,20260920,14,12,4-5-6,263.9
2026-09-20 14:08:11,20260920,14,12,4-6-1,293.1
2026-09-20 14:08:11,20260920,14,12,4-6-2,390.9
2026-09-20 14:08:11,20260920,14,12,4-6-3,407.6
2026-09-20 14:08:11,20260920,14,12,4-6-5,428.3
2026-09-20 14:08:11,20260920,14,12,5-1-2,285.0
2026-09-20 14:08:11,20260920,14,12,5-1-3,228.1
2026-09-20 14:08:11,20260920,14,12,5-1-4,315.1
2026-09-20 14:08:11,20260920,14,12,5-1-6,407.6
2026-09-20 14:08:11,20260920,14,12,5-2-1,565.5
2026-09-20 14:08:11,20260920,14,12,5-2-3,572.2
2026-09-20 14:08:11,20260920,14,12,5-2-4,598.6
2026-09-20 14:08:11,20260920,14,12,5-2-6,539.8
2026-09-20 14:08:11,20260920,14,12,5-3-1,343.9
2026-09-20 14:08:11,20260920,14,12,5-3-2,558.8
2026-09-20 14:08:11,20260920,14,12,5-3-4,579.2
2026-09-20 14:08:11,20260920,14,12,5-3-6,668.5
2026-09-20 14:08:11,20260920,14,12,5-4-1,413.5
2026-09-20 14:08:11,20260920,14,12,5-4-2,583.9
2026-09-20 14:08:11,20260920,14,12,5-4-3,608.8
2026-09-20 14:08:11,20260920,14,12,5-4-6,659.3
2026-09-20 14:08:11,20260920,14,12,5-6-1,917.1
2026-09-20 14:08:11,20260920,14,12,5-6-2,929.0
2026-09-20 14:08:11,20260920,14,12,5-6-3,1075.0
2026-09-20 14:08:11,20260920,14,12,5-6-4,1117.0
2026-09-20 14:08:11,20260920,14,12,6-1-2,691.1
2026-09-20 14:08:11,20260920,14,12,6-1-3,777.5
2026-09-20 14:08:11,20260920,14,12,6-1-4,877.7
2026-09-20 14:08:11,20260920,14,12,6-1-5,1007.0
2026-09-20 14:08:11,20260920,14,12,6-2-1,1014.0
2026-09-20 14:08:11,20260920,14,12,6-2-3,1300.0
2026-09-20 14:08:11,20260920,14,12,6-2-4,1172.0
2026-09-20 14:08:11,20260920,14,12,6-2-5,1474.0
2026-09-20 14:08:11,20260920,14,12,6-3-1,1126.0
2026-09-20 14:08:11,20260920,14,12,6-3-2,1589.0
2026-09-20 14:08:11,20260920,14,12,6-3-4,1051.0
2026-09-20 14:08:11,20260920,14,12,6-3-5,1244.0
2026-09-20 14:08:11,20260920,14,12,6-4-1,993.5
2026-09-20 14:08:11,20260920,14,12,6-4-2,1163.0
2026-09-20 14:08:11,20260920,14,12,6-4-3,1277.0
2026-09-20 14:08:11,20260920,14,12,6-4-5,1625.0
2026-09-20 14:08:11,20260920,14,12,6-5-1,1324.0
2026-09-20 14:08:11,20260920,14,12,6-5-2,1555.0
2026-09-20 14:08:11,20260920,14,12,6-5-3,1402.0
2026-09-20 14:08:11,20260920,14,12,6-5-4,1644.0
2026-09-20 14:13:33,20260920,3,8,1-2-3,38.5
2026-09-20 14:13:33,20260920,3,8,1-2-4,28.2
2026-09-20 14:13:33,20260920,3,8,1-2-5,143.0
2026-09-20 14:13:33,20260920,3,8,1-2-6,25.4
2026-09-20 14:13:33,20260920,3,8,1-3-2,41.2
2026-09-20 14:13:33,20260920,3,8,1-3-4,72.5
2026-09-20 14:13:33,20260920,3,8,1-3-5,125.7
2026-09-20 14:13:33,20260920,3,8,1-3-6,56.2
2026-09-20 14:13:33,20260920,3,8,1-4-2,23.4
2026-09-20 14:13:33,20260920,3,8,1-4-3,66.6
2026-09-20 14:13:33,20260920,3,8,1-4-5,23.5
2026-09-20 14:13:33,20260920,3,8,1-4-6,18.2
2026-09-20 14:13:33,20260920,3,8,1-5-2,144.3
2026-09-20 14:13:33,20260920,3,8,1-5-3,175.1
2026-09-20 14:13:33,20260920,3,8,1-5-4,32.3
2026-09-20 14:13:33,20260920,3,8,1-5-6,98.6
2026-09-20 14:13:33,20260920,3,8,1-6-2,19.2
2026-09-20 14:13:33,20260920,3,8,1-6-3,35.1
2026-09-20 14:13:33,20260920,3,8,1-6-4,17.6
2026-09-20 14:13:33,20260920,3,8,1-6-5,53.2
2026-09-20 14:13:33,20260920,3,8,2-1-3,71.8
2026-09-20 14:13:33,20260920,3,8,2-1-4,124.7
2026-09-20 14:13:33,20260920,3,8,2-1-5,247.4
2026-09-20 14:13:33,20260920,3,8,2-1-6,81.1
2026-09-20 14:13:33,20260920,3,8,2-3-1,132.1
2026-09-20 14:13:33,20260920,3,8,2-3-4,318.1
2026-09-20 14:13:33,20260920,3,8,2-3-5,305.6
2026-09-20 14:13:33,20260920,3,8,2-3-6,210.6
2026-09-20 14:13:33,20260920,3,8,2-4-1,181.2
2026-09-20 14:13:33,20260920,3,8,2-4-3,318.1
2026-09-20 14:13:33,20260920,3,8,2-4-5,251.4
2026-09-20 14:13:33,20260920,3,8,2-4-6,167.6
2026-09-20 14:13:33,20260920,3,8,2-5-1,354.3
2026-09-20 14:13:33,20260920,3,8,2-5-3,502.8
2026-09-20 14:13:33,20260920,3,8,2-5-4,677.8
2026-09-20 14:13:33,20260920,3,8,2-5-6,255.5
2026-09-20 14:13:33,20260920,3,8,2-6-1,124.7
2026-09-20 14:13:33,20260920,3,8,2-6-3,294.1
2026-09-20 14:13:33,20260920,3,8,2-6-4,194.8
2026-09-20 14:13:33,20260920,3,8,2-6-5,243.5
2026-09-20 14:13:33,20260920,3,8,3-1-2,202.4
2026-09-20 14:13:33,20260920,3,8,3-1-4,38.6
2026-09-20 14:13:33,20260920,3,8,3-1-5,255.5
2026-09-20 14:13:33,20260920,3,8,3-1-6,96.8
2026-09-20 14:13:33,20260920,3,8,3-2-1,243.5
2026-09-20 14:13:33,20260920,3,8,3-2-4,294.1
2026-09-20 14:13:33,20260920,3,8,3-2-5,247.4
2026-09-20 14:13:33,20260920,3,8,3-2-6,194.8
2026-09-20 14:13:33,20260920,3,8,3-4-1,148.4
2026-09-20 14:13:33,20260920,3,8,3-4-2,311.7
2026-09-20 14:13:33,20260920,3,8,3-4-5,380.2
2026-09-20 14:13:33,20260920,3,8,3-4-6,140.4
2026-09-20 14:13:33,20260920,3,8,3-5-1,399.7
2026-09-20 14:13:33,20260920,3,8,3-5-2,229.2
2026-09-20 14:13:33,20260920,3,8,3-5-4,623.5
2026-09-20 14:13:33,20260920,3,8,3-5-6,305.6
2026-09-20 14:13:33,20260920,3,8,3-6-1,137.9
2026-09-20 14:13:33,20260920,3,8,3-6-2,222.7
2026-09-20 14:13:33,20260920,3,8,3-6-4,181.2
2026-09-20 14:13:33,20260920,3,8,3-6-5,273.5
2026-09-20 14:13:33,20260920,3,8,4-1-2,80.7
2026-09-20 14:13:33,20260920,3,8,4-1-3,160.7
2026-09-20 14:13:33,20260920,3,8,4-1-5,113.7
2026-09-20 14:13:33,20260920,3,8,4-1-6,21.4
2026-09-20 14:13:33,20260920,3,8,4-2-1,173.2
2026-09-20 14:13:33,20260920,3,8,4-2-3,433.0
2026-09-20 14:13:33,20260920,3,8,4-2-5,288.6
2026-09-20 14:13:33,20260920,3,8,4-2-6,112.1
2026-09-20 14:13:33,20260920,3,8,4-3-1,169.4
2026-09-20 14:13:33,20260920,3,8,4-3-2,421.3
2026-09-20 14:13:33,20260920,3,8,4-3-5,599.5
2026-09-20 14:13:33,20260920,3,8,4-3-6,131.0
2026-09-20 14:13:33,20260920,3,8,4-5-1,157.4
2026-09-20 14:13:33,20260920,3,8,4-5-2,288.6
2026-09-20 14:13:33,20260920,3,8,4-5-3,324.7
2026-09-20 14:13:33,20260920,3,8,4-5-6,84.7
2026-09-20 14:13:33,20260920,3,8,4-6-1,20.1
2026-09-20 14:13:33,20260920,3,8,4-6-2,74.2
2026-09-20 14:13:33,20260920,3,8,4-6-3,100.5
2026-09-20 14:13:33,20260920,3,8,4-6-5,77.9
2026-09-20 14:13:33,20260920,3,8,5-1-2,273.5
2026-09-20 14:13:33,20260920,3,8,5-1-3,458.5
2026-09-20 14:13:33,20260920,3,8,5-1-4,202.4
2026-09-20 14:13:33,20260920,3,8,5-1-6,197.3
2026-09-20 14:13:33,20260920,3,8,5-2-1,399.7
2026-09-20 14:13:33,20260920,3,8,5-2-3,346.4
2026-09-20 14:13:33,20260920,3,8,5-2-4,556.7
2026-09-20 14:13:33,20260920,3,8,5-2-6,283.4
2026-09-20 14:13:33,20260920,3,8,5-3-1,623.5
2026-09-20 14:13:33,20260920,3,8,5-3-2,445.4
2026-09-20 14:13:33,20260920,3,8,5-3-4,917.0
2026-09-20 14:13:33,20260920,3,8,5-3-6,283.4
2026-09-20 14:13:33,20260920,3,8,5-4-1,273.5
2026-09-20 14:13:33,20260920,3,8,5-4-2,599.5
2026-09-20 14:13:33,20260920,3,8,5-4-3,649.5
2026-09-20 14:13:33,20260920,3,8,5-4-6,247.4
2026-09-20 14:13:33,20260920,3,8,5-6-1,255.5
2026-09-20 14:13:33,20260920,3,8,5-6-2,380.2
2026-09-20 14:13:33,20260920,3,8,5-6-3,487.1
2026-09-20 14:13:33,20260920,3,8,5-6-4,216.5
2026-09-20 14:13:33,20260920,3,8,6-1-2,26.4
2026-09-20 14:13:33,20260920,3,8,6-1-3,46.9
2026-09-20 14:13:33,20260920,3,8,6-1-4,18.4
2026-09-20 14:13:33,20260920,3,8,6-1-5,59.7
2026-09-20 14:13:33,20260920,3,8,6-2-1,64.1
2026-09-20 14:13:33,20260920,3,8,6-2-3,118.1
2026-09-20 14:13:33,20260920,3,8,6-2-4,67.7
2026-09-20 14:13:33,20260920,3,8,6-2-5,162.3
2026-09-20 14:13:33,20260920,3,8,6-3-1,104.6
2026-09-20 14:13:33,20260920,3,8,6-3-2,194.8
2026-09-20 14:13:33,20260920,3,8,6-3-4,119.9
2026-09-20 14:13:33,20260920,3,8,6-3-5,399.7
2026-09-20 14:13:33,20260920,3,8,6-4-1,27.2
2026-09-20 14:13:33,20260920,3,8,6-4-2,73.8
2026-09-20 14:13:33,20260920,3,8,6-4-3,109.0
2026-09-20 14:13:33,20260920,3,8,6-4-5,73.1
2026-09-20 14:13:33,20260920,3,8,6-5-1,133.2
2026-09-20 14:13:33,20260920,3,8,6-5-2,213.5
2026-09-20 14:13:33,20260920,3,8,6-5-3,380.2
2026-09-20 14:13:33,20260920,3,8,6-5-4,148.4
2026-09-20 14:16:22,20260920,23,12,1-2-3,9.0
2026-09-20 14:16:22,20260920,23,12,1-2-4,8.3
2026-09-20 14:16:22,20260920,23,12,1-2-5,16.6
2026-09-20 14:16:22,20260920,23,12,1-2-6,30.9
2026-09-20 14:16:22,20260920,23,12,1-3-2,18.6
2026-09-20 14:16:22,20260920,23,12,1-3-4,24.8
2026-09-20 14:16:22,20260920,23,12,1-3-5,32.3
2026-09-20 14:16:22,20260920,23,12,1-3-6,56.3
2026-09-20 14:16:22,20260920,23,12,1-4-2,18.5
2026-09-20 14:16:22,20260920,23,12,1-4-3,30.8
2026-09-20 14:16:22,20260920,23,12,1-4-5,34.5
2026-09-20 14:16:22,20260920,23,12,1-4-6,52.4
2026-09-20 14:16:22,20260920,23,12,1-5-2,36.6
2026-09-20 14:16:22,20260920,23,12,1-5-3,47.3
2026-09-20 14:16:22,20260920,23,12,1-5-4,54.3
2026-09-20 14:16:22,20260920,23,12,1-5-6,72.1
2026-09-20 14:16:22,20260920,23,12,1-6-2,94.4
2026-09-20 14:16:22,20260920,23,12,1-6-3,130.4
2026-09-20 14:16:22,20260920,23,12,1-6-4,138.8
2026-09-20 14:16:22,20260920,23,12,1-6-5,161.7
2026-09-20 14:16:22,20260920,23,12,2-1-3,22.6
2026-09-20 14:16:22,20260920,23,12,2-1-4,19.8
2026-09-20 14:16:22,20260920,23,12,2-1-5,31.1
2026-09-20 14:16:22,20260920,23,12,2-1-6,52.7
2026-09-20 14:16:22,20260920,23,12,2-3-1,55.9
2026-09-20 14:16:22,20260920,23,12,2-3-4,90.6
2026-09-20 14:16:22,20260920,23,12,2-3-5,126.1
2026-09-20 14:16:22,20260920,23,12,2-3-6,164.9
2026-09-20 14:16:22,20260920,23,12,2-4-1,48.6
2026-09-20 14:16:22,20260920,23,12,2-4-3,118.8
2026-09-20 14:16:22,20260920,23,12,2-4-5,103.6
2026-09-20 14:16:22,20260920,23,12,2-4-6,125.5
2026-09-20 14:16:22,20260920,23,12,2-5-1,118.3
2026-09-20 14:16:22,20260920,23,12,2-5-3,225.2
2026-09-20 14:16:22,20260920,23,12,2-5-4,193.6
2026-09-20 14:16:22,20260920,23,12,2-5-6,245.2
2026-09-20 14:16:22,20260920,23,12,2-6-1,222.2
2026-09-20 14:16:22,20260920,23,12,2-6-3,437.3
2026-09-20 14:16:22,20260920,23,12,2-6-4,301.9
2026-09-20 14:16:22,20260920,23,12,2-6-5,414.4
2026-09-20 14:16:22,20260920,23,12,3-1-2,51.4
2026-09-20 14:16:22,20260920,23,12,3-1-4,58.7
2026-09-20 14:16:22,20260920,23,12,3-1-5,72.8
2026-09-20 14:16:22,20260920,23,12,3-1-6,115.1
2026-09-20 14:16:22,20260920,23,12,3-2-1,87.8
2026-09-20 14:16:22,20260920,23,12,3-2-4,117.8
2026-09-20 14:16:22,20260920,23,12,3-2-5,131.2
2026-09-20 14:16:22,20260920,23,12,3-2-6,184.3
2026-09-20 14:16:22,20260920,23,12,3-4-1,150.1
2026-09-20 14:16:22,20260920,23,12,3-4-2,156.9
2026-09-20 14:16:22,20260920,23,12,3-4-5,132.5
2026-09-20 14:16:22,20260920,23,12,3-4-6,221.9
2026-09-20 14:16:22,20260920,23,12,3-5-1,201.6
2026-09-20 14:16:22,20260920,23,12,3-5-2,171.2
2026-09-20 14:16:22,20260920,23,12,3-5-4,172.1
2026-09-20 14:16:22,20260920,23,12,3-5-6,301.3
2026-09-20 14:16:22,20260920,23,12,3-6-1,422.8
2026-09-20 14:16:22,20260920,23,12,3-6-2,480.4
2026-09-20 14:16:22,20260920,23,12,3-6-4,496.3
2026-09-20 14:16:22,20260920,23,12,3-6-5,583.6
2026-09-20 14:16:22,20260920,23,12,4-1-2,59.0
2026-09-20 14:16:22,20260920,23,12,4-1-3,126.6
2026-09-20 14:16:22,20260920,23,12,4-1-5,92.8
2026-09-20 14:16:22,20260920,23,12,4-1-6,147.6
2026-09-20 14:16:22,20260920,23,12,4-2-1,72.1
2026-09-20 14:16:22,20260920,23,12,4-2-3,166.5
2026-09-20 14:16:22,20260920,23,12,4-2-5,135.9
2026-09-20 14:16:22,20260920,23,12,4-2-6,176.3
2026-09-20 14:16:22,20260920,23,12,4-3-1,225.8
2026-09-20 14:16:22,20260920,23,12,4-3-2,245.5
2026-09-20 14:16:22,20260920,23,12,4-3-5,246.3
2026-09-20 14:16:22,20260920,23,12,4-3-6,326.3
2026-09-20 14:16:22,20260920,23,12,4-5-1,152.0
2026-09-20 14:16:22,20260920,23,12,4-5-2,190.3
2026-09-20 14:16:22,20260920,23,12,4-5-3,298.6
2026-09-20 14:16:22,20260920,23,12,4-5-6,224.6
2026-09-20 14:16:22,20260920,23,12,4-6-1,343.2
2026-09-20 14:16:22,20260920,23,12,4-6-2,337.6
2026-09-20 14:16:22,20260920,23,12,4-6-3,602.7
2026-09-20 14:16:22,20260920,23,12,4-6-5,397.5
2026-09-20 14:16:22,20260920,23,12,5-1-2,122.4
2026-09-20 14:16:22,20260920,23,12,5-1-3,198.5
2026-09-20 14:16:22,20260920,23,12,5-1-4,199.7
2026-09-20 14:16:22,20260920,23,12,5-1-6,226.7
2026-09-20 14:16:22,20260920,23,12,5-2-1,204.3
2026-09-20 14:16:22,20260920,23,12,5-2-3,323.7
2026-09-20 14:16:22,20260920,23,12,5-2-4,291.8
2026-09-20 14:16:22,20260920,23,12,5-2-6,362.7
2026-09-20 14:16:22,20260920,23,12,5-3-1,373.3
2026-09-20 14:16:22,20260920,23,12,5-3-2,437.3
2026-09-20 14:16:22,20260920,23,12,5-3-4,503.8
2026-09-20 14:16:22,20260920,23,12,5-3-6,613.9
2026-09-20 14:16:22,20260920,23,12,5-4-1,289.8
2026-09-20 14:16:22,20260920,23,12,5-4-2,338.9
2026-09-20 14:16:22,20260920,23,12,5-4-3,524.5
2026-09-20 14:16:22,20260920,23,12,5-4-6,418.6
2026-09-20 14:16:22,20260920,23,12,5-6-1,560.0
2026-09-20 14:16:22,20260920,23,12,5-6-2,552.5
2026-09-20 14:16:22,20260920,23,12,5-6-3,693.5
2026-09-20 14:16:22,20260920,23,12,5-6-4,594.1
2026-09-20 14:16:22,20260920,23,12,6-1-2,413.3
2026-09-20 14:16:22,20260920,23,12,6-1-3,727.0
2026-09-20 14:16:22,20260920,23,12,6-1-4,756.9
2026-09-20 14:16:22,20260920,23,12,6-1-5,854.4
2026-09-20 14:16:22,20260920,23,12,6-2-1,533.0
2026-09-20 14:16:22,20260920,23,12,6-2-3,881.7
2026-09-20 14:16:22,20260920,23,12,6-2-4,541.7
2026-09-20 14:16:22,20260920,23,12,6-2-5,858.8
2026-09-20 14:16:22,20260920,23,12,6-3-1,926.0
2026-09-20 14:16:22,20260920,23,12,6-3-2,1112.0
2026-09-20 14:16:22,20260920,23,12,6-3-4,1159.0
2026-09-20 14:16:22,20260920,23,12,6-3-5,1184.0
2026-09-20 14:16:22,20260920,23,12,6-4-1,905.8
2026-09-20 14:16:22,20260920,23,12,6-4-2,625.5
2026-09-20 14:16:22,20260920,23,12,6-4-3,1237.0
2026-09-20 14:16:22,20260920,23,12,6-4-5,958.1
2026-09-20 14:16:22,20260920,23,12,6-5-1,1010.0
2026-09-20 14:16:22,20260920,23,12,6-5-2,992.6
2026-09-20 14:16:22,20260920,23,12,6-5-3,1135.0
2026-09-20 14:16:22,20260920,23,12,6-5-4,952.6
2026-09-20 14:19:22,20260920,13,9,1-2-3,13.4
2026-09-20 14:19:22,20260920,13,9,1-2-4,13.2
2026-09-20 14:19:22,20260920,13,9,1-2-5,36.2
2026-09-20 14:19:22,20260920,13,9,1-2-6,20.0
2026-09-20 14:19:22,20260920,13,9,1-3-2,19.9
2026-09-20 14:19:22,20260920,13,9,1-3-4,23.4
2026-09-20 14:19:22,20260920,13,9,1-3-5,44.8
2026-09-20 14:19:22,20260920,13,9,1-3-6,22.0
2026-09-20 14:19:22,20260920,13,9,1-4-2,18.1
2026-09-20 14:19:22,20260920,13,9,1-4-3,26.2
2026-09-20 14:19:22,20260920,13,9,1-4-5,47.0
2026-09-20 14:19:22,20260920,13,9,1-4-6,13.6
2026-09-20 14:19:22,20260920,13,9,1-5-2,86.1
2026-09-20 14:19:22,20260920,13,9,1-5-3,99.2
2026-09-20 14:19:22,20260920,13,9,1-5-4,105.1
2026-09-20 14:19:22,20260920,13,9,1-5-6,78.7
2026-09-20 14:19:22,20260920,13,9,1-6-2,31.0
2026-09-20 14:19:22,20260920,13,9,1-6-3,38.4
2026-09-20 14:19:22,20260920,13,9,1-6-4,24.3
2026-09-20 14:19:22,20260920,13,9,1-6-5,65.4
2026-09-20 14:19:22,20260920,13,9,2-1-3,47.4
2026-09-20 14:19:22,20260920,13,9,2-1-4,56.0
2026-09-20 14:19:22,20260920,13,9,2-1-5,104.7
2026-09-20 14:19:22,20260920,13,9,2-1-6,77.6
2026-09-20 14:19:22,20260920,13,9,2-3-1,104.3
2026-09-20 14:19:22,20260920,13,9,2-3-4,164.8
2026-09-20 14:19:22,20260920,13,9,2-3-5,222.5
2026-09-20 14:19:22,20260920,13,9,2-3-6,173.3
2026-09-20 14:19:22,20260920,13,9,2-4-1,127.7
2026-09-20 14:19:22,20260920,13,9,2-4-3,208.6
2026-09-20 14:19:22,20260920,13,9,2-4-5,306.9
2026-09-20 14:19:22,20260920,13,9,2-4-6,150.8
2026-09-20 14:19:22,20260920,13,9,2-5-1,329.6
2026-09-20 14:19:22,20260920,13,9,2-5-3,338.0
2026-09-20 14:19:22,20260920,13,9,2-5-4,503.8
2026-09-20 14:19:22,20260920,13,9,2-5-6,310.4
2026-09-20 14:19:22,20260920,13,9,2-6-1,206.9
2026-09-20 14:19:22,20260920,13,9,2-6-3,376.0
2026-09-20 14:19:22,20260920,13,9,2-6-4,321.7
2026-09-20 14:19:22,20260920,13,9,2-6-5,460.3
2026-09-20 14:19:22,20260920,13,9,3-1-2,93.3
2026-09-20 14:19:22,20260920,13,9,3-1-4,83.7
2026-09-20 14:19:22,20260920,13,9,3-1-5,129.6
2026-09-20 14:19:22,20260920,13,9,3-1-6,100.7
2026-09-20 14:19:22,20260920,13,9,3-2-1,136.2
2026-09-20 14:19:22,20260920,13,9,3-2-4,261.7
2026-09-20 14:19:22,20260920,13,9,3-2-5,203.8
2026-09-20 14:19:22,20260920,13,9,3-2-6,254.3
2026-09-20 14:19:22,20260920,13,9,3-4-1,145.9
2026-09-20 14:19:22,20260920,13,9,3-4-2,217.0
2026-09-20 14:19:22,20260920,13,9,3-4-5,162.8
2026-09-20 14:19:22,20260920,13,9,3-4-6,127.7
2026-09-20 14:19:22,20260920,13,9,3-5-1,269.7
2026-09-20 14:19:22,20260920,13,9,3-5-2,300.0
2026-09-20 14:19:22,20260920,13,9,3-5-4,325.6
2026-09-20 14:19:22,20260920,13,9,3-5-6,310.4
2026-09-20 14:19:22,20260920,13,9,3-6-1,161.8
2026-09-20 14:19:22,20260920,13,9,3-6-2,376.0
2026-09-20 14:19:22,20260920,13,9,3-6-4,272.4
2026-09-20 14:19:22,20260920,13,9,3-6-5,281.0
2026-09-20 14:19:22,20260920,13,9,4-1-2,60.6
2026-09-20 14:19:22,20260920,13,9,4-1-3,76.9
2026-09-20 14:19:22,20260920,13,9,4-1-5,90.2
2026-09-20 14:19:22,20260920,13,9,4-1-6,39.7
2026-09-20 14:19:22,20260920,13,9,4-2-1,163.8
2026-09-20 14:19:22,20260920,13,9,4-2-3,356.0
2026-09-20 14:19:22,20260920,13,9,4-2-5,356.0
2026-09-20 14:19:22,20260920,13,9,4-2-6,220.6
2026-09-20 14:19:22,20260920,13,9,4-3-1,199.2
2026-09-20 14:19:22,20260920,13,9,4-3-2,445.0
2026-09-20 14:19:22,20260920,13,9,4-3-5,197.7
2026-09-20 14:19:22,20260920,13,9,4-3-6,181.6
2026-09-20 14:19:22,20260920,13,9,4-5-1,130.8
2026-09-20 14:19:22,20260920,13,9,4-5-2,203.8
2026-09-20 14:19:22,20260920,13,9,4-5-3,175.6
2026-09-20 14:19:22,20260920,13,9,4-5-6,108.5
2026-09-20 14:19:22,20260920,13,9,4-6-1,54.0
2026-09-20 14:19:22,20260920,13,9,4-6-2,134.8
2026-09-20 14:19:22,20260920,13,9,4-6-3,142.7
2026-09-20 14:19:22,20260920,13,9,4-6-5,146.7
2026-09-20 14:19:22,20260920,13,9,5-1-2,186.7
2026-09-20 14:19:22,20260920,13,9,5-1-3,165.8
2026-09-20 14:19:22,20260920,13,9,5-1-4,145.9
2026-09-20 14:19:22,20260920,13,9,5-1-6,145.1
2026-09-20 14:19:22,20260920,13,9,5-2-1,684.6
2026-09-20 14:19:22,20260920,13,9,5-2-3,476.8
2026-09-20 14:19:22,20260920,13,9,5-2-4,635.7
2026-09-20 14:19:22,20260920,13,9,5-2-6,410.8
2026-09-20 14:19:22,20260920,13,9,5-3-1,410.8
2026-09-20 14:19:22,20260920,13,9,5-3-2,556.2
2026-09-20 14:19:22,20260920,13,9,5-3-4,430.6
2026-09-20 14:19:22,20260920,13,9,5-3-6,317.8
2026-09-20 14:19:22,20260920,13,9,5-4-1,174.5
2026-09-20 14:19:22,20260920,13,9,5-4-2,210.2
2026-09-20 14:19:22,20260920,13,9,5-4-3,190.7
2026-09-20 14:19:22,20260920,13,9,5-4-6,142.0
2026-09-20 14:19:22,20260920,13,9,5-6-1,370.8
2026-09-20 14:19:22,20260920,13,9,5-6-2,513.5
2026-09-20 14:19:22,20260920,13,9,5-6-3,417.2
2026-09-20 14:19:22,20260920,13,9,5-6-4,249.5
2026-09-20 14:19:22,20260920,13,9,6-1-2,75.8
2026-09-20 14:19:22,20260920,13,9,6-1-3,91.4
2026-09-20 14:19:22,20260920,13,9,6-1-4,61.1
2026-09-20 14:19:22,20260920,13,9,6-1-5,185.4
2026-09-20 14:19:22,20260920,13,9,6-2-1,194.9
2026-09-20 14:19:22,20260920,13,9,6-2-3,338.0
2026-09-20 14:19:22,20260920,13,9,6-2-4,351.3
2026-09-20 14:19:22,20260920,13,9,6-2-5,534.0
2026-09-20 14:19:22,20260920,13,9,6-3-1,196.3
2026-09-20 14:19:22,20260920,13,9,6-3-2,556.2
2026-09-20 14:19:22,20260920,13,9,6-3-4,376.0
2026-09-20 14:19:22,20260920,13,9,6-3-5,404.5
2026-09-20 14:19:22,20260920,13,9,6-4-1,74.5
2026-09-20 14:19:22,20260920,13,9,6-4-2,275.2
2026-09-20 14:19:22,20260920,13,9,6-4-3,222.5
2026-09-20 14:19:22,20260920,13,9,6-4-5,254.3
2026-09-20 14:19:22,20260920,13,9,6-5-1,259.2
2026-09-20 14:19:22,20260920,13,9,6-5-2,556.2
2026-09-20 14:19:22,20260920,13,9,6-5-3,445.0
2026-09-20 14:19:22,20260920,13,9,6-5-4,278.1
2026-09-20 14:24:51,20260920,6,7,1-2-3,122.9
2026-09-20 14:24:51,20260920,6,7,1-2-4,31.1
2026-09-20 14:24:51,20260920,6,7,1-2-5,119.1
2026-09-20 14:24:51,20260920,6,7,1-2-6,105.2
2026-09-20 14:24:51,20260920,6,7,1-3-2,213.4
2026-09-20 14:24:51,20260920,6,7,1-3-4,178.7
2026-09-20 14:24:51,20260920,6,7,1-3-5,160.1
2026-09-20 14:24:51,20260920,6,7,1-3-6,161.7
2026-09-20 14:24:51,20260920,6,7,1-4-2,33.7
2026-09-20 14:24:51,20260920,6,7,1-4-3,170.7
2026-09-20 14:24:51,20260920,6,7,1-4-5,70.8
2026-09-20 14:24:51,20260920,6,7,1-4-6,67.1
2026-09-20 14:24:51,20260920,6,7,1-5-2,119.1
2026-09-20 14:24:51,20260920,6,7,1-5-3,192.1
2026-09-20 14:24:51,20260920,6,7,1-5-4,167.0
2026-09-20 14:24:51,20260920,6,7,1-5-6,251.9
2026-09-20 14:24:51,20260920,6,7,1-6-2,226.0
2026-09-20 14:24:51,20260920,6,7,1-6-3,256.1
2026-09-20 14:24:51,20260920,6,7,1-6-4,226.0
2026-09-20 14:24:51,20260920,6,7,1-6-5,313.6
2026-09-20 14:24:51,20260920,6,7,2-1-3,84.9
2026-09-20 14:24:51,20260920,6,7,2-1-4,20.1
2026-09-20 14:24:51,20260920,6,7,2-1-5,77.2
2026-09-20 14:24:51,20260920,6,7,2-1-6,134.8
2026-09-20 14:24:51,20260920,6,7,2-3-1,240.1
2026-09-20 14:24:51,20260920,6,7,2-3-4,147.7
2026-09-20 14:24:51,20260920,6,7,2-3-5,216.4
2026-09-20 14:24:51,20260920,6,7,2-3-6,226.0
2026-09-20 14:24:51,20260920,6,7,2-4-1,16.6
2026-09-20 14:24:51,20260920,6,7,2-4-3,60.0
2026-09-20 14:24:51,20260920,6,7,2-4-5,12.3
2026-09-20 14:24:51,20260920,6,7,2-4-6,15.8
2026-09-20 14:24:51,20260920,6,7,2-5-1,147.7
2026-09-20 14:24:51,20260920,6,7,2-5-3,243.9
2026-09-20 14:24:51,20260920,6,7,2-5-4,23.4
2026-09-20 14:24:51,20260920,6,7,2-5-6,64.0
2026-09-20 14:24:51,20260920,6,7,2-6-1,219.5
2026-09-20 14:24:51,20260920,6,7,2-6-3,279.4
2026-09-20 14:24:51,20260920,6,7,2-6-4,50.7
2026-09-20 14:24:51,20260920,6,7,2-6-5,76.8
2026-09-20 14:24:51,20260920,6,7,3-1-2,232.8
2026-09-20 14:24:51,20260920,6,7,3-1-4,141.0
2026-09-20 14:24:51,20260920,6,7,3-1-5,178.7
2026-09-20 14:24:51,20260920,6,7,3-1-6,357.4
2026-09-20 14:24:51,20260920,6,7,3-2-1,349.3
2026-09-20 14:24:51,20260920,6,7,3-2-4,207.6
2026-09-20 14:24:51,20260920,6,7,3-2-5,279.4
2026-09-20 14:24:51,20260920,6,7,3-2-6,334.1
2026-09-20 14:24:51,20260920,6,7,3-4-1,365.9
2026-09-20 14:24:51,20260920,6,7,3-4-2,279.4
2026-09-20 14:24:51,20260920,6,7,3-4-5,394.0
2026-09-20 14:24:51,20260920,6,7,3-4-6,289.9
2026-09-20 14:24:51,20260920,6,7,3-5-1,374.8
2026-09-20 14:24:51,20260920,6,7,3-5-2,240.1
2026-09-20 14:24:51,20260920,6,7,3-5-4,374.8
2026-09-20 14:24:51,20260920,6,7,3-5-6,313.6
2026-09-20 14:24:51,20260920,6,7,3-6-1,495.7
2026-09-20 14:24:51,20260920,6,7,3-6-2,269.6
2026-09-20 14:24:51,20260920,6,7,3-6-4,384.2
2026-09-20 14:24:51,20260920,6,7,3-6-5,439.1
2026-09-20 14:24:51,20260920,6,7,4-1-2,27.2
2026-09-20 14:24:51,20260920,6,7,4-1-3,150.6
2026-09-20 14:24:51,20260920,6,7,4-1-5,38.3
2026-09-20 14:24:51,20260920,6,7,4-1-6,66.8
2026-09-20 14:24:51,20260920,6,7,4-2-1,23.7
2026-09-20 14:24:51,20260920,6,7,4-2-3,68.6
2026-09-20 14:24:51,20260920,6,7,4-2-5,13.7
2026-09-20 14:24:51,20260920,6,7,4-2-6,18.4
2026-09-20 14:24:51,20260920,6,7,4-3-1,264.9
2026-09-20 14:24:51,20260920,6,7,4-3-2,219.5
2026-09-20 14:24:51,20260920,6,7,4-3-5,243.9
2026-09-20 14:24:51,20260920,6,7,4-3-6,222.7
2026-09-20 14:24:51,20260920,6,7,4-5-1,49.4
2026-09-20 14:24:51,20260920,6,7,4-5-2,20.6
2026-09-20 14:24:51,20260920,6,7,4-5-3,155.2
2026-09-20 14:24:51,20260920,6,7,4-5-6,26.5
2026-09-20 14:24:51,20260920,6,7,4-6-1,90.4
2026-09-20 14:24:51,20260920,6,7,4-6-2,33.5
2026-09-20 14:24:51,20260920,6,7,4-6-3,243.9
2026-09-20 14:24:51,20260920,6,7,4-6-5,41.5
2026-09-20 14:24:51,20260920,6,7,5-1-2,176.6
2026-09-20 14:24:51,20260920,6,7,5-1-3,260.5
2026-09-20 14:24:51,20260920,6,7,5-1-4,207.6
2026-09-20 14:24:51,20260920,6,7,5-1-6,243.9
2026-09-20 14:24:51,20260920,6,7,5-2-1,247.8
2026-09-20 14:24:51,20260920,6,7,5-2-3,295.5
2026-09-20 14:24:51,20260920,6,7,5-2-4,78.8
2026-09-20 14:24:51,20260920,6,7,5-2-6,114.6
2026-09-20 14:24:51,20260920,6,7,5-3-1,349.3
2026-09-20 14:24:51,20260920,6,7,5-3-2,313.6
2026-09-20 14:24:51,20260920,6,7,5-3-4,439.1
2026-09-20 14:24:51,20260920,6,7,5-3-6,222.7
2026-09-20 14:24:51,20260920,6,7,5-4-1,226.0
2026-09-20 14:24:51,20260920,6,7,5-4-2,63.7
2026-09-20 14:24:51,20260920,6,7,5-4-3,452.0
2026-09-20 14:24:51,20260920,6,7,5-4-6,112.1
2026-09-20 14:24:51,20260920,6,7,5-6-1,426.9
2026-09-20 14:24:51,20260920,6,7,5-6-2,192.1
2026-09-20 14:24:51,20260920,6,7,5-6-3,452.0
2026-09-20 14:24:51,20260920,6,7,5-6-4,144.9
2026-09-20 14:24:51,20260920,6,7,6-1-2,284.6
2026-09-20 14:24:51,20260920,6,7,6-1-3,349.3
2026-09-20 14:24:51,20260920,6,7,6-1-4,404.4
2026-09-20 14:24:51,20260920,6,7,6-1-5,512.3
2026-09-20 14:24:51,20260920,6,7,6-2-1,284.6
2026-09-20 14:24:51,20260920,6,7,6-2-3,426.9
2026-09-20 14:24:51,20260920,6,7,6-2-4,152.1
2026-09-20 14:24:51,20260920,6,7,6-2-5,236.4
2026-09-20 14:24:51,20260920,6,7,6-3-1,452.0
2026-09-20 14:24:51,20260920,6,7,6-3-2,439.1
2026-09-20 14:24:51,20260920,6,7,6-3-4,512.3
2026-09-20 14:24:51,20260920,6,7,6-3-5,640.4
2026-09-20 14:24:51,20260920,6,7,6-4-1,295.5
2026-09-20 14:24:51,20260920,6,7,6-4-2,94.2
2026-09-20 14:24:51,20260920,6,7,6-4-3,495.7
2026-09-20 14:24:51,20260920,6,7,6-4-5,143.6
2026-09-20 14:24:51,20260920,6,7,6-5-1,512.3
2026-09-20 14:24:51,20260920,6,7,6-5-2,251.9
2026-09-20 14:24:51,20260920,6,7,6-5-3,495.7
2026-09-20 14:24:51,20260920,6,7,6-5-4,185.1
2026-09-20 14:25:01,20260920,16,8,1-2-3,11.4
2026-09-20 14:25:01,20260920,16,8,1-2-4,29.0
2026-09-20 14:25:01,20260920,16,8,1-2-5,80.1
2026-09-20 14:25:01,20260920,16,8,1-2-6,36.8
2026-09-20 14:25:01,20260920,16,8,1-3-2,8.9
2026-09-20 14:25:01,20260920,16,8,1-3-4,15.0
2026-09-20 14:25:01,20260920,16,8,1-3-5,40.8
2026-09-20 14:25:01,20260920,16,8,1-3-6,16.6
2026-09-20 14:25:01,20260920,16,8,1-4-2,60.4
2026-09-20 14:25:01,20260920,16,8,1-4-3,38.8
2026-09-20 14:25:01,20260920,16,8,1-4-5,119.9
2026-09-20 14:25:01,20260920,16,8,1-4-6,91.8
2026-09-20 14:25:01,20260920,16,8,1-5-2,186.0
2026-09-20 14:25:01,20260920,16,8,1-5-3,103.6
2026-09-20 14:25:01,20260920,16,8,1-5-4,204.4
2026-09-20 14:25:01,20260920,16,8,1-5-6,226.7
2026-09-20 14:25:01,20260920,16,8,1-6-2,93.0
2026-09-20 14:25:01,20260920,16,8,1-6-3,76.3
2026-09-20 14:25:01,20260920,16,8,1-6-4,127.3
2026-09-20 14:25:01,20260920,16,8,1-6-5,259.1
2026-09-20 14:25:01,20260920,16,8,2-1-3,19.1
2026-09-20 14:25:01,20260920,16,8,2-1-4,49.1
2026-09-20 14:25:01,20260920,16,8,2-1-5,82.9
2026-09-20 14:25:01,20260920,16,8,2-1-6,76.7
2026-09-20 14:25:01,20260920,16,8,2-3-1,26.1
2026-09-20 14:25:01,20260920,16,8,2-3-4,46.5
2026-09-20 14:25:01,20260920,16,8,2-3-5,103.6
2026-09-20 14:25:01,20260920,16,8,2-3-6,58.5
2026-09-20 14:25:01,20260920,16,8,2-4-1,157.7
2026-09-20 14:25:01,20260920,16,8,2-4-3,100.7
2026-09-20 14:25:01,20260920,16,8,2-4-5,237.9
2026-09-20 14:25:01,20260920,16,8,2-4-6,188.4
2026-09-20 14:25:01,20260920,16,8,2-5-1,296.1
2026-09-20 14:25:01,20260920,16,8,2-5-3,219.8
2026-09-20 14:25:01,20260920,16,8,2-5-4,302.3
2026-09-20 14:25:01,20260920,16,8,2-5-6,345.5
2026-09-20 14:25:01,20260920,16,8,2-6-1,259.1
2026-09-20 14:25:01,20260920,16,8,2-6-3,250.2
2026-09-20 14:25:01,20260920,16,8,2-6-4,322.5
2026-09-20 14:25:01,20260920,16,8,2-6-5,296.1
2026-09-20 14:25:01,20260920,16,8,3-1-2,15.1
2026-09-20 14:25:01,20260920,16,8,3-1-4,21.5
2026-09-20 14:25:01,20260920,16,8,3-1-5,51.4
2026-09-20 14:25:01,20260920,16,8,3-1-6,23.7
2026-09-20 14:25:01,20260920,16,8,3-2-1,26.4
2026-09-20 14:25:01,20260920,16,8,3-2-4,41.9
2026-09-20 14:25:01,20260920,16,8,3-2-5,111.6
2026-09-20 14:25:01,20260920,16,8,3-2-6,55.8
2026-09-20 14:25:01,20260920,16,8,3-4-1,60.4
2026-09-20 14:25:01,20260920,16,8,3-4-2,88.4
2026-09-20 14:25:01,20260920,16,8,3-4-5,179.1
2026-09-20 14:25:01,20260920,16,8,3-4-6,113.3
2026-09-20 14:25:01,20260920,16,8,3-5-1,129.5
2026-09-20 14:25:01,20260920,16,8,3-5-2,181.4
2026-09-20 14:25:01,20260920,16,8,3-5-4,213.4
2026-09-20 14:25:01,20260920,16,8,3-5-6,210.3
2026-09-20 14:25:01,20260920,16,8,3-6-1,94.2
2026-09-20 14:25:01,20260920,16,8,3-6-2,143.6
2026-09-20 14:25:01,20260920,16,8,3-6-4,183.7
2026-09-20 14:25:01,20260920,16,8,3-6-5,223.2
2026-09-20 14:25:01,20260920,16,8,4-1-2,143.6
2026-09-20 14:25:01,20260920,16,8,4-1-3,82.9
2026-09-20 14:25:01,20260920,16,8,4-1-5,179.1
2026-09-20 14:25:01,20260920,16,8,4-1-6,234.0
2026-09-20 14:25:01,20260920,16,8,4-2-1,263.8
2026-09-20 14:25:01,20260920,16,8,4-2-3,142.2
2026-09-20 14:25:01,20260920,16,8,4-2-5,392.2
2026-09-20 14:25:01,20260920,16,8,4-2-6,414.6
2026-09-20 14:25:01,20260920,16,8,4-3-1,102.9
2026-09-20 14:25:01,20260920,16,8,4-3-2,156.0
2026-09-20 14:25:01,20260920,16,8,4-3-5,279.0
2026-09-20 14:25:01,20260920,16,8,4-3-6,290.2
2026-09-20 14:25:01,20260920,16,8,4-5-1,381.9
2026-09-20 14:25:01,20260920,16,8,4-5-2,322.5
2026-09-20 14:25:01,20260920,16,8,4-5-3,308.7
2026-09-20 14:25:01,20260920,16,8,4-5-6,353.9
2026-09-20 14:25:01,20260920,16,8,4-6-1,518.3
2026-09-20 14:25:01,20260920,16,8,4-6-2,353.9
2026-09-20 14:25:01,20260920,16,8,4-6-3,353.9
2026-09-20 14:25:01,20260920,16,8,4-6-5,439.7
2026-09-20 14:25:01,20260920,16,8,5-1-2,284.5
2026-09-20 14:25:01,20260920,16,8,5-1-3,129.5
2026-09-20 14:25:01,20260920,16,8,5-1-4,223.2
2026-09-20 14:25:01,20260920,16,8,5-1-6,196.1
2026-09-20 14:25:01,20260920,16,8,5-2-1,630.9
2026-09-20 14:25:01,20260920,16,8,5-2-3,362.8
2026-09-20 14:25:01,20260920,16,8,5-2-4,500.4
2026-09-20 14:25:01,20260920,16,8,5-2-6,322.5
2026-09-20 14:25:01,20260920,16,8,5-3-1,186.0
2026-09-20 14:25:01,20260920,16,8,5-3-2,392.2
2026-09-20 14:25:01,20260920,16,8,5-3-4,439.7
2026-09-20 14:25:01,20260920,16,8,5-3-6,302.3
2026-09-20 14:25:01,20260920,16,8,5-4-1,439.7
2026-09-20 14:25:01,20260920,16,8,5-4-2,414.6
2026-09-20 14:25:01,20260920,16,8,5-4-3,426.8
2026-09-20 14:25:01,20260920,16,8,5-4-6,604.6
2026-09-20 14:25:01,20260920,16,8,5-6-1,604.6
2026-09-20 14:25:01,20260920,16,8,5-6-2,210.3
2026-09-20 14:25:01,20260920,16,8,5-6-3,414.6
2026-09-20 14:25:01,20260920,16,8,5-6-4,630.9
2026-09-20 14:25:01,20260920,16,8,6-1-2,234.0
2026-09-20 14:25:01,20260920,16,8,6-1-3,166.8
2026-09-20 14:25:01,20260920,16,8,6-1-4,725.6
2026-09-20 14:25:01,20260920,16,8,6-1-5,967.5
2026-09-20 14:25:01,20260920,16,8,6-2-1,414.6
2026-09-20 14:25:01,20260920,16,8,6-2-3,403.1
2026-09-20 14:25:01,20260920,16,8,6-2-4,468.1
2026-09-20 14:25:01,20260920,16,8,6-2-5,763.8
2026-09-20 14:25:01,20260920,16,8,6-3-1,172.7
2026-09-20 14:25:01,20260920,16,8,6-3-2,381.9
2026-09-20 14:25:01,20260920,16,8,6-3-4,500.4
2026-09-20 14:25:01,20260920,16,8,6-3-5,1116.0
2026-09-20 14:25:01,20260920,16,8,6-4-1,691.0
2026-09-20 14:25:01,20260920,16,8,6-4-2,659.6
2026-09-20 14:25:01,20260920,16,8,6-4-3,806.2
2026-09-20 14:25:01,20260920,16,8,6-4-5,967.5
2026-09-20 14:25:01,20260920,16,8,6-5-1,907.0
2026-09-20 14:25:01,20260920,16,8,6-5-2,763.8
2026-09-20 14:25:01,20260920,16,8,6-5-3,1036.0
2026-09-20 14:25:01,20260920,16,8,6-5-4,1036.0
2026-09-20 14:27:45,20260920,5,9,1-2-3,38.0
2026-09-20 14:27:45,20260920,5,9,1-2-4,40.3
2026-09-20 14:27:45,20260920,5,9,1-2-5,68.0
2026-09-20 14:27:45,20260920,5,9,1-2-6,59.2
2026-09-20 14:27:45,20260920,5,9,1-3-2,31.9
2026-09-20 14:27:45,20260920,5,9,1-3-4,9.0
2026-09-20 14:27:45,20260920,5,9,1-3-5,17.1
2026-09-20 14:27:45,20260920,5,9,1-3-6,14.0
2026-09-20 14:27:45,20260920,5,9,1-4-2,34.3
2026-09-20 14:27:45,20260920,5,9,1-4-3,10.9
2026-09-20 14:27:45,20260920,5,9,1-4-5,15.1
2026-09-20 14:27:45,20260920,5,9,1-4-6,11.5
2026-09-20 14:27:45,20260920,5,9,1-5-2,79.2
2026-09-20 14:27:45,20260920,5,9,1-5-3,39.6
2026-09-20 14:27:45,20260920,5,9,1-5-4,29.9
2026-09-20 14:27:45,20260920,5,9,1-5-6,36.3
2026-09-20 14:27:45,20260920,5,9,1-6-2,104.5
2026-09-20 14:27:45,20260920,5,9,1-6-3,39.8
2026-09-20 14:27:45,20260920,5,9,1-6-4,31.5
2026-09-20 14:27:45,20260920,5,9,1-6-5,68.2
2026-09-20 14:27:45,20260920,5,9,2-1-3,226.5
2026-09-20 14:27:45,20260920,5,9,2-1-4,271.0
2026-09-20 14:27:45,20260920,5,9,2-1-5,333.8
2026-09-20 14:27:45,20260920,5,9,2-1-6,319.7
2026-09-20 14:27:45,20260920,5,9,2-3-1,392.5
2026-09-20 14:27:45,20260920,5,9,2-3-4,480.5
2026-09-20 14:27:45,20260920,5,9,2-3-5,792.8
2026-09-20 14:27:45,20260920,5,9,2-3-6,938.3
2026-09-20 14:27:45,20260920,5,9,2-4-1,503.4
2026-09-20 14:27:45,20260920,5,9,2-4-3,556.4
2026-09-20 14:27:45,20260920,5,9,2-4-5,901.0
2026-09-20 14:27:45,20260920,5,9,2-4-6,669.1
2026-09-20 14:27:45,20260920,5,9,2-5-1,689.4
2026-09-20 14:27:45,20260920,5,9,2-5-3,921.9
2026-09-20 14:27:45,20260920,5,9,2-5-4,1310.0
2026-09-20 14:27:45,20260920,5,9,2-5-6,737.5
2026-09-20 14:27:45,20260920,5,9,2-6-1,1157.0
2026-09-20 14:27:45,20260920,5,9,2-6-3,1321.0
2026-09-20 14:27:45,20260920,5,9,2-6-4,1289.0
2026-09-20 14:27:45,20260920,5,9,2-6-5,1468.0
2026-09-20 14:27:45,20260920,5,9,3-1-2,115.9
2026-09-20 14:27:45,20260920,5,9,3-1-4,31.0
2026-09-20 14:27:45,20260920,5,9,3-1-5,60.5
2026-09-20 14:27:45,20260920,5,9,3-1-6,49.9
2026-09-20 14:27:45,20260920,5,9,3-2-1,348.5
2026-09-20 14:27:45,20260920,5,9,3-2-4,388.6
2026-09-20 14:27:45,20260920,5,9,3-2-5,532.1
2026-09-20 14:27:45,20260920,5,9,3-2-6,609.9
2026-09-20 14:27:45,20260920,5,9,3-4-1,56.5
2026-09-20 14:27:45,20260920,5,9,3-4-2,280.1
2026-09-20 14:27:45,20260920,5,9,3-4-5,84.4
2026-09-20 14:27:45,20260920,5,9,3-4-6,75.7
2026-09-20 14:27:45,20260920,5,9,3-5-1,172.3
2026-09-20 14:27:45,20260920,5,9,3-5-2,414.0
2026-09-20 14:27:45,20260920,5,9,3-5-4,145.0
2026-09-20 14:27:45,20260920,5,9,3-5-6,176.5
2026-09-20 14:27:45,20260920,5,9,3-6-1,195.2
2026-09-20 14:27:45,20260920,5,9,3-6-2,621.8
2026-09-20 14:27:45,20260920,5,9,3-6-4,180.4
2026-09-20 14:27:45,20260920,5,9,3-6-5,303.7
2026-09-20 14:27:45,20260920,5,9,4-1-2,121.0
2026-09-20 14:27:45,20260920,5,9,4-1-3,43.7
2026-09-20 14:27:45,20260920,5,9,4-1-5,49.4
2026-09-20 14:27:45,20260920,5,9,4-1-6,42.4
2026-09-20 14:27:45,20260920,5,9,4-2-1,399.4
2026-09-20 14:27:45,20260920,5,9,4-2-3,449.2
2026-09-20 14:27:45,20260920,5,9,4-2-5,537.5
2026-09-20 14:27:45,20260920,5,9,4-2-6,341.0
2026-09-20 14:27:45,20260920,5,9,4-3-1,77.2
2026-09-20 14:27:45,20260920,5,9,4-3-2,336.6
2026-09-20 14:27:45,20260920,5,9,4-3-5,105.5
2026-09-20 14:27:45,20260920,5,9,4-3-6,96.2
2026-09-20 14:27:45,20260920,5,9,4-5-1,65.0
2026-09-20 14:27:45,20260920,5,9,4-5-2,251.3
2026-09-20 14:27:45,20260920,5,9,4-5-3,92.9
2026-09-20 14:27:45,20260920,5,9,4-5-6,59.7
2026-09-20 14:27:45,20260920,5,9,4-6-1,92.0
2026-09-20 14:27:45,20260920,5,9,4-6-2,338.1
2026-09-20 14:27:45,20260920,5,9,4-6-3,140.9
2026-09-20 14:27:45,20260920,5,9,4-6-5,107.8
2026-09-20 14:27:45,20260920,5,9,5-1-2,217.8
2026-09-20 14:27:45,20260920,5,9,5-1-3,125.3
2026-09-20 14:27:45,20260920,5,9,5-1-4,103.1
2026-09-20 14:27:45,20260920,5,9,5-1-6,108.2
2026-09-20 14:27:45,20260920,5,9,5-2-1,570.4
2026-09-20 14:27:45,20260920,5,9,5-2-3,639.4
2026-09-20 14:27:45,20260920,5,9,5-2-4,777.3
2026-09-20 14:27:45,20260920,5,9,5-2-6,655.2
2026-09-20 14:27:45,20260920,5,9,5-3-1,275.7
2026-09-20 14:27:45,20260920,5,9,5-3-2,698.5
2026-09-20 14:27:45,20260920,5,9,5-3-4,210.0
2026-09-20 14:27:45,20260920,5,9,5-3-6,267.8
2026-09-20 14:27:45,20260920,5,9,5-4-1,131.4
2026-09-20 14:27:45,20260920,5,9,5-4-2,459.6
2026-09-20 14:27:45,20260920,5,9,5-4-3,166.3
2026-09-20 14:27:45,20260920,5,9,5-4-6,116.2
2026-09-20 14:27:45,20260920,5,9,5-6-1,291.5
2026-09-20 14:27:45,20260920,5,9,5-6-2,704.7
2026-09-20 14:27:45,20260920,5,9,5-6-3,459.6
2026-09-20 14:27:45,20260920,5,9,5-6-4,253.3
2026-09-20 14:27:45,20260920,5,9,6-1-2,550.6
2026-09-20 14:27:45,20260920,5,9,6-1-3,255.7
2026-09-20 14:27:45,20260920,5,9,6-1-4,195.5
2026-09-20 14:27:45,20260920,5,9,6-1-5,429.7
2026-09-20 14:27:45,20260920,5,9,6-2-1,1101.0
2026-09-20 14:27:45,20260920,5,9,6-2-3,1454.0
2026-09-20 14:27:45,20260920,5,9,6-2-4,1618.0
2026-09-20 14:27:45,20260920,5,9,6-2-5,1686.0
2026-09-20 14:27:45,20260920,5,9,6-3-1,406.6
2026-09-20 14:27:45,20260920,5,9,6-3-2,1403.0
2026-09-20 14:27:45,20260920,5,9,6-3-4,335.9
2026-09-20 14:27:45,20260920,5,9,6-3-5,766.0
2026-09-20 14:27:45,20260920,5,9,6-4-1,260.8
2026-09-20 14:27:45,20260920,5,9,6-4-2,1192.0
2026-09-20 14:27:45,20260920,5,9,6-4-3,395.4
2026-09-20 14:27:45,20260920,5,9,6-4-5,440.4
2026-09-20 14:27:45,20260920,5,9,6-5-1,612.2
2026-09-20 14:27:45,20260920,5,9,6-5-2,1454.0
2026-09-20 14:27:45,20260920,5,9,6-5-3,901.0
2026-09-20 14:27:45,20260920,5,9,6-5-4,484.9
2026-09-20 14:35:38,20260920,2,9,1-2-3,26.5
2026-09-20 14:35:38,20260920,2,9,1-2-4,134.4
2026-09-20 14:35:38,20260920,2,9,1-2-5,117.5
2026-09-20 14:35:38,20260920,2,9,1-2-6,35.0
2026-09-20 14:35:38,20260920,2,9,1-3-2,17.5
2026-09-20 14:35:38,20260920,2,9,1-3-4,43.6
2026-09-20 14:35:38,20260920,2,9,1-3-5,48.5
2026-09-20 14:35:38,20260920,2,9,1-3-6,9.7
2026-09-20 14:35:38,20260920,2,9,1-4-2,178.4
2026-09-20 14:35:38,20260920,2,9,1-4-3,102.1
2026-09-20 14:35:38,20260920,2,9,1-4-5,205.0
2026-09-20 14:35:38,20260920,2,9,1-4-6,90.3
2026-09-20 14:35:38,20260920,2,9,1-5-2,169.0
2026-09-20 14:35:38,20260920,2,9,1-5-3,108.2
2026-09-20 14:35:38,20260920,2,9,1-5-4,258.1
2026-09-20 14:35:38,20260920,2,9,1-5-6,110.7
2026-09-20 14:35:38,20260920,2,9,1-6-2,26.7
2026-09-20 14:35:38,20260920,2,9,1-6-3,13.0
2026-09-20 14:35:38,20260920,2,9,1-6-4,69.1
2026-09-20 14:35:38,20260920,2,9,1-6-5,75.8
2026-09-20 14:35:38,20260920,2,9,2-1-3,69.6
2026-09-20 14:35:38,20260920,2,9,2-1-4,176.2
2026-09-20 14:35:38,20260920,2,9,2-1-5,199.3
2026-09-20 14:35:38,20260920,2,9,2-1-6,87.0
2026-09-20 14:35:38,20260920,2,9,2-3-1,98.6
2026-09-20 14:35:38,20260920,2,9,2-3-4,114.2
2026-09-20 14:35:38,20260920,2,9,2-3-5,205.0
2026-09-20 14:35:38,20260920,2,9,2-3-6,62.0
2026-09-20 14:35:38,20260920,2,9,2-4-1,356.9
2026-09-20 14:35:38,20260920,2,9,2-4-3,149.8
2026-09-20 14:35:38,20260920,2,9,2-4-5,438.0
2026-09-20 14:35:38,20260920,2,9,2-4-6,275.3
2026-09-20 14:35:38,20260920,2,9,2-5-1,220.7
2026-09-20 14:35:38,20260920,2,9,2-5-3,283.4
2026-09-20 14:35:38,20260920,2,9,2-5-4,516.2
2026-09-20 14:35:38,20260920,2,9,2-5-6,321.2
2026-09-20 14:35:38,20260920,2,9,2-6-1,159.7
2026-09-20 14:35:38,20260920,2,9,2-6-3,87.0
2026-09-20 14:35:38,20260920,2,9,2-6-4,419.0
2026-09-20 14:35:38,20260920,2,9,2-6-5,352.5
2026-09-20 14:35:38,20260920,2,9,3-1-2,35.2
2026-09-20 14:35:38,20260920,2,9,3-1-4,78.1
2026-09-20 14:35:38,20260920,2,9,3-1-5,68.0
2026-09-20 14:35:38,20260920,2,9,3-1-6,12.8
2026-09-20 14:35:38,20260920,2,9,3-2-1,59.3
2026-09-20 14:35:38,20260920,2,9,3-2-4,83.5
2026-09-20 14:35:38,20260920,2,9,3-2-5,153.7
2026-09-20 14:35:38,20260920,2,9,3-2-6,41.2
2026-09-20 14:35:38,20260920,2,9,3-4-1,178.4
2026-09-20 14:35:38,20260920,2,9,3-4-2,121.4
2026-09-20 14:35:38,20260920,2,9,3-4-5,255.8
2026-09-20 14:35:38,20260920,2,9,3-4-6,115.6
2026-09-20 14:35:38,20260920,2,9,3-5-1,158.8
2026-09-20 14:35:38,20260920,2,9,3-5-2,172.0
2026-09-20 14:35:38,20260920,2,9,3-5-4,280.7
2026-09-20 14:35:38,20260920,2,9,3-5-6,92.9
2026-09-20 14:35:38,20260920,2,9,3-6-1,15.2
2026-09-20 14:35:38,20260920,2,9,3-6-2,29.8
2026-09-20 14:35:38,20260920,2,9,3-6-4,82.6
2026-09-20 14:35:38,20260920,2,9,3-6-5,63.8
2026-09-20 14:35:38,20260920,2,9,4-1-2,401.5
2026-09-20 14:35:38,20260920,2,9,4-1-3,258.1
2026-09-20 14:35:38,20260920,2,9,4-1-5,262.8
2026-09-20 14:35:38,20260920,2,9,4-1-6,253.6
2026-09-20 14:35:38,20260920,2,9,4-2-1,431.5
2026-09-20 14:35:38,20260920,2,9,4-2-3,167.1
2026-09-20 14:35:38,20260920,2,9,4-2-5,481.8
2026-09-20 14:35:38,20260920,2,9,4-2-6,628.5
2026-09-20 14:35:38,20260920,2,9,4-3-1,292.0
2026-09-20 14:35:38,20260920,2,9,4-3-2,179.5
2026-09-20 14:35:38,20260920,2,9,4-3-5,348.3
2026-09-20 14:35:38,20260920,2,9,4-3-6,295.0
2026-09-20 14:35:38,20260920,2,9,4-5-1,516.2
2026-09-20 14:35:38,20260920,2,9,4-5-2,590.0
2026-09-20 14:35:38,20260920,2,9,4-5-3,466.3
2026-09-20 14:35:38,20260920,2,9,4-5-6,516.2
2026-09-20 14:35:38,20260920,2,9,4-6-1,307.5
2026-09-20 14:35:38,20260920,2,9,4-6-2,657.1
2026-09-20 14:35:38,20260920,2,9,4-6-3,361.4
2026-09-20 14:35:38,20260920,2,9,4-6-5,932.6
2026-09-20 14:35:38,20260920,2,9,5-1-2,251.4
2026-09-20 14:35:38,20260920,2,9,5-1-3,245.0
2026-09-20 14:35:38,20260920,2,9,5-1-4,380.4
2026-09-20 14:35:38,20260920,2,9,5-1-6,295.0
2026-09-20 14:35:38,20260920,2,9,5-2-1,401.5
2026-09-20 14:35:38,20260920,2,9,5-2-3,344.1
2026-09-20 14:35:38,20260920,2,9,5-2-4,444.8
2026-09-20 14:35:38,20260920,2,9,5-2-6,272.7
2026-09-20 14:35:38,20260920,2,9,5-3-1,238.9
2026-09-20 14:35:38,20260920,2,9,5-3-2,307.5
2026-09-20 14:35:38,20260920,2,9,5-3-4,396.0
2026-09-20 14:35:38,20260920,2,9,5-3-6,265.2
2026-09-20 14:35:38,20260920,2,9,5-4-1,781.4
2026-09-20 14:35:38,20260920,2,9,5-4-2,996.9
2026-09-20 14:35:38,20260920,2,9,5-4-3,628.5
2026-09-20 14:35:38,20260920,2,9,5-4-6,850.3
2026-09-20 14:35:38,20260920,2,9,5-6-1,340.1
2026-09-20 14:35:38,20260920,2,9,5-6-2,556.0
2026-09-20 14:35:38,20260920,2,9,5-6-3,380.4
2026-09-20 14:35:38,20260920,2,9,5-6-4,628.5
2026-09-20 14:35:38,20260920,2,9,6-1-2,39.8
2026-09-20 14:35:38,20260920,2,9,6-1-3,18.7
2026-09-20 14:35:38,20260920,2,9,6-1-4,129.6
2026-09-20 14:35:38,20260920,2,9,6-1-5,108.6
2026-09-20 14:35:38,20260920,2,9,6-2-1,82.3
2026-09-20 14:35:38,20260920,2,9,6-2-3,68.6
2026-09-20 14:35:38,20260920,2,9,6-2-4,295.0
2026-09-20 14:35:38,20260920,2,9,6-2-5,289.1
2026-09-20 14:35:38,20260920,2,9,6-3-1,22.4
2026-09-20 14:35:38,20260920,2,9,6-3-2,43.6
2026-09-20 14:35:38,20260920,2,9,6-3-4,117.5
2026-09-20 14:35:38,20260920,2,9,6-3-5,111.2
2026-09-20 14:35:38,20260920,2,9,6-4-1,275.3
2026-09-20 14:35:38,20260920,2,9,6-4-2,672.3
2026-09-20 14:35:38,20260920,2,9,6-4-3,298.0
2026-09-20 14:35:38,20260920,2,9,6-4-5,722.8
2026-09-20 14:35:38,20260920,2,9,6-5-1,238.9
2026-09-20 14:35:38,20260920,2,9,6-5-2,498.4
2026-09-20 14:35:38,20260920,2,9,6-5-3,245.0
2026-09-20 14:35:38,20260920,2,9,6-5-4,556.0
2026-09-20 14:35:46,20260920,17,9,1-2-3,18.8
2026-09-20 14:35:46,20260920,17,9,1-2-4,17.8
2026-09-20 14:35:46,20260920,17,9,1-2-5,83.3
2026-09-20 14:35:46,20260920,17,9,1-2-6,261.7
2026-09-20 14:35:46,20260920,17,9,1-3-2,18.8
2026-09-20 14:35:46,20260920,17,9,1-3-4,6.1
2026-09-20 14:35:46,20260920,17,9,1-3-5,32.7
2026-09-20 14:35:46,20260920,17,9,1-3-6,155.4
2026-09-20 14:35:46,20260920,17,9,1-4-2,11.6
2026-09-20 14:35:46,20260920,17,9,1-4-3,5.2
2026-09-20 14:35:46,20260920,17,9,1-4-5,15.3
2026-09-20 14:35:46,20260920,17,9,1-4-6,75.2
2026-09-20 14:35:46,20260920,17,9,1-5-2,155.1
2026-09-20 14:35:46,20260920,17,9,1-5-3,87.8
2026-09-20 14:35:46,20260920,17,9,1-5-4,82.8
2026-09-20 14:35:46,20260920,17,9,1-5-6,429.9
2026-09-20 14:35:46,20260920,17,9,1-6-2,443.7
2026-09-20 14:35:46,20260920,17,9,1-6-3,564.5
2026-09-20 14:35:46,20260920,17,9,1-6-4,400.8
2026-09-20 14:35:46,20260920,17,9,1-6-5,829.8
2026-09-20 14:35:46,20260920,17,9,2-1-3,83.2
2026-09-20 14:35:46,20260920,17,9,2-1-4,72.1
2026-09-20 14:35:46,20260920,17,9,2-1-5,262.6
2026-09-20 14:35:46,20260920,17,9,2-1-6,493.9
2026-09-20 14:35:46,20260920,17,9,2-3-1,142.0
2026-09-20 14:35:46,20260920,17,9,2-3-4,204.8
2026-09-20 14:35:46,20260920,17,9,2-3-5,466.2
2026-09-20 14:35:46,20260920,17,9,2-3-6,976.2
2026-09-20 14:35:46,20260920,17,9,2-4-1,135.8
2026-09-20 14:35:46,20260920,17,9,2-4-3,256.9
2026-09-20 14:35:46,20260920,17,9,2-4-5,545.9
2026-09-20 14:35:46,20260920,17,9,2-4-6,790.3
2026-09-20 14:35:46,20260920,17,9,2-5-1,663.8
2026-09-20 14:35:46,20260920,17,9,2-5-3,680.1
2026-09-20 14:35:46,20260920,17,9,2-5-4,761.3
2026-09-20 14:35:46,20260920,17,9,2-5-6,1455.0
2026-09-20 14:35:46,20260920,17,9,2-6-1,1803.0
2026-09-20 14:35:46,20260920,17,9,2-6-3,2440.0
2026-09-20 14:35:46,20260920,17,9,2-6-4,1929.0
2026-09-20 14:35:46,20260920,17,9,2-6-5,2676.0
2026-09-20 14:35:46,20260920,17,9,3-1-2,68.9
2026-09-20 14:35:46,20260920,17,9,3-1-4,22.4
2026-09-20 14:35:46,20260920,17,9,3-1-5,80.9
2026-09-20 14:35:46,20260920,17,9,3-1-6,320.4
2026-09-20 14:35:46,20260920,17,9,3-2-1,143.5
2026-09-20 14:35:46,20260920,17,9,3-2-4,172.8
2026-09-20 14:35:46,20260920,17,9,3-2-5,317.9
2026-09-20 14:35:46,20260920,17,9,3-2-6,663.8
2026-09-20 14:35:46,20260920,17,9,3-4-1,31.8
2026-09-20 14:35:46,20260920,17,9,3-4-2,148.4
2026-09-20 14:35:46,20260920,17,9,3-4-5,107.4
2026-09-20 14:35:46,20260920,17,9,3-4-6,389.5
2026-09-20 14:35:46,20260920,17,9,3-5-1,290.1
2026-09-20 14:35:46,20260920,17,9,3-5-2,395.1
2026-09-20 14:35:46,20260920,17,9,3-5-4,333.2
2026-09-20 14:35:46,20260920,17,9,3-5-6,1202.0
2026-09-20 14:35:46,20260920,17,9,3-6-1,1296.0
2026-09-20 14:35:46,20260920,17,9,3-6-2,1238.0
2026-09-20 14:35:46,20260920,17,9,3-6-4,1024.0
2026-09-20 14:35:46,20260920,17,9,3-6-5,1565.0
2026-09-20 14:35:46,20260920,17,9,4-1-2,24.4
2026-09-20 14:35:46,20260920,17,9,4-1-3,13.6
2026-09-20 14:35:46,20260920,17,9,4-1-5,25.3
2026-09-20 14:35:46,20260920,17,9,4-1-6,103.8
2026-09-20 14:35:46,20260920,17,9,4-2-1,78.5
2026-09-20 14:35:46,20260920,17,9,4-2-3,150.3
2026-09-20 14:35:46,20260920,17,9,4-2-5,210.6
2026-09-20 14:35:46,20260920,17,9,4-2-6,499.9
2026-09-20 14:35:46,20260920,17,9,4-3-1,29.2
2026-09-20 14:35:46,20260920,17,9,4-3-2,114.1
2026-09-20 14:35:46,20260920,17,9,4-3-5,91.7
2026-09-20 14:35:46,20260920,17,9,4-3-6,283.2
2026-09-20 14:35:46,20260920,17,9,4-5-1,59.2
2026-09-20 14:35:46,20260920,17,9,4-5-2,168.3
2026-09-20 14:35:46,20260920,17,9,4-5-3,106.5
2026-09-20 14:35:46,20260920,17,9,4-5-6,195.2
2026-09-20 14:35:46,20260920,17,9,4-6-1,385.9
2026-09-20 14:35:46,20260920,17,9,4-6-2,580.3
2026-09-20 14:35:46,20260920,17,9,4-6-3,538.8
2026-09-20 14:35:46,20260920,17,9,4-6-5,408.7
2026-09-20 14:35:46,20260920,17,9,5-1-2,468.8
2026-09-20 14:35:46,20260920,17,9,5-1-3,345.7
2026-09-20 14:35:46,20260920,17,9,5-1-4,228.6
2026-09-20 14:35:46,20260920,17,9,5-1-6,1050.0
2026-09-20 14:35:46,20260920,17,9,5-2-1,691.5
2026-09-20 14:35:46,20260920,17,9,5-2-3,663.8
2026-09-20 14:35:46,20260920,17,9,5-2-4,648.3
2026-09-20 14:35:46,20260920,17,9,5-2-6,1317.0
2026-09-20 14:35:46,20260920,17,9,5-3-1,429.9
2026-09-20 14:35:46,20260920,17,9,5-3-2,901.9
2026-09-20 14:35:46,20260920,17,9,5-3-4,576.2
2026-09-20 14:35:46,20260920,17,9,5-3-6,1455.0
2026-09-20 14:35:46,20260920,17,9,5-4-1,239.1
2026-09-20 14:35:46,20260920,17,9,5-4-2,805.6
2026-09-20 14:35:46,20260920,17,9,5-4-3,488.1
2026-09-20 14:35:46,20260920,17,9,5-4-6,790.3
2026-09-20 14:35:46,20260920,17,9,5-6-1,2305.0
2026-09-20 14:35:46,20260920,17,9,5-6-2,1885.0
2026-09-20 14:35:46,20260920,17,9,5-6-3,1765.0
2026-09-20 14:35:46,20260920,17,9,5-6-4,922.0
2026-09-20 14:35:46,20260920,17,9,6-1-2,1136.0
2026-09-20 14:35:46,20260920,17,9,6-1-3,1430.0
2026-09-20 14:35:46,20260920,17,9,6-1-4,987.9
2026-09-20 14:35:46,20260920,17,9,6-1-5,2440.0
2026-09-20 14:35:46,20260920,17,9,6-2-1,2242.0
2026-09-20 14:35:46,20260920,17,9,6-2-3,2242.0
2026-09-20 14:35:46,20260920,17,9,6-2-4,1565.0
2026-09-20 14:35:46,20260920,17,9,6-2-5,3607.0
2026-09-20 14:35:46,20260920,17,9,6-3-1,1765.0
2026-09-20 14:35:46,20260920,17,9,6-3-2,2127.0
2026-09-20 14:35:46,20260920,17,9,6-3-4,1693.0
2026-09-20 14:35:46,20260920,17,9,6-3-5,2676.0
2026-09-20 14:35:46,20260920,17,9,6-4-1,1077.0
2026-09-20 14:35:46,20260920,17,9,6-4-2,1975.0
2026-09-20 14:35:46,20260920,17,9,6-4-3,2370.0
2026-09-20 14:35:46,20260920,17,9,6-4-5,1276.0
2026-09-20 14:35:46,20260920,17,9,6-5-1,2676.0
2026-09-20 14:35:46,20260920,17,9,6-5-2,3457.0
2026-09-20 14:35:46,20260920,17,9,6-5-3,2127.0
2026-09-20 14:35:46,20260920,17,9,6-5-4,1220.0
2026-09-20 14:41:07,20260920,3,9,1-2-3,15.0
2026-09-20 14:41:07,20260920,3,9,1-2-4,15.5
2026-09-20 14:41:07,20260920,3,9,1-2-5,38.4
2026-09-20 14:41:07,20260920,3,9,1-2-6,33.2
2026-09-20 14:41:07,20260920,3,9,1-3-2,16.8
2026-09-20 14:41:07,20260920,3,9,1-3-4,27.8
2026-09-20 14:41:07,20260920,3,9,1-3-5,34.1
2026-09-20 14:41:07,20260920,3,9,1-3-6,31.4
2026-09-20 14:41:07,20260920,3,9,1-4-2,21.5
2026-09-20 14:41:07,20260920,3,9,1-4-3,47.4
2026-09-20 14:41:07,20260920,3,9,1-4-5,25.5
2026-09-20 14:41:07,20260920,3,9,1-4-6,82.4
2026-09-20 14:41:07,20260920,3,9,1-5-2,106.8
2026-09-20 14:41:07,20260920,3,9,1-5-3,148.4
2026-09-20 14:41:07,20260920,3,9,1-5-4,31.4
2026-09-20 14:41:07,20260920,3,9,1-5-6,165.9
2026-09-20 14:41:07,20260920,3,9,1-6-2,82.9
2026-09-20 14:41:07,20260920,3,9,1-6-3,65.9
2026-09-20 14:41:07,20260920,3,9,1-6-4,121.5
2026-09-20 14:41:07,20260920,3,9,1-6-5,227.4
2026-09-20 14:41:07,20260920,3,9,2-1-3,23.5
2026-09-20 14:41:07,20260920,3,9,2-1-4,35.0
2026-09-20 14:41:07,20260920,3,9,2-1-5,47.8
2026-09-20 14:41:07,20260920,3,9,2-1-6,50.7
2026-09-20 14:41:07,20260920,3,9,2-3-1,21.5
2026-09-20 14:41:07,20260920,3,9,2-3-4,47.9
2026-09-20 14:41:07,20260920,3,9,2-3-5,154.9
2026-09-20 14:41:07,20260920,3,9,2-3-6,40.9
2026-09-20 14:41:07,20260920,3,9,2-4-1,49.8
2026-09-20 14:41:07,20260920,3,9,2-4-3,83.4
2026-09-20 14:41:07,20260920,3,9,2-4-5,193.1
2026-09-20 14:41:07,20260920,3,9,2-4-6,106.8
2026-09-20 14:41:07,20260920,3,9,2-5-1,220.3
2026-09-20 14:41:07,20260920,3,9,2-5-3,391.7
2026-09-20 14:41:07,20260920,3,9,2-5-4,381.1
2026-09-20 14:41:07,20260920,3,9,2-5-6,207.3
2026-09-20 14:41:07,20260920,3,9,2-6-1,150.0
2026-09-20 14:41:07,20260920,3,9,2-6-3,111.0
2026-09-20 14:41:07,20260920,3,9,2-6-4,195.8
2026-09-20 14:41:07,20260920,3,9,2-6-5,287.8
2026-09-20 14:41:07,20260920,3,9,3-1-2,29.2
2026-09-20 14:41:07,20260920,3,9,3-1-4,41.8
2026-09-20 14:41:07,20260920,3,9,3-1-5,91.5
2026-09-20 14:41:07,20260920,3,9,3-1-6,40.1
2026-09-20 14:41:07,20260920,3,9,3-2-1,35.3
2026-09-20 14:41:07,20260920,3,9,3-2-4,50.0
2026-09-20 14:41:07,20260920,3,9,3-2-5,111.9
2026-09-20 14:41:07,20260920,3,9,3-2-6,39.8
2026-09-20 14:41:07,20260920,3,9,3-4-1,95.9
2026-09-20 14:41:07,20260920,3,9,3-4-2,86.5
2026-09-20 14:41:07,20260920,3,9,3-4-5,129.3
2026-09-20 14:41:07,20260920,3,9,3-4-6,87.5
2026-09-20 14:41:07,20260920,3,9,3-5-1,183.1
2026-09-20 14:41:07,20260920,3,9,3-5-2,162.1
2026-09-20 14:41:07,20260920,3,9,3-5-4,231.1
2026-09-20 14:41:07,20260920,3,9,3-5-6,148.4
2026-09-20 14:41:07,20260920,3,9,3-6-1,113.7
2026-09-20 14:41:07,20260920,3,9,3-6-2,97.9
2026-09-20 14:41:07,20260920,3,9,3-6-4,135.6
2026-09-20 14:41:07,20260920,3,9,3-6-5,153.2
2026-09-20 14:41:07,20260920,3,9,4-1-2,68.7
2026-09-20 14:41:07,20260920,3,9,4-1-3,201.4
2026-09-20 14:41:07,20260920,3,9,4-1-5,178.5
2026-09-20 14:41:07,20260920,3,9,4-1-6,276.5
2026-09-20 14:41:07,20260920,3,9,4-2-1,84.9
2026-09-20 14:41:07,20260920,3,9,4-2-3,158.4
2026-09-20 14:41:07,20260920,3,9,4-2-5,391.7
2026-09-20 14:41:07,20260920,3,9,4-2-6,243.1
2026-09-20 14:41:07,20260920,3,9,4-3-1,180.8
2026-09-20 14:41:07,20260920,3,9,4-3-2,158.4
2026-09-20 14:41:07,20260920,3,9,4-3-5,470.1
2026-09-20 14:41:07,20260920,3,9,4-3-6,243.1
2026-09-20 14:41:07,20260920,3,9,4-5-1,207.3
2026-09-20 14:41:07,20260920,3,9,4-5-2,306.5
2026-09-20 14:41:07,20260920,3,9,4-5-3,381.1
2026-09-20 14:41:07,20260920,3,9,4-5-6,235.0
2026-09-20 14:41:07,20260920,3,9,4-6-1,313.4
2026-09-20 14:41:07,20260920,3,9,4-6-2,231.1
2026-09-20 14:41:07,20260920,3,9,4-6-3,327.9
2026-09-20 14:41:07,20260920,3,9,4-6-5,352.5
2026-09-20 14:41:07,20260920,3,9,5-1-2,193.1
2026-09-20 14:41:07,20260920,3,9,5-1-3,361.6
2026-09-20 14:41:07,20260920,3,9,5-1-4,313.4
2026-09-20 14:41:07,20260920,3,9,5-1-6,327.9
2026-09-20 14:41:07,20260920,3,9,5-2-1,320.5
2026-09-20 14:41:07,20260920,3,9,5-2-3,427.3
2026-09-20 14:41:07,20260920,3,9,5-2-4,239.0
2026-09-20 14:41:07,20260920,3,9,5-2-6,271.2
2026-09-20 14:41:07,20260920,3,9,5-3-1,587.6
2026-09-20 14:41:07,20260920,3,9,5-3-2,613.1
2026-09-20 14:41:07,20260920,3,9,5-3-4,881.4
2026-09-20 14:41:07,20260920,3,9,5-3-6,261.1
2026-09-20 14:41:07,20260920,3,9,5-4-1,440.7
2026-09-20 14:41:07,20260920,3,9,5-4-2,542.4
2026-09-20 14:41:07,20260920,3,9,5-4-3,881.4
2026-09-20 14:41:07,20260920,3,9,5-4-6,402.9
2026-09-20 14:41:07,20260920,3,9,5-6-1,542.4
2026-09-20 14:41:07,20260920,3,9,5-6-2,440.7
2026-09-20 14:41:07,20260920,3,9,5-6-3,486.3
2026-09-20 14:41:07,20260920,3,9,5-6-4,352.5
2026-09-20 14:41:07,20260920,3,9,6-1-2,165.9
2026-09-20 14:41:07,20260920,3,9,6-1-3,239.0
2026-09-20 14:41:07,20260920,3,9,6-1-4,440.7
2026-09-20 14:41:07,20260920,3,9,6-1-5,587.6
2026-09-20 14:41:07,20260920,3,9,6-2-1,335.7
2026-09-20 14:41:07,20260920,3,9,6-2-3,185.5
2026-09-20 14:41:07,20260920,3,9,6-2-4,454.9
2026-09-20 14:41:07,20260920,3,9,6-2-5,440.7
2026-09-20 14:41:07,20260920,3,9,6-3-1,266.0
2026-09-20 14:41:07,20260920,3,9,6-3-2,216.9
2026-09-20 14:41:07,20260920,3,9,6-3-4,371.1
2026-09-20 14:41:07,20260920,3,9,6-3-5,440.7
2026-09-20 14:41:07,20260920,3,9,6-4-1,440.7
2026-09-20 14:41:07,20260920,3,9,6-4-2,503.6
2026-09-20 14:41:07,20260920,3,9,6-4-3,522.3
2026-09-20 14:41:07,20260920,3,9,6-4-5,402.9
2026-09-20 14:41:07,20260920,3,9,6-5-1,470.1
2026-09-20 14:41:07,20260920,3,9,6-5-2,486.3
2026-09-20 14:41:07,20260920,3,9,6-5-3,641.0
2026-09-20 14:41:07,20260920,3,9,6-5-4,470.1
2026-09-20 14:51:39,20260920,6,8,1-2-3,22.2
2026-09-20 14:51:39,20260920,6,8,1-2-4,18.8
2026-09-20 14:51:39,20260920,6,8,1-2-5,76.8
2026-09-20 14:51:39,20260920,6,8,1-2-6,89.7
2026-09-20 14:51:39,20260920,6,8,1-3-2,19.4
2026-09-20 14:51:39,20260920,6,8,1-3-4,8.9
2026-09-20 14:51:39,20260920,6,8,1-3-5,26.6
2026-09-20 14:51:39,20260920,6,8,1-3-6,71.2
2026-09-20 14:51:39,20260920,6,8,1-4-2,16.4
2026-09-20 14:51:39,20260920,6,8,1-4-3,11.0
2026-09-20 14:51:39,20260920,6,8,1-4-5,21.6
2026-09-20 14:51:39,20260920,6,8,1-4-6,33.5
2026-09-20 14:51:39,20260920,6,8,1-5-2,59.3
2026-09-20 14:51:39,20260920,6,8,1-5-3,42.4
2026-09-20 14:51:39,20260920,6,8,1-5-4,48.3
2026-09-20 14:51:39,20260920,6,8,1-5-6,136.7
2026-09-20 14:51:39,20260920,6,8,1-6-2,158.8
2026-09-20 14:51:39,20260920,6,8,1-6-3,154.7
2026-09-20 14:51:39,20260920,6,8,1-6-4,138.3
2026-09-20 14:51:39,20260920,6,8,1-6-5,221.8
2026-09-20 14:51:39,20260920,6,8,2-1-3,66.0
2026-09-20 14:51:39,20260920,6,8,2-1-4,61.5
2026-09-20 14:51:39,20260920,6,8,2-1-5,143.3
2026-09-20 14:51:39,20260920,6,8,2-1-6,217.7
2026-09-20 14:51:39,20260920,6,8,2-3-1,136.7
2026-09-20 14:51:39,20260920,6,8,2-3-4,119.9
2026-09-20 14:51:39,20260920,6,8,2-3-5,230.5
2026-09-20 14:51:39,20260920,6,8,2-3-6,286.7
2026-09-20 14:51:39,20260920,6,8,2-4-1,121.2
2026-09-20 14:51:39,20260920,6,8,2-4-3,143.3
2026-09-20 14:51:39,20260920,6,8,2-4-5,239.9
2026-09-20 14:51:39,20260920,6,8,2-4-6,309.4
2026-09-20 14:51:39,20260920,6,8,2-5-1,345.8
2026-09-20 14:51:39,20260920,6,8,2-5-3,309.4
2026-09-20 14:51:39,20260920,6,8,2-5-4,317.7
2026-09-20 14:51:39,20260920,6,8,2-5-6,452.2
2026-09-20 14:51:39,20260920,6,8,2-6-1,559.8
2026-09-20 14:51:39,20260920,6,8,2-6-3,618.8
2026-09-20 14:51:39,20260920,6,8,2-6-4,452.2
2026-09-20 14:51:39,20260920,6,8,2-6-5,839.8
2026-09-20 14:51:39,20260920,6,8,3-1-2,72.5
2026-09-20 14:51:39,20260920,6,8,3-1-4,26.7
2026-09-20 14:51:39,20260920,6,8,3-1-5,48.1
2026-09-20 14:51:39,20260920,6,8,3-1-6,158.8
2026-09-20 14:51:39,20260920,6,8,3-2-1,108.8
2026-09-20 14:51:39,20260920,6,8,3-2-4,127.8
2026-09-20 14:51:39,20260920,6,8,3-2-5,161.0
2026-09-20 14:51:39,20260920,6,8,3-2-6,244.9
2026-09-20 14:51:39,20260920,6,8,3-4-1,37.3
2026-09-20 14:51:39,20260920,6,8,3-4-2,113.0
2026-09-20 14:51:39,20260920,6,8,3-4-5,71.2
2026-09-20 14:51:39,20260920,6,8,3-4-6,122.4
2026-09-20 14:51:39,20260920,6,8,3-5-1,87.7
2026-09-20 14:51:39,20260920,6,8,3-5-2,130.6
2026-09-20 14:51:39,20260920,6,8,3-5-4,113.0
2026-09-20 14:51:39,20260920,6,8,3-5-6,199.2
2026-09-20 14:51:39,20260920,6,8,3-6-1,587.8
2026-09-20 14:51:39,20260920,6,8,3-6-2,345.8
2026-09-20 14:51:39,20260920,6,8,3-6-4,293.9
2026-09-20 14:51:39,20260920,6,8,3-6-5,309.4
2026-09-20 14:51:39,20260920,6,8,4-1-2,34.8
2026-09-20 14:51:39,20260920,6,8,4-1-3,28.3
2026-09-20 14:51:39,20260920,6,8,4-1-5,40.6
2026-09-20 14:51:39,20260920,6,8,4-1-6,99.6
2026-09-20 14:51:39,20260920,6,8,4-2-1,80.5
2026-09-20 14:51:39,20260920,6,8,4-2-3,89.0
2026-09-20 14:51:39,20260920,6,8,4-2-5,195.9
2026-09-20 14:51:39,20260920,6,8,4-2-6,217.7
2026-09-20 14:51:39,20260920,6,8,4-3-1,41.8
2026-09-20 14:51:39,20260920,6,8,4-3-2,122.4
2026-09-20 14:51:39,20260920,6,8,4-3-5,76.3
2026-09-20 14:51:39,20260920,6,8,4-3-6,152.6
2026-09-20 14:51:39,20260920,6,8,4-5-1,69.9
2026-09-20 14:51:39,20260920,6,8,4-5-2,213.7
2026-09-20 14:51:39,20260920,6,8,4-5-3,143.3
2026-09-20 14:51:39,20260920,6,8,4-5-6,189.6
2026-09-20 14:51:39,20260920,6,8,4-6-1,335.9
2026-09-20 14:51:39,20260920,6,8,4-6-2,419.9
2026-09-20 14:51:39,20260920,6,8,4-6-3,261.2
2026-09-20 14:51:39,20260920,6,8,4-6-5,405.4
2026-09-20 14:51:39,20260920,6,8,5-1-2,133.6
2026-09-20 14:51:39,20260920,6,8,5-1-3,103.1
2026-09-20 14:51:39,20260920,6,8,5-1-4,80.5
2026-09-20 14:51:39,20260920,6,8,5-1-6,178.1
2026-09-20 14:51:39,20260920,6,8,5-2-1,345.8
2026-09-20 14:51:39,20260920,6,8,5-2-3,286.7
2026-09-20 14:51:39,20260920,6,8,5-2-4,267.2
2026-09-20 14:51:39,20260920,6,8,5-2-6,189.6
2026-09-20 14:51:39,20260920,6,8,5-3-1,170.4
2026-09-20 14:51:39,20260920,6,8,5-3-2,286.7
2026-09-20 14:51:39,20260920,6,8,5-3-4,213.7
2026-09-20 14:51:39,20260920,6,8,5-3-6,175.4
2026-09-20 14:51:39,20260920,6,8,5-4-1,99.6
2026-09-20 14:51:39,20260920,6,8,5-4-2,217.7
2026-09-20 14:51:39,20260920,6,8,5-4-3,165.6
2026-09-20 14:51:39,20260920,6,8,5-4-6,186.6
2026-09-20 14:51:39,20260920,6,8,5-6-1,559.8
2026-09-20 14:51:39,20260920,6,8,5-6-2,653.2
2026-09-20 14:51:39,20260920,6,8,5-6-3,511.2
2026-09-20 14:51:39,20260920,6,8,5-6-4,534.4
2026-09-20 14:51:39,20260920,6,8,6-1-2,391.9
2026-09-20 14:51:39,20260920,6,8,6-1-3,452.2
2026-09-20 14:51:39,20260920,6,8,6-1-4,587.8
2026-09-20 14:51:39,20260920,6,8,6-1-5,783.8
2026-09-20 14:51:39,20260920,6,8,6-2-1,534.4
2026-09-20 14:51:39,20260920,6,8,6-2-3,653.2
2026-09-20 14:51:39,20260920,6,8,6-2-4,691.6
2026-09-20 14:51:39,20260920,6,8,6-2-5,1175.0
2026-09-20 14:51:39,20260920,6,8,6-3-1,904.4
2026-09-20 14:51:39,20260920,6,8,6-3-2,587.8
2026-09-20 14:51:39,20260920,6,8,6-3-4,367.4
2026-09-20 14:51:39,20260920,6,8,6-3-5,653.2
2026-09-20 14:51:39,20260920,6,8,6-4-1,489.9
2026-09-20 14:51:39,20260920,6,8,6-4-2,587.8
2026-09-20 14:51:39,20260920,6,8,6-4-3,979.8
2026-09-20 14:51:39,20260920,6,8,6-4-5,1175.0
2026-09-20 14:51:39,20260920,6,8,6-5-1,691.6
2026-09-20 14:51:39,20260920,6,8,6-5-2,904.4
2026-09-20 14:51:39,20260920,6,8,6-5-3,734.8
2026-09-20 14:51:39,20260920,6,8,6-5-4,904.4
2026-09-20 14:51:50,20260920,13,10,1-2-3,4.7
2026-09-20 14:51:50,20260920,13,10,1-2-4,6.5
2026-09-20 14:51:50,20260920,13,10,1-2-5,11.5
2026-09-20 14:51:50,20260920,13,10,1-2-6,64.0
2026-09-20 14:51:50,20260920,13,10,1-3-2,10.3
2026-09-20 14:51:50,20260920,13,10,1-3-4,14.1
2026-09-20 14:51:50,20260920,13,10,1-3-5,15.3
2026-09-20 14:51:50,20260920,13,10,1-3-6,80.4
2026-09-20 14:51:50,20260920,13,10,1-4-2,14.8
2026-09-20 14:51:50,20260920,13,10,1-4-3,20.8
2026-09-20 14:51:50,20260920,13,10,1-4-5,22.8
2026-09-20 14:51:50,20260920,13,10,1-4-6,88.8
2026-09-20 14:51:50,20260920,13,10,1-5-2,25.1
2026-09-20 14:51:50,20260920,13,10,1-5-3,28.1
2026-09-20 14:51:50,20260920,13,10,1-5-4,37.4
2026-09-20 14:51:50,20260920,13,10,1-5-6,117.7
2026-09-20 14:51:50,20260920,13,10,1-6-2,162.9
2026-09-20 14:51:50,20260920,13,10,1-6-3,170.6
2026-09-20 14:51:50,20260920,13,10,1-6-4,177.6
2026-09-20 14:51:50,20260920,13,10,1-6-5,267.5
2026-09-20 14:51:50,20260920,13,10,2-1-3,45.7
2026-09-20 14:51:50,20260920,13,10,2-1-4,57.5
2026-09-20 14:51:50,20260920,13,10,2-1-5,81.0
2026-09-20 14:51:50,20260920,13,10,2-1-6,346.7
2026-09-20 14:51:50,20260920,13,10,2-3-1,164.8
2026-09-20 14:51:50,20260920,13,10,2-3-4,344.0
2026-09-20 14:51:50,20260920,13,10,2-3-5,301.0
2026-09-20 14:51:50,20260920,13,10,2-3-6,1171.0
2026-09-20 14:51:50,20260920,13,10,2-4-1,215.6
2026-09-20 14:51:50,20260920,13,10,2-4-3,316.4
2026-09-20 14:51:50,20260920,13,10,2-4-5,401.3
2026-09-20 14:51:50,20260920,13,10,2-4-6,788.1
2026-09-20 14:51:50,20260920,13,10,2-5-1,259.5
2026-09-20 14:51:50,20260920,13,10,2-5-3,504.0
2026-09-20 14:51:50,20260920,13,10,2-5-4,688.0
2026-09-20 14:51:50,20260920,13,10,2-5-6,1057.0
2026-09-20 14:51:50,20260920,13,10,2-6-1,1354.0
2026-09-20 14:51:50,20260920,13,10,2-6-3,1494.0
2026-09-20 14:51:50,20260920,13,10,2-6-4,1313.0
2026-09-20 14:51:50,20260920,13,10,2-6-5,1605.0
2026-09-20 14:51:50,20260920,13,10,3-1-2,103.4
2026-09-20 14:51:50,20260920,13,10,3-1-4,86.3
2026-09-20 14:51:50,20260920,13,10,3-1-5,84.8
2026-09-20 14:51:50,20260920,13,10,3-1-6,387.0
2026-09-20 14:51:50,20260920,13,10,3-2-1,220.0
2026-09-20 14:51:50,20260920,13,10,3-2-4,416.8
2026-09-20 14:51:50,20260920,13,10,3-2-5,270.9
2026-09-20 14:51:50,20260920,13,10,3-2-6,817.8
2026-09-20 14:51:50,20260920,13,10,3-4-1,203.5
2026-09-20 14:51:50,20260920,13,10,3-4-2,367.3
2026-09-20 14:51:50,20260920,13,10,3-4-5,330.9
2026-09-20 14:51:50,20260920,13,10,3-4-6,628.2
2026-09-20 14:51:50,20260920,13,10,3-5-1,208.4
2026-09-20 14:51:50,20260920,13,10,3-5-2,376.9
2026-09-20 14:51:50,20260920,13,10,3-5-4,380.2
2026-09-20 14:51:50,20260920,13,10,3-5-6,788.1
2026-09-20 14:51:50,20260920,13,10,3-6-1,1171.0
2026-09-20 14:51:50,20260920,13,10,3-6-2,1605.0
2026-09-20 14:51:50,20260920,13,10,3-6-4,1274.0
2026-09-20 14:51:50,20260920,13,10,3-6-5,734.7
2026-09-20 14:51:50,20260920,13,10,4-1-2,82.7
2026-09-20 14:51:50,20260920,13,10,4-1-3,117.4
2026-09-20 14:51:50,20260920,13,10,4-1-5,84.1
2026-09-20 14:51:50,20260920,13,10,4-1-6,203.5
2026-09-20 14:51:50,20260920,13,10,4-2-1,231.8
2026-09-20 14:51:50,20260920,13,10,4-2-3,416.8
2026-09-20 14:51:50,20260920,13,10,4-2-5,338.6
2026-09-20 14:51:50,20260920,13,10,4-2-6,710.6
2026-09-20 14:51:50,20260920,13,10,4-3-1,267.5
2026-09-20 14:51:50,20260920,13,10,4-3-2,562.9
2026-09-20 14:51:50,20260920,13,10,4-3-5,394.0
2026-09-20 14:51:50,20260920,13,10,4-3-6,903.0
2026-09-20 14:51:50,20260920,13,10,4-5-1,122.1
2026-09-20 14:51:50,20260920,13,10,4-5-2,188.4
2026-09-20 14:51:50,20260920,13,10,4-5-3,254.9
2026-09-20 14:51:50,20260920,13,10,4-5-6,242.1
2026-09-20 14:51:50,20260920,13,10,4-6-1,722.4
2026-09-20 14:51:50,20260920,13,10,4-6-2,849.9
2026-09-20 14:51:50,20260920,13,10,4-6-3,1204.0
2026-09-20 14:51:50,20260920,13,10,4-6-5,903.0
2026-09-20 14:51:50,20260920,13,10,5-1-2,118.1
2026-09-20 14:51:50,20260920,13,10,5-1-3,137.6
2026-09-20 14:51:50,20260920,13,10,5-1-4,131.7
2026-09-20 14:51:50,20260920,13,10,5-1-6,205.4
2026-09-20 14:51:50,20260920,13,10,5-2-1,341.3
2026-09-20 14:51:50,20260920,13,10,5-2-3,498.2
2026-09-20 14:51:50,20260920,13,10,5-2-4,656.7
2026-09-20 14:51:50,20260920,13,10,5-2-6,942.3
2026-09-20 14:51:50,20260920,13,10,5-3-1,323.4
2026-09-20 14:51:50,20260920,13,10,5-3-2,760.5
2026-09-20 14:51:50,20260920,13,10,5-3-4,963.3
2026-09-20 14:51:50,20260920,13,10,5-3-6,628.2
2026-09-20 14:51:50,20260920,13,10,5-4-1,206.4
2026-09-20 14:51:50,20260920,13,10,5-4-2,249.1
2026-09-20 14:51:50,20260920,13,10,5-4-3,336.0
2026-09-20 14:51:50,20260920,13,10,5-4-6,316.4
2026-09-20 14:51:50,20260920,13,10,5-6-1,942.3
2026-09-20 14:51:50,20260920,13,10,5-6-2,1494.0
2026-09-20 14:51:50,20260920,13,10,5-6-3,884.6
2026-09-20 14:51:50,20260920,13,10,5-6-4,963.3
2026-09-20 14:51:50,20260920,13,10,6-1-2,774.0
2026-09-20 14:51:50,20260920,13,10,6-1-3,1204.0
2026-09-20 14:51:50,20260920,13,10,6-1-4,1605.0
2026-09-20 14:51:50,20260920,13,10,6-1-5,1884.0
2026-09-20 14:51:50,20260920,13,10,6-2-1,1605.0
2026-09-20 14:51:50,20260920,13,10,6-2-3,1970.0
2026-09-20 14:51:50,20260920,13,10,6-2-4,1548.0
2026-09-20 14:51:50,20260920,13,10,6-2-5,2167.0
2026-09-20 14:51:50,20260920,13,10,6-3-1,1548.0
2026-09-20 14:51:50,20260920,13,10,6-3-2,2549.0
2026-09-20 14:51:50,20260920,13,10,6-3-4,1970.0
2026-09-20 14:51:50,20260920,13,10,6-3-5,1806.0
2026-09-20 14:51:50,20260920,13,10,6-4-1,1806.0
2026-09-20 14:51:50,20260920,13,10,6-4-2,1204.0
2026-09-20 14:51:50,20260920,13,10,6-4-3,2408.0
2026-09-20 14:51:50,20260920,13,10,6-4-5,1806.0
2026-09-20 14:51:50,20260920,13,10,6-5-1,1733.0
2026-09-20 14:51:50,20260920,13,10,6-5-2,2167.0
2026-09-20 14:51:50,20260920,13,10,6-5-3,2167.0
2026-09-20 14:51:50,20260920,13,10,6-5-4,1733.0
2026-09-20 14:57:13,20260920,16,9,1-2-3,36.5
2026-09-20 14:57:13,20260920,16,9,1-2-4,23.1
2026-09-20 14:57:13,20260920,16,9,1-2-5,122.3
2026-09-20 14:57:13,20260920,16,9,1-2-6,29.8
2026-09-20 14:57:13,20260920,16,9,1-3-2,40.8
2026-09-20 14:57:13,20260920,16,9,1-3-4,26.5
2026-09-20 14:57:13,20260920,16,9,1-3-5,85.1
2026-09-20 14:57:13,20260920,16,9,1-3-6,42.6
2026-09-20 14:57:13,20260920,16,9,1-4-2,20.3
2026-09-20 14:57:13,20260920,16,9,1-4-3,20.6
2026-09-20 14:57:13,20260920,16,9,1-4-5,51.2
2026-09-20 14:57:13,20260920,16,9,1-4-6,15.1
2026-09-20 14:57:13,20260920,16,9,1-5-2,225.7
2026-09-20 14:57:13,20260920,16,9,1-5-3,137.5
2026-09-20 14:57:13,20260920,16,9,1-5-4,134.4
2026-09-20 14:57:13,20260920,16,9,1-5-6,126.3
2026-09-20 14:57:13,20260920,16,9,1-6-2,33.8
2026-09-20 14:57:13,20260920,16,9,1-6-3,46.1
2026-09-20 14:57:13,20260920,16,9,1-6-4,18.2
2026-09-20 14:57:13,20260920,16,9,1-6-5,94.1
2026-09-20 14:57:13,20260920,16,9,2-1-3,102.8
2026-09-20 14:57:13,20260920,16,9,2-1-4,70.2
2026-09-20 14:57:13,20260920,16,9,2-1-5,213.3
2026-09-20 14:57:13,20260920,16,9,2-1-6,79.3
2026-09-20 14:57:13,20260920,16,9,2-3-1,164.9
2026-09-20 14:57:13,20260920,16,9,2-3-4,181.6
2026-09-20 14:57:13,20260920,16,9,2-3-5,318.5
2026-09-20 14:57:13,20260920,16,9,2-3-6,189.0
2026-09-20 14:57:13,20260920,16,9,2-4-1,121.7
2026-09-20 14:57:13,20260920,16,9,2-4-3,192.1
2026-09-20 14:57:13,20260920,16,9,2-4-5,298.1
2026-09-20 14:57:13,20260920,16,9,2-4-6,103.3
2026-09-20 14:57:13,20260920,16,9,2-5-1,369.1
2026-09-20 14:57:13,20260920,16,9,2-5-3,465.0
2026-09-20 14:57:13,20260920,16,9,2-5-4,381.2
2026-09-20 14:57:13,20260920,16,9,2-5-6,310.0
2026-09-20 14:57:13,20260920,16,9,2-6-1,94.5
2026-09-20 14:57:13,20260920,16,9,2-6-3,186.0
2026-09-20 14:57:13,20260920,16,9,2-6-4,89.0
2026-09-20 14:57:13,20260920,16,9,2-6-5,184.5
2026-09-20 14:57:13,20260920,16,9,3-1-2,119.8
2026-09-20 14:57:13,20260920,16,9,3-1-4,107.6
2026-09-20 14:57:13,20260920,16,9,3-1-5,132.8
2026-09-20 14:57:13,20260920,16,9,3-1-6,134.4
2026-09-20 14:57:13,20260920,16,9,3-2-1,190.6
2026-09-20 14:57:13,20260920,16,9,3-2-4,190.6
2026-09-20 14:57:13,20260920,16,9,3-2-5,327.5
2026-09-20 14:57:13,20260920,16,9,3-2-6,264.2
2026-09-20 14:57:13,20260920,16,9,3-4-1,164.9
2026-09-20 14:57:13,20260920,16,9,3-4-2,244.7
2026-09-20 14:57:13,20260920,16,9,3-4-5,237.2
2026-09-20 14:57:13,20260920,16,9,3-4-6,161.4
2026-09-20 14:57:13,20260920,16,9,3-5-1,221.4
2026-09-20 14:57:13,20260920,16,9,3-5-2,322.9
2026-09-20 14:57:13,20260920,16,9,3-5-4,280.1
2026-09-20 14:57:13,20260920,16,9,3-5-6,363.3
2026-09-20 14:57:13,20260920,16,9,3-6-1,177.5
2026-09-20 14:57:13,20260920,16,9,3-6-2,230.2
2026-09-20 14:57:13,20260920,16,9,3-6-4,142.6
2026-09-20 14:57:13,20260920,16,9,3-6-5,287.0
2026-09-20 14:57:13,20260920,16,9,4-1-2,57.5
2026-09-20 14:57:13,20260920,16,9,4-1-3,52.1
2026-09-20 14:57:13,20260920,16,9,4-1-5,78.5
2026-09-20 14:57:13,20260920,16,9,4-1-6,31.3
2026-09-20 14:57:13,20260920,16,9,4-2-1,119.2
2026-09-20 14:57:13,20260920,16,9,4-2-3,162.6
2026-09-20 14:57:13,20260920,16,9,4-2-5,234.8
2026-09-20 14:57:13,20260920,16,9,4-2-6,105.6
2026-09-20 14:57:13,20260920,16,9,4-3-1,106.6
2026-09-20 14:57:13,20260920,16,9,4-3-2,166.0
2026-09-20 14:57:13,20260920,16,9,4-3-5,183.1
2026-09-20 14:57:13,20260920,16,9,4-3-6,142.6
2026-09-20 14:57:13,20260920,16,9,4-5-1,139.2
2026-09-20 14:57:13,20260920,16,9,4-5-2,310.0
2026-09-20 14:57:13,20260920,16,9,4-5-3,237.2
2026-09-20 14:57:13,20260920,16,9,4-5-6,82.4
2026-09-20 14:57:13,20260920,16,9,4-6-1,39.1
2026-09-20 14:57:13,20260920,16,9,4-6-2,90.4
2026-09-20 14:57:13,20260920,16,9,4-6-3,126.3
2026-09-20 14:57:13,20260920,16,9,4-6-5,94.5
2026-09-20 14:57:13,20260920,16,9,5-1-2,375.0
2026-09-20 14:57:13,20260920,16,9,5-1-3,230.2
2026-09-20 14:57:13,20260920,16,9,5-1-4,234.8
2026-09-20 14:57:13,20260920,16,9,5-1-6,184.5
2026-09-20 14:57:13,20260920,16,9,5-2-1,447.1
2026-09-20 14:57:13,20260920,16,9,5-2-3,484.4
2026-09-20 14:57:13,20260920,16,9,5-2-4,494.7
2026-09-20 14:57:13,20260920,16,9,5-2-6,298.1
2026-09-20 14:57:13,20260920,16,9,5-3-1,261.2
2026-09-20 14:57:13,20260920,16,9,5-3-2,505.5
2026-09-20 14:57:13,20260920,16,9,5-3-4,294.3
2026-09-20 14:57:13,20260920,16,9,5-3-6,363.3
2026-09-20 14:57:13,20260920,16,9,5-4-1,273.5
2026-09-20 14:57:13,20260920,16,9,5-4-2,430.6
2026-09-20 14:57:13,20260920,16,9,5-4-3,327.5
2026-09-20 14:57:13,20260920,16,9,5-4-6,198.7
2026-09-20 14:57:13,20260920,16,9,5-6-1,276.8
2026-09-20 14:57:13,20260920,16,9,5-6-2,213.3
2026-09-20 14:57:13,20260920,16,9,5-6-3,394.1
2026-09-20 14:57:13,20260920,16,9,5-6-4,193.7
2026-09-20 14:57:13,20260920,16,9,6-1-2,39.0
2026-09-20 14:57:13,20260920,16,9,6-1-3,42.9
2026-09-20 14:57:13,20260920,16,9,6-1-4,22.5
2026-09-20 14:57:13,20260920,16,9,6-1-5,72.8
2026-09-20 14:57:13,20260920,16,9,6-2-1,75.4
2026-09-20 14:57:13,20260920,16,9,6-2-3,123.6
2026-09-20 14:57:13,20260920,16,9,6-2-4,71.5
2026-09-20 14:57:13,20260920,16,9,6-2-5,198.7
2026-09-20 14:57:13,20260920,16,9,6-3-1,103.3
2026-09-20 14:57:13,20260920,16,9,6-3-2,173.5
2026-09-20 14:57:13,20260920,16,9,6-3-4,85.8
2026-09-20 14:57:13,20260920,16,9,6-3-5,225.7
2026-09-20 14:57:13,20260920,16,9,6-4-1,31.2
2026-09-20 14:57:13,20260920,16,9,6-4-2,67.9
2026-09-20 14:57:13,20260920,16,9,6-4-3,74.0
2026-09-20 14:57:13,20260920,16,9,6-4-5,85.8
2026-09-20 14:57:13,20260920,16,9,6-5-1,158.1
2026-09-20 14:57:13,20260920,16,9,6-5-2,232.5
2026-09-20 14:57:13,20260920,16,9,6-5-3,255.5
2026-09-20 14:57:13,20260920,16,9,6-5-4,116.8
2026-09-20 15:02:35,20260920,5,10,1-2-3,9.2
2026-09-20 15:02:35,20260920,5,10,1-2-4,9.3
2026-09-20 15:02:35,20260920,5,10,1-2-5,22.0
2026-09-20 15:02:35,20260920,5,10,1-2-6,24.3
2026-09-20 15:02:35,20260920,5,10,1-3-2,14.2
2026-09-20 15:02:35,20260920,5,10,1-3-4,11.9
2026-09-20 15:02:35,20260920,5,10,1-3-5,18.9
2026-09-20 15:02:35,20260920,5,10,1-3-6,25.2
2026-09-20 15:02:35,20260920,5,10,1-4-2,13.5
2026-09-20 15:02:35,20260920,5,10,1-4-3,15.7
2026-09-20 15:02:35,20260920,5,10,1-4-5,15.7
2026-09-20 15:02:35,20260920,5,10,1-4-6,17.7
2026-09-20 15:02:35,20260920,5,10,1-5-2,31.2
2026-09-20 15:02:35,20260920,5,10,1-5-3,31.2
2026-09-20 15:02:35,20260920,5,10,1-5-4,26.3
2026-09-20 15:02:35,20260920,5,10,1-5-6,31.5
2026-09-20 15:02:35,20260920,5,10,1-6-2,51.8
2026-09-20 15:02:35,20260920,5,10,1-6-3,56.2
2026-09-20 15:02:35,20260920,5,10,1-6-4,43.3
2026-09-20 15:02:35,20260920,5,10,1-6-5,56.8
2026-09-20 15:02:35,20260920,5,10,2-1-3,71.4
2026-09-20 15:02:35,20260920,5,10,2-1-4,64.3
2026-09-20 15:02:35,20260920,5,10,2-1-5,129.1
2026-09-20 15:02:35,20260920,5,10,2-1-6,135.3
2026-09-20 15:02:35,20260920,5,10,2-3-1,175.9
2026-09-20 15:02:35,20260920,5,10,2-3-4,304.5
2026-09-20 15:02:35,20260920,5,10,2-3-5,524.0
2026-09-20 15:02:35,20260920,5,10,2-3-6,621.8
2026-09-20 15:02:35,20260920,5,10,2-4-1,172.4
2026-09-20 15:02:35,20260920,5,10,2-4-3,378.3
2026-09-20 15:02:35,20260920,5,10,2-4-5,560.7
2026-09-20 15:02:35,20260920,5,10,2-4-6,487.0
2026-09-20 15:02:35,20260920,5,10,2-5-1,432.4
2026-09-20 15:02:35,20260920,5,10,2-5-3,607.8
2026-09-20 15:02:35,20260920,5,10,2-5-4,756.7
2026-09-20 15:02:35,20260920,5,10,2-5-6,699.5
2026-09-20 15:02:35,20260920,5,10,2-6-1,560.7
2026-09-20 15:02:35,20260920,5,10,2-6-3,1106.0
2026-09-20 15:02:35,20260920,5,10,2-6-4,1008.0
2026-09-20 15:02:35,20260920,5,10,2-6-5,1172.0
2026-09-20 15:02:35,20260920,5,10,3-1-2,121.1
2026-09-20 15:02:35,20260920,5,10,3-1-4,98.6
2026-09-20 15:02:35,20260920,5,10,3-1-5,149.7
2026-09-20 15:02:35,20260920,5,10,3-1-6,213.2
2026-09-20 15:02:35,20260920,5,10,3-2-1,225.9
2026-09-20 15:02:35,20260920,5,10,3-2-4,379.3
2026-09-20 15:02:35,20260920,5,10,3-2-5,461.3
2026-09-20 15:02:35,20260920,5,10,3-2-6,718.2
2026-09-20 15:02:35,20260920,5,10,3-4-1,240.1
2026-09-20 15:02:35,20260920,5,10,3-4-2,473.8
2026-09-20 15:02:35,20260920,5,10,3-4-5,416.0
2026-09-20 15:02:35,20260920,5,10,3-4-6,442.0
2026-09-20 15:02:35,20260920,5,10,3-5-1,378.8
2026-09-20 15:02:35,20260920,5,10,3-5-2,481.5
2026-09-20 15:02:35,20260920,5,10,3-5-4,575.9
2026-09-20 15:02:35,20260920,5,10,3-5-6,721.7
2026-09-20 15:02:35,20260920,5,10,3-6-1,688.2
2026-09-20 15:02:35,20260920,5,10,3-6-2,1312.0
2026-09-20 15:02:35,20260920,5,10,3-6-4,782.6
2026-09-20 15:02:35,20260920,5,10,3-6-5,947.6
2026-09-20 15:02:35,20260920,5,10,4-1-2,82.8
2026-09-20 15:02:35,20260920,5,10,4-1-3,124.6
2026-09-20 15:02:35,20260920,5,10,4-1-5,81.6
2026-09-20 15:02:35,20260920,5,10,4-1-6,97.6
2026-09-20 15:02:35,20260920,5,10,4-2-1,184.3
2026-09-20 15:02:35,20260920,5,10,4-2-3,346.9
2026-09-20 15:02:35,20260920,5,10,4-2-5,415.4
2026-09-20 15:02:35,20260920,5,10,4-2-6,399.7
2026-09-20 15:02:35,20260920,5,10,4-3-1,252.4
2026-09-20 15:02:35,20260920,5,10,4-3-2,457.0
2026-09-20 15:02:35,20260920,5,10,4-3-5,501.0
2026-09-20 15:02:35,20260920,5,10,4-3-6,418.3
2026-09-20 15:02:35,20260920,5,10,4-5-1,140.9
2026-09-20 15:02:35,20260920,5,10,4-5-2,318.6
2026-09-20 15:02:35,20260920,5,10,4-5-3,418.3
2026-09-20 15:02:35,20260920,5,10,4-5-6,190.2
2026-09-20 15:02:35,20260920,5,10,4-6-1,219.7
2026-09-20 15:02:35,20260920,5,10,4-6-2,444.7
2026-09-20 15:02:35,20260920,5,10,4-6-3,560.7
2026-09-20 15:02:35,20260920,5,10,4-6-5,306.7
2026-09-20 15:02:35,20260920,5,10,5-1-2,188.3
2026-09-20 15:02:35,20260920,5,10,5-1-3,194.8
2026-09-20 15:02:35,20260920,5,10,5-1-4,170.1
2026-09-20 15:02:35,20260920,5,10,5-1-6,177.4
2026-09-20 15:02:35,20260920,5,10,5-2-1,492.7
2026-09-20 15:02:35,20260920,5,10,5-2-3,578.2
2026-09-20 15:02:35,20260920,5,10,5-2-4,776.5
2026-09-20 15:02:35,20260920,5,10,5-2-6,606.6
2026-09-20 15:02:35,20260920,5,10,5-3-1,490.2
2026-09-20 15:02:35,20260920,5,10,5-3-2,810.4
2026-09-20 15:02:35,20260920,5,10,5-3-4,1040.0
2026-09-20 15:02:35,20260920,5,10,5-3-6,975.7
2026-09-20 15:02:35,20260920,5,10,5-4-1,269.4
2026-09-20 15:02:35,20260920,5,10,5-4-2,637.9
2026-09-20 15:02:35,20260920,5,10,5-4-3,627.1
2026-09-20 15:02:35,20260920,5,10,5-4-6,329.2
2026-09-20 15:02:35,20260920,5,10,5-6-1,401.9
2026-09-20 15:02:35,20260920,5,10,5-6-2,833.2
2026-09-20 15:02:35,20260920,5,10,5-6-3,915.5
2026-09-20 15:02:35,20260920,5,10,5-6-4,513.1
2026-09-20 15:02:35,20260920,5,10,6-1-2,353.9
2026-09-20 15:02:35,20260920,5,10,6-1-3,432.4
2026-09-20 15:02:35,20260920,5,10,6-1-4,342.1
2026-09-20 15:02:35,20260920,5,10,6-1-5,407.4
2026-09-20 15:02:35,20260920,5,10,6-2-1,663.5
2026-09-20 15:02:35,20260920,5,10,6-2-3,1127.0
2026-09-20 15:02:35,20260920,5,10,6-2-4,1078.0
2026-09-20 15:02:35,20260920,5,10,6-2-5,1262.0
2026-09-20 15:02:35,20260920,5,10,6-3-1,778.5
2026-09-20 15:02:35,20260920,5,10,6-3-2,1210.0
2026-09-20 15:02:35,20260920,5,10,6-3-4,1102.0
2026-09-20 15:02:35,20260920,5,10,6-3-5,1490.0
2026-09-20 15:02:35,20260920,5,10,6-4-1,571.5
2026-09-20 15:02:35,20260920,5,10,6-4-2,1191.0
2026-09-20 15:02:35,20260920,5,10,6-4-3,1205.0
2026-09-20 15:02:35,20260920,5,10,6-4-5,791.0
2026-09-20 15:02:35,20260920,5,10,6-5-1,600.4
2026-09-20 15:02:35,20260920,5,10,6-5-2,1399.0
2026-09-20 15:02:35,20260920,5,10,6-5-3,1586.0
2026-09-20 15:02:35,20260920,5,10,6-5-4,817.1
2026-09-20 15:08:26,20260920,2,10,1-2-3,20.7
2026-09-20 15:08:26,20260920,2,10,1-2-4,104.1
2026-09-20 15:08:26,20260920,2,10,1-2-5,32.5
2026-09-20 15:08:26,20260920,2,10,1-2-6,51.3
2026-09-20 15:08:26,20260920,2,10,1-3-2,20.0
2026-09-20 15:08:26,20260920,2,10,1-3-4,51.8
2026-09-20 15:08:26,20260920,2,10,1-3-5,15.0
2026-09-20 15:08:26,20260920,2,10,1-3-6,25.4
2026-09-20 15:08:26,20260920,2,10,1-4-2,177.4
2026-09-20 15:08:26,20260920,2,10,1-4-3,97.9
2026-09-20 15:08:26,20260920,2,10,1-4-5,113.7
2026-09-20 15:08:26,20260920,2,10,1-4-6,164.4
2026-09-20 15:08:26,20260920,2,10,1-5-2,52.7
2026-09-20 15:08:26,20260920,2,10,1-5-3,31.3
2026-09-20 15:08:26,20260920,2,10,1-5-4,110.2
2026-09-20 15:08:26,20260920,2,10,1-5-6,53.2
2026-09-20 15:08:26,20260920,2,10,1-6-2,90.5
2026-09-20 15:08:26,20260920,2,10,1-6-3,81.8
2026-09-20 15:08:26,20260920,2,10,1-6-4,174.8
2026-09-20 15:08:26,20260920,2,10,1-6-5,101.5
2026-09-20 15:08:26,20260920,2,10,2-1-3,56.3
2026-09-20 15:08:26,20260920,2,10,2-1-4,176.5
2026-09-20 15:08:26,20260920,2,10,2-1-5,77.2
2026-09-20 15:08:26,20260920,2,10,2-1-6,90.9
2026-09-20 15:08:26,20260920,2,10,2-3-1,46.4
2026-09-20 15:08:26,20260920,2,10,2-3-4,65.4
2026-09-20 15:08:26,20260920,2,10,2-3-5,34.2
2026-09-20 15:08:26,20260920,2,10,2-3-6,43.5
2026-09-20 15:08:26,20260920,2,10,2-4-1,273.6
2026-09-20 15:08:26,20260920,2,10,2-4-3,132.2
2026-09-20 15:08:26,20260920,2,10,2-4-5,234.2
2026-09-20 15:08:26,20260920,2,10,2-4-6,328.8
2026-09-20 15:08:26,20260920,2,10,2-5-1,84.7
2026-09-20 15:08:26,20260920,2,10,2-5-3,52.5
2026-09-20 15:08:26,20260920,2,10,2-5-4,208.3
2026-09-20 15:08:26,20260920,2,10,2-5-6,77.9
2026-09-20 15:08:26,20260920,2,10,2-6-1,110.9
2026-09-20 15:08:26,20260920,2,10,2-6-3,76.7
2026-09-20 15:08:26,20260920,2,10,2-6-4,168.2
2026-09-20 15:08:26,20260920,2,10,2-6-5,96.0
2026-09-20 15:08:26,20260920,2,10,3-1-2,34.5
2026-09-20 15:08:26,20260920,2,10,3-1-4,64.2
2026-09-20 15:08:26,20260920,2,10,3-1-5,19.2
2026-09-20 15:08:26,20260920,2,10,3-1-6,31.5
2026-09-20 15:08:26,20260920,2,10,3-2-1,56.0
2026-09-20 15:08:26,20260920,2,10,3-2-4,73.9
2026-09-20 15:08:26,20260920,2,10,3-2-5,35.2
2026-09-20 15:08:26,20260920,2,10,3-2-6,53.0
2026-09-20 15:08:26,20260920,2,10,3-4-1,117.9
2026-09-20 15:08:26,20260920,2,10,3-4-2,113.7
2026-09-20 15:08:26,20260920,2,10,3-4-5,156.5
2026-09-20 15:08:26,20260920,2,10,3-4-6,172.3
2026-09-20 15:08:26,20260920,2,10,3-5-1,25.8
2026-09-20 15:08:26,20260920,2,10,3-5-2,36.0
2026-09-20 15:08:26,20260920,2,10,3-5-4,87.8
2026-09-20 15:08:26,20260920,2,10,3-5-6,31.6
2026-09-20 15:08:26,20260920,2,10,3-6-1,80.0
2026-09-20 15:08:26,20260920,2,10,3-6-2,105.1
2026-09-20 15:08:26,20260920,2,10,3-6-4,190.6
2026-09-20 15:08:26,20260920,2,10,3-6-5,68.4
2026-09-20 15:08:26,20260920,2,10,4-1-2,381.3
2026-09-20 15:08:26,20260920,2,10,4-1-3,222.6
2026-09-20 15:08:26,20260920,2,10,4-1-5,229.7
2026-09-20 15:08:26,20260920,2,10,4-1-6,293.7
2026-09-20 15:08:26,20260920,2,10,4-2-1,471.6
2026-09-20 15:08:26,20260920,2,10,4-2-3,165.9
2026-09-20 15:08:26,20260920,2,10,4-2-5,311.6
2026-09-20 15:08:26,20260920,2,10,4-2-6,477.9
2026-09-20 15:08:26,20260920,2,10,4-3-1,192.7
2026-09-20 15:08:26,20260920,2,10,4-3-2,169.8
2026-09-20 15:08:26,20260920,2,10,4-3-5,243.8
2026-09-20 15:08:26,20260920,2,10,4-3-6,354.8
2026-09-20 15:08:26,20260920,2,10,4-5-1,477.9
2026-09-20 15:08:26,20260920,2,10,4-5-2,426.6
2026-09-20 15:08:26,20260920,2,10,4-5-3,331.8
2026-09-20 15:08:26,20260920,2,10,4-5-6,551.4
2026-09-20 15:08:26,20260920,2,10,4-6-1,465.4
2026-09-20 15:08:26,20260920,2,10,4-6-2,689.2
2026-09-20 15:08:26,20260920,2,10,4-6-3,568.9
2026-09-20 15:08:26,20260920,2,10,4-6-5,663.7
2026-09-20 15:08:26,20260920,2,10,5-1-2,114.1
2026-09-20 15:08:26,20260920,2,10,5-1-3,67.5
2026-09-20 15:08:26,20260920,2,10,5-1-4,209.6
2026-09-20 15:08:26,20260920,2,10,5-1-6,112.3
2026-09-20 15:08:26,20260920,2,10,5-2-1,134.2
2026-09-20 15:08:26,20260920,2,10,5-2-3,96.6
2026-09-20 15:08:26,20260920,2,10,5-2-4,256.0
2026-09-20 15:08:26,20260920,2,10,5-2-6,132.2
2026-09-20 15:08:26,20260920,2,10,5-3-1,66.0
2026-09-20 15:08:26,20260920,2,10,5-3-2,96.8
2026-09-20 15:08:26,20260920,2,10,5-3-4,185.7
2026-09-20 15:08:26,20260920,2,10,5-3-6,79.4
2026-09-20 15:08:26,20260920,2,10,5-4-1,301.1
2026-09-20 15:08:26,20260920,2,10,5-4-2,362.0
2026-09-20 15:08:26,20260920,2,10,5-4-3,303.7
2026-09-20 15:08:26,20260920,2,10,5-4-6,289.0
2026-09-20 15:08:26,20260920,2,10,5-6-1,149.3
2026-09-20 15:08:26,20260920,2,10,5-6-2,189.6
2026-09-20 15:08:26,20260920,2,10,5-6-3,152.5
2026-09-20 15:08:26,20260920,2,10,5-6-4,303.7
2026-09-20 15:08:26,20260920,2,10,6-1-2,203.6
2026-09-20 15:08:26,20260920,2,10,6-1-3,196.9
2026-09-20 15:08:26,20260920,2,10,6-1-4,617.9
2026-09-20 15:08:26,20260920,2,10,6-1-5,338.1
2026-09-20 15:08:26,20260920,2,10,6-2-1,222.6
2026-09-20 15:08:26,20260920,2,10,6-2-3,196.9
2026-09-20 15:08:26,20260920,2,10,6-2-4,421.6
2026-09-20 15:08:26,20260920,2,10,6-2-5,282.2
2026-09-20 15:08:26,20260920,2,10,6-3-1,172.3
2026-09-20 15:08:26,20260920,2,10,6-3-2,192.7
2026-09-20 15:08:26,20260920,2,10,6-3-4,301.1
2026-09-20 15:08:26,20260920,2,10,6-3-5,225.4
2026-09-20 15:08:26,20260920,2,10,6-4-1,689.2
2026-09-20 15:08:26,20260920,2,10,6-4-2,943.2
2026-09-20 15:08:26,20260920,2,10,6-4-3,919.0
2026-09-20 15:08:26,20260920,2,10,6-4-5,968.7
2026-09-20 15:08:26,20260920,2,10,6-5-1,250.6
2026-09-20 15:08:26,20260920,2,10,6-5-2,365.7
2026-09-20 15:08:26,20260920,2,10,6-5-3,291.4
2026-09-20 15:08:26,20260920,2,10,6-5-4,477.9
2026-09-20 15:11:25,20260920,3,10,1-2-3,17.1
2026-09-20 15:11:25,20260920,3,10,1-2-4,93.8
2026-09-20 15:11:25,20260920,3,10,1-2-5,36.6
2026-09-20 15:11:25,20260920,3,10,1-2-6,165.1
2026-09-20 15:11:25,20260920,3,10,1-3-2,13.4
2026-09-20 15:11:25,20260920,3,10,1-3-4,41.3
2026-09-20 15:11:25,20260920,3,10,1-3-5,8.1
2026-09-20 15:11:25,20260920,3,10,1-3-6,91.9
2026-09-20 15:11:25,20260920,3,10,1-4-2,128.1
2026-09-20 15:11:25,20260920,3,10,1-4-3,113.8
2026-09-20 15:11:25,20260920,3,10,1-4-5,40.5
2026-09-20 15:11:25,20260920,3,10,1-4-6,316.9
2026-09-20 15:11:25,20260920,3,10,1-5-2,27.6
2026-09-20 15:11:25,20260920,3,10,1-5-3,14.8
2026-09-20 15:11:25,20260920,3,10,1-5-4,34.0
2026-09-20 15:11:25,20260920,3,10,1-5-6,137.9
2026-09-20 15:11:25,20260920,3,10,1-6-2,229.9
2026-09-20 15:11:25,20260920,3,10,1-6-3,173.7
2026-09-20 15:11:25,20260920,3,10,1-6-4,372.3
2026-09-20 15:11:25,20260920,3,10,1-6-5,350.1
2026-09-20 15:11:25,20260920,3,10,2-1-3,46.1
2026-09-20 15:11:25,20260920,3,10,2-1-4,134.0
2026-09-20 15:11:25,20260920,3,10,2-1-5,84.9
2026-09-20 15:11:25,20260920,3,10,2-1-6,165.1
2026-09-20 15:11:25,20260920,3,10,2-3-1,55.9
2026-09-20 15:11:25,20260920,3,10,2-3-4,186.1
2026-09-20 15:11:25,20260920,3,10,2-3-5,78.1
2026-09-20 15:11:25,20260920,3,10,2-3-6,282.6
2026-09-20 15:11:25,20260920,3,10,2-4-1,296.9
2026-09-20 15:11:25,20260920,3,10,2-4-3,350.1
2026-09-20 15:11:25,20260920,3,10,2-4-5,244.3
2026-09-20 15:11:25,20260920,3,10,2-4-6,499.0
2026-09-20 15:11:25,20260920,3,10,2-5-1,147.5
2026-09-20 15:11:25,20260920,3,10,2-5-3,124.7
2026-09-20 15:11:25,20260920,3,10,2-5-4,478.7
2026-09-20 15:11:25,20260920,3,10,2-5-6,300.7
2026-09-20 15:11:25,20260920,3,10,2-6-1,558.5
2026-09-20 15:11:25,20260920,3,10,2-6-3,689.9
2026-09-20 15:11:25,20260920,3,10,2-6-4,1234.0
2026-09-20 15:11:25,20260920,3,10,2-6-5,499.0
2026-09-20 15:11:25,20260920,3,10,3-1-2,16.2
2026-09-20 15:11:25,20260920,3,10,3-1-4,45.1
2026-09-20 15:11:25,20260920,3,10,3-1-5,9.4
2026-09-20 15:11:25,20260920,3,10,3-1-6,84.3
2026-09-20 15:11:25,20260920,3,10,3-2-1,36.6
2026-09-20 15:11:25,20260920,3,10,3-2-4,94.9
2026-09-20 15:11:25,20260920,3,10,3-2-5,37.8
2026-09-20 15:11:25,20260920,3,10,3-2-6,167.5
2026-09-20 15:11:25,20260920,3,10,3-4-1,130.3
2026-09-20 15:11:25,20260920,3,10,3-4-2,181.8
2026-09-20 15:11:25,20260920,3,10,3-4-5,135.5
2026-09-20 15:11:25,20260920,3,10,3-4-6,234.5
2026-09-20 15:11:25,20260920,3,10,3-5-1,15.9
2026-09-20 15:11:25,20260920,3,10,3-5-2,30.2
2026-09-20 15:11:25,20260920,3,10,3-5-4,80.8
2026-09-20 15:11:25,20260920,3,10,3-5-6,128.8
2026-09-20 15:11:25,20260920,3,10,3-6-1,308.6
2026-09-20 15:11:25,20260920,3,10,3-6-2,282.6
2026-09-20 15:11:25,20260920,3,10,3-6-4,355.4
2026-09-20 15:11:25,20260920,3,10,3-6-5,254.9
2026-09-20 15:11:25,20260920,3,10,4-1-2,397.5
2026-09-20 15:11:25,20260920,3,10,4-1-3,286.0
2026-09-20 15:11:25,20260920,3,10,4-1-5,304.6
2026-09-20 15:11:25,20260920,3,10,4-1-6,689.9
2026-09-20 15:11:25,20260920,3,10,4-2-1,459.9
2026-09-20 15:11:25,20260920,3,10,4-2-3,586.4
2026-09-20 15:11:25,20260920,3,10,4-2-5,601.4
2026-09-20 15:11:25,20260920,3,10,4-2-6,651.5
2026-09-20 15:11:25,20260920,3,10,4-3-1,286.0
2026-09-20 15:11:25,20260920,3,10,4-3-2,521.2
2026-09-20 15:11:25,20260920,3,10,4-3-5,390.9
2026-09-20 15:11:25,20260920,3,10,4-3-6,572.1
2026-09-20 15:11:25,20260920,3,10,4-5-1,344.9
2026-09-20 15:11:25,20260920,3,10,4-5-2,633.9
2026-09-20 15:11:25,20260920,3,10,4-5-3,488.6
2026-09-20 15:11:25,20260920,3,10,4-5-6,355.4
2026-09-20 15:11:25,20260920,3,10,4-6-1,837.7
2026-09-20 15:11:25,20260920,3,10,4-6-2,710.8
2026-09-20 15:11:25,20260920,3,10,4-6-3,902.1
2026-09-20 15:11:25,20260920,3,10,4-6-5,1117.0
2026-09-20 15:11:25,20260920,3,10,5-1-2,55.0
2026-09-20 15:11:25,20260920,3,10,5-1-3,25.9
2026-09-20 15:11:25,20260920,3,10,5-1-4,190.7
2026-09-20 15:11:25,20260920,3,10,5-1-6,143.0
2026-09-20 15:11:25,20260920,3,10,5-2-1,98.1
2026-09-20 15:11:25,20260920,3,10,5-2-3,87.8
2026-09-20 15:11:25,20260920,3,10,5-2-4,279.2
2026-09-20 15:11:25,20260920,3,10,5-2-6,266.5
2026-09-20 15:11:25,20260920,3,10,5-3-1,27.4
2026-09-20 15:11:25,20260920,3,10,5-3-2,64.9
2026-09-20 15:11:25,20260920,3,10,5-3-4,166.3
2026-09-20 15:11:25,20260920,3,10,5-3-6,134.0
2026-09-20 15:11:25,20260920,3,10,5-4-1,384.5
2026-09-20 15:11:25,20260920,3,10,5-4-2,545.5
2026-09-20 15:11:25,20260920,3,10,5-4-3,344.9
2026-09-20 15:11:25,20260920,3,10,5-4-6,601.4
2026-09-20 15:11:25,20260920,3,10,5-6-1,282.6
2026-09-20 15:11:25,20260920,3,10,5-6-2,442.5
2026-09-20 15:11:25,20260920,3,10,5-6-3,234.5
2026-09-20 15:11:25,20260920,3,10,5-6-4,558.5
2026-09-20 15:11:25,20260920,3,10,6-1-2,509.9
2026-09-20 15:11:25,20260920,3,10,6-1-3,651.5
2026-09-20 15:11:25,20260920,3,10,6-1-4,1234.0
2026-09-20 15:11:25,20260920,3,10,6-1-5,868.7
2026-09-20 15:11:25,20260920,3,10,6-2-1,977.3
2026-09-20 15:11:25,20260920,3,10,6-2-3,1379.0
2026-09-20 15:11:25,20260920,3,10,6-2-4,1563.0
2026-09-20 15:11:25,20260920,3,10,6-2-5,733.0
2026-09-20 15:11:25,20260920,3,10,6-3-1,868.7
2026-09-20 15:11:25,20260920,3,10,6-3-2,1303.0
2026-09-20 15:11:25,20260920,3,10,6-3-4,1172.0
2026-09-20 15:11:25,20260920,3,10,6-3-5,633.9
2026-09-20 15:11:25,20260920,3,10,6-4-1,1172.0
2026-09-20 15:11:25,20260920,3,10,6-4-2,1563.0
2026-09-20 15:11:25,20260920,3,10,6-4-3,1234.0
2026-09-20 15:11:25,20260920,3,10,6-4-5,1117.0
2026-09-20 15:11:25,20260920,3,10,6-5-1,808.8
2026-09-20 15:11:25,20260920,3,10,6-5-2,781.9
2026-09-20 15:11:25,20260920,3,10,6-5-3,617.2
2026-09-20 15:11:25,20260920,3,10,6-5-4,902.1
2026-09-20 15:11:34,20260920,15,1,1-2-3,26.7
2026-09-20 15:11:34,20260920,15,1,1-2-4,62.3
2026-09-20 15:11:34,20260920,15,1,1-2-5,94.8
2026-09-20 15:11:34,20260920,15,1,1-2-6,93.1
2026-09-20 15:11:34,20260920,15,1,1-3-2,26.0
2026-09-20 15:11:34,20260920,15,1,1-3-4,25.0
2026-09-20 15:11:34,20260920,15,1,1-3-5,49.7
2026-09-20 15:11:34,20260920,15,1,1-3-6,101.4
2026-09-20 15:11:34,20260920,15,1,1-4-2,65.9
2026-09-20 15:11:34,20260920,15,1,1-4-3,44.5
2026-09-20 15:11:34,20260920,15,1,1-4-5,93.7
2026-09-20 15:11:34,20260920,15,1,1-4-6,168.6
2026-09-20 15:11:34,20260920,15,1,1-5-2,116.9
2026-09-20 15:11:34,20260920,15,1,1-5-3,84.7
2026-09-20 15:11:34,20260920,15,1,1-5-4,148.3
2026-09-20 15:11:34,20260920,15,1,1-5-6,202.8
2026-09-20 15:11:34,20260920,15,1,1-6-2,128.1
2026-09-20 15:11:34,20260920,15,1,1-6-3,225.6
2026-09-20 15:11:34,20260920,15,1,1-6-4,149.7
2026-09-20 15:11:34,20260920,15,1,1-6-5,333.8
2026-09-20 15:11:34,20260920,15,1,2-1-3,64.6
2026-09-20 15:11:34,20260920,15,1,2-1-4,84.7
2026-09-20 15:11:34,20260920,15,1,2-1-5,130.2
2026-09-20 15:11:34,20260920,15,1,2-1-6,246.5
2026-09-20 15:11:34,20260920,15,1,2-3-1,69.6
2026-09-20 15:11:34,20260920,15,1,2-3-4,49.9
2026-09-20 15:11:34,20260920,15,1,2-3-5,115.2
2026-09-20 15:11:34,20260920,15,1,2-3-6,356.1
2026-09-20 15:11:34,20260920,15,1,2-4-1,168.6
2026-09-20 15:11:34,20260920,15,1,2-4-3,68.7
2026-09-20 15:11:34,20260920,15,1,2-4-5,149.7
2026-09-20 15:11:34,20260920,15,1,2-4-6,291.3
2026-09-20 15:11:34,20260920,15,1,2-5-1,210.8
2026-09-20 15:11:34,20260920,15,1,2-5-3,182.0
2026-09-20 15:11:34,20260920,15,1,2-5-4,213.6
2026-09-20 15:11:34,20260920,15,1,2-5-6,340.9
2026-09-20 15:11:34,20260920,15,1,2-6-1,457.8
2026-09-20 15:11:34,20260920,15,1,2-6-3,500.7
2026-09-20 15:11:34,20260920,15,1,2-6-4,433.0
2026-09-20 15:11:34,20260920,15,1,2-6-5,572.3
2026-09-20 15:11:34,20260920,15,1,3-1-2,31.9
2026-09-20 15:11:34,20260920,15,1,3-1-4,18.9
2026-09-20 15:11:34,20260920,15,1,3-1-5,36.9
2026-09-20 15:11:34,20260920,15,1,3-1-6,123.2
2026-09-20 15:11:34,20260920,15,1,3-2-1,57.2
2026-09-20 15:11:34,20260920,15,1,3-2-4,28.5
2026-09-20 15:11:34,20260920,15,1,3-2-5,51.5
2026-09-20 15:11:34,20260920,15,1,3-2-6,161.8
2026-09-20 15:11:34,20260920,15,1,3-4-1,20.2
2026-09-20 15:11:34,20260920,15,1,3-4-2,20.9
2026-09-20 15:11:34,20260920,15,1,3-4-5,14.2
2026-09-20 15:11:34,20260920,15,1,3-4-6,47.9
2026-09-20 15:11:34,20260920,15,1,3-5-1,56.8
2026-09-20 15:11:34,20260920,15,1,3-5-2,69.0
2026-09-20 15:11:34,20260920,15,1,3-5-4,30.5
2026-09-20 15:11:34,20260920,15,1,3-5-6,87.0
2026-09-20 15:11:34,20260920,15,1,3-6-1,205.4
2026-09-20 15:11:34,20260920,15,1,3-6-2,308.1
2026-09-20 15:11:34,20260920,15,1,3-6-4,190.7
2026-09-20 15:11:34,20260920,15,1,3-6-5,208.1
2026-09-20 15:11:34,20260920,15,1,4-1-2,73.8
2026-09-20 15:11:34,20260920,15,1,4-1-3,52.5
2026-09-20 15:11:34,20260920,15,1,4-1-5,72.5
2026-09-20 15:11:34,20260920,15,1,4-1-6,178.0
2026-09-20 15:11:34,20260920,15,1,4-2-1,97.1
2026-09-20 15:11:34,20260920,15,1,4-2-3,67.6
2026-09-20 15:11:34,20260920,15,1,4-2-5,87.0
2026-09-20 15:11:34,20260920,15,1,4-2-6,151.1
2026-09-20 15:11:34,20260920,15,1,4-3-1,40.6
2026-09-20 15:11:34,20260920,15,1,4-3-2,35.2
2026-09-20 15:11:34,20260920,15,1,4-3-5,31.0
2026-09-20 15:11:34,20260920,15,1,4-3-6,98.3
2026-09-20 15:11:34,20260920,15,1,4-5-1,116.9
2026-09-20 15:11:34,20260920,15,1,4-5-2,125.1
2026-09-20 15:11:34,20260920,15,1,4-5-3,71.5
2026-09-20 15:11:34,20260920,15,1,4-5-6,197.8
2026-09-20 15:11:34,20260920,15,1,4-6-1,302.3
2026-09-20 15:11:34,20260920,15,1,4-6-2,216.5
2026-09-20 15:11:34,20260920,15,1,4-6-3,267.0
2026-09-20 15:11:34,20260920,15,1,4-6-5,271.6
2026-09-20 15:11:34,20260920,15,1,5-1-2,94.8
2026-09-20 15:11:34,20260920,15,1,5-1-3,78.1
2026-09-20 15:11:34,20260920,15,1,5-1-4,102.7
2026-09-20 15:11:34,20260920,15,1,5-1-6,119.5
2026-09-20 15:11:34,20260920,15,1,5-2-1,147.0
2026-09-20 15:11:34,20260920,15,1,5-2-3,104.0
2026-09-20 15:11:34,20260920,15,1,5-2-4,132.4
2026-09-20 15:11:34,20260920,15,1,5-2-6,195.4
2026-09-20 15:11:34,20260920,15,1,5-3-1,104.0
2026-09-20 15:11:34,20260920,15,1,5-3-2,124.2
2026-09-20 15:11:34,20260920,15,1,5-3-4,83.8
2026-09-20 15:11:34,20260920,15,1,5-3-6,182.0
2026-09-20 15:11:34,20260920,15,1,5-4-1,197.8
2026-09-20 15:11:34,20260920,15,1,5-4-2,182.0
2026-09-20 15:11:34,20260920,15,1,5-4-3,98.3
2026-09-20 15:11:34,20260920,15,1,5-4-6,213.6
2026-09-20 15:11:34,20260920,15,1,5-6-1,213.6
2026-09-20 15:11:34,20260920,15,1,5-6-2,242.7
2026-09-20 15:11:34,20260920,15,1,5-6-3,219.5
2026-09-20 15:11:34,20260920,15,1,5-6-4,276.2
2026-09-20 15:11:34,20260920,15,1,6-1-2,213.6
2026-09-20 15:11:34,20260920,15,1,6-1-3,572.3
2026-09-20 15:11:34,20260920,15,1,6-1-4,763.0
2026-09-20 15:11:34,20260920,15,1,6-1-5,728.3
2026-09-20 15:11:34,20260920,15,1,6-2-1,572.3
2026-09-20 15:11:34,20260920,15,1,6-2-3,593.5
2026-09-20 15:11:34,20260920,15,1,6-2-4,616.3
2026-09-20 15:11:34,20260920,15,1,6-2-5,763.0
2026-09-20 15:11:34,20260920,15,1,6-3-1,593.5
2026-09-20 15:11:34,20260920,15,1,6-3-2,801.2
2026-09-20 15:11:34,20260920,15,1,6-3-4,534.1
2026-09-20 15:11:34,20260920,15,1,6-3-5,1001.0
2026-09-20 15:11:34,20260920,15,1,6-4-1,843.3
2026-09-20 15:11:34,20260920,15,1,6-4-2,696.7
2026-09-20 15:11:34,20260920,15,1,6-4-3,843.3
2026-09-20 15:11:34,20260920,15,1,6-4-5,728.3
2026-09-20 15:11:34,20260920,15,1,6-5-1,801.2
2026-09-20 15:11:34,20260920,15,1,6-5-2,801.2
2026-09-20 15:11:34,20260920,15,1,6-5-3,1001.0
2026-09-20 15:11:34,20260920,15,1,6-5-4,801.2
2026-09-20 15:11:42,20260920,17,10,1-2-3,18.3
2026-09-20 15:11:42,20260920,17,10,1-2-4,87.2
2026-09-20 15:11:42,20260920,17,10,1-2-5,62.1
2026-09-20 15:11:42,20260920,17,10,1-2-6,277.5
2026-09-20 15:11:42,20260920,17,10,1-3-2,19.0
2026-09-20 15:11:42,20260920,17,10,1-3-4,78.2
2026-09-20 15:11:42,20260920,17,10,1-3-5,44.7
2026-09-20 15:11:42,20260920,17,10,1-3-6,305.7
2026-09-20 15:11:42,20260920,17,10,1-4-2,175.0
2026-09-20 15:11:42,20260920,17,10,1-4-3,171.6
2026-09-20 15:11:42,20260920,17,10,1-4-5,280.1
2026-09-20 15:11:42,20260920,17,10,1-4-6,528.3
2026-09-20 15:11:42,20260920,17,10,1-5-2,153.8
2026-09-20 15:11:42,20260920,17,10,1-5-3,130.0
2026-09-20 15:11:42,20260920,17,10,1-5-4,397.5
2026-09-20 15:11:42,20260920,17,10,1-5-6,739.0
2026-09-20 15:11:42,20260920,17,10,1-6-2,673.0
2026-09-20 15:11:42,20260920,17,10,1-6-3,885.7
2026-09-20 15:11:42,20260920,17,10,1-6-4,1095.0
2026-09-20 15:11:42,20260920,17,10,1-6-5,1192.0
2026-09-20 15:11:42,20260920,17,10,2-1-3,15.5
2026-09-20 15:11:42,20260920,17,10,2-1-4,53.9
2026-09-20 15:11:42,20260920,17,10,2-1-5,47.2
2026-09-20 15:11:42,20260920,17,10,2-1-6,291.6
2026-09-20 15:11:42,20260920,17,10,2-3-1,10.2
2026-09-20 15:11:42,20260920,17,10,2-3-4,14.3
2026-09-20 15:11:42,20260920,17,10,2-3-5,9.5
2026-09-20 15:11:42,20260920,17,10,2-3-6,82.3
2026-09-20 15:11:42,20260920,17,10,2-4-1,86.7
2026-09-20 15:11:42,20260920,17,10,2-4-3,41.9
2026-09-20 15:11:42,20260920,17,10,2-4-5,78.8
2026-09-20 15:11:42,20260920,17,10,2-4-6,331.8
2026-09-20 15:11:42,20260920,17,10,2-5-1,79.9
2026-09-20 15:11:42,20260920,17,10,2-5-3,36.1
2026-09-20 15:11:42,20260920,17,10,2-5-4,98.1
2026-09-20 15:11:42,20260920,17,10,2-5-6,267.1
2026-09-20 15:11:42,20260920,17,10,2-6-1,879.3
2026-09-20 15:11:42,20260920,17,10,2-6-3,506.1
2026-09-20 15:11:42,20260920,17,10,2-6-4,892.3
2026-09-20 15:11:42,20260920,17,10,2-6-5,730.1
2026-09-20 15:11:42,20260920,17,10,3-1-2,17.6
2026-09-20 15:11:42,20260920,17,10,3-1-4,53.8
2026-09-20 15:11:42,20260920,17,10,3-1-5,35.2
2026-09-20 15:11:42,20260920,17,10,3-1-6,269.5
2026-09-20 15:11:42,20260920,17,10,3-2-1,11.6
2026-09-20 15:11:42,20260920,17,10,3-2-4,18.1
2026-09-20 15:11:42,20260920,17,10,3-2-5,10.7
2026-09-20 15:11:42,20260920,17,10,3-2-6,88.5
2026-09-20 15:11:42,20260920,17,10,3-4-1,88.2
2026-09-20 15:11:42,20260920,17,10,3-4-2,44.7
2026-09-20 15:11:42,20260920,17,10,3-4-5,64.3
2026-09-20 15:11:42,20260920,17,10,3-4-6,275.6
2026-09-20 15:11:42,20260920,17,10,3-5-1,57.3
2026-09-20 15:11:42,20260920,17,10,3-5-2,30.4
2026-09-20 15:11:42,20260920,17,10,3-5-4,78.7
2026-09-20 15:11:42,20260920,17,10,3-5-6,249.4
2026-09-20 15:11:42,20260920,17,10,3-6-1,593.4
2026-09-20 15:11:42,20260920,17,10,3-6-2,350.1
2026-09-20 15:11:42,20260920,17,10,3-6-4,777.2
2026-09-20 15:11:42,20260920,17,10,3-6-5,506.1
2026-09-20 15:11:42,20260920,17,10,4-1-2,268.3
2026-09-20 15:11:42,20260920,17,10,4-1-3,272.5
2026-09-20 15:11:42,20260920,17,10,4-1-5,362.8
2026-09-20 15:11:42,20260920,17,10,4-1-6,673.0
2026-09-20 15:11:42,20260920,17,10,4-2-1,210.6
2026-09-20 15:11:42,20260920,17,10,4-2-3,108.1
2026-09-20 15:11:42,20260920,17,10,4-2-5,230.7
2026-09-20 15:11:42,20260920,17,10,4-2-6,608.4
2026-09-20 15:11:42,20260920,17,10,4-3-1,225.1
2026-09-20 15:11:42,20260920,17,10,4-3-2,112.4
2026-09-20 15:11:42,20260920,17,10,4-3-5,217.0
2026-09-20 15:11:42,20260920,17,10,4-3-6,669.2
2026-09-20 15:11:42,20260920,17,10,4-5-1,389.8
2026-09-20 15:11:42,20260920,17,10,4-5-2,321.2
2026-09-20 15:11:42,20260920,17,10,4-5-3,307.3
2026-09-20 15:11:42,20260920,17,10,4-5-6,557.7
2026-09-20 15:11:42,20260920,17,10,4-6-1,1241.0
2026-09-20 15:11:42,20260920,17,10,4-6-2,1323.0
2026-09-20 15:11:42,20260920,17,10,4-6-3,1564.0
2026-09-20 15:11:42,20260920,17,10,4-6-5,1241.0
2026-09-20 15:11:42,20260920,17,10,5-1-2,245.8
2026-09-20 15:11:42,20260920,17,10,5-1-3,233.9
2026-09-20 15:11:42,20260920,17,10,5-1-4,782.2
2026-09-20 15:11:42,20260920,17,10,5-1-6,1038.0
2026-09-20 15:11:42,20260920,17,10,5-2-1,209.1
2026-09-20 15:11:42,20260920,17,10,5-2-3,86.1
2026-09-20 15:11:42,20260920,17,10,5-2-4,329.1
2026-09-20 15:11:42,20260920,17,10,5-2-6,570.9
2026-09-20 15:11:42,20260920,17,10,5-3-1,202.1
2026-09-20 15:11:42,20260920,17,10,5-3-2,90.4
2026-09-20 15:11:42,20260920,17,10,5-3-4,350.1
2026-09-20 15:11:42,20260920,17,10,5-3-6,680.6
2026-09-20 15:11:42,20260920,17,10,5-4-1,819.5
2026-09-20 15:11:42,20260920,17,10,5-4-2,557.7
2026-09-20 15:11:42,20260920,17,10,5-4-3,521.5
2026-09-20 15:11:42,20260920,17,10,5-4-6,1038.0
2026-09-20 15:11:42,20260920,17,10,5-6-1,1400.0
2026-09-20 15:11:42,20260920,17,10,5-6-2,1115.0
2026-09-20 15:11:42,20260920,17,10,5-6-3,1295.0
2026-09-20 15:11:42,20260920,17,10,5-6-4,1295.0
2026-09-20 15:11:42,20260920,17,10,6-1-2,1627.0
2026-09-20 15:11:42,20260920,17,10,6-1-3,1974.0
2026-09-20 15:11:42,20260920,17,10,6-1-4,2362.0
2026-09-20 15:11:42,20260920,17,10,6-1-5,3088.0
2026-09-20 15:11:42,20260920,17,10,6-2-1,2509.0
2026-09-20 15:11:42,20260920,17,10,6-2-3,1216.0
2026-09-20 15:11:42,20260920,17,10,6-2-4,1825.0
2026-09-20 15:11:42,20260920,17,10,6-2-5,2362.0
2026-09-20 15:11:42,20260920,17,10,6-3-1,1627.0
2026-09-20 15:11:42,20260920,17,10,6-3-2,1204.0
2026-09-20 15:11:42,20260920,17,10,6-3-4,1720.0
2026-09-20 15:11:42,20260920,17,10,6-3-5,2151.0
2026-09-20 15:11:42,20260920,17,10,6-4-1,2677.0
2026-09-20 15:11:42,20260920,17,10,6-4-2,2230.0
2026-09-20 15:11:42,20260920,17,10,6-4-3,2868.0
2026-09-20 15:11:42,20260920,17,10,6-4-5,2563.0
2026-09-20 15:11:42,20260920,17,10,6-5-1,3011.0
2026-09-20 15:11:42,20260920,17,10,6-5-2,2409.0
2026-09-20 15:11:42,20260920,17,10,6-5-3,2801.0
2026-09-20 15:11:42,20260920,17,10,6-5-4,2316.0
2026-09-20 15:14:23,20260920,1,1,1-2-3,69.0
2026-09-20 15:14:23,20260920,1,1,1-2-4,38.1
2026-09-20 15:14:23,20260920,1,1,1-2-5,54.0
2026-09-20 15:14:23,20260920,1,1,1-2-6,141.7
2026-09-20 15:14:23,20260920,1,1,1-3-2,124.7
2026-09-20 15:14:23,20260920,1,1,1-3-4,94.7
2026-09-20 15:14:23,20260920,1,1,1-3-5,131.9
2026-09-20 15:14:23,20260920,1,1,1-3-6,268.0
2026-09-20 15:14:23,20260920,1,1,1-4-2,50.0
2026-09-20 15:14:23,20260920,1,1,1-4-3,100.5
2026-09-20 15:14:23,20260920,1,1,1-4-5,64.1
2026-09-20 15:14:23,20260920,1,1,1-4-6,159.5
2026-09-20 15:14:23,20260920,1,1,1-5-2,96.0
2026-09-20 15:14:23,20260920,1,1,1-5-3,158.0
2026-09-20 15:14:23,20260920,1,1,1-5-4,126.1
2026-09-20 15:14:23,20260920,1,1,1-5-6,221.3
2026-09-20 15:14:23,20260920,1,1,1-6-2,333.0
2026-09-20 15:14:23,20260920,1,1,1-6-3,428.8
2026-09-20 15:14:23,20260920,1,1,1-6-4,353.6
2026-09-20 15:14:23,20260920,1,1,1-6-5,303.5
2026-09-20 15:14:23,20260920,1,1,2-1-3,69.8
2026-09-20 15:14:23,20260920,1,1,2-1-4,26.1
2026-09-20 15:14:23,20260920,1,1,2-1-5,40.9
2026-09-20 15:14:23,20260920,1,1,2-1-6,150.4
2026-09-20 15:14:23,20260920,1,1,2-3-1,92.9
2026-09-20 15:14:23,20260920,1,1,2-3-4,40.4
2026-09-20 15:14:23,20260920,1,1,2-3-5,58.9
2026-09-20 15:14:23,20260920,1,1,2-3-6,194.9
2026-09-20 15:14:23,20260920,1,1,2-4-1,21.7
2026-09-20 15:14:23,20260920,1,1,2-4-3,26.3
2026-09-20 15:14:23,20260920,1,1,2-4-5,11.4
2026-09-20 15:14:23,20260920,1,1,2-4-6,62.8
2026-09-20 15:14:23,20260920,1,1,2-5-1,44.6
2026-09-20 15:14:23,20260920,1,1,2-5-3,54.5
2026-09-20 15:14:23,20260920,1,1,2-5-4,23.9
2026-09-20 15:14:23,20260920,1,1,2-5-6,91.4
2026-09-20 15:14:23,20260920,1,1,2-6-1,317.6
2026-09-20 15:14:23,20260920,1,1,2-6-3,381.1
2026-09-20 15:14:23,20260920,1,1,2-6-4,178.6
2026-09-20 15:14:23,20260920,1,1,2-6-5,243.2
2026-09-20 15:14:23,20260920,1,1,3-1-2,194.9
2026-09-20 15:14:23,20260920,1,1,3-1-4,131.9
2026-09-20 15:14:23,20260920,1,1,3-1-5,131.4
2026-09-20 15:14:23,20260920,1,1,3-1-6,357.3
2026-09-20 15:14:23,20260920,1,1,3-2-1,158.0
2026-09-20 15:14:23,20260920,1,1,3-2-4,77.2
2026-09-20 15:14:23,20260920,1,1,3-2-5,116.6
2026-09-20 15:14:23,20260920,1,1,3-2-6,320.6
2026-09-20 15:14:23,20260920,1,1,3-4-1,157.3
2026-09-20 15:14:23,20260920,1,1,3-4-2,105.5
2026-09-20 15:14:23,20260920,1,1,3-4-5,130.9
2026-09-20 15:14:23,20260920,1,1,3-4-6,281.1
2026-09-20 15:14:23,20260920,1,1,3-5-1,171.5
2026-09-20 15:14:23,20260920,1,1,3-5-2,156.6
2026-09-20 15:14:23,20260920,1,1,3-5-4,155.9
2026-09-20 15:14:23,20260920,1,1,3-5-6,389.8
2026-09-20 15:14:23,20260920,1,1,3-6-1,647.2
2026-09-20 15:14:23,20260920,1,1,3-6-2,647.2
2026-09-20 15:14:23,20260920,1,1,3-6-4,483.1
2026-09-20 15:14:23,20260920,1,1,3-6-5,527.7
2026-09-20 15:14:23,20260920,1,1,4-1-2,40.3
2026-09-20 15:14:23,20260920,1,1,4-1-3,103.0
2026-09-20 15:14:23,20260920,1,1,4-1-5,46.8
2026-09-20 15:14:23,20260920,1,1,4-1-6,118.2
2026-09-20 15:14:23,20260920,1,1,4-2-1,29.3
2026-09-20 15:14:23,20260920,1,1,4-2-3,42.6
2026-09-20 15:14:23,20260920,1,1,4-2-5,16.6
2026-09-20 15:14:23,20260920,1,1,4-2-6,83.2
2026-09-20 15:14:23,20260920,1,1,4-3-1,149.8
2026-09-20 15:14:23,20260920,1,1,4-3-2,59.1
2026-09-20 15:14:23,20260920,1,1,4-3-5,99.7
2026-09-20 15:14:23,20260920,1,1,4-3-6,272.2
2026-09-20 15:14:23,20260920,1,1,4-5-1,31.4
2026-09-20 15:14:23,20260920,1,1,4-5-2,18.4
2026-09-20 15:14:23,20260920,1,1,4-5-3,59.2
2026-09-20 15:14:23,20260920,1,1,4-5-6,45.5
2026-09-20 15:14:23,20260920,1,1,4-6-1,206.6
2026-09-20 15:14:23,20260920,1,1,4-6-2,119.9
2026-09-20 15:14:23,20260920,1,1,4-6-3,283.5
2026-09-20 15:14:23,20260920,1,1,4-6-5,122.9
2026-09-20 15:14:23,20260920,1,1,5-1-2,60.2
2026-09-20 15:14:23,20260920,1,1,5-1-3,140.5
2026-09-20 15:14:23,20260920,1,1,5-1-4,66.3
2026-09-20 15:14:23,20260920,1,1,5-1-6,176.8
2026-09-20 15:14:23,20260920,1,1,5-2-1,75.5
2026-09-20 15:14:23,20260920,1,1,5-2-3,142.9
2026-09-20 15:14:23,20260920,1,1,5-2-4,42.8
2026-09-20 15:14:23,20260920,1,1,5-2-6,192.7
2026-09-20 15:14:23,20260920,1,1,5-3-1,215.7
2026-09-20 15:14:23,20260920,1,1,5-3-2,221.3
2026-09-20 15:14:23,20260920,1,1,5-3-4,288.2
2026-09-20 15:14:23,20260920,1,1,5-3-6,512.0
2026-09-20 15:14:23,20260920,1,1,5-4-1,57.6
2026-09-20 15:14:23,20260920,1,1,5-4-2,32.3
2026-09-20 15:14:23,20260920,1,1,5-4-3,130.4
2026-09-20 15:14:23,20260920,1,1,5-4-6,107.2
2026-09-20 15:14:23,20260920,1,1,5-6-1,483.1
2026-09-20 15:14:23,20260920,1,1,5-6-2,326.7
2026-09-20 15:14:23,20260920,1,1,5-6-3,512.0
2026-09-20 15:14:23,20260920,1,1,5-6-4,314.7
2026-09-20 15:14:23,20260920,1,1,6-1-2,483.1
2026-09-20 15:14:23,20260920,1,1,6-1-3,612.5
2026-09-20 15:14:23,20260920,1,1,6-1-4,591.4
2026-09-20 15:14:23,20260920,1,1,6-1-5,612.5
2026-09-20 15:14:23,20260920,1,1,6-2-1,729.8
2026-09-20 15:14:23,20260920,1,1,6-2-3,612.5
2026-09-20 15:14:23,20260920,1,1,6-2-4,457.3
2026-09-20 15:14:23,20260920,1,1,6-2-5,497.1
2026-09-20 15:14:23,20260920,1,1,6-3-1,1072.0
2026-09-20 15:14:23,20260920,1,1,6-3-2,797.7
2026-09-20 15:14:23,20260920,1,1,6-3-4,700.0
2026-09-20 15:14:23,20260920,1,1,6-3-5,729.8
2026-09-20 15:14:23,20260920,1,1,6-4-1,672.6
2026-09-20 15:14:23,20260920,1,1,6-4-2,428.8
2026-09-20 15:14:23,20260920,1,1,6-4-3,714.6
2026-09-20 15:14:23,20260920,1,1,6-4-5,418.3
2026-09-20 15:14:23,20260920,1,1,6-5-1,816.7
2026-09-20 15:14:23,20260920,1,1,6-5-2,591.4
2026-09-20 15:14:23,20260920,1,1,6-5-3,745.7
2026-09-20 15:14:23,20260920,1,1,6-5-4,398.8
2026-09-20 15:14:33,20260920,12,1,1-2-3,8.4
2026-09-20 15:14:33,20260920,12,1,1-2-4,42.3
2026-09-20 15:14:33,20260920,12,1,1-2-5,14.6
2026-09-20 15:14:33,20260920,12,1,1-2-6,44.0
2026-09-20 15:14:33,20260920,12,1,1-3-2,8.1
2026-09-20 15:14:33,20260920,12,1,1-3-4,15.9
2026-09-20 15:14:33,20260920,12,1,1-3-5,8.2
2026-09-20 15:14:33,20260920,12,1,1-3-6,30.1
2026-09-20 15:14:33,20260920,12,1,1-4-2,55.4
2026-09-20 15:14:33,20260920,12,1,1-4-3,35.5
2026-09-20 15:14:33,20260920,12,1,1-4-5,57.3
2026-09-20 15:14:33,20260920,12,1,1-4-6,102.8
2026-09-20 15:14:33,20260920,12,1,1-5-2,19.7
2026-09-20 15:14:33,20260920,12,1,1-5-3,13.8
2026-09-20 15:14:33,20260920,12,1,1-5-4,56.1
2026-09-20 15:14:33,20260920,12,1,1-5-6,40.2
2026-09-20 15:14:33,20260920,12,1,1-6-2,80.1
2026-09-20 15:14:33,20260920,12,1,1-6-3,53.5
2026-09-20 15:14:33,20260920,12,1,1-6-4,107.7
2026-09-20 15:14:33,20260920,12,1,1-6-5,83.5
2026-09-20 15:14:33,20260920,12,1,2-1-3,60.9
2026-09-20 15:14:33,20260920,12,1,2-1-4,206.4
2026-09-20 15:14:33,20260920,12,1,2-1-5,88.8
2026-09-20 15:14:33,20260920,12,1,2-1-6,186.7
2026-09-20 15:14:33,20260920,12,1,2-3-1,96.4
2026-09-20 15:14:33,20260920,12,1,2-3-4,229.0
2026-09-20 15:14:33,20260920,12,1,2-3-5,217.1
2026-09-20 15:14:33,20260920,12,1,2-3-6,198.0
2026-09-20 15:14:33,20260920,12,1,2-4-1,553.1
2026-09-20 15:14:33,20260920,12,1,2-4-3,574.8
2026-09-20 15:14:33,20260920,12,1,2-4-5,598.3
2026-09-20 15:14:33,20260920,12,1,2-4-6,681.7
2026-09-20 15:14:33,20260920,12,1,2-5-1,161.9
2026-09-20 15:14:33,20260920,12,1,2-5-3,215.5
2026-09-20 15:14:33,20260920,12,1,2-5-4,666.2
2026-09-20 15:14:33,20260920,12,1,2-5-6,250.5
2026-09-20 15:14:33,20260920,12,1,2-6-1,344.9
2026-09-20 15:14:33,20260920,12,1,2-6-3,366.4
2026-09-20 15:14:33,20260920,12,1,2-6-4,732.9
2026-09-20 15:14:33,20260920,12,1,2-6-5,563.7
2026-09-20 15:14:33,20260920,12,1,3-1-2,48.7
2026-09-20 15:14:33,20260920,12,1,3-1-4,88.3
2026-09-20 15:14:33,20260920,12,1,3-1-5,30.4
2026-09-20 15:14:33,20260920,12,1,3-1-6,86.4
2026-09-20 15:14:33,20260920,12,1,3-2-1,91.3
2026-09-20 15:14:33,20260920,12,1,3-2-4,234.5
2026-09-20 15:14:33,20260920,12,1,3-2-5,138.9
2026-09-20 15:14:33,20260920,12,1,3-2-6,192.8
2026-09-20 15:14:33,20260920,12,1,3-4-1,195.4
2026-09-20 15:14:33,20260920,12,1,3-4-2,281.8
2026-09-20 15:14:33,20260920,12,1,3-4-5,340.8
2026-09-20 15:14:33,20260920,12,1,3-4-6,322.1
2026-09-20 15:14:33,20260920,12,1,3-5-1,70.3
2026-09-20 15:14:33,20260920,12,1,3-5-2,138.9
2026-09-20 15:14:33,20260920,12,1,3-5-4,257.1
2026-09-20 15:14:33,20260920,12,1,3-5-6,190.3
2026-09-20 15:14:33,20260920,12,1,3-6-1,178.7
2026-09-20 15:14:33,20260920,12,1,3-6-2,293.1
2026-09-20 15:14:33,20260920,12,1,3-6-4,340.8
2026-09-20 15:14:33,20260920,12,1,3-6-5,281.8
2026-09-20 15:14:33,20260920,12,1,4-1-2,259.4
2026-09-20 15:14:33,20260920,12,1,4-1-3,176.6
2026-09-20 15:14:33,20260920,12,1,4-1-5,186.7
2026-09-20 15:14:33,20260920,12,1,4-1-6,380.7
2026-09-20 15:14:33,20260920,12,1,4-2-1,523.5
2026-09-20 15:14:33,20260920,12,1,4-2-3,505.4
2026-09-20 15:14:33,20260920,12,1,4-2-5,496.8
2026-09-20 15:14:33,20260920,12,1,4-2-6,505.4
2026-09-20 15:14:33,20260920,12,1,4-3-1,236.4
2026-09-20 15:14:33,20260920,12,1,4-3-2,444.1
2026-09-20 15:14:33,20260920,12,1,4-3-5,505.4
2026-09-20 15:14:33,20260920,12,1,4-3-6,542.9
2026-09-20 15:14:33,20260920,12,1,4-5-1,259.4
2026-09-20 15:14:33,20260920,12,1,4-5-2,715.0
2026-09-20 15:14:33,20260920,12,1,4-5-3,533.0
2026-09-20 15:14:33,20260920,12,1,4-5-6,610.7
2026-09-20 15:14:33,20260920,12,1,4-6-1,698.0
2026-09-20 15:14:33,20260920,12,1,4-6-2,666.2
2026-09-20 15:14:33,20260920,12,1,4-6-3,623.7
2026-09-20 15:14:33,20260920,12,1,4-6-5,715.0
2026-09-20 15:14:33,20260920,12,1,5-1-2,80.5
2026-09-20 15:14:33,20260920,12,1,5-1-3,50.1
2026-09-20 15:14:33,20260920,12,1,5-1-4,156.7
2026-09-20 15:14:33,20260920,12,1,5-1-6,108.5
2026-09-20 15:14:33,20260920,12,1,5-2-1,124.2
2026-09-20 15:14:33,20260920,12,1,5-2-3,174.5
2026-09-20 15:14:33,20260920,12,1,5-2-4,246.3
2026-09-20 15:14:33,20260920,12,1,5-2-6,176.6
2026-09-20 15:14:33,20260920,12,1,5-3-1,105.4
2026-09-20 15:14:33,20260920,12,1,5-3-2,284.6
2026-09-20 15:14:33,20260920,12,1,5-3-4,542.9
2026-09-20 15:14:33,20260920,12,1,5-3-6,296.1
2026-09-20 15:14:33,20260920,12,1,5-4-1,385.7
2026-09-20 15:14:33,20260920,12,1,5-4-2,814.3
2026-09-20 15:14:33,20260920,12,1,5-4-3,715.0
2026-09-20 15:14:33,20260920,12,1,5-4-6,623.7
2026-09-20 15:14:33,20260920,12,1,5-6-1,162.8
2026-09-20 15:14:33,20260920,12,1,5-6-2,284.6
2026-09-20 15:14:33,20260920,12,1,5-6-3,195.4
2026-09-20 15:14:33,20260920,12,1,5-6-4,472.8
2026-09-20 15:14:33,20260920,12,1,6-1-2,198.0
2026-09-20 15:14:33,20260920,12,1,6-1-3,206.4
2026-09-20 15:14:33,20260920,12,1,6-1-4,451.0
2026-09-20 15:14:33,20260920,12,1,6-1-5,236.4
2026-09-20 15:14:33,20260920,12,1,6-2-1,380.7
2026-09-20 15:14:33,20260920,12,1,6-2-3,407.1
2026-09-20 15:14:33,20260920,12,1,6-2-4,698.0
2026-09-20 15:14:33,20260920,12,1,6-2-5,496.8
2026-09-20 15:14:33,20260920,12,1,6-3-1,266.5
2026-09-20 15:14:33,20260920,12,1,6-3-2,514.3
2026-09-20 15:14:33,20260920,12,1,6-3-4,681.7
2026-09-20 15:14:33,20260920,12,1,6-3-5,523.5
2026-09-20 15:14:33,20260920,12,1,6-4-1,1010.0
2026-09-20 15:14:33,20260920,12,1,6-4-2,1047.0
2026-09-20 15:14:33,20260920,12,1,6-4-3,1047.0
2026-09-20 15:14:33,20260920,12,1,6-4-5,698.0
2026-09-20 15:14:33,20260920,12,1,6-5-1,318.6
2026-09-20 15:14:33,20260920,12,1,6-5-2,437.5
2026-09-20 15:14:33,20260920,12,1,6-5-3,533.0
2026-09-20 15:14:33,20260920,12,1,6-5-4,837.6
2026-09-20 15:19:52,20260920,6,9,1-2-3,46.5
2026-09-20 15:19:52,20260920,6,9,1-2-4,48.6
2026-09-20 15:19:52,20260920,6,9,1-2-5,69.5
2026-09-20 15:19:52,20260920,6,9,1-2-6,86.4
2026-09-20 15:19:52,20260920,6,9,1-3-2,31.7
2026-09-20 15:19:52,20260920,6,9,1-3-4,8.2
2026-09-20 15:19:52,20260920,6,9,1-3-5,14.8
2026-09-20 15:19:52,20260920,6,9,1-3-6,74.8
2026-09-20 15:19:52,20260920,6,9,1-4-2,38.6
2026-09-20 15:19:52,20260920,6,9,1-4-3,14.2
2026-09-20 15:19:52,20260920,6,9,1-4-5,22.3
2026-09-20 15:19:52,20260920,6,9,1-4-6,44.2
2026-09-20 15:19:52,20260920,6,9,1-5-2,62.1
2026-09-20 15:19:52,20260920,6,9,1-5-3,36.2
2026-09-20 15:19:52,20260920,6,9,1-5-4,49.4
2026-09-20 15:19:52,20260920,6,9,1-5-6,132.6
2026-09-20 15:19:52,20260920,6,9,1-6-2,208.5
2026-09-20 15:19:52,20260920,6,9,1-6-3,194.6
2026-09-20 15:19:52,20260920,6,9,1-6-4,204.8
2026-09-20 15:19:52,20260920,6,9,1-6-5,284.7
2026-09-20 15:19:52,20260920,6,9,2-1-3,95.7
2026-09-20 15:19:52,20260920,6,9,2-1-4,102.4
2026-09-20 15:19:52,20260920,6,9,2-1-5,174.2
2026-09-20 15:19:52,20260920,6,9,2-1-6,402.6
2026-09-20 15:19:52,20260920,6,9,2-3-1,182.4
2026-09-20 15:19:52,20260920,6,9,2-3-4,128.3
2026-09-20 15:19:52,20260920,6,9,2-3-5,271.5
2026-09-20 15:19:52,20260920,6,9,2-3-6,224.5
2026-09-20 15:19:52,20260920,6,9,2-4-1,233.5
2026-09-20 15:19:52,20260920,6,9,2-4-3,169.2
2026-09-20 15:19:52,20260920,6,9,2-4-5,467.0
2026-09-20 15:19:52,20260920,6,9,2-4-6,486.5
2026-09-20 15:19:52,20260920,6,9,2-5-1,432.4
2026-09-20 15:19:52,20260920,6,9,2-5-3,449.1
2026-09-20 15:19:52,20260920,6,9,2-5-4,530.7
2026-09-20 15:19:52,20260920,6,9,2-5-6,333.6
2026-09-20 15:19:52,20260920,6,9,2-6-1,583.8
2026-09-20 15:19:52,20260920,6,9,2-6-3,530.7
2026-09-20 15:19:52,20260920,6,9,2-6-4,507.6
2026-09-20 15:19:52,20260920,6,9,2-6-5,530.7
2026-09-20 15:19:52,20260920,6,9,3-1-2,36.7
2026-09-20 15:19:52,20260920,6,9,3-1-4,14.0
2026-09-20 15:19:52,20260920,6,9,3-1-5,28.1
2026-09-20 15:19:52,20260920,6,9,3-1-6,112.2
2026-09-20 15:19:52,20260920,6,9,3-2-1,149.7
2026-09-20 15:19:52,20260920,6,9,3-2-4,69.9
2026-09-20 15:19:52,20260920,6,9,3-2-5,142.3
2026-09-20 15:19:52,20260920,6,9,3-2-6,259.4
2026-09-20 15:19:52,20260920,6,9,3-4-1,22.3
2026-09-20 15:19:52,20260920,6,9,3-4-2,59.5
2026-09-20 15:19:52,20260920,6,9,3-4-5,43.2
2026-09-20 15:19:52,20260920,6,9,3-4-6,113.3
2026-09-20 15:19:52,20260920,6,9,3-5-1,57.8
2026-09-20 15:19:52,20260920,6,9,3-5-2,106.1
2026-09-20 15:19:52,20260920,6,9,3-5-4,71.1
2026-09-20 15:19:52,20260920,6,9,3-5-6,144.1
2026-09-20 15:19:52,20260920,6,9,3-6-1,238.3
2026-09-20 15:19:52,20260920,6,9,3-6-2,315.5
2026-09-20 15:19:52,20260920,6,9,3-6-4,132.6
2026-09-20 15:19:52,20260920,6,9,3-6-5,220.3
2026-09-20 15:19:52,20260920,6,9,4-1-2,67.4
2026-09-20 15:19:52,20260920,6,9,4-1-3,25.1
2026-09-20 15:19:52,20260920,6,9,4-1-5,36.0
2026-09-20 15:19:52,20260920,6,9,4-1-6,188.3
2026-09-20 15:19:52,20260920,6,9,4-2-1,169.2
2026-09-20 15:19:52,20260920,6,9,4-2-3,145.9
2026-09-20 15:19:52,20260920,6,9,4-2-5,238.3
2026-09-20 15:19:52,20260920,6,9,4-2-6,248.4
2026-09-20 15:19:52,20260920,6,9,4-3-1,29.1
2026-09-20 15:19:52,20260920,6,9,4-3-2,116.7
2026-09-20 15:19:52,20260920,6,9,4-3-5,63.4
2026-09-20 15:19:52,20260920,6,9,4-3-6,131.1
2026-09-20 15:19:52,20260920,6,9,4-5-1,58.0
2026-09-20 15:19:52,20260920,6,9,4-5-2,201.3
2026-09-20 15:19:52,20260920,6,9,4-5-3,55.3
2026-09-20 15:19:52,20260920,6,9,4-5-6,171.7
2026-09-20 15:19:52,20260920,6,9,4-6-1,376.6
2026-09-20 15:19:52,20260920,6,9,4-6-2,389.2
2026-09-20 15:19:52,20260920,6,9,4-6-3,169.2
2026-09-20 15:19:52,20260920,6,9,4-6-5,284.7
2026-09-20 15:19:52,20260920,6,9,5-1-2,204.8
2026-09-20 15:19:52,20260920,6,9,5-1-3,94.1
2026-09-20 15:19:52,20260920,6,9,5-1-4,140.6
2026-09-20 15:19:52,20260920,6,9,5-1-6,228.9
2026-09-20 15:19:52,20260920,6,9,5-2-1,486.5
2026-09-20 15:19:52,20260920,6,9,5-2-3,364.8
2026-09-20 15:19:52,20260920,6,9,5-2-4,291.9
2026-09-20 15:19:52,20260920,6,9,5-2-6,233.5
2026-09-20 15:19:52,20260920,6,9,5-3-1,128.3
2026-09-20 15:19:52,20260920,6,9,5-3-2,417.0
2026-09-20 15:19:52,20260920,6,9,5-3-4,188.3
2026-09-20 15:19:52,20260920,6,9,5-3-6,144.1
2026-09-20 15:19:52,20260920,6,9,5-4-1,145.9
2026-09-20 15:19:52,20260920,6,9,5-4-2,449.1
2026-09-20 15:19:52,20260920,6,9,5-4-3,135.7
2026-09-20 15:19:52,20260920,6,9,5-4-6,259.4
2026-09-20 15:19:52,20260920,6,9,5-6-1,530.7
2026-09-20 15:19:52,20260920,6,9,5-6-2,432.4
2026-09-20 15:19:52,20260920,6,9,5-6-3,315.5
2026-09-20 15:19:52,20260920,6,9,5-6-4,299.4
2026-09-20 15:19:52,20260920,6,9,6-1-2,530.7
2026-09-20 15:19:52,20260920,6,9,6-1-3,449.1
2026-09-20 15:19:52,20260920,6,9,6-1-4,729.7
2026-09-20 15:19:52,20260920,6,9,6-1-5,778.4
2026-09-20 15:19:52,20260920,6,9,6-2-1,614.5
2026-09-20 15:19:52,20260920,6,9,6-2-3,486.5
2026-09-20 15:19:52,20260920,6,9,6-2-4,614.5
2026-09-20 15:19:52,20260920,6,9,6-2-5,648.7
2026-09-20 15:19:52,20260920,6,9,6-3-1,778.4
2026-09-20 15:19:52,20260920,6,9,6-3-2,556.0
2026-09-20 15:19:52,20260920,6,9,6-3-4,376.6
2026-09-20 15:19:52,20260920,6,9,6-3-5,729.7
2026-09-20 15:19:52,20260920,6,9,6-4-1,973.0
2026-09-20 15:19:52,20260920,6,9,6-4-2,486.5
2026-09-20 15:19:52,20260920,6,9,6-4-3,686.8
2026-09-20 15:19:52,20260920,6,9,6-4-5,686.8
2026-09-20 15:19:52,20260920,6,9,6-5-1,729.7
2026-09-20 15:19:52,20260920,6,9,6-5-2,648.7
2026-09-20 15:19:52,20260920,6,9,6-5-3,530.7
2026-09-20 15:19:52,20260920,6,9,6-5-4,583.8
2026-09-20 15:27:58,20260920,16,10,1-2-3,52.6
2026-09-20 15:27:58,20260920,16,10,1-2-4,24.2
2026-09-20 15:27:58,20260920,16,10,1-2-5,25.9
2026-09-20 15:27:58,20260920,16,10,1-2-6,76.1
2026-09-20 15:27:58,20260920,16,10,1-3-2,65.1
2026-09-20 15:27:58,20260920,16,10,1-3-4,57.6
2026-09-20 15:27:58,20260920,16,10,1-3-5,59.1
2026-09-20 15:27:58,20260920,16,10,1-3-6,92.1
2026-09-20 15:27:58,20260920,16,10,1-4-2,28.8
2026-09-20 15:27:58,20260920,16,10,1-4-3,52.6
2026-09-20 15:27:58,20260920,16,10,1-4-5,24.1
2026-09-20 15:27:58,20260920,16,10,1-4-6,70.0
2026-09-20 15:27:58,20260920,16,10,1-5-2,21.8
2026-09-20 15:27:58,20260920,16,10,1-5-3,67.3
2026-09-20 15:27:58,20260920,16,10,1-5-4,18.5
2026-09-20 15:27:58,20260920,16,10,1-5-6,91.5
2026-09-20 15:27:58,20260920,16,10,1-6-2,124.0
2026-09-20 15:27:58,20260920,16,10,1-6-3,209.1
2026-09-20 15:27:58,20260920,16,10,1-6-4,111.2
2026-09-20 15:27:58,20260920,16,10,1-6-5,130.9
2026-09-20 15:27:58,20260920,16,10,2-1-3,97.9
2026-09-20 15:27:58,20260920,16,10,2-1-4,63.1
2026-09-20 15:27:58,20260920,16,10,2-1-5,70.4
2026-09-20 15:27:58,20260920,16,10,2-1-6,179.6
2026-09-20 15:27:58,20260920,16,10,2-3-1,129.7
2026-09-20 15:27:58,20260920,16,10,2-3-4,98.6
2026-09-20 15:27:58,20260920,16,10,2-3-5,141.5
2026-09-20 15:27:58,20260920,16,10,2-3-6,285.9
2026-09-20 15:27:58,20260920,16,10,2-4-1,120.8
2026-09-20 15:27:58,20260920,16,10,2-4-3,147.5
2026-09-20 15:27:58,20260920,16,10,2-4-5,58.6
2026-09-20 15:27:58,20260920,16,10,2-4-6,175.1
2026-09-20 15:27:58,20260920,16,10,2-5-1,104.5
2026-09-20 15:27:58,20260920,16,10,2-5-3,179.6
2026-09-20 15:27:58,20260920,16,10,2-5-4,78.7
2026-09-20 15:27:58,20260920,16,10,2-5-6,229.7
2026-09-20 15:27:58,20260920,16,10,2-6-1,269.4
2026-09-20 15:27:58,20260920,16,10,2-6-3,378.7
2026-09-20 15:27:58,20260920,16,10,2-6-4,250.2
2026-09-20 15:27:58,20260920,16,10,2-6-5,203.0
2026-09-20 15:27:58,20260920,16,10,3-1-2,136.0
2026-09-20 15:27:58,20260920,16,10,3-1-4,111.2
2026-09-20 15:27:58,20260920,16,10,3-1-5,96.6
2026-09-20 15:27:58,20260920,16,10,3-1-6,269.4
2026-09-20 15:27:58,20260920,16,10,3-2-1,159.2
2026-09-20 15:27:58,20260920,16,10,3-2-4,124.0
2026-09-20 15:27:58,20260920,16,10,3-2-5,186.8
2026-09-20 15:27:58,20260920,16,10,3-2-6,333.6
2026-09-20 15:27:58,20260920,16,10,3-4-1,161.0
2026-09-20 15:27:58,20260920,16,10,3-4-2,177.3
2026-09-20 15:27:58,20260920,16,10,3-4-5,127.3
2026-09-20 15:27:58,20260920,16,10,3-4-6,237.5
2026-09-20 15:27:58,20260920,16,10,3-5-1,144.4
2026-09-20 15:27:58,20260920,16,10,3-5-2,159.2
2026-09-20 15:27:58,20260920,16,10,3-5-4,147.5
2026-09-20 15:27:58,20260920,16,10,3-5-6,191.9
2026-09-20 15:27:58,20260920,16,10,3-6-1,368.7
2026-09-20 15:27:58,20260920,16,10,3-6-2,359.3
2026-09-20 15:27:58,20260920,16,10,3-6-4,389.2
2026-09-20 15:27:58,20260920,16,10,3-6-5,197.3
2026-09-20 15:27:58,20260920,16,10,4-1-2,67.0
2026-09-20 15:27:58,20260920,16,10,4-1-3,122.9
2026-09-20 15:27:58,20260920,16,10,4-1-5,44.6
2026-09-20 15:27:58,20260920,16,10,4-1-6,87.5
2026-09-20 15:27:58,20260920,16,10,4-2-1,126.2
2026-09-20 15:27:58,20260920,16,10,4-2-3,149.0
2026-09-20 15:27:58,20260920,16,10,4-2-5,76.1
2026-09-20 15:27:58,20260920,16,10,4-2-6,184.3
2026-09-20 15:27:58,20260920,16,10,4-3-1,186.8
2026-09-20 15:27:58,20260920,16,10,4-3-2,168.8
2026-09-20 15:27:58,20260920,16,10,4-3-5,142.9
2026-09-20 15:27:58,20260920,16,10,4-3-6,291.9
2026-09-20 15:27:58,20260920,16,10,4-5-1,50.2
2026-09-20 15:27:58,20260920,16,10,4-5-2,50.4
2026-09-20 15:27:58,20260920,16,10,4-5-3,118.7
2026-09-20 15:27:58,20260920,16,10,4-5-6,58.8
2026-09-20 15:27:58,20260920,16,10,4-6-1,233.5
2026-09-20 15:27:58,20260920,16,10,4-6-2,226.0
2026-09-20 15:27:58,20260920,16,10,4-6-3,389.2
2026-09-20 15:27:58,20260920,16,10,4-6-5,106.9
2026-09-20 15:27:58,20260920,16,10,5-1-2,27.1
2026-09-20 15:27:58,20260920,16,10,5-1-3,92.1
2026-09-20 15:27:58,20260920,16,10,5-1-4,27.9
2026-09-20 15:27:58,20260920,16,10,5-1-6,97.9
2026-09-20 15:27:58,20260920,16,10,5-2-1,35.2
2026-09-20 15:27:58,20260920,16,10,5-2-3,153.9
2026-09-20 15:27:58,20260920,16,10,5-2-4,71.4
2026-09-20 15:27:58,20260920,16,10,5-2-6,147.5
2026-09-20 15:27:58,20260920,16,10,5-3-1,175.1
2026-09-20 15:27:58,20260920,16,10,5-3-2,209.1
2026-09-20 15:27:58,20260920,16,10,5-3-4,184.3
2026-09-20 15:27:58,20260920,16,10,5-3-6,186.8
2026-09-20 15:27:58,20260920,16,10,5-4-1,73.3
2026-09-20 15:27:58,20260920,16,10,5-4-2,59.1
2026-09-20 15:27:58,20260920,16,10,5-4-3,125.1
2026-09-20 15:27:58,20260920,16,10,5-4-6,81.9
2026-09-20 15:27:58,20260920,16,10,5-6-1,206.0
2026-09-20 15:27:58,20260920,16,10,5-6-2,133.4
2026-09-20 15:27:58,20260920,16,10,5-6-3,264.3
2026-09-20 15:27:58,20260920,16,10,5-6-4,106.9
2026-09-20 15:27:58,20260920,16,10,6-1-2,78.7
2026-09-20 15:27:58,20260920,16,10,6-1-3,121.8
2026-09-20 15:27:58,20260920,16,10,6-1-4,87.5
2026-09-20 15:27:58,20260920,16,10,6-1-5,105.3
2026-09-20 15:27:58,20260920,16,10,6-2-1,121.8
2026-09-20 15:27:58,20260920,16,10,6-2-3,153.9
2026-09-20 15:27:58,20260920,16,10,6-2-4,94.0
2026-09-20 15:27:58,20260920,16,10,6-2-5,126.2
2026-09-20 15:27:58,20260920,16,10,6-3-1,166.8
2026-09-20 15:27:58,20260920,16,10,6-3-2,175.1
2026-09-20 15:27:58,20260920,16,10,6-3-4,132.1
2026-09-20 15:27:58,20260920,16,10,6-3-5,132.1
2026-09-20 15:27:58,20260920,16,10,6-4-1,111.2
2026-09-20 15:27:58,20260920,16,10,6-4-2,104.5
2026-09-20 15:27:58,20260920,16,10,6-4-3,147.5
2026-09-20 15:27:58,20260920,16,10,6-4-5,78.2
2026-09-20 15:27:58,20260920,16,10,6-5-1,112.1
2026-09-20 15:27:58,20260920,16,10,6-5-2,127.3
2026-09-20 15:27:58,20260920,16,10,6-5-3,140.1
2026-09-20 15:27:58,20260920,16,10,6-5-4,74.1
2026-09-20 15:33:28,20260920,12,2,1-2-3,10.6
2026-09-20 15:33:28,20260920,12,2,1-2-4,80.1
2026-09-20 15:33:28,20260920,12,2,1-2-5,35.7
2026-09-20 15:33:28,20260920,12,2,1-2-6,74.8
2026-09-20 15:33:28,20260920,12,2,1-3-2,7.0
2026-09-20 15:33:28,20260920,12,2,1-3-4,42.2
2026-09-20 15:33:28,20260920,12,2,1-3-5,13.7
2026-09-20 15:33:28,20260920,12,2,1-3-6,50.5
2026-09-20 15:33:28,20260920,12,2,1-4-2,99.8
2026-09-20 15:33:28,20260920,12,2,1-4-3,87.9
2026-09-20 15:33:28,20260920,12,2,1-4-5,99.8
2026-09-20 15:33:28,20260920,12,2,1-4-6,172.3
2026-09-20 15:33:28,20260920,12,2,1-5-2,47.4
2026-09-20 15:33:28,20260920,12,2,1-5-3,36.2
2026-09-20 15:33:28,20260920,12,2,1-5-4,102.2
2026-09-20 15:33:28,20260920,12,2,1-5-6,179.7
2026-09-20 15:33:28,20260920,12,2,1-6-2,193.5
2026-09-20 15:33:28,20260920,12,2,1-6-3,144.6
2026-09-20 15:33:28,20260920,12,2,1-6-4,177.2
2026-09-20 15:33:28,20260920,12,2,1-6-5,267.6
2026-09-20 15:33:28,20260920,12,2,2-1-3,24.2
2026-09-20 15:33:28,20260920,12,2,2-1-4,104.8
2026-09-20 15:33:28,20260920,12,2,2-1-5,74.4
2026-09-20 15:33:28,20260920,12,2,2-1-6,141.3
2026-09-20 15:33:28,20260920,12,2,2-3-1,28.4
2026-09-20 15:33:28,20260920,12,2,2-3-4,96.0
2026-09-20 15:33:28,20260920,12,2,2-3-5,45.2
2026-09-20 15:33:28,20260920,12,2,2-3-6,105.7
2026-09-20 15:33:28,20260920,12,2,2-4-1,241.9
2026-09-20 15:33:28,20260920,12,2,2-4-3,220.7
2026-09-20 15:33:28,20260920,12,2,2-4-5,292.5
2026-09-20 15:33:28,20260920,12,2,2-4-6,370.0
2026-09-20 15:33:28,20260920,12,2,2-5-1,216.9
2026-09-20 15:33:28,20260920,12,2,2-5-3,107.5
2026-09-20 15:33:28,20260920,12,2,2-5-4,331.0
2026-09-20 15:33:28,20260920,12,2,2-5-6,279.5
2026-09-20 15:33:28,20260920,12,2,2-6-1,465.9
2026-09-20 15:33:28,20260920,12,2,2-6-3,349.4
2026-09-20 15:33:28,20260920,12,2,2-6-4,419.3
2026-09-20 15:33:28,20260920,12,2,2-6-5,393.1
2026-09-20 15:33:28,20260920,12,2,3-1-2,10.9
2026-09-20 15:33:28,20260920,12,2,3-1-4,48.7
2026-09-20 15:33:28,20260920,12,2,3-1-5,13.9
2026-09-20 15:33:28,20260920,12,2,3-1-6,75.3
2026-09-20 15:33:28,20260920,12,2,3-2-1,19.4
2026-09-20 15:33:28,20260920,12,2,3-2-4,71.8
2026-09-20 15:33:28,20260920,12,2,3-2-5,27.2
2026-09-20 15:33:28,20260920,12,2,3-2-6,104.8
2026-09-20 15:33:28,20260920,12,2,3-4-1,119.8
2026-09-20 15:33:28,20260920,12,2,3-4-2,102.2
2026-09-20 15:33:28,20260920,12,2,3-4-5,122.1
2026-09-20 15:33:28,20260920,12,2,3-4-6,241.9
2026-09-20 15:33:28,20260920,12,2,3-5-1,35.6
2026-09-20 15:33:28,20260920,12,2,3-5-2,34.0
2026-09-20 15:33:28,20260920,12,2,3-5-4,136.7
2026-09-20 15:33:28,20260920,12,2,3-5-6,133.8
2026-09-20 15:33:28,20260920,12,2,3-6-1,165.5
2026-09-20 15:33:28,20260920,12,2,3-6-2,246.6
2026-09-20 15:33:28,20260920,12,2,3-6-4,299.5
2026-09-20 15:33:28,20260920,12,2,3-6-5,306.8
2026-09-20 15:33:28,20260920,12,2,4-1-2,292.5
2026-09-20 15:33:28,20260920,12,2,4-1-3,190.6
2026-09-20 15:33:28,20260920,12,2,4-1-5,146.2
2026-09-20 15:33:28,20260920,12,2,4-1-6,340.0
2026-09-20 15:33:28,20260920,12,2,4-2-1,547.0
2026-09-20 15:33:28,20260920,12,2,4-2-3,237.3
2026-09-20 15:33:28,20260920,12,2,4-2-5,306.8
2026-09-20 15:33:28,20260920,12,2,4-2-6,279.5
2026-09-20 15:33:28,20260920,12,2,4-3-1,206.2
2026-09-20 15:33:28,20260920,12,2,4-3-2,359.4
2026-09-20 15:33:28,20260920,12,2,4-3-5,340.0
2026-09-20 15:33:28,20260920,12,2,4-3-6,547.0
2026-09-20 15:33:28,20260920,12,2,4-5-1,246.6
2026-09-20 15:33:28,20260920,12,2,4-5-2,449.3
2026-09-20 15:33:28,20260920,12,2,4-5-3,340.0
2026-09-20 15:33:28,20260920,12,2,4-5-6,449.3
2026-09-20 15:33:28,20260920,12,2,4-6-1,465.9
2026-09-20 15:33:28,20260920,12,2,4-6-2,349.4
2026-09-20 15:33:28,20260920,12,2,4-6-3,359.4
2026-09-20 15:33:28,20260920,12,2,4-6-5,838.7
2026-09-20 15:33:28,20260920,12,2,5-1-2,118.6
2026-09-20 15:33:28,20260920,12,2,5-1-3,106.6
2026-09-20 15:33:28,20260920,12,2,5-1-4,193.5
2026-09-20 15:33:28,20260920,12,2,5-1-6,340.0
2026-09-20 15:33:28,20260920,12,2,5-2-1,206.2
2026-09-20 15:33:28,20260920,12,2,5-2-3,122.1
2026-09-20 15:33:28,20260920,12,2,5-2-4,359.4
2026-09-20 15:33:28,20260920,12,2,5-2-6,331.0
2026-09-20 15:33:28,20260920,12,2,5-3-1,117.5
2026-09-20 15:33:28,20260920,12,2,5-3-2,135.2
2026-09-20 15:33:28,20260920,12,2,5-3-4,331.0
2026-09-20 15:33:28,20260920,12,2,5-3-6,285.9
2026-09-20 15:33:28,20260920,12,2,5-4-1,267.6
2026-09-20 15:33:28,20260920,12,2,5-4-2,419.3
2026-09-20 15:33:28,20260920,12,2,5-4-3,370.0
2026-09-20 15:33:28,20260920,12,2,5-4-6,547.0
2026-09-20 15:33:28,20260920,12,2,5-6-1,405.8
2026-09-20 15:33:28,20260920,12,2,5-6-2,524.2
2026-09-20 15:33:28,20260920,12,2,5-6-3,331.0
2026-09-20 15:33:28,20260920,12,2,5-6-4,524.2
2026-09-20 15:33:28,20260920,12,2,6-1-2,340.0
2026-09-20 15:33:28,20260920,12,2,6-1-3,393.1
2026-09-20 15:33:28,20260920,12,2,6-1-4,524.2
2026-09-20 15:33:28,20260920,12,2,6-1-5,898.6
2026-09-20 15:33:28,20260920,12,2,6-2-1,786.3
2026-09-20 15:33:28,20260920,12,2,6-2-3,465.9
2026-09-20 15:33:28,20260920,12,2,6-2-4,547.0
2026-09-20 15:33:28,20260920,12,2,6-2-5,524.2
2026-09-20 15:33:28,20260920,12,2,6-3-1,359.4
2026-09-20 15:33:28,20260920,12,2,6-3-2,898.6
2026-09-20 15:33:28,20260920,12,2,6-3-4,524.2
2026-09-20 15:33:28,20260920,12,2,6-3-5,967.7
2026-09-20 15:33:28,20260920,12,2,6-4-1,967.7
2026-09-20 15:33:28,20260920,12,2,6-4-2,740.0
2026-09-20 15:33:28,20260920,12,2,6-4-3,698.9
2026-09-20 15:33:28,20260920,12,2,6-4-5,1397.0
2026-09-20 15:33:28,20260920,12,2,6-5-1,698.9
2026-09-20 15:33:28,20260920,12,2,6-5-2,629.0
2026-09-20 15:33:28,20260920,12,2,6-5-3,629.0
2026-09-20 15:33:28,20260920,12,2,6-5-4,1048.0
2026-09-20 15:33:38,20260920,13,11,1-2-3,5.0
2026-09-20 15:33:38,20260920,13,11,1-2-4,23.3
2026-09-20 15:33:38,20260920,13,11,1-2-5,18.0
2026-09-20 15:33:38,20260920,13,11,1-2-6,38.4
2026-09-20 15:33:38,20260920,13,11,1-3-2,8.0
2026-09-20 15:33:38,20260920,13,11,1-3-4,23.0
2026-09-20 15:33:38,20260920,13,11,1-3-5,21.9
2026-09-20 15:33:38,20260920,13,11,1-3-6,58.5
2026-09-20 15:33:38,20260920,13,11,1-4-2,59.7
2026-09-20 15:33:38,20260920,13,11,1-4-3,55.8
2026-09-20 15:33:38,20260920,13,11,1-4-5,92.0
2026-09-20 15:33:38,20260920,13,11,1-4-6,197.8
2026-09-20 15:33:38,20260920,13,11,1-5-2,37.1
2026-09-20 15:33:38,20260920,13,11,1-5-3,40.7
2026-09-20 15:33:38,20260920,13,11,1-5-4,89.1
2026-09-20 15:33:38,20260920,13,11,1-5-6,105.7
2026-09-20 15:33:38,20260920,13,11,1-6-2,110.2
2026-09-20 15:33:38,20260920,13,11,1-6-3,118.2
2026-09-20 15:33:38,20260920,13,11,1-6-4,208.7
2026-09-20 15:33:38,20260920,13,11,1-6-5,175.6
2026-09-20 15:33:38,20260920,13,11,2-1-3,12.6
2026-09-20 15:33:38,20260920,13,11,2-1-4,46.1
2026-09-20 15:33:38,20260920,13,11,2-1-5,30.3
2026-09-20 15:33:38,20260920,13,11,2-1-6,67.4
2026-09-20 15:33:38,20260920,13,11,2-3-1,24.1
2026-09-20 15:33:38,20260920,13,11,2-3-4,62.8
2026-09-20 15:33:38,20260920,13,11,2-3-5,58.7
2026-09-20 15:33:38,20260920,13,11,2-3-6,139.2
2026-09-20 15:33:38,20260920,13,11,2-4-1,180.4
2026-09-20 15:33:38,20260920,13,11,2-4-3,174.3
2026-09-20 15:33:38,20260920,13,11,2-4-5,302.5
2026-09-20 15:33:38,20260920,13,11,2-4-6,503.5
2026-09-20 15:33:38,20260920,13,11,2-5-1,95.7
2026-09-20 15:33:38,20260920,13,11,2-5-3,112.3
2026-09-20 15:33:38,20260920,13,11,2-5-4,262.8
2026-09-20 15:33:38,20260920,13,11,2-5-6,227.8
2026-09-20 15:33:38,20260920,13,11,2-6-1,266.7
2026-09-20 15:33:38,20260920,13,11,2-6-3,346.2
2026-09-20 15:33:38,20260920,13,11,2-6-4,706.0
2026-09-20 15:33:38,20260920,13,11,2-6-5,580.7
2026-09-20 15:33:38,20260920,13,11,3-1-2,24.1
2026-09-20 15:33:38,20260920,13,11,3-1-4,48.1
2026-09-20 15:33:38,20260920,13,11,3-1-5,58.6
2026-09-20 15:33:38,20260920,13,11,3-1-6,122.0
2026-09-20 15:33:38,20260920,13,11,3-2-1,32.6
2026-09-20 15:33:38,20260920,13,11,3-2-4,64.5
2026-09-20 15:33:38,20260920,13,11,3-2-5,74.4
2026-09-20 15:33:38,20260920,13,11,3-2-6,180.4
2026-09-20 15:33:38,20260920,13,11,3-4-1,85.3
2026-09-20 15:33:38,20260920,13,11,3-4-2,92.0
2026-09-20 15:33:38,20260920,13,11,3-4-5,136.3
2026-09-20 15:33:38,20260920,13,11,3-4-6,230.8
2026-09-20 15:33:38,20260920,13,11,3-5-1,153.2
2026-09-20 15:33:38,20260920,13,11,3-5-2,123.9
2026-09-20 15:33:38,20260920,13,11,3-5-4,160.3
2026-09-20 15:33:38,20260920,13,11,3-5-6,363.7
2026-09-20 15:33:38,20260920,13,11,3-6-1,521.8
2026-09-20 15:33:38,20260920,13,11,3-6-2,525.6
2026-09-20 15:33:38,20260920,13,11,3-6-4,620.8
2026-09-20 15:33:38,20260920,13,11,3-6-5,742.4
2026-09-20 15:33:38,20260920,13,11,4-1-2,174.7
2026-09-20 15:33:38,20260920,13,11,4-1-3,210.5
2026-09-20 15:33:38,20260920,13,11,4-1-5,222.2
2026-09-20 15:33:38,20260920,13,11,4-1-6,439.1
2026-09-20 15:33:38,20260920,13,11,4-2-1,346.2
2026-09-20 15:33:38,20260920,13,11,4-2-3,371.2
2026-09-20 15:33:38,20260920,13,11,4-2-5,537.4
2026-09-20 15:33:38,20260920,13,11,4-2-6,1043.0
2026-09-20 15:33:38,20260920,13,11,4-3-1,249.1
2026-09-20 15:33:38,20260920,13,11,4-3-2,273.8
2026-09-20 15:33:38,20260920,13,11,4-3-5,328.8
2026-09-20 15:33:38,20260920,13,11,4-3-6,610.2
2026-09-20 15:33:38,20260920,13,11,4-5-1,327.3
2026-09-20 15:33:38,20260920,13,11,4-5-2,391.3
2026-09-20 15:33:38,20260920,13,11,4-5-3,353.0
2026-09-20 15:33:38,20260920,13,11,4-5-6,576.1
2026-09-20 15:33:38,20260920,13,11,4-6-1,1674.0
2026-09-20 15:33:38,20260920,13,11,4-6-2,1241.0
2026-09-20 15:33:38,20260920,13,11,4-6-3,1384.0
2026-09-20 15:33:38,20260920,13,11,4-6-5,1600.0
2026-09-20 15:33:38,20260920,13,11,5-1-2,140.9
2026-09-20 15:33:38,20260920,13,11,5-1-3,175.6
2026-09-20 15:33:38,20260920,13,11,5-1-4,237.6
2026-09-20 15:33:38,20260920,13,11,5-1-6,215.6
2026-09-20 15:33:38,20260920,13,11,5-2-1,248.3
2026-09-20 15:33:38,20260920,13,11,5-2-3,248.3
2026-09-20 15:33:38,20260920,13,11,5-2-4,500.0
2026-09-20 15:33:38,20260920,13,11,5-2-6,518.0
2026-09-20 15:33:38,20260920,13,11,5-3-1,314.4
2026-09-20 15:33:38,20260920,13,11,5-3-2,265.7
2026-09-20 15:33:38,20260920,13,11,5-3-4,423.6
2026-09-20 15:33:38,20260920,13,11,5-3-6,809.1
2026-09-20 15:33:38,20260920,13,11,5-4-1,369.3
2026-09-20 15:33:38,20260920,13,11,5-4-2,385.1
2026-09-20 15:33:38,20260920,13,11,5-4-3,336.5
2026-09-20 15:33:38,20260920,13,11,5-4-6,500.0
2026-09-20 15:33:38,20260920,13,11,5-6-1,545.5
2026-09-20 15:33:38,20260920,13,11,5-6-2,631.7
2026-09-20 15:33:38,20260920,13,11,5-6-3,631.7
2026-09-20 15:33:38,20260920,13,11,5-6-4,837.3
2026-09-20 15:33:38,20260920,13,11,6-1-2,549.7
2026-09-20 15:33:38,20260920,13,11,6-1-3,742.4
2026-09-20 15:33:38,20260920,13,11,6-1-4,1200.0
2026-09-20 15:33:38,20260920,13,11,6-1-5,878.2
2026-09-20 15:33:38,20260920,13,11,6-2-1,827.7
2026-09-20 15:33:38,20260920,13,11,6-2-3,911.5
2026-09-20 15:33:38,20260920,13,11,6-2-4,1440.0
2026-09-20 15:33:38,20260920,13,11,6-2-5,1469.0
2026-09-20 15:33:38,20260920,13,11,6-3-1,1091.0
2026-09-20 15:33:38,20260920,13,11,6-3-2,1059.0
2026-09-20 15:33:38,20260920,13,11,6-3-4,1412.0
2026-09-20 15:33:38,20260920,13,11,6-3-5,2118.0
2026-09-20 15:33:38,20260920,13,11,6-4-1,2118.0
2026-09-20 15:33:38,20260920,13,11,6-4-2,1714.0
2026-09-20 15:33:38,20260920,13,11,6-4-3,1469.0
2026-09-20 15:33:38,20260920,13,11,6-4-5,2323.0
2026-09-20 15:33:38,20260920,13,11,6-5-1,1043.0
2026-09-20 15:33:38,20260920,13,11,6-5-2,1384.0
2026-09-20 15:33:38,20260920,13,11,6-5-3,1674.0
2026-09-20 15:33:38,20260920,13,11,6-5-4,1358.0
2026-09-20 15:36:18,20260920,15,2,1-2-3,32.9
2026-09-20 15:36:18,20260920,15,2,1-2-4,42.9
2026-09-20 15:36:18,20260920,15,2,1-2-5,53.4
2026-09-20 15:36:18,20260920,15,2,1-2-6,60.9
2026-09-20 15:36:18,20260920,15,2,1-3-2,34.3
2026-09-20 15:36:18,20260920,15,2,1-3-4,28.5
2026-09-20 15:36:18,20260920,15,2,1-3-5,19.3
2026-09-20 15:36:18,20260920,15,2,1-3-6,50.2
2026-09-20 15:36:18,20260920,15,2,1-4-2,43.8
2026-09-20 15:36:18,20260920,15,2,1-4-3,31.1
2026-09-20 15:36:18,20260920,15,2,1-4-5,22.7
2026-09-20 15:36:18,20260920,15,2,1-4-6,51.4
2026-09-20 15:36:18,20260920,15,2,1-5-2,33.9
2026-09-20 15:36:18,20260920,15,2,1-5-3,18.9
2026-09-20 15:36:18,20260920,15,2,1-5-4,25.7
2026-09-20 15:36:18,20260920,15,2,1-5-6,37.5
2026-09-20 15:36:18,20260920,15,2,1-6-2,88.4
2026-09-20 15:36:18,20260920,15,2,1-6-3,112.2
2026-09-20 15:36:18,20260920,15,2,1-6-4,67.6
2026-09-20 15:36:18,20260920,15,2,1-6-5,92.9
2026-09-20 15:36:18,20260920,15,2,2-1-3,80.7
2026-09-20 15:36:18,20260920,15,2,2-1-4,67.6
2026-09-20 15:36:18,20260920,15,2,2-1-5,129.5
2026-09-20 15:36:18,20260920,15,2,2-1-6,137.3
2026-09-20 15:36:18,20260920,15,2,2-3-1,219.0
2026-09-20 15:36:18,20260920,15,2,2-3-4,161.4
2026-09-20 15:36:18,20260920,15,2,2-3-5,150.8
2026-09-20 15:36:18,20260920,15,2,2-3-6,328.6
2026-09-20 15:36:18,20260920,15,2,2-4-1,180.4
2026-09-20 15:36:18,20260920,15,2,2-4-3,235.9
2026-09-20 15:36:18,20260920,15,2,2-4-5,204.4
2026-09-20 15:36:18,20260920,15,2,2-4-6,161.4
2026-09-20 15:36:18,20260920,15,2,2-5-1,187.7
2026-09-20 15:36:18,20260920,15,2,2-5-3,143.7
2026-09-20 15:36:18,20260920,15,2,2-5-4,235.9
2026-09-20 15:36:18,20260920,15,2,2-5-6,184.0
2026-09-20 15:36:18,20260920,15,2,2-6-1,235.9
2026-09-20 15:36:18,20260920,15,2,2-6-3,400.0
2026-09-20 15:36:18,20260920,15,2,2-6-4,255.5
2026-09-20 15:36:18,20260920,15,2,2-6-5,317.2
2026-09-20 15:36:18,20260920,15,2,3-1-2,106.9
2026-09-20 15:36:18,20260920,15,2,3-1-4,61.3
2026-09-20 15:36:18,20260920,15,2,3-1-5,35.8
2026-09-20 15:36:18,20260920,15,2,3-1-6,106.9
2026-09-20 15:36:18,20260920,15,2,3-2-1,167.2
2026-09-20 15:36:18,20260920,15,2,3-2-4,113.5
2026-09-20 15:36:18,20260920,15,2,3-2-5,98.9
2026-09-20 15:36:18,20260920,15,2,3-2-6,164.3
2026-09-20 15:36:18,20260920,15,2,3-4-1,131.4
2026-09-20 15:36:18,20260920,15,2,3-4-2,242.1
2026-09-20 15:36:18,20260920,15,2,3-4-5,122.6
2026-09-20 15:36:18,20260920,15,2,3-4-6,161.4
2026-09-20 15:36:18,20260920,15,2,3-5-1,48.1
2026-09-20 15:36:18,20260920,15,2,3-5-2,110.8
2026-09-20 15:36:18,20260920,15,2,3-5-4,77.3
2026-09-20 15:36:18,20260920,15,2,3-5-6,94.8
2026-09-20 15:36:18,20260920,15,2,3-6-1,235.9
2026-09-20 15:36:18,20260920,15,2,3-6-2,317.2
2026-09-20 15:36:18,20260920,15,2,3-6-4,224.4
2026-09-20 15:36:18,20260920,15,2,3-6-5,158.6
2026-09-20 15:36:18,20260920,15,2,4-1-2,92.9
2026-09-20 15:36:18,20260920,15,2,4-1-3,75.4
2026-09-20 15:36:18,20260920,15,2,4-1-5,42.9
2026-09-20 15:36:18,20260920,15,2,4-1-6,124.3
2026-09-20 15:36:18,20260920,15,2,4-2-1,191.6
2026-09-20 15:36:18,20260920,15,2,4-2-3,219.0
2026-09-20 15:36:18,20260920,15,2,4-2-5,129.5
2026-09-20 15:36:18,20260920,15,2,4-2-6,167.2
2026-09-20 15:36:18,20260920,15,2,4-3-1,124.3
2026-09-20 15:36:18,20260920,15,2,4-3-2,278.8
2026-09-20 15:36:18,20260920,15,2,4-3-5,122.6
2026-09-20 15:36:18,20260920,15,2,4-3-6,195.7
2026-09-20 15:36:18,20260920,15,2,4-5-1,60.9
2026-09-20 15:36:18,20260920,15,2,4-5-2,158.6
2026-09-20 15:36:18,20260920,15,2,4-5-3,90.2
2026-09-20 15:36:18,20260920,15,2,4-5-6,86.8
2026-09-20 15:36:18,20260920,15,2,4-6-1,191.6
2026-09-20 15:36:18,20260920,15,2,4-6-2,180.4
2026-09-20 15:36:18,20260920,15,2,4-6-3,328.6
2026-09-20 15:36:18,20260920,15,2,4-6-5,126.0
2026-09-20 15:36:18,20260920,15,2,5-1-2,60.1
2026-09-20 15:36:18,20260920,15,2,5-1-3,32.1
2026-09-20 15:36:18,20260920,15,2,5-1-4,38.0
2026-09-20 15:36:18,20260920,15,2,5-1-6,57.8
2026-09-20 15:36:18,20260920,15,2,5-2-1,173.6
2026-09-20 15:36:18,20260920,15,2,5-2-3,98.9
2026-09-20 15:36:18,20260920,15,2,5-2-4,176.9
2026-09-20 15:36:18,20260920,15,2,5-2-6,141.5
2026-09-20 15:36:18,20260920,15,2,5-3-1,40.5
2026-09-20 15:36:18,20260920,15,2,5-3-2,116.4
2026-09-20 15:36:18,20260920,15,2,5-3-4,119.4
2026-09-20 15:36:18,20260920,15,2,5-3-6,103.3
2026-09-20 15:36:18,20260920,15,2,5-4-1,47.4
2026-09-20 15:36:18,20260920,15,2,5-4-2,195.7
2026-09-20 15:36:18,20260920,15,2,5-4-3,93.8
2026-09-20 15:36:18,20260920,15,2,5-4-6,102.2
2026-09-20 15:36:18,20260920,15,2,5-6-1,92.9
2026-09-20 15:36:18,20260920,15,2,5-6-2,164.3
2026-09-20 15:36:18,20260920,15,2,5-6-3,141.5
2026-09-20 15:36:18,20260920,15,2,5-6-4,150.8
2026-09-20 15:36:18,20260920,15,2,6-1-2,139.4
2026-09-20 15:36:18,20260920,15,2,6-1-3,242.1
2026-09-20 15:36:18,20260920,15,2,6-1-4,278.8
2026-09-20 15:36:18,20260920,15,2,6-1-5,187.7
2026-09-20 15:36:18,20260920,15,2,6-2-1,278.8
2026-09-20 15:36:18,20260920,15,2,6-2-3,400.0
2026-09-20 15:36:18,20260920,15,2,6-2-4,368.0
2026-09-20 15:36:18,20260920,15,2,6-2-5,368.0
2026-09-20 15:36:18,20260920,15,2,6-3-1,541.2
2026-09-20 15:36:18,20260920,15,2,6-3-2,707.7
2026-09-20 15:36:18,20260920,15,2,6-3-4,541.2
2026-09-20 15:36:18,20260920,15,2,6-3-5,296.8
2026-09-20 15:36:18,20260920,15,2,6-4-1,383.3
2026-09-20 15:36:18,20260920,15,2,6-4-2,383.3
2026-09-20 15:36:18,20260920,15,2,6-4-3,511.1
2026-09-20 15:36:18,20260920,15,2,6-4-5,262.8
2026-09-20 15:36:18,20260920,15,2,6-5-1,167.2
2026-09-20 15:36:18,20260920,15,2,6-5-2,511.1
2026-09-20 15:36:18,20260920,15,2,6-5-3,248.6
2026-09-20 15:36:18,20260920,15,2,6-5-4,230.0
2026-09-20 15:39:16,20260920,5,11,1-2-3,9.9
2026-09-20 15:39:16,20260920,5,11,1-2-4,17.3
2026-09-20 15:39:16,20260920,5,11,1-2-5,12.3
2026-09-20 15:39:16,20260920,5,11,1-2-6,64.4
2026-09-20 15:39:16,20260920,5,11,1-3-2,13.3
2026-09-20 15:39:16,20260920,5,11,1-3-4,18.7
2026-09-20 15:39:16,20260920,5,11,1-3-5,12.2
2026-09-20 15:39:16,20260920,5,11,1-3-6,63.6
2026-09-20 15:39:16,20260920,5,11,1-4-2,26.0
2026-09-20 15:39:16,20260920,5,11,1-4-3,28.6
2026-09-20 15:39:16,20260920,5,11,1-4-5,21.0
2026-09-20 15:39:16,20260920,5,11,1-4-6,69.4
2026-09-20 15:39:16,20260920,5,11,1-5-2,14.9
2026-09-20 15:39:16,20260920,5,11,1-5-3,16.6
2026-09-20 15:39:16,20260920,5,11,1-5-4,22.7
2026-09-20 15:39:16,20260920,5,11,1-5-6,54.9
2026-09-20 15:39:16,20260920,5,11,1-6-2,206.1
2026-09-20 15:39:16,20260920,5,11,1-6-3,199.8
2026-09-20 15:39:16,20260920,5,11,1-6-4,189.8
2026-09-20 15:39:16,20260920,5,11,1-6-5,188.3
2026-09-20 15:39:16,20260920,5,11,2-1-3,53.3
2026-09-20 15:39:16,20260920,5,11,2-1-4,81.8
2026-09-20 15:39:16,20260920,5,11,2-1-5,56.7
2026-09-20 15:39:16,20260920,5,11,2-1-6,214.3
2026-09-20 15:39:16,20260920,5,11,2-3-1,114.8
2026-09-20 15:39:16,20260920,5,11,2-3-4,286.4
2026-09-20 15:39:16,20260920,5,11,2-3-5,165.1
2026-09-20 15:39:16,20260920,5,11,2-3-6,616.9
2026-09-20 15:39:16,20260920,5,11,2-4-1,230.0
2026-09-20 15:39:16,20260920,5,11,2-4-3,432.0
2026-09-20 15:39:16,20260920,5,11,2-4-5,280.7
2026-09-20 15:39:16,20260920,5,11,2-4-6,697.9
2026-09-20 15:39:16,20260920,5,11,2-5-1,115.5
2026-09-20 15:39:16,20260920,5,11,2-5-3,174.1
2026-09-20 15:39:16,20260920,5,11,2-5-4,261.5
2026-09-20 15:39:16,20260920,5,11,2-5-6,473.6
2026-09-20 15:39:16,20260920,5,11,2-6-1,1168.0
2026-09-20 15:39:16,20260920,5,11,2-6-3,1405.0
2026-09-20 15:39:16,20260920,5,11,2-6-4,1491.0
2026-09-20 15:39:16,20260920,5,11,2-6-5,1278.0
2026-09-20 15:39:16,20260920,5,11,3-1-2,76.0
2026-09-20 15:39:16,20260920,5,11,3-1-4,98.1
2026-09-20 15:39:16,20260920,5,11,3-1-5,62.1
2026-09-20 15:39:16,20260920,5,11,3-1-6,252.3
2026-09-20 15:39:16,20260920,5,11,3-2-1,150.7
2026-09-20 15:39:16,20260920,5,11,3-2-4,335.5
2026-09-20 15:39:16,20260920,5,11,3-2-5,199.8
2026-09-20 15:39:16,20260920,5,11,3-2-6,689.3
2026-09-20 15:39:16,20260920,5,11,3-4-1,199.4
2026-09-20 15:39:16,20260920,5,11,3-4-2,355.2
2026-09-20 15:39:16,20260920,5,11,3-4-5,180.6
2026-09-20 15:39:16,20260920,5,11,3-4-6,505.3
2026-09-20 15:39:16,20260920,5,11,3-5-1,107.7
2026-09-20 15:39:16,20260920,5,11,3-5-2,191.4
2026-09-20 15:39:16,20260920,5,11,3-5-4,203.3
2026-09-20 15:39:16,20260920,5,11,3-5-6,411.7
2026-09-20 15:39:16,20260920,5,11,3-6-1,1099.0
2026-09-20 15:39:16,20260920,5,11,3-6-2,1468.0
2026-09-20 15:39:16,20260920,5,11,3-6-4,1178.0
2026-09-20 15:39:16,20260920,5,11,3-6-5,1154.0
2026-09-20 15:39:16,20260920,5,11,4-1-2,82.4
2026-09-20 15:39:16,20260920,5,11,4-1-3,99.2
2026-09-20 15:39:16,20260920,5,11,4-1-5,51.2
2026-09-20 15:39:16,20260920,5,11,4-1-6,166.0
2026-09-20 15:39:16,20260920,5,11,4-2-1,190.8
2026-09-20 15:39:16,20260920,5,11,4-2-3,325.8
2026-09-20 15:39:16,20260920,5,11,4-2-5,182.6
2026-09-20 15:39:16,20260920,5,11,4-2-6,426.4
2026-09-20 15:39:16,20260920,5,11,4-3-1,213.4
2026-09-20 15:39:16,20260920,5,11,4-3-2,383.2
2026-09-20 15:39:16,20260920,5,11,4-3-5,205.6
2026-09-20 15:39:16,20260920,5,11,4-3-6,490.8
2026-09-20 15:39:16,20260920,5,11,4-5-1,57.8
2026-09-20 15:39:16,20260920,5,11,4-5-2,95.0
2026-09-20 15:39:16,20260920,5,11,4-5-3,123.5
2026-09-20 15:39:16,20260920,5,11,4-5-6,110.2
2026-09-20 15:39:16,20260920,5,11,4-6-1,436.8
2026-09-20 15:39:16,20260920,5,11,4-6-2,626.8
2026-09-20 15:39:16,20260920,5,11,4-6-3,678.6
2026-09-20 15:39:16,20260920,5,11,4-6-5,316.4
2026-09-20 15:39:16,20260920,5,11,5-1-2,42.1
2026-09-20 15:39:16,20260920,5,11,5-1-3,48.1
2026-09-20 15:39:16,20260920,5,11,5-1-4,61.7
2026-09-20 15:39:16,20260920,5,11,5-1-6,112.4
2026-09-20 15:39:16,20260920,5,11,5-2-1,87.9
2026-09-20 15:39:16,20260920,5,11,5-2-3,148.7
2026-09-20 15:39:16,20260920,5,11,5-2-4,184.1
2026-09-20 15:39:16,20260920,5,11,5-2-6,288.1
2026-09-20 15:39:16,20260920,5,11,5-3-1,112.7
2026-09-20 15:39:16,20260920,5,11,5-3-2,193.4
2026-09-20 15:39:16,20260920,5,11,5-3-4,230.7
2026-09-20 15:39:16,20260920,5,11,5-3-6,402.0
2026-09-20 15:39:16,20260920,5,11,5-4-1,86.6
2026-09-20 15:39:16,20260920,5,11,5-4-2,139.6
2026-09-20 15:39:16,20260920,5,11,5-4-3,169.7
2026-09-20 15:39:16,20260920,5,11,5-4-6,156.9
2026-09-20 15:39:16,20260920,5,11,5-6-1,386.2
2026-09-20 15:39:16,20260920,5,11,5-6-2,557.5
2026-09-20 15:39:16,20260920,5,11,5-6-3,639.0
2026-09-20 15:39:16,20260920,5,11,5-6-4,390.8
2026-09-20 15:39:16,20260920,5,11,6-1-2,1299.0
2026-09-20 15:39:16,20260920,5,11,6-1-3,1519.0
2026-09-20 15:39:16,20260920,5,11,6-1-4,1633.0
2026-09-20 15:39:16,20260920,5,11,6-1-5,1496.0
2026-09-20 15:39:16,20260920,5,11,6-2-1,2008.0
2026-09-20 15:39:16,20260920,5,11,6-2-3,2236.0
2026-09-20 15:39:16,20260920,5,11,6-2-4,2127.0
2026-09-20 15:39:16,20260920,5,11,6-2-5,2262.0
2026-09-20 15:39:16,20260920,5,11,6-3-1,1741.0
2026-09-20 15:39:16,20260920,5,11,6-3-2,1988.0
2026-09-20 15:39:16,20260920,5,11,6-3-4,2139.0
2026-09-20 15:39:16,20260920,5,11,6-3-5,2491.0
2026-09-20 15:39:16,20260920,5,11,6-4-1,2060.0
2026-09-20 15:39:16,20260920,5,11,6-4-2,2139.0
2026-09-20 15:39:16,20260920,5,11,6-4-3,2475.0
2026-09-20 15:39:16,20260920,5,11,6-4-5,937.2
2026-09-20 15:39:16,20260920,5,11,6-5-1,1426.0
2026-09-20 15:39:16,20260920,5,11,6-5-2,1948.0
2026-09-20 15:39:16,20260920,5,11,6-5-3,2236.0
2026-09-20 15:39:16,20260920,5,11,6-5-4,806.6
2026-09-20 15:42:15,20260920,2,11,1-2-3,52.6
2026-09-20 15:42:15,20260920,2,11,1-2-4,40.1
2026-09-20 15:42:15,20260920,2,11,1-2-5,20.7
2026-09-20 15:42:15,20260920,2,11,1-2-6,14.4
2026-09-20 15:42:15,20260920,2,11,1-3-2,87.4
2026-09-20 15:42:15,20260920,2,11,1-3-4,110.5
2026-09-20 15:42:15,20260920,2,11,1-3-5,101.9
2026-09-20 15:42:15,20260920,2,11,1-3-6,93.2
2026-09-20 15:42:15,20260920,2,11,1-4-2,85.4
2026-09-20 15:42:15,20260920,2,11,1-4-3,141.0
2026-09-20 15:42:15,20260920,2,11,1-4-5,80.2
2026-09-20 15:42:15,20260920,2,11,1-4-6,53.0
2026-09-20 15:42:15,20260920,2,11,1-5-2,30.6
2026-09-20 15:42:15,20260920,2,11,1-5-3,110.5
2026-09-20 15:42:15,20260920,2,11,1-5-4,81.8
2026-09-20 15:42:15,20260920,2,11,1-5-6,25.4
2026-09-20 15:42:15,20260920,2,11,1-6-2,17.9
2026-09-20 15:42:15,20260920,2,11,1-6-3,67.2
2026-09-20 15:42:15,20260920,2,11,1-6-4,41.4
2026-09-20 15:42:15,20260920,2,11,1-6-5,23.1
2026-09-20 15:42:15,20260920,2,11,2-1-3,74.8
2026-09-20 15:42:15,20260920,2,11,2-1-4,57.6
2026-09-20 15:42:15,20260920,2,11,2-1-5,32.8
2026-09-20 15:42:15,20260920,2,11,2-1-6,23.5
2026-09-20 15:42:15,20260920,2,11,2-3-1,173.2
2026-09-20 15:42:15,20260920,2,11,2-3-4,110.1
2026-09-20 15:42:15,20260920,2,11,2-3-5,143.3
2026-09-20 15:42:15,20260920,2,11,2-3-6,142.2
2026-09-20 15:42:15,20260920,2,11,2-4-1,100.8
2026-09-20 15:42:15,20260920,2,11,2-4-3,87.9
2026-09-20 15:42:15,20260920,2,11,2-4-5,58.0
2026-09-20 15:42:15,20260920,2,11,2-4-6,48.2
2026-09-20 15:42:15,20260920,2,11,2-5-1,58.2
2026-09-20 15:42:15,20260920,2,11,2-5-3,158.6
2026-09-20 15:42:15,20260920,2,11,2-5-4,83.4
2026-09-20 15:42:15,20260920,2,11,2-5-6,33.1
2026-09-20 15:42:15,20260920,2,11,2-6-1,35.2
2026-09-20 15:42:15,20260920,2,11,2-6-3,135.7
2026-09-20 15:42:15,20260920,2,11,2-6-4,50.9
2026-09-20 15:42:15,20260920,2,11,2-6-5,35.2
2026-09-20 15:42:15,20260920,2,11,3-1-2,172.4
2026-09-20 15:42:15,20260920,2,11,3-1-4,184.0
2026-09-20 15:42:15,20260920,2,11,3-1-5,133.2
2026-09-20 15:42:15,20260920,2,11,3-1-6,254.9
2026-09-20 15:42:15,20260920,2,11,3-2-1,244.5
2026-09-20 15:42:15,20260920,2,11,3-2-4,112.2
2026-09-20 15:42:15,20260920,2,11,3-2-5,179.3
2026-09-20 15:42:15,20260920,2,11,3-2-6,225.9
2026-09-20 15:42:15,20260920,2,11,3-4-1,349.9
2026-09-20 15:42:15,20260920,2,11,3-4-2,155.2
2026-09-20 15:42:15,20260920,2,11,3-4-5,290.2
2026-09-20 15:42:15,20260920,2,11,3-4-6,324.5
2026-09-20 15:42:15,20260920,2,11,3-5-1,333.6
2026-09-20 15:42:15,20260920,2,11,3-5-2,215.0
2026-09-20 15:42:15,20260920,2,11,3-5-4,305.1
2026-09-20 15:42:15,20260920,2,11,3-5-6,299.9
2026-09-20 15:42:15,20260920,2,11,3-6-1,463.6
2026-09-20 15:42:15,20260920,2,11,3-6-2,302.5
2026-09-20 15:42:15,20260920,2,11,3-6-4,360.5
2026-09-20 15:42:15,20260920,2,11,3-6-5,310.4
2026-09-20 15:42:15,20260920,2,11,4-1-2,180.2
2026-09-20 15:42:15,20260920,2,11,4-1-3,281.0
2026-09-20 15:42:15,20260920,2,11,4-1-5,160.0
2026-09-20 15:42:15,20260920,2,11,4-1-6,116.6
2026-09-20 15:42:15,20260920,2,11,4-2-1,190.8
2026-09-20 15:42:15,20260920,2,11,4-2-3,173.2
2026-09-20 15:42:15,20260920,2,11,4-2-5,175.8
2026-09-20 15:42:15,20260920,2,11,4-2-6,93.9
2026-09-20 15:42:15,20260920,2,11,4-3-1,336.7
2026-09-20 15:42:15,20260920,2,11,4-3-2,203.9
2026-09-20 15:42:15,20260920,2,11,4-3-5,379.7
2026-09-20 15:42:15,20260920,2,11,4-3-6,364.2
2026-09-20 15:42:15,20260920,2,11,4-5-1,225.9
2026-09-20 15:42:15,20260920,2,11,4-5-2,203.9
2026-09-20 15:42:15,20260920,2,11,4-5-3,327.5
2026-09-20 15:42:15,20260920,2,11,4-5-6,137.2
2026-09-20 15:42:15,20260920,2,11,4-6-1,127.4
2026-09-20 15:42:15,20260920,2,11,4-6-2,97.0
2026-09-20 15:42:15,20260920,2,11,4-6-3,356.9
2026-09-20 15:42:15,20260920,2,11,4-6-5,154.5
2026-09-20 15:42:15,20260920,2,11,5-1-2,77.2
2026-09-20 15:42:15,20260920,2,11,5-1-3,281.0
2026-09-20 15:42:15,20260920,2,11,5-1-4,170.8
2026-09-20 15:42:15,20260920,2,11,5-1-6,57.7
2026-09-20 15:42:15,20260920,2,11,5-2-1,109.1
2026-09-20 15:42:15,20260920,2,11,5-2-3,247.9
2026-09-20 15:42:15,20260920,2,11,5-2-4,186.8
2026-09-20 15:42:15,20260920,2,11,5-2-6,71.8
2026-09-20 15:42:15,20260920,2,11,5-3-1,446.2
2026-09-20 15:42:15,20260920,2,11,5-3-2,375.7
2026-09-20 15:42:15,20260920,2,11,5-3-4,540.8
2026-09-20 15:42:15,20260920,2,11,5-3-6,495.8
2026-09-20 15:42:15,20260920,2,11,5-4-1,274.5
2026-09-20 15:42:15,20260920,2,11,5-4-2,223.1
2026-09-20 15:42:15,20260920,2,11,5-4-3,557.7
2026-09-20 15:42:15,20260920,2,11,5-4-6,146.9
2026-09-20 15:42:15,20260920,2,11,5-6-1,63.5
2026-09-20 15:42:15,20260920,2,11,5-6-2,66.3
2026-09-20 15:42:15,20260920,2,11,5-6-3,256.8
2026-09-20 15:42:15,20260920,2,11,5-6-4,142.7
2026-09-20 15:42:15,20260920,2,11,6-1-2,37.3
2026-09-20 15:42:15,20260920,2,11,6-1-3,171.6
2026-09-20 15:42:15,20260920,2,11,6-1-4,103.4
2026-09-20 15:42:15,20260920,2,11,6-1-5,52.7
2026-09-20 15:42:15,20260920,2,11,6-2-1,58.9
2026-09-20 15:42:15,20260920,2,11,6-2-3,219.0
2026-09-20 15:42:15,20260920,2,11,6-2-4,100.5
2026-09-20 15:42:15,20260920,2,11,6-2-5,73.6
2026-09-20 15:42:15,20260920,2,11,6-3-1,502.7
2026-09-20 15:42:15,20260920,2,11,6-3-2,396.6
2026-09-20 15:42:15,20260920,2,11,6-3-4,392.2
2026-09-20 15:42:15,20260920,2,11,6-3-5,594.9
2026-09-20 15:42:15,20260920,2,11,6-4-1,203.9
2026-09-20 15:42:15,20260920,2,11,6-4-2,146.9
2026-09-20 15:42:15,20260920,2,11,6-4-3,349.9
2026-09-20 15:42:15,20260920,2,11,6-4-5,206.3
2026-09-20 15:42:15,20260920,2,11,6-5-1,74.5
2026-09-20 15:42:15,20260920,2,11,6-5-2,74.0
2026-09-20 15:42:15,20260920,2,11,6-5-3,281.0
2026-09-20 15:42:15,20260920,2,11,6-5-4,169.1
2026-09-20 15:42:25,20260920,3,11,1-2-3,53.2
2026-09-20 15:42:25,20260920,3,11,1-2-4,48.5
2026-09-20 15:42:25,20260920,3,11,1-2-5,49.3
2026-09-20 15:42:25,20260920,3,11,1-2-6,70.5
2026-09-20 15:42:25,20260920,3,11,1-3-2,56.7
2026-09-20 15:42:25,20260920,3,11,1-3-4,29.2
2026-09-20 15:42:25,20260920,3,11,1-3-5,22.6
2026-09-20 15:42:25,20260920,3,11,1-3-6,29.6
2026-09-20 15:42:25,20260920,3,11,1-4-2,38.2
2026-09-20 15:42:25,20260920,3,11,1-4-3,31.7
2026-09-20 15:42:25,20260920,3,11,1-4-5,11.4
2026-09-20 15:42:25,20260920,3,11,1-4-6,22.5
2026-09-20 15:42:25,20260920,3,11,1-5-2,42.4
2026-09-20 15:42:25,20260920,3,11,1-5-3,29.1
2026-09-20 15:42:25,20260920,3,11,1-5-4,13.8
2026-09-20 15:42:25,20260920,3,11,1-5-6,21.0
2026-09-20 15:42:25,20260920,3,11,1-6-2,107.1
2026-09-20 15:42:25,20260920,3,11,1-6-3,86.5
2026-09-20 15:42:25,20260920,3,11,1-6-4,57.8
2026-09-20 15:42:25,20260920,3,11,1-6-5,42.8
2026-09-20 15:42:25,20260920,3,11,2-1-3,111.1
2026-09-20 15:42:25,20260920,3,11,2-1-4,120.7
2026-09-20 15:42:25,20260920,3,11,2-1-5,130.4
2026-09-20 15:42:25,20260920,3,11,2-1-6,140.6
2026-09-20 15:42:25,20260920,3,11,2-3-1,268.6
2026-09-20 15:42:25,20260920,3,11,2-3-4,276.9
2026-09-20 15:42:25,20260920,3,11,2-3-5,276.9
2026-09-20 15:42:25,20260920,3,11,2-3-6,333.3
2026-09-20 15:42:25,20260920,3,11,2-4-1,199.9
2026-09-20 15:42:25,20260920,3,11,2-4-3,310.3
2026-09-20 15:42:25,20260920,3,11,2-4-5,264.6
2026-09-20 15:42:25,20260920,3,11,2-4-6,327.2
2026-09-20 15:42:25,20260920,3,11,2-5-1,204.5
2026-09-20 15:42:25,20260920,3,11,2-5-3,399.9
2026-09-20 15:42:25,20260920,3,11,2-5-4,449.9
2026-09-20 15:42:25,20260920,3,11,2-5-6,305.0
2026-09-20 15:42:25,20260920,3,11,2-6-1,327.2
2026-09-20 15:42:25,20260920,3,11,2-6-3,461.5
2026-09-20 15:42:25,20260920,3,11,2-6-4,461.5
2026-09-20 15:42:25,20260920,3,11,2-6-5,367.3
2026-09-20 15:42:25,20260920,3,11,3-1-2,149.9
2026-09-20 15:42:25,20260920,3,11,3-1-4,80.3
2026-09-20 15:42:25,20260920,3,11,3-1-5,63.1
2026-09-20 15:42:25,20260920,3,11,3-1-6,127.6
2026-09-20 15:42:25,20260920,3,11,3-2-1,243.2
2026-09-20 15:42:25,20260920,3,11,3-2-4,187.4
2026-09-20 15:42:25,20260920,3,11,3-2-5,155.1
2026-09-20 15:42:25,20260920,3,11,3-2-6,233.7
2026-09-20 15:42:25,20260920,3,11,3-4-1,146.3
2026-09-20 15:42:25,20260920,3,11,3-4-2,321.4
2026-09-20 15:42:25,20260920,3,11,3-4-5,108.4
2026-09-20 15:42:25,20260920,3,11,3-4-6,204.5
2026-09-20 15:42:25,20260920,3,11,3-5-1,100.5
2026-09-20 15:42:25,20260920,3,11,3-5-2,199.9
2026-09-20 15:42:25,20260920,3,11,3-5-4,125.8
2026-09-20 15:42:25,20260920,3,11,3-5-6,149.9
2026-09-20 15:42:25,20260920,3,11,3-6-1,183.6
2026-09-20 15:42:25,20260920,3,11,3-6-2,315.7
2026-09-20 15:42:25,20260920,3,11,3-6-4,315.7
2026-09-20 15:42:25,20260920,3,11,3-6-5,195.6
2026-09-20 15:42:25,20260920,3,11,4-1-2,121.6
2026-09-20 15:42:25,20260920,3,11,4-1-3,71.9
2026-09-20 15:42:25,20260920,3,11,4-1-5,28.6
2026-09-20 15:42:25,20260920,3,11,4-1-6,47.2
2026-09-20 15:42:25,20260920,3,11,4-2-1,209.2
2026-09-20 15:42:25,20260920,3,11,4-2-3,299.9
2026-09-20 15:42:25,20260920,3,11,4-2-5,227.8
2026-09-20 15:42:25,20260920,3,11,4-2-6,249.9
2026-09-20 15:42:25,20260920,3,11,4-3-1,105.8
2026-09-20 15:42:25,20260920,3,11,4-3-2,315.7
2026-09-20 15:42:25,20260920,3,11,4-3-5,85.3
2026-09-20 15:42:25,20260920,3,11,4-3-6,115.3
2026-09-20 15:42:25,20260920,3,11,4-5-1,38.2
2026-09-20 15:42:25,20260920,3,11,4-5-2,149.9
2026-09-20 15:42:25,20260920,3,11,4-5-3,87.3
2026-09-20 15:42:25,20260920,3,11,4-5-6,34.8
2026-09-20 15:42:25,20260920,3,11,4-6-1,110.4
2026-09-20 15:42:25,20260920,3,11,4-6-2,214.2
2026-09-20 15:42:25,20260920,3,11,4-6-3,230.7
2026-09-20 15:42:25,20260920,3,11,4-6-5,81.8
2026-09-20 15:42:25,20260920,3,11,5-1-2,102.2
2026-09-20 15:42:25,20260920,3,11,5-1-3,73.1
2026-09-20 15:42:25,20260920,3,11,5-1-4,50.9
2026-09-20 15:42:25,20260920,3,11,5-1-6,48.6
2026-09-20 15:42:25,20260920,3,11,5-2-1,189.4
2026-09-20 15:42:25,20260920,3,11,5-2-3,227.8
2026-09-20 15:42:25,20260920,3,11,5-2-4,260.8
2026-09-20 15:42:25,20260920,3,11,5-2-6,246.5
2026-09-20 15:42:25,20260920,3,11,5-3-1,136.3
2026-09-20 15:42:25,20260920,3,11,5-3-2,295.0
2026-09-20 15:42:25,20260920,3,11,5-3-4,216.8
2026-09-20 15:42:25,20260920,3,11,5-3-6,149.9
2026-09-20 15:42:25,20260920,3,11,5-4-1,76.5
2026-09-20 15:42:25,20260920,3,11,5-4-2,204.5
2026-09-20 15:42:25,20260920,3,11,5-4-3,142.8
2026-09-20 15:42:25,20260920,3,11,5-4-6,57.8
2026-09-20 15:42:25,20260920,3,11,5-6-1,71.7
2026-09-20 15:42:25,20260920,3,11,5-6-2,295.0
2026-09-20 15:42:25,20260920,3,11,5-6-3,174.7
2026-09-20 15:42:25,20260920,3,11,5-6-4,104.0
2026-09-20 15:42:25,20260920,3,11,6-1-2,249.9
2026-09-20 15:42:25,20260920,3,11,6-1-3,327.2
2026-09-20 15:42:25,20260920,3,11,6-1-4,179.9
2026-09-20 15:42:25,20260920,3,11,6-1-5,89.5
2026-09-20 15:42:25,20260920,3,11,6-2-1,499.9
2026-09-20 15:42:25,20260920,3,11,6-2-3,719.9
2026-09-20 15:42:25,20260920,3,11,6-2-4,666.6
2026-09-20 15:42:25,20260920,3,11,6-2-5,580.5
2026-09-20 15:42:25,20260920,3,11,6-3-1,499.9
2026-09-20 15:42:25,20260920,3,11,6-3-2,545.4
2026-09-20 15:42:25,20260920,3,11,6-3-4,580.5
2026-09-20 15:42:25,20260920,3,11,6-3-5,409.0
2026-09-20 15:42:25,20260920,3,11,6-4-1,202.2
2026-09-20 15:42:25,20260920,3,11,6-4-2,449.9
2026-09-20 15:42:25,20260920,3,11,6-4-3,382.9
2026-09-20 15:42:25,20260920,3,11,6-4-5,173.0
2026-09-20 15:42:25,20260920,3,11,6-5-1,99.4
2026-09-20 15:42:25,20260920,3,11,6-5-2,428.5
2026-09-20 15:42:25,20260920,3,11,6-5-3,327.2
2026-09-20 15:42:25,20260920,3,11,6-5-4,168.2
2026-09-20 15:45:16,20260920,1,2,1-2-3,28.3
2026-09-20 15:45:16,20260920,1,2,1-2-4,24.1
2026-09-20 15:45:16,20260920,1,2,1-2-5,69.3
2026-09-20 15:45:16,20260920,1,2,1-2-6,152.3
2026-09-20 15:45:16,20260920,1,2,1-3-2,21.5
2026-09-20 15:45:16,20260920,1,2,1-3-4,11.5
2026-09-20 15:45:16,20260920,1,2,1-3-5,39.5
2026-09-20 15:45:16,20260920,1,2,1-3-6,167.8
2026-09-20 15:45:16,20260920,1,2,1-4-2,23.6
2026-09-20 15:45:16,20260920,1,2,1-4-3,15.9
2026-09-20 15:45:16,20260920,1,2,1-4-5,39.7
2026-09-20 15:45:16,20260920,1,2,1-4-6,169.8
2026-09-20 15:45:16,20260920,1,2,1-5-2,125.7
2026-09-20 15:45:16,20260920,1,2,1-5-3,93.4
2026-09-20 15:45:16,20260920,1,2,1-5-4,89.5
2026-09-20 15:45:16,20260920,1,2,1-5-6,206.1
2026-09-20 15:45:16,20260920,1,2,1-6-2,329.7
2026-09-20 15:45:16,20260920,1,2,1-6-3,350.3
2026-09-20 15:45:16,20260920,1,2,1-6-4,298.2
2026-09-20 15:45:16,20260920,1,2,1-6-5,291.9
2026-09-20 15:45:16,20260920,1,2,2-1-3,57.9
2026-09-20 15:45:16,20260920,1,2,2-1-4,57.0
2026-09-20 15:45:16,20260920,1,2,2-1-5,127.9
2026-09-20 15:45:16,20260920,1,2,2-1-6,280.3
2026-09-20 15:45:16,20260920,1,2,2-3-1,74.1
2026-09-20 15:45:16,20260920,1,2,2-3-4,80.5
2026-09-20 15:45:16,20260920,1,2,2-3-5,152.3
2026-09-20 15:45:16,20260920,1,2,2-3-6,406.2
2026-09-20 15:45:16,20260920,1,2,2-4-1,77.0
2026-09-20 15:45:16,20260920,1,2,2-4-3,78.0
2026-09-20 15:45:16,20260920,1,2,2-4-5,117.2
2026-09-20 15:45:16,20260920,1,2,2-4-6,341.8
2026-09-20 15:45:16,20260920,1,2,2-5-1,145.9
2026-09-20 15:45:16,20260920,1,2,2-5-3,169.8
2026-09-20 15:45:16,20260920,1,2,2-5-4,146.7
2026-09-20 15:45:16,20260920,1,2,2-5-6,286.0
2026-09-20 15:45:16,20260920,1,2,2-6-1,444.9
2026-09-20 15:45:16,20260920,1,2,2-6-3,560.6
2026-09-20 15:45:16,20260920,1,2,2-6-4,459.5
2026-09-20 15:45:16,20260920,1,2,2-6-5,683.6
2026-09-20 15:45:16,20260920,1,2,3-1-2,33.6
2026-09-20 15:45:16,20260920,1,2,3-1-4,16.1
2026-09-20 15:45:16,20260920,1,2,3-1-5,47.8
2026-09-20 15:45:16,20260920,1,2,3-1-6,185.6
2026-09-20 15:45:16,20260920,1,2,3-2-1,64.4
2026-09-20 15:45:16,20260920,1,2,3-2-4,58.1
2026-09-20 15:45:16,20260920,1,2,3-2-5,101.9
2026-09-20 15:45:16,20260920,1,2,3-2-6,264.4
2026-09-20 15:45:16,20260920,1,2,3-4-1,20.9
2026-09-20 15:45:16,20260920,1,2,3-4-2,43.3
2026-09-20 15:45:16,20260920,1,2,3-4-5,51.6
2026-09-20 15:45:16,20260920,1,2,3-4-6,215.6
2026-09-20 15:45:16,20260920,1,2,3-5-1,83.9
2026-09-20 15:45:16,20260920,1,2,3-5-2,119.2
2026-09-20 15:45:16,20260920,1,2,3-5-4,91.3
2026-09-20 15:45:16,20260920,1,2,3-5-6,325.9
2026-09-20 15:45:16,20260920,1,2,3-6-1,483.2
2026-09-20 15:45:16,20260920,1,2,3-6-2,637.0
2026-09-20 15:45:16,20260920,1,2,3-6-4,549.6
2026-09-20 15:45:16,20260920,1,2,3-6-5,549.6
2026-09-20 15:45:16,20260920,1,2,4-1-2,33.5
2026-09-20 15:45:16,20260920,1,2,4-1-3,21.6
2026-09-20 15:45:16,20260920,1,2,4-1-5,43.3
2026-09-20 15:45:16,20260920,1,2,4-1-6,132.2
2026-09-20 15:45:16,20260920,1,2,4-2-1,62.1
2026-09-20 15:45:16,20260920,1,2,4-2-3,78.7
2026-09-20 15:45:16,20260920,1,2,4-2-5,98.0
2026-09-20 15:45:16,20260920,1,2,4-2-6,224.2
2026-09-20 15:45:16,20260920,1,2,4-3-1,27.2
2026-09-20 15:45:16,20260920,1,2,4-3-2,41.8
2026-09-20 15:45:16,20260920,1,2,4-3-5,78.9
2026-09-20 15:45:16,20260920,1,2,4-3-6,264.4
2026-09-20 15:45:16,20260920,1,2,4-5-1,51.1
2026-09-20 15:45:16,20260920,1,2,4-5-2,70.9
2026-09-20 15:45:16,20260920,1,2,4-5-3,66.1
2026-09-20 15:45:16,20260920,1,2,4-5-6,105.3
2026-09-20 15:45:16,20260920,1,2,4-6-1,373.7
2026-09-20 15:45:16,20260920,1,2,4-6-2,301.4
2026-09-20 15:45:16,20260920,1,2,4-6-3,444.9
2026-09-20 15:45:16,20260920,1,2,4-6-5,304.6
2026-09-20 15:45:16,20260920,1,2,5-1-2,129.7
2026-09-20 15:45:16,20260920,1,2,5-1-3,99.7
2026-09-20 15:45:16,20260920,1,2,5-1-4,86.7
2026-09-20 15:45:16,20260920,1,2,5-1-6,182.0
2026-09-20 15:45:16,20260920,1,2,5-2-1,235.5
2026-09-20 15:45:16,20260920,1,2,5-2-3,196.0
2026-09-20 15:45:16,20260920,1,2,5-2-4,168.8
2026-09-20 15:45:16,20260920,1,2,5-2-6,318.5
2026-09-20 15:45:16,20260920,1,2,5-3-1,167.8
2026-09-20 15:45:16,20260920,1,2,5-3-2,261.9
2026-09-20 15:45:16,20260920,1,2,5-3-4,165.8
2026-09-20 15:45:16,20260920,1,2,5-3-6,549.6
2026-09-20 15:45:16,20260920,1,2,5-4-1,100.4
2026-09-20 15:45:16,20260920,1,2,5-4-2,123.4
2026-09-20 15:45:16,20260920,1,2,5-4-3,114.8
2026-09-20 15:45:16,20260920,1,2,5-4-6,179.6
2026-09-20 15:45:16,20260920,1,2,5-6-1,528.8
2026-09-20 15:45:16,20260920,1,2,5-6-2,452.1
2026-09-20 15:45:16,20260920,1,2,5-6-3,560.6
2026-09-20 15:45:16,20260920,1,2,5-6-4,368.8
2026-09-20 15:45:16,20260920,1,2,6-1-2,389.3
2026-09-20 15:45:16,20260920,1,2,6-1-3,389.3
2026-09-20 15:45:16,20260920,1,2,6-1-4,519.0
2026-09-20 15:45:16,20260920,1,2,6-1-5,651.8
2026-09-20 15:45:16,20260920,1,2,6-2-1,509.6
2026-09-20 15:45:16,20260920,1,2,6-2-3,683.6
2026-09-20 15:45:16,20260920,1,2,6-2-4,757.6
2026-09-20 15:45:16,20260920,1,2,6-2-5,966.5
2026-09-20 15:45:16,20260920,1,2,6-3-1,904.2
2026-09-20 15:45:16,20260920,1,2,6-3-2,1274.0
2026-09-20 15:45:16,20260920,1,2,6-3-4,509.6
2026-09-20 15:45:16,20260920,1,2,6-3-5,1001.0
2026-09-20 15:45:16,20260920,1,2,6-4-1,934.3
2026-09-20 15:45:16,20260920,1,2,6-4-2,700.7
2026-09-20 15:45:16,20260920,1,2,6-4-3,966.5
2026-09-20 15:45:16,20260920,1,2,6-4-5,651.8
2026-09-20 15:45:16,20260920,1,2,6-5-1,904.2
2026-09-20 15:45:16,20260920,1,2,6-5-2,824.4
2026-09-20 15:45:16,20260920,1,2,6-5-3,1167.0
2026-09-20 15:45:16,20260920,1,2,6-5-4,483.2
2026-09-20 15:48:05,20260920,6,10,1-2-3,46.8
2026-09-20 15:48:05,20260920,6,10,1-2-4,14.2
2026-09-20 15:48:05,20260920,6,10,1-2-5,47.5
2026-09-20 15:48:05,20260920,6,10,1-2-6,24.7
2026-09-20 15:48:05,20260920,6,10,1-3-2,81.2
2026-09-20 15:48:05,20260920,6,10,1-3-4,69.0
2026-09-20 15:48:05,20260920,6,10,1-3-5,87.2
2026-09-20 15:48:05,20260920,6,10,1-3-6,99.5
2026-09-20 15:48:05,20260920,6,10,1-4-2,11.8
2026-09-20 15:48:05,20260920,6,10,1-4-3,53.0
2026-09-20 15:48:05,20260920,6,10,1-4-5,33.4
2026-09-20 15:48:05,20260920,6,10,1-4-6,13.3
2026-09-20 15:48:05,20260920,6,10,1-5-2,77.5
2026-09-20 15:48:05,20260920,6,10,1-5-3,112.7
2026-09-20 15:48:05,20260920,6,10,1-5-4,121.9
2026-09-20 15:48:05,20260920,6,10,1-5-6,137.3
2026-09-20 15:48:05,20260920,6,10,1-6-2,85.3
2026-09-20 15:48:05,20260920,6,10,1-6-3,155.1
2026-09-20 15:48:05,20260920,6,10,1-6-4,57.9
2026-09-20 15:48:05,20260920,6,10,1-6-5,128.4
2026-09-20 15:48:05,20260920,6,10,2-1-3,108.6
2026-09-20 15:48:05,20260920,6,10,2-1-4,30.3
2026-09-20 15:48:05,20260920,6,10,2-1-5,125.7
2026-09-20 15:48:05,20260920,6,10,2-1-6,77.0
2026-09-20 15:48:05,20260920,6,10,2-3-1,284.4
2026-09-20 15:48:05,20260920,6,10,2-3-4,217.2
2026-09-20 15:48:05,20260920,6,10,2-3-5,331.8
2026-09-20 15:48:05,20260920,6,10,2-3-6,225.4
2026-09-20 15:48:05,20260920,6,10,2-4-1,38.6
2026-09-20 15:48:05,20260920,6,10,2-4-3,202.4
2026-09-20 15:48:05,20260920,6,10,2-4-5,195.8
2026-09-20 15:48:05,20260920,6,10,2-4-6,46.6
2026-09-20 15:48:05,20260920,6,10,2-5-1,398.2
2026-09-20 15:48:05,20260920,6,10,2-5-3,426.6
2026-09-20 15:48:05,20260920,6,10,2-5-4,373.3
2026-09-20 15:48:05,20260920,6,10,2-5-6,314.3
2026-09-20 15:48:05,20260920,6,10,2-6-1,186.6
2026-09-20 15:48:05,20260920,6,10,2-6-3,362.0
2026-09-20 15:48:05,20260920,6,10,2-6-4,118.2
2026-09-20 15:48:05,20260920,6,10,2-6-5,298.6
2026-09-20 15:48:05,20260920,6,10,3-1-2,192.6
2026-09-20 15:48:05,20260920,6,10,3-1-4,96.3
2026-09-20 15:48:05,20260920,6,10,3-1-5,128.4
2026-09-20 15:48:05,20260920,6,10,3-1-6,199.1
2026-09-20 15:48:05,20260920,6,10,3-2-1,291.3
2026-09-20 15:48:05,20260920,6,10,3-2-4,221.2
2026-09-20 15:48:05,20260920,6,10,3-2-5,178.3
2026-09-20 15:48:05,20260920,6,10,3-2-6,291.3
2026-09-20 15:48:05,20260920,6,10,3-4-1,189.6
2026-09-20 15:48:05,20260920,6,10,3-4-2,221.2
2026-09-20 15:48:05,20260920,6,10,3-4-5,331.8
2026-09-20 15:48:05,20260920,6,10,3-4-6,259.7
2026-09-20 15:48:05,20260920,6,10,3-5-1,271.5
2026-09-20 15:48:05,20260920,6,10,3-5-2,178.3
2026-09-20 15:48:05,20260920,6,10,3-5-4,411.9
2026-09-20 15:48:05,20260920,6,10,3-5-6,277.8
2026-09-20 15:48:05,20260920,6,10,3-6-1,442.4
2026-09-20 15:48:05,20260920,6,10,3-6-2,373.3
2026-09-20 15:48:05,20260920,6,10,3-6-4,373.3
2026-09-20 15:48:05,20260920,6,10,3-6-5,362.0
2026-09-20 15:48:05,20260920,6,10,4-1-2,13.2
2026-09-20 15:48:05,20260920,6,10,4-1-3,87.8
2026-09-20 15:48:05,20260920,6,10,4-1-5,42.2
2026-09-20 15:48:05,20260920,6,10,4-1-6,15.8
2026-09-20 15:48:05,20260920,6,10,4-2-1,27.5
2026-09-20 15:48:05,20260920,6,10,4-2-3,119.4
2026-09-20 15:48:05,20260920,6,10,4-2-5,86.5
2026-09-20 15:48:05,20260920,6,10,4-2-6,24.8
2026-09-20 15:48:05,20260920,6,10,4-3-1,259.7
2026-09-20 15:48:05,20260920,6,10,4-3-2,331.8
2026-09-20 15:48:05,20260920,6,10,4-3-5,362.0
2026-09-20 15:48:05,20260920,6,10,4-3-6,221.2
2026-09-20 15:48:05,20260920,6,10,4-5-1,71.5
2026-09-20 15:48:05,20260920,6,10,4-5-2,83.5
2026-09-20 15:48:05,20260920,6,10,4-5-3,217.2
2026-09-20 15:48:05,20260920,6,10,4-5-6,60.0
2026-09-20 15:48:05,20260920,6,10,4-6-1,23.4
2026-09-20 15:48:05,20260920,6,10,4-6-2,28.7
2026-09-20 15:48:05,20260920,6,10,4-6-3,178.3
2026-09-20 15:48:05,20260920,6,10,4-6-5,63.2
2026-09-20 15:48:05,20260920,6,10,5-1-2,168.2
2026-09-20 15:48:05,20260920,6,10,5-1-3,221.2
2026-09-20 15:48:05,20260920,6,10,5-1-4,119.4
2026-09-20 15:48:05,20260920,6,10,5-1-6,161.4
2026-09-20 15:48:05,20260920,6,10,5-2-1,411.9
2026-09-20 15:48:05,20260920,6,10,5-2-3,322.8
2026-09-20 15:48:05,20260920,6,10,5-2-4,259.7
2026-09-20 15:48:05,20260920,6,10,5-2-6,209.5
2026-09-20 15:48:05,20260920,6,10,5-3-1,497.7
2026-09-20 15:48:05,20260920,6,10,5-3-2,459.4
2026-09-20 15:48:05,20260920,6,10,5-3-4,663.7
2026-09-20 15:48:05,20260920,6,10,5-3-6,209.5
2026-09-20 15:48:05,20260920,6,10,5-4-1,140.5
2026-09-20 15:48:05,20260920,6,10,5-4-2,199.1
2026-09-20 15:48:05,20260920,6,10,5-4-3,298.6
2026-09-20 15:48:05,20260920,6,10,5-4-6,111.6
2026-09-20 15:48:05,20260920,6,10,5-6-1,341.3
2026-09-20 15:48:05,20260920,6,10,5-6-2,331.8
2026-09-20 15:48:05,20260920,6,10,5-6-3,398.2
2026-09-20 15:48:05,20260920,6,10,5-6-4,225.4
2026-09-20 15:48:05,20260920,6,10,6-1-2,209.5
2026-09-20 15:48:05,20260920,6,10,6-1-3,351.3
2026-09-20 15:48:05,20260920,6,10,6-1-4,124.4
2026-09-20 15:48:05,20260920,6,10,6-1-5,373.3
2026-09-20 15:48:05,20260920,6,10,6-2-1,331.8
2026-09-20 15:48:05,20260920,6,10,6-2-3,663.7
2026-09-20 15:48:05,20260920,6,10,6-2-4,147.4
2026-09-20 15:48:05,20260920,6,10,6-2-5,568.8
2026-09-20 15:48:05,20260920,6,10,6-3-1,543.0
2026-09-20 15:48:05,20260920,6,10,6-3-2,663.7
2026-09-20 15:48:05,20260920,6,10,6-3-4,362.0
2026-09-20 15:48:05,20260920,6,10,6-3-5,426.6
2026-09-20 15:48:05,20260920,6,10,6-4-1,134.2
2026-09-20 15:48:05,20260920,6,10,6-4-2,121.9
2026-09-20 15:48:05,20260920,6,10,6-4-3,497.7
2026-09-20 15:48:05,20260920,6,10,6-4-5,209.5
2026-09-20 15:48:05,20260920,6,10,6-5-1,442.4
2026-09-20 15:48:05,20260920,6,10,6-5-2,385.3
2026-09-20 15:48:05,20260920,6,10,6-5-3,628.7
2026-09-20 15:48:05,20260920,6,10,6-5-4,271.5
2026-09-20 15:50:45,20260920,17,11,1-2-3,14.9
2026-09-20 15:50:45,20260920,17,11,1-2-4,12.2
2026-09-20 15:50:45,20260920,17,11,1-2-5,13.7
2026-09-20 15:50:45,20260920,17,11,1-2-6,124.5
2026-09-20 15:50:45,20260920,17,11,1-3-2,29.0
2026-09-20 15:50:45,20260920,17,11,1-3-4,31.7
2026-09-20 15:50:45,20260920,17,11,1-3-5,34.2
2026-09-20 15:50:45,20260920,17,11,1-3-6,250.8
2026-09-20 15:50:45,20260920,17,11,1-4-2,28.9
2026-09-20 15:50:45,20260920,17,11,1-4-3,47.6
2026-09-20 15:50:45,20260920,17,11,1-4-5,28.1
2026-09-20 15:50:45,20260920,17,11,1-4-6,251.8
2026-09-20 15:50:45,20260920,17,11,1-5-2,39.0
2026-09-20 15:50:45,20260920,17,11,1-5-3,62.2
2026-09-20 15:50:45,20260920,17,11,1-5-4,50.2
2026-09-20 15:50:45,20260920,17,11,1-5-6,228.8
2026-09-20 15:50:45,20260920,17,11,1-6-2,408.5
2026-09-20 15:50:45,20260920,17,11,1-6-3,603.6
2026-09-20 15:50:45,20260920,17,11,1-6-4,620.3
2026-09-20 15:50:45,20260920,17,11,1-6-5,508.3
2026-09-20 15:50:45,20260920,17,11,2-1-3,22.0
2026-09-20 15:50:45,20260920,17,11,2-1-4,19.0
2026-09-20 15:50:45,20260920,17,11,2-1-5,23.0
2026-09-20 15:50:45,20260920,17,11,2-1-6,180.5
2026-09-20 15:50:45,20260920,17,11,2-3-1,55.0
2026-09-20 15:50:45,20260920,17,11,2-3-4,38.2
2026-09-20 15:50:45,20260920,17,11,2-3-5,44.2
2026-09-20 15:50:45,20260920,17,11,2-3-6,361.5
2026-09-20 15:50:45,20260920,17,11,2-4-1,45.1
2026-09-20 15:50:45,20260920,17,11,2-4-3,51.6
2026-09-20 15:50:45,20260920,17,11,2-4-5,28.7
2026-09-20 15:50:45,20260920,17,11,2-4-6,297.2
2026-09-20 15:50:45,20260920,17,11,2-5-1,55.5
2026-09-20 15:50:45,20260920,17,11,2-5-3,75.3
2026-09-20 15:50:45,20260920,17,11,2-5-4,47.9
2026-09-20 15:50:45,20260920,17,11,2-5-6,293.9
2026-09-20 15:50:45,20260920,17,11,2-6-1,697.0
2026-09-20 15:50:45,20260920,17,11,2-6-3,932.6
2026-09-20 15:50:45,20260920,17,11,2-6-4,1016.0
2026-09-20 15:50:45,20260920,17,11,2-6-5,647.0
2026-09-20 15:50:45,20260920,17,11,3-1-2,60.8
2026-09-20 15:50:45,20260920,17,11,3-1-4,64.6
2026-09-20 15:50:45,20260920,17,11,3-1-5,65.4
2026-09-20 15:50:45,20260920,17,11,3-1-6,404.8
2026-09-20 15:50:45,20260920,17,11,3-2-1,81.3
2026-09-20 15:50:45,20260920,17,11,3-2-4,62.7
2026-09-20 15:50:45,20260920,17,11,3-2-5,66.1
2026-09-20 15:50:45,20260920,17,11,3-2-6,383.0
2026-09-20 15:50:45,20260920,17,11,3-4-1,100.2
2026-09-20 15:50:45,20260920,17,11,3-4-2,78.0
2026-09-20 15:50:45,20260920,17,11,3-4-5,65.3
2026-09-20 15:50:45,20260920,17,11,3-4-6,334.7
2026-09-20 15:50:45,20260920,17,11,3-5-1,113.6
2026-09-20 15:50:45,20260920,17,11,3-5-2,88.2
2026-09-20 15:50:45,20260920,17,11,3-5-4,86.0
2026-09-20 15:50:45,20260920,17,11,3-5-6,348.5
2026-09-20 15:50:45,20260920,17,11,3-6-1,1016.0
2026-09-20 15:50:45,20260920,17,11,3-6-2,800.1
2026-09-20 15:50:45,20260920,17,11,3-6-4,861.3
2026-09-20 15:50:45,20260920,17,11,3-6-5,743.0
2026-09-20 15:50:45,20260920,17,11,4-1-2,61.4
2026-09-20 15:50:45,20260920,17,11,4-1-3,118.9
2026-09-20 15:50:45,20260920,17,11,4-1-5,64.0
2026-09-20 15:50:45,20260920,17,11,4-1-6,379.8
2026-09-20 15:50:45,20260920,17,11,4-2-1,83.0
2026-09-20 15:50:45,20260920,17,11,4-2-3,95.7
2026-09-20 15:50:45,20260920,17,11,4-2-5,50.9
2026-09-20 15:50:45,20260920,17,11,4-2-6,345.8
2026-09-20 15:50:45,20260920,17,11,4-3-1,169.2
2026-09-20 15:50:45,20260920,17,11,4-3-2,117.4
2026-09-20 15:50:45,20260920,17,11,4-3-5,104.8
2026-09-20 15:50:45,20260920,17,11,4-3-6,394.2
2026-09-20 15:50:45,20260920,17,11,4-5-1,61.7
2026-09-20 15:50:45,20260920,17,11,4-5-2,45.3
2026-09-20 15:50:45,20260920,17,11,4-5-3,93.7
2026-09-20 15:50:45,20260920,17,11,4-5-6,160.0
2026-09-20 15:50:45,20260920,17,11,4-6-1,751.2
2026-09-20 15:50:45,20260920,17,11,4-6-2,730.9
2026-09-20 15:50:45,20260920,17,11,4-6-3,786.2
2026-09-20 15:50:45,20260920,17,11,4-6-5,568.1
2026-09-20 15:50:45,20260920,17,11,5-1-2,85.3
2026-09-20 15:50:45,20260920,17,11,5-1-3,186.5
2026-09-20 15:50:45,20260920,17,11,5-1-4,123.6
2026-09-20 15:50:45,20260920,17,11,5-1-6,344.0
2026-09-20 15:50:45,20260920,17,11,5-2-1,92.2
2026-09-20 15:50:45,20260920,17,11,5-2-3,127.2
2026-09-20 15:50:45,20260920,17,11,5-2-4,78.2
2026-09-20 15:50:45,20260920,17,11,5-2-6,373.5
2026-09-20 15:50:45,20260920,17,11,5-3-1,212.6
2026-09-20 15:50:45,20260920,17,11,5-3-2,175.3
2026-09-20 15:50:45,20260920,17,11,5-3-4,185.7
2026-09-20 15:50:45,20260920,17,11,5-3-6,595.7
2026-09-20 15:50:45,20260920,17,11,5-4-1,121.3
2026-09-20 15:50:45,20260920,17,11,5-4-2,87.3
2026-09-20 15:50:45,20260920,17,11,5-4-3,167.9
2026-09-20 15:50:45,20260920,17,11,5-4-6,336.3
2026-09-20 15:50:45,20260920,17,11,5-6-1,693.4
2026-09-20 15:50:45,20260920,17,11,5-6-2,656.4
2026-09-20 15:50:45,20260920,17,11,5-6-3,819.5
2026-09-20 15:50:45,20260920,17,11,5-6-4,611.8
2026-09-20 15:50:45,20260920,17,11,6-1-2,715.4
2026-09-20 15:50:45,20260920,17,11,6-1-3,1959.0
2026-09-20 15:50:45,20260920,17,11,6-1-4,1669.0
2026-09-20 15:50:45,20260920,17,11,6-1-5,1502.0
2026-09-20 15:50:45,20260920,17,11,6-2-1,889.6
2026-09-20 15:50:45,20260920,17,11,6-2-3,1469.0
2026-09-20 15:50:45,20260920,17,11,6-2-4,1300.0
2026-09-20 15:50:45,20260920,17,11,6-2-5,1287.0
2026-09-20 15:50:45,20260920,17,11,6-3-1,1878.0
2026-09-20 15:50:45,20260920,17,11,6-3-2,1690.0
2026-09-20 15:50:45,20260920,17,11,6-3-4,1931.0
2026-09-20 15:50:45,20260920,17,11,6-3-5,1325.0
2026-09-20 15:50:45,20260920,17,11,6-4-1,2181.0
2026-09-20 15:50:45,20260920,17,11,6-4-2,1779.0
2026-09-20 15:50:45,20260920,17,11,6-4-3,2458.0
2026-09-20 15:50:45,20260920,17,11,6-4-5,1352.0
2026-09-20 15:50:45,20260920,17,11,6-5-1,1024.0
2026-09-20 15:50:45,20260920,17,11,6-5-2,1438.0
2026-09-20 15:50:45,20260920,17,11,6-5-3,2080.0
2026-09-20 15:50:45,20260920,17,11,6-5-4,1300.0
2026-09-20 15:58:46,20260920,12,3,1-2-3,57.7
2026-09-20 15:58:46,20260920,12,3,1-2-4,113.3
2026-09-20 15:58:46,20260920,12,3,1-2-5,54.6
2026-09-20 15:58:46,20260920,12,3,1-2-6,111.3
2026-09-20 15:58:46,20260920,12,3,1-3-2,49.3
2026-09-20 15:58:46,20260920,12,3,1-3-4,34.6
2026-09-20 15:58:46,20260920,12,3,1-3-5,13.2
2026-09-20 15:58:46,20260920,12,3,1-3-6,69.3
2026-09-20 15:58:46,20260920,12,3,1-4-2,103.6
2026-09-20 15:58:46,20260920,12,3,1-4-3,77.7
2026-09-20 15:58:46,20260920,12,3,1-4-5,75.8
2026-09-20 15:58:46,20260920,12,3,1-4-6,141.0
2026-09-20 15:58:46,20260920,12,3,1-5-2,47.9
2026-09-20 15:58:46,20260920,12,3,1-5-3,13.4
2026-09-20 15:58:46,20260920,12,3,1-5-4,49.7
2026-09-20 15:58:46,20260920,12,3,1-5-6,42.1
2026-09-20 15:58:46,20260920,12,3,1-6-2,198.8
2026-09-20 15:58:46,20260920,12,3,1-6-3,133.3
2026-09-20 15:58:46,20260920,12,3,1-6-4,127.7
2026-09-20 15:58:46,20260920,12,3,1-6-5,139.4
2026-09-20 15:58:46,20260920,12,3,2-1-3,81.4
2026-09-20 15:58:46,20260920,12,3,2-1-4,106.4
2026-09-20 15:58:46,20260920,12,3,2-1-5,95.5
2026-09-20 15:58:46,20260920,12,3,2-1-6,212.8
2026-09-20 15:58:46,20260920,12,3,2-3-1,129.0
2026-09-20 15:58:46,20260920,12,3,2-3-4,189.5
2026-09-20 15:58:46,20260920,12,3,2-3-5,117.7
2026-09-20 15:58:46,20260920,12,3,2-3-6,258.1
2026-09-20 15:58:46,20260920,12,3,2-4-1,209.1
2026-09-20 15:58:46,20260920,12,3,2-4-3,275.7
2026-09-20 15:58:46,20260920,12,3,2-4-5,337.0
2026-09-20 15:58:46,20260920,12,3,2-4-6,367.6
2026-09-20 15:58:46,20260920,12,3,2-5-1,168.5
2026-09-20 15:58:46,20260920,12,3,2-5-3,149.7
2026-09-20 15:58:46,20260920,12,3,2-5-4,327.9
2026-09-20 15:58:46,20260920,12,3,2-5-6,216.6
2026-09-20 15:58:46,20260920,12,3,2-6-1,433.3
2026-09-20 15:58:46,20260920,12,3,2-6-3,527.5
2026-09-20 15:58:46,20260920,12,3,2-6-4,433.3
2026-09-20 15:58:46,20260920,12,3,2-6-5,337.0
2026-09-20 15:58:46,20260920,12,3,3-1-2,65.2
2026-09-20 15:58:46,20260920,12,3,3-1-4,41.1
2026-09-20 15:58:46,20260920,12,3,3-1-5,15.2
2026-09-20 15:58:46,20260920,12,3,3-1-6,117.7
2026-09-20 15:58:46,20260920,12,3,3-2-1,146.1
2026-09-20 15:58:46,20260920,12,3,3-2-4,157.5
2026-09-20 15:58:46,20260920,12,3,3-2-5,94.0
2026-09-20 15:58:46,20260920,12,3,3-2-6,220.5
2026-09-20 15:58:46,20260920,12,3,3-4-1,149.7
2026-09-20 15:58:46,20260920,12,3,3-4-2,183.8
2026-09-20 15:58:46,20260920,12,3,3-4-5,111.3
2026-09-20 15:58:46,20260920,12,3,3-4-6,282.1
2026-09-20 15:58:46,20260920,12,3,3-5-1,20.9
2026-09-20 15:58:46,20260920,12,3,3-5-2,54.1
2026-09-20 15:58:46,20260920,12,3,3-5-4,62.8
2026-09-20 15:58:46,20260920,12,3,3-5-6,35.2
2026-09-20 15:58:46,20260920,12,3,3-6-1,120.1
2026-09-20 15:58:46,20260920,12,3,3-6-2,311.0
2026-09-20 15:58:46,20260920,12,3,3-6-4,258.1
2026-09-20 15:58:46,20260920,12,3,3-6-5,129.0
2026-09-20 15:58:46,20260920,12,3,4-1-2,252.7
2026-09-20 15:58:46,20260920,12,3,4-1-3,161.7
2026-09-20 15:58:46,20260920,12,3,4-1-5,130.4
2026-09-20 15:58:46,20260920,12,3,4-1-6,282.1
2026-09-20 15:58:46,20260920,12,3,4-2-1,379.1
2026-09-20 15:58:46,20260920,12,3,4-2-3,263.7
2026-09-20 15:58:46,20260920,12,3,4-2-5,303.3
2026-09-20 15:58:46,20260920,12,3,4-2-6,263.7
2026-09-20 15:58:46,20260920,12,3,4-3-1,178.4
2026-09-20 15:58:46,20260920,12,3,4-3-2,485.3
2026-09-20 15:58:46,20260920,12,3,4-3-5,212.8
2026-09-20 15:58:46,20260920,12,3,4-3-6,404.4
2026-09-20 15:58:46,20260920,12,3,4-5-1,195.6
2026-09-20 15:58:46,20260920,12,3,4-5-2,449.3
2026-09-20 15:58:46,20260920,12,3,4-5-3,186.6
2026-09-20 15:58:46,20260920,12,3,4-5-6,269.6
2026-09-20 15:58:46,20260920,12,3,4-6-1,449.3
2026-09-20 15:58:46,20260920,12,3,4-6-2,311.0
2026-09-20 15:58:46,20260920,12,3,4-6-3,356.8
2026-09-20 15:58:46,20260920,12,3,4-6-5,713.6
2026-09-20 15:58:46,20260920,12,3,5-1-2,51.6
2026-09-20 15:58:46,20260920,12,3,5-1-3,13.3
2026-09-20 15:58:46,20260920,12,3,5-1-4,57.7
2026-09-20 15:58:46,20260920,12,3,5-1-6,36.1
2026-09-20 15:58:46,20260920,12,3,5-2-1,97.0
2026-09-20 15:58:46,20260920,12,3,5-2-3,71.3
2026-09-20 15:58:46,20260920,12,3,5-2-4,161.7
2026-09-20 15:58:46,20260920,12,3,5-2-6,115.5
2026-09-20 15:58:46,20260920,12,3,5-3-1,15.0
2026-09-20 15:58:46,20260920,12,3,5-3-2,55.9
2026-09-20 15:58:46,20260920,12,3,5-3-4,55.1
2026-09-20 15:58:46,20260920,12,3,5-3-6,26.1
2026-09-20 15:58:46,20260920,12,3,5-4-1,108.3
2026-09-20 15:58:46,20260920,12,3,5-4-2,183.8
2026-09-20 15:58:46,20260920,12,3,5-4-3,116.6
2026-09-20 15:58:46,20260920,12,3,5-4-6,181.0
2026-09-20 15:58:46,20260920,12,3,5-6-1,66.2
2026-09-20 15:58:46,20260920,12,3,5-6-2,113.3
2026-09-20 15:58:46,20260920,12,3,5-6-3,51.6
2026-09-20 15:58:46,20260920,12,3,5-6-4,134.8
2026-09-20 15:58:46,20260920,12,3,6-1-2,288.8
2026-09-20 15:58:46,20260920,12,3,6-1-3,327.9
2026-09-20 15:58:46,20260920,12,3,6-1-4,391.3
2026-09-20 15:58:46,20260920,12,3,6-1-5,295.9
2026-09-20 15:58:46,20260920,12,3,6-2-1,606.6
2026-09-20 15:58:46,20260920,12,3,6-2-3,337.0
2026-09-20 15:58:46,20260920,12,3,6-2-4,485.3
2026-09-20 15:58:46,20260920,12,3,6-2-5,367.6
2026-09-20 15:58:46,20260920,12,3,6-3-1,311.0
2026-09-20 15:58:46,20260920,12,3,6-3-2,713.6
2026-09-20 15:58:46,20260920,12,3,6-3-4,485.3
2026-09-20 15:58:46,20260920,12,3,6-3-5,228.9
2026-09-20 15:58:46,20260920,12,3,6-4-1,866.6
2026-09-20 15:58:46,20260920,12,3,6-4-2,674.0
2026-09-20 15:58:46,20260920,12,3,6-4-3,674.0
2026-09-20 15:58:46,20260920,12,3,6-4-5,1348.0
2026-09-20 15:58:46,20260920,12,3,6-5-1,216.6
2026-09-20 15:58:46,20260920,12,3,6-5-2,433.3
2026-09-20 15:58:46,20260920,12,3,6-5-3,209.1
2026-09-20 15:58:46,20260920,12,3,6-5-4,866.6
2026-09-20 16:01:36,20260920,16,11,1-2-3,15.1
2026-09-20 16:01:36,20260920,16,11,1-2-4,21.7
2026-09-20 16:01:36,20260920,16,11,1-2-5,20.5
2026-09-20 16:01:36,20260920,16,11,1-2-6,47.7
2026-09-20 16:01:36,20260920,16,11,1-3-2,13.3
2026-09-20 16:01:36,20260920,16,11,1-3-4,13.5
2026-09-20 16:01:36,20260920,16,11,1-3-5,10.5
2026-09-20 16:01:36,20260920,16,11,1-3-6,42.6
2026-09-20 16:01:36,20260920,16,11,1-4-2,36.4
2026-09-20 16:01:36,20260920,16,11,1-4-3,27.2
2026-09-20 16:01:36,20260920,16,11,1-4-5,31.1
2026-09-20 16:01:36,20260920,16,11,1-4-6,79.4
2026-09-20 16:01:36,20260920,16,11,1-5-2,31.4
2026-09-20 16:01:36,20260920,16,11,1-5-3,20.7
2026-09-20 16:01:36,20260920,16,11,1-5-4,34.3
2026-09-20 16:01:36,20260920,16,11,1-5-6,70.4
2026-09-20 16:01:36,20260920,16,11,1-6-2,117.4
2026-09-20 16:01:36,20260920,16,11,1-6-3,122.6
2026-09-20 16:01:36,20260920,16,11,1-6-4,126.6
2026-09-20 16:01:36,20260920,16,11,1-6-5,173.0
2026-09-20 16:01:36,20260920,16,11,2-1-3,62.3
2026-09-20 16:01:36,20260920,16,11,2-1-4,54.4
2026-09-20 16:01:36,20260920,16,11,2-1-5,56.8
2026-09-20 16:01:36,20260920,16,11,2-1-6,118.1
2026-09-20 16:01:36,20260920,16,11,2-3-1,125.0
2026-09-20 16:01:36,20260920,16,11,2-3-4,125.0
2026-09-20 16:01:36,20260920,16,11,2-3-5,150.2
2026-09-20 16:01:36,20260920,16,11,2-3-6,269.2
2026-09-20 16:01:36,20260920,16,11,2-4-1,174.6
2026-09-20 16:01:36,20260920,16,11,2-4-3,242.3
2026-09-20 16:01:36,20260920,16,11,2-4-5,233.5
2026-09-20 16:01:36,20260920,16,11,2-4-6,497.0
2026-09-20 16:01:36,20260920,16,11,2-5-1,146.8
2026-09-20 16:01:36,20260920,16,11,2-5-3,210.7
2026-09-20 16:01:36,20260920,16,11,2-5-4,173.0
2026-09-20 16:01:36,20260920,16,11,2-5-6,334.2
2026-09-20 16:01:36,20260920,16,11,2-6-1,395.6
2026-09-20 16:01:36,20260920,16,11,2-6-3,365.7
2026-09-20 16:01:36,20260920,16,11,2-6-4,538.4
2026-09-20 16:01:36,20260920,16,11,2-6-5,380.0
2026-09-20 16:01:36,20260920,16,11,3-1-2,30.3
2026-09-20 16:01:36,20260920,16,11,3-1-4,27.6
2026-09-20 16:01:36,20260920,16,11,3-1-5,21.4
2026-09-20 16:01:36,20260920,16,11,3-1-6,44.3
2026-09-20 16:01:36,20260920,16,11,3-2-1,170.0
2026-09-20 16:01:36,20260920,16,11,3-2-4,144.6
2026-09-20 16:01:36,20260920,16,11,3-2-5,174.6
2026-09-20 16:01:36,20260920,16,11,3-2-6,293.7
2026-09-20 16:01:36,20260920,16,11,3-4-1,43.4
2026-09-20 16:01:36,20260920,16,11,3-4-2,215.3
2026-09-20 16:01:36,20260920,16,11,3-4-5,137.4
2026-09-20 16:01:36,20260920,16,11,3-4-6,293.7
2026-09-20 16:01:36,20260920,16,11,3-5-1,66.3
2026-09-20 16:01:36,20260920,16,11,3-5-2,123.4
2026-09-20 16:01:36,20260920,16,11,3-5-4,147.9
2026-09-20 16:01:36,20260920,16,11,3-5-6,215.3
2026-09-20 16:01:36,20260920,16,11,3-6-1,358.9
2026-09-20 16:01:36,20260920,16,11,3-6-2,365.7
2026-09-20 16:01:36,20260920,16,11,3-6-4,484.6
2026-09-20 16:01:36,20260920,16,11,3-6-5,298.2
2026-09-20 16:01:36,20260920,16,11,4-1-2,112.0
2026-09-20 16:01:36,20260920,16,11,4-1-3,111.4
2026-09-20 16:01:36,20260920,16,11,4-1-5,103.1
2026-09-20 16:01:36,20260920,16,11,4-1-6,298.2
2026-09-20 16:01:36,20260920,16,11,4-2-1,181.1
2026-09-20 16:01:36,20260920,16,11,4-2-3,190.0
2026-09-20 16:01:36,20260920,16,11,4-2-5,225.4
2026-09-20 16:01:36,20260920,16,11,4-2-6,450.8
2026-09-20 16:01:36,20260920,16,11,4-3-1,171.5
2026-09-20 16:01:36,20260920,16,11,4-3-2,208.4
2026-09-20 16:01:36,20260920,16,11,4-3-5,236.3
2026-09-20 16:01:36,20260920,16,11,4-3-6,440.5
2026-09-20 16:01:36,20260920,16,11,4-5-1,126.6
2026-09-20 16:01:36,20260920,16,11,4-5-2,233.5
2026-09-20 16:01:36,20260920,16,11,4-5-3,217.8
2026-09-20 16:01:36,20260920,16,11,4-5-6,195.8
2026-09-20 16:01:36,20260920,16,11,4-6-1,570.1
2026-09-20 16:01:36,20260920,16,11,4-6-2,625.3
2026-09-20 16:01:36,20260920,16,11,4-6-3,570.1
2026-09-20 16:01:36,20260920,16,11,4-6-5,340.0
2026-09-20 16:01:36,20260920,16,11,5-1-2,119.6
2026-09-20 16:01:36,20260920,16,11,5-1-3,71.2
2026-09-20 16:01:36,20260920,16,11,5-1-4,109.5
2026-09-20 16:01:36,20260920,16,11,5-1-6,171.5
2026-09-20 16:01:36,20260920,16,11,5-2-1,215.3
2026-09-20 16:01:36,20260920,16,11,5-2-3,248.5
2026-09-20 16:01:36,20260920,16,11,5-2-4,280.9
2026-09-20 16:01:36,20260920,16,11,5-2-6,251.7
2026-09-20 16:01:36,20260920,16,11,5-3-1,104.7
2026-09-20 16:01:36,20260920,16,11,5-3-2,245.3
2026-09-20 16:01:36,20260920,16,11,5-3-4,273.0
2026-09-20 16:01:36,20260920,16,11,5-3-6,239.3
2026-09-20 16:01:36,20260920,16,11,5-4-1,188.1
2026-09-20 16:01:36,20260920,16,11,5-4-2,340.0
2026-09-20 16:01:36,20260920,16,11,5-4-3,273.0
2026-09-20 16:01:36,20260920,16,11,5-4-6,328.5
2026-09-20 16:01:36,20260920,16,11,5-6-1,317.7
2026-09-20 16:01:36,20260920,16,11,5-6-2,225.4
2026-09-20 16:01:36,20260920,16,11,5-6-3,365.7
2026-09-20 16:01:36,20260920,16,11,5-6-4,346.1
2026-09-20 16:01:36,20260920,16,11,6-1-2,225.4
2026-09-20 16:01:36,20260920,16,11,6-1-3,251.7
2026-09-20 16:01:36,20260920,16,11,6-1-4,421.4
2026-09-20 16:01:36,20260920,16,11,6-1-5,346.1
2026-09-20 16:01:36,20260920,16,11,6-2-1,430.7
2026-09-20 16:01:36,20260920,16,11,6-2-3,372.7
2026-09-20 16:01:36,20260920,16,11,6-2-4,461.5
2026-09-20 16:01:36,20260920,16,11,6-2-5,605.7
2026-09-20 16:01:36,20260920,16,11,6-3-1,421.4
2026-09-20 16:01:36,20260920,16,11,6-3-2,412.4
2026-09-20 16:01:36,20260920,16,11,6-3-4,523.9
2026-09-20 16:01:36,20260920,16,11,6-3-5,440.5
2026-09-20 16:01:36,20260920,16,11,6-4-1,668.4
2026-09-20 16:01:36,20260920,16,11,6-4-2,668.4
2026-09-20 16:01:36,20260920,16,11,6-4-3,692.3
2026-09-20 16:01:36,20260920,16,11,6-4-5,523.9
2026-09-20 16:01:36,20260920,16,11,6-5-1,430.7
2026-09-20 16:01:36,20260920,16,11,6-5-2,625.3
2026-09-20 16:01:36,20260920,16,11,6-5-3,403.8
2026-09-20 16:01:36,20260920,16,11,6-5-4,430.7
2026-09-20 16:04:21,20260920,15,3,1-2-3,77.6
2026-09-20 16:04:21,20260920,15,3,1-2-4,43.4
2026-09-20 16:04:21,20260920,15,3,1-2-5,50.6
2026-09-20 16:04:21,20260920,15,3,1-2-6,66.3
2026-09-20 16:04:21,20260920,15,3,1-3-2,83.4
2026-09-20 16:04:21,20260920,15,3,1-3-4,88.0
2026-09-20 16:04:21,20260920,15,3,1-3-5,93.1
2026-09-20 16:04:21,20260920,15,3,1-3-6,86.9
2026-09-20 16:04:21,20260920,15,3,1-4-2,50.9
2026-09-20 16:04:21,20260920,15,3,1-4-3,78.5
2026-09-20 16:04:21,20260920,15,3,1-4-5,30.5
2026-09-20 16:04:21,20260920,15,3,1-4-6,38.5
2026-09-20 16:04:21,20260920,15,3,1-5-2,57.6
2026-09-20 16:04:21,20260920,15,3,1-5-3,65.1
2026-09-20 16:04:21,20260920,15,3,1-5-4,44.6
2026-09-20 16:04:21,20260920,15,3,1-5-6,33.5
2026-09-20 16:04:21,20260920,15,3,1-6-2,74.1
2026-09-20 16:04:21,20260920,15,3,1-6-3,93.1
2026-09-20 16:04:21,20260920,15,3,1-6-4,43.3
2026-09-20 16:04:21,20260920,15,3,1-6-5,41.4
2026-09-20 16:04:21,20260920,15,3,2-1-3,106.7
2026-09-20 16:04:21,20260920,15,3,2-1-4,64.8
2026-09-20 16:04:21,20260920,15,3,2-1-5,133.2
2026-09-20 16:04:21,20260920,15,3,2-1-6,161.3
2026-09-20 16:04:21,20260920,15,3,2-3-1,204.5
2026-09-20 16:04:21,20260920,15,3,2-3-4,137.0
2026-09-20 16:04:21,20260920,15,3,2-3-5,163.1
2026-09-20 16:04:21,20260920,15,3,2-3-6,234.2
2026-09-20 16:04:21,20260920,15,3,2-4-1,129.6
2026-09-20 16:04:21,20260920,15,3,2-4-3,216.7
2026-09-20 16:04:21,20260920,15,3,2-4-5,111.7
2026-09-20 16:04:21,20260920,15,3,2-4-6,137.0
2026-09-20 16:04:21,20260920,15,3,2-5-1,142.3
2026-09-20 16:04:21,20260920,15,3,2-5-3,183.8
2026-09-20 16:04:21,20260920,15,3,2-5-4,110.8
2026-09-20 16:04:21,20260920,15,3,2-5-6,111.7
2026-09-20 16:04:21,20260920,15,3,2-6-1,230.5
2026-09-20 16:04:21,20260920,15,3,2-6-3,309.0
2026-09-20 16:04:21,20260920,15,3,2-6-4,170.8
2026-09-20 16:04:21,20260920,15,3,2-6-5,137.0
2026-09-20 16:04:21,20260920,15,3,3-1-2,137.0
2026-09-20 16:04:21,20260920,15,3,3-1-4,94.9
2026-09-20 16:04:21,20260920,15,3,3-1-5,62.8
2026-09-20 16:04:21,20260920,15,3,3-1-6,106.0
2026-09-20 16:04:21,20260920,15,3,3-2-1,210.5
2026-09-20 16:04:21,20260920,15,3,3-2-4,135.7
2026-09-20 16:04:21,20260920,15,3,3-2-5,135.7
2026-09-20 16:04:21,20260920,15,3,3-2-6,196.2
2026-09-20 16:04:21,20260920,15,3,3-4-1,234.2
2026-09-20 16:04:21,20260920,15,3,3-4-2,230.5
2026-09-20 16:04:21,20260920,15,3,3-4-5,142.3
2026-09-20 16:04:21,20260920,15,3,3-4-6,141.0
2026-09-20 16:04:21,20260920,15,3,3-5-1,84.9
2026-09-20 16:04:21,20260920,15,3,3-5-2,193.6
2026-09-20 16:04:21,20260920,15,3,3-5-4,119.0
2026-09-20 16:04:21,20260920,15,3,3-5-6,85.9
2026-09-20 16:04:21,20260920,15,3,3-6-1,213.5
2026-09-20 16:04:21,20260920,15,3,3-6-2,330.1
2026-09-20 16:04:21,20260920,15,3,3-6-4,146.7
2026-09-20 16:04:21,20260920,15,3,3-6-5,127.4
2026-09-20 16:04:21,20260920,15,3,4-1-2,107.5
2026-09-20 16:04:21,20260920,15,3,4-1-3,156.1
2026-09-20 16:04:21,20260920,15,3,4-1-5,52.8
2026-09-20 16:04:21,20260920,15,3,4-1-6,86.4
2026-09-20 16:04:21,20260920,15,3,4-2-1,191.1
2026-09-20 16:04:21,20260920,15,3,4-2-3,279.3
2026-09-20 16:04:21,20260920,15,3,4-2-5,96.1
2026-09-20 16:04:21,20260920,15,3,4-2-6,117.1
2026-09-20 16:04:21,20260920,15,3,4-3-1,238.1
2026-09-20 16:04:21,20260920,15,3,4-3-2,290.4
2026-09-20 16:04:21,20260920,15,3,4-3-5,207.4
2026-09-20 16:04:21,20260920,15,3,4-3-6,198.9
2026-09-20 16:04:21,20260920,15,3,4-5-1,73.7
2026-09-20 16:04:21,20260920,15,3,4-5-2,81.5
2026-09-20 16:04:21,20260920,15,3,4-5-3,170.8
2026-09-20 16:04:21,20260920,15,3,4-5-6,27.4
2026-09-20 16:04:21,20260920,15,3,4-6-1,115.2
2026-09-20 16:04:21,20260920,15,3,4-6-2,142.3
2026-09-20 16:04:21,20260920,15,3,4-6-3,196.2
2026-09-20 16:04:21,20260920,15,3,4-6-5,33.1
2026-09-20 16:04:21,20260920,15,3,5-1-2,92.5
2026-09-20 16:04:21,20260920,15,3,5-1-3,65.7
2026-09-20 16:04:21,20260920,15,3,5-1-4,62.8
2026-09-20 16:04:21,20260920,15,3,5-1-6,33.1
2026-09-20 16:04:21,20260920,15,3,5-2-1,152.8
2026-09-20 16:04:21,20260920,15,3,5-2-3,132.0
2026-09-20 16:04:21,20260920,15,3,5-2-4,110.8
2026-09-20 16:04:21,20260920,15,3,5-2-6,77.6
2026-09-20 16:04:21,20260920,15,3,5-3-1,96.8
2026-09-20 16:04:21,20260920,15,3,5-3-2,213.5
2026-09-20 16:04:21,20260920,15,3,5-3-4,168.8
2026-09-20 16:04:21,20260920,15,3,5-3-6,79.8
2026-09-20 16:04:21,20260920,15,3,5-4-1,81.5
2026-09-20 16:04:21,20260920,15,3,5-4-2,102.2
2026-09-20 16:04:21,20260920,15,3,5-4-3,166.9
2026-09-20 16:04:21,20260920,15,3,5-4-6,30.5
2026-09-20 16:04:21,20260920,15,3,5-6-1,39.0
2026-09-20 16:04:21,20260920,15,3,5-6-2,64.8
2026-09-20 16:04:21,20260920,15,3,5-6-3,71.5
2026-09-20 16:04:21,20260920,15,3,5-6-4,25.5
2026-09-20 16:04:21,20260920,15,3,6-1-2,154.5
2026-09-20 16:04:21,20260920,15,3,6-1-3,170.8
2026-09-20 16:04:21,20260920,15,3,6-1-4,130.8
2026-09-20 16:04:21,20260920,15,3,6-1-5,86.4
2026-09-20 16:04:21,20260920,15,3,6-2-1,284.7
2026-09-20 16:04:21,20260920,15,3,6-2-3,315.7
2026-09-20 16:04:21,20260920,15,3,6-2-4,213.5
2026-09-20 16:04:21,20260920,15,3,6-2-5,113.4
2026-09-20 16:04:21,20260920,15,3,6-3-1,330.1
2026-09-20 16:04:21,20260920,15,3,6-3-2,372.4
2026-09-20 16:04:21,20260920,15,3,6-3-4,259.3
2026-09-20 16:04:21,20260920,15,3,6-3-5,177.1
2026-09-20 16:04:21,20260920,15,3,6-4-1,143.8
2026-09-20 16:04:21,20260920,15,3,6-4-2,193.6
2026-09-20 16:04:21,20260920,15,3,6-4-3,290.4
2026-09-20 16:04:21,20260920,15,3,6-4-5,41.0
2026-09-20 16:04:21,20260920,15,3,6-5-1,73.3
2026-09-20 16:04:21,20260920,15,3,6-5-2,100.1
2026-09-20 16:04:21,20260920,15,3,6-5-3,101.5
2026-09-20 16:04:21,20260920,15,3,6-5-4,31.5
2026-09-20 16:07:19,20260920,13,12,1-2-3,3.6
2026-09-20 16:07:19,20260920,13,12,1-2-4,17.4
2026-09-20 16:07:19,20260920,13,12,1-2-5,17.9
2026-09-20 16:07:19,20260920,13,12,1-2-6,29.3
2026-09-20 16:07:19,20260920,13,12,1-3-2,4.7
2026-09-20 16:07:19,20260920,13,12,1-3-4,15.2
2026-09-20 16:07:19,20260920,13,12,1-3-5,15.2
2026-09-20 16:07:19,20260920,13,12,1-3-6,22.4
2026-09-20 16:07:19,20260920,13,12,1-4-2,43.4
2026-09-20 16:07:19,20260920,13,12,1-4-3,45.6
2026-09-20 16:07:19,20260920,13,12,1-4-5,70.3
2026-09-20 16:07:19,20260920,13,12,1-4-6,78.5
2026-09-20 16:07:19,20260920,13,12,1-5-2,46.6
2026-09-20 16:07:19,20260920,13,12,1-5-3,44.6
2026-09-20 16:07:19,20260920,13,12,1-5-4,92.1
2026-09-20 16:07:19,20260920,13,12,1-5-6,95.2
2026-09-20 16:07:19,20260920,13,12,1-6-2,79.6
2026-09-20 16:07:19,20260920,13,12,1-6-3,75.8
2026-09-20 16:07:19,20260920,13,12,1-6-4,130.9
2026-09-20 16:07:19,20260920,13,12,1-6-5,130.2
2026-09-20 16:07:19,20260920,13,12,2-1-3,39.8
2026-09-20 16:07:19,20260920,13,12,2-1-4,117.8
2026-09-20 16:07:19,20260920,13,12,2-1-5,143.5
2026-09-20 16:07:19,20260920,13,12,2-1-6,212.0
2026-09-20 16:07:19,20260920,13,12,2-3-1,79.5
2026-09-20 16:07:19,20260920,13,12,2-3-4,299.8
2026-09-20 16:07:19,20260920,13,12,2-3-5,351.8
2026-09-20 16:07:19,20260920,13,12,2-3-6,448.4
2026-09-20 16:07:19,20260920,13,12,2-4-1,312.7
2026-09-20 16:07:19,20260920,13,12,2-4-3,491.9
2026-09-20 16:07:19,20260920,13,12,2-4-5,779.5
2026-09-20 16:07:19,20260920,13,12,2-4-6,723.8
2026-09-20 16:07:19,20260920,13,12,2-5-1,364.5
2026-09-20 16:07:19,20260920,13,12,2-5-3,506.7
2026-09-20 16:07:19,20260920,13,12,2-5-4,956.0
2026-09-20 16:07:19,20260920,13,12,2-5-6,745.1
2026-09-20 16:07:19,20260920,13,12,2-6-1,589.2
2026-09-20 16:07:19,20260920,13,12,2-6-3,756.3
2026-09-20 16:07:19,20260920,13,12,2-6-4,1151.0
2026-09-20 16:07:19,20260920,13,12,2-6-5,1013.0
2026-09-20 16:07:19,20260920,13,12,3-1-2,29.2
2026-09-20 16:07:19,20260920,13,12,3-1-4,52.1
2026-09-20 16:07:19,20260920,13,12,3-1-5,53.4
2026-09-20 16:07:19,20260920,13,12,3-1-6,71.5
2026-09-20 16:07:19,20260920,13,12,3-2-1,67.5
2026-09-20 16:07:19,20260920,13,12,3-2-4,236.7
2026-09-20 16:07:19,20260920,13,12,3-2-5,201.8
2026-09-20 16:07:19,20260920,13,12,3-2-6,291.2
2026-09-20 16:07:19,20260920,13,12,3-4-1,202.6
2026-09-20 16:07:19,20260920,13,12,3-4-2,314.7
2026-09-20 16:07:19,20260920,13,12,3-4-5,322.7
2026-09-20 16:07:19,20260920,13,12,3-4-6,303.4
2026-09-20 16:07:19,20260920,13,12,3-5-1,201.8
2026-09-20 16:07:19,20260920,13,12,3-5-2,305.2
2026-09-20 16:07:19,20260920,13,12,3-5-4,473.5
2026-09-20 16:07:19,20260920,13,12,3-5-6,314.7
2026-09-20 16:07:19,20260920,13,12,3-6-1,375.3
2026-09-20 16:07:19,20260920,13,12,3-6-2,633.4
2026-09-20 16:07:19,20260920,13,12,3-6-4,610.5
2026-09-20 16:07:19,20260920,13,12,3-6-5,511.8
2026-09-20 16:07:19,20260920,13,12,4-1-2,179.0
2026-09-20 16:07:19,20260920,13,12,4-1-3,202.6
2026-09-20 16:07:19,20260920,13,12,4-1-5,230.3
2026-09-20 16:07:19,20260920,13,12,4-1-6,275.3
2026-09-20 16:07:19,20260920,13,12,4-2-1,425.8
2026-09-20 16:07:19,20260920,13,12,4-2-3,658.0
2026-09-20 16:07:19,20260920,13,12,4-2-5,675.6
2026-09-20 16:07:19,20260920,13,12,4-2-6,844.5
2026-09-20 16:07:19,20260920,13,12,4-3-1,402.1
2026-09-20 16:07:19,20260920,13,12,4-3-2,830.6
2026-09-20 16:07:19,20260920,13,12,4-3-5,563.0
2026-09-20 16:07:19,20260920,13,12,4-3-6,723.8
2026-09-20 16:07:19,20260920,13,12,4-5-1,301.6
2026-09-20 16:07:19,20260920,13,12,4-5-2,422.2
2026-09-20 16:07:19,20260920,13,12,4-5-3,361.9
2026-09-20 16:07:19,20260920,13,12,4-5-6,380.9
2026-09-20 16:07:19,20260920,13,12,4-6-1,974.4
2026-09-20 16:07:19,20260920,13,12,4-6-2,1266.0
2026-09-20 16:07:19,20260920,13,12,4-6-3,1078.0
2026-09-20 16:07:19,20260920,13,12,4-6-5,1126.0
2026-09-20 16:07:19,20260920,13,12,5-1-2,237.8
2026-09-20 16:07:19,20260920,13,12,5-1-3,213.8
2026-09-20 16:07:19,20260920,13,12,5-1-4,296.3
2026-09-20 16:07:19,20260920,13,12,5-1-6,269.5
2026-09-20 16:07:19,20260920,13,12,5-2-1,603.2
2026-09-20 16:07:19,20260920,13,12,5-2-3,684.7
2026-09-20 16:07:19,20260920,13,12,5-2-4,830.6
2026-09-20 16:07:19,20260920,13,12,5-2-6,938.3
2026-09-20 16:07:19,20260920,13,12,5-3-1,372.5
2026-09-20 16:07:19,20260920,13,12,5-3-2,501.7
2026-09-20 16:07:19,20260920,13,12,5-3-4,844.5
2026-09-20 16:07:19,20260920,13,12,5-3-6,539.0
2026-09-20 16:07:19,20260920,13,12,5-4-1,411.9
2026-09-20 16:07:19,20260920,13,12,5-4-2,395.8
2026-09-20 16:07:19,20260920,13,12,5-4-3,440.6
2026-09-20 16:07:19,20260920,13,12,5-4-6,408.6
2026-09-20 16:07:19,20260920,13,12,5-6-1,993.5
2026-09-20 16:07:19,20260920,13,12,5-6-2,1034.0
2026-09-20 16:07:19,20260920,13,12,5-6-3,791.7
2026-09-20 16:07:19,20260920,13,12,5-6-4,888.9
2026-09-20 16:07:19,20260920,13,12,6-1-2,617.9
2026-09-20 16:07:19,20260920,13,12,6-1-3,589.2
2026-09-20 16:07:19,20260920,13,12,6-1-4,1235.0
2026-09-20 16:07:19,20260920,13,12,6-1-5,1126.0
2026-09-20 16:07:19,20260920,13,12,6-2-1,1055.0
2026-09-20 16:07:19,20260920,13,12,6-2-3,1299.0
2026-09-20 16:07:19,20260920,13,12,6-2-4,1583.0
2026-09-20 16:07:19,20260920,13,12,6-2-5,1266.0
2026-09-20 16:07:19,20260920,13,12,6-3-1,675.6
2026-09-20 16:07:19,20260920,13,12,6-3-2,1206.0
2026-09-20 16:07:19,20260920,13,12,6-3-4,1583.0
2026-09-20 16:07:19,20260920,13,12,6-3-5,1206.0
2026-09-20 16:07:19,20260920,13,12,6-4-1,1535.0
2026-09-20 16:07:19,20260920,13,12,6-4-2,1407.0
2026-09-20 16:07:19,20260920,13,12,6-4-3,1583.0
2026-09-20 16:07:19,20260920,13,12,6-4-5,1747.0
2026-09-20 16:07:19,20260920,13,12,6-5-1,1206.0
2026-09-20 16:07:19,20260920,13,12,6-5-2,993.5
2026-09-20 16:07:19,20260920,13,12,6-5-3,1055.0
2026-09-20 16:07:19,20260920,13,12,6-5-4,1034.0
2026-09-20 16:12:50,20260920,3,12,1-2-3,7.5
2026-09-20 16:12:50,20260920,3,12,1-2-4,17.7
2026-09-20 16:12:50,20260920,3,12,1-2-5,42.1
2026-09-20 16:12:50,20260920,3,12,1-2-6,10.6
2026-09-20 16:12:50,20260920,3,12,1-3-2,11.2
2026-09-20 16:12:50,20260920,3,12,1-3-4,27.3
2026-09-20 16:12:50,20260920,3,12,1-3-5,46.6
2026-09-20 16:12:50,20260920,3,12,1-3-6,15.8
2026-09-20 16:12:50,20260920,3,12,1-4-2,33.6
2026-09-20 16:12:50,20260920,3,12,1-4-3,45.8
2026-09-20 16:12:50,20260920,3,12,1-4-5,38.2
2026-09-20 16:12:50,20260920,3,12,1-4-6,34.1
2026-09-20 16:12:50,20260920,3,12,1-5-2,106.5
2026-09-20 16:12:50,20260920,3,12,1-5-3,108.5
2026-09-20 16:12:50,20260920,3,12,1-5-4,53.4
2026-09-20 16:12:50,20260920,3,12,1-5-6,102.1
2026-09-20 16:12:50,20260920,3,12,1-6-2,20.4
2026-09-20 16:12:50,20260920,3,12,1-6-3,23.6
2026-09-20 16:12:50,20260920,3,12,1-6-4,40.4
2026-09-20 16:12:50,20260920,3,12,1-6-5,84.0
2026-09-20 16:12:50,20260920,3,12,2-1-3,30.9
2026-09-20 16:12:50,20260920,3,12,2-1-4,50.0
2026-09-20 16:12:50,20260920,3,12,2-1-5,89.3
2026-09-20 16:12:50,20260920,3,12,2-1-6,34.3
2026-09-20 16:12:50,20260920,3,12,2-3-1,67.2
2026-09-20 16:12:50,20260920,3,12,2-3-4,187.6
2026-09-20 16:12:50,20260920,3,12,2-3-5,255.0
2026-09-20 16:12:50,20260920,3,12,2-3-6,126.4
2026-09-20 16:12:50,20260920,3,12,2-4-1,124.8
2026-09-20 16:12:50,20260920,3,12,2-4-3,273.7
2026-09-20 16:12:50,20260920,3,12,2-4-5,314.0
2026-09-20 16:12:50,20260920,3,12,2-4-6,200.2
2026-09-20 16:12:50,20260920,3,12,2-5-1,327.8
2026-09-20 16:12:50,20260920,3,12,2-5-3,397.8
2026-09-20 16:12:50,20260920,3,12,2-5-4,596.7
2026-09-20 16:12:50,20260920,3,12,2-5-6,363.8
2026-09-20 16:12:50,20260920,3,12,2-6-1,70.2
2026-09-20 16:12:50,20260920,3,12,2-6-3,151.4
2026-09-20 16:12:50,20260920,3,12,2-6-4,210.1
2026-09-20 16:12:50,20260920,3,12,2-6-5,355.2
2026-09-20 16:12:50,20260920,3,12,3-1-2,44.4
2026-09-20 16:12:50,20260920,3,12,3-1-4,92.6
2026-09-20 16:12:50,20260920,3,12,3-1-5,138.1
2026-09-20 16:12:50,20260920,3,12,3-1-6,59.6
2026-09-20 16:12:50,20260920,3,12,3-2-1,80.6
2026-09-20 16:12:50,20260920,3,12,3-2-4,214.6
2026-09-20 16:12:50,20260920,3,12,3-2-5,217.8
2026-09-20 16:12:50,20260920,3,12,3-2-6,138.7
2026-09-20 16:12:50,20260920,3,12,3-4-1,214.6
2026-09-20 16:12:50,20260920,3,12,3-4-2,355.2
2026-09-20 16:12:50,20260920,3,12,3-4-5,497.3
2026-09-20 16:12:50,20260920,3,12,3-4-6,351.0
2026-09-20 16:12:50,20260920,3,12,3-5-1,426.2
2026-09-20 16:12:50,20260920,3,12,3-5-2,301.4
2026-09-20 16:12:50,20260920,3,12,3-5-4,596.7
2026-09-20 16:12:50,20260920,3,12,3-5-6,414.4
2026-09-20 16:12:50,20260920,3,12,3-6-1,117.4
2026-09-20 16:12:50,20260920,3,12,3-6-2,154.6
2026-09-20 16:12:50,20260920,3,12,3-6-4,408.7
2026-09-20 16:12:50,20260920,3,12,3-6-5,295.4
2026-09-20 16:12:50,20260920,3,12,4-1-2,100.4
2026-09-20 16:12:50,20260920,3,12,4-1-3,181.9
2026-09-20 16:12:50,20260920,3,12,4-1-5,213.1
2026-09-20 16:12:50,20260920,3,12,4-1-6,115.2
2026-09-20 16:12:50,20260920,3,12,4-2-1,162.1
2026-09-20 16:12:50,20260920,3,12,4-2-3,408.7
2026-09-20 16:12:50,20260920,3,12,4-2-5,438.8
2026-09-20 16:12:50,20260920,3,12,4-2-6,261.7
2026-09-20 16:12:50,20260920,3,12,4-3-1,276.2
2026-09-20 16:12:50,20260920,3,12,4-3-2,466.2
2026-09-20 16:12:50,20260920,3,12,4-3-5,608.9
2026-09-20 16:12:50,20260920,3,12,4-3-6,473.6
2026-09-20 16:12:50,20260920,3,12,4-5-1,276.2
2026-09-20 16:12:50,20260920,3,12,4-5-2,392.6
2026-09-20 16:12:50,20260920,3,12,4-5-3,542.5
2026-09-20 16:12:50,20260920,3,12,4-5-6,257.2
2026-09-20 16:12:50,20260920,3,12,4-6-1,157.8
2026-09-20 16:12:50,20260920,3,12,4-6-2,202.9
2026-09-20 16:12:50,20260920,3,12,4-6-3,452.1
2026-09-20 16:12:50,20260920,3,12,4-6-5,392.6
2026-09-20 16:12:50,20260920,3,12,5-1-2,304.4
2026-09-20 16:12:50,20260920,3,12,5-1-3,466.2
2026-09-20 16:12:50,20260920,3,12,5-1-4,438.8
2026-09-20 16:12:50,20260920,3,12,5-1-6,286.9
2026-09-20 16:12:50,20260920,3,12,5-2-1,663.0
2026-09-20 16:12:50,20260920,3,12,5-2-3,608.9
2026-09-20 16:12:50,20260920,3,12,5-2-4,663.0
2026-09-20 16:12:50,20260920,3,12,5-2-6,532.8
2026-09-20 16:12:50,20260920,3,12,5-3-1,608.9
2026-09-20 16:12:50,20260920,3,12,5-3-2,663.0
2026-09-20 16:12:50,20260920,3,12,5-3-4,1147.0
2026-09-20 16:12:50,20260920,3,12,5-3-6,452.1
2026-09-20 16:12:50,20260920,3,12,5-4-1,785.2
2026-09-20 16:12:50,20260920,3,12,5-4-2,828.8
2026-09-20 16:12:50,20260920,3,12,5-4-3,1147.0
2026-09-20 16:12:50,20260920,3,12,5-4-6,785.2
2026-09-20 16:12:50,20260920,3,12,5-6-1,663.0
2026-09-20 16:12:50,20260920,3,12,5-6-2,727.7
2026-09-20 16:12:50,20260920,3,12,5-6-3,678.1
2026-09-20 16:12:50,20260920,3,12,5-6-4,693.9
2026-09-20 16:12:50,20260920,3,12,6-1-2,45.6
2026-09-20 16:12:50,20260920,3,12,6-1-3,75.1
2026-09-20 16:12:50,20260920,3,12,6-1-4,114.3
2026-09-20 16:12:50,20260920,3,12,6-1-5,240.6
2026-09-20 16:12:50,20260920,3,12,6-2-1,76.7
2026-09-20 16:12:50,20260920,3,12,6-2-3,177.6
2026-09-20 16:12:50,20260920,3,12,6-2-4,266.4
2026-09-20 16:12:50,20260920,3,12,6-2-5,339.0
2026-09-20 16:12:50,20260920,3,12,6-3-1,157.8
2026-09-20 16:12:50,20260920,3,12,6-3-2,234.9
2026-09-20 16:12:50,20260920,3,12,6-3-4,542.5
2026-09-20 16:12:50,20260920,3,12,6-3-5,514.4
2026-09-20 16:12:50,20260920,3,12,6-4-1,231.3
2026-09-20 16:12:50,20260920,3,12,6-4-2,295.4
2026-09-20 16:12:50,20260920,3,12,6-4-3,552.5
2026-09-20 16:12:50,20260920,3,12,6-4-5,596.7
2026-09-20 16:12:50,20260920,3,12,6-5-1,420.2
2026-09-20 16:12:50,20260920,3,12,6-5-2,426.2
2026-09-20 16:12:50,20260920,3,12,6-5-3,573.8
2026-09-20 16:12:50,20260920,3,12,6-5-4,608.9
2026-09-20 16:15:42,20260920,1,3,1-2-3,42.9
2026-09-20 16:15:42,20260920,1,3,1-2-4,34.3
2026-09-20 16:15:42,20260920,1,3,1-2-5,50.6
2026-09-20 16:15:42,20260920,1,3,1-2-6,50.0
2026-09-20 16:15:42,20260920,1,3,1-3-2,54.5
2026-09-20 16:15:42,20260920,1,3,1-3-4,34.7
2026-09-20 16:15:42,20260920,1,3,1-3-5,57.0
2026-09-20 16:15:42,20260920,1,3,1-3-6,67.0
2026-09-20 16:15:42,20260920,1,3,1-4-2,57.4
2026-09-20 16:15:42,20260920,1,3,1-4-3,52.2
2026-09-20 16:15:42,20260920,1,3,1-4-5,60.3
2026-09-20 16:15:42,20260920,1,3,1-4-6,48.0
2026-09-20 16:15:42,20260920,1,3,1-5-2,113.3
2026-09-20 16:15:42,20260920,1,3,1-5-3,92.1
2026-09-20 16:15:42,20260920,1,3,1-5-4,99.1
2026-09-20 16:15:42,20260920,1,3,1-5-6,88.4
2026-09-20 16:15:42,20260920,1,3,1-6-2,108.1
2026-09-20 16:15:42,20260920,1,3,1-6-3,137.3
2026-09-20 16:15:42,20260920,1,3,1-6-4,82.7
2026-09-20 16:15:42,20260920,1,3,1-6-5,108.6
2026-09-20 16:15:42,20260920,1,3,2-1-3,82.5
2026-09-20 16:15:42,20260920,1,3,2-1-4,62.7
2026-09-20 16:15:42,20260920,1,3,2-1-5,102.0
2026-09-20 16:15:42,20260920,1,3,2-1-6,84.5
2026-09-20 16:15:42,20260920,1,3,2-3-1,109.4
2026-09-20 16:15:42,20260920,1,3,2-3-4,88.4
2026-09-20 16:15:42,20260920,1,3,2-3-5,114.2
2026-09-20 16:15:42,20260920,1,3,2-3-6,149.5
2026-09-20 16:15:42,20260920,1,3,2-4-1,95.8
2026-09-20 16:15:42,20260920,1,3,2-4-3,84.7
2026-09-20 16:15:42,20260920,1,3,2-4-5,91.5
2026-09-20 16:15:42,20260920,1,3,2-4-6,58.7
2026-09-20 16:15:42,20260920,1,3,2-5-1,142.1
2026-09-20 16:15:42,20260920,1,3,2-5-3,156.0
2026-09-20 16:15:42,20260920,1,3,2-5-4,119.0
2026-09-20 16:15:42,20260920,1,3,2-5-6,120.5
2026-09-20 16:15:42,20260920,1,3,2-6-1,153.5
2026-09-20 16:15:42,20260920,1,3,2-6-3,221.4
2026-09-20 16:15:42,20260920,1,3,2-6-4,96.4
2026-09-20 16:15:42,20260920,1,3,2-6-5,159.5
2026-09-20 16:15:42,20260920,1,3,3-1-2,41.3
2026-09-20 16:15:42,20260920,1,3,3-1-4,31.1
2026-09-20 16:15:42,20260920,1,3,3-1-5,64.9
2026-09-20 16:15:42,20260920,1,3,3-1-6,98.8
2026-09-20 16:15:42,20260920,1,3,3-2-1,144.2
2026-09-20 16:15:42,20260920,1,3,3-2-4,78.9
2026-09-20 16:15:42,20260920,1,3,3-2-5,103.8
2026-09-20 16:15:42,20260920,1,3,3-2-6,140.7
2026-09-20 16:15:42,20260920,1,3,3-4-1,38.2
2026-09-20 16:15:42,20260920,1,3,3-4-2,43.8
2026-09-20 16:15:42,20260920,1,3,3-4-5,39.2
2026-09-20 16:15:42,20260920,1,3,3-4-6,100.5
2026-09-20 16:15:42,20260920,1,3,3-5-1,127.5
2026-09-20 16:15:42,20260920,1,3,3-5-2,114.7
2026-09-20 16:15:42,20260920,1,3,3-5-4,117.0
2026-09-20 16:15:42,20260920,1,3,3-5-6,219.7
2026-09-20 16:15:42,20260920,1,3,3-6-1,199.7
2026-09-20 16:15:42,20260920,1,3,3-6-2,202.5
2026-09-20 16:15:42,20260920,1,3,3-6-4,179.6
2026-09-20 16:15:42,20260920,1,3,3-6-5,250.5
2026-09-20 16:15:42,20260920,1,3,4-1-2,59.3
2026-09-20 16:15:42,20260920,1,3,4-1-3,56.5
2026-09-20 16:15:42,20260920,1,3,4-1-5,49.0
2026-09-20 16:15:42,20260920,1,3,4-1-6,57.8
2026-09-20 16:15:42,20260920,1,3,4-2-1,97.4
2026-09-20 16:15:42,20260920,1,3,4-2-3,91.2
2026-09-20 16:15:42,20260920,1,3,4-2-5,88.1
2026-09-20 16:15:42,20260920,1,3,4-2-6,58.4
2026-09-20 16:15:42,20260920,1,3,4-3-1,83.5
2026-09-20 16:15:42,20260920,1,3,4-3-2,50.6
2026-09-20 16:15:42,20260920,1,3,4-3-5,110.7
2026-09-20 16:15:42,20260920,1,3,4-3-6,128.6
2026-09-20 16:15:42,20260920,1,3,4-5-1,66.1
2026-09-20 16:15:42,20260920,1,3,4-5-2,72.4
2026-09-20 16:15:42,20260920,1,3,4-5-3,91.2
2026-09-20 16:15:42,20260920,1,3,4-5-6,45.3
2026-09-20 16:15:42,20260920,1,3,4-6-1,72.4
2026-09-20 16:15:42,20260920,1,3,4-6-2,53.6
2026-09-20 16:15:42,20260920,1,3,4-6-3,113.3
2026-09-20 16:15:42,20260920,1,3,4-6-5,57.0
2026-09-20 16:15:42,20260920,1,3,5-1-2,89.2
2026-09-20 16:15:42,20260920,1,3,5-1-3,98.1
2026-09-20 16:15:42,20260920,1,3,5-1-4,74.3
2026-09-20 16:15:42,20260920,1,3,5-1-6,103.8
2026-09-20 16:15:42,20260920,1,3,5-2-1,184.2
2026-09-20 16:15:42,20260920,1,3,5-2-3,159.5
2026-09-20 16:15:42,20260920,1,3,5-2-4,140.7
2026-09-20 16:15:42,20260920,1,3,5-2-6,134.7
2026-09-20 16:15:42,20260920,1,3,5-3-1,192.9
2026-09-20 16:15:42,20260920,1,3,5-3-2,192.9
2026-09-20 16:15:42,20260920,1,3,5-3-4,205.4
2026-09-20 16:15:42,20260920,1,3,5-3-6,310.4
2026-09-20 16:15:42,20260920,1,3,5-4-1,108.6
2026-09-20 16:15:42,20260920,1,3,5-4-2,110.7
2026-09-20 16:15:42,20260920,1,3,5-4-3,137.3
2026-09-20 16:15:42,20260920,1,3,5-4-6,79.1
2026-09-20 16:15:42,20260920,1,3,5-6-1,202.5
2026-09-20 16:15:42,20260920,1,3,5-6-2,160.4
2026-09-20 16:15:42,20260920,1,3,5-6-3,246.2
2026-09-20 16:15:42,20260920,1,3,5-6-4,116.1
2026-09-20 16:15:42,20260920,1,3,6-1-2,137.9
2026-09-20 16:15:42,20260920,1,3,6-1-3,158.6
2026-09-20 16:15:42,20260920,1,3,6-1-4,136.0
2026-09-20 16:15:42,20260920,1,3,6-1-5,164.1
2026-09-20 16:15:42,20260920,1,3,6-2-1,179.6
2026-09-20 16:15:42,20260920,1,3,6-2-3,205.4
2026-09-20 16:15:42,20260920,1,3,6-2-4,108.6
2026-09-20 16:15:42,20260920,1,3,6-2-5,175.2
2026-09-20 16:15:42,20260920,1,3,6-3-1,244.1
2026-09-20 16:15:42,20260920,1,3,6-3-2,223.1
2026-09-20 16:15:42,20260920,1,3,6-3-4,234.1
2026-09-20 16:15:42,20260920,1,3,6-3-5,246.2
2026-09-20 16:15:42,20260920,1,3,6-4-1,144.2
2026-09-20 16:15:42,20260920,1,3,6-4-2,94.2
2026-09-20 16:15:42,20260920,1,3,6-4-3,255.0
2026-09-20 16:15:42,20260920,1,3,6-4-5,103.4
2026-09-20 16:15:42,20260920,1,3,6-5-1,170.0
2026-09-20 16:15:42,20260920,1,3,6-5-2,232.2
2026-09-20 16:15:42,20260920,1,3,6-5-3,375.8
2026-09-20 16:15:42,20260920,1,3,6-5-4,121.5
2026-09-20 16:18:29,20260920,5,12,1-2-3,6.7
2026-09-20 16:18:29,20260920,5,12,1-2-4,9.0
2026-09-20 16:18:29,20260920,5,12,1-2-5,12.0
2026-09-20 16:18:29,20260920,5,12,1-2-6,19.7
2026-09-20 16:18:29,20260920,5,12,1-3-2,11.5
2026-09-20 16:18:29,20260920,5,12,1-3-4,13.9
2026-09-20 16:18:29,20260920,5,12,1-3-5,16.6
2026-09-20 16:18:29,20260920,5,12,1-3-6,32.2
2026-09-20 16:18:29,20260920,5,12,1-4-2,20.5
2026-09-20 16:18:29,20260920,5,12,1-4-3,29.2
2026-09-20 16:18:29,20260920,5,12,1-4-5,34.4
2026-09-20 16:18:29,20260920,5,12,1-4-6,41.6
2026-09-20 16:18:29,20260920,5,12,1-5-2,24.0
2026-09-20 16:18:29,20260920,5,12,1-5-3,31.4
2026-09-20 16:18:29,20260920,5,12,1-5-4,46.1
2026-09-20 16:18:29,20260920,5,12,1-5-6,45.8
2026-09-20 16:18:29,20260920,5,12,1-6-2,63.4
2026-09-20 16:18:29,20260920,5,12,1-6-3,92.8
2026-09-20 16:18:29,20260920,5,12,1-6-4,91.2
2026-09-20 16:18:29,20260920,5,12,1-6-5,99.0
2026-09-20 16:18:29,20260920,5,12,2-1-3,32.4
2026-09-20 16:18:29,20260920,5,12,2-1-4,37.8
2026-09-20 16:18:29,20260920,5,12,2-1-5,42.1
2026-09-20 16:18:29,20260920,5,12,2-1-6,64.1
2026-09-20 16:18:29,20260920,5,12,2-3-1,82.4
2026-09-20 16:18:29,20260920,5,12,2-3-4,174.5
2026-09-20 16:18:29,20260920,5,12,2-3-5,156.7
2026-09-20 16:18:29,20260920,5,12,2-3-6,282.6
2026-09-20 16:18:29,20260920,5,12,2-4-1,121.8
2026-09-20 16:18:29,20260920,5,12,2-4-3,255.2
2026-09-20 16:18:29,20260920,5,12,2-4-5,244.7
2026-09-20 16:18:29,20260920,5,12,2-4-6,268.1
2026-09-20 16:18:29,20260920,5,12,2-5-1,129.5
2026-09-20 16:18:29,20260920,5,12,2-5-3,223.9
2026-09-20 16:18:29,20260920,5,12,2-5-4,333.1
2026-09-20 16:18:29,20260920,5,12,2-5-6,319.1
2026-09-20 16:18:29,20260920,5,12,2-6-1,287.0
2026-09-20 16:18:29,20260920,5,12,2-6-3,575.0
2026-09-20 16:18:29,20260920,5,12,2-6-4,449.8
2026-09-20 16:18:29,20260920,5,12,2-6-5,514.4
2026-09-20 16:18:29,20260920,5,12,3-1-2,67.8
2026-09-20 16:18:29,20260920,5,12,3-1-4,104.8
2026-09-20 16:18:29,20260920,5,12,3-1-5,95.0
2026-09-20 16:18:29,20260920,5,12,3-1-6,172.8
2026-09-20 16:18:29,20260920,5,12,3-2-1,114.8
2026-09-20 16:18:29,20260920,5,12,3-2-4,227.5
2026-09-20 16:18:29,20260920,5,12,3-2-5,203.6
2026-09-20 16:18:29,20260920,5,12,3-2-6,385.3
2026-09-20 16:18:29,20260920,5,12,3-4-1,261.2
2026-09-20 16:18:29,20260920,5,12,3-4-2,319.7
2026-09-20 16:18:29,20260920,5,12,3-4-5,338.4
2026-09-20 16:18:29,20260920,5,12,3-4-6,462.2
2026-09-20 16:18:29,20260920,5,12,3-5-1,232.0
2026-09-20 16:18:29,20260920,5,12,3-5-2,265.1
2026-09-20 16:18:29,20260920,5,12,3-5-4,395.2
2026-09-20 16:18:29,20260920,5,12,3-5-6,470.7
2026-09-20 16:18:29,20260920,5,12,3-6-1,706.7
2026-09-20 16:18:29,20260920,5,12,3-6-2,883.4
2026-09-20 16:18:29,20260920,5,12,3-6-4,915.0
2026-09-20 16:18:29,20260920,5,12,3-6-5,955.7
2026-09-20 16:18:29,20260920,5,12,4-1-2,162.1
2026-09-20 16:18:29,20260920,5,12,4-1-3,263.9
2026-09-20 16:18:29,20260920,5,12,4-1-5,219.7
2026-09-20 16:18:29,20260920,5,12,4-1-6,323.1
2026-09-20 16:18:29,20260920,5,12,4-2-1,251.6
2026-09-20 16:18:29,20260920,5,12,4-2-3,497.3
2026-09-20 16:18:29,20260920,5,12,4-2-5,563.0
2026-09-20 16:18:29,20260920,5,12,4-2-6,484.3
2026-09-20 16:18:29,20260920,5,12,4-3-1,441.3
2026-09-20 16:18:29,20260920,5,12,4-3-2,579.4
2026-09-20 16:18:29,20260920,5,12,4-3-5,659.0
2026-09-20 16:18:29,20260920,5,12,4-3-6,759.7
2026-09-20 16:18:29,20260920,5,12,4-5-1,343.6
2026-09-20 16:18:29,20260920,5,12,4-5-2,596.1
2026-09-20 16:18:29,20260920,5,12,4-5-3,731.7
2026-09-20 16:18:29,20260920,5,12,4-5-6,533.3
2026-09-20 16:18:29,20260920,5,12,4-6-1,610.3
2026-09-20 16:18:29,20260920,5,12,4-6-2,692.1
2026-09-20 16:18:29,20260920,5,12,4-6-3,1002.0
2026-09-20 16:18:29,20260920,5,12,4-6-5,722.9
2026-09-20 16:18:29,20260920,5,12,5-1-2,111.7
2026-09-20 16:18:29,20260920,5,12,5-1-3,164.4
2026-09-20 16:18:29,20260920,5,12,5-1-4,207.2
2026-09-20 16:18:29,20260920,5,12,5-1-6,186.5
2026-09-20 16:18:29,20260920,5,12,5-2-1,178.1
2026-09-20 16:18:29,20260920,5,12,5-2-3,312.2
2026-09-20 16:18:29,20260920,5,12,5-2-4,486.9
2026-09-20 16:18:29,20260920,5,12,5-2-6,410.9
2026-09-20 16:18:29,20260920,5,12,5-3-1,332.3
2026-09-20 16:18:29,20260920,5,12,5-3-2,435.2
2026-09-20 16:18:29,20260920,5,12,5-3-4,747.0
2026-09-20 16:18:29,20260920,5,12,5-3-6,828.8
2026-09-20 16:18:29,20260920,5,12,5-4-1,413.4
2026-09-20 16:18:29,20260920,5,12,5-4-2,828.8
2026-09-20 16:18:29,20260920,5,12,5-4-3,844.5
2026-09-20 16:18:29,20260920,5,12,5-4-6,714.2
2026-09-20 16:18:29,20260920,5,12,5-6-1,420.9
2026-09-20 16:18:29,20260920,5,12,5-6-2,564.7
2026-09-20 16:18:29,20260920,5,12,5-6-3,823.7
2026-09-20 16:18:29,20260920,5,12,5-6-4,716.1
2026-09-20 16:18:29,20260920,5,12,6-1-2,360.4
2026-09-20 16:18:29,20260920,5,12,6-1-3,709.5
2026-09-20 16:18:29,20260920,5,12,6-1-4,737.7
2026-09-20 16:18:29,20260920,5,12,6-1-5,693.0
2026-09-20 16:18:29,20260920,5,12,6-2-1,514.9
2026-09-20 16:18:29,20260920,5,12,6-2-3,1032.0
2026-09-20 16:18:29,20260920,5,12,6-2-4,859.3
2026-09-20 16:18:29,20260920,5,12,6-2-5,910.3
2026-09-20 16:18:29,20260920,5,12,6-3-1,1102.0
2026-09-20 16:18:29,20260920,5,12,6-3-2,1209.0
2026-09-20 16:18:29,20260920,5,12,6-3-4,1814.0
2026-09-20 16:18:29,20260920,5,12,6-3-5,1521.0
2026-09-20 16:18:29,20260920,5,12,6-4-1,1080.0
2026-09-20 16:18:29,20260920,5,12,6-4-2,1107.0
2026-09-20 16:18:29,20260920,5,12,6-4-3,1904.0
2026-09-20 16:18:29,20260920,5,12,6-4-5,1291.0
2026-09-20 16:18:29,20260920,5,12,6-5-1,826.3
2026-09-20 16:18:29,20260920,5,12,6-5-2,969.5
2026-09-20 16:18:29,20260920,5,12,6-5-3,1471.0
2026-09-20 16:18:29,20260920,5,12,6-5-4,1087.0
2026-09-20 16:18:39,20260920,6,11,1-2-3,23.5
2026-09-20 16:18:39,20260920,6,11,1-2-4,10.8
2026-09-20 16:18:39,20260920,6,11,1-2-5,25.2
2026-09-20 16:18:39,20260920,6,11,1-2-6,16.5
2026-09-20 16:18:39,20260920,6,11,1-3-2,68.7
2026-09-20 16:18:39,20260920,6,11,1-3-4,57.4
2026-09-20 16:18:39,20260920,6,11,1-3-5,65.1
2026-09-20 16:18:39,20260920,6,11,1-3-6,73.8
2026-09-20 16:18:39,20260920,6,11,1-4-2,14.2
2026-09-20 16:18:39,20260920,6,11,1-4-3,41.3
2026-09-20 16:18:39,20260920,6,11,1-4-5,16.4
2026-09-20 16:18:39,20260920,6,11,1-4-6,9.6
2026-09-20 16:18:39,20260920,6,11,1-5-2,39.0
2026-09-20 16:18:39,20260920,6,11,1-5-3,79.1
2026-09-20 16:18:39,20260920,6,11,1-5-4,31.0
2026-09-20 16:18:39,20260920,6,11,1-5-6,27.1
2026-09-20 16:18:39,20260920,6,11,1-6-2,21.1
2026-09-20 16:18:39,20260920,6,11,1-6-3,78.5
2026-09-20 16:18:39,20260920,6,11,1-6-4,15.0
2026-09-20 16:18:39,20260920,6,11,1-6-5,33.2
2026-09-20 16:18:39,20260920,6,11,2-1-3,129.7
2026-09-20 16:18:39,20260920,6,11,2-1-4,54.9
2026-09-20 16:18:39,20260920,6,11,2-1-5,92.5
2026-09-20 16:18:39,20260920,6,11,2-1-6,85.7
2026-09-20 16:18:39,20260920,6,11,2-3-1,415.2
2026-09-20 16:18:39,20260920,6,11,2-3-4,301.4
2026-09-20 16:18:39,20260920,6,11,2-3-5,424.7
2026-09-20 16:18:39,20260920,6,11,2-3-6,278.9
2026-09-20 16:18:39,20260920,6,11,2-4-1,121.3
2026-09-20 16:18:39,20260920,6,11,2-4-3,316.7
2026-09-20 16:18:39,20260920,6,11,2-4-5,301.4
2026-09-20 16:18:39,20260920,6,11,2-4-6,190.6
2026-09-20 16:18:39,20260920,6,11,2-5-1,306.3
2026-09-20 16:18:39,20260920,6,11,2-5-3,491.7
2026-09-20 16:18:39,20260920,6,11,2-5-4,434.5
2026-09-20 16:18:39,20260920,6,11,2-5-6,263.1
2026-09-20 16:18:39,20260920,6,11,2-6-1,236.5
2026-09-20 16:18:39,20260920,6,11,2-6-3,519.0
2026-09-20 16:18:39,20260920,6,11,2-6-4,316.7
2026-09-20 16:18:39,20260920,6,11,2-6-5,327.8
2026-09-20 16:18:39,20260920,6,11,3-1-2,316.7
2026-09-20 16:18:39,20260920,6,11,3-1-4,168.3
2026-09-20 16:18:39,20260920,6,11,3-1-5,192.6
2026-09-20 16:18:39,20260920,6,11,3-1-6,373.7
2026-09-20 16:18:39,20260920,6,11,3-2-1,434.5
2026-09-20 16:18:39,20260920,6,11,3-2-4,352.5
2026-09-20 16:18:39,20260920,6,11,3-2-5,249.1
2026-09-20 16:18:39,20260920,6,11,3-2-6,352.5
2026-09-20 16:18:39,20260920,6,11,3-4-1,389.3
2026-09-20 16:18:39,20260920,6,11,3-4-2,352.5
2026-09-20 16:18:39,20260920,6,11,3-4-5,747.4
2026-09-20 16:18:39,20260920,6,11,3-4-6,291.9
2026-09-20 16:18:39,20260920,6,11,3-5-1,406.2
2026-09-20 16:18:39,20260920,6,11,3-5-2,301.4
2026-09-20 16:18:39,20260920,6,11,3-5-4,692.1
2026-09-20 16:18:39,20260920,6,11,3-5-6,389.3
2026-09-20 16:18:39,20260920,6,11,3-6-1,718.7
2026-09-20 16:18:39,20260920,6,11,3-6-2,566.2
2026-09-20 16:18:39,20260920,6,11,3-6-4,373.7
2026-09-20 16:18:39,20260920,6,11,3-6-5,424.7
2026-09-20 16:18:39,20260920,6,11,4-1-2,41.7
2026-09-20 16:18:39,20260920,6,11,4-1-3,166.8
2026-09-20 16:18:39,20260920,6,11,4-1-5,51.9
2026-09-20 16:18:39,20260920,6,11,4-1-6,35.0
2026-09-20 16:18:39,20260920,6,11,4-2-1,95.3
2026-09-20 16:18:39,20260920,6,11,4-2-3,287.4
2026-09-20 16:18:39,20260920,6,11,4-2-5,227.8
2026-09-20 16:18:39,20260920,6,11,4-2-6,136.4
2026-09-20 16:18:39,20260920,6,11,4-3-1,259.5
2026-09-20 16:18:39,20260920,6,11,4-3-2,322.1
2026-09-20 16:18:39,20260920,6,11,4-3-5,467.1
2026-09-20 16:18:39,20260920,6,11,4-3-6,306.3
2026-09-20 16:18:39,20260920,6,11,4-5-1,76.2
2026-09-20 16:18:39,20260920,6,11,4-5-2,212.3
2026-09-20 16:18:39,20260920,6,11,4-5-3,316.7
2026-09-20 16:18:39,20260920,6,11,4-5-6,72.4
2026-09-20 16:18:39,20260920,6,11,4-6-1,59.5
2026-09-20 16:18:39,20260920,6,11,4-6-2,183.2
2026-09-20 16:18:39,20260920,6,11,4-6-3,352.5
2026-09-20 16:18:39,20260920,6,11,4-6-5,92.5
2026-09-20 16:18:39,20260920,6,11,5-1-2,151.9
2026-09-20 16:18:39,20260920,6,11,5-1-3,225.1
2026-09-20 16:18:39,20260920,6,11,5-1-4,107.3
2026-09-20 16:18:39,20260920,6,11,5-1-6,100.4
2026-09-20 16:18:39,20260920,6,11,5-2-1,339.7
2026-09-20 16:18:39,20260920,6,11,5-2-3,397.5
2026-09-20 16:18:39,20260920,6,11,5-2-4,306.3
2026-09-20 16:18:39,20260920,6,11,5-2-6,242.6
2026-09-20 16:18:39,20260920,6,11,5-3-1,339.7
2026-09-20 16:18:39,20260920,6,11,5-3-2,397.5
2026-09-20 16:18:39,20260920,6,11,5-3-4,667.3
2026-09-20 16:18:39,20260920,6,11,5-3-6,245.8
2026-09-20 16:18:39,20260920,6,11,5-4-1,159.7
2026-09-20 16:18:39,20260920,6,11,5-4-2,339.7
2026-09-20 16:18:39,20260920,6,11,5-4-3,505.0
2026-09-20 16:18:39,20260920,6,11,5-4-6,136.4
2026-09-20 16:18:39,20260920,6,11,5-6-1,165.3
2026-09-20 16:18:39,20260920,6,11,5-6-2,230.7
2026-09-20 16:18:39,20260920,6,11,5-6-3,424.7
2026-09-20 16:18:39,20260920,6,11,5-6-4,144.8
2026-09-20 16:18:39,20260920,6,11,6-1-2,133.4
2026-09-20 16:18:39,20260920,6,11,6-1-3,389.3
2026-09-20 16:18:39,20260920,6,11,6-1-4,80.5
2026-09-20 16:18:39,20260920,6,11,6-1-5,159.7
2026-09-20 16:18:39,20260920,6,11,6-2-1,322.1
2026-09-20 16:18:39,20260920,6,11,6-2-3,778.6
2026-09-20 16:18:39,20260920,6,11,6-2-4,505.0
2026-09-20 16:18:39,20260920,6,11,6-2-5,455.7
2026-09-20 16:18:39,20260920,6,11,6-3-1,934.3
2026-09-20 16:18:39,20260920,6,11,6-3-2,644.3
2026-09-20 16:18:39,20260920,6,11,6-3-4,583.9
2026-09-20 16:18:39,20260920,6,11,6-3-5,934.3
2026-09-20 16:18:39,20260920,6,11,6-4-1,120.5
2026-09-20 16:18:39,20260920,6,11,6-4-2,311.4
2026-09-20 16:18:39,20260920,6,11,6-4-3,491.7
2026-09-20 16:18:39,20260920,6,11,6-4-5,155.7
2026-09-20 16:18:39,20260920,6,11,6-5-1,227.8
2026-09-20 16:18:39,20260920,6,11,6-5-2,491.7
2026-09-20 16:18:39,20260920,6,11,6-5-3,667.3
2026-09-20 16:18:39,20260920,6,11,6-5-4,183.2
2026-09-20 16:24:09,20260920,2,12,1-2-3,12.8
2026-09-20 16:24:09,20260920,2,12,1-2-4,14.2
2026-09-20 16:24:09,20260920,2,12,1-2-5,42.7
2026-09-20 16:24:09,20260920,2,12,1-2-6,52.1
2026-09-20 16:24:09,20260920,2,12,1-3-2,10.6
2026-09-20 16:24:09,20260920,2,12,1-3-4,7.0
2026-09-20 16:24:09,20260920,2,12,1-3-5,28.2
2026-09-20 16:24:09,20260920,2,12,1-3-6,41.6
2026-09-20 16:24:09,20260920,2,12,1-4-2,11.9
2026-09-20 16:24:09,20260920,2,12,1-4-3,8.7
2026-09-20 16:24:09,20260920,2,12,1-4-5,25.9
2026-09-20 16:24:09,20260920,2,12,1-4-6,35.6
2026-09-20 16:24:09,20260920,2,12,1-5-2,69.8
2026-09-20 16:24:09,20260920,2,12,1-5-3,74.3
2026-09-20 16:24:09,20260920,2,12,1-5-4,74.8
2026-09-20 16:24:09,20260920,2,12,1-5-6,126.4
2026-09-20 16:24:09,20260920,2,12,1-6-2,109.4
2026-09-20 16:24:09,20260920,2,12,1-6-3,134.8
2026-09-20 16:24:09,20260920,2,12,1-6-4,104.5
2026-09-20 16:24:09,20260920,2,12,1-6-5,189.3
2026-09-20 16:24:09,20260920,2,12,2-1-3,56.8
2026-09-20 16:24:09,20260920,2,12,2-1-4,75.0
2026-09-20 16:24:09,20260920,2,12,2-1-5,186.0
2026-09-20 16:24:09,20260920,2,12,2-1-6,233.5
2026-09-20 16:24:09,20260920,2,12,2-3-1,87.3
2026-09-20 16:24:09,20260920,2,12,2-3-4,113.7
2026-09-20 16:24:09,20260920,2,12,2-3-5,365.7
2026-09-20 16:24:09,20260920,2,12,2-3-6,614.5
2026-09-20 16:24:09,20260920,2,12,2-4-1,145.5
2026-09-20 16:24:09,20260920,2,12,2-4-3,155.5
2026-09-20 16:24:09,20260920,2,12,2-4-5,480.6
2026-09-20 16:24:09,20260920,2,12,2-4-6,635.3
2026-09-20 16:24:09,20260920,2,12,2-5-1,483.7
2026-09-20 16:24:09,20260920,2,12,2-5-3,496.5
2026-09-20 16:24:09,20260920,2,12,2-5-4,714.0
2026-09-20 16:24:09,20260920,2,12,2-5-6,742.3
2026-09-20 16:24:09,20260920,2,12,2-6-1,669.4
2026-09-20 16:24:09,20260920,2,12,2-6-3,925.6
2026-09-20 16:24:09,20260920,2,12,2-6-4,1171.0
2026-09-20 16:24:09,20260920,2,12,2-6-5,1270.0
2026-09-20 16:24:09,20260920,2,12,3-1-2,36.6
2026-09-20 16:24:09,20260920,2,12,3-1-4,28.2
2026-09-20 16:24:09,20260920,2,12,3-1-5,79.9
2026-09-20 16:24:09,20260920,2,12,3-1-6,129.0
2026-09-20 16:24:09,20260920,2,12,3-2-1,92.5
2026-09-20 16:24:09,20260920,2,12,3-2-4,94.1
2026-09-20 16:24:09,20260920,2,12,3-2-5,249.9
2026-09-20 16:24:09,20260920,2,12,3-2-6,421.2
2026-09-20 16:24:09,20260920,2,12,3-4-1,45.9
2026-09-20 16:24:09,20260920,2,12,3-4-2,89.7
2026-09-20 16:24:09,20260920,2,12,3-4-5,128.1
2026-09-20 16:24:09,20260920,2,12,3-4-6,168.4
2026-09-20 16:24:09,20260920,2,12,3-5-1,171.1
2026-09-20 16:24:09,20260920,2,12,3-5-2,232.1
2026-09-20 16:24:09,20260920,2,12,3-5-4,241.0
2026-09-20 16:24:09,20260920,2,12,3-5-6,392.5
2026-09-20 16:24:09,20260920,2,12,3-6-1,517.0
2026-09-20 16:24:09,20260920,2,12,3-6-2,496.5
2026-09-20 16:24:09,20260920,2,12,3-6-4,365.7
2026-09-20 16:24:09,20260920,2,12,3-6-5,474.5
2026-09-20 16:24:09,20260920,2,12,4-1-2,50.0
2026-09-20 16:24:09,20260920,2,12,4-1-3,39.6
2026-09-20 16:24:09,20260920,2,12,4-1-5,65.0
2026-09-20 16:24:09,20260920,2,12,4-1-6,105.0
2026-09-20 16:24:09,20260920,2,12,4-2-1,126.8
2026-09-20 16:24:09,20260920,2,12,4-2-3,125.1
2026-09-20 16:24:09,20260920,2,12,4-2-5,229.9
2026-09-20 16:24:09,20260920,2,12,4-2-6,350.3
2026-09-20 16:24:09,20260920,2,12,4-3-1,66.3
2026-09-20 16:24:09,20260920,2,12,4-3-2,118.0
2026-09-20 16:24:09,20260920,2,12,4-3-5,157.1
2026-09-20 16:24:09,20260920,2,12,4-3-6,219.8
2026-09-20 16:24:09,20260920,2,12,4-5-1,124.9
2026-09-20 16:24:09,20260920,2,12,4-5-2,223.8
2026-09-20 16:24:09,20260920,2,12,4-5-3,196.2
2026-09-20 16:24:09,20260920,2,12,4-5-6,191.2
2026-09-20 16:24:09,20260920,2,12,4-6-1,187.9
2026-09-20 16:24:09,20260920,2,12,4-6-2,279.7
2026-09-20 16:24:09,20260920,2,12,4-6-3,277.6
2026-09-20 16:24:09,20260920,2,12,4-6-5,241.0
2026-09-20 16:24:09,20260920,2,12,5-1-2,352.0
2026-09-20 16:24:09,20260920,2,12,5-1-3,348.7
2026-09-20 16:24:09,20260920,2,12,5-1-4,339.2
2026-09-20 16:24:09,20260920,2,12,5-1-6,568.0
2026-09-20 16:24:09,20260920,2,12,5-2-1,599.8
2026-09-20 16:24:09,20260920,2,12,5-2-3,687.8
2026-09-20 16:24:09,20260920,2,12,5-2-4,1013.0
2026-09-20 16:24:09,20260920,2,12,5-2-6,757.3
2026-09-20 16:24:09,20260920,2,12,5-3-1,386.4
2026-09-20 16:24:09,20260920,2,12,5-3-2,640.8
2026-09-20 16:24:09,20260920,2,12,5-3-4,663.5
2026-09-20 16:24:09,20260920,2,12,5-3-6,823.9
2026-09-20 16:24:09,20260920,2,12,5-4-1,378.6
2026-09-20 16:24:09,20260920,2,12,5-4-2,914.3
2026-09-20 16:24:09,20260920,2,12,5-4-3,513.5
2026-09-20 16:24:09,20260920,2,12,5-4-6,520.6
2026-09-20 16:24:09,20260920,2,12,5-6-1,687.8
2026-09-20 16:24:09,20260920,2,12,5-6-2,882.0
2026-09-20 16:24:09,20260920,2,12,5-6-3,1086.0
2026-09-20 16:24:09,20260920,2,12,5-6-4,999.6
2026-09-20 16:24:09,20260920,2,12,6-1-2,471.5
2026-09-20 16:24:09,20260920,2,12,6-1-3,590.3
2026-09-20 16:24:09,20260920,2,12,6-1-4,555.3
2026-09-20 16:24:09,20260920,2,12,6-1-5,1056.0
2026-09-20 16:24:09,20260920,2,12,6-2-1,663.5
2026-09-20 16:24:09,20260920,2,12,6-2-3,961.2
2026-09-20 16:24:09,20260920,2,12,6-2-4,1102.0
2026-09-20 16:24:09,20260920,2,12,6-2-5,961.2
2026-09-20 16:24:09,20260920,2,12,6-3-1,914.3
2026-09-20 16:24:09,20260920,2,12,6-3-2,871.8
2026-09-20 16:24:09,20260920,2,12,6-3-4,781.0
2026-09-20 16:24:09,20260920,2,12,6-3-5,1136.0
2026-09-20 16:24:09,20260920,2,12,6-4-1,624.8
2026-09-20 16:24:09,20260920,2,12,6-4-2,1190.0
2026-09-20 16:24:09,20260920,2,12,6-4-3,852.0
2026-09-20 16:24:09,20260920,2,12,6-4-5,937.2
2026-09-20 16:24:09,20260920,2,12,6-5-1,1041.0
2026-09-20 16:24:09,20260920,2,12,6-5-2,1292.0
2026-09-20 16:24:09,20260920,2,12,6-5-3,1292.0
2026-09-20 16:24:09,20260920,2,12,6-5-4,999.6
2026-09-20 16:27:00,20260920,12,4,1-2-3,52.6
2026-09-20 16:27:00,20260920,12,4,1-2-4,23.8
2026-09-20 16:27:00,20260920,12,4,1-2-5,63.6
2026-09-20 16:27:00,20260920,12,4,1-2-6,166.9
2026-09-20 16:27:00,20260920,12,4,1-3-2,63.9
2026-09-20 16:27:00,20260920,12,4,1-3-4,36.3
2026-09-20 16:27:00,20260920,12,4,1-3-5,65.6
2026-09-20 16:27:00,20260920,12,4,1-3-6,182.6
2026-09-20 16:27:00,20260920,12,4,1-4-2,15.9
2026-09-20 16:27:00,20260920,12,4,1-4-3,25.5
2026-09-20 16:27:00,20260920,12,4,1-4-5,21.5
2026-09-20 16:27:00,20260920,12,4,1-4-6,90.4
2026-09-20 16:27:00,20260920,12,4,1-5-2,101.9
2026-09-20 16:27:00,20260920,12,4,1-5-3,90.4
2026-09-20 16:27:00,20260920,12,4,1-5-4,74.7
2026-09-20 16:27:00,20260920,12,4,1-5-6,261.6
2026-09-20 16:27:00,20260920,12,4,1-6-2,230.5
2026-09-20 16:27:00,20260920,12,4,1-6-3,245.1
2026-09-20 16:27:00,20260920,12,4,1-6-4,148.9
2026-09-20 16:27:00,20260920,12,4,1-6-5,461.0
2026-09-20 16:27:00,20260920,12,4,2-1-3,53.6
2026-09-20 16:27:00,20260920,12,4,2-1-4,39.0
2026-09-20 16:27:00,20260920,12,4,2-1-5,107.5
2026-09-20 16:27:00,20260920,12,4,2-1-6,236.1
2026-09-20 16:27:00,20260920,12,4,2-3-1,129.9
2026-09-20 16:27:00,20260920,12,4,2-3-4,94.0
2026-09-20 16:27:00,20260920,12,4,2-3-5,154.9
2026-09-20 16:27:00,20260920,12,4,2-3-6,174.4
2026-09-20 16:27:00,20260920,12,4,2-4-1,43.4
2026-09-20 16:27:00,20260920,12,4,2-4-3,54.2
2026-09-20 16:27:00,20260920,12,4,2-4-5,45.2
2026-09-20 16:27:00,20260920,12,4,2-4-6,161.3
2026-09-20 16:27:00,20260920,12,4,2-5-1,156.1
2026-09-20 16:27:00,20260920,12,4,2-5-3,203.8
2026-09-20 16:27:00,20260920,12,4,2-5-4,101.3
2026-09-20 16:27:00,20260920,12,4,2-5-6,307.3
2026-09-20 16:27:00,20260920,12,4,2-6-1,484.1
2026-09-20 16:27:00,20260920,12,4,2-6-3,484.1
2026-09-20 16:27:00,20260920,12,4,2-6-4,420.9
2026-09-20 16:27:00,20260920,12,4,2-6-5,509.5
2026-09-20 16:27:00,20260920,12,4,3-1-2,61.6
2026-09-20 16:27:00,20260920,12,4,3-1-4,49.5
2026-09-20 16:27:00,20260920,12,4,3-1-5,50.8
2026-09-20 16:27:00,20260920,12,4,3-1-6,180.9
2026-09-20 16:27:00,20260920,12,4,3-2-1,121.0
2026-09-20 16:27:00,20260920,12,4,3-2-4,106.9
2026-09-20 16:27:00,20260920,12,4,3-2-5,127.3
2026-09-20 16:27:00,20260920,12,4,3-2-6,251.4
2026-09-20 16:27:00,20260920,12,4,3-4-1,53.7
2026-09-20 16:27:00,20260920,12,4,3-4-2,66.0
2026-09-20 16:27:00,20260920,12,4,3-4-5,64.1
2026-09-20 16:27:00,20260920,12,4,3-4-6,169.8
2026-09-20 16:27:00,20260920,12,4,3-5-1,136.3
2026-09-20 16:27:00,20260920,12,4,3-5-2,143.4
2026-09-20 16:27:00,20260920,12,4,3-5-4,136.3
2026-09-20 16:27:00,20260920,12,4,3-5-6,239.0
2026-09-20 16:27:00,20260920,12,4,3-6-1,242.0
2026-09-20 16:27:00,20260920,12,4,3-6-2,412.0
2026-09-20 16:27:00,20260920,12,4,3-6-4,412.0
2026-09-20 16:27:00,20260920,12,4,3-6-5,537.8
2026-09-20 16:27:00,20260920,12,4,4-1-2,20.7
2026-09-20 16:27:00,20260920,12,4,4-1-3,39.1
2026-09-20 16:27:00,20260920,12,4,4-1-5,23.2
2026-09-20 16:27:00,20260920,12,4,4-1-6,69.1
2026-09-20 16:27:00,20260920,12,4,4-2-1,33.0
2026-09-20 16:27:00,20260920,12,4,4-2-3,29.8
2026-09-20 16:27:00,20260920,12,4,4-2-5,19.4
2026-09-20 16:27:00,20260920,12,4,4-2-6,105.8
2026-09-20 16:27:00,20260920,12,4,4-3-1,70.4
2026-09-20 16:27:00,20260920,12,4,4-3-2,85.3
2026-09-20 16:27:00,20260920,12,4,4-3-5,72.5
2026-09-20 16:27:00,20260920,12,4,4-3-6,164.1
2026-09-20 16:27:00,20260920,12,4,4-5-1,28.2
2026-09-20 16:27:00,20260920,12,4,4-5-2,29.0
2026-09-20 16:27:00,20260920,12,4,4-5-3,52.6
2026-09-20 16:27:00,20260920,12,4,4-5-6,36.3
2026-09-20 16:27:00,20260920,12,4,4-6-1,145.5
2026-09-20 16:27:00,20260920,12,4,4-6-2,162.7
2026-09-20 16:27:00,20260920,12,4,4-6-3,195.5
2026-09-20 16:27:00,20260920,12,4,4-6-5,95.3
2026-09-20 16:27:00,20260920,12,4,5-1-2,121.0
2026-09-20 16:27:00,20260920,12,4,5-1-3,168.3
2026-09-20 16:27:00,20260920,12,4,5-1-4,108.7
2026-09-20 16:27:00,20260920,12,4,5-1-6,268.9
2026-09-20 16:27:00,20260920,12,4,5-2-1,203.8
2026-09-20 16:27:00,20260920,12,4,5-2-3,188.0
2026-09-20 16:27:00,20260920,12,4,5-2-4,116.6
2026-09-20 16:27:00,20260920,12,4,5-2-6,280.6
2026-09-20 16:27:00,20260920,12,4,5-3-1,215.1
2026-09-20 16:27:00,20260920,12,4,5-3-2,230.5
2026-09-20 16:27:00,20260920,12,4,5-3-4,242.0
2026-09-20 16:27:00,20260920,12,4,5-3-6,484.1
2026-09-20 16:27:00,20260920,12,4,5-4-1,101.9
2026-09-20 16:27:00,20260920,12,4,5-4-2,50.6
2026-09-20 16:27:00,20260920,12,4,5-4-3,179.2
2026-09-20 16:27:00,20260920,12,4,5-4-6,161.3
2026-09-20 16:27:00,20260920,12,4,5-6-1,387.2
2026-09-20 16:27:00,20260920,12,4,5-6-2,352.0
2026-09-20 16:27:00,20260920,12,4,5-6-3,412.0
2026-09-20 16:27:00,20260920,12,4,5-6-4,222.5
2026-09-20 16:27:00,20260920,12,4,6-1-2,372.3
2026-09-20 16:27:00,20260920,12,4,6-1-3,691.5
2026-09-20 16:27:00,20260920,12,4,6-1-4,461.0
2026-09-20 16:27:00,20260920,12,4,6-1-5,1075.0
2026-09-20 16:27:00,20260920,12,4,6-2-1,1139.0
2026-09-20 16:27:00,20260920,12,4,6-2-3,450.3
2026-09-20 16:27:00,20260920,12,4,6-2-4,553.2
2026-09-20 16:27:00,20260920,12,4,6-2-5,605.1
2026-09-20 16:27:00,20260920,12,4,6-3-1,569.5
2026-09-20 16:27:00,20260920,12,4,6-3-2,806.8
2026-09-20 16:27:00,20260920,12,4,6-3-4,744.7
2026-09-20 16:27:00,20260920,12,4,6-3-5,1139.0
2026-09-20 16:27:00,20260920,12,4,6-4-1,645.4
2026-09-20 16:27:00,20260920,12,4,6-4-2,430.3
2026-09-20 16:27:00,20260920,12,4,6-4-3,667.7
2026-09-20 16:27:00,20260920,12,4,6-4-5,333.8
2026-09-20 16:27:00,20260920,12,4,6-5-1,624.6
2026-09-20 16:27:00,20260920,12,4,6-5-2,922.1
2026-09-20 16:27:00,20260920,12,4,6-5-3,1290.0
2026-09-20 16:27:00,20260920,12,4,6-5-4,450.3
2026-09-20 16:29:50,20260920,15,4,1-2-3,34.6
2026-09-20 16:29:50,20260920,15,4,1-2-4,21.5
2026-09-20 16:29:50,20260920,15,4,1-2-5,142.0
2026-09-20 16:29:50,20260920,15,4,1-2-6,29.8
2026-09-20 16:29:50,20260920,15,4,1-3-2,38.7
2026-09-20 16:29:50,20260920,15,4,1-3-4,23.6
2026-09-20 16:29:50,20260920,15,4,1-3-5,150.6
2026-09-20 16:29:50,20260920,15,4,1-3-6,29.2
2026-09-20 16:29:50,20260920,15,4,1-4-2,23.6
2026-09-20 16:29:50,20260920,15,4,1-4-3,27.1
2026-09-20 16:29:50,20260920,15,4,1-4-5,95.4
2026-09-20 16:29:50,20260920,15,4,1-4-6,16.2
2026-09-20 16:29:50,20260920,15,4,1-5-2,123.7
2026-09-20 16:29:50,20260920,15,4,1-5-3,125.0
2026-09-20 16:29:50,20260920,15,4,1-5-4,162.3
2026-09-20 16:29:50,20260920,15,4,1-5-6,140.4
2026-09-20 16:29:50,20260920,15,4,1-6-2,38.5
2026-09-20 16:29:50,20260920,15,4,1-6-3,50.6
2026-09-20 16:29:50,20260920,15,4,1-6-4,21.1
2026-09-20 16:29:50,20260920,15,4,1-6-5,227.2
2026-09-20 16:29:50,20260920,15,4,2-1-3,83.8
2026-09-20 16:29:50,20260920,15,4,2-1-4,51.6
2026-09-20 16:29:50,20260920,15,4,2-1-5,227.2
2026-09-20 16:29:50,20260920,15,4,2-1-6,99.2
2026-09-20 16:29:50,20260920,15,4,2-3-1,189.4
2026-09-20 16:29:50,20260920,15,4,2-3-4,79.1
2026-09-20 16:29:50,20260920,15,4,2-3-5,211.8
2026-09-20 16:29:50,20260920,15,4,2-3-6,132.9
2026-09-20 16:29:50,20260920,15,4,2-4-1,88.6
2026-09-20 16:29:50,20260920,15,4,2-4-3,91.9
2026-09-20 16:29:50,20260920,15,4,2-4-5,201.6
2026-09-20 16:29:50,20260920,15,4,2-4-6,63.4
2026-09-20 16:29:50,20260920,15,4,2-5-1,204.9
2026-09-20 16:29:50,20260920,15,4,2-5-3,416.7
2026-09-20 16:29:50,20260920,15,4,2-5-4,290.7
2026-09-20 16:29:50,20260920,15,4,2-5-6,271.7
2026-09-20 16:29:50,20260920,15,4,2-6-1,173.6
2026-09-20 16:29:50,20260920,15,4,2-6-3,176.0
2026-09-20 16:29:50,20260920,15,4,2-6-4,84.4
2026-09-20 16:29:50,20260920,15,4,2-6-5,520.8
2026-09-20 16:29:50,20260920,15,4,3-1-2,111.6
2026-09-20 16:29:50,20260920,15,4,3-1-4,60.6
2026-09-20 16:29:50,20260920,15,4,3-1-5,138.9
2026-09-20 16:29:50,20260920,15,4,3-1-6,93.2
2026-09-20 16:29:50,20260920,15,4,3-2-1,160.2
2026-09-20 16:29:50,20260920,15,4,3-2-4,71.8
2026-09-20 16:29:50,20260920,15,4,3-2-5,135.8
2026-09-20 16:29:50,20260920,15,4,3-2-6,114.6
2026-09-20 16:29:50,20260920,15,4,3-4-1,105.0
2026-09-20 16:29:50,20260920,15,4,3-4-2,95.4
2026-09-20 16:29:50,20260920,15,4,3-4-5,260.4
2026-09-20 16:29:50,20260920,15,4,3-4-6,79.1
2026-09-20 16:29:50,20260920,15,4,3-5-1,284.1
2026-09-20 16:29:50,20260920,15,4,3-5-2,147.0
2026-09-20 16:29:50,20260920,15,4,3-5-4,260.4
2026-09-20 16:29:50,20260920,15,4,3-5-6,312.5
2026-09-20 16:29:50,20260920,15,4,3-6-1,178.5
2026-09-20 16:29:50,20260920,15,4,3-6-2,192.3
2026-09-20 16:29:50,20260920,15,4,3-6-4,94.7
2026-09-20 16:29:50,20260920,15,4,3-6-5,416.7
2026-09-20 16:29:50,20260920,15,4,4-1-2,41.9
2026-09-20 16:29:50,20260920,15,4,4-1-3,48.2
2026-09-20 16:29:50,20260920,15,4,4-1-5,92.6
2026-09-20 16:29:50,20260920,15,4,4-1-6,34.2
2026-09-20 16:29:50,20260920,15,4,4-2-1,67.2
2026-09-20 16:29:50,20260920,15,4,4-2-3,64.7
2026-09-20 16:29:50,20260920,15,4,4-2-5,152.4
2026-09-20 16:29:50,20260920,15,4,4-2-6,52.3
2026-09-20 16:29:50,20260920,15,4,4-3-1,78.1
2026-09-20 16:29:50,20260920,15,4,4-3-2,83.8
2026-09-20 16:29:50,20260920,15,4,4-3-5,255.1
2026-09-20 16:29:50,20260920,15,4,4-3-6,53.8
2026-09-20 16:29:50,20260920,15,4,4-5-1,192.3
2026-09-20 16:29:50,20260920,15,4,4-5-2,195.3
2026-09-20 16:29:50,20260920,15,4,4-5-3,304.9
2026-09-20 16:29:50,20260920,15,4,4-5-6,158.2
2026-09-20 16:29:50,20260920,15,4,4-6-1,36.6
2026-09-20 16:29:50,20260920,15,4,4-6-2,44.4
2026-09-20 16:29:50,20260920,15,4,4-6-3,56.3
2026-09-20 16:29:50,20260920,15,4,4-6-5,171.2
2026-09-20 16:29:50,20260920,15,4,5-1-2,245.1
2026-09-20 16:29:50,20260920,15,4,5-1-3,255.1
2026-09-20 16:29:50,20260920,15,4,5-1-4,164.4
2026-09-20 16:29:50,20260920,15,4,5-1-6,128.8
2026-09-20 16:29:50,20260920,15,4,5-2-1,367.6
2026-09-20 16:29:50,20260920,15,4,5-2-3,168.9
2026-09-20 16:29:50,20260920,15,4,5-2-4,304.9
2026-09-20 16:29:50,20260920,15,4,5-2-6,260.4
2026-09-20 16:29:50,20260920,15,4,5-3-1,446.4
2026-09-20 16:29:50,20260920,15,4,5-3-2,480.8
2026-09-20 16:29:50,20260920,15,4,5-3-4,297.6
2026-09-20 16:29:50,20260920,15,4,5-3-6,357.1
2026-09-20 16:29:50,20260920,15,4,5-4-1,255.1
2026-09-20 16:29:50,20260920,15,4,5-4-2,290.7
2026-09-20 16:29:50,20260920,15,4,5-4-3,337.8
2026-09-20 16:29:50,20260920,15,4,5-4-6,250.0
2026-09-20 16:29:50,20260920,15,4,5-6-1,431.0
2026-09-20 16:29:50,20260920,15,4,5-6-2,297.6
2026-09-20 16:29:50,20260920,15,4,5-6-3,480.8
2026-09-20 16:29:50,20260920,15,4,5-6-4,227.2
2026-09-20 16:29:50,20260920,15,4,6-1-2,64.4
2026-09-20 16:29:50,20260920,15,4,6-1-3,105.9
2026-09-20 16:29:50,20260920,15,4,6-1-4,43.7
2026-09-20 16:29:50,20260920,15,4,6-1-5,347.2
2026-09-20 16:29:50,20260920,15,4,6-2-1,147.0
2026-09-20 16:29:50,20260920,15,4,6-2-3,128.8
2026-09-20 16:29:50,20260920,15,4,6-2-4,71.4
2026-09-20 16:29:50,20260920,15,4,6-2-5,463.0
2026-09-20 16:29:50,20260920,15,4,6-3-1,201.6
2026-09-20 16:29:50,20260920,15,4,6-3-2,152.4
2026-09-20 16:29:50,20260920,15,4,6-3-4,87.4
2026-09-20 16:29:50,20260920,15,4,6-3-5,657.9
2026-09-20 16:29:50,20260920,15,4,6-4-1,60.1
2026-09-20 16:29:50,20260920,15,4,6-4-2,73.1
2026-09-20 16:29:50,20260920,15,4,6-4-3,85.0
2026-09-20 16:29:50,20260920,15,4,6-4-5,284.1
2026-09-20 16:29:50,20260920,15,4,6-5-1,480.8
2026-09-20 16:29:50,20260920,15,4,6-5-2,694.5
2026-09-20 16:29:50,20260920,15,4,6-5-3,735.3
2026-09-20 16:29:50,20260920,15,4,6-5-4,290.7
2026-09-20 16:32:31,20260920,17,12,1-2-3,13.1
2026-09-20 16:32:31,20260920,17,12,1-2-4,18.7
2026-09-20 16:32:31,20260920,17,12,1-2-5,10.7
2026-09-20 16:32:31,20260920,17,12,1-2-6,74.6
2026-09-20 16:32:31,20260920,17,12,1-3-2,15.5
2026-09-20 16:32:31,20260920,17,12,1-3-4,16.4
2026-09-20 16:32:31,20260920,17,12,1-3-5,10.3
2026-09-20 16:32:31,20260920,17,12,1-3-6,58.9
2026-09-20 16:32:31,20260920,17,12,1-4-2,31.6
2026-09-20 16:32:31,20260920,17,12,1-4-3,33.7
2026-09-20 16:32:31,20260920,17,12,1-4-5,20.8
2026-09-20 16:32:31,20260920,17,12,1-4-6,77.4
2026-09-20 16:32:31,20260920,17,12,1-5-2,16.7
2026-09-20 16:32:31,20260920,17,12,1-5-3,16.7
2026-09-20 16:32:31,20260920,17,12,1-5-4,25.6
2026-09-20 16:32:31,20260920,17,12,1-5-6,48.2
2026-09-20 16:32:31,20260920,17,12,1-6-2,228.8
2026-09-20 16:32:31,20260920,17,12,1-6-3,256.2
2026-09-20 16:32:31,20260920,17,12,1-6-4,230.0
2026-09-20 16:32:31,20260920,17,12,1-6-5,172.5
2026-09-20 16:32:31,20260920,17,12,2-1-3,42.1
2026-09-20 16:32:31,20260920,17,12,2-1-4,51.8
2026-09-20 16:32:31,20260920,17,12,2-1-5,36.2
2026-09-20 16:32:31,20260920,17,12,2-1-6,164.3
2026-09-20 16:32:31,20260920,17,12,2-3-1,104.1
2026-09-20 16:32:31,20260920,17,12,2-3-4,186.7
2026-09-20 16:32:31,20260920,17,12,2-3-5,104.8
2026-09-20 16:32:31,20260920,17,12,2-3-6,515.0
2026-09-20 16:32:31,20260920,17,12,2-4-1,141.8
2026-09-20 16:32:31,20260920,17,12,2-4-3,260.8
2026-09-20 16:32:31,20260920,17,12,2-4-5,173.9
2026-09-20 16:32:31,20260920,17,12,2-4-6,443.8
2026-09-20 16:32:31,20260920,17,12,2-5-1,80.7
2026-09-20 16:32:31,20260920,17,12,2-5-3,139.1
2026-09-20 16:32:31,20260920,17,12,2-5-4,192.3
2026-09-20 16:32:31,20260920,17,12,2-5-6,335.2
2026-09-20 16:32:31,20260920,17,12,2-6-1,713.2
2026-09-20 16:32:31,20260920,17,12,2-6-3,1212.0
2026-09-20 16:32:31,20260920,17,12,2-6-4,904.3
2026-09-20 16:32:31,20260920,17,12,2-6-5,926.6
2026-09-20 16:32:31,20260920,17,12,3-1-2,64.9
2026-09-20 16:32:31,20260920,17,12,3-1-4,61.8
2026-09-20 16:32:31,20260920,17,12,3-1-5,38.7
2026-09-20 16:32:31,20260920,17,12,3-1-6,174.2
2026-09-20 16:32:31,20260920,17,12,3-2-1,133.9
2026-09-20 16:32:31,20260920,17,12,3-2-4,273.0
2026-09-20 16:32:31,20260920,17,12,3-2-5,166.9
2026-09-20 16:32:31,20260920,17,12,3-2-6,638.7
2026-09-20 16:32:31,20260920,17,12,3-4-1,146.8
2026-09-20 16:32:31,20260920,17,12,3-4-2,317.0
2026-09-20 16:32:31,20260920,17,12,3-4-5,141.8
2026-09-20 16:32:31,20260920,17,12,3-4-6,365.5
2026-09-20 16:32:31,20260920,17,12,3-5-1,75.6
2026-09-20 16:32:31,20260920,17,12,3-5-2,161.3
2026-09-20 16:32:31,20260920,17,12,3-5-4,165.4
2026-09-20 16:32:31,20260920,17,12,3-5-6,253.2
2026-09-20 16:32:31,20260920,17,12,3-6-1,758.4
2026-09-20 16:32:31,20260920,17,12,3-6-2,1016.0
2026-09-20 16:32:31,20260920,17,12,3-6-4,854.4
2026-09-20 16:32:31,20260920,17,12,3-6-5,785.5
2026-09-20 16:32:31,20260920,17,12,4-1-2,102.2
2026-09-20 16:32:31,20260920,17,12,4-1-3,132.6
2026-09-20 16:32:31,20260920,17,12,4-1-5,67.8
2026-09-20 16:32:31,20260920,17,12,4-1-6,211.0
2026-09-20 16:32:31,20260920,17,12,4-2-1,194.3
2026-09-20 16:32:31,20260920,17,12,4-2-3,403.6
2026-09-20 16:32:31,20260920,17,12,4-2-5,217.5
2026-09-20 16:32:31,20260920,17,12,4-2-6,512.0
2026-09-20 16:32:31,20260920,17,12,4-3-1,232.8
2026-09-20 16:32:31,20260920,17,12,4-3-2,450.6
2026-09-20 16:32:31,20260920,17,12,4-3-5,232.0
2026-09-20 16:32:31,20260920,17,12,4-3-6,488.2
2026-09-20 16:32:31,20260920,17,12,4-5-1,85.5
2026-09-20 16:32:31,20260920,17,12,4-5-2,147.8
2026-09-20 16:32:31,20260920,17,12,4-5-3,191.2
2026-09-20 16:32:31,20260920,17,12,4-5-6,142.2
2026-09-20 16:32:31,20260920,17,12,4-6-1,603.6
2026-09-20 16:32:31,20260920,17,12,4-6-2,769.5
2026-09-20 16:32:31,20260920,17,12,4-6-3,760.6
2026-09-20 16:32:31,20260920,17,12,4-6-5,469.9
2026-09-20 16:32:31,20260920,17,12,5-1-2,45.2
2026-09-20 16:32:31,20260920,17,12,5-1-3,50.5
2026-09-20 16:32:31,20260920,17,12,5-1-4,76.6
2026-09-20 16:32:31,20260920,17,12,5-1-6,133.8
2026-09-20 16:32:31,20260920,17,12,5-2-1,94.0
2026-09-20 16:32:31,20260920,17,12,5-2-3,176.9
2026-09-20 16:32:31,20260920,17,12,5-2-4,274.1
2026-09-20 16:32:31,20260920,17,12,5-2-6,370.1
2026-09-20 16:32:31,20260920,17,12,5-3-1,99.3
2026-09-20 16:32:31,20260920,17,12,5-3-2,204.4
2026-09-20 16:32:31,20260920,17,12,5-3-4,299.7
2026-09-20 16:32:31,20260920,17,12,5-3-6,456.9
2026-09-20 16:32:31,20260920,17,12,5-4-1,128.0
2026-09-20 16:32:31,20260920,17,12,5-4-2,260.3
2026-09-20 16:32:31,20260920,17,12,5-4-3,280.5
2026-09-20 16:32:31,20260920,17,12,5-4-6,220.4
2026-09-20 16:32:31,20260920,17,12,5-6-1,357.5
2026-09-20 16:32:31,20260920,17,12,5-6-2,595.4
2026-09-20 16:32:31,20260920,17,12,5-6-3,622.1
2026-09-20 16:32:31,20260920,17,12,5-6-4,454.5
2026-09-20 16:32:31,20260920,17,12,6-1-2,1024.0
2026-09-20 16:32:31,20260920,17,12,6-1-3,1115.0
2026-09-20 16:32:31,20260920,17,12,6-1-4,1224.0
2026-09-20 16:32:31,20260920,17,12,6-1-5,898.2
2026-09-20 16:32:31,20260920,17,12,6-2-1,1708.0
2026-09-20 16:32:31,20260920,17,12,6-2-3,1754.0
2026-09-20 16:32:31,20260920,17,12,6-2-4,1521.0
2026-09-20 16:32:31,20260920,17,12,6-2-5,1790.0
2026-09-20 16:32:31,20260920,17,12,6-3-1,1634.0
2026-09-20 16:32:31,20260920,17,12,6-3-2,2122.0
2026-09-20 16:32:31,20260920,17,12,6-3-4,1676.0
2026-09-20 16:32:31,20260920,17,12,6-3-5,1495.0
2026-09-20 16:32:31,20260920,17,12,6-4-1,1634.0
2026-09-20 16:32:31,20260920,17,12,6-4-2,1920.0
2026-09-20 16:32:31,20260920,17,12,6-4-3,1907.0
2026-09-20 16:32:31,20260920,17,12,6-4-5,953.5
2026-09-20 16:32:31,20260920,17,12,6-5-1,871.4
2026-09-20 16:32:31,20260920,17,12,6-5-2,1949.0
2026-09-20 16:32:31,20260920,17,12,6-5-3,1731.0
2026-09-20 16:32:31,20260920,17,12,6-5-4,933.2
2026-09-20 16:38:05,20260920,16,12,1-2-3,5.0
2026-09-20 16:38:05,20260920,16,12,1-2-4,8.5
2026-09-20 16:38:05,20260920,16,12,1-2-5,46.0
2026-09-20 16:38:05,20260920,16,12,1-2-6,21.3
2026-09-20 16:38:05,20260920,16,12,1-3-2,9.8
2026-09-20 16:38:05,20260920,16,12,1-3-4,14.4
2026-09-20 16:38:05,20260920,16,12,1-3-5,48.0
2026-09-20 16:38:05,20260920,16,12,1-3-6,27.5
2026-09-20 16:38:05,20260920,16,12,1-4-2,17.3
2026-09-20 16:38:05,20260920,16,12,1-4-3,22.7
2026-09-20 16:38:05,20260920,16,12,1-4-5,55.8
2026-09-20 16:38:05,20260920,16,12,1-4-6,34.3
2026-09-20 16:38:05,20260920,16,12,1-5-2,93.3
2026-09-20 16:38:05,20260920,16,12,1-5-3,92.7
2026-09-20 16:38:05,20260920,16,12,1-5-4,106.9
2026-09-20 16:38:05,20260920,16,12,1-5-6,82.3
2026-09-20 16:38:05,20260920,16,12,1-6-2,60.2
2026-09-20 16:38:05,20260920,16,12,1-6-3,73.4
2026-09-20 16:38:05,20260920,16,12,1-6-4,76.4
2026-09-20 16:38:05,20260920,16,12,1-6-5,123.6
2026-09-20 16:38:05,20260920,16,12,2-1-3,30.7
2026-09-20 16:38:05,20260920,16,12,2-1-4,42.6
2026-09-20 16:38:05,20260920,16,12,2-1-5,133.5
2026-09-20 16:38:05,20260920,16,12,2-1-6,77.6
2026-09-20 16:38:05,20260920,16,12,2-3-1,86.3
2026-09-20 16:38:05,20260920,16,12,2-3-4,152.5
2026-09-20 16:38:05,20260920,16,12,2-3-5,306.6
2026-09-20 16:38:05,20260920,16,12,2-3-6,265.9
2026-09-20 16:38:05,20260920,16,12,2-4-1,160.6
2026-09-20 16:38:05,20260920,16,12,2-4-3,246.3
2026-09-20 16:38:05,20260920,16,12,2-4-5,375.6
2026-09-20 16:38:05,20260920,16,12,2-4-6,337.6
2026-09-20 16:38:05,20260920,16,12,2-5-1,353.5
2026-09-20 16:38:05,20260920,16,12,2-5-3,423.2
2026-09-20 16:38:05,20260920,16,12,2-5-4,330.2
2026-09-20 16:38:05,20260920,16,12,2-5-6,455.3
2026-09-20 16:38:05,20260920,16,12,2-6-1,236.6
2026-09-20 16:38:05,20260920,16,12,2-6-3,448.5
2026-09-20 16:38:05,20260920,16,12,2-6-4,375.6
2026-09-20 16:38:05,20260920,16,12,2-6-5,546.3
2026-09-20 16:38:05,20260920,16,12,3-1-2,32.7
2026-09-20 16:38:05,20260920,16,12,3-1-4,34.5
2026-09-20 16:38:05,20260920,16,12,3-1-5,71.8
2026-09-20 16:38:05,20260920,16,12,3-1-6,73.6
2026-09-20 16:38:05,20260920,16,12,3-2-1,63.6
2026-09-20 16:38:05,20260920,16,12,3-2-4,173.7
2026-09-20 16:38:05,20260920,16,12,3-2-5,280.8
2026-09-20 16:38:05,20260920,16,12,3-2-6,256.8
2026-09-20 16:38:05,20260920,16,12,3-4-1,153.3
2026-09-20 16:38:05,20260920,16,12,3-4-2,178.8
2026-09-20 16:38:05,20260920,16,12,3-4-5,333.8
2026-09-20 16:38:05,20260920,16,12,3-4-6,294.6
2026-09-20 16:38:05,20260920,16,12,3-5-1,256.8
2026-09-20 16:38:05,20260920,16,12,3-5-2,333.8
2026-09-20 16:38:05,20260920,16,12,3-5-4,441.9
2026-09-20 16:38:05,20260920,16,12,3-5-6,429.2
2026-09-20 16:38:05,20260920,16,12,3-6-1,330.2
2026-09-20 16:38:05,20260920,16,12,3-6-2,366.4
2026-09-20 16:38:05,20260920,16,12,3-6-4,536.6
2026-09-20 16:38:05,20260920,16,12,3-6-5,448.5
2026-09-20 16:38:05,20260920,16,12,4-1-2,78.6
2026-09-20 16:38:05,20260920,16,12,4-1-3,116.4
2026-09-20 16:38:05,20260920,16,12,4-1-5,143.0
2026-09-20 16:38:05,20260920,16,12,4-1-6,163.3
2026-09-20 16:38:05,20260920,16,12,4-2-1,151.7
2026-09-20 16:38:05,20260920,16,12,4-2-3,227.6
2026-09-20 16:38:05,20260920,16,12,4-2-5,316.3
2026-09-20 16:38:05,20260920,16,12,4-2-6,273.1
2026-09-20 16:38:05,20260920,16,12,4-3-1,238.4
2026-09-20 16:38:05,20260920,16,12,4-3-2,252.5
2026-09-20 16:38:05,20260920,16,12,4-3-5,390.2
2026-09-20 16:38:05,20260920,16,12,4-3-6,406.0
2026-09-20 16:38:05,20260920,16,12,4-5-1,263.5
2026-09-20 16:38:05,20260920,16,12,4-5-2,375.6
2026-09-20 16:38:05,20260920,16,12,4-5-3,417.3
2026-09-20 16:38:05,20260920,16,12,4-5-6,250.4
2026-09-20 16:38:05,20260920,16,12,4-6-1,278.2
2026-09-20 16:38:05,20260920,16,12,4-6-2,306.6
2026-09-20 16:38:05,20260920,16,12,4-6-3,556.4
2026-09-20 16:38:05,20260920,16,12,4-6-5,330.2
2026-09-20 16:38:05,20260920,16,12,5-1-2,375.6
2026-09-20 16:38:05,20260920,16,12,5-1-3,265.9
2026-09-20 16:38:05,20260920,16,12,5-1-4,248.3
2026-09-20 16:38:05,20260920,16,12,5-1-6,259.0
2026-09-20 16:38:05,20260920,16,12,5-2-1,556.4
2026-09-20 16:38:05,20260920,16,12,5-2-3,577.8
2026-09-20 16:38:05,20260920,16,12,5-2-4,429.2
2026-09-20 16:38:05,20260920,16,12,5-2-6,400.6
2026-09-20 16:38:05,20260920,16,12,5-3-1,375.6
2026-09-20 16:38:05,20260920,16,12,5-3-2,518.1
2026-09-20 16:38:05,20260920,16,12,5-3-4,455.3
2026-09-20 16:38:05,20260920,16,12,5-3-6,441.9
2026-09-20 16:38:05,20260920,16,12,5-4-1,429.2
2026-09-20 16:38:05,20260920,16,12,5-4-2,435.5
2026-09-20 16:38:05,20260920,16,12,5-4-3,435.5
2026-09-20 16:38:05,20260920,16,12,5-4-6,380.3
2026-09-20 16:38:05,20260920,16,12,5-6-1,240.4
2026-09-20 16:38:05,20260920,16,12,5-6-2,337.6
2026-09-20 16:38:05,20260920,16,12,5-6-3,601.0
2026-09-20 16:38:05,20260920,16,12,5-6-4,370.9
2026-09-20 16:38:05,20260920,16,12,6-1-2,224.2
2026-09-20 16:38:05,20260920,16,12,6-1-3,341.4
2026-09-20 16:38:05,20260920,16,12,6-1-4,417.3
2026-09-20 16:38:05,20260920,16,12,6-1-5,589.2
2026-09-20 16:38:05,20260920,16,12,6-2-1,357.7
2026-09-20 16:38:05,20260920,16,12,6-2-3,601.0
2026-09-20 16:38:05,20260920,16,12,6-2-4,484.6
2026-09-20 16:38:05,20260920,16,12,6-2-5,751.2
2026-09-20 16:38:05,20260920,16,12,6-3-1,390.2
2026-09-20 16:38:05,20260920,16,12,6-3-2,682.9
2026-09-20 16:38:05,20260920,16,12,6-3-4,639.3
2026-09-20 16:38:05,20260920,16,12,6-3-5,653.2
2026-09-20 16:38:05,20260920,16,12,6-4-1,589.2
2026-09-20 16:38:05,20260920,16,12,6-4-2,667.7
2026-09-20 16:38:05,20260920,16,12,6-4-3,770.5
2026-09-20 16:38:05,20260920,16,12,6-4-5,476.9
2026-09-20 16:38:05,20260920,16,12,6-5-1,527.1
2026-09-20 16:38:05,20260920,16,12,6-5-2,858.5
2026-09-20 16:38:05,20260920,16,12,6-5-3,715.4
2026-09-20 16:38:05,20260920,16,12,6-5-4,417.3
2026-09-20 16:40:45,20260920,1,4,1-2-3,40.9
2026-09-20 16:40:45,20260920,1,4,1-2-4,31.3
2026-09-20 16:40:45,20260920,1,4,1-2-5,35.7
2026-09-20 16:40:45,20260920,1,4,1-2-6,121.0
2026-09-20 16:40:45,20260920,1,4,1-3-2,75.5
2026-09-20 16:40:45,20260920,1,4,1-3-4,82.5
2026-09-20 16:40:45,20260920,1,4,1-3-5,65.7
2026-09-20 16:40:45,20260920,1,4,1-3-6,166.4
2026-09-20 16:40:45,20260920,1,4,1-4-2,40.1
2026-09-20 16:40:45,20260920,1,4,1-4-3,99.3
2026-09-20 16:40:45,20260920,1,4,1-4-5,38.5
2026-09-20 16:40:45,20260920,1,4,1-4-6,176.1
2026-09-20 16:40:45,20260920,1,4,1-5-2,68.8
2026-09-20 16:40:45,20260920,1,4,1-5-3,89.2
2026-09-20 16:40:45,20260920,1,4,1-5-4,57.4
2026-09-20 16:40:45,20260920,1,4,1-5-6,159.0
2026-09-20 16:40:45,20260920,1,4,1-6-2,383.0
2026-09-20 16:40:45,20260920,1,4,1-6-3,438.3
2026-09-20 16:40:45,20260920,1,4,1-6-4,290.0
2026-09-20 16:40:45,20260920,1,4,1-6-5,275.8
2026-09-20 16:40:45,20260920,1,4,2-1-3,54.7
2026-09-20 16:40:45,20260920,1,4,2-1-4,29.1
2026-09-20 16:40:45,20260920,1,4,2-1-5,32.8
2026-09-20 16:40:45,20260920,1,4,2-1-6,177.7
2026-09-20 16:40:45,20260920,1,4,2-3-1,67.5
2026-09-20 16:40:45,20260920,1,4,2-3-4,51.8
2026-09-20 16:40:45,20260920,1,4,2-3-5,47.0
2026-09-20 16:40:45,20260920,1,4,2-3-6,221.6
2026-09-20 16:40:45,20260920,1,4,2-4-1,36.4
2026-09-20 16:40:45,20260920,1,4,2-4-3,48.1
2026-09-20 16:40:45,20260920,1,4,2-4-5,17.4
2026-09-20 16:40:45,20260920,1,4,2-4-6,126.0
2026-09-20 16:40:45,20260920,1,4,2-5-1,39.7
2026-09-20 16:40:45,20260920,1,4,2-5-3,55.2
2026-09-20 16:40:45,20260920,1,4,2-5-4,26.5
2026-09-20 16:40:45,20260920,1,4,2-5-6,125.6
2026-09-20 16:40:45,20260920,1,4,2-6-1,368.7
2026-09-20 16:40:45,20260920,1,4,2-6-3,448.3
2026-09-20 16:40:45,20260920,1,4,2-6-4,305.8
2026-09-20 16:40:45,20260920,1,4,2-6-5,320.7
2026-09-20 16:40:45,20260920,1,4,3-1-2,128.0
2026-09-20 16:40:45,20260920,1,4,3-1-4,123.6
2026-09-20 16:40:45,20260920,1,4,3-1-5,95.9
2026-09-20 16:40:45,20260920,1,4,3-1-6,303.4
2026-09-20 16:40:45,20260920,1,4,3-2-1,116.7
2026-09-20 16:40:45,20260920,1,4,3-2-4,65.5
2026-09-20 16:40:45,20260920,1,4,3-2-5,64.5
2026-09-20 16:40:45,20260920,1,4,3-2-6,296.6
2026-09-20 16:40:45,20260920,1,4,3-4-1,151.1
2026-09-20 16:40:45,20260920,1,4,3-4-2,89.0
2026-09-20 16:40:45,20260920,1,4,3-4-5,80.5
2026-09-20 16:40:45,20260920,1,4,3-4-6,294.4
2026-09-20 16:40:45,20260920,1,4,3-5-1,115.0
2026-09-20 16:40:45,20260920,1,4,3-5-2,87.6
2026-09-20 16:40:45,20260920,1,4,3-5-4,103.0
2026-09-20 16:40:45,20260920,1,4,3-5-6,315.6
2026-09-20 16:40:45,20260920,1,4,3-6-1,606.9
2026-09-20 16:40:45,20260920,1,4,3-6-2,773.5
2026-09-20 16:40:45,20260920,1,4,3-6-4,547.9
2026-09-20 16:40:45,20260920,1,4,3-6-5,626.2
2026-09-20 16:40:45,20260920,1,4,4-1-2,37.6
2026-09-20 16:40:45,20260920,1,4,4-1-3,93.7
2026-09-20 16:40:45,20260920,1,4,4-1-5,33.3
2026-09-20 16:40:45,20260920,1,4,4-1-6,124.8
2026-09-20 16:40:45,20260920,1,4,4-2-1,51.3
2026-09-20 16:40:45,20260920,1,4,4-2-3,64.6
2026-09-20 16:40:45,20260920,1,4,4-2-5,20.8
2026-09-20 16:40:45,20260920,1,4,4-2-6,122.9
2026-09-20 16:40:45,20260920,1,4,4-3-1,144.5
2026-09-20 16:40:45,20260920,1,4,4-3-2,60.2
2026-09-20 16:40:45,20260920,1,4,4-3-5,90.0
2026-09-20 16:40:45,20260920,1,4,4-3-6,243.5
2026-09-20 16:40:45,20260920,1,4,4-5-1,36.2
2026-09-20 16:40:45,20260920,1,4,4-5-2,23.6
2026-09-20 16:40:45,20260920,1,4,4-5-3,62.4
2026-09-20 16:40:45,20260920,1,4,4-5-6,60.3
2026-09-20 16:40:45,20260920,1,4,4-6-1,313.1
2026-09-20 16:40:45,20260920,1,4,4-6-2,226.7
2026-09-20 16:40:45,20260920,1,4,4-6-3,337.1
2026-09-20 16:40:45,20260920,1,4,4-6-5,198.2
2026-09-20 16:40:45,20260920,1,4,5-1-2,63.0
2026-09-20 16:40:45,20260920,1,4,5-1-3,98.8
2026-09-20 16:40:45,20260920,1,4,5-1-4,65.6
2026-09-20 16:40:45,20260920,1,4,5-1-6,128.0
2026-09-20 16:40:45,20260920,1,4,5-2-1,69.3
2026-09-20 16:40:45,20260920,1,4,5-2-3,91.7
2026-09-20 16:40:45,20260920,1,4,5-2-4,36.8
2026-09-20 16:40:45,20260920,1,4,5-2-6,141.9
2026-09-20 16:40:45,20260920,1,4,5-3-1,163.0
2026-09-20 16:40:45,20260920,1,4,5-3-2,133.7
2026-09-20 16:40:45,20260920,1,4,5-3-4,150.0
2026-09-20 16:40:45,20260920,1,4,5-3-6,410.9
2026-09-20 16:40:45,20260920,1,4,5-4-1,64.7
2026-09-20 16:40:45,20260920,1,4,5-4-2,37.0
2026-09-20 16:40:45,20260920,1,4,5-4-3,100.3
2026-09-20 16:40:45,20260920,1,4,5-4-6,100.1
2026-09-20 16:40:45,20260920,1,4,5-6-1,308.2
2026-09-20 16:40:45,20260920,1,4,5-6-2,232.0
2026-09-20 16:40:45,20260920,1,4,5-6-3,365.2
2026-09-20 16:40:45,20260920,1,4,5-6-4,186.9
2026-09-20 16:40:45,20260920,1,4,6-1-2,657.5
2026-09-20 16:40:45,20260920,1,4,6-1-3,616.4
2026-09-20 16:40:45,20260920,1,4,6-1-4,626.2
2026-09-20 16:40:45,20260920,1,4,6-1-5,821.9
2026-09-20 16:40:45,20260920,1,4,6-2-1,962.2
2026-09-20 16:40:45,20260920,1,4,6-2-3,758.6
2026-09-20 16:40:45,20260920,1,4,6-2-4,789.0
2026-09-20 16:40:45,20260920,1,4,6-2-5,563.5
2026-09-20 16:40:45,20260920,1,4,6-3-1,1232.0
2026-09-20 16:40:45,20260920,1,4,6-3-2,986.2
2026-09-20 16:40:45,20260920,1,4,6-3-4,962.2
2026-09-20 16:40:45,20260920,1,4,6-3-5,1127.0
2026-09-20 16:40:45,20260920,1,4,6-4-1,773.5
2026-09-20 16:40:45,20260920,1,4,6-4-2,704.4
2026-09-20 16:40:45,20260920,1,4,6-4-3,1038.0
2026-09-20 16:40:45,20260920,1,4,6-4-5,519.0
2026-09-20 16:40:45,20260920,1,4,6-5-1,876.7
2026-09-20 16:40:45,20260920,1,4,6-5-2,805.1
2026-09-20 16:40:45,20260920,1,4,6-5-3,1095.0
2026-09-20 16:40:45,20260920,1,4,6-5-4,428.8
2026-09-20 16:51:25,20260920,6,12,1-2-3,11.5
2026-09-20 16:51:25,20260920,6,12,1-2-4,8.2
2026-09-20 16:51:25,20260920,6,12,1-2-5,8.0
2026-09-20 16:51:25,20260920,6,12,1-2-6,8.7
2026-09-20 16:51:25,20260920,6,12,1-3-2,23.8
2026-09-20 16:51:25,20260920,6,12,1-3-4,36.5
2026-09-20 16:51:25,20260920,6,12,1-3-5,40.5
2026-09-20 16:51:25,20260920,6,12,1-3-6,36.8
2026-09-20 16:51:25,20260920,6,12,1-4-2,15.9
2026-09-20 16:51:25,20260920,6,12,1-4-3,32.3
2026-09-20 16:51:25,20260920,6,12,1-4-5,28.0
2026-09-20 16:51:25,20260920,6,12,1-4-6,17.4
2026-09-20 16:51:25,20260920,6,12,1-5-2,17.7
2026-09-20 16:51:25,20260920,6,12,1-5-3,60.0
2026-09-20 16:51:25,20260920,6,12,1-5-4,45.2
2026-09-20 16:51:25,20260920,6,12,1-5-6,19.8
2026-09-20 16:51:25,20260920,6,12,1-6-2,18.4
2026-09-20 16:51:25,20260920,6,12,1-6-3,49.4
2026-09-20 16:51:25,20260920,6,12,1-6-4,27.5
2026-09-20 16:51:25,20260920,6,12,1-6-5,31.5
2026-09-20 16:51:25,20260920,6,12,2-1-3,78.3
2026-09-20 16:51:25,20260920,6,12,2-1-4,70.5
2026-09-20 16:51:25,20260920,6,12,2-1-5,54.4
2026-09-20 16:51:25,20260920,6,12,2-1-6,56.9
2026-09-20 16:51:25,20260920,6,12,2-3-1,268.0
2026-09-20 16:51:25,20260920,6,12,2-3-4,573.1
2026-09-20 16:51:25,20260920,6,12,2-3-5,673.1
2026-09-20 16:51:25,20260920,6,12,2-3-6,622.4
2026-09-20 16:51:25,20260920,6,12,2-4-1,258.4
2026-09-20 16:51:25,20260920,6,12,2-4-3,609.3
2026-09-20 16:51:25,20260920,6,12,2-4-5,665.4
2026-09-20 16:51:25,20260920,6,12,2-4-6,578.9
2026-09-20 16:51:25,20260920,6,12,2-5-1,157.3
2026-09-20 16:51:25,20260920,6,12,2-5-3,643.2
2026-09-20 16:51:25,20260920,6,12,2-5-4,643.2
2026-09-20 16:51:25,20260920,6,12,2-5-6,321.6
2026-09-20 16:51:25,20260920,6,12,2-6-1,135.8
2026-09-20 16:51:25,20260920,6,12,2-6-3,567.5
2026-09-20 16:51:25,20260920,6,12,2-6-4,622.4
2026-09-20 16:51:25,20260920,6,12,2-6-5,425.6
2026-09-20 16:51:25,20260920,6,12,3-1-2,234.3
2026-09-20 16:51:25,20260920,6,12,3-1-4,249.5
2026-09-20 16:51:25,20260920,6,12,3-1-5,259.6
2026-09-20 16:51:25,20260920,6,12,3-1-6,404.8
2026-09-20 16:51:25,20260920,6,12,3-2-1,419.5
2026-09-20 16:51:25,20260920,6,12,3-2-4,657.8
2026-09-20 16:51:25,20260920,6,12,3-2-5,503.4
2026-09-20 16:51:25,20260920,6,12,3-2-6,596.8
2026-09-20 16:51:25,20260920,6,12,3-4-1,404.8
2026-09-20 16:51:25,20260920,6,12,3-4-2,603.0
2026-09-20 16:51:25,20260920,6,12,3-4-5,918.9
2026-09-20 16:51:25,20260920,6,12,3-4-6,556.6
2026-09-20 16:51:25,20260920,6,12,3-5-1,482.4
2026-09-20 16:51:25,20260920,6,12,3-5-2,603.0
2026-09-20 16:51:25,20260920,6,12,3-5-4,839.0
2026-09-20 16:51:25,20260920,6,12,3-5-6,705.9
2026-09-20 16:51:25,20260920,6,12,3-6-1,590.7
2026-09-20 16:51:25,20260920,6,12,3-6-2,584.7
2026-09-20 16:51:25,20260920,6,12,3-6-4,714.7
2026-09-20 16:51:25,20260920,6,12,3-6-5,596.8
2026-09-20 16:51:25,20260920,6,12,4-1-2,159.4
2026-09-20 16:51:25,20260920,6,12,4-1-3,332.7
2026-09-20 16:51:25,20260920,6,12,4-1-5,166.3
2026-09-20 16:51:25,20260920,6,12,4-1-6,204.5
2026-09-20 16:51:25,20260920,6,12,4-2-1,355.1
2026-09-20 16:51:25,20260920,6,12,4-2-3,673.1
2026-09-20 16:51:25,20260920,6,12,4-2-5,714.7
2026-09-20 16:51:25,20260920,6,12,4-2-6,596.8
2026-09-20 16:51:25,20260920,6,12,4-3-1,536.0
2026-09-20 16:51:25,20260920,6,12,4-3-2,839.0
2026-09-20 16:51:25,20260920,6,12,4-3-5,562.0
2026-09-20 16:51:25,20260920,6,12,4-3-6,636.1
2026-09-20 16:51:25,20260920,6,12,4-5-1,256.1
2026-09-20 16:51:25,20260920,6,12,4-5-2,615.8
2026-09-20 16:51:25,20260920,6,12,4-5-3,1033.0
2026-09-20 16:51:25,20260920,6,12,4-5-6,316.3
2026-09-20 16:51:25,20260920,6,12,4-6-1,312.9
2026-09-20 16:51:25,20260920,6,12,4-6-2,650.4
2026-09-20 16:51:25,20260920,6,12,4-6-3,689.1
2026-09-20 16:51:25,20260920,6,12,4-6-5,490.6
2026-09-20 16:51:25,20260920,6,12,5-1-2,122.6
2026-09-20 16:51:25,20260920,6,12,5-1-3,314.6
2026-09-20 16:51:25,20260920,6,12,5-1-4,268.0
2026-09-20 16:51:25,20260920,6,12,5-1-6,173.3
2026-09-20 16:51:25,20260920,6,12,5-2-1,242.2
2026-09-20 16:51:25,20260920,6,12,5-2-3,761.7
2026-09-20 16:51:25,20260920,6,12,5-2-4,723.6
2026-09-20 16:51:25,20260920,6,12,5-2-6,448.7
2026-09-20 16:51:25,20260920,6,12,5-3-1,650.4
2026-09-20 16:51:25,20260920,6,12,5-3-2,933.7
2026-09-20 16:51:25,20260920,6,12,5-3-4,1315.0
2026-09-20 16:51:25,20260920,6,12,5-3-6,751.8
2026-09-20 16:51:25,20260920,6,12,5-4-1,482.4
2026-09-20 16:51:25,20260920,6,12,5-4-2,742.2
2026-09-20 16:51:25,20260920,6,12,5-4-3,981.2
2026-09-20 16:51:25,20260920,6,12,5-4-6,445.3
2026-09-20 16:51:25,20260920,6,12,5-6-1,301.5
2026-09-20 16:51:25,20260920,6,12,5-6-2,413.5
2026-09-20 16:51:25,20260920,6,12,5-6-3,782.3
2026-09-20 16:51:25,20260920,6,12,5-6-4,681.0
2026-09-20 16:51:25,20260920,6,12,6-1-2,113.2
2026-09-20 16:51:25,20260920,6,12,6-1-3,482.4
2026-09-20 16:51:25,20260920,6,12,6-1-4,318.0
2026-09-20 16:51:25,20260920,6,12,6-1-5,250.6
2026-09-20 16:51:25,20260920,6,12,6-2-1,246.3
2026-09-20 16:51:25,20260920,6,12,6-2-3,804.0
2026-09-20 16:51:25,20260920,6,12,6-2-4,751.8
2026-09-20 16:51:25,20260920,6,12,6-2-5,657.8
2026-09-20 16:51:25,20260920,6,12,6-3-1,918.9
2026-09-20 16:51:25,20260920,6,12,6-3-2,918.9
2026-09-20 16:51:25,20260920,6,12,6-3-4,1315.0
2026-09-20 16:51:25,20260920,6,12,6-3-5,1346.0
2026-09-20 16:51:25,20260920,6,12,6-4-1,470.6
2026-09-20 16:51:25,20260920,6,12,6-4-2,981.2
2026-09-20 16:51:25,20260920,6,12,6-4-3,1484.0
2026-09-20 16:51:25,20260920,6,12,6-4-5,771.8
2026-09-20 16:51:25,20260920,6,12,6-5-1,402.0
2026-09-20 16:51:25,20260920,6,12,6-5-2,681.0
2026-09-20 16:51:25,20260920,6,12,6-5-3,1315.0
2026-09-20 16:51:25,20260920,6,12,6-5-4,751.8
2026-09-20 16:54:16,20260920,12,5,1-2-3,16.0
2026-09-20 16:54:16,20260920,12,5,1-2-4,51.9
2026-09-20 16:54:16,20260920,12,5,1-2-5,17.3
2026-09-20 16:54:16,20260920,12,5,1-2-6,10.9
2026-09-20 16:54:16,20260920,12,5,1-3-2,19.5
2026-09-20 16:54:16,20260920,12,5,1-3-4,51.9
2026-09-20 16:54:16,20260920,12,5,1-3-5,16.3
2026-09-20 16:54:16,20260920,12,5,1-3-6,10.8
2026-09-20 16:54:16,20260920,12,5,1-4-2,92.3
2026-09-20 16:54:16,20260920,12,5,1-4-3,87.2
2026-09-20 16:54:16,20260920,12,5,1-4-5,99.2
2026-09-20 16:54:16,20260920,12,5,1-4-6,63.0
2026-09-20 16:54:16,20260920,12,5,1-5-2,34.1
2026-09-20 16:54:16,20260920,12,5,1-5-3,27.4
2026-09-20 16:54:16,20260920,12,5,1-5-4,94.3
2026-09-20 16:54:16,20260920,12,5,1-5-6,14.9
2026-09-20 16:54:16,20260920,12,5,1-6-2,17.9
2026-09-20 16:54:16,20260920,12,5,1-6-3,17.4
2026-09-20 16:54:16,20260920,12,5,1-6-4,50.4
2026-09-20 16:54:16,20260920,12,5,1-6-5,17.7
2026-09-20 16:54:16,20260920,12,5,2-1-3,85.1
2026-09-20 16:54:16,20260920,12,5,2-1-4,155.0
2026-09-20 16:54:16,20260920,12,5,2-1-5,145.3
2026-09-20 16:54:16,20260920,12,5,2-1-6,72.5
2026-09-20 16:54:16,20260920,12,5,2-3-1,224.0
2026-09-20 16:54:16,20260920,12,5,2-3-4,482.3
2026-09-20 16:54:16,20260920,12,5,2-3-5,394.6
2026-09-20 16:54:16,20260920,12,5,2-3-6,373.4
2026-09-20 16:54:16,20260920,12,5,2-4-1,456.9
2026-09-20 16:54:16,20260920,12,5,2-4-3,510.7
2026-09-20 16:54:16,20260920,12,5,2-4-5,204.3
2026-09-20 16:54:16,20260920,12,5,2-4-6,588.6
2026-09-20 16:54:16,20260920,12,5,2-5-1,296.8
2026-09-20 16:54:16,20260920,12,5,2-5-3,423.5
2026-09-20 16:54:16,20260920,12,5,2-5-4,655.3
2026-09-20 16:54:16,20260920,12,5,2-5-6,237.8
2026-09-20 16:54:16,20260920,12,5,2-6-1,148.4
2026-09-20 16:54:16,20260920,12,5,2-6-3,377.5
2026-09-20 16:54:16,20260920,12,5,2-6-4,631.4
2026-09-20 16:54:16,20260920,12,5,2-6-5,261.1
2026-09-20 16:54:16,20260920,12,5,3-1-2,113.5
2026-09-20 16:54:16,20260920,12,5,3-1-4,178.1
2026-09-20 16:54:16,20260920,12,5,3-1-5,58.4
2026-09-20 16:54:16,20260920,12,5,3-1-6,65.4
2026-09-20 16:54:16,20260920,12,5,3-2-1,233.0
2026-09-20 16:54:16,20260920,12,5,3-2-4,394.6
2026-09-20 16:54:16,20260920,12,5,3-2-5,249.8
2026-09-20 16:54:16,20260920,12,5,3-2-6,337.2
2026-09-20 16:54:16,20260920,12,5,3-4-1,439.6
2026-09-20 16:54:16,20260920,12,5,3-4-2,403.8
2026-09-20 16:54:16,20260920,12,5,3-4-5,643.1
2026-09-20 16:54:16,20260920,12,5,3-4-6,526.2
2026-09-20 16:54:16,20260920,12,5,3-5-1,149.0
2026-09-20 16:54:16,20260920,12,5,3-5-2,233.0
2026-09-20 16:54:16,20260920,12,5,3-5-4,489.1
2026-09-20 16:54:16,20260920,12,5,3-5-6,206.7
2026-09-20 16:54:16,20260920,12,5,3-6-1,108.1
2026-09-20 16:54:16,20260920,12,5,3-6-2,333.9
2026-09-20 16:54:16,20260920,12,5,3-6-4,456.9
2026-09-20 16:54:16,20260920,12,5,3-6-5,234.6
2026-09-20 16:54:16,20260920,12,5,4-1-2,413.4
2026-09-20 16:54:16,20260920,12,5,4-1-3,377.5
2026-09-20 16:54:16,20260920,12,5,4-1-5,218.4
2026-09-20 16:54:16,20260920,12,5,4-1-6,263.1
2026-09-20 16:54:16,20260920,12,5,4-2-1,771.8
2026-09-20 16:54:16,20260920,12,5,4-2-3,560.1
2026-09-20 16:54:16,20260920,12,5,4-2-5,598.8
2026-09-20 16:54:16,20260920,12,5,4-2-6,413.4
2026-09-20 16:54:16,20260920,12,5,4-3-1,560.1
2026-09-20 16:54:16,20260920,12,5,4-3-2,1021.0
2026-09-20 16:54:16,20260920,12,5,4-3-5,723.5
2026-09-20 16:54:16,20260920,12,5,4-3-6,826.9
2026-09-20 16:54:16,20260920,12,5,4-5-1,315.7
2026-09-20 16:54:16,20260920,12,5,4-5-2,463.0
2026-09-20 16:54:16,20260920,12,5,4-5-3,694.6
2026-09-20 16:54:16,20260920,12,5,4-5-6,330.7
2026-09-20 16:54:16,20260920,12,5,4-6-1,428.7
2026-09-20 16:54:16,20260920,12,5,4-6-2,620.2
2026-09-20 16:54:16,20260920,12,5,4-6-3,738.9
2026-09-20 16:54:16,20260920,12,5,4-6-5,542.6
2026-09-20 16:54:16,20260920,12,5,5-1-2,111.3
2026-09-20 16:54:16,20260920,12,5,5-1-3,108.5
2026-09-20 16:54:16,20260920,12,5,5-1-4,197.3
2026-09-20 16:54:16,20260920,12,5,5-1-6,56.4
2026-09-20 16:54:16,20260920,12,5,5-2-1,242.8
2026-09-20 16:54:16,20260920,12,5,5-2-3,299.4
2026-09-20 16:54:16,20260920,12,5,5-2-4,451.0
2026-09-20 16:54:16,20260920,12,5,5-2-6,206.7
2026-09-20 16:54:16,20260920,12,5,5-3-1,192.9
2026-09-20 16:54:16,20260920,12,5,5-3-2,377.5
2026-09-20 16:54:16,20260920,12,5,5-3-4,694.6
2026-09-20 16:54:16,20260920,12,5,5-3-6,327.6
2026-09-20 16:54:16,20260920,12,5,5-4-1,394.6
2026-09-20 16:54:16,20260920,12,5,5-4-2,694.6
2026-09-20 16:54:16,20260920,12,5,5-4-3,847.1
2026-09-20 16:54:16,20260920,12,5,5-4-6,526.2
2026-09-20 16:54:16,20260920,12,5,5-6-1,66.9
2026-09-20 16:54:16,20260920,12,5,5-6-2,151.0
2026-09-20 16:54:16,20260920,12,5,5-6-3,186.7
2026-09-20 16:54:16,20260920,12,5,5-6-4,271.3
2026-09-20 16:54:16,20260920,12,5,6-1-2,45.4
2026-09-20 16:54:16,20260920,12,5,6-1-3,43.1
2026-09-20 16:54:16,20260920,12,5,6-1-4,109.5
2026-09-20 16:54:16,20260920,12,5,6-1-5,44.3
2026-09-20 16:54:16,20260920,12,5,6-2-1,130.5
2026-09-20 16:54:16,20260920,12,5,6-2-3,257.2
2026-09-20 16:54:16,20260920,12,5,6-2-4,510.7
2026-09-20 16:54:16,20260920,12,5,6-2-5,251.6
2026-09-20 16:54:16,20260920,12,5,6-3-1,102.4
2026-09-20 16:54:16,20260920,12,5,6-3-2,337.2
2026-09-20 16:54:16,20260920,12,5,6-3-4,475.7
2026-09-20 16:54:16,20260920,12,5,6-3-5,242.8
2026-09-20 16:54:16,20260920,12,5,6-4-1,381.6
2026-09-20 16:54:16,20260920,12,5,6-4-2,631.4
2026-09-20 16:54:16,20260920,12,5,6-4-3,609.3
2026-09-20 16:54:16,20260920,12,5,6-4-5,217.0
2026-09-20 16:54:16,20260920,12,5,6-5-1,66.1
2026-09-20 16:54:16,20260920,12,5,6-5-2,153.0
2026-09-20 16:54:16,20260920,12,5,6-5-3,164.6
2026-09-20 16:54:16,20260920,12,5,6-5-4,181.8
2026-09-20 16:56:56,20260920,15,5,1-2-3,69.9
2026-09-20 16:56:56,20260920,15,5,1-2-4,78.3
2026-09-20 16:56:56,20260920,15,5,1-2-5,108.0
2026-09-20 16:56:56,20260920,15,5,1-2-6,61.8
2026-09-20 16:56:56,20260920,15,5,1-3-2,53.2
2026-09-20 16:56:56,20260920,15,5,1-3-4,40.9
2026-09-20 16:56:56,20260920,15,5,1-3-5,19.1
2026-09-20 16:56:56,20260920,15,5,1-3-6,16.7
2026-09-20 16:56:56,20260920,15,5,1-4-2,78.3
2026-09-20 16:56:56,20260920,15,5,1-4-3,61.1
2026-09-20 16:56:56,20260920,15,5,1-4-5,75.6
2026-09-20 16:56:56,20260920,15,5,1-4-6,68.6
2026-09-20 16:56:56,20260920,15,5,1-5-2,81.8
2026-09-20 16:56:56,20260920,15,5,1-5-3,25.6
2026-09-20 16:56:56,20260920,15,5,1-5-4,76.7
2026-09-20 16:56:56,20260920,15,5,1-5-6,19.5
2026-09-20 16:56:56,20260920,15,5,1-6-2,60.7
2026-09-20 16:56:56,20260920,15,5,1-6-3,24.8
2026-09-20 16:56:56,20260920,15,5,1-6-4,62.5
2026-09-20 16:56:56,20260920,15,5,1-6-5,29.2
2026-09-20 16:56:56,20260920,15,5,2-1-3,111.2
2026-09-20 16:56:56,20260920,15,5,2-1-4,98.4
2026-09-20 16:56:56,20260920,15,5,2-1-5,218.1
2026-09-20 16:56:56,20260920,15,5,2-1-6,182.3
2026-09-20 16:56:56,20260920,15,5,2-3-1,300.6
2026-09-20 16:56:56,20260920,15,5,2-3-4,206.0
2026-09-20 16:56:56,20260920,15,5,2-3-5,213.9
2026-09-20 16:56:56,20260920,15,5,2-3-6,264.8
2026-09-20 16:56:56,20260920,15,5,2-4-1,241.8
2026-09-20 16:56:56,20260920,15,5,2-4-3,222.5
2026-09-20 16:56:56,20260920,15,5,2-4-5,347.6
2026-09-20 16:56:56,20260920,15,5,2-4-6,252.8
2026-09-20 16:56:56,20260920,15,5,2-5-1,222.5
2026-09-20 16:56:56,20260920,15,5,2-5-3,337.1
2026-09-20 16:56:56,20260920,15,5,2-5-4,278.1
2026-09-20 16:56:56,20260920,15,5,2-5-6,218.1
2026-09-20 16:56:56,20260920,15,5,2-6-1,258.7
2026-09-20 16:56:56,20260920,15,5,2-6-3,370.8
2026-09-20 16:56:56,20260920,15,5,2-6-4,383.6
2026-09-20 16:56:56,20260920,15,5,2-6-5,347.6
2026-09-20 16:56:56,20260920,15,5,3-1-2,97.5
2026-09-20 16:56:56,20260920,15,5,3-1-4,66.2
2026-09-20 16:56:56,20260920,15,5,3-1-5,31.5
2026-09-20 16:56:56,20260920,15,5,3-1-6,28.6
2026-09-20 16:56:56,20260920,15,5,3-2-1,188.5
2026-09-20 16:56:56,20260920,15,5,3-2-4,122.2
2026-09-20 16:56:56,20260920,15,5,3-2-5,108.0
2026-09-20 16:56:56,20260920,15,5,3-2-6,132.4
2026-09-20 16:56:56,20260920,15,5,3-4-1,58.8
2026-09-20 16:56:56,20260920,15,5,3-4-2,198.6
2026-09-20 16:56:56,20260920,15,5,3-4-5,57.9
2026-09-20 16:56:56,20260920,15,5,3-4-6,44.1
2026-09-20 16:56:56,20260920,15,5,3-5-1,84.2
2026-09-20 16:56:56,20260920,15,5,3-5-2,111.2
2026-09-20 16:56:56,20260920,15,5,3-5-4,127.8
2026-09-20 16:56:56,20260920,15,5,3-5-6,39.4
2026-09-20 16:56:56,20260920,15,5,3-6-1,46.3
2026-09-20 16:56:56,20260920,15,5,3-6-2,264.8
2026-09-20 16:56:56,20260920,15,5,3-6-4,66.6
2026-09-20 16:56:56,20260920,15,5,3-6-5,39.0
2026-09-20 16:56:56,20260920,15,5,4-1-2,195.1
2026-09-20 16:56:56,20260920,15,5,4-1-3,132.4
2026-09-20 16:56:56,20260920,15,5,4-1-5,97.5
2026-09-20 16:56:56,20260920,15,5,4-1-6,137.3
2026-09-20 16:56:56,20260920,15,5,4-2-1,337.1
2026-09-20 16:56:56,20260920,15,5,4-2-3,327.2
2026-09-20 16:56:56,20260920,15,5,4-2-5,222.5
2026-09-20 16:56:56,20260920,15,5,4-2-6,198.6
2026-09-20 16:56:56,20260920,15,5,4-3-1,198.6
2026-09-20 16:56:56,20260920,15,5,4-3-2,397.3
2026-09-20 16:56:56,20260920,15,5,4-3-5,198.6
2026-09-20 16:56:56,20260920,15,5,4-3-6,202.2
2026-09-20 16:56:56,20260920,15,5,4-5-1,222.5
2026-09-20 16:56:56,20260920,15,5,4-5-2,222.5
2026-09-20 16:56:56,20260920,15,5,4-5-3,152.4
2026-09-20 16:56:56,20260920,15,5,4-5-6,101.1
2026-09-20 16:56:56,20260920,15,5,4-6-1,222.5
2026-09-20 16:56:56,20260920,15,5,4-6-2,285.2
2026-09-20 16:56:56,20260920,15,5,4-6-3,176.5
2026-09-20 16:56:56,20260920,15,5,4-6-5,129.3
2026-09-20 16:56:56,20260920,15,5,5-1-2,158.9
2026-09-20 16:56:56,20260920,15,5,5-1-3,48.7
2026-09-20 16:56:56,20260920,15,5,5-1-4,111.2
2026-09-20 16:56:56,20260920,15,5,5-1-6,28.3
2026-09-20 16:56:56,20260920,15,5,5-2-1,337.1
2026-09-20 16:56:56,20260920,15,5,5-2-3,137.3
2026-09-20 16:56:56,20260920,15,5,5-2-4,231.7
2026-09-20 16:56:56,20260920,15,5,5-2-6,213.9
2026-09-20 16:56:56,20260920,15,5,5-3-1,65.4
2026-09-20 16:56:56,20260920,15,5,5-3-2,300.6
2026-09-20 16:56:56,20260920,15,5,5-3-4,146.3
2026-09-20 16:56:56,20260920,15,5,5-3-6,49.4
2026-09-20 16:56:56,20260920,15,5,5-4-1,188.5
2026-09-20 16:56:56,20260920,15,5,5-4-2,292.7
2026-09-20 16:56:56,20260920,15,5,5-4-3,182.3
2026-09-20 16:56:56,20260920,15,5,5-4-6,185.4
2026-09-20 16:56:56,20260920,15,5,5-6-1,43.6
2026-09-20 16:56:56,20260920,15,5,5-6-2,209.9
2026-09-20 16:56:56,20260920,15,5,5-6-3,53.7
2026-09-20 16:56:56,20260920,15,5,5-6-4,156.6
2026-09-20 16:56:56,20260920,15,5,6-1-2,114.6
2026-09-20 16:56:56,20260920,15,5,6-1-3,70.8
2026-09-20 16:56:56,20260920,15,5,6-1-4,179.4
2026-09-20 16:56:56,20260920,15,5,6-1-5,63.5
2026-09-20 16:56:56,20260920,15,5,6-2-1,222.5
2026-09-20 16:56:56,20260920,15,5,6-2-3,236.7
2026-09-20 16:56:56,20260920,15,5,6-2-4,445.0
2026-09-20 16:56:56,20260920,15,5,6-2-5,300.6
2026-09-20 16:56:56,20260920,15,5,6-3-1,114.6
2026-09-20 16:56:56,20260920,15,5,6-3-2,202.2
2026-09-20 16:56:56,20260920,15,5,6-3-4,209.9
2026-09-20 16:56:56,20260920,15,5,6-3-5,81.2
2026-09-20 16:56:56,20260920,15,5,6-4-1,327.2
2026-09-20 16:56:56,20260920,15,5,6-4-2,412.0
2026-09-20 16:56:56,20260920,15,5,6-4-3,347.6
2026-09-20 16:56:56,20260920,15,5,6-4-5,556.2
2026-09-20 16:56:56,20260920,15,5,6-5-1,63.2
2026-09-20 16:56:56,20260920,15,5,6-5-2,278.1
2026-09-20 16:56:56,20260920,15,5,6-5-3,73.6
2026-09-20 16:56:56,20260920,15,5,6-5-4,337.1
2026-09-20 17:04:47,20260920,1,5,1-2-3,20.1
2026-09-20 17:04:47,20260920,1,5,1-2-4,91.6
2026-09-20 17:04:47,20260920,1,5,1-2-5,71.6
2026-09-20 17:04:47,20260920,1,5,1-2-6,36.4
2026-09-20 17:04:47,20260920,1,5,1-3-2,19.0
2026-09-20 17:04:47,20260920,1,5,1-3-4,67.2
2026-09-20 17:04:47,20260920,1,5,1-3-5,46.4
2026-09-20 17:04:47,20260920,1,5,1-3-6,21.7
2026-09-20 17:04:47,20260920,1,5,1-4-2,122.1
2026-09-20 17:04:47,20260920,1,5,1-4-3,93.9
2026-09-20 17:04:47,20260920,1,5,1-4-5,138.0
2026-09-20 17:04:47,20260920,1,5,1-4-6,112.1
2026-09-20 17:04:47,20260920,1,5,1-5-2,100.2
2026-09-20 17:04:47,20260920,1,5,1-5-3,62.0
2026-09-20 17:04:47,20260920,1,5,1-5-4,103.9
2026-09-20 17:04:47,20260920,1,5,1-5-6,84.1
2026-09-20 17:04:47,20260920,1,5,1-6-2,65.6
2026-09-20 17:04:47,20260920,1,5,1-6-3,47.0
2026-09-20 17:04:47,20260920,1,5,1-6-4,159.3
2026-09-20 17:04:47,20260920,1,5,1-6-5,130.6
2026-09-20 17:04:47,20260920,1,5,2-1-3,43.0
2026-09-20 17:04:47,20260920,1,5,2-1-4,89.7
2026-09-20 17:04:47,20260920,1,5,2-1-5,103.6
2026-09-20 17:04:47,20260920,1,5,2-1-6,60.9
2026-09-20 17:04:47,20260920,1,5,2-3-1,42.8
2026-09-20 17:04:47,20260920,1,5,2-3-4,103.3
2026-09-20 17:04:47,20260920,1,5,2-3-5,69.2
2026-09-20 17:04:47,20260920,1,5,2-3-6,26.7
2026-09-20 17:04:47,20260920,1,5,2-4-1,172.1
2026-09-20 17:04:47,20260920,1,5,2-4-3,150.1
2026-09-20 17:04:47,20260920,1,5,2-4-5,152.1
2026-09-20 17:04:47,20260920,1,5,2-4-6,167.1
2026-09-20 17:04:47,20260920,1,5,2-5-1,172.1
2026-09-20 17:04:47,20260920,1,5,2-5-3,122.6
2026-09-20 17:04:47,20260920,1,5,2-5-4,181.3
2026-09-20 17:04:47,20260920,1,5,2-5-6,146.3
2026-09-20 17:04:47,20260920,1,5,2-6-1,96.5
2026-09-20 17:04:47,20260920,1,5,2-6-3,51.3
2026-09-20 17:04:47,20260920,1,5,2-6-4,247.0
2026-09-20 17:04:47,20260920,1,5,2-6-5,214.4
2026-09-20 17:04:47,20260920,1,5,3-1-2,20.6
2026-09-20 17:04:47,20260920,1,5,3-1-4,50.5
2026-09-20 17:04:47,20260920,1,5,3-1-5,42.0
2026-09-20 17:04:47,20260920,1,5,3-1-6,22.4
2026-09-20 17:04:47,20260920,1,5,3-2-1,33.2
2026-09-20 17:04:47,20260920,1,5,3-2-4,75.4
2026-09-20 17:04:47,20260920,1,5,3-2-5,55.3
2026-09-20 17:04:47,20260920,1,5,3-2-6,19.4
2026-09-20 17:04:47,20260920,1,5,3-4-1,123.9
2026-09-20 17:04:47,20260920,1,5,3-4-2,142.6
2026-09-20 17:04:47,20260920,1,5,3-4-5,144.4
2026-09-20 17:04:47,20260920,1,5,3-4-6,100.8
2026-09-20 17:04:47,20260920,1,5,3-5-1,94.9
2026-09-20 17:04:47,20260920,1,5,3-5-2,101.1
2026-09-20 17:04:47,20260920,1,5,3-5-4,152.8
2026-09-20 17:04:47,20260920,1,5,3-5-6,84.5
2026-09-20 17:04:47,20260920,1,5,3-6-1,38.8
2026-09-20 17:04:47,20260920,1,5,3-6-2,25.8
2026-09-20 17:04:47,20260920,1,5,3-6-4,111.7
2026-09-20 17:04:47,20260920,1,5,3-6-5,83.3
2026-09-20 17:04:47,20260920,1,5,4-1-2,161.5
2026-09-20 17:04:47,20260920,1,5,4-1-3,143.2
2026-09-20 17:04:47,20260920,1,5,4-1-5,118.3
2026-09-20 17:04:47,20260920,1,5,4-1-6,146.9
2026-09-20 17:04:47,20260920,1,5,4-2-1,351.4
2026-09-20 17:04:47,20260920,1,5,4-2-3,274.9
2026-09-20 17:04:47,20260920,1,5,4-2-5,178.4
2026-09-20 17:04:47,20260920,1,5,4-2-6,221.3
2026-09-20 17:04:47,20260920,1,5,4-3-1,202.9
2026-09-20 17:04:47,20260920,1,5,4-3-2,312.7
2026-09-20 17:04:47,20260920,1,5,4-3-5,231.9
2026-09-20 17:04:47,20260920,1,5,4-3-6,238.4
2026-09-20 17:04:47,20260920,1,5,4-5-1,134.2
2026-09-20 17:04:47,20260920,1,5,4-5-2,165.4
2026-09-20 17:04:47,20260920,1,5,4-5-3,168.7
2026-09-20 17:04:47,20260920,1,5,4-5-6,163.9
2026-09-20 17:04:47,20260920,1,5,4-6-1,337.5
2026-09-20 17:04:47,20260920,1,5,4-6-2,286.4
2026-09-20 17:04:47,20260920,1,5,4-6-3,344.3
2026-09-20 17:04:47,20260920,1,5,4-6-5,301.6
2026-09-20 17:04:47,20260920,1,5,5-1-2,134.2
2026-09-20 17:04:47,20260920,1,5,5-1-3,117.5
2026-09-20 17:04:47,20260920,1,5,5-1-4,127.2
2026-09-20 17:04:47,20260920,1,5,5-1-6,128.1
2026-09-20 17:04:47,20260920,1,5,5-2-1,179.4
2026-09-20 17:04:47,20260920,1,5,5-2-3,160.8
2026-09-20 17:04:47,20260920,1,5,5-2-4,204.1
2026-09-20 17:04:47,20260920,1,5,5-2-6,207.8
2026-09-20 17:04:47,20260920,1,5,5-3-1,161.5
2026-09-20 17:04:47,20260920,1,5,5-3-2,217.1
2026-09-20 17:04:47,20260920,1,5,5-3-4,309.9
2026-09-20 17:04:47,20260920,1,5,5-3-6,179.4
2026-09-20 17:04:47,20260920,1,5,5-4-1,163.9
2026-09-20 17:04:47,20260920,1,5,5-4-2,184.2
2026-09-20 17:04:47,20260920,1,5,5-4-3,200.5
2026-09-20 17:04:47,20260920,1,5,5-4-6,221.3
2026-09-20 17:04:47,20260920,1,5,5-6-1,284.1
2026-09-20 17:04:47,20260920,1,5,5-6-2,284.1
2026-09-20 17:04:47,20260920,1,5,5-6-3,211.7
2026-09-20 17:04:47,20260920,1,5,5-6-4,370.5
2026-09-20 17:04:47,20260920,1,5,6-1-2,103.3
2026-09-20 17:04:47,20260920,1,5,6-1-3,91.1
2026-09-20 17:04:47,20260920,1,5,6-1-4,301.6
2026-09-20 17:04:47,20260920,1,5,6-1-5,304.3
2026-09-20 17:04:47,20260920,1,5,6-2-1,120.4
2026-09-20 17:04:47,20260920,1,5,6-2-3,58.8
2026-09-20 17:04:47,20260920,1,5,6-2-4,374.6
2026-09-20 17:04:47,20260920,1,5,6-2-5,315.6
2026-09-20 17:04:47,20260920,1,5,6-3-1,99.9
2026-09-20 17:04:47,20260920,1,5,6-3-2,57.9
2026-09-20 17:04:47,20260920,1,5,6-3-4,236.7
2026-09-20 17:04:47,20260920,1,5,6-3-5,206.6
2026-09-20 17:04:47,20260920,1,5,6-4-1,426.1
2026-09-20 17:04:47,20260920,1,5,6-4-2,420.8
2026-09-20 17:04:47,20260920,1,5,6-4-3,344.3
2026-09-20 17:04:47,20260920,1,5,6-4-5,501.3
2026-09-20 17:04:47,20260920,1,5,6-5-1,426.1
2026-09-20 17:04:47,20260920,1,5,6-5-2,467.0
2026-09-20 17:04:47,20260920,1,5,6-5-3,268.4
2026-09-20 17:04:47,20260920,1,5,6-5-4,426.1
2026-09-20 17:20:24,20260920,12,6,1-2-3,49.1
2026-09-20 17:20:24,20260920,12,6,1-2-4,27.2
2026-09-20 17:20:24,20260920,12,6,1-2-5,32.2
2026-09-20 17:20:24,20260920,12,6,1-2-6,162.5
2026-09-20 17:20:24,20260920,12,6,1-3-2,62.5
2026-09-20 17:20:24,20260920,12,6,1-3-4,38.9
2026-09-20 17:20:24,20260920,12,6,1-3-5,45.9
2026-09-20 17:20:24,20260920,12,6,1-3-6,174.1
2026-09-20 17:20:24,20260920,12,6,1-4-2,24.4
2026-09-20 17:20:24,20260920,12,6,1-4-3,33.9
2026-09-20 17:20:24,20260920,12,6,1-4-5,12.8
2026-09-20 17:20:24,20260920,12,6,1-4-6,122.5
2026-09-20 17:20:24,20260920,12,6,1-5-2,36.4
2026-09-20 17:20:24,20260920,12,6,1-5-3,47.8
2026-09-20 17:20:24,20260920,12,6,1-5-4,20.5
2026-09-20 17:20:24,20260920,12,6,1-5-6,237.5
2026-09-20 17:20:24,20260920,12,6,1-6-2,247.6
2026-09-20 17:20:24,20260920,12,6,1-6-3,231.5
2026-09-20 17:20:24,20260920,12,6,1-6-4,260.2
2026-09-20 17:20:24,20260920,12,6,1-6-5,417.2
2026-09-20 17:20:24,20260920,12,6,2-1-3,95.1
2026-09-20 17:20:24,20260920,12,6,2-1-4,56.0
2026-09-20 17:20:24,20260920,12,6,2-1-5,63.7
2026-09-20 17:20:24,20260920,12,6,2-1-6,315.0
2026-09-20 17:20:24,20260920,12,6,2-3-1,177.4
2026-09-20 17:20:24,20260920,12,6,2-3-4,142.0
2026-09-20 17:20:24,20260920,12,6,2-3-5,161.3
2026-09-20 17:20:24,20260920,12,6,2-3-6,376.5
2026-09-20 17:20:24,20260920,12,6,2-4-1,79.8
2026-09-20 17:20:24,20260920,12,6,2-4-3,127.5
2026-09-20 17:20:24,20260920,12,6,2-4-5,53.5
2026-09-20 17:20:24,20260920,12,6,2-4-6,269.2
2026-09-20 17:20:24,20260920,12,6,2-5-1,91.9
2026-09-20 17:20:24,20260920,12,6,2-5-3,134.6
2026-09-20 17:20:24,20260920,12,6,2-5-4,67.8
2026-09-20 17:20:24,20260920,12,6,2-5-6,326.1
2026-09-20 17:20:24,20260920,12,6,2-6-1,735.2
2026-09-20 17:20:24,20260920,12,6,2-6-3,1006.0
2026-09-20 17:20:24,20260920,12,6,2-6-4,544.9
2026-09-20 17:20:24,20260920,12,6,2-6-5,723.7
2026-09-20 17:20:24,20260920,12,6,3-1-2,145.1
2026-09-20 17:20:24,20260920,12,6,3-1-4,87.5
2026-09-20 17:20:24,20260920,12,6,3-1-5,64.5
2026-09-20 17:20:24,20260920,12,6,3-1-6,328.4
2026-09-20 17:20:24,20260920,12,6,3-2-1,232.7
2026-09-20 17:20:24,20260920,12,6,3-2-4,149.4
2026-09-20 17:20:24,20260920,12,6,3-2-5,126.5
2026-09-20 17:20:24,20260920,12,6,3-2-6,467.8
2026-09-20 17:20:24,20260920,12,6,3-4-1,155.4
2026-09-20 17:20:24,20260920,12,6,3-4-2,136.2
2026-09-20 17:20:24,20260920,12,6,3-4-5,64.2
2026-09-20 17:20:24,20260920,12,6,3-4-6,270.8
2026-09-20 17:20:24,20260920,12,6,3-5-1,131.2
2026-09-20 17:20:24,20260920,12,6,3-5-2,134.2
2026-09-20 17:20:24,20260920,12,6,3-5-4,79.9
2026-09-20 17:20:24,20260920,12,6,3-5-6,323.9
2026-09-20 17:20:24,20260920,12,6,3-6-1,477.5
2026-09-20 17:20:24,20260920,12,6,3-6-2,771.9
2026-09-20 17:20:24,20260920,12,6,3-6-4,652.3
2026-09-20 17:20:24,20260920,12,6,3-6-5,771.9
2026-09-20 17:20:24,20260920,12,6,4-1-2,38.9
2026-09-20 17:20:24,20260920,12,6,4-1-3,68.3
2026-09-20 17:20:24,20260920,12,6,4-1-5,16.9
2026-09-20 17:20:24,20260920,12,6,4-1-6,132.7
2026-09-20 17:20:24,20260920,12,6,4-2-1,59.2
2026-09-20 17:20:24,20260920,12,6,4-2-3,98.3
2026-09-20 17:20:24,20260920,12,6,4-2-5,37.2
2026-09-20 17:20:24,20260920,12,6,4-2-6,192.9
2026-09-20 17:20:24,20260920,12,6,4-3-1,122.8
2026-09-20 17:20:24,20260920,12,6,4-3-2,121.8
2026-09-20 17:20:24,20260920,12,6,4-3-5,63.2
2026-09-20 17:20:24,20260920,12,6,4-3-6,246.3
2026-09-20 17:20:24,20260920,12,6,4-5-1,14.5
2026-09-20 17:20:24,20260920,12,6,4-5-2,19.4
2026-09-20 17:20:24,20260920,12,6,4-5-3,31.1
2026-09-20 17:20:24,20260920,12,6,4-5-6,48.5
2026-09-20 17:20:24,20260920,12,6,4-6-1,317.2
2026-09-20 17:20:24,20260920,12,6,4-6-2,293.1
2026-09-20 17:20:24,20260920,12,6,4-6-3,361.8
2026-09-20 17:20:24,20260920,12,6,4-6-5,237.5
2026-09-20 17:20:24,20260920,12,6,5-1-2,67.8
2026-09-20 17:20:24,20260920,12,6,5-1-3,105.2
2026-09-20 17:20:24,20260920,12,6,5-1-4,36.2
2026-09-20 17:20:24,20260920,12,6,5-1-6,310.8
2026-09-20 17:20:24,20260920,12,6,5-2-1,125.1
2026-09-20 17:20:24,20260920,12,6,5-2-3,143.3
2026-09-20 17:20:24,20260920,12,6,5-2-4,75.9
2026-09-20 17:20:24,20260920,12,6,5-2-6,350.8
2026-09-20 17:20:24,20260920,12,6,5-3-1,183.0
2026-09-20 17:20:24,20260920,12,6,5-3-2,166.6
2026-09-20 17:20:24,20260920,12,6,5-3-4,108.4
2026-09-20 17:20:24,20260920,12,6,5-3-6,482.4
2026-09-20 17:20:24,20260920,12,6,5-4-1,27.4
2026-09-20 17:20:24,20260920,12,6,5-4-2,36.9
2026-09-20 17:20:24,20260920,12,6,5-4-3,61.4
2026-09-20 17:20:24,20260920,12,6,5-4-6,132.7
2026-09-20 17:20:24,20260920,12,6,5-6-1,609.4
2026-09-20 17:20:24,20260920,12,6,5-6-2,449.6
2026-09-20 17:20:24,20260920,12,6,5-6-3,503.4
2026-09-20 17:20:24,20260920,12,6,5-6-4,328.4
2026-09-20 17:20:24,20260920,12,6,6-1-2,617.5
2026-09-20 17:20:24,20260920,12,6,6-1-3,661.6
2026-09-20 17:20:24,20260920,12,6,6-1-4,723.7
2026-09-20 17:20:24,20260920,12,6,6-1-5,1781.0
2026-09-20 17:20:24,20260920,12,6,6-2-1,908.1
2026-09-20 17:20:24,20260920,12,6,6-2-3,926.3
2026-09-20 17:20:24,20260920,12,6,6-2-4,908.1
2026-09-20 17:20:24,20260920,12,6,6-2-5,926.3
2026-09-20 17:20:24,20260920,12,6,6-3-1,964.9
2026-09-20 17:20:24,20260920,12,6,6-3-2,1597.0
2026-09-20 17:20:24,20260920,12,6,6-3-4,985.4
2026-09-20 17:20:24,20260920,12,6,6-3-5,1362.0
2026-09-20 17:20:24,20260920,12,6,6-4-1,712.5
2026-09-20 17:20:24,20260920,12,6,6-4-2,681.1
2026-09-20 17:20:24,20260920,12,6,6-4-3,812.5
2026-09-20 17:20:24,20260920,12,6,6-4-5,454.0
2026-09-20 17:20:24,20260920,12,6,6-5-1,908.1
2026-09-20 17:20:24,20260920,12,6,6-5-2,890.7
2026-09-20 17:20:24,20260920,12,6,6-5-3,1403.0
2026-09-20 17:20:24,20260920,12,6,6-5-4,551.4
2026-09-20 17:28:15,20260920,15,6,1-2-3,36.4
2026-09-20 17:28:15,20260920,15,6,1-2-4,19.1
2026-09-20 17:28:15,20260920,15,6,1-2-5,112.2
2026-09-20 17:28:15,20260920,15,6,1-2-6,29.3
2026-09-20 17:28:15,20260920,15,6,1-3-2,44.5
2026-09-20 17:28:15,20260920,15,6,1-3-4,10.5
2026-09-20 17:28:15,20260920,15,6,1-3-5,79.6
2026-09-20 17:28:15,20260920,15,6,1-3-6,16.6
2026-09-20 17:28:15,20260920,15,6,1-4-2,19.2
2026-09-20 17:28:15,20260920,15,6,1-4-3,9.1
2026-09-20 17:28:15,20260920,15,6,1-4-5,36.6
2026-09-20 17:28:15,20260920,15,6,1-4-6,6.2
2026-09-20 17:28:15,20260920,15,6,1-5-2,195.8
2026-09-20 17:28:15,20260920,15,6,1-5-3,160.5
2026-09-20 17:28:15,20260920,15,6,1-5-4,101.2
2026-09-20 17:28:15,20260920,15,6,1-5-6,122.3
2026-09-20 17:28:15,20260920,15,6,1-6-2,39.8
2026-09-20 17:28:15,20260920,15,6,1-6-3,27.8
2026-09-20 17:28:15,20260920,15,6,1-6-4,14.4
2026-09-20 17:28:15,20260920,15,6,1-6-5,80.2
2026-09-20 17:28:15,20260920,15,6,2-1-3,212.6
2026-09-20 17:28:15,20260920,15,6,2-1-4,153.6
2026-09-20 17:28:15,20260920,15,6,2-1-5,398.5
2026-09-20 17:28:15,20260920,15,6,2-1-6,254.4
2026-09-20 17:28:15,20260920,15,6,2-3-1,419.1
2026-09-20 17:28:15,20260920,15,6,2-3-4,435.1
2026-09-20 17:28:15,20260920,15,6,2-3-5,678.5
2026-09-20 17:28:15,20260920,15,6,2-3-6,838.2
2026-09-20 17:28:15,20260920,15,6,2-4-1,260.2
2026-09-20 17:28:15,20260920,15,6,2-4-3,508.9
2026-09-20 17:28:15,20260920,15,6,2-4-5,612.8
2026-09-20 17:28:15,20260920,15,6,2-4-6,379.9
2026-09-20 17:28:15,20260920,15,6,2-5-1,712.4
2026-09-20 17:28:15,20260920,15,6,2-5-3,890.6
2026-09-20 17:28:15,20260920,15,6,2-5-4,740.2
2026-09-20 17:28:15,20260920,15,6,2-5-6,1163.0
2026-09-20 17:28:15,20260920,15,6,2-6-1,419.1
2026-09-20 17:28:15,20260920,15,6,2-6-3,949.9
2026-09-20 17:28:15,20260920,15,6,2-6-4,532.6
2026-09-20 17:28:15,20260920,15,6,2-6-5,1239.0
2026-09-20 17:28:15,20260920,15,6,3-1-2,236.5
2026-09-20 17:28:15,20260920,15,6,3-1-4,35.0
2026-09-20 17:28:15,20260920,15,6,3-1-5,208.7
2026-09-20 17:28:15,20260920,15,6,3-1-6,91.0
2026-09-20 17:28:15,20260920,15,6,3-2-1,365.3
2026-09-20 17:28:15,20260920,15,6,3-2-4,370.1
2026-09-20 17:28:15,20260920,15,6,3-2-5,419.1
2026-09-20 17:28:15,20260920,15,6,3-2-6,548.0
2026-09-20 17:28:15,20260920,15,6,3-4-1,35.8
2026-09-20 17:28:15,20260920,15,6,3-4-2,251.0
2026-09-20 17:28:15,20260920,15,6,3-4-5,259.0
2026-09-20 17:28:15,20260920,15,6,3-4-6,74.5
2026-09-20 17:28:15,20260920,15,6,3-5-1,243.5
2026-09-20 17:28:15,20260920,15,6,3-5-2,246.7
2026-09-20 17:28:15,20260920,15,6,3-5-4,252.2
2026-09-20 17:28:15,20260920,15,6,3-5-6,279.4
2026-09-20 17:28:15,20260920,15,6,3-6-1,186.8
2026-09-20 17:28:15,20260920,15,6,3-6-2,327.5
2026-09-20 17:28:15,20260920,15,6,3-6-4,210.3
2026-09-20 17:28:15,20260920,15,6,3-6-5,298.4
2026-09-20 17:28:15,20260920,15,6,4-1-2,80.9
2026-09-20 17:28:15,20260920,15,6,4-1-3,36.9
2026-09-20 17:28:15,20260920,15,6,4-1-5,93.4
2026-09-20 17:28:15,20260920,15,6,4-1-6,24.9
2026-09-20 17:28:15,20260920,15,6,4-2-1,233.6
2026-09-20 17:28:15,20260920,15,6,4-2-3,532.6
2026-09-20 17:28:15,20260920,15,6,4-2-5,548.0
2026-09-20 17:28:15,20260920,15,6,4-2-6,283.5
2026-09-20 17:28:15,20260920,15,6,4-3-1,52.6
2026-09-20 17:28:15,20260920,15,6,4-3-2,445.3
2026-09-20 17:28:15,20260920,15,6,4-3-5,471.0
2026-09-20 17:28:15,20260920,15,6,4-3-6,205.7
2026-09-20 17:28:15,20260920,15,6,4-5-1,197.2
2026-09-20 17:28:15,20260920,15,6,4-5-2,518.1
2026-09-20 17:28:15,20260920,15,6,4-5-3,445.3
2026-09-20 17:28:15,20260920,15,6,4-5-6,185.6
2026-09-20 17:28:15,20260920,15,6,4-6-1,44.2
2026-09-20 17:28:15,20260920,15,6,4-6-2,179.8
2026-09-20 17:28:15,20260920,15,6,4-6-3,144.3
2026-09-20 17:28:15,20260920,15,6,4-6-5,156.5
2026-09-20 17:28:15,20260920,15,6,5-1-2,542.8
2026-09-20 17:28:15,20260920,15,6,5-1-3,495.6
2026-09-20 17:28:15,20260920,15,6,5-1-4,289.3
2026-09-20 17:28:15,20260920,15,6,5-1-6,289.3
2026-09-20 17:28:15,20260920,15,6,5-2-1,791.6
2026-09-20 17:28:15,20260920,15,6,5-2-3,633.3
2026-09-20 17:28:15,20260920,15,6,5-2-4,838.2
2026-09-20 17:28:15,20260920,15,6,5-2-6,686.7
2026-09-20 17:28:15,20260920,15,6,5-3-1,633.3
2026-09-20 17:28:15,20260920,15,6,5-3-2,1239.0
2026-09-20 17:28:15,20260920,15,6,5-3-4,770.2
2026-09-20 17:28:15,20260920,15,6,5-3-6,999.9
2026-09-20 17:28:15,20260920,15,6,5-4-1,377.4
2026-09-20 17:28:15,20260920,15,6,5-4-2,934.4
2026-09-20 17:28:15,20260920,15,6,5-4-3,982.7
2026-09-20 17:28:15,20260920,15,6,5-4-6,522.9
2026-09-20 17:28:15,20260920,15,6,5-6-1,640.4
2026-09-20 17:28:15,20260920,15,6,5-6-2,850.7
2026-09-20 17:28:15,20260920,15,6,5-6-3,966.0
2026-09-20 17:28:15,20260920,15,6,5-6-4,553.3
2026-09-20 17:28:15,20260920,15,6,6-1-2,210.3
2026-09-20 17:28:15,20260920,15,6,6-1-3,157.8
2026-09-20 17:28:15,20260920,15,6,6-1-4,58.7
2026-09-20 17:28:15,20260920,15,6,6-1-5,206.5
2026-09-20 17:28:15,20260920,15,6,6-2-1,575.7
2026-09-20 17:28:15,20260920,15,6,6-2-3,1036.0
2026-09-20 17:28:15,20260920,15,6,6-2-4,599.9
2026-09-20 17:28:15,20260920,15,6,6-2-5,934.4
2026-09-20 17:28:15,20260920,15,6,6-3-1,226.1
2026-09-20 17:28:15,20260920,15,6,6-3-2,360.7
2026-09-20 17:28:15,20260920,15,6,6-3-4,237.4
2026-09-20 17:28:15,20260920,15,6,6-3-5,363.0
2026-09-20 17:28:15,20260920,15,6,6-4-1,67.3
2026-09-20 17:28:15,20260920,15,6,6-4-2,217.5
2026-09-20 17:28:15,20260920,15,6,6-4-3,180.9
2026-09-20 17:28:15,20260920,15,6,6-4-5,223.5
2026-09-20 17:28:15,20260920,15,6,6-5-1,303.1
2026-09-20 17:28:15,20260920,15,6,6-5-2,356.2
2026-09-20 17:28:15,20260920,15,6,6-5-3,351.8
2026-09-20 17:28:15,20260920,15,6,6-5-4,265.1
2026-09-20 17:31:01,20260920,24,1,1-2-3,39.8
2026-09-20 17:31:01,20260920,24,1,1-2-4,77.4
2026-09-20 17:31:01,20260920,24,1,1-2-5,70.3
2026-09-20 17:31:01,20260920,24,1,1-2-6,99.5
2026-09-20 17:31:01,20260920,24,1,1-3-2,36.8
2026-09-20 17:31:01,20260920,24,1,1-3-4,14.9
2026-09-20 17:31:01,20260920,24,1,1-3-5,10.3
2026-09-20 17:31:01,20260920,24,1,1-3-6,55.8
2026-09-20 17:31:01,20260920,24,1,1-4-2,79.9
2026-09-20 17:31:01,20260920,24,1,1-4-3,28.7
2026-09-20 17:31:01,20260920,24,1,1-4-5,18.4
2026-09-20 17:31:01,20260920,24,1,1-4-6,66.7
2026-09-20 17:31:01,20260920,24,1,1-5-2,40.7
2026-09-20 17:31:01,20260920,24,1,1-5-3,12.3
2026-09-20 17:31:01,20260920,24,1,1-5-4,15.7
2026-09-20 17:31:01,20260920,24,1,1-5-6,43.8
2026-09-20 17:31:01,20260920,24,1,1-6-2,108.2
2026-09-20 17:31:01,20260920,24,1,1-6-3,123.2
2026-09-20 17:31:01,20260920,24,1,1-6-4,106.8
2026-09-20 17:31:01,20260920,24,1,1-6-5,113.2
2026-09-20 17:31:01,20260920,24,1,2-1-3,137.2
2026-09-20 17:31:01,20260920,24,1,2-1-4,134.6
2026-09-20 17:31:01,20260920,24,1,2-1-5,250.0
2026-09-20 17:31:01,20260920,24,1,2-1-6,255.8
2026-09-20 17:31:01,20260920,24,1,2-3-1,232.6
2026-09-20 17:31:01,20260920,24,1,2-3-4,252.9
2026-09-20 17:31:01,20260920,24,1,2-3-5,273.5
2026-09-20 17:31:01,20260920,24,1,2-3-6,467.7
2026-09-20 17:31:01,20260920,24,1,2-4-1,315.2
2026-09-20 17:31:01,20260920,24,1,2-4-3,297.9
2026-09-20 17:31:01,20260920,24,1,2-4-5,353.6
2026-09-20 17:31:01,20260920,24,1,2-4-6,284.3
2026-09-20 17:31:01,20260920,24,1,2-5-1,268.5
2026-09-20 17:31:01,20260920,24,1,2-5-3,334.6
2026-09-20 17:31:01,20260920,24,1,2-5-4,308.5
2026-09-20 17:31:01,20260920,24,1,2-5-6,564.9
2026-09-20 17:31:01,20260920,24,1,2-6-1,530.4
2026-09-20 17:31:01,20260920,24,1,2-6-3,595.8
2026-09-20 17:31:01,20260920,24,1,2-6-4,511.7
2026-09-20 17:31:01,20260920,24,1,2-6-5,776.7
2026-09-20 17:31:01,20260920,24,1,3-1-2,96.2
2026-09-20 17:31:01,20260920,24,1,3-1-4,40.5
2026-09-20 17:31:01,20260920,24,1,3-1-5,25.5
2026-09-20 17:31:01,20260920,24,1,3-1-6,98.1
2026-09-20 17:31:01,20260920,24,1,3-2-1,200.4
2026-09-20 17:31:01,20260920,24,1,3-2-4,227.7
2026-09-20 17:31:01,20260920,24,1,3-2-5,207.1
2026-09-20 17:31:01,20260920,24,1,3-2-6,322.2
2026-09-20 17:31:01,20260920,24,1,3-4-1,61.4
2026-09-20 17:31:01,20260920,24,1,3-4-2,226.5
2026-09-20 17:31:01,20260920,24,1,3-4-5,47.4
2026-09-20 17:31:01,20260920,24,1,3-4-6,72.9
2026-09-20 17:31:01,20260920,24,1,3-5-1,36.8
2026-09-20 17:31:01,20260920,24,1,3-5-2,171.9
2026-09-20 17:31:01,20260920,24,1,3-5-4,47.7
2026-09-20 17:31:01,20260920,24,1,3-5-6,82.0
2026-09-20 17:31:01,20260920,24,1,3-6-1,204.2
2026-09-20 17:31:01,20260920,24,1,3-6-2,402.7
2026-09-20 17:31:01,20260920,24,1,3-6-4,134.6
2026-09-20 17:31:01,20260920,24,1,3-6-5,148.4
2026-09-20 17:31:01,20260920,24,1,4-1-2,175.4
2026-09-20 17:31:01,20260920,24,1,4-1-3,87.5
2026-09-20 17:31:01,20260920,24,1,4-1-5,66.9
2026-09-20 17:31:01,20260920,24,1,4-1-6,112.6
2026-09-20 17:31:01,20260920,24,1,4-2-1,399.0
2026-09-20 17:31:01,20260920,24,1,4-2-3,324.6
2026-09-20 17:31:01,20260920,24,1,4-2-5,426.4
2026-09-20 17:31:01,20260920,24,1,4-2-6,324.6
2026-09-20 17:31:01,20260920,24,1,4-3-1,105.0
2026-09-20 17:31:01,20260920,24,1,4-3-2,378.2
2026-09-20 17:31:01,20260920,24,1,4-3-5,85.7
2026-09-20 17:31:01,20260920,24,1,4-3-6,133.4
2026-09-20 17:31:01,20260920,24,1,4-5-1,84.9
2026-09-20 17:31:01,20260920,24,1,4-5-2,265.2
2026-09-20 17:31:01,20260920,24,1,4-5-3,87.1
2026-09-20 17:31:01,20260920,24,1,4-5-6,106.0
2026-09-20 17:31:01,20260920,24,1,4-6-1,215.3
2026-09-20 17:31:01,20260920,24,1,4-6-2,395.4
2026-09-20 17:31:01,20260920,24,1,4-6-3,239.0
2026-09-20 17:31:01,20260920,24,1,4-6-5,191.6
2026-09-20 17:31:01,20260920,24,1,5-1-2,111.5
2026-09-20 17:31:01,20260920,24,1,5-1-3,31.7
2026-09-20 17:31:01,20260920,24,1,5-1-4,37.9
2026-09-20 17:31:01,20260920,24,1,5-1-6,70.9
2026-09-20 17:31:01,20260920,24,1,5-2-1,277.0
2026-09-20 17:31:01,20260920,24,1,5-2-3,235.1
2026-09-20 17:31:01,20260920,24,1,5-2-4,228.9
2026-09-20 17:31:01,20260920,24,1,5-2-6,273.5
2026-09-20 17:31:01,20260920,24,1,5-3-1,48.9
2026-09-20 17:31:01,20260920,24,1,5-3-2,174.6
2026-09-20 17:31:01,20260920,24,1,5-3-4,61.1
2026-09-20 17:31:01,20260920,24,1,5-3-6,97.5
2026-09-20 17:31:01,20260920,24,1,5-4-1,68.2
2026-09-20 17:31:01,20260920,24,1,5-4-2,219.6
2026-09-20 17:31:01,20260920,24,1,5-4-3,68.0
2026-09-20 17:31:01,20260920,24,1,5-4-6,85.6
2026-09-20 17:31:01,20260920,24,1,5-6-1,152.6
2026-09-20 17:31:01,20260920,24,1,5-6-2,334.6
2026-09-20 17:31:01,20260920,24,1,5-6-3,142.1
2026-09-20 17:31:01,20260920,24,1,5-6-4,126.4
2026-09-20 17:31:01,20260920,24,1,6-1-2,327.0
2026-09-20 17:31:01,20260920,24,1,6-1-3,348.0
2026-09-20 17:31:01,20260920,24,1,6-1-4,329.5
2026-09-20 17:31:01,20260920,24,1,6-1-5,232.6
2026-09-20 17:31:01,20260920,24,1,6-2-1,604.1
2026-09-20 17:31:01,20260920,24,1,6-2-3,488.7
2026-09-20 17:31:01,20260920,24,1,6-2-4,572.3
2026-09-20 17:31:01,20260920,24,1,6-2-5,750.0
2026-09-20 17:31:01,20260920,24,1,6-3-1,457.8
2026-09-20 17:31:01,20260920,24,1,6-3-2,776.7
2026-09-20 17:31:01,20260920,24,1,6-3-4,339.8
2026-09-20 17:31:01,20260920,24,1,6-3-5,329.5
2026-09-20 17:31:01,20260920,24,1,6-4-1,439.3
2026-09-20 17:31:01,20260920,24,1,6-4-2,557.6
2026-09-20 17:31:01,20260920,24,1,6-4-3,375.0
2026-09-20 17:31:01,20260920,24,1,6-4-5,297.9
2026-09-20 17:31:01,20260920,24,1,6-5-1,300.0
2026-09-20 17:31:01,20260920,24,1,6-5-2,701.6
2026-09-20 17:31:01,20260920,24,1,6-5-3,319.8
2026-09-20 17:31:01,20260920,24,1,6-5-4,280.6
2026-09-20 17:36:24,20260920,1,6,1-2-3,10.8
2026-09-20 17:36:24,20260920,1,6,1-2-4,33.6
2026-09-20 17:36:24,20260920,1,6,1-2-5,25.6
2026-09-20 17:36:24,20260920,1,6,1-2-6,9.9
2026-09-20 17:36:24,20260920,1,6,1-3-2,14.7
2026-09-20 17:36:24,20260920,1,6,1-3-4,36.7
2026-09-20 17:36:24,20260920,1,6,1-3-5,26.2
2026-09-20 17:36:24,20260920,1,6,1-3-6,14.3
2026-09-20 17:36:24,20260920,1,6,1-4-2,71.3
2026-09-20 17:36:24,20260920,1,6,1-4-3,75.7
2026-09-20 17:36:24,20260920,1,6,1-4-5,90.8
2026-09-20 17:36:24,20260920,1,6,1-4-6,56.0
2026-09-20 17:36:24,20260920,1,6,1-5-2,55.3
2026-09-20 17:36:24,20260920,1,6,1-5-3,51.8
2026-09-20 17:36:24,20260920,1,6,1-5-4,113.3
2026-09-20 17:36:24,20260920,1,6,1-5-6,43.4
2026-09-20 17:36:24,20260920,1,6,1-6-2,17.2
2026-09-20 17:36:24,20260920,1,6,1-6-3,23.2
2026-09-20 17:36:24,20260920,1,6,1-6-4,69.5
2026-09-20 17:36:24,20260920,1,6,1-6-5,53.0
2026-09-20 17:36:24,20260920,1,6,2-1-3,38.4
2026-09-20 17:36:24,20260920,1,6,2-1-4,110.4
2026-09-20 17:36:24,20260920,1,6,2-1-5,95.1
2026-09-20 17:36:24,20260920,1,6,2-1-6,34.0
2026-09-20 17:36:24,20260920,1,6,2-3-1,61.7
2026-09-20 17:36:24,20260920,1,6,2-3-4,184.0
2026-09-20 17:36:24,20260920,1,6,2-3-5,140.4
2026-09-20 17:36:24,20260920,1,6,2-3-6,103.1
2026-09-20 17:36:24,20260920,1,6,2-4-1,197.6
2026-09-20 17:36:24,20260920,1,6,2-4-3,236.6
2026-09-20 17:36:24,20260920,1,6,2-4-5,244.9
2026-09-20 17:36:24,20260920,1,6,2-4-6,256.0
2026-09-20 17:36:24,20260920,1,6,2-5-1,174.9
2026-09-20 17:36:24,20260920,1,6,2-5-3,174.9
2026-09-20 17:36:24,20260920,1,6,2-5-4,287.3
2026-09-20 17:36:24,20260920,1,6,2-5-6,269.5
2026-09-20 17:36:24,20260920,1,6,2-6-1,91.0
2026-09-20 17:36:24,20260920,1,6,2-6-3,142.6
2026-09-20 17:36:24,20260920,1,6,2-6-4,306.1
2026-09-20 17:36:24,20260920,1,6,2-6-5,281.6
2026-09-20 17:36:24,20260920,1,6,3-1-2,57.5
2026-09-20 17:36:24,20260920,1,6,3-1-4,116.8
2026-09-20 17:36:24,20260920,1,6,3-1-5,76.6
2026-09-20 17:36:24,20260920,1,6,3-1-6,56.4
2026-09-20 17:36:24,20260920,1,6,3-2-1,81.4
2026-09-20 17:36:24,20260920,1,6,3-2-4,184.6
2026-09-20 17:36:24,20260920,1,6,3-2-5,129.1
2026-09-20 17:36:24,20260920,1,6,3-2-6,139.4
2026-09-20 17:36:24,20260920,1,6,3-4-1,228.9
2026-09-20 17:36:24,20260920,1,6,3-4-2,327.5
2026-09-20 17:36:24,20260920,1,6,3-4-5,265.7
2026-09-20 17:36:24,20260920,1,6,3-4-6,323.7
2026-09-20 17:36:24,20260920,1,6,3-5-1,132.8
2026-09-20 17:36:24,20260920,1,6,3-5-2,167.1
2026-09-20 17:36:24,20260920,1,6,3-5-4,287.3
2026-09-20 17:36:24,20260920,1,6,3-5-6,194.9
2026-09-20 17:36:24,20260920,1,6,3-6-1,88.5
2026-09-20 17:36:24,20260920,1,6,3-6-2,169.1
2026-09-20 17:36:24,20260920,1,6,3-6-4,375.5
2026-09-20 17:36:24,20260920,1,6,3-6-5,201.9
2026-09-20 17:36:24,20260920,1,6,4-1-2,109.8
2026-09-20 17:36:24,20260920,1,6,4-1-3,160.9
2026-09-20 17:36:24,20260920,1,6,4-1-5,110.4
2026-09-20 17:36:24,20260920,1,6,4-1-6,110.4
2026-09-20 17:36:24,20260920,1,6,4-2-1,204.0
2026-09-20 17:36:24,20260920,1,6,4-2-3,298.0
2026-09-20 17:36:24,20260920,1,6,4-2-5,234.7
2026-09-20 17:36:24,20260920,1,6,4-2-6,223.5
2026-09-20 17:36:24,20260920,1,6,4-3-1,268.2
2026-09-20 17:36:24,20260920,1,6,4-3-2,378.0
2026-09-20 17:36:24,20260920,1,6,4-3-5,320.0
2026-09-20 17:36:24,20260920,1,6,4-3-6,423.5
2026-09-20 17:36:24,20260920,1,6,4-5-1,123.2
2026-09-20 17:36:24,20260920,1,6,4-5-2,169.6
2026-09-20 17:36:24,20260920,1,6,4-5-3,198.3
2026-09-20 17:36:24,20260920,1,6,4-5-6,137.0
2026-09-20 17:36:24,20260920,1,6,4-6-1,199.7
2026-09-20 17:36:24,20260920,1,6,4-6-2,229.9
2026-09-20 17:36:24,20260920,1,6,4-6-3,436.6
2026-09-20 17:36:24,20260920,1,6,4-6-5,277.4
2026-09-20 17:36:24,20260920,1,6,5-1-2,121.9
2026-09-20 17:36:24,20260920,1,6,5-1-3,129.1
2026-09-20 17:36:24,20260920,1,6,5-1-4,139.4
2026-09-20 17:36:24,20260920,1,6,5-1-6,96.9
2026-09-20 17:36:24,20260920,1,6,5-2-1,210.1
2026-09-20 17:36:24,20260920,1,6,5-2-3,199.0
2026-09-20 17:36:24,20260920,1,6,5-2-4,243.8
2026-09-20 17:36:24,20260920,1,6,5-2-6,228.0
2026-09-20 17:36:24,20260920,1,6,5-3-1,220.9
2026-09-20 17:36:24,20260920,1,6,5-3-2,268.2
2026-09-20 17:36:24,20260920,1,6,5-3-4,465.5
2026-09-20 17:36:24,20260920,1,6,5-3-6,388.4
2026-09-20 17:36:24,20260920,1,6,5-4-1,184.0
2026-09-20 17:36:24,20260920,1,6,5-4-2,238.6
2026-09-20 17:36:24,20260920,1,6,5-4-3,256.0
2026-09-20 17:36:24,20260920,1,6,5-4-6,225.3
2026-09-20 17:36:24,20260920,1,6,5-6-1,181.7
2026-09-20 17:36:24,20260920,1,6,5-6-2,298.0
2026-09-20 17:36:24,20260920,1,6,5-6-3,343.4
2026-09-20 17:36:24,20260920,1,6,5-6-4,345.5
2026-09-20 17:36:24,20260920,1,6,6-1-2,67.8
2026-09-20 17:36:24,20260920,1,6,6-1-3,81.1
2026-09-20 17:36:24,20260920,1,6,6-1-4,293.3
2026-09-20 17:36:24,20260920,1,6,6-1-5,172.2
2026-09-20 17:36:24,20260920,1,6,6-2-1,127.4
2026-09-20 17:36:24,20260920,1,6,6-2-3,207.8
2026-09-20 17:36:24,20260920,1,6,6-2-4,557.7
2026-09-20 17:36:24,20260920,1,6,6-2-5,426.7
2026-09-20 17:36:24,20260920,1,6,6-3-1,148.2
2026-09-20 17:36:24,20260920,1,6,6-3-2,251.4
2026-09-20 17:36:24,20260920,1,6,6-3-4,526.4
2026-09-20 17:36:24,20260920,1,6,6-3-5,430.0
2026-09-20 17:36:24,20260920,1,6,6-4-1,481.4
2026-09-20 17:36:24,20260920,1,6,6-4-2,695.4
2026-09-20 17:36:24,20260920,1,6,6-4-3,678.6
2026-09-20 17:36:24,20260920,1,6,6-4-5,619.0
2026-09-20 17:36:24,20260920,1,6,6-5-1,233.7
2026-09-20 17:36:24,20260920,1,6,6-5-2,568.9
2026-09-20 17:36:24,20260920,1,6,6-5-3,489.8
2026-09-20 17:36:24,20260920,1,6,6-5-4,502.9
2026-09-20 17:44:20,20260920,12,7,1-2-3,33.2
2026-09-20 17:44:20,20260920,12,7,1-2-4,155.8
2026-09-20 17:44:20,20260920,12,7,1-2-5,81.6
2026-09-20 17:44:20,20260920,12,7,1-2-6,88.5
2026-09-20 17:44:20,20260920,12,7,1-3-2,32.4
2026-09-20 17:44:20,20260920,12,7,1-3-4,91.2
2026-09-20 17:44:20,20260920,12,7,1-3-5,43.9
2026-09-20 17:44:20,20260920,12,7,1-3-6,57.1
2026-09-20 17:44:20,20260920,12,7,1-4-2,162.7
2026-09-20 17:44:20,20260920,12,7,1-4-3,145.7
2026-09-20 17:44:20,20260920,12,7,1-4-5,227.0
2026-09-20 17:44:20,20260920,12,7,1-4-6,238.1
2026-09-20 17:44:20,20260920,12,7,1-5-2,104.2
2026-09-20 17:44:20,20260920,12,7,1-5-3,80.4
2026-09-20 17:44:20,20260920,12,7,1-5-4,207.7
2026-09-20 17:44:20,20260920,12,7,1-5-6,119.5
2026-09-20 17:44:20,20260920,12,7,1-6-2,82.0
2026-09-20 17:44:20,20260920,12,7,1-6-3,108.9
2026-09-20 17:44:20,20260920,12,7,1-6-4,160.9
2026-09-20 17:44:20,20260920,12,7,1-6-5,187.7
2026-09-20 17:44:20,20260920,12,7,2-1-3,41.6
2026-09-20 17:44:20,20260920,12,7,2-1-4,160.9
2026-09-20 17:44:20,20260920,12,7,2-1-5,74.3
2026-09-20 17:44:20,20260920,12,7,2-1-6,126.8
2026-09-20 17:44:20,20260920,12,7,2-3-1,30.0
2026-09-20 17:44:20,20260920,12,7,2-3-4,112.6
2026-09-20 17:44:20,20260920,12,7,2-3-5,13.8
2026-09-20 17:44:20,20260920,12,7,2-3-6,19.6
2026-09-20 17:44:20,20260920,12,7,2-4-1,284.4
2026-09-20 17:44:20,20260920,12,7,2-4-3,348.7
2026-09-20 17:44:20,20260920,12,7,2-4-5,457.7
2026-09-20 17:44:20,20260920,12,7,2-4-6,273.7
2026-09-20 17:44:20,20260920,12,7,2-5-1,86.6
2026-09-20 17:44:20,20260920,12,7,2-5-3,24.6
2026-09-20 17:44:20,20260920,12,7,2-5-4,302.0
2026-09-20 17:44:20,20260920,12,7,2-5-6,42.9
2026-09-20 17:44:20,20260920,12,7,2-6-1,161.8
2026-09-20 17:44:20,20260920,12,7,2-6-3,57.5
2026-09-20 17:44:20,20260920,12,7,2-6-4,352.9
2026-09-20 17:44:20,20260920,12,7,2-6-5,83.4
2026-09-20 17:44:20,20260920,12,7,3-1-2,28.6
2026-09-20 17:44:20,20260920,12,7,3-1-4,110.5
2026-09-20 17:44:20,20260920,12,7,3-1-5,29.5
2026-09-20 17:44:20,20260920,12,7,3-1-6,64.5
2026-09-20 17:44:20,20260920,12,7,3-2-1,26.2
2026-09-20 17:44:20,20260920,12,7,3-2-4,82.5
2026-09-20 17:44:20,20260920,12,7,3-2-5,10.6
2026-09-20 17:44:20,20260920,12,7,3-2-6,15.1
2026-09-20 17:44:20,20260920,12,7,3-4-1,336.7
2026-09-20 17:44:20,20260920,12,7,3-4-2,199.2
2026-09-20 17:44:20,20260920,12,7,3-4-5,252.5
2026-09-20 17:44:20,20260920,12,7,3-4-6,305.1
2026-09-20 17:44:20,20260920,12,7,3-5-1,45.2
2026-09-20 17:44:20,20260920,12,7,3-5-2,17.4
2026-09-20 17:44:20,20260920,12,7,3-5-4,206.3
2026-09-20 17:44:20,20260920,12,7,3-5-6,32.2
2026-09-20 17:44:20,20260920,12,7,3-6-1,106.1
2026-09-20 17:44:20,20260920,12,7,3-6-2,45.3
2026-09-20 17:44:20,20260920,12,7,3-6-4,290.0
2026-09-20 17:44:20,20260920,12,7,3-6-5,52.0
2026-09-20 17:44:20,20260920,12,7,4-1-2,480.2
2026-09-20 17:44:20,20260920,12,7,4-1-3,318.4
2026-09-20 17:44:20,20260920,12,7,4-1-5,250.3
2026-09-20 17:44:20,20260920,12,7,4-1-6,395.8
2026-09-20 17:44:20,20260920,12,7,4-2-1,472.5
2026-09-20 17:44:20,20260920,12,7,4-2-3,457.7
2026-09-20 17:44:20,20260920,12,7,4-2-5,532.6
2026-09-20 17:44:20,20260920,12,7,4-2-6,250.3
2026-09-20 17:44:20,20260920,12,7,4-3-1,472.5
2026-09-20 17:44:20,20260920,12,7,4-3-2,636.8
2026-09-20 17:44:20,20260920,12,7,4-3-5,496.5
2026-09-20 17:44:20,20260920,12,7,4-3-6,472.5
2026-09-20 17:44:20,20260920,12,7,4-5-1,329.1
2026-09-20 17:44:20,20260920,12,7,4-5-2,610.3
2026-09-20 17:44:20,20260920,12,7,4-5-3,597.8
2026-09-20 17:44:20,20260920,12,7,4-5-6,401.3
2026-09-20 17:44:20,20260920,12,7,4-6-1,418.5
2026-09-20 17:44:20,20260920,12,7,4-6-2,352.9
2026-09-20 17:44:20,20260920,12,7,4-6-3,610.3
2026-09-20 17:44:20,20260920,12,7,4-6-5,651.0
2026-09-20 17:44:20,20260920,12,7,5-1-2,170.3
2026-09-20 17:44:20,20260920,12,7,5-1-3,144.3
2026-09-20 17:44:20,20260920,12,7,5-1-4,295.9
2026-09-20 17:44:20,20260920,12,7,5-1-6,254.7
2026-09-20 17:44:20,20260920,12,7,5-2-1,195.3
2026-09-20 17:44:20,20260920,12,7,5-2-3,53.5
2026-09-20 17:44:20,20260920,12,7,5-2-4,488.2
2026-09-20 17:44:20,20260920,12,7,5-2-6,60.5
2026-09-20 17:44:20,20260920,12,7,5-3-1,116.7
2026-09-20 17:44:20,20260920,12,7,5-3-2,49.0
2026-09-20 17:44:20,20260920,12,7,5-3-4,443.8
2026-09-20 17:44:20,20260920,12,7,5-3-6,85.6
2026-09-20 17:44:20,20260920,12,7,5-4-1,450.7
2026-09-20 17:44:20,20260920,12,7,5-4-2,636.8
2026-09-20 17:44:20,20260920,12,7,5-4-3,574.4
2026-09-20 17:44:20,20260920,12,7,5-4-6,443.8
2026-09-20 17:44:20,20260920,12,7,5-6-1,196.6
2026-09-20 17:44:20,20260920,12,7,5-6-2,93.8
2026-09-20 17:44:20,20260920,12,7,5-6-3,87.4
2026-09-20 17:44:20,20260920,12,7,5-6-4,321.9
2026-09-20 17:44:20,20260920,12,7,6-1-2,263.9
2026-09-20 17:44:20,20260920,12,7,6-1-3,348.7
2026-09-20 17:44:20,20260920,12,7,6-1-4,623.3
2026-09-20 17:44:20,20260920,12,7,6-1-5,437.2
2026-09-20 17:44:20,20260920,12,7,6-2-1,261.5
2026-09-20 17:44:20,20260920,12,7,6-2-3,101.7
2026-09-20 17:44:20,20260920,12,7,6-2-4,472.5
2026-09-20 17:44:20,20260920,12,7,6-2-5,164.5
2026-09-20 17:44:20,20260920,12,7,6-3-1,292.9
2026-09-20 17:44:20,20260920,12,7,6-3-2,99.3
2026-09-20 17:44:20,20260920,12,7,6-3-4,697.5
2026-09-20 17:44:20,20260920,12,7,6-3-5,168.3
2026-09-20 17:44:20,20260920,12,7,6-4-1,945.0
2026-09-20 17:44:20,20260920,12,7,6-4-2,542.5
2026-09-20 17:44:20,20260920,12,7,6-4-3,915.4
2026-09-20 17:44:20,20260920,12,7,6-4-5,714.5
2026-09-20 17:44:20,20260920,12,7,6-5-1,336.7
2026-09-20 17:44:20,20260920,12,7,6-5-2,138.1
2026-09-20 17:44:20,20260920,12,7,6-5-3,150.2
2026-09-20 17:44:20,20260920,12,7,6-5-4,513.9
2026-09-20 17:52:14,20260920,15,7,1-2-3,10.4
2026-09-20 17:52:14,20260920,15,7,1-2-4,28.6
2026-09-20 17:52:14,20260920,15,7,1-2-5,44.3
2026-09-20 17:52:14,20260920,15,7,1-2-6,4.8
2026-09-20 17:52:14,20260920,15,7,1-3-2,26.7
2026-09-20 17:52:14,20260920,15,7,1-3-4,68.4
2026-09-20 17:52:14,20260920,15,7,1-3-5,85.7
2026-09-20 17:52:14,20260920,15,7,1-3-6,23.4
2026-09-20 17:52:14,20260920,15,7,1-4-2,75.9
2026-09-20 17:52:14,20260920,15,7,1-4-3,128.1
2026-09-20 17:52:14,20260920,15,7,1-4-5,194.9
2026-09-20 17:52:14,20260920,15,7,1-4-6,64.9
2026-09-20 17:52:14,20260920,15,7,1-5-2,109.2
2026-09-20 17:52:14,20260920,15,7,1-5-3,128.1
2026-09-20 17:52:14,20260920,15,7,1-5-4,210.4
2026-09-20 17:52:14,20260920,15,7,1-5-6,89.6
2026-09-20 17:52:14,20260920,15,7,1-6-2,7.0
2026-09-20 17:52:14,20260920,15,7,1-6-3,21.1
2026-09-20 17:52:14,20260920,15,7,1-6-4,41.6
2026-09-20 17:52:14,20260920,15,7,1-6-5,75.2
2026-09-20 17:52:14,20260920,15,7,2-1-3,46.8
2026-09-20 17:52:14,20260920,15,7,2-1-4,82.8
2026-09-20 17:52:14,20260920,15,7,2-1-5,123.4
2026-09-20 17:52:14,20260920,15,7,2-1-6,18.1
2026-09-20 17:52:14,20260920,15,7,2-3-1,119.8
2026-09-20 17:52:14,20260920,15,7,2-3-4,234.4
2026-09-20 17:52:14,20260920,15,7,2-3-5,214.1
2026-09-20 17:52:14,20260920,15,7,2-3-6,150.5
2026-09-20 17:52:14,20260920,15,7,2-4-1,257.2
2026-09-20 17:52:14,20260920,15,7,2-4-3,430.6
2026-09-20 17:52:14,20260920,15,7,2-4-5,481.0
2026-09-20 17:52:14,20260920,15,7,2-4-6,296.3
2026-09-20 17:52:14,20260920,15,7,2-5-1,336.7
2026-09-20 17:52:14,20260920,15,7,2-5-3,381.8
2026-09-20 17:52:14,20260920,15,7,2-5-4,617.3
2026-09-20 17:52:14,20260920,15,7,2-5-6,308.6
2026-09-20 17:52:14,20260920,15,7,2-6-1,34.0
2026-09-20 17:52:14,20260920,15,7,2-6-3,111.5
2026-09-20 17:52:14,20260920,15,7,2-6-4,194.9
2026-09-20 17:52:14,20260920,15,7,2-6-5,308.6
2026-09-20 17:52:14,20260920,15,7,3-1-2,92.8
2026-09-20 17:52:14,20260920,15,7,3-1-4,160.3
2026-09-20 17:52:14,20260920,15,7,3-1-5,146.9
2026-09-20 17:52:14,20260920,15,7,3-1-6,84.9
2026-09-20 17:52:14,20260920,15,7,3-2-1,130.4
2026-09-20 17:52:14,20260920,15,7,3-2-4,230.0
2026-09-20 17:52:14,20260920,15,7,3-2-5,197.0
2026-09-20 17:52:14,20260920,15,7,3-2-6,142.4
2026-09-20 17:52:14,20260920,15,7,3-4-1,322.0
2026-09-20 17:52:14,20260920,15,7,3-4-2,333.6
2026-09-20 17:52:14,20260920,15,7,3-4-5,306.1
2026-09-20 17:52:14,20260920,15,7,3-4-6,248.5
2026-09-20 17:52:14,20260920,15,7,3-5-1,333.6
2026-09-20 17:52:14,20260920,15,7,3-5-2,284.9
2026-09-20 17:52:14,20260920,15,7,3-5-4,440.9
2026-09-20 17:52:14,20260920,15,7,3-5-6,268.4
2026-09-20 17:52:14,20260920,15,7,3-6-1,110.8
2026-09-20 17:52:14,20260920,15,7,3-6-2,172.2
2026-09-20 17:52:14,20260920,15,7,3-6-4,352.7
2026-09-20 17:52:14,20260920,15,7,3-6-5,298.7
2026-09-20 17:52:14,20260920,15,7,4-1-2,311.2
2026-09-20 17:52:14,20260920,15,7,4-1-3,356.1
2026-09-20 17:52:14,20260920,15,7,4-1-5,284.9
2026-09-20 17:52:14,20260920,15,7,4-1-6,192.9
2026-09-20 17:52:14,20260920,15,7,4-2-1,507.3
2026-09-20 17:52:14,20260920,15,7,4-2-3,661.4
2026-09-20 17:52:14,20260920,15,7,4-2-5,544.6
2026-09-20 17:52:14,20260920,15,7,4-2-6,363.1
2026-09-20 17:52:14,20260920,15,7,4-3-1,451.7
2026-09-20 17:52:14,20260920,15,7,4-3-2,788.0
2026-09-20 17:52:14,20260920,15,7,4-3-5,481.0
2026-09-20 17:52:14,20260920,15,7,4-3-6,487.3
2026-09-20 17:52:14,20260920,15,7,4-5-1,536.8
2026-09-20 17:52:14,20260920,15,7,4-5-2,627.7
2026-09-20 17:52:14,20260920,15,7,4-5-3,698.8
2026-09-20 17:52:14,20260920,15,7,4-5-6,366.7
2026-09-20 17:52:14,20260920,15,7,4-6-1,303.6
2026-09-20 17:52:14,20260920,15,7,4-6-2,349.4
2026-09-20 17:52:14,20260920,15,7,4-6-3,597.4
2026-09-20 17:52:14,20260920,15,7,4-6-5,481.0
2026-09-20 17:52:14,20260920,15,7,5-1-2,457.2
2026-09-20 17:52:14,20260920,15,7,5-1-3,324.9
2026-09-20 17:52:14,20260920,15,7,5-1-4,313.8
2026-09-20 17:52:14,20260920,15,7,5-1-6,179.8
2026-09-20 17:52:14,20260920,15,7,5-2-1,587.9
2026-09-20 17:52:14,20260920,15,7,5-2-3,597.4
2026-09-20 17:52:14,20260920,15,7,5-2-4,536.8
2026-09-20 17:52:14,20260920,15,7,5-2-6,385.8
2026-09-20 17:52:14,20260920,15,7,5-3-1,544.6
2026-09-20 17:52:14,20260920,15,7,5-3-2,974.7
2026-09-20 17:52:14,20260920,15,7,5-3-4,661.4
2026-09-20 17:52:14,20260920,15,7,5-3-6,204.6
2026-09-20 17:52:14,20260920,15,7,5-4-1,617.3
2026-09-20 17:52:14,20260920,15,7,5-4-2,1058.0
2026-09-20 17:52:14,20260920,15,7,5-4-3,949.7
2026-09-20 17:52:14,20260920,15,7,5-4-6,420.9
2026-09-20 17:52:14,20260920,15,7,5-6-1,385.8
2026-09-20 17:52:14,20260920,15,7,5-6-2,481.0
2026-09-20 17:52:14,20260920,15,7,5-6-3,529.1
2026-09-20 17:52:14,20260920,15,7,5-6-4,698.8
2026-09-20 17:52:14,20260920,15,7,6-1-2,17.6
2026-09-20 17:52:14,20260920,15,7,6-1-3,54.7
2026-09-20 17:52:14,20260920,15,7,6-1-4,123.0
2026-09-20 17:52:14,20260920,15,7,6-1-5,170.6
2026-09-20 17:52:14,20260920,15,7,6-2-1,32.4
2026-09-20 17:52:14,20260920,15,7,6-2-3,108.3
2026-09-20 17:52:14,20260920,15,7,6-2-4,203.5
2026-09-20 17:52:14,20260920,15,7,6-2-5,232.9
2026-09-20 17:52:14,20260920,15,7,6-3-1,121.8
2026-09-20 17:52:14,20260920,15,7,6-3-2,165.3
2026-09-20 17:52:14,20260920,15,7,6-3-4,407.0
2026-09-20 17:52:14,20260920,15,7,6-3-5,363.1
2026-09-20 17:52:14,20260920,15,7,6-4-1,330.7
2026-09-20 17:52:14,20260920,15,7,6-4-2,462.9
2026-09-20 17:52:14,20260920,15,7,6-4-3,425.7
2026-09-20 17:52:14,20260920,15,7,6-4-5,435.7
2026-09-20 17:52:14,20260920,15,7,6-5-1,411.5
2026-09-20 17:52:14,20260920,15,7,6-5-2,398.2
2026-09-20 17:52:14,20260920,15,7,6-5-3,398.2
2026-09-20 17:52:14,20260920,15,7,6-5-4,487.3
2026-09-20 17:57:33,20260920,24,2,1-2-3,28.0
2026-09-20 17:57:33,20260920,24,2,1-2-4,11.4
2026-09-20 17:57:33,20260920,24,2,1-2-5,87.6
2026-09-20 17:57:33,20260920,24,2,1-2-6,16.5
2026-09-20 17:57:33,20260920,24,2,1-3-2,64.4
2026-09-20 17:57:33,20260920,24,2,1-3-4,83.1
2026-09-20 17:57:33,20260920,24,2,1-3-5,122.7
2026-09-20 17:57:33,20260920,24,2,1-3-6,93.1
2026-09-20 17:57:33,20260920,24,2,1-4-2,21.7
2026-09-20 17:57:33,20260920,24,2,1-4-3,85.0
2026-09-20 17:57:33,20260920,24,2,1-4-5,135.6
2026-09-20 17:57:33,20260920,24,2,1-4-6,27.3
2026-09-20 17:57:33,20260920,24,2,1-5-2,170.8
2026-09-20 17:57:33,20260920,24,2,1-5-3,213.5
2026-09-20 17:57:33,20260920,24,2,1-5-4,286.7
2026-09-20 17:57:33,20260920,24,2,1-5-6,192.0
2026-09-20 17:57:33,20260920,24,2,1-6-2,30.2
2026-09-20 17:57:33,20260920,24,2,1-6-3,100.8
2026-09-20 17:57:33,20260920,24,2,1-6-4,41.8
2026-09-20 17:57:33,20260920,24,2,1-6-5,201.7
2026-09-20 17:57:33,20260920,24,2,2-1-3,56.2
2026-09-20 17:57:33,20260920,24,2,2-1-4,14.9
2026-09-20 17:57:33,20260920,24,2,2-1-5,141.8
2026-09-20 17:57:33,20260920,24,2,2-1-6,19.5
2026-09-20 17:57:33,20260920,24,2,2-3-1,150.3
2026-09-20 17:57:33,20260920,24,2,2-3-4,106.4
2026-09-20 17:57:33,20260920,24,2,2-3-5,331.7
2026-09-20 17:57:33,20260920,24,2,2-3-6,111.5
2026-09-20 17:57:33,20260920,24,2,2-4-1,29.1
2026-09-20 17:57:33,20260920,24,2,2-4-3,73.2
2026-09-20 17:57:33,20260920,24,2,2-4-5,166.5
2026-09-20 17:57:33,20260920,24,2,2-4-6,14.5
2026-09-20 17:57:33,20260920,24,2,2-5-1,304.1
2026-09-20 17:57:33,20260920,24,2,2-5-3,413.8
2026-09-20 17:57:33,20260920,24,2,2-5-4,409.6
2026-09-20 17:57:33,20260920,24,2,2-5-6,258.9
2026-09-20 17:57:33,20260920,24,2,2-6-1,37.6
2026-09-20 17:57:33,20260920,24,2,2-6-3,75.1
2026-09-20 17:57:33,20260920,24,2,2-6-4,18.7
2026-09-20 17:57:33,20260920,24,2,2-6-5,177.6
2026-09-20 17:57:33,20260920,24,2,3-1-2,142.8
2026-09-20 17:57:33,20260920,24,2,3-1-4,161.2
2026-09-20 17:57:33,20260920,24,2,3-1-5,212.3
2026-09-20 17:57:33,20260920,24,2,3-1-6,271.2
2026-09-20 17:57:33,20260920,24,2,3-2-1,200.7
2026-09-20 17:57:33,20260920,24,2,3-2-4,161.2
2026-09-20 17:57:33,20260920,24,2,3-2-5,349.0
2026-09-20 17:57:33,20260920,24,2,3-2-6,207.9
2026-09-20 17:57:33,20260920,24,2,3-4-1,337.3
2026-09-20 17:57:33,20260920,24,2,3-4-2,249.3
2026-09-20 17:57:33,20260920,24,2,3-4-5,472.2
2026-09-20 17:57:33,20260920,24,2,3-4-6,241.8
2026-09-20 17:57:33,20260920,24,2,3-5-1,647.4
2026-09-20 17:57:33,20260920,24,2,3-5-2,489.5
2026-09-20 17:57:33,20260920,24,2,3-5-4,819.2
2026-09-20 17:57:33,20260920,24,2,3-5-6,549.8
2026-09-20 17:57:33,20260920,24,2,3-6-1,495.5
2026-09-20 17:57:33,20260920,24,2,3-6-2,311.1
2026-09-20 17:57:33,20260920,24,2,3-6-4,334.5
2026-09-20 17:57:33,20260920,24,2,3-6-5,787.1
2026-09-20 17:57:33,20260920,24,2,4-1-2,41.1
2026-09-20 17:57:33,20260920,24,2,4-1-3,156.8
2026-09-20 17:57:33,20260920,24,2,4-1-5,140.8
2026-09-20 17:57:33,20260920,24,2,4-1-6,46.7
2026-09-20 17:57:33,20260920,24,2,4-2-1,57.1
2026-09-20 17:57:33,20260920,24,2,4-2-3,146.5
2026-09-20 17:57:33,20260920,24,2,4-2-5,211.2
2026-09-20 17:57:33,20260920,24,2,4-2-6,25.9
2026-09-20 17:57:33,20260920,24,2,4-3-1,352.1
2026-09-20 17:57:33,20260920,24,2,4-3-2,301.8
2026-09-20 17:57:33,20260920,24,2,4-3-5,599.1
2026-09-20 17:57:33,20260920,24,2,4-3-6,269.4
2026-09-20 17:57:33,20260920,24,2,4-5-1,219.3
2026-09-20 17:57:33,20260920,24,2,4-5-2,210.1
2026-09-20 17:57:33,20260920,24,2,4-5-3,311.1
2026-09-20 17:57:33,20260920,24,2,4-5-6,144.3
2026-09-20 17:57:33,20260920,24,2,4-6-1,50.6
2026-09-20 17:57:33,20260920,24,2,4-6-2,30.5
2026-09-20 17:57:33,20260920,24,2,4-6-3,156.8
2026-09-20 17:57:33,20260920,24,2,4-6-5,113.0
2026-09-20 17:57:33,20260920,24,2,5-1-2,226.7
2026-09-20 17:57:33,20260920,24,2,5-1-3,265.8
2026-09-20 17:57:33,20260920,24,2,5-1-4,226.7
2026-09-20 17:57:33,20260920,24,2,5-1-6,250.8
2026-09-20 17:57:33,20260920,24,2,5-2-1,557.5
2026-09-20 17:57:33,20260920,24,2,5-2-3,382.3
2026-09-20 17:57:33,20260920,24,2,5-2-4,321.1
2026-09-20 17:57:33,20260920,24,2,5-2-6,343.0
2026-09-20 17:57:33,20260920,24,2,5-3-1,787.1
2026-09-20 17:57:33,20260920,24,2,5-3-2,565.3
2026-09-20 17:57:33,20260920,24,2,5-3-4,979.0
2026-09-20 17:57:33,20260920,24,2,5-3-6,658.0
2026-09-20 17:57:33,20260920,24,2,5-4-1,413.8
2026-09-20 17:57:33,20260920,24,2,5-4-2,364.9
2026-09-20 17:57:33,20260920,24,2,5-4-3,483.6
2026-09-20 17:57:33,20260920,24,2,5-4-6,267.6
2026-09-20 17:57:33,20260920,24,2,5-6-1,451.0
2026-09-20 17:57:33,20260920,24,2,5-6-2,501.7
2026-09-20 17:57:33,20260920,24,2,5-6-3,819.2
2026-09-20 17:57:33,20260920,24,2,5-6-4,472.2
2026-09-20 17:57:33,20260920,24,2,6-1-2,62.6
2026-09-20 17:57:33,20260920,24,2,6-1-3,255.6
2026-09-20 17:57:33,20260920,24,2,6-1-4,71.9
2026-09-20 17:57:33,20260920,24,2,6-1-5,306.4
2026-09-20 17:57:33,20260920,24,2,6-2-1,70.0
2026-09-20 17:57:33,20260920,24,2,6-2-3,130.3
2026-09-20 17:57:33,20260920,24,2,6-2-4,39.0
2026-09-20 17:57:33,20260920,24,2,6-2-5,258.9
2026-09-20 17:57:33,20260920,24,2,6-3-1,483.6
2026-09-20 17:57:33,20260920,24,2,6-3-2,331.7
2026-09-20 17:57:33,20260920,24,2,6-3-4,405.4
2026-09-20 17:57:33,20260920,24,2,6-3-5,757.4
2026-09-20 17:57:33,20260920,24,2,6-4-1,88.4
2026-09-20 17:57:33,20260920,24,2,6-4-2,48.4
2026-09-20 17:57:33,20260920,24,2,6-4-3,210.1
2026-09-20 17:57:33,20260920,24,2,6-4-5,187.5
2026-09-20 17:57:33,20260920,24,2,6-5-1,508.1
2026-09-20 17:57:33,20260920,24,2,6-5-2,489.5
2026-09-20 17:57:33,20260920,24,2,6-5-3,743.3
2026-09-20 17:57:33,20260920,24,2,6-5-4,331.7
2026-09-20 18:05:30,20260920,1,7,1-2-3,20.1
2026-09-20 18:05:30,20260920,1,7,1-2-4,39.1
2026-09-20 18:05:30,20260920,1,7,1-2-5,69.9
2026-09-20 18:05:30,20260920,1,7,1-2-6,39.4
2026-09-20 18:05:30,20260920,1,7,1-3-2,10.1
2026-09-20 18:05:30,20260920,1,7,1-3-4,6.6
2026-09-20 18:05:30,20260920,1,7,1-3-5,16.6
2026-09-20 18:05:30,20260920,1,7,1-3-6,10.1
2026-09-20 18:05:30,20260920,1,7,1-4-2,49.1
2026-09-20 18:05:30,20260920,1,7,1-4-3,20.8
2026-09-20 18:05:30,20260920,1,7,1-4-5,78.2
2026-09-20 18:05:30,20260920,1,7,1-4-6,35.2
2026-09-20 18:05:30,20260920,1,7,1-5-2,120.2
2026-09-20 18:05:30,20260920,1,7,1-5-3,66.7
2026-09-20 18:05:30,20260920,1,7,1-5-4,143.4
2026-09-20 18:05:30,20260920,1,7,1-5-6,85.1
2026-09-20 18:05:30,20260920,1,7,1-6-2,60.1
2026-09-20 18:05:30,20260920,1,7,1-6-3,41.2
2026-09-20 18:05:30,20260920,1,7,1-6-4,64.0
2026-09-20 18:05:30,20260920,1,7,1-6-5,119.4
2026-09-20 18:05:30,20260920,1,7,2-1-3,93.3
2026-09-20 18:05:30,20260920,1,7,2-1-4,196.7
2026-09-20 18:05:30,20260920,1,7,2-1-5,303.8
2026-09-20 18:05:30,20260920,1,7,2-1-6,163.0
2026-09-20 18:05:30,20260920,1,7,2-3-1,129.3
2026-09-20 18:05:30,20260920,1,7,2-3-4,235.5
2026-09-20 18:05:30,20260920,1,7,2-3-5,309.3
2026-09-20 18:05:30,20260920,1,7,2-3-6,260.6
2026-09-20 18:05:30,20260920,1,7,2-4-1,300.3
2026-09-20 18:05:30,20260920,1,7,2-4-3,329.2
2026-09-20 18:05:30,20260920,1,7,2-4-5,380.4
2026-09-20 18:05:30,20260920,1,7,2-4-6,320.9
2026-09-20 18:05:30,20260920,1,7,2-5-1,372.1
2026-09-20 18:05:30,20260920,1,7,2-5-3,285.3
2026-09-20 18:05:30,20260920,1,7,2-5-4,372.1
2026-09-20 18:05:30,20260920,1,7,2-5-6,392.0
2026-09-20 18:05:30,20260920,1,7,2-6-1,283.7
2026-09-20 18:05:30,20260920,1,7,2-6-3,414.1
2026-09-20 18:05:30,20260920,1,7,2-6-4,417.5
2026-09-20 18:05:30,20260920,1,7,2-6-5,577.0
2026-09-20 18:05:30,20260920,1,7,3-1-2,29.7
2026-09-20 18:05:30,20260920,1,7,3-1-4,17.9
2026-09-20 18:05:30,20260920,1,7,3-1-5,31.2
2026-09-20 18:05:30,20260920,1,7,3-1-6,22.4
2026-09-20 18:05:30,20260920,1,7,3-2-1,95.4
2026-09-20 18:05:30,20260920,1,7,3-2-4,111.4
2026-09-20 18:05:30,20260920,1,7,3-2-5,153.7
2026-09-20 18:05:30,20260920,1,7,3-2-6,181.4
2026-09-20 18:05:30,20260920,1,7,3-4-1,51.2
2026-09-20 18:05:30,20260920,1,7,3-4-2,137.3
2026-09-20 18:05:30,20260920,1,7,3-4-5,148.4
2026-09-20 18:05:30,20260920,1,7,3-4-6,81.5
2026-09-20 18:05:30,20260920,1,7,3-5-1,105.6
2026-09-20 18:05:30,20260920,1,7,3-5-2,175.8
2026-09-20 18:05:30,20260920,1,7,3-5-4,230.2
2026-09-20 18:05:30,20260920,1,7,3-5-6,178.9
2026-09-20 18:05:30,20260920,1,7,3-6-1,86.7
2026-09-20 18:05:30,20260920,1,7,3-6-2,221.3
2026-09-20 18:05:30,20260920,1,7,3-6-4,145.8
2026-09-20 18:05:30,20260920,1,7,3-6-5,243.3
2026-09-20 18:05:30,20260920,1,7,4-1-2,178.3
2026-09-20 18:05:30,20260920,1,7,4-1-3,87.3
2026-09-20 18:05:30,20260920,1,7,4-1-5,159.9
2026-09-20 18:05:30,20260920,1,7,4-1-6,131.3
2026-09-20 18:05:30,20260920,1,7,4-2-1,313.1
2026-09-20 18:05:30,20260920,1,7,4-2-3,260.6
2026-09-20 18:05:30,20260920,1,7,4-2-5,286.9
2026-09-20 18:05:30,20260920,1,7,4-2-6,266.0
2026-09-20 18:05:30,20260920,1,7,4-3-1,109.7
2026-09-20 18:05:30,20260920,1,7,4-3-2,327.1
2026-09-20 18:05:30,20260920,1,7,4-3-5,290.1
2026-09-20 18:05:30,20260920,1,7,4-3-6,188.1
2026-09-20 18:05:30,20260920,1,7,4-5-1,180.8
2026-09-20 18:05:30,20260920,1,7,4-5-2,271.7
2026-09-20 18:05:30,20260920,1,7,4-5-3,245.7
2026-09-20 18:05:30,20260920,1,7,4-5-6,191.6
2026-09-20 18:05:30,20260920,1,7,4-6-1,233.4
2026-09-20 18:05:30,20260920,1,7,4-6-2,296.8
2026-09-20 18:05:30,20260920,1,7,4-6-3,309.3
2026-09-20 18:05:30,20260920,1,7,4-6-5,359.1
2026-09-20 18:05:30,20260920,1,7,5-1-2,216.6
2026-09-20 18:05:30,20260920,1,7,5-1-3,154.6
2026-09-20 18:05:30,20260920,1,7,5-1-4,170.0
2026-09-20 18:05:30,20260920,1,7,5-1-6,193.0
2026-09-20 18:05:30,20260920,1,7,5-2-1,401.2
2026-09-20 18:05:30,20260920,1,7,5-2-3,318.9
2026-09-20 18:05:30,20260920,1,7,5-2-4,342.3
2026-09-20 18:05:30,20260920,1,7,5-2-6,303.8
2026-09-20 18:05:30,20260920,1,7,5-3-1,225.2
2026-09-20 18:05:30,20260920,1,7,5-3-2,356.6
2026-09-20 18:05:30,20260920,1,7,5-3-4,442.7
2026-09-20 18:05:30,20260920,1,7,5-3-6,366.8
2026-09-20 18:05:30,20260920,1,7,5-4-1,212.2
2026-09-20 18:05:30,20260920,1,7,5-4-2,293.4
2026-09-20 18:05:30,20260920,1,7,5-4-3,280.6
2026-09-20 18:05:30,20260920,1,7,5-4-6,223.2
2026-09-20 18:05:30,20260920,1,7,5-6-1,407.5
2026-09-20 18:05:30,20260920,1,7,5-6-2,424.4
2026-09-20 18:05:30,20260920,1,7,5-6-3,493.8
2026-09-20 18:05:30,20260920,1,7,5-6-4,529.4
2026-09-20 18:05:30,20260920,1,7,6-1-2,255.5
2026-09-20 18:05:30,20260920,1,7,6-1-3,135.5
2026-09-20 18:05:30,20260920,1,7,6-1-4,266.0
2026-09-20 18:05:30,20260920,1,7,6-1-5,427.9
2026-09-20 18:05:30,20260920,1,7,6-2-1,361.6
2026-09-20 18:05:30,20260920,1,7,6-2-3,454.4
2026-09-20 18:05:30,20260920,1,7,6-2-4,458.5
2026-09-20 18:05:30,20260920,1,7,6-2-5,675.7
2026-09-20 18:05:30,20260920,1,7,6-3-1,170.6
2026-09-20 18:05:30,20260920,1,7,6-3-2,508.4
2026-09-20 18:05:30,20260920,1,7,6-3-4,354.1
2026-09-20 18:05:30,20260920,1,7,6-3-5,618.7
2026-09-20 18:05:30,20260920,1,7,6-4-1,386.1
2026-09-20 18:05:30,20260920,1,7,6-4-2,508.4
2026-09-20 18:05:30,20260920,1,7,6-4-3,404.3
2026-09-20 18:05:30,20260920,1,7,6-4-5,733.6
2026-09-20 18:05:30,20260920,1,7,6-5-1,558.2
2026-09-20 18:05:30,20260920,1,7,6-5-2,723.3
2026-09-20 18:05:30,20260920,1,7,6-5-3,641.9
2026-09-20 18:05:30,20260920,1,7,6-5-4,552.2
2026-09-20 18:12:14,20260920,12,8,1-2-3,67.0
2026-09-20 18:12:14,20260920,12,8,1-2-4,45.3
2026-09-20 18:12:14,20260920,12,8,1-2-5,125.2
2026-09-20 18:12:14,20260920,12,8,1-2-6,133.1
2026-09-20 18:12:14,20260920,12,8,1-3-2,66.5
2026-09-20 18:12:14,20260920,12,8,1-3-4,43.0
2026-09-20 18:12:14,20260920,12,8,1-3-5,93.7
2026-09-20 18:12:14,20260920,12,8,1-3-6,100.8
2026-09-20 18:12:14,20260920,12,8,1-4-2,33.1
2026-09-20 18:12:14,20260920,12,8,1-4-3,33.0
2026-09-20 18:12:14,20260920,12,8,1-4-5,37.1
2026-09-20 18:12:14,20260920,12,8,1-4-6,52.1
2026-09-20 18:12:14,20260920,12,8,1-5-2,124.7
2026-09-20 18:12:14,20260920,12,8,1-5-3,108.5
2026-09-20 18:12:14,20260920,12,8,1-5-4,80.2
2026-09-20 18:12:14,20260920,12,8,1-5-6,243.5
2026-09-20 18:12:14,20260920,12,8,1-6-2,125.2
2026-09-20 18:12:14,20260920,12,8,1-6-3,139.8
2026-09-20 18:12:14,20260920,12,8,1-6-4,108.1
2026-09-20 18:12:14,20260920,12,8,1-6-5,334.6
2026-09-20 18:12:14,20260920,12,8,2-1-3,101.7
2026-09-20 18:12:14,20260920,12,8,2-1-4,96.5
2026-09-20 18:12:14,20260920,12,8,2-1-5,168.1
2026-09-20 18:12:14,20260920,12,8,2-1-6,213.1
2026-09-20 18:12:14,20260920,12,8,2-3-1,190.4
2026-09-20 18:12:14,20260920,12,8,2-3-4,146.1
2026-09-20 18:12:14,20260920,12,8,2-3-5,201.1
2026-09-20 18:12:14,20260920,12,8,2-3-6,277.5
2026-09-20 18:12:14,20260920,12,8,2-4-1,99.7
2026-09-20 18:12:14,20260920,12,8,2-4-3,117.4
2026-09-20 18:12:14,20260920,12,8,2-4-5,98.1
2026-09-20 18:12:14,20260920,12,8,2-4-6,136.6
2026-09-20 18:12:14,20260920,12,8,2-5-1,252.1
2026-09-20 18:12:14,20260920,12,8,2-5-3,248.6
2026-09-20 18:12:14,20260920,12,8,2-5-4,173.8
2026-09-20 18:12:14,20260920,12,8,2-5-6,306.0
2026-09-20 18:12:14,20260920,12,8,2-6-1,284.1
2026-09-20 18:12:14,20260920,12,8,2-6-3,358.0
2026-09-20 18:12:14,20260920,12,8,2-6-4,246.9
2026-09-20 18:12:14,20260920,12,8,2-6-5,373.0
2026-09-20 18:12:14,20260920,12,8,3-1-2,110.8
2026-09-20 18:12:14,20260920,12,8,3-1-4,55.4
2026-09-20 18:12:14,20260920,12,8,3-1-5,74.1
2026-09-20 18:12:14,20260920,12,8,3-1-6,145.5
2026-09-20 18:12:14,20260920,12,8,3-2-1,182.6
2026-09-20 18:12:14,20260920,12,8,3-2-4,128.8
2026-09-20 18:12:14,20260920,12,8,3-2-5,109.8
2026-09-20 18:12:14,20260920,12,8,3-2-6,265.2
2026-09-20 18:12:14,20260920,12,8,3-4-1,67.4
2026-09-20 18:12:14,20260920,12,8,3-4-2,89.7
2026-09-20 18:12:14,20260920,12,8,3-4-5,55.9
2026-09-20 18:12:14,20260920,12,8,3-4-6,57.9
2026-09-20 18:12:14,20260920,12,8,3-5-1,159.8
2026-09-20 18:12:14,20260920,12,8,3-5-2,155.6
2026-09-20 18:12:14,20260920,12,8,3-5-4,111.2
2026-09-20 18:12:14,20260920,12,8,3-5-6,228.0
2026-09-20 18:12:14,20260920,12,8,3-6-1,284.1
2026-09-20 18:12:14,20260920,12,8,3-6-2,275.4
2026-09-20 18:12:14,20260920,12,8,3-6-4,167.3
2026-09-20 18:12:14,20260920,12,8,3-6-5,291.1
2026-09-20 18:12:14,20260920,12,8,4-1-2,29.5
2026-09-20 18:12:14,20260920,12,8,4-1-3,30.8
2026-09-20 18:12:14,20260920,12,8,4-1-5,17.4
2026-09-20 18:12:14,20260920,12,8,4-1-6,38.0
2026-09-20 18:12:14,20260920,12,8,4-2-1,66.9
2026-09-20 18:12:14,20260920,12,8,4-2-3,82.1
2026-09-20 18:12:14,20260920,12,8,4-2-5,40.6
2026-09-20 18:12:14,20260920,12,8,4-2-6,75.8
2026-09-20 18:12:14,20260920,12,8,4-3-1,50.1
2026-09-20 18:12:14,20260920,12,8,4-3-2,81.9
2026-09-20 18:12:14,20260920,12,8,4-3-5,29.8
2026-09-20 18:12:14,20260920,12,8,4-3-6,35.9
2026-09-20 18:12:14,20260920,12,8,4-5-1,18.6
2026-09-20 18:12:14,20260920,12,8,4-5-2,21.9
2026-09-20 18:12:14,20260920,12,8,4-5-3,28.2
2026-09-20 18:12:14,20260920,12,8,4-5-6,19.7
2026-09-20 18:12:14,20260920,12,8,4-6-1,41.9
2026-09-20 18:12:14,20260920,12,8,4-6-2,45.9
2026-09-20 18:12:14,20260920,12,8,4-6-3,42.3
2026-09-20 18:12:14,20260920,12,8,4-6-5,31.4
2026-09-20 18:12:14,20260920,12,8,5-1-2,218.3
2026-09-20 18:12:14,20260920,12,8,5-1-3,219.6
2026-09-20 18:12:14,20260920,12,8,5-1-4,114.7
2026-09-20 18:12:14,20260920,12,8,5-1-6,291.1
2026-09-20 18:12:14,20260920,12,8,5-2-1,431.4
2026-09-20 18:12:14,20260920,12,8,5-2-3,284.1
2026-09-20 18:12:14,20260920,12,8,5-2-4,205.7
2026-09-20 18:12:14,20260920,12,8,5-2-6,281.9
2026-09-20 18:12:14,20260920,12,8,5-3-1,341.0
2026-09-20 18:12:14,20260920,12,8,5-3-2,286.4
2026-09-20 18:12:14,20260920,12,8,5-3-4,188.4
2026-09-20 18:12:14,20260920,12,8,5-3-6,306.0
2026-09-20 18:12:14,20260920,12,8,5-4-1,68.0
2026-09-20 18:12:14,20260920,12,8,5-4-2,83.2
2026-09-20 18:12:14,20260920,12,8,5-4-3,121.3
2026-09-20 18:12:14,20260920,12,8,5-4-6,84.2
2026-09-20 18:12:14,20260920,12,8,5-6-1,154.3
2026-09-20 18:12:14,20260920,12,8,5-6-2,142.6
2026-09-20 18:12:14,20260920,12,8,5-6-3,416.3
2026-09-20 18:12:14,20260920,12,8,5-6-4,130.6
2026-09-20 18:12:14,20260920,12,8,6-1-2,411.5
2026-09-20 18:12:14,20260920,12,8,6-1-3,716.1
2026-09-20 18:12:14,20260920,12,8,6-1-4,393.4
2026-09-20 18:12:14,20260920,12,8,6-1-5,967.7
2026-09-20 18:12:14,20260920,12,8,6-2-1,639.4
2026-09-20 18:12:14,20260920,12,8,6-2-3,675.6
2026-09-20 18:12:14,20260920,12,8,6-2-4,426.2
2026-09-20 18:12:14,20260920,12,8,6-2-5,918.1
2026-09-20 18:12:14,20260920,12,8,6-3-1,778.4
2026-09-20 18:12:14,20260920,12,8,6-3-2,1053.0
2026-09-20 18:12:14,20260920,12,8,6-3-4,200.0
2026-09-20 18:12:14,20260920,12,8,6-3-5,651.0
2026-09-20 18:12:14,20260920,12,8,6-4-1,337.8
2026-09-20 18:12:14,20260920,12,8,6-4-2,344.3
2026-09-20 18:12:14,20260920,12,8,6-4-3,176.3
2026-09-20 18:12:14,20260920,12,8,6-4-5,293.5
2026-09-20 18:12:14,20260920,12,8,6-5-1,918.1
2026-09-20 18:12:14,20260920,12,8,6-5-2,778.4
2026-09-20 18:12:14,20260920,12,8,6-5-3,942.3
2026-09-20 18:12:14,20260920,12,8,6-5-4,314.1
2026-09-20 18:26:14,20260920,24,3,1-2-3,31.0
2026-09-20 18:26:14,20260920,24,3,1-2-4,49.0
2026-09-20 18:26:14,20260920,24,3,1-2-5,116.5
2026-09-20 18:26:14,20260920,24,3,1-2-6,102.2
2026-09-20 18:26:14,20260920,24,3,1-3-2,28.6
2026-09-20 18:26:14,20260920,24,3,1-3-4,13.5
2026-09-20 18:26:14,20260920,24,3,1-3-5,57.9
2026-09-20 18:26:14,20260920,24,3,1-3-6,65.7
2026-09-20 18:26:14,20260920,24,3,1-4-2,46.3
2026-09-20 18:26:14,20260920,24,3,1-4-3,20.3
2026-09-20 18:26:14,20260920,24,3,1-4-5,61.6
2026-09-20 18:26:14,20260920,24,3,1-4-6,61.0
2026-09-20 18:26:14,20260920,24,3,1-5-2,178.0
2026-09-20 18:26:14,20260920,24,3,1-5-3,150.7
2026-09-20 18:26:14,20260920,24,3,1-5-4,181.2
2026-09-20 18:26:14,20260920,24,3,1-5-6,221.1
2026-09-20 18:26:14,20260920,24,3,1-6-2,120.2
2026-09-20 18:26:14,20260920,24,3,1-6-3,193.3
2026-09-20 18:26:14,20260920,24,3,1-6-4,171.8
2026-09-20 18:26:14,20260920,24,3,1-6-5,335.4
2026-09-20 18:26:14,20260920,24,3,2-1-3,114.9
2026-09-20 18:26:14,20260920,24,3,2-1-4,106.4
2026-09-20 18:26:14,20260920,24,3,2-1-5,335.4
2026-09-20 18:26:14,20260920,24,3,2-1-6,238.1
2026-09-20 18:26:14,20260920,24,3,2-3-1,149.8
2026-09-20 18:26:14,20260920,24,3,2-3-4,120.2
2026-09-20 18:26:14,20260920,24,3,2-3-5,304.3
2026-09-20 18:26:14,20260920,24,3,2-3-6,404.1
2026-09-20 18:26:14,20260920,24,3,2-4-1,179.9
2026-09-20 18:26:14,20260920,24,3,2-4-3,121.4
2026-09-20 18:26:14,20260920,24,3,2-4-5,324.3
2026-09-20 18:26:14,20260920,24,3,2-4-6,204.5
2026-09-20 18:26:14,20260920,24,3,2-5-1,400.8
2026-09-20 18:26:14,20260920,24,3,2-5-3,465.1
2026-09-20 18:26:14,20260920,24,3,2-5-4,503.1
2026-09-20 18:26:14,20260920,24,3,2-5-6,640.3
2026-09-20 18:26:14,20260920,24,3,2-6-1,508.3
2026-09-20 18:26:14,20260920,24,3,2-6-3,530.1
2026-09-20 18:26:14,20260920,24,3,2-6-4,428.7
2026-09-20 18:26:14,20260920,24,3,2-6-5,880.4
2026-09-20 18:26:14,20260920,24,3,3-1-2,64.6
2026-09-20 18:26:14,20260920,24,3,3-1-4,18.4
2026-09-20 18:26:14,20260920,24,3,3-1-5,60.6
2026-09-20 18:26:14,20260920,24,3,3-1-6,87.7
2026-09-20 18:26:14,20260920,24,3,3-2-1,125.1
2026-09-20 18:26:14,20260920,24,3,3-2-4,62.9
2026-09-20 18:26:14,20260920,24,3,3-2-5,165.4
2026-09-20 18:26:14,20260920,24,3,3-2-6,239.3
2026-09-20 18:26:14,20260920,24,3,3-4-1,14.4
2026-09-20 18:26:14,20260920,24,3,3-4-2,39.7
2026-09-20 18:26:14,20260920,24,3,3-4-5,16.1
2026-09-20 18:26:14,20260920,24,3,3-4-6,20.2
2026-09-20 18:26:14,20260920,24,3,3-5-1,150.3
2026-09-20 18:26:14,20260920,24,3,3-5-2,258.1
2026-09-20 18:26:14,20260920,24,3,3-5-4,77.7
2026-09-20 18:26:14,20260920,24,3,3-5-6,186.0
2026-09-20 18:26:14,20260920,24,3,3-6-1,217.2
2026-09-20 18:26:14,20260920,24,3,3-6-2,278.5
2026-09-20 18:26:14,20260920,24,3,3-6-4,77.6
2026-09-20 18:26:14,20260920,24,3,3-6-5,222.1
2026-09-20 18:26:14,20260920,24,3,4-1-2,68.1
2026-09-20 18:26:14,20260920,24,3,4-1-3,25.7
2026-09-20 18:26:14,20260920,24,3,4-1-5,54.6
2026-09-20 18:26:14,20260920,24,3,4-1-6,66.1
2026-09-20 18:26:14,20260920,24,3,4-2-1,145.4
2026-09-20 18:26:14,20260920,24,3,4-2-3,73.4
2026-09-20 18:26:14,20260920,24,3,4-2-5,168.8
2026-09-20 18:26:14,20260920,24,3,4-2-6,149.4
2026-09-20 18:26:14,20260920,24,3,4-3-1,22.6
2026-09-20 18:26:14,20260920,24,3,4-3-2,48.2
2026-09-20 18:26:14,20260920,24,3,4-3-5,24.7
2026-09-20 18:26:14,20260920,24,3,4-3-6,23.8
2026-09-20 18:26:14,20260920,24,3,4-5-1,57.8
2026-09-20 18:26:14,20260920,24,3,4-5-2,160.0
2026-09-20 18:26:14,20260920,24,3,4-5-3,37.9
2026-09-20 18:26:14,20260920,24,3,4-5-6,63.2
2026-09-20 18:26:14,20260920,24,3,4-6-1,124.1
2026-09-20 18:26:14,20260920,24,3,4-6-2,140.8
2026-09-20 18:26:14,20260920,24,3,4-6-3,52.2
2026-09-20 18:26:14,20260920,24,3,4-6-5,84.2
2026-09-20 18:26:14,20260920,24,3,5-1-2,270.9
2026-09-20 18:26:14,20260920,24,3,5-1-3,216.2
2026-09-20 18:26:14,20260920,24,3,5-1-4,192.6
2026-09-20 18:26:14,20260920,24,3,5-1-6,251.5
2026-09-20 18:26:14,20260920,24,3,5-2-1,580.0
2026-09-20 18:26:14,20260920,24,3,5-2-3,410.8
2026-09-20 18:26:14,20260920,24,3,5-2-4,335.4
2026-09-20 18:26:14,20260920,24,3,5-2-6,460.8
2026-09-20 18:26:14,20260920,24,3,5-3-1,320.1
2026-09-20 18:26:14,20260920,24,3,5-3-2,547.8
2026-09-20 18:26:14,20260920,24,3,5-3-4,160.0
2026-09-20 18:26:14,20260920,24,3,5-3-6,469.5
2026-09-20 18:26:14,20260920,24,3,5-4-1,231.4
2026-09-20 18:26:14,20260920,24,3,5-4-2,297.0
2026-09-20 18:26:14,20260920,24,3,5-4-3,73.5
2026-09-20 18:26:14,20260920,24,3,5-4-6,215.3
2026-09-20 18:26:14,20260920,24,3,5-6-1,440.2
2026-09-20 18:26:14,20260920,24,3,5-6-2,601.3
2026-09-20 18:26:14,20260920,24,3,5-6-3,513.6
2026-09-20 18:26:14,20260920,24,3,5-6-4,337.7
2026-09-20 18:26:14,20260920,24,3,6-1-2,414.3
2026-09-20 18:26:14,20260920,24,3,6-1-3,417.8
2026-09-20 18:26:14,20260920,24,3,6-1-4,400.8
2026-09-20 18:26:14,20260920,24,3,6-1-5,735.9
2026-09-20 18:26:14,20260920,24,3,6-2-1,657.4
2026-09-20 18:26:14,20260920,24,3,6-2-3,601.3
2026-09-20 18:26:14,20260920,24,3,6-2-4,488.1
2026-09-20 18:26:14,20260920,24,3,6-2-5,1264.0
2026-09-20 18:26:14,20260920,24,3,6-3-1,498.0
2026-09-20 18:26:14,20260920,24,3,6-3-2,566.7
2026-09-20 18:26:14,20260920,24,3,6-3-4,159.0
2026-09-20 18:26:14,20260920,24,3,6-3-5,675.4
2026-09-20 18:26:14,20260920,24,3,6-4-1,407.4
2026-09-20 18:26:14,20260920,24,3,6-4-2,469.5
2026-09-20 18:26:14,20260920,24,3,6-4-3,156.0
2026-09-20 18:26:14,20260920,24,3,6-4-5,352.1
2026-09-20 18:26:14,20260920,24,3,6-5-1,1332.0
2026-09-20 18:26:14,20260920,24,3,6-5-2,1590.0
2026-09-20 18:26:14,20260920,24,3,6-5-3,880.4
2026-09-20 18:26:14,20260920,24,3,6-5-4,448.2
2026-09-20 18:28:55,20260920,15,8,1-2-3,29.4
2026-09-20 18:28:55,20260920,15,8,1-2-4,61.1
2026-09-20 18:28:55,20260920,15,8,1-2-5,186.0
2026-09-20 18:28:55,20260920,15,8,1-2-6,77.5
2026-09-20 18:28:55,20260920,15,8,1-3-2,18.5
2026-09-20 18:28:55,20260920,15,8,1-3-4,7.0
2026-09-20 18:28:55,20260920,15,8,1-3-5,64.1
2026-09-20 18:28:55,20260920,15,8,1-3-6,9.2
2026-09-20 18:28:55,20260920,15,8,1-4-2,68.0
2026-09-20 18:28:55,20260920,15,8,1-4-3,16.0
2026-09-20 18:28:55,20260920,15,8,1-4-5,125.9
2026-09-20 18:28:55,20260920,15,8,1-4-6,25.8
2026-09-20 18:28:55,20260920,15,8,1-5-2,221.1
2026-09-20 18:28:55,20260920,15,8,1-5-3,127.2
2026-09-20 18:28:55,20260920,15,8,1-5-4,306.7
2026-09-20 18:28:55,20260920,15,8,1-5-6,268.3
2026-09-20 18:28:55,20260920,15,8,1-6-2,81.7
2026-09-20 18:28:55,20260920,15,8,1-6-3,30.0
2026-09-20 18:28:55,20260920,15,8,1-6-4,46.6
2026-09-20 18:28:55,20260920,15,8,1-6-5,264.2
2026-09-20 18:28:55,20260920,15,8,2-1-3,130.1
2026-09-20 18:28:55,20260920,15,8,2-1-4,145.1
2026-09-20 18:28:55,20260920,15,8,2-1-5,402.5
2026-09-20 18:28:55,20260920,15,8,2-1-6,227.9
2026-09-20 18:28:55,20260920,15,8,2-3-1,212.0
2026-09-20 18:28:55,20260920,15,8,2-3-4,278.5
2026-09-20 18:28:55,20260920,15,8,2-3-5,387.4
2026-09-20 18:28:55,20260920,15,8,2-3-6,396.3
2026-09-20 18:28:55,20260920,15,8,2-4-1,303.0
2026-09-20 18:28:55,20260920,15,8,2-4-3,308.5
2026-09-20 18:28:55,20260920,15,8,2-4-5,652.2
2026-09-20 18:28:55,20260920,15,8,2-4-6,310.3
2026-09-20 18:28:55,20260920,15,8,2-5-1,560.0
2026-09-20 18:28:55,20260920,15,8,2-5-3,805.0
2026-09-20 18:28:55,20260920,15,8,2-5-4,696.2
2026-09-20 18:28:55,20260920,15,8,2-5-6,780.6
2026-09-20 18:28:55,20260920,15,8,2-6-1,460.0
2026-09-20 18:28:55,20260920,15,8,2-6-3,481.5
2026-09-20 18:28:55,20260920,15,8,2-6-4,490.7
2026-09-20 18:28:55,20260920,15,8,2-6-5,903.9
2026-09-20 18:28:55,20260920,15,8,3-1-2,40.9
2026-09-20 18:28:55,20260920,15,8,3-1-4,11.6
2026-09-20 18:28:55,20260920,15,8,3-1-5,69.1
2026-09-20 18:28:55,20260920,15,8,3-1-6,12.2
2026-09-20 18:28:55,20260920,15,8,3-2-1,139.2
2026-09-20 18:28:55,20260920,15,8,3-2-4,152.4
2026-09-20 18:28:55,20260920,15,8,3-2-5,233.1
2026-09-20 18:28:55,20260920,15,8,3-2-6,163.0
2026-09-20 18:28:55,20260920,15,8,3-4-1,23.6
2026-09-20 18:28:55,20260920,15,8,3-4-2,120.3
2026-09-20 18:28:55,20260920,15,8,3-4-5,119.2
2026-09-20 18:28:55,20260920,15,8,3-4-6,24.9
2026-09-20 18:28:55,20260920,15,8,3-5-1,217.4
2026-09-20 18:28:55,20260920,15,8,3-5-2,287.8
2026-09-20 18:28:55,20260920,15,8,3-5-4,253.8
2026-09-20 18:28:55,20260920,15,8,3-5-6,222.0
2026-09-20 18:28:55,20260920,15,8,3-6-1,37.0
2026-09-20 18:28:55,20260920,15,8,3-6-2,163.0
2026-09-20 18:28:55,20260920,15,8,3-6-4,44.5
2026-09-20 18:28:55,20260920,15,8,3-6-5,208.6
2026-09-20 18:28:55,20260920,15,8,4-1-2,140.7
2026-09-20 18:28:55,20260920,15,8,4-1-3,44.8
2026-09-20 18:28:55,20260920,15,8,4-1-5,178.9
2026-09-20 18:28:55,20260920,15,8,4-1-6,56.1
2026-09-20 18:28:55,20260920,15,8,4-2-1,320.0
2026-09-20 18:28:55,20260920,15,8,4-2-3,247.7
2026-09-20 18:28:55,20260920,15,8,4-2-5,425.8
2026-09-20 18:28:55,20260920,15,8,4-2-6,221.1
2026-09-20 18:28:55,20260920,15,8,4-3-1,50.4
2026-09-20 18:28:55,20260920,15,8,4-3-2,236.3
2026-09-20 18:28:55,20260920,15,8,4-3-5,245.3
2026-09-20 18:28:55,20260920,15,8,4-3-6,52.8
2026-09-20 18:28:55,20260920,15,8,4-5-1,306.7
2026-09-20 18:28:55,20260920,15,8,4-5-2,451.9
2026-09-20 18:28:55,20260920,15,8,4-5-3,390.3
2026-09-20 18:28:55,20260920,15,8,4-5-6,269.7
2026-09-20 18:28:55,20260920,15,8,4-6-1,100.4
2026-09-20 18:28:55,20260920,15,8,4-6-2,210.3
2026-09-20 18:28:55,20260920,15,8,4-6-3,80.8
2026-09-20 18:28:55,20260920,15,8,4-6-5,287.8
2026-09-20 18:28:55,20260920,15,8,5-1-2,515.2
2026-09-20 18:28:55,20260920,15,8,5-1-3,299.5
2026-09-20 18:28:55,20260920,15,8,5-1-4,306.7
2026-09-20 18:28:55,20260920,15,8,5-1-6,341.2
2026-09-20 18:28:55,20260920,15,8,5-2-1,780.6
2026-09-20 18:28:55,20260920,15,8,5-2-3,920.1
2026-09-20 18:28:55,20260920,15,8,5-2-4,746.7
2026-09-20 18:28:55,20260920,15,8,5-2-6,669.1
2026-09-20 18:28:55,20260920,15,8,5-3-1,368.0
2026-09-20 18:28:55,20260920,15,8,5-3-2,1198.0
2026-09-20 18:28:55,20260920,15,8,5-3-4,599.1
2026-09-20 18:28:55,20260920,15,8,5-3-6,515.2
2026-09-20 18:28:55,20260920,15,8,5-4-1,585.5
2026-09-20 18:28:55,20260920,15,8,5-4-2,903.9
2026-09-20 18:28:55,20260920,15,8,5-4-3,746.7
2026-09-20 18:28:55,20260920,15,8,5-4-6,448.0
2026-09-20 18:28:55,20260920,15,8,5-6-1,858.7
2026-09-20 18:28:55,20260920,15,8,5-6-2,990.8
2026-09-20 18:28:55,20260920,15,8,5-6-3,725.7
2026-09-20 18:28:55,20260920,15,8,5-6-4,566.2
2026-09-20 18:28:55,20260920,15,8,6-1-2,208.6
2026-09-20 18:28:55,20260920,15,8,6-1-3,82.5
2026-09-20 18:28:55,20260920,15,8,6-1-4,163.5
2026-09-20 18:28:55,20260920,15,8,6-1-5,560.0
2026-09-20 18:28:55,20260920,15,8,6-2-1,531.1
2026-09-20 18:28:55,20260920,15,8,6-2-3,472.7
2026-09-20 18:28:55,20260920,15,8,6-2-4,715.6
2026-09-20 18:28:55,20260920,15,8,6-2-5,1226.0
2026-09-20 18:28:55,20260920,15,8,6-3-1,94.8
2026-09-20 18:28:55,20260920,15,8,6-3-2,334.5
2026-09-20 18:28:55,20260920,15,8,6-3-4,122.6
2026-09-20 18:28:55,20260920,15,8,6-3-5,464.1
2026-09-20 18:28:55,20260920,15,8,6-4-1,237.4
2026-09-20 18:28:55,20260920,15,8,6-4-2,510.1
2026-09-20 18:28:55,20260920,15,8,6-4-3,165.6
2026-09-20 18:28:55,20260920,15,8,6-4-5,660.5
2026-09-20 18:28:55,20260920,15,8,6-5-1,1120.0
2026-09-20 18:28:55,20260920,15,8,6-5-2,1171.0
2026-09-20 18:28:55,20260920,15,8,6-5-3,687.0
2026-09-20 18:28:55,20260920,15,8,6-5-4,566.2
2026-09-20 18:36:48,20260920,1,8,1-2-3,14.2
2026-09-20 18:36:48,20260920,1,8,1-2-4,27.2
2026-09-20 18:36:48,20260920,1,8,1-2-5,15.4
2026-09-20 18:36:48,20260920,1,8,1-2-6,180.0
2026-09-20 18:36:48,20260920,1,8,1-3-2,16.2
2026-09-20 18:36:48,20260920,1,8,1-3-4,14.9
2026-09-20 18:36:48,20260920,1,8,1-3-5,8.0
2026-09-20 18:36:48,20260920,1,8,1-3-6,263.8
2026-09-20 18:36:48,20260920,1,8,1-4-2,38.3
2026-09-20 18:36:48,20260920,1,8,1-4-3,25.8
2026-09-20 18:36:48,20260920,1,8,1-4-5,23.3
2026-09-20 18:36:48,20260920,1,8,1-4-6,273.3
2026-09-20 18:36:48,20260920,1,8,1-5-2,20.1
2026-09-20 18:36:48,20260920,1,8,1-5-3,10.7
2026-09-20 18:36:48,20260920,1,8,1-5-4,20.2
2026-09-20 18:36:48,20260920,1,8,1-5-6,180.9
2026-09-20 18:36:48,20260920,1,8,1-6-2,223.7
2026-09-20 18:36:48,20260920,1,8,1-6-3,506.8
2026-09-20 18:36:48,20260920,1,8,1-6-4,346.2
2026-09-20 18:36:48,20260920,1,8,1-6-5,411.4
2026-09-20 18:36:48,20260920,1,8,2-1-3,60.7
2026-09-20 18:36:48,20260920,1,8,2-1-4,97.8
2026-09-20 18:36:48,20260920,1,8,2-1-5,68.8
2026-09-20 18:36:48,20260920,1,8,2-1-6,469.4
2026-09-20 18:36:48,20260920,1,8,2-3-1,108.8
2026-09-20 18:36:48,20260920,1,8,2-3-4,177.9
2026-09-20 18:36:48,20260920,1,8,2-3-5,119.5
2026-09-20 18:36:48,20260920,1,8,2-3-6,831.8
2026-09-20 18:36:48,20260920,1,8,2-4-1,238.4
2026-09-20 18:36:48,20260920,1,8,2-4-3,275.2
2026-09-20 18:36:48,20260920,1,8,2-4-5,238.4
2026-09-20 18:36:48,20260920,1,8,2-4-6,797.1
2026-09-20 18:36:48,20260920,1,8,2-5-1,113.8
2026-09-20 18:36:48,20260920,1,8,2-5-3,119.3
2026-09-20 18:36:48,20260920,1,8,2-5-4,230.5
2026-09-20 18:36:48,20260920,1,8,2-5-6,558.5
2026-09-20 18:36:48,20260920,1,8,2-6-1,742.9
2026-09-20 18:36:48,20260920,1,8,2-6-3,1020.0
2026-09-20 18:36:48,20260920,1,8,2-6-4,1048.0
2026-09-20 18:36:48,20260920,1,8,2-6-5,797.1
2026-09-20 18:36:48,20260920,1,8,3-1-2,61.5
2026-09-20 18:36:48,20260920,1,8,3-1-4,51.7
2026-09-20 18:36:48,20260920,1,8,3-1-5,30.8
2026-09-20 18:36:48,20260920,1,8,3-1-6,346.2
2026-09-20 18:36:48,20260920,1,8,3-2-1,117.0
2026-09-20 18:36:48,20260920,1,8,3-2-4,156.8
2026-09-20 18:36:48,20260920,1,8,3-2-5,101.7
2026-09-20 18:36:48,20260920,1,8,3-2-6,463.8
2026-09-20 18:36:48,20260920,1,8,3-4-1,88.1
2026-09-20 18:36:48,20260920,1,8,3-4-2,181.7
2026-09-20 18:36:48,20260920,1,8,3-4-5,84.0
2026-09-20 18:36:48,20260920,1,8,3-4-6,493.7
2026-09-20 18:36:48,20260920,1,8,3-5-1,43.9
2026-09-20 18:36:48,20260920,1,8,3-5-2,91.9
2026-09-20 18:36:48,20260920,1,8,3-5-4,77.5
2026-09-20 18:36:48,20260920,1,8,3-5-6,307.3
2026-09-20 18:36:48,20260920,1,8,3-6-1,850.3
2026-09-20 18:36:48,20260920,1,8,3-6-2,968.6
2026-09-20 18:36:48,20260920,1,8,3-6-4,911.0
2026-09-20 18:36:48,20260920,1,8,3-6-5,554.5
2026-09-20 18:36:48,20260920,1,8,4-1-2,125.6
2026-09-20 18:36:48,20260920,1,8,4-1-3,115.2
2026-09-20 18:36:48,20260920,1,8,4-1-5,62.4
2026-09-20 18:36:48,20260920,1,8,4-1-6,334.1
2026-09-20 18:36:48,20260920,1,8,4-2-1,300.1
2026-09-20 18:36:48,20260920,1,8,4-2-3,286.6
2026-09-20 18:36:48,20260920,1,8,4-2-5,237.6
2026-09-20 18:36:48,20260920,1,8,4-2-6,481.3
2026-09-20 18:36:48,20260920,1,8,4-3-1,182.2
2026-09-20 18:36:48,20260920,1,8,4-3-2,337.1
2026-09-20 18:36:48,20260920,1,8,4-3-5,170.0
2026-09-20 18:36:48,20260920,1,8,4-3-6,627.2
2026-09-20 18:36:48,20260920,1,8,4-5-1,58.1
2026-09-20 18:36:48,20260920,1,8,4-5-2,157.4
2026-09-20 18:36:48,20260920,1,8,4-5-3,85.6
2026-09-20 18:36:48,20260920,1,8,4-5-6,229.8
2026-09-20 18:36:48,20260920,1,8,4-6-1,715.2
2026-09-20 18:36:48,20260920,1,8,4-6-2,627.2
2026-09-20 18:36:48,20260920,1,8,4-6-3,850.3
2026-09-20 18:36:48,20260920,1,8,4-6-5,597.8
2026-09-20 18:36:48,20260920,1,8,5-1-2,53.4
2026-09-20 18:36:48,20260920,1,8,5-1-3,33.1
2026-09-20 18:36:48,20260920,1,8,5-1-4,52.6
2026-09-20 18:36:48,20260920,1,8,5-1-6,186.6
2026-09-20 18:36:48,20260920,1,8,5-2-1,104.4
2026-09-20 18:36:48,20260920,1,8,5-2-3,132.6
2026-09-20 18:36:48,20260920,1,8,5-2-4,230.5
2026-09-20 18:36:48,20260920,1,8,5-2-6,415.9
2026-09-20 18:36:48,20260920,1,8,5-3-1,64.3
2026-09-20 18:36:48,20260920,1,8,5-3-2,145.2
2026-09-20 18:36:48,20260920,1,8,5-3-4,150.0
2026-09-20 18:36:48,20260920,1,8,5-3-6,510.1
2026-09-20 18:36:48,20260920,1,8,5-4-1,92.9
2026-09-20 18:36:48,20260920,1,8,5-4-2,229.8
2026-09-20 18:36:48,20260920,1,8,5-4-3,158.1
2026-09-20 18:36:48,20260920,1,8,5-4-6,343.1
2026-09-20 18:36:48,20260920,1,8,5-6-1,413.6
2026-09-20 18:36:48,20260920,1,8,5-6-2,677.2
2026-09-20 18:36:48,20260920,1,8,5-6-3,659.7
2026-09-20 18:36:48,20260920,1,8,5-6-4,788.9
2026-09-20 18:36:48,20260920,1,8,6-1-2,677.2
2026-09-20 18:36:48,20260920,1,8,6-1-3,981.1
2026-09-20 18:36:48,20260920,1,8,6-1-4,922.0
2026-09-20 18:36:48,20260920,1,8,6-1-5,900.3
2026-09-20 18:36:48,20260920,1,8,6-2-1,1062.0
2026-09-20 18:36:48,20260920,1,8,6-2-3,1342.0
2026-09-20 18:36:48,20260920,1,8,6-2-4,1366.0
2026-09-20 18:36:48,20260920,1,8,6-2-5,944.7
2026-09-20 18:36:48,20260920,1,8,6-3-1,1594.0
2026-09-20 18:36:48,20260920,1,8,6-3-2,1471.0
2026-09-20 18:36:48,20260920,1,8,6-3-4,1342.0
2026-09-20 18:36:48,20260920,1,8,6-3-5,1048.0
2026-09-20 18:36:48,20260920,1,8,6-4-1,1530.0
2026-09-20 18:36:48,20260920,1,8,6-4-2,1443.0
2026-09-20 18:36:48,20260920,1,8,6-4-3,1417.0
2026-09-20 18:36:48,20260920,1,8,6-4-5,1109.0
2026-09-20 18:36:48,20260920,1,8,6-5-1,1048.0
2026-09-20 18:36:48,20260920,1,8,6-5-2,1195.0
2026-09-20 18:36:48,20260920,1,8,6-5-3,1093.0
2026-09-20 18:36:48,20260920,1,8,6-5-4,750.2
2026-09-20 18:44:39,20260920,12,9,1-2-3,44.9
2026-09-20 18:44:39,20260920,12,9,1-2-4,92.2
2026-09-20 18:44:39,20260920,12,9,1-2-5,88.8
2026-09-20 18:44:39,20260920,12,9,1-2-6,114.2
2026-09-20 18:44:39,20260920,12,9,1-3-2,27.3
2026-09-20 18:44:39,20260920,12,9,1-3-4,7.3
2026-09-20 18:44:39,20260920,12,9,1-3-5,9.8
2026-09-20 18:44:39,20260920,12,9,1-3-6,70.0
2026-09-20 18:44:39,20260920,12,9,1-4-2,58.8
2026-09-20 18:44:39,20260920,12,9,1-4-3,18.5
2026-09-20 18:44:39,20260920,12,9,1-4-5,25.8
2026-09-20 18:44:39,20260920,12,9,1-4-6,96.6
2026-09-20 18:44:39,20260920,12,9,1-5-2,91.3
2026-09-20 18:44:39,20260920,12,9,1-5-3,26.0
2026-09-20 18:44:39,20260920,12,9,1-5-4,52.6
2026-09-20 18:44:39,20260920,12,9,1-5-6,187.3
2026-09-20 18:44:39,20260920,12,9,1-6-2,81.3
2026-09-20 18:44:39,20260920,12,9,1-6-3,102.9
2026-09-20 18:44:39,20260920,12,9,1-6-4,128.6
2026-09-20 18:44:39,20260920,12,9,1-6-5,151.8
2026-09-20 18:44:39,20260920,12,9,2-1-3,112.1
2026-09-20 18:44:39,20260920,12,9,2-1-4,181.0
2026-09-20 18:44:39,20260920,12,9,2-1-5,238.4
2026-09-20 18:44:39,20260920,12,9,2-1-6,346.7
2026-09-20 18:44:39,20260920,12,9,2-3-1,179.7
2026-09-20 18:44:39,20260920,12,9,2-3-4,285.8
2026-09-20 18:44:39,20260920,12,9,2-3-5,313.3
2026-09-20 18:44:39,20260920,12,9,2-3-6,525.6
2026-09-20 18:44:39,20260920,12,9,2-4-1,298.0
2026-09-20 18:44:39,20260920,12,9,2-4-3,367.5
2026-09-20 18:44:39,20260920,12,9,2-4-5,651.8
2026-09-20 18:44:39,20260920,12,9,2-4-6,428.8
2026-09-20 18:44:39,20260920,12,9,2-5-1,378.9
2026-09-20 18:44:39,20260920,12,9,2-5-3,349.1
2026-09-20 18:44:39,20260920,12,9,2-5-4,531.3
2026-09-20 18:44:39,20260920,12,9,2-5-6,618.8
2026-09-20 18:44:39,20260920,12,9,2-6-1,660.6
2026-09-20 18:44:39,20260920,12,9,2-6-3,828.5
2026-09-20 18:44:39,20260920,12,9,2-6-4,643.2
2026-09-20 18:44:39,20260920,12,9,2-6-5,842.8
2026-09-20 18:44:39,20260920,12,9,3-1-2,46.5
2026-09-20 18:44:39,20260920,12,9,3-1-4,11.0
2026-09-20 18:44:39,20260920,12,9,3-1-5,13.7
2026-09-20 18:44:39,20260920,12,9,3-1-6,83.1
2026-09-20 18:44:39,20260920,12,9,3-2-1,127.9
2026-09-20 18:44:39,20260920,12,9,3-2-4,154.2
2026-09-20 18:44:39,20260920,12,9,3-2-5,187.3
2026-09-20 18:44:39,20260920,12,9,3-2-6,384.9
2026-09-20 18:44:39,20260920,12,9,3-4-1,20.0
2026-09-20 18:44:39,20260920,12,9,3-4-2,83.8
2026-09-20 18:44:39,20260920,12,9,3-4-5,24.7
2026-09-20 18:44:39,20260920,12,9,3-4-6,106.2
2026-09-20 18:44:39,20260920,12,9,3-5-1,32.6
2026-09-20 18:44:39,20260920,12,9,3-5-2,104.0
2026-09-20 18:44:39,20260920,12,9,3-5-4,34.3
2026-09-20 18:44:39,20260920,12,9,3-5-6,133.5
2026-09-20 18:44:39,20260920,12,9,3-6-1,307.4
2026-09-20 18:44:39,20260920,12,9,3-6-2,488.8
2026-09-20 18:44:39,20260920,12,9,3-6-4,249.4
2026-09-20 18:44:39,20260920,12,9,3-6-5,362.1
2026-09-20 18:44:39,20260920,12,9,4-1-2,173.3
2026-09-20 18:44:39,20260920,12,9,4-1-3,49.1
2026-09-20 18:44:39,20260920,12,9,4-1-5,72.5
2026-09-20 18:44:39,20260920,12,9,4-1-6,201.1
2026-09-20 18:44:39,20260920,12,9,4-2-1,303.6
2026-09-20 18:44:39,20260920,12,9,4-2-3,356.8
2026-09-20 18:44:39,20260920,12,9,4-2-5,470.0
2026-09-20 18:44:39,20260920,12,9,4-2-6,309.4
2026-09-20 18:44:39,20260920,12,9,4-3-1,50.5
2026-09-20 18:44:39,20260920,12,9,4-3-2,257.2
2026-09-20 18:44:39,20260920,12,9,4-3-5,59.1
2026-09-20 18:44:39,20260920,12,9,4-3-6,170.9
2026-09-20 18:44:39,20260920,12,9,4-5-1,79.1
2026-09-20 18:44:39,20260920,12,9,4-5-2,299.9
2026-09-20 18:44:39,20260920,12,9,4-5-3,64.6
2026-09-20 18:44:39,20260920,12,9,4-5-6,128.6
2026-09-20 18:44:39,20260920,12,9,4-6-1,370.3
2026-09-20 18:44:39,20260920,12,9,4-6-2,391.0
2026-09-20 18:44:39,20260920,12,9,4-6-3,432.6
2026-09-20 18:44:39,20260920,12,9,4-6-5,397.4
2026-09-20 18:44:39,20260920,12,9,5-1-2,255.9
2026-09-20 18:44:39,20260920,12,9,5-1-3,74.7
2026-09-20 18:44:39,20260920,12,9,5-1-4,118.3
2026-09-20 18:44:39,20260920,12,9,5-1-6,276.1
2026-09-20 18:44:39,20260920,12,9,5-2-1,488.8
2026-09-20 18:44:39,20260920,12,9,5-2-3,370.3
2026-09-20 18:44:39,20260920,12,9,5-2-4,651.8
2026-09-20 18:44:39,20260920,12,9,5-2-6,432.6
2026-09-20 18:44:39,20260920,12,9,5-3-1,82.1
2026-09-20 18:44:39,20260920,12,9,5-3-2,311.3
2026-09-20 18:44:39,20260920,12,9,5-3-4,96.8
2026-09-20 18:44:39,20260920,12,9,5-3-6,351.6
2026-09-20 18:44:39,20260920,12,9,5-4-1,140.4
2026-09-20 18:44:39,20260920,12,9,5-4-2,373.1
2026-09-20 18:44:39,20260920,12,9,5-4-3,126.9
2026-09-20 18:44:39,20260920,12,9,5-4-6,289.2
2026-09-20 18:44:39,20260920,12,9,5-6-1,514.5
2026-09-20 18:44:39,20260920,12,9,5-6-2,498.8
2026-09-20 18:44:39,20260920,12,9,5-6-3,493.7
2026-09-20 18:44:39,20260920,12,9,5-6-4,470.0
2026-09-20 18:44:39,20260920,12,9,6-1-2,274.6
2026-09-20 18:44:39,20260920,12,9,6-1-3,341.8
2026-09-20 18:44:39,20260920,12,9,6-1-4,801.4
2026-09-20 18:44:39,20260920,12,9,6-1-5,1086.0
2026-09-20 18:44:39,20260920,12,9,6-2-1,305.5
2026-09-20 18:44:39,20260920,12,9,6-2-3,301.7
2026-09-20 18:44:39,20260920,12,9,6-2-4,729.6
2026-09-20 18:44:39,20260920,12,9,6-2-5,1040.0
2026-09-20 18:44:39,20260920,12,9,6-3-1,330.3
2026-09-20 18:44:39,20260920,12,9,6-3-2,373.1
2026-09-20 18:44:39,20260920,12,9,6-3-4,801.4
2026-09-20 18:44:39,20260920,12,9,6-3-5,1253.0
2026-09-20 18:44:39,20260920,12,9,6-4-1,888.8
2026-09-20 18:44:39,20260920,12,9,6-4-2,828.5
2026-09-20 18:44:39,20260920,12,9,6-4-3,940.1
2026-09-20 18:44:39,20260920,12,9,6-4-5,977.7
2026-09-20 18:44:39,20260920,12,9,6-5-1,1040.0
2026-09-20 18:44:39,20260920,12,9,6-5-2,1192.0
2026-09-20 18:44:39,20260920,12,9,6-5-3,940.1
2026-09-20 18:44:39,20260920,12,9,6-5-4,775.9
2026-09-20 18:52:30,20260920,24,4,1-2-3,43.0
2026-09-20 18:52:30,20260920,24,4,1-2-4,48.3
2026-09-20 18:52:30,20260920,24,4,1-2-5,102.8
2026-09-20 18:52:30,20260920,24,4,1-2-6,102.1
2026-09-20 18:52:30,20260920,24,4,1-3-2,37.3
2026-09-20 18:52:30,20260920,24,4,1-3-4,5.1
2026-09-20 18:52:30,20260920,24,4,1-3-5,17.4
2026-09-20 18:52:30,20260920,24,4,1-3-6,48.2
2026-09-20 18:52:30,20260920,24,4,1-4-2,34.4
2026-09-20 18:52:30,20260920,24,4,1-4-3,5.1
2026-09-20 18:52:30,20260920,24,4,1-4-5,12.0
2026-09-20 18:52:30,20260920,24,4,1-4-6,37.5
2026-09-20 18:52:30,20260920,24,4,1-5-2,98.1
2026-09-20 18:52:30,20260920,24,4,1-5-3,46.8
2026-09-20 18:52:30,20260920,24,4,1-5-4,43.8
2026-09-20 18:52:30,20260920,24,4,1-5-6,103.5
2026-09-20 18:52:30,20260920,24,4,1-6-2,123.2
2026-09-20 18:52:30,20260920,24,4,1-6-3,174.3
2026-09-20 18:52:30,20260920,24,4,1-6-4,128.0
2026-09-20 18:52:30,20260920,24,4,1-6-5,226.6
2026-09-20 18:52:30,20260920,24,4,2-1-3,185.8
2026-09-20 18:52:30,20260920,24,4,2-1-4,135.7
2026-09-20 18:52:30,20260920,24,4,2-1-5,387.5
2026-09-20 18:52:30,20260920,24,4,2-1-6,310.5
2026-09-20 18:52:30,20260920,24,4,2-3-1,387.5
2026-09-20 18:52:30,20260920,24,4,2-3-4,359.8
2026-09-20 18:52:30,20260920,24,4,2-3-5,487.5
2026-09-20 18:52:30,20260920,24,4,2-3-6,1030.0
2026-09-20 18:52:30,20260920,24,4,2-4-1,290.6
2026-09-20 18:52:30,20260920,24,4,2-4-3,304.2
2026-09-20 18:52:30,20260920,24,4,2-4-5,559.7
2026-09-20 18:52:30,20260920,24,4,2-4-6,354.2
2026-09-20 18:52:30,20260920,24,4,2-5-1,357.0
2026-09-20 18:52:30,20260920,24,4,2-5-3,533.4
2026-09-20 18:52:30,20260920,24,4,2-5-4,559.7
2026-09-20 18:52:30,20260920,24,4,2-5-6,708.4
2026-09-20 18:52:30,20260920,24,4,2-6-1,809.6
2026-09-20 18:52:30,20260920,24,4,2-6-3,1054.0
2026-09-20 18:52:30,20260920,24,4,2-6-4,889.0
2026-09-20 18:52:30,20260920,24,4,2-6-5,1295.0
2026-09-20 18:52:30,20260920,24,4,3-1-2,127.7
2026-09-20 18:52:30,20260920,24,4,3-1-4,25.5
2026-09-20 18:52:30,20260920,24,4,3-1-5,71.0
2026-09-20 18:52:30,20260920,24,4,3-1-6,150.1
2026-09-20 18:52:30,20260920,24,4,3-2-1,269.8
2026-09-20 18:52:30,20260920,24,4,3-2-4,205.1
2026-09-20 18:52:30,20260920,24,4,3-2-5,276.4
2026-09-20 18:52:30,20260920,24,4,3-2-6,390.8
2026-09-20 18:52:30,20260920,24,4,3-4-1,33.1
2026-09-20 18:52:30,20260920,24,4,3-4-2,228.9
2026-09-20 18:52:30,20260920,24,4,3-4-5,81.3
2026-09-20 18:52:30,20260920,24,4,3-4-6,152.1
2026-09-20 18:52:30,20260920,24,4,3-5-1,179.2
2026-09-20 18:52:30,20260920,24,4,3-5-2,415.9
2026-09-20 18:52:30,20260920,24,4,3-5-4,210.8
2026-09-20 18:52:30,20260920,24,4,3-5-6,415.9
2026-09-20 18:52:30,20260920,24,4,3-6-1,487.5
2026-09-20 18:52:30,20260920,24,4,3-6-2,1054.0
2026-09-20 18:52:30,20260920,24,4,3-6-4,487.5
2026-09-20 18:52:30,20260920,24,4,3-6-5,647.7
2026-09-20 18:52:30,20260920,24,4,4-1-2,87.5
2026-09-20 18:52:30,20260920,24,4,4-1-3,18.1
2026-09-20 18:52:30,20260920,24,4,4-1-5,27.4
2026-09-20 18:52:30,20260920,24,4,4-1-6,72.0
2026-09-20 18:52:30,20260920,24,4,4-2-1,228.9
2026-09-20 18:52:30,20260920,24,4,4-2-3,212.8
2026-09-20 18:52:30,20260920,24,4,4-2-5,281.6
2026-09-20 18:52:30,20260920,24,4,4-2-6,328.5
2026-09-20 18:52:30,20260920,24,4,4-3-1,31.2
2026-09-20 18:52:30,20260920,24,4,4-3-2,321.5
2026-09-20 18:52:30,20260920,24,4,4-3-5,81.5
2026-09-20 18:52:30,20260920,24,4,4-3-6,121.2
2026-09-20 18:52:30,20260920,24,4,4-5-1,59.8
2026-09-20 18:52:30,20260920,24,4,4-5-2,194.5
2026-09-20 18:52:30,20260920,24,4,4-5-3,72.3
2026-09-20 18:52:30,20260920,24,4,4-5-6,113.6
2026-09-20 18:52:30,20260920,24,4,4-6-1,177.8
2026-09-20 18:52:30,20260920,24,4,4-6-2,401.2
2026-09-20 18:52:30,20260920,24,4,4-6-3,346.0
2026-09-20 18:52:30,20260920,24,4,4-6-5,211.8
2026-09-20 18:52:30,20260920,24,4,5-1-2,243.7
2026-09-20 18:52:30,20260920,24,4,5-1-3,165.4
2026-09-20 18:52:30,20260920,24,4,5-1-4,124.2
2026-09-20 18:52:30,20260920,24,4,5-1-6,200.6
2026-09-20 18:52:30,20260920,24,4,5-2-1,676.7
2026-09-20 18:52:30,20260920,24,4,5-2-3,423.7
2026-09-20 18:52:30,20260920,24,4,5-2-4,319.2
2026-09-20 18:52:30,20260920,24,4,5-2-6,314.8
2026-09-20 18:52:30,20260920,24,4,5-3-1,266.7
2026-09-20 18:52:30,20260920,24,4,5-3-2,638.5
2026-09-20 18:52:30,20260920,24,4,5-3-4,351.4
2026-09-20 18:52:30,20260920,24,4,5-3-6,588.8
2026-09-20 18:52:30,20260920,24,4,5-4-1,153.1
2026-09-20 18:52:30,20260920,24,4,5-4-2,351.4
2026-09-20 18:52:30,20260920,24,4,5-4-3,228.9
2026-09-20 18:52:30,20260920,24,4,5-4-6,260.5
2026-09-20 18:52:30,20260920,24,4,5-6-1,365.6
2026-09-20 18:52:30,20260920,24,4,5-6-2,621.0
2026-09-20 18:52:30,20260920,24,4,5-6-3,612.6
2026-09-20 18:52:30,20260920,24,4,5-6-4,453.3
2026-09-20 18:52:30,20260920,24,4,6-1-2,533.4
2026-09-20 18:52:30,20260920,24,4,6-1-3,743.2
2026-09-20 18:52:30,20260920,24,4,6-1-4,444.5
2026-09-20 18:52:30,20260920,24,4,6-1-5,795.4
2026-09-20 18:52:30,20260920,24,4,6-2-1,889.0
2026-09-20 18:52:30,20260920,24,4,6-2-3,906.7
2026-09-20 18:52:30,20260920,24,4,6-2-4,768.4
2026-09-20 18:52:30,20260920,24,4,6-2-5,1416.0
2026-09-20 18:52:30,20260920,24,4,6-3-1,985.6
2026-09-20 18:52:30,20260920,24,4,6-3-2,1193.0
2026-09-20 18:52:30,20260920,24,4,6-3-4,871.9
2026-09-20 18:52:30,20260920,24,4,6-3-5,1162.0
2026-09-20 18:52:30,20260920,24,4,6-4-1,604.5
2026-09-20 18:52:30,20260920,24,4,6-4-2,985.6
2026-09-20 18:52:30,20260920,24,4,6-4-3,906.7
2026-09-20 18:52:30,20260920,24,4,6-4-5,719.6
2026-09-20 18:52:30,20260920,24,4,6-5-1,781.7
2026-09-20 18:52:30,20260920,24,4,6-5-2,1105.0
2026-09-20 18:52:30,20260920,24,4,6-5-3,871.9
2026-09-20 18:52:30,20260920,24,4,6-5-4,629.7
2026-09-20 18:57:49,20260920,15,9,1-2-3,7.6
2026-09-20 18:57:49,20260920,15,9,1-2-4,39.1
2026-09-20 18:57:49,20260920,15,9,1-2-5,28.2
2026-09-20 18:57:49,20260920,15,9,1-2-6,35.5
2026-09-20 18:57:49,20260920,15,9,1-3-2,6.2
2026-09-20 18:57:49,20260920,15,9,1-3-4,22.3
2026-09-20 18:57:49,20260920,15,9,1-3-5,12.6
2026-09-20 18:57:49,20260920,15,9,1-3-6,16.2
2026-09-20 18:57:49,20260920,15,9,1-4-2,64.1
2026-09-20 18:57:49,20260920,15,9,1-4-3,54.9
2026-09-20 18:57:49,20260920,15,9,1-4-5,91.1
2026-09-20 18:57:49,20260920,15,9,1-4-6,76.5
2026-09-20 18:57:49,20260920,15,9,1-5-2,59.8
2026-09-20 18:57:49,20260920,15,9,1-5-3,41.4
2026-09-20 18:57:49,20260920,15,9,1-5-4,121.4
2026-09-20 18:57:49,20260920,15,9,1-5-6,108.6
2026-09-20 18:57:49,20260920,15,9,1-6-2,62.5
2026-09-20 18:57:49,20260920,15,9,1-6-3,44.0
2026-09-20 18:57:49,20260920,15,9,1-6-4,109.2
2026-09-20 18:57:49,20260920,15,9,1-6-5,135.8
2026-09-20 18:57:49,20260920,15,9,2-1-3,39.3
2026-09-20 18:57:49,20260920,15,9,2-1-4,136.1
2026-09-20 18:57:49,20260920,15,9,2-1-5,139.0
2026-09-20 18:57:49,20260920,15,9,2-1-6,160.4
2026-09-20 18:57:49,20260920,15,9,2-3-1,53.6
2026-09-20 18:57:49,20260920,15,9,2-3-4,197.0
2026-09-20 18:57:49,20260920,15,9,2-3-5,122.9
2026-09-20 18:57:49,20260920,15,9,2-3-6,278.1
2026-09-20 18:57:49,20260920,15,9,2-4-1,274.2
2026-09-20 18:57:49,20260920,15,9,2-4-3,327.0
2026-09-20 18:57:49,20260920,15,9,2-4-5,601.1
2026-09-20 18:57:49,20260920,15,9,2-4-6,440.8
2026-09-20 18:57:49,20260920,15,9,2-5-1,227.1
2026-09-20 18:57:49,20260920,15,9,2-5-3,218.0
2026-09-20 18:57:49,20260920,15,9,2-5-4,536.1
2026-09-20 18:57:49,20260920,15,9,2-5-6,454.3
2026-09-20 18:57:49,20260920,15,9,2-6-1,354.2
2026-09-20 18:57:49,20260920,15,9,2-6-3,425.1
2026-09-20 18:57:49,20260920,15,9,2-6-4,646.9
2026-09-20 18:57:49,20260920,15,9,2-6-5,546.0
2026-09-20 18:57:49,20260920,15,9,3-1-2,18.1
2026-09-20 18:57:49,20260920,15,9,3-1-4,45.1
2026-09-20 18:57:49,20260920,15,9,3-1-5,25.7
2026-09-20 18:57:49,20260920,15,9,3-1-6,39.1
2026-09-20 18:57:49,20260920,15,9,3-2-1,38.1
2026-09-20 18:57:49,20260920,15,9,3-2-4,110.8
2026-09-20 18:57:49,20260920,15,9,3-2-5,55.8
2026-09-20 18:57:49,20260920,15,9,3-2-6,107.0
2026-09-20 18:57:49,20260920,15,9,3-4-1,117.3
2026-09-20 18:57:49,20260920,15,9,3-4-2,163.5
2026-09-20 18:57:49,20260920,15,9,3-4-5,164.4
2026-09-20 18:57:49,20260920,15,9,3-4-6,152.6
2026-09-20 18:57:49,20260920,15,9,3-5-1,66.5
2026-09-20 18:57:49,20260920,15,9,3-5-2,72.6
2026-09-20 18:57:49,20260920,15,9,3-5-4,182.5
2026-09-20 18:57:49,20260920,15,9,3-5-6,145.8
2026-09-20 18:57:49,20260920,15,9,3-6-1,102.6
2026-09-20 18:57:49,20260920,15,9,3-6-2,188.3
2026-09-20 18:57:49,20260920,15,9,3-6-4,225.4
2026-09-20 18:57:49,20260920,15,9,3-6-5,198.3
2026-09-20 18:57:49,20260920,15,9,4-1-2,237.1
2026-09-20 18:57:49,20260920,15,9,4-1-3,190.7
2026-09-20 18:57:49,20260920,15,9,4-1-5,197.0
2026-09-20 18:57:49,20260920,15,9,4-1-6,205.2
2026-09-20 18:57:49,20260920,15,9,4-2-1,360.7
2026-09-20 18:57:49,20260920,15,9,4-2-3,253.2
2026-09-20 18:57:49,20260920,15,9,4-2-5,431.2
2026-09-20 18:57:49,20260920,15,9,4-2-6,321.7
2026-09-20 18:57:49,20260920,15,9,4-3-1,222.9
2026-09-20 18:57:49,20260920,15,9,4-3-2,369.6
2026-09-20 18:57:49,20260920,15,9,4-3-5,362.9
2026-09-20 18:57:49,20260920,15,9,4-3-6,275.5
2026-09-20 18:57:49,20260920,15,9,4-5-1,273.0
2026-09-20 18:57:49,20260920,15,9,4-5-2,404.8
2026-09-20 18:57:49,20260920,15,9,4-5-3,386.4
2026-09-20 18:57:49,20260920,15,9,4-5-6,305.2
2026-09-20 18:57:49,20260920,15,9,4-6-1,338.1
2026-09-20 18:57:49,20260920,15,9,4-6-2,342.0
2026-09-20 18:57:49,20260920,15,9,4-6-3,350.1
2026-09-20 18:57:49,20260920,15,9,4-6-5,376.6
2026-09-20 18:57:49,20260920,15,9,5-1-2,234.3
2026-09-20 18:57:49,20260920,15,9,5-1-3,135.8
2026-09-20 18:57:49,20260920,15,9,5-1-4,235.2
2026-09-20 18:57:49,20260920,15,9,5-1-6,265.7
2026-09-20 18:57:49,20260920,15,9,5-2-1,346.0
2026-09-20 18:57:49,20260920,15,9,5-2-3,223.7
2026-09-20 18:57:49,20260920,15,9,5-2-4,639.9
2026-09-20 18:57:49,20260920,15,9,5-2-6,425.1
2026-09-20 18:57:49,20260920,15,9,5-3-1,152.2
2026-09-20 18:57:49,20260920,15,9,5-3-2,217.2
2026-09-20 18:57:49,20260920,15,9,5-3-4,487.8
2026-09-20 18:57:49,20260920,15,9,5-3-6,330.6
2026-09-20 18:57:49,20260920,15,9,5-4-1,464.9
2026-09-20 18:57:49,20260920,15,9,5-4-2,607.3
2026-09-20 18:57:49,20260920,15,9,5-4-3,626.5
2026-09-20 18:57:49,20260920,15,9,5-4-6,419.1
2026-09-20 18:57:49,20260920,15,9,5-6-1,639.9
2026-09-20 18:57:49,20260920,15,9,5-6-2,783.1
2026-09-20 18:57:49,20260920,15,9,5-6-3,607.3
2026-09-20 18:57:49,20260920,15,9,5-6-4,838.2
2026-09-20 18:57:49,20260920,15,9,6-1-2,171.5
2026-09-20 18:57:49,20260920,15,9,6-1-3,125.0
2026-09-20 18:57:49,20260920,15,9,6-1-4,318.2
2026-09-20 18:57:49,20260920,15,9,6-1-5,344.0
2026-09-20 18:57:49,20260920,15,9,6-2-1,350.1
2026-09-20 18:57:49,20260920,15,9,6-2-3,344.0
2026-09-20 18:57:49,20260920,15,9,6-2-4,551.0
2026-09-20 18:57:49,20260920,15,9,6-2-5,646.9
2026-09-20 18:57:49,20260920,15,9,6-3-1,154.9
2026-09-20 18:57:49,20260920,15,9,6-3-2,265.7
2026-09-20 18:57:49,20260920,15,9,6-3-4,374.3
2026-09-20 18:57:49,20260920,15,9,6-3-5,338.1
2026-09-20 18:57:49,20260920,15,9,6-4-1,619.9
2026-09-20 18:57:49,20260920,15,9,6-4-2,513.0
2026-09-20 18:57:49,20260920,15,9,6-4-3,541.0
2026-09-20 18:57:49,20260920,15,9,6-4-5,661.3
2026-09-20 18:57:49,20260920,15,9,6-5-1,753.3
2026-09-20 18:57:49,20260920,15,9,6-5-2,991.9
2026-09-20 18:57:49,20260920,15,9,6-5-3,668.7
2026-09-20 18:57:49,20260920,15,9,6-5-4,763.0
2026-09-20 19:05:40,20260920,1,9,1-2-3,13.4
2026-09-20 19:05:40,20260920,1,9,1-2-4,45.0
2026-09-20 19:05:40,20260920,1,9,1-2-5,16.4
2026-09-20 19:05:40,20260920,1,9,1-2-6,10.0
2026-09-20 19:05:40,20260920,1,9,1-3-2,25.9
2026-09-20 19:05:40,20260920,1,9,1-3-4,60.4
2026-09-20 19:05:40,20260920,1,9,1-3-5,37.5
2026-09-20 19:05:40,20260920,1,9,1-3-6,30.7
2026-09-20 19:05:40,20260920,1,9,1-4-2,69.6
2026-09-20 19:05:40,20260920,1,9,1-4-3,73.8
2026-09-20 19:05:40,20260920,1,9,1-4-5,89.0
2026-09-20 19:05:40,20260920,1,9,1-4-6,68.2
2026-09-20 19:05:40,20260920,1,9,1-5-2,33.4
2026-09-20 19:05:40,20260920,1,9,1-5-3,55.4
2026-09-20 19:05:40,20260920,1,9,1-5-4,117.6
2026-09-20 19:05:40,20260920,1,9,1-5-6,39.7
2026-09-20 19:05:40,20260920,1,9,1-6-2,15.4
2026-09-20 19:05:40,20260920,1,9,1-6-3,37.5
2026-09-20 19:05:40,20260920,1,9,1-6-4,72.1
2026-09-20 19:05:40,20260920,1,9,1-6-5,39.0
2026-09-20 19:05:40,20260920,1,9,2-1-3,29.3
2026-09-20 19:05:40,20260920,1,9,2-1-4,98.5
2026-09-20 19:05:40,20260920,1,9,2-1-5,23.5
2026-09-20 19:05:40,20260920,1,9,2-1-6,17.9
2026-09-20 19:05:40,20260920,1,9,2-3-1,99.8
2026-09-20 19:05:40,20260920,1,9,2-3-4,194.0
2026-09-20 19:05:40,20260920,1,9,2-3-5,139.6
2026-09-20 19:05:40,20260920,1,9,2-3-6,126.1
2026-09-20 19:05:40,20260920,1,9,2-4-1,210.0
2026-09-20 19:05:40,20260920,1,9,2-4-3,266.1
2026-09-20 19:05:40,20260920,1,9,2-4-5,247.9
2026-09-20 19:05:40,20260920,1,9,2-4-6,200.9
2026-09-20 19:05:40,20260920,1,9,2-5-1,104.5
2026-09-20 19:05:40,20260920,1,9,2-5-3,152.1
2026-09-20 19:05:40,20260920,1,9,2-5-4,246.7
2026-09-20 19:05:40,20260920,1,9,2-5-6,97.5
2026-09-20 19:05:40,20260920,1,9,2-6-1,53.2
2026-09-20 19:05:40,20260920,1,9,2-6-3,150.8
2026-09-20 19:05:40,20260920,1,9,2-6-4,230.0
2026-09-20 19:05:40,20260920,1,9,2-6-5,109.5
2026-09-20 19:05:40,20260920,1,9,3-1-2,84.5
2026-09-20 19:05:40,20260920,1,9,3-1-4,149.5
2026-09-20 19:05:40,20260920,1,9,3-1-5,81.9
2026-09-20 19:05:40,20260920,1,9,3-1-6,107.9
2026-09-20 19:05:40,20260920,1,9,3-2-1,141.2
2026-09-20 19:05:40,20260920,1,9,3-2-4,180.2
2026-09-20 19:05:40,20260920,1,9,3-2-5,149.0
2026-09-20 19:05:40,20260920,1,9,3-2-6,166.6
2026-09-20 19:05:40,20260920,1,9,3-4-1,297.2
2026-09-20 19:05:40,20260920,1,9,3-4-2,334.4
2026-09-20 19:05:40,20260920,1,9,3-4-5,273.2
2026-09-20 19:05:40,20260920,1,9,3-4-6,334.4
2026-09-20 19:05:40,20260920,1,9,3-5-1,155.9
2026-09-20 19:05:40,20260920,1,9,3-5-2,182.8
2026-09-20 19:05:40,20260920,1,9,3-5-4,295.5
2026-09-20 19:05:40,20260920,1,9,3-5-6,227.9
2026-09-20 19:05:40,20260920,1,9,3-6-1,163.4
2026-09-20 19:05:40,20260920,1,9,3-6-2,223.9
2026-09-20 19:05:40,20260920,1,9,3-6-4,420.1
2026-09-20 19:05:40,20260920,1,9,3-6-5,302.5
2026-09-20 19:05:40,20260920,1,9,4-1-2,144.8
2026-09-20 19:05:40,20260920,1,9,4-1-3,184.1
2026-09-20 19:05:40,20260920,1,9,4-1-5,123.3
2026-09-20 19:05:40,20260920,1,9,4-1-6,107.0
2026-09-20 19:05:40,20260920,1,9,4-2-1,254.1
2026-09-20 19:05:40,20260920,1,9,4-2-3,290.4
2026-09-20 19:05:40,20260920,1,9,4-2-5,242.0
2026-09-20 19:05:40,20260920,1,9,4-2-6,187.5
2026-09-20 19:05:40,20260920,1,9,4-3-1,330.0
2026-09-20 19:05:40,20260920,1,9,4-3-2,427.1
2026-09-20 19:05:40,20260920,1,9,4-3-5,371.0
2026-09-20 19:05:40,20260920,1,9,4-3-6,376.5
2026-09-20 19:05:40,20260920,1,9,4-5-1,135.9
2026-09-20 19:05:40,20260920,1,9,4-5-2,219.1
2026-09-20 19:05:40,20260920,1,9,4-5-3,226.9
2026-09-20 19:05:40,20260920,1,9,4-5-6,110.0
2026-09-20 19:05:40,20260920,1,9,4-6-1,145.6
2026-09-20 19:05:40,20260920,1,9,4-6-2,194.0
2026-09-20 19:05:40,20260920,1,9,4-6-3,445.9
2026-09-20 19:05:40,20260920,1,9,4-6-5,198.5
2026-09-20 19:05:40,20260920,1,9,5-1-2,96.2
2026-09-20 19:05:40,20260920,1,9,5-1-3,144.0
2026-09-20 19:05:40,20260920,1,9,5-1-4,123.3
2026-09-20 19:05:40,20260920,1,9,5-1-6,100.4
2026-09-20 19:05:40,20260920,1,9,5-2-1,165.5
2026-09-20 19:05:40,20260920,1,9,5-2-3,250.4
2026-09-20 19:05:40,20260920,1,9,5-2-4,260.6
2026-09-20 19:05:40,20260920,1,9,5-2-6,132.3
2026-09-20 19:05:40,20260920,1,9,5-3-1,249.1
2026-09-20 19:05:40,20260920,1,9,5-3-2,306.2
2026-09-20 19:05:40,20260920,1,9,5-3-4,453.8
2026-09-20 19:05:40,20260920,1,9,5-3-6,341.1
2026-09-20 19:05:40,20260920,1,9,5-4-1,168.3
2026-09-20 19:05:40,20260920,1,9,5-4-2,223.9
2026-09-20 19:05:40,20260920,1,9,5-4-3,271.8
2026-09-20 19:05:40,20260920,1,9,5-4-6,178.9
2026-09-20 19:05:40,20260920,1,9,5-6-1,144.4
2026-09-20 19:05:40,20260920,1,9,5-6-2,137.0
2026-09-20 19:05:40,20260920,1,9,5-6-3,336.6
2026-09-20 19:05:40,20260920,1,9,5-6-4,237.5
2026-09-20 19:05:40,20260920,1,9,6-1-2,46.6
2026-09-20 19:05:40,20260920,1,9,6-1-3,143.1
2026-09-20 19:05:40,20260920,1,9,6-1-4,188.9
2026-09-20 19:05:40,20260920,1,9,6-1-5,130.3
2026-09-20 19:05:40,20260920,1,9,6-2-1,68.7
2026-09-20 19:05:40,20260920,1,9,6-2-3,209.1
2026-09-20 19:05:40,20260920,1,9,6-2-4,245.5
2026-09-20 19:05:40,20260920,1,9,6-2-5,149.9
2026-09-20 19:05:40,20260920,1,9,6-3-1,315.7
2026-09-20 19:05:40,20260920,1,9,6-3-2,334.4
2026-09-20 19:05:40,20260920,1,9,6-3-4,449.8
2026-09-20 19:05:40,20260920,1,9,6-3-5,357.9
2026-09-20 19:05:40,20260920,1,9,6-4-1,321.7
2026-09-20 19:05:40,20260920,1,9,6-4-2,319.7
2026-09-20 19:05:40,20260920,1,9,6-4-3,449.8
2026-09-20 19:05:40,20260920,1,9,6-4-5,348.1
2026-09-20 19:05:40,20260920,1,9,6-5-1,192.5
2026-09-20 19:05:40,20260920,1,9,6-5-2,200.9
2026-09-20 19:05:40,20260920,1,9,6-5-3,355.4
2026-09-20 19:05:40,20260920,1,9,6-5-4,285.5
2026-09-20 19:13:30,20260920,12,10,1-2-3,7.8
2026-09-20 19:13:30,20260920,12,10,1-2-4,19.3
2026-09-20 19:13:30,20260920,12,10,1-2-5,8.8
2026-09-20 19:13:30,20260920,12,10,1-2-6,14.6
2026-09-20 19:13:30,20260920,12,10,1-3-2,27.0
2026-09-20 19:13:30,20260920,12,10,1-3-4,73.9
2026-09-20 19:13:30,20260920,12,10,1-3-5,54.8
2026-09-20 19:13:30,20260920,12,10,1-3-6,90.8
2026-09-20 19:13:30,20260920,12,10,1-4-2,54.1
2026-09-20 19:13:30,20260920,12,10,1-4-3,89.5
2026-09-20 19:13:30,20260920,12,10,1-4-5,99.3
2026-09-20 19:13:30,20260920,12,10,1-4-6,116.8
2026-09-20 19:13:30,20260920,12,10,1-5-2,35.9
2026-09-20 19:13:30,20260920,12,10,1-5-3,56.2
2026-09-20 19:13:30,20260920,12,10,1-5-4,135.9
2026-09-20 19:13:30,20260920,12,10,1-5-6,97.4
2026-09-20 19:13:30,20260920,12,10,1-6-2,48.0
2026-09-20 19:13:30,20260920,12,10,1-6-3,135.4
2026-09-20 19:13:30,20260920,12,10,1-6-4,122.9
2026-09-20 19:13:30,20260920,12,10,1-6-5,198.7
2026-09-20 19:13:30,20260920,12,10,2-1-3,14.3
2026-09-20 19:13:30,20260920,12,10,2-1-4,29.1
2026-09-20 19:13:30,20260920,12,10,2-1-5,14.8
2026-09-20 19:13:30,20260920,12,10,2-1-6,25.3
2026-09-20 19:13:30,20260920,12,10,2-3-1,36.2
2026-09-20 19:13:30,20260920,12,10,2-3-4,57.8
2026-09-20 19:13:30,20260920,12,10,2-3-5,40.4
2026-09-20 19:13:30,20260920,12,10,2-3-6,62.1
2026-09-20 19:13:30,20260920,12,10,2-4-1,73.5
2026-09-20 19:13:30,20260920,12,10,2-4-3,121.4
2026-09-20 19:13:30,20260920,12,10,2-4-5,95.8
2026-09-20 19:13:30,20260920,12,10,2-4-6,89.7
2026-09-20 19:13:30,20260920,12,10,2-5-1,45.6
2026-09-20 19:13:30,20260920,12,10,2-5-3,65.9
2026-09-20 19:13:30,20260920,12,10,2-5-4,105.4
2026-09-20 19:13:30,20260920,12,10,2-5-6,60.2
2026-09-20 19:13:30,20260920,12,10,2-6-1,91.6
2026-09-20 19:13:30,20260920,12,10,2-6-3,207.0
2026-09-20 19:13:30,20260920,12,10,2-6-4,173.7
2026-09-20 19:13:30,20260920,12,10,2-6-5,108.8
2026-09-20 19:13:30,20260920,12,10,3-1-2,80.0
2026-09-20 19:13:30,20260920,12,10,3-1-4,126.0
2026-09-20 19:13:30,20260920,12,10,3-1-5,77.4
2026-09-20 19:13:30,20260920,12,10,3-1-6,225.7
2026-09-20 19:13:30,20260920,12,10,3-2-1,102.1
2026-09-20 19:13:30,20260920,12,10,3-2-4,140.2
2026-09-20 19:13:30,20260920,12,10,3-2-5,115.4
2026-09-20 19:13:30,20260920,12,10,3-2-6,230.9
2026-09-20 19:13:30,20260920,12,10,3-4-1,249.7
2026-09-20 19:13:30,20260920,12,10,3-4-2,197.8
2026-09-20 19:13:30,20260920,12,10,3-4-5,249.7
2026-09-20 19:13:30,20260920,12,10,3-4-6,387.9
2026-09-20 19:13:30,20260920,12,10,3-5-1,189.3
2026-09-20 19:13:30,20260920,12,10,3-5-2,140.6
2026-09-20 19:13:30,20260920,12,10,3-5-4,240.7
2026-09-20 19:13:30,20260920,12,10,3-5-6,341.5
2026-09-20 19:13:30,20260920,12,10,3-6-1,570.8
2026-09-20 19:13:30,20260920,12,10,3-6-2,347.4
2026-09-20 19:13:30,20260920,12,10,3-6-4,493.3
2026-09-20 19:13:30,20260920,12,10,3-6-5,677.2
2026-09-20 19:13:30,20260920,12,10,4-1-2,144.7
2026-09-20 19:13:30,20260920,12,10,4-1-3,190.2
2026-09-20 19:13:30,20260920,12,10,4-1-5,165.1
2026-09-20 19:13:30,20260920,12,10,4-1-6,225.7
2026-09-20 19:13:30,20260920,12,10,4-2-1,179.9
2026-09-20 19:13:30,20260920,12,10,4-2-3,211.4
2026-09-20 19:13:30,20260920,12,10,4-2-5,191.1
2026-09-20 19:13:30,20260920,12,10,4-2-6,176.8
2026-09-20 19:13:30,20260920,12,10,4-3-1,277.4
2026-09-20 19:13:30,20260920,12,10,4-3-2,376.9
2026-09-20 19:13:30,20260920,12,10,4-3-5,330.2
2026-09-20 19:13:30,20260920,12,10,4-3-6,532.7
2026-09-20 19:13:30,20260920,12,10,4-5-1,254.5
2026-09-20 19:13:30,20260920,12,10,4-5-2,235.0
2026-09-20 19:13:30,20260920,12,10,4-5-3,307.3
2026-09-20 19:13:30,20260920,12,10,4-5-6,256.1
2026-09-20 19:13:30,20260920,12,10,4-6-1,366.5
2026-09-20 19:13:30,20260920,12,10,4-6-2,229.6
2026-09-20 19:13:30,20260920,12,10,4-6-3,539.9
2026-09-20 19:13:30,20260920,12,10,4-6-5,425.0
2026-09-20 19:13:30,20260920,12,10,5-1-2,117.1
2026-09-20 19:13:30,20260920,12,10,5-1-3,174.4
2026-09-20 19:13:30,20260920,12,10,5-1-4,217.1
2026-09-20 19:13:30,20260920,12,10,5-1-6,208.1
2026-09-20 19:13:30,20260920,12,10,5-2-1,131.0
2026-09-20 19:13:30,20260920,12,10,5-2-3,190.2
2026-09-20 19:13:30,20260920,12,10,5-2-4,275.5
2026-09-20 19:13:30,20260920,12,10,5-2-6,168.6
2026-09-20 19:13:30,20260920,12,10,5-3-1,338.6
2026-09-20 19:13:30,20260920,12,10,5-3-2,283.3
2026-09-20 19:13:30,20260920,12,10,5-3-4,425.0
2026-09-20 19:13:30,20260920,12,10,5-3-6,470.1
2026-09-20 19:13:30,20260920,12,10,5-4-1,302.7
2026-09-20 19:13:30,20260920,12,10,5-4-2,317.1
2026-09-20 19:13:30,20260920,12,10,5-4-3,399.5
2026-09-20 19:13:30,20260920,12,10,5-4-6,314.6
2026-09-20 19:13:30,20260920,12,10,5-6-1,380.5
2026-09-20 19:13:30,20260920,12,10,5-6-2,266.3
2026-09-20 19:13:30,20260920,12,10,5-6-3,579.1
2026-09-20 19:13:30,20260920,12,10,5-6-4,587.6
2026-09-20 19:13:30,20260920,12,10,6-1-2,230.9
2026-09-20 19:13:30,20260920,12,10,6-1-3,850.1
2026-09-20 19:13:30,20260920,12,10,6-1-4,665.9
2026-09-20 19:13:30,20260920,12,10,6-1-5,1024.0
2026-09-20 19:13:30,20260920,12,10,6-2-1,287.4
2026-09-20 19:13:30,20260920,12,10,6-2-3,518.9
2026-09-20 19:13:30,20260920,12,10,6-2-4,425.0
2026-09-20 19:13:30,20260920,12,10,6-2-5,341.5
2026-09-20 19:13:30,20260920,12,10,6-3-1,815.4
2026-09-20 19:13:30,20260920,12,10,6-3-2,768.4
2026-09-20 19:13:30,20260920,12,10,6-3-4,815.4
2026-09-20 19:13:30,20260920,12,10,6-3-5,951.3
2026-09-20 19:13:30,20260920,12,10,6-4-1,974.5
2026-09-20 19:13:30,20260920,12,10,6-4-2,448.9
2026-09-20 19:13:30,20260920,12,10,6-4-3,799.1
2026-09-20 19:13:30,20260920,12,10,6-4-5,832.4
2026-09-20 19:13:30,20260920,12,10,6-5-1,783.5
2026-09-20 19:13:30,20260920,12,10,6-5-2,434.3
2026-09-20 19:13:30,20260920,12,10,6-5-3,929.2
2026-09-20 19:13:30,20260920,12,10,6-5-4,614.7
2026-09-20 19:18:50,20260920,24,5,1-2-3,13.5
2026-09-20 19:18:50,20260920,24,5,1-2-4,16.2
2026-09-20 19:18:50,20260920,24,5,1-2-5,30.5
2026-09-20 19:18:50,20260920,24,5,1-2-6,26.8
2026-09-20 19:18:50,20260920,24,5,1-3-2,15.3
2026-09-20 19:18:50,20260920,24,5,1-3-4,13.1
2026-09-20 19:18:50,20260920,24,5,1-3-5,21.7
2026-09-20 19:18:50,20260920,24,5,1-3-6,21.0
2026-09-20 19:18:50,20260920,24,5,1-4-2,18.7
2026-09-20 19:18:50,20260920,24,5,1-4-3,19.8
2026-09-20 19:18:50,20260920,24,5,1-4-5,22.6
2026-09-20 19:18:50,20260920,24,5,1-4-6,15.2
2026-09-20 19:18:50,20260920,24,5,1-5-2,46.7
2026-09-20 19:18:50,20260920,24,5,1-5-3,50.7
2026-09-20 19:18:50,20260920,24,5,1-5-4,44.7
2026-09-20 19:18:50,20260920,24,5,1-5-6,33.1
2026-09-20 19:18:50,20260920,24,5,1-6-2,35.4
2026-09-20 19:18:50,20260920,24,5,1-6-3,47.2
2026-09-20 19:18:50,20260920,24,5,1-6-4,28.9
2026-09-20 19:18:50,20260920,24,5,1-6-5,45.9
2026-09-20 19:18:50,20260920,24,5,2-1-3,64.7
2026-09-20 19:18:50,20260920,24,5,2-1-4,71.9
2026-09-20 19:18:50,20260920,24,5,2-1-5,147.8
2026-09-20 19:18:50,20260920,24,5,2-1-6,116.9
2026-09-20 19:18:50,20260920,24,5,2-3-1,124.2
2026-09-20 19:18:50,20260920,24,5,2-3-4,188.7
2026-09-20 19:18:50,20260920,24,5,2-3-5,291.9
2026-09-20 19:18:50,20260920,24,5,2-3-6,325.3
2026-09-20 19:18:50,20260920,24,5,2-4-1,162.6
2026-09-20 19:18:50,20260920,24,5,2-4-3,191.9
2026-09-20 19:18:50,20260920,24,5,2-4-5,284.6
2026-09-20 19:18:50,20260920,24,5,2-4-6,200.9
2026-09-20 19:18:50,20260920,24,5,2-5-1,224.7
2026-09-20 19:18:50,20260920,24,5,2-5-3,379.5
2026-09-20 19:18:50,20260920,24,5,2-5-4,432.4
2026-09-20 19:18:50,20260920,24,5,2-5-6,328.4
2026-09-20 19:18:50,20260920,24,5,2-6-1,299.6
2026-09-20 19:18:50,20260920,24,5,2-6-3,437.9
2026-09-20 19:18:50,20260920,24,5,2-6-4,443.6
2026-09-20 19:18:50,20260920,24,5,2-6-5,488.0
2026-09-20 19:18:50,20260920,24,5,3-1-2,72.3
2026-09-20 19:18:50,20260920,24,5,3-1-4,75.7
2026-09-20 19:18:50,20260920,24,5,3-1-5,85.1
2026-09-20 19:18:50,20260920,24,5,3-1-6,91.3
2026-09-20 19:18:50,20260920,24,5,3-2-1,135.5
2026-09-20 19:18:50,20260920,24,5,3-2-4,157.4
2026-09-20 19:18:50,20260920,24,5,3-2-5,204.5
2026-09-20 19:18:50,20260920,24,5,3-2-6,232.3
2026-09-20 19:18:50,20260920,24,5,3-4-1,153.1
2026-09-20 19:18:50,20260920,24,5,3-4-2,226.2
2026-09-20 19:18:50,20260920,24,5,3-4-5,319.2
2026-09-20 19:18:50,20260920,24,5,3-4-6,268.9
2026-09-20 19:18:50,20260920,24,5,3-5-1,230.8
2026-09-20 19:18:50,20260920,24,5,3-5-2,331.6
2026-09-20 19:18:50,20260920,24,5,3-5-4,375.4
2026-09-20 19:18:50,20260920,24,5,3-5-6,268.9
2026-09-20 19:18:50,20260920,24,5,3-6-1,207.0
2026-09-20 19:18:50,20260920,24,5,3-6-2,432.4
2026-09-20 19:18:50,20260920,24,5,3-6-4,443.6
2026-09-20 19:18:50,20260920,24,5,3-6-5,328.4
2026-09-20 19:18:50,20260920,24,5,4-1-2,97.3
2026-09-20 19:18:50,20260920,24,5,4-1-3,97.0
2026-09-20 19:18:50,20260920,24,5,4-1-5,87.8
2026-09-20 19:18:50,20260920,24,5,4-1-6,78.7
2026-09-20 19:18:50,20260920,24,5,4-2-1,230.8
2026-09-20 19:18:50,20260920,24,5,4-2-3,188.7
2026-09-20 19:18:50,20260920,24,5,4-2-5,345.0
2026-09-20 19:18:50,20260920,24,5,4-2-6,268.9
2026-09-20 19:18:50,20260920,24,5,4-3-1,174.2
2026-09-20 19:18:50,20260920,24,5,4-3-2,375.4
2026-09-20 19:18:50,20260920,24,5,4-3-5,461.6
2026-09-20 19:18:50,20260920,24,5,4-3-6,348.5
2026-09-20 19:18:50,20260920,24,5,4-5-1,133.9
2026-09-20 19:18:50,20260920,24,5,4-5-2,254.9
2026-09-20 19:18:50,20260920,24,5,4-5-3,229.2
2026-09-20 19:18:50,20260920,24,5,4-5-6,119.8
2026-09-20 19:18:50,20260920,24,5,4-6-1,137.1
2026-09-20 19:18:50,20260920,24,5,4-6-2,249.3
2026-09-20 19:18:50,20260920,24,5,4-6-3,406.6
2026-09-20 19:18:50,20260920,24,5,4-6-5,175.1
2026-09-20 19:18:50,20260920,24,5,5-1-2,177.9
2026-09-20 19:18:50,20260920,24,5,5-1-3,174.2
2026-09-20 19:18:50,20260920,24,5,5-1-4,162.6
2026-09-20 19:18:50,20260920,24,5,5-1-6,121.5
2026-09-20 19:18:50,20260920,24,5,5-2-1,338.2
2026-09-20 19:18:50,20260920,24,5,5-2-3,297.0
2026-09-20 19:18:50,20260920,24,5,5-2-4,282.3
2026-09-20 19:18:50,20260920,24,5,5-2-6,287.0
2026-09-20 19:18:50,20260920,24,5,5-3-1,294.5
2026-09-20 19:18:50,20260920,24,5,5-3-2,461.6
2026-09-20 19:18:50,20260920,24,5,5-3-4,759.1
2026-09-20 19:18:50,20260920,24,5,5-3-6,383.8
2026-09-20 19:18:50,20260920,24,5,5-4-1,212.1
2026-09-20 19:18:50,20260920,24,5,5-4-2,322.2
2026-09-20 19:18:50,20260920,24,5,5-4-3,331.6
2026-09-20 19:18:50,20260920,24,5,5-4-6,193.0
2026-09-20 19:18:50,20260920,24,5,5-6-1,205.7
2026-09-20 19:18:50,20260920,24,5,5-6-2,359.6
2026-09-20 19:18:50,20260920,24,5,5-6-3,316.3
2026-09-20 19:18:50,20260920,24,5,5-6-4,284.6
2026-09-20 19:18:50,20260920,24,5,6-1-2,220.4
2026-09-20 19:18:50,20260920,24,5,6-1-3,161.9
2026-09-20 19:18:50,20260920,24,5,6-1-4,193.0
2026-09-20 19:18:50,20260920,24,5,6-1-5,245.7
2026-09-20 19:18:50,20260920,24,5,6-2-1,348.5
2026-09-20 19:18:50,20260920,24,5,6-2-3,406.6
2026-09-20 19:18:50,20260920,24,5,6-2-4,421.7
2026-09-20 19:18:50,20260920,24,5,6-2-5,683.2
2026-09-20 19:18:50,20260920,24,5,6-3-1,210.8
2026-09-20 19:18:50,20260920,24,5,6-3-2,551.0
2026-09-20 19:18:50,20260920,24,5,6-3-4,551.0
2026-09-20 19:18:50,20260920,24,5,6-3-5,509.8
2026-09-20 19:18:50,20260920,24,5,6-4-1,251.1
2026-09-20 19:18:50,20260920,24,5,6-4-2,461.6
2026-09-20 19:18:50,20260920,24,5,6-4-3,449.5
2026-09-20 19:18:50,20260920,24,5,6-4-5,383.8
2026-09-20 19:18:50,20260920,24,5,6-5-1,289.5
2026-09-20 19:18:50,20260920,24,5,6-5-2,610.0
2026-09-20 19:18:50,20260920,24,5,6-5-3,449.5
2026-09-20 19:18:50,20260920,24,5,6-5-4,341.6
2026-09-20 19:26:43,20260920,15,10,1-2-3,9.1
2026-09-20 19:26:43,20260920,15,10,1-2-4,26.2
2026-09-20 19:26:43,20260920,15,10,1-2-5,32.3
2026-09-20 19:26:43,20260920,15,10,1-2-6,35.0
2026-09-20 19:26:43,20260920,15,10,1-3-2,7.9
2026-09-20 19:26:43,20260920,15,10,1-3-4,10.0
2026-09-20 19:26:43,20260920,15,10,1-3-5,12.8
2026-09-20 19:26:43,20260920,15,10,1-3-6,14.9
2026-09-20 19:26:43,20260920,15,10,1-4-2,47.7
2026-09-20 19:26:43,20260920,15,10,1-4-3,29.3
2026-09-20 19:26:43,20260920,15,10,1-4-5,62.5
2026-09-20 19:26:43,20260920,15,10,1-4-6,53.6
2026-09-20 19:26:43,20260920,15,10,1-5-2,60.4
2026-09-20 19:26:43,20260920,15,10,1-5-3,39.6
2026-09-20 19:26:43,20260920,15,10,1-5-4,95.7
2026-09-20 19:26:43,20260920,15,10,1-5-6,80.5
2026-09-20 19:26:43,20260920,15,10,1-6-2,77.6
2026-09-20 19:26:43,20260920,15,10,1-6-3,53.6
2026-09-20 19:26:43,20260920,15,10,1-6-4,97.7
2026-09-20 19:26:43,20260920,15,10,1-6-5,140.0
2026-09-20 19:26:43,20260920,15,10,2-1-3,58.6
2026-09-20 19:26:43,20260920,15,10,2-1-4,119.6
2026-09-20 19:26:43,20260920,15,10,2-1-5,168.6
2026-09-20 19:26:43,20260920,15,10,2-1-6,168.6
2026-09-20 19:26:43,20260920,15,10,2-3-1,101.9
2026-09-20 19:26:43,20260920,15,10,2-3-4,236.9
2026-09-20 19:26:43,20260920,15,10,2-3-5,209.0
2026-09-20 19:26:43,20260920,15,10,2-3-6,398.1
2026-09-20 19:26:43,20260920,15,10,2-4-1,291.1
2026-09-20 19:26:43,20260920,15,10,2-4-3,303.2
2026-09-20 19:26:43,20260920,15,10,2-4-5,433.5
2026-09-20 19:26:43,20260920,15,10,2-4-6,412.1
2026-09-20 19:26:43,20260920,15,10,2-5-1,326.9
2026-09-20 19:26:43,20260920,15,10,2-5-3,382.5
2026-09-20 19:26:43,20260920,15,10,2-5-4,500.2
2026-09-20 19:26:43,20260920,15,10,2-5-6,500.2
2026-09-20 19:26:43,20260920,15,10,2-6-1,382.5
2026-09-20 19:26:43,20260920,15,10,2-6-3,562.7
2026-09-20 19:26:43,20260920,15,10,2-6-4,622.6
2026-09-20 19:26:43,20260920,15,10,2-6-5,688.5
2026-09-20 19:26:43,20260920,15,10,3-1-2,27.1
2026-09-20 19:26:43,20260920,15,10,3-1-4,26.4
2026-09-20 19:26:43,20260920,15,10,3-1-5,25.8
2026-09-20 19:26:43,20260920,15,10,3-1-6,35.4
2026-09-20 19:26:43,20260920,15,10,3-2-1,69.8
2026-09-20 19:26:43,20260920,15,10,3-2-4,99.3
2026-09-20 19:26:43,20260920,15,10,3-2-5,133.0
2026-09-20 19:26:43,20260920,15,10,3-2-6,142.0
2026-09-20 19:26:43,20260920,15,10,3-4-1,63.9
2026-09-20 19:26:43,20260920,15,10,3-4-2,125.8
2026-09-20 19:26:43,20260920,15,10,3-4-5,91.8
2026-09-20 19:26:43,20260920,15,10,3-4-6,62.7
2026-09-20 19:26:43,20260920,15,10,3-5-1,107.9
2026-09-20 19:26:43,20260920,15,10,3-5-2,186.9
2026-09-20 19:26:43,20260920,15,10,3-5-4,145.2
2026-09-20 19:26:43,20260920,15,10,3-5-6,121.4
2026-09-20 19:26:43,20260920,15,10,3-6-1,103.7
2026-09-20 19:26:43,20260920,15,10,3-6-2,210.5
2026-09-20 19:26:43,20260920,15,10,3-6-4,119.2
2026-09-20 19:26:43,20260920,15,10,3-6-5,122.4
2026-09-20 19:26:43,20260920,15,10,4-1-2,182.3
2026-09-20 19:26:43,20260920,15,10,4-1-3,133.9
2026-09-20 19:26:43,20260920,15,10,4-1-5,178.9
2026-09-20 19:26:43,20260920,15,10,4-1-6,227.7
2026-09-20 19:26:43,20260920,15,10,4-2-1,312.9
2026-09-20 19:26:43,20260920,15,10,4-2-3,273.5
2026-09-20 19:26:43,20260920,15,10,4-2-5,398.1
2026-09-20 19:26:43,20260920,15,10,4-2-6,406.4
2026-09-20 19:26:43,20260920,15,10,4-3-1,152.8
2026-09-20 19:26:43,20260920,15,10,4-3-2,325.1
2026-09-20 19:26:43,20260920,15,10,4-3-5,233.1
2026-09-20 19:26:43,20260920,15,10,4-3-6,174.7
2026-09-20 19:26:43,20260920,15,10,4-5-1,338.3
2026-09-20 19:26:43,20260920,15,10,4-5-2,464.5
2026-09-20 19:26:43,20260920,15,10,4-5-3,368.1
2026-09-20 19:26:43,20260920,15,10,4-5-6,332.5
2026-09-20 19:26:43,20260920,15,10,4-6-1,377.6
2026-09-20 19:26:43,20260920,15,10,4-6-2,418.0
2026-09-20 19:26:43,20260920,15,10,4-6-3,352.5
2026-09-20 19:26:43,20260920,15,10,4-6-5,406.4
2026-09-20 19:26:43,20260920,15,10,5-1-2,229.5
2026-09-20 19:26:43,20260920,15,10,5-1-3,169.1
2026-09-20 19:26:43,20260920,15,10,5-1-4,230.4
2026-09-20 19:26:43,20260920,15,10,5-1-6,219.2
2026-09-20 19:26:43,20260920,15,10,5-2-1,368.1
2026-09-20 19:26:43,20260920,15,10,5-2-3,395.4
2026-09-20 19:26:43,20260920,15,10,5-2-4,517.9
2026-09-20 19:26:43,20260920,15,10,5-2-6,483.7
2026-09-20 19:26:43,20260920,15,10,5-3-1,233.1
2026-09-20 19:26:43,20260920,15,10,5-3-2,527.2
2026-09-20 19:26:43,20260920,15,10,5-3-4,415.1
2026-09-20 19:26:43,20260920,15,10,5-3-6,239.8
2026-09-20 19:26:43,20260920,15,10,5-4-1,430.3
2026-09-20 19:26:43,20260920,15,10,5-4-2,629.3
2026-09-20 19:26:43,20260920,15,10,5-4-3,479.7
2026-09-20 19:26:43,20260920,15,10,5-4-6,372.7
2026-09-20 19:26:43,20260920,15,10,5-6-1,491.8
2026-09-20 19:26:43,20260920,15,10,5-6-2,579.4
2026-09-20 19:26:43,20260920,15,10,5-6-3,321.5
2026-09-20 19:26:43,20260920,15,10,5-6-4,552.1
2026-09-20 19:26:43,20260920,15,10,6-1-2,306.4
2026-09-20 19:26:43,20260920,15,10,6-1-3,301.6
2026-09-20 19:26:43,20260920,15,10,6-1-4,536.9
2026-09-20 19:26:43,20260920,15,10,6-1-5,603.3
2026-09-20 19:26:43,20260920,15,10,6-2-1,597.2
2026-09-20 19:26:43,20260920,15,10,6-2-3,900.4
2026-09-20 19:26:43,20260920,15,10,6-2-4,705.1
2026-09-20 19:26:43,20260920,15,10,6-2-5,959.4
2026-09-20 19:26:43,20260920,15,10,6-3-1,263.6
2026-09-20 19:26:43,20260920,15,10,6-3-2,696.7
2026-09-20 19:26:43,20260920,15,10,6-3-4,372.7
2026-09-20 19:26:43,20260920,15,10,6-3-5,285.5
2026-09-20 19:26:43,20260920,15,10,6-4-1,790.9
2026-09-20 19:26:43,20260920,15,10,6-4-2,650.3
2026-09-20 19:26:43,20260920,15,10,6-4-3,557.4
2026-09-20 19:26:43,20260920,15,10,6-4-5,688.5
2026-09-20 19:26:43,20260920,15,10,6-5-1,705.1
2026-09-20 19:26:43,20260920,15,10,6-5-2,801.7
2026-09-20 19:26:43,20260920,15,10,6-5-3,387.6
2026-09-20 19:26:43,20260920,15,10,6-5-4,568.2
2026-09-20 19:37:06,20260920,1,10,1-2-3,6.4
2026-09-20 19:37:06,20260920,1,10,1-2-4,11.4
2026-09-20 19:37:06,20260920,1,10,1-2-5,11.6
2026-09-20 19:37:06,20260920,1,10,1-2-6,107.3
2026-09-20 19:37:06,20260920,1,10,1-3-2,9.8
2026-09-20 19:37:06,20260920,1,10,1-3-4,18.1
2026-09-20 19:37:06,20260920,1,10,1-3-5,25.2
2026-09-20 19:37:06,20260920,1,10,1-3-6,163.1
2026-09-20 19:37:06,20260920,1,10,1-4-2,27.3
2026-09-20 19:37:06,20260920,1,10,1-4-3,38.0
2026-09-20 19:37:06,20260920,1,10,1-4-5,57.9
2026-09-20 19:37:06,20260920,1,10,1-4-6,225.8
2026-09-20 19:37:06,20260920,1,10,1-5-2,25.8
2026-09-20 19:37:06,20260920,1,10,1-5-3,38.3
2026-09-20 19:37:06,20260920,1,10,1-5-4,64.1
2026-09-20 19:37:06,20260920,1,10,1-5-6,221.4
2026-09-20 19:37:06,20260920,1,10,1-6-2,198.7
2026-09-20 19:37:06,20260920,1,10,1-6-3,423.3
2026-09-20 19:37:06,20260920,1,10,1-6-4,326.2
2026-09-20 19:37:06,20260920,1,10,1-6-5,469.2
2026-09-20 19:37:06,20260920,1,10,2-1-3,21.7
2026-09-20 19:37:06,20260920,1,10,2-1-4,31.0
2026-09-20 19:37:06,20260920,1,10,2-1-5,28.4
2026-09-20 19:37:06,20260920,1,10,2-1-6,246.0
2026-09-20 19:37:06,20260920,1,10,2-3-1,43.7
2026-09-20 19:37:06,20260920,1,10,2-3-4,85.0
2026-09-20 19:37:06,20260920,1,10,2-3-5,90.1
2026-09-20 19:37:06,20260920,1,10,2-3-6,450.6
2026-09-20 19:37:06,20260920,1,10,2-4-1,79.9
2026-09-20 19:37:06,20260920,1,10,2-4-3,123.5
2026-09-20 19:37:06,20260920,1,10,2-4-5,142.0
2026-09-20 19:37:06,20260920,1,10,2-4-6,476.5
2026-09-20 19:37:06,20260920,1,10,2-5-1,60.0
2026-09-20 19:37:06,20260920,1,10,2-5-3,116.1
2026-09-20 19:37:06,20260920,1,10,2-5-4,148.9
2026-09-20 19:37:06,20260920,1,10,2-5-6,452.8
2026-09-20 19:37:06,20260920,1,10,2-6-1,679.3
2026-09-20 19:37:06,20260920,1,10,2-6-3,858.7
2026-09-20 19:37:06,20260920,1,10,2-6-4,919.4
2026-09-20 19:37:06,20260920,1,10,2-6-5,901.2
2026-09-20 19:37:06,20260920,1,10,3-1-2,34.9
2026-09-20 19:37:06,20260920,1,10,3-1-4,52.3
2026-09-20 19:37:06,20260920,1,10,3-1-5,63.1
2026-09-20 19:37:06,20260920,1,10,3-1-6,303.4
2026-09-20 19:37:06,20260920,1,10,3-2-1,59.1
2026-09-20 19:37:06,20260920,1,10,3-2-4,102.8
2026-09-20 19:37:06,20260920,1,10,3-2-5,107.0
2026-09-20 19:37:06,20260920,1,10,3-2-6,464.4
2026-09-20 19:37:06,20260920,1,10,3-4-1,109.6
2026-09-20 19:37:06,20260920,1,10,3-4-2,162.5
2026-09-20 19:37:06,20260920,1,10,3-4-5,178.1
2026-09-20 19:37:06,20260920,1,10,3-4-6,576.1
2026-09-20 19:37:06,20260920,1,10,3-5-1,120.2
2026-09-20 19:37:06,20260920,1,10,3-5-2,138.7
2026-09-20 19:37:06,20260920,1,10,3-5-4,203.1
2026-09-20 19:37:06,20260920,1,10,3-5-6,429.3
2026-09-20 19:37:06,20260920,1,10,3-6-1,740.0
2026-09-20 19:37:06,20260920,1,10,3-6-2,958.1
2026-09-20 19:37:06,20260920,1,10,3-6-4,805.5
2026-09-20 19:37:06,20260920,1,10,3-6-5,858.7
2026-09-20 19:37:06,20260920,1,10,4-1-2,85.9
2026-09-20 19:37:06,20260920,1,10,4-1-3,147.5
2026-09-20 19:37:06,20260920,1,10,4-1-5,122.0
2026-09-20 19:37:06,20260920,1,10,4-1-6,288.9
2026-09-20 19:37:06,20260920,1,10,4-2-1,121.5
2026-09-20 19:37:06,20260920,1,10,4-2-3,200.9
2026-09-20 19:37:06,20260920,1,10,4-2-5,221.4
2026-09-20 19:37:06,20260920,1,10,4-2-6,402.7
2026-09-20 19:37:06,20260920,1,10,4-3-1,240.1
2026-09-20 19:37:06,20260920,1,10,4-3-2,274.1
2026-09-20 19:37:06,20260920,1,10,4-3-5,319.3
2026-09-20 19:37:06,20260920,1,10,4-3-6,734.0
2026-09-20 19:37:06,20260920,1,10,4-5-1,126.7
2026-09-20 19:37:06,20260920,1,10,4-5-2,169.1
2026-09-20 19:37:06,20260920,1,10,4-5-3,216.7
2026-09-20 19:37:06,20260920,1,10,4-5-6,263.8
2026-09-20 19:37:06,20260920,1,10,4-6-1,523.1
2026-09-20 19:37:06,20260920,1,10,4-6-2,632.1
2026-09-20 19:37:06,20260920,1,10,4-6-3,1152.0
2026-09-20 19:37:06,20260920,1,10,4-6-5,679.3
2026-09-20 19:37:06,20260920,1,10,5-1-2,50.7
2026-09-20 19:37:06,20260920,1,10,5-1-3,95.6
2026-09-20 19:37:06,20260920,1,10,5-1-4,109.2
2026-09-20 19:37:06,20260920,1,10,5-1-6,228.7
2026-09-20 19:37:06,20260920,1,10,5-2-1,69.8
2026-09-20 19:37:06,20260920,1,10,5-2-3,146.8
2026-09-20 19:37:06,20260920,1,10,5-2-4,195.7
2026-09-20 19:37:06,20260920,1,10,5-2-6,399.2
2026-09-20 19:37:06,20260920,1,10,5-3-1,147.7
2026-09-20 19:37:06,20260920,1,10,5-3-2,193.2
2026-09-20 19:37:06,20260920,1,10,5-3-4,277.5
2026-09-20 19:37:06,20260920,1,10,5-3-6,500.1
2026-09-20 19:37:06,20260920,1,10,5-4-1,169.5
2026-09-20 19:37:06,20260920,1,10,5-4-2,232.8
2026-09-20 19:37:06,20260920,1,10,5-4-3,264.6
2026-09-20 19:37:06,20260920,1,10,5-4-6,358.3
2026-09-20 19:37:06,20260920,1,10,5-6-1,591.0
2026-09-20 19:37:06,20260920,1,10,5-6-2,645.5
2026-09-20 19:37:06,20260920,1,10,5-6-3,722.4
2026-09-20 19:37:06,20260920,1,10,5-6-4,684.4
2026-09-20 19:37:06,20260920,1,10,6-1-2,623.4
2026-09-20 19:37:06,20260920,1,10,6-1-3,1058.0
2026-09-20 19:37:06,20260920,1,10,6-1-4,734.0
2026-09-20 19:37:06,20260920,1,10,6-1-5,1110.0
2026-09-20 19:37:06,20260920,1,10,6-2-1,1000.0
2026-09-20 19:37:06,20260920,1,10,6-2-3,968.3
2026-09-20 19:37:06,20260920,1,10,6-2-4,1070.0
2026-09-20 19:37:06,20260920,1,10,6-2-5,1137.0
2026-09-20 19:37:06,20260920,1,10,6-3-1,1517.0
2026-09-20 19:37:06,20260920,1,10,6-3-2,1319.0
2026-09-20 19:37:06,20260920,1,10,6-3-4,1282.0
2026-09-20 19:37:06,20260920,1,10,6-3-5,1422.0
2026-09-20 19:37:06,20260920,1,10,6-4-1,1137.0
2026-09-20 19:37:06,20260920,1,10,6-4-2,1096.0
2026-09-20 19:37:06,20260920,1,10,6-4-3,1685.0
2026-09-20 19:37:06,20260920,1,10,6-4-5,1517.0
2026-09-20 19:37:06,20260920,1,10,6-5-1,1282.0
2026-09-20 19:37:06,20260920,1,10,6-5-2,1152.0
2026-09-20 19:37:06,20260920,1,10,6-5-3,1358.0
2026-09-20 19:37:06,20260920,1,10,6-5-4,835.1
2026-09-20 19:44:58,20260920,24,6,1-2-3,9.4
2026-09-20 19:44:58,20260920,24,6,1-2-4,27.2
2026-09-20 19:44:58,20260920,24,6,1-2-5,57.8
2026-09-20 19:44:58,20260920,24,6,1-2-6,37.0
2026-09-20 19:44:58,20260920,24,6,1-3-2,7.9
2026-09-20 19:44:58,20260920,24,6,1-3-4,4.0
2026-09-20 19:44:58,20260920,24,6,1-3-5,29.8
2026-09-20 19:44:58,20260920,24,6,1-3-6,11.3
2026-09-20 19:44:58,20260920,24,6,1-4-2,31.0
2026-09-20 19:44:58,20260920,24,6,1-4-3,13.9
2026-09-20 19:44:58,20260920,24,6,1-4-5,74.9
2026-09-20 19:44:58,20260920,24,6,1-4-6,32.1
2026-09-20 19:44:58,20260920,24,6,1-5-2,131.4
2026-09-20 19:44:58,20260920,24,6,1-5-3,91.4
2026-09-20 19:44:58,20260920,24,6,1-5-4,133.4
2026-09-20 19:44:58,20260920,24,6,1-5-6,127.2
2026-09-20 19:44:58,20260920,24,6,1-6-2,58.4
2026-09-20 19:44:58,20260920,24,6,1-6-3,33.6
2026-09-20 19:44:58,20260920,24,6,1-6-4,54.7
2026-09-20 19:44:58,20260920,24,6,1-6-5,139.7
2026-09-20 19:44:58,20260920,24,6,2-1-3,142.5
2026-09-20 19:44:58,20260920,24,6,2-1-4,121.2
2026-09-20 19:44:58,20260920,24,6,2-1-5,288.4
2026-09-20 19:44:58,20260920,24,6,2-1-6,261.0
2026-09-20 19:44:58,20260920,24,6,2-3-1,261.0
2026-09-20 19:44:58,20260920,24,6,2-3-4,328.1
2026-09-20 19:44:58,20260920,24,6,2-3-5,406.4
2026-09-20 19:44:58,20260920,24,6,2-3-6,701.3
2026-09-20 19:44:58,20260920,24,6,2-4-1,290.7
2026-09-20 19:44:58,20260920,24,6,2-4-3,275.1
2026-09-20 19:44:58,20260920,24,6,2-4-5,464.5
2026-09-20 19:44:58,20260920,24,6,2-4-6,313.7
2026-09-20 19:44:58,20260920,24,6,2-5-1,293.1
2026-09-20 19:44:58,20260920,24,6,2-5-3,476.9
2026-09-20 19:44:58,20260920,24,6,2-5-4,533.8
2026-09-20 19:44:58,20260920,24,6,2-5-6,452.7
2026-09-20 19:44:58,20260920,24,6,2-6-1,567.7
2026-09-20 19:44:58,20260920,24,6,2-6-3,701.3
2026-09-20 19:44:58,20260920,24,6,2-6-4,745.1
2026-09-20 19:44:58,20260920,24,6,2-6-5,917.1
2026-09-20 19:44:58,20260920,24,6,3-1-2,48.2
2026-09-20 19:44:58,20260920,24,6,3-1-4,25.4
2026-09-20 19:44:58,20260920,24,6,3-1-5,71.1
2026-09-20 19:44:58,20260920,24,6,3-1-6,46.0
2026-09-20 19:44:58,20260920,24,6,3-2-1,193.3
2026-09-20 19:44:58,20260920,24,6,3-2-4,131.0
2026-09-20 19:44:58,20260920,24,6,3-2-5,261.0
2026-09-20 19:44:58,20260920,24,6,3-2-6,343.9
2026-09-20 19:44:58,20260920,24,6,3-4-1,82.9
2026-09-20 19:44:58,20260920,24,6,3-4-2,167.9
2026-09-20 19:44:58,20260920,24,6,3-4-5,227.8
2026-09-20 19:44:58,20260920,24,6,3-4-6,181.5
2026-09-20 19:44:58,20260920,24,6,3-5-1,268.9
2026-09-20 19:44:58,20260920,24,6,3-5-2,384.5
2026-09-20 19:44:58,20260920,24,6,3-5-4,425.8
2026-09-20 19:44:58,20260920,24,6,3-5-6,447.0
2026-09-20 19:44:58,20260920,24,6,3-6-1,174.4
2026-09-20 19:44:58,20260920,24,6,3-6-2,550.2
2026-09-20 19:44:58,20260920,24,6,3-6-4,288.4
2026-09-20 19:44:58,20260920,24,6,3-6-5,503.7
2026-09-20 19:44:58,20260920,24,6,4-1-2,156.1
2026-09-20 19:44:58,20260920,24,6,4-1-3,101.3
2026-09-20 19:44:58,20260920,24,6,4-1-5,160.3
2026-09-20 19:44:58,20260920,24,6,4-1-6,165.5
2026-09-20 19:44:58,20260920,24,6,4-2-1,464.5
2026-09-20 19:44:58,20260920,24,6,4-2-3,227.8
2026-09-20 19:44:58,20260920,24,6,4-2-5,464.5
2026-09-20 19:44:58,20260920,24,6,4-2-6,436.1
2026-09-20 19:44:58,20260920,24,6,4-3-1,152.8
2026-09-20 19:44:58,20260920,24,6,4-3-2,411.1
2026-09-20 19:44:58,20260920,24,6,4-3-5,576.8
2026-09-20 19:44:58,20260920,24,6,4-3-6,268.9
2026-09-20 19:44:58,20260920,24,6,4-5-1,311.0
2026-09-20 19:44:58,20260920,24,6,4-5-2,340.6
2026-09-20 19:44:58,20260920,24,6,4-5-3,337.4
2026-09-20 19:44:58,20260920,24,6,4-5-6,273.0
2026-09-20 19:44:58,20260920,24,6,4-6-1,337.4
2026-09-20 19:44:58,20260920,24,6,4-6-2,464.5
2026-09-20 19:44:58,20260920,24,6,4-6-3,483.3
2026-09-20 19:44:58,20260920,24,6,4-6-5,627.5
2026-09-20 19:44:58,20260920,24,6,5-1-2,220.7
2026-09-20 19:44:58,20260920,24,6,5-1-3,207.9
2026-09-20 19:44:58,20260920,24,6,5-1-4,209.1
2026-09-20 19:44:58,20260920,24,6,5-1-6,215.4
2026-09-20 19:44:58,20260920,24,6,5-2-1,533.8
2026-09-20 19:44:58,20260920,24,6,5-2-3,376.5
2026-09-20 19:44:58,20260920,24,6,5-2-4,376.5
2026-09-20 19:44:58,20260920,24,6,5-2-6,380.5
2026-09-20 19:44:58,20260920,24,6,5-3-1,347.2
2026-09-20 19:44:58,20260920,24,6,5-3-2,550.2
2026-09-20 19:44:58,20260920,24,6,5-3-4,777.5
2026-09-20 19:44:58,20260920,24,6,5-3-6,541.9
2026-09-20 19:44:58,20260920,24,6,5-4-1,347.2
2026-09-20 19:44:58,20260920,24,6,5-4-2,393.0
2026-09-20 19:44:58,20260920,24,6,5-4-3,372.5
2026-09-20 19:44:58,20260920,24,6,5-4-6,325.1
2026-09-20 19:44:58,20260920,24,6,5-6-1,388.7
2026-09-20 19:44:58,20260920,24,6,5-6-2,420.7
2026-09-20 19:44:58,20260920,24,6,5-6-3,476.9
2026-09-20 19:44:58,20260920,24,6,5-6-4,503.7
2026-09-20 19:44:58,20260920,24,6,6-1-2,325.1
2026-09-20 19:44:58,20260920,24,6,6-1-3,226.3
2026-09-20 19:44:58,20260920,24,6,6-1-4,313.7
2026-09-20 19:44:58,20260920,24,6,6-1-5,533.8
2026-09-20 19:44:58,20260920,24,6,6-2-1,616.6
2026-09-20 19:44:58,20260920,24,6,6-2-3,638.7
2026-09-20 19:44:58,20260920,24,6,6-2-4,558.8
2026-09-20 19:44:58,20260920,24,6,6-2-5,993.5
2026-09-20 19:44:58,20260920,24,6,6-3-1,283.8
2026-09-20 19:44:58,20260920,24,6,6-3-2,831.8
2026-09-20 19:44:58,20260920,24,6,6-3-4,489.9
2026-09-20 19:44:58,20260920,24,6,6-3-5,761.0
2026-09-20 19:44:58,20260920,24,6,6-4-1,406.4
2026-09-20 19:44:58,20260920,24,6,6-4-2,687.8
2026-09-20 19:44:58,20260920,24,6,6-4-3,550.2
2026-09-20 19:44:58,20260920,24,6,6-4-5,674.8
2026-09-20 19:44:58,20260920,24,6,6-5-1,606.2
2026-09-20 19:44:58,20260920,24,6,6-5-2,894.1
2026-09-20 19:44:58,20260920,24,6,6-5-3,729.9
2026-09-20 19:44:58,20260920,24,6,6-5-4,701.3
2026-09-20 19:50:18,20260920,12,11,1-2-3,5.7
2026-09-20 19:50:18,20260920,12,11,1-2-4,5.7
2026-09-20 19:50:18,20260920,12,11,1-2-5,24.6
2026-09-20 19:50:18,20260920,12,11,1-2-6,13.0
2026-09-20 19:50:18,20260920,12,11,1-3-2,14.6
2026-09-20 19:50:18,20260920,12,11,1-3-4,16.6
2026-09-20 19:50:18,20260920,12,11,1-3-5,33.0
2026-09-20 19:50:18,20260920,12,11,1-3-6,32.6
2026-09-20 19:50:18,20260920,12,11,1-4-2,16.2
2026-09-20 19:50:18,20260920,12,11,1-4-3,30.2
2026-09-20 19:50:18,20260920,12,11,1-4-5,58.8
2026-09-20 19:50:18,20260920,12,11,1-4-6,34.6
2026-09-20 19:50:18,20260920,12,11,1-5-2,59.7
2026-09-20 19:50:18,20260920,12,11,1-5-3,77.3
2026-09-20 19:50:18,20260920,12,11,1-5-4,103.0
2026-09-20 19:50:18,20260920,12,11,1-5-6,99.2
2026-09-20 19:50:18,20260920,12,11,1-6-2,44.7
2026-09-20 19:50:18,20260920,12,11,1-6-3,83.3
2026-09-20 19:50:18,20260920,12,11,1-6-4,81.3
2026-09-20 19:50:18,20260920,12,11,1-6-5,158.3
2026-09-20 19:50:18,20260920,12,11,2-1-3,28.6
2026-09-20 19:50:18,20260920,12,11,2-1-4,20.3
2026-09-20 19:50:18,20260920,12,11,2-1-5,66.0
2026-09-20 19:50:18,20260920,12,11,2-1-6,38.1
2026-09-20 19:50:18,20260920,12,11,2-3-1,114.1
2026-09-20 19:50:18,20260920,12,11,2-3-4,164.8
2026-09-20 19:50:18,20260920,12,11,2-3-5,338.8
2026-09-20 19:50:18,20260920,12,11,2-3-6,225.0
2026-09-20 19:50:18,20260920,12,11,2-4-1,77.7
2026-09-20 19:50:18,20260920,12,11,2-4-3,208.6
2026-09-20 19:50:18,20260920,12,11,2-4-5,292.0
2026-09-20 19:50:18,20260920,12,11,2-4-6,124.1
2026-09-20 19:50:18,20260920,12,11,2-5-1,292.8
2026-09-20 19:50:18,20260920,12,11,2-5-3,481.3
2026-09-20 19:50:18,20260920,12,11,2-5-4,483.7
2026-09-20 19:50:18,20260920,12,11,2-5-6,375.4
2026-09-20 19:50:18,20260920,12,11,2-6-1,168.2
2026-09-20 19:50:18,20260920,12,11,2-6-3,436.0
2026-09-20 19:50:18,20260920,12,11,2-6-4,257.9
2026-09-20 19:50:18,20260920,12,11,2-6-5,474.3
2026-09-20 19:50:18,20260920,12,11,3-1-2,62.6
2026-09-20 19:50:18,20260920,12,11,3-1-4,73.1
2026-09-20 19:50:18,20260920,12,11,3-1-5,71.0
2026-09-20 19:50:18,20260920,12,11,3-1-6,166.7
2026-09-20 19:50:18,20260920,12,11,3-2-1,181.0
2026-09-20 19:50:18,20260920,12,11,3-2-4,242.4
2026-09-20 19:50:18,20260920,12,11,3-2-5,312.6
2026-09-20 19:50:18,20260920,12,11,3-2-6,379.8
2026-09-20 19:50:18,20260920,12,11,3-4-1,230.9
2026-09-20 19:50:18,20260920,12,11,3-4-2,224.0
2026-09-20 19:50:18,20260920,12,11,3-4-5,320.9
2026-09-20 19:50:18,20260920,12,11,3-4-6,292.0
2026-09-20 19:50:18,20260920,12,11,3-5-1,276.2
2026-09-20 19:50:18,20260920,12,11,3-5-2,434.1
2026-09-20 19:50:18,20260920,12,11,3-5-4,596.5
2026-09-20 19:50:18,20260920,12,11,3-5-6,562.0
2026-09-20 19:50:18,20260920,12,11,3-6-1,765.6
2026-09-20 19:50:18,20260920,12,11,3-6-2,784.2
2026-09-20 19:50:18,20260920,12,11,3-6-4,797.0
2026-09-20 19:50:18,20260920,12,11,3-6-5,1117.0
2026-09-20 19:50:18,20260920,12,11,4-1-2,77.9
2026-09-20 19:50:18,20260920,12,11,4-1-3,156.0
2026-09-20 19:50:18,20260920,12,11,4-1-5,166.7
2026-09-20 19:50:18,20260920,12,11,4-1-6,149.6
2026-09-20 19:50:18,20260920,12,11,4-2-1,136.3
2026-09-20 19:50:18,20260920,12,11,4-2-3,317.7
2026-09-20 19:50:18,20260920,12,11,4-2-5,369.7
2026-09-20 19:50:18,20260920,12,11,4-2-6,194.0
2026-09-20 19:50:18,20260920,12,11,4-3-1,224.0
2026-09-20 19:50:18,20260920,12,11,4-3-2,273.1
2026-09-20 19:50:18,20260920,12,11,4-3-5,385.8
2026-09-20 19:50:18,20260920,12,11,4-3-6,325.2
2026-09-20 19:50:18,20260920,12,11,4-5-1,385.8
2026-09-20 19:50:18,20260920,12,11,4-5-2,565.3
2026-09-20 19:50:18,20260920,12,11,4-5-3,765.6
2026-09-20 19:50:18,20260920,12,11,4-5-6,378.3
2026-09-20 19:50:18,20260920,12,11,4-6-1,420.9
2026-09-20 19:50:18,20260920,12,11,4-6-2,321.9
2026-09-20 19:50:18,20260920,12,11,4-6-3,753.8
2026-09-20 19:50:18,20260920,12,11,4-6-5,607.7
2026-09-20 19:50:18,20260920,12,11,5-1-2,257.2
2026-09-20 19:50:18,20260920,12,11,5-1-3,290.2
2026-09-20 19:50:18,20260920,12,11,5-1-4,353.6
2026-09-20 19:50:18,20260920,12,11,5-1-6,333.0
2026-09-20 19:50:18,20260920,12,11,5-2-1,374.0
2026-09-20 19:50:18,20260920,12,11,5-2-3,572.0
2026-09-20 19:50:18,20260920,12,11,5-2-4,736.6
2026-09-20 19:50:18,20260920,12,11,5-2-6,611.5
2026-09-20 19:50:18,20260920,12,11,5-3-1,420.9
2026-09-20 19:50:18,20260920,12,11,5-3-2,876.0
2026-09-20 19:50:18,20260920,12,11,5-3-4,1144.0
2026-09-20 19:50:18,20260920,12,11,5-3-6,962.7
2026-09-20 19:50:18,20260920,12,11,5-4-1,509.1
2026-09-20 19:50:18,20260920,12,11,5-4-2,657.0
2026-09-20 19:50:18,20260920,12,11,5-4-3,1092.0
2026-09-20 19:50:18,20260920,12,11,5-4-6,578.8
2026-09-20 19:50:18,20260920,12,11,5-6-1,777.9
2026-09-20 19:50:18,20260920,12,11,5-6-2,803.6
2026-09-20 19:50:18,20260920,12,11,5-6-3,1068.0
2026-09-20 19:50:18,20260920,12,11,5-6-4,831.1
2026-09-20 19:50:18,20260920,12,11,6-1-2,246.1
2026-09-20 19:50:18,20260920,12,11,6-1-3,748.0
2026-09-20 19:50:18,20260920,12,11,6-1-4,555.6
2026-09-20 19:50:18,20260920,12,11,6-1-5,953.3
2026-09-20 19:50:18,20260920,12,11,6-2-1,354.8
2026-09-20 19:50:18,20260920,12,11,6-2-3,1056.0
2026-09-20 19:50:18,20260920,12,11,6-2-4,501.2
2026-09-20 19:50:18,20260920,12,11,6-2-5,1200.0
2026-09-20 19:50:18,20260920,12,11,6-3-1,1130.0
2026-09-20 19:50:18,20260920,12,11,6-3-2,1906.0
2026-09-20 19:50:18,20260920,12,11,6-3-4,1594.0
2026-09-20 19:50:18,20260920,12,11,6-3-5,1706.0
2026-09-20 19:50:18,20260920,12,11,6-4-1,845.5
2026-09-20 19:50:18,20260920,12,11,6-4-2,531.3
2026-09-20 19:50:18,20260920,12,11,6-4-3,1451.0
2026-09-20 19:50:18,20260920,12,11,6-4-5,1185.0
2026-09-20 19:50:18,20260920,12,11,6-5-1,1230.0
2026-09-20 19:50:18,20260920,12,11,6-5-2,1543.0
2026-09-20 19:50:18,20260920,12,11,6-5-3,2068.0
2026-09-20 19:50:18,20260920,12,11,6-5-4,1171.0
2026-09-20 19:58:09,20260920,15,11,1-2-3,5.9
2026-09-20 19:58:09,20260920,15,11,1-2-4,7.9
2026-09-20 19:58:09,20260920,15,11,1-2-5,14.6
2026-09-20 19:58:09,20260920,15,11,1-2-6,11.8
2026-09-20 19:58:09,20260920,15,11,1-3-2,10.9
2026-09-20 19:58:09,20260920,15,11,1-3-4,15.0
2026-09-20 19:58:09,20260920,15,11,1-3-5,20.7
2026-09-20 19:58:09,20260920,15,11,1-3-6,22.5
2026-09-20 19:58:09,20260920,15,11,1-4-2,20.8
2026-09-20 19:58:09,20260920,15,11,1-4-3,34.1
2026-09-20 19:58:09,20260920,15,11,1-4-5,40.0
2026-09-20 19:58:09,20260920,15,11,1-4-6,27.5
2026-09-20 19:58:09,20260920,15,11,1-5-2,32.7
2026-09-20 19:58:09,20260920,15,11,1-5-3,40.3
2026-09-20 19:58:09,20260920,15,11,1-5-4,59.5
2026-09-20 19:58:09,20260920,15,11,1-5-6,42.2
2026-09-20 19:58:09,20260920,15,11,1-6-2,29.5
2026-09-20 19:58:09,20260920,15,11,1-6-3,51.5
2026-09-20 19:58:09,20260920,15,11,1-6-4,48.9
2026-09-20 19:58:09,20260920,15,11,1-6-5,61.5
2026-09-20 19:58:09,20260920,15,11,2-1-3,54.5
2026-09-20 19:58:09,20260920,15,11,2-1-4,67.9
2026-09-20 19:58:09,20260920,15,11,2-1-5,90.2
2026-09-20 19:58:09,20260920,15,11,2-1-6,72.4
2026-09-20 19:58:09,20260920,15,11,2-3-1,140.1
2026-09-20 19:58:09,20260920,15,11,2-3-4,355.6
2026-09-20 19:58:09,20260920,15,11,2-3-5,375.7
2026-09-20 19:58:09,20260920,15,11,2-3-6,532.4
2026-09-20 19:58:09,20260920,15,11,2-4-1,248.4
2026-09-20 19:58:09,20260920,15,11,2-4-3,487.8
2026-09-20 19:58:09,20260920,15,11,2-4-5,609.0
2026-09-20 19:58:09,20260920,15,11,2-4-6,375.7
2026-09-20 19:58:09,20260920,15,11,2-5-1,301.5
2026-09-20 19:58:09,20260920,15,11,2-5-3,613.0
2026-09-20 19:58:09,20260920,15,11,2-5-4,745.4
2026-09-20 19:58:09,20260920,15,11,2-5-6,517.6
2026-09-20 19:58:09,20260920,15,11,2-6-1,221.3
2026-09-20 19:58:09,20260920,15,11,2-6-3,656.1
2026-09-20 19:58:09,20260920,15,11,2-6-4,609.0
2026-09-20 19:58:09,20260920,15,11,2-6-5,783.0
2026-09-20 19:58:09,20260920,15,11,3-1-2,71.3
2026-09-20 19:58:09,20260920,15,11,3-1-4,92.5
2026-09-20 19:58:09,20260920,15,11,3-1-5,107.3
2026-09-20 19:58:09,20260920,15,11,3-1-6,134.6
2026-09-20 19:58:09,20260920,15,11,3-2-1,149.3
2026-09-20 19:58:09,20260920,15,11,3-2-4,260.2
2026-09-20 19:58:09,20260920,15,11,3-2-5,322.4
2026-09-20 19:58:09,20260920,15,11,3-2-6,333.9
2026-09-20 19:58:09,20260920,15,11,3-4-1,321.3
2026-09-20 19:58:09,20260920,15,11,3-4-2,487.8
2026-09-20 19:58:09,20260920,15,11,3-4-5,463.5
2026-09-20 19:58:09,20260920,15,11,3-4-6,431.3
2026-09-20 19:58:09,20260920,15,11,3-5-1,328.0
2026-09-20 19:58:09,20260920,15,11,3-5-2,477.8
2026-09-20 19:58:09,20260920,15,11,3-5-4,609.0
2026-09-20 19:58:09,20260920,15,11,3-5-6,503.6
2026-09-20 19:58:09,20260920,15,11,3-6-1,472.9
2026-09-20 19:58:09,20260920,15,11,3-6-2,613.0
2026-09-20 19:58:09,20260920,15,11,3-6-4,651.6
2026-09-20 19:58:09,20260920,15,11,3-6-5,625.3
2026-09-20 19:58:09,20260920,15,11,4-1-2,177.1
2026-09-20 19:58:09,20260920,15,11,4-1-3,259.5
2026-09-20 19:58:09,20260920,15,11,4-1-5,216.1
2026-09-20 19:58:09,20260920,15,11,4-1-6,177.1
2026-09-20 19:58:09,20260920,15,11,4-2-1,333.9
2026-09-20 19:58:09,20260920,15,11,4-2-3,482.7
2026-09-20 19:58:09,20260920,15,11,4-2-5,617.0
2026-09-20 19:58:09,20260920,15,11,4-2-6,396.5
2026-09-20 19:58:09,20260920,15,11,4-3-1,425.4
2026-09-20 19:58:09,20260920,15,11,4-3-2,847.0
2026-09-20 19:58:09,20260920,15,11,4-3-5,770.0
2026-09-20 19:58:09,20260920,15,11,4-3-6,638.2
2026-09-20 19:58:09,20260920,15,11,4-5-1,368.3
2026-09-20 19:58:09,20260920,15,11,4-5-2,551.3
2026-09-20 19:58:09,20260920,15,11,4-5-3,456.7
2026-09-20 19:58:09,20260920,15,11,4-5-6,461.2
2026-09-20 19:58:09,20260920,15,11,4-6-1,378.7
2026-09-20 19:58:09,20260920,15,11,4-6-2,447.9
2026-09-20 19:58:09,20260920,15,11,4-6-3,770.0
2026-09-20 19:58:09,20260920,15,11,4-6-5,651.6
2026-09-20 19:58:09,20260920,15,11,5-1-2,189.3
2026-09-20 19:58:09,20260920,15,11,5-1-3,261.7
2026-09-20 19:58:09,20260920,15,11,5-1-4,258.8
2026-09-20 19:58:09,20260920,15,11,5-1-6,184.1
2026-09-20 19:58:09,20260920,15,11,5-2-1,394.8
2026-09-20 19:58:09,20260920,15,11,5-2-3,716.7
2026-09-20 19:58:09,20260920,15,11,5-2-4,690.2
2026-09-20 19:58:09,20260920,15,11,5-2-6,578.7
2026-09-20 19:58:09,20260920,15,11,5-3-1,463.5
2026-09-20 19:58:09,20260920,15,11,5-3-2,950.8
2026-09-20 19:58:09,20260920,15,11,5-3-4,1071.0
2026-09-20 19:58:09,20260920,15,11,5-3-6,751.4
2026-09-20 19:58:09,20260920,15,11,5-4-1,601.1
2026-09-20 19:58:09,20260920,15,11,5-4-2,824.6
2026-09-20 19:58:09,20260920,15,11,5-4-3,1096.0
2026-09-20 19:58:09,20260920,15,11,5-4-6,557.9
2026-09-20 19:58:09,20260920,15,11,5-6-1,396.5
2026-09-20 19:58:09,20260920,15,11,5-6-2,609.0
2026-09-20 19:58:09,20260920,15,11,5-6-3,722.3
2026-09-20 19:58:09,20260920,15,11,5-6-4,647.0
2026-09-20 19:58:09,20260920,15,11,6-1-2,186.7
2026-09-20 19:58:09,20260920,15,11,6-1-3,447.9
2026-09-20 19:58:09,20260920,15,11,6-1-4,405.1
2026-09-20 19:58:09,20260920,15,11,6-1-5,447.9
2026-09-20 19:58:09,20260920,15,11,6-2-1,303.5
2026-09-20 19:58:09,20260920,15,11,6-2-3,847.0
2026-09-20 19:58:09,20260920,15,11,6-2-4,685.1
2026-09-20 19:58:09,20260920,15,11,6-2-5,1096.0
2026-09-20 19:58:09,20260920,15,11,6-3-1,831.9
2026-09-20 19:58:09,20260920,15,11,6-3-2,1150.0
2026-09-20 19:58:09,20260920,15,11,6-3-4,1210.0
2026-09-20 19:58:09,20260920,15,11,6-3-5,1226.0
2026-09-20 19:58:09,20260920,15,11,6-4-1,680.1
2026-09-20 19:58:09,20260920,15,11,6-4-2,763.7
2026-09-20 19:58:09,20260920,15,11,6-4-3,1350.0
2026-09-20 19:58:09,20260920,15,11,6-4-5,980.8
2026-09-20 19:58:09,20260920,15,11,6-5-1,593.5
2026-09-20 19:58:09,20260920,15,11,6-5-2,1226.0
2026-09-20 19:58:09,20260920,15,11,6-5-3,1194.0
2026-09-20 19:58:09,20260920,15,11,6-5-4,854.8
2026-09-20 20:06:00,20260920,1,11,1-2-3,7.1
2026-09-20 20:06:00,20260920,1,11,1-2-4,21.0
2026-09-20 20:06:00,20260920,1,11,1-2-5,30.3
2026-09-20 20:06:00,20260920,1,11,1-2-6,77.9
2026-09-20 20:06:00,20260920,1,11,1-3-2,6.5
2026-09-20 20:06:00,20260920,1,11,1-3-4,11.7
2026-09-20 20:06:00,20260920,1,11,1-3-5,13.8
2026-09-20 20:06:00,20260920,1,11,1-3-6,48.1
2026-09-20 20:06:00,20260920,1,11,1-4-2,25.6
2026-09-20 20:06:00,20260920,1,11,1-4-3,22.7
2026-09-20 20:06:00,20260920,1,11,1-4-5,52.3
2026-09-20 20:06:00,20260920,1,11,1-4-6,95.1
2026-09-20 20:06:00,20260920,1,11,1-5-2,54.5
2026-09-20 20:06:00,20260920,1,11,1-5-3,39.3
2026-09-20 20:06:00,20260920,1,11,1-5-4,89.2
2026-09-20 20:06:00,20260920,1,11,1-5-6,161.1
2026-09-20 20:06:00,20260920,1,11,1-6-2,112.7
2026-09-20 20:06:00,20260920,1,11,1-6-3,99.3
2026-09-20 20:06:00,20260920,1,11,1-6-4,193.6
2026-09-20 20:06:00,20260920,1,11,1-6-5,253.6
2026-09-20 20:06:00,20260920,1,11,2-1-3,39.6
2026-09-20 20:06:00,20260920,1,11,2-1-4,69.7
2026-09-20 20:06:00,20260920,1,11,2-1-5,112.0
2026-09-20 20:06:00,20260920,1,11,2-1-6,238.5
2026-09-20 20:06:00,20260920,1,11,2-3-1,68.6
2026-09-20 20:06:00,20260920,1,11,2-3-4,137.9
2026-09-20 20:06:00,20260920,1,11,2-3-5,150.0
2026-09-20 20:06:00,20260920,1,11,2-3-6,369.3
2026-09-20 20:06:00,20260920,1,11,2-4-1,144.9
2026-09-20 20:06:00,20260920,1,11,2-4-3,218.9
2026-09-20 20:06:00,20260920,1,11,2-4-5,300.1
2026-09-20 20:06:00,20260920,1,11,2-4-6,409.2
2026-09-20 20:06:00,20260920,1,11,2-5-1,269.7
2026-09-20 20:06:00,20260920,1,11,2-5-3,232.3
2026-09-20 20:06:00,20260920,1,11,2-5-4,321.5
2026-09-20 20:06:00,20260920,1,11,2-5-6,385.1
2026-09-20 20:06:00,20260920,1,11,2-6-1,615.6
2026-09-20 20:06:00,20260920,1,11,2-6-3,750.3
2026-09-20 20:06:00,20260920,1,11,2-6-4,720.3
2026-09-20 20:06:00,20260920,1,11,2-6-5,742.5
2026-09-20 20:06:00,20260920,1,11,3-1-2,22.1
2026-09-20 20:06:00,20260920,1,11,3-1-4,29.9
2026-09-20 20:06:00,20260920,1,11,3-1-5,27.3
2026-09-20 20:06:00,20260920,1,11,3-1-6,105.0
2026-09-20 20:06:00,20260920,1,11,3-2-1,47.3
2026-09-20 20:06:00,20260920,1,11,3-2-4,108.8
2026-09-20 20:06:00,20260920,1,11,3-2-5,97.8
2026-09-20 20:06:00,20260920,1,11,3-2-6,273.8
2026-09-20 20:06:00,20260920,1,11,3-4-1,59.0
2026-09-20 20:06:00,20260920,1,11,3-4-2,127.9
2026-09-20 20:06:00,20260920,1,11,3-4-5,140.1
2026-09-20 20:06:00,20260920,1,11,3-4-6,309.1
2026-09-20 20:06:00,20260920,1,11,3-5-1,75.3
2026-09-20 20:06:00,20260920,1,11,3-5-2,120.8
2026-09-20 20:06:00,20260920,1,11,3-5-4,187.0
2026-09-20 20:06:00,20260920,1,11,3-5-6,286.9
2026-09-20 20:06:00,20260920,1,11,3-6-1,363.7
2026-09-20 20:06:00,20260920,1,11,3-6-2,595.2
2026-09-20 20:06:00,20260920,1,11,3-6-4,610.4
2026-09-20 20:06:00,20260920,1,11,3-6-5,545.6
2026-09-20 20:06:00,20260920,1,11,4-1-2,78.1
2026-09-20 20:06:00,20260920,1,11,4-1-3,76.5
2026-09-20 20:06:00,20260920,1,11,4-1-5,102.4
2026-09-20 20:06:00,20260920,1,11,4-1-6,168.2
2026-09-20 20:06:00,20260920,1,11,4-2-1,132.6
2026-09-20 20:06:00,20260920,1,11,4-2-3,188.0
2026-09-20 20:06:00,20260920,1,11,4-2-5,215.6
2026-09-20 20:06:00,20260920,1,11,4-2-6,254.5
2026-09-20 20:06:00,20260920,1,11,4-3-1,125.0
2026-09-20 20:06:00,20260920,1,11,4-3-2,261.9
2026-09-20 20:06:00,20260920,1,11,4-3-5,237.7
2026-09-20 20:06:00,20260920,1,11,4-3-6,358.3
2026-09-20 20:06:00,20260920,1,11,4-5-1,128.8
2026-09-20 20:06:00,20260920,1,11,4-5-2,191.0
2026-09-20 20:06:00,20260920,1,11,4-5-3,194.6
2026-09-20 20:06:00,20260920,1,11,4-5-6,189.5
2026-09-20 20:06:00,20260920,1,11,4-6-1,367.5
2026-09-20 20:06:00,20260920,1,11,4-6-2,397.9
2026-09-20 20:06:00,20260920,1,11,4-6-3,585.6
2026-09-20 20:06:00,20260920,1,11,4-6-5,441.9
2026-09-20 20:06:00,20260920,1,11,5-1-2,161.8
2026-09-20 20:06:00,20260920,1,11,5-1-3,125.9
2026-09-20 20:06:00,20260920,1,11,5-1-4,162.5
2026-09-20 20:06:00,20260920,1,11,5-1-6,275.9
2026-09-20 20:06:00,20260920,1,11,5-2-1,264.8
2026-09-20 20:06:00,20260920,1,11,5-2-3,279.1
2026-09-20 20:06:00,20260920,1,11,5-2-4,371.2
2026-09-20 20:06:00,20260920,1,11,5-2-6,381.1
2026-09-20 20:06:00,20260920,1,11,5-3-1,169.0
2026-09-20 20:06:00,20260920,1,11,5-3-2,298.8
2026-09-20 20:06:00,20260920,1,11,5-3-4,444.6
2026-09-20 20:06:00,20260920,1,11,5-3-6,699.3
2026-09-20 20:06:00,20260920,1,11,5-4-1,207.5
2026-09-20 20:06:00,20260920,1,11,5-4-2,310.4
2026-09-20 20:06:00,20260920,1,11,5-4-3,307.8
2026-09-20 20:06:00,20260920,1,11,5-4-6,330.4
2026-09-20 20:06:00,20260920,1,11,5-6-1,713.1
2026-09-20 20:06:00,20260920,1,11,5-6-2,590.4
2026-09-20 20:06:00,20260920,1,11,5-6-3,735.0
2026-09-20 20:06:00,20260920,1,11,5-6-4,692.6
2026-09-20 20:06:00,20260920,1,11,6-1-2,600.2
2026-09-20 20:06:00,20260920,1,11,6-1-3,631.8
2026-09-20 20:06:00,20260920,1,11,6-1-4,648.9
2026-09-20 20:06:00,20260920,1,11,6-1-5,1043.0
2026-09-20 20:06:00,20260920,1,11,6-2-1,986.7
2026-09-20 20:06:00,20260920,1,11,6-2-3,986.7
2026-09-20 20:06:00,20260920,1,11,6-2-4,973.3
2026-09-20 20:06:00,20260920,1,11,6-2-5,973.3
2026-09-20 20:06:00,20260920,1,11,6-3-1,1059.0
2026-09-20 20:06:00,20260920,1,11,6-3-2,1180.0
2026-09-20 20:06:00,20260920,1,11,6-3-4,1333.0
2026-09-20 20:06:00,20260920,1,11,6-3-5,1220.0
2026-09-20 20:06:00,20260920,1,11,6-4-1,1125.0
2026-09-20 20:06:00,20260920,1,11,6-4-2,847.4
2026-09-20 20:06:00,20260920,1,11,6-4-3,1286.0
2026-09-20 20:06:00,20260920,1,11,6-4-5,1180.0
2026-09-20 20:06:00,20260920,1,11,6-5-1,1220.0
2026-09-20 20:06:00,20260920,1,11,6-5-2,986.7
2026-09-20 20:06:00,20260920,1,11,6-5-3,1143.0
2026-09-20 20:06:00,20260920,1,11,6-5-4,706.1
2026-09-20 20:13:53,20260920,24,7,1-2-3,9.0
2026-09-20 20:13:53,20260920,24,7,1-2-4,8.2
2026-09-20 20:13:53,20260920,24,7,1-2-5,27.1
2026-09-20 20:13:53,20260920,24,7,1-2-6,19.4
2026-09-20 20:13:53,20260920,24,7,1-3-2,24.1
2026-09-20 20:13:53,20260920,24,7,1-3-4,33.8
2026-09-20 20:13:53,20260920,24,7,1-3-5,59.2
2026-09-20 20:13:53,20260920,24,7,1-3-6,70.7
2026-09-20 20:13:53,20260920,24,7,1-4-2,13.6
2026-09-20 20:13:53,20260920,24,7,1-4-3,31.4
2026-09-20 20:13:53,20260920,24,7,1-4-5,32.2
2026-09-20 20:13:53,20260920,24,7,1-4-6,33.4
2026-09-20 20:13:53,20260920,24,7,1-5-2,62.7
2026-09-20 20:13:53,20260920,24,7,1-5-3,118.1
2026-09-20 20:13:53,20260920,24,7,1-5-4,80.7
2026-09-20 20:13:53,20260920,24,7,1-5-6,115.1
2026-09-20 20:13:53,20260920,24,7,1-6-2,53.4
2026-09-20 20:13:53,20260920,24,7,1-6-3,146.2
2026-09-20 20:13:53,20260920,24,7,1-6-4,95.4
2026-09-20 20:13:53,20260920,24,7,1-6-5,206.4
2026-09-20 20:13:53,20260920,24,7,2-1-3,29.1
2026-09-20 20:13:53,20260920,24,7,2-1-4,15.3
2026-09-20 20:13:53,20260920,24,7,2-1-5,61.5
2026-09-20 20:13:53,20260920,24,7,2-1-6,42.3
2026-09-20 20:13:53,20260920,24,7,2-3-1,119.9
2026-09-20 20:13:53,20260920,24,7,2-3-4,144.7
2026-09-20 20:13:53,20260920,24,7,2-3-5,253.2
2026-09-20 20:13:53,20260920,24,7,2-3-6,369.5
2026-09-20 20:13:53,20260920,24,7,2-4-1,59.1
2026-09-20 20:13:53,20260920,24,7,2-4-3,132.1
2026-09-20 20:13:53,20260920,24,7,2-4-5,128.1
2026-09-20 20:13:53,20260920,24,7,2-4-6,86.0
2026-09-20 20:13:53,20260920,24,7,2-5-1,174.2
2026-09-20 20:13:53,20260920,24,7,2-5-3,289.4
2026-09-20 20:13:53,20260920,24,7,2-5-4,204.1
2026-09-20 20:13:53,20260920,24,7,2-5-6,272.1
2026-09-20 20:13:53,20260920,24,7,2-6-1,158.5
2026-09-20 20:13:53,20260920,24,7,2-6-3,417.5
2026-09-20 20:13:53,20260920,24,7,2-6-4,181.7
2026-09-20 20:13:53,20260920,24,7,2-6-5,414.3
2026-09-20 20:13:53,20260920,24,7,3-1-2,105.8
2026-09-20 20:13:53,20260920,24,7,3-1-4,140.9
2026-09-20 20:13:53,20260920,24,7,3-1-5,122.6
2026-09-20 20:13:53,20260920,24,7,3-1-6,253.2
2026-09-20 20:13:53,20260920,24,7,3-2-1,163.2
2026-09-20 20:13:53,20260920,24,7,3-2-4,201.1
2026-09-20 20:13:53,20260920,24,7,3-2-5,331.5
2026-09-20 20:13:53,20260920,24,7,3-2-6,427.3
2026-09-20 20:13:53,20260920,24,7,3-4-1,246.3
2026-09-20 20:13:53,20260920,24,7,3-4-2,266.8
2026-09-20 20:13:53,20260920,24,7,3-4-5,250.9
2026-09-20 20:13:53,20260920,24,7,3-4-6,374.6
2026-09-20 20:13:53,20260920,24,7,3-5-1,444.7
2026-09-20 20:13:53,20260920,24,7,3-5-2,329.5
2026-09-20 20:13:53,20260920,24,7,3-5-4,434.1
2026-09-20 20:13:53,20260920,24,7,3-5-6,607.7
2026-09-20 20:13:53,20260920,24,7,3-6-1,781.4
2026-09-20 20:13:53,20260920,24,7,3-6-2,854.6
2026-09-20 20:13:53,20260920,24,7,3-6-4,719.7
2026-09-20 20:13:53,20260920,24,7,3-6-5,739.1
2026-09-20 20:13:53,20260920,24,7,4-1-2,35.8
2026-09-20 20:13:53,20260920,24,7,4-1-3,68.6
2026-09-20 20:13:53,20260920,24,7,4-1-5,49.9
2026-09-20 20:13:53,20260920,24,7,4-1-6,62.3
2026-09-20 20:13:53,20260920,24,7,4-2-1,70.5
2026-09-20 20:13:53,20260920,24,7,4-2-3,81.6
2026-09-20 20:13:53,20260920,24,7,4-2-5,96.3
2026-09-20 20:13:53,20260920,24,7,4-2-6,87.9
2026-09-20 20:13:53,20260920,24,7,4-3-1,121.0
2026-09-20 20:13:53,20260920,24,7,4-3-2,131.1
2026-09-20 20:13:53,20260920,24,7,4-3-5,154.0
2026-09-20 20:13:53,20260920,24,7,4-3-6,174.2
2026-09-20 20:13:53,20260920,24,7,4-5-1,57.8
2026-09-20 20:13:53,20260920,24,7,4-5-2,79.5
2026-09-20 20:13:53,20260920,24,7,4-5-3,139.5
2026-09-20 20:13:53,20260920,24,7,4-5-6,63.8
2026-09-20 20:13:53,20260920,24,7,4-6-1,94.6
2026-09-20 20:13:53,20260920,24,7,4-6-2,103.5
2026-09-20 20:13:53,20260920,24,7,4-6-3,350.6
2026-09-20 20:13:53,20260920,24,7,4-6-5,106.8
2026-09-20 20:13:53,20260920,24,7,5-1-2,185.4
2026-09-20 20:13:53,20260920,24,7,5-1-3,295.6
2026-09-20 20:13:53,20260920,24,7,5-1-4,166.2
2026-09-20 20:13:53,20260920,24,7,5-1-6,236.7
2026-09-20 20:13:53,20260920,24,7,5-2-1,286.3
2026-09-20 20:13:53,20260920,24,7,5-2-3,362.2
2026-09-20 20:13:53,20260920,24,7,5-2-4,218.7
2026-09-20 20:13:53,20260920,24,7,5-2-6,264.2
2026-09-20 20:13:53,20260920,24,7,5-3-1,484.0
2026-09-20 20:13:53,20260920,24,7,5-3-2,569.7
2026-09-20 20:13:53,20260920,24,7,5-3-4,558.1
2026-09-20 20:13:53,20260920,24,7,5-3-6,636.0
2026-09-20 20:13:53,20260920,24,7,5-4-1,182.3
2026-09-20 20:13:53,20260920,24,7,5-4-2,212.8
2026-09-20 20:13:53,20260920,24,7,5-4-3,279.0
2026-09-20 20:13:53,20260920,24,7,5-4-6,197.4
2026-09-20 20:13:53,20260920,24,7,5-6-1,414.3
2026-09-20 20:13:53,20260920,24,7,5-6-2,417.5
2026-09-20 20:13:53,20260920,24,7,5-6-3,659.0
2026-09-20 20:13:53,20260920,24,7,5-6-4,408.2
2026-09-20 20:13:53,20260920,24,7,6-1-2,276.2
2026-09-20 20:13:53,20260920,24,7,6-1-3,749.3
2026-09-20 20:13:53,20260920,24,7,6-1-4,393.5
2026-09-20 20:13:53,20260920,24,7,6-1-5,710.3
2026-09-20 20:13:53,20260920,24,7,6-2-1,339.7
2026-09-20 20:13:53,20260920,24,7,6-2-3,710.3
2026-09-20 20:13:53,20260920,24,7,6-2-4,312.5
2026-09-20 20:13:53,20260920,24,7,6-2-5,643.5
2026-09-20 20:13:53,20260920,24,7,6-3-1,828.7
2026-09-20 20:13:53,20260920,24,7,6-3-2,854.6
2026-09-20 20:13:53,20260920,24,7,6-3-4,868.2
2026-09-20 20:13:53,20260920,24,7,6-3-5,1139.0
2026-09-20 20:13:53,20260920,24,7,6-4-1,424.0
2026-09-20 20:13:53,20260920,24,7,6-4-2,298.9
2026-09-20 20:13:53,20260920,24,7,6-4-3,749.3
2026-09-20 20:13:53,20260920,24,7,6-4-5,536.2
2026-09-20 20:13:53,20260920,24,7,6-5-1,781.4
2026-09-20 20:13:53,20260920,24,7,6-5-2,719.7
2026-09-20 20:13:53,20260920,24,7,6-5-3,868.2
2026-09-20 20:13:53,20260920,24,7,6-5-4,558.1
2026-09-20 20:19:12,20260920,12,12,1-2-3,12.5
2026-09-20 20:19:12,20260920,12,12,1-2-4,29.0
2026-09-20 20:19:12,20260920,12,12,1-2-5,12.7
2026-09-20 20:19:12,20260920,12,12,1-2-6,9.8
2026-09-20 20:19:12,20260920,12,12,1-3-2,22.8
2026-09-20 20:19:12,20260920,12,12,1-3-4,42.3
2026-09-20 20:19:12,20260920,12,12,1-3-5,26.1
2026-09-20 20:19:12,20260920,12,12,1-3-6,19.1
2026-09-20 20:19:12,20260920,12,12,1-4-2,62.1
2026-09-20 20:19:12,20260920,12,12,1-4-3,83.9
2026-09-20 20:19:12,20260920,12,12,1-4-5,67.1
2026-09-20 20:19:12,20260920,12,12,1-4-6,44.5
2026-09-20 20:19:12,20260920,12,12,1-5-2,26.6
2026-09-20 20:19:12,20260920,12,12,1-5-3,30.9
2026-09-20 20:19:12,20260920,12,12,1-5-4,63.8
2026-09-20 20:19:12,20260920,12,12,1-5-6,17.1
2026-09-20 20:19:12,20260920,12,12,1-6-2,11.6
2026-09-20 20:19:12,20260920,12,12,1-6-3,20.3
2026-09-20 20:19:12,20260920,12,12,1-6-4,34.0
2026-09-20 20:19:12,20260920,12,12,1-6-5,16.3
2026-09-20 20:19:12,20260920,12,12,2-1-3,79.3
2026-09-20 20:19:12,20260920,12,12,2-1-4,158.0
2026-09-20 20:19:12,20260920,12,12,2-1-5,94.9
2026-09-20 20:19:12,20260920,12,12,2-1-6,60.8
2026-09-20 20:19:12,20260920,12,12,2-3-1,147.6
2026-09-20 20:19:12,20260920,12,12,2-3-4,350.6
2026-09-20 20:19:12,20260920,12,12,2-3-5,301.8
2026-09-20 20:19:12,20260920,12,12,2-3-6,339.9
2026-09-20 20:19:12,20260920,12,12,2-4-1,348.7
2026-09-20 20:19:12,20260920,12,12,2-4-3,534.2
2026-09-20 20:19:12,20260920,12,12,2-4-5,542.8
2026-09-20 20:19:12,20260920,12,12,2-4-6,400.7
2026-09-20 20:19:12,20260920,12,12,2-5-1,185.4
2026-09-20 20:19:12,20260920,12,12,2-5-3,369.8
2026-09-20 20:19:12,20260920,12,12,2-5-4,530.0
2026-09-20 20:19:12,20260920,12,12,2-5-6,232.1
2026-09-20 20:19:12,20260920,12,12,2-6-1,103.7
2026-09-20 20:19:12,20260920,12,12,2-6-3,284.0
2026-09-20 20:19:12,20260920,12,12,2-6-4,410.4
2026-09-20 20:19:12,20260920,12,12,2-6-5,246.5
2026-09-20 20:19:12,20260920,12,12,3-1-2,132.2
2026-09-20 20:19:12,20260920,12,12,3-1-4,189.0
2026-09-20 20:19:12,20260920,12,12,3-1-5,93.6
2026-09-20 20:19:12,20260920,12,12,3-1-6,149.5
2026-09-20 20:19:12,20260920,12,12,3-2-1,211.0
2026-09-20 20:19:12,20260920,12,12,3-2-4,339.9
2026-09-20 20:19:12,20260920,12,12,3-2-5,284.0
2026-09-20 20:19:12,20260920,12,12,3-2-6,437.1
2026-09-20 20:19:12,20260920,12,12,3-4-1,431.5
2026-09-20 20:19:12,20260920,12,12,3-4-2,461.0
2026-09-20 20:19:12,20260920,12,12,3-4-5,534.2
2026-09-20 20:19:12,20260920,12,12,3-4-6,551.7
2026-09-20 20:19:12,20260920,12,12,3-5-1,214.3
2026-09-20 20:19:12,20260920,12,12,3-5-2,336.5
2026-09-20 20:19:12,20260920,12,12,3-5-4,551.7
2026-09-20 20:19:12,20260920,12,12,3-5-6,382.4
2026-09-20 20:19:12,20260920,12,12,3-6-1,237.8
2026-09-20 20:19:12,20260920,12,12,3-6-2,395.9
2026-09-20 20:19:12,20260920,12,12,3-6-4,565.6
2026-09-20 20:19:12,20260920,12,12,3-6-5,448.7
2026-09-20 20:19:12,20260920,12,12,4-1-2,282.8
2026-09-20 20:19:12,20260920,12,12,4-1-3,326.7
2026-09-20 20:19:12,20260920,12,12,4-1-5,233.7
2026-09-20 20:19:12,20260920,12,12,4-1-6,234.5
2026-09-20 20:19:12,20260920,12,12,4-2-1,467.4
2026-09-20 20:19:12,20260920,12,12,4-2-3,380.3
2026-09-20 20:19:12,20260920,12,12,4-2-5,679.9
2026-09-20 20:19:12,20260920,12,12,4-2-6,348.7
2026-09-20 20:19:12,20260920,12,12,4-3-1,457.9
2026-09-20 20:19:12,20260920,12,12,4-3-2,831.0
2026-09-20 20:19:12,20260920,12,12,4-3-5,723.8
2026-09-20 20:19:12,20260920,12,12,4-3-6,874.2
2026-09-20 20:19:12,20260920,12,12,4-5-1,356.1
2026-09-20 20:19:12,20260920,12,12,4-5-2,701.2
2026-09-20 20:19:12,20260920,12,12,4-5-3,693.9
2026-09-20 20:19:12,20260920,12,12,4-5-6,376.0
2026-09-20 20:19:12,20260920,12,12,4-6-1,331.6
2026-09-20 20:19:12,20260920,12,12,4-6-2,442.8
2026-09-20 20:19:12,20260920,12,12,4-6-3,641.1
2026-09-20 20:19:12,20260920,12,12,4-6-5,418.1
2026-09-20 20:19:12,20260920,12,12,5-1-2,107.7
2026-09-20 20:19:12,20260920,12,12,5-1-3,161.0
2026-09-20 20:19:12,20260920,12,12,5-1-4,231.3
2026-09-20 20:19:12,20260920,12,12,5-1-6,73.6
2026-09-20 20:19:12,20260920,12,12,5-2-1,211.0
2026-09-20 20:19:12,20260920,12,12,5-2-3,380.3
2026-09-20 20:19:12,20260920,12,12,5-2-4,623.3
2026-09-20 20:19:12,20260920,12,12,5-2-6,260.9
2026-09-20 20:19:12,20260920,12,12,5-3-1,252.1
2026-09-20 20:19:12,20260920,12,12,5-3-2,551.7
2026-09-20 20:19:12,20260920,12,12,5-3-4,831.0
2026-09-20 20:19:12,20260920,12,12,5-3-6,448.7
2026-09-20 20:19:12,20260920,12,12,5-4-1,403.1
2026-09-20 20:19:12,20260920,12,12,5-4-2,623.3
2026-09-20 20:19:12,20260920,12,12,5-4-3,739.7
2026-09-20 20:19:12,20260920,12,12,5-4-6,369.8
2026-09-20 20:19:12,20260920,12,12,5-6-1,98.8
2026-09-20 20:19:12,20260920,12,12,5-6-2,190.1
2026-09-20 20:19:12,20260920,12,12,5-6-3,293.9
2026-09-20 20:19:12,20260920,12,12,5-6-4,359.9
2026-09-20 20:19:12,20260920,12,12,6-1-2,36.9
2026-09-20 20:19:12,20260920,12,12,6-1-3,89.3
2026-09-20 20:19:12,20260920,12,12,6-1-4,123.9
2026-09-20 20:19:12,20260920,12,12,6-1-5,49.2
2026-09-20 20:19:12,20260920,12,12,6-2-1,82.8
2026-09-20 20:19:12,20260920,12,12,6-2-3,250.2
2026-09-20 20:19:12,20260920,12,12,6-2-4,304.6
2026-09-20 20:19:12,20260920,12,12,6-2-5,193.4
2026-09-20 20:19:12,20260920,12,12,6-3-1,262.9
2026-09-20 20:19:12,20260920,12,12,6-3-2,454.8
2026-09-20 20:19:12,20260920,12,12,6-3-4,556.3
2026-09-20 20:19:12,20260920,12,12,6-3-5,382.4
2026-09-20 20:19:12,20260920,12,12,6-4-1,407.9
2026-09-20 20:19:12,20260920,12,12,6-4-2,487.8
2026-09-20 20:19:12,20260920,12,12,6-4-3,629.1
2026-09-20 20:19:12,20260920,12,12,6-4-5,407.9
2026-09-20 20:19:12,20260920,12,12,6-5-1,85.7
2026-09-20 20:19:12,20260920,12,12,6-5-2,181.9
2026-09-20 20:19:12,20260920,12,12,6-5-3,277.0
2026-09-20 20:19:12,20260920,12,12,6-5-4,287.6
2026-09-20 20:32:16,20260920,15,12,1-2-3,7.2
2026-09-20 20:32:16,20260920,15,12,1-2-4,11.3
2026-09-20 20:32:16,20260920,15,12,1-2-5,
2026-09-20 20:32:16,20260920,15,12,1-2-6,31.5
2026-09-20 20:32:16,20260920,15,12,1-3-2,8.0
2026-09-20 20:32:16,20260920,15,12,1-3-4,5.5
2026-09-20 20:32:16,20260920,15,12,1-3-5,
2026-09-20 20:32:16,20260920,15,12,1-3-6,18.1
2026-09-20 20:32:16,20260920,15,12,1-4-2,14.8
2026-09-20 20:32:16,20260920,15,12,1-4-3,10.4
2026-09-20 20:32:16,20260920,15,12,1-4-5,
2026-09-20 20:32:16,20260920,15,12,1-4-6,21.3
2026-09-20 20:32:16,20260920,15,12,1-5-2,
2026-09-20 20:32:16,20260920,15,12,1-5-3,
2026-09-20 20:32:16,20260920,15,12,1-5-4,
2026-09-20 20:32:16,20260920,15,12,1-5-6,
2026-09-20 20:32:16,20260920,15,12,1-6-2,48.6
2026-09-20 20:32:16,20260920,15,12,1-6-3,41.7
2026-09-20 20:32:16,20260920,15,12,1-6-4,44.7
2026-09-20 20:32:16,20260920,15,12,1-6-5,
2026-09-20 20:32:16,20260920,15,12,2-1-3,70.9
2026-09-20 20:32:16,20260920,15,12,2-1-4,79.8
2026-09-20 20:32:16,20260920,15,12,2-1-5,
2026-09-20 20:32:16,20260920,15,12,2-1-6,142.3
2026-09-20 20:32:16,20260920,15,12,2-3-1,121.0
2026-09-20 20:32:16,20260920,15,12,2-3-4,147.1
2026-09-20 20:32:16,20260920,15,12,2-3-5,
2026-09-20 20:32:16,20260920,15,12,2-3-6,313.1
2026-09-20 20:32:16,20260920,15,12,2-4-1,144.8
2026-09-20 20:32:16,20260920,15,12,2-4-3,195.9
2026-09-20 20:32:16,20260920,15,12,2-4-5,
2026-09-20 20:32:16,20260920,15,12,2-4-6,212.0
2026-09-20 20:32:16,20260920,15,12,2-5-1,
2026-09-20 20:32:16,20260920,15,12,2-5-3,
2026-09-20 20:32:16,20260920,15,12,2-5-4,
2026-09-20 20:32:16,20260920,15,12,2-5-6,
2026-09-20 20:32:16,20260920,15,12,2-6-1,298.2
2026-09-20 20:32:16,20260920,15,12,2-6-3,413.6
2026-09-20 20:32:16,20260920,15,12,2-6-4,358.9
2026-09-20 20:32:16,20260920,15,12,2-6-5,
2026-09-20 20:32:16,20260920,15,12,3-1-2,39.2
2026-09-20 20:32:16,20260920,15,12,3-1-4,24.8
2026-09-20 20:32:16,20260920,15,12,3-1-5,
2026-09-20 20:32:16,20260920,15,12,3-1-6,58.6
2026-09-20 20:32:16,20260920,15,12,3-2-1,98.0
2026-09-20 20:32:16,20260920,15,12,3-2-4,104.2
2026-09-20 20:32:16,20260920,15,12,3-2-5,
2026-09-20 20:32:16,20260920,15,12,3-2-6,171.2
2026-09-20 20:32:16,20260920,15,12,3-4-1,41.2
2026-09-20 20:32:16,20260920,15,12,3-4-2,98.4
2026-09-20 20:32:16,20260920,15,12,3-4-5,
2026-09-20 20:32:16,20260920,15,12,3-4-6,89.1
2026-09-20 20:32:16,20260920,15,12,3-5-1,
2026-09-20 20:32:16,20260920,15,12,3-5-2,
2026-09-20 20:32:16,20260920,15,12,3-5-4,
2026-09-20 20:32:16,20260920,15,12,3-5-6,
2026-09-20 20:32:16,20260920,15,12,3-6-1,161.8
2026-09-20 20:32:16,20260920,15,12,3-6-2,319.0
2026-09-20 20:32:16,20260920,15,12,3-6-4,210.2
2026-09-20 20:32:16,20260920,15,12,3-6-5,
2026-09-20 20:32:16,20260920,15,12,4-1-2,51.4
2026-09-20 20:32:16,20260920,15,12,4-1-3,36.1
2026-09-20 20:32:16,20260920,15,12,4-1-5,
2026-09-20 20:32:16,20260920,15,12,4-1-6,52.7
2026-09-20 20:32:16,20260920,15,12,4-2-1,112.9
2026-09-20 20:32:16,20260920,15,12,4-2-3,135.6
2026-09-20 20:32:16,20260920,15,12,4-2-5,
2026-09-20 20:32:16,20260920,15,12,4-2-6,143.3
2026-09-20 20:32:16,20260920,15,12,4-3-1,65.2
2026-09-20 20:32:16,20260920,15,12,4-3-2,149.5
2026-09-20 20:32:16,20260920,15,12,4-3-5,
2026-09-20 20:32:16,20260920,15,12,4-3-6,128.3
2026-09-20 20:32:16,20260920,15,12,4-5-1,
2026-09-20 20:32:16,20260920,15,12,4-5-2,
2026-09-20 20:32:16,20260920,15,12,4-5-3,
2026-09-20 20:32:16,20260920,15,12,4-5-6,
2026-09-20 20:32:16,20260920,15,12,4-6-1,89.1
2026-09-20 20:32:16,20260920,15,12,4-6-2,142.5
2026-09-20 20:32:16,20260920,15,12,4-6-3,140.9
2026-09-20 20:32:16,20260920,15,12,4-6-5,
2026-09-20 20:32:16,20260920,15,12,5-1-2,
2026-09-20 20:32:16,20260920,15,12,5-1-3,
2026-09-20 20:32:16,20260920,15,12,5-1-4,
2026-09-20 20:32:16,20260920,15,12,5-1-6,
2026-09-20 20:32:16,20260920,15,12,5-2-1,
2026-09-20 20:32:16,20260920,15,12,5-2-3,
2026-09-20 20:32:16,20260920,15,12,5-2-4,
2026-09-20 20:32:16,20260920,15,12,5-2-6,
2026-09-20 20:32:16,20260920,15,12,5-3-1,
2026-09-20 20:32:16,20260920,15,12,5-3-2,
2026-09-20 20:32:16,20260920,15,12,5-3-4,
2026-09-20 20:32:16,20260920,15,12,5-3-6,
2026-09-20 20:32:16,20260920,15,12,5-4-1,
2026-09-20 20:32:16,20260920,15,12,5-4-2,
2026-09-20 20:32:16,20260920,15,12,5-4-3,
2026-09-20 20:32:16,20260920,15,12,5-4-6,
2026-09-20 20:32:16,20260920,15,12,5-6-1,
2026-09-20 20:32:16,20260920,15,12,5-6-2,
2026-09-20 20:32:16,20260920,15,12,5-6-3,
2026-09-20 20:32:16,20260920,15,12,5-6-4,
2026-09-20 20:32:16,20260920,15,12,6-1-2,166.4
2026-09-20 20:32:16,20260920,15,12,6-1-3,160.0
2026-09-20 20:32:16,20260920,15,12,6-1-4,150.6
2026-09-20 20:32:16,20260920,15,12,6-1-5,
2026-09-20 20:32:16,20260920,15,12,6-2-1,290.4
2026-09-20 20:32:16,20260920,15,12,6-2-3,413.6
2026-09-20 20:32:16,20260920,15,12,6-2-4,385.1
2026-09-20 20:32:16,20260920,15,12,6-2-5,
2026-09-20 20:32:16,20260920,15,12,6-3-1,282.3
2026-09-20 20:32:16,20260920,15,12,6-3-2,495.1
2026-09-20 20:32:16,20260920,15,12,6-3-4,358.9
2026-09-20 20:32:16,20260920,15,12,6-3-5,
2026-09-20 20:32:16,20260920,15,12,6-4-1,176.0
2026-09-20 20:32:16,20260920,15,12,6-4-2,300.0
2026-09-20 20:32:16,20260920,15,12,6-4-3,311.1
2026-09-20 20:32:16,20260920,15,12,6-4-5,
2026-09-20 20:32:16,20260920,15,12,6-5-1,
2026-09-20 20:32:16,20260920,15,12,6-5-2,
2026-09-20 20:32:16,20260920,15,12,6-5-3,
2026-09-20 20:32:16,20260920,15,12,6-5-4,
2026-09-20 20:34:56,20260920,1,12,1-2-3,9.4
2026-09-20 20:34:56,20260920,1,12,1-2-4,9.1
2026-09-20 20:34:56,20260920,1,12,1-2-5,24.5
2026-09-20 20:34:56,20260920,1,12,1-2-6,37.6
2026-09-20 20:34:56,20260920,1,12,1-3-2,13.2
2026-09-20 20:34:56,20260920,1,12,1-3-4,12.6
2026-09-20 20:34:56,20260920,1,12,1-3-5,27.3
2026-09-20 20:34:56,20260920,1,12,1-3-6,40.9
2026-09-20 20:34:56,20260920,1,12,1-4-2,15.0
2026-09-20 20:34:56,20260920,1,12,1-4-3,16.0
2026-09-20 20:34:56,20260920,1,12,1-4-5,33.9
2026-09-20 20:34:56,20260920,1,12,1-4-6,44.0
2026-09-20 20:34:56,20260920,1,12,1-5-2,62.6
2026-09-20 20:34:56,20260920,1,12,1-5-3,63.2
2026-09-20 20:34:56,20260920,1,12,1-5-4,70.8
2026-09-20 20:34:56,20260920,1,12,1-5-6,96.5
2026-09-20 20:34:56,20260920,1,12,1-6-2,77.4
2026-09-20 20:34:56,20260920,1,12,1-6-3,95.6
2026-09-20 20:34:56,20260920,1,12,1-6-4,99.1
2026-09-20 20:34:56,20260920,1,12,1-6-5,138.6
2026-09-20 20:34:56,20260920,1,12,2-1-3,35.7
2026-09-20 20:34:56,20260920,1,12,2-1-4,30.4
2026-09-20 20:34:56,20260920,1,12,2-1-5,79.5
2026-09-20 20:34:56,20260920,1,12,2-1-6,103.8
2026-09-20 20:34:56,20260920,1,12,2-3-1,93.0
2026-09-20 20:34:56,20260920,1,12,2-3-4,131.9
2026-09-20 20:34:56,20260920,1,12,2-3-5,254.9
2026-09-20 20:34:56,20260920,1,12,2-3-6,345.1
2026-09-20 20:34:56,20260920,1,12,2-4-1,67.3
2026-09-20 20:34:56,20260920,1,12,2-4-3,126.8
2026-09-20 20:34:56,20260920,1,12,2-4-5,215.5
2026-09-20 20:34:56,20260920,1,12,2-4-6,256.1
2026-09-20 20:34:56,20260920,1,12,2-5-1,233.1
2026-09-20 20:34:56,20260920,1,12,2-5-3,324.5
2026-09-20 20:34:56,20260920,1,12,2-5-4,356.8
2026-09-20 20:34:56,20260920,1,12,2-5-6,494.9
2026-09-20 20:34:56,20260920,1,12,2-6-1,315.4
2026-09-20 20:34:56,20260920,1,12,2-6-3,514.5
2026-09-20 20:34:56,20260920,1,12,2-6-4,442.9
2026-09-20 20:34:56,20260920,1,12,2-6-5,560.7
2026-09-20 20:34:56,20260920,1,12,3-1-2,50.8
2026-09-20 20:34:56,20260920,1,12,3-1-4,37.4
2026-09-20 20:34:56,20260920,1,12,3-1-5,66.3
2026-09-20 20:34:56,20260920,1,12,3-1-6,114.5
2026-09-20 20:34:56,20260920,1,12,3-2-1,107.0
2026-09-20 20:34:56,20260920,1,12,3-2-4,134.2
2026-09-20 20:34:56,20260920,1,12,3-2-5,233.4
2026-09-20 20:34:56,20260920,1,12,3-2-6,322.0
2026-09-20 20:34:56,20260920,1,12,3-4-1,58.4
2026-09-20 20:34:56,20260920,1,12,3-4-2,116.0
2026-09-20 20:34:56,20260920,1,12,3-4-5,137.5
2026-09-20 20:34:56,20260920,1,12,3-4-6,158.7
2026-09-20 20:34:56,20260920,1,12,3-5-1,192.4
2026-09-20 20:34:56,20260920,1,12,3-5-2,307.4
2026-09-20 20:34:56,20260920,1,12,3-5-4,273.5
2026-09-20 20:34:56,20260920,1,12,3-5-6,347.2
2026-09-20 20:34:56,20260920,1,12,3-6-1,306.3
2026-09-20 20:34:56,20260920,1,12,3-6-2,482.2
2026-09-20 20:34:56,20260920,1,12,3-6-4,396.1
2026-09-20 20:34:56,20260920,1,12,3-6-5,492.0
2026-09-20 20:34:56,20260920,1,12,4-1-2,40.6
2026-09-20 20:34:56,20260920,1,12,4-1-3,50.2
2026-09-20 20:34:56,20260920,1,12,4-1-5,74.4
2026-09-20 20:34:56,20260920,1,12,4-1-6,93.2
2026-09-20 20:34:56,20260920,1,12,4-2-1,72.0
2026-09-20 20:34:56,20260920,1,12,4-2-3,126.4
2026-09-20 20:34:56,20260920,1,12,4-2-5,193.3
2026-09-20 20:34:56,20260920,1,12,4-2-6,185.8
2026-09-20 20:34:56,20260920,1,12,4-3-1,84.2
2026-09-20 20:34:56,20260920,1,12,4-3-2,140.1
2026-09-20 20:34:56,20260920,1,12,4-3-5,186.9
2026-09-20 20:34:56,20260920,1,12,4-3-6,202.6
2026-09-20 20:34:56,20260920,1,12,4-5-1,118.1
2026-09-20 20:34:56,20260920,1,12,4-5-2,218.6
2026-09-20 20:34:56,20260920,1,12,4-5-3,215.8
2026-09-20 20:34:56,20260920,1,12,4-5-6,209.6
2026-09-20 20:34:56,20260920,1,12,4-6-1,219.4
2026-09-20 20:34:56,20260920,1,12,4-6-2,263.2
2026-09-20 20:34:56,20260920,1,12,4-6-3,353.8
2026-09-20 20:34:56,20260920,1,12,4-6-5,328.9
2026-09-20 20:34:56,20260920,1,12,5-1-2,235.0
2026-09-20 20:34:56,20260920,1,12,5-1-3,234.7
2026-09-20 20:34:56,20260920,1,12,5-1-4,213.9
2026-09-20 20:34:56,20260920,1,12,5-1-6,334.2
2026-09-20 20:34:56,20260920,1,12,5-2-1,371.7
2026-09-20 20:34:56,20260920,1,12,5-2-3,459.8
2026-09-20 20:34:56,20260920,1,12,5-2-4,456.1
2026-09-20 20:34:56,20260920,1,12,5-2-6,602.7
2026-09-20 20:34:56,20260920,1,12,5-3-1,377.5
2026-09-20 20:34:56,20260920,1,12,5-3-2,613.7
2026-09-20 20:34:56,20260920,1,12,5-3-4,672.4
2026-09-20 20:34:56,20260920,1,12,5-3-6,958.9
2026-09-20 20:34:56,20260920,1,12,5-4-1,275.3
2026-09-20 20:34:56,20260920,1,12,5-4-2,459.8
2026-09-20 20:34:56,20260920,1,12,5-4-3,457.3
2026-09-20 20:34:56,20260920,1,12,5-4-6,444.1
2026-09-20 20:34:56,20260920,1,12,5-6-1,796.1
2026-09-20 20:34:56,20260920,1,12,5-6-2,869.9
2026-09-20 20:34:56,20260920,1,12,5-6-3,975.5
2026-09-20 20:34:56,20260920,1,12,5-6-4,811.4
2026-09-20 20:34:56,20260920,1,12,6-1-2,352.3
2026-09-20 20:34:56,20260920,1,12,6-1-3,590.1
2026-09-20 20:34:56,20260920,1,12,6-1-4,497.8
2026-09-20 20:34:56,20260920,1,12,6-1-5,948.1
2026-09-20 20:34:56,20260920,1,12,6-2-1,602.7
2026-09-20 20:34:56,20260920,1,12,6-2-3,815.3
2026-09-20 20:34:56,20260920,1,12,6-2-4,756.8
2026-09-20 20:34:56,20260920,1,12,6-2-5,1140.0
2026-09-20 20:34:56,20260920,1,12,6-3-1,815.3
2026-09-20 20:34:56,20260920,1,12,6-3-2,1148.0
2026-09-20 20:34:56,20260920,1,12,6-3-4,811.4
2026-09-20 20:34:56,20260920,1,12,6-3-5,1298.0
2026-09-20 20:34:56,20260920,1,12,6-4-1,718.1
2026-09-20 20:34:56,20260920,1,12,6-4-2,879.0
2026-09-20 20:34:56,20260920,1,12,6-4-3,1016.0
2026-09-20 20:34:56,20260920,1,12,6-4-5,1061.0
2026-09-20 20:34:56,20260920,1,12,6-5-1,1223.0
2026-09-20 20:34:56,20260920,1,12,6-5-2,1180.0
2026-09-20 20:34:56,20260920,1,12,6-5-3,1288.0
2026-09-20 20:34:56,20260920,1,12,6-5-4,1010.0
2026-09-20 20:47:51,20260920,24,8,1-2-3,10.4
2026-09-20 20:47:51,20260920,24,8,1-2-4,18.5
2026-09-20 20:47:51,20260920,24,8,1-2-5,77.8
2026-09-20 20:47:51,20260920,24,8,1-2-6,89.0
2026-09-20 20:47:51,20260920,24,8,1-3-2,12.6
2026-09-20 20:47:51,20260920,24,8,1-3-4,12.2
2026-09-20 20:47:51,20260920,24,8,1-3-5,47.8
2026-09-20 20:47:51,20260920,24,8,1-3-6,64.9
2026-09-20 20:47:51,20260920,24,8,1-4-2,29.9
2026-09-20 20:47:51,20260920,24,8,1-4-3,26.5
2026-09-20 20:47:51,20260920,24,8,1-4-5,84.1
2026-09-20 20:47:51,20260920,24,8,1-4-6,86.7
2026-09-20 20:47:51,20260920,24,8,1-5-2,149.3
2026-09-20 20:47:51,20260920,24,8,1-5-3,165.0
2026-09-20 20:47:51,20260920,24,8,1-5-4,178.1
2026-09-20 20:47:51,20260920,24,8,1-5-6,256.1
2026-09-20 20:47:51,20260920,24,8,1-6-2,145.4
2026-09-20 20:47:51,20260920,24,8,1-6-3,232.6
2026-09-20 20:47:51,20260920,24,8,1-6-4,196.5
2026-09-20 20:47:51,20260920,24,8,1-6-5,362.1
2026-09-20 20:47:51,20260920,24,8,2-1-3,16.3
2026-09-20 20:47:51,20260920,24,8,2-1-4,24.9
2026-09-20 20:47:51,20260920,24,8,2-1-5,105.1
2026-09-20 20:47:51,20260920,24,8,2-1-6,125.8
2026-09-20 20:47:51,20260920,24,8,2-3-1,21.2
2026-09-20 20:47:51,20260920,24,8,2-3-4,19.7
2026-09-20 20:47:51,20260920,24,8,2-3-5,65.5
2026-09-20 20:47:51,20260920,24,8,2-3-6,99.1
2026-09-20 20:47:51,20260920,24,8,2-4-1,49.4
2026-09-20 20:47:51,20260920,24,8,2-4-3,36.1
2026-09-20 20:47:51,20260920,24,8,2-4-5,123.5
2026-09-20 20:47:51,20260920,24,8,2-4-6,147.1
2026-09-20 20:47:51,20260920,24,8,2-5-1,271.6
2026-09-20 20:47:51,20260920,24,8,2-5-3,201.3
2026-09-20 20:47:51,20260920,24,8,2-5-4,300.5
2026-09-20 20:47:51,20260920,24,8,2-5-6,405.2
2026-09-20 20:47:51,20260920,24,8,2-6-1,479.9
2026-09-20 20:47:51,20260920,24,8,2-6-3,371.7
2026-09-20 20:47:51,20260920,24,8,2-6-4,455.6
2026-09-20 20:47:51,20260920,24,8,2-6-5,540.3
2026-09-20 20:47:51,20260920,24,8,3-1-2,22.4
2026-09-20 20:47:51,20260920,24,8,3-1-4,21.5
2026-09-20 20:47:51,20260920,24,8,3-1-5,61.9
2026-09-20 20:47:51,20260920,24,8,3-1-6,100.2
2026-09-20 20:47:51,20260920,24,8,3-2-1,31.3
2026-09-20 20:47:51,20260920,24,8,3-2-4,27.1
2026-09-20 20:47:51,20260920,24,8,3-2-5,88.0
2026-09-20 20:47:51,20260920,24,8,3-2-6,127.2
2026-09-20 20:47:51,20260920,24,8,3-4-1,35.5
2026-09-20 20:47:51,20260920,24,8,3-4-2,34.9
2026-09-20 20:47:51,20260920,24,8,3-4-5,79.6
2026-09-20 20:47:51,20260920,24,8,3-4-6,105.0
2026-09-20 20:47:51,20260920,24,8,3-5-1,252.2
2026-09-20 20:47:51,20260920,24,8,3-5-2,204.2
2026-09-20 20:47:51,20260920,24,8,3-5-4,229.9
2026-09-20 20:47:51,20260920,24,8,3-5-6,410.2
2026-09-20 20:47:51,20260920,24,8,3-6-1,362.1
2026-09-20 20:47:51,20260920,24,8,3-6-2,408.5
2026-09-20 20:47:51,20260920,24,8,3-6-4,303.3
2026-09-20 20:47:51,20260920,24,8,3-6-5,540.3
2026-09-20 20:47:51,20260920,24,8,4-1-2,80.3
2026-09-20 20:47:51,20260920,24,8,4-1-3,69.0
2026-09-20 20:47:51,20260920,24,8,4-1-5,140.4
2026-09-20 20:47:51,20260920,24,8,4-1-6,181.4
2026-09-20 20:47:51,20260920,24,8,4-2-1,119.4
2026-09-20 20:47:51,20260920,24,8,4-2-3,75.1
2026-09-20 20:47:51,20260920,24,8,4-2-5,209.4
2026-09-20 20:47:51,20260920,24,8,4-2-6,256.1
2026-09-20 20:47:51,20260920,24,8,4-3-1,81.6
2026-09-20 20:47:51,20260920,24,8,4-3-2,80.4
2026-09-20 20:47:51,20260920,24,8,4-3-5,189.7
2026-09-20 20:47:51,20260920,24,8,4-3-6,193.1
2026-09-20 20:47:51,20260920,24,8,4-5-1,217.7
2026-09-20 20:47:51,20260920,24,8,4-5-2,256.1
2026-09-20 20:47:51,20260920,24,8,4-5-3,251.6
2026-09-20 20:47:51,20260920,24,8,4-5-6,240.5
2026-09-20 20:47:51,20260920,24,8,4-6-1,514.9
2026-09-20 20:47:51,20260920,24,8,4-6-2,462.0
2026-09-20 20:47:51,20260920,24,8,4-6-3,496.8
2026-09-20 20:47:51,20260920,24,8,4-6-5,435.5
2026-09-20 20:47:51,20260920,24,8,5-1-2,373.1
2026-09-20 20:47:51,20260920,24,8,5-1-3,339.7
2026-09-20 20:47:51,20260920,24,8,5-1-4,332.9
2026-09-20 20:47:51,20260920,24,8,5-1-6,491.9
2026-09-20 20:47:51,20260920,24,8,5-2-1,581.6
2026-09-20 20:47:51,20260920,24,8,5-2-3,349.3
2026-09-20 20:47:51,20260920,24,8,5-2-4,459.9
2026-09-20 20:47:51,20260920,24,8,5-2-6,588.5
2026-09-20 20:47:51,20260920,24,8,5-3-1,565.0
2026-09-20 20:47:51,20260920,24,8,5-3-2,504.4
2026-09-20 20:47:51,20260920,24,8,5-3-4,437.5
2026-09-20 20:47:51,20260920,24,8,5-3-6,859.8
2026-09-20 20:47:51,20260920,24,8,5-4-1,457.7
2026-09-20 20:47:51,20260920,24,8,5-4-2,491.9
2026-09-20 20:47:51,20260920,24,8,5-4-3,418.9
2026-09-20 20:47:51,20260920,24,8,5-4-6,487.0
2026-09-20 20:47:51,20260920,24,8,5-6-1,1086.0
2026-09-20 20:47:51,20260920,24,8,5-6-2,1008.0
2026-09-20 20:47:51,20260920,24,8,5-6-3,959.9
2026-09-20 20:47:51,20260920,24,8,5-6-4,749.0
2026-09-20 20:47:51,20260920,24,8,6-1-2,760.6
2026-09-20 20:47:51,20260920,24,8,6-1-3,882.8
2026-09-20 20:47:51,20260920,24,8,6-1-4,950.7
2026-09-20 20:47:51,20260920,24,8,6-1-5,1569.0
2026-09-20 20:47:51,20260920,24,8,6-2-1,1086.0
2026-09-20 20:47:51,20260920,24,8,6-2-3,732.4
2026-09-20 20:47:51,20260920,24,8,6-2-4,681.9
2026-09-20 20:47:51,20260920,24,8,6-2-5,1544.0
2026-09-20 20:47:51,20260920,24,8,6-3-1,1163.0
2026-09-20 20:47:51,20260920,24,8,6-3-2,979.0
2026-09-20 20:47:51,20260920,24,8,6-3-4,760.6
2026-09-20 20:47:51,20260920,24,8,6-3-5,1336.0
2026-09-20 20:47:51,20260920,24,8,6-4-1,1029.0
2026-09-20 20:47:51,20260920,24,8,6-4-2,810.4
2026-09-20 20:47:51,20260920,24,8,6-4-3,696.3
2026-09-20 20:47:51,20260920,24,8,6-4-5,1149.0
2026-09-20 20:47:51,20260920,24,8,6-5-1,1594.0
2026-09-20 20:47:51,20260920,24,8,6-5-2,1620.0
2026-09-20 20:47:51,20260920,24,8,6-5-3,1454.0
2026-09-20 20:47:51,20260920,24,8,6-5-4,1063.0
2026-09-20 21:18:21,20260920,24,9,1-2-3,13.3
2026-09-20 21:18:21,20260920,24,9,1-2-4,28.1
2026-09-20 21:18:21,20260920,24,9,1-2-5,19.7
2026-09-20 21:18:21,20260920,24,9,1-2-6,23.3
2026-09-20 21:18:21,20260920,24,9,1-3-2,18.3
2026-09-20 21:18:21,20260920,24,9,1-3-4,26.8
2026-09-20 21:18:21,20260920,24,9,1-3-5,22.8
2026-09-20 21:18:21,20260920,24,9,1-3-6,31.3
2026-09-20 21:18:21,20260920,24,9,1-4-2,53.2
2026-09-20 21:18:21,20260920,24,9,1-4-3,59.0
2026-09-20 21:18:21,20260920,24,9,1-4-5,46.3
2026-09-20 21:18:21,20260920,24,9,1-4-6,36.2
2026-09-20 21:18:21,20260920,24,9,1-5-2,39.2
2026-09-20 21:18:21,20260920,24,9,1-5-3,47.3
2026-09-20 21:18:21,20260920,24,9,1-5-4,52.5
2026-09-20 21:18:21,20260920,24,9,1-5-6,29.0
2026-09-20 21:18:21,20260920,24,9,1-6-2,47.3
2026-09-20 21:18:21,20260920,24,9,1-6-3,64.5
2026-09-20 21:18:21,20260920,24,9,1-6-4,56.8
2026-09-20 21:18:21,20260920,24,9,1-6-5,48.9
2026-09-20 21:18:21,20260920,24,9,2-1-3,55.1
2026-09-20 21:18:21,20260920,24,9,2-1-4,80.7
2026-09-20 21:18:21,20260920,24,9,2-1-5,60.3
2026-09-20 21:18:21,20260920,24,9,2-1-6,59.8
2026-09-20 21:18:21,20260920,24,9,2-3-1,121.1
2026-09-20 21:18:21,20260920,24,9,2-3-4,155.8
2026-09-20 21:18:21,20260920,24,9,2-3-5,96.1
2026-09-20 21:18:21,20260920,24,9,2-3-6,100.0
2026-09-20 21:18:21,20260920,24,9,2-4-1,189.5
2026-09-20 21:18:21,20260920,24,9,2-4-3,242.0
2026-09-20 21:18:21,20260920,24,9,2-4-5,148.1
2026-09-20 21:18:21,20260920,24,9,2-4-6,125.9
2026-09-20 21:18:21,20260920,24,9,2-5-1,138.0
2026-09-20 21:18:21,20260920,24,9,2-5-3,144.4
2026-09-20 21:18:21,20260920,24,9,2-5-4,157.4
2026-09-20 21:18:21,20260920,24,9,2-5-6,71.2
2026-09-20 21:18:21,20260920,24,9,2-6-1,160.5
2026-09-20 21:18:21,20260920,24,9,2-6-3,186.5
2026-09-20 21:18:21,20260920,24,9,2-6-4,173.6
2026-09-20 21:18:21,20260920,24,9,2-6-5,106.7
2026-09-20 21:18:21,20260920,24,9,3-1-2,84.7
2026-09-20 21:18:21,20260920,24,9,3-1-4,116.6
2026-09-20 21:18:21,20260920,24,9,3-1-5,69.6
2026-09-20 21:18:21,20260920,24,9,3-1-6,85.5
2026-09-20 21:18:21,20260920,24,9,3-2-1,149.5
2026-09-20 21:18:21,20260920,24,9,3-2-4,213.7
2026-09-20 21:18:21,20260920,24,9,3-2-5,142.8
2026-09-20 21:18:21,20260920,24,9,3-2-6,139.6
2026-09-20 21:18:21,20260920,24,9,3-4-1,249.5
2026-09-20 21:18:21,20260920,24,9,3-4-2,308.3
2026-09-20 21:18:21,20260920,24,9,3-4-5,227.1
2026-09-20 21:18:21,20260920,24,9,3-4-6,205.4
2026-09-20 21:18:21,20260920,24,9,3-5-1,185.8
2026-09-20 21:18:21,20260920,24,9,3-5-2,177.7
2026-09-20 21:18:21,20260920,24,9,3-5-4,242.3
2026-09-20 21:18:21,20260920,24,9,3-5-6,124.5
2026-09-20 21:18:21,20260920,24,9,3-6-1,210.3
2026-09-20 21:18:21,20260920,24,9,3-6-2,221.1
2026-09-20 21:18:21,20260920,24,9,3-6-4,263.8
2026-09-20 21:18:21,20260920,24,9,3-6-5,161.0
2026-09-20 21:18:21,20260920,24,9,4-1-2,176.7
2026-09-20 21:18:21,20260920,24,9,4-1-3,211.2
2026-09-20 21:18:21,20260920,24,9,4-1-5,112.7
2026-09-20 21:18:21,20260920,24,9,4-1-6,100.7
2026-09-20 21:18:21,20260920,24,9,4-2-1,272.6
2026-09-20 21:18:21,20260920,24,9,4-2-3,351.7
2026-09-20 21:18:21,20260920,24,9,4-2-5,225.8
2026-09-20 21:18:21,20260920,24,9,4-2-6,177.7
2026-09-20 21:18:21,20260920,24,9,4-3-1,344.5
2026-09-20 21:18:21,20260920,24,9,4-3-2,430.1
2026-09-20 21:18:21,20260920,24,9,4-3-5,320.0
2026-09-20 21:18:21,20260920,24,9,4-3-6,286.9
2026-09-20 21:18:21,20260920,24,9,4-5-1,140.6
2026-09-20 21:18:21,20260920,24,9,4-5-2,162.4
2026-09-20 21:18:21,20260920,24,9,4-5-3,246.7
2026-09-20 21:18:21,20260920,24,9,4-5-6,65.1
2026-09-20 21:18:21,20260920,24,9,4-6-1,154.5
2026-09-20 21:18:21,20260920,24,9,4-6-2,173.6
2026-09-20 21:18:21,20260920,24,9,4-6-3,286.1
2026-09-20 21:18:21,20260920,24,9,4-6-5,96.7
2026-09-20 21:18:21,20260920,24,9,5-1-2,93.4
2026-09-20 21:18:21,20260920,24,9,5-1-3,136.3
2026-09-20 21:18:21,20260920,24,9,5-1-4,116.7
2026-09-20 21:18:21,20260920,24,9,5-1-6,61.4
2026-09-20 21:18:21,20260920,24,9,5-2-1,146.1
2026-09-20 21:18:21,20260920,24,9,5-2-3,195.1
2026-09-20 21:18:21,20260920,24,9,5-2-4,203.0
2026-09-20 21:18:21,20260920,24,9,5-2-6,89.5
2026-09-20 21:18:21,20260920,24,9,5-3-1,249.5
2026-09-20 21:18:21,20260920,24,9,5-3-2,242.9
2026-09-20 21:18:21,20260920,24,9,5-3-4,306.5
2026-09-20 21:18:21,20260920,24,9,5-3-6,172.7
2026-09-20 21:18:21,20260920,24,9,5-4-1,179.7
2026-09-20 21:18:21,20260920,24,9,5-4-2,201.3
2026-09-20 21:18:21,20260920,24,9,5-4-3,317.0
2026-09-20 21:18:21,20260920,24,9,5-4-6,85.9
2026-09-20 21:18:21,20260920,24,9,5-6-1,88.6
2026-09-20 21:18:21,20260920,24,9,5-6-2,88.4
2026-09-20 21:18:21,20260920,24,9,5-6-3,158.2
2026-09-20 21:18:21,20260920,24,9,5-6-4,94.2
2026-09-20 21:18:21,20260920,24,9,6-1-2,111.2
2026-09-20 21:18:21,20260920,24,9,6-1-3,153.3
2026-09-20 21:18:21,20260920,24,9,6-1-4,126.4
2026-09-20 21:18:21,20260920,24,9,6-1-5,100.3
2026-09-20 21:18:21,20260920,24,9,6-2-1,164.7
2026-09-20 21:18:21,20260920,24,9,6-2-3,209.9
2026-09-20 21:18:21,20260920,24,9,6-2-4,200.2
2026-09-20 21:18:21,20260920,24,9,6-2-5,149.1
2026-09-20 21:18:21,20260920,24,9,6-3-1,241.1
2026-09-20 21:18:21,20260920,24,9,6-3-2,257.1
2026-09-20 21:18:21,20260920,24,9,6-3-4,291.5
2026-09-20 21:18:21,20260920,24,9,6-3-5,208.6
2026-09-20 21:18:21,20260920,24,9,6-4-1,217.1
2026-09-20 21:18:21,20260920,24,9,6-4-2,248.2
2026-09-20 21:18:21,20260920,24,9,6-4-3,357.9
2026-09-20 21:18:21,20260920,24,9,6-4-5,138.2
2026-09-20 21:18:21,20260920,24,9,6-5-1,137.2
2026-09-20 21:18:21,20260920,24,9,6-5-2,143.8
2026-09-20 21:18:21,20260920,24,9,6-5-3,199.0
2026-09-20 21:18:21,20260920,24,9,6-5-4,123.5
2026-09-20 21:38:58,20260920,24,10,1-2-3,7.1
2026-09-20 21:38:58,20260920,24,10,1-2-4,7.5
2026-09-20 21:38:58,20260920,24,10,1-2-5,33.4
2026-09-20 21:38:58,20260920,24,10,1-2-6,32.4
2026-09-20 21:38:58,20260920,24,10,1-3-2,10.8
2026-09-20 21:38:58,20260920,24,10,1-3-4,11.5
2026-09-20 21:38:58,20260920,24,10,1-3-5,32.7
2026-09-20 21:38:58,20260920,24,10,1-3-6,38.2
2026-09-20 21:38:58,20260920,24,10,1-4-2,15.5
2026-09-20 21:38:58,20260920,24,10,1-4-3,19.5
2026-09-20 21:38:58,20260920,24,10,1-4-5,43.0
2026-09-20 21:38:58,20260920,24,10,1-4-6,35.1
2026-09-20 21:38:58,20260920,24,10,1-5-2,59.9
2026-09-20 21:38:58,20260920,24,10,1-5-3,68.2
2026-09-20 21:38:58,20260920,24,10,1-5-4,86.5
2026-09-20 21:38:58,20260920,24,10,1-5-6,93.3
2026-09-20 21:38:58,20260920,24,10,1-6-2,82.4
2026-09-20 21:38:58,20260920,24,10,1-6-3,135.7
2026-09-20 21:38:58,20260920,24,10,1-6-4,115.1
2026-09-20 21:38:58,20260920,24,10,1-6-5,155.7
2026-09-20 21:38:58,20260920,24,10,2-1-3,37.1
2026-09-20 21:38:58,20260920,24,10,2-1-4,30.7
2026-09-20 21:38:58,20260920,24,10,2-1-5,90.5
2026-09-20 21:38:58,20260920,24,10,2-1-6,79.8
2026-09-20 21:38:58,20260920,24,10,2-3-1,90.1
2026-09-20 21:38:58,20260920,24,10,2-3-4,101.4
2026-09-20 21:38:58,20260920,24,10,2-3-5,252.8
2026-09-20 21:38:58,20260920,24,10,2-3-6,222.7
2026-09-20 21:38:58,20260920,24,10,2-4-1,67.3
2026-09-20 21:38:58,20260920,24,10,2-4-3,108.5
2026-09-20 21:38:58,20260920,24,10,2-4-5,222.7
2026-09-20 21:38:58,20260920,24,10,2-4-6,109.6
2026-09-20 21:38:58,20260920,24,10,2-5-1,240.5
2026-09-20 21:38:58,20260920,24,10,2-5-3,355.2
2026-09-20 21:38:58,20260920,24,10,2-5-4,391.2
2026-09-20 21:38:58,20260920,24,10,2-5-6,363.6
2026-09-20 21:38:58,20260920,24,10,2-6-1,290.2
2026-09-20 21:38:58,20260920,24,10,2-6-3,451.2
2026-09-20 21:38:58,20260920,24,10,2-6-4,263.0
2026-09-20 21:38:58,20260920,24,10,2-6-5,456.2
2026-09-20 21:38:58,20260920,24,10,3-1-2,69.3
2026-09-20 21:38:58,20260920,24,10,3-1-4,63.9
2026-09-20 21:38:58,20260920,24,10,3-1-5,98.4
2026-09-20 21:38:58,20260920,24,10,3-1-6,141.9
2026-09-20 21:38:58,20260920,24,10,3-2-1,138.6
2026-09-20 21:38:58,20260920,24,10,3-2-4,144.2
2026-09-20 21:38:58,20260920,24,10,3-2-5,288.2
2026-09-20 21:38:58,20260920,24,10,3-2-6,291.6
2026-09-20 21:38:58,20260920,24,10,3-4-1,135.7
2026-09-20 21:38:58,20260920,24,10,3-4-2,158.3
2026-09-20 21:38:58,20260920,24,10,3-4-5,253.8
2026-09-20 21:38:58,20260920,24,10,3-4-6,218.4
2026-09-20 21:38:58,20260920,24,10,3-5-1,312.2
2026-09-20 21:38:58,20260920,24,10,3-5-2,420.5
2026-09-20 21:38:58,20260920,24,10,3-5-4,408.0
2026-09-20 21:38:58,20260920,24,10,3-5-6,481.0
2026-09-20 21:38:58,20260920,24,10,3-6-1,502.5
2026-09-20 21:38:58,20260920,24,10,3-6-2,569.7
2026-09-20 21:38:58,20260920,24,10,3-6-4,481.0
2026-09-20 21:38:58,20260920,24,10,3-6-5,787.5
2026-09-20 21:38:58,20260920,24,10,4-1-2,55.6
2026-09-20 21:38:58,20260920,24,10,4-1-3,80.4
2026-09-20 21:38:58,20260920,24,10,4-1-5,109.1
2026-09-20 21:38:58,20260920,24,10,4-1-6,100.3
2026-09-20 21:38:58,20260920,24,10,4-2-1,89.3
2026-09-20 21:38:58,20260920,24,10,4-2-3,127.5
2026-09-20 21:38:58,20260920,24,10,4-2-5,243.8
2026-09-20 21:38:58,20260920,24,10,4-2-6,132.8
2026-09-20 21:38:58,20260920,24,10,4-3-1,128.9
2026-09-20 21:38:58,20260920,24,10,4-3-2,172.6
2026-09-20 21:38:58,20260920,24,10,4-3-5,282.9
2026-09-20 21:38:58,20260920,24,10,4-3-6,186.2
2026-09-20 21:38:58,20260920,24,10,4-5-1,188.4
2026-09-20 21:38:58,20260920,24,10,4-5-2,215.3
2026-09-20 21:38:58,20260920,24,10,4-5-3,269.3
2026-09-20 21:38:58,20260920,24,10,4-5-6,196.8
2026-09-20 21:38:58,20260920,24,10,4-6-1,269.9
2026-09-20 21:38:58,20260920,24,10,4-6-2,216.9
2026-09-20 21:38:58,20260920,24,10,4-6-3,327.9
2026-09-20 21:38:58,20260920,24,10,4-6-5,337.8
2026-09-20 21:38:58,20260920,24,10,5-1-2,212.0
2026-09-20 21:38:58,20260920,24,10,5-1-3,247.7
2026-09-20 21:38:58,20260920,24,10,5-1-4,222.7
2026-09-20 21:38:58,20260920,24,10,5-1-6,218.4
2026-09-20 21:38:58,20260920,24,10,5-2-1,380.4
2026-09-20 21:38:58,20260920,24,10,5-2-3,504.6
2026-09-20 21:38:58,20260920,24,10,5-2-4,473.7
2026-09-20 21:38:58,20260920,24,10,5-2-6,436.8
2026-09-20 21:38:58,20260920,24,10,5-3-1,473.7
2026-09-20 21:38:58,20260920,24,10,5-3-2,664.7
2026-09-20 21:38:58,20260920,24,10,5-3-4,818.8
2026-09-20 21:38:58,20260920,24,10,5-3-6,758.5
2026-09-20 21:38:58,20260920,24,10,5-4-1,331.4
2026-09-20 21:38:58,20260920,24,10,5-4-2,466.5
2026-09-20 21:38:58,20260920,24,10,5-4-3,496.5
2026-09-20 21:38:58,20260920,24,10,5-4-6,387.5
2026-09-20 21:38:58,20260920,24,10,5-6-1,257.0
2026-09-20 21:38:58,20260920,24,10,5-6-2,597.2
2026-09-20 21:38:58,20260920,24,10,5-6-3,650.7
2026-09-20 21:38:58,20260920,24,10,5-6-4,549.5
2026-09-20 21:38:58,20260920,24,10,6-1-2,308.3
2026-09-20 21:38:58,20260920,24,10,6-1-3,410.7
2026-09-20 21:38:58,20260920,24,10,6-1-4,356.3
2026-09-20 21:38:58,20260920,24,10,6-1-5,333.2
2026-09-20 21:38:58,20260920,24,10,6-2-1,464.8
2026-09-20 21:38:58,20260920,24,10,6-2-3,679.3
2026-09-20 21:38:58,20260920,24,10,6-2-4,421.9
2026-09-20 21:38:58,20260920,24,10,6-2-5,883.1
2026-09-20 21:38:58,20260920,24,10,6-3-1,668.3
2026-09-20 21:38:58,20260920,24,10,6-3-2,744.8
2026-09-20 21:38:58,20260920,24,10,6-3-4,657.6
2026-09-20 21:38:58,20260920,24,10,6-3-5,958.4
2026-09-20 21:38:58,20260920,24,10,6-4-1,470.1
2026-09-20 21:38:58,20260920,24,10,6-4-2,454.5
2026-09-20 21:38:58,20260920,24,10,6-4-3,618.1
2026-09-20 21:38:58,20260920,24,10,6-4-5,650.7
2026-09-20 21:38:58,20260920,24,10,6-5-1,317.8
2026-09-20 21:38:58,20260920,24,10,6-5-2,446.3
2026-09-20 21:38:58,20260920,24,10,6-5-3,446.3
2026-09-20 21:38:58,20260920,24,10,6-5-4,675.6
2026-09-20 22:08:24,20260920,24,11,1-2-3,6.2
2026-09-20 22:08:24,20260920,24,11,1-2-4,7.9
2026-09-20 22:08:24,20260920,24,11,1-2-5,20.8
2026-09-20 22:08:24,20260920,24,11,1-2-6,21.9
2026-09-20 22:08:24,20260920,24,11,1-3-2,8.6
2026-09-20 22:08:24,20260920,24,11,1-3-4,8.9
2026-09-20 22:08:24,20260920,24,11,1-3-5,19.6
2026-09-20 22:08:24,20260920,24,11,1-3-6,21.6
2026-09-20 22:08:24,20260920,24,11,1-4-2,15.9
2026-09-20 22:08:24,20260920,24,11,1-4-3,18.4
2026-09-20 22:08:24,20260920,24,11,1-4-5,30.1
2026-09-20 22:08:24,20260920,24,11,1-4-6,24.1
2026-09-20 22:08:24,20260920,24,11,1-5-2,47.2
2026-09-20 22:08:24,20260920,24,11,1-5-3,49.3
2026-09-20 22:08:24,20260920,24,11,1-5-4,59.4
2026-09-20 22:08:24,20260920,24,11,1-5-6,54.8
2026-09-20 22:08:24,20260920,24,11,1-6-2,60.8
2026-09-20 22:08:24,20260920,24,11,1-6-3,64.0
2026-09-20 22:08:24,20260920,24,11,1-6-4,66.4
2026-09-20 22:08:24,20260920,24,11,1-6-5,97.7
2026-09-20 22:08:24,20260920,24,11,2-1-3,60.5
2026-09-20 22:08:24,20260920,24,11,2-1-4,77.2
2026-09-20 22:08:24,20260920,24,11,2-1-5,149.9
2026-09-20 22:08:24,20260920,24,11,2-1-6,151.8
2026-09-20 22:08:24,20260920,24,11,2-3-1,143.0
2026-09-20 22:08:24,20260920,24,11,2-3-4,352.2
2026-09-20 22:08:24,20260920,24,11,2-3-5,577.0
2026-09-20 22:08:24,20260920,24,11,2-3-6,645.2
2026-09-20 22:08:24,20260920,24,11,2-4-1,217.1
2026-09-20 22:08:24,20260920,24,11,2-4-3,443.4
2026-09-20 22:08:24,20260920,24,11,2-4-5,641.9
2026-09-20 22:08:24,20260920,24,11,2-4-6,546.1
2026-09-20 22:08:24,20260920,24,11,2-5-1,447.3
2026-09-20 22:08:24,20260920,24,11,2-5-3,810.4
2026-09-20 22:08:24,20260920,24,11,2-5-4,841.7
2026-09-20 22:08:24,20260920,24,11,2-5-6,855.8
2026-09-20 22:08:24,20260920,24,11,2-6-1,539.3
2026-09-20 22:08:24,20260920,24,11,2-6-3,931.5
2026-09-20 22:08:24,20260920,24,11,2-6-4,869.2
2026-09-20 22:08:24,20260920,24,11,2-6-5,1035.0
2026-09-20 22:08:24,20260920,24,11,3-1-2,53.8
2026-09-20 22:08:24,20260920,24,11,3-1-4,58.3
2026-09-20 22:08:24,20260920,24,11,3-1-5,98.4
2026-09-20 22:08:24,20260920,24,11,3-1-6,103.1
2026-09-20 22:08:24,20260920,24,11,3-2-1,125.4
2026-09-20 22:08:24,20260920,24,11,3-2-4,273.4
2026-09-20 22:08:24,20260920,24,11,3-2-5,399.6
2026-09-20 22:08:24,20260920,24,11,3-2-6,422.0
2026-09-20 22:08:24,20260920,24,11,3-4-1,144.5
2026-09-20 22:08:24,20260920,24,11,3-4-2,293.7
2026-09-20 22:08:24,20260920,24,11,3-4-5,322.8
2026-09-20 22:08:24,20260920,24,11,3-4-6,273.4
2026-09-20 22:08:24,20260920,24,11,3-5-1,359.6
2026-09-20 22:08:24,20260920,24,11,3-5-2,601.4
2026-09-20 22:08:24,20260920,24,11,3-5-4,575.4
2026-09-20 22:08:24,20260920,24,11,3-5-6,536.0
2026-09-20 22:08:24,20260920,24,11,3-6-1,361.3
2026-09-20 22:08:24,20260920,24,11,3-6-2,587.0
2026-09-20 22:08:24,20260920,24,11,3-6-4,456.7
2026-09-20 22:08:24,20260920,24,11,3-6-5,627.4
2026-09-20 22:08:24,20260920,24,11,4-1-2,116.1
2026-09-20 22:08:24,20260920,24,11,4-1-3,127.3
2026-09-20 22:08:24,20260920,24,11,4-1-5,159.5
2026-09-20 22:08:24,20260920,24,11,4-1-6,139.5
2026-09-20 22:08:24,20260920,24,11,4-2-1,247.7
2026-09-20 22:08:24,20260920,24,11,4-2-3,427.3
2026-09-20 22:08:24,20260920,24,11,4-2-5,564.7
2026-09-20 22:08:24,20260920,24,11,4-2-6,453.6
2026-09-20 22:08:24,20260920,24,11,4-3-1,242.9
2026-09-20 22:08:24,20260920,24,11,4-3-2,513.9
2026-09-20 22:08:24,20260920,24,11,4-3-5,545.6
2026-09-20 22:08:24,20260920,24,11,4-3-6,456.3
2026-09-20 22:08:24,20260920,24,11,4-5-1,271.1
2026-09-20 22:08:24,20260920,24,11,4-5-2,482.3
2026-09-20 22:08:24,20260920,24,11,4-5-3,519.6
2026-09-20 22:08:24,20260920,24,11,4-5-6,302.8
2026-09-20 22:08:24,20260920,24,11,4-6-1,305.2
2026-09-20 22:08:24,20260920,24,11,4-6-2,524.9
2026-09-20 22:08:24,20260920,24,11,4-6-3,516.9
2026-09-20 22:08:24,20260920,24,11,4-6-5,419.7
2026-09-20 22:08:24,20260920,24,11,5-1-2,357.1
2026-09-20 22:08:24,20260920,24,11,5-1-3,378.8
2026-09-20 22:08:24,20260920,24,11,5-1-4,422.9
2026-09-20 22:08:24,20260920,24,11,5-1-6,380.0
2026-09-20 22:08:24,20260920,24,11,5-2-1,558.5
2026-09-20 22:08:24,20260920,24,11,5-2-3,899.9
2026-09-20 22:08:24,20260920,24,11,5-2-4,930.1
2026-09-20 22:08:24,20260920,24,11,5-2-6,954.8
2026-09-20 22:08:24,20260920,24,11,5-3-1,688.1
2026-09-20 22:08:24,20260920,24,11,5-3-2,1101.0
2026-09-20 22:08:24,20260920,24,11,5-3-4,1148.0
2026-09-20 22:08:24,20260920,24,11,5-3-6,1186.0
2026-09-20 22:08:24,20260920,24,11,5-4-1,588.7
2026-09-20 22:08:24,20260920,24,11,5-4-2,898.6
2026-09-20 22:08:24,20260920,24,11,5-4-3,993.6
2026-09-20 22:08:24,20260920,24,11,5-4-6,673.0
2026-09-20 22:08:24,20260920,24,11,5-6-1,784.4
2026-09-20 22:08:24,20260920,24,11,5-6-2,1133.0
2026-09-20 22:08:24,20260920,24,11,5-6-3,1244.0
2026-09-20 22:08:24,20260920,24,11,5-6-4,924.4
2026-09-20 22:08:24,20260920,24,11,6-1-2,453.6
2026-09-20 22:08:24,20260920,24,11,6-1-3,564.7
2026-09-20 22:08:24,20260920,24,11,6-1-4,521.8
2026-09-20 22:08:24,20260920,24,11,6-1-5,754.4
2026-09-20 22:08:24,20260920,24,11,6-2-1,748.8
2026-09-20 22:08:24,20260920,24,11,6-2-3,1297.0
2026-09-20 22:08:24,20260920,24,11,6-2-4,1109.0
2026-09-20 22:08:24,20260920,24,11,6-2-5,1379.0
2026-09-20 22:08:24,20260920,24,11,6-3-1,833.6
2026-09-20 22:08:24,20260920,24,11,6-3-2,1319.0
2026-09-20 22:08:24,20260920,24,11,6-3-4,1000.0
2026-09-20 22:08:24,20260920,24,11,6-3-5,1523.0
2026-09-20 22:08:24,20260920,24,11,6-4-1,730.0
2026-09-20 22:08:24,20260920,24,11,6-4-2,1085.0
2026-09-20 22:08:24,20260920,24,11,6-4-3,973.0
2026-09-20 22:08:24,20260920,24,11,6-4-5,1033.0
2026-09-20 22:08:24,20260920,24,11,6-5-1,1037.0
2026-09-20 22:08:24,20260920,24,11,6-5-2,1441.0
2026-09-20 22:08:24,20260920,24,11,6-5-3,1508.0
2026-09-20 22:08:24,20260920,24,11,6-5-4,906.6
2026-09-20 22:36:36,20260920,24,12,1-2-3,8.8
2026-09-20 22:36:36,20260920,24,12,1-2-4,13.3
2026-09-20 22:36:36,20260920,24,12,1-2-5,21.3
2026-09-20 22:36:36,20260920,24,12,1-2-6,24.4
2026-09-20 22:36:36,20260920,24,12,1-3-2,15.6
2026-09-20 22:36:36,20260920,24,12,1-3-4,20.9
2026-09-20 22:36:36,20260920,24,12,1-3-5,21.6
2026-09-20 22:36:36,20260920,24,12,1-3-6,34.6
2026-09-20 22:36:36,20260920,24,12,1-4-2,18.2
2026-09-20 22:36:36,20260920,24,12,1-4-3,31.4
2026-09-20 22:36:36,20260920,24,12,1-4-5,32.3
2026-09-20 22:36:36,20260920,24,12,1-4-6,33.6
2026-09-20 22:36:36,20260920,24,12,1-5-2,29.0
2026-09-20 22:36:36,20260920,24,12,1-5-3,39.6
2026-09-20 22:36:36,20260920,24,12,1-5-4,45.3
2026-09-20 22:36:36,20260920,24,12,1-5-6,34.8
2026-09-20 22:36:36,20260920,24,12,1-6-2,55.4
2026-09-20 22:36:36,20260920,24,12,1-6-3,77.6
2026-09-20 22:36:36,20260920,24,12,1-6-4,71.8
2026-09-20 22:36:36,20260920,24,12,1-6-5,64.6
2026-09-20 22:36:36,20260920,24,12,2-1-3,68.9
2026-09-20 22:36:36,20260920,24,12,2-1-4,71.1
2026-09-20 22:36:36,20260920,24,12,2-1-5,92.5
2026-09-20 22:36:36,20260920,24,12,2-1-6,102.6
2026-09-20 22:36:36,20260920,24,12,2-3-1,158.8
2026-09-20 22:36:36,20260920,24,12,2-3-4,246.4
2026-09-20 22:36:36,20260920,24,12,2-3-5,251.6
2026-09-20 22:36:36,20260920,24,12,2-3-6,329.9
2026-09-20 22:36:36,20260920,24,12,2-4-1,177.1
2026-09-20 22:36:36,20260920,24,12,2-4-3,303.0
2026-09-20 22:36:36,20260920,24,12,2-4-5,341.7
2026-09-20 22:36:36,20260920,24,12,2-4-6,302.4
2026-09-20 22:36:36,20260920,24,12,2-5-1,216.8
2026-09-20 22:36:36,20260920,24,12,2-5-3,364.0
2026-09-20 22:36:36,20260920,24,12,2-5-4,342.1
2026-09-20 22:36:36,20260920,24,12,2-5-6,314.2
2026-09-20 22:36:36,20260920,24,12,2-6-1,280.1
2026-09-20 22:36:36,20260920,24,12,2-6-3,550.4
2026-09-20 22:36:36,20260920,24,12,2-6-4,456.4
2026-09-20 22:36:36,20260920,24,12,2-6-5,419.6
2026-09-20 22:36:36,20260920,24,12,3-1-2,70.3
2026-09-20 22:36:36,20260920,24,12,3-1-4,79.7
2026-09-20 22:36:36,20260920,24,12,3-1-5,62.7
2026-09-20 22:36:36,20260920,24,12,3-1-6,97.5
2026-09-20 22:36:36,20260920,24,12,3-2-1,145.2
2026-09-20 22:36:36,20260920,24,12,3-2-4,241.7
2026-09-20 22:36:36,20260920,24,12,3-2-5,263.4
2026-09-20 22:36:36,20260920,24,12,3-2-6,358.2
2026-09-20 22:36:36,20260920,24,12,3-4-1,130.2
2026-09-20 22:36:36,20260920,24,12,3-4-2,233.2
2026-09-20 22:36:36,20260920,24,12,3-4-5,176.1
2026-09-20 22:36:36,20260920,24,12,3-4-6,207.8
2026-09-20 22:36:36,20260920,24,12,3-5-1,118.4
2026-09-20 22:36:36,20260920,24,12,3-5-2,237.3
2026-09-20 22:36:36,20260920,24,12,3-5-4,228.9
2026-09-20 22:36:36,20260920,24,12,3-5-6,153.2
2026-09-20 22:36:36,20260920,24,12,3-6-1,285.5
2026-09-20 22:36:36,20260920,24,12,3-6-2,436.2
2026-09-20 22:36:36,20260920,24,12,3-6-4,377.4
2026-09-20 22:36:36,20260920,24,12,3-6-5,259.0
2026-09-20 22:36:36,20260920,24,12,4-1-2,65.6
2026-09-20 22:36:36,20260920,24,12,4-1-3,112.4
2026-09-20 22:36:36,20260920,24,12,4-1-5,63.1
2026-09-20 22:36:36,20260920,24,12,4-1-6,76.9
2026-09-20 22:36:36,20260920,24,12,4-2-1,140.8
2026-09-20 22:36:36,20260920,24,12,4-2-3,293.4
2026-09-20 22:36:36,20260920,24,12,4-2-5,215.4
2026-09-20 22:36:36,20260920,24,12,4-2-6,206.7
2026-09-20 22:36:36,20260920,24,12,4-3-1,203.7
2026-09-20 22:36:36,20260920,24,12,4-3-2,341.3
2026-09-20 22:36:36,20260920,24,12,4-3-5,242.3
2026-09-20 22:36:36,20260920,24,12,4-3-6,288.3
2026-09-20 22:36:36,20260920,24,12,4-5-1,76.0
2026-09-20 22:36:36,20260920,24,12,4-5-2,124.2
2026-09-20 22:36:36,20260920,24,12,4-5-3,185.3
2026-09-20 22:36:36,20260920,24,12,4-5-6,76.3
2026-09-20 22:36:36,20260920,24,12,4-6-1,145.7
2026-09-20 22:36:36,20260920,24,12,4-6-2,210.1
2026-09-20 22:36:36,20260920,24,12,4-6-3,295.7
2026-09-20 22:36:36,20260920,24,12,4-6-5,145.9
2026-09-20 22:36:36,20260920,24,12,5-1-2,86.5
2026-09-20 22:36:36,20260920,24,12,5-1-3,97.0
2026-09-20 22:36:36,20260920,24,12,5-1-4,111.0
2026-09-20 22:36:36,20260920,24,12,5-1-6,72.7
2026-09-20 22:36:36,20260920,24,12,5-2-1,169.0
2026-09-20 22:36:36,20260920,24,12,5-2-3,263.2
2026-09-20 22:36:36,20260920,24,12,5-2-4,310.6
2026-09-20 22:36:36,20260920,24,12,5-2-6,228.2
2026-09-20 22:36:36,20260920,24,12,5-3-1,154.0
2026-09-20 22:36:36,20260920,24,12,5-3-2,280.9
2026-09-20 22:36:36,20260920,24,12,5-3-4,346.9
2026-09-20 22:36:36,20260920,24,12,5-3-6,208.9
2026-09-20 22:36:36,20260920,24,12,5-4-1,151.2
2026-09-20 22:36:36,20260920,24,12,5-4-2,247.4
2026-09-20 22:36:36,20260920,24,12,5-4-3,306.7
2026-09-20 22:36:36,20260920,24,12,5-4-6,162.2
2026-09-20 22:36:36,20260920,24,12,5-6-1,119.7
2026-09-20 22:36:36,20260920,24,12,5-6-2,197.3
2026-09-20 22:36:36,20260920,24,12,5-6-3,200.5
2026-09-20 22:36:36,20260920,24,12,5-6-4,199.2
2026-09-20 22:36:36,20260920,24,12,6-1-2,226.4
2026-09-20 22:36:36,20260920,24,12,6-1-3,406.9
2026-09-20 22:36:36,20260920,24,12,6-1-4,344.5
2026-09-20 22:36:36,20260920,24,12,6-1-5,251.4
2026-09-20 22:36:36,20260920,24,12,6-2-1,346.5
2026-09-20 22:36:36,20260920,24,12,6-2-3,736.1
2026-09-20 22:36:36,20260920,24,12,6-2-4,518.6
2026-09-20 22:36:36,20260920,24,12,6-2-5,521.3
2026-09-20 22:36:36,20260920,24,12,6-3-1,557.6
2026-09-20 22:36:36,20260920,24,12,6-3-2,766.5
2026-09-20 22:36:36,20260920,24,12,6-3-4,685.1
2026-09-20 22:36:36,20260920,24,12,6-3-5,454.3
2026-09-20 22:36:36,20260920,24,12,6-4-1,450.1
2026-09-20 22:36:36,20260920,24,12,6-4-2,573.8
2026-09-20 22:36:36,20260920,24,12,6-4-3,741.6
2026-09-20 22:36:36,20260920,24,12,6-4-5,543.3
2026-09-20 22:36:36,20260920,24,12,6-5-1,289.4
2026-09-20 22:36:36,20260920,24,12,6-5-2,444.1
2026-09-20 22:36:36,20260920,24,12,6-5-3,406.9
2026-09-20 22:36:36,20260920,24,12,6-5-4,452.2
